generation,fittest,upper_quartile,mean,lower_quartile,least_fit,median,coverage,collisions
0,-672.785072810099,-1231.3451440056756,-1544.7694024778325,-1822.6579063795143,-3339.1969315623073,-1425.8368214638472,32.89680476121513,70.56818775713141
1,-625.2629758625595,-669.9955453236446,-675.5238691289162,-677.5063704287163,-749.6851962601846,-672.8344139239038,32.89064807191887,65.81536239344784
2,-572.0943148231283,-622.3749683353361,-626.9283812826778,-627.8753931679765,-690.7676127403365,-625.3272751686579,29.252123996732184,60.13464388198605
3,-541.5205577914336,-569.5463423112533,-572.8465442353706,-576.7776925436856,-628.722671135023,-572.1005660049923,29.25996758559328,57.07805253770268
4,-516.5007732490096,-539.809026423492,-544.1468067334067,-545.6979817992401,-611.5348887944255,-541.7304588975933,29.356913837100763,54.58576870861104
5,-471.0417306733737,-514.6860121500988,-518.5419493518497,-521.3190975004917,-587.6310850074128,-516.8352874595182,27.70171229681415,49.87434429701879
6,-439.10744485888677,-469.08969870209836,-472.6596371060857,-474.8714774046081,-530.438545660887,-471.050817459472,27.07020994320364,46.61776548020904
7,-420.97518045793475,-437.94834196359386,-441.68937575461393,-443.6878859789498,-504.38671615946333,-439.41242844881026,24.995292587140252,44.5970473045075
8,-388.7733774047427,-419.06853636052807,-422.20701645589656,-423.63302910702333,-491.5417144301834,-421.4065292445031,22.349383940788737,41.11227613455314
9,-371.59938076960145,-387.70395803836425,-391.45251233753123,-394.625096490971,-426.73388673087925,-388.9115173177616,22.3300913937276,39.39294721633291
10,-347.11258487170534,-370.2431994019693,-373.21584498427177,-375.20239412734,-421.92918512800327,-371.74817744834047,22.344360889137306,36.945694576084264
11,-330.7606864876899,-345.850520827867,-348.6450309160707,-350.83827108794986,-383.2724831534429,-347.29104391040835,22.371577594319405,35.313226408200926
12,-311.40252037593893,-329.1493416318314,-331.69079354684015,-333.30590804688853,-383.11788251742576,-330.9779078213164,20.969179872020728,33.237170024795965
13,-301.82994270852754,-309.85310928954607,-313.46691774565255,-314.17250593131575,-366.1166702425894,-311.8124416585037,20.957008863755156,32.27869515722827
14,-287.7246785489117,-300.9636295167566,-303.57917043447503,-305.2983244501532,-334.31667002319074,-302.01168457213896,20.9792021428174,30.870388069172915
15,-277.4878547515153,-287.5415406073083,-290.79793636223826,-293.1727739633638,-320.7506332527272,-288.1797044758213,20.982039533203952,29.84698942847192
16,-265.5042024160504,-277.2108230492281,-279.38516613967704,-280.55129056369503,-312.74451733973643,-277.70667682750957,20.966392730541823,28.647059514659226
17,-254.07851000216152,-264.87126675803273,-267.64609600707104,-268.4911422416286,-301.1901615872727,-265.703633175905,21.09610948352422,27.517461948568574
18,-240.43426475688133,-253.31576192493986,-255.29863236686487,-256.2555295817682,-280.30633902349297,-254.32393562272128,21.093196620780848,26.15274613776622
19,-229.71949900615996,-239.5700681578818,-241.53390544807206,-242.9660981246061,-255.79895574776617,-240.45181822160075,20.004907531903655,24.972440653806363
20,-217.68251683575028,-229.55511406907848,-231.82183168171517,-233.52349778933186,-262.7005530626608,-230.09746774813456,18.102044734973237,23.578456157072353
21,-208.77861721464555,-216.91356022169586,-219.02427586147658,-219.52387825227174,-245.83224993825007,-217.75523734106275,18.124705117428075,22.690332233207364
22,-199.89494917773095,-208.2234160565478,-210.2449038884974,-212.53604711991875,-241.96735130140434,-209.09971754593636,18.099411898282565,21.799436107601352
23,-192.59304265653375,-199.02700484034153,-200.8713632719045,-201.7185249814652,-233.10059461527857,-199.91016763211073,16.76985534039209,20.936289799692585
24,-182.49813760616448,-192.13036594238983,-193.74818301822813,-194.51764291453662,-212.85240793348214,-192.6118234355293,16.791408030792816,19.92895456369573
25,-174.47277963607007,-182.25220272017174,-184.30169270800008,-184.84592431950423,-206.38386141376714,-182.7462335801367,16.827197881290598,19.129997751736067
26,-166.20448361557987,-173.86568171237226,-175.86859659151293,-176.41345211438107,-197.2407903946014,-174.4942523431409,16.862529374619452,18.30670129901993
27,-159.70542346297827,-165.91674572568445,-167.9782686060709,-168.50175822351608,-189.40162555391953,-166.5388885838658,16.862719431613062,17.656814289459135
28,-152.70106573580148,-159.71157410485287,-161.88241105510173,-162.50425199077247,-189.26326579422079,-160.1976656621743,16.828348736774704,16.95294144725762
29,-144.58971612131606,-152.4127914702703,-154.3113493988943,-155.2788026566346,-173.35213218714782,-152.7648690478605,16.82799416045942,16.141771028177548
30,-139.28132761284516,-144.3780772303535,-146.2203270700685,-146.9078910909705,-173.27259731496213,-145.0237596102633,15.915627127574004,15.519695474041916
31,-133.21649154481864,-138.9073506962518,-140.24960434631575,-141.06236325510773,-155.23199892244838,-139.32301364600636,14.74619534609722,14.796268689091585
32,-125.33796381103565,-132.92825744047852,-134.1885364777614,-135.08546066551528,-145.42756688776737,-133.25337458642747,13.65849924697997,13.899646305801562
33,-121.47030322472793,-125.15790261702679,-126.58821968695723,-126.91664894363413,-143.6920749758849,-125.50673403435766,12.966118190942556,13.443642141567048
34,-114.3019233585043,-120.96119815775222,-122.326050342473,-122.6327399094429,-149.6985210108806,-121.5148074044599,12.962314174103318,12.726423753260761
35,-111.27154588843811,-114.10033050998513,-115.42063450875219,-115.69744364469403,-146.25478338793425,-114.36452746486168,12.962673964055588,12.42342198524937
36,-104.40086882347869,-111.19132465493107,-112.40702262744917,-112.56737953859259,-127.29998062457693,-111.56785981805388,12.972024006392454,11.737289282987115
37,-98.79708061960955,-104.18970090071879,-105.13706570797781,-105.71794700729032,-115.34044764868425,-104.49189397610465,12.991475429009817,11.178855604861935
38,-95.7170069687403,-98.76608693968176,-99.81166623130694,-100.19698534695699,-111.33734575753466,-99.05276354225356,12.428824187795119,10.81458311565354
39,-92.84442777865088,-95.442791616799,-96.78106399525569,-97.16840282400635,-110.2628892241821,-95.8820467011505,12.43481745253348,10.527924523118436
40,-88.76641364837103,-92.66958789193546,-93.96159552589124,-94.41480987563564,-110.82822503876244,-93.02637652691574,12.472537676078968,10.123895132445
41,-82.7551002885208,-88.67480140925517,-89.74410492415441,-90.10645962454839,-103.1022099293617,-89.01438720035534,11.450763665814673,9.420586395433547
42,-80.41260830763073,-82.64074861081112,-83.75425092138518,-84.30567852300506,-92.76671158773293,-82.84620315363155,10.809273796880692,9.122188210451142
43,-77.67756175365174,-80.03992577878624,-81.11238489647106,-81.27834022704445,-107.1645345287272,-80.45414496479869,10.803681694809736,8.848124344846148
44,-74.5526520543809,-77.57747364102272,-78.44836147225178,-78.90498897126943,-87.55703928531614,-77.85492491813648,9.856106300701075,8.440875835508198
45,-72.22812978780955,-74.3742685494001,-75.26246542541504,-75.4059791616486,-85.54983541488834,-74.62073391087596,9.840559693490095,8.206868948129964
46,-69.73380712704412,-72.13651221188485,-73.0350858547955,-73.12347089083819,-82.8344952551534,-72.34302369311578,9.033363210442046,7.876717033748616
47,-66.10121339609425,-69.56075570166114,-70.3207380065931,-70.75793895628485,-78.04841421321467,-69.83480091429394,7.9865314693474465,7.408774486544169
48,-63.374883386226486,-65.9834485048964,-66.62203136263294,-66.72043513395195,-81.70791592681071,-66.1656104448833,8.026339690387204,7.140122307661369
49,-61.30712810239279,-63.29039769830999,-64.0635873192817,-64.16096328250862,-72.5501345392675,-63.400504130129576,7.241150676765993,6.854827877915877
50,-58.862988072746916,-61.24429473943217,-62.25456395654861,-62.33586399767475,-73.39532699921325,-61.367158423907284,7.321283052075044,6.6184271124821965
51,-56.85058416689744,-58.81918835407986,-59.69484268427931,-60.080061515605735,-65.46579347266143,-59.009702150139105,7.005024148108547,6.385560831500599
52,-54.13609822231353,-56.826582848851224,-57.497480257676955,-57.59555509278724,-64.06449337159023,-57.02834057041771,6.679242524113735,6.081534074642726
53,-52.40194283746464,-54.04023273972827,-54.829167532359385,-55.13684328477784,-61.83097264843465,-54.19123639232836,6.703907475062451,5.910585031252709
54,-50.48183704044442,-52.32477148200934,-52.91072406238468,-53.34203359097312,-58.574110071254374,-52.47958151236829,6.70406136570593,5.718589840615035
55,-47.944193411063,-50.410635105743566,-51.27753633185808,-51.59709995034818,-58.45916364339669,-50.58003326926713,6.496475055891562,5.444066846695456
56,-46.61621168190618,-47.86239547399674,-48.79836830106223,-49.06687922021242,-56.89569072671841,-48.097248509592944,6.514506242475662,5.313071792438184
57,-45.18535920525561,-46.57853255436818,-47.24654413716714,-47.43639303079482,-52.04178875738133,-46.776588328872236,6.514558039170783,5.169991724442639
58,-44.233523110819675,-45.16447821390762,-46.09555260037047,-46.30522486236112,-54.4161521608752,-45.44233720444734,6.546166939817947,5.077969005063762
59,-43.15808535995045,-44.20407419121209,-45.11042707203409,-45.2552441394602,-55.38379823932561,-44.394958252429014,6.543063755900626,4.9701149115851075
60,-41.97957217567646,-43.08339641681468,-43.608027406040634,-43.87962915315423,-48.4073563335487,-43.254330438216755,6.539869822797817,4.851944199847428
61,-40.44365017023307,-41.95611152697567,-42.63431214449005,-42.875748922130384,-48.01645086582589,-42.15240152046239,6.5627239739849905,4.700637414421806
62,-37.88104444685967,-40.33751339288741,-40.96584759937422,-41.05582707133303,-48.509607646624026,-40.54501282482957,6.137643200729599,4.401868764758927
63,-36.637501701247444,-37.84165979094089,-38.64656950934002,-38.89864705690244,-43.8862447965585,-38.11304425893937,6.147026912120399,4.278452861336784
64,-35.26646554761782,-36.6107437404209,-37.35679877764109,-37.62942457024033,-43.22529947626934,-36.824895561332276,5.847091662614919,4.1113557210232745
65,-34.11019242523721,-35.19111682366386,-35.719999957663006,-35.74335996202133,-40.684222043755724,-35.28556901929074,5.85951769626709,3.99697101215043
66,-32.31682635202747,-34.06507151108225,-34.8069156846197,-35.120178593421855,-40.50901403752093,-34.186703302032186,5.6525020948706794,3.7969328446898145
67,-31.280307431177768,-32.29997859598414,-32.95473337792807,-33.14080272952504,-37.43841103567958,-32.39309977842056,5.3647963038207545,3.6645103734998523
68,-29.7498744329021,-31.236560924523353,-31.74031577690129,-31.89369336408795,-37.28025765142533,-31.37984905616241,5.2173863879197695,3.496726082082187
69,-28.74196383228682,-29.745158797336952,-30.600398783278415,-31.158240290035373,-35.135215807319426,-30.018063383820113,4.837455162286071,3.357941899457289
70,-27.35155882958973,-28.67866590970856,-29.46134658716443,-29.78112081272765,-34.94297635864104,-28.844065203417685,4.846468573455627,3.2198027403045355
71,-26.298031048314716,-27.246500788900594,-27.992054044011528,-28.232195994289295,-34.299214491777235,-27.449865663188184,4.88712023104758,3.1185151279362295
72,-25.522028760587865,-26.228314235137994,-26.847194714116462,-26.973606072937056,-33.089624736933786,-26.367315546206672,4.88404488175214,3.0406073642340004
73,-24.247405332314997,-25.4729959505865,-26.00633109747304,-25.994302099970024,-31.49185693542799,-25.57415283482805,4.895209037992204,2.91426143703072
74,-23.028516072888205,-24.178254841352103,-24.70136040927981,-24.547681701224505,-29.389654127245826,-24.26321698922498,4.546499051691849,2.7575015124580053
75,-22.091847108904027,-23.021452425556998,-23.739336637456837,-23.846201834016462,-30.42664674545054,-23.153237054548633,4.505903083229571,2.6597750192133596
76,-21.40134643751096,-22.056990815240574,-22.608716226584683,-22.830918546154287,-26.528699991235904,-22.157566622824156,4.5265597264872826,2.592790616399824
77,-21.00078524491591,-21.372144121049494,-21.952608023973383,-22.05334762967345,-26.810812767926418,-21.553179327145987,4.517407958534184,2.5518193203450092
78,-20.424706986449248,-20.983079732624553,-21.643105482996813,-21.917996551460995,-27.811777033191248,-21.131123595057698,4.526559726487289,2.4951266712936535
79,-19.62427913725247,-20.35449740875314,-21.019340085923734,-21.052605681658253,-26.235143722182023,-20.51469849058567,4.358847669359791,2.398312680661226
80,-18.751614409478723,-19.586967531743905,-20.080204805601397,-20.15615467689146,-23.746100670882093,-19.674661010675187,4.37130271737756,2.3122917126856284
81,-18.02566359204525,-18.760232030264863,-19.246965493980817,-19.219841252702295,-26.618482491250834,-18.853855694417916,4.371827524837813,2.2397491116883064
82,-17.277868255243998,-18.02997124948457,-18.60832410961363,-18.825692921584213,-22.75720973992647,-18.19533792459551,4.18398443211289,2.146185268735689
83,-16.73547108219413,-17.276872041118885,-17.666168509719654,-17.896087367016364,-21.413095488549803,-17.33911047795359,4.165821465037678,2.090129254723181
84,-16.01104462369721,-16.689049912723725,-17.095208620327384,-17.180092013397136,-20.931666388053838,-16.791909136658628,4.1577715842133465,2.0168816207910556
85,-15.346770262321623,-15.961862282826434,-16.439773813160077,-16.452035409671183,-19.593476812120755,-16.05285936928623,3.9109243673633394,1.9257694629684963
86,-14.690486585073348,-15.346718465626493,-15.980670453519371,-16.11396265815256,-20.60723169468173,-15.43885944304165,3.910950210221567,1.8601436795294917
87,-14.01926398034116,-14.684121812447316,-15.00358515060489,-15.065054719218892,-19.155280701602276,-14.76564174887667,3.7604866681205764,1.7779750648461736
88,-13.424598452976294,-14.0148771494543,-14.624522245822494,-14.945154637448768,-18.283399050301924,-14.129717372083553,3.684759295268766,1.710935774824506
89,-12.943616862316569,-13.410720747806579,-13.837960902639507,-13.823162147501415,-18.791383323127043,-13.482191309769703,3.3990645091264384,1.6342681371443009
90,-12.469663200087362,-12.942560885376222,-13.402522232637354,-13.587782993376944,-16.134086716126124,-13.016440003199547,3.389612629780085,1.5859275829867447
91,-12.089541503579493,-12.463450639469789,-12.92205816637305,-13.056803087164546,-16.66024145415942,-12.600931383271952,3.321070115174866,1.541061161875436
92,-11.815804065088585,-12.089394116544428,-12.55350616837247,-12.673798974420135,-15.769128403321854,-12.197963986593003,3.3210701151748725,1.5136874180263458
93,-11.155096021478666,-11.791183386316538,-12.232369596500687,-12.366869903416392,-15.350537225756852,-11.879837835533369,3.3481584512515,1.4503254472730167
94,-10.35750472754135,-11.151948879430995,-11.57752770809173,-11.43887597172202,-15.249187847545215,-11.207748552439568,3.2848832808496438,1.3642388008390995
95,-10.027867448674643,-10.333564021218693,-10.766283018798948,-10.79243984267519,-15.274858086422245,-10.429057966652614,3.3122063136900244,1.3340073762364668
96,-9.32332513568721,-10.02738661355287,-10.454308762664855,-10.423992633260863,-13.980011032180709,-10.106952597282902,3.145624255658661,1.2468949391345872
97,-8.893144053670747,-9.312478070789888,-9.70833144360048,-9.567330313285986,-14.724688279845171,-9.35690193325939,2.9643609147498484,1.1857504968420596
98,-8.39257913998865,-8.883839561359506,-9.392099930056158,-9.416330623813481,-12.437410190874012,-9.002484436078998,2.973573230379975,1.1366152370368625
99,-8.123291446548755,-8.389284610905884,-8.795870900960768,-8.800136449384592,-12.542034173429933,-8.464589291439996,2.884904247621017,1.1008195694169773
100,-7.857821401751352,-8.114366423653813,-8.578304530042859,-8.510455843130867,-11.574858906821635,-8.191053828731572,2.826640632770669,1.068446203452202
101,-7.389525479073807,-7.854041257560786,-8.244773754075222,-8.262175344994846,-10.883586291811019,-7.990647222058634,2.826640632770664,1.0216166111844471
102,-7.18530167014271,-7.386230949991024,-7.886049420042283,-7.850702130865262,-13.380668716577397,-7.496720992849096,2.826640632770667,1.0011942302913377
103,-6.705739464226015,-7.175687780060965,-7.506416714520573,-7.657694712516687,-10.459576058933955,-7.2544492585452645,2.8421576856994553,0.9547897149925471
104,-6.503671054831088,-6.705769578707066,-7.182293385140707,-7.26873173806145,-10.369302093733825,-6.809676223811081,2.875367069619319,0.9379038124450406
105,-6.130001197103452,-6.496991097410222,-6.8795491770004755,-6.83610507294076,-9.92215125796175,-6.55658542549785,2.6201479149141793,0.8750149112017631
106,-5.570833554025004,-6.131692530105676,-6.4341130683037795,-6.399342356923138,-9.17126084433523,-6.196327489593001,2.475264450791801,0.8046098004816806
107,-5.350474587881342,-5.566828800846816,-5.987635358216516,-6.1289827934552354,-8.944181820231071,-5.692181588472427,2.4365291675295544,0.7787003755410897
108,-5.067791083994668,-5.3519107589384936,-5.669104720972562,-5.626364793925465,-9.399915122377058,-5.418905146681699,2.3876214563292235,0.7455412540323891
109,-4.766966551175781,-5.067288294909006,-5.3562220060626045,-5.501338008937096,-7.956405239959365,-5.151667588844155,2.2902020029638575,0.7057168554139638
110,-4.62199262335931,-4.767058727856914,-5.098108662097692,-5.146159880306454,-7.746438200642771,-4.834411992502803,2.298310808707319,0.6920303432066628
111,-4.432167042988558,-4.637275330917096,-5.061665947348086,-5.171584677989925,-7.722351900829514,-4.703827037735419,2.1893736667435455,0.6621540709732103
112,-4.220162873620049,-4.441115065723352,-4.72890023468956,-4.690340328307492,-7.313614146928872,-4.498679356419387,2.157854655319493,0.6378017528939542
113,-4.096161850638769,-4.226320223883624,-4.627378244228731,-4.553821478701133,-11.52818809029137,-4.276678782147371,2.10478327960971,0.6200945130248479
114,-3.7750102362689444,-4.088136425572397,-4.435759509365481,-4.4985647104325786,-9.198654596882417,-4.159344613970334,2.0097551820547017,0.5784765418323646
115,-3.552199796653303,-3.790406625664481,-4.183389016468113,-4.225600756474444,-6.922143638962661,-3.861670992082276,1.9552866449708375,0.5507486441624141
116,-3.390309837790934,-3.5522919733344294,-3.8271877921463937,-3.8517551426416494,-6.763927680010089,-3.6276729269951553,1.9160919239738479,0.5306401761764782
117,-3.2058440910637183,-3.401998863586557,-3.7175840136027256,-3.6727342242672614,-6.094571511389873,-3.4900065828669296,1.9088704073292357,0.5114714498392954
118,-3.073257900932572,-3.2065462013310944,-3.5850676692856376,-3.606055045248965,-7.328189426486452,-3.2820115593592405,1.9182301099944559,0.49914880109270277
119,-2.891494628617344,-3.078247865807386,-3.3057395555927975,-3.2591640415133982,-6.921158353363821,-3.1085925558350063,1.819017471775576,0.47105121003929207
120,-2.73057269818645,-2.8852873028578614,-3.2549273225552544,-3.2725451617777384,-5.786177089929606,-2.9474077750037346,1.8063239067921644,0.4536896604978614
121,-2.5794822778689435,-2.733719840234127,-2.98079574517495,-3.0082911268799872,-5.43420667205682,-2.7796487096330877,1.8088101205659857,0.4388292398434929
122,-2.4722905358829212,-2.5856118092422937,-2.958879812804537,-2.9976826813242496,-5.298446098007988,-2.659462826394951,1.802652770302414,0.4274943306185335
123,-2.3244340108939596,-2.4661331856193476,-2.7623351017019258,-2.7596732629430045,-5.434411107720911,-2.524356815980231,1.767630085801924,0.40920640966958843
124,-2.182586606479709,-2.3274442191098537,-2.6879357294086788,-2.6629118482966616,-6.343571061432989,-2.3739482929200446,1.7707227433992305,0.3953309349878939
125,-1.9421654055433737,-2.189493085977282,-2.422392090130593,-2.4125734240077374,-4.589727841016364,-2.239571596028461,1.7617144019486886,0.3703879807492062
126,-1.7459696917564893,-1.9589942635828757,-2.203929605876443,-2.167876012341402,-6.592420835062393,-2.00703945130455,1.7586542182368905,0.35046239099933796
127,-1.5371369100485905,-1.7645643891795428,-2.053955633904992,-1.9922092751102856,-4.699363715288493,-1.840152241852176,1.7772212793529798,0.33143581894015706
128,-1.37318484333543,-1.5403619415779581,-1.8168209914580489,-1.8127014467686557,-6.304229901077161,-1.604825358667087,1.7626566419584944,0.3135841485293924
129,-1.2632330851512474,-1.3789913821349025,-1.6726519704525298,-1.657604904697882,-5.181566809599769,-1.4360716151921715,1.736934919049265,0.30001680042005124
130,-1.2019614068078952,-1.2765564759166526,-1.5442444292729356,-1.6137021810386434,-3.721425983654401,-1.3399742435945519,1.6813516199885092,0.28833130267964047
131,-1.0645240419708695,-1.210041699065434,-1.583996983141387,-1.5381211196236644,-3.7490864629310026,-1.290386348369571,1.6784880729041336,0.2743012114875003
132,-0.9945098862819504,-1.0647461775779679,-1.279584529185208,-1.2880311282866768,-3.440630056127521,-1.1227860677388724,1.60952651746073,0.26040364037426805
133,-0.9284801691001059,-0.9942898446232191,-1.2970667211495497,-1.3102336270708979,-3.495071578952061,-1.0437138290491057,1.6157593421998908,0.25442395112999966
134,-0.8619305389144221,-0.9345453426825452,-1.1856155695785904,-1.1057273963616776,-3.652392248732957,-0.9658746763863325,1.6098328041359053,0.24717633430503275
135,-0.7136661359303273,-0.8609477049654213,-1.272656888236849,-1.359350968162071,-3.6787784408415005,-0.9491175724186367,1.5226627451014298,0.22363288810317572
136,-0.6607361541372294,-0.713888271537426,-1.0552041987989755,-0.9708196662274267,-3.6285359488069706,-0.777386474432881,1.5320419985688363,0.21927781527060658
137,-0.6058361418528653,-0.6723864422910311,-0.9436234641575296,-0.941541994469907,-3.449336783207918,-0.7377201438064134,1.4950468007811033,0.21008829426339684
138,-0.48019304614078484,-0.6200555777221561,-0.8996538891718767,-0.8025520204800789,-3.271094488405842,-0.6632360780000753,1.495047514100544,0.19752405602413287
139,-0.4006480434801718,-0.498778353651921,-0.8055186134847397,-0.8760606049631074,-3.245803876443438,-0.5702555856015049,1.50004196674988,0.1900690010230052
140,-0.35327932270398144,-0.4177379038890574,-0.7163764304319462,-0.6810671142038986,-4.12438203421895,-0.4752263305258464,1.3782961756107808,0.17315754983147622
141,-0.30234699644409857,-0.35249467409675317,-0.6510712508829659,-0.5743950942560969,-3.0360917319246146,-0.3863262965472901,1.3844515977788525,0.1686798594222951
142,-0.15542635618638578,-0.3037496678906664,-0.5408208231090142,-0.45218690515239546,-2.621433145049012,-0.33994892496268825,1.384401407076381,0.1539827763262767
143,-0.09831438681254534,-0.15858672469629242,-0.4469469142545448,-0.37243435696703453,-4.602785420330465,-0.20730220156880674,1.3940793911195777,0.1492393777932123
144,-0.029515990992565744,-0.10748487317993538,-0.4230797370914227,-0.377526125245478,-2.8046899826723837,-0.1697450718015413,1.3522714710634378,0.13817874620560036
145,0.008350728318441192,-0.04024921758961986,-0.3197821823836765,-0.3283505640677442,-2.49600136500621,-0.08599155476926501,1.3593014620258232,0.1350950733707382
146,0.10264635091638463,0.0014643804224205859,-0.18070765897999808,-0.14868571353098603,-4.065948212535341,-0.02967230786889563,1.3623857640883703,0.12597394131719858
147,0.14527237448834174,0.09038082648029566,-0.09194728399955557,-0.04663228768169336,-2.6986353267449066,0.06004437059452761,1.3624727224242577,0.1217200347935916
148,0.1662597662094054,0.13266528222375795,-0.08376640082931042,-0.04823341822546978,-2.4819584313703027,0.07993517356852387,1.3562427010242462,0.11899829348148407
149,0.24190716557532443,0.15843988768873762,-0.052858869426320614,-0.027326667900871238,-2.277655193907421,0.12667795379828062,1.3765643174029791,0.11346571518276548
150,0.2689215989583056,0.2225325465441761,0.07416079749384746,0.11352451454110546,-3.1366138288514445,0.19125069980752551,1.357835477085869,0.10889138781275634
151,0.3085368655334444,0.2633686512441229,-0.00701852518279486,0.009825880971841006,-3.4835432944824034,0.2158096812885596,1.3640358279395202,0.10554989624060757
152,0.3732811968244567,0.2994115082392086,-0.0373799065395459,-0.007909392386215242,-1.989268636116941,0.22955634644582468,1.368574759404174,0.09952935625797173
153,0.39780435132347747,0.361239584906381,0.11438077218353154,0.18556075674684935,-3.1804707597282342,0.31284941659065046,1.388784972398274,0.09909806210747965
154,0.44448608294827396,0.3775906216830982,0.19046994265753978,0.2412424701936342,-1.7881940837352677,0.34598422442094423,1.3856123313709099,0.0941126248422636
155,0.47097083887215885,0.42829053334667067,0.129930821443419,0.18230905421823929,-1.8281278750891592,0.3807734723507097,1.4158023163091213,0.09448314774369625
156,0.5527988112111701,0.4741089120656421,0.2502523562062424,0.2609710458244616,-1.7986909585033017,0.42150807248967265,1.4335264658426572,0.08807276546314871
157,0.5738608207888392,0.5382261529100281,0.33418635547052405,0.4100447511810632,-1.5004252191893879,0.5097492343660748,1.4420205152271217,0.08681596944382826
158,0.602343430248668,0.5612972739930772,0.313574833827221,0.3189141505157258,-1.854237050738154,0.5117709042426017,1.4388803480852668,0.08365369178365988
159,0.6213193539775275,0.593131114618544,0.30760863361238594,0.27873299027966825,-1.668935605479904,0.5321273813449245,1.488256233168736,0.08669368791912084
160,0.651671536571208,0.6127402049540189,0.40505506426516297,0.4195812296071022,-1.6385696144686537,0.5688470788163279,1.47539117033247,0.0823719633761262
161,0.6542072940983197,0.6370244763045166,0.40139935731726,0.4708255764400726,-2.664588252367322,0.5996125836089201,1.4784506407248283,0.08242433466265087
162,0.6752880566111263,0.6368125688540183,0.40838596223529633,0.479937991181139,-2.201055985227106,0.6031771504551426,1.4568037688729645,0.07815157122618381
163,0.7081679209912775,0.680137466872175,0.4773727575332776,0.5130210320943394,-2.1411912061320897,0.6424132298286127,1.4937822488185244,0.07856143278272469
164,0.7485779993814232,0.6925792478160178,0.4388378478135546,0.45545663235802425,-1.845731840255561,0.6433969256741836,1.5445153845326478,0.07959373851512246
165,0.7829464477323664,0.753752240851729,0.5051842234301452,0.5397939761804713,-1.4867811107282707,0.691446522932886,1.563109047578542,0.07801625998461756
166,0.7908751779178657,0.7730143899871533,0.551124462903285,0.5981801086387717,-1.4191213876207276,0.7308433045957199,1.5599626188503,0.07690874409324343
167,0.8446474760574829,0.7806780480352169,0.6246615443099189,0.6358111551647347,-1.5898680093062967,0.743044335810904,1.5693963567680804,0.07247488807105976
168,0.8583719649541088,0.815685027680553,0.4961235359170306,0.47518863589193816,-2.152367584854605,0.7525827461542033,1.5578596863315501,0.06994877213774413
169,0.9020341478788529,0.8480933603756241,0.6021230674812474,0.5909675487796537,-1.4308232265373455,0.8124670216958069,1.593214792365651,0.06911806444867981
170,0.9078805869216884,0.8800751479505835,0.6724536271316037,0.7280217113242691,-1.177713667649011,0.8354367077945883,1.5918860491426705,0.06840054622209821
171,0.9526583531328122,0.8974677089128222,0.6664796328925242,0.6751676313238923,-1.0547673105889506,0.8462955954879672,1.6453753115870071,0.06927169584541949
172,0.9683248838424969,0.9373664362290548,0.763176023000254,0.7825415130756301,-1.0756928928122091,0.8863808340832786,1.6362234948693215,0.06678986110268245
173,1.0119390430002586,0.9534376014435154,0.7781695959789213,0.8194732298676766,-2.399009075250798,0.9146076089834573,1.6331633111575234,0.06212242681572648
174,1.0289778774241545,1.0087119175225205,0.8188112767389768,0.8592745891534583,-1.117268165819818,0.9742559056596933,1.642319295513227,0.06133414180890725
175,1.0477210201659295,1.0153703985920859,0.7323070276541757,0.7562994699252155,-1.1467108485223703,0.9640976327120213,1.6362234948693233,0.05885024747033938
176,1.0823487866382497,1.029636607683461,0.8050074559809313,0.8081299041244188,-1.067711483905009,0.955934699197273,1.63922848473996,0.055687969810171024
177,1.1052445617613087,1.0694987694050742,0.8744922733653565,0.8823455623258366,-1.1989750312906704,1.0280650503999111,1.645375311587006,0.054013074982569735
178,1.1650849148709048,1.08890835304673,0.8910509223267146,0.9258048341338122,-0.7558610050543737,1.0365434632914468,1.8712685348109963,0.07061836199400914
179,1.1761316584934733,1.137123976285623,0.9337915593983384,0.968371018782463,-1.439349511078683,1.0943611572109617,1.8619126863749,0.06857810278814268
180,1.1961529139402514,1.1551460686044468,0.9458954357590589,0.94456912817384,-1.036701070312433,1.1056815034581449,1.8855860136139746,0.06894330996737233
181,1.223148680721527,1.1890696965961243,0.9526540595134351,1.0341159855941515,-2.431094977430117,1.1391176118219926,1.9247335762019833,0.07015848954804563
182,1.2325083522850355,1.208268322377625,1.0064414471838525,0.9923523257140024,-1.1531297520488057,1.1732898215439072,1.9124283558502193,0.06799200035651837
183,1.2761116334050207,1.2322187528896664,0.9112470184191506,0.997598505410701,-1.070877190294068,1.1687730737867064,1.924817727270057,0.06487060938650364
184,1.293157693224496,1.256522158715017,1.1009685223275505,1.0947656527333425,-0.6677033269698516,1.225944867901681,1.9365635086966377,0.06434058154721418
185,1.3057753952446403,1.270155763909926,1.0176626123193289,1.067835328831516,-1.3387125956274035,1.212027650550214,1.945854670323558,0.06400792750789176
186,1.3102330923833072,1.2880699785442424,1.005720797021499,1.0136081059931512,-0.7951738295994981,1.2164093353939924,1.9396250730373672,0.062939198065406
187,1.3272614697114697,1.2948190452706068,1.1037182831220869,1.1455326797650272,-0.9501421930158336,1.2527642106672863,1.9489232095701188,0.06216617398586491
188,1.3361845576716362,1.2937847348669869,1.0957873543513117,1.0915151107234708,-1.0970115433526062,1.2494404129854062,1.9567273573718813,0.06205427997002451
189,1.351267837058738,1.3237329320595683,1.0820998704854685,1.1474575846302921,-1.8445039642445442,1.2710766526377326,1.977127729300453,0.0625859892241715
190,1.3659386416230557,1.3334681888669788,1.0844580104980244,1.1172768185487358,-1.955206545144211,1.2708092936572204,1.9893197270883718,0.06233810854653161
191,1.3693557591469936,1.340533587710183,1.0996665424078385,1.077771401336276,-0.6998138425976324,1.2798378716443937,1.9528721550653825,0.058351639591838894
192,1.4071022288177524,1.370716036021278,1.2106369073738033,1.2519573382995834,-0.4728166401944547,1.3371160750139812,1.989414094910997,0.05823118660932446
193,1.4305709475904536,1.3925880265129116,1.2081809224202307,1.2069072852721443,-0.662196067151275,1.3370515827611134,2.0128828136836985,0.058231186609324505
194,1.5826036074375809,1.4190292112790863,1.1786820619694798,1.227994208137799,-0.5454861114210012,1.3591081621992838,2.3938218636052713,0.08112182561676903
195,1.5995633648081797,1.579322810066675,1.2495309230437226,1.3407572269832337,-0.7500205208516499,1.5337924092850228,2.4092680597274336,0.08097046949192539
196,1.6097367294803424,1.5803850247212217,1.3862155537122813,1.3720190301348227,-0.5539516931824049,1.5291954003815096,2.4154753854869173,0.08057386560065749
197,1.626109852165946,1.5817945177802235,1.3600278926632896,1.3902151715530833,-0.5678745174478905,1.5493613604627456,2.5301765564848746,0.09040667043189285
198,1.6495283165381478,1.6008549740644429,1.3698660162532308,1.4130987422029497,-0.7142149330030549,1.5429389512065192,2.524051402113942,0.08745230855757945
199,1.6786504159805773,1.6393350685391233,1.4209717990436956,1.468432470413795,-0.7683968370732375,1.585547033573381,2.526943169420744,0.08482927534401666
200,1.7031091753818055,1.6701520894860773,1.4144757253965574,1.464459387976211,-2.040931312856789,1.6078944579388603,2.5330962578541794,0.08299870824723737
201,1.7409593087901232,1.6776812609141616,1.4488293253352265,1.4716726930701092,-0.5115052426756517,1.602297171553721,2.5246446873089363,0.07836853785188132
202,1.7627235179464498,1.7225660239196874,1.4993764671978564,1.5274925194598485,-0.666537469187332,1.6575826141201309,2.520667967253256,0.07579444493068063
203,1.8152646282610303,1.7368801481344156,1.5349860599714276,1.5167786960322278,-0.3507513660483217,1.6722558365092168,2.521863980241061,0.07065993519800307
204,1.8217861505659443,1.7965985872708972,1.5489815916267258,1.5646646935865136,-0.5509384708503635,1.716102636434212,2.5283855025459747,0.07065993519800304
205,1.8612715296620195,1.7999957986390804,1.6314053911323205,1.6223427854378847,-0.011563059475691695,1.7398865734484654,2.4797621972571133,0.0618490667595094
206,1.8582947500811515,1.8365597845128612,1.5913773374292135,1.6099227622020342,-0.978665010865309,1.7682918366509193,2.476785417676245,0.061849066759509366
207,1.8585289889716972,1.8255610021610178,1.6608647121846414,1.6923215635410376,-0.16864650238020307,1.765334021250457,2.47355277754926,0.06150237885775626
208,1.8662063441814527,1.8437517522399252,1.616551492112418,1.6524790059059087,-0.09450426953334912,1.7761379371736192,2.4704126104074113,0.06042062662259586
209,1.8911186159565883,1.85682822421865,1.6576843803915529,1.6383527245489713,-0.07739735946609372,1.7985894078512357,2.495170000520656,0.06040513845640676
210,1.9237756152933498,1.8783700665232783,1.6792962083076874,1.7333877161135813,-0.24417151562958628,1.832756595638486,2.49809239488893,0.05743167795955804
211,1.9296520263671433,1.9035477819784186,1.7419146838074053,1.7582574061332776,0.009540082401063632,1.8625919395131656,2.4980089907579988,0.056835696439085544
212,1.9428380295594236,1.9056453084619303,1.6188014958458095,1.6421745275722295,-0.8128464499910377,1.8426222242382653,2.494239223847521,0.055140119428809725
213,1.9465719041504324,1.928886120914424,1.649459554300954,1.7225076086906674,-0.15638380304122856,1.8808039660505795,2.4973849056386164,0.05508130014881839
214,2.0205915575412594,1.9250472046037066,1.7106918799689117,1.7316298555820273,0.16653607794595393,1.8776012361079077,2.777417588583859,0.07568260310425994
215,2.0386875720513853,2.0053556202193903,1.7680490027284634,1.7623617502252014,-0.10589058361256676,1.951969785276745,2.780524272161024,0.0741836700109639
216,2.0519274520606317,2.0197267615033416,1.719712051267818,1.745194206502634,-0.5667532905932151,1.9551046449725402,2.77733614489721,0.07254086928365783
217,2.075384331598843,2.0238082101947548,1.8270386874981215,1.8765907385424672,-0.749208684719882,1.985860171505054,2.7745785983465128,0.06991942667476696
218,2.1185590562605534,2.0535548923232025,1.884030123894044,1.8741366371832635,-0.11446027381792101,2.0115397637557324,2.8364024416759315,0.07178433854153782
219,2.1183343085811415,2.0991689989070017,1.8210303681112532,1.834409704641715,-1.1196424451674236,2.0115455962983564,2.8361776939965195,0.07178433854153782
220,2.140803485691138,2.110842947697164,1.9715494012801031,1.9798537067000415,0.05863800182151557,2.0766389443707585,2.8350774407347847,0.06942739550436466
221,2.158472478867249,2.1176512988560114,1.7973915667907825,1.8675125174289728,-0.6566442346302273,2.039411894170966,2.8059700668264878,0.06474975879592386
222,2.1772115811660915,2.1545171049582743,1.9945866938811891,2.003813754643351,0.0760924840566437,2.119983140092906,2.805971527083069,0.06287599459169778
223,2.2184228444653695,2.1655108119209503,1.9649219244776888,1.9654359193761457,0.03992379334239393,2.1103311497389017,2.911369755065598,0.06929469106002285
224,2.2467231517185047,2.194235905553092,1.9601231032008093,1.9901483589894742,0.06001219336228747,2.13270430488543,2.908047285717049,0.06613241339985443
225,2.2978535523261154,2.2330466122391983,2.0298964997956848,1.9827482971538686,0.2847423295330209,2.178951980960082,2.904996947796765,0.06071433954706497
226,2.328374989477649,2.2891864606055976,2.0007544871489475,1.9671198367219733,-0.7200570222417011,2.218119450933386,2.9018977658710434,0.057352277639339456
227,2.3458422176326525,2.318099449190584,2.0617133497895797,2.0942984374258335,-0.5495111990038666,2.2600600987262984,2.898837582159246,0.055299536452659365
228,2.3641414222673296,2.3296350100916667,2.0803084834596626,2.1323440754195007,-0.7889866208062806,2.280184781836695,2.9080048402443257,0.054386341797699585
229,2.3912361946861176,2.3541759510187696,2.1749214471533787,2.1555081272904753,0.4246368978305597,2.314472646260157,2.9142066513545735,0.05229704566684557
230,2.395127308545339,2.3694066628479633,2.145182166108345,2.198021482844166,0.43519551202548357,2.315628633611013,2.9142921494338614,0.05191648408885225
231,2.3951273085453404,2.3765393090236486,2.186102293329368,2.207725638291091,0.6442068466602553,2.318825371874023,2.9142921494338627,0.051916484088852244
232,2.4374674357356065,2.3754214557825435,2.127057492055227,2.1058513782519728,-0.47843648873497635,2.3157849129299866,3.0729672414697466,0.06354998057341402
233,2.4550273419787967,2.4293477187003942,2.2210977248609463,2.2481981069442827,0.0009136183824383082,2.3837671599244734,3.0915271477129367,0.06364998057341402
234,2.455213673159225,2.4248166311090467,2.1903476685722287,2.251041622910744,-0.828731824055903,2.3754261704312505,3.0884669640011433,0.06332532908419185
235,2.5317229201461333,2.4293074513249047,2.195338085301863,2.2364854132036607,-0.9603898823231383,2.3684795496220614,3.3379990962594275,0.08062761761132943
236,2.5450420123215376,2.518677670891561,2.256584633288482,2.3044227901009506,-0.4773927096315944,2.4638077011919717,3.347343784295575,0.08023017719740376
237,2.573953393964251,2.489959968093519,2.1582759582229105,2.2163287846306785,0.23259363893212548,2.3895030175737686,3.3442864054489667,0.07703330114847158
238,2.5808998541568604,2.540594964905119,2.2521137359160006,2.2366251288833547,0.4007787854812048,2.477964409304628,3.350451928129335,0.07695520739724741
239,2.583388889820454,2.5574803216759943,2.3001717526232643,2.3133161429256637,0.37532212010302946,2.48623586884574,3.3707522534970353,0.07873633636765813
240,2.5878355437749594,2.5482963612347036,2.290735724755551,2.2356973307437147,0.09975499804060828,2.4505029513105994,3.3704871629950977,0.07826516192201384
241,2.59416527187929,2.5615116856031523,2.3449360173761136,2.34860052667743,-0.6275373701376417,2.498002410728728,3.3768168910994287,0.0782651619220139
242,2.602892870274747,2.566771375977245,2.332366603734688,2.3401165428107316,0.2859684302598211,2.4847429708032376,3.3536087272089974,0.07507158569342502
243,2.61756129260518,2.578755555834161,2.40236606980637,2.38966181087716,-0.019877350507043978,2.5193606922324623,3.379412238480812,0.0761850945875632
244,2.6351345534729296,2.5993673311011487,2.3891922664014467,2.4090505758452045,0.2917421266021947,2.5477652068517767,3.5000623636235018,0.08649278101505724
245,2.66532887394864,2.622055427894886,2.397780922302993,2.4308727748423027,-0.07391134517189801,2.5602178746224267,3.4788564822815427,0.08135276083329028
246,2.6889327346203213,2.6312295007891686,2.3685132539091667,2.4118761315928516,0.21996318285666572,2.5351948497040686,3.5199693706850135,0.0831036636064692
247,2.7117801253124174,2.6573864318147353,2.3040109221237315,2.3982558325936596,-1.0160211100167595,2.58932936507838,3.5229751691842117,0.08111950438717942
248,2.71561726572717,2.6852242677209173,2.4075115206168687,2.2950197903414136,-0.08698720091340562,2.604414027525891,3.5080615368566432,0.07924442711294735
249,2.74512566430013,2.680205693735917,2.45724652750994,2.4324016505305135,-0.48508788297711636,2.606129701507415,3.7633372296075516,0.10182115653074217
250,2.7620253968639723,2.716765715849922,2.4754143615103077,2.4155444598931717,0.987920567618064,2.674772966143505,3.7508050567012035,0.0988779659837231
251,2.7835987295077125,2.75631219956909,2.5512974867758405,2.4990841600376568,0.9928773427218283,2.682889710765928,3.7632551700852224,0.09796564405775099
252,2.808025421803043,2.762716530271325,2.5441737905035353,2.564515701295038,0.4232625669635599,2.6823530893934375,3.7999540078090916,0.0991928586006049
253,2.806470861508258,2.760906034510035,2.452369370558492,2.5036815136204167,-0.0006425203547371083,2.681167169634655,3.7935812005402627,0.09871103390320045
254,2.8312865585190603,2.779451377056001,2.5495247573124042,2.534051169355309,0.4905889670029415,2.72163896951895,3.7802458037815616,0.09489592452625013
255,2.8524819004737942,2.8121013136051367,2.455004297639002,2.5009502337035707,-2.959576175662115,2.740413251617386,3.813334030818295,0.09608521303445006
256,2.869603857957283,2.8224623993897824,2.5713054333360517,2.5303457270415777,-0.7013958738794526,2.762830614680172,3.8227205219335443,0.0953116663976261
257,2.910421923045238,2.8464280328299436,2.5745670370035048,2.56015769123663,0.8631575778151896,2.7707043591740614,3.873498131213551,0.0963076208168313
258,2.9295049254382413,2.8844938287403163,2.5267458020224365,2.4357171883258655,-1.4686376303989022,2.8089075653432585,3.861419347277207,0.09319144218389659
259,2.949856814350616,2.9103973097789835,2.636626150698823,2.6219936041250413,0.8068702989823047,2.8292753153239087,3.8708064542281506,0.09209496398775348
260,2.965734849991157,2.93852212499922,2.720035540122314,2.7434553112467954,0.638743643850467,2.8808240560039566,3.873950175574971,0.09082153255838138
261,2.9905130959380766,2.931002866787762,2.6726415925394247,2.70894982309722,0.766475474292025,2.869962677055263,3.846335370542933,0.08558222746048565
262,2.993349992227052,2.946114488157275,2.677773091801681,2.743694283240546,0.16263890677045545,2.8885604294768976,3.849172266831908,0.08558222746048562
263,2.993463668669905,2.9588188141230702,2.705951960019861,2.6918301603400367,0.9222695456915764,2.879139341044958,3.8491722668319106,0.08557085981620055
264,2.994742318385494,2.9473245195958397,2.715870592924654,2.7337604161019105,-0.9977486904984643,2.874798820546057,3.8631875217170992,0.08684452033316052
265,3.030362335654134,2.967103067674743,2.708962694612025,2.7477699904963915,0.02779130371711691,2.903245180382029,3.897808341826189,0.08674460061720549
266,3.046375605553007,3.0140292078636217,2.7400477239063457,2.77104022191075,-0.1943395620875341,2.92767072369875,3.907296333855104,0.08609207283020967
267,3.055620159101675,3.0246621321714904,2.7018293730572704,2.7892502890868087,-0.9077093203173172,2.9392376094957404,3.9040142073290807,0.08483940482274055
268,3.0735777945960328,3.018058604251492,2.7371550510584917,2.7067270711306732,0.539373251904153,2.93464567303053,4.0795555990700425,0.10059778044740095
269,3.1041402556947526,3.047913147317236,2.7647397790294206,2.75106501610581,-0.04594268714066896,2.9566493619387297,4.192939831279409,0.10887995755846562
270,3.1359932473287655,3.0891056052680326,2.813782510097468,2.7800627712865964,0.7436398764652976,3.022012093682582,4.205305811759588,0.1069312564430822
271,3.198029495360091,3.105369607008156,2.8364563220054086,2.857015283046143,-0.10806922114275785,3.024670335772422,4.197696462599719,0.0999666967239628
272,3.2233862091066223,3.18482631251045,2.9549781917974554,2.953196718175836,0.4324269133123968,3.1057694512239253,4.213287474609269,0.09899012655026461
273,3.2432450860364406,3.1925017969842333,2.9325722092685242,2.9659847183098007,0.7145969476499232,3.124115784674405,4.2044486746917515,0.09612035886553111
274,3.2619938200058085,3.2199678595070567,2.9809927506532174,3.0201852856999936,0.030973403655413456,3.167564259522651,4.1983381530596615,0.0936344333053853
275,3.280553726249012,3.2217449752003877,2.873398442176739,2.8468762341296032,0.3822037156221212,3.1245474205442294,4.216898059302864,0.09363443330538525
276,3.2825192250364448,3.2421537731496652,2.9574084609192144,2.905365443230744,1.0672876206224897,3.1586513968825476,4.213752377511769,0.09312331524753242
277,3.3113793904117843,3.260700781228146,2.9758386856170764,2.929379230617575,0.65709841638688,3.1845843958637334,4.328318866232586,0.10169394758208021
278,3.3366217822590283,3.2952690834959713,3.056583072358536,3.0613854103783926,-1.26640492257052,3.2124051593819822,4.353719747399077,0.10170979651400484
279,3.345888580813491,3.2999506277828496,3.058552970204106,3.061729695845133,1.1698530014033626,3.204833866897114,4.3629865459535395,0.10170979651400482
280,3.5193406817174098,3.3107806296507514,3.023550421344791,3.0440907925311436,0.3415514973137235,3.246220798243429,4.965479728147855,0.14461390464304452
281,3.590077693241568,3.5087499825144044,3.2706482619600177,3.263308541946418,0.7572119374557849,3.417025557569896,4.981001722641561,0.13909240293999925
282,3.6043397742973067,3.5460708804478873,3.275592582382371,3.265126970094765,1.1174708627816283,3.4423693722958553,4.984034850639209,0.13796950763419022
283,3.6240293824288052,3.556288397704227,3.219369561799975,3.07357609798124,1.2139792678116184,3.4631724363485246,4.992680575809999,0.13686511933811935
284,3.657987142978303,3.584389467456704,3.3569658402428004,3.3080235368247806,1.791773237781558,3.4979136104381574,4.983500001934123,0.13255128589558204
285,3.73745252833265,3.6246967013169025,3.336605087064118,3.291401443751123,0.46597795684609267,3.5380881812647615,5.009480831668279,0.12720283033356294
286,3.754396138410441,3.6938196405630825,3.4827891185983124,3.447098128486004,1.1496598944884289,3.6247359707963804,5.003276926609672,0.12488807881992309
287,3.813730680913543,3.713327434318538,3.474639347407116,3.4529193102793743,1.3652953535256005,3.635753320110395,5.0002832702730045,0.11865525893594615
288,3.8682337615535536,3.7744758454182485,3.5800106375465433,3.558659021487747,1.4233242936239696,3.698229202856689,5.121772257853254,0.12535384962997007
289,3.919570781755109,3.807680341580036,3.543966367361449,3.5288827573370836,0.4661060289500636,3.716677017906148,5.140528395805135,0.12209576140500261
290,3.9716322582614527,3.8853811925080652,3.6128284987139287,3.55316717211753,1.8915505263403798,3.7663154064011577,5.125289816724511,0.11536575584630579
291,4.028913189607563,3.9574542316118446,3.7116977475142923,3.681968087873223,2.076663221453508,3.87406343997515,5.148667807597271,0.11197546179897089
292,4.057104698208032,4.014539049304732,3.7494924232024927,3.6751582835626513,1.521531373099819,3.9304863038349547,5.133487062457065,0.10763823642490333
293,4.073990655103457,4.017826810528582,3.760127873741146,3.756112707049,1.0859007726188903,3.9403078265569675,5.136816772356861,0.10628261172534038
294,4.079935819442602,4.05516638804783,3.7734530959220733,3.7276745246186334,1.2288645781647878,3.95997713451907,5.13996245414796,0.10600266347053583
295,4.0889107086644785,4.041790872673827,3.7496095925793114,3.7084820086258543,1.1329977330872252,3.9492957264873625,5.148937343369837,0.10600266347053577
296,4.085334117484386,4.033085684336318,3.8139218221181053,3.8279598992518378,1.293036204579912,3.956499610960694,5.133338107843571,0.10480039903591842
297,4.101140908382879,4.06193372050315,3.8060076266167497,3.7613585374689604,1.61210757732588,3.976094843679668,5.145733219213589,0.10445923108307102
298,4.103304885794534,4.056685843416845,3.731985851965411,3.7887200512498094,0.17636993869205853,3.953217185211668,5.2065395292844405,0.11032346434899058
299,4.117728842478506,4.065554263680088,3.671134157918371,3.66103601142224,1.1424004380493509,3.9593322750428954,5.206781240513173,0.10890523980346667
300,4.117418754026385,4.07185877262282,3.856650822388696,3.865411826245504,2.0711182412375995,4.00039723045629,5.206471152061052,0.10890523980346667
301,4.138135221538418,4.086770027466773,3.779455452855724,3.724822679006074,1.7537985493416688,3.967586097625944,5.210673746109455,0.10725385245710374
302,4.166026175840532,4.084341931570225,3.8102531724688373,3.7210381930146395,1.1699869813799495,3.982531818383556,5.238564700411569,0.10725385245710371
303,4.166096647012305,4.127610593884015,3.9036361700052384,3.7730913655016773,2.082057782409807,4.010546424039943,5.238635171583343,0.10725385245710374
304,4.163619295096321,4.120568676886025,3.8847819160182806,3.8668664662622314,2.4146096518374813,4.050883017682276,5.23243065068905,0.10688113555927291
305,4.177369610291364,4.118086531492757,3.858128052021349,3.8233386902598214,1.3588083581595862,4.005774213806356,5.226731992137975,0.10493623818466116
306,4.209694890677938,4.170076300766928,3.900025735200942,3.84630750156389,1.3650787328276612,4.071545893767295,5.251503693789653,0.10418088031117145
307,4.223411097694969,4.168480870232549,3.8847338238545808,3.7969196788523383,1.1631187745215907,4.097951650326367,5.239382916901886,0.10159718192069167
308,4.274568396643662,4.2036515580893825,3.9675621226355213,3.9485958355380872,1.8780674531949302,4.115640197451105,5.289127678305954,0.10145592816622924
309,4.379193881697137,4.230984336340342,4.006092262920951,3.953864505566792,2.5196914485976474,4.1321489079676645,5.5852940122815085,0.12061001305843706
310,4.4068528778231855,4.365611342499291,4.169428357574382,4.138343573994056,2.3412944109689224,4.266489617208617,5.582372141397618,0.11755192635744328
311,4.431672881773454,4.397653971819322,4.080862374933136,4.106305095122906,1.772230289394594,4.298036925071053,5.607192145347886,0.11755192635744319
312,4.438444884135036,4.369745683207963,4.0905326352757845,4.078758092146502,1.7427428420533815,4.2782530772581975,5.5855317113624565,0.11470868272274204
313,4.483543294402981,4.407509659341228,4.131653808776868,4.153265849776067,1.8924157263756323,4.308454972510376,6.388914702849388,0.19053714084464066
314,4.5631121853848615,4.439624848097079,4.057368130318967,4.01363089221646,1.640905134601903,4.303520215455281,6.382447258270128,0.18193350728852664
315,4.598199904771799,4.529457847662028,4.258642857026642,4.247828324006442,2.2553497498571895,4.422998013904868,6.404362889813778,0.1806162985041979
316,4.603429398840289,4.537621837487243,4.303321828390134,4.2763324830870975,0.9141028219509364,4.450535391924186,6.41079456257648,0.18073651637361907
317,4.648752348563791,4.555794633063186,4.2958965003212874,4.21135018212882,2.210134727282065,4.450762891920959,6.423207788259464,0.1774455439695673
318,4.670609570680739,4.601949489164777,4.3381470113285925,4.3253885328529025,1.6940816480470504,4.496914386423024,6.395615737504222,0.17250061668234834
319,4.695268880194978,4.62626691476476,4.3084236183591464,4.26691297656245,1.6814324681570092,4.490321773928147,6.3864996197955834,0.16912307396006054
320,4.719749481941462,4.6611655927974285,4.372343809420072,4.2989508025018885,1.7883594446676376,4.53961813179513,6.404359611796078,0.1684610129854616
321,4.729379065448971,4.673240000478403,4.4076083653972,4.4043540660006455,2.0538687865172705,4.589797132178968,6.345318657057037,0.16159395916080654
322,4.75435126827823,4.6814830506758325,4.333854095728158,4.254879276232902,0.18412660208225962,4.579507974626637,6.33281159419087,0.157846032591264
323,4.803482946408314,4.72718067993372,4.425543254639637,4.35826078012145,1.405754685696503,4.619875452663317,6.351399815657876,0.15479168692495623
324,4.82360274144574,4.744386706329682,4.441167387277129,4.3845172404596955,1.9711013809267612,4.629741830429399,6.556288285997276,0.17326855445515363
325,4.852450880902376,4.805275177968739,4.470040465222429,4.4067595893532605,1.8069818264653197,4.686013764101831,6.559679598870843,0.17072287179684667
326,4.898481360184212,4.830085897660072,4.471095010239019,4.401225187761463,2.355819324053944,4.702842884611018,6.656860844787747,0.1758379484603536
327,4.917908151122997,4.858815543502197,4.529625616127353,4.4935391727236205,2.253121911876737,4.7638918079295465,6.647611372963943,0.17297032218409458
328,4.95602426033726,4.887617879256669,4.613860259034677,4.536170197275993,1.96325302650901,4.77795935501142,6.739521035700107,0.17834967753628464
329,4.965222111002328,4.921629961496697,4.627006153143007,4.5576002410833105,2.0378496975407003,4.815182157335412,6.74269329050443,0.17774711795021028
330,4.9794676982820265,4.908810351204317,4.567856378671844,4.498426586988641,1.5146743060497148,4.777563210836628,6.74980156612002,0.17703338678379935
331,5.0037663899083205,4.948783576743674,4.709261212316188,4.622153829663937,2.6258867066052547,4.839532462114639,6.765299120478702,0.17615327305703818
332,5.017800169610293,4.951061384750942,4.582077589373389,4.65153895150396,1.0584165552240847,4.833830443020023,6.75819835812784,0.17403981885175474
333,5.033581357353534,4.958937049481184,4.645991929071538,4.580391108167613,2.7478321548338673,4.8657806971176,6.745847756530783,0.1712266399177249
334,5.045893231168254,5.001883644217361,4.63941828463694,4.522108625087791,1.8759684157210703,4.898125689360134,6.758159630345503,0.17122663991772497
335,5.089222544390454,4.984945132247621,4.649208735109753,4.575320908017046,2.3099739121180995,4.865178949841281,6.736396217490421,0.16471736730999675
336,5.135439931658036,5.070663708357002,4.800157395564182,4.750798095239294,1.7405508049625595,4.970020849025335,6.769556934021055,0.16341170023630192
337,5.189585690421322,5.115056916075693,4.830804462183948,4.753578318977615,1.894658098581857,5.015153483123138,6.778660885188156,0.15890751947668338
338,5.2863571955456035,5.145807027761292,4.83898652589097,4.760092404709468,2.678859666775523,5.001147497081558,6.9596934543563655,0.16733362588107617
339,5.308169446790224,5.253844635235276,4.953831665346307,4.910274353710065,3.280908384744044,5.141494556319826,6.981505705600984,0.16733362588107606
340,5.319549430207442,5.255996678982973,4.9643762179625766,4.896519325765942,0.20964995633512995,5.18074727238926,6.9566176701462235,0.1637068239938781
341,5.387356084909586,5.280536908334664,4.993819173084159,4.925644047473437,3.048357023511146,5.1859981597835,7.165019548368517,0.1777663463458931
342,5.42004787669608,5.343624951956218,5.036062077008163,4.971684936389116,3.315903377899134,5.2286433655025135,7.174443869340341,0.17543959926442618
343,5.424357154630091,5.363560192059286,5.079099197113314,5.000134455031267,3.003217001573275,5.267215283474977,7.152707897092063,0.17283507424619723
344,5.453263829619977,5.370240920319895,5.024510531170274,4.90769534690023,2.384197217571306,5.244403176718841,7.228054431734814,0.17747906021148374
345,5.4743430579750925,5.406094660010576,5.015038215000246,5.023760069728432,-5.9453758740694,5.327575016914613,7.3218544237546475,0.1847511365779555
346,5.491570520148118,5.4328787213412335,5.130883918312216,5.047884386221961,3.3495977962995074,5.3192223050427145,7.334036843090539,0.18424663229424212
347,5.506278928127218,5.422481601523952,5.14700781571167,4.985705488429224,3.061429197065527,5.285126019503241,7.309201948507324,0.1802923020380106
348,5.518822592910172,5.431240993758516,5.153410747591128,5.067373541950281,3.080142788195724,5.323003251323144,7.321745613290278,0.18029230203801064
349,5.565701896052953,5.459357145511859,5.085636087555082,5.061634270031831,2.062870635992363,5.337582589247273,7.40792986626644,0.18422279702134872
350,5.584280435042751,5.517608511231626,5.1599473445997734,5.028104325911292,2.5380987623294633,5.416962661484087,7.4265084052562385,0.18422279702134875
351,5.603919335336401,5.5338465782842,5.162792955702808,5.0777370841976825,1.8458859141239943,5.425704117015883,7.423672606042477,0.18197532707060768
352,5.632314618744299,5.560978939119255,5.311902792197292,5.2459051129272325,3.5714346555562644,5.415706976719191,7.420445112848695,0.17881304941043952
353,5.659057588740747,5.569163595952284,5.16497376952671,5.03874544462089,-5.464572782771528,5.447245689903868,7.42037130965097,0.17613137209102234
354,5.67523446240836,5.593600166671619,5.317797945390806,5.194486253924858,2.2165235267224954,5.497524268086989,7.718918515317196,0.20436840529088363
355,5.7242392995937195,5.641599575311596,5.324203803533597,5.268328720143508,3.3319930053037385,5.523792748815584,7.722026727878078,0.19977874282843588
356,5.80300941276405,5.6613116169333315,5.329701744303474,5.216015860407779,2.439108541964039,5.558084369098594,7.734540415822293,0.19315310030582436
357,5.880783701491623,5.758297444788463,5.458604958061599,5.371935980325107,1.2817489444067949,5.652624140862725,7.70792377181974,0.18271400703281168
358,5.901894400339252,5.803216604137979,5.490759363401012,5.27274791689447,3.679594691224647,5.692658187678298,7.689367949775023,0.17874735494357713
359,5.92950006001883,5.874702663380134,5.528955641728439,5.481962795417433,2.158576646851606,5.746809697176513,7.7453199293654444,0.18158198693466143
360,5.950612473280856,5.8555958859405,5.620835078961486,5.523768806832379,4.348489460181346,5.764007466946053,7.732935531413054,0.1782323058132199
361,6.002809204250508,5.894322213683235,5.53923108763752,5.465180381520229,2.148634496309681,5.757610696832032,7.748802517645518,0.174599331339501
362,6.069769489116268,5.9470580226377825,5.646449934245492,5.5847927414394345,3.198961159420298,5.815897986615547,7.7330414098620315,0.16632719207457633
363,6.114384081101781,6.0370165803891265,5.736896408957474,5.7228600897145965,3.2583970300216807,5.902987915937981,7.736255825042917,0.16218717439411373
364,6.1402718221890495,6.063339695947194,5.814443589174366,5.709787504512558,3.8886442257268037,5.96830830149745,7.748589189002032,0.16083173668129827
365,6.258474604249283,6.076471761325314,5.657850265712481,5.364391549257665,3.1321488139336537,5.946171605294165,8.01853583649953,0.17600612322502457
366,6.270951779082119,6.211695448041891,5.868666034804003,5.805641583537056,1.7905496704598782,6.108499175641878,8.031013011332364,0.17600612322502449
367,6.276108288653174,6.192421751999397,5.87848030349632,5.853841030137827,3.7211577329218253,6.05404890901422,8.012447573913125,0.17363392852599507
368,6.320080715968542,6.221895568534501,5.890330005895146,5.754036353542562,3.097683717602955,6.094528005875732,8.027998360908011,0.17079176449394692
369,6.323190027284317,6.281552802414067,5.92672463332473,5.9486344058758895,-0.7713188201486947,6.144236406792274,8.031107672223786,0.1707917644939469
370,6.3490767078717205,6.2743485239306755,5.902092582394116,5.720358809858503,3.295482297051527,6.150779355241174,8.08692689242182,0.17378501845500993
371,6.374466217682558,6.307657634825552,5.989658949255269,5.875966157046994,0.9019500420680231,6.192226017899876,8.06802240053347,0.16935561828509127
372,6.403915619939864,6.342556388206043,5.995578946142493,5.933459761345851,3.320741869776871,6.186263340494255,8.096153546052218,0.16922379261123538
373,6.467775036822375,6.336142450040086,5.92810376622746,5.908253349573714,3.0788999477037606,6.267997586267459,8.446493986678703,0.19787189498563285
374,6.470666896950712,6.416740127210933,6.133321228094359,5.987793613102408,4.425932082859988,6.26539916929434,8.44938584680704,0.1978718949856328
375,6.4730254452833655,6.4046454217921935,6.0139772462432655,5.930469560909049,2.664475825302204,6.311553646820685,8.435729419186405,0.19627039739030394
376,6.495392824636514,6.405923635439806,6.0276743433081625,5.970103914622978,2.5352650449250698,6.317078429964379,8.42647402193787,0.19310811973013572
377,6.510119477695721,6.459595864469021,6.058489443548566,5.9193956062794,2.895800608301376,6.319468108651168,8.438985693903733,0.19288662162080128
378,6.510479161993901,6.421311274924685,6.119241390352761,5.956292927128326,4.283901963112928,6.288776433416435,8.435729419186398,0.19252502571924968
379,6.530023609742653,6.444322081550292,6.107643595181557,6.012016320260147,2.514184904204912,6.35019378966532,8.435296688328364,0.19052730785857117
380,6.546368213249098,6.439531573921563,5.984870464595854,5.773521560381435,1.6380642893966808,6.260979895875037,8.533128819850967,0.19867606066018695
381,6.6116410219009385,6.513302296216195,6.253220400057944,6.209088083393072,3.172863752426144,6.412809681267751,9.159808437825975,0.25481674159250356
382,6.64094336551454,6.565744001744048,6.163885504121335,6.141138283704111,-0.16960954853323607,6.401417574905622,9.156917855370404,0.2515974489855864
383,6.673744181132963,6.6025636878548335,6.277049353965191,6.219619550877033,3.124503657723383,6.471116235503056,9.15680764483545,0.24830634637024868
384,6.713560473555496,6.593194303669511,6.249604165445611,6.176363004291598,2.8147281216443396,6.488564606977066,9.21755259773582,0.2503992124180323
385,6.750267698706827,6.673763107208931,6.223049756401717,6.046008657783008,2.495879151651824,6.47148779589178,9.255106986379708,0.25048392876728814
386,6.788998239184955,6.696108110824315,6.300088437616716,6.086797328247953,3.7801612463936802,6.547787463616766,9.222795709362073,0.2433797470177118
387,6.902573201189744,6.745381298457702,6.429835001393879,6.289271949495973,4.16920811007172,6.619577669163047,9.54348373585153,0.26409105346617845
388,6.955733072088284,6.856280631058561,6.451470594454676,6.361065283141798,2.8689821347392073,6.744035955079865,9.527673462394192,0.25719403903059085
389,7.1197511421620225,6.923506598468126,6.46833972727585,6.194264369919713,3.8691555339088772,6.72114655081037,10.089298869684283,0.29695477275222604
390,7.1250513597053535,7.0166784815047905,6.605092319782433,6.393579057859953,3.651540986267869,6.871580176922443,10.092448918248055,0.2967397558542701
391,7.14592892934444,7.063797738027086,6.675594688767835,6.543430893348952,2.7547240517838674,6.922075589673954,10.089258780344636,0.2943329851000196
392,7.194578070339137,7.06703858070699,6.682080833240803,6.4761987412942075,3.450725178544742,6.937466501768315,10.07216074452487,0.28775826741857335
393,7.27994146085916,7.1430736140044395,6.769826741664933,6.652958051043676,3.5986344911082373,6.993197215205847,10.06905949105731,0.278911803019815
394,7.316895056817457,7.237898133380635,6.766216073862559,6.467508291762039,3.568187835485322,7.080368084477539,10.021608944839672,0.2704713888022215
395,7.326119688559883,7.261681258486059,6.921788418643187,6.885631301320522,3.449696022490672,7.139310428491235,10.0308335765821,0.2704713888022217
396,7.329214217744649,7.249250629220338,6.863339173821742,6.668399471495481,3.9712164146058946,7.112071537057899,10.033928105766867,0.27047138880222177
397,7.344608184835755,7.245529536066479,6.816358373563732,6.697836942754643,3.1923880706536156,7.103036336313787,10.012110661940907,0.2667502477105153
398,7.3696161534512905,7.291097334667379,6.8760473972597955,6.810645574291509,3.6065848300391234,7.13955564362702,10.037118630556442,0.26675024771051514
399,7.388234325073282,7.31241195166467,6.929855453051712,6.740426529453018,4.566088391636413,7.128782057328021,10.021558086956121,0.2633323761882839
400,7.440687036617435,7.338448021801861,7.063043883632885,6.98826126999782,5.2037974254086725,7.199891425142288,10.084548248506408,0.2643861211888973
401,7.440720299531679,7.3751604034377385,6.892145182594456,6.802706511403879,3.0679837435489556,7.217106301368305,10.08458151142065,0.26438612118889704
402,7.437518353504808,7.355469997047957,7.033157330161883,6.870505567832265,5.233318208418347,7.213733322005458,10.08137956539378,0.26438612118889715
403,7.431450376068417,7.3640050330817175,6.915394709584242,6.697965160328341,2.580141595933446,7.209616756951127,10.07531158795739,0.2643861211888973
404,7.437468634864395,7.370815835068848,6.973231263225824,6.789068816281587,4.636515114424572,7.209581431398144,10.081329846753365,0.264386121188897
405,7.459694865920572,7.369365075977902,6.9715879193026415,6.844009155788006,3.6515407171030914,7.232503574409233,10.482335952189127,0.30226410862685543
406,7.501544069700532,7.391157823709788,7.022718566796253,6.838250063886784,4.11017842012512,7.223722591231,10.479467782260393,0.2977923712559861
407,7.538475282891799,7.433527368745249,7.004577019093769,6.801745535216785,3.801326429716136,7.2778212445518085,10.47021274763803,0.29317374647462313
408,7.5695477189095515,7.475875813789651,6.993655604399817,6.746315329183801,1.674251022644233,7.323263430939872,10.501285183655783,0.2931737464746232
409,7.566619411718486,7.500748094232009,7.019601482896232,6.974343147556384,1.5696870806078511,7.332042130253617,10.498356876464715,0.29317374647462285
410,7.55647818457358,7.481399923370382,7.039402646493406,6.897256634988343,0.9745944594570588,7.330908204248003,10.488777990645003,0.2932299806071424
411,7.625128509825066,7.507938326471201,7.053344136222982,6.80567385525187,2.7727738500571686,7.387732639284532,11.112122724583582,0.3486994214758516
412,7.706494082125417,7.551993675918864,7.071393190098179,6.926270337254127,-1.229653695488933,7.404963861692657,11.111974369645994,0.3405480287520577
413,7.7527465309322565,7.608777544533931,7.172299943726395,6.887623319139689,4.95408103028071,7.472363170670829,11.087249783436285,0.33345032525040286
414,7.810447246350948,7.728018961874694,7.385257013302978,7.314451437933971,5.172050275137323,7.590534506174483,11.149312596258302,0.3338865349907354
415,7.8433097133921965,7.7069131587024575,7.208139519710282,7.083159218520915,2.657523085878619,7.541444939263902,11.056785074610874,0.32134753612186767
416,7.873622555852252,7.765909332285551,7.310053158999379,7.227692276503337,4.303780428834301,7.588113845695956,11.068201706701375,0.3194579150849122
417,7.879635392200379,7.798573937779815,7.4392273897957715,7.280081548564214,3.8040139375901756,7.620862846153399,11.0742145430495,0.3194579150849121
418,7.998960985823841,7.8109065202528205,7.40706682435304,7.209450884024294,2.971525584731932,7.647007014102751,11.604390883644825,0.3605429897820984
419,8.03026138370663,7.9663703890544495,7.402143148140627,7.315977034130459,-8.695456508895589,7.8160829459195655,11.635691281527613,0.36054298978209837
420,8.029765635040073,7.962705506094693,7.491635034591247,7.362219474534284,4.9214997099484545,7.762202766044167,11.623061847534098,0.35932962124940243
421,8.048582191076237,7.970002805904246,7.560388109312501,7.416818476158298,4.734773043793577,7.802366462669074,11.641878403570262,0.35932962124940243
422,8.04831611694939,7.958838649205639,7.596861872181614,7.383615060726079,6.183517601250867,7.731127304400353,11.629425810876812,0.3581109693927423
423,8.06081209714647,7.966492034829288,7.509792131853236,7.259348656552629,4.968143379343436,7.79974335141491,11.641921791073896,0.35811096939274245
424,8.109062564377506,7.99535361645613,7.59363974882238,7.535167669627818,4.340843651840361,7.856129984564539,11.589289599405138,0.34802270350276326
425,8.166577464268714,8.085924689055963,7.685802940798217,7.53618990746411,4.861699996699407,7.898309870012083,11.60735061986641,0.34407731555976945
426,8.214077692580476,8.119007225184397,7.730429593327748,7.589191025097923,4.87137062493642,7.978786830397539,11.623233750830892,0.3409156058250416
427,8.238736056775041,8.13195536049428,7.767353554042351,7.678670617571337,5.104737961287805,8.006110779778972,11.647892115025455,0.3409156058250414
428,8.264532176121502,8.140125797956244,7.691523215704578,7.439195511426359,3.280704358430958,7.962523593100311,11.558299539376376,0.32937673632548736
429,8.323331098263628,8.227360011587706,7.825096680232643,7.705773364637914,4.651517062082894,8.05994026920198,11.581626340256614,0.32582952419929856
430,8.38014437265673,8.248257422984388,7.86584320493887,7.624193948908414,4.62718901492776,8.093523131055818,11.549198447349971,0.31690540746932416
431,8.485687748507429,8.32810636169958,7.939547944146939,7.839248637720197,5.107243490025471,8.130043718582494,11.513474961540977,0.30277872130335487
432,8.59850502453403,8.41351008403577,7.9819233967793615,7.777219311537671,3.62128630808923,8.274357090171858,11.4724203682532,0.28739153437191706
433,8.6206173896042,8.53038273548925,8.044681516861317,7.819349848279272,4.593777618266162,8.273835076019072,11.459814965027022,0.28391975754228205
434,8.685767950707426,8.558223938439717,8.20051388569483,8.023790028007145,6.247278959716307,8.416265256524197,11.373933378295574,0.26881654275881467
435,8.74223932682056,8.602490292620464,8.131560320922434,7.869775041442091,5.538357200763563,8.39644627648325,11.379631995266363,0.26373926684458043
436,8.83795938385174,8.68668523764209,8.204294034798988,7.986932359653693,4.8881502676576565,8.522518184372494,11.398226037590907,0.2560266653739168
437,8.868887504290115,8.746524758660675,8.313042299044884,7.998991470864671,4.379666067793941,8.53860967004232,11.429154158029286,0.2560266653739171
438,8.862815211449185,8.754493332624861,8.23378853219308,7.956214237108828,4.56313420244882,8.5670113893621,11.423081865188355,0.2560266653739169
439,8.869344744603124,8.765320630373509,8.368921123003602,8.251225516022615,5.091086780165042,8.651011335656001,11.426217363983767,0.25568726193806435
440,8.869167597600608,8.787939459425981,8.386341002342592,8.162711449422003,6.56145240698833,8.589075350477511,11.426040216981253,0.25568726193806457
441,8.871720023536895,8.789369818309414,8.363234918794506,8.23791400657148,-0.4755452126132802,8.593369311613726,11.41677275262325,0.25450527290863556
442,8.881145568016283,8.810208327688496,8.522218536650186,8.342927535581946,5.892298394815745,8.694437600460521,11.426198297102637,0.2545052729086354
443,8.875031716026104,8.79271879263512,8.38433608767804,8.174803009540353,4.55492992975047,8.621121807687892,11.410766687234972,0.2535734971208868
444,8.895873291105813,8.774632393563996,8.364690550407087,8.213722904303676,4.496331563147341,8.624347587623326,11.398218080627462,0.25023447895216483
445,8.917128903134996,8.846875708377823,8.543144996292119,8.436325190389965,3.7094455484040614,8.750118857183882,11.426234522410564,0.2509105619275568
446,8.91387441399388,8.839942560962028,8.503693128944661,8.501302888442801,4.998994664364879,8.728539859030107,11.42298003326945,0.2509105619275569
447,8.926013820285394,8.844816981590137,8.49881961326545,8.406383566021086,4.900350117269967,8.70120883400003,11.40755859987802,0.24815447795926257
448,8.93249290154969,8.832422388411679,8.406904614904798,8.184089890399061,5.110756041592435,8.69430293534865,11.414037681142315,0.2481544779592624
449,8.967743172157652,8.824362338572211,8.411600658840904,8.125231565776986,4.719703992389949,8.632957321210004,11.38903901834077,0.24212958461831177
450,9.01722983616481,8.905767521432432,8.44855014694085,8.222565712977616,5.142763383549992,8.740545846480572,11.407609364051876,0.23903795278870651
451,9.04743354779329,8.963065547272329,8.631235298582398,8.454223004462763,6.3233146563874625,8.769692204596264,11.38251314527423,0.233507959748094
452,9.083838823029641,8.964587201680553,8.579707755763296,8.415059072500664,5.542969692370296,8.75024459930604,11.376159627593921,0.229232080456428
453,9.112037512356828,9.044487076389037,8.625333040538187,8.518827548852308,5.710493452668996,8.888978693513703,11.404358316921105,0.22923208045642776
454,9.104290263633452,9.032730127106293,8.733540665848473,8.65426977996363,6.215363636504952,8.91895848360874,11.37138437769398,0.22670941140605294
455,9.12610858575878,9.01265720470284,8.56923029938421,8.319272059020669,5.028905396430888,8.845260133405828,11.393202699819307,0.2267094114060527
456,9.11431322175082,9.04465942270288,8.549265910513151,8.495554409251138,0.08494830307015455,8.911873009335011,11.38389951661093,0.22695862948601103
457,9.160104663695247,9.00907056325864,8.687087436023896,8.55053923332361,5.170714886047479,8.865260318247039,11.585505281263544,0.24254006175682968
458,9.194492625951368,9.092364377964572,8.668753082513417,8.494603024811827,5.897757002482178,8.947124101159794,11.619893243519666,0.24254006175682985
459,9.205802456498226,9.12947766701913,8.691393589118604,8.561531617405418,5.203204502962327,8.977008794718056,11.578772907299852,0.23729704508016258
460,9.448308566453294,9.130271238541479,8.739817312067302,8.622292031945952,0.7773492301193787,8.972614639135717,12.86796611573514,0.3419657549281846
461,9.47653111208425,9.36046319965626,8.928436687483785,8.763720060740205,5.991181803749252,9.142521015723137,12.848876016763903,0.33723449046796516
462,9.499648740556733,9.3748782580445,8.820694472318648,8.594562812475068,4.523339995137627,9.16274805443313,12.867466485760662,0.336781774520393
463,9.496672573941389,9.431751407079119,8.98329920374239,8.96682711375955,0.32889110664238963,9.30311502139461,12.8577294893914,0.336105691545001
464,9.515874674598106,9.426632385180373,9.045483765596025,9.02053429283043,5.405804631938828,9.283521664270278,12.882959549491362,0.3367084874893256
465,9.517903453501315,9.426611969939419,9.09476167848047,8.963557381903094,6.3334165412151435,9.240669308210776,12.882872145363672,0.3364968691862357
466,9.5388814325579,9.418116572039784,9.117386652489667,8.962180114573247,7.182528077628156,9.281473291889355,12.848592728948692,0.3309711296390791
467,9.547946604744846,9.482229009275104,9.06249886166574,8.853697169556142,5.051439567914079,9.289077130300154,12.857657901135637,0.3309711296390791
468,9.567049297581725,9.445109706364487,9.031651007489016,8.882223229277402,5.199782362967277,9.298268598976914,12.80204539692958,0.32349960993478555
469,9.64648273263304,9.517521805698035,9.07008922073873,8.986956188648968,5.765066446573959,9.342904516628751,12.775023434433995,0.31285407018009564
470,9.790585233540504,9.565415547713574,9.093065895966895,9.007666319481089,2.498485445747363,9.356626666477627,13.68978057631537,0.38991953427748643
471,9.817611890885466,9.725289232797307,9.36370312594025,9.09981322247366,7.492663727338606,9.529768436725888,13.693101408165543,0.38754895172800763
472,9.854868220053232,9.7398458126237,9.262418715260097,9.075226599685307,6.027707471380934,9.501415446320639,13.730357737333309,0.38754895172800763
473,9.841063792456014,9.759690966330378,9.124744412534703,8.929449297264423,2.7745465022363778,9.574376484744015,13.548096832213389,0.37070330397573753
474,9.956356303103718,9.80232125061821,9.336399082967203,9.176371291532393,5.428766116409827,9.57086091094274,13.896068366738994,0.39397120636352767
475,10.024281093297311,9.911587033856254,9.411194862848323,9.297481604651065,4.312402127697368,9.715553942374065,13.8687336322798,0.384445253898249
476,10.066040966101426,9.987976547276455,9.641569858367973,9.420065679468449,7.783883304346835,9.838473514931746,13.778774924613172,0.3712733958511746
477,10.107642914142904,9.98530721520478,9.46211777298199,9.37017102440715,5.492506632940197,9.800522994971821,13.763204636807352,0.3655561722664447
478,10.244865289657277,10.061956502842225,9.638899362709038,9.493917626728717,6.54728827349242,9.94491619475166,15.63408359815464,0.5389218308497364
479,10.404969894778242,10.197421890076367,9.603653152045327,9.34661526338882,4.298942956804657,9.907875412336297,17.88096960124942,0.7475999706471177
480,10.561722484847254,10.36569145974073,9.788432383317815,9.66477153867066,5.481839214203378,10.16132891097968,17.94030054069185,0.7378578055844598
481,10.642848756639324,10.50591403703061,9.782103627275175,9.547787085025398,-2.828348128808365,10.286560517195566,17.90887536772029,0.7266026611080968
482,10.698575934417832,10.577749716546867,9.835037085228526,9.771045222674495,1.9995967419822414,10.271997109691352,17.93993989494692,0.7241363960529088
483,10.942559069924142,10.617743177609434,10.045141609299016,9.95238222734578,3.719911922649416,10.438137915137101,19.95545214160034,0.9012893071676198
484,11.112700232296095,10.850100216766291,10.34020876231557,10.310372532334519,0.7464056944477662,10.66256825455147,19.984955483115627,0.8872255250819532
485,11.143526416036867,11.02610556936795,10.383140448796407,9.938337026769362,7.48987800017089,10.798717567558812,19.91878804119959,0.8775261625162725
486,11.212163503861156,11.09617032132092,10.355579192678025,9.947714989288631,-2.014810951493935,10.836317002169352,19.9468918122883,0.8734728308427144
487,11.25652880685666,11.1148760033681,10.212728322418837,9.983494109102345,0.15025924486955233,10.839935733301253,19.919627674681823,0.8663098867825164
488,11.47228975560425,11.175418214732384,10.483493618391787,10.203903727374955,4.932150728788772,10.870028692011445,19.867722693445288,0.8395432937841038
489,11.500718982191483,11.383519066750615,10.713638469691144,10.485878711187041,6.447018160197642,11.09809704517404,19.867891740835535,0.8367172758644053
490,11.68108816582679,11.389228540527004,10.54737863276871,10.656071997792333,-21.776956428964173,11.109237205418937,19.81476503688755,0.8133676871060761
491,11.8273557447873,11.661459222177765,11.050177510763556,10.9899115391452,4.251408660266749,11.503070309437758,19.84126415818476,0.801390841339746
492,11.873645196718106,11.70559034810436,11.08131398319078,10.879942121206625,4.480627247082555,11.529187351277866,19.82574199879889,0.7952096802080784
493,11.96490355454137,11.819529571219277,11.212306343055005,11.15830692245808,6.054376733248505,11.598029213211912,19.575476659348535,0.7610573104807165
494,12.01442263588027,11.882419180456719,11.343569471022466,11.073125354500672,5.753724426925334,11.6665967331341,19.591177937643206,0.7576755301762935
495,12.078383303068353,11.907617737210856,11.180293033419035,10.951095342486997,2.2150644487916686,11.581226020878061,19.554222283423858,0.7475838980355506
496,12.12341340495332,11.965099160994104,11.093896247455156,10.95326962318908,-2.6681630234138645,11.622060117212072,19.576144301435047,0.7452730896481727
497,12.204892642813347,11.983184816990411,11.404476950795319,11.23531954479759,5.145060630648093,11.787761766672123,19.552596431865275,0.7347703789051929
498,12.256816315616723,12.115821710593357,11.403939088440325,11.195315647548636,2.755085468949794,11.749587578294669,19.539307156944457,0.7282490841327733
499,12.392340567782572,12.25016829215501,11.716473756344913,11.61140642174994,3.468113188313005,12.089906246517266,19.61083915165842,0.721849858387585
500,12.447679666493407,12.227773669531524,11.623860862171094,11.595597113054133,5.022262764287891,12.00560609423442,19.57038073100329,0.7122701064509883
501,12.49010430557938,12.35931232688395,11.681762518375168,11.586011995566631,0.4660606907016174,12.134912261530923,19.593410012493056,0.7103305706913677
502,12.574232254926098,12.418491460667553,11.840694562605496,11.473214803486295,8.419278782514867,12.247228205766113,19.54408877401421,0.6969856519088112
503,12.697045187763994,12.5179429856306,11.947552762952645,11.780674227791655,6.210000380626269,12.270864598625673,19.55985043069419,0.6862805242930196
504,12.703079646636994,12.579658564206062,11.96229396927877,11.88033685023896,5.741133188169707,12.339431614440777,19.497725459896394,0.6794645813259401
505,12.971174190361321,12.65448026541783,12.152639577371039,11.930418692381942,9.001172024033655,12.41102955583314,20.564415362181776,0.7593241171820455
506,13.008669833237828,12.889438338167512,12.174994244326319,11.947456802954637,2.50817516891631,12.575850397878934,20.55478595889047,0.7546116125652642
507,13.049483351942069,12.90609465345378,12.223555834842927,12.002846678073997,4.659667924796157,12.663039001029407,20.595599477594703,0.7546116125652635
508,13.112544082243794,12.929032693456675,12.23867941941004,12.08602433953886,7.093118812540496,12.658910253850012,23.17397980785544,1.0061435725611645
509,13.328626536976252,13.056782466081668,12.389241925305399,12.162522836256837,3.5883752360540697,12.84456677870371,24.71248011060972,1.138385357363347
510,13.495350925617394,13.266655250647254,12.497558060571597,12.495950610491569,5.6732990715053795,13.075992971444542,24.7065964683859,1.1211245542768506
511,13.64423702137422,13.450654952165095,12.369912874864198,12.235204523966786,-0.4637653335192873,13.20316936180719,25.00945775315349,1.136522073177927
512,13.655247540718564,13.524638406803923,12.794996981201114,12.524005615362986,7.104778946725094,13.258904249548575,24.993827262900922,1.1338579722182358
513,13.807151493662591,13.570819965150378,12.62154260136606,12.448576909854273,1.9926758341509938,13.297098848396622,24.948619920906953,1.1141468427244363
514,13.9314487081507,13.76795356520247,12.91019166523979,12.616756671392968,7.306530824496214,13.430143258846133,24.994984285575324,1.1063535577424624
515,14.045067366892898,13.844502018352062,13.157826422491334,12.947082716461397,7.312765040488166,13.56199029502194,24.78389343110512,1.0738826064212224
516,14.24196409295821,14.025402171813901,13.268137179916035,13.003416019872988,8.409003190724526,13.73324758004495,24.82531821806155,1.0583354125103341
517,14.322481760309252,14.13261875449135,13.25294924448596,12.66862745167019,7.949668035971946,13.63520331601126,24.81491915473281,1.0492437394423557
518,14.389998709231488,14.233555550282642,13.101303475679241,12.909616032389572,2.217137014213918,13.812566452746953,24.768949929487214,1.0378951220255725
519,14.52084060114472,14.336313365768707,13.4591045816975,13.20583390347643,2.4136914039141537,14.017595780431272,24.827105850967826,1.0306265249823106
520,14.918176307290512,14.439273188533065,13.750930061365121,13.571497397775758,9.244455461195392,14.18207265041088,26.834678087912312,1.19165017806218
521,15.173576028660758,14.870735570406652,13.683953714088648,13.748156397042667,3.8970071588252075,14.538405352260337,26.84408912106581,1.1670513092405053
522,15.287747917575015,15.059139603793017,13.88314349357374,13.334651073076303,4.903385397051537,14.589930570626464,26.861021638258254,1.157327372068324
523,15.384091823423894,15.229255627482182,14.326464718178295,14.133805206563457,5.363270144203991,14.991309765505973,26.84925743163474,1.1465165608210846
524,15.5689494589378,15.317888339061474,14.031101559217014,13.323755416183182,3.1694511001219254,14.813995948691645,28.243158376291884,1.2674208917354084
525,15.66720758210619,15.422650266168993,13.977633811240116,13.332706553566032,3.955612822668858,14.922794279324691,28.297420311942787,1.2630212729836596
526,15.701580868792282,15.506445469911577,14.400221311195594,13.684508362310126,5.27539663574132,15.074121710921247,28.226022832494678,1.2524441963702395
527,16.03352991267977,15.668768583022576,14.377282392811981,13.776135724066938,-12.971787075142949,15.421472994170504,28.16976404911301,1.2136234136433237
528,16.104844793392576,15.959008519942666,15.11179770578548,14.956533589414827,2.5171260615625037,15.650002443850184,28.20042486949102,1.2095580076098442
529,16.30244059342546,16.01011673301391,14.99250062187672,14.487443560336583,7.377050606257551,15.64582620709489,28.177655940908704,1.1875215347483243
530,16.3797243462064,16.220616709657154,15.40088094647241,15.153444576913515,7.902837768072665,16.02590158406212,28.07793400361395,1.169820965740755
531,16.47970765572876,16.289220835415527,15.312451939305268,15.104664394206154,-9.73100408706598,15.894024243049138,28.203923709586014,1.1724216053857253
532,16.76153218718393,16.39128187476962,15.392574585318332,14.706906417750563,2.2084903943876455,16.056709087740472,28.194237094623972,1.143270490744004
533,16.838498179233916,16.61891356016845,15.518941927172861,15.160955964151817,5.158318331491692,16.094646998724848,28.178866306314564,1.1340368127080647
534,16.983024198975983,16.73693085630576,15.764913343276618,15.641199830729956,6.285539150052863,16.378694073891808,28.156467566056204,1.117344336708022
535,17.18839076786172,16.939699359138935,15.830334547462526,15.528142395395356,7.343592088834413,16.43954705828108,28.234951562545387,1.1046560794683666
536,17.229590316244547,17.047295776587692,16.268917108753957,15.89409524578743,8.365531394865549,16.84066622896312,28.237794521953273,1.1008204205708725
537,17.325654428266105,17.1340022512008,16.26837218186756,15.711933376632933,9.152270123689789,16.820314075062207,28.225700212860406,1.09000457845943
538,17.47553205104294,17.225542944852418,16.317984325994157,16.210723026696158,7.721253374020431,16.978013577412085,30.033373473295388,1.255784142225245
539,17.839490836114685,17.39927249834029,15.875066972999806,15.914612736138285,-28.54037138225413,17.07249945365173,30.8306559204955,1.2991165084380814
540,17.953211036607534,17.80169447407974,16.485057283241044,16.274976185996003,4.483568995156034,17.40306334266903,30.82799727366113,1.2874786237053593
541,18.043980043949404,17.882562051996764,16.911189713223806,16.32479636207199,11.005753497341857,17.647568122292867,30.821644946768576,1.2777664902819172
542,18.125197309373295,17.93338412049149,16.81322170678123,16.194668535901673,5.616413654709202,17.591555542282677,30.818757783987618,1.2693560474614323
543,18.311032642183335,18.05406605331029,17.00774829974577,16.676105350495853,10.732447476474931,17.631705246984026,30.84354650543291,1.2532513863249575
544,18.875782104081665,18.202472003731714,17.255527671030357,16.689345003300993,10.757097895122243,17.868735534536874,32.79038596176179,1.3914603857680126
545,18.927543596969272,18.79352640041022,17.72084222267701,17.3220540848139,8.477713023165688,18.411160741059412,32.778089070929894,1.385054547396062
546,19.199401446453823,18.819211358630973,17.739080840225125,17.14858665391757,6.8281216162325435,18.441500452294907,32.79942351858208,1.3600022072128257
547,19.49535623766742,19.093110271139135,17.918801416536756,17.87647919621972,-1.3840974736287848,18.800167596070523,33.2008633521866,1.3705507114519182
548,19.705969312385115,19.449414423993204,18.4414446076722,18.22104717383568,9.652429279522504,19.046685591297965,33.23158143809878,1.3525612125713666
549,19.782785021314623,19.61259338476101,18.53953497300231,18.394035785525265,6.142089838854396,19.268514984345007,33.18356179010205,1.3400776768787426
550,20.147842566776276,19.744175756192682,18.601430890383178,18.443643527557924,2.4241675130376414,19.41126473592066,35.5110590746072,1.5363216507830926
551,20.412692912064667,20.101422762258984,19.080179962477263,18.902647808089807,13.217936724256006,19.673726985874993,35.32562120439268,1.4912928292328016
552,20.58825666418091,20.347278357741036,19.30380940446174,18.700191102490358,12.603144463949562,20.000632102941864,35.3202808738645,1.4732024209683587
553,21.440734021606787,20.408578297269894,19.148113275440775,18.834094410693005,7.854631731944526,20.072562852628742,37.44170966549571,1.600097564388892
554,21.553117516677275,21.35028441822836,19.908825394940095,19.694072057630045,-1.7756192715586039,20.879038371589232,37.40416744604345,1.5851049929366174
555,21.83680168018468,21.430589126315496,19.971716754705326,19.346277588166515,6.603530181621785,20.83614812768711,37.40124395277714,1.5564442272592462
556,22.31537002497276,21.758068222767424,20.393519874323935,19.738566858058757,10.254764226289627,21.35708592084427,37.3856029003014,1.507023287532864
557,22.52459836114621,22.252275434151098,20.71202765728236,20.34602513310382,11.657830802736562,21.688029818730914,37.34395449864963,1.4819356137503419
558,22.628420570534963,22.45035552495035,21.065272806334576,20.065255791095048,11.11712738209069,21.99554330158199,37.35949513547929,1.473107456494433
559,22.988977774345432,22.461654196030306,21.35282670363506,20.886668706798467,7.9421995001267085,22.1537338624307,37.27624733754888,1.4287269563203449
560,23.07465386534334,22.817943778741373,21.684225486341973,21.013826889011504,11.13607735543643,22.472989692157675,37.242342728345115,1.4167688863001775
561,23.321955660396195,22.981100538957957,21.643657796290444,21.653833006353842,6.879671344706047,22.585353765422703,37.1586913817776,1.3836735721381406
562,23.387824710296627,23.254473771758835,21.94536342750783,21.742253196356007,10.09937096306048,22.848850793287962,37.16249762207418,1.3774672911777552
563,23.52712459087716,23.24347647845088,21.738289172346526,21.28144175846586,-14.42279377727288,22.867420729820886,37.276397886259616,1.3749273295382456
564,23.613022860712256,23.464709218315296,21.943838217233605,21.732808688197213,8.089351710803744,22.923224184439743,37.35465267037176,1.3741629809659506
565,23.763961578988752,23.53818954984068,22.398000024827358,22.016487262376785,11.457369821866259,23.269155907634754,37.283803134225494,1.3519841555236742
566,23.86572354035095,23.647143996351947,22.375970874094417,22.130647294484252,11.096214869639514,23.183376075052678,37.261379016593274,1.3395655476242323
567,24.08020866170134,23.798315849997795,22.710809913367502,22.24118139452006,14.983720004062903,23.430913242617144,37.292855801363935,1.3212647139662592
568,24.506490644886515,23.96538320067531,22.891278997627488,22.09532295829971,14.349433999006365,23.638433835905502,37.32765105788844,1.2821160413001924
569,24.576891244293783,24.365590229355917,23.231649816479756,22.840830389601066,14.774102969673137,23.89121841808867,38.188395942554806,1.3611504698261023
570,24.63026849362535,24.491985849249073,23.21991712940956,23.202540286686308,10.674303133485719,24.069036630480035,38.191854436396945,1.3561585942771595
571,25.129564634883955,24.56302485853689,23.231711700648148,22.140792899612656,16.98810582908017,24.04593901671832,38.18915263773621,1.3059588002852252
572,25.23169054338154,25.02030101834725,23.602946920010183,23.06145024188277,8.810545441799185,24.64066699948845,38.217527721671644,1.2985837178290105
573,25.366768703290692,25.14342909733012,24.040659997558638,24.0592496354139,-8.072669302374713,24.843782663734686,38.18255347719022,1.2815784773899526
574,25.5807801412562,25.257199656117795,23.34728913047955,23.376324136951276,-1.8102536208667033,24.650486575446244,38.06416601142901,1.248338587017281
575,25.703710985035325,25.51147016624501,24.335986210527764,23.735160107341486,14.519822668372907,25.192794829212325,37.990749930332726,1.22870389452974
576,25.852060070835783,25.607238154221225,24.424739054088143,24.099743577849807,12.501149253996061,25.10207034113128,37.97299091349718,1.2120930842661393
577,25.980573691080266,25.671657447901538,24.180385980729437,23.7522231416836,13.922975823311113,25.09202527255151,37.9977545479299,1.2017180856849634
578,26.099445674964798,25.89914952574567,24.47077043867914,23.878488622299344,13.669744190722433,25.496661582659463,37.97212471184035,1.1872679036875553
579,26.20640912319136,26.005780370104468,24.58581825742025,24.053673235384437,9.767948287241929,25.409067219892528,37.96856570637961,1.1762156583188248
580,26.37337050382783,26.11755073205248,24.580532717092236,24.252354719044103,10.848998966858431,25.736426746067863,37.987321593170144,1.1613951089342314
581,26.42667317288887,26.28791144522385,25.058698725723993,24.758895723647285,14.780645681194258,25.904730210076618,37.93455109528374,1.1507877922394867
582,26.563555384433307,26.387006966896713,25.41695169446142,25.150614200619447,13.722153253628576,26.03142083595808,37.93485703743167,1.1371301652998362
583,26.6743853197189,26.466273802164537,25.32141052262765,24.825776834531972,12.234168703533605,26.03942786596054,37.97726607344568,1.130288075372678
584,26.69160188395344,26.59586627966347,25.190753587417483,25.16489744207318,-0.8019656778740725,26.24360724633964,37.99592807745097,1.130432619349753
585,26.72547919317679,26.601736318893106,25.553117128697288,25.08654705684294,17.48187620760988,26.264828052884862,37.75269307694803,1.102721388377124
586,26.871856341505488,26.69671007234987,24.937066440109234,24.98717075646522,-7.1008537274152985,26.22041362778735,37.77181036155529,1.08999540200498
587,26.94591898517219,26.79454180880034,25.630975051504983,25.357581541094845,14.853294066124477,26.410690514497993,37.76796655155688,1.082204756638469
588,27.08855037831792,26.825329537762144,25.462869787376544,24.84239638029586,12.358118993314843,26.389333043685056,37.68167582575009,1.0593125447432172
589,27.334081618664122,26.933419648447053,25.799185751924483,25.49595747725177,15.802355285570691,26.595632818654792,38.456078844330555,1.1121997225666431
590,27.409731219546995,27.152735321155088,25.2435514024653,25.130725614415823,0.23264551216129803,26.604334933592146,38.45956270471886,1.1049831485171868
591,27.45659525009311,27.310196495137646,25.763501338220507,25.310073232128765,1.0698252887601427,27.00917101525562,38.43169678581431,1.09751015357212
592,27.557177222189985,27.371267847137283,26.043359830929838,25.810798582221643,10.610202999451104,26.839280294868143,38.44121889698535,1.0884041674795362
593,27.67008951921538,27.418597412361528,25.70372964231621,25.503395427663154,-5.716394116627157,26.982994034135444,38.41391377073286,1.0743824251517482
594,27.842795549369818,27.571733713549392,26.272809300405235,25.580807196427813,14.269655261447085,27.13100338583792,38.53249507225505,1.0689699522885237
595,27.930174241826943,27.740251303611743,26.248116673243644,25.880019166798437,15.974946445971138,27.329165371357128,38.579260254312864,1.064908601248592
596,27.99583347669128,27.788924018102797,26.252220726610933,26.188462289554465,-5.17693385627917,27.361344621214016,38.43193762991164,1.0436104153220358
597,28.08011946434841,27.91609007744764,26.52845768017709,26.13160221817416,2.2527143533786713,27.474738039817723,38.45688782393394,1.0376768359585529
598,28.134194951735005,27.963673968764667,26.60185592309973,25.790458784405768,17.88279341844652,27.506097054930308,38.51027148034962,1.037607652861462
599,28.206111341675673,27.986588915309664,26.969095926586565,26.567305167210602,22.19805865798373,27.59528558389668,38.45721504757542,1.0251103705899747
600,28.287396606330695,28.068342102826648,26.326171801853366,25.7262505817312,13.461822884153655,27.472768928620166,38.67558777767189,1.0388191171341197
601,28.72346140538404,28.06308929950325,26.924275749276887,26.5943952875735,13.730957038773301,27.665964904061674,39.28867917328577,1.0565217767901731
602,28.908841205184572,28.644138456469424,27.42843434406439,26.728677199731997,19.717731087619367,28.18708857133125,39.31880562044905,1.0409964415264474
603,29.0023675022221,28.828571533790573,27.359733110117215,26.896766114682634,17.50335857630244,28.395582682030373,39.355218387570474,1.0352850885348375
604,29.152942518142417,28.849186872776745,27.31273152436863,27.06708661516659,2.2450326309415445,28.15084552799125,39.259336043199546,1.010639352505713
605,29.27326593676508,29.104087305146926,27.86965568827177,27.42638996717445,19.30118208961014,28.771306136683833,39.343326476431045,1.0070060539665968
606,29.385105864492033,29.121275355321544,27.89272265527628,27.547038906128055,10.608450170493775,28.72806147998186,39.31677973688005,0.9931673872388017
607,29.46144772085223,29.32383580401241,28.014858782366744,27.811155162275842,16.263805649996698,28.780767950093093,39.34791472172998,0.9886467000877748
608,29.485798271226084,29.285663063668075,27.564386162697303,26.654004317466566,4.906999552744061,28.664931809429245,39.37226527210382,0.9886467000877733
609,29.47949472702567,29.37667972068509,28.236083193372952,27.503362569407557,17.749099588457153,28.919696263982807,39.3659617279034,0.9886467000877727
610,29.51511360269437,29.353907426941817,27.887379843497108,27.43344973639633,17.059381829204543,28.74215941412764,39.31621533759652,0.9801101734902148
611,29.618365055952623,29.477049352761856,28.255316400561384,27.57743247745683,13.485734031305114,29.239586086676205,39.35012392968942,0.9731758873736795
612,29.71823270178023,29.494688767561566,27.976340677921243,27.41218792857611,17.748012430045765,29.010211994774984,39.2561097203227,0.9537877018542469
613,29.814278892600356,29.644711412805442,28.355774047876967,27.62192551221058,19.573230619374474,29.236378426536525,39.22409565350466,0.9409816760904307
614,29.891985494395243,29.726181278542462,28.63079083452991,28.52555149904444,17.267852414592838,29.507871636651974,39.10107773786835,0.920909224347311
615,30.002926853872534,29.777770789714342,28.40021486177377,27.211913937676066,17.71438650099432,29.252500626401858,39.11816054337769,0.9115233689505158
616,30.08823362112475,29.8907934493935,28.45659546400971,28.26002682647876,2.717380877099856,29.540173742702933,39.35467258953567,0.9266438968410917
617,30.227589105261814,30.06186455742678,28.31934233808999,27.297991573632487,17.058791616725124,29.544088305835324,39.376541198240304,0.914895209297849
618,30.322251028754756,30.190460026477098,28.68271421622352,28.671411806198375,10.474778519200058,29.855914197694013,39.405309787198156,0.9083058758443401
619,30.362926739031636,30.135405400946595,28.48475006310408,28.166089840813697,11.262547577449546,29.665397746027548,39.44598549747502,0.9083058758443386
620,30.456680864085598,30.174530342923106,28.852755294967803,28.11767698141243,16.833032117152435,29.609946114832155,39.820945465624305,0.9364264601538708
621,30.52235127696067,30.343007572149453,29.063169025934453,28.269355260077653,21.677725023098702,29.754303759163466,39.99701944768104,0.9474668170720371
622,30.592051132439828,30.419209493846317,28.978847681761074,28.68574692777993,18.788980736111448,29.893639531640265,40.00322781842804,0.9411176685988211
623,30.64205353531844,30.521503184820876,29.424600517588612,29.145830234758982,20.813738789311348,30.1810635619276,39.99384374803773,0.9351790212719295
624,30.762393272221722,30.56236779786174,28.861500178738712,28.14296796542174,5.192162043190059,30.147501079069112,40.00450960386091,0.9242116331639186
625,30.82398762403796,30.65209846610286,29.29139922492032,28.759906350107663,19.085776419303446,30.076290978182158,40.00740847698737,0.918342085294941
626,30.874561324617204,30.681008620079243,28.42642884837943,28.416408855761915,-6.036838452840811,30.111612380387317,40.05798217756662,0.9183420852949418
627,30.923868989328334,30.737477008983845,29.1430330527717,29.15337825265246,12.841598430620817,30.312208750617664,40.00575720687349,0.9081888217545158
628,30.96772293627672,30.769687015206543,29.097749007040758,28.354394426507557,15.85823498805168,30.166163316754847,40.0273106114541,0.905958767517738
629,31.01416550270553,30.870833157810033,29.74204629436197,29.21706460436974,21.289927444612477,30.363658439398222,40.02348206698976,0.9009316564284228
630,31.098859305920474,30.883898917868017,29.54803845124297,29.094550108097447,17.007146993633935,30.41945633139568,40.049468182333946,0.8950608876413473
631,31.142916830527287,31.01077129349893,29.425368636748743,29.00202349383696,4.4884227348635335,30.378863116874435,40.02685725655162,0.8883940426024335
632,31.197424343708516,31.064828094892324,29.69551012394188,29.101859554821917,9.817196801379943,30.598194341285524,40.04904060639246,0.8851616262683943
633,31.24569002543526,31.144408525540474,29.740443316922903,29.456238686731783,17.28020150781336,30.87087154326504,40.02416263677894,0.8778472611343678
634,31.338714096619583,31.194922383554864,29.5932957331569,29.17075014092992,13.180374175622362,30.711086692342214,40.04791555889916,0.8709201462279578
635,31.38853135077421,31.222349249353197,29.84397628477943,29.071031544337437,17.540691321572417,30.740422820872382,40.06724328108037,0.8678711930306163
636,31.393635887774323,31.21342516893479,29.81473680365708,29.192481897353396,13.926075174901612,30.550248213554877,40.01714281183847,0.8623506924064146
637,31.480901816135933,31.357750697163695,29.895791473137383,29.77619674446029,12.142922236409394,30.962978002740947,40.061499161031826,0.8580597344895894
638,31.471270179980557,31.319691068330116,29.977991906680042,29.538320481162216,15.866090005055874,30.853757592464735,40.02024474827476,0.8548974568294206
639,31.531435383301474,31.395529401988227,30.196526306074325,29.654580879635404,20.906748365521338,30.979243422862417,40.027039964227534,0.8495604580926059
640,31.63058164925848,31.40561703362185,30.214254050629684,29.52024577954252,22.252245105288292,30.886632745352962,40.04158872079977,0.8411007071541291
641,31.806456846985377,31.4751347900487,30.13771603484031,29.575755279912094,21.285201531505834,30.92659060579848,40.51329174257652,0.8706834895591145
642,31.927287727122007,31.721987283791467,30.10217801106066,29.185981185093684,16.761535774830453,31.235991090021855,40.47677258610692,0.854948485898491
643,32.015865450768004,31.829853416961498,29.947663723792104,29.685309902013767,5.548794755027181,31.247611626944263,40.50054085897376,0.8484675408205753
644,32.076480203426875,31.931589797963472,30.432153722103852,30.16276002091732,8.642972908114182,31.339709170992926,40.52775749563238,0.8451277292205505
645,32.201436253187914,32.008152195253565,30.82200322294747,30.602397429776225,17.194918891967575,31.64310316032936,40.60856324863716,0.8407126995449247
646,32.28084137968329,32.0929594905368,30.820693243279493,30.8819310650438,6.282657357499474,31.74277019082396,40.610098411088494,0.8329257031405204
647,32.41687617807565,32.213091523819884,30.723697821464754,30.136606644767866,21.49786742438446,31.507154716693996,40.70923916293109,0.8292362984855446
648,32.49576545006827,32.310740691084355,30.47047594746773,29.71192008809428,-2.2935905294659804,31.695601937569798,40.69688760606921,0.820112215600094
649,32.53928025023088,32.32138358733137,30.439304302811703,29.711546871666435,16.051701365195957,31.713201302990754,40.636977954568216,0.8097697704337335
650,32.60119005067537,32.48278709163062,31.254767727733917,30.497573693885016,23.502268792660267,32.18874905401599,40.69888775501272,0.8097697704337349
651,32.62246214254775,32.39523164806721,31.02785736639181,30.66145569282599,15.704827223069788,31.98266093833766,40.68370847552116,0.8061246332973413
652,32.65402661248472,32.442121054031794,31.010637498431702,30.122043310179425,17.942485995312037,31.90421378361085,40.62699442589891,0.7972967813414186
653,32.746622789655,32.485372688602986,31.104393267775816,30.465950493306117,21.60083770378129,31.937059915000667,40.84277682780355,0.8096154038148548
654,32.81273709202142,32.607776506752494,30.89049380287554,30.396469017884684,12.231768061644196,32.029380495892376,40.82037873661624,0.8007641644594816
655,32.8705856428607,32.74965443309418,31.154349603342542,30.738386309337912,15.84926884291054,32.197832242783846,40.83365838639638,0.7963072743535676
656,32.994330350790094,32.767858559274934,31.354275001580913,30.94700872250374,14.709735181017223,32.29342946161271,40.78588847022902,0.7791558119438928
657,33.108037577863186,32.87392562680248,31.73844375241694,31.31127157518584,25.078381768164277,32.36202956476085,40.82735190167041,0.7719314323807227
658,33.11395791300686,32.97278243740556,31.69296563274879,31.45040622503685,21.188561823478175,32.516718427118235,40.74204905598097,0.7628091142974116
659,33.138061650109876,33.019854923748824,31.492231019385585,31.196389554179127,21.72762610243868,32.39767534526395,40.75203815566197,0.7613976505552094
660,33.14084341548343,33.04636698650753,31.599697302915608,31.452366025209884,-2.6253807459774023,32.61561287804315,40.75481992103553,0.7613976505552104
661,33.15288384035194,32.98949159013325,31.40053153777372,30.55657945230005,19.95150109138221,32.356980175116,40.766860345904036,0.7613976505552096
662,33.168152775490476,33.02216292939579,31.559368941209836,31.27132898447457,20.9861676986973,32.48279182961434,40.75394545172993,0.7585792676239459
663,33.34826273154586,33.0216277949322,31.576122106432532,30.919902565048673,13.519045884567248,32.488939412915244,41.35357727245157,0.8005314540905706
664,33.44100249201981,33.285275456153485,32.14615467913035,31.55039574134645,22.62560065478927,32.883191485324154,41.446317032925506,0.8005314540905696
665,33.44165083997685,33.30384525813129,31.817263500509604,31.608023789702266,-1.7786193637455057,32.71846584017898,41.447103780707565,0.8005452940730715
666,33.415507527639996,33.28631893396903,31.916291478400346,30.77878078471197,23.31479055353866,32.816526325633326,41.42096046837071,0.8005452940730713
667,33.44848028751793,33.32903070731012,31.990311033455757,31.541406463625755,16.354692924506253,32.88547525803471,41.42395997240548,0.7975479684887549
668,33.52807147281942,33.2869534087668,32.123954783732856,31.552414894237472,22.774539988559145,32.69101515931757,41.39310590373895,0.7865034430919533
669,33.586689894241424,33.47835287789471,32.45007155718689,31.84436283133767,21.762247006577702,33.11328648550594,41.424126905089125,0.7837437010847703
670,33.6058992094552,33.47715088440478,32.21571135155926,32.00046827239538,21.698791316434466,33.112437538461556,41.41171344370122,0.7805814234246015
671,33.651911711569255,33.48388782385722,31.746590872362688,30.951853700638175,8.753298864092152,32.75732778148256,41.424657729442835,0.7772746017873583
672,33.6602683434386,33.53487218403263,32.190011013556216,31.543078879030613,21.576030817251784,33.101346061062145,41.4330143613122,0.7772746017873597
673,33.66395342321515,33.52737550594745,32.298591938082794,31.808523650472686,19.729122930420747,33.108623496939344,41.405076664487034,0.774112324127189
674,33.778952189020146,33.57988599152426,32.262935498999774,31.93511093215915,20.774835175793452,33.03291930952665,41.4042194823843,0.7625267293364153
675,33.85794396685624,33.722479206478376,32.56277812684281,32.087582013732415,16.723400524695208,33.359441962510196,41.42283474164316,0.7564890774786914
676,33.88569784507151,33.73812048000026,32.47216486064951,32.075318566458485,18.282317564437037,33.20537717199946,41.4203493003011,0.7534651455229583
677,33.90296493270878,33.750747223685565,32.531360859926195,32.309610056486214,23.700510425751027,33.13162212342465,41.44774795236807,0.7544783019659289
678,33.933224484945114,33.80608846818949,32.62782606987517,32.4884729148845,23.013051575954727,33.49928650395323,41.43211629297313,0.7498891808028012
679,33.95086512384232,33.82735796513525,32.46476330378687,32.16754220887569,23.184134813891028,33.531620928918805,41.40495158788309,0.7454086464040772
680,33.98300448335374,33.87207297513092,32.54506344284288,32.2884986217468,8.603800436728136,33.47264454728201,41.43161059372595,0.7448606110372215
681,34.001731512963225,33.864280841631455,32.166375006164564,31.231785866938765,14.545861888593926,33.23695098733506,41.36009571065013,0.7358364197686905
682,34.07594038344112,33.91481062152909,32.61677208061665,32.06023805586332,10.604613202636259,33.62359074379489,41.360995579585044,0.728505519614392
683,34.11531087732902,33.90046664080768,32.604020359310056,31.950015489231713,21.420881558969214,33.49986649344894,41.366654000740425,0.7251343123411399
684,34.162694703171155,33.9874344387891,32.935441953364624,32.587998028868476,25.173101638194563,33.65028594310862,41.360031963440385,0.7197337260269225
685,34.22916294479475,34.09672815593122,32.47685013973974,31.39175878904547,23.70879077073674,33.454526141109994,41.42650020506398,0.7197337260269233
686,34.25759211938059,34.08777038107324,32.76888400501481,32.42737153839141,16.89592344635878,33.72117477473231,41.41847718733863,0.7160885067958039
687,34.25762766344101,34.074963849207826,32.94499896443288,32.50127943973264,24.570916473537377,33.58578758965672,41.381575843648555,0.7123948180207544
688,34.31267684811919,34.09966239599059,32.48729732699358,32.03197396630604,17.80456738448472,33.41917265823179,41.44011061158101,0.7127433763461826
689,34.290552432962286,34.14404074875613,32.72666736725936,32.07539067489967,6.9005702780190035,33.54137217928271,41.41939873473713,0.7128846301774843
690,34.31563985048694,34.16364280979117,32.71811166435882,32.31649083300814,19.900758404819236,33.57778979604571,41.2770909396345,0.6961451089147561
691,34.361366572916104,34.24030898470644,32.87075922570267,32.388587078355854,19.7070041709585,33.99514365906251,41.24589280507831,0.6884526232162206
692,34.38617378984212,34.265162071559715,32.73897348729516,31.71031230192133,19.210307973120475,33.686885219975366,41.27070002200434,0.6884526232162219
693,34.39683341081055,34.294653106269806,32.70751571443759,32.005666884129354,19.881138190708995,33.73355494354779,41.257570767556196,0.6860737356745644
694,34.445144808583656,34.273496744573414,33.09142741206196,32.5572356584788,22.33999772849372,33.914957827750456,41.275699519382904,0.6830554710799246
695,34.46789274798439,34.313549775196506,32.912510818817466,32.757524997107545,14.29386988171153,33.790400422664874,41.29844745878364,0.6830554710799247
696,34.476868218889905,34.26969439298149,33.05072156130681,32.55907698540381,25.026107065320623,33.80068256965427,41.24817054857265,0.6771302329682746
697,34.52600622996127,34.420809302436176,33.04620713316247,32.70472396351172,17.89807882437842,34.013473956962955,41.297308559644016,0.6771302329682747
698,34.5531349767628,34.39259862030325,33.165548694975634,32.95042973269919,14.181177738598166,34.00377113491671,41.30959914783442,0.675646417107162
699,34.54406572699298,34.42730941466222,33.01951282788778,32.883122225143524,15.919858457387765,34.030827768766876,41.3005298980646,0.6756464171071621
700,34.55303783945907,34.434354564609244,32.99743256896244,32.79824332724296,19.183348290466697,34.08182954593647,41.30950201053069,0.6756464171071622
701,34.5593011346148,34.43100854173514,33.334036606647494,32.95527086373348,18.672101201709367,33.937539793912265,41.278853937045795,0.6719552802430997
702,34.601603581662054,34.37903973338578,32.88901936744253,32.597989172505564,11.169043521220829,33.87926176067164,41.285380123436106,0.668377654177405
703,34.61451283137884,34.49112919845532,32.99925501882044,32.40689711612301,20.070953643617194,33.91863424746222,41.29828937315288,0.6683776541774046
704,34.61734484092855,34.39030326007639,32.82027795642521,31.92753363154364,19.919054575428866,33.750823444458135,41.30112138270259,0.6683776541774038
705,34.62198461331021,34.42827377792442,33.23494453543641,33.01220871982622,24.790973370575003,34.023847040500314,41.29511739249292,0.667313277918271
706,34.643035785221215,34.50736411135864,32.83866664851096,32.36013196447628,14.333250125238134,33.91092863390034,41.27858208266097,0.6635546297439756
707,34.667523896955586,34.5112831047951,33.33665488264813,32.695694305527354,26.756378032220592,34.02411896470785,41.28879224207297,0.6621268345117383
708,34.68894085802083,34.56416211055139,32.953862811206925,32.55613453037962,15.493304217443068,33.97774539122044,41.31020920313821,0.6621268345117377
709,34.688308896671,34.47699688346684,33.12693998722697,31.925713717195308,18.483497668430186,34.076571793179696,41.27031266601767,0.6582003769346664
710,34.701348905906045,34.4581663977677,32.758603573454906,32.45621149510365,19.29505474053614,33.93254521342769,41.2819275323099,0.6580578626403858
711,34.726805321311986,34.60606706099405,33.169905881432456,32.644234747364465,18.246437640705825,34.156361819539775,41.307383947715834,0.6580578626403851
712,34.710959915931745,34.60110413251545,33.511412036901625,33.21948824037435,20.398092353391384,34.28301174679231,41.29204091744583,0.6581081001514085
713,34.72479684302333,34.4984295867184,33.06590629316153,32.509088661338936,15.971785159992699,34.02045502312706,41.28628030784686,0.6561483464823533
714,34.73250155118072,34.532825303530835,33.02888710360183,32.95056859527987,17.81446394726376,34.07749731347597,41.25141426363488,0.6518912712454162
715,34.781666171506586,34.63929642585805,33.35435928244045,32.95791462267031,23.971991863036664,34.11001343431488,41.260769306698066,0.6479103135191483
716,34.81158603266145,34.58721957797987,33.17814456708803,32.796134480435896,16.75321024022955,34.000173006310185,41.27297186226616,0.6461385829604712
717,34.82911700455978,34.67281203417478,33.25483122279329,32.87138908490942,20.880903704689754,34.21687266749963,41.26571917403564,0.6436602169475862
718,34.84291357805074,34.597158108032616,32.92731308994434,32.452061333724416,13.547226352250107,33.987470264577595,41.2795157475266,0.6436602169475865
719,34.85220081409633,34.692095377358676,33.25896067523519,33.02848241888521,20.942269490010695,34.11960335973261,41.28880298357218,0.6436602169475854
720,34.8653638618795,34.738804517100434,33.36238409330091,32.701139028666404,19.628391122528296,34.28921930459279,41.269622488765926,0.6404258626886428
721,34.895455070535746,34.711846427647394,33.54644845900309,32.96837693599229,20.857872754739084,34.20395270723809,41.29788923240278,0.6402434161867033
722,34.898640507970526,34.73789401781846,33.119229011255314,32.32111464609512,16.050412002270384,34.17240386770128,41.28558650364844,0.6386945995677913
723,34.91421561386813,34.74815452728559,33.115767645044734,32.571055982852045,21.140928020725212,34.16395031371516,41.30116160954605,0.6386945995677917
724,34.91529709660716,34.77974881904663,33.37441477269193,32.9073313500191,10.49211452614973,34.32091831462219,41.27169183498863,0.6356394738381468
725,34.938300779478794,34.74489492813141,33.08666365231011,32.668003674097925,17.654335514741916,34.21023385041375,41.29469551786026,0.6356394738381467
726,34.93337555019727,34.787607767109456,33.52902500076213,32.94368796125932,24.99065311040168,34.4333586427702,41.263953125140546,0.633057757494328
727,34.99302652097994,34.74662828150472,33.22476537426593,32.63667218754424,9.63849057298544,34.02971851099025,41.28083982455665,0.6287813303576713
728,35.02953256587375,34.822896204725964,33.57341846545017,33.16864131412573,9.189871275337133,34.3837952427249,41.309755262966554,0.6280222697092803
729,35.019388381904065,34.80164647304413,33.47542124570435,32.57203397348808,19.96898903545009,34.38912051232904,41.27768423810323,0.6258295856199162
730,35.060088284975414,34.95405246093386,33.42942930542639,33.07992179036167,16.068544647211453,34.658624281931516,41.318384141174576,0.6258295856199164
731,35.04277077017652,34.87615030366133,33.45503435176692,33.135984652514196,20.11113646822026,34.313327997864505,41.313773937342106,0.6271003167165585
732,35.07910015634708,34.95076267188989,33.85870116674331,33.473076582663424,26.25793050222449,34.61299113974995,41.350103323512684,0.62710031671656
733,35.09947658229011,34.91620572420113,33.27366112569871,32.88990644564503,-9.490663731951166,34.450065160433745,41.37047974945569,0.6271003167165583
734,35.108961964387454,34.914788198049955,33.27888865400601,32.90290713874325,14.807292564349268,34.45085992187815,41.36369630938989,0.6254734345002434
735,35.14512298104992,34.88962306675384,33.741202174716825,33.18591314085999,16.338533219290976,34.34382790392758,41.329877590852824,0.6184754609802899
736,35.14702779301435,34.94667171172338,33.39160320020188,32.731628582704445,23.31069492614921,34.254025188907406,41.331802506890604,0.6184774713876254
737,35.16547325822209,35.04999637836537,33.95434130889108,33.52039353563732,28.483373381238934,34.66554912778659,41.34542778109598,0.6179954522873882
738,35.17080424492727,35.031367721714695,33.75092874316591,33.41369989442747,23.97318481442422,34.46886853105462,41.364248396627076,0.6193444151699807
739,35.205662979471136,35.04758986297176,33.29091407168391,32.74589752862233,14.720927475670024,34.5537912710151,41.33523244401472,0.6129569464543585
740,35.25194168943625,35.10963763955256,33.71900207932393,33.55446316008619,15.513681764117674,34.805603296873535,41.46484124019557,0.6212899550759318
741,35.34921070910641,35.089644672279064,33.84034204565104,33.512155634910044,11.398781002909153,34.74493209609294,41.394711481050976,0.6045500771944566
742,35.39609108944106,35.304053825343836,33.73778226049487,33.22324501603723,11.698884882656536,34.897407055899734,41.43850441270167,0.6042413323260607
743,35.393714086815564,35.244404637950126,33.37200432082723,33.63905189116863,-16.163308697945908,34.766435286963656,41.43612741007616,0.6042413323260596
744,35.42225455888704,35.29961186205621,33.89073698015382,33.669603389736835,20.572720323167577,34.823966272021735,41.65671877762776,0.6234464218740721
745,35.50018435772935,35.26321742711869,33.83277181429311,33.72187194068674,-2.3185151693334873,34.82735118430693,41.66595234864326,0.6165767990913905
746,35.53737747250409,35.366928930772055,34.08557122525569,33.66811467155695,21.20393841234558,35.00059437606451,41.67125116301439,0.6133873690510302
747,35.5550536050192,35.297544049161246,33.236026947913466,32.36778798550572,16.422670423884473,34.43537863318475,41.64973084172234,0.6094677236703145
748,35.65232084720502,35.40481561716508,33.36241447290989,33.154120821772665,-19.284350316844332,34.91090518572758,41.680865778009384,0.6028544930804368
749,35.6610175684197,35.514456118479636,34.50990210907068,33.90934026257635,28.364877584858796,35.184486610207884,41.65380853438319,0.5992790965963484
750,35.73080520408405,35.535508812053564,34.29144799182232,33.82342810960852,23.628950357324428,35.11841884238604,41.62617613848079,0.589537093439674
751,35.73766085134962,35.58335624167856,34.405423798398324,34.04808207128811,24.657049321277228,35.11537525626839,41.628933642837104,0.5891272791487489
752,35.76079410837476,35.627613765591185,34.65348015193609,34.158148253419235,27.751130816412275,35.274096545067664,41.661557584286896,0.5900763475912139
753,35.75517040341424,35.636316972750684,34.534883108119544,34.090840888065294,26.71468468403655,35.192298531144125,41.517125490636325,0.5761955087222086
754,35.83716021402773,35.71681880616061,34.221058953019266,33.86355980631347,10.584993652626906,35.3226690126095,41.604738714501714,0.5767578500473981
755,35.84910155039556,35.664922542324064,34.304923297467425,33.42773721225977,25.9176383293382,35.12842114104092,41.616680050869554,0.5767578500473993
756,35.84532713003052,35.70842653444272,34.07241420544575,33.81997014561312,17.492843950107442,35.21774751858119,41.61088726414083,0.5765560134110308
757,35.85775654514341,35.690446148291386,34.15536465260608,33.693999261419975,22.448713392398368,35.26949451864784,41.62331667925371,0.5765560134110304
758,35.85731647461433,35.746184249607865,34.10819757655137,33.49389477362364,15.906245230904407,35.15367750342892,41.577078056866725,0.5719761582252396
759,35.89641016508305,35.6844186919434,34.06952150512174,33.76429638907986,11.92190543857894,34.99968909007346,41.525184875771046,0.5628774710688002
760,35.971619077352614,35.795148277216995,34.50171000403609,34.261054419998324,21.466570795176878,35.28265231345189,41.60039378804063,0.5628774710688009
761,35.95686498918994,35.80840363781998,34.40633809046806,34.14801744907298,18.996639684533122,35.3482329908509,41.59180564989654,0.5634940660706608
762,35.96160550461797,35.79036151921044,34.477392217509085,34.051283717019956,24.733120133380186,35.36111818032852,41.51758501334292,0.5555979508724948
763,35.97241717071263,35.713593301139646,34.283030886853396,33.617415126033066,20.7580001722243,35.262803457033215,41.47244403428971,0.5500026863577079
764,36.0580757711724,35.85118545874125,34.259634163517234,33.70259286908229,9.16845373920252,35.34877512479474,41.49694830998828,0.5438872538815879
765,36.080131642344654,35.89825980301797,35.03877350628175,34.86239451931377,24.634083948516615,35.65106326358281,41.481150390763354,0.5401018748418699
766,36.11842282340019,35.91539487049489,34.55282934121234,34.097050043572935,14.747205435975886,35.35702219793303,41.51350193080096,0.5395079107400774
767,36.09016552202573,35.8412464388951,34.12624713462163,33.35794844612886,22.503499437553437,35.23622832286645,41.48524462942651,0.5395079107400782
768,36.10054936301175,35.91216112326345,34.55402267514515,33.64842757745176,25.04883967592257,35.41018566254539,41.48237237291586,0.5381823009904111
769,36.12232084483123,35.85648422514958,34.568703955360284,34.11643425745431,26.237329850212078,35.493225066903975,41.47811544197811,0.5355794597146881
770,36.1490271968555,36.03449311164626,34.89573402582348,34.76305305288234,24.526938772550643,35.632395357675534,41.50482179400238,0.5355794597146886
771,36.137795165890786,35.97196127224296,34.34415530385531,34.197074117344705,13.86626288024673,35.59915473486822,41.49358976303767,0.535579459714688
772,36.154941175887174,35.96663725821777,34.73169814568964,34.28235275721633,21.445188206976756,35.421397544129675,41.50457651604498,0.5349635340157802
773,36.19212788320222,36.063207925869136,34.75858944707041,34.17130590282009,22.469522420703825,35.64690734010311,41.541763223360014,0.53496353401578
774,36.16402235519177,35.993544703962954,34.53959161830967,33.96444054332156,26.437001532793673,35.312346274804014,41.513657695349565,0.5349635340157795
775,36.17550536937873,35.98954072593736,34.507728260482715,33.9852939737317,23.20838269083878,35.52120393633298,41.46897643964731,0.5293471070268575
776,36.25031443098348,36.11320806882421,34.833971847226344,34.232068863130365,24.090058741263288,35.56932085455388,41.50783713584887,0.5257522704865388
777,36.283306733942595,36.12521114233638,35.16092241555937,34.78150473601696,27.439430394996,35.72463521161113,41.47316561647734,0.5189858882534739
778,36.31373552761635,36.15375012550329,34.61963325247637,34.32620033562756,16.82340447427861,35.74449107046934,41.46669921731425,0.5152963689697899
779,36.36019557827156,36.235522252474915,34.90777541465878,34.40677908827114,24.875526855569955,35.69507854726359,41.4887346411989,0.5128539062927348
780,36.37242879584528,36.205676957675124,34.91528833476326,34.71653919662448,22.51783447283727,35.73476836117632,41.50096785877262,0.5128539062927342
781,36.37227319170438,36.24509031310953,34.9169423202209,34.39943111317331,24.2269057140281,35.80254342713148,41.50081225463173,0.5128539062927349
782,36.350457505341524,36.2266472610457,34.96689072428963,34.668146278177545,24.272219532008798,35.86677775281353,41.47899656826886,0.5128539062927341
783,36.35960887201034,36.24688106832089,34.9454193122853,34.295191957474,23.265482427612305,35.910580684362785,41.48814793493768,0.5128539062927341
784,36.36508364057674,36.19579582592124,34.60058132902747,33.90261684949626,17.009005881605923,35.602286774735674,41.49362270350408,0.512853906292734
785,36.512302649786626,36.19200432555934,35.043973793333805,34.634202690243676,20.729385853093504,35.86616482771538,42.20282562358123,0.5690522973794601
786,36.57486966626172,36.47351582276467,35.034557308618055,34.45878378722749,22.211791465465932,36.13183207346866,42.28076536351336,0.5705895697251641
787,36.59311212030481,36.435386488411936,35.00909317903268,34.25981727590403,26.518108657606227,35.7570806550675,42.29900781755645,0.5705895697251645
788,36.550687480863544,36.424473230232934,35.06217621929102,34.816581294802376,22.606281006388365,35.913046088659016,42.256583178115186,0.5705895697251643
789,36.57976340225565,36.41403001704444,35.15270928429261,34.59141355336425,23.094585356573685,35.76128562611281,42.250421754785734,0.5670658352530082
790,36.6043572148146,36.45460892983762,35.221171639338415,34.65493948424365,23.41848576908872,36.00772909377615,42.27501556734468,0.5670658352530086
791,36.617037844157764,36.43974481782097,34.897354744949986,34.73423745494189,-7.207536460783672,36.09592613781485,42.28691145036511,0.5669873606207343
792,36.64037624487206,36.50363069587122,35.253302125382966,34.6272702218622,27.18898665623138,35.969737987694685,42.00653970695351,0.536616346208145
793,36.674557650143846,36.56142800921766,35.19785095972732,34.82718729814111,27.574882858924777,35.97184517268421,42.04072111222529,0.5366163462081447
794,36.736944296441436,36.52154576193662,35.05153055547436,34.34655283825117,26.57220685208021,35.88784448507295,42.04959616706402,0.5312651870622582
795,36.76312813054654,36.623961084553294,35.37096731667369,35.154328908920974,16.712650761832606,36.21594609846187,42.23823450812505,0.547510637757851
796,36.81891478224519,36.59010199809931,35.31409757766131,34.60849258150787,24.960663313495893,36.024754548744006,42.2662422919327,0.5447327509687513
797,36.82467467211057,36.742409398036735,35.435399362441274,35.23078192386364,25.655441653223246,36.35671213126713,42.29019730878837,0.5465522636677806
798,36.81920448795515,36.68733727169197,35.42469496991141,34.984690766977536,17.34175414636322,36.11892224811536,42.284940920841905,0.5465736432886759
799,36.813690740602894,36.65496482957272,35.37387516444437,35.267853993701735,25.069175357706065,36.2374268389306,42.27201407107664,0.5458323330473747
800,36.83827691150359,36.6846323435366,35.34341132124665,34.98485633993706,21.011762317749344,36.364921056106795,42.33614844154894,0.5497871530045352
801,36.86654382760492,36.71218498787418,35.44036904804883,34.96613921933866,21.40208305242276,36.25357983384404,42.36441535765027,0.549787153004535
802,36.858840919880194,36.71310311985908,34.6050665002358,34.51061674670014,-18.60656344034235,36.25969876145667,42.356712449925546,0.5497871530045351
803,36.87288637362827,36.69341640173946,34.723299512498016,35.01677118802531,-8.973311580229868,36.21317289938719,42.35470632515267,0.5481819951524399
804,36.881755014014715,36.74314588881495,35.47644251215622,34.84718814430909,15.090670165612032,36.317593691015496,42.3635749655391,0.5481819951524387
805,36.87240065345785,36.62419836528936,35.43886439943634,34.53220790097065,26.07585389374997,36.15931086881835,42.35422060498225,0.5481819951524398
806,36.87529355675004,36.734572795158776,35.34631409424128,35.119094999533324,16.982885239737797,36.269843366769976,42.366822543393944,0.5491528986643905
807,36.86596178459693,36.748808114905884,35.38098471332788,34.74578413290588,11.669412928730093,36.31540253281264,42.33954962178548,0.5473587837188556
808,36.88314723460321,36.795743611101656,35.33976585555021,34.736483639882906,22.794558261766607,36.276067020741294,42.35705129955778,0.5473904064954576
809,36.86895766209435,36.747677186705914,35.43715073235297,34.808196619207656,22.95203977220945,36.33435841027569,42.339571155317,0.5470613493222652
810,36.89705492709473,36.75214354676099,35.378388085820724,35.06381338428974,23.561078173459222,36.42683264411956,42.31522835069559,0.5418173423600858
811,36.90646484310133,36.749516416970266,35.313468665648436,34.67623239338994,23.264022801922966,36.22261358122799,42.32594951380757,0.5419484670706237
812,36.92562823524083,36.66760774087311,35.11353055502703,34.25079132755137,20.548170313952113,36.11385399629963,42.34511290594707,0.5419484670706237
813,36.91647748915358,36.755888628081884,35.55790562314781,35.328222039302375,18.12183524400743,36.40029121452184,42.30141428862322,0.5384936799469638
814,36.92151348491014,36.789587288965464,35.50606097803821,34.95298012521957,22.862630978715764,36.306573293959985,42.30645028437978,0.5384936799469635
815,36.94380029400438,36.70671510123207,35.19765084436447,34.837081814596004,12.876895211048556,36.15214680007843,42.32873709347402,0.5384936799469635
816,36.95387937110925,36.81745579296936,35.18275982153854,34.31947963577239,18.2412584077894,36.27935414919074,42.32804267759603,0.5374163306486779
817,36.96467718993989,36.79264144811242,35.516044909988906,35.266832434826426,19.14357132395016,36.40174729824784,42.25522814480106,0.5290550954861167
818,37.09244071075573,36.88596463616332,35.539449332889205,35.43495606424424,23.275495542442556,36.52808738678222,42.305763799798115,0.5213323089042381
819,37.12843846635396,36.89698619292974,35.799693565188484,35.24571531136745,28.250950167295102,36.46672602132349,42.30236795153839,0.5173929485184433
820,37.16852236717221,37.034540737541334,35.64527735471853,34.87016881966117,27.623645938267742,36.71725305185144,42.32125040330707,0.5152728036134862
821,37.16155048443807,37.039741086064005,35.59792267798302,35.26901399103578,19.407677305456204,36.60734550194297,42.314278520572934,0.5152728036134867
822,37.155797975638606,37.045439151458126,35.51749578036188,35.174666972553034,25.34875955606185,36.62456717958413,42.29192816396557,0.5136130188326967
823,37.19310448112106,36.97828439863825,35.10669399048865,34.462962876789504,21.470872236910367,36.34736940345445,42.31123439784767,0.5118129916726609
824,37.3787196147004,37.04783107218729,35.05826366253173,35.75341841998992,-22.235132232125274,36.67190563764332,42.24933676707592,0.48706171523755143
825,37.47515996318441,37.33577065995688,35.933459369942405,35.582055468292964,23.524878610374333,36.91328722146772,42.19534622589109,0.4720186262706685
826,37.552713179243504,37.37566432156993,36.23379485839646,35.85727556959977,24.672102266575575,36.971780811483455,42.25462132650499,0.4701908147261483
827,37.587500789578684,37.360337993833106,35.61677444853954,35.29185745915953,6.427696080777828,36.780780228376145,42.289408936840175,0.4701908147261489
828,37.56427283328476,37.471682882803464,36.006033894281536,35.36949480235242,25.243434644726786,37.05016260969677,42.26618098054624,0.4701908147261478
829,37.55650823037991,37.4246284789294,36.30002030453569,36.04292165376686,23.993724748493182,37.14356969917351,42.24208510036745,0.4685576869987533
830,37.62723441326112,37.398907974419714,35.76134122223571,35.464743547071635,19.799660969089107,36.945914114767746,42.24518470653095,0.461795029326983
831,37.63759882267798,37.4999188128958,35.87983899605174,36.17394331572496,-17.791231794563437,36.985783554076605,42.18659234851792,0.45489935258399394
832,37.63156176322669,37.536535401386736,36.37490217366483,35.934965576302346,29.186326604680577,37.2069064388806,42.18055528906663,0.4548993525839939
833,37.63005320788778,37.446686767327236,36.18412566082356,35.83650392976131,20.7798337931723,36.97646333307807,42.12239904390131,0.4492345836013532
834,37.69935210487376,37.48072942569161,35.927973086306,35.412505992253,18.38251922867135,36.912820810187945,42.16007516428561,0.4460723059411848
835,37.72123924396788,37.51172319652755,35.78426909642867,35.42636520534206,8.54254247308667,36.91756288264729,42.18196230337973,0.4460723059411847
836,37.71484855756922,37.60330563871981,36.52683075213639,35.96883571674398,24.463031574231223,37.21058061970203,42.17557161698107,0.44607230594118497
837,37.76317257817891,37.631234351840405,36.23147174208573,35.794651863859755,27.612954477396585,37.088912105783315,42.157834821958254,0.43946622437793453
838,37.79229031064712,37.60853786189453,36.106627631588154,35.97202163941741,21.14072018874813,36.99150587738827,42.186101416388254,0.43938111057411366
839,37.776199902326475,37.60671673506139,36.39165850888038,35.74074785517459,26.684939733302507,37.18518467400574,42.15402603688267,0.43778261345561914
840,37.78268474976997,37.708763555271524,35.7931383776246,35.432946570244575,-17.334426403272886,37.12452082595985,42.16051088432615,0.43778261345561836
841,37.79560959118917,37.620363868404645,36.07180020911402,35.64828166282421,5.5912520565246595,37.21628171615966,42.125913953235724,0.43303043620465514
842,37.83965105813191,37.74258055601002,36.05022056108305,35.66655167796822,11.100299593174462,37.35320097111153,42.16995542017847,0.4330304362046554
843,37.836004409976034,37.74415592937276,36.93699990661467,36.71682837817894,30.97302324590111,37.43932677186031,42.16630877202259,0.43303043620465553
844,37.83359714741203,37.77662502129638,36.428212702000046,36.31374914770077,23.44409392061951,37.27942557390807,42.163901509458576,0.43303043620465503
845,37.89210138491943,37.740038060372704,36.01349116517783,34.91165941174053,24.049151322146827,37.19719322301058,42.183109508100976,0.4291008123181547
846,37.872282316786,37.72881570363742,36.08547402942522,35.20522931624627,13.73862399877116,37.32904622973089,42.16329043996754,0.4291008123181545
847,37.89188647828844,37.71966314951748,35.92915370764226,35.696555710002634,0.9488895631455918,37.189892855312436,42.17954094038137,0.42876544620929335
848,37.88590382600795,37.7707439360712,36.12223353543534,35.365985731973495,24.947742034551382,37.15716158195153,42.173558288100885,0.42876544620929385
849,37.888660771482,37.782266584131364,36.80004688206762,36.554860198226585,25.42233819791381,37.41197856710394,42.17631523357494,0.4287654462092941
850,37.89827898507922,37.73257660928209,36.445242914902686,36.14200647457788,27.5235309174263,37.19732088069965,42.18593344717216,0.4287654462092941
851,37.907120386288135,37.75617275546591,36.567054875666855,36.1504139768861,30.415814853078352,37.31643624404656,42.212526442484624,0.43054060561964913
852,37.96723404549229,37.83775441969068,36.33871822900286,35.83630484442057,18.737017543306763,37.45840564306737,42.27264010168878,0.43054060561964913
853,37.946702940738284,37.66814706240248,36.27675530725559,35.6462494082915,23.210630569980747,37.2055069180943,42.16783520418796,0.42211322634496773
854,37.98289964296151,37.837152680943774,35.967613858212694,35.741869782355394,1.3044983526773706,37.26735102110456,42.196096076658364,0.4213196433696847
855,37.99083399609595,37.809420976989834,36.108700368272125,35.91012808033042,25.06109432366611,37.112175746949056,42.2040304297928,0.4213196433696849
856,38.004483003630824,37.79329214427281,36.18614960338687,35.92195316940618,21.166815814666894,37.04540910844436,42.21767943732767,0.42131964336968475
857,38.02221749891615,37.87068281383535,36.26082657806401,35.91339076450034,19.001683131001045,37.27721463848566,42.24519024551987,0.42229727466037215
858,38.00355299934904,37.89722037239682,36.61832561402839,36.35284311840995,23.001086128593375,37.40950038086035,42.22652574595276,0.4222972746603723
859,38.000469963702535,37.903155380568606,36.42739357338656,36.062810013691504,14.367503629294372,37.55968533773189,42.21433411007976,0.4213864146377227
860,38.00646345533124,37.85668279925549,36.74495852517312,36.22137852322986,31.0854675922715,37.379435934120565,42.21470826124142,0.420824480591018
861,38.028213815689725,37.87102076579592,36.46899381070437,36.567404178399755,18.559535099647544,37.2947439787109,42.204451193738315,0.41762373780485873
862,38.05486030290787,37.891469069413766,36.43536287292433,35.59122457710191,22.596724292191244,37.37842402484452,42.24180212737929,0.4186941824471419
863,38.024372876758605,37.789202801505844,36.22853530153981,35.4733184281141,27.509129008993032,37.28031329880247,42.21131470123002,0.41869418244714185
864,38.02525004890626,37.85577265276706,36.36445100629513,35.55839519587754,25.424134268638486,37.293299904747556,42.20646148036277,0.418121143145651
865,38.056013537464715,37.95633497463979,36.846784726199196,36.72950040081142,26.58137909458741,37.43972417476939,42.23495552463833,0.4178941987173614
866,38.0454234337856,37.89025077257898,36.503164009752865,36.207278922189964,23.702533233230476,37.20505793101182,42.22436542095922,0.4178941987173614
867,38.08327735620324,37.892468306849395,36.54820198774128,36.04795605911219,27.95503906968623,37.32977569495219,42.225635173327596,0.41423578171243575
868,38.11077903659947,37.84626118677814,36.400438169661534,36.15004778892495,26.659995678328592,37.41843211404944,42.25313685372383,0.41423578171243597
869,38.08522947787942,37.927692203514916,36.51726891690326,35.78599969772369,29.31444935625253,37.38352452342225,42.17156516255788,0.4086335684678459
870,38.16099666136222,38.01062624482212,36.51299465621267,36.74325703722967,14.522983673383301,37.68786282656657,42.220689034071825,0.40596923727096046
871,38.1828793393261,38.02059633737127,36.535025451944094,36.53590806258441,22.815345309070274,37.542331666664595,42.242571712035705,0.40596923727096074
872,38.24003952005245,38.07971712613694,36.790092132146825,35.91854362517812,26.258774396018502,37.72142456008947,42.61450052804676,0.43744610079943164
873,38.257871842794216,38.134500101849575,36.868009875153184,36.254054432237574,28.80487620381934,37.67780762997067,42.63233285078853,0.43744610079943147
874,38.248639856657924,38.093064736754485,36.573054381594105,35.77656851937398,24.62379500796558,37.59608987159437,42.623100864652244,0.43744610079943175
875,38.255082679002975,38.034641178959646,36.48681356699017,36.088536618459955,22.77192030495775,37.39682329765659,42.62954368699729,0.4374461007994315
876,38.23894993321703,38.10150461730097,36.63670015137075,36.042340114348725,24.531534311146476,37.490414834564035,42.613410941211335,0.4374461007994309
877,38.24529887796605,38.104744330264296,36.62036567982249,35.954348342317594,24.829523890330318,37.48353837699439,42.61360293267659,0.4368304054710544
878,38.28642279211006,38.116834825286446,36.914466729061985,36.58925226553234,28.59491483769878,37.732471297152884,42.390676619036064,0.41042538269260087
879,38.32659795660593,38.12966464484017,36.97383472772034,36.25870159418403,30.873916644295562,37.67850664438306,42.41701374633543,0.4090415789729498
880,38.315968315929624,38.19046746365889,36.8062769434179,36.19344405503044,28.558114400916534,37.58090278185705,42.40638410565912,0.4090415789729497
881,38.37690310115548,38.206630497648185,36.06506475654051,35.727674107180846,-15.805590041655591,37.45442086854317,42.44870581733827,0.40718027161827985
882,38.338620768863535,38.2600007574873,36.81809735354921,36.155867424114156,26.481119455093154,37.86744163572156,42.41042348504634,0.4071802716182802
883,38.338799189564675,38.10609013063256,36.64605242135274,36.131966207071926,13.723408738513047,37.48417031005647,42.41060190574747,0.4071802716182796
884,38.35604313549366,38.207090208406804,36.80652157741376,36.42069455726326,22.883850541825538,37.73245329488198,42.417706712794235,0.4061663577300577
885,38.37492104351511,38.199788948398435,36.63819970177007,35.97681697262252,21.900017243512305,37.470606820122256,42.43658462081569,0.4061663577300578
886,38.35657124003981,38.2437180866566,36.91233620968669,36.63204472884853,18.38557581803408,37.88795823965043,42.41823481734039,0.4061663577300577
887,38.35828377826143,38.21721458960429,36.660324201583855,36.450431251727366,0.02125732099673172,37.74394929996427,42.41994735556201,0.40616635773005805
888,38.365544601778744,38.24432188354143,37.192307942828606,36.75726418823059,32.44210330790022,37.80066150574924,42.42720817907933,0.4061663577300583
889,38.36160899303231,38.266789423160745,36.81825220004079,36.58343907218223,19.341945667681202,37.719368721011584,42.42327257033289,0.4061663577300578
890,38.37731956805509,38.23292502603115,36.36739076163385,35.96426230806788,1.632807330756414,37.719203604044594,42.449336267153086,0.4072016699097995
891,38.33540932688304,38.204414542366514,36.803143080355014,36.39992438156045,-0.8529513933035702,37.83845454172898,42.40742602598104,0.40720166990979983
892,38.32749951231941,38.216214954394346,36.34334471029373,35.6290060221587,24.118595721700125,37.65238031981825,42.39951621141741,0.40720166990979956
893,38.33447933348593,38.18954880403068,36.795494857924,36.54396850893616,23.58696314563477,37.74208918163553,42.40876547686682,0.4074286143380888
894,38.34815164477371,38.09643811623175,36.6212150488651,35.7763894831492,24.55478352100098,37.563582883738015,42.429850890567614,0.40816992457939033
895,38.36740284403112,38.119692642650335,36.573789412166654,36.38646141133192,24.732662421653647,37.721894271074675,42.44910208982502,0.4081699245793901
896,38.34550831117542,38.0911355013133,36.69090661241751,35.97039502171941,27.726630913836892,37.55504102635301,42.44267650786236,0.4097168196686936
897,38.33930396524598,38.17138576991303,36.57178239267934,35.712042126384496,24.13638403492372,37.56638451812142,42.43647216193291,0.40971681966869306
898,38.33114971222247,38.22027581636577,36.62128765765588,36.73757460824068,19.295241579591206,37.74518714630357,42.42376147425673,0.409261176203426
899,38.35007943614488,38.22848964359032,37.13490104490646,36.618233289133705,30.231106987759794,37.89037404034636,42.44269119817914,0.40926117620342556
900,38.32422701142034,38.19687730720349,36.83538706633521,36.42552542779339,21.68654743501004,37.61241429675262,42.39643778661015,0.4072210775189811
901,38.338798292436145,38.1493191489158,36.422791806702854,36.31950085524283,7.946464153746032,37.667697981421995,42.411009067625955,0.4072210775189811
902,38.35831661113433,38.20021166366212,36.711158558204595,36.13919813631735,27.202815046538102,37.59497273038736,42.43052738632414,0.40722107751898107
903,38.34492852997162,38.208753338780845,36.6121530938996,36.176385480224454,21.83506337130636,37.72367733006384,42.417139305161434,0.40722107751898146
904,38.34502719365867,38.12639987547167,36.57224745145882,36.04252034164319,26.67782230576651,37.55948058738416,42.41723796884849,0.40722107751898134
905,38.352148098240235,38.15428111725317,36.52238601805602,36.09158575058374,24.91170190070016,37.31606254322109,42.43052482344867,0.4078376725208433
906,38.33826720303788,38.25160806558485,37.14545011570148,37.072933659108564,23.69637018754987,37.91807301487553,42.40937145584054,0.40711042528026614
907,38.372073349718356,38.21233734007855,37.03800049421161,36.92806037722807,25.4407755482302,37.771165602043624,42.40995121073587,0.4037877861017516
908,38.37833006240242,38.26404324867524,36.455803591285864,36.25795608022483,17.560473441531208,37.68905286933217,42.38462277324302,0.40062927108405977
909,38.39947320496077,38.319513862176386,36.69818874418649,36.23431623486067,12.936287306111616,37.77837943965808,42.40576591580136,0.4006292710840593
910,38.39393884664728,38.2636404157233,36.66499911862543,36.29021465058995,24.58767578474327,37.858982779459225,42.40023155748788,0.40062927108405966
911,38.388214279936015,38.233136742071395,36.60988738767447,36.366469306225106,14.305670420446006,37.64166135501285,42.39450699077661,0.40062927108405977
912,38.40407659136852,38.265023046609635,36.73167727551275,35.958251522826544,14.432652770826923,37.76423667969249,42.378364055553355,0.39742874641848325
913,38.452829293581516,38.34061388421179,36.82867433085755,36.417927842190544,23.74264632013132,37.74583695599443,42.39483328771666,0.3942003994135141
914,38.493902626342866,38.27429963402938,36.72757053457184,35.7550029267631,27.622904646646433,37.73158020274675,42.435906620478015,0.3942003994135146
915,38.48948288007622,38.38385717287953,36.92619566481983,36.20435563733051,24.440180360163925,38.05974453894059,42.43148687421136,0.39420039941351404
916,38.48386811051878,38.395413080155244,36.845564600646625,36.79306810880851,13.947367677911675,38.01740328538027,42.42587210465392,0.3942003994135141
917,38.483372793817395,38.35232023527097,36.50223920119672,35.71841412420899,24.08163022118624,37.571586672814696,42.394562690647994,0.39111898968306014
918,38.501496998191804,38.246938287470556,36.42766345980551,35.942051762332895,17.457884417380473,37.734855721877494,42.36763868987646,0.3866141691684656
919,38.51310647873776,38.326886234087915,37.01383521245012,36.674981417648446,18.474887774313906,37.71717868145076,42.37924817042241,0.3866141691684644
920,38.51880509091252,38.359435092631635,36.4965206686744,36.13190518807474,-1.326441501745684,37.59282968736291,42.35313054864195,0.38343254577294295
921,38.599213273495835,38.421699778540685,37.02862173441512,36.4249334392254,26.616757213683137,37.77074749278282,42.43353873122527,0.3834325457729431
922,38.57165819388809,38.46682024847655,36.972901946866905,36.87427475692805,19.322988840862433,37.75909342124831,42.405983651617525,0.3834325457729435
923,38.59995340470016,38.4130476457073,36.842883254007205,36.34213785630889,18.275564365628096,37.86396533664568,42.39547082321891,0.37955174185187485
924,38.625352743625186,38.4768353089698,37.00577131433035,36.52056657764239,18.48694885899023,37.97069731290751,42.42708736801745,0.38017346243922684
925,38.61564733164306,38.49151232914445,37.13579152911331,36.770416465077716,23.744166002266695,38.085767437110405,42.4215045874592,0.38058572558161335
926,38.612386060558045,38.488518478638454,37.08426900556851,37.143494351667044,20.1110009677854,38.107643007905935,42.41824331637418,0.3805857255816139
927,38.64072090454697,38.5276016348537,37.221797416060866,36.774346336897445,26.684735315714548,37.972339341243526,42.4465781603631,0.38058572558161385
928,38.616743806979855,38.45484971635423,37.0838637514121,36.698080714010196,20.08408001808418,37.7685318873167,42.41516530939473,0.3798421502414873
929,38.63161204436279,38.50421870570803,36.87664990555051,36.717384299287176,25.61462505052925,37.83181832887564,42.43003354677766,0.3798421502414871
930,38.63849846155514,38.519673085820656,37.17026537176176,36.00310874564617,29.215684643735756,38.06239228178185,42.43691996397001,0.37984215024148776
931,38.63852861206062,38.51543653598168,37.39184539553988,36.9378290957619,28.507761895756385,38.1198068074133,42.43695011447549,0.3798421502414875
932,38.634806723216855,38.47146783743856,37.09887348068726,36.63303615779522,24.23073977273276,37.98808395308594,42.43322822563172,0.37984215024148693
933,38.61923066732552,38.50732484203723,36.91497665121319,36.389921894350515,23.27897645267478,37.891038834618755,42.414737037933556,0.379550637060804
934,38.62215637617875,38.443411131236275,36.882417428616556,36.23699275721688,23.92106099317037,37.964059840662166,42.4123736586065,0.3790217282427748
935,38.61310212945344,38.48571893156593,37.3539493477912,37.25433043333368,25.00334622580004,37.94487122798883,42.40580254498647,0.3792700415533037
936,38.659029765162366,38.430784077299435,36.928900633162534,36.6166336076752,21.768339394838854,37.879876695577344,42.42685034988099,0.3767820584718628
937,38.644108074166205,38.360717484895474,36.65745264622752,35.738425024454834,23.942061552241736,37.62963021859825,42.41488722421764,0.3770779150051431
938,38.665279372571426,38.49258789627498,36.955681514678666,36.648509563753954,20.06623046625711,37.95373086600494,42.43605852262286,0.3770779150051432
939,38.66915689619128,38.5258458267411,36.98534470991949,36.56155833467483,26.40683504857766,38.00034457724989,42.439936046242714,0.3770779150051431
940,38.65650369994404,38.393528924212966,36.399571667330015,35.26219490739627,23.224874234798683,37.560773508187495,42.40853252531421,0.37520288253701717
941,38.64995602579819,38.54589505990018,37.331540083815135,36.90037485621347,21.855365763641796,37.93780779075696,42.40198485116836,0.37520288253701706
942,38.64747679358993,38.45521448643005,36.68175216760399,36.287435751043404,12.780608365507518,37.76381220788025,42.399505618960106,0.37520288253701756
943,38.67874925916298,38.54277710740828,37.1684635365906,36.86754277063049,1.033558461211463,38.12880174714567,42.38918465618813,0.3710435397025151
944,38.718574313347574,38.57223592217006,37.358891933407165,37.06807380994262,27.621206492851783,38.17510483963798,42.429009710372725,0.3710435397025149
945,38.698471287292904,38.54179777404614,37.11195373992083,36.603649289424894,25.219928181494243,37.96216905267736,42.38276520517128,0.368429391787838
946,38.74620795159392,38.607023344470335,37.26058769530866,37.126425896655725,13.201602125832785,38.07322268581013,42.43050186947229,0.36842939178783685
947,38.715845030895345,38.454423547281685,37.04726463778516,36.29999618224265,28.75561432587171,37.80439438427407,42.41766883739118,0.370182380649584
948,39.16436060028351,38.61846243347575,37.31175856871748,36.39185576904178,26.62447972352573,38.14829510659679,43.55317006322641,0.4388809462942904
949,39.20550910192313,39.04227405544416,37.615818483030765,37.15933860009241,24.215415463804494,38.60259553944478,43.56544324298549,0.43599341410623577
950,39.22130039630202,39.06335474372703,37.82615251829609,37.379857241767795,27.833114701892978,38.53958818665127,43.58091830959837,0.4359617913296345
951,39.20590626379054,39.03820082153665,37.67792750848892,37.159522870852314,20.03701373896733,38.49151506742665,43.55949168695359,0.43535854231630566
952,39.236954333159815,39.02861674062147,37.61834869013152,36.81077364157186,24.692772738051,38.405482754008645,43.59053975632286,0.4353585423163048
953,39.20538960384728,39.10527088547044,37.622085701974505,37.119517718850545,23.70191098128881,38.71057415388928,43.558975027010334,0.4353585423163056
954,39.20133840013928,39.11358395883279,37.59860250546226,37.19675018951136,27.71272587999318,38.46865928576602,43.56167529896731,0.43603368988280283
955,39.2183661323436,39.049778718092725,37.49986737047805,37.03964769540869,12.115997103425563,38.61361233781748,43.632304840417795,0.44139387080742004
956,39.29830613106442,38.99472233277724,37.1208644168575,36.77060899941675,-21.86751123085373,38.38951883591683,43.69474743798317,0.43964413069187464
957,39.3111429987798,39.180524659947366,37.60129475831196,37.02807620652368,20.59221231117444,38.74876327567246,43.65139717289302,0.4340254174113217
958,39.46376694600231,39.085769262058264,37.459952172465385,36.68264312569176,19.17922920067509,38.50120767589707,43.32873943120631,0.38649724852039974
959,39.50600838565256,39.34904158196844,38.020374727077396,37.110472373989424,32.1300203765246,38.74393136061095,43.23636918155223,0.3730360795899671
960,39.563412967427254,39.41404502170268,38.46901770409168,37.976816151060135,33.772771295448976,39.039147742678296,43.25361792831392,0.36902049608866694
961,39.572957947177315,39.35316146572147,37.95288383946457,37.86299126521304,15.849840441604702,38.83820848984257,43.26316290806399,0.3690204960886676
962,39.59632139368512,39.469270328609184,38.30105621905282,37.84795173974856,29.7641512687133,38.99776310854601,43.28409415056272,0.36877727568776025
963,39.59301347137721,39.45312430832091,38.197667830342546,37.845532891960666,25.429221362403975,38.959886858210226,43.275885012273314,0.3682871540896099
964,39.59339538975716,39.49378239558056,38.07482437377337,38.00097636227519,26.896424390876653,39.09309386375216,43.24464415405158,0.36512487642944175
965,39.633866259603145,39.419060330381356,38.02437912401194,37.451714242682115,31.043829191653977,38.80369326832074,43.17654471319285,0.3542678453589702
966,39.66504242581892,39.509031743023804,38.27578724752571,37.81107477701434,30.749466261532515,39.02723171006534,43.20772087940862,0.3542678453589703
967,39.66469592662862,39.53156441455095,37.15192855406494,37.22329591762528,-15.913415237265987,38.970911820978955,43.207374380218326,0.35426784535897055
968,39.68398419720509,39.54125830892561,38.001736972849656,37.546165561210884,28.133241417521525,39.06877384330032,43.2241795176895,0.3540195320484406
969,39.655896209776415,39.48377501309099,37.896592267050124,37.205661041044735,19.460896040822487,38.926453386387216,43.196091530260816,0.35401953204844033
970,39.674482532273714,39.522149119280904,38.01118671778264,37.86389536186528,26.905250007454647,38.889671805468765,43.21467785275812,0.35401953204844083
971,39.68372112973681,39.57709145162936,38.07398395072501,37.70055468760729,16.678485699671562,39.13314388643343,43.22391645022122,0.35401953204844083
972,39.677450742006414,39.57518330338486,38.37039398222063,38.18357895467636,21.167131690458795,39.16600746538285,43.200477683596596,0.3523026941590184
973,39.71211291295152,39.55276484006561,37.7715631830699,37.5604612363924,19.041487165170157,38.89542420634366,43.20207163816927,0.3489958725217755
974,39.730702702960976,39.593186708776635,37.4815106048847,37.69534983240908,-13.535360926065039,39.22245981783914,43.22066142817873,0.3489958725217751
975,39.73716527082738,39.60035137380459,37.92098284102757,36.95768839090232,19.497843055487166,38.962509281950794,43.22712399604514,0.34899587252177555
976,39.77478110528291,39.597761604824164,38.42196404724385,38.00024318790562,30.077559027111718,39.09867450399521,43.25135914731063,0.3476578042027718
977,39.73862245515062,39.53708843190219,38.10056672144661,37.64520246198417,19.747445347384495,39.132301696329684,43.215200497178344,0.3476578042027722
978,39.757527718756585,39.61444844928355,38.06936005410663,37.5932627734854,25.95835974818062,38.977227776629825,43.22608493751136,0.34685572187547764
979,39.74805382691742,39.64223985168779,38.347122742330065,38.063175775793226,19.58000351046831,39.15866151658001,43.216611045672195,0.34685572187547736
980,39.76105488535243,39.640686526346755,38.31346959236884,37.742953453306804,24.26167538626276,39.14367369057647,43.20429890095033,0.3443244015597897
981,39.78278866070202,39.57871460180453,38.507733048505855,38.135564225686906,32.837045506463056,39.12424331665189,43.226032676299916,0.3443244015597898
982,39.81961951620021,39.69896734498508,38.07006994737048,38.138467125748974,20.67923832394454,39.20304141706971,43.27593640756489,0.3456316891364678
983,39.89117797146751,39.744320046005505,38.41696143976782,37.760835506743135,27.49807836239272,39.23801955326837,43.34749486283219,0.3456316891364678
984,39.899878646217815,39.667907195250066,37.84361910403229,37.609430539557835,-13.046616686256527,38.84849047228981,43.35619553758249,0.3456316891364675
985,39.90242737586141,39.75212977532526,38.69844260290317,38.66856493918209,26.743854758373956,39.49317961268444,43.35874426722608,0.3456316891364674
986,39.9151686245114,39.80235121023234,38.21045974487582,37.708171626576174,15.739591203581597,39.23269590456529,43.35307196571876,0.3437903341207361
987,39.892474245549714,39.700762214388426,37.61045101414167,37.22247998774892,-13.04452055754544,39.03732344423203,43.318884089914626,0.34264098443649094
988,39.892653090237864,39.690472017038296,38.35321273895265,37.62305192252628,29.79312521257525,38.71386983770962,43.319062934602776,0.342640984436491
989,39.88895826260246,39.799121890461485,38.56509642855892,38.3740232812791,22.043689903034327,39.216018767781065,43.31536810696736,0.3426409844364908
990,39.879246585043,39.726562352670776,38.451859269968224,37.824659545246746,28.61936869376008,39.278518064414655,43.30565642940791,0.3426409844364912
991,39.8932466292958,39.718817176801714,38.13336172316903,37.9643050383672,2.2080656716352465,39.29596136473357,43.31965647366071,0.3426409844364907
992,39.917887724405475,39.806209071079984,38.520504122888234,38.34075343817558,24.135936460470504,39.30508936679874,43.34429756877038,0.3426409844364902
993,39.89626855036367,39.741213149986834,38.216998132970645,38.11133210211109,-3.8919751395155373,39.29072051913755,43.32267839472858,0.3426409844364907
994,39.89918773379826,39.75620313573065,38.28320273820833,38.049341635601984,26.37290938389873,39.18416118631943,43.32559757816316,0.3426409844364904
995,39.92997541089524,39.785889884016164,38.76631534887473,38.83338983916526,28.05672655458134,39.42914155651509,43.35638525526015,0.3426409844364911
996,39.89190640636979,39.72062272776131,38.50420174778422,38.13318795635227,25.549714197205827,39.31655265249741,43.31938777003994,0.3427481363670144
997,39.89718891947553,39.653771345666286,38.33845515092883,38.09613797008366,20.852441651135635,39.26211489658819,43.32467028314568,0.3427481363670145
998,39.900400787350556,39.766228206545776,38.494995724784786,38.19429962467861,30.820047007593377,39.29228363047204,43.3278821510207,0.3427481363670144
999,39.900950201762335,39.797378499662095,38.46444532307392,37.62228100792764,31.278446061349637,39.30520758144699,43.328431565432474,0.34274813636701407
1000,39.88497472875619,39.731166619758476,38.659706807946264,38.16586568178081,29.217894048997785,39.272166441531915,43.31277232019235,0.34277975914361597
1001,39.89809847546402,39.74665615949358,38.4091850438637,37.50620034268816,29.32182484384436,39.18742243896425,43.32589606690018,0.34277975914361586
1002,39.90061807450839,39.65995353819558,38.108460977723276,37.69062353101539,23.13500004680659,38.89217043595577,43.32841566594455,0.34277975914361597
1003,39.92054091509543,39.70788745691428,38.22515046537257,37.83999056576757,20.911401154811873,39.22655601802191,43.315969648559275,0.3395428733463846
1004,39.94170705828818,39.85525961722476,38.2349326156426,38.24104637567185,-0.15496281502227305,39.31257077954619,43.32816240557304,0.338645534728486
1005,39.95119499651673,39.72216028156676,37.57161717698617,37.480171413268,-27.389496082543893,39.00905421354524,43.33765034380159,0.33864553472848613
1006,39.947982638496626,39.818504654840986,38.06018703355664,37.88236967294688,21.603168099716758,39.46592334950351,43.334437985781484,0.33864553472848574
1007,39.96841571318779,39.78969203422911,37.99043488134923,37.44878306593735,15.606438935541973,39.098998200516576,43.351334845820126,0.33829191326323366
1008,39.95946165873389,39.837223503795364,38.31424831461131,38.269333605973934,1.4051882460571719,39.469789870036145,43.32655678563969,0.3367095126905797
1009,39.95023117473628,39.82941901954537,38.675987607315996,38.84648343167643,20.051272394704768,39.51555377289493,43.317326301642076,0.3367095126905795
1010,39.962928885413945,39.84453632941392,38.75355076342597,38.445265778084824,27.61844903881775,39.289794937732154,43.33002401231974,0.33670951269057964
1011,39.98732431966634,39.85859446568405,38.72831780253668,38.391353902063905,31.32945930171607,39.49887768391841,43.35441944657214,0.3367095126905795
1012,39.9526356734218,39.73333929093356,38.133249856791,37.703771533412315,20.170592176855525,39.26651731017232,43.319730800327605,0.3367095126905799
1013,39.95953778991216,39.79123517561882,38.210169123390806,37.653986212651944,20.916368479558088,39.21937312212436,43.32663291681796,0.3367095126905794
1014,39.954828314897185,39.77650348214707,37.861315561784686,37.88625926289052,-12.967644013922126,39.11650536994108,43.32082934770918,0.3366001032811992
1015,39.972769712478964,39.85567057397004,38.39014224543168,37.845570752808584,13.951666683385007,39.270296378325654,43.33877074529096,0.33660010328119944
1016,39.952561904396944,39.835802328689724,38.131282823045815,37.35559096605546,24.716981851663128,39.35876595069199,43.307847744156554,0.3355285839759613
1017,39.981452673896904,39.852293307554504,38.30665349609752,37.7890268988324,21.597106905855505,39.496978158141516,43.30511573705483,0.3323663063157924
1018,40.0004967041173,39.83305337797573,38.48280649466299,38.15365246490248,27.849761155972857,39.36851895642344,43.32415976727523,0.33236630631579334
1019,39.993406389979455,39.83003156966667,38.57984056514796,38.14544998333922,28.3826470850334,39.261286501365475,43.317069453137385,0.33236630631579306
1020,40.00465960363751,39.78543757379233,38.63654572054001,38.55424704073347,22.611561457017025,39.370820531108215,43.31386826908798,0.33092086654504715
1021,40.005582197514315,39.870113232072626,38.34028074087783,38.04028639751226,-5.253640789112261,39.44969961791324,43.31434417937263,0.33087619818583164
1022,40.02310648253519,39.81828038673265,37.75446736582074,37.71634672953009,-16.6687690243888,39.26397032737336,43.367153752785796,0.33440472702506024
1023,40.033786736953765,39.90754261397166,38.46322357489815,38.101695251716386,24.977107575971285,39.36427097668382,43.37783400720436,0.3344047270250601
1024,40.012994413844694,39.76130553233517,38.2146149089408,37.98392023848519,23.392198051930123,39.299738914746214,43.3570416840953,0.3344047270250604
1025,40.00378266602169,39.876611468148425,38.406094045076706,38.41302407550375,26.47190737648892,39.433202380454475,43.3478299362723,0.3344047270250606
1026,40.027773956903154,39.89695909211416,38.693874638236665,38.65582405105199,31.26087087501992,39.384189743885116,43.37182122715376,0.33440472702506047
1027,40.04066158390492,39.87772941775866,38.70873841608046,38.38649135980846,29.118040339470156,39.4194364656714,43.33473240661559,0.329407082271067
1028,40.08148162390621,39.98225051468306,38.67633278582513,38.17253081467929,25.14663145724361,39.40933206717099,43.37555244661687,0.3294070822710668
1029,40.06842265229699,39.950125079243705,37.98984340448092,37.71602740433117,17.704429960119253,39.44697625680042,43.36249347500766,0.3294070822710669
1030,40.08234994678179,39.96135360322666,38.66096085447372,38.36709658475414,29.292211135229714,39.563093445700495,43.37303232793107,0.3290682381149278
1031,40.06876740005964,39.96052249026778,38.560007379581094,38.07960264020194,21.080045499419015,39.54063278743638,43.35944978120892,0.32906823811492797
1032,40.087179649928345,39.95064840679834,38.23276813418079,37.83593259468563,13.845955042477371,39.37574048035933,43.37786203107762,0.3290682381149278
1033,40.088308757357204,39.86495020265423,38.439759699785505,38.29020605558569,22.228790928454657,39.37813706833846,43.36299459816122,0.32746858408040214
1034,40.09521086930212,39.86111550817271,38.60545012275175,38.31150757675219,22.595712715501918,39.26398272883364,43.35322423798064,0.3258013368678515
1035,40.08498334462057,39.99170631403451,38.62256759958923,38.55879350435694,13.926480321376207,39.68600311005298,43.34767406471195,0.32626907200913857
1036,40.124773655339084,40.00307628847688,38.69842789152288,38.200005946911695,10.242951905512747,39.57309532122322,43.37869446825429,0.32539208129152064
1037,40.11309545259932,39.946044441339716,38.802461552849536,38.13739350536011,33.7248190718807,39.30335076057047,43.36836522839711,0.3255269775797795
1038,40.15747140155512,39.927362873422624,38.744234527729425,38.61904261098339,22.635503104342018,39.45924483740534,43.40647621275022,0.3249004811195101
1039,40.131732631865084,39.90370685036492,38.002705555942605,37.988368161733305,-5.039190172444847,39.40585815466299,43.380737443060184,0.32490048111951
1040,40.12870019597055,39.95780092299565,37.866828752405524,37.62452862041157,-4.235547405971126,39.59804014385993,43.37770500716565,0.3249004811195103
1041,40.10802655762201,39.958568894322894,38.39102800222707,37.85903313802892,24.33920757716373,39.52804657063878,43.35703136881712,0.3249004811195105
1042,40.11450668905867,39.901449057063545,38.09598277523555,37.4075225777012,25.953876060361573,39.30140862453746,43.36351150025377,0.3249004811195101
1043,40.11482272735511,39.971205287405304,38.51481380584823,38.24433392239986,25.634879874413592,39.288172220604174,43.36932555634359,0.32545028289884814
1044,40.12164863583387,39.967019931184815,38.54992536431853,38.036369600689945,29.20615958853336,39.349181025874,43.37615146482236,0.3254502828988487
1045,40.143201732832416,39.94089480983989,38.08820040229182,37.309749090798796,-1.1303921178461636,39.25814111002474,43.3977045618209,0.3254502828988484
1046,40.145973981624046,39.991523899498425,38.711088094883614,38.34233570621889,21.85251751347815,39.419837282669974,43.40047681061253,0.32545028289884853
1047,40.11818652250228,39.99741333090047,38.8132200286113,38.336560582190664,28.265796774257993,39.480522328971304,43.3873399488898,0.3269153426387527
1048,40.126221895609625,39.98059491605238,38.5052341517574,37.741263211860776,27.85726350798931,39.224549765840315,43.360921934441556,0.32347000388319314
1049,40.18586685281159,40.06644458136143,39.02777493179532,38.243752222676285,34.87804662662794,39.60465970992209,43.42056689164352,0.3234700038831925
1050,40.16472433266428,39.97229151929833,38.53865810919574,37.8247859962498,22.590906005692755,39.50146234016478,43.39942437149621,0.32347000388319286
1051,40.15163018050546,40.0792831353842,38.70849541938519,38.183681944068624,27.70102791241083,39.59861939980969,43.401624257241416,0.3249994076735962
1052,40.209028906930726,39.95599922606682,38.366561928146055,37.48747017054804,25.45162752922643,39.28826831187085,43.600582538739,0.33915536318082734
1053,40.276353599784805,40.126855903217056,38.489198264253254,37.8890641829905,27.364227872339967,39.59584484253254,43.651309383785176,0.33749557840003713
1054,40.309183742935005,40.169798860283365,39.055397923386934,38.93816945566167,28.118020468028796,39.77936992257608,43.6229420120998,0.33137582691647965
1055,40.32242277642095,40.23812872726124,38.69108709469983,38.78612735269188,-5.318276567689416,39.75554026894917,43.63618104558575,0.33137582691648027
1056,40.344256253185755,40.160904965153115,38.381729054515745,38.12592138788921,2.496699407710608,39.55907572575818,43.65801452235055,0.3313758269164793
1057,40.33196581752556,40.1230690234714,38.50746581746577,37.90426041285168,27.34386466955809,39.51693210740599,43.64572408669036,0.3313758269164799
1058,40.35343936963905,40.206256967502206,38.59457497393276,37.94765684529056,27.102108814164847,39.66673322601913,43.66719763880384,0.3313758269164794
1059,40.33840499799763,40.14794186061065,38.74306045351232,38.09657331132345,30.398987442063614,39.67655110398162,43.65216326716242,0.3313758269164795
1060,40.35377856710452,40.09969547808747,38.82262697045652,38.03565421881859,29.415478864953386,39.43759412196097,43.66753683626932,0.3313758269164798
1061,40.3604052927151,40.24754586791228,39.03513867374437,38.85578583497178,30.3235775928786,39.875348896152374,43.674163561879894,0.33137582691647943
1062,40.328791888332944,40.20492934505799,38.83907682165995,38.28272819273837,18.299109453733468,39.54216193052562,43.64255015749774,0.3313758269164796
1063,40.356891489711316,40.201073732377125,38.63794903516739,38.252028887041575,9.0816844172844,39.694127179045964,43.67064975887612,0.33137582691647977
1064,40.350831260609745,40.22351992377595,38.91346090758358,38.54575544805033,24.78660964353186,39.70006632986579,43.664589529774545,0.3313758269164798
1065,40.34114021648901,40.174278709846604,38.79034399896994,38.43210769106342,22.494673223762533,39.68145261860827,43.6548984856538,0.3313758269164794
1066,40.344557774549195,40.222480746685974,38.7597174896342,38.78373939674664,24.88112078967001,39.82598310261592,43.658316043713995,0.3313758269164799
1067,40.33327230383941,40.14522712221511,38.08733285565711,37.82089728239687,12.39127427465672,39.355681223882364,43.658214677901405,0.3324942374061998
1068,40.3543313055943,40.112200855616784,38.42887552978683,38.30484394898685,17.50809133623297,39.589662972890295,43.679273679656305,0.33249423740620015
1069,40.33716312440317,40.17778448751734,38.867245122667256,38.49947430159413,29.25194496808817,39.70396223782205,43.662105498465166,0.33249423740620004
1070,40.33355436010198,40.21907831280793,39.17392838956134,38.24519145544305,32.83777831084675,39.827343381826495,43.65849673416398,0.3324942374062004
1071,40.336726200595784,40.20311061923003,38.603371024040506,38.20981411998055,15.798218620214023,39.634069373735365,43.66166857465779,0.33249423740620054
1072,40.335697095870444,40.19010649126451,38.29477568593697,38.146057058726456,21.379508474868054,39.473029285798276,43.663302309594506,0.33276052137240647
1073,40.34108580512306,40.24610475464315,39.04723215315696,38.558724667676245,28.29858383081644,39.81236590102972,43.65433803973925,0.3313252234616195
1074,40.33212974791214,40.19036581627192,38.783366761984965,38.206262612304016,20.589481596269653,39.524475459692866,43.64538198252833,0.3313252234616189
1075,40.338675531388425,40.147564481229864,38.3835057886822,37.73876051661958,15.344000454529166,39.48828133196054,43.65192776600462,0.3313252234616196
1076,40.34770667335685,40.25685760513144,38.98199389284184,38.267316264261744,31.350648945514397,39.7299420334777,43.66095890797305,0.33132522346161936
1077,40.37568562287563,40.25768136045299,39.0311432234057,38.81941256654157,24.430477402966897,39.76605567965909,43.63299352594487,0.3257307903069242
1078,40.43511926720792,40.24991864497782,38.8510431425354,38.40040052720323,24.776827679286317,39.78731382369636,43.614061381168554,0.3178942113960638
1079,40.47201496825323,40.33201785166748,39.11841809234972,38.662773434734206,32.89548455884708,39.881108635201656,43.650957082213864,0.31789421139606355
1080,40.48245106574255,40.32086228858534,39.02058128346302,38.79817018487928,27.160198126557347,39.85082846508402,43.66139317970319,0.31789421139606355
1081,40.48443582636308,40.36383291793611,39.12060579656484,38.671086407101384,30.045573101286237,39.90089285902968,43.66337794032373,0.31789421139606433
1082,40.4686398088173,40.31728999238356,39.3658524097436,39.20899675557157,29.246952769429765,39.89843117716442,43.64758192277794,0.3178942113960636
1083,40.47231916592098,40.3028315746489,39.13293754648231,38.40283136565259,33.40636197141684,39.92253466865093,43.63444687830089,0.3162127712379911
1084,40.50922518864272,40.36386151699387,39.152930977022116,38.63515558061774,27.579701745257363,39.90021293021853,43.67135290102264,0.3162127712379916
1085,40.52147330167807,40.39911809860309,39.09655766583001,38.755623958581126,27.120023830658816,39.90951252110973,43.683601014057984,0.3162127712379913
1086,40.50601782101883,40.35917052380131,39.1868693528053,38.539187137636574,32.434716412374144,39.83534728093959,43.66814553339874,0.3162127712379912
1087,40.52405815904522,40.20073492459481,38.74091217843197,38.08672998186206,26.03628391828839,39.61522541582579,43.68618587142513,0.31621277123799124
1088,40.503647223248464,40.358141439337174,38.67640787238914,38.51338997818405,6.453044232425121,39.68144388951685,43.665743514246365,0.31620962909979017
1089,40.51564837232836,40.39167510602429,39.06773001760132,38.788657089532705,25.896322555829357,39.89457571605897,43.67774466332626,0.31620962909979045
1090,40.51862025587988,40.40356244867563,39.162895642690316,38.7774247948837,30.293123300365764,39.95698735643062,43.68071654687778,0.3162096290997905
1091,40.51420566118102,40.35458752687357,38.9639483501571,38.58339442521166,25.90655312396496,39.88265922908094,43.646320521737806,0.3132114860556783
1092,40.535691545630726,40.41261881956621,38.73319054811544,38.243683762500496,22.742642199831103,39.84632584349063,43.66780640618751,0.31321148605567795
1093,40.52118790003747,40.343250152564075,38.8738452554275,38.20698331000967,21.33027528252906,39.675732681667796,43.653983529952946,0.3132795629915476
1094,40.55121480995435,40.386807125655636,38.57216880243677,37.92300187619433,28.743290122276793,39.54268756415632,43.67933308845696,0.3128118278502603
1095,40.563904839772285,40.40180007180845,39.169779894275464,38.53226795190585,24.88526884364116,39.91923042825427,43.69202311827489,0.31281182785026024
1096,40.534107384165544,40.3667970179506,39.025631438520875,38.34429292854316,28.924945486917466,39.79697225675311,43.6833394239316,0.3149232039766057
1097,40.56510397073189,40.46433466015337,38.9742925264822,38.22802340021917,26.950621965963304,39.79012489981206,43.688696876603004,0.3123592905871112
1098,40.56203680466528,40.41975402837397,39.17541620505875,39.14520170001976,28.65732040133016,39.96664006038871,43.685629710536396,0.31235929058711115
1099,40.54077282446968,40.426915558655175,39.0902647601645,38.501810115027276,18.016633821806256,40.04261578987095,43.66436573034079,0.3123592905871112
1100,40.543280873125255,40.468203435043876,39.27038786307069,38.79862435015079,30.29586401993022,40.08203054884641,43.66687377899637,0.3123592905871112
1101,40.53724125633055,40.402830251661946,38.92244774463105,38.070902832930926,29.856961509096255,39.578605833238385,43.676741390657796,0.31395001343272416
1102,40.536963847278855,40.38899882276871,38.95577142867213,38.83375594860729,28.47340783780229,39.87455781055732,43.67646398160609,0.31395001343272366
1103,40.56550101419396,40.36858134033515,38.654324225612015,37.91990529295654,14.004022445158881,39.60970761177587,43.705001148521205,0.3139500134327244
1104,40.543599225003234,40.43973734608653,38.816739256073404,38.787423213263104,8.389583767798207,40.05679685504342,43.68309935933048,0.31395001343272416
1105,40.56793688460052,40.40373581747684,39.09949315609173,39.156802201296124,12.60364160872438,39.9058586006898,43.70743701892776,0.3139500134327241
1106,40.55333020388741,40.35595524237502,38.95686947795116,38.87046373134399,28.060057639859853,39.653032244544804,43.692830338214655,0.31395001343272405
1107,40.55332766460755,40.407720985766886,39.11744176380975,38.7092259148623,22.542232925177846,39.88228343247778,43.69282779893479,0.3139500134327241
1108,40.559050649773184,40.45988052492868,39.19853126525418,38.81389041218651,25.499849097602763,40.01170920560172,43.698550784100426,0.3139500134327241
1109,40.537879459593036,40.31260028061863,39.18302007341789,38.731767215985236,32.32863150880484,39.737802592904316,43.67748924173989,0.3139609782146856
1110,40.562097959026836,40.404023058951225,38.627462271993146,37.634523437990154,19.371953055953092,39.9858282575986,43.70170774117369,0.3139609782146856
1111,40.56249402400757,40.380741423508894,38.68093621427729,37.718121376273395,26.68308276147045,39.73000969967137,43.702103806154426,0.3139609782146854
1112,40.565983677418515,40.43252380926416,39.02751535409331,38.45894425058676,26.724661351711205,39.90984562817286,43.68861102304075,0.3122627345622234
1113,40.555190549028936,40.39028157509941,38.677094530225766,38.67900152271768,21.792145332811387,39.88534342448936,43.66668400094795,0.31114934519190146
1114,40.60159192660292,40.469293088969344,39.31856161161004,38.824554280579505,29.93615373814171,39.99322380994126,43.65072042099009,0.30491284943871666
1115,40.62794153562802,40.50648367919629,38.440940528919555,38.63288150792928,-12.641590309510399,39.97479644916956,43.67707003001519,0.3049128494387169
1116,40.65250200582251,40.48676606069829,38.99223385431034,38.63881212254345,23.975246965559236,39.9325380747452,43.70163050020968,0.30491284943871666
1117,40.650160221139366,40.50096705392012,39.3073631106867,39.15898678413496,21.567022851319138,40.07317216030386,43.71291312424524,0.30627529031058764
1118,40.63791275853291,40.51077612124811,39.188289556695594,38.941129011351705,20.96680282488269,40.037411061396625,43.700665661638794,0.3062752903105883
1119,40.6542015367286,40.494042817922704,38.764942488524504,38.49016096771113,20.142617662800056,40.0814001282378,43.71695443983448,0.3062752903105883
1120,40.616210772176316,40.403741616884766,38.970063117908744,38.6386868745603,21.89259129948912,39.84958176620933,43.6789636752822,0.3062752903105878
1121,40.60053679527584,40.33135860153358,38.60582874206992,37.53992453470807,26.02468550910503,39.70760160125821,43.659958421919,0.305942162664316
1122,40.62977868316906,40.52237563141667,39.01059172655594,38.6279660520303,21.452489166280063,39.882620154951915,43.68920030981222,0.3059421626643164
1123,40.6289457706399,40.40200790770325,39.180125230309656,38.79352412010231,28.399656077017646,39.96922718964268,43.688367397283066,0.30594216266431606
1124,40.63102580320031,40.51060177296247,39.1969771101065,38.900933155373494,29.45070036733382,40.02510888912414,43.67917009272272,0.30481442895224103
1125,40.639394565995886,40.46107681294642,38.93589273612951,38.26943577125638,22.374941086702616,39.893085722982306,43.63982336179362,0.300042879579773
1126,40.66814746418297,40.45011944203228,39.03982634113498,38.48142624360971,25.503924806196697,39.80847265172454,43.668576259980696,0.30004287957977266
1127,40.64510739433085,40.51066785577184,38.772896865203705,38.43924425032466,21.751573674561183,39.89499060538057,43.64553619012858,0.30004287957977294
1128,40.67710413826691,40.5476949914923,39.37810715032484,38.93310156206688,28.260238274927403,40.09524818055027,43.67753293406464,0.3000428795797727
1129,40.66526139556013,40.51140315577842,38.56070255321152,38.2033896344724,18.101321176635505,39.70221511026368,43.71498759391172,0.30497261983515916
1130,40.70261191063005,40.56280574854992,39.23906003067369,38.70212470534769,30.65956460996577,40.05279981785243,43.75233810898164,0.30497261983515905
1131,40.7375343229604,40.610286201878715,38.960942442525045,38.59795093171254,14.503193864451994,40.11209900766397,43.73348566004048,0.2995951337080076
1132,40.75486239666637,40.632428568009935,38.99192760913868,37.954728845627955,28.90207935649977,40.13197642843119,43.723910150884095,0.29690477542177246
1133,40.79854616949617,40.55720584777358,39.01931223037596,38.79867429839453,19.55551896509899,40.07094681350486,43.691635282005876,0.28930891125097036
1134,40.85259838029661,40.69839520609617,38.88385222370044,38.32747292560707,22.28115686060277,40.032300757224,43.691540948535916,0.2838942568239305
1135,40.8620748140535,40.71820727096626,39.365478174002355,38.74268492877482,30.76558376771464,40.00639994432988,43.66384552759181,0.2801770713538313
1136,40.90312551275223,40.749914031525684,39.76558779454482,39.583234239637925,29.379236227780332,40.374752830606496,43.687363566181766,0.2784238053429533
1137,40.90259233586776,40.72924267088117,39.38656640132366,39.12338853961248,28.081175795439528,40.28181174297633,43.68683038929729,0.2784238053429533
1138,40.90861294118321,40.77192738120097,39.34530837665122,39.121259539869214,25.911768472814586,40.444403026437065,43.69285099461274,0.27842380534295336
1139,40.89658919956561,40.78415042419559,39.303192198271915,39.22668817927146,29.41791452576582,40.17515329922371,43.680827252995144,0.27842380534295363
1140,40.934779129441914,40.74819091524239,39.43529649246854,39.011500138038464,27.45589884013833,40.3284799195139,43.66770929520485,0.2732930165762936
1141,40.95391718560566,40.809977139744824,39.161807471318184,38.800126108535466,14.675301679988934,40.36817191576307,43.6868473513686,0.27329301657629357
1142,40.96885137652201,40.76399268557906,39.28038966156166,38.824251496544235,21.62157770889178,40.11419564917024,43.70178154228495,0.27329301657629373
1143,40.968727533932025,40.81061514114321,39.190117715055415,38.81145891406004,19.65899119476734,40.298029764183234,43.70165769969496,0.2732930165762938
1144,40.938603128326854,40.77869724943189,39.113670191641134,38.3342793692828,28.628976490282597,39.98021558577215,43.67153329408979,0.2732930165762937
1145,40.96463205300746,40.85149895184156,39.339845850731685,39.139401378912794,18.65898177741603,40.3961893063468,43.65021516933564,0.2685583116328176
1146,40.96405430080911,40.77056140139413,38.821756371113615,37.919374003587485,13.432839706266723,40.09678376119588,43.649637417137285,0.26855831163281735
1147,40.96020850573525,40.79681627594366,39.52183983417369,39.05595140518522,30.85076268335772,40.27981926975123,43.65296110615296,0.2692752600417705
1148,40.97346474435943,40.84048707923298,39.56739929244201,39.05946127596518,29.041502220873475,40.356003266758236,43.66621734477714,0.2692752600417705
1149,40.98296354005212,40.89296232310051,39.61196398395086,39.337447539331855,26.539907332597156,40.482659098236056,43.675716140469824,0.2692752600417703
1150,40.9485746245159,40.813326451819016,39.00167417768412,38.23026401400767,13.729369398670734,40.05555325419212,43.36295650221383,0.24143818776979303
1151,41.00860344211004,40.89178377820879,39.6499784026933,39.03272027851517,28.667633878337405,40.57562572200923,43.422985319807964,0.24143818776979295
1152,41.024480218511,40.743288627203285,39.147889573575654,38.36323890351853,23.445631515558166,40.222856157555015,43.43886209620893,0.24143818776979287
1153,41.011416587385604,40.837813408547014,39.04853265657433,38.40034011862345,27.187140067976515,40.24198717941124,43.42579846508353,0.24143818776979287
1154,41.01698244807819,40.86110504713168,39.15282475851281,38.603857898590604,24.467651404403725,40.19068733092793,43.41633741824881,0.23993549701706196
1155,41.02920224083762,40.86328475536067,39.37578501874637,38.89892712310847,26.532431974858927,40.31254665659766,43.42855721100824,0.23993549701706224
1156,41.02403099906854,40.88331545081307,39.37885831147014,38.680398704604414,30.320983050965285,40.34091449966439,43.42338596923916,0.23993549701706215
1157,41.0293501521582,40.87250136585756,39.59853129416937,39.18325170037804,28.409612794590572,40.22699281235994,43.42870512232882,0.23993549701706215
1158,41.054864030864245,40.860289228784644,38.97704044118353,38.56056383093371,18.754946581174227,40.22758125601359,43.454219001034865,0.23993549701706202
1159,41.01979837213035,40.837230587662454,39.75783411461316,39.24617423991146,33.98559794079586,40.372156853838874,43.41915334230097,0.23993549701706215
1160,41.02942013558897,40.899542092421434,39.595080376881,38.97605977498077,27.523063566418006,40.47157637722617,43.42877510575959,0.239935497017062
1161,41.04515915852776,40.891597841235544,38.931523149840665,38.25929842995655,11.901230615818442,40.4275123080388,43.44440448087877,0.2399245322351006
1162,41.01085553062535,40.89780130977122,39.58934088642203,39.3336832228057,26.6109121333023,40.513154072528025,43.410100852976356,0.23992453223510046
1163,41.02324259661435,40.81324287337439,39.02965110195579,38.37984745007316,12.165017855123743,40.222791079282956,43.42248791896536,0.23992453223510052
1164,41.022982718245466,40.84684901727242,38.83466447869808,38.10052285922817,26.376919796582587,40.27307031162965,43.42222804059647,0.2399245322351008
1165,41.03254417629594,40.89179787754162,39.46105564946022,39.347146589678886,27.3725171348208,40.390561138050685,43.43178949864695,0.23992453223510068
1166,41.023658117553346,40.89724759813252,39.271503070203075,38.85822460727467,16.81205905983309,40.20967854531698,43.42290343990435,0.2399245322351006
1167,41.035908334963366,40.89212169381706,39.102756604722,38.79886549555548,20.56484132063942,40.050455504567594,43.43515365731437,0.23992453223510057
1168,41.02707168064432,40.938403224048415,39.57275562562062,38.96990977339334,29.591977383394006,40.34100785631402,43.426317002995326,0.23992453223510066
1169,41.02997227459734,40.874893474508575,39.36120704106052,39.14526322905149,21.158948016674373,40.33444629223854,43.42921759694835,0.23992453223510055
1170,41.028413893204565,40.85519284751032,39.379582241291246,38.7960210606928,26.0669819293588,40.18693058609642,43.42214874814791,0.23937348549433485
1171,41.03832843173857,40.83398246577282,39.43555761146853,38.974187186532816,31.3729401085618,40.30822942908142,43.43206328668192,0.2393734854943345
1172,41.03160733782889,40.932942231023986,39.502054035803894,38.945328489998765,11.920786188312917,40.505413949616745,43.426554651525976,0.239494731369709
1173,41.015579547519124,40.90097649680791,39.230424662356825,38.59260145510421,30.48287718078802,40.117329129506416,43.41052686121621,0.23949473136970906
1174,41.022134380752306,40.92053108991179,39.33039101806246,38.7518214687953,15.751760930755495,40.29400085313429,43.417081694449394,0.23949473136970892
1175,41.059503735636774,40.924721461846865,39.363072209432595,39.01382016417978,23.85730281324268,40.576544589123785,43.42519772448414,0.23656939888473655
1176,41.0696622810905,40.937686640351224,39.42587556057333,39.09819343378958,26.651764632744182,40.2466623879301,43.43535626993786,0.23656939888473652
1177,41.05083028715286,40.86612115733631,39.604536487606175,38.76887290406303,29.94832707691087,40.27168574952255,43.416524276000224,0.23656939888473652
1178,41.063610340945814,40.90616363376646,39.6831798832007,39.63558573502159,29.892372230484337,40.496110468378646,43.429304329793176,0.2365693988847364
1179,41.0579698259008,40.97959084069015,39.227419996919764,38.89759601127874,23.059104573222243,40.58833102843565,43.42366381474817,0.23656939888473663
1180,41.051556635467456,40.91868744457792,39.79858848967531,39.45476758215822,27.512940608982753,40.63295971574259,43.41725062431482,0.2365693988847362
1181,41.062902978764555,40.89985276185104,39.60849203221801,39.372127498628885,23.107820235497034,40.45399663260883,43.428596967611924,0.23656939888473666
1182,41.06987496557399,40.949357871046836,39.73713956820537,39.167078560715595,28.790716835192377,40.505820991933284,43.435568954421356,0.2365693988847367
1183,41.07291942769078,40.95038195215839,39.80685575848786,39.495522339227925,27.929887596166743,40.658147624140554,43.438613416538146,0.23656939888473655
1184,41.05501236784693,40.91598388501334,39.58346820300848,39.34933200876687,26.551454187208908,40.50101999377153,43.42070635669429,0.2365693988847365
1185,41.07816387824204,40.94856543765757,39.457179362234555,38.98151089259361,23.055828015335685,40.19795800730248,43.43781650869292,0.2359652630450879
1186,41.081619930615446,40.91188424132303,39.42346468580288,38.56622848974843,28.741436376289087,40.171908713062805,43.44127256106633,0.2359652630450879
1187,41.05798037517058,40.907376601837974,39.30506774234472,38.91408694734329,10.085369083023643,40.304778346752315,43.41763300562146,0.23596526304508803
1188,41.06361562591459,40.90218855151977,39.023274925104445,37.610748098201874,17.839448433260987,40.09669254739897,43.381438879554494,0.2317823253639902
1189,41.09977279535203,40.92535625847408,39.56675949689364,38.61361244617163,31.376920510349642,40.23345803350169,43.41759604899193,0.2317823253639902
1190,41.106259983917205,40.974789089986125,39.30738925890369,38.86660723132996,25.611709112123297,40.48233799222978,43.424083237557106,0.23178232536399038
1191,41.100737909913,40.97546019446652,39.50169506168914,39.15596445637662,17.631318413460132,40.358177193540776,43.4185611635529,0.23178232536399038
1192,41.09925073282173,40.99518679357725,39.42575583025086,39.0426221094472,22.84193600368745,40.51852558750837,43.41707398646163,0.23178232536399032
1193,41.11788315839602,40.963556878488774,38.88890823997176,37.55379756656672,22.572195359594406,40.289050024065304,43.43570641203592,0.2317823253639903
1194,41.106652042872994,40.976154198961346,39.47029725466928,38.86781377363013,19.34225373885819,40.6801008843431,43.424475296512895,0.23178232536399018
1195,41.10299488801608,41.00685768908108,39.674629864386716,39.13537007445029,25.95794964192053,40.681228068426094,43.42081814165598,0.2317823253639902
1196,41.10075631177024,41.00328737541028,39.58188395156376,39.103378775945174,29.68354162453207,40.54354737749151,43.41857956541014,0.23178232536399035
1197,41.115132329986075,40.97522947425162,39.19586277381379,38.541449371064715,10.162559797269424,40.47227062830638,43.432955583625976,0.23178232536399013
1198,41.096733989237556,41.01700189324469,39.89730030101159,39.57150905201713,24.387973702274785,40.57472614247349,43.41455724287746,0.2317823253639903
1199,41.12232202116025,40.966892260699645,39.40012971898487,39.3991937891402,-11.425279305799357,40.4916985673333,43.44014527480015,0.2317823253639901
1200,41.10420019125493,40.989199917045504,39.782020778563464,39.04046449105836,30.64492433849677,40.614027831814994,43.42202344489483,0.23178232536399035
1201,41.12247228908719,40.99929548491844,39.484145027097426,38.86566700258513,30.032925653778886,40.53739971601815,43.44029554272709,0.23178232536399024
1202,41.09046781485368,40.957599528481175,39.06174703333007,38.586457870511516,23.50530132263621,40.556167702937984,43.40829106849358,0.2317823253639903
1203,41.09977361932987,40.867929546118674,39.43194244699428,38.81291792766817,28.65044347643192,40.29778630107987,43.417596872969774,0.23178232536399018
1204,41.114649377296075,40.993263127356116,39.917836023813486,39.62041718367737,30.578871990771006,40.485141602236496,43.36552653992692,0.22508771626308394
1205,41.17222362609103,41.01063793966148,39.8596053785046,39.81144851910628,25.376391007915938,40.64613568413698,43.418778722091396,0.22465550960003625
1206,41.14999996402104,40.98131615605581,39.37997667372066,38.970990168023945,26.56162957327046,40.43119769877194,43.426816467932134,0.22768165039110913
1207,41.12637761536752,40.96158883741052,39.72360176652766,39.15058503224409,30.416897551550058,40.50631119462214,43.40881753253051,0.22824399171629944
1208,41.12343985804863,40.98100305189809,39.651034713055815,38.87749918458774,31.234735897251397,40.490270964888424,43.40587977521162,0.22824399171629944
1209,41.13617724758405,41.03968981148101,39.69385035134603,39.12754284851509,31.38469474661801,40.69640551638409,43.3992570591534,0.2263079811569346
1210,41.149120440120406,41.033124708165154,39.23397940176641,39.43475337320835,-17.968413039571587,40.584967772786996,43.412200251689754,0.22630798115693462
1211,41.13632407631934,40.963063535435964,39.38359820669257,38.90900478707982,24.82014329480566,40.5878909195662,43.39940388788869,0.22630798115693448
1212,41.15477956872964,41.030762566524004,39.67352882115037,39.477644744384854,21.280726004012124,40.48526811544792,43.417859380298985,0.22630798115693448
1213,41.15097118316564,41.04718185721049,39.927197016515734,39.25741047436628,29.562927313803964,40.69178558905944,43.414250520966476,0.22632793378008412
1214,41.16084493297009,41.03151830117095,39.74299816537433,39.45634287975839,26.97437667107411,40.69144526361851,43.42412427077094,0.22632793378008426
1215,41.15137500461631,40.949279369589064,39.40058745642865,38.601956242464354,28.312614351212453,40.42382430809812,43.41465434241715,0.22632793378008423
1216,41.139004144636836,41.034100825919396,39.8873446645266,39.772192848310645,14.951970421051048,40.66161684710094,43.39576053437035,0.225675638973352
1217,41.13638331004496,40.963685101824645,39.29178191061574,39.054426674947955,12.11425894403515,40.4730890484183,43.39313969977848,0.22567563897335183
1218,41.1544973367929,40.917816628511325,39.15528444635757,38.34248625292787,25.662318338567488,40.34320076680076,43.41125372652642,0.22567563897335205
1219,41.14926600298426,41.04169180572773,39.67772259607283,38.93682792929812,29.79988639974239,40.698316363670095,43.40602239271778,0.2256756389733521
1220,41.15200954074598,41.03373958490426,39.164989080230285,39.0527295491799,-5.007790018464803,40.621455879395555,43.4087659304795,0.22567563897335208
1221,41.186013123182605,40.964423100499836,39.46799499356507,38.96823649405165,11.148120762300685,40.36705221617418,43.451479148815686,0.2265466025633081
1222,41.15261800375027,41.04002595308858,39.797108270974036,39.56679540899844,22.61215542970578,40.60617250982796,43.41808402938335,0.2265466025633083
1223,41.14350215533951,40.96560656861736,39.34093638702452,38.86050917632773,22.799893071546457,40.420049690251396,43.40896818097259,0.22654660256330808
1224,41.1423705260213,40.994333718988955,39.25434488300661,39.08564709306404,13.51819766110566,40.448126583299185,43.407836551654384,0.22654660256330805
1225,41.1399631378151,41.040704931289355,39.65916745300442,39.238479922306105,25.560574234986113,40.600591918974786,43.40542916344818,0.22654660256330822
1226,41.16440389142494,41.037830709447014,39.74317867698183,39.29061516759205,30.595718450135053,40.66277156490034,43.42986991705802,0.22654660256330816
1227,41.13703132642149,40.9663965297407,39.367024058556595,39.1086874204569,20.495907880873876,40.55896918800275,43.402497352054574,0.2265466025633083
1228,41.15862841023524,41.05214455037455,39.70939338399267,39.28428393221239,29.265036848630032,40.64465367333557,43.42409443586832,0.2265466025633081
1229,41.14229030688318,41.0436503103498,39.599039476365434,39.3777672231514,21.827053105606364,40.71228994775463,43.407756332516264,0.226546602563308
1230,41.146518601027125,40.963356424820624,39.6080771879277,39.50522760158538,24.43912802035978,40.482132589789174,43.41198462666021,0.22654660256330825
1231,41.1340199632358,41.02758309004012,39.581071649122066,39.12346272748411,28.16922815281077,40.38248546940356,43.39948598886888,0.2265466025633081
1232,41.14301334179772,40.9567209791958,38.71352686830951,38.40728544131328,-12.541991283325615,40.28366348842347,43.4084793674308,0.22654660256330822
1233,41.133914678535604,40.905601599369824,39.58276465109366,39.150843036381794,29.835379346412942,40.29573552430098,43.399380704168685,0.22654660256330808
1234,41.13230135503336,40.99083130268727,39.30400809257297,39.180263223400026,15.013599142690492,40.392859782290984,43.38975477812107,0.22574534230877097
1235,41.154397009983654,41.00121905009586,39.69926918239628,39.502932938915684,19.061157067790653,40.559925828287334,43.38595418348304,0.22315571734993828
1236,41.16085937471419,41.02500603328801,39.614823139509504,39.00565831661372,27.49258929226046,40.43734278306169,43.392416548213575,0.22315571734993817
1237,41.16462469914553,40.96203826754873,39.40244151378048,39.10326830952528,30.400817072817727,40.29320704762821,43.39618187264491,0.22315571734993814
1238,41.17031004775444,41.001377386263016,39.62192522970526,39.03578448221687,18.013873282315082,40.51949537359602,43.40186722125382,0.22315571734993814
1239,41.17703199328703,41.08871375858307,39.3977707899032,38.98963609487817,13.517345332109851,40.67318182573264,43.40858916678641,0.22315571734993833
1240,41.189068291498145,41.09545838405728,39.927207701165315,39.740778012648015,30.186552765878062,40.801889029886425,43.42062546499753,0.2231557173499382
1241,41.17722906865389,41.011634917452874,39.61531621434709,39.26213716403647,30.29007986437768,40.43260442803876,43.41440558262032,0.2237176513966431
1242,41.17257389342812,41.063445929493284,39.90546497482998,39.29828862713436,32.25659561538447,40.70336155772955,43.55212537262773,0.2379551479199605
1243,41.18170080715714,41.00426916393146,39.50820665302079,38.87215053798218,10.293937652791698,40.30967739355613,43.560459315145835,0.23787585079886928
1244,41.164569895019056,40.99206498428492,39.67568301985615,39.08610395738104,26.25992565809162,40.62513179300675,43.54332840300775,0.23787585079886917
1245,41.139044670889085,40.99024545180937,39.442676399701746,39.29193959855859,20.32502612048279,40.52559933931077,43.51780317887778,0.2378758507988693
1246,41.15777890227596,41.05061233015343,39.37219128933055,38.99739853676007,-4.256154368048563,40.454929704745574,43.53014944138777,0.23723705391118136
1247,41.16705225498559,41.01961445287337,39.31240086023122,39.18754893417997,7.969548910275563,40.43914726350217,43.539422794097405,0.23723705391118138
1248,41.178260337309524,40.97140665760779,39.231228867649556,38.58413095422267,20.81196448835276,40.41882435774411,43.55063087642134,0.2372370539111813
1249,41.17826319635986,41.02839907298347,39.550343954862534,38.9882762152549,20.669032994110665,40.36232052300689,43.55063373547167,0.23723705391118133
1250,41.1744988080121,41.05040064163337,39.62505962663648,39.169272005611276,25.465299394960898,40.54978999077241,43.542504188801516,0.23680053807894105
1251,41.1802054188692,41.04262637069529,39.71332873298227,39.38851335110685,13.428897117439867,40.60447870269164,43.54821079965861,0.2368005380789412
1252,41.1705550233234,41.049277838673135,39.48499986724698,38.688743468679164,23.755993225152075,40.442774475972215,43.538560404112815,0.23680053807894125
1253,41.18378076047164,41.02814264449634,39.95191939175829,39.493637575119735,32.236954453442415,40.622743991672316,43.551786141261054,0.23680053807894125
1254,41.17336157599452,40.98676876557681,39.734914922018255,39.09003112371662,29.005309179273546,40.53810566280555,43.54136695678393,0.2368005380789411
1255,41.16738397630749,41.0969484301867,39.666092597543845,39.41740528262285,28.373033276838207,40.60324323982185,43.5353893570969,0.2368005380789411
1256,41.15887784663583,41.09301002356068,39.83244793441157,39.113201170178,34.00126662061616,40.69020289095661,43.53283321360061,0.23739553669647828
1257,41.174320793686526,41.03869087534956,39.56561708986951,39.09450558814298,25.842659419936112,40.658342355490376,43.54827616065131,0.2373955366964784
1258,41.15606973804617,40.93979000369339,39.03330225474852,37.85943551577378,25.648363012617207,40.22512252346866,43.53002510501095,0.23739553669647828
1259,41.15344944652487,40.987934058993396,39.5313376399988,39.01188417853899,28.975697045705864,40.303485800360974,43.49619309622577,0.23427436497008988
1260,41.17787063839121,41.04353212495347,39.71394829505585,39.359023218530275,14.845924772438984,40.58408748628631,43.52061428809211,0.2342743649700898
1261,41.19131445367022,41.03788181476734,39.818981353991155,39.79820214845301,12.145520147671043,40.63304549253719,43.53405810337112,0.23427436497008974
1262,41.1690320656859,41.072868558909306,39.69719458854564,39.4006045187169,14.559137612447028,40.76581458224658,43.5117757153868,0.23427436497008972
1263,41.18549461706231,41.05393240331408,39.540190510268,39.23429996081515,26.012882366664112,40.6591557380325,43.543387124736824,0.23578925076745164
1264,41.18057348835594,41.02091912702793,39.683100651893795,38.715958715358994,30.665114494625577,40.55339722335368,43.54042561540154,0.23598521270455997
1265,41.18905752010564,41.04394659511512,39.60367396516388,39.39666139125429,31.116969058450024,40.381791601415834,43.54890964715124,0.23598521270455994
1266,41.16412555406117,40.97863430532443,38.92844434004575,38.905550958087694,-11.761746698404401,40.19216819505286,43.52397768110677,0.23598521270455985
1267,41.16734284752823,41.03971225261704,39.15562899677235,38.534755881900196,26.943335458332122,40.395868324271206,43.52719497457383,0.23598521270456005
1268,41.154511796311745,40.98269862364995,39.7568497579863,39.09186679576942,32.48919604173302,40.44551184624707,43.514363923357344,0.23598521270455983
1269,41.18333242873161,40.994333008814046,39.37513909127054,38.48197889015441,29.008911483572113,40.39929567074833,43.54318455577721,0.2359852127045599
1270,41.15591094759914,40.98366154093503,39.675660938094346,39.17019645625014,27.730895510236063,40.44828582688154,43.51576307464474,0.2359852127045599
1271,41.149650990942526,40.89736843148781,39.34029541599681,38.94720946526043,26.368281468963726,40.3032281339857,43.509503117988125,0.23598521270456008
1272,41.15824285013335,41.05041582584128,39.48121494604873,38.43076102631922,32.45416107220845,40.468993878697034,43.51809497717895,0.23598521270455994
1273,41.17541792551177,41.069712653604896,39.541474769408794,39.35623276736466,27.411334655658134,40.457331389879215,43.533685159364914,0.2358267233853138
1274,41.16286786403958,40.978963405989184,39.732061769724965,38.84361139978812,32.581499674455586,40.43608404682405,43.521135097892724,0.2358267233853138
1275,41.184787046642356,40.95533436023883,39.4033265466253,39.093883522154236,29.137918098833318,40.33581729430075,43.54305428049549,0.23582672338531374
1276,41.17485724569762,41.00804748281446,39.67260933392233,39.232144442282014,29.714131513738458,40.488600331573764,43.53312447955076,0.23582672338531363
1277,41.154460195030424,41.03652193653045,39.57770072909688,39.34036433788618,25.917094017405656,40.39837284287404,43.512727428883565,0.23582672338531385
1278,41.162713394616084,41.061408670660114,39.32109999234552,38.44179368885142,29.29957230772563,40.290066167271135,43.520980628469225,0.23582672338531388
1279,41.15841746406519,41.04503248186965,39.393258728326714,39.02147986586919,21.804993679307017,40.506906310993216,43.52075850069637,0.23623410366311792
1280,41.183562057348865,40.97644963764562,39.78993778223463,39.46292267062997,30.731739542479914,40.477917911215364,43.54600780683485,0.2362445749485984
1281,41.16465187401659,41.0633842596252,39.62172863881142,39.26259859798592,28.678530285249657,40.54151727275159,43.52709762350258,0.23624457494859824
1282,41.16145699969933,40.990518916167936,39.88163593486029,39.21207794089989,34.137662534049305,40.53204925169837,43.52390274918532,0.23624457494859852
1283,41.17474194152238,41.022911732743026,39.43980029900728,39.05686225229316,14.798875190001542,40.447575414229966,43.53718769100836,0.2362445749485985
1284,41.1893657714038,41.02596617041525,39.53297276334547,39.15912457052205,12.808110641507248,40.428381844790096,43.551811520889785,0.23624457494859852
1285,41.1708724935582,40.947038265605876,39.32878768878389,39.00017188132996,22.5529528773026,40.22352326558159,43.53175614605323,0.23608836524950302
1286,41.16726786144128,40.99203113965215,39.05533973478291,38.65278204514973,-5.934375871913261,40.637496563643424,43.52815151393631,0.23608836524950294
1287,41.157120470840724,41.07068998580749,39.75302886206807,39.10328199925988,32.142625505604656,40.594589068699335,43.51800412333576,0.23608836524950297
1288,41.169844663956674,41.04750281274912,39.64757596874625,39.15208936499115,29.99563370728572,40.54572456020346,43.5307283164517,0.23608836524950294
1289,41.163884431323,41.06332210445369,39.33977543400496,38.95865206068274,15.377240916038986,40.64590832779977,43.524768083818024,0.23608836524950283
1290,41.18409391926243,41.01731466513302,39.6458202361751,39.4337496039806,25.94563373087695,40.55511612188168,43.521754968181064,0.23376610489186309
1291,41.181168969562115,41.0348131086297,39.740286471338116,39.39261984172492,29.5305784712533,40.583566397454575,43.51883001848075,0.23376610489186325
1292,41.197377577690126,41.04515167179385,39.63703219255158,39.00332080658831,15.013045739376793,40.51165057351881,43.534581608627256,0.23372040309371306
1293,41.18774539375918,41.01820703870241,39.50011991645657,39.16810245403226,26.65485612081993,40.513004734570266,43.52494942469631,0.2337204030937133
1294,41.17442767143551,41.02214039427142,39.755891429456675,39.27627386721895,28.80192952423443,40.56022454511837,43.51163170237264,0.23372040309371309
1295,41.2001089234683,41.01069664334237,39.49917307380773,39.22978319182086,0.13161423897700786,40.53319066309302,43.499801741250195,0.22996928177818934
1296,41.23134304257659,41.09654125214421,39.1342625084805,38.90513999732336,-16.175292723354517,40.53879120598171,43.531035860358486,0.22996928177818934
1297,41.229751020802794,41.06072869641704,39.52210133210889,38.93157584286515,25.78447702393028,40.239643628931105,43.53152444370473,0.23017734229019354
1298,41.2169062306067,41.12662619164112,39.84005568406195,39.72868624462755,21.05086256169238,40.71682771572138,43.51867965350864,0.23017734229019354
1299,41.21744434700419,41.019140863432746,39.65115005921828,38.969571402116486,30.182352948492607,40.4609648683972,43.51921776990612,0.2301773422901935
1300,41.23922181069086,41.05591020592231,39.44031960700737,39.15581036586943,25.157702489674936,40.50407690208658,43.54099523359279,0.2301773422901934
1301,41.21910284974631,41.049885879022945,39.41979606385388,38.719737340393536,23.139822341098757,40.53683972619381,43.51576902540169,0.22966661756553838
1302,41.24049229214472,41.05648826725846,39.566933165149294,38.696778201304085,30.379992272323094,40.59915758386515,43.537158467800104,0.22966661756553838
1303,41.23432127511696,41.116356346650385,39.57226164823592,38.82360029877283,30.22379108741229,40.49468742569104,43.51428466435023,0.22799633892332655
1304,41.23179141122119,41.07671659332554,39.34575817079252,39.16275777873333,21.76000184446567,40.68431258082805,43.511754800454455,0.22799633892332652
1305,41.24142252306376,41.149305935399255,39.68268928793159,39.524777710326475,0.24499839667952017,40.69048554885629,43.52138591229703,0.22799633892332644
1306,41.23876293397416,41.04807434591317,39.983698003808485,39.56605416993788,31.246424765877457,40.52280004244885,43.518726323207424,0.22799633892332663
1307,41.23137504216167,41.07844501099749,39.11232916523352,38.15119626401402,-4.1555405410101045,40.41252717735597,43.51133843139494,0.22799633892332669
1308,41.24472439409955,41.027427750508416,39.301489828493764,38.472676847651734,22.85552156547462,40.40804909576357,43.524687783332816,0.22799633892332652
1309,41.23417765815236,41.08628596369002,39.90999957166471,39.23083472746581,32.401290754986775,40.58251117392651,43.50634671298523,0.2272169054832866
1310,41.25111809808398,41.15834495358498,39.706885158723146,39.56198146700221,29.832983649991718,40.74200403757659,43.52328715291684,0.22721690548328657
1311,41.23064349907948,41.10286151171897,38.906779287251815,38.29940282514705,-18.308564579127335,40.71571268591195,43.50281255391234,0.2272169054832867
1312,41.25463739652094,41.124404974036885,39.57288056646293,39.60074577787237,-14.489741177216558,40.727227524319005,43.526806451353806,0.22721690548328663
1313,41.24638210074683,41.15729719940398,39.68999601339214,39.630069959823615,23.33709660638255,40.78077124015288,43.51524664346332,0.22688645427164952
1314,41.26510256261079,41.08016458170316,39.65674109777946,39.17386610058819,26.83264414509358,40.42532632806782,43.533967105327285,0.22688645427164958
1315,41.23850656431949,41.164062735051765,39.52152901232409,39.059030050053295,20.236162917289906,40.61082665661658,43.52372384834367,0.22852172840241763
1316,41.21731244917655,41.06122579849201,39.293548748858285,38.69176870311037,22.169396806755667,40.26818726695224,43.50252973320073,0.22852172840241777
1317,41.2363061354257,41.05107324820783,39.692703041616156,39.421592649930204,24.129586902019533,40.579606054763545,43.52152341944988,0.22852172840241777
1318,41.24547093946199,41.06057776170957,39.485154627553264,38.81491006809158,25.67850087921076,40.65357914606182,43.530688223486166,0.22852172840241755
1319,41.22994865414218,41.147726033110615,39.87909109019214,39.626847857276225,27.612871204178926,40.79708647583087,43.51409441886112,0.22841457647189423
1320,41.21875734733287,41.08503878185532,39.961638457744804,39.38204206730697,32.907593326981456,40.57978296949875,43.50290311205181,0.22841457647189398
1321,41.22062447932593,41.08160093885299,39.81575248051111,39.400668998432415,26.418125092860183,40.73855662748342,43.50477024404486,0.2284145764718939
1322,41.23657338425785,41.04895950673003,38.8518143207114,38.76852539666005,0.1924675833210543,40.18297254115434,43.49687818119969,0.22603047969418366
1323,41.27578162807967,41.10177669231913,39.4452996706184,39.149268770633654,24.94880958899871,40.47010955273548,43.53608642502151,0.22603047969418394
1324,41.2332943769018,41.00620785928858,39.159464576644254,39.17771253983316,-12.932873131643575,40.500337323631086,43.49359917384364,0.22603047969418388
1325,41.2519718984933,41.18124181235261,39.79494160342162,39.61306658733363,30.808741427810837,40.71286692243554,43.51227669543514,0.22603047969418386
1326,41.25493416868657,41.144927538076956,40.024776257132324,39.591928992409905,32.261535127814184,40.852260292324075,43.515238965628406,0.22603047969418386
1327,41.285192892117344,41.133014774736836,39.68584260414025,38.96195511217604,30.8748937329448,40.25441120604239,43.54549768905918,0.22603047969418372
1328,41.26426420528915,41.08533963745994,39.6428466859887,39.207891879687196,25.412680132780228,40.65322694446913,43.52456900223099,0.22603047969418394
1329,41.25849118351542,41.115353277562164,39.53246573750187,38.61485329005373,28.113697015915587,40.48525842896727,43.518795980457256,0.22603047969418374
1330,41.25421072419803,41.11507547298763,39.844510432426844,39.35599676212979,21.857016042690265,40.60613281973916,43.51451552113987,0.22603047969418374
1331,41.26141449591845,41.08962406494982,39.60906784014714,39.019795946901084,23.326114671287712,40.61261649534339,43.52171929286029,0.22603047969418352
1332,41.273641891288776,41.104745317208184,39.20058784403666,39.729896898977394,-12.335771782644649,40.80209063847833,43.533946688230614,0.22603047969418377
1333,41.256736004162,41.09390016980165,39.17480923677645,38.77715860871817,-11.65227047638026,40.339178283390325,43.5182306684271,0.22614946642651035
1334,41.27799685029683,41.13830857564775,39.80712648056371,39.64581356449227,29.686366852821415,40.75406418099964,43.53949151456193,0.22614946642651026
1335,41.243610166996085,41.13779254433409,39.79744753325993,39.415855301312206,24.845063286439565,40.57033311086873,43.505104831261185,0.22614946642651032
1336,41.26459997665097,41.110358794534996,39.87551710669119,39.52398219658893,25.670501519396492,40.62186423515496,43.52059662312269,0.22559966464717218
1337,41.280173375419,41.04671149680693,39.59916013637154,39.42416598564611,14.678463705818736,40.5151911206766,43.53617002189072,0.2255996646471723
1338,41.26611059497136,41.124088958813395,39.736546327806145,39.13141296486949,31.888174050892516,40.51418876572444,43.499818489092206,0.22337078941208496
1339,41.27573739429451,41.17849020305463,39.22853514090529,38.895653324663336,-11.574020773005522,40.758285419154475,43.509445288415364,0.2233707894120851
1340,41.272224590135814,41.149112119035856,39.63793032943688,39.07436244870192,27.094702049235924,40.49364446834409,43.50593248425666,0.22337078941208494
1341,41.278175815140315,41.185766173566186,39.14272150882972,39.324774250546994,-8.963523164680197,40.7192184156848,43.51188370926117,0.2233707894120851
1342,41.28147994026337,41.10125981824687,39.63091193513265,38.89750465145594,27.582398482443153,40.46810855003196,43.515187834384214,0.22337078941208505
1343,41.27703642521568,41.212912300065426,39.949595740721676,39.072310152626684,31.073693198366122,40.86691666293024,43.510744319336524,0.22337078941208502
1344,41.282652410424475,41.18901574387014,39.99798971239371,39.64827164940573,30.302557647715066,40.69027686165752,43.5331006749592,0.22504482645347235
1345,41.264218242536785,41.190532119332076,39.76531805195899,38.70700268433952,31.420442600174006,40.58778045846954,43.51466650707151,0.2250448264534725
1346,41.27396027984386,41.14810997152714,39.32986407047309,38.630866986569686,16.499168043930606,40.58080706380761,43.52440854437859,0.22504482645347249
1347,41.261113883028365,41.055871287312726,39.22233742404026,38.94996137869748,15.875164366643407,40.41067243040946,43.51156214756309,0.22504482645347254
1348,41.251276534551394,40.98194321103406,39.697374144860035,39.273551596958214,20.20326164504027,40.556345121551935,43.49270966782854,0.2241433133277148
1349,41.27649869589103,41.183397375525125,40.116641918360976,39.82208404036098,33.018295558718805,40.828552633829034,43.51793182916818,0.22414331332771487
1350,41.26479145245706,41.137535598984854,39.531018071436236,39.264442347056395,23.343357466240242,40.56232426148972,43.50622458573421,0.22414331332771484
1351,41.29322956201999,41.198837587609674,39.80704214376882,39.77329849597194,28.756826140564293,40.769279580810775,43.49665015172502,0.22034205897050307
1352,41.30776362759918,41.12448571768833,39.133273876984234,38.785549045371994,19.26252911756012,40.28933513614555,43.514651585808735,0.22068879582095563
1353,41.317851478964236,41.110295006890624,39.207195901826694,39.103287724170265,-15.461171339999211,40.664294351696455,43.52473943717379,0.22068879582095569
1354,41.30832271724471,41.21030691518437,39.7311841322558,39.17445324441489,27.643747534328824,40.690614085626706,43.51521067545426,0.22068879582095557
1355,41.31384385541432,41.17414748706824,39.701223370444495,39.35410997208663,31.390631271778524,40.527289644963375,43.520731813623875,0.22068879582095569
1356,41.31349626906604,41.21331496629778,39.85170426361781,39.49445518681172,26.3737414127544,40.859872042734324,43.50924128193969,0.21957450128736408
1357,41.341539356265145,41.164510101908185,39.80619995935926,39.468664259836125,29.358341995356383,40.54300163052834,43.53728436913878,0.21957450128736403
1358,41.301622580136225,41.193266721858315,39.897983030870925,39.809613050592816,26.088003069172782,40.69953975784027,43.49736759300986,0.2195745012873638
1359,41.32785445125639,41.16130409517222,38.75993154580153,38.161685843102305,-2.615376744838919,40.48280436080094,43.527768157964736,0.21999137067083416
1360,41.303604136371746,41.13302310698913,39.36548016378933,38.66285136994463,17.33652866216213,40.55252904639845,43.50351784308009,0.21999137067083432
1361,41.31824870842244,41.17047722731906,39.714292162324185,39.022762157522045,29.374873830841373,40.4639549656555,43.51816241513078,0.21999137067083435
1362,41.29365762979897,41.15748263901319,39.67982484174941,39.403238740819695,25.150587797269537,40.52980318877839,43.493571336507316,0.21999137067083432
1363,41.30593868454769,41.188812731174586,39.51998487687654,39.268815649606154,-0.1797862871436422,40.81593663355185,43.505852391256035,0.21999137067083427
1364,41.29738766874384,41.19404621266958,40.09034034528874,39.45520575063595,26.43985251780539,40.89254443415228,43.49730137545218,0.2199913706708343
1365,41.29795553849703,41.157613901177314,39.70845331141826,39.08584796040591,30.04075676388768,40.593184596858976,43.5094512088311,0.22114956703340746
1366,41.29493321604453,41.119668643896176,39.53434886715877,38.782482792323336,18.639520049279774,40.608058558774445,43.47465122811503,0.2179718012070502
1367,41.321176534203296,41.105174704030645,39.82578594215246,39.40770620928953,26.19812644402349,40.75467780026915,43.5008945462738,0.2179718012070502
1368,41.32308683333696,41.16517896172181,39.808184567264874,39.3082568362742,29.338770391610126,40.617181298993145,43.50280484540746,0.21797180120705006
1369,41.342293966239836,41.12561917046071,39.209438777992055,39.200154619480024,-6.349442445259754,40.664758465811225,43.52201197831034,0.21797180120705012
1370,41.30823636560282,41.16717721373416,39.71238436221975,39.3577726925974,23.215398284015986,40.60438363403104,43.487954377673326,0.21797180120705015
1371,41.33151214516135,41.180677327475074,39.77808225596941,39.25934762575773,24.51489616468504,40.839667305506936,43.50974037841248,0.21782282332511313
1372,41.33460509696706,41.21765614431924,39.5126057782281,39.37987101490809,22.217573326069193,40.80767413801364,43.51283333021819,0.21782282332511332
1373,41.31197454320503,41.15425307293232,39.27580701580096,38.963017003998225,-0.1329367756892097,40.423307254346824,43.490202776456165,0.2178228233251134
1374,41.3187375955421,41.191700878635295,39.87454623392337,39.4167201737818,26.651583661691703,40.610229297819146,43.496965828793236,0.2178228233251133
1375,41.31323579410338,41.23643773284362,39.98976684050408,39.84199291434594,28.960814878498972,40.85445787100158,43.48499260119703,0.21717568070936483
1376,41.33676492777265,41.24733179952376,39.66092019143644,39.46926102011332,25.15193417608931,40.93955190151462,43.50852173486629,0.2171756807093646
1377,41.31049479748031,41.169889087480776,39.780562716732845,39.31157278388238,28.751236524392176,40.731527708857705,43.46636821474575,0.21558734172654395
1378,41.37273842156951,41.17353115923216,39.75653280458126,38.95773984335207,24.495572558733443,40.411055962747064,43.52861183883495,0.21558734172654395
1379,41.374922605001075,41.241873754433975,39.45912581190218,39.57466960859452,20.809561530497646,40.81858622600299,43.530796022266514,0.21558734172654398
1380,41.3512791730585,41.19302473579311,39.512193679445886,39.01629679818699,17.537249600030826,40.807620235607146,43.50715259032394,0.2155873417265438
1381,41.34073195846064,41.18843538359414,39.622241354771496,38.69162569881313,31.034813813594567,40.404965774117784,43.49660537572608,0.21558734172654392
1382,41.35737789399252,41.11145790679376,39.532734421818546,38.56644098434367,27.907119702742662,40.5306484589007,43.51325131125796,0.21558734172654392
1383,41.33961977434297,41.126227587605,39.47255470200399,39.10569334025406,24.956354077880118,40.41533217109169,43.49099836259034,0.2151378588247367
1384,41.34939169181382,41.17923692073353,39.55275645740187,38.96585223995762,15.104070974878525,40.50567732520811,43.50077028006119,0.21513785882473657
1385,41.3539276433463,41.18763188543705,39.80537287930022,39.298796117959384,31.807113352393486,40.74555635165579,43.50530623159367,0.2151378588247369
1386,41.370172130817856,41.130949526459645,39.41265350738501,38.27639561296654,26.945990983695904,40.50668268041964,43.521550719065225,0.21513785882473677
1387,41.36451486772394,41.20742222598576,39.81439652811049,39.69619969833499,28.17880052531404,40.70559000899131,43.51589345597131,0.21513785882473674
1388,41.34872616665256,41.123258779812865,39.56204798461775,39.281849376687525,23.091095461188573,40.68107886373443,43.50010475489993,0.21513785882473666
1389,41.334304852035565,41.15011630006004,39.657829626141094,39.12780937643953,29.052992098759027,40.49480321193433,43.49080340488693,0.2156498552851365
1390,41.36311043339617,41.25618395798621,39.99023801012081,39.40398960305439,29.45182318021337,40.77349427101424,43.51940946001604,0.21562990266198684
1391,41.34069590972185,41.17544706971151,39.53607767302947,39.35338254894726,25.82955884829862,40.572149248953814,43.49699493634172,0.2156299026619868
1392,41.36612044260519,41.14243330936762,39.45733571801446,38.82167737434719,20.401978136539878,40.35702900329176,43.52241946922505,0.2156299026619865
1393,41.33274385711009,41.21825489460584,39.95906646521387,39.354563468378394,30.461630691835758,40.6722298166346,43.51630884714216,0.21835649900320717
1394,41.32236593042935,41.19226913301795,39.39381446731094,38.81014668623576,22.923437523567557,40.678489167422256,43.50593092046142,0.21835649900320703
1395,41.31336379940256,41.242308825171186,39.361535471822826,39.6613448825265,-16.14566398136777,40.95259542914471,43.496928789434634,0.21835649900320714
1396,41.30981745204773,41.09265017303311,39.4309457933399,38.731689834925035,16.53074550095974,40.68369350868585,43.493382442079806,0.21835649900320736
1397,41.29187111708561,41.130993433995734,38.89862186547612,38.86572155210359,-4.788799614413428,40.50447769224466,43.47543610711769,0.21835649900320722
1398,41.33296791050334,41.146585840596735,39.549579905509766,39.33514348064774,23.6387812714982,40.5913318326765,43.52271189779626,0.21897439872929184
1399,41.322540493271035,41.04345249857721,39.773994680144874,39.826211379146116,16.527113690573202,40.6367411521078,43.512284480563956,0.21897439872929186
1400,41.31093805455378,41.21957336158231,39.81128704968834,39.237879532685454,26.161205536356984,40.76320556771623,43.50035091072522,0.21894128561714343
1401,41.32058534084783,41.20781975682807,39.798257493600154,39.20009008965415,31.458948455059517,40.686958789269745,43.509998197019264,0.2189412856171434
1402,41.31027620330342,41.086229547858146,39.05924250638752,38.49471086652261,1.4827049590678811,40.29989261646665,43.49968905947485,0.21894128561714357
1403,41.32995154660773,41.129130131597435,38.98281339194749,39.07153728614442,-4.134282895041451,40.426351118232375,43.51936440277917,0.2189412856171436
1404,41.30690761060852,41.11476406227066,39.02276404968745,39.1195273828315,0.729295281781873,40.31775422443678,43.496320466779956,0.21894128561714352
1405,41.304245971472135,41.18082018002102,40.066503311569875,39.59341945533202,26.651093275932286,40.57583001533588,43.49365882764357,0.21894128561714343
1406,41.30971395973084,41.09787505099899,39.655168354093036,38.9155063858892,30.270628794536925,40.64964182555054,43.53494250913949,0.2225228549408649
1407,41.30257578402309,41.04665806034679,39.83200744984132,39.41068378298472,32.94172159841862,40.414465490380685,43.52780433343174,0.22252285494086493
1408,41.27798239914149,41.174807191596344,38.865050809170604,39.07022939740982,-15.602832238195141,40.59338371391997,43.50321094855014,0.22252285494086516
1409,41.26087703066625,41.131223951626765,39.97767632636694,39.62305481572618,30.98523002992864,40.59020584774787,43.48561773610859,0.2224740705442334
1410,41.27224819556263,41.11006976294482,39.215898044433374,38.39644750461906,22.5886682553082,40.33397321289095,43.49698890100497,0.22247407054423354
1411,41.2720524281546,41.07357383652573,38.92760810047304,38.69189963126511,16.63792619727663,40.47982929343257,43.49679313359694,0.22247407054423335
1412,41.28470669321411,41.162783755058825,39.592521604757025,39.27856224814288,22.4068845219618,40.69237966108494,43.50944739865645,0.22247407054423332
1413,41.31557528039752,41.14231612824975,40.20053691635079,39.84717188603712,33.160213786188926,40.6806277561488,43.51206644026716,0.21964911598696418
1414,41.310400738799515,41.194115259008754,39.88451076430907,39.179108241447025,33.402352301371536,40.65047073006567,43.50689189866916,0.2196491159869641
1415,41.28098112124416,41.18834431800485,39.42353011043378,38.77579199684947,27.498236679208247,40.23084521801442,43.4774722811138,0.21964911598696404
1416,41.31304447675565,41.16498049472246,39.642126408886064,39.35591310296283,22.139404271702645,40.59723356137236,43.50953563662529,0.21964911598696396
1417,41.28760358899707,41.12783072197669,39.57413240821855,38.69737653431298,30.8193123276927,40.37702567260377,43.48409474886671,0.21964911598696404
1418,41.30073869600619,41.121193406059135,39.627440018726055,39.261291048868856,26.97411765747524,40.55819514540428,43.49722985587583,0.21964911598696393
1419,41.29804141303577,41.14749565803525,39.76914534750401,39.45815610638422,28.93475983918192,40.70435626489232,43.494532572905406,0.219649115986964
1420,41.29777130876798,41.07280433015834,39.84701476651912,39.39575557368242,25.556883545289708,40.548093684172294,43.49426246863762,0.2196491159869641
1421,41.285266467071764,41.13844542284697,39.48247312057295,38.42770602038371,29.03511291148601,40.34138085059658,43.4817576269414,0.2196491159869641
1422,41.302168621590255,41.21876315427843,39.6332251971514,39.17971288319734,17.521942011909864,40.635705272142346,43.528911623053176,0.22267430014629208
1423,41.27597031906412,41.21333981661998,40.08318701472554,39.92487494238833,18.92900619298146,40.82715534294877,43.50271332052704,0.22267430014629191
1424,41.264283495822255,41.14252065459778,39.625185357056054,39.444459080802176,27.017796173474743,40.63513605441278,43.491026497285176,0.22267430014629194
1425,41.25519274437367,41.138310213803386,39.97659582778003,39.07422597376506,33.27346408604892,40.81973833110352,43.480571752798525,0.222537900842485
1426,41.292711577881995,41.1252251531025,39.59625179200145,39.31236839361381,20.41806979922004,40.5654029263375,43.51809058630685,0.2225379008424852
1427,41.280298696557736,41.1482319945532,39.5953739227061,39.11665938988104,30.565272807028013,40.5740311643326,43.50638625996435,0.22260875634066143
1428,41.28309063572989,41.16910786494984,39.967632384461474,39.366370838169935,31.303460036391762,40.671691558910155,43.50917819913651,0.2226087563406613
1429,41.27300965269163,41.1968130753921,39.388958308696786,39.04338207400345,20.210404011408176,40.583317610179876,43.49909721609824,0.22260875634066143
1430,41.2598187467707,41.130972877810166,39.719759684941224,39.24302039540217,27.669224488871208,40.4638554403368,43.4784932077643,0.22186744609936068
1431,41.29041297753168,41.19354774171855,39.61868820980785,38.968591202539706,25.833558648305182,40.683109366962086,43.503468098058235,0.22130551205265575
1432,41.28341763946851,41.16097449261636,39.69258614652057,39.6966546731525,24.634066887319072,40.79508320772765,43.49647275999507,0.22130551205265594
1433,41.28413095841387,41.05415241781126,39.26788698573324,38.54814286187586,17.04564012636392,40.345890811990216,43.49718607894042,0.22130551205265583
1434,41.29002791524361,41.183881270373426,39.51215384563684,38.897620744463744,29.23877811365947,40.44019309898559,43.50308303577017,0.22130551205265564
1435,41.30288848029372,41.13643271542581,39.286546519537815,38.72466571794048,25.056177854005988,40.40869504739319,43.51594360082027,0.22130551205265572
1436,41.293882835741215,41.13076485082434,39.863088323503675,39.377870256897126,31.120197270998926,40.708938821728964,43.491542023964946,0.21976591882237287
1437,41.305861120750976,41.15113487383781,39.929416806777965,39.67248847694137,30.58686480976632,40.71589823767043,43.5035203089747,0.2197659188223727
1438,41.30212834464714,41.186079360607785,39.44502987766744,38.96436035096646,29.13858849399413,40.48709038698668,43.49978753287087,0.21976591882237292
1439,41.30973457701924,41.13758702134585,39.25772983449526,39.03623796193131,11.382916234784396,40.56791394650466,43.507393765242966,0.21976591882237279
1440,41.295747762963984,41.14766903442968,39.71875502998232,39.04784337516633,30.907969735193507,40.6087073609938,43.51549507160511,0.22197473086411212
1441,41.28722146029881,41.0921548550652,39.54521083909407,38.50750120800329,22.931641901434283,40.318515435719036,43.50696876893993,0.2219747308641121
1442,41.27809181621014,40.9902415762271,38.93168338221659,37.89618990108886,26.780569439705346,40.17348143149227,43.49783912485127,0.22197473086411218
1443,41.28366621315818,41.129825893050416,39.980265725590684,39.77986939519945,30.814985658979673,40.558624713281084,43.5034135217993,0.22197473086411218
1444,41.27674007836735,41.17453086131396,39.876737079702096,39.36879321893057,30.289679288227635,40.623471072508,43.496487387008465,0.2219747308641121
1445,41.28364720555491,41.09337845361503,39.753458970774886,39.16269809789017,30.82074903383429,40.65344760993064,43.50339451419603,0.22197473086411224
1446,41.27715028638422,41.055067244544944,38.64121447213116,38.388334105464686,-4.012967601197197,40.496841849226826,43.49689759502534,0.22197473086411207
1447,41.27189222697169,41.03333915258818,38.9251846715543,38.88202361056258,10.145564501078034,40.4004357025454,43.49163953561281,0.22197473086411212
1448,41.277018254346316,41.12954679539898,39.790647201377624,39.27460407259313,26.87992897890517,40.71861695001717,43.49676556298744,0.22197473086411218
1449,41.288998564585924,41.10503919039272,39.58091686976938,38.74379719506653,28.62236712965504,40.46144112811291,43.51258175180408,0.2223583187218151
1450,41.26850088947001,41.113590112417775,39.493784434987234,39.35216337371142,16.65869507107681,40.81948062254413,43.45646502409779,0.21879641346277787
1451,41.3178509562877,41.187216799137026,38.77594333334155,38.68219301070666,-14.544886798588657,40.32581811676373,43.505815090915476,0.2187964134627777
1452,41.321427276696085,41.12995010163284,39.81628684337017,39.82380726218965,0.22310529269582702,40.75970991702674,43.502940704500446,0.21815134278043624
1453,41.30131851633155,41.167045080293605,39.75201730276424,39.24678622497676,29.111689297492497,40.68549354861989,43.48493725373756,0.21836187374060168
1454,41.36506926463307,41.08586645446849,39.223859175515436,38.815078551294285,26.50363301370458,40.34245630231928,43.51921240756244,0.21541431429293686
1455,41.35496688153189,41.20029412882746,39.35966329464295,39.01978226130031,13.923233556967869,40.50409320496664,43.50911002446126,0.21541431429293695
1456,41.330475312598566,41.16316163682605,39.051718611510736,38.90062140963554,-3.683077653423254,40.549227663135845,43.48461845552794,0.21541431429293686
1457,41.346626047790515,41.21285377439602,39.89793357617744,39.072680176818295,33.935990613383254,40.64445589733313,43.500769190719886,0.21541431429293698
1458,41.3649603991073,41.2592893493941,39.6417396459966,39.14673522853817,20.714668203187863,40.799754604204885,43.51910354203667,0.21541431429293692
1459,41.35236065808265,41.25131091732063,39.40430539942443,38.29470639224117,30.110928278662684,40.67279552019818,43.47872493312101,0.21263642750383557
1460,41.3708391648726,41.153328780699304,39.87293100840554,39.51912020324085,32.52158953603147,40.58571215396654,43.497203439910955,0.21263642750383557
1461,41.364945683010255,41.26429059940778,39.79991795992968,39.5884642344681,17.90547841729733,40.979328287618515,43.49130995804861,0.21263642750383538
1462,41.390598834229806,41.11875843867288,39.38007259838609,39.09159390603386,15.216578810647604,40.3166851661593,43.4674819095831,0.20768830753532966
1463,41.41190568221621,41.301245349567814,39.91007896154689,39.6282025384297,28.180443108574202,40.91822246665312,43.4887887575695,0.20768830753532969
1464,41.39085649133871,41.28923703975602,40.02757111983684,40.000795145342835,15.985939646023112,40.794132977590394,43.467739566692,0.20768830753532946
1465,41.40308477025006,41.279668100909035,39.6860604151157,39.33927621740099,17.1488718486174,40.79233194894682,43.485587186070404,0.2082502415820343
1466,41.439555097567066,41.17764923032499,39.61016264873621,38.9333947343141,20.298486024296167,40.64791721800037,43.44532996428432,0.20057748667172506
1467,41.48943899428325,41.37920340704349,39.9283964785443,39.67761906564884,26.321393465752397,40.95068179789794,43.47985653906672,0.19904175447834743
1468,41.476537148019034,41.318006914503805,39.98518526906858,39.59184170115279,29.207700395951505,40.864029284550995,43.46695469280251,0.19904175447834754
1469,41.485124913270965,41.33027035916874,39.318097801250055,38.878206968957166,1.6235787089206042,40.799378699118776,43.47652928843097,0.1991404375160004
1470,41.47803578959513,41.336554788677404,40.00736693022188,39.74882908798787,28.13920546387112,40.83020903855313,43.4636745459221,0.19856387563269723
1471,41.49469539838137,41.406895626786245,39.286869600151185,38.991735030083504,1.4499312708592882,40.82033709587465,43.45209981966805,0.195740442128668
1472,41.52008551353635,41.40196354710725,39.70663581281521,39.59926538758937,18.54794550360259,40.90952177912831,43.47748993482303,0.19574044212866812
1473,41.51624065302806,41.35892231584181,39.462549097030085,39.09228826517612,22.942496396180026,40.70709738095009,43.47364507431474,0.19574044212866773
1474,41.52289711381111,41.401259870317084,39.56575275567114,39.062336413033975,17.363974357879712,40.88843727648138,43.480301535097794,0.195740442128668
1475,41.51675983746014,41.3814006331404,40.00090101203133,39.78429412696555,26.352450299905627,40.962369388498615,43.45011124224878,0.1933351404788636
1476,41.55118352813585,41.38816127836114,39.79595482406418,39.55068212826121,26.169352854568437,40.725091439256076,43.48453493292449,0.19333514047886366
1477,41.5262520619678,41.43395721444255,39.64179372329356,39.51924102369878,20.11481721534879,40.74692528333733,43.459603466756434,0.19333514047886335
1478,41.548228288434686,41.44029703875812,40.22047422492548,39.56635060502721,30.549111847346765,41.10318111464154,43.481579693223324,0.1933351404788636
1479,41.53775866106767,41.451492902661556,40.107432230708376,40.03915555401556,26.364633434390566,41.11740670965493,43.47111006585631,0.19333514047886352
1480,41.5707584456863,41.4105618535048,39.79973632445618,39.22288811914662,17.554593385150692,40.74583715825389,43.62957663458906,0.2058818188902753
1481,41.56816373521978,41.438952963950626,39.85560613856125,39.9719073568321,16.264664279000588,40.72580413872552,43.62698192412253,0.20588181889027526
1482,41.58712112332434,41.477902794609726,39.84572359445788,39.480160426255836,27.04241764171879,40.78900495843389,43.64593931222709,0.20588181889027538
1483,41.57435205971741,41.330072137095165,39.758291717526056,39.209709965341744,28.924825882951975,40.72395497655107,43.63317024862016,0.20588181889027518
1484,41.589620064592324,41.39609404261302,39.96909770663517,39.741332013871194,28.547602356317846,40.83747521647281,43.64299266818418,0.20533726035918531
1485,41.58967163127204,41.354247708387184,39.89906924106792,39.62201284822877,1.8395688224390625,40.84461016106026,43.64304423486389,0.20533726035918531
1486,41.602578838129425,41.50791211366931,39.85984961085626,39.24975644271814,25.896375336886884,40.97230077621771,43.65595144172128,0.20533726035918554
1487,41.58246410266724,41.48881664592934,40.369953699017195,39.99788150832586,31.0506565055302,41.037941460201125,43.63583670625909,0.20533726035918548
1488,41.59166950130807,41.48695377093392,39.7815066098401,39.32291988072998,13.753863825549637,40.821656007845675,43.64504210489992,0.20533726035918534
1489,41.59251857557591,41.457246745376075,39.60157263152606,39.38233277635043,-4.559674161784429,40.840638902251456,43.65874433430964,0.2066225758733732
1490,41.588728444297395,41.40442300293404,40.0403515289325,39.79820364812793,22.962862933481173,40.92121212973174,43.654954203031124,0.20662257587337304
1491,41.56981043933568,41.4425009988355,40.27322975117512,39.90920606308494,27.784854208097336,41.05066157712412,43.63603619806942,0.2066225758733733
1492,41.55507197369707,41.38810006577269,40.034808363633715,39.5287927590751,25.92569563871736,40.917218495677076,43.6212977324308,0.20662257587337318
1493,41.57089978250292,41.44807000781605,40.11449475853708,39.395308797919554,27.14073822436455,41.036869075362574,43.63712554123666,0.20662257587337332
1494,41.57586970560669,41.492474648777225,40.01662594935504,39.67004991614414,11.589360477017944,41.05135864082796,43.64209546434042,0.2066225758733732
1495,41.56646723542825,41.46262626556814,40.226045684962045,39.972557889833006,29.028192624969755,41.13893491292558,43.63269299416198,0.2066225758733731
1496,41.56971828732787,41.50637686500975,39.81117841136186,39.008689122108755,24.1580997580318,40.948231881473205,43.6359440460616,0.2066225758733732
1497,41.56634465125976,41.48994177528451,40.26451920469585,39.43936172142067,32.46818349425177,41.04901251719026,43.635660705426005,0.20693160541662434
1498,41.582860960287476,41.432138837706624,40.17352816329934,39.490608120651466,32.42760415817281,40.699364710323565,43.65217701445372,0.20693160541662453
1499,41.576928229444405,41.32487015363908,39.935606552933756,39.717565906381964,20.961784889743075,40.91567967982989,43.64624428361065,0.20693160541662473
1500,41.56133544975566,41.450603946936894,39.78329756034916,38.85769774542857,29.889149540107383,40.97911084773436,43.630651503921904,0.20693160541662445
1501,41.60361384544346,41.47246337245419,39.901135970723395,39.3361157166011,30.057487537698503,41.098758140827755,43.648085989352154,0.20444721439086935
1502,41.59556481750583,41.48649576183322,39.71483522039131,39.18390374129733,15.051496928665706,40.94801155874181,43.64003696141452,0.20444721439086924
1503,41.61126019515967,41.463402861563665,40.157724908146676,39.86252723264973,29.282388144745795,40.9536898443534,43.655732339068365,0.20444721439086935
1504,41.619408836070654,41.50220224589339,39.982774849259116,39.881308772989556,26.53992365773229,41.110637356788324,43.663880979979346,0.20444721439086935
1505,41.609919712684054,41.47042891832258,40.10423551549054,39.64630464390536,28.081621901681903,40.856181789947534,43.654391856592746,0.2044472143908695
1506,41.5828484615979,41.408934561244095,39.8851510239894,39.16929657002651,26.183389314847936,40.79008203520603,43.62732060550659,0.20444721439086933
1507,41.57892652473786,41.35252456084541,39.67740654639794,38.934247860062115,1.6202756031542265,40.85159958028693,43.62339866864655,0.20444721439086935
1508,41.58636148629916,41.43381974631075,40.21854529795127,39.76563631983895,24.288523573953135,41.02308477736253,43.63083363020785,0.2044472143908692
1509,41.61360137366291,41.50887656250437,40.07289094653569,39.499235761957394,30.564164115684314,41.16224386599802,43.6580735175716,0.2044472143908693
1510,41.61383760782441,41.453674049738325,40.084944816943135,39.632903212277206,31.33892428892287,41.028864177049186,43.6583097517331,0.20444721439086921
1511,41.6016246765318,41.43636855794331,40.06610269634533,39.91285171909343,22.795913852591784,41.089960943426334,43.64609682044049,0.20444721439086924
1512,41.599124292109565,41.4953909300189,40.167061500322866,39.83424560856389,21.779997081023637,41.07938126284796,43.648099133424566,0.20489748413150033
1513,41.587229465227814,41.45127852819175,40.04688830614123,39.722426291546995,30.69186231330819,40.931688366454296,43.636204306542815,0.20489748413150002
1514,41.59395382163903,41.46510343439156,39.86669691804703,39.24714152567859,22.16694987517837,40.779214213439204,43.642928662954034,0.20489748413149997
1515,41.590464666159505,41.347175327684496,39.76972328967322,39.30114275017408,29.56049089859721,40.732909675565566,43.639439507474506,0.20489748413150047
1516,41.58757975366704,41.45865727925222,39.38077787368055,39.453712667256404,6.564557705623194,40.8683273151354,43.636554594982044,0.2048974841315001
1517,41.60374555579262,41.37945595106197,39.85385734831122,39.24086585167678,28.601228461976927,40.95204329513713,43.65272039710762,0.20489748413150016
1518,41.59693017382739,41.33816291467763,39.81945363618728,39.38961804667302,21.340210951502925,40.449885803168165,43.64590501514239,0.20489748413150027
1519,41.58823446845895,41.3683571343159,39.65465933806991,38.759230637796165,28.828949613549042,40.82533828704517,43.63720930977395,0.20489748413150016
1520,41.58772343335788,41.48538220177626,40.06529781242606,39.70138078462607,27.635425175622963,41.05689894972609,43.63669827467289,0.20489748413150044
1521,41.587407823637506,41.49246732092325,40.05996041364266,39.789962023979385,25.245472734465174,41.0873402606567,43.63638266495251,0.20489748413150005
1522,41.60881255548554,41.355303322848584,39.937873504804195,39.52999223937497,26.710042216192264,40.80159098767561,43.65778739680054,0.2048974841315004
1523,41.59298052316107,41.42859487311624,40.06331392993125,39.77088057835654,23.136133453687194,41.02103063244397,43.64195536447607,0.2048974841315001
1524,41.596634752297234,41.48741706461365,39.84761690382875,39.39617011523385,28.620884173575202,40.832532897181224,43.643545370935016,0.20469106186377783
1525,41.57259719626436,41.359128422428974,39.775478071080826,39.901515712103695,14.568775553879494,40.8465405729589,43.624274949676696,0.20516777534123334
1526,41.61320710014671,41.50701049599663,40.27083910776529,39.4967240718407,35.4139023715419,40.83235957396822,43.664884853559045,0.2051677753412335
1527,41.610020818818356,41.43627966755051,40.21647380073793,39.77860079413067,29.136603472423307,41.02555024756833,43.66772416809143,0.20577033492730784
1528,41.60357774722907,41.4577883840653,39.91599190839629,39.68916217303363,8.31729882162243,41.09081669435817,43.661281096502144,0.20577033492730792
1529,41.58424405224087,41.48807550895819,39.762325514809326,39.84163318319226,12.53467050062509,41.027973514574164,43.641947401513946,0.20577033492730792
1530,41.60273108219174,41.465261172829194,39.762583406757464,39.435211354093425,-4.68496119020822,40.98834254467023,43.660434431464815,0.20577033492730784
1531,41.62810131954552,41.507143620463964,39.84299206584612,39.636239540348456,20.707646918953188,41.06592167078755,43.6858046688186,0.20577033492730795
1532,41.582347158095985,41.440037151005825,40.14637771994923,39.88400727059179,28.98231774670563,40.78824004063743,43.64005050736906,0.20577033492730776
1533,41.60023216531776,41.51347665683113,40.00207978721448,39.52799965376345,17.150415894875636,41.16411391892534,43.65793551459084,0.2057703349273079
1534,41.58723593768216,41.36825592787832,39.653315305087496,38.86460252727625,28.07994234505741,40.76451266007316,43.67312311626788,0.2085887178585725
1535,41.572803206661355,41.41332021951429,39.675925572690524,39.081441543150795,18.497391550917897,40.85891965086827,43.65869038524708,0.20858871785857247
1536,41.568720829060055,41.438579523026384,40.020246008827776,39.68269373460435,23.72107799585198,41.01079593434837,43.65460800764578,0.20858871785857233
1537,41.59628642892967,41.37267009705152,39.524914242863225,39.16871930194172,7.787369558766265,40.86843268622608,43.66126602396609,0.2064979595036416
1538,41.60336660281156,41.406555799726924,39.74182371247053,39.27793362718384,25.203656844043216,40.89792536710745,43.66834619784798,0.20649795950364172
1539,41.580933090897126,41.47843505722325,39.813197587914566,38.6688488016542,29.42034918094685,40.77869290028701,43.645912685933546,0.20649795950364164
1540,41.612087170023536,41.37223233687398,40.18611792874671,39.45252532515933,34.479338649451215,40.7000071212821,43.67706676505995,0.20649795950364153
1541,41.58949710078041,41.45411210503327,40.196059072561745,39.66749599068779,30.975006058480083,40.93858216247472,43.65447669581683,0.20649795950364164
1542,41.608705856785875,41.46240387384575,39.65294902330331,39.23777351918611,17.111638822770093,40.87362844175985,43.673685451822294,0.20649795950364164
1543,41.6126927219258,41.47818091423341,40.393520911200426,40.219265564161375,31.859770394146693,41.14260876676205,43.677672316962216,0.20649795950364158
1544,41.587086926581215,41.44900809326881,40.18687598042367,39.60765668770189,33.04320170425352,40.85101334167878,43.65206652161763,0.20649795950364144
1545,41.59063752172583,41.51301615969789,40.4690921932847,40.08955923868949,32.51621861025248,41.147926571314514,43.655617116762244,0.20649795950364153
1546,41.59366269783737,41.429779546788424,40.08385380268625,39.53372970602928,22.50809167924094,40.90226920251506,43.658642292873786,0.20649795950364166
1547,41.602101386482914,41.4285488788897,39.69295101302254,39.57948761568764,0.31279560568422937,40.879074620779434,43.66708098151933,0.20649795950364155
1548,41.602872692291314,41.468281892910525,40.04513440963084,39.70350254765171,26.28567256656592,40.85534955455905,43.66785228732773,0.20649795950364172
1549,41.603355915211274,41.5034786454597,39.780316522226094,39.34174838337196,-4.53302403595665,40.79449158750925,43.668335510247694,0.20649795950364172
1550,41.59899892723556,41.45822747092037,39.66479841890619,39.35432592790836,18.9260011006779,41.01257964122748,43.663978522271975,0.20649795950364144
1551,41.598509970033426,41.489566457631256,39.86679888466443,39.57889827476999,10.97010110382007,41.06513172308044,43.66775762724827,0.20692476572148427
1552,41.57046536706217,41.39374614862379,39.92656215576758,39.62769747605743,30.257815142454007,40.86191290973905,43.639713024277015,0.20692476572148458
1553,41.589219864094,41.48569837075064,39.81833093746848,39.766804050217615,22.884149189120023,40.68501172160229,43.65846752130884,0.20692476572148455
1554,41.597752320612955,41.482812520970974,40.26629487272894,39.769066738604806,32.46415533126029,41.07540463103526,43.6669999778278,0.20692476572148455
1555,41.59198842631139,41.45003827842608,39.81451849734666,39.02952856388175,30.085278333408603,40.729711015414246,43.661236083526234,0.2069247657214846
1556,41.58564633733531,41.492689727929275,40.27101198790799,39.97059124403346,30.42220054679442,41.03612703054948,43.65489399455016,0.20692476572148433
1557,41.582602801367464,41.45609128576828,40.20088752245978,39.97147079797444,29.56794726798997,40.91726329485509,43.65185045858231,0.20692476572148452
1558,41.59877633246831,41.403983540746054,40.03840251742004,39.539830412879965,26.48853072779412,40.8908419725589,43.66802398968316,0.20692476572148447
1559,41.60247204542253,41.43522139930666,39.6724768659885,39.089898306916794,13.861201840290427,40.78589269101314,43.664620946868865,0.20621489014463382
1560,41.61423577032764,41.28620948881744,39.2635804123713,38.46492760728101,-2.022169261485388,40.75030969553132,43.676384671773974,0.20621489014463382
1561,41.610838406982616,41.48696729301522,40.06065847516355,39.76695993558932,26.719954509937708,41.02411013762617,43.67298730842896,0.20621489014463398
1562,41.59587284909403,41.47915904513071,40.10122242673068,39.60142607982578,26.451313227800583,40.997618951502645,43.658021750540364,0.20621489014463376
1563,41.60540597431624,41.503468071081286,39.85565913563004,39.667429400904666,7.743223665111223,40.90224887831658,43.66464816948593,0.20592421951696885
1564,41.62356430240926,41.39760355656229,39.652183708637075,39.08415985368135,12.367147679565328,40.6504558862533,43.682806497578945,0.20592421951696885
1565,41.59236152457313,41.35525807835543,39.73240777680245,39.308872472513485,15.151662227870553,40.77747405157937,43.6513153165925,0.2058953792019376
1566,41.623593106305805,41.448288836097504,39.911112784125635,39.547073245744514,28.091206591406987,40.943070413486254,43.68254689832518,0.20589537920193746
1567,41.59916208925909,41.471712575586594,40.112001953162164,39.560235062590706,28.641698600595102,41.20754256773157,43.65811588127846,0.2058953792019375
1568,41.60279633898627,41.499326993478505,39.639162074508604,38.931232822633085,26.640223720149823,40.90143536739993,43.66175013100565,0.20589537920193762
1569,41.62098117727785,41.49173183395259,40.152277410487606,40.01995714295866,29.573799504046224,41.04582465292536,43.67993496929722,0.20589537920193757
1570,41.60633911749711,41.399442036837456,39.81359309501839,39.4286804934588,15.153895081310846,40.898333478788956,43.66529290951648,0.20589537920193762
1571,41.61250845360589,41.483264154326356,39.86800587069033,39.637903081487245,12.50282807852961,40.784617572149415,43.671462245625264,0.2058953792019375
1572,41.596817959732675,41.42694166171661,40.182469555179175,39.517318174182066,30.57369694856572,40.92943611769559,43.65577175175205,0.2058953792019376
1573,41.60159847448384,41.42845940543895,40.04302686257369,39.28592331628717,31.056414361311504,40.878826082529514,43.66055226650322,0.20589537920193748
1574,41.593670214798586,41.41640744114769,39.881100979029,38.764250620294774,31.54664476938411,40.83235421213901,43.65262400681796,0.2058953792019375
1575,41.59356746473685,41.46483245122612,39.8050491002867,39.50419057827345,21.587744432592842,40.98040230684707,43.65252125675622,0.2058953792019374
1576,41.60862670732576,41.48905194562492,39.88204590221704,39.266924686614914,27.028673672859536,41.07562412443038,43.667580499345135,0.2058953792019375
1577,41.58807750454921,41.378110944273246,40.08903763918075,39.85355703696169,21.081142570599766,40.94811262739161,43.667938880117894,0.20798613755686848
1578,41.56548308628464,41.456692342164324,39.89472045496803,39.2589200829679,25.63400630129139,40.87018696935773,43.64534446185332,0.20798613755686823
1579,41.5896685072742,41.451469942546716,40.09283804370892,39.27997121219002,31.987374463018718,41.0800235635444,43.66952988284288,0.2079861375568685
1580,41.59059135687575,41.45793027341792,39.80484035668462,39.631736623276005,8.258326324480414,41.06797062140819,43.67045273244443,0.20798613755686837
1581,41.581488692014,41.45932371680629,40.04611888694481,39.86744345081206,27.092162433885598,41.08790364574221,43.66135006758268,0.20798613755686846
1582,41.57554194796877,41.445857288490274,39.790838359663724,38.65354175440846,30.91000513386598,40.67854942769857,43.655403323537456,0.2079861375568684
1583,41.57248979562999,41.41393547612467,40.05791003718123,39.56676105826653,26.602765439023155,40.89830360132537,43.652351171198674,0.2079861375568682
1584,41.59949353192624,41.42209352215612,39.9033839564272,39.38219405626967,16.989830693832804,40.786975109403585,43.679354907494925,0.20798613755686846
1585,41.5842500871228,41.49579499498071,39.91555092967146,39.67876740107944,17.075613274064825,40.92226861370287,43.66411146269148,0.20798613755686837
1586,41.59463382927713,41.46705534003798,39.74141738941989,39.58484606395362,23.26943411393448,40.75678121980266,43.67449520484581,0.20798613755686834
1587,41.59947417931917,41.452844595904246,40.06400868989467,39.789959504721175,30.00697298774083,40.93339396323208,43.67933555488785,0.20798613755686848
1588,41.57538931708493,41.513543685471944,40.04419899357486,39.53521517427518,14.951328295007734,41.21899769725873,43.65525069265361,0.2079861375568683
1589,41.59329280464987,41.451778284766014,40.33781292612089,39.79279340451678,28.633607278566366,41.097397515120875,43.67315418021855,0.2079861375568684
1590,41.58985578848364,41.48371582971525,40.132073938329434,39.87161566078292,25.35881115368055,41.12256305787874,43.66971716405232,0.20798613755686834
1591,41.581329528588846,41.35760185199018,39.49418243654005,39.31480187637081,18.96584980479724,40.76652024565573,43.66119090415753,0.20798613755686823
1592,41.60899137537657,41.48276748743597,39.83502432413016,39.15914082806806,22.54484740229798,40.82057784114869,43.68885275094525,0.20798613755686843
1593,41.572583999472045,41.46916265060897,40.11957860318001,39.33677612991926,31.687422348284493,40.971259115449854,43.65192922484,0.20793452253679626
1594,41.603577014038166,41.36098672110497,39.742969022701686,39.15591672746115,18.505805342840087,40.720197129243175,43.682922239406125,0.20793452253679612
1595,41.581437954209036,41.398440586568874,39.85408548455631,39.52771014400923,25.329478228957644,40.70866644319745,43.664141010136895,0.20827030559278598
1596,41.59657708323704,41.45313531807152,40.12351334424733,39.42354788946496,25.863957424843154,41.02008683926523,43.679280139164895,0.2082703055927861
1597,41.57710319043227,41.448129044793006,40.013855677334185,39.439290474942275,28.758296535708244,40.91576193056912,43.655303548953825,0.20782003585215525
1598,41.58254118216137,41.3779210730205,39.664807597595974,38.97919782383527,22.767097225289426,40.76738042581369,43.66093212883285,0.2078390946671478
1599,41.577514916124315,41.45456530202794,39.89150901385233,39.92447382351966,12.498732068942267,40.90017782788784,43.65590586279579,0.20783909466714792
1600,41.61621023018547,41.48190307874043,40.245251875745815,40.16889204985466,1.6433437896243177,41.1962154124727,43.63601727417817,0.20198070439926993
1601,41.5794110654785,41.438012399523025,40.24923262279668,39.92161800467719,30.554982251170998,41.08551602780064,43.5992181094712,0.20198070439926985
1602,41.601028217128906,41.49882413177549,40.028652359734494,39.50103037321209,24.14393295445466,41.09149891827628,43.620835261121606,0.20198070439927016
1603,41.583274203711674,41.483768896534094,39.89849878801395,39.33902558531825,15.338728601386698,41.03018955086699,43.603081247704374,0.2019807043992699
1604,41.59814512652715,41.38209067371421,40.0420451343745,39.36846999637291,31.38115859882985,40.74957081797564,43.61795217051985,0.2019807043992699
1605,41.59192135094654,41.475045012889694,39.771140618324914,39.203372970048186,23.490240550693127,40.856632907957206,43.61172839493924,0.20198070439926996
1606,41.60059133293487,41.48577302693629,39.93646723108115,39.20330706455957,20.571407633477364,40.86330242386738,43.62039837692757,0.2019807043992699
1607,41.582252632439896,41.44432778089673,40.12962561450277,39.96053011858057,28.995163945884045,41.12255887660781,43.602059676432596,0.20198070439927013
1608,41.57880633283753,41.41480379714875,40.005116040396594,39.596363052112,28.93566001582962,40.81716595316433,43.59660258702483,0.20177962541873046
1609,41.58146474119782,41.43604942422816,39.55977156164846,39.17786623409713,23.664350323574986,40.88543337210959,43.59926099538512,0.2017796254187305
1610,41.584250001501005,41.40037637148668,40.14631983514459,39.66253459910295,27.45144284233202,40.896477611654404,43.60204625568831,0.20177962541873035
1611,41.56531372251808,41.415290473209595,39.30036366114174,38.73607192134668,0.5012093036071406,40.70625522555742,43.58310997670538,0.20177962541873048
1612,41.61239366973878,41.449109371698675,39.821770528134046,39.029430946560524,28.505723952709726,40.89137052738961,43.63018992392608,0.20177962541873046
1613,41.587848251878704,41.421014345693806,39.91600960787222,40.23477349482787,-12.364917451806129,41.0113909562076,43.60564450606601,0.2017796254187302
1614,41.583623954995055,41.42891531927722,40.25872092267529,39.74364316954418,32.17912281883364,40.98754264411467,43.598815015664925,0.2015191060669871
1615,41.58672933241309,41.472853996735324,40.20600777716046,40.071110878426616,29.741943889765956,41.06686958694998,43.60192039308296,0.20151910606698692
1616,41.584517964340215,41.447065912742374,40.067096457032875,39.625312812608215,27.177926660666095,41.03943519865071,43.599709025010085,0.2015191060669871
1617,41.578033427726176,41.408373396268516,39.891647495280296,38.78305611979123,31.630381655221747,40.792642812480295,43.59322448839605,0.2015191060669873
1618,41.59304135650769,41.514277042354415,40.07394186705845,39.65136766194018,29.744843136684608,41.03728973460244,43.60823241717756,0.2015191060669871
1619,41.5776730839285,41.488549566579536,40.290889754524606,39.73569966404373,32.47795254890205,41.16094595550134,43.59368679403009,0.2016013710101586
1620,41.5805844177965,41.47889325094919,40.04247759222884,39.88930517034113,17.670578158739136,40.952445058161686,43.59659812789809,0.2016013710101587
1621,41.59586818461753,41.499265676047,39.92360495000682,39.36735478443388,29.33700179788034,41.03125214366046,43.61188189471912,0.20160137101015865
1622,41.574333665194416,41.41036070883885,39.33469991416735,38.427898431733375,19.72477596175618,40.578947596077825,43.592863810940955,0.20185301457465415
1623,41.58337278165142,41.42877140331373,39.79739326310407,39.1711654616022,25.868651101204176,40.80439470799165,43.598985868472575,0.2015613086821152
1624,41.590934915909344,41.50976779849066,40.1253213719558,39.82149854330031,24.864427582389382,40.95820831240862,43.61726319578287,0.2026328279873527
1625,41.584756718910626,41.479246646498844,40.15577682197846,39.56256487212467,29.52268379937368,40.99288884957143,43.61108499878415,0.20263282798735277
1626,41.56887541698116,41.49278153313522,40.072500317584385,39.42236702275177,28.624855768837882,41.067633389016294,43.56835194605294,0.1999476529071782
1627,41.6097761201522,41.4735858913795,39.64975387441761,38.71174447105011,25.995372106867528,40.88500038929628,43.60925264922398,0.19994765290717822
1628,41.60975813605322,41.501500748600705,39.968032988121045,40.16074882773266,19.519145401167606,41.162376006243434,43.60923466512501,0.19994765290717825
1629,41.58727556904931,41.3759717512769,39.718306894514505,38.7006741281174,29.020023897752814,40.75920004587402,43.586752098121096,0.1999476529071783
1630,41.587156261758516,41.35193997823934,39.87284575312015,39.019623109285966,32.39536454270813,40.59519260823079,43.58954984975569,0.20023935879971727
1631,41.60079748787282,41.37481991819491,39.56743307623772,39.673428146344136,-15.473901142572323,40.95920225215643,43.603191075869994,0.20023935879971727
1632,41.57563700354908,41.40333088422129,40.09577687805312,39.57412589934712,32.88810518288339,40.88951029328386,43.57803059154626,0.20023935879971733
1633,41.57821199931933,41.28812983017514,39.48025328191653,38.702736218853666,30.72851855707988,40.594387630176,43.580605587316505,0.2002393587997173
1634,41.619165479781856,41.402714338164415,40.12285185436247,39.83492636539534,27.530304070706826,40.8701466683588,43.621559067779025,0.20023935879971716
1635,41.6002095112411,41.515879684989685,39.99179384125642,39.32114449945919,29.485237067107924,41.03236530717107,43.60260309923827,0.20023935879971738
1636,41.59703580450248,41.506609491064346,39.5201192735244,39.27742091721469,-4.409853971719876,40.75499664222926,43.59942939249966,0.2002393587997173
1637,41.583790682814914,41.43884984628137,39.691799825164594,39.07238936016507,20.75681776141743,40.7332494992048,43.58618427081209,0.20023935879971744
1638,41.61266343936435,41.5115126541931,39.73799569070602,39.512862989084375,1.532890202924989,41.08921232187751,43.615057027361516,0.20023935879971713
1639,41.59842270104586,41.39544277902734,39.87920818792467,39.49227852568904,26.936448537723866,40.99283182396878,43.6033578613259,0.2004935160280034
1640,41.60420386023299,41.477702840974054,40.01811001174922,39.34337722147437,28.0271003133417,41.037529824148535,43.60913902051303,0.20049351602800333
1641,41.5781373563697,41.308515404481064,39.79670479660365,39.32232343851748,23.504957900008613,40.79014929818752,43.583072516649736,0.20049351602800372
1642,41.584630619598606,41.38926955556748,39.80889632631737,39.04937834664239,22.052296544708085,40.976004985434265,43.58956577987864,0.2004935160280034
1643,41.586967623121126,41.43355383580999,39.883569174259534,39.78715249791035,21.4355643485671,40.88515494158993,43.58679638588991,0.1999828762768786
1644,41.61073376928795,41.51908777507863,39.992589894922745,39.92142193716964,22.1460904913746,41.08121531792868,43.60823049181997,0.19974967225320212
1645,41.58297409113039,41.467193616850494,39.605487137847874,39.56943412754419,-11.87367354631148,40.9031953542395,43.593311506117324,0.20103374149869352
1646,41.57460894796679,41.43146705273305,39.605897596035376,38.67687645997842,19.669822485173746,40.83238489289019,43.555119227422786,0.1980510279455997
1647,41.63070288560021,41.45422477212762,39.616786259303396,39.129690128312106,19.712639440200856,40.837554803988425,43.611213165056206,0.19805102794559984
1648,41.59179997018238,41.37710207102131,39.978051985610854,39.617959882309144,30.088213959427996,40.802044133882745,43.57231024963838,0.19805102794559956
1649,41.63268322484166,41.5102984870082,39.919856063914445,39.61380745622186,29.202934972602097,40.86023348917505,43.613193504297655,0.1980510279455996
1650,41.61651759802718,41.47179986776764,40.04660350673952,39.3511366278397,27.356313734005298,40.9870775673694,43.59702787748318,0.1980510279455996
1651,41.61465256790294,41.41420786105965,39.88949729474495,39.328858269552654,18.295275771127788,40.93088243499393,43.59516284735893,0.19805102794559945
1652,41.6277674890482,41.464381483127255,39.490954775687214,39.1033278342873,17.578512597795747,40.60750169592404,43.6082777685042,0.19805102794559953
1653,41.61729736191618,41.40304481837363,39.84577679390386,39.56593048609522,22.334536473552067,40.71898147587257,43.59780764137218,0.19805102794559978
1654,41.625886743005275,41.44379519362862,40.21316679400218,39.17932892621995,32.318113023997626,41.06253202609338,43.60774598534387,0.19818592423385903
1655,41.62535925277006,41.490023106532725,40.17088746768878,39.74809452387856,28.632704285625323,40.918968019583616,43.60721849510865,0.19818592423385872
1656,41.6095999559793,41.404758924792446,39.566666311637306,39.70443848995632,-12.08583464500849,40.94064786064027,43.591459198317885,0.19818592423385878
1657,41.61336113676828,41.52432439165383,39.92877621832915,39.27784958984759,23.31445016340485,41.124515372228004,43.59522037910687,0.19818592423385892
1658,41.615516242924954,41.445322349498305,39.30788610775818,38.63168688457401,-12.046968745631759,41.04137773166821,43.59737548526354,0.19818592423385886
1659,41.60414517042068,41.437131350364666,39.97445982559011,39.64203476137945,24.923382121396006,40.76824932783042,43.586004412759266,0.1981859242338587
1660,41.61023184911269,41.477918948897745,39.93197232738371,39.59755097973703,18.496605283899015,40.85838909744106,43.591986378596474,0.19817545294837843
1661,41.62228328446822,41.497933698214126,40.351887749922284,39.723240376811965,33.77086749145585,41.15137200472935,43.604037813952004,0.1981754529483785
1662,41.61356033453977,41.44685940958768,40.09545981477956,39.41602455325166,32.52623745060375,41.00373860907874,43.60048425860454,0.19869239240647676
1663,41.61365526356255,41.47923684277836,40.20281420320849,39.95975015407949,26.65941405794902,41.037122056721095,43.60057918762732,0.19869239240647668
1664,41.6412722642547,41.49572711597396,40.272815360104325,39.81291568696648,31.018890728929133,40.93182750524424,43.62819618831947,0.1986923924064768
1665,41.6187404146385,41.53556466701811,40.204808533385794,40.20076083000618,26.875015845696204,41.11378022846784,43.603122766420405,0.19843823517819054
1666,41.63671405199516,41.50482154401056,40.12193499428076,39.96505042430378,27.22305389455892,41.123914316685514,43.631962087222625,0.19952480352274632
1667,41.64880894506125,41.46394025626281,39.93788813951299,39.12136464357839,30.643785513867847,40.89279568412809,43.64405698028871,0.19952480352274635
1668,41.63034689909789,41.53222814475377,39.75888783973004,39.038627202236576,22.715792717000905,40.96359464423075,43.62559493432535,0.19952480352274635
1669,41.63895575152149,41.340462450226255,39.45754901076273,38.490719009986314,24.749479078975067,40.84095891641704,43.634203786748955,0.19952480352274626
1670,41.64349004391476,41.53309872826028,40.184455398387215,39.81038014389648,31.917313687753964,41.13571310449461,43.64047893656271,0.19969888926479454
1671,41.63818903730664,41.50830570394425,40.06484658727217,40.165104552443566,15.338838370661673,41.005950809389276,43.63517792995458,0.1996988892647944
1672,41.63511934861974,41.53722214336473,40.23748535015641,39.71011501658273,33.29329860010162,40.969071993874806,43.63210824126768,0.19969888926479448
1673,41.63457691236767,41.43904036109706,39.942260341182795,39.696510942385345,26.45154802464449,41.001093276336604,43.63156580501562,0.19969888926479462
1674,41.622377172698606,41.45146690218171,39.62599845241882,38.88269097684316,30.452772797358804,40.47724395889107,43.619366065346554,0.19969888926479448
1675,41.62818928116195,41.435110408162984,39.7680099868648,39.12061123761133,29.024530354503927,40.88669431776749,43.6251781738099,0.19969888926479448
1676,41.61050479213229,41.48646381935831,39.75076610123281,39.35768020142283,21.764106343734333,40.94131692376101,43.60749368478023,0.19969888926479443
1677,41.634498925372036,41.52297256161044,39.665501298354634,38.96408489260725,29.082529595527188,40.865458576678236,43.630803174163034,0.1996304248790997
1678,41.63922321716081,41.508127416340685,39.659350899033086,38.83398511396964,16.724599880001122,40.527516435815386,43.63552746595181,0.19963042487909965
1679,41.620336376146554,41.53542248580793,40.19131532401453,39.89556848822438,19.125816464337113,41.21414527523089,43.61664062493755,0.19963042487909974
1680,41.62871812786114,41.47560882250829,40.02033714692475,39.188888954143,26.655353831727272,40.76982668821486,43.62502237665213,0.1996304248790995
1681,41.62585481227006,41.48749482962204,40.04844422889264,39.43515594378825,30.487664949081875,41.08990993630389,43.62215906106106,0.1996304248790998
1682,41.632197807980106,41.43415358773774,39.73313383105651,39.17314331296832,31.160621384469145,40.8233157085459,43.628502056771104,0.19963042487909974
1683,41.647247017933275,41.53102560895839,40.26950041781326,39.57011027915432,30.245350513977503,41.12872008969062,43.64366875647976,0.19964217385464905
1684,41.643947235084454,41.452722237974974,39.69143542615676,39.341812716845716,17.19313845331341,40.796220036609796,43.64036897363094,0.19964217385464902
1685,41.620828589413435,41.4595564011036,39.93174571868662,39.37060077601926,23.37676488712528,41.017976927423305,43.61725032795993,0.19964217385464916
1686,41.63661633824045,41.4894721218792,40.135183686573804,39.514124254123516,28.08933542569107,40.87936896340991,43.635048866592335,0.19984325283518867
1687,41.62467268210779,41.51491594950532,39.830229290161746,39.921672588135955,4.091835694032838,41.123816520324525,43.62310521045968,0.19984325283518856
1688,41.616573742328725,41.35474857986662,39.60691899699657,38.82038940664566,19.996307041504657,40.86680648131181,43.60157862106924,0.1985004878740509
1689,41.629762542178426,41.49963764671281,39.464903046562206,39.848696648759336,-11.765321538950765,41.00185168699932,43.61476742091894,0.19850048787405086
1690,41.63562362751508,41.49978357747205,39.49399149727517,38.865798021998266,23.512416170677636,40.92031378335951,43.620628506255585,0.19850048787405075
1691,41.61737136614508,41.48565008519708,40.02634608854741,39.54830619008747,24.286902155000515,40.87826960164686,43.60237624488558,0.19850048787405059
1692,41.64504760296653,41.51492988490663,39.958478911616986,39.55599190549033,-11.793773521035149,40.92134586323225,43.63019504476302,0.19851474417964923
1693,41.619496922247805,41.50726188170922,40.00166267263287,39.600828408062945,23.54222467499271,40.76817391382853,43.6046443640443,0.19851474417964943
1694,41.6538101588724,41.492790234867805,39.90224805355263,39.28515903127896,28.406225266099767,40.88228040275,43.6398361697601,0.19860260108877004
1695,41.62556676913788,41.45702581038616,39.4382262199532,38.746416904239695,12.394232577376876,40.72428345162368,43.61159278002558,0.19860260108877015
1696,41.63505954339514,41.540164745619236,40.06301119204461,39.825858623354314,28.920232193635222,41.04934961502342,43.621085554282836,0.19860260108877
1697,41.637946262859046,41.44225276036727,39.24362701479569,39.36354489681415,4.0964447859091635,40.75464692223747,43.623972273746745,0.19860260108876998
1698,41.62886962340299,41.53389122423852,40.18223902815341,39.667473423981825,30.62595746946404,41.12723361815638,43.61489563429069,0.19860260108876998
1699,41.65712495310853,41.43402384995011,39.70824485211297,38.76798092234723,24.421178187552503,40.86489413316796,43.64588446308185,0.1988759509973317
1700,41.625748432089864,41.50521712850675,39.99564203213385,39.48991298142919,4.043089975066799,41.05049413067104,43.590956106392426,0.19652076743025607
1701,41.6502996573391,41.550238489110534,40.20500583883547,39.84867079060716,26.79683151010557,41.007934283268526,43.61550733164166,0.19652076743025598
1702,41.650170024025726,41.45804187344849,39.8654287072546,39.01586497644396,32.03251018124201,40.82610487108009,43.61537769832829,0.19652076743025598
1703,41.661578122281895,41.53760350795403,40.12619849484308,39.30202438716573,31.329428086193538,40.92636841501621,43.62678579658446,0.1965207674302559
1704,41.646240629114175,41.5280062080756,40.15978241402303,39.854941929324205,24.329169352877305,40.96521859347478,43.611448303416736,0.1965207674302561
1705,41.64103226495706,41.4974012565208,39.638240240944555,39.21039747003929,22.19366699938782,40.8499250994286,43.60623993925962,0.19652076743025598
1706,41.668396387274164,41.544108203188934,39.57485462384305,39.65684144191645,0.44566050733590146,41.118543873687976,43.603104991494945,0.19347086042207776
1707,41.66938213146879,41.55204835625251,39.97121662115124,39.35130079731252,30.072482669377216,40.74932671374436,43.60807759313581,0.19386954616670263
1708,41.70048953524794,41.46051604194602,39.40121237643754,39.15119238139984,1.5714011329245068,40.90089614343794,43.6338999529805,0.19334104177325573
1709,41.6977826171162,41.50597842863153,39.58099882486364,38.96443733588239,4.159062834497675,40.799228892522336,43.631193034848756,0.19334104177325576
1710,41.66864904964059,41.45715372115014,39.86807533938941,38.976508749653355,28.254652547083992,40.59117628085218,43.60205946737315,0.1933410417732558
1711,41.693332544740095,41.53214308789143,40.231540104441244,39.72608317824089,31.067624334175765,40.98295647569659,43.626742962472655,0.1933410417732558
1712,41.695894701103114,41.52980096076663,40.1703854368178,39.401399636087554,27.259273010588803,40.980135142544285,43.621361836488425,0.19254671353853145
1713,41.67964942438409,41.56687318713016,40.27370324986619,40.00150955443094,28.88869007002914,41.08640696567915,43.60511655976941,0.1925467135385315
1714,41.70457070940679,41.57305037532687,40.061579117911855,39.147815279508,30.65291832166835,40.99329408437651,43.630037844792106,0.1925467135385316
1715,41.702285722399395,41.572952522910356,39.92682429764142,39.27760352336541,8.417631508364096,41.044267851509204,43.627752857784714,0.19254671353853153
1716,41.69830243638364,41.56229677512884,40.451136885103566,40.1288698395686,28.879984139538372,41.211199090720285,43.62376957176895,0.19254671353853123
1717,41.71746688919989,41.60688400596473,39.99376167213221,39.735558336600604,21.884982015095268,41.23861769976095,43.6429340245852,0.19254671353853137
1718,41.71773729678486,41.593998144459555,40.03130877128713,39.68548467150358,29.35057509560268,40.96394565861287,43.64320443217017,0.19254671353853134
1719,41.6955971341625,41.60166093219882,39.43859297579299,39.47806480714941,15.977333589029385,40.92522494639775,43.62106426954781,0.19254671353853137
1720,41.68589963999244,41.53510508029243,40.317545015974055,40.16535407055079,25.55356431187142,41.12508906788435,43.61136677537775,0.19254671353853148
1721,41.683856670478434,41.55070381945114,40.5076334986619,39.71748868849357,34.52028050193866,41.13549968359793,43.609323805863745,0.19254671353853142
1722,41.69809442458344,41.592556276358216,40.24490576754568,39.766663463306976,26.953647156157793,41.077781469886375,43.623561559968756,0.1925467135385315
1723,41.69239964436656,41.52975835081729,39.80742654462208,39.53694596418389,21.388419202248055,40.965650593792105,43.605013624609995,0.19126139802434383
1724,41.707640815738586,41.61038821066179,39.91050894370179,39.42857678174711,16.84742744051873,41.13468489847648,43.62701562573594,0.19193748099973554
1725,41.69514672624727,41.57778673555346,40.33716349092357,40.08833110197851,31.000199038244958,41.16861947401824,43.61452153624463,0.19193748099973565
1726,41.7016213119131,41.52374356373539,40.38261896682469,40.19836351669513,26.168617563253754,41.04473084998364,43.60815542945554,0.1906534117542444
1727,41.72770625459847,41.58701132321647,40.04610863880175,39.42516015804308,27.438955005321727,41.02285501199377,43.63693149352881,0.19092252389303402
1728,41.70490953896782,41.637512626242135,40.30406222934662,40.01900629256166,28.234414542872308,41.158750947610876,43.61413477789816,0.19092252389303394
1729,41.69057431575999,41.56861241346651,40.181761595074256,40.00077986758413,25.525697185504637,41.108705078939224,43.59979955469033,0.19092252389303388
1730,41.71787417942383,41.604328200367476,40.27348725293398,39.34108784899602,33.11572789746189,41.01049267611801,43.62709941835417,0.19092252389303407
1731,41.71755203136652,41.60187652050903,40.00825412401768,39.96967867607351,24.45026538014151,41.30145796554949,43.62677727029686,0.19092252389303419
1732,41.70926021374614,41.56271124122475,39.850704635427114,39.65555625241087,18.440956625845402,41.20758209671317,43.61848545267648,0.19092252389303419
1733,41.717924736288374,41.49070377615473,40.048069535183835,39.67364970099872,27.135672124716933,40.941809937001736,43.627149975218714,0.190922523893034
1734,41.70784994919988,41.5899085532244,39.857886934433324,40.007905224576625,13.78836608797739,41.160548670322136,43.61707518813022,0.19092252389303396
1735,41.70764159756735,41.50065890674071,39.86641310631944,38.89611532367644,23.220490811802172,40.99251229633004,43.61686683649769,0.19092252389303419
1736,41.71545235646914,41.60601448240469,40.14848007868185,39.787556493611405,27.228054570323778,40.9994408824148,43.62467759539948,0.190922523893034
1737,41.72804218386678,41.62154057712092,40.25612811186377,39.50955864610003,31.862005060233244,41.190925553669274,43.63726742279712,0.19092252389303413
1738,41.702370951466555,41.57712237638609,39.83908847054568,39.23164709398439,26.894945648548426,41.10074758167014,43.611596190396895,0.19092252389303396
1739,41.71857158971265,41.569685452205555,40.25365593734076,40.05668876596577,27.16612607187368,41.22907031122382,43.62779682864299,0.1909225238930339
1740,41.721642955651056,41.51441461563275,39.662713812763165,39.166004550147626,22.325304185062432,40.828867667459704,43.630868194581396,0.19092252389303405
1741,41.70928953445816,41.497401734552795,39.96166892367895,39.601598541484954,29.28030602420143,40.90178350730339,43.6185147733885,0.19092252389303394
1742,41.72367452556655,41.61185795692151,40.13286949956526,39.2298177800015,31.835351291468427,40.862928222985474,43.63289976449689,0.19092252389303385
1743,41.69196493367723,41.51538394421946,40.324510802578814,39.89182804868414,31.677442444257686,41.03336182253605,43.60795100236149,0.19159860686842595
1744,41.71843841410331,41.6161139957962,40.11413466796112,39.852691078354894,27.456266360055828,41.09732308224943,43.63442448278757,0.19159860686842597
1745,41.71420705962579,41.6019912659352,40.30140474737886,39.9694824788644,23.489809903307044,41.24237284281379,43.63019312831005,0.19159860686842578
1746,41.701854158937365,41.55980032065316,39.987332577405546,39.433930869608844,25.553178231369426,41.006925858986484,43.61784022762163,0.19159860686842597
1747,41.711664655040124,41.51325156625074,39.89282130863644,39.3979636560263,24.15841168705444,40.893752895125616,43.627650723724386,0.19159860686842617
1748,41.708263649130714,41.609178059296234,39.788700998552464,39.72170725953319,20.88097005071666,41.20990997085103,43.621585306960824,0.19133216578301118
1749,41.71011424333746,41.54455055895805,39.91951154437572,39.06990317957302,27.054291008593783,41.01344808064076,43.62343590116757,0.19133216578301096
1750,41.72060211770906,41.603044966578814,39.88009864158531,39.63099814252042,1.1979669355487204,41.09302807526457,43.633923775539174,0.191332165783011
1751,41.709903169079105,41.57989776379507,39.8350667327532,39.71006786624003,15.935953750285094,40.90136878821605,43.62174571852105,0.1911842549441943
1752,41.71269351555597,41.534644128591175,40.01126370306981,39.10829878746981,30.06595131229259,40.96784817997184,43.62453606499791,0.19118425494419436
1753,41.70140387145662,41.602422217571316,39.942656323992466,39.65045192987111,-3.8706424598536486,41.084970217046774,43.61472552928673,0.19133216578301107
1754,41.71677361429752,41.5771210834383,39.457223513941805,39.29790466657194,-11.67089216686437,40.969209960143246,43.63009527212763,0.1913321657830109
1755,41.71462324894075,41.57338564758086,39.796389324849805,39.051792718989596,22.868353028399145,41.02204835514214,43.62794490677086,0.19133216578301118
1756,41.70434739824962,41.580563133094834,40.500562805342234,40.077125444841066,27.40977130514313,41.299528981415946,43.61766905607973,0.19133216578301115
1757,41.69597443509435,41.561909190400314,39.787405721245854,39.28393797504334,27.094420010861104,40.99454581149999,43.60929609292446,0.19133216578301104
1758,41.72180953105806,41.51838489900128,39.64714511422682,39.41008009012149,-11.981273275852253,40.97864279604735,43.62988094676687,0.190807141570881
1759,41.72767193706599,41.543879008749926,39.81267374548665,39.823429421523606,0.5346592999372604,41.06049758403911,43.6357433527748,0.19080714157088094
1760,41.70933695417851,41.55883133227988,40.161011738130405,39.63711687893223,31.62257337137618,40.995166808137554,43.61740836988732,0.19080714157088102
1761,41.710622644051575,41.64193605062613,40.298506914162644,39.311945739285704,29.334267146501848,41.30538187394083,43.61869405976039,0.19080714157088122
1762,41.69117221112938,41.60340213025913,39.8503427354591,39.82390008694655,16.811738195664073,41.136154384718324,43.59924362683819,0.190807141570881
1763,41.720349161959604,41.41715204687324,39.97704699523218,39.568453538041226,26.165287454463144,40.90621443329202,43.63692953124601,0.19165803692864056
1764,41.69227235762424,41.482349278766435,39.48048778480716,39.09173736446958,0.5394527058265695,40.81569987642578,43.60885272691065,0.1916580369286405
1765,41.69923012422488,41.617144943129595,39.994260369125634,39.823637600407736,13.796250980670067,41.25301923942328,43.61581049351129,0.19165803692864067
1766,41.6945394917064,41.50901587318489,40.119615758230445,39.61937645845591,20.097900716314967,40.91152902570437,43.61111986099281,0.19165803692864058
1767,41.67891877780517,41.45635795048323,39.7071023828447,38.72784284081172,24.666340336375242,40.65340187439527,43.601536212498644,0.1922617434693468
1768,41.71313721414778,41.59244493890206,39.5502260568733,39.463412798916934,-11.730706978595421,40.95647823925752,43.63679631902758,0.1923659104879806
1769,41.71029863481508,41.588479632900274,39.93774652359703,39.28178292622826,28.25970429042924,40.75330303100459,43.61838692447792,0.19080882896628323
1770,41.70754499604904,41.577021843662834,39.48469561569205,38.24928675354684,23.54654337890344,40.817497983897155,43.60887245595795,0.19013274599089122
1771,41.69980127562025,41.59017543024062,40.28919122648985,39.78661514369342,25.240888897510875,41.010675183719414,43.614832160564035,0.19150308849437797
1772,41.706329804078194,41.6054802801302,40.07743749383463,39.50961059805471,28.193559851996845,41.23737001324116,43.62136068902198,0.19150308849437805
1773,41.71229732492326,41.57497518262363,39.6748280859707,40.08152312505207,12.353211801400267,41.08287288393518,43.627328209867045,0.19150308849437797
1774,41.70870772179471,41.59002655116056,40.02229574373158,39.576300490206606,27.893686410548682,40.91286164315122,43.62373860673849,0.19150308849437794
1775,41.7172154264051,41.54101621104843,39.82122796477619,39.302471839829494,19.7357092684301,40.86925741383212,43.62662697088183,0.19094115444767326
1776,41.712017295939866,41.559652315060916,40.12789274910293,39.43704747864881,31.475348836046134,40.77957096218637,43.6214288404166,0.19094115444767312
1777,41.71002261255026,41.53441568048078,39.56687178934219,38.99152006163576,16.837037323322193,40.49516414038183,43.60924541273926,0.18992228001890035
1778,41.73995134962083,41.514937978023376,40.01476061128158,39.44985511065931,27.53227371239903,40.96224289012426,43.63917414980983,0.1899222800189003
1779,41.713059398436585,41.62895953193165,40.38945448353175,39.86243262987558,32.398314893959466,41.17952630517582,43.612282198625586,0.1899222800189002
1780,41.73415370696345,41.61905639742479,40.01176046742784,39.54979562581467,29.09110239171084,41.10335887551586,43.63337650715245,0.1899222800189003
1781,41.71447197048858,41.62798346934283,39.63882137029177,39.46484930476002,1.6716322709346514,41.009511649760015,43.61369477067758,0.18992228001890027
1782,41.72330059841102,41.51831312533958,39.72237424221511,38.87749500836104,22.272989370683263,40.9195512023162,43.58823174640512,0.18649311479940997
1783,41.731939215395975,41.63655648615898,40.00642462516613,39.380393403036194,12.285442503532238,41.091758946331296,43.596870363390074,0.18649311479940994
1784,41.710047677183645,41.512364331361645,39.57210270993948,39.177207793252386,13.09628311004213,40.921427005600094,43.574978825177745,0.18649311479941005
1785,41.70360183221644,41.506822399399454,39.64709329369568,39.36608030596398,17.494927541099052,40.79659412322982,43.56879001978882,0.18651881875723758
1786,41.70827245711855,41.52093582353555,40.279826828792395,39.573437132328294,31.201804739334854,41.03063964542854,43.59190443297995,0.18836319758614087
1787,41.7097437831436,41.588369963018884,39.802205155798596,39.61931941612041,21.8018503657814,41.09099748690379,43.5902854635725,0.18805416804288952
1788,41.675949771069845,41.52809766367519,40.09786470060471,39.37355664370042,27.305268542010865,41.00997620504141,43.556491451498744,0.18805416804288957
1789,41.69810401319183,41.56753606751508,40.28271655229742,39.69202098564511,30.83371024132739,41.05322552880642,43.57864569362072,0.18805416804288944
1790,41.69235330714071,41.540633721931336,40.20079821112827,39.19969169016956,34.147039880529334,41.037873609680965,43.56574894265463,0.18733956355139164
1791,41.71504092561867,41.59929559431152,40.07146381237887,39.64749504544228,25.083477796572026,41.03589512505337,43.58843656113259,0.18733956355139153
1792,41.7178237695406,41.532245850622346,40.111211651674765,39.351913693077655,31.302409604195912,40.93205165936004,43.59121940505452,0.18733956355139142
1793,41.695324397276714,41.60271620399734,40.04558634936921,39.64149349638477,17.203631516680876,41.063072854339026,43.56872003279063,0.18733956355139153
1794,41.7238741457811,41.57945317079008,40.13719950009859,39.66466489242868,22.284202860477276,41.18988564162962,43.59726978129502,0.18733956355139167
1795,41.686174128390405,41.53208499389619,40.036119483473804,40.07326765351262,27.328156585094632,41.02065209084196,43.55956976390432,0.18733956355139153
1796,41.70750475438503,41.53607802671539,40.210459145822206,40.02999568957613,29.82668514227216,41.113505714129744,43.58090038989894,0.1873395635513915
1797,41.705246048395985,41.54643626481119,40.037621731852994,39.57396066544038,30.653411474709046,40.8367073826438,43.5786416839099,0.18733956355139145
1798,41.676934132692544,41.566585158819485,39.72014468285454,39.3399024696044,-5.625230134014636,40.92855906025588,43.55032976820646,0.18733956355139159
1799,41.694366308096555,41.510415049949174,39.93499085856441,39.005425727940924,27.89973037071737,40.95488571708251,43.54067858534381,0.18463122772472607
1800,41.71034401629633,41.621554855079324,40.310125255307206,40.48941033606844,21.985175444575592,41.22866291193044,43.5566562935436,0.18463122772472623
1801,41.70802581603798,41.53339018082723,39.88769412587046,39.13617065427406,25.28690467189188,40.76876685597716,43.55433809328524,0.18463122772472607
1802,41.72535646596603,41.55308652201488,40.29964912910557,39.696124400385436,30.056814358084736,40.95554880071034,43.571668743213294,0.18463122772472623
1803,41.740745353448276,41.6254562544902,40.1952421474282,39.94572222310223,25.928086096373086,41.308058021708874,43.594188136403766,0.18534427829554925
1804,41.728841554551245,41.57943523486116,40.15742060593598,39.860801437620154,26.8009796074357,40.91763493185013,43.587534579628034,0.18586930250767916
1805,41.70811274432948,41.5930124818261,39.997941110625106,39.61542485926969,25.64449885056397,40.8827066691487,43.56680576940627,0.18586930250767922
1806,41.708387010267224,41.56953419800925,40.08292741709067,39.40054593916998,29.752293139431465,41.039274557284095,43.56708003534402,0.1858693025076793
1807,41.713568012406434,41.49434719744028,40.080465213230454,39.32263949289275,29.44395501366509,40.8949874366716,43.57226103748323,0.18586930250767938
1808,41.74201160336124,41.607678952792554,40.496397058253145,40.10302852012453,28.855880843938067,41.27959419531061,43.60070462843803,0.1858693025076792
1809,41.726617988263854,41.59807991133553,40.35550892884655,39.8333691871615,29.784522760760492,41.18014062946051,43.553688236738964,0.18270702484751095
1810,41.744589726672764,41.63073065487768,40.291801335257595,39.793405128010875,25.997061600704818,41.24504284358221,43.571659975147874,0.18270702484751083
1811,41.74246687846355,41.63874451577065,40.37323011225015,39.63635831974498,31.94576555484234,41.28223727740554,43.56953712693866,0.1827070248475108
1812,41.74195851870868,41.56488245076753,39.822756859470296,39.68112598255273,15.9175810145125,41.224990504014016,43.56902876718379,0.18270702484751106
1813,41.73377141182608,41.65591879192795,40.531268776407565,40.00518467729743,28.65762940419584,41.22201402638824,43.55735270539746,0.18235812935713827
1814,41.724035723438085,41.56188300779616,40.15064995291547,39.741145988889954,29.84989530337272,40.926235251042826,43.547617017009465,0.18235812935713824
1815,41.75269573362783,41.507075609037436,39.63849469414025,39.27764734801484,4.172817181706542,40.765370002485156,43.57627702719922,0.1823581293571383
1816,41.75366180640287,41.66080288019963,40.44547476231558,40.114181519859876,27.311828941137176,41.102330248442215,43.544413663706315,0.1790751857303445
1817,41.78879790371972,41.679585831526005,39.97422830258527,39.08254011800329,27.89094581095799,41.225972483515505,43.579549761023166,0.1790751857303446
1818,41.78774119034497,41.6702418374701,39.75304131278668,39.46756753473181,-3.641331699246294,41.278681780672635,43.57849304764841,0.1790751857303444
1819,41.802963062321865,41.611313067452784,39.800282060141726,38.847965392437686,26.75018175247282,40.97512707112395,43.59371491962531,0.17907518573034453
1820,41.78527573987651,41.66113833134386,39.9703624857166,39.233611539150004,26.474884709612745,41.11154772825471,43.57602759717996,0.1790751857303445
1821,41.77301448616844,41.53956121262571,40.31660460076441,39.961617913129786,25.108971556800768,41.08264146218019,43.56376634347189,0.1790751857303445
1822,41.79395663750306,41.68628655360807,39.8601474951417,39.056575322458144,24.60444015211209,40.969480219490606,43.59483996510305,0.18008833275999886
1823,41.787825434315266,41.600701879916436,39.834997239408835,39.874897725621,25.053466705586047,41.13018607983439,43.59842080089584,0.18105953665805732
1824,41.76818042890921,41.64120068008723,40.43392327302334,39.95247466241943,29.10028458890569,41.22386587727233,43.57877579548978,0.18105953665805744
1825,41.760817248370785,41.6131862339658,40.36161655626623,39.98816326220251,32.001402614566196,41.152165291174285,43.571911333333624,0.1811094084962842
1826,41.74918881580777,41.60472568594687,40.40492701472786,39.77303916535471,19.94499098121075,41.19790973021389,43.56028290077061,0.18110940849628415
1827,41.76590814876618,41.604335082827376,39.86891783718301,39.831323635847035,16.908513851663447,41.016195312245515,43.57579152236817,0.18098833736019893
1828,41.75995254537663,41.6858198410607,40.22166157212162,39.67462838543805,17.536969596556283,41.1859287464026,43.56983591897862,0.18098833736019898
1829,41.75305014780664,41.66909231253737,40.17191612435918,39.71584660894322,19.903517959395028,41.111070024388965,43.56293352140863,0.18098833736019912
1830,41.76303082030546,41.67508976824922,40.29664406270817,40.22224608641355,15.03274914187633,41.2621338565213,43.57291419390745,0.18098833736019904
1831,41.7343333609842,41.51411185227684,40.020889335475495,39.311899276208145,27.334188972373614,40.82744178993638,43.54421673458619,0.18098833736019915
1832,41.7190411433221,41.57796868978987,39.87917330476218,39.56719745749352,12.577173329313123,40.95022897274883,43.52892451692409,0.1809883373601991
1833,41.75098776339846,41.61065273879221,39.87835284880161,39.40899806257037,13.88307512426282,41.03209613343367,43.560871137000454,0.18098833736019906
1834,41.75290193951674,41.669503056825114,40.47015962434944,40.08145008136588,32.41506975626074,41.03837575040848,43.56278531311873,0.18098833736019895
1835,41.74032797964946,41.616860297311476,40.11634789533938,39.765106756235745,31.219381832232628,40.90624987657527,43.55021135325145,0.180988337360199
1836,41.76221725008061,41.618108711547166,39.84203852097701,39.68866408616103,-13.283165088386482,41.12768480536836,43.5721006236826,0.18098833736019904
1837,41.74627487160641,41.57472554309928,39.92963476373224,39.541811860373194,26.321398923885173,41.13017256874707,43.5561582452084,0.1809883373601989
1838,41.76310539158474,41.583322912697355,39.84753883917442,39.81013983883234,16.119729834469748,41.22374461583579,43.573283886109394,0.1810178494524658
1839,41.77534848782966,41.67516407772889,40.088075467586,39.624914592150205,26.744619621977947,40.9773371469542,43.56300049515983,0.1787652007330168
1840,41.76092730400437,41.64249509492409,40.28813889985272,39.885418291293924,32.71044240333313,41.30071145612872,43.548579311334535,0.1787652007330168
1841,41.80428704852426,41.62759419396422,40.18783133593391,38.9897094845948,27.00963560154362,41.16704135461734,43.597049782100555,0.17927627335762933
1842,41.76094168193566,41.61835394252169,40.430479593170375,39.73949433779786,32.98516026284473,41.039715587312315,43.55370441551196,0.17927627335762936
1843,41.75786425076399,41.547426664051706,39.98841449588825,39.378451189094775,21.94800150707474,41.05927196168078,43.550626984340276,0.17927627335762927
1844,41.78024609162611,41.65471429420549,40.30603994979803,39.81336022273722,27.206767095310745,41.1012371376725,43.57300882520241,0.17927627335762944
1845,41.77952617258408,41.576989532110844,39.53335765074108,39.69942107062358,-15.175437999124206,40.93623511232591,43.572288906160374,0.17927627335762952
1846,41.776598184171874,41.66281806702587,39.98885184900917,39.773117365586785,26.21586657733255,41.21459788479871,43.56936091774817,0.17927627335762947
1847,41.77642146490301,41.67761806196548,40.23918881968094,39.98535914114905,31.754456045126748,41.081246702216305,43.569184198479306,0.17927627335762944
1848,41.77970905725528,41.65765513392904,40.49662494158109,40.2753405398698,32.787670474940334,41.13231936544149,43.57247179083158,0.1792762733576295
1849,41.78896933755459,41.63067625932613,40.19189235068776,39.763536589863406,30.302723436693896,41.151549252069074,43.58173207113089,0.1792762733576294
1850,41.77566634158531,41.640292154078345,40.556951977440995,40.149181515888685,28.649973831464827,41.26708791093478,43.56252546099006,0.17868591194047523
1851,41.78857819827812,41.656997225076665,40.021808270576024,39.16341480572974,30.184138561697587,41.038103182772566,43.57543731768287,0.17868591194047528
1852,41.793753692247456,41.656691442474255,40.22912337112982,40.2274214815626,27.81462151567767,41.227558510541236,43.581407139886934,0.17876534476394754
1853,41.790609646796966,41.629991262887124,40.324947299230566,39.64546401609472,26.49447674670915,41.11107363291703,43.578263094436444,0.1787653447639477
1854,41.75593098460951,41.633589753324195,39.61653179935221,39.269008836969235,17.47223714325022,40.711998368265455,43.54358443224899,0.1787653447639476
1855,41.766212531708355,41.58122056003472,40.19650869510329,39.64622025406275,19.920268975267284,41.080077298534306,43.55386597934783,0.17876534476394748
1856,41.75691679114206,41.6431828666474,40.1981824746115,39.905847075289714,22.24919656171802,41.21711662300467,43.54457023878154,0.1787653447639476
1857,41.771764024152226,41.67531309511715,40.397052345662686,40.055091464690015,32.02412666461854,41.22946203801173,43.559417471791704,0.17876534476394756
1858,41.7664221776662,41.63159439538049,39.92114934205554,39.431008948494735,16.966618157575667,40.983459874485376,43.556982331582326,0.17905601539161253
1859,41.778991282984386,41.68250970656886,40.470256322477276,40.23974214483931,31.485855760150624,41.320279187018,43.56955143690051,0.17905601539161256
1860,41.7855741396276,41.553743855203656,39.810904000184635,38.49610854564606,28.871180631329466,40.84219111461818,43.576134293543724,0.1790560153916126
1861,41.79188238041744,41.666450340110735,39.64039495197074,40.10891284180335,-11.818765050002298,41.20128753075984,43.582442534333566,0.1790560153916126
1862,41.779571405741166,41.63117536262785,40.00962670264481,39.59630305515077,26.87663550472367,41.19457385833857,43.56629685589091,0.1786725450149746
1863,41.78319394284063,41.668708722713504,40.14558662378898,40.15823889885714,-11.56296485109609,41.28011178297273,43.56991939299038,0.17867254501497457
1864,41.77321145576007,41.62386743831152,40.04919760485001,39.13798757903324,27.222454786655046,41.031712074204194,43.559936905909815,0.17867254501497468
1865,41.800508254607635,41.67073570418291,40.28049270282121,39.89150175859625,28.8174429560791,41.23364143150443,43.58723370475738,0.1786725450149745
1866,41.783587303514025,41.670011501025755,40.46034907651138,39.88863416010979,28.53983797131897,41.25074382780228,43.57031275366377,0.17867254501497465
1867,41.76045314050256,41.64163616307843,40.13554924110145,39.42394142233924,21.884487495609648,40.9468119272008,43.54717859065231,0.1786725450149746
1868,41.77961850055946,41.64820497194052,40.35822171006941,39.83891567382603,32.15897980871401,41.101956105162486,43.566343950709204,0.1786725450149747
1869,41.7792384887103,41.6547070285053,40.506720442346506,40.25833940826897,29.372252165558123,41.044488121276146,43.565963938860044,0.1786725450149746
1870,41.785534106115335,41.66653618006241,40.12282006167865,39.533440177554446,28.25683632338497,41.04074435624126,43.57225955626508,0.17867254501497473
1871,41.80140092490719,41.68231564793869,40.12118762553813,39.5793694001173,27.04161286259225,41.18184150001193,43.58812637505694,0.1786725450149747
1872,41.80445341964428,41.692708633012515,40.1215863587687,39.825826880990775,22.626669755090937,41.20552698652937,43.5811616713068,0.1776708251662522
1873,41.86027128585395,41.698409436473035,40.26283095337847,39.670596368823,28.668778197732856,41.158944391561064,43.63697953751647,0.17767082516625224
1874,41.850451203556055,41.68671459139719,40.282223374586124,39.95376419863723,4.325410697246468,41.254162058143436,43.627159455218575,0.1776708251662522
1875,41.84123662810229,41.671919931110985,40.38974066313093,39.99125358788681,32.74242636636812,41.10248014844075,43.61794487976481,0.1776708251662524
1876,41.85787334521899,41.6853974565728,40.431646224220245,39.60374256839466,32.92739120107259,41.19047386890806,43.6332075549065,0.17753342096875102
1877,41.84993116759973,41.6041470122002,40.026991301054764,39.47421014376283,23.590901315294815,41.108192611185316,43.62037885369381,0.17704476860940824
1878,41.856263390024196,41.636636973483235,40.40751241272299,40.21131300156256,27.722572766702758,40.966619389922485,43.626711076118276,0.17704476860940827
1879,41.86600295015769,41.77640707243757,40.23255035545319,39.48573859782078,30.858260486832297,41.36947997129576,43.63645063625177,0.17704476860940835
1880,41.866785773252495,41.668661280453456,40.394286087666835,39.86485837539745,30.935811121197336,41.17715553231238,43.637233459346575,0.1770447686094082
1881,41.853991348234196,41.68623533872762,40.141063651657795,39.56069698017001,24.589289471465445,41.15869630259119,43.624439034328276,0.17704476860940835
1882,41.84709835971379,41.68508258281729,40.25499487686885,40.11110216357683,22.382815916622448,41.20453685610178,43.61754604580787,0.17704476860940818
1883,41.8720841020158,41.76730508601113,40.27396471340646,39.28415683509742,29.847900244256763,41.26063097127638,43.64253178810988,0.1770447686094083
1884,41.868334222147816,41.73116086489594,40.270039246420254,39.8769529929947,27.586618438401196,41.15010854035711,43.62859316395417,0.17602589418063547
1885,41.86373208899562,41.76655793684665,40.551372051941,40.12974836261937,31.738022926004497,41.41973217837034,43.62399103080197,0.17602589418063516
1886,41.87938691328551,41.75299677958997,40.03386747116487,39.78058352462364,29.885867797602273,41.06763211199127,43.63964585509186,0.1760258941806352
1887,41.86379363877523,41.76894907492368,40.00474141664909,39.633185116598156,20.831597603887868,41.26098114844156,43.62405258058158,0.1760258941806353
1888,41.87387645401282,41.793461927767844,40.538403778593384,40.50499377318539,28.47313768116737,41.30516604088638,43.63413539581917,0.1760258941806352
1889,41.86993029034207,41.687693886031234,40.08913459099783,39.20614423445134,29.836354906693455,41.02515869782995,43.630189232148425,0.17602589418063536
1890,41.86439714232275,41.69055613904068,40.00746287228694,38.865849966776636,22.39434234483561,41.05510211747247,43.62465608412911,0.17602589418063536
1891,41.86449283659264,41.78642735857741,40.58507676823086,40.045070289181766,32.74016459331906,41.23149404381513,43.624751778398995,0.17602589418063547
1892,41.85814448077378,41.72362823381392,40.21815553219317,39.731286944061054,23.07379946493869,41.18535296346745,43.61840342258014,0.1760258941806354
1893,41.869395659519725,41.670661791729934,40.25702622175059,39.815708003973995,30.78626532140711,41.13467226001937,43.62965460132608,0.17602589418063533
1894,41.854780634777285,41.602982124866344,39.76313543220171,38.940573885796525,18.077089170756445,40.83060907194273,43.615039576583634,0.17602589418063513
1895,41.87263914334919,41.775742983854165,40.25591340677865,40.20973680406164,10.838929987964853,41.33534804324218,43.63289808515554,0.1760258941806352
1896,41.85933184555898,41.72066171090516,40.401391567184774,40.22357055438639,22.110906548506506,41.20608688826343,43.5815066788213,0.172217483326232
1897,41.90883041729869,41.814301695240914,39.95719241932904,39.82484202380777,14.132782057679748,41.36593340928721,43.63100525056101,0.17221748332623185
1898,41.88883770459998,41.81457107275282,40.36539432634424,39.801017166227695,30.80928462588824,41.159425247264096,43.6110125378623,0.17221748332623193
1899,41.89928898377241,41.73767020924903,39.82019829430638,39.031508971481514,27.675199178547764,41.211425907916635,43.62146381703472,0.17221748332623185
1900,41.914943001117756,41.806603185678426,40.356418814210606,39.768566638154454,30.268635335836542,41.190538501219486,43.63711783438007,0.17221748332623182
1901,41.89335237106587,41.780524319404066,40.08514289337113,39.45162371829052,14.59106397961823,41.202491247370105,43.615527204328195,0.17221748332623188
1902,41.90432149014572,41.72278973785821,39.79076808317913,39.74355891409812,26.788989164575636,40.937998030184396,43.61482600660046,0.17105045164547378
1903,41.93578144245252,41.78408981181466,40.40408482385339,39.45083842081153,32.33328745018838,41.269782586676456,43.633860970716725,0.16980795282642044
1904,41.93963327211396,41.82664482993101,40.03120153135015,39.18099491106007,30.680557639139373,41.16351674306087,43.63363899760012,0.16940057254861626
1905,41.93699175227838,41.81902150588234,40.32188357936155,39.345726855784264,32.39184621484176,41.01628108672994,43.630997477764545,0.16940057254861643
1906,41.921162774181234,41.75776863039918,40.036775655125,39.848127702874216,14.697355720395233,41.223946061726764,43.63120309231792,0.17100403181366874
1907,41.932409856340456,41.79181925350793,40.2125546153202,39.372537768269076,30.8658095230047,41.06638850677892,43.639491609144336,0.17070817528038823
1908,41.90431427719406,41.72690201302212,40.22876021393672,39.94203122385172,30.05665439681288,41.12709621315162,43.61139602999794,0.17070817528038826
1909,41.933373347174246,41.80847413827756,40.38801285957062,40.16817845283273,23.137429225148644,41.441373466448006,43.6302663556904,0.16968930085161538
1910,41.94785043128329,41.6450811044419,40.14657450129248,39.38888622884982,24.75601192313061,40.99638424957614,43.63141154999368,0.16835611187103836
1911,41.94723477216365,41.79561214535452,40.40362850434782,40.207232436908384,29.56989047594924,41.26906161627352,43.63079589087403,0.16835611187103833
1912,41.93122808076948,41.73080805703637,40.334326222716996,40.12979251130681,27.694905774727918,41.33313874796614,43.614789199479866,0.1683561118710385
1913,41.93416970044785,41.80742374489781,40.53122854262222,40.096414020364065,22.309148246233725,41.366650765404856,43.61773081915824,0.16835611187103847
1914,41.944231987750236,41.746111649481044,39.929953419342965,39.20483498294396,27.745478484542993,41.21763032781229,43.627793106460615,0.16835611187103827
1915,41.94986292898371,41.77838286088302,40.00128186632936,39.958547705587726,-11.653430631905074,41.26160543934776,43.6334240476941,0.1683561118710384
1916,41.95927568287342,41.81538878527947,40.257027220598914,39.64600728282332,31.519367013647695,41.26741891343744,43.642836801583805,0.16835611187103836
1917,41.94167065083472,41.715679040419985,40.058585968506705,39.61862186577468,26.29123828472258,40.98850294522612,43.62523176954511,0.16835611187103844
1918,41.93740098100568,41.835159153531464,40.31833187823883,39.85539063741754,10.71643395934938,41.27662143307373,43.62096209971607,0.16835611187103855
1919,41.92605440756766,41.827121457816226,40.335954672747164,39.74481590317337,22.64291846601153,41.34198907997933,43.60961552627805,0.16835611187103852
1920,41.93205315799795,41.86414186075555,40.16604749779222,39.256802427053756,23.107170961909524,41.20212108069188,43.615614276708335,0.16835611187103838
1921,41.95589394809144,41.870145613929594,40.38566094622113,39.8253578644449,28.734321347248073,41.5545661680311,43.63945506680183,0.16835611187103844
1922,41.92727794067743,41.82191698899598,40.58062534441132,40.159988433770565,22.221197202744147,41.35818833908779,43.6241210704584,0.16968431297809725
1923,41.93048132479763,41.80069929167567,40.33010792876607,39.777798960012,28.943576111962578,41.21195382207088,43.62067820278483,0.16901968779872
1924,41.933388454996226,41.73992858497384,40.18537028790628,39.70479899689395,29.056672706760835,41.178468188738194,43.623585332983424,0.16901968779872006
1925,41.934248476430604,41.739648387247634,40.218183236029205,39.59546584442433,29.556913003650138,41.21179741911621,43.6244453544178,0.16901968779872004
1926,41.94383058315279,41.80462969804063,40.00008700873234,39.78474340882206,22.688834264265115,41.14406667421437,43.634027461139986,0.16901968779871976
1927,41.953273787543495,41.828341236034234,40.169001607372024,39.507441504259916,24.318969298264655,41.20820215113572,43.64347066553069,0.16901968779871984
1928,41.92592953400884,41.795272129284854,40.369378824245096,39.83532105092553,32.18243329617802,41.10921951328905,43.60641437301545,0.16804848390066132
1929,41.96900685394684,41.85890192839519,40.395925906495165,40.071280518228534,25.704817682579066,41.41142530813869,43.64949169295345,0.1680484839006612
1930,41.92851414421932,41.76869013827678,40.52423208194564,40.37759064657542,26.231137862097086,41.282582751550414,43.60899898322593,0.16804848390066124
1931,41.94177012358308,41.83126876398708,40.0903680939769,39.8083780879136,-15.007196302082939,41.41703124037468,43.6222549625897,0.16804848390066138
1932,41.95078184558515,41.77995199104912,40.32080151631418,39.91240551513893,31.617631688865686,41.40096370347037,43.63126668459176,0.1680484839006613
1933,41.96516026623699,41.852942855729886,40.56684418730969,40.53130640063071,20.056271360656865,41.46120822695238,43.64564510524361,0.16804848390066135
1934,41.948440901049224,41.83755234764534,40.27756811083935,39.74485539544186,20.032732567288186,41.30708186256909,43.62696454628758,0.1678523645238355
1935,41.953768456576576,41.78414742252432,40.43651717960111,39.86219504963628,30.929698234931855,41.0307763718551,43.62629155485789,0.16725230982813202
1936,41.9443410858979,41.811353242793444,40.198543251622745,39.8054185192038,8.425945291542412,41.221590056960416,43.61686418417922,0.16725230982813222
1937,41.95988377247147,41.84151963394211,40.445568893619566,39.572058476113526,30.879496354150383,41.18073749706959,43.635959190262106,0.16760754177906356
1938,41.94748137002354,41.834241254332376,40.506709925545906,39.946245512760434,32.36136300748529,41.48383743350546,43.587382519251214,0.1639901149227679
1939,41.957157055677776,41.81518663427517,40.512586306450615,39.415215196931726,28.829027514231676,41.385896994456445,43.59705820490546,0.163990114922768
1940,41.955234184758766,41.81255957478119,40.19433286588336,39.91751232534345,20.214046813755647,41.30149882954352,43.63920205132981,0.1683967866571043
1941,41.94502212707961,41.782288328012044,40.09992165229652,39.59496863641062,20.80815536768799,40.91977017271324,43.628989993650656,0.1683967866571044
1942,41.951406151771934,41.81092248708832,40.35854660898214,39.794725998572034,30.883593229137578,41.11682978243465,43.6351169787647,0.1683710826992766
1943,41.93467982081388,41.78259692133473,39.99299256336393,39.40821558861919,7.61395202011883,41.16572486788506,43.62952454150986,0.16948447206959844
1944,41.93491633860219,41.80074246926568,40.19148959520996,39.31049556824889,29.34825025753564,41.15314562568113,43.629761059298175,0.1694844720695984
1945,41.93213839042558,41.78641058961831,40.23160131977783,39.699578953803545,27.9282167494017,41.330140511222005,43.62698311112156,0.16948447206959857
1946,41.92619755044239,41.83808240923445,40.33565474202895,40.011682858932794,15.786476244118955,41.354959249481865,43.62104227113837,0.16948447206959846
1947,41.93726230728885,41.86164487510731,40.54662888236902,40.19827861785156,31.069820138065158,41.43083487001849,43.63210702798483,0.16948447206959846
1948,41.951007060092344,41.80928651414275,40.57260878020748,40.11690642009773,30.112129658598903,41.18931874877623,43.64585178078833,0.16948447206959852
1949,41.93450242104668,41.707464096801225,40.23246986759374,40.06937977159125,27.13756079457516,41.139648136604514,43.61255910156144,0.16780566805147581
1950,41.94110353752968,41.81439345327411,40.16519389135208,39.96129043395826,23.726778301996802,41.437542206156195,43.61781125516185,0.16767077176321674
1951,41.95739461261691,41.85976277379001,40.31097000715351,40.28391219138838,7.2366539953950095,41.368215388491436,43.63410233024908,0.16767077176321674
1952,41.97290847527197,41.867265878035184,40.48703398943128,40.259609575883296,29.086472320328888,41.420626730810035,43.64961619290414,0.16767077176321687
1953,41.944542069904024,41.6957060817408,40.26490894389309,39.990417596924274,10.900236652931923,41.22027518080109,43.62124978753619,0.16767077176321668
1954,41.95654991500406,41.77097572475568,39.94797532161094,39.52498950838297,4.538851087911496,41.065292645153455,43.63325763263623,0.1676707717632168
1955,41.98777712523125,41.85054979949541,40.202354807233945,40.178414140406176,12.781861178431097,41.55983870617999,43.664484842863416,0.16767077176321676
1956,41.95327080220347,41.78945168450898,40.3451845945985,40.06481151384888,27.549115491305542,41.27468352898639,43.62997851983564,0.16767077176321668
1957,41.95697697868544,41.763857308751895,39.77771078602538,39.30691212536754,21.196990369868843,41.13321982939155,43.63368469631761,0.16767077176321674
1958,41.96251667131295,41.762612656747876,40.55740437467791,40.1888295877923,31.990749943462372,41.171560285406045,43.63922438894512,0.16767077176321682
1959,41.96895337077582,41.8512700134849,39.97201047412773,39.12812928905826,22.568463808507467,41.29369620868515,43.64566108840799,0.16767077176321682
1960,41.9409290963595,41.83123052737309,40.11919044229305,40.11043928191198,17.171256808979592,41.43888379474788,43.617636813991666,0.16767077176321668
1961,41.95736046643809,41.79690147483559,40.075040325623725,40.164138753043716,-3.8826517560949796,41.394601644297026,43.63406818407026,0.16767077176321676
1962,41.94424983513856,41.81756586970154,40.27235639450092,40.035369134255056,27.705402486438345,41.06987051264469,43.620957552770726,0.1676707717632168
1963,41.95011810950731,41.86730081922491,40.527051741673795,40.5327552585738,-11.826517900582608,41.34511267158605,43.62682582713948,0.16767077176321674
1964,41.96863128795414,41.75544437710021,39.70796766506214,39.15981362664106,17.778535362929343,40.8261060359453,43.64533900558631,0.16767077176321682
1965,41.963462929957075,41.83766878811335,40.3639551809886,40.47980177956545,8.15325452141326,41.436967590870694,43.64017064758924,0.16767077176321657
1966,41.945412845421934,41.83242677222541,40.29509288638103,39.71251062284587,29.396108547858617,41.324142574275484,43.622120563054104,0.1676707717632167
1967,41.93878789800665,41.83846073432466,40.33002272015782,39.79202272533542,24.712102121060916,41.527962664728804,43.61549561563882,0.16767077176321687
1968,41.96281557319234,41.848393506133945,40.34170185924071,40.10317401244097,25.71928274146384,41.37013157011803,43.627718010349454,0.16649024371571197
1969,41.96859800163623,41.86985271735071,40.75495038054288,40.43268969917354,32.298760291534464,41.41018087173194,43.64635359393523,0.16777555922989992
1970,41.97223488818159,41.83810216405601,39.86635703808269,38.93001326195771,26.350528906657242,41.16598697592106,43.64999048048059,0.1677755592298998
1971,41.950212788801416,41.84586408428205,40.602453273794346,40.61822328731929,24.686843731395786,41.384191006923444,43.627968381100416,0.16777555922989976
1972,41.95835740304018,41.8419934970653,40.44861539704474,39.90521507547634,26.743088702006986,41.25283305444239,43.643037030943454,0.16846796279032744
1973,41.943526563361935,41.78717277279042,40.26952853150887,39.624152114640715,16.6162641573584,41.255832064502776,43.628206191265214,0.16846796279032766
1974,41.94282621791944,41.762971992612336,40.15287466433628,40.013354457366546,21.13290555031274,41.064080015146445,43.62750584582272,0.16846796279032764
1975,41.94570550417663,41.76398252423315,40.20203717175268,39.65252738959674,29.381953294367317,41.078252002136274,43.63038513207991,0.16846796279032758
1976,41.94004253264473,41.808224391202586,39.78262314872289,39.554815694652696,13.29620434469269,41.16189475296446,43.624722160548004,0.16846796279032744
1977,41.93846396431967,41.839152144472045,40.07870774064582,40.34941377075561,14.913003640758525,41.37252981022219,43.628513910186655,0.16900499458669796
1978,41.93815712596383,41.81283537379107,40.45891094151806,39.90397357950342,29.167699557217386,41.1916485927384,43.628207071830815,0.16900499458669785
1979,41.928953284904175,41.822722682764336,40.12712115376062,40.53603024947799,-11.586490324095934,41.44515927755779,43.62118318280817,0.16922298979039926
1980,41.94244336568871,41.74256410556966,40.15809497995505,39.46813891503338,23.76722887123572,41.087429552614736,43.6346732635927,0.16922298979039935
1981,41.91372459431714,41.74596738631516,39.67025445568709,39.188504466754026,10.888949652198605,41.01053717968023,43.60595449222113,0.16922298979039943
1982,41.91717408101788,41.815338202883964,39.91536737097717,39.55014154611306,7.819556270078834,41.24065534134962,43.609403978921875,0.16922298979039935
1983,41.9400076618358,41.76693938858177,39.729352543350906,39.51625858617268,15.029681596166267,41.21916884022302,43.62756020832692,0.16875525464911226
1984,41.93412745459624,41.750412396359366,40.18235405000939,39.15954788089664,30.271331885775226,41.0400147722486,43.62168000108736,0.1687552546491121
1985,41.929203103713206,41.85689662108916,39.7233583346888,39.321768312077744,-3.8550077259119533,40.98779920786228,43.61223200256268,0.1683028898849474
1986,41.9455536652973,41.833815099877235,39.96611167056674,39.60225689683302,26.306150044776892,41.35007175495681,43.62858256414677,0.1683028898849472
1987,41.954715112126436,41.82597714445081,40.35548733463168,39.704337981725814,31.47779750548539,41.2305956813379,43.63774401097591,0.1683028898849472
1988,41.9325418572614,41.786684211509645,40.40492362759005,40.10600438890711,26.559135365604572,41.26057585190907,43.61482944586957,0.16822875886081712
1989,41.935858565149225,41.828318271227005,40.439852768799874,40.124858348297046,24.957661575679133,41.177303206573754,43.61834567998889,0.16824871148396692
1990,41.926574415663865,41.82945362178533,40.014478173653266,38.887713024768125,18.174972685829104,41.32658402241239,43.60906153050353,0.1682487114839669
1991,41.946409215076,41.78537104406945,39.886702298065124,39.22324373077745,20.04672326496954,41.01301039467833,43.62889632991567,0.16824871148396692
1992,41.938763283745566,41.84108940881673,40.41797076294715,39.84462064339391,31.581558334929525,41.12057407834748,43.62125039858523,0.168248711483967
1993,41.93305483123786,41.83222853450959,39.917453997274286,39.8023167553987,-15.003989152790666,41.215958588581174,43.61554194607753,0.1682487114839668
1994,41.951985136774255,41.81628500693674,40.022000684791166,39.19104192395005,26.008520271484766,41.36853111146182,43.63447225161392,0.16824871148396697
1995,41.93962003575892,41.80296295054864,39.668976258810105,39.79210699973984,-11.706329547615745,41.230297914914836,43.62210715059859,0.16824871148396692
1996,41.9510071768817,41.84988430304771,40.180428781944364,39.99834174505089,27.147546071294236,41.358622901468465,43.63349429172137,0.16824871148396683
1997,41.97362883633088,41.82531334015464,40.461786084639215,40.09099550657152,30.051019972757956,41.46172148269754,43.65611595117055,0.168248711483967
1998,41.92588072246371,41.73765300647124,40.07750110944439,39.42705513216286,29.605100908314448,41.12011009989925,43.60701887442079,0.16811381519570767
1999,41.93525004025081,41.78465810254175,40.21704336608067,39.96301996290947,13.854457308913418,41.27629441523193,43.616388192207886,0.16811381519570776
2000,41.953063488885704,41.84472087087552,40.040349016808975,40.05034715717262,-10.856046588263908,41.26521219095953,43.62744081108886,0.16743773222031555
2001,41.94771002133074,41.76484870224007,40.12995796923714,39.97525481701541,18.52415381990593,41.189215604862405,43.6220873435339,0.1674377322203159
2002,41.962108813531465,41.80554452735215,39.93215101316789,39.18020925974322,28.929017828346453,41.1633228809806,43.63648613573462,0.16743773222031555
2003,41.944718730208685,41.836635883960966,40.4931258676908,40.203894481799615,26.170573619850085,41.23658089108446,43.61909605241184,0.16743773222031594
2004,41.9358402123951,41.78641209996552,40.321993955139746,39.68379043801042,27.438761976925868,41.19364028741312,43.60942320636353,0.16735829939684324
2005,41.952049581685564,41.79543587647173,40.12813746981077,39.78818276932139,29.843666847442922,41.03823341482335,43.625632575654,0.1673582993968435
2006,41.95233640141553,41.769568833089295,40.45356486608749,39.78137143295929,31.883165473367292,41.20549333527735,43.61266764760115,0.16603312461856215
2007,41.97368402211288,41.81664809304751,40.44771418365308,39.555561103137,34.33560387936652,41.269912611895066,43.6340152682985,0.16603312461856223
2008,41.945983993837544,41.764487397323386,40.151502045555745,39.52762087847633,27.70358898985056,41.358060817111806,43.606315240023164,0.1660331246185623
2009,41.9558273014094,41.85589999848606,40.61798711649427,40.0213873420823,26.43322179328135,41.401540413497464,43.61615854759502,0.16603312461856232
2010,41.93962184727929,41.76690122003254,40.35383167499511,40.015082357738116,29.961427181686492,41.31241823464994,43.59995309346491,0.16603312461856223
2011,41.95747469670183,41.872244663232664,40.69490761329807,40.22130681801351,31.897203719693465,41.30803746665107,43.61780594288745,0.16603312461856212
2012,41.95582292737339,41.819886721766196,40.26128036188981,39.89714458861967,28.390466578310853,41.24135252836301,43.61615417355901,0.1660331246185621
2013,41.967612326673745,41.849973937691374,40.61749867204169,40.19069516005385,28.92140667540541,41.42890918175058,43.6276484519367,0.1660036125262957
2014,41.94897920656406,41.747365896099524,40.40520405427131,39.8603970882248,25.74919072809283,41.41271497873552,43.70707030846521,0.1758091101901154
2015,41.949372882090266,41.83748208114808,40.62367455515134,40.23594367641312,25.693883452539335,41.42145378981752,43.707463983991424,0.1758091101901157
2016,41.96352420103393,41.84188861471466,40.29291556377371,39.52820124756837,23.440818961385354,40.99189628809766,43.72296426581767,0.17594400647837485
2017,41.94158959356438,41.76333005355406,39.67381763359947,39.60014890743221,-14.15595744926864,41.16298718430408,43.70132477927079,0.17597351857064136
2018,41.965089963642754,41.836318398304186,40.351548978693906,40.16109201370355,26.665518260380352,41.29667677827464,43.724825149349165,0.17597351857064145
2019,41.93455498570446,41.759250620373514,40.56801333255716,40.012678870977076,30.88467891214433,41.226837541372284,43.69429017141088,0.17597351857064158
2020,41.94640461763057,41.818980941395694,40.743335590769505,40.25775947473583,24.709852242542294,41.34022978729496,43.70613980333698,0.17597351857064142
2021,41.9371158273689,41.818931411319824,40.28308781850195,39.98743608866349,27.638932341510746,41.429906010598096,43.69685101307531,0.17597351857064134
2022,41.93977797703409,41.843616245783096,40.27349292396442,39.80909516755341,30.48721182282372,41.304868073196005,43.69701457271344,0.17572365956793493
2023,41.94043452733086,41.81256305463043,40.147161494628065,39.73920811064914,23.614617790881578,41.16705291341708,43.69767112301021,0.17572365956793487
2024,41.953127035424124,41.81446324856046,40.181294535188556,39.17844725314361,22.52609290329408,41.24202696864397,43.710363631103476,0.17572365956793504
2025,41.92446114611934,41.78177448249434,40.22068768186188,39.68142241735707,27.176045904257776,41.19645508725691,43.68169774179869,0.17572365956793484
2026,41.92855291227999,41.7164945930306,39.793887933985935,39.21818159984408,20.70611110909291,41.05545633287957,43.685789507959335,0.17572365956793481
2027,41.96284542974406,41.76592332932488,40.756175531651536,40.53463269285409,30.91900436068796,41.456550198255556,43.72008202542341,0.1757236595679349
2028,41.95354682292625,41.81355813211098,39.91832376968871,39.344111437398624,27.666482895305382,41.212563896391956,43.7107834186056,0.17572365956793498
2029,41.94006539902287,41.774015168085235,39.979577228572225,39.291374613464576,23.152088557596155,41.137085024768695,43.69730199470222,0.17572365956793487
2030,41.9284603260809,41.79663618779741,40.39471485785444,39.64514617796236,22.421167468658478,41.344529281128956,43.685696921760254,0.1757236595679349
2031,41.917698805357816,41.6805547695169,40.10341029819528,39.37050452651482,21.373083891835215,41.136490267085975,43.67493540103717,0.1757236595679349
2032,41.92779221385955,41.835953591722124,40.639260256260094,40.38602910826767,29.789828606223626,41.47987337848889,43.6850288095389,0.175723659567935
2033,41.9314054677989,41.788467123681336,39.571216274684545,39.337946880572545,0.49285095570085247,41.17769722834595,43.688642063478255,0.17572365956793493
2034,41.946023378371514,41.74461269687853,40.44482130495046,39.8087399451337,26.69687153604092,41.27843560264056,43.703259974050866,0.17572365956793487
2035,41.93317638734495,41.79067471150575,40.09229985595556,39.94813188391421,21.543574485367046,41.278885418025354,43.68906402014171,0.17558876327967585
2036,41.929780711508414,41.78832825456548,39.94502935716284,39.73190778020117,23.086881459886285,41.180711385259244,43.68566834430517,0.17558876327967565
2037,41.953724292847326,41.83346660878672,40.499805374701786,40.06501506252753,31.76066169057841,41.441550420005456,43.70961192564408,0.17558876327967568
2038,41.938156091188624,41.76467583580189,39.948955883113214,39.85664345786332,12.463242945883103,41.35932700781247,43.69404372398538,0.17558876327967587
2039,41.9329078702678,41.66559120368764,39.87181016788634,39.96541051603723,7.845477844700682,41.09587974120383,43.688795503064554,0.1755887632796758
2040,41.93849649659793,41.81468247736073,39.750489870190115,38.73615006947622,22.50614148211239,41.277416757239024,43.694384129394685,0.1755887632796757
2041,41.9391464583945,41.84283093562477,40.31072203123517,40.038877260717456,27.7982450016938,41.282293196963764,43.70421741715609,0.1765070958761592
2042,41.920854906718986,41.82021478456183,40.18392330655773,39.7563046867766,23.580370836988738,41.13685318249412,43.685925865480584,0.17650709587615943
2043,41.926103068056825,41.65355720735496,39.970720266382195,39.874069678155834,20.802729904232116,41.25482850595257,43.715619149423766,0.1789516081366944
2044,41.91598281884947,41.72389263913992,40.38881474173627,39.95143732972308,30.0016113478665,41.088519995253044,43.70684786309901,0.1790865044249537
2045,41.91031751269836,41.691905349695325,40.16380107454697,39.59881914893198,21.497451232138907,41.05592660004942,43.7011825569479,0.17908650442495355
2046,41.91882714925289,41.79268636259074,40.121743005341926,39.345431899938646,27.261799440435848,41.103065375298435,43.70969219350243,0.17908650442495366
2047,41.91262717778275,41.77745895292557,40.15971468105875,39.532220543406254,26.063539684779087,41.09881602984881,43.70349222203229,0.17908650442495358
2048,41.9165165891784,41.7454331526053,40.31374770390746,39.82042158006038,28.508625733113902,41.19971852624695,43.707381633427936,0.17908650442495352
2049,41.88740671836776,41.63273641406537,40.14785539093811,39.858401176331164,28.330445298476615,41.124305710778714,43.67827176261729,0.17908650442495366
2050,41.89375627555248,41.72033718244132,40.06933730812564,39.31363336382324,29.461142209709717,41.0959100481181,43.68462131980201,0.17908650442495358
2051,41.920072372549534,41.824097934485685,40.15313562027537,39.89623034286783,-3.956949738563182,41.43937799083925,43.71093741679907,0.17908650442495364
2052,41.90589569211017,41.78544025920421,40.624019262053764,39.908965344577915,35.81461427339348,41.339806190909634,43.69676073635971,0.17908650442495366
2053,41.87912463018094,41.804768583976625,40.399234949725155,39.99428235705145,29.50463943654068,41.34083005841467,43.669989674430475,0.17908650442495358
2054,41.91544607849538,41.79216887629307,40.185701475920446,39.71829018770429,28.23689563662893,41.06448649454482,43.7068239841289,0.17913779056335252
2055,41.878105377418144,41.667872734709796,39.46901131833739,38.64932327462022,12.539864849485173,40.73634923615025,43.66948328305167,0.17913779056335274
2056,41.91729909916174,41.74803816614976,40.11778950021768,39.7500286600101,16.163432308531462,41.19393234814534,43.710187121330804,0.17928880221690635
2057,41.90499835178531,41.77473552836513,39.79281633079064,38.71612075447737,23.881291034883905,41.09760157901123,43.697886373954375,0.1792888022169066
2058,41.87493534066811,41.743075775480676,39.75312963396687,39.45473150145148,0.42998329969986315,41.176849089234466,43.66066366736987,0.1785728326701758
2059,41.915858561266575,41.79739545527167,39.99942775650401,39.22668683668758,16.12393337307539,41.20555024651508,43.70158688796833,0.17857283267017557
2060,41.927559585981044,41.754012390686164,40.3777785219679,39.924747014743275,24.08695408899923,41.33585218648325,43.7132879126828,0.1785728326701758
2061,41.91906474016708,41.694202174116874,39.84472517024292,39.32439066058194,30.151965388347158,41.047778732394534,43.70479306686884,0.17857283267017582
2062,41.927061304048316,41.82045257089875,40.422671727514775,39.658965338861414,22.85616757699077,41.43954994145529,43.71278963075007,0.1785728326701757
2063,41.89354252954289,41.834390674324304,40.17541808085089,40.0261651348827,27.36727872654673,41.384195343971,43.67927085624465,0.17857283267017574
2064,41.89906139550154,41.79283250840302,40.36892816806711,39.891555715787725,30.571830173071046,41.28794903417126,43.6847897222033,0.17857283267017576
2065,41.91851477779869,41.77609071374012,40.33632006483458,39.83271065418491,23.72938910968878,41.32263208088773,43.700775735995926,0.17822609581972318
2066,41.89350032917397,41.752190461635536,39.92790706408579,39.230883620752955,5.8189375395851854,41.15578377371039,43.6757612873712,0.17822609581972315
2067,41.912272265488554,41.751213513842984,40.36512618695367,39.486945277337824,24.809298628518558,41.046179853149916,43.69453322368579,0.1782260958197233
2068,41.93074130676473,41.81318970468077,39.972651264645364,39.32104245141438,29.569583692052674,41.14506060373653,43.713002264961965,0.17822609581972323
2069,41.90264078695786,41.8353838540101,40.536582229019004,40.235668967026335,30.19312151748594,41.48755444719865,43.684901745155095,0.1782260958197233
2070,41.91878720488823,41.742307531563696,40.17530221602744,39.91301519322359,18.52770172073249,41.118034916367094,43.70104816308547,0.17822609581972326
2071,41.8964597699406,41.80538527244385,40.00462737610805,39.999122326512975,-1.5161643593626195,41.40070731945769,43.67872072813783,0.1782260958197232
2072,41.91554532622028,41.79241005610225,39.797389710220926,39.23267044066548,20.23378650409089,41.29557423499632,43.69780628441752,0.1782260958197233
2073,41.912418764736124,41.742304596368136,40.19361532882833,39.33358527908362,27.89739170893901,41.210844840025544,43.69467972293336,0.17822609581972315
2074,41.912938138980344,41.82180116139116,40.37103919656022,40.174819234449565,11.176341374483023,41.36852326093906,43.69519909717758,0.17822609581972315
2075,41.92782795587918,41.724233016850036,40.37839153307833,39.81160785026469,26.68751988155098,41.166411058550935,43.710088914076415,0.17822609581972332
2076,41.91534784590955,41.778130634761716,40.18266332941413,39.856038510672896,22.29981839566623,41.2225719860363,43.697608804106785,0.17822609581972323
2077,41.9259057505921,41.747040785660495,40.160746191283934,39.94670785781768,18.693837179233885,41.129926890900705,43.70103218961909,0.1775126439026993
2078,42.01456712013566,41.73122807323443,40.28995881048616,39.698380138826224,25.73709906825232,41.35837216866092,43.804831379894786,0.17902642597591295
2079,42.05515808005921,41.79731963968263,40.25996978858337,39.992083198363225,24.79290530489302,41.29037047525379,43.845422339818334,0.1790264259759129
2080,42.07720678136787,41.97124571051013,40.55829085779936,40.28238985529222,27.56574637872002,41.54406690273839,43.867471041127,0.17902642597591287
2081,42.0614789889002,41.93785802155471,40.195650453278446,39.461644624931424,9.725207140769704,41.31992099816635,43.827206633546595,0.17657276446463957
2082,42.0790827518188,41.9871581078489,40.65699420802518,40.17031359983658,29.357478459478873,41.58438278132989,43.8448103964652,0.17657276446463957
2083,42.11102946847013,41.92417202577384,40.07190146075954,39.55660186927403,12.470914407414746,41.38728480410542,43.876757113116525,0.17657276446463974
2084,42.10721791190236,41.97278532992923,40.69899047313029,40.645826995530705,29.567552473422193,41.468476679182515,43.87294555654876,0.17657276446463968
2085,42.08798760916142,41.933951012009565,40.62129986056362,39.950751155590986,31.284297854707503,41.392483946880304,43.85371525380781,0.1765727644646396
2086,42.08899377471489,41.989789745797985,40.633706324756766,40.274057691023756,31.122311182958114,41.47740502389313,43.85472141936129,0.17657276446463974
2087,42.098742043229706,41.91585449173568,40.515088981338025,40.18976877784717,21.247427522989987,41.467308784451596,43.8644696878761,0.17657276446463957
2088,42.06942404465555,41.98954353514471,40.049789500517754,39.22551226692191,24.013770550573756,41.46768255203098,43.835151689301945,0.17657276446463965
2089,42.08257947080656,41.98156368957215,40.49886821241806,40.07353461258328,31.33322571826907,41.509491215818386,43.848307115452954,0.17657276446463985
2090,42.095371328538064,41.92164840792981,40.12971799000623,39.911502207026714,26.239850036305125,41.44472427540984,43.86109897318446,0.17657276446463965
2091,42.095337356250546,41.93599097859659,40.079714457648244,39.61983971576747,17.71060650711177,41.34332775021544,43.86106500089694,0.17657276446463951
2092,42.104297474821635,41.95865514148108,40.42187870139464,39.750914519965654,23.388655261762878,41.48372952742306,43.87002511946803,0.17657276446463974
2093,42.07393909910745,41.899047947690825,40.540137027622386,39.61607335731666,29.899169614426903,41.3627223653581,43.839666743753845,0.17657276446463968
2094,42.103886850718936,41.941856558156296,40.52705386790541,40.011568710804156,29.993311037865205,41.22459593252023,43.86961449536533,0.17657276446463968
2095,42.07088058567234,41.904584867781374,40.12493019748253,39.42561330739244,27.363259952412633,41.43693837634274,43.83660823031874,0.17657276446463976
2096,42.106666814452566,41.92495866347092,40.51556921022728,39.65677908352574,31.035243181372735,41.48030906165371,43.87239445909896,0.17657276446463957
2097,42.09561762674235,41.962912152183016,40.33270684922232,39.83254689322945,29.096457483436485,41.36449847385117,43.86134527138875,0.17657276446463957
2098,42.08851123490142,41.9943277729837,40.77967875032746,40.40042697328234,30.05640619338472,41.36968921907759,43.845836020473996,0.17573247855725796
2099,42.078601754641404,41.89913064105252,40.50172046434979,39.89126332392856,17.74149663470331,41.387544047392424,43.83592654021399,0.17573247855725824
2100,42.09789640489706,41.92120090292313,40.39153353409259,40.0178191801049,29.425215072921866,41.49900126277695,43.855221190469635,0.1757324785572581
2101,42.08498360358133,41.910591628515185,39.89229606268522,39.55539987645328,-0.21891878372629492,41.47721327494256,43.84230838915391,0.17573247855725802
2102,42.09728577569697,41.95255862363153,40.46337207621301,40.13460750127199,21.4269327733143,41.567897069704536,43.84888542991661,0.17515996542196438
2103,42.09452654795519,41.84178716088556,40.102603713009145,38.885658353061906,26.38063524668436,41.234496982127496,43.85569532548953,0.17611687775343354
2104,42.075364516733,41.8292937193099,40.24477774893718,39.47737726628844,27.597760658237135,41.20887073419145,43.83653329426734,0.1761168777534336
2105,42.109446187752575,41.92648292905493,40.65272961433754,39.788763897349746,33.29605225881937,41.37351436688104,43.87061496528691,0.1761168777534337
2106,42.09950530128648,41.98811507569998,40.50768879557069,40.10844731337858,28.759387652181335,41.361559724338754,43.860674078820814,0.17611687775343338
2107,42.09146544836583,41.987939832471035,40.67575616116828,40.00500305551006,32.34328029845174,41.465856476216175,43.85263422590017,0.17611687775343352
2108,42.11014073251377,41.918703899442484,40.090713799477385,39.65798092567564,29.700168171286368,41.257228159806004,43.87130951004811,0.1761168777534337
2109,42.074568968761,41.91537561185128,40.16396588217728,39.587926809156876,14.880407323665224,41.33509551021539,43.84450765347152,0.17699386847105147
2110,42.07325305776042,41.934197450525254,40.36208241270177,39.96214661755504,2.270879304339857,41.3482517809635,43.843191742470935,0.17699386847105164
2111,42.09092545675393,41.95985404168938,40.44885962420861,39.57346150917773,29.80203469842817,41.42384882071125,43.86086414146445,0.17699386847105167
2112,42.082355367556424,41.91352327383978,40.184275559715665,40.10605387244851,0.6263690846401531,41.28109616041095,43.85229405226694,0.17699386847105164
2113,42.07927763140058,41.86904959029017,39.92642757797481,39.66994754445498,14.88641784819665,41.40088490643343,43.84346191673772,0.1764184285337143
2114,42.09433340246802,41.83043056414157,40.553494447080375,39.88614259019943,31.006230105668763,41.33745429226195,43.85851768780516,0.17641842853371448
2115,42.07866767539361,41.93174855597567,40.32748733914772,39.50707887780927,27.502580986950377,41.34856028570759,43.842851960730755,0.17641842853371434
2116,42.07239441914407,41.91444743217585,40.29606263898182,40.40486825397128,-15.306450654299837,41.46587821313686,43.83657870448121,0.1764184285337145
2117,42.09667280573279,41.965116786317495,40.576944848515694,39.875992412555426,29.152233232472955,41.30255692070449,43.86085709106993,0.1764184285337144
2118,42.10269030355726,41.96907986054418,40.52635168678496,40.15276449289266,20.154729212270457,41.409061908416696,43.866874588894404,0.17641842853371437
2119,42.06994664937494,41.9732098704424,40.48977761784322,39.7920330427453,29.73686652322884,41.472799989431365,43.834130934712086,0.17641842853371426
2120,42.0691362015974,41.90351798787951,39.77202178121165,39.54873853314679,13.913077392332422,41.222032827534335,43.83332048693455,0.1764184285337144
2121,42.07915679014404,41.920346184697465,40.25888341906831,39.17607223285986,31.476811845785974,41.2343505375368,43.843341075481185,0.17641842853371453
2122,42.063163617868184,41.85086066225656,40.19250033338499,39.01023870242229,27.6471917588309,41.24999510387268,43.82734790320533,0.1764184285337143
2123,42.079440644351116,41.90758052385157,40.38385283799712,39.91327986228018,25.80692000459319,41.342458495032254,43.84362492968826,0.17641842853371462
2124,42.09433912554511,41.92529906657376,40.13701623826987,39.9378058135282,25.711479663771637,41.32626721473706,43.858523410882256,0.17641842853371453
2125,42.08215620548312,41.97368991780798,40.57536493704647,39.936021651646485,23.36677102436761,41.40798677007929,43.84634049082027,0.17641842853371448
2126,42.09398093992943,41.910515727050466,40.23549496815287,39.634700872929024,13.624478490192033,41.39728555696125,43.858165225266575,0.17641842853371442
2127,42.08802802384088,41.945214501825305,40.510171142761884,39.62463333678477,29.697055676574006,41.404231587735794,43.85221230917802,0.17641842853371456
2128,42.09643600762646,41.96406741278445,40.27192490569376,39.53251678833499,31.256765656760955,41.26465526110179,43.8606202929636,0.1764184285337145
2129,42.08189896814117,41.97854753377151,40.650333066271315,40.77038159741673,21.251519279480547,41.64395591676981,43.84183963785716,0.17599406697159917
2130,42.082603037720084,41.99606030775376,40.950250787133214,40.47896182576612,33.66108675942387,41.61278480680777,43.84254370743607,0.1759940669715991
2131,42.09395292623191,41.92905757450246,40.1071435724639,39.42367723341317,30.881059949435233,41.265980478705195,43.84512368877172,0.17511707625398124
2132,42.09716643629312,41.92599851676974,40.12892879995012,38.96806012465629,28.614945355473736,41.22552119724577,43.84833719883293,0.1751170762539811
2133,42.119701152344426,41.81025658746125,40.08472837418325,39.42612823618199,25.162990928573933,40.98188474705277,43.87087191488424,0.1751170762539812
2134,42.10303089134989,41.98190100532288,40.26010930950726,39.71245129174877,26.58691802567492,41.24497166516885,43.854201653889696,0.17511707625398104
2135,42.11352409479681,42.013653565748676,40.20855146440759,39.3098503665297,27.834075122714673,41.34879298276567,43.86469485733662,0.17511707625398112
2136,42.09461970815993,41.977881564039876,40.50035472491428,40.217029831764975,17.73830227682923,41.489782896071404,43.84579047069975,0.17511707625398115
2137,42.10137333899608,41.99220928435012,40.74122540818359,40.120957955168315,33.32360867777791,41.532499730030864,43.8525441015359,0.17511707625398137
2138,42.091717959048054,41.9899199289889,39.981763609302455,39.56082633367562,24.244192065856176,41.38483976989658,43.83649219995976,0.17447742409117023
2139,42.097257781329475,41.94692601382496,40.14001773802029,39.34478135229519,29.518153487862378,41.124121376718556,43.84203202224118,0.17447742409117042
2140,42.09503021851167,41.929371185948156,39.74591158028044,39.04590014319007,2.3222720530920853,41.27416915734247,43.83980445942337,0.17447742409117054
2141,42.10474075852539,41.95132112087266,40.39493292781487,39.84669432765679,26.20963920778547,41.37448904838571,43.84951499943709,0.17447742409117034
2142,42.1263334058031,41.971457378797474,40.25602204737005,39.28546798437725,24.141475594599246,41.50508955088412,43.871107646714805,0.17447742409117056
2143,42.114374267108424,42.02209605239189,40.03538773093952,40.47544369182055,-15.322953111230618,41.57483085827537,43.85914850802013,0.1744774240911702
2144,42.09779839314994,42.01368985633183,40.90654785021235,40.59602065079814,27.068431763399435,41.664722505262716,43.84257263406164,0.1744774240911704
2145,42.10181055549995,41.97685356612541,40.313351958364954,39.574974741535364,23.477577466081204,41.30825995155635,43.846584796411655,0.17447742409117026
2146,42.1136940016673,42.00017820130697,40.18456824796182,40.01530244749433,15.66466069281983,41.39111120899596,43.858468242579,0.17447742409117048
2147,42.09076038350448,42.00381907903775,40.521701824971544,40.02142192814944,26.830328420262603,41.3451475855181,43.835534624416184,0.1744774240911704
2148,42.09789875818781,42.006600634159845,40.18281109420695,39.058817296184,27.981958724339854,41.2801346879954,43.855097987290044,0.17571992291022373
2149,42.110705585365935,41.88896908359733,40.43518244292845,40.069635240892886,25.014327814424803,41.48496292517775,43.86790481446817,0.17571992291022362
2150,42.085741747148056,41.967949305424334,40.0279661998392,39.62527411343723,21.22064744236893,41.306230011262116,43.84294097625029,0.17571992291022356
2151,42.10007944655988,41.9574608999286,40.17482699570929,39.41482421266643,28.19117709073738,41.13031814026097,43.857278675662116,0.17571992291022345
2152,42.134804983970575,41.95772424427794,40.289396765221966,40.32377939592596,22.595098467848278,41.342383096991696,43.89200421307281,0.17571992291022356
2153,42.073688822110206,41.973686536530415,40.50838564519137,40.22921966461658,23.153614592577853,41.46219106532975,43.83088805121245,0.17571992291022379
2154,42.09136129320656,41.92143888421054,40.435032735286775,39.793634405009655,22.56858609817356,41.432726936025404,43.848560522308794,0.17571992291022348
2155,42.07632027386657,41.93003890817579,40.552394698930655,40.12625408678576,29.855722404811175,41.42010100411376,43.833519502968805,0.17571992291022354
2156,42.10401152414328,41.960326249840016,39.987245809244385,39.96487664562677,21.038357865904658,41.30788329391974,43.86169187943948,0.1757680355296199
2157,42.088135450050956,41.936464570105116,40.35668743636345,40.01086027753564,22.70276490246516,41.50889572042348,43.84581580534716,0.17576803552961995
2158,42.07356033306449,41.99480337494707,40.27733112754127,40.07416628794368,1.8270801204189908,41.58826296132287,43.831240688360694,0.17576803552961984
2159,42.081496907804386,41.972725835942484,39.73206282907656,39.33390920969229,-2.317725655647074,41.216235602602836,43.83917726310058,0.17576803552961978
2160,42.08837017963144,42.00709086875233,40.468171360220076,40.28429069211944,4.43624831284928,41.605477427591225,43.846050534927635,0.17576803552961978
2161,42.06688304641951,41.92005738932675,39.812742258770015,39.560351973653844,0.6429312055206822,41.220799552189774,43.824563401715714,0.17576803552961986
2162,42.110211467152425,41.95506404721018,40.484962109605455,40.28796801415595,23.345640345123492,41.30450383278419,43.86789182244862,0.17576803552961978
2163,42.082791937808196,41.96471965254416,40.4480885863181,39.79825795107234,32.284125131956785,41.304734337016995,43.8404722931044,0.17576803552961986
2164,42.08426054970185,41.9182721739701,40.46149303867008,39.891570718772115,28.12811089482327,41.46811379336436,43.84194090499805,0.17576803552961984
2165,42.082930800974104,41.88657132337599,40.535582446780595,39.96328590015484,19.88524056359431,41.34049159087989,43.846096289596154,0.17631654886220513
2166,42.06780737625398,41.960613298126944,40.575944039004334,40.56370330413727,19.340040977351137,41.584691598050284,43.82361883627823,0.17558114600242444
2167,42.10511671809795,41.97373104964136,40.21191592029705,39.78327077083792,21.912326395080925,41.35001317578062,43.8609281781222,0.17558114600242455
2168,42.1028702981372,41.98414854028282,40.69164247026497,40.14983308867303,31.292037952967355,41.58655283627674,43.858681758161445,0.17558114600242447
2169,42.076484518211196,41.988277086549246,40.32945599259054,40.27439950167269,-0.9319296190650732,41.51830209753811,43.830579944102254,0.1754095425891062
2170,42.092492475616396,41.880260497202826,40.02850083911271,39.5884847418724,21.11823587893959,41.20427139231869,43.84658790150746,0.1754095425891065
2171,42.089106103460836,41.979044221748886,40.24858248886621,40.08249387760765,22.268944267588104,41.46189054867482,43.8432015293519,0.1754095425891065
2172,42.100692211174305,41.87853584644176,40.119893046061506,39.98819550185608,15.31943432239892,41.17286356514173,43.85478763706537,0.17540954258910627
2173,42.09216000779219,41.91582070112378,39.998487958445,40.23478421024112,-11.260209127097298,41.366225717854306,43.846255433683254,0.17540954258910646
2174,42.10189918493707,42.01564240070844,40.66253377554106,40.238246981939724,27.909527725709065,41.465929873423036,43.855994610828134,0.17540954258910632
2175,42.0751526238297,41.9791227570238,40.48345009135098,39.828821194612935,32.411522046768624,41.338667359948616,43.82924804972077,0.17540954258910638
2176,42.10965893686388,41.99056292252959,40.21033638629426,40.28142305919841,7.796983273948996,41.45293084011604,43.863754362754946,0.1754095425891063
2177,42.09448119394257,41.99888246314285,40.34300462764871,40.03911923925739,6.0537448114639645,41.62422004955665,43.848576619833636,0.17540954258910652
2178,42.07543221651616,41.82584898033177,40.06239855517217,39.14327971926757,28.642832827109054,40.95855315984818,43.82952764240723,0.1754095425891063
2179,42.07303621414575,41.92172570264631,40.31859815624356,39.421356744421,24.225556006483856,41.310087743036505,43.82713164003682,0.17540954258910627
2180,42.092907188099595,41.85741685354563,39.77176677958632,39.77098145648053,-3.6375814534687265,41.3004736989854,43.82950459987823,0.17365974117786356
2181,42.11297368516911,41.99108299002124,40.4888907541677,39.63214377860099,29.11290420599252,41.37361676769547,43.84957109694774,0.17365974117786342
2182,42.11359100410662,41.970799242124436,40.50263409416897,39.90698124322791,31.72228838711095,41.37942988488528,43.83923004354212,0.17256390394355053
2183,42.1198450539751,41.978524009814265,40.19456872733143,40.003552880128616,4.548563302872729,41.630120318039516,43.845484093410604,0.1725639039435506
2184,42.13495565407494,42.04599565830618,40.06697818111342,39.996217353587625,-3.664826150829626,41.620172475554355,43.86059469351045,0.17256390394355034
2185,42.10767580092677,41.98685979277124,40.17971682751511,39.89005105015091,25.262700807693417,41.55745569083203,43.83358620304896,0.17259104021221913
2186,42.11609690093182,42.023115167567916,40.060582054932674,39.48152348407579,16.246301852282507,41.548340657793204,43.84200730305401,0.17259104021221905
2187,42.11092979218083,41.9286442998215,40.14639343594937,39.796896630778974,28.894111338249957,41.41611176258295,43.83684019430302,0.17259104021221897
2188,42.12239229200188,41.99407028798262,39.857005823362016,39.883153416868204,0.6159866017731446,41.31624701610447,43.787371826575956,0.16649795345740764
2189,42.15368918313205,41.95509405603214,39.7557331527225,39.38933286762152,8.093913054012383,41.148229926327886,43.81866871770613,0.16649795345740775
2190,42.12588845937206,42.02661552418403,40.403759860990675,40.057444851157214,20.411095366658913,41.426946980077915,43.79086799394613,0.16649795345740762
2191,42.13778585897494,41.98468985333551,40.04048791498088,39.22829295015879,14.443316658093963,41.28867878815021,43.802765393549016,0.16649795345740767
2192,42.132388725676975,41.948061946022406,40.609268414429785,40.4078300883481,31.834747404068946,41.283989933260116,43.79736826025105,0.16649795345740756
2193,42.12948241967614,42.00058703215055,40.62682964792817,40.03827985633488,31.073780114759508,41.44008386983471,43.79446195425022,0.16649795345740778
2194,42.11354890964353,42.01007031094145,40.458379626861905,40.15466448232844,2.0057115808826538,41.54482404018421,43.778528444217606,0.16649795345740778
2195,42.14104536700358,42.03797819200794,40.33515674185664,39.871979606540826,27.267871049389267,41.49166775413627,43.80602490157765,0.16649795345740748
2196,42.147533813646454,41.89820742265101,40.32724192777973,39.444286289240104,27.840200014609238,41.401566393896225,43.812513348220534,0.16649795345740775
2197,42.13781136818815,41.82779364907205,40.3353408864803,39.539896931888684,26.780776884799455,41.015136397468254,43.802790902762226,0.16649795345740753
2198,42.12435685025079,42.006865208206705,40.506919922399625,39.93055699406594,26.21426473454838,41.550471317807734,43.806167346269625,0.16818104960188326
2199,42.11118610162869,41.9112662846838,40.057697366809336,39.84231797089865,13.90563284561307,41.19303558581832,43.79299659764752,0.16818104960188338
2200,42.12787465479205,42.03727468042738,40.745606252503386,40.337848542255834,23.383730948513538,41.561292676767984,43.809685150810886,0.16818104960188335
2201,42.11524545414411,42.00642511517796,40.321952843557106,39.43069098980665,28.38317527543409,41.291622777976,43.79705595016294,0.16818104960188315
2202,42.12181625206047,41.974685987916125,40.34285839895008,39.82836756154106,26.659297222178527,41.42424167027076,43.8038262743108,0.16820100222503304
2203,42.10551875247768,41.91453837737261,40.092824561454506,39.026145097689614,25.148795587763566,41.29962709814686,43.78752877472801,0.16820100222503295
2204,42.124096355617695,41.90254365263803,39.75005621993856,39.08909509058949,8.72137794073857,41.18831350017352,43.806106377868026,0.16820100222503306
2205,42.09379383154213,41.99120124714624,40.486703718133114,39.875719303390426,17.76457806330654,41.44906760106679,43.77580385379246,0.16820100222503281
2206,42.11815727527364,41.86005469419224,40.1944854988504,39.423092839706385,24.088208615724998,41.366972863552505,43.80016729752397,0.16820100222503304
2207,42.12165220938249,41.93183388800265,40.32956786432098,39.34762561970114,27.77735780656307,41.38615576635297,43.80366223163282,0.16820100222503312
2208,42.11162329341165,41.937574289723486,40.029954835955344,39.85426443930105,24.24843981704821,41.27163674094918,43.793738028516785,0.1682114735105135
2209,42.133030190434205,41.99654910983683,40.70107733062005,40.18755770784593,26.32389071411304,41.50205878568933,43.815144925539336,0.1682114735105134
2210,42.09634571898328,41.97566893197289,40.54244209196639,39.947389852243276,30.550291874481005,41.50596319831811,43.79445603437456,0.16981103153912835
2211,42.11106448905686,41.94531751322668,40.42679268121479,39.87279165241972,19.213523221632578,41.28215009825829,43.80917480444814,0.16981103153912813
2212,42.131428923313436,41.92334142543475,40.279305062349565,40.27482057514892,11.463211580740179,41.329136048587685,43.81838308094966,0.16869541576362188
2213,42.127857384999736,42.01282661492999,40.37702010615055,39.92024108571511,26.87671158570231,41.52071457991648,43.81481154263595,0.16869541576362185
2214,42.11691187420772,41.920056154793684,40.28667007209549,39.80502222480713,30.031112899741853,41.33851594190874,43.80386603184394,0.16869541576362182
2215,42.1156034199818,42.001162344415285,40.25223380672285,40.6702224116475,25.007159342058433,41.52896493320915,43.80255757761802,0.16869541576362185
2216,42.10177680932838,41.92202041317271,40.1909294046365,39.39469417671103,28.263103515076832,41.11831796821604,43.793408318377466,0.16916315090490913
2217,42.11366984645844,41.970472379602334,40.499418555348015,39.74582095405255,24.902965264172863,41.32961609295686,43.80530135550753,0.16916315090490913
2218,42.11179634705781,42.024512282744176,40.25516391880762,40.161230312354185,-0.8255920628993394,41.50930588487099,43.78733820490345,0.16755418578456358
2219,42.14117475167156,42.03061621560288,40.83105986865346,40.5800481847625,30.222911721675214,41.72711209839313,43.82078084105001,0.16796060893784534
2220,42.12275677285974,42.03022631600762,40.42429559056,39.73330203736583,28.931779581386657,41.56604632729076,43.818193012998535,0.16954362401387948
2221,42.098309828038275,41.98271359330987,39.95851847758323,39.79462280628215,-3.893328847025437,41.54597115267475,43.793746068177065,0.16954362401387926
2222,42.12625994779464,41.91908498418771,39.89295296894913,39.747240724422284,-12.89161867547611,41.366127455986245,43.82169618793343,0.16954362401387932
2223,42.11332365467979,42.00016479034729,40.3870926996767,39.81070133686532,21.506207003238888,41.483732901098506,43.808759894818586,0.16954362401387935
2224,42.11324635728154,42.02631686623069,40.70240803966893,40.5452565641548,29.284804677386518,41.36920719858045,43.808682597420336,0.16954362401387937
2225,42.103760697051094,41.94197292028287,40.37858105175058,40.142237848445916,22.45580816171322,41.409650578707826,43.79919693718989,0.16954362401387948
2226,42.08951076874367,41.93928566017591,40.371640588813406,39.802582039881656,22.90726214573451,41.38234910231593,43.78494700888247,0.1695436240138794
2227,42.10690621355113,41.98600262589957,39.884040172123846,39.20028402351475,-15.667077469233632,41.56812599952147,43.802342453689924,0.16954362401387943
2228,42.10678611776213,41.97521586536367,40.6784611781509,39.812249350845036,31.59909120351562,41.49039165866587,43.802222357900924,0.16954362401387943
2229,42.119518527634035,41.91394276011053,40.32818116340529,39.683102535076884,28.51423300178176,41.39457691474608,43.81495476777283,0.16954362401387935
2230,42.11396451295064,42.00223661289416,40.59606501581341,39.585645997298144,31.55480851598378,41.67062302529381,43.80955924240868,0.16955947294580412
2231,42.11669721502623,42.026620231177326,40.61776632676558,40.15405174782529,29.598149617719884,41.77078162695892,43.81229194448427,0.16955947294580412
2232,42.09834775204568,41.97860574850165,40.78040805724625,40.22709350838223,31.786461561199943,41.59792419204659,43.79651233376377,0.16981645817180918
2233,42.10809499251655,42.000127597434044,40.290718022287265,39.95496334617415,-3.3903999053948795,41.614141049730975,43.80625957423464,0.16981645817180915
2234,42.099035186791184,41.97681447743312,40.78366598299719,40.51431768601231,31.44177773033227,41.72161536705103,43.79719976850927,0.16981645817180926
2235,42.101985934043256,41.86459201166483,40.25821064875584,39.73579857943385,23.658698505867672,41.442371024125,43.800150515761345,0.1698164581718091
2236,42.11821879282676,41.97391365272724,40.191786148402144,40.309099521280935,25.802958043646903,41.40789351425906,43.81638337454485,0.16981645817180918
2237,42.11353437554817,41.99848784551844,40.20210523908695,39.51844773475341,24.563579119691198,41.08187479145207,43.81169895726626,0.16981645817180918
2238,42.105130313512,42.00766042635418,40.4563205184049,40.04160258814113,27.220465083603735,41.47137238785044,43.80329489523009,0.1698164581718092
2239,42.116818925918274,41.903974891930105,40.11481460801708,39.51283924967876,26.98421034841836,41.22336153847871,43.81498350763636,0.16981645817180918
2240,42.11018236128047,42.0079602138361,40.39986425804327,40.251860638710525,20.91848525481067,41.465612930307955,43.80834694299856,0.1698164581718091
2241,42.09804656281025,42.0082154321899,40.820066599091554,40.48682368157056,31.693524232198158,41.54737232079435,43.796211144528336,0.16981645817180904
2242,42.07985829650044,41.983654889921226,40.694996759894174,39.984217797171766,31.48156026932785,41.52477343693118,43.77802287821853,0.16981645817180907
2243,42.109967181505375,42.00805832804567,40.55100945431114,40.10600104947254,24.547063394974554,41.369031891857105,43.80057042489632,0.16906032433909488
2244,42.109243202805686,42.00264945643001,40.512225749630694,40.46730432695941,23.817852343306672,41.52271545591648,43.79984644619663,0.16906032433909493
2245,42.11785210957604,41.914868406474206,40.76883699176049,40.40947761466986,31.41792781444017,41.56535843479203,43.80845535296699,0.16906032433909476
2246,42.121437580009164,41.92805790515005,39.85989780261556,39.91770019097324,16.352051156561075,41.309162043803966,43.81204082340011,0.16906032433909476
2247,42.13106552042646,41.99591589072146,40.339210234893685,40.30550826924893,25.720060097547865,41.44071666173585,43.82166876381741,0.16906032433909476
2248,42.10225062418481,41.84223389185543,40.55177216840759,40.44429600106583,30.10774533914375,41.450137801040306,43.79285386757576,0.16906032433909474
2249,42.102299136869455,41.94461286886462,40.06631989260912,39.73186161191045,11.51182277696109,41.381355674506466,43.7929023802604,0.16906032433909476
2250,42.11522057339428,41.97323297926067,40.15291429044081,39.33292774225222,21.25442745255522,41.34399009899573,43.805823816785235,0.16906032433909504
2251,42.10269710617238,41.994678915714466,40.055462389415574,39.64774051842438,11.501913460651636,41.473142241618405,43.793300349563324,0.1690603243390949
2252,42.124280047112634,41.964598325977605,40.819497316203346,40.21117122657467,33.51753733668863,41.474568814686535,43.81488329050358,0.16906032433909485
2253,42.13026339226261,41.923107894076864,40.45476933804113,40.194910500892526,-0.6095535082322527,41.44514510426275,43.82086663565356,0.1690603243390948
2254,42.103705694623606,41.929366137656174,40.04069387873181,39.56146408743653,24.081664150999543,41.56453736844102,43.79430893801455,0.1690603243390949
2255,42.10048652177626,41.930207192718804,40.623074976357,39.965244791191196,33.44456224154836,41.340638358432535,43.79108976516721,0.16906032433909493
2256,42.11268964006053,42.00478083179712,40.33821663986023,40.08693912071418,23.934421735813842,41.47221716969773,43.803292883451476,0.16906032433909493
2257,42.13945144707761,41.97939099674696,40.34698846489447,39.734655543184076,12.539406879934393,41.438235197503076,43.83005469046856,0.16906032433909493
2258,42.109440266559005,41.9918578237929,40.0955137281161,39.709116048879544,6.532967548165132,41.4975508731969,43.80004350994995,0.16906032433909493
2259,42.121391322036935,41.947106849519216,40.408504320497805,40.0088133809518,20.223478430244736,41.396219325365465,43.81199456542788,0.16906032433909485
2260,42.11924974458262,41.95314393156245,40.455376244126185,39.9671453138749,27.19858703714153,41.50176540241918,43.809852987973564,0.16906032433909493
2261,42.108970454604275,41.99821890293695,40.05916162573561,39.490649214947354,11.04732719594795,41.458594386380646,43.79957369799522,0.16906032433909482
2262,42.117004832809144,42.01893579868701,40.94566618421436,40.94662756771587,30.25339808540562,41.76665997725149,43.80552968639985,0.16885248535907052
2263,42.114879703717406,41.88503591308159,40.498422351795895,40.07345943123227,25.09640886562677,41.401009485898115,43.80340455730811,0.16885248535907083
2264,42.10334498238255,41.96674929222802,40.64865665686909,40.615719807680094,24.40760068988396,41.54073759465349,43.78973937687475,0.1686394394492196
2265,42.10104160463919,41.89911402068594,40.09713987076184,39.63729048989445,25.79863298905261,41.368124544053614,43.778452207254745,0.16774106026155508
2266,42.132085483532656,42.00317032429987,40.74800020116794,40.20597866483001,27.567489901807278,41.345655361861624,43.80949608614821,0.1677410602615552
2267,42.14819663490368,41.9936120932243,40.320836329635945,39.97902528326243,21.6867167714562,41.573380089597364,43.771264974249696,0.16230683393460169
2268,42.192186915003504,42.09078664431282,40.67721510625539,40.326050404944354,22.69865676095081,41.780732794269156,43.81525525434952,0.16230683393460188
2269,42.195589070867165,41.97190450779673,40.66111564701511,40.36107063398303,27.00156594873412,41.324279554158906,43.818657410213184,0.1623068339346017
2270,42.19047815056327,41.99259678584084,40.36512376039442,39.40410280651142,25.87406585506693,41.36645219832745,43.80886913849642,0.16183909879331446
2271,42.18235314092377,42.06851744585838,40.23278563090759,39.28310058901266,8.91064286136821,41.60777769834116,43.80074412885692,0.16183909879331446
2272,42.1850732160448,42.05216474187143,40.48018613227054,40.08448182119521,26.54554302679918,41.703114055804484,43.791039215787414,0.16059659997426143
2273,42.20317243513142,42.09032499595152,40.695223119671745,40.556107211254634,24.865766234880237,41.669536028652296,43.809138434874036,0.16059659997426137
2274,42.19119634796353,42.031485306001564,40.51056316095382,40.22099643632147,26.134360721289358,41.53789520868,43.79716234770615,0.16059659997426137
2275,42.1975613570658,42.11645140967019,40.61951253980595,40.437634933180874,22.683737195706556,41.584499995490866,43.80352735680842,0.16059659997426132
2276,42.19954844222582,42.096226567231874,40.54067727783691,40.15666668142349,31.095995898100057,41.420145243413735,43.805514441968434,0.16059659997426132
2277,42.2007333768003,42.091741400747495,40.98085256876951,40.77530441161109,26.80894481464596,41.686419163610836,43.80669937654291,0.16059659997426112
2278,42.19427785643799,42.07057394835752,40.03017287370288,39.56109083670604,-11.071370128521409,41.4703171309413,43.80024385618061,0.16059659997426137
2279,42.21533583424055,42.053391195350265,40.25086691526279,39.77829157729738,24.579954871975495,41.54331641335972,43.82130183398316,0.16059659997426134
2280,42.21277652786552,42.05467226021434,40.51569967602964,40.12872623190647,26.788707358334857,41.593839177008064,43.81874252760814,0.1605965999742614
2281,42.195961121483855,42.02198696752465,40.02284892775315,39.78766538255787,24.27363888866126,41.33787840510636,43.80192712122647,0.16059659997426134
2282,42.20122194153227,42.065047081312,40.642096033724705,40.63863309751304,26.023378659859507,41.53279700486361,43.82387064442314,0.16226487028908695
2283,42.189095729166574,41.97192787335037,40.58275091765538,39.98522672625594,28.2853532742893,41.46384297356494,43.811744432057445,0.16226487028908682
2284,42.17636938764648,42.077693158257944,40.52737079535876,40.20115330328917,26.843241368763636,41.669390331731584,43.79901809053735,0.16226487028908687
2285,42.170219329095836,42.055523558093284,40.25186773275577,39.499803774113616,19.106456024758682,41.32770250483527,43.79286803198671,0.16226487028908676
2286,42.179529794783214,42.075121311420546,40.715056285910364,39.749246476751864,31.05380934246834,41.54945580432168,43.802178497674085,0.16226487028908687
2287,42.183242053358114,41.96676668685523,40.097557475906996,39.74082762476657,15.826650388317876,41.180371170959006,43.805501711103986,0.16222596577458748
2288,42.192596504495235,42.07549234645457,40.33311736629804,39.84636908709246,-1.3075227447153353,41.529863456325586,43.81485616224111,0.16222596577458742
2289,42.196605017041186,41.97365739095777,40.43247226539524,39.42763227869372,28.63489181849394,41.363959139908076,43.81886467478706,0.16222596577458748
2290,42.18244237467554,42.005116081956416,40.27726049001302,39.98975967411561,-4.0749737185343164,41.6095619210779,43.79075289677199,0.16083105220964525
2291,42.20314065758821,42.06726699547002,40.631709454282024,40.19720055107243,27.679502453081007,41.59912470527186,43.7881462514472,0.15850055938589952
2292,42.18547540998478,42.05067689591399,40.326541659922555,39.918556246353965,21.617687882642336,41.35526573419864,43.77048100384378,0.15850055938589927
2293,42.166413350775045,42.05953994819003,41.0783551733085,40.64539661076766,33.36612769764838,41.71044195477914,43.75141894463404,0.15850055938589946
2294,42.18165525652915,42.0060047993699,40.05398746817128,39.27790928244319,24.903215873063168,41.25947561470011,43.76666085038814,0.15850055938589946
2295,42.18866787220639,42.003009332109094,40.878248251284056,40.3524047625069,32.51833315114124,41.44343471258667,43.77367346606538,0.15850055938589938
2296,42.17563551271652,41.97238162520967,40.09037704368467,40.16808786667493,-15.30723124372858,41.462341322682036,43.76064110657551,0.15850055938589938
2297,42.178473411927364,42.09548778549594,40.60340748681155,40.5286564646995,-7.877590635434466,41.71694394187618,43.76347900578636,0.15850055938589935
2298,42.172093751263894,42.0384909815231,40.31538130864142,40.23174278853096,4.435090726340057,41.48499137114422,43.75709934512289,0.15850055938589933
2299,42.18153051119453,42.020048421876304,40.34080377515444,40.09944441305109,7.300434194548224,41.5922921718664,43.766536105053525,0.15850055938589933
2300,42.14520446057413,42.047630409313676,40.623966266074696,40.489249841818356,24.002587932446282,41.60542903128916,43.73021005443312,0.15850055938589935
2301,42.19423605348647,42.09151088700408,40.550229158417714,39.655407366095496,24.42002700830152,41.5453832855762,43.779241647345465,0.15850055938589935
2302,42.16915391653235,42.01779808932371,40.64111049370977,40.17870790042914,29.885746537135603,41.565199196915515,43.73832935963101,0.1569175443098655
2303,42.180308316487846,42.05041902030447,40.1919158220343,39.687566667471,24.35066263991773,41.45008138728293,43.757234602797574,0.157692628630973
2304,42.19675895507382,42.04219653233576,40.5612116574719,39.981174719594996,27.219849892024044,41.39307511919745,43.77348571515205,0.15767267600782323
2305,42.196540753544156,42.082427921538894,40.61782193408714,39.630734804140005,29.735564677088533,41.565914427654704,43.773267513622386,0.15767267600782317
2306,42.18991510108308,42.11588513584912,40.48042066970352,40.38145648540967,-3.5383493103966828,41.67519627410944,43.77309840345166,0.15831833023685787
2307,42.16519970398147,42.00399662801271,40.35143995765957,39.97540303081426,25.878772793160596,41.57751453313743,43.73683130023447,0.15716315962530014
2308,42.1771143329425,42.0130821527846,40.816911223926745,40.45546498465603,30.90242749134692,41.584310539652265,43.7487459291955,0.1571631596253001
2309,42.17142020357608,42.09359956463362,40.5113816663555,39.649010344020006,22.651136620711625,41.481451751798005,43.74305179982908,0.15716315962529995
2310,42.198457361563456,42.09964473388684,40.64666268961764,40.29662792348527,23.887476917434412,41.599470408272325,43.770088957816455,0.15716315962530003
2311,42.19500189352263,41.9326650054982,40.43341577393977,40.16885129061252,30.89068573170873,41.42718924405082,43.78475069273545,0.15897487992128223
2312,42.156491796211455,41.95366241214614,40.28140514469548,39.87551424488823,28.625316842711293,41.43766628785292,43.746240595424275,0.15897487992128234
2313,42.16844031845603,42.07200825860251,40.83963744586207,40.29692280777328,25.964894678471968,41.578749515999576,43.75818911766885,0.15897487992128226
2314,42.15903841568134,41.93400415261466,40.111939384781856,39.394418995939134,25.012446482832768,41.198172487805635,43.74878721489416,0.15897487992128223
2315,42.162784105656,42.04937503131473,40.58114481322148,40.07568897048548,30.62084987645305,41.46541063878648,43.75253290486882,0.15897487992128229
2316,42.180056301164115,42.06329043173571,40.41652985534937,40.110419742952836,30.91615601037559,41.42667434667993,43.76964661105769,0.15895903098935768
2317,42.1652684211805,42.09674360671319,40.593642133185234,39.94960640655113,24.612274309648097,41.714091286995746,43.75485873107407,0.15895903098935768
2318,42.177856720347386,42.075311302441584,40.67212011205775,40.35757671594261,26.105972585358998,41.69247946169977,43.76744703024096,0.15895903098935762
2319,42.19325112925789,42.044913217942096,40.26129523785316,39.71860642443194,-4.1359064169552155,41.5613123369112,43.78284143915146,0.1589590309893576
2320,42.17146016549162,42.01098666401639,40.30735912858227,40.1722856237694,11.574669708721359,41.515836500584285,43.748197320243314,0.15767371547516992
2321,42.190501445782246,42.055614885155876,40.71751353634872,40.21047678478938,32.989307010667254,41.61209975810294,43.76723860053394,0.15767371547516976
2322,42.177399109794145,42.069179187143206,40.92129211339743,40.35916117043347,32.583464036345966,41.51798012509538,43.75413626454584,0.15767371547516976
2323,42.190845264272504,42.08356992847548,40.58684945161749,40.19705315188747,27.476904316771396,41.64995220925921,43.7675824190242,0.15767371547516987
2324,42.19700740394518,42.08891485071107,40.533835580879035,40.18305907183355,25.53931080540837,41.45171849353818,43.773744558696876,0.15767371547516976
2325,42.17209323983705,41.96313278857194,40.0872250780823,39.419869915470464,22.721055881415914,41.22648302224091,43.748830394588744,0.1576737154751697
2326,42.21124933946607,41.997633009526254,40.33228981355347,39.5177853844211,26.842727452091353,41.133044961924234,43.76354137161242,0.15522920321463482
2327,42.21778184599964,42.080495031824775,40.51780521241502,39.75224361981237,16.223139932896437,41.446009281012095,43.770073878145986,0.1552292032146348
2328,42.21177826018583,42.081748284337586,40.269473323361154,39.813437773191644,20.275304621887713,41.444616697486495,43.76407029233218,0.15522920321463476
2329,42.20527187210655,42.023955098515266,40.71286656369643,39.998711305466834,30.620699184570107,41.50380955635755,43.7575639042529,0.1552292032146348
2330,42.21727646429579,41.96337740732243,40.450721463315276,40.25406089630048,27.077911591150965,41.421012619414654,43.76956849644214,0.15522920321463474
2331,42.21484264839254,41.90374163114835,40.4274714516774,39.93703589958714,24.480786916315267,41.288127840906505,43.775945196784825,0.1561102548392282
2332,42.21502412569924,42.01742847920839,40.52954683113464,39.90038980305498,29.924013259936643,41.53427789857898,43.77612667409152,0.1561102548392281
2333,42.19056753223948,42.036101392439235,40.69351644895912,40.065319093656264,28.697661904638956,41.50542491471566,43.75167008063176,0.1561102548392281
2334,42.1949680011551,42.03640416861564,40.60479037169244,40.10168737402625,24.80878874698491,41.60871015318381,43.757306488638875,0.15623384874837776
2335,42.18820011720766,42.046502270263744,40.808865804129134,40.20731006808402,24.951885689396562,41.45298739262354,43.750538604691435,0.15623384874837776
2336,42.19245684416749,42.04215599950229,40.59292678274252,40.49362858237194,11.584132639501796,41.53478228606855,43.754795331651266,0.15623384874837798
2337,42.205336796415054,42.08829274931261,40.789812075199215,40.19554158872334,29.771143630570908,41.61109786861989,43.76767528389883,0.15623384874837803
2338,42.21014169155403,42.0235548006625,40.71574911493463,40.27322508308106,31.315960954198204,41.54407286251349,43.77248017903781,0.15623384874837773
2339,42.1946917608043,42.086198379412274,40.80711867308972,40.22731909800164,31.065382668434072,41.50731604805026,43.757030248288075,0.15623384874837778
2340,42.208491872717595,42.00631789196073,40.42454776233551,40.16056517195996,24.197497821455997,41.396302006542456,43.77083036020137,0.15623384874837784
2341,42.19808470409737,42.111775598556115,40.409752333283194,40.462315902804036,-0.31647871674997674,41.5163522204984,43.76042319158115,0.15623384874837787
2342,42.19279438609404,42.120465174435,40.84359512557526,40.43933356261335,26.463457399498264,41.602466893972796,43.748950148214846,0.15561557621208008
2343,42.205717466841314,42.1176015417034,40.609448371144495,39.844661655304805,30.07098838931972,41.553822922325864,43.761873228962116,0.15561557621208008
2344,42.214052532588276,42.093327026766396,40.34052788121817,40.118024470066935,22.788813526492785,41.58859608577637,43.77020829470908,0.15561557621208033
2345,42.18873428838202,41.9864683711297,40.495392506903194,39.65763753275138,22.737624950184706,41.285212724561035,43.744890050502825,0.15561557621208008
2346,42.20804958546231,42.104236949303406,39.97554367540928,39.5168829974296,-15.346509440217126,41.409167995642704,43.764205347583115,0.15561557621208016
2347,42.22402779792039,42.00156648723767,40.612780050035056,39.85386336571043,33.50490923827212,41.38212548479981,43.78568404878641,0.1561656250866012
2348,42.18638362642221,42.1183792608256,40.74267096510211,40.22002827039525,31.666465336394758,41.497872158907846,43.74803987728823,0.15616562508660128
2349,42.19503581426536,42.084858877560336,40.47735070641757,39.60917448704694,28.666303369543172,41.35874657913172,43.75669206513137,0.156165625086601
2350,42.211679732128,42.078755453875345,40.54103645701801,39.76479429665295,30.783919212536336,41.285503103862254,43.77333598299401,0.1561656250866013
2351,42.18767362354489,42.08630450195222,40.42709912783646,40.63298636743365,-3.7345082823174636,41.590103811892064,43.749329874410904,0.1561656250866012
2352,42.21809577259167,42.10210970560224,40.63101419807509,40.251909039738706,22.550596734266477,41.66766234441462,43.77975202345768,0.15616562508660123
2353,42.19598543529956,42.108749614602374,40.53555720990552,40.145569203167014,-3.3416455968885543,41.418499351947645,43.75764168616558,0.15616562508660117
2354,42.21146101499191,42.04366140526068,40.41025743792855,40.462283410833436,25.965457332540783,41.2571690165146,43.77311726585792,0.15616562508660117
2355,42.21827353186265,42.08803245196455,40.59852405946857,39.99876176153962,19.34727677397985,41.46315509339605,43.78031882787366,0.15620452960110054
2356,42.201906314382306,42.10490471652858,40.7038396023662,40.9853609253412,25.57859291173491,41.73619164305582,43.76395161039331,0.15620452960110068
2357,42.19840943122631,42.04074621249657,40.72451603601943,39.84280970002943,31.73787613466323,41.61909106828297,43.76045472723732,0.15620452960110076
2358,42.217181228812684,42.09516032584511,40.65405410668989,40.441169608001864,24.285736243885996,41.64014218147345,43.77922652482369,0.15620452960110062
2359,42.23883086245392,42.024818791506036,40.09052839740725,38.90610064591119,27.653551214439684,41.4511792871878,43.80087615846493,0.15620452960110057
2360,42.187409576775494,42.1004213692536,40.678392967676146,39.67439316033285,27.587607994634382,41.608991250399754,43.7494548727865,0.1562045296011007
2361,42.21672748700493,42.0739168008732,40.56810166534414,39.99486512163995,27.044328778086065,41.66242751008582,43.77877278301594,0.1562045296011005
2362,42.19864301946153,42.09648529249675,40.47348187767677,39.99328059696318,23.020828458876412,41.40422984570922,43.760688315472535,0.1562045296011005
2363,42.191811708904105,42.07176893271842,40.67864718756922,40.28542432513669,26.628137971637813,41.686779561245594,43.75385700491511,0.1562045296011008
2364,42.1892548900076,42.10939329909982,41.26996005792881,40.72956258072718,36.45645382747401,41.899273062191654,43.751300186018604,0.1562045296011006
2365,42.19874681445296,42.076314276300394,40.463225946680716,39.894289971420534,-3.475348144317408,41.47145405063554,43.76079211046397,0.15620452960110065
2366,42.21756937144524,42.05524769556585,40.66088351035642,40.0288872798181,30.61165884019207,41.627560065534425,43.779614667456244,0.1562045296011006
2367,42.20758062488495,42.10528803773819,40.3769602133004,40.140449095030334,18.65158623641372,41.71413624084902,43.769625920895955,0.1562045296011007
2368,42.21375071331248,42.111442381403975,40.45225606226162,39.82832460382588,18.477702793387877,41.60695616001147,43.775796009323486,0.15620452960110065
2369,42.18595394516559,42.015009899606525,40.4432249394681,40.03885726387246,27.007364339189216,41.48844511749877,43.7479992411766,0.1562045296011006
2370,42.22017053674357,41.95116219558627,40.06019904841267,39.05099684066579,28.285803208009536,41.16866073395009,43.782215832754574,0.15620452960110065
2371,42.207971439085256,41.93579538785935,40.25024577320625,39.53928193043768,24.704692020300183,41.36958041245967,43.77001673509626,0.15620452960110057
2372,42.20475192035458,42.04614066093395,40.491465774396495,39.885213043450534,31.869272562393657,41.16039412517725,43.76679721636559,0.15620452960110068
2373,42.208681143751875,42.038514273450126,40.38820529517143,39.85987014372589,15.474466991259128,41.3556484724429,43.77072643976288,0.15620452960110057
2374,42.217448362686255,42.10561867548743,40.49493266375081,40.183598201796094,27.045715121654602,41.46535174122302,43.77949365869726,0.15620452960110043
2375,42.21668514284402,42.024084459754164,40.353867171019665,39.61755663302701,22.376083494090025,41.42212615621267,43.77873043885503,0.15620452960110048
2376,42.2077375188791,42.02644563836714,40.63291173875957,40.053875299448165,25.742728674587365,41.40327696205222,43.76978281489011,0.15620452960110073
2377,42.22387541069351,42.02898166937029,40.64663270127402,39.920675754107485,30.91506805284483,41.41349787513626,43.785920706704516,0.15620452960110073
2378,42.186750334766415,41.99351446229088,40.13933827869407,39.905340316743505,8.168842247138606,41.462524285829,43.757258588757345,0.15705082539909287
2379,42.19061363531125,42.0273572628619,39.96567663313909,39.5025447537427,14.018767073540012,41.535815966585105,43.761121889302174,0.1570508253990926
2380,42.18123282410826,42.07539755717883,40.19429033749953,39.39902853503246,24.727090910117045,41.53171702328447,43.75174107809919,0.15705082539909268
2381,42.19987393644416,42.03378619363724,40.76347231027336,40.235665759618826,31.182061637866905,41.478105238735196,43.77038219043509,0.15705082539909263
2382,42.17408511790715,41.91603626861704,39.8457670569356,39.39117124672189,-15.326241968483991,41.137838969644264,43.74459337189808,0.15705082539909274
2383,42.21271756682179,42.0963541858889,40.78767895683575,40.35030280734533,27.6431501920684,41.75124875918903,43.78322582081272,0.15705082539909282
2384,42.18541785797965,42.06901648102533,40.43829214525461,39.94646718979573,19.20819411481883,41.38590979810289,43.77377030433434,0.1588352446354689
2385,42.19784298383869,42.04556906170435,40.728119361199234,40.26625169007353,28.66401584570075,41.60162827274035,43.78619543019338,0.1588352446354689
2386,42.181325445371414,42.04598989497058,40.65325693820247,40.27966861260086,28.659103048731517,41.56051578770199,43.769677891726104,0.15883524463546875
2387,42.19452021018365,42.08341762123079,40.676112103837525,40.286595822677505,28.648890739124273,41.58125175776457,43.78287265653834,0.15883524463546878
2388,42.18742750612129,42.031287790175774,40.930495496396205,40.61746309327266,33.1235163244625,41.646765316096825,43.77577995247598,0.1588352446354688
2389,42.16704769808161,42.01345929592475,40.69415868215908,39.85849932448046,31.309050288839547,41.463417133222165,43.7554001444363,0.15883524463546891
2390,42.17150951184848,41.98120639586413,40.18665264717165,40.13900498994617,15.215187786286648,41.387789590795244,43.754803676966624,0.15832941651181498
2391,42.18185494491853,42.02232673714134,40.87639826649379,40.393888568843565,30.85996315764922,41.426350289412305,43.76870896046049,0.15868540155419641
2392,42.17223066591344,42.05998398692364,40.60360874481717,40.01103200681557,25.051623999055394,41.45016500572251,43.759084681455406,0.15868540155419636
2393,42.17590091832504,42.009236438132,40.56004279661586,39.884077140407676,23.743288046880807,41.3978928808078,43.76275493386701,0.15868540155419636
2394,42.19475998754646,42.0304416868762,40.53313876879187,40.082988427993115,24.117035613777205,41.45343479729618,43.78161400308842,0.15868540155419628
2395,42.1842137475484,41.98565851114621,40.113428800385165,39.61680852036778,-15.403554198574618,41.44302586497146,43.793899655498564,0.1609685907950165
2396,42.16790737599703,42.05756662117591,40.45614424368449,40.13526605824114,26.63019783611278,41.55952612352862,43.7775932839472,0.16096859079501655
2397,42.15602461838758,42.02362330491328,39.8419230830939,39.96329771031785,-3.928174281387257,41.280033102914764,43.76571052633775,0.1609685907950165
2398,42.150493872637746,42.00429709346336,40.736667907004474,40.43243833037387,27.173488008382314,41.61043369152624,43.76017978058791,0.16096859079501655
2399,42.164965003701006,42.0368406622047,40.418633202849925,39.983777549062275,23.39752314017062,41.33209182956013,43.75752218416019,0.15925571804591812
2400,42.16986907462735,42.01192046483494,40.71865662119764,40.1372036787153,32.24414761632135,41.64936311202392,43.76242625508653,0.15925571804591832
2401,42.1733208534813,41.942789530399565,40.60402192396676,40.075741302714896,20.954617869841183,41.322533011443056,43.76587803394048,0.15925571804591812
2402,42.157356517466205,42.05727375409073,40.2369122277394,39.36870632553941,12.599752161109684,41.5632920629384,43.749913697925386,0.1592557180459184
2403,42.17405864011285,42.017412001755154,40.508046857125635,39.93127089134986,27.871319802310087,41.40119973339544,43.76661582057203,0.15925571804591832
2404,42.16619370860638,42.08845186413263,40.64698563117719,40.652875245462404,24.136699032994294,41.76951032766324,43.77210001739516,0.16059063087887807
2405,42.19373689942905,41.9389142940139,40.302554169171984,39.714819268972164,22.37322314341714,41.27654402132718,43.76802043161615,0.15742835321870993
2406,42.198034368282805,41.95511762660347,40.500655189210875,39.65155754688066,29.83039487860699,41.228533092667035,43.7723179004699,0.1574283532187099
2407,42.18501751691077,42.088313267327486,40.751220644736016,40.64087132716543,30.491255374453118,41.81136155564937,43.759301049097864,0.15742835321870977
2408,42.21252076357118,42.08520176414008,40.648250468696254,40.22440033519141,4.974652423059332,41.51190433266118,43.78680429575827,0.15742835321870982
2409,42.19779736119861,41.978400786788434,40.95666812579729,40.3974386872363,32.57434980509461,41.45298154360407,43.772080893385706,0.15742835321870988
2410,42.1972091214455,42.0170361891979,40.39494577498734,39.658347444272636,26.961787883040714,41.571724808234315,43.7714926536326,0.15742835321870982
2411,42.20080275177025,42.05919108743097,40.48143653396258,40.118870284450075,4.973125574207813,41.582947610965164,43.77508628395735,0.15742835321871
2412,42.182208932102796,42.09195963690072,40.86218708041591,40.43339765755073,32.962883263424295,41.592504480773364,43.7564924642899,0.1574283532187101
2413,42.21979393987583,42.00984723617447,40.75836060012657,40.46756295598083,30.18776477595142,41.57195616585861,43.79407747206293,0.1574283532187099
2414,42.20106374860988,41.98656525685052,40.541418385318394,40.55841933998042,26.645723011875734,41.463039114196164,43.775347280796986,0.1574283532187099
2415,42.21431297822456,42.07198472816441,40.4552863896249,40.20426442536833,2.2753787803569523,41.60745848695704,43.77165663020827,0.1557343651983708
2416,42.22355998446001,42.11267818462144,41.03124091053773,40.84952015445886,27.787020481336274,41.82423100781939,43.78090363644372,0.15573436519837083
2417,42.241315546886575,42.05795059929427,40.479514416674895,40.109789671036424,30.50216654625,41.54458556289097,43.799554250863125,0.15582387039765522
2418,42.21656293655108,42.123940152954354,40.405757697197444,39.58533152222802,30.830415320863125,41.148103039201324,43.774801640527635,0.15582387039765533
2419,42.216967449459446,42.10173038664524,40.2143892967019,39.81552500454789,22.696695772472303,41.589792538385666,43.775206153436,0.15582387039765536
2420,42.21136049555016,41.99111626648879,40.58904293436423,40.12137728756355,27.152595861120204,41.53532119236495,43.769599199526716,0.1558238703976553
2421,42.21380632672216,42.12364939711246,40.28509197746398,40.22439569459817,8.192043951335691,41.583490365321495,43.77204503069871,0.15582387039765536
2422,42.204258769552936,42.051362271057975,40.50821866844119,39.67053758388455,27.213282823175884,41.461968665081315,43.76249747352949,0.15582387039765547
2423,42.19686827105865,41.994760460114485,40.73730286921388,40.044349081679385,31.740629336296234,41.52648441955196,43.755106975035204,0.1558238703976553
2424,42.20690603184595,42.09292223716272,40.35556684100889,40.04792635696866,27.85771035594739,41.61601268277909,43.76514473582251,0.15582387039765538
2425,42.210281943882634,42.00396277852958,40.20392963470047,39.97897264234216,8.989646430821708,41.31540630679911,43.768520647859184,0.15582387039765516
2426,42.226057038623026,41.98912494969494,40.59124121577899,40.14624522143583,29.694217869055127,41.50348207723362,43.78429574259958,0.15582387039765538
2427,42.20735555148271,42.085543964783064,40.212137662410285,39.98505043899525,14.689148153788302,41.4464884215011,43.76559425545927,0.1558238703976553
2428,42.23554109497588,42.06851209481109,40.46567635066833,39.97509709578362,15.747106085368188,41.59576493461772,43.79377979895243,0.15582387039765525
2429,42.22620738370481,42.09149967915581,40.73030308180576,40.51934110276179,29.594982682129174,41.52211676025932,43.78434137482656,0.15581339911217465
2430,42.207014250190035,42.0943158705494,40.51598509005622,40.03518800915458,21.71742390942889,41.411805808204775,43.765148241311785,0.1558133991121748
2431,42.20381387830389,42.11748153930796,40.42133214084772,40.015930034689745,22.952922868136717,41.52675198240647,43.76194786942564,0.1558133991121748
2432,42.21029858155171,42.07968548255589,40.60291614756781,40.59316273882037,25.989341784392757,41.5776847734103,43.774568716993144,0.15642701354414296
2433,42.19792961091043,41.851709412920194,40.52687284275149,39.98468482377436,28.065635169291692,41.12250404239957,43.76219974635186,0.1564270135441431
2434,42.2189914864083,42.141756361734224,40.47774928424147,40.69164695461958,27.21170362124327,41.69592415511026,43.783261621849725,0.1564270135441429
2435,42.23230205876089,42.06595798935759,41.030892190142026,40.41947135995679,34.776642413495914,41.651704020372506,43.79657219420232,0.15642701354414307
2436,42.20465033972733,42.05735593817997,40.3445387912177,39.10415799824897,30.611767068000127,41.44727041630246,43.76892047516876,0.156427013544143
2437,42.197398486608044,42.087525269241645,40.79376562013459,40.32948879164009,32.439709898234824,41.461748511909846,43.76166862204948,0.15642701354414296
2438,42.21324262727529,42.02831904329942,40.35558262087393,39.67775502883266,31.77380484792458,41.506764474309506,43.777512762716725,0.15642701354414293
2439,42.18552831617935,42.09117337141663,40.60373489676568,39.83244734919689,29.303427679562553,41.55104538498537,43.749798451620784,0.15642701354414307
2440,42.18842799200094,42.11973541525262,40.30906494841257,40.629707878302156,5.146595087266455,41.62232191846446,43.75269812744237,0.1564270135441432
2441,42.21319661757514,42.014094088760125,40.92871958313416,40.6995631924472,35.51488651669602,41.4783806066189,43.777466753016576,0.15642701354414315
2442,42.207407996452865,42.03655962684085,40.22354337851299,39.62342869976925,23.22723310449578,41.195918840042644,43.7716781318943,0.15642701354414298
2443,42.24139819746033,41.942061338100515,40.53850205757085,39.759629314210784,29.74631482394597,41.31446397072092,43.80566833290176,0.15642701354414296
2444,42.21255248342946,42.02590753425151,40.459031761180256,40.09547381066643,23.774182696401112,41.5468052739654,43.776822618870895,0.15642701354414296
2445,42.216789179754855,42.12004244739334,40.75377817042658,40.497789114538946,27.68399823713432,41.58148383689992,43.78105931519628,0.15642701354414293
2446,42.186245347109256,42.057416561954184,40.668366258259155,40.08825008965578,30.642996685521048,41.48356424978888,43.75051548255069,0.15642701354414296
2447,42.217212857218534,42.06104626315694,40.40688951959471,39.64807912679581,30.356941359777604,41.6075277167005,43.78148299265997,0.156427013544143
2448,42.201597481193936,42.1052708165866,40.52485612432041,40.03786201912563,20.3557677387109,41.499049183363965,43.76586761663537,0.15642701354414312
2449,42.20463027804491,42.021759270877006,39.91937681224244,39.504074787073336,-3.3537615910950365,41.423535095294326,43.76890041348634,0.1564270135441431
2450,42.19023872314846,42.04833753543003,39.997222118170406,39.332742859100094,-1.8283545754876087,41.37846058789992,43.75246241395317,0.15622236908047052
2451,42.20643182197656,42.07404514089822,40.67121817972998,40.11580604390557,31.927406460626898,41.40922273598975,43.768655512781265,0.15622236908047057
2452,42.24316119361068,42.04725311622184,40.4104736044376,39.502811740283306,31.38199779408344,41.40930236535667,43.80538488441539,0.15622236908047057
2453,42.21860062493895,42.08982446111413,40.71294076713209,40.30644846821897,26.41434453260636,41.72427666167182,43.78082431574366,0.1562223690804706
2454,42.22211420795105,42.051968538298794,40.3898233351578,39.64370312033592,22.558455901982168,41.54356849689527,43.78433789875576,0.15622236908047057
2455,42.20904321151355,42.01114977423377,40.636636008245276,40.20701599844105,28.404909512768704,41.49158525318411,43.77126690231826,0.15622236908047046
2456,42.21264969841664,42.01003836794852,40.66218021193277,40.31346078463514,30.133331079305457,41.48211584314317,43.77487338922135,0.15622236908047044
2457,42.23040417119421,42.12001383075039,40.443621012708654,40.03637710599146,26.39893167694133,41.38761564884081,43.792627861998916,0.1562223690804707
2458,42.19942817032667,41.95424483278514,40.68383817994034,40.4416184465424,13.167039518956813,41.423251555706734,43.76165186113138,0.15622236908047057
2459,42.19727788762315,42.106668833252755,40.69009804779727,40.48326682421256,26.978834096363094,41.59901701656994,43.75950157842786,0.15622236908047057
2460,42.19950724582202,42.10227780308937,40.92437756015594,40.62000514907564,32.27389139155059,41.73048500629618,43.761730936626726,0.1562223690804706
2461,42.22728535254155,42.0299736302037,40.69215833231724,40.134150015197406,30.883613677012292,41.59833510164131,43.78950904334626,0.15622236908047069
2462,42.20678191142269,42.079294158411635,40.54367325256993,39.88653023649662,6.666066783082719,41.53524558847968,43.769005602227395,0.1562223690804705
2463,42.19005485390616,41.99305452166848,40.54458312939066,40.20597309939421,24.546089031501317,41.41674753773425,43.75227854471087,0.1562223690804707
2464,42.21302469645306,41.981785189084164,40.43145487327348,39.82321914173724,29.311250574415297,41.561391585324756,43.77524838725777,0.1562223690804705
2465,42.212622279361256,42.02142018848569,40.5413976309019,40.41599314184525,16.484410867031663,41.592223073338545,43.77484597016596,0.15622236908047038
2466,42.22834344661491,42.043612899148194,40.3877389937204,39.833506823573764,17.940840143562653,41.60013595397671,43.790567137419615,0.15622236908047046
2467,42.245972697387664,42.071529483920514,40.74948163922095,40.49340655298548,28.692417760590764,41.62117954107518,43.80819638819237,0.15622236908047057
2468,42.21177883427574,42.0440612860169,40.7047968294978,40.34930204812042,26.456066196446876,41.63307825840571,43.77400252508045,0.15622236908047052
2469,42.23674394005018,42.11294209502248,40.415881338745294,40.681464440966906,22.651724085453573,41.54233096495421,43.79896763085489,0.15622236908047055
2470,42.235004593163886,42.12662043664748,40.75863566033009,40.00796312607677,31.175024940580105,41.332995554891625,43.802847624435636,0.1567843031271752
2471,42.20043230888553,42.04992393647488,40.53259949367328,39.65147911098884,26.55591828815164,41.279044419274285,43.76827534015729,0.15678430312717534
2472,42.20334556116679,42.101052821388336,40.884896502967685,40.184961434314474,33.376314997785755,41.62147548489043,43.77118859243854,0.1567843031271752
2473,42.20114227157326,42.090815166944616,40.37454466141832,40.7648564645076,12.657372358297902,41.60807365485775,43.76898530284502,0.15678430312717542
2474,42.20935175815896,42.068864134801515,41.00351958536625,40.44141168253377,31.352485175674083,41.642026463847884,43.777194789430716,0.15678430312717542
2475,42.179354064355266,42.05489578475435,40.78185263516444,40.02990746242301,34.59916906496714,41.6624554016796,43.747197095627016,0.1567843031271753
2476,42.19484312166898,42.10157914885836,40.64755207859957,39.93311624049279,24.680798184506596,41.737282060989415,43.76268615294073,0.15678430312717517
2477,42.17488050277509,41.99706151813882,40.35477044706139,39.742657213869,29.231345278137617,41.41385002685519,43.77159208194519,0.15967115791700992
2478,42.20211063028546,42.02944747871213,40.317057740077814,39.97728759268862,-15.339245614522468,41.39012857203174,43.80901095374329,0.16069003234578272
2479,42.1519296181719,41.95688899647993,40.494630973055074,39.59138980411337,30.626109686736925,41.42771590936046,43.75882994162973,0.1606900323457828
2480,42.16135455586744,42.058124217859614,40.78046367491571,40.26386795918888,26.85903572178247,41.55233253065238,43.76825487932527,0.16069003234578264
2481,42.157397484609916,41.95773088630676,40.72494439711402,40.20776189346026,31.543932139906815,41.382228904285284,43.76429780806774,0.16069003234578255
2482,42.15843787601429,42.031270108564854,40.630638806931444,40.35604275127064,29.658785014530274,41.31856660543868,43.75267249587554,0.15942346198612456
2483,42.16568646782394,42.01639492393933,40.67330262501814,40.27102492137707,30.31805153497602,41.62307828847557,43.75853021942009,0.15928437515961477
2484,42.181425611569054,42.06072665878744,40.32184062157429,39.6130001342223,25.898310649484035,41.2456932896545,43.7742693631652,0.1592843751596149
2485,42.18219709219863,42.04012244321731,40.7937411667207,40.256142145705226,27.438414761866927,41.63199768345962,43.77504084379478,0.1592843751596148
2486,42.16630289107152,42.030352304066184,40.63350781664496,39.980467443754165,29.97834455210317,41.45803702725884,43.759146642667666,0.15928437515961483
2487,42.17274148212102,42.05619791020214,40.68897600464304,40.470614429613725,31.46516220385602,41.61791056521152,43.76558523371717,0.15928437515961485
2488,42.173464669892226,42.07934458242887,40.821062429641714,40.376087379643664,30.522902659296122,41.68466787101272,43.766308421488375,0.1592843751596149
2489,42.216110743071255,42.0378234906957,40.181783881585154,40.2590870345874,-15.933616125881024,41.39789688056733,43.808954494667404,0.15928437515961494
2490,42.18740949802449,42.05706214209925,40.82268575000365,40.14852599109555,34.60110087895754,41.39544084074103,43.78025324962064,0.15928437515961472
2491,42.17562581437508,42.081101647704706,40.57103289425959,40.61980689946427,20.77725961733912,41.758407326255316,43.76837390995896,0.15927480955838821
2492,42.153548408065234,42.02054808150656,40.74057337020045,40.49863039511396,29.280086126382194,41.565260978824355,43.74629650364912,0.15927480955838846
2493,42.175773304674706,42.01565575459031,40.652836793830616,40.287704127960126,28.454976709923017,41.590462443598916,43.768691224623836,0.15929179199491278
2494,42.16681860745085,41.97265945576121,40.023496790214,39.16647037957083,20.38129497244116,41.044402588499466,43.75973652739998,0.15929179199491286
2495,42.175307570482744,41.986123087154326,40.43213753731787,39.812578875482096,32.39358912375624,41.36637230163427,43.740868509018206,0.15655609385354619
2496,42.2148432378531,42.0624324865091,40.86421256182731,40.417793178940954,30.63256119956919,41.67265284868684,43.780404176388565,0.15655609385354607
2497,42.21260483139841,42.04587360637407,40.26133275861682,39.66564384412373,16.456996903999357,41.4383548138778,43.77816576993387,0.15655609385354616
2498,42.20534364184809,42.042466506494996,40.34745186084571,39.868748680708634,29.532013407252023,41.47401460883596,43.7707347560183,0.15653911141702134
2499,42.193151650269705,42.020844621116986,39.90675641731496,38.988942835000145,5.013242344645626,41.45391797371549,43.75854276443992,0.15653911141702148
2500,42.205959240008504,42.0004348546115,40.493873603388316,40.1190609083221,20.34243903970571,41.43016576397125,43.771350354178715,0.1565391114170214
2501,42.19147494929875,42.05165443168004,40.67730624954431,40.104024150310465,25.68051468460107,41.46209909871087,43.75899652256748,0.1567521573268725
2502,42.20991123618149,42.098806455473735,41.04114925910598,40.985315458369605,29.236647598845984,41.638192146438996,43.77743280945021,0.1567521573268724
2503,42.21993971747827,41.9864764728323,40.64060871404671,40.01760028525103,32.51999525060005,41.366605717531584,43.787461290747,0.1567521573268727
2504,42.220384293025496,42.051342968912884,40.49397590988632,40.3298742257203,-11.358671327353662,41.63088476313608,43.787905866294224,0.15675215732687264
2505,42.20956064508794,42.08077347500413,40.15459401102834,40.22055655563332,20.028733921996476,41.55510596267168,43.77708221835667,0.15675215732687264
2506,42.215614716878385,42.05062838742204,40.48381988222815,39.76896671708433,21.317101775754306,41.49549067592395,43.78313629014711,0.15675215732687245
2507,42.19884983934194,42.08904156982989,40.86993062541474,40.58919473196681,32.18053036411614,41.62017655267147,43.7995988571683,0.1600749017826361
2508,42.17408493770619,42.02678285382724,40.65041267305283,40.19377840489567,27.786758462010482,41.50040172162677,43.77483395553255,0.16007490178263598
2509,42.1650536800434,41.965399142561765,40.382170719252265,40.237533761056284,-10.207231718539994,41.441350615382476,43.76148278200809,0.15964291019646887
2510,42.19007331428058,42.0448150492641,40.583035877187015,39.953078347670896,30.153423433684566,41.68172017444294,43.78650241624527,0.15964291019646856
2511,42.16302263345309,42.00858600614192,40.23593086065436,39.38366381171505,26.909874927013462,41.400269626891586,43.75383239495073,0.15908097614976394
2512,42.177530039144294,41.97954461142037,40.63174395074966,40.03882620765556,27.668980431263858,41.44952155046947,43.76833980064193,0.1590809761497639
2513,42.17764864147872,42.04016898135426,41.025047389640456,40.4177504859738,32.42823888474504,41.60075001853337,43.76845840297636,0.159080976149764
2514,42.17978000533149,42.07548106384087,40.66814342964864,40.26279582094468,32.18974187106541,41.41957194958525,43.770589766829126,0.15908097614976396
2515,42.18090409669443,42.008787682928556,40.66717171158928,39.875468053815226,32.457284843317304,41.45334106626382,43.771713858192065,0.15908097614976396
2516,42.17211116349678,42.00015514610502,40.65325428184371,40.30585353807168,28.726389859119365,41.401109598050326,43.77206740260518,0.15999562391084032
2517,42.171256314344134,42.078890096212064,40.49380648727966,40.09915466690997,15.576634770945102,41.529558145229814,43.771212553452536,0.15999562391084032
2518,42.20743696176631,42.07377207491472,40.550054293431124,40.14365252378107,27.803589895838908,41.640876402317346,43.775770424273034,0.15683334625067197
2519,42.194612595118386,42.106251733332535,40.74088725426077,40.12971469400945,26.508806656936873,41.605164280611945,43.7623638744738,0.15677512793554138
2520,42.178857905326645,42.09482533376786,40.38245901871326,40.2275142473461,12.627390612696864,41.76564407178613,43.74660918468206,0.1567751279355415
2521,42.19257596280058,41.933547212317876,40.25410697455998,39.7401609273672,17.846890026458897,41.404508100182134,43.77115298639704,0.1578577023596458
2522,42.18386415002171,42.047324155429344,40.71628163051764,40.692723803898225,27.441361277821088,41.62755976785807,43.78120871059818,0.15973445605764633
2523,42.1803257301908,41.97350210483392,40.51877458591504,40.26224159589603,16.443590015251367,41.235577711910004,43.77767029076727,0.1597344560576463
2524,42.17189616989227,42.01731443262895,40.19526136839504,40.14207677576175,14.14749244252269,41.44006135927803,43.76924073046874,0.15973445605764633
2525,42.17362542366262,41.999575957141175,40.17267960433579,39.16157562069801,27.850138462721237,41.239026178611724,43.77096998423909,0.15973445605764633
2526,42.173669505749295,42.04019302948791,40.96241673967039,40.41443828354477,32.802712716814185,41.642373907656435,43.77101406632576,0.1597344560576465
2527,42.1773064502823,41.99661421563813,40.58957427282369,40.07205433814198,31.093679771670438,41.335560146156396,43.76446226657104,0.15871558162887348
2528,42.18773204790856,42.0312676270145,40.71688803949614,40.291373713078606,34.15478493999112,41.47437773974998,43.7748878641973,0.15871558162887353
2529,42.18775396351887,41.99710521165198,40.61321305863169,39.94864868079745,31.147056223538605,41.561980635171324,43.77490977980761,0.1587155816288734
2530,42.1623335172024,42.01383233834702,40.353414030922345,40.13916554278509,20.547869818704118,41.4410952671911,43.749489333491134,0.15871558162887328
2531,42.209662612665035,41.98047289824524,40.36678790252861,40.17152343276102,29.75540650063158,41.41145205359901,43.79681842895377,0.15871558162887361
2532,42.1839538441625,41.98922677254593,40.09854126593119,39.79187922377262,14.23444551854736,41.38613985112748,43.765350346505166,0.15813965023426615
2533,42.19395198977376,41.99271539909477,40.36796772233167,40.02133447447886,26.91037120541086,41.29541017687041,43.77534849211642,0.15813965023426613
2534,42.195689870997434,42.069484332870346,40.42941626899087,39.89688772402137,23.636828959021578,41.4663317616225,43.7770863733401,0.15813965023426607
2535,42.17765677899401,42.01286131460525,40.58109374133033,39.94615979084654,27.661195317710934,41.68978784900697,43.75905328133667,0.15813965023426593
2536,42.190296139674324,42.044825415671994,40.68678817985076,40.33826688997527,30.32494802491659,41.442549845693584,43.77169264201699,0.15813965023426604
2537,42.20107206841651,42.095203555573256,40.553158843893165,40.287823731158426,14.264796608890833,41.56011124618168,43.74713044186651,0.15460583734500055
2538,42.212472165508295,42.03655667431457,40.57903984418619,40.34532751027024,24.28191426442285,41.622367864015445,43.758530538958304,0.15460583734500072
2539,42.235269555717174,42.125817936818386,40.56951369752066,40.15770777645653,27.842812168867354,41.60038153039071,43.78132792916718,0.1546058373450007
2540,42.21368720079463,42.06063893784756,40.434806987995984,39.99500672037872,24.23657019116855,41.48972006338529,43.75974557424463,0.15460583734500052
2541,42.216060901173144,42.11918123055701,40.61298880723653,40.21842957638321,26.150614088039713,41.541055706601774,43.777504914765984,0.1561444013592841
2542,42.237641800665344,42.120805479506124,40.822458157746134,40.806504284586936,22.808959597381204,41.74794137700521,43.799085814258184,0.15614440135928404
2543,42.20997813273664,42.04060764766149,40.91432371839197,40.626338219409746,32.384715761937876,41.39629038874905,43.77142214632948,0.15614440135928404
2544,42.2382502500573,42.090093293247556,40.36907738248801,40.46060591505735,-11.20030788820705,41.68688776950374,43.79969426365014,0.1561444013592838
2545,42.203756044443075,42.059421022074766,40.39707253599216,40.29578398852984,20.286105045758365,41.477038853561176,43.765200058035916,0.15614440135928406
2546,42.19811941875002,42.09045177465741,40.668974620143324,40.68448802362718,17.815221516974667,41.71472853215409,43.75956343234286,0.1561444013592842
2547,42.222692955681694,42.047880945647314,40.68165361298409,40.08248396577026,32.51155087513379,41.44899352328741,43.784136969274535,0.1561444013592838
2548,42.212825491011934,42.122792216863715,40.21525426651723,39.03824516371413,27.526651078405948,41.42039958232535,43.774269504604774,0.15614440135928404
2549,42.2062112869792,42.101349533984916,40.413755182800905,39.50132964687021,27.269839821420415,41.51790772551068,43.76765530057204,0.15614440135928404
2550,42.19887243483334,42.07377580980858,40.67509409211801,40.6282975118054,8.251364104629012,41.699583694291576,43.758967485543586,0.15600950507102482
2551,42.2188946039008,42.03856713709887,40.30576225041281,40.0728526054756,-3.315898607536994,41.50691088020855,43.76486840194285,0.15459737980420457
2552,42.23611634720806,41.9896158411577,40.668692565166005,40.1450633512045,27.48241114733365,41.50378299931761,43.7820901452501,0.15459737980420443
2553,42.21331206576449,42.08946649443598,40.4558228893276,39.704259578005605,25.842193396785223,41.50364983834886,43.764491118605406,0.15511790528409175
2554,42.24806449625018,42.077473228489026,40.607602463390485,39.78700057243244,26.786704689451582,41.5112199785187,43.799243549091095,0.15511790528409172
2555,42.2142003731861,42.08417248140309,40.686174293518484,40.05144361029202,17.92470520821713,41.650909937925526,43.76537942602702,0.15511790528409156
2556,42.21500776893177,42.087653275654965,40.51452217613483,40.41416761649614,24.02052761323196,41.641295467682234,43.766186821772685,0.15511790528409164
2557,42.199158004180426,42.11062524429016,40.8433149399923,40.387987186706155,28.489317585330546,41.61376944805275,43.75033705702134,0.15511790528409156
2558,42.21773348104562,42.12236106687975,40.47071962052969,40.128911532974584,26.065707712967498,41.66818128974066,43.768912533886535,0.15511790528409156
2559,42.20519754337335,41.94294267112896,40.43462547065078,39.49033479210352,31.147327209334144,41.2455030295708,43.75637659621427,0.15511790528409172
2560,42.21559399401737,42.039554875232284,40.65074012850223,39.90004162477465,30.044076597060048,41.51079731174127,43.76603173661698,0.15504377425996138
2561,42.21714391831176,42.041963251120684,40.25798603488188,40.27620115533791,15.907895401434107,41.46804481172719,43.75255083415778,0.15354069158460143
2562,42.23983157247571,42.152197085098486,40.25869776624829,39.34592999467074,25.475405338209036,41.51454975672007,43.77523848832172,0.15354069158460143
2563,42.291359903694314,42.07490138183149,40.135485694774715,39.84846176740808,-15.254596755259094,41.502101803448596,43.834068930092556,0.1542709026398243
2564,42.35333258565192,42.12368126116083,40.49849415451915,39.89281509244549,28.972469568727586,41.518793761369025,43.89604161205016,0.15427090263982415
2565,42.3132087755844,42.09238546900833,40.473277044295976,39.67687458054667,27.081890823660107,41.51640021216022,43.85591780198264,0.1542709026398243
2566,42.3444915261943,42.20352101192991,40.209034410771515,39.224111069579806,20.363152616547964,41.379949684696314,43.88720055259254,0.15427090263982438
2567,42.3377062142056,42.154087556427974,40.40519464895157,39.904716177933864,14.324232227869658,41.39819287917158,43.880415240603845,0.15427090263982424
2568,42.33474890234194,42.238214315436,41.15482913167044,40.73713416655006,30.204492155555286,41.91224265499966,43.877457928740185,0.15427090263982424
2569,42.31258573708721,42.10317976714429,40.905738826902,40.538757284037416,30.336649207690158,41.713101752199805,43.85529476348545,0.15427090263982438
2570,42.3255916650189,42.246749568311394,40.760557661459266,39.93499767014783,22.910601635135016,41.900632120946256,43.86830069141714,0.15427090263982418
2571,42.347478320231325,42.13127299911693,40.840587313349474,40.33781576721587,30.791917754535596,41.6318052839883,43.89018734662957,0.15427090263982424
2572,42.32178756548763,42.22932500388065,40.66899764810705,40.05865942362479,31.441471034640713,41.55794124274975,43.864496591885874,0.15427090263982435
2573,42.340528804963135,42.23294649117947,40.54046270732031,40.26636476762965,27.977241680004482,41.665539715347066,43.864700740247194,0.1524171935284059
2574,42.33166722209657,42.08170487963778,40.597075997515496,40.28149840358442,27.63938201523727,41.478539694440585,43.85583915738063,0.15241719352840596
2575,42.33357329855362,42.229114492813636,40.23734106358451,39.86021788882939,26.372911212473987,41.58449525020238,43.857745233837676,0.15241719352840596
2576,42.361579161200154,42.22771499508262,40.85469906085761,40.48844336101202,31.563633475930878,41.80257595294921,43.89877222745763,0.15371930662574723
2577,42.34933637222405,42.13759935640811,40.297075994896176,39.42714698898774,28.020613432330965,41.11168448297434,43.886529438481524,0.15371930662574712
2578,42.34215353101598,42.17191247972856,40.89444990580142,41.009993788870744,24.409494523936587,41.76894232442601,43.869462041649676,0.1527308510633695
2579,42.33310099119357,42.157429779755105,40.52854802901432,39.76231841051858,21.482283125224164,41.629760189810916,43.86040950182726,0.15273085106336945
2580,42.33603218373005,42.15964250702869,40.594230211107295,40.19122282501104,25.25972309710782,41.51952923383034,43.86334069436374,0.15273085106336945
2581,42.33324797947238,42.2504859481222,40.95147411625795,40.62655821984405,30.826021509726136,41.709971359527074,43.86055649010608,0.15273085106336942
2582,42.33808466706506,42.238701228074,40.3239106052672,38.94016484213985,28.158293751045168,41.32462305100348,43.86029496697499,0.15222102999099313
2583,42.35043471501127,42.234808208865,40.80163279957417,40.78551597475088,15.916336594711751,41.815307215649355,43.8726450149212,0.15222102999099288
2584,42.32565139695806,42.26230814078171,40.85179967088948,40.41911524072313,25.775866135312935,41.847589251591884,43.84786169686799,0.15222102999099293
2585,42.32735450597728,42.24692285583974,40.90565205225101,40.119350262498116,33.32047216697203,41.68644018011484,43.86078499043023,0.15334304844529476
2586,42.32122464958909,42.19626282343648,41.092369926078696,40.61920456492624,32.324910558261344,41.868821896952056,43.85465513404204,0.15334304844529495
2587,42.35176516184164,42.145886960855535,40.79463341874263,40.22013890593054,32.67788347647272,41.515855235305864,43.88519564629459,0.15334304844529487
2588,42.35781533898223,42.2332638425443,40.62212181060887,39.95697352228514,29.889801764015147,41.74880173571567,43.89124582343518,0.15334304844529484
2589,42.339309901566985,42.24077218096927,40.968010167876386,40.521062434746526,30.67838206513573,41.8340991679667,43.872740386019935,0.1533430484452949
2590,42.327159308089485,42.22512289165492,40.77696977488159,39.79990365335168,30.572682109261812,41.71276150186984,43.860589792542434,0.15334304844529492
2591,42.36066926379716,42.19299314687824,40.632402651284735,40.13182269470297,30.17157857897231,41.607137835821824,43.88861461492426,0.15279453511270968
2592,42.345437286574196,42.2341931778904,40.963747665680884,40.239039986030924,34.00134521773502,41.778081793681125,43.87338263770129,0.15279453511270977
2593,42.3636502413124,42.21203755026601,40.876491802663104,40.302761946608854,27.205697281832286,41.82596159091968,43.891595592439494,0.15279453511270955
2594,42.37936115408314,42.20821547819025,40.54968965232013,39.85035710817389,29.787020418035564,41.79432235325831,43.90730650521024,0.15279453511270952
2595,42.36352849375937,42.22713934292696,41.11445617695824,40.92514204698563,28.751460352767516,41.784138290807846,43.89482666861843,0.15312981748590618
2596,42.3785858322863,42.23633838364789,40.62894304274792,40.21999898320171,24.880480029748124,41.59199760780862,43.90988400714536,0.1531298174859061
2597,42.35432631452459,42.199241075733134,40.609395113871265,40.81999821787555,8.657625014890861,41.70985058571007,43.88562448938365,0.153129817485906
2598,42.34815126813299,42.21982860968372,40.12509116982153,40.005050211137124,-15.297230725577414,41.56593461080309,43.87944944299205,0.15312981748590623
2599,42.35994459272294,42.11007958099054,40.47129477462537,39.6482369023332,29.883181635990244,41.42872254354786,43.89124276758201,0.15312981748590637
2600,42.36288956703422,42.210148771918895,40.96289234798408,40.60857158327623,31.67440199655162,41.68689959397576,43.89418774189328,0.15312981748590612
2601,42.36976042742481,42.159957963223285,40.80269465392166,40.11716431321164,31.471494977331496,41.61659935206308,43.90105860228387,0.15312981748590607
2602,42.37416329615213,42.25758022908789,40.89050127045453,40.68997961025651,24.564214157296203,41.80038942343873,43.896220264231935,0.1522056968079799
2603,42.34913637708494,42.1210098001133,40.77008891924686,40.607386856382746,28.768630569547977,41.76281413270024,43.87119334516474,0.15220569680797993
2604,42.358301623319704,42.24454213796947,40.29271956168138,40.12446359555835,7.700315559383952,41.57079528227065,43.8803585913995,0.15220569680797985
2605,42.379999190300865,42.23106892125093,40.75113374418858,40.51950342202399,16.4692774116192,41.77547522139909,43.90205615838066,0.15220569680797982
2606,42.37442914239116,42.211640408222756,40.71834416016413,39.99717794514599,24.815002623408475,41.7772359511023,43.89648611047095,0.15220569680797974
2607,42.358902651216376,42.22564968886105,40.83102457464252,40.69440036643421,24.86771639840464,41.61398520191741,43.88095961929617,0.1522056968079797
2608,42.36470311614431,42.20044496792336,40.94741755892211,40.683294941484824,32.39294940914836,41.74509442391427,43.886949391123,0.15222462749786855
2609,42.364761387727434,42.23817163113736,40.784742389440005,40.64743377719543,22.858450049248155,41.630156047281126,43.88700766270612,0.15222462749786836
2610,42.3551855560542,42.17780188610547,40.35986519857846,39.6311375736274,24.537857374487462,41.438258993391585,43.87743183103289,0.15222462749786844
2611,42.358253246562576,42.16943386920781,40.823343447192904,40.50079426736701,21.831350565321273,41.832594179763035,43.88049952154126,0.15222462749786836
2612,42.361644219416306,42.260143948048544,40.895642194478064,40.60211203493851,23.7080372846708,41.88205377229122,43.88389049439499,0.1522246274978683
2613,42.36779784786068,42.1841970310511,40.297705114610906,39.83146113167326,3.6300016677508467,41.53395909527764,43.89004412283936,0.15222462749786833
2614,42.3769580679552,42.19095904115737,41.062728197287925,40.531953097458526,32.51187605906273,41.70305598311603,43.899204342933885,0.1522246274978683
2615,42.35892923438938,42.24976230229955,40.89143615751603,40.764110721503116,25.74403969599037,41.746972727363286,43.88117550936806,0.15222462749786836
2616,42.38166576799988,42.261035498565974,40.94731891867424,40.506295388183105,30.498743305524496,41.88113704764931,43.88405208516682,0.1502386317166941
2617,42.38475297989589,42.25191789889615,40.84632009705007,40.1579013791757,30.244632056162537,41.721150629122505,43.88713929706283,0.15023863171669408
2618,42.37505583851527,42.26562239348189,40.64190730815466,39.97170277017919,24.51838157179698,41.62357143828993,43.87744215568221,0.15023863171669402
2619,42.375078363084,42.22501243901317,40.253893089991934,39.036705889773124,28.006636188121036,41.6054548058941,43.877464680250945,0.15023863171669422
2620,42.39384385023258,42.23885884814746,40.69635052341158,40.481168493566095,11.655526749929038,41.663123948057915,43.896230167399516,0.150238631716694
2621,42.375990882466674,42.22417986304993,40.63554458413291,39.88650487583423,28.45681841329361,41.639327509789496,43.87062635642254,0.14946354739558648
2622,42.401399822322496,42.17121645766418,39.888650492833435,40.04673294893615,-20.260938788449103,41.6882121369013,43.89603529627836,0.1494635473955865
2623,42.42599401449379,42.30153156755871,40.601032659989144,39.89001730218403,27.58047208108075,41.797166735633795,43.920629488449656,0.14946354739558643
2624,42.38634113035263,42.292346370821015,40.62786007419981,39.89412832903102,24.406986084675548,41.83010859210485,43.8809766043085,0.1494635473955865
2625,42.40465305906316,42.19628379633856,40.54941091390561,39.64413405006404,26.104427465142248,41.66738236739633,43.899288533019025,0.14946354739558648
2626,42.395857715327864,42.2874477721823,40.664851204757916,40.31966149685322,24.540329111405658,41.71943989836295,43.89049318928373,0.14946354739558643
2627,42.37699347996806,42.158732007511986,40.24752210179623,39.78423706874295,-10.947918632820262,41.52893385980025,43.871628953923924,0.14946354739558645
2628,42.41265499776074,42.259499297428334,40.934135020265764,40.75906029031593,24.89576637974435,41.77990777974072,43.911697499380935,0.14990425016201936
2629,42.39742738022773,42.31296490927467,40.93895913278875,40.50510191079505,27.889277243402862,42.03535765911495,43.89646988184793,0.14990425016201936
2630,42.384071207737804,42.3038424464329,40.85637842371164,40.79911629525611,16.998291694417233,41.771725705329594,43.883113709358,0.14990425016201953
2631,42.397735571722784,42.030851435656324,40.637103031201995,40.05534042087576,32.18813154328237,41.44529791001082,43.89591389633806,0.14981783246152774
2632,42.40417784695965,42.2276867356247,40.7653528895477,40.283281554971396,28.36549652642357,41.866591678270574,43.9025172610626,0.14983394141029505
2633,42.41271861684383,42.306766054271925,40.571899296010905,40.03410323217203,30.92350172929168,41.534545016914585,43.91793145281613,0.1505212835972296
2634,42.40627295001613,42.31554060451929,41.10781165246513,40.920508198174716,25.792464584588938,41.9809551026527,43.911485785988425,0.15052128359722977
2635,42.422347258435,42.31262038080822,40.543489359907504,39.96377558931972,5.884262348039805,41.564355159304924,43.9275600944073,0.1505212835972297
2636,42.39440731048598,42.24644149225947,41.12855724665899,40.71673395279861,33.52545747122858,41.890574384681656,43.899620146458275,0.15052128359722972
2637,42.391050967242386,42.2916600388215,41.10814827133078,40.537908844132005,23.243904083935732,41.99051052875923,43.89626380321468,0.15052128359722963
2638,42.41208563351006,42.175768804894616,40.62590055309509,39.87450427514253,30.263199883558308,41.56404979284055,43.917298469482354,0.15052128359722963
2639,42.39363676093511,42.275437321507326,40.88292772007643,40.15696321218037,31.130231550611306,41.794076110386264,43.898849596907404,0.15052128359722963
2640,42.41299985335725,42.271979886760214,40.836095417988,40.670240224867484,31.769279660785052,41.7635997053166,43.91821268932954,0.1505212835972297
2641,42.396971376929066,42.283071304605805,40.37749299426008,40.398941897855714,7.3984167483913765,41.73621125256953,43.90218421290136,0.1505212835972297
2642,42.39992058893766,42.24083193285818,40.21169709687893,40.04839861266811,15.266864745797179,41.59555908456979,43.905133424909955,0.1505212835972297
2643,42.37809953559291,42.223287776101785,40.70812924124405,40.62272377779381,27.628346224410144,41.61597461293497,43.883312371565204,0.15052128359722972
2644,42.399854367597655,42.249719514161995,40.56372791362462,39.823559818586546,15.511122181824252,41.58505320402801,43.90506720356995,0.15052128359722972
2645,42.40690529294636,42.27597272891089,40.98754683998433,40.73339970044607,29.75677408172386,41.88935183500463,43.91211812891866,0.15052128359722966
2646,42.412437328156585,42.25625671281426,40.517597679085945,40.254689021257406,2.220141748497177,41.80773550974976,43.91765016412888,0.15052128359722966
2647,42.402879553443796,42.271663787145044,40.39584344719754,39.950352515256526,12.769178884286916,41.51615650662512,43.90809238941609,0.15052128359722963
2648,42.40644308401984,42.310796607311396,40.884313116447494,40.830535802997176,25.001682115123703,41.83229617996497,43.911655919992135,0.15052128359722952
2649,42.3935033725006,42.182746807516445,40.43413218559596,39.58200867308676,27.906432752060738,41.444165095859134,43.8987162084729,0.1505212835972298
2650,42.40958988923371,42.191325123266694,40.78659581905084,40.31003881166204,27.53551052358441,41.536035246690346,43.914802725206,0.15052128359722966
2651,42.40914210996792,42.20731211836945,40.757279503077086,40.26448774508766,21.881286707796544,41.57675597300089,43.91435494594021,0.1505212835972297
2652,42.42176078373933,42.263065282978076,40.656017669796256,40.095168813642076,25.864816468284122,41.685326395924264,43.926973619711625,0.15052128359722972
2653,42.40323827651883,42.32365576231699,41.16418000427875,40.92351120302708,16.14057274224901,41.93965309126577,43.90845111249112,0.1505212835972297
2654,42.39011607054741,42.286869933846255,40.61276737233675,39.92526597068223,26.28342089724994,41.662985709040356,43.8953289065197,0.15052128359722972
2655,42.39394933967341,42.21019155234653,40.79552545533198,40.339484141514085,17.41665281878666,41.62462706060164,43.899162175645706,0.1505212835972297
2656,42.40600952440363,42.29494497025952,40.6214946792081,40.05809483402888,24.505001512589274,41.77384592416085,43.91122236037592,0.15052128359722974
2657,42.415925359869746,42.177711208681025,40.53634967680986,40.08056289033105,26.06813639512219,41.60817943017642,43.92113819584204,0.15052128359722966
2658,42.385094802157944,42.18899617262218,40.87521012111657,40.207446712060865,30.93419376153206,41.463050836651284,43.89030763813024,0.1505212835972296
2659,42.40941786517203,42.225433988243616,40.8163054047534,40.58522944016876,30.09453738119528,41.6601147816901,43.914630701144326,0.15052128359722947
2660,42.40605541405325,42.30983645538603,40.96617115684959,40.65485214522933,29.640030299168558,41.793093692896406,43.91126825002554,0.15052128359722958
2661,42.408042207239184,42.25373829712477,40.589755876211264,40.319373809533126,2.0883548919206376,41.85736908407515,43.917264651438174,0.15092224441989924
2662,42.393253935766275,42.29979699652363,41.100106374985856,40.731217972880074,31.292710235181556,41.85685642371351,43.902476379965265,0.15092224441989924
2663,42.42107361808276,42.31502750037315,40.4887522348396,40.25594745143063,15.360056537807854,41.855942521448554,43.93029606228175,0.15092224441989927
2664,42.39918858411321,42.23667404892235,40.649659905116714,40.30735133445231,26.611984171475775,41.58812385071007,43.9084110283122,0.15092224441989918
2665,42.38123086623035,42.187943486816884,41.016070947153885,40.76068295014795,27.14534520818564,41.72783502185726,43.88960810586663,0.1508377239636283
2666,42.393838787949825,42.202262757314664,40.029973332059484,39.783039295108,0.8046278843238213,41.68126080245621,43.902216027586114,0.1508377239636286
2667,42.3882277367482,42.262389841059864,40.63361416590265,40.304538528501844,7.686665877560529,41.774520824028016,43.89660497638448,0.15083772396362852
2668,42.41887428198051,42.32545271910484,41.00344002993791,40.4941253692528,25.91126685358913,41.740878131413055,43.92725152161679,0.15083772396362838
2669,42.40929504868704,42.275150583285956,40.55442189226196,40.6185503404894,17.872230676028266,41.713526379638694,43.917672288323324,0.15083772396362838
2670,42.396729312250315,42.25720177879973,40.652681268594144,40.14050150571693,2.232460766607609,41.680891377826484,43.905106551886604,0.15083772396362854
2671,42.39757798064955,42.284869136386554,40.93150045065637,40.76934094426036,30.050667866078967,41.70208627866732,43.90595522028583,0.15083772396362843
2672,42.3970404983417,42.14006982057614,40.28071987625138,39.435598139334765,16.47535151716637,41.102666206900196,43.905417737977984,0.15083772396362838
2673,42.37193128520344,42.157860807588335,40.331706027151604,39.52890804963539,21.667441756363893,41.64762928271624,43.88030852483973,0.15083772396362857
2674,42.4094288825503,42.23522698717368,40.27149695090012,39.5329471934255,21.48014414582476,41.49203152616174,43.91780612218658,0.1508377239636285
2675,42.3905476364638,42.30278174599195,40.79398566875933,40.37882022225106,26.701555024722357,41.895783854895086,43.89892487610008,0.1508377239636285
2676,42.40015596196302,42.24356996664731,40.25178780444066,39.98972428564722,14.351007593707266,41.303058800330206,43.90853320159931,0.1508377239636286
2677,42.39080189763115,42.27551785896532,41.108421214611894,40.62943323609301,32.74616323773089,41.9130683286062,43.89917913726743,0.1508377239636285
2678,42.39744314706685,42.289573260387336,40.884633717642494,40.26210393671453,20.530168206232126,41.764901704704485,43.905820386703134,0.15083772396362846
2679,42.38490195387936,42.29320644514776,40.90142860658923,40.29617127805082,28.90871255944827,41.565158646441866,43.89327919351564,0.15083772396362838
2680,42.40920589996199,42.28489544813883,41.158712280002625,40.747622982076614,34.84715377803508,41.92852071074626,43.91758313959827,0.1508377239636285
2681,42.41199420714961,42.262226112340976,40.894231597730524,40.53999135569848,32.76196577149986,41.90738973377296,43.92037144678589,0.15083772396362852
2682,42.4188266430381,42.2456498516136,40.55777813491104,40.33485473701505,21.792962114893623,41.58030621528194,43.92720388267439,0.15083772396362854
2683,42.39546454442001,42.29543425470789,40.832145120749665,40.15239300189868,31.502526999183807,41.86043417201782,43.90562006346633,0.15101555190463245
2684,42.41427972485858,42.28204661018146,40.57177494439527,40.57098246848203,7.723164526205657,41.858888629988535,43.911582088763026,0.1497302363904446
2685,42.38351729909432,42.2287278707201,40.353253039262704,40.02623860292456,29.66710869209118,41.38966269007459,43.88081966299877,0.14973023639044467
2686,42.42683710807647,42.29985286150788,40.97053195896645,40.36692275257743,26.842923230401205,41.810901795790315,43.924139471980915,0.14973023639044453
2687,42.39550763437371,42.28091155965774,40.75236348332013,40.305435965937086,24.240229208917167,41.78309579943431,43.89280999827815,0.14973023639044433
2688,42.39657503979037,42.18530553028291,40.77359165957639,40.0287565875305,32.743928866259246,41.67901749386862,43.88055288932206,0.14839778495316913
2689,42.43072736645989,42.3178303169066,41.038041374355565,40.82683754696228,32.917188931622356,42.05812745289313,43.91470521599158,0.14839778495316905
2690,42.415047474302845,42.26403632841911,41.05483007089768,40.64177634756917,29.27359971061028,41.713788120732225,43.899025323834536,0.14839778495316913
2691,42.4302582016092,42.26104078785895,40.600612335192864,39.9569735381706,26.200690153628784,41.68262771652739,43.91423605114089,0.14839778495316924
2692,42.40597051838077,42.216563107967495,40.61074942333692,39.92488168119405,31.41975591268317,41.5112702811945,43.88994836791246,0.1483977849531692
2693,42.42412209972226,42.271687307662845,40.685369108186975,40.05852162773247,24.607402394280296,41.51988323084609,43.90809994925395,0.14839778495316924
2694,42.4243571205938,42.29765422608887,40.96654527563728,40.72535958283744,2.2566163083062705,41.8580928716822,43.90833497012549,0.14839778495316916
2695,42.44612291499965,42.202621250888186,40.690651092664446,40.35442677535281,29.416459728171574,41.578968431148866,43.93010076453134,0.1483977849531692
2696,42.42443572081649,42.241630747820075,40.62857851060024,39.984360437570615,26.18673743788176,41.363055973023776,43.90841357034818,0.14839778495316916
2697,42.42455549994683,42.24299891557546,40.39643049457375,39.5398779542327,15.61275423669009,41.51765406404495,43.90853334947852,0.14839778495316924
2698,42.41212938017754,42.26865411624828,40.607922178074254,40.3287355663458,24.99741530910648,41.73719080306569,43.89610722970923,0.1483977849531692
2699,42.427230917044966,42.22766206529019,40.901444249075084,40.0435773068525,27.576387960503588,41.65873485422574,43.91120876657666,0.1483977849531691
2700,42.414680503717115,42.29337957585943,41.04828467123902,40.669850364227614,32.821742116710155,41.6534820028683,43.898658353248805,0.14839778495316905
2701,42.442081031971696,42.211511882854296,40.49947039710198,40.125118738255935,5.105728211029259,41.59430400569224,43.965775470726136,0.1523694438754442
2702,42.43921937824874,42.33375453722655,40.35770281325899,40.007906772273614,5.111306674590047,41.803527059163855,43.962913817003184,0.15236944387544432
2703,42.43584352027162,42.36418342282934,41.124797751924625,40.78519432943073,31.541924916544254,42.052790266059844,43.959537959026065,0.15236944387544435
2704,42.44490826084547,42.3336427712922,40.676059960973674,39.867165470267445,26.543914985089867,41.62783828491612,43.96860269959991,0.15236944387544424
2705,42.435386948184174,42.25837581343076,40.51628193159259,39.74760217621596,28.08299948473622,41.61339794721144,43.959081386938614,0.15236944387544432
2706,42.44188171974482,42.276248067955194,40.803576824728594,40.10207275941043,29.74914320093631,41.54655231918292,43.96557615849927,0.15236944387544446
2707,42.43610877779988,42.32295933142514,40.78681538108289,39.94038424648526,29.871930024118612,41.70602562550201,43.95980321655433,0.15236944387544438
2708,42.43585505495878,42.31883202811427,40.798486919193444,40.13221110271382,29.021547441497216,41.80273724236904,43.959549493713226,0.15236944387544432
2709,42.43911390977825,42.18359694110118,40.87972041176452,40.6003828645302,11.856212941025198,41.65996728807201,43.96280834853269,0.1523694438754443
2710,42.45165281593994,42.287579048740795,40.70292504945134,39.90967123299128,27.948938488218012,41.578951878474,43.97534725469438,0.1523694438754443
2711,42.43959567134553,42.33974123288009,40.75013572315261,40.02459878574376,32.85163217043015,41.857138376261815,43.96329011009997,0.1523694438754443
2712,42.47037407382734,42.220874822154535,40.30668192262746,39.84131258338787,6.5750061525717385,41.590169773255965,43.994068512581784,0.15236944387544443
2713,42.416873351335006,42.23672593141505,40.8420156320947,40.28561022980432,28.222834592867997,41.65226998221914,43.94056779008945,0.15236944387544443
2714,42.441463728200404,42.25443647540267,40.52276904934359,39.602834894001184,27.160449001357556,41.52343831618707,43.96515816695485,0.15236944387544446
2715,42.46101404869095,42.292843924567705,40.676530978759644,40.09625827989757,30.051787618804866,41.519928065650504,43.984708487445396,0.15236944387544435
2716,42.42336848131137,42.2671530627686,40.52805321831531,39.93544606072039,24.228252878886728,41.83056888315103,43.94706292006581,0.15236944387544432
2717,42.427198143475195,42.34111358685127,40.81880554924127,40.9112797192693,24.458633544876047,41.83342767004456,43.95089258222964,0.15236944387544432
2718,42.44659031485668,42.25951451080041,40.62592517401374,40.06015816263273,23.46507286660228,41.59193256040795,44.000462090442056,0.15538717755853818
2719,42.41237024911849,42.24203648929242,40.731406794554076,39.9958932862441,31.39461415249024,41.723185331627135,43.966242024703874,0.1553871775585382
2720,42.41030177023175,42.190334907298684,40.581115969764184,40.03803047326634,31.793345636107933,41.61052976091556,43.95979035976507,0.15494885895333257
2721,42.425537539243855,42.304890502710805,40.407466462317366,39.891004849233695,17.864877858960543,41.67440624282979,43.97502612877718,0.15494885895333266
2722,42.40742344647611,42.22753525885741,40.53673654285486,40.10078307009505,27.927277936393935,41.7232366885561,43.956912036009435,0.15494885895333263
2723,42.419937348944536,42.29809770876992,41.092265832893766,40.8530421707693,26.88594975801262,41.95789395974907,43.96942593847786,0.15494885895333266
2724,42.422204901126,42.274530125117394,40.57830691275424,40.134106333586836,21.569920234776138,41.730944489519196,43.97169349065933,0.15494885895333255
2725,42.42296107272827,42.242111753608015,41.111518980181245,40.86953078036984,31.332175331442077,41.67757551310898,43.972449662261596,0.15494885895333257
2726,42.42968039796728,42.269339584287046,40.815619113426884,40.140273376184744,23.772293516705723,41.63312962917018,43.97916898750061,0.15494885895333269
2727,42.419716359676755,42.23177982608486,40.333272840178935,39.61469322091979,21.46796119265909,41.52662042431453,43.96920494921008,0.15494885895333277
2728,42.419391754480635,42.31017373475517,40.83979046149062,40.58894859654775,14.96691752564531,41.77370823317051,43.95969701804913,0.1540305263568491
2729,42.43579098553106,42.34491081387314,40.90391288011846,40.454293679251,31.863295422085145,41.90734559701988,43.96566021870168,0.1529869233170623
2730,42.45174487963687,42.30073618689896,40.88250712286834,40.30187465827463,29.360175300726993,41.83693344519547,43.98161411280749,0.1529869233170624
2731,42.43311433505611,42.253353066736466,40.66096563424555,40.1712514710965,21.876394549885166,41.73468033966388,43.942864957592306,0.15097506225361967
2732,42.43649800095426,42.30692807294642,40.57157470692034,40.00988346464131,4.757035231310425,41.8461311960421,43.946248623490455,0.1509750622536197
2733,42.45027252300106,42.22454300843164,40.476870269893915,40.355759874818155,20.973278681855792,41.5839314979732,43.96149312754504,0.1511220604543978
2734,42.45352766488567,42.266180261571755,40.7646985606627,40.17789032604293,25.856502351164213,41.699960318764546,43.96474826942965,0.15112206045439797
2735,42.45960022981446,42.299812432333376,40.45353555809419,39.75471648013445,15.483791849498552,41.53383766169229,43.97082083435844,0.1511220604543979
2736,42.450654175460734,42.30486171102671,40.77546236356488,40.27245805388451,28.95858659864905,41.765107369167545,43.96187478000471,0.15112206045439774
2737,42.46002544252636,42.34510127029032,40.866249244593625,40.80355470411145,17.134693602906864,41.92218136102733,43.97124604707034,0.15112206045439777
2738,42.446980320886944,42.354637412626644,41.08363652136637,41.046748389388576,29.507172621344942,42.02614911472145,43.95820092543092,0.15112206045439783
2739,42.45314268167277,42.26069918374297,40.631119633731046,40.160310805819535,14.227336947497392,41.698182924826966,43.96436328621675,0.1511220604543979
2740,42.44736059308388,42.29911614936546,40.6030439745196,40.139976871480435,10.875028571014873,41.88012433602244,43.95858119762786,0.15112206045439786
2741,42.44739491032516,42.32321364377387,40.66153687628264,40.21733158633289,27.60542944154993,41.55502795824481,43.95861551486914,0.15112206045439788
2742,42.441023163154206,42.355396320123965,40.950245770005544,40.362414830805825,29.4677034321316,41.84468977602029,43.95156299833949,0.1510539835185286
2743,42.44812483345539,42.32616217021337,40.587812912677535,40.06457850169245,22.971383800120112,41.391208307172946,43.95866466864067,0.1510539835185284
2744,42.44168430584325,42.34873744207496,40.55742933957192,40.42959681406614,26.27545312365839,41.65815779059215,43.95222414102854,0.15105398351852836
2745,42.44492057812888,42.33022653506878,40.809747991646,40.45932341255859,22.149340845638406,41.73477304339083,43.955460413314164,0.15105398351852872
2746,42.459991436082724,42.26847572689819,40.63303824567423,40.30014287121395,23.9689389624464,41.593346808882615,43.97053127126801,0.15105398351852845
2747,42.447973236239,42.2944856432287,41.05877892160582,40.58382107021191,34.1869943420016,41.44589452504483,43.958513071424285,0.15105398351852853
2748,42.47339923787389,42.35482206717802,41.042858091803325,40.31579205135956,31.593722954160153,41.989318924912446,43.93734284570265,0.1463943607828761
2749,42.506861674325,42.3160556852167,40.71631052235339,40.62720840306881,6.878132458915147,41.723632262954524,43.97035859856161,0.14634969242366097
2750,42.49223576295073,42.28670132158903,40.699216310149716,39.94887404002439,24.99732241029908,41.56367694420952,43.955732687187336,0.146349692423661
2751,42.497881491302536,42.36211916283973,41.015192107456315,40.649461340907344,29.940437884295534,41.94331266547054,43.961378415539144,0.14634969242366103
2752,42.49196949055885,42.29367926089487,41.14470820641512,40.59103317033986,34.02880359229602,41.70135981689917,43.95546641479546,0.1463496924236608
2753,42.50751779002467,42.33243182378286,40.65873618184753,39.93129110915622,23.171321467717817,41.74869903326677,43.97101471426128,0.1463496924236609
2754,42.482225933109795,42.419098121819054,40.70466337545309,40.78877687654806,-0.9508694795740453,41.83439575978927,43.9589115891413,0.14766856560315042
2755,42.478562114444905,42.30132147208625,40.54566248778909,40.24426168988992,18.937722632044142,41.7165503327805,43.95524777047641,0.1476685656031505
2756,42.49745789771382,42.300430363435275,40.916292706267804,40.20714843452829,16.33073288047681,42.02373598221831,43.97414355374533,0.14766856560315061
2757,42.49717346174837,42.37194102423373,40.966901375819106,40.44587784263038,31.362713340800767,41.93521164880633,43.973859117779874,0.14766856560315056
2758,42.47604412415124,42.34775017997177,40.82913622503841,40.26967898302112,27.80309659897752,41.715295461519815,43.95272978018274,0.14766856560315067
2759,42.4696929607625,42.34991005780864,40.23628975830048,40.58672821420602,-15.376573736388181,41.97749864244975,43.94637861679401,0.14766856560315045
2760,42.4766441422833,42.27356081007162,41.01950207178073,40.825479919178726,30.44337370146793,41.749427394955745,43.949413765145735,0.14727696228624385
2761,42.473006239059,42.29977946327798,40.64576200418644,39.923387682086286,26.244370983270272,41.71904122197167,43.94577586192144,0.14727696228624398
2762,42.48292788100016,42.34521797558121,40.95905702291794,40.97706689601337,10.665324281054893,41.811828318640195,43.955697503862595,0.14727696228624396
2763,42.488720166454264,42.28940917833339,40.799837737611746,40.55518330217517,8.427208866113112,41.758369444951306,43.9614897893167,0.1472769622862439
2764,42.470176341254714,42.330774532123854,40.0268900867461,39.33474112159458,5.131410136753374,41.6150287162114,43.94294596411715,0.14727696228624387
2765,42.478049761279195,42.33112286342661,41.00950199234892,40.56851874390726,29.315628631436653,41.67973639254884,43.96153457719401,0.14834848159148156
2766,42.47445587356646,42.19093332523357,40.37325274237614,40.235130574417155,19.99518765258356,41.78754260787508,43.95212730213519,0.1477671428568729
2767,42.47495272000308,42.330990708899606,41.08627798508454,40.81199724743761,29.058547937356057,41.93813770026976,43.952624148571815,0.14776714285687306
2768,42.480647261297314,42.384597336783585,40.809529977208214,39.97111852130288,29.851339525769642,41.9156102529989,43.95831868986605,0.147767142856873
2769,42.47755969756527,42.31082430411473,40.578590025873396,40.0991322534944,17.701628858908347,41.70375119540081,43.955231126134,0.14776714285687312
2770,42.477678022307614,42.238005263044236,40.193068628556794,39.734760811051146,26.169918577156565,41.67774413850643,43.95534945087634,0.1477671428568729
2771,42.48994300434767,42.3784904359258,41.01260219906371,40.77322943271473,19.097472278717714,42.02869172987829,43.967614432916406,0.14776714285687306
2772,42.49590387554435,42.38137309423223,40.805094812470166,40.39199434792057,26.26236391230274,41.948787727162966,43.97357530411308,0.14776714285687315
2773,42.47757429938946,42.284489609178216,40.91225494462411,40.72784445158048,30.858082398286264,41.74919117088403,43.955245727958186,0.1477671428568729
2774,42.49432855295932,42.379486635585934,40.77499484769279,40.01249733907052,30.542749942239517,41.62509525774997,43.99775874759804,0.15034301946387255
2775,42.49793301809643,42.346277973023525,40.886451823347265,40.018466186626526,23.160615131767834,41.76859150569355,44.00136321273516,0.15034301946387252
2776,42.503969077850385,42.39631562094787,40.74935332516613,39.81893795624124,26.686618849097137,41.684209042208735,44.00739927248911,0.15034301946387246
2777,42.50979826486728,42.19238054230749,40.11535077865731,39.869983776087366,-15.467457158463766,41.19856499612075,44.013228459506,0.1503430194638725
2778,42.48812054130674,42.368716266730736,40.75655635335621,40.14366629228977,29.37180338487765,41.78745589723495,43.99155073594547,0.15034301946387243
2779,42.49487561369092,42.41084926043513,40.38052791771021,40.621141591748255,-16.382231724462883,41.87038158226623,43.99830580832965,0.1503430194638723
2780,42.51010884191329,42.22445305232288,40.56173549255091,40.14901430034062,22.04052228600857,41.48700214605758,44.01353903655202,0.15034301946387232
2781,42.488597652806654,42.29151769843621,41.053038741303446,40.732593042820994,32.342680658517835,41.82806919233906,43.99202784744538,0.1503430194638724
2782,42.52537661511935,42.36836469852576,41.003411218231875,40.58114899338636,31.402157362891305,41.82145948149145,44.02880680975807,0.15034301946387246
2783,42.48049264876515,42.27995360401708,40.92223466251607,40.38332207956147,31.49927464664085,41.63982883050018,43.98890539374776,0.1508412744982605
2784,42.49309235266894,42.332926019258636,40.56673731995013,39.85314060215959,29.268932899825778,41.519844273572986,44.001505097651545,0.1508412744982606
2785,42.49303729002212,42.405825003974854,40.965205884255624,40.65101084212053,31.09555222329661,41.99560238186745,44.00145003500473,0.1508412744982606
2786,42.49598371500711,42.29102609534104,40.93999308926768,40.67632759436803,7.787250778772226,41.84600223959137,44.004396459989714,0.15084127449826062
2787,42.515122854572425,42.411267866571116,40.824643548560246,40.79190666853302,-3.3108991353323773,41.98021477794934,44.04850537696949,0.15333825223970599
2788,42.5273930129343,42.38407942370905,40.810532055650675,40.35019760611004,21.939999103908168,41.91429292977224,44.05841794934216,0.1531024936407862
2789,42.518624002626396,42.34670162303997,41.059672215357025,40.57302275294903,28.096244532794785,41.826377009658444,44.049648939034256,0.15310249364078637
2790,42.518340049040724,42.38804315113558,40.82199672835346,40.47135799556439,22.777151102420227,41.93797494883842,44.049364985448584,0.15310249364078635
