generation,fittest,upper_quartile,mean,lower_quartile,least_fit,median,coverage,collisions
0,-633.745393530284,-1145.2964033403348,-1495.8187312820824,-1778.7891592562512,-3861.46175471624,-1434.6509891129367,24.47528198782246,65.82206755181065
1,-584.5453913536087,-629.5265073952901,-633.8814323182107,-638.7976773491391,-684.1683432057513,-633.7130225972164,21.7316422189747,60.62770335725834
2,-550.6787371914156,-582.450909560494,-586.8612323777356,-589.3616785630641,-642.5700526971536,-584.616433419259,19.993663319182,57.06724005105976
3,-519.5919279403494,-546.639225069703,-550.8473530176323,-552.5279334562572,-618.597283944664,-550.2194608886191,19.98804935705097,53.95799772974003
4,-492.5231678971752,-515.3731106098796,-519.8270285143545,-523.2046648702433,-585.5698896873598,-519.5378606110103,20.002487862423436,51.25256557595986
5,-465.96410706552797,-489.12460151780647,-493.8126112489298,-496.88882152990834,-559.5204331536218,-492.52926417853155,20.03034168896329,48.59944487544912
6,-432.5184505571665,-463.3290102520591,-466.4897501530653,-468.5316095895686,-510.49152024287275,-465.8792324394443,20.049670557165644,45.25681211143321
7,-405.35531484419766,-430.6047257720977,-433.79335376959386,-435.8085120336946,-486.2397717338486,-432.5789775344621,20.053377150364234,42.54086919945619
8,-384.4790177745495,-402.8860993454498,-405.9556566229691,-408.7098995166804,-442.8152561625599,-405.3897912973451,18.88433193752173,40.33633497120712
9,-357.7354897616983,-381.93351856370964,-385.14456147403575,-387.33006756516903,-424.0546953742804,-384.49968486478554,17.010063886466092,37.47455536481644
10,-339.508561432493,-356.25620818824274,-358.38891353235067,-359.59482653678845,-397.0745197701468,-357.7460538920635,17.007470000538536,35.651603143303156
11,-324.64181570763714,-338.28591249055063,-341.71247013048855,-342.52302679356035,-376.9079037205582,-339.59630258222717,17.00118371224017,34.16429994198773
12,-305.37616618250246,-323.5996698900069,-325.84077855911295,-327.24017200645017,-360.6503880789175,-324.7525589481003,16.732773135168895,32.21089393176713
13,-287.21727425828226,-304.7571592735802,-306.4408796140356,-308.2745626721953,-335.3857451889454,-305.5941978866233,16.2740562399466,30.34913304982289
14,-277.40444561705,-286.2143585473524,-289.01391545851993,-290.9591545690574,-324.8286074960606,-287.6607051342519,16.255292408376107,29.36597380254261
15,-269.49509966312064,-276.4014442095556,-279.19065900082114,-280.477511688515,-319.59759361271534,-277.6939252627834,16.27434037155643,28.576944003467705
16,-253.51628034119182,-268.6603683330296,-271.2133398147506,-271.4263964875532,-308.2898592484062,-269.51891604139036,16.281781970265577,26.97980623114574
17,-244.89008438559523,-252.80258525185428,-255.22800412064277,-255.87704971034898,-286.3746461009107,-253.5766642313183,16.24389931653281,26.113398370212806
18,-236.13990497592914,-244.19684343277493,-246.6145490557189,-248.47146791995658,-279.2791413998891,-245.25008601740302,16.356955674632452,25.24968606505616
19,-223.03037998810336,-235.47952588082046,-237.73784914036648,-238.53055478226554,-262.59572877209024,-236.3252647790422,16.4168723709381,23.944725235904148
20,-209.3328460435522,-222.49661612274852,-225.55486893589915,-226.79877158344937,-254.37808792832448,-223.30495894562603,16.386654663145258,22.571950070669747
21,-195.89626272632742,-209.05857024423082,-211.17239646613478,-211.67431944533737,-243.03989725026892,-209.80834243187178,16.417885161819182,21.23141478881466
22,-190.4741144143221,-195.22313451059253,-197.84762317178652,-198.55272418800504,-227.3697904296616,-196.04999067039552,16.426919148320433,20.690103356264252
23,-182.11846695587587,-189.97428496147393,-191.98792816119223,-192.49062652931954,-217.83821857062074,-190.72188325106163,16.440864281658705,19.85593312375346
24,-174.81295908425682,-181.72013662143854,-183.90445035978257,-185.29255923094613,-208.08406635830934,-182.32388408897074,16.4469887342366,19.125994781849343
25,-167.82770286421217,-173.92400874782678,-175.7134201525261,-176.3037103877814,-189.68063248168338,-174.97213150338905,15.367975676983225,18.31956785411954
26,-161.9970335335542,-167.6282042777604,-169.42480468731776,-170.3632597071833,-189.6341454500359,-168.0619832848028,15.08454676227512,17.708158029582933
27,-154.4594287400036,-161.6587583894862,-163.3210286878726,-164.02106877446616,-182.12227458313666,-162.1632461391556,15.07203979240814,16.953146853241172
28,-148.9583527124356,-153.9888291626696,-155.09706791925274,-155.81162512007214,-169.9645871170576,-154.59037523878055,14.214581031737243,16.317293374417286
29,-143.35134668442106,-148.66640116423616,-149.64477667577967,-150.19612741396594,-165.279394499138,-149.00451822317882,13.286013410492068,15.663736009491313
30,-135.34159763620139,-142.88319926196266,-144.46813096590546,-145.00347783733469,-161.72921345433886,-143.3872064916339,12.898151380621846,14.823974901682321
31,-129.7514314784092,-135.1925641676949,-136.52471397916267,-137.01950229844041,-149.97561895444719,-135.50765786606095,12.89206823943311,14.26434997178423
32,-123.43627452003308,-129.2272946519642,-130.31963652372752,-131.33847409217915,-139.26703219243473,-129.8129601788075,11.914255956534063,13.535053047656714
33,-117.68722078014878,-122.71757997489519,-124.48587501167613,-124.62345700318289,-139.82503267535589,-123.43311579353767,10.923654213874212,12.861087499402299
34,-112.6864427335746,-117.42109702840287,-118.77600721563323,-119.52054268883319,-136.81656975136602,-117.81674011233616,10.926986932449262,12.361342966602386
35,-106.20510745148404,-112.31220288546882,-113.43340348353003,-113.83964816988174,-126.17758898217814,-112.70797293472594,9.7600515095569,11.596515896104094
36,-102.77183990816198,-106.0963383662058,-107.11294353069852,-107.46757249420082,-118.17704707065936,-106.34901637393588,10.158848169754275,11.293068807791625
37,-100.17906157050145,-102.61150054850451,-103.76696717470358,-104.03243224775036,-116.25709229161586,-102.95412689011518,10.155731726305003,11.033479329680645
38,-94.80803954903097,-100.08770051948345,-101.11638009067818,-101.41605585637309,-110.93433333321173,-100.2959106324605,9.27215108077113,10.408019062980209
39,-89.58638981470145,-94.48366585841671,-95.40920408578887,-95.7976280934576,-107.98634451455415,-94.87262545148711,9.225464220049549,9.881185403475099
40,-85.89820907431665,-89.40198233644921,-90.5714730672681,-90.90076234746164,-103.32421662547442,-89.69823169309663,8.433925775410048,9.43321348497267
41,-83.82734650093812,-85.68742141545867,-86.83193040681714,-87.2811549010873,-97.49841773129958,-85.98658809177986,7.792637081975332,9.161998358291346
42,-80.1574044998319,-83.6817963457032,-84.54216318309585,-85.0422465159947,-94.0153648583119,-83.95380950474805,7.5326829108399895,8.76900874106719
43,-77.16360073843425,-79.95130221043462,-80.79040477526824,-81.31472159116146,-88.0725525350738,-80.30366226715091,7.542675289469644,8.47062760279039
44,-74.41230444024906,-77.09278860581159,-77.87147220697818,-78.36834609380655,-84.17300287054687,-77.28666082514366,7.533344376995803,8.194564881724485
45,-72.37335922039134,-74.28287732051659,-75.12120088017595,-75.88583408560729,-81.38444315365797,-74.49067772164344,6.843801982897553,7.921716120328888
46,-69.9571819467404,-72.13167333708599,-73.08164865074912,-73.60869117691067,-83.48598067627874,-72.51470839602158,6.359126526098497,7.63163084728389
47,-67.63780352366076,-69.79934755903805,-70.85558138140297,-71.33000449879171,-79.4326054077613,-70.10777364322902,6.391593519707052,7.402939704336783
48,-65.14574650424089,-67.5299682770615,-68.34652160328787,-68.94931034739896,-76.61651668374648,-67.70283896281674,6.3790581764095595,7.152480468065045
49,-62.77561154331076,-65.01248973945106,-65.81721829215091,-66.26468842778026,-74.78098032988395,-65.19578865874647,6.39181739182091,6.916742893513167
50,-60.82406146311325,-62.70326545387017,-63.60194792132669,-63.981158627742474,-70.61269197288975,-62.93325781493206,6.401019088459261,6.7225080551572525
51,-59.20633389618929,-60.74553359583458,-61.441197229705146,-61.47865632340864,-68.8011917588397,-60.89863301504626,6.358098357326811,6.55644322535161
52,-57.16305776949542,-59.17163333935703,-59.93318556388035,-60.35806108323559,-64.91780811758721,-59.321232022520036,6.249133063327271,6.341219083282269
53,-55.0655770638139,-57.128317383592766,-58.04346594292418,-58.32027036956041,-67.72700093610193,-57.32593795022706,6.258543667404642,6.132412073121854
54,-52.55692981897575,-55.00342761069487,-55.695014130209245,-55.864999182956836,-61.903812901626566,-55.174959520679124,6.327650536134966,5.888458035511072
55,-50.844782936140824,-52.54860553025716,-53.163597715039764,-53.36331811028058,-60.40596319294394,-52.66067574958959,6.044714547438728,5.688949748357955
56,-49.16644876858514,-50.828444208772446,-51.57578321402359,-51.72004064574686,-63.72379380342007,-50.965449785023736,6.050974350476991,5.5217423119062135
57,-47.18306018877479,-49.15144938641501,-49.708769965974376,-49.73748974555787,-54.49018421330235,-49.28336751198774,6.078143461564293,5.326120365033908
58,-45.38360913573137,-47.15465439433916,-47.95569025825186,-48.4274074395308,-52.344527858649144,-47.36470931948333,5.886785103951822,5.127039423968319
59,-44.26896507807904,-45.340451908211705,-46.01225139375478,-46.33054978753033,-50.60121754489093,-45.49118154937676,5.918343368151192,5.018730844623024
60,-43.31202166295621,-44.22795876455466,-44.805533676095884,-44.9755324130067,-49.28503875312091,-44.32443120698238,5.930878711448684,4.92429003744049
61,-42.15439652863417,-43.21201445915799,-43.96521409525259,-44.46048008860405,-48.71567591073267,-43.455793633323076,5.9392211065510505,4.809361763518522
62,-40.7853384284205,-42.05227913639589,-42.93195348231548,-43.35533092323828,-49.54053326960245,-42.30868329424231,5.962159220966808,4.674749764938731
63,-39.26823915328386,-40.729880409304016,-41.38888922849143,-41.539588408806765,-49.243804154883165,-40.855680745036096,5.972609131819252,4.524084828510311
64,-37.96169689889446,-39.197747126045314,-39.98872738347049,-40.17303707820388,-44.374984885765635,-39.353620413766265,5.652562168283667,4.3614259067178125
65,-36.461089741169225,-37.95798885228817,-38.638685926885266,-38.88278244478516,-43.78389221910113,-38.09182217949403,5.652562168283679,4.2113651909452905
66,-35.17085291095124,-36.410619844366266,-36.944764042534025,-37.09128141713509,-42.83987818845131,-36.55590641608144,5.361595412505207,4.053244832345645
67,-34.0411171684831,-35.15473803260673,-35.68653155724974,-35.90630930077339,-40.88116608781608,-35.25648397771994,4.959466101080741,3.900058326956384
68,-32.72595025989642,-33.981294046080976,-34.521881913494475,-34.73752333623118,-38.78899973143557,-34.15860183090352,5.097280934990891,3.7823231194887317
69,-31.245946386292534,-32.63051199127099,-33.2198579568509,-33.44934213073799,-38.862705773431166,-32.793241203776034,5.097460138745528,3.6343406525038064
70,-30.165447401697854,-31.233262820384073,-31.873261283796904,-32.156454372486344,-37.126752992076945,-31.35865435131303,5.085150845664577,3.525059824736243
71,-28.87073676502909,-30.123831147731426,-30.682194737262748,-30.9539631858197,-36.10574335360234,-30.257078093268603,4.839382509884897,3.3710119274913986
72,-28.07878137719399,-28.85817728086173,-29.367095708036953,-29.634420552153678,-34.87988776552004,-28.97101927504005,4.84279121847519,3.292157259566918
73,-26.838529189993835,-28.075837586063336,-28.611982316555643,-28.85411725215627,-33.59323934078217,-28.208432249511826,4.864504259780897,3.1703033449774733
74,-26.018023478736062,-26.758678020702767,-27.25935536487351,-27.46310095834037,-31.99649772524739,-26.87451804605406,4.867862047309935,3.0885885526045995
75,-24.99806093167212,-25.985196210408443,-26.490456421357855,-26.839521516816706,-29.81938490007249,-26.13107119290047,4.871497142796139,2.9869558074468263
76,-24.24477864387457,-24.98801035915833,-25.537102400124265,-25.88537150221319,-28.80041493669299,-25.087147926814986,4.874642824587227,2.91194214684618
77,-23.227538826745068,-24.221377135128957,-24.706111036899916,-25.025153694347896,-28.377114233175888,-24.30895171968441,4.874614752097072,2.810215357884214
78,-22.323634580359354,-23.218772371668713,-23.5691608534973,-23.66670632831117,-27.50632616628115,-23.296334442646398,4.590194544726002,2.691382912508536
79,-21.679721035375305,-22.319226179154384,-22.832082482906767,-23.000231974878197,-26.641300708623724,-22.430066213235115,4.580404727897521,2.6260125763272826
80,-19.98401643197353,-21.67475354282049,-22.122366147372425,-22.15081598624906,-25.511588377396478,-21.785289465536124,4.493287336105987,2.4477303768079515
81,-19.2745026697607,-19.950640224269414,-20.63749733310706,-21.11832654862111,-24.330311933377075,-20.133625303618935,4.5259660352913444,2.3800468705052045
82,-18.500475788021166,-19.24420368965182,-19.693219306735166,-19.77563514713391,-23.043541153980208,-19.359781341502668,4.406882511727733,2.29073582997489
83,-17.507173093124027,-18.457870056778276,-18.877680947267358,-19.019086223882518,-22.035439757900637,-18.583346914525364,4.373233909111636,2.1880407002235662
84,-16.940071650825697,-17.498712310720258,-17.913579647428783,-18.025163857615347,-22.450509717019855,-17.595523470203332,4.155798988513252,2.109587063933895
85,-16.192205602343172,-16.943189260126637,-17.442330957884614,-17.668221845923178,-20.940296766964906,-17.08074315759243,4.017083004760355,2.020928860710353
86,-15.568878199798053,-16.18938613604955,-16.690625001244396,-16.708978616904457,-21.20759359367278,-16.323850631036933,4.01955986804403,1.9588438067842082
87,-14.969772385066534,-15.557061399755568,-15.942899574434028,-16.150746644293992,-19.25852354242157,-15.682916213358244,3.9418787476187123,1.8911651132685248
88,-14.255984705543005,-14.954640200143931,-15.399127825291036,-15.605274798097271,-17.922904180333212,-15.115149641879967,3.9738384268248033,1.8229823132367808
89,-13.972182365382185,-14.22688926316041,-14.614878612135508,-14.737535366408071,-18.716629515632725,-14.338887875945654,3.9745726040074127,1.7946754969389598
90,-13.291407685047304,-13.963179288780381,-14.252502890221928,-14.304878609883966,-16.97541665259809,-14.027858171574664,3.8385892289476966,1.7129996913995003
91,-12.777132328926765,-13.2945533668384,-13.614571378514023,-13.618483170941847,-16.055959236141653,-13.361325303321554,3.84934994392139,1.6626482272848153
92,-12.478212036188435,-12.771048745585217,-13.128361272007576,-13.300409362911246,-16.12059151421346,-12.894947133703845,3.8538096452640813,1.6332021681452515
93,-11.911009135582377,-12.461053693410339,-12.954041709718087,-13.154366194344103,-17.71054808430588,-12.59642611768605,3.6216516033001596,1.5532660738882538
94,-11.346093605516485,-11.862119869711687,-12.0964597668605,-12.142909192817289,-14.798825595445834,-11.95118680507776,3.6197724886130036,1.4965866094129487
95,-10.934849954106209,-11.33983031442445,-11.740731142135974,-11.969304085814255,-15.103493204616253,-11.490950811043149,3.631644722613657,1.4566494676719866
96,-10.67553290314921,-10.93799563589733,-11.339733866816655,-11.56796470985476,-13.612293095021885,-11.036733445142875,3.6391992801796262,1.4314732183328835
97,-10.173657816976256,-10.675747611224297,-10.946085416422502,-10.995206933963198,-13.120766826116153,-10.761346702198342,3.5616922244563307,1.3735350041432586
98,-9.746398706969572,-10.16315568045524,-10.544589872106636,-10.676844497392862,-13.169426651999164,-10.255223088421824,3.508000725450299,1.3254399432419872
99,-9.421231991226403,-9.748551236490686,-10.113755443085251,-10.258010604458399,-13.333092547125293,-9.826044929192326,3.5017374343582537,1.2922969425584658
100,-8.821263947002178,-9.414968700134343,-9.753259450092132,-9.92438679478547,-12.158797680666037,-9.496399477755983,3.504855043659207,1.2326118990661385
101,-8.506652003507586,-8.824381556303162,-9.211319953395641,-9.462431306775997,-11.479235681415027,-8.921326916120915,3.535623278837592,1.2042275282345178
102,-8.057935942358245,-8.502965403461847,-8.848207756412581,-8.906612472846998,-11.509891325999483,-8.59597526727082,3.4068690685449083,1.1464805010903154
103,-7.741548177367424,-8.044976737848552,-8.34341157239983,-8.442916061995682,-10.997306375363586,-8.150764665989156,3.421957533523628,1.116350571089105
104,-7.165102599062284,-7.737001946958236,-8.064728647706376,-8.183630399495229,-11.658905226932221,-7.83093312481345,3.4219789565941854,1.058708155565647
105,-6.764450097050812,-7.16512402213285,-7.575072402135517,-7.826600822207398,-9.613428855322294,-7.288529758746705,3.523025257338841,1.0287475354389652
106,-6.352965630577065,-6.7547372613924335,-7.058720408919682,-7.151634866608926,-9.591397842248437,-6.829883267114626,3.512099697929729,0.9865065328506795
107,-5.916028122146491,-6.352368342193065,-6.667231403387995,-6.741810328371942,-9.366706442381881,-6.4286013075458905,3.4239905803360653,0.9340018702482555
108,-5.608311810885779,-5.915998401090768,-6.173925229646268,-6.2487121541785005,-8.587237871365776,-6.010547649480587,3.3543721775028623,0.8962683988388641
109,-5.389069985997999,-5.605650335808024,-5.940890424029303,-6.048440931489657,-8.430258402078291,-5.678454264556777,3.3760060489034562,0.8765076034901454
110,-5.184124128945879,-5.392215667789081,-5.664331247191837,-5.6381789236957705,-8.204666825024232,-5.464977459314787,3.2537567179332467,0.8437880846879126
111,-4.839747918705665,-5.187990608517733,-5.492934713334184,-5.6047829688189275,-7.638678671925048,-5.300542903763972,3.305318825646865,0.8145066744352529
112,-4.68513417484759,-4.837095876100609,-5.170142457972963,-5.271839972171718,-7.585798981087478,-4.9505530119442795,3.308436434947819,0.7993570609795408
113,-4.4954886158266625,-4.6847534276877685,-4.948474551971651,-5.0014139134663065,-7.00646681266221,-4.7410686989075135,3.212399660911723,0.7707888276738386
114,-4.282612442207292,-4.494657355434315,-4.780671638246747,-4.883824972116635,-7.162541752062495,-4.599327576076258,3.0197825529998177,0.730239499520711
115,-4.0449996631532645,-4.283316906014628,-4.562392737076182,-4.670963308870452,-6.557815950321371,-4.349719071921138,2.977406580200513,0.7022406243353778
116,-3.808773199105984,-4.042423117810641,-4.305696043200919,-4.4851407331122095,-6.227140776051887,-4.117317219289598,2.9742972688847327,0.6783070467990717
117,-3.5836147746430664,-3.8009760767484178,-4.022097199022394,-4.025458177080317,-6.6269870120279055,-3.8432396596044756,2.9808160515500455,0.6564430826193112
118,-3.2985350258010877,-3.589884715154693,-3.822965955058491,-3.872025470139758,-5.423116386600572,-3.654103469906932,2.8752526065585418,0.617378763235963
119,-3.0713354622737277,-3.2964457386357546,-3.556735002948992,-3.6078470627242787,-5.893344321592027,-3.3408531565042887,2.775151813611084,0.5846487275884812
120,-2.9259859503297685,-3.071256905201385,-3.3273749594524658,-3.417762039302131,-5.463675071766619,-3.145129295793178,2.7751368662063243,0.5701122816536093
121,-2.642111650251647,-2.9271771714058903,-3.1805680499876603,-3.2732195415977756,-5.126065079102197,-3.012042128758949,2.696680331002378,0.5338791981254025
122,-2.4308609268455323,-2.642466463640868,-2.8589023348215123,-2.9291693720921463,-4.754196234569915,-2.7151368037154056,2.703149855253906,0.5134010782099439
123,-2.24562489753709,-2.4340066086366163,-2.7261363373071226,-2.7796586371383287,-5.499319572600562,-2.4921693825142075,2.62017793164391,0.48658028291809996
124,-2.0706331531886386,-2.242500638816561,-2.5574736002541196,-2.7454665486964074,-4.08806152034823,-2.3541945236334074,2.4714930491048515,0.45421262022934905
125,-1.9481075150566585,-2.079817932451623,-2.364179808573897,-2.5578767492242194,-4.089845282199962,-2.1486522748491605,2.515479638626116,0.4463587153682774
126,-1.7824579210408515,-1.9449982037408868,-2.153454882737865,-2.185849324947954,-3.6160904296854386,-1.9898785445732199,2.518625320417202,0.4301083241458054
127,-1.7066305915474724,-1.7824942915161572,-2.0499856072875495,-2.179706308838181,-4.439608343675461,-1.8592085202278703,2.4657238241981223,0.41723544157455944
128,-1.5041458801692356,-1.7034849097563782,-1.9919550954132486,-2.090470758330127,-3.588133922578475,-1.7554879501837555,2.482929916244903,0.39870757964141385
129,-1.4296339723215286,-1.5087953146385824,-1.7315865942601705,-1.738769192368884,-3.7273428386335903,-1.5880815526092764,2.4534714114522,0.38831053837737284
130,-1.3594023276110936,-1.4305037880447538,-1.6672410534128503,-1.732677243243958,-3.1540059388953288,-1.481356249291518,2.453456464047441,0.38128587916585344
131,-1.241839467012309,-1.3594023276110914,-1.639008011521906,-1.7050451425389728,-3.7846625994787773,-1.4476048740904144,2.457442748811884,0.3699282215824193
132,-1.1386473106659012,-1.2449487783280944,-1.5847586765925281,-1.679275217637167,-3.6646788623771487,-1.3331788813454226,2.424662919845888,0.3563310230511789
133,-1.0383034296801292,-1.1612672394082058,-1.5089842138061214,-1.5748301001968201,-4.75516232004011,-1.2620773285696776,2.4277871785664273,0.34660906082465565
134,-0.9568541925783656,-1.0445733701917597,-1.295427002704472,-1.379002241496186,-4.851090914629827,-1.094903212830431,2.4190686201870237,0.33759228127653895
135,-0.881285864047852,-0.9545392094973124,-1.139525021530241,-1.1700229632742647,-2.3242697532663223,-1.0310745743624006,2.4221779315028047,0.3303463795550657
136,-0.7757690332579483,-0.8827574567596872,-1.1067154171015683,-1.128533660307907,-3.5179928495987283,-0.9608183859638586,2.42533856069865,0.32011075939565986
137,-0.7352881546572014,-0.7842346182994775,-1.0606224816718688,-1.138196990977956,-2.9127319331518753,-0.8690291537848616,2.425338560698653,0.3160626715355854
138,-0.6389528055431315,-0.7480395487709259,-0.9549929571627868,-0.9784152509095034,-2.2949336216753253,-0.8177389106638837,2.379738449686586,0.30186912552297174
139,-0.5085403050045532,-0.6435520603042426,-0.9106881214187629,-0.9538065460243428,-2.8764945117695593,-0.6961569915392429,2.382862708407124,0.2891403013411677
140,-0.46788730928173194,-0.5241043236364891,-0.7577150186853943,-0.7599271585246181,-2.714804530789519,-0.5867733353282965,2.3897041379879043,0.2857591447269636
141,-0.37974653382944945,-0.47950920029478805,-0.7005260365831194,-0.7138314401151393,-2.7745399997264073,-0.530974464903309,2.4066846085851616,0.2786431142414611
142,-0.31425760926528534,-0.3811405018399201,-0.6057410347334986,-0.7001967953407506,-1.907959382682451,-0.42699549358140865,2.3186617141956636,0.2632919323460949
143,-0.21423338594928243,-0.31425760926528534,-0.5066321194717317,-0.5308457437932934,-2.511118651005378,-0.3626224446072972,2.3061035784383948,0.2520336964387677
144,-0.16897114510921485,-0.23393856633943644,-0.5095660237159937,-0.6056804426279312,-1.6978531034267577,-0.3056133779171539,2.2998336379267594,0.24688047830359744
145,-0.11764233860126083,-0.1860523464987036,-0.4068442552015205,-0.4297883087608292,-2.0499990017191765,-0.2593882258584914,2.3029793197178603,0.24206216583191212
146,-0.07034363020858514,-0.12389733170814132,-0.3872576048866902,-0.42028426051320533,-2.24972953810486,-0.21528004579369098,2.3689365037938983,0.24392801340024836
147,0.02021238074347531,-0.08080235227007604,-0.31645006842251827,-0.373895020920882,-1.9082682338056158,-0.13467871011356292,2.273596230332079,0.22533838495886038
148,0.06023360919019183,0.004423287000075771,-0.2463142152712099,-0.25222233833904717,-2.065305131479572,-0.05964864322374619,2.3036683542266174,0.22434347450364256
149,0.1006567635233897,0.04456727506047198,-0.13809211163439142,-0.19785101416616957,-2.021320849650302,-0.01943265881114531,2.300544095506085,0.21998873319826956
150,0.17906685591241311,0.1006353404528344,-0.15321593970248157,-0.23068570274834155,-3.003652376503115,0.04574005589127328,2.3005077250307706,0.21214408691183573
151,0.2249831083351943,0.17429151148382926,-0.03678029284244742,-0.052985963170376404,-1.8324773066321618,0.09160996872443827,2.2048895640435675,0.19799064557083731
152,0.2777477388933318,0.21994013659235412,-0.04158016533189627,-0.025943036537676267,-1.7779962989699705,0.14037715970814935,2.182146378551995,0.19043986396586632
153,0.3793495334545822,0.27772631582277363,0.051848530218161756,0.035197684708414556,-1.7506839137475176,0.21757093420098073,2.182124955481436,0.18027754220268538
154,0.41637374909511937,0.3688987888611659,0.1285408762043017,0.10608180701863112,-1.4454086437603926,0.29756023350169447,2.161858343742773,0.17454845946476535
155,0.4395659380213892,0.395819054679327,0.18087550572784675,0.14333506908020066,-1.7232458622273596,0.35655731018590064,2.1819391746218444,0.17423732366004552
156,0.5071716868586467,0.4336850426547496,0.24955410811652315,0.22629949165250296,-1.2877520816328407,0.36448173290954733,2.2754522876239465,0.17682806007652999
157,0.5310289569741244,0.5027471336191305,0.28558536841893595,0.2380076453550255,-1.309567729943264,0.41854718317774386,2.2723066058328523,0.17412776488587278
158,0.5760993624344595,0.5280006841708809,0.30274271022937266,0.2695651068407221,-1.6354201157756307,0.46702634515273767,2.2785765463444814,0.1702477183910022
159,0.6153761717550206,0.5562708958875997,0.4109698932002594,0.38339084990110384,-0.7141949001076351,0.5094699859030569,2.274255966998446,0.16588797952434253
160,0.6812204042563637,0.5961456624613519,0.41116557106149393,0.38207360383245836,-1.0818616495479811,0.5246717734223173,2.262190225037924,0.15809698207815606
161,0.7662066046793605,0.6631943640599509,0.45069396858395966,0.4082119498961909,-0.8386926363743914,0.6039908043120675,2.5028231475524176,0.1736616542873057
162,0.811453968423506,0.7662066046793576,0.5323825848288523,0.47844548038450707,-1.538134971794904,0.696938732757892,2.5539753722531064,0.17425214038296005
163,0.8603117239216271,0.7940938398817337,0.6402726496102832,0.5838064986426739,-0.6266191930791618,0.7246165947659656,2.5517150222860017,0.16914032983643745
164,0.8906853313863554,0.8401361072122102,0.5993898417907917,0.6201985362529956,-1.3189282012148098,0.7829490661298226,2.5389663535300784,0.1648281022143723
165,0.9223081079880378,0.8614357704282265,0.6848117436872045,0.6821502612786201,-0.9109900527230343,0.8033861376496633,2.5389663535300775,0.16166582455420397
166,0.9583204761738209,0.916038167476406,0.735762529234784,0.7581369340813275,-1.3532113659773577,0.8515530708426536,2.5326964130184515,0.15743759368446306
167,1.011825167283037,0.9424991275216137,0.7692867541187375,0.754865275462876,-0.9111177150909517,0.8879576706976897,2.5231531592536536,0.15113279919706166
168,1.028921513207731,1.0016552660853428,0.7568341145967367,0.6924691007294708,-1.0562040123853849,0.9390805193703557,2.5231317361830956,0.14942102229753645
169,1.0787446601186748,1.0104921216684355,0.8082480096858231,0.7902589116282164,-1.1910361434584074,0.9663543757995853,2.5262774179741947,0.144753275785552
170,1.1248948841394226,1.0605281072200132,0.8663777773923074,0.851838306126599,-1.320528452205004,0.9995209780948174,2.5231317361830974,0.13982368520436747
171,1.1764848047327807,1.1066878161654041,0.9837507710599741,0.9728434190359436,-0.1593013861906778,1.076197238634903,2.5398653296435234,0.13633805249107428
172,1.2154261557279742,1.1506784521067899,0.9532324942610728,0.885679768806418,-0.5588387929210765,1.0772068800336636,2.5398701133953416,0.13244439576673675
173,1.2482462090361628,1.204750947857871,1.0062787564342572,1.0227490544828177,-1.4177008225221979,1.159301480660074,2.5367244316042505,0.12884782225680877
174,1.2745821352127709,1.2378480212646563,1.0444530642936645,1.0128189687248628,-0.18321660056740852,1.173805033207877,2.533600172883717,0.12590180376709462
175,1.293462613628936,1.2585907329429742,1.0484806610322561,0.9960484158264038,-0.30375004624582047,1.1977111990974243,2.5398653296435216,0.12464027160145857
176,1.326256041884468,1.2838502325526575,1.1023249145586334,1.091677133811603,-0.3209419053094704,1.234053613818742,2.5398867527140765,0.12136307108296085
177,1.3660203098679318,1.3104173432480843,1.1014814811725504,1.067073194426209,-0.89347973758926,1.2533204360565624,2.5367244316042474,0.11707041217363157
178,1.3877761639213881,1.3328037358278253,1.1188549675700814,1.0703109649948734,-1.1406742702104968,1.2653556337362697,2.5398653296435154,0.11520891657221273
179,1.4259130116918133,1.377583734033015,1.1143911695304503,1.1176050483015398,-0.8969080351569878,1.3053904850870928,2.539886752714079,0.1113973741022266
180,1.4672385187826702,1.396100606152381,1.170806861063386,1.129274720981404,-0.06671724709274773,1.3109352667045833,2.5398653296435225,0.10726268108608523
181,1.4877456801132825,1.4607913919369997,1.3238523530017572,1.2852724524230958,0.16436206555702437,1.4025944130825359,2.533600172883716,0.10458544927704337
182,1.5237778840903493,1.4742436413789293,1.2487618671061662,1.1904104229986991,-0.6197664114077353,1.3980892280676254,2.6542016093088794,0.11304237252185301
183,1.553725145467914,1.5138307504574329,1.3307453965308251,1.2554539674356167,0.07646053451677037,1.4493572169239939,2.6542063930607003,0.11004812475927862
184,1.5805568373945462,1.5348343359577616,1.3595762384706034,1.3728947781759593,-0.20015605629013944,1.4809580457699965,2.654201609308875,0.10736447719143287
185,1.619282838662892,1.5741556720640206,1.3155263939866744,1.2417638334896648,-1.097408592240793,1.466972604133303,2.622689006337586,0.10034061676746939
186,1.6462447801616071,1.5952193539058324,1.418528781263257,1.3665145509643695,-0.45793170337136235,1.5339334338500632,2.6289541630973936,0.09827093829357864
187,1.6606007921643535,1.6268524277031573,1.3981224238433512,1.3870745546661452,-0.7024876182527588,1.5589932407045435,2.6400039984647905,0.0979403206300437
188,1.6698120502841303,1.6365335878767067,1.4608195379003042,1.3973594964634541,0.27917867331729607,1.5721025376394921,2.6431282571853276,0.09733162069011973
189,1.6957205369791186,1.655340026431658,1.4519348025041907,1.4393737110330265,-0.3741422313036331,1.596085826829765,2.6494528125056642,0.09537322755265457
190,1.7103958726520752,1.6794016787513684,1.49007028939796,1.4844058365679764,-0.16430182457084186,1.6190162592501678,2.6494528125056616,0.09390569398535864
191,1.7334503711420581,1.6805616415777749,1.4893601619991035,1.4768220372449825,-0.47673761338292664,1.617730364144248,2.640041973954758,0.09065916028126997
192,1.7582902021655622,1.7104813540831503,1.505267851260186,1.4638859315570283,-0.11140786621063326,1.658274494844585,2.715777473778384,0.0957487271612822
193,1.7740132415489906,1.741962952324052,1.540373696142779,1.4680011176862637,-0.6353228345377868,1.6881239754721715,2.7157774737783806,0.09417642322293901
194,1.8042658649960304,1.7583945951355653,1.574619822936995,1.5468935940381718,-0.35110580875314845,1.7105504832378127,2.72081072535655,0.09165448603605199
195,1.8233610725149034,1.77895943881955,1.6050032493273483,1.5685507103629615,0.45147173513248795,1.7067589232710008,2.744108519674654,0.09207474471597507
196,1.844936721553172,1.7959883364200457,1.6154057904123673,1.5650375644651076,-0.08874310893066806,1.7202831564106882,2.7378433629148424,0.08929066413616706
197,1.8640867472585358,1.827120491244305,1.6281155197521724,1.6198845236208346,0.4699650046068746,1.767561663992662,2.7409628378835644,0.08768760906250285
198,1.9708004346359131,1.836177540990207,1.600355605537217,1.5546813676570084,-0.42945020918444765,1.7652717565931058,2.9479928332538163,0.09771923986179033
199,2.0210055718276125,1.9639515313459213,1.6860562727255148,1.6049232787253938,-0.2823334097212111,1.8343558429344,3.0388339847751507,0.1017828412947538
200,2.058384079700257,2.0021820806344834,1.806544278391377,1.7629805387523971,0.4717092445940074,1.9258849207885949,3.0361822449477223,0.09777981652474653
201,2.072219659176718,2.0492302413654517,1.886701858344096,1.9018934833783925,-0.3468603571377513,1.9965762139815229,3.0488735688830264,0.09766539097063084
202,2.089134057167393,2.0507499268774865,1.8147498071368766,1.7928789998533774,-0.22980178752717784,1.9615061313376463,3.0519978276035578,0.09628637704361645
203,2.094193932347246,2.071960747450204,1.9137742022549658,1.9018902933961526,0.2616204261899986,2.016817171763342,3.0519978276035618,0.0957803895256316
204,2.1391976971175772,2.063955271218652,1.8574672384624515,1.8156620709267028,0.35825428947832716,1.9754351767397482,3.02737571617734,0.08881780190597624
205,2.1464233738131844,2.110104484760872,1.959247574613432,1.9265216479250733,-0.29698408375011454,2.0561143307696432,3.021110559417529,0.08746871856043445
206,2.160129336931663,2.113759013863299,1.8845106830370695,1.837721455193548,-0.15854524447996488,2.020543949213557,3.0242514574567996,0.08641221205251366
207,2.17352426646761,2.1364605485807964,1.9123349307246194,1.8601499597471376,-0.2718220201177286,2.0700267878992022,3.010134691749314,0.08366104252817039
208,2.1854943592456464,2.1446699774405644,1.9277400250459036,1.8608815372818128,0.2148486756539132,2.034040287618893,3.0240524007616956,0.08385580415160492
209,2.197227537393774,2.1558175253565945,1.9657351198815975,1.9412595921239681,0.7731616947350757,2.0881217182832352,3.106811160692371,0.09095836232985967
210,2.2239556870698767,2.1692196036584503,1.9700213630182504,1.901713812410274,0.18237883502386687,2.0745742137508456,3.1370577706157103,0.09131020835458337
211,2.2337070611442518,2.195892833724737,2.0252882016397677,1.968318785593918,0.4252034960063229,2.1298283108575276,3.139258803858612,0.09055517427143601
212,2.2642776921810497,2.1966484956854435,2.016705037039765,1.9682182901161804,0.553784326087785,2.1502741000152286,3.131296685476627,0.08670189932955773
213,2.292551479732469,2.2454389097635943,2.042702867115483,2.027106238744414,0.4833492807146773,2.188803438516027,3.131318108547182,0.08387666288147133
214,2.307874476837101,2.2693323877072236,2.0883795694716163,2.0573652468876924,0.9356173464371427,2.1898876986190676,3.1317163398882952,0.08238418630511944
215,2.3192522897383343,2.28293206994194,2.061063334379685,2.0338095922145607,0.7018484654149622,2.2195220935308844,3.090005638072312,0.07707533483339775
216,2.3251597397386075,2.283468454819736,2.0894261088122574,2.0144058247301917,-0.17946788164691974,2.221696028105499,3.096374861751857,0.07712151220132496
217,2.346768420152161,2.3002197542411635,2.079493620769566,1.9806510046814587,0.8192705767388357,2.214511544743347,3.086964023200963,0.07401956030488019
218,2.3924088663310936,2.329299414034278,2.152862344571429,2.093547592810658,0.7383938261956291,2.284816175057517,3.1349965868933225,0.07425877205622286
219,2.421364205534643,2.359191502800882,2.1558531292414664,2.131223209689064,0.4614208305667833,2.271120497743302,3.1349965868933327,0.07136323813586898
220,2.432374197577788,2.4023067017782176,2.2042012734276497,2.159631391834358,0.17675370485708308,2.337668753497933,3.1474284124294445,0.07150542148516566
221,2.4523545934567577,2.404923726154725,2.2317511654552087,2.156639460648675,0.7949965191476962,2.3428166558535763,3.15369835294107,0.07013437594843124
222,2.462726568318994,2.4192493679920544,2.212869163662056,2.135157086458736,0.7116048880863022,2.33211275330636,3.164008562349438,0.0701281994030444
223,2.4970914452964417,2.441905136727791,2.267362001247145,2.2178831861824646,1.10325569117621,2.365492075337937,3.160846241239607,0.06637547959431651
224,2.514334900642697,2.4786335981315393,2.3462664810693017,2.300377390871307,1.3388791191629998,2.4362704248066827,3.176712979480554,0.06623780788378568
225,2.5318156624841373,2.5032213314980294,2.3671124814351545,2.3597512770811133,1.3195443020382696,2.4489976500676454,3.176960979372213,0.06451453168880755
226,2.5397375788534227,2.514436676062364,2.368707254760468,2.316875065204249,1.260020031522834,2.468852192930851,3.1738303244886534,0.06340927456352308
227,2.5577666524087412,2.5162046022558666,2.2797651007938464,2.2421682754029364,1.076780873688243,2.422126567426938,3.173836720651681,0.061607006824293986
228,2.578276013334327,2.5369920145068816,2.330309525995706,2.2563319413596474,0.9388369005380204,2.460495962323045,3.35620995917139,0.07779339458370628
229,2.591225913227846,2.5501303109412667,2.3388791277188776,2.324835287827577,0.48285751153631473,2.472994550235684,3.3691598590649092,0.07779339458370635
230,2.607787972106237,2.575599356607503,2.3976769330952488,2.37293950827339,0.04490734072425262,2.511396334980398,3.3929965956104047,0.07852086235041679
231,2.688328985545684,2.57858336186898,2.401504478469023,2.3793432952595825,0.4545212005131525,2.507701802425152,3.5336544926818885,0.08453255071362045
232,2.7034038650148187,2.6647301399591945,2.484882219163249,2.501014162894844,1.0113793858453701,2.6055147933417473,3.524280149676593,0.08208762846617744
233,2.726531679925082,2.6800603958378604,2.503326462198848,2.452491475025365,0.6819205526485703,2.616111271463253,3.5242174015672645,0.07976857216421823
234,2.7541617746529594,2.6973638817280468,2.480815031359884,2.4617531613517434,-1.7180138412466412,2.624972262949113,3.8166504554694707,0.10624886808165113
235,2.785875616211948,2.7251955319495487,2.5256838617724937,2.482487673346467,0.8041793140099163,2.6375902562434534,3.90928510399924,0.11234094877872923
236,2.8249130156280744,2.748199895091558,2.551911723661868,2.5341770101692216,1.3372330194576105,2.665557292960356,3.9145938323974954,0.10896808167694211
237,2.841039650987799,2.78300218371469,2.5682820458652236,2.5206678076678566,0.8972954727529174,2.695136240773893,3.898959652729076,0.10579200017412774
238,2.8705040515808626,2.8178021772468136,2.618418721752907,2.55486365289159,1.2350190756178812,2.7224941768896205,3.8780630634158126,0.10075590118349499
239,2.933106684254872,2.8507288482423636,2.648985177681553,2.586646183605336,1.1715275048361713,2.7877570859286402,3.964681492901224,0.1031574808646352
240,2.9759188551693647,2.9091811255702646,2.7242383639521743,2.6634257695977195,1.5612163454310752,2.8478526219022884,3.983467750523768,0.10075488953544033
241,3.04002818930158,2.922575506022371,2.7237427284596314,2.709452748758836,-1.5773261453377696,2.8630536818237626,3.9740820882964165,0.09340538989948366
242,3.055530264242724,3.0132710057621566,2.8378351450912858,2.7803886054063107,1.658198093105832,2.9420974644904785,3.9692956026679407,0.09137653384252167
243,3.0839235855189413,3.024249693136289,2.8216937311235215,2.7840870284680217,0.723805712290309,2.9723480607669472,3.9693019988309586,0.08853784133120175
244,3.0930052433565347,3.052279385846709,2.8945757239824292,2.885905178540024,1.5495004038451263,2.9947664237803697,4.017040522470957,0.09240352791144223
245,3.1055922728491305,3.062355678020089,2.8066354178888613,2.706642341265276,1.0106401231446438,3.0002036969743475,4.029475049188047,0.09238827763389168
246,3.1135757973914684,3.0454414204739892,2.844358167709284,2.7993582682244025,1.1921002491691461,2.974903335138415,3.9942810903202486,0.088070529292878
247,3.1200226269493005,3.0755906496909713,2.869043051442125,2.7903390423380707,0.7671910712049543,2.9734499016296816,4.012949124545492,0.08929264975961916
248,3.134937973681749,3.0822251147261257,2.853019772154704,2.765165349544736,1.3352562093969293,3.010168248082456,4.000534547794949,0.08655965741132002
249,3.16538014153858,3.118086366166356,2.86912474866364,2.8458813972591854,-0.9303476119423264,3.020234792173176,4.012504684369169,0.08471245428305892
250,3.169824316037076,3.1244033689358073,2.888661232289846,2.794341909274504,1.0239890523899327,3.0215959548214872,4.0156606093159715,0.08458362932788956
251,3.181868505915068,3.1310080528823114,2.893809156669869,2.780668742441503,1.2190005269060888,3.008198637084896,4.015736400584425,0.08338678946693566
252,3.1847777338058747,3.16035550829917,2.914993911940348,2.8615889781542068,0.9192127998238595,3.1024803954199704,4.015650366160264,0.0830872632354389
253,3.221051636278415,3.1529330157832485,2.968052982588327,2.905865115317315,1.9463999902229396,3.094474109586729,4.015667005479002,0.0794615369200587
254,3.2263116563694902,3.185540533598531,2.9640588578918634,2.8940762586544295,1.3226326589607376,3.10007658776946,4.014774172401042,0.07884625160315517
255,3.2397204542092495,3.1894326970978675,2.9995977470203474,2.9266115868345244,1.5242608830131354,3.13218819000806,4.074892801675401,0.08351723474661514
256,3.2599212625947693,3.214743492674142,3.0100629571604673,2.9690412918391287,0.9867892783013206,3.1234970306986583,4.1395668047381715,0.08796455421434021
257,3.2757181190882143,3.250890221123311,3.1055349008042037,3.0580472467224142,1.9960117094480312,3.1941729338539857,4.155222407477155,0.0879504288388941
258,3.2789143765193938,3.2372298882180077,3.0276423663352987,3.0133706766657053,1.1259163067082034,3.163987514326807,4.15522240747715,0.0876308030957756
259,3.292964993864732,3.2394768111389887,3.0887083568544034,3.0465111255265507,1.981276430712227,3.182557166274038,4.142722729684979,0.08497577358202474
260,3.311416528906335,3.2767729906679834,3.0709305534953995,2.9561927675138318,1.5495515314136075,3.221390384072803,4.152162223765361,0.08407456948590256
261,3.3340854407907248,3.2816184986951296,3.054652471284158,2.966573974806943,1.194795097674846,3.217511572211709,4.1552009844066,0.08211155436158746
262,3.3388213358709655,3.302464751627924,3.1359488402918014,3.103106963705028,2.061121868322408,3.2272133867917443,4.158351986294378,0.08195306504234127
263,3.35762176028529,3.313527389292556,3.134995147512839,3.088029076198857,2.0602220764868613,3.2402742481448703,4.24447265068206,0.08868508903967702
264,3.4017102238280623,3.3333858089624004,3.1085200547079337,3.032193740622005,1.6875558940380757,3.2421849497692263,4.2535884007234,0.08518781768953373
265,3.4168661682929384,3.3656564194240843,3.121841003840134,3.0758978073579986,1.0891263215657419,3.2659406317192032,4.253605040042132,0.08367388717491933
266,3.4462246752600674,3.37829049115248,3.1836391615221196,3.1547101094104666,1.6073095483957052,3.312761673961819,4.25083958317395,0.08046149079138824
267,3.4551683922821588,3.3871069950171737,3.155645936821234,3.0428554957057394,1.8362575013132565,3.2973108508062743,4.264368339633288,0.08091999473511292
268,3.4773368153904665,3.420343953280282,3.241105156775448,3.181054610569995,1.6522424314897601,3.3390313457499388,4.267438230155934,0.07901014147654675
269,3.484561262085399,3.442399326567157,3.280434349111336,3.2488512482940246,1.518944328046377,3.3968563286521416,4.264309048376367,0.07797477862909677
270,3.4866505236991356,3.4419045033288436,3.2402926001875483,3.130494125345363,1.9165141825782284,3.350135064233533,4.266398309990103,0.07797477862909669
271,3.517485639581583,3.450936963514483,3.2139114896202448,3.147186021369123,1.3744472752455534,3.3522060882053557,4.264603557268794,0.07471179176872109
272,3.5248298266153384,3.4948287052814244,3.310965180542446,3.2480640031618324,1.7726856334795746,3.393029286388964,4.270804639019869,0.07459748124045307
273,3.5348818726660722,3.484626371837878,3.295305396406609,3.222384062660769,1.9293485485237785,3.4133269856737813,4.2676589572287735,0.07327770845627014
274,3.5516337051858304,3.4946180714492012,3.2851766652942027,3.192031143263769,1.0884366688184262,3.4024030713072975,4.39757850005795,0.08459447948721197
275,3.572810234814466,3.525213926488743,3.3554438449579873,3.2972652246594327,1.5070896772687483,3.4676461284771007,4.388204157052653,0.08153939222381867
276,3.588434568364843,3.5590176928268225,3.363218576998622,3.2578424689001295,1.5417468564769594,3.4874425683501893,4.403828490603029,0.08153939222381862
277,3.6054305771976694,3.5303321956338847,3.352213460603514,3.294833197895084,2.0426056056633337,3.4623535913182875,4.388978053031478,0.07835474758338083
278,3.632899655136329,3.5828529959651276,3.4053530457834724,3.3522971229397855,1.8049397334259583,3.478498219734595,4.418030828513542,0.07851311733772132
279,3.648523591649041,3.6075706908239287,3.4147760467893913,3.3503585644688822,1.901585094650156,3.5473722461626207,4.4336547650262546,0.07851311733772134
280,3.6456512846619575,3.598362225549902,3.394502004933156,3.343532918861582,1.755730554638348,3.541761466804005,4.433645058215407,0.07879937735534494
281,3.651685517254238,3.601534493765478,3.42061075877115,3.3528058848043223,2.0046492060436396,3.5316144300539065,4.4182964002783365,0.07666108830240985
282,3.668149250036289,3.619673928962294,3.4617977647001648,3.413483869614331,2.440190129821897,3.5354810679919133,4.4214153389021895,0.07532660888659007
283,3.6938075460020023,3.649470908754953,3.4617958285753474,3.4123256765925185,1.1938890066957817,3.590417426952939,4.435164157167989,0.0741356611165987
284,3.707056419370648,3.6741704634117545,3.489073042360046,3.3871763410005133,2.501053954062512,3.6007539786235827,4.441333572692793,0.07342771533221448
285,3.7330749986321248,3.676751465361049,3.5209143953121957,3.4696784595703063,2.449570240216646,3.606995350340541,4.498156998185893,0.07650819995537683
286,3.7393299122362302,3.6763866047252156,3.4494485502115806,3.4470215809109943,0.9394313749778389,3.6087888700424147,4.504411911789997,0.07650819995537665
287,3.74545450367287,3.7022235822116727,3.522549936377983,3.522082955128649,1.7367506421751835,3.6451444125529298,4.498135575115336,0.07526810714424662
288,3.7459818076492124,3.7005996691129805,3.518409979459622,3.430860801817635,2.3439014091800745,3.634370690007728,4.495005996298105,0.07490241886488928
289,3.756046676078846,3.7063820223163466,3.5269316024406066,3.4848463479722724,2.3151682998022354,3.651260051173356,4.516030053960649,0.07599833778818033
290,3.7716454478018067,3.7177178016190044,3.548131137569182,3.503290988455368,2.177780265074804,3.643696256657455,4.516371856364114,0.07447264085623076
291,3.7774462213940554,3.7243427840008736,3.4873661442752613,3.440610655805653,1.6592882705299878,3.656218974269275,4.510031444680733,0.07325852232866775
292,3.785893982821043,3.7445033659390328,3.5128938122008977,3.441491119241701,2.2185581362501328,3.650136769718965,5.162091755317849,0.13761977724968066
293,3.813597336274194,3.7631479255268907,3.5529157691887123,3.482487658228152,1.7985209752994118,3.67280591487621,5.174504564871002,0.13609072285968085
294,3.931549969832867,3.7723625675978,3.4690794530203184,3.2973145872244136,1.5939574766792246,3.6629175370036995,6.399802316664224,0.2468252346831357
295,3.989558088379476,3.904546404459016,3.725885657000175,3.6320931520700386,2.2665533684492294,3.843930329755162,6.396254873692647,0.24066967853131713
296,4.039836903129425,3.9557324406867074,3.7028314118560366,3.582996900717375,2.2661484100932734,3.833438138515328,6.436428562076745,0.23965916589473207
297,4.079484911915012,3.975378208156341,3.750966534648485,3.708784905150582,1.8528670860889234,3.9076190365456154,6.415078086656707,0.23355931747416947
298,4.186413248516399,4.066923847663961,3.8263566286846156,3.789842301773416,0.6564188475828381,4.001971758424689,6.7681565746423145,0.2581743326125915
299,4.223663803598473,4.151811346330421,3.8940354624153124,3.795328515270691,1.946843514790884,4.056975827671548,6.802892009202717,0.2579228205604243
300,4.258011240919146,4.187465684542246,3.9322811508074387,3.8342638976328147,0.2657246744857762,4.098492790939916,6.8279486043745585,0.25699373634554123
301,4.255081506942144,4.202811254827437,3.956926602434375,3.8308971729734256,2.5253333219067446,4.071108680158544,6.791152983533238,0.2536071476591094
302,4.353150065220898,4.231671218113606,3.958005258493249,3.846015152262095,2.0152512084927645,4.136548270088916,6.809089106645769,0.245593904142487
303,4.390917874522438,4.320769438169913,4.040658242922442,3.944022322602205,0.40248473344560143,4.188605597398352,6.812463385297086,0.2421545510774647
304,4.41892833503409,4.336302638908192,4.054604449361894,3.8909500527990204,2.2089172879535957,4.190566525414582,6.842965289160952,0.24240369541268617
305,4.456066748551608,4.3988086180273545,4.131667306660123,4.037803169130601,1.3751789202479454,4.311272192134007,6.868670261964846,0.2412603513413238
306,4.466078720022155,4.411486814187285,4.239516415378997,4.16038022378705,2.947185041301309,4.351065539045377,6.835275070953347,0.23691963509311917
307,4.503623419705326,4.417376954078713,4.156189996453432,4.025596847083326,1.6728684217143384,4.327924713825525,6.841469274827138,0.23378458551218123
308,4.531829688283424,4.451579322274592,4.212215165085325,4.107060688725973,2.224026507354841,4.3524236326569605,6.83234627865205,0.2300516590368626
309,4.550427956945958,4.4881300844931395,4.235455631391855,4.128154298831826,1.4523661917999942,4.375237147007949,6.825839870021284,0.2275411913075326
310,4.5768764252581615,4.539066657403426,4.304255848708089,4.196087336566433,2.4214747492763617,4.4437240848438995,6.852605554372427,0.22757291291142648
311,4.592239262562322,4.554261156098972,4.273575604326275,4.162162200766769,2.5550089653437755,4.402235150852662,6.867968391676587,0.22757291291142642
312,4.601185550860428,4.555583410145259,4.31244707187323,4.168307658319134,3.021729431732245,4.433335962917452,6.846238408411019,0.22450528575505915
313,4.626180038604533,4.569834400260302,4.346807729033217,4.2469318448761335,2.036752627515618,4.4878058524476385,6.855619147579361,0.2229439108974829
314,4.642516208105772,4.589636384470799,4.398116377307026,4.30747201295857,2.9465481534038336,4.477400838076074,6.8671299148111355,0.2224613706705363
315,4.658364448330421,4.6084117242350136,4.322079582386159,4.245064230260328,1.4700229818292883,4.466884423477799,6.882978155035784,0.22246137067053626
316,4.677409898650374,4.6032294716191675,4.331759752952664,4.222639027812162,2.402836934775448,4.519273040203175,6.871549393396621,0.21941394947462475
317,4.755201275155477,4.614297268593125,4.368710229420736,4.273486851681528,-0.3684556481251029,4.502305359694439,7.737252918115541,0.29820516429600646
318,4.783429630655721,4.720914558818035,4.4259021748001315,4.26391175530286,2.7959288206458464,4.6131872795439826,7.734140335307229,0.29507107046515074
319,4.827476088542366,4.781757590551534,4.529452508132347,4.379541200000258,3.047413814197717,4.694849541988337,7.75940135585458,0.29319252673122137
320,4.860680846140351,4.769624874795491,4.494976228153553,4.340107163002048,3.085075498794036,4.611457213575449,7.759121249714218,0.2898440403573867
321,4.875568904859183,4.82287054564148,4.4808753550153355,4.33902685835278,2.6003027988566787,4.692335787367039,7.750138863631098,0.2874569958771916
322,4.8960490157522605,4.8241032824232235,4.551414730236038,4.450700401415878,1.8259811333583285,4.716723051121791,7.75610904515372,0.286006002940146
323,4.908556935262617,4.852550854354721,4.578121589779141,4.409214492678343,2.9273434419380697,4.747386376364102,7.708291323026241,0.27997343877636244
324,4.949510435371677,4.87605159535229,4.6167741413625425,4.53145994648242,2.6571293020031526,4.793375109777715,7.724164679975939,0.27746542446042616
325,4.959181286535709,4.892285544504773,4.541295781754973,4.450964359337733,1.0323843779140374,4.746340724451156,7.727271011611023,0.27680897250753145
326,4.960896484145459,4.891518854682979,4.668873035712432,4.570060749872699,2.5626256102144875,4.772016088656322,7.727372689860176,0.27664762057147174
327,4.997635361664411,4.886843159347251,4.638337567437981,4.504818723193395,3.257802422393797,4.765921976367428,7.730040311223229,0.2732404949558818
328,5.019488180467034,4.947841534778634,4.659987096761361,4.552862694714661,1.4003534905536688,4.8619003171600355,7.751893130025851,0.2732404949558817
329,5.025686473424289,4.949637166464474,4.655236725788659,4.5866073684592665,2.1940744664266063,4.825493714602068,7.732068102490363,0.27063816290660736
330,5.057165952484469,4.983129216478203,4.74416248077685,4.644873393886822,2.721260214407076,4.873508554749842,7.728990709751784,0.2671824757267314
331,5.119950971035833,5.031518214277786,4.7273434256365485,4.660894678946079,0.9665356706781161,4.928212584540626,7.750629070594741,0.26306780995589074
332,5.138505602566899,5.039769317414515,4.770177637745941,4.700270685247997,2.5788495255279766,4.911436095995546,7.703785367187715,0.2565279764620816
333,5.169589844459988,5.109107193266647,4.774685385444108,4.681188090840768,1.2535164789784803,5.010946392721058,7.734869609080803,0.25652797646208153
334,5.244050889713574,5.126537532764162,4.834900346495734,4.67142114984434,2.23565154131631,5.031182521743361,8.925105767309631,0.3681054877596057
335,5.368336238241038,5.24868889382083,4.902386188288205,4.818474273871601,2.0978822764576996,5.1161318312763555,8.931932353743518,0.356359611550248
336,5.440904175394513,5.325442306356667,4.889569596798353,4.766561092953864,-0.9527122705073907,5.1462933754374225,8.925380374552152,0.3484476199157639
337,5.595082906992051,5.403291931848921,5.058349132598135,4.992239875182193,1.2773305342647614,5.280534327904435,8.931961288985127,0.33368783819930753
338,5.69539648106422,5.5665708665789735,5.242242826154499,4.995299432279749,3.689977594927318,5.414293776240289,8.93205170354623,0.323665522248201
339,5.73981347852895,5.637806761034236,5.274363350375828,5.180577155875625,1.081641581886796,5.502296461903999,8.92553112188247,0.31857176433535206
340,5.764876752958132,5.717603296676481,5.438040986136156,5.384493088349292,3.1932049290509568,5.626700267046701,8.950594396311653,0.31857176433535206
341,5.855162891900928,5.717638219210379,5.448113229660984,5.364131021241949,3.3399377281973797,5.604395627162926,9.993470262257217,0.4138307370356289
342,5.867368774979492,5.8206941757633635,5.490642655394901,5.383116061739822,0.11380353798226395,5.676601206417131,10.005676145335782,0.413830737035629
343,5.928664037200468,5.794093860857044,5.406072897169795,5.21466662749661,3.080877815602766,5.628983148499036,10.390000198595692,0.4461336161395224
344,6.009842205054399,5.88917206444933,5.358238740989289,5.302827191846972,-0.7966329668786774,5.743047126168227,10.391259524290119,0.4381417319235719
345,6.188327357259397,5.967487985319685,5.566763197891233,5.418392198992064,0.511407985099984,5.799576875875815,11.856223909638787,0.566789655237939
346,6.225649052519634,6.143561777055831,5.739489521960079,5.5368479984315195,2.620673615342886,5.991476559480579,11.848806384783373,0.562315733226374
347,6.317971215268882,6.159481202468544,5.7626811743997495,5.591514942261151,3.168938623162548,5.9841312185229265,11.80224861413895,0.5484277398870068
348,6.442795455973934,6.288247850474272,5.846364877501279,5.672879901196122,2.187649320537007,6.13990832528552,12.124889590226148,0.5682094134252214
349,6.4774655825513525,6.3620104264172,5.903297274794317,5.717448242009619,1.0569017732947614,6.136919257518277,12.246715321242233,0.576924973869088
350,6.622626133872606,6.422970002061593,6.000856267437351,5.786380918959592,2.8986762377981243,6.278864894636545,12.666019287973512,0.6043393154100907
351,6.760071328035208,6.564176289603624,6.111778059728548,5.976977154996337,2.2080496787900863,6.382940661440836,12.784279828969202,0.6024208500933994
352,6.791558545766811,6.727802476665127,6.233223649017112,6.056238031176377,1.1053516966736474,6.557053016990084,12.784144270099132,0.5992585724332321
353,6.848958480224292,6.711266825691865,6.215071454377651,6.042767842501459,0.9314727565340863,6.601339355299288,12.82473051360306,0.5975772033378768
354,6.917312388123275,6.809047878018008,6.416269802777459,6.2558821491699685,3.6626327040216395,6.698133210414056,12.840198041588424,0.592288565346515
355,6.986779103398129,6.843997060130138,6.257841497937792,6.124587224316883,-0.505787694759281,6.655309747106571,12.788868153821621,0.5802089050423492
356,7.1009555865238765,6.9682050866194825,6.5469489640145975,6.396712294318525,1.7213192637103507,6.772827873951785,12.868992884683726,0.5768037298159849
357,7.291017276411267,7.045411654914381,6.610963070715781,6.528195695445688,3.7955599854966238,6.841033921289611,14.13378695314966,0.6842769676738392
358,7.322367815167626,7.271558517898784,6.748162012955671,6.715246924508946,-3.3295794626824087,7.143906611244056,14.161847875340161,0.6839480060172536
359,7.357038008188567,7.225873147370528,6.6203713135389615,6.340529456403621,3.0567713886506773,6.897372015621295,14.140246858405016,0.6783208850216449
360,7.556061479805155,7.284066494307995,6.704447603358542,6.520919341054181,-2.9037725637221765,7.057240992511499,14.057162623832669,0.6501101144027513
361,7.595412734662668,7.512081192581095,7.005664853585305,6.833067532373344,3.2526901757525586,7.300959441332509,14.081885559000508,0.648647282433784
362,7.641421894782049,7.494160914602977,6.98113803742417,6.785270547356294,1.35771113692965,7.318087346279106,14.056893928238818,0.6415472033456769
363,7.857588030576361,7.575651671650732,7.0609358247241145,6.895211984087917,1.0135896281461694,7.409930827034111,14.073459925361735,0.6215871894785374
364,7.95109130669614,7.829697615447559,7.175160539639841,7.085084071662069,0.49218795208394006,7.681326328045724,14.116777954902595,0.6165686648206454
365,8.049066438860649,7.880633921850944,7.4044786221854615,7.33656993083634,4.124394280414494,7.692430931045768,14.512547001683215,0.6463480562822567
366,8.170024285312268,7.98956474096601,7.4795352753166515,7.359745608937708,1.4290358508133334,7.802847079644499,14.468842600348088,0.629881831503582
367,8.210412039887249,8.087260868486943,7.556138022537221,7.41590827939247,1.7622899403471326,7.92593710723294,14.503967761254742,0.6293555721367494
368,8.318105031190129,8.12355950525414,7.690984816133162,7.554171598915733,4.946482101892823,7.973582067423944,14.501286616745498,0.6183181585555368
369,8.320862017545197,8.212069080203543,7.808890951201211,7.620852861557717,4.9957313091220374,8.041886940203504,14.504043603100566,0.6183181585555368
370,8.399048846948327,8.224656177317232,7.789746386768542,7.573110666334701,4.821947207118175,7.988602369918302,14.499254729355638,0.610020588240731
371,8.499663417833048,8.349077958743898,7.819483604992897,7.698198794509323,1.905082494409715,8.174701582312007,16.59818226356356,0.8098518845730514
372,8.586711701898047,8.440660336998876,7.987128415940031,7.68078714620918,5.359932151215514,8.272080443396398,16.64177876816606,0.8055067066268012
373,8.592933048998926,8.530000118340167,7.919189706899468,7.7454051326506335,-3.9377411875234394,8.287090753928094,16.648109319499355,0.8055176270500428
374,8.650549023273314,8.493687548106386,7.878424584399863,7.753680303164527,-1.3785585224333445,8.199009057946267,16.613507801315066,0.7962958778041752
375,8.685765545507213,8.616271358892714,8.057007079819712,7.839112402042618,4.68962357169079,8.417713717618543,16.632413900936736,0.7946648355429524
376,8.827671620563788,8.607786084213918,7.835619515454268,7.806212410796624,-10.678243762478353,8.399059172356228,16.591789269265327,0.776411764870154
377,8.945707415818228,8.75679118932339,8.192907888200615,7.996780146510309,0.8274568841800498,8.541143672865323,16.461764664827708,0.751605724900948
378,8.996213843206645,8.897487515953443,8.368747646394729,8.071209224101917,2.6410431684530753,8.710425639401322,16.48612151128931,0.7489907668082664
379,9.230600502665338,8.920051649424437,8.491350440870407,8.286684754174162,4.576843451548015,8.742760455831885,16.917391699053624,0.7686791196388286
380,9.309889872016274,9.151879231836425,8.572999247864947,8.445982346588696,1.8550530427628154,8.967355363537848,16.777312483253965,0.7467422611237691
381,9.428550164650275,9.268809557319944,8.769387458790275,8.429143812781122,1.7649501684128932,9.101927560430791,18.93843841227659,0.9509888247626315
382,9.81079054838483,9.307777820288305,8.837977554452662,8.749355353503793,2.8819672540593597,9.113541002752608,20.268753453983333,1.0457962905598504
383,9.943098361162873,9.75201818908797,8.9456768810419,8.4397248471335,1.1518090110573453,9.45912864923464,20.284255159862393,1.034115679869952
384,10.036691625273725,9.818357605674192,8.937628875315935,8.811784919498622,0.5026114498865404,9.523194077209514,20.246858862102297,1.0210167236828571
385,10.29357178967031,9.989090584306593,9.479549657384288,9.22846118814735,3.2471568737741663,9.79893772601529,20.20029936159522,0.990672757192491
386,10.328284059276996,10.179761075545706,9.493583619488625,9.243841850663525,2.4585307636639975,9.964045921789698,20.213045435136287,0.9884761375859292
387,10.543578052780937,10.2234946170467,9.432025924479246,9.2980855644087,2.6759279556400344,9.959701178305327,20.16219446505146,0.9618616412270522
388,10.749841927225267,10.45841916918489,9.604938786033673,9.591460048495206,-23.32221458768454,10.21672611055757,21.16986330896281,1.0420021381737543
389,10.837461102911698,10.676179586482885,9.915014761877698,9.64861078902016,-2.634795391403017,10.439500147898736,21.1294469792174,1.02919858763057
390,10.914674352441715,10.71975569619761,10.24081819667122,10.091430477568645,6.4882779321992246,10.481906368747937,22.865299303457217,1.1950624951015503
391,10.982058592061739,10.817509143720248,10.012153859653518,10.020946328699639,-6.956847980635377,10.61674654830809,22.84658021137348,1.1864521619311743
392,11.144908990161811,10.92290931676899,10.079976098345046,10.08997024878617,1.0694711427594754,10.71296446275394,23.428158664248453,1.2283249674086643
393,11.264719091911125,11.080828422547803,10.047390751428626,9.579492605258455,1.7923937211829006,10.697181207287422,23.453104804258462,1.2188385712347336
394,11.56883030551954,11.170732151619246,10.465324267722158,10.227396707914721,6.281172047953298,10.921204288927365,23.47863973142935,1.190980942590981
395,11.756483989984332,11.547631657767663,10.585565024928943,10.636923371536268,-6.091445865637429,11.302994695661205,23.468746829158967,1.1712262839174634
396,11.827620935027484,11.702930363919984,11.012365459724496,10.81573248522501,6.451866242520683,11.482387255810487,23.362561194214504,1.1534940259187019
397,11.895279567300918,11.744828803240384,11.155044201867751,11.062712954986466,6.846951951805501,11.514101335229254,23.409456251818003,1.1514176684517086
398,11.907860633815144,11.80830531052615,10.964208054144292,10.775981141364262,2.8724220450591105,11.620120308241486,23.381380500186758,1.1473519866371613
399,12.028304464363082,11.796043036659677,10.957245022415169,10.563001589723763,1.6061956537225655,11.378749553038823,23.375333243947853,1.1347028779584771
400,12.14140537569037,11.965435199750893,11.257188312736972,11.176765390284087,3.8810220616824864,11.712056566252484,23.514059350835325,1.1372653975144955
401,12.456733932483052,12.060518213048361,11.235657155919089,11.018318238922197,3.7428894617363895,11.829313817432269,25.760292252190577,1.3303558319707525
402,12.818678255550505,12.424121616738432,11.380863827509668,11.06704626754724,-3.7397216005083074,12.101975801800794,26.790215595696814,1.397153734014631
403,12.920966689855753,12.63333702780402,11.902400272823833,11.759119118111334,3.2400967194889567,12.32552560679461,26.735084401271596,1.3814117711415843
404,13.073512808299679,12.82145334628758,12.010589326734848,11.758797884338378,-0.7390095479257255,12.466302697696143,26.755873387871226,1.3682360579571546
405,13.194001166157566,13.0015199513117,12.087948965416357,11.972135032490227,-3.631008462961219,12.66560444302333,26.545838631458004,1.3351837465300438
406,13.867232700583877,13.110967427981118,12.355949238018031,12.191667731816446,2.696913240606982,12.800053800134688,28.393300853688572,1.4526068153104696
407,14.026809047218558,13.848136312197491,12.949685467289468,12.639628074811805,4.136214766943613,13.547838047440877,28.403506470301128,1.437669742308257
408,14.151599269099737,13.92078112694146,13.054333859867638,12.826536308098444,-2.663655325018553,13.721289039633756,28.502711941267165,1.4351112672167428
409,14.311493446190239,14.071871562816291,13.295644369114516,13.043703492594393,4.523674407311461,13.91020613306831,28.563373644859766,1.4251880198669526
410,14.418980894892654,14.1775038672603,13.276336135793077,13.029667313386728,4.3293859049998815,13.908314400713028,28.610128227337658,1.4191147332445004
411,14.459497666811478,14.315071766311704,13.446346329912922,13.107026810254553,4.529869653487509,13.933910556856539,28.572329988344336,1.4112832321532858
412,14.688845614589965,14.34674872834829,13.463846092193158,13.06346075734655,6.225457865838461,13.93953906160191,28.529542284654752,1.3840696670064787
413,14.725787860006681,14.576319313438425,13.726932286557942,13.328275383426362,3.5084936338129076,14.188460689221284,28.59585277026826,1.3870064910261577
414,14.850104720097441,14.599387090438372,13.573631300193233,13.058685286636084,3.7080953150469327,14.37863719572434,28.54145035097021,1.3691345630872767
415,15.012003302278979,14.685140629873395,13.68513346532475,13.91710478483877,-4.289986042647239,14.451468843691725,28.520174901507204,1.3508171599228225
416,15.193235248964772,14.98725072014058,13.881419699507674,13.500215236996702,2.350139236618066,14.689156684986646,28.604114835537118,1.3410879586572346
417,15.199842634353482,15.096275151653064,14.239745596196041,14.272901480028779,-23.060969013911382,14.841398661638324,28.54704732065226,1.334720468629878
418,15.377063203946602,15.08969925744263,13.893602731653688,13.79372913570252,-4.005788141941377,14.6839695367422,28.972467265323782,1.359540406137718
419,15.603753315891954,15.304406022984553,14.621835732030044,14.429684080568187,8.035080662639263,15.017685484252304,28.851399278929186,1.3247645963037233
420,15.68704221143327,15.55885877943293,14.440794988924257,14.381300003408104,-6.419939106286947,15.181582257071527,28.844114936440388,1.3157072725007117
421,15.763423422546495,15.614829421363298,14.963093994109848,14.815766327190728,8.889575189444535,15.361350384864053,28.759180332029104,1.2995756909482608
422,15.893974548100292,15.689403271720359,14.869861998684637,14.488409284872773,10.161172174802694,15.429032088488142,28.771006396236718,1.2877031848136427
423,16.026415851818207,15.847523710448952,14.944965759556835,14.86341771847568,4.598066399145928,15.614451243278868,28.760913017920938,1.273449716610273
424,16.155802333073005,15.922650051890956,15.019330148474916,14.794443729145648,1.3976301441954533,15.545523901977578,28.764893091895832,1.2609090758822825
425,16.305461199226173,16.06607860940965,15.09284914707862,14.713197839124744,-0.8907140496085155,15.81970881276964,28.663217017989265,1.2357755818763092
426,16.432977980986088,16.238411671052358,15.30886731088932,14.859164060378534,4.117691652565924,15.97761737093548,28.687846570118225,1.2254868589132137
427,16.483197751808035,16.368500757153488,15.084687905122923,14.821256009882388,-5.395628753263427,15.970521940225764,28.649863199005626,1.2166665447197593
428,16.96462175772157,16.415618208328745,15.681113045900752,15.69243839797659,7.364874031922824,16.098931699268206,30.906032609520462,1.3941410851798892
429,16.992707230350796,16.839753371101516,15.912976951097217,15.3482267097807,2.4763257799699403,16.51870175187441,30.86614513722597,1.3873437906875177
430,17.067452431066606,16.924799055760985,15.721990738254796,15.54016093625494,2.3840709200052146,16.618144042773167,30.812337474349317,1.3744885043282713
431,17.192788080827896,16.978834698141,15.852371349621764,15.634734483410748,-4.5814089799130535,16.717329427931897,31.36478854796102,1.4172000467133123
432,17.303310682699465,17.13202925146827,16.275993744658333,16.17608198400038,6.0850322010132025,16.81415527904283,31.893446172445188,1.4590135489745724
433,17.56284983154417,17.13926086085145,16.204776862987124,16.08407194301659,5.764637368149462,16.82316395473097,33.747557106633316,1.6184707275089147
434,17.664330849392535,17.476139241237373,16.135629642443497,16.165486120376908,-2.4368256500761802,17.099623957762176,33.74374387159647,1.6079413022203937
435,17.79419340147837,17.566778637461997,15.897533758558827,15.377992217305806,5.391792422797277,17.24086134701919,33.46039021678292,1.566619681530455
436,17.97659297002415,17.701844683246723,16.667550786345387,16.426335116286168,7.362556311972021,17.350772159448205,33.47294276106574,1.549634979104159
437,18.113409740658504,17.88927714854281,16.940689685234986,16.688518537818098,6.882351442671897,17.58889007248867,33.48529544795051,1.5371885707292008
438,18.501773007854528,18.09617568672972,16.5825650076517,16.398133663111558,0.7850136283265172,17.636649841855444,33.48236112878369,1.498058812092916
439,18.664439986722794,18.463390938510983,17.408441030897162,17.297758179803786,7.341742159609041,18.145922253257908,33.5889910372194,1.4924551050496606
440,18.79709334235632,18.55032888850244,17.403949151334302,17.26367786300483,0.5265556986010296,18.276129978786873,33.545390845820585,1.4748297503464267
441,18.91679163148434,18.684034190769356,17.404864727658513,17.110966417325205,5.636802539151208,18.3640153196383,33.54513587522434,1.462834424374
442,18.972738079494093,18.80782822203026,17.596552041493226,17.396147323113222,7.562064705470856,18.496728885260318,33.4075883352994,1.4434850255805307
443,19.29612791511678,18.909735297929856,18.045585775620243,17.88731503362372,8.794883586709567,18.67522578219306,33.45682895907974,1.4160701043962962
444,19.41705664990049,19.229713861441002,18.201085217576903,17.565917786658986,10.583191798704252,18.92800288421554,33.466371970575324,1.4049315320674833
445,19.43856335551636,19.320459458648436,18.39759297785921,17.94209409651956,11.372243688835773,18.99704340649076,33.42656872008738,1.398800536457102
446,19.531875649685585,19.341243208456163,18.048152389713994,17.473555288238074,-3.7147630566175067,18.991831704237523,33.45190639054098,1.3920030740855391
447,19.70119011870792,19.404924824576174,18.202781115803415,17.700337824123928,7.2142152676268765,19.111178601131954,33.38270304376597,1.368151292505805
448,19.963675677795752,19.638070142553634,18.52306748259657,18.391253235684978,-2.571345071380456,19.3279154170318,34.51221043605924,1.454853475826349
449,20.090680607024627,19.79027015725454,18.580819083809953,18.65139345190096,4.025238378025232,19.52760553137558,34.47989446167231,1.4389213854647682
450,20.258660210644056,19.99694463219108,18.586218407653362,18.3695784880397,6.641367230994703,19.709185292646026,35.31168364207001,1.5053023431425951
451,20.582952568954475,20.092721028005506,18.961457607598845,18.5528470981912,6.751509229415966,19.600529114348937,36.14779700487715,1.5564844435922673
452,20.734997107548928,20.543517727799596,19.416985448103784,18.628588949708742,10.702836663821213,20.09414561910547,36.250617250034146,1.5515620142485218
453,20.714506918480847,20.574485253497734,18.903681091050927,18.529836068092873,-10.734758437365294,19.932941674926187,36.21976329080138,1.5505256372320535
454,20.824542533791178,20.592494689687868,18.94114976062083,19.005739653005115,-7.6084994798330925,20.25819165802002,36.22602975444263,1.540148722065145
455,20.902307810876586,20.75542932887705,19.330858987607627,19.22055425893739,2.5761907907651604,20.329195861293815,36.10318514513198,1.5200877334255394
456,21.206321963496237,20.878815067720126,19.96634545740649,19.53121229310637,14.056316241308025,20.61101583277936,36.05176301341515,1.4845441049918913
457,21.243820750831965,21.081995503802833,19.820966909095834,19.681343604090788,8.56911059075162,20.59091020116457,36.04229704889039,1.4798476298058427
458,21.430806608258802,21.075775514602665,19.52992578795764,19.144445432712725,-0.6075286787169532,20.570894668310082,36.0609865175114,1.46301799092526
459,21.497224340795967,21.374826831290505,20.405106242673718,20.207839766217727,6.5700207205871735,21.004848552105905,36.05546103741516,1.4558236696619191
460,21.559809758147168,21.390185143172605,20.150241047825773,19.64206911929316,12.575869102253616,21.09085763241486,36.058101202406824,1.4498291444259654
461,22.077192434661455,21.44431661656916,20.431590626114666,20.269225804261907,12.103732251324764,21.12907464382944,37.222532574714265,1.514534014005281
462,22.37018306607598,21.997830908547638,20.75901956204228,20.22589516341407,8.104490085215392,21.594365711171513,37.18185700532323,1.4811673939247247
463,22.59033634925746,22.295969497279078,21.271468925972123,20.867254798361408,15.139400789587175,21.880086848206,37.15685367050732,1.4566517321249859
464,22.75271034697112,22.477532653779527,21.161030957648435,20.56053695121504,11.031814658722254,22.071961955732398,37.13542515751429,1.4382714810543171
465,22.918221888098376,22.731203161360828,21.40831511807134,20.59699740575278,10.071447246002784,22.352699352401782,37.15796177767451,1.4239739889576133
466,23.123130415311984,22.816086290138664,21.261907692076637,20.436243696817048,7.474691108935136,22.211940011669455,37.1159056996053,1.3992775284293317
467,23.20881839549004,23.057100880565457,21.549625473352375,21.374225361850407,8.946027127787264,22.63587736110933,37.10511496693771,1.3896296571447673
468,23.42801851000298,23.14697051465521,21.90906877237283,21.591834491935337,7.61901533082386,22.817032381285827,37.13083001934102,1.3702811509338042
469,23.508756168910224,23.317227462556684,22.073819215892723,21.68891668955751,7.456050002854269,22.951710385571097,37.01093138805515,1.3502175219144925
470,23.653355800995485,23.45677087474259,22.099326857706675,21.871419792892624,9.12107948173686,23.061832649756063,36.84339439685363,1.3190038595858147
471,23.751114995201466,23.559110872634974,22.20164228555059,22.298553887696386,4.07558349702682,23.247824349029635,36.830279649057594,1.3079164653856128
472,23.83409247050768,23.622909256081428,22.372700456592188,22.11132307619736,10.831727659285203,23.12640710057486,36.85369652743763,1.3019604056929945
473,23.904288921816484,23.75283006577468,22.65930512824964,22.440129833686136,4.827305597913547,23.473176677872885,36.81114926441212,1.2906860342595639
474,23.983500978678293,23.79899994155864,22.50072029300386,22.348614126647963,1.3746856480322336,23.425519482743375,36.839125369360886,1.2855624390682592
475,24.14680509466014,23.874643150280985,22.447128156728255,22.0505253966055,2.5399400426303558,23.50094941638938,37.00275189194058,1.2855946797280435
476,24.266449439169644,24.032421332773332,22.924665821027137,22.265583223085255,11.239030075200134,23.63045837596508,36.98452496058141,1.2718075521411767
477,24.317739839046183,24.156234984026757,22.78359802114516,22.322235411160307,8.256340308917125,23.690427463875857,36.977992551842334,1.266025271279615
478,24.366141607544375,24.25618529907112,23.068219956045713,22.828862882095272,7.138671239763479,23.836436502119316,36.96859553492385,1.2602453927379476
479,24.43311556882843,24.325010560241424,23.42116284936577,22.96249559369251,15.324102618154512,24.08247739315691,36.97489361707601,1.2541778048247583
480,24.493877959619056,24.30554960515918,23.01213483223975,22.88191553544026,6.4670874838069565,23.93518395142419,36.987129245063954,1.2493251285444897
481,24.516834341648227,24.326518319680584,23.04061136379405,22.51759854718216,11.292829041498802,23.85982620245281,36.98636938611643,1.24695350444682
482,24.62650003512094,24.434623881743427,23.39505066214704,23.093664261213622,8.568554431879917,24.138163367178343,36.930200988893525,1.2303700953772585
483,24.68494680228291,24.5005471657689,23.344028818349894,22.883742475290724,13.812977631729474,24.137451330899175,36.90554087704193,1.222059407475902
484,24.754425185426417,24.63061025619696,23.205955217424023,22.496354038858264,12.915140597604275,24.24480665106104,36.90760501314733,1.2153179827720915
485,24.872768222685686,24.661297768773185,23.36140364349817,23.094771299965608,8.419938291830032,24.298742944384117,36.89553140191703,1.2022763179231348
486,24.96665571679452,24.741376122300416,23.511967838489067,22.974502900965398,10.168568359797806,24.177383497520175,36.89294085128714,1.1926285134492622
487,25.21229929265676,24.962495936183295,23.705490031215938,23.12457473976991,14.727327652157925,24.74419239227291,36.89199843482108,1.1679699142164324
488,25.285584243546257,25.160800489007656,23.64709893230472,22.75479894389718,10.898224197142774,24.686665781139666,36.882610226164054,1.1597025982617797
489,25.548036367251903,25.24827212287058,24.05172057541883,24.084238269481936,8.950158548988625,25.047788263940568,36.93304247558113,1.1385006108329228
490,25.73727182873371,25.468963032224828,24.21233054474361,23.945640215591002,6.104786643673833,25.220109982052286,36.86631784126505,1.1129046012531338
491,25.798926594992878,25.63098019306948,24.361045147956442,23.83122134636433,12.277119808905766,25.183429937244703,36.87869122931053,1.1079764634317657
492,25.839869918869738,25.6362670939015,24.188133038649546,23.694798700719247,10.897361146909184,25.21175287305976,36.88199392034346,1.1042124001473723
493,25.90394642700906,25.71377381786516,24.54461004545195,24.160859653070403,13.9314192126553,25.347380713386496,36.91313377934279,1.1009187352333731
494,26.018461695179404,25.76774047223857,24.23162665816651,23.861270537510595,7.687998607355599,25.4058263850442,36.88297342911845,1.0864511733939048
495,26.039568803856014,25.906836028004943,24.57163662522122,24.09430524605751,8.90501281554215,25.479265693314268,36.80987877552993,1.077030997167392
496,26.252953823348122,25.96213794994349,24.46179147061207,24.260930513482847,5.902659206496352,25.6477358652557,37.87298495848449,1.1620031135136364
497,26.269360956595637,26.06313592284023,24.67519238007962,24.298068233009413,13.456318987118149,25.50801204401294,37.8859770495924,1.161661609299676
498,26.333858232179814,26.16993011963573,25.184785440629028,24.745173603514466,14.44499816613343,25.908540999540456,37.845212427628276,1.1511354195448462
499,26.953115367922507,26.25593476979083,24.776110894214696,24.857320523411843,-20.460157207916822,25.96059659386453,37.69777440639924,1.0744659038476732
500,27.026498056352658,26.896547611335514,25.670716434148282,25.09149305884539,18.82540121669104,26.32041825155285,37.74104091199882,1.0714542855646163
501,27.650678280572638,26.921414872462968,25.715583377114537,25.230032527031767,16.31725594274179,26.43028166791673,38.81967522622037,1.1168996945647731
502,27.737455534975552,27.50316821527105,26.134231392335963,25.794969623747953,16.924394711479792,27.046476932823737,38.87482970402159,1.113737416904604
503,27.839056621835702,27.615207419792178,25.869895758182427,25.43932435399339,11.345212637956521,27.19769334582291,38.92230182072467,1.1083245198888967
504,28.083800209693667,27.774915596792432,26.61396078354493,26.084857268636732,13.460473134201205,27.359672954450183,38.872411340605574,1.0788611130911907
505,28.139108823737168,27.963446289882675,26.583327468573117,26.66258170615947,-2.68428642675849,27.51423844176583,38.82263344312211,1.068352461938494
506,28.23856872724741,28.05989527671622,26.77609608234508,26.68743089669938,12.553318091376521,27.64215288094946,38.922093346632344,1.0683524619384934
507,28.356355281929243,28.070489793167617,26.63698035796629,26.445959784769116,7.094112753448947,27.85028465462582,38.78796130336018,1.0431606021430935
508,28.55021864980273,28.225434219557755,26.807638248855667,26.113021203525378,11.803753799992869,27.91815204670882,38.78527283468138,1.023505418487865
509,28.60107633768058,28.46521022323618,27.27889016364362,26.91187977920164,15.763324353255378,28.12876064634494,38.83543869158832,1.023436235390774
510,28.73999805111638,28.46275399392639,26.976512099287184,26.745599388188587,-3.9247996187489207,28.101800498193928,38.81016976874515,1.0070171717628769
511,28.95352578143265,28.512122807951542,27.121707133153425,26.820182152468217,15.993366362904148,28.070296764203608,38.70655578244371,0.9753030001011058
512,29.001180380009075,28.788221986724224,27.36473535170937,26.768790938792378,12.591576065236794,28.458026343682626,38.653865316393656,0.965268493638458
513,29.211669648888964,28.94515588164939,27.678431229286776,27.536240321864884,13.441267161231359,28.62126519926958,38.580914300332644,0.9369244651443678
514,29.32676229374016,29.050025077846847,27.925682527770398,27.52147562869696,17.822173640974516,28.74597335581022,38.584614787804824,0.9257852494064662
515,29.33229988462186,29.140837988570045,28.094525514349886,27.65476569173742,12.112443567913768,28.806558746386287,38.590152378686525,0.9257852494064662
516,29.476517651788534,29.255135416425983,27.761419023612014,27.435854796982458,9.30395559496294,28.82986130031697,39.09563566617254,0.9619118014384009
517,29.56064354647453,29.352144760202158,28.02324956177168,27.7448545523483,14.558306112131056,29.05227139480526,39.11310050683268,0.9552456960358151
518,29.587640603925944,29.34071700472981,28.03406706546497,27.552034130982626,12.506698118321339,28.930166699054283,39.13216137371242,0.9544520769786478
519,29.687324685974236,29.422536385376592,27.860802966645632,27.550915529935512,16.183726624725846,28.966923692881878,38.99198027017165,0.9304655584197415
520,29.74554421817902,29.571214310274954,28.106203618070474,27.385367139081232,17.860646573801148,29.090377689766214,38.981122761233536,0.9235578543054513
521,29.783553979262983,29.622642795809032,27.86673911951439,27.451476176186414,11.897903335233934,29.07352674458246,38.91702841982724,0.9133474440564254
522,29.839606036788716,29.584859260777804,28.36713666168256,27.861010808657,18.981315254927885,29.175004472532535,38.94131657893496,0.9101710542146245
523,30.013860020612086,29.695153845387264,28.754449472698838,28.287925271512474,20.435827800780537,29.39315193428515,38.963389296897155,0.8949529276285071
524,30.05864729350441,29.89876361749387,28.513931382328646,28.394587535180698,17.148868974683168,29.471102036923256,38.928602770802286,0.8869955477297875
525,30.116397979731705,29.97752169976586,28.493739235612978,27.96537513934988,12.849098304930891,29.514606890482135,38.91002588207776,0.8793627902346057
526,30.166144567100694,30.03487519179101,28.67439477299883,28.525505019559702,16.224601099406133,29.710268722225372,38.95977246944677,0.8793627902346076
527,30.211776903230913,29.988923318302334,29.01284046959839,28.342001690357016,24.884333172677188,29.55042468008859,38.932012748533566,0.8720235845302655
528,30.256538408879827,30.105000334564938,28.708130402000286,28.734764090582033,13.988328677690852,29.688147021409897,38.92835692608587,0.8671818517206044
529,30.27886984175833,30.060231959606888,28.398065974982117,27.95361523305922,16.98116591763433,29.50659478744108,38.950688358964356,0.8671818517206029
530,30.2957648477509,30.170960785365498,29.043593341683213,28.541457187370934,20.672169903577032,29.910147816299194,38.937955850670214,0.8642191002919315
531,30.329386592940175,30.18680539794277,29.113039550158167,28.601992341138267,17.999887372259238,29.89375551332673,38.91313558054845,0.8583748987608276
532,30.42285765469287,30.263911313070885,29.055113747999282,29.03464311120225,18.836825440972184,29.912000450704806,38.810683156467945,0.8387825501775078
533,30.666527610728846,30.327487663652754,29.454953791434562,29.246949625338587,16.986448135046345,30.103022903517974,39.42879470934329,0.8762267098614447
534,30.736060514039025,30.609697982510767,29.281688967314732,28.93930224511836,16.198270743694795,30.046919911081474,39.43262609142408,0.869656557738506
535,30.782072003595264,30.65933298477324,29.651213173544658,29.522023851020265,21.805697598495435,30.33039859525471,39.43175119148027,0.8649679187885002
536,30.86152876892897,30.718654627589427,29.637373515288864,29.368453684973396,19.739808725546688,30.379579965142533,39.448194042765316,0.8586665273836348
537,30.924385876452135,30.76233115718181,29.582025022745132,29.131111819754565,18.263414195723833,30.317580823315364,39.4043867040063,0.8480000827554164
538,31.04117790847177,30.880154052610248,29.255142660023623,28.823716800151992,17.245273642089312,30.509708150407015,39.625956098058055,0.8584778189586285
539,31.107351325568054,30.930857189328073,29.580002497700875,29.03304058863727,15.905278979274321,30.57949012187132,39.66811183337563,0.856076050780758
540,31.219109863848246,31.008525199484026,29.87445129372402,29.81206353314638,17.29758545131484,30.63451626081699,39.674573408850655,0.8455463545002407
541,31.259685683964666,31.010301817752143,29.78183844534953,29.510622762338688,20.43374762906735,30.597041698516218,39.63872909879584,0.8379043414831178
542,31.326706566111135,31.168122948962804,30.15521294437736,29.692431726727968,18.671057559303637,30.706150563976006,39.65700901096973,0.8330302444858595
543,31.34754658919926,31.1589893420758,29.62191093146511,28.87291451704816,15.918906439416382,30.75791025693249,39.64584078140414,0.8298294192204877
544,31.428378238362644,31.27717389732085,29.850342548219647,29.201465898576036,12.779034848894018,30.79476226851747,39.660406925643755,0.8232028687281111
545,31.461771696403336,31.32870433513405,29.96128266103316,29.77247959932422,20.034472699512328,30.993164189257435,39.660310603657386,0.8198538907254052
546,31.512694217337668,31.287226138660028,29.619552531191335,29.128994663720867,13.45497905512249,30.792685884272846,39.90260840822395,0.838991419088628
547,31.653413881968437,31.411033463911686,30.129101568508485,29.867485862575286,16.59134755463689,30.927165970980873,40.37220241490742,0.8718788532938984
548,31.800568391474144,31.524841186576175,29.778785452705332,29.426255218081415,14.557325212833408,30.924373504156375,40.33260165380323,0.8532033262329085
549,31.855975052416973,31.68062832589596,30.32620683054198,30.095940327365817,13.698263494063227,31.19310435669817,40.389215753418824,0.8533240701001851
550,31.83857323756574,31.65439577414374,30.03881327173542,29.932378439986543,-15.03103231489498,31.194580996841857,40.32704765373189,0.8488474416166147
551,31.88483013372619,31.7131700996911,30.094548376820878,29.236024384480235,20.23007559080491,30.97608101744052,40.37330454989234,0.8488474416166151
552,31.938579090353986,31.78755808923907,30.358596777869675,30.002539727247896,20.918942897697118,31.342447667347514,40.34853766804012,0.8409958577686136
553,32.23367652369957,31.83319082516776,30.42131602337653,29.751688518467052,20.146252041089888,31.412355521944534,41.44596801208898,0.9212291488389412
554,32.32639706617218,32.08359846880658,30.70079091729644,30.066583238996632,19.281373020240693,31.534902727727086,41.44103072178696,0.9114633655614784
555,32.36381295778421,32.204860160559235,30.788159581983308,30.4335103638296,10.019282544341923,31.83899079515802,41.478446613398994,0.9114633655614782
556,32.36713914605251,32.110022062608195,30.637135305813487,30.174932555186466,21.45790068798121,31.460042565708775,41.46298113576202,0.9095841989709512
557,32.38916537523706,32.27285803284336,31.1227318364231,30.77834529123198,23.004027678007496,31.856443624661097,41.45338458834489,0.9064219213107826
558,32.447423898256375,32.1437216113886,30.849470530416284,30.344231599424756,21.390204019964273,31.59086126684057,41.73222363384864,0.9284799735592267
559,32.50279190925596,32.378827106967556,31.037074770303338,30.38955656568168,14.083817964231159,31.89069709656568,41.74889795021473,0.9246106040958768
560,32.553568296788896,32.38989560558328,30.907277602326666,30.019983952892836,13.968874670093516,31.84525234882195,41.769740783358856,0.9216172486569961
561,32.74225837697952,32.33763894933547,30.879368657675602,30.42204385632692,17.041324113725356,31.84766304852365,41.701211319279764,0.8958952942300239
562,32.82969704885802,32.647159012535205,30.955250946532598,30.591848121543478,2.5272694649590264,32.28446289540705,41.72073113881522,0.8891034089957192
563,32.90168745952754,32.76819416157488,31.51712911260917,31.4234722847848,16.163227851163033,32.34825484213211,41.71223767819501,0.8810550218667476
564,32.90214258863901,32.75024193569433,31.153429746451874,30.76103858864835,13.079797266124956,32.28462982497258,41.66886969556028,0.8766727106921275
565,32.95549655260585,32.78868986886483,31.42913665911579,30.846226758721745,20.789978148168846,32.41611716966894,41.72222365952713,0.8766727106921278
566,33.0635466205715,32.83489854817685,31.57477138060959,31.31771216799747,21.15513261257746,32.28102720200629,41.712281148119196,0.8648734527547695
567,33.082754935475414,32.941251460473026,31.584748491332956,31.212731157054435,20.835230155897335,32.40772092283996,41.7340788546821,0.8651323919206688
568,33.15193926553179,32.92066157246178,31.56211640136205,31.111834079109258,18.56575444321017,32.404433347996374,41.709325012052744,0.8557385746520959
569,33.1491244555391,32.94452900746738,31.169401947421594,30.863204196348963,14.163382265120006,32.37149138929235,41.67488742545839,0.8525762969919283
570,33.18653870253947,33.063825500094374,31.600578675378113,31.252165641498827,14.730625926471195,32.688725952230605,41.69613144025244,0.8509592737712967
571,33.20117291071233,32.98860842470117,31.67367065770344,31.087167763862936,18.746836518544995,32.59609232769469,41.63801428739405,0.8436841376681719
572,33.26607672797997,33.135477839193385,31.859127671839357,31.188764546144576,21.185092668763346,32.731606465453645,41.58408815611981,0.8318011428139841
573,33.36726772083209,33.21828953349021,31.690567532167083,31.11174728780106,14.376006682570036,32.80579696983516,41.65618604241413,0.8288918321582036
574,33.950309509824905,33.28534694230229,31.738003073993234,31.14421792410372,16.78146100592479,32.74164476938476,42.25140054247575,0.8301091032650845
575,34.02891684776915,33.820820158331244,32.64123270871162,32.2475011467842,15.655611917995994,33.39515665105123,42.261190077661055,0.8232273229891904
576,34.05071130956778,33.967698586038566,32.80690224195973,32.59792041362186,23.593591226024433,33.52011839121093,42.2269333750979,0.8176222065530118
577,34.12287214692209,33.97210197407831,32.12115447120197,31.738091835392943,9.336071509001421,33.262465777368526,42.285911645066655,0.8163039498144561
578,34.142697256598524,33.96658231089308,32.55744394489173,32.1540442268537,17.85863764751233,33.45064510330269,42.26967367145594,0.8126976414857415
579,34.67053667173042,33.96422026269373,32.60544009854908,32.07257598749502,23.93820174802042,33.44740886727484,42.7183418713776,0.8047805199647186
580,34.70014382796894,34.525039538285455,33.04096448334663,32.28625070244501,19.72596093722,34.115397594401706,42.73592638326996,0.8035782555301026
581,34.78204773616234,34.52667637815747,33.143217083465466,32.9286711739618,21.684449784907965,34.046572028084555,42.71427185141987,0.7932224115257529
582,34.81749768770771,34.67825309793298,33.06761701624869,32.53724658715102,15.298409484819011,34.13222474932788,42.745324547187,0.7927826859479294
583,34.83591868930647,34.669730737289036,33.18896018107749,32.507735662021325,16.52329259399044,34.143148840570916,42.767851120000564,0.7931932430694101
584,34.83546043325968,34.638534208061884,33.21394098338418,32.60184195492347,22.6852082484374,33.95583574447221,42.767392863953766,0.793193243069409
585,34.832858374721894,34.695239416667846,33.30661668150994,32.92966772512151,19.28612345138578,34.30022566241698,42.764790805415984,0.7931932430694092
586,34.83507001128207,34.69673313360829,33.249138886040406,32.91816313215952,17.878257133652927,34.22869685902259,42.76700244197615,0.7931932430694085
587,34.86463468670314,34.65948600153993,33.497415847284024,32.83578270273015,26.24458541459369,34.17731539742722,42.764112141318954,0.7899477454615815
588,34.8492845710378,34.685549395565026,32.9288098554281,32.407558845938524,19.565925625228562,34.099928507474004,42.748762025653605,0.7899477454615803
589,34.88277807791218,34.69366673711559,33.31144050647213,32.88364082642508,23.188187754824472,34.193108829394504,42.66106531223373,0.7778287234321551
590,35.00280612799417,34.68482569864347,33.14145625378333,32.337186740074294,17.351491130052736,34.037010979561785,42.75102747955953,0.7748221351565362
591,34.984630456989805,34.85033162574854,33.24236202729135,32.19712858974679,20.265884338511597,34.282510945241526,42.70158367436441,0.77169532173746
592,35.009618851868545,34.836451291404906,33.26810264320705,32.66498498189931,15.239386531041049,34.172495823035234,42.72657206924315,0.7716953217374599
593,35.028602675734255,34.888205166824086,33.65128039313248,33.45284705080472,12.96637483236167,34.4919294499194,42.74555589310884,0.7716953217374589
594,35.094169494251524,34.93276099506874,33.488706278950275,33.12595473366664,25.796923383485517,34.449736801890474,42.666506953188126,0.7572337458936599
595,35.143878569897964,34.93604505071019,33.566916361925244,33.10036689718589,22.358894846592207,34.45975308469892,42.72867516422705,0.7584796594329084
596,35.14325806560296,34.97832331026134,33.31407454566391,33.0528284348312,14.192322011828875,34.28590089989309,42.69104429372408,0.7547786228121128
597,35.19965463598726,35.015082432616325,33.507167249918986,32.9761143480011,19.110784369708313,34.42389875023801,42.63142450098897,0.7431769865001716
598,35.31875761373706,34.95772934156282,33.65846366299253,33.08015953638012,23.606894836408102,34.48083688365738,42.59730470029904,0.7278547086561977
599,35.38264787006852,35.226496273299574,33.83025812025301,32.95709477401471,20.848523853784116,34.94251219041438,42.61498562831798,0.7232337758249463
600,35.401589257948814,35.269014826302936,33.37734080289752,33.30826402752878,3.1487565049485013,34.654109356024314,42.633927016198285,0.7232337758249467
601,35.41787981048017,35.29303694580581,33.657121600677314,33.30425885202946,18.130192083042328,34.65815798427021,42.62794884886942,0.7210069038389251
602,35.42336046128999,35.171537590263455,33.543741609248855,33.049126230090195,20.281348212179083,34.52732200332903,42.637798274813974,0.7214437813523987
603,35.41796183472235,35.213529644897505,33.893655257886124,33.1152998791498,26.119127699700595,34.67721019649176,42.63239964824632,0.7214437813523975
604,35.42278268354769,35.29447139549159,34.19229514903018,33.95229908971276,18.985869902866142,34.882941501923554,42.63722049707166,0.7214437813523974
605,35.410683129518596,35.19330301266944,33.92558450151051,33.51975085574577,24.11375335208963,34.74784758557172,42.58167403672533,0.7170990907206733
606,35.515626051458774,35.28133410826349,33.55911014774296,33.06667267223215,24.314062286676425,34.52660201915977,42.634135697911,0.7118509646452225
607,35.50984433060339,35.325138679399885,33.936152434022766,33.42565682779215,23.40506416583339,34.84956276574122,42.600087684087775,0.709024335348438
608,35.60111390587548,35.33973268208618,33.68429691052978,32.875680220409144,17.146527765241963,34.723108113676595,42.57923550114628,0.6978121595270796
609,35.65401811172119,35.49821778540753,33.44422544659582,33.47345563955624,-35.21765672876524,34.83033358129531,42.61656413571953,0.6962546023998333
610,35.67905072296621,35.505442839830145,33.82780339829383,33.213415262091026,21.447106095689065,34.84522994847778,42.64123892500859,0.696218820204238
611,35.707165656194135,35.560658942018755,33.979884613712244,33.118437579091434,22.638638408678716,34.98844658650621,42.66961089781478,0.6962445241620644
612,35.7038949005443,35.59111454864597,34.154399311982154,33.56409854420187,24.695511495614948,35.217698172163466,42.607234764087266,0.6903339863542969
613,35.783428736322236,35.57339833071782,34.10671296534937,33.389935951591276,18.60490631879612,35.095130552953535,42.679208556323765,0.6895779820001533
614,35.781084514936744,35.602576308103735,34.41739636996797,33.62775024008638,25.251316890782903,35.17988774868289,42.554856441450504,0.6773771926513757
615,35.84974256605606,35.695653561631026,34.06763200549287,33.94619188465987,3.8915313115736154,35.16047754811433,42.62351449256981,0.6773771926513752
616,35.858909306463026,35.76500642923069,34.439610496662645,34.12653194431916,23.7737215256504,35.37728554555578,42.63268123297678,0.6773771926513755
617,35.9197658985772,35.703264174191595,34.176541482482094,33.80197922840247,16.70616259749847,35.33283242641124,42.64820567528236,0.6728439776705163
618,35.948448864416804,35.787563735301354,34.41097221005818,33.690242977594735,20.12461685833025,35.36911824687711,42.6137444338214,0.6665295569404597
619,36.000604271667534,35.816191493199646,34.314351297823144,34.08240071983157,16.45355626330567,35.34625310578073,42.76429588918491,0.6763691617517373
620,36.00064196201809,35.88905055808645,34.415271970489314,33.72641070565989,23.83694491915808,35.43930393114377,42.76433357953547,0.6763691617517371
621,36.021172413864086,35.8195738979149,34.52747641648734,34.06468897388167,22.574816408039005,35.47549918906717,42.75134290757706,0.6730170493712974
622,36.058215803265334,35.89437205986708,34.48333336707647,33.52634209848008,24.953544196349593,35.2269024070616,42.77370591060073,0.6715490107335397
623,36.04384168455616,35.87910285259281,34.398088702966305,33.871938653689234,26.118438890036114,35.38383246527392,42.781195228872015,0.6737353544315854
624,36.08003856937286,35.88900343563962,34.09344516125961,33.60235464576086,23.26225194824457,35.21929851656594,42.81890567493715,0.6738867105564286
625,36.09824953222436,35.99762045093851,34.587327927183566,34.151767876744145,25.333200604311603,35.506569005727926,42.80348746539955,0.6705237933175193
626,36.16665750878097,36.00884470962009,34.099328138972176,33.19660586519545,11.634210557147032,35.428083995865585,42.87189544195616,0.6705237933175193
627,36.12583455656936,35.89128092989748,34.4061767525208,33.846471069648956,19.229513342553105,35.52413931868469,42.83107248974456,0.6705237933175199
628,36.17648022879001,35.97628220673327,34.75480979862074,34.333872823455266,25.192306206763803,35.41673581244811,42.80987771211121,0.6633397483321195
629,36.21783655837333,36.076936808162195,34.735932260514645,33.880689420029036,28.266204522612806,35.760290506079045,42.826359275410546,0.6608522717037216
630,36.257939439055896,36.07208341087884,34.93394320928437,34.29886251926178,27.32178440692416,35.52365060905889,42.83392461339103,0.6575985174335132
631,36.26165366633138,36.11732062748883,34.457717144471786,33.96983540985431,4.318652879767626,35.48899010068913,42.772551283240446,0.6510897616909067
632,36.291921720650905,36.163810425635475,34.27262604901699,34.3235629003441,-14.629505238002857,35.594674772092475,42.77578394211277,0.6483862221461866
633,36.29221722076105,36.205232735342015,34.83574251301547,34.31579354770322,18.22770568257104,35.70781089789771,42.76940483416513,0.6477187613404074
634,36.32697693174353,36.130284557204334,34.70122611107524,33.85057096192725,22.200325994929987,35.622904408281514,42.79732141069454,0.6470344478951016
635,36.33060640631081,36.18257893119389,34.52874980419539,33.70997299905207,23.807866696732415,35.705882794520605,42.7006376252402,0.6370031218929392
636,36.393969225802834,36.22938524065503,34.99246158011759,34.301436271495305,27.551895388403015,35.56764291850724,42.76198965492683,0.6368020429123992
637,36.37827664538348,36.23626505969307,35.031486610425084,34.64194528388222,26.186134238757685,35.61009332821726,42.74629707450748,0.6368020429123998
638,36.366592007488606,36.221882009241114,34.97210255447486,33.99565714100311,23.71968854538491,35.797650692505286,42.734612436612586,0.6368020429123983
639,36.40162318923048,36.23798344913237,34.60543129013265,33.71545629948798,22.120197449422776,35.61925462837032,42.78716166383454,0.6385538474604058
640,36.34304875151045,36.24398109101985,34.838587403699506,34.05462238942639,25.807471539486016,35.78870103347322,42.73537554027767,0.639232678876722
641,36.3683889472823,36.10647795440588,34.64016916031314,34.097627926930464,17.43654613101792,35.422773270972556,42.72246752701824,0.6354078579735942
642,36.45010243326447,36.19236849679986,34.759102370186966,34.45096166495851,14.37636008987311,35.71862228014442,42.6904440196795,0.6240341586415029
643,36.49725140234724,36.41880083966659,35.03039630198875,34.30174756908339,29.139785548266484,35.89030857964948,42.73759298876226,0.6240341586415021
644,36.519971896235354,36.35404348132741,35.096344059821995,34.92646459845092,22.523560390831953,35.91320897244749,42.753047700665675,0.623307580443032
645,36.54733796750725,36.4104705004905,34.85666748804947,33.970586347294145,22.68664759126291,35.93216645335887,42.762943687122956,0.6215605719615712
646,36.55590631571826,36.33747175495105,34.76984172376485,33.819610456576186,26.847791059360816,35.53652829346255,42.73401053916145,0.6178104223443194
647,36.537044988106246,36.37564336206561,34.95068958917683,34.591461125292305,18.831616708770063,35.886836879116615,42.71543393889207,0.6178388950785826
648,36.593282708838586,36.30618643700985,35.02953007391873,34.10014681942773,25.560480466550356,35.83256420242495,42.77167165962442,0.6178388950785827
649,36.59025799029956,36.40937737994296,34.87863936095371,33.96511991582108,24.68325784424722,35.76113610673791,42.704083131143456,0.6113825140843896
650,36.645658756709295,36.43034171105517,34.84516164959017,34.35117345850607,19.060279207923486,35.870647227833544,42.759483897553196,0.6113825140843899
651,36.66089628712759,36.52626171639032,35.35489724684575,34.71804779091905,29.050067021419743,36.0010642812379,42.6632164411088,0.6002320153981208
652,36.71150145797599,36.48687044361191,35.190816774780316,34.43382950713198,23.26119887463758,36.05809712544788,42.71251541363879,0.6001013955662802
653,36.72247210700924,36.5281005243841,34.736798691698596,34.0778794391451,24.116249557610566,35.94375506800947,42.68271855736327,0.5960246450354038
654,36.77546730114056,36.64497399859035,34.87624769606596,34.181476012486335,22.211356035205974,36.05623092844517,42.718841124359116,0.5943373823218557
655,36.7810472881448,36.51955983307275,34.88793194258025,34.17844914845541,18.3707590535793,35.808995089838746,42.72747665267887,0.5946429364534067
656,36.76659592622036,36.644967660474855,35.569260170041005,35.370789926238416,22.28844364668313,36.30030418177212,42.71302529075442,0.594642936453406
657,36.802402965246905,36.619472660675115,34.86949157469887,34.63255292008505,-0.1558541022584663,36.00770133277024,42.748832329780974,0.5946429364534069
658,36.78770442206613,36.57285287213801,35.07745313586757,34.748241615365394,19.9583735066533,35.98201968268415,42.734133786600204,0.5946429364534078
659,36.79257735595917,36.57940817972588,35.18815700930286,34.31521372015064,17.957177984632356,35.99233284120574,42.859593291543604,0.6067015935584439
660,36.803346413271754,36.66255139564761,35.01070800555875,34.75644589604563,19.67573879866566,36.06061065896442,42.87036234885618,0.6067015935584429
661,36.79920729347632,36.666910863564574,35.49893219289855,34.91484472047865,27.90429073852026,36.2193903458042,42.830355595048154,0.6031148301571834
662,36.870422903816,36.69002714876655,35.34144367332317,35.04236696090459,25.81679550136742,36.091276367465795,42.797389725820125,0.5926966822004126
663,36.92378410642071,36.794879414827996,35.456088432998456,35.21061423531261,17.917156508678552,36.36573092273136,42.85075092842483,0.5926966822004119
664,36.944133898348085,36.730220888510885,35.24432311209462,35.25214549391581,24.43661273158509,36.33974340746542,42.87110072035222,0.592696682200413
665,36.99799044916465,36.77818775180666,35.66868267937594,35.60067074185645,24.63424294139452,36.319664165605715,42.76603605497329,0.5768045605808648
666,37.04697304566105,36.85521984975699,35.70825733991528,35.145827308220525,28.20211189083676,36.3045690283374,42.84638438849311,0.5799411342832055
667,37.03456845109987,36.81707135297836,35.19281499631132,34.53967248051829,16.43552394239051,36.25340525802551,42.78471584901323,0.5750147397913358
668,37.134113065406666,36.90253060844488,35.36491601738722,35.12866379888197,20.479782954272025,36.37119124112141,42.82201149833722,0.5687898432930556
669,37.194496143301365,37.05656896461581,35.28021090186828,35.19880698593766,10.935386715876177,36.543699093455174,42.82213441626394,0.5627638272962576
670,37.20083341837285,37.05664328966369,35.63729538281536,35.085972944350644,27.382629357216008,36.29722128946449,42.82847169133542,0.5627638272962572
671,37.23081780118903,37.03259964843753,35.38901006085373,34.82662111273514,2.5198554344440893,36.25518840107823,42.85936881933298,0.5628551018143946
672,37.21659651234209,37.063985546595376,35.83146424387021,35.29817254291226,20.147717313148643,36.39672203624166,42.84026418122679,0.5623667668884701
673,37.23872912951583,37.125601169359015,36.05089919884134,35.42209598380622,27.945809768324256,36.8151822513161,42.86239679840053,0.5623667668884702
674,37.2399352096481,37.09629651423524,35.736477305703,35.43279810636766,24.973079873352262,36.714959006825495,42.76246515802174,0.5522529948373639
675,37.29398104775542,37.15258714528669,35.93697381770829,35.26610869996431,26.37188728234741,36.812285114157056,42.816510996129054,0.5522529948373629
676,37.29020160552673,37.115644053978194,35.67500471379752,35.234526984303855,24.78953932629165,36.55706179440858,42.81273155390036,0.5522529948373631
677,37.31851929761151,37.19952775522991,35.718072367601486,35.545187237788355,19.049438915933578,36.75197186154992,42.80161579023102,0.5483096492619507
678,37.31876892273449,37.171022862582646,35.76808477478974,35.197221341982186,24.022045277798043,36.644722706887336,42.801865415354,0.5483096492619507
679,37.32595576512142,37.19770345375408,36.05314346070112,35.566719680983056,27.121555084166197,36.765607248699766,42.81412880408534,0.5488173038963918
680,37.35375058605011,37.154844642190575,35.7804853103282,35.00693361296266,28.493513844358773,36.65212298476066,42.79950295191341,0.5445752365863301
681,37.34747591921563,37.25374272251693,35.85789082544386,35.72174272119966,21.41570434861995,36.79682905156301,42.772038200839,0.5424562281623369
682,37.35727469864981,37.24592882977851,36.09461618004267,35.49485961044208,27.417550734233103,36.78203652442492,42.79866110844224,0.5441386409792429
683,37.383637428076575,37.2465062802237,35.742816579315665,34.836900558862844,24.636700099639892,36.73365249290951,42.77680519219294,0.5393167764116361
684,37.412310797372896,37.298881375948916,35.707861054220444,35.373759984614885,25.139407509972077,36.652997718055815,42.77521455930009,0.5362903761927192
685,37.467506800552975,37.31694634345807,35.81725397278748,35.488171013597196,20.90074215976984,36.87961757279194,42.83041056248016,0.5362903761927186
686,37.45156752572696,37.31429747243852,36.25628945806362,35.715393980040275,29.141695896666537,36.960729774564356,42.81447128765415,0.536290376192719
687,37.47688249541773,37.24726592382153,35.83007357123942,35.05059754097635,27.86207785498006,36.7630805961956,42.78951896041185,0.5312636464994114
688,37.49455700466522,37.3791077935022,36.28087498737943,35.92104256556498,26.01257157553711,37.053443409734776,42.81468986153747,0.5320132856872252
689,37.49315050919421,37.23125710306164,35.648224685203736,35.192554548183324,24.39703466828495,36.632767909913355,42.82148771469903,0.5328337205504822
690,37.498421438756296,37.34212621458737,36.16600413627611,35.80439978303977,27.272773409782438,36.95102697647283,42.84273399970271,0.534431256094641
691,37.51897175326259,37.28942629787921,35.99618642260105,35.64497535436651,20.02206733138652,36.88173300441103,42.82513836311764,0.5306166609855046
692,37.532021554321126,37.392994052360756,35.68863496671283,34.77326429220611,24.83872886254737,36.70375110087283,42.838370134262036,0.5306348579940907
693,37.54682377528528,37.40449500594208,35.87726822126438,35.11605363045387,26.270681048285216,36.88103338828835,42.8531723552262,0.5306348579940915
694,37.560155274449315,37.363386762883586,36.126789906434674,35.39457145374412,20.73917717439613,36.96924876957364,42.840688810274834,0.5280533535825519
695,37.555027692243556,37.27194786023109,35.97272504828602,35.731987151434204,22.260207783767644,36.84447326005237,42.81611612403834,0.5261088431794786
696,37.627535719611174,37.455708759413625,36.01188578537478,35.308213229260886,25.170602312681936,36.943606140329436,42.793611559437856,0.516607583982668
697,37.689896529341254,37.54346043137249,36.22902100056002,35.89084648755471,26.11524433512791,37.11665699048051,42.83043052771953,0.5140533998378272
698,37.70006948868023,37.54089494594587,35.99914903148352,35.5113571535262,23.835661455279116,36.789738575276104,42.805744773887525,0.5105675285207297
699,37.74346996512646,37.58218807560084,36.3835803009798,35.86491200052171,18.708422046937546,37.100494772454915,42.79055720381804,0.5047087238691584
700,37.781794917613475,37.618003807569245,36.296303846242225,35.812939612189496,17.016533296505724,37.21898949223264,42.78634048172319,0.5004545564109715
701,37.87231219029473,37.65441300629173,35.955598520816714,35.14167770130651,22.406363368869215,37.02055837336127,42.839669180156186,0.4967356989861457
702,37.86034724122991,37.70580688499322,36.27516501079532,36.167280801445834,20.262460186786456,37.313824187228754,42.827704231091374,0.4967356989861463
703,37.85039387105349,37.74707543825291,36.378588733671165,36.20803193443654,24.684933378661672,37.54884374950906,42.8191963006857,0.4968802429632206
704,37.87620405252115,37.70387584648872,36.470553589977584,36.34595124292032,24.50599194508194,37.35347556464327,42.811938265780924,0.49357342132597726
705,37.89825411688366,37.75204600561789,36.198600301602056,35.54505526628184,24.041354203894095,37.14210948921383,42.830752393574144,0.49324982766904824
706,37.87559530793432,37.6988951318224,36.53394108102654,35.700499972554574,28.25777239900639,37.22065174630417,42.77758804127628,0.49019927333419616
707,37.92319571538615,37.63830429152096,35.96961224603063,35.71893627035994,-20.744984146488676,37.07438555055269,42.824585889142035,0.49013901737558846
708,37.941443377507134,37.78678888430035,36.23436343064065,35.99183234979058,24.537410774367192,37.14858770222924,42.84283355126302,0.4901390173755883
709,37.909439449087614,37.74825150188962,36.38745321935011,35.657439315231215,27.809644875673328,37.27636292031424,42.81097753368231,0.4901538084594701
710,37.91971671340387,37.84511747953095,36.5497120676382,36.136389879031434,24.961671803030004,37.34779873296379,42.78963202139688,0.48699153079930124
711,37.93846592904125,37.779881795499925,36.13326761239549,36.072974667233396,14.41846529468448,37.21282081692118,42.80838123703426,0.4869915307993013
712,37.94254691230453,37.79044219720414,36.497015422949154,35.51005691861005,24.83917827206216,37.28482764197438,42.80504911788453,0.48625022055800027
713,37.95245419176546,37.800447099773365,36.638781874041555,35.97746129717659,23.393422784862256,37.292799254204006,42.81495639734547,0.48625022055800077
714,37.96790560444051,37.83318149507708,36.54459630144124,35.9088941921561,24.898566342488724,37.47674702665841,42.79615476542694,0.4828249160986429
715,37.98497239392507,37.780057909072,36.436611002778996,35.87972117551569,26.041356907846783,37.07231800714378,42.782984762127555,0.47980123682024833
716,38.01842470170934,37.843456007175426,36.430957449103964,35.45823677314938,22.570453869395635,37.33507253147019,42.8029909092607,0.47845662075513595
717,38.06816159187786,37.93817664206535,36.72053924786925,36.732736672301534,26.7857628615161,37.555165382612614,42.77737251809522,0.47092109262173565
718,38.10583686833801,37.97668121433252,36.05860090756965,35.893700513157484,-15.890060701749455,37.34029761955867,42.81504779455537,0.4709210926217357
719,38.16010896272034,37.86890793930496,35.961636926717595,35.54845920489703,-10.014497419132304,37.141821781020795,42.86848812516659,0.4708379162446255
720,38.17162235228104,38.015223278215664,36.43793007407631,35.971386426894625,22.045891420481617,37.288298774867016,42.77018475768026,0.4598562405399223
721,38.22028719273026,38.07618949387759,36.718867218080845,36.38070783288676,18.671587960839567,37.709496516565764,42.82251572273354,0.4602228530003281
722,38.25296186065425,38.10978794092112,36.74108655842119,36.34655178053374,20.22258169714814,37.4870463567747,42.8386586179026,0.45856967572483537
723,38.23504024103424,38.113474230080534,36.874306516665875,36.23181532416658,25.887843882798524,37.614873534727394,42.76325276568098,0.45282125246467436
724,38.293168287290314,38.162075105260016,36.39422211916167,35.88436977701215,16.337768951669457,37.61284293688247,42.81849559860044,0.4525327311310125
725,38.30301488515282,38.10931495595407,36.61843212768198,35.515267337317866,25.172908452360943,37.75909159682823,42.794239320596176,0.44912244354433545
726,38.312652442113055,38.19418375843195,36.416012367280274,36.16539001775709,19.729805267732498,37.41146517991172,42.803876877556405,0.449122443544335
727,38.32122995720106,38.124176320230134,36.4647361769619,35.85665874733613,22.277930146262946,37.593817711363926,42.79102036033046,0.44697904031293956
728,38.3403183645803,38.22399201073944,36.879900638647136,36.64337195616902,26.208424539203506,37.86486746130326,42.81010876770969,0.4469790403129396
729,38.357107086254004,38.20798000997996,36.72469103865143,35.99237464311026,22.753472705684604,37.501802929241904,42.790998867016484,0.44338917807624806
730,38.39722677180131,38.21916253859777,36.890540692400776,36.61918734488303,21.228069374770037,37.73965743654705,42.831118552563794,0.44338917807624856
731,38.409601231671516,38.25023823869391,36.84339542893584,36.159356026945055,23.753961442850432,37.7180302365871,42.843493012433996,0.4433891780762481
732,38.39010349026574,38.22218194170033,36.840958856025466,36.234717807963314,23.790839653316382,37.73874656663146,42.78811695800437,0.4398013467738634
733,38.435773943840076,38.326370034423476,36.93161413689222,36.64425474693782,16.42019748320541,37.85835626237386,42.81914707150165,0.4383373127661568
734,38.47927973423337,38.268586901049645,36.58808007168336,35.598614246069026,27.627988909358088,37.560238019033655,42.737889746222045,0.42586100119886755
735,38.52182633445055,38.37391698477421,36.68194125150211,36.54894859639691,9.484906851348619,37.96794731746019,42.73825924947746,0.4216432915026907
736,38.50308262662143,38.38292095593198,36.98075828771409,36.98636124694343,-2.3970201334484926,38.032469980613996,42.719515541648335,0.4216432915026907
737,38.50193545308818,38.340859233363354,36.76947717049024,36.16129922931211,24.877993817595254,37.75160178815395,42.71836836811508,0.4216432915026901
738,38.50515517882886,38.36119918710897,37.19007577727593,36.651196795489035,25.971717341193834,37.91158953583356,42.72158809385576,0.42164329150269014
739,38.514235331342846,38.3719690375398,37.11513327697465,36.49370458579542,30.123842743609597,37.729530054543744,42.730668246369746,0.4216432915026902
740,38.50561950141135,38.38875065308218,36.79504160781097,36.79894364899719,5.0297359580480645,38.08535605646752,42.72205241643826,0.42164329150269064
741,38.486828972797085,38.159472564817975,36.60469233525042,35.70357837232976,26.948685428134468,37.489941270997626,42.69007932043843,0.4203250347641346
742,38.51205792688822,38.43701843282918,36.935232868566665,36.28897152518965,16.523487279668494,37.791833395453224,42.71530827452956,0.4203250347641344
743,38.51486281892605,38.389803932109146,36.53175505361341,35.75379673775643,14.964539557046919,37.48437043204005,42.71811316656739,0.4203250347641342
744,38.55414705423079,38.39001415555774,37.00549299039149,36.77615894107916,18.837720394450287,37.98960423829048,42.724230887408034,0.41700838331772466
745,38.56151480538059,38.42353031140261,36.86713669482178,36.25438622382849,23.55597838686919,38.02751216228852,42.73159863855784,0.4170083833177249
746,38.551507855835546,38.406120080179456,37.03143464940437,36.63245463727464,18.36736864882339,37.831249064832384,42.76871761493573,0.4217209759100185
747,38.4884263810845,38.382685417136635,37.08449790825082,36.64452666920216,26.28304708379909,37.791755247984504,42.70563614018469,0.42172097591001845
748,38.52649128478848,38.389537180466135,37.13807327836108,36.22826820103891,29.431403091571067,37.90073120800321,42.74370104388866,0.4217209759100187
749,38.507689253436375,38.365411774377314,37.11918684046673,36.81864343766074,26.18570649873518,37.75724018203792,42.72489901253656,0.4217209759100185
750,38.51329711072722,38.31030053322446,36.58096335211285,36.19808173996999,18.843119918511594,37.68416522524727,42.73050686982741,0.42172097591001834
751,38.52560530476944,38.292153556916,36.70936234408113,35.950806214291546,27.529333115917506,37.64427275492926,42.74281506386963,0.4217209759100184
752,38.504274877143345,38.377649569800425,36.948101699545504,36.173436892824796,28.90763438178245,37.849297530589496,42.75310741284522,0.424883253570187
753,38.46381799092096,38.2860024423752,36.55196592989939,35.440661970798104,18.00951899235391,37.8714868653109,42.712650526622824,0.4248832535701869
754,38.502466210188835,38.35347928745043,36.78462602518459,36.45241122437305,21.86182556941831,37.71131891852019,42.728076834950585,0.4225610624761747
755,38.511074763365016,38.36800396992239,36.82094093058182,36.86079869512433,19.387578318131588,37.946721812986056,42.7054447497373,0.41943699863722833
756,38.530504309809714,38.37762515284226,37.10850306679421,36.844710253902825,13.319235378388434,38.16704042375652,42.71941326148849,0.41889089516787725
757,38.53953388682439,38.38024455286992,36.951285583328165,36.58851761686048,24.031512351122622,37.903196971294065,42.72844283850316,0.4188908951678777
758,38.55334728282798,38.419641120940625,37.385253266626634,37.163154064191396,28.64400308335727,38.062448401170315,42.71511141972182,0.4161764136893845
759,38.55949369988248,38.39647927793822,36.794567765081865,36.54410387684546,19.631766320974233,37.93300400466059,42.72198732580216,0.41624936259196765
760,38.58503377589417,38.43815998592489,37.165123728468984,36.76641729743348,16.93986357570673,38.084265079651445,42.69767909287657,0.4112645316982403
761,38.6070555587139,38.48819871635266,37.11366522377878,36.67346185131428,29.107673670899395,37.90211968567394,42.71970087569631,0.4112645316982409
762,38.625900661217614,38.433067123077755,36.397931739773405,35.887343374230305,11.809696928165856,37.73503455356362,42.70627998505879,0.40803793238411773
763,38.65374160162375,38.47478065005921,37.210309568639566,36.85929439437944,26.044696351241143,37.962368477547614,42.732028039127336,0.4078286437503587
764,38.64348665816073,38.52828873093622,37.18392080288118,36.707964866152246,28.96431194662588,37.89941356284281,42.721773095664325,0.40782864375035927
765,38.66877113079712,38.51340692514619,36.75004522046571,35.89082903752594,27.10082019994096,37.7955252279006,42.74705756830071,0.4078286437503593
766,38.64682174752583,38.47689978803531,36.87850202992117,36.26592793898355,15.998774048989734,38.05102461198999,42.72510818502942,0.40782864375035904
767,38.64092919311794,38.49918871267003,37.148657992821576,37.006589066268624,5.18383633019576,38.130500420346166,42.71921563062153,0.4078286437503587
768,38.65963312903717,38.47063714644943,36.943474999764895,36.730270442726614,19.529109302523956,38.082399490210356,42.73791956654076,0.40782864375035954
769,38.64984550747024,38.45818155059927,37.15837160098684,36.616572561553866,26.020143703811485,37.87595211648079,42.728131944973825,0.40782864375035865
770,38.63104255151489,38.52530428370056,36.89100715779563,36.70293786752613,2.7894023519341573,37.952957167721166,42.70932898901848,0.40782864375035927
771,38.64441189736831,38.46353371371803,36.44129388086708,36.21643481794273,-12.59609805880077,37.84321454069532,42.7226983348719,0.40782864375035904
772,38.68968557938052,38.48212335087888,37.096632682610114,36.90465360074437,18.783258000683386,38.083845913234335,42.72794837462087,0.40382627952403477
773,38.678429842976705,38.58092650953947,37.26253422306253,36.656757175531624,26.31160199993213,38.11352937467531,42.722164459993735,0.4043734617017032
774,38.660054359677765,38.541115939373114,37.19090721479872,36.483844559349514,26.271765980981485,38.000553139312004,42.7037889766948,0.40437346170170385
775,38.69703096216925,38.53445866883617,37.13276390147394,36.57024855157955,27.70853627594856,38.04107440167525,42.675568520654885,0.39785375584856314
776,38.7617878215316,38.496283402168274,36.81328693866865,36.066861652570196,23.403049870101896,37.692176428833875,42.74032538001723,0.3978537558485631
777,38.737840802814155,38.58198834451956,36.91909142656001,36.37704817838597,16.514660481750568,38.09446757617575,42.71637836129979,0.3978537558485632
778,38.75845431696132,38.6057197819858,37.14108023045611,37.01855441140886,16.515460916557057,38.16145822965818,42.73732599499944,0.3978871678038116
779,38.74890707037889,38.62315803326519,37.06563116767688,36.85658297721926,19.334019685987915,38.10097690222658,42.71806093245958,0.3969153862080686
780,38.75763018430299,38.47821858118981,36.69464988193348,35.85644929356389,22.212592239339195,37.78351546133618,42.72904432049087,0.3971414136187884
781,38.762968528332216,38.61264555850421,37.222153938596286,36.904996560380724,22.777387158858833,38.23291968718971,42.73400874405459,0.39710402157223773
782,38.773400949758155,38.59499269770569,37.205892374587854,36.460598070932555,18.62432322750029,38.198985342306536,42.74444116548053,0.3971040215722374
783,38.77078085052008,38.630264188979126,37.38292145754674,37.342298065608524,22.925316374430963,38.1382404626229,42.709170680236674,0.3938389829716593
784,38.79856617261557,38.650559315085026,37.10681318208332,36.95768963339452,18.331332998521347,38.35026890617553,42.736956002332164,0.3938389829716589
785,38.80001178514111,38.65402104178901,37.389801240723436,37.109065381484214,28.21292444368622,38.314744894640384,42.7384016148577,0.39383898297165926
786,38.774761663021124,38.66771545903681,37.365524122961226,36.836741213994685,27.283408690914772,38.269373794309615,42.715719345766814,0.3940957682745694
787,38.7841730896026,38.65715413335464,37.32524270107789,37.083478169398866,18.845317826089456,38.17944655388028,42.7286690387322,0.3944495949129605
788,38.799909791870874,38.60244994443382,37.17230524678328,36.91429209706047,26.458702315353307,38.21673814325413,42.744405741000485,0.3944495949129608
789,38.75282890107193,38.59344665389815,37.29686575702916,36.74887528856954,30.151971831365035,37.944277984725375,42.69732485020153,0.39444959491296055
790,38.78139981257495,38.68673319188037,37.13757208796056,36.457865769008215,9.873603759356094,38.090866964910035,42.6849189283614,0.39035191157864424
791,38.839811652056966,38.72430245104473,37.41024298852374,37.04665717146719,21.02820884519199,38.30458787718028,42.74333076784342,0.3903519115786449
792,38.82816799118345,38.60448344666598,37.53513328621228,36.87922147108188,29.322068797126313,38.09978215015303,42.73126111525909,0.3903093124075642
793,38.816478689929404,38.693553328579924,37.04219260265058,36.340444698825614,20.93239932789182,38.3210555543389,42.66114575189848,0.3844667061969078
794,38.89379265754921,38.6484478183792,36.561509598656585,36.21728816637052,6.019239639535712,38.11204571747189,42.71011787200952,0.3816325214460303
795,38.8685143196891,38.69975603600205,37.11737046739513,36.8906800321996,15.284329029244432,38.25867799502373,42.69100548416802,0.3822491164478924
796,38.85730532614815,38.719531279208,37.087993158417795,36.38859731052619,25.439530442807055,38.000677129420644,42.64726661947475,0.37899612933265986
797,38.874445482198304,38.74434450855929,37.55781908609882,37.09647532018099,25.336700790103578,38.42681045101066,42.6644067755249,0.37899612933266
798,38.89777181132392,38.688072735358894,37.36047686213807,36.71202462407265,26.87077323194104,38.15391649357635,42.687733104650526,0.3789961293326604
799,38.86410003740306,38.780499616399986,37.4600568340807,37.50883475119628,5.386557767662282,38.49384381215441,42.65406133072966,0.3789961293326601
800,38.90485601171311,38.75418104327338,37.333523713067876,36.502192924348755,26.02220913619158,38.28029325068175,42.61748683930193,0.37126308275888287
801,38.911571518138224,38.80619803393281,37.476821746160674,37.01146115861695,22.545684745316365,38.383423548959286,42.62420234572705,0.37126308275888253
802,38.90776149190114,38.80680432687382,37.45645733696039,36.889464588050025,24.80274832083431,38.345772549994095,42.58214374167747,0.36743822497763257
803,38.98714707551717,38.736203611334666,37.345046300749296,36.67480705025082,27.741401268665484,38.13309778349533,42.594756820886474,0.36076097453693023
804,39.00330695568457,38.8754088432905,37.49279619158342,36.91696655446819,23.685893083492495,38.483379145543594,42.605609515567984,0.36023025598834124
805,39.02025549417476,38.87062100394018,37.28423862522174,36.86867916100112,24.20048718518857,38.35983385497997,42.62255805405818,0.3602302559883416
806,38.98942609863731,38.84460356574437,37.39417636873469,37.053292966676516,23.902030889899635,38.29470419837601,42.59172865852073,0.36023025598834185
807,38.9905945004287,38.91710787014494,37.55555669100088,37.17901526102071,23.673775595825163,38.579800489408036,42.59117231024029,0.3600577809811587
808,39.00000616569652,38.88415917416397,37.21434619850134,36.6279803578564,22.17375454916596,38.375343313765796,42.60043469780466,0.36004285321081375
809,39.02534711827881,38.84982829785013,37.32233648982206,37.03553166531154,16.555972167407507,38.439973045131595,42.62577565038695,0.3600428532108139
810,39.021524825803056,38.84081573920118,37.21557511605693,36.68542518520543,25.074915667799758,38.46327770766809,42.621953357911195,0.360042853210814
811,38.975199811843666,38.767613641494165,37.347485761637074,37.13037981628543,15.604580278056801,38.37646118241927,42.5756283439518,0.36004285321081364
812,38.98428412701457,38.81605724398112,37.26713816128233,36.42040267857746,28.149852839099882,38.10853614619824,42.5847126591227,0.3600428532108135
813,39.0043148219128,38.78934560754377,37.288198075765955,36.71361161238756,23.695543942212648,38.18839298857828,42.961517033441865,0.39572022115290667
814,39.00679795373458,38.926959845426005,37.8155418913619,37.22365896895215,30.66236568938653,38.443765682857894,42.96400016526365,0.39572022115290667
815,39.01912451528125,38.93474075256498,37.83662084582511,37.37029846957451,26.958869207292793,38.50725042325267,42.976326726810306,0.3957202211529061
816,39.01672603316401,38.79973837768216,37.07236917671065,36.36130194032488,23.599431064651945,38.14200035566987,42.97392824469308,0.39572022115290634
817,39.01065274079665,38.798913742765315,37.59844589741567,37.22129785997263,31.27782641023369,38.29504157208679,42.96785495232572,0.39572022115290695
818,39.04537685244886,38.85548872753889,37.57731516534495,37.358487471896055,21.99471506290277,38.34262675647797,42.97086233946434,0.3925485487015476
819,39.054100907786925,38.96186681413657,37.576111644991315,37.32540327337439,27.740552748938768,38.5141593630827,42.9795863948024,0.39254854870154776
820,39.074885207105254,38.87938603417272,37.5372245386615,37.33472385843259,19.01562860981339,38.424492114057934,43.00178429990525,0.3926899092799999
821,39.08402447492239,38.924776727141385,37.58216554765799,36.81459914662483,29.83157800546009,38.374899285808354,43.009981662952214,0.3925957188029825
822,39.10176058009807,38.80878151148887,36.91745632473483,36.52418547565615,-12.470885874983104,37.95495461204497,43.02771776812789,0.3925957188029823
823,39.08915453743458,38.91658518486921,37.785228316661346,37.45254710095712,28.791955137467067,38.47682384849827,43.0151117254644,0.3925957188029816
824,39.095570220990524,38.92320486117465,37.86387459690351,37.57955206949741,30.724304141994434,38.50704978731945,43.02152740902035,0.39259571880298233
825,39.04479306588468,38.876943472801976,36.86795278806174,36.93794516436333,-4.2398833895938495,38.45317897018904,42.98436744488714,0.39395743790024573
826,39.04525126959722,38.921657302913324,37.85934899644721,37.52029742316384,31.50522183474612,38.56116732450934,42.98482564859968,0.3939574379002455
827,39.068274471099414,38.90823104757517,37.18052707238457,36.96167915591431,-13.538602162394369,38.42602227622539,42.97872847488063,0.3910454003781222
828,39.07042433455617,38.99874511645612,37.40234534026807,36.86698373036431,27.589123204884114,38.4701709090319,42.981744106977274,0.3911319772421099
829,39.101088471135384,38.926720657237176,37.36807167177459,36.940466359944175,23.527357473733126,38.52535772855124,43.01240824355647,0.3911319772421091
830,39.13894480622409,38.958302321362574,37.17025652991783,37.01571335633389,-12.484598907580363,38.528534252125766,42.984344120211944,0.3845399313987857
831,39.15559532348793,38.971803471833574,37.41473634737685,37.08309655047866,23.401063910065417,38.390323402902574,43.00099463747579,0.3845399313987859
832,39.13885920983465,38.98975832583775,37.6905750519513,37.168223794440415,27.300256349806027,38.506216295413196,42.97477321306898,0.3835914003234327
833,39.15328930147877,39.02281359137167,37.6904062436035,37.46045577924441,21.32925659953589,38.530023948495256,43.00948013190831,0.38561908304295417
834,39.14924349276231,38.928459350081084,37.19801092477446,36.56299390520192,13.078915636434651,38.286888510002484,42.99068511619444,0.3841441623432131
835,39.158571442770366,39.07378455543084,37.777297592808104,37.38432884652608,26.017550422896225,38.6560256789299,43.0000130662025,0.3841441623432134
836,39.163487557193456,39.00362585194222,37.38272966945427,37.178167427176774,5.178189638666801,38.385049668004726,42.97259702857406,0.38091094713806023
837,39.1748566876178,39.078529250588296,37.438017699738694,36.498545929763,26.69224974352414,38.576762599548715,42.948077587208694,0.37732208995908995
838,39.236017341980656,39.122718693316045,37.831736063442186,37.4359950426005,27.366508978824026,38.62785173611005,43.0028566126319,0.3766839270651247
839,39.23673184488819,39.085976833815394,37.88361124223005,37.297488933374936,26.11189948011882,38.67620010315727,42.98177218118127,0.37450403362930823
840,39.24705278514129,39.089714587218,37.55081490044741,37.25378557146715,24.740345698632577,38.488561159138,42.992093121434365,0.37450403362930756
841,39.25873188070456,39.14494178054526,37.638900930792545,37.053366083749346,25.21013850658513,38.67772990542531,43.00377221699764,0.37450403362930773
842,39.24277318599464,39.07027275265864,37.61964475427625,37.69544313283284,11.823553572612546,38.65143095086492,42.98781352228772,0.3745040336293082
843,39.243327623789455,39.10328260265699,37.890973695346005,37.24032825813957,29.078056461561026,38.4121716135826,42.988367960082535,0.3745040336293078
844,39.25583992034648,39.1356292747964,37.68529839078409,37.22408893338489,25.545222638775662,38.62754760621334,42.97862265629377,0.37227827359472915
845,39.281076183980275,39.14735153248884,37.58266248180421,36.686258073426764,28.58226170276474,38.40476962985322,42.94882904598746,0.36677528620071864
846,39.32466362151253,39.11032586613571,37.4448980249025,36.610992638173514,19.13126919976974,38.48526922548221,42.99241648351971,0.36677528620071864
847,39.30886898783203,39.204569269794476,37.736687205660594,37.18441513585427,28.78330959765127,38.729584456851526,42.97662184983921,0.36677528620071825
848,39.30932017356177,39.18150474075514,37.6873605379052,37.0795733057843,6.852674688845639,38.50801820533565,42.977073035568964,0.36677528620071875
849,39.331593676619065,39.18796269403287,37.916126503413984,37.06862287649648,30.92341999877793,38.71642786823385,43.00180124754194,0.3670207570922876
850,39.293163978611304,39.135633598529786,37.332078501774866,37.182603657023066,18.06640194344814,38.64664794722514,42.976554116919736,0.3683390138308436
851,39.31290465753631,39.17360799357602,37.33403583085651,37.29318032229839,-18.312049270681477,38.47020206276122,42.99830558565014,0.3685400928113832
852,39.30056204928844,39.161787856605,37.81021696894492,37.481623675949436,8.274535987485017,38.42737858356291,42.98596297740227,0.36854009281138295
853,39.30333423793577,39.20803451681791,37.78176073092474,37.65302307384887,21.74231423924087,38.808402111362135,42.9887351660496,0.3685400928113828
854,39.30044173762669,39.11454222484369,37.99258950906839,37.62820879526929,26.911520584462952,38.71625117458672,42.98584266574052,0.36854009281138295
855,39.32815576272675,39.23542918147726,37.90811803800646,37.68540360132246,26.233855147965325,38.7881698172805,42.97917325108402,0.3651017488357272
856,39.349648780948954,39.194880166025776,37.80996145661633,37.2721787235521,27.247370009693128,38.781965102749254,43.00066626930624,0.36510174883572816
857,39.31528831110939,39.16445408994369,37.66865965061824,37.07620365830538,25.793630556602768,38.623342026348254,42.96630579946667,0.36510174883572777
858,39.3527992157283,39.24679903920635,37.37385542499556,36.85393183684735,21.74596351940213,38.589358424215035,43.00381670408557,0.3651017488357277
859,39.36041823703304,39.23207079694073,37.9834546182174,37.891424958261574,19.180879739642325,38.84277117865726,42.997818534417675,0.3637400297384637
860,39.34485625093317,39.19483105568832,37.966994628249914,37.61941719372447,25.873547946646738,38.75680987230329,42.98225654831781,0.3637400297384635
861,39.348433901443066,39.16443126377879,37.38881465839637,36.83348220715716,17.650720776667,38.553474047558154,42.9858341988277,0.3637400297384638
862,39.338189475208836,39.213923074249585,37.68792075421914,37.25382117301827,19.345855354558097,38.82768858850934,42.98269431452266,0.36445048393138213
863,39.31299972789291,39.223486878679054,37.58718873638103,37.36019592946778,7.652266470681617,38.64879436771826,42.95750456720673,0.3644504839313823
864,39.34718500581203,39.22378382365302,37.931394698798826,37.44345719554561,31.09763650309514,38.71217334896747,42.991689845125855,0.3644504839313827
865,39.32494445894899,39.20854216674222,37.7883271690869,37.31668213337029,21.83919288487976,38.77520810828336,42.969449298262816,0.36445048393138263
866,39.35821800254361,39.209798122063305,37.243313925868165,36.64285675428032,23.794393038426286,38.3191095225519,42.91308966230196,0.3554871659758346
867,39.41534666068901,39.21663378581123,37.638298774005584,36.98495458148758,23.67185895334587,38.557297731754154,42.96865268537159,0.35533060246825776
868,39.40253598844205,39.28976476704093,37.85700087684107,37.237790122986766,27.8225733173348,38.78795230311131,42.955842013124624,0.35533060246825754
869,39.414768878121365,39.293813189489335,37.921042812243776,37.98029602144712,25.25543744909307,38.80709912027276,42.956137007940846,0.35413681298194805
870,39.41437101094295,39.21583982605167,37.58322824452936,37.04236138423405,26.741059709887896,38.72667207423127,42.95554859469063,0.3541177583747684
871,39.4559901022756,39.279192849368265,37.67706992479899,37.070693415472505,21.20725228699382,38.596930062500704,42.9655449094216,0.35095548071460053
872,39.45620638563121,39.3426909478044,37.85118857257156,37.75687671488889,24.25978646214062,38.919154884867964,42.965761192777215,0.35095548071460003
873,39.45287883478587,39.33793868955788,37.80940001396701,36.885446517688024,24.766304022557005,38.67302621304607,42.962433641931874,0.35095548071460003
874,39.46183094475807,39.31368623157806,37.52046482939149,37.3931657249149,18.443202256007535,38.694898883623814,42.971385751904066,0.35095548071459987
875,39.44401120891849,39.31446003162465,37.853302759421375,37.277227203059724,24.84717315719401,38.67839765586406,42.953566016064485,0.3509554807145998
876,39.44767794944973,39.295545411313675,37.93646537932535,37.15982877287176,18.166716243488565,38.71617509640231,42.95654023427697,0.3508862284827243
877,39.44693300857953,39.27380550805397,37.68733090807007,36.90662478516038,25.470434426094958,38.54448804052342,42.95579529340677,0.3508862284827247
878,39.43105628868022,39.32352553742817,37.835001453514955,37.1764368902975,25.602902629620825,38.84764019295871,42.93702734205579,0.3505971053375573
879,39.45020720307093,39.293468290654566,38.02229466392949,37.15415462588648,29.1725051374791,38.73113804320039,42.95617825644649,0.35059710533755634
880,39.45981960189764,39.3327874481171,37.969323391795406,37.83867581549636,24.305547372641048,38.88756488566265,42.95011498209827,0.3490295380200625
881,39.460877559039425,39.324265134139445,37.716902257388355,37.095964955551125,12.012608216475016,38.939284605617104,42.93378115885963,0.3472903599820206
882,39.489186442764,39.29934477266501,37.95582918209289,36.97786393035811,17.12692852720288,38.98888765350276,42.962090042584215,0.3472903599820214
883,39.49554912586648,39.31551466635601,37.682058694662345,36.80799933985432,28.694318044604223,38.841796105046015,42.96845272568669,0.34729035998202096
884,39.47721641206978,39.347458405328545,37.90167072319271,37.25266604295181,27.432469586775994,38.726764348627356,42.95012001188999,0.34729035998202157
885,39.511146613738916,39.31013736958495,37.800302675404645,37.722041333962714,21.062350155992803,38.87619168791092,42.98405021355912,0.3472903599820206
886,39.46716183208811,39.35191840427566,37.8505660875697,37.581145397568505,23.401093687405602,38.951681290832994,42.94006543190832,0.3472903599820214
887,39.4928171553398,39.33769028918231,37.62617765000323,36.8746585207929,23.194423385041777,38.639895785808875,42.96572075516001,0.34729035998202074
888,39.489148625636034,39.20959639368091,37.79124213405294,36.6835455930208,29.077762785259786,38.645727483509575,42.96205222545624,0.3472903599820204
889,39.48350196698941,39.410336207870685,38.007630412019864,37.63777942068488,26.919392914856196,38.95213478144052,42.956405566809615,0.34729035998202035
890,39.487698230368295,39.1927955571199,38.091695302845075,37.54265492816758,31.553220915300898,38.61028803123051,42.96245433132617,0.3474756100957875
891,39.466277983409775,39.305843607944404,37.166464484852995,36.918376553022654,5.739570346722921,38.686105794596145,42.92785151698208,0.34615735335723086
892,39.513621293166544,39.42008930209901,38.03104342057094,36.96779651731846,24.15847596754379,39.069691732598166,42.98709011012967,0.3473468816963128
893,39.49885682538121,39.37977508938433,37.97744291622193,37.560963186673185,23.810078686460624,38.809411689010474,42.93742427392784,0.3438567448546625
894,39.53639198423901,39.418300927258,37.83876035758638,38.18371918910923,17.274407045928903,38.92263373255487,42.948824508371715,0.34124325241327025
895,39.536209048129166,39.34054941676092,37.53149592966547,37.417467600569374,-1.1330453544881536,38.861046804910075,42.94864157226188,0.34124325241327114
896,39.54266549767711,39.39362366631731,37.635272615567736,37.373046549561245,12.160902729094339,38.67490174224291,42.95509802180982,0.34124325241327075
897,39.55508727766151,39.43906681884867,37.67242392570248,37.30395422566153,24.49062515259316,38.85368163732711,42.96751980179421,0.3412432524132706
898,39.56315243306293,39.3418965067714,37.59722645429737,36.90778764873092,24.633509051163234,38.75106285410148,42.97410382851836,0.34109513954554294
899,39.550993275103835,39.42664635770296,38.165184934017766,37.35988481951508,30.440355942197375,38.994979405354755,42.96194467055926,0.34109513954554255
900,39.55987723248229,39.388476450882166,37.52217592396785,37.516786579599135,-5.104830657554601,38.81213340542111,42.97082862793771,0.3410951395455424
901,39.54111032485305,39.458830164627614,38.126612149816026,37.62120893295115,26.80016861098099,38.928324650867985,42.95206172030848,0.34109513954554277
902,39.547178148302656,39.43427377951508,37.89876407767757,37.73503512263922,12.306050361655593,39.05762301164563,42.958129543758076,0.3410951395455418
903,39.56754603836927,39.44875534108692,38.38058091213883,37.90141473347589,29.13389173556066,39.026345555825515,42.945851364230734,0.3378305325861459
904,39.567954673745945,39.407182558482816,37.990375525772976,37.451160095657706,26.435680268290724,38.86176268294466,42.9462599996074,0.33783053258614576
905,39.56484728578258,39.32367664084342,37.81482962863676,37.50785849945069,18.54498374653125,38.63208109701924,42.94315261164404,0.33783053258614637
906,39.568221807516046,39.3538110110109,38.13357976371917,37.582693035013044,31.09977149840919,38.75834178428467,42.94652713337751,0.33783053258614637
907,39.573893140259734,39.39569886517294,37.73881258072316,36.99881598707321,28.419728242681664,38.769969250100814,42.952198466121196,0.3378305325861461
908,39.55254258137875,39.43465149775308,37.55424404447543,37.016324669243104,20.123845268781633,38.618011259299166,42.93084790724021,0.3378305325861457
909,39.55971375950148,39.4091454749795,38.202063743151996,37.77332593783377,27.221154168477973,38.93198653418716,42.939717329015394,0.338000356951392
910,39.57583752351914,39.42409018494796,37.46660455194271,36.55849246476837,19.62711812019571,38.75783934314026,42.95584109303306,0.33800035695139186
911,39.563144299340536,39.369576078517696,37.80659996868579,37.11779387404652,20.931847392572912,38.75275132886679,42.94314786885446,0.33800035695139236
912,39.60040103197987,39.363339902978396,37.69287094471683,36.974815956107,25.2466196327412,38.58387266717573,42.980404601493795,0.3380003569513924
913,39.55317095977231,39.429912384661066,37.795185328740565,37.56422549656257,11.123287651987546,38.90783883862015,42.933174529286234,0.3380003569513923
914,39.571512631272384,39.46610906658748,38.282840303409046,37.648312781874466,28.717171300445337,39.09266741820791,42.94906149187062,0.3377548860598236
915,39.5734465439166,39.476958539660245,38.231994733419405,37.55311362773851,26.841933800388972,39.095025469777745,42.917764988494504,0.3344318444577898
916,39.6238476001686,39.539066703099444,38.18131283004281,37.72432567954026,28.484766212262564,39.16566237590022,42.968166044746496,0.3344318444577897
917,39.605366762816914,39.513226852019066,38.56792866525617,38.02809714218122,29.368349386404063,39.179533605356,42.9496852073948,0.334431844457789
918,39.605230799863754,39.43381985231818,38.10073685102186,37.50477073045469,22.858361927520303,39.01208598767235,42.949549244441656,0.3344318444577898
919,39.61736810201751,39.457548238927735,37.76829070826935,37.42128531792133,11.201132891006836,38.91769519627283,42.9616865465954,0.33443184445778934
920,39.60188051351843,39.36758942493632,37.45826548866431,37.20758015357382,17.181579481036238,38.702572093479745,42.946198958096325,0.33443184445778923
921,39.62404262123609,39.44775555766179,38.043725628589286,37.44422539650751,29.23754324908287,38.76592229448661,42.96836106581399,0.3344318444577897
922,39.60548507627429,39.46810823341187,37.92380009651876,37.75718572698039,17.160219262223208,38.94157219918253,42.949803520852186,0.33443184445778956
923,39.60185516111871,39.41485107817933,38.16683508583114,37.734741734094015,27.565079859003554,38.94449508561474,42.946173605696615,0.33443184445778984
924,39.61121018001427,39.47639071817498,38.07947377266714,37.64588789842695,28.623572560902833,39.08270894833665,42.95552862459216,0.3344318444577897
925,39.601833944441154,39.48433326431721,37.63337733633079,37.67004784396189,-1.3162412641197392,39.04697358864132,42.94615238901905,0.3344318444577895
926,39.617228425335796,39.49911730966029,37.93909595467619,37.6220377153774,18.437220717722326,39.14443085836341,42.96154686991369,0.33443184445778945
927,39.598319747509834,39.427508840071575,37.462093205017226,37.27103853292495,20.9606958905421,38.764277611406825,42.94263819208773,0.33443184445778956
928,39.58951982216353,39.46513308834341,38.10817955936249,37.59938837626467,29.877912901024875,38.76293987306745,42.933838266741425,0.3344318444577892
929,39.65719044262626,39.53060824012526,38.08011201922706,37.6568971722041,27.364053675966836,39.12483706479486,42.90256094777057,0.32453705051443044
930,39.64760832309579,39.49092112940883,37.86865920166668,37.50294963469132,3.413787153230743,38.88467753457769,42.892978828240096,0.32453705051443077
931,39.65741491024216,39.51447317255245,37.92475968996472,37.56265262343082,19.575237793623142,39.04761715457363,42.88135138307251,0.322393647283035
932,39.71579102290043,39.51050395498517,38.13479629614516,37.590606619213624,29.473413886845513,39.12592410434006,42.907033199823864,0.3191242176923431
933,39.67454630415351,39.51474684719996,38.017565136377215,37.325273422541386,27.217833217864587,38.88496266990076,42.878641636218816,0.3204095332065304
934,39.66572265628688,39.544223353710834,38.05353346141645,37.668931798504396,16.75338718338827,39.04957643180517,42.86981798835219,0.32040953320653087
935,39.67905567848373,39.57005473362525,38.252404506221126,37.779853745622546,28.229311808935,38.971137082850106,42.88877442380094,0.32097187453172127
936,39.666398044868366,39.37971302779052,37.958521091889274,37.15238030470066,23.053370814432526,38.76713814542191,42.87294750547695,0.32065494606085876
937,39.65997374483345,39.50302790043214,38.14171497862357,37.53877736269676,25.010312964109335,39.08037070755337,42.866523205442036,0.3206549460608586
938,39.67522708772007,39.544912859531706,38.100635844115686,37.816684762188515,20.703494760006617,39.0007553820313,42.88177654832865,0.3206549460608588
939,39.65130993302872,39.52513974834154,37.760086983270455,37.73654410250026,19.430121518433435,39.04488597718319,42.85760078584349,0.32062908528147704
940,39.67244907192659,39.53469702119449,38.05821454545115,37.323009339065585,27.522459843994582,38.97059611783174,42.87873992474136,0.3206290852814768
941,39.68211453170954,39.48629414378789,38.07079129273574,37.578967359328516,28.868236362159493,38.95519268919553,42.69354519172774,0.30114306600182084
942,39.69928703506686,39.580927502699424,37.65267438770432,37.1115744139458,-0.9113683039193177,38.96696584687447,42.7093118445882,0.30100248095213433
943,39.70486902169125,39.562967364651605,38.06152014626586,37.43733095741324,23.969163550185012,38.79961426189635,42.71489383121259,0.3010024809521344
944,39.69285516557044,39.543338063997,37.863760942843804,37.157981387761865,26.765812881007072,38.919771345267726,42.70287997509179,0.3010024809521346
945,39.70209923665919,39.617883494672824,37.59590988677402,38.09937880730773,-11.819227479530937,39.22541280922006,42.712124046180534,0.30100248095213444
946,39.70531146496584,39.61933572059066,38.315952556116784,38.16389213605297,21.317446662200346,39.286610497173704,42.715336274487186,0.30100248095213455
947,39.69010690486551,39.54415062939063,38.025001215075235,37.644202922623684,21.183177273993316,39.02611449505743,42.700131714386856,0.3010024809521346
948,39.701830620681775,39.56613664654562,38.16826615158306,37.97362577544893,22.87343727474841,39.11408461742277,42.71185543020312,0.30100248095213444
949,39.69904410476918,39.48076147684186,38.0054112763137,37.29678618357855,28.147903918708373,38.88759734992841,42.70906891429052,0.30100248095213433
950,39.69518244099543,39.51917245399558,38.171182921180545,37.70205738449721,28.97574254203233,39.11417318931122,42.718389817902334,0.3023207376906904
951,39.68595379008683,39.59217898283404,38.02983529069045,37.43644868403671,19.80073519722027,38.88271867852096,42.70916116699374,0.3023207376906911
952,39.69193629377733,39.53858494462351,37.67146095943646,37.42713444995648,6.0327551862116096,39.0776436518356,42.69279443376248,0.30008581399851475
953,39.707693405944724,39.58424847001419,38.362317498880856,38.180516491556716,26.903907000294986,39.337123657479005,42.70855154592987,0.3000858139985148
954,39.679587867702246,39.518389567048004,37.91752456329267,37.00212386095851,21.454601650863502,38.875304383594695,42.680446007687394,0.3000858139985147
955,39.694777097270524,39.542761204853086,37.817855844646694,37.14300651516074,20.793733683480433,38.93449910793034,42.69563523725567,0.300085813998515
956,39.6887875938983,39.5505554735105,37.77801505629521,37.504278155952505,21.930205088462696,38.97712137139552,42.689645733883445,0.30008581399851464
957,39.71157794808175,39.56314810725954,37.97368382406824,37.12449514050072,24.992732444364254,39.10449926828424,42.69731937271155,0.2985741424629803
958,39.74482006345268,39.56772739167321,38.25003395825672,38.18462676971803,-9.352964897710322,39.19354826481519,42.62985166235242,0.288503159889974
959,39.78851459066097,39.6586121053113,38.14856723776116,37.80259781528058,26.159854309467075,39.03891828270456,42.6735461895607,0.2885031598899739
960,39.77327326213355,39.65714919510484,38.319279125214564,38.1273150019428,20.342576251728982,39.181141382585224,42.658304861033294,0.28850315988997405
961,39.767516240047506,39.5566284715156,37.982154102744,37.19638536607526,28.65662599750378,38.97645465763159,42.63350105566354,0.28659848156160334
962,39.77385102318805,39.6563841812638,38.145544162240576,38.050762959931795,24.996924955641823,39.23495866193083,42.63983583880408,0.2865984815616031
963,39.78928901875644,39.698842588062895,38.23873028350492,37.73310450367171,14.26162396803785,39.322720113779155,42.63314200776452,0.28438529890080777
964,39.80496128538397,39.686270743323306,38.264213399042234,37.52179681186768,29.60944453160146,39.106906036582444,42.64287463337412,0.2837913347990155
965,39.81091552723903,39.70424795639587,38.17545527120331,37.941954329695925,27.3515695850488,39.18225458992377,42.648828875229185,0.2837913347990153
966,39.81098875233384,39.705302434368875,38.65058300523899,38.180423732883746,29.481560785543472,39.325160931967986,42.63021693511877,0.2819228182784929
967,39.863793901559696,39.67653613170632,38.47081486386477,37.89332681794312,29.92684142101236,39.01795070586948,42.68302208434462,0.2819228182784925
968,39.83903237519461,39.652723074147964,38.53932772796358,38.23191628887715,22.022540628702046,39.26292454063818,42.65826055797954,0.2819228182784926
969,39.832731436489766,39.73733622597746,38.392348928048634,38.41348045867787,22.490982961401784,39.445198312077785,42.65195961927469,0.28192281827849225
970,39.82946574437468,39.74861538518523,38.24184362938911,37.855998493075774,6.092393648255275,39.36921452503837,42.673400530256565,0.28439347858818864
971,39.80177622387133,39.60838945533412,38.139770449448655,37.595981980728986,26.74509885697147,38.89062436268503,42.645711009753214,0.2843934785881886
972,39.804620119289254,39.66060797115326,38.485514696646824,37.91665018638515,27.904598296521748,39.15593888185132,42.64855490517114,0.28439347858818853
973,39.795581609685755,39.68851457336387,37.92995962575543,37.61728302884214,12.855184240062865,39.23513540782986,42.63951639556765,0.28439347858818886
974,39.83257396284452,39.6643371149947,38.02420859120671,37.788929333541894,17.520876391319682,39.29720667458329,42.67650874872641,0.2843934785881891
975,39.798536276172506,39.6722498751656,38.50386534799739,37.93006207013072,31.469584372945327,39.14751175392194,42.6424710620544,0.28439347858818925
976,39.80171447296107,39.68524441728435,38.05378579905951,37.31403676655907,27.853116273281728,38.99969237032306,42.645649258842965,0.2843934785881891
977,39.8075428524504,39.7208485096433,38.302274089491014,37.66368436086369,7.252602449969295,39.23006604061041,42.635989472143166,0.2828446619692761
978,39.81730247547764,39.72424905102867,38.16828442092302,37.70798341098241,20.17683754907314,39.31732343749265,42.6457490951704,0.2828446619692763
979,39.81127325215805,39.67334533721648,37.731070350626666,37.73053072617943,-5.298028511616806,39.13073862741936,42.639719871850815,0.28284466196927627
980,39.82091243993558,39.60317595060331,37.57085808356773,36.30778559442888,24.064020164879366,38.73535942192757,42.67717920139828,0.28562667614626963
981,39.80708722998401,39.613940117070996,38.35383422967316,38.204091386333836,21.64322805133416,39.13729208576778,42.65810374932541,0.2851016519341398
982,39.80910784381949,39.62462282688359,38.47887542698594,38.484436336320286,26.212619951843234,39.16461795241977,42.664114761279414,0.2855006917459921
983,39.77859182645948,39.62468439839782,37.704414555754,37.37406647703653,16.55779734488651,38.975353376279116,42.63359874391941,0.28550069174599224
984,39.79684371349453,39.65545318559772,38.15009245897889,38.027900004183735,22.333368376288714,39.24944073580397,42.65185063095445,0.28550069174599174
985,39.807138782880074,39.670862086201396,38.57128379816486,38.22459841651159,27.5854567640616,39.274091713622866,42.63744849364659,0.28303097107665137
986,39.83536355322928,39.66861237372633,37.76699039442156,37.204840739169605,19.041650881106545,39.105561884328466,42.665673263995785,0.2830309710766508
987,39.83465887229899,39.64630578566132,37.71376883297443,36.59143689017827,24.8218496184916,38.86584380546826,42.66245669663399,0.28277978243350016
988,39.84607210578275,39.70698041232137,38.61287099520974,38.36240286248068,27.55940524293348,39.2575388768504,42.656403129757514,0.28103310239747625
989,39.8214203537464,39.72586081946681,38.26424217858676,37.40405658315843,29.61723239719985,39.20770672235148,42.59981158993803,0.27783912361916313
990,39.89312905353741,39.79468564247443,38.46124850215439,38.01199887722403,27.63614861434612,39.37630717791201,42.67152028972904,0.27783912361916324
991,39.86836401170138,39.71179198120567,38.25020784887807,37.77018077596336,14.069797721924814,39.21414433961526,42.64675524789301,0.27783912361916313
992,39.87330461224824,39.694834107959075,38.26104271937312,37.79085388491205,21.908708198551054,39.035497291351355,42.65896004456869,0.2785655432320445
993,39.88021679083055,39.728526179246174,38.392817748289765,37.65182358955024,26.677033244526775,39.1469505249827,42.665872223151,0.27856554323204474
994,39.86061534931616,39.73716668673829,38.0172953506145,37.37892178656997,24.454930597094226,39.02954358016767,42.640647368384705,0.27800320190685446
995,39.877671159417226,39.70703911341199,38.098780020482536,38.05554779523994,-9.811421465552343,39.272643870919204,42.60373573088266,0.2726064571465437
996,39.877182272947074,39.70739806810247,38.21742763550223,37.68775165570503,27.65915550744795,39.17505157067432,42.587702733081095,0.2710520460134023
997,39.89952245534833,39.7685658957714,38.58478413997977,38.17585960229412,24.49049831829496,39.456415632004074,42.61004291548235,0.271052046013402
998,39.90861198074179,39.79785812289052,38.19995148675876,37.18306610949499,23.82502048180918,39.202179834784275,42.61913244087581,0.271052046013402
999,39.911551369649224,39.80291838515988,38.09375173612397,38.10626983274604,11.263908955699343,39.341143959784354,42.622071829783245,0.27105204601340205
1000,39.89895565988012,39.700241133915256,38.192581312909205,37.48034129694265,20.04344075430877,39.20332214921788,42.60947612001414,0.2710520460134018
1001,39.89270295444116,39.7744031329445,37.961489285339404,37.62483052104628,22.50884115483509,39.053672653310485,42.60322341457518,0.27105204601340194
1002,39.91463855070306,39.79850953812744,38.51889790493771,38.15881378331141,27.64036060717897,39.29178236772608,42.62515901083708,0.27105204601340205
1003,39.8940758049966,39.675047158148395,38.09118000467219,37.166394276687015,26.46419634943819,38.92295398696177,42.61912116971751,0.2725045364720905
1004,39.89130287897675,39.726488271057676,38.284127819671276,38.091916396395824,27.42508116297873,39.19088375489952,42.61634824369766,0.27250453647209055
1005,39.89222055162118,39.80304898819195,38.73864579927526,38.00716355245049,25.205672204595118,39.387354980713084,42.616101015430814,0.2723880463809638
1006,39.898832540712796,39.74880933768287,38.36832487390765,38.017196697656686,25.73532722094377,39.42602445293059,42.634396791097245,0.27355642503844463
1007,39.89295286151085,39.778340454762905,38.130652820945734,37.89364213021826,15.199356070458258,39.06713559777472,42.59419829450161,0.27012454329907587
1008,39.89121290722011,39.77608468204024,38.296457933934384,37.37948891873284,25.69139569970585,39.42289192173943,42.5749635187885,0.2683750611568391
1009,39.913237527097316,39.76846598944911,38.27284203858141,36.851915708864276,28.30887206379955,39.281144241040856,42.59698813866571,0.26837506115683935
1010,39.91970407708164,39.7552903430906,38.27896884482869,37.92716868644229,27.786516424964745,39.05331451118292,42.60345468865003,0.26837506115683935
1011,39.907289903728,39.79412427414267,38.243823306435,37.65886487433635,26.09030151694862,39.355140404428404,42.59104051529639,0.26837506115683946
1012,39.900375871666824,39.779060911400784,37.85477921093897,37.16186882264182,11.568914400880786,39.17404346164702,42.584326009466714,0.26839501377998926
1013,39.91607742233487,39.79112813443895,38.42083164493882,37.89607671493194,27.199854295608326,39.23242009292059,42.60002756013476,0.2683950137799888
1014,39.91933608284411,39.76939241474424,38.5117037368494,37.9704167927402,29.998206457168916,39.16106647388247,42.603286220644,0.26839501377998903
1015,39.925531598348876,39.818865043786225,38.22179263408317,37.70041014172008,23.765208788154766,39.20565672518147,42.609481736148766,0.2683950137799891
1016,39.92853139784156,39.7977495517774,38.75483218269572,38.394035775829224,31.97128602614909,39.395416689005,42.61248153564145,0.2683950137799891
1017,39.91647452424992,39.8396144075454,38.30652619603539,37.61681433289017,21.897424493931943,39.30778508281267,42.60042466204981,0.268395013779989
1018,39.94578683003001,39.793190179297206,38.36517756772195,37.90109140608019,27.8963417777831,39.19699409647275,42.60987701001816,0.2664090179988147
1019,39.96897170239247,39.824025865474006,38.578977249551656,38.08349888119821,24.780711311700696,39.503144565586624,42.5779127168711,0.26089410144786274
1020,39.97592992888697,39.82029740743277,38.44895574769605,37.90323219959354,28.035698366765327,39.363004432818,42.5848709433656,0.26089410144786285
1021,40.00991429693077,39.83711945498008,38.533483977643556,38.112288091574214,26.815838592170312,39.22875311706031,42.61591464007615,0.26060003431453743
1022,39.98822138502507,39.67140112308218,37.88375193153254,37.245908375894764,25.354853863056313,38.98882991271327,42.594221728170446,0.26060003431453765
1023,39.96932287662179,39.78268487330072,37.40850678227358,37.3497521451075,-11.163865820437422,39.070937985762896,42.575323219767164,0.2606000343145377
1024,39.98177615746349,39.863337415811046,38.425295635941765,37.73257793303646,26.385625155554727,39.445105780042084,42.58777650060887,0.26060003431453754
1025,39.981969627959494,39.83054052569831,38.64678858359609,38.14290166041292,30.47340220096091,39.35417446783737,42.58816051717667,0.2606190889217172
1026,39.969244131334634,39.847306339328334,38.503021208481684,37.676195892930586,29.134089315313528,39.169229319698886,42.57543502055181,0.26061908892171726
1027,40.00045204402307,39.85503912132457,38.51569328462295,38.14814843697152,28.591821271398217,39.27274107897705,42.606642933240245,0.26061908892171737
1028,40.02533015276363,39.8283444894476,38.1678334849773,37.36627809844071,17.85459049928427,39.272889704216496,42.631521041980804,0.26061908892171737
1029,39.98179877461369,39.81168841953018,37.92531386772049,37.99206688398695,-0.4794771865810574,39.33913775281226,42.587989663830854,0.26061908892171703
1030,39.98134796697121,39.79986415475697,38.68471951366215,38.477770370976216,18.853728167895593,39.37603933332308,42.5442126205893,0.2562864653618093
1031,40.037405184191975,39.870917250951194,38.03608342546726,38.01740282200289,-8.83192210037894,39.37593955933997,42.60026983781007,0.25628646536180927
1032,40.04451766748958,39.91668241327807,38.501497939781046,38.15686082978749,19.381580300570985,39.39599964724655,42.59736006078628,0.25528423932967004
1033,40.06302413483624,39.89897239794895,38.32009731840012,37.786953232377776,21.82318503576117,39.40457711685074,42.61586652813294,0.2552842393296703
1034,40.0352387714933,39.815423283884485,38.25165544439099,37.87271566355654,27.841516086977855,39.26152722537006,42.58808116479,0.2552842393296703
1035,40.04446049976749,39.86753407367443,38.19052254910485,37.363659207883394,18.780043038714048,39.228148266558264,42.59730289306419,0.25528423932967026
1036,40.025736084456895,39.87019384617044,37.937616015574584,38.08414044069916,1.8759760220658066,39.33658719444708,42.578578477753595,0.25528423932967037
1037,40.03495281648274,39.91063518650584,38.06371525723991,37.69309871716419,11.707708919271269,39.23304073992745,42.58779520977944,0.25528423932967015
1038,40.035098833885456,39.88769315818365,38.235385087901776,37.989586659389516,25.376855230290346,39.376253528914745,42.59911567360622,0.2564016839720767
1039,40.034781866466794,39.73860315053302,38.3356770576771,38.28142377801423,22.505810254873605,39.134930519683095,42.59879870618756,0.25640168397207663
1040,40.05097195754291,39.94453884610368,38.431749935866584,37.940842004566484,24.534648587827128,39.52570766049749,42.61498879726368,0.2564016839720766
1041,40.025641312412965,39.8275083306157,38.18223915276915,37.38705276107111,27.837999927378732,38.78409085458961,42.58965815213373,0.2564016839720767
1042,40.03487768119784,39.93299817123707,37.80958002608316,37.26542080434511,-12.054759536171396,39.4024071469841,42.59592773118029,0.25610500499824473
1043,40.041494127152085,39.93066196280572,38.633731638868035,38.363726817703366,19.98423848133236,39.58744370939063,42.60254417713453,0.2561050049982449
1044,40.03470985990529,39.879700944828954,37.963348588610486,37.46131961016444,9.213230040236567,39.28886831753963,42.59575990988774,0.256105004998245
1045,40.05060421140667,39.92515227213301,38.18521671187451,37.56430565423372,22.58663645194066,39.36729134271911,42.61165426138912,0.256105004998245
1046,40.04068496087808,39.893473431883706,38.556724204344405,38.43055440236487,24.882459845209628,39.36766581912175,42.60522901896045,0.25645440580823714
1047,40.02834859116185,39.84211462310221,38.37424802551794,38.23533523018708,26.60107572370733,39.33637693321354,42.59289264924422,0.256454405808237
1048,40.05297310037147,39.92602187078424,38.56411352265086,38.46410866183183,17.636776564305496,39.39165974353506,42.617517158453836,0.2564544058082369
1049,40.0592237332196,39.93189378834978,38.37629430328867,37.78531603905512,24.389969843992404,39.297490871397095,42.62376779130197,0.2564544058082369
1050,40.03452838695987,39.89329211393016,38.29025367592993,37.98728566674389,11.028231392387308,39.36411106605654,42.59907244504224,0.25645440580823686
1051,40.012555005254576,39.90817954788065,38.45932071521181,37.68391197064469,27.063299957723736,39.202733644420036,42.577099063336945,0.2564544058082371
1052,40.038769514617435,39.89923649687154,38.457394897782955,37.826095698785636,30.42515700671668,39.28537641092598,42.60859488661488,0.25698253719974484
1053,40.04218139469686,39.93509332542801,39.03974763062997,39.06653996771727,26.499287873402757,39.742425163986695,42.61200676669431,0.2569825371997448
1054,40.03143040547669,39.878593788087464,38.909688958265214,38.56777535903119,31.46272073166208,39.527758656928754,42.60188673481862,0.25704563293419275
1055,40.02864320120603,39.86397812156915,38.26669011469381,37.885021868670115,14.909508454628387,39.2272053138309,42.59909953054796,0.2570456329341928
1056,40.01961178291999,39.84220365399719,38.2099392528617,37.60077565223531,21.587026338882325,39.180118711701724,42.59006811226192,0.2570456329341927
1057,40.04614114661525,39.87450401012701,38.4134549302352,38.42347902139728,20.83338655818863,39.399551258854565,42.61443070539356,0.25682895587783083
1058,40.01808267068161,39.93539455378243,38.40173009261907,37.665946829208224,27.294070295060056,39.42649663126453,42.58637222945992,0.256828955877831
1059,40.02356571275684,39.940925367412845,38.31582818196276,37.682280629635784,26.234406856591406,39.27739436463837,42.587007705703854,0.2563441992947011
1060,40.05109207179265,39.89836920486701,38.80258806290413,38.70402543984728,25.6812482451311,39.568678514853346,42.61453406473966,0.25634419929470087
1061,40.023172063835084,39.863101727391026,38.24377784787188,37.973889930204486,19.312704371304946,39.30425296160821,42.58661405678209,0.25634419929470087
1062,40.047385913989295,39.883247045093334,38.49552436386875,37.816240531565136,24.67881207668511,39.39095161300247,42.60541433547593,0.25580284214866295
1063,40.02907565703599,39.94325458219139,38.462288162821075,38.060988391703226,28.80018226074714,39.468740660888486,42.58879970835212,0.25597240513161296
1064,40.060032998437705,39.97339281066974,38.5263924013383,38.028386300578006,24.13707528635981,39.40129663837715,42.61047111248445,0.25504381140467414
1065,40.07272574003105,39.94116532471554,38.6375459110023,38.322168032778144,23.763160385130725,39.596237898344654,42.591288273594394,0.25185625335633416
1066,40.098507532742886,39.9732727934869,38.59653086080354,38.29178495838766,29.582470438043604,39.523859297743556,42.617070066306226,0.25185625335633427
1067,40.11495080562387,40.017790139168056,38.531192532506616,38.43825281367293,-17.743164403579996,39.67208522043459,42.62906702651252,0.2514116220888652
1068,40.112431142714414,39.99311191587391,38.6785876608822,38.0297702661515,26.94159283850555,39.49139454218563,42.626547363603066,0.2514116220888651
1069,40.12709595027623,39.88399653186472,38.48077966153174,38.162108657186856,20.218384179679358,39.29903378040321,42.64121217116488,0.25141162208886514
1070,40.08684174234563,39.94802363488347,38.746450871743235,38.383738635750895,29.98936473159789,39.42019352410104,42.60095796323428,0.251411622088865
1071,40.12127167171694,39.92929544010108,38.7489952924131,38.30514951188941,30.65487469500628,39.488122648387645,42.63538789260559,0.25141162208886514
1072,40.09289672310954,39.951521464171165,38.148522957707826,37.56527539081583,21.57866883113219,39.35504917225808,42.60701294399819,0.2514116220888651
1073,40.10256949799389,39.948210916592615,38.251456106401896,37.93201389402658,11.644746199969628,39.48512352406492,42.61668571888254,0.251411622088865
1074,40.11841756650525,39.938010910909476,38.545198478140215,37.86862318835746,28.706790495892175,39.37654700955332,42.6325337873939,0.2514116220888651
1075,40.098319400842605,40.01180290151157,38.77739103089419,38.520172536708166,25.137553099633237,39.61336532743848,42.61645577406061,0.2518136373218009
1076,40.114249561757575,39.934466004725,38.36553602754953,37.93504136440511,6.785895975699717,39.349864416291375,42.63238593497558,0.25181363732180073
1077,40.11280609634873,39.96936639482532,38.551527997111734,37.96218129608345,29.49850511718185,39.55213741556146,42.61045358666827,0.24976474903195442
1078,40.11898586132066,39.95107547424118,38.36802413969128,37.64982338932127,26.60360195735823,39.3684736125786,42.6166333516402,0.2497647490319542
1079,40.10951872339765,39.97516468712385,38.56214687097439,38.163803001804084,23.500246205447873,39.46729759509816,42.60716621371719,0.24976474903195414
1080,40.11587689919221,39.98548797492673,38.41554791648051,37.84350825371457,6.92028075391444,39.40064293748301,42.61352438951175,0.24976474903195436
1081,40.138000369068564,40.01772106534123,38.674013691438674,38.137677436993826,29.30896869204361,39.47912666037595,42.63564785938811,0.24976474903195434
1082,40.12653400307844,40.0084845190568,38.40177009196576,38.59627357926648,-9.922110947618933,39.464377925536525,42.66677752935769,0.2540243526279247
1083,40.08879405071091,39.919412430653075,38.499433978218555,37.81692082294415,29.19211149256111,39.308561699419464,42.62903757699016,0.25402435262792483
1084,40.075445623268315,39.954426530385405,38.74032562540858,38.517062366011956,23.120315076212357,39.53231530961264,42.60735766922525,0.25319120459569344
1085,40.08790270708434,39.99790578055261,38.194957957955324,38.52924612020436,13.28500131378646,39.56028194103958,42.619814753041275,0.2531912045956933
1086,40.093667296392475,39.97724216166964,39.011837640173226,38.86797417991303,33.85232352821413,39.59326628927798,42.62557934234941,0.2531912045956934
1087,40.1215860482586,39.94252883670111,38.714051103475356,38.505741069150154,20.87345305534898,39.54365326340512,42.62573865342095,0.2504152605162354
1088,40.12151457941066,39.956685599439126,38.3221763471727,37.83133431530277,19.141007489564405,39.5765853029844,42.62566718457301,0.25041526051623536
1089,40.11564933621865,40.01568847518704,38.69366518136951,38.095180509959874,28.98370663189246,39.628725256770046,42.619801941381006,0.25041526051623536
1090,40.10591405815346,40.0156726373772,38.413168229300865,38.24803050004549,-12.936410429980846,39.49780354808278,42.61929875353392,0.2513384695380459
1091,40.124756433692035,39.97962712474471,38.40501242576433,38.02479500382698,22.259927284142538,39.31532441664743,42.638141129072494,0.2513384695380459
1092,40.107796271894635,39.95358071964253,38.07864407248781,37.88440497305476,17.840207187076167,39.416714273285294,42.62876674302539,0.2520970471130751
1093,40.0924279526645,39.963560547723816,38.74253050657846,38.2267029077656,27.943051896208388,39.560922158037386,42.61339842379525,0.25209704711307523
1094,40.07477132859906,39.912782655889835,37.68548658409422,36.87328328632229,11.729558156405652,39.13076033162101,42.57621681088611,0.2501445482287049
1095,40.15266387859619,39.97215587615705,38.72299039058298,38.68258745832137,26.85797049793637,39.552994864402386,42.65410936088324,0.250144548228705
1096,40.110784379258256,40.02352953813707,38.866546990302346,38.67097280864326,29.136185300360765,39.62679530696546,42.63500914528699,0.2524224766028738
1097,40.1046255617637,39.97467915337598,38.44921914843517,37.7738529462695,27.812047965189215,39.423860608066335,42.628850327792435,0.2524224766028738
1098,40.10098252049109,39.9936741415136,38.708377489409294,38.0411180181007,29.64102079532713,39.571643400035896,42.60370573335937,0.25027232128682836
1099,40.12653802712072,39.922206129647414,38.231588898347816,37.37929728298197,11.534771352371678,39.35700304402279,42.629261239989006,0.2502723212868283
1100,40.13579512578254,40.03552744286882,38.555717793163275,38.199854870956145,27.430671277373285,39.66707608815771,42.638518338650826,0.25027232128682825
1101,40.11379076158916,39.99298641912792,38.44455192938565,37.82527115501047,27.126135285013625,39.261326562838974,42.61651397445744,0.25027232128682825
1102,40.12607410405827,40.04875993579646,38.74863250836448,38.43100914451135,28.359274122077995,39.4643458740734,42.62879731692655,0.25027232128682825
1103,40.12890220374732,40.02712633778454,38.58314819119943,38.218680395825466,29.067881859789956,39.62639675585058,42.61325863870996,0.2484356434962635
1104,40.144798898594146,40.03196683532967,38.2832128031923,37.69493859668244,24.77178133203892,39.32699838827293,42.62915533355678,0.2484356434962634
1105,40.18174106719683,40.04460080883629,38.85515676088764,38.53276646033471,29.755315260766537,39.5222868883173,42.66609750215947,0.24843564349626346
1106,40.14329049078119,39.9593296980628,38.104063602274266,37.711990679046274,20.352962647107987,39.27300636494904,42.62860191832985,0.2485311427548657
1107,40.130516868716384,40.02743590371214,38.894403155115455,38.26834848509733,29.543967090193398,39.68533121278516,42.60433474685573,0.2473817878139344
1108,40.13340407043941,39.99983975691402,38.86223437382109,38.29186797199791,31.00635864929555,39.524856012870174,42.607221948578754,0.2473817878139344
1109,40.14841124314015,40.03810149315,38.89293010732068,37.93525141380239,33.338245407485964,39.632686297209176,42.61606317126088,0.24676519281207304
1110,40.16525109396772,39.96077400923004,37.79770228018247,37.58110276251695,-8.776447704870478,39.1121094886052,42.65110003067455,0.24858489367068293
1111,40.11042024700403,39.990421256556374,38.442204758153935,38.201001297355525,21.28928434917325,39.518445715776764,42.626218543207436,0.25157982962034103
1112,40.10981545257488,40.002440774455955,38.239465623916836,37.1193586765087,27.40952503630549,39.28772268316502,42.75046545862751,0.2640650006052631
1113,40.11849916140039,39.98443042036287,38.913664641229744,38.64389611096046,33.38618327442316,39.35709924239521,42.71107475029,0.2592575588889609
1114,40.14992624397359,39.96288853099558,38.41220562931397,38.17213508832237,17.501978016363953,39.516872584760975,42.74250183286319,0.2592575588889605
1115,40.16563653532162,39.97750871678286,38.295347611069346,37.52594961768319,14.806997325750832,39.12166120410404,42.758110455058244,0.25924739197366264
1116,40.17992003533779,40.00524260584585,38.26118437223968,37.40913226395364,25.2749242007075,39.60947682858888,42.757610098476654,0.25776900631388705
1117,40.17680898279248,40.0459875566022,38.438973513817906,38.401355674161294,17.57592120253141,39.63719483329327,42.754499045931354,0.2577690063138871
1118,40.16132177322788,40.05831134650394,38.841936224150736,38.22970083359858,24.41791844030098,39.65677235719298,42.738695608600736,0.25773738353728554
1119,40.1706330664572,40.02534757670272,38.51251524339221,37.572976923970224,27.03158143392919,39.48465336823791,42.74800690183005,0.25773738353728565
1120,40.16113515235202,40.04660305687874,38.863137111806566,38.81247595839386,24.57017404874715,39.49309415465575,42.73850898772487,0.25773738353728554
1121,40.15810963138428,39.85641033057648,38.1174962790716,36.97702333634276,26.94492505450928,39.135211193302666,42.73548346675714,0.25773738353728576
1122,40.1863782695717,40.053238882884905,38.63397721595537,38.26844939049601,24.814392566439718,39.68214476778053,42.76375210494455,0.25773738353728554
1123,40.17388308401436,40.05206989365663,38.617999064690935,38.17414611000433,26.247782456604032,39.50498102878072,42.75125691938722,0.2577373835372854
1124,40.176568001584506,40.0134246624811,38.65532382906041,37.84679748399036,26.90560195498275,39.324806205032445,42.75394183695736,0.25773738353728554
1125,40.17375407654342,40.027331492804656,38.67905852395806,38.29065671571908,29.859114435302534,39.36787721574852,42.75112791191627,0.25773738353728526
1126,40.19159761474342,39.98449450107039,38.357613668335425,37.90757178444728,21.79839879614443,39.32454814062973,42.7670207702209,0.2575423155477483
1127,40.1769597092227,40.026038409827976,38.60748972050618,38.316984335575306,26.080434413054444,39.410521722367704,42.7070543956762,0.25300946864535045
1128,40.21636158314631,40.060025496883306,38.43760993154718,38.10917727893046,7.732381388315147,39.428179742636985,42.71838162689047,0.2502020043744158
1129,40.256632584332294,40.1510369609644,38.759314357030306,38.19508584811984,28.032393973243252,39.625340287654325,42.758652628076455,0.25020200437441575
1130,40.22566028369438,40.06110171924299,38.64719288442797,38.52373620841708,27.017174390719116,39.54034955268732,42.72768032743854,0.25020200437441575
1131,40.24142320394546,40.14768698538727,38.910344577752305,38.461326259150354,29.242378730658842,39.8134856724013,42.74344324768961,0.2502020043744156
1132,40.22916772488391,40.072717446921224,38.37303347853067,38.2635116529302,22.066209750568483,39.272588811296416,42.69381264499106,0.24646449201071574
1133,40.272950466703406,40.14931985918419,38.6033471551416,38.54290474440806,-0.9288953707088083,39.770843825682746,42.73118169458618,0.24582312278827798
1134,40.25089614409339,40.0842274998631,38.43298991349531,37.90627858016002,20.060616804034474,39.49003569351553,42.709127371976166,0.2458231227882778
1135,40.253242572505364,40.15341503133346,38.70597941792555,38.50724639518485,28.253403868868386,39.67211114545799,42.715412578364415,0.24621700058590484
1136,40.27147164158455,40.036481498345225,38.287816764723516,37.60505763223938,19.544579895085743,39.29624348902037,42.7336416474436,0.246217000585905
1137,40.27762272868226,40.12366850716304,38.299948158475395,38.23960721269448,4.573626645565561,39.53658096972393,42.73979273454131,0.24621700058590482
1138,40.25635811225355,40.11097794985263,38.62756602993048,38.41984433544766,4.542392315267207,39.71100862163104,42.7185281181126,0.24621700058590468
1139,40.272001587755604,40.11521787310721,38.71576124627871,38.29589253990875,19.416851615240535,39.574854240447664,42.734171593614654,0.24621700058590484
1140,40.25016810887135,40.16804978541474,38.86500388122672,38.36769038358898,29.380285938640156,39.51195770700242,42.7123381147304,0.24621700058590473
1141,40.249776035319854,40.16145303732199,38.95145717562752,38.232406235914056,31.80701275148139,39.63147566201851,42.711946041178905,0.24621700058590476
1142,40.259189810049314,40.08744316034585,38.790761381184446,38.389000730622655,17.77063743126705,39.612902538858705,42.721359815908365,0.24621700058590484
1143,40.24943726313913,40.158981880151686,38.69619239949017,37.77066796371211,26.182605096217323,39.52758271426105,42.71160726899818,0.24621700058590476
1144,40.25346371124258,40.1302989735721,38.67301520287971,38.425782936539505,27.203936512362667,39.72958718399091,42.71563371710163,0.24621700058590473
1145,40.250266522043624,40.13282345961673,38.38631523578922,37.93407855670176,4.271917275745501,39.48896744598672,42.712436527902675,0.24621700058590495
1146,40.26273251266491,40.12330401367344,38.481540483179806,38.084825760504465,21.738289540158153,39.54388810430048,42.72490251852396,0.24621700058590476
1147,40.26858454965452,40.11638116840408,38.48279259252136,38.49567278458137,-13.752983324182445,39.660795610298635,42.731070783279584,0.24624862336250658
1148,40.24516749066666,40.08723662511899,38.39459725348458,37.186374283919925,25.455983712156417,39.40612068859337,42.70006794854143,0.2454900457874772
1149,40.26027947115497,40.11978830253651,38.78634593424829,38.50691651214013,26.76506248709218,39.60054881031458,42.715179929029745,0.24549004578747746
1150,40.24066959277612,40.0452083052161,38.58189806260551,37.957955293495395,28.349963765675994,39.55400507476146,42.65973131545632,0.2419061722680199
1151,40.284868164421894,40.162375018979496,38.969259382128,38.58714424177844,28.930531067993773,39.87919884874832,42.61871497885827,0.2333846814436376
1152,40.340993297549915,40.21252980954302,38.203101404251655,37.31155645631425,25.904730685787197,39.405837645148054,42.6129319715364,0.22719386739864866
1153,40.37233880553283,40.18807646827737,38.499691861247555,37.576928928901154,20.49858627592598,39.39262218840589,42.64427747951932,0.2271938673986487
1154,40.38152378941533,40.25716867965735,38.85037395964029,38.0781286390619,29.685811387292873,39.74083396435398,42.653462463401816,0.2271938673986486
1155,40.40538434237683,40.3031345344622,38.8706971993469,38.347384614050505,22.343914576238948,39.81464437188474,42.62148788391924,0.22161035415424066
1156,40.430103612376826,40.28858848208006,38.55528084987355,38.0502726272065,18.035082298413123,39.775361481653015,42.646207153919235,0.2216103541542408
1157,40.411459299695174,40.245972365288694,38.06876253720148,37.31198844144815,-8.635441313735555,39.347700567984745,42.627562841237584,0.22161035415424113
1158,40.43910251287017,40.27720486450978,38.96284551202326,38.436633248184776,26.91122861490085,39.71841698121897,42.80742088367652,0.23683183708063507
1159,40.472316795132514,40.32319341609154,39.203270783998526,38.773674503638624,29.75221048802549,39.92128620222758,42.84826787428942,0.23759510791569066
1160,40.454712232643566,40.33108038208269,38.81111722482424,38.02170447446948,13.582258709970187,39.866902849690085,42.813956790870215,0.23592445582266489
1161,40.47059269196594,40.290426737579864,39.184866860361325,38.73047229869119,31.712611169105386,39.83473153110592,42.82983725019259,0.23592445582266494
1162,40.47095456721658,40.33022728323083,38.71938253085189,38.096825236766975,22.067227183652765,39.720865487830544,42.83019912544323,0.23592445582266475
1163,40.46684833442512,40.36849258652757,38.516423975845804,38.53096273935852,-17.11714632878278,39.79618022988095,42.82609289265177,0.2359244558226648
1164,40.48588864447164,40.35508244379633,39.414810309871555,39.2935640681276,30.93377052946652,40.089500531932536,42.84513320269829,0.23592445582266486
1165,40.47218996693462,40.29247723588602,39.26166344936752,39.121533226644075,25.677091315011,39.99573397287778,42.82618428303997,0.23539943161053503
1166,40.475746602439884,40.3424285649264,38.78917794920635,38.47787576457031,24.80096463660393,39.90238341156009,42.829740918545234,0.23539943161053484
1167,40.46515186433908,40.36051648576751,38.97800005043117,38.21747860763547,27.501947890439215,39.84803737468853,42.808554217144234,0.23434023528051537
1168,40.473945909715404,40.334130885865385,39.1107132550515,38.51280858762953,31.409088233268974,39.726900705588044,42.81734826252056,0.23434023528051537
1169,40.52700928033483,40.36587026372157,38.96745369026351,38.793674536024234,21.40372807290794,39.830657620200235,42.87041163313999,0.23434023528051545
1170,40.50445292959441,40.30250464407162,38.60192913851352,37.65504533854839,21.936398301954405,39.521450225967214,42.847855282399564,0.23434023528051534
1171,40.47411874575988,40.40216296449842,39.180759759844264,38.90997928694869,23.639193572220933,39.88756924294929,42.81752109856503,0.2343402352805153
1172,40.49929012121201,40.236362868957826,38.99562185694918,38.20589839405631,29.49958979423115,39.67700944026838,42.84794271613846,0.2348652594926452
1173,40.480975203425444,40.35731635084214,39.00501450966344,38.361430364221114,25.97370204869949,40.02994495155875,42.82962779835189,0.23486525949264517
1174,40.47497707110755,40.32434750295885,38.76329279320606,38.615174464225085,26.898859671683837,39.66545470476944,42.82348175519519,0.23485046840876359
1175,40.47487815573773,40.30888897247179,38.552014605425654,37.98842419884837,21.64742709211975,39.569009069020105,42.82338283982536,0.23485046840876375
1176,40.452379039427385,40.29032724482556,38.6228313135156,38.3324594875988,25.7630517127006,39.8629492523214,42.798295459667344,0.23459164202399604
1177,40.495920775733744,40.225059885843635,38.740316932361445,38.446003259514995,22.888438532163875,39.66027898510562,42.8418371959737,0.23459164202399604
1178,40.47824641121237,40.30833248976848,38.988747249598035,38.663490669084645,18.159894254953667,39.88780321336783,42.80764251331574,0.2329396102103374
1179,40.49390151892644,40.392631149214836,38.6581514443124,37.890483824761155,25.29005238769072,39.831769830913665,42.823297621029816,0.23293961021033766
1180,40.524865956780005,40.406175874559906,39.028218635497474,38.63684149795799,28.262839999028834,39.813642733072086,42.83606505029728,0.23111990935172758
1181,40.51996817862063,40.32396081945518,38.861884429368125,38.61706889667995,24.108627017843002,39.76578416376312,42.83584462355078,0.2315876444930148
1182,40.49819926841101,40.35912442877394,38.20693467544946,37.52957790430563,25.415421040190196,39.570736225804026,42.814075713341154,0.23158764449301442
1183,40.50083883065295,40.40020834518088,38.87461756374969,38.53848575318287,23.747410681044073,39.841702995177954,42.8167152755831,0.23158764449301458
1184,40.52910627088557,40.347081541959525,38.94030125108092,38.20167057343298,19.672386962574976,39.74660607026274,42.84498271581572,0.23158764449301464
1185,40.52709264207706,40.410691941859184,38.99976607111625,38.81474952087824,29.027565803302117,39.987197932888876,42.84530475946997,0.23182121173929127
1186,40.495878513694095,40.32555363875,38.62149916429099,38.24455590698661,18.556107021600774,39.788703557186636,42.82050432331138,0.23246258096172906
1187,40.50472882562657,40.32379695525982,38.437233841931594,38.10113341775664,19.46000463324177,39.73692624158559,42.82935463524386,0.23246258096172917
1188,40.49894060993905,40.41215444750225,38.731130181721404,37.911868289510075,23.6891911444967,40.00765674134265,42.82356641955634,0.23246258096172928
1189,40.50840209883241,40.347627975170425,38.443514265205664,38.334208010840406,-3.101824153478958,39.706266963294595,42.8330279084497,0.2324625809617291
1190,40.50467925940744,40.366201653603675,39.117515131344106,38.72590617517045,31.026726546659102,39.835555354684544,42.82930506902473,0.23246258096172903
1191,40.492650798773575,40.35991123631312,38.737735317380654,38.39482592188038,27.339935578786974,39.95497909187769,42.81717875131235,0.2324527952538775
1192,40.51111415821136,40.37846438039598,38.767237647090326,38.09283357393351,24.720547868463093,39.849763619873826,42.835642110750136,0.2324527952538776
1193,40.49918288848627,40.27163202275264,38.527377874594414,38.09506479408923,25.268447346950104,39.617794958807636,42.82371084102504,0.23245279525387744
1194,40.50478658324394,40.39743356374749,38.70589762241181,38.29457120517002,20.5252975506437,39.86186261080479,42.829314535782714,0.23245279525387763
1195,40.497087748048116,40.34949693144694,39.01361335502224,38.50209217619706,28.959989437087668,39.93489870350402,42.817150615808366,0.2320062867760251
1196,40.52922051078634,40.36796372426603,38.99423857843707,38.40168959725984,30.0439635316444,39.84825245152726,42.83923223587792,0.23100117250915822
1197,40.520929122035035,40.3947190698215,39.01273529778075,38.363643234636235,30.62613429720946,39.75098003973527,42.8263953213876,0.23054661993525663
1198,40.527651616435676,40.34068026159226,38.61787726697433,37.71222252032349,27.257165939674202,39.54501307036274,42.83311781578824,0.2305466199352566
1199,40.53672751976661,40.432212977509444,38.97104577252228,38.77022427187898,4.41791311762843,40.00682060659266,42.84219371911917,0.23054661993525669
1200,40.54006277691838,40.31428087234153,38.70823646072589,37.85072288754212,25.188065762022507,39.531384866276966,42.84552897627095,0.23054661993525652
1201,40.55232850294565,40.29605250430403,38.875092179000056,38.43431213383296,22.610372305291083,39.8052158823852,42.857794702298214,0.23054661993525657
1202,40.52398515499941,40.34666178288661,38.577117927889155,38.32597222178915,18.104150790206585,39.713782416302195,42.777542572348935,0.2253557417349529
1203,40.57107043090927,40.46482913566838,39.4285804355439,39.09251438821007,29.06071359045012,40.113375518546135,42.80285439710532,0.22317839661960454
1204,40.57875262445048,40.43014164423175,38.72717216558861,38.406184024413086,7.583298261118443,39.88110020493142,42.80543481454779,0.22266821900973088
1205,40.57888698754494,40.40192066088674,38.97203316668058,38.351599249611844,27.1970391774826,39.75741617923845,42.80556917764225,0.2226682190097309
1206,40.58356562643707,40.437089508330075,38.818780808521375,38.27051374936124,18.263271527766225,39.927721849922,42.80585886827182,0.2222293241834748
1207,40.575303419159276,40.27198579031682,38.695945419369366,38.31531840108361,20.438023429304128,39.799959708763666,42.802804047555775,0.2227500628396497
1208,40.57096859043075,40.492789522711,39.31710528724079,38.758692399931526,28.518335451356755,40.023834367118695,42.80865796311498,0.22376893726842279
1209,40.57833006459107,40.40854836753549,38.54147013702344,38.210198914164465,-0.1626162164979874,39.91268292039136,42.78072491661728,0.2202394852026209
1210,40.61549142827662,40.45703690916025,38.780389871082946,38.267018801106296,24.836306964490497,39.79515083792083,42.81788628030283,0.22023948520262088
1211,40.61570123341626,40.53075325352292,39.11348733267132,38.616458453574154,26.624178721285936,40.100094350937525,42.81809608544247,0.22023948520262102
1212,40.603492195098404,40.44748468933859,37.78929245469582,38.19841557379088,-16.584910704933478,39.85409816312015,42.805887047124614,0.22023948520262085
1213,40.63114679835268,40.480752089507035,39.4308332171013,39.122340270180835,29.44875443820301,40.09640884194995,42.83354165037889,0.22023948520262074
1214,40.615976010449046,40.439476023571004,38.9824322342294,38.02644482571344,29.995051463401136,39.89782164613068,42.7519813976219,0.2136005387172848
1215,40.61803983396621,40.508435663102205,38.94608784835379,38.403667009794255,27.08107428561281,39.948239593879975,42.75448173697129,0.21364419030050888
1216,40.5964379526031,40.510072065478305,38.73899081733689,37.8261733919591,13.594963152968074,39.95693359853067,42.73287985560819,0.21364419030050888
1217,40.58970814231122,40.45937420815397,39.10381900307427,38.50194495285216,29.497753897185646,39.87119953387224,42.7261500453163,0.21364419030050882
1218,40.62114411076691,40.446071030616196,38.940386287930004,38.0165972735775,24.41116687131722,39.90242516045124,42.757586013772,0.2136441903005088
1219,40.60919411183949,40.398334381600776,38.76607487633421,38.49150873063976,19.710749148534028,39.96695231187465,42.736067218819066,0.21268731069795763
1220,40.61189561626434,40.45576891256,38.93454242884474,38.75629133574022,26.675067185956642,39.868609485024336,42.73919885773601,0.21273032414716683
1221,40.6118684643838,40.46910866658644,38.77388990690286,38.061441176340544,18.374366477528646,39.811595980843705,42.73917170585547,0.21273032414716692
1222,40.61299585897612,40.43860945740325,38.48458738757437,37.65994395977722,26.619041172760472,39.40750358368144,42.742244539308835,0.21292486803327162
1223,40.594160398526014,40.33479605678807,38.7307542876141,38.14716881326789,16.870255195557377,39.67229635956353,42.72340907885873,0.21292486803327165
1224,40.60702250506675,40.438080284861286,38.89726463102253,38.54333298115395,28.249797901935338,39.94975501085206,42.730245589538725,0.21232230844719713
1225,40.61330455681625,40.51039667308889,38.8101765352093,38.35912488398297,25.954812814023317,39.94961934271568,42.73652764128823,0.21232230844719724
1226,40.61275644492154,40.47875482759482,38.798430019154985,37.843714366517446,23.575681416627923,40.024537272205194,42.73597952939351,0.2123223084471973
1227,40.60288449902183,40.47251367662077,38.69354210573049,38.19548500504574,18.335347654558227,39.73712670434291,42.72090019693206,0.21180156979102213
1228,40.617468343871195,40.51208631078064,39.35738367690863,38.880229516390685,25.416859701776538,40.1627714164856,42.73548404178141,0.21180156979102202
1229,40.637600387457105,40.44439013932386,39.02338091645295,38.63170190410538,26.679914785794033,40.070612443292106,42.75561608536733,0.21180156979102205
1230,40.630431686218365,40.41558079413891,38.782878603421935,38.36138632493308,27.973376258652877,39.74123520913875,42.74844738412858,0.21180156979102197
1231,40.64047130755912,40.47895588333506,39.00122172440913,38.112648299204025,25.868384675199223,39.845538999169705,42.773518425130234,0.21330471175711194
1232,40.61233156417963,40.38605881932136,38.49245170235214,37.78357213633976,26.446637462648184,39.816153250984314,42.74537868175075,0.2133047117571121
1233,40.60001149096626,40.470456799574045,38.91962633814718,38.56270564295634,26.434075608395062,39.754890101327476,42.733058608537384,0.21330471175711216
1234,40.6002219712774,40.47666065344082,39.01663468862465,38.38786338245022,18.89368533637429,39.84165517622006,42.73326908884852,0.21330471175711216
1235,40.60594288033792,40.490147941985704,39.38713316091219,38.82488415525384,24.034705172978168,39.963211179637426,42.738989997909044,0.21330471175711224
1236,40.61505653872855,40.50402284093591,39.33306582347407,39.0653913371747,32.23768791858601,40.15022575768458,42.748103656299676,0.21330471175711216
1237,40.5966587987889,40.37319916138188,38.3914810416043,37.96616077131268,20.755793135775164,39.49078515938089,42.72970591636002,0.213304711757112
1238,40.60627596388735,40.48919590311301,38.90799469302911,38.928769065508384,21.376211416519077,39.956818766777985,42.73932308145847,0.21330471175711208
1239,40.6434118643276,40.512870009752966,38.87591764618441,38.41074781977202,18.180535389177383,40.08422965233774,42.77645898189872,0.21330471175711216
1240,40.618339924291185,40.50963469041657,39.01255094935886,38.84448582701602,22.285568301352544,40.14598866252797,42.7228594570443,0.21045195327531144
1241,40.6081571340506,40.50141719475405,39.121997255247074,38.42763144905698,28.54478785574035,40.09665135957095,42.72339185985609,0.21152347258054896
1242,40.607741661313895,40.45446167548268,39.198961600708074,38.665678531117635,30.410631884981864,39.94487051903074,42.72297638711939,0.21152347258054907
1243,40.59664353108715,40.38753342083857,38.611640338062124,38.256553027221706,24.259892650379967,39.96808616588012,42.68192889739606,0.2085285366308911
1244,40.60370380860136,40.474992376210324,38.40497103178601,37.48978299578958,0.031239566254100737,39.77744804026255,42.68898917491027,0.20852853663089105
1245,40.61301968353942,40.48079962135104,38.810759465424304,38.18911871792003,24.227051885022586,39.83934211963175,42.69830504984833,0.20852853663089102
1246,40.62802406843385,40.52515050896847,38.93926251490995,38.6538413462138,13.007307914508864,40.155122778760784,42.71330943474276,0.20852853663089077
1247,40.6252591779302,40.46950409218025,38.54977285964113,38.495436235610235,-9.693426190367681,39.78171798726815,42.69769138909723,0.20724322111670312
1248,40.638443074772084,40.39487638710209,39.11171909938511,38.5182443925201,26.664177127124184,39.825693022249766,42.71087528593912,0.20724322111670315
1249,40.62493708938007,40.447672511737565,39.00402946149152,38.40038732989217,27.819445958795647,39.92552170229574,42.70415761471027,0.20792205253301965
1250,40.62033485591186,40.5071714785384,39.200889015918094,38.701923768256364,27.755587429183997,39.99354895187581,42.68276734106083,0.20624324851489717
1251,40.63318454555384,40.48815801230954,38.56818160140992,38.47476908621834,19.933033525741294,40.02993143683162,42.69561703070281,0.20624324851489736
1252,40.67109499636835,40.48405010992293,39.235589813067264,38.59905190429928,31.720645394809686,40.09270114816452,42.73352748151733,0.2062432485148975
1253,40.64219139329887,40.51472524381688,38.9059127652706,38.234599153922915,16.47790159841574,39.812646765630106,42.70462387844785,0.20624324851489736
1254,40.64577995414843,40.5044441849375,38.98896038041449,38.53093730773271,24.10827416997351,39.963290398834104,42.708212439297405,0.20624324851489734
1255,40.63367773904227,40.520572297882346,38.93222091871168,38.5188421193037,28.91747249991039,40.09325092757173,42.696110224191244,0.20624324851489717
1256,40.62088694281387,40.50501593911557,39.25187601481977,39.26443935355274,12.696492568917417,40.07183582310999,42.68331942796284,0.20624324851489734
1257,40.65693217271647,40.52619379516879,39.26210669361524,38.79782798702288,29.066553624066472,40.021111954331246,42.7171768962415,0.20602447235250235
1258,40.669648115115784,40.52395791001836,39.39458994760375,38.867816119680285,27.642327858529953,40.0048875885682,42.69526137771295,0.2025613262597171
1259,40.691865615454134,40.58277282412497,39.00480261750278,38.745482602105376,23.801640741166512,40.032765059910325,42.7174788780513,0.2025613262597172
1260,40.68874336891876,40.52774258389311,39.13347088961909,38.60202894145645,24.319761840901815,40.12203756962636,42.71435663151593,0.20256132625971726
1261,40.68778413220878,40.53897977264554,38.71995905194285,38.77020731371941,17.520436899274078,40.03854183130677,42.713983095850786,0.20261989636420044
1262,40.665535422389006,40.462011919407125,39.16499171963827,38.82434662483063,29.19934406129146,39.93187716447885,42.6812631005505,0.20157276781614958
1263,40.684318898669616,40.55823820351352,39.463395420729945,38.91828475654781,33.94182046321843,40.17453950412761,42.67523975577542,0.19909208571058093
1264,40.703113917392976,40.58584493967146,39.166125919587344,38.98739337875663,15.750498651204182,40.135755562039776,42.69403477449878,0.1990920857105808
1265,40.69968359933788,40.52498054309675,38.72480701684009,38.37390549708572,18.33386257007802,39.881800222461735,42.69060445644369,0.19909208571058068
1266,40.712336033474756,40.512989161626365,38.78752808706859,38.80529425926248,20.93106157460649,39.88870690524466,42.70325689058056,0.1990920857105808
1267,40.69970604697853,40.60185735600223,38.99626416025729,38.80323803597502,19.167013963698277,40.23397657570647,42.69062690408433,0.1990920857105807
1268,40.686933081710905,40.496291661119,38.79389496091811,37.92662794031013,29.43886457644243,39.82314696723955,42.67785393881671,0.19909208571058076
1269,40.716734375238175,40.53524593113494,38.76310889680109,37.830795515575275,24.164851361954895,39.81710882402251,42.696940039291604,0.19802056640534296
1270,40.71954052359429,40.5786314380036,38.27562941202795,37.48831320138723,-11.237181175544478,39.94899889127474,42.73156654479129,0.20120260211970056
1271,40.74094160636826,40.67758308447064,39.504169334089454,38.77373986550955,31.402176791273334,40.360386672366886,42.75296762756527,0.20120260211970067
1272,40.75668510999629,40.605290684045514,39.00001920138355,38.861626447867614,-11.384544038343606,40.05728888409898,42.7687111311933,0.20120260211970084
1273,40.75296032246668,40.58107351656877,38.85984313669485,38.615627787349396,8.432660938450041,39.74144415577533,42.76498634366368,0.20120260211970045
1274,40.7391426337192,40.65050053005243,38.89658227715166,38.29746844669313,12.314218414447605,40.0760858896697,42.756469814816874,0.2017327181097676
1275,40.744163539251616,40.616896940141295,39.2171201559425,38.63095695876876,23.4241289438153,40.028852663294685,42.75035682664607,0.20061932873944563
1276,40.750122834058594,40.55645843613221,39.1553853111886,38.52851111615599,27.376642662013133,40.06895759581509,42.756316121453054,0.20061932873944568
1277,40.76569259464016,40.54846388131003,39.08709961671202,38.65744202425402,19.503112032759713,40.064797957217564,42.77188588203462,0.20061932873944574
1278,40.768662741842604,40.665918844094875,38.73655389719881,38.44332967893127,-4.78982301942348,40.13950069167074,42.774856029237064,0.2006193287394458
1279,40.75696508756832,40.65815309074303,38.97740448425635,38.64525597026135,24.23146930602417,40.237779319326094,42.75296963067505,0.19960045431067266
1280,40.77553427352616,40.61235625284249,39.15094685804758,38.840754135139704,23.164323688230944,39.90916868000451,42.77153881663289,0.19960045431067253
1281,40.76849863990337,40.67560853143195,39.3738765636098,38.74259104718091,26.323058841393753,40.221150685536315,42.75642483062239,0.1987926190719021
1282,40.774294778242925,40.686559535504344,38.667609793109825,37.90048336733475,12.799561100559927,40.199745039516785,42.74718954930105,0.19728947710581218
1283,40.79907875346856,40.668676464622735,39.1509091176866,38.74073126904099,25.023632560466,40.20124250319681,42.77197352452668,0.1972894771058119
1284,40.80232769971247,40.693840234876674,39.42842953940539,39.316932643847764,25.572448135562126,40.357567842347834,42.77522247077059,0.1972894771058121
1285,40.78967910081534,40.6325981520483,39.236860736721994,38.82906032962141,28.98472105422433,40.19625117341773,42.762573871873464,0.1972894771058123
1286,40.80500474251292,40.650417631043794,39.12855502453539,38.54954179975531,24.86044955158243,39.845760543773565,42.77789951357104,0.19728947710581227
1287,40.786955903918965,40.676694482265894,39.26866347402051,38.65306877203652,19.03688615230783,40.33656186132828,42.75985067497709,0.19728947710581204
1288,40.79912737046991,40.65875997025557,38.86784984086792,38.625674632414565,11.408715930001254,40.048973691570424,42.77202214152803,0.1972894771058121
1289,40.78007974499971,40.66874027337328,39.24289090862989,38.28225755832595,27.44616888921522,40.175959283950625,42.75297451605783,0.19728947710581218
1290,40.79440287701898,40.67076248116469,39.40066147605399,38.83595134888806,27.615610402448986,40.20976297390963,42.75658245502473,0.1962179578005745
1291,40.819123348250194,40.70974371205771,39.47122702521148,39.452890661795145,28.41971476187006,40.28867869980587,42.78130292625594,0.19621795780057472
1292,40.812835895058285,40.718789123328705,39.21389897892392,39.00011964392934,19.793025439459885,40.204019984812334,42.77501547306403,0.19621795780057466
1293,40.81284626162476,40.508837332610355,39.12107079458408,38.561908436637964,26.064176160392545,39.824822196752834,42.77502583963051,0.19621795780057472
1294,40.831436976616665,40.7096613724564,39.42644726076734,39.05339357992077,26.859397957415414,40.26143865827774,42.79361655462241,0.19621795780057458
1295,40.79527763920764,40.700037288097455,39.222252003671166,39.055870728790666,18.84335111840707,40.301310408933475,42.76282753517709,0.19675498959694485
1296,40.79795132388645,40.66559603493663,39.24926096568298,38.65220899147049,27.822458378266184,40.13647078005279,42.7655012198559,0.19675498959694487
1297,40.80740269832725,40.66214174662348,39.35700807721815,38.76551411415837,32.229617850120434,40.10068087680429,42.7749525942967,0.1967549895969448
1298,40.782315491376295,40.66206687408222,38.87219799030187,38.145299744686206,24.90368423200986,40.064210022902685,42.756156428139235,0.1973840936762937
1299,40.78491454815623,40.66745214197428,39.40862067142846,38.9722558880863,28.47458488255041,40.275762170088214,42.78759579995043,0.20026812517942022
1300,40.762653377446114,40.64151268121924,39.11423087663993,37.971380295272056,25.316970624008185,40.06443209463989,42.765334629240314,0.20026812517942022
1301,40.74723371701348,40.608741716374006,39.449270058485006,39.21303731734937,27.194455765570975,40.27808933205094,42.74991496880768,0.20026812517942016
1302,40.750518725931734,40.60625526704646,39.25614050372264,38.70351962516683,25.02058056897878,40.15290780935514,42.753199977725934,0.2002681251794202
1303,40.77532929950759,40.58889747915272,39.1192635910663,38.36072451296274,30.767350816457782,39.90278584282736,42.77198495544105,0.19966556559334592
1304,40.76296503327612,40.63522840346193,39.40965596414225,39.466876231930115,32.38219951515816,40.28922899527515,42.75962068920958,0.19966556559334603
1305,40.77556629476265,40.64704086193836,39.540276357192546,39.076363180279806,28.136969254870575,40.140292096291276,42.77222195069611,0.19966556559334575
1306,40.77157895316501,40.66219583239547,39.261315145857374,38.84568519075098,20.953816793963284,40.2449776896046,42.76273920035989,0.19911602471948797
1307,40.76525471529416,40.609024277080835,39.26441091534972,38.613078474060586,29.836779822613977,40.23838919337506,42.756414962489046,0.1991160247194883
1308,40.769653957547256,40.619530857143715,38.64351355434617,38.25506838586409,25.258531877875942,40.06328286690751,42.870383637517364,0.2100729679970108
1309,40.794778401332195,40.60418458387622,39.01676417687088,38.36847651495384,30.81968943514397,39.877802682092984,42.8955080813023,0.21007296799701072
1310,40.75059993356934,40.62979576298016,39.070985509787185,38.801739525257275,8.370498664770679,40.030779627265886,42.85132961353945,0.21007296799701086
1311,40.804870668608416,40.63717105433954,39.31023993097319,39.191072760641866,24.262327308682867,40.06255105208481,42.87676003354726,0.20718893649388395
1312,40.82290204089149,40.73273870986788,39.648837629696374,39.42095831747424,31.810111417460487,40.290744772667196,42.89479140583033,0.2071889364938841
1313,40.79866006055432,40.705002671390844,39.60839365271312,39.105250516768564,31.17348507556153,40.32590993268492,42.87011290966092,0.20714528491066006
1314,40.79579834345332,40.70244451755474,39.13359549929548,38.81542920967003,18.834413317019184,40.334401196783396,42.86725119255992,0.20714528491065987
1315,40.80507245724325,40.70996374849797,39.301440276922015,38.93914476727055,27.938958196483377,40.037934587139816,42.87652530634985,0.20714528491066
1316,40.83942599734222,40.71638272376959,39.68308719465222,39.35085266559411,26.593745597636794,40.3135017585581,42.91087884644882,0.20714528491066014
1317,40.8110723321918,40.68002040111109,39.01962452207602,38.013187758005984,28.617042042495704,40.03991696951347,42.8825251812984,0.20714528491066023
1318,40.81387797508308,40.656560381547514,39.094849726556234,37.90251252443195,28.57670893671837,39.97524587863711,42.88533082418968,0.20714528491066014
1319,40.810820211613894,40.63904913148381,38.752962550758724,37.67404849831907,27.59910243667773,40.09210120878531,42.8688623398311,0.20580421282172007
1320,40.838328465757726,40.71000018320686,39.11249663334175,38.69841187081675,25.563111013112437,40.29505200914046,42.89637059397493,0.2058042128217199
1321,40.829788492755036,40.72672315142021,39.05557122506696,38.321194592879266,21.946214580050388,40.144126617186224,42.896226073489665,0.2066437580734627
1322,40.79038070162022,40.64797907679646,39.055963231054086,38.63857876257488,20.6382811803477,39.97841625054376,42.871149917783875,0.20807692161636504
1323,40.79085507332499,40.680868381049976,39.13277956743059,38.58815308998914,26.75547125044947,40.17578007060017,42.87162428948864,0.2080769216163652
1324,40.793939080916104,40.680008469812904,39.34176476201663,38.82190380310257,30.34219814234491,40.12883810669703,42.87470829707975,0.20807692161636482
1325,40.809600862947015,40.63730748585153,39.11807998645838,38.51700841627695,26.16548564005166,40.01376593594294,42.89037007911067,0.20807692161636512
1326,40.80375331687071,40.61783621834773,39.26672503392126,38.83292427998908,30.013922414486785,40.18488858376159,42.87773421887119,0.207398090200048
1327,40.81883117949577,40.70096539736336,39.26950310551446,38.73271992967138,23.77699535508886,40.13270181388755,42.89281208149625,0.20739809020004843
1328,40.809570335336765,40.67389169142457,39.3115038713448,38.82986672741485,31.150579974573706,40.05396901419273,42.89343676828381,0.20838664329470505
1329,40.78785272580278,40.647953240192535,39.498296756326745,39.21549863308547,28.509851982539068,40.13034034461674,42.87171915874983,0.20838664329470513
1330,40.80730318295887,40.6306027172242,38.99371644584394,38.366617156013696,22.321212394895024,40.047576238812425,42.93075608102472,0.21234528980658487
1331,40.755147237330064,40.65926771173826,38.94006950741346,37.856021040818646,22.143962600684638,40.2412921412574,42.8783117322456,0.21231644949155346
1332,40.75228225579011,40.604461676187555,39.14019273033101,38.744223505366364,25.208121242974105,40.11525927074189,42.87544675070564,0.2123164494915536
1333,40.752933625953105,40.602273668730746,39.205778219125214,38.92959038090023,24.13362512432147,40.244453545545305,42.88715299843096,0.21342193724778563
1334,40.74299627277966,40.475071853962405,38.89509606631953,38.60513534162976,25.37661460440804,40.03667954516292,42.87813443260961,0.21351381598299468
1335,40.75548873329997,40.611050217448984,39.09996752263068,38.46621799633073,28.060595443031104,40.03416140937057,42.89062689312992,0.2135138159829946
1336,40.73833051889444,40.54671688942995,39.134181789214914,38.45064223459526,27.939496442560717,40.1107469987212,42.83706297417596,0.20987324552815137
1337,40.80134553345648,40.661279575971584,39.15900877480134,38.43294258700997,28.34377358160565,40.05682394557094,42.89965325709292,0.20983077236364442
1338,40.781932411856914,40.6331416698208,39.31737500907577,38.80456301035659,27.500169419323825,40.28269043442867,42.960321564905705,0.21783891530487898
1339,40.748516698842494,40.593300663125234,38.95428114471248,38.36687136628041,27.60685820426862,39.95125870804361,42.93507053264073,0.21865538337982374
1340,40.74861543840278,40.633678386004014,39.187107785354726,38.82373897404898,25.41529105370551,40.13231799706862,42.935169272201016,0.2186553833798235
1341,40.74839852908662,40.60739576942868,38.88640682611504,38.68939905000134,18.296647222084356,39.824418827393245,42.93495236288486,0.21865538337982365
1342,40.73917182806106,40.64015284524993,39.181381057209045,38.42448080208558,28.50003621880004,39.96134139054517,42.925725661859296,0.2186553833798236
1343,40.75541052941477,40.621913598909245,39.209865312222455,39.388991056957,22.366611299638137,40.20682556967144,42.941964363213,0.2186553833798236
1344,40.76448214280394,40.635234924115124,39.38665627321142,38.64914176322443,28.698022303613907,40.297229933520846,42.95103597660218,0.21865538337982368
1345,40.72379273928036,40.631842802148284,39.03702749380415,38.996507035341416,10.926284911520064,40.16744272647534,42.9103465730786,0.21865538337982374
1346,40.7516529467636,40.62093653111766,39.25530248985581,38.947602578847565,17.54352288883274,40.284065288543026,42.938206780561835,0.21865538337982365
1347,40.74770689290681,40.63865929957104,39.470881409366235,39.29363542419966,18.42708414758424,40.28386305210292,42.919414104666586,0.21717072117597738
1348,40.74426455034028,40.6359937871061,38.51010836863265,38.772525157999866,-11.49298089707272,40.137582624187246,42.91680142420586,0.21725368738655768
1349,40.7410078562533,40.658338998687285,39.17298835261804,39.063319958910384,9.846417259087133,40.23093456258623,42.91354473011887,0.2172536873865578
1350,40.760959332948,40.64296825583041,39.071614592764405,38.41892597892047,21.480496511112953,40.078917234163214,42.934977335490856,0.21740180025428596
1351,40.75162480772529,40.63527664455708,39.026642690319775,38.61694339165023,22.99629121419725,39.89296033848097,42.92564281026815,0.21740180025428607
1352,40.754385489882644,40.61800967083462,39.42030245705123,39.20399313445204,24.298034277546435,40.21206889417554,42.93206961702956,0.217768412714692
1353,40.76674993323214,40.58307937379641,39.30304023680335,39.086365714866865,25.076180233565985,40.097658922951325,42.94443406037906,0.2177684127146918
1354,40.74208375501704,40.61886894730693,39.02564096517072,38.41465230833537,20.70490067411163,40.14459874388125,42.91976788216396,0.21776841271469208
1355,40.73851106874861,40.62806401905608,39.10134295535834,38.48686327833528,26.576479345640234,39.98954393780443,42.916195195895526,0.2177684127146919
1356,40.757297358688454,40.66406416948563,39.58258466054122,38.781538835046234,29.891230005304703,40.40334017778051,42.93498148583537,0.21776841271469197
1357,40.75423490201753,40.57519572609608,39.20947296887674,38.71257945679942,25.101638184471213,40.00339714740593,42.93191902916445,0.2177684127146919
1358,40.739113395251074,40.63011545230863,39.44288855676998,39.07136828646063,27.524629961299798,40.334960183552354,42.91679752239799,0.21776841271469208
1359,40.762756154958396,40.617468003510076,39.14432747476179,38.214506528436736,25.971151853149465,40.14456388441488,42.935190039984015,0.2172433885025619
1360,40.76608718671961,40.61902249782501,39.313375603062966,39.02269951394575,29.052103698171265,40.117998948383416,42.93852107174523,0.21724338850256217
1361,40.74233079440641,40.56481507528365,38.52577327575037,37.77791956237427,19.594707533433066,39.86951161066794,42.91956839958741,0.21772376051809952
1362,40.75627743004968,40.62547698076376,39.23251480584068,38.550564544892005,32.62768855780837,40.108409705438504,42.94110081098096,0.21848233809312867
1363,40.75959141502799,40.63653632632173,39.129871040485575,38.82994007806096,22.269460315106045,40.23346167970818,42.950440391820024,0.21908489767920303
1364,40.74136725948553,40.61918908160581,39.04562782690438,38.634742750117454,23.56357831626904,40.15090590049163,42.93221623627756,0.21908489767920292
1365,40.738081955389845,40.58744602920075,38.83766760486934,38.000306882795456,19.895751079746848,40.00892581212213,42.92893093218188,0.21908489767920308
1366,40.73996511093184,40.56281829959781,38.79532177443803,37.97371877433649,12.585578314520667,40.18096016672004,42.90730088869803,0.2167335777766189
1367,40.75255024771103,40.63020633335233,39.02189794755912,38.47320429689087,27.810812468556314,40.08678413751472,42.91988602547722,0.2167335777766188
1368,40.75234045723518,40.624016438328944,39.127303415521204,38.39186109868324,31.532420474730593,39.950213487639274,42.91967623500137,0.2167335777766189
1369,40.74945207848877,40.604945282507174,38.8587646161921,37.842809276752945,27.560566552123607,40.1713249541745,42.91678785625496,0.21673357777661875
1370,40.78955707335051,40.65199459807856,39.04430415605455,39.10674527226898,4.814823644582972,40.21777392314867,42.9568928511167,0.2167335777766188
1371,40.780082427084956,40.619008733793756,39.15016457164415,38.585777468984105,22.30550848844378,39.9538281507392,42.95059520582565,0.21705127787406917
1372,40.78075074474042,40.66647089221485,39.2541323330243,38.91465821344481,18.452166003017293,40.212266706894304,42.95126352348111,0.21705127787406878
1373,40.76471047715332,40.57799150559568,39.2124776634204,38.73406261870222,28.373178410835248,40.039967286647986,42.935223255894016,0.2170512778740691
1374,40.75824489444197,40.63344851355139,38.65822478492598,38.996503202637214,-9.066155686206145,40.068323178174495,42.92875767318266,0.21705127787406894
1375,40.73920159012803,40.596828786954724,39.41632599750793,38.58800969925703,32.90379436136157,40.248246795284565,42.90971436886873,0.21705127787406917
1376,40.76177368371936,40.52084470915226,38.80661720331653,38.5473641206213,18.200917515882537,39.68370887592839,42.932286462460056,0.2170512778740692
1377,40.770893649127615,40.631848548154586,39.187331035980776,39.26279712215586,24.392028928028118,40.20193529558059,42.94140642786831,0.2170512778740691
1378,40.781667105080864,40.67468233687784,39.17747024602086,38.53611286615747,26.00668731350539,40.33715458589002,42.95466301692685,0.21729959118459866
1379,40.75418718857162,40.66697190964127,38.98091701064744,38.663008798271726,12.596286773894455,40.163023652909075,42.92718310041761,0.21729959118459857
1380,40.76314676840022,40.60818278958559,39.29661356256621,38.987727931062814,30.56998762974896,40.118750314721325,42.936142680246206,0.21729959118459868
1381,40.77514666198089,40.47761080080312,39.258582745348605,38.58194970493803,30.55119625872174,40.044618547606945,42.94814257382688,0.2172995911845986
1382,40.75264444500894,40.59606418519009,38.94732121250231,38.42085925308441,22.39040147593521,39.93940074146262,42.90285585643487,0.21502114114259302
1383,40.78071022441967,40.5956722619761,39.55421782688112,38.90583633534816,34.58495771897244,40.10592885034079,42.9309216358456,0.21502114114259305
1384,40.75273961759007,40.64068796556687,39.46597818191963,39.02448591466424,29.39968745862872,40.387113404109044,42.902951029016,0.21502114114259308
1385,40.76238633370278,40.58592993792676,38.97765017960392,38.62545609707663,0.06201345900186084,39.92645663308898,42.91259774512871,0.21502114114259321
1386,40.7593148672421,40.61430726930984,39.21242285744268,38.91766840815382,20.59525213054648,40.08285167408124,42.909526278668025,0.2150211411425931
1387,40.749726129355864,40.621995997787494,39.23251284490422,38.92601352008195,26.526673397961275,40.143535201599775,42.89993754078179,0.21502114114259305
1388,40.77814645354503,40.60172313249296,39.15762285153379,38.88311114259685,24.320523211469045,40.055576695599775,42.92480307805772,0.21466566245126936
1389,40.752042331970216,40.621478976229824,39.2864641920728,38.757486604509864,31.69294647743851,40.1296014688743,42.9092909197831,0.21572485878128872
1390,40.75516833203068,40.66560954889422,39.402277051104136,39.289108886948746,25.989706341082545,40.31478650435092,42.912416919843565,0.21572485878128886
1391,40.749237376703604,40.54805016242775,38.670743528203616,38.126606386669145,28.1055376781938,39.91188876312401,42.90648596451649,0.21572485878128864
1392,40.741624476847065,40.54765117873215,38.26006011699833,37.785614508407306,-12.930469174018086,39.96431664238264,42.900354193337236,0.21587297164901695
1393,40.74983792180201,40.63886937397932,38.9654223855278,38.669494240443846,-1.9270541420619622,40.09048312663204,42.909444556816716,0.21596066350147042
1394,40.749968922881735,40.58940066127253,39.049506694385656,38.75836173070192,28.89970503300672,40.02153811467346,42.90957555789644,0.21596066350147045
1395,40.75371633104627,40.56118157136452,39.19671239363984,38.683199769687626,24.981895953869763,40.06524416004969,42.905989352170316,0.21522730211240457
1396,40.753653764664946,40.56462437682127,38.9908387101145,38.74081965419937,16.849730367253436,39.916955712211035,42.895442124120706,0.21417883594557616
1397,40.77559946226335,40.60994169458507,39.015146985257786,37.87397779967184,30.721547813216397,40.00418643554828,42.91738782171911,0.2141788359455761
1398,40.750719070417816,40.636769684946564,39.45723531939875,39.16010778634268,28.3945529138491,40.30823820843903,42.892507429873575,0.21417883594557607
1399,40.75361791775524,40.609700516450914,38.99192848762649,38.750630843894,22.108364717253103,39.99627825134785,42.89583100885607,0.2142213091100829
1400,40.77493523392809,40.64581847870322,39.25170543472698,39.003608168202476,25.81625299511939,40.186439611116384,42.917148325028926,0.21422130911008333
1401,40.765601504147526,40.59858486249851,38.968237079549176,38.78103474701414,25.083509702715414,39.95354442917644,42.907814595248354,0.21422130911008302
1402,40.744248735239744,40.574835648044896,39.05740307869828,38.16511678531049,29.677968701353734,40.002152515358,42.88646182634058,0.21422130911008325
1403,40.765479763891285,40.60401108181486,39.080509234407984,38.27253429061806,30.00476191135675,40.1357797880029,42.9075449441533,0.2142065180262015
1404,40.73422214788906,40.56561080625883,39.267639019723426,38.72897458721752,26.13390185331313,40.03940829537877,42.87628732815107,0.21420651802620153
1405,40.768023871456194,40.55065451168541,39.033647438419884,38.951164563514354,25.22824700556762,39.96778839178549,42.92027779600594,0.21522539245497435
1406,40.75561401159903,40.62398881857744,39.05930444909546,38.22533733986629,30.475441238171562,40.11908812881693,42.90786793614877,0.2152253924549742
1407,40.75229880332088,40.64636451638938,39.1516126246655,38.77497731820599,27.6177364471218,40.17121389641778,42.90455272787062,0.2152253924549743
1408,40.76798258266738,40.53870801737486,38.57482064874198,38.37337646585338,13.223604342720222,39.78216636216877,42.920236507217126,0.2152253924549745
1409,40.7457752122355,40.63821479607012,39.41174434108791,38.75284497300661,30.83088250699121,40.28460648359093,42.89802913678525,0.21522539245497432
1410,40.73368078624715,40.59316802386186,38.958597365503614,38.619105238911295,23.741656774430613,40.02638754869521,42.885934710796896,0.21522539245497435
1411,40.74001334846225,40.608691990423885,38.94444810538681,37.985781165641356,26.770943713999063,39.94989550434133,42.892267273011996,0.21522539245497438
1412,40.751542349292436,40.63805325407156,38.93604521431107,38.38157661985928,22.58173301202275,40.08364426943355,42.90492470243147,0.21533823531390384
1413,40.74808180583935,40.556961836961634,39.23257191370984,38.583163409838576,27.697322568969813,40.022619877191985,42.901464158978385,0.2153382353139038
1414,40.74539867000196,40.60603172987965,38.72034437372992,38.95365281862164,-10.390261510718716,39.93686962669061,42.898781023141,0.21533823531390373
1415,40.77318278024334,40.635219940590105,39.426407014268946,38.90584149666258,29.316420072642615,40.13073892616491,42.926565133382375,0.21533823531390378
1416,40.751711355653924,40.51081582507504,39.037378593601474,38.671119810404306,7.632346846177256,39.977288841910706,42.90477748102695,0.21530661253730218
1417,40.75131071698541,40.625287232742494,38.878595565728325,38.86988362741849,18.489057589220792,39.90741457221258,42.90437684235843,0.21530661253730224
1418,40.73863234717207,40.62462455823528,39.35786028385339,38.801253740455884,30.362693496635735,40.12592639834624,42.929569136304686,0.21909367891326112
1419,40.70829970678379,40.54302561998669,38.08921230036617,37.61338204098796,-10.42160045383828,39.578895634089406,42.88312853281971,0.2174828826035921
1420,40.720333723050004,40.475929751486305,38.546324234798085,38.34834772981027,-10.30837619223935,39.85428722710682,42.895162549085924,0.2174828826035923
1421,40.745958369165656,40.56326818129412,39.079445997623985,38.35185548389687,26.86649294473152,39.89233125057018,42.92078719520158,0.2174828826035923
1422,40.75530738489189,40.531984549701505,38.70560328506349,38.529133194589534,16.887218444526066,39.95389252091296,42.93013621092781,0.2174828826035923
1423,40.73601408717037,40.59802769470181,38.83129130911964,39.03118412182302,-6.635653212268409,40.102112461412915,42.905223572739246,0.21692094855688762
1424,40.73888460666387,40.609199656435045,39.3455004059931,38.85197397508514,28.860749455463484,40.11249698963756,42.90809409223275,0.2169209485568875
1425,40.729306086386345,40.622614606481534,39.15345454397231,38.329336597415434,24.697410999981756,40.19699006275168,42.89838374628136,0.21690776598950184
1426,40.72457547442206,40.50084653076486,38.97283520804134,38.77334955863799,24.32410961856086,40.04194647830488,42.8799334556639,0.21553579812418394
1427,40.77774213716132,40.634230122519085,39.19750795355542,38.840365034757106,23.322262584362008,40.086400104935066,42.93310011840315,0.21553579812418366
1428,40.74347731559656,40.644372937018275,38.95615413900024,38.3082707511887,21.035997838362494,39.84054472808424,42.8988352968384,0.21553579812418397
1429,40.7398927371414,40.64716214930413,38.96730571766749,38.92885910248764,-10.286011852129413,40.173033833673486,42.89525071838324,0.21553579812418375
1430,40.75032549864357,40.59833038748213,39.09680406254836,38.472540674735825,27.7133085562756,39.758476245846225,42.91130689313731,0.2160981394493741
1431,40.73708961560284,40.64299399584122,39.3252446426329,38.903321578769415,30.626762572899075,40.18265283971166,42.89807101009658,0.2160981394493741
1432,40.747326525543144,40.58322127880339,39.19240500529293,38.70551721379481,31.33935250559574,40.070354288611796,42.91716813247116,0.21698416069280166
1433,40.7228208712478,40.53061725935032,38.95978600123762,38.75345591244161,27.846753118714417,39.9711970241982,42.892662478175815,0.21698416069280177
1434,40.735628079431706,40.57960129352353,39.197025527652585,38.767696019956254,25.100889715287078,40.036619692677185,42.89528094207199,0.21596528626402892
1435,40.733158032575865,40.53161492759687,39.45078158214241,39.10474359444567,32.4699723436093,40.068342561874246,42.892034648099525,0.215887661552366
1436,40.742634770397366,40.562227984767524,39.25156677624412,39.13441477694571,27.393904380243654,40.11577911741355,42.901511385921026,0.215887661552366
1437,40.7369182692433,40.53538723979791,38.69290195424866,38.67513844678743,21.412641126469723,39.973730749019296,42.89579488476696,0.21588766155236577
1438,40.749467651583466,40.52529210014106,38.84233376170958,38.038555734703785,20.211530385905725,39.85761292667188,42.908344267107125,0.21588766155236605
1439,40.74357399926182,40.61683580571599,39.1111306809288,38.58144169069651,24.486800335123895,40.071027692868384,42.93551883115791,0.21919448318960894
1440,40.69373012917768,40.55880185945229,39.51804495191301,38.85742549118733,32.24788774755392,40.05359500509116,42.88567496107377,0.2191944831896089
1441,40.725117759251475,40.55266778345335,38.36074148858234,38.045767351105454,10.981194620771063,39.7812658848621,42.91706259114756,0.2191944831896088
1442,40.70946951808488,40.52865424530246,39.21435976545449,38.625083403436136,31.14815637953293,39.97927246771769,42.90141434998097,0.21919448318960894
1443,40.73513587174484,40.58911037810939,39.16178275522759,38.521988662915334,29.930691927141037,39.9119942498433,42.927080703640925,0.21919448318960894
1444,40.703234015838895,40.53646151983733,38.95582354237661,38.68890431452047,26.937615110235164,40.01792156788244,42.9120114784202,0.2208777462581302
1445,40.73149545677273,40.584127376495665,39.0433739189209,38.32437274832324,30.679711709782715,39.9612944765756,42.94027291935403,0.2208777462581301
1446,40.72859900581561,40.59163247237619,38.864064719912434,38.66250210419293,24.82861611619847,40.118927464519764,42.937376468396906,0.22087774625812992
1447,40.73765131801443,40.53369139216972,38.70476223670154,38.0104107321379,20.596744310675675,39.78266967799731,42.95009026045453,0.22124389424400992
1448,40.758821318283644,40.61924097936739,39.2734689733533,38.492483430788745,27.330350217599854,39.97399284027326,42.971260260723746,0.22124389424400984
1449,40.7368406650822,40.614658341795774,39.05536670856024,38.46502010288595,29.836096061499376,39.85823421001839,42.94927960752229,0.2212438942440097
1450,40.751618961464985,40.50359445946653,39.08247379698022,38.496773939199414,22.81593755259351,40.007487044831805,42.96204711409969,0.22104281526347028
1451,40.77024838458023,40.56811797406761,39.133729976607974,38.79640143074309,18.23651384680026,40.130429397443436,42.980676537214926,0.22104281526347017
1452,40.797076125921215,40.60964141359965,38.81474312184836,38.715122610875625,25.462150717655216,39.85065078919078,43.01881790775437,0.22217417818331514
1453,40.77835823441398,40.67543991533636,39.089855348711026,38.26578623820528,25.909109129414002,40.02492544117358,43.00010001624713,0.2221741781833151
1454,40.797638883193336,40.63273725473697,38.979327383080914,38.18680174220805,17.573664604825495,40.15406704916974,43.02660913700559,0.22289702538122566
1455,40.8200023049587,40.685114599261986,39.29107376868311,38.885602097754074,8.493142794676537,40.34181826794903,43.048972558770956,0.22289702538122558
1456,40.81360683256331,40.65090390758484,39.389193055395786,38.90244044116422,29.241560108472235,40.12660821111287,43.036351113537584,0.22227442809742778
1457,40.83377596848899,40.700066353833996,39.19197046738047,38.57061644571049,28.71422948939287,40.068439105218474,43.0522495255097,0.221847355702071
1458,40.83346808008748,40.71037661693272,39.40346038780411,38.719228293284566,30.840737902668543,40.27334191239571,43.051941637108186,0.22184735570207098
1459,40.85249610229875,40.70684937478475,38.976476459313034,38.089655006779374,27.010996475444614,40.20233168685493,43.03934688271778,0.21868507804190268
1460,40.8405029195313,40.679690530115394,38.864489736826975,38.45031427136505,0.0872677100041983,40.157199590605046,43.026762087010546,0.21862591674792423
1461,40.85615292203936,40.73596228414143,39.449095310119695,38.99302891831079,30.66971034743387,40.13553293609788,43.0424120895186,0.2186259167479242
1462,40.846901679415936,40.74411041424566,39.23345922159591,38.860924285328224,27.54361807457512,40.263726903490515,43.03316084689518,0.21862591674792442
1463,40.862695127745006,40.68784388298241,39.464047269544906,38.924782168974005,27.81171849107767,40.19313382345641,43.04895429522425,0.21862591674792436
1464,40.8408262108905,40.71275555797619,38.87680910062529,38.50216021411295,-17.917106256177192,39.954372884905254,43.02708537836974,0.2186259167479244
1465,40.83768775507555,40.68332051773765,39.25238522350169,38.96444353474702,28.25231745952665,40.16234373484707,43.02394692255479,0.21862591674792442
1466,40.86855237892056,40.77167169750753,39.253723567653886,38.7670271527468,21.8777164542026,40.38507762675955,43.054811546399804,0.21862591674792445
1467,40.892985813170014,40.67367553124222,38.66664956207111,38.34658989889437,-11.399530326798462,39.95776641205542,42.97285952828907,0.20798737151190533
1468,40.95384721470654,40.862051470376386,39.663892742883,39.43794895410017,29.478206237134607,40.56271970366934,42.9861293895038,0.20322821747972603
1469,40.960248952122356,40.821212782398895,39.33831016123494,38.5011965233913,24.640680305798533,40.21848282105402,42.992531126919616,0.20322821747972594
1470,40.93858569100161,40.83466859625286,39.57194038572355,39.32781575854793,28.432136254872738,40.418402767455134,42.97086786579887,0.203228217479726
1471,40.95982045493397,40.824073521846266,39.675690091436934,39.05004250629357,29.592619027954434,40.29919538485689,42.99210262973123,0.20322821747972603
1472,40.963163172621336,40.8396583845174,39.380618633637916,39.00640132423993,22.370180421446175,40.17223295061349,42.995445347418595,0.20322821747972597
1473,40.95689658983578,40.77517234945231,39.23629676341728,38.812359993749105,22.51696151811875,40.11997329098692,42.98917876463304,0.203228217479726
1474,40.97090114824823,40.86425955068816,39.51931116391187,39.370198145739465,25.233163941589982,40.45678558000641,42.9955975472952,0.2024696399046967
1475,40.98385880457944,40.84253369752257,39.47856126053514,39.472206612454244,20.773328397551868,40.38658245314464,42.99570204848453,0.20118432439050893
1476,40.95904706484432,40.815123932468246,38.93703859673102,38.87384960086385,-10.222580299618002,40.03838799523395,42.97089030874941,0.20118432439050896
1477,41.00077135694848,40.85973037785205,39.106016170243294,38.18256304740052,26.626441422088977,40.137869676453036,43.00821081509019,0.20074394581417038
1478,40.99191276954847,40.88001302527109,39.41079147672836,38.96272894128474,29.181662985512887,40.404936727096434,43.00136301749557,0.2009450247947101
1479,40.96740842799958,40.78199345412671,39.55437257042143,39.196251672644976,30.717178707599547,40.328882369028484,42.97685867594668,0.20094502479470994
1480,40.98259720404626,40.85586139180856,38.730455709176425,38.164677623837534,22.64337298647888,40.08513818626878,42.99204745199336,0.20094502479471
1481,40.980135294346496,40.861708933337646,39.49902902299044,38.767488803689005,30.26935967517388,40.35864856055912,42.9895855422936,0.2009450247947099
1482,41.00350260464247,40.841701080155204,39.4375547917357,38.68590795740584,33.0153345746858,40.076799549743015,43.01433164049965,0.20108290358571748
1483,40.98381690410415,40.737527910602964,39.23629427603903,38.4281659289478,28.975172116601602,39.99575716861283,42.97477283098825,0.19909559268840965
1484,40.99664824644263,40.8792208972568,39.413472842402065,38.827764756278484,28.146177439764823,40.46620705704784,42.98760417332673,0.1990955926884097
1485,40.99351231751112,40.89746599988406,39.62899813328178,39.157552995895514,23.544847825607672,40.350577874976494,42.98446824439522,0.19909559268840968
1486,41.01507831298963,40.89352380739538,39.65630904415329,39.14218364081112,33.0073796958725,40.25421147519953,43.00603423987373,0.19909559268840957
1487,41.01200954117051,40.6901071867926,38.713477126768694,38.520892942252885,12.052056911351904,40.070414266458414,43.002965468054605,0.19909559268840948
1488,40.999972817257955,40.87792584330343,39.30574261607911,39.054939399220274,20.92301791777282,40.34945207811499,42.99092874414205,0.19909559268840946
1489,40.9947173400179,40.87182077286315,39.11807813443498,38.09469963131126,29.73625939142574,40.15591617547619,42.9909235090233,0.1996206169005395
1490,41.00073155772992,40.76955066091356,39.2634066358779,38.935340977249325,14.958301133862918,40.24693941691132,42.99693772673532,0.19962061690053964
1491,40.98835155552412,40.78800885220945,38.684981946918406,38.08858409134362,-18.35625367665545,40.203993385153,42.984557724529516,0.19962061690053962
1492,40.97250773519103,40.89063930551594,39.1347606301659,38.27739976053626,27.12311720958185,40.02469891146649,42.96268920793227,0.1990181472741243
1493,40.991567665615584,40.85886839973342,39.4795526770807,38.8738917875391,25.87410260083965,40.2567729012057,42.97529259606648,0.19837249304508975
1494,41.01628238648318,40.778796205722195,39.3383100555678,38.9421869962992,11.710911961055793,40.19868411639993,43.00030243785674,0.19840200513735645
1495,41.00662119889638,40.823802567744565,39.51324896816301,38.89224800776171,26.17190741136417,40.12993884334459,42.990641250269945,0.19840200513735626
1496,40.9867388894464,40.83418290519866,39.24159624902111,38.690160508072495,28.300969929830703,40.324386031426656,42.99425028842428,0.20075113989778853
1497,40.982925240111626,40.86433220576731,38.83102563674994,38.825757038678304,-9.788953214594407,40.237281633664125,42.99043663908951,0.20075113989778862
1498,40.995891818561475,40.81068313493803,39.34386273456071,38.88289180204595,28.742938579234693,40.357654235311344,43.00340321753936,0.20075113989778853
1499,40.99247279766708,40.77604150941681,39.47178337382311,39.45075347539041,24.669721960626973,40.292318072380716,42.99998419664497,0.20075113989778876
1500,40.973567162363665,40.8353249862075,39.57895775917302,39.28383628942171,28.25847401568613,40.35502697449398,42.981078561341555,0.2007511398977887
1501,40.986086229426256,40.83307239999393,39.31057955979503,38.96182467639375,22.017231894181037,40.43702994134464,42.993597628404146,0.20075113989778878
1502,40.97729415022894,40.88663874772104,39.36050709864652,39.617466137380006,21.920106212691795,40.47507132003304,42.98480554920683,0.2007511398977887
1503,40.97083548741537,40.80119370278818,39.24663372126596,38.92046125845819,24.666692946142575,40.23215823247933,42.978346886393254,0.20075113989778862
1504,40.98623648898413,40.82343600174941,39.070523695537204,38.954490004908806,13.703931494281534,40.15943954572714,42.99374788796202,0.20075113989778864
1505,40.986495186334565,40.84125806951827,39.106593973447886,39.18401568548998,23.57193702181187,40.32786780501995,42.994006585312455,0.20075113989778878
1506,40.958005383702734,40.68921814578292,38.91316944762496,38.90194931111725,-8.782430576693102,40.25596757990927,42.99993283699948,0.20419274532967446
1507,40.93917722630809,40.82069919286205,39.46995563575458,39.163434179620815,21.338262585237278,40.181700165003924,42.98110467960483,0.2041927453296744
1508,40.94220487342494,40.85109086590512,39.40994460471142,38.87426862864934,27.572449574837847,40.49519141865144,42.984132326721685,0.20419274532967446
1509,40.95980482920327,40.82205384571578,39.28510435256185,38.76634100298835,29.025291702674455,40.35759106178152,42.99352793386744,0.20337231046641713
1510,40.975623990131716,40.854283311126785,39.20637049304338,38.573487773943754,27.714071089681717,40.29143499518152,43.00039110344687,0.20247671133151568
1511,40.946960219664064,40.86727739062977,39.47971175680991,38.94258337720782,28.604324587341978,40.45756779120957,42.97172733297922,0.20247671133151574
1512,40.96376274360612,40.865927346639566,39.46867194002347,38.69461182747294,27.485801035961025,40.35934433156816,42.98719007575571,0.2023427332149596
1513,40.963867937986315,40.755639794825434,39.38602282624958,38.912376851802044,25.744049668882322,40.28291867723783,42.98729527013591,0.2023427332149596
1514,40.954700402010864,40.826080770525756,38.76036671245882,37.82079162824808,13.878959575322924,40.272982166933375,42.97812773416046,0.20234273321495963
1515,40.942345758664445,40.82073718167543,39.15651979547394,38.1075422782285,30.28172267002662,40.01643627365681,42.96577309081404,0.20234273321495966
1516,40.971099772925164,40.7858063921749,38.96336967200045,38.42771626105957,23.17984267555065,39.95757150498795,42.98175186412564,0.2010652091200474
1517,40.9773189361579,40.75278259440107,39.2382630218338,38.41126274643942,28.61972325820114,39.91171832050726,42.98797102735837,0.2010652091200473
1518,40.98334250103296,40.859747931766535,39.1278389519875,39.05773538075488,18.106830773384793,40.374561080307124,42.99399459223343,0.2010652091200473
1519,40.99012561641661,40.68908303630753,38.83650515068768,38.47535385323399,20.67367140781807,39.881954463933,43.00077770761708,0.2010652091200473
1520,40.974811344124845,40.84565808047956,39.14013402697471,38.87059911956154,20.4409678821995,40.35677667893317,42.98546343532532,0.20106520912004733
1521,40.949486211311886,40.7590553302925,39.378378634975554,39.00127191093813,8.422139643288084,40.306376902423494,42.960138302512355,0.20106520912004727
1522,40.965519501533706,40.884565245875706,39.75032569180216,39.43122849757035,31.518422395280368,40.50561701978617,42.97617159273418,0.20106520912004744
1523,41.02453565618809,40.85274188149553,39.065111271341515,38.2790703813893,20.06424910164275,40.11466905681296,43.249905667985395,0.2225370011797305
1524,41.03717355868677,40.912803678702055,39.846333268955334,39.419875918437334,23.556265158523622,40.60337916043002,43.26254357048407,0.22253700117973038
1525,41.05873734959395,40.929539761033595,39.72829069943731,39.06767845480238,30.117364323656343,40.41076346981763,43.28410736139125,0.22253700117973055
1526,41.04612472263472,40.914199721346336,38.87756029946081,38.00200002504365,16.355138206077605,40.25128291352615,43.271494734432025,0.22253700117973046
1527,41.06763529198991,40.896221694344085,39.299717842001364,38.10821609092965,32.03559282689642,40.28249642170422,43.30886573915954,0.2241230447169635
1528,41.04955808911777,40.949628251293774,39.83026166559606,39.510669649876775,31.757726981017353,40.62692575033623,43.2907885362874,0.22412304471696343
1529,41.00862695176017,40.84330931813269,38.95463409223825,38.11678406285909,20.692130171814156,40.10337230357753,43.249857398929805,0.22412304471696345
1530,41.06515550860544,40.859379597552895,39.617416591781485,38.88601308189014,29.07628675872403,40.32165289904376,43.27181196994673,0.22066564613412862
1531,41.05578733313059,40.96543267228554,39.12972884544198,38.243350503362954,21.522285998805437,40.23942118497435,43.26244379447187,0.22066564613412837
1532,41.055480611067004,40.860524574218005,39.344230287072115,38.72285714387223,21.881045437337605,40.24184022058885,43.262137072408294,0.22066564613412862
1533,41.06138330429535,40.90884906176543,39.21273662823987,38.84766073278439,5.880716376884067,40.35957769669126,43.26803976563663,0.22066564613412856
1534,41.046344813191105,40.92741270895962,39.52412761545333,38.952161664494184,32.547417907205855,40.294157239258844,43.25300127453239,0.22066564613412845
1535,41.0406356215885,40.865203581754315,38.77351028777974,38.73218602597985,-12.074537954137739,40.37525701004661,43.24729208292978,0.22066564613412853
1536,41.08090952673075,40.9375606577976,39.52015998158801,39.00757552167737,27.15272720081745,40.63782449001117,43.28756598807204,0.22066564613412867
1537,41.05372548382192,40.934307051224394,39.64268475589748,39.37502756558008,28.765218272470896,40.50800052306825,43.253450258632114,0.21997247748101897
1538,41.069105706154794,40.80004911641852,39.52445817630304,38.83566922910634,30.365533003880394,40.13760017374112,43.268830480964986,0.21997247748101922
1539,41.08482958288697,40.93284276865275,39.3468852882987,38.78186927174467,30.12088639897797,40.36582375923673,43.28455435769716,0.2199724774810191
1540,41.08153325130294,40.88753949408209,39.52046089628009,39.298053451939126,20.512915723482543,40.39467357684582,43.28125802611313,0.21997247748101892
1541,41.05395623369835,40.962124088590734,39.535188100155956,38.82416321177008,29.848355663754667,40.38231342879464,43.25356351875305,0.2199607285054696
1542,41.0667024757198,40.96743008542857,39.57169351280813,39.23673155689828,27.219155938883553,40.530297049666984,43.256121016486766,0.21894185407669675
1543,41.07914834811848,40.92487134267694,39.517995574306575,39.098783424451646,24.65094617225492,40.38568968737696,43.268566888885445,0.21894185407669678
1544,41.0666081242629,40.9992862184613,39.606402181052545,39.009851190046206,27.09909137883927,40.41285669769435,43.29084124492853,0.22242331206656277
1545,41.02234339873682,40.912830878664714,39.3556418563963,38.85382508493104,20.18363976476607,40.27064409976374,43.24657651940245,0.22242331206656277
1546,41.028114843019615,40.951302423746746,39.551296072301504,39.070987333828334,29.81320305368174,40.44910274333336,43.28102561547581,0.22529107724561964
1547,41.04056635495738,40.840501207060115,39.458078397505375,39.00486549855672,30.54944831722422,40.08940356233304,43.293477127413574,0.22529107724561967
1548,41.059154512559935,40.871366752749836,39.24160023362302,38.41680603671174,20.765042117379654,40.21316528031612,43.31206528501613,0.22529107724561948
1549,41.021627073256674,40.803502795640256,39.03117240127016,38.273319671467505,21.46387252461553,40.163598410014046,43.27453784571287,0.22529107724561967
1550,41.00291797473912,40.89571571935985,39.595747518205165,39.53065492422784,25.47267529268484,40.45108336636251,43.25582874719532,0.22529107724561961
1551,41.006740686308575,40.90045912026951,39.602916531172625,39.07900609457497,25.374477738111445,40.43931346218437,43.25965145876477,0.2252910772456196
1552,41.03791171440095,40.885825648148355,39.379419591678676,38.206020951538214,30.70530058753091,40.35093341193925,43.290822486857145,0.22529107724561964
1553,41.02531092826075,40.86916554693991,39.01249282502771,39.02327500781471,-9.91389763932819,40.27616670454718,43.27822170071695,0.22529107724561967
1554,41.033619528880514,40.87436807724774,39.009116640048276,38.62569243780426,26.693513594453634,40.121522317402224,43.28128005921541,0.22476605303348968
1555,41.01769949402076,40.90832538465232,39.37533292485286,39.14404493239056,20.978683984670937,40.48844854781805,43.26536002435566,0.22476605303348965
1556,41.00787723691159,40.77241860681445,39.277118894807415,38.656412147396374,25.381022660470016,40.16905504255023,43.2560318229535,0.22481545860419158
1557,41.013796385534796,40.91279288937424,38.908695999978555,38.068777790700025,20.95722141533929,40.171005590972776,43.26195097157672,0.22481545860419178
1558,41.02373011960382,40.901560531859985,39.25230833455265,39.06089024945087,28.011061179913256,40.306125583719066,43.27188470564574,0.22481545860419194
1559,41.018447215517114,40.87382921546539,39.342966560645955,38.60887490313135,23.749296312143958,40.38109617285944,43.268789563182985,0.22503423476658674
1560,41.031433156083835,40.92566727646161,39.31211404950249,38.88009031966706,11.259549618835585,40.5884703578901,43.28780109961045,0.2256367943526611
1561,41.02525692565357,40.73710292091263,39.19925858470525,38.44127465630335,27.145399544201723,40.2991191724563,43.281624869180185,0.22563679435266107
1562,41.00936460183627,40.914249483419255,39.624080086008995,38.86760487941664,28.49960933829695,40.45366179362189,43.26573254536287,0.2256367943526609
1563,41.02652089659584,40.797734598980625,39.06771069590382,38.24704976142755,18.514989082909096,39.86931975143855,43.28140771144517,0.22548868148493292
1564,41.029627039117905,40.904326092861915,39.423879113819915,38.7284439761755,23.773901590698028,40.31963420014422,43.28451385396723,0.22548868148493284
1565,41.014395457462605,40.92046578564985,39.55336208462087,39.065186957660174,28.16174117827557,40.542471617627825,43.23765949571025,0.2223264038247644
1566,41.03955843831042,40.948884989920586,39.49896684005215,39.07871698230513,28.737722368285798,40.594425066295216,43.26282247655807,0.22232640382476454
1567,41.05217753080169,40.945471668850466,38.79571639873946,38.34952747198992,-10.315876953164818,40.34701467733074,43.27487922772415,0.22227016969224553
1568,41.05807288152068,40.86050567519818,39.312923019226375,38.53014375986984,26.37159279359515,40.367142389567405,43.280774578443136,0.22227016969224556
1569,41.04268579156274,40.90744198253409,39.5067682306388,38.879980903199396,27.662604646514403,40.3617582678705,43.26498762174953,0.2222301830186794
1570,41.06461745645656,40.926665465112876,39.67342523293381,38.94994817200425,30.915646050144368,40.36613640856429,43.25529651004167,0.219067905358511
1571,41.092827753860504,40.97490483966466,39.3988671183573,39.23656896650656,25.422038577540476,40.37436693694322,43.28350680744561,0.21906790535851098
1572,41.0573725722574,40.87389001920173,39.21225591697264,38.26949672002105,28.71548142715163,39.90372504901849,43.272270447036824,0.22148978747794276
1573,41.02978490370029,40.89433079612673,38.67242533012677,38.54148933019138,-13.09523476153857,40.33516804915892,43.24468277847972,0.22148978747794304
1574,41.04819741067615,40.90025753668719,39.43881318091157,39.02610225402064,29.098123647592264,40.40607144509963,43.26309528545558,0.22148978747794282
1575,41.060784191006974,40.92879764574246,39.463942953933845,39.1239084575003,30.07492213875012,40.292828456174355,43.275682065786405,0.221489787477943
1576,41.04200857828375,40.86534559138908,39.282228579277515,38.47089159898788,26.375003299056175,40.08558416217569,43.25690645306318,0.2214897874779429
1577,41.0620133189467,40.80498245888286,39.32528615612408,38.77436569723258,21.93769517693606,40.15508197879136,43.27528938362877,0.22132760646820696
1578,41.02815186413233,40.93726860243063,39.50915308326294,39.136061523413616,30.41811818637494,40.29558351417296,43.2414279288144,0.22132760646820684
1579,41.04077729261051,40.90424721467271,39.44608819829604,38.66280250780696,28.972782798052904,40.41547299505817,43.25405335729258,0.22132760646820698
1580,41.037976319711944,40.94516250619309,39.426238903112804,39.083037513125284,20.098592537149244,40.58800826810107,43.21960576549058,0.21816294457786362
1581,41.08985969617556,40.98915499157185,39.52940666809034,39.119643440826394,15.90742359132025,40.530581675512096,43.2690060088489,0.21791463126733396
1582,41.087253531686045,40.98376537152139,39.5064771851743,39.20823785450256,21.14683635259295,40.41251031860707,43.266399844359384,0.21791463126733407
1583,41.074710653743104,40.98986056398134,39.316799889031984,39.12092180501796,24.438718668336666,40.474655014056175,43.25385696641644,0.21791463126733407
1584,41.10003541052138,40.915818392687775,39.69218979597133,39.25079348505169,32.31753142624404,40.42794718416355,43.27918172319472,0.21791463126733407
1585,41.089865529625506,40.96834955191793,39.58536371095554,38.65611823830737,29.605403287269596,40.46651477152095,43.269011842298845,0.21791463126733399
1586,41.08110097183537,40.867066201537085,39.42556256756855,39.111699418322054,30.409626979761715,40.263644787091934,43.26024728450871,0.217914631267334
1587,41.0903398602546,40.873280363569904,39.22633186668114,38.32919774549577,21.377991764663232,40.37245527558079,43.26948617292794,0.21791463126733399
1588,41.07040221793201,40.95618423054389,39.56156744061073,39.19840033180991,25.82570368623203,40.30412190899638,43.24404839298969,0.21736461750576733
1589,41.06739781926526,40.93984170147582,39.3227886198719,39.48357094866869,15.86170708396656,40.552256535155735,43.24104399432293,0.21736461750576724
1590,41.0931001619156,40.92160373733536,38.930590542740276,38.97667155613721,-30.56446765925002,40.29335616078042,43.26674633697327,0.21736461750576716
1591,41.09559209293909,40.90106706468168,39.02458102029725,37.9849501935133,21.123199151114044,40.439922262403556,43.26923826799676,0.21736461750576722
1592,41.05845532402538,40.95541966985744,39.6316219805178,39.44243931027489,27.328119214670174,40.49466471240312,43.23210149908305,0.21736461750576724
1593,41.07435557286092,40.96157346243861,39.34470269257552,39.064233581819394,20.410510640370582,40.488663401373614,43.248001747918586,0.21736461750576724
1594,41.095722348515075,40.992031840048796,39.661782174455396,39.1735191283157,26.065257124712346,40.67600154743717,43.269368523572744,0.21736461750576727
1595,41.12342187999538,40.92868063845684,39.172569226750085,38.55011966317924,15.755824674501905,40.40955236679466,43.22608324183304,0.21026613618376583
1596,41.15613197934651,41.0736410331651,39.701487546123936,39.402758461527604,11.3060264517224,40.5877827239713,43.22573291660426,0.20696009372577437
1597,41.193380107290096,40.97194636188587,39.14925628692702,38.226405743923614,16.64181805572396,40.45830193828429,43.26593960988065,0.20725595025905486
1598,41.19676676220914,41.033811356630146,39.63841719312623,38.98245657399056,30.95704955090538,40.517876895234764,43.26932626479969,0.2072559502590549
1599,41.218739143150195,41.072510373924906,39.42269907117601,39.35784423069661,20.498893734772317,40.48581082912728,43.291298645740746,0.2072559502590552
1600,41.180444595504035,41.05984825787128,39.0683484306581,38.99342369564317,-13.156543613745775,40.46578153215708,43.24471590096166,0.20642713054576256
1601,41.18869976926,41.0462596105396,39.445372122685136,39.01465375044303,25.27589915388356,40.285943673770035,43.251108987580956,0.2062409218320962
1602,41.21619803964243,41.04926528592102,39.438810950031765,39.10896959896206,25.468313173850646,40.40815152059103,43.27860725796339,0.2062409218320959
1603,41.17958100028591,41.02851468561581,39.60881844276803,39.13119858337864,30.4451989775665,40.39090528613028,43.247202983951446,0.20676219836655424
1604,41.20837290106886,40.994003560631306,39.408865129841814,38.62376368457232,25.013856784715127,40.1972051665409,43.2759948847344,0.20676219836655418
1605,41.187753955208414,41.0512570900957,39.48147916957426,38.913236314870396,24.315453880309715,40.52554982823704,43.26005329028683,0.20722993350784147
1606,41.16911948180459,40.87617837960933,38.956575103011716,38.682667748076554,22.40474608720033,40.4011249831168,43.241418816883005,0.20722993350784127
1607,41.187470144616036,41.01854852969771,39.02947988750688,38.64770981491887,7.457163488301937,40.47592083845878,43.25976947969445,0.20722993350784139
1608,41.20878978040517,41.03995585094076,39.87339712932159,39.35162001988076,27.718779174347127,40.63329777993083,43.28169167506966,0.20729018946644875
1609,41.17454501255529,40.90304670706518,39.350554545537825,38.92017351962265,23.654498723431875,40.43688419622026,43.24744690721978,0.20729018946644878
1610,41.174705865929184,40.99474848055017,39.272716650626464,38.60312714221074,8.9371768659774,40.56391049037799,43.25065897180779,0.20759531058786004
1611,41.199768154250876,41.08525296480832,39.658708235570906,39.08112651240337,30.862430477141118,40.57333594167562,43.27572126012948,0.20759531058786002
1612,41.1776253932671,41.06788215888831,39.719196953142365,39.30890048666705,24.87783370601536,40.54585969509809,43.2535784991457,0.2075953105878601
1613,41.156274692316686,40.98807164210162,38.98713526582829,38.06943195203372,20.31207460573243,40.21952939918543,43.23222779819528,0.20759531058786
1614,41.17831035723142,41.06485094569625,39.92655409257575,39.56135125681567,31.512279263323236,40.69126861994995,43.25426346311002,0.2075953105878603
1615,41.18384464270195,41.096823425408104,39.73766438224545,39.30071294292619,24.192943813010586,40.63566767205127,43.25979774858055,0.20759531058786024
1616,41.177851799410035,40.99885166522185,39.56530936146963,38.828009156808456,30.473978064636647,40.51459222632296,43.25380490528863,0.20759531058786
1617,41.18707740703695,41.07147454255102,39.40697482423786,38.95574430678994,-17.332430046549533,40.460756315654244,43.263030512915556,0.20759531058786032
1618,41.19292904076285,41.06301040302387,39.74970132252284,39.65240508810383,26.30254728880917,40.53473416708337,43.26888214664145,0.2075953105878603
1619,41.19358506991318,41.04896588660773,39.445214770334424,39.05056765700646,17.40747180570246,40.51053982669802,43.26953817579179,0.2075953105878601
1620,41.187474397960194,41.08816755251126,39.2808795948874,39.13928975566419,23.823580249306332,40.49616508497958,43.23199005375254,0.2044515655792348
1621,41.227946040241534,41.088235304794935,39.424424748393896,38.68688037780047,29.690006920200254,40.37560965394813,43.272461696033886,0.2044515655792349
1622,41.2249711865168,41.04459037580454,39.64189546875221,39.41650408809985,18.527254134262193,40.486761639026426,43.26948684230914,0.20445156557923477
1623,41.20339970231702,41.10392292250258,39.2497381413593,38.40690196489919,25.359917304319687,40.5325074249056,43.24728440076489,0.20438846984478676
1624,41.20685105585979,41.12528461504561,39.82304138064707,39.853832814394,20.81557463187334,40.74570393705923,43.250735754307655,0.2043884698447868
1625,41.20715675568753,41.11342056969986,39.42349395628186,39.34220375121314,-12.931730748169912,40.549098330156795,43.2510414541354,0.20438846984478684
1626,41.231906961742325,41.07775278217212,39.78224388620939,39.51166563141954,26.515445400734606,40.64261493454438,43.275791660190194,0.2043884698447869
1627,41.19497048807668,41.09603175251154,39.05785667516706,38.668746451782866,-0.9918975720351924,40.48353151289271,43.238855186524546,0.2043884698447869
1628,41.22261318079981,41.119473611649966,39.56525120529514,39.21188475181435,24.74452662497579,40.737554647511246,43.27299722236668,0.2050384041566869
1629,41.20610962410649,41.045207706385426,39.3151762962308,38.7435424870297,13.566040465473094,40.26725213433545,43.25649366567336,0.20503840415668703
1630,41.240669018438965,41.066151815886265,39.536027366853695,39.09746180491048,12.56749343249129,40.472204275637445,43.29105306000584,0.20503840415668706
1631,41.22805678169651,41.06516206329996,39.703382203486754,39.06710252284107,28.242542045557066,40.52233195418707,43.27844082326338,0.20503840415668714
1632,41.21149112437207,41.03566319247725,39.480783849443,38.842658870279465,30.117842321887593,40.40990472320772,43.251197317844685,0.20397061934726193
1633,41.23382152697192,41.12589080082434,39.506496022167575,39.24670478555777,11.559460296289267,40.57909721012152,43.27352772044454,0.20397061934726185
1634,41.23339139574782,41.05906563967653,39.463716152646626,38.86702324223133,25.145588836286006,40.50159736312952,43.27309758922044,0.20397061934726185
1635,41.24233260419884,41.09220823538785,39.07871338429082,39.095957819572654,7.668282377178826,40.54491212411818,43.28203879767146,0.20397061934726177
1636,41.240221100761886,41.079730068934026,39.83449951791478,39.29787786490655,29.58682967251719,40.531973192749305,43.24222159030533,0.20020004895434387
1637,41.25505646473367,41.1793530145688,39.93000883719198,39.352547966863895,28.3250891379167,40.792759866247636,43.257056954277104,0.20020004895434373
1638,41.25566249265184,41.09479066250733,39.833449844092534,39.77850230965377,26.7997257955973,40.70410384976253,43.25766298219527,0.20020004895434365
1639,41.284027728640446,41.18165658690314,40.18494566672515,39.561705307788905,25.327194059836064,40.798519445569994,43.28602821818388,0.20020004895434365
1640,41.28059761880612,41.12635014654645,39.651739407849114,39.08659275181236,23.530703417786786,40.68216804799684,43.28259810834956,0.20020004895434387
1641,41.284226270199156,41.17798502281709,39.71230339226618,39.26272575883579,21.030791693537818,40.66950982762347,43.2862267597426,0.20020004895434382
1642,41.261571450062746,41.0338905152656,39.740942024855585,39.1465832256826,27.85012018043733,40.47260864792646,43.26357193960619,0.20020004895434385
1643,41.299290217506815,41.087460211855216,39.697553069242716,38.957941627509605,32.395575184531424,40.332166783750225,43.301290707050256,0.20020004895434382
1644,41.25884904386186,41.17471521303145,39.53471590453956,39.28354629013943,25.45359908336888,40.49830024288758,43.2608495334053,0.20020004895434382
1645,41.2778214651114,41.11650833604896,39.957528723755104,39.58595474922935,30.199015877172975,40.565190021552425,43.27982195465484,0.20020004895434376
1646,41.28052811319113,41.05848635828227,39.62929686079796,39.17664675666469,21.00147410653286,40.501482800430395,43.28252860273457,0.2002000489543439
1647,41.27420315958559,41.1406900741148,39.20899205413574,38.46513441506159,23.312386843564497,40.66670998679467,43.27620364912903,0.2002000489543438
1648,41.29710599054725,40.98986426897222,39.618602477430095,38.96220388380137,28.855866706449085,40.49438619882113,43.269181310165216,0.19720753196179672
1649,41.32481892615419,41.20042547461324,39.83575005183368,39.287245493983455,28.710937921522472,40.57884763877713,43.29689424577215,0.19720753196179677
1650,41.309292042291084,41.22433811114399,39.61544684192446,39.72237218016888,13.159966863969586,40.8651707848543,43.28136736190905,0.1972075319617966
1651,41.3287963484067,41.190499551579904,39.950856294450816,39.181142060067444,27.61370788498893,40.73303958437175,43.30087166802466,0.19720753196179666
1652,41.32221355554298,41.21332889541912,39.764980338650616,39.512413636040854,11.033961490834493,40.607710806791125,43.294288875160944,0.19720753196179663
1653,41.32157088233711,41.11802617069973,39.695478901945044,39.524363774148064,27.49244557476687,40.62902048597308,43.29364620195508,0.19720753196179674
1654,41.30018667779798,41.23760873384873,39.694267596935326,39.68969791558059,30.480088120145993,40.77041801454173,43.27226199741595,0.1972075319617968
1655,41.303053948297595,41.2095724993168,39.7074249214123,39.67507938859743,13.844378910687414,40.61341387603184,43.27512926791556,0.19720753196179674
1656,41.30964890602117,41.15629183580827,38.78696231377355,38.884600371661364,-20.253022199104784,40.421151323571635,43.28172422563914,0.19720753196179683
1657,41.293974746839766,41.188629549315465,39.84753206625369,39.96642201478073,23.652507149232623,40.541886119022955,43.26605006645774,0.1972075319617968
1658,41.306449249110926,41.193512841738844,39.35505453847986,39.06605309056089,-9.626656517739178,40.761609079798035,43.27852456872889,0.19720753196179674
1659,41.31239793132822,41.04679887081306,39.3608748443493,38.76341379784084,21.072823942773283,40.2597587814373,43.28447325094619,0.19720753196179683
1660,41.330968656186165,41.22056618534508,39.678897937356695,39.75966333263049,-10.13434876613853,40.784482050332954,43.30304397580413,0.1972075319617967
1661,41.30598570483721,41.18186295386556,39.630968876882854,38.72736315485576,30.885476906151773,40.57207326779384,43.27806102445518,0.19720753196179677
1662,41.331508501873806,41.18401185786231,39.20249101157404,38.310085182946494,15.98155722206204,40.57791886190169,43.30358382149177,0.1972075319617967
1663,41.305036899152725,41.20235057044441,39.838373855418894,39.60276413942637,27.52826784093972,40.70379011066689,43.272434867357816,0.1967397968205095
1664,41.317229208426,41.21108099847916,39.708843425604556,39.4087921778494,14.330436890674921,40.87218604236455,43.2846271766311,0.1967397968205096
1665,41.32978602145974,41.232891520498725,40.03609213928423,39.51259854433376,30.018079400871628,40.834865822153795,43.29718398966483,0.19673979682050946
1666,41.30178294537682,41.103384244580724,39.660965554781825,38.930490461714975,30.541944550650733,40.61528394652304,43.26918091358192,0.19673979682050952
1667,41.31106322745641,41.19329333347079,39.604258230015695,39.51116040824557,15.367815877452784,40.57845380865282,43.27846119566151,0.19673979682050954
1668,41.31402789349347,41.158201494611426,39.591343271153455,39.44735405293164,-0.8474431718782824,40.63150524390434,43.28142586169856,0.19673979682050946
1669,41.317316302677256,41.20480223885522,39.48737390941969,38.45879263196622,25.292976418324795,40.64107421628915,43.284714270882354,0.19673979682050963
1670,41.3454226090286,41.2369860064437,39.80199861258889,39.54770621785502,21.434533968840533,40.75298832833148,43.312820577233694,0.1967397968205095
1671,41.2965496977385,41.18235370320779,39.66680535025052,39.73217766822189,21.62898216430366,40.717256156073304,43.27232940619828,0.1975779708459784
1672,41.32671995054822,41.198729737881436,39.662601559845584,38.46290046061322,32.286885131679554,40.491574996688655,43.28749507424705,0.1960775123698831
1673,41.32689704733295,41.23683043825512,40.214794681115876,39.727916056883195,32.02369980139923,40.964136624400616,43.28767217103178,0.19607751236988302
1674,41.30502327468134,41.18577407421017,39.727062343133404,39.70452951963543,21.771612520056163,40.65812830406311,43.26579839838017,0.19607751236988313
1675,41.32083472373593,41.178779374155546,39.994270085351374,39.694372003811786,31.000879802864414,40.62110884662686,43.28160984743476,0.19607751236988316
1676,41.3146141711475,41.1617397728084,39.679518865960816,39.39081990589115,30.26450854659903,40.531824571073614,43.27538929484633,0.196077512369883
1677,41.32074339792196,41.16299394552548,39.9018891345068,39.34123565835578,28.881579237984788,40.57902260648477,43.28151852162079,0.196077512369883
1678,41.333289943411195,41.11238383917101,39.43977262948595,38.63080290461002,23.38575732084051,40.49060633151154,43.294065067110026,0.19607751236988305
1679,41.32716047538022,41.20354517746083,39.97514280161612,39.34835221467935,31.18291957328872,40.56516593558033,43.28793559907905,0.19607751236988294
1680,41.326302885815196,41.15678047555714,39.62353003209319,38.87581510323826,28.663860389286523,40.493130129648854,43.28455596001346,0.19582530741982654
1681,41.34263850166391,41.19650271330046,39.42112050541495,38.86853375025244,16.439462444209312,40.530964228626466,43.306761102673256,0.19641226010093416
1682,41.30831393024382,41.13280664691808,39.477088174449555,38.454523934989034,28.91235743402423,40.2520324273544,43.27243653125316,0.19641226010093427
1683,41.317341437645894,41.19427290152724,39.336210424174666,39.05236329344068,-10.11196786512609,40.609712882922196,43.28146403865524,0.1964122601009342
1684,41.323832833660646,41.132505105070415,39.514050848670976,38.646064285156235,25.200584252594766,40.53797332693006,43.28795543466998,0.19641226010093396
1685,41.31103157137335,41.12144153580373,39.41651093119462,39.39865029616238,-7.962199207616528,40.64413276527233,43.275154172382685,0.196412260100934
1686,41.32005028652258,41.234424674148315,39.71508864358978,39.61369704033331,16.08668689458041,40.83641343778942,43.28417288753192,0.19641226010093416
1687,41.31249662508769,41.20823051062021,39.44306231503552,38.30629646076639,23.68119037154433,40.6597060579263,43.27499741599967,0.19625007909119818
1688,41.32700288550443,41.22020449070057,39.9656473672032,39.704286273970666,22.918137032503687,40.78879778730091,43.27022384746971,0.19432209619652813
1689,41.32740616347259,41.20613316972925,39.61763400342085,39.02349089678564,23.392310526564085,40.640181340312914,43.27062712543787,0.19432209619652818
1690,41.305873280381526,41.22646259359409,40.072363124774746,39.50988306589818,31.142021689494904,40.74598549479927,43.24909424234681,0.1943220961965282
1691,41.324275014526236,41.17774815769289,39.40698606158006,38.78373607237469,23.865462527316048,40.46743532752197,43.26749597649152,0.19432209619652838
1692,41.31513019937751,41.18298047879265,39.631157030641766,38.6767591704142,21.318841498959642,40.65657929737712,43.258351161342794,0.19432209619652824
1693,41.318302725698906,41.09443475545569,39.97130975662352,39.53416944027747,29.389571085631733,40.56962281940422,43.26152368766419,0.1943220961965282
1694,41.318015499097626,41.18774629186389,39.88935253215096,39.429889629475525,24.91039635227939,40.73377444639206,43.25508240449289,0.19370669053952622
1695,41.31476663109481,41.210514408999614,39.730619373807954,39.36683714253488,26.563346373848333,40.736987952262815,43.251833536490075,0.19370669053952605
1696,41.33635335969262,41.24915199605618,40.050886411124324,39.37980334113809,30.80735616327572,40.92735034161553,43.273420265087886,0.19370669053952622
1697,41.33002917252475,41.15618583264874,39.59080629348326,39.42965632963608,13.931786699286342,40.66613135955453,43.267096077920016,0.19370669053952616
1698,41.32135390777968,41.187178048821465,39.41501848739998,38.93307921718673,22.27126499871899,40.543794500073275,43.25842081317494,0.19370669053952616
1699,41.32714379674995,41.230639896663874,39.403618683960154,39.20069834429053,-17.079556434857956,40.86546761671685,43.26421070214521,0.19370669053952605
1700,41.30579260807782,41.20090483600901,39.897197199299995,39.0013948250124,31.37512190923706,40.68524041064963,43.242859513473086,0.19370669053952638
1701,41.34009443408113,41.201060415165294,40.14421214246012,39.92136576708789,32.44304130352268,40.85498823289436,43.27716133947639,0.1937066905395262
1702,41.33346711281735,41.16023818600456,39.58791285897431,38.64232069816201,31.17932901978704,40.538422572937336,43.270534018212615,0.19370669053952627
1703,41.330392277803995,41.17306539696024,39.33222748648711,38.77822156852342,16.844103304614215,40.68203955840585,43.26745918319926,0.19370669053952627
1704,41.308857452561554,41.16018799529239,39.650210692945656,39.33996121364901,23.246711571539254,40.520233410647094,43.24592435795682,0.19370669053952622
1705,41.330227405448234,41.17236419902102,39.63748450661209,39.503804405027275,22.641937687960603,40.645345537549176,43.267294310843496,0.19370669053952602
1706,41.342596465334715,41.20436813476167,39.57861938940505,39.364756832003565,24.788912014881483,40.76474856305582,43.27966337072998,0.19370669053952633
1707,41.32741897857746,41.17965101333079,39.593556058016084,39.56084880456557,-17.060414000611622,40.73274136244841,43.264485883972725,0.19370669053952622
1708,41.327129143087895,41.02552591092008,39.450462541384134,38.31041871191441,29.158295582652336,40.36769926283928,43.26419604848316,0.19370669053952616
1709,41.308548944740814,41.19651551451029,39.57342542555845,38.71612945847861,30.154257918042234,40.89185615766394,43.245615850136076,0.1937066905395261
1710,41.32418657313345,41.25556041153011,39.70855637052527,39.60422204716687,0.18342905798784415,40.96549061044459,43.261253478528715,0.19370669053952602
1711,41.31547371548078,41.182552504665324,39.81405326153606,39.25714260781733,21.224867813603435,40.73623809035324,43.24612692865166,0.19306532131708842
1712,41.352757457417106,41.184705921225984,39.89802241918289,39.36037074208937,28.05422013404043,40.60455357780776,43.28341067058799,0.19306532131708845
1713,41.33404509781985,41.20484106849501,39.86756716901551,39.493680850196085,30.184856205178846,40.710671549208996,43.26469831099074,0.19306532131708845
1714,41.31508379957274,41.190208615565375,39.859815655443775,39.55923835088447,21.313436782574065,40.681874192704996,43.245737012743625,0.19306532131708837
1715,41.35612443426661,41.13428270939428,39.520570402286125,39.70043248763829,20.067281985200086,40.53772281133235,43.282687730418374,0.1926563296151764
1716,41.328780385974326,41.23832375815147,39.975135870614295,39.429000257907084,28.64788215096364,40.689168686701194,43.25534368212609,0.19265632961517637
1717,41.34098912473151,41.19538020316617,39.174328878973675,38.76308774017365,-8.443127054199437,40.492830203032675,43.26755242088327,0.19265632961517637
1718,41.33134654609211,41.220308156329516,39.586145625825594,39.566334622143685,-14.283669673039448,40.766056027496774,43.25790984224387,0.1926563296151763
1719,41.33182163611873,41.23159585073673,40.25578381306693,39.83648962481204,32.18774004933,40.851980520239636,43.258384932270495,0.19265632961517629
1720,41.3441773639754,41.16007212479821,39.71720916008659,39.49572326794263,21.33972792607109,40.60875012212303,43.27074066012716,0.19265632961517626
1721,41.33766514603792,41.251398131108125,39.811719997471315,38.97352071334872,32.04221007265458,40.73932162827206,43.26422844218969,0.1926563296151766
1722,41.328550106257474,41.2137592861743,39.71039303609029,39.01067470772462,21.845950683289203,40.75691847161015,43.255113402409236,0.19265632961517629
1723,41.332074298826186,41.14138506773708,39.276223267754716,39.00470800378907,21.720394935453022,40.66865687793488,43.25863759497795,0.19265632961517637
1724,41.316251542066816,41.25038331894553,39.36300710485317,39.06435840967605,-11.690212852711724,40.78415886555725,43.24281483821858,0.19265632961517615
1725,41.3320622990556,41.235396458139085,39.94122114824376,39.827001891139616,16.19172706580774,40.87442979891035,43.25862559520736,0.19265632961517645
1726,41.31863690080856,41.24197581655768,39.64237044283891,39.062848931881256,19.77094166874968,40.76299925255632,43.245200196960326,0.19265632961517615
1727,41.32229563582951,41.23902798619007,39.76379427870845,39.41724888659376,21.218164851346085,40.92405398291272,43.248858931981275,0.19265632961517648
1728,41.33469903704623,41.23588718812023,39.702798534603765,38.949427490678715,26.65665721450897,40.791444247633095,43.26126233319799,0.1926563296151763
1729,41.33440254394806,41.21430862264235,39.97338126622042,39.532578385096414,28.965770440619377,40.86249108402837,43.26096584009982,0.19265632961517629
1730,41.328884397124924,41.208656630807866,39.82005551426805,39.19447254688518,23.69501084488175,40.68755594826048,43.255447693276686,0.1926563296151765
1731,41.33257824877123,41.1105161879135,39.61651548057699,39.435655930969254,26.20896198543895,40.60604710107559,43.251806670143836,0.19192284213726085
1732,41.36150882195951,41.2128252992717,39.96007533726425,39.58938190170334,24.905094940318524,40.80080051736133,43.27121324624603,0.19097044242865155
1733,41.33924091641157,41.19368991136918,39.12541151953873,38.62603789577533,0.45530658843929217,40.49263805628134,43.248945340698086,0.19097044242865166
1734,41.336598749760896,41.21077573330699,39.68171940289125,39.00994102216654,23.572472177770564,40.84254629621536,43.24630317404741,0.19097044242865155
1735,41.32653535176719,41.23748696723132,39.43525755879266,39.94219688862302,-10.04790318097124,40.87988601951354,43.23623977605371,0.19097044242865155
1736,41.3736593165527,41.2487518993808,40.08313585997898,39.76347931313362,26.64103361907349,40.89563241503209,43.283363740839214,0.1909704424286516
1737,41.342443559213045,41.17198396564526,39.98720606474698,39.08571578380257,32.312464335695395,40.776062044717506,43.25214798349956,0.1909704424286517
1738,41.32621276934835,41.14616993537855,39.16662580061553,38.404498141990196,21.237931070512143,40.33179015725306,43.23591719363487,0.1909704424286517
1739,41.34547652956338,41.22318828266041,39.983740226296035,39.38296463960635,30.304424016562145,40.61868448602352,43.255180953849894,0.19097044242865163
1740,41.34249791371403,41.04243619112468,38.7977840533269,38.340926411687406,7.35181553413387,40.28186718803467,43.252202338000544,0.19097044242865183
1741,41.349025981989065,41.19422366438563,39.829666658379736,39.4170173066667,30.723723268261345,40.614939303222656,43.25873040627558,0.1909704424286518
1742,41.373225156262514,41.15888300830976,39.51021464668433,38.974112437256814,25.146574628639353,40.53958409345339,43.28292958054903,0.1909704424286517
1743,41.342586119475875,41.23913532333241,39.54617331855967,39.387210846229536,-11.88905721759312,40.84914415699529,43.25229054376239,0.1909704424286516
1744,41.360881824527844,41.175658216019066,39.493099584070116,39.114935906744144,-2.5103774495831814,40.569648169754636,43.27058624881436,0.19097044242865174
1745,41.34282300620769,41.22030698576859,39.63099461315269,39.341812753127996,14.384529357628956,40.68028042214099,43.252527430494204,0.19097044242865172
1746,41.33595546584812,41.124764659026994,39.4477607917823,38.75934001190728,29.840822693373546,40.40948940487689,43.24565989013464,0.1909704424286517
1747,41.345290772832016,41.22879507327926,39.74422858356074,38.864415958895265,30.81426422204698,40.66324205944909,43.25499519711853,0.19097044242865166
1748,41.35435205176517,41.158085502070875,39.31989785486869,39.27951127517782,-17.002522049916706,40.519769237064004,43.264056476051685,0.19097044242865172
1749,41.364532409171865,41.22652770662951,39.75125698212786,39.34188005414265,26.611830692267457,40.57472308511148,43.28026242931912,0.19157300201472602
1750,41.32080585805351,41.21570242343492,39.70351152774546,39.05890281740688,25.34379518754553,40.43630615440233,43.23653587820077,0.19157300201472602
1751,41.330023239121346,41.19421590060103,39.476647030731264,39.525397272569535,-11.891704283020978,40.7153173006614,43.245753259268604,0.19157300201472607
1752,41.35483983387412,41.20346250165644,39.28520103706396,38.703408386519186,26.288986824924216,40.55230695074407,43.270569854021375,0.191573002014726
1753,41.349647130488854,41.23432475152101,39.86764609751737,39.54032756885984,28.31403109316283,40.54192705935854,43.27062739275741,0.19209802622685593
1754,41.34004748859747,41.2029233931941,39.88663498537062,39.68913922778323,27.927324595793827,40.619643582998705,43.26102775086603,0.19209802622685582
1755,41.32191469926021,41.24293485668957,39.823298996431525,39.64054445900712,23.4426625682341,40.539838001229136,43.24289496152877,0.19209802622685593
1756,41.35273552006626,41.138801522525405,39.42462436281045,38.91724027076469,26.38673247646326,40.45243143852409,43.27371578233482,0.19209802622685598
1757,41.349659625792725,41.239334400097135,39.586977791872705,39.121847703605724,25.529904402217806,40.88976087932402,43.27063988806128,0.19209802622685576
1758,41.31270577794348,41.167267299791476,39.854880213819534,39.299764194385745,26.066462853237013,40.50765720990351,43.233686040212035,0.19209802622685598
1759,41.33720266026284,41.19902285154843,39.89825575602389,39.44843315618064,25.773171870043726,40.776580648016655,43.2581829225314,0.192098026226856
1760,41.34946107615131,41.12594526760992,39.433789522285196,38.61263998468257,29.820202756808573,40.31776197034339,43.270441338419865,0.19209802622685604
1761,41.3236338158931,41.03624288301474,39.275889806189625,38.78116080029096,21.80155648394885,40.469399008365926,43.24573078490512,0.19220969690120202
1762,41.33587667317654,41.17343560225599,39.21020196192795,39.54453251285121,-14.771636864618927,40.59115302270484,43.25797364218856,0.19220969690120193
1763,41.33578886782989,41.1687528095042,39.779478476550246,39.193051193310794,28.6893395672534,40.48835081550561,43.263911432702656,0.19281225648727626
1764,41.31771910444666,41.17135260534977,39.5873316884811,38.895982307003536,26.548653674885834,40.43399175203689,43.24584166931942,0.19281225648727612
1765,41.323838318789726,41.21474044404722,39.49905573273549,38.667955586753116,26.507763993874132,40.47825206486591,43.227236569053964,0.19033982502642371
1766,41.348596525828064,41.24199898457849,39.39608672048729,38.896281401322824,13.961061283728881,40.67347179767182,43.2519947760923,0.1903398250264237
1767,41.36102299517539,41.18095430832329,39.44265322975478,38.73437257056211,23.778682887893446,40.622838116782944,43.26442124543963,0.1903398250264237
1768,41.34871438966743,41.24398853844652,38.66279639403867,38.694799797183066,-11.84174193265003,40.513122488881024,43.25211263993167,0.1903398250264237
1769,41.36099545849536,41.25847133523646,39.29539858399682,38.974958910884276,11.142650846758158,40.70875780991676,43.2643937087596,0.1903398250264238
1770,41.394647645923264,41.17241628249331,39.52202938145208,39.16855299405067,24.094705190494416,40.58871993385625,43.292744736286835,0.18980970903635688
1771,41.35046809734912,41.19552528361684,39.58905751614791,39.08028114480936,23.75755467487086,40.58841465233494,43.24856518771269,0.18980970903635694
1772,41.36299589788995,41.228099659259286,39.47401904711619,39.29418157412135,25.295390528645697,40.42309962221148,43.26109298825352,0.18980970903635688
1773,41.37497295025465,41.153048011340545,39.11796831604729,39.12318632188615,-17.031107449645155,40.52886813565682,43.2769159631354,0.19019430128807505
1774,41.3646708131533,41.203154674690474,39.88156246747732,39.28276386148447,32.802045695187445,40.616590845909556,43.26440596033675,0.18997351471834525
1775,41.367742860656016,41.25557217813854,39.78988419516682,39.084574090239535,28.05398057309894,40.67912218828566,43.267478007839465,0.1899735147183448
1776,41.348299053864096,41.23140176201629,39.188343196058746,38.653561546906985,-2.385120488489669,40.509821838663825,43.242783958926246,0.1894484905062151
1777,41.35747692404909,41.19402850060695,39.26391758324303,39.12801750872626,7.830110855416535,40.746023096692056,43.25196182911124,0.1894484905062151
1778,41.385663039056745,40.97639660969427,39.357457322689534,38.77747794863951,13.10303856572957,40.2762682080516,43.280147944118895,0.1894484905062149
1779,41.34498409267217,41.19035200588894,39.68663582302108,39.10511591793241,28.03142306002827,40.81861793627158,43.23946899773432,0.1894484905062151
1780,41.35182624058744,41.14881372589813,39.84828452083366,39.34610502669213,25.8474675028084,40.63187738615399,43.24631114564959,0.1894484905062151
1781,41.357763506957326,41.22633252936007,39.939483033216675,39.31522332514295,26.999563811827,40.83698214157065,43.252248412019476,0.18944849050621515
1782,41.39790909468168,41.24623380167642,39.32713314113675,38.877586436294855,23.59259792903842,40.6626652826235,43.29239399974383,0.18944849050621504
1783,41.33308064009821,41.17249082552525,39.408948224908514,39.26205351301063,3.933593532122238,40.59103832002428,43.22756554516036,0.18944849050621515
1784,41.35430892161834,41.201689430393095,39.43123783944838,38.71241650700896,24.577334324850582,40.64351514317724,43.24616355868859,0.18918546370702558
1785,41.360116898244335,41.21947609103214,39.78895302387413,38.85986139809486,30.587708383706403,40.63998966522498,43.25197153531459,0.18918546370702544
1786,41.373987127415496,41.254038164596025,39.61268727756905,39.69121670744902,23.66982211549105,40.76485626513528,43.27077539891237,0.1896788271496871
1787,41.33683039129383,41.24897031689815,39.451440972339235,38.42855604157506,26.35169426480077,40.665073020219225,43.251813789781,0.19149833984871759
1788,41.349658229829906,41.211868274901285,39.556028636093544,39.437893986559324,14.18915645086144,40.65181891836034,43.26464162831708,0.19149833984871747
1789,41.33083744332478,41.213766133605105,39.58020843526846,38.74982538665399,29.894383431118747,40.733773758934134,43.245820841811955,0.1914983398487173
1790,41.34040136056555,41.1802087371834,39.63650366976913,39.18101145031952,25.72053404759171,40.58733463489797,43.255384759052724,0.19149833984871753
1791,41.381040085331264,41.20596600656691,39.94179783940125,39.935543064151965,24.97647073282353,40.79045945616673,43.29602348381844,0.19149833984871759
1792,41.35367260461898,41.20569916403904,40.0163802841254,39.55467956412923,33.95749604196645,40.690133370216316,43.251558535629975,0.1897885931010995
1793,41.35374981815972,41.23915712235808,39.587301580570966,39.02058948657503,12.005208252182236,40.52748458598616,43.25163574917072,0.1897885931010995
1794,41.360091530488425,41.248168498610134,39.83663762158168,38.76537536476877,33.8045697416042,40.56229353280797,43.25797746149942,0.18978859310109938
1795,41.343462424819585,41.25113260058449,39.83386535448631,39.22214442062881,26.79926210114559,40.7767839514961,43.239337566025185,0.18958751412056007
1796,41.362372345310426,41.26175214604986,39.9916563505593,39.630394964774055,30.14591179108801,40.8279347594468,43.25824748651603,0.18958751412055994
1797,41.38100809600986,41.26997924868223,39.699647121215264,39.081003720377495,26.8974638134676,40.610403477584306,43.27688323721546,0.18958751412055994
1798,41.38134954974124,41.21239361921464,39.76810041648163,38.86835905068634,30.97704710823962,40.38013164501702,43.279961993444644,0.18986124437034063
1799,41.355883374447714,41.23505212925683,39.91008031295671,39.111138266144096,33.057019388259576,40.68215568356984,43.23978713867678,0.18839037642290646
1800,41.37456547964429,41.24265297862698,40.02444326125371,39.64216394589636,24.422118521808933,40.84987165130383,43.25846924387335,0.18839037642290635
1801,41.37707116331518,41.25252565485261,39.886747370108594,39.280454799948586,32.500994396581795,40.67315307350752,43.26097492754424,0.18839037642290632
1802,41.40549606190041,41.26500046045918,39.892218254194624,39.420475003404825,25.125336466276238,40.83804903652457,43.24325033041779,0.18377542685173776
1803,41.415525935599234,41.29908982790447,39.58768981039111,39.176122619331345,10.019618521826551,40.7031072068285,43.245942037560035,0.1830416101960804
1804,41.41518862302486,41.22736677331539,39.65357816458788,39.15919131523141,15.849977235766382,40.73898968399541,43.24560472498567,0.18304161019608045
1805,41.43383097150473,41.334938787514545,39.826643875428516,39.00551699720867,24.79044822371327,40.82341087020873,43.26424707346553,0.18304161019608026
1806,41.42422366253949,41.27038623092753,39.57830107603293,38.94688627413622,23.26332668056436,40.86725729609124,43.25175455116367,0.18275308886241792
1807,41.43439305069353,41.25102508699309,39.72978566981237,39.37144818058489,19.74520910110887,40.83514525334979,43.249070784175835,0.18146777334823028
1808,41.45926033929175,41.28817782597723,39.61781075357547,39.17150623614193,25.199278586862146,40.808115048641014,43.27393807277405,0.18146777334823
1809,41.4374356997988,41.24182974470893,39.435460497467545,38.91098351493645,27.035648635306,40.63832228651478,43.252113433281096,0.18146777334822992
1810,41.41009125139889,41.26341163317594,39.677770093516656,39.107994899186885,21.916818323326936,40.68959194331026,43.254945969801945,0.1844854718403053
1811,41.41641455242985,41.294783693897884,40.15242114798501,39.94204642729213,26.983979043531708,40.77724540069799,43.261269270832905,0.18448547184030528
1812,41.44428885175561,41.29589019081361,39.64856344986576,39.43851581327684,23.588723675520942,40.880647382333706,43.289143570158664,0.1844854718403054
1813,41.41051139180784,41.26915742908271,39.84435625489033,39.158908668032865,31.361321586705166,40.73985520335786,43.25536611021089,0.1844854718403053
1814,41.441830457444084,41.272644884599345,39.75729179058131,39.18069774869649,25.78852506366276,40.490428289917986,43.28668517584714,0.18448547184030545
1815,41.422700938162876,41.28077047695103,39.826449283596766,39.344179944649326,26.382362437446137,40.87777558732589,43.267555656565925,0.18448547184030506
1816,41.397953552817,41.29795999655868,39.87654161567286,39.52240722280337,11.157945000001291,40.918195923341685,43.24280827122005,0.18448547184030523
1817,41.413808600436205,41.22265982101399,39.53148860917411,38.48199077553975,29.958074373571225,40.3212180415978,43.25866331883926,0.1844854718403054
1818,41.40057028165198,41.24285139232755,39.72439693971725,39.25378253035927,30.521338025342438,40.68080313585338,43.245425000055036,0.18448547184030542
1819,41.463399974917586,41.278965923466636,39.70647044308627,38.807708960998454,22.14527376269549,40.614088611229164,43.30175535020164,0.18383553752840517
1820,41.39473704832262,41.30980906599582,40.13246124700007,39.5427986534981,34.35248278108073,40.723588121432634,43.23309242360667,0.1838355375284052
1821,41.4562321932885,41.32683307969909,39.74462704344522,39.15327283636455,25.441165080877774,40.81867666255807,43.261519352200125,0.1805287158911622
1822,41.446600516704564,41.256022553248336,39.52716526384184,38.63280552223461,13.344210937856964,40.585534657450175,43.25188767561619,0.18052871589116218
1823,41.437420646977074,41.356051209156,39.6714980470487,39.527620925310195,23.949944983900927,40.74570665644333,43.2427078058887,0.18052871589116218
1824,41.48499423287395,41.29759651332842,39.72999208151576,38.83129523082434,30.489528885021432,40.59504382521114,43.22389862359764,0.17389043907236912
1825,41.528454958706405,41.37576217917007,39.56904056769254,38.811564060422924,23.586511288942937,40.72021362814943,43.26389198092557,0.17354370222191634
1826,41.54177930733924,41.3477766240007,39.69709114406093,39.01216530954283,24.265939291123228,40.85940703011747,43.27721632955841,0.17354370222191645
1827,41.522236929555554,41.358876581281486,39.74650177384342,39.190399647813265,24.581958946739718,40.91052543043321,43.25767395177472,0.1735437022219166
1828,41.53038548235172,41.42141791109062,39.57213233753934,39.17681566254998,18.476258713992312,40.642584808916794,43.26176614440225,0.1731380662050534
1829,41.53626926195213,41.267272032309045,39.64468787831959,38.95212205440466,27.113932800125294,40.58087751317122,43.26764992400266,0.17313806620505318
1830,41.53977568916694,41.341020279085285,39.728964471980966,38.740655699391624,27.05000388147924,40.66569720069258,43.27115635121747,0.17313806620505326
1831,41.53575912336742,41.414078819349825,40.12971416416689,39.83524778501242,13.010491067368445,40.90272064764438,43.26713978541795,0.1731380662050533
1832,41.55792004292324,41.38182594299401,39.87783940374222,39.258992690255226,29.721609112716855,40.852720081635375,43.289300704973776,0.17313806620505348
1833,41.54533148882324,41.30635652893378,39.887059793933126,39.206740822742596,31.28854466012714,40.6251952881048,43.26442534868328,0.17190938598600472
1834,41.5668166391686,41.41101705768405,39.66206031225401,39.00098513709716,13.829690847980117,41.0583713506307,43.285910499028645,0.17190938598600475
1835,41.54839930467619,41.430251866863344,39.834610731027,39.43650178688545,29.262068432142044,40.849029833676326,43.27367891911333,0.1725279614437142
1836,41.55463750552755,41.45205766853406,40.079250834444615,39.52764495339911,30.50536582227582,40.8304344697671,43.29444351496368,0.1739806009436131
1837,41.52667997658442,41.2473969799687,39.73366297578545,39.06418065010692,29.589464069932326,40.484425879715204,43.26648598602055,0.17398060094361326
1838,41.53565755302266,41.32446137827215,39.803430442491305,39.366572745993544,27.352572691440862,40.559963486747876,43.27546356245879,0.17398060094361326
1839,41.52696112300794,41.42386740270985,39.71961125126233,39.470603734525255,21.517152622423133,40.927509458640486,43.26626077952874,0.17392996565207983
1840,41.52646960238675,41.390394517696485,39.69444144557252,38.994058403077176,11.802526163376328,40.80256963289378,43.26576925890755,0.17392996565207994
1841,41.533054776131685,41.41893115698096,40.00948906979251,39.410321210959424,25.05706244535951,40.98952771652913,43.272354432652484,0.17392996565208
1842,41.53744557686428,41.31398435480854,39.76059348697587,39.271034009527746,25.561753711455452,40.66271888029769,43.2660300403327,0.1728584463468424
1843,41.55910659208554,41.426710941866865,39.604738795076074,39.42702798476847,13.042769692887628,40.58216501474915,43.287691055553964,0.17285844634684236
1844,41.553343654625905,41.33632176076729,39.96503440105336,39.27198791978198,26.13526670307304,40.7756151914475,43.28192811809433,0.17285844634684225
1845,41.562494680658745,41.46255636568147,39.50488223944366,39.08441459657867,8.193618087748838,40.966294625407905,43.29107914412717,0.1728584463468422
1846,41.55035734453832,41.335960310132755,39.51564212751322,39.03745644079126,17.237896039734117,40.42699716382607,43.27894180800674,0.1728584463468423
1847,41.543736770176494,41.38483229274286,39.73311910513447,39.1448050470704,26.780078923904714,40.83188213497098,43.27232123364492,0.17285844634684247
1848,41.55978255108113,41.45976690775261,39.916546759008014,38.99996839135936,30.032237346425003,40.840959512658856,43.28836701454955,0.17285844634684225
1849,41.54153776339867,41.42669074471104,39.922030166688835,38.88161833969146,31.041087573613265,40.56129436998499,43.270122226867095,0.17285844634684253
1850,41.52540576412868,41.40693735178342,39.90596540531352,39.196880751451964,25.41198944472036,40.89674209126173,43.2539902275971,0.17285844634684228
1851,41.56038050248857,41.39646299226961,40.11553461837696,39.62865823734863,30.099460134329764,40.855070181538636,43.25734218935531,0.16969616868667395
1852,41.60355447881927,41.48489885717597,40.36415571340343,39.98038995961017,27.748283720815213,41.08697637358247,43.300516165686005,0.16969616868667378
1853,41.58213353443991,41.449184400481954,40.18425690002349,39.82545331450213,31.7106727270289,41.00065153476085,43.279095221306655,0.16969616868667403
1854,41.56145823235993,41.3604519475012,39.60299503965795,38.827045811669144,16.292036801861848,40.6581581504189,43.26372107912734,0.17022628467674086
1855,41.55900653774232,41.39034479192948,39.61629410270663,39.08830877223076,14.586808348889885,40.76492900309084,43.263287577593175,0.17042810398508543
1856,41.546049913611064,41.40897069444775,39.693024965176015,38.89056737785683,16.99042045098665,40.803005194019015,43.25033095346192,0.17042810398508526
1857,41.56482693702193,41.40492927877147,39.69302636803923,39.39576084086361,13.501842479815267,40.787847334047136,43.26910797687278,0.17042810398508532
1858,41.56503319424661,41.34492828843809,39.944587013108425,39.480757918020565,28.517873616315295,40.812018786806036,43.269314234097465,0.17042810398508537
1859,41.57774099503512,41.319878741458794,39.68799998556741,39.20157873356759,19.46880573800775,40.850037190703226,43.282022034885976,0.17042810398508537
1860,41.6047159409553,41.34156828297433,39.8393354975186,39.02541161330663,28.896080220427066,40.607435083738764,43.27592876443373,0.16712128234784238
1861,41.60108369652644,41.470660751448335,39.87209906587765,38.83936313323851,30.99920975940948,40.84688939823543,43.27229652000486,0.16712128234784232
1862,41.603228183406614,41.40031998739635,40.11111511564298,39.812393139718615,23.859014572113786,40.881124554135766,43.27289219026613,0.166966400685951
1863,41.62776469612733,41.50180732596065,40.263665775044956,40.05501644618178,30.7892590307579,41.001400112534895,43.29742870298684,0.16696640068595112
1864,41.62140053095724,41.511766325734676,39.63039035892125,38.92470251393178,22.842760915797342,40.786857316308435,43.29106453781675,0.16696640068595126
1865,41.599805885609996,41.39700894295309,39.388364674752,39.111529466510596,-2.6106376915295044,40.85266358639684,43.26946989246951,0.166966400685951
1866,41.62184914356572,41.511417013321996,39.03709757764928,38.19989786642499,8.269909717875656,40.6605960355233,43.29151315042523,0.16696640068595098
1867,41.60313619726718,41.429069128706914,39.36559212839278,39.43776702652595,11.190027557362868,40.82974899264204,43.24252614898904,0.16393899517218602
1868,41.59195353516366,41.49502804663716,40.040329751467006,39.46716894029531,30.31257642619054,40.73311894468048,43.28464608075666,0.1692692545592996
1869,41.64860330273308,41.51805377565688,40.21876677888406,39.90380964672393,28.390893951817517,41.01960422344479,43.34129584832608,0.16926925455929948
1870,41.65134427646704,41.51083810627949,39.76543231239849,39.861683624583726,-13.954767527086801,40.955651052337174,43.34403682206004,0.16926925455929945
1871,41.648368720975995,41.51755010376993,39.84034319148624,39.38016037206634,26.565930819196073,40.87493128604145,43.34106126656899,0.1692692545592995
1872,41.648480138822954,41.516905031589864,40.05274823903407,39.37756488279929,28.736753018275373,40.7735228953708,43.34117268441595,0.16926925455929961
1873,41.65969490998691,41.5119786669821,39.61212932435997,39.516138919421685,-1.9965674792855808,40.9061138079887,43.35060917616987,0.16909142661829546
1874,41.66552956363925,41.53120370880326,39.85495631215512,38.89282631520885,29.11082905395193,40.95981142412262,43.356443829822204,0.16909142661829552
1875,41.653757953643705,41.56201710291104,40.180363615356725,39.66887196774606,30.386189657772896,41.20766628946619,43.34467221982666,0.16909142661829546
1876,41.64405480252671,41.49987008970284,39.95224234508825,39.08477637733238,26.026189508172642,41.00561344027568,43.33496906870967,0.16909142661829546
1877,41.6629195652059,41.460902077025565,39.61030873796714,39.40683357002004,9.054484574729855,40.853946475221804,43.35383383138885,0.16909142661829538
1878,41.65963902129618,41.5409096533663,40.255146050155865,40.08055439449765,24.545735858626955,41.154445580331135,43.35055328747914,0.16909142661829557
1879,41.63082208355607,41.470048684702284,40.12655741816283,39.872804361634394,26.975713709244726,40.8700442275701,43.322870209635376,0.1692048126079307
1880,41.63614653542918,41.55464418392507,39.92111427988176,39.09237659082296,26.837211454518574,40.76220452783559,43.32819466150848,0.16920481260793055
1881,41.61750796212332,41.49639894923488,40.053773362753844,39.30346730732105,29.62473343231226,40.66766505497293,43.33464020915585,0.1717132247032528
1882,41.62109262971149,41.43196075985441,39.93861380488315,39.47708868902028,27.04338654035461,40.98420216466986,43.338224876744015,0.1717132247032527
1883,41.636804796774854,41.442127200605455,40.07672681809726,39.29527684382096,28.60435586989258,40.815931946858655,43.35998518870436,0.1723180391929501
1884,41.62443798855843,41.50436735274385,40.34541067941262,40.03434163465498,30.480318440803583,41.03167806948059,43.34752984684659,0.17230918582881624
1885,41.6333284854466,41.48406246323572,39.86358238384187,39.341526741634894,21.471338757466803,40.906151412226066,43.35642034373476,0.17230918582881607
1886,41.6117415133355,41.51267532439185,39.80651903762226,39.69749225087318,-10.047468361894019,41.039835502268566,43.33483337162367,0.17230918582881627
1887,41.618248909503315,41.5252046073193,39.65030206633203,39.48597155841312,-9.16838095444492,40.88601946328055,43.34134076779148,0.1723091858288163
1888,41.6116684948132,41.465147545369504,39.978111391600684,39.655548705971626,20.168196194217728,40.77108655714348,43.334760353101366,0.17230918582881627
1889,41.63316843416849,41.50258404074215,40.00177631880443,39.555508206366504,20.966841148830817,41.0632656107268,43.35626029245665,0.17230918582881627
1890,41.62690679196463,41.46976446950995,40.212682673925606,39.49104661045488,31.21461485424608,40.812340937979556,43.34999865025279,0.17230918582881632
1891,41.627480811620906,41.486249662804255,39.812787680168334,38.9243514307546,11.824013003403262,40.97262795555357,43.35057266990907,0.17230918582881632
1892,41.61265705857032,41.4965117889743,40.136059401293295,39.47607341897303,26.237382508487393,40.91559392330292,43.337956782555786,0.1725299723985462
1893,41.60935586039048,41.31641246778752,39.793909474946,39.308917776230636,17.06052709794797,40.88745246365076,43.33465558437594,0.17252997239854614
1894,41.59693840513573,41.43481795157755,40.46636722002714,40.31302744771191,27.885291820513896,41.01574477899203,43.32223812912119,0.1725299723985461
1895,41.60953771249076,41.36782792360884,39.721096446632686,38.93898710459655,28.712612863130317,40.64638599283829,43.33483743647622,0.17252997239854612
1896,41.62526375677958,41.489957236025965,40.509226341985716,40.103650720257384,35.69234393823009,41.03526942172775,43.35056348076505,0.1725299723985462
1897,41.62212689865292,41.474590103665136,39.47502413503506,39.22750499220966,17.125329581413563,40.87348325512004,43.34742662263838,0.17252997239854612
1898,41.60346654709249,41.451919251043186,40.061836838050354,39.67539567690931,29.434863031918354,40.79138966100609,43.328766271077946,0.17252997239854612
1899,41.63140647313783,41.322691278842505,39.79195492265605,39.63426289850625,27.688256070016905,40.715687830978275,43.356706197123295,0.1725299723985462
1900,41.613467994939704,41.5004548799267,39.78664838807419,39.520366760614216,21.752296701531534,40.83755882976777,43.31882772221445,0.17053597272747464
1901,41.61685471381736,41.42268568710223,39.873494717965926,39.2749798151185,30.195032614399913,40.62251312196696,43.32221444109211,0.17053597272747467
1902,41.64540343804905,41.45414672379779,39.79360903960017,39.405314320925356,21.657584125164103,40.88857949613329,43.3507631653238,0.17053597272747464
1903,41.641664507455914,41.48708142143941,39.984298954055696,39.545740948605754,20.14188893207412,40.6700026278836,43.34702423473066,0.17053597272747462
1904,41.63896462395004,41.52062331030473,40.13995600787875,39.70110915098959,27.415878874680256,41.00855388042925,43.344324351224785,0.17053597272747453
1905,41.635891712996035,41.55352157099057,40.04094638410541,39.01173801140308,27.054798137958496,41.02681688394251,43.34125144027078,0.1705359727274745
1906,41.648313463374635,41.49074162215584,40.06307492008173,39.664918756789206,21.107084633587885,40.9971371001415,43.35367319064938,0.17053597272747467
1907,41.62937605051124,41.52281797367872,40.10740370996284,39.58340126620337,26.523496267411907,40.9414917038797,43.33473577778599,0.17053597272747467
1908,41.63223148522516,41.52515953520355,40.25276533219901,39.44828015044928,30.380204609907715,40.979798331258706,43.33759121249991,0.1705359727274745
1909,41.60111664121307,41.43436471434073,39.75626255870653,39.25451453914236,26.51518723901328,40.792891742872925,43.303800580526136,0.17026839393130655
1910,41.644519758879085,41.543235176327585,39.736985017066964,39.75025230577866,8.44760200998607,41.008109339213775,43.34720369819215,0.17026839393130674
1911,41.67263807177633,41.45223519099182,38.606691351846855,38.44595886081274,-12.563102461129375,40.56868162181466,43.3753220110894,0.1702683939313066
1912,41.641227119864695,41.55392991029126,40.23017522835606,39.660958106114215,31.137825732300215,41.00682199415948,43.34391105917776,0.17026839393130666
1913,41.62916253639816,41.50942240804207,40.10324234413839,39.64593705961791,31.924336145293093,40.96776513078747,43.33184647571123,0.17026839393130655
1914,41.61989340343492,41.46176820783924,39.57275965664331,39.661080762951514,-10.28085967912984,40.94029701235951,43.32257734274799,0.17026839393130672
1915,41.6474246020455,41.46135209007753,39.856176451881105,39.38561460442263,-8.818756963366319,41.10331812394099,43.35010854135856,0.17026839393130647
1916,41.66024896287629,41.52850164962053,40.08610267463676,39.98273188223511,21.716014704519473,41.1140553620005,43.36293290218936,0.17026839393130666
1917,41.62921561077649,41.511258089542004,39.913476047514706,39.751309684023965,26.005772742915767,41.03637594166263,43.33189955008955,0.17026839393130647
1918,41.657358400398465,41.54567539039957,39.94753401470933,40.152815289030194,15.749679618406148,41.07619724226298,43.36004233971153,0.1702683939313066
1919,41.65713671574031,41.42642312447463,40.124156913314955,39.411039216514794,28.510868382813804,40.89523785244265,43.359820655053376,0.17026839393130663
1920,41.647421530731485,41.513342103637385,40.06934566553387,39.81508681048989,25.93103747087471,41.07257447713827,43.350105470044554,0.17026839393130666
1921,41.61587613206597,41.4964265200846,39.889978190088335,39.73112838867351,16.053783719978952,41.00391047604121,43.31856007137904,0.17026839393130666
1922,41.628935858965164,41.47752032506907,39.780690146927654,39.56168120317591,22.563393520336493,40.90000417209092,43.33161979827823,0.17026839393130666
1923,41.61971467695305,41.53440643585765,39.94229209359865,39.51005695719931,26.060035881763955,40.96438527097972,43.32239861626611,0.17026839393130647
1924,41.66205438655879,41.55146613146366,40.07401364936986,39.882841870337884,25.468718813958198,40.980564547493415,43.33874043321033,0.16766860466515418
1925,41.676875517375166,41.54895979393652,39.6913022470105,39.21485128005606,21.551603740879102,40.96248601438265,43.353561564026705,0.16766860466515426
1926,41.64318159691374,41.509357794426,40.17708088951151,39.755726573227534,29.150220449128597,40.87036840522315,43.31986764356528,0.167668604665154
1927,41.655372338884,41.516409335829266,40.27951769849193,39.802416299432096,26.944154886138865,41.04965938040672,43.33205838553554,0.1676686046651543
1928,41.63320350799355,41.513734001888004,40.12298971724395,39.619210997116724,27.702575542459506,40.82053491608265,43.30386395878435,0.16706604507907996
1929,41.6473350882398,41.552889910096575,40.12560191049103,39.464263511774796,29.985433387779885,40.952923163628185,43.316830638119335,0.16694955498795355
1930,41.66817661403621,41.48575766448508,40.08965914116056,39.5328654258074,31.295055475898955,40.79484445551337,43.3385431275057,0.16703665134694898
1931,41.66791459018278,41.48907116968839,40.289502505533186,39.5648477705583,31.4131646754199,40.86080119578895,43.33828110365227,0.1670366513469491
1932,41.652366895689994,41.51416271614695,40.032068040791046,39.06883222492319,20.22639910281718,40.86050234318412,43.32273340915948,0.167036651346949
1933,41.671095073856755,41.52560828008217,39.92460884225699,39.869827383016776,-1.962052090841098,41.10899688375884,43.34146158732624,0.16703665134694912
1934,41.677159540743915,41.538913922276876,39.51969858124305,39.14102607895295,19.44352477345962,40.811141814202905,43.347526054213404,0.16703665134694914
1935,41.658603522448416,41.39977664992339,40.131234639689275,39.56372751995757,31.193576782187854,40.82748614880447,43.328970035917905,0.16703665134694906
1936,41.643085071940966,41.43636102153238,39.80560443879808,39.0030022972041,18.58653125839028,40.62007904489731,43.313451585410455,0.16703665134694903
1937,41.655996572685304,41.54555443173742,40.08343482659979,39.91561933641492,21.109081396906397,41.138461359152146,43.32636308615479,0.16703665134694906
1938,41.68015998693575,41.57179378586199,39.96354931281047,39.870365051875886,23.536188039755086,41.083421721044,43.35052650040524,0.167036651346949
1939,41.65741759861354,41.49672669382888,40.032660886671785,39.36940512082195,27.88419927694789,40.793522316768644,43.32578884976806,0.16683712511545207
1940,41.67667099030251,41.55692230602731,40.082169915416976,39.51049730972154,28.47062018768852,41.086239718102746,43.34504224145703,0.16683712511545204
1941,41.663453384931174,41.52011312093686,39.479354862247206,38.692150962324995,-0.6272306876058522,40.9084128049115,43.33182463608569,0.166837125115452
1942,41.667120740959575,41.478374653162774,39.91873911416437,39.50791827005615,22.168148768012458,40.90999135905443,43.33549199211409,0.16683712511545207
1943,41.669792541330075,41.55135993109899,40.023891653459096,39.57392086824632,28.21882477149361,41.10008064216666,43.33816379248459,0.1668371251154521
1944,41.66088372273097,41.50582767854919,40.137433240844366,39.5327638985499,30.69619975716902,40.85940516942312,43.32925497388549,0.166837125115452
1945,41.673247760028644,41.51708831138058,39.180972974897934,39.1322771465578,-12.374669010241355,40.56744805843867,43.34161901118317,0.16683712511545218
1946,41.644861677198676,41.55563135166979,39.81664776327987,39.38976250605635,27.56604407293523,40.61201098832369,43.3132329283532,0.16683712511545223
1947,41.66338529534723,41.49954719861249,39.82104482089804,38.945592279610466,21.558004515248832,40.958356514798936,43.33175654650176,0.16683712511545232
1948,41.64844562836957,41.549456054457636,40.07308167567479,39.48583810669085,29.607648392336564,41.081139210852726,43.3168168795241,0.16683712511545234
1949,41.65149422929534,41.46206509876053,40.04785545599868,39.40123432223221,28.453298531724258,40.920308867716145,43.319865480449856,0.1668371251154521
1950,41.66133281811018,41.50714718304634,39.476376271773,38.96821916351919,-4.401115842962497,40.725462852070024,43.33573639856049,0.16744035804503127
1951,41.67385172903025,41.460505365440156,39.898489897475734,39.6132079977917,18.60498006873101,40.81686395996399,43.34825530948056,0.1674403580450312
1952,41.64527197897475,41.55179364446866,40.29881130825129,39.78978929618023,31.637600139098023,41.147143264427044,43.31967555942506,0.1674403580450312
1953,41.64512681507875,41.56184733542697,39.96451006197573,39.88782813861198,8.708945482175743,40.979903383662794,43.31953039552906,0.16744035804503127
1954,41.67010659576575,41.52225686305592,40.45533164154267,39.96110294089863,30.76823524530886,41.08053555498386,43.34451017621606,0.16744035804503113
1955,41.64607793474596,41.481282999101005,40.271124801661834,39.786765114529594,33.02542425864612,40.9875833398832,43.32339552364446,0.16773175888984987
1956,41.69223339614761,41.50472903697527,39.975713116106306,39.77256381735848,24.03182796873053,40.9018979462564,43.369550985046104,0.16773175888984976
1957,41.64230617737062,41.490868167424296,40.10051245452596,39.22756666954122,32.48568845828747,40.95939084092008,43.31962376626912,0.16773175888984992
1958,41.68004235476144,41.38248569563877,39.46914987162209,39.32314322682536,-12.411806662718618,40.89133931097246,43.35735994365994,0.16773175888984979
1959,41.64546395676715,41.54705662913598,40.27141911691995,39.786189652734095,30.465064566832087,41.18040149930115,43.32278154566565,0.1677317588898499
1960,41.62979392831623,41.51129850242742,40.136255175231476,39.82659598485102,29.113363417759075,41.08841741897564,43.30711151721473,0.16773175888984965
1961,41.64216260414646,41.55394500004397,39.91967771258563,40.26812307983031,13.719912581073,41.016524206896776,43.33233334818684,0.16901707440403768
1962,41.676653680226565,41.52345011239074,40.12965779462845,39.76559483357842,25.51866202328735,40.88202597478532,43.36682442426694,0.1690170744040376
1963,41.66081499395239,41.387095385025425,39.61217845747618,39.02753573222681,26.234900355587527,40.60632581829791,43.36101161025818,0.17001966163057886
1964,41.663783004729595,41.52198631277325,39.67593041389264,39.48675555249674,-0.15972288989082983,40.683996306654464,43.363979621035384,0.17001966163057874
1965,41.64197127960156,41.52053494617709,40.0672984962659,39.45944318618806,30.77029043177816,40.733873975142686,43.34216789590735,0.17001966163057863
1966,41.64792773825649,41.45645990104821,39.587206763501456,38.924733372519086,16.17764422236764,40.584849046419265,43.34812435456228,0.1700196616305787
1967,41.63839169989085,41.38350680769919,39.898167253646896,39.32916097764135,27.77579309334757,40.75231212775252,43.36061077090777,0.17222190710169175
1968,41.60451154618968,41.504927278994195,39.810258095077025,39.81268862263989,-1.3284073248963608,41.09784318227439,43.32673061720659,0.17222190710169175
1969,41.632491050578466,41.52258588644603,40.20461828764056,39.72856918289528,30.69829211153777,41.016336933793376,43.35471012159538,0.17222190710169172
1970,41.620111685164176,41.5167631625049,39.74303043196209,38.62406865964027,25.500973846840036,41.09738138944499,43.34233075618109,0.17222190710169186
1971,41.613354063046316,41.46999970742334,39.52523024595744,39.41049984207114,21.325279395491243,40.74944982114729,43.33557313406323,0.17222190710169186
1972,41.6071994849766,41.425997817128795,40.16908614319999,39.651547679667836,28.46462127117009,40.92508227868326,43.32941855599351,0.1722219071016917
1973,41.62286322745821,41.512146849424525,40.1935804014353,39.90723902949228,23.84935411855797,41.10552382669569,43.34508229847513,0.17222190710169172
1974,41.641612364305075,41.47159550891357,40.091119021066774,39.52671377560075,24.46359436608319,41.0610275535786,43.36383143532199,0.17222190710169183
1975,41.60409838868945,41.47847663802546,40.18208873883561,39.61362595797497,34.740336131723836,40.89400785614775,43.32631745970637,0.17222190710169186
1976,41.61985175501667,41.452446084898114,39.51120293793345,38.840088034310966,22.976969136440758,40.903237906953535,43.313942244164345,0.1694090489147678
1977,41.638017602934305,41.535508929817546,39.87457704500924,38.72807251762438,29.58220771759941,41.02162047013597,43.335260806901815,0.16972432039675117
1978,41.63547306956503,41.40239651578105,39.330317868591365,39.39000456246916,5.8590552432658285,40.86127958945313,43.33271627353254,0.1697243203967512
1979,41.62337706470203,41.43371905693368,39.66467540307315,39.29355667369955,16.163136868761878,40.83543504824361,43.320620268669536,0.1697243203967511
1980,41.6724554558972,41.42867968706158,40.297787126309366,39.61362974397767,34.01018230086877,40.932234176101346,43.36969865986471,0.16972432039675117
1981,41.64456959887076,41.509010651101,40.06764615321325,39.497446705855964,23.589180684513128,40.97540769456122,43.34181280283827,0.16972432039675117
1982,41.647660518599636,41.51311749985371,40.04801617505616,39.38114236776511,24.4428004946577,40.94945242204827,43.344903722567146,0.16972432039675123
1983,41.657401401143666,41.53125419925426,40.15941799112094,39.95354371827703,29.835552152135232,41.06932807909266,43.34810240450718,0.16907010033635167
1984,41.651749995487435,41.47964662777875,39.68870221178403,39.08266288192068,-10.37292216308925,40.66762084519296,43.3420043152588,0.16902543197713663
1985,41.65164863763167,41.42942266428961,39.80184125679666,39.2908284645302,26.335122715936517,40.56400554780159,43.361801196729374,0.1710152559097702
1986,41.69177389377999,41.54124221313495,40.15233743342015,38.79923257431667,31.569712685189522,41.09334396408285,43.403102361448624,0.17113284676686366
1987,41.666005328143655,41.5333621060205,39.945848870570345,39.141049964476544,22.75271620473187,40.935851002480206,43.37733379581229,0.17113284676686358
1988,41.672766317529884,41.496227511244726,39.876971959357256,38.962073624362965,29.198287488435767,40.74856622627468,43.38971412566557,0.17169478081356832
1989,41.66457796896296,41.413204104353056,39.90657974768249,39.09729684310537,28.50035527968944,40.933859266955025,43.38677601921994,0.1722198050256981
1990,41.66133160348785,41.5485610172949,40.20728935352971,39.87988970717247,21.513509078094444,40.9353643142197,43.38352965374484,0.1722198050256983
1991,41.66152148333231,41.57258497702264,40.025556128043355,39.183088599557486,26.416955579468866,41.052078607800404,43.38371953358929,0.17221980502569834
1992,41.66340437466849,41.56174417544041,40.09625097684783,39.647655550695816,30.28107787086148,41.163416045343126,43.383693160744244,0.17202887860757593
1993,41.694467050864134,41.52820978015708,39.755418361167635,39.3309422903477,21.86642567888844,40.85560912981776,43.418099242278196,0.172363219141406
1994,41.67597014465714,41.47220098439893,40.03358873502131,39.7086891537819,22.089230779874924,41.16128075356281,43.39936902296336,0.17233988783062226
1995,41.65378074320789,41.51006051447473,39.57955953435176,38.847588990753565,13.728096729747342,40.932789643629036,43.37717962151411,0.17233988783062223
1996,41.657533924713476,41.57662958331725,40.394420127531475,39.997103817976026,31.065724598309938,41.22905656757572,43.3809328030197,0.17233988783062215
1997,41.688136901765006,41.56507823284194,40.05559670376572,39.794039451018335,20.957109481217355,41.032806245455234,43.411535780071226,0.172339887830622
1998,41.6665393184351,41.47387800854962,39.12787763234261,38.82421126931428,-2.8850727670117493,40.83989184159745,43.38993819674132,0.1723398878306223
1999,41.65421707484243,41.537918428100866,40.25613078081386,39.913523306422064,29.615162026892047,40.92666790620062,43.37761595314865,0.17233988783062196
2000,41.6912896769,41.52564621865137,40.07854493325385,39.633527136243885,28.635236585607785,40.75767897649679,43.41468855520622,0.17233988783062212
2001,41.66640378421078,41.46492365106109,40.10602516723941,39.39403022020666,31.4986805695731,40.979162903878226,43.389802662517,0.17233988783062212
2002,41.647962310925806,41.535812363360975,39.98293632224081,39.55576798834498,26.825100581495217,40.9592828567872,43.371361189232026,0.17233988783062207
2003,41.663007889262744,41.49012485431427,40.269352706780005,39.58659394072003,33.78282244005074,40.978894319042794,43.386406767568964,0.17233988783062223
2004,41.66342401273617,41.575975554827274,39.911541628083,39.76036679774414,21.35790375165046,41.16450812785263,43.38682289104239,0.17233988783062215
2005,41.68059476781235,41.46393002994813,39.88042065829783,39.22732166891518,25.824305143530133,40.9090490336804,43.40525257153037,0.17246578037180146
2006,41.65974022866597,41.53263633391048,40.2168576304633,39.97294518140059,28.28485824389041,41.03694422217595,43.38043467178775,0.17206944431217785
2007,41.68874748626774,41.512852469933115,39.70955738230088,38.81786727320361,24.181215845676014,40.98557894629475,43.41772417165368,0.17289766853859437
2008,41.64522075797453,41.48155615410746,40.47080463728807,40.155987358078114,33.96501051448691,41.0248369413185,43.37419744336047,0.17289766853859453
2009,41.65051618904728,41.53559969861469,40.00899777823735,39.35543259821978,29.859374393842224,40.99438418685946,43.3850705345487,0.17345543455014242
2010,41.64731889821401,41.508148647178984,39.85972026515821,39.58301095589854,22.96187394646971,41.016001547455595,43.38187324371543,0.17345543455014234
2011,41.653208439074184,41.48870073832086,39.93528781516036,39.46019512798434,30.005084506509164,40.95134394115014,43.38776278457561,0.1734554345501423
2012,41.65400287362458,41.48033965112485,39.37554017677667,38.64057575803328,-6.054003988730436,40.974022768640204,43.388557219126,0.1734554345501424
2013,41.64993061668518,41.458454409100774,39.99566725666721,39.333542011772764,23.70570519591786,40.930506163234824,43.384921478018846,0.1734990861333662
2014,41.61851932527654,41.48998819993854,39.36875159195873,39.28312325194342,-15.830569275422448,40.88277020576243,43.3535101866102,0.17349908613336643
2015,41.65012822438008,41.56453860278731,39.888891614043466,38.85005782434565,27.370838927390956,41.03118451905287,43.38511908571375,0.1734990861333665
2016,41.64354904941122,41.48641585498185,39.67703701429365,39.17050083078456,23.61884738596447,40.779235438967746,43.378539910744884,0.1734990861333664
2017,41.65005212372256,41.490883729600064,39.870828935521764,39.403952065614675,16.306305170854174,40.97065930315825,43.385042985056224,0.1734990861333664
2018,41.635720775762216,41.504021166098546,39.44466433618122,39.13933470710039,-9.00049051621172,40.877244411883325,43.36948305871327,0.17337622829510552
2019,41.6824118028368,41.4882728843801,39.621694095381216,39.27597403966125,20.928826174434295,40.89937730785151,43.41617408578786,0.1733762282951056
2020,41.67295423315403,41.511658132393734,39.870896849024504,39.64685919850344,-0.6799340428115528,40.950031178204455,43.406716516105085,0.17337622829510543
2021,41.65073959413592,41.549969821865886,40.09949488442874,39.429869575015466,24.427822848241558,41.009179810404,43.384501877086976,0.1733762282951056
2022,41.66410170363271,41.500774055699274,39.85299717215064,39.592197757743655,-10.020615154812646,40.88677661497832,43.397863986583765,0.17337622829510546
2023,41.65459090248251,41.50004386438058,40.136972896660936,39.82444069196028,31.92131063884178,41.04343007103924,43.388353185433566,0.17337622829510557
2024,41.6382728611463,41.52184477756753,39.7774101946601,39.37014675121609,26.620372795248382,41.01030451362547,43.37203514409735,0.17337622829510557
2025,41.65133978390663,41.46220778951936,39.95977264937795,40.09763655264776,9.09788287388092,41.132752579714,43.385102066857684,0.1733762282951054
2026,41.647886467064616,41.531514316977386,40.1192011427221,39.71452427461123,31.371972075878137,40.879346248330606,43.38164875001567,0.17337622829510535
2027,41.63576856745284,41.41471579091331,39.61633209584752,39.075984570594585,20.915164198617937,40.94648090338727,43.3695308504039,0.17337622829510538
2028,41.66050250407542,41.48367934432873,40.02088887819694,39.0647315555354,23.432184411032445,40.94645298717869,43.39426478702647,0.17337622829510546
2029,41.65441668636578,41.42615606303272,39.99136817574734,39.5161579352866,21.82315182856527,40.718019458030184,43.38817896931683,0.17337622829510552
2030,41.66355054145164,41.55728141174452,39.92651718388536,39.50926267755506,24.42680526144361,41.00659628842598,43.3973128244027,0.17337622829510546
2031,41.660633177754555,41.52062861851364,40.07419580066226,39.587942847522115,30.36046737502202,40.766799234018904,43.39439546070561,0.1733762282951056
2032,41.63550923809053,41.459404715281735,40.37801976640942,40.18686721299219,31.180202608586505,41.065588937265346,43.36927152104158,0.17337622829510532
2033,41.66039567955465,41.56235771216553,40.38910419987588,39.957289992874855,27.231620843555298,41.21636800323968,43.3941579625057,0.17337622829510532
2034,41.66021342612052,41.51643989352461,39.63136958466192,39.65607219384469,-7.504529080867002,40.84358701846131,43.38770314890592,0.17274897227854008
2035,41.657767412104235,41.50329293785672,40.27280504536134,39.65122941212112,24.227546785652127,40.99217504366,43.385257134889635,0.1727489722785398
2036,41.66073365176051,41.520488778050144,40.20463195034333,40.21557748816663,29.09156164554296,41.15282213961947,43.38822337454591,0.17274897227854003
2037,41.64211691594709,41.480175584769384,39.97244948467318,39.12745926202074,14.352335527402786,41.0065295061447,43.36960663873249,0.1727489722785401
2038,41.65399863867856,41.546724872040315,40.27107893757325,39.27622736507443,30.385536500511314,41.15087904528502,43.38148836146396,0.17274897227853997
2039,41.643862401245975,41.485532303494054,40.23443830249417,39.41280066224356,30.087280276168475,40.92421125818714,43.41287318527942,0.17690107840334443
2040,41.6067942826856,41.517586354607886,39.789573334627654,39.68093298339146,14.61182246999848,41.021044215480686,43.37592331030931,0.17691290276237143
2041,41.61843942583036,41.43372856683919,39.955603989602416,39.46497634457328,28.478978645599778,40.84598545249728,43.38756845345407,0.1769129027623715
2042,41.624862786971995,41.48633465198138,40.279081183875945,39.62465259753385,29.58538415202647,41.065923892233045,43.39399181459571,0.1769129027623714
2043,41.621874368350916,41.430027228536694,39.65655257870669,38.99408511929359,27.39998340969498,40.88469230614375,43.39100339597463,0.17691290276237137
2044,41.61857669483784,41.493473993593796,40.09480598449635,39.621469146378836,29.1913563756136,41.03157347833673,43.396670403781705,0.17780937089438623
2045,41.629455877863094,41.41087720325247,39.63625691631077,38.74230267124566,27.049506525017108,40.87695467572995,43.40002897307398,0.17705730952108859
2046,41.65796860309508,41.544990018456176,40.267522035093634,39.40494559749203,30.24816094176506,41.10813277528949,43.40297990150744,0.17450112984123659
2047,41.68261583969245,41.5516032650902,40.01275683588671,39.4425690100375,21.12862305965308,40.93770682820569,43.42762713810482,0.17450112984123653
2048,41.66679186026432,41.54312762510278,40.5396712699698,39.96319885274551,32.040883948171036,41.1979584440367,43.41180315867668,0.17450112984123656
2049,41.6830462111109,41.51660834001464,40.25064555862936,39.820824072959084,28.941177455520595,40.962968578520375,43.42805750952326,0.17450112984123653
2050,41.669839745432505,41.460399246143936,39.915618041288056,39.173991646301424,23.576898053864582,40.96864251917859,43.41862954997747,0.17487898045449599
2051,41.66681063383839,41.53948759352441,39.89503513153423,39.24750978580662,14.464026359747944,41.08696341196228,43.41560043838335,0.17487898045449607
2052,41.69483391932026,41.55053934021175,40.11275887546094,39.85418397608061,23.89776343893631,41.034450782421665,43.44362372386522,0.17487898045449612
2053,41.654031320101225,41.515298438246774,40.08706876533103,39.39863253325822,28.503087090638328,40.918257644959084,43.40282112464619,0.17487898045449618
2054,41.694572583109995,41.512169310856656,40.087444476627034,39.86734239129222,22.12263457248183,41.10423426884455,43.44336238765496,0.17487898045449607
2055,41.672928320710184,41.557058726149094,39.944093227227235,39.16589993061666,24.5221489067901,40.85316439338238,43.42171812525515,0.1748789804544963
2056,41.672507962002996,41.51920502284226,40.08122779439044,39.57520821061697,30.619780649285936,41.01245900176529,43.42129776654796,0.17487898045449624
2057,41.66822615416482,41.493092333988656,39.908561098699884,39.433365933327146,12.9885141215848,40.93522328930353,43.42831052256831,0.1760084368403489
2058,41.66481582489702,41.509683602452576,39.63372075773868,38.959954612031666,16.79564195234486,40.975392644289755,43.42490019330051,0.17600843684034898
2059,41.64935887579136,41.39445636752951,39.78261373975302,39.615353762151514,26.977752113206453,40.865678951248235,43.40944324419485,0.17600843684034878
2060,41.65279002064391,41.554361838620295,40.03035398212161,39.41780790289792,17.030545033954454,40.95817012274759,43.4128743890474,0.17600843684034884
2061,41.65865451201666,41.54930417656822,40.134327199657,39.63160448467225,29.537613754632076,40.85202958582185,43.41873888042015,0.17600843684034898
2062,41.65850298594935,41.52949390904389,39.88672884362749,39.700070246427934,26.227278749055486,41.028863815170794,43.41858735435284,0.17600843684034895
2063,41.65855266883692,41.536200041968314,40.22405110898254,39.64006248208425,33.16967953939381,41.01257141199861,43.41863703724041,0.1760084368403488
2064,41.68475184213279,41.51658824101845,39.486367351272186,39.287010820080944,-12.724837367493684,40.696036400283866,43.428238634566405,0.17434867924336167
2065,41.68492560299989,41.55392622845591,40.296907182601075,40.064982465447486,24.97370307986269,41.18016698136418,43.428412395433504,0.17434867924336142
2066,41.678089379368785,41.55712892893936,40.157513542899714,39.95100422596172,28.417085963828047,41.090588226886425,43.4215761718024,0.17434867924336164
2067,41.67137809842617,41.4403415186624,39.5405667056642,38.77860928474673,11.778653191466155,40.626002726890505,43.41834339628597,0.17469652978598013
2068,41.66643441679231,41.55995614615007,39.9688872158387,38.93993185120215,32.485770795374115,40.82816449922485,43.41833821681855,0.17519038000262308
2069,41.66427959998684,41.469234916066746,39.97249177508514,39.17930317274922,24.04077700218322,40.84262197839858,43.416183400013075,0.17519038000262308
2070,41.67287158697674,41.55585788979425,40.17114323032602,39.53912239923963,30.961802426432463,40.97077305279092,43.42477538700297,0.175190380002623
2071,41.651028688544066,41.4903022677041,40.410339910743566,40.1543390671852,31.539827712899267,41.073692875629405,43.4029324885703,0.1751903800026232
2072,41.66368484086206,41.50152011964411,39.891477467386665,39.64609215847622,12.768790967785431,40.91601682255968,43.41558864088829,0.17519038000262285
2073,41.666233287793304,41.55899258321978,39.859912495996554,39.55439983420579,18.721547036399514,41.138961163709666,43.41813708781953,0.17519038000262296
2074,41.69197270873171,41.53606645772325,40.03649698728398,39.50056626068842,24.933277495324006,41.046252972606624,43.44387650875794,0.1751903800026229
2075,41.67648205165782,41.504638360595365,40.162455182935155,40.20359532123657,21.214248058437786,41.043933411987325,43.42838585168405,0.17519038000262285
2076,41.688471945418044,41.560159570973404,40.25315730020078,40.013526267384286,19.933674828524413,41.156267535910345,43.44037574544427,0.17519038000262283
2077,41.65069492046849,41.502053865024116,39.98382269950994,39.72881104179459,23.21346813862349,40.96760346148615,43.402598720494716,0.1751903800026229
2078,41.654219541129216,41.56667830775757,40.09170361350575,39.98965564204053,20.95674641924583,41.237319343865686,43.40612334115545,0.1751903800026232
2079,41.67179630139391,41.538727639720044,40.01393594069682,39.35617795669826,26.969631683206117,40.95491581640573,43.41857148758023,0.1746775186186317
2080,41.654011749101436,41.561497699029886,39.93505376815659,39.11574914940862,13.73019047783886,41.262124906819224,43.38192670153829,0.17279149524368578
2081,41.697459691337784,41.55153087305314,40.152559994634565,39.66920109225812,23.388815859538493,41.05617341082261,43.42537464377464,0.17279149524368573
2082,41.70635677290038,41.56069100714358,40.10614524396997,39.562857902441294,30.75893677427014,40.93397367897772,43.43427172533723,0.1727914952436857
2083,41.69431152459395,41.57265018652495,40.035527396812604,39.15945955786607,29.224649181341974,41.049536590333076,43.43126468578653,0.17369531611925837
2084,41.700446756488496,41.53858022988423,40.015274858286105,39.62762319978083,19.280163757645084,41.05987117788068,43.43739991768108,0.1736953161192584
2085,41.67383284633229,41.54539259527662,40.40733758791736,40.043977443180275,28.96653041422963,41.10885341055052,43.41525284344638,0.1741419997114092
2086,41.680623017975265,41.520118106302924,39.88134590651443,39.52978126381164,12.745349558491512,40.829921763275976,43.42204301508936,0.17414199971140923
2087,41.68378711268602,41.59099936562199,40.11325714330206,39.55519028992154,29.171825680615022,41.09385390823125,43.42520710980011,0.17414199971140926
2088,41.70477281715505,41.538482718360264,39.85840980647782,39.571972412388774,3.733550109501479,40.96841883360698,43.44025317325123,0.1735480356096173
2089,41.68292042994139,41.53684649696759,39.90323251841526,39.23184366054919,28.930241875622578,40.94951727455603,43.41840078603756,0.1735480356096172
2090,41.6895525361257,41.52527232292037,39.4082949957062,38.96994047151832,-11.780735338828762,40.82815342590628,43.42503289222188,0.1735480356096172
2091,41.6803221184502,41.55859574957895,40.21400050464662,39.823209658010406,30.810970651852337,41.05265697330631,43.415802474546375,0.17354803560961746
2092,41.67037820750927,41.51706790752207,39.55022257572324,38.89907868809747,24.210158043359456,40.87372256750764,43.40585856360545,0.17354803560961723
2093,41.71989645126822,41.58372723580639,40.04984808649943,39.74230540242961,21.549925010525882,41.21491428435116,43.42812343436966,0.17082269831014388
2094,41.71013780033704,41.5865687125991,39.79258611982402,39.388517412488085,-11.17648465483633,41.01104011486967,43.41836478343848,0.17082269831014388
2095,41.69792209013071,41.522812477466246,39.71754435421076,39.09427038902088,21.592416189519504,40.76570300218677,43.40614907323215,0.17082269831014407
2096,41.70749066063401,41.5979718907761,40.23415990367389,39.49002874939508,26.036604111570178,41.14150735600599,43.41571764373545,0.17082269831014396
2097,41.729165797294336,41.563874060806064,39.60288710881633,38.36489400102023,24.785488730481013,41.01592922836177,43.43739278039577,0.1708226983101436
2098,41.70098907191149,41.61283686687493,40.02883855903314,39.81468072883841,20.920729863744068,41.20673517369389,43.40921605501293,0.17082269831014366
2099,41.69547502980717,41.609303601933334,40.31021118510732,39.81471847045965,28.28481540535318,41.044298704743355,43.39084885776673,0.16953738279595582
2100,41.72353550817278,41.59311899139235,40.24129308765037,40.12449004791006,8.526149669788374,41.08226162716157,43.418909336132344,0.16953738279595615
2101,41.74105886149848,41.49824346618028,39.95225555077511,39.40582602435796,28.683541277966498,40.87675846761636,43.43729523805464,0.16962363765561544
2102,41.697336710123736,41.401460740592725,39.48889881194851,39.04525789965294,25.051825390600975,40.583657136299784,43.39357308667989,0.16962363765561564
2103,41.73504136538528,41.56870694380276,40.07692646053028,39.43981437964714,24.141803197168546,40.985273760012234,43.431277741941436,0.16962363765561553
2104,41.71311974677626,41.508962994314174,39.607674143882086,39.386939811284776,-9.104143018747088,40.83910530942954,43.409356123332415,0.16962363765561553
2105,41.728232082983354,41.591397225301016,40.109459618488415,39.635625054599465,31.222671593286687,40.91864932862167,43.42760081633915,0.16993687333557983
2106,41.711476856688215,41.62517470281174,40.39874712507221,40.120882772027116,31.79082766437574,41.207481422514746,43.40009161112428,0.16886147544360672
2107,41.726555593449994,41.58098466285007,39.9134746777033,39.83159847350025,14.462818410609465,41.16828150915316,43.41943614307408,0.16928805496240829
2108,41.75198521225434,41.57976589160811,40.04713784787015,39.69998714802304,22.123200535409126,41.03458364283791,43.444865761878425,0.16928805496240826
2109,41.7199865699678,41.557170689261355,40.273446328340604,39.72914514854982,31.627268310775815,41.06305069715363,43.41286711959189,0.16928805496240842
2110,41.726618979829496,41.585562882024334,39.974198236998966,39.812744354595694,12.735614500710007,41.049582461108685,43.41949952945358,0.16928805496240842
2111,41.71083835018241,41.63318517382832,40.16137650090945,39.51642395968797,30.96355863804309,40.90641560756995,43.40371889980649,0.16928805496240837
2112,41.71753952210441,41.63678464431703,40.17251287693684,40.19329799700041,26.85040389581182,41.267683299134234,43.410420071728495,0.16928805496240834
2113,41.72633473177461,41.45860809907617,40.00774001071484,39.71645415140622,29.123951659377177,40.861047022699125,43.41921528139869,0.16928805496240837
2114,41.72748551915785,41.64709645783548,40.26917812607188,39.822470233633176,28.06784651206986,41.120174927042456,43.42245367052478,0.16949681513669318
2115,41.749408429263454,41.58253355126604,39.93768200876438,38.89407023857606,28.21394359162681,41.03024518317687,43.44437658063038,0.16949681513669318
2116,41.73076840882709,41.62193969992123,40.0838967467745,39.61540303727466,21.511713714868726,41.16522570703529,43.42573656019402,0.1694968151366932
2117,41.712159496178344,41.55988158337588,39.763168188134394,39.67257671829547,0.12185088859378368,40.9396530150954,43.40712764754528,0.16949681513669326
2118,41.752792776022694,41.60400855441342,40.099709621236876,39.88509700131821,25.164478882583957,41.19426688377241,43.44776092738962,0.16949681513669324
2119,41.727795030713736,41.460145822309784,39.82781210796859,39.31446828069585,29.62809605210159,40.88585365705632,43.42276318208067,0.16949681513669332
2120,41.70609357496366,41.52116397071981,40.118178403512815,39.790834010812766,22.406386365973013,41.11169144683315,43.40708732219134,0.17009937472276765
2121,41.72541988104531,41.570431533430025,39.609197011213425,38.72644671169569,21.67932708917301,40.9268086786936,43.42641362827299,0.1700993747227677
2122,41.73715501572413,41.541297936016655,40.03604357215104,40.091127802040184,21.90970742675414,40.894472001606786,43.438148762951805,0.1700993747227676
2123,41.72790909729251,41.59865805116067,40.3800229146826,40.04516167686817,30.66537014856327,40.98638327569331,43.42890284452019,0.1700993747227677
2124,41.73722270374798,41.557078870050276,40.17906909234844,40.193805934034636,22.03787810479361,41.13564842270192,43.43821645097566,0.1700993747227675
2125,41.730815742101015,41.6374198444158,40.296528821189725,39.63698304530223,32.87350093679455,40.9364631858519,43.43180948932869,0.1700993747227677
2126,41.71713387181088,41.51073058791892,40.197900424320935,39.95182272099204,30.93954960255831,40.988661226482364,43.4025732277489,0.16854393559380204
2127,41.702803492581964,41.48211007297216,39.91997661329822,39.30889109135255,14.453462185587977,40.92797544750919,43.38691850698479,0.16841150144028244
2128,41.725245299438996,41.56409811039592,39.99066757935939,39.24756729482951,21.544502693221105,41.06339399475816,43.40936031384182,0.16841150144028258
2129,41.694283579059956,41.51574528789758,40.04010521276311,39.34045399405964,30.432788001245868,41.01710672805952,43.378398593462784,0.16841150144028258
2130,41.700020506821986,41.60107393318147,40.25896552635649,39.79217456952907,29.158207656705954,41.248096884596194,43.38413552122481,0.16841150144028263
2131,41.71577782821345,41.59511363066061,40.200027736599885,39.38052758398325,29.912363409512892,41.158264008953935,43.399892842616275,0.16841150144028255
2132,41.72159422138076,41.57576018614413,39.87805890832221,39.57332933650428,23.10754259985959,41.01279999604658,43.40570923578359,0.16841150144028272
2133,41.698955108404704,41.597289980672905,39.90770350596381,39.4531145454582,22.01707291862376,41.12547699672717,43.380940880897946,0.1681985772493239
2134,41.74592406332299,41.60015219569778,40.12657815298541,39.69233795483623,26.15258438621119,41.133647806255226,43.42790983581623,0.16819857724932383
2135,41.71444113214153,41.580876128514355,40.080700019191134,39.6024675014172,28.44361466989735,41.021639540459425,43.39642690463477,0.16819857724932388
2136,41.71154297132084,41.610228353478696,39.6821967617865,39.57344268455796,-1.0738584024819176,41.063950154584,43.39352874381408,0.16819857724932386
2137,41.693061969162905,41.617689782806785,40.25689717097825,40.21593310594517,22.58479442320276,41.0261192074429,43.37504774165614,0.16819857724932363
2138,41.714907257219465,41.44677539344077,39.074420505936544,38.619807821478695,-1.237715906761224,40.66812562708506,43.3968930297127,0.1681985772493237
2139,41.72664789276333,41.56038518557838,39.30580139242167,38.54400469072836,-1.6571455130307058,40.93931077692593,43.40927897562113,0.1682631082857797
2140,41.70139749220464,41.55117020819743,40.012375186227004,39.37136031958503,31.160925589856973,40.7578611639507,43.38402857506244,0.16826310828577964
2141,41.697876497494455,41.611717831698094,39.86118186568623,38.563805269325826,30.254503683462804,40.960652383220285,43.39336073549413,0.16954842379996732
2142,41.70487744603764,41.566500403473256,39.980621855530806,40.177885281408386,-1.8575552452524136,41.16173054510682,43.41979827717815,0.17149208311405126
2143,41.683444581291084,41.50418577675068,39.70185732012491,39.52594248152568,7.282763606791178,40.899456114458005,43.398365412431595,0.17149208311405129
2144,41.67285175975244,41.547977169303145,40.01773869565446,39.736574578272624,23.711698540878373,41.07171123793732,43.39796133518068,0.1725109575428241
2145,41.68318077896571,41.57239789348297,40.38689426663535,40.05375747689037,30.135845351444242,41.191607836353995,43.42658079903902,0.1743400020073312
2146,41.666622211383476,41.44107844317886,40.060362776000154,39.66926437196934,32.12879294737151,40.75378758641803,43.4075675225411,0.17409453111576267
2147,41.68541631191446,41.40710878209053,39.26260260810034,38.901739659326275,-10.444024096655461,40.60865058626548,43.42636162307209,0.17409453111576279
2148,41.65711860848106,41.51857388276468,40.1234996347241,39.93700328778738,21.685846296452695,41.136568985341995,43.398063919638695,0.17409453111576279
2149,41.644669876063475,41.499748489012084,39.73783117468514,38.60243206917594,20.029263454888614,40.737403382132,43.385615187221106,0.17409453111576279
2150,41.65768686028945,41.50414315935297,39.89917901961731,39.56939393182677,13.777615355329512,40.90336346182579,43.39863217144708,0.1740945311157628
2151,41.657526578910854,41.523145687001616,40.1476365250115,39.76612595017261,26.977470605281002,41.014875568992366,43.39847189006848,0.17409453111576262
2152,41.72355573409463,41.51381322919369,40.19231410360801,39.83403223371968,29.523722035040635,41.10471941208831,43.50713922360646,0.17835834895118258
2153,41.7200978228658,41.54715878883321,39.58000490130003,39.35398842267078,-0.3052781302440053,40.81112360389734,43.50368131237763,0.17835834895118252
2154,41.70529505294265,41.582790121631504,40.003081066129724,39.48124185769596,21.55271502375092,40.993402345750546,43.48887854245448,0.17835834895118258
2155,41.70519872026113,41.60140006879097,40.08730198869656,39.521150174966635,30.60855547187614,41.08250047197236,43.48878220977296,0.17835834895118255
2156,41.696316214041644,41.56143109421003,40.07508385731513,39.760348310486414,30.28075061956111,40.90587512748261,43.4796045826308,0.1783288368589158
2157,41.72709337363584,41.5700679508691,40.10408606593901,39.533270097333805,24.644954449802025,41.121654770660854,43.510381742225,0.17832883685891598
2158,41.757819565500135,41.604245340009115,40.3848100351469,39.76369166834918,33.321934749464745,40.948796914267405,43.51030470830193,0.17524851428017973
2159,41.74427868887479,41.62065255129096,40.377464668327235,39.37350700903363,29.76821385541719,41.194806386213386,43.49805593786737,0.175377724899258
2160,41.73738864389677,41.60690350022443,40.26651783297461,39.79414397624533,30.913635330328773,40.98864357171454,43.49116589288935,0.17537772489925765
2161,41.72821790448341,41.563013427910896,39.76014768050711,39.44183269095763,-11.161643341571505,41.150942558524534,43.481995153475985,0.17537772489925782
2162,41.731375060511795,41.587326470791425,40.013953664605054,39.19207492055442,26.90992687753876,40.88603368871314,43.48515230950437,0.17537772489925788
2163,41.73437944707348,41.478746541072596,39.859583877969364,39.57847714919977,22.280748366080832,40.79290038906042,43.488156696066056,0.17537772489925788
2164,41.71982746792711,41.589670355778416,39.82985236291064,39.541463169567244,23.857306751531574,40.92341506857669,43.47885495904099,0.1759027491113878
2165,41.74265133010376,41.58810726618963,40.27935583752475,40.07539415725759,20.781365298246506,41.208797121577014,43.50784477123626,0.17651934411324935
2166,41.729426075217965,41.58006035855898,39.94834583243555,39.41285019385915,25.546633018419328,41.03142094944603,43.494619516350454,0.17651934411324918
2167,41.71725273240245,41.62122480914844,40.15482338446402,39.72188677046582,21.366671732586695,41.225733248619306,43.482446173534946,0.17651934411324927
2168,41.73554732044233,41.58216580647432,39.78841814502603,39.35324741619374,26.824788704890974,40.80330225443131,43.500740761574825,0.1765193441132493
2169,41.726679377962604,41.58611671280094,40.406396203478394,40.03240059922676,31.031693718697007,40.99712881609848,43.49187281909509,0.1765193441132492
2170,41.71976693234067,41.576367948976845,40.27769715041001,39.544152213256744,30.310408090792965,40.94132412489283,43.48551798844717,0.17657510561065018
2171,41.72236374548769,41.42153076170076,40.10415403143278,39.390275632426956,33.034518052138736,40.92726524121636,43.48811480159419,0.1765751056106503
2172,41.71980929354711,41.6039281016171,39.89081059760246,39.750280368169975,7.092407532500857,41.23144747380511,43.48556034965361,0.1765751056106502
2173,41.74329508145903,41.609669822449504,40.13978371159063,40.09272266908952,26.957481140283335,41.05067673386985,43.46973620231686,0.17264411208578304
2174,41.73706613507286,41.66541245544537,40.20589416278247,39.42085973465226,31.35179025070593,40.99212758769756,43.463507255930686,0.17264411208578306
2175,41.78401023645179,41.63808138326257,40.31054869728298,39.82926497598071,30.55727938400251,41.25670448932041,43.51045135730962,0.17264411208578295
2176,41.77114974430754,41.56369072579405,40.26797512357069,39.74488377033497,33.07531017478592,40.91274719101803,43.49759086516538,0.1726441120857833
2177,41.77139231466873,41.609938319200815,40.069814170275365,39.40594276204148,25.119400180817763,40.86854688367938,43.49783343552656,0.172644112085783
2178,41.75266214689642,41.582174125449775,40.26426307359286,39.49829118129162,31.22511568322662,40.999718357695556,43.479103267754255,0.17264411208578323
2179,41.76480337475707,41.60041612032144,40.38312331513384,39.823569477484995,31.6116605551915,41.05596132180495,43.4912444956149,0.17264411208578312
2180,41.75240512274027,41.52225937757373,39.72715988551208,39.16224380893541,23.624867470878172,40.679397977538414,43.4788462435981,0.172644112085783
2181,41.78005346259001,41.646798482798125,40.0366471352687,40.02925661276341,26.004585740064663,41.297437691576356,43.506769859632634,0.17267163970426214
2182,41.75847537000779,41.66731137494311,40.389975284683565,40.23409591790974,25.85064027572156,41.26689568604601,43.48519176705041,0.17267163970426214
2183,41.761685497666676,41.62412570876754,40.10101523961872,39.33045782260629,24.484686525904895,40.859136419509994,43.4884018947093,0.1726716397042622
2184,41.77680118851356,41.64979726993487,40.27280987446682,39.71205012776953,17.02405252631187,41.15085397824892,43.50351758555618,0.1726716397042621
2185,41.760588099845194,41.6549295574715,40.34422916689702,40.07658527702388,28.441685249178146,41.1703408575998,43.49749324117555,0.17369051413303518
2186,41.77952338493336,41.63535219014776,39.86504657075227,39.425845980764095,23.98367043073478,40.991448883185015,43.51642852626371,0.173690514133035
2187,41.78947566331579,41.55485370618074,39.95713033597111,39.06497694910477,26.74462403220787,40.77086388608798,43.51352764950426,0.17240519861884718
2188,41.770911614390776,41.67458827675102,40.327163026488996,39.80000612002795,30.984085599615426,41.2766537286318,43.49496360057925,0.1724051986188473
2189,41.7684351995679,41.62584045103069,40.19097281529888,39.6174151701117,13.22817706137306,41.17412868831482,43.50047526938257,0.17320400698146707
2190,41.74388370373603,41.6320534124411,40.304413513825125,39.71608400681874,25.95276173997312,41.16471283773426,43.475923773550704,0.17320400698146718
2191,41.75059559819698,41.576311682618694,39.765776953530484,38.901643967368926,17.061148202987276,40.80237003897784,43.48263566801165,0.17320400698146712
2192,41.751397204127386,41.61540832990731,40.18838305451317,39.78820152623824,25.88557761185326,40.950660056433065,43.478970438020546,0.17275732338931613
2193,41.77575557313405,41.6381048690943,39.82883016850162,39.47992580255247,17.032050284181146,41.09988276332448,43.48200616903626,0.1706250595902215
2194,41.77868887341662,41.666105594901154,40.295848402016794,39.92825388374658,31.42517519790706,41.22169145177625,43.48493946931883,0.17062505959022142
2195,41.778882120535584,41.65982217828438,39.73309119116802,39.44456346919887,16.415282062649396,41.04778011152847,43.485132716437796,0.17062505959022137
2196,41.794632119367236,41.640535165301536,40.133463573137924,39.4535347111674,29.67698414016983,40.98991809187446,43.50088271526945,0.17062505959022137
2197,41.775359523402955,41.64119783958623,40.024965193097046,39.42630690095072,27.135483441077888,41.09300979697915,43.48161011930517,0.1706250595902215
2198,41.77250412499521,41.692001983508206,40.28343052883238,40.30130920684696,27.10149186390457,41.21998606176266,43.47875472089742,0.17062505959022134
2199,41.77819530761182,41.628324033741386,40.15397725005571,39.54466290024787,30.687091247617463,41.02804948519134,43.516068680115715,0.17378733725038986
2200,41.738356564421984,41.60171766600514,40.09068192129835,40.052079614612666,24.45856297879252,41.1221827882674,43.47622993692588,0.17378733725038967
2201,41.75979616003754,41.588129288698006,40.316429082018125,39.516286612185205,31.923109827442183,41.269731327632,43.49766953254144,0.17378733725038992
2202,41.78154949680539,41.53850912891369,39.873024788816295,39.451486883177964,23.271852285472825,41.15816249090331,43.51942286930929,0.17378733725038964
2203,41.759594421570554,41.57230459119787,40.11308664752963,39.781480311258385,24.50210120644691,40.97001143555738,43.49746779407445,0.1737873372503896
2204,41.75187217121766,41.62910794638534,40.21386808841671,39.25844971859887,33.522354220674686,41.02395772721481,43.49765126859453,0.17457790973768647
2205,41.75984270156458,41.655400668942725,40.205437363467496,39.69286983409813,25.908058409397885,41.2719228087566,43.506970761824036,0.17471280602594574
2206,41.734365675427156,41.65546139764358,40.231146506742974,39.977971117129286,25.99154667524305,41.1541598850279,43.472188681533424,0.17378230061062663
2207,41.76228785927705,41.536357149414755,39.89311155847965,39.49166184437334,21.518765975358633,40.778381779725095,43.50011086538332,0.17378230061062647
2208,41.71267831971457,41.60190003143934,40.30088040774368,39.736171320669314,29.362027316088003,41.03736866106914,43.45050132582083,0.17378230061062636
2209,41.70921665724591,41.527578805936834,39.90196085438199,39.30942027278473,16.326940801776956,40.897870455800984,43.44703966335217,0.17378230061062633
2210,41.73090334760716,41.57818580596674,39.71271953304857,38.53832978730326,13.215132743401618,40.92609533862364,43.46872635371343,0.17378230061062652
2211,41.72481836082042,41.528905815769754,39.932595107549766,39.229493285698766,23.960402931644243,40.77099081017219,43.46264136692669,0.17378230061062663
2212,41.74371435992829,41.49755822538198,39.988458726232416,39.3851344636418,28.889078525590723,40.87830206639364,43.48153736603455,0.17378230061062644
2213,41.73120825666553,41.54508848608811,40.06901322361196,39.34228423795083,25.944154433735356,41.0801574675513,43.4690312627718,0.1737823006106266
2214,41.736042625305885,41.45678187110681,40.186343335525024,39.65028429789783,31.231733130878148,40.83898918359009,43.46587754778595,0.17298349224800655
2215,41.74739285764351,41.616496672362956,39.94897786954915,39.12566034812149,30.219028129532106,41.00478352741702,43.47803625641664,0.1730643398773128
2216,41.728883418633856,41.559112765956094,39.918601521910325,39.078012659416956,24.31160577409904,40.886150181031624,43.45952681740698,0.17306433987731282
2217,41.735229684881446,41.61630501366318,40.134266031020985,39.58022922324797,27.20851995874483,41.01952703769839,43.46587308365457,0.17306433987731273
2218,41.72302798118527,41.605424066141985,40.2133491499889,40.02167869276744,23.216771544472703,41.190766102051604,43.4536713799584,0.173064339877313
2219,41.75103632001708,41.62147997375556,40.434925480479905,40.11264795550615,25.292756059673902,41.255105236164965,43.481679718790204,0.17306433987731284
2220,41.72623067979861,41.62282588414492,40.25816222741984,39.668486083119674,26.19778285981755,41.14061622881077,43.455643809800925,0.17294131300023144
2221,41.729865353074,41.61796145683839,40.10951846704277,39.8257463460901,26.54532196360531,41.193830549294276,43.45927848307631,0.1729413130002316
2222,41.7235802259062,41.6332492011896,40.56559097296407,39.99798881865521,34.83846889331167,41.22187474978561,43.45299335590851,0.1729413130002316
2223,41.73269963481142,41.64899694343211,40.41350432154728,39.96772400518954,31.370086054447317,41.28005918016078,43.46211276481373,0.1729413130002316
2224,41.75485228583848,41.58238882383946,39.38318624353214,39.29166504067344,8.068547143595076,40.854998938034534,43.484265415840795,0.17294131300023155
2225,41.723486287848885,41.5794234335187,40.07151640661848,39.51646328021576,29.105774961668555,40.85417436767915,43.4528994178512,0.17294131300023163
2226,41.7419314934024,41.590118769272316,40.21436897248035,39.421865497211414,33.21301069447133,40.96425622734347,43.47134462340471,0.1729413130002317
2227,41.757683724898726,41.635404374174826,40.30155691206431,39.82310629587995,23.56946689802971,41.190427112552285,43.48709685490104,0.17294131300023155
2228,41.75789926028382,41.65117155160276,40.38096912679801,39.585283415198006,30.84499418587845,41.29891036004079,43.487312390286135,0.17294131300023172
2229,41.729777941061045,41.587654029279854,40.257221063504836,39.726275361033835,25.47150473003618,41.21485217359875,43.45919107106336,0.17294131300023158
2230,41.73894359697115,41.60712388125721,40.09073429467307,39.94783039827566,24.143401527943677,41.08072716381019,43.46539816164066,0.17264545646695087
2231,41.73859137390419,41.61739434813477,40.37613655655916,39.80289851375843,32.16638859818475,41.13411210455864,43.4650459385737,0.17264545646695104
2232,41.74851231648045,41.65355731686286,40.15637020874561,39.60828527510617,27.420926156925876,41.14998248403354,43.47496688114996,0.17264545646695098
2233,41.733075549505315,41.63561431317579,40.69283357101838,40.60354343430044,28.762204784523,41.18176071180885,43.459530114174825,0.17264545646695087
2234,41.73560952673994,41.57980798647719,40.05180195558066,39.61011695980872,23.134587910583363,40.916977558751285,43.46206409140945,0.17264545646695106
2235,41.73255079482487,41.61453414204926,40.49669755103022,40.18457729619804,32.740821639867306,41.14828005810479,43.45900535949438,0.17264545646695084
2236,41.76056809833293,41.53066735356274,40.110068127691534,39.72744058070788,27.023371343946184,40.906565569512736,43.48702266300244,0.1726454564669508
2237,41.72298450844481,41.598573793846896,40.20567346283952,39.469938544332656,31.06579877156092,41.08026713390504,43.44958698395314,0.17266024755083278
2238,41.71705032291203,41.58367759906851,39.96666488441882,39.079610864051034,29.185666171482673,40.81443159482866,43.44365279842035,0.17266024755083248
2239,41.74372133174247,41.6176363538019,40.03506707108282,39.59609107811789,26.005753197245753,40.98328346217198,43.38296464050813,0.16392433087656597
2240,41.72533665313638,41.598320144172774,40.127775720213464,39.48811968951357,28.639605616275087,40.99474936272277,43.36457996190204,0.16392433087656597
2241,41.734349780213925,41.6434297400306,40.02055438235493,40.220424708878866,-12.62054872210166,41.075385186218455,43.37359308897959,0.1639243308765661
2242,41.70961122809155,41.53224531055314,39.94627294470214,39.51265577459614,29.94401895487141,40.855449859925585,43.34188870598647,0.16322774778949178
2243,41.72472957295432,41.62571805403025,40.14154411571298,39.53034346493393,30.73222240692321,40.84091119329459,43.36772224390161,0.1642992670947294
2244,41.71168218087835,41.60096958882802,40.2386229027761,39.87806491835782,31.050250562948698,41.25430126950929,43.35467485182564,0.16429926709472945
2245,41.693279269247824,41.55660392874905,40.14705357609455,39.66050891562969,28.246449271322966,40.97491246751403,43.33627194019512,0.16429926709472928
2246,41.7217144018814,41.5964075765115,39.841650193995065,39.078089523989135,22.045608702473945,40.96276820714366,43.33308429622701,0.16113698943456087
2247,41.75865389553255,41.65313010652595,40.05267106595594,39.22422467865712,29.642515869041862,41.20688721484835,43.37002378987816,0.16113698943456106
2248,41.752722209543585,41.57181907854344,40.114494018784285,39.59588393064793,30.251401434788136,40.886917635251145,43.36409210388919,0.1611369894345609
2249,41.74647336937563,41.61999778678601,39.96311796158147,39.58655123506681,21.578433379319947,40.90047967646346,43.357843263721236,0.16113698943456095
2250,41.75739055696381,41.66187615299588,40.22740579170876,39.739777852086824,23.95868888981795,41.17145648052629,43.370309267928334,0.16129187109645224
2251,41.72978581260478,41.628653988050246,39.902792881536875,39.84305572574659,-1.706980316302129,41.24310565723778,43.3427045235693,0.1612918710964521
2252,41.75723699108096,41.654560090055256,40.13946856670984,39.87453167574813,27.632507785123693,41.332464361765346,43.37015570204548,0.16129187109645227
2253,41.738867878156356,41.65476107787866,40.04989568954171,39.4257536580044,23.785364320056416,41.129622020514645,43.351873394709436,0.16130055165530835
2254,41.75385664815533,41.61318565847807,40.23888816317496,39.840370995262774,26.23077625640127,41.10381583063247,43.36686216470841,0.16130055165530818
2255,41.737978094061674,41.57461399325654,40.3063909058337,40.03263400064181,28.269837191816375,41.19442874616907,43.379444892971705,0.16414667989100315
2256,41.72325485453565,41.54756173775351,40.06517585331488,39.44886266907365,30.395532655785274,40.99746145240337,43.36472165344568,0.1641466798910032
2257,41.738166456652316,41.595535330622944,40.10673326123026,39.47537809554645,21.63388933195818,40.865940019937085,43.37998806895158,0.1641821612299266
2258,41.71613819213278,41.605441861889034,40.35087849423968,39.84250800935216,31.780175848271067,40.94300743471973,43.35795980443205,0.1641821612299266
2259,41.694469831566146,41.47480599675041,40.047485052145674,39.67306535621777,24.585356113323385,40.88723507017844,43.33629144386541,0.1641821612299266
2260,41.71611271044598,41.497137334997895,40.024117024474705,39.480795842754375,26.164062320218626,40.83016507335686,43.333070980985376,0.16169582705393995
2261,41.75285187232802,41.653757424571396,40.21679234553066,39.13385228089974,31.518726158623306,41.259468226131006,43.37012637063344,0.16172744983054171
2262,41.76561958405499,41.59211378374416,39.81637987464361,39.678060482084916,26.711902513221915,40.99510965122424,43.3828940823604,0.16172744983054163
2263,41.77077722709233,41.61844467172799,40.206589551421715,39.70769357464431,32.266086985778905,41.121033294893074,43.378121796074424,0.16073445689820925
2264,41.77708219081041,41.52320976638774,39.93445181413824,38.96876488552681,28.957347474183408,40.90017931028743,43.384426759792504,0.1607344568982093
2265,41.764521920064155,41.5551524426855,39.94973354568029,39.65453425515859,-1.979836775066964,40.93598495431,43.37186648904625,0.16073445689820925
2266,41.76870901437919,41.63618182965779,40.18061696577905,39.565788611840674,31.26128560096615,40.6873883470498,43.37518261977133,0.16064736053921364
2267,41.78904724270994,41.631086286843136,39.86426549304822,39.53926253741189,23.902429866294522,41.04143601195023,43.362452631729646,0.15734053890197075
2268,41.807717469605926,41.694289202198036,40.15267030768107,39.96699851621027,24.027293232650894,41.13040939392391,43.38112285862563,0.1573405389019705
2269,41.8050632134938,41.657167359784275,40.1586055040293,39.72300667596584,22.497048656049795,41.010771541422045,43.384494198374256,0.15794309848804505
2270,41.786597520932126,41.60710560357418,40.307446753052396,40.23560378399354,19.12934624953822,41.145383720930646,43.36602850581258,0.15794309848804514
2271,41.82097224633148,41.59532155615811,40.252305374929556,40.16234449902385,21.310138594226938,41.21737801784441,43.400403231211925,0.15794309848804494
2272,41.7862651098965,41.58730420587879,39.89178163102311,39.39148030663337,29.158105752057565,40.87299222670637,43.36569609477695,0.15794309848804503
2273,41.801754202225844,41.59866014833496,40.15276795207952,39.5116808861143,30.111525709079654,41.04743627981841,43.3811851871063,0.1579430984880451
2274,41.79596449629091,41.50832915265019,40.04824475615675,39.86810837113205,14.464209024846959,40.9484496522706,43.37539548117135,0.15794309848804491
2275,41.8090998225434,41.67282911670965,39.96641929627631,39.36233313292678,25.876008587470444,40.95306566875895,43.378342063136124,0.15692422405927212
2276,41.806216411531764,41.62035482148323,39.89678857862554,39.56910533598246,21.695161800835695,41.10009918561233,43.375458652124486,0.15692422405927198
2277,41.82343217106629,41.68402719312208,40.41009670536438,40.11962676104205,26.128129650351937,41.38982151314309,43.393950027064506,0.15705178559982205
2278,41.79840358259579,41.62511616063859,40.43084771940153,40.39965488071557,30.700164462728292,41.32849212152158,43.36892143859401,0.15705178559982194
2279,41.80790470834655,41.62839517529737,40.16467247038694,39.510804444021005,30.322134105855095,40.99385738932985,43.37842256434477,0.1570517855998219
2280,41.79867754432625,41.66739173203371,40.26898175504442,40.121258074450125,26.56216942854489,41.24403818251758,43.36919540032447,0.15705178559982194
2281,41.81092323712867,41.54491844240198,40.133998213699215,39.951285820202024,17.061449755282485,41.06195939284771,43.38144109312689,0.15705178559982205
2282,41.8041934626655,41.66322572057443,40.17768966281932,39.82971806952301,24.386424495237062,41.07167413373474,43.36868572280298,0.1564492260137476
2283,41.81696865319302,41.72076971597949,40.16145435403653,39.62666429703417,23.94556011500372,41.26467578215694,43.3814609133305,0.15644922601374775
2284,41.81059994679784,41.6727104266741,40.048134769425374,39.8057600733514,11.141423951263768,41.02251727386296,43.37509220693532,0.1564492260137477
2285,41.81395234630894,41.737656985688034,40.43607973398768,39.96636206645324,21.646694395367458,41.36696270961143,43.378444606446415,0.15644922601374778
2286,41.85011351121809,41.6632258419111,39.967078318063784,39.22067197008966,32.2451464805913,40.9355607232192,43.40898643088852,0.15588729196704296
2287,41.83448433146446,41.700416043128634,40.41562512900475,39.903448366081236,28.88072551446813,41.24996572966195,43.39335725113489,0.15588729196704298
2288,41.81620030011954,41.6502577111823,39.78334439596323,39.12329934359108,16.477847553222773,41.06274735089904,43.37507321978997,0.155887291967043
2289,41.85086446249341,41.69119755673047,40.44932358330391,40.05855429553978,30.543974897061116,41.279875649456194,43.40973738216384,0.15588729196704282
2290,41.808886314657805,41.71808763761612,40.270689318166,39.864390945559514,21.93219546717525,41.17317469046402,43.36288838938234,0.1554002074724536
2291,41.813253376251424,41.637574795771904,40.450099176894454,39.613106642104974,35.63102321051412,40.98541398460132,43.37838934467918,0.15651359684277544
2292,41.83155752341632,41.725841539933135,40.17853907214934,39.80118281610657,23.261995393787753,41.30796465532549,43.396693491844076,0.1565135968427755
2293,41.801142610745956,41.64482858258554,40.10089685957869,39.586386464966715,27.107644734098315,41.27545333209228,43.365680347209924,0.15645377364639695
2294,41.82896380712426,41.648606083703214,40.37598715886086,39.84421691547014,27.07215010849297,41.19580152755414,43.39350154358823,0.15645377364639687
2295,41.81719546620519,41.699893536710384,40.087689035335536,39.95986334571146,-15.172312892379523,41.13051425843504,43.38173320266916,0.15645377364639687
2296,41.80099161235302,41.63038104665961,40.24487215729842,39.392592167095046,26.193484246372204,40.87065951352504,43.36584557658301,0.15648539642299863
2297,41.81343700484584,41.588457511695125,40.267669961077985,39.538054451864134,31.927881738417955,40.92518623739601,43.37829096907582,0.15648539642299844
2298,41.81987806799161,41.73806406543824,40.17217386747375,39.6205054108174,25.36705801974463,41.25270630942288,43.38473203222159,0.15648539642299855
2299,41.80415291050011,41.60112241476881,40.29332817968538,39.72712493639901,30.96736965688539,41.02819210885616,43.36900687473009,0.15648539642299852
2300,41.819729731432695,41.64529114175934,40.13641484466713,39.3166141916074,33.341280730743,41.10989996545185,43.38458369566268,0.15648539642299852
2301,41.81058761757856,41.64338180626215,39.702884898199486,39.38930384568765,21.13010800720029,40.96786557243023,43.37544158180855,0.15648539642299858
2302,41.813545446861156,41.657681312342014,40.47190337318914,40.14627409997689,30.261726918246932,41.23251435196116,43.378399411091145,0.15648539642299863
2303,41.82292209796417,41.66523136212585,40.20845023629617,39.69777229498751,22.583192164951264,41.20781038867662,43.38777606219415,0.15648539642299847
2304,41.80397103773853,41.69752907852842,40.23494942290459,39.67713761846676,25.957370384681447,41.064803965168664,43.36591829569186,0.1561947257953336
2305,41.80683188693643,41.661355794629586,39.607617877085154,39.661815331897024,22.13345430219141,40.98970384817085,43.36846291712375,0.1561631030187319
2306,41.80471762184282,41.61141142077739,39.75824910487967,39.72671983961437,22.76366063338582,40.97464396282679,43.36634865203014,0.1561631030187318
2307,41.81633319651547,41.6687949102644,40.22887680048201,39.95687991713724,30.256589114944116,41.17001297534598,43.377964226702794,0.1561631030187318
2308,41.807272845268905,41.67310920377531,40.40925105536709,40.23342570772943,22.120453743981024,41.24046864482859,43.368903875456226,0.15616310301873196
2309,41.822926607511974,41.71039233486194,40.326926731061405,39.69865821233713,21.827418548395315,41.22668428585106,43.38455763769929,0.15616310301873176
2310,41.83219006627831,41.72637928393176,39.95311949232424,39.91948347264191,17.080571690409904,41.36215496461632,43.39382109646563,0.1561631030187319
2311,41.80739984346902,41.56285590739674,40.20135087926442,39.55089766912042,28.69404090763266,41.028778596931616,43.39044140769551,0.1583041564226489
2312,41.8262584110997,41.67468263884455,39.83648468629073,39.690167041749106,16.46293473233461,41.25037899086172,43.409299975326185,0.15830415642264875
2313,41.78250415786354,41.62709197663334,40.22964973218923,39.78883403027397,24.526588325911533,41.03242920196557,43.36554572209003,0.15830415642264892
2314,41.793481079468265,41.68305116126687,40.16022535542163,39.453094316101705,28.246930253631398,41.227265531424926,43.37856908833148,0.1585088008863215
2315,41.796396711358646,41.67703773174554,39.97471795979605,39.17961874067197,31.060035796231332,41.00404100591465,43.38148472022186,0.1585088008863214
2316,41.80207477532631,41.645735876007116,40.032919133006544,39.22233422121072,31.144296395444268,40.998600400413,43.38716278418953,0.15850880088632147
2317,41.791108997945344,41.60289537910536,40.032098231464765,39.19018698078068,24.619907536737404,40.78459668258404,43.36906011070087,0.1577951112755525
2318,41.799559758112466,41.678223274018904,40.28934256467002,39.811787706321674,27.61022979374666,41.14495059633809,43.378113430454064,0.15785536723416
2319,41.81885125288576,41.67292883812768,40.66570858732432,40.61308726873082,32.67148613292762,41.21387548623764,43.397404925227356,0.15785536723416002
2320,41.80295847049515,41.67446671297685,40.37022589414787,40.20847531265704,29.80215085354193,41.18026074818053,43.38151214283675,0.15785536723416016
2321,41.79809569456657,41.70939503407228,40.22610218021901,39.90516876867859,24.606435668186155,41.32302898162254,43.55544732251329,0.17573516279467177
2322,41.8350663408831,41.67795395550423,40.42888462403146,39.78433963736446,31.44085890428817,41.042550975646265,43.59241796882982,0.17573516279467194
2323,41.82900011213756,41.58078121010813,39.99142410005671,39.18853988693046,21.774581703823227,41.00194809686941,43.586351740084275,0.17573516279467183
2324,41.82582270585651,41.74231442749629,40.2530461937154,40.13407784809279,5.054385789617143,41.28783035663781,43.58317433380323,0.17573516279467188
2325,41.851837367318915,41.70498101261762,40.32458053940983,39.84491300994406,29.032542965541182,41.187153894110075,43.61187735866314,0.1760039991344227
2326,41.82042184275295,41.72872286157338,40.324367963219466,39.97644921316365,23.06713159919713,41.25183341192758,43.58648742995792,0.17660655872049716
2327,41.80485787991488,41.66303113747852,40.2585955795318,39.70861195442208,27.769668816285485,41.08773181670461,43.57092346711985,0.17660655872049724
2328,41.81718530643158,41.68512135733599,40.25160603189582,39.5736060927115,25.71828694676343,41.12219930566984,43.58325089363655,0.17660655872049716
2329,41.811287075983344,41.68501260807443,40.60781581130129,40.2672688457006,29.04190436388786,41.31424916751119,43.577352663188314,0.17660655872049721
2330,41.82032650220586,41.70989115529655,40.2357220652582,39.76222357134859,15.654819802882958,41.06811499788118,43.58639208941083,0.1766065587204973
2331,41.83616512084169,41.714093940176824,40.443256370404455,40.28205509215617,29.02806561947969,41.1840077592917,43.60223070804666,0.1766065587204973
2332,41.82648541328999,41.70118644221554,40.57828478233091,39.866895381730025,32.21928002837865,41.25171927894169,43.59255100049496,0.17660655872049705
2333,41.810077753954815,41.6235542052176,39.996322708656734,39.40762195133053,14.010454405698063,40.973601955053525,43.5806101770813,0.1770532423126482
2334,41.81497449525645,41.64753208683568,40.124182066773095,39.92647961284702,6.594901488653477,41.114801030840695,43.580256676261634,0.17652821810051822
2335,41.83376108081645,41.64923120319411,40.03404549379723,39.75432579259773,26.755232428291034,40.875679123093036,43.599043261821635,0.17652821810051814
2336,41.84213769065383,41.64052202388218,39.67316063326994,39.428694842460146,16.498665500882446,41.0295930949593,43.60821419989373,0.1766076509239905
2337,41.806754440521566,41.68225563998492,39.84249673125132,39.23804464929439,30.400019122343345,41.02635504929748,43.57078450512475,0.17640300646031823
2338,41.84705734154957,41.71375169387368,40.23672682890615,39.60245233803998,25.208392886599167,41.30007677469551,43.611087406152755,0.1764030064603182
2339,41.82223149876854,41.652413879486346,39.81116789601637,39.302340017356244,22.268490219851095,41.06953533083286,43.58626156337172,0.1764030064603182
2340,41.83208732793341,41.66574528600351,40.1822568757849,39.92550820891357,17.454992999098394,41.01089339595397,43.602013759290394,0.17699264313569868
2341,41.82871122017417,41.566893438621605,40.21485202865333,40.036543950222004,25.631433502932264,41.13151654407043,43.598637651531156,0.17699264313569843
2342,41.82151379112114,41.65012763838541,40.46986890382478,39.96468934235488,31.159292929321673,41.205595017248044,43.57371532415297,0.17522015330318327
2343,41.84410857488545,41.706967625596384,40.28068767798864,39.647679653933544,26.5705430799615,41.30311611274547,43.599165906729695,0.17550573318442428
2344,41.869657975532334,41.711881458900585,40.27173484451627,39.85649119952527,29.49496114247534,41.16326213102586,43.56493349339248,0.1695275517860147
2345,41.887558310192325,41.724503611958724,40.44813594375198,40.048552218864735,30.801454297887673,41.348279676551485,43.58283382805247,0.1695275517860145
2346,41.885804561920814,41.70299097725616,40.35355812892083,39.93687468873138,21.450618692510243,41.216258263598704,43.58633032190226,0.17005257599814472
2347,41.88148064757851,41.73217085255495,40.50249001492849,40.10539335362037,29.82198414112925,41.25414128178595,43.589994491186154,0.17085138436076425
2348,41.862688777279224,41.72242119813897,39.91653550218601,39.939585999798,-12.023525292836013,41.01248802596145,43.571202620886865,0.17085138436076436
2349,41.859562312934145,41.6862822657671,40.01619333038785,39.69844436382329,16.890039036150185,41.186056122049294,43.56807615654179,0.1708513843607644
2350,41.868201636041476,41.80286461074007,40.18407482406145,39.37175023318298,28.209269752908234,41.13632741958824,43.57671547964912,0.17085138436076439
2351,41.87839572509239,41.78344817522987,39.76721516411166,39.09535591881555,21.51849578031753,40.8439958823204,43.58690956870004,0.1708513843607644
2352,41.887394304812766,41.701818263874564,40.03430229338756,39.26076506421913,28.091563894773024,40.682018440706244,43.595908148420406,0.1708513843607643
2353,41.88340044783374,41.762001560845334,40.514990772968595,40.347966125301504,31.39981220478835,41.27779719862809,43.57999427605222,0.16965938282184773
2354,41.88059497914036,41.72832633119459,40.33140589341739,39.742366260443106,26.430262729113423,41.19702666330059,43.57718880735884,0.1696593828218476
2355,41.90834991230786,41.74289040627109,40.22516972891272,39.3710741900811,31.260056262831053,41.098410343228196,43.60494374052634,0.16965938282184762
2356,41.914372589676,41.803904143984376,40.62082588782462,40.088091708028486,30.329296643199008,41.42463580967465,43.610966417894474,0.16965938282184773
2357,41.88663646102934,41.77136965005268,39.936878284645836,38.984435793406284,22.522503508295006,41.03022956498998,43.583230289247815,0.16965938282184775
2358,41.89893569485642,41.691339578762246,40.035449513339124,39.60266540935628,24.24766660477483,41.13944439288872,43.595529523074894,0.16965938282184753
2359,41.90574381347012,41.735808797747865,39.943946215624855,39.21824605230096,22.12988892479307,40.961607447561946,43.60233764168859,0.16965938282184748
2360,41.89986622172588,41.79707007023063,40.08029371735521,39.43448241065863,-0.314880921484324,41.16723516080317,43.596460049944355,0.16965938282184756
2361,41.90948075111957,41.78156058838612,40.63503923407621,40.33326505195696,24.83247964000616,41.3358021455209,43.59862594265469,0.16891451915351238
2362,41.90945279742592,41.71150418743727,40.173068623858924,39.85195326122969,27.658294552885884,40.94232433748698,43.598597988961046,0.16891451915351235
2363,41.92370260220963,41.80568134368139,40.3281835265564,40.01766742985497,28.220944788823687,41.16477962686248,43.61752514515763,0.16938225429479964
2364,41.90869860739087,41.805823948348376,40.058893891409994,39.83643212932696,6.704070870881971,41.066137566170426,43.602521150338866,0.16938225429479953
2365,41.91118268418498,41.726136061055996,40.40260422231129,39.91667618096797,30.717853039500902,41.25408932356173,43.60500522713298,0.16938225429479953
2366,41.92374443965865,41.78335223588077,40.2473844932512,39.91548419024554,16.471302677109094,41.310937752437226,43.61756698260664,0.1693822542947995
2367,41.90185133495182,41.761866517895314,40.011435270294484,39.937462776577135,26.327641832486115,41.25880794007173,43.59567387789981,0.16938225429479944
2368,41.89876009710099,41.786375994931404,40.10457298071474,39.5615467787073,26.571423195308096,41.14578557294554,43.59258264004898,0.16938225429479947
2369,41.89885215392561,41.76772682408458,40.444384046064016,40.492430500374894,28.369158186447848,41.3879857063527,43.59267469687361,0.1693822542947996
2370,41.89581658686962,41.77929042276042,40.145500205680314,39.655407965273334,29.050482814301635,41.262226786035356,43.58963912981762,0.1693822542947996
2371,41.90815709383742,41.76400858296177,40.43482618256087,39.84060861362942,27.12408453152065,41.05694365694374,43.601979636785416,0.16938225429479958
2372,41.92965783163661,41.76070784847308,40.27645488340863,39.97476868251142,21.587734142272318,41.14494404402956,43.62348037458461,0.16938225429479953
2373,41.901636648069776,41.701157439539806,39.990172654889406,39.708110421637315,7.074161899352937,41.11032389821452,43.59545919101777,0.16938225429479944
2374,41.90915347445277,41.81118983388266,40.323253536226275,39.28753056506207,31.088437543774788,41.414107009911504,43.5960594530798,0.16869059786270343
2375,41.904209142932125,41.72120681411659,39.91585122810231,38.70390567075018,27.653631978251752,40.96222647716114,43.62097553934407,0.171676639641195
2376,41.87250385855747,41.77011927999801,40.43124082783363,39.73486281763227,31.704549969261862,41.17182015335344,43.58927025496942,0.1716766396411951
2377,41.88498096781469,41.75493882858902,40.02084352371712,39.65908585097255,26.115089068887237,41.21300230281342,43.60174736422664,0.17167663964119514
2378,41.879151802669334,41.7289383327887,39.82057049388807,39.22714164781104,23.523725648178335,41.192566980612256,43.59591819908128,0.17167663964119517
2379,41.89783141740766,41.721620479861144,40.13126086450839,39.65126996739398,16.59521594476841,41.007189119564956,43.61459781381961,0.17167663964119512
2380,41.89250218180403,41.744641353935044,40.44485059050941,39.688905344355355,31.818368583181243,41.298299665154445,43.59855338516361,0.1706051203359576
2381,41.902043868529944,41.730280208411436,40.30094509589618,39.59294377410695,31.315973673710708,41.23291277175966,43.60809507188952,0.17060512033595754
2382,41.90563706005136,41.69833739603779,39.96609741032987,39.63275865869572,25.782936829676874,40.986344921485546,43.61168826341094,0.1706051203359576
2383,41.90495787239325,41.71855312038579,40.45672117063833,39.99870107525907,30.7415028965146,41.21046995862977,43.611009075752825,0.17060512033595765
2384,41.89841676994694,41.77100407197665,40.33689335894174,40.10076930973971,29.100296371361587,41.35550525040678,43.601901771224036,0.17034850012770927
2385,41.895718806105755,41.798022906019675,40.02749701422277,39.384578790477356,8.625303775214867,41.34145734174061,43.59920380738285,0.17034850012770936
2386,41.90862940996226,41.75050840368684,40.56275711066855,39.90387884971842,30.55033029000864,41.34647898902089,43.610980551343005,0.17023511413807427
2387,41.89987615365873,41.797514169855816,40.584580905972665,40.24278781210337,28.59573858493393,41.22147791989936,43.60222729503947,0.17023511413807407
2388,41.89629048567396,41.761470423811815,40.209692388118675,39.94552195259548,26.275441325731947,41.27326653661781,43.5986416270547,0.17023511413807416
2389,41.921409233524955,41.79455645933513,40.086474388453674,39.480454544757244,16.559651153134496,41.21145375102376,43.62376037490569,0.17023511413807418
2390,41.90267556763337,41.78948043698915,40.49054727963407,40.15582738529523,27.7305612182094,41.20606816872794,43.60502670901411,0.17023511413807413
2391,41.88071398043305,41.67734550624411,39.92728964696858,39.7271610602512,11.6249857636762,41.019773080700105,43.583065121813796,0.17023511413807424
2392,41.90606113984836,41.75496800452451,40.41063293065437,39.88650423542804,32.88130002201927,41.25963030606149,43.6084122812291,0.17023511413807416
2393,41.8921169181736,41.763176582247766,40.26679766716311,40.23561918639869,24.382055342734446,41.42550718722636,43.59591349932509,0.17037965811514902
2394,41.901584674438745,41.642476057984936,40.24939547195863,39.14772875763649,32.89864394760062,41.09602864450716,43.60538125559023,0.17037965811514877
2395,41.90663085657781,41.79818368890018,40.380786297526704,40.118892363389634,18.975801503968725,41.3865362690888,43.60806315898563,0.17014323024078146
2396,41.94706847625385,41.7111219225138,40.22577725021021,39.743282302064664,25.575280137957602,41.199846178069905,43.645616747158535,0.1698548270904686
2397,41.87526160687882,41.76593776890968,40.101086436762195,39.79697026064537,6.6411995439137925,41.135517780732336,43.57380987778351,0.16985482709046873
2398,41.897333679922895,41.76214498368743,39.88721714149751,39.55349623658431,14.397916899228932,41.11695683237697,43.59588195082758,0.16985482709046887
2399,41.88464691157349,41.7602598637103,39.930685037961,39.623840974398334,6.693243315709907,41.33706113060931,43.58319518247818,0.16985482709046865
2400,41.92051322829789,41.76247044274387,39.93777748465403,39.26645020216545,22.86285209904576,41.039510505859795,43.56985505297093,0.1649341824673039
2401,41.932336970586924,41.831488635894544,40.579660190813954,40.35786197639582,25.876449002271805,41.20674557531467,43.58167879525996,0.16493418246730385
2402,41.926003941545176,41.810356716122655,40.607352852327395,40.291237292348015,23.406382634075914,41.42753541597686,43.57534576621821,0.16493418246730387
2403,41.95735902235104,41.83779133732263,40.2685348013422,39.956078582953424,21.272051745516706,41.35536535022663,43.60655936141396,0.16492003390629173
2404,41.95100804850243,41.83538059854029,40.10262262713055,39.6005979523584,26.999834483824305,41.37514890699799,43.600208387565345,0.16492003390629154
2405,41.94776191049136,41.821533523950585,40.15456938045283,39.62115956033579,28.5756264735117,41.23083787503076,43.596962249554274,0.1649200339062917
2406,41.953311168371926,41.77275376035346,40.082078907580645,39.25607286857508,28.839775469110275,41.013419541368975,43.60282773520086,0.16495165668289336
2407,41.934861183949685,41.799271857368886,40.286600623491964,39.49926022980899,27.67800982003983,41.266038483226644,43.58437775077862,0.16495165668289347
2408,41.94145687560151,41.825633481133856,39.90674979104809,39.63945445387604,-12.726186467327217,41.33830191648234,43.590973442430446,0.1649516566828934
2409,41.94773702491027,41.810906215238084,40.40494148916421,39.82275926765547,31.98240642022688,41.28657319132214,43.597253591739204,0.1649516566828934
2410,41.94767342582084,41.78690847390785,40.38803409803469,39.51065372359055,29.085700851841157,41.32945518834397,43.597189992649774,0.1649516566828933
2411,41.94313032257737,41.72888432935913,40.04696088034797,39.73511152593856,19.048654954223423,41.065542343951535,43.537734460259045,0.15946041376816747
2412,41.98801151104069,41.78820135156297,40.21633472020399,39.03250214191529,25.690385315641198,41.251382498260995,43.609614718174264,0.16216032071335718
2413,41.932686421004306,41.813780220689914,39.91753140338487,39.53054004720226,-5.740008869938762,41.14410672028241,43.55428962813787,0.16216032071335712
2414,41.9440379023162,41.78061654714814,40.095948808690665,39.807540283181886,21.520564347687788,41.10289252621821,43.56008968754005,0.16160517852238493
2415,41.95422553263361,41.76397176908975,40.09596816034775,39.61071841290834,30.583157094797954,41.16283100022116,43.56008857356973,0.16058630409361188
2416,41.97259148799672,41.81327572096427,40.3456614508444,39.46272264824618,31.285081680284307,40.978802255069915,43.57556153325419,0.16029700452574633
2417,41.95750859240229,41.83526172562095,40.200310927775,39.962863600748605,-12.66335068615043,41.47520834544821,43.560478637659756,0.1602970045257464
2418,41.96011106998108,41.839670488733105,40.370383408397274,39.567329056996165,20.53259873078918,41.36536922918389,43.563081115238546,0.16029700452574633
2419,41.96040514647085,41.7715309438284,39.70708373431402,39.63846494794772,19.42314952336782,41.03232773985387,43.56628189800496,0.1605876751534115
2420,41.967077989861075,41.77407356665461,39.882271919739495,39.496789055300006,22.584933458434644,41.16132318361197,43.572954741395186,0.1605876751534114
2421,41.95137466556224,41.743078325282724,40.11408393518137,39.40055479118807,29.540913863902297,40.9565648057811,43.55725141709635,0.16058767515341135
2422,41.94144733750932,41.824388518475985,40.20500446453916,39.855323986638204,24.208574823943493,41.140627275165535,43.54732408904343,0.16058767515341152
2423,41.95178475547879,41.80869427105775,40.549550877080826,40.37370832907737,30.666946738159965,41.324508371712454,43.5570008135649,0.16052160580861066
2424,41.93774974571448,41.84599734995716,40.33377085455872,39.74871140421518,30.072670324472114,41.21043089491759,43.54455069699305,0.1606800951278569
2425,41.95121300836562,41.82690093307638,40.191844321139776,39.998198846414894,8.576601222450115,41.40798866425837,43.56307572411293,0.16118627157473056
2426,41.9486455044469,41.81408499660471,40.393970515242465,39.87131414587498,24.253337528130647,41.22076312030815,43.528460890569725,0.15798153861228229
2427,41.95180419193989,41.73458515043086,40.24485166849614,39.704441635790516,29.95457430931907,41.101342153517415,43.53161957806272,0.15798153861228226
2428,41.96443750681526,41.817179917123404,40.14648849367684,39.919326849739164,19.492037145908167,41.28143795181639,43.54425289293808,0.15798153861228217
2429,41.957853409009836,41.85406422798588,40.04625846622808,39.41229818482349,26.36452836026505,41.30417605066509,43.53766879513266,0.15798153861228226
2430,41.96412410756952,41.79161703849817,40.17842153502973,39.59538095163563,24.075491770693073,41.23548175641157,43.54393949369234,0.15798153861228217
2431,41.94250363705864,41.85893665746106,40.39785535466756,39.813956987048776,28.18108640412055,41.28700031336939,43.52231902318147,0.15798153861228223
2432,41.93807434851701,41.677956839715634,40.08860196755989,39.62891357099682,24.523493825186662,41.005351995439455,43.51258857473917,0.15745142262221545
2433,41.96014938057977,41.82656915702299,39.8634457249868,38.99029710220689,23.628780217565584,40.80210297756865,43.53466360680193,0.15745142262221548
2434,41.95403469077897,41.70464863268676,39.859881002159725,39.62095094923241,14.815783560340009,40.94969904968698,43.528548917001125,0.15745142262221531
2435,41.94694585820038,41.78346952232073,40.20309009552284,39.442852417539044,19.866625047647084,41.17163772803346,43.52506320673062,0.15781173485302402
2436,41.95341082617493,41.802211308296414,40.48458074530038,40.093350388969604,31.504814572873762,41.27255252307023,43.53152817470517,0.15781173485302397
2437,41.96584676985808,41.815617773555665,40.35725070612307,39.27741888924244,27.807843112563635,41.132028562139865,43.543964118388324,0.15781173485302386
2438,41.95670525313991,41.848864943724266,40.57759959372371,40.38579175156737,30.78380695822709,41.545154908285255,43.53482260167015,0.15781173485302397
2439,41.980178426894206,41.8043365869491,40.41832299490989,39.94092347352469,26.849188879933966,41.050097692178475,43.553828939502935,0.157365051260873
2440,41.95813222796089,41.85947161113092,40.461585438924025,39.918616442010794,27.742329642746828,41.518842321430746,43.53178274056962,0.15736505126087286
2441,41.94326676736367,41.839209551000216,40.06217634145344,39.39757297709897,22.63048470699259,41.247892553404924,43.51947699804649,0.15762102306828224
2442,41.96474598396602,41.843521420787624,40.342546682483885,39.965173267977534,27.56303074417347,41.25527230120596,43.540956214648844,0.1576210230682822
2443,41.95206269618389,41.835175000611166,40.38165588893536,40.04907025471146,25.467272406136047,41.303103358827414,43.52827292686671,0.15762102306828227
2444,41.97411087888969,41.815315044290735,39.93260350795808,39.34977202494254,16.63000040914112,41.15545676767735,43.550321109572515,0.15762102306828235
2445,41.968069176774826,41.842819269880245,40.25017536972822,39.95716270781634,21.97756064057545,41.20076209868993,43.54427940745765,0.15762102306828235
2446,41.96591308769512,41.82498585581641,39.97002724729614,38.91049949278596,26.22970052178983,41.202640828649656,43.547424478278614,0.15815113905834927
2447,41.94945360701055,41.816136822976866,40.36582285878708,39.71830355216825,29.94917417727349,41.286250255586694,43.531634349031364,0.15821807420208164
2448,41.986760281791376,41.766212689268436,39.83208965799961,39.16794903096384,24.757333346286668,40.83548659560378,43.568941023812194,0.1582180742020817
2449,41.9524950604773,41.832578618803886,40.55436962709729,40.19060437231148,28.767284877123338,41.38176941298155,43.534675802498114,0.15821807420208173
2450,41.97103329943549,41.76313293939187,39.96710318593267,39.889585851026375,-5.594480932618964,40.99385159112299,43.55321404145631,0.15821807420208162
2451,41.96174536645111,41.859160824767635,40.09352025672569,39.2445948290962,22.386105461346077,40.97760049018805,43.54392610847193,0.15821807420208167
2452,41.93392917647779,41.77167835878978,40.43583448242906,39.58099437978784,32.377294727529,41.338169784286805,43.51610991849861,0.15821807420208178
2453,41.967810275130184,41.80513138817402,40.10411295442792,39.27536228134664,21.930685663111497,41.216366096389464,43.549991017151,0.15821807420208156
2454,41.977285032473546,41.79817678754911,39.85001741788905,39.832965748830546,-9.746121122407018,41.14919787907505,43.55946577449436,0.1582180742020817
2455,41.955837776289904,41.82043787810089,39.916322659910335,39.26824794827963,-8.835344155707325,41.21720716218476,43.53801851831072,0.15821807420208173
2456,41.95534637709624,41.839597830206344,40.45795272339881,39.864650773150935,27.26082905586176,41.27958703528971,43.53752711911706,0.1582180742020817
2457,41.94618310246899,41.83582203908302,40.40158939709057,39.479947467087314,30.222431026292945,41.306979704186475,43.52836384448981,0.15821807420208162
2458,41.980404672611414,41.818808456162024,40.174738981124335,39.57170333097666,29.292275439993237,41.08254855688752,43.56258541463223,0.15821807420208167
2459,41.96811463707781,41.843288187288806,40.53372116880029,40.32573981404415,29.858495692970905,41.48836049237345,43.55029537909863,0.15821807420208148
2460,41.98361979580368,41.767177390195215,39.97821167473836,39.67339452442566,-0.27811351503773807,41.06122176378784,43.56598250791036,0.15823627121066772
2461,41.94293555435832,41.865563143925314,40.297875326712784,40.099105042227784,-13.624462174494631,41.267691467750126,43.525298266465,0.1582362712106679
2462,41.95229984221643,41.83896386659983,40.497364906251434,40.10162941095722,26.215422423778538,41.33809623051929,43.53466255432311,0.15823627121066783
2463,41.93701207956499,41.86335201136638,40.312240961114114,39.4777128500239,29.654623144418153,41.14584771842186,43.519374791671666,0.1582362712106679
2464,41.97689700373012,41.80727728756099,40.36943961759846,39.73317357854864,29.65309169969148,41.04071152058425,43.5761657016736,0.1599268697943481
2465,41.96802367145149,41.78454968893718,39.95007466421584,39.17804235065663,16.64404980604883,41.10840396537893,43.52660949532237,0.1558585823870876
2466,42.00175383408971,41.85732064931187,40.55745584364066,39.97477081505784,32.0198208727071,41.382000118142614,43.53761472578513,0.15358608916954203
2467,42.03267444164674,41.90915020937202,40.597456979998505,39.66300721572582,31.000182344483825,41.33484951334983,43.56853533334216,0.15358608916954214
2468,42.03882900805316,41.92004956923918,40.34870067804682,39.50199358652025,30.646789680552843,41.305946967607056,43.574689899748584,0.1535860891695421
2469,42.028991347953834,41.90180026246857,40.68626839299431,40.55006784906073,29.188835126010087,41.624201885209544,43.56516846741527,0.15361771194614376
2470,42.02278968134301,41.85614003012108,40.19855680910312,40.03389196390703,14.507965671106835,41.3118908907777,43.55896680080445,0.1536177119461438
2471,42.01941292894523,41.90745016582553,40.059821009201386,39.523294688604985,24.959552247645355,41.15836977164824,43.555590048406664,0.15361771194614382
2472,42.01926039739568,41.88281339583262,40.39827118607735,39.51507170915513,30.765622318383848,41.39273785484974,43.55543751685712,0.1536177119461437
2473,42.022529605114705,41.94611553278126,40.82163533804794,40.07501644127085,28.90329042250957,41.71049225284324,43.55870672457614,0.15361771194614376
2474,42.02597720156339,41.93137868804058,40.25519583515416,39.19042328722622,30.34493925622325,41.44168984900705,43.562154321024835,0.1536177119461439
2475,42.01062272000844,41.92587368987124,40.74214153357848,39.991132282141976,34.39407975176499,41.15628752065146,43.54679983946988,0.15361771194614385
2476,42.044500491359045,41.91418107105476,40.990176064198,40.70036757364953,36.673512649943376,41.45187687499427,43.58067761082048,0.15361771194614374
2477,42.022318281399805,41.856840293976795,40.56224035833908,40.04230433786404,31.75870180594626,41.225044940199616,43.55849540086125,0.1536177119461439
2478,42.02891282869907,41.89048064304422,40.46071699889604,40.37310928221454,26.75322268078098,41.36098747372732,43.56508994816051,0.15361771194614401
2479,42.04449441059236,41.920538607123724,40.58998331737767,39.973247220285344,28.35951535689316,41.58598228744203,43.58067153005379,0.15361771194614382
2480,42.03187759896662,41.8644589191327,40.042470335432135,39.52580237409351,19.132591894379186,40.96553452978013,43.56805471842805,0.15361771194614376
2481,42.05071632841207,41.897331170545115,40.095638870261865,39.68346101749696,6.798379659726237,41.30575112828343,43.586893447873514,0.15361771194614388
2482,42.045607906634025,41.86919249563591,40.394657918846455,39.99804959234707,22.327943892298443,41.37394677855525,43.606208030667936,0.15606001240339112
2483,42.01058477814028,41.82482608247119,40.30939772069261,40.408413303422826,26.861562806617677,41.30283924009554,43.57118490217419,0.1560600124033913
2484,42.001472015710135,41.8719500975102,40.24147615177602,39.299754150571275,28.6200346206495,41.14294207671634,43.562072139744046,0.1560600124033913
2485,41.998677093559635,41.844636840518596,40.167445173341235,39.37489523262592,25.057007235400572,41.17223671715847,43.55927721759355,0.1560600124033912
2486,42.00147408196551,41.863276799233375,40.13433488422255,39.552246552946976,14.751235317552663,41.180070947270764,43.56207420599942,0.15606001240339115
2487,41.98305863062614,41.849281311776366,40.52261589377248,40.047093010736724,32.02398622772287,41.214450710827904,43.54365875466005,0.15606001240339115
2488,42.01492427578812,41.763604301355535,40.340728452793556,39.960834215463635,31.280639469882992,41.06837969309393,43.568206205996105,0.1553281930207986
2489,42.042976997067726,41.76731422549604,40.128903598192885,39.64177161105236,22.71347745998617,41.134674015282975,43.59625892727571,0.15532819302079842
2490,42.00865322523089,41.84368258804593,40.47438752000899,39.5556292040912,33.54237689116829,41.21563409928413,43.561935155438874,0.15532819302079853
2491,42.020258182494956,41.91390987848389,40.490177924490084,39.9744828727938,29.78222791691293,41.4081093632647,43.580644654632124,0.15603864721371707
2492,42.00806508921929,41.88374433959101,39.854501188975895,39.52867880153815,24.16845870462409,41.22274580558643,43.56845156135646,0.15603864721371707
2493,42.01720737138085,41.88018780301577,39.9674118168216,39.21743172655239,20.358877875306458,41.055908771887154,43.57759384351802,0.15603864721371707
2494,41.98950417722298,41.857841792361,39.866441761752434,39.566643015368214,-11.273947605629083,40.961099608746586,43.54989064936015,0.1560386472137171
2495,41.99231905625117,41.78928030371068,39.833289950439905,38.26353810243847,25.12074459798133,40.976874993616434,43.55270552838834,0.15603864721371702
2496,42.01438842072166,41.90171709906125,40.587920052974695,39.98103128640116,29.936411732325183,41.39234508462273,43.574774892858834,0.15603864721371713
2497,42.02664278431452,41.89115636557614,40.65113143766164,39.96943698291387,32.49542406818587,41.462805908036415,43.587029256451686,0.15603864721371705
2498,42.023288659990605,41.84845184544308,40.049003114772944,39.27298649627402,23.73861855688518,41.14260784416574,43.58367513212777,0.15603864721371696
2499,42.006468638588665,41.914626983532564,40.05817816324552,40.01788601197017,8.527579248635469,41.34553372094224,43.56509344318907,0.15586248046004086
2500,42.006588144480396,41.88366598445284,40.437940915508484,39.91055860974921,31.528453909515754,41.46221715102591,43.5652129490808,0.15586248046004073
2501,41.99146542343003,41.92634580668191,39.89624729984296,39.81537295149144,22.802083456972895,41.499998727969995,43.54994231719162,0.15584768937615917
2502,42.00675207708035,41.79897067374149,40.36283886724418,39.91708194371815,30.542717985743085,41.34512327227664,43.56522897084194,0.15584768937615914
2503,42.01276110396585,41.86651556555518,40.52590439134517,40.27619635613599,30.765781589274756,41.29877585182409,43.571237997727444,0.15584768937615906
2504,41.998548261076486,41.8759234064937,40.618754351995165,40.124473378019914,29.020804556648784,41.44750037366208,43.55875507736362,0.15602068162871344
2505,42.04760783884538,41.88537062717945,40.44533273615668,40.01945068826826,17.746990508577184,41.623010564127085,43.61002772965873,0.15624198908133502
2506,42.070082554141734,41.95151058734306,40.720957424858184,40.399084649431806,28.549703637491483,41.4596785079991,43.6253979030259,0.15553153488841637
2507,42.07316464347853,41.935341643985936,39.47722656671107,39.15600093831863,-14.149740490542008,41.056347865723225,43.62847999236269,0.15553153488841656
2508,42.079213208648184,41.95558865548968,40.46413743139234,39.84685862979404,32.13018735087048,41.397235813509965,43.63452855753235,0.15553153488841662
2509,42.076395878769446,41.90520524392444,40.03994511331954,40.05242002606542,-8.888098393320739,41.2373777356735,43.63171122765361,0.15553153488841656
2510,42.06966944524051,41.9576915287653,39.99902914956063,39.75925431124975,-8.822992776148624,41.569319232854596,43.62498479412467,0.15553153488841653
2511,42.07258752096637,41.94922243184859,40.0085638899585,40.04965541390916,-0.6386058114808932,41.30779583618648,43.62790286985054,0.1555315348884166
2512,42.069857364152746,41.87041810925022,39.91204286760486,39.3014497223689,24.84690335626864,41.159486025779685,43.62517271303691,0.15553153488841664
2513,42.085384136423095,41.96863500921482,40.68872584705688,40.550765686398826,31.08119537500326,41.42933495423577,43.64069948530726,0.15553153488841653
2514,42.05180217123896,41.90484316968995,40.31066192211076,39.93269912612223,26.075066440491966,41.35328933106753,43.6257771792237,0.15739750079847326
2515,42.03001860962002,41.93059869230094,40.47815715219097,39.93421309278162,28.772108770234077,41.4154405199433,43.60399361760476,0.15739750079847326
2516,42.064523302010286,41.905044467310084,39.89234061916661,39.404775020811854,16.45612329342638,41.481988988709396,43.64425910335717,0.15797358013468882
2517,42.04566847500432,41.81438019435405,40.43094935207234,39.58898014676705,27.198114554017177,41.05389528725236,43.625404276351205,0.15797358013468885
2518,42.05216966459196,41.93723372716856,40.32425978321874,39.38044628629433,32.15693300938951,41.12079830726426,43.63190546593884,0.15797358013468876
2519,42.03005421256668,41.798633416818255,39.6578069888987,38.88843962052871,17.042538472917922,41.12506298260004,43.609790013913575,0.1579735801346889
2520,42.045711159559914,41.95223149731026,40.54178696603385,40.361957582555874,-8.279990387025435,41.510740612404064,43.62544696090681,0.15797358013468893
2521,42.05506413124645,41.95485974637475,40.377814862968606,39.99266068616972,28.675305474825784,41.385994640137,43.63479993259334,0.15797358013468887
2522,42.056458591636456,41.93094480219573,40.57863119289537,40.11999132474551,28.137557599827502,41.305633917452234,43.654013326939,0.15975547353025438
2523,42.04947776210959,41.80288271329654,40.344989824667294,39.71194388599163,21.66010598227784,41.26012581286422,43.647032497412134,0.1597554735302542
2524,42.02743419872146,41.87469469689324,40.036661252602435,39.54824777283201,14.201460885712322,41.068554359061366,43.624988934024,0.15975547353025443
2525,42.03086830252373,41.8446679972867,40.34072995306064,39.845001627994925,26.887063789508193,41.291526077886495,43.62842303782627,0.15975547353025432
2526,42.03142906106821,41.86973388376008,40.401756070270096,39.97055939428286,24.02173362305879,41.29355582076069,43.628983796370754,0.15975547353025432
2527,42.046458363777234,41.719185700745214,40.46182977332695,40.039565711147176,30.01112922134428,41.35213227532988,43.64401309907978,0.15975547353025443
2528,42.004288687889726,41.80673098037965,40.289954302210646,39.76386218639348,28.95042626778922,41.23529131914175,43.59678165872353,0.1592492970833805
2529,42.03288811747979,41.93781368655683,40.73710184460451,40.27611872004136,30.984749224437287,41.55411969439504,43.625381088313596,0.15924929708338048
2530,42.03588444087014,41.90500414765963,40.38146391146821,39.60015786532149,25.815150508894405,41.35737273714712,43.628377411703944,0.15924929708338034
2531,42.04255768939127,41.957656348734055,39.87467982553814,39.638432238137796,-8.928391743904847,41.43348193918536,43.635050660225076,0.15924929708338026
2532,42.039002593011155,41.91168186429068,40.316718953500796,40.30166042552756,-12.721253471123127,41.4818045757235,43.63149556384496,0.1592492970833804
2533,42.033007387466604,41.9357781786087,40.87799207237837,40.349566029660764,31.992861435339105,41.522760744978676,43.62550035830041,0.1592492970833804
2534,42.02967125317376,41.8893199493217,40.56339810748971,40.01466136896966,30.316368395696742,41.14113002837837,43.62216422400756,0.15924929708338048
2535,42.07324533141163,41.884781076431565,40.618387100888754,40.04975827372982,31.019773025657386,41.58994241228819,43.66573830224543,0.15924929708338043
2536,42.07375916405219,41.82654738818216,39.988924406978,39.086649513127846,21.061598711836798,41.01624849007428,43.65984412523348,0.15860849611812824
2537,42.05269972512078,41.93303775863527,40.661312932001934,40.16406664441783,27.7530313804571,41.63256083350798,43.637905600185704,0.15852058750649212
2538,42.03393597542644,41.93646297880947,40.35689692628527,40.28753121640748,2.174309718095671,41.34121060666467,43.62240033742045,0.15884643619940136
2539,42.04722395674815,41.91176253754259,40.36611701105664,39.74434924020994,23.28494282828855,41.278425423336294,43.64080022796715,0.15935762712189966
2540,42.04729355512441,41.89074554134985,40.33649815315548,40.23988165022169,-8.811283361145549,41.44092922844593,43.64086982634341,0.1593576271218998
2541,42.02876183370005,41.87133204317588,40.398544804940435,39.54910617285138,18.922135281398717,41.192164607767324,43.62233810491905,0.15935762712189977
2542,42.03177433389064,41.91396277344736,40.67326402194224,40.15743363338296,31.128389593696937,41.363599647038455,43.62535060510963,0.15935762712189958
2543,42.0508923221584,41.93186748644164,40.74373952340798,40.40399701954266,27.174724393121952,41.42250239760274,43.6444685933774,0.15935762712189974
2544,42.03185246272122,41.863494776650185,40.101264384441954,39.35157989611673,24.540729070021992,41.29599957289996,43.62542873394022,0.15935762712189971
2545,42.03818342264874,41.82358567013358,39.97929993433387,39.528430980734726,-10.10704959333038,41.12232112609785,43.63175969386774,0.15935762712189971
2546,42.03100394776325,41.894842298824734,40.54552453089598,40.22562017594788,19.345442295189034,41.50091834371557,43.62458021898225,0.15935762712189971
2547,42.032307777100996,41.78641869797785,39.861427129914155,39.52651490199905,13.209178352454487,40.806079569323416,43.625884048319996,0.15935762712189971
2548,42.043755156693386,41.872493124383325,39.91976849179414,39.31945044930461,23.16245648224649,41.162572278375876,43.64383077103138,0.16000756143379985
2549,42.025139111847096,41.864277406476575,40.581386602814526,40.09372525028327,31.87784183442609,41.31474043736288,43.62521472618509,0.16000756143379996
2550,42.02204612012208,41.945434089117605,40.563784875279495,39.93603329652225,32.521629927650494,41.313751405817136,43.62212173446007,0.1600075614337999
2551,42.066270858163065,41.87716027662818,40.5264202492176,39.9932033356114,30.160406551984714,41.426414989786934,43.66616450241521,0.1599893644252139
2552,42.003574422937064,41.93775662551259,40.41305629716439,39.640029134905284,27.769109341201677,41.352123983600336,43.6034680671892,0.15998936442521372
2553,42.04262529905296,41.84702136554838,40.530340682623624,40.32503055626951,21.754456111511956,41.25046866986022,43.63795657495397,0.15953312759010133
2554,42.02941861925651,41.93015843480599,40.433315248925766,39.965942869276894,27.251697944582716,41.35895104137779,43.62523007845712,0.1595811459200614
2555,42.04522117036098,41.80003447878189,40.058833466933606,39.665047860639035,-8.841724155966574,41.063837889692635,43.63500703370085,0.15897858633398695
2556,42.0464793482353,41.90008125219347,40.61714743730209,40.034832922473015,31.04981855580838,41.485073279166585,43.63518246868949,0.15887031204541946
2557,42.03986345236252,41.857149980385316,40.26205486337173,39.92159586344517,21.693714180088094,41.17645171213921,43.628566572816716,0.15887031204541954
2558,42.04568406533177,41.93813804720236,40.52715039957759,39.852777289306005,28.71091454371113,41.41045528780657,43.63438718578597,0.15887031204541965
2559,42.04602666197567,41.85365979330307,40.751335432141005,40.365134728873805,33.42608016103828,41.404223323858034,43.634729782429865,0.15887031204541952
2560,42.05080237218287,41.738998891084506,39.80245690944906,39.26170979824349,22.702333416505958,41.04285709407054,43.6348281412242,0.15840257690413218
2561,42.03816214487406,41.89481907272071,40.18808925270093,39.319922305938796,-1.6618949341486413,41.237136037232105,43.62218791391538,0.1584025769041324
2562,42.03911589961925,41.961762850135784,40.634000095102934,39.72787694671059,31.544271390864893,41.60596010760956,43.63202697320839,0.15929110735891422
2563,42.050905224160665,41.94322903469393,40.68778897664154,39.880703172080956,30.338442764917893,41.347740949465575,43.64381629774981,0.15929110735891402
2564,42.02799533442938,41.929876319122805,40.58857878009656,40.23128778661481,27.149161070246507,41.432490171001106,43.62207130892978,0.1594075974500406
2565,42.046987847617935,41.84852122843576,40.48074201617366,39.613257333768956,31.396914632642655,41.20160709735572,43.64106382211834,0.15940759745004068
2566,42.037885685161946,41.865013207556,40.46835148070089,39.87360799023978,30.365965885921746,41.236304405875536,43.628483154236164,0.1590597469074221
2567,42.019386646671265,41.88012387270146,40.06888639262822,39.501233623982195,11.071649501938133,41.269699497402385,43.60998411574549,0.1590597469074222
2568,42.038048923210496,41.68581852909165,40.1490281867712,39.5494637581785,29.853141092906903,40.913769565712215,43.628646392284715,0.15905974690742206
2569,42.01926064936818,41.89997141104199,40.473995291749105,39.74772086373572,32.600137570294116,41.244677507796716,43.64069090895331,0.16214302595851315
2570,42.03195445309906,41.88222806732689,40.16769680382247,39.57287909777604,13.897863363958152,41.26167294468086,43.65338471268419,0.16214302595851318
2571,41.99204856304846,41.843149707448916,40.344210977648736,39.718281549244125,24.865745070510954,41.22085672659448,43.613478822633596,0.1621430259585133
2572,41.991577931915444,41.869854075003936,39.95564824345386,39.34893788089003,-2.212820382843553,41.213113069032204,43.613008191500576,0.16214302595851326
2573,41.98875384680911,41.90166079613108,40.281477886845416,40.07462156239523,14.731435515579953,41.41354562822039,43.61018410639424,0.16214302595851315
2574,42.023165468382835,41.87456214772137,39.66877663012054,39.33472623364008,14.19951892570753,40.98865587066359,43.64459572796797,0.162143025958513
2575,42.007692724527764,41.80058542073989,40.26653768097812,39.18802695132536,30.305963511158446,41.1083874760686,43.6344933020766,0.16268005775488345
2576,41.9960822521503,41.806924473174575,39.887836915204446,39.297827295786306,14.631138158383823,41.0118231086486,43.62288282969914,0.16268005775488337
2577,42.00479406461186,41.81549541676893,40.53273263704213,40.16794194684934,27.24837000211178,41.37414085642732,43.63159464216069,0.1626800577548835
2578,41.99889372725655,41.89580866364421,40.0252183626371,39.62976419026066,-8.97847652367463,41.35945005711283,43.625694304805386,0.16268005775488342
2579,42.02044167533124,41.856673601583104,40.42031047647804,39.7895634703413,27.83173556078531,41.32731675917651,43.647242252880076,0.16268005775488337
2580,42.01722996602515,41.885829642758296,40.348160391917716,39.918119210448204,30.5154687762975,41.24169166618421,43.64403054357398,0.16268005775488353
2581,42.006472912772715,41.89714816797807,40.33614880265538,39.770851216194714,23.559410748432892,41.293795978237874,43.63443839123281,0.16279654784600975
2582,41.984807828590604,41.90419823395829,40.38720478057243,39.97404401221105,23.828098982301086,41.42952303971825,43.6127733070507,0.16279654784600983
2583,42.009538675863006,41.79838845578469,40.15461774423953,39.20434557903489,28.973336461362223,40.94904504367746,43.6375041543231,0.1627965478460098
2584,42.0064572887506,41.87753423330895,40.18208290769461,39.63839674192783,21.58048013851279,41.03588180633238,43.6344227672107,0.16279654784600983
2585,42.000583842637276,41.91435490026762,40.462281969775105,40.265014589034045,19.721236737923306,41.39937473024118,43.628549321097374,0.16279654784600975
2586,42.017719167601435,41.903946997755384,40.38851403515607,39.5926481399433,29.611575722662018,41.3836722009869,43.616098993461534,0.1598379825860099
2587,42.03489478038562,41.901815516719786,39.306445670967264,39.59344397899312,-8.876556754838198,41.07997562987686,43.631793477568436,0.15968986971828175
2588,42.04126880562197,41.93201141370912,40.50756113654315,40.17731381957239,29.337763912134015,41.44709153813908,43.638167502804784,0.1596898697182817
2589,42.06298441253783,41.91046681966585,40.03136525574647,39.52005791863108,-8.823937331539149,41.351303202894364,43.659883109720646,0.1596898697182819
2590,42.032001534583664,41.85827729375914,40.352544295195884,39.95076442385471,27.323272424119498,41.23313565466292,43.62890023176648,0.15968986971828183
2591,42.031476594887785,41.873183034020386,40.17816923156487,39.73696923042406,30.67109542114283,41.16046980774264,43.6283752920706,0.1596898697182819
2592,42.03771514686474,41.76514514911031,39.93413851986122,39.11982466493583,28.768459923337474,40.87513050108063,43.63461384404756,0.15968986971828178
2593,42.02510374099344,41.89067485909181,40.58623370086147,39.875522019300924,28.060800900667946,41.20251914725895,43.68880036379723,0.1663696622803792
2594,41.99721615740971,41.83567110107693,40.214106949304124,39.23028935232784,27.251286508528324,40.97442145341874,43.6609127802135,0.16636966228037928
2595,42.006499496696364,41.79803515653945,40.49675284867161,39.69971955822796,33.0507361560432,41.22586384399827,43.670196119500154,0.16636966228037925
2596,42.01755163524521,41.90874193435377,40.17173100363576,39.868290840937355,24.19189080206823,41.38897821599744,43.7871165513637,0.17695649161184873
2597,42.07417928909806,41.97697881460417,40.799136376371784,40.347025029808755,28.92247077819735,41.668867045950456,43.84609266916906,0.17719133800710007
2598,42.04631180042105,41.888479390522164,40.47098220409194,39.383997905169885,32.917109975493716,41.192715694376865,43.81822518049205,0.17719133800710016
2599,42.0679354617584,41.978045726163,40.68416548553557,40.13580861093908,30.74648986909944,41.54053802705261,43.83984884182941,0.17719133800710032
2600,42.05901292310574,41.940539008958076,40.35807808279604,39.45693452972332,29.994575427383822,41.34046520276459,43.83344292660787,0.17744300035021357
2601,42.04669160649949,41.92912532642461,40.36637938667499,39.54103765121019,31.325447757995143,41.33578954299504,43.821121610001626,0.17744300035021343
2602,42.049817973792635,41.88100784863649,40.35368695221116,40.19748214795815,29.769600597223018,41.27699679482119,43.82424797729477,0.17744300035021357
2603,42.0661252656793,41.84329423329734,40.06244524022227,39.811629623836716,24.482214183951836,41.204290041965756,43.84586245466732,0.17797371889880223
2604,42.05405420331527,41.9479832092822,40.43603277602359,40.174605600982055,16.71841214205212,41.41865840522542,43.81861342079123,0.17645592174759595
2605,42.07220519353712,41.92176037009506,40.303396837396576,39.69213548599113,23.789864448032077,41.27736531854893,43.836764411013085,0.17645592174759617
2606,42.07869391555884,41.97571131223561,40.59382913333045,39.78994136502562,28.9576992182187,41.27372569002624,43.8432531330348,0.17645592174759608
2607,42.04692338971774,41.900796894753576,39.48782264422925,39.52082564170004,-12.786011977138287,41.11375780066517,43.8114826071937,0.1764559217475961
2608,42.068994935159424,41.96371653479136,40.55809275390632,39.66891179714534,29.528707148410042,41.43989100368436,43.83355415263539,0.17645592174759606
2609,42.07567962521278,41.988207219772946,40.60490554641346,39.81616189206606,29.651600722802417,41.741024846351785,43.84023884268874,0.17645592174759625
2610,42.059480800674045,41.90357648342161,40.20096183488941,39.640062539269344,12.950900100901077,41.31223623413629,43.82404001815001,0.17645592174759597
2611,42.05057373168145,41.893023317755905,39.97192078533452,39.22161762963851,21.604047031552742,40.9728989144299,43.815132949157416,0.1764559217475961
2612,42.05991198424843,41.849956361769415,40.14840147712419,39.63945322662846,25.96613744229829,41.10807270832204,43.82447120172439,0.1764559217475961
2613,42.069202047394576,41.95280450857408,40.67366890522016,40.21699094081933,30.572517593587307,41.38496250533082,43.83376126487054,0.17645592174759614
2614,42.078744368648756,41.91384542101602,40.21648992065593,39.50088092426191,16.785491450411765,41.32512149047676,43.84330358612472,0.17645592174759606
2615,42.06278040314061,41.90187648990992,40.50381718701333,40.24427161388121,27.35377428261173,41.31409127246568,43.82733962061657,0.17645592174759606
2616,42.056359837903884,41.92268187116341,40.308948285157676,39.63148193832799,23.804687535054203,41.45335110917852,43.820919055379846,0.17645592174759614
2617,42.07724273234043,41.85851283530472,40.012876347956094,39.31932654353349,29.493150941054125,41.08247621646352,43.84630396990093,0.17690612375605003
2618,42.07122867959918,41.8969458321045,40.2479350186779,39.81106610722576,-0.3990606109593031,41.52147822617448,43.84028991715968,0.17690612375604997
2619,42.07048852628693,41.904069578138824,40.16446816458946,39.17283710440364,27.28177340701908,41.316914339154266,43.83954976384743,0.1769061237560501
2620,42.06048259106324,41.9175234802728,40.73373621125812,40.180739257335766,31.063459814099097,41.468636761702925,43.84917911717753,0.1788696526114284
2621,42.07613446121086,41.98972391355885,40.590516995602925,40.184059104267185,27.264456333104885,41.54741776236111,43.86483098732515,0.1788696526114285
2622,42.07868557506747,41.940768255159774,40.37682137505198,39.44923691014027,27.09985073314073,41.427726462571194,43.876714644189725,0.17980290691222542
2623,42.069425711044076,41.96037460128348,40.58901130207357,39.97171061959335,33.12482077829968,41.39236668176993,43.8706170578265,0.18011913467824217
2624,42.04762323968025,41.97208303384407,40.608018853134006,40.28039359577663,32.90028496732251,41.44017454308833,43.84881458646267,0.18011913467824225
2625,42.06372713021223,41.95618569234764,40.71817729977057,40.35669278447058,31.436154498228202,41.32351402059721,43.86491847699465,0.18011913467824242
2626,42.06068635640457,41.87610430282591,39.96051738077672,39.49464251253714,19.275436351570615,41.13436145892618,43.86187770318699,0.18011913467824237
2627,42.07626412136984,41.92096882934058,40.23199293559951,39.90499911562991,11.057974993606457,41.21519416584498,43.87745546815226,0.18011913467824237
2628,42.09148353021056,41.93528227332256,40.083165563301684,39.528425252811424,14.494454191422413,41.24301469857551,43.892674876992984,0.18011913467824234
2629,42.074564593727416,41.945055149731154,40.38903996189614,40.2496986966129,-12.617494891034617,41.45653163556782,43.88750617968817,0.1812941585960752
2630,42.07448688095639,41.914222074418014,40.6060275485095,40.135001258977944,33.10843166668765,41.24706920854242,43.88742846691714,0.18129415859607523
2631,42.068514765681506,41.9436338650455,40.41549429292735,39.16964614644166,32.1445108338968,41.29593645569034,43.872123808634285,0.18036090429527815
2632,42.07151046877824,41.962304363275955,40.58126804679049,39.9389266181164,31.6712903040286,41.43064169748767,43.87511951173102,0.1803609042952781
2633,42.09246442348202,41.944359000775094,40.50108936878497,39.85100300114958,30.716385858230225,41.34083952619065,43.878171718669606,0.17857072951875852
2634,42.08355465403101,41.941938659824885,40.41496255939638,39.51824253846524,31.276314719401313,41.11676273343335,43.87199544830421,0.17884407942732017
2635,42.111151232631904,41.97394360164307,40.08113299448728,38.974083729984784,16.682846705695773,41.25961868954205,43.899592026905104,0.17884407942731997
2636,42.084384622259066,41.93878275441716,40.4428902176272,39.47470385801865,24.466728744215484,41.27577636251889,43.86238449529384,0.1777999873034775
2637,42.091048150887794,41.966762078219844,40.55460343810328,39.95640192978867,31.314894837822884,41.43908164249055,43.86904802392257,0.17779998730347774
2638,42.10942145792448,41.83372622994776,40.35204470445212,39.448766005400124,31.364366093727824,41.14955955247551,43.88742133095926,0.17779998730347765
2639,42.105911376239476,41.91557975776337,40.10406117123618,39.958101641805406,22.693347747565483,41.11586363018603,43.883911249274256,0.17779998730347774
2640,42.10046215007463,41.98309693874329,40.46094907068631,39.72537077723665,30.282068876929934,41.23947435558749,43.8784620231094,0.17779998730347757
2641,42.08458439169824,41.92566541167184,40.37225100202046,39.661013657068004,31.72760807172697,41.289165272512676,43.862584264733016,0.17779998730347762
2642,42.098351336885294,41.89939169757851,40.57669803790284,40.00954980087736,33.12702490825733,41.29838673715997,43.86590389020293,0.17675525533176356
2643,42.10431672835484,41.90570491327174,40.25792854633462,39.29322640855195,28.251844029689025,41.008721111895895,43.871869281672474,0.17675525533176364
2644,42.11089333242906,41.966685832162014,40.60789408200302,40.31359814273747,27.180952760365678,41.46265519929227,43.8933745008126,0.1782481168383541
2645,42.08342551191329,41.983793626790906,40.49606654356064,40.343349890599804,25.197200970278864,41.46207507874698,43.86590668029683,0.178248116838354
2646,42.07041779336567,41.74875030027769,40.20495032535711,39.504282402620504,30.627907921881494,41.17436365015354,43.85289896174921,0.17824811683835395
2647,42.09591193229511,41.9621010998365,40.72417538550413,39.94629144616428,28.326436438286414,41.501918575596946,43.87839310067865,0.178248116838354
2648,42.08609880497735,41.86098538365909,40.1937557197201,39.55079957551605,26.17914637770286,41.17804217770387,43.86857997336089,0.17824811683835404
2649,42.11082153086621,41.97017354449634,40.67687381727799,40.23466295141862,27.69828553598232,41.556529273543326,43.89330269924975,0.17824811683835398
2650,42.10824379847823,41.9510561820108,40.30922512633702,39.44792916062841,23.169132235587462,41.10922090649577,43.884268424571424,0.1776024626093194
2651,42.132877107685985,41.85295281160833,40.24631270942106,39.997195114464915,7.736308501422634,41.200218111208656,43.877278957177495,0.17444018494915095
2652,42.12367527591568,41.99902248913426,40.398942534746766,39.64760350883702,32.4089018666478,41.29143682426661,43.86807712540719,0.174440184949151
2653,42.127381324853864,41.95960672238354,40.18495180777527,39.70052829467248,22.764078989892596,41.24482881742739,43.871783174345374,0.174440184949151
2654,42.114596246616046,41.9774268154862,40.72068189530414,40.07935089519758,31.1444680723174,41.35649573825752,43.858998096107555,0.17444018494915103
2655,42.146066869924525,41.94590617071637,40.365363527302485,39.741333276655915,25.004504997262057,41.22062018612736,43.890468719416035,0.17444018494915098
2656,42.12435153013483,41.9450521892817,40.06850541812477,39.56504709874986,2.187316903897397,41.172172353059366,43.86875337962634,0.17444018494915098
2657,42.126529017414406,42.029929983112815,40.705540346029636,40.2156195978785,32.30236249601395,41.546509133385946,43.870930866905915,0.174440184949151
2658,42.13378644505819,42.02700836537545,40.825800733862174,40.01759000731514,34.48135624727236,41.5362511370337,43.8781882945497,0.1744401849491511
2659,42.098477595184484,41.930507028035194,40.3103192323936,40.176252757105416,25.402313216986244,41.451291054246354,43.842879444675994,0.17444018494915095
2660,42.114810990368,42.00723518774187,40.06917756524816,39.45149385176817,24.23135536225765,41.11426839643785,43.85921283985951,0.17444018494915106
2661,42.121384103687205,41.914783814908084,40.79417791199705,40.114985907070235,32.85860105046443,41.42963546507403,43.871718748298875,0.1750334644611672
2662,42.09611651878012,41.94169907300031,40.137118336565365,39.54646001506897,26.081883444787408,41.12900016995263,43.85464987226988,0.1758533353489757
2663,42.11486559108032,41.97459397408689,40.64804937814204,40.020181473972876,33.51961624524533,41.422253861392704,43.87339894457007,0.17585333534897565
2664,42.109032049968924,41.938268320147635,40.61643043562547,40.15630249472025,27.493995177839018,41.45276854157123,43.867565403458684,0.17585333534897576
2665,42.13668375858783,41.944989507396436,40.00093769908839,39.118098391473275,25.258781031560073,41.12969810642356,43.89521711207759,0.17585333534897582
2666,42.14608076394356,42.004855094366214,40.59062223197741,39.97764316461951,26.494312913502867,41.48110853286511,43.86386878224412,0.17177880183005576
2667,42.15319407014727,42.04234414405268,40.55922230598842,40.00770006550237,30.859067917494713,41.38152114833349,43.87098208844783,0.17177880183005578
2668,42.164630932947865,42.02663196548406,40.475673773346315,40.18653613540259,8.293385467103441,41.39159654151675,43.882418951248425,0.17177880183005603
2669,42.13040237580701,42.00555690616488,40.36394689114922,39.70140724359466,28.27809224664995,41.44187909905064,43.84819039410757,0.17177880183005598
2670,42.174315257352404,42.05675816206021,39.96563319870007,39.331973672479485,-0.4575126807706056,41.470353379272915,43.892103275652964,0.17177880183005595
2671,42.16165705808632,42.02086273385934,40.22924584473967,39.88901140138238,16.690182157625802,41.537271666341994,43.87944507638688,0.171778801830056
2672,42.15872324078469,42.0319083403294,40.70551165463659,40.03604802442174,30.781513821885877,41.408579942755715,43.87651125908525,0.171778801830056
2673,42.13366194003499,41.93356635944559,40.43059832437001,39.67034631628207,32.39606986887955,41.30077127628013,43.85144995833555,0.17177880183005592
2674,42.14910341021259,41.952581360879684,40.49958987499922,40.316206487928014,18.459277449713078,41.52511424838133,43.86689142851315,0.17177880183005587
2675,42.159442514408944,42.046449957537995,40.11311616815274,39.162284571408655,22.564454360328476,41.501546397371015,43.857881438509075,0.1698438924100133
2676,42.17834996586384,42.047357144911686,40.48108047766462,39.9976897191332,24.615053912291557,41.33074679186852,43.87678888996397,0.1698438924100134
2677,42.159484218505085,42.04803803553307,40.23930848339509,39.66749189857516,19.540366560825422,41.411274317022475,43.857923142605216,0.16984389241001335
2678,42.1627743906637,42.01582610766283,40.50447452159409,40.16998925735432,21.309661031332283,41.497174184313515,43.86121331476383,0.16984389241001338
2679,42.178214978143096,41.9692416885478,40.186583521054416,39.042055926142204,27.40227512295455,41.31648287639402,43.87665390224323,0.16984389241001327
2680,42.15605131798061,41.98283489866218,40.41198691624339,40.159234138036986,23.755117512056426,41.409089181331474,43.85449024208074,0.16984389241001327
2681,42.18995943981429,41.94859022159173,40.16518825240409,39.370475657835584,19.111211425625932,41.47005967422464,43.885664864828804,0.16957054250145157
2682,42.180132415368206,41.9972563374019,40.40063497242039,40.407784992502116,16.619699744058593,41.489845535482075,43.897771495075446,0.17176390797072433
2683,42.18660988233297,42.036045355397704,40.734995217969164,39.91483436651502,31.55705252037171,41.57945700001454,43.904248962040214,0.17176390797072447
2684,42.16798035209012,42.03583600000892,40.33544905482359,39.908127924302974,26.437094436132345,41.12205672813043,43.885619431797366,0.17176390797072452
2685,42.18962470339403,42.01292860080793,40.21659864318196,39.53577878235675,17.74525058803801,41.32003881893812,43.90726378310128,0.17176390797072447
2686,42.17579392292942,42.09632028939455,41.03230642683562,40.6886417356429,25.32463825506911,41.7385280723621,43.86988866737096,0.1694094744441537
2687,42.1917026214486,42.00115191353419,40.442329598680715,39.977617083281544,27.633148300261176,41.349187491735094,43.885797365890134,0.16940947444415383
2688,42.216163729092514,42.111251418350555,40.9733730558782,40.58207524639796,30.295664651508467,41.83097068796576,43.91025847353405,0.16940947444415377
2689,42.197609768176456,42.02402976567625,40.24898857029286,39.235848841193246,8.46976079515612,41.34971683077703,43.89170451261799,0.16940947444415366
2690,42.25086311504236,42.07892781212014,40.735540296098584,40.272633437118635,25.141682647676053,41.34863563184767,43.94495785948389,0.16940947444415366
2691,42.18778169201858,42.04529361818102,40.105624293031184,39.63121358461196,5.9684079361152484,41.24557783776753,43.88187643646012,0.16940947444415375
2692,42.216317412492046,41.90287488610129,39.90223907690421,38.62815040329745,22.513960215035198,41.176242212985215,43.91041215693358,0.16940947444415377
2693,42.20113960769517,42.003152001038764,39.956280459966386,40.040653066869886,-13.406516131581228,41.36050910462808,43.88205178475114,0.1680912177055972
2694,42.23339867982527,42.02361077735863,40.49254667886633,39.66448958368364,26.838708421019117,41.25901002948481,43.914310856881244,0.16809121770559726
2695,42.22990222389145,42.087800252960484,40.02344975392648,39.77644885516401,-8.964265398192126,41.55405291861696,43.91081440094742,0.1680912177055973
2696,42.217899811696384,42.11411023834819,40.712917273319505,40.268809910393045,32.07111412846656,41.769251857586795,43.90137819083484,0.16834783791384536
2697,42.20824093581757,42.092235532009745,40.05520167084729,39.38662341857604,22.209864724596247,41.51524321603343,43.89171931495603,0.16834783791384542
2698,42.22067668693963,41.97851216220767,39.85528316209603,39.26771129809033,6.465516715732406,41.21344889226925,43.90415506607809,0.16834783791384544
2699,42.18595930692144,42.09906547138409,40.476968720841974,39.82205006954519,30.890678095482635,41.52691604292211,43.8694376860599,0.16834783791384553
2700,42.2114580458441,42.08848312491357,40.66394107578262,40.022822036555425,25.31462257419203,41.57495003742373,43.89493642498255,0.1683478379138455
2701,42.220491938268914,42.07987125881603,40.472405034988284,39.466387378274284,31.34798238845603,41.27854081366239,43.90397031740737,0.16834783791384553
2702,42.21402661723189,42.09579273702792,40.25842424658948,39.25841337376822,27.344001417883728,41.471957898132985,43.897504996370344,0.16834783791384542
2703,42.22449294241527,42.10225679461726,40.26393445991289,39.89001876268198,19.22610061649737,41.243389816301956,43.913766325129764,0.1689273382714498
2704,42.21184343346381,42.07991480080884,40.33834110057507,39.74897915340831,21.743203109423376,41.61252758067721,43.90111681617831,0.16892733827144982
2705,42.23004696829426,42.090763519600216,40.779249998637844,40.53085174399504,29.033723003274474,41.6053084025727,43.91932035100876,0.1689273382714499
2706,42.19709074028308,42.08557786635216,40.76543080639881,40.34192494376719,31.254987287837366,41.67227205104305,43.8887083518129,0.16916176115298187
2707,42.219238173214414,42.00448915601123,40.24970380683112,39.7699664415967,23.735118202758528,41.201869924113566,43.910855784744236,0.16916176115298182
2708,42.209779605417125,42.09265965941831,39.88817920077312,39.680197964603316,0.8835503966508824,41.43215242982368,43.90139721694694,0.16916176115298176
2709,42.20935315116102,42.11882118561522,40.66329689750427,40.099014436255395,30.779566272597187,41.67847668158768,43.90128699045685,0.16919338392958352
2710,42.23744829644718,42.085581251910746,40.400309902973284,39.675833199260026,20.053830942976667,41.48381821060626,43.92938213574301,0.1691933839295834
2711,42.2031813027463,42.08003178563799,40.26432773429083,39.52164184930955,27.14782637686765,41.39030135200156,43.89511514204214,0.1691933839295837
2712,42.20649260302057,42.11927825946466,40.725950983017,40.20974617931686,30.357085894089366,41.6401155367391,43.898426442316406,0.1691933839295834
2713,42.20923162465724,42.096813943140496,40.18661852133852,38.95896967300034,29.8018298894035,41.16914794692484,43.90116546395308,0.16919338392958358
2714,42.21272255453284,42.085933067510695,40.7131767447133,39.91220423836115,32.717485757945624,41.411386612740785,43.904656393828674,0.16919338392958352
2715,42.2004166943377,42.08835524342182,40.78907711727722,40.67077786590745,26.568584194463277,41.57806033327793,43.89235053363353,0.1691933839295835
2716,42.22012204133895,42.09223273734898,40.675366954512064,39.97329979390042,33.52445876670619,41.64378649735525,43.91082600969313,0.16907039683541786
2717,42.210786257924255,42.10415944540471,40.51544968062208,39.372385497984354,30.86266210867684,41.649484940505374,43.90149022627843,0.169070396835418
2718,42.20602638390376,42.04023454134089,40.49858510163796,40.25638919777906,20.820507423979166,41.51272835218688,43.89785237071224,0.1691825986808481
2719,42.21014767905912,42.06387504852665,40.63585054536796,40.18444429660788,24.451417196954818,41.56449735679446,43.9019736658676,0.16918259868084817
2720,42.21406484814162,42.077513982397804,40.30560158156417,39.092318574811074,20.911418806286484,41.36066324561101,43.89292373198489,0.16788588838432678
2721,42.23577015901302,42.06866979511322,40.414973428747466,40.075067424271204,23.73315198982199,41.41184323957182,43.91462904285629,0.16788588838432678
2722,42.22859350913504,42.06596757512803,40.20178067690907,39.536724855751864,24.56224436095568,41.46915398465866,43.90745239297831,0.16788588838432664
2723,42.22888416756203,42.0649585545294,40.40418446975686,39.98497453887742,19.00874830286382,41.57686588314702,43.9077430514053,0.16788588838432675
2724,42.24546520615093,42.07341353284015,40.61068517474055,39.991359136496165,29.482683254253303,41.4391989459848,43.90775161726078,0.16622864111098495
2725,42.230078108028664,42.09973064244745,40.73868249696217,40.3968102889654,25.27128012047841,41.63095779884508,43.89236451913852,0.16622864111098504
2726,42.25455714566391,42.0962212622343,40.47992724623514,40.10196034900252,27.978360433223926,41.59262780422411,43.916843556773756,0.1662286411109848
2727,42.214707840852526,42.024804851171154,40.484312795312185,39.721935748078366,27.56090871163514,41.41057870729003,43.87699425196237,0.1662286411109849
2728,42.235747268842914,42.12692086436804,40.72777529264986,40.16146306747076,31.23068672576976,41.483172622291676,43.89803367995276,0.16622864111098498
2729,42.24504742944222,42.14335475743862,40.19040986563862,39.79982707417365,7.81019907891303,41.82370985104291,43.90733384055207,0.16622864111098504
2730,42.24818806733984,42.056137929051175,40.74957583925326,40.193934981592626,22.224792365225024,41.61258271227456,43.91047447844969,0.166228641110985
2731,42.23600372834628,42.13312521246236,40.81335923502626,40.25933835333703,28.256533734664565,41.634708373715284,43.89829013945613,0.16622864111098493
2732,42.23639462556213,42.09904337761206,40.91368873428889,40.48813079318702,28.47042280128467,41.579026111840165,43.89868103667198,0.16622864111098504
2733,42.249130742720375,42.13683630358303,40.47100327164846,40.06298102411893,22.81255635355234,41.53698473702548,43.91744274969097,0.1668312006970593
2734,42.26149999482493,41.986190794332856,40.09760929180624,39.06296141197982,27.46250565135729,41.058988137909935,43.929812001795526,0.16683120069705926
2735,42.208196880330306,42.09084622032711,40.92573275777618,40.409185296014016,30.293820597889237,41.57147726015944,43.8765088873009,0.16683120069705942
2736,42.230234981994144,42.07096078933246,39.29799086603757,38.83599780819596,-12.561597952204082,41.34855262522952,43.89854698896474,0.1668312006970594
2737,42.21768556350894,42.10502920000794,40.8195281695225,40.2205210076487,34.236899817657815,41.63193330566348,43.88599757047953,0.16683120069705926
2738,42.22439821682779,42.00980000418538,40.314560707381105,39.42576686218319,28.100395632007626,41.15234656191002,43.89271022379838,0.1668312006970592
2739,42.23630328028919,42.10076844703455,40.63243485114534,40.21151719580089,32.021517113998556,41.525876392162075,43.90461528725979,0.16683120069705937
2740,42.23041923245618,42.1066237350766,40.55479201123519,39.40141938836671,31.43286860279333,41.324406442022244,43.89873123942677,0.1668312006970594
2741,42.23623966735988,42.036970070205214,40.699574608483616,39.87162868329182,32.14808673592849,41.32447338382585,43.90455167433048,0.16683120069705926
2742,42.22353687265298,42.10807317129101,40.454948117901445,39.65580021222988,26.068129781562252,41.49948788055256,43.89184887962357,0.16683120069705928
2743,42.226988869804494,42.12759738340336,40.789268584934916,40.388156158504785,31.236446837692704,41.78244558079203,43.89530087677509,0.16683120069705928
2744,42.221434541285106,42.02659403185294,40.34670067841281,39.54482767503945,18.97067588061809,41.48667579157186,43.8897465482557,0.1668312006970592
2745,42.229603807768925,42.06932849140007,40.4969586850502,40.01365713795791,17.77915323473605,41.50240246620365,43.89791581473952,0.16683120069705928
2746,42.22731152617082,42.10581437573218,40.29105508229497,39.43896722466875,23.482077688499263,41.52453253946491,43.89562353314142,0.16683120069705926
2747,42.23997792047095,42.05617761423727,40.54739472346913,40.03569559277739,24.529831309497034,41.59797543344831,43.908289927441544,0.16683120069705937
2748,42.24728643712542,42.12387012127931,40.904645249401185,40.50415803374273,32.026904179968454,41.59841769754022,43.910621859158255,0.16633354220328384
2749,42.21992225118895,42.01726476961151,40.60192610732201,39.87344325139038,28.218193498923966,41.32222119483956,43.883257673221785,0.1663335422032838
2750,42.235435004066645,42.0917562995508,40.30888874759751,39.44921698183134,22.769318670019878,41.33459804268672,43.89877042609948,0.16633354220328397
2751,42.236292379880894,42.06484760114986,40.224672559396105,39.37618477924876,28.312205589483305,41.16097212985137,43.89513081394513,0.1658838434064236
2752,42.231410787875866,42.14326668839229,40.39090790800228,40.36571369061215,-12.84798588411099,41.72361004159208,43.88006047765237,0.16486496897765068
2753,42.265423596429315,42.17336132988545,40.4918672501743,40.355067754181555,7.827694489374686,41.5839959866872,43.91407328620582,0.1648649689776507
2754,42.266062768888894,42.134102636383794,40.39441563277176,39.97113081368583,19.13070523117807,41.603949331643065,43.91455757700351,0.16484948081146134
2755,42.25933140526712,42.14244239678739,40.5727420996596,39.914780844122596,31.098105057597387,41.6509898299111,43.90782621338173,0.16484948081146159
2756,42.21391410709846,42.063504323477694,40.47377382747909,39.91462638050223,30.37705122971679,41.436824591177015,43.861059952330486,0.16471458452320234
2757,42.25149418647135,42.01881685219982,40.28322682945481,40.21825254232058,7.650598970644779,41.513423822429424,43.89864003170337,0.1647145845232024
2758,42.25723273028954,42.061100280160495,40.00114994851007,39.19489280838557,18.669436870245672,41.343560331559104,43.91070749857973,0.16534747682901968
2759,42.254032632111524,42.07118266074621,40.89097174536858,40.60594364026523,31.409901105908318,41.56178727496369,43.90750740040172,0.1653474768290197
2760,42.247711283517724,42.06056789376792,40.231766560569845,39.54925151649033,-5.590550977741195,41.394232721258376,43.919524892338195,0.16718136088204721
2761,42.24810063118345,42.09036801072117,40.32286239145968,39.59668538257496,29.596833877529583,41.495882392661784,43.91991424000392,0.16718136088204744
2762,42.226162520624364,42.06591710228855,40.42740184156365,40.20715235578508,11.987384271564267,41.57316668191186,43.897976129444835,0.1671813608820475
2763,42.251274752142784,42.086355398011705,40.08833908428314,39.85122969098494,16.017636905495163,41.28971777902176,43.92332278384479,0.1672048031702006
2764,42.247923466893056,42.05011469930776,40.38352730416153,39.699127003475105,26.566604610982466,41.4632945419876,43.91988856690152,0.1671965100008463
2765,42.22657671797695,42.104638326745885,40.50050765386617,39.91020429271296,16.92611731791307,41.53964481894617,43.89854181798541,0.16719651000084626
2766,42.241407048021884,42.09121094718898,40.59619976898308,39.82257453533961,26.949598149213102,41.485866067163045,43.91337214803035,0.16719651000084626
2767,42.238478968314006,42.1448463728798,40.68544705800403,39.84624233510148,30.33148802796619,41.68593149218731,43.90511385328294,0.1666634884968935
2768,42.26939731130863,42.1559813489717,40.38101378438992,39.67325832521605,7.897055587789623,41.68152102551342,43.936032196277566,0.16666348849689355
2769,42.24143834199211,42.076641364371284,40.30508618354631,39.814723044673684,29.4317553430957,41.48987029043638,43.908073226961044,0.16666348849689366
2770,42.24184669296685,42.134348718882606,40.379860917725196,40.14573953508093,-8.860495451966699,41.47405540700025,43.90848157793579,0.1666634884968936
2771,42.266276473046084,42.04420070114029,40.45906257944245,39.84180331574086,24.519765056465417,41.449697739163746,43.93291135801502,0.16666348849689355
2772,42.24819132308975,42.12507290912808,40.554361032351075,40.00764773658096,28.929261729037826,41.52021917694659,43.914826208058685,0.16666348849689364
2773,42.24498089228366,42.06320023674897,40.12911785707928,39.51350805917552,-12.763582536985147,41.6235179547265,43.90242780841595,0.1657446916132292
2774,42.29743315050078,42.127817928321946,40.16582836587508,39.66992420395657,5.360031936462931,41.54173971996557,43.95488006663307,0.16574469161322922
2775,42.25088612181524,42.111867785541435,40.624766241891926,40.09173695590461,26.084648027232422,41.542269073471914,43.908333037947536,0.16574469161322916
2776,42.24288241308284,42.12622067571786,40.873218563937456,40.265889076150266,31.771065317312612,41.60133737124625,43.920606156410344,0.1677723743327505
2777,42.245778248191144,42.11319301929192,40.826046002644986,40.47446821082525,30.04831662489103,41.534339280953624,43.926961385296906,0.16811831371057642
2778,42.2548935464824,42.0892409869523,40.59850528724706,40.213082637375464,25.018030866852996,41.65595980222648,43.93607668358817,0.16811831371057662
2779,42.229729099298886,42.05783090013658,40.585539034354994,40.114345816625274,28.751329353359708,41.608596790460496,43.914865902605335,0.16851368033064465
2780,42.23610152066263,42.070407512559804,40.22859896963952,39.854517289212104,27.35587654378111,41.11266102241554,43.92123832396908,0.1685136803306446
2781,42.22909991888012,42.13077111228734,40.532171237295046,40.21453068904009,24.860061442173603,41.443349024517495,43.914236722186565,0.16851368033064473
2782,42.241473411432345,42.0982819582469,40.597704037546016,40.353093843572765,27.632138109695198,41.601080750954395,43.926610214738794,0.16851368033064462
2783,42.238799361627514,42.074526167529605,40.69644908984104,40.075817602669495,25.98034189787739,41.222099934839015,43.92393616493396,0.16851368033064468
2784,42.245221055338575,42.108128069852704,40.424480272988845,39.6839931009811,24.538120342382815,41.48183095776097,43.930357858645024,0.16851368033064462
2785,42.25140296548188,42.126006158582555,40.47533188993699,39.917481992650636,27.511281411122805,41.381694172332374,43.93653976878833,0.16851368033064465
2786,42.238705436734215,42.06947591107831,40.664341622012444,40.12253507891622,30.908817769753398,41.2551603879133,43.92384224004066,0.16851368033064468
2787,42.235482188361146,42.13418443262563,40.95781911922694,40.3602906366054,33.28493371936307,41.688389155973226,43.920618991667595,0.16851368033064473
2788,42.2141498038284,42.07748049984232,40.110069815727286,38.959010089758515,14.880390139131833,40.94513735182038,43.89928660713485,0.16851368033064473
2789,42.21693897879438,42.10918704978457,41.00635167864722,40.855673504512026,31.333074027715252,41.760891997528724,43.90207578210083,0.1685136803306447
2790,42.232885881975584,42.10717793436017,40.34808086128579,39.81470995313939,-8.879928046877346,41.45715772442665,43.91802268528203,0.16851368033064462
2791,42.254132045199604,42.098047617990694,40.75649271016998,40.309289905263,28.542515632096407,41.618085833100984,43.93926884850605,0.16851368033064462
2792,42.24460994335892,42.000972335538194,40.04895300647786,39.87593770076832,21.718197907987317,41.342922172538366,43.929746746665366,0.16851368033064465
2793,42.24213622477029,42.115811224512186,40.44119212581288,39.964611996778544,27.36052021553879,41.38092150770507,43.92727302807674,0.1685136803306446
2794,42.25168298873846,42.14045024233837,40.55606540327454,40.02404869097052,30.06539318814435,41.45996008069622,43.93593082166472,0.16842478329262586
2795,42.22111011791833,42.09683617351542,40.33868811151134,39.89095667044962,16.568816323840657,41.35194031439292,43.90535795084459,0.1684247832926258
2796,42.23327092084964,42.04155410914288,40.43185339539427,40.14634698932744,27.154005719318583,41.46427590843837,43.9175187537759,0.16842478329262595
2797,42.23678905461846,42.11461377267429,40.638653756230575,40.23227630622251,28.398097038699355,41.72244565646763,43.92103688754472,0.16842478329262592
2798,42.24243494133318,42.11896073743441,40.498040002417426,40.511636069729825,11.817697426163747,41.75069072593642,43.95979879358118,0.17173638522479973
2799,42.26079694460928,42.026827330454445,40.322305663504494,39.739133201839095,27.944513156448497,41.33689509774984,43.99101395199916,0.17302170073898757
2800,42.2474705584839,42.11940295212568,40.626553952651925,39.45510112795168,30.551984255329085,41.62769357791029,43.97768756587377,0.17302170073898746
2801,42.2292926510673,42.10119423177988,40.145377645829676,39.695158037434275,26.411162288684956,41.35728471817573,43.95950965845717,0.17302170073898743
2802,42.26626684836861,42.112115904737124,40.47283722763693,39.82789608991464,24.331269309073708,41.431277877707714,43.996483855758484,0.17302170073898754
2803,42.23964533144484,42.062287311406315,40.37830770576347,40.24894123383294,16.28718638082605,41.3736750709858,43.975481679301765,0.17358363478569214
2804,42.251274502594164,42.086621055547205,40.407977841546,39.55589700995033,30.090738013368266,41.31074112512346,43.98711085045109,0.17358363478569214
2805,42.25160751507827,42.11177789029361,40.33275890884084,39.89501499705302,23.727383478468358,41.34274571931127,43.987443862935194,0.17358363478569233
2806,42.248601386400495,42.10322005178268,40.68982279903234,40.393370510038025,25.412597273158003,41.65702451462368,43.98443773425742,0.1735836347856922
2807,42.25097548384445,42.011401901206575,40.02431719462473,39.64794178980802,21.640981046715503,41.43034618755842,43.984467602886056,0.17334921190416036
2808,42.24800150467752,42.061788730434095,40.33093456655748,39.53863615130391,29.519574518748193,41.72373727745746,43.98149362371912,0.1733492119041603
2809,42.28098812886762,42.08533389377906,40.37806264327173,40.063886439897644,23.251461433565098,41.33440645482268,44.00962079983405,0.1728632670966436
2810,42.27441737542751,42.153049906224716,40.55037586323177,40.12802793234875,21.73787120675237,41.658439423413746,44.003050046393945,0.17286326709664362
2811,42.258613902213234,42.13467016731518,40.747788094022894,40.517727464118835,25.44888975841547,41.74376740689944,43.987246573179675,0.17286326709664376
2812,42.24979331258545,42.112526258133,40.71268088324031,39.76003448406814,30.03726811826926,41.483114805259405,43.97842598355189,0.17286326709664362
2813,42.26176153814201,42.14923969919951,40.61943045033967,40.36955611161371,17.509738430018853,41.69279417747265,43.99039420910845,0.17286326709664376
2814,42.269303668908705,42.07781502620998,40.24527243213543,39.439643433002956,24.36711512331945,41.449837493808886,43.997158818616896,0.17278551497081895
2815,42.26306322645804,42.02458841290768,40.29898537999673,39.69394492535258,26.89962812700831,41.35556601450631,43.99091837616623,0.172785514970819
2816,42.272121635373644,42.15142894096628,40.44941357743787,39.471850140583754,27.722343613599673,41.342408709433926,43.999976785081834,0.17278551497081904
2817,42.25004254595332,42.03833696298774,40.828554400152015,40.30294230445881,32.549992465317004,41.480825776255394,43.97789769566151,0.17278551497081898
2818,42.250484117670055,42.14614290861782,40.57043504311243,40.218239607895754,21.45998678903513,41.601582308870576,43.978339267378246,0.17278551497081904
2819,42.26367277242286,42.168190788127326,40.90100746338548,40.80392807931479,9.7380848354396,41.76938243706752,43.99152792213105,0.1727855149708191
2820,42.25298311602839,42.10605123996919,40.789972074730805,40.491631783571,30.16747197569458,41.635531732491835,43.96226135539117,0.17092782393627798
2821,42.29053010030892,42.102639795074644,40.906809771887296,40.03490470253259,33.66252326905905,41.55616970215107,43.9998083396717,0.17092782393627798
2822,42.29143013669323,42.107569508057836,40.52298833461991,39.65931750046657,30.910731350241406,41.460843683654446,44.00070837605601,0.17092782393627795
2823,42.26311517213516,42.13936447082531,40.72516469825647,40.30563117219262,29.988753386091076,41.60912462295626,43.97239341149794,0.17092782393627787
2824,42.288229799994845,42.12290532425207,40.49511978606502,40.171237574958376,15.215640739809714,41.59613783079849,43.997508039357626,0.1709278239362781
2825,42.29387629247695,42.15762263384651,40.375511106556765,39.43796087517938,24.80759760842938,41.49677117207582,44.00315453183973,0.17092782393627806
2826,42.28063301683673,42.047007808373756,40.71877317831727,39.86051094314614,31.331695134966026,41.36493792971857,43.99669957036268,0.17160665535259487
2827,42.271793854237636,42.158034426443066,40.477534602080205,39.88561039586955,22.275351878289456,41.603280785930735,43.987860407763584,0.17160665535259456
2828,42.2804949412653,42.15573933713377,40.60633144471403,39.92025469960093,24.69243501972169,41.62659951914664,43.99740677363641,0.17169118323711097
2829,42.26765776788833,42.111088434985895,40.58717512859117,39.83159894469856,31.502707895297362,41.41794690527355,43.98456960025944,0.17169118323711086
2830,42.26887752063245,42.160979190957846,40.7687973129505,40.64238545033642,27.023491220019448,41.71859097126142,43.98727048168084,0.17183929610483886
2831,42.27221615010085,42.12745212104705,40.3985045973226,40.13391116212768,-0.7373563541776491,41.57137055146837,43.99060911114924,0.17183929610483897
2832,42.27898464223428,42.08985501871517,40.439866069053,39.83500284961438,24.436502020520994,41.48791943466391,43.997377603282665,0.17183929610483895
2833,42.27961963531573,42.05254401133479,40.62001417001059,40.02116149204555,28.563164181337086,41.397728583470865,44.00947983202776,0.17298601967120278
2834,42.2545077550561,42.105744549413366,40.63043760378744,39.79813398154947,31.29432855424312,41.536230707539104,43.984367951768135,0.17298601967120295
2835,42.28930638541663,42.176603034453436,41.011755583030286,40.66473279552725,33.216821415828576,41.79313364442629,44.01916658212866,0.17298601967120308
2836,42.26756764326631,42.162517763194515,40.59809568168147,39.83220145312584,29.963963351824745,41.59589185791192,43.99742783997834,0.17298601967120303
2837,42.234717917873645,42.08403122687613,40.72487963565393,39.9437590900887,31.660444669615124,41.51333708905561,43.96580838335649,0.17310904654828405
2838,42.25024168444081,42.05336982067078,40.72913677063273,40.31200312496454,28.036754071858063,41.637098661089524,43.98133214992365,0.17310904654828413
2839,42.278884012419695,42.03106485406852,40.45715696533627,40.20691500451487,1.810462443727907,41.56470599078693,44.00318616373937,0.1724302151319674
2840,42.24083906593708,42.17597564494162,40.926434201261365,40.34553699594451,30.81416209050831,41.707518813423974,43.96563099607612,0.17247919301390421
2841,42.244196494086296,42.131517257958315,40.58008322515902,40.44289249220094,28.372414586325146,41.758380828007944,43.96898842422534,0.1724791930139041
2842,42.250750261750404,42.154534145429515,40.31445078029579,39.768777444230636,27.094209167452213,41.573399604293684,43.98118842306869,0.1730438161318282
2843,42.25703658630396,42.09336332807307,40.565714189587524,39.75517733008287,31.66366919714266,41.43508706875199,43.987474747622244,0.17304381613182812
2844,42.2580234130124,42.08804737105,40.25396855256866,39.515564837926384,15.778986664117216,41.31474509266279,43.99102777641316,0.17330043634007627
2845,42.25263217291748,42.06484117930792,40.609969661715766,39.58129000040961,31.69488575651226,41.21926627717349,43.975447792030515,0.17228156191130337
2846,42.298777188874176,42.03627491564376,40.26993669163166,39.6476170521766,25.9482520246143,41.24673584842769,44.027210185856944,0.17284329969827653
2847,42.28075700109047,42.16747281908487,40.458385439000395,40.1111739174709,16.353687857939878,41.53942824657845,44.00918999807324,0.17284329969827647
2848,42.271560035903185,42.11491628359751,40.536567413724114,39.95676927979629,27.396452981857557,41.59675932460671,43.999993032885946,0.1728432996982764
2849,42.252488237757106,42.09232788055788,40.298283527736714,39.47477386085808,16.85672513667605,41.34326083737177,43.980921234739874,0.1728432996982765
2850,42.28664656205633,42.163407291014025,40.87269946679021,40.14617798677108,31.440919921990464,41.56567239902338,44.015079559039094,0.17284329969827636
2851,42.314858789779684,42.15847612628694,40.46613403847669,39.83700218031378,8.434861003219957,41.6823866755865,44.04329178676245,0.17284329969827655
2852,42.26785327247706,42.09921246044268,40.484185652925454,39.6034099615061,32.36519980915872,41.23252938441286,43.99628626945983,0.17284329969827655
2853,42.28064093839256,42.12282467333954,40.89837004872609,40.31831153365772,32.37960621749855,41.627584409749204,44.009073935375326,0.17284329969827653
2854,42.267962019466346,42.094438311101385,40.41434653164884,39.37198885027622,27.341043548515024,41.46714558557514,43.996395016449114,0.17284329969827647
2855,42.28692000645946,42.19602000382732,40.12255714373454,39.862902369340766,-8.730516817069578,41.58275944612954,44.01535300344223,0.17284329969827647
2856,42.26153197995841,42.12985306972607,40.75459233374128,40.1635822817669,27.436677754557138,41.51494336909856,43.993633337276975,0.17321013573185637
2857,42.27674590499225,42.14207548720909,40.67106554789329,40.03659590126677,17.7464614460727,41.54394259430503,44.00884726231081,0.17321013573185626
2858,42.2649613315813,42.08471221150217,40.19412731160969,39.256024113723576,12.023219703483583,41.360903616985134,43.99706268889986,0.17321013573185629
2859,42.28916315997312,42.07639306854885,40.378121860271115,39.249399363140746,31.151078252863154,41.335081771813364,44.021264517291684,0.1732101357318562
2860,42.27533023417605,42.13854274632103,40.45953582716909,39.516061480549666,27.921231408472345,41.49546650425228,44.00584669830215,0.17305164641261006
2861,42.282350317537365,42.10001391768619,40.80762949088844,40.376823255575424,29.734840742725048,41.52531382503977,44.03059167998862,0.17482413624512544
2862,42.270539900798376,42.098751782980976,40.372836238840286,39.79716194304863,0.6074380240482071,41.48932607110794,44.01878126324963,0.17482413624512547
2863,42.25466370134945,42.17345179003939,40.06188102110326,39.19875395998629,21.71627711909617,41.42459735572672,44.0029050638007,0.1748241362451255
2864,42.26067553212031,42.047462843266864,40.64295549064915,39.95889894370105,30.98342858039336,41.582812130421075,44.00891689457156,0.17482413624512527
2865,42.25224184988184,42.126616941410106,40.68255322192321,39.753007090719834,33.379131318502345,41.52777470897179,43.99963793348793,0.1747396083606094
2866,42.272470855539716,42.10454509802748,40.62970615097661,40.31835016595506,23.306466829247565,41.65914101809726,44.02144359184781,0.1748972736308099
2867,42.27222450428077,42.07122395731473,40.24991460621516,39.91393768662256,-10.333180484704222,41.435542969588965,44.02119724058887,0.17489727363081
2868,42.29722464823384,42.15778393314481,40.79945277947029,40.20223813002677,17.56704138692463,41.685627641792955,44.03390325134667,0.17366786031128253
2869,42.27071820825118,42.147507947853974,40.96606177006257,40.646615392047195,31.598634667232282,41.65432949586056,44.01811200441638,0.17473937961652014
2870,42.27734349640211,42.1547649415922,40.561499300992025,40.23309590520549,24.22168081352953,41.598465193946765,44.02473729256731,0.17473937961652006
2871,42.289219247167786,42.1518910650406,40.697972668926425,40.22677902660972,16.282919455235017,41.63634334482775,44.036613043332984,0.17473937961652014
2872,42.26740418046915,42.083079000846936,40.64953474631828,39.98174936486913,33.606507489374124,41.354423340587715,44.015069620561235,0.1747665440092084
2873,42.26721832363297,42.10453664235679,40.362591781125616,39.54623648255783,19.731564141460755,41.537683320145526,44.01488376372505,0.17476654400920855
2874,42.24880515048604,42.13480847134574,40.79435227779324,40.495754374785264,28.4500520199322,41.584873999180886,43.99647059057813,0.17476654400920835
2875,42.23904780363666,42.13267345133888,40.08196416799363,39.11102404465372,27.03509028948135,41.45085293994296,43.986713243728744,0.17476654400920857
2876,42.2581136553049,42.130342958240476,40.992227389870976,40.70430873645152,33.01261117631206,41.678697961128165,44.00577909539699,0.17476654400920838
2877,42.24856331482223,42.091074494888176,39.841112198485085,39.674566162086684,6.784005084333749,41.20689433547252,43.99622875491431,0.17476654400920855
2878,42.24881237114735,42.056284386379005,40.4371541060628,39.715281336046694,30.35508813560955,41.40014929623703,43.99647781123944,0.17476654400920857
2879,42.2985054799955,42.07214819216131,40.344456423104035,39.11124526800345,27.8632612906216,41.37347121918674,44.04617092008758,0.1747665440092086
2880,42.25839381412258,42.048756284962344,40.443346360815084,39.783978341547716,27.21256234316728,41.40135454462433,44.00605925421466,0.17476654400920838
2881,42.23649435775481,42.080702190878895,40.51312026073198,39.565088317392885,30.41390806159601,41.18000779219541,43.98415979784689,0.17476654400920855
2882,42.252100254014096,42.16557853523076,40.70639692288898,39.96036313520042,31.318249531165062,41.76422620982304,43.99976569410618,0.17476654400920855
2883,42.25850891374847,42.114268785788774,40.88562189591992,40.35024901379783,31.372699612198346,41.75585452479248,44.02145001442294,0.1762941100674464
2884,42.24969265225411,42.07065685795842,40.00961044242155,38.90378967414015,-0.38899887286684987,41.29714935094725,44.015367252014194,0.17656745997600817
2885,42.249739336011906,42.09426174400753,40.790307278662944,40.24475037411497,29.563385919884645,41.489500475553164,44.01541393577199,0.1765674599760083
2886,42.25632836902767,42.13724235283594,40.67419459420382,39.60609286913143,28.589650797414958,41.6247113099695,44.02200296878775,0.17656745997600823
2887,42.22169616872951,42.10591469559612,40.69924999741094,39.81975691124327,31.344941168598528,41.47052070534039,43.98737076848959,0.1765674599760081
2888,42.23716949967996,42.116928112305054,40.64779699710321,40.33373292717038,21.158351291903852,41.498143027185776,44.00284409944004,0.17656745997600817
2889,42.232491215074646,42.073622598925276,40.554011419323,40.09060549213685,28.523390900170433,41.604310445326234,43.98732491572815,0.175483370065351
2890,42.24622870585132,42.135823924113865,40.517330018053954,40.13467983820099,27.074917900547,41.62743568036255,44.0178697749186,0.17716410690672793
2891,42.23507965411617,42.132121804377526,40.450770863893034,40.03483109923796,19.50172985487582,41.75539772950456,44.00573365021319,0.177065399609702
2892,42.257059284634124,42.12955661138381,40.4389838012299,39.87163259219308,26.64103659211986,41.49867782823536,44.02771328073114,0.17706539960970202
2893,42.21636993354015,42.04594995229396,40.655497768920334,40.27139119259387,24.009206301676905,41.686757272322055,43.98702392963717,0.17706539960970194
2894,42.23772244613472,42.12595447873159,40.53022324919951,39.896931738564064,21.706206762886296,41.42046277401063,44.008376442231736,0.17706539960970186
2895,42.24450757602203,42.118995049730344,41.007142158270426,40.66200838355988,27.860036309876637,41.720102603471574,44.01516157211905,0.17706539960970186
2896,42.22595121973253,42.0863486394735,40.85906952895223,40.09920330323363,34.585771359594176,41.57115736577019,43.99660521582955,0.17706539960970183
2897,42.23195026318374,42.113394132616975,40.32952438878758,40.025749598490656,6.649671846920079,41.47066133811424,44.00260425928076,0.17706539960970202
2898,42.235444688601525,42.141555890059365,40.14616517696629,39.8434799165853,-0.4015912958683785,41.508288692665744,44.00609868469854,0.17706539960970188
2899,42.24429026540912,42.13583865137257,40.61523416506551,40.25191779935558,27.358194352151,41.600168382729485,44.01494426150614,0.1770653996097019
2900,42.2376240220376,42.07956568113157,40.735659457198985,39.878070611498735,29.25115487005415,41.61901347873146,44.00827801813462,0.17706539960970183
2901,42.21332234199018,42.01266624276265,40.44034071157473,39.921942982080566,24.040040844373078,41.37894045804612,43.983976338087196,0.1770653996097019
2902,42.244686248433666,42.13531649874138,40.58844507117948,39.945433225709834,28.4100085244063,41.519251907036846,44.015340244530684,0.177065399609702
2903,42.21665603444166,42.01493814572626,40.12860758558115,39.498544454494656,2.2015303169062435,41.12254513123432,43.98731003053868,0.17706539960970186
2904,42.25372275252308,42.16060318717,40.35898082636669,40.42599263657683,-10.280345796095133,41.78364169758538,44.0243767486201,0.17706539960970188
2905,42.267081449077196,42.01786323730831,40.15898090569716,39.77180556035748,18.564343746252874,41.15679324957634,44.02754670088648,0.17604652518092892
2906,42.25797310600372,42.03566084401471,40.42880084405269,39.56278247995117,29.19109496027553,41.3028392646691,44.01843835781301,0.176046525180929
2907,42.22992829082538,42.14045754341111,40.535046476361195,39.63907287564499,28.562633092210934,41.51046488598339,43.99039354263467,0.17604652518092911
2908,42.23361810645869,41.97499223385728,40.4390924100223,39.97883173628845,29.08074407569641,41.40279908728696,43.994083358267986,0.17604652518092906
2909,42.237843615284056,42.067361330276285,40.07357307513319,39.60962761303869,16.32490318525067,41.49315414515958,44.0055532266941,0.17677096114100393
2910,42.23539695906988,42.13632165092739,40.30135671339058,40.44379401742887,-14.458016136729263,41.637153324238426,44.00310657047992,0.17677096114100385
2911,42.21868114262342,42.09332584263595,40.620315069733984,40.14181768004156,27.51063668556453,41.66607761431136,44.00607276779493,0.1787391625171519
2912,42.212218828787876,42.05681398982652,40.55043584870473,39.796580357161346,30.741599902413718,41.41412765508355,43.99961045395939,0.1787391625171518
2913,42.23739234690333,42.05619971966655,40.53086014232166,40.070497242199814,1.9838650883819398,41.59642170209618,44.02478397207484,0.17873916251715188
2914,42.19996394672866,41.93517772877245,40.38669808121396,39.47649060705808,31.550117376208995,41.30375621974461,43.98735557190018,0.17873916251715197
2915,42.24976022474469,42.08616055019975,40.19865949083302,39.3088601922953,22.668910021090674,41.079279472450914,44.03715184991621,0.17873916251715188
2916,42.23514302828798,42.04592017220041,40.12520670311344,39.72011612444959,29.026902240193884,41.337776285037585,44.018580987258815,0.17834379589708382
2917,42.22844790275868,42.07935713461717,40.31046081360928,39.794427029543435,12.447782433773437,41.66154609850872,44.01243525213161,0.1783987349372927
2918,42.22164064236854,42.07124116347061,40.30461303282208,39.67799481197228,23.749159556136743,41.29189228120846,44.00562799174147,0.1783987349372927
2919,42.212415764607044,42.09568741013558,40.70766902751059,39.66835796751944,29.87343959114113,41.68126411363317,43.99640311397997,0.17839873493729286
2920,42.2154382901675,42.10432864049785,40.52667253485671,39.9014494273794,1.1576768878780896,41.546656635830985,43.999425639540426,0.17839873493729277
2921,42.21251545630444,42.11921312588322,40.666923885218644,39.91010581100557,30.71301876127339,41.48315233473133,43.996502805677366,0.17839873493729289
2922,42.24345962029939,42.12499479867329,40.507900084844735,40.16317769231656,25.185951894223194,41.62379570099415,44.02744696967232,0.17839873493729286
2923,42.215829285875266,42.052654729988824,40.802528422391894,40.19173420820689,31.65667308811781,41.598117754152234,43.999816635248195,0.17839873493729294
2924,42.21845700741389,42.09341258411103,40.832300591454015,40.418723765803044,31.435474898384342,41.55533698414803,44.00244435678682,0.1783987349372928
2925,42.21876928407476,42.088319856379435,40.731431754866215,40.117266946214855,26.365788658269334,41.56685337366916,44.00275663344769,0.17839873493729283
2926,42.216876946227316,42.10057614040395,40.208387498728996,39.65367055196053,2.1427193760431678,41.513427197831696,43.99956032448067,0.17826833782533502
2927,42.229163746089334,41.938939337874295,39.49823613633723,38.61378753180274,15.197974467006365,41.169279451605156,44.01184712434269,0.17826833782533497
2928,42.24089564962616,42.11994432379228,40.6255108875328,39.84567087471694,31.000631129830712,41.529746350234475,44.02804586380102,0.17871502141748588
2929,42.24345718859107,42.06058766766561,40.69354154442088,40.14900881000035,23.314776706156195,41.435105156358546,44.03060740276593,0.17871502141748585
2930,42.212653658199706,42.075976374667235,40.43476205790952,39.57613536667172,26.142258872759232,41.46834512241442,43.999803872374564,0.1787150214174858
2931,42.25282256550768,42.07357401994093,40.09100287802226,39.76575798248494,17.097664720955017,41.33260027257739,44.039972779682536,0.17871502141748588
2932,42.222436215480684,42.09587284638905,40.53016362916045,40.16123180899677,-8.770843714927615,41.767984358695756,44.009386903424044,0.17869506879433608
2933,42.20301542389581,42.088747087067496,39.95631961984816,39.37377334290007,1.9353080901258792,41.30846409745439,43.98996611183917,0.1786950687943362
2934,42.21579343289282,42.102790949751444,40.671375226600404,39.8930573972065,29.248518790579098,41.44633491295524,44.00262327426991,0.17868298413770867
2935,42.23776182161713,42.12225852586242,40.316824784139925,39.822226531576035,-14.03775613908531,41.41885874421914,44.02459166299422,0.17868298413770892
2936,42.2384794448857,42.08605585811018,40.68219625918577,39.658251466284256,28.844321334129383,41.6781310535016,44.018064926662035,0.17795854817763376
2937,42.22929085140736,42.039751362486555,40.381349202564955,40.0653726333411,25.603554306627398,41.401316337411735,44.0088763331837,0.17795854817763385
2938,42.2359085994056,42.06849821868485,40.15083382854383,39.63846856217325,10.8542519953577,41.397337715637875,44.015494081181934,0.17795854817763374
2939,42.22097094351464,42.008974566082316,40.27302313561026,39.93558655986004,15.37573134140947,41.4882527577971,44.030912094946665,0.18099411514320282
2940,42.19889350469611,42.05340119577067,40.20038702984433,39.30180302643745,13.638098703573888,41.30103536523825,44.00883465612814,0.18099411514320282
2941,42.21117073731783,42.07776294796073,40.56731280369201,39.354351728079614,30.797678543364494,41.699230057496536,44.02111188874986,0.18099411514320268
2942,42.20792956228312,42.089895401585586,40.30990723544678,39.68914115241601,7.673559170076906,41.609963251180076,44.01787071371515,0.18099411514320277
2943,42.1834468679494,42.01138573112388,40.300166745036364,39.99961649023187,15.023075956693113,41.3411589590859,43.99338801938143,0.1809941151432027
2944,42.2073897710751,42.09584572301558,40.60556947654606,40.22068917473354,21.69493487621972,41.65180401066611,44.01202373702124,0.1804633965946141
2945,42.19219018526647,42.08316962801364,40.26005549958197,39.56761211958059,14.096869784577322,41.55385003342376,43.996824151212614,0.18046339659461427
2946,42.19066380087101,42.0821824898784,40.70449223629657,40.233980397937636,29.34530523445671,41.70648667513224,44.00942314226338,0.18187593413923694
2947,42.16864886614238,42.08207205987153,39.99116926520118,38.84309093522454,23.906312697179928,41.33196338102604,43.98740820753474,0.1818759341392367
2948,42.18043466648458,42.05210249859508,40.488010726081306,39.98835737127043,24.15989806545377,41.53422895814627,43.999194007876945,0.18187593413923683
2949,42.202996529281734,42.083327978175404,40.77691693492532,40.381415852169894,31.185310572775776,41.45205403386247,44.00890271553222,0.18059061862504908
2950,42.203348256778874,42.08242816439248,40.55925285670925,40.302121485433126,1.9854573681130816,41.59879809357248,44.00925444302936,0.1805906186250489
2951,42.18251243758759,42.06776357801551,40.448597072035454,40.29962521877853,15.027429514216045,41.52287148064033,43.9900977465748,0.18075853089872035
2952,42.202821929640436,42.00696083319145,40.48791496726229,39.81468977778368,30.8349377431089,41.655550096491254,44.01503264886161,0.18122107192211767
2953,42.19511829464125,42.03953908379537,40.9572021769904,40.344034259526545,34.7301659716576,41.590678773424074,44.0120063652753,0.1816888070634048
2954,42.1827510113349,42.01452154634231,40.06780447991519,39.26886945508117,6.293863873380118,41.33738464412676,43.99963908196895,0.18168880706340484
2955,42.18935664769399,42.07048090870614,40.43409390669026,39.94058113319957,17.579264828650675,41.20040340265623,44.00624471832804,0.18168880706340476
2956,42.178467567693794,42.01808211909081,40.278587262632776,39.32664533054046,23.5303989628155,41.31452614047492,43.9964144389464,0.18179468712526084
2957,42.190734962862955,42.07443950444681,40.22397921503485,39.74959849041514,1.1210656794952172,41.59980640225079,44.00572326878276,0.18149883059198024
2958,42.20624747454078,42.067568968655145,40.35086918840996,39.95145942620753,19.037242218833228,41.53285589314488,44.021235780460586,0.18149883059198021
2959,42.18750538829078,42.01559833589328,40.15143615280866,39.380306430212514,28.206781623932642,41.28097695165627,44.00304502540497,0.18155396371141924
2960,42.18042420386268,42.10365304407839,40.73835384293323,40.2193490770958,8.242917926081319,41.52360761207386,44.00241465667653,0.18219904528138486
2961,42.1682049676849,42.07129354031927,40.60940809539198,40.48927149660299,22.652246526585202,41.581151204921696,43.99019542049875,0.1821990452813849
2962,42.180360911934386,42.006294395020824,40.68884976580629,39.93890806242223,32.95957534596767,41.365269101776164,44.0030191506249,0.18226582386905152
2963,42.17385710509543,42.03039436649935,40.259158381641946,39.59196881895203,26.422436999372852,41.34805704582445,43.996515343785944,0.1822658238690518
2964,42.1737375933172,42.00291497858899,40.96470485457902,40.69804622973421,32.92996858295311,41.56272438416592,43.996395832007714,0.18226582386905163
2965,42.170555087402064,42.04979654025869,40.43712177538824,40.00150894522102,27.901643543605132,41.61181908167508,43.99321332609258,0.1822658238690518
2966,42.19249442694785,42.0639823241051,40.23431996523906,40.26706498663333,18.605683479853827,41.39774460533211,44.01515266563837,0.18226582386905169
2967,42.21159510241796,42.08023499632702,40.8312117299091,40.17574480809925,30.204740147558134,41.42657950759485,44.03402002800063,0.18224249255826744
2968,42.1869490047768,41.96367201060931,40.32925594362769,39.384558465604464,16.698258065904405,41.34266847982598,44.00937393035947,0.18224249255826747
2969,42.21463507852344,42.00384233906793,40.6040558627243,40.14951065308702,31.456346064356573,41.5031905428968,44.03706000410612,0.18224249255826755
2970,42.18029228544257,42.059752161770724,40.68294391793054,39.83165514462047,32.43522553324652,41.66282971222087,44.00271721102524,0.18224249255826758
2971,42.185525989567985,42.0494539745868,40.612015848599086,39.74234291290817,30.059816828067277,41.590224608824144,43.996264517367045,0.18107385277990573
2972,42.23563444551825,41.916756871941175,40.194825272464044,39.98491729588902,-1.4529787315334701,41.28674977237579,44.04637297331731,0.1810738527799058
2973,42.19821105802935,42.07835160730832,40.541691888468065,39.948884630546466,26.874284993514795,41.34534787873014,44.008949585828404,0.18107385277990562
2974,42.20178047798735,42.06466464685191,40.74929271572295,40.51675360590449,29.668220631367785,41.62890810487676,44.0125190057864,0.18107385277990565
2975,42.21032213949498,42.0660257814412,40.747937476083756,40.06722714540852,31.498461973183257,41.403845863822596,44.02106066729404,0.18107385277990573
2976,42.18873120158148,42.030941926104596,40.702923525879015,39.80772520635214,31.660511927402705,41.4988471055205,43.999469729380536,0.18107385277990562
2977,42.19829852928017,42.10989675186183,40.737854212205754,40.15777583312998,27.560900817875513,41.74889439180818,44.0085545161484,0.18102559868682244
2978,42.18618519932103,42.08083337349531,40.467130242050246,39.4632474918912,30.92576350270754,41.29410257420025,43.99644118618926,0.1810255986868225
2979,42.196389180826664,42.042537290009996,40.84123525751131,40.38441726755895,24.523704413869073,41.62876618348929,44.00266775236563,0.1806278571538968
2980,42.17494095979657,41.9488858720162,40.26690955631822,39.43041011693363,22.76705746448164,41.101471807280234,43.98121953133554,0.18062785715389668
2981,42.224259352500816,42.05959129307796,40.41860912440411,40.196565268251646,17.09542596076408,41.46399458325996,44.030537924039784,0.18062785715389673
2982,42.199334532284915,41.807530123862186,40.176067267965394,39.504500749453605,16.73072198092555,40.982184233060394,44.00561310382388,0.18062785715389656
2983,42.1947554156574,42.0680046823263,40.052913095861236,39.81870983533591,19.058147821298274,41.55306523633984,43.99635663578349,0.18016012201260945
2984,42.22607869310453,42.12330266238399,40.82441132302786,40.64255682437931,28.211781188427707,41.66988091640424,44.02767991323063,0.18016012201260947
2985,42.20574125506918,42.01062591963605,40.264776403384005,39.71251790453336,21.22386274849614,41.30245059572651,44.00586134651799,0.18001200914488127
2986,42.21312744487916,42.09198147983704,40.740567946323914,40.501382626861066,24.18467300497486,41.618703617582675,44.01892855831833,0.18058011134391658
2987,42.19488475320887,42.083645360764145,40.393143115613405,39.70011247399535,31.563342289379626,41.3353492346551,44.000685866648034,0.18058011134391655
2988,42.18212605890504,42.092738682117606,41.00921142972117,40.601547101096955,30.419864237662296,41.798853562971345,43.98792717234421,0.18058011134391652
2989,42.204048062182046,42.118141828463514,40.63241453117331,40.08333595816987,31.902848591188445,41.70674803852712,44.00984917562121,0.18058011134391663
2990,42.200828248979334,42.00411165888352,40.392621360702705,39.825362444851024,23.642493654822417,41.024462042367176,44.0066293624185,0.18058011134391666
2991,42.22911581451898,42.070938175848504,41.12926816261128,40.60516547324655,34.806947235483825,41.654529489055435,44.02191998110121,0.17928041665822333
2992,42.21996350991056,41.94717701183577,40.24194922211832,39.602155539434364,11.241467748359923,41.276895773770036,43.97854500848244,0.17585814985718753
2993,42.223008243797324,42.02447802567119,40.334984566258434,40.16832157127983,17.736686457930386,41.272179709932175,43.981589742369195,0.1758581498571872
2994,42.24514583060362,42.08382429750612,40.41138490222499,39.29681400438332,30.657495398318456,41.2081816774339,44.01307583768966,0.176793000708604
2995,42.21723093094419,42.07974990333782,40.527121974337504,40.052689574174025,26.89890231384105,41.558115478850155,43.985160938030226,0.1767930007086039
2996,42.20290525849041,42.08243541881458,40.94601948397852,40.796740555602604,32.57302351180022,41.79078361662,43.96558502345515,0.176267976496474
2997,42.20638422657349,42.08623104271331,40.81278823920958,40.020086793897015,31.457345161486657,41.65591524920771,43.969063991538235,0.17626797649647408
2998,42.213046100720845,42.036210319924635,40.71124187680492,39.833117931233716,27.620475864301362,41.374825653433874,43.97572586568558,0.17626797649647397
2999,42.225187465979516,41.993636430323825,40.43815085573291,39.51693025094476,22.284339568013458,41.343356807927876,43.98786723094426,0.17626797649647416
3000,42.23119855773867,42.091128204235865,40.201102246595354,39.674760194178624,10.803340827047322,41.53395258856516,43.99387832270341,0.17626797649647402
3001,42.23433646630564,42.136802046116145,40.724002536266326,39.88920277476092,30.953494707476857,41.79994796604497,43.997016231270386,0.17626797649647416
3002,42.227744854772716,42.03438829507216,40.62132239676086,40.205597648494276,26.890712969304385,41.40549138990868,43.99042461973745,0.17626797649647402
3003,42.203288723361666,42.13284002380894,40.942256697942064,40.34286864842371,34.37307129036274,41.76635051851698,43.9659684883264,0.17626797649647408
3004,42.23408123959439,42.11763615093421,40.71867168504298,40.49755450067647,27.521569395205987,41.46055858141824,43.996761004559126,0.1762679764964739
3005,42.23166091059864,42.13487933953343,40.975269031333,40.47972157427101,33.463442102553,41.835286219969696,43.99434067556338,0.176267976496474
3006,42.21305697710248,42.13143706985146,40.82975140040185,40.28265315112599,33.18173226616726,41.4906649651968,43.97573674206722,0.17626797649647402
3007,42.23780654154749,42.11728658977464,40.76088768754824,40.34626123476205,16.547908630022057,41.54704403656342,44.00048630651223,0.176267976496474
3008,42.248486502435796,42.017204697274664,39.59135112124001,39.35086899341766,-8.69555263515442,40.86114920389923,43.99088944020532,0.17424029377695271
3009,42.26389305628487,42.145880699189355,40.86415109016132,40.30477578200481,33.107642104856346,41.722458153679455,44.0062959940544,0.17424029377695277
3010,42.25513208678095,42.16105444738037,40.2265711711974,39.66360290726172,-13.349170655144952,41.703127193775316,43.99753502455047,0.17424029377695271
3011,42.26694358734232,42.02170973445433,39.93914483727771,39.63762839663217,-9.87938959532815,41.13248455528051,44.009346525111845,0.1742402937769528
3012,42.25468342752094,42.048341335866105,40.663069241590485,40.048875354417184,27.557288818209543,41.28737866271729,43.997086365290464,0.17424029377695285
3013,42.25563063557184,42.13451037402118,40.80782088660301,40.23735262128381,31.393902466413124,41.45241578378608,44.01330208121662,0.17576714456447792
3014,42.249059718758595,42.03835867834077,40.62720894774263,39.83585657787953,27.32967802145701,41.57969260874085,44.00673116440338,0.1757671445644779
3015,42.239109342419276,42.11788670065232,40.39592854255184,40.07105557504743,23.915285754339394,41.37153953329705,43.99678078806405,0.17576714456447773
3016,42.23051282350133,42.06415338901214,40.33173157916667,39.49794217289011,23.271175679276062,41.54402579632534,43.98818426914611,0.17576714456447798
3017,42.21730151477375,42.117997779764515,40.644987622305116,40.18924273644496,30.792062739304853,41.539066033316566,43.97497296041853,0.17576714456447792
3018,42.239109683314396,42.08810238785333,40.67548436067376,39.93583099327514,31.40866781752863,41.515885543339884,43.99678112895917,0.17576714456447776
3019,42.21744814325994,42.039549965007424,40.34083864444855,39.88608723635622,17.591822841368895,41.339004724842226,43.975119588904725,0.1757671445644779
3020,42.23302606957935,42.072350950981054,40.49492803904513,39.441359498610616,32.85775012525429,41.16616552743296,43.990697515224134,0.17576714456447792
3021,42.21443902892781,42.09096802610852,40.80571071863624,39.73071428860372,33.42862239495457,41.599843258937895,43.972110474572595,0.17576714456447784
3022,42.23596692002956,42.10997250071867,40.76067610323632,40.400108643094995,16.897732759409696,41.45402720951991,43.966086699234445,0.1730119779204882
3023,42.266802313505316,42.11340172299184,40.65900792069026,40.00450797942585,31.458103946800883,41.6384945992816,43.9969220927102,0.1730119779204881
3024,42.276382506081326,42.117615577560095,40.52400482032917,39.50112911391288,32.98875679958449,41.520815597215844,44.00650228528621,0.17301197792048817
3025,42.22986647589399,42.114763090815245,40.74185319806397,40.49110638075231,24.729620082832767,41.68368862917661,43.959986255098876,0.1730119779204882
3026,42.25572270722205,42.10431314986482,40.68922192166699,40.16301586318531,31.51276254297141,41.39110920511463,43.98137565050542,0.1725652943283373
3027,42.27459330017752,42.13844361990442,40.56446877804058,40.30815663752043,25.603279815751147,41.54219049211728,43.99383170599168,0.17192384058141624
3028,42.268619508116075,42.1290550986741,40.51053799174494,39.971873405825086,28.331145487448943,41.51259750122799,43.98785791393024,0.17192384058141644
3029,42.25907505801298,42.12266593435765,40.248211036671556,39.72554559012863,-8.808711459124602,41.519485912517155,43.97831346382714,0.1719238405814163
3030,42.29045132115433,42.12604625154023,40.713327997501864,40.239599562201576,26.898037110989208,41.503238528318576,44.012723067128256,0.17222717459739292
3031,42.26206034572146,42.07899603598752,40.58049815074774,39.98063106288365,29.501067472921847,41.474175399683915,43.984332091695386,0.1722271745973929
3032,42.25014109729121,42.14013478114319,40.49987615062712,40.11406342798022,-0.18963783936684564,41.57926668924834,43.972117722342475,0.17219766250512628
3033,42.26562127252217,42.14568178879148,40.60747244014553,40.09595755081174,15.828765917515256,41.65974083754712,43.98759789757343,0.17219766250512616
3034,42.271366448152726,42.16540156959411,40.79030369770689,40.13210156884135,33.11529944297375,41.71540298280627,44.024965849805675,0.1753599401652947
3035,42.252496465914696,41.94670253573044,40.40187033636479,39.71646860690868,28.609828610406993,41.16891873926107,44.006095867567645,0.17535994016529466
3036,42.218749641983734,42.090055653293334,40.672582056366,40.45830214730992,17.15408900280407,41.57312910908711,43.97234904363668,0.1753599401652947
3037,42.2533424523689,42.093185033302944,40.39258743476456,39.6844482396457,29.626094801676317,41.38895086433179,44.006941854021846,0.1753599401652948
3038,42.24005399387216,42.15301972808516,40.47233523232794,40.19919804038776,17.695667932198152,41.70645822909669,43.99365339552511,0.17535994016529466
3039,42.22454682082218,42.12385261407699,40.17637595801738,39.99938253288821,17.092623768070506,41.53144115372395,43.978146222475125,0.1753599401652946
3040,42.259551298457765,42.089839304757554,40.60976617621907,40.156421200112334,27.049590142648558,41.55624862297966,44.013150700110714,0.17535994016529458
3041,42.253484628842514,42.08938397684448,40.478880873147176,39.41090962608666,22.728437612146774,41.578280699060485,44.01586329436576,0.17623786655232412
3042,42.22586283618795,42.134306189869676,40.6339577601152,40.38364354081556,16.68045629487277,41.73096934751199,43.98792527394517,0.17620624377572233
3043,42.231580097290085,42.12857478548306,40.59703423447773,39.97451449329458,29.921692752325953,41.34254432679191,44.01221944539272,0.17806393481026345
3044,42.22902909752314,42.08809625819094,40.87808461121184,40.42133291370444,33.03276277301485,41.54464685267796,44.00966844562577,0.17806393481026353
3045,42.21877300233796,42.11179136188923,40.22423320936629,39.54172647277036,21.150100795501615,41.338881568897435,44.00036734302662,0.17815943406886567
3046,42.20872238233789,41.985534950031614,40.69025856768368,40.402297326669625,30.608082562086338,41.35753990842076,43.990316723026545,0.17815943406886575
3047,42.212156238838716,42.13052558487103,40.63234811737404,40.13933101633822,25.172423999077417,41.741314066084335,43.99375057952737,0.1781594340688656
3048,42.20303149891654,42.07732494179063,40.61158275199468,40.01844978120744,24.988390467347838,41.71539575190891,43.984625839605194,0.17815943406886556
3049,42.20932899632787,42.03286129096993,40.64821458281933,39.72135367519631,30.270872412268623,41.62696377929675,43.990923337016525,0.17815943406886553
3050,42.21950197537239,42.084497803955095,40.41547456541106,39.75984333177381,26.561390717164134,41.3117362926345,43.99672852003461,0.17772265446622185
3051,42.23568770585753,42.006061665547065,40.45962804756792,40.11500909619786,25.147305898443573,41.517023029578084,44.01291425051975,0.17772265446622182
3052,42.204908413543194,42.12485165635524,40.88140209874417,40.50759531354899,25.60862711752533,41.83322154514007,43.982134958205414,0.17772265446622199
3053,42.235040897372954,42.0720694034456,40.122618351614996,39.619764273027435,19.79444034438226,41.595197677525306,44.01258366980119,0.1777542772428236
3054,42.20023946466942,42.05318769331039,40.4834593680822,40.058011857240594,25.15430407784973,41.29183381350241,43.97778223709766,0.17775427724282364
3055,42.20386238216643,41.93933186089894,39.92678310307512,39.43616608440841,17.16234684768586,41.16288922833674,43.98140515459466,0.17775427724282356
3056,42.20398076305952,42.053765126088585,40.240126583209346,39.293982699838004,21.697391970400716,41.260475971315174,43.98152353548775,0.17775427724282364
3057,42.21624372787773,42.094634354159915,40.56549512351946,39.363419825756765,31.248330956306397,41.455539233357605,43.993786500305966,0.17775427724282356
3058,42.1879576928508,42.05514035454155,40.69451257780712,39.950319232730735,30.18018182696463,41.54163856925253,43.96974408090019,0.17817863880493895
3059,42.21188615757364,42.10729395588075,40.19388308463893,40.00507074397246,-13.964835180456411,41.49211371273532,43.99367254562303,0.17817863880493903
3060,42.19060796481215,42.093862883904976,40.82856849797134,40.277415431434875,24.480453127353226,41.542422920915826,43.97239435286154,0.17817863880493903
3061,42.20867126554479,42.103917065203,40.73474544477477,39.83591486946597,31.68035490506592,41.70684901601702,43.99045765359418,0.1781786388049391
3062,42.17890344200914,42.06735781440023,40.39896256372348,39.92722140942552,2.226159393844476,41.395660793713546,43.987578131084355,0.18086746890752156
3063,42.175728985860395,42.08271599286701,40.808559988878905,40.20308441532355,24.676769833544245,41.70034215723055,43.98440367493561,0.18086746890752162
3064,42.18851786866073,42.082542788923746,40.55049204224645,40.22316564363872,27.40939118917383,41.59214318350206,43.99719255773595,0.18086746890752173
3065,42.18506520965511,42.02982222184145,40.49752564788455,39.933637649710775,24.07040334199362,41.33161714327785,43.993739898730325,0.18086746890752173
3066,42.17628475594005,42.04519139750161,40.32748340575508,39.68983664381227,18.055955594601485,41.417194703005094,43.98495944501527,0.1808674689075215
3067,42.17577175782014,41.85463801906996,40.31235929249609,39.46619691812773,25.48677897136333,40.993741326932785,43.984446446895355,0.18086746890752173
3068,42.17261042470256,42.05060780732659,40.67893711268988,39.8038352617714,31.34558179811473,41.46039190367577,43.98128511377778,0.18086746890752167
3069,42.184600320599166,42.01693731881825,40.35853823215299,39.72278188608579,22.244133540028216,41.35924994213187,44.00645757705995,0.18218572564607802
3070,42.18890343963237,42.05507300974265,40.4131838633742,39.84531229108498,16.41135031024999,41.566750178587995,44.012241824770435,0.18233383851380622
3071,42.1577071578446,41.96378805939742,40.29909880640904,39.7835712910532,29.913045503791295,41.22584179278368,43.98104554298266,0.18233383851380627
3072,42.19005976952724,41.912997265259676,39.57233204235423,39.1810789209737,-0.28469167343546786,41.242364722324794,43.984870569847295,0.1794810800320056
3073,42.211826449088036,42.03737862929768,40.00492796110838,39.62030466209299,20.537421180554357,41.39590873988685,44.006637249408094,0.17948108003200564
3074,42.190495628041056,42.04044264371816,40.60509566900962,40.01399051747902,26.428391541404515,41.36017679056769,43.98530642836111,0.17948108003200558
3075,42.20851230261751,41.941909134393235,40.217579444356055,39.430171569002155,16.65936583241543,41.16205876159998,44.003323102937564,0.1794810800320055
3076,42.201792505849994,41.91728417363851,40.25856535158683,39.312938535479354,30.85920995474522,41.367102744282036,43.99660330617005,0.17948108003200547
3077,42.199279744761775,41.996993937184364,40.22203487184629,39.79415714877795,24.39350282190349,41.188303046326396,43.99409054508183,0.17948108003200544
3078,42.18018409817031,42.03959220515284,40.518950834244386,39.8195551852692,22.83841225257544,41.65260419447375,43.974994898490365,0.17948108003200555
3079,42.21203757634128,42.052152570473666,40.4289861942222,39.96329112836298,27.273292286508873,41.424104945346116,44.01287397252208,0.18008363961807997
3080,42.19005669164801,41.992325157080174,40.32101380902482,39.38803379680381,27.14384110041298,41.2739582232273,43.95927031122712,0.17692136195791153
3081,42.224865807221605,42.11536477158796,40.38535653083571,39.56641542841915,26.35989660717751,41.407521538093135,43.98122627165884,0.17563604644372374
3082,42.243947350930476,42.12886797562221,40.85591780461669,40.289812205610836,32.04281906297433,41.55286376162687,44.00030781536771,0.17563604644372377
3083,42.225004264441914,42.125879905650855,40.137732473550365,39.53593178067794,5.104802928618021,41.68749394348424,43.98136472887915,0.17563604644372377
3084,42.23582564339319,42.05670397849453,40.64985366366854,40.211909544537605,30.850506508880493,41.50707880227198,44.01195248894886,0.1776126845555663
3085,42.2138413631159,42.03075098425554,40.77601019692736,40.44196385861597,31.319040977051827,41.5658951902151,43.98996820867156,0.17761268455556628
3086,42.19194667424056,42.08128945135514,40.16128773941051,39.70608729169257,15.271296858575713,41.435967641740945,43.96807351979622,0.1776126845555662
3087,42.21410513564943,42.09106297621031,40.58354813733684,39.68990052925884,28.322066127803136,41.64071629908662,43.99023198120509,0.17761268455556617
3088,42.17974477847408,42.085350361054445,40.47921703579016,39.64068688405654,23.32570594412148,41.46855068052726,43.95587162402975,0.17761268455556636
3089,42.191908576989334,42.059429515515106,40.49871139490251,40.21346481446108,2.0387190257337195,41.56885150903871,43.968035422545,0.1776126845555663
3090,42.204694978144104,42.07518226566448,40.13639138062012,39.49736065583695,19.22922187215047,41.344685151875865,43.98082182369977,0.17761268455556628
3091,42.20131445644232,42.0450538363705,40.26153005344356,39.12371733085993,24.13411742790773,41.42840029417448,43.9585110825142,0.17571966260718808
3092,42.23236181236664,42.06671824081432,40.76422273638608,40.2763713105171,28.916989522026352,41.53304733483661,43.99618894470001,0.17638271323333712
3093,42.228644037279196,42.044942718340856,40.51092631563069,39.62137451150003,31.876309979338217,41.43043465026618,43.993316448457726,0.17646724111785309
3094,42.20032936188965,41.986000337855806,40.191271591593804,39.72053767230157,22.717579461123023,41.17785747848477,43.96500177306818,0.17646724111785322
3095,42.197505193428015,42.008129707249935,40.18673187235867,40.01880030783945,-9.44064009776546,41.55823070192572,43.962177604606545,0.17646724111785303
3096,42.215785987007756,42.048554705546685,40.53725708576178,40.03957334516359,28.084233471462248,41.35586247251611,43.980458398186286,0.17646724111785314
3097,42.24058789741211,42.11641942926953,40.68007055106697,40.15544045316142,21.698973441886636,41.6142366589522,44.00526030859064,0.17646724111785314
3098,42.21899743116567,41.99610417083709,40.080754603122756,39.02613542623526,21.786835756801683,41.1786011214967,43.9836698423442,0.17646724111785309
3099,42.22264371261157,42.06775883774088,40.57696362204606,39.87992661458336,27.183498520433773,41.47258061425069,43.98977083270579,0.17671271200942162
3100,42.21336632172075,42.12313291637389,40.66879670682544,40.63928309394092,26.293693468132957,41.852457242896236,43.980493441814964,0.17671271200942168
3101,42.2004819030729,42.033570260003735,40.35588855877897,40.13917543897753,-10.551852634315324,41.52252809883319,43.967609023167114,0.17671271200942149
3102,42.20069343358238,41.94238720139733,40.3196176364382,39.81662002763366,28.082845048378786,41.24917847208447,43.967820553676596,0.17671271200942168
3103,42.21333142742486,41.973755522669265,40.431955497691156,39.90151183960876,30.33045550347018,41.37544172447671,43.98045854751908,0.17671271200942154
3104,42.219788356617336,42.08977358644752,40.29924016357173,39.854258747747004,2.006830228617204,41.49337655668151,43.98691547671155,0.17671271200942165
3105,42.21049425150346,42.042215706228,40.53332097497414,40.31330964612513,26.35759102665086,41.46832877206265,43.97762137159768,0.1767127120094216
3106,42.19828563935048,42.050710829114784,40.26657158529718,39.4805271792933,21.755331162500717,41.38354808831708,43.965412759444696,0.17671271200942168
3107,42.202241943560914,42.08136789084487,40.686795945879105,40.059112568798234,28.356624628571417,41.47549899542583,43.96469171224226,0.17624497686813434
3108,42.264688273160154,42.046769527706715,39.943934846143776,39.21059576659095,-13.335034701418422,41.22763027963534,44.027138041841496,0.1762449768681343
3109,42.21524298342369,42.058725231810904,40.08008345706529,39.48527250633852,-12.584492257884413,41.46911869552976,43.977692752105035,0.17624497686813448
3110,42.210714410767785,42.09474548243801,40.7097936608388,40.39306937437118,17.390416617452804,41.73469061349888,43.971201691683675,0.1760487280915889
3111,42.21335904593784,42.10366320988745,40.504809467280275,40.1852467903667,13.600424877480805,41.624699937011925,43.9804568130759,0.1767097767138053
3112,42.207349883771066,42.06732160717188,40.14884683602883,39.43908747067447,22.633604690526102,41.448470346062365,43.97444765090912,0.1767097767138054
3113,42.20976321793023,42.12357109947873,40.917748827626525,40.55130710426282,33.61282478422283,41.65093836754777,43.97750885699185,0.1767745639061617
3114,42.20971780471542,42.12138077968857,40.65842891644673,40.099217142897686,23.682058516445462,41.56036143227268,43.97746344377703,0.17677456390616172
3115,42.22217487353034,42.05859279788345,40.24954157914772,39.860484361854624,14.954333800059914,41.32742770258825,43.98992051259196,0.17677456390616172
3116,42.21305546351089,42.11888929934605,39.89065664604333,40.24520444919851,-12.55977142214602,41.64347423737309,43.98080110257251,0.17677456390616167
3117,42.206982868124015,42.04589982587322,40.201948313315626,39.28905107245219,17.02446770637204,41.494214742589655,43.97472850718563,0.17677456390616167
3118,42.20059616218764,42.074757008078606,40.31597803969932,40.07428264530801,22.408109488764442,41.53166508575884,43.96215604667216,0.17615598844845237
3119,42.215859451729095,42.03273018762005,40.39801690672165,39.672554325161464,22.272698066793648,41.336068689322424,44.04777752280221,0.18319180710731092
3120,42.25878303986341,42.08422803849864,39.94473345401538,39.58905020180582,8.416003606967514,40.95914084506671,44.09070111093652,0.18319180710731087
3121,42.24031641259858,42.02994705979485,40.073902932519566,40.39496845436678,-10.64632266917949,41.39951890624509,44.07211425722823,0.18317978446296468
3122,42.256060991172646,42.07836470275556,40.41464655311318,39.61638079873149,25.71900272490706,41.504987188344344,44.087858835802294,0.18317978446296468
3123,42.24388934251937,42.11583581593341,41.06329174385894,40.822620103823034,26.606126626747027,41.84877692259861,44.075370959383,0.18314816168636308
3124,42.2440083128269,42.13486695277098,40.3901377979059,39.691300656714056,15.184582590249612,41.62533412854852,44.06928686250201,0.18252785496751098
3125,42.24225907359742,42.14468031718632,40.314630800725965,40.084969204341824,15.389062341349941,41.615881810821506,44.07223095882168,0.18299718852242636
3126,42.24331592121244,42.08184029654514,40.33482867431333,40.161454006038824,23.246083604945806,41.394810135634515,44.07273481778475,0.18294188965723077
3127,42.240169551996544,41.969820595982135,40.100250130896704,39.53153915752853,17.778885450966932,41.25679744817752,44.06958844856885,0.18294188965723066
3128,42.249828906088936,42.04900672922076,40.45294452156026,40.09576703193107,17.13063875850477,41.585378759167256,44.07924780266124,0.18294188965723054
3129,42.234609931259726,42.09785002190755,40.298239669695626,40.05283283276377,23.64600786210533,41.33301668926389,44.05007928781492,0.18154693565551924
3130,42.27592216051757,42.13123968115572,40.713900866865046,39.906251143265976,32.280018357690636,41.48124464745695,44.09139151707276,0.1815469356555193
3131,42.250895863115716,42.17652883950732,40.814807224304495,40.48123463351845,30.441770625618773,41.585242545876426,44.0941623523485,0.18432664892327857
3132,42.23558106150367,42.08647672481795,40.49696608242486,39.80242358948154,26.327012173984944,41.28251330060223,44.078847550736455,0.18432664892327844
3133,42.26673087702123,42.05483737645168,40.368436165786896,39.59182282363187,21.632655546494036,41.377576263676886,44.109997366254014,0.18432664892327844
3134,42.214408759547226,42.14919324972103,40.75759983144231,40.63085646615292,23.893687581043203,41.68220701947291,44.05715484721953,0.18427460876723023
3135,42.26377003108541,42.14687761173675,40.684738034677814,39.94616701216542,30.668946561626427,41.51230631022291,44.10651611875771,0.18427460876723026
3136,42.23123498491545,42.0607328649964,40.35118825736532,39.5177503468987,29.049867795786643,41.33403348755621,44.09096350911237,0.18597285241969205
3137,42.21871816922147,41.9850584809729,39.87512061038132,39.42703010212923,1.6876282130327809,41.134353620215784,44.072421097557644,0.18537029283361775
3138,42.21848928918793,42.020715708542006,40.61409938620736,39.848941153290404,33.48094887484086,41.339061293340784,44.072192217524105,0.18537029283361767
3139,42.23083732371166,42.109645296988425,40.7756504583452,40.348146189723636,32.76821408292384,41.69680715494279,44.113152877259694,0.18823155535480293
3140,42.20531832660518,42.10570008618408,40.18439911062738,39.88790199432769,-9.32051705650671,41.591762085768224,44.087633880153206,0.18823155535480265
3141,42.18645762669462,42.04750642521011,40.56518009956991,40.466877969551646,27.561165030422515,41.68932290167406,44.06906158339296,0.18826039566983413
3142,42.21812932973486,41.95182760071927,40.041995596348016,39.08253044253842,21.636837313772066,41.09186622819708,44.1007332864332,0.1882603956698341
3143,42.19341721920441,41.95122886208593,40.37529198797589,39.255216328664005,31.307240481794466,41.27245680658734,44.07602117590275,0.18826039566983402
3144,42.1989896496968,42.08576509194935,40.71355041759632,40.87501508683546,2.019162768096969,41.817270249169596,44.08159360639514,0.188260395669834
3145,42.20237902140167,42.068327749368855,40.78778222849736,39.7552900870815,33.43649523513794,41.53928867859094,44.08498297810001,0.18826039566983405
3146,42.2088256485908,42.072419573740916,40.06650539465046,38.88827476208362,27.401986880596077,41.13239162717474,44.09142960528914,0.18826039566983413
3147,42.2014096750951,42.07164269626405,40.24037347335922,39.81558341070337,25.52340259163583,41.25672857913206,44.08504957017832,0.18836398950832237
3148,42.2013775574218,42.04572232796139,40.16343106310592,39.3651474884038,24.45535116725972,41.24669537331338,44.08501745250502,0.1883639895083223
3149,42.201437891838864,41.925950747846585,40.00749654593357,39.46822568732501,21.563677552346764,41.12567366522504,44.085077786922085,0.1883639895083222
3150,42.194869207113726,42.02225663936276,40.612895658617745,40.179949545683975,22.115251619001516,41.317282464264906,44.078509102196946,0.1883639895083223
3151,42.184563652254774,41.98592461278357,40.42575596744284,39.84769823160568,23.804005889350744,41.182583137619886,44.113033617395075,0.19284699651403012
3152,42.17636680558135,41.95987825606084,40.61388341218517,40.04618650106213,28.67699300849059,41.52814568434507,44.08771761500399,0.19113508094226397
3153,42.151171157778705,42.04707591776777,40.380151156637424,39.85503408696576,28.943313594853233,41.57648591530018,44.06252196720134,0.19113508094226395
3154,42.182655222220134,42.03880374570408,40.777609158777366,40.299429443569714,25.146009900832134,41.71984577065664,44.09400603164277,0.19113508094226395
3155,42.17005681901516,42.02390621596925,40.412475535725456,39.425396498476594,30.36668451392417,41.403007507487985,44.08819594260097,0.1918139123585807
3156,42.16653446597181,41.99560843189193,40.52517225747064,39.80951614957078,21.45467590018662,41.36473468578745,44.08467358955762,0.19181391235858072
3157,42.16487124221525,41.934580291882384,40.4396005507924,39.88250982788809,29.285872310080805,41.0960177688354,44.082055373215034,0.1917184130999786
3158,42.144192266170805,41.93154580252746,40.02516799918968,39.10897402325946,24.977010590040106,41.31565506775915,44.05053798328694,0.19063457171161313
3159,42.185168437364815,42.05017869337747,41.0052912416229,40.47929720973415,34.313646722082886,41.779197637782005,44.09151415448095,0.190634571711613
3160,42.185065584171866,42.07548974465085,40.57110821025771,39.70377905725148,32.62032975044284,41.393230196529885,44.09126339044918,0.1906197806277313
3161,42.18322056759932,42.01504896698906,40.184972707173095,39.4791220270586,19.93561495178661,41.45755944466157,44.081913669627724,0.18986931020284006
3162,42.17278321172231,41.88709978432388,40.30266365180314,39.03527100939227,29.80975666511436,41.1069777742841,44.08166505803844,0.19088818463161308
3163,42.16037016920704,41.98940528971209,39.92466407326059,38.880163617945485,26.342036075243353,41.11310461863981,44.06925201552317,0.190888184631613
3164,42.16252484979828,42.00959987663828,40.34739757782509,39.56493598183038,27.989235098282325,41.528868349931756,44.065787355647366,0.19032625058490846
3165,42.17856372021777,41.9655207072888,40.13359433047007,39.09855048701127,30.298205050196405,41.07843535857608,44.08182622606685,0.1903262505849083
3166,42.16877723302957,42.0452805022744,40.96650098382584,40.594048832810145,27.321970750789937,41.71389120840158,44.07203973887866,0.19032625058490826
3167,42.19387734339708,42.037554930537176,40.11674337153445,39.37118189876586,22.703140110303828,41.354241352636535,44.09713984924616,0.19032625058490846
3168,42.17575250753974,42.05129605390637,40.72957975300697,40.23760455938749,30.37691726032585,41.612465694254325,44.08170482691992,0.1905952319380179
3169,42.204476473368125,42.02783794608009,40.56597671183487,39.85781788158878,26.890703771289743,41.437442146801054,44.106621739671155,0.19021452663030333
3170,42.17914861940554,42.050389788231996,40.57979271694539,39.879874880466915,28.294162917445284,41.49255820921141,44.08129388570857,0.19021452663030308
3171,42.161746074019916,41.888321096014096,40.450324122075905,39.95481314533993,23.90330044855447,41.41903225246442,44.068952412249665,0.19072063382297463
3172,42.181154351901824,41.997242928173506,40.42062874779145,40.0607683859843,21.549383445631914,41.47011195433963,44.081713125930285,0.19005587740284627
3173,42.20669405716191,42.00572007388911,40.09786457670414,39.45376161178254,16.69525030445225,41.317180875177485,44.109819033272856,0.19031249761109456
3174,42.16659996315571,41.98574412025739,40.31611873935297,40.039577098693044,13.86486219518802,41.52143016330422,44.069724939266656,0.19031249761109453
3175,42.17257003952406,41.96217942895234,40.32493710016849,40.19944528343833,14.962893388231905,41.28281200752811,44.075695015635006,0.19031249761109464
3176,42.190901030111924,42.09391247256385,40.30256702003249,39.49720062906971,24.68582709035698,41.53364548124415,44.09402600622287,0.19031249761109445
3177,42.18204675287603,42.07464701234083,40.34611062431193,39.68490885075506,19.12428024129246,41.5364183811105,44.088465368004144,0.19064186151281098
3178,42.181353285283656,42.060010811373395,40.76614674726368,40.31237676875365,30.410453753160173,41.47034928609629,44.08777190041177,0.19064186151281098
3179,42.17539727707301,42.03003989431817,40.590143799535426,39.92837779005432,28.985075400559325,41.28768874164681,44.08181589220112,0.19064186151281096
3180,42.162608237350085,41.98344953970808,40.78874072193872,40.10528334858202,32.32481081716885,41.35413268031716,44.069026852478196,0.19064186151281098
3181,42.156558525439,42.036579842708875,40.69117534668494,40.33341334859399,27.20498136729955,41.547468476971055,44.062977140567114,0.1906418615128108
3182,42.186525857642586,42.06877505915856,40.30609407787598,39.834482109354695,0.5481738815401158,41.55507360994129,44.087883400843985,0.19013575432013963
3183,42.15522443769472,42.051152605026736,40.40030774291135,40.38886508998314,-13.383394014687852,41.63158717832413,44.05658198089611,0.19013575432013952
3184,42.199524961543446,42.00941610010759,40.47239733554454,40.07604359902358,27.080537241565484,41.33891424513399,44.11015677626183,0.19106318147183854
3185,42.16205902475401,41.9396898711414,40.46687552253528,39.97780105233477,26.299232145270064,41.44432277461161,44.07269083947239,0.19106318147183857
3186,42.174303617227054,42.030533487761325,40.28699104702399,39.70643753259912,1.9537250326676983,41.37686706384187,44.08493543194544,0.1910631814718385
3187,42.18084130720965,42.01112039387473,39.94362503892227,39.21222757079039,18.90596834549655,41.377074135378855,44.09147312192803,0.19106318147183862
3188,42.196605560396435,42.05269607428244,40.65976409790341,39.95735954890852,30.97264006920883,41.478277403277914,44.09782569585353,0.19012201354570932
3189,42.181358718120435,42.050771496305586,40.6277378461654,40.211737577276,24.355739640384638,41.416957703785066,44.08257885357753,0.19012201354570937
3190,42.19387233548816,42.07474225870628,40.67966006058862,40.249857774149106,29.630129973504133,41.67871770440145,44.095092470945254,0.19012201354570935
3191,42.193925402387165,41.96476675635879,39.808850465733485,39.42754086646227,-0.2837121022544551,40.97822891716477,44.09514553784426,0.1901220135457094
3192,42.19421163893763,41.92307777543655,39.95492441395864,39.649172996128854,24.23594550265713,41.08636038800888,44.095431774394726,0.19012201354570946
3193,42.17503192025174,42.03594471899762,40.51232508516014,39.67563029623198,30.362722091284013,41.36243702591676,44.076252055708835,0.19012201354570946
3194,42.196877288961915,42.08917493239387,40.33704661182152,39.62453372251676,25.132241621359686,41.413790991384474,44.079397593071604,0.18825203041096927
3195,42.20534046077937,42.110022374910486,40.64682633006631,40.52774100808541,21.626833144345703,41.68827706842366,44.08898278334336,0.18836423225639953
3196,42.196577133129644,42.111992048470825,40.6006655363407,40.19196470231638,25.934030115095872,41.729170765449716,44.07343114153047,0.18768540084008273
3197,42.200693235728735,42.047067358510894,40.10813632387881,39.522465585317185,23.145367211439154,41.31680281273464,44.07955937113539,0.18788661354066521
3198,42.19762448795291,42.03969729534244,40.23616882944902,40.46835251431728,13.1602778024536,41.49456654562184,44.07649062335956,0.18788661354066533
3199,42.20087782308824,42.01478132052668,40.31275143939121,39.80178427791858,26.951203554616857,41.36046865771404,44.079743958494895,0.1878866135406652
3200,42.209979416284696,41.982220727789404,40.76839305692529,40.45969279634974,25.291589685631685,41.48275864179506,44.08884555169135,0.1878866135406651
3201,42.20064615208779,42.07029510580583,40.67277324166711,39.969126534013114,21.51589911792467,41.53009737153263,44.079512287494445,0.18788661354066533
3202,42.200744111180185,42.008467956202765,40.61772459240374,39.81349049405158,26.98506138066002,41.382479083612054,44.07961024658684,0.18788661354066535
3203,42.222390863138656,42.08553107507698,40.39556601789962,39.509009556543674,20.873608668612395,41.39572611810665,44.10125699854531,0.18788661354066538
3204,42.19459156702866,42.012941133153284,39.78459028319509,39.76835136634451,-12.775462262867435,41.21424815161316,44.07345770243531,0.18788661354066538
3205,42.2041337680169,42.116146457579134,41.006527701711626,40.47161098788474,31.38026485268673,41.834525731818715,44.104488661617175,0.190035489360027
3206,42.19163530193174,42.076313835743136,40.392728989255964,39.42283158642872,23.029623015528202,41.46177721627893,44.09199019553201,0.19003548936002723
3207,42.19436552161467,42.01226527724776,40.69738487637005,39.804492076183216,32.025513182461545,41.51055250726048,44.12628831587331,0.1931922794258637
3208,42.15197952726576,42.019461734799805,40.53218653728563,39.625302049536764,32.344521276762265,41.4155420299104,44.07453247573712,0.19225529484713666
3209,42.155812217149716,42.026569001659276,40.38731356292806,40.07593963953482,23.909123246123627,41.584198048005575,44.078365165621086,0.19225529484713688
3210,42.171423499386364,42.05587160534448,40.781800165397236,40.23525016702298,30.478242472532315,41.69471068384445,44.093976447857735,0.19225529484713683
3211,42.14667276073133,42.00158073201623,40.65744071827353,40.08584490024133,29.582433978435418,41.45159554626147,44.068650269265355,0.19219775085340285
3212,42.16124365306589,42.01974039887393,40.27839857188763,39.810560759260476,16.78684178066926,41.36973459399658,44.09359534129129,0.19323516882254033
3213,42.1513911314569,42.036562485733825,40.70178020063599,40.106022984890615,27.26492281236254,41.5642852819111,44.0837428196823,0.19323516882254027
3214,42.16761070939232,41.963293456570675,40.26151520600249,39.27620146955228,7.2164805068398366,41.32384002746622,44.09996239761772,0.19323516882254022
3215,42.139255566750876,41.99326798396604,39.449051338977924,39.24658155341205,-10.631260095797735,41.3750191585361,44.07160725497628,0.1932351688225403
3216,42.1424798952233,41.9860727306238,40.33211505530957,39.42084975493417,23.934614940300317,41.47000227644192,44.08411629020811,0.19416363949848064
3217,42.14243345465977,42.0211113981495,40.28112427054774,39.3438718101568,25.299860805048386,41.178492556301094,44.08406984964458,0.19416363949848064
3218,42.11348300233971,42.00933896076415,40.125888851814665,39.484112141031424,24.524306833667755,41.28542880049578,44.0733827459881,0.19598997436483875
3219,42.12191554576896,42.034831348720914,40.36120738251553,39.73285999587257,29.399548545867486,41.3889054426985,44.08259281067559,0.19606772649066323
3220,42.12111023309579,41.9207570562752,40.29211141967625,39.4235353812459,19.072146975558855,41.202238921788236,44.08210372576844,0.19609934926726488
3221,42.118640208289385,41.97463849735973,40.060130987426696,39.0780186504587,14.739946751919412,41.35391791864874,44.079633700962034,0.19609934926726474
3222,42.14111449844207,42.02560326409437,40.38986012598458,39.637256566657875,28.939260440464253,41.58635085344336,44.115195991995385,0.19740814935533121
3223,42.16059269213961,42.05328052829839,40.119324343179606,39.085106044858065,25.53477909812358,41.511636514432155,44.12517345686282,0.196458076472321
3224,42.1930183843937,42.07435162818407,40.63906686296319,40.1742614599544,29.69236542947995,41.44785125904412,44.15915790905615,0.19661395246624438
3225,42.183730467243734,41.8757071506938,40.37026626347815,39.55943691406924,29.34913371358531,40.91946291231574,44.14986999190618,0.19661395246624463
3226,42.180477576740905,42.07960562155244,40.56020489846478,39.802788500382945,29.681100589992056,41.30945145273465,44.14661710140335,0.19661395246624463
3227,42.193770727618364,42.01142763526593,40.442849797038576,39.38434048719672,20.98740803116632,41.340756987492476,44.15653504414049,0.19627643165221278
3228,42.2060236634049,42.04184616698961,40.27412707715147,39.36907391780756,30.657698155078908,41.48222879866377,44.168787979927025,0.19627643165221273
3229,42.17147019875991,42.04725067119282,40.18509482031203,39.47402356840811,23.123622369253994,41.20895167845433,44.13423451528204,0.1962764316522127
3230,42.17765126207342,41.9585231782813,40.45137467728099,39.645311300779056,32.11097877588641,41.24138535989175,44.140415578595544,0.19627643165221287
3231,42.18676489120305,42.057056609847955,40.52276040595145,40.044747791576526,22.752447874548825,41.53057308901212,44.14952920772517,0.19627643165221278
3232,42.18381228873375,42.01193817497459,40.2144545546442,39.320102687775886,26.31826058795772,40.90219641445951,44.14657660525587,0.19627643165221278
3233,42.193221562499865,42.08372852509612,40.53869203145521,40.392807905879046,-10.533799215563079,41.69511873143193,44.153252379936376,0.19600308174365122
3234,42.205513230736294,42.06381210919216,40.630065449961194,39.666467300568684,33.50127214330751,41.63373184450829,44.165544048172805,0.19600308174365103
3235,42.199093607292426,42.012508229560254,40.56518602788558,40.12186838606343,31.579742226361958,41.533981183297016,44.15912442472894,0.196003081743651
3236,42.18866449126411,42.04327419374459,40.445990495629346,39.70942855625809,29.608923346915255,41.44781332923819,44.148140566158226,0.1959476074894112
3237,42.22407592080748,42.062837353047975,40.25527629853293,39.36870131121973,31.514117164111436,41.312174208144015,44.186315506113125,0.19622395853056493
3238,42.23959804168696,42.05085068462269,40.18267618686628,39.4354425673598,19.275995482305838,41.480076238055666,44.20183762699261,0.19622395853056487
3239,42.20904152723496,42.10957159842931,40.65631051390971,39.95917746117133,33.83545110187228,41.512683790146475,44.16730601360482,0.19582644863698662
3240,42.24918478212624,42.011250109826804,40.23763715185591,39.11326486874588,30.172954989702163,41.312169560224774,44.207449268496106,0.1958264486369865
3241,42.2514044602692,42.06806995900027,40.801345983062994,40.580461566310255,22.642087180321106,41.72875075081507,44.1796956907959,0.1928291230526703
3242,42.30400078894492,41.991089661372705,40.48190029852286,39.83531284881321,29.529072149425428,41.42921656939886,44.189010766033455,0.1885009977088537
3243,42.2699183525757,42.05248394715662,40.179990564008115,39.104296608680784,20.90822970557258,41.02575988719427,44.15492832966424,0.18850099770885395
3244,42.294732256247435,42.19070745609307,40.961660642503844,40.028004518776626,32.37465066044554,41.80920663404021,44.17974223333597,0.18850099770885392
3245,42.272800133901,42.11120509557655,40.16779872800882,40.1443614557555,-15.336763940701942,41.47365785498038,44.15781011098954,0.18850099770885376
3246,42.30948511708222,42.18836665667861,40.86047366211035,39.92142163585575,28.575492430445117,41.823287399730404,44.16685645081241,0.18573713337301928
3247,42.331587047784,42.19637620147415,40.795137154082525,40.26570888515857,18.73584189964772,41.714465535150055,44.18895838151419,0.18573713337301934
3248,42.32555418952316,42.22238390948538,40.7697142899355,39.98353172548912,31.335677139894763,41.622315354943254,44.18292552325335,0.18573713337301923
3249,42.31890135229805,42.16194127439505,40.386066746228856,39.36553712662201,27.645552418890546,41.54762947629158,44.17627268602824,0.18573713337301923
3250,42.34860790978018,42.17165096410199,40.433553557099735,39.69350412118634,26.690828901209127,41.37340205063943,44.18304474513084,0.18344368353506652
3251,42.33586317413784,42.135868090530586,40.78878721142872,40.22553321501673,22.457609972559453,41.601599039172,44.17030000948851,0.18344368353506638
3252,42.34801602687001,42.21829382534304,40.84820423199278,40.33226988537101,28.606366802859355,41.75573565813352,44.18245286222068,0.18344368353506654
3253,42.345553962280995,42.141149559409776,40.90570613423922,40.162502987058545,26.756711785514497,41.56333162561525,44.17999079763166,0.18344368353506652
3254,42.33397414621809,42.21409111078453,40.536364767207786,39.46765877564302,26.360603288312088,41.62126134852097,44.16728896311445,0.18333148168963614
3255,42.3356192595211,42.21695051805226,40.934185845217854,40.5192011289838,19.72493060135353,41.85710069251882,44.158384501904855,0.18227652423837526
3256,42.329438595292864,42.17246528823955,40.831710037558636,40.38884253978559,31.62944735333989,41.7564368045112,44.152203837676616,0.18227652423837526
3257,42.31058568329018,42.12246237219653,40.459249434685084,39.44786614997115,31.185620086056957,41.32466045221716,44.13335092567393,0.18227652423837526
3258,42.308023175392094,42.229731621565605,40.898812264167994,40.70115832894232,29.97144692502866,41.74891145156385,44.1308851455435,0.1822861970151408
3259,42.31701658694555,42.20438968409737,40.72997447649433,40.48111979735738,21.156486583197406,41.69000622455492,44.13963880420891,0.18226222172633563
3260,42.32012720948903,42.16273391083479,40.46594519144985,39.94602759344471,32.21618595248454,41.25404426025857,44.14274942675239,0.18226222172633572
3261,42.310867758279535,42.07477797628349,40.27092429096829,39.66600258168132,17.50331292039248,41.37549585605667,44.13348997554289,0.18226222172633552
3262,42.34147920231063,42.20755065883355,40.49032135969007,39.76253586644596,22.706664562546294,41.69893616464351,44.18292857470821,0.1841449372397579
3263,42.27962431057839,42.136273690965915,40.48264458726242,39.694186590225925,28.476821941554,41.588045262195934,44.12107368297597,0.18414493723975778
3264,42.304546293969125,42.188546671910736,40.89548099157462,40.27095044560515,35.01778530121943,41.57085484198459,44.1459956663667,0.1841449372397578
3265,42.30314138801059,42.06643119230137,40.28825172535054,39.95153925609307,3.948769123102487,41.36900379016028,44.15169530233735,0.18485539143267637
3266,42.2878991433837,42.178733308708686,40.306765541294794,39.93091446101782,12.015960638461827,41.85651711556355,44.13645305771046,0.18485539143267618
3267,42.28819587384783,42.150712027139846,40.43827286020078,39.72232060476514,27.680892191515717,41.47480642687928,44.1367497881746,0.18485539143267643
3268,42.26970880091115,42.162967683061005,40.88777328516204,39.9261059669618,34.875731180185156,41.56704277778368,44.11826271523791,0.18485539143267618
3269,42.2944662369725,42.16676163563103,40.778852033219856,39.77147506863696,33.39300881431755,41.55680121796347,44.14302015129926,0.1848553914326763
3270,42.30686775805167,42.13132300636033,40.13361873331342,39.359918234308374,20.500466551198592,41.366279573447024,44.15542167237844,0.18485539143267624
3271,42.287938317581926,42.137397593611134,40.632710614114245,40.34112336559324,24.330388598734388,41.61850897955033,44.13649223190869,0.1848553914326763
3272,42.291174490073125,42.14719705470321,40.78951886368127,40.0840262874096,28.42000485879707,41.47148969599719,44.13972840439989,0.18485539143267635
3273,42.29432971379699,42.20403122912603,40.59795027913218,40.17590361508745,29.3977631945506,41.69775306647027,44.142883628123755,0.18485539143267637
3274,42.27237003250977,42.16183137954573,40.56005284996789,39.61921536616123,26.099719768262354,41.414728362296955,44.120923946836534,0.18485539143267637
3275,42.27262715525539,42.15599073232033,40.91619675913286,40.24153186639454,29.299884203644186,41.644586268113315,44.12118106958216,0.1848553914326761
3276,42.319351484717664,42.12722042121519,40.615231148890004,39.95130954222894,30.03686251221646,41.612275454461724,44.16790539904443,0.18485539143267626
3277,42.30947655005414,42.203621083823144,40.490723686813695,40.09379778046046,28.541068071838076,41.64920824215149,44.15803046438091,0.18485539143267646
3278,42.3124602654256,42.13006566110525,40.32509102299498,39.324067879090514,31.314083645787512,41.3061124591729,44.158324366221265,0.18458641007956672
3279,42.30038395984504,42.1939012113645,40.592511971112565,40.12403510590046,25.030979850274395,41.64084025844498,44.14624806064071,0.1845864100795668
3280,42.281266743235946,42.14251128720331,40.350669622677046,40.16702392045309,24.873272277116598,41.37374867236389,44.12713084403161,0.1845864100795669
3281,42.29708895624596,42.10480527588621,40.54215445090591,39.9587918647344,19.41488033540338,41.36359551827902,44.14295305704162,0.18458641007956686
3282,42.287281165911736,42.094866403432725,40.665337087463676,39.67899162336312,31.640850813833275,41.50325196089031,44.13329115048355,0.18460099845718167
3283,42.28147302035633,42.129620869281354,40.67788618741954,40.20796041346809,17.15988984763991,41.64497466166024,44.127483004928145,0.18460099845718175
3284,42.302952659747895,42.16921278197065,40.407359597438905,39.45625218581379,24.95346186106682,41.502555905447565,44.14896264431971,0.18460099845718175
3285,42.263245251155915,42.056497239349554,40.069789242408255,39.471007413035,5.264341029146287,41.49093860315141,44.10925523572773,0.18460099845718167
3286,42.28403448719031,42.16570601854808,40.40403395521583,39.51418872219779,29.573757441362986,41.351323393369555,44.130044471762126,0.1846009984571817
3287,42.29688125604336,42.18943934748133,40.5344953518755,39.89411820465488,28.68716906432655,41.71790612280702,44.14289124061518,0.18460099845718161
3288,42.29680750892425,42.12933932515149,40.58303576171092,40.00571178575744,23.746461787427382,41.352748944929516,44.14281749349607,0.18460099845718175
3289,42.29357458537064,42.180828633031815,40.650855127945064,39.83931451369882,18.873016574263012,41.680950971757454,44.13958456994246,0.18460099845718175
3290,42.31558965784794,42.0872111437218,40.07740207489007,39.56793028667795,23.09124450319618,41.0925861526927,44.16159964241975,0.18460099845718164
3291,42.308880345870975,42.1641673205241,40.56315788967798,40.012995717753064,30.477427756115212,41.720779386798014,44.15290880294111,0.1844028457070138
3292,42.280434791118864,42.16864142331181,40.32920155765241,39.91413288135136,-1.3820380625451065,41.652389954861405,44.124463248189,0.1844028457070139
3293,42.30013819646327,42.185689206474244,40.75790430056696,40.696942560114394,13.703462753591229,41.73225507011922,44.14300175262215,0.1842863556158874
3294,42.29184255160964,42.14543602895648,40.22989370573503,39.64583391908536,15.042886479854687,41.50580643351822,44.13002875635564,0.18381862047460015
3295,42.31098123567496,42.1265909697936,40.86129033131051,39.635468309054616,31.76680853774022,41.662252903150794,44.14916744042096,0.18381862047460004
3296,42.29549228506709,42.18808989783349,40.56058160804125,39.844616050910375,25.07603543771085,41.2497868523145,44.13367848981309,0.18381862047460018
3297,42.32074666394958,42.13605330260552,40.43344247038118,39.281699180420894,27.245654724058276,41.332000624331215,44.16799835637058,0.18472516924210022
3298,42.286603652398306,42.09590542331454,40.35314208322465,39.38167734202638,27.429105813123176,41.316179921966786,44.13385534481931,0.18472516924210022
3299,42.29881416404009,42.159239929270534,40.22499553308972,39.59520036476518,0.19358852673546778,41.58726913248768,44.14606585646109,0.18472516924210008
3300,42.2889975759074,42.11819392721563,40.529330863869575,40.05859631845551,13.42216186853813,41.74354659798852,44.136249268328406,0.18472516924210022
3301,42.276959545243905,42.1878862764319,40.043420753402835,39.6884672777197,-10.11795071017643,41.6118536117246,44.148864943003,0.18719053977590902
3302,42.27093372130388,42.09580791269039,40.745551590119334,39.93276421309702,30.80274422504747,41.621929078907684,44.14283911906296,0.18719053977590883
3303,42.26453143636429,42.11332499689185,40.627484639975975,40.146194207143,30.675833113877395,41.42799815938261,44.13643683412337,0.18719053977590885
3304,42.258310788947085,42.07728105099497,40.53917300805256,39.93964206815716,25.836379394454635,41.44630303851763,44.13021618670617,0.18719053977590883
3305,42.25940588459794,42.10372367936414,40.52574396982144,39.82746541004664,27.212094396966314,41.44465983347267,44.130481620251224,0.18710757356532823
3306,42.27263045836034,42.1670655674528,40.51585695320228,39.83435385382021,28.86459778882833,41.58825281911969,44.14584594308302,0.18732154847226778
3307,42.28251971254233,42.15004509525695,40.69767967687158,40.035927770432394,23.381333383645696,41.56740212336596,44.15573519726501,0.18732154847226767
3308,42.28519667282351,42.14588471759259,40.694464423004874,40.19516929293968,28.275391696624446,41.612177903856605,44.149322107084906,0.1864125434261393
3309,42.265998924162744,42.11129295023732,40.48478692249498,39.59006217735201,30.85645888904226,41.46745931395315,44.13012435842413,0.18641254342613928
3310,42.31603236623134,42.15450229873043,41.026051644272336,40.654168856512946,30.863163431808086,41.72556059783611,44.18015780049273,0.1864125434261392
3311,42.27573028683522,42.14642187593019,40.346481146194904,39.68815257853511,24.84982742749013,41.365079292425435,44.13985572109661,0.18641254342613925
3312,42.25668719915943,42.115864213432,40.67185035461016,40.0513176183623,28.38742934154083,41.5290425781382,44.12081263342082,0.1864125434261392
3313,42.25067682455535,42.07180469450646,40.534096528178715,40.21842288626018,24.134757442799096,41.414513793001305,44.114802258816745,0.18641254342613942
3314,42.306699943963764,42.182233067517934,40.674545934022376,39.780556198684515,23.337749673537214,41.59044046669482,44.17082537822516,0.18641254342613933
3315,42.26895916625112,42.144215494397784,40.62763406566944,40.227130384258786,29.987979302061014,41.53423752524973,44.13308460051252,0.18641254342613928
3316,42.28510563811435,42.19603047649263,41.19219550706004,40.87103597199392,33.11385417126694,41.905612745150876,44.14923107237574,0.18641254342613922
3317,42.26199689161308,42.08695423048353,40.761309348184035,40.61556924603518,27.761336500579795,41.541937878923605,44.108250163326275,0.18462532717131927
3318,42.30892770735334,42.110682537477594,40.109341933443204,38.8782007707228,31.716445694726424,40.85896095945533,44.155180979066536,0.18462532717131924
3319,42.28046091652481,42.19912687581057,40.87902011102865,40.563448971835776,24.66960579578115,41.67285169316753,44.126714188238005,0.1846253271713195
3320,42.27473699922845,42.20405876379033,40.6129009754099,40.073050942028935,30.427295792140825,41.75962137883028,44.12099027094165,0.1846253271713192
3321,42.311938315378605,42.169295479260846,40.77634431921124,39.901586813150196,30.237297656824246,41.58527512063098,44.15803309777255,0.18460947823939464
3322,42.30319637794793,42.140117559215476,40.703782081510326,40.14268793855583,27.514690141840546,41.60013530392324,44.149291160341875,0.1846094782393946
3323,42.31311461848877,42.17248992563584,40.677849525700566,39.92238178480354,27.046832315472187,41.70407119913607,44.12998439495425,0.18168697764654776
3324,42.31973464285147,42.241916639131176,40.74725054067574,40.14121314997151,23.304991922947348,41.825001592427256,44.136604419316946,0.1816869776465477
3325,42.32890723035272,42.21492158810352,40.7599298070414,40.10032184640264,33.085530186985984,41.504483338561926,44.14577700681819,0.1816869776465477
3326,42.31996811649772,42.21376551486843,40.683939290762474,40.588784619576955,27.46338900926944,41.81277687168567,44.1368378929632,0.18168697764654776
3327,42.30373442270194,42.192801155161874,40.25036858667958,39.23975271512228,24.98412666067557,41.59569794217825,44.120604199167424,0.1816869776465478
3328,42.34431368556098,42.21208418911275,41.090243744851556,40.62036249809568,29.665653266944034,41.67670549854773,44.16118346202646,0.1816869776465479
3329,42.347976854756716,42.20063483996335,40.54406439927628,40.057766811283955,26.55864620530356,41.74232902792615,44.36052304976295,0.20125461950062354
3330,42.35077287969363,42.15906464218975,40.50303488551302,40.06796658899653,24.644206139399014,41.59476658463693,44.36331907469987,0.20125461950062357
3331,42.36265175958177,42.22955979214872,40.389107860933855,39.368663649333584,28.25332997639029,41.52941887264305,44.37519795458801,0.2012546195006235
3332,42.3630968042889,42.19499310673278,41.10729949588248,40.715391669111135,33.079242729885834,41.85389255778642,44.37564299929514,0.20125461950062346
3333,42.359935341067825,42.03340782375065,40.25627987892973,39.71926730042829,26.30631439092951,41.456333038044406,44.37248153607406,0.20125461950062348
3334,42.35012883091454,42.26123863554026,40.83359723653915,40.22729026943293,30.703648323491038,41.68097628036216,44.36267502592078,0.20125461950062346
3335,42.3691574893649,42.239115184259575,40.95401843898804,40.441663622650395,29.807210944253562,41.79351584662584,44.38170368437114,0.20125461950062357
3336,42.369258228042305,42.19405516205244,40.78243173105771,40.443881831033394,30.435932186521395,41.481981624220964,44.381901590115916,0.2012643362073611
3337,42.34117622323042,42.06151358231175,40.34511580459601,39.69326648186241,27.52880243961353,41.25577170256729,44.35381958530403,0.20126433620736114
3338,42.34703308212421,42.186683461207444,40.62403349176584,39.74833297368337,21.84724566150916,41.46640771370605,44.359676444197824,0.2012643362073611
3339,42.3852964166619,42.14467209709523,40.81908015074609,40.02986363747843,33.25941911811135,41.422011589279194,44.366317002133826,0.1981020585471927
3340,42.36660359090539,42.290646880087785,40.97203017545163,40.31977175039612,33.77526457876317,41.92286382432995,44.34762417637732,0.19810205854719284
3341,42.36022036490986,42.235007374788665,40.605211702292756,39.89925413290132,29.472901407932703,41.46055195644043,44.34124095038179,0.19810205854719282
3342,42.37988233018209,42.230563909345264,40.53265265201846,40.47809485459151,16.386389460159137,41.762951532177965,44.3255276672477,0.19456453370656035
3343,42.41761609712735,42.14322772332939,40.24794704938463,39.77225247369555,18.045665053709037,41.46491862849889,44.36326143419296,0.19456453370656035
3344,42.41145366585614,42.30820641985317,40.7297220506504,39.9362904845317,26.09906233587704,41.76245209814796,44.35709900292174,0.19456453370656016
3345,42.41124160170206,42.244889350769085,40.689068955169965,40.01713360261203,27.45139548311692,41.59005737528943,44.35688693876766,0.19456453370656024
3346,42.4360389063107,42.27568020181316,40.90974350525537,40.38999134971296,27.411687481637117,41.74326643791272,44.381684243376306,0.19456453370656032
3347,42.42962533519585,42.23495321516506,40.70185516626853,40.2898351348709,23.882599616564246,41.634768906953155,44.37527067226145,0.19456453370656024
3348,42.40414508525523,42.16604518644642,40.36071492218298,39.554780454428865,22.32295113285955,41.353245194856,44.34979042232083,0.19456453370656024
3349,42.42642511530003,42.25084149551201,40.281323451457794,39.33851535435719,0.14576832687597374,41.43871356136843,44.372070452365634,0.19456453370656038
3350,42.409994312171065,42.29050488445054,40.96726078285219,40.05671257433262,26.585395869881243,41.73880916200055,44.37893417518829,0.19689398630172242
3351,42.40968786238093,42.155694723462446,40.47948166273237,40.0948893531333,5.964443052914724,41.47588812949694,44.37862772539815,0.19689398630172225
3352,42.39513069223661,42.24905865809548,40.5516024593292,39.76098931978695,25.25102854616427,41.55292223661873,44.35982693963268,0.19646962473960705
3353,42.40287895793264,42.29056605261777,40.3835783440561,39.318625022417265,24.421811427292756,41.742143184007716,44.365315319979935,0.19624363620472904
3354,42.390059235582456,42.23784158279224,40.71151700840617,40.252370197835404,25.209435907520675,41.70637700186094,44.35249559762975,0.19624363620472918
3355,42.424700578908045,42.278969238998066,40.757226417021684,40.225233523440515,29.96908402904625,41.78733189284544,44.38713694095534,0.19624363620472893
3356,42.39320150477155,42.29560378515543,40.32338678679595,40.23728276936536,-10.137733526319828,41.54413366350964,44.35563786681884,0.19624363620472923
3357,42.39009850439261,42.26875501638907,40.17749733399362,39.4874770100192,22.327091208357533,41.58205831596008,44.3525348664399,0.196243636204729
3358,42.383476086066786,42.183171281102254,40.75471846940741,39.7770690417533,34.36533096393199,41.46153166087146,44.34591244811408,0.19624363620472918
3359,42.39629625149605,42.22634256745488,40.68353386902567,39.86010938481868,31.149415029613298,41.52983299760946,44.35873261354334,0.19624363620472915
3360,42.42472229083322,42.24798282600543,40.61849139259436,39.67640969736795,31.43763788948771,41.5339912158939,44.387158652880515,0.19624363620472915
3361,42.392968159632645,42.124823046047496,40.63035290975615,39.83364224042232,30.792367626999358,41.498794566401685,44.35540452167994,0.1962436362047291
3362,42.403384664936546,42.26629559304356,40.63361579377997,40.39078026817177,0.09042691140861336,41.82261589485005,44.36800878860779,0.196462412367124
3363,42.39794009523944,42.275409189353006,40.85728602263307,40.02440613581332,32.70538186738712,41.70548667368821,44.362564218910684,0.19646241236712406
3364,42.400908725275364,42.274793739851035,41.061264950989134,40.84064258173664,30.86196502426307,41.8370903468358,44.36553284894661,0.19646241236712408
3365,42.39124936915394,42.27553775299907,40.263862644426204,39.91139297813172,20.680540736273823,41.64440284008852,44.35587349282518,0.196462412367124
3366,42.384645278796846,42.18255739075259,40.48689561899358,39.524895783911575,15.60089250965435,41.67864322336021,44.34926940246809,0.19646241236712408
3367,42.40385112573977,42.2489676159821,40.824422120460554,40.62987334566869,25.40345163634846,41.79029447938166,44.36847524941101,0.196462412367124
3368,42.39408700594728,42.285846187654855,40.60735863392413,39.60663985052162,30.21820236798001,41.60081442406443,44.35871112961852,0.19646241236712408
3369,42.41569067704666,42.29747815803242,41.1105944078078,40.87875999619948,29.159579478225197,41.91151530717239,44.380314800717905,0.19646241236712406
3370,42.39391135699712,42.221085371848005,40.799052434558064,40.40241622508556,30.076776312603563,41.634554798232614,44.358535480668365,0.19646241236712403
3371,42.38746529693842,42.24545012248662,40.77770811725545,39.79980446425804,31.39215251127386,41.63513770176834,44.352089420609666,0.1964624123671241
3372,42.3884518993713,42.2719567062379,40.73305423051414,40.25613753724495,30.549031090063615,41.71762152107365,44.3554611432165,0.19670092438452033
3373,42.394939861735864,42.26497461631065,40.48221373239332,39.279491048446694,25.45278690208112,41.49313072728789,44.36194910558107,0.19670092438452022
3374,42.40403477779941,42.17618752110234,40.24110752614652,39.90495468736611,19.782850237291566,41.49244034484326,44.371044021644614,0.19670092438452033
3375,42.40096154875668,42.22219417783844,40.346858087702834,39.58967266235588,22.837416174420774,41.61625999591094,44.361514250311544,0.19605527015548568
3376,42.373301299823616,42.25340649848253,40.46651739308674,39.68575300573211,22.118252804889217,41.50903630521262,44.33385400137848,0.19605527015548585
3377,42.38252711203556,42.2889587652537,40.75702398139722,40.21707572941488,29.836795060616218,41.532242560497565,44.34307981359042,0.19605527015548582
3378,42.385373500304546,42.230428745384586,40.41369600899889,39.428476983663224,22.068059089745205,41.63847348184669,44.3459262018594,0.19605527015548554
3379,42.41062755723498,42.26530341451201,40.87492273987414,40.00907152195846,29.531848038006657,41.74729058474463,44.371180258789835,0.19605527015548563
3380,42.401123811814315,42.29413911388233,41.01191381928373,40.472383601748035,30.762206419511088,41.77045583634551,44.36167651336917,0.19605527015548568
3381,42.41632624027249,42.26088834600635,40.430166072283576,39.43300153333164,27.53779787571093,41.791910266076194,44.39006150921291,0.19737352689404208
3382,42.394193475795895,42.1978662105669,40.33312914335597,39.936485001242026,6.202593553757204,41.69203333778189,44.36792874473632,0.19737352689404214
3383,42.365955205687136,42.25701807718867,41.032072237821765,40.20248806627923,35.6559111049455,41.89734439540686,44.345916447465534,0.19799612417783977
3384,42.37573425297039,42.148226204129536,40.406784182169645,39.707773013486175,16.41732418359162,41.72434208424558,44.35569549474879,0.19799612417783993
3385,42.381576089635004,42.23209418331436,40.97458840265551,40.318580333577685,32.34092085267038,41.79677337225243,44.3615373314134,0.19799612417783996
3386,42.375438535015114,42.21472562297044,40.16154563649503,39.433579225521854,11.10033794117306,41.56688587834077,44.35539977679351,0.1979961241778398
3387,42.37860367513988,42.2076773750891,40.64340049315237,39.931454192282374,29.585903128236325,41.59139287452338,44.358564916918276,0.19799612417783982
3388,42.375940076539756,42.193357915589644,40.979810448768454,40.4237586214578,33.00874533191287,41.703572967825636,44.35590131831815,0.19799612417783982
3389,42.37294314288778,42.15465649298146,39.76766582722083,38.84368419429566,18.9958617488286,41.29561471098464,44.352904384666175,0.19799612417784002
3390,42.36328787335088,42.19891803839445,40.42181147299954,39.73698496488856,26.525914334820094,41.38534614183934,44.343249115129275,0.19799612417784
3391,42.36958831399364,42.245502401465224,40.722103925916514,39.76164598125579,31.88721481645353,41.59480424813771,44.349549555772036,0.19799612417783993
3392,42.394750851542,42.25511879952877,40.64205414572525,40.01116393054085,27.458455602182852,41.69624095264639,44.3747120933204,0.19799612417783982
3393,42.39124188475582,42.24035712173345,40.17455548737318,39.51832441770247,-0.12502505520804164,41.495562190599315,44.37120312653422,0.19799612417783985
3394,42.37545996699409,42.238030672758875,40.86290281975465,39.9379344138289,32.62452012378485,41.61840326101149,44.35542120877249,0.19799612417784004
3395,42.3914422113802,42.24350449956152,40.61761889987755,39.893803471195376,24.659477150179935,41.5057410220632,44.3714034531586,0.19799612417783985
3396,42.379051852531965,42.26498875029745,40.70353441807951,40.1454428083707,27.802474119023138,41.839942954946395,44.35901309431036,0.19799612417783977
3397,42.388407219926904,42.18346560148107,40.6027642219714,39.508697213190935,29.978866146706114,41.32188407938705,44.3683684617053,0.19799612417783988
3398,42.36673554225475,42.22554747740775,40.67355294973597,39.755671907984755,32.98074515812418,41.78383622084498,44.34669678403315,0.19799612417783977
3399,42.36482096246469,42.22681772840618,40.622047653960664,39.93214078450533,27.119096836013124,41.559276488864256,44.34945955565596,0.198463859319127
3400,42.37471186669107,42.16920629572227,40.31522016295182,39.90772426139229,-9.87072292208714,41.42075117254106,44.35935045988234,0.19846385931912713
3401,42.383247762360355,42.20002593444412,40.77982968288069,40.06468258867989,26.928942179007848,41.6542289631485,44.367886355551626,0.1984638593191271
3402,42.358481487389696,42.18186508091985,40.66337428759264,39.80373343277048,31.183292265016693,41.46850489731365,44.34312008058097,0.19846385931912713
3403,42.371037577121896,42.26229161473392,40.51768956457374,40.4427892296373,-17.412546315322366,41.95073586574604,44.35884545502179,0.1987807877899895
3404,42.36439950660926,42.25929995221942,40.588783041125026,40.374050795321914,11.29550203419372,41.60819124334908,44.34618178864841,0.19817822820391517
3405,42.38927915155665,42.269594556498504,40.27247675686499,39.21714128994811,26.498885014171698,41.481566557968776,44.3710614335958,0.19817822820391504
3406,42.35799667624787,42.25475645779937,40.6147433236032,40.03168446289374,27.402887881813818,41.57233347614768,44.33977895828702,0.198178228203915
3407,42.35547859445714,42.20561700994027,40.05133331314453,39.68251346402071,10.70947539854366,41.29939254879568,44.33726087649629,0.19817822820391512
3408,42.38668432531048,42.274603310396884,40.78321345684629,40.25321954377266,26.991839244980163,41.76913088963828,44.36846660734963,0.19817822820391495
3409,42.38546640927119,42.188484902165726,40.84285623764015,40.21651584269247,31.08263564063311,41.640984572162665,44.36162527805843,0.19761588687872464
3410,42.395309894969884,42.27246728240436,40.76265945812671,40.587288747660956,19.259086818909907,41.74141249888454,44.37146876375713,0.1976158868787248
3411,42.38914461637596,42.28037264639357,40.69238406104315,40.03219389500954,25.8027988083759,41.85861001044043,44.3653034851632,0.1976158868787248
3412,42.36945446499995,42.2570744706331,40.75705822904462,40.25465850556024,27.787169228859742,41.784461904302866,44.37740746400945,0.20079529990095007
3413,42.32273535953445,42.194742353453066,40.63280077543611,40.25596657624489,29.605929304194465,41.71285452234311,44.33068835854395,0.20079529990095007
3414,42.3507803752463,42.20374591248452,40.37029592833718,40.01028444280622,11.149061309819828,41.69323149922192,44.3587333742558,0.20079529990095
3415,42.35306050142677,42.20848056717104,40.322303388486155,39.6253392213582,23.57892044770891,41.564795404421076,44.37386665557815,0.20208061541513794
3416,42.321670324836006,42.24974443981619,40.47221631393556,40.233710011017116,15.604519720557473,41.75202251946095,44.336450883126645,0.2014780558290636
3417,42.34459721034775,42.19132592624865,40.33078909785456,39.65465465479638,23.062805255654425,41.568754915007844,44.35937776863839,0.20147805582906364
3418,42.33774039012656,42.1651823281162,40.472939737504916,39.5833085790578,27.427233632472962,41.47401845416108,44.352520948417194,0.20147805582906342
3419,42.340458545592114,42.13083854766783,40.448678553123536,39.96287997259821,26.439229022839818,41.23067180433675,44.35523910388275,0.20147805582906356
3420,42.33299920333953,42.2007602257435,40.43902317485136,40.30918969266103,-13.391174709582316,41.71012413960348,44.324485235678544,0.1991486032339014
3421,42.383030348826146,42.27048682402586,40.667730235663726,40.34865271470066,23.69772991334805,41.8751188998805,44.37451638116516,0.19914860323390143
3422,42.354750796902245,42.19811442618872,40.69917208064201,39.92855550203498,31.024662398558696,41.64257272791113,44.346236829241256,0.1991486032339014
3423,42.37392906401951,42.219509364729475,40.668272420401735,40.27728741830231,31.089177340148105,41.44616533523628,44.36541509635852,0.1991486032339013
3424,42.357691062276636,42.108701481122054,40.702411328701345,40.02968552538207,28.27332000640829,41.65041252626499,44.34917709461565,0.1991486032339015
3425,42.3562730210748,42.19848262118458,40.33060284996194,39.65510340679724,29.263800434996867,41.45447617540517,44.352205366088505,0.19959323450137034
3426,42.35660088345976,42.23092691445779,41.15030902423037,40.54333227347586,30.788644933019206,41.65745126724393,44.35253322847347,0.19959323450137043
3427,42.35096110979626,42.20787288162171,40.563915077977455,39.88506962024846,12.507365901084526,41.72371479077617,44.346893454809965,0.1995932345013705
3428,42.34065958642812,42.24565664897429,40.49922230229002,39.3769428834734,28.197261980980294,41.544977358659395,44.33659193144182,0.1995932345013704
3429,42.340853701977686,42.18257794897743,40.50512959756838,39.603136506461496,25.946006810232586,41.62326327009781,44.33678604699139,0.19959323450137065
3430,42.356284492938144,42.2750058507037,40.858642363014575,40.1537851925149,21.56905494624491,41.79065574191014,44.35221683795185,0.19959323450137048
3431,42.36644135436098,42.21006931644667,40.65482131025377,40.2669256673139,20.95175962548965,41.50172007204143,44.362373699374686,0.1995932345013705
3432,42.36266877409343,42.156701832109,40.76468502161444,40.61501198775258,30.26576643906982,41.6962167459686,44.35538338744421,0.19927146133507856
3433,42.34121914781181,42.205280371102965,40.547565342366376,39.78072604535521,25.567762846174652,41.501174304466076,44.31797297622612,0.1976753828414309
3434,42.35697419530578,42.220191537985514,40.560194247045,40.55694951801394,17.25549672564227,41.668282907810536,44.33372802372009,0.19767538284143119
3435,42.391636426439185,42.26024061648148,40.69935839498535,40.14624672721886,28.409258577312936,41.77903061154972,44.368390254853495,0.19767538284143102
3436,42.375479366210165,42.27273076214169,40.65121926579138,40.34652074181257,27.208892615457213,41.64278598364375,44.352233194624475,0.19767538284143107
3437,42.356840955421,42.25181873463156,40.293008280635476,39.60233122695018,19.229771474202703,41.61367362267366,44.33359478383531,0.19767538284143105
3438,42.37940783932038,42.148441122454834,40.56743990365158,39.870199043835484,27.32160225997401,41.34742980955642,44.36218726359543,0.19827794242750538
3439,42.36041790598661,42.20806104941071,40.763578110912725,39.96878714924785,33.57843043840884,41.797514847420956,44.34319733026166,0.19827794242750538
3440,42.382356618464065,42.276267889409986,40.659142946984204,40.10034337359036,21.64844309316849,41.65888634084662,44.36476679626089,0.19824101777968212
3441,42.37313833767513,42.27585668391137,40.65584166215999,40.085453286878426,27.015252407791397,41.81976534029643,44.35554851547195,0.19824101777968214
3442,42.37319842486636,42.209783039325934,40.94518631158609,40.66066159423459,31.12788517688111,41.77996632776599,44.35560860266318,0.19824101777968212
3443,42.33595996357817,42.25087860399121,40.921461042682665,40.64063936277879,24.986576855934707,41.795554761365864,44.31837014137499,0.19824101777968198
3444,42.38087235265107,42.27459538904216,40.39748909797064,39.8752244501919,18.68053040125046,41.59697816194574,44.374381210841705,0.19935088581906388
3445,42.35937338994982,42.151502267415864,40.34116818276382,39.452404833767986,30.818303257887486,41.434596531441215,44.35288224814046,0.1993508858190639
3446,42.381150531665455,42.238703649044055,40.82502130901213,40.199203482820145,31.55601104632496,41.63053298871593,44.37465938985609,0.19935088581906385
3447,42.38980282662688,42.26153389681984,41.05041625516018,40.35793131077308,31.88877648603366,41.93258081294263,44.383311684817514,0.1993508858190637
3448,42.34038793667142,42.2227231543226,40.70677194246082,40.2749317852341,25.309786345557033,41.60433976899759,44.333896794862056,0.1993508858190639
3449,42.36170538769459,42.25781677088234,40.43393782320948,39.844959633338874,23.354851006012407,41.58696618138735,44.35536215672405,0.1993656769029454
3450,42.355683426706356,42.184151595548656,40.486875474614514,39.961873647762054,26.699130331289272,41.28707492670543,44.34934019573581,0.1993656769029456
3451,42.374209069760816,42.02923320122721,40.19847245924952,39.45513285087687,23.19229588078521,41.050808673163154,44.36786583879027,0.19936567690294552
3452,42.34953515390955,42.19351367807353,40.418021968788075,39.927763184749736,23.342610166842334,41.33681420606795,44.343191922939006,0.19936567690294552
3453,42.37464205477424,42.21194560171065,40.2030352719039,39.263554144679276,16.30709349198491,41.41882146550616,44.3682988238037,0.19936567690294554
3454,42.377337976155516,42.23731709508701,40.71372422603854,39.8007359515572,27.322872127457,41.44786333962021,44.37099474518497,0.19936567690294554
3455,42.3932123217863,42.26826944981807,40.535876517374184,39.76000115561229,26.651157839122483,41.765362818777675,44.38686909081576,0.19936567690294543
3456,42.38343701095937,42.18143800514768,40.49170776768557,39.955783879074254,26.336713495243966,41.621619328842634,44.377093779988826,0.19936567690294552
3457,42.358904019714906,42.1946708678133,40.40420914870154,40.16645702799209,5.2491229577078045,41.35757705355141,44.35256078874436,0.19936567690294557
3458,42.339937595104615,42.24729531566572,40.66552692160437,39.80357961484863,30.27095577294467,41.54368540386728,44.33359436413407,0.19936567690294554
3459,42.34958679337968,42.256364684081404,40.808623869047075,39.988271379944926,30.910346514100695,41.633231917586414,44.343243562409135,0.19936567690294552
3460,42.38059974615779,42.26690778519301,41.10642056300224,40.68818250828094,33.0628225408181,41.81097274831275,44.37425651518725,0.1993656769029455
3461,42.36794076989229,42.2217518710403,40.65716083792758,39.86395705516482,30.054218751424955,41.45742578352748,44.36159753892175,0.19936567690294554
3462,42.346298764149566,42.23457616115422,40.44407872262935,40.16908147616758,21.244279325117994,41.42702681113259,44.33995553317902,0.1993656769029456
3463,42.383511382886475,42.25951747988464,40.91658734888146,40.56527998589853,20.41250853546826,41.58752140384465,44.37716815191593,0.19936567690294554
3464,42.36218230908608,42.20882455493489,40.46236905955996,40.09996643360963,12.094549802556571,41.632515412073865,44.35583907811554,0.19936567690294546
3465,42.34016857595804,42.184140431464854,40.578488640656616,40.23788004231178,22.775175688461246,41.74246128873675,44.333825344987495,0.19936567690294546
3466,42.37125244916538,42.20146387214981,40.50185129352301,39.641597126704944,31.53206445625254,41.63869026762457,44.36490921819484,0.1993656769029455
3467,42.37135713428986,42.21618501381595,40.41528481155474,39.28831802652143,23.253683415738912,41.42165208107364,44.365013903319316,0.19936567690294552
3468,42.35016166479271,42.21869991913984,40.6032980837365,39.647817914080406,29.537779778727355,41.67733268525837,44.30890931407638,0.1958747649283675
3469,42.37210573242185,42.16813038877627,40.322469500626895,39.839372285729965,13.5851223043997,41.58854193658322,44.33085338170552,0.1958747649283675
3470,42.38295532111897,42.213500676788584,40.753399922655966,39.905897234201184,25.079155713826776,41.62759304929658,44.340154153783736,0.1957198832664762
3471,42.3867362426573,42.23012988612164,40.37496893469236,39.776409646887586,22.126259306819236,41.88130601560051,44.343935075322065,0.19571988326647632
3472,42.38316357753727,42.26235853581251,40.42365606764618,39.886592771093085,19.062269066263504,41.75699315674532,44.340362410202026,0.19571988326647607
3473,42.3925243538228,42.22422829975771,40.56968656823471,39.841283701424786,28.306957121153562,41.65028280170844,44.34972318648756,0.19571988326647619
3474,42.376626942330105,42.23143360133749,40.67833831929216,40.18144688425796,30.56010027295839,41.59047676096156,44.333825774994864,0.1957198832664762
3475,42.373313140288154,42.26711522559559,40.667448435858056,40.20681942026768,22.811814472431095,41.53333053486456,44.33051197295292,0.19571988326647627
3476,42.37975813155558,42.192134048976335,40.1036131463674,39.69036427400786,17.603091568270372,41.408212771598514,44.33695696422034,0.19571988326647619
3477,42.364458512236475,42.27979073469463,40.627267256136264,40.241270591144975,23.529227507701624,41.684801217126676,44.32165734490123,0.19571988326647619
3478,42.366904102100065,42.278138956142406,40.773893365666204,40.41397938456952,26.43742097997143,41.691111245960826,44.324102934764824,0.19571988326647619
3479,42.37338536423926,42.212221574211604,40.39562411806196,40.015494780423424,5.156351562833187,41.752953430762844,44.33058419690402,0.19571988326647616
3480,42.34820157896886,42.26723359279002,40.77310347130602,39.81804742216609,33.16537966023582,41.58894568881465,44.30604606586266,0.19578444868937966
3481,42.35690287161235,42.251219354055884,40.63255833062893,39.87738011254739,30.989662162081483,41.46803036722086,44.314747358506146,0.1957844486893798
3482,42.36635444054701,42.21707489999404,40.78212897659422,39.91844735382976,24.24648298771955,41.54380821606409,44.32419892744081,0.19578444868937953
3483,42.38690301678425,42.25494179472879,40.44407809462944,39.84919464820524,6.784855070257912,41.479207407238775,44.30405923940137,0.1917156222617115
3484,42.376637457624184,42.27688355816302,40.78519452878766,40.339209974729286,28.492062773747364,41.82766181934933,44.2937936802413,0.1917156222617113
3485,42.367985231545816,42.26769504776753,40.94143102728832,40.42891875096535,26.498511374619774,41.71823337530241,44.28514145416293,0.1917156222617113
3486,42.38029864568428,42.21786442641297,40.375676688504704,39.845291363432395,5.249566309672858,41.524155364576174,44.297454868301394,0.19171562226171135
3487,42.38348855321737,42.25229871454123,40.512878504359975,40.05855028748982,25.17552288238611,41.48539719473827,44.300644775834485,0.19171562226171138
3488,42.41465749903796,42.28391199044806,40.930204923614475,40.321724399755475,32.35797355943308,41.79304452352296,44.33181372165507,0.19171562226171124
3489,42.37436822143257,42.222353089982455,40.7459500379908,40.20629060635114,22.187251816209763,41.72405050691708,44.291524444049685,0.1917156222617114
3490,42.37625391856041,42.25472712606554,41.10550342141952,40.93774456598761,32.38158607454312,41.92348374820163,44.28815989905622,0.1911905980495813
3491,42.38395663152987,42.26754795215641,40.3851467440433,40.022506201089534,6.057981196781739,41.74751176171556,44.29490761943966,0.1910950987909793
3492,42.39935803390325,42.28119709969327,40.484264780810044,39.66972420179324,11.000873750380407,41.4946892812972,44.31030902181304,0.1910950987909792
3493,42.38678728980203,42.24313774644517,40.922447192170885,40.46024675552897,32.722044842104545,41.782886637719955,44.29773827771182,0.19109509879097925
3494,42.37529087825746,42.24028321521118,40.967118239573495,40.22146671375805,32.954907838247436,41.679320045333114,44.28156451475438,0.1906273636496921
3495,42.38790525941266,42.22636593857196,41.0550553734708,40.40315501218924,30.540337851490065,41.7311683207051,44.29417889590958,0.1906273636496921
3496,42.36959570387704,42.219207132290805,40.49658553361551,39.88650821021495,27.836728638784866,41.444997756639836,44.240483399083345,0.18708876952063055
3497,42.400602286069976,42.23767096329926,40.67906364940726,39.84278775678643,28.316509109810283,41.5531514877137,44.27148998127628,0.18708876952063047
3498,42.39489197678597,42.29669919642156,40.51520359346803,39.22095641167108,26.49507797806908,41.66768326809264,44.26577967199228,0.18708876952063036
3499,42.43230926343005,42.22469358422028,39.99936860434361,39.03299319399668,27.32566068013463,41.253146888637886,44.303196958636356,0.18708876952063047
3500,42.40679849056861,42.29310761171206,40.44709058556172,39.614189816935635,21.736071115789045,41.56519422574172,44.27802502993106,0.18712265393624447
3501,42.42038554251988,42.234575915276785,39.87254401973547,39.467474554037054,6.163601312627627,41.50368591788576,44.27842951449676,0.18580439719768788
3502,42.426358027836244,42.288457469827925,40.94098174965404,40.42927018317011,30.080736307675586,41.92424684822356,44.28440199981313,0.1858043971976881
3503,42.409318561785234,42.261405810932956,40.469625207296204,39.48248114662875,30.16360707614227,41.43604701352843,44.274606893362865,0.1865288331577629
3504,42.4003544838398,42.3136222559104,40.82568305176055,40.102767395669744,27.459581605453643,41.75443929253046,44.26564281541743,0.18652883315776297
3505,42.426508843840345,42.24183211327664,40.539657128346455,39.89317169822986,21.788706171643156,41.58714055796069,44.297047417539275,0.18705385736989294
3506,42.417198364552,42.21021630472976,40.304088009561845,39.67852428769064,10.717989722126553,41.42855911596986,44.28773693825093,0.18705385736989286
3507,42.38624485752573,42.26325836712524,40.99221288077835,40.318057918952235,33.02734835615993,41.80843487343036,44.25678343122466,0.18705385736989294
3508,42.41280145596809,42.240267784757116,40.835592431922976,40.05446004354603,19.081258170390576,41.736875118803624,44.278038869766355,0.18652374137982605
3509,42.39693861790671,42.27828128881026,40.67414059887984,40.08224262330576,24.517976775922133,41.78698586859868,44.262176031704975,0.186523741379826
3510,42.40319228469039,42.27973953408753,40.237783179597905,39.61512246618169,27.771055449383944,41.60928986268994,44.26842969848865,0.18652374137982602
3511,42.425111593536364,42.31949256103646,40.917815170021015,40.29618380075223,31.625235311340326,41.745400792710626,44.28472966686758,0.18596180733312143
3512,42.40250536718026,42.27256389047823,40.49831355389688,39.51768408332312,29.82685194711526,41.33704294706226,44.26243966827749,0.18599343010972288
3513,42.44607318341419,42.26314571761008,40.58546081378449,40.227138688832355,23.315884715309735,41.482458656926454,44.306007484511426,0.185993430109723
3514,42.42119514649231,42.21835427281233,40.273656793139125,39.57298685400812,15.308879795471633,41.5967041803701,44.281129447589535,0.18599343010972297
3515,42.41845606035692,42.31876037966454,40.77818341994957,40.316399607056034,27.851224059338623,41.85412346193854,44.27839036145415,0.185993430109723
3516,42.405979647478055,42.206758917332145,40.61973977588703,40.150726631557546,23.857900914276954,41.43461282258869,44.26591394857529,0.18599343010972302
3517,42.41550045022288,42.251181970872814,40.36161145575112,39.458825044806595,18.607414972665673,41.436214974690785,44.27543475132011,0.18599343010972305
3518,42.42129959556378,42.2805830383353,40.560573030614286,40.032669553412035,6.189657435644897,41.690278517257155,44.281233896661014,0.18599343010972313
3519,42.42848495860707,42.31492356630592,40.80581267900366,40.125737190767374,31.210746660131324,41.69412675879073,44.287127153513524,0.18586421949064488
3520,42.409474388033885,42.32130414973097,40.84207322531811,40.623829825535275,23.064745327840882,41.86730258678917,44.26811658294034,0.18586421949064488
3521,42.416179365075465,42.28794610010973,40.922169379313544,40.189976606120894,30.09367634103677,41.74588453276695,44.274482715825776,0.18583033507503113
3522,42.432043528897815,42.30357628497602,40.62140158783992,40.21562343625755,13.642189276093035,41.703497559563075,44.290346879648126,0.1858303350750311
3523,42.42279493499423,42.24648739363511,40.65358771270391,40.01029876335433,28.87295618672642,41.52897419676876,44.28109828574454,0.18583033507503097
3524,42.410561303670846,42.30458020586847,40.60928015345944,40.51070703636951,25.345557937131613,41.860786014628815,44.26886465442116,0.185830335075031
3525,42.40388875383664,42.207124061648955,40.745697794595706,40.27976218194933,31.74435010586916,41.38123282892411,44.26219210458695,0.18583033507503102
3526,42.41067721924518,42.32109917051391,40.91019882432238,40.70153014362268,5.25028444141617,41.8889901607663,44.26898056999549,0.18583033507503102
3527,42.40847283058385,42.295738191471024,40.69287364520965,40.33366153213108,29.058374590627412,41.70993361394568,44.262413054609894,0.185394022402605
3528,42.42317156933113,42.253769203959195,40.507595053431785,39.689141926354466,24.99948717349001,41.498604946730026,44.27507038445841,0.18518988151272764
3529,42.42046109586715,42.31963965162785,40.79756901399796,40.16957809351678,32.16177610869255,41.66534343347695,44.27832947729968,0.18578683814325286
3530,42.42013724351753,42.324927995848896,40.63547769019075,39.57725943615919,29.607141695391956,41.55489693967313,44.278005624950055,0.18578683814325272
3531,42.42044650529849,42.3034000423672,40.790741230547034,40.35646030945402,29.555328609905168,41.79710822421829,44.278314886731025,0.18578683814325286
3532,42.41446666488196,42.33881014130634,40.515779475308136,39.93490993099667,24.710866428652295,41.797715689200274,44.27233504631449,0.18578683814325284
3533,42.42397673342599,42.261416265248556,40.78183130204128,40.06743070453464,27.555904993686518,41.79087642385388,44.28124255527244,0.18572658218464547
3534,42.440287693565274,42.25268157009654,40.71336257509321,40.14668056780141,28.792447356550323,41.617739449961135,44.3126404038066,0.1872352710241321
3535,42.443717933876464,42.26144312531812,40.68371777686064,39.611263548417654,33.35445641033126,41.679458153606724,44.31607064411779,0.18723527102413204
3536,42.42112864711087,42.26792568606835,40.42843886127803,40.42612492037084,-10.01757771647707,41.76833726825082,44.29348135735219,0.18723527102413215
3537,42.42111224658236,42.30979552131098,40.58870541920756,39.922788712962934,23.324930131573907,41.69382176022599,44.293646926909545,0.18725346803271845
3538,42.39918748073233,42.31519660523727,40.777096377020406,40.05006483441377,22.755237751301415,41.776177205774786,44.271722161059515,0.18725346803271833
3539,42.40890959962251,42.30610500802004,41.02518259834781,40.553283814803535,32.1528888176143,41.77666020812907,44.281444279949696,0.18725346803271845
3540,42.407999381017305,42.28859512443804,40.35246839223723,39.13279314322222,27.115395117181695,41.61496609649282,44.28053406134449,0.18725346803271828
3541,42.42301765244885,42.25853191015104,40.69081541740768,39.986009094713765,24.643464625812992,41.527743987080534,44.29662385208127,0.1873606199632421
3542,42.413682403540726,42.27197605161899,40.33550116084995,39.6780946123096,0.16286950233771336,41.62785735700771,44.287288603173145,0.18736061996324202
3543,42.41380303077523,42.24960437959688,40.7116870467547,40.07640134690865,14.506906937681784,41.76896057137442,44.28740923040765,0.18736061996324216
3544,42.39175258499801,42.21491931203917,40.51624710632527,39.79028091002558,27.231439533341593,41.617548966711745,44.26535878463043,0.18736061996324202
3545,42.43869808371002,42.241019877515235,40.74924019238726,40.075140480851715,31.461071902621565,41.64040777589052,44.31230428334244,0.18736061996324208
3546,42.39600751296048,42.12246056331316,40.454802598072305,39.883386134147955,19.50630553920888,41.47676973842543,44.26896805836387,0.18729605454033846
3547,42.39852175801977,42.1816473903469,40.62286689404025,39.900122576997525,21.44729704781032,41.51636338698859,44.271482303423156,0.18729605454033857
3548,42.39563374425192,42.299395204250665,40.60036879854413,40.066883784702775,20.90727765537507,41.740063373376856,44.268594289655304,0.18729605454033857
3549,42.405332971565244,42.30239087844673,40.636974736422495,40.394964482881186,20.730735301737766,41.76961005761669,44.27829351696863,0.18729605454033865
3550,42.41489604476484,42.22741759485015,40.43051979298361,39.36820158216359,24.311381601066728,41.34440982492321,44.28762216728669,0.18727261225218547
3551,42.43345396214833,42.20227433833576,40.36917415759423,39.4894203385167,21.586774327000388,41.23482860501949,44.30618008467018,0.18727261225218542
3552,42.40164968940142,42.27248730651391,40.504912961991494,40.01348840844257,6.188911367736885,41.57603093640023,44.27437581192327,0.1872726122521853
3553,42.40569023000946,42.292885609141564,40.62074254912218,39.72895353642908,25.526273367782483,41.63509089195833,44.278416352531316,0.18727261225218542
3554,42.41937640118025,42.27345186278955,40.870336036946426,40.29747882421553,30.78382582644494,41.82368470592873,44.271398868625596,0.18520224674453434
3555,42.42486085287925,42.274429380146834,40.48850918607225,39.894116224320946,23.320114778520093,41.5838609242825,44.278268018401384,0.1853407165522135
3556,42.412055473198976,42.235431948792495,40.78315817434342,40.204740099435156,18.880983839387007,41.38019486010769,44.26546263872111,0.18534071655221362
3557,42.42165494061962,42.288371409402245,40.6167822353378,39.76120453185001,15.33346680018127,41.920159393872396,44.27506210614175,0.18534071655221354
3558,42.44277575821219,42.29042238155314,40.70923753246446,40.50443154244634,19.45932212527077,41.632962901891474,44.30936549111989,0.18665897329077
3559,42.40701149451611,42.24740451207819,40.71188839363093,39.65987262226102,31.620346204065925,41.64041672396778,44.274766128335074,0.18677546338189632
3560,42.41113860664382,42.288396521865245,40.634056309369306,40.07217640107814,9.352600818729975,41.66981106969681,44.284194400363454,0.1873055793719633
3561,42.41458459065141,42.312190877991114,40.62438347467406,40.353836189344946,13.571639874543358,41.81221547626762,44.287640384371045,0.1873055793719635
3562,42.392982771991036,42.295684452678316,40.378800380202854,39.50469516976678,7.033810218825536,41.69122167297941,44.26603856571067,0.18730557937196338
3563,42.3952714352171,42.22079831141468,40.67501173582225,40.01808525818877,18.839273905842617,41.56147213716138,44.268327228936734,0.18730557937196338
3564,42.39903168776519,42.279974198514225,40.62321755185002,40.26619661905669,21.558733945909193,41.482365100362394,44.27208748148482,0.18730557937196324
3565,42.389288005527625,42.228408447041915,40.6594581929156,39.867406259721314,29.771150960100687,41.39300334013087,44.262343799247255,0.18730557937196324
3566,42.43047520204283,42.308030665478825,40.070101148594766,39.223696453854416,13.62085268399288,41.5635908072924,44.28341626864984,0.18529410666070073
3567,42.42709057732168,42.32362799076828,40.908391342717216,40.014909553564046,21.621576370954024,41.70271369067973,44.267772041022084,0.1840681463700408
3568,42.43943123417492,42.23488326631057,40.45282183414588,40.280325354385646,15.306496345035754,41.67671774164986,44.276866965882974,0.18374357317080536
3569,42.41431174482718,42.22210716477101,40.89685857069184,40.352410950760095,31.856877905774134,41.51294980916275,44.249213634474,0.18349018896468197
3570,42.41559278337704,42.31634085539595,40.82173582554501,40.02799586498769,30.69474473077155,41.64937204086969,44.24901354434658,0.18334207609695383
3571,42.44370176420642,42.27607844816989,40.67176414988031,40.34147627809803,27.314318273803377,41.63350338685102,44.27712252517596,0.18334207609695374
3572,42.42020657636048,42.332118386464444,40.886436880531896,40.345273218675935,31.231858072029,41.83203870972868,44.26246561491066,0.1842259038550179
3573,42.44190765723535,42.34657160045204,40.3391748747769,39.670878590114455,-15.78895317348146,41.65838304369642,44.28416669578553,0.18422590385501797
3574,42.478625973272635,42.34118419228202,40.641832632179586,39.83693885776726,28.29531077960702,41.680406960005314,44.32468856503339,0.18460625917607534
3575,42.44709385408977,42.33259400762774,40.66180168542263,40.171057845992095,23.91952882347631,41.77134485283733,44.29315644585053,0.18460625917607543
3576,42.44138355478636,42.33906981118672,40.5629486282491,39.66763503906098,29.893469697857423,41.564637544673715,44.28744614654711,0.18460625917607515
3577,42.46911181747564,42.19696080894918,40.30675355918923,39.64892075144263,5.296478371637363,41.5888081938742,44.3151744092364,0.1846062591760754
3578,42.43479986162823,42.31129961445036,41.07989358929175,40.528391856779756,29.61737408963986,41.84680923777221,44.280862453388984,0.18460625917607532
3579,42.45793864301973,42.335430663402406,40.937189590548634,40.64711001592663,23.330023380077588,41.812918692754494,44.272207104558234,0.1814268461538501
3580,42.48270263524441,42.36679975347402,40.58590616285258,40.147957182815595,10.02423754285455,41.81481885364458,44.29697109678291,0.18142684615385005
3581,42.45351185536866,42.39184430263122,40.646689526908666,40.2183679771354,-13.697747358551077,42.04425121806334,44.26177362303042,0.1808261767661761
3582,42.49092034774293,42.31753719013729,40.92200605201373,40.34811093734606,32.24351781467218,41.482579742323736,44.29918211540469,0.18082617676617596
3583,42.488490567696,42.32297005829253,40.7867635770187,40.154214871221754,23.353733390478737,41.790132340509345,44.29675233535776,0.1808261767661761
3584,42.4844497109781,42.400779831809565,40.86691975493127,40.11006780219849,29.68375248756023,41.883459884173845,44.29271147863986,0.18082617676617607
3585,42.47191244314014,42.318112935064256,40.633582329242614,39.96391924694992,28.67836197497457,41.58484092265784,44.2801742108019,0.18082617676617602
3586,42.47135647857896,42.377685584541425,40.75971726371116,39.81431474886897,30.7569341989971,41.666580933245854,44.273592650379975,0.1802236171801016
3587,42.506808561894,42.36761070907345,40.844735235977296,40.09239670944986,22.30756431733778,41.57859818958341,44.29586216630945,0.17890536044154529
3588,42.49438229562754,42.309752110647295,40.679379027898676,40.72294520646726,-13.216215782474805,41.60405294129495,44.28343590004299,0.17890536044154534
3589,42.50049894148372,42.29692992261781,40.927895097290175,40.449801342947225,31.364458327853164,41.702722695863585,44.28955254589917,0.17890536044154529
3590,42.49189481407098,42.397118657477414,40.82527687806516,40.07024197234485,33.467582677128654,41.79952665263205,44.28094841848643,0.17890536044154523
3591,42.56084847928116,42.292487493496296,39.709624698318926,39.353872887888784,-1.4295842122966747,41.42193372169456,44.42039251037578,0.18595440310946146
3592,42.545065836365055,42.30262911562799,40.675989193926206,40.172381064793605,29.216382840223478,41.76431835239855,44.404714580314476,0.1859648743949418
3593,42.52354254456692,42.29849433208496,40.607181019960606,39.76317973199393,27.305881780153108,41.57974616544992,44.383191288516336,0.18596487439494172
3594,42.53916102792405,42.39353342952253,40.363492593708166,40.1278670874774,14.95983812841294,41.86131044793978,44.39880977187347,0.1859648743949418
3595,42.5355301379541,42.42588659102186,41.20677640220235,40.74985604984177,33.7394293211229,41.78948822963791,44.39517888190352,0.18596487439494186
3596,42.57260025300738,42.335110716229934,40.78516943383156,40.117684036011774,29.461836545705783,41.75439469535628,44.42024442426621,0.18476441712588293
3597,42.5758379228474,42.39145019172068,40.89627669403164,40.02053854616732,29.981253210227806,41.737466967661135,44.42348209410623,0.18476441712588257
3598,42.541752863970636,42.35246379966615,40.604892762722585,39.80736755500995,30.701467909237493,41.642290313956224,44.389397035229464,0.18476441712588274
3599,42.58177668716716,42.463569949545,41.18382868045677,40.502670349402806,34.343693294815424,41.94835786036484,44.429420858425985,0.18476441712588276
3600,42.55097331542849,42.46070481990137,40.665162130705184,40.352949003796965,13.544859497249735,42.008260435717304,44.39861748668732,0.18476441712588276
3601,42.53907093668517,42.39670398115525,40.68606148298384,40.463232048072925,-8.158153761886702,41.95299332544428,44.386715107944,0.18476441712588282
3602,42.594497843540196,42.394488324353105,40.98664904951747,40.70163092802831,26.440657870823145,42.028291468082955,44.442142014799025,0.1847644171258827
3603,42.547827838645915,42.45439748735234,40.852270130734865,40.302933724970714,25.34250273622624,41.64891338140764,44.39547200990474,0.1847644171258828
3604,42.52908303516391,42.2946997127699,40.71390090450401,40.20033021003855,30.411013410942303,41.72458402820607,44.376727206422736,0.18476441712588276
3605,42.535695569588825,42.44913491965919,40.91099045705833,40.105319642221524,18.6144808819796,41.8144680810891,44.38333974084765,0.18476441712588274
3606,42.52289206489038,42.410842420722894,40.450306505868205,39.63986871613754,13.516409501850678,41.8934955019283,44.37070606051445,0.18478139956240744
3607,42.56035567393875,42.35451004376653,40.77542468404397,40.4442172623991,25.01465731520984,41.82233634703985,44.408169669562824,0.1847813995624073
3608,42.56017561463341,42.385613270521816,40.85600753687345,40.12917060196307,26.053744640379026,41.676390255324165,44.40798961025748,0.18478139956240738
3609,42.56963572387488,42.40291211712402,40.52234870814718,39.79724614080821,0.25768852896907646,41.728173077494276,44.417449719498954,0.1847813995624072
3610,42.55822772691291,42.41323714192742,40.899460679026525,40.248047353863875,33.82171982959417,41.84963778088752,44.41436856287493,0.18561408359620146
3611,42.54855469656265,42.43568701767204,40.997970366366125,40.27208789575225,26.623924348757214,41.94331752032955,44.40469553252466,0.18561408359620146
3612,42.5303545750138,42.38468956962171,40.64583361585768,40.12340907943802,27.603936022654906,41.56180244027032,44.38649541097582,0.1856140835962016
3613,42.52677096646003,42.417381162252894,41.11143897634508,40.60593639381701,25.193176829194474,41.897923629316054,44.38291180242204,0.18561408359620152
3614,42.542434992733156,42.26620671516959,40.470920733985736,39.365245599060344,32.06027751173547,41.29765983998546,44.39857582869517,0.1856140835962014
3615,42.55763675192913,42.38796017327861,40.4053520516098,39.454903112113506,27.406452460528115,41.464729582928385,44.420565902054314,0.18629291501251832
3616,42.53888046732978,42.3270032143691,40.795576807759666,39.83375557189437,31.75468588154073,41.759410306312425,44.401809617454965,0.18629291501251813
3617,42.52338129970763,42.35468068387656,40.89989966220652,40.01768390183123,31.724303379178075,41.633533238736845,44.38631044983281,0.18629291501251813
3618,42.53536010253014,42.33482052389454,40.54765674089324,40.33544674883074,2.3828142997404314,41.816093840393776,44.398289252655324,0.18629291501251816
3619,42.529287522210595,42.38600244558075,40.42495992934407,40.28601874094938,-8.238888947955935,41.707922237976916,44.420777443484,0.18914899212734076
3620,42.51001899992005,42.320631899279924,40.517163838491776,39.663275532867615,29.384688881565594,41.590614263802294,44.40150892119346,0.18914899212734088
3621,42.50616846267823,42.341198804096024,40.73902062091088,40.120576868063615,27.19843139854447,41.489462038607925,44.395242245619556,0.18890737829413226
3622,42.515673644773536,42.301923519946115,40.84125217119682,39.810918512304916,32.123999614685935,41.51878251465331,44.40474742771486,0.18890737829413243
3623,42.5379824584729,42.42001640932962,40.94620297828687,40.1210010369863,31.687560226005758,41.68467301115841,44.42705624141422,0.1889073782941325
3624,42.522100548698916,42.42409261007185,40.82523609967093,39.704630876273704,32.48884423725602,42.03008609828188,44.41117433164024,0.1889073782941325
3625,42.534629517993785,42.3150234348231,40.66404700967509,40.01844779735332,22.841425343163273,41.607160325796116,44.42370330093511,0.18890737829413248
3626,42.52801696722881,42.4235772793956,40.687545711191795,40.00098370365014,19.254351689291532,41.802185841071264,44.41709075017013,0.18890737829413243
3627,42.53791239249953,42.35914319362966,40.950366438659515,40.43959141764247,29.54245697012575,41.736092427986534,44.42698617544085,0.18890737829413237
3628,42.50266072440972,42.24232092154459,40.68320364211837,40.08831485777134,30.832754037175704,41.475320884319274,44.392397816110346,0.18897370917006237
3629,42.49002580694588,42.36368559927141,40.186097325665784,40.18368867633641,-16.36238474716685,41.65685097924944,44.379762898646504,0.18897370917006243
3630,42.51517791980655,42.314031926039185,40.419275534440864,39.279671856694875,26.572378317325448,41.573725417129054,44.40491501150717,0.18897370917006237
3631,42.49333290369318,42.20340750648296,40.783986399802785,40.30853530551371,31.367504831819026,41.80061406145613,44.383069995393804,0.18897370917006237
3632,42.510691686484094,42.342381659459356,40.77589639153198,40.39343241146089,31.640067539031993,41.90059048770111,44.40803791112445,0.18973462246403555
3633,42.49867213293468,42.401059920667926,40.701257255068526,40.13871241353849,14.330770715864986,41.6315170077263,44.38891381564585,0.18902416827111715
3634,42.512072902646295,42.337705092241926,40.75556718039487,39.82551240389983,33.55930199808647,41.53967876744531,44.361594940605436,0.18495220379591393
3635,42.53062957432803,42.42962256829829,40.98141681865942,40.68216728184519,18.8694805345878,42.09469623798769,44.38015161228717,0.184952203795914
3636,42.54021199890939,42.426561831824344,40.57533082613207,40.455008131414985,-7.35619207429243,41.80343613210764,44.38973403686853,0.1849522037959139
3637,42.53361890656871,42.414849013656735,40.540699962081135,40.054068576371286,-15.12064689305869,41.99740642346629,44.38314094452785,0.1849522037959139
3638,42.51583620128132,42.41426981681466,41.02084231960533,40.408900993557644,23.920884304618546,41.80913361087569,44.36535823924046,0.1849522037959139
3639,42.53086075762198,42.3729701834155,40.9430749828318,40.35052478838256,19.266485880480168,41.728248066775336,44.38038279558112,0.18495220379591393
3640,42.51846754560074,42.24756881410765,40.56327911271038,39.716250044832634,23.438295883137762,41.36669067328066,44.36798958355988,0.18495220379591396
3641,42.54021462819822,42.27282237347433,40.93463187140408,40.809518387938304,29.47679611735662,41.784849553340436,44.38973666615736,0.18495220379591393
3642,42.552852628554206,42.43751212870443,40.67231002413551,40.07060537121346,15.324983836075916,41.960841327132584,44.402374666513346,0.18495220379591387
3643,42.50576992515245,42.363560410185926,41.07944718907449,40.593297038809794,30.138357609661178,41.846982743001334,44.35529196311159,0.18495220379591393
3644,42.53419358267354,42.44346443921754,40.604642912437434,39.77957329693564,30.91244999691066,41.534910645555314,44.38371562063268,0.18495220379591398
3645,42.512336680643166,42.40757757311798,40.4931023777578,40.11010775297635,23.314726253224393,41.84582250139199,44.361858718602306,0.18495220379591387
3646,42.50930381876469,42.37773889013654,40.64358416228053,40.10014134728684,28.58271283148174,41.930414033280385,44.35882585672383,0.18495220379591387
3647,42.51849481764067,42.27689756897989,40.500751850394025,40.06834739183273,-11.346598122872308,41.61971244911305,44.36801685559981,0.18495220379591404
3648,42.53720505094921,42.38288839757186,40.38990481458859,39.55355040069402,12.375609630681794,41.61132764671462,44.3802550025112,0.18430499515619886
3649,42.55475610993797,42.40817636010469,41.02253333789341,40.52506744207033,23.386885733334267,41.761033595450726,44.40819927996824,0.18534431700302678
3650,42.53027590755635,42.35335596320815,40.718405429923145,39.64787745140249,19.40614400272226,41.84882032611773,44.38371907758662,0.1853443170030269
3651,42.49957621448506,42.25955691140857,40.37107860547984,39.39931697082269,20.524107695821538,41.36221668959569,44.3526645711261,0.18530883566410375
3652,42.52665723546154,42.35755721498106,40.72609116192888,39.946594866807025,17.97164590319094,41.73337119934512,44.37974559210258,0.18530883566410356
3653,42.51787106331654,42.41866718510668,41.12870544716983,40.378115000138784,32.736816047747666,41.904710068032955,44.36493382409683,0.18470627607802914
3654,42.51766834197259,42.201574257200974,40.425906325403155,39.62576543936325,27.440298139078223,41.25920594747035,44.36473110275288,0.18470627607802922
3655,42.54610542561083,42.41999799850156,40.93586841868897,40.507815449147174,29.049809062554694,41.809485790862865,44.39316818639112,0.1847062760780292
3656,42.52649853187913,42.38249127045341,40.917259930959396,40.45875833475179,29.71951771557184,41.765250150631665,44.36226005621009,0.183576152433096
3657,42.54525017824189,42.40327468206153,40.61698291010338,40.222435206367116,22.66235184632122,41.565832822769785,44.381011702572856,0.183576152433096
3658,42.55137090167872,42.45411436003796,40.877293002348985,40.16651821320075,29.24313423386301,41.81933522290461,44.387132426009686,0.18357615243309608
3659,42.53946469353753,42.39217939157858,40.60636380786169,40.21305839332006,21.60221453439658,41.6262457793475,44.375226217868494,0.18357615243309602
3660,42.54858329121328,42.41771118648174,41.08450460524304,40.52122932367618,30.09529686968657,41.656295238098664,44.387406820997704,0.1838823529784419
3661,42.5365285913387,42.43343767606889,40.959731341013395,40.310688980954254,30.151103854003527,41.816616432177426,44.37535212112312,0.18388235297844194
3662,42.551896230650875,42.39054934027388,40.750700726100064,40.199970597827544,29.04814764631559,41.817857092459576,44.390719760435296,0.183882352978442
3663,42.539959488150785,42.39652543309821,40.9505557593639,40.186424921851376,26.45809035612557,41.798683516694965,44.378783017935206,0.18388235297844185
3664,42.53940685588821,42.35538182878569,40.87632705761542,40.2230173150791,23.43226790406326,41.7143321727784,44.37823038567263,0.18388235297844194
3665,42.542368545595316,42.41599454819043,40.88824551851587,40.23012857177364,31.580911086158814,41.82842182989601,44.38119207537974,0.18388235297844172
3666,42.545752910191396,42.43478824611904,41.013220332877694,40.66637469290585,27.754023756906356,42.10611379930957,44.38457643997582,0.18388235297844188
3667,42.52113409044975,42.316830387818584,40.627240959071436,39.75446005546949,28.453032305649014,41.42803439456486,44.35995762023417,0.18388235297844188
3668,42.57650223580282,42.41178757003663,40.759444876519545,40.457516805147336,4.093385720758377,41.94036282041586,44.41597141981627,0.18394691840134536
3669,42.540204131037804,42.40364279090835,40.737789272542166,40.22375033045698,27.82183299272819,41.89957119360169,44.381411132924306,0.1841207001886501
3670,42.56246365956307,42.42961176972284,40.73646529289316,40.28539804457729,0.19836054470864894,41.96112005068464,44.403670661449574,0.1841207001886499
3671,42.53737269308403,42.43358510813172,40.96946905431585,40.30655636838796,30.346192018464386,42.01134018531162,44.362415120035735,0.1825042426951701
3672,42.56588509228572,42.352932956531596,40.398743520456634,39.9424754166058,13.76308236479833,41.90028443242221,44.35642451641425,0.179053942412853
3673,42.56884670514973,42.48504045366919,41.206572794555676,41.36213629741315,15.447893095388864,42.0473442384623,44.35938612927826,0.1790539424128529
3674,42.565540100416,42.478594600452375,40.962281931808946,40.033431572461474,32.95465291670848,41.971557019862345,44.35607952454453,0.17905394241285302
3675,42.59138646927947,42.41175713526302,40.69067241577495,40.24535615131363,27.55826331291644,41.64904355509029,44.381925893407995,0.17905394241285286
3676,42.5558151643783,42.42734792975911,40.51078958984658,39.77053940969577,7.352862053721459,41.814369700702784,44.337443740122715,0.1781628575744416
3677,42.55934315395229,42.23013129620571,40.38285715988675,39.62727196155527,24.808736361081436,41.22187912015681,44.340971729696705,0.1781628575744416
3678,42.565002081243136,42.41096911969613,41.09061592155844,40.885913945310314,26.412251002811235,41.91806727957678,44.34979293464772,0.17847908534045848
3679,42.57046608279112,42.4517645792232,40.75021765306122,39.98846580423231,26.067364034553282,41.75832131824782,44.349971012900966,0.1779504930109844
3680,42.57709728383091,42.44759149981646,40.60923158998174,40.16757243172496,14.159923525985047,41.87849349069658,44.356602213940754,0.17795049301098437
3681,42.56161241329727,42.45480512807488,41.118538826153575,40.64333276554249,26.634112370417398,41.979982280481295,44.34111734340711,0.1779504930109844
3682,42.5679127636735,42.44536947508726,40.61462986039456,39.863683105846306,23.023510488333415,41.659746340912946,44.34741769378334,0.1779504930109843
3683,42.55533720253063,42.48677451815622,40.85559820175057,40.24224253570797,23.973239901263632,42.06232137672133,44.334842132640475,0.17795049301098434
3684,42.59737690996461,42.47393749384413,41.1131454516503,40.26244639262232,33.346703793880714,42.02991450777485,44.37197964995568,0.17746027399910708
3685,42.58210849268375,42.49773736689446,40.76223303619949,40.12018038249223,8.127547472149999,41.88475017795605,44.356711232674826,0.17746027399910724
3686,42.587158087417556,42.48207737819307,40.15466469348013,39.251374868193885,13.804564398034401,41.35539873463533,44.362103864427375,0.1774945777009818
3687,42.58430054886529,42.37231713696022,40.73301095024202,40.1310378358921,22.309457963894772,41.75043095748862,44.35924632587511,0.1774945777009817
3688,42.59722793026602,42.37729006010572,40.85508461442104,40.09458147936411,27.158301514846627,41.70694407743895,44.37217370727584,0.1774945777009818
3689,42.59057095664875,42.478805159175494,40.867535249861646,40.34788650226282,25.12447956965593,42.13550816063102,44.365516733658566,0.17749457770098184
3690,42.56832983337735,42.42924496200859,40.82192906954365,39.73686806148519,32.54583138412279,41.70077803683159,44.35298969429812,0.17846598609207676
3691,42.5779860707636,42.489233061849646,41.0507727825253,40.35448901368625,31.42203301702339,42.012950121033924,44.36264593168437,0.17846598609207662
3692,42.57136622765044,42.46366245124746,40.86049904846662,40.45248557171993,27.624763934839986,41.820574234701716,44.356026088571205,0.1784659860920767
3693,42.58397001988962,42.46843223678075,40.91011919423573,40.72303383626138,28.860477975945773,41.999102711041225,44.36862988081039,0.1784659860920767
3694,42.5587879035652,42.413261000874414,40.49588614900701,39.91386413368003,24.063937201292894,41.55102284137715,44.343447764485965,0.1784659860920767
3695,42.57737865195742,42.4706120236815,40.79299117573086,40.20233353868349,29.261564456057194,41.83817008294914,44.362038512878186,0.1784659860920768
3696,42.56849064582145,42.33402990386935,40.881890750259814,40.37527806316837,27.37541786097485,41.77859774480243,44.35315050674222,0.1784659860920767
3697,42.57862372869323,42.48664343459979,40.93393143069016,40.39475726075107,25.21124770020638,41.794739192703176,44.35356950570305,0.17749457770098168
3698,42.568987831010766,42.375713228964585,40.909410824759156,40.11680644899623,32.53971664653391,41.653428030758334,44.34393360802058,0.1774945777009815
3699,42.59365655010717,42.5099721164145,41.0401840945778,40.535597321653896,31.098569621975315,42.058257100577755,44.36860232711699,0.17749457770098181
3700,42.5847985452721,42.421899541135666,40.61245398605502,39.742178036458306,23.927895782398213,41.62160340101638,44.35974432228192,0.17749457770098184
3701,42.59724937578866,42.465525760251126,41.0812551717408,40.53195688359713,29.763965222018516,41.89870315940854,44.372195152798476,0.17749457770098173
3702,42.58124804798924,42.450906551487456,40.91690116109407,40.61186457660492,27.719406373521444,41.77897538669365,44.35619382499906,0.17749457770098176
3703,42.612874784298754,42.44980780972116,40.89228492738267,40.52322621663675,30.19193221067105,41.95703366225659,44.38782056130857,0.17749457770098193
3704,42.597117826912964,42.411038583695856,41.03451928558633,40.373128924887766,31.10574838320611,41.88686481132726,44.37206360392278,0.17749457770098162
3705,42.57853121400208,42.41376757958884,40.809013806509306,40.15358587760898,22.753963419424466,41.885458943409695,44.3534769910119,0.17749457770098173
3706,42.55946873516276,42.45336678519056,40.31175328079765,39.83503272271757,5.076963297048131,41.79508257790255,44.33441451217258,0.1774945777009816
3707,42.58143887827946,42.49141591092636,40.64666367030662,40.336335494303306,0.14027409331830398,41.9441999592329,44.356384655289276,0.17749457770098181
3708,42.57452313528137,42.382488297564834,40.533575515718724,39.811993444172685,13.891922205988081,41.75364175319743,44.34946891229119,0.17749457770098173
3709,42.587307202835625,42.443367793586994,41.02215644842393,40.712307753179395,25.31797891854189,41.87110533093687,44.362252979845444,0.17749457770098157
3710,42.572447969396414,42.47843448578308,40.80048238017702,40.60388796152878,25.015499046741077,42.04967121299333,44.34739374640623,0.17749457770098173
3711,42.55960248032222,42.438911152333816,40.67921980553518,39.97890020761906,5.0856075299516945,41.7694208455152,44.33454825733204,0.17749457770098176
3712,42.57267234730337,42.45174347717047,41.0325871239409,40.23576263945214,30.94607461507188,41.843944428040274,44.347618124313186,0.17749457770098168
3713,42.60901557656041,42.44868549277308,40.778299014600954,40.034543551737954,26.612325604306033,41.76081543386065,44.35161414100847,0.17425985644480588
3714,42.605633203564985,42.44522443224618,40.8996291723116,39.900663599409725,30.868003191950514,41.89682567744528,44.348231768013044,0.17425985644480574
3715,42.62108073834699,42.50136400153277,40.69971349946771,40.42801175275829,6.028403270235913,41.93019684433685,44.36367930279505,0.17425985644480582
3716,42.6303057502294,42.492526397825166,40.936358347707326,40.14013976986927,27.034121399953293,42.017444419245656,44.372904314677456,0.1742598564448057
3717,42.59141885477892,42.496433681361516,40.722719808045994,40.213856053557826,15.418683020077406,41.9818373420874,44.33913738383098,0.17477185290520567
3718,42.60054553381384,42.42558598284418,40.724022866071394,39.81473212626497,27.7003320600694,41.997898980111955,44.3482640628659,0.17477185290520553
3719,42.607295947465666,42.40453603365284,40.34091136809119,39.5542661012234,27.858783360773288,41.664697330599104,44.355014476517724,0.17477185290520547
3720,42.61605338965546,42.438189086108785,40.80728746626645,40.15406716212021,27.65976807890377,41.91624580297426,44.35774632284677,0.17416929331913117
3721,42.61895904555522,42.46865517990288,40.68284022249137,39.763166909219244,19.181082726245798,41.88841147438791,44.36065197874653,0.17416929331913114
3722,42.602867033795846,42.47719792535797,40.77096374506646,39.75186569686097,30.79067999725545,41.66016921776236,44.3455598957744,0.17426928619785545
3723,42.60573789965263,42.52391827260147,41.01988875908862,40.197815086821045,30.611112461740625,41.951446760068194,44.348430761631185,0.17426928619785526
3724,42.6120325519786,42.39304662712648,40.65591820582125,40.03526080678411,26.524466127322597,41.856621585171695,44.354725413957155,0.17426928619785534
3725,42.61816496517158,42.51510012675108,40.98853250924845,40.42224023631144,23.475024224238126,41.96122836412327,44.360857827150134,0.17426928619785528
3726,42.63029145893537,42.49843932743961,40.328600463189105,40.07741735396243,-9.90020702195045,41.73736648102087,44.37298432091392,0.17426928619785542
3727,42.59633739468191,42.43818717239674,41.0182445431294,40.43110277911394,24.039679667595458,42.04687936503606,44.339030256660465,0.17426928619785526
3728,42.605344811121995,42.451507616661935,41.01288521563099,40.2485088399941,33.135265495936686,41.5979757886198,44.34803767310055,0.17426928619785537
3729,42.608692723478335,42.35771090998342,40.409289751896495,39.68446381383335,27.736157052074596,41.36427405730508,44.35138558545689,0.17426928619785537
3730,42.605604198108765,42.46588564896455,41.434028090265656,41.07070995882355,35.7308774589965,42.05399181754716,44.34829706008732,0.1742692861978552
3731,42.57158981956365,42.49942670204712,41.401518683087566,41.01500843435729,31.244499043163493,42.10783061176861,44.3142826815422,0.17426928619785545
3732,42.60571323820394,42.479361739048834,41.05001420976888,40.77166249993387,32.6926011301242,41.8606095990185,44.348406100182494,0.17426928619785548
3733,42.59591921806859,42.521522481513806,41.21528757598349,40.71970166425348,34.066248789794905,42.07743211817409,44.351794647432705,0.17558754293641182
3734,42.598554913926556,42.41697606012436,40.833801339416205,40.277633800445855,28.54375671849261,41.7665413976562,44.35443034329067,0.17558754293641157
3735,42.58912724911028,42.501869974081416,40.65064327164699,40.36569751482804,14.73864198330072,41.78023775062967,44.345002678474394,0.1755875429364118
3736,42.57726585426998,42.502279840141526,40.99620628501925,40.37216754676926,28.17629028226284,41.85886485628009,44.33916687949484,0.1761901025224861
3737,42.583033544150574,42.46821769397183,40.3314171362513,39.929069415905076,2.764848469944816,41.7729064377219,44.34493456937543,0.17619010252248601
3738,42.606144028774565,42.492759089814655,40.94189130713941,40.11453922728107,23.1562951264952,42.03183657458116,44.35486248661386,0.17487184578392972
3739,42.59347875186476,42.45749855040636,41.09126808127077,40.361552693344706,27.29141819409814,42.0370982651453,44.342197209704054,0.1748718457839297
3740,42.5779619347254,42.43130511783745,40.8999478000804,40.10252741936705,32.02789633179307,41.908749596844885,44.3266803925647,0.17487184578392972
3741,42.59579425153873,42.49929270814182,40.549163841092884,39.866216403705,6.006250238963695,42.01885909699841,44.3552279024304,0.1759433650891673
3742,42.56631922118063,42.47163284064241,41.015339286804924,40.741609862140315,11.593070225561878,41.98436872702982,44.32416993586114,0.17578507146805183
3743,42.58788506479167,42.46042708861514,40.47740287220655,40.09855863543297,17.528848530767434,41.82097553119119,44.345735779472186,0.17578507146805178
3744,42.56263230379899,42.48367076496379,40.985362659114294,40.839962514926235,18.50731542587782,42.204556778019736,44.32048301847951,0.17578507146805186
3745,42.59390336446247,42.44362349090272,40.84449047526052,40.29809087573166,25.117927568093798,41.85872600556172,44.351754079142985,0.17578507146805178
3746,42.57331204806975,42.50088990075286,40.7876156268508,40.55203543674925,-0.1743128203815516,42.13559923727843,44.332291191339564,0.1758979143269812
3747,42.56068688736747,42.401000679434254,40.71909421739212,39.53710284508408,31.83463681690943,41.64714231809573,44.31966603063728,0.17589791432698132
3748,42.582993804251295,42.339484723419154,40.969931033923025,40.298486540004106,32.59722982192109,41.81250391518801,44.34197294752111,0.1758979143269813
3749,42.5858708692575,42.477912111699176,41.06711546843688,40.60766433570924,24.343076804161427,42.01452234152016,44.34485001252731,0.17589791432698132
3750,42.59499636992697,42.42212264023759,41.37420995385608,40.68277034220216,33.848903738720864,42.000221454366255,44.35397551319678,0.1758979143269813
3751,42.58665703099726,42.435367510185756,41.14985313972962,40.26343814741475,34.98152238452568,41.83246957407887,44.34563617426707,0.17589791432698137
3752,42.58943417936178,42.47335286647324,40.78334357232454,40.44323910625823,26.64955379387437,41.789930428033855,44.34815750082588,0.17587233214640977
3753,42.59881744119919,42.38911887319429,40.84967610201009,40.75238390331637,25.701712464843478,41.743710715075565,44.348721034337956,0.17499035931387702
3754,42.57998654925519,42.4313734748714,40.78393497671433,39.89355161254635,29.612351293015678,41.80255916878936,44.33257418243278,0.1752587633177588
3755,42.6016678484876,42.47421608739467,40.73139928638545,40.2296074991968,25.24548692511962,41.752353669555845,44.354255481665184,0.1752587633177586
3756,42.58168879529732,42.47337523449276,40.917109394853355,40.165237801161275,30.508562419347616,41.77509544898964,44.34142379044025,0.17597349951429375
3757,42.56674695338403,42.415075801541754,41.04776013764163,40.4549572780213,30.07955038062653,41.854827636248544,44.32648194852697,0.17597349951429364
3758,42.582312095071345,42.49805989382337,40.9617383725474,39.961702254868655,31.53748870473485,42.12949740495403,44.34204709021428,0.1759734995142937
3759,42.58555053481098,42.43777348250983,40.89549721910179,40.0030768441242,31.785885946416492,41.95979457330802,44.34528552995391,0.17597349951429367
3760,42.58858698162419,42.42709501736825,40.890541225791395,40.68608066020267,13.345940564331599,41.894355726753645,44.348321976767124,0.17597349951429372
3761,42.588405554566556,42.43565303890227,41.118006115381334,40.58884483631478,22.95430249611266,41.8933457923449,44.34814054970949,0.1759734995142937
3762,42.59130010356833,42.43435253455878,40.864166622031824,40.59213023617947,26.691194957360022,41.896175138377,44.351035098711264,0.17597349951429367
3763,42.566242999673804,42.435956073230614,40.263254776272646,39.4913916955031,24.571077659353566,41.62451744261101,44.32597799481674,0.1759734995142938
3764,42.57350936412058,42.47819049774253,40.913475693580764,40.53338194051603,26.352017374306907,42.0283822487579,44.33543212088747,0.17619227567668855
3765,42.57346428029596,42.4808254227695,41.146523187661664,40.942628277510515,27.71083032884389,42.01024505235149,44.335387037062844,0.1761922756766886
3766,42.58657332732774,42.479819334499474,40.46584957182062,39.6898126694615,13.823782692576174,41.47162183590427,44.35466203411324,0.17680887067855017
3767,42.57046456995802,42.47707087375384,41.210750297203816,41.07731201275348,28.139639032719973,42.014733168114184,44.33855327674352,0.1768088706785501
3768,42.56982534159655,42.46028282347899,40.902471648925776,39.868870043264344,26.741110378014834,41.82365097803614,44.31412075408238,0.17442954124858348
3769,42.600559181700824,42.49770966345297,41.20873620037162,40.645239091081166,27.709084742997604,41.86336341586713,44.34485459418666,0.17442954124858345
3770,42.61310915861841,42.4981365349049,40.83949293117387,40.14282650617645,29.603663651744952,41.86373134427336,44.35740457110424,0.17442954124858343
3771,42.59146891591642,42.440072482006954,40.75158022896112,40.26343167961462,19.445982460624645,41.76495875401849,44.335764328402256,0.17442954124858343
3772,42.60367715724943,42.47920006001883,40.745523720849555,40.35160102610828,11.359061510530452,41.98908626257466,44.34797256973526,0.17442954124858354
3773,42.62517217252115,42.49477334988563,40.91208272355001,39.96016189614861,30.8442149929909,41.95616449259937,44.36946758500698,0.17442954124858354
3774,42.56638624089632,42.386572090396406,40.48925358914041,39.69939393616559,25.45476561872177,41.66316095132718,44.33850456084479,0.17721183199484666
3775,42.54606171637238,42.432584931985744,40.50178157354669,40.239150325208065,24.012825621682545,41.50415021060127,44.31182367704888,0.17657619606765002
3776,42.57404415732179,42.43889855355802,40.75680854087562,40.15684328916319,18.143945793917574,41.934649270081884,44.339806117998286,0.17657619606765002
3777,42.58319547788598,42.42926512647265,40.74767938920456,40.11455771866548,26.149822242711956,41.80135986215879,44.34895743856248,0.17657619606764993
3778,42.60201265985217,42.42548072804832,41.04838939460439,40.30110908425026,29.19872128398434,41.996837125352144,44.36777462052867,0.1765761960676499
3779,42.589977618656306,42.423369596338205,40.46819701324584,39.60295103197013,26.035977748280242,41.44377512065584,44.355739579332806,0.17657619606765007
3780,42.60788197426831,42.456074906274225,40.688178640610545,40.44655341254761,23.33833919511411,41.93029633607449,44.37364393494481,0.17657619606765
3781,42.567533021154375,42.466386007654826,40.2351545474963,40.0046096342642,18.60831439794678,41.86659413091245,44.333294981830875,0.17657619606765015
3782,42.61788556514337,42.475585887511826,41.016077659494805,40.16138610486697,31.749914415514052,41.99003319921811,44.37700135108815,0.17591157859447756
3783,42.593348353969326,42.40267905867455,40.92605661718296,40.3385406898105,29.85748287533975,41.784362615157875,44.352464139914105,0.1759115785944777
3784,42.59034266805305,42.42004923099729,40.80544529269168,40.317170860006435,23.649277071928047,41.790447227436474,44.349458453997826,0.1759115785944777
3785,42.58674782102716,42.4994096642802,40.93238211183918,40.177159556410125,26.70682866313346,42.056782952241264,44.34586360697194,0.17591157859447779
3786,42.60212435970774,42.49627618299057,41.06893159274365,40.53015368579717,17.9311065727315,42.03114976333761,44.361240145652516,0.17591157859447767
3787,42.60597535229485,42.42261947802866,40.65215153704826,39.79852530654795,18.88656822338018,41.72002221543093,44.36509113823963,0.1759115785944778
3788,42.57782607608939,42.446205192123,40.70046993595545,40.089878356204665,26.722895960758112,41.6327483100539,44.336941862034166,0.17591157859447756
3789,42.59034694120819,42.46794384258583,40.6511937233829,39.737611169340326,25.62180495164483,41.85355204382044,44.34946272715297,0.1759115785944777
3790,42.58415479872918,42.36958432254316,40.330757246598665,39.403151073588724,17.590221650677705,41.551401930834636,44.34327058467396,0.17591157859447765
3791,42.58315110052121,42.42055089247024,40.929781515675565,40.049454577748286,30.441187665730247,41.77805492881563,44.31159910245033,0.17284480019291137
3792,42.595115494503375,42.51791274065768,40.93665675696148,40.57505855517692,27.42101379632738,41.99817789140519,44.32451848901851,0.17294029945151357
3793,42.60111026235261,42.468288537522064,40.98056815742694,40.390212665492186,25.348876121671527,42.11078642457896,44.33051325686775,0.17294029945151354
3794,42.597976912523045,42.495086051133754,40.58214269920218,39.99256586294636,23.996065916807826,41.622469792376485,44.32737990703818,0.17294029945151354
3795,42.60786522093351,42.50376705198586,41.24419118730477,40.70786147409409,34.16044716665033,42.023426847662606,44.337268215448645,0.17294029945151368
3796,42.59825725981701,42.379714751419755,40.85592768366171,40.324228091463596,19.415835981076395,41.833934923509105,44.327660254332145,0.17294029945151365
3797,42.59789920670286,42.5037275387947,41.090708260754504,40.31190847928156,24.9932258070076,42.02228620712115,44.3275420845099,0.17296428778070386
3798,42.5821776265565,42.41756994288467,40.297827308459645,40.151191300262134,14.638904404194896,41.584825152468156,44.299691785181736,0.17175141586252338
3799,42.59407660438928,42.48772175131237,41.15335638665395,40.45993529566807,30.62261018724533,41.9689037485672,44.311590763014514,0.17175141586252357
3800,42.60973879448863,42.476659995018125,41.35314570531275,40.87608579778438,33.33944703081423,42.04569620724368,44.32725295311386,0.17175141586252352
3801,42.62233158300403,42.500632096227314,41.061319533101866,40.198906109409194,33.00108547463302,42.03718401666981,44.33984574162927,0.1717514158625234
3802,42.61224965510568,42.49326915091139,41.38906055438228,41.219236914683975,30.031103660815916,42.19480337122702,44.32762766749964,0.17153780123939658
3803,42.596329313354616,42.46927954281316,40.59420794032309,39.448342222493295,32.228990894615684,41.51657566603171,44.31170732574858,0.1715378012393964
3804,42.59062167770756,42.42721342573004,40.84510597601094,40.450308758525985,30.979662762857647,41.65262912436205,44.30599969010152,0.17153780123939658
3805,42.609260155475546,42.473949731551386,40.660446716664055,39.71812504839124,24.33174208695552,41.93058381900179,44.32463816786951,0.17153780123939658
3806,42.60897304457764,42.388386149520635,40.70705039079549,39.67187283681329,19.829780905955197,41.56013947582434,44.3243510569716,0.17153780123939652
3807,42.64057974824601,42.48770504017527,40.824314568346935,40.17425084442932,27.46836096586717,41.86933571486467,44.324580066264105,0.16840003180180954
3808,42.64034337475022,42.45757261041699,40.67186221428997,39.82148316099725,27.98269276662571,41.62559478443515,44.324343692768316,0.16840003180180954
3809,42.63994437231829,42.528263827390646,40.774676364664934,39.806541367501204,32.626642053687526,41.80471850544714,44.32394469033638,0.16840003180180962
3810,42.65014848655602,42.47900996435017,40.577195100527064,39.95265427460307,5.18403439280177,41.81816173316021,44.33414880457411,0.16840003180180957
3811,42.65283397280361,42.549899324774046,41.18152079054836,40.50121021204507,30.93453623674421,42.074338051676676,44.33683429082171,0.1684000318018097
3812,42.6301303938007,42.55905207095003,41.02392159085447,40.640459666774305,24.13229048009679,42.065664821068,44.31504272265815,0.1684912328857452
3813,42.652120829149275,42.46861445566623,40.68953806272521,39.24206787771382,30.90784155272459,41.515758822742185,44.33703315800673,0.16849123288574547
3814,42.63434161920116,42.48831926501873,40.40779946499183,39.30194745595017,8.180551041501118,41.74185089971931,44.32432455133333,0.16899829321321747
3815,42.640517184715534,42.49236154051654,40.95843656230234,40.2339276999575,31.01699600168559,42.04220238005304,44.33050011684771,0.16899829321321733
3816,42.62749714761527,42.55014560757603,40.45878157237059,39.5051479924501,12.227414712458128,41.706805623970816,44.31748007974745,0.16899829321321747
3817,42.634776124288415,42.45960010338242,41.067528062493885,40.60165745028136,28.541484361775638,41.808262178871516,44.302857688545416,0.16680815642569996
3818,42.66865831029824,42.50215414787482,40.96110997153307,40.06925176610814,30.32122113714437,41.89328509110687,44.33673987455524,0.16680815642569988
3819,42.60622179063064,42.31128186547537,40.951056983476356,39.756788011441934,34.069518426321366,41.628194639747306,44.27430335488764,0.16680815642569988
3820,42.64087340497824,42.54712242201342,40.77095644711579,40.347654166082094,24.97369557612821,42.091030406239355,44.30895496923524,0.16680815642570002
3821,42.643598343549336,42.44090824492487,40.77775834346125,40.37815012939362,29.92365095679563,41.680675400851115,44.31167990780634,0.16680815642569985
3822,42.63480330452018,42.526262543706686,40.9677726717649,40.21744989887997,32.58765354979764,41.6978543172802,44.302884868777184,0.1668081564256999
3823,42.6529788417716,42.49657387584888,40.78422375210116,39.562766786843945,31.147843057492175,41.64403331387057,44.3210604060286,0.16680815642569988
3824,42.65322776806381,42.4923553661216,40.9505499852831,39.96634961289214,32.64148057428328,41.978585356387555,44.32130933232081,0.16680815642569993
3825,42.67215730413536,42.48371072235605,40.72484423432272,39.80654474518733,24.1515107263708,41.85475264109346,44.34023886839236,0.16680815642569993
3826,42.637746420645534,42.5096133584889,40.48188432339478,39.80523951516092,18.291811142123425,41.79345145806177,44.305827984902535,0.16680815642569996
3827,42.6658830362952,42.454263196713406,41.10842912521246,40.48285260824655,31.94218722673577,41.84249280532568,44.333295249114876,0.1667412212819674
3828,42.651057004165295,42.50662121228105,40.8326197892945,39.72622561718551,31.257083960288778,41.73824785454649,44.318469216984965,0.16674122128196736
3829,42.641697044031254,42.52649255842824,41.22699942491354,40.583789917816645,31.540154353110974,42.060709006334164,44.30910925685093,0.16674122128196742
3830,42.631718447703996,42.47254544226111,40.715656939142015,39.831602826906995,27.268558476841914,41.89978696287376,44.29913066052367,0.16674122128196753
3831,42.65340580460493,42.482793590964256,41.08638262541151,40.44837625639856,27.157557460866744,41.94902520848993,44.32081801742461,0.16674122128196758
3832,42.65951821674427,42.44720062353825,40.384831477308495,39.30289384229517,27.534333243899706,41.40998705580499,44.326930429563944,0.1667412212819674
3833,42.67897955718049,42.55189673681959,41.12112902904897,40.11376766774157,32.610126482169306,41.93271421677946,44.34639177000017,0.1667412212819675
3834,42.64744231700507,42.51817734249032,40.88629356523191,40.029790227693375,31.439361780311216,41.94873718736714,44.31485452982474,0.16674122128196733
3835,42.68209096704202,42.5448012502272,40.708006880930235,40.50744624442697,-13.153844010855444,42.09581510889868,44.3493036536302,0.16672126865881776
3836,42.648851237946346,42.56617622262196,41.0338047059977,40.36812284774854,30.213404398621037,41.956673597606624,44.32131199913702,0.1672460761190676
3837,42.62973826531454,42.53298033442293,41.14984195369733,40.21261930705178,31.68763770338991,41.85966087342263,44.30822462236596,0.16784863570514189
3838,42.63263165059595,42.47960551763084,41.058084656449225,40.367174146200064,29.797432144602666,41.949326258325584,44.30843396760855,0.16758023170126007
3839,42.63880831182828,42.44558311887773,41.11798789891611,40.67272889081859,27.477442076670908,42.0475958572557,44.31461062884088,0.1675802317012602
3840,42.64504746207652,42.50707122877854,40.8630040032165,40.334836742919215,24.470954051801613,41.94999514354261,44.32084977908912,0.16758023170126024
3841,42.62902459112153,42.49690104224114,40.9272716669965,40.30909008819367,31.897690905575228,41.76627492830194,44.29957883353163,0.16705542424101033
3842,42.656733650109,42.53611405192795,41.01448269529212,40.975471414878804,10.803493997345683,41.942552538284446,44.3272878925191,0.1670554242410104
3843,42.64699882653949,42.53514126444726,41.0626233416326,40.18493454096273,27.537411867279957,41.958734507274755,44.31152747308885,0.16645286465493606
3844,42.65035943800066,42.50744915691836,40.9329720465834,39.55110144349868,30.728968195707814,41.820052326351515,44.31488808455003,0.16645286465493606
3845,42.65927330293028,42.353859913636626,40.56504693635799,39.28682874739408,27.188359244080683,41.62244718858703,44.32380194947964,0.166452864654936
3846,42.6529342788035,42.5161570253665,40.97919446520555,40.12991219172555,20.01154290882107,41.93430237649619,44.31783217183109,0.16648978930275957
3847,42.65271537512254,42.562235172846634,40.94566180681273,40.27727011917799,16.619265482742478,41.922341137008175,44.31761326815013,0.16648978930275943
3848,42.64981286854437,42.535747207640924,40.81232263593624,40.324227123172804,10.513229689750617,41.83020202973758,44.308685165711225,0.16588722971668513
3849,42.646825015487515,42.4193738042765,40.9658878703377,40.32276583043351,30.45187800813447,41.926307861015744,44.30569731265437,0.16588722971668501
3850,42.66230736644473,42.567845486254555,41.032396966610705,40.696247252593814,-10.630886717731428,42.184836535451616,44.32117966361158,0.1658872297166852
3851,42.649777533766446,42.56474407456537,41.008694087871405,40.430778330099685,19.21295136462877,42.1233238895018,44.3086498309333,0.1658872297166851
3852,42.662198869824906,42.56861716477171,41.17759962856516,40.97492429482458,28.029557472628312,42.13644702098287,44.32107116699176,0.16588722971668507
3853,42.66552726308601,42.48584454732229,41.299312819259846,40.87660582057334,33.87214768384019,41.94263782631097,44.324399560252864,0.16588722971668501
3854,42.65667219829667,42.546209628639176,40.40969434648554,39.80107271125533,5.1654567637086615,41.9078426293632,44.2903403496049,0.16336681513082307
3855,42.678224190535204,42.597326293697314,41.18485938860957,40.60315934567648,30.41548904672981,42.14705915745543,44.31189234184343,0.16336681513082307
3856,42.67352614890906,42.56657065782949,41.09022274667786,40.17240902842608,29.792513255984947,41.965755803229825,44.311578074898456,0.1638051925989397
3857,42.67319628518143,42.60261938540594,41.65914629200905,41.159626305670486,35.03206594308274,42.32648857633866,44.30798123642957,0.16347849512481338
3858,42.67998120592351,42.438785080989625,40.95839216723346,40.328994430613655,30.12012377714792,41.79190095189333,44.31412050294261,0.16341392970190977
3859,42.65454115219257,42.5010395540244,40.941454983269516,39.6507813100187,33.952872217870535,41.90651050124896,44.28868044921167,0.1634139297019099
3860,42.66699217228684,42.53023696350618,40.87968188498104,40.36971588907093,12.28531643912487,41.971380453363324,44.301131469305936,0.16341392970191002
3861,42.651709016666814,42.46911699902509,40.99398929219639,40.36281447926671,25.66236202988961,41.898044663931685,44.28584831368591,0.16341392970191
3862,42.679693989579576,42.58840921557534,41.043888396226286,40.641429156846726,21.690210691421733,42.085084121270924,44.31383328659867,0.16341392970190977
3863,42.65766792534539,42.58619560351549,40.900097496184884,40.71390069802314,6.0815576469360835,42.080094945292146,44.2918072223645,0.16341392970191002
3864,42.68295117251883,42.56729819687372,41.19770437505658,40.56794639113957,30.11747450119126,42.023486346600734,44.31709046953792,0.16341392970190993
3865,42.673937216032016,42.56680061555599,40.90313347935495,39.94804970456497,31.226601424443743,41.75740661328461,44.30807651305111,0.16341392970190996
3866,42.65926028583609,42.56167420939423,41.01656517689299,40.45444860121691,17.89640439222486,41.994283696245375,44.28321083856746,0.16239505527313697
3867,42.700084930477686,42.56026833793642,41.23075867465854,40.52274603241542,32.30675937485948,42.009003097644324,44.32965889646096,0.16295739659832736
3868,42.671914399519046,42.57843426824889,41.20198656498886,40.209435719848855,31.47356740046797,42.037301351235435,44.30148836550232,0.16295739659832748
3869,42.67188805280752,42.51848817500982,40.939670151666924,40.2275699066305,27.837692607060372,42.16140667465458,44.301462018790794,0.1629573965983274
3870,42.67169634307739,42.55695754980205,41.0138524928268,40.68387860165636,31.240677472915323,41.82217586798334,44.30127030906067,0.1629573965983275
3871,42.677921072039915,42.59360869082095,41.24589541016993,40.94202794374235,30.626434164976356,42.142372260216305,44.30749503802319,0.16295739659832734
3872,42.66576572289054,42.560145185704926,40.757156046317625,39.817072761623095,25.544606696279615,41.69083168575378,44.29533968887382,0.16295739659832728
3873,42.6753690992191,42.53263147886899,40.75155113075564,39.57035402281655,32.514558518281845,41.56691118251377,44.304943065202366,0.16295739659832725
3874,42.665530469826294,42.43814559043636,41.041432911882666,40.40928266904581,27.962108291198465,41.758758636246725,44.29510443580957,0.1629573965983273
3875,42.71861548331894,42.55971923632254,41.01090415724471,40.23966572578509,31.8692378140196,41.988343039255554,44.34818944930222,0.1629573965983273
3876,42.6882490976345,42.56899723471648,41.16967986534559,40.34358102630519,30.93499528273409,42.10519705915757,44.31697778477261,0.1628728687138113
3877,42.67248912451426,42.5145995104536,41.15151028382524,40.810356364773774,30.50859794607466,41.955222511548115,44.30121781165237,0.16287286871381138
3878,42.67608667837615,42.5496181642766,41.00881776108259,40.3016403311443,28.829490196298153,41.96503471315403,44.304815365514266,0.16287286871381124
3879,42.68488615662727,42.58238921851573,40.82795243197913,40.306679354816936,23.410952895769984,41.57919707818912,44.313614843765386,0.16287286871381132
3880,42.672848365784986,42.531122723684256,40.88109158097443,40.196748183178116,30.2138089626613,41.75365431279745,44.30175902300896,0.16289106572239745
3881,42.672563404240336,42.56632791673811,41.53453066800591,41.1709526177486,31.005691323362804,42.1722394672138,44.30147406146431,0.16289106572239753
3882,42.66981663224392,42.55997616078392,41.04021405105599,40.573813580173976,26.534892347217664,41.87239658237525,44.2987272894679,0.1628910657223973
3883,42.678945892036744,42.553635154419354,40.667032871605926,39.571660035143,31.626993676290926,41.605925889652056,44.30785654926072,0.16289106572239742
3884,42.70453221791642,42.58475233871209,41.15422227328049,40.35119703456254,33.86534453982504,42.07373718613445,44.33613440994432,0.1631602192027901
3885,42.676252539254385,42.42420519321563,40.94858282983767,39.9799126490105,32.73896054275561,41.71460651070204,44.30785473128228,0.16316021920279014
3886,42.64826311281889,42.501538308853426,40.95276019904355,40.33182568445138,11.465966785404518,42.03357936191844,44.27986530484679,0.16316021920279017
3887,42.68204485128659,42.57953627006202,40.82648537928334,39.71760563889207,30.525243509066318,41.87362598191349,44.31364704331449,0.16316021920279006
3888,42.66783395841786,42.50265905764794,40.935736350261365,40.005696323678734,23.949801713058772,41.81999408721217,44.28924740615803,0.16214134477401734
3889,42.67382713084624,42.41574085246819,40.805520364560586,40.223232439554586,8.218043690746462,41.771992281616505,44.295240578586416,0.16214134477401712
3890,42.69543688315435,42.582204570754826,41.1099083711557,40.65373807826358,8.204495059731748,42.19415366311918,44.316850330894525,0.16214134477401734
3891,42.686607114486904,42.50443901713765,40.643948192394355,39.99902307779945,24.448744642403703,41.95413340445309,44.30802056222708,0.16214134477401712
3892,42.68631496067807,42.496877813434054,40.90489781707397,40.276855564889736,28.9938185170801,41.9218252047623,44.30772840841824,0.16214134477401712
3893,42.66877940356655,42.547319457535195,40.55610991820414,39.688463246009306,0.4609073890469091,42.13999710199687,44.28294849170597,0.16141690881394227
3894,42.675908117611506,42.58408758482875,40.515344688159864,40.01952736249276,-9.449468525869037,41.93019693702381,44.28916519491157,0.1613257077300065
3895,42.70030968456433,42.56638292721882,41.32622761801156,40.876769272287966,20.644303332889727,42.133401716267805,44.3135667618644,0.16132570773000662
3896,42.69415525397646,42.489300834385375,40.96886171860818,40.24732424771166,10.7455893748809,41.911220295665814,44.30741233127653,0.1613257077300068
3897,42.7189776736819,42.613564038781355,40.715651696255776,40.35988792242231,23.166572130765857,41.905923159450715,44.33223475098196,0.16132570773000657
3898,42.68500033231322,42.48212567869296,40.81682783583257,40.14075178673876,10.832506337879316,41.80652148567823,44.29825740961329,0.16132570773000668
3899,42.68190460772274,42.585520903049,41.02925418469381,40.190223102910245,23.397108246122944,41.98015054808752,44.295161685022805,0.16132570773000648
3900,42.681783898737315,42.542143399791726,41.03250603690547,40.31451325567105,33.08457646817635,42.10354773392636,44.295040976037384,0.16132570773000662
3901,42.68188640059364,42.55102476222294,40.85564994828536,40.33127480667454,27.21458223360383,41.9246125967351,44.29514347789371,0.16132570773000665
3902,42.682456638982394,42.560963139794154,41.349838786124565,41.14897082366804,30.68613228767193,42.15407226272832,44.301739312143205,0.16192826731608095
3903,42.68515559503,42.50372035744396,41.15886598698186,40.6099730459696,26.94113231891352,41.86577584292763,44.30443826819081,0.16192826731608115
3904,42.6850031841137,42.512055083977614,40.49275269321353,39.97426323589226,19.493923890319504,41.839761441049916,44.30428585727451,0.16192826731608098
3905,42.69149137747175,42.55098643767795,40.896281516658355,39.98675705138333,25.64250034515421,42.052241906854384,44.31077405063256,0.16192826731608104
3906,42.70061804134188,42.543086482066336,40.995906417505914,40.34472704794312,29.65091656931574,41.93385064762789,44.319900714502694,0.16192826731608098
3907,42.69774562567288,42.592155882391786,40.95419297753328,40.58267170885747,5.172987015007244,42.24598382554639,44.31702829883369,0.161928267316081
3908,42.66358191735897,42.55472965413354,40.92752083552174,40.22372080263331,27.58270846579056,42.0992803072745,44.28286459051978,0.161928267316081
3909,42.65751096527885,42.55334576583225,41.21637057052051,40.861978947554775,29.760515478264942,41.96202897107175,44.27679363843966,0.16192826731608093
3910,42.720147440383684,42.51886524246029,41.06321711200635,40.795740318263285,24.497857883602073,42.04074488671259,44.339430113544495,0.16192826731608095
3911,42.713314290174736,42.50962052652468,40.70278540574913,39.8708360114698,21.278216820208982,41.75518543071779,44.33259696333555,0.16192826731608095
3912,42.68838098149516,42.59231042213366,40.18427319474426,39.34605719725779,-8.652780980659003,41.87109613939988,44.30766365465597,0.16192826731608098
3913,42.682139892557146,42.55396854720092,40.69740857114083,40.43346134014662,6.156971713153695,42.0822613536193,44.30142256571796,0.161928267316081
3914,42.67269992750175,42.495466767047276,41.128815696723755,40.47003843596478,30.12253203751879,41.88118644754205,44.291982600662564,0.16192826731608093
3915,42.6830121735635,42.56305089353055,40.938140134694144,40.50191827027735,27.7048249752885,41.9685730200696,44.29172639417642,0.16087142206129254
3916,42.69246964800535,42.565582247627944,41.135300295887845,40.20456680281393,31.124976207975177,42.081785234911095,44.301183868618274,0.16087142206129246
3917,42.70824900487927,42.58991268202584,40.890266291910265,40.019158825030296,25.08467123687543,41.77495008022767,44.316963225492195,0.16087142206129249
3918,42.69263259830717,42.50675180744951,40.85622266866265,40.16483380351806,27.346394260277464,41.81768206144746,44.301346818920095,0.16087142206129235
3919,42.69276903426291,42.54116884010376,40.71627829122946,40.0854522152823,-1.1428412291759997,42.071156086291026,44.30148325487583,0.16087142206129246
3920,42.686765578794954,42.55887727245311,40.87558032491633,40.24279637519625,27.20218020295542,42.045813241050375,44.30150539526863,0.16147398164736698
3921,42.671041428305045,42.50611112636621,40.62890569214447,39.6348277455015,27.06412834001755,41.717958635972124,44.28578124477872,0.16147398164736707
3922,42.696867939600025,42.576039108793594,40.88758586280913,40.059002949651166,28.610337318173748,41.9199351553124,44.27998497947201,0.1583117039871986
3923,42.70943743846792,42.64011585509281,40.996925607770656,40.31418656862433,23.64391265993425,41.92846624852945,44.29255447833991,0.15831170398719846
3924,42.72792371398674,42.54576978385389,40.57985762483584,40.164176371946105,26.00469346247834,41.82876854252583,44.31104075385873,0.1583117039871984
3925,42.7121725945831,42.53047316685138,40.948067096540065,40.34257388762849,4.545606168592734,41.90895677037268,44.29528963445509,0.15831170398719838
3926,42.733777826735036,42.58842681587001,40.88018185680221,40.372459995269196,27.459401934827397,42.03160046128028,44.31689486660702,0.1583117039871984
3927,42.71784927166612,42.61598751833466,41.05039038488303,40.945817979038715,4.632634866602309,42.144825575702846,44.300966311538104,0.15831170398719857
3928,42.736913970506485,42.62453126936094,40.85889997090535,40.11729606850498,24.59175868520286,41.98222695495467,44.32003101037847,0.15831170398719852
3929,42.736718418444084,42.59931060891273,41.18807291989304,40.23056891210801,32.1314029154531,41.99642065811848,44.31983545831607,0.15831170398719835
3930,42.71829172232515,42.53822324983073,40.886591277125,40.12388451318774,29.05149303416618,41.94542987603187,44.301408762197134,0.15831170398719843
3931,42.712154366360025,42.62198153931338,41.19647353233928,40.72131903070065,29.277333309275676,41.84787642814835,44.29527140623201,0.1583117039871986
3932,42.721149403698206,42.59400088260912,40.733086077289016,40.33884416688507,20.52375348698262,41.855030858747725,44.30426644357019,0.1583117039871984
3933,42.721402687844176,42.60125679445286,41.16315814068931,40.75093786333042,28.111965989529867,42.10850490623878,44.30451972771616,0.15831170398719863
3934,42.72469026296527,42.6058096360905,41.05578971782491,40.54648254864086,19.319685993669914,42.03077982695571,44.307807302837254,0.15831170398719843
3935,42.71570326960246,42.61105105358226,41.27016169728417,40.59811426770958,28.838732551832766,42.215347950630154,44.29882030947444,0.1583117039871985
3936,42.71196328717448,42.53430764651735,40.62770208495735,39.25405180734346,30.330450916454048,41.51902999125565,44.29508032704646,0.15831170398719852
3937,42.72115137595775,42.49722961457731,41.01837705443683,40.67816401257086,25.173309246398055,42.09572563314748,44.30426841582974,0.15831170398719846
3938,42.756113034506626,42.61556919796402,41.018504743953144,40.06148750159478,30.49044315042287,41.7944203478182,44.33923007437861,0.15831170398719846
3939,42.72145505516222,42.62300334103302,40.937043059762686,40.643880655286125,18.886744323215336,42.12560127693179,44.3045720950342,0.15831170398719852
3940,42.70561620373793,42.60875323740035,41.002855010589194,40.52120599030567,27.653703050314434,42.04626456719414,44.28873324360992,0.1583117039871984
3941,42.727778376061956,42.50517121013036,40.68128623051936,40.60900766588394,0.566936506367604,41.8567913008015,44.31089541593394,0.1583117039871984
3942,42.718069310293124,42.51552715391419,40.55882323422424,39.78963448588174,11.529715858291262,41.482476573362206,44.30118635016511,0.15831170398719854
3943,42.730387470022364,42.63381085821498,41.33173778581357,40.82361202171776,29.50990916272346,42.24700697497126,44.31350450989435,0.15831170398719852
3944,42.746033306343094,42.618193694232254,40.99166989911129,40.37158974812707,22.740444723241414,41.830460972607185,44.32915034621508,0.15831170398719846
3945,42.72605289878429,42.55659451169532,40.99295991012044,40.21866645611946,22.311659281735427,41.81120139845291,44.31934496706379,0.15932920682795002
3946,42.72916590784755,42.63250695461888,40.9259634167492,40.35900232601182,23.146548677420398,41.992461530521936,44.322457976127055,0.15932920682795
3947,42.7297049865428,42.63318339561088,41.31348452090044,40.500809002219086,33.87029587945948,42.037812942946736,44.3229970548223,0.15932920682794993
3948,42.72623715425101,42.59403161783833,41.131920513089625,41.015180812957944,21.02568792715694,42.11228606434723,44.319529222530505,0.15932920682794993
3949,42.729386430835085,42.626039802287465,41.01231236234914,40.520960557011655,5.153320428726907,41.982166264948305,44.32267849911459,0.15932920682795
3950,42.71967364658678,42.63280638266826,40.88995834649564,40.023850279415,24.213455115036794,41.850798077491106,44.31296571486628,0.15932920682795002
3951,42.71363337958564,42.62135088561666,41.056870780374645,40.70267092550021,19.671715182868223,41.998899176132554,44.30692544786514,0.15932920682795002
3952,42.73857880023429,42.5677147812826,40.90576330321057,39.982079022612815,25.17751388276066,41.8758187734651,44.331870868513796,0.15932920682795013
3953,42.754061177304806,42.60974968229705,40.623249570542306,39.72329446513088,26.558892556431875,41.745485275937114,44.34735324558431,0.15932920682794993
3954,42.725789892075404,42.63669971548949,41.27821394571365,40.81266570156872,33.777008323596085,42.03439588856759,44.31908196035491,0.15932920682795002
3955,42.73824741752835,42.536163160747456,40.687130358695136,40.032691631105195,17.435713553181838,41.84642483185467,44.33153948580785,0.15932920682795
3956,42.72920426826502,42.63074566492748,40.82613777013865,40.54941383610025,-1.023200087045602,41.852496520734604,44.322496336544525,0.15932920682795004
3957,42.73549804676446,42.635802321574346,41.14584416585873,39.980311785986586,31.954271475354435,42.09549836545159,44.328790115043965,0.15932920682795004
3958,42.732332277469474,42.48441096112809,40.91764675617919,39.92077429263619,29.847663531005452,41.958204997696654,44.32562434574898,0.15932920682795015
3959,42.73550781235857,42.5515667732847,41.056484562816856,40.542064181441006,27.86635503409848,42.01000987535092,44.32879988063807,0.15932920682795002
3960,42.74479650647909,42.62131408363759,40.62899299624509,40.25487557976707,14.815157767986339,41.93135447632531,44.33808857475859,0.15932920682795002
3961,42.7167955421684,42.60287669496639,41.09779625537307,40.67432998208341,33.51433428502196,42.03382478808852,44.3100876104479,0.15932920682795
3962,42.78802707424504,42.5817850077683,40.97421393179147,40.19970299809465,26.908772861437654,41.89975782519258,44.33830475323565,0.15502776789906048
3963,42.77456167883737,42.662516484453114,41.127696718032944,40.610337079332325,27.68462963048462,41.93426475102929,44.318813761967235,0.15442520831298626
3964,42.821972526498904,42.60148771299952,41.054158012158645,40.84296227559548,14.710498752439829,42.18282400510397,44.366224609628766,0.15442520831298606
3965,42.784515955869345,42.591341319257026,41.09203963955747,40.21404518838633,32.03020098775531,42.04245311768902,44.32876803899921,0.15442520831298628
3966,42.7911141660041,42.672505252639375,41.11301993843873,40.42164174974311,21.935535224828797,42.174298704985354,44.33536624913396,0.15442520831298634
3967,42.784868599722664,42.7004775920721,41.13031428317488,40.4741811446448,27.28218957674322,42.22633148831903,44.329120682852526,0.1544252083129863
3968,42.775241858047046,42.710019471773904,41.52867164045252,41.447487022557866,28.172099355794977,42.371530345679105,44.31949394117691,0.15442520831298623
3969,42.76909386578736,42.64366421502528,41.18570025852455,40.2497881206898,32.80969135799211,41.82679425101152,44.313345948917224,0.15442520831298634
3970,42.77818330938766,42.700555368768256,41.2644914920444,40.8413043017078,27.187109944720756,42.088034480782454,44.32217835293924,0.15439950435515856
3971,42.78274814800229,42.691056256749846,41.418121431207474,40.84069865596131,31.04418605275488,42.20122748555215,44.3435312317351,0.15607830837328104
3972,42.77018947844544,42.60797560051812,40.997440958038666,40.44414701893896,20.117242945042058,41.976682765641165,44.330972562178246,0.15607830837328113
3973,42.77643318500287,42.55677683711521,40.40949538210444,39.611451601338544,-14.855366802448422,41.73628661188699,44.33721626873568,0.15607830837328115
3974,42.76737756955098,42.60543536416128,40.863118073655066,39.88885907214133,30.543707533313224,41.93410355337412,44.32816065328379,0.15607830837328107
3975,42.75319416189598,42.56155333584624,41.10304811908923,40.760030636659906,30.466856543432453,42.00897627313692,44.32192604366557,0.15687318817695864
3976,42.7777111637836,42.6101131194238,41.02186941111768,40.442246414813106,29.550301075565635,42.08400198910878,44.34703328739852,0.15693221236149194
3977,42.74596836995145,42.61686454581466,40.930757767095876,40.240724681940826,26.27954250115439,42.0803234094173,44.315290493566366,0.1569322123614917
3978,42.74678552605298,42.61776275442839,40.83405199156782,40.44786108762886,12.899035156289571,41.80939922674427,44.3161076496679,0.15693221236149188
3979,42.77430270144377,42.628212391366716,41.14142278236333,40.19864539549619,31.274062431840374,42.15674573242591,44.34362482505869,0.15693221236149188
3980,42.77733864402103,42.65895638603479,41.34116328494222,40.8890096509374,30.02461195084078,42.14644406696742,44.346660767635946,0.15693221236149182
3981,42.74951781457509,42.64289016862081,41.10318478707443,40.572938903317215,19.574652291910727,42.178706735903084,44.31883993819001,0.15693221236149194
3982,42.75551069385175,42.63581293827953,41.01448299506892,40.57299313926913,26.56943133710099,41.95743190987726,44.324832817466664,0.15693221236149196
3983,42.775036421161325,42.66823801194539,40.952751124633885,40.55281202888888,2.0929622227126288,42.058235160079974,44.343768302930904,0.15687318817695825
3984,42.759626796428186,42.46729100971513,40.754422271816196,39.952055526705955,31.27816729807281,41.58248441662373,44.32835867819777,0.15687318817695842
3985,42.75926156753675,42.691428615993445,41.04983813901473,40.18803859405121,30.635017456765794,42.08376775021412,44.327993449306334,0.15687318817695842
3986,42.75148904286817,42.58671967399306,40.569642676554786,39.85283408441653,6.140558516798237,42.02407822292665,44.31566691742767,0.15641778745594961
3987,42.760606954549424,42.58708920057607,40.91392853728837,40.20025790883973,30.56718880388889,41.91567225387685,44.32478482910892,0.15641778745594975
3988,42.786068092163454,42.66813394671883,40.93823375042445,40.215238674763484,24.257003858999195,42.27267552636533,44.35024596672295,0.15641778745594975
3989,42.754674643675635,42.64036079279225,40.79173902268329,40.09112540607233,27.012759473673963,41.803186660545265,44.31885251823513,0.15641778745594975
3990,42.775944860247876,42.679911732091796,41.34232645543533,41.36224582028161,23.699612213886127,42.273062581351454,44.34012273480737,0.1564177874559498
3991,42.75623279884516,42.56696188740569,40.88336577830738,40.61467033754673,0.5921242528592572,41.81943325141596,44.31915174799286,0.15629189491477033
3992,42.79343757363807,42.60265816595984,40.990625410342226,40.36958200666743,29.73749104976424,42.094879641728355,44.356356522785774,0.15629189491477027
3993,42.76846931999367,42.659243490960975,41.48805985054757,40.74761365905784,36.675842146594135,42.23368731679452,44.33138826914137,0.15629189491477027
3994,42.76815976190698,42.64171977481931,41.29530658307627,40.6449251424455,31.32288708590126,42.17031306399181,44.33107871105468,0.1562918949147703
3995,42.77136328364745,42.701863951188834,41.33913126414482,41.29373259785887,32.40212032866171,42.333586289365115,44.334282232795154,0.15629189491477033
3996,42.764930549110545,42.67828714786871,41.31725239865937,40.688326412619645,29.600083285430493,42.28131845849997,44.321823902397504,0.15568933532869592
3997,42.78371688840241,42.69065275891331,40.99535332850387,40.07437128288065,31.44848508017592,42.179633597944104,44.3219505825888,0.15382336941863917
3998,42.80248377347068,42.69284402898612,40.599181164593375,39.87238794579954,23.00068465660375,42.01459250336573,44.34071746765707,0.15382336941863936
3999,42.78046500548491,42.65708278655241,41.01311563295144,40.59563077705416,26.91384059685754,42.247883594854144,44.31869869967131,0.1538233694186393
4000,42.808339858835495,42.67479870626778,40.70724476934261,40.448200835345,6.1246798111696705,41.99281824704218,44.346573553021884,0.15382336941863917
4001,42.78678951154788,42.66414971124193,41.06001269425266,40.24360137106816,30.129935189993855,42.051847955865426,44.325023205734276,0.1538233694186392
4002,42.777672148252734,42.68548412739684,41.341461051807265,40.88449453969854,31.21210478307991,42.141076647295165,44.32193143829987,0.15442592900471358
4003,42.78926140927894,42.69928819433408,41.32738555690013,40.61956808656067,33.18580724437937,42.10157321551419,44.34370944361381,0.1554448034334865
4004,42.75852195107652,42.56367579302668,41.084363590148875,40.31442903111158,31.48930434812778,41.83923611900245,44.312969985411385,0.15544480343348657
4005,42.7680314009264,42.665812639019926,40.91399430160361,40.941904583050054,10.871806738270848,42.31649551071135,44.32247943526126,0.1554448034334864
4006,42.78285820803262,42.643721090985885,41.32541603800551,40.94077458157407,24.262766181360067,42.142879561950075,44.33730624236749,0.15544480343348646
4007,42.75776270341606,42.66230987759283,41.05148788964928,40.25797006542255,30.33853842115604,42.062906195815444,44.31221073775093,0.15544480343348654
4008,42.78582629848002,42.66224695947144,41.267533410610206,40.640619561348316,30.180946806085174,42.05292538098399,44.340274332814886,0.1554448034334865
4009,42.776992487638836,42.64092647966723,41.04687587726926,40.91391958693214,30.299771725463494,42.01604702302509,44.331440521973704,0.15544480343348652
4010,42.795437212719676,42.4245407400041,40.464616094860276,39.56028708894543,29.568822267726674,41.519882926119266,44.349885247054544,0.15544480343348657
4011,42.767526130350454,42.612733413497246,40.5247568198195,39.46284666276171,18.262271865667003,41.76860874863269,44.32197416468532,0.15544480343348666
4012,42.79231257007901,42.65548561888136,40.73930696705471,40.04924747258016,24.079153023289514,42.12028506216012,44.34676060441388,0.1554448034334865
4013,42.779370868884406,42.69928297207627,41.49080255938304,40.944281199360496,31.155519052725907,42.34857670736761,44.333818903219274,0.1554448034334865
4014,42.75095742178905,42.63641612424121,40.94883709252471,39.45276817102897,33.10223897087659,42.12324488755101,44.297351945232336,0.15463945234432847
4015,42.77459456335913,42.65971933695506,40.95791986779399,40.597079838279896,23.659647893897038,42.317201264064266,44.31880132517846,0.15442067618193353
4016,42.79168904528597,42.66081623648914,40.651679316418864,40.597414875629994,0.6125566277907168,41.93991246731511,44.331314750279155,0.15396257049931833
4017,42.789205751824994,42.67423704357991,41.32744092687931,40.712211345659874,35.283497596806626,42.22043334976722,44.32509925482079,0.15358935029957996
4018,42.80476501863029,42.68060744538339,40.95789536304453,39.92497959945798,17.25258825651769,42.039454803032726,44.34065852162609,0.15358935029957987
4019,42.82122888291003,42.720066112613935,41.21728217596067,40.34635060353495,32.10676982030041,42.15153420384231,44.356188578226906,0.15349596953168754
4020,42.799454826587315,42.68976545765257,41.18560972905206,40.45878682286095,28.530206451912008,42.17989066976568,44.334414521904186,0.15349596953168732
4021,42.79032802321,42.49166870003102,40.78326151886941,39.856664928781775,31.2360007601659,41.67816049400828,44.32528771852687,0.15349596953168732
4022,42.790527658568244,42.69840332996704,41.49931297686527,41.106765908461995,31.203061605734433,42.14928543634214,44.325487353885116,0.15349596953168743
4023,42.78067315329549,42.661247371773705,41.17855007331192,40.52175766259452,32.18483927768544,42.14303731470288,44.31563284861236,0.15349596953168737
4024,42.81458574753964,42.58287121138104,41.26868816730431,40.51924385728635,30.29694724277332,42.036260032722396,44.346881032002365,0.15322952844627244
4025,42.79272101796004,42.6244219671504,41.08101266031033,40.70762998108553,30.390377686164324,41.99024526115892,44.32501630242277,0.15322952844627238
4026,42.79914950032821,42.66197328012954,40.793311445867715,39.900366827176875,27.314827401129605,41.725913191466965,44.33144478479094,0.1532295284462725
4027,42.82420006020235,42.6768294362131,41.20677004171621,40.57282476989701,26.783169246663874,42.05183310459003,44.35649534466508,0.15322952844627236
4028,42.81455904384953,42.708633474773926,41.01954638113006,40.25039350838101,29.93038897854457,42.18899555171045,44.346854328312254,0.15322952844627238
4029,42.781238076628384,42.688797658092525,41.324233408252674,40.79835743026521,33.51246572257746,42.15271141778433,44.303113276118964,0.15218751994905783
4030,42.81244630921548,42.684930387935125,41.03729058592648,40.52463920051497,24.6685505091609,42.3584072334389,44.33432150870606,0.15218751994905783
4031,42.81578123226444,42.704433946957806,41.280605973116344,40.879259085344216,27.00459476277811,42.28738209000936,44.33765643175502,0.15218751994905788
4032,42.829882772434225,42.68273602947584,40.91290816483817,40.21103728818177,28.280826952966194,42.242044702402254,44.35017307873234,0.1520290306298116
4033,42.80830569352113,42.69177911921013,40.79201407236963,40.16891049634523,24.470993038152013,41.92044581024939,44.32859599981924,0.15202903062981174
4034,42.79221175664419,42.686684189519504,40.91737385363088,40.248833546034575,10.64595408280988,41.89022053785547,44.31250206294231,0.1520290306298117
4035,42.82614077844739,42.59154473261548,40.912911525365075,40.071929184348605,23.294297326997338,41.91244583439529,44.334407591709436,0.15082668132620444
4036,42.81695546669315,42.7310629714495,41.28622808348238,41.08060713152484,19.588953356844257,42.42002919013471,44.3252222799552,0.1508266813262045
4037,42.822917682891486,42.6972631658474,41.13617188874115,40.54608056209568,28.166991392582222,42.20456718885876,44.33118449615353,0.1508266813262045
4038,42.81103621257313,42.69748457379859,41.294905091160075,41.03849597419151,27.46020468866583,42.14385209987479,44.312801043492065,0.1501764830918934
4039,42.84815567545383,42.7241357906248,40.850190618710975,39.90460033683797,24.38097656476918,41.7872853457054,44.34992050637277,0.1501764830918934
4040,42.82311789370918,42.733107476895924,41.08078997286168,40.158359026571894,29.879389683029466,42.09612306435554,44.32488272462812,0.15017648309189338
4041,42.82287575491178,42.71111133432779,41.10416105518801,40.76953894330597,22.130031644158198,41.994557057103904,44.324640585830714,0.1501764830918935
4042,42.8370921644791,42.58763184811078,41.293875990833,40.567409790373866,33.28305063540833,42.13230977104732,44.19277432485998,0.13556821603808822
4043,42.82802999242698,42.685419267758434,41.18528384487221,40.485859993242876,33.97603043894473,41.893269280794414,44.19005593076748,0.1362025938340501
4044,42.84598033412602,42.62984274423644,40.52842660972621,40.14290782601427,0.5648123530695415,42.055455981623616,44.20800627246652,0.13620259383405012
4045,42.840106937877515,42.72478813822561,41.42447086441518,40.90324883067449,27.939132626210576,42.37054867222004,44.208634858561126,0.13685279206836104
4046,42.81348956033265,42.73030803440714,40.78607081551207,40.46182046120513,9.26578649920728,42.12181468620429,44.186813162475225,0.1373323602142577
4047,42.819390585921894,42.70104427174597,40.70911646140292,40.11618403631769,27.530658100919595,41.83675675532034,44.19271418806447,0.13733236021425768
4048,42.80656913671766,42.660858754632926,41.20027247904911,40.591308811679404,31.327994463671494,42.242983799568535,44.17989273886024,0.13733236021425763
4049,42.79482762050854,42.65505929154056,40.83883014459818,40.49310998984383,19.291434456161344,41.82315755374705,44.16815122265112,0.13733236021425774
4050,42.83232700339353,42.70543552876053,41.08172045162138,40.430289047594236,29.588753896558536,41.887443047357635,44.19886229137294,0.1366535287979407
4051,42.83267064635355,42.72118004616331,41.13026325490611,40.35109328452254,29.94033644936925,42.18480592563586,44.19920593433296,0.13665352879794088
4052,42.82290453097832,42.69031213979085,41.39232622248359,40.96968486246562,23.30968619708068,42.294316322370726,44.18943981895773,0.13665352879794077
4053,42.82948690484082,42.686166696603365,41.2788016033655,40.65644877344456,25.103555586453318,41.966226068803564,44.19602219282023,0.13665352879794082
4054,42.81400029851938,42.59806366462789,40.957285279093426,40.34348930866594,19.71991694329589,41.9252675954468,44.18053558649879,0.13665352879794088
4055,42.79468994053031,42.70108380889572,41.10656295235994,40.452724726090175,24.6521656668087,42.26491993840544,44.16122522850972,0.1366535287979408
4056,42.829433234088015,42.754180939174994,41.46715973591806,40.69653708632739,31.637337479023806,42.424145915583324,44.195968522067425,0.13665352879794085
4057,42.82326957985517,42.72700093941926,41.10105723983167,40.22797355015639,31.20402969006284,42.25451887121616,44.18980486783458,0.13665352879794093
4058,42.85118056575539,42.691593514846346,41.00173935275276,40.26429398755948,19.15884759904397,42.16414688537757,44.2177158537348,0.13665352879794085
4059,42.81676795512971,42.73561821149481,41.51966044980774,41.08649544446377,31.807522725980277,42.14986930581135,44.18330324310912,0.1366535287979408
4060,42.820216453941406,42.711335002672065,41.3851280543999,40.6000484363306,26.58579388373087,42.2543974221381,44.186751741920816,0.13665352879794085
4061,42.8111253325291,42.7431392295877,41.19039090711026,40.33466763846644,27.361929818228635,42.209921122643365,44.17766062050851,0.13665352879794085
4062,42.83239700245187,42.70497169117333,41.166295622528004,40.33614128127521,31.62781733414765,41.89052972328357,44.19893229043128,0.13665352879794074
4063,42.82941679096277,42.70344034742435,41.06201945547775,40.692866957455884,22.69726404145914,42.18195971587875,44.19595207894218,0.13665352879794077
4064,42.82039974588528,42.71426583937055,41.24605080919089,40.4517116362455,12.432808180474897,42.10798238028486,44.18693503386469,0.13665352879794074
4065,42.82597739821021,42.69726258293545,41.19144409100405,40.453609426649734,30.544982107678578,42.10308079784372,44.19251268618962,0.13665352879794093
4066,42.8045529215365,42.62599452736098,40.83308191115117,39.95109166974199,25.266221519471916,41.86777826626741,44.16506261365517,0.13605096921186652
4067,42.82073689335632,42.742504937689816,41.3060574030747,41.176023888428475,26.349221073170096,42.32456614775986,44.18124658547498,0.1360509692118664
4068,42.84140449772653,42.69944244143975,41.38684851393887,40.72109176379587,23.94387328071442,42.00097504843336,44.2019141898452,0.13605096921186652
4069,42.83193524520503,42.73871479978404,41.02418264499011,40.41970333057159,15.874800566276974,42.403428029811614,44.19244493732369,0.1360509692118665
4070,42.82893901108589,42.687055748139244,41.22039830455452,40.346383887845285,33.854458759811756,42.040947817929336,44.189448703204555,0.13605096921186643
4071,42.85698072956925,42.72498738822097,41.476076283266764,40.789468274228625,32.94176355008481,42.070663276930475,44.21749042168791,0.13605096921186646
4072,42.811143730567636,42.67504425408778,40.81128031335542,39.96860488606018,30.86438779102366,42.0767723323612,44.1716534226863,0.1360509692118665
4073,42.833192489538355,42.629977521681106,40.9819634698488,40.61875942780019,22.07384467630023,41.99687409468017,44.1867892425732,0.1353596753034846
4074,42.845706075786474,42.74632767096829,41.422831807741844,40.504037006245085,29.972232442524504,42.26123984701329,44.19930282882132,0.1353596753034846
4075,42.848482962252575,42.668074437288496,41.14010966022543,40.49209996016868,29.139909012843717,42.148095911608124,44.202079715287425,0.13535967530348464
4076,42.842386657469646,42.73303473461871,41.04706639790659,40.53687717087205,29.016967069101604,42.04743759901231,44.195983410504496,0.13535967530348467
4077,42.81744637938864,42.73086380905071,41.15021637827002,40.22767062219694,30.749604480481295,42.14887197458805,44.17706872828423,0.13596223488955891
4078,42.848706675309025,42.62005427443358,40.397663963478685,39.43479108762498,18.318606397340478,41.83105330384538,44.208329024204616,0.1359622348895591
4079,42.81766426592139,42.673257064711414,41.05979414580666,40.1344267816594,30.418630276801196,42.138887439744494,44.17728661481698,0.13596223488955902
4080,42.8423107185544,42.730741811947375,41.42415465489751,41.11485193626866,31.273936963856798,42.32454835770119,44.20193306744999,0.13596223488955905
4081,42.82375980305495,42.60696737584183,40.82921192399171,40.13451236234807,30.02186210434831,41.87520304957218,44.18338215195054,0.13596223488955902
4082,42.830196604186305,42.7248191264293,41.30551312656674,40.601879193925825,30.657737964130927,42.35328400181832,44.1898189530819,0.13596223488955905
4083,42.84352308360951,42.71244598268229,41.02392641468466,40.533414922511675,28.0006674384291,42.13834201416312,44.20242099654503,0.13588979129355144
4084,42.828026320569876,42.733902365266154,41.373860941876465,41.085832711297826,25.897797772459064,42.309011435638375,44.186924233505394,0.13588979129355166
4085,42.83377806228263,42.68917950924755,41.195685474184145,40.44778034741419,30.55711125774392,42.04691258157045,44.19267597521815,0.1358897912935515
4086,42.830632948203075,42.72662220199689,41.186349845748424,40.60430819222507,29.571455873226604,42.15394151802506,44.189530861138586,0.13588979129355142
4087,42.827659811715705,42.71038153760266,41.129146634121646,40.32261722559402,30.04634818657638,42.163088109236796,44.18655772465122,0.13588979129355158
4088,42.84928033444114,42.721658407029885,40.88865953109478,39.877650777429444,25.198546568239884,42.08985197919404,44.20817824737666,0.13588979129355155
4089,42.84028566997318,42.5867079491412,40.97860581110859,39.93507253304482,24.289972586012095,41.94903845987035,44.19918358290869,0.13588979129355136
4090,42.81864041325202,42.70721434883544,40.53345526189242,39.77709405607925,11.616730977395228,42.05929657532877,44.17753832618754,0.13588979129355166
4091,42.84449098018837,42.69533216741299,41.04451270674393,40.44066736265824,28.222978484922766,42.04850417747406,44.20515056066065,0.13606595804722776
4092,42.863039750532586,42.73824364879878,41.14207971747637,40.416716399652636,24.65424687741809,42.07560689744038,44.223699331004866,0.1360659580472278
4093,42.83205809696385,42.6567717889929,40.70766533613659,39.75245476198536,5.932128922928989,41.916988767960675,44.19271767743613,0.13606595804722776
4094,42.847541294019805,42.73401600492079,41.087994262994876,40.131291296337686,29.01639858447349,42.096057870582435,44.208200874492086,0.13606595804722774
4095,42.84127769930334,42.716829688802186,41.19244010167737,40.76670023941053,-0.6980883369962285,42.187839751791934,44.20193727977562,0.13606595804722774
4096,42.83819751203059,42.700485739092734,40.97385626489494,40.31254918532849,17.068818205253002,41.95169658737744,44.19885709250287,0.13606595804722785
4097,42.82300423079905,42.59870472959824,41.18409147881997,40.65883979755194,25.50198405960669,42.08546881885866,44.18366381127133,0.1360659580472278
4098,42.82341573359787,42.74178037108031,41.45229681034111,41.01122510386266,34.767186172064086,42.1369973192658,44.183835430778245,0.13604196971803748
4099,42.82278385480994,42.74642457264803,41.216682638379,40.25176873056955,32.283272496103905,42.20251443651557,44.18320355199032,0.1360419697180376
4100,42.84466408729094,42.67981866179984,40.9376646128634,40.438412872879944,28.71306797504903,42.09492158027827,44.20508378447131,0.1360419697180377
4101,42.83219203685414,42.710378843960065,41.14655240612045,40.33727434558048,30.510727501146732,42.08001814753591,44.192611734034514,0.1360419697180376
4102,42.8333530856565,42.743272455188794,41.31812021182696,40.462686123744334,30.39883464031612,42.15387550732718,44.179474243942,0.13461211582855034
4103,42.830097010614296,42.74265311763718,41.23076946032584,41.09676182690039,-0.7361560916833625,42.24867556941408,44.1762181688998,0.13461211582855045
4104,42.82380256996338,42.672423239432966,41.094503287911316,40.12046334051825,30.298330557864094,41.91590758684472,44.16992372824888,0.13461211582855043
4105,42.842801730200506,42.737966609748575,41.58062523698215,41.31123187837279,32.848884780981805,42.427811987885775,44.18892288848601,0.1346121158285504
4106,42.84261383773436,42.748385719221424,40.87761643658179,40.055439198636975,6.302794412789986,42.160422438569796,44.18873499601987,0.13461211582855037
4107,42.83913258994809,42.74271853579787,41.0522814659491,39.81600119657247,21.245693939201704,42.04123303635199,44.1852537482336,0.13461211582855034
4108,42.83336553040112,42.75512435236313,41.129562136093384,40.947817993281504,25.818158456337194,42.23100732974079,44.17948668868662,0.13461211582855037
4109,42.83654850547965,42.69140382614902,41.25649530023221,40.74920175741521,31.56994396504038,42.2083827954119,44.182669663765154,0.1346121158285504
4110,42.842493010254124,42.648945943805444,40.74613617343205,40.19222803647094,28.095141921479282,42.05362889470065,44.18861416853963,0.1346121158285504
4111,42.83007689832575,42.68696737160133,41.109230529545364,40.53309179405023,27.620066317413496,42.20053107086373,44.176198056611256,0.13461211582855054
4112,42.816136437831695,42.63199108419891,41.127405751922275,40.34148684817828,31.39939611378802,42.0533545766322,44.157863662757336,0.13417272249256434
4113,42.84992062112948,42.71142647747534,41.07088063284477,40.748098310542005,22.916029007005626,42.188774096852995,44.19164784605512,0.13417272249256423
4114,42.83141063148421,42.756643159174565,41.6201821777737,41.07001595736545,30.382125074544184,42.33393707778758,44.17313785640985,0.1341727224925644
4115,42.84380772956066,42.69390365498763,40.90501754372016,40.032068178035104,19.733790669628,42.00051897206704,44.1855349544863,0.13417272249256434
4116,42.84720922800294,42.71292311176081,41.173828696850194,40.90474755959308,27.651375707898154,42.09065746044743,44.18893645292858,0.13417272249256432
4117,42.847869759436406,42.71321494921637,41.16993668370031,40.778468726524814,25.801584736678087,42.035722638691716,44.185709350590805,0.13378395911544017
4118,42.82251658533432,42.57415863062019,41.01805524360972,40.66597634777171,28.398835571164174,41.81714747380338,44.16035617648872,0.13378395911544022
4119,42.83197666540376,42.639528365037755,40.92469997866426,40.3589832362116,27.413440276750855,42.054622484083716,44.16981625655816,0.13378395911544017
4120,42.838255349756054,42.70770390810388,40.602888808135454,40.30082674564052,-9.811359633375176,42.171728343950036,44.17609494091045,0.1337839591154402
4121,42.866108124565905,42.744759014779945,40.750944634251134,40.02737163286255,14.787695974496945,42.13961462911716,44.203947715720304,0.13378395911544017
4122,42.85013247886819,42.77905164534977,41.398572714955165,40.68608010363132,30.665125883322222,42.3725578323554,44.194885009106414,0.1344752530238221
4123,42.82850063564735,42.745351641000035,41.12655995795411,40.53951429016344,25.426654936189,42.24320028570415,44.17325316588557,0.13447525302382204
4124,42.851139673235,42.672950817607685,41.32529268125406,40.69097101934284,33.20703171302817,42.1298484243059,44.19142536755171,0.134028569431671
4125,42.844799295720875,42.57036470923483,41.142457475359265,40.94993172599933,19.735881702600498,42.11135687130529,44.18508499003759,0.1340285694316711
4126,42.84194111196002,42.725257007173866,41.51735369886106,40.71017664272998,34.1654183288594,42.17601484357873,44.18222680627673,0.13402856943167102
4127,42.86375830237649,42.75787572929319,41.285432733797194,41.02045082460601,30.73410081641179,42.29422065025673,44.2040439966932,0.134028569431671
4128,42.84863893418802,42.60792416614823,40.855371836658776,39.628448308243115,30.899733965776985,41.85148637389671,44.18892462850473,0.13402856943167105
4129,42.820095547356566,42.70210701383916,40.72530928610474,39.88546783030493,24.073761160312625,41.850243307650246,44.16038124167328,0.13402856943167105
4130,42.84738304348534,42.70029876189545,40.92321770170972,39.95803222536067,28.850237009802104,42.183281824713724,44.19216411912906,0.13447810756437206
4131,42.846165054681364,42.68410446495405,40.91469748091336,40.388767995443324,19.68609216028258,42.10712115314313,44.197734444488255,0.13515693898068892
4132,42.828036424948436,42.69037820660072,41.228489198285075,40.53160063657081,24.974345164587408,41.94794624715267,44.17960581475533,0.13515693898068898
4133,42.83385110933158,42.66246789043493,41.1352200660912,40.65224312611998,23.326988237503713,42.166329680195034,44.18542049913847,0.13515693898068898
4134,42.83701569722559,42.742684354370475,40.490427474832664,40.28575322310715,-13.187126983311266,42.00207809604177,44.18858508703248,0.13515693898068898
4135,42.821826713299174,42.52285217638622,40.82006565927407,39.610764209165865,32.03701196902627,41.78177327751483,44.173396103106064,0.1351569389806889
4136,42.827523373770696,42.70759207775042,41.17893284322376,40.15169004825074,29.845762651559703,42.16993546929144,44.179092763577586,0.13515693898068898
4137,42.82158674166449,42.71803575876907,40.9845036178086,40.135660312807644,23.33618165943753,42.16508797219814,44.17315613147138,0.13515693898068903
4138,42.824781084904906,42.68904422011234,41.112762581439526,40.56401210056028,27.12042870760931,42.05782171350743,44.176350474711796,0.13515693898068884
4139,42.83994089480121,42.73316042849084,41.43370112292258,41.06520483235945,32.70961560972495,42.40710959224993,44.1915102846081,0.13515693898068884
4140,42.818582590393696,42.65923913619725,41.36268367193072,40.5196523648466,28.603640478478592,41.96024846644343,44.170151980200586,0.13515693898068892
4141,42.84209378854467,42.606597410520614,40.824039479288395,40.46552597672688,6.183329964875803,41.99005942649799,44.198130014273076,0.13560362257283995
4142,42.83261379920032,42.65971096071081,41.202627724522145,40.66511662893063,30.275799716281266,42.19829102252892,44.18865002492872,0.13560362257284006
4143,42.826050032000595,42.72099219690704,41.24506250329913,40.67317727700576,32.54906319774077,42.37189793277153,44.18208625772899,0.13560362257283992
4144,42.83849519469585,42.68012092794338,41.243296979931614,40.736574759081115,28.95645567527562,42.22063610965148,44.19453142042425,0.13560362257283992
4145,42.811980083145365,42.73934656278034,41.113542738675,40.37032779053588,24.828960746454054,42.195187024715,44.160868946908415,0.13488888637630495
4146,42.85203621198695,42.66029764538912,40.88381318093936,40.25013569406753,21.043010059978826,42.035645959137355,44.20092507575,0.13488888637630483
4147,42.83403724367842,42.71466016195237,40.87137010407312,40.29577777386766,19.819761709644002,42.039582776706396,44.18292610744147,0.13488888637630483
4148,42.82779612858583,42.66316609129068,41.29645494564652,40.790243922852945,29.019997279581304,42.32902007705722,44.17668499234888,0.13488888637630492
4149,42.834208703968095,42.6809260184704,41.08444828408736,39.87412250529224,29.527497469537092,42.09453828385082,44.17630925356798,0.13421005495998808
4150,42.852364431134134,42.63709856716507,40.7502134609527,40.28258826374882,-11.528819903927477,42.15727637206722,44.19446498073402,0.13421005495998808
4151,42.8464850561339,42.70803462804233,41.06812386440705,40.63004646285267,31.73997698174302,42.09048062659318,44.188585605733785,0.1342100549599881
4152,42.85259631503918,42.72369153116064,41.1177784620042,40.56842941881541,30.33266559678012,41.93665655302721,44.19469686463906,0.1342100549599881
4153,42.840583982572944,42.74280451943514,41.51190360830972,40.99966578742618,31.415209366795494,42.36543959269275,44.18268453217282,0.13421005495998803
4154,42.855666313742034,42.7077813076575,40.8924565740113,40.04223816765919,29.64660854882487,42.027844970081645,44.19776686334191,0.13421005495998803
4155,42.82130118322197,42.589612945043235,41.07705290347306,40.25218802342063,30.643055419962696,41.87511164105783,44.163401732821846,0.13421005495998803
4156,42.80912290567744,42.5872809736963,40.86447687986524,40.06255526105673,28.58552472556302,41.87205082505989,44.151223455277325,0.13421005495998817
4157,42.83401596376269,42.65997154768026,41.2905934096103,40.66162500640552,27.602831865751,42.1191930015394,44.17611651336257,0.13421005495998808
4158,42.837212946270554,42.73139825110917,41.030166602546956,40.73707703267266,17.294335136772396,42.19099541229586,44.17913152578458,0.13419185795140204
4159,42.846563204091744,42.678250705060094,40.69526671038034,39.9849526078392,6.561023638575087,41.858672219095055,44.188481783605766,0.13419185795140198
4160,42.824923073927906,42.70008181200711,40.66636696444178,40.80823903092672,-13.036904193073028,42.35104266418423,44.16684165344192,0.13419185795140187
4161,42.84606506043099,42.682934213428815,40.88614250916348,40.03966696930682,17.322621763685014,41.935070443202775,44.18798363994501,0.13419185795140204
4162,42.828776098918645,42.67656737155044,41.2550015647048,40.436834821308636,31.624397517739208,42.11386382724183,44.17644907780603,0.13476729788873915
4163,42.82567923088747,42.753229421417345,41.31058639875491,40.76051399686007,26.686810949742487,42.29913733703218,44.173352209774855,0.1347672978887391
4164,42.83828721891193,42.70950282308763,41.51035494792907,40.8880946623333,34.284249057340475,42.24053396161731,44.18232941725162,0.13440421983396897
4165,42.853531552359506,42.72265871461711,40.7129407548266,39.54882780929484,19.858516742519726,41.88905562953651,44.1975737506992,0.13440421983396897
4166,42.84755713682486,42.732712681216235,41.1369491488248,40.28091387262647,27.222752151920478,42.11552563210684,44.17874618002268,0.13311890431978138
4167,42.84148128159467,42.659054780321334,41.383875846281086,40.4773126156941,35.80004052476752,42.198504152820604,44.17267032479248,0.13311890431978118
4168,42.84799823380587,42.715750415095066,41.34538461561229,40.71829377322096,32.94184362379577,42.25486978249086,44.17918727700368,0.1331189043197812
4169,42.86685354154808,42.72335531686527,40.84572198338917,40.06154337872389,23.50633847599927,42.17053306404215,44.19804258474589,0.13311890431978113
4170,42.84183277831887,42.743944463474655,40.898569788896104,39.46160902670181,29.139408878449547,42.13083176638916,44.17302182151668,0.1331189043197812
4171,42.86033304824742,42.59565829143668,41.280151720087325,41.10046120175472,32.07814423608247,41.92686699074328,44.19152209144523,0.13311890431978116
4172,42.85318348881545,42.734832016305894,41.282750094026945,40.715932016631534,22.315833411412818,42.09144460574626,44.17969518060039,0.13265116917849398
4173,42.87166444264715,42.68368605991661,41.16751975375244,40.51771145587508,29.118933952282315,41.84724227859736,44.19817613443209,0.132651169178494
4174,42.85920642833103,42.70524436896698,41.06629491841835,40.34153134895599,19.53200119120614,42.108410288084514,44.185718120115965,0.13265116917849396
4175,42.834482995716485,42.73753602758102,41.3255921404867,41.08747498417897,29.613279880746333,42.119795657028234,44.16099468750143,0.13265116917849412
4176,42.84933550868124,42.703382745705106,41.39161179353059,40.847418307193124,32.324420915379065,42.164979717029695,44.17584720046619,0.13265116917849412
4177,42.84662860579374,42.725932322974536,41.43471464297056,40.99834385147923,30.45197455307439,42.124690996277124,44.17314029757868,0.13265116917849404
4178,42.86161539809805,42.73130085496693,41.180100659725284,40.8037658974313,28.496578841421986,42.222696993544304,44.188526142345985,0.13269107442479344
4179,42.84313191933524,42.64616864542507,40.81008327363971,40.3127299688496,27.776389117378326,42.012619268595756,44.170042663583175,0.13269107442479333
4180,42.874151874283456,42.68441015132795,41.16838105574256,40.113328489259025,29.231722534860832,42.143007439922485,44.20106261853139,0.13269107442479344
4181,42.8494502422578,42.68341045073929,41.210796768165714,40.546190748606115,28.008234410402796,41.9813745356646,44.176360986505735,0.13269107442479344
4182,42.88084522117233,42.73444588626223,41.31317595188513,40.509783028993546,28.962688364201274,42.051018977033664,44.20775596542026,0.1326910744247935
4183,42.85562105049687,42.66023380555147,40.954658053956905,40.508477330986594,25.20318530310721,42.0615564727203,44.182531794744804,0.1326910744247933
4184,42.88050674288824,42.712281868431724,41.06437469210979,40.05657421841842,30.040341895733803,42.04483105211488,44.20741748713617,0.13269107442479333
4185,42.852517222560486,42.61422277928878,41.09500204145353,40.00843903780756,33.18061080274451,41.89851411874339,44.17942796680842,0.13269107442479336
4186,42.858387596685304,42.71000560686566,41.310203630570015,40.29146524139507,33.66616931929248,41.78394979627095,44.18529834093324,0.1326910744247935
4187,42.873976767263066,42.7571040706164,41.10681458959901,39.87358669804705,31.03082653267449,41.992763887768504,44.200887511511,0.13269107442479333
4188,42.84889466385797,42.59739150405869,41.16308292793237,40.34813231131038,32.72253846480932,42.08493755500365,44.1758054081059,0.13269107442479347
4189,42.833707540780765,42.684994232646936,41.226498753142145,40.9564759869286,27.767306028389275,42.24426435642101,44.16079206511157,0.1327084524330809
4190,42.86127116583271,42.76081235859452,41.01192624967845,39.977179360190334,11.674930340213471,41.99060677745196,44.18835569016352,0.1327084524330809
4191,42.849017548721264,42.69628428235109,41.420509113905894,40.79747376135763,29.697040837299674,42.25256826633003,44.17610207305207,0.13270845243308088
4192,42.85270855588014,42.75301785876154,40.962731109009596,40.050917139842554,23.420584283549037,42.078431710600746,44.17979308021095,0.13270845243308096
4193,42.848973399361036,42.64113550929412,40.96062579994994,40.16377132348204,22.529511372304434,41.94923970469071,44.17605792369184,0.1327084524330809
4194,42.87428290022849,42.752487557147276,40.96860037368839,40.16184713222502,29.633637120177575,42.16094826716096,44.2013674245593,0.13270845243308094
4195,42.833673771907605,42.669187447554904,41.0019542954546,40.41570382606738,19.67844194146162,41.983302886043695,44.16075829623841,0.13270845243308085
4196,42.87734584666413,42.67980244433657,41.29698140574446,41.07010605054336,20.026064817044634,42.24807319257971,44.204430370994935,0.13270845243308094
4197,42.862016770129586,42.76145283615524,41.52735472186696,40.81370998410738,33.7951306637751,42.24853755109372,44.18910129446039,0.13270845243308085
4198,42.861670977711505,42.7317045557336,40.880537213900524,39.49376638227789,28.319758355920484,41.852280638303824,44.18875550204231,0.13270845243308085
4199,42.85548866964191,42.73717872854501,41.091286734076135,40.2803456470999,28.263895956275334,41.97877761008104,44.182573193972715,0.13270845243308083
4200,42.84890021077089,42.72369337503055,41.702959600205,41.03765036410667,35.33521189601152,42.1982690453692,44.1759847351017,0.13270845243308096
4201,42.87356416966204,42.732429827080374,41.45448109457003,40.92510558850564,30.546853050367435,42.222873691829015,44.20064869399285,0.1327084524330809
4202,42.895756842702205,42.74744550391813,41.24763434642364,40.425629124857416,35.23437920414927,42.32880732856016,44.22284136703301,0.13270845243308083
4203,42.8615960502038,42.76837435897055,41.41965850202516,41.33606274588033,30.959155280782724,42.23325752804312,44.19163913986742,0.13300430896636156
4204,42.858443690071816,42.72081199909718,41.375853901565094,40.51194684432305,30.362559456017323,42.103235176996506,44.18848677973543,0.13300430896636148
4205,42.8635583682593,42.74636366991747,41.439606370395325,40.715547427644886,28.709840802348367,42.31303768902326,44.19476635883418,0.13312079905748783
4206,42.84168406889707,42.70494842942463,40.8831786883535,40.21282437796217,22.25371609828393,41.963514507127016,44.17289205947195,0.13312079905748792
4207,42.84499429173045,42.670455916420444,41.22688716327977,40.32826666812415,31.359635758099714,41.78693987514626,44.17620228230533,0.13312079905748794
4208,42.8354234500482,42.74256820417837,41.318736133404556,40.300146368744606,28.193212541245607,42.29058105832667,44.16663144062308,0.13312079905748805
4209,42.83874030949996,42.73587483779195,41.33087484856451,40.432367444155226,31.26778985537916,41.9678157502707,44.16994830007484,0.1331207990574879
4210,42.88258167173453,42.73873737070388,40.8585954087399,39.67425905403544,27.419516742902406,42.00491186760849,44.21378966230941,0.1331207990574879
4211,42.84794295273021,42.690893462677344,41.31206237572181,40.49830026115069,30.42013004224359,42.10590082413455,44.17915094330509,0.1331207990574879
4212,42.85789500190608,42.68828350349963,41.22351983534429,40.814092198677365,32.86968902003718,42.06997481018634,44.18910299248096,0.13312079905748797
4213,42.848164348339864,42.65967864138575,41.115104323905555,40.365095548259305,21.108767317467887,42.08319744421971,44.179372338914746,0.13312079905748792
4214,42.863479770344675,42.55072066907169,40.65926071308337,40.29782983018924,0.3517662986092489,41.91848440375142,44.19468776091956,0.13312079905748783
4215,42.86675153834184,42.681346681932965,41.32980429245951,40.63604526346057,29.01467784189625,42.064896531407,44.19810743975553,0.13313559014136975
4216,42.853605766570716,42.664395669103605,41.071457246369576,40.16160011804426,30.123791965304047,41.99580385297031,44.18496166798441,0.13313559014136966
4217,42.841729438670406,42.74534655143992,40.907289730853435,40.62221287946523,5.386044274460623,42.016512781526146,44.1730853400841,0.13313559014136975
4218,42.84166285139579,42.695062713000524,40.959293845313674,40.404563015237386,25.520764642217745,42.138625605015335,44.17301875280948,0.13313559014136966
4219,42.869854183214485,42.70596642664519,41.344922786321895,40.87511691124895,30.446504484959686,42.2737995903672,44.20121008462818,0.13313559014136972
4220,42.83886762783283,42.66992868267747,41.3509688668508,40.84251325280005,25.919183639530484,42.11952250561936,44.17022352924653,0.1331355901413696
4221,42.8478763369753,42.66446018266559,41.424970290004424,40.84792507057464,31.98737442224543,42.26368950039441,44.17923223838899,0.1331355901413697
4222,42.83853819767381,42.70465835023914,40.86342566794324,39.92345354391928,24.006101825151127,42.0399998600942,44.16949504662451,0.13309568489507023
4223,42.85811281208067,42.64798170870792,40.605411631572224,40.23876658305358,1.2459836862183735,41.864957064878766,44.19163586311385,0.13335230510331847
4224,42.842727827280996,42.67023395107967,40.9392056925234,40.206859790487734,27.703726769015194,42.005918727441795,44.17625087831418,0.13335230510331847
4225,42.839615112754,42.70417292503357,41.23126594609002,41.03224079287736,20.150745820200342,42.09571831920522,44.17313816378718,0.1333523051033185
4226,42.839387458758154,42.66596079022302,41.01876293791766,40.38013673769133,29.080144724248,41.88146471219263,44.172910509791336,0.13335230510331858
4227,42.858291562898174,42.75483740116052,41.14031728490836,39.81261576281965,34.061903689027005,42.19280232953726,44.194731129280996,0.13364395663828227
4228,42.859075550083865,42.73189934809229,41.50804969716317,40.90183264801745,21.837789472582635,42.298670850012584,44.19551511646669,0.1336439566382825
4229,42.85237656722346,42.75226580333059,41.3374093098585,40.59621920549205,31.249891919964497,42.33043691756663,44.18881613360628,0.13364395663828232
4230,42.83611152316974,42.7462740613651,41.20779752997604,40.653435787147735,27.732713677941675,42.22241606746903,44.17255108955256,0.13364395663828235
4231,42.84458952223686,42.722454562818434,40.93715849272977,40.240081889904815,29.61612076123257,42.065551365511624,44.185706440032554,0.1341116917795696
4232,42.84099995592612,42.72186429589099,41.140951050197366,40.16651730796846,27.864254623935363,42.185964333048915,44.18211687372182,0.13411169177956964
4233,42.846776056309125,42.7338151713398,41.24398477994246,40.343007768812505,32.24275545845916,41.96936760133243,44.18213857473145,0.13353625184223247
4234,42.83712920996138,42.743179356640994,41.529066429422,41.4015147429147,30.722588510239415,42.30555211895858,44.17928004254687,0.1342150832585492
4235,42.84991486436596,42.63930838933753,40.74817060659639,39.994540988844086,27.637788700228658,41.84822665099196,44.19206569695145,0.13421508325854936
4236,42.8278610611987,42.6968898198865,41.27530977459652,40.328127207224675,32.43348608743016,42.09348975761357,44.17001189378419,0.13421508325854914
4237,42.83725396838478,42.59560767023729,40.92898368573679,40.5896523562801,-9.605328295722671,41.87086873778999,44.179404800970275,0.13421508325854925
4238,42.83688296716076,42.72835691998504,41.09306590456074,40.64553527940737,27.150008214638383,41.94967504817531,44.17903379974626,0.1342150832585494
4239,42.84972947278218,42.71483419120367,41.17602596276703,40.34404930710175,26.702924540648585,42.079140131939766,44.191880305367675,0.13421508325854925
4240,42.855867971197775,42.632343089875675,41.00957431269787,40.13500803261407,29.56268794154119,42.067051995189004,44.20404439964401,0.1348176428446235
4241,42.8467194777532,42.708054912772106,41.050353255260845,40.461081424870294,23.44586578740749,42.10811909567541,44.194895906199434,0.1348176428446236
4242,42.81567535038943,42.59481159970358,40.74437756851751,39.58864924127906,32.10337947684715,41.74790096201197,44.163851778835664,0.13481764284462364
4243,42.826673028279835,42.6501655331714,41.294742581763714,41.12533197079176,16.870855155343474,42.077063276996014,44.17642610942808,0.1349753081148241
4244,42.84166378746288,42.67744445919173,41.0598028498283,40.108645498158666,27.94601831457443,42.00531575801779,44.19141686861112,0.1349753081148241
4245,42.82436218997689,42.71689481494744,40.779213301360016,40.113595392810495,-12.786920236320874,42.12331988426483,44.16939112865871,0.13450289386818204
4246,42.84237737883876,42.705472954335086,41.07371338180234,40.395542341340175,29.094956733161826,42.23125573338338,44.18740631752058,0.13450289386818198
4247,42.83612543943204,42.722539579094125,40.61896006292801,40.19683775906937,16.819743237903076,41.85445445581178,44.18115437811386,0.13450289386818193
4248,42.83310591451885,42.6833764065591,40.61195445925889,40.133238542514576,6.622445014385747,41.708016953534525,44.178134853200675,0.13450289386818207
4249,42.85826303181044,42.65689452055844,40.9013571067681,40.2386315769153,21.369617038712715,41.88474191731359,44.20329197049226,0.13450289386818198
4250,42.86761088173085,42.756129439377595,41.05492782975886,39.98627065475567,27.53852217218748,42.05398244550493,44.21263982041267,0.13450289386818215
4251,42.84679665667684,42.72642816726188,41.52936855524983,41.07794388570777,34.0986341808943,42.19955554371943,44.193384355297894,0.13465876986210554
4252,42.878086546540565,42.706179110298365,40.69302849397545,39.847276103389625,27.05721277916509,42.287952803955,44.22467424516162,0.13465876986210548
4253,42.85426267225973,42.62952249668316,41.25590292071149,40.54566001993102,31.413366276928766,42.020612245292995,44.19534279547523,0.13410801232155
4254,42.85503180190831,42.745182149963036,40.72599770633384,40.519221057154176,15.762482613069952,42.12039533159799,44.22343439399132,0.13684025920830112
4255,42.815053297114424,42.59662200198634,40.68844074199504,39.067826008715066,31.668917609647785,41.890218374607144,44.16777288473146,0.13527195876170398
4256,42.8309282089991,42.66077975251149,41.09457690158254,40.24335535098292,31.693595827357292,42.054477748649084,44.183647796616135,0.135271958761704
4257,42.83655407624812,42.74821950720806,40.97384803451834,40.167574518783354,31.19692036682625,42.28362698999713,44.18927366386516,0.13527195876170406
4258,42.808681711535186,42.68421925289605,40.775107519923566,39.50057467375114,27.450341172801703,41.5727015791831,44.161401299152224,0.13527195876170398
4259,42.82120398642903,42.580913913509974,40.7953233718065,40.04789749755214,23.791200668385247,41.823220504341165,44.17392357404607,0.135271958761704
4260,42.83598593573267,42.71963080066272,40.82063367953908,40.32281454173398,13.818874021744612,42.203853901896764,44.1856152279172,0.13496292921845265
4261,42.85200127507965,42.694923631805366,40.71440949204053,39.98423684208521,27.768108319142655,41.87877016131496,44.201630567264175,0.1349629292184526
4262,42.864397501227685,42.6407261073718,40.89206100148421,39.75845976190253,30.291716386681482,41.80203716054591,44.21402679341221,0.13496292921845263
4263,42.83601160936774,42.76076101316043,41.54896735937899,40.778115318642854,29.74114725139259,42.29281873038386,44.18564090155226,0.13496292921845263
4264,42.87079062833273,42.72151003515842,41.18457952763791,40.79617639759234,23.05975717069218,42.07596254379925,44.21746135518445,0.1346670726851719
4265,42.905245140453914,42.75609724800199,41.30041590537178,40.5708027255197,31.26071914086792,41.85472739475821,44.251915867305634,0.13466707268517206
4266,42.89559976679269,42.69934435934362,41.15493162056197,40.63303780598538,32.2634777654373,41.975918324857105,44.24227049364441,0.13466707268517192
4267,42.89273156341131,42.75500160074628,41.36284416571391,40.75455416633075,30.16424194059307,42.34357821395184,44.23965347890618,0.13469219154948706
4268,42.920063550774344,42.81669975374043,41.383739727510005,40.68669319038295,32.73864750471216,42.2359787749735,44.26698546626921,0.13469219154948703
4269,42.92037610753524,42.75488130692923,41.1338982738221,40.7060365369783,23.274380869445867,42.19210422429086,44.26729802303011,0.13469219154948708
4270,42.892395603751915,42.766918011172216,40.47725568286873,39.93387223573876,15.281205795366883,42.012496050056775,44.23931751924679,0.13469219154948717
4271,42.88011031915454,42.82391379611093,41.6277648597527,41.22962027259551,23.720670130161864,42.60937923469927,44.22703223464941,0.134692191549487
4272,42.92702108214883,42.78176711995575,41.12016966564379,40.3691065625272,26.854902936650923,42.06894018512196,44.261089842501825,0.13340687603529933
4273,42.91096700687125,42.74810906787693,41.076234886483235,39.495008697811514,33.11338388467119,42.056988934845236,44.245035767224245,0.13340687603529927
4274,42.91407960892896,42.746172010415734,41.02681552714126,40.000229324321616,23.6408726311232,42.082945127449065,44.24814836928195,0.13340687603529924
4275,42.92367456514411,42.832938869035324,41.31073209889129,40.61807940306962,29.471630392613754,42.160079921842666,44.24977134993508,0.13260967847909683
4276,42.91435885634259,42.76488128161471,41.12663658196835,40.43180945294056,29.32667817766716,42.025796584535385,44.24045564113356,0.13260967847909683
4277,42.90833848867836,42.799332670165356,41.17154165761718,40.51032829756098,22.438402004878263,42.409061515359696,44.23443527346933,0.1326096784790968
4278,42.93338207483682,42.79569043582975,40.83201768648062,40.92300911407675,-10.10622290353124,42.33510998487829,44.25947885962779,0.1326096784790968
4279,42.89908876661364,42.758737514809376,41.28226606878165,40.38404046174513,34.305284292366856,42.129499472777795,44.22518555140461,0.13260967847909672
4280,42.902387155570004,42.740344368687246,41.302159640188776,40.33476604015582,33.52450520697421,42.13367865062685,44.228483940360974,0.13260967847909685
4281,42.91457845719591,42.80735910913661,41.31291197016264,41.37065182763706,19.532591411406475,42.33091066868167,44.24067524198688,0.13260967847909677
4282,42.914799773832655,42.741564516872835,41.17211485629516,40.08423136911736,32.99737783297014,42.25508303895768,44.240896558623625,0.1326096784790969
4283,42.90244049180308,42.750818180691134,41.239279044860886,40.26042219744088,30.110305996552807,42.194641480792946,44.22853727659405,0.1326096784790968
4284,42.9099872128911,42.80430463815121,41.46698951134652,40.859044070780314,32.72199242985651,42.2586593739138,44.240761349094946,0.13307741362038394
4285,42.91624598865109,42.7671078063936,41.46261492503383,40.775018582729416,31.35295387830857,42.226494845487565,44.247020124854934,0.13307741362038394
4286,42.90730485417723,42.76262433079233,41.218440961146314,40.82548098244897,28.98280244122433,42.35632672282902,44.23807899038107,0.13307741362038397
4287,42.90355115689783,42.8206870828846,41.22991279721059,40.703274396686055,21.527075111392087,42.51996846964816,44.23432529310167,0.133077413620384
4288,42.90378435705047,42.80084240839018,41.15743688075686,40.78825068005553,25.72949217388088,42.278494450843425,44.23455849325431,0.13307741362038392
4289,42.89601629170168,42.70064389449288,41.02947506408366,39.86938619130061,22.630976154074474,41.84230593264188,44.22038231742233,0.1324366025720652
4290,42.926395681538835,42.739096989751054,41.06726521049158,40.063540627914435,30.638607241028524,42.17968680552654,44.25755002142265,0.133115433988382
4291,42.901551741465184,42.63314614587809,40.91229714936065,40.09141601329513,22.899288531393893,41.92633978294387,44.232706081349,0.133115433988382
4292,42.891920057845404,42.70321998783063,41.02857406674561,40.68531932474035,5.380754939063216,42.16015746003339,44.22307439772922,0.13311543398838194
4293,42.8983462825069,42.69488042744977,41.15354059905405,40.72346444232392,27.73913488297477,42.16766652605387,44.22950062239072,0.133115433988382
4294,42.91073796353507,42.786446692770674,41.58195963106904,41.30232358604339,27.957967476505566,42.2868797151304,44.241892303418894,0.13311543398838208
4295,42.89880807112338,42.75281680971819,40.9436467529668,40.42973383280003,27.68906812612675,42.16037026616358,44.2299624110072,0.13311543398838205
4296,42.87673607980043,42.69185322104172,41.4567783644086,40.84018551526205,31.822239470716912,42.05815567713627,44.19244552093731,0.1315709441136883
4297,42.89547606454324,42.80601964801911,41.39742880093735,40.87734557409487,26.372361267378423,42.397510175191705,44.21118550568012,0.13157094411368814
4298,42.902064444021335,42.75504287367335,41.149611457661244,40.532549438362594,16.572876385110195,42.29271954372689,44.217773885158216,0.13157094411368817
4299,42.905066923619366,42.8115717008225,41.20701157851673,40.1890595788588,32.34856281435358,42.28112729341164,44.22077636475625,0.1315709441136881
4300,42.93061548078833,42.827007321452534,41.16842308691408,41.01658673238116,6.222835359451743,42.35776758483824,44.24516002101395,0.1314544540225618
4301,42.918556051862815,42.75187607641506,40.893688147602994,40.27671768544653,24.646806242559624,42.12707236882594,44.233100592088434,0.13145445402256167
4302,42.91558402742928,42.77683664490316,40.82364823869912,40.03990178121676,3.2679630542181357,42.169801141795176,44.2301285676549,0.13145445402256178
4303,42.91263893536558,42.670478088944314,40.95383275383291,39.99235519400788,28.158114654118176,41.84475983886859,44.2271834755912,0.13145445402256162
4304,42.946783513758454,42.74433354073208,40.982714103107114,39.73801518202736,28.99312532628241,41.986008757793186,44.26132805398407,0.13145445402256173
4305,42.905779230340094,42.73860462707716,41.13027492015503,40.46941180197824,27.72284567448545,42.18664051362393,44.22032377056571,0.13145445402256173
4306,42.92165104223565,42.74016516590982,41.037696656916225,40.84352024541882,22.17779815098883,42.29102932043276,44.23619558246127,0.13145445402256165
4307,42.902974314166684,42.8158938161432,41.16659615638299,40.26042131781951,30.115064243793366,42.047277622913995,44.218024671061144,0.13150503568944577
4308,42.9122160127739,42.7501212939702,41.07399137591408,40.58053996724395,21.97183540215549,42.156126465513466,44.22726636966836,0.13150503568944577
4309,42.90539829042927,42.760958344616185,41.299902279125575,40.68669627092643,31.412912263946723,42.190830490951576,44.22044864732373,0.13150503568944574
4310,42.93670973356421,42.79655910296145,41.058762107172164,40.90163445618034,23.659510680687738,42.32417286552226,44.25176009045867,0.13150503568944572
4311,42.910864836994826,42.77911530401952,41.604165495587054,40.66640661081924,31.678696718136713,42.381143330903434,44.226793250102965,0.1315928413108137
4312,42.92691119516899,42.8330438718372,41.332001094281374,40.36347118656239,34.75012165761178,41.94911805646218,44.24283960827713,0.1315928413108137
4313,42.913853890529154,42.74619653941795,41.09717338409415,40.65568578057048,15.45283876009897,42.125352796983435,44.22978230363729,0.1315928413108137
4314,42.889037557691516,42.72632662989205,40.9312022340501,40.53792537292709,21.1530655330297,42.05932593354295,44.204965970799655,0.13159284131081372
4315,42.885908746023595,42.79130845688179,41.2794412098671,40.70991884856198,31.74797508852443,42.232357994523525,44.201837159131735,0.13159284131081364
4316,42.90461539187211,42.79909044898728,41.154145224888325,40.318208886866174,30.85908366183408,42.195292238833694,44.22054380498025,0.1315928413108137
4317,42.889103169248465,42.83300826676074,41.562841199129416,41.08419169839569,30.885275857291997,42.45468027608298,44.205031582356604,0.1315928413108136
4318,42.913696105220886,42.65878802238016,41.11136488633901,40.39978943459205,30.08739175681127,41.994888580866956,44.229624518329025,0.1315928413108137
4319,42.892215402479756,42.769651463471966,41.280171685523655,40.39772587408398,31.456684374273223,42.24109971225229,44.208143815587896,0.13159284131081367
4320,42.892712672461606,42.697094265240914,41.14034782274884,40.65277345316064,30.840840016000378,42.10557078336666,44.207968669157985,0.13152559966963784
4321,42.91460771148209,42.75123916041286,41.23831224098993,40.44671514431896,29.86590581044877,42.086076761680474,44.22986370817847,0.13152559966963792
4322,42.90211508764169,42.81889095173645,41.589496719943796,40.721793984450485,33.41716832837506,42.38522002426688,44.22384317073522,0.13217280830935324
4323,42.90517702670478,42.78985501513557,41.32557161518303,40.751163226766494,25.857367851339955,42.097237579941336,44.22690510979831,0.1321728083093531
4324,42.901912452906146,42.77419851023555,41.12384284242192,40.1257157886723,13.87508774228073,42.14235302192239,44.22364053599968,0.1321728083093531
4325,42.911668141414424,42.699194730517945,40.93358338009239,39.80671204803477,31.474966444477356,41.95460658594101,44.233396224507956,0.13217280830935305
4326,42.908077253277185,42.795806354196735,41.26559316609962,40.749596741697836,14.844540410327212,42.183014285421976,44.22980533637072,0.1321728083093531
4327,42.91781701562626,42.80712851846096,41.164851125280656,40.348672424529646,30.020223926103718,42.039973120838425,44.239545098719795,0.13217280830935305
4328,42.88349470080599,42.6602045226498,41.018030154601355,40.20963386852248,31.279703916055183,41.71468174569307,44.20522278389952,0.132172808309353
4329,42.920541644043574,42.77366938979942,41.136661343958004,40.2367877533192,30.41887200534727,41.89784948646519,44.242269727137106,0.13217280830935305
4330,42.90482144590629,42.6904033322136,40.681550795072226,40.55577359436521,-13.618120110929318,42.11178906903955,44.226549528999826,0.13217280830935318
4331,42.90538669046041,42.78575487838599,40.76904847044017,40.30777738784256,11.659965402192242,42.18261726120308,44.22711477355394,0.13217280830935305
4332,42.93663890695973,42.78336110279626,41.03803234033931,40.48798363263561,19.605572625772044,42.20666889422968,44.25836699005326,0.1321728083093531
4333,42.87068016173479,42.55739216838153,40.60581360265286,39.669501651345186,25.83903065785885,41.78487111677242,44.19240824482832,0.1321728083093531
4334,42.90472834693904,42.8023583310235,41.09635008857327,40.613168581645965,-2.4827029964234484,42.392996062472264,44.22645643003257,0.132172808309353
4335,42.89599403340491,42.78140588850285,40.99349609014281,40.21878510116095,29.591452573296255,42.011939280294825,44.21772211649844,0.13217280830935316
4336,42.8958407134796,42.74417642101082,41.27990276477104,40.51904709231799,30.8960427125917,41.97774018356725,44.21756879657313,0.13217280830935313
4337,42.880345341925654,42.693871575381465,41.375493174399715,40.39477657954614,32.75368641471604,42.19525738591334,44.20207342501919,0.13217280830935313
4338,42.89242739328245,42.77160061418031,41.44190237091607,40.619141061447266,31.836088121858868,42.2664514146558,44.214471704142,0.13220443108595478
4339,42.89535853783666,42.66236246293478,40.994282815345585,40.49778973224617,-10.859304384256895,42.12893260209083,44.2174028486962,0.13220443108595484
4340,42.92384776810688,42.710359221108234,40.962037405152344,40.50528095069653,18.164618974403254,42.012341210022555,44.24589207896643,0.1322044310859548
4341,42.91767505728744,42.69544730788432,41.0474398534392,40.65214531477315,30.43518106936341,41.92959331738294,44.23349339530901,0.13158183380215693
4342,42.89865072079172,42.77097733534184,40.24816348985591,40.141589771616125,-10.240244342833932,42.14109991763593,44.21446905881329,0.131581833802157
4343,42.901527103230265,42.78480354413096,41.23188168426488,40.6529651238668,29.605397958476765,42.20836705457204,44.21734544125184,0.13158183380215704
4344,42.9019441593613,42.748783620017484,40.73053110752783,40.45575201012121,4.849309385446787,42.18839452910656,44.21776249738287,0.131581833802157
4345,42.9143378253696,42.808390827613046,41.07197926725879,40.086556016352205,28.196237697323358,42.07185063885932,44.23015616339117,0.13158183380215704
4346,42.91118164352054,42.73972590494235,40.84113249871229,39.601166315683344,30.07760029699117,42.19915681437111,44.226999981542114,0.13158183380215707
4347,42.90493400688194,42.817514872787704,41.28391798652049,40.96655051430234,14.841875564719818,42.381987890227364,44.22075234490351,0.13158183380215702
4348,42.920448465991385,42.706433105000144,41.16955913695904,40.475006329617145,32.267645096192254,41.70422696539817,44.236266804012956,0.1315818338021571
4349,42.90462465216157,42.7499718153928,40.706826909989076,40.28996442774123,16.62233232288324,41.94193497767345,44.220442990183145,0.1315818338021569
4350,42.895372236345786,42.65056253724352,41.189323574400746,40.598409696770474,34.033792790902055,41.886099496090004,44.21119057436736,0.13158183380215704
4351,42.90157634973825,42.76866945588796,41.450288998753585,40.90573244626474,30.501202783297273,42.15573749730913,44.21739468775982,0.1315818338021569
4352,42.91720991590844,42.72722364033264,41.181641690168284,40.59728090439691,30.27917684731439,41.97832188371318,44.23302825393001,0.131581833802157
4353,42.91697731861672,42.81293152072536,41.39731323596506,40.95386810121294,30.57133053021434,42.39405683322333,44.232795656638295,0.13158183380215696
4354,42.90841911666499,42.81318941616804,40.943795900624124,40.82113480039723,-7.914120295275659,42.43075262582272,44.22423745468656,0.1315818338021572
4355,42.91071352060291,42.77740408301916,41.123388915867054,40.7127409433374,15.57980355178589,42.19437552237146,44.22653185862448,0.13158183380215707
4356,42.88914207620653,42.80203341259615,41.18299834769876,40.72576361845011,21.930089919107882,42.2494218619273,44.204960414228104,0.13158183380215688
4357,42.90209379839397,42.777624871064596,40.87098789303467,39.49323294075492,32.14366521308465,42.16040371016986,44.217475682206064,0.13153818838120923
4358,42.911415822777855,42.820731334462586,41.353208204998445,40.23044492561682,26.90784786560867,42.39875756553324,44.22679770658995,0.1315381883812092
4359,42.90508010581962,42.79677686534268,41.50083901744558,40.64538274965055,28.215106545276058,42.36606089709637,44.220461989631715,0.13153818838120912
4360,42.90199268913487,42.75085869396298,41.07137339561319,40.03908253088279,26.884879324515033,41.999439794135036,44.217374572946966,0.13153818838120918
4361,42.91162155350452,42.80511782988952,41.17331600133336,40.61847889841076,29.10463423863657,42.301035096767755,44.22700343731661,0.13153818838120912
4362,42.91745068118905,42.7765254566862,41.14404713332628,39.841391392225574,31.436414586244442,42.00539811331875,44.23283256500115,0.1315381883812091
4363,42.89027500322801,42.78017230625633,41.16396099911283,40.31829706944502,31.66853193448261,42.33154527799428,44.21436249315133,0.13240874899233157
4364,42.893122229631665,42.79985866633754,40.74674639657403,40.10037548449522,25.085749734746422,41.98115091601585,44.21720971955498,0.1324087489923315
4365,42.89354341062061,42.75915112247617,41.510235491406284,41.15857964690602,32.30433487085662,42.229683962863035,44.217630900543924,0.1324087489923316
4366,42.89333158979983,42.79717014102595,41.23561134607248,40.915520649965586,25.06948919319175,42.1159033058416,44.21741907972314,0.13240874899233163
4367,42.886644915990914,42.617162355214745,40.94530677995882,39.94775620694738,30.54259164451245,41.6216996560207,44.21073240591423,0.1324087489923315
4368,42.88978464125053,42.75676601793133,40.209284536155664,40.44110670590882,-14.14445523511936,42.252674753665005,44.208621889052544,0.13188372478020174
4369,42.88948728345422,42.81706406376148,41.12852308244229,40.424874197762115,31.323108422833073,42.14290200020258,44.20832453125624,0.1318837247802015
4370,42.895082357449915,42.71302202286206,40.770822780078305,39.57855787976908,31.347997645441545,41.812769470863486,44.21391960525193,0.1318837247802016
4371,42.93917529691923,42.751515700182914,41.22800405485902,40.369400343234105,32.17711999411263,42.13750374601861,44.25801254472125,0.1318837247802016
4372,42.908086148354215,42.577324900561784,40.3001987999735,39.82177315954061,-13.637519626004448,41.925288658016655,44.22692339615623,0.13188372478020158
4373,42.90512059527597,42.74493848974911,40.88094878875824,40.18763421598933,30.079576177999996,41.98183240406637,44.22395784307798,0.13188372478020158
4374,42.892604887603994,42.74638420175104,41.22457137372526,40.4093511775514,34.07722160992111,42.164516651603776,44.21144213540601,0.13188372478020155
4375,42.907700412061274,42.79616148030105,41.17788910939282,40.9440723869425,6.028359948897304,42.28547336803321,44.28625373999676,0.13785533279354822
4376,42.89878176163488,42.74630662839413,40.59720149884249,39.986227525823594,15.94580892553503,41.91718299484698,44.277335089570364,0.13785533279354817
4377,42.90182496185247,42.63514687967337,40.842455518619836,40.09392459253931,30.49232074161146,41.976949218297165,44.28037828978795,0.13785533279354817
4378,42.8809513251042,42.61551645817908,40.83592695891588,40.303273361161075,5.999032054180972,42.098216233407726,44.236920502198295,0.1355969177094094
4379,42.89578829895352,42.678777786213544,40.99705315257808,40.31131987495278,24.024260541112056,41.99764317354859,44.251757476047615,0.13559691770940938
4380,42.877847348076834,42.764073074629735,40.867152629034656,39.698654504811536,25.32521315703835,42.25207310466043,44.23381652517092,0.1355969177094092
4381,42.902777333034884,42.74020811288817,41.17521449162193,40.2045575499924,33.017877448947374,41.97820649712766,44.25874651012898,0.1355969177094094
4382,42.89935448424265,42.80934205504287,41.585176731303235,41.020881874830735,31.355448736520664,42.53580657946249,44.255323661336746,0.13559691770940932
4383,42.8929239715122,42.752341554968915,41.43988505898089,40.66730401471841,33.433940262617654,42.17567996905559,44.24889314860629,0.13559691770940938
4384,42.91219425888701,42.81722259556849,41.143048809129084,40.47722535414419,25.638684812654972,42.034229881456774,44.26816343598111,0.13559691770940932
4385,42.930088942503005,42.79028650921002,40.83543849502738,40.14412273558635,31.161627984216295,42.108538793240974,44.2804347063452,0.13503457638421892
4386,42.892957649010185,42.81253126076744,41.08808698167424,40.70352284268489,22.035829978576622,42.36409535377601,44.24330341285238,0.135034576384219
4387,42.921044760472654,42.78147364163825,41.284266252008045,40.790697924134584,19.171070339659806,42.23574049091596,44.271390524314846,0.13503457638421906
4388,42.914475293804635,42.71984548709938,41.21271238474648,40.36554695990792,32.201960197951365,42.0571552014695,44.26482105764683,0.13503457638421903
4389,42.92934840137757,42.812511127006225,41.26524926396529,40.86460628964262,25.455555410437956,42.3944765001158,44.280243706093614,0.13508953047160469
4390,42.92345109047833,42.7552233074062,41.32048226076611,40.47129105452624,35.17262714426201,41.960504500762745,44.27434639519438,0.1350895304716048
4391,42.8986760320994,42.80400208419496,41.34762086934716,40.49773851842273,28.836143272121404,42.225861332459154,44.24957133681545,0.1350895304716047
4392,42.90448943539858,42.63305731643088,40.764676070124764,40.04629851453684,19.426218858232964,42.05010128899871,44.25538474011463,0.1350895304716048
4393,42.92682557370085,42.823360784348,40.95102375107781,40.247886634554106,25.09860976274564,42.283408544072685,44.2777208784169,0.1350895304716049
4394,42.91422327977168,42.79716672044544,41.52412934819911,40.95615790795307,31.153353891837305,42.31405549120005,44.26511858448773,0.13508953047160477
4395,42.91046388149456,42.78194186410236,41.29820785011981,40.51928327429391,31.820789476185595,42.27430019139037,44.261359186210605,0.13508953047160485
4396,42.906435672111165,42.80169472925056,41.16552075012402,40.802911829354194,26.75044422785235,42.344527915103924,44.27738527757601,0.1370949605464845
4397,42.901262803399,42.772351502152254,40.912649644458625,39.670058039963266,26.754473979057614,42.075173572674146,44.27114088955861,0.13698780861596072
4398,42.90430814238946,42.71342104450183,41.03042081577917,40.6677277056791,18.43002629922164,41.98143702044614,44.27418622854907,0.13698780861596072
4399,42.87297728915355,42.78237032646276,40.96179786633068,41.09093629214658,22.54730759436062,42.43587405509207,44.24285537531316,0.13698780861596077
4400,42.876066482444166,42.74748367977252,41.22704228590685,40.53414355341672,29.96461366784962,42.12540198813481,44.245944568603775,0.13698780861596066
4401,42.88538016000784,42.76101653371475,41.28349738648664,40.70594735882084,33.02610788980731,42.09096438126481,44.217940705884615,0.13325605458767759
4402,42.93202530556546,42.587241498350124,40.859615050101695,39.88765352585508,13.631893332591517,41.92050083610706,44.264585851442234,0.13325605458767759
4403,42.935380340727065,42.78040040544765,41.2627252210215,40.76862267422999,31.177874281344607,42.338316096842334,44.26794088660384,0.13325605458767747
4404,42.92853249133828,42.74506434037638,40.9724134851807,40.39675296545529,24.62076707551707,41.8447307359928,44.27049462067088,0.13419621293325998
4405,42.90081033751985,42.77532028299136,40.94229979313003,40.315494960848895,6.0170753032941136,42.165790880087584,44.24277246685245,0.13419621293326
4406,42.90788527015344,42.80961121889909,41.31811229134202,41.11307504858711,27.816855285108783,42.17063910664538,44.25573563831329,0.1347850368159845
4407,42.90457153662015,42.66938425088828,40.8159519470483,40.02237222736106,22.736192491638544,41.9203864445612,44.25242190478,0.13478503681598453
4408,42.909957578910046,42.74321921622762,41.338431147593084,40.37977000773742,34.5822302194006,41.92026752986796,44.26474268407894,0.13547851051688956
4409,42.90377799443848,42.7543085469729,41.16210205458237,40.57472809649607,14.401252479234337,42.043030859598616,44.25856309960737,0.13547851051688956
4410,42.90367041663669,42.80657657976563,41.421077646447095,41.31564927407027,28.8067155342318,42.41673132546744,44.25845552180559,0.13547851051688953
4411,42.90350554375459,42.68746348159048,40.46411299672117,39.95877065417157,19.201698473248598,41.85364722109294,44.258290648923484,0.13547851051688958
4412,42.888510016757536,42.75562867288977,40.985236304644474,40.6266961485542,24.13849584353108,42.15156382962586,44.24854536404773,0.1360035347290195
4413,42.89850339771775,42.74558423903146,41.077984605943804,40.59771420833134,14.827782909764636,42.221910581439175,44.25853874500794,0.13600353472901958
4414,42.8874523663873,42.78742147961017,40.85167508803026,40.470165645841654,-7.210209575304901,42.02320722806997,44.25216506509037,0.13647126987030678
4415,42.890344701049294,42.78489070891755,41.45717774804568,40.76094511535147,32.59627302152428,42.300477258610954,44.25505739975236,0.13647126987030678
4416,42.901736467679186,42.78133778220586,40.97205657558321,40.34394673046709,20.858500838524463,42.0534441972558,44.26770809179405,0.13659716241148612
4417,42.886383641226075,42.77131693847606,40.44079325287499,40.12903433744147,19.07931126328397,41.849101716335696,44.25235526534094,0.1365971624114862
4418,42.90557008579499,42.76535035709311,41.15881236009269,40.55566393335001,27.216903814186253,42.18176600766418,44.2646069729008,0.1359036887105812
4419,42.89283699198884,42.735849879782734,41.22637580878599,40.2395049778265,30.02640839368719,42.046394856265564,44.251873879094646,0.1359036887105812
4420,42.89040021384454,42.71500773094973,40.90501789732325,39.50808064123191,22.778427300646285,41.96299835845113,44.24943710095035,0.13590368871058098
4421,42.896910687756886,42.66240449131161,40.87663736246333,40.47966547162022,0.19102841643565682,42.07314091839688,44.255947574862695,0.13590368871058103
4422,42.90277911749837,42.66502252277296,40.99446267201399,40.13326009384068,25.792430357117084,41.99298097860351,44.26181600460418,0.13590368871058103
4423,42.88727966645975,42.670901905319916,41.13106080956854,40.36438288677522,23.538862627253472,41.991374852889464,44.246316553565556,0.1359036887105811
4424,42.89027837989464,42.71063678097624,41.10176181723536,40.27993948794245,20.90177752401732,42.054706855707195,44.24931526700045,0.13590368871058112
4425,42.89641902491023,42.79192965640371,41.406107856747525,40.68380703927879,30.0142400716548,42.22607789221577,44.25545591201604,0.13590368871058114
4426,42.90572068915774,42.76066120027849,41.28592605673602,40.842362599812795,25.830931245818284,42.225340122216224,44.26475757626355,0.13590368871058112
4427,42.89357391867177,42.74057707285048,40.807799004787235,40.26427731632555,-5.3795240661156,41.78825069608711,44.25261080577758,0.13590368871058098
4428,42.893639386844704,42.77317252941061,41.37658836955145,40.697596486805175,31.23066851410287,42.200209647508814,44.25246860105721,0.13588292142125044
4429,42.884861354509916,42.802364195079946,41.04315524763179,40.93748594893743,9.33354958532658,42.30407515444422,44.24369056872242,0.13588292142125039
4430,42.88708945011835,42.7508491408554,41.40564614737777,40.60963709187059,33.126888680453035,42.21075048034092,44.24591866433086,0.13588292142125047
4431,42.893993291239184,42.80055491001907,41.11321730884481,40.220746906520894,23.294101075225086,42.35549979504872,44.25282250545169,0.13588292142125044
4432,42.87470907800503,42.76851853954775,41.19149707660955,40.660964692702244,27.082812920782064,42.175297422695394,44.230631585940884,0.13559225079358544
4433,42.88273647707846,42.78771619543792,41.12437020276719,41.09935411418089,-11.224417579184397,42.38198554901861,44.24884772930204,0.13661112522235838
4434,42.88387469652193,42.69942740796021,40.851810807421614,40.27425259843617,22.89684994928016,42.064565246925554,44.23578441216719,0.1351909715645263
4435,42.877584254776025,42.78317866308705,41.484633904295855,40.698538010741615,31.430831155759947,42.39172416690346,44.22949397042129,0.1351909715645262
4436,42.8523829142118,42.774537450573945,41.021704631584434,40.57725749278626,-0.3459934946725838,42.30206896004344,44.204292629857065,0.1351909715645262
4437,42.87732891862652,42.71662337308337,40.99961202137307,40.20991588664083,29.869776638625403,42.05655437005383,44.22923863427178,0.13519097156452625
4438,42.85860838647292,42.71885818450294,41.017611017421906,40.11440030016608,23.645949453990845,42.06110766957104,44.210518102118186,0.13519097156452617
4439,42.86462753462533,42.78089217288059,41.319577728306996,40.467176497465935,24.026071292299413,42.27477184778729,44.21653725027059,0.13519097156452634
4440,42.86072971964843,42.63289828203854,41.13870305681124,40.569900890098666,32.14338486813355,42.02755776453729,44.207389193172396,0.13466594735239626
4441,42.8823511716542,42.751192201379375,41.18173309995961,40.390986846247024,27.767687216320276,41.97422894083198,44.229010645178164,0.13466594735239623
4442,42.8762478199577,42.765098677419005,41.0487789994853,40.28078952049846,31.518941342513696,42.101802904980964,44.22290729348166,0.13466594735239615
4443,42.87599810374371,42.73456710689272,40.966249987093825,40.91397782522235,-2.5922153130604,42.04804995680512,44.222657577267675,0.13466594735239631
4444,42.892986651465975,42.76456126389265,41.28786677721923,40.62315639484462,28.962524286726033,42.25771476708431,44.232036299137526,0.13390496476715535
4445,42.88021460412208,42.768258745250776,41.402071673610514,40.85360952399864,25.60482113580843,42.181215297137314,44.212991691627984,0.13327770875059003
4446,42.8985052599675,42.78057564292899,40.92421103102958,40.53396736950003,18.367648857264022,42.29828230789467,44.22598118757273,0.1327475927605231
4447,42.89663354683146,42.70506742619333,41.26305960221152,40.53631312100096,32.54984386953698,42.147180271186755,44.22584727526544,0.13292137284339803
4448,42.89047317401356,42.76247971201448,41.05618983161805,40.44870620318182,30.079145805342776,42.0791933616551,44.219686902447535,0.13292137284339803
4449,42.89989650739914,42.76934383149042,41.124150476704656,40.9410419891619,23.62813214337732,42.16525069960319,44.22911023583312,0.132921372843398
4450,42.890223868955566,42.66352896096158,41.042397711550066,40.25053997763478,29.92731736407438,41.96386797626564,44.21943759738954,0.13292137284339806
4451,42.88087730952152,42.738079010855245,41.206848300067556,40.52801416723113,27.628687281625915,42.187056101697294,44.20406544209476,0.13231881325732373
4452,42.893525620915526,42.78834398640192,41.03169703569039,39.96531168520806,28.474314064151667,41.78610400868391,44.21671375348876,0.13231881325732364
4453,42.880585925232495,42.79995683015447,40.922137138496545,40.258761536759934,14.81171552574908,41.935566416639965,44.20377405780573,0.1323188132573237
4454,42.9087808739428,42.59866460159117,40.85313956322598,39.68539022546746,28.937292565854293,41.89495844523702,44.23196900651604,0.13231881325732373
4455,42.902716373655274,42.66253956173447,41.345293578113264,40.61014450152116,31.66102075396088,42.11821873809353,44.22590450622851,0.13231881325732367
4456,42.887015940607974,42.79972901196091,41.34164739232044,40.458954113243486,29.1289120481884,41.99052459127073,44.21020407318121,0.13231881325732367
4457,42.903055983160364,42.80331337876693,41.172899178567754,40.818343683851005,25.128220576056034,42.239868820667965,44.2262441157336,0.1323188132573237
4458,42.89642933246604,42.737828049991116,40.996709235142056,40.37327319387349,23.365039362313667,42.143314568595294,44.21961746503928,0.13231881325732361
4459,42.90925633272793,42.735979242435455,41.1293652247678,40.44369410256897,30.53775120391063,41.94557115275913,44.232444465301164,0.13231881325732364
4460,42.899850324785284,42.79106363485603,40.61694444327712,40.07156903330541,-10.01097973745727,42.12035458803085,44.22303845735852,0.13231881325732367
4461,42.91552438792569,42.79466241193563,41.48508602925211,40.901235418277764,30.694525411010854,42.29898241891409,44.23871252049893,0.13231881325732361
4462,42.880949868550815,42.71612393574061,41.413210768567424,41.034727608833116,31.115813005899376,42.234809315701014,44.20413800112405,0.1323188132573237
4463,42.899938040872286,42.759927093067596,41.28320990222297,40.31605899885198,30.76077065247832,42.130699450452,44.22312617344552,0.13231881325732367
4464,42.89667506171669,42.79697125841199,41.029874315771444,40.69504960848779,26.646419028315385,42.147315541973136,44.21986319428993,0.13231881325732364
4465,42.91566013138928,42.72197532632096,41.46973510129565,40.757314662353004,29.95712800039692,42.18524869148224,44.23884826396252,0.13231881325732364
4466,42.89376998305835,42.77417623384766,41.32637361866031,40.862379487525466,32.09589903294372,42.10672543670664,44.216958115631584,0.13231881325732375
4467,42.88427065883939,42.673470962877836,40.875057916137706,40.04809489198871,29.62561695676946,42.07789370943263,44.20745879141263,0.13231881325732373
4468,42.88683440774918,42.71124312179926,40.86235101722414,40.42285777493934,28.931395271590265,42.0315275342379,44.21002254032241,0.1323188132573237
4469,42.890350188089954,42.77801986518883,41.17989247073785,40.3845055485799,16.514478433640157,42.29100710405983,44.21353832066319,0.13231881325732367
4470,42.87762030119835,42.67546600346118,40.71288465306006,39.45397447076799,23.146199070718296,41.91657196612729,44.200808433771584,0.13231881325732373
4471,42.909291887392996,42.698638613347164,40.99936508002615,40.15319040930257,19.610839704495536,42.07031968134391,44.23248001996623,0.13231881325732378
4472,42.90563119032266,42.741539768254675,40.95867754880756,40.2539546558632,-1.0421374410871067,42.17824713540813,44.228819322895895,0.13231881325732361
4473,42.89405402215357,42.77856901627357,41.398090302514646,40.70046392801898,27.71324772683033,42.20236139247959,44.23507534211196,0.13410213199583917
4474,42.89076974969929,42.77221397799742,40.9920267985387,40.363267557165,8.317588516961372,42.12020649995534,44.23869558385379,0.13479258341545042
4475,42.84680290435813,42.698970472456715,41.03914208533036,40.03245703444694,31.622856819006643,41.97757892742135,44.19472873851263,0.1347925834154504
4476,42.86865058618431,42.77822721660481,41.42628048747308,40.87080636785821,30.363076923206386,42.40153019604104,44.21657642033881,0.1347925834154504
4477,42.87204972247947,42.77118560859273,41.000346332254026,40.47752072780709,19.60217767064156,42.16247952695614,44.21997555663397,0.13479258341545045
4478,42.877519060609096,42.74411382982796,41.019216123010224,40.28733154462665,30.491299808185737,42.06373397627,44.2254448947636,0.1347925834154504
4479,42.86358136207911,42.783741546396406,41.070240670843596,40.987097700784275,19.291313433074624,42.249541646847895,44.210944854908426,0.13473634928293135
4480,42.88177954350889,42.76280302475429,41.036381385540146,39.951295796357904,30.614520360524583,41.888413783216336,44.22914303633821,0.13473634928293143
4481,42.850602135758194,42.74769357239126,41.171101523982564,40.30732258187333,33.37592791843114,41.89655446912284,44.19796562858751,0.1347363492829315
4482,42.87242543902641,42.7246105748247,40.634351031656486,39.79158322995155,24.28424792244436,41.90090308751215,44.219788931855724,0.1347363492829315
4483,42.87571621790264,42.67892761967914,41.321822125186245,40.66553605395661,33.757582679284205,41.98196771179937,44.22307971073196,0.13473634928293132
4484,42.87261716184669,42.75892289678175,40.957899714448544,40.68652595127046,22.145486944906125,42.27465041963184,44.21998065467601,0.13473634928293138
4485,42.87828590949747,42.62661154141028,40.49166303578321,39.94823276907265,13.861505251838466,41.995601547604174,44.22564940232679,0.1347363492829314
4486,42.88505835973577,42.75885057735465,41.313387069225925,40.67061726456249,27.966091437174065,42.226570586955205,44.2256455369656,0.13405871772298253
4487,42.87394162637978,42.68951197937482,40.964213035460446,40.27743560052605,30.469431210987633,42.01232682788243,44.21304767493233,0.13391060485525444
4488,42.88923051047265,42.72933162438166,40.735103490803766,40.5887764999934,13.492796652457919,42.07656059644282,44.228336559025195,0.1339106048552544
4489,42.88044682446058,42.55826608220537,40.92795148810575,39.79223564722922,31.39526497196886,41.88914330911766,44.21955287301312,0.13391060485525438
4490,42.87380528351306,42.80236692481513,40.89623193815096,40.665264838601075,18.9861512238935,42.24317031990613,44.2129113320656,0.1339106048552544
4491,42.86110731077949,42.7592157353109,41.24854432779689,40.92079214108136,26.20032760806318,42.30130265956625,44.20021335933203,0.13391060485525444
4492,42.87069349893244,42.678406683890294,40.76112125235762,40.41282367055982,7.657883671995016,42.0344849936357,44.209799547484984,0.13391060485525444
4493,42.871084714717874,42.681964644698205,40.8229528536019,40.00363455033853,7.429371391126558,42.06176186943412,44.21621635913116,0.13451316444132877
4494,42.87128166982812,42.780661265324945,40.88266409369359,40.61158419180582,18.30591589614442,42.33255081372794,44.21641331424141,0.13451316444132888
4495,42.89578061636238,42.75620925715517,41.28439253564095,40.6115381824477,30.779634011088636,42.168792616531384,44.240912260775666,0.13451316444132871
4496,42.87983800200803,42.787288554509495,41.11175916226639,40.239430453137004,30.759834236861618,42.25315477796903,44.224969646421314,0.13451316444132888
4497,42.86753756303365,42.764780334339555,40.941924200527545,40.72821923689634,8.166476243025123,42.20593810945731,44.212669207446936,0.13451316444132883
4498,42.87620016272189,42.80238928404978,41.35727432264486,41.015206476683325,14.106933172409189,42.45613276339946,44.23542469511939,0.13592245323975063
4499,42.86295444117981,42.75105560531206,41.12438696931355,40.63998471591246,29.262257102789853,42.22596959531795,44.222178973577314,0.13592245323975063
4500,42.88148763742998,42.73317288903036,41.36410435843541,41.431669489556505,27.66476917338064,42.44432823132428,44.24071216982748,0.13592245323975058
4501,42.86292469913468,42.74290976290777,41.036150022944724,40.117290306872064,24.473740071121806,42.056066346562844,44.222149231532185,0.13592245323975058
4502,42.85071279564723,42.7338967827413,40.70719693207233,40.300584660323345,-1.0632013110422704,41.7842034302833,44.20993732804474,0.13592245323975066
4503,42.87242709947384,42.65670907763254,40.80343406298746,39.743738434768574,27.47029946442389,41.89333657461492,44.231651631871344,0.13592245323975055
4504,42.84392032124531,42.729787558888646,40.276488543926064,39.38864359300039,-13.572340720873683,42.01286047077332,44.20314485364281,0.13592245323975063
4505,42.87220250198884,42.77830931298882,41.47836021400985,41.18559727360283,25.383701243130293,42.45039576827415,44.23142703438634,0.1359224532397507
4506,42.84496601793231,42.630973968467536,40.8905307443438,40.19586498128853,21.22249895966936,41.87674512060205,44.20419055032981,0.13592245323975063
4507,42.887581973606096,42.77755585466388,41.28470873159281,40.79230976156577,27.891494682713546,42.29165151718033,44.2468065060036,0.13592245323975063
4508,42.86600864771523,42.75210390569424,40.9809396567512,40.725780017795806,23.97059831361142,42.09387710818585,44.22523318011274,0.13592245323975075
4509,42.85350918271359,42.69582359085841,41.156770944698884,40.356564852025315,27.977343154174886,42.071550744732534,44.21273371511109,0.13592245323975075
4510,42.87228707386096,42.78812166163705,41.41575460215902,40.685676007169256,33.05274006670039,42.137261326187385,44.231511606258465,0.13592245323975063
4511,42.84801159361649,42.766653757276714,41.192278409636735,40.41170493942944,30.19255373991109,42.108199827111434,44.213261721874744,0.13652501282582508
4512,42.853384473826615,42.766507201530835,41.53671681389843,41.10574453558482,31.999835581979156,42.165370263820684,44.212866589701086,0.1359482115874468
4513,42.84897730509085,42.7638561042514,40.84651467851842,40.45164802670386,-9.770459462470534,42.30703835172396,44.2131430753795,0.13641657702886537
4514,42.85699801188477,42.76774880881875,41.1515527263957,41.16436154333753,-4.670537489024383,42.39799971850974,44.22207579301278,0.13650777811280096
4515,42.86069681849304,42.71174310411982,40.91951011573202,39.97073100354217,32.306800784052754,42.145904426648904,44.22577459962105,0.13650777811280104
4516,42.87742791576465,42.77538766890707,40.78573692955521,40.24472473868592,-1.4526242837230043,42.246321978739445,44.260035585510124,0.13826076697454748
4517,42.852300550914094,42.74969669900958,41.058450515915744,40.45803960037302,32.4881062590179,42.07681567634547,44.23490822065957,0.1382607669745475
4518,42.84417533814681,42.70496252949543,41.035423401963534,40.22106274420025,30.982035687374882,42.00000243547066,44.22835966059429,0.13841843224474806
4519,42.83801596508789,42.734436983945116,40.86169550423267,40.658424806654104,-13.675613582477816,42.304411427605885,44.22220028753537,0.1384184322447481
4520,42.827725980450744,42.66530658245175,40.763516714576824,40.381838385328905,13.271360530904076,41.743705610780296,44.2068396996235,0.13791137191727582
4521,42.84642854721428,42.756043590573555,40.90892476422974,39.55115106566069,32.17629026008388,42.1310734726805,44.22554226638704,0.13791137191727573
4522,42.85622960396504,42.728731376471835,41.27869289560717,40.58027202770357,27.94699785482122,42.085805364014405,44.2353433231378,0.13791137191727587
4523,42.85838996931655,42.76216353479497,41.49175782915036,41.16923476866715,30.83366031780508,42.36992159830508,44.23831651900547,0.13799265496889218
4524,42.8205333888602,42.66512353773642,40.964889475835776,40.093864421677985,24.6821154992738,42.11194340024326,44.20045993854912,0.1379926549688922
4525,42.839483726102756,42.75354137805123,40.93736387939435,40.34273288838807,15.729258714399872,42.16436341131434,44.21941027579168,0.13799265496889226
4526,42.83266253677923,42.734460687622196,41.29873982125137,40.90789079901192,28.443476149235256,42.29490568196946,44.21258908646816,0.13799265496889232
4527,42.832733321803694,42.716922136904344,40.967742545551864,40.108727521438496,28.953363303216385,42.15570536988518,44.21265987149262,0.13799265496889215
4528,42.8332493917939,42.67554642512686,40.80732561547767,40.44486972130805,-3.2306535730724733,42.17653552943564,44.213175941482824,0.13799265496889215
4529,42.87067660162852,42.69358187658135,41.12459650141114,40.4872771605943,18.846623097670182,42.16455151768111,44.25060315131744,0.13799265496889224
4530,42.85202687032701,42.73618155065865,41.27631055620422,40.633006343883615,31.46508446465524,42.05048814536069,44.231953420015934,0.13799265496889218
4531,42.826907465581506,42.70521914841128,41.154030536199905,40.963224438600214,24.265504057382874,41.93679202999303,44.20683401527043,0.13799265496889226
4532,42.842777811064984,42.70866366387796,40.86211395294215,40.15070237896268,5.775753132455378,42.054542167889394,44.22270436075391,0.1379926549688923
4533,42.85143520470784,42.694693491384356,41.21518312189286,40.24913032947631,30.06649096540228,42.14136719694752,44.231716567785995,0.13802813630781557
4534,42.8478817854758,42.590856797059,40.72731103945556,39.50735649452076,23.343309307259787,41.81160333273739,44.22816314855395,0.13802813630781569
4535,42.83552349474112,42.7440360408778,41.52808038089335,40.78414070195407,35.30493367208178,42.218222017987344,44.22239364575095,0.13868701510098275
4536,42.847772480472,42.75490918423348,40.98224135325488,40.09071493916624,17.458857430909184,41.77618668012397,44.23464263148183,0.13868701510098275
4537,42.82611290941305,42.659406117452356,40.908876412348796,40.073192097078575,23.5648133732956,41.89383072373218,44.21298306042287,0.1386870151009826
4538,42.83232479398477,42.618516453470306,41.11091030068808,40.00187038535538,32.68407230191127,41.77174552142053,44.2191949449946,0.1386870151009827
4539,42.841770530395884,42.76419165284846,41.25326245098025,40.3173913372073,24.26591072039015,42.293345503087394,44.22864068140571,0.13868701510098266
4540,42.8446883344637,42.69505281327928,41.194263924976475,40.66333980309452,29.573937988580138,42.105129435053556,44.23155848547352,0.13868701510098266
4541,42.81977195513232,42.7070086311338,41.265942234314885,40.31619957912691,27.746606255836184,42.0956603168423,44.20664210614214,0.13868701510098264
4542,42.84166435604842,42.7289695886282,41.27832977766792,40.55273143277183,24.168821294517457,42.09645071103908,44.22853450705824,0.13868701510098266
4543,42.860035044587946,42.69779506966809,41.4047276961756,40.65820034956648,31.315341328696494,42.121413042119215,44.246905195597776,0.13868701510098289
4544,42.8196972693067,42.667599393360746,40.85815069350451,39.920962629288,25.58006430014035,41.95790725860719,44.20656742031653,0.1386870151009827
4545,42.82187315580312,42.70252488801898,40.88655090969366,40.413921578150244,19.30980048666427,41.731842651823044,44.19759956993919,0.13757264141360767
4546,42.83080703940195,42.752582319904576,41.28193051303973,40.68778151883635,28.393650229762542,42.27058194859576,44.20653345353802,0.1375726414136077
4547,42.85130530069222,42.65686750903886,40.64218906229971,39.753540723476256,24.389126133019406,41.86468683508774,44.215897821125075,0.13645925204328577
4548,42.87347538495756,42.756217486202075,41.025977184148154,40.575235281466234,26.987759422706937,42.04355612841649,44.238067905390416,0.13645925204328568
4549,42.872813944431186,42.7415473299316,41.39540553928302,40.783243081156414,30.021393312158345,42.30958393306423,44.237406464864044,0.13645925204328588
4550,42.85154959636081,42.7486776553253,41.05052657580167,40.52935283114821,13.205917883981542,42.26969568637921,44.21614211679367,0.13645925204328574
4551,42.84582187140009,42.76579781031725,41.33629356169412,40.958846126284335,28.946956156214473,42.33881975449577,44.21041439183295,0.13645925204328574
4552,42.86396756935947,42.77394794663176,40.767553242773076,39.78564684639736,28.46264246132479,42.02256281471682,44.228560089792325,0.13645925204328585
4553,42.879907850580146,42.7612431701462,41.51092942694346,40.726014267095806,36.03854060542943,42.19721932133055,44.244500371013004,0.1364592520432858
4554,42.84548440005908,42.70082979858175,41.15211376980204,39.94154374139432,30.29253704916422,42.03674089461032,44.210076920491936,0.13645925204328588
4555,42.86061286543271,42.72302832721057,40.78978378467287,40.54665093542882,19.032799984448868,41.97087576079507,44.225205385865564,0.13645925204328582
4556,42.870183478282996,42.75662860241197,40.95102991824936,40.17554754084477,29.73489389463733,41.91789159249207,44.234775998715854,0.13645925204328593
4557,42.85512528626937,42.623703766785745,41.19711767212876,40.367336846345,34.795947752013426,41.926216327943564,44.221968889297095,0.13668436030277223
4558,42.86167318647042,42.75035872394146,41.00891104651715,40.19492222211663,31.109423170336978,41.97626560786955,44.228516789498144,0.13668436030277217
4559,42.85773479184718,42.67580869101368,40.520109671751875,40.16605044457605,16.48023158219879,41.90278345103395,44.20993805479783,0.13522032629506547
4560,42.89435762138943,42.779527053496835,40.93600628260859,40.18120458519337,15.106983835220692,42.152671048926415,44.246997400172326,0.13526397787828962
4561,42.848094571490826,42.689945296011345,40.81963663564347,40.52457282740531,19.49777815120829,41.89415037828984,44.20073435027372,0.1352639778782895
4562,42.87579984919957,42.65679865244883,40.97521120810846,40.210708981015365,29.597591851493938,42.06828200623019,44.22843962798247,0.13526397787828967
4563,42.88990638734774,42.72826866758991,41.05673789049396,39.7504478905936,31.238030490619444,42.02693209705987,44.247020476505604,0.13571140891578576
4564,42.87744367774752,42.767167989708824,41.195177647123,40.518067181252285,23.06980959611106,42.297667537776135,44.23455776690538,0.13571140891578587
4565,42.85631624678511,42.66529791659702,41.129736197764686,40.91094386727995,27.99404952618223,42.17689033647787,44.20961094615148,0.13532946993663636
4566,42.85657096394235,42.767164382862376,41.3243963832752,40.52629724240909,29.133636253908918,42.17438853579453,44.20384006744797,0.134726910350562
4567,42.887701504150975,42.75594851686721,41.28076061245578,40.811182954733255,30.906548269936554,42.214139195680914,44.23419308639835,0.1346491582247375
4568,42.86787158003089,42.696185655347726,40.74400397237097,40.462255973548785,24.25347176880227,41.72704778886738,44.21019446844356,0.13423228884126717
4569,42.89881269320349,42.7037494532556,41.44390402614836,40.993203259545815,31.842612960629573,42.11449767339043,44.241135581616156,0.13423228884126703
4570,42.90482654373011,42.767962864345755,41.227090756428005,40.44222671193579,21.43133120124373,42.3824803975904,44.24714943214278,0.13423228884126703
4571,42.896789655409734,42.75390770728377,41.49140819465778,40.834872744195756,32.093709089271755,42.15735685728815,44.23472359555984,0.1337933940150111
4572,42.89132888645794,42.6115719572753,41.1654038169733,40.743956815631854,29.80657141998635,42.10824403587453,44.22926282660806,0.1337933940150112
4573,42.869315569231986,42.74318820148563,41.33197100618648,40.57619323477767,30.3990372316974,42.26120868359709,44.20693328161608,0.13376177123840946
4574,42.91915431362746,42.77000630097256,41.15423474002266,40.640666395160274,26.141953723832426,42.28547460235111,44.256772026011554,0.1337617712384095
4575,42.88474913172739,42.76745195745698,40.92199053289697,39.982208048309374,30.47052618850449,42.25634786724808,44.222366844111484,0.13376177123840963
4576,42.88479385148343,42.75047272244982,41.11011939581148,40.82817065310909,26.732480508839895,42.25961735033935,44.222411563867524,0.1337617712384095
4577,42.909409257805606,42.81004704387849,41.396287978639535,41.0160251912579,23.618021174847048,42.46246237704338,44.2470269701897,0.13376177123840946
4578,42.890871729389495,42.74994836283221,40.965260267253015,40.552224286372024,22.90452825365434,42.21426616239845,44.22848944177359,0.13376177123840946
4579,42.881470984338314,42.63657688343566,41.03791175638864,40.00999551595862,32.26761756991188,41.892451059540036,44.21908869672241,0.13376177123840952
4580,42.88439089120993,42.765168046580115,41.044546442581364,39.60572170312668,32.36232680681538,41.94433388598112,44.19758914452283,0.13131982533128955
4581,42.911146003822026,42.70526312714854,41.09124175402879,40.899408593759766,19.48317300775148,42.10020857588839,44.2347302054423,0.13235842016202676
4582,42.895909757952936,42.708170024497036,41.08534918409235,40.4765567381541,23.036367269355598,42.12222169899634,44.21264535334249,0.13167355953895518
4583,42.906037222832616,42.821351952635396,41.49954618424506,41.144753521261826,31.591335915935712,42.53842756165626,44.22277281822217,0.13167355953895513
4584,42.91376821349436,42.77065264874773,40.94857833846423,40.28025094707368,22.2722861214983,42.11784819371473,44.24069255317164,0.13269243396772812
4585,42.888947387979904,42.77261363985799,41.05497300403322,40.18485688112799,29.213288979276165,42.34270440292754,44.21587172765719,0.13269243396772812
4586,42.90495553016661,42.671605633706044,41.0350770014848,40.26420492283684,29.205198523465324,42.08466600110472,44.231879869843894,0.13269243396772804
4587,42.91748331357461,42.80670426756038,40.976277574769526,40.049082899056685,30.38890626900366,42.19335813580413,44.24440765325189,0.132692433967728
4588,42.90795958269077,42.81445341436129,41.6290462296619,41.30100678301204,29.84633537858275,42.35719908650369,44.23488392236805,0.13269243396772798
4589,42.90280478259349,42.80192820488799,41.54283834311879,40.91505484068104,31.42242089926614,42.339418999485886,44.22873263168332,0.13259278490898316
4590,42.889190829765354,42.79374853001362,41.06757990508079,40.356310107238116,27.530890899160408,42.25880194404014,44.21656470932421,0.1327373879558855
4591,42.91987230111036,42.750622165296825,40.02244561806644,39.57732411692415,-1.043620395735232,41.968456555081744,44.247246180669215,0.13273738795588555
4592,42.87677856631569,42.69507442855154,41.15522359236243,40.53070079007093,26.41387838527259,42.112412996069196,44.20339470769638,0.13266161413806882
4593,42.88049966850123,42.7350563154977,41.06107242286565,40.443098831141924,25.055279462193653,41.96912603769419,44.2192276547825,0.1338727986281267
4594,42.87138736503181,42.7872928464046,41.20687094452707,40.43686202847457,28.095318595171754,42.112404969056456,44.21011535131307,0.13387279862812662
4595,42.90498015463437,42.780360726460025,40.979331304485825,40.20520041763382,-0.23832261977847224,42.38270821070114,44.25104614661828,0.1346065991983908
4596,42.904107932839366,42.70318673590793,40.93213988842171,40.40666589160085,15.671144719222703,42.0875694748908,44.25017392482327,0.13460659919839074
4597,42.87048705799393,42.792091974999884,41.46412978236712,40.89812547880734,31.1053091098034,42.30831598186364,44.21655304997783,0.1346065991983907
4598,42.85449458959882,42.79506720892442,41.41839558825301,40.878103599277004,31.786058692365863,42.48202747630225,44.20056058158273,0.13460659919839082
4599,42.878992689866315,42.699667341034655,41.03556801176978,40.42289375353446,27.0172826140486,42.16562124554913,44.22505868185022,0.13460659919839082
4600,42.863387836710146,42.786177688127935,41.296676513296205,40.89401853975415,23.059989268891513,42.23621779634729,44.20945382869405,0.13460659919839074
4601,42.891994131110515,42.788721844662426,41.33616139820599,40.32652270722334,30.25865631268957,42.294540354118,44.23806012309442,0.1346065991983907
4602,42.873059601235624,42.80174597915893,41.660278105302226,41.37950627316063,27.235431338850532,42.52571628013928,44.21912559321953,0.13460659919839085
4603,42.88571298242298,42.77670922055833,40.72566384991508,40.02444389834291,-5.47246390546232,41.921602071692035,44.231778974406886,0.13460659919839077
4604,42.87343773057494,42.76488095662313,41.133348931761276,40.28052715577467,24.45403976304366,42.301216767740435,44.21950372255885,0.1346065991983908
4605,42.890323038169115,42.760022874962786,40.64052235697484,40.331639332404116,10.383567146144742,42.11542063086834,44.23505129517832,0.13447282570092112
4606,42.87135341268787,42.74742991753757,41.031302871733544,40.22060437525273,29.049586772841806,42.115758786776226,44.216081669697076,0.13447282570092112
4607,42.883512829790426,42.77874242197961,40.853928661664206,40.721984003918344,19.117382515371144,42.0897755140586,44.228241086799635,0.13447282570092117
4608,42.861831923733995,42.74581669644138,41.119138131114,40.72284877167984,19.585974085171205,42.182785927820184,44.20656018074321,0.13447282570092123
4609,42.90527650313046,42.79348901923768,41.54756570936621,41.175788355668416,31.286552868108068,42.40178595975847,44.25000476013967,0.13447282570092114
4610,42.86172285010288,42.659104804494575,40.947656368436796,40.282782290576655,26.720786797952023,42.16467784577169,44.20645110711209,0.1344728257009211
4611,42.883834853609585,42.666341293040475,41.40605563215466,40.80550116944723,31.629788664444874,42.180895531916924,44.22856311061879,0.1344728257009211
4612,42.91205674032233,42.777567017035224,40.81300596627162,39.903987992109315,27.40528486944207,41.65144874154859,44.256784997331536,0.13447282570092114
4613,42.88112165014819,42.78120097507931,41.23559781053111,40.35085507893192,30.112418566621656,42.13414459287347,44.22549509376817,0.13443734436199786
4614,42.86529639409786,42.756511362316,40.84093299073319,40.17790806785962,19.305391372793466,41.80411415846574,44.20966983771784,0.13443734436199778
4615,42.87148196051172,42.76222504455783,40.94224425641122,40.00888815889835,29.581228510207147,42.19830313153828,44.2158554041317,0.1344373443619978
4616,42.90283092086777,42.78445154391392,41.10156109837332,40.275682414467894,27.60912098475108,42.27782158157698,44.24720436448775,0.13443734436199772
4617,42.871451512968264,42.69139167370325,41.133246908622354,40.56325110462027,28.573234576174166,42.12677032738244,44.21582495658824,0.1344373443619979
4618,42.89367815126884,42.73942954273056,41.13471916429839,40.78434582198249,31.309674027894445,41.92952321538858,44.238051594888816,0.13443734436199792
4619,42.89025537758073,42.75433265933673,41.23622301469917,40.772043119279125,32.50198429289385,42.088159260429606,44.23462882120071,0.13443734436199786
4620,42.87140333768806,42.78049981842537,40.61856541708412,39.94442389331361,19.35790742967171,42.052249487776095,44.21577678130804,0.13443734436199775
4621,42.91369670934168,42.757442299195596,40.981211173887054,40.379447888114655,19.361544432131375,42.105915064728066,44.25649350025965,0.1342796790917973
4622,42.90097922890248,42.71983030237115,40.999528798880945,40.172766258617315,16.116456383837182,42.122344440420406,44.24377601982045,0.1342796790917974
4623,42.89161294303412,42.76009504024889,41.15731220150603,40.32361218563268,28.33181618597773,42.12147482639497,44.23440973395209,0.13427967909179725
4624,42.888827584224245,42.76968823065262,41.37258527244896,41.20927325432044,19.63875366877896,42.22487541770515,44.23162437514222,0.13427967909179708
4625,42.863960214302345,42.69452868561785,40.7871988883603,40.068650870221504,29.321674987427567,41.8212867168875,44.20675700522032,0.13427967909179725
4626,42.86718737653651,42.73535499639327,41.32689689789082,40.34230800360182,31.670880035103202,42.281274395433485,44.209984167454486,0.13427967909179733
4627,42.89834845397623,42.69426337850282,41.21637048036234,40.396349574032115,29.45555674174986,42.04357118965659,44.241145244894206,0.13427967909179722
4628,42.87032218270385,42.769383902279436,40.78890993333296,40.11879759474577,25.40212654564244,42.150209293302055,44.213118973621825,0.13427967909179717
4629,42.88592315437695,42.79262471032793,40.62652600942881,40.033472368446844,-7.655271475210675,42.36490576072392,44.22871994529492,0.1342796790917972
4630,42.863535368969735,42.729553400120984,41.106701699939116,40.24194685132336,25.488586879470482,42.14211786725019,44.20633215988771,0.1342796790917972
4631,42.89506392523728,42.795119441218056,41.509019302309625,40.79326287688636,31.495969492915272,42.41656785676901,44.237860716155254,0.1342796790917972
4632,42.910940614152004,42.807618507539736,41.57109629371762,41.07736159788793,33.157859932364374,42.43759808581208,44.25373740506998,0.13427967909179728
4633,42.88888889166626,42.73604819049841,41.18456236612027,40.754725822319905,28.400308591751653,42.18952078955328,44.231949613551876,0.1343060721885612
4634,42.86643663696441,42.75701865217774,41.33800569708975,40.45267466812932,28.914802032596388,42.418578857147466,44.20949735885002,0.13430607218856122
4635,42.90394084779388,42.788466807141994,41.24609948274896,40.94499286074191,22.53480236674372,42.29786869274365,44.2470015696795,0.1343060721885611
4636,42.87289832649632,42.68623469484447,40.953307879822766,40.20769079729819,30.790701224624293,42.064467828340476,44.21595904838193,0.13430607218856128
4637,42.89481953504957,42.72132360909787,40.79045113881938,40.02169312204462,19.385797453833966,41.92108820787779,44.237880256935185,0.1343060721885613
4638,42.857417206281205,42.765943027734146,41.35909333087173,40.555086143069744,29.135032769972156,42.385239493869406,44.20047792816682,0.1343060721885613
4639,42.888495090117516,42.71433871515232,40.334685119714,39.39407286023713,16.763879293011282,41.834885040416324,44.23155581200313,0.13430607218856125
4640,42.88521538673021,42.776126394568784,41.10935157095355,40.45163278240476,30.113768750906324,41.888942638024545,44.22827610861582,0.13430607218856122
4641,42.875663585225546,42.719786254060764,41.199770075012204,40.372397893425074,32.96004074170796,41.90047190136022,44.21872430711116,0.13430607218856108
4642,42.88295427776155,42.751746539044895,41.05406469210875,40.33043674642239,25.835932895352208,42.200400905960464,44.232040595507904,0.13490863177463552
4643,42.87000043342262,42.657623071618424,41.2732033690971,40.48226601959831,32.03218299649001,41.832504032748645,44.21908675116897,0.13490863177463544
4644,42.85103244730315,42.69652660105401,41.01771772020432,40.44531895234093,8.329999982266635,41.967299584442074,44.2001187650495,0.13490863177463555
4645,42.860285191204724,42.715871690324846,41.103253139819735,40.359833740588485,19.647826997135027,42.2156186625256,44.20937150895108,0.13490863177463552
4646,42.885648138330154,42.73171848025057,41.10633369268712,40.20056158459048,15.704583867631776,42.217620290819795,44.23473445607651,0.13490863177463563
4647,42.88559875280865,42.742541708680385,40.90651927049383,40.63647025083306,6.107498947594628,42.131265214522415,44.234685070555,0.1349086317746356
4648,42.87594313045748,42.77493435968235,41.31241683141586,41.087330184000585,30.421985739462222,42.34148999156088,44.225029448203834,0.1349086317746355
4649,42.8695205129564,42.72898917518605,41.22732215607019,40.014645422651576,33.83086169200911,41.94394988415898,44.218606830702754,0.13490863177463558
4650,42.87225641059675,42.64492526883158,40.50954056477466,39.46974567161969,15.691470151377878,41.86572422483485,44.222084038584406,0.13498276279876573
4651,42.866165434106634,42.769181811637594,40.921014214852455,40.321668208655815,24.601676786561526,42.322924315209605,44.22201865795503,0.13558532238484
4652,42.87846622307529,42.697100443953104,41.04864820192334,40.2492473937115,29.810953004851136,41.92484502782915,44.23447238533952,0.1356006162264231
4653,42.890938874365354,42.66071351272128,41.10054582255251,40.72323321276987,18.188043810878202,41.98663426910953,44.24694503662958,0.13560061622642317
4654,42.872420575003936,42.67750184892369,40.491412880784324,40.3643479016474,5.3732149439981,42.09986180259922,44.228426737268165,0.1356006162264232
4655,42.887845974469975,42.73894455808818,40.78603053393802,40.514920969434385,9.601086176319555,41.813779421910084,44.234366871641015,0.13465208971710418
4656,42.88175810629439,42.67595357344568,40.84433661460039,40.05368316731712,28.332486075513074,42.11447122838303,44.22827900346543,0.13465208971710405
4657,42.87570441154182,42.7605111930924,40.86832786161356,39.784547150025396,30.550248948928,42.22088002404819,44.22222530871286,0.13465208971710405
4658,42.881534635827215,42.786587716562906,41.33029689602343,40.9892599866164,31.66575525730129,42.21392424725271,44.22274834751237,0.1341213711685155
4659,42.921462938563096,42.69893142317193,41.48472702027079,40.633863156912,34.344530232831005,42.15355280915006,44.26267665024825,0.13412137116851544
4660,42.868881538016126,42.764459252617094,41.38630795208236,41.193268364660746,19.455327155938924,42.3011831153169,44.21009524970128,0.13412137116851555
4661,42.87851345064072,42.7432666877594,41.2646001730502,40.960167817722436,27.08232125358257,42.254081998875265,44.219727162325874,0.13412137116851536
4662,42.87316700317828,42.60185048492258,40.75014139132194,39.98736401711315,17.496223256035314,41.80152436060975,44.21859682028229,0.13454298171040116
4663,42.879478982882695,42.77249728175932,41.409929163489,40.72994963523775,29.234679267188348,42.3676701789274,44.22490879998671,0.13454298171040108
4664,42.87981164707066,42.78771721894249,41.151393590929565,40.86026793065451,19.102340586105107,42.181400080142325,44.22524146417467,0.1345429817104012
4665,42.88628480726463,42.770966084810304,41.57780497800363,40.83473528408449,32.76781698269171,42.212113168000826,44.23171462436864,0.13454298171040105
4666,42.87865379449949,42.71622479552917,41.05292429395522,40.292881239519254,17.194269707351495,42.184855494970094,44.22524851251477,0.13465947180152746
4667,42.88789987710558,42.80121359252742,41.450223309486766,40.977698860437386,27.614470589431356,42.228078140013025,44.23449459512086,0.1346594718015275
4668,42.891255705905955,42.797578406795076,41.24548255106518,40.609284059741455,19.44282657536472,42.353871240383256,44.23785042392123,0.1346594718015276
4669,42.90886552843492,42.77248094109206,41.2422827290232,40.78251955768082,23.68590412010633,42.32399231563617,44.25659894541853,0.13477334169836083
4670,42.86209185431333,42.761074024499926,41.199082791973545,40.2799708937142,27.703271455095994,42.11177333695028,44.209825271296936,0.13477334169836086
4671,42.86513925828549,42.7179113478138,40.9343725483843,40.10111464710174,21.810043209219103,41.990391029430405,44.2128726752691,0.13477334169836083
4672,42.86803529833064,42.71322798513891,41.21928149683016,40.41454085675395,29.754337880331413,42.183102635767604,44.21576871531425,0.1347733416983608
4673,42.880705228354266,42.68415293779335,40.75429356784915,40.57357676512741,-9.792445441746551,42.11802532615019,44.228438645337874,0.13477334169836083
4674,42.87138424177185,42.6940059700918,40.755673299929526,40.09158338013269,27.715679841520984,41.7758654125584,44.21911765875546,0.13477334169836072
4675,42.884037902504524,42.7754600212536,40.82062051574103,40.18739910421383,14.622064897803376,41.903547281070146,44.23177131948813,0.13477334169836075
4676,42.87057558026562,42.610822794909275,40.43694760330722,39.26923095892625,26.329750694836093,41.3535388572373,44.21564458639508,0.13450690061294596
4677,42.88272290337394,42.765038120044636,40.870613740211084,39.98533969574559,25.629713188719364,42.1940610969347,44.227791909503395,0.13450690061294598
4678,42.8796794636544,42.686066865289405,41.09448243212021,40.17037289484784,32.29215143768117,42.17833809792113,44.224748469783854,0.1345069006129459
4679,42.883253413992016,42.77778564810548,41.09968526969677,40.539779940146396,21.155515955111305,42.36684056042728,44.22832242012147,0.13450690061294587
4680,42.899093953658856,42.70441841159335,41.14886980012476,40.7411956905791,30.507084195216642,42.19514347725793,44.24706966606497,0.1347975712406108
4681,42.8559965624942,42.716605956271074,41.16896056483702,40.11189148767996,29.367998884448784,42.155083161847806,44.20397227490031,0.1347975712406109
4682,42.85260436804001,42.752445703314095,41.09368416682167,40.58113484053969,19.728519684230687,42.14082633860786,44.20058008044612,0.13479757124061076
4683,42.86471527143693,42.631679775894554,40.92226390337537,39.818205844550064,30.68532682955253,41.902134035086235,44.21269098384304,0.1347975712406109
4684,42.861643054974714,42.739833178401916,41.272993378322624,40.829578565361004,23.68157913018605,42.18222310547486,44.209618767380825,0.1347975712406108
4685,42.87123711520992,42.76806523314339,41.105696793383444,40.55116635518783,32.645875840071696,41.98736947321446,44.21921282761603,0.13479757124061087
4686,42.920623015095764,42.7684247524897,41.180504806913106,40.61631092107518,30.3638879926657,42.2057231567184,44.268598727501875,0.13479757124061076
4687,42.90044847158088,42.76389222493974,41.16016209179738,40.50613887813796,28.040692648073332,42.21678084676336,44.237296049205504,0.13368475776246266
4688,42.88240714102205,42.69280961028014,40.90224540669447,40.663628299904865,6.13786451403211,42.068069883643865,44.219254718646674,0.13368475776246247
4689,42.86653532472442,42.68157319869277,40.95791296541988,39.800308475612724,29.039939823105463,42.19895754297383,44.20338290234904,0.13368475776246264
4690,42.885760636600565,42.78337907235777,41.61164956735191,40.67239347824689,36.67855309955801,42.31033483769101,44.21585580526019,0.13300951686596266
4691,42.91694569631745,42.7687730889315,41.23775073847109,40.68432632430317,25.889817294462866,42.0834532915257,44.24704086497707,0.13300951686596255
4692,42.90127925151212,42.81517206377924,41.32170791228794,40.55659726030975,29.150040529836957,42.399511551168096,44.23137442017175,0.13300951686596252
4693,42.879562374023195,42.77226529636394,41.31487026851965,40.38788208024617,28.032405142298906,42.32397662130495,44.20965754268282,0.13300951686596246
4694,42.88907458774212,42.74306167721056,41.36461356295611,40.80445107097556,32.41059547461883,42.05749379159747,44.21916975640175,0.13300951686596255
4695,42.92710776257059,42.66726810405908,40.85901136855919,39.998542632289336,8.375877415313262,42.04756866733614,44.26227353450494,0.1335165771934347
4696,42.880499513913165,42.77099563370723,40.830552490515466,40.18621153196757,5.327998170649337,41.95418933291107,44.215665285847514,0.13351657719343468
4697,42.89299037699282,42.66525287895859,40.862312864628606,39.97945364787466,24.130939231932206,42.074157046997136,44.22815614892717,0.13351657719343477
4698,42.90915461404984,42.754124134116886,41.1077517956357,40.61165161324614,31.49903438627112,42.212284416434045,44.24432038598419,0.13351657719343477
4699,42.89615112965952,42.73933804733243,40.66597041211229,40.34394869401687,5.709712435796867,41.90999481664072,44.23131690159387,0.13351657719343485
4700,42.89944511751253,42.784599841663336,41.327626471023706,40.46687796883107,31.195252534655037,42.18918617553106,44.23461088944688,0.13351657719343477
4701,42.89305264513961,42.78788936417297,41.434396694493294,40.504003664926834,30.823940246440074,42.24272714983071,44.22821841707396,0.1335165771934347
4702,42.88738751539123,42.692294798526234,40.87551767255496,40.036067330264025,24.566276829119857,41.9859940253938,44.22255328732558,0.13351657719343477
4703,42.88985089048522,42.78574786804367,41.44661327588189,40.89021959750646,26.035138003919457,42.36806705414281,44.22501666241957,0.13351657719343468
4704,42.887216033100074,42.75670372098828,41.42967212954418,40.5676693655979,34.35199151089492,42.23034993222427,44.22238180503442,0.13351657719343477
4705,42.9036966414606,42.782987487510745,41.20571625610205,40.75102540697888,28.157052133166985,42.42057889306839,44.20934026249894,0.13056436210383449
4706,42.90098812810705,42.761096956318944,41.458947406099526,41.07984507610067,23.3796064330117,42.27672775099836,44.2066317491454,0.13056436210383462
4707,42.90370737273429,42.76725263867754,40.518703048696906,39.432612332965874,18.043626643482988,42.058379971421175,44.20935099377264,0.1305643621038346
4708,42.88694911274385,42.74531806149439,40.719407935338836,40.005991300542526,27.681483268938297,42.09888520598507,44.20170294301498,0.13147538302711315
4709,42.90265589985968,42.79328851911059,40.796060841146605,40.07715144394133,8.244943242108029,42.05492650669942,44.21740973013081,0.13147538302711292
4710,42.89660379264741,42.70856256802909,41.21554002917216,40.202513967065364,28.197760040466523,42.05743068832214,44.21135762291854,0.1314753830271131
4711,42.896128708150535,42.74570288761417,41.08332436818101,40.062261730610146,30.143054657336904,42.11563109082687,44.210882538421664,0.13147538302711304
4712,42.896276627796844,42.800011818629216,41.27758213669192,40.97985156497715,24.084526612595518,42.38672124892247,44.211030458067974,0.13147538302711306
4713,42.877908180352,42.72980509852816,40.88098192936791,40.38773811441883,6.101576573100765,42.08101058318029,44.19266201062313,0.13147538302711317
4714,42.930169870907434,42.7849539744669,41.19107623711436,40.38596612246377,25.546727316144718,41.984989626353,44.244923701178564,0.1314753830271129
4715,42.90203196631728,42.74158708538752,40.71133953142092,39.57491382005086,25.516703232018227,41.6100961565634,44.21678579658841,0.131475383027113
4716,42.896169879201686,42.76524132006419,41.01068675898795,40.79204975624808,12.388347481901295,42.28384287031511,44.210923709472816,0.13147538302711306
4717,42.912059887959956,42.77488671021578,40.61344971629783,40.64308309623206,-9.801566593394753,41.889126219822025,44.226813718231085,0.13147538302711306
4718,42.89356127608314,42.71829293201553,40.85896123447019,39.917703743759915,14.756589804347097,41.839462694229695,44.20831510635427,0.13147538302711304
4719,42.88699940666139,42.796320849671204,41.006617919509786,40.76677717715006,5.3845324520809825,42.21554585103532,44.20175323693252,0.1314753830271131
4720,42.89284433363315,42.598162817077494,40.553982768192796,39.63528315600874,22.778734824154075,41.52008327406082,44.207771943987154,0.13149276103540056
4721,42.90481197287711,42.771576775583895,41.11287507172075,40.41471888289468,32.239458714011704,42.11915886403509,44.21973958323112,0.1314927610354004
4722,42.90884448257012,42.73275854577618,41.374113956479505,41.053673745943414,33.278750935169086,42.150763879585696,44.22377209292412,0.13149276103540058
4723,42.905242019463316,42.69875741814349,41.089708807671855,40.56624254082266,25.418841180661275,42.10176728009117,44.22016962981732,0.13149276103540056
4724,42.904775954802005,42.74201487631628,41.140592605326084,40.1545465736484,31.681209941702235,41.858342222649576,44.217248856240325,0.13124729014383205
4725,42.90794220885016,42.720999694692246,41.10896506794876,40.11387875251476,22.297762513593522,42.06300809293957,44.22041511028848,0.13124729014383196
4726,42.8989091584902,42.80084574531795,41.685071455301745,41.28033812876124,29.60908343347411,42.38744428762776,44.21138205992852,0.13124729014383202
4727,42.91384985696224,42.79883204330786,40.78926664832422,40.07864318311513,23.694566032275436,41.9406528912685,44.226322758400556,0.13124729014383205
4728,42.89198894321364,42.771357500383836,41.03805447273936,39.56096963702068,27.476323139222885,41.9525257781244,44.20446184465196,0.13124729014383205
4729,42.92071215904474,42.79763271652729,41.034426249066165,40.47988531127508,22.79523678107894,42.28013794048702,44.23318506048306,0.13124729014383194
4730,42.926382548258196,42.81469952902769,41.50584074259989,41.137150216928205,27.728555925702345,42.3061063343384,44.238855449696516,0.131247290143832
4731,42.89543370806958,42.80235622532118,41.12040799158045,40.56026070529552,30.32108939192051,42.26738646809771,44.2079066095079,0.13124729014383207
4732,42.902261018317645,42.80306683436451,40.68946168562987,40.52202962122239,5.260092522030355,42.20058504452548,44.21095363328309,0.13086926149654435
4733,42.895655803732105,42.6769131718885,40.89734562585689,40.2553306635295,21.057088193656647,42.16966898902529,44.20434841869755,0.1308692614965443
4734,42.88648979608809,42.696454982411254,41.35014716460649,40.684659341510645,32.39961060379531,42.08881820684058,44.19518241105354,0.13086926149654446
4735,42.91159445891532,42.79054983619914,41.331251833486384,40.83913387403174,29.27759724007717,42.19959187382591,44.22028707388076,0.1308692614965443
4736,42.89884650580929,42.79025211454524,41.203595070846845,40.31108714872162,25.860907143426076,42.1959103398591,44.20753912077473,0.13086926149654438
4737,42.8928082701121,42.79957003772185,41.237091629803274,40.633840457872935,33.26070637188715,42.28341670661268,44.20150088507754,0.1308692614965443
4738,42.89582498067828,42.69860528920868,40.84623819517101,39.94045904965578,19.076100635774182,41.68067862872926,44.20451759564372,0.13086926149654424
4739,42.92132406202197,42.815055442257375,40.88950978616614,40.528679694692286,12.341537324958814,42.3570425361534,44.23001667698741,0.1308692614965443
4740,42.89900238535203,42.77647047224958,40.729348314853546,40.318917545121465,7.8913184343265,42.12472046682409,44.20769500031747,0.13086926149654432
4741,42.89642033481346,42.80884164093389,41.37034484927537,40.733531897894366,29.687361780623394,42.43173798111911,44.20511294977891,0.1308692614965443
4742,42.91505801779632,42.6988498127346,41.24681936274938,40.32733350187141,34.84947847415054,42.05195019394445,44.223750632761764,0.13086926149654426
4743,42.90247486507221,42.76502041682665,41.19661032068438,40.80248325706569,24.52646406161211,42.239232396291996,44.21116748003765,0.13086926149654435
4744,42.89937830479778,42.82199379838995,41.18972583705079,41.113617627949786,8.32108645359935,42.51014580052528,44.201490652238746,0.13021123474409677
4745,42.911711151328106,42.81207770666159,41.024980026557785,41.01042585361414,15.678093580693268,42.31615530298771,44.213823498769074,0.13021123474409682
4746,42.94032158122249,42.73414608592927,41.17830404630324,40.37168581483248,24.797081714468753,42.04963104471147,44.24243392866346,0.1302112347440968
4747,42.90957903589078,42.76229554168593,41.20792854142497,40.54585623427389,25.910966917137138,41.95463165714452,44.211146221797414,0.1301567185906637
4748,42.900117078322864,42.813729212886855,40.858100833022675,40.20868173222856,19.373610626174305,42.17861520172046,44.2016842642295,0.13015671859066372
4749,42.9210696199445,42.8178310919924,41.5055245933093,40.90851879601747,31.70534764491157,42.3941321501096,44.226517096535524,0.1305447476591027
4750,42.911924539496255,42.730958774988416,40.82375652248655,39.810132368573214,30.097316757282414,42.070005742003275,44.21737201608728,0.13054474765910287
4751,42.90868670897882,42.79048954313201,41.40284446681641,40.97018491068192,19.109168788505464,42.41736108106097,44.21413418556985,0.1305447476591027
4752,42.91455581913323,42.79123571091446,41.07457232374218,40.34953036400992,30.49683716538821,42.20582253120753,44.220003295724254,0.13054474765910293
4753,42.92731256256494,42.80221504185913,41.45316909230003,40.55744173155769,36.15937924685819,42.114413484971934,44.23276003915597,0.13054474765910293
4754,42.89935486132999,42.773054002327626,41.21415129744253,40.45035142067316,32.30134699418074,42.01418755874345,44.204802337921016,0.1305447476591028
4755,42.90569596169947,42.78095277513569,41.25867993390747,40.53512214751417,27.310844015109716,42.231273692408756,44.2111434382905,0.13054474765910284
4756,42.90525833662113,42.69839770150285,40.99266262355871,40.766195157508584,20.66572079178772,42.087244771054465,44.21070581321216,0.13054474765910276
4757,42.89623669680846,42.759375634563504,41.040032313533416,40.39867110031517,28.025993760134003,42.250873287344604,44.201684173399485,0.13054474765910284
4758,42.93250124868755,42.740066900222324,40.48953533371177,40.22003389019788,14.905747376314174,41.99918896330728,44.31547054395016,0.13829692952626085
4759,42.92665138850417,42.84292068248283,41.30024483478816,40.38497252732669,33.2687716005922,42.14758041268655,44.309620683766774,0.13829692952626077
4760,42.92291664007328,42.83253700413045,41.29213237970429,40.715970107084566,28.08635675380014,42.39758552490405,44.30588593533589,0.1382969295262607
4761,42.91736019317116,42.75110241607248,40.71684707342047,40.11958408345548,12.415568097275372,42.15071391347743,44.30032948843377,0.1382969295262608
4762,42.91126995576275,42.823726330274056,41.11397849179924,40.81172298273791,-8.504738961392121,42.43708316481831,44.29007055719065,0.1378800601427905
4763,42.952857489246455,42.77322101833863,41.391643767531804,40.86561149079136,27.907812908899974,42.204110442022696,44.33165809067436,0.1378800601427904
4764,42.9335450996306,42.81702076907124,41.19171450764217,40.30468012559074,30.02446566670136,42.22249602839503,44.312345701058504,0.13788006014279044
4765,42.93730078710688,42.83087438800797,41.19324068414036,40.65725628365581,31.335560840020165,42.2149869627052,44.31610138853478,0.1378800601427904
4766,42.93408360361646,42.818810443539284,41.3966436486006,40.57168644492421,31.206579078681678,42.125035342264894,44.31288420504436,0.1378800601427904
4767,42.957564892293135,42.72987957437332,40.569458942767355,40.32008683300312,-14.554579106650692,41.927108032685894,44.31883560510357,0.13612707128104393
4768,42.93826710425251,42.824133907989086,40.975122246645924,40.607331078237294,26.024532970547313,42.25817845876094,44.29953781706295,0.13612707128104398
4769,42.942283052907534,42.814184981271566,41.136120511628384,40.657683904222075,19.44054389143579,42.18769584696285,44.30355376571797,0.13612707128104393
4770,42.93426207764507,42.83014319767384,41.04491399180848,40.95177702841421,6.141239871118643,42.30063826006595,44.296881753338106,0.13626196756930306
4771,42.96004177673188,42.83427410288181,41.0102262766595,40.36105286542485,15.667603401353382,42.26432961366532,44.3218317903191,0.1361790013587226
4772,42.95740296312692,42.79755583092748,41.219167561718656,40.594322056807975,29.516053573284868,42.402963749903236,44.32395589296033,0.13665529298334117
4773,42.916649396001304,42.85409893063416,41.15603811186799,39.99708491891904,32.198916454642195,42.491468321133055,44.283202325834715,0.13665529298334117
4774,42.94474559884598,42.817443856511645,41.28571705086125,40.70883089984844,25.57734887408763,42.148974781233775,44.31129852867939,0.13665529298334111
4775,42.951138934351484,42.82774446779458,41.27214772826898,40.474491678699415,30.477961064140462,42.05863008349077,44.317691864184894,0.1366552929833412
4776,42.951659270506504,42.819876093582245,41.22529953685309,40.651791207373506,27.835791380018495,42.34100829088867,44.32694253760754,0.1375283267101041
4777,42.9202723571277,42.79865929023477,40.36105301264345,39.77081993765407,26.00673413631841,41.92295679373266,44.29555562422874,0.1375283267101041
4778,42.922989112191,42.82197172162004,41.37370099682,41.229729077303986,24.004206460213997,42.49464246553538,44.29904990055028,0.1376060788359286
4779,42.93857319295337,42.85060373699258,41.281567726543244,40.64467143308269,8.38858251700453,42.37976270873652,44.31463398131265,0.13760607883592857
4780,42.92938514353203,42.730870929672946,40.64712685840929,39.586262810851075,27.597288227122625,42.0897888975945,44.30544593189132,0.13760607883592868
4781,42.941462026525066,42.82713230105768,41.13766772992705,40.58968450962798,5.332009513951405,42.16414859633226,44.317522814884356,0.13760607883592874
4782,42.928822547124426,42.851055332523934,41.24348391631934,40.55118810436224,28.474556492047085,42.48819075752094,44.304883335483716,0.13760607883592862
4783,42.938700291822876,42.81719032724537,41.317880874940755,40.64219277769222,24.023522564702112,42.11648694196711,44.314193985741284,0.13754936939184093
4784,42.936028755232186,42.724890366983416,41.51508025188608,41.03295953653317,34.1940625169689,42.160437176503095,44.311522449150594,0.13754936939184104
4785,42.92426022234271,42.78095945655243,41.26812942744379,40.58130824826584,32.40223354431613,42.10480882400059,44.30505507616179,0.13807948538190803
4786,42.93378974929109,42.72894299641672,41.21907840143478,40.65656139647524,18.44825131996849,42.31248689997385,44.31458460311017,0.13807948538190795
4787,42.91717168839459,42.84054159321637,41.326634226372384,40.81111818161803,30.79173087568428,42.179710241176835,44.29910667908344,0.13819349906888448
4788,42.91949825756306,42.811631333343584,41.2114610899942,40.097436333570926,31.66002092320321,41.97794391917628,44.28718535744669,0.13676870998836235
4789,42.93810130272856,42.820247743656005,41.55927552240773,40.85943352684858,28.9481882915642,42.55106671874884,44.30578840261219,0.1367687099883625
4790,42.92227753083822,42.77266127077188,40.70747445582615,40.06532155454087,-2.4198048877625595,42.06840925508811,44.28996463072185,0.13676870998836238
4791,42.94409048226336,42.816271004031734,41.452971900047636,40.77338797551798,31.679364676579112,42.43544030591299,44.31177758214699,0.13676870998836235
4792,42.95441704942631,42.83090182782976,41.12605286594633,40.36810763602224,29.85460174474523,42.16426587770108,44.32084522389814,0.1366428174471831
4793,42.938992613543256,42.818275080241555,41.597521578314755,41.21197369884156,31.649489734780445,42.29246654851664,44.30525096364984,0.13662583501065836
4794,42.93006375919027,42.803361006738506,41.35110815743865,40.63108879069692,31.905487628175187,42.2113921780163,44.29632210929685,0.13662583501065845
4795,42.95784736470962,42.81944179010646,41.11441730368569,40.673211813685775,24.43672051684714,42.114319560835476,44.324105714816206,0.13662583501065842
4796,42.95763363633499,42.757951359849535,41.09911701913355,40.312121309944324,30.56246036376897,41.9442604715117,44.32389198644157,0.13662583501065842
4797,42.926436106743324,42.80587987724251,41.26210820185192,40.739755029189965,26.10896745325612,42.27795136221758,44.29269445684991,0.13662583501065834
4798,42.939362467619446,42.81055972044211,40.85182398683493,39.5718848756249,31.216309715090695,42.052033626560046,44.30562081772603,0.13662583501065836
4799,42.92682135139345,42.83945065435608,41.026528489565024,40.79999320453798,19.467559865077234,42.42001764119664,44.293079701500034,0.13662583501065836
4800,42.936209149282256,42.750466420659365,41.09666300671887,40.44476357188906,30.328183973762506,42.17067397988826,44.30246749938884,0.13662583501065836
4801,42.93945264695456,42.80176381374843,40.856146421200044,40.165015318673404,17.75091684866511,42.18937667956261,44.30571099706114,0.13662583501065845
4802,42.93001839352766,42.82040206465773,40.779749781078166,40.69727139285226,-7.344966752747901,42.38556955336098,44.296276743634245,0.1366258350106585
4803,42.936102507080776,42.82992137397916,41.47996931129834,41.2697342509486,27.37682676326808,42.40706722408099,44.30236085718736,0.1366258350106585
4804,42.92100558541583,42.84781945043744,41.23521167000436,40.38201785987025,26.665137348083583,42.20809104338154,44.28726393552241,0.1366258350106583
4805,42.94285863556794,42.6291296338445,40.671423695416195,40.07149973021623,20.620850714023028,41.55745462161709,44.30911698567452,0.1366258350106584
4806,42.9489189309245,42.797941760346326,40.53840695194032,39.53362490864287,24.958786373671895,41.83721959918568,44.31517728103108,0.13662583501065834
4807,42.94547373368052,42.8262664897848,40.877709263631644,39.82199254172755,23.394852469897554,42.276748560240414,44.311732083787106,0.13662583501065836
4808,42.92646422700128,42.640051856723225,40.749321299585965,39.952631571781716,18.677018176052332,42.052534803616275,44.29272257710787,0.13662583501065845
4809,42.93305938777637,42.83274614954522,40.75004336278858,39.63144830404042,19.472826652625272,41.80273841241611,44.29931773788295,0.13662583501065848
4810,42.93624698882038,42.802945629746056,41.1662039103575,40.812171991015006,24.89300667981102,42.26397638722555,44.30250533892696,0.13662583501065842
4811,42.94559364461071,42.725105357438544,41.00088588308233,39.95968478442917,31.152988889707252,42.06253865344435,44.311851994717294,0.13662583501065834
4812,42.92831427888442,42.84986659716487,41.31450123168245,40.29026533952894,33.37237142205504,42.12913710246956,44.30234213125537,0.13740278523709512
4813,42.943868958147405,42.790659287212264,41.266117168283024,40.45874355710952,31.645142031444486,41.97650428891109,44.317896810518356,0.13740278523709512
4814,42.92169590005085,42.78424845971762,41.08431180380612,40.44518525389906,15.748104077798903,42.24223866431066,44.2957237524218,0.13740278523709526
4815,42.9195298765152,42.80073381315861,41.17456541823351,40.76071101675919,30.814713035704152,42.16639480310725,44.29355772888615,0.13740278523709507
4816,42.956082728214284,42.81286472294884,40.93107694396331,40.173872871319944,24.487413481795944,42.02823487818167,44.330110580585234,0.13740278523709523
4817,42.915770491254634,42.78926867778342,41.19798245141152,40.40634722537614,30.429069535371664,42.27044845924789,44.289798343625584,0.13740278523709518
4818,42.95617247085128,42.7739632629825,41.29427098249073,41.149626919361175,-4.355702449527541,42.34231214662523,44.33020032322223,0.13740278523709518
4819,42.92047460822336,42.82093372913373,40.896519335670106,40.01433804134893,27.50741355720244,42.221549714710676,44.29969906617695,0.13792244579535895
4820,42.91688501697249,42.83540921024718,41.360988705799045,40.48662861656119,27.676166090462793,42.39253541337684,44.296109474926084,0.13792244579535895
4821,42.91649084318187,42.65233537819421,40.639597919037364,40.00677263173647,25.430514259289474,41.7381172554566,44.29571530113546,0.1379224457953589
4822,42.92950412240492,42.76567435989356,40.808878068252085,40.03268288794725,29.136406432855154,41.93361843597061,44.30872858035851,0.1379224457953589
4823,42.93590589950169,42.6908555446834,40.70883215676374,39.96479832252271,19.499014218299997,41.95659562607233,44.31758506637097,0.13816791668692738
4824,42.91805424664062,42.83315785794104,41.15657250952112,39.9860347782274,32.159293766051476,41.85496727124507,44.2997334135099,0.1381679166869273
4825,42.90850436699354,42.83799357037389,41.2135456381259,40.6674112911428,28.57153862544388,42.20014056327233,44.290183533862816,0.13816791668692732
4826,42.93015024954489,42.7548945425773,40.95449208606527,39.95082951602249,27.675459073261738,42.12184709593295,44.31182941641416,0.13816791668692727
4827,42.9332608786148,42.814004060777386,41.437555272171224,41.09721070479336,30.045617876365956,42.36263636643308,44.31494004548408,0.13816791668692743
4828,42.9266863178802,42.78345609137174,41.14738158141696,40.550736138230064,26.91579581489138,42.13656353237438,44.314824985103925,0.13881386672237284
4829,42.913469655743185,42.67602186276022,41.362062702446224,40.598596178155915,28.557823722185233,42.218601334563765,44.30160832296691,0.1388138667223728
4830,42.901162277063335,42.734675074983414,40.954603109023836,40.58726971669176,-8.58111538407578,42.18590106567949,44.28930094428706,0.13881386672237297
4831,42.89751747925537,42.67373055870404,40.41207371637729,38.99234853320688,18.399016502677963,41.947460003951775,44.2856561464791,0.1388138667223729
4832,42.92886081590176,42.77675914102188,40.957001568738846,40.031678786235844,26.62788488980105,42.22231863383453,44.316999483125485,0.13881386672237295
4833,42.922183927925495,42.8011132220334,41.09300073385299,40.53156164032366,15.40007597111557,42.19985365175989,44.31127758773525,0.13890936598097495
4834,42.89392034722529,42.78366925212141,41.394133793353845,40.31662680786768,35.27146012437853,42.16612162913529,44.28301400703504,0.13890936598097497
4835,42.90884378464678,42.796951611719,40.87740545940596,40.863911764675166,-1.1487098718814437,42.14093533614245,44.28920710718889,0.138036332254212
4836,42.91255790800674,42.73842660895076,41.204230911729304,40.654810233862044,28.07423885408192,42.26952308362215,44.29226053710085,0.13797026290941122
4837,42.90640625554041,42.74777464562355,41.17640344033817,40.75783570653522,27.017331963371973,42.181186042557975,44.28610888463452,0.13797026290941122
4838,42.90187495110896,42.793826588393046,40.97752207168268,40.00546264191982,25.948607927901126,42.067654468090204,44.28335044594825,0.13814754948392907
4839,42.920170171047786,42.82265805905627,41.028396229048084,40.85794032102366,27.447250297964946,42.381658425449714,44.30164566588707,0.13814754948392896
4840,42.90466385669895,42.65897222881464,40.99256347548424,40.05258378139534,17.78257710750899,41.90767778267576,44.286139351538246,0.138147549483929
4841,42.926968799481386,42.817203428678,40.38397818169983,40.043239472510656,-61.05461462774403,42.173757668135124,44.30844429432067,0.13814754948392893
4842,42.92046210166184,42.80160475778739,41.06344747688173,40.44006496889122,30.7048956688958,42.4294229711584,44.30193759650113,0.13814754948392916
4843,42.92008323599154,42.721572417007934,41.02406576217796,40.32805331263163,33.3983809406523,41.96377303723434,44.301558730830834,0.138147549483929
4844,42.89862000312307,42.75762237205418,41.05803993556471,40.435188645488644,21.809636490822793,42.247083620006336,44.280095497962364,0.13814754948392904
4845,42.90800570427554,42.802121009541686,40.782224466848845,40.01939281625809,24.270770799269656,42.138890705341936,44.28948119911483,0.1381475494839291
4846,42.90831305382986,42.79483348246323,41.14016736096052,40.18124563175213,25.71914529599699,42.23303871440517,44.28978854866915,0.13814754948392907
4847,42.91121121453043,42.7932060347828,41.509115362443794,41.111811476814765,32.11749018739339,42.29803305169369,44.292686709369725,0.13814754948392907
4848,42.91707293428643,42.741973812946995,40.7221913729599,39.37969686295041,28.950728992097964,42.21297008159523,44.298548429125724,0.1381475494839292
4849,42.94591421807497,42.78387310828751,41.040055707800434,40.51976875967566,12.163582371005717,42.23246521312251,44.31720096862653,0.137128675055156
4850,42.90548824126634,42.81004779590794,41.23011927044448,40.55231714422339,30.77346839278021,42.321796881779875,44.2767749918179,0.13712867505515614
4851,42.942949370709535,42.80697769711057,41.07203751616628,40.46696137800518,18.82473833720953,41.69677694869441,44.3142361212611,0.13712867505515616
4852,42.9213875671927,42.81598522065454,41.11301782352526,40.32063576539615,22.85942106907212,42.11970738882163,44.292674317744265,0.13712867505515616
4853,42.94154780215954,42.81480995061939,40.864065050046584,40.204244215649005,-17.300703429422654,42.31558695933289,44.30776394943638,0.13662161472768394
4854,42.93266330049489,42.78234397988492,41.189660978625774,40.696391914662556,19.645392837553995,42.09802532857637,44.298879447771725,0.13662161472768394
4855,42.91382731794214,42.80571686078353,40.91498543519763,39.87302416962379,29.826970527465047,42.231052462908195,44.28004346521898,0.1366216147276839
4856,42.93179645456231,42.81190230963524,41.12045633717199,40.681854075224585,23.456329300358973,42.160359619821364,44.29801260183915,0.13662161472768386
4857,42.92605377391949,42.77577561914233,40.75620684870962,40.47852569622735,-12.196530019929128,42.08180538767152,44.29226992119633,0.13662161472768397
4858,42.920275716057986,42.64883300534127,40.565392261900676,39.837818980880094,19.131889166344862,41.794730414473094,44.286491863334824,0.13662161472768394
4859,42.929320167451415,42.75902398187914,41.0596764316623,40.31857360150811,28.294903008621745,41.982123682109176,44.29553631472825,0.13662161472768392
4860,42.92741288569468,42.79059859676444,41.06077611508873,40.04303918948865,24.39661748920534,41.88613117515905,44.31403235103667,0.13866194653419905
4861,42.915378414322845,42.68562846905738,41.16351810529928,40.81604025023717,27.78157135103921,42.157282717208844,44.30199787966483,0.13866194653419897
4862,42.902377232179845,42.76559401685659,40.6928870269979,40.85180328618192,-1.4355724803241472,42.15310817521161,44.28899669752184,0.13866194653419905
4863,42.90525677535449,42.78777670660368,41.0615609085027,40.22164495732524,27.762404035292484,42.13600003749981,44.29187624069648,0.13866194653419903
4864,42.89646481704614,42.79656538675917,41.27308439833796,40.95491429794124,31.41322966735387,42.17439167655472,44.283084282388124,0.13866194653419897
4865,42.91226488627366,42.775615286510806,41.105353540324664,39.859120786634,33.06670653654989,41.932991561089395,44.29888435161565,0.138661946534199
4866,42.89326868161229,42.81208811088532,40.90936024240367,39.99357035085292,17.768723617598713,42.22237888984889,44.279888146954285,0.13866194653419905
4867,42.921260103999415,42.796917653542714,41.04021083534278,40.05176531135182,27.028847218675537,42.23223608304416,44.30185397348066,0.13805938694812467
4868,42.91458141453942,42.7169969952744,40.67567275513652,40.126750126369664,-13.427906783144174,41.94454681161214,44.295175284020665,0.1380593869481247
4869,42.92121017504359,42.6831372122328,41.29119443525653,40.878118577318254,27.103269737599284,42.038255877418635,44.301804044524836,0.1380593869481247
4870,42.927291168803656,42.78045554652776,40.893278929742046,40.28416793243329,15.7068869872559,42.1474303135482,44.3078850382849,0.13805938694812456
4871,42.945023298727676,42.74189102719206,41.28466854767329,40.62392426015534,27.614526912117668,42.13605437998844,44.33303027062193,0.13880069718942556
4872,42.92265494076109,42.80671689261208,40.862488813224715,40.68889599004825,-1.0473524476999643,42.39427059800657,44.31066191265535,0.13880069718942553
4873,42.95112527177286,42.823125631081076,41.2274499462164,40.3976172985536,30.41712478049172,42.104015528228224,44.339132243667116,0.1388006971894256
4874,42.89825797190472,42.81754942100151,41.416144364876935,40.65296216995032,30.718522140341136,42.262133391663326,44.286264943798976,0.1388006971894257
4875,42.910335713065656,42.814027649311114,41.33597810693268,40.80704492545487,30.118544084898648,42.30574666592163,44.29834268495991,0.13880069718942556
4876,42.91360771028775,42.69834361507389,40.795126780455114,40.12464673803882,19.185565449148534,41.98052444054514,44.301614682182006,0.13880069718942556
4877,42.90447850945686,42.76861457533237,41.042641755345045,40.62638975939886,-5.420287727925533,42.19794079779072,44.292485481351115,0.13880069718942561
4878,42.904651243445954,42.76679679195163,41.36131802949853,40.76697722379906,26.905392252861102,42.163684930972394,44.28663261947946,0.13819813760335115
4879,42.919611430295184,42.706534099867206,41.169108198686764,40.42094760929144,25.91276808654021,42.05780124170553,44.3015928063287,0.13819813760335134
4880,42.93828649306074,42.732802022050514,40.9242091433285,40.42573058802217,14.735848472971277,42.072624396119394,44.32026786909425,0.13819813760335123
4881,42.919748253944526,42.82623053983433,41.3428320483515,41.30526285065464,19.362514230291662,42.40088820178053,44.30172962997804,0.1381981376033512
4882,42.93836395523206,42.79095113730003,41.09899503942429,41.05838074765884,14.687827833122672,42.498693637564244,44.32034533126558,0.1381981376033513
4883,42.93268451189895,42.81004900206113,40.81480918802834,40.73532322267219,16.832281206184017,42.11432907948627,44.31466588793246,0.13819813760335128
4884,42.91651881011739,42.77017039552129,41.3047640673239,40.820884801976504,27.12174829691508,42.06597202308309,44.2985001861509,0.13819813760335123
4885,42.90423751918309,42.791883714929355,41.025771487237265,40.48485456397378,23.703507093851037,42.07478407852561,44.28621889521661,0.13819813760335126
4886,42.90213313147274,42.82949355172825,41.08637619950685,39.652883694768356,33.87109129325132,42.09943900068047,44.286267289240975,0.13841341577682367
4887,42.95793683984932,42.829501996409086,40.63015481490188,39.8368632499342,6.552104568290815,42.168591524329685,44.34262053849141,0.13846836986420938
4888,42.89226141764331,42.77135776112823,41.154144308125765,40.58831936531705,24.063996576797688,42.26500823219871,44.276945116285404,0.13846836986420952
4889,42.91736455236522,42.787334529298896,41.22793405301275,40.32547700227752,31.207081567432986,42.1533506045278,44.302048251007314,0.13846836986420938
4890,42.885916465498454,42.70188422885605,41.58175428017687,40.979802130916845,33.61225706946718,42.15303139026864,44.270600164140546,0.13846836986420946
4891,42.92167842498868,42.776039146193504,41.33483844272266,40.65324601759362,30.703837599032926,42.10523749688503,44.31732358868154,0.1395645163692865
4892,42.892269026414674,42.738642889888716,41.36633447832548,40.84366890710483,31.767622219278785,42.12063884620822,44.288743852213344,0.1396474825798671
4893,42.90874231360537,42.59153223428271,40.91202918530878,39.7737546880441,31.7200724525704,41.97218421284765,44.30521713940404,0.13964748257986706
4894,42.88916332531474,42.727315503229924,40.88711244134784,39.958250150432804,27.463090839731223,42.02070555284477,44.28563815111341,0.13964748257986714
4895,42.917285675246234,42.750073679452534,40.697609247850465,39.97338510567442,26.654440663926255,42.006265831725415,44.313760501044904,0.13964748257986703
4896,42.89255780114414,42.78986290616199,41.13523668157132,40.354299318335514,31.79910201848392,42.17993116008414,44.289548380940325,0.13969905797961843
4897,42.90762868835681,42.78597081534416,41.3007065170771,40.569119743490596,30.18672532985753,42.33237511307685,44.304619268153,0.1396990579796185
4898,42.89869377485293,42.713554491233324,40.52385400734211,39.10037532940279,27.706532095461963,41.57346846912162,44.29568435464911,0.13969905797961846
4899,42.90438289820595,42.802805087563996,40.40771511189461,39.27279004739279,-9.755762069266218,42.16669915569739,44.301373478002134,0.13969905797961837
4900,42.910750757679104,42.76446451955992,41.301802082239746,40.96447199927462,23.49809492569961,42.14257535764533,44.307741337475285,0.13969905797961837
4901,42.89910102393116,42.783568312010445,40.704266263262426,40.135130001295835,14.529573409691281,42.17705136123416,44.29609160372734,0.13969905797961849
4902,42.904454882284355,42.74405756308019,41.03043650212489,40.59208611077578,27.753882062072016,41.80630953255958,44.30144546208054,0.13969905797961837
4903,42.906093530620524,42.79278786452828,41.35127340422471,40.474166024211044,28.314132617392307,42.103954263938114,44.282680792351556,0.1376587261731033
4904,42.92172928902266,42.73019278439876,41.18839741244028,40.57670078765239,27.762461850073326,41.91653144762478,44.29831655075369,0.13765872617310318
4905,42.92201367209319,42.76052507523458,40.93251508242903,40.398197986064524,17.171714411419607,42.187311284745306,44.298600933824225,0.13765872617310332
4906,42.915824076661465,42.76409632552237,41.38552202758401,40.66372302207024,31.208755668703763,42.23510312024308,44.2924113383925,0.13765872617310349
4907,42.93502175491899,42.798925638347775,41.32906576894134,40.91669714145328,26.97086149757557,42.168268750433185,44.311609016650024,0.13765872617310324
4908,42.946690108430474,42.8113284829128,41.458551556540485,40.471693740888455,30.517686888887525,42.23383791000957,44.323277370161506,0.13765872617310337
4909,42.909604086205334,42.81194018108628,40.90358820537107,40.804496931189796,10.423825265743112,42.289069089474104,44.28619134793637,0.1376587261731033
4910,42.93448038463331,42.78566842272905,41.24116515832399,40.651117980182775,24.92143098653616,42.24472888231892,44.31117479829487,0.13766944136615575
4911,42.91566248884602,42.7823029860503,41.32478669783742,40.69377356173241,30.956672767047415,42.21097391118481,44.29235690250758,0.13766944136615578
4912,42.922069012595884,42.749918507170705,41.47437849407481,40.91531020569146,33.16502738962666,42.229452318015774,44.29876342625744,0.1376694413661556
4913,42.92800599045135,42.74466799868961,40.95749879809005,39.92229197084263,30.12362058054797,41.80430126982775,44.30470040411291,0.13766944136615575
4914,42.909782777776314,42.627994068077406,40.7103198638734,39.381433103679925,16.052985296357953,41.86998104438177,44.28647719143787,0.13766944136615572
4915,42.93418485050673,42.77487749171573,40.943566015115245,40.16655648757554,27.096170207105857,41.8825957804429,44.310879264168285,0.1376694413661557
4916,42.940498852048684,42.82597342315799,41.134055363576955,40.734218399623984,20.933471444393728,42.36174891864813,44.31719326571024,0.13766944136615564
4917,42.91860612735387,42.80733843907385,40.857648023106776,40.730685071376136,-13.393777321894063,42.383377008321304,44.29530054101543,0.13766944136615572
4918,42.95641742292676,42.79013070445666,41.03538410912731,40.27899284342726,30.47366007658506,42.03498787572639,44.333111836588316,0.13766944136615564
4919,42.94985342158987,42.824423884382895,41.37242258798041,40.98983501252927,19.487847706073147,42.45905901185834,44.326547835251425,0.13766944136615564
4920,42.91884350332034,42.70765453341425,40.97201185823477,40.14734208767626,11.063462937934034,41.879867096197664,44.29553791698189,0.13766944136615558
4921,42.92496657243865,42.827323583264175,41.127536313091845,40.284979683194244,29.312003939018126,42.10944487317525,44.30166098610021,0.13766944136615572
4922,42.894209508539355,42.81248103689422,41.04376006343166,40.256163346941364,19.609924494150363,42.33405237479599,44.27090392220091,0.13766944136615564
4923,42.884436156471004,42.76129884718838,41.253098270635,40.48588810394819,32.62829200578064,42.184157827878515,44.261130570132565,0.13766944136615575
4924,42.91898226688383,42.7349008015733,41.431771533032645,40.753255910694925,32.60714880944087,42.07413936899849,44.29567668054539,0.13766944136615572
4925,42.92236331906832,42.76272849349058,40.93677844983326,40.17268992969117,23.71043836288459,41.982149498076026,44.292122995720824,0.13697596766525066
4926,42.90359740491305,42.70789917866938,40.66511032661978,39.77078094278473,-0.7148840881546619,42.162757319666994,44.273443887154116,0.13698464822410678
4927,42.95360493517226,42.758117001709095,40.88474032529995,40.500664032501035,-16.798463501716398,42.15059928691064,44.323451417413324,0.13698464822410678
4928,42.937938098617806,42.74820688184106,41.40984322648965,41.09994159776383,33.19181940393314,42.03032563669268,44.30778458085887,0.13698464822410666
4929,42.925428828935786,42.83615812871805,41.01309457356189,39.83445172992451,27.671498305341593,42.185129192378724,44.29527531117685,0.1369846482241067
4930,42.92826947064785,42.832013696273535,41.211819195672554,40.38446537851934,29.770778149797707,42.282906454079736,44.29209035702817,0.13638208863803217
4931,42.93188944647859,42.75487348535526,40.79343879294434,40.19470399836241,17.231261622936206,41.85901109168484,44.29571033285892,0.13638208863803233
4932,42.96005041077219,42.82882810703011,41.31662836309653,40.750876036377186,31.737718599026348,42.32358779846582,44.323871297152515,0.13638208863803236
4933,42.925633670771205,42.816082834011496,41.45940408363355,40.78667491960418,32.09952294401403,42.170385951082835,44.28945455715153,0.13638208863803228
4934,42.93516659895182,42.83473693421543,41.24385384508958,40.84285232110993,3.7534001954142298,42.34078350604313,44.30170085308192,0.13665342541300984
4935,42.93424153073586,42.83843630194315,41.10036507013067,40.34206756411598,30.501216259160426,41.949204239454176,44.30194933969796,0.13677078089620984
4936,42.94344921778582,42.834884554630975,41.217684469379314,40.71146110459542,22.72714464424295,42.29998205515754,44.311157026747914,0.1367707808962098
4937,42.93685135919043,42.758090873891355,41.13715087118148,40.78731266251872,15.929359898627947,42.33006343840772,44.30455916815253,0.1367707808962099
4938,42.96409369673474,42.73727807057349,41.374548247612864,40.79219036600572,32.63649762739534,42.16218643148698,44.332713516536195,0.13686198198014551
4939,42.93144138071702,42.808888283367295,41.26818693396533,40.4969154147896,30.091662960484857,42.16293926477435,44.29243638544036,0.13609950047233435
4940,42.934254849869305,42.836676040622635,40.927771791811296,40.39397160172123,18.279687472378207,42.12507416256188,44.29524985459265,0.13609950047233424
4941,42.93499209294766,42.80716348920427,41.556541084531574,40.82089321567935,33.99537930780941,42.31960105876729,44.295987097671,0.1360995004723343
4942,42.912488509470485,42.671359193721074,41.116539356423935,40.54447327662907,23.162002712951058,42.067965272176586,44.27348351419383,0.13609950047233438
4943,42.953553276761426,42.72683072765029,40.80133880792732,39.97094322422417,24.74729484533688,42.16136868179139,44.31454828148477,0.13609950047233418
4944,42.93410605348604,42.6290596741977,41.04451375523196,40.089788470977574,31.349618152922016,41.66694108082511,44.31069658323765,0.13765905297516132
4945,42.91636171563128,42.80799553632009,41.28940169421949,40.50003177192671,29.57772314802215,42.12614352173195,44.29911798311673,0.1382756267485446
4946,42.947685345428624,42.78450952393379,40.879084562591935,40.087058555708545,29.20597819945514,42.15481886192333,44.33044161291407,0.13827562674854463
4947,42.90967197347281,42.79275367348213,41.51199658710034,40.53309992734821,36.337802745416695,42.19756622935314,44.29242824095826,0.13827562674854446
4948,42.93111630232093,42.77334750678526,41.115833217113675,40.590429931889155,22.970090202735697,42.05147691307987,44.31387256980638,0.13827562674854463
4949,42.93162663039489,42.81223472926972,41.31133637793118,40.39071115096905,33.08361238847546,42.13456722701714,44.314382897880336,0.1382756267485447
4950,42.90664819475466,42.72260827694965,41.12803852018829,40.24837849420597,33.01109124913776,42.068230845327214,44.28940446224011,0.1382756267485446
4951,42.93660640561804,42.80054358946835,41.551585490229684,41.107731537795054,33.796184208223906,42.357947049325915,44.31457637218026,0.13779699665622192
4952,42.93975339089813,42.74932761006978,41.413535658987904,40.89379545101426,19.002020103776587,42.36389341146699,44.31772335746035,0.13779699665622205
4953,42.94912237392165,42.819696713961484,41.21590200356087,40.9255741827879,11.117250097554717,42.43426711400072,44.327092340483865,0.13779699665622197
4954,42.920802953746794,42.788739109864856,41.14797558758069,40.52402105649506,18.402319350900992,42.22407403508704,44.29877292030901,0.13779699665622197
4955,42.917738275472566,42.761710704708044,41.207231727636334,40.40953128424693,29.409920589814938,41.965348181815784,44.295708242034785,0.137796996656222
4956,42.93369981846409,42.83896583851284,41.54474462167599,40.990684527940196,30.132521752036318,42.31694703156965,44.31166978502631,0.13779699665622208
4957,42.92083839317444,42.82557475466858,41.04043623698512,39.97677505304924,26.277791344869513,42.08800862761107,44.29880835973666,0.13779699665622203
4958,42.93717695705826,42.814165221520774,41.46171800204548,40.75303873179116,33.0783427498546,42.332508703494334,44.30443849964325,0.1367261542584986
4959,42.943737212274556,42.79418392200352,41.268087223506875,40.294344131246234,28.26760244986598,42.24584547364283,44.31099875485954,0.1367261542584986
4960,42.95314447117013,42.84283975125555,41.45973601816726,40.74975302873919,31.479767044590503,42.43554811682402,44.32040601375511,0.13672615425849854
4961,42.947630029207616,42.787934576362346,40.84817693062616,40.00337070945913,6.205571126020658,42.02488592215457,44.3148915717926,0.13672615425849854
4962,42.916005154489596,42.722771750131756,40.71540530634098,39.850873895328675,19.06232294991787,42.187300619822814,44.28326669707458,0.13672615425849857
4963,42.93421263307317,42.74315360991134,41.10311091861136,40.36804768725347,27.527140540259392,41.83375822924597,44.30147417565816,0.1367261542584985
4964,42.94419957989692,42.79958398242449,40.82826251073402,40.30546278602439,24.731439521756226,41.97054202012719,44.3114611224819,0.1367261542584986
4965,42.937562620785485,42.75391376440018,41.19449103504217,40.59857910775665,25.56200268306273,42.12867068496254,44.30482416337047,0.13672615425849874
4966,42.925566328603516,42.73501941710485,40.921204046605816,39.86521228634114,27.214642529593963,42.10481171162655,44.2928278711885,0.13672615425849852
4967,42.95281642232412,42.84366347580438,41.051520018232274,40.826367308011896,-3.541740136117461,42.41669116887656,44.3200779649091,0.1367261542584986
4968,42.93792948172616,42.84969693928579,41.23389015690389,40.46584756922779,24.421865706865756,42.31571695288777,44.30519102431114,0.1367261542584986
4969,42.93531973539325,42.82914796498651,41.1572129040112,40.46662378398715,15.305461775098692,42.11569642830516,44.307642349904945,0.13723226145116985
4970,42.935969199453986,42.830941197983634,40.99192682035995,40.156614093022405,29.194087116373748,42.27987746583213,44.30829181396568,0.13723226145116982
4971,42.93919800799795,42.76596692921574,40.68870699342878,39.96635876044673,-13.192115241549224,42.08362227860793,44.31152062250965,0.1372322614511698
4972,42.93865055262998,42.77866079665152,41.25894639477951,40.43020636692525,32.48458651758489,42.26264831521419,44.308518458226,0.13698679055960147
4973,42.94140454108974,42.82697159840369,40.69300155774326,39.79957305302298,23.458112912996146,42.12931967742749,44.311272446685756,0.13698679055960147
4974,42.909919992246955,42.8081559549523,41.180633109337826,40.85011175730987,30.584450020935908,42.22259226781456,44.27978789784297,0.13698679055960136
4975,42.92658777851413,42.72262262850536,41.13271685242584,40.05587541303296,30.789380883639044,41.99379288479055,44.30807156094765,0.13814837824335174
4976,42.92032498874075,42.781475331793764,40.87409672167289,40.314480304539295,3.5993621311429322,42.19652286971059,44.30180877117427,0.13814837824335174
4977,42.91082798315039,42.74290440186727,40.695361166724126,39.358190565795375,22.587676386489537,42.01448994846806,44.29231176558391,0.1381483782433517
4978,42.90843806078982,42.815395276543775,41.134831368446015,40.169508206659934,27.334206172270747,42.2758295032,44.28992184322334,0.13814837824335174
4979,42.92917578394198,42.79385376028452,40.84152950374478,40.28767868438301,23.328041097362338,42.242696803864725,44.3106595663755,0.1381483782433517
4980,42.93233940567583,42.795379954276754,41.00307331334951,40.89381003217035,6.328955601459413,42.222957653966226,44.31382318810935,0.13814837824335174
4981,42.91145746717037,42.6655430954005,41.11409414481863,40.12198460227281,32.70065147226383,41.95908188476086,44.29294124960389,0.13814837824335174
4982,42.93005328311909,42.83179611533256,41.48951651783739,40.71155822872562,32.670883996185935,42.403982942311174,44.31153706555261,0.13814837824335183
4983,42.92952848769601,42.75994708414024,41.34639485472081,40.43771819600882,31.88635850952277,42.292688192811354,44.31101227012953,0.13814837824335172
4984,42.920483712088554,42.67210107143003,41.07108740118857,40.58722216535963,26.476945464052214,41.881750536434,44.3022019174036,0.13817182053150484
4985,42.917281354620606,42.758313517928364,41.34995255549206,40.94720133758117,30.170190383743723,42.040898139606576,44.29899955993566,0.138171820531505
4986,42.911107884071264,42.80675083058125,41.372170836561054,40.308330718474764,32.25122922381498,42.178208407330494,44.29282608938632,0.13817182053150498
4987,42.91425828314671,42.77342838281742,40.86999444475539,40.53719655893378,11.123001206362865,42.08197027544166,44.29597648846176,0.13817182053150498
4988,42.91440993993258,42.802776213351194,41.25308923895452,40.591407990756316,30.62937363592568,42.08992602586991,44.296128145247636,0.138171820531505
4989,42.9141597886634,42.79969530240414,41.19965451113936,40.2376475624158,31.623558681498842,42.09620667599783,44.29587799397844,0.13817182053150476
4990,42.9200727868176,42.77239638892064,40.9867302996538,40.47577201022355,22.11036597418063,42.1406435940158,44.301790992132645,0.13817182053150487
4991,42.90454953334659,42.76698118444861,41.262227068159426,40.56129227982679,30.927514490838117,42.17117116291054,44.286267738661635,0.13817182053150487
4992,42.912362807425495,42.7254978544171,41.10999159908248,40.299807851338564,31.10763226922893,42.019144518020155,44.28000105887728,0.13676382514517857
4993,42.93107010048007,42.56925222297384,40.58551628683415,39.635509076867805,6.454617914776314,41.67061091226887,44.29870835193186,0.1367638251451786
4994,42.93406770060338,42.74725221736385,40.61660497332897,39.44240108613174,22.582439481074584,42.02176302123514,44.29568035619442,0.13616126555910416
4995,42.93892384697046,42.83044255864891,40.882599026470004,40.57803611968488,18.966918447886343,42.19772104442449,44.30480835402304,0.13658845070525769
4996,42.929277415269816,42.80672632200938,41.007060825191395,39.753265328606815,27.55271694028335,42.09430618171504,44.29516192232239,0.13658845070525766
4997,42.930315659837845,42.80937737239026,40.869509606989766,40.78562704485076,13.46957795088045,42.129103981907704,44.300848773482194,0.13705331136443458
4998,42.94011517770627,42.77326883424592,40.76138102094508,40.29282476565391,8.305363052578294,41.90151896623434,44.31806369796657,0.13779485202603012
4999,42.96252083073795,42.763967645552704,41.04527525719044,40.182505031202446,24.782645092557612,42.033098650679605,44.34046935099825,0.13779485202602998
5000,42.93792077967724,42.82282172745149,41.51578268672953,41.13690664595004,23.841523541838562,42.345906196742874,44.31586929993754,0.13779485202602998
5001,42.95000377262718,42.82566435731966,40.88391917615601,40.82772790515692,5.222125392659905,42.35245345704348,44.327952292887474,0.1377948520260299
5002,42.94950056192187,42.832016922184124,41.21801063921263,40.462526222542344,30.726252942891854,42.24893327330625,44.32744908218218,0.13779485202603012
5003,42.9533684883141,42.81893119585287,41.0698371772693,40.304200259209445,18.80551164853155,42.1262386204088,44.3313170085744,0.1377948520260302
5004,42.92798237834815,42.851894171909734,41.12898104253705,40.16708037798444,27.76673955753862,42.36803839305681,44.30593089860845,0.13779485202603017
5005,42.941231183960824,42.823877285840815,41.2580601486538,40.87478933558457,30.154897352389845,42.38424916704753,44.31917970422113,0.13779485202603012
5006,42.94355735707038,42.78415698402918,40.811444428639064,40.19642923436374,29.462707786627853,41.91155390380063,44.32150587733069,0.1377948520260302
5007,42.94958755709644,42.840869143847904,41.362703796706754,40.62094643988166,28.253011095591503,42.352495405788105,44.32753607735674,0.13779485202603
5008,42.94088821975639,42.80935932835095,40.66143599962488,39.51840121972499,17.565853640038025,41.83212081944838,44.318836740016685,0.13779485202603003
5009,42.95296628749621,42.7758576395346,40.571382853602934,40.46649116456609,-13.379407031863636,42.19127056569121,44.330914807756514,0.13779485202603006
5010,42.93488653861551,42.747305067614384,40.2243594572366,40.02168897277447,6.190440233148365,42.26047391506394,44.32156695745498,0.1386680418839478
5011,42.946559804411784,42.76499821482001,41.40211051613641,40.44673735679135,31.776106640452024,42.16675153498121,44.33387676395969,0.13873169595479024
5012,42.92231523838875,42.733669055701405,41.17809680329688,40.75612385717744,30.71154353644604,42.08662274744148,44.30963219793665,0.13873169595479018
5013,42.92218255539438,42.7823459916746,41.10054527072474,40.75537557060158,15.666261555216593,42.25020834012555,44.30949951494228,0.13873169595479024
5014,42.94666153712402,42.8005618852161,41.44898912995192,40.58054130370616,33.40171447847305,42.222064747282246,44.333978496671925,0.1387316959547901
5015,42.95983992635418,42.83007339745172,41.48794623692869,41.16240532578288,13.173606505253069,42.51763074223243,44.34715688590208,0.1387316959547902
5016,42.95686013479355,42.802186021904696,41.36856712492094,40.40897467401307,33.65407413268292,42.07711614417764,44.343522123080376,0.1386661988286823
5017,42.92881805425994,42.78811365738385,41.239051072917036,40.66156174294378,32.931119547149365,42.13425363311759,44.31548004254677,0.13866619882868222
5018,42.96013972321442,42.83579286704102,41.66264427550912,41.03209978423495,34.10902969202313,42.41746506050727,44.34680171150124,0.13866619882868234
5019,42.92230684223336,42.72599158849296,40.66755578444521,39.84123236633196,21.661687060932124,41.78104316566652,44.308968830520186,0.13866619882868247
5020,42.919225160986834,42.677433979633136,40.86255574292945,40.25391967192611,16.205207645240364,41.758158570927435,44.30588714927366,0.13866619882868228
5021,42.96336820683023,42.8509162301149,40.785334248199526,39.73072012523314,27.74719367602183,42.19602713789925,44.35003019511706,0.13866619882868234
5022,42.93375309058212,42.742095378574184,40.68403277516526,39.566646585990945,11.665215772091301,41.833663356563704,44.31808303863218,0.13843299480500582
5023,42.93690814723253,42.8262255321076,41.3975750235272,40.97585402431057,22.799890574213336,42.45889619199036,44.315483695909215,0.1378575548676687
5024,42.94303708218234,42.83738957771445,41.12359266443969,40.0831564993473,29.308401501817954,42.32079536536144,44.32161263085903,0.13785755486766862
5025,42.94907283783735,42.661423676931975,40.31216815436618,39.16959631471826,11.410483301651574,41.714658087914316,44.327648386514035,0.13785755486766876
5026,42.93961459096681,42.8431181691541,41.40586706442416,40.80195163238041,29.012295043158204,42.36436317660974,44.31906110323345,0.13794465122666424
5027,42.94226382260905,42.73557727301023,41.205812275484014,40.60252361649854,17.256348412147688,42.04787673109365,44.32171033487569,0.13794465122666427
5028,42.94210807733837,42.84598680095091,41.03562815714949,39.4739432824548,31.8379474353493,42.07615574413199,44.32155458960501,0.13794465122666424
5029,42.95200808926276,42.86859674654368,41.16785539571028,40.540692480012396,6.4995570689888424,42.2564248019184,44.3314546015294,0.13794465122666424
5030,42.954776038558265,42.845618681984355,41.419360726319894,41.156602544952975,31.35590804142879,42.45857225897338,44.334222550824904,0.13794465122666424
5031,42.923562815915744,42.855031008078264,41.3425224737039,40.44528054259685,30.361502143836262,42.17210133376165,44.29678335534441,0.13732205394286656
5032,42.96711812322725,42.74858712765268,41.20024154481593,40.56421357400765,18.210106426842255,42.099736773805716,44.34033866265592,0.1373220539428666
5033,42.94529518055995,42.81763138470776,41.183633716403605,40.42484465384113,28.12141891339157,42.10612725311164,44.31851571998862,0.1373220539428665
5034,42.942831506887266,42.74197322763287,40.731019471531056,39.74107595715198,27.181114278639075,41.76272149224022,44.33050644402339,0.13876749371361238
5035,42.94570291349633,42.75106416237036,41.02877774450041,40.33664576123192,27.96636923077864,41.87288586713544,44.33414436575212,0.13884414522557825
5036,42.93631825324826,42.80247639595113,40.836831991149275,40.10035096227002,16.824849757157786,42.11542688440809,44.32475970550404,0.1388441452255781
5037,42.95862149515854,42.79944464463004,41.18998523127255,40.22031392400456,27.864928106156892,42.271617196751194,44.34619198382436,0.13875704886658252
5038,42.946571980965295,42.78308446877935,40.954033944890426,40.42629553800868,6.130163178892367,42.07832809678908,44.334142469631125,0.13875704886658272
5039,42.90256177754548,42.81336085178336,40.99182697266873,40.73156735807207,12.280722044576912,42.23083374621115,44.2901322662113,0.1387570488665825
5040,42.931218686182596,42.717039619340134,40.752184890941514,39.546029622191384,26.678862639810927,42.05680545822679,44.31878917484842,0.13875704886658247
5041,42.96181263247589,42.7488472997963,40.78192570961001,39.580898616169165,22.21278465534374,42.06805498969753,44.34938312114171,0.13875704886658255
5042,42.92473463902846,42.74539320484588,40.9941254731706,40.43803814019338,6.183468018484923,42.14690914629804,44.31230512769429,0.13875704886658266
5043,42.98370167937856,42.81001716248632,41.42646051461481,40.77019586523849,33.75598657071039,42.18025792310389,44.371272168044385,0.13875704886658255
5044,42.94462971837793,42.80650686664153,41.2819203943408,40.19130513719989,34.72729142106763,42.18873407872872,44.34973009566122,0.14051003772832898
5045,42.90438313575675,42.82403116796044,41.32159117182557,40.121516658552125,33.65866881037983,42.16512853699716,44.30948351304004,0.1405100377283291
5046,42.94905615195955,42.82238795580566,41.25904540746335,40.36004616850818,32.88713351869944,42.26819213229967,44.35267540056556,0.1403619248606009
5047,42.94019205043811,42.74535214780247,40.93913251629498,40.67910922851769,16.668129562830693,42.23377747464551,44.34381129904411,0.1403619248606009
5048,42.91825968363172,42.71895582998322,40.9469289989374,40.368882792575214,11.601135138571294,41.929587369254364,44.32187893223772,0.14036192486060084
5049,42.9163846530593,42.82111621300996,41.01009182120663,39.904145145763756,27.795880642012676,42.10846344430438,44.31881065113889,0.14024259980795856
5050,42.92548443519507,42.83238386225476,41.08258940807653,40.307083940575716,15.64032588412763,42.139957723841746,44.32791043327465,0.1402425998079585
5051,42.894168132810854,42.83102111392945,41.460731379148,41.29845073850764,30.954429012048962,42.28908582366098,44.324548547156326,0.14303804143454707
5052,42.90329431437551,42.807308002733,41.274424061363135,40.77481893382336,6.439044763203931,42.1961457317104,44.33367472872098,0.14303804143454704
5053,42.91283697199893,42.81346099735135,41.58944491488776,41.305478742634094,33.20046604919466,42.34915323828079,44.34894251769733,0.14361055456984065
5054,42.87296269922857,42.72605943768269,40.987034337374986,39.95196826400928,30.173814553434298,42.20533105425472,44.30906824492698,0.14361055456984073
5055,42.87943301112144,42.74560948333927,41.3213348134037,40.86249044378935,31.180533630153093,42.273276743883784,44.31382806187316,0.14343950507517203
5056,42.89163799827393,42.764906279050635,41.19366754867756,40.36901614214783,30.585093978388443,42.0308026096684,44.32603304902565,0.14343950507517195
5057,42.86445140644614,42.78323039720673,41.22836793364512,40.59923466396798,28.17243191077062,42.193814705531025,44.29884645719786,0.14343950507517197
5058,42.8674774018039,42.72794637465831,41.38664382125067,40.794198063921534,33.40741463671915,42.23979065628588,44.30187245255562,0.14343950507517197
5059,42.88637071767858,42.751885721335135,41.217028122648856,40.48338585931366,22.48992645879236,42.11842567944461,44.3207657684303,0.14343950507517186
5060,42.891875700481606,42.74201458133041,40.90568157227213,40.80040278552243,14.48530522756636,42.26446051209579,44.326270751233324,0.1434395050751719
5061,42.86390614292999,42.76212746585034,40.983778084344415,40.254266107156056,30.47971386706986,42.003238733761165,44.29830119368171,0.14343950507517197
5062,42.876778604431145,42.66072356659966,40.92990815887783,40.27559693172883,23.621009463660013,41.828505660096994,44.31117365518286,0.14343950507517195
5063,42.87333007191374,42.78290973834505,41.1310084997667,40.78632122987883,11.394662943486644,42.24190481634966,44.30772512266546,0.14343950507517209
5064,42.86239013565118,42.695902324996986,41.062942733076525,40.87086028913231,19.313024483745153,42.05938622107249,44.28610555964526,0.1423715423994076
5065,42.89583528341471,42.713732516519464,41.350289031306325,41.13984870266972,24.462760720248856,42.21005676059582,44.31955070740879,0.1423715423994076
5066,42.87199765713759,42.75574358408597,41.29715889421152,40.8988140720267,31.17996636786979,42.063858937910474,44.295713081131666,0.14237154239940755
5067,42.89326692412499,42.78783641394929,41.18397645567121,40.51118829151461,31.456620185065326,42.22539942867812,44.3230079439798,0.142974101985482
5068,42.90008268762096,42.7683028761411,41.41741982906259,41.146340319892474,30.157803758079968,42.19707047738634,44.292475799521156,0.13923931119002003
5069,42.91204617018495,42.755020598755486,41.02840070507692,39.461527126499206,30.430733807316685,41.95239549185895,44.30443928208515,0.13923931119002012
5070,42.914808275526,42.79647020791749,40.762964433963106,40.04903947622632,25.324942001085553,42.02118151154996,44.33198963911311,0.14171813635871147
5071,42.887353980486836,42.78430555535242,41.182891578688015,40.81275847002198,30.281793467893632,42.124110541670035,44.310560939934696,0.14232069594478597
5072,42.88132524762103,42.707064659825676,40.94369140180155,40.664617410523576,33.012420264954855,42.149242321425106,44.30453220706889,0.14232069594478583
5073,42.88731974962429,42.6741256305652,41.07996872957427,40.040634494251975,31.720016336664333,42.108247792524566,44.31052670907215,0.14232069594478589
5074,42.921823383870354,42.7112704945061,40.99260905324444,40.407099759540195,11.116923894217031,42.053579033192875,44.345030343318214,0.14232069594478589
5075,42.872086829457636,42.75629550924344,41.16934077531442,40.799321392885176,19.305815462799863,42.277701711091595,44.2952937889055,0.14232069594478586
5076,42.89419357564629,42.744525286776444,41.48312121633321,40.85609087570722,33.59304144635397,42.07519221534626,44.31740053509415,0.14232069594478597
5077,42.887891199425866,42.714722759787605,41.08149014299807,39.96624566365757,30.464945749998275,42.048499074590815,44.311098158873726,0.14232069594478583
5078,42.89051754271876,42.720530185558424,41.254511753199615,40.45331357288895,30.176483999546036,41.99938714179008,44.32092427419583,0.14304067314770694
5079,42.877949786617215,42.75050762895824,41.068932598182066,40.37022582650342,23.075883738947027,42.13370644524326,44.308356518094286,0.14304067314770672
5080,42.874545656246795,42.69725393566295,41.385129360525944,40.921655054926816,27.320143356640457,42.099508098999806,44.304952387723866,0.14304067314770674
5081,42.89650334754722,42.77716348313196,40.85711241741575,40.17559139053755,24.862289654603217,41.86924619211753,44.32691007902429,0.14304067314770677
5082,42.90004617914806,42.61689229631596,40.913807299981016,39.82510010849188,30.367518841301745,41.87915134275319,44.330452910625134,0.14304067314770677
5083,42.874973891145274,42.739788477302106,40.96461705151376,40.80131608322165,24.578888042145255,42.22432269932077,44.305380622622344,0.14304067314770685
5084,42.89034123234,42.787318911991825,41.50129471700791,40.71600565913803,34.71176509643984,42.204839358825296,44.32074796381706,0.14304067314770663
5085,42.884280974287925,42.72286071823061,40.84210758521631,40.17135201426704,-10.615278792448642,42.090880156248446,44.314687705764996,0.1430406731477068
5086,42.906076698125474,42.65611709970438,40.816166404584195,39.84540153443276,28.034476242665185,41.747800686134994,44.336483429602545,0.14304067314770683
5087,42.875463910571064,42.740465900948536,41.11658386760636,40.47472516111051,29.119115471219487,42.021812197932874,44.305870642048134,0.14304067314770683
5088,42.89664238756287,42.76537382638927,41.08341612624481,40.182878952779795,31.35397781186861,42.04346638462584,44.32704911903994,0.14304067314770677
5089,42.890066489380324,42.746877723257924,41.139679716239925,40.74609899998121,15.657595580361217,42.10373868921081,44.320473220857394,0.14304067314770677
5090,42.874814565084584,42.68361251451176,40.938097392305586,40.66031541435436,15.031031953150134,42.03394279482118,44.305221296561655,0.14304067314770688
5091,42.90286587551864,42.738792963249566,40.70542004415511,40.261007402648055,19.632976677015943,41.89576623507918,44.33327260699571,0.14304067314770683
5092,42.9028579912703,42.73057783489531,41.2248711218708,40.43194367575314,28.379825195158453,42.19372395221576,44.33326472274737,0.14304067314770688
5093,42.886976101909916,42.72073480154745,41.24085193659714,40.35538826731877,31.11490010030768,42.104002478393326,44.317382833386986,0.1430406731477068
5094,42.89674390099588,42.75927443272907,41.23111253453345,40.395971665846865,30.16181526143419,42.00986606820481,44.323988354812776,0.1427244453816899
5095,42.874855267958836,42.77502862324097,40.738090369598574,40.59677421256774,-13.487712087573726,42.207692096602024,44.30209972177573,0.14272444538168996
5096,42.90952665559094,42.8092192239368,40.98316032790095,40.81731497224733,-7.373156596051736,42.380975602785796,44.33677110940784,0.14272444538169007
5097,42.91164419238475,42.62232088900367,40.81073218618035,40.33656318394707,24.409747358333615,41.92129286164768,44.338888646201646,0.14272444538168996
5098,42.88686955039011,42.76438849350774,41.01884912118882,40.38388052391934,-10.230441531799052,42.24717077686182,44.314114004207006,0.14272444538168996
5099,42.899801269624874,42.790392123998366,41.12638894947567,39.99068891139265,32.146514353424145,42.16980487070336,44.32704572344177,0.14272444538168996
5100,42.90280528821871,42.698507060672156,40.873241690072426,40.061533154187394,14.598182772239333,41.891377459940045,44.330049742035605,0.14272444538168996
5101,42.90695248408353,42.79016351547611,41.23118950187343,40.96197655436608,29.290727193183265,42.16613385173624,44.32048188960625,0.14135294055227168
5102,42.91593891730215,42.775912804594824,41.573599348862054,40.69682754015648,35.61271101775653,42.37183098468484,44.329468322824866,0.14135294055227166
5103,42.908927103425626,42.6504155404789,40.488866505098095,40.30580340768985,14.647406310199568,41.96591196471111,44.320871615755884,0.1411944512330257
5104,42.91197047066486,42.76769979464577,41.08916255278296,40.617515147359995,26.967159868571446,42.11089749290433,44.32391498299512,0.14119445123302568
5105,42.908864556676704,42.75258795619628,40.726243968013826,40.29229321241238,4.092777435458181,42.28592760321871,44.32080906900696,0.14119445123302574
5106,42.905965387275565,42.82192201589624,41.26951473571369,40.39610395445423,32.991885465806426,42.17641897184583,44.31790989960582,0.14119445123302551
5107,42.90226293571216,42.63209393836842,41.32331090273687,40.35933281919615,32.88910805480354,42.05937852062634,44.31420744804242,0.14119445123302568
5108,42.90928839232017,42.783205487576105,40.981071163130615,40.59940635717978,24.731304602036836,41.94063314163381,44.32123290465043,0.14119445123302568
5109,42.89568686514866,42.79116314259342,41.13286177640767,40.88017585244559,10.510906464668793,42.17561309907102,44.30814713147643,0.14124602663277697
5110,42.9171455827222,42.75185587409277,40.95363054757532,40.498156332171106,17.875683645638656,42.17679792088265,44.32960584904997,0.14124602663277697
5111,42.9466939267633,42.66692474908515,40.88870623856877,39.925304934387896,31.468858148181205,41.82745904355759,44.34572654347969,0.13990326167163908
5112,42.89956643832021,42.78495419712625,40.57708002063905,40.63575225520933,14.664989151404043,41.95857208297895,44.2985990550366,0.13990326167163916
5113,42.931232450738136,42.76240152609162,40.96654569623106,40.344163924432166,17.915215696694602,42.07313148746624,44.323801190963636,0.13925687402254983
5114,42.913039170558406,42.83746229891773,40.94840890502106,40.258959888061,26.409312887336586,42.288111673893425,44.305607910783905,0.13925687402254977
5115,42.94408633703455,42.82097637710086,41.35988853376555,40.86140273185037,22.91550323325706,42.251556415168025,44.33665507726005,0.13925687402254983
5116,42.91286651548993,42.738627876796095,40.99516410959312,40.373686289195625,26.208041931286623,42.10465138470494,44.30543525571543,0.13925687402254977
5117,42.90938855625039,42.8071851772461,41.22738990113705,40.321514815873826,31.155594919306196,42.19248206495027,44.30195729647589,0.13925687402254983
5118,42.925138960787294,42.82235785107556,41.25458892333456,40.92840743785027,24.49625272928737,42.19961200551071,44.31770770101279,0.1392568740225497
5119,42.92166040970357,42.83584409189754,41.102242891371034,40.76578010627993,21.86368991436811,42.29917578087671,44.31422914992907,0.13925687402254988
5120,42.92151936511797,42.75862356954565,41.048159616162415,40.30530078396906,25.658969841792725,42.13671874788771,44.31443425870724,0.13929148935892624
5121,42.92756832095853,42.792494469170286,41.08510129338713,40.54947423135472,19.454603994783337,42.318899645530834,44.32048321454779,0.13929148935892646
5122,42.92234876940084,42.80523688547052,41.18565148364361,40.11511348712339,29.34029099965104,42.121328336868594,44.31449714787045,0.13921483784696065
5123,42.909387815116204,42.70138916614666,41.267874333712065,40.2622049216195,34.723907876337925,41.81748246840309,44.30153619358581,0.13921483784696062
5124,42.921954914437386,42.793826569799464,41.49007642042599,41.1271754827794,30.718182120241778,42.340524560241256,44.34852600757768,0.14265710931402992
5125,42.898506493212736,42.79838865602329,40.86072592454786,39.84430810289522,27.503148108550956,42.193892976787716,44.330024415800594,0.14315179225878572
5126,42.88902720691041,42.76785273586283,41.06657520980696,40.2937541570185,28.232100226950074,42.14106799249749,44.32054512949827,0.1431517922587857
5127,42.885802677341346,42.71750196925866,40.25445028947039,39.10457951147956,22.43716757606481,41.72429367730395,44.317320599929204,0.1431517922587857
5128,42.91292451932074,42.79227197973869,41.136527736403636,40.37168219440895,26.273433478009526,42.49471475238561,44.345321010999804,0.14323964916790644
5129,42.89460791103542,42.776540280972156,40.826714910330644,40.48560193582484,14.678328194089232,42.051641456738494,44.327004402714486,0.14323964916790635
5130,42.897505243945936,42.798182620358965,41.183868055083934,41.07385221731815,12.871559933691504,42.516832060099276,44.329901735625,0.14323964916790638
5131,42.87582073718918,42.743428082428835,41.080873771335554,40.30316323499912,27.34793779298671,42.18606597324924,44.308217228868244,0.14323964916790652
5132,42.91314407841564,42.79664156742931,40.71723788259703,39.75366596436339,10.022418750959986,41.95297843754468,44.345540570094705,0.14323964916790652
5133,42.881567260611135,42.79740406244699,41.21774341288087,40.255380229863725,31.37565032497315,42.20007232194234,44.3139637522902,0.14323964916790644
5134,42.8908092501584,42.639605948991,41.002091094507605,40.18579131860962,28.852761075561865,41.88661501497916,44.31718014597672,0.14263708958183208
5135,42.87894641830246,42.78145179080722,41.17518055266894,40.87776580479496,18.306911395648417,42.30775282670756,44.305317314120785,0.1426370895818321
5136,42.88072400949709,42.712472596603746,40.87527678072736,39.88360367980865,23.11134457897564,41.936199066657885,44.30867784152657,0.14279538320294774
5137,42.92694824699902,42.79260869245892,40.84457606596258,40.915431593192224,18.213016672007114,42.39881445000648,44.35490207902849,0.14279538320294766
5138,42.87414442338482,42.77428027897797,41.116556549124525,40.06314184662172,33.3325522605598,42.15172283809021,44.30209825541429,0.14279538320294766
5139,42.865685061585104,42.70849761577859,40.71031555441217,40.495367490524195,17.530502970653323,42.03651615060794,44.317742936172486,0.14520578745873852
5140,42.93152569237082,42.76951969728144,41.13841479252159,40.51471403299086,22.386350392624642,42.13179235894968,44.38957622668834,0.14580505343175218
5141,42.91246913059055,42.83938685660081,41.16979948071897,40.9437594734002,5.290895207587461,42.41649951493801,44.37051966490807,0.14580505343175212
5142,42.91567765997647,42.79977873102113,41.007548743107016,40.358783967871915,11.731413869538493,42.08251099061357,44.37372819429399,0.14580505343175218
5143,42.9334176839952,42.786890641105416,41.119058057869566,40.58841268871983,26.72431508572258,42.1187012054282,44.38890201623024,0.1455484332235039
5144,42.88249796831467,42.72410615178913,41.200381978907586,40.347615598247735,31.082409590553603,42.169446790195536,44.30510840249793,0.14226104341832593
5145,42.960422191833516,42.850291134241886,41.11642237674594,40.595835848912756,14.574486394122253,42.32887246781756,44.38303262601678,0.14226104341832596
5146,42.925976104134016,42.75781737927186,40.86534481723108,40.32845549699988,-13.405691896745608,42.34001582504709,44.34858653831728,0.14226104341832593
5147,42.93414703678984,42.85456372773921,41.07261665601237,40.555234573398785,23.821316053974584,42.10651392525803,44.34881418862585,0.14146671518360163
5148,42.943512189060954,42.71423883024906,40.957041263462386,40.12994353073846,25.547636602354586,42.14411962634129,44.364204936757716,0.1420692747696759
5149,42.93148972570205,42.730043608879974,41.19293842178153,40.49885670347721,25.56094393410824,41.82159081745618,44.35192543382053,0.1420435708118482
5150,42.95575043663356,42.823673035377254,41.221963226241385,40.816632807983964,29.025849932775774,42.24079979078791,44.37618614475204,0.14204357081184826
5151,42.97160536256188,42.79159947162221,40.9911321916413,40.27748357152956,29.745495742005172,42.055249717979294,44.392041070680364,0.1420435708118485
5152,42.947570137006984,42.75897034316063,40.993766385547694,40.811236809115236,21.83028174614711,42.17367482816459,44.36800584512547,0.1420435708118483
5153,42.9373379881178,42.76230039648137,41.07200295823193,40.04165265121962,27.90569367286104,42.10888783013292,44.35777369623628,0.14204357081184818
5154,42.92611102865302,42.71957167965041,41.185273088121455,40.19975389798347,30.46431734730382,42.16809582930881,44.331426387383544,0.14053153587305284
5155,42.97587811455609,42.86114269519055,41.2242667075473,40.87080089840319,19.515779036881053,42.36669012453484,44.381193473286615,0.14053153587305275
5156,42.95153839867399,42.84250343901017,41.24426859898038,40.52955269379162,27.21606074349521,42.127099208939576,44.356853757404515,0.14053153587305292
5157,42.9563069829697,42.862372481965586,41.09186694580481,40.06855431304883,31.777256642315315,42.12330631627667,44.362771568276905,0.14064645853072047
5158,42.97753659753317,42.80086935023911,41.16578749291702,40.623637574994746,26.483116111092382,42.34158728890695,44.39078949700354,0.14132528994703725
5159,42.956110633619325,42.74827826539065,41.00113104058573,40.101360609559336,28.81266923774896,42.116537856704866,44.3693635330897,0.1413252899470373
5160,42.95902534931051,42.863730347796306,41.22749222582359,40.637303180269235,27.873424535702792,42.309801135496684,44.37227824878088,0.14132528994703725
5161,42.964876189779055,42.84688081453821,41.57728522840691,41.169196300210984,31.52732199925687,42.426090829004494,44.37812908924943,0.1413252899470374
5162,42.95582878165987,42.83312229522179,40.83937658631485,39.71368206918498,14.718436358596712,41.9073720213601,44.36908168113024,0.14132528994703727
5163,42.95884622757292,42.86229611951464,41.51897550676088,40.91416444556771,30.166508361007153,42.106355109525204,44.37209912704329,0.14132528994703736
