generation,fittest,upper_quartile,mean,lower_quartile,least_fit,median,coverage,collisions
0,-729.1511608699512,-1228.0002733675847,-1542.3879306656966,-1728.336145426049,-3541.2117343458267,-1493.800305345102,27.4882539990568,75.66394148690081
1,-661.3563859647512,-727.2283176404044,-730.6930302993328,-735.3683332762214,-792.7345325409636,-729.4094127813344,27.500801872992653,68.88571878377438
2,-627.043274983494,-658.9830256159024,-663.2761558445981,-666.4465141690806,-717.8725031896062,-661.3780943345348,27.479044596801465,65.45223195802956
3,-566.0721603831292,-625.7803951631158,-630.5011998462396,-633.0561946584301,-773.0532552125989,-627.3971143768492,24.60321525090339,59.06753756340326
4,-533.2351454173678,-563.7934302855965,-567.9575826159328,-571.1618522845788,-607.893052190328,-566.1946070951083,22.44702390868059,55.568216932604834
5,-515.2094166118541,-531.1607579836149,-536.8391809820142,-537.8072875598929,-613.7186873509354,-533.4953760621725,21.688581701837865,53.68979983136919
6,-474.73078487597564,-513.6246025175792,-518.925764314395,-524.0799962458165,-575.3115606486607,-515.228450274022,19.424748311618682,49.41555331875943
7,-445.8623916375431,-472.3221696815042,-476.0586499301459,-478.120380778634,-520.9416428614995,-474.7464432792319,19.463869060251895,46.5326260697795
8,-417.14264413497654,-443.47855750159994,-448.8411544899227,-452.51227521004495,-492.2361811296002,-446.09229770342927,19.62442752328193,43.676707165825846
9,-395.56590811136397,-415.6700346999246,-418.88239867771205,-420.9947682137345,-457.6440493442873,-417.4578093927907,19.644625674842,41.5210533786206
10,-375.0490691784328,-393.9749559504286,-399.07567384368645,-400.81867852498345,-454.9526073465804,-395.7983830810115,19.594580948008403,39.464365012644116
11,-338.61995522988315,-372.99274485925065,-375.43605556164334,-378.40369051907226,-428.9213045410009,-375.0397178202885,18.10162704185284,35.6721582271736
12,-302.50701104354306,-337.465921669089,-339.9063728313948,-340.85322182926706,-369.9582402443964,-338.6371014659383,18.362209777311907,32.0869220820855
13,-284.16415681745593,-300.9949873273191,-303.69022460824004,-304.324139105497,-337.9602798312863,-302.5145647199266,18.389184708382864,30.25533415258388
14,-272.1696390851889,-282.8310283805174,-285.59903217379957,-286.7907784780119,-321.01363393856536,-284.2088960160987,18.373589691333393,29.054322877652233
15,-258.7231392301856,-271.5545250817323,-273.52974379845824,-273.9099408090608,-310.8033800990569,-272.29657928422296,17.995244158981908,27.67183833891675
16,-245.44549026559235,-258.1790107060279,-259.8671493046484,-261.5691615517168,-290.7883212937113,-258.73401779927485,17.995113077221724,26.34406033428141
17,-234.5931711863717,-244.80369880370102,-247.60478713332236,-248.48734532091228,-277.67164031723104,-245.51131753561486,17.995024401384892,25.25881955877566
18,-219.98196584341517,-233.68206982038825,-235.26930766209838,-236.4051051959344,-262.14645452002236,-234.69532585858963,16.08278497589606,23.606475081931123
19,-208.65765343282402,-219.4540460867419,-222.48083408768954,-223.07554000751801,-254.62387964632435,-220.14387993084645,16.067419330997296,22.47250727638213
20,-202.1666040995035,-207.92605303030672,-210.6192540075819,-210.9119282141849,-238.51485618036634,-208.6638913277376,15.115050008466396,21.72816541079699
21,-194.57199637043777,-201.55221076923263,-204.62594831307277,-205.29214191772235,-237.89959057798288,-202.50969024916225,15.108884936867438,20.96808813073052
22,-186.03945494580725,-194.2186198678379,-196.1988302639574,-196.956961713126,-222.1050729404979,-194.70870859732685,15.11723595566919,20.115669090147644
23,-177.34461487969477,-185.45487728636235,-188.25768145568057,-189.42153260635953,-223.7839920268965,-186.2133257629829,15.22029647721815,19.25649113569129
24,-169.89888119780326,-176.78995416037733,-178.47576137278915,-179.12770913748756,-192.7673640218951,-177.4126041281276,15.210884612051307,18.510976580985457
25,-162.59865311721643,-169.52938881602637,-171.25198138941587,-172.35196535702795,-187.02098052290398,-170.0965696144483,15.239608993266943,17.78382621104834
26,-154.24558176066662,-161.92912051241845,-163.84872028355574,-165.15258660325532,-183.52534856917632,-162.89618566268825,15.2427044936874,16.948828625435404
27,-147.13738983345692,-153.97583234253955,-155.96082349739368,-157.1198190816268,-178.0206467995329,-154.7028828769853,14.205595449947817,16.134298528340473
28,-139.78361232859294,-146.90863123932755,-148.86710361333311,-149.46293570550844,-167.7427618169417,-147.2267392635949,14.221072928190956,15.400468525678388
29,-133.88032059392907,-139.47966162614375,-141.21113471282152,-142.1568446273548,-159.2140699035283,-139.96919845034824,13.30546059832658,14.718578119225565
30,-127.7085727570379,-133.71620130951987,-134.86173138732838,-135.30279393091996,-162.10830362713074,-134.0935818062745,13.305312409502273,14.101388516654017
31,-120.32537282778061,-127.43584855830734,-128.96461951525396,-129.379334203447,-147.55794118358753,-127.96463741244156,12.274684327189322,13.260005715496993
32,-114.47029578264389,-120.21857931425656,-121.38916631902798,-121.96861975843589,-137.67337900796875,-120.59790902263995,10.977320864241888,12.544761664688577
33,-108.26030773954663,-114.14018555622127,-115.17801266588864,-115.72829774441603,-126.28655558302896,-114.55569792802201,10.561195268849646,11.882150300839628
34,-103.96325873432588,-108.0258576105412,-108.89345916761164,-109.34794591389587,-126.91565122825921,-108.27208223188995,10.594543660038557,11.455780239436443
35,-98.1420070263351,-103.74287423491224,-105.0388125929684,-106.16243379692256,-119.50155865911614,-104.0730532815924,10.60675738494891,10.8748764411284
36,-93.62614253214005,-97.90153076776632,-98.83085129818271,-99.44740565892285,-106.78500567877084,-98.2487665218722,9.654686304373875,10.328082883651392
37,-90.35348156592366,-93.54079835020059,-94.59801600685503,-94.80938226500461,-109.66981598494385,-93.94713554188937,9.66345215136882,10.001693371729248
38,-87.34910670016043,-90.15896801757606,-91.09556437772487,-91.81236230150132,-98.98593186789206,-90.43926330175087,9.506293039165572,9.6855399739326
39,-83.52130591776151,-86.96327468332721,-87.94703037926979,-88.63869567657812,-98.48961970052792,-87.42688667931641,9.557099865178046,9.307840578293956
40,-80.02226081740108,-83.45067047761084,-84.28161742383502,-85.02035146881224,-90.36503090178826,-83.60053722107573,9.592495904814749,8.961475672221583
41,-77.40648990211336,-79.93241265174342,-80.83886986948995,-81.11042479152263,-92.05139557111293,-80.14174287417057,9.589557499268452,8.69960474013818
42,-75.10783930002911,-77.34647883053518,-78.34690039814812,-79.10487962696833,-84.59511696607814,-77.60421353976662,9.59270376498643,8.470054306501554
43,-73.2592846731665,-75.0306546985856,-75.63842817296239,-75.98270558795119,-85.21556590892234,-75.14727681224329,9.675330376068596,8.29346150492351
44,-70.51458255059903,-73.05927912349803,-73.76736236231392,-74.00978931298248,-82.48422991840664,-73.3265358648849,9.083479387624303,7.959806193822335
45,-67.87988988661803,-70.30343501548896,-71.29850872979564,-71.35537206320613,-80.54640238914826,-70.59794098167905,8.550317112118654,7.643020699873668
46,-65.07300925830766,-67.8039518621489,-68.7149623235483,-69.1172135235077,-77.29668854568813,-68.000403501048,8.559348102691144,7.363235736099881
47,-63.30824696811827,-64.95721609282057,-65.92743988438464,-65.99309854321888,-75.3974727247401,-65.13249510366467,8.142147354809124,7.145039432292739
48,-61.30393575089416,-63.24917352536233,-63.83335773465537,-64.22021448122621,-68.09472743956431,-63.46172759772355,8.135879261283316,6.943981501217748
49,-59.42087457367845,-61.25724951531404,-61.88136326593597,-62.03184187855011,-68.14775405830646,-61.398072644120234,8.162740820460154,6.758361539413861
50,-56.916149311533026,-59.29650732054286,-60.181039142415855,-60.41458792414863,-71.30715366571329,-59.465988731041875,7.523000675279666,6.44391499868127
51,-55.48449483389764,-56.82609056160645,-57.658586623253626,-58.02527604098494,-64.77292880986725,-57.02644114566989,7.272190303305562,6.275668513720321
52,-53.962994915755196,-55.370136631477976,-55.916126045666836,-56.0247759712384,-60.92402264543573,-55.5549645716349,7.2451358627578974,6.1208130778513095
53,-51.50312011633469,-53.93903180382401,-54.8469306971391,-55.34776499401428,-62.873201686720954,-54.310440188319106,7.25487720623011,5.87579973225648
54,-49.43141517354191,-51.360139437433936,-51.99259479141222,-52.18465984306436,-59.885191998376804,-51.53307653243463,6.88509847141385,5.631651364495576
55,-47.75893503890028,-49.325745914049925,-49.85605446189285,-49.874558750297226,-56.10985901591984,-49.476234235690384,6.421889720525447,5.418082475942573
56,-46.78961568128574,-47.732606309004005,-48.35669199683696,-48.71435871599557,-53.66929691021357,-47.909303662938925,6.197498027620761,5.29871137089065
57,-45.253382389998634,-46.70954008962145,-47.279890726363135,-47.681701399693935,-50.975496911475105,-46.85744140485474,5.930174404097114,5.118355679409575
58,-43.42841881630912,-45.228262723475694,-45.78092840067037,-46.08664972106158,-49.34862215117875,-45.32271597125453,5.6578463662210945,4.908626518253021
59,-41.714809468118716,-43.285280287795885,-44.13011090078955,-44.62244444181907,-50.172685346821574,-43.46313092274894,5.472536420719681,4.71873458888384
60,-39.25620115293441,-41.632890959299715,-42.2207085526209,-42.40857709920671,-47.327603252454765,-41.769543363210445,4.7661751097631875,4.40223762626976
61,-38.369814747266624,-39.25222048702439,-40.13925581480162,-40.826963844097335,-44.492254870682935,-39.54271813049618,4.779704810588691,4.314951955785531
62,-36.742208308638716,-38.254171800059694,-38.65663255629068,-38.91438932727888,-43.162106951483246,-38.38324986143359,4.279838417797948,4.1022046726436665
63,-35.13248330078044,-36.73200924880912,-37.28622605792817,-37.63153585245059,-41.2795040245586,-36.893891388145676,4.29023834183188,3.9422721642612326
64,-33.30013840033965,-35.09684543286913,-35.6840284088373,-35.89409764149092,-40.80081627346802,-35.28804089756676,4.052198677456848,3.73523370777965
65,-32.21625424848838,-33.25855512558212,-33.707528013930975,-33.91999685914984,-38.5444761541051,-33.44924022404949,4.123251956163557,3.6339506204651943
66,-30.95042007020882,-32.085690086092484,-32.66172309881568,-32.97498839314029,-36.92221959544772,-32.25018294249295,4.117195941316291,3.5067616011525113
67,-30.056697101179214,-30.92380237396148,-31.541148514387675,-31.859898343989975,-35.61280186626266,-31.130687739818175,3.9104329456021767,3.396713004678139
68,-29.280455852857756,-30.00255867118492,-30.475862922364854,-30.506129091882173,-34.897845164647464,-30.106927498633464,3.9074945400558656,3.318795039291362
69,-28.218968033558156,-29.282500348929023,-29.798830430932547,-30.08416802550476,-33.44179878770751,-29.401230913287485,3.800731272199046,3.2019699305757197
70,-26.869292727149816,-28.176284365308256,-28.682866723236113,-28.639581442848538,-32.473912648670385,-28.265205504168176,3.6533097501571903,3.052260247730701
71,-26.177899881931108,-26.78012951757843,-27.332414254528306,-27.401120835974126,-32.240222708704515,-26.9172398918429,3.4737041512242706,2.965160403315538
72,-24.96541471067325,-26.145977879286097,-26.73178231932016,-26.90510241820549,-31.552165446819913,-26.250018287573294,3.2992640022299735,2.826467871290322
73,-24.187326899413264,-24.896103264937963,-25.42811669608773,-25.464652290730825,-29.64925814397847,-25.05424757971708,3.2992640022299713,2.7486590901643235
74,-22.999061491060047,-24.173269121405973,-24.67411296154538,-24.725517354760843,-27.823182273327873,-24.241876486890632,3.2992640022299757,2.6298325493290022
75,-22.210927196426272,-22.976248302594,-23.47741208054584,-23.627422564709317,-26.8157789686969,-23.094329700307444,3.2992640022299713,2.5510191198656242
76,-21.48068337620286,-22.171182764079017,-22.79431604356316,-22.86926506776652,-30.004062516875017,-22.309616683106796,3.299574577294704,2.4780257953497564
77,-20.660944411393068,-21.439712286787138,-21.934473465845375,-21.963384341926716,-25.62068894646812,-21.54769000892896,3.164861127914852,2.382580553930792
78,-19.972072467300848,-20.653133022285065,-21.090052412950065,-21.174248178554265,-23.862303586992052,-20.740967708209496,3.1617435186139016,2.313381598591475
79,-19.249215264128402,-19.95933848536716,-20.43480657725544,-20.610802068820078,-24.079846239318695,-20.117454932278957,2.9788647953910306,2.222808005951943
80,-18.139103561203996,-19.145661391996136,-19.504769256443392,-19.5347499327369,-23.503420044520837,-19.254924314764814,2.8736264994157086,2.1012730060619704
81,-17.41686936929169,-18.109619619265885,-18.530902650897314,-18.508201504083406,-21.627887059490938,-18.19153192301628,2.8706880938693917,2.0287557463161083
82,-16.913115067824652,-17.395117034930372,-17.82775116803845,-17.94306069323018,-22.246100805033194,-17.47220159706373,2.8346177833188797,1.9747732851143533
83,-16.13366712999484,-16.89726347659001,-17.471781336431704,-17.85139843470344,-20.5893180880417,-17.046039805986844,2.864055302195593,1.8997722432190431
84,-15.487815494457628,-16.130850548067155,-16.57730295165495,-16.793213495453394,-19.642384752210894,-16.214418073969696,2.864854213961441,1.835266970841907
85,-14.971161160958594,-15.482115533237733,-16.00495237971085,-16.11574526878622,-20.069525706568474,-15.541717669397363,2.808541560442101,1.7779702721400694
86,-14.403620131724626,-14.962647158467606,-15.326176527585412,-15.292812611354536,-17.688324275749874,-15.006939212274801,2.808541560442101,1.7212161692166728
87,-13.758007413494683,-14.388619554711546,-14.895569164172542,-15.202331781702183,-17.793502177731867,-14.511207146249903,2.7803313309057445,1.6538338744400427
88,-13.378022299577186,-13.756678606152619,-14.07392054602807,-14.214640679061695,-16.64313270339239,-13.798347543395,2.7216817034310945,1.6099704003008282
89,-12.72362549894271,-13.370880843930625,-13.791376973980814,-13.89830620063492,-16.96103133825716,-13.44660119638568,2.767274630837037,1.5490900129779746
90,-12.29891337275773,-12.72068709339642,-13.087507657236834,-13.2094031477552,-15.473670560649479,-12.8308412897601,2.8828309113903487,1.5181744284148078
91,-11.870903992531293,-12.292857357910457,-12.705404716809102,-12.929883343463406,-15.898789703766901,-12.388518454472061,2.811482537498985,1.4682386530030278
92,-11.415866687879465,-11.867786383230325,-12.171202175437852,-12.24334886351738,-14.223018767077463,-11.948110048919197,2.776951025960308,1.4192817713839774
93,-10.851645208125765,-11.401366229955588,-11.804094618122628,-12.058460793498675,-14.029728469397998,-11.47804015103899,2.77695102596031,1.3628596234086074
94,-10.565124615949443,-10.842768098245223,-11.212301863094948,-11.263891545388391,-15.55507680461331,-10.981998765399194,2.642593738251981,1.3207718354201425
95,-10.126961267276993,-10.558338477714715,-10.877729736731865,-10.917483626119036,-14.197845735422343,-10.63138131882555,2.5482568075862453,1.267521807486324
96,-9.808491426224874,-10.123843657976009,-10.546649738043628,-10.703781563581831,-13.118409318159838,-10.227912861555573,2.5740155242762257,1.23825069505011
97,-9.528158576200196,-9.808220668350003,-10.12129042316616,-10.154553949792966,-13.183581476318107,-9.8809379227165,2.517764530917924,1.2045923107118122
98,-9.277685954567378,-9.52522017065389,-9.824918492693552,-9.936191720364254,-12.268146731290944,-9.610393174355615,2.456215137320277,1.1733901091887655
99,-8.647089905945538,-9.277685954567376,-9.62795423594723,-9.65449435565785,-12.007713320372378,-9.377811881360024,2.4599223283178473,1.1107012234263387
100,-8.360191571161824,-8.635818216746758,-9.046869658176185,-9.082470676760751,-11.588499228032806,-8.743193332628103,2.4568047190168953,1.081699629017872
101,-8.140766880605973,-8.358424929131797,-8.669206394571466,-8.68970875301867,-11.32550829688641,-8.4369949676644,2.372225712361444,1.0512992592967416
102,-7.834534180584347,-8.137828475059662,-8.51061522462019,-8.506333841382123,-12.552314949480165,-8.186482250842495,2.324937155151529,1.0159471335735877
103,-7.485700374164978,-7.819925141571157,-8.146971641098322,-8.26951856749145,-9.875127302643394,-7.93226695447484,2.273781415037893,0.9759481789202872
104,-7.247366149593125,-7.488817983465949,-7.849193656729626,-7.78787448886532,-10.435575347583274,-7.579768619748004,2.2081883443447694,0.9455554493937894
105,-6.769812682587841,-7.238290110303895,-7.549547737991065,-7.555700482426198,-9.869921376718425,-7.325968529705575,2.082778293617367,0.8852590976205209
106,-6.451017434610565,-6.765542497288647,-7.107619290363595,-7.189148699797419,-9.144881833404986,-6.870523583219891,2.115494805352652,0.8566512239963218
107,-6.196189207248285,-6.453321363961242,-6.868806890671515,-6.943342822531532,-10.562478815250843,-6.569647756053898,2.039303022460953,0.8235492229709238
108,-6.035078617749341,-6.2007963709586615,-6.52708377118138,-6.590631606313875,-8.445711161671769,-6.269055695400768,2.022397034511724,0.8057475652261066
109,-5.829702988054702,-6.036366867301034,-6.300377233283435,-6.296113844825316,-10.440371778427924,-6.111608683679425,2.033953225347797,0.78636562134025
110,-5.641552227163482,-5.832820597355661,-6.153129615788531,-6.174075684281391,-8.323980399736968,-5.907992570335165,2.027897210500532,0.7669449437664013
111,-5.29157791621232,-5.638613821617181,-5.999341211196163,-6.062907870444462,-9.40266968898645,-5.757197588776032,2.007031998456242,0.7298609914668562
112,-4.999255536883542,-5.291577916212301,-5.60293797287649,-5.594606847436155,-7.706948302454571,-5.355024025986183,1.9292074936583088,0.692846303054185
113,-4.752899615876077,-4.992196981626653,-5.297514290394198,-5.2912077631512355,-8.076187241089157,-5.049870722559875,1.8486684528775248,0.6601568068753602
114,-4.274633594624131,-4.752899615876091,-5.016385209360049,-5.0822987751854996,-7.5502943790395625,-4.8395388812256925,1.7347924027601187,0.600942599738425
115,-4.092556908096769,-4.277751203925095,-4.5529871867496725,-4.552223113468056,-6.599670612663032,-4.364346927448098,1.6319650371531482,0.5724521945249917
116,-3.81605226856429,-4.0894392987958135,-4.3316800328592215,-4.397599213645768,-6.4130665231292205,-4.161126445826907,1.6167035373468923,0.5432755805911182
117,-3.652139670215738,-3.817151073508579,-4.135985923188195,-4.152879969886748,-6.472589336983651,-3.8877957729321446,1.61670353734689,0.5268843207562628
118,-3.464165910418097,-3.6521396702157385,-3.915347968694989,-3.950516724896765,-6.403314668046167,-3.7247910309705503,1.588012751737284,0.5052178662155381
119,-3.351723897592755,-3.467283519719056,-3.8288826559003475,-4.017947266508786,-6.02853851630938,-3.5584212488839837,1.5848951424363293,0.49366190400290844
120,-3.0815320786143596,-3.3517238975927572,-3.6397547118874347,-3.6498671092721597,-7.007372922288193,-3.4099078847367474,1.542500984215829,0.4624033062830189
121,-2.914169358610955,-3.0877924235316234,-3.362870065544846,-3.46846363277338,-5.088286926972168,-3.174763078341546,1.4096988309183671,0.43238681895293224
122,-2.8231689153456903,-2.9141693586109616,-3.1421441455567347,-3.26046660417855,-4.773872262845247,-2.953258536043271,1.3963315942198808,0.4219500509565571
123,-2.6694854858209696,-2.8231689153456867,-3.1316567445647214,-3.2400700514286247,-5.52619100730716,-2.8574690759182344,1.3932056243651902,0.406269111018616
124,-2.464673192284287,-2.65222815380508,-2.8514904629291995,-2.8491399343865256,-5.743860388712482,-2.688151404360804,1.3828064482522442,0.38474796405365314
125,-2.3740265747710394,-2.4677908015852443,-2.775612469186209,-2.794842962473523,-5.661440036135227,-2.5425017352808603,1.357358270473328,0.3731384845244367
126,-2.2142489921562203,-2.3771441840719927,-2.7320774156698997,-2.8186040466421134,-5.727046886920567,-2.485843974177018,1.351114691317683,0.35653636834739033
127,-2.1100878453210963,-2.2113368185104703,-2.4981728492329105,-2.579825964108094,-4.786272244921531,-2.2774074799093174,1.3027195246730359,0.3412807369994132
128,-1.91929293072369,-2.1100878453210923,-2.2581193792333796,-2.258463568175686,-4.061488704114127,-2.148777169437649,1.1809432645865197,0.310023619531021
129,-1.7685573299264326,-1.9255286699612175,-2.1604437932886973,-2.130543765469163,-5.556881382588772,-1.9791389413611058,1.1817750283576227,0.2950332358284055
130,-1.552373763447997,-1.7716749392273854,-2.003444853720981,-1.9702933512505976,-3.824132500709765,-1.8072718897572195,1.065228446601468,0.2617602210049465
131,-1.440326743621726,-1.5529188417206041,-1.8058378315438133,-1.8268622069665112,-3.6392155620547957,-1.6111466720518,1.0652284466014688,0.2505555190223195
132,-1.3447012311131739,-1.4434443529226815,-1.7473515425917854,-1.8295134695733504,-3.5538898763073643,-1.5073191530017902,1.0400606856097514,0.23847619167229253
133,-1.2313338977456048,-1.350229247122755,-1.6057419890625726,-1.7418239903791282,-3.329927436492005,-1.4260369362345342,1.0943217398001859,0.23256556375457907
134,-1.131077917673507,-1.2344515070465572,-1.4449255988389302,-1.4508678040567098,-3.129588197967219,-1.266345093397881,1.073893468399967,0.2204971386073474
135,-1.0372141811040527,-1.130329397762121,-1.3591515186244099,-1.3541331037819455,-3.0902485664799757,-1.1604187772959436,1.073893468399966,0.21111076495040185
136,-0.9302910382386722,-1.0340965718031014,-1.2641470462294866,-1.290589035561147,-3.576119447424923,-1.0643970553583693,1.073893468399966,0.20041845066386382
137,-0.8464211564355202,-0.9343272622891885,-1.2053447698848638,-1.275814870652457,-3.2693336658812218,-1.0108040347869938,1.0538676500743211,0.19002888065098414
138,-0.8123618055152657,-0.8495387657364748,-1.0321914232276619,-1.0689053552353556,-2.479012439515775,-0.8912325408843794,1.0267578512799087,0.18391196567951745
139,-0.7470910816602399,-0.8133850985075466,-0.9986212046863824,-0.997910409650129,-2.6552168825466334,-0.8710880943512361,1.0364698682375917,0.17835609498978316
140,-0.6722164021489343,-0.7500798660060253,-0.9222536434358297,-0.9399511011916011,-2.754270760985465,-0.7827558143105682,1.0333522589366417,0.1705568661085576
141,-0.5809282582490565,-0.674278100086497,-0.8860555960484975,-0.9031350530473035,-2.0519726867022703,-0.7522262507462668,1.0364698682375928,0.16173981264866494
142,-0.5233463550583144,-0.5932078371843517,-0.7872903839129293,-0.834233694457676,-2.582968232497875,-0.6466345708330127,1.0374624423976837,0.1560808797455998
143,-0.47027419674484716,-0.522805244860749,-0.7307935968319309,-0.744531470696165,-2.1927742848506195,-0.5869633224800003,1.0457275984123997,0.1516001795157247
144,-0.41655866854007195,-0.47456364087848435,-0.7438227963191745,-0.7511582186656733,-2.5736595071282498,-0.5330307409286451,1.0457275984124006,0.14622862669524725
145,-0.3540918411208207,-0.4208012076343832,-0.6080838293244754,-0.6330822904891391,-1.883364379641486,-0.484053306310415,1.0162772673089326,0.13703691084297534
146,-0.29879973779266367,-0.36373395744860737,-0.5837996281005872,-0.6142666336320215,-2.2776960200720042,-0.45221202236767266,1.0193948766098853,0.1318194614402549
147,-0.23509134090636752,-0.30191734709361495,-0.45773310838130776,-0.492197131237873,-1.4356820888612016,-0.3524594401522019,1.019394876609885,0.12544862175162524
148,-0.18856133997135993,-0.23651070655485862,-0.43571794274615205,-0.44898653506693,-1.7618721946742457,-0.31120127738055836,1.046412046992562,0.12349733869639218
149,-0.14507475157242422,-0.19167894927231344,-0.45283291314475943,-0.41533496329304675,-3.147115665566878,-0.2577701742606562,1.0439487757653596,0.11890235273377837
150,-0.09941465690133278,-0.14819236087337773,-0.3538884533111953,-0.37547723276895173,-1.905443698618785,-0.21266262743413689,1.0731990105548683,0.1172613667456201
151,-0.05812820794349549,-0.1036785251631549,-0.3147804928889859,-0.37358932133976497,-1.5978451924053725,-0.1749269315487354,1.0739920753101495,0.1132120283253645
152,0.009467425217572378,-0.05802587864426667,-0.2769782424410957,-0.32705640209194153,-2.0851209310755756,-0.09132237712325308,1.0771096846111041,0.10676422593935317
153,0.05222318758662858,0.0063498159166173185,-0.23514870361790885,-0.22389282854656978,-2.7178892866240134,-0.04519441666575097,1.1044213556623308,0.10521981680757023
154,0.12013225928233018,0.05222318758662858,-0.09672643187817752,-0.15383708579017763,-1.0243017221802067,-0.005194834282405969,1.2285753225550682,0.1108443063272738
155,0.17386305888775033,0.12013225928232885,-0.032904410949664495,-0.00889444994541777,-1.5096969126730184,0.08533070393180908,1.2285753225550669,0.10547122636673165
156,0.24471306123701686,0.16439141407076363,-0.018820395869524623,-0.015221924626052763,-1.4381765358129026,0.1095960333267828,1.201038647584702,0.09563255863476851
157,0.2825170259681691,0.24252529961306668,0.09317757286328146,0.06008795373733067,-1.2573906469592238,0.1923597459387848,1.2041562568856545,0.09216392309174855
158,0.3244863135193612,0.27380739006860766,0.10802504573421508,0.10277657303081833,-1.2161442826804438,0.22368813363933387,1.201038647584702,0.08765523340653407
159,0.36409424699011184,0.32246609560986506,0.12955258106593157,0.11556407914384925,-1.438650327792168,0.2698185047406665,1.2415842804386632,0.08774900334485514
160,0.4110157722063277,0.35422748649285374,0.14277267388389855,0.0821996088507031,-1.0621680620947322,0.31567525181862616,1.2415842804386634,0.08305685082323358
161,0.4316613698191576,0.40789816290537484,0.21557887470265705,0.20197005945818858,-1.5474181658226174,0.35976536375627427,1.2384666711377115,0.08068053013185539
162,0.45851944016343316,0.41962596422885,0.22571357038586984,0.19561539552048024,-1.4316956389826285,0.34298392834120667,1.2603802261756591,0.0801860786012226
163,0.4770785400470572,0.45060856613359135,0.24972380112660703,0.24616204518068696,-1.3585037979229089,0.39329622038024153,1.238549012499719,0.07614704724526618
164,0.5049806624470121,0.4713844316427187,0.28702323014291437,0.2854484838838073,-1.1560965892515658,0.421258768964707,1.2385490124997205,0.07335683500527083
165,0.5316269896068959,0.49955957749750113,0.34852688527834946,0.37712163842700674,-1.0805677768717008,0.46777949477449665,1.254582800424632,0.07229558108177361
166,0.5703635738007943,0.5201845553553271,0.30521639510111587,0.27238752313423276,-1.8084178806967688,0.46938290257760673,1.2993066688361137,0.07289430950353194
167,0.5832685719343935,0.5559991141343184,0.3830031849188781,0.39517251017599797,-0.9819099298419587,0.5121349726833273,1.2993066688361128,0.07160380969017192
168,0.5934945316791886,0.5793576923858,0.4060987613175808,0.3447492542368491,-1.0555895808199833,0.5369807714884968,1.3045647149660085,0.07110701832868198
169,0.6320186278046624,0.5903769223782336,0.4042684640583367,0.39922773707483294,-0.8956199329939203,0.5496390469826617,1.3219452145185373,0.06899265867138749
170,0.655298048454975,0.6223220579444798,0.44012215419324585,0.4270514136042638,-0.6743563201517908,0.5647430694796021,1.3188276052175858,0.06635295567626108
171,0.6752986287990799,0.6552980484549775,0.5236462176854011,0.5433445937445405,-0.7753302037148768,0.6246399558599627,1.3219452145185389,0.0646646585719459
172,0.6894748222377516,0.6657536423471707,0.4818202097697247,0.4572467990868124,-1.0275559171866384,0.6117276150506361,1.3188276052175842,0.06293527829798326
173,0.7129901650805848,0.6894748222377509,0.5255085687512481,0.5284792805638585,-1.8287225526653028,0.662170628288629,1.3188276052175842,0.060583744013699946
174,0.7432392777320428,0.708694671968531,0.49863265810177293,0.4637218234647873,-0.8611186571913525,0.6651708484698612,1.3219452145185375,0.057870593678649475
175,0.7492424048343812,0.7378753306377642,0.4617707620130193,0.3342578729236605,-0.9710783930673628,0.676694721057131,1.3219452145185404,0.05727028096841592
176,0.7641999671193902,0.7364934760951145,0.54917321843056,0.5250164129472864,-0.8980948762562839,0.6766259975693043,1.3188276052175858,0.05546276380981956
177,0.8485106442015733,0.7625312754971174,0.6029353109869893,0.5660650942361423,-1.3865224363162185,0.7190706946518409,1.3219452145185373,0.047343457031696394
178,0.8835452727271401,0.8453930349006199,0.6896907658008573,0.7023633591840995,-0.9350309747632055,0.8051263930067442,1.3544058281844467,0.04708605554573066
179,0.8936313500775328,0.8720167586545378,0.6882683743618294,0.6802278932863929,-1.3254859287108194,0.8298493180918383,1.3512882188834958,0.045765686880596304
180,0.9043623272334651,0.8936313500775321,0.6800938727556158,0.6910516731891159,-0.8388443780786332,0.8500880807,1.354405828184449,0.04500435009509841
181,0.9224771526117689,0.9012447179325109,0.7230247593237347,0.7039103641642152,-0.4172552003050485,0.858903845099504,1.3772815631477218,0.04548044105359529
182,0.9359236488302974,0.9120394092888522,0.7015817764680736,0.6807941348012292,-1.1963050515142903,0.8666782751649242,1.4081769889552624,0.0472253340124965
183,0.9751501279947449,0.9314762327692376,0.7096508509697637,0.7054179703514247,-0.5361991118215861,0.8696271328118788,1.4599104248242145,0.04847602968294697
184,0.9894057566202585,0.9675927470871166,0.7513587703422062,0.7808495417070436,-1.016990389536888,0.9164297124742773,1.4630280341251678,0.04736222775049093
185,0.9989793733881387,0.9849726984637008,0.8305077648937034,0.8547841730105201,-0.5046659220959315,0.9318203485203691,1.461296626645598,0.04623172532574593
186,1.024566026173819,0.9880365277649759,0.815661450552504,0.8117470061777483,-1.1919816461778632,0.9400490404431643,1.5085993464657268,0.04840333202919078
187,1.0649301423620616,1.0154020271046327,0.8585603512034723,0.848686683860898,-0.8578208713956759,0.9697797747239298,1.635651639704754,0.057072149734269245
188,1.0981020734832128,1.0591955827016888,0.9008933248902915,0.8987655128891461,-0.10275292646211565,1.0198349447731254,1.6356516397047545,0.05375495662215418
189,1.1057573075836133,1.090023670503252,0.9218847874531995,0.8592824555465104,-0.5085547131215242,1.0372167991207295,1.6588323244530923,0.055307501686947876
190,1.1207838904317469,1.0927811227985378,0.8965579106904678,0.8685471515424045,-0.6305118716802554,1.0448970303487242,1.6996940847799744,0.05789101943482277
191,1.1277022001409351,1.1133033806982835,0.9440730965980981,0.9237226740685365,-0.5416834316522374,1.068961385846256,1.6996940847799735,0.05719918846390384
192,1.1371036250610866,1.118403999974955,0.9387743874456729,0.9466799913523934,-0.9977107524268125,1.0657500995412295,1.7091804809539062,0.05720768558928195
193,1.1450682874770566,1.1187668137149487,0.9622283015875434,0.923077084086803,-0.3684306384326077,1.074199562661746,1.7060628716529507,0.0560994584175894
194,1.172139424170608,1.1306659714291976,0.9512311277572015,0.9131445078483713,-0.3539788341980157,1.0781041412934993,1.70606287165295,0.053392344748234205
195,1.189268101609038,1.16000520970629,0.9775652718871836,0.9776030297337498,-1.1108601209368123,1.1105982477291458,1.7091804809539057,0.05199123793448676
196,1.2200242222882998,1.1803555922276994,1.0024073801757367,1.007330901510088,-1.3772943385517995,1.1481685157307209,1.7361534271628973,0.05161292048745977
197,1.290977649610657,1.1960425398530221,0.9823316912704566,0.9276852203406393,-0.7840434660818323,1.1482510082068365,1.855192245766104,0.05642145961554469
198,1.309149322833284,1.2821056409363343,1.0744439859454207,1.0749957889079433,-1.3418036829184778,1.2320852658909054,1.852074636465149,0.0542925313631865
199,1.3306337811847586,1.302354429765686,1.0572072996745716,0.9421132250699383,-1.4628542483814928,1.2487491788564504,1.8551922457661034,0.05245584645813448
200,1.3387996048983442,1.3223161434737314,1.128448701383507,1.1433546556887024,-0.45521173434571693,1.2750153825739647,1.8551922457661034,0.051639264086775924
201,1.3541109678351728,1.330586247413654,1.1230572991039756,1.069655755355462,0.06639361182762826,1.2875333751689184,1.8551922457661025,0.05010812779309297
202,1.3741161275916567,1.3422367659697891,1.1211307711576672,1.0936387391070799,-0.35926100037249364,1.2932604713502556,1.8615168010864396,0.0487400673494783
203,1.405621414437848,1.3703470843535577,1.1878170839244055,1.215060965471154,-0.5518491648575772,1.3297255603200255,1.8615168010864414,0.045589538664859326
204,1.4060647643913602,1.3847210110365054,1.2426479788194011,1.2307261635702664,-0.0967596548199916,1.3307786258934367,1.8615168010864411,0.04554520366950808
205,1.4116803583692945,1.387029686829846,1.1687555770391242,1.0962515945313127,0.01438571545029621,1.3390609090397376,1.858399191785487,0.04467188334161925
206,1.4240336179215292,1.4005046180649257,1.2131002780940139,1.1918150114906685,-0.21287779503366444,1.3384072015898885,1.8617566843783433,0.04377230664568142
207,1.4934740344756294,1.4104037989632634,1.1781969770115752,1.1038893919240857,-0.5781133867424497,1.3535031361992234,1.9944095166195448,0.05009354821439154
208,1.515869711180688,1.4789382992723699,1.245551490187016,1.289680697701771,-1.2233681990059444,1.4248384464854786,2.030631580961174,0.05147618697804858
209,1.555434648779692,1.5069190084886135,1.2719553407435804,1.2456445542376278,-0.5026063601362987,1.4375811850133446,2.0306315809611735,0.04751969321814815
210,1.5659079994883585,1.5489097095240707,1.3955116474948221,1.371938058594651,-0.5761133581017037,1.4955561240262423,2.0337491902621263,0.04678411907737679
211,1.5841910436141888,1.5579491837621635,1.3696368777055068,1.310668297555962,-0.37572603676159533,1.4921509989489175,2.1186196353874447,0.05344285917732558
212,1.664036902439236,1.568396271385921,1.356055413786401,1.338576572984421,-0.18083173291067478,1.4953283735655738,2.3209085889208776,0.06568716864816414
213,1.674227713226668,1.6517025369575453,1.4844995643135777,1.4489156711860618,0.37291049446687774,1.586824482782196,2.32790092923143,0.06536732160047622
214,1.690343334787702,1.6549858417922692,1.466517450712742,1.4455922045592688,-0.6775010512196347,1.5823511932456258,2.3247916179156585,0.06344482831279565
215,1.7119072610906674,1.6649565602606793,1.472216803512889,1.3999601187141566,-0.30699416447162786,1.5995941178638087,2.3216609630320875,0.060975370194141995
216,1.724166103455087,1.691180261762883,1.5132254858306935,1.457772511881203,0.48702246817051575,1.6295927078041683,2.3493122777545765,0.06251461742994895
217,1.7524934428148136,1.6965966414123466,1.5260285496334058,1.4692609420315677,0.5003642128962733,1.631584577967991,2.3461946684536232,0.05937012256388096
218,1.7694531225066714,1.7443717442618674,1.528168709414487,1.514982033802112,-0.17372945282881114,1.6773894773379259,2.369044691185042,0.05995915686783704
219,1.7834275238136588,1.754365213967886,1.523537153066934,1.4771364345799562,0.21510420041345002,1.6935268999313409,2.369023347617257,0.05855958238035985
220,1.789675787998181,1.7706466686430318,1.5792876985441495,1.6180966655122224,-0.012952063580946138,1.715435413501594,2.375271611801779,0.05855958238035981
221,1.821223210344033,1.7768728768757662,1.5722293561351741,1.5155634574408765,0.1765394191632761,1.713748342463468,2.372154002500826,0.0550930792156793
222,1.824655853482317,1.813472266813446,1.611618475150204,1.616590784601252,0.14016866132028527,1.7642965395305719,2.3752716118017734,0.055061575831945646
223,1.8327365734695733,1.8063425181206882,1.579908326769565,1.4869241039405234,0.41322104360856615,1.7272397884441664,2.361016846104916,0.05282802726353429
224,1.8631664085399697,1.8291884395772413,1.5958377952760996,1.5750019985653196,0.056169281239433655,1.7646113899955043,2.3641344554058703,0.05009680468659006
225,1.88697418411305,1.8476196162304368,1.6575581257340393,1.6267257330244171,0.17730886493970432,1.7950714040441633,2.3681688143489876,0.048119463023593746
226,1.9005277106663678,1.8583541190235082,1.6370556200657846,1.560091398148288,0.6575284658027036,1.779599015320642,2.3681688143489876,0.04676411036826197
227,1.9138005495786494,1.867920689448323,1.6423831658832853,1.6133722818543663,-0.35180038297348215,1.7942844187953901,2.365059503033209,0.045125895345455955
228,1.92087286250847,1.9106647184219825,1.7468667002966756,1.7404146533087528,0.4428890297361421,1.8473289462944356,2.3712864236499436,0.04504135611414736
229,1.9311579574863087,1.9060732689558801,1.710482561452409,1.6461856003488844,0.47945168339583866,1.8573619344727543,2.3650595030332133,0.043390154554690454
230,1.959440816136971,1.919205400634083,1.7099009597544457,1.636607093604935,0.5367843430907864,1.8337186874413418,2.392470324566619,0.04330295084296478
231,1.9725677419050354,1.9482625194695742,1.7890714255050257,1.7441158618988102,-0.4035800684018085,1.9054882531410922,2.3977771834934343,0.042520944158839905
232,1.9926701972461114,1.9640850805385255,1.801402669446873,1.7648874366413265,0.6248758251821345,1.8953163464792353,2.397764137910814,0.040509394066470264
233,1.998910163445465,1.9754231003038822,1.7510067173986057,1.7058828253636449,0.028570012559993252,1.892311166045178,2.4040041041101676,0.04050939406647027
234,2.003215429550375,1.9858179716881885,1.7428774821691189,1.7570474606994972,-0.33795426533432904,1.9341397468481043,2.4040041041101605,0.040078867455978565
235,2.033341555700823,1.9849445210196892,1.7831994010726984,1.7842749935467452,0.5597052880615343,1.9300693314162014,2.4302401819341948,0.039689862623337166
236,2.0574912934208394,2.0081966329172456,1.843312949444351,1.8215652800148365,0.6748712755072104,1.9508874359542214,2.464151646993729,0.04066603535728896
237,2.060115037910643,2.035611900718888,1.8541982439593097,1.8312816863177264,0.17669707996701378,1.986157039658153,2.461020992110161,0.04009059541995178
238,2.06687647334191,2.05029075695093,1.8660365654966722,1.8260891786305422,0.2734505935245486,1.9865918021714974,2.464151646993727,0.03972751736518169
239,2.070902052041316,2.038955732725993,1.8610907730717872,1.882119990918794,0.413670675091796,1.9999420153652057,2.468169087699777,0.03972670356584608
240,2.0841465094863194,2.0562416189522974,1.8801571965505994,1.815024481442356,0.6598091507125323,1.9970472442866165,2.486344244079574,0.04021977345932549
241,2.0843603056952715,2.0693738038645524,1.9026213198954598,1.8614230833325247,0.9260202893560838,2.012143839687295,2.486344244079576,0.040198393838430435
242,2.0962313708175624,2.061853486552682,1.873113139197245,1.8499024472153596,0.645737501557591,1.9903628812026681,2.5564041057937565,0.04601727349761943
243,2.1416151128389815,2.093100715933992,1.8616917072957946,1.7937188383579874,-0.8373503970748413,2.03425157760098,2.559500371526925,0.04178852586879437
244,2.1539410134380614,2.129796165623639,2.000745820880729,1.9546425131851892,1.0980630174886907,2.068697313934648,2.571031774352619,0.04170907609145574
245,2.1567987791942143,2.1362365820444924,1.9832017673413762,1.9237777598929964,0.7526452495305609,2.071958427387848,2.573889540108772,0.04170907609145573
246,2.1782257280846173,2.1387344541243234,1.918012003968957,1.9046765508245544,0.39322476800949513,2.081017010911071,2.6895279076224186,0.051130217953780116
247,2.182952553964064,2.1460219528600497,1.9640329906810552,1.8992213442780763,0.861204357174651,2.077007530516199,2.680170332122128,0.04972177781580637
248,2.2260736160592183,2.181265841607276,2.016399767523543,2.005689003358997,0.42237722547637757,2.142973478035517,2.6644353662325124,0.04383617501732943
249,2.2323059275070443,2.1990757929655547,2.00464259376328,1.8841059040707568,0.7510909156277075,2.12610102187569,2.664435366232519,0.04321294387254749
250,2.260748627072295,2.2162378683812323,2.0225461953890815,2.0062381008598837,-0.8066456027283011,2.1485435412989338,2.667552975533468,0.04068043484611729
251,2.2736920645396426,2.236214479466762,2.0775264608052737,2.0241163468876757,0.8181389826826595,2.1666634026412566,2.8214135195021743,0.0547721454962532
252,2.306257809600023,2.2408275908049844,2.0611924086982896,1.9446648352383533,1.0222117613235508,2.1435861911748306,2.8245311288031223,0.05182733192030991
253,2.3063554443036303,2.280225416832408,2.0328680597017557,1.8268335910652498,0.9014998898998927,2.2160636597617485,2.824628763506729,0.05182733192030991
254,2.333493338941896,2.2932993147356417,2.141397923240734,2.1290474827483625,0.9137884405260324,2.229951467521215,2.82772502923989,0.0494231690297994
255,2.3473698129445357,2.3154410077612484,2.0977479130781966,2.0932495082364393,0.6623750162050941,2.2413326216111304,2.827738074822507,0.048036826187797116
256,2.353151054326188,2.328743332106799,2.1972855299461536,2.1301449717122645,1.3763842020656476,2.282444514711374,2.8277250292398906,0.04745739749137026
257,2.366871009292433,2.3451931990482255,2.1364332062105675,2.0286975078445115,0.6223806448711087,2.269419986349774,2.844363489697334,0.04774924804049008
258,2.403032601286233,2.3572054578986448,2.1364614182975634,2.1371096037505812,-0.2892353802531824,2.2803639820412664,3.0590112347213143,0.06559786334350816
259,2.4073031495712174,2.38423478913772,2.180654944790232,2.1018485978082246,0.2999460241961014,2.3037518913286226,3.029993985638973,0.06226908360677553
260,2.4202196468497,2.38557185760702,2.193180666492173,2.166627741784122,0.9952106759831647,2.317513636755657,3.0331032969547502,0.061288365010505046
261,2.423911701239688,2.410232692432311,2.1986028823017536,2.1283142496437484,0.5239693091026392,2.3670536568351155,3.0362339518383177,0.06123222505986299
262,2.4285108811716514,2.399160061954497,2.1890177538651585,2.1088213942422547,0.9511292440859958,2.3298881417416775,3.026343598132612,0.05978327169609609
263,2.513211719361403,2.409862141842648,2.219452632228893,2.133043154970661,0.8480692478567384,2.33053646203378,3.405545257835017,0.08923335384736139
264,2.6019731013170326,2.5020346240265097,2.298312497988227,2.1987352819545825,0.8245226831955632,2.4284415725747284,3.484455409077115,0.08824823077600823
265,2.665301738949513,2.574484030395949,2.427819149383728,2.4008545221168562,1.1603881498228819,2.527200244490019,3.4901790948527935,0.08248773559032806
266,2.672719094936431,2.642366479436735,2.433038189767423,2.3138106375373324,0.5634165077550213,2.5887283463621342,3.487079912927069,0.08143608179906381
267,2.6899267798194324,2.6452058003533607,2.4299664288603475,2.321973733881062,0.7620869636357677,2.576504237252085,3.5095923455173677,0.08196655656979353
268,2.6989606224150897,2.656308302480081,2.4486773621731652,2.4160609548948813,1.2134466053083717,2.559200116207158,3.5127230004009373,0.08137623779858479
269,2.7063779784020108,2.6600753197625924,2.4562821786269446,2.3595459058111987,0.9203969874680724,2.5777148872050617,3.509623818475216,0.08032458400732054
270,2.7383328826615307,2.6748499269375507,2.409830063852512,2.3971906839823065,0.7333401810335927,2.596405044830963,3.5127230004009338,0.07743901177394032
271,2.7636897534871148,2.7235748421878028,2.573417359979693,2.533855224409261,0.6319130363416452,2.6554429806787243,3.4976969470397443,0.07340071935526297
272,2.7668102789806293,2.7321679095190996,2.557034760128465,2.4591993878518617,1.752448000269498,2.685510611925753,3.5008174725332593,0.07340071935526299
273,2.7757052477393707,2.740132015810902,2.4840337960879224,2.401559284108347,0.8829755853400982,2.6625633821654415,3.4866371611611804,0.07109319134218098
274,2.8139596626712575,2.768616227318688,2.5764870686473387,2.5006068830487265,1.3549384429779052,2.7155170233541974,3.520803314994993,0.07068436523237356
275,2.840640949939848,2.7970636657156795,2.615308936737737,2.5455719271289103,1.4952656275343794,2.7427305067905676,3.5147381414125545,0.06740971914727062
276,2.85606369902258,2.8221503715400926,2.6736176582416604,2.6370303249484603,1.6052630713794933,2.7546972885685315,3.530160890495287,0.06740971914727065
277,2.872782686344091,2.82405435330461,2.671014945462231,2.5697088712807443,1.7446397610302817,2.7478778329983937,3.527051579179504,0.06542688928354133
278,2.876294771326692,2.842233945695661,2.669296036805914,2.6424140473319504,1.4000139738324515,2.7692785070079258,3.527061708569573,0.06507669372428812
279,2.883008238796115,2.8397235018062146,2.657718209139104,2.595094245699015,0.08519311839964372,2.7639431516119553,3.520821742370226,0.06378135035741107
280,2.892347386921185,2.8635721410694623,2.7073889697192466,2.6605033811226964,1.9445407393799097,2.7871927729081447,3.5301608904952952,0.06378135035741105
281,2.9028276743879986,2.858926337666569,2.6963066888100973,2.643026727091323,1.478070029722521,2.7841631658825685,3.6216991470581124,0.07188714726701137
282,2.915417834185349,2.8828019171155317,2.670772848192686,2.635272757257396,0.5080185492914486,2.812501765744363,3.6342893068554627,0.07188714726701137
283,2.9156009247874275,2.871361987592933,2.6389906900157407,2.560899987418953,1.4546540283835303,2.771837899631505,3.6344723974575412,0.07188714726701138
284,2.9259346897426863,2.8738522942434797,2.6632887050108955,2.6204690843611766,0.9012815393810665,2.8005704309895343,3.634289306855454,0.07083546171127676
285,2.9321829539272035,2.8966176541328434,2.6777647550408594,2.5525139704374107,1.0136324605274543,2.8125599069161376,3.6405375710399714,0.07083546171127679
286,2.9451871008734125,2.903348496662744,2.7236875116607036,2.6313982038830526,1.5700153886002433,2.826878999235654,3.616083614969942,0.06708965140965291
287,2.9721793699113226,2.917488616015265,2.7407749546263185,2.669824016707663,1.5199015619181502,2.860893363903974,3.6373263267204674,0.0665146956809145
288,2.979479046610887,2.9459813281953684,2.7686649277980004,2.6813796068201317,1.2598725418313825,2.8750459085495574,3.646466598380757,0.066698755176987
289,2.994843579433134,2.9607101365730966,2.738740922333646,2.674336893092055,0.86824540652003,2.8529218531789535,3.637503628444531,0.06426600490113972
290,3.025805426590166,2.9615965123125365,2.778951327387361,2.7093565213568276,1.1364280398781483,2.8824122257951412,3.8084123806245658,0.07826069540343997
291,3.0318706001725992,3.002930500236304,2.8317067397310165,2.7693512745146744,1.7859594914599302,2.9404682415629617,3.8144775542069986,0.07826069540343995
292,3.028761288856826,2.9930803083879085,2.773282745906125,2.7178925983452995,1.4199024606465263,2.909701280445873,3.811368242891226,0.07826069540344004
293,3.0360696784150263,3.00446059723875,2.8232624955257073,2.78574537006835,1.1425991042248511,2.931699559644807,3.811368242891222,0.07752985644761959
294,3.0697345492089534,3.0059413887249664,2.8085902289127986,2.698758022278878,1.4722829957000179,2.94182529362482,3.792609462243483,0.07228749130345298
295,3.0976297624321045,3.0578765680896405,2.8439551957255316,2.7531726405211545,1.2575444997443643,2.9943017079771113,3.8053030693087813,0.07076733068766768
296,3.1129144794432175,3.078440173983039,2.8427929006845307,2.7620247179727153,1.0756774862054401,3.0031548254958227,4.0305255232333845,0.09176110437901669
297,3.151752187397884,3.1071025211122834,2.933820331342831,2.8507971672972827,1.1351928196238612,3.049515438424673,4.019376766371841,0.0867624578973957
298,3.1733314367694705,3.1306339209649328,2.8612260160789758,2.8274432510646124,-0.8989240864223014,3.068787074776484,4.007094518003176,0.08337630812337053
299,3.2021571657846133,3.1566639992823453,2.9602737653865225,2.861221619771814,1.6313192806063377,3.0894973141852846,4.049455520131189,0.08472983543465758
300,3.2192046089384325,3.1726300982084705,3.0025294120784447,2.9398005204683226,2.0650581091285423,3.1109369183743487,4.0340740898368,0.08148694808983672
301,3.2431917012032834,3.210364697128174,2.988521189998555,3.008469572488547,0.10487509604752177,3.140047353243947,4.046334994637684,0.08031432934344009
302,3.2431917012032834,3.20518878662039,3.0033841306345046,2.9520865565630485,1.620480546177777,3.134495719241455,4.046334994637684,0.08031432934344007
303,3.2723716041267736,3.1870276731606366,3.0006433864312285,2.89729576147199,2.0771911586896805,3.1243083321483804,4.043225683321909,0.07708540791951353
304,3.3180474731449423,3.235614542758034,3.00917369518684,2.929648917322182,1.6141052822490676,3.169065383974928,4.098439362163378,0.0780391889018436
305,3.3814118465577945,3.2881157177300406,3.062386622188469,2.9179051263796305,1.9936094285583748,3.175213643690438,4.190194268594417,0.08087824220366224
306,3.4320366557363773,3.3561158222543517,3.1756588232235456,3.1393189234433265,-0.7654977165471628,3.295003691330087,4.202700321019744,0.07706636652833668
307,3.444735325877867,3.4035015487295195,3.189373808291708,3.1611614426347714,1.4533018843036771,3.320685693698405,4.215506135489488,0.07707708096116206
308,3.447844637193645,3.4168249517450353,3.174176360851935,3.109799119670549,1.0634783361913973,3.329817063583424,4.2186154468052655,0.07707708096116204
309,3.4673338315832396,3.4014482419800447,3.2094948401363923,3.165056622728459,1.806610010493055,3.3424409854331296,4.220975511337266,0.07536416797540262
310,3.4776533313155875,3.432611873055834,3.2204580152902382,3.134180517991956,1.2537265097795576,3.3623059287235524,4.217920564392446,0.07402672330768585
311,3.5047909349750643,3.4590277409368646,3.251998221864869,3.2199516130820642,1.177899661722046,3.37693898375756,4.453853518085921,0.09490625831108569
312,3.52807007023199,3.4870234111688725,3.317041815071668,3.252259578514738,1.1775250285522523,3.417609969365766,4.494446739639907,0.09663766694079165
313,3.5567081423104336,3.5041143889463138,3.3063579448134846,3.201437980425341,2.0954698799265037,3.40869839475359,4.507007156436191,0.09502990141257572
314,3.55981745362621,3.5198606245420008,3.3154691295680676,3.3176904637796194,1.529435920356355,3.457663035204533,4.510116467751969,0.09502990141257588
315,3.57788936441374,3.5264772614371918,3.2684673321304665,3.132966421476161,1.500535584613686,3.4345966386432716,4.617746972885194,0.1039857608471454
316,3.6189559479813767,3.5355475721736247,3.246082562535623,3.1218374378544382,1.2100028471720217,3.4242327869539713,4.66332192819159,0.10443659802102136
317,3.6373037656080762,3.593360806467107,3.4200398032858077,3.3420201596130923,2.3898094934732637,3.507563130782602,4.650913412599099,0.10136096469910227
318,3.665262107948826,3.637407032233506,3.4361831833889482,3.342838293330344,2.3261389613229357,3.5426401966623384,4.678871754939849,0.10136096469910233
319,3.702915888659639,3.6378287491037287,3.4253071438515126,3.3667196080482054,1.8761837380758601,3.537193014094885,4.737608874840705,0.10346929861810657
320,3.712881536676196,3.6641565338343565,3.4465360085028376,3.3243692704776038,1.6916052413838467,3.5888258169038427,4.743644760846995,0.10307632241707992
321,3.722220684801262,3.677171019491516,3.425391556976326,3.327355987584125,1.7593469794616583,3.607399994691373,4.752983908972062,0.10307632241707997
322,3.7242978569606553,3.674014474087073,3.4391365395719453,3.325578598839096,2.4086929621869255,3.5758552222034568,4.743794476669094,0.10194966197084386
323,3.727253719227313,3.6705799198069657,3.465933169677158,3.333098005988624,1.6860036884842255,3.593923191671212,4.746750338935751,0.1019496619708438
324,3.7442713235063207,3.6776677480908457,3.436688331794769,3.4167264789753786,1.659666932880556,3.5934436934870337,4.710204835585254,0.09659335120789339
325,3.7587846924357837,3.703373984659031,3.4844891428754554,3.409974912021493,2.1534169272656536,3.6116044585627405,4.716400566803691,0.09576158743679074
326,3.75627108115265,3.7170114590805925,3.494145187831319,3.4461047555976263,1.8829024370977985,3.6342261859066722,4.706991229478377,0.09507201483257273
327,3.7732617458426914,3.728023993398879,3.508000623085725,3.4334567671629728,1.93946143049171,3.6621499121719303,4.6913417601464324,0.09180800143037408
328,3.7920354738951816,3.765726635889429,3.5211863225932167,3.3945953982612362,1.7963612743024546,3.6534452391274383,4.710115488198923,0.09180800143037415
329,3.805260890620276,3.7318336290306195,3.5183423579719775,3.461063537107001,1.3889263822672948,3.631501090952752,4.688245210853721,0.08829843202334457
330,3.8443681554691373,3.7846734765925643,3.524558839171788,3.405644633870352,1.6749133055878178,3.6801492967370457,4.9055178160000175,0.10611496605308798
331,3.884144489231459,3.8068671383090287,3.6133346043942844,3.503092443780935,2.2881575052119207,3.7211307423946423,4.908642074720552,0.10244975854890932
332,3.9023492064138114,3.8545211068607204,3.555918246435148,3.5502325582032612,0.9843921448358395,3.74040581763948,4.929137659555671,0.10267884531418602
333,3.914899951090915,3.8724528902574575,3.6254175813846,3.6111284287579934,-0.8837052472374092,3.792024320737222,4.941688404232775,0.10267884531418603
334,3.9652950168631893,3.8818007135599633,3.6419994693191398,3.6025418414012753,0.14885049738109224,3.79357793102478,4.941698533622829,0.09764035167596398
335,3.9878926447864913,3.9325715116166164,3.721156872045025,3.6261738983834513,2.058640138325279,3.835533378071945,4.9447977155485505,0.09569050707620594
336,3.984776937307689,3.9291237950442994,3.7027988511822287,3.604566562256654,2.3312543645729376,3.8472055515134747,4.9416820080697486,0.09569050707620595
337,4.018883995816611,3.9350132422761455,3.7604967356568966,3.6458962226066967,2.805369402953487,3.8230090593881934,4.929437628821964,0.09105536330053529
338,4.076423150837217,3.9985785374802134,3.7988294279700083,3.7487490387736364,2.2903179754436986,3.9103157592384985,5.022135919820286,0.094571276898307
339,4.082166750590402,4.019121803375729,3.8373898137046143,3.7524616221041356,2.3001278718413913,3.9405859674356023,5.013460281245829,0.09312935306554267
340,4.1120342939777945,4.05935024136813,3.8451043210823106,3.7423483108275426,1.9394250012828786,3.9950490282913202,5.022601745340856,0.0910567451363061
341,4.112078528958682,4.0606026480896045,3.8481045623010135,3.7789961610419835,-0.6316075186668657,3.9853703548932593,5.022645980321744,0.09105674513630624
342,4.138219853057596,4.070754941141398,3.9231438758391644,3.8580939818590627,2.9969001490143974,3.9912975967441096,5.156175350406501,0.1017955497348905
343,4.167404796244792,4.108224018135125,3.88103669827919,3.755280647295529,2.171057408008783,4.001599539790467,5.174949535729886,0.10075447394850938
344,4.1809786310069095,4.135638278499945,3.8873628298657716,3.813303123810468,1.7452570481474217,4.0023843418768905,5.214542883008684,0.10335642520017743
345,4.17596176497451,4.133588607434422,3.940899053434212,3.860315637741751,2.486016914027564,4.062563448695828,5.208298098794642,0.10323363338201316
346,4.175941864151547,4.120273079237953,3.8954365221389837,3.864153753684694,2.263852467421982,4.031001950121087,5.208278197971678,0.10323363338201309
347,4.196541810084539,4.139168027664925,3.89388898151686,3.8222979778638466,2.2314486742692408,4.030453802555206,5.198846536043259,0.10023047259587203
348,4.211253730126685,4.1498057873510525,3.9171893191407867,3.8589878275083938,1.5672292620389325,4.057866735994756,5.20850060083938,0.09972468707126951
349,4.27122619544005,4.183071010502318,3.9578199872827264,3.886328599709063,1.253611383830119,4.0850111539987,5.957324902394535,0.16860987069544844
350,4.301301352229029,4.249547523591197,4.0247629358118955,3.9609536957977642,2.5927781687368476,4.14872119934674,5.932161402042454,0.16308600498134254
351,4.350752970866736,4.286101552219026,4.089830475886689,4.002048881734778,2.1072903752131014,4.17337454027782,5.950790082325042,0.16000371114583056
352,4.461568805456265,4.313054644856668,4.1257220856891434,4.023733650853797,3.1227675271593274,4.216236710640813,6.231725503213282,0.17701566977570163
353,4.480018773903025,4.428743743258384,4.156437873820156,4.041378805041846,1.9665037693800036,4.280502019100613,6.21625941925484,0.1736240645351815
354,4.512708590509573,4.4518764309494925,4.1974092085139985,4.088754469649313,2.568110361024882,4.345609538052273,6.225517009971766,0.1712808419462193
355,4.536778825676574,4.469369326011357,4.191087568767517,4.10146180538604,1.940785083504469,4.3621548272789035,6.231768048291451,0.1694989222614877
356,4.571438142204011,4.474307438415855,4.220354488553723,4.13082039233953,3.06642726853904,4.334763410259221,6.219492196085825,0.1648054053881814
357,4.585774794474206,4.529820865009159,4.309342202782521,4.186777591737511,3.004408474495284,4.446203000744983,6.210918904150707,0.16251441096765007
358,4.608768805958688,4.566669578457611,4.320161470990967,4.173234258208819,1.8920887580728563,4.429892090904587,6.238431344735663,0.1629662538776976
359,4.678312051333599,4.568381157318942,4.284122282404824,4.135852273074092,1.636195040413929,4.409927620776022,6.260294814457597,0.15819827631239983
360,4.673811271252558,4.613572873009932,4.365714301870205,4.251262713147919,2.114733206826833,4.542412645179921,6.2825982926493635,0.16087870213968056
361,4.703599111286993,4.6342797540545275,4.373465358083724,4.307321332500518,2.6373166934013454,4.527503864102598,6.285787444345441,0.15821883330584482
362,4.7212193464569285,4.660035053887098,4.350033258067023,4.217689842672671,1.1764324174785807,4.5648119466359685,6.288785373054832,0.15675660265979033
363,4.721364420878256,4.670646918910386,4.453314842623147,4.3470620101738024,2.222788694940956,4.576720623772934,6.2857874443454165,0.156442302346716
364,4.723691239295456,4.674108838167867,4.416912174511111,4.29498367710787,3.0737177148742907,4.578407911723273,6.2888446247087115,0.15651533854132557
365,4.725103776840081,4.662531072590357,4.373168147269841,4.344798087630471,1.7965400611609637,4.560470800842453,6.288844624708712,0.15637408478686318
366,4.721127390254659,4.673639973686888,4.40356361752271,4.277450562196069,2.798638902428835,4.550930880000598,6.291958098769056,0.15708307085143972
367,4.721525987204399,4.667757926633604,4.468278861221463,4.331204649278264,3.3331547021470476,4.551891943797005,6.238634149535357,0.1517108162330958
368,4.796322116176695,4.705999288116648,4.431625725076716,4.313503710378484,2.0706797571479756,4.5715670883715305,6.273138333704765,0.1476816217528069
369,4.8024657164426525,4.744758215000157,4.535900115076904,4.470753768731434,3.2081288620353363,4.6615323199262075,6.279281933970721,0.14768162175280689
370,4.79325866022012,4.725070664544752,4.4793078847222425,4.359177227251004,3.1529782187695874,4.610310046114316,6.269943052074333,0.14766843918542133
371,4.796789242836329,4.743304475198458,4.505173705237251,4.385757401752892,2.8404232859299006,4.632073975584095,6.273026951098391,0.1476237708262062
372,4.799919966988106,4.761596443160329,4.465624867075005,4.40928371359661,0.6411859625576328,4.629704375183295,6.276157675250168,0.14762377082620629
373,4.799999807368422,4.752574947594673,4.464888532872134,4.430648285558037,-2.137324996713641,4.632071217486535,6.276237515630485,0.14762377082620634
374,4.796820785062406,4.75869823124469,4.526196965102022,4.455975773906771,3.2782845869449844,4.663580942828762,6.273058493324468,0.14762377082620629
375,4.838914393923424,4.732132561234257,4.462300453046834,4.3403937408643785,2.2811974392038046,4.5997109670250165,6.27098127531541,0.14320668813919868
376,4.890973078467863,4.797190933393491,4.526885659820063,4.442230423994018,2.0981100217101716,4.675574533690343,6.402006336149872,0.15110332576820087
377,4.906743649798665,4.8376344877086055,4.615480573281215,4.506336721065203,3.252990114515921,4.733399858915091,6.404860945200213,0.1498117295401548
378,4.935600570868922,4.866488161877868,4.628347174748856,4.5219553709621385,2.910608024240191,4.778233424708126,6.391670837616503,0.14560702667475808
379,4.938882441383123,4.878887710010556,4.608249805729994,4.495423437248408,2.1238145866163602,4.777271557396103,6.394952708130704,0.14560702667475808
380,4.939933568544315,4.868952484645197,4.5893369490555065,4.43519013842059,2.395842208883053,4.714352244061084,6.391020459126688,0.14510868905823734
381,4.947999378143486,4.883247999081225,4.651996924010613,4.527314058103244,3.1130141796750603,4.780134681406226,6.37862511701749,0.1430625738874005
382,4.9907999206705425,4.896631573976524,4.645966868457085,4.471582517858868,2.2866686221167924,4.787208105935503,6.390904913775761,0.14001049931052184
383,4.990882281929473,4.950731379839031,4.726224289718852,4.615247610848729,3.428051101987747,4.8616317101831825,6.39098727503469,0.1400104993105217
384,4.99310330073804,4.950433981871166,4.723575174372702,4.5552536465850295,3.13298189264213,4.856799396190236,6.388079544264809,0.13949762435267687
385,4.999143397525654,4.914493053259916,4.653670599763868,4.524250141012672,2.449030475930368,4.785688376878372,6.3941196410524235,0.1394976243526769
386,5.001094809488524,4.940579146051755,4.658947470205127,4.530290199506025,2.265686485854161,4.8346085989168035,6.390968328174201,0.13898735186856764
387,5.011200257217428,4.960557946470178,4.69695661892677,4.506937606042742,3.1918886773009403,4.865144263704407,6.358862334091862,0.13476620768744335
388,5.024333730987941,4.957292896961739,4.687472849342318,4.587148513145653,2.7793565739424038,4.832222157167925,6.334172077804333,0.1309838346816393
389,5.049046878688573,4.961232074608374,4.63331987141932,4.494224687235093,-2.127154346832083,4.822663053710491,6.3588852255049675,0.13098383468163938
390,5.045899728554943,4.98763241047944,4.773052615102179,4.637460845545757,3.2752677149641247,4.885211322496911,6.3557380753713355,0.1309838346816392
391,5.058466413900115,4.973243870084016,4.7594342789222654,4.640711042476835,3.4934151233789676,4.859159890006856,6.83061342674591,0.1772147012845795
392,5.088543825080677,5.036354729657051,4.751605505908816,4.5450060078194845,3.11661728974346,4.899746453734252,6.859631675140054,0.17710878500593774
393,5.122920811903542,5.037641535577888,4.794801644042296,4.61536595192153,3.1050114223767835,4.962045534371629,6.854097103761468,0.1731176291857926
394,5.343515316713607,5.067555533684603,4.810742701475914,4.714654147306602,3.3105593832897,4.9331343499724465,7.881974203286412,0.25384588865728047
395,5.352865967777248,5.262514656374853,4.990563396121347,4.897934961730289,1.5894234439815902,5.130481995862774,7.891324854350051,0.2538458886572803
396,5.366599707406505,5.266801030726848,4.917292377407092,4.7468766204704345,-0.1290257843418603,5.136151647757744,7.899103404066181,0.2532503696659676
397,5.360428396984334,5.262918623620663,4.986881503290252,4.846646643855515,2.594037940797107,5.145258447533626,7.892932093644011,0.25325036966596765
398,5.40554651014057,5.303995215471441,4.935465767244875,4.777882085816062,-0.1445670951184841,5.165961192979309,7.939166652525501,0.25336201423849314
399,5.443068184928585,5.365013892062839,5.054194320363185,4.915101370041707,3.165669103785195,5.20818059973629,7.961170474763306,0.25181022898347216
400,5.456069990932329,5.371001578118737,5.123466375310017,5.08465794276595,3.3631287533143004,5.261968019583193,7.967322877721531,0.25112528867892014
401,5.4651025793750785,5.38905245439317,5.063909852765695,4.974674571964815,-3.215726400418631,5.274271303944492,7.942321718720702,0.2477219139345624
402,5.510984821657788,5.425959005368329,5.101125923993377,4.867766605889916,2.770093015746374,5.265684832920959,7.973701650755664,0.2462716829097876
403,5.5356985647437345,5.4279590711187256,5.08989924282407,4.9845019476985595,1.3810692612249458,5.300030972904852,7.943378949226776,0.24076803844830416
404,5.562610254780744,5.474325564470899,5.208251246352205,5.073363986088941,1.3621423786321403,5.335895042802291,7.940100911798741,0.23774906570179963
405,5.743951089441187,5.523868661901222,5.218360696566495,5.094729275562736,3.211759828162151,5.408593191592361,9.049559004410483,0.33056079149692963
406,5.80246721291666,5.687441412870226,5.389378088382224,5.196090826630266,1.9918670914531509,5.497445253539466,10.64249532437858,0.4840028111461919
407,5.890719435474971,5.778225874045715,5.3747730995926934,5.248825413701105,1.3206776219588736,5.637042198157691,10.667737520167591,0.4777018084692621
408,5.975640268697498,5.82868769783756,5.437805864301284,5.33465244378433,2.1887647353892117,5.684124345484811,10.635905304992939,0.466026503629544
409,6.052504634952654,5.945541250623125,5.46302376834954,5.342535743120879,2.2254191946711135,5.734682776675799,11.51950705016387,0.5467002415211216
410,6.1511775126464245,6.04887918769318,5.673971490873979,5.536572397958266,1.0980026570605634,5.897946120015794,11.533465256673303,0.5382287744026878
411,6.191079075671393,6.060700235248704,5.592533973748115,5.53398265553782,2.320921270789352,5.919750062179486,11.530377264868404,0.5339298189197011
412,6.275321840663407,6.143221029475754,5.729904786612966,5.512516044991496,0.40419952386548275,5.916945874222686,11.546368977118242,0.5271047136454834
413,6.3150776566459745,6.221965675886537,5.870516808346832,5.777399524829411,-1.4802652794163027,6.082739451447829,11.52426486725435,0.5209187210608376
414,6.4554693601835975,6.278688913900174,5.85817170965411,5.745706520859802,1.1263598818830687,6.055265051903316,11.504783208741108,0.5049313848557511
415,6.477172323752228,6.394302488976614,5.91605205683826,5.941095268131365,-0.476470384326527,6.221545400838528,11.526486172309745,0.5049313848557517
416,6.688431414203914,6.407552944998489,6.021945247486216,5.924234448401163,3.5449562897870512,6.247465153019512,11.514226038571048,0.4825794624367133
417,6.708698202087837,6.620189873872158,6.292966779730852,6.1120771437787775,4.604170779104408,6.527622172026462,11.849672798500158,0.5140974596412321
418,6.746308571835542,6.6442052242162895,6.177314784606639,6.085314957425927,2.5604957892740927,6.4172707540864575,11.78827807478559,0.5041969502950048
419,6.807176508507334,6.702618571202028,6.310390175994122,6.125129564463067,2.939345402949593,6.593318908105678,11.772819432304356,0.4965642923797022
420,6.897643663837312,6.759519624760984,6.353024942796775,6.316494567671299,2.115123315180327,6.599395135141898,11.735521099101927,0.48378774352646153
421,6.980785170711003,6.85632247501972,6.492172135107963,6.30858553678677,4.216996122051867,6.675609514601371,11.79740886514709,0.4816623694436088
422,6.998417659189119,6.875412173617682,6.3410677118275585,6.205652988019111,-3.4605469112537417,6.672256909571994,12.10062626383134,0.5102208604642222
423,7.142191377964885,6.980405304689139,6.528359986662684,6.385746605661994,0.6594862269248178,6.8370610879411124,12.544553866492178,0.5402362488527294
424,7.221261440472906,7.103581212517069,6.694139761230389,6.558282398996938,0.4517576678697566,6.952456642783775,12.579160802253288,0.5357899361780382
425,7.237079337136402,7.167237000882933,6.606740606736973,6.625909123407132,-17.727328042796625,6.99481938914668,12.529435344092755,0.5292356006956354
426,7.316588003623454,7.1973117090951595,6.848723543291886,6.617354525100855,4.562014332275293,7.044479417685903,12.575321892744153,0.5258733889120699
427,7.327384498863382,7.229686789191726,6.813649398199363,6.783336619177942,2.4826775930031104,7.130080973041215,12.556656466963148,0.5229271968099766
428,7.439637771590036,7.280517891506607,6.894641121247665,6.829124838832174,1.1722347473269803,7.1632158682023706,12.858307515813642,0.5418669744223606
429,7.461390612716658,7.3853796513368435,6.931246124493131,6.858204097903028,2.6289231763034664,7.211993148229391,12.88006035694027,0.5418669744223612
430,7.467223137493461,7.393184660643104,6.964089834914929,6.861964945853002,-0.19693451484718594,7.236340863548908,12.849229554330496,0.5382006416837035
431,7.498927046144314,7.436470847288367,7.038742321689051,6.8697579363015855,1.7338669207220079,7.211417049252173,12.855189667219758,0.5356262621075444
432,7.534702736033724,7.435222286148116,7.023052665845278,6.890771031786522,3.193390371279987,7.288068009352046,12.854047853167524,0.53193451171338
433,7.550495027994056,7.40103038637832,6.846317317876036,6.608657840700994,1.946862394388841,7.1510796921584845,12.838217368526172,0.5287722340532116
434,7.606900132218044,7.480830876243689,7.030653674613091,6.873722086458135,1.6443051813776677,7.361541335417215,12.836446324335627,0.5229546192117583
435,7.637093626045187,7.514228595714977,7.047176369101411,7.010145364000498,1.4021445285563843,7.326244487011332,12.823714229313136,0.5186620603267948
436,7.733290202673213,7.612554374279992,7.155564366338417,6.928079871785252,1.0443322613314692,7.4414484741174665,12.931454134552911,0.5198163931879699
437,7.715414159652963,7.628090842611335,7.133819868363453,6.925000410441472,0.14255440290331833,7.476598182168479,12.887771209015883,0.517235704936292
438,7.782650524813334,7.665104016692641,7.303851442295177,7.088843212969194,3.0597698162887976,7.5041208260682435,12.912988295395735,0.51303377705824
439,7.803202598280901,7.6755259675656,7.191394474368919,7.031927943789162,2.3736095216282553,7.454552755453207,12.998794256292502,0.5195591658011601
440,7.8281420092508105,7.7275346111626995,7.391421717981491,7.2835930946888965,4.679676138995131,7.5652444216803385,13.660983082685098,0.5832841073434287
441,7.973524299723474,7.826153876999022,7.385681249713392,7.185668335808144,5.209018644216892,7.619535895034607,13.648663207911401,0.5675138908187927
442,8.073063056935915,7.960542414377396,7.472020483065578,7.399336442534145,0.9259899696430729,7.809397503467826,13.692324025504256,0.5619260968568341
443,8.110211938492029,8.009825614852707,7.5535501363977255,7.4096198507057665,4.191860728933612,7.821588897006661,13.667560875289174,0.5557348936797145
444,8.178595460035364,8.059102432682524,7.5809787170377,7.312182555954491,3.170685282967952,7.803345767484868,13.690124965167227,0.5511529505131864
445,8.205169315364067,8.090238631175367,7.55266475531293,7.4753877089284515,2.3334323861076385,7.904674963392585,13.68077022771047,0.5475600912346403
446,8.2407799421329,8.150539055984183,7.587290977764675,7.404497728607735,0.5405747993945607,7.982970975449733,13.867721302897422,0.5626941360764524
447,8.293907462651456,8.177773937866505,7.783824583494838,7.592886516353338,4.904555790319328,7.936295615675598,13.88300826508707,0.5589100802435615
448,8.323930195536864,8.228457334844798,7.822583095277765,7.737535811238519,3.022513137805964,8.031256131974013,14.128285194768972,0.5804354999232109
449,8.447761156956382,8.264452075987947,7.859541735770608,7.673929713855035,4.578572319449622,8.1230397976917,14.13060202438764,0.5682840867431259
450,8.487801746883893,8.338691595307896,7.906429878042033,7.747571303406441,4.158727471729925,8.169618033994823,13.920548232105375,0.5432746485221482
451,8.646225745208778,8.468638363985194,8.131858389623723,7.983218345967891,6.136256504583116,8.312045538563265,13.890759558573258,0.524453381336448
452,8.753042840658152,8.566392052538475,8.07363155126215,7.810008556116996,5.0616136526845565,8.321149434828552,13.856983267701626,0.5103940427043474
453,8.802392184042379,8.68071113090054,8.132061043623267,7.9439584826361855,4.23172019163575,8.459605301022219,13.863083850513217,0.5060691666470839
454,8.868644297787542,8.683812487968591,8.15584675357038,8.101222450358865,2.018393829660557,8.47973512479535,14.926375083905894,0.6057730786118352
455,8.970455462715538,8.818587279880273,8.215562272513447,8.156417320646128,-8.785917083959298,8.549009693390865,14.963371641586084,0.5992916178870547
456,9.010072347351713,8.873331063172813,8.243580382176159,8.117085189903086,-8.401842227607279,8.647054252919556,14.935953285643087,0.5925880938291376
457,9.646645509432982,8.965388524586352,8.500554247393593,8.296929709870277,4.638387520699009,8.787723973919285,16.501717411713773,0.685507190228079
458,9.848465830459809,9.597905886362673,9.03211160266287,8.88903958069797,5.298581605962067,9.40324715345174,18.16237700479577,0.831391117433596
459,9.936348260465742,9.795492309123356,9.169870852688476,8.87629131954796,3.3329390749525984,9.546562624315413,18.140205905404468,0.8203857644938726
460,10.173198801462753,9.894851403083031,9.234157269440978,8.89998366172217,5.065872514550641,9.712721547812508,19.499597424468234,0.9326398623005481
461,10.29024112909428,10.125679740038088,9.425486412980286,9.058743651966557,2.482544162652573,9.937359283794251,19.505775801742743,0.9215534672648463
462,10.348732913931556,10.248025550770196,9.597432389815957,9.51415621723162,1.227398735654809,10.056155711788573,19.508937176379234,0.9160204262447678
463,10.49808675476921,10.324765777987963,9.665169431638807,9.3321900196594,2.966176176845,10.071746472542413,19.50923831120315,0.901115155643394
464,10.783941856018107,10.424836249103487,9.611589497241463,9.466160145101053,1.9729114438748319,10.126207039082335,19.45449078077355,0.8670548924755443
465,10.869100863239673,10.677342702582518,9.74783782196886,9.566396583764332,-21.793218888915263,10.43992476017058,19.4392196874818,0.8570118824242127
466,10.984569506149912,10.84407348559891,10.217398263050526,9.964092307316012,5.060817580298375,10.589673254458834,19.42710952879908,0.8442540022649168
467,11.157445003292501,10.913465556064295,10.187419881206917,9.955332290101456,2.6455233957745925,10.646619387728034,19.854662712939483,0.869721770964698
468,11.31245118661907,11.10414916533096,10.20304894267149,9.83705357719765,1.6072067055861439,10.769938693863553,19.85134655427828,0.8538895367659209
469,11.407859975407632,11.248991453265875,10.658600800723594,10.488392105529975,4.7885305585399145,11.062570854621807,19.857421082483505,0.8449561107075874
470,11.54802196278076,11.369612457346491,10.533437097780974,9.930393679716978,3.317332977948368,11.07564037467203,19.847423415504593,0.8299401452723832
471,11.986925497439577,11.515192904844657,10.942283522092827,10.868652123217911,6.080394249967345,11.306109481114218,21.66685603555622,0.9679930538116641
472,12.088475715944611,11.909104633642524,11.04051980909669,10.767267328019178,4.032821733453716,11.71932155401704,21.6667106523169,0.9578234936372291
473,12.227487558911708,11.99822175249923,11.214767769815582,10.974955209085193,-1.051298478612452,11.718875398872102,22.73741791495801,1.05099303560463
474,12.440624898103227,12.182788518379688,11.379588000352568,11.21353789663397,-0.005523886925566046,11.939889142818021,22.747494554672883,1.0306869656569657
475,12.518959816153178,12.397044931196096,11.460901898432988,11.125766470049044,3.397726150449383,12.092326183943747,22.73468288381866,1.0215723067665483
476,12.826034128692026,12.430352542636014,11.614242419831418,11.355398483199153,3.989729797615457,12.084778566550877,25.245727554858174,1.2419693426166147
477,12.986709784552707,12.760504048930446,11.621993620453638,11.153377974321367,-0.7365121013616331,12.369645385513316,25.2143481025906,1.2227638318037892
478,13.22876985530839,12.965377321487733,11.87092975691767,11.451031406247417,3.1089103104110656,12.63071951647452,25.218008764702102,1.1989238909393714
479,13.384551711462366,13.169972944451734,12.159538913040691,12.01892709301632,2.9515721541624593,12.878028921196156,25.183796084317684,1.1799244372855318
480,13.542825334270233,13.31082592292882,12.380608260938171,11.948058639075626,1.6455266850576535,12.997978761438912,25.165212544695716,1.1622387210425482
481,13.679293563477364,13.507190887320844,12.60489124746508,12.182851554382804,2.7621492114007786,13.194332510686959,25.089550752754796,1.1410257189277433
482,13.850532131814672,13.663339593324466,12.809426328080251,12.645719012494279,2.300660381380087,13.455594725654864,25.085970003437488,1.1235437871622815
483,13.941283765919186,13.786526664806853,12.906860214173133,12.693133994102173,5.528843480245982,13.36643975944431,25.09533414038685,1.1154050374467663
484,14.078902538331247,13.860568769668744,12.942877606695655,12.963888138440996,2.136636921271716,13.641564725155998,24.93240591145621,1.0853503373124964
485,14.35858331542465,14.030101661588905,13.178644399491928,12.969929283814512,-5.116076954452307,13.707846349844814,26.915230909502178,1.2556647594077528
486,14.58617421014837,14.251707546173648,13.129183162227523,12.836196816270661,3.6565406417434616,13.844157070541574,26.790141189426283,1.2203966979277914
487,14.661479386691452,14.51417412585351,13.555407378238758,13.159427524696031,7.085807967018653,14.237499488003266,26.795816578484022,1.213433719179257
488,14.732142833194622,14.494099073373366,13.557827771054106,13.16501216982263,3.967522850559348,14.086873456181014,26.765541259938548,1.2033398426743926
489,14.823235861016293,14.681566904252826,13.541719133238868,13.364568766329036,4.093608263108742,14.311756949832272,26.739708852012466,1.1916472990996172
490,15.284812625501004,14.787772825798084,14.02247136411706,13.938552722217178,5.78183913574685,14.554373924145427,30.21084315752952,1.4926030532028516
491,15.502821934376577,15.228125495431883,14.021497531121065,13.52060413206414,6.07120588346767,14.890956522660726,31.874867524552243,1.6372045590175666
492,15.688162147725656,15.42748062234254,14.16766916784109,13.75097481757959,-1.8547329717494137,15.067397445426309,31.721842032421492,1.6033679884695837
493,15.858143955096772,15.672794109475944,14.58725426780236,14.36283713358953,0.17076073793042568,15.359663521945201,31.726811002064295,1.5868667046967524
494,15.994805911221722,15.809528592316825,14.491821698785342,14.47997540666799,-2.067280555988482,15.426269719964672,31.68510224882651,1.5690296337604788
495,16.117972184030435,15.938777112304983,14.85468574664285,14.48750497621726,5.812836998834086,15.63233550168241,31.688314124579506,1.557034194054907
496,16.309950215601287,16.055481280488408,14.84767715151109,14.781040821909569,-6.046704668655451,15.649675941954778,31.92366390830144,1.5613713692700153
497,16.625420959664567,16.26384532146474,15.244643514356971,14.80610216356709,-1.8862277730108268,16.041372338220917,33.889418726342036,1.726399776667747
498,16.781475898088885,16.591223496167622,15.41769819479141,14.867365266254545,4.757543387734021,16.127941196161473,33.89548057605211,1.7114004677963224
499,16.927538683985375,16.665343465232592,15.487542571726468,14.863517799802757,7.156586803864588,16.16841228772342,33.758283838192014,1.6830745154206639
500,17.177774103089977,16.891008626406652,15.670893870663452,15.440243250717351,2.8948535499615105,16.490486863749894,33.76769721631337,1.6589923113223397
501,17.277705795348105,17.01051506418345,15.608652212903765,15.756164979603788,-5.552052209032375,16.6613512537094,33.75881621386722,1.6481110418519114
502,17.89515585241325,17.17741778614193,15.834428300985227,15.254922537657942,0.2492683222974108,16.743208137556486,34.20803904025297,1.631288318783972
503,18.120171125127104,17.80546854844257,16.495630843837834,16.586919011072748,5.377094046004107,17.43145969519361,33.877369121473684,1.575719799634658
504,18.430477401054645,18.024239287061455,16.866166057260113,16.57948443153385,5.173392685928086,17.785907386474328,33.76664970266471,1.533617230161006
505,18.580025271704233,18.33304793562528,16.933176101529032,17.091828369363114,-15.785097128709218,17.99782078589103,33.67615674610243,1.5096131474398196
506,18.67088143490648,18.52680227590985,17.474572889072803,17.2948401098836,7.292533026455743,18.195801966806513,33.67531567852407,1.5004434243617593
507,18.92336798670234,18.59291606238733,17.21253329937873,17.015479622154384,-13.686623589610733,18.27538875940262,33.6664412769269,1.4743073290224564
508,19.369243864997358,18.88512988936108,17.553593711121838,17.41981005443375,-0.783881899492151,18.485703863294024,34.77073169513258,1.5401487830135225
509,19.52924637865688,19.30063783913476,18.00484415353028,17.463745518210946,8.204672229439911,18.90240770406905,34.8859706925781,1.5356724313921217
510,19.839121919260897,19.457767920223844,18.121149353325144,17.912296894557024,4.590721219607687,19.08756589241694,35.3535889854512,1.5514467066190305
511,20.59363021289867,19.784617126657025,18.46906391352948,18.11659357325243,4.494858493682223,19.334206146246252,36.512708224900585,1.5919078012001915
512,20.65401252471581,20.487922484314662,18.95514113192281,18.73680830154843,-22.30921780113789,20.082457550216752,36.36292011268447,1.570890758796866
513,20.91408243480376,20.589767466486414,19.262430225528263,18.80793386590242,2.7859656934715886,20.224403457161543,36.36955602067432,1.5455473585870556
514,21.00854961918222,20.853619591715606,19.346653814520746,18.77757739910335,-2.5764197190155684,20.585569067662284,36.335226205869816,1.5326676586687595
515,21.165632912028073,20.95637839029372,19.43723316568034,19.269843187617937,-2.408264575929863,20.358734634651142,36.38501759158236,1.5219384679554286
516,21.23377188527428,20.961418793459593,19.662663599543972,19.383904528351152,5.42185172353982,20.499469143602795,36.35905080651048,1.5125278921236203
517,21.316571602210296,21.204720885963603,19.956243158437097,19.63604947336119,4.052675059869422,20.870166831730632,36.37849673546691,1.5061925133256617
518,21.51159384992647,21.223545233096683,19.734121571790038,19.352777097709023,2.3586698617233566,20.87292850991247,36.338567356318066,1.4826973506391596
519,21.694194780426134,21.451296021066653,20.298412647466552,19.948911688919175,12.100246853348697,21.054708696428207,36.347338223187315,1.465314344276118
520,21.78902897855589,21.671675415787618,20.47079224346789,20.032606143462587,8.344823189178719,21.288881361397856,36.365700152665774,1.4576671174109885
521,22.1784625090611,21.744218922349766,20.087210969029787,19.97507436494987,-20.671193215285754,21.345370120358336,37.091530456649515,1.4913067947588416
522,22.35112203315775,22.131244962245862,20.85058354867945,20.36370439141413,7.642024590956332,21.756937961556634,37.092900421756966,1.4741778388599214
523,22.54544303581453,22.272814592541017,20.540958045227804,19.803147651341476,1.982322816127784,21.64614219918486,37.06665248442981,1.4521209448615282
524,22.708912138654526,22.41722684106977,20.97469950298321,20.526776746055337,11.716264913885738,21.84242574323247,37.05665028385263,1.4347738145198106
525,22.909913337507405,22.663327484504347,20.993402110542398,20.490750338345464,7.448675113530189,22.19221348832552,37.96894709679158,1.5059033759284177
526,23.108242605771792,22.854279396698132,21.911500016576035,21.935005445040066,9.81811964324286,22.626671718630856,37.95121132267964,1.4842968716907847
527,23.434233711457306,22.974261637224277,21.484495636195366,21.208314879594035,-23.29597404258771,22.504968263448845,37.95389855107099,1.4519664839613686
528,23.55917296324681,23.337494574529707,21.71491753599545,21.07889290618953,6.066758254294044,22.864618110181816,37.994455069353954,1.4435282106107146
529,23.702658665975477,23.46930941117667,22.37161760415151,21.61460633634899,13.12832658807367,23.02478496369999,37.96885497891409,1.4266196312938613
530,23.78332226871375,23.65185524685669,22.71647388564346,22.607475136700565,11.735669548322594,23.47526795454518,38.010574727114246,1.4227252458400497
531,23.855075469309867,23.675976937034186,22.769259478235245,22.899322127650528,10.413206202443153,23.44018504108467,38.14896681204233,1.4293891342732465
532,23.95359638696027,23.698734586998825,22.13018596736706,21.533334357439024,7.473434619079242,23.21452196260131,38.14351769641132,1.418992130945105
533,24.10771185504518,23.854139938326156,22.64437629649042,22.42223128557248,12.527446990011914,23.456784452181733,38.121425618158774,1.401371376311359
534,24.300411630790343,24.036323157030132,21.682978410419615,21.97360008901529,-24.20820009237932,23.611048344147648,39.00030546535256,1.4699893834562217
535,24.379945306647482,24.213079476101726,22.652718392406427,22.443043284404432,1.6186374550034088,23.718540068687943,39.015699114461476,1.4635753807813994
536,24.543543817513385,24.3223144514054,23.29934672612613,22.96047275413105,15.8229079355201,23.94685499315714,39.000404175590376,1.445686035807699
537,24.753125016579823,24.51695748575254,23.134033538154902,22.6035047010009,1.775883811476639,24.07108048316702,38.99037581688524,1.4237250800305419
538,25.017024984457166,24.7307891593087,23.49503872756366,22.804700180687707,13.092894889381338,24.174419071223078,39.02779503037772,1.401077004592055
539,25.10990322451716,24.913746999057214,23.396466598665654,23.07137630430269,9.752347689157439,24.351930266719304,39.03266561704212,1.3922762392524959
540,25.269478030807168,24.979750218791104,23.45347757780261,22.491788807615944,14.092930323298077,24.165939983083454,38.98215031542005,1.3712672284612881
541,25.407269214480326,25.231668905917545,23.29630224550446,23.102749504760375,-0.9420214090070331,24.678693163737556,39.03440763306956,1.3627138418589237
542,25.439735849872804,25.235594358225477,23.762230887275976,23.047687933567133,8.626345346029279,24.794034167438532,39.0156265637285,1.3575890713855698
543,25.684406400796746,25.404515229385932,23.791907732559284,23.531570386338995,2.7348992397022514,25.00702980843861,39.00461771293689,1.3320211312140144
544,25.86055743331475,25.602846255956383,24.286434181031627,24.004860831579315,13.675752310817444,25.085944017305465,39.01747711283272,1.3156919679517973
545,26.047312654789863,25.743606569722466,23.981439373201813,23.156046837667432,11.679520012090741,25.270378586509036,38.91364130136581,1.2866328646575944
546,26.1821004963424,25.935000298677352,24.585721967444794,24.117563435023165,11.681604867984863,25.553246027182926,38.88961896840929,1.2707518472066885
547,26.290959290780123,26.110145359155155,24.27459340218955,24.01898857067948,8.356672978042148,25.531332174752322,38.89585107490024,1.2604891784120122
548,26.403617062979805,26.196433167894675,24.779763121759764,24.440045179535012,10.779658895936368,25.757573182216806,38.92167908492958,1.2518062021949772
549,26.40812678130064,26.227274700495897,25.044315040001624,24.977756284131726,15.141098833461562,25.86057638981238,38.85668256770848,1.244855578640784
550,26.51402403158668,26.36351693425369,24.90174163284314,24.592150992673744,8.40993032689122,25.723014826350592,38.89636993456526,1.238234590297858
551,26.599542749892525,26.45755716587105,24.74489478782819,24.422113596299074,8.41294918932472,25.869551087774436,38.881427235396174,1.228188448550365
552,26.818074246012195,26.576162484820784,24.91149519825401,24.54718030758856,12.201474321178402,25.998713334780923,38.908661725034385,1.2090587479022192
553,27.040395433845237,26.741946037213104,25.60239874683882,25.144791074806005,15.270440950781683,26.495358598729513,39.119264994974166,1.2078869561128929
554,27.164925730076405,26.946349084329796,25.687439067214363,25.07766913622603,13.711940316581167,26.52180352881878,39.03641501054977,1.1871489280473364
555,27.251404583856,27.02164977313567,25.505517524606734,25.013073933117376,13.389922563883427,26.551327615432776,39.02180050523088,1.1770395921374879
556,27.324591188219834,27.12016793542168,25.735093253870332,25.5975887180199,6.1786436337172645,26.787948734055156,39.00927682163607,1.1684685633416236
557,27.409818942153553,27.196245857194757,26.027464011807087,25.811618001244575,10.04352986274397,26.763050472342528,39.11378468726349,1.1703965745109937
558,27.626148097281757,27.384584729703146,26.26591717585452,25.823025626317087,15.574928503313181,27.083728499833533,39.15115557096507,1.1525007473683309
559,27.781970104316713,27.433942174020853,25.249262365174612,24.238819933327726,3.80479825740143,26.731684033824358,39.05593738440918,1.1273967280092463
560,28.01985600253162,27.616930691289824,25.90609090129859,25.600742450794538,-13.199276203353868,27.072869610560886,39.50645729144698,1.1486601288915361
561,28.162948071465266,27.86294044598703,25.96867040063361,25.357449085947778,15.670231851031577,27.129246156407625,39.543379416145015,1.138043134467975
562,28.20914400253665,28.07635096931748,26.760928636498374,26.197730470133692,19.119894776607854,27.528649189093628,39.495675338193045,1.1286531335656396
563,28.271340443586055,28.06892550948967,26.492800260649883,26.216236794392792,15.109550728733073,27.653055675772393,39.475518429176155,1.1204177985590098
564,28.480748771753518,28.134419579621696,27.021689964943977,26.61778535370273,17.69934076898348,27.651526777582013,39.4937063309243,1.1012957559170777
565,28.619381813944504,28.39601982021984,26.817903777345595,26.082737798447294,16.127108237809956,27.938909960864418,39.49570465989419,1.0876322845949684
566,28.65255629619591,28.4866931758551,27.27626519988224,26.919359757140793,14.880717087061129,28.018995957019204,39.50001088655537,1.0847454590359462
567,28.774358617342386,28.56724194837184,26.455002853719463,25.849024297065036,-2.2064458615043634,28.069456845394406,39.48491570793206,1.0710557090589676
568,28.915564755665113,28.684840473119582,27.016975129377933,26.610953713045905,3.2312354061471282,28.383397091855784,39.400399687025114,1.048483493136
569,29.034867170251772,28.867366116838433,27.762318090352192,27.209430551609994,18.740100593763216,28.41309235954395,39.41538408400559,1.0380516913753817
570,29.11038227962324,28.96539887755383,27.45657448185684,27.269346535243457,12.074366100888504,28.61657043060191,39.49397761986539,1.0383595340242149
571,29.195954782026618,29.0600268591264,27.69348776400699,27.121219391255067,17.51026288868045,28.6739778346289,39.4611074635729,1.0265152681546281
572,29.353626472160613,29.141059728969903,27.761944937855592,27.39364904579623,17.761540860627193,28.65651077669225,39.44239836106875,1.0088771888908132
573,29.387517371096628,29.26006681694519,27.673456324276803,27.052328292084802,10.601026593812609,28.884945295670512,39.42833899138434,1.004082162028771
574,29.42962796488351,29.324104724428334,27.871054058367285,26.93238044399716,12.830923784359396,29.091392944199935,39.434747343240865,1.0005119378357352
575,29.55102966735349,29.34901502332751,27.860006676094844,27.980352216334087,-0.8166107057697474,29.065749904082157,39.41293322585083,0.9861903558497337
576,29.632354894526514,29.44248076893824,28.121849070745565,27.433277134199102,18.0405836014318,28.864531183483802,39.43501551526094,0.9802660620734428
577,29.632146923399517,29.466535331304925,27.987966172730562,27.337862987708363,13.198561405578559,28.98951891222965,39.43480754413395,0.9802660620734438
578,29.734079643441564,29.541877837783225,27.90005030223745,28.157485365788066,-21.304689712848763,29.19692927772965,39.4138962526628,0.9679816609221238
579,29.909372851431502,29.63779101327216,28.18680460818914,27.737309941762426,17.517001907014155,29.211153017097814,39.651964529835745,0.9742591678404242
580,30.015511755339894,29.874555270798396,28.637048590888362,28.365012285171233,17.19862292571159,29.582140683822917,39.67080724819143,0.9655295492851538
581,30.064770954208303,29.920020728369934,28.531646648750012,28.155759500223265,13.918322828879063,29.454942823083762,39.69660652202145,0.9631835567813145
582,30.068892160561962,29.858056205805934,28.571329291380472,28.07120397101279,17.72136621157644,29.25749288231173,39.69948834539321,0.9630596184831252
583,30.201804014396885,29.95698246056059,29.045837804084556,28.82969475097722,18.618109852192383,29.645983733075347,39.711405509599345,0.950960149520246
584,30.312365866985857,30.13461556423809,29.17726575261126,28.815721696189144,20.936059183877212,29.90335159144929,39.71356413373086,0.9401198266745006
585,30.353689105377686,30.117395149966587,28.67997135846552,28.105707737514603,17.04369933444702,29.399164156707606,39.691819982807445,0.9338130877429758
586,30.439198805732126,30.27966534646634,28.835051956125934,28.424034062836657,6.639489691098959,29.81706284592002,39.720823687704915,0.9281624881972789
587,30.458203883021426,30.249689318513685,28.50636970095561,28.213393542236233,12.856655986596063,29.635783546796322,39.70800181459808,0.924979793157665
588,30.48029536072821,30.3680839632011,28.921274405701368,28.784591334832943,13.722337103082232,29.87811849601379,39.73009329230484,0.9249797931576634
589,30.543901300194136,30.377316213255455,29.254422851113677,29.122291132149495,16.682118319802182,30.09261647526229,39.70648339693484,0.9162582096740708
590,30.694547212089237,30.489682736782903,29.238341566237363,28.748292220392358,21.047202247867656,30.07298017591483,39.70041581337974,0.9005868601290504
591,30.753645532431275,30.64566009104705,29.303278814200777,29.08053055648144,8.049538957597235,30.202870397121004,39.72493171809981,0.8971286185668536
592,30.848115959685078,30.696618810724253,29.359095882632573,28.73176656003709,19.767577055871925,30.21442986723669,39.98398961984917,0.913587366016409
593,30.910421154143233,30.759994967456095,29.87235457681802,29.496059173735446,23.622814873840984,30.331884818658104,40.018596070138415,0.9108174915995182
594,30.9574167090219,30.847917956808505,29.333237759235672,28.770008593109416,18.47124903106787,30.347258564783964,40.02481966501382,0.9067402955991924
595,31.091537534818457,30.820408028063646,29.422825530785047,28.99007378405053,22.465221569509637,30.370220965504757,39.96323914930404,0.8871701614485579
596,31.25134211509632,31.06327044037041,29.742702374473623,29.543154789109504,15.710740482146317,30.679922549162008,40.05242942708838,0.8801087311992056
597,31.258805113600598,31.12227542356789,29.8050328579848,29.630785779343476,17.09116957464423,30.739165853259156,40.02387347237428,0.8765068358773679
598,31.300903390766816,31.10585504757303,29.64939865929795,29.03834092488733,20.767278668318028,30.598893655421154,40.04003565277356,0.8739132262006745
599,31.291647697643068,31.193878253644904,29.740279918224974,29.67217464461772,-21.582040556575706,30.815722736183666,40.030779959649784,0.8739132262006717
600,31.458046081393185,31.192350326615106,29.325827759013706,28.76307542436659,18.037867998090555,30.57742275089007,39.91811966983843,0.8460073588445248
601,31.614419982682946,31.327138105662407,29.943445728619782,29.516586292962575,15.019549161636675,30.668634377157446,39.950108941313495,0.833568895863055
602,31.65648432293619,31.50704114174472,30.138676545793636,29.463540105476337,22.23880027443188,31.03130725779984,39.940365851133734,0.8283881528197544
603,31.733250063251162,31.598623059707947,30.382378219417628,29.866446463145227,20.879267958976314,31.12835869318691,39.97681102420592,0.8243560960954759
604,31.755243169189242,31.65134302892006,30.22225749969323,29.53347024264766,13.321887206119342,31.161355836818036,39.94213798977841,0.8186894820589168
605,31.783763953339857,31.66667502286022,30.462430425672437,29.957589098014303,18.511312112018004,31.1510150992776,39.97065877392904,0.8186894820589179
606,31.78764325278044,31.644776541766404,30.35456917070522,29.898240287941164,19.856570118948746,31.261317132968617,39.950767237540276,0.8163123984759834
607,31.85804323888435,31.6953409794466,30.227969915250803,30.137991078776857,19.777491489946488,31.22303592308829,39.96104654990829,0.8103003311023939
608,31.887198445487073,31.77476146947907,30.347922547215614,29.845919236531138,15.338637650897219,31.044334443858887,39.99896881407413,0.8111770368587058
609,31.89792172919954,31.744608899941337,30.00885790901575,29.394342211257452,18.46903853865019,31.198021394117845,39.780440346071344,0.7882518616871806
610,31.946023012156065,31.73013387255593,30.237977067705344,30.138559252707054,8.034073640252686,31.235792121531787,39.918366327311766,0.79723433151557
611,31.969947506629214,31.79336982692167,30.50650953936134,30.130163290908513,18.49931080992995,31.398090589053353,39.9265389886851,0.7956591482055889
612,32.04282344405782,31.83720267044505,30.079376560740144,29.3396161930484,8.267573129956737,31.349952760140983,39.92145060457265,0.7878627160514828
613,32.07101934630889,31.954276787896784,30.662289267339922,29.82661634809739,22.389627478133505,31.550060356621593,39.94354311454002,0.7872523768231137
614,32.139055579562864,31.96527028914619,30.319813940330487,30.263370392231543,1.6740348409757715,31.396746050654663,39.97625439276446,0.7837198813201597
615,32.18820606905397,32.04163337521271,30.61796577254934,30.525632622587004,11.518502844466138,31.56807753233312,40.01562308141675,0.7827417012362781
616,32.19984746477962,32.07837698995528,30.868282382463175,30.203477937024097,23.48371263988919,31.720004049140123,39.9866475282686,0.7786800063488973
617,32.27750855457385,32.08045155903296,30.243069692000894,30.23113288841401,-15.642643949121243,31.620153703667903,40.003351090392876,0.7725842535819024
618,32.28546772606843,32.14564024953084,30.965089610921662,30.397433637021706,20.025503363851143,31.85574087739583,40.01131026188747,0.7725842535819042
619,32.288359149250844,32.12415581339052,30.88581380396217,30.37763498140113,24.502537807460044,31.641456355530018,40.001019117684315,0.7712659968433471
620,32.31422284672384,32.16675775800845,30.761372538951772,30.38628508864589,16.721167033794213,31.794061754421527,39.9924907188332,0.7678267872109362
621,32.36020352262782,32.197000207066296,30.787916522977724,30.510750236750418,12.581647822602285,31.74367722792137,39.98388082342132,0.7623677300793501
622,32.44304643532012,32.30858393863778,31.166599237529006,30.752277399429776,22.268851344434765,31.822282877476784,39.97114504251136,0.7528098607191239
623,32.49545364582436,32.36689305254836,31.230776766239423,30.843955493220914,20.456376803532997,31.812049674611107,39.99660682782679,0.7501153182002427
624,32.55543421217659,32.36040939941563,30.817391464127983,30.323918382205235,7.32981065712152,31.75189624866256,39.94848420596957,0.7393049993792977
625,32.63378493594849,32.3723660248673,30.702058797220975,30.509139053417922,-7.469741308855049,31.79464267435774,40.00120413666539,0.73674192007169
626,32.62503280145238,32.464090898649054,30.860312376683506,29.995294102636286,18.03417503280225,31.812153291359756,39.99245200216927,0.7367419200716899
627,32.69672483595741,32.47135606157039,31.200120963061412,31.091611938025697,18.122426676077463,31.910289145827793,39.964113752903046,0.7267388916945636
628,32.763758493648,32.598322746546614,31.002863352806738,30.45755235330385,7.48068179995483,32.06747463150093,39.915135715800254,0.7151377222152258
629,32.82743807427396,32.718753362256535,30.96087424547288,31.074050923001572,10.473103228880358,32.29259180828217,39.88321638387552,0.7055778309601567
630,32.86384763525314,32.72803899809801,31.22537406563516,31.187825993581427,-1.9503851425406964,32.37096513153023,39.919625944854694,0.7055778309601558
631,32.889912960550554,32.66712339260968,31.261948862055473,31.19344148978022,-11.490057986053053,32.26821164368046,39.90443259910084,0.7014519638550291
632,32.89131465846692,32.71231089472821,31.494233844641226,31.107156432094644,21.385307054404084,32.13209477800301,39.877182762057345,0.6985868103590429
633,32.892914422468365,32.758518477605975,31.38103362911931,31.358636396361003,19.08117564542023,32.30617495868381,39.8787825260588,0.698586810359043
634,32.95308567147139,32.799754164330125,31.284288503599498,31.33927246734025,9.097377642290649,32.489117510249145,39.89587447834141,0.6942788806870017
635,32.97446534803997,32.78981784268013,31.422381362709746,30.80113990617678,18.257066783554258,32.32268474789667,39.883748999176746,0.6909283651136773
636,33.02123960663271,32.84878141006239,31.753980365815288,31.441623293743486,19.01821617392065,32.37510202943734,39.84756308790423,0.6826323481271516
637,33.095216901549165,32.95822740625675,31.506505221852766,31.053688463786152,18.72453334134677,32.53466612149741,39.92154038282068,0.6826323481271519
638,33.11264362980575,32.88418591536219,31.496856850664887,31.352249981798977,15.424742279000373,32.47977999939275,39.902905535998585,0.6790261906192834
639,33.18213571886943,33.000797259899436,31.30862517106629,31.14117969555263,10.47661593181429,32.480479141809475,39.87824841867103,0.6696112699801597
640,33.27515002943392,33.0635561910434,31.41106815273515,31.011778259932825,21.208919932634554,32.445956699274355,40.10897749817366,0.6833827468739744
641,33.32724960935835,33.19326798035548,31.59057769062486,31.19326829018943,2.7567822686302463,32.67884580862511,40.16107707809808,0.6833827468739732
642,33.36165320065632,33.18119708306824,31.892894987472108,31.39877827171013,23.949080573942133,32.644708826072566,40.19548066939606,0.6833827468739738
643,33.359069195733625,33.24361516395241,32.125394460112474,31.7606294901116,25.238899596662073,32.895842607151266,40.16142876953357,0.6802359573799944
644,33.427861055341566,33.26495269220683,32.02245264420127,31.728120137282147,22.74372234601035,32.82456299980339,40.168173296094,0.6740312240752427
645,33.43736234891735,33.19670853819463,31.826159938275563,31.168634210145157,14.111153048065791,32.76232140577286,40.146761339680104,0.6709398990762754
646,33.45228137844422,33.25080489924219,31.56376532139912,31.11181955845092,15.553800840812691,32.70001533703367,40.152860815649554,0.6700579437205335
647,33.50663810533163,33.27962619521608,31.757087504021214,31.357010120949354,19.353611791463734,32.801806187652765,40.179903725537905,0.6673265620206273
648,33.59352042260542,33.29105829849267,32.11268941370225,31.5123362626303,20.23391865032348,32.71852591174267,40.1218835600652,0.6528363137459774
649,33.64360434313447,33.52778698771395,32.07319542513585,31.795842387810403,-5.457903417660482,33.119688875327945,40.134890169096444,0.6491285825961971
650,33.66240901833554,33.51223212360461,31.867635111321455,31.852095513298124,3.1514636566606313,32.98707661475805,40.15369484429752,0.6491285825961981
651,33.69624934910491,33.5357070123819,31.920110054931634,31.596305309029596,6.819751291880728,32.95398813113522,40.129544752633784,0.6433295403528871
652,33.74032661399798,33.55092351155056,32.04734749543592,31.615291323539203,19.759100367590417,33.03071895250238,40.05265734453056,0.6312330730532582
653,33.81292140465683,33.70581668626715,32.045157212747405,31.765577469109438,-6.366949721232523,33.34874006389286,40.12525213518941,0.6312330730532586
654,33.879035263236716,33.5979556980579,31.759999891904652,31.976147275128273,-13.878145046382208,33.02024955532811,40.07604177947774,0.6197006516241026
655,33.932110927632955,33.66001986051417,32.12484302359438,31.47381838903921,17.707456800564003,33.0686691019474,40.12044119476476,0.6188330267131801
656,33.95992417346278,33.85305973453404,32.49824231937363,31.778311323240253,24.49403547602037,33.40358416777347,40.14825444059458,0.6188330267131797
657,33.95646938050716,33.805634798282384,32.56761425637512,32.195507298919836,23.376980998805713,33.446701797529684,40.144799647638976,0.6188330267131815
658,33.938518741543064,33.81666208571007,32.70381826032949,32.25385136118579,25.414669618944814,33.413388080134425,40.12684900867487,0.61883302671318
659,33.96057606859878,33.81566538253618,32.28706089722449,32.24399494502786,22.006541659763,33.25146493202375,40.08588283533027,0.6125306766731482
660,34.09062705378039,33.83513487277865,32.1524334683185,32.13221662802412,-9.930950610093106,33.33662719299477,40.27247117422073,0.6181844120440344
661,34.125229454524735,34.005012572159856,32.79686666476811,32.60945959090172,22.14972390166751,33.6242258869425,40.30707357496509,0.6181844120440352
662,34.1419557724784,33.97339296808737,32.61027850911178,32.29841317538184,14.944636834873172,33.45760618969875,40.316670850310715,0.617471507783232
663,34.15998588645213,33.99424253648567,32.6971663403289,32.01919964457665,24.517985162983535,33.346348474011535,40.24445486700605,0.6084468980553921
664,34.223650327585545,34.08155771596347,32.81127529928959,32.53535015422972,17.218910219962364,33.64836102955728,40.38215947120927,0.6158509143623724
665,34.281706412963786,34.10629411333342,32.76373464953499,32.49451372026118,14.966380657219894,33.58325708981721,40.404323058346385,0.6122616645382597
666,34.31285429570775,34.181495062554646,32.681300138313986,32.2011835515631,23.199837338067187,33.38024035937811,40.4161508521968,0.6103296556489047
667,34.363412776445585,34.20921372483765,32.635761583607696,32.36022890661745,-12.98245749592521,33.771898712612696,40.40260848441617,0.6039195707970585
668,34.397982065503186,34.28226974858922,33.134287682884136,32.569459813649125,26.701791796462853,33.76567477943394,40.30110471673041,0.5903122651227224
669,34.44979897474117,34.3551689804157,33.262147112068604,33.046567208316716,21.991181239759243,34.12556744962686,40.348244274555505,0.5898445299814338
670,34.477225256477965,34.27988066858502,32.950819647947654,32.520084181068604,17.88204997980255,33.736924440653745,40.36961917652145,0.589239392004348
671,34.4793318585139,34.311990911386104,32.89960629487071,32.260433480145196,17.975980728613596,33.812594185102284,40.37172577855739,0.5892393920043486
672,34.47422273965194,34.33063849161766,33.40078571341337,32.94345261897172,25.97268779515212,34.039066236554405,40.366616659695424,0.5892393920043479
673,34.485411763203295,34.2927431119914,32.99277499048077,32.43430218196597,21.273966716472653,33.65732360492371,40.381041619816074,0.5895629856612778
674,34.54059345651023,34.223754171610615,32.78697973092985,32.640637132297066,15.544710763671748,33.77146338235979,40.3727477544627,0.583215429795247
675,34.53231207672208,34.371719691187984,33.032453406076804,32.7266291522944,21.3230509019109,33.914954172596204,40.36446637467456,0.5832154297952475
676,34.57034717733694,34.4067757270218,33.35507486529038,32.99631194148383,26.837216664938985,34.08189661814565,40.34865149021458,0.5778304312877635
677,34.69863638847651,34.45323272692678,33.33245453446674,33.377764983519285,18.333273184235477,34.12077023126967,40.36093214350911,0.5662295755032603
678,34.72127912107279,34.536669068642574,33.350714483058994,33.01583747214758,24.00037567080316,34.12679710862595,40.35050665973297,0.5629227538660179
679,34.7492198725737,34.590019940659005,33.164971025527244,32.59660932775327,19.37637264277904,34.05793179081272,40.33551644961651,0.5586296577042816
680,34.784138713963436,34.56040189043394,33.4242050947004,33.08785732937409,21.806687655672885,33.91569564787306,40.379344416426676,0.5595205702463241
681,34.80362291080627,34.608859316362604,32.90648842893028,32.700172290207206,-4.9119984959191925,34.16952507390556,40.335445411605825,0.5531822500799557
682,34.81042972166557,34.71063441752018,33.46758067955111,32.897166723299925,18.2697697196802,34.393937583817745,40.34225222246512,0.5531822500799548
683,34.851766930326455,34.70009147546699,32.94864167975614,32.9144191580674,19.56198719667253,34.1421012366784,40.39486333416951,0.5543096403843051
684,34.87790398675514,34.7413409936976,33.46306005797654,33.33668724043133,22.429559005830356,34.424817529806646,40.391437789807206,0.5513533803052066
685,34.92319767341645,34.73958123605499,33.612577536026244,33.18332186656126,24.60283137016011,34.34102708903739,40.44879950167502,0.5525601828258566
686,34.974146902941364,34.85948091602634,33.68098281584387,33.1812713876212,25.063064196355285,34.49680173616008,40.49974873119994,0.5525601828258571
687,34.94320468342382,34.69453620300493,32.911987806821266,32.14061908220105,9.51601690609284,33.968247418694034,40.47486434744024,0.5531659664016418
688,34.9718690150962,34.76242921277659,33.34494656809972,32.75493450678488,23.952017553343953,34.23840300610927,40.49298735815519,0.5521118343058987
689,34.96456385811433,34.82131497755073,33.73618614600906,33.368483055587156,22.419076913118474,34.39998613607975,40.48691867085843,0.5522354812744095
690,34.95191151716517,34.81825063109728,33.380286896179676,32.834300668641966,23.697388220702333,34.41265743640574,40.47426632990926,0.5522354812744095
691,34.952409949037744,34.81183943102684,33.510947855434736,33.09694117807311,16.944031021567508,34.39768351698224,40.47476476178184,0.5522354812744099
692,34.94795291868285,34.83801646646491,33.399343053482376,33.54428366876099,-17.22451255171918,34.48861244727435,40.44941858858738,0.5501465669904524
693,34.96042554430706,34.81253619014383,33.39205538535151,32.533193928769535,24.830166280794693,34.32954377160731,40.461891214211576,0.5501465669904516
694,34.955654050424634,34.69070895562153,33.16351939170481,32.66229391002651,18.14947265154586,34.10366968217021,40.44723819913248,0.5491584148707847
695,34.982785955987666,34.85897207782999,33.044887756973345,32.47164671010575,17.306711724929087,34.06764302873076,40.47437010469552,0.5491584148707851
696,34.962465763631045,34.83846451993727,33.4709018292419,32.94930901193444,19.672624197707858,34.25739125999399,40.39731919770006,0.5434853434069011
697,35.01317042414202,34.91913560926971,33.520928016706954,33.14918203896102,16.81423622808376,34.55911794282004,40.44802385821102,0.5434853434069006
698,34.993301251705134,34.84775552953808,33.144272159264574,32.830096422052534,20.029763201291,34.3480530349909,40.428378557888,0.5435077306182869
699,35.00294605277707,34.84077219380486,33.45656212005631,32.93249985903067,14.870066053275849,34.41282505109431,40.40590121344024,0.5402955160663169
700,35.03140173413754,34.91982815024586,33.45021728248804,32.87868258647199,7.935688262314656,34.54866253431092,40.43435689480071,0.5402955160663171
701,35.023008992204765,34.92222579178505,33.61952794128664,33.20645415393169,19.850349886370548,34.45059215857626,40.42596415286794,0.5402955160663173
702,35.04337580227802,34.89732916048614,33.39356305555007,32.97609218908984,22.883701730743855,34.44174950252355,40.44633096294119,0.540295516066317
703,35.05908400085123,34.915971699171735,33.567369551241576,33.05031150841786,20.48386088240715,34.45495187340936,40.42559998899133,0.5366515988140103
704,35.07807838503113,34.97093787712712,33.71156378045593,33.37787643460584,17.329307937493724,34.70110048840975,40.44459437317123,0.5366515988140104
705,35.08997173090675,34.92767435024555,33.54800555060182,33.08099782686351,11.17047577777008,34.33255234857778,40.42934730940342,0.5339375578496672
706,35.13965963367519,34.963627991982634,33.77433222890905,33.945137216415986,22.656742742175865,34.59051059272588,40.37507185089888,0.523541221722369
707,35.163601670002926,35.03823321602119,34.027202098459966,33.59130821871462,21.151821111974236,34.82539621686698,40.39901388722662,0.5235412217223698
708,35.17727048470049,35.06403589935936,33.87131845363148,33.591750661460864,23.253776855332994,34.75173202994681,40.31513672195572,0.5137866237255223
709,35.24151571433634,35.01118798350893,33.391304461224756,33.24934935181146,17.533960938481627,34.26048588837527,40.343483329224654,0.5101967614888316
710,35.27756180970455,35.15641571034618,33.93143568901102,33.551931859483716,24.387708370085292,34.6723568150141,40.33586213556932,0.5058300325864767
711,35.29139687363445,35.15012893840569,33.274552890560244,32.892909311742024,20.01318237388094,34.51175394392109,40.34969719949921,0.5058300325864763
712,35.28900137708159,35.10775550525733,34.22157892374219,33.937134180555,22.78499247015505,34.786140430770104,40.34730170294635,0.5058300325864767
713,35.287064274615304,35.133866545100176,33.98520434881569,33.41066303712087,25.984919838458413,34.72087708589494,40.30937666555598,0.502231239094068
714,35.32019909990503,35.20565731775774,33.734797098175314,33.46896465466684,17.37592128032709,34.611237705852346,40.34251149084571,0.5022312390940676
715,35.342528023336676,35.09008399557022,33.86932401310362,33.517351304102945,20.742572852831948,34.5481300925223,40.36484041427736,0.5022312390940684
716,35.3298418356202,35.13139380917953,33.99836349577279,33.42913468392218,24.953592287303955,34.71681358281492,40.35215422656087,0.5022312390940673
717,35.40346525202732,35.196984787027375,33.72435472967287,33.20469007493121,11.95529659561143,34.63562205116476,40.40962967071706,0.5006164418689746
718,35.42877963557707,35.23437261599672,33.738270057860284,33.35410348793579,12.085491664731705,34.88972618189855,40.3019509451451,0.4873171309568031
719,35.50418572795184,35.40037426777238,34.103055801823835,33.817517928792675,11.978561327668636,35.128771139069514,40.33652071721215,0.48323349892603107
720,35.544848209023485,35.41297025392788,34.00934314262648,33.69561038802251,17.51725418528114,34.876159929892715,40.23521585828821,0.4690367649264723
721,35.54135298726173,35.437027487567754,34.21682085015817,33.95907730930507,23.391241194023763,35.03398235990552,40.20009785992477,0.4658744872663038
722,35.58371081272149,35.449569058726674,34.179597550617814,33.27362695101958,19.482992107072562,35.030311291054105,40.235042582971516,0.46513317702500284
723,35.620044274959696,35.396580263793936,33.90243376289988,33.45751925697318,14.660776132781042,34.794058463237995,40.23539949225149,0.4615355217291794
724,35.6228751304781,35.4589465303401,34.160053779864356,33.71458234963068,24.319428921354465,34.87553272699675,40.23823034776989,0.4615355217291791
725,35.62501322374914,35.5043860183805,33.78554974851221,33.300193835078005,8.883378790602869,35.10873211818995,40.240368441040935,0.4615355217291791
726,35.631835493602054,35.51991018237625,34.14860222459202,33.655782079318,24.811211706357156,35.01659372953968,40.21076524131298,0.45789297477109203
727,35.67500802676869,35.542060271997194,34.44211925090616,33.922912070736764,26.773577912169976,35.107717394645576,40.207120052045425,0.4532112025276741
728,35.699601422406516,35.57656483977135,34.42632184876513,33.67721918154735,28.70411331881189,35.13834024724257,40.23171344768325,0.45321120252767344
729,35.73452430129366,35.4716770149537,34.002514205453316,33.423310264400975,18.922615950343086,34.75742105726336,40.23582677186302,0.45013024705693544
730,35.82422106776144,35.50230794318525,34.320964875249906,33.91658803106477,16.342087029894525,34.980533235172246,40.243487769390896,0.4419266701629456
731,35.857541527622864,35.666211391401674,34.510019129410935,33.64412596457341,27.14454261272732,35.17489726681018,40.27129458936961,0.4413753061746749
732,35.84882154937619,35.7164789458934,34.18673648922066,34.08172478283079,-2.9342884179862594,35.413907531205915,40.26532883982628,0.4416507290450092
733,35.86159178508863,35.70245525701363,34.56434010153603,34.33639102362765,21.882012999026756,35.29939366270048,40.278099075538705,0.44165072904500796
734,35.88349874186605,35.73186210729266,34.526797219650035,33.99870485209304,25.087707511866483,35.2671204262234,40.250574449026125,0.43670757071600746
735,35.89815772419646,35.746693148119896,34.488219207970154,33.97901019993164,24.081027346160745,35.14724772461946,40.265233431356535,0.43670757071600746
736,36.001718242778104,35.7958441341452,34.536950295095124,34.22806574372621,23.748419402553782,35.382267385980256,40.44496808068843,0.4443249837910328
737,36.01881574585401,35.885778586573565,34.373935462326735,34.33769330303875,16.82334019556766,35.39261712573207,40.429501300379954,0.4410685554525943
738,36.08138263034211,35.88253450433623,34.62024235722362,34.04202696099047,25.264741820183144,35.37158408857532,40.44051539256719,0.43591327622250775
739,36.171287521181064,36.02980780357099,34.67607325327084,34.12707129251369,17.775957669277275,35.59684754364413,40.39551807620388,0.4224230555022811
740,36.2318621085648,36.07079598432271,34.67568042475295,34.10845357829078,17.243824124314003,35.60737892811818,40.40798396101179,0.41761218524469884
741,36.26647987358935,36.1397281921101,34.968030366434675,34.47684217110596,25.082109927209444,35.733363267786345,40.42975946290699,0.4163279589317643
742,36.272409062274896,36.07720436071174,34.88181658128208,34.57699267316427,15.700491047556039,35.68376903900015,40.435688651592535,0.41632795893176405
743,36.27838821969589,36.17871770511796,35.12181967062798,35.02123997440807,22.867956379278958,35.89521134006344,40.44166780901353,0.4163279589317641
744,36.27267897578288,36.17244654770374,34.8986738651531,34.61684899764579,24.97706469237306,35.77803347974583,40.42993184022677,0.4157252864443888
745,36.29294452727122,36.09111872832709,34.55412380085541,33.76707251677149,22.937772750607593,35.486712419012065,40.44244758341379,0.4149503056142572
746,36.286601376547814,36.15748530194558,34.92415021836183,34.28878941231497,24.27478199950134,35.70510135622601,40.43610443269039,0.4149503056142575
747,36.27689556987722,36.074936109566906,34.91867007650604,34.4799608275075,23.752597027346596,35.57419651986959,40.42639862601979,0.4149503056142572
748,36.273389210282446,36.07034606466062,34.82175183065937,34.37585559887104,25.923155076528197,35.609464268083926,40.422892266425016,0.41495030561425744
749,36.326956741217266,36.14516021223578,35.03141105600735,34.730293536797724,22.747666222466982,35.81107985748589,40.392557560888335,0.40656008196710675
750,36.372130677788896,36.2586866760005,34.994056514093906,34.42759666811068,25.31683422905795,35.910787500845075,40.41213215897303,0.4040001481184136
751,36.388455969865774,36.23093523728356,34.77410192538402,34.31068704096032,23.168161191594734,35.75722152750072,40.40050800179971,0.4012052031933933
752,36.45492289550443,36.27450833854116,34.796978542628494,34.59303310819958,18.40533894279398,35.803685143032645,40.48753374173651,0.4032610846232079
753,36.49268400718369,36.36062989168486,34.68564128983238,34.72057916988526,6.84170030713333,35.84792567685325,40.52529485341577,0.40326108462320837
754,36.50490373277489,36.42448835867699,35.223843685910616,35.26743384796954,23.332469604646253,36.11441838905448,40.53427864243768,0.4029374909662786
755,36.58879728191555,36.42604482462455,35.03445035850045,34.52672948605805,24.223457924994193,35.99332632140741,40.602077808942475,0.40132805270269295
756,36.61812035851024,36.51836240459516,35.08432489968599,34.242508992336276,26.04734957723857,36.06059928318756,40.62025616770272,0.40021358091924786
757,36.648540660023436,36.52971377616859,35.453070317414316,34.95076983232922,25.15464988319459,36.26088245093959,40.65448207141859,0.4005941411395158
758,36.680728486676,36.57490005895766,35.46738539244737,35.10494463775185,20.03403614713819,36.211076397800554,40.66943143122704,0.3988702944551039
759,36.678663393989574,36.51085576446737,35.14950438256209,34.13859601444754,24.729721321249066,35.879326039471096,40.66736633854061,0.39887029445510386
760,36.66522033600544,36.365157368271355,35.075106044694095,34.861876410813004,21.3879457240197,35.96538667789753,40.61430138986933,0.39490810538638926
761,36.71518932177431,36.60448489115914,35.33036207391794,34.842284354500876,19.47385762575733,36.253651578791455,40.66427037563821,0.39490810538638976
762,36.72129966826285,36.552693760780485,35.14286815442683,34.66134716294957,16.826659894461958,36.14803404071672,40.670380722126744,0.39490810538638954
763,36.74175531628945,36.57326245325559,35.260696495004055,34.9090790900218,22.828156233362755,36.31985780783355,40.68857126608343,0.3946815949793982
764,36.72274548317333,36.515727229371045,35.4543204584566,35.04771444547474,27.644213979815653,35.982399806858396,40.66956143296731,0.3946815949793987
765,36.74337445260076,36.488635303842074,35.322211901874624,34.697421432893734,27.624921036950855,36.0643234485883,40.59091405284794,0.38475396002471846
766,36.74321982801631,36.61602357667995,34.94809514766631,33.90285127959018,18.309638137446473,35.927765802608235,40.590759428263496,0.3847539600247185
767,36.73376415505476,36.590789186640244,35.30205769121838,35.24357917569238,3.941442563747252,36.24065468568168,40.581303755301946,0.3847539600247185
768,36.747781646787516,36.6042154025743,35.302061702851816,34.92211019822289,24.346001432104643,36.36088295770898,40.578298156535034,0.383051650974752
769,36.79639390019349,36.538936836283,35.48791082044432,35.27855620396065,20.41011065408016,36.21702347750745,40.6585331865427,0.38621392863492027
770,36.81903634747137,36.65706603044028,35.48559818627596,35.265140793112536,26.0699218300237,36.21480704147727,40.68117563382058,0.3862139286349209
771,36.81432238044493,36.6380791404978,35.35362955217304,34.98339246310008,26.7933872625798,36.23107326915865,40.67646166679413,0.3862139286349205
772,36.81616220050274,36.708622387593444,35.476533162734356,34.99155733897256,23.725742217409394,36.422815836068764,40.64667871025026,0.383051650974752
773,36.822570786815696,36.71256693127708,35.535663601714326,35.356070716063975,21.724062819881276,36.30550223274598,40.65575286143965,0.38331820746239564
774,36.82487242348045,36.69539325373307,35.378736480914846,35.266671033609455,23.44620986682884,36.250839056647905,40.658054498104406,0.38331820746239553
775,36.84072766346733,36.725111505985545,35.217946251920466,35.019132899910296,21.319358828608824,36.22208806285654,40.643092107956015,0.3802364444488687
776,36.86489885260945,36.74236306211519,35.14035865414453,35.17276790593477,-11.097262806633843,36.28773316492661,40.673942975908105,0.38090441232986577
777,36.87437847174566,36.71540779245524,35.33641278001705,34.80420076027991,25.995302659481023,36.27324222546139,40.68342259504431,0.38090441232986566
778,36.88974687364076,36.73971334427707,35.40735930514059,34.85899769670084,21.671564354683834,36.18510334808782,40.69879099693942,0.38090441232986644
779,36.891826285356,36.72574630175988,35.405454205488525,34.98487916443914,25.890142580452242,36.33125080569941,40.633766221344146,0.3741939935988153
780,36.91376015058321,36.814799454915715,35.48644000361305,35.163095371531035,17.93282124583994,36.37385020762406,40.65570008657136,0.3741939935988151
781,36.894623143727635,36.79671316403008,34.81909296519808,35.32495453839263,-10.83118250225639,36.38207772000381,40.636563079715785,0.37419399359881494
782,36.903661793335225,36.74446644567028,35.55498546957541,35.01493909958685,27.112873046672426,36.09935074945457,40.64560172932338,0.37419399359881556
783,36.8916595019159,36.79348720832941,35.59337997227516,35.2380605820696,15.52931625168107,36.56454598589798,40.63359943790406,0.3741939935988156
784,36.9059331259617,36.81450219822443,35.32347059312209,35.16886920789823,22.258148144414303,36.26591878783118,40.64982290654961,0.37438897805879084
785,36.91603214734036,36.78701622951362,35.54365418770102,35.22641705386732,22.875373300486473,36.31468381636746,40.572355679454475,0.3656323532114113
786,36.98414199704329,36.863429573829585,35.688155290637866,35.26801903794628,24.859834139958082,36.47438202072607,40.61656672837613,0.3632424731332843
787,36.968364898955834,36.86788728282482,35.43930164224984,34.83481467226457,24.692165423290042,36.44747413735648,40.60078963028867,0.3632424731332839
788,36.974175665146085,36.816863649757295,35.58318827801856,35.38241327508512,21.610183109494415,36.543995349694,40.57868176894592,0.3604506103799836
789,36.97670645225999,36.87309446283637,35.691302370150275,35.18932312180673,27.118702739701703,36.52335237522638,40.58121255605983,0.3604506103799845
790,37.022769099029944,36.89272723403676,35.344302447375924,34.9821297103021,13.288253903532478,36.47186867611813,40.60919077459433,0.3586421675564391
791,36.99535521579414,36.875388172931196,35.60797920697622,35.4303024390841,21.834807227662136,36.428700600300346,40.58177689135853,0.358642167556439
792,37.013482825535256,36.851691536388245,35.40471926341333,35.16061160265647,18.46682857172332,36.38679444184385,40.599904501099644,0.3586421675564386
793,37.00098382921838,36.84248127202911,35.38719417190359,35.44456196562147,19.617709778516705,36.35291648350429,40.587405504782765,0.3586421675564386
794,37.0082464823377,36.8906620236162,35.517584850653854,35.12746487368241,19.044415453747305,36.52760523381357,40.58661464701051,0.3578368164672811
795,37.00004373302275,36.902790113118385,35.56979622322809,35.35402750611075,27.474852817803452,36.41437217533445,40.57841189769556,0.35783681646728116
796,37.01854801284105,36.91871248175683,35.5063314711456,35.33944364976663,22.21521639332875,36.41531791202824,40.60279102478713,0.3584243011946082
797,36.99356465031475,36.90914799784809,35.76522771741648,35.3046729888918,26.28924614070814,36.50177973583743,40.57780766226083,0.35842430119460805
798,37.01869045181444,36.887334845396595,35.41404210985138,35.22279186875348,17.486928702685844,36.41964090702316,40.572360948816,0.3553670497001557
799,37.036412073739385,36.877213791867945,35.58198745748228,35.3187247598868,16.944472262085213,36.545322902625216,40.59965749927231,0.35632454255329254
800,37.01754105333669,36.8845488839942,35.943094238814496,35.46907964729976,28.642219375811674,36.52127279072903,40.595226989222944,0.3577685935886252
801,37.0221713946139,36.901710810670934,35.02406439331284,34.619936252535744,16.897707553940926,36.373140435331834,40.60069827679281,0.35785268821789135
802,37.04275791345782,36.79188541354603,35.06770292458411,35.02225203597611,19.264302738141602,36.00046213939891,40.61909703401279,0.3576339120554966
803,37.048168221791336,36.86976231314432,35.4937989020413,35.037865666921704,23.986851629543256,36.30515673574552,40.588365728977294,0.35401975071859565
804,37.072818945897225,36.94096719272116,35.71541888056521,35.563409271219534,24.832549745918506,36.4637373643495,40.613016453083176,0.3540197507185954
805,37.075157500308244,36.97081985663312,35.90274906990665,35.46049813537672,28.09047696225886,36.649537598712065,40.6153550074942,0.35401975071859554
806,37.074916132895645,36.94560925228238,35.77251538423121,35.35909835693165,22.020188557486055,36.63159456548653,40.6151136400816,0.3540197507185959
807,37.070940111815,36.95211719240828,35.544884116720574,35.23762089680675,22.154102752561307,36.57244026298104,40.5918175301074,0.3520877418292398
808,37.106552084032565,37.02328237691216,35.486442982449574,35.799057500379845,16.947298575143904,36.70994142639783,40.63108403435321,0.35245319503206446
809,37.0971964123801,36.893959371822675,35.41625222928906,35.06481011450734,20.336521708112592,36.430281355190004,40.600308908894895,0.3503112496514798
810,37.137568104536314,37.01700318874649,35.88600630558567,35.54326900671438,28.16853924376598,36.61759222394541,40.640680601051116,0.35031124965148025
811,37.172741168474865,37.00935822667234,35.51129775043039,34.86107928577298,16.25949599462735,36.49061621700317,40.62170846176531,0.34489672932904464
812,37.14808961996991,37.03551670723759,34.90286616365568,35.25764602555738,-17.024349108663515,36.52169431687728,40.56526817796792,0.3417178557998016
813,37.200900713425426,37.019751225134954,35.70283008520875,35.72739517324018,21.66447490665231,36.68570987898434,40.61807927142345,0.3417178557998023
814,37.189835848365554,37.014901933231684,35.79275428581772,35.19482503214057,28.984482746574564,36.61356099752682,40.60701440636357,0.3417178557998017
815,37.19249815560701,37.111582441638014,35.52129675767137,35.51755402390303,13.884466308675613,36.70542354897812,40.60967671360503,0.3417178557998019
816,37.19762870243025,36.9771753743168,35.61796465027754,35.45573149098305,22.408078711421624,36.445441857231415,40.58735274926208,0.33897240468318324
817,37.22306354037167,37.068578556378256,35.66675268817266,35.76877041815011,21.99383839622634,36.745102333542945,40.612787587203506,0.3389724046831834
818,37.22331129179569,37.13662002507098,35.97387483003483,35.803376416982545,26.30445019645701,36.76103795356571,40.61303533862752,0.3389724046831829
819,37.19972838396998,37.078381594099554,35.673114477281786,35.00716059280379,23.168692809058367,36.59802431256985,40.6014154620778,0.3401687078107816
820,37.207706660076006,37.055465130884535,35.335930795267096,35.26794759080814,-6.468447516765629,36.35231176551542,40.609393738183826,0.3401687078107821
821,37.199276431932375,36.9977807156185,35.83794341497458,35.469389938760884,20.64013626922528,36.54174300626276,40.5821938885804,0.3382917456648022
822,37.21856813026097,37.10827361687006,36.05673105068249,35.65089807738771,25.611194275672688,36.812685500262646,40.58219590157233,0.3363627771311355
823,37.252404710255725,37.12316996362336,35.85744017981301,35.45977504957526,19.331948087763404,36.610432855059905,40.61603248156708,0.3363627771311359
824,37.2608121546149,37.15180975347214,35.52090745630593,34.79896006652311,15.703348740834144,36.52392318689901,40.579034513309146,0.33182223586942466
825,37.30305528291815,37.18018366423245,35.659735716524416,35.157163165406196,26.643891425762952,36.78493633735445,40.6212776416124,0.3318222358694249
826,37.29135859526176,37.18297133986883,35.85243589573904,35.63773285851872,7.851795162478332,36.73742245475079,40.602680689935404,0.33113220946736416
827,37.31358334473372,37.13773217507039,35.74149414338838,35.38134339737231,22.166689531130366,36.722512152560725,40.60321331184098,0.32896299671072565
828,37.31357971759897,37.21272933307078,35.94299166208506,35.82904010285867,23.517827468881414,36.7477712672193,40.60320968470622,0.32896299671072554
829,37.323377747503734,37.2326868659286,35.673916756061296,35.60074636401777,-4.239782414415274,36.781938773380716,40.59076305120293,0.3267385303699191
830,37.32723214727535,37.2250730424917,35.5038740056218,34.88477794578066,19.295165752001495,36.76192725550977,40.59461745097454,0.3267385303699188
831,37.36197745594566,37.18816833104967,35.69769257033596,35.85508908221906,18.328370198743087,36.71869284114888,40.62936275964485,0.3267385303699186
832,37.34811458394519,37.26744206189886,35.948422355049274,35.53037524868619,26.141446711333867,36.86718693179452,40.61549988764438,0.32673853036991896
833,37.33873480295339,37.21024117878499,36.0106962620224,35.379278116733346,23.679969102412855,36.62875249771548,40.606120106652575,0.3267385303699188
834,37.346330147435616,37.21878852261269,36.076366809357815,35.77538130146486,26.256151540065254,36.88849072219669,40.62203308884583,0.3275702941410219
835,37.338249602658145,37.17422737305525,35.706926840315724,35.2620779614745,27.052335604887066,36.64628826181293,40.61530150695095,0.32770519042928076
836,37.34233038962299,37.19053368465221,35.87235292418482,35.33680504325548,24.282581681839865,36.633147134087224,40.581902308313204,0.3239571918690217
837,37.35825170523117,37.291000767907796,36.29171565127326,35.90577558204137,22.182504651610817,36.96931817709334,40.597823623921386,0.323957191869022
838,37.37023152306489,37.26970272594277,35.983755970937885,35.490195833501794,21.924683963941938,36.90569690497966,40.60980344175511,0.32395719186902217
839,37.37895884450526,37.19648797956569,35.75690690129042,35.59427427786591,23.69063536148982,36.78713850881485,40.61853076319549,0.32395719186902217
840,37.37297881844228,37.13369386327947,35.57163890643747,35.258406666577194,15.238321244824206,36.66841935219094,40.6125507371325,0.3239571918690221
841,37.372564431606854,37.28396765069533,36.01874368111693,35.625462931119046,25.452924625419794,37.002335027567426,40.61213635029708,0.32395719186902217
842,37.40368179066615,37.26406480059607,36.09070877934546,35.97108408695042,26.918360805880297,36.83201979736074,40.61634584005411,0.32126640493879594
843,37.41887554657598,37.2702670046905,36.02557035936285,35.88135961057174,25.020001777035176,36.95030742200157,40.64484382252994,0.3225968275953963
844,37.396750394229805,37.243946247687525,35.92042609998461,35.546200669055224,18.973817253665953,36.7960221824505,40.622718670183765,0.32259682759539593
845,37.37677470298701,37.29307516867137,35.99435404968445,35.511293618213166,27.483694997341964,36.79463682078201,40.60274297894097,0.3225968275953963
846,37.38302558824053,37.12518961752268,35.80477252106959,35.25352881991375,24.910498376177785,36.73732026900416,40.608993864194495,0.32259682759539654
847,37.38660071652356,37.178851321484544,35.996947949633366,35.74197054454867,18.25940888901446,36.76271987164556,40.61256899247752,0.3225968275953962
848,37.381133494232145,37.1663724221329,35.640068809760145,34.91158432957757,20.94247657718321,36.57398403662093,40.62530813352066,0.32441746392885173
849,37.380632685998336,37.233810967706575,35.57170702312335,35.22721941931118,18.33700902869769,36.61423853669013,40.62480732528685,0.3244174639288514
850,37.40008112627258,37.28480149451297,35.79788436800623,35.0997027529006,17.728963693655746,36.78247929479005,40.59339632230708,0.3193315196034497
851,37.42234966640495,37.32084076547064,35.83816819917014,35.48326643613688,20.881783964459217,36.80922572595475,40.615664862439445,0.3193315196034495
852,37.420454282946245,37.290421212648305,35.94281093819731,35.39048240336478,28.03778576302681,36.88515148523387,40.57852187800187,0.31580675950556275
853,37.43721915993174,37.30450323257063,35.944857699560686,35.751852567679826,23.970977633789673,36.89599334718061,40.57222543637785,0.31350062764461056
854,37.450826395449496,37.33443756488981,35.78569251910201,35.4593402601419,17.093199732485495,36.71115157194526,40.5858326718956,0.3135006276446103
855,37.46228340227716,37.35380855419238,35.95795479579228,35.474996171183285,15.85864240309606,36.95944857739431,40.59706580660941,0.313478240433225
856,37.45017934759096,37.26734673835339,35.74409486545545,35.5984396431475,10.164164916961372,36.678654470790434,40.58496175192322,0.31347824043322525
857,37.483405701145564,37.317101347359625,35.89079793141986,35.477056532365125,23.434074208130834,36.70952617834046,40.55360688153024,0.3070201180384679
858,37.504629460943036,37.376065043442715,35.808421095408264,35.515676721544324,26.74078055364492,36.94290965320838,40.57469260290126,0.3070063141958219
859,37.49732625216905,37.307252843709094,35.728748571096034,36.001531541597735,14.31015847656639,36.87499718057384,40.548192904606225,0.3050866652437171
860,37.52646163745659,37.404616000791144,36.28456991422003,36.1904041676049,27.504990844342093,36.94748855427426,40.577328289893764,0.3050866652437173
861,37.54087275819651,37.432421694420256,36.19889422949445,35.654911389738956,27.98079266827947,36.96458808149593,40.57580357949127,0.30349308212947645
862,37.53687772496334,37.44273321069787,36.230675189953985,35.852281746671025,26.71701793365906,37.075070655432334,40.550769770428325,0.30138920454649853
863,37.55500666959915,37.42079765200939,35.938395124650555,35.74703619893398,26.13940820922957,36.96099394763294,40.56889871506414,0.3013892045464986
864,37.55895818093967,37.45364394847115,36.25269497085174,36.19447068371491,27.75959047885147,37.17258179247001,40.55648206119038,0.29975238802507076
865,37.55178499368432,37.43210601163408,36.570640698252504,35.93431559024131,31.757246402487397,37.03810206287905,40.54930887393503,0.2997523880250709
866,37.5749732790448,37.47199730552571,35.69242142646287,35.156500228773965,16.437322366070347,37.04756603072269,40.572497159295516,0.2997523880250714
867,37.5655829046286,37.4401269735807,35.87621070385313,35.85322196853792,16.94336279016716,36.877401620586504,40.56310678487931,0.2997523880250708
868,37.55112781241591,37.41377438519608,36.43114347747633,35.98399969465322,29.46680044791632,36.898944528867275,40.538013045751484,0.2986885233335569
869,37.581351273977596,37.45483424015928,36.239680768035434,35.8903740221512,24.446863745951045,36.9732507657468,40.56823650731316,0.2986885233335562
870,37.56327859588387,37.45027935714351,36.175739923020714,35.8448841118126,24.687175932036382,36.97262045638368,40.55016382921944,0.2986885233335567
871,37.56300446887043,37.47368774693088,36.15613634421127,35.707942446081645,26.364508047184838,37.14483818038311,40.5532072580025,0.29902027891320704
872,37.60576682272101,37.47899338709241,36.294100928372075,36.46107612353903,19.11716201826885,37.105916894385466,40.515560242204785,0.29097934194837793
873,37.62675100580818,37.44461037257559,35.84521126506449,35.81712807416654,15.655618504172509,36.853572602566544,40.51135941737486,0.28846084115666815
874,37.64967045412614,37.50447813390618,36.2789870996767,35.652979863282766,20.905386546431956,37.11475823353341,40.53427886569282,0.2884608411566685
875,37.63629130658259,37.55713335358293,36.52812525509806,36.090536533262195,26.225394496764693,37.34053087753358,40.5325607375415,0.28962694309589093
876,37.62748345140324,37.50111847971674,36.34227434934736,35.98007181811129,28.98500443811416,37.182613233141424,40.52375288236215,0.28962694309589077
877,37.62366858693497,37.484069408204235,36.6045656141097,36.45570748482638,26.961836511150544,37.055276514107604,40.51993801789388,0.2896269430958908
878,37.62109125403946,37.56241853304491,36.58487345706588,36.403967132704295,27.80447887610242,37.298820964032124,40.51736068499837,0.2896269430958907
879,37.63030262702514,37.54596278213908,36.049137432751756,35.69181526217096,22.284404607382662,37.02144073174847,40.52657205798405,0.2896269430958907
880,37.624349821523076,37.47577420061678,36.1780547812695,36.247789032473435,21.236227172157996,37.11183187293989,40.53274702192805,0.29083972004049796
881,37.620512264033614,37.48473399090469,36.60088014844235,36.47569938352531,20.664847777958187,37.27243830467543,40.527005412180486,0.2906493148146869
882,37.60123906976473,37.45045480020049,35.9832772490397,35.728563287059075,27.02819533521383,36.77184318088122,40.507732217911595,0.2906493148146863
883,37.610194243238304,37.48020596328067,35.85104814850987,35.35256763843533,23.239937885232578,36.922456600106266,40.51668739138517,0.29064931481468653
884,37.623922991527564,37.49507801892388,35.91281464339022,35.23925691499632,20.4572834456484,36.98025258935648,40.54838137809179,0.29244583865642226
885,37.6291551654834,37.442715505501155,36.43058578292677,36.02860560654234,27.697868488030263,37.05856392635641,40.52065127697912,0.2891496111495728
886,37.6357010937234,37.53179816992777,36.46708182808307,36.24569958292634,28.662662998207733,37.20654686598892,40.527197205219124,0.2891496111495729
887,37.63237881997249,37.493038741970395,36.353428770859644,35.85723940685259,28.47546014393674,36.977360317090515,40.52387493146822,0.28914961114957327
888,37.65964539388342,37.53311446213261,35.953360304536,35.76728390799532,24.357739810891548,37.10183401562696,40.55114150537915,0.2891496111495728
889,37.6166412985575,37.505536626166254,35.72074881839852,35.15643681998601,8.799425683437164,36.959666895034374,40.50813741005322,0.28914961114957277
890,37.6335794015212,37.54529998495962,36.16033758888553,35.869367527210684,23.252610564702945,37.240156301369225,40.52662616034566,0.28930467588244574
891,37.62549441149987,37.4339901681422,36.31763663407667,35.914972124753206,21.95282688624662,37.05727703011837,40.516592752065606,0.28910983405657353
892,37.6483537786526,37.45627766746839,35.99761352454862,35.51678977312159,21.867020836960833,36.90656513254787,40.53945211921833,0.28910983405657315
893,37.644609129278486,37.5458880419403,35.88325894397298,35.40909800381252,21.921831263342476,36.86704294457958,40.53570746984422,0.28910983405657303
894,37.638687034859885,37.48418692257535,36.13082618012098,35.515402699477406,20.11701343265187,36.88400816916874,40.523178440945536,0.2884491406085654
895,37.63243983647715,37.51808135205274,36.39852064908476,35.92458937747692,19.607612441404534,37.20992369383377,40.516931242562805,0.2884491406085655
896,37.64916132778836,37.43996699646864,36.1064366612349,35.823027872365685,24.530516687104814,36.94529989589638,40.53365273387402,0.2884491406085656
897,37.6491340993139,37.54260014761862,36.12094176358932,36.08327254466879,6.871687459050854,37.059988060629315,40.53362550539955,0.28844914060856547
898,37.635645851072006,37.42239169806442,36.027721103186664,36.131444555806866,11.554562150419578,36.875151869034795,40.520137257157664,0.2884491406085656
899,37.62971054341744,37.56825555765455,36.50173045936504,36.260923914853954,26.482983907512935,37.19082621106928,40.5142019495031,0.2884491406085656
900,37.63640201551577,37.54082511823533,35.937527026049715,35.53740475276175,16.403872261582535,37.19059686766785,40.52089342160142,0.2884491406085654
901,37.64204296127334,37.48348949671879,36.31289440361591,35.90591247891435,27.648179659948028,37.04487845151729,40.526534367359,0.2884491406085655
902,37.68023580063363,37.48813508354142,36.200229927928135,35.57792471931434,18.640715329934338,36.89935137419452,40.56472720671928,0.2884491406085652
903,37.64187190214869,37.534492049170055,36.29690925077787,36.16112818868412,17.804188966766347,37.21999174940163,40.529788606533245,0.28879167043845577
904,37.629417615397514,37.52662942240518,36.12840372110349,35.60870905282713,26.311847752156552,36.999878170087456,40.51733431978207,0.28879167043845577
905,37.632731540756,37.48765309157742,35.82827787106422,35.7600939795007,-16.400088184657363,36.98521338658662,40.520648245140556,0.28879167043845616
906,37.64449585096204,37.52740710886477,36.503537366058445,36.04982130395736,29.250959593203937,37.16308004914096,40.520863777253126,0.2876367926291091
907,37.656956277852444,37.49599052898216,35.960278348536356,35.7763284716549,22.868460736079108,36.95893898774974,40.53078009854516,0.2873823820692713
908,37.65671770290189,37.47672929576404,36.46163066142862,36.37261653024947,27.44425256108994,37.168337286425185,40.49266891940762,0.2835951216505737
909,37.6807579359542,37.51732916323749,36.0203780558237,35.38641771599935,25.39323076735614,37.038545815327495,40.51670915245993,0.28359512165057327
910,37.69324185668289,37.53932228019721,36.28732319948321,35.80030139477466,27.78298986127902,37.04698182194559,40.48340612579127,0.27901642691083817
911,37.7433000612533,37.612118301700136,35.912537804844405,35.59780538015917,23.241164872691634,36.83599288723455,40.53346433036168,0.27901642691083783
912,37.73714660048809,37.57761633926117,36.34940420571848,36.00623262187965,20.26756425945043,37.185305780218926,40.49187421254931,0.27547276120612274
913,37.78139488779935,37.596546859661466,36.1936222380191,35.782017236978135,22.48815523905337,36.810653167094095,40.536122499860575,0.2754727612061226
914,37.767509949463495,37.62012248465443,36.257751842609665,35.62009758427932,18.789098441381412,37.114489822116994,40.510160401214314,0.27426504517508193
915,37.77582289887937,37.66899190229739,36.55049538397485,36.3275417625902,22.074846940679652,37.355367463322764,40.51847335063019,0.27426504517508155
916,37.8629295582158,37.611469775757314,36.39987731579683,35.83649670414409,28.0624400613924,37.146511503151444,40.81835831947577,0.2955428761259976
917,37.89476944692477,37.82411420257903,36.2288006387925,35.73709393094376,22.762006306966736,37.33503683798971,40.85019820818475,0.295542876125998
918,37.918894612334036,37.7942760178927,36.26460858512302,35.98736068910651,11.31990978411299,37.23448418683927,40.87432337359402,0.29554287612599783
919,37.896786106549214,37.778148808046495,36.33131468959468,35.957605500023234,18.075531644568375,37.264979351126286,40.85221486780919,0.29554287612599767
920,37.887815957319994,37.75917873154768,36.48433947389528,36.226373156978596,22.49546115135191,37.27889429542611,40.843244718579975,0.295542876125998
921,37.92448154749877,37.741313927838675,36.38362088962715,35.383539000384886,26.377675191106228,37.34696863273332,40.87991030875875,0.2955428761259978
922,37.90352868454035,37.80410940842358,36.16415799412102,36.35631814952438,-11.329282685152577,37.48262135976243,40.85895744580033,0.2955428761259978
923,37.91863728451544,37.780922567137544,36.28889960797137,35.85958728295626,15.77509113872022,37.201599077804524,40.86324434516267,0.2944607060647228
924,37.91218894940092,37.77402653595981,36.51766327233372,36.00963685778038,28.227772886961137,37.035323943178156,40.85679601004816,0.29446070606472335
925,37.90962915413846,37.71541910205852,36.40277298230255,36.08395879811185,16.427309553323045,37.24507357270129,40.84253300705181,0.2932903852913355
926,37.921985053423626,37.8236078877207,35.9215176400632,34.86415746873152,16.494693981972723,36.90103001356576,40.854888906336974,0.2932903852913351
927,37.92423240880925,37.76825309768877,36.52342743704785,36.45513805675572,19.881514597709767,37.35361239119362,40.857136261722616,0.2932903852913361
928,37.940697606857945,37.79128587801218,36.34865968825256,36.055314091975106,26.81886600314089,37.342236780961954,40.86118626149467,0.292048865463673
929,37.95431234729772,37.81035847385003,36.50188561464175,36.30564536276951,18.08047361108325,37.38200163111899,40.86000790567271,0.29056955583749844
930,37.94648511953197,37.736427616528644,36.19158646107647,35.961367659531774,23.742361548811587,37.21499052056339,40.79013427138096,0.2843649151848983
931,37.990731599844096,37.86659121003307,36.71958175390904,36.612863961539674,22.792098929272854,37.583362032299476,40.80361568185295,0.2812884082008857
932,38.02097654108927,37.66702469389073,36.07504937785351,36.10892326493723,11.788651755170267,37.11744773169916,40.83386062309813,0.2812884082008861
933,38.03663139916356,37.81846529379415,36.37520840061188,35.949370707303174,20.964446388220967,37.32416041001008,40.837125306237105,0.28004939070735435
934,38.018705241925424,37.848208179554376,35.91744493470077,35.521139231066996,6.895102319228343,37.35193792900051,40.81919914899897,0.2800493907073544
935,38.05843461721763,37.93264405533669,36.74230881145198,36.11868012807657,28.93835418462026,37.489288391578185,40.7556171493901,0.2697182532172469
936,38.11006786010396,37.94919176671971,36.667066272783416,36.11485051569361,25.502540024704636,37.47237539123687,40.80725039227643,0.2697182532172471
937,38.25068310542024,38.00964412803932,36.58732315963427,36.0463875541288,24.275293213983968,37.5042154179447,40.95574541958354,0.2705062314163304
938,38.28281313060299,38.13428578729483,36.38336301119325,35.83371960110953,9.841973155039103,37.59554586273763,40.982565398245676,0.26997522676426855
939,38.320031808204355,38.2036843933306,36.77807625766423,36.76688553181298,23.256219988751,37.6024197072073,41.01978407584704,0.2699752267642686
940,38.33492266500497,38.16750474799434,36.706067064388584,35.878859212262334,21.45007977496485,37.52586587434223,41.03435870488164,0.26994360398766704
941,38.30794310184084,38.08869579386218,36.55975500710064,35.81051097578829,25.79195809642797,37.42996851081138,41.00737914171751,0.2699436039876667
942,38.30490865696654,38.16255408822516,36.740683809951896,35.69941824920799,29.277551066888442,37.52176304586963,41.004344696843205,0.2699436039876668
943,38.286471874172605,38.18393848123078,36.63657685230593,36.27492714931444,7.786071272140568,37.71721960337051,40.98138456194325,0.2694912687770644
944,38.336873710386236,38.22680750711608,37.02777180126422,36.774540302526205,21.52568739114006,37.90472245429708,41.03178639815688,0.26949126877706464
945,38.31180647705499,38.205593535530575,36.70618085132569,36.510700717734615,23.582595334441777,37.66418482443555,41.00671916482564,0.26949126877706464
946,38.30233722036379,38.219412814048184,36.71860816083039,36.31569193561785,23.522579656779694,37.6606106043743,40.99724990813443,0.2694912687770642
947,38.33044476257414,38.22012169086696,36.97949498240569,36.38561444503776,27.402021076708493,37.646183797129154,40.99061741233479,0.26601726497606554
948,38.35867628273883,38.227420145692996,36.672604790176,36.89310635698357,-2.2500092885356366,37.81224548081206,41.01884893249948,0.26601726497606504
949,38.37733600736607,38.279254916574764,36.86739390728449,36.50488314317921,27.595103743102374,37.87015691081262,41.0282550107121,0.26509190033460356
950,38.37103177291346,38.177585154381056,36.64499639092775,36.12956391372875,23.18335795451589,37.718664438689004,41.02907744471486,0.26580456718013995
951,38.35759161608086,38.250938861024636,37.129134553720476,36.689354743340786,29.170509160579936,37.91068451498852,41.01563728788226,0.26580456718013995
952,38.364438062794584,38.18400018984946,36.722927252482634,36.090814236598945,22.787341787553956,37.57968278701868,41.02248373459598,0.2658045671801398
953,38.3391875177288,38.17914637977995,37.00337938256928,36.76146533277433,27.373034883466666,37.81041448588854,40.997233189530206,0.26580456718014
954,38.32052168536736,38.22457884780962,36.919734445246256,36.06445027504854,25.802703926006366,37.87404465543836,40.97856735716876,0.2658045671801398
955,38.33943733484895,38.23255275868482,36.6716195151028,36.60670207550613,19.069556767054195,37.797990875096524,41.00608488474481,0.2666647549895856
956,38.34895684049551,38.253053383783225,36.8119532261781,36.229872209157094,27.279089462884887,37.791538095207116,40.97174769976999,0.26227908592744836
957,38.40139303556231,38.28535254491917,36.97987017881295,36.166946257085826,29.443635610620262,37.93910239480313,41.02418389483679,0.26227908592744836
958,38.385946906348344,38.19253479926451,36.855140129192705,36.57999697412328,18.442765250614823,37.682840535269946,41.008737765622826,0.26227908592744836
959,38.39535084760323,38.289126226832785,37.16200648801258,37.1119374565436,26.262209060582087,37.9181094326094,41.018141706877714,0.2622790859274484
960,38.41073379617015,38.27302007796188,36.88995180257186,36.28587559065339,27.465295635172353,37.87914059994107,41.03352465544463,0.26227908592744825
961,38.43348198799808,38.20272421236418,36.89582709422159,36.661009371750794,28.07485350796323,37.74989386925542,41.026999836390246,0.2593517848392171
962,38.41510852529923,38.328347036243166,37.10952591700965,36.539441044933255,27.787344116577266,37.96496087653705,41.0086263736914,0.2593517848392171
963,38.421622660975636,38.192601247949504,37.06239292728917,36.708203725245795,22.293522095576634,37.79372849645087,41.015140509367804,0.25935178483921695
964,38.39959660072345,38.250912875320864,37.19003737213924,36.77446466886261,31.74817611051209,37.88761251140175,40.98439180894103,0.2584795208217577
965,38.43263793138322,38.31670977710484,37.11470982972747,36.633578074389526,28.95576878481753,37.85749210194497,40.98960327060454,0.2556965339221322
966,38.45456117537915,38.322183546777524,36.826874884950556,36.504309465842475,22.903755251509406,37.876233140270884,41.01152651460047,0.25569653392213193
967,38.45155019928853,38.3627781529947,36.71798735507634,36.91244348573534,-9.752075902138884,37.89400115813548,41.008515538509855,0.25569653392213226
968,38.46715610734281,38.345633685055425,37.108664717093866,36.556324209443545,22.296636162792346,37.96813370852987,41.02412144656413,0.25569653392213215
969,38.471661041531924,38.351743578230966,37.29858441500163,36.878599146278916,31.22644963012219,37.98765716751108,40.992876045799996,0.2521215004268075
970,38.49769936843762,38.38031917970736,37.09683131207311,36.58583632000165,19.199691558680684,37.9402648977203,40.999872372534405,0.25021730040967805
971,38.50008351432956,38.40091113156556,37.0847129117549,36.979700963746545,24.431609193284007,37.92174395498071,41.00225651842634,0.250217300409678
972,38.515514942409986,38.31173238770772,37.17848873941239,36.94785771460205,28.786335083440026,37.93844654712461,41.01834475506804,0.2502829812658054
973,38.512307449381595,38.37666244886514,36.839843976627456,36.64206440641632,7.04689485110417,38.021579444230845,41.01513726203965,0.2502829812658054
974,38.51121546941632,38.38537618511595,36.67555123687798,36.51515359137786,15.833678021961866,38.01735606082528,41.00570768177523,0.2494492212358904
975,38.52715077438964,38.44696807566394,37.39598486610732,37.530356708331105,18.633136758853055,38.263441696943985,41.021642986748546,0.24944922123589036
976,38.498425859107286,38.340098986805174,37.079894425879885,36.623207106141,24.855679691901422,37.829643528014536,40.99291807146619,0.24944922123589058
977,38.50727506159983,38.38142041648322,36.75679518286503,36.702036791012716,-18.31688094839049,38.013942179183175,41.001767273958734,0.2494492212358905
978,38.491380485812854,38.33153623075052,37.20284522837906,36.5246066389673,25.13139988963026,37.809925274062365,40.98587269817176,0.24944922123589042
979,38.51721740977955,38.37599014606838,36.655077532161116,36.4974188405581,-9.184082713494405,37.889520570214614,41.011709622138454,0.2494492212358905
980,38.49697418272763,38.35384204642584,36.93740296500275,36.04225975184878,26.232574171741877,37.75388951857804,40.99971778783879,0.25027436051111634
981,38.51791771089515,38.38173577585318,37.11116047199404,36.78474501779769,18.5783692971022,37.892882705024746,41.02807441841932,0.25101567075241715
982,38.49866656605974,38.35944039137496,37.02468004683749,36.690257784083386,26.49359527674323,38.016097385740494,41.008823273583914,0.25101567075241726
983,38.49492251417762,38.29414011047853,36.77055777759308,36.54659275866457,24.75311711129761,37.712242995311186,41.00507922170179,0.2510156707524172
984,38.510699706830486,38.397173280495544,37.0197710982686,36.58713306158512,24.42024143962732,38.00974052586918,41.02085641435466,0.25101567075241715
985,38.50467295631639,38.23712026413756,36.32121770313517,35.65731042950596,26.089476994330166,37.27371990527881,41.01444595659507,0.2509773000278679
986,38.49657849227155,38.40477147427113,37.18844803356444,36.52767932201169,29.135159089352534,37.96951016334583,41.00635149255023,0.25097730002786783
987,38.495660166489486,38.40080688125747,37.102025065163204,36.60656408891249,26.28482056160445,38.05161615474263,41.005433166768164,0.250977300027868
988,38.51828958322007,38.34368239202295,36.92488962245534,36.650280648115036,22.471716483078524,37.907575534244806,41.027472341653414,0.25091827584333454
989,38.503501342474195,38.31163171785426,36.9821233734044,36.56093674825976,25.573049303756925,37.89562008249412,41.01268410090754,0.25091827584333465
990,38.51170767981868,38.40669992264608,37.12148150275304,36.528363445435325,27.37350151928856,38.070138766075914,41.02071665816915,0.25090089783504715
991,38.50628077882861,38.4164235093731,36.894592069456046,36.12644046367954,23.50569842351718,37.87589465596048,41.01528975717908,0.2509008978350469
992,38.50295989256994,38.39539985936029,36.96507473622552,36.34554381509697,27.706853792468493,37.83317447653562,41.01196887092041,0.2509008978350472
993,38.49890755915018,38.37443663698256,37.18326264445013,36.65648775099204,27.46390234877013,37.88243939904895,41.01227362318785,0.2513366064037667
994,38.529807987964965,38.34617960424856,36.9992117052381,36.712782346944216,27.420292149897364,37.93452911028733,41.04346245515295,0.2513654467187982
995,38.49563638296197,38.411802866181034,37.084233193812345,36.415190381333915,26.442226082006023,37.96453957423451,41.00929085014995,0.2513654467187982
996,38.507199840197245,38.297005269528384,36.962649525513754,36.80554039357857,11.617766043582357,37.82732878796378,41.03403687477079,0.2526837034573545
997,38.5089363701404,38.31582199025726,36.8556211110778,36.328814162025,19.243107923784613,37.766093881544094,41.002705188341515,0.2493768818201117
998,38.53479577933213,38.39095044129487,37.111576702172734,36.79832075142204,29.48016735648939,37.92172834163771,41.02688223524427,0.2492086455912142
999,38.525309795165306,38.43591926849999,37.07926809451262,36.4385748302365,26.700784254323406,37.949541753112854,41.01739625107745,0.24920864559121442
1000,38.54436639629476,38.40244347292113,37.09120060876266,36.32681179976326,29.38468673702113,38.05852433527023,41.03645285220691,0.24920864559121422
1001,38.54047918936081,38.413839986893606,37.11992710894815,36.62158210525696,25.599989454907437,37.81669315873274,41.03347713374627,0.24929979443854586
1002,38.5098535078455,38.3613293514083,37.070370361870914,36.81329552932506,22.646397651015636,37.92628106221759,41.002851452230956,0.24929979443854605
1003,38.50694230304941,38.29766186965266,36.72257622457289,36.04992200609062,17.493879372885715,37.665588511579074,40.97436047133463,0.24674181682852175
1004,38.53722467993137,38.36212952065737,37.092388577801266,36.346404710095584,27.44448373777211,37.96669580299473,40.9989855837034,0.24617609037720328
1005,38.54607893021836,38.430677453017005,36.93005475136692,36.27556479035364,24.246607811856833,37.9620232025978,41.007839833990396,0.24617609037720356
1006,38.54402049994895,38.353584962582495,36.755538601799124,36.05215111141138,24.42215799445188,37.6169711368678,40.99870841424948,0.24546879143005287
1007,38.54562799628373,38.38964450237346,36.88456375868423,36.43947281527626,15.816420528410376,37.885560336733406,41.000315910584256,0.24546879143005262
1008,38.54280082679489,38.351770265060765,36.60898324042474,36.16854549012082,-10.13743957837898,37.895843432662915,40.99466166314444,0.2451860836349551
1009,38.56236607452903,38.3901094906208,37.05923006674759,36.90741227518645,19.26394808863106,37.93584223764516,40.99079342551442,0.24284273509853846
1010,38.591645520708134,38.430211934476546,37.39962804415136,37.23144265028186,29.482211666133075,38.02774599301084,41.020072871693515,0.24284273509853835
1011,38.57247832107591,38.497176440189456,37.3513880623013,36.902303901212996,26.230954496832993,38.034833158908235,41.0009056720613,0.2428427350985385
1012,38.60330552337311,38.48613352170619,37.11002343322682,37.08320904222532,20.715456017421502,38.21327592105772,41.009855258118996,0.2406549734745888
1013,38.59965635023373,38.47374785074345,37.44833614516954,36.91197606155335,32.752119025070016,37.97828096061469,41.00620608497962,0.24065497347458867
1014,38.5973516405805,38.46559147435895,37.183916603536055,36.82911423829746,22.583213879602898,38.141689168138555,41.003901375326386,0.24065497347458883
1015,38.604027063128385,38.407007316091416,37.10321947641468,36.63567376344317,26.971224659258926,37.96554712067193,41.004127400009914,0.24001003368815282
1016,38.60318915354164,38.46659836016452,37.267391434132804,36.763163234403024,28.178355579076474,38.16031834358828,41.00328949042317,0.24001003368815266
1017,38.58334900230193,38.42816544859975,37.15116978648853,36.841160143510365,20.1247137736787,37.92791491179602,40.98263989254244,0.23992908902405083
1018,38.59498198665179,38.49167680157513,37.17626401796097,37.22635845668695,27.782148246526376,38.00423903440672,40.9942728768923,0.23992908902405113
1019,38.60575622421037,38.39802912361979,36.833033638682494,36.60999691254306,23.3699987566372,37.96578513459521,41.00480450290707,0.23990482786967054
1020,38.594986022863196,38.49081726643077,37.42362819507708,37.229452555838925,30.2612770672106,38.16300549268179,40.9940343015599,0.23990482786967068
1021,38.598906197545126,38.48704856191762,37.00388845431432,36.55506992887849,20.463773676703042,37.89430249329122,40.99795447624183,0.23990482786967057
1022,38.608769687829515,38.50848212043286,36.94564562699586,36.77239165891683,23.534189893364687,38.09150226600778,41.00781796652622,0.23990482786967054
1023,38.607322933144005,38.52746726364969,37.48607307744522,37.20863157496578,28.561910797340058,38.24114964332788,41.006371211840715,0.23990482786967077
1024,38.61779013120526,38.49877305261441,37.36330465489413,36.84397712003076,31.220298848180523,37.97463711755179,41.016438146731566,0.23986480155263065
1025,38.63598206386988,38.455521231977485,36.728775091084515,36.040385325593846,24.364015903877988,37.59735522321426,41.03463007939619,0.23986480155263024
1026,38.6082034112821,38.49648762189358,36.95287531407374,36.6051257005189,21.900102728286154,38.02132747845266,41.0068514268084,0.23986480155263054
1027,38.62014882639887,38.47407405471681,37.1584337859094,36.699979236530865,27.33554489284745,38.120406837431915,41.02280718685834,0.24026583604594712
1028,38.62262176121682,38.50312352905288,37.169163562675415,36.82995052040527,26.570726361886635,38.110733157155565,41.025280121676296,0.24026583604594734
1029,38.60350142433538,38.46207682648925,36.714219296392976,36.821582634858046,-7.38605912793053,38.035775082215444,41.006159784794846,0.24026583604594728
1030,38.59112457815175,38.51132549818911,37.26058504155849,36.61356986312836,28.636322386759524,38.075046447181215,40.993782938611226,0.2402658360459474
1031,38.597776135394675,38.49542711579709,36.70631816076598,36.342654089945626,5.303975695270392,37.8648026438989,41.00043449585415,0.2402658360459474
1032,38.79759170783819,38.51098168757527,37.42413301334846,37.31087023578384,28.930089021936247,38.193456270178544,41.26454905760154,0.24669573497633565
1033,38.819361826415744,38.73107592250167,37.20005434528005,37.334462232134385,-10.337958354608759,38.31473850444393,41.28940947161161,0.24700476451958717
1034,38.843194221608336,38.63346473290106,37.21443040597446,36.8248133596869,26.56080262561111,38.10948748009721,41.320154389372924,0.24769601677645872
1035,38.82750091179748,38.67091093013977,36.51256571898354,36.12602720904521,-2.3945499321020094,38.26231439712035,41.30446107956207,0.24769601677645878
1036,38.81434888176876,38.68255220504679,37.270193529276554,36.85101501576324,23.378476072158005,38.19001254607087,41.28904519490266,0.24746963131339056
1037,38.845655860556164,38.71390447960682,37.37072801170699,36.8453425490472,28.07440920937884,38.25414378148824,41.26144435768689,0.24157884971307303
1038,38.84289779882078,38.7448223061777,37.04390585163009,36.757800210386364,15.7966097482578,38.249136516119094,41.24948552307867,0.24065877242578912
1039,38.84225179362672,38.65940799858762,37.15337012450475,36.43476249910911,24.980253116870564,38.25223960838487,41.24883951788461,0.24065877242578895
1040,38.85575291474718,38.73662545510797,37.57846633781794,37.63137116029256,28.422057649259745,38.308042797056714,41.26234063900507,0.24065877242578892
1041,38.840065398729145,38.7201335222265,36.61122328203117,35.917492986007844,-9.211493132623957,38.17456509612103,41.23253562320285,0.23924702244737064
1042,38.868253161991916,38.77176250249846,37.20878934541281,36.97906728703718,19.8747166197307,38.42384451906387,41.22921809961944,0.2360964937627518
1043,38.9018686164946,38.711977798794834,36.96456263628606,36.674637827541545,18.007273073490115,38.15038433292097,41.26283355412212,0.23609649376275174
1044,38.90159900312725,38.79034679613311,37.80908777592673,37.32070772334558,27.845262987773417,38.43275402134234,41.26319055461944,0.2361591551492191
1045,38.895786502158884,38.775521164504376,37.76814408865586,37.39132207076372,29.465276925397053,38.39884871334544,41.257378053651074,0.23615915514921906
1046,38.87994534565087,38.74176821223654,37.47180468603183,36.965153327500126,25.763810825856,38.401990730953706,41.24153689714306,0.23615915514921912
1047,38.87308937765347,38.6825832069239,37.323234611491706,36.79715591618674,24.639113999025078,38.13375943597174,41.25805057010798,0.23849611924545136
1048,38.89172286632292,38.75698529924334,37.43347372947918,37.03269067106718,26.127858785355116,38.323083695434065,41.27668405877744,0.23849611924545155
1049,38.864070342996,38.78663640632468,37.473292190255265,37.45485507028289,24.386423012212123,38.48652044913018,41.24903153545051,0.23849611924545125
1050,38.85793287304931,38.73269733407818,37.409090385611876,36.93145042511967,24.38792819212327,38.363427529220786,41.242894065503826,0.23849611924545158
1051,38.85842516532165,38.70190904186826,37.385888747741646,37.05995539473713,19.6536678707283,38.33006389560749,41.24338635777616,0.23849611924545117
1052,38.854348650471444,38.75778163715348,37.501764375689405,37.05231731452774,23.40765457987364,38.35964098408465,41.239309842925955,0.2384961192454512
1053,38.87631138433387,38.70709335365071,37.10868809600738,36.61335930739895,22.293671892288163,38.154627910062146,41.26127257678838,0.23849611924545142
1054,38.861280490985926,38.69958744508659,37.469687136659594,37.053760215395265,30.048043817170345,38.19923148555634,41.24624168344044,0.23849611924545133
1055,38.866936364878484,38.73776574291849,37.32837266429157,37.02493963202486,23.4845963406424,38.40283985007221,41.25284270674849,0.23859063418700027
1056,38.85817735188151,38.753547426925095,37.53634332562599,37.13167955731066,28.247569476610597,38.28897845857391,41.24408369375151,0.23859063418700036
1057,38.85507296828269,38.786575159914534,37.20703806136549,36.58377832652142,24.69351494092099,38.44732244533449,41.240979310152696,0.2385906341870003
1058,38.88393824797155,38.78466205789804,37.607068699537116,37.11504009057656,28.38242576420882,38.49295728004611,41.24349640951333,0.23595581615417743
1059,38.9063362952189,38.74170907388947,37.41557769513952,36.73209965141835,27.26823807843259,38.07974070823795,41.24696760473344,0.23406313095145406
1060,38.914041279273675,38.66304882156692,37.436152150620494,36.99244371160027,23.40227357346946,38.13250608246102,41.221856087110595,0.23078148078369173
1061,38.930434588702774,38.849592662473846,37.527614756726756,37.47493620990486,27.954780065653548,38.566414843630355,41.23824939653969,0.23078148078369168
1062,38.94260603304751,38.745467404714994,37.05387420790304,36.85929447854351,20.369429395852098,38.315103393458585,41.25042084088443,0.23078148078369165
1063,38.929613450606865,38.832087921981284,37.00949841718851,35.87977144760746,26.89973172781791,38.254335267913056,41.23186117944454,0.230224772883768
1064,38.92013464694261,38.7971312662344,37.705629638194345,37.52745858535593,29.650111426292447,38.43508072977451,41.214969273367274,0.22948346264246688
1065,38.95541167299617,38.798238816095704,37.42320061319164,36.933970392558194,21.984243351187533,38.27575979374106,41.250246299420844,0.22948346264246727
1066,38.948920161263274,38.85916933983295,37.7112191497236,37.38004358944879,28.079326904727928,38.38798338817311,41.24375478768794,0.22948346264246697
1067,38.94883343043934,38.81642246308365,37.168029420337376,36.22202523237227,27.172306049523844,38.35404677803397,41.24366805686401,0.22948346264246683
1068,38.94938209623384,38.871918188193696,37.29467204063948,36.94864339922847,17.19516841744951,38.28721325578311,41.244216722658514,0.2294834626424671
1069,38.95427051411357,38.83524115473043,37.56530954598263,37.12867796982102,27.931716147015667,38.44249821845314,41.247063731639464,0.22927932175258975
1070,38.95475888738697,38.794525724106265,37.48938080701156,36.943808207964146,29.96085241943947,38.42398377025214,41.24755210491287,0.2292793217525896
1071,38.94468135118093,38.864022691075725,37.18359277701392,37.1022730071006,23.914517302491706,38.43280072133264,41.23747456870683,0.22927932175258947
1072,38.9694354074741,38.797236097090995,37.240377427943336,36.88158238447893,14.565397097085224,38.2793925756482,41.262228625,0.22927932175258972
1073,38.95083384305157,38.83780876952144,37.693070052253894,37.46731068522375,30.19158632978666,38.41937976650459,41.24362706057747,0.2292793217525897
1074,38.94523876475468,38.855127744034746,37.72163713956561,37.20422120628692,29.766083938448833,38.32540121876322,41.22850810117385,0.2283269336419176
1075,38.95963885501557,38.842389237811574,37.46097161388986,37.348641085138794,16.193775353534203,38.4751487289129,41.250321293847755,0.2290682438832184
1076,38.99771303130808,38.84509108183236,37.11778043653355,36.86421441364825,14.509688440885682,38.278232084988886,41.2752129027547,0.227749987144662
1077,38.98516364158658,38.83364558136628,37.48204789617941,37.24227103528955,28.784022689924956,38.15605492156989,41.2626635130332,0.2277499871446619
1078,38.95413800115587,38.878548108740425,37.75944295603579,37.385209709630395,28.000887040218498,38.38300996363704,41.23163787260249,0.22774998714466207
1079,38.98488474661819,38.87319230388208,37.335028363494054,37.18502441333137,22.303623276387793,38.48310708424194,41.262384618064814,0.22774998714466188
1080,38.960056972461125,38.743207228428666,37.01764268214102,36.25935893114895,12.907044302592464,38.35369654839434,41.20983856190238,0.22497815894412562
1081,38.99708041309531,38.813104907160145,37.5041473979698,37.04032258539334,29.377541025913743,38.21801994443388,41.24686200253657,0.22497815894412554
1082,39.03469448503358,38.838065734331124,37.42240245678148,36.85795542026212,19.97416566220849,38.41116718265691,41.24059619135865,0.22059017063250644
1083,39.050240724045594,38.95093510079954,37.52893863769735,36.923269549530545,23.84182159928818,38.5614293342111,41.25614243037066,0.2205901706325063
1084,39.04446300576873,38.90999175678179,37.50317389987403,37.347063581399944,14.513421637008083,38.49508701203375,41.24987493327443,0.22054119275056946
1085,39.05059372696453,38.951228852377994,37.59426051615721,37.23533711795686,26.126331368735148,38.55462355487502,41.25600565447022,0.22054119275056938
1086,39.053927348556165,38.913608949205525,37.43782613131093,36.82242748359098,25.662351097912797,38.45900126349009,41.25933927606186,0.2205411927505695
1087,39.04474278888918,38.96634392184129,37.474677127213404,37.01218490627079,23.191926654367734,38.58329247470632,41.250154716394874,0.22054119275056952
1088,39.05687088239137,38.93788866487652,37.463080621306254,36.9926670816211,25.227008220602272,38.49851201937705,41.24847657858315,0.21916056961917793
1089,39.04458795828996,38.96197368419543,37.582883703611465,37.148524764293576,20.81895668846751,38.63078870734638,41.23619365448174,0.21916056961917818
1090,39.06225044990146,38.95201316600929,37.679802661017575,37.705362208855,23.50978045457141,38.66242344075674,41.25385614609324,0.21916056961917818
1091,39.067178484196056,38.95519942634125,37.34434731611798,37.03217099223806,23.617236866564763,38.52069985749981,41.248470304250155,0.21812918200540962
1092,39.095337029918255,38.960475345114816,37.845206996511365,37.73230052753487,21.95028856117424,38.56015440864751,41.24293256372219,0.21475955338039376
1093,39.104635452019295,38.95243958527958,37.284173044165264,37.121113600867275,18.162661434527788,38.15385589143341,41.189406161779026,0.20847707097597332
1094,39.183116155039954,39.04761291442187,37.64191887809434,37.20059649554261,24.888407433738088,38.50639353885372,41.266056966607344,0.20829408115673914
1095,39.181770339284654,39.05409554297262,37.626841729158556,36.81311101209955,24.44139347162722,38.603092412223624,41.264711150852044,0.20829408115673928
1096,39.190960438436754,39.03124504920309,37.91137565396605,37.45041048232948,31.649475054185686,38.70335690123197,41.273901250004144,0.20829408115673925
1097,39.15455111565586,39.01877886502301,37.54251208514321,37.415400725217,-8.890729071698992,38.53937991070768,41.23749192722325,0.20829408115673914
1098,39.170917560972605,38.986099078183926,37.408686538849636,37.102529180793894,20.362839158290296,38.58629076830897,41.25354567283989,0.2082628111867285
1099,39.16642605439965,39.060115590408905,37.771846659016184,37.61664879029538,25.14023214323924,38.70849957714917,41.24905416626694,0.20826281118672857
1100,39.15186281049766,39.00074311034178,37.53693768457,36.99398411130297,15.911611686979338,38.57905912235971,41.26001926329971,0.21081564528020522
1101,39.14863418471388,39.05229612139774,37.72125339954732,37.33590784323004,25.77742596632311,38.62577542585062,41.25679063751593,0.21081564528020494
1102,39.17214062817421,38.97061088085929,37.699760227389156,37.38888191900823,27.321124854447753,38.50175669375844,41.28029708097626,0.2108156452802051
1103,39.14593488393067,38.973993576029024,37.371250488947375,36.77748883554116,24.522159384453165,38.4621695334807,41.25409133673273,0.21081564528020535
1104,39.13188857479127,39.00424431129481,37.34116388795693,37.159740493486886,17.319275618678216,38.5663108463371,41.24004502759332,0.21081564528020488
1105,39.15142686979542,39.08156312097584,38.31622259561283,38.14286935105252,32.62359228009221,38.77610856043138,41.25958332259747,0.21081564528020502
1106,39.163597208146996,39.047912450366574,37.981112166671004,37.75906441013944,25.435689004250392,38.73702117412097,41.271753660949045,0.21081564528020516
1107,39.15507817991801,39.011007771225906,37.79139939657691,37.31173553950485,28.098645550146585,38.49772771061849,41.26323463272006,0.21081564528020497
1108,39.14847809370326,39.05482528769862,38.06186068964561,37.71425042920261,30.089959621164493,38.7819945607113,41.25663454650531,0.210815645280205
1109,39.16110903856492,39.04273509998668,37.63795538194147,37.33874688716783,18.155543311890117,38.57480099448947,41.26926549136697,0.21081564528020522
1110,39.12281499239213,38.99782307913512,37.51949831595333,36.91763534286194,21.571255272359608,38.35556020286381,41.23097144519418,0.21081564528020505
1111,39.1595201432999,39.0657702451619,37.71701357043989,37.42151812334274,26.89856556995837,38.690774940465154,41.26767659610195,0.21081564528020522
1112,39.14102912466631,39.05343257254484,37.635720144107,37.91907412144001,6.090294829618102,38.67597103631612,41.26241528433309,0.21213861596667755
1113,39.14247500345427,39.06731992915297,37.58890648297087,37.092457919207206,19.17291214574249,38.752792096830426,41.25561588949973,0.21131408860454565
1114,39.134190380618236,39.046547455036894,37.496531381041535,36.96929558471078,17.350559650166318,38.611999676984446,41.24733126666369,0.2113140886045456
1115,39.166591632859905,38.996669498468606,37.2830428202697,36.98237330370649,20.599736808132583,38.46558148189552,41.327290145288316,0.21606985124284142
1116,39.16212032739444,39.0526052563068,37.77650911243759,37.60381568855436,27.409787948960393,38.49064325401872,41.29351381595812,0.2131393488563684
1117,39.20211475851431,39.004135996180715,38.030090954409154,37.53469581729143,32.893766207144594,38.61672018492416,41.32765520628721,0.21255404477728987
1118,39.17833479018841,39.090852896684495,37.83809859659681,37.839190275586105,26.799920448369434,38.69588147957411,41.30387523796131,0.21255404477728987
1119,39.19579203099333,39.01453842657469,37.22970901878126,36.218007972566554,21.476491593880887,38.46804197204217,41.32399688962038,0.21282048586270488
1120,39.19749990499404,39.08697844454624,38.01424287601234,37.78974460203379,27.631760882455733,38.7863911199789,41.32570476362109,0.21282048586270474
1121,39.187823821740544,39.050925679457585,37.83258466804534,37.35396545359847,30.101490276506308,38.62020219241022,41.31602868036759,0.2128204858627046
1122,39.19013934305891,39.078536203499816,37.86611936321638,37.30627914180283,15.006261919276849,38.76675497034495,41.31834420168596,0.21282048586270483
1123,39.19315252909876,39.092769482347066,37.33267075546155,36.931226604279345,7.220628159259874,38.454173535649716,41.321357387725804,0.21282048586270463
1124,39.46190684486541,39.0055348982464,37.411705183211794,36.62169542090943,28.74062002458439,38.27351058023557,42.01703593807068,0.2555129093205263
1125,39.45981325849269,39.36909265464461,37.904373630962574,37.41560454563114,20.250848199887198,38.94044817753941,42.014942351697954,0.25551290932052634
1126,39.465020450989094,39.20834473060792,37.81329430239681,37.37450215387514,28.079436725534144,38.70704732006304,42.02014954419436,0.25551290932052645
1127,39.47135868751782,39.31564847337791,37.575893293961094,37.15221150326825,9.622787019464333,38.71479555855008,42.02648778072309,0.2555129093205263
1128,39.47240070308202,39.37705385275852,37.802390507389525,37.60085464307632,19.90649460017964,38.88879078373445,42.033418232840845,0.25610175297588206
1129,39.47490012255404,39.33613398962729,38.12253057903868,37.31960184566439,32.75220037324024,38.70794141178769,41.998898444940124,0.2523998322386085
1130,39.512441219570576,39.40208102050311,38.08498222642043,37.566950812589845,29.022994992446502,38.90209079697597,42.03643954195666,0.2523998322386084
1131,39.49306905234552,39.33529722047561,38.19767011481593,37.78948417803586,30.331515948910884,39.06598342104829,42.0170673747316,0.2523998322386085
1132,39.49686935658054,39.42273790797402,38.16365224338495,37.59251296763741,28.772398589340966,38.9845127974034,42.020867678966624,0.2523998322386085
1133,39.501489611543256,39.37970446907423,38.00222402237441,37.6408105003708,28.118623634689065,38.755124975068064,42.05402041509851,0.2552530803555256
1134,39.57033443206847,39.37539918509073,37.813931258594415,37.16909236001739,18.159933519186822,38.754921655799386,42.006041043777955,0.24357066117094836
1135,39.59159893955381,39.537232762714275,38.072487845368514,37.36772359787939,25.581050974132438,39.22474137144027,42.014409970243015,0.24228110306892042
1136,39.5857534177186,39.500057918207396,37.5255625676188,37.52482537149037,-16.035506852948423,39.101331063172324,42.0085644484078,0.2422811030689206
1137,39.63195490477029,39.49157528039677,37.68804196826793,37.25394318618507,-10.466407534861311,38.914739817558285,42.02314315885781,0.23911882540875218
1138,39.63886267100438,39.46692715646321,38.07953402730126,37.280403408229574,30.19103843305149,38.71315725833498,42.030050925091906,0.2391188254087523
1139,39.62317072926961,39.518727707730186,38.16485153826295,37.617019726458494,29.065071649824382,39.125592478816074,42.014358983357134,0.23911882540875218
1140,39.64521423025312,39.475053435825515,37.29422624839376,37.32613261980547,-11.748272339349384,38.785840387178304,42.03640248434064,0.2391188254087521
1141,39.63907870752667,39.50581676160134,37.832925763627664,36.96274204222141,13.58540369359035,38.96419014583144,42.030266961614196,0.23911882540875218
1142,39.632754217201445,39.54525228060393,38.04818880138578,37.6432074664274,25.866996987962604,39.18191468475817,42.02394247128897,0.2391188254087521
1143,39.64171872665679,39.53478606904068,37.91914669666007,37.524429612813506,20.282214032298377,38.86631534338464,42.032906980744315,0.23911882540875207
1144,39.63820559246716,39.50643117612266,37.714826444147064,36.997411857533486,22.435646777257038,39.015370697821965,42.02939384655468,0.23911882540875204
1145,39.651478183225116,39.55251826378301,37.91983113261106,37.83576463211169,20.769196413358816,39.121656443886344,42.083981122883365,0.24325029396582495
1146,39.705487873347444,39.58798820898333,38.302384582126685,37.89232928997051,27.375990788605645,39.07541721635046,42.10579469743546,0.24003068240880215
1147,39.72386895862733,39.569407800897146,38.267785289512716,37.84619192787415,28.879540053606426,39.07597705278668,42.12417578271535,0.2400306824088018
1148,39.709451006670406,39.65187081841977,38.30010086626707,38.08036086710936,28.728122263416992,39.343335660309364,42.10582742046478,0.23963764137943677
1149,39.7302377525466,39.63644666198621,38.560707027347505,37.85801469541648,33.000084837083705,39.28897741651984,42.13489764016822,0.24046598876216166
1150,39.861077330499754,39.62014357588687,38.403240972838425,37.6932254736965,30.67377355359381,39.13587773398678,42.062926050692795,0.22018487201930434
1151,39.955548643503086,39.795903421292415,38.4774141356458,38.163351767652195,29.667195542904842,39.19850738217795,42.15739736369613,0.22018487201930428
1152,39.9729407503806,39.81420841666191,38.21469727241142,38.089562945441266,-1.7435351309644673,39.33901405262637,42.17478947057364,0.2201848720193041
1153,39.954732249450394,39.84382352268037,38.440331806761805,37.815975789355875,25.45053941210763,39.21320653302183,42.156580969643436,0.22018487201930415
1154,39.951309331406634,39.85925259968232,38.660798166657266,38.4235782646318,30.456472506001067,39.493565078388045,42.15315805159967,0.22018487201930378
1155,39.96513671332343,39.82761865112097,38.6634985431054,38.01976561294931,30.581004231276562,39.37366082241817,42.16698543351647,0.22018487201930406
1156,39.9449077377602,39.86819310603533,38.46019058557457,37.877721960259784,28.166699466184845,39.47158908500411,42.14675645795324,0.2201848720193042
1157,39.977145485983776,39.86149535986808,38.56800265072478,38.25800523419559,29.080670829015986,39.428256189880116,42.17899420617682,0.220184872019304
1158,39.97410412019454,39.83933093266517,38.321754035520385,37.722493933805005,20.18400915654047,39.36384159650467,42.18157218085462,0.2207468060660087
1159,39.94065507768906,39.84232910150504,38.42738825467551,37.51236043398783,28.54885540726219,39.383831338140965,42.11398847531595,0.21733333976268937
1160,39.978238703456164,39.84567461180934,38.40555668125779,38.27216964723182,17.44839298690831,39.50783160053706,42.14768573000373,0.21694470265475674
1161,39.96923076956711,39.87455789453251,38.209836120523484,37.38165896543406,26.083758960561635,39.41447481605883,42.13867779611468,0.21694470265475652
1162,39.96902787361884,39.87443298856116,38.46921642363883,38.208341874691,24.205627516742606,39.51569904318018,42.138474900166415,0.21694470265475693
1163,39.9919445934248,39.88766426280371,37.428292962114796,37.71357221884944,-15.170728304719994,38.99996421658313,42.13558221360199,0.2143637620177194
1164,40.03873907592361,39.76519377272367,37.51580997946372,37.4778771627601,13.937395564912975,39.198728933073454,42.14545975934813,0.210672068342452
1165,40.06211877927948,39.96627781247615,38.08092367828675,37.643610818437665,-12.314261958659273,39.4015216273945,42.16883946270401,0.2106720683424524
1166,40.04341343737316,39.92350424219952,38.59804237186827,38.623260298969115,19.95206090542437,39.55513937107231,42.15013412079768,0.21067206834245214
1167,40.0424639165289,39.875715095796075,38.11678371811762,37.970877200718775,26.210538953684267,39.39446879284253,42.14174895672135,0.20992850401924476
1168,40.04486148950874,39.8892495625227,38.5508029348739,38.001094390273,25.491965418001655,39.47272402372787,42.14414652970119,0.2099285040192449
1169,40.067610490598824,39.9168153263051,38.614867853155374,38.073129767662635,31.10117074258364,39.364524186883585,42.16338128127808,0.20957707906792505
1170,40.06984840724954,39.96464189269988,38.17751859051062,37.98035816221716,17.804804606815686,39.56334738946953,42.148082000285974,0.20782335930364368
1171,40.120282749506046,39.89093190756634,38.12122186875172,37.25837444814738,25.777391670172733,39.15428147880423,42.19851634254248,0.20782335930364376
1172,40.08297901098844,39.974307584994165,38.52070831690853,38.2571940474392,20.69223498580679,39.47588854324353,42.161212604024875,0.20782335930364376
1173,40.08540435414189,39.97489860642194,38.53019761228832,37.956446626362776,31.406952532744,39.34735106672883,42.157749510624775,0.2072345156482882
1174,40.0927432986076,40.00558106849644,38.25781366466507,37.54579208112605,16.988378549497497,39.273017370039426,42.16508845509048,0.20723451564828804
1175,40.11639793609125,39.98334009893291,38.650502226905935,38.57088202898851,23.040643599554926,39.59228368806099,42.188743092574136,0.20723451564828826
1176,40.08234861544365,40.00469918534135,38.542596434078575,38.510985898547695,9.333802113323387,39.619905726411865,42.15469377192653,0.2072345156482882
1177,40.09516824418961,39.982524159657785,38.03930382797222,37.645110471422605,23.668260527555063,39.55163040535429,42.16751340067249,0.20723451564828815
1178,40.08543588580936,39.954897459365206,38.4700463494154,37.91029618618251,24.882118677062063,39.27042185201884,42.15778104229224,0.2072345156482879
1179,40.100927331703915,39.98873216903776,38.83392023517415,38.14088082759599,31.104914390938305,39.40709710826469,42.1732724881868,0.207234515648288
1180,40.13563900881348,39.98677458233758,38.3787600391315,37.588964543336026,25.392964034287562,39.34471182923857,42.19823896661087,0.20625999577973977
1181,40.101397585095754,39.884187485622746,38.294684067700615,37.522221670000675,20.311645547534717,39.083766112495695,42.163997542893156,0.20625999577974
1182,40.08985161524002,39.95051984518281,38.50117762237198,37.83015194685881,24.995057538700628,39.46861652020715,42.14226282874969,0.205241121350967
1183,40.12215284560485,39.99477331340655,38.8425669079971,38.65006980354576,30.732447700275145,39.627801396680496,42.17456405911452,0.20524112135096692
1184,40.09669902452658,39.97453560342519,38.16530896107646,37.83891529651153,19.954242424122498,39.618788413110025,42.14911023803625,0.20524112135096687
1185,40.105128544146524,39.97093418314115,38.73249018401677,38.367306361621296,30.995768369458425,39.52289377216572,42.157539757656195,0.20524112135096717
1186,40.11850584205035,39.944182432529004,38.471139351192654,37.83147689841654,27.879330394167898,39.487613087170956,42.17091705556002,0.20524112135096687
1187,40.111986181431405,40.01368088930151,38.44691335413287,38.262459739623665,7.7606851187372285,39.55211585720609,42.16439739494107,0.2052411213509667
1188,40.10452346480553,40.008898812337684,38.29849056779581,37.26762719919409,25.365930810925644,39.043573646542264,42.157805641905156,0.2053282177099624
1189,40.10515508741641,39.97980802827671,38.32048376723096,37.870329587761404,23.587636068520332,39.41862315305821,42.15843726451604,0.20532821770996243
1190,40.11073298986338,40.00283701996518,38.39439415714957,38.1609376536943,24.393020225203376,39.40020041248911,42.164015166963004,0.20532821770996262
1191,40.09819102747342,40.01551984185872,38.78828322129864,38.560975651066165,26.095380029291945,39.560763162109524,42.151473204573044,0.2053282177099624
1192,40.11221060081809,39.921896235415474,38.55029097107715,38.20370749201631,26.233649226285316,39.45600194749186,42.1612269827297,0.20490163819116117
1193,40.09499169888967,39.94170127229864,38.293730671602646,38.31055021642049,24.933477548223642,39.44223801871328,42.144008080801285,0.2049016381911611
1194,40.096533571042926,40.010973975132316,38.20820785894698,38.074317400159345,3.376112612628539,39.68095639215734,42.10560165677496,0.20090680857320342
1195,40.14071304059653,40.025814549355,38.689151181403666,38.31808829415957,23.139294141286953,39.77229820219004,42.14978112632857,0.20090680857320362
1196,40.115920399282786,39.91270964771377,38.386032014401124,38.11013498472845,6.572175914717306,39.3638933148557,42.12498848501482,0.20090680857320348
1197,40.12733519294589,39.98563066678696,38.82962880179432,38.393018194478074,30.421274995579637,39.54760834023954,42.136403278677925,0.20090680857320334
1198,40.107149029134256,39.981674764839866,38.09592771995067,37.368385112762596,-11.382747832809805,39.4178526870013,42.121118330847786,0.20139693017135332
1199,40.1291808414148,39.91490786183714,38.341052302622174,38.13458484361061,13.77033911929847,39.45241876888909,42.13029698798646,0.20011161465716593
1200,40.13867928855696,39.95910042034524,38.419883931763444,38.16489317117921,20.71926590934561,39.41038922192752,42.13979543512861,0.20011161465716565
1201,40.13994618486905,39.950528734475185,38.62340011807463,38.05642735407922,24.359090273639993,39.475582248513085,42.14106233144071,0.20011161465716554
1202,40.13478915151209,39.99529473519196,38.78395513649702,38.156184932711696,28.64119805113997,39.57378254297333,42.13042080129444,0.1995631649782353
1203,40.13902306947758,40.059012163621986,38.55323276674819,38.204452827577015,25.941255441458214,39.468242889904516,42.134654719259935,0.19956316497823545
1204,40.12235425400037,40.02794670871939,38.63601185580119,38.42011582645015,27.10741487067855,39.71293384823191,42.117985903782724,0.1995631649782354
1205,40.11968407839113,39.997980896781684,38.610280206800645,38.51669965148554,22.968426763562107,39.5543679426807,42.120800224962785,0.2001116146571656
1206,40.112496617398506,39.96331816899467,38.13721313008159,37.961730780638966,18.165736164889687,39.4496235764274,42.13114265258763,0.201864603518912
1207,40.08341842923985,39.87335751694269,38.101142967231475,37.73330288628611,22.036679733384613,39.20482691138298,42.10206446442897,0.20186460351891203
1208,40.114834715733124,40.00504180349822,38.31247586737205,37.617835041783586,21.60518560408771,39.483077877927634,42.133480750922246,0.2018646035189123
1209,40.11758259813051,39.8330364819845,38.68386945606315,38.240087657757805,30.500840968391664,39.206522317682285,42.13622863331963,0.20186460351891217
1210,40.112114162536066,40.00178221797475,38.46220001783981,38.251356017777766,14.195773429650497,39.65571042849495,42.13076019772519,0.20186460351891192
1211,40.10942495165968,39.96943743652488,37.98817844566111,36.96679993368798,24.802178740052618,39.33207480585017,42.12432688973673,0.20149019380770453
1212,40.118377734911974,39.91561320014543,38.24497962594612,37.47194876483675,19.959287234253456,39.18175941255173,42.109797873305226,0.19914201383932487
1213,40.1391920878588,40.00466018297968,38.56509869804704,37.7150961333268,20.325131156517788,39.382846350248926,42.13061222625205,0.19914201383932476
1214,40.15151139977089,40.01112787651067,38.61894785893472,37.982538747508315,20.941227381013377,39.491794744380485,42.142931538164135,0.1991420138393247
1215,40.13252946853624,39.952880400104306,38.4584452254047,37.86249493832904,27.910658721795446,39.588277093777144,42.123949606929486,0.19914201383932456
1216,40.129265247062136,40.04841114985286,38.704816337670536,38.43081822129429,26.110208029646635,39.6740591681787,42.12068538545539,0.19914201383932492
1217,40.153539027322594,40.01796175769063,38.55229170719999,38.03608246294979,29.74025156894902,39.40328510214858,42.12410104125046,0.19705620139278643
1218,40.169033537840996,40.03368499902373,38.859105693179714,38.518138238496604,31.248228435757245,39.739842771801435,42.139595551768856,0.19705620139278615
1219,40.14093345721618,40.029224547054696,38.81418422193974,38.30471071569738,29.090798643067142,39.52241675701592,42.11149547114404,0.1970562013927864
1220,40.15924767273239,40.012022437681246,38.86949475377237,38.43849704401022,31.532513344428736,39.376869410910004,42.13063934876606,0.19713916760336686
1221,40.16239974783217,39.99443404434649,38.48864121866195,37.65187344319177,28.097213403853207,39.6202610990744,42.13379142386584,0.19713916760336683
1222,40.14647686929633,40.035939963105804,38.63590637211939,38.38752687712942,28.05310059418229,39.45800296880719,42.11786854533,0.19713916760336667
1223,40.168492757652764,40.03076139472337,38.88262988491967,38.4248525634642,29.433081940399045,39.670974337407614,42.13988443368643,0.19713916760336692
1224,40.16495614765678,40.03438827887522,38.46430925576075,38.03144939052767,22.062555339227796,39.655240154299534,42.13634782369045,0.19713916760336678
1225,40.15052594894948,39.969027654252336,38.56550480450563,37.47037223751448,30.977163371825235,39.412779116353946,42.12191762498315,0.19713916760336683
1226,40.15962633038995,39.95870681908722,38.10810237754634,37.289516647724604,27.96684852769191,39.18459066582046,42.131018006423616,0.1971391676033669
1227,40.137094101289364,40.06278486416417,38.02986026653019,37.335909258148114,3.428854125018887,39.42772277944456,42.10848577732303,0.1971391676033667
1228,40.15631667236424,40.060964854452884,38.835072635507316,38.41778123777726,29.701315854441326,39.66069918490841,42.12770834839791,0.19713916760336692
1229,40.16889737928846,40.03162912728266,38.74019737873603,38.24072780121679,24.081665590525173,39.722880411399146,42.14028905532213,0.19713916760336694
1230,40.156589021886184,40.07638503199337,38.76125217560405,38.002971744818126,30.43875311710425,39.664865570919574,42.12798069791985,0.19713916760336672
1231,40.17436067374957,40.02703479328703,38.43991660683637,38.132836043205074,18.61429666041868,39.61622871938711,42.15594109407097,0.19815804203213971
1232,40.127466168807764,40.035810875834116,38.41551113207857,37.82865567873209,26.503678636351843,39.43970705517417,42.109046589129164,0.19815804203213996
1233,40.13923627157967,40.06049529464359,38.64385954809259,38.409442726667706,26.135165033955424,39.54590493941831,42.12081669190107,0.19815804203213985
1234,40.14624998520028,40.005798620864944,38.430531586928254,37.25672426656874,28.858574017238297,39.485473120482624,42.12783040552168,0.19815804203213985
1235,40.15500066513438,40.01682178529913,37.86842265921517,38.21378012961949,0.27438200488597886,39.41828648781715,42.13658108545578,0.19815804203213974
1236,40.130640984862296,39.99899671652352,38.532874527419004,38.36314289987917,24.9580078823621,39.43865533279623,42.112221405183696,0.19815804203213971
1237,40.142856417035496,40.03792695188458,38.58044470249657,38.10430388967968,25.11558480828213,39.49120742354543,42.13334279404286,0.19904863770073658
1238,40.14360172787507,40.020097272525064,38.882548739466976,38.46840300558454,29.70361797894877,39.677225874988295,42.13408810488244,0.19904863770073655
1239,40.140198478502114,39.99659766832426,38.497373992366306,38.201550873112694,20.6009396399414,39.34732929978255,42.13068485550948,0.19904863770073664
1240,40.14066781263428,39.96602972855313,38.59459562321987,38.083682723203644,30.334758677495834,39.543047450116916,42.13115418964164,0.19904863770073639
1241,40.156487505808926,39.928512912205825,38.4672143492554,37.843854924465184,19.95484676097621,39.30229889686911,42.14697388281629,0.19904863770073655
1242,40.15510516217276,40.02015510510952,38.38088720569385,37.53469125075347,14.166001818159998,39.292111857547994,42.145591539180124,0.19904863770073633
1243,40.1335351299684,39.985960013426514,38.74920261423924,38.31077596278591,28.96665817509587,39.62031489962683,42.124021506975765,0.19904863770073633
1244,40.15577403891895,40.042761081984935,38.72273165945107,38.3084885822471,19.946552955413665,39.54428588891,42.146641508069905,0.19908674691509579
1245,40.143411173016865,39.96012215231897,38.41703598432962,37.964974659788645,23.058928715578027,39.48155728717629,42.11185727740612,0.1968446104389259
1246,40.1466162594633,40.0652485972961,38.574620422253055,38.042061986766846,27.466417998880377,39.42679790492692,42.11506236385256,0.19684461043892607
1247,40.15622846342282,40.03905359026905,38.76711848200922,38.687104643853864,30.49106238074298,39.61744281128856,42.1118214126702,0.19555929492473811
1248,40.181159123572975,40.065067955762714,38.61041766528695,38.38428146394173,28.02140105687336,39.52687565270554,42.22668654860893,0.20455274250359592
1249,40.189695494853545,40.0289598233199,38.938564371057865,38.47583064238068,29.7093810010481,39.56420116321297,42.23369825403005,0.20440027591765042
1250,40.23367329194149,40.043696405183695,38.83506890207221,38.213296624584025,32.28078570174887,39.42971936584249,42.27250481548401,0.20388315235425228
1251,40.23283811256039,40.096352878886314,38.60308889288688,38.093482899440524,24.18708513180777,39.63076155016658,42.27176636387056,0.20389282513101784
1252,40.2453626100973,40.11474705008974,38.51335677396238,38.344244103597084,-10.46290522053328,39.50973985904792,42.298988636813974,0.2053626026716673
1253,40.26003183407485,40.144072630942325,39.09507402591416,38.63844855150378,34.04755404911883,39.72164942909079,42.31300105223025,0.20529692181553996
1254,40.284409135819196,40.19374431364793,38.775357045827995,38.65473058083073,21.705927675459197,39.82951466538797,42.340573318282644,0.20561641824634486
1255,40.268406418802336,40.17558431893911,38.558794976475376,38.05540010506578,26.300344641051833,39.72150350839698,42.32457060126578,0.20561641824634508
1256,40.26768210660397,40.154980950031565,38.63148267113121,38.07665908552844,22.00653247614724,39.777676229612894,42.31895342934166,0.20512713227376875
1257,40.23685095502698,40.15668567691877,38.64386051051154,37.97457240792247,26.457300697710302,39.732515332701794,42.29663779803095,0.20597868430039704
1258,40.26589044103452,40.10920456735963,38.9683919480914,38.432180705348,29.18269106077181,39.64681760841104,42.29584500423536,0.20299545632008392
1259,40.28455426397387,40.13689417272791,38.23693512780607,37.99880552130567,0.26824130837901095,39.529816942585924,42.314508827174706,0.20299545632008384
1260,40.291454806928485,40.13969227293894,38.66962964294638,38.2363369760801,25.136103899825287,39.71043625628511,42.321409370129324,0.2029954563200838
1261,40.30392491006278,40.15802780805026,38.93746307635463,38.46331032308064,26.544631273584354,39.80656379205451,42.31297188971431,0.2009046979651531
1262,40.33390427777961,40.1640104880317,38.83456494877499,38.39893406589237,28.07218464436792,39.75913446825887,42.34295125743114,0.20090469796515312
1263,40.29583411930099,40.19040317535747,38.44282395959592,38.01216291156433,20.33229821269925,39.690975907265376,42.30488109895252,0.2009046979651531
1264,40.3145743737002,40.18148650886544,38.69442472927352,38.74641991996364,25.280500400765895,39.60886506085822,42.323621353351726,0.2009046979651531
1265,40.32682303415343,40.175627207516975,38.55256121182264,38.22960787680825,21.115189320948545,39.63093150846329,42.68968482067079,0.2362861786517365
1266,40.367079279518975,40.25009945582624,38.903564027403085,38.147757497579256,27.894999639746707,39.78692064115019,42.72994106603634,0.2362861786517362
1267,40.378897722254045,40.280383893110574,38.95786235065753,38.49418856502601,29.17795095490146,39.821225669306884,42.74350146816299,0.23646037459089453
1268,40.37960742385766,40.17354784256121,38.48151195586728,37.77637808134384,24.93871182391026,39.47863189769455,42.744380994131845,0.2364773570274189
1269,40.392218489125156,40.22121457299072,38.937456287579586,38.11471819837573,26.54038770805475,39.76577707331976,42.76984521454122,0.23776267254160668
1270,40.3695750169348,40.250085880299004,38.965657560477254,38.42765010668529,30.297373665401647,39.68416054063832,42.74720174235087,0.2377626725416067
1271,40.38143047661416,40.23580139586789,38.767161109189395,38.01512794697239,30.026710570276485,39.728410313721945,42.759057202030235,0.23776267254160685
1272,40.385935072924546,40.22751273232921,38.44316907931766,37.62435972498816,8.48528379636437,39.63233469074788,42.76356179834061,0.2377626725416066
1273,40.3943680602317,40.23700762252016,38.321382806108055,38.36388250307756,20.660571268214753,39.738660676873415,42.768822888247584,0.23744548280158853
1274,40.37348786566657,40.23613892179291,38.369324839946394,37.937817003728526,18.749552758708408,39.61367834540984,42.750127690205744,0.2376639824539174
1275,40.36370781875105,40.23499893570411,38.76402789769007,37.79200953297613,29.547770653676864,39.638731578303464,42.74034764329023,0.23766398245391723
1276,40.40240736945063,40.22261509642147,38.69078424367756,38.43590540131989,25.8967281355241,39.747870967542994,42.741237271592155,0.23388299021415287
1277,40.416665302772444,40.26039988146596,38.56311612437359,37.73147715281257,24.218162921394615,39.7997914852697,42.758667102314156,0.23420017995417103
1278,40.41737946367109,40.314978841546456,39.07310532391704,38.650608920966384,25.757609941588857,39.81022734255092,42.738199962299994,0.23208204986289033
1279,40.442037153183435,40.26744477481507,38.70091724823758,38.07250260350529,29.05782807617917,39.78283818675391,42.76285765181233,0.23208204986288997
1280,40.44514257640596,40.29507930305305,38.91164520755507,38.50541684176119,30.005482785817485,39.679991200974065,42.76596307503487,0.23208204986289022
1281,40.442313783544556,40.254019619960765,38.81265206202506,38.51450144598944,27.253948284182272,39.655562706962854,42.76313428217346,0.2320820498628904
1282,40.433523278903536,40.34007844174246,38.45428447317731,38.32502693502178,-13.054469838466588,39.8869010186537,42.75434377753244,0.23208204986289033
1283,40.43604181633426,40.324064185623065,38.46054678415683,38.19593190943123,5.619229112752912,39.85548681318157,42.75686231496316,0.23208204986289008
1284,40.41652934348518,40.298743882159286,38.547736680328505,38.292685769206905,24.317064813742913,39.79683082249079,42.737349842114085,0.2320820498628905
1285,40.43400320799797,40.27583321001643,38.63878851671903,38.29043296227539,25.905835415322823,39.615522990686515,42.75683402541683,0.23228308174188617
1286,40.44569117603109,40.35560690654426,38.273584140977256,37.87053677409854,23.87529705082123,39.67154712294634,42.76852199344995,0.2322830817418863
1287,40.40929954339113,40.281379999273064,38.28201704964832,37.97321001938127,11.765168232948739,39.69220039921572,42.749864443155154,0.2340564899764024
1288,40.405979248701335,40.29843856258404,38.565961226693304,38.54725008939173,17.299659992098388,39.65475065872777,42.74654414846536,0.23405648997640227
1289,40.3938116177928,40.32201771158915,39.11597508920471,38.588053719746,30.59760192317282,39.92801314486066,42.734376517556825,0.23405648997640247
1290,40.42533579578713,40.06875804940812,38.34908159119365,37.446298736506236,18.83162235103237,39.52377855961451,42.734277918949466,0.23089421231623414
1291,40.468585125497874,40.35058844650782,38.95254390554078,38.2967862437031,29.23901618814259,39.76965559638815,42.723733278548686,0.2255148153050812
1292,40.49358081948027,40.331922810049925,39.01521003334897,38.41029259659925,29.71600559269122,39.78516379717355,42.74872897253108,0.22551481530508125
1293,40.498856824619025,40.37197214614168,38.73716757504398,37.880361468693515,30.630550648176676,39.63142651500211,42.66195868610094,0.21631018614819125
1294,40.58839794278354,40.34147259395155,39.15194477578514,38.31788966365022,32.294457338669645,39.74869824533171,42.75149980426545,0.21631018614819147
1295,40.5981389187151,40.487642597638136,39.212430462945576,38.780727254513174,28.602812996018045,40.00580842455139,42.761240780197014,0.2163101861481912
1296,40.57841606954988,40.47838599683915,38.84433407609699,38.56475059303169,24.94723051561438,39.743357340111686,42.73933016940784,0.2160914099857963
1297,40.591532140868765,40.412349707871826,38.925129830222005,38.349018613149866,29.085888673603016,39.774214825919756,42.73959308558486,0.214806094471609
1298,40.595871972081305,40.38889324937808,38.45400483944722,38.341094713944685,20.76195532010636,39.778859003891185,42.74393291679739,0.2148060944716084
1299,40.58558592442489,40.4587467939293,39.08579349807992,38.75774630871178,24.40687598004398,40.05160655717539,42.733646869140976,0.21480609447160867
1300,40.59168724382598,40.44977511967622,38.96830149237676,38.18750569857798,30.930125582751828,39.86711356890112,42.739748188542066,0.2148060944716085
1301,40.58893073344638,40.47323309734958,38.981863520307975,38.64577657481175,24.29546342868861,39.9112855711317,42.73699167816247,0.2148060944716086
1302,40.59163454402143,40.49524197357045,39.26743211638104,38.850707000699835,31.527339569411392,39.986957841474165,42.7108353989391,0.21192008549176727
1303,40.622702223216116,40.48626331644188,38.81541557955267,38.01546269537868,23.288858312547603,39.676780047869,42.70883486176136,0.20861326385452436
1304,40.65988927924692,40.57823658736806,39.029280226826764,38.44969390064633,27.39372586487702,40.10401810809725,42.74602191779216,0.20861326385452442
1305,40.64681563229731,40.47373399976732,39.082947897516945,38.64663438656788,27.717565084979636,39.86745489582025,42.732948270842556,0.20861326385452458
1306,40.67145251640172,40.5685264193631,39.23033243213371,38.89494519310702,27.647996881551375,40.15391377337022,42.757585154946966,0.2086132638545244
1307,40.70248672486603,40.586149732776796,39.23548206044655,39.27795189480129,10.312788443792385,40.22373452991471,42.78861936341127,0.2086132638545243
1308,40.65364288530533,40.518892502566416,38.755475234235604,37.91359967291847,26.56756705965162,39.751046630584256,42.739566594237495,0.20859237089321603
1309,40.66907261677434,40.578057717588635,39.02745875345265,38.50895613059574,25.464493699841082,40.13707490891299,42.75499632570651,0.20859237089321603
1310,40.68432430760261,40.55690723213967,39.22266740605509,38.790671556007425,27.177366709371178,40.04680481366782,42.770248016534765,0.2085923708932159
1311,40.64695724448214,40.55923818386881,38.941564822765955,38.16046996986682,26.230036745756124,39.90687751173016,42.732880953414295,0.20859237089321586
1312,40.67593140552819,40.523732183878224,38.73262250565218,38.074952979113704,30.096390669522783,39.699639632159695,42.761855114460346,0.208592370893216
1313,40.696699555261155,40.467361020667695,39.10674580481569,38.66429773199813,26.08263515708242,39.88786517459215,42.78262326419331,0.20859237089321586
1314,40.67779476248926,40.547542512151146,38.85824744840483,38.32962783184144,10.769110907492443,39.93369799599444,42.76371847142142,0.20859237089321572
1315,40.64518813765387,40.48687690461748,38.66221954612443,38.843055678453695,17.76341679277109,40.10313676581621,42.731111846586025,0.20859237089321583
1316,40.672343158965305,40.55012179172214,39.4517108178392,38.79335772344,30.869415938239833,40.084197335235224,42.75826686789746,0.20859237089321567
1317,40.67182043707954,40.56575634185886,39.25342936104055,38.71173741406246,31.22852988357213,40.25238821998464,42.7577441460117,0.20859237089321606
1318,40.65662724618183,40.54909743539247,39.15752025743349,38.743807936068045,26.055157418826525,40.05556941313162,42.742550955113984,0.20859237089321594
1319,40.66934347567647,40.56796991947349,39.20731395424646,38.79799666783006,28.194678428319932,40.0842561692382,42.76171003865801,0.2092366562981538
1320,40.65633296380719,40.54615765130134,39.448485836597165,38.991307854949966,31.00102489271711,40.128218288974224,42.74876400711909,0.2092431043311904
1321,40.65314066705335,40.52065065491266,38.983478391479416,38.57135958412025,15.741977213202176,39.90144976870667,42.77031461197079,0.2117173944917439
1322,40.65081470329986,40.50209404999844,38.74517366401597,38.66093379333079,21.42111207132992,40.04438563617343,42.7679886482173,0.21171739449174373
1323,40.62504838716732,40.526947091832994,39.21541752652021,38.86131511249255,26.209951387051483,40.18227427502437,42.74222233208476,0.211717394491744
1324,40.64711560737385,40.5137337944494,39.005439974542476,38.30200589343977,29.46527630896326,39.98005114794766,42.76428955229129,0.21171739449174376
1325,40.63127766777224,40.4877435152863,38.793552721092944,38.41093500867194,25.18368500442389,39.95796024733886,42.74845161268968,0.21171739449174382
1326,40.63731645661902,40.47668865629053,38.741773869798564,38.033187794156255,29.18555422553347,39.799038865238515,42.75449040153646,0.21171739449174387
1327,40.623248286005186,40.52926844831349,39.15324697513387,38.90935792601207,29.71950023326281,40.024507986586514,42.740422230922626,0.21171739449174398
1328,40.64748867997749,40.51686091169836,39.110203226892445,38.83320758497762,23.499095814250595,40.06791850518842,42.76466262489493,0.21171739449174404
1329,40.62431065914945,40.54424896722846,39.459336533833664,39.142906482305925,33.674513775574354,40.145269411412094,42.7430612567689,0.2118750597619444
1330,40.65724133508144,40.503834465057935,38.902277049338714,38.39523288925238,25.393300427352187,40.06572440352142,42.743002840064996,0.2085761504983557
1331,40.65016427244058,40.570415677671534,38.910591944321595,38.44626590305881,23.54034890997697,40.15303491971346,42.735424590190505,0.20852603177499263
1332,40.65787028986987,40.5706588503561,39.28658066178326,38.637869854694074,32.44474684760958,40.02177299830904,42.7431306076198,0.2085260317749929
1333,40.65355830049402,40.51668967406225,38.87330171983065,38.434710765435575,24.377590109213145,40.02418915360444,42.73881861824395,0.20852603177499293
1334,40.64430729976931,40.498179368373435,38.84506845440651,38.48882142274262,8.844757098305827,40.03544063900554,42.74075683546714,0.20964495356978297
1335,40.643588848941846,40.54493836018036,39.193734042816,38.58728897063248,29.413307114198982,40.14153445762322,42.740038384639675,0.20964495356978266
1336,40.66158875679512,40.55028079513747,39.164185346193705,39.121227024375436,25.883338053803286,40.049799088648584,42.75803829249295,0.20964495356978283
1337,40.65263742873639,40.50965186027419,39.242477436002204,38.816580260706985,29.476686227246383,40.10388989758583,42.74908696443422,0.2096449535697828
1338,40.66281163322233,40.49729825497974,38.87445411490725,38.23767981981777,23.685872929010447,39.83455836165847,42.75926116892016,0.2096449535697827
1339,40.64299225432436,40.53653819346348,38.68738885496576,38.644967050739524,-26.843795712695147,39.94981769047348,42.73944179002219,0.20964495356978266
1340,40.644061781778,40.49551854254351,39.19197851903398,38.69731422968597,28.92592508532558,40.12751742046502,42.74051131747583,0.20964495356978277
1341,40.65874224699831,40.54875250863358,39.22869189354579,38.942809030177614,27.67595127121387,40.071659419431995,42.75519178269614,0.20964495356978283
1342,40.64666696905784,40.515916866932244,39.07889258322159,38.66310338765015,21.308717856143613,40.09076970608235,42.74311650475567,0.20964495356978263
1343,40.65312052738485,40.42975919327431,39.03738484298782,38.581266934541176,31.300024182051757,39.797480363094635,42.74957006308268,0.20964495356978258
1344,40.67965146046438,40.501718622603704,38.64448045786517,38.157435572895935,21.720942305996896,39.77357137345244,42.77610099616221,0.20964495356978274
1345,40.63085070010598,40.507461281538035,39.238112446290536,39.009605343859576,25.186323976648413,40.079837728137505,42.731044332915886,0.21001936328099016
1346,40.648533030442586,40.40295649698334,39.175993659889464,38.42470871001707,28.628235785360573,39.955707920814284,42.74872666325249,0.21001936328099027
1347,40.64392535580719,40.439275856047075,39.00764939928372,38.098470075410745,23.69000842659954,39.76432729891697,42.69139201189133,0.20474666560841387
1348,40.703744602648094,40.519691874057806,39.282039910597405,38.91563770597104,29.689736797076378,39.89654347831793,42.75121125873223,0.20474666560841387
1349,40.68567098334803,40.5606154026034,38.97532701640695,38.05604885780351,29.19386924164721,39.973911710449784,42.73313763943217,0.2047466656084138
1350,40.690711883242685,40.595258621511846,39.23983054088651,38.802462516755156,23.982047530047364,40.208222515195914,42.738178539326825,0.20474666560841395
1351,40.69251813789276,40.522884779297144,38.77142853855434,38.20723709983923,27.870889685152072,39.82269004683895,42.70058696810954,0.2008068830216781
1352,40.71197294734092,40.47449030050805,38.34920326287634,37.28861150234917,25.719086797113764,39.531142664435315,42.7200417775577,0.200806883021678
1353,40.70538072204835,40.61735733057371,39.04126045429473,38.2111678766461,24.285577516673467,39.92210806116668,42.71344955226513,0.20080688302167812
1354,40.73371294409367,40.58980147171611,38.699609483746464,38.20544327174776,-14.247011820648481,39.97779952033734,42.74178177431045,0.20080688302167823
1355,40.7185645709634,40.487714096510395,38.97263078474586,38.49184759715252,28.669637376969497,39.82347309057108,42.72663340118018,0.20080688302167793
1356,40.70031698711246,40.54196290429006,38.79973663822196,38.127119721793086,22.027914083780384,40.04452351521907,42.72825961838153,0.2027942631269067
1357,40.713591773169746,40.5534626580581,38.72531982834161,38.05369490549774,7.2604955480986035,39.92057524331548,42.741534404438816,0.20279426312690704
1358,40.704222828835064,40.57769075369891,39.107233146907475,38.67863833947029,20.02891782346049,40.21888937558034,42.732165460104135,0.202794263126907
1359,40.704761691334596,40.52531519306629,38.814405149734775,38.45570750187547,-14.033344584452571,39.9159430096472,42.76305543951748,0.20582937481828817
1360,40.67746972436322,40.4670120771481,38.82179810564089,38.493663775885764,15.76454467558812,39.80136369635968,42.735763472546104,0.20582937481828828
1361,40.68931103879408,40.56271737048596,38.78190489580146,37.68714337492759,29.417210047431798,39.82118450099712,42.747604786976964,0.20582937481828817
1362,40.67301914658339,40.50590353439787,38.48344668042684,37.97619545303307,20.167986993193644,39.828135397161745,42.647742852122846,0.19747237055394556
1363,40.68846369125078,40.5515126106971,38.975234633202945,38.33105080745242,24.99111634774885,40.06709346121245,42.653347068654206,0.1964883377403426
1364,40.695691453199196,40.29313432247744,38.43615515987292,37.95059601830736,-1.267881026424881,39.67234505068282,42.66057483060262,0.19648833774034274
1365,40.708221991797245,40.5566617078122,39.27815286387382,38.791380417480944,29.722567866262068,40.00925598177074,42.67227570709486,0.19640537152976195
1366,40.70061680167147,40.57749992555183,38.55644433803943,38.53374585053416,-13.985687705636458,39.89163988314496,42.666195182828545,0.19655783811570723
1367,40.71353461852902,40.55240252644223,38.5258729868289,38.1744105530382,-1.3189859832683979,39.98958590843774,42.666259844544214,0.19527252260151948
1368,40.72737471463115,40.59625114130757,38.783736292123635,38.085365361521035,23.71103206548196,40.05855125188279,42.662980784928685,0.19356060702975342
1369,40.74327529147686,40.508087416080414,38.920454785231165,37.94340748298636,29.598021788572062,39.76917926819728,42.678881361774394,0.1935606070297533
1370,40.72324796938963,40.60751662219024,39.114386651862105,38.65468715331325,26.33748520522518,40.06339553502809,42.65968370179297,0.1936435732403341
1371,40.739783805231454,40.63068059194937,39.070953967369306,38.48180683423882,21.45509697222463,40.086627816146546,42.67621953763479,0.19364357324033404
1372,40.73947274844842,40.59476534832414,39.14407431691283,38.44657272676386,27.43702537686841,40.15039014229771,42.67590848085176,0.19364357324033404
1373,40.75154474362953,40.63810092656356,39.26284355937985,38.927701014688196,23.139529518173678,40.214138048548854,42.68798047603287,0.1936435732403341
1374,40.73915399804713,40.59264763546342,38.875443871310246,38.55635129965981,18.454775957837654,40.05499279750781,42.67558973045047,0.1936435732403341
1375,40.72769273027949,40.62245597731319,38.920082903915485,38.50183540286893,5.168680701031349,40.096143496109654,42.66412846268283,0.19364357324033402
1376,40.75227213351319,40.60222327466234,39.160191062366536,39.07414001594177,23.19454342133872,40.19452510037597,42.68870786591653,0.19364357324033402
1377,40.721555851972724,40.60351034999519,38.985501066170244,38.84493253246678,19.556314222749123,40.124446126037114,42.65799158437606,0.19364357324033385
1378,40.74407335575261,40.56880226760999,39.29577034431001,38.98257662919229,25.626271313566214,40.14550450729834,42.69395980006891,0.19498864443163005
1379,40.73849043144838,40.55707985716018,39.2289111466104,38.51538988418286,30.985264355289367,40.13654570023307,42.68837687576468,0.1949886444316297
1380,40.711793991999826,40.61337132206989,38.736777667249065,38.38943085251318,9.897577592561504,39.9467603647482,42.69525305751757,0.1983459065517739
1381,40.69568540519744,40.564965435425464,39.05574860702132,38.506082165216625,28.646437381843214,39.94096080768171,42.64752169411349,0.1951836288916055
1382,40.710889852909396,40.61355084313776,39.29978547306606,38.81551004153322,22.264929691736945,40.059129632010674,42.657019194418986,0.1946129341509589
1383,40.71425923394286,40.594646548934236,39.04808116581424,38.93219918634688,15.032612292940932,40.20987481404414,42.659761961587776,0.19455027276449152
1384,40.71766890547069,40.644194133532736,38.95534645922558,38.490992595671756,23.802308176795968,40.254212765157675,42.6631716331156,0.1945502727644916
1385,40.725124541916706,40.61064638345569,38.74073008161675,38.712337492798056,-13.936558414553367,39.91117012304536,42.67062726956162,0.19455027276449163
1386,40.713318054795934,40.63368775089623,39.32194026608411,38.98122464511882,29.206411987905312,40.2432094892457,42.669248872657136,0.1955930817861201
1387,40.72940851226846,40.630342259899706,39.069272508361514,38.40217960377849,29.430849601103517,40.272225815150335,42.68551577496005,0.1956107262691591
1388,40.71002673563294,40.55298833384285,39.14551523452228,38.563673219852035,27.98407411716365,39.93319056807453,42.666133998324526,0.1956107262691592
1389,40.698672132641974,40.58539243960654,38.940918945303814,38.10795561985634,28.54726396296054,40.001269818922154,42.65477939533356,0.1956107262691591
1390,40.716094185651656,40.62521121374185,39.02734847264758,38.44221207172862,26.90975834988388,39.90292379560485,42.672201448343245,0.19561072626915912
1391,40.74273427540387,40.59135977674541,38.632306859563634,38.058647829660295,3.176777019066094,40.02478864242853,42.646331149301346,0.19035968738974743
1392,40.74559611295049,40.65719742482083,39.14379159151952,38.17963225054857,30.55351617508935,40.10096880870848,42.649192986847964,0.1903596873897474
1393,40.74487242983345,40.65516719626693,39.05443621561763,38.87553023451778,-10.58528279183085,40.36572795118032,42.62976373092571,0.18848913010922605
1394,40.76705684970273,40.68740216917737,39.11271632360191,38.62752023478089,28.8487989394792,40.41432671262788,42.65194815079499,0.18848913010922597
1395,40.776802444632644,40.67867509839225,38.849538394918774,38.59248515674959,17.70962693248503,40.289167554026946,42.66169374572491,0.1884891301092264
1396,40.770343414763325,40.49396590522338,38.81806045750987,38.30513862056971,26.07630426270059,39.934869481457184,42.65845375607871,0.18881103413153807
1397,40.7668132490477,40.67653924081752,39.11987079768242,38.92972526720983,25.566345675960758,40.16747676934958,42.65492359036308,0.18881103413153794
1398,40.80101209768149,40.65848471244593,39.23473464266869,39.075188384479965,24.739383450114104,39.98086994291623,42.689122438996876,0.18881103413153813
1399,40.78847644233452,40.642917989230654,39.061650606223175,38.62607529738068,23.26536496240993,39.99708790528631,42.6765867836499,0.18881103413153807
1400,40.77250987009687,40.670293075023764,38.733133735100225,38.60625839511752,18.445440684291512,40.108945666445656,42.66062021141225,0.18881103413153816
1401,40.74698842563562,40.601134550065645,39.31921994968635,38.91473396132662,31.650774928552224,40.21868405113074,42.66114309650026,0.19141546708646404
1402,40.73285005924813,40.599366332980956,38.61127043658465,38.14879543305607,17.855456537419958,39.91092648239868,42.63975264055068,0.1906902581302552
1403,40.760224458700925,40.598291824761105,39.11667160915768,38.61594339645205,25.097360329313936,40.150600956164,42.66712704000348,0.19069025813025528
1404,40.75463955212124,40.63498400618335,39.06692939543376,39.03462288163584,25.69921307762245,40.2862921971202,42.66799003980528,0.19133504876840426
1405,40.72578433929788,40.62683418449221,39.22318470449416,38.51371020583575,29.018363947199855,40.139348911371584,42.63913482698192,0.19133504876840438
1406,40.729689541177926,40.546646066046165,38.81091801034118,38.44748241478022,10.941532301913544,39.91221103643409,42.64304002886197,0.19133504876840435
1407,40.73472307605653,40.62115214215413,38.493694459345264,38.73514747043067,-10.522546315338438,40.08040727337928,42.648073563740574,0.19133504876840438
1408,40.74152196679264,40.54066336701029,39.04084182944528,38.124430850602614,29.855364838806754,39.67825090600001,42.64925311400964,0.19077311472169978
1409,40.74460970921921,40.56065977279415,38.83993741171187,38.366602831996815,7.480350257830288,40.04532925903135,42.65234085643621,0.19077311472169986
1410,40.720579636507885,40.55580061052078,39.13324294086445,38.65451368069944,16.059656177765063,40.070571094520446,42.62169889346674,0.19011192569588578
1411,40.754494703746296,40.62775711621572,39.2178750394307,38.7614698000638,31.36507511918648,40.0336806082304,42.65561396070515,0.1901119256958859
1412,40.763458909902035,40.54793005361707,39.02448569174717,37.73486264469562,31.59181675197253,40.025049289229315,42.6645781668609,0.1901119256958861
1413,40.73652311792193,40.639470295513625,39.170566506515236,38.74451637203206,14.64793603255643,40.14008856942195,42.62650848117757,0.18899853632556396
1414,40.76416619892369,40.563949793529275,39.222815836526514,38.55091323692898,30.741091562234992,40.135407168503804,42.65415156217933,0.188998536325564
1415,40.75798610970958,40.53393303639443,38.831278742485786,38.664892891628206,14.316956784726568,39.855037199856625,42.64797147296522,0.18899853632556393
1416,40.7513387330603,40.564132422645166,39.02833690614866,38.44324936584803,26.317124751993614,40.01042778329957,42.64132409631594,0.18899853632556407
1417,40.7502567919383,40.6608963600637,38.74568478194444,38.94867678224448,21.465398833542388,40.170898842236824,42.628482902429674,0.18782261104913786
1418,40.76729984577995,40.64275269652297,39.27868971820023,38.67986494922003,28.65809719766031,40.15124194684059,42.64552595627133,0.18782261104913783
1419,40.7904078036508,40.66911136687342,39.31377045113654,38.71059653105787,27.783726645883938,40.31310853488067,42.65233990366755,0.18619321000167485
1420,40.79712537141359,40.57363086220001,38.975131927350056,38.647624797820654,22.028171709088085,39.95690379582254,42.66682552962034,0.18697001582067505
1421,40.79430674214833,40.57230857256913,38.93622071230306,38.634197240631316,25.04290673491016,40.076770999698525,42.6452594600051,0.18509527178567675
1422,40.803831248687075,40.61831712984161,39.33754744634083,38.819625244397244,30.644360884063442,39.99543203255092,42.65478396654384,0.18509527178567672
1423,40.793958822350234,40.70767281162434,39.24561075472966,39.25242860986714,10.954885513066909,40.12589282478297,42.66423162910056,0.18702728067503258
1424,40.80579503282879,40.68408914768939,39.006947872652205,38.91315874023149,10.03209732168024,40.20414658974743,42.67606783957912,0.18702728067503274
1425,40.791376396402306,40.66604353779019,39.368585467975514,38.82869796718569,28.210817195445287,40.116842138163946,42.661649203152635,0.18702728067503274
1426,40.79100779778721,40.629143182098424,38.89447342147978,38.1088161241803,24.82292427592126,40.00940082716834,42.66128060453754,0.18702728067503285
1427,40.768640414100766,40.65795562068217,39.040455020640714,38.54547777133556,10.861185717789105,40.072704239441606,42.638913220851094,0.18702728067503277
1428,40.761212834541205,40.62839035560445,39.36395009655657,39.03015966498577,29.98894331756336,40.10001343442851,42.646517060952434,0.1885304226411227
1429,40.78467742164901,40.607899329042354,39.411217834093705,39.21512595974917,29.090592407741347,40.097331833913046,42.676861556651204,0.18921841350021956
1430,40.812483606245166,40.64386310336565,38.79532036612798,38.132018801581395,7.099202169658376,40.046367990239666,42.70466774124736,0.18921841350021953
1431,40.79726554381736,40.675463460376406,39.04589961057822,38.780552442321365,21.314658756435623,40.236204769433755,42.68944967881956,0.1892184135002197
1432,40.806784333546744,40.72232811419769,39.1433551517017,38.83292654882162,20.9397976261401,40.22996604373402,42.69896846854894,0.18921841350021965
1433,40.803649992521215,40.71539558215465,38.982985115180924,38.233625971068804,23.569740106421406,40.28965328172099,42.69583412752341,0.18921841350021956
1434,40.804284508234794,40.701758026346006,39.3623358438494,39.36015939066669,27.908873596808796,40.22995986894266,42.69646864323699,0.1892184135002194
1435,40.81202850448949,40.65472371519501,39.193579648801915,39.26317425524614,20.289137645305182,40.11298571115724,42.704725500875675,0.1892696996386187
1436,40.82261209184163,40.734341355991084,38.99750204002679,39.13789074061199,13.815567541763308,40.28917620018939,42.6903780767535,0.18677659849118725
1437,40.84518048797736,40.66908978653616,39.293472983139786,38.69421105932924,28.982249920156356,40.12263507059912,42.683582033898986,0.1838401545921628
1438,40.88301635807296,40.73244055001304,39.289718274052206,38.90811738476076,18.73915518916428,40.35669838279267,42.689795127392905,0.18067787693199444
1439,40.889181947795386,40.77544250494523,38.96929622651438,38.18445889887733,24.731557779382765,40.190768571133546,42.695960717115334,0.18067787693199444
1440,40.89867754781648,40.778081832921735,39.484418652064946,39.033494780050304,29.760396001691714,40.326183693605955,42.68668669567662,0.17880091478601376
1441,40.92354436749762,40.71565043332086,38.669440632920775,38.68375236430699,-10.538691616555951,40.233591646338624,42.71155351535776,0.1788009147860138
1442,40.913913804886406,40.77839834079348,38.99840945385756,38.766656487713796,18.662254285304634,40.313162929121994,42.70192295274654,0.17880091478601381
1443,40.92210808542412,40.660526988682584,38.44202048399347,37.887813490186645,7.7816232643481555,39.93379293091907,42.70884855924668,0.17867404738225634
1444,40.92438547259502,40.7789931511295,39.09452767494842,38.433809044571774,25.684501864204865,40.2523160665706,42.71112594641758,0.17867404738225642
1445,40.89086521298376,40.69890060386727,38.90001961522805,38.50991938208547,24.861722294268837,39.994613271347134,42.677605686806324,0.17867404738225626
1446,40.90960964627459,40.78369062778515,38.98644989441064,38.57915362194721,22.29675641395416,40.22469895291122,42.69635012009715,0.17867404738225617
1447,40.90969994769169,40.733876939232125,39.243691568034514,38.93183936871437,26.411133252740044,40.21328100866336,42.696440421514254,0.17867404738225637
1448,40.9219490413201,40.82364600918924,39.590348675078666,38.59226257426985,33.08254791088924,40.336619447984745,42.70868951514266,0.17867404738225628
1449,40.89313912511683,40.7691982636041,39.295514844425945,38.867431168799236,26.70533937564574,40.40726399898161,42.679879598939394,0.17867404738225642
1450,40.92512749593476,40.77216861565351,39.16867664175661,38.41075620532726,25.97673932090614,40.30061016823249,42.71186796975732,0.1786740473822563
1451,40.93323620273888,40.76072910007971,39.07006776112185,38.43744821256486,29.895353870233695,40.22965202034223,42.71997667656145,0.17867404738225653
1452,40.92506792251728,40.804764012244895,39.523538455662084,38.96921747128433,21.940539776129,40.331996044625726,42.71180839633984,0.17867404738225645
1453,40.9340832512053,40.82961038707108,39.30503101906123,38.48589953180429,26.2778764861068,40.448827731423435,42.72082372502786,0.17867404738225648
1454,40.9429235032179,40.70060569807858,38.45937476888373,38.13847246518268,3.37677161640093,39.80135468069814,42.761566923135945,0.18186434199180446
1455,40.94974706407672,40.84551420857487,39.03561838504494,38.66635856631146,2.508858172381359,40.1747478489884,42.768390483994764,0.18186434199180446
1456,40.943005822096055,40.79332720758056,39.744565608608426,39.17366451660176,33.64900041288496,40.204675191290335,42.761649242014094,0.1818643419918041
1457,40.93951009144122,40.77804175768496,38.894588098681055,38.39488556707365,21.055671019460114,40.119429474034945,42.75815351135927,0.18186434199180432
1458,40.9533905084833,40.84557270036467,39.1017650074429,38.306241849237466,22.668939561568994,40.43659764172696,42.76751306811857,0.18141225596352673
1459,40.96609580268154,40.787580420467215,39.7456793643898,39.20673279564809,27.569409663015662,40.3912199920545,42.7802183623168,0.18141225596352661
1460,40.95393242709873,40.845763915231224,39.5306022657407,38.90838073325622,31.18006377269664,40.471815418701944,42.76805498673399,0.1814122559635266
1461,40.94661236759386,40.86551653758758,39.5298549396892,39.31960867603475,28.84757247995237,40.34556561299314,42.768148029642134,0.1821535662048277
1462,40.955554718959824,40.83939182528109,39.69261932934092,39.37146221514523,29.455270690879495,40.39322891234864,42.7770903810081,0.18215356620482745
1463,40.93668490081592,40.7589800963145,39.54591074577602,39.14716172956518,30.656925822870118,40.28171836831336,42.758220562864196,0.1821535662048278
1464,40.93112599445286,40.84232126201036,39.533227491910836,39.458570863312104,28.8943209070297,40.394984655894945,42.759405053525086,0.18282790590722228
1465,40.93911481668166,40.770500760456585,39.26578486796743,38.15241519744126,28.48604851604497,40.04684885258344,42.76739387575388,0.18282790590722212
1466,40.94219542951876,40.71950201955577,38.92709035394936,39.052917953475216,17.991260519975036,40.20355291520918,42.770474488590985,0.1828279059072222
1467,40.942595637535895,40.817842006757274,39.27528629077787,38.96332464934568,24.88841934839777,40.156044343533075,42.77087469660812,0.182827905907222
1468,40.94559424041811,40.85298043676423,39.05002090781237,38.9086623237931,1.7389250004013448,40.46213758878963,42.77387329949033,0.18282790590722256
1469,40.91526697660464,40.75272556904264,39.328260605644054,38.80070307564737,30.114987338209104,40.17336461867956,42.743546035676864,0.18282790590722228
1470,40.922492041445594,40.78158221503301,38.986837895456716,38.05187989641756,20.890532306086104,40.332295880703754,42.73132808374383,0.18088360422982402
1471,40.955955266735636,40.79123568675296,39.503437728869336,38.92486002403728,31.688180346651055,40.11499667692571,42.7638013743378,0.18078461076021657
1472,40.94853005581985,40.78509840662564,39.42066237608204,38.93515173412525,27.429147149966955,40.25387624683984,42.75637616342202,0.1807846107602167
1473,40.938509052587314,40.78680459545283,39.751974178970336,39.23605750309431,33.093631837675844,40.30960938384686,42.74764340974117,0.180913435715386
1474,40.95451184686663,40.80711424552317,38.85333028033657,38.113269305540896,15.941271681091916,40.19401908912785,42.75345745973276,0.17989456128661274
1475,40.95384891246263,40.704477116859806,38.62380733369527,38.33622738572937,15.98287176792168,39.70619537255051,42.75279452532877,0.17989456128661313
1476,40.977629370408586,40.73490172511765,39.049142055472416,38.17746656547191,28.85935590816184,40.09674074940982,42.73466248740111,0.17570331169925232
1477,40.99623361419803,40.914879445802534,39.45924068099095,39.07739164902864,11.049971479140535,40.31677985720888,42.75326673119056,0.17570331169925255
1478,41.00285917358589,40.90839182525494,39.43538720314822,38.9984594247979,29.10078385285154,40.423215650418385,42.759892290578414,0.1757033116992524
1479,40.99910665937899,40.865217479142736,39.30259781218694,38.66900165976108,25.34112752828712,40.27255355738825,42.7535381082678,0.17544314488888063
1480,41.013969128482785,40.87430772682016,39.56468778124231,39.47504637814754,22.422604497020533,40.55008086215187,42.76840057737159,0.17544314488888052
1481,40.98911596570049,40.87180845447161,39.27405613391869,38.65431417279259,30.058168673718296,40.19300203868128,42.7435474145893,0.17544314488888077
1482,40.9923694610979,40.769858617731444,38.94652237999506,37.88153361238375,22.140573914157684,40.18464196213344,42.74680090998671,0.1754431448888808
1483,41.00801985270418,40.90522010572623,39.59410502437784,39.23257048867311,29.061910232771417,40.662616139672075,42.76245130159299,0.17544314488888074
1484,41.005536731136516,40.91213516271129,39.695864516448225,39.857317186205684,29.426426548129832,40.574642459352894,42.759968180025325,0.17544314488888058
1485,40.99846852005472,40.854241578873406,39.49737571303646,38.78265458902519,32.11412235036873,40.266659277624726,42.737868549282624,0.1739400029227905
1486,41.011761472611184,40.94003883191667,39.27404847274665,39.19279511813935,16.100684362110822,40.632472171540854,42.75116150183909,0.1739400029227906
1487,41.02739888164907,40.91667272747375,39.25544553494617,38.955743478581184,20.773019101626236,40.50448987107353,42.76679891087697,0.1739400029227905
1488,41.00811148625939,40.90894265119554,39.61955725813463,38.83553963514513,31.420725318214267,40.51978930572918,42.74751151548729,0.17394000292279047
1489,41.00473626053224,40.80384333837948,39.55636317748905,39.24468013551092,32.611939290030946,40.30275832484128,42.74472653160548,0.17399902710732396
1490,41.01097467322898,40.88133434106193,39.0169168963487,38.721845996619024,14.448068675278336,40.35888441907419,42.75096494430222,0.173999027107324
1491,41.009953615274405,40.91146619923929,39.42123614052461,38.994749202667926,24.538007690250062,40.2810971921992,42.749943886347644,0.173999027107324
1492,41.02635275537696,40.874457200356765,39.59520530427478,39.22159849880233,27.398956670168232,40.38987133694662,42.7663430264502,0.17399902710732404
1493,41.0410386297608,40.782677688100904,39.29802791301745,38.98461762126335,29.837488388607724,40.154349510821945,42.78102890083404,0.17399902710732382
1494,41.01633463621453,40.899311606041735,39.20295898031775,38.659536851983084,21.007487025315164,40.24182755452384,42.75632490728777,0.17399902710732404
1495,41.01716331951192,40.91513394413681,39.55852012750254,38.4136514328521,32.28264379891655,40.37616400684614,42.75956964031528,0.17424063208033538
1496,41.02086601611303,40.88699086171315,39.06367697243321,38.49163633579203,-1.0656563997004653,40.2195394203316,42.76327233691639,0.1742406320803352
1497,41.01482739307954,40.836533232859495,39.09876599362457,38.720502372670225,20.909783748127843,40.21480863337261,42.7572337138829,0.17424063208033513
1498,41.02294108893102,40.90701368383646,39.25185326280491,38.970753988851214,20.429027082671563,40.46190684971575,42.765347409734375,0.1742406320803351
1499,41.02672013896639,40.932033888706634,39.6795615592147,39.5397229961112,27.55013867538144,40.577158767357666,42.769126459769744,0.17424063208033527
1500,40.99773789397872,40.6810546124825,39.06828475493638,38.823193449268544,25.858224239080453,39.87321937115367,42.76882221134329,0.17710843173645685
1501,40.98325392296327,40.88517557256066,39.27729147569918,38.94400866670235,24.367225585455056,40.414722559530375,42.75433824032785,0.17710843173645727
1502,40.99504610460392,40.868129438812794,39.46614879168686,39.075259733001786,26.906028261669462,40.40233680034976,42.76613042196849,0.17710843173645718
1503,40.98237576715642,40.84376504444237,38.91787849672989,38.59303378487694,-13.659895893449864,40.313060521069445,42.75346008452099,0.17710843173645718
1504,40.98895306434552,40.85392677202281,39.48069257090879,38.74746545403328,25.880520221396562,40.27193824361194,42.76003738171009,0.17710843173645702
1505,41.0348421563012,40.8269921792265,39.17030064643382,38.8274687612047,26.013827451666565,40.27792288693604,42.97532423685378,0.1940482080552576
1506,41.03313372980414,40.85143042442872,39.46211389297799,38.915900866449086,27.422766785278803,40.26231740150648,42.97361581035671,0.1940482080552573
1507,41.03875001271193,40.946708719056964,39.70191787618172,39.49903061689973,29.004043028319963,40.49926326926945,42.97923209326451,0.19404820805525738
1508,41.01605924006201,40.950917595878444,39.461294741408786,38.87494416057505,22.54909696255824,40.40079631827946,42.95654132061458,0.19404820805525727
1509,41.013270355434095,40.9224998719255,39.65256519646706,38.84541625923414,30.078658229224196,40.39295119771906,42.945018827721825,0.19317484722877318
1510,41.02269007094035,40.895828231515814,39.07867362382936,38.659924797987465,25.14002909231286,40.23928929451965,42.9415853880862,0.19188953171458537
1511,41.05310718276595,40.95964696644686,39.468821617389054,39.37669832580192,25.88101662746963,40.45162186074327,42.9720024999118,0.19188953171458534
1512,41.03836932269121,40.802015045046176,39.01994371172144,38.31242058478377,25.04418084385979,40.097875176398205,42.957264639837064,0.19188953171458525
1513,41.03159250706132,40.915663575998494,38.725689973836744,37.798926465851665,21.774302660976605,40.27856022020151,42.95048782420717,0.19188953171458525
1514,41.06605345738196,40.92943431973253,39.44457343523626,38.85057218451715,26.31652557236853,40.046696804151566,42.984948774527815,0.1918895317145854
1515,41.04310639618533,40.949924944541834,39.4369188089852,38.51671828210785,20.85173782176407,40.54346690842995,42.95045754720654,0.19073511510212118
1516,41.06032991010673,40.843316745278074,39.53698250314337,39.24744594815969,30.06525497464455,40.43791627155386,42.970135770043626,0.1909805859936897
1517,41.041381012371886,40.88333721437697,39.226746014356245,38.93218356454081,14.438128481381703,40.525300957699045,42.95118687230878,0.1909805859936898
1518,41.053169445695566,40.92805179800132,39.494655535373475,38.728643077720584,29.002322835155514,40.55951296393124,42.96280548126722,0.1909636035571652
1519,41.045195302728345,40.84353324039597,39.323307654216464,38.76344798530914,28.97891232668422,40.29764905457409,42.954831338299996,0.1909636035571652
1520,41.041972704576935,40.94455514227415,39.58117375967662,39.08979077476915,28.384843417014512,40.598362035532034,42.951608740148586,0.19096360355716518
1521,41.09138054563598,40.94735938581229,39.56081950127211,39.00494954055148,27.92193944952663,40.5128090171622,42.98541845018824,0.18940379045522665
1522,41.0763917828252,40.808521759407206,39.486632617763576,38.93698995596919,23.245376330863955,40.198375600098544,42.97042968737746,0.18940379045522657
1523,41.07239401136537,40.98084884508147,39.86110619222331,39.056937476148406,33.555111574617406,40.70167871873523,42.96643191591764,0.18940379045522682
1524,41.049974391247005,40.95382432040194,39.76774890205439,39.50901995147599,30.858329526843832,40.571865015527926,42.944367109188505,0.18943927179415015
1525,41.07981124309761,40.9320755701998,39.00989041051222,38.35189437718491,12.339710049234238,40.266092631714656,42.97308313215767,0.18932718890600597
1526,41.07730823971558,40.943014012956375,39.56865627821296,39.18446401751933,27.056034555695692,40.60140362374683,42.97058012877564,0.18932718890600583
1527,41.08216333530484,40.91787258088431,39.10885611534485,38.72980697970501,7.559665621298507,40.240452241193566,42.9754352243649,0.18932718890600592
1528,41.06732812120478,40.9866429339114,39.84508399729753,39.56692508243721,31.347910959714085,40.68626738577713,42.96060001026484,0.18932718890600575
1529,41.051000133243974,40.89951568070059,39.43433474263515,38.754109013456386,27.238136975586137,40.508504919800515,42.944272022304034,0.18932718890600592
1530,41.076691657539094,40.899785350888344,39.3157760470961,38.63205272036427,27.846898698214176,40.19240799732631,42.96761931778383,0.18909276602447375
1531,41.0575607863166,40.947084906867794,39.42528298768583,38.67390663029309,24.808936530665854,40.44636836859992,42.94848844656134,0.18909276602447392
1532,41.078302573147724,40.951475336138394,39.82140927568434,39.31967757276953,30.98998288525588,40.58961638048735,42.96923023339246,0.18909276602447375
1533,41.06551768844649,40.909575273071944,38.50548605876411,38.812472681857706,-16.008640967001618,40.011344134912335,42.93814195435915,0.18726242659126624
1534,41.098826146710365,40.99464870223999,39.37636228454294,37.9646743969306,29.915162852319654,40.28940960748635,42.97031027575326,0.18714841290428966
1535,41.101428020163176,40.952198386449524,39.073497707038605,38.179778092676464,24.40944516885042,40.19183546345716,42.97509096189935,0.1873662941736172
1536,41.10192506100543,40.9483983378179,39.63932630551786,39.44196103852609,29.880275629976545,40.46939186899749,42.97558800274161,0.18736629417361747
1537,41.071303742076886,40.977369502883576,39.52177611255806,39.121868665228334,16.643293832385964,40.42414356231284,42.94496668381306,0.1873662941736173
1538,41.08639422383941,40.954469019871475,39.524310397912046,39.24769964464321,19.426060426678873,40.53463997208263,42.960057165575584,0.18736629417361741
1539,41.07170947331692,40.823560739824174,39.269352021291056,38.60627763072884,27.213890730168018,40.284768870013075,42.94537241505309,0.18736629417361733
1540,41.07374983113922,40.93469744515313,39.54571924042157,39.33625021186784,0.8565193982341128,40.5165679734248,42.94741277287539,0.18736629417361741
1541,41.11263825873081,40.884570740335846,39.085419192700535,38.81799588746308,21.96301008752593,40.20796941155817,42.98630120046698,0.18736629417361728
1542,41.09277087044916,40.89302236591684,39.26018572907467,38.68498941351931,25.677305670456803,40.467840432280425,42.966433812185336,0.18736629417361753
1543,41.09046449530938,40.81192493643129,39.40498838371111,38.33107229537144,31.85915379872994,40.221059479240424,42.96412743704555,0.1873662941736174
1544,41.09255502158855,40.97861843666361,39.4286111057216,39.17570207346379,28.89652896551297,40.47773790327891,42.96621796332472,0.18736629417361725
1545,41.08441853880309,40.936369744561624,39.16591592282554,38.434263468457374,14.745775118556729,40.303996466712576,42.95808148053926,0.18736629417361725
1546,41.08691546180943,40.99493990059872,39.43692230942929,38.69701091454481,26.84133593674339,40.54270024068226,42.960578403545604,0.18736629417361728
1547,41.08966300332523,40.96839397000815,39.49652148996306,39.3729223767963,25.84783874318919,40.595531790462275,42.963325945061406,0.18736629417361753
1548,41.08424873495158,40.946859193564435,39.32811856232942,38.799374357727295,27.74331169654295,40.29401090748028,42.95791167668775,0.18736629417361733
1549,41.10943007086756,40.89278004382499,39.52875757965375,39.13541425079604,27.373511874898355,40.39386126704697,42.98309301260373,0.18736629417361733
1550,41.07396118666933,40.90031054088675,39.416974379280035,38.83206616860744,24.890233826196564,40.32432419567775,42.9476241284055,0.1873662941736173
1551,41.0886405818453,40.87006729894829,39.352848271057795,38.437296600734165,28.33956130500497,40.33911949806955,42.963989756353186,0.187534917450789
1552,41.09125477275028,41.0014058160798,39.6119550970609,39.22718967643946,18.939554152214832,40.57907724225187,42.96660394725817,0.18753491745078918
1553,41.09171988684773,40.879302516276546,39.11985666513987,38.82336093788753,21.757633255905567,40.43566686004509,42.967069061355616,0.1875349174507892
1554,41.08948351718955,40.92619521612069,39.73556406882367,39.03775920326911,32.39601633254433,40.340871733876696,42.941288356431734,0.18518048392421838
1555,41.10862803274226,40.935248799877414,39.40439576824723,38.78233595682612,28.17283478196574,40.34086520907104,42.960432871984445,0.18518048392421813
1556,41.1113193851162,40.891338713899266,38.486645478134875,38.52292188264651,-13.691551375611752,40.08648749670911,42.96312422435838,0.18518048392421832
1557,41.087116512473955,40.94107635009637,39.7709439373667,39.2469194954915,30.772622225944957,40.39653234658659,42.93892135171614,0.1851804839242181
1558,41.090342030717025,40.9761495651245,39.58200768692775,38.86498883377252,30.58211257679853,40.461650604105515,42.94214686995921,0.1851804839242183
1559,41.11827927474159,40.9931819347206,39.170165342605785,38.96045823029484,12.319959352358978,40.320611642702715,42.97008411398377,0.18518048392421846
1560,41.09916223716596,40.87992640574924,39.154761863823666,38.716081718498984,14.981684172175544,40.36755086257929,42.95096707640815,0.18518048392421818
1561,41.10830593425544,40.87430409061812,39.47635756599644,39.17241198760124,25.99613175167934,40.43014624898696,42.95982237034731,0.1851516436091869
1562,41.11155341598706,40.93540397492434,39.436393960001645,39.094950530984335,21.46376050745156,40.444282460491095,42.96306985207893,0.18515164360918687
1563,41.1083431790352,40.95698698241652,39.58890017163975,39.164953175365945,28.381754385786913,40.54951737831405,42.95985961512707,0.1851516436091871
1564,41.10214509188289,40.907704474097905,39.51117672441072,39.04545393978333,31.093695607931476,40.32839240535313,42.95366152797476,0.18515164360918707
1565,41.124028758464725,40.91010719761792,39.07622809026814,38.43318854356256,26.640871537965563,40.05130491543602,42.976590709592955,0.1852561951128232
1566,41.127620310970364,40.98672096073677,39.3891203834527,39.03827831026397,19.079409931517958,40.3892867568319,43.01293141380665,0.1885311102836285
1567,41.17004246169147,41.0261178085262,39.73447536019109,39.500783295502245,30.3473460082687,40.71178976617385,43.055353564527756,0.18853111028362854
1568,41.1335660260802,40.87264161455957,39.47152767493642,38.819018565524,29.80410911822388,40.263497470797255,43.018877128916486,0.1885311102836285
1569,41.145771404939886,40.980139130645796,39.44569111446634,38.50000158354308,27.53492171687742,40.435513077230056,43.03108250777617,0.18853111028362846
1570,41.16130034241114,40.799732194953904,39.13548116015118,38.055618505271994,25.062429117512764,40.04489537785389,43.04661144524742,0.18853111028362865
1571,41.12981559347762,40.94595212267379,39.27241102550721,38.4350680590008,28.84066995460771,40.153194507852675,43.015126696313914,0.18853111028362882
1572,41.14008915599036,41.016025289822494,39.6533001334202,39.00189766893332,24.157917487356816,40.55057209226801,43.048944594092355,0.1908855438101996
1573,41.140856757473685,40.998559446865734,39.16779471915018,38.1962381066947,19.463182211929478,40.438906235208165,43.04971219557568,0.19088554381019937
1574,41.13705394479968,41.015250881262304,39.796060857394764,39.435805338721664,25.916143945510697,40.50741939596498,43.04590938290168,0.1908855438101995
1575,41.11260798846965,40.974940764716955,39.344045777213125,38.981305273513215,11.447504924931184,40.54043847006449,43.02146342657164,0.19088554381019918
1576,41.112947609770025,40.8452791983075,39.22031902547344,38.44587439820873,21.742059406499326,40.073266055830075,43.02180304787202,0.19088554381019934
1577,41.10951071409199,40.944849447828624,39.667624703520936,39.354559243377324,22.679381909414992,40.545187146305196,43.018366152193984,0.19088554381019937
1578,41.12416106876983,41.026159357773324,39.779379684390264,39.31506271219769,26.170530934173865,40.560252248960296,43.03350628569119,0.1909345216921362
1579,41.11550426162421,41.00774180610949,39.58937069476053,38.93733282107287,20.82975317542296,40.487546626578705,43.024849478545576,0.1909345216921364
1580,41.13387200052662,41.02094042388348,39.40602194483095,38.88789831961424,29.581865105938416,40.39710951642191,43.04321721744798,0.19093452169213623
1581,41.14607244918384,41.04194170125135,39.52892490507418,39.32392469329262,22.655984490017993,40.4986951385287,43.055251707414456,0.19091792582306183
1582,41.122337722986025,40.92297274489262,39.27879737013909,38.82157799559775,13.369627315151359,40.315764086663954,43.03060892106127,0.19082711980752487
1583,41.12922266788832,41.02234246507273,39.83028636561748,39.47448548844027,22.596865300222483,40.42971864815419,43.03749386596357,0.19082711980752465
1584,41.13185111089613,40.97603673795883,39.530655985369386,38.85999487269798,27.12521427867276,40.41944223968275,43.04012230897138,0.19082711980752454
1585,41.11007648992236,40.918950151770034,39.61016549697516,39.17421314789652,28.15318881712936,40.332195070814066,43.01834768799761,0.1908271198075245
1586,41.12163907619944,40.924404577267005,39.68453134975594,39.31005839743005,24.616931014180427,40.46062393765801,43.02991027427469,0.19082711980752445
1587,41.129464047421784,40.90144567541084,39.32180187393187,39.06759726832908,26.086912124516836,40.377679563308945,43.03773524549703,0.19082711980752462
1588,41.11932087476278,40.90057046746783,38.703602832778884,38.36409248501684,-1.6912374297041168,40.42921430607687,43.027592072838026,0.19082711980752468
1589,41.13564167810105,40.9898527770902,39.878935361038614,39.36747385474356,33.82079380441164,40.58144822769174,43.0439128761763,0.19082711980752456
1590,41.122347039719756,40.97597680305674,39.731813619518064,39.528059249420075,25.509154320101015,40.60695369950858,43.05584160381064,0.19334945640908843
1591,41.0947055901627,40.96306182009518,39.459999106635614,39.41993787926246,19.978250578794054,40.521778777716975,43.02820015425358,0.19334945640908846
1592,41.128038295826876,41.00145618559983,39.48154227278014,39.466613975734305,9.91122549356529,40.62124044703669,43.06153285991776,0.19334945640908863
1593,41.10087172183956,40.924841031780424,39.253280866785765,38.59147768219639,16.11550400909681,40.3393697358591,43.034366285930446,0.19334945640908838
1594,41.08685615528851,40.92213726159894,39.19700202031015,38.05880438092514,30.988610297448336,40.14581104114148,42.93285456472909,0.1845998409440585
1595,41.111668433080304,40.97554537918899,39.54503595699417,38.92767201611491,26.33816790162578,40.43963456212394,42.95766684252089,0.1845998409440584
1596,41.10232885759017,40.91802883810203,39.257188889691754,38.22600823353743,31.830369140495918,40.41084213855703,42.948327267030756,0.1845998409440585
1597,41.09357111495794,41.007059944752754,39.563052362886275,38.90970023808912,26.87835060349233,40.464450131612445,42.93956952439852,0.1845998409440584
1598,41.090771661758964,40.895680602347454,39.0433054778361,38.365699418656995,14.76422759758129,40.474842560041395,42.93677007119955,0.18459984094405854
1599,41.099369325602574,40.935118368453985,39.35600183081691,38.63699387749663,30.581323067021312,40.24012569238229,42.945367735043156,0.18459984094405849
1600,41.10353011352796,40.90919423557988,39.03171127122998,38.68698026168857,3.5944693809027513,40.41247366840844,42.94952852296854,0.18459984094405843
1601,41.103738459431064,40.912861662028995,39.461779805855706,38.64480443233709,30.32971107834982,40.437430147002246,42.949736868871646,0.1845998409440582
1602,41.106311658717466,41.01352070746719,39.607709653507676,39.15899634287719,24.930344273630844,40.51837027736332,42.95231006815805,0.18459984094405843
1603,41.104381322341126,40.97386131447848,39.32844635170162,39.083397658292725,3.6277061993188724,40.42205965319374,42.94836894197631,0.18439876196351887
1604,41.11178180834523,41.006585766777015,39.578440907844026,39.48792046962988,-13.724742928425478,40.51362833761378,42.955769427980414,0.18439876196351876
1605,41.11824717877774,40.957982766682335,39.27449786708362,38.91049462559734,27.394980846411126,40.272716358688676,42.96223479841293,0.18439876196351868
1606,41.083898290352295,41.00900613647564,39.530546444294366,39.340223388868864,29.315563631645787,40.53708699865852,42.92788590998749,0.18439876196351906
1607,41.14068775993584,40.9727906632889,39.11558852270204,38.218721835010385,27.43244483995248,40.14120443455438,42.96113104430532,0.18204432843694812
1608,41.14682755148728,40.9632530051542,38.919281417128616,39.13932998065501,-13.647258657087328,40.340684159517195,42.96727083585676,0.18204432843694804
1609,41.11984667372457,41.019383686677145,39.33860233009772,38.91193519308705,18.546253994900525,40.55580205823486,42.93287685568104,0.1813030181956471
1610,41.127543518877296,40.92797983242281,39.03661220072775,38.38129180142998,22.019838924551266,40.28122530553337,42.973641917206194,0.18460983983289003
1611,41.09404629890874,40.94082071767001,39.76056937433144,39.146865001376014,31.15916477024931,40.490755725220964,42.940144697237635,0.18460983983289014
1612,41.10897997768037,41.01312301636513,39.52937950957457,39.014250607789805,22.42323033616139,40.60063469477481,42.95507837600927,0.18460983983289006
1613,41.10339675599317,40.89952127252364,39.55387573311609,39.36146589771483,31.788802316845544,40.452787343984056,42.949495154322065,0.18460983983288998
1614,41.099730553412655,40.99143662166124,39.81499013036982,39.69755155202229,29.515409867427298,40.619723636940535,42.945828951741554,0.18460983983289003
1615,41.105684426497035,40.96078053198604,39.69222655107362,39.261910080382876,29.153666955884397,40.57020897680644,42.95178282482593,0.18460983983288995
1616,41.128992303787975,40.94328861819711,39.58797465105727,39.398452055564064,27.80750099735176,40.43078795934174,42.91467511359183,0.17856828098038505
1617,41.14697000931453,41.05492586148891,39.440239903935435,39.051934245359504,23.177492738160154,40.51553006356862,42.932652819118374,0.17856828098038482
1618,41.166931835640554,41.065771910735016,39.35589568685847,38.92778984165652,14.879476790740167,40.54440564514645,42.94355374750883,0.17766219118682772
1619,41.16936628389408,41.033740146103796,39.422873718843185,39.30792297588759,13.979000960035517,40.52720212018494,42.945988195762354,0.17766219118682777
1620,41.16618991889994,41.07058381123729,39.49247130441291,39.231638397937445,25.787110831968622,40.70767626677382,42.95194853398761,0.17857586150876725
1621,41.14235696253533,40.93523535983722,39.41414100417661,38.77536645758713,25.517219343065193,40.48913584208182,42.928115577623004,0.17857586150876711
1622,41.13505474349417,41.04474315711051,39.66303832512969,39.389938206171145,25.384781610383534,40.65909094159598,42.92130313740121,0.17862483939070403
1623,41.15397648548147,41.02413034287976,39.82910864519687,39.490219703382465,29.017936563442944,40.60775478625206,42.940224879388516,0.1786248393907042
1624,41.162521485782996,40.96432056141356,39.46813344088525,39.03810361631849,26.434118413832728,40.491470696614265,42.94876987969004,0.1786248393907042
1625,41.14091239318691,41.0162850525325,39.603274290777655,39.27762512209984,32.136377543892834,40.528247878606315,42.92716078709395,0.1786248393907042
1626,41.1451353566445,40.97313724617669,39.24791191286699,38.99255012995528,8.614156896328268,40.42528876303834,42.933394540356936,0.17882591837124368
1627,41.118984126833055,41.00318419277521,39.30647682715984,39.210761603024984,21.899159656242098,40.46309712913914,42.909289755182215,0.17903056283491617
1628,41.13772322422809,41.0220929838205,39.817624964224436,39.59707902939504,11.513158409267362,40.617348340866066,42.95836981103417,0.1820646586806076
1629,41.11236224764652,40.96789918470441,39.387680648294584,39.125777903180534,28.421710687970105,40.34462328361809,42.9330088344526,0.18206465868060762
1630,41.12818126196649,40.99261167957591,39.18855227167157,38.63214402869483,25.259700573458552,40.25834694908394,42.94882784877257,0.18206465868060784
1631,41.1159464195999,41.01647097264532,39.418614521490994,38.97539408079408,14.153863617801285,40.63107071537203,42.93659300640598,0.1820646586806078
1632,41.116956270289435,40.936664483218934,39.26280856200888,37.79110408152398,30.02126479031742,40.3661913306792,42.93760285709551,0.18206465868060756
1633,41.11365937716875,40.91241132522469,39.27705352425868,39.32744772766073,9.915223837081768,40.52074006897321,42.93430596397483,0.18206465868060767
1634,41.10585865700389,40.9808340491285,38.93397466672528,38.66112628185542,-14.367358832239546,40.347737614355935,42.92650524380997,0.18206465868060778
1635,41.114040218133376,40.971734212958204,39.74086196801745,39.339149649880326,28.99601154749726,40.39707299466595,42.934096563094116,0.18200563449607424
1636,41.11418866664878,41.00105995627099,39.406716561173404,38.899862451381765,29.63477342052593,40.42926505063945,42.940177806729686,0.1825989140080905
1637,41.12781629744692,40.93020631667452,39.43401022090062,39.05344796447831,26.16484168066192,40.34800133236955,42.946392335114815,0.18185760376678944
1638,41.09380045942253,40.96944810045952,39.793697365917666,39.43942058218285,30.23221227798556,40.40390191552983,42.91237649709043,0.18185760376678944
1639,41.12185276686831,40.84739139443322,39.209071957118155,39.306906430801035,12.358047672341918,40.446266288560835,42.9129350298886,0.17910822630202955
1640,41.134194198179536,40.987485996779554,39.58882640737951,39.09552249832212,27.465058494898756,40.34803386454348,42.92527646119983,0.1791082263020293
1641,41.1429035373837,40.81400589691212,38.96451755440609,38.78157262799979,9.919844373337376,40.266077104359866,42.933985800403995,0.17910822630202938
1642,41.12445443898718,40.93521457546991,39.68017002585323,39.35930609049664,29.956644409153505,40.32536914389368,42.91553670200747,0.17910822630202944
1643,41.131768354548576,41.004007665083925,39.43046886263415,38.541354306626495,9.819888177383483,40.47768894722256,42.92285061756887,0.17910822630202936
1644,41.146666148999095,41.00920301752854,39.57540889015063,39.247637317257016,25.62131919191552,40.44236847977014,42.93774841201939,0.17910822630202936
1645,41.133225270582614,40.97549057770104,39.1448039029206,38.78960326395228,3.70380365750448,40.270792680892455,42.92430753360291,0.1791082263020296
1646,41.12386382113657,41.00790992200138,39.61043913556647,39.02231398396203,30.115461464406117,40.4833834326885,42.91494608415686,0.1791082263020294
1647,41.1334016255141,41.02648913422713,39.46897144989976,39.25240665327623,17.43771526668766,40.479171635890815,42.92448388853439,0.17910822630202924
1648,41.13307927321844,40.957959056838874,38.949478377298085,38.23885990863072,22.720869783063108,40.35943011493716,42.924161536238735,0.1791082263020293
1649,41.136023138864545,41.0181710213263,39.467340138250776,38.72194295179306,28.51286223622597,40.63692200624848,42.92505895724811,0.17890358183835706
1650,41.14733230006245,40.983195672779885,39.41601470048603,39.16393271255931,26.89400264618939,40.50783701609107,42.93256018655682,0.17852278864943666
1651,41.154065984662715,41.00799350034902,39.35697092996672,38.664972655301746,26.849153009777023,40.408556996124375,42.93929387115708,0.17852278864943677
1652,41.180538210536305,41.045254950896755,39.50421751052362,39.031748771580794,30.394231648201227,40.61370856096956,42.971385437497716,0.17908472269614129
1653,41.14334655490729,40.8591363593246,39.303566058006645,38.48589131413347,30.63251249142518,40.13487231303358,42.9341937818687,0.17908472269614129
1654,41.14248449038472,40.949445406283715,39.43226806611749,38.85687047705729,14.851968568757108,40.32345921876775,42.93333171734613,0.1790847226961414
1655,41.132825101222416,41.05302212686024,39.44677038604877,39.16779843894721,7.72120232726467,40.597415703789416,42.92367232818383,0.1790847226961414
1656,41.16414081837509,40.98661234016556,39.62368516689639,39.019905545416506,23.49731288200111,40.565720545492944,42.9549880453365,0.17908472269614126
1657,41.15550193391373,40.88379431779568,38.85660880099149,38.54325552156524,12.749265871845708,40.317987085246116,42.946349160875144,0.17908472269614134
1658,41.14512304500027,41.021789277875904,39.561326431976234,38.665201801428296,27.506210792509787,40.425413710833936,42.93597027196168,0.17908472269614134
1659,41.1701441445666,41.00114969777822,39.09772378846525,38.73983094772861,-13.627532950153835,40.569252840171664,42.96099137152801,0.17908472269614126
1660,41.13439539612588,40.962017238702764,39.17656885252306,38.545569980680426,22.074974976357744,40.45974325575485,42.92524262308729,0.17908472269614129
1661,41.161880469644515,41.0677144711139,39.37433173497357,38.945887081710524,15.05151217488417,40.53950975771328,42.952727696605926,0.1790847226961413
1662,41.140413172402624,40.99624235755562,39.433402157950304,38.66932239542865,18.51437775645712,40.45306224730799,42.931260399364035,0.17908472269614112
1663,41.14890233894643,41.020263151201455,39.045640809724986,38.866708787224496,3.60995196657651,40.51975750823118,42.93974956590784,0.17908472269614123
1664,41.18041803752624,41.07191618104133,39.89739150038347,39.18478099201265,28.697024712034846,40.4632605521893,42.97126526448765,0.1790847226961414
1665,41.15529239128539,41.018188810574,39.53886068231245,38.93255670930469,25.880715608879488,40.53863641658833,42.946139618246804,0.1790847226961413
1666,41.16157163756665,40.91348982148214,38.92860285448692,38.467027358818406,4.792969608008832,40.29409945042188,42.95241886452806,0.17908472269614142
1667,41.16155826749957,40.87904212771558,39.46387385559543,38.60818825427682,25.427909704211427,40.26952184113711,42.95240549446098,0.17908472269614126
1668,41.15057993387518,41.065324885552556,39.46778541668665,38.995972217925996,22.639813839939396,40.344097002096134,42.95182668295056,0.18012467490753786
1669,41.13568848654308,41.04090620977139,39.30748685987649,38.53204490222,25.076420716654887,40.467043406320656,42.93693523561846,0.18012467490753797
1670,41.1566131652247,40.93657438696435,39.5824547654419,39.14505297867019,31.451658782302783,40.35969811122266,42.95785991430008,0.18012467490753792
1671,41.1349994864957,40.97089089516594,39.377483830733716,38.72352317802388,27.54112636772178,40.414903020135945,42.93624623557108,0.18012467490753803
1672,41.1633624461991,41.01246992359086,39.76299828463842,39.67694327003477,18.43951677875301,40.606233739178634,42.939268946492334,0.17759065002932342
1673,41.16405252631681,41.01796758890606,39.67004165714577,39.169837778229436,26.013637274000843,40.58654068379878,42.93995902661004,0.1775906500293235
1674,41.16929241694564,41.04493806803692,39.75515744185817,39.573013793584664,25.364995091227737,40.496533681704,42.95485942602877,0.1785567009083134
1675,41.1782983644983,40.96119093306852,39.36349064390156,38.66509988610592,27.397553172564784,40.20195075671646,42.963865373581434,0.1785567009083133
1676,41.172848863940565,40.938155346892295,39.30231967201213,38.75242873242108,26.76173051715577,40.229535358033324,42.9584158730237,0.17855670090831327
1677,41.14151427194395,40.991959506861036,39.24087700230498,38.586911139101915,21.554866427685454,40.46158827348514,42.92708128102708,0.17855670090831316
1678,41.168309472451725,41.02547962800743,39.277637683577886,38.693558757485505,7.783688253062728,40.32760759965345,42.95943589239781,0.179112641994609
1679,41.15791062757934,41.048192562695924,39.338042275963865,38.47481225430855,28.436863562785966,40.64073679734903,42.94903704752543,0.17911264199460886
1680,41.14516056014445,41.05001757003418,39.24172601990799,38.682218556364994,11.221592332862436,40.42505405383535,42.936286980090536,0.1791126419946089
1681,41.183009518748435,41.020366275067,39.62434662268762,38.70649528607636,31.937406490408037,40.5565848980019,42.97413593869452,0.17911264199460888
1682,41.130964028877656,40.98137956478118,39.752800068857304,39.78472530539069,31.44681864994724,40.502538056261514,42.931639649936926,0.18006756210592717
1683,41.15561141992163,41.03829579702217,39.508345624206726,39.15387842596923,26.413346992450798,40.519764405855426,42.9562870409809,0.18006756210592728
1684,41.12882070641273,40.97995213961764,39.766713155959394,39.50476996090449,31.257693096477894,40.49678810400809,42.93146378045576,0.18026430740430258
1685,41.116373653494634,41.02154532444569,39.83072057798667,39.62701739203705,25.269657387711053,40.66683331100549,42.94106357935612,0.1824689925861485
1686,41.14639736342442,41.004081425839054,39.42743806758371,39.03291889847868,25.407023598267283,40.48539014104492,42.971087289285904,0.18246899258614876
1687,41.0974026401767,40.99429472102898,39.80193933321555,39.30576049940683,32.00708776235685,40.61536889903063,42.92209256603819,0.1824689925861488
1688,41.12529675353589,40.97788987430476,39.53977370263487,39.083861360940666,25.82826092001096,40.546720867304415,42.949986679397384,0.1824689925861489
1689,41.11225300713687,40.9232845211192,39.48774041561902,39.23784369724928,26.755571387460623,40.349594142225854,42.936942932998356,0.18246899258614865
1690,41.11885009034298,40.94114916121075,39.77798849921752,39.23186435886364,29.453330277721008,40.286674577767016,42.942991820949395,0.1824141730606413
1691,41.12080432282077,40.99549015792861,38.62775219991029,38.44857161112619,-5.3629391829985735,40.296279047373474,42.955928733187434,0.1835124410366666
1692,41.09183780719023,41.00652002885828,39.50506589404546,38.99752205371923,31.388026288456246,40.341327791637326,42.9269622175569,0.18351244103666692
1693,41.095567598248344,40.86931276069119,39.26636389325458,38.61867566457994,26.319313234740207,40.13894062227784,42.93069200861501,0.18351244103666683
1694,41.10907346098411,40.98773055242863,39.65553050094121,39.06363072235302,29.428393826404765,40.59091679467326,42.93726942495645,0.1828195963972333
1695,41.09306773663664,40.950383631570126,39.121842113517694,38.39571782073646,21.238074569867315,40.24745368273745,42.921263700608975,0.18281959639723336
1696,41.10233673927431,40.926845520247646,39.432389869277465,38.557860256526325,29.942366572800573,40.404312484279686,42.93053270324664,0.18281959639723327
1697,41.11290364123858,40.842398465818064,39.369487889302675,38.39164854412893,30.73775819505559,40.2353418078641,42.941099605210916,0.1828195963972331
1698,41.108698223253434,41.01837285588274,39.72958765174448,39.33791314918119,26.7077790282346,40.52621772898093,42.93689418722577,0.18281959639723327
1699,41.1278722275735,40.96355637304382,38.507598547570836,38.4103056430613,-14.228381756813796,40.1660568985542,42.95606819154583,0.18281959639723333
1700,41.1117232037193,40.975438172335174,39.69120093253056,39.056688491437725,32.16279739648049,40.414013146336416,42.939919167691635,0.18281959639723322
1701,41.14142348861503,41.003873645770355,39.688493944923394,39.28161370258314,22.368987664255233,40.58201039996919,42.94443333750885,0.18030098488938148
1702,41.14938404130035,41.04563688482773,39.768100289742534,39.10875189764357,33.09504416703328,40.42467550674622,42.952393890194166,0.18030098488938148
1703,41.143805883300175,41.03737257409118,39.88860459973413,39.82935259944816,27.98039972099926,40.609615173602975,42.94681573219399,0.18030098488938148
1704,41.13139313473237,41.006125306417744,39.54490534290454,38.72342816952652,25.083730315165916,40.26885553147436,42.934402983626185,0.18030098488938157
1705,41.14820266603918,41.042187810467425,39.53342143215672,38.796452152451224,28.21193770596133,40.461050066619904,42.94598240422184,0.17977797381826532
1706,41.17576031105784,40.90638574475635,39.44017087497759,39.13751546011735,26.439480888894582,40.46650909355663,42.9735400492405,0.17977797381826524
1707,41.136752922320746,41.04630395867083,39.23925825652703,38.80471372203589,23.02725308901397,40.43916795877214,42.9345326605034,0.17977797381826527
1708,41.155156136734774,40.99330940955477,39.399614523474604,39.31535717357246,21.544729195649275,40.5365172523084,42.95293587491743,0.17977797381826516
1709,41.1418448750269,41.0527608839597,39.871482964533136,39.22815669487187,26.99541801570913,40.66678959088626,42.92549923776332,0.17836543627364237
1710,41.16305987366855,41.063899967927085,39.75476038504692,39.427977061112024,29.83221546191981,40.688747435727436,42.944118074039885,0.1781058200371332
1711,41.15834624904341,40.921030692072534,39.28880943220986,38.527433462624415,27.105534660016698,40.223286615092476,42.94023411152055,0.17818878624771395
1712,41.14330004213736,41.05254042134761,39.54191074324889,38.59363332225085,24.690736533567094,40.477806268121896,42.925187904614496,0.1781887862477137
1713,41.15710707147136,41.013344629261,39.586255532504275,39.38336954106242,12.480418560955023,40.3086810065427,42.93980731723926,0.17827002457679006
1714,41.18203437083788,41.04459842008753,39.43114298741717,39.23967966927024,23.654013966308604,40.327035136445375,42.96473461660578,0.17827002457678998
1715,41.16044838281124,40.97891733396411,39.70600123316212,39.54698183742879,26.701218567391592,40.56711153270065,42.94314862857914,0.1782700245767901
1716,41.151359983647026,41.06814298852735,39.48534682854153,39.10360526924589,27.172953091170278,40.397480967640874,42.934060229414925,0.17827002457679
1717,41.145588457006056,41.02832929935867,39.69352342116088,39.44295702278112,32.29338569851248,40.37578796192642,42.928288702773955,0.17827002457679006
1718,41.1575951982881,41.036775595297954,39.70316357587707,39.65855120366797,23.538500423810312,40.58333042273411,42.940295444056,0.17827002457678995
1719,41.17670741699385,40.95324255304206,39.570647289252435,39.31694196466416,31.878381409030872,40.41097942574348,42.95940766276175,0.17827002457679011
1720,41.1573759017059,40.98876970576612,39.25081943441076,39.039702756288456,21.608527863403744,40.442895573190825,42.940076147473796,0.17827002457679
1721,41.16277039494526,41.0008873931426,39.404424257411286,38.51876085598229,28.612263703455138,40.35406873751709,42.92736024948188,0.17645898545366176
1722,41.17736226728334,41.104248671796334,39.72478136783373,39.18753914821993,21.301523322448553,40.77422139104827,42.941081158230006,0.17637188909466622
1723,41.17960934417064,41.02194321233928,39.51937613765839,38.59127290076604,25.75311001126223,40.38735809426517,42.943328235117306,0.17637188909466614
1724,41.19889314105041,41.06646518674285,39.46658073297581,39.40115430276028,24.289882910778804,40.42819057596967,42.962612031997075,0.17637188909466606
1725,41.18301799399565,41.10489949123947,39.915272617425835,39.5955012192161,31.919860521103566,40.8503819979252,42.952653215970045,0.17696352219743938
1726,41.180011220711,41.01624915297238,39.76177435070583,39.28751341779656,30.677646818182424,40.52186828569103,42.9496464426854,0.17696352219743938
1727,41.171028259775944,41.03448483007877,39.22922961826626,38.498376787182025,22.649198357519822,40.35289590269302,42.94066348175034,0.17696352219743938
1728,41.17939299348903,41.01684934311883,39.79549319915152,39.34307081130301,31.766041736671458,40.52185543023481,42.94902821546342,0.17696352219743922
1729,41.16097730470864,41.03861500990708,39.56532218564271,38.665523792832374,26.51249186494735,40.52980885550841,42.93061252668303,0.17696352219743908
1730,41.15595665354291,40.95277675235657,39.46056995857375,38.62869704096185,27.430191599447085,40.37788311625445,42.9000057169332,0.17440490633902922
1731,41.190017591754206,41.05647791875236,39.61457232540924,38.873748584906636,25.340929037205374,40.5051952430225,42.9340666551445,0.17440490633902936
1732,41.202551190354235,41.04674269255345,39.70602761981222,39.090347296641305,31.70673808519118,40.57728845368744,42.94660025374453,0.17440490633902908
1733,41.205448120858186,41.08655020650107,39.56677997435672,38.72296336585313,29.911861797581814,40.6376607270943,42.94949718424848,0.17440490633902905
1734,41.183136461688065,41.09264650395007,39.482587920475254,39.25470314575185,14.726556810164407,40.43261644492013,42.92718552507836,0.17440490633902933
1735,41.20630268516053,41.02258022165452,39.59019880971727,38.89008673827087,26.6841436239923,40.227076242090334,42.95035174855082,0.17440490633902914
1736,41.220523185139236,41.109245789708076,39.85981587462009,39.58435372087813,29.430650192655904,40.82427717834332,42.96457224852953,0.1744049063390291
1737,41.20303602149951,41.10078715877629,39.6308916625529,39.516024568057105,23.865344492579123,40.68104616717679,42.9470850848898,0.1744049063390291
1738,41.19585099090136,41.10045224994253,39.44305750135124,39.10342251945272,19.889036045629705,40.52031405590952,42.939900054291655,0.17440490633902941
1739,41.192860602324984,41.08380206630436,39.7016322595642,39.459979227668605,21.198487552161584,40.60164047817963,42.93690966571528,0.17440490633902905
1740,41.19642937897823,41.094044323571076,39.69124276308235,39.42498437030716,27.624047457295795,40.53597164187199,42.94047844236852,0.174404906339029
1741,41.183514352166675,41.006229808952966,39.55421665910468,39.12837001821262,29.43421029269204,40.39226447573442,42.92756341555697,0.17440490633902908
1742,41.205709651028364,41.117249700698366,39.87339449080092,39.295352672619195,31.799422698180038,40.65838692912416,42.94975871441866,0.17440490633902928
1743,41.18671415579383,41.028899848861975,39.64157638439218,38.90898118767017,30.336635622631025,40.412762905586234,42.93076321918412,0.17440490633902916
1744,41.222715099581016,41.031500747880834,39.69063348342014,38.834102776214564,31.03093737377477,40.40117076534506,42.95255618034834,0.1729841080767324
1745,41.19823275041347,41.12605726017377,39.68096058590934,39.263652722483585,30.966115446234816,40.448761636705456,42.92807383118079,0.1729841080767323
1746,41.21986799125577,41.09597285567174,39.65204429078938,39.18023090540714,29.775259543587037,40.5529581227309,42.94970907202309,0.17298410807673228
1747,41.21333037813646,41.0988728994782,39.74050298658806,39.45697597044359,27.954725871310416,40.69895140439945,42.943171458903784,0.17298410807673223
1748,41.23531874075703,41.09585407426025,39.42019793327601,38.89386424804691,22.30926108900279,40.595550840082154,42.933132808477964,0.1697814067720934
1749,41.24209430233195,41.13174155349018,39.34045230729189,38.80005397588227,26.56739711775638,40.60154257644727,42.93755078406369,0.16954564817317383
1750,41.23914121617369,41.082525565104525,39.611230683896416,39.16418502761461,25.71070197082703,40.48796090602821,42.93459769790543,0.16954564817317375
1751,41.23943448028207,41.09431751191204,39.45633076679311,38.85536288911193,27.173529911226254,40.636813137650634,42.93489096201381,0.16954564817317389
1752,41.233664225106324,41.065146704389015,39.29248390153605,39.067528763425365,15.974277861770151,40.46866620739742,42.92912070683806,0.16954564817317383
1753,41.24277965514033,41.06040844034997,39.33890574571106,39.09689765855039,22.439505086465676,40.52180288051622,42.93823613687207,0.1695456481731737
1754,41.24522139512436,41.15424809279002,39.45206026942659,38.988247047372525,27.333034475065205,40.6399557945644,42.9406778768561,0.16954564817317389
1755,41.235271296542,41.149523363448615,39.87931580560595,38.711109899813984,32.91105862446463,40.67503844906649,42.937918558287585,0.1702647261745579
1756,41.22970631908419,41.035469844154306,39.302773136313725,38.623597030333286,24.294317527693845,40.50127278802755,42.93235358082976,0.17026472617455785
1757,41.21665781025374,41.127218577503875,39.61724428252624,39.59521432230266,20.439350731119376,40.668971278806616,42.91930507199932,0.1702647261745577
1758,41.21119268094518,41.081495258746415,39.15025418333822,39.02629163429743,-5.915269163655779,40.411982928500976,42.91383994269076,0.1702647261745578
1759,41.22274876931471,41.00466850554752,39.5584705937558,38.869028887417755,23.060859435732837,40.43996099273939,42.925396031060295,0.170264726174558
1760,41.22549270938452,41.139347049292795,40.15013021506077,39.697500971193065,32.292890625657165,40.85425400799072,42.92813997113009,0.1702647261745577
1761,41.24099496634603,41.13897335702089,39.37227734700978,39.25918266312587,1.9635402281923149,40.46646859629653,42.94364222809161,0.17026472617455798
1762,41.235616819641564,41.13826867282583,39.73394732076412,39.84958074462228,-1.2727653238640215,40.69613041011818,42.93826408138714,0.17026472617455776
1763,41.238891993666144,41.122390741752305,39.4687411877606,38.76257829190173,20.007733355100118,40.59042863892474,42.94153925541172,0.17026472617455757
1764,41.22373693031463,41.12583274971218,39.91599984233821,39.18975122430722,31.247160191465973,40.67894824038393,42.934501437523934,0.17107645072093047
1765,41.206281031173695,41.08995111393821,39.70336814334284,39.19805406899768,24.82296308879006,40.63546910311702,42.917045538383,0.17107645072093042
1766,41.2304378899854,41.13146463564981,39.56450417196308,39.068527411544665,28.659986772391967,40.636262325379406,42.94120239719471,0.17107645072093053
1767,41.23946485879852,41.01270692785759,39.63235660459341,39.06030627079961,28.74756312102928,40.442507163556265,42.950229366007825,0.1710764507209303
1768,41.23709286408869,41.046124905638784,39.6122867418977,39.373222697498264,30.773543079801332,40.456922411700326,42.94785737129799,0.17107645072093036
1769,41.21769074778044,41.07709227965364,39.42874780999317,39.18754415461661,7.819429702019065,40.570509277685574,42.92845525498974,0.17107645072093047
1770,41.227182526263405,41.0663485823713,39.547853555051,38.81625959911715,27.97289286954319,40.49260606234529,42.93794703347271,0.17107645072093025
1771,41.21510023077694,41.058519983066006,39.6436413436094,39.3097082567283,11.380252744192621,40.58705343320727,42.925864737986245,0.17107645072093028
1772,41.21883496827312,41.11325628463959,39.89575810805754,39.24989548160909,32.10828702396307,40.6173678379306,42.95314381074813,0.1734308842475012
1773,41.20780524324554,40.90529262207029,39.00060709862912,38.89077259168923,23.62186645109886,40.32591275467618,42.93778674227101,0.17299814990254717
1774,41.192376868960146,41.12053416680348,39.94606346748943,39.34139153125763,33.07522490906356,40.71856876763554,42.922358367985616,0.17299814990254736
1775,41.19271255197439,41.120279872508334,39.572173937302594,39.20678123566947,0.9394983926599636,40.67016436798725,42.94657128076717,0.1753858728792778
1776,41.179453099473,41.0787665772918,39.58266632345279,39.12542104316214,25.87780869531423,40.414330432444395,42.93304909251641,0.17535959930434117
1777,41.18690385582834,41.01447117999089,39.729188580535435,39.344445347914494,31.047067792612317,40.63061489189073,42.94049984887175,0.1753595993043413
1778,41.171421870266954,41.054275950375526,39.30254669824438,39.12268871147799,28.67661362088937,40.32436122922647,42.90660431315306,0.17351824428861037
1779,41.19667019329309,41.12443752661374,39.39642728962831,39.080042844457054,16.25153838802474,40.77013948513091,42.931852636179194,0.17351824428861035
1780,41.194019017737695,40.86714678694284,39.5832803514899,39.236152067009485,27.887877667121426,40.29944587805478,42.9292014606238,0.1735182442886105
1781,41.19931609906196,41.109223756101116,39.85182215966241,39.38182097172094,30.714714190121228,40.68998594843333,42.93449854194806,0.17351824428861023
1782,41.19992031061081,41.00126976295341,39.76309594374153,38.980010563521894,32.265338518525986,40.451542403617424,42.93461297467754,0.17346926640667354
1783,41.188731203232074,40.942859512247146,39.18365519842191,38.412588380738306,25.925436957888003,40.22353298975035,42.92342386729881,0.1734692664066735
1784,41.194117806705556,41.07746081982039,39.856328100181756,39.5823329162342,32.46835639880995,40.5369585263478,42.9497180543216,0.1755600247616043
1785,41.16136846618974,41.03383498699927,39.578865827088705,39.05356511991959,19.546507105907335,40.50378385002753,42.91696871380578,0.175560024761604
1786,41.188181603326676,41.053657428739264,39.28826767579949,39.34281605604191,3.634185867041687,40.55574609229269,42.94378185094272,0.17556002476160432
1787,41.1726079158763,41.07520553973248,39.56934453681029,39.22875337104868,2.6817743306096418,40.51915235274776,42.92820816349234,0.17556002476160457
1788,41.19143443008476,40.983322549856716,39.416953462468655,38.8122444627476,19.035253258562566,40.384592899218,42.947034677700806,0.17556002476160423
1789,41.16649965317633,41.05044571218404,39.76134820424894,39.05222934089074,30.640975302323824,40.5828633432363,42.922099900792375,0.17556002476160434
1790,41.17258030343341,40.94063939214004,39.38151465744209,39.189425700902525,23.76150388451823,40.41838715675341,42.92818055104946,0.17556002476160443
1791,41.19467943227546,41.076912688465974,39.50702168807195,39.112065336817814,23.81777627451432,40.56055642424296,42.95066077203509,0.17559813397596374
1792,41.24703530886748,41.07935412353167,39.56008355784723,39.25039657966291,21.197516386528882,40.76036362048505,42.95544365426452,0.1708408345397041
1793,41.281457388953115,41.18109832762198,39.880566679264064,39.05661494229249,30.371577593266455,40.75427114426925,42.989865734350154,0.17084083453970422
1794,41.27001407624279,41.133120564473,39.492165736498485,38.696471653190805,25.528267155414753,40.55689323865782,42.97676299209157,0.1706748915848785
1795,41.283523970281415,41.141505023554735,39.33839885823705,39.04462267914085,22.690725547579138,40.556645270626525,42.9902728861302,0.17067489158487847
1796,41.27593712308063,41.15957921853697,39.17066848613366,38.71364890425112,14.776724336647554,40.619372034884606,42.982686038929415,0.17067489158487842
1797,41.28878356438929,41.14361968338056,39.91073238430275,39.564019633307325,21.35272754433977,40.748794704294795,42.995532480238076,0.17067489158487853
1798,41.292801091538756,41.13500023499376,39.565396522597226,39.32910763911983,25.182511010867916,40.61992243589589,42.99955000738754,0.17067489158487836
1799,41.285708937399214,41.189777367195624,39.64716497093965,39.19185584656178,22.810242227236238,40.60452752719717,42.992457853248,0.17067489158487872
1800,41.29155317054289,41.183502095993134,39.6912847986212,39.043973589610346,25.452454401209273,40.70723079481922,42.998302086391675,0.17067489158487872
1801,41.307891806910575,41.15866882663404,39.55406678357984,38.57195481011164,30.67166125913479,40.46497225516164,43.01464072275936,0.17067489158487867
1802,41.29558405096734,41.14252414013547,39.22199487696572,38.64143459553925,26.408808556645585,40.504753833505816,42.94224969127293,0.16466656403055865
1803,41.32929042924579,41.21056853265951,39.54299470104081,38.40184380215808,24.402667412315804,40.54595309851695,42.96798543967659,0.1638695010430799
1804,41.353720897190925,41.23671791521702,39.691562921221575,38.90982523294037,28.70757272541452,40.840022544206086,42.99241590762173,0.16386950104308012
1805,41.351845654626516,41.19967578394633,39.59503521067726,38.88685015427708,29.83680564787985,40.79886417671402,42.99272842668127,0.1640882772054749
1806,41.33929345421737,41.22013697464299,39.82038413204648,39.45911233897718,3.3119610845105143,40.721137757471894,42.980176226272114,0.1640882772054748
1807,41.368332366483614,41.24911242988239,39.5899513021088,39.38147038455018,26.556276575095143,40.725398973109975,43.002615842644865,0.16342834761612518
1808,41.34220298336869,41.138465700374944,39.65252803949117,38.95085361149495,22.720749717872426,40.531309306118104,42.976486459529944,0.16342834761612532
1809,41.36682056757126,41.21315484353013,39.89074127490999,39.30463245880333,29.422045011547546,40.705677917378495,43.00110404373251,0.1634283476161253
1810,41.3477954160975,41.239133332613456,39.9359135896882,39.49352256841738,29.85332705853066,40.74781478618185,42.990056582724485,0.16422611666269846
1811,41.347703467632826,41.194517356796354,39.977319830795054,39.55836687001719,28.749111002572388,40.59370989835203,42.989964634259806,0.16422611666269823
1812,41.34364182410092,41.22598278603385,39.46071846639242,38.68666800793953,22.73719682455352,40.619645778763335,42.958262894053284,0.16146210699523625
1813,41.38388476555052,41.21018199413671,39.496050504371176,39.246881502386785,12.508030332057832,40.527336492853784,42.99850583550288,0.16146210699523605
1814,41.39388256569416,41.20665195458242,40.209332909140045,39.91924401581363,30.366895444939864,40.80348784229555,43.00850363564652,0.16146210699523597
1815,41.374676766608616,41.06029459344282,39.59402327486046,38.904725468941365,26.19970696098637,40.30909284230979,42.98929783656098,0.16146210699523617
1816,41.388383760562576,41.27329473645856,39.54029398968144,39.30524726959403,25.345901175541567,40.66255028517227,43.00300483051494,0.16146210699523605
1817,41.38492130611691,41.250804349678354,39.82345410429955,39.403459513189844,28.687372307854453,40.926648771385324,42.99954237606927,0.161462106995236
1818,41.38269484581906,41.23521945753545,39.7753897196937,39.09782583334682,29.635088098943857,40.60200170128144,43.00456027537217,0.16218654295531107
1819,41.38308052249415,41.2195303922103,39.75387749223361,39.031204133435224,31.10262650231902,40.80444306696105,43.00494595204726,0.162186542955311
1820,41.34933289265737,41.12463814253003,39.50731691063789,39.1445502674514,14.897521677537611,40.5680184701194,42.97119832221048,0.16218654295531124
1821,41.359658115961416,41.232496725418585,39.501506644245914,38.23138203174213,30.90568121847171,40.49055585617552,42.97983731274281,0.16201791967813933
1822,41.36246308814373,41.22243194352891,39.630257719638784,38.693343796810886,24.108715321523416,40.64946317712701,42.98264228492512,0.16201791967813925
1823,41.37903283326099,41.28971595225753,39.63865942841941,39.118666023911274,24.464965720284773,40.89584456281472,42.999212030042386,0.1620179196781394
1824,41.38097546815724,41.241105693734035,39.135469664771655,39.01007184384579,10.262842553976249,40.64496837529673,42.97744896698643,0.15964734988291915
1825,41.39932470531543,41.195152199292544,39.48707710509837,39.08451017431493,22.880481129246842,40.51433982590311,42.99579820414462,0.15964734988291895
1826,41.39010296239257,41.23850645746323,39.999832215501904,39.803084145152994,30.102540645554875,40.82270558414888,42.98657646122176,0.15964734988291882
1827,41.40238168979789,41.2969307413794,39.38879313141826,39.34969230436353,-3.5121434078738147,40.72092809494545,42.99885518862708,0.159647349882919
1828,41.37059659655266,41.20998774473532,39.18329271140926,39.148596035984866,15.46362760106462,40.608387806693734,42.96707009538185,0.1596473498829188
1829,41.38124913345701,41.225339134592545,39.53861588767149,38.742023133680235,24.553544367864585,40.508291016302095,42.980567574476936,0.1599318441019923
1830,41.3988764961516,41.14787186766988,39.52286238056043,38.833770695410394,20.467544519525628,40.51666013815455,42.998194937171526,0.1599318441019924
1831,41.38016743107712,41.18275715264605,39.56624037932574,39.49737571579246,25.238298532316918,40.76915959847864,42.979485872097044,0.15993184410199235
1832,41.38953963171193,41.200596686463264,39.63167881302927,39.715592900593926,-6.660052471934513,40.68773751647803,42.98885807273186,0.15993184410199268
1833,41.38753409242569,41.27255124565631,39.85689465284921,39.37132717947906,29.630362406521947,40.767505636743714,42.986852533445614,0.15993184410199257
1834,41.380533433595254,41.28783574232385,39.710065733581644,38.57908509717429,31.142825777762468,40.71582226844757,42.97985187461518,0.15993184410199252
1835,41.39564068878781,41.286180864086234,39.7797500011181,39.393585761294986,18.8735350699952,40.77435836640515,42.99495912980773,0.1599318441019926
1836,41.41750166861497,41.2099603350669,39.82707190412576,39.34739006066836,29.785065479787797,40.506696616429764,43.01682010963489,0.15993184410199254
1837,41.37473771807486,41.26152019835786,39.6396421306532,39.30196216149473,24.573755054096466,40.568834088675004,42.974056159094786,0.15993184410199235
1838,41.40206185581923,41.27664876169817,39.55212996897643,39.24042116553377,-9.64215906801796,40.78553239633317,43.00138029683915,0.1599318441019925
1839,41.39239430510565,41.26777600397408,39.72041499136237,39.14836623147426,25.043220748623785,40.63570149850864,42.99171274612557,0.15993184410199246
1840,41.37392937764082,41.267785124029295,39.93749157285892,39.05877209631812,29.97991694667227,40.784881547782554,42.973247818660745,0.15993184410199254
1841,41.40506801247329,41.217359139691666,39.75044243705537,39.39972036770123,29.90482064997737,40.62023802011137,43.00438645349322,0.15993184410199238
1842,41.39349037939738,41.27969245237063,39.95360519306647,39.128235844640805,33.16354398863072,40.812273194754546,42.9928088204173,0.15993184410199252
1843,41.38084352240397,41.251009897816935,39.36086498544668,39.195168340403825,-15.345437540942505,40.582041864542994,42.980161963423896,0.1599318441019924
1844,41.37750929500702,41.28852458388022,39.645141992461525,39.09751622953084,26.71803089498404,40.751175712241,42.982534683433414,0.1605025388426392
1845,41.36299004811128,41.23200466565813,39.71409516165134,39.51076082239167,25.906027331610865,40.75126908328417,42.96801543653767,0.16050253884263915
1846,41.378604108971075,41.250081433632765,39.545753768093846,39.32866798112392,-9.629285598138814,40.57756656082403,42.983629497397466,0.16050253884263935
1847,41.39447760008286,41.26459278346536,39.92113011713935,39.92066501626935,-5.269100849744149,40.993016933903434,42.99950298850925,0.16050253884263907
1848,41.384222271576235,41.16482383395708,39.933265508473845,39.71090253172454,26.68984172410932,40.754921337843484,42.988892846613396,0.16046705750371584
1849,41.36987463415929,41.199867726973025,39.81098781262061,39.34840401958324,28.546866887966726,40.54510231588907,42.97437142911357,0.1604496794954282
1850,41.371858533899584,41.226037457948266,39.73036272202794,39.234515194545814,22.923134743407683,40.72717567426423,42.97635532885386,0.16044967949542827
1851,41.37016355989655,41.279101264880865,39.945563857349384,39.2081048187715,29.736553051362673,40.901035257438735,42.97711506376651,0.16069515038699678
1852,41.37999253151758,41.14187653950989,39.66773974895409,39.25545909374411,26.832480368223777,40.46463551190773,42.98694403538755,0.16069515038699708
1853,41.37333063327579,41.16819190392491,39.881010835206396,38.91724360255928,33.250713638568655,40.40060846206613,42.980282137145764,0.1606951503869969
1854,41.37996972577705,41.284769762602394,39.71029041677962,39.13676905233958,21.942395115783917,40.58962381096001,42.986921229647024,0.16069515038699705
1855,41.369510648720976,41.150811506266805,39.817586848384906,39.26302803111912,27.677745386298287,40.58566064444898,42.97646215259095,0.16069515038699686
1856,41.394559060134604,41.25816618057116,39.92783329892409,39.51334351592462,25.568812150941994,40.67638159918994,43.001510564004576,0.16069515038699694
1857,41.36359202820149,41.2478556089491,39.7551836120562,39.72885209484234,25.40974011494683,40.81635654941142,42.97054353207146,0.1606951503869969
1858,41.40106348508377,41.24444667512131,39.87371613172867,39.4581679786746,26.494846747990632,40.82414197022001,43.00801498895374,0.16069515038699692
1859,41.372888922693804,41.231693898693685,39.866513606336014,39.726663142879914,28.756967270664557,40.79688905845467,42.97984042656377,0.1606951503869968
1860,41.35809848025138,41.233118469964126,39.6162735353135,39.40155960218674,22.779170007099275,40.613797536294214,42.97107557998209,0.1612977099730713
1861,41.36318171024461,41.22891627120256,39.52047957782499,39.02519822562766,22.777069654345098,40.877932594584685,42.976158809975324,0.16129770997307114
1862,41.38548263605263,41.26905572178519,39.90048033048542,39.66307382078054,16.572267973826982,40.85013427688628,42.99845973578334,0.16129770997307127
1863,41.37074269569867,41.26802343154989,39.92752864818708,39.21478084273443,25.659651280404457,40.825715979220774,42.98988574544799,0.1619143049749329
1864,41.37431156377355,41.264966678220524,39.52038948110118,39.37350674191963,21.36808359192413,40.50504266332862,42.99345461352288,0.16191430497493264
1865,41.34978311959441,41.252856460593655,39.59931181426849,39.19060743865036,22.136003919996135,40.54473579884733,42.96892616934374,0.1619143049749327
1866,41.359313615228025,41.25048067993365,39.85944810350316,39.34110100798973,26.75121697477663,40.603821258216314,42.97845666497735,0.16191430497493267
1867,41.376904002935845,41.28315792175896,39.85974453684148,39.395655621102726,15.619769845191353,40.92569835185143,42.99604705268517,0.16191430497493264
1868,41.37437773472501,41.22587088201706,39.74308201909291,39.071322017980904,29.676522192804693,40.599206125492714,42.993520784474335,0.16191430497493275
1869,41.36446345626994,41.26434843787307,39.78454647376519,39.57637979442597,25.903791704733802,40.73544381203149,42.983606506019264,0.16191430497493264
1870,41.3720566069567,41.23782101176342,39.82967707422425,39.28787961395324,26.112805788642934,40.66979587850069,42.99119965670602,0.16191430497493278
1871,41.35854445853168,41.23883571426918,39.51381000780339,38.927021329724184,-1.815538258384393,40.60967764156698,42.97768750828101,0.16191430497493273
1872,41.35298561916183,41.2618557398588,40.070219441819894,39.68189601114163,31.637558085170213,40.796459962998014,42.972128668911154,0.16191430497493267
1873,41.36892408164899,41.2579640285216,39.45059027334476,38.94068652555751,23.99875123825019,40.64014948883347,42.98806713139832,0.1619143049749328
1874,41.37517619638744,41.229267396035425,39.77403449545265,39.17729445806079,28.696681037528506,40.66757488077471,42.99431924613677,0.1619143049749326
1875,41.37991740706257,41.26460157697323,39.84155562796298,39.48880198372602,28.075989509127673,40.7994512657048,42.99431059451769,0.16143931874551215
1876,41.378272703492165,41.250281807384766,39.54854470962464,39.21605788028555,24.327542183142203,40.75192622082072,42.993242649059205,0.16149699455670372
1877,41.37499193239362,41.24927428212169,39.84314657512031,39.680120105334055,25.96097526366884,40.74465997587252,42.98996187796066,0.16149699455670385
1878,41.37610315377358,41.28251841029794,39.75503649771939,39.45536203551284,26.829451263685534,40.720179470955784,42.99107309934062,0.16149699455670377
1879,41.37794937018522,41.24808240319376,39.96923656841476,39.04434435471825,33.0167603037708,40.85439387705214,42.99291931575226,0.16149699455670366
1880,41.35620202593824,41.260426680042215,39.938653271721364,39.073285929484264,33.969199248632634,40.78584883353015,42.97117197150528,0.16149699455670385
1881,41.40299485565243,41.238443059600456,40.16270742568432,39.86827841063399,30.348027657835047,40.86549136298636,43.01796480121947,0.16149699455670372
1882,41.40665424985621,41.29497723550426,39.73734539094659,39.35241006178044,16.50311350220382,40.80337386852197,43.02162419542325,0.1614969945567037
1883,41.37282643080734,41.23422366486183,39.74657961956292,39.342954805354964,25.551536507172514,40.692655250573,42.987796376374384,0.16149699455670372
1884,41.37544005059175,41.2834251353629,39.64608870065105,38.85778839493316,30.218154022704677,40.703602230247924,42.99040999615879,0.1614969945567038
1885,41.37669663813281,41.291924812845075,40.280445674437914,40.128239536863546,30.126938019587698,40.887013020648,42.99699243896273,0.16202958008299126
1886,41.37331023443388,41.222058860710774,39.92521439475208,39.63612373415788,31.32721738722354,40.71824525752423,42.993606035263795,0.1620295800829913
1887,41.38617206251212,41.283786380651,39.4764387915201,39.25195459551842,-6.383091266587535,40.803857106364575,43.006467863342024,0.16202958008299112
1888,41.370028614903816,41.25536071186363,39.980056086846744,39.156091334195274,30.502243097921184,40.71306260892929,42.99032441573373,0.16202958008299115
1889,41.38593054326947,41.20084333248958,39.88920201563933,39.58712984566342,30.5120954919858,40.8397042635727,43.00622634409938,0.16202958008299137
1890,41.379073300370735,41.25095718746064,39.9593007096721,39.591240779750144,31.232436355830153,40.75897820133441,42.99936910120065,0.1620295800829912
1891,41.400946811777,41.28330652339964,39.590947180322466,38.73910992862813,-11.130372580915228,40.75896430468716,43.02124261260691,0.16202958008299115
1892,41.388579155432026,41.1149027966907,39.71829674610358,38.85826516204791,27.902562365639504,40.464304409254545,43.00887495626194,0.16202958008299112
1893,41.36333333720281,41.25772502699653,40.156475611490386,39.72724126303701,32.88279191351265,40.84453436718069,42.983629138032725,0.16202958008299126
1894,41.38546432382412,41.295018752245205,39.624628456985334,38.76078046065144,19.65471881836841,40.76982349413771,43.00576012465403,0.16202958008299131
1895,41.37253825873375,41.281084341162156,39.9974407615522,39.58342703159524,24.991890729522837,40.81294938871001,42.99283405956366,0.16202958008299126
1896,41.37050472809925,41.1865240094665,39.33852994253007,38.910052578446425,20.243623541340156,40.62798730902214,42.99080052892916,0.16202958008299106
1897,41.380356242153645,41.27142541385407,40.149636320245556,40.110430347346224,31.248836970719637,40.91193382140614,43.00065204298356,0.1620295800829913
1898,41.3983785518985,41.262251696103796,39.87325453205889,39.55486953958277,26.86729348951427,40.80254259824025,43.01867435272842,0.16202958008299126
1899,41.36137895305763,41.24455128351418,40.02646209401851,39.67943896067112,29.187729987419853,40.79741566856305,42.981674753887546,0.1620295800829912
1900,41.37262058068011,41.27311117005972,39.85248142471328,39.40973348431553,26.848677603807438,40.87656333126715,42.99291638151003,0.16202958008299115
1901,41.37382072943193,41.27000284249262,40.03095487676577,39.917804269191684,20.551898265649246,40.94702667776539,42.999616667877504,0.16257959384455806
1902,41.36506950808024,41.236884186995496,40.08060724913324,39.473685018622405,31.326188084744953,40.843108228527875,42.990865446525824,0.16257959384455822
1903,41.3550483162842,41.260277224278234,39.90636994818056,39.44553213329478,26.897694629873726,40.74345128753699,42.980844254729774,0.162579593844558
1904,41.3569986386856,41.2619804578782,39.36339700618967,38.62798466369937,11.44724404252861,40.52363047374347,42.99641365591993,0.16394150172343297
1905,41.34799919310592,41.208530738177345,39.78333116279781,39.23745503424545,27.26446811021559,40.604245154625524,42.987414210340255,0.1639415017234332
1906,41.344836210741306,41.13461147457474,39.902781374357,39.3577573335404,25.422547875663078,40.562440580944575,42.98425122797563,0.16394150172343303
1907,41.334451374538595,41.11347839836761,39.21689023392601,39.4374462669981,-19.50904708480332,40.742880438304354,42.97386639177293,0.16394150172343327
1908,41.34466741854723,41.23007134566541,39.81656496281844,38.899448583481,29.454567096596634,40.63218326562958,42.984082435781566,0.16394150172343333
1909,41.348306581628584,41.18010411484967,39.72477332543132,39.326082621049856,9.737407986536063,40.676552206445805,42.98772159886291,0.16394150172343291
1910,41.36053830669037,41.26743683943208,40.094380960820494,39.84624347035869,28.689777820169077,40.89846773881935,42.9999533239247,0.16394150172343294
1911,41.353819286300705,41.19742141107304,39.77106643845112,38.95035693428644,30.242077036322094,40.464507803651635,42.99323430353504,0.16394150172343316
1912,41.33190280453714,41.23457161228571,39.95371281594382,39.47046910464324,31.999495676760546,40.75031890624277,42.96529222591072,0.16333894213735864
1913,41.353946561195,41.2175855542668,39.9153651551528,39.4872569342285,31.12380311411353,40.75438625561121,42.98733598256859,0.16333894213735878
1914,41.36130154992187,41.158424328030065,39.57888431187937,38.850470418095476,27.561993847604104,40.67153061530276,42.994690971295455,0.16333894213735878
1915,41.36728786442033,41.2769329166524,39.73290416499803,39.11694257008819,25.351680088605722,40.71254896436964,43.00067728579391,0.16333894213735883
1916,41.35112701007227,41.20052311539507,39.09068812893296,38.451729862843955,-1.8861445051093568,40.303991820616716,42.99769899883142,0.1646571988759151
1917,41.369062910490456,41.25622846174866,40.26148458558463,39.93138580542749,30.44367428871317,40.82786612844328,43.015634899249605,0.16465719887591498
1918,41.337528770230506,41.22855963500963,39.618531420949196,39.70262274471595,-9.706452951912901,40.55989888252409,42.984100758989655,0.16465719887591512
1919,41.336744798000026,41.09494522533234,39.040608008343156,39.11890486806905,-2.7980324527059395,40.41981163448233,42.98997275662981,0.16532279586297824
1920,41.34335206891515,41.232195712440955,39.96959503937397,39.476838951594864,30.15829687027476,40.813909567101874,42.99658002754493,0.1653227958629781
1921,41.32830519975649,41.228464852650745,39.95856727950082,39.65728659852651,30.257788089231102,40.69270426917574,42.98153315838627,0.16532279586297802
1922,41.359520781356665,41.059634698410406,39.71901041322548,39.22203874842946,25.901589068171088,40.5188632935438,43.01274873998645,0.16532279586297824
1923,41.34391050307753,41.12044637072919,39.94612342527592,39.173494290095356,30.444427186447122,40.692654197202316,42.997681914132095,0.16537714110545632
1924,41.35154278118381,41.177990732689494,39.90884282369659,39.4299373377405,29.934094747224265,40.739029517704466,43.00531419223837,0.16537714110545648
1925,41.35483193786257,41.19741790437993,39.48241292222155,39.09191747432184,28.650774366518128,40.41110968691173,43.008603348917134,0.16537714110545645
1926,41.32803112785382,41.208374746520846,39.087278928195076,38.091905258515034,17.44921343334636,40.445368083298725,42.98180253890838,0.1653771411054562
1927,41.33968092094535,41.18950189069192,39.225017775987425,39.13232193852477,4.577815096145251,40.679895906582594,42.99345233199992,0.16537714110545673
1928,41.33169403000439,41.15907429763543,39.75271160949856,38.80294808634893,25.381166156659926,40.68710348793414,42.984316299435,0.1652622269430606
1929,41.347691561680065,41.25976073460005,40.11773482414665,39.51528038352907,30.891489419078848,40.76098908302029,43.000313831110674,0.1652622269430607
1930,41.34719275345615,41.06174710140247,39.66085927314055,39.03968970714126,24.42009110209491,40.52635522361528,42.99981502288676,0.16526222694306061
1931,41.347080509277205,41.244973198870284,39.735710145838496,39.735902265504016,16.44866438329418,40.97741880753701,42.999702778707814,0.1652622269430606
1932,41.34106324920562,41.03741053371515,39.69868760641283,39.08322840933352,22.10288244866861,40.516800139747474,42.99368551863623,0.1652622269430607
1933,41.33737283022239,41.18293221781874,39.63718834745853,39.24927051670791,14.694186852533221,40.57879264702781,43.009852882645845,0.16724800524234512
1934,41.3496643156254,41.226174842104115,39.667956214014424,38.92155597660907,27.003386286668196,40.68555665711491,43.02214436804884,0.16724800524234487
1935,41.34976615825174,41.17250208536362,39.251190314945475,38.611400832220916,23.35778147982448,40.33475132063183,43.02224621067519,0.16724800524234495
1936,41.362465999425325,41.27751997573892,40.1806633385825,40.12748904481422,29.987477630569536,41.04246694294033,43.03494605184878,0.16724800524234512
1937,41.34747420185755,41.22650647716731,39.90344953606291,39.3911506238285,26.540800603230547,40.756375022639396,43.010293745491104,0.16628195436335538
1938,41.39656524749988,41.0942884247814,39.582750709321296,38.967604659537024,31.148289087932774,40.31359407617593,43.04162352837155,0.16450582808716702
1939,41.383909448709574,41.3086684678264,39.7591554636024,39.37790735512314,6.858212507210183,40.853865971321916,43.02896772958124,0.16450582808716693
1940,41.39062292466815,41.27945444689883,40.07015717337353,39.50590595406121,25.34927475976893,40.74237417110446,43.035681205539824,0.16450582808716704
1941,41.36613702811202,41.25996062138066,39.75726634568895,39.23589404775219,26.79367768115605,40.69018084054811,43.01119530898369,0.16450582808716677
1942,41.39974657796962,41.223116298025566,39.80576934391783,39.360622402174556,27.45905919770584,40.70124618268191,43.044804858841296,0.16450582808716707
1943,41.39746224606894,41.2565881288173,39.95942519730691,39.74024272156702,24.43221651014312,40.761180067828164,43.04750208350377,0.1650039837434834
1944,41.37855327780652,41.2769587590628,39.492759172585316,39.1409244984854,2.7281075809310806,40.76374840177747,43.02859311524135,0.16500398374348338
1945,41.366744426340595,41.27058841276119,39.80129404728912,38.90670973716739,31.210451810809097,40.76120223152266,43.01678426377543,0.16500398374348346
1946,41.35675922142001,41.06673848341327,39.5711930008751,38.530555283982864,28.748892849383793,40.55727979039398,43.006799058854845,0.1650039837434834
1947,41.448358731179006,41.21702098933169,39.62859039906433,38.82281353148819,29.79027200544896,40.76848991418362,43.05077650531622,0.1602417774137213
1948,41.42351170336521,41.32217635654951,39.606131415262276,38.77223441552253,22.443910733263806,40.756723216877724,43.02592947750242,0.16024177741372145
1949,41.40949684935767,41.25272170239409,40.09224674644136,39.748255808751935,29.936185309406795,40.768026030172656,43.01103656728121,0.16015397179235333
1950,41.41043029718185,41.310224058865906,39.862012262890254,39.336596914342245,26.871975015363482,40.943185145058365,43.01197001510538,0.16015397179235336
1951,41.41309877610995,41.301181377300864,39.97087537744607,39.408502767469315,31.000349688515307,40.8092202154736,43.014638494033484,0.1601539717923534
1952,41.416260722678466,41.34457877794231,39.958487061329045,39.55539345077153,23.45245774330375,41.003639369273756,43.017800440602,0.1601539717923534
1953,41.41822688171518,41.286576352948785,39.7820885860704,39.30010839351604,15.553125763659427,40.868959794640006,43.019766599638714,0.16015397179235347
1954,41.428276147506395,41.31695719898852,39.53540967362443,38.899094440244504,11.360244489006469,40.84811621532864,43.02981586542993,0.16015397179235333
1955,41.40944965983821,41.246575688152376,39.68959364446414,39.467284465332106,28.428935613133163,40.740205483630945,43.010989377761746,0.1601539717923534
1956,41.41278462437417,41.3170589778822,40.07013321461996,39.70375760157749,31.278016215028636,40.89562683898188,43.014324342297705,0.16015397179235347
1957,41.40038073864011,41.21619882908334,39.57305978267273,38.64892788879886,19.277318432392757,40.62296881841588,43.001920456563646,0.1601539717923533
1958,41.412732638898134,41.30470782459346,39.83104067406488,39.33491412160754,20.449311713298165,40.717503693090144,43.01427235682167,0.1601539717923533
1959,41.424186292819584,41.25213265949506,39.471182512263745,38.8984981306292,-0.5913195381273795,40.75945777862552,43.025726010743114,0.16015397179235324
1960,41.41531842240037,41.30399492380656,39.78557451990907,39.36523887311361,19.230242809033484,40.84909011030671,43.016858140323905,0.16015397179235336
1961,41.415905931754,41.297184677317574,39.77879931373072,39.42676154684272,26.39189083900279,40.64697819236132,43.017445649677526,0.16015397179235324
1962,41.40054465383577,41.27371018396805,39.89311350568033,39.58194586682688,16.691895326062852,40.697159517055994,43.00208437175931,0.16015397179235333
1963,41.406260244370834,41.25006132651184,39.72201701695662,39.26902941810545,21.594974499212032,40.75301604664737,43.007799962294364,0.16015397179235324
1964,41.42468308833905,41.31064466962259,39.82078470786921,39.18888231990134,30.111430647491666,40.78776493436136,43.02622280626258,0.16015397179235324
1965,41.41325883631535,41.22257049846432,39.86003410802955,39.03143419185942,28.438023443790506,40.72299804751462,43.01479855423889,0.16015397179235333
1966,41.40888427287054,41.26770708883741,39.41774242445696,38.87019417269219,24.10704369394866,40.568901400646,43.01042399079407,0.1601539717923533
1967,41.421268628855394,41.30470099429398,39.945049720112046,39.593821188780765,29.939985090838203,40.847169466119276,43.02280834677893,0.16015397179235336
1968,41.41924287705233,41.275144727147996,40.08325937562309,39.39052853062848,32.39978665828463,40.87354382942365,43.02078259497587,0.16015397179235338
1969,41.40009180193809,41.34163177788745,39.91691177046886,39.53070568127779,25.80810336421444,41.03433625553647,43.00163151986162,0.16015397179235322
1970,41.42783025874156,41.21261869973301,40.104125667979716,39.70895963730236,33.40537085449415,40.82905803021302,43.02936997666509,0.16015397179235327
1971,41.40630626775721,41.2233751050312,39.684520714776085,39.26017693710974,25.123467487302005,40.625824833658726,43.00784598568074,0.16015397179235308
1972,41.43158979665876,41.2881123348862,39.849060291657835,39.38138441965701,22.08472502634188,40.8956510988765,43.0331295145823,0.16015397179235338
1973,41.41943537251732,41.24262472055775,39.75766947160245,39.4310261926229,29.622748584643343,40.727690110951116,43.023545887796786,0.16041105152794644
1974,41.40962165485702,41.282464831113614,39.99973636388352,40.095887409352294,26.93858147318506,40.972146084245566,43.013732170136485,0.16041105152794657
1975,41.404382488054715,41.103684578943835,39.627739078792054,38.668966093495776,31.628270345830458,40.25764700994178,43.00849300333418,0.1604110515279464
1976,41.41866709087628,41.2861303476676,39.8774271438352,39.44501706021525,30.183474871277312,40.589197295400226,43.02277760615575,0.16041105152794644
1977,41.41352685090605,41.300693697189836,39.90853294315409,39.64720729611854,28.56307866841972,41.04951337457183,43.01763736618552,0.1604110515279466
1978,41.403893472733394,41.23791275017075,39.71808195911199,39.0234011706023,32.48647476084895,40.65719759929168,43.00800398801286,0.16041105152794635
1979,41.41966244401887,41.27240051264774,40.017238418564766,39.580637958285635,29.536189514969024,40.69721168914125,43.023772959298334,0.1604110515279466
1980,41.42463293677492,41.30685666161118,40.013003712686334,39.87104977754217,16.49686076976664,40.781686850443265,43.028743452054385,0.1604110515279465
1981,41.41043342553095,41.284845274980725,39.956053815448136,39.41609828460848,25.76486505574327,40.604941191236875,43.01454394081041,0.16041105152794657
1982,41.40166260684554,41.17893498330371,39.42848128934743,38.73933193357845,26.31815966688239,40.50545885783667,43.004196469423,0.16025338625774602
1983,41.41374045875871,41.28198401088927,39.60702835645556,39.15909376020175,19.132430980732586,40.788894958059544,43.01627432133617,0.16025338625774574
1984,41.412281038619746,41.214588678027255,39.84594237178709,39.55932076455412,29.937895730632896,40.63350835846378,43.01797717885737,0.1605696140237627
1985,41.41136976932236,41.30603170087287,39.3107032493275,39.09450574306475,-2.800748636729786,40.767352591785865,43.00494079692346,0.15935710276010967
1986,41.414679499555966,41.32198875769189,39.704519369815706,39.552434388819,16.388701812943875,40.88679473932088,43.00825052715707,0.1593571027601098
1987,41.428828194825094,41.20146664910371,39.49999232091466,38.602447440650764,24.43060451758725,40.568700631097116,43.02304487665523,0.15942166818301318
1988,41.40482915048619,41.18957278121526,39.76794451872234,39.4749925315941,25.588163862666725,40.7764826659659,42.99904583231632,0.1594216681830134
1989,41.40382105334619,41.30610013382834,40.06524895716274,39.68321508083071,25.91540693260629,40.83013923184677,42.95942379783735,0.1555602744491164
1990,41.40621342751178,41.2579030872132,40.048984567979836,39.3444349714594,33.77960615454434,40.78688283698429,42.96181617200294,0.1555602744491163
1991,41.44323920656241,41.20290008537988,39.84764437467826,39.11461785345189,28.139683706459834,40.92029989612375,42.99884195105357,0.15556027444911635
1992,41.42716157892549,41.22186573306019,39.54999364845581,39.093926181484036,30.089920056079457,40.505575411932355,42.98276432341665,0.15556027444911621
1993,41.41566378674903,41.22761285309555,39.8307920595415,39.34460750826612,32.00688377473596,40.672308061260665,42.97126653124019,0.1555602744491162
1994,41.68315101137556,41.30928811016748,39.9166709273926,39.547872682024554,27.302695283619954,40.713107488633455,43.707778247616076,0.20246272362405193
1995,41.696257336773755,41.49631133691288,39.86633135917138,39.393306634906445,17.726388827565692,41.02155820685308,43.71129404663834,0.20150367098645902
1996,41.727744105957626,41.59742365921021,39.94600432250975,39.19898268926798,24.723672190798478,40.89340363190059,43.71419017180437,0.19864460658467425
1997,41.776057984292265,41.59846393292629,40.01202497274681,39.70858178162942,25.14246305263756,41.00404309746994,43.73660791720132,0.1960549932909057
1998,41.80887410784509,41.66656290957266,40.29451376461904,39.546567229152316,31.684477020132633,41.18481348064759,43.76942404075415,0.19605499329090578
1999,41.7967055380125,41.6996390892116,40.26652265606019,39.66741370999887,24.691611655051396,41.25313736604695,43.75725547092156,0.19605499329090564
2000,41.83537469426885,41.71007022586486,40.38688734162022,40.20417821230582,19.540484444086996,41.31992085196082,43.744612450499154,0.1909237756230303
2001,41.841346423357855,41.73670147533133,40.30526252423573,39.94495044377523,25.882766379509178,41.156983936459525,43.75058417958816,0.19092377562303045
2002,41.86369664108189,41.718191142701095,40.17646147575028,39.736825043084764,26.226404524646522,40.99587526956714,43.77293439731219,0.19092377562303067
2003,41.847966952919556,41.75929676405828,40.15128334486481,39.36050976215101,26.313479359717633,41.20610165404965,43.75720470914986,0.1909237756230305
2004,41.860128374444,41.772405040538935,40.143647196937465,39.58762524732007,28.097765669063563,40.98310486932521,43.76936613067431,0.19092377562303064
2005,41.83213055644252,41.67176645950236,40.39164358035077,39.78139283221879,30.212728494685287,41.2762362200551,43.741368312672826,0.19092377562303048
2006,41.835386430776566,41.66849625772674,40.33828854803695,39.79820882718354,23.675792081545865,41.01598580085957,43.74462418700687,0.19092377562303067
2007,41.82971178405825,41.657765465024305,40.40669208355808,39.822894819180306,33.259370533029724,41.250318972824374,43.73894954028855,0.19092377562303034
2008,41.86159834244828,41.72354347135586,40.269309620334795,39.85389896866708,26.670989108241574,41.22827370980305,43.770836098678586,0.19092377562303042
2009,41.84907783149232,41.585763475023796,40.005570729477434,39.47595735822415,23.451489554995952,40.96652833526896,43.75191130438736,0.19028334728950433
2010,41.857621195264336,41.730266704691005,40.383601201850894,40.395755719753,27.5768598732387,41.41605955084796,43.767270158920375,0.19096489636560374
2011,41.84113515144981,41.74469182508807,40.28810466887743,39.75526060653734,30.242856328101563,41.2489994868303,43.75747689445376,0.191634174300395
2012,41.84395668991107,41.72625246268353,40.147398419531505,39.49044472501976,30.585555937120333,41.13734300665658,43.76029843291502,0.19163417430039514
2013,41.84012858005099,41.726917483031464,40.32178049628152,39.91625473441403,25.596780467847662,41.260026757741564,43.756470323054934,0.191634174300395
2014,41.83807566752809,41.69941099228777,40.48168057956229,40.27113887656122,18.785327821224136,41.283090926633896,43.754417410532035,0.19163417430039503
2015,41.820537908093634,41.61251070367491,40.37763855785552,39.83692680335767,30.755085943841635,41.16642084078779,43.736336198672795,0.19157982905791643
2016,41.85217492488793,41.68956913082062,40.316965767979106,40.05649443085287,25.249007232997595,41.18252697352834,43.760728855866354,0.19085539309784186
2017,41.8545331875949,41.694734338468095,40.2901363095604,39.55967008139497,28.55693603210117,41.267085792727,43.763087118573324,0.19085539309784183
2018,41.863678112635945,41.71520557710593,39.92983437791142,39.30893309949419,25.619878353333007,41.00869303718167,43.772232043614366,0.1908553930978419
2019,41.84212776774199,41.74425157152197,40.638550714026564,40.39001699750835,34.50822522733397,41.32342073407649,43.75068169872041,0.19085539309784205
2020,41.84056701226439,41.72255496733115,40.315097261878094,40.070400469533524,27.38353046145305,41.15453852895774,43.74912094324281,0.19085539309784189
2021,41.85199872248264,41.708298617060606,40.229115144293374,39.32474631907244,27.71182552579519,41.03517346027197,43.760552653461055,0.19085539309784152
2022,41.86218337359901,41.566465121917695,40.36518868505397,39.54848022641079,30.748153927671513,41.08925821237394,43.77073730457743,0.190855393097842
2023,41.8484642634645,41.74126256521291,40.49484910720964,39.85653348038624,31.6968892194422,41.166980686187756,43.757018194442914,0.1908553930978417
2024,41.84641437167438,41.74156242512974,40.38694271657716,39.94887378478493,19.249109625486476,41.32984887268768,43.7549683026528,0.1908553930978418
2025,41.83940173269636,41.73596272849314,40.28793482351752,39.841019015085394,29.887790756337896,41.224165404578414,43.74795566367478,0.1908553930978418
2026,41.85548613719719,41.69226736763848,40.315232053733745,39.85889596919029,22.99901705459665,41.28022398015315,43.76404006817561,0.19085539309784202
2027,41.845661109683356,41.63360818209619,40.345960820509646,39.74953226001339,30.671313635710668,40.96980171785346,43.75421504066178,0.1908553930978419
2028,41.85198039334856,41.6832731222995,40.49980230029381,39.69249491622257,31.283145424305197,41.27822094408951,43.760534324326976,0.19085539309784164
2029,41.855469930762126,41.77671137005942,40.41761007130979,40.47925352803756,22.73261861201028,41.45066796818822,43.76402386174055,0.19085539309784177
2030,41.84870543189868,41.74500899954635,40.3150057918807,39.66423713674385,25.567879728283675,41.247197239833156,43.7572593628771,0.19085539309784175
2031,41.87442696357798,41.69201687433874,40.250515379833274,39.54553014259545,31.734281981850295,41.143920088384036,43.73817555056915,0.18637485869911705
2032,41.89257667583416,41.80338700015133,40.19057140408851,39.72333605898351,22.93476448325761,41.33151754588572,43.751858426903816,0.1859281751069662
2033,41.902231102171655,41.791448018472316,39.98596890641783,39.7495629126792,25.79032710336983,41.2426114380617,43.761512853241314,0.18592817510696594
2034,41.89715165685073,41.798487375503306,40.48303876610429,40.330013538768014,26.122611821103206,41.508522417526706,43.75389083290721,0.18567391760564758
2035,41.894616374240634,41.77886604848789,40.13094000847606,39.63546475190066,23.003164030505015,41.273755045869024,43.75135555029711,0.1856739176056478
2036,41.900377355667146,41.72417422311723,40.38313655039762,39.89852096353609,30.92384511061926,41.10905437721081,43.75140958431716,0.18510322286500117
2037,41.90071653225535,41.748845041250256,40.11630594142208,39.507528660901855,18.13282967734109,41.114378527268045,43.751748760905365,0.185103222865001
2038,41.904177163482494,41.79739646708972,40.58330156528178,40.415890729533956,26.321836644338596,41.33961009071392,43.7552093921325,0.18510322286500083
2039,41.90148456106551,41.79797243621397,40.42502227638907,40.08245508499692,23.391804503871573,41.26268205647327,43.752516789715514,0.18510322286500086
2040,41.9113130542095,41.74470742905636,39.857072439013606,39.32137853086458,25.76915035543262,41.037373555909554,43.756845145243844,0.18455320910343426
2041,41.91250068196169,41.82483338455441,40.317946058952295,39.89697404740526,28.866047475899794,41.152661206572304,43.75803277299603,0.1845532091034341
2042,41.897239477598085,41.78021183308053,40.08652410822098,39.17319423744069,30.610668824559447,41.02929803663678,43.795127820902465,0.18978883433043772
2043,41.86305225286544,41.73290074013916,40.36018349757962,39.88746147410234,30.975669687522867,41.08183200282146,43.76094059616981,0.18978883433043744
2044,41.862506585094074,41.77730591958203,40.48537427115407,39.62627609837412,27.424497142426226,41.30516917417551,43.760394928398455,0.1897888343304379
2045,41.84892170788539,41.7572381050349,40.33306383211089,40.15484497355582,23.279729488998804,41.269153731655564,43.75086724533469,0.19019455374493033
2046,41.85591081557549,41.64278570817749,40.07752693623768,39.86422121304794,-17.60938705045038,41.246104634235245,43.7578563530248,0.19019455374493044
2047,41.848797628242124,41.70441751554019,40.22813040323957,39.789498447947416,27.49934731383876,41.179890093856244,43.75074316569143,0.19019455374493055
2048,41.853582019236676,41.7183418653485,40.368264344569305,39.93894268408655,30.482881242717397,41.17921989342529,43.754697894580175,0.19011158753434979
2049,41.84717576176014,41.71393656045563,40.318435500359556,40.31892190889025,27.965336864994853,41.311701831631595,43.751063547808776,0.19038877860486317
2050,41.83737588076648,41.75616353938664,40.337913817141086,39.74930997191248,25.23694863456181,41.253960835232604,43.741263666815115,0.1903887786048632
2051,41.86298551285254,41.72992024763897,40.09743512435214,40.02062708362632,19.55812743272956,41.04165978630312,43.766873298901174,0.19038877860486325
2052,41.85345608715681,41.76909792226259,40.86556609702744,40.87976004213244,19.237955392353584,41.54151396201327,43.757343873205436,0.190388778604863
2053,41.87276724901691,41.73905538731291,40.563619298359406,40.10790310808223,32.5412822614547,41.43130419392994,43.77665503506554,0.19038877860486314
2054,41.85680925105488,41.68612595480924,40.39230281450382,40.04433034697685,33.266674562408916,41.03814296532465,43.760697037103505,0.1903887786048629
2055,41.86873182250925,41.705783142521845,40.147306174847444,39.593031490284126,27.96743635973661,41.26634219454348,43.772619608557875,0.19038877860486308
2056,41.86008119609271,41.714542801841866,40.26736245172533,39.915135908796444,22.964814254241087,41.217441979621626,43.763968982141336,0.19038877860486314
2057,41.926714488651925,41.689862368290534,40.27723140459994,39.850376719752276,29.1815207684943,41.17810512050895,43.75664152844481,0.18299270397928885
2058,41.93989042108669,41.792968257327026,40.562176080010836,40.114629339686864,30.143089742679454,41.31107755995884,43.774245437077326,0.183435501599064
2059,41.9240384086519,41.81826364240781,39.88029522910708,39.23158952568271,22.99630102563465,41.278178233990644,43.75839342464254,0.1834355015990641
2060,41.91573538364631,41.81634745465054,40.58295805617492,40.307491995582374,27.18552192898139,41.313233880995085,43.750090399636946,0.18343550159906372
2061,41.92850675887194,41.80554891683059,40.338837793834266,40.16100725731896,11.164851663535963,41.28702577478363,43.762216120633546,0.18337093617616057
2062,41.92258206350126,41.797907206417825,40.18013985826208,39.91963585161372,29.351403089683394,41.18419089568589,43.756291425262866,0.1833709361761605
2063,41.94019253808389,41.79734052342534,40.16678808295304,39.40230141615222,15.03525086503474,41.23545322700984,43.7739018998455,0.18337093617616063
2064,41.92347163177072,41.77972502208145,40.34887104117865,39.38850879098322,30.079922976261678,41.18665663518305,43.75227112777785,0.18287994960071333
2065,41.93879180348326,41.81573698378979,40.38301480953885,39.86806801328194,22.701879581208154,41.371728111525556,43.7675912994904,0.18287994960071363
2066,41.92624918528135,41.64160888665923,40.358330750833574,39.87187902107002,30.09708391217621,41.1910151114036,43.755048681288486,0.18287994960071358
2067,41.94367047146424,41.82352306788598,40.27471009803951,39.81788101377991,26.67451057407777,41.09979167370932,43.76228122318364,0.18186107517194064
2068,41.953008897479165,41.84682214948906,40.33384393712074,40.46378440163282,16.702431366117683,41.23122379988668,43.76931287968458,0.18163039822054106
2069,41.919028178409825,41.794591398508196,40.173308274855536,39.15561231629549,30.394171493738064,41.15433694516915,43.735332160615236,0.1816303982205412
2070,41.956071109523585,41.83429879791414,40.40819949041741,39.928926097529136,24.85709553380538,41.35274535281562,43.772375091728996,0.18163039822054125
2071,41.9687196846406,41.779356233338284,40.383228935501535,39.58401866373441,28.70368391907487,41.123671832804575,43.78502366684601,0.18163039822054128
2072,41.95545121120803,41.688971991434684,40.19709839816241,39.531057783617456,26.37571929999304,41.09551409335581,43.77175519341344,0.18163039822054133
2073,41.94365083963589,41.816702031484006,40.67744501395314,40.11560317227929,30.504174375836346,41.45005936059573,43.759954821841305,0.18163039822054108
2074,41.944656967898865,41.818078148279774,40.45637756168414,40.258549848840495,30.52667148171248,41.44020369509563,43.77665032899399,0.1831993361095119
2075,41.93738407748023,41.7753579125632,40.4362534202434,39.778760817260554,24.20968830329089,41.342827370468186,43.76937743857535,0.18319933610951175
2076,41.93092950320802,41.77300329764523,40.13319490917231,40.24701206070636,16.09593173522255,41.31979431747398,43.762922864303135,0.18319933610951186
2077,41.912471588598954,41.81003609223674,40.774368191674526,40.55505195362071,33.64298745653373,41.271517799608475,43.74446494969407,0.18319933610951186
2078,41.93165008582722,41.73514828654015,40.18068332643333,39.55014571881365,12.426627199593685,41.137580626653715,43.763643446922345,0.18319933610951195
2079,41.92176250473077,41.82150987335975,40.00894544818132,39.74117803827899,29.20929331174974,40.959916347966576,43.75375586582589,0.18319933610951183
2080,41.93231019144889,41.82780013602556,40.62551074802914,40.04596502159255,33.38204330250967,41.5492864518278,43.76430355254401,0.1831993361095117
2081,41.9154796315963,41.77171999570552,40.47045434630984,39.98823797484921,29.525760209838253,41.30307640253073,43.74747299269142,0.1831993361095119
2082,41.910483869739195,41.702644330285814,40.40339558355035,39.69540062177173,26.894085784944117,41.25181231677099,43.75693162854177,0.18464477588025785
2083,41.90741100339179,41.81526153261617,40.65669932553126,40.0948646165525,33.72529394822116,41.53330022255195,43.75385876219437,0.1846447758802578
2084,41.92313229797623,41.78922770722101,40.040853609005985,39.24560898582242,30.42285581559412,41.13136864327333,43.76958005677881,0.18464477588025785
2085,41.92950048299135,41.818560194700105,40.747896161268514,40.39454964834017,33.8490702692479,41.372762321804174,43.77594824179393,0.1846447758802578
2086,41.8956238509503,41.816653647123516,39.8192584446986,39.15156409176465,23.38578205005596,41.163475186259,43.742071609752884,0.18464477588025804
2087,41.91151064507924,41.83676777142162,40.437880703877845,40.339753957793484,20.420293885789153,41.39577505952343,43.757958403881815,0.18464477588025788
2088,41.90106316460725,41.79422894690767,40.53888281761368,40.39391518483381,27.227468176308918,41.399448281266615,43.74751092340983,0.1846447758802578
2089,41.90339936499246,41.704692023816676,39.52461698271715,39.087170252650694,-10.018480532829187,40.95546539682596,43.750678887566146,0.18472795225736827
2090,41.907071317584865,41.80092696555135,40.23020190073096,39.27313435902344,25.731723348309433,41.364358554633306,43.754350840158544,0.18472795225736793
2091,41.91319029664951,41.81235194918684,40.31700500124245,40.18436703709823,29.707147948465582,41.43508143056741,43.772461630358784,0.18592713337092753
2092,41.92201294333053,41.775093586154064,40.32822055669135,40.12749599706983,26.025922225819,41.225075330970725,43.7812842770398,0.18592713337092742
2093,41.931190236712894,41.82835471106788,40.43679322502754,39.92919473391025,26.84364918171169,41.27452166902688,43.79046157042217,0.18592713337092756
2094,41.91720619832561,41.802043548237144,40.314315964500665,39.51066221344939,30.86873969163293,41.260039873226056,43.77647753203489,0.1859271333709277
2095,41.91065364007,41.82599936231752,40.42111022739957,39.68761471725799,29.45431374954589,41.31316170323049,43.769924973779275,0.1859271333709275
2096,41.92180964566727,41.779029673326875,40.23252043984313,39.75342742900763,31.180736590792158,41.30912628745074,43.78108097937654,0.18592713337092767
2097,41.8999342606305,41.706208604237524,40.22091954677275,39.79652549752521,26.970973995289885,41.229425352657046,43.759205594339775,0.1859271333709274
2098,41.93167545389231,41.83113460799036,40.44464115881094,39.99920612506906,28.438561528195606,41.41413970915484,43.79094678760159,0.18592713337092776
2099,41.91756181310245,41.818775381921796,40.45004057724532,40.18276643816747,26.750060834435057,41.372546642726306,43.765840251780865,0.18482784386784157
2100,41.93928547858236,41.74624857151568,39.965958645508515,38.551158115144226,25.906732992990612,41.1526406570703,43.787563917260776,0.18482784386784157
2101,41.922877944526995,41.74618228401452,40.25464495886155,39.56478487057969,24.87208167204163,41.16442690446401,43.77193263032204,0.18490546857950468
2102,41.95800571411488,41.80161717288003,40.45967627528009,39.80743976039738,32.16979796841436,41.36532013416085,43.803138715107565,0.18451330009926828
2103,41.95803887901734,41.83946276058167,40.22156066709516,39.53133085903668,20.38135852733458,41.31205117989465,43.688456351789,0.17304174727716612
2104,42.05149528310974,41.89612178131859,40.67389853765691,40.41540072163963,24.906439503864867,41.50479652413578,43.7819127558814,0.17304174727716617
2105,42.0451059499814,41.88600646667037,40.52365116011681,39.52254313360079,30.79923307594075,41.23424344073101,43.77552342275306,0.1730417472771663
2106,42.05429089684305,41.94608694755286,40.17982932396138,40.254485302153476,8.246600341843745,41.52551502841082,43.78470836961471,0.17304174727716595
2107,42.06434050736865,41.93326607828158,40.521722325853034,39.96629732312833,27.123212339181926,41.440531894095606,43.79475798014031,0.1730417472771661
2108,42.036436506600396,41.87822948587709,40.071884351915905,39.39795632627588,23.380737246617233,41.253805241857485,43.76685397937206,0.1730417472771661
2109,42.03871064283975,41.928530262108545,40.33332244119005,40.340137088041736,1.214071071561591,41.5754696294142,43.769128115611416,0.17304174727716604
2110,42.06443720875657,41.916348112821154,40.69052636621029,40.07412331434111,33.65005798015123,41.550352050020365,43.794854681528236,0.17304174727716617
2111,42.04052557668182,41.891426557804074,40.21023438796683,39.52398967832681,23.853465039407453,41.25831891354723,43.76977506031263,0.17292494836308098
2112,42.056333863394165,41.875741401372174,40.60533243869981,40.36083144320555,31.19707349334176,41.46106726889821,43.785583347024975,0.1729249483630811
2113,42.06190448721626,41.95415393343417,40.4305049718869,40.04132459791861,15.140534597569385,41.31738804299777,43.79115397084707,0.17292494836308103
2114,42.03640344051381,41.953034135765975,40.51968336670473,39.87483179699427,23.002091918322563,41.32165526147886,43.76565292414462,0.17292494836308112
2115,42.067508822555936,41.9251656578933,40.749952211877336,40.133153733432685,31.357723315574415,41.41278125932447,43.796758306186746,0.17292494836308112
2116,42.07130379046016,41.935579478343556,40.32765747706647,39.765243591240065,26.2267299228888,41.58826066279565,43.80055327409097,0.172924948363081
2117,42.03927189817916,41.91956364206038,40.6054586861685,39.97210325228378,33.178709724756466,41.498849062305055,43.76852138180997,0.17292494836308117
2118,42.04964487613083,41.84849795484887,40.39380750113093,39.69091055844729,26.38810152118162,41.42915378918232,43.77889435976164,0.17292494836308112
2119,42.0532506569563,41.94741877148102,40.563108613791435,39.965195832841346,30.98853896395434,41.40038714799172,43.78250014058711,0.17292494836308114
2120,42.049695101430586,41.916942093205634,40.52172041950727,39.76785469453919,27.308240125439966,41.30759089489804,43.778944585061396,0.17292494836308106
2121,42.05556468897684,41.81969680995568,39.937260183989295,39.260349310913035,24.146654569962937,40.99918857861818,43.784814172607646,0.17292494836308106
2122,42.0614961007521,41.90513501474418,40.45459892769491,40.47973185811706,-9.386796594364647,41.51684820693549,43.79074558438291,0.172924948363081
2123,42.049890847297185,41.84556900792502,40.55719392523718,39.86369814713252,30.689468501717975,41.41729265362943,43.779140330927994,0.17292494836308098
2124,42.061489623757424,41.97862626193944,40.562549632793235,39.9942756894383,23.435959534953064,41.55098422844344,43.790739107388234,0.1729249483630813
2125,42.07080629228651,41.912767452889796,39.87991830836448,39.64800278363292,-10.462857382195288,41.1908939694693,43.80373729775418,0.17329310054676686
2126,42.0928211011901,41.96985078980972,40.85266131411963,40.38781161762949,34.73945425055595,41.400090873200824,43.811297708950306,0.17184766077602115
2127,42.1267049446128,41.996372701151074,40.66567580595715,40.34399514944551,27.34936830917006,41.52683087727939,43.845181552373006,0.17184766077602082
2128,42.10069249550014,41.921906055974596,40.82360617172503,40.63402291652742,28.37651306172818,41.60243367082506,43.81916910326035,0.17184766077602107
2129,42.107052519026986,42.01771244421818,40.678758591245085,39.903154468362395,27.83422003399852,41.59469571597495,43.825529126787195,0.1718476607760207
2130,42.10197242679787,42.02030418029581,40.78526110895898,40.24575413671981,34.10147898352657,41.4836593465635,43.82044903455808,0.17184766077602093
2131,42.10660677213346,41.985819943091606,40.6161126590778,40.41363228307573,23.261691560367375,41.45341429866396,43.82508337989367,0.17184766077602076
2132,42.09773766208617,41.98436083952044,40.49259062762827,39.996106921107085,12.600913810954172,41.586688682055396,43.81621426984638,0.17184766077602098
2133,42.13801905995165,41.99862097836273,40.38671318270723,40.34623628595619,8.11205898054591,41.48733746607577,43.85649566771186,0.17184766077602076
2134,42.11981476531307,41.98354681928612,40.671910750608035,40.20469817409742,31.901748913434893,41.54122213220553,43.83829137307328,0.1718476607760208
2135,42.10140567993753,42.03054432444118,40.62333141430311,39.98589298896506,31.681903333936056,41.57292343585442,43.81988228769774,0.17184766077602087
2136,42.0977830795466,41.96347571930153,40.227089464769236,40.25572172314623,-8.273443822709758,41.558183373469134,43.81625968730681,0.17184766077602123
2137,42.10154020920021,41.936617797795016,40.604723607568786,40.43144681853924,31.19326289408241,41.36430938731736,43.82001681696042,0.17184766077602098
2138,42.09272846639647,41.96622809224034,40.49760870022205,40.177391123387196,30.93532466424503,41.47982000138022,43.81120507415668,0.17184766077602093
2139,42.10816220483542,42.015503457200566,40.90870626276408,40.3990075537939,30.451171057581767,41.76760097471549,43.82643594658174,0.17182737417463168
2140,42.11824575394612,41.98189231931192,40.25431768298603,40.02669854610756,-5.975608938676039,41.52990575957563,43.836519495692436,0.1718273741746318
2141,42.10070445768962,41.97706699494649,40.92714672318164,40.526008768158334,35.025541827294695,41.655277796441545,43.829693392488316,0.17289889347986936
2142,42.085536108698086,41.884077530017635,40.10387993919469,39.05857379372432,27.58493656102353,41.326052832384065,43.81452504349678,0.17289889347986925
2143,42.10190271878882,41.9356831508631,40.61782245774824,40.545935851892104,31.204532765838813,41.446416975810806,43.830891653587514,0.1728988934798692
2144,42.08894575754877,41.87490988701603,40.12867428006522,39.73122052925228,24.223031033381936,41.4300894855117,43.81052158993445,0.17215758323856845
2145,42.118734471549786,41.865074947136414,40.260875021866475,39.73845941028237,22.146306957627303,41.33790005842502,43.840310303935475,0.17215758323856856
2146,42.09552350081955,42.00481325078451,40.15080992276781,39.69057310386398,18.687717233776304,41.41262907409502,43.81709933320524,0.17215758323856864
2147,42.089448500883364,41.91038364569945,40.14336855154349,39.70819769348828,10.993207180709135,41.17714974505866,43.811024333269046,0.17215758323856847
2148,42.08307824044569,41.91269216040095,40.37024351637882,39.805719468479204,14.420804726619952,41.252478864904376,43.81141490258529,0.17283366621396035
2149,42.09926140740896,41.91256754260421,39.72256796351616,39.629763868503375,21.893308648383712,41.0965353505746,43.824228816280176,0.17249674088712144
2150,42.123145282219895,41.93015320301161,40.46081412894059,40.21567074140417,27.697678449500746,41.395360158782985,43.84811269109111,0.17249674088712158
2151,42.08757660972695,41.96573084729037,40.124669846899565,39.5576788782211,17.11835652043264,41.32003146206283,43.8173937731077,0.1729817163380755
2152,42.09128480377447,41.897696973859446,40.363432158211324,40.0581644595039,30.66063674614359,41.2219670779475,43.82110196715523,0.1729817163380757
2153,42.10407340999653,41.93217398286454,40.380140686588305,39.93346801392995,31.104981243939733,41.28306336701835,43.83610218522806,0.17320287752315278
2154,42.070820127680165,41.870240281926755,40.48248200198818,40.03353567644655,25.292229599855162,41.31822216850495,43.80284890291169,0.17320287752315258
2155,42.1002497213334,41.96370772986108,40.56824101558244,40.437850005635866,24.668949228017244,41.52785463593547,43.83044374781658,0.17301940264831844
2156,42.09646036998735,41.936420430921586,40.49377432169392,39.97855334742404,28.2497065729849,41.30441244548579,43.82665439647053,0.1730194026483183
2157,42.0812030390008,41.927906896140726,40.56413059442363,40.11077941283263,26.25326971316727,41.53096854507082,43.81139706548398,0.1730194026483184
2158,42.083027900002875,41.93595503006382,40.95475070070597,40.364600628193145,33.00662619425183,41.55467154980079,43.82063502889907,0.17376071288961928
2159,42.09313952743969,41.97497520343098,40.505056090929315,40.28745832350396,22.2512395581688,41.45792026119426,43.830746656335876,0.173760712889619
2160,42.083056039419695,41.90240271517021,39.84526268296875,38.851698882043266,16.887496718520744,41.05922330776499,43.82066316831589,0.17376071288961917
2161,42.08300643771023,41.97216857472074,40.54887552550927,39.83579193551451,33.49466455354893,41.24346806777928,43.820613566606426,0.1737607128896195
2162,42.08765002794646,41.98671752933882,40.604361342187346,40.46577385357987,28.007961283280952,41.48014466560545,43.829637433169864,0.17419874052234022
2163,42.08142400230744,41.975916401970586,40.61450417657802,40.282891149260756,32.398616317472246,41.52365826209338,43.82341140753084,0.17419874052234008
2164,42.059771064132946,41.914554417104114,40.65528423413868,39.9228834350204,26.693114333392,41.37664875964923,43.80175846935635,0.1741987405223402
2165,42.07013477154157,41.86674619178212,40.589086307992005,40.033594527380004,30.467930507535797,41.40285871382655,43.79981398723526,0.17296792156936938
2166,42.10986735883248,41.979756371196366,40.517255786450896,40.20346721443046,26.147370747605027,41.50268558557892,43.839546574526175,0.1729679215693691
2167,42.10328478692089,41.97291757496301,40.60186840499003,40.108895967858416,30.01991299252981,41.44903425985282,43.83296400261458,0.17296792156936922
2168,42.07929472000171,41.967063364900994,40.3324582673481,39.53313474127131,19.305892786141428,41.55196825649048,43.808973935695406,0.1729679215693694
2169,42.116062930024775,41.95479527512135,40.80405685824153,40.33817113372839,29.028853134571115,41.414202772683126,43.80340454688289,0.16873416168581115
2170,42.12711372910166,41.98407168417494,40.30882115991732,39.71344848479056,26.412828621164593,41.46988976285424,43.81445534595977,0.16873416168581118
2171,42.143115490416655,42.037346384990606,40.72301304371598,40.202805177778565,31.874598101129095,41.60403224110282,43.83045710727477,0.16873416168581123
2172,42.118599439642466,41.98361506216464,40.36482135377005,40.438672875991216,9.637956424000059,41.44019124284822,43.81210850423237,0.16935090645899034
2173,42.114665488879986,41.953200390699415,40.56358775968841,40.01159029019889,31.286889629143417,41.40203788395252,43.80817455346989,0.16935090645899034
2174,42.131368197614556,41.98619179752135,40.64297095321008,40.1186960740541,23.46789879717227,41.496127157248,43.82487726220446,0.16935090645899023
2175,42.108353252194505,41.92312253029707,40.06923881143849,39.2410855246004,10.116376788370921,41.30349134807773,43.80186231678441,0.16935090645899045
2176,42.1218971577935,42.00506150993397,40.46562593927021,39.84232988642875,26.194751872163106,41.54642288294504,43.79322012905648,0.16713229712629818
2177,42.146578800248044,42.03681501268346,40.54600489271881,40.152077103897284,29.348389719544798,41.55764662575842,43.817585543745004,0.16710067434969625
2178,42.131485022047166,42.041360449251144,40.64166569590718,40.48153322325956,27.849304581894938,41.583986145884396,43.802491765544126,0.1671006743496962
2179,42.16195907411928,42.02574837236699,40.89267100315588,40.543178402792705,33.283995387214894,41.60191803024374,43.83296581761624,0.16710067434969617
2180,42.146518604547424,42.01451787035496,40.44586927183421,40.1245414551174,27.343654340317812,41.614252965486145,43.81752534804439,0.1671006743496964
2181,42.13695888889943,41.93857267697815,40.512093440008165,39.42720839364821,33.16716474780686,41.18268801776817,43.80796563239639,0.16710067434969622
2182,42.121308108324904,41.8956106360128,40.4674310529497,40.150733861488284,25.19817773061632,41.36733308537174,43.792314851821864,0.16710067434969628
2183,42.13823960636322,42.074571028590654,41.05324270854898,40.64009193438846,31.994194987348244,41.77848890262281,43.80924634986018,0.16710067434969625
2184,42.13876704055375,42.03350462537254,40.91839351029774,40.225781968531805,33.85161451835768,41.66509290754803,43.807746571548336,0.16689795309945807
2185,42.13386388591888,42.01549043887326,40.525430993134194,39.91840496596797,26.950079827304386,41.39705275808424,43.802843416913454,0.16689795309945793
2186,42.13098440656936,42.04920449304158,40.492550027399204,39.671163054676256,22.4065999265839,41.668596783068665,43.799963937563945,0.16689795309945818
2187,42.12965448318258,42.05265330068305,40.88020462082711,40.538098286951026,27.63488800955951,41.7294934316084,43.79863401417715,0.16689795309945799
2188,42.13107034266399,41.894821578343695,40.639492012613026,40.06360093696142,35.21013443559942,41.293737794712484,43.79599131115005,0.16649209684860616
2189,42.14114237569975,42.04610868960696,40.17976540099363,39.95088957499218,-2.5872685312568535,41.50438907887449,43.806063344185816,0.16649209684860622
2190,42.1430520934986,41.84859922523992,40.39235200778872,39.84572285800815,29.750162459884713,41.12843471024932,43.80797306198466,0.16649209684860614
2191,42.13518926193594,42.00815733400397,40.625004284782904,39.93139407994111,30.746831689053614,41.46902912772851,43.80011023042201,0.1664920968486064
2192,42.140804506661425,41.98780228885085,40.47988875479567,40.19020919305431,8.104244100874304,41.35626982906545,43.79217033164856,0.16513658249871366
2193,42.20357163317436,42.06475274801436,40.84234417256195,40.358250450986304,28.365787289711502,41.563123562285284,43.886499634564515,0.16829280013901543
2194,42.216778311754084,42.118827703884875,40.70391438516615,40.036836355261016,29.95891351071867,41.58177574340354,43.899706313144236,0.16829280013901546
2195,42.19447441442788,42.06498887039371,40.61641945144441,39.7923910621147,33.30305105465361,41.37881124667474,43.87740241581803,0.16829280013901532
2196,42.21394942675549,41.98858701112577,40.17785153234382,39.422821537931846,27.22267819059747,41.30392959704443,43.89687742814564,0.16829280013901549
2197,42.219167817903546,42.1132481541597,40.10082295937964,39.327521460741494,-1.8771629319116272,41.567524675163114,43.9020958192937,0.1682928001390153
2198,42.228755919544845,42.135245881876976,40.70188440929368,40.16122193087589,30.776728960908766,41.66168393939705,43.911683920935,0.16829280013901535
2199,42.22319978559709,42.11804037756474,40.71679066975528,40.688973881397004,20.6822073874052,41.67526219637065,43.90612778698724,0.16829280013901535
2200,42.225819362802845,42.05229914851446,40.91890224288133,40.518293156524614,29.33603119973507,41.583398217067526,43.908747364193,0.16829280013901535
2201,42.220113901663545,42.05735319600474,40.629036969676704,40.10531644668945,27.363930519615863,41.41932406462185,43.9030419030537,0.16829280013901546
2202,42.22637521873296,42.055055724617155,40.234333810835565,40.031618922412676,25.097482002762494,41.484406553652505,43.90865756589408,0.16822823471611187
2203,42.22473405108712,42.077355513321706,40.62755347830464,40.19039402382792,31.47609928832269,41.43158663189364,43.90500560844284,0.1680271557355723
2204,42.216668773457684,42.01867661522264,40.72247983599671,40.28710557497183,27.2356827566861,41.53814478381862,43.89694033081341,0.16802715573557228
2205,42.21915499798007,42.12945147859618,40.918208396187026,40.33349239169765,30.463826035533415,41.63253686708284,43.89942655533579,0.1680271557355723
2206,42.22325525166879,42.10137080345352,40.490404642511635,39.77033176678132,28.955604501743657,41.46236950674656,43.90352680902451,0.16802715573557228
2207,42.20974037980419,41.99507472177221,40.45412403207235,39.950426124943526,28.570772639166837,41.526049064603285,43.89001193715991,0.16802715573557225
2208,42.223033723581764,42.01600263962477,40.31923492580992,39.86354641506509,26.856737610072017,41.357670839802225,43.90330528093749,0.16802715573557228
2209,42.238026976169216,42.06559819818952,40.87154629187677,40.14629294359689,36.04897336909149,41.59111165333135,43.91829853352494,0.16802715573557217
2210,42.23108574561163,42.11985510117143,40.677944629430456,40.19220029667711,31.085944804301665,41.49270978211557,43.91135730296735,0.16802715573557225
2211,42.20037924416075,42.12150616807091,40.36294970821108,40.15850168723771,-12.878918962467921,41.52924218713183,43.880650801516474,0.16802715573557236
2212,42.22781259441759,42.00720844283949,40.566603028325105,39.868915367496676,23.633880131990622,41.472745835392175,43.908084151773316,0.1680271557355723
2213,42.208354202958056,42.05923857253515,40.24101521953794,39.48417463175276,23.52411218154733,41.350000818070285,43.86320166114232,0.1654847458184266
2214,42.21176278736959,42.083902072613164,40.99301418565565,40.32378691710453,34.15648356905456,41.67405148934208,43.8726358414146,0.16608730540450117
2215,42.20758329886167,42.08935787439189,40.54466576900798,40.003417842612315,20.607679614979148,41.52751801212359,43.86845635290668,0.1660873054045011
2216,42.211128470291236,42.09568635908135,40.84862825314517,40.63768850102154,27.111818764383717,41.551918049316235,43.87200152433625,0.16608730540450092
2217,42.19089669309543,42.093737853836835,40.92433946356339,40.567714149741434,31.672378167744412,41.69721205573106,43.83623300452972,0.1645336311434288
2218,42.20793749800265,42.05353923057455,40.7458767095385,40.30479049662582,32.66829742856979,41.48784158133423,43.853273809436935,0.16453363114342867
2219,42.23368402190192,42.06402371966972,40.53797059896071,39.88548523497297,26.98163238614038,41.56445012415479,43.879020333336214,0.16453363114342884
2220,42.217493604963686,41.984064600473594,40.047228424556984,39.815535568791525,11.3037071974625,41.250010560439584,43.856069086644055,0.163857548168037
2221,42.215019671517084,42.031631620568305,41.025887553859974,40.60056444841705,34.75041832174604,41.52344766768676,43.85359515319745,0.16385754816803705
2222,42.23379439983473,42.10980494905077,40.32165513517798,40.67318801553189,-0.6660480353805767,41.69159559423281,43.8723698815151,0.16385754816803674
2223,42.206517037632,42.01816036922108,40.3778587927235,40.41450146083476,7.580379818378347,41.4419710845645,43.84509251931237,0.1638575481680368
2224,42.20653231110806,41.962106073497885,40.52825280311591,40.57681433913304,23.299179644066832,41.48408152525431,43.84510779278843,0.16385754816803685
2225,42.22054825349296,42.08568227180493,40.690823980133764,39.988240159728974,30.65995590362017,41.39066195407406,43.85912373517333,0.16385754816803685
2226,42.19909521431327,42.112754069741456,40.71852996572088,40.19598437086314,32.91755833816218,41.55759025193084,43.83767069599364,0.16385754816803708
2227,42.23465029637285,42.09046059263919,40.62996950029473,39.89399586667694,34.61773592613511,41.56097545533494,43.87322577805322,0.16385754816803688
2228,42.22416175676968,42.076513373451576,40.644407243024396,40.477611235307535,23.449939978711008,41.39372067521896,43.86273723845005,0.16385754816803694
2229,42.20810136811771,42.10147758103148,40.39780988038452,39.886780589891146,20.95170343656308,41.46712942067087,43.86064146868617,0.16525401005684606
2230,42.204736904114554,42.0991529910023,40.719693614206314,39.90810685562396,31.8205520013771,41.704405280308364,43.85727700468301,0.16525401005684592
2231,42.205786727694665,42.11698458689707,40.37893557873341,39.861212583739274,23.00885007581099,41.234604851744976,43.86033761806852,0.1654550890373856
2232,42.20286532732403,41.975004086585116,40.62330535274812,39.96297858758332,30.705333911878476,41.47155370975588,43.85741621769788,0.16545508903738562
2233,42.22434713861477,42.09573882158546,40.373213928625404,40.07417107230466,7.168966363143674,41.549587025563795,43.87889802898862,0.16545508903738562
2234,42.22068191343407,42.14321120875908,40.70121093191447,39.98618673808621,27.229712552466392,41.752568397519646,43.875232803807926,0.16545508903738534
2235,42.20157573406398,42.11395870942375,40.755647064146046,40.14321712445794,31.159980521716335,41.69613771092078,43.856126624437834,0.16545508903738554
2236,42.19625876835365,42.09052750122787,40.627002131644424,40.05059729042959,24.376374689435288,41.511871497188324,43.850809658727506,0.16545508903738537
2237,42.19012155948361,42.11266910109632,40.534877136055435,40.20314863844164,29.993155366672617,41.42465439830937,43.84467244985746,0.16545508903738554
2238,42.195051198025006,42.07120645216836,40.89322341797982,40.53847823209114,26.14512832695747,41.700129956883174,43.84960208839886,0.16545508903738573
2239,42.23713951541943,42.10094674622786,40.47879549824221,40.200469731629596,1.0088729080069427,41.62201046585814,43.891690405793284,0.16545508903738546
2240,42.2025621692834,42.06999695719057,40.3132236049038,39.84174558586921,22.738570776288434,41.42729253255247,43.85711305965725,0.16545508903738546
2241,42.21519120164491,42.099274744267575,40.20213493794849,40.02127063198164,-12.368918723165002,41.36228756306251,43.86974209201877,0.16545508903738554
2242,42.2394030436777,42.07115521269502,40.471707807609455,40.11072647915716,16.41224744000879,41.51471385781481,43.89395393405155,0.16545508903738565
2243,42.20488167771781,42.03193309173649,40.81702288032321,40.23525596954396,33.02514611762902,41.523768602906,43.85943256809166,0.16545508903738548
2244,42.187632027014715,42.10826869005357,40.88649619948356,40.84617942785507,25.774939203205975,41.77843413412688,43.85969418825544,0.16720621612407222
2245,42.200950027047284,42.06434625475136,40.53290562986027,40.09972344979747,23.23028809868368,41.45217204816754,43.87301218828801,0.16720621612407247
2246,42.184676545395234,42.012308620672634,40.79279803756088,40.68523355728321,28.154069482231506,41.631278870178406,43.85673870663596,0.16720621612407244
2247,42.16695431494263,42.046705640998866,40.537869812948834,40.220946943965075,17.675528313527128,41.570727969738115,43.83285693476478,0.16659026198221485
2248,42.20163256270391,42.07112429501787,40.60679085634535,40.313913930450255,26.240111421513067,41.39724855766242,43.84237934058031,0.16407467778764034
2249,42.202180825154436,42.00504417853818,40.34161414462269,40.320001682800125,15.926102863460741,41.601629758823734,43.84292760303084,0.1640746777876402
2250,42.20685819937079,42.08301525302958,40.36633459052846,39.56055345573077,29.2645463850796,41.27899758622824,43.847604977247194,0.1640746777876403
2251,42.204232163080356,42.13988596806687,40.84324818571407,40.493509891254945,22.55413812626101,41.65042216815503,43.84497894095676,0.16407467778764015
2252,42.207500361043735,42.11845997024821,40.793465091631,40.21512327070639,30.84762628404713,41.76142412990447,43.84824713892014,0.1640746777876403
2253,42.210499950915,42.104829610719335,40.622419040279276,40.032774160831394,27.273379581187545,41.47289576890243,43.8512467287914,0.16407467778764007
2254,42.22978601215457,42.11230206501224,40.312730035325345,39.84784897940648,29.938655425535817,41.43280547260624,43.867054284604784,0.1637268272450216
2255,42.21820745480856,42.09026572182913,40.85141335829317,40.30003091814115,30.131122735631322,41.61165558120753,43.85547572725877,0.16372682724502144
2256,42.196930053232755,42.10583866724041,40.9285755738244,40.74271275834302,24.295492684907476,41.797415257878754,43.83419832568297,0.16372682724502172
2257,42.2118179244951,42.112711274578714,40.477909782263524,40.51957813110371,19.305821633994725,41.65037511078752,43.849086196945315,0.16372682724502152
2258,42.22043111068199,42.10017101217212,40.74685950515342,40.298908404854124,27.480040441857945,41.591339991661314,43.85769938313221,0.1637268272450215
2259,42.21129394646,42.02463544918448,40.801849390711624,40.386648702594854,30.845605058087425,41.47546436721361,43.84856221891022,0.1637268272450216
2260,42.22089617267249,42.13983926199402,40.578088019951416,40.30333157407733,19.677599955497698,41.79250175453669,43.8581644451227,0.16372682724502155
2261,42.23061450478919,42.08530554358782,40.6550365150642,39.653651299757584,26.925140500073418,41.597895236455244,43.8678827772394,0.16372682724502163
2262,42.22638112943237,42.10873947891466,40.66572647806521,40.14824839952243,27.51626848562397,41.60822971831395,43.86364940188258,0.16372682724502166
2263,42.20848678782764,42.11707423151329,40.18805344187851,40.38611726722433,-7.636679040770218,41.65071720066025,43.84575506027785,0.16372682724502158
2264,42.226242078725384,42.095014760028405,40.4689738149233,39.68064863494082,9.763964897008186,41.531283011124074,43.8635103511756,0.1637268272450216
2265,42.1986176039711,42.129628191912666,40.51288939984544,40.23593275276081,20.700582114296168,41.68138892699531,43.835885876421315,0.16372682724502155
2266,42.217669284170356,42.076091423916715,40.94016757702404,40.74904911359216,32.44123357404674,41.579980752840356,43.85493755662057,0.16372682724502158
2267,42.22389341535957,42.09810141055977,40.705725457125986,39.86799376749697,31.00979561464662,41.47471175646525,43.86116168780978,0.16372682724502158
2268,42.229474190514914,42.09550910602166,40.63852928298267,40.17255972499896,25.108589040445644,41.52616141189718,43.86674246296513,0.1637268272450215
2269,42.21812402237272,41.978958180211684,40.05614717808803,39.82398687472265,-4.848556013630905,41.509714512808976,43.855392294822934,0.16372682724502172
2270,42.22451010449249,42.089830364337764,40.43233668399617,39.69177635477306,29.456130274518564,41.577539167850475,43.8617783769427,0.1637268272450215
2271,42.21408758041238,41.97137136065114,39.94610497299035,39.446288043030115,15.812629875586104,41.3013600462311,43.851355852862596,0.16372682724502163
2272,42.20477671039749,41.98186073946295,40.848457043096644,40.54823252737025,27.47863561093248,41.52360661517015,43.8420449828477,0.16372682724502155
2273,42.208951050739884,42.113613086069535,40.76056698144534,40.373474678295366,26.613484279554278,41.68408320145063,43.8462193231901,0.1637268272450217
2274,42.21732622716145,42.07042487448141,40.764722901685495,40.35312181496941,22.78692050246081,41.728843162934055,43.854594499611665,0.1637268272450215
2275,42.18329062430323,41.986049280108446,40.626073073372716,39.90204499848837,30.158019117309735,41.30851965321356,43.82055889675345,0.1637268272450215
2276,42.209621591628554,42.07555688178433,39.99233879138129,39.086231765937626,22.614577543275487,41.33931097575649,43.848474757271234,0.16388531656426772
2277,42.23954569623373,42.103074211769446,40.175787308159215,39.313870192867114,29.316448043381108,41.44351024721966,43.9167389157194,0.16771932194856654
2278,42.22521240800544,42.159773591963535,40.20031593097902,39.42141889987522,14.76770909644683,41.594536656038954,43.902405627491106,0.16771932194856665
2279,42.23099202545334,42.10159272348736,40.972841172697066,40.48270975142218,31.72139369577418,41.57962442341753,43.908185244939006,0.16771932194856692
2280,42.24037686563857,42.08624969826018,40.719691278417855,40.45977624608826,28.262032805991907,41.59829582016146,43.91757008512423,0.1677193219485668
2281,42.25643865071005,42.12639096338104,41.0496656312329,40.77878664711177,29.99403457722111,41.798095961976685,43.93363187019572,0.16771932194856656
2282,42.22776227533832,42.11401963653323,40.733973858589415,40.49032386380214,31.603614094400953,41.540629873140716,43.90495549482399,0.16771932194856667
2283,42.23346861838606,42.13693575110358,40.74583587142248,40.36939903005766,31.064116310640703,41.52347780208549,43.91528518152363,0.16818165631375673
2284,42.23960627794695,42.08613688656258,40.78508432788595,40.42632875420509,27.023463981299727,41.455949775571426,43.921422841084514,0.1681816563137567
2285,42.22678401958229,42.15624964642441,40.80213062254283,40.27476355480452,30.92572143696316,41.73192617152495,43.908600582719856,0.16818165631375642
2286,42.24873558782734,42.129859663511624,41.126459456996905,40.749836920796305,35.33376059970186,41.60384166871988,43.93055215096491,0.1681816563137566
2287,42.221425006120775,42.06599757439756,40.7836122975016,40.47626197367872,23.39389987366269,41.54878229381445,43.90324156925834,0.1681816563137566
2288,42.25280404662877,42.05371434133013,40.676453898503574,40.52542206427223,31.71313310507978,41.702436206038506,43.926322480890626,0.16735184342618575
2289,42.23141898642902,42.124083330324936,40.67734383300827,40.088867384529166,31.061692665322994,41.714869477518164,43.90493742069088,0.16735184342618575
2290,42.210412113017874,42.07153557636134,40.16102962007834,39.904592533849616,11.76975196246844,41.35686649435205,43.88393054727973,0.16735184342618575
2291,42.231418712669424,42.086081068507674,40.51273540192083,39.82002506891237,27.883615383648912,41.47475683873985,43.90493714693128,0.16735184342618564
2292,42.23173201526395,42.1089092867977,40.55158305247977,40.12867669282451,23.898794104463082,41.52802848069984,43.90525044952581,0.16735184342618561
2293,42.24194459839698,42.15004103056747,40.62459781501328,39.93952781014348,27.862779142314675,41.558660638197935,43.915463032658835,0.16735184342618561
2294,42.24168198457951,42.07826759715878,40.721117636641466,40.115621113493134,27.5104541603695,41.57914323362736,43.917382675878336,0.1675700691298832
2295,42.2448478741111,42.130983046118665,40.543688526397254,39.95952894730199,11.125634537677996,41.493397498485194,43.92054856540994,0.16757006912988337
2296,42.23553798469286,42.12647797545379,40.42701561975647,39.73701208668216,23.23937425103849,41.58398455596655,43.9112386759917,0.1675700691298833
2297,42.25403164020018,42.067951351774745,40.603053851365274,39.76076113985756,33.15680359719136,41.360369091844305,43.92973233149902,0.1675700691298833
2298,42.25192567786466,42.167807257133944,40.85586479190298,40.650510336476955,22.88202090005391,41.88292013634212,43.92762636916349,0.1675700691298831
2299,42.25200571942995,41.99892393519996,40.762918043437644,39.836344936007116,27.31532195314575,41.571291469232605,43.92770641072878,0.1675700691298832
2300,42.22914218105299,42.027975887004864,40.52506271653809,39.82723881310693,31.25851368454793,41.57295801166169,43.90484287235183,0.1675700691298833
2301,42.24569721664243,42.11952373750551,40.77415272475275,40.136784287946206,27.538642240270683,41.598521686352214,43.92139790794126,0.16757006912988343
2302,42.232060237001505,42.11924911617986,40.86504086041026,40.67847309521064,26.78634020368957,41.65787558884658,43.907760928300334,0.1675700691298832
2303,42.225877305294034,42.07655895763928,40.950586668600536,40.524785628945864,29.23863954983746,41.58392057992967,43.90157799659287,0.1675700691298833
2304,42.24751434634374,42.1110821725608,40.836833923224454,40.06985334549975,30.186610296653196,41.62390778061733,43.92321503764258,0.16757006912988345
2305,42.26086800678182,42.1202448769263,40.36171306158541,39.99461880913852,27.87377172388602,41.59900977450742,43.92954229082965,0.16686742840478308
2306,42.22453883748064,42.12117660498575,40.746282291520686,39.86926692825353,31.058441738923875,41.55719870684917,43.89321312152847,0.16686742840478314
2307,42.26114264793093,42.16401270306882,40.63220969143697,40.35303437880143,14.817388623485964,41.711353318632135,43.92981693197876,0.16686742840478322
2308,42.26324118785912,42.13685901040426,40.816619013825374,40.19667292598615,33.09582939635112,41.53268141498865,43.93913526537553,0.1675894077516409
2309,42.22655226226121,42.10578727216118,40.94887979996539,40.915690788938456,31.51621841591469,41.73475441900098,43.90244633977762,0.1675894077516412
2310,42.23427969955996,42.07097428688322,40.759601473896666,40.00462827417696,30.173643449640874,41.5786646966667,43.91191157790512,0.16776318783451594
2311,42.22391132263054,42.051849973346556,40.64633584355709,40.04039643035308,32.53683119712994,41.47265160742821,43.9015432009757,0.16776318783451608
2312,42.239128228959636,41.98491055576342,40.469940109465135,40.168418840051565,17.103602383970443,41.55276288782998,43.916760107304796,0.16776318783451585
2313,42.22475079050485,42.12720801027654,40.78141334048052,40.21058154832637,27.919580959573324,41.69842693788898,43.90238266885001,0.16776318783451602
2314,42.24896533688876,42.102868633269516,40.71502934771167,40.08438186407575,22.78850761758324,41.68901985988656,43.92659721523392,0.1677631878345161
2315,42.23095920610011,42.02973741101719,40.79043321423811,40.3241318635111,31.953091972873807,41.474282485516845,43.90859108444527,0.16776318783451602
2316,42.221028847341564,42.08302461134569,40.697458792893876,40.42306665283688,27.60301468669807,41.66875356171121,43.91718908912743,0.1696160241785867
2317,42.200501488028465,42.0788051006472,40.25938321537426,40.27913699005512,-9.882423713190214,41.4898987437664,43.88901262130834,0.16885111332798772
2318,42.22971890707326,42.05048332842103,40.46851644409805,40.54318280382201,-7.959031269291714,41.60196608342235,43.91823004035314,0.1688511133279878
2319,42.213829142181545,42.04365765305364,40.228351567160885,40.179817670487864,-12.729310286589083,41.41278675431073,43.90234027546143,0.16885111332798802
2320,42.214019388173035,41.88616234904138,40.21584123820437,39.48846143300332,25.741264502560252,41.33392104976197,43.90253052145292,0.16885111332798786
2321,42.24879032341596,42.114958381246666,40.49602559668869,39.56728245504414,29.66172444689101,41.48634432510049,43.93652520957921,0.16877348861632502
2322,42.214335104888704,42.02404974207633,40.30203586744378,39.432286908208916,15.243864162064384,41.45842289565989,43.90206999105195,0.168773488616325
2323,42.22957912181602,42.10872905972569,39.76025100576359,39.366788140066475,-14.92746869112512,41.33370988933754,43.91731400797927,0.16877348861632513
2324,42.233116660376496,42.148862373445795,40.385371083970185,39.65675214350631,26.24849417611761,41.66865327697131,43.920851546539744,0.1687734886163251
2325,42.22095698686324,42.097739978668116,40.438743792387626,39.76907924812755,23.018968929593527,41.27039622736879,43.90869187302649,0.16877348861632496
2326,42.21984832844389,42.10733974999157,40.01779713421826,39.18778272509585,12.045342316742559,41.490830483844135,43.907583214607136,0.16877348861632507
2327,42.22702900329331,42.130839730100135,40.6299108476734,40.51488100785244,18.12983049444903,41.83178154269309,43.91476388945656,0.16877348861632496
2328,42.22017917223722,42.128887995272166,40.28942972871905,39.81564350533465,22.842089012476634,41.546791105459576,43.90791405840047,0.16877348861632502
2329,42.22425421893571,42.12769890187282,40.328079489682494,39.94443606653539,8.897134200300066,41.548184251477785,43.91198910509896,0.1687734886163251
2330,42.23242030691352,42.14214474124337,40.40078997011012,40.37092355444203,-7.88926910444502,41.827118338473895,43.92051196566104,0.1688091658747527
2331,42.25761758646088,42.08787369776763,40.246942932962114,39.54713087200496,21.814442897444174,41.19893809738291,43.945709245208405,0.16880916587475256
2332,42.24142607842809,42.12038268112198,40.66126829198836,40.395343567473525,26.105996844635367,41.79952863033439,43.93042974801497,0.16890036695868801
2333,42.23438248080448,42.13565779603553,40.90049813292513,40.58939498108865,24.463437163682528,41.71924461054497,43.90587487952449,0.1671492398720013
2334,42.24850084589334,42.1128403448829,40.267135300273026,39.63671199785222,25.135206539484276,41.35250062249411,43.91999324461335,0.1671492398720013
2335,42.23173575149447,42.17361802633793,40.836567477055276,40.40805606089049,30.695413132612202,41.704772325699224,43.90798537968997,0.16762496281954967
2336,42.237965790277165,42.113778156620704,40.95309188199934,40.692366061336266,33.50678211312098,41.54927772897792,43.91461447093565,0.1676648680658491
2337,42.2506439268143,42.119947210112365,40.42600359314426,40.18573052371509,18.168058243650762,41.65987217903826,43.92729260747279,0.16766486806584918
2338,42.24481120987372,42.10816616583834,40.70496873274953,39.96923651914623,29.66260560401835,41.65331790724074,43.921459890532205,0.16766486806584904
2339,42.256101293406644,42.08447743669094,40.56701762896617,40.193762159609896,18.58393042533355,41.63679855241321,43.93274997406514,0.16766486806584915
2340,42.232102499858506,42.09559749187188,40.912787105946414,40.68140658572793,27.60927815442556,41.66810328851282,43.908751180516994,0.1676648680658491
2341,42.245636054740324,42.076423827403794,40.905898805934605,40.20759455950491,34.29454698868577,41.5124176106212,43.9051261285615,0.16594900738211718
2342,42.249010661712,42.16277867471047,40.844164091843446,40.698251046775454,15.513203694652773,41.65708201990769,43.90850073553317,0.16594900738211701
2343,42.282912642761374,42.15638431307473,40.642991898420355,40.16246790882536,22.471292351818903,41.705550932677426,43.94240271658255,0.16594900738211713
2344,42.28312931672124,42.04824444895434,40.19676206380017,39.62473300549039,24.657522272505577,41.56085270532502,43.942619390542404,0.1659490073821168
2345,42.24944637509673,42.12576372754222,40.46843815549097,40.105323877839744,26.879551751484357,41.63160862148597,43.908936448917906,0.16594900738211715
2346,42.26970501878561,42.1130794119997,40.732149872677795,40.41002535812081,27.408824417362148,41.62981458763582,43.914740694899315,0.16450356761137103
2347,42.26298114650953,42.168099108760806,40.34921664789052,39.60426818489299,18.31938922526292,41.67111632783827,43.908016822623246,0.1645035676113712
2348,42.27913264591334,41.988237698867216,40.43491797200736,40.21766019780543,23.397752589413273,41.61528195097614,43.92416832202705,0.1645035676113709
2349,42.254571982217065,41.960968489843296,40.405327864467225,39.605946551880706,30.816030654303265,41.26563804676914,43.89960765833077,0.16450356761137103
2350,42.272457996725706,42.14969501978007,40.869292596477564,40.20997807237625,33.219258343774996,41.77012445399019,43.91749367283941,0.16450356761137108
2351,42.26846571360682,42.1032710714509,40.63613230467137,40.435925056222786,27.996950126238623,41.629714053944,43.91409163156587,0.16456259179590438
2352,42.2588510507565,42.1589507198207,40.494513025623355,40.02112886630954,12.035027621578141,41.78690828360767,43.90447696871554,0.16456259179590435
2353,42.258227503189744,42.13254912707754,40.23228285983577,39.58674628384299,21.059516860341507,41.45666659426935,43.898952205167284,0.16407247019775434
2354,42.254649712544435,42.10423853119598,40.50752115971679,40.6315223619487,-6.946791596642768,41.70606937600239,43.89537441452198,0.16407247019775445
2355,42.26383737057266,42.16354929245031,40.65498611165743,40.271037807910794,30.18477698658979,41.49732390211899,43.9045620725502,0.16407247019775434
2356,42.27394390703238,42.182546626454794,40.30693878240661,40.127456634090535,8.816705883647472,41.6956487306157,43.915093354231665,0.16411494471992852
2357,42.277993099098104,42.109546675071236,40.90950174739041,40.59608282708339,30.131325412194236,41.64003660553273,43.95828483501405,0.16802917359159422
2358,42.24769744946677,42.04468736940595,40.16068670162552,39.46128290750728,17.223767495550337,41.27762990880241,43.92798918538271,0.16802917359159394
2359,42.25655658142058,42.13285540766134,40.41206256047684,39.90656221808848,26.018933633869967,41.46893311263947,43.93684831733652,0.16802917359159383
2360,42.265795707733204,42.082465715260454,40.5173735740998,39.96619830723806,29.919983197268404,41.45811500237491,43.94608744364914,0.16802917359159392
2361,42.26982629475066,42.10623076510199,40.266689755367565,39.56999462734071,23.73517600776758,41.28035489331114,43.9550192466481,0.16851929518974396
2362,42.248723771130294,42.06139532176749,40.30809207134339,39.990349562600656,23.699732508467456,41.534861808826925,43.93351767056474,0.1684793899434444
2363,42.249180964236594,42.180779339984944,40.748581913389856,40.31745912019273,28.803918653814787,41.75517502879066,43.93397486367104,0.16847938994344458
2364,42.27044047602441,42.18376629125052,40.2608416749179,40.141629545882445,11.011724986960466,41.82590174691991,43.95523437545886,0.16847938994344452
2365,42.25516958255615,42.13131242957249,40.57936216338014,40.16875961296849,29.173332143433782,41.500344503052574,43.939963481990596,0.16847938994344452
2366,42.23649770775005,42.130462877228155,40.15493900182058,39.75457135091692,-15.06168465872183,41.46623046706324,43.92129160718449,0.16847938994344458
2367,42.25584214593647,42.12130227602203,40.246723511173755,40.00747569216837,-15.094886612442949,41.72916768193504,43.940636045370915,0.1684793899434445
2368,42.24835416143242,42.075638469329164,40.66181477815945,40.38582206045534,31.33593668024447,41.75653840742302,43.93343063704113,0.168507647560871
2369,42.257454949982616,42.11760606901275,40.68574486735757,40.33542630355672,27.785070653120574,41.64583064471147,43.94092632518838,0.16834713752057634
2370,42.27807338425872,42.143646641015785,40.65663133896805,40.444730095173895,19.19285997254983,41.60416390144758,43.96154475946448,0.16834713752057645
2371,42.24977358909589,42.09588162454796,40.27087763716284,39.71066452909706,22.680441441150826,41.40003234872914,43.93324496430165,0.16834713752057648
2372,42.25008631689177,42.06027394747406,40.676023150874315,40.230157203820234,27.128922342626748,41.506294455880635,43.93355769209753,0.16834713752057648
2373,42.29142830961127,42.13525567167435,40.816301499807466,40.564557377975824,28.49262382811639,41.570114941608054,43.97489968481703,0.16834713752057645
2374,42.24064272720561,42.14735036990222,40.12064249410035,39.73891338135161,18.918838561528254,41.63490706291149,43.92411410241137,0.1683471375205764
2375,42.266590531990744,42.129657990225965,40.209047451372435,39.85517600259412,12.053927104582318,41.578139542208234,43.94322692195362,0.1676636389962872
2376,42.27275625553078,42.09429946136549,40.47787816457764,39.917177883527884,29.256969743798756,41.33472422263694,43.94939264549365,0.16766363899628717
2377,42.25115961931253,42.112944899465745,40.85914890121239,40.426101005839044,30.140574200661874,41.66214139620127,43.9277960092754,0.16766363899628683
2378,42.276160590550695,42.08021792974234,40.73826816560325,40.17418615638537,26.823263441930592,41.43629739525858,43.95279698051357,0.167663638996287
2379,42.28811810440212,42.171996608528616,40.55896023966302,40.575712287028026,-12.69171378041446,41.74068060039674,43.964754494364996,0.167663638996287
2380,42.260801482903844,42.07874634816098,40.98709394880669,40.47058914917054,35.62556135318699,41.49635326870275,43.93743787286672,0.16766363899628708
2381,42.25773738394002,42.101302076177156,40.474766571563606,40.15177784489925,8.424230055492451,41.429787251673474,43.934373773902884,0.16766363899628686
2382,42.26881271574817,42.11081986551749,40.513660730198595,39.75944196309708,24.753228578733868,41.55071559724351,43.97707188231272,0.17082591665645533
2383,42.253249746044666,42.12849467597304,40.64922163010494,40.34987626757951,27.826017560277005,41.670973695243816,43.96150891260922,0.17082591665645527
2384,42.23159442534568,42.023366475743046,40.883340154717885,40.51005444874023,31.04715963732471,41.6363630144686,43.939853591910236,0.17082591665645536
2385,42.24390989040115,42.08606912915086,40.634542717391795,39.96771751712786,27.822624166407994,41.70459447165699,43.9521690569657,0.17082591665645544
2386,42.24451699763063,42.04891830789793,40.61527798779299,39.838396737740204,31.57610076582189,41.580494475684276,43.952776164195186,0.17082591665645552
2387,42.241792741008446,42.07515956011891,40.78448862976734,40.10899510607538,33.18487327148398,41.35287479079406,43.950051907573,0.17082591665645547
2388,42.25311473191201,42.006605322607584,40.433385785990765,40.493540157405356,-7.914358266971377,41.55388278990363,43.961373898476566,0.17082591665645558
2389,42.23765705273227,42.10475043444638,40.727893901296056,40.7578859000061,30.93145943923423,41.59957367132484,43.94591621929682,0.17082591665645533
2390,42.227801731913004,42.06754225015553,40.808109164038136,39.76813739648247,35.94955188464621,41.59655623308425,43.97930904698841,0.17515073150754112
2391,42.210670458208696,42.0545964061687,40.179828073353846,39.869276673439515,18.201250095465063,41.294344142378534,43.962897595560655,0.17522271373519577
2392,42.21784611624547,42.11471389700826,40.73009936996049,40.31550390316325,30.027028765871297,41.63264462016312,43.97587050214581,0.17580243859003453
2393,42.209158221841165,42.01444878095683,40.28572845870799,39.872273091024105,20.82921142609653,41.32056979187436,43.967182607741506,0.17580243859003442
2394,42.20283774702724,42.05633574103732,40.456285127137,39.50098843839576,32.34325974062713,41.56680032255932,43.96086213292758,0.17580243859003444
2395,42.20861409382907,42.1029285600907,40.63986060524573,40.39505962331597,25.095912956569123,41.69972433270179,43.96663847972941,0.17580243859003433
2396,42.20933831164488,42.05273160111904,40.94704151976585,40.46933115045069,33.31266725949816,41.581368198271264,43.96736269754522,0.1758024385900344
2397,42.23009653902422,42.11584184910942,40.7235133362496,40.1376240187616,31.077065833186488,41.5815979160609,43.98812092492456,0.17580243859003444
2398,42.203183834270895,42.08246301486893,40.34151304971821,40.056798043083525,-12.877228803731967,41.55737220077219,43.96120822017124,0.1758024385900343
2399,42.20244980263043,42.10932459611172,40.535634425540266,40.09076926000556,18.522703462685588,41.70288066149588,43.960474188530775,0.1758024385900344
2400,42.21177101674793,42.04171899330983,40.08264371663077,40.040073902364135,1.735086852788747,41.49191166244162,43.96979540264827,0.1758024385900345
2401,42.20408601399376,42.12514125600779,40.75942956597389,40.25436163214402,29.56642849273041,41.722660799720614,43.96952350230711,0.17654374883133536
2402,42.19865341987056,42.09569111499762,40.63938515488546,40.157343412030485,30.74958567342238,41.523957122831625,43.96409090818391,0.17654374883133528
2403,42.20489684215578,42.04459681559881,40.7107049967511,39.77995435758608,29.46336284288133,41.56622026982377,43.970334330469136,0.17654374883133536
2404,42.18534185476916,42.09607084418515,40.73891751301627,40.19705920094304,31.01747503073209,41.67102201153523,43.95680493894326,0.17714630841740972
2405,42.19912667576725,41.97747737103345,40.71591701705286,40.0918271887093,28.09599423558458,41.485984521522326,43.970589759941355,0.1771463084174098
2406,42.21692435085147,42.09132881447232,40.705888598692596,40.21922777408109,23.60105513664562,41.78680327812829,43.988387435025565,0.1771463084174097
2407,42.18815204325319,41.95168531639179,40.68632772182545,40.08670468139603,31.867021669344766,41.433256381798095,43.95961512742729,0.1771463084174098
2408,42.2073123666376,42.08978325400607,39.99330668719205,39.676210853053476,22.718924977330907,41.69261675536844,43.97025277327145,0.17629404066338447
2409,42.20067980892892,42.04875409727846,40.647281589679224,40.45669313104983,20.0572979419714,41.606487024132164,43.96362021556276,0.17629404066338447
2410,42.18461775264157,42.05753849215804,40.64585477401604,40.65738563205157,30.045395672102966,41.562980620118665,43.94755815927542,0.17629404066338458
2411,42.21073858167084,42.05316237306087,40.62641686602045,39.86085327123051,25.02275315565652,41.58534948196389,43.973678988304684,0.17629404066338447
2412,42.19478725264587,41.99170271188173,40.287756568909245,39.50711858887132,23.888545044541175,41.35115331607357,43.95772765927971,0.17629404066338453
2413,42.20642800526856,42.04836843954167,40.96609320028914,40.64504593937949,32.73071068885869,41.5094703882733,43.96936841190241,0.17629404066338455
2414,42.22294174757032,42.08513157760084,40.78704305782476,40.11221718294619,23.442891480393246,41.51228420990811,43.98588215420416,0.1762940406633846
2415,42.19788729843556,42.008616347711445,40.777190481868814,40.408520191868085,27.423556161848655,41.449306951157695,43.956520589183526,0.17586332907479638
2416,42.21958588050147,42.02026975265546,40.40922916754254,39.893674059339254,22.07782900079905,41.5762598919204,43.97917416383545,0.17595882833339843
2417,42.21673422651416,42.063640918145126,40.69027939995358,40.222758420895964,26.86118261588174,41.534327706849226,43.976322509848146,0.17595882833339843
2418,42.194444175208986,42.047632723893734,40.169391141307855,39.52028263894113,17.095148018022158,41.33767974317111,43.95403245854297,0.17595882833339846
2419,42.19751575190755,42.103182138619786,40.822024734350876,40.38750296040889,24.70587795938381,41.70801039616748,43.957104035241535,0.17595882833339846
2420,42.194993548864645,42.07981469749942,40.74516921971999,40.14155757523694,33.314106581204186,41.66871833590987,43.95458183219863,0.1759588283333984
2421,42.2005388962577,42.05465242394138,40.15537115063179,39.65069326064905,28.45786322766744,41.45438851348324,43.96012717959169,0.1759588283333987
2422,42.1847962819592,42.04269849401914,40.66439026734506,40.26261867779851,27.716433373212222,41.58780861818623,43.94469789928216,0.1759901617322963
2423,42.20609353903409,41.95958484812994,40.16486706890561,39.66334555251589,28.37919967863809,41.00710240959337,43.96599515635705,0.17599016173229626
2424,42.201843286805705,42.064594248527186,39.93189385320929,39.40370371327378,-16.373453433335875,41.38403585538367,43.95994266080827,0.17580993740025608
2425,42.205582585623915,42.038409432903556,40.67383340607424,40.64314831144506,21.96531995208478,41.621553322944294,43.96368195962648,0.17580993740025597
2426,42.187035677159976,42.043056949419736,40.43170259729221,40.05951334850438,24.538724149727358,41.43236297419607,43.94513505116254,0.1758099374002561
2427,42.23658967019121,42.05367617946659,40.5389594413947,39.879987724007854,30.812265379550276,41.61752569905808,43.98866344833302,0.1752073778141817
2428,42.220304557451776,42.101201349372275,40.75097172832482,40.800330781718955,28.34960912045272,41.75262940747231,43.97237833559359,0.1752073778141816
2429,42.22011965960881,42.096248420058686,40.57725248500905,39.99942824678539,23.741897583912923,41.54663633131797,43.97219343775063,0.17520737781418178
2430,42.213989825630456,42.075057357703805,40.579181283107104,40.18380231014027,28.18811914412594,41.52204346155594,43.96606360377227,0.17520737781418164
2431,42.19590342571628,42.097139483327595,40.35542558546635,40.562851695719154,-16.94879423420955,41.59062540213402,43.948234243436374,0.1752330817720093
2432,42.194980174584394,41.8042728521316,40.16280583755546,39.72797066574573,-15.193403365855097,41.26713685368308,43.94731099230449,0.1752330817720094
2433,42.22700999927297,42.08451299218562,40.73272795205237,40.15925324341771,31.1692971720902,41.700460800546566,43.979340816993066,0.1752330817720095
2434,42.21811949941846,42.111677113304395,40.93911155235874,40.52111069182588,28.46002088300382,41.74420762921978,43.98284044044174,0.17647209410232814
2435,42.24497994266948,42.147428233182644,40.500562684366024,40.26903302552912,16.898533117550983,41.538447027782155,44.01068231094666,0.17657023682771839
2436,42.25106355029348,42.10891963313684,40.56044334264671,40.270565962794336,29.26765126093974,41.608205293961745,44.01676591857066,0.17657023682771855
2437,42.24454815552457,42.05875444468958,40.977216237828564,40.952476272376074,33.268112186978605,41.69221545028814,44.01025052380175,0.17657023682771847
2438,42.25596555268032,42.144765115571026,40.37749095063976,39.59993271350665,12.24612671504834,41.56166459066509,44.021667920957505,0.17657023682771855
2439,42.24687511152566,42.09661719094041,40.53757322619407,39.82217712143553,22.421213718350476,41.466586878383794,44.01257747980284,0.17657023682771839
2440,42.247125409251105,42.091176274018785,40.372069382956205,39.87576207773349,14.391443931803984,41.57465183049254,44.01282777752829,0.1765702368277185
2441,42.262949505769654,41.95853188611284,39.97973931064538,39.49472126819018,2.168803757785483,41.338109806330685,44.02865187404684,0.1765702368277184
2442,42.28532088401303,42.13402633842535,40.42849681606934,40.1158485379489,20.465084739678726,41.582167740857805,44.04083450800249,0.17555136239894562
2443,42.25697941609008,42.13009184475087,40.87237706216949,40.18991770489916,30.383270953933767,41.654419585641676,44.01249304007954,0.17555136239894553
2444,42.248361685940424,42.13013516579381,40.66313382062134,40.35624291195786,26.825887802083034,41.666743336074546,44.00387530992988,0.1755513623989456
2445,42.249926762379665,42.00785817324716,40.38177116716921,39.69316160745276,22.678831136584897,41.43150360058959,43.99214589333631,0.17422191309566384
2446,42.28713192037072,42.120945655245514,40.21369118817739,39.89796215343653,24.719597032327496,41.33055789408075,44.02935105132736,0.17422191309566384
2447,42.251828659464536,42.09321578522532,40.56248659471995,40.19575841045816,25.137305677965074,41.65214605704817,43.99404779042118,0.17422191309566404
2448,42.27445109273327,42.168756220521644,40.77061199108793,40.02265481264474,31.87885198555494,41.79515563713436,44.016670223689914,0.174221913095664
2449,42.267372254346185,42.12657299303622,40.37668477570257,39.95125255210725,26.522875416309983,41.620242433418575,44.0137732303553,0.17464009760091143
2450,42.2652016314446,42.04230120138928,40.651384452965836,40.01358935468773,27.342418117158424,41.56460515894355,44.02001884300231,0.1754817211557717
2451,42.263820947829366,42.018298803627374,40.49710599104156,40.10201915015024,23.43949158610865,41.39431293552059,44.01907750517814,0.1755256557348771
2452,42.27949193031973,42.088805562575956,40.27205162323461,39.83082296498426,11.122841436302764,41.59741884404806,44.0347484876685,0.17552565573487697
2453,42.26434487690073,42.1634163151671,40.95638773447676,40.29652524813678,35.399400613253924,41.57260202355572,44.018998874663424,0.1754653997762696
2454,42.274197864638076,42.10194138677059,40.352901459862984,40.038035812721255,26.14696321117591,41.56668104450145,44.02885186240077,0.1754653997762695
2455,42.28431808649924,42.15038129822129,40.58782463421873,40.069713832651686,16.619112350560094,41.524264175075544,44.05402797760595,0.17697098911067097
2456,42.297629347215825,42.1734707121256,40.16993290341109,39.45415281806485,10.07964747613115,41.46833393337478,44.06733923832253,0.17697098911067075
2457,42.25656819254436,42.09778156042018,40.880698676884464,40.24512142904143,35.503604092617095,41.657437799617526,44.026278083651064,0.17697098911067072
2458,42.28704474143522,42.07373833315062,40.51750498309611,40.21353600567704,24.829468530131813,41.52753381312867,44.056754632541924,0.1769709891106707
2459,42.26504180297897,42.051655505836514,40.25394248594961,40.086019060753635,8.97807532210512,41.310550730167826,44.03610065696827,0.17710588539893
2460,42.260907062762364,42.09974969819342,40.27658653481791,39.582838241788124,27.985426307671453,41.407660806181724,44.031965916751666,0.17710588539893005
2461,42.290195273299375,42.14143608145861,40.40595960483245,40.25824996602263,-5.2931725563895,41.481428450422,44.06125412728867,0.17710588539892985
2462,42.2733689276593,42.171297250335336,40.720533905580275,40.48844114604872,28.12417902946568,41.68470238328462,44.06958362359435,0.17962146959350492
2463,42.228869312410545,42.12793914461289,40.292488655953726,40.32164317038887,14.229453366607217,41.451932170411354,44.03222713589799,0.18033578234874487
2464,42.244599459524224,42.10161012032226,40.70504219462508,40.34648514948508,25.820867008062677,41.5065753655703,44.053903899754424,0.1809304440230198
2465,42.22065309868049,42.10237370112157,40.72359225584249,40.36004772345815,26.561779478484237,41.63940895054812,44.02995753891069,0.18093044402301986
2466,42.229290079584004,42.12509463344999,40.69044181048416,40.67744576111981,6.477262274090883,41.645218134845265,44.038594519814204,0.1809304440230198
2467,42.247691986602085,42.11029206965292,40.22348956449005,39.713714889142686,-9.861179865465573,41.51793402461763,44.056996426832285,0.18093044402301983
2468,42.2293060428722,42.042997956401074,40.04377481281618,40.17653814850729,17.473363419012323,41.46917278780268,44.03299114263535,0.18036850997631526
2469,42.24692882716852,42.09138362342613,40.2204437005868,39.660344208386284,21.548716887977463,41.414852452544324,44.05061392693167,0.1803685099763151
2470,42.23514254527268,42.07128655594266,40.52170130443173,39.947045845458085,25.929879482915446,41.57922543904468,44.03882764503583,0.1803685099763153
2471,42.24313027134727,42.115000739434414,40.53954938106198,40.41394556872884,22.226848770612197,41.54324850281277,44.04380000382587,0.18006697324786003
2472,42.20900572224491,42.08147374971467,40.88749007853869,40.23620416669758,32.13358525210606,41.68877380625456,44.00967545472351,0.18006697324785986
2473,42.20540351205135,42.07819700092617,40.215085026340155,39.994107935524944,23.390839841398268,41.52556828997264,44.006073244529944,0.1800669732478598
2474,42.22344759859509,41.942202849321674,40.32828991126927,39.5831590614357,28.645291073031807,41.38567322029038,44.01896199442765,0.17955143958325595
2475,42.212905854994446,42.02177959708343,40.1114603841008,40.05133613732041,7.900420334890036,41.60238494481453,44.00842025082701,0.17955143958325617
2476,42.22853677453286,42.08483815743039,40.42898588563544,39.984494625041165,28.797597422307355,41.6237516610371,44.02416598572757,0.17956292111947111
2477,42.22266254358352,42.10898695638172,40.26364012447922,40.274641844563966,14.19576133744506,41.553360522418316,44.018291754778225,0.17956292111947103
2478,42.24160266447122,42.06402913285535,40.59244504032041,39.95049344998162,30.28875321060874,41.64961457465044,44.03723187566593,0.17956292111947098
2479,42.19408613019813,42.00471736175662,39.9812647835451,39.441986419730334,11.235665058428197,41.427883255175104,43.989845797218976,0.17957596670208464
2480,42.223167572629954,42.083974872116485,40.352211859261544,39.15728182623483,31.700435086537464,41.549425084539415,44.01892723965079,0.1795759667020842
2481,42.21884530253003,42.067321046235314,40.235734291835705,39.53170001245861,22.21132776242365,41.42451191751323,44.014604969550874,0.17957596670208464
2482,42.21581529542022,42.12543075855099,40.214688003236674,40.10646629485499,9.701120721390353,41.5278726084713,44.01157496244107,0.1795759667020844
2483,42.228343128353735,42.07838236684032,40.583882016080636,40.51985272066327,17.896100800981213,41.54761284773912,44.024102795374574,0.1795759667020842
2484,42.207490431166185,41.92214606920472,40.73507598863932,40.16486201072374,33.493671224268084,41.55854845852584,44.002338087347674,0.1794847656181489
2485,42.22500501513262,41.96655341693009,40.40371542265328,40.17075174640208,23.27929347445843,41.6325017060818,44.019023009208304,0.17940179940756812
2486,42.2242206957305,42.12358344113628,40.640841958943064,39.99276673428182,23.56735309631108,41.616396271771606,44.01823868980618,0.17940179940756798
2487,42.23622259274747,42.13333374283989,40.78432359710121,40.52378554845282,28.102467705936427,41.720369709788386,44.03024058682315,0.1794017994075682
2488,42.208625766531114,42.011701331785055,39.794719584863074,38.78283757223547,8.100817701184894,41.20466186863379,44.002643760606794,0.179401799407568
2489,42.24044474967126,41.97245554868687,40.54041411953,40.275141138561224,30.034243264732396,41.578699970567186,44.03446274374694,0.17940179940756806
2490,42.23052898547294,42.11711985439856,40.807514003234964,40.37719735306938,27.714019475413743,41.792488845753795,44.02454697954862,0.17940179940756815
2491,42.25477935874908,42.11423213223913,40.33610058880842,39.326924159344436,30.651299059981017,41.611969248186384,44.048797352824764,0.1794017994075681
2492,42.215774596791995,41.95642813246549,40.72005508614881,40.136395927304264,22.08126042789378,41.370960747368514,44.009792590867676,0.17940179940756815
2493,42.2262217933978,42.14592734950741,40.51629880136271,40.657192024069396,25.93574243690733,41.71554499282159,44.02127167773216,0.1795049884334358
2494,42.21289113182819,42.000321856889464,40.046759692464825,39.68144958368022,17.083159175128145,41.244401653380564,44.00794101616255,0.17950498843343574
2495,42.225944066332985,42.09538266325707,40.63170070074311,40.32827517677341,27.182952219839212,41.540663233568814,44.020993950667346,0.1795049884334358
2496,42.22599140395471,42.00804282223559,40.57474324055899,39.86605613556263,31.587491299237197,41.41381183600346,44.02104128828906,0.17950498843343562
2497,42.219410856990784,42.04162174095428,40.77597856980079,40.10701060398224,31.12046113451285,41.55242072164643,44.014460741325145,0.17950498843343582
2498,42.225632543386226,42.038945338911574,40.52119516554092,40.12191375050198,29.13317550666077,41.574510280759384,44.02068242772059,0.1795049884334358
2499,42.22610535683898,42.115459662303756,40.785260640608534,40.767982517234195,31.107307566372477,41.740643630231894,44.018597013817114,0.17924916569781388
2500,42.2111829216488,42.03586117117234,40.26246294114134,39.63453551586614,27.872663402057597,41.38894596147297,44.00958535912553,0.17984024374767346
2501,42.22608919614852,42.05340800019733,40.49260448935881,40.13836846089046,30.523964412182053,41.530574363188386,44.02449163362525,0.1798402437476733
2502,42.22864974154228,42.075013107701885,40.2620662675742,39.474214624522716,8.984033291784677,41.4077436135279,44.02705217901901,0.1798402437476734
2503,42.225440684360095,41.993466662859305,40.66765919809176,39.71464727408549,27.60156890976244,41.44130897237355,44.023843121836826,0.17984024374767335
2504,42.219820915767855,42.11633809558289,40.521556567018386,40.00166207380476,24.52058443253225,41.71980039842234,44.018223353244586,0.17984024374767324
2505,42.22842501772029,42.10110829358518,40.291941576042646,39.757914282464384,11.096981308030877,41.29371295037424,44.02682745519702,0.1798402437476734
2506,42.191399700723274,41.947632284794885,40.12949842640325,39.635621356604965,26.1744787593511,41.36020685461963,43.989802138200005,0.17984024374767327
2507,42.20350085357729,42.00513560082501,40.4082503882853,40.14431281709032,15.44646025368893,41.353561197820454,44.00190329105402,0.17984024374767338
2508,42.22276564764017,42.10041970495592,40.64076878289352,40.310185327274866,27.685836887766616,41.59485472648977,44.04009152130335,0.18173258736631823
2509,42.219339744505525,42.01037239522388,40.60141771341607,40.129195976389965,26.212426294802917,41.40139185975114,44.040201256229416,0.18208615117238908
2510,42.21091139323856,42.00400112644821,40.43363914921424,40.19904908535385,25.274737620037186,41.41175736508205,44.03177290496245,0.1820861511723891
2511,42.19523848412793,41.986273924552414,40.610176226756906,40.20992839705944,19.368350671467574,41.3823648014079,44.01609999585182,0.18208615117238913
2512,42.21073902887282,42.04868603702452,40.50854156898448,39.513492084877456,29.618550535852897,41.43817121130375,44.03160054059671,0.18208615117238933
2513,42.19790719114088,42.10962997487477,40.6366855950642,40.4273833188636,19.384258914079656,41.51701609761926,44.01876870286477,0.18208615117238922
2514,42.200793287629175,42.07687853991808,40.56764330393433,40.32471953330689,21.564885210569386,41.611205358765744,44.02165479935307,0.18208615117238952
2515,42.189088976239226,42.05509168723844,40.555038276816425,40.253669667698716,21.492967160968156,41.591884594544105,44.00995048796312,0.18208615117238924
2516,42.20087631459137,42.05588203185353,40.64566067732889,40.3643712601049,26.892616642020187,41.575157651497136,44.02173782631526,0.18208615117238938
2517,42.21630624160525,42.07046993818799,40.79400940637124,40.03744145075991,34.42425331663431,41.709463673606685,44.03716775332914,0.18208615117238933
2518,42.2360216113498,42.0519116672549,40.39508344794593,39.818465548932245,26.10532252193302,41.360362793394245,44.0558018606442,0.18197802492944065
2519,42.23276266296668,42.11594295941558,40.65392800770427,39.97638124086704,31.070794777643318,41.67191729308904,44.05254291226109,0.1819780249294407
2520,42.207599288796665,42.11317336522697,40.499818388652706,40.03141884814506,23.5174603379275,41.65308854281021,44.02737953809107,0.1819780249294406
2521,42.20775590655185,42.10624831517711,40.118112306336215,39.79472493218455,16.666893039456113,41.67290029404434,44.02753615584626,0.1819780249294407
2522,42.21400466651011,42.07163583298109,40.34395123490385,39.450636428944286,31.613281798975013,41.45877409573893,44.03225093846717,0.1818246271957066
2523,42.20365933537098,41.9740657570628,40.346510526330555,39.99408370575461,23.633564815781355,41.442987237945815,44.021905607328044,0.18182462719570663
2524,42.20208002342093,42.041073381345164,40.694355303250674,40.32298330526022,25.64861430829131,41.62501853856824,44.01831302272056,0.18162329992996287
2525,42.2155514728682,42.08443945904229,40.269670715815025,40.02664951428542,-5.336386465418109,41.543962556416176,44.03178447216782,0.18162329992996257
2526,42.20119968248905,42.102823712598614,40.919721524286004,40.288107258920206,29.989410497852504,41.71378133559803,44.01859758269994,0.18173979002108911
2527,42.20212463977378,42.08855523519364,40.68918359659256,40.18732087305287,28.790785670170038,41.61732508885619,43.987899763382984,0.17857751236092065
2528,42.26680515112601,42.118312245769005,40.606870416559325,40.281648429386884,25.443719817703116,41.71314688886169,44.05258027473521,0.17857751236092076
2529,42.25219021391509,42.13634596927777,40.492720312677214,40.42068344844017,27.608505461009038,41.48143004550526,44.04057081312627,0.17883805992111823
2530,42.25466780246926,42.10048927047544,40.87944541996213,40.54740025819353,27.813631707992826,41.69297853474434,44.04304840168044,0.17883805992111804
2531,42.263056825570736,42.08553786811846,40.82049068583546,40.57453961748468,32.02147599922378,41.58503904609208,44.05061077264317,0.17875539470724305
2532,42.227957241071884,42.06975969419579,40.58805414477577,39.891616115101606,31.10942475844096,41.605294695075344,44.015511188144316,0.17875539470724294
2533,42.238144151850925,42.133474651450236,40.84654773647235,40.16196284937445,31.868792699099423,41.60512504119634,44.02569809892336,0.17875539470724308
2534,42.23978436967421,42.12999584284834,40.751362988569916,40.20355177562925,27.853945359609437,41.654085459677496,44.02733831674664,0.1787553947072432
2535,42.24394982795172,42.08891245074743,40.57048634440371,40.156315146328694,30.002699309193847,41.49535294287189,44.03150377502415,0.17875539470724308
2536,42.224883511442904,42.043761074799356,40.49793870490802,39.6009730887816,31.117185757772784,41.20529321737821,44.012437458515336,0.17875539470724303
2537,42.25947851088614,42.148443237448326,40.76949873176013,39.85322682225579,30.664171422023635,41.72289194697233,44.04703245795857,0.17875539470724308
2538,42.24328695118658,42.03962681099641,40.49921557616987,40.157077273568184,14.552829886792285,41.61258365512556,44.030840898259015,0.17875539470724297
2539,42.23068171728465,41.99386615029165,40.44909188980488,40.08234956675578,23.50495532872138,41.38490657402934,44.01823566435708,0.17875539470724308
2540,42.23424516323624,42.04658449038708,40.51312177499597,39.83587179585404,16.857555976133774,41.32567019011075,44.02179911030867,0.17875539470724308
2541,42.239833574680596,42.12308816668673,40.44331676445441,39.93582634031885,26.223473391131932,41.77094076775114,44.02738752175303,0.17875539470724294
2542,42.24970652720968,42.053023599016626,40.44094601652106,39.73160482214517,27.749162829367435,41.477351722542124,44.037260474282114,0.17875539470724308
2543,42.24706853074291,42.096007830415616,40.473418045486774,39.56046266405747,28.790858601814243,41.61301368575434,44.03462247781534,0.17875539470724303
2544,42.23701157278883,42.1210039135789,39.847397591506024,39.04747507045951,21.35000402103176,41.36891262518172,44.02456551986126,0.178755394707243
2545,42.24017687152812,42.14035611853291,40.54692939949657,39.59766489656057,28.878450232237242,41.483907575798256,44.02773081860055,0.17875539470724305
2546,42.23710293605639,42.06211661045304,40.75742805774062,39.98714665424382,33.39016387000566,41.52176586989685,44.02465688312882,0.17875539470724294
2547,42.23993541345802,42.02159133775454,40.59223301503066,39.77185014335002,26.117973081140686,41.46382164815162,44.02748936053045,0.17875539470724305
2548,42.26272357867219,42.152904936350886,40.91875350544068,40.19565461176206,32.327036175639236,41.670249401277125,44.0495003610996,0.1786776782427412
2549,42.22212504536559,42.065372696506934,40.61409151641641,39.94532058221289,29.364633626492807,41.67021529919297,44.008901827793004,0.17867767824274133
2550,42.240301704907175,42.079051599092885,40.525013761462304,39.94407963585433,31.85454453571964,41.53588450567089,44.02811293241972,0.17878112275125438
2551,42.28369195724,42.12245620813169,40.431758142361595,39.8869506212635,24.44403102827797,41.47256000917394,44.071503184752544,0.17878112275125438
2552,42.22543169376826,42.12225435157834,40.588338498478194,40.15422288846608,29.86301452274925,41.638369962795494,44.00886568635376,0.17834339925854986
2553,42.22884494641105,42.11662511846953,39.97796647340012,38.583941475410256,21.996848302071395,41.5861469621174,44.01227893899655,0.17834339925854997
2554,42.226259474358834,42.065396598798586,40.51649855903783,40.44302557044447,27.42890208325191,41.56675640268777,44.009693466944334,0.17834339925854983
2555,42.23686819020822,42.04233943206818,40.21348379512095,39.282291167437066,26.73528752553128,41.37751374065287,44.02030218279372,0.17834339925854986
2556,42.2511919233473,42.13769935761552,40.607960482213,40.375674550328824,20.59273649474456,41.73693921533545,44.04291688601484,0.1791724962667534
2557,42.23032706891404,42.14443557763862,40.53829220338569,40.0414638491958,26.58005237504565,41.66821546370051,43.98223365988953,0.17519065909754888
2558,42.25850644300831,42.076791794405146,40.5406142533454,40.14998418239122,27.615256869930775,41.63904633919506,44.010413033983795,0.17519065909754886
2559,42.24306906770231,42.1587722730322,40.41884783491057,39.6496295599624,27.430070113759882,41.58835222204499,43.994975658677795,0.17519065909754888
2560,42.258338113792426,42.10309405155348,40.637615794940636,40.24501364690245,27.193472449579623,41.40341478056947,44.01024470476791,0.17519065909754875
2561,42.244451268021656,42.14660908621956,40.657596745840685,40.26173035444484,31.379372167003254,41.68932013780671,44.000755479859016,0.17563042118373615
2562,42.267322268275876,42.14025785892141,39.93219691287981,39.49975362171415,8.106301760829552,41.6191347308779,44.023626480113236,0.17563042118373606
2563,42.22577331713385,41.98464752427047,40.84937346858878,40.472948498147055,31.1065234878561,41.45513432462177,43.98207752897121,0.17563042118373584
2564,42.252836534417426,42.04993454446748,40.31921164818987,40.09870901589054,20.74403993282757,41.510672999121724,44.004845454692145,0.17520089202747155
2565,42.280846788610454,42.15810295504194,40.568496045187054,39.85663150120517,21.804748341990525,41.56086969105994,44.032855708885165,0.17520089202747147
2566,42.241348650629774,42.15851311776621,40.46538726317807,39.30122628086652,28.14529238734604,41.444814306852294,44.00693021473607,0.17655815641062994
2567,42.22465069962716,42.05812232373709,40.91902903227861,40.57279637860489,33.16824956124738,41.50948904802885,43.99023226373346,0.17655815641062983
2568,42.25953966586531,42.10399846137201,40.76382400378102,40.54924401821737,0.6426444839588115,41.617439774518395,44.02512122997161,0.17655815641063005
2569,42.24596171263678,42.1181308814893,40.04977762267108,40.14700481460289,-10.484590659063521,41.5299985724215,44.011543276743076,0.17655815641063002
2570,42.237381728483015,42.122439934476354,40.72200791888739,40.33672466878368,22.3977060180898,41.48094621923393,44.002963292589314,0.17655815641063
2571,42.25020514971445,42.14175205625648,40.53092210546876,40.251101182723076,8.202179947361664,41.71002711277103,44.01578671382075,0.17655815641062983
2572,42.22252905707413,42.02453978478938,40.284951591785415,39.63637117871035,29.47533997989401,41.39122228696443,43.988110621180425,0.1765581564106299
2573,42.26241137789448,42.06515756809601,40.61410151649084,40.152528019932014,21.319816299040554,41.512549064145944,44.02799294200078,0.17655815641062997
2574,42.231917556914986,42.122771210550226,40.564486333220664,40.0028752999076,24.932934630841295,41.575421378440765,43.997499121021285,0.17655815641062989
2575,42.27851733607891,42.15389875765115,40.64324975800616,40.20903171190531,28.615933597437998,41.60605658703638,44.04409890018521,0.17655815641062994
2576,42.252825125874175,42.10423892571888,40.5452026053659,40.128400690787615,29.0546172250328,41.43542104534258,44.01840668998047,0.17655815641062983
2577,42.237096034571856,42.158061529167554,41.079565938279494,40.35949352365652,32.41654261628636,41.784614315469554,44.002677598678154,0.17655815641062989
2578,42.285889722550415,42.0472117152683,40.378330291630824,40.03333704279174,28.995532878636368,41.56902112145369,44.05030638574545,0.17644166631950345
2579,42.24253942605417,42.095310953298814,40.39685007834677,40.01764856118476,27.29195048556869,41.50142651514068,44.00695608924921,0.1764416663195034
2580,42.24229860602651,42.04873262952259,40.35154785302111,39.90725544053673,26.296762694848166,41.48320681859812,44.006715269221544,0.17644166631950342
2581,42.250991854484056,42.11050790389019,40.72446769316121,40.267781629058206,31.203210813401228,41.54994065230174,44.01540851767909,0.17644166631950345
2582,42.2415647865227,42.06682478141383,40.382292532479404,39.90110463903192,27.063644015461747,41.360708508571676,44.00598144971774,0.17644166631950356
2583,42.261430354475316,42.117194849230515,40.8639275353427,40.18279405316929,33.24305485702197,41.65281492807411,44.02584701767035,0.17644166631950356
2584,42.236461148922785,42.08187022775693,40.674609854428155,40.03945986638991,26.32007463105647,41.55247253242631,44.00087781211782,0.17644166631950325
2585,42.221588003063424,42.086897924717874,39.970844505812266,39.58152585632036,-7.945875690562019,41.5529118787378,43.98394743446132,0.17623594313978938
2586,42.23920298877547,42.09408107991532,40.63975580637598,40.03229457841493,28.52533078194103,41.66864098757321,44.001562420173364,0.17623594313978944
2587,42.24847289580201,42.120712348675475,40.61139057647669,40.40312239515741,23.42596314125938,41.487502677231376,44.01083232719991,0.17623594313978944
2588,42.226279648374266,42.00647377373445,40.10110467463528,39.48121476682731,14.213598071706063,41.31875185909037,43.98863907977216,0.17623594313978946
2589,42.23683430550933,42.07567362939541,40.07424844056672,39.57415673885117,22.71059989085823,41.54187460575638,43.99178063449422,0.17549463289848852
2590,42.218154905410294,42.02326385439161,40.49899816474413,39.87012760996125,25.378658175914268,41.60618615257915,43.97310123439518,0.17549463289848843
2591,42.22187607152637,42.093830445788555,40.67310513198835,40.34153368254455,28.454007687562815,41.597132179052664,43.97682240051125,0.1754946328984886
2592,42.21475653545506,42.11312908870899,40.94147662556898,40.34554094216331,33.45282867207149,41.706280323814354,43.96988886971124,0.17551323342561806
2593,42.221373394198956,42.0888163563177,40.28607212695112,39.82247434992932,23.960100953438918,41.52099288957516,43.97650572845514,0.17551323342561817
2594,42.209595883144274,42.07331228667975,40.72408819913951,40.26232749898723,20.51228470832596,41.540000189027,43.964728217400456,0.17551323342561823
2595,42.22574033264278,42.01241066024867,40.77665317407954,40.062015686249005,32.21161567749555,41.61024168682344,43.983349281486056,0.17576089488432778
2596,42.221941257661555,42.025494405735394,40.58643594071398,40.20076600914215,31.127190962426845,41.526182024527365,43.97955020650483,0.17576089488432803
2597,42.212964327550125,41.951444838514064,40.315369600352156,39.38070880834313,22.31718812552873,41.16270186912304,43.9705732763934,0.175760894884328
2598,42.219328072566405,42.118574555508566,40.372347321489784,39.570604958504276,30.535224903022197,41.696716275543224,43.97693702140968,0.175760894884328
2599,42.2319808947967,42.09020261918108,40.1789246200211,39.64787678148822,29.345139543193504,41.57678473384431,43.989589843639976,0.17576089488432797
2600,42.21608773262739,42.077723663740095,40.72336075136072,40.279082696404686,31.380507830996713,41.592929149674944,43.97369668147067,0.17576089488432792
2601,42.21833668628012,42.0716932037308,40.587107891621145,40.25399190301873,22.36461334494667,41.62580625766458,43.975945635123395,0.17576089488432783
2602,42.20476756789966,42.027872516167115,40.75064357637167,40.08882791494587,33.21368835064438,41.5271182651485,43.967995857209985,0.1763228289310326
2603,42.228974009014756,42.081881320347044,40.724720177704405,40.41934154104084,27.67294830729709,41.705676739303115,43.99220229832508,0.17632282893103274
2604,42.213754706366046,42.014087363134394,40.23627444383459,39.68725383586582,22.923356372650534,41.608063585001375,43.986394971364675,0.17726402649986278
2605,42.2542166515934,42.09828277268114,40.54338235105705,40.23868858841966,27.695893948676797,41.363138137580876,44.02685691659203,0.17726402649986267
2606,42.207117961719156,42.11933109043266,40.46906013062776,40.23404800993417,27.506451405284547,41.63881533385815,43.979758226717784,0.17726402649986253
2607,42.20385549156821,42.11133143753675,39.99817135903516,40.24187024500156,-12.475236989760809,41.64945145139605,43.97649575656684,0.17726402649986253
2608,42.19818115704085,42.067196273763386,40.78445370423159,40.33775031662334,32.83536344460995,41.618998390691544,43.97082142203947,0.17726402649986234
2609,42.225191519001875,42.106130449627855,40.64554135435716,40.116068902365114,29.446559161662265,41.82961231728329,43.9978317840005,0.17726402649986253
2610,42.210251079795746,42.047468649442905,39.6540475266478,39.40695337770749,-13.475106143790825,41.47606304894798,43.992583508613336,0.178233242881759
2611,42.18216419496356,42.084157297269826,40.85928143448457,40.37548541029579,31.40367157557946,41.59955930964982,43.96449662378115,0.1782332428817593
2612,42.17931391229886,42.07047405320408,40.452081668426885,40.39264535206608,6.859996681534348,41.59749642328717,43.95519694325209,0.1775883030953231
2613,42.18886084491476,42.100226627792054,40.20430754919977,39.570868429242154,23.097842341355687,41.60628791299864,43.96474387586799,0.17758830309532306
2614,42.194788202911205,41.967847121089555,40.387853974007896,39.802460922769555,23.385925618599998,41.314028517223775,43.97067123386444,0.1775883030953233
2615,42.20097686674416,42.0628920177173,40.297051788380045,39.46509146723646,24.205412561238646,41.32548221119765,43.976859897697395,0.17758830309532309
2616,42.19156684166058,42.010102413330145,39.84983166940408,40.00212569218342,-16.337382168786775,41.41182586076775,43.96744987261381,0.17758830309532336
2617,42.23877726717775,42.07248678882597,40.58143548740408,39.784039908018165,30.866418802959135,41.43123427969303,44.014660298130984,0.17758830309532314
2618,42.188858693993225,41.97062852380091,40.54398842138541,40.254500649954544,27.542253476185888,41.49987239595846,43.958716129085715,0.17698574350924878
2619,42.21915294558831,42.06218617174015,40.30740852133441,39.56465104488967,30.214207591667794,41.35136409112356,43.9890103806808,0.17698574350924878
2620,42.2037615686401,42.07532495620454,40.23595809673027,40.13823434020635,-13.357737128226745,41.415751369097485,43.97361900373259,0.17698574350924892
2621,42.21589686633709,42.06004965049558,40.01371452853416,39.43292466473142,22.2649034081857,41.3653792482405,43.98575430142958,0.17698574350924898
2622,42.219336931411846,41.993655303928755,40.41228515514366,40.239783077233426,8.04101077246893,41.560233835194055,43.989194366504336,0.17698574350924887
2623,42.18311759457126,41.95378717091703,40.1491797098023,39.71388821061801,12.97033954535635,41.34612926854645,43.98991740329986,0.1806799808728606
2624,42.173139855507976,42.03940296956042,40.65996478230572,40.26220378301618,22.290759975468188,41.57057620107854,43.97993966423658,0.18067998087286052
2625,42.169504853794116,42.07055376702629,40.347541969613005,39.69511574876387,16.46550790463487,41.61094297647163,43.97630466252272,0.1806799808728605
2626,42.15221827986943,42.08004414825529,40.82576159017389,40.12824656638305,31.637699534456637,41.62090618909385,43.959018088598036,0.18067998087286058
2627,42.17924190115975,41.86954312778032,40.2250201594389,39.30741736982022,26.372071146502066,41.19961039403978,43.986041709888354,0.18067998087286039
2628,42.1673153642287,42.03510325579807,39.95546410407246,39.91214410351171,4.401476537296432,41.49927131522165,43.974115172957305,0.18067998087286052
2629,42.16125002920256,42.04359571910693,40.40904517854728,39.80767656535524,25.031889902046622,41.41249664162174,43.96804983793117,0.18067998087286039
2630,42.16771865894553,41.95673272087077,40.281774829548475,39.53468391934972,25.053040464817663,41.30209887257871,43.97451846767414,0.18067998087286055
2631,42.192386400706816,42.06253657559456,40.21724823667476,39.60587352272185,26.24456682070974,41.18471248140048,43.99918620943542,0.18067998087286027
2632,42.17829591212087,41.97329229475991,40.45914359277095,40.3172375559749,21.774217934010895,41.509997609121385,43.98556602453126,0.18072701124103888
2633,42.17584849130381,42.0005206570092,40.874873153655535,40.37120036748879,33.18233031496736,41.38752461258443,43.983118603714196,0.18072701124103882
2634,42.159402389544034,42.02395594216256,40.419318289063064,39.910470804333926,27.04666245339112,41.51736371574242,43.98626858388931,0.18268661943452788
2635,42.149981301581434,42.04103920425439,40.63790112405151,40.34922996836642,31.139851221747712,41.508185357718055,43.97684749592671,0.18268661943452794
2636,42.144310055013925,42.02862266709627,40.57221447377628,40.2129017241882,28.897811859281163,41.508831281307494,43.9711762493592,0.18268661943452796
2637,42.141237348538574,41.984012508797726,40.32163972981872,39.807389083083926,17.151432605810065,41.325607414089674,43.96810354288385,0.1826866194345278
2638,42.14448857942515,41.974758846982574,40.01639297339911,39.6288255965521,8.040725276654918,41.15922717707247,43.929624330333716,0.17851357509085652
2639,42.18097305105314,42.03308784207882,40.5616940500525,39.59199937959693,32.18180958183528,41.430738389172134,43.9661088019617,0.1785135750908565
2640,42.165778041937116,41.95612263216227,40.26466925592291,40.18526922290681,1.4420337905288818,41.39369956793496,43.95091379284568,0.17851357509085658
2641,42.183664763937365,42.0507965519604,40.00331803401143,40.11610445982019,2.468349975307042,41.36426592862167,43.96880051484593,0.17851357509085647
2642,42.18172769333147,42.0284308120843,40.322511066541594,39.769458289408384,28.11847943371482,41.56489647777566,43.96686344424003,0.1785135750908567
2643,42.184590171305416,42.00685245725501,40.40289432298177,39.95057530965087,26.576789016308553,41.48762011293646,43.96972592221398,0.1785135750908565
2644,42.209225191233614,42.080409346560415,40.780280276121196,40.4808941499567,30.355343641091693,41.57214706528639,43.99436094214218,0.17851357509085647
2645,42.21002157837188,42.05820190522533,39.89742579219779,39.54842173144408,26.439247889815565,41.424885037886455,43.995157329280445,0.1785135750908565
2646,42.20677233899667,42.081002307525715,40.90304622283262,40.71355201350344,33.52459830486704,41.621303723564495,43.99190808990524,0.17851357509085652
2647,42.169606680568364,42.00862849897671,40.24004448747186,39.74380176771775,23.498135993278538,41.53970217487057,43.930692537143464,0.17610858565750967
2648,42.20193581047897,41.94839194053398,40.63222783371076,40.57619575983035,28.734661928834527,41.462735908830226,43.970434769467076,0.17684989589881048
2649,42.200085874195594,42.11320543783725,40.85664942690906,40.79846360211418,26.898502309950462,41.688768843573214,43.9685848331837,0.17684989589881037
2650,42.20898569182548,42.06675920644684,40.6763889816507,40.038338341206696,31.220185293481848,41.50247287316921,43.97456104100421,0.17655753491787246
2651,42.20283953575097,42.13270580593752,40.250260230637664,40.068311169732226,-12.723435085783116,41.620396938452274,43.96841488492969,0.17655753491787265
2652,42.19951399304219,42.04762635956765,40.56048251569288,39.94517244389756,33.014696651700795,41.454289967805565,43.965089342220914,0.17655753491787238
2653,42.19160552643892,41.96893597933779,39.97233047978876,39.4424033593579,23.591433973962246,41.39470049118061,43.954782042698625,0.17631765162597043
2654,42.195780871169745,42.106048287796284,40.46530148858962,40.1224754553133,27.508359124274,41.518981958259886,43.95895738742945,0.1763176516259705
2655,42.17648091151933,42.038125761691575,40.69371883942209,40.33365816936303,27.765057855967914,41.57619406887969,43.93965742777903,0.1763176516259705
2656,42.20980708350883,42.077681280243574,40.3467868692177,39.984148842121456,19.29477238689636,41.63252629798255,43.964931423732665,0.175512434022384
2657,42.22646583085006,41.9705752698021,40.68718554605678,40.3207322363423,24.950832010748407,41.311899553290004,43.981590171073904,0.17551243402238415
2658,42.21960445152475,42.14886927058533,40.513084989525844,40.09519879417781,23.970890489816785,41.81412733501351,43.97472879174859,0.17551243402238398
2659,42.226125578125334,42.123464903325015,40.67792608818911,40.61369337661749,23.784826544676378,41.739477876381414,43.97876872007189,0.1752643141946555
2660,42.23124110560156,42.089964992683996,40.265728143136066,40.13655229407003,15.526391522417967,41.517433829281636,43.98388424754812,0.1752643141946556
2661,42.260570393156364,42.13969022043611,40.662902563466375,40.02487707930982,28.86170110924461,41.741663443794266,44.019018488827975,0.17584480956716114
2662,42.220341505143345,42.086352653320986,40.78044806860719,40.736591978167155,30.983917753866294,41.61186538411587,43.978789600814956,0.175844809567161
2663,42.24727064633279,42.07711784691293,40.05846537256162,39.39798521458572,17.631709111680262,41.50763136111103,44.0057187420044,0.17584480956716103
2664,42.24448793770195,42.09922780305552,40.47304144539647,39.7012230721471,32.17839745735617,41.467364249153334,44.003765695479366,0.1759277757777417
2665,42.22824908681449,42.1470136573068,40.47237550605076,40.25240980077051,-14.613200483549676,41.677634864886635,43.98752684459191,0.1759277757777418
2666,42.222105227155936,42.0444385021288,39.74344934431737,38.74608825393175,13.390509130249711,41.37542561957301,43.9910060834432,0.17689008562872674
2667,42.26042422983428,42.12286647159825,40.44282627172978,39.72429996841007,22.772424489259098,41.47209092211999,43.98391080356561,0.17234865737313296
2668,42.23958123471934,42.15648866185095,39.478364500734585,39.5690457942789,-1.928756893683456,41.55886127094392,43.96306780845067,0.17234865737313276
2669,42.25507212170736,42.13803539354,40.51461892816196,39.69019907607659,27.561175423223958,41.61401484811925,43.978558695438686,0.17234865737313268
2670,42.26897263777232,42.17390184862832,40.39060566637085,39.57453994769219,22.209142493934458,41.473503602164655,43.99380817438624,0.17248355366139193
2671,42.25114166793997,42.07308449099365,40.18538829293713,39.771395595696845,14.604371629777265,41.59276007274514,43.96608286508471,0.1714941197144736
2672,42.278406769342055,42.201495879834816,40.44203339735206,40.212592541207414,-0.6166018898762644,41.80602502638227,43.99018568882663,0.17117789194845698
2673,42.279185319674426,42.123757204899164,40.4752920718855,40.20116031889262,8.054476827251506,41.515909671286636,43.99096423915899,0.1711778919484568
2674,42.26063775195482,42.15899752153673,40.508959967648146,39.871929201782166,29.095434598920797,41.4481777325006,43.97241667143938,0.17117789194845673
2675,42.28198077676191,42.12536655115927,40.70896778494893,40.793339491360136,21.62340486107333,41.76664490552621,43.99375969624648,0.1711778919484568
2676,42.26154085706584,42.117534317666205,40.400431823253236,40.05645240527534,5.790577268186993,41.66545550824764,43.97531552328051,0.1713774666214668
2677,42.274984773424265,42.14388614619861,40.52354611504462,40.33704248441046,12.522244411259894,41.43993921819276,43.97502816619541,0.17000433927711395
2678,42.32763738484474,42.206296193550166,40.61982337772659,40.7035571904627,7.048044183560762,41.794938708770836,44.027680777615885,0.170004339277114
2679,42.318966643235875,42.09645319100349,40.56755660154342,39.67089419962313,28.570002045271337,41.6315250608493,44.01901003600702,0.17000433927711417
2680,42.30332652556936,42.106039576930804,40.1717925672444,40.55925271686072,-5.307747406888829,41.50999219557273,44.0033699183405,0.1700043392771141
2681,42.2913102544061,42.162526364474175,40.29900232679363,39.96668408379113,15.02971609338713,41.42267811223469,43.94102196688614,0.16497117124800376
2682,42.30395468404286,42.1643610797938,40.640785558350935,39.545219177523606,32.180408655875866,41.569896632611915,43.95366639652289,0.1649711712480035
2683,42.31085679290776,42.18755912158439,40.94166166670696,40.73131042872985,27.919549708977698,41.83441055930976,43.96056850538779,0.1649711712480036
2684,42.29508095180536,42.15735992368426,40.55343062992695,40.138739322656896,14.711561347209983,41.677433888319314,43.944792664285394,0.16497117124800367
2685,42.31350326818247,42.143891822465164,40.62859098851095,39.564150585995655,30.8859652543495,41.65812271945698,43.96321498066251,0.1649711712480037
2686,42.305344850930176,42.16457073544063,40.65691561259742,39.93234715401088,32.19976954578762,41.634995689548916,43.9546605056899,0.16493156547597274
2687,42.28896403423709,42.11230606522687,40.417331470036885,39.56782205904002,23.654858779166513,41.46770993270508,43.938279688996815,0.16493156547597268
2688,42.29499484005962,42.10632783612616,40.40995083433106,39.55056638236512,24.77626245139628,41.55694033913434,43.94431049481935,0.16493156547597274
2689,42.281019562874704,42.206419054588075,40.60737892993309,40.42892017233724,17.022443068151517,41.72830421763752,43.92292211522142,0.16419025523467168
2690,42.29991261891114,42.14410506755245,40.7639085230544,40.07078139566754,30.815819159002938,41.608999886214576,43.94181517125786,0.1641902552346718
2691,42.2844563905954,42.16725416346565,40.77338822687906,40.563085517707165,32.33544938703865,41.617509265171904,43.92635894294212,0.16419025523467187
2692,42.2970994811876,42.14029769151595,40.74319358152117,40.67803484640613,26.039060078120105,41.659691894344434,43.93900203353432,0.16419025523467193
2693,42.28758092430396,42.0876351803716,40.93901741372712,40.83143919435625,29.714640157392303,41.60698856816161,43.92948347665068,0.16419025523467198
2694,42.275486028516966,42.14344774050969,40.20022817924298,39.59006525840772,-1.684738342352972,41.672173260272245,43.91738858086369,0.16419025523467196
2695,42.318440204608955,42.19381318614964,40.412184688512504,39.97371422482986,27.47608403181709,41.604994732276815,43.960342756955676,0.16419025523467187
2696,42.30535526163884,42.18832139950624,40.59647615862171,39.90386467134967,31.33564894890774,41.477134809798734,43.94725781398556,0.164190255234672
2697,42.319171156549096,42.17801507288659,40.79093758868179,40.43865045882427,0.3498194132341368,41.634816438648116,43.96081666931754,0.16416455127684415
2698,42.30952460371582,42.18491491137624,40.491915553315124,39.88225844911378,21.456831855160637,41.52358037491042,43.95117011648426,0.16416455127684418
2699,42.28176781960771,42.15130989324158,40.56304430919243,39.925600809593234,29.084977415339743,41.69037575130052,43.92341333237615,0.1641645512768442
2700,42.29635674621709,42.04127688352134,40.63699016786923,39.72531701157313,32.47284264735971,41.49842597673734,43.938002258985534,0.1641645512768442
2701,42.29642126779815,42.12207110691539,40.8048779524587,40.04236621750736,26.180639496172322,41.82502111624055,43.938066780566594,0.1641645512768443
2702,42.294346262136074,42.203194151938646,40.80803536357185,39.943364002612945,31.11309315618122,41.725211382776436,43.935991774904515,0.1641645512768441
2703,42.30364615349091,42.18169572626196,40.70148800740739,40.2147558950381,29.06176023626928,41.81978474519843,43.94529166625935,0.16416455127684426
2704,42.290570549129605,42.182693067727115,40.73098251071251,40.30470426592928,31.5958763375463,41.65228525042917,43.932216061898046,0.1641645512768442
2705,42.2879944233148,42.170488517173006,40.59771900114109,40.051735924122745,26.199229425454725,41.36294610258693,43.92963993608324,0.1641645512768442
2706,42.27888472164166,42.10949081507855,40.760006953518115,39.95756797379799,28.74140549005257,41.575752995336735,43.9205302344101,0.16416455127684407
2707,42.29408740000939,42.17229097463434,40.13802840052123,40.119512629895354,-9.153451677213525,41.47120274812302,43.93573291277783,0.16416455127684437
2708,42.304198148995646,42.13116244936037,40.51237809171446,40.09165229330416,22.306686803218792,41.87745751827083,43.917281956334904,0.16130838073392603
2709,42.31546707413227,42.20300758234905,40.85450806839581,40.46733811112344,31.84873759035676,41.61996239713619,43.92855088147153,0.1613083807339259
2710,42.31254303218059,42.104644005088694,40.762453843326014,40.18233354919269,30.96555264937782,41.64797116640913,43.92562683951985,0.16130838073392573
2711,42.33873019510957,42.236128893558735,40.76490502558086,39.916933598823164,30.977378474514918,41.8352147073542,43.95181400244883,0.1613083807339258
2712,42.338407671438375,42.2294320172489,40.52440627657747,39.61288986941328,21.967526244978558,41.51792786779957,43.95149147877763,0.1613083807339259
2713,42.32603025833498,42.12099739784431,40.57783287246487,40.443519353125424,27.394940892032306,41.57490362128078,43.93911406567424,0.16130838073392578
2714,42.34127480373382,42.202788134680866,40.64514485365857,40.22929674284629,26.577375615142735,41.509016979211395,43.954358611073076,0.1613083807339259
2715,42.301058218693726,42.11857027905144,40.55689512886122,40.1654762133923,22.243928304989076,41.539799272910976,43.914142026032984,0.16130838073392598
2716,42.35733215852,42.16064184908957,40.714458146357686,40.37571827223072,23.420206942220933,41.62001512685668,43.938252429778764,0.1580920271258759
2717,42.35506140428429,42.22076443569198,40.49472567145198,39.882118018407766,15.773060167581672,41.505673199646814,43.928395899792754,0.15733344955084652
2718,42.37895243053501,42.11996673897653,40.779878466956966,39.92653896791539,31.703183587252852,41.70985604402131,43.96044763292053,0.15814952023855158
2719,42.33829662998109,42.19319754215965,40.30979668607872,39.46841989824153,24.521071941492046,41.76774884575511,43.919791832366606,0.15814952023855175
2720,42.36910343792134,42.208665729569596,39.921563098990376,39.67611516074301,-17.698606200643425,41.42754336804129,43.937745485164974,0.1568642047243638
2721,42.351355016337926,42.274094724363785,40.79816509714757,40.36200361064603,29.75235495129538,41.96370555088747,43.91999706358156,0.15686420472436377
2722,42.36077773082156,42.2616268896077,40.83464480160243,40.56568856544088,29.899965895775445,41.868958690735965,43.929419778065196,0.15686420472436371
2723,42.35620071188026,42.2800235819762,40.13464026232966,39.53276875163432,15.686686053568494,41.566410216399895,43.9345032679138,0.1578302556033537
2724,42.35693774782898,42.26759865802619,40.651556237798566,39.48728392415488,30.883377062937953,41.59149270422928,43.935240303862514,0.15783025560335368
2725,42.357569268718166,42.22681299944829,40.744805732973184,40.3203010772579,31.859616470040187,41.78254898758422,43.9358718247517,0.15783025560335362
2726,42.365921279967715,42.22074114685453,40.79399706075145,40.14730478734039,31.19907675602739,41.73023738459986,43.94422383600125,0.15783025560335354
2727,42.357960658812935,42.24480175140632,40.68829024757556,40.02861418342527,31.50593397273139,41.45366718317323,43.93626321484647,0.15783025560335362
2728,42.351404510952676,42.28264067002246,40.91962478555095,40.42052583577129,30.238305047954356,41.64295660257477,43.945964301076536,0.15945597901238565
2729,42.33446499696796,42.20392327565641,40.29581616419232,39.356943176305975,29.055399325432898,41.60409263569081,43.92902478709182,0.15945597901238567
2730,42.32211154619714,42.239294208632195,40.775897278079576,40.34526313343816,27.290440454294515,41.78231223034963,43.916671336321,0.15945597901238567
2731,42.34917146138938,42.19158853394616,40.465868073947114,39.89952376860335,29.556266521329107,41.42564645059859,43.95783703116971,0.16086655697803268
2732,42.317622292185746,42.20384499064491,41.15655097724771,40.914136209684386,31.476345137543568,41.86242995651608,43.926287861966074,0.16086655697803262
2733,42.34283369862861,42.22773440846031,40.75125821025939,40.26661300988901,23.46611552310887,41.77795572203213,43.93607523201391,0.15932415333852995
2734,42.34065132332218,42.21058135191683,40.378061010409844,39.57933227537307,22.336468935428755,41.63250505996258,43.92961131352487,0.15889599902026935
2735,42.31238395416975,42.12209241964317,40.49108324210087,39.52311772656669,31.512845099825423,41.400972453274875,43.90134394437245,0.15889599902026932
2736,42.34115355379041,42.19070732773539,40.014047017666414,40.08829870704122,8.178014290282256,41.554332403896325,43.93011354399311,0.15889599902026944
2737,42.34050021411853,42.25126142894366,40.75371451473561,40.652995309506416,8.417969862103789,41.814426744978576,43.929460204321224,0.1588959990202694
2738,42.34144132686529,42.135161525589524,40.84335292360566,40.343814824722614,32.67336774321392,41.779567459361644,43.930314371776426,0.15888730449111416
2739,42.3322546597833,42.187458433709274,40.61148473037421,40.1950940315597,15.025887255266603,41.69897954018732,43.92112770469444,0.15888730449111402
2740,42.33199507894366,42.14350792255112,40.44127191421962,40.00260209930831,27.625192368594238,41.52597194333415,43.9208681238548,0.15888730449111407
2741,42.32002857097597,42.05294606099159,40.51664503653571,39.84057404867194,24.182408443006317,41.50755928139016,43.90890161588711,0.15888730449111418
2742,42.3392035443448,42.24616163739317,40.745958645464746,40.274776481800146,27.701244021792018,41.717529990515985,43.923761392584254,0.15845578482394562
2743,42.33537821858859,42.16069892381686,40.176271273428085,39.25467539658226,23.080689207452124,41.5557187991929,43.91993606682804,0.15845578482394576
2744,42.33308210272958,42.2614704569647,40.61021615721155,40.797749689098346,21.934844457678235,41.735736561040255,43.91763995096903,0.15845578482394548
2745,42.34266461421311,42.22122497582906,40.64107863498788,39.80344621579889,22.69526026079756,41.6728395920272,43.91491977474445,0.15722551605313323
2746,42.33961491282749,42.203573119168716,40.82637887789101,40.28646951433481,30.05256116289165,41.580216327418306,43.91187007335883,0.15722551605313329
2747,42.340217366716,42.09612278198195,40.313708049474016,39.463319982336685,21.906099422158356,41.669180820216496,43.9143734841175,0.15741561174015004
2748,42.36263798838608,42.223921656558346,40.48562717881727,40.247310794023406,21.911181855578025,41.641446120085504,43.936794105787584,0.15741561174015006
2749,42.34914528579996,42.20258215502356,41.07388164830695,40.68946297732892,27.32342203724847,41.84788625879152,43.923301403201464,0.15741561174015006
2750,42.32200915092383,42.22455999668584,40.216716022491084,39.66446644149452,28.494082024366424,41.40601087770841,43.89616526832533,0.15741561174014987
2751,42.34593592976309,42.1249261548612,40.718054750539835,40.16286046588937,27.777905239748627,41.627948623560954,43.92009204716459,0.15741561174015004
2752,42.36464175981717,42.241516475810435,40.93252321352548,40.31919242077254,12.114264697604089,41.91274195756152,43.93879787721867,0.15741561174015017
2753,42.33842063999876,42.22213101152616,40.64811838973964,39.73241512539694,31.415665323690142,41.600392790648435,43.90795341374836,0.1569532773749602
2754,42.33306110608428,42.09567504270442,40.14149019757839,39.54798833281396,27.65592588353619,41.24960193731178,43.90259387983388,0.15695327737496023
2755,42.359473502588045,42.1660251464738,40.2322004624505,40.169253218385805,-4.22996151328843,41.607615364664106,43.92765731345506,0.15681838108670115
2756,42.36385622050758,42.104515632622004,40.55476555748491,39.87787187008607,27.846915069767057,41.47099886382175,43.93204003137459,0.15681838108670088
2757,42.33257444231031,42.24573735727909,40.73011033851284,40.00234221821474,30.127745515583733,41.93086798039228,43.90075825317732,0.15681838108670115
2758,42.34009424038651,42.24048927191202,41.03817491283377,40.38424410672862,32.34366621677886,41.88895730152292,43.89751339911722,0.15574191587307126
2759,42.34058851954615,42.125770835323706,40.503340279093976,39.83864867758645,32.290740448102774,41.424765703018494,43.89800767827686,0.1557419158730713
2760,42.34288454362913,42.24289181739728,41.069272452401,40.674169434179454,32.941176357443425,41.64282668768709,43.90030370235984,0.15574191587307118
2761,42.34376211012307,42.24186658703344,40.63524699069177,40.05275040073285,26.606780711409346,41.88546225212904,43.90118126885378,0.15574191587307123
2762,42.325182121171025,42.19287286964931,40.71373541540793,40.2115562164618,22.700965315343737,41.73899627941758,43.882601279901735,0.1557419158730712
2763,42.334130661568466,42.12145570636382,40.86611404555612,40.10425793152482,27.48439400413128,41.56703350977591,43.88808245179465,0.15539517902261882
2764,42.34991479503426,42.19862062952768,40.845451698957234,40.41200745196066,15.661355850662304,41.494689923398994,43.903866585260445,0.15539517902261873
2765,42.34085018339224,42.25453694033618,40.639866487302015,39.529497229981565,26.62348619671696,41.79118491048342,43.89754866436078,0.15566984809685352
2766,42.34743910190927,42.26191095992356,41.033877020837416,40.96009112205926,24.54389644167938,41.91010714832283,43.90413758287781,0.15566984809685372
2767,42.35306240355096,42.20879511695691,40.65613054221028,39.89001799098335,27.840337395936654,41.65820727529443,43.90976088451949,0.15566984809685355
2768,42.3498668581696,42.2127706064717,40.74181712740297,40.303509118363934,26.52714787673902,41.789503786479806,43.90656533913813,0.1556698480968536
2769,42.331769668742936,42.05842502796815,40.15990592720052,39.68066391899648,25.242027189881114,41.47843732012072,43.88846814971147,0.15566984809685358
2770,42.316436682292185,42.10467994871084,39.92833941341619,38.895535050739056,26.539664163304934,41.136851265187715,43.87313516326072,0.1556698480968536
2771,42.344251949319215,42.2082966569503,40.155994834410876,39.60792370279145,-7.096247645705681,41.76438954744338,43.90095043028775,0.1556698480968536
2772,42.34145483740839,42.14264294063807,40.677786820806865,39.95705522201816,29.384238313192213,41.5240857206884,43.89815331837693,0.15566984809685355
2773,42.3411310458607,42.18004868732507,40.69526341530752,40.07000945044865,29.732718488070077,41.59517410449719,43.897829526829234,0.15566984809685352
2774,42.37006657185712,42.21335794050943,40.886954271223125,40.6745328592914,26.538890834224894,41.72487467771618,43.918391260639574,0.1548324688782448
2775,42.36000752692839,42.17198861816173,40.432344556569646,39.95081180168857,25.440997900636937,41.404893511467755,43.908332215710836,0.1548324688782446
2776,42.356638824433205,42.14267929455469,40.67382509214901,39.691258054725346,29.506619966111025,41.28241368600825,43.90496351321565,0.1548324688782446
2777,42.37200673987011,42.23319608742233,40.67676770294177,40.43591883623484,-0.5060259219107621,41.63676906504655,43.92033142865256,0.15483246887824476
2778,42.369635778972075,42.252556220876585,40.8905487370001,39.994412239209495,33.178035034145495,41.725090609404134,43.9149936780162,0.15453578990441294
2779,42.36060732357241,42.290692886482375,41.05001158344252,40.92207130562476,29.489092459187873,41.77759784607616,43.90596522261654,0.15453578990441294
2780,42.368694605142174,42.1816341314389,40.67902744439359,40.13443686117599,24.850413681172327,41.80077141348895,43.91446414717796,0.1545769542035782
2781,42.36261306950865,42.18777028435051,40.49520619855424,39.86003781036955,25.88295370556509,41.6097049846754,43.90838261154443,0.15457695420357828
2782,42.36020116724184,42.14230324337186,40.37354896272599,39.705316821154135,18.0135127526041,41.54163763978583,43.905970709277625,0.1545769542035783
2783,42.374015144235905,42.12642083459391,40.411982639476314,39.16541826083096,32.95748152635456,41.25621797743726,43.920655649861644,0.15466405056257387
2784,42.37824220892742,42.23175918997503,40.584341114158306,39.750974603745505,25.01052673671826,41.65596026551982,43.924882714553156,0.15466405056257387
2785,42.36831886887514,42.18518464890402,40.55388282677937,40.04653420764925,26.878531336060544,41.49080012301174,43.91495937450088,0.15466405056257398
2786,42.387516613250696,42.25576271497932,40.88523749573511,39.950357934844924,32.37760028009916,41.516319183430994,43.934157118876435,0.1546640505625738
2787,42.349766578203386,42.24773175919393,40.69790430935036,39.7014201989747,29.99830429291157,41.88074450263299,43.896407083829125,0.15466405056257398
2788,42.37496222989149,42.284211420278,40.603884833409545,39.76617966784325,30.909513566667645,41.48349676406461,43.921602735517226,0.15466405056257385
2789,42.36566386044152,42.29095096247743,40.62526542421578,40.18371718704851,19.658013177285905,41.8484945103471,43.91230436606726,0.15466405056257393
2790,42.37717172395177,42.19442000261466,40.63692939425058,40.32844681610895,23.72558518321687,41.67983998865819,43.92381222957751,0.15466405056257382
2791,42.34669549928157,42.24877941774985,40.66342960165596,40.252660672180426,30.02659353222005,41.71152007782007,43.89333600490731,0.15466405056257396
2792,42.365594237834316,42.289969728252274,40.67148788111002,39.86245235771029,29.291591045879365,41.872357972082185,43.912234743460054,0.15466405056257407
2793,42.35004080617568,42.24021908090473,40.440589322774905,39.486256820466515,22.14596497043983,41.73708689706773,43.896681311801416,0.15466405056257393
2794,42.350503915720886,42.261770688718926,40.71899924068517,40.09999147775002,33.18826592548291,41.61648371838938,43.897144421346624,0.1546640505625738
2795,42.362269909067074,42.262078654127706,40.91926360498999,40.128433765090264,32.64076185238787,41.78864717948764,43.90891041469281,0.15466405056257398
2796,42.36487507283698,42.20297546060021,41.02710119433916,40.54769107126074,34.82910971690585,41.70981334576213,43.91151557846272,0.15466405056257393
2797,42.361743920671024,42.26508097004641,41.146336098634144,40.897332279269094,33.20368651577461,41.919740293811856,43.90838442629676,0.15466405056257373
2798,42.37105810258883,42.15415726557051,40.20029403001666,40.059223157912136,11.571274694527467,41.54873537356937,43.91769860821457,0.15466405056257396
2799,42.39678284301478,42.263442775673916,40.82387354325613,40.33009369783195,24.695962202817924,41.8317531986487,43.94342334864052,0.15466405056257385
2800,42.37749277600129,42.13962084299679,40.54718224650031,40.228010262344775,25.932205725104843,41.491804838881734,43.92413328162703,0.1546640505625738
2801,42.36215257552417,42.2253083592924,40.68812445779421,40.55115022719737,25.421327967331877,41.51703542464142,43.90879308114991,0.15466405056257385
2802,42.38645240033245,42.13373045577637,40.91004841555822,40.3484917465168,23.894068897371522,41.59611989681224,43.93309290595819,0.1546640505625741
2803,42.373998435409966,42.27813488390863,40.31006019949803,40.240214958823266,21.920098832587538,41.85704188596567,43.920638941035705,0.15466405056257382
2804,42.37134247503051,42.22058633784215,40.639915707372246,39.806852640079924,30.878284519807714,41.54285733356352,43.918585540242326,0.15472430652118133
2805,42.40170333564856,42.25801709669556,41.02475578038921,40.4376714028448,32.72349008653595,41.67546434392813,43.94894640086038,0.15472430652118138
2806,42.40876914067759,42.16730730602514,40.399731886679135,39.72566180407694,19.036754431146328,41.5508346684302,43.9560122058894,0.1547243065211812
2807,42.383834507751885,42.14491569459709,40.544542906494186,40.01790936642281,30.691981397029902,41.509427934434925,43.9310775729637,0.15472430652118146
2808,42.36623845836581,42.2883918712764,40.99472601589273,40.50953890970201,30.920733620550692,41.91988607721481,43.91172491946549,0.1545486461099686
2809,42.366389630928595,42.22872037139797,40.275376658444465,40.49782248278576,-13.981352434257339,41.71263039380882,43.91187609202828,0.15454864610996852
2810,42.36958160967125,42.1632530514679,40.72151373880085,39.843204028624946,26.870630347519178,41.59685749371303,43.915068070770936,0.1545486461099686
2811,42.35060244977164,42.24013744678319,40.73022925841006,40.38716487402548,24.76275811752892,41.72216384700616,43.89473994798874,0.1544137498217094
2812,42.356933447776775,42.275388649524935,41.11215628018465,40.76255455962355,33.469627363486204,41.88605505742099,43.90107094599387,0.15441374982170947
2813,42.37815862195832,42.2302471915195,40.709596856031645,40.04154126760885,27.45055669640229,41.69272023048111,43.92229612017542,0.1544137498217094
2814,42.362911603709904,42.14666932034565,40.77660871914692,40.366083222742965,26.553204191649964,41.708424051283245,43.907049101927,0.15441374982170936
2815,42.38416662590646,42.1081416762396,41.01325982750853,40.35810709775148,31.6139480244976,41.652539059022146,43.92830412412356,0.1544137498217094
2816,42.36290194556022,42.259485134441206,40.2338551842384,39.398877672050475,19.416568022158234,41.6272105434997,43.901420103310265,0.1538518157750045
2817,42.37078862842919,42.28378465833565,41.09493587973571,40.68697591027322,25.4366184340099,41.941245631150146,43.90953065829309,0.15387420298639026
2818,42.366818543454876,42.25651448260803,40.88212673024394,40.4219689593343,30.299671933822438,41.59662962622937,43.937514481041944,0.15706959375870702
2819,42.330193750501934,42.19124660025818,40.78211523520499,40.21252133075206,29.491222147872445,41.70248855705252,43.900889688089,0.15706959375870688
2820,42.346020972759575,42.144863889245826,40.55567186560237,39.742503043383216,20.862937066543175,41.54313870062696,43.91671691034664,0.15706959375870694
2821,42.32647717646904,42.25420446820896,40.541956484358224,40.07817041808198,-2.314268508339538,41.630859171659424,43.89717311405611,0.15706959375870705
2822,42.34254637876045,42.262232265720804,40.46044725467367,39.840161947911454,19.421689373500026,41.63878052693849,43.91324231634752,0.15706959375870705
2823,42.355469051455316,42.16535170437827,40.656606471877794,39.97380581487597,24.871987410443353,41.591654809815715,43.919527846850094,0.15640587953947793
2824,42.35858085136879,42.24389247932992,40.67155041690805,40.11862927652495,24.417682851484198,41.65576887139092,43.914245083467904,0.15556642320991096
2825,42.351224881784255,42.250564113128405,40.80604552259157,40.211020679355656,22.2386043132602,41.68564429949841,43.9045982462306,0.1553373364446343
2826,42.34019975702766,42.25783749882564,40.7403473474263,40.76791455395118,10.226702791828188,41.740071405066246,43.893573121474006,0.15533733644463416
2827,42.379995243411685,42.17868024481298,40.42105550878527,40.10522504967203,19.157715198212834,41.62218615106916,43.93336860785803,0.15533733644463418
2828,42.35815020775863,42.18704349070528,40.95489190458371,40.41632948489635,34.99440747766168,41.582302971868295,43.91152357220497,0.15533733644463407
2829,42.37683442122706,42.151320383515504,40.486957337004014,39.87809382051576,28.606580374163805,41.46525644948228,43.9302077856734,0.15533733644463418
2830,42.347847137697165,42.274180317555995,40.94187829408972,40.61014601077304,23.652056231242433,41.82511826576155,43.90122050214351,0.1553373364446343
2831,42.345387224354724,42.18896288430853,40.867258781782546,40.46449975709328,27.738647366483,41.75131229462815,43.88394335449598,0.15385561301412592
2832,42.37046752760424,42.23518649582476,40.233981335195274,39.817305266196506,12.139663233795574,41.52909084173105,43.9090236577455,0.1538556130141261
2833,42.3418856950006,42.2487814700451,40.99663552334398,40.390145739323444,29.586845407182437,41.677735908274755,43.88044182514186,0.15385561301412595
2834,42.36752295471665,42.23848400813546,40.58748870886219,40.628476049093,9.638209997738564,41.72829923480464,43.90607908485791,0.15385561301412592
2835,42.34952419960726,42.18499492071908,40.31721838447717,39.578382767290705,27.984850941320307,41.49885372542929,43.88808032974852,0.153855613014126
2836,42.351480826844714,42.157377694374645,40.48228945801514,39.82357809891894,27.362629094601793,41.49344506561481,43.89003695698597,0.15385561301412598
2837,42.36026667930524,42.101173481209926,40.62479880944212,40.06987905674174,31.576440414665758,41.49775607478661,43.8988228094465,0.15385561301412584
2838,42.357760814330675,42.20980714692419,40.598352461593755,40.19923508623579,27.700119794076414,41.6478847379731,43.896316944471934,0.15385561301412606
2839,42.376954079294975,42.23007215577425,40.56095053486494,40.2272386794746,23.732055884180415,41.511200334066565,43.915510209436235,0.15385561301412604
2840,42.3450492711946,42.209573189289166,40.63397860108131,40.246877511009814,30.849520519940537,41.46047236416163,43.883605401335856,0.15385561301412595
2841,42.38232557457567,42.2452146570429,40.64835752105338,40.39490002692371,27.319917042639243,41.688644353955084,43.91272099783988,0.15303954232642106
2842,42.3760074307916,42.24357953407942,40.99833095100505,40.27766370519669,34.37598058018864,41.70345950260935,43.90640285405581,0.15303954232642097
2843,42.37778296899126,42.20340581078053,40.67375954883905,39.70877991310754,32.229183333266995,41.70225951327203,43.90817839225547,0.15303954232642095
2844,42.38755441179759,42.13586664553123,41.005351623867625,40.442968797978395,31.027676248866243,41.64028849468348,43.9179498350618,0.153039542326421
2845,42.3602337151521,42.20703282288887,40.68778252736555,40.19896068917382,22.015279786462983,41.73456171680459,43.89062913841631,0.15303954232642103
2846,42.37218440903161,42.230905028567214,40.759151477936136,40.33335441855386,28.52585484162641,41.66133686797018,43.90257983229582,0.1530395423264209
2847,42.369381400377286,42.22158193117308,40.98454209802931,40.97076004428457,30.401628269158252,41.61628411526337,43.899776823641496,0.15303954232642084
2848,42.38176350459905,42.13720476163262,40.3881768058218,39.64006753154167,27.33851919474378,41.453558274614856,43.91215892786326,0.15303954232642095
2849,42.374981541771774,42.218061275543796,40.722237865721404,40.548522018119506,28.08756633552918,41.72479326753685,43.905376965035984,0.15303954232642097
2850,42.368387487879765,42.20418480518272,40.51514240734473,40.10280154429728,18.979171201268652,41.57778089767639,43.898782911143975,0.15303954232642092
2851,42.365963710058345,42.28040000788602,40.94117661168048,40.38497270218067,30.989774609280158,41.812085160402845,43.896359133322555,0.153039542326421
2852,42.37731739955244,42.163683645137056,40.408282869372606,40.41412005765118,18.755362996865788,41.67194877886679,43.909031079555206,0.15317136800027667
2853,42.354932400655855,42.19568883672992,40.64846467907681,40.60625490554407,8.795298019184862,41.69207510842713,43.88664608065862,0.15317136800027664
2854,42.357807100521,42.261056150778984,40.58386846279704,40.06155538446001,23.088287815106487,41.76375395479776,43.88952078052377,0.15317136800027648
2855,42.365162972992216,42.191797884734235,40.484564743574396,39.610504496398484,23.86754034702806,41.42047307657766,43.89687665299498,0.15317136800027664
2856,42.36155357557419,42.21348045513363,40.37911030796556,39.93472147741494,24.566956331285994,41.57433694357378,43.89326725557696,0.15317136800027664
2857,42.395131052144535,42.061788634572494,39.96497895271051,39.35829366309268,25.25556153921812,41.53629460176916,43.93407731707364,0.15389462649291005
2858,42.36063769073078,42.10254501201216,40.071022894946466,39.624010588373324,-2.045620430061284,41.37697343362713,43.899583955659885,0.15389462649291
2859,42.35740960512536,42.25392384297432,40.479771990683865,39.5500625989522,22.099252565636164,41.73327858711596,43.896355870054464,0.15389462649290997
2860,42.36263002950113,42.125294776014755,40.71188041924401,40.239328365353124,30.486643262568226,41.45251866188827,43.901576294430235,0.15389462649290997
2861,42.37484021944425,42.29226843479439,40.62658369507287,40.31384659538824,18.961583209187346,41.80903952285728,43.913786484373354,0.15389462649291002
2862,42.3669214497679,42.18160678172679,40.38476043750797,39.606345443117846,29.080953598683035,41.731483117530274,43.905867714697,0.15389462649291025
2863,42.36988264912592,42.237566883299124,40.64307602253737,39.858781818739075,25.823699241152468,41.79383223077597,43.90882891405502,0.15389462649291
2864,42.36625180625882,42.252491526406374,40.432807981999474,40.47646942960722,-16.251476106886606,41.90983469104515,43.905198071187925,0.1538946264929101
2865,42.35944779680479,42.20765337426577,40.96618575208315,40.530683222062905,32.1408271556261,41.792290547791126,43.89839406173389,0.15389462649291005
2866,42.37165309248725,42.18613389989466,40.57986504906214,40.0705192163341,29.35766372346051,41.60262760375508,43.91786153325605,0.15462084407688004
2867,42.362261372242294,42.277496285356314,40.28884463506336,40.13037479513684,23.211144812496254,41.82021910276696,43.90878604077711,0.15465246685348177
2868,42.36739386387278,42.225134288104776,40.74078189515285,40.17796463564051,26.284551025637985,41.679067054156896,43.9139185324076,0.15465246685348202
2869,42.349688888449016,42.212600307837505,40.559350570245144,39.67907429487061,27.39603626247643,41.69789180585792,43.89621355698384,0.154652466853482
2870,42.36132300497961,42.28239403416417,41.0843442890977,40.973826314108635,28.705058510105175,41.93917299706102,43.92005673823605,0.1558733733256439
2871,42.353477665571006,42.212768735763184,40.56147518095919,39.68534970395656,24.9260206466374,41.53539473977503,43.912211398827445,0.15587337332564377
2872,42.355718305762494,42.15349687067059,40.70684294817873,40.187690215915616,22.597673830527917,41.42371676218066,43.928950609177974,0.1573232303415481
2873,42.3698687141269,42.20332657230592,40.30289500714574,40.10189329505145,27.554498615861693,41.5893834405611,43.94310101754238,0.1573232303415481
2874,42.36430794746607,42.14503902486162,40.6825519894286,40.0349294905153,25.969759227823218,41.67295530427752,43.947068426421254,0.15827604789551844
2875,42.37276066010149,42.167115077028114,40.77324710084759,40.01600496344385,29.780983206983084,41.491775847796596,43.94319460034949,0.15704339402479991
2876,42.37651122195248,42.21687996015199,40.10091850553944,39.78900287215814,17.009910412411983,41.658047651149126,43.93675641791275,0.15602451959602703
2877,42.3709233314639,42.20840971591663,40.56251661297434,40.17146178062324,20.95647845776753,41.703780547020585,43.93116852742417,0.15602451959602712
2878,42.38990230423397,42.27310365288455,40.67745926947128,39.978098799763146,30.09308312577421,41.563704437848706,43.95014750019424,0.15602451959602687
2879,42.3766296776791,42.258488736785075,40.83452692702789,40.49892954426566,29.986215677649046,41.75351794367923,43.93687487363937,0.15602451959602712
2880,42.36813758429733,42.2680625917199,40.752606105931044,40.08737306261809,26.505883697574355,41.791504157228474,43.92456730548391,0.15564297211865857
2881,42.399064851184534,42.24750256082621,40.22315496773285,39.50856904892867,19.496059801283117,41.84125252274485,43.95549457237112,0.1556429721186586
2882,42.383609906585455,42.25472766594088,40.73110260783178,40.103908420701636,20.71704204709758,41.698887003764014,43.94003962777204,0.15564297211865835
2883,42.39568533464234,42.2196665692898,40.6162406845614,39.98446338806361,29.478103139835735,41.85878937569941,43.93803773638082,0.15423524017384854
2884,42.41602442489669,42.28869114567324,40.340425014280356,40.30517964272147,-19.035638977248396,41.84225527286665,43.958376826635174,0.15423524017384863
2885,42.39238646200499,42.21473152581076,40.7581562992059,40.09170620906085,29.352952043938345,41.61298140970584,43.934738863743476,0.15423524017384865
2886,42.37985356248031,42.288014587485414,40.754024870159554,40.73751515513844,14.573671903924854,41.89269547571455,43.9222059642188,0.15423524017384876
2887,42.40464573668305,42.24231535370959,40.84593548257371,40.51935530379072,23.794405129131828,41.69875470821525,43.946998138421534,0.1542352401738486
2888,42.401795464339656,42.184364843476516,40.63920587949858,39.945942806766176,30.945919589223678,41.66075187931209,43.94414786607814,0.15423524017384868
2889,42.386275222276765,42.17271047209789,40.646111404463014,39.82738848545314,29.601097237555877,41.449075525082336,43.92862762401525,0.15423524017384854
2890,42.42545694575246,42.259077117715904,40.98851263773846,40.25564849735889,33.7212676970266,41.840137847736976,43.96780934749095,0.15423524017384874
2891,42.37577692064869,42.20800700638867,40.72581849750044,39.99100849902655,28.542231918330668,41.71128408845925,43.91812932238717,0.15423524017384865
2892,42.407715970933,42.31379090532554,40.46462890535767,39.816583929491216,25.945193504719548,41.69670672775776,43.95006837267148,0.15423524017384868
2893,42.39742576419652,42.23700106783388,40.13151461937608,39.871981480954084,1.5469155761576943,41.50497338334115,43.939778165935,0.15423524017384865
2894,42.40100154819291,42.232671827969,40.41762485922558,40.275242808797714,-6.84707662616848,41.52819627158108,43.94335394993139,0.1542352401738486
2895,42.40721775981477,42.299398883966845,40.391412502910576,39.82981809944121,22.94921104703533,41.82221575045943,43.949570161553254,0.15423524017384863
2896,42.403709245300234,42.154009727527665,40.34008320284311,39.558421963002665,29.126816316759523,41.62668456278037,43.946061647038725,0.1542352401738487
2897,42.39791754700666,42.22647980975748,40.69586799545119,39.92564430815559,30.110913516011053,41.58997422882981,43.94026994874514,0.15423524017384868
2898,42.38936152612441,42.29311359302818,41.012869848097154,40.48432153564212,22.757271207352545,41.71638609575589,43.931713927862894,0.15423524017384863
2899,42.38304370533549,42.29128735382421,40.845829808127526,40.415795486559944,29.461481608481414,41.7133060608041,43.93760749451946,0.155456378918397
2900,42.37280998943032,42.26825830309451,40.651162192542245,39.516016431490726,32.03498125286178,41.686844191119775,43.927373778614296,0.15545637891839706
2901,42.40126017754238,42.282938477747024,40.86708411115152,40.3395329426779,28.953591606488477,41.77639509370765,43.955823966726356,0.1554563789183971
2902,42.42673002304365,42.284740270643375,40.75270975102995,40.1979987909546,30.75171616459545,41.81163007157632,43.949339904504455,0.15226098814608033
2903,42.412293392676325,42.27183370542627,40.61427284210512,40.16983320641424,25.380444117716245,41.65777287899273,43.93761894565757,0.15253255529812412
2904,42.40906184464417,42.2583593943893,40.500449372050554,39.39151493862397,29.646531715273085,41.27784179364885,43.934387397625414,0.15253255529812423
2905,42.40639895464361,42.32056942990595,41.017388523356836,40.535928087933534,27.40817075666169,41.8620447053964,43.93172450762486,0.15253255529812415
2906,42.43043502387003,42.32199480957967,40.628354406562636,39.9337997834496,19.075463508744363,41.77351085249033,43.95228497519378,0.15218499513237435
2907,42.40605016487722,42.29371098940651,40.88664759011237,40.78123871711893,24.865979533810986,41.822791181957996,43.927900116200966,0.15218499513237432
2908,42.41924828004088,42.32990492040456,40.93972301359985,40.3318292988277,30.26418950106483,41.842090300607694,43.94109823136463,0.15218499513237438
2909,42.415045957341995,42.22233743591954,40.90331936241543,40.505637674398656,27.825098918927964,41.72898490758756,43.93689590866574,0.1521849951323743
2910,42.42391588835041,42.29957540535477,40.58158094495029,40.41309908916873,18.02462944549338,41.82799063942156,43.94576583967415,0.15218499513237443
2911,42.44378503348201,42.24781993828119,41.06395577324843,40.59459287828965,33.835903586544845,41.92126728897506,43.96563498480575,0.15218499513237435
2912,42.421481546428716,42.34402791528188,40.825608503631805,39.93591546378309,32.34856146283728,41.712547627382285,43.94333149775246,0.15218499513237424
2913,42.409405704612155,42.3171537486262,41.004494614914016,40.35088565281451,27.384350635482352,41.73904650831333,43.9312556559359,0.15218499513237432
2914,42.418244430751926,42.33258101599396,40.21733686292525,40.1452024479087,-10.319253424610459,41.70028189123016,43.94009438207567,0.15218499513237432
2915,42.40567830172461,42.30673935273692,40.822614693252675,40.52747787140536,27.926189362920468,41.598285484522904,43.92752825304836,0.15218499513237446
2916,42.42266076569518,42.31776130413666,40.69162912368779,40.16910682945333,26.764298217967426,41.639575626719264,43.94014555869652,0.1517484793001341
2917,42.42978757762273,42.29326220700653,40.91443730277526,40.240289816555496,26.379407597334538,41.65276553385476,43.97724562646724,0.15474580488445028
2918,42.393112536150966,42.28805739099801,40.678798028216384,39.924537756794535,29.81659579087691,41.62775106667542,43.94057058499547,0.15474580488445033
2919,42.40438443450575,42.29291595688751,40.51553928452933,40.29103787428155,21.70235651298261,41.83241360291494,43.946455234030324,0.1542070799524573
2920,42.39391137493503,42.31273113887338,40.92640223069549,40.25972971446471,32.085227754958545,41.66182178079768,43.943395276872614,0.15494839019375822
2921,42.390929680780445,42.26154130525506,40.70194247514351,40.314754563757106,19.56255189781776,41.84600382149776,43.931547402162856,0.15406177213824082
2922,42.40710473764325,42.279915074390324,40.99885935114949,40.32878700519271,31.654923086582365,41.78721260753838,43.94772245902566,0.15406177213824102
2923,42.400489228135385,42.28616433587562,41.07690291028553,40.67051414435327,32.33396989598232,41.85264463805794,43.941106949517795,0.15406177213824088
2924,42.42189821714755,42.13527025535973,40.937694254351726,40.437881061238706,28.205345867842986,41.55682579828857,43.96251593852996,0.1540617721382409
2925,42.391222524427505,42.29672599581614,40.90747825805485,40.33349519918916,29.348090240642172,41.803064685827735,43.94709982375439,0.15558772993268882
2926,42.378720038061196,42.29092791736879,40.98735230342853,40.38036410801175,30.30673486506057,41.93332676505848,43.934597337388084,0.1555877299326888
2927,42.38211773804726,42.11456528236952,40.76815758527573,40.540460895875384,27.376474606024694,41.67878942670845,43.93799503737415,0.15558772993268888
2928,42.38061668569875,42.274161738234675,40.63544529450999,40.06615014047375,32.16456888621217,41.55498084096783,43.936493985025635,0.15558772993268866
2929,42.385104201310114,42.27418762690727,40.33969437935206,39.30236960618414,22.324850740548552,41.74921189808404,43.940981500637,0.1555877299326887
2930,42.38516726755947,42.20000805353291,40.54942213564375,39.773676060755854,28.882256383056152,41.46525781703373,43.941044566886355,0.15558772993268885
2931,42.40042450783395,42.22336253940668,40.697125153148605,40.056794342931525,29.27394757115785,41.748766647548585,43.956301807160834,0.1555877299326888
2932,42.404204351081525,42.28811854011571,40.537016618593626,40.290912290508516,7.7733834485024005,41.792544834881355,43.952443787892015,0.15482394368104876
2933,42.38032185901287,42.30338241519637,41.12308071550009,40.69346643552664,29.399038153067316,41.92692830058013,43.92856129582336,0.15482394368104874
2934,42.380717870290226,42.21697006092382,40.59262620351286,40.178370364043616,26.425377965064502,41.530663796610334,43.92895730710072,0.15482394368104874
2935,42.414265264155624,42.308031281417556,40.925080408579774,40.59144045282122,31.763071408519817,41.80795271486032,43.961566633623875,0.15473013694682514
2936,42.37788609144216,42.30549965585061,40.86699299133189,40.502123951871404,30.238754101469922,41.876656812273865,43.92518746091041,0.15473013694682505
2937,42.38095811735642,42.27789438225478,40.7826409378294,40.153696413976725,24.498849081191068,41.745281283363745,43.92825948682467,0.15473013694682503
2938,42.38705805234135,42.25831532336516,40.67287742835395,40.232726980113924,27.831676705179397,41.439804788395904,43.9343594218096,0.15473013694682497
2939,42.398914517103485,42.32518093050786,40.84250158555473,40.84520694977195,17.796335518021724,41.90532781440803,43.946215886571736,0.15473013694682505
2940,42.405616863565825,42.30273887334596,40.61185683309663,40.36899165902877,27.313133207445244,41.840419190948865,43.952918233034076,0.1547301369468249
2941,42.39898279923042,42.2345171438806,40.79490045417049,39.61000117351704,28.33907387578832,41.64293264589249,43.94628416869867,0.1547301369468251
2942,42.38716946792839,42.29709693839069,40.38658119218039,40.429640088890224,-5.407560873120296,41.838762725256856,43.93447083739664,0.15473013694682505
2943,42.4169845747931,42.3209788031987,40.584657690176826,39.703198811807596,19.270441000403125,41.767448166857875,43.96275663512486,0.15457720603317637
2944,42.382149855603316,42.257082350167344,40.8585269982264,40.14482073470347,20.705554357274604,41.78276290406059,43.93437131379944,0.15522214581961233
2945,42.38492143703983,42.19811107042334,40.459474975158436,39.45827878353565,29.9904998375045,41.558084576014764,43.968205914236144,0.1583284477196312
2946,42.35327375411374,42.237308861443296,40.60979620596641,39.701817246199354,30.453591694127695,41.68671966852828,43.93655823131005,0.15832844771963125
2947,42.358104149807176,42.226187259398785,40.477124878525515,40.481569969179006,-13.158652644485144,41.7806565353348,43.94138862700349,0.15832844771963125
2948,42.36724063356844,42.15625323588378,40.626695629207624,40.1494848400523,22.265009394735685,41.65388492962087,43.95052511076476,0.1583284477196313
2949,42.37556770566652,42.24967661976003,40.620565928324204,40.5748873187091,26.281816224314568,41.62184370077327,43.958852182862834,0.15832844771963137
2950,42.35043299128872,42.17883559820436,40.888097989124525,40.34910369364,32.290535199856706,41.769607349532194,43.933717468485035,0.1583284477196312
2951,42.350407530846866,42.26634915656469,40.55344204498702,39.71349085838603,16.65583424983228,41.40446305354733,43.93369200804318,0.15832844771963128
2952,42.36337936180421,42.256046891322846,40.96543007841279,40.61518244259802,31.197220331390824,41.82546307671918,43.94801280188312,0.15846334400789056
2953,42.37581388642587,42.17047594683076,40.71301185651264,40.27013351760227,26.421554104343144,41.67279271803578,43.96044732650477,0.15846334400789042
2954,42.378951921941045,42.234591165658955,40.839611254749045,40.27570284370748,30.98683482721006,41.779877682394996,43.96358536201995,0.1584633440078905
2955,42.37241801951772,42.25456645132765,40.92578927521354,40.059394154488444,32.95838799405386,41.745760851861895,43.92707820375346,0.15546601842357427
2956,42.381851672549665,42.27133755905592,41.293071951814426,40.95840629146379,33.725679123894395,41.74653380733016,43.93651185678541,0.15546601842357438
2957,42.425450017824964,42.203605528869296,40.3453642407549,40.278927910044864,-12.840701976433465,41.63367166496462,43.98011020206071,0.15546601842357433
2958,42.38220803515498,42.20923541192808,40.808356334606096,40.540347690738336,30.321345250703096,41.75756713423523,43.95463562777795,0.15724275926229664
2959,42.38887909733027,42.17827799242802,40.07127916429278,39.23999981951649,17.862417507115442,41.52303632709058,43.96130668995323,0.15724275926229664
2960,42.36016528487122,42.23563017175178,40.9327613568746,40.72934034213556,28.061717743782594,41.80850800701248,43.93259287749419,0.15724275926229675
2961,42.37568917451351,42.19710361766018,40.36938116288776,39.646253534172416,23.508123143267255,41.695243251957905,43.948116767136476,0.1572427592622966
2962,42.37654089640298,42.18890437205409,40.72620318479372,40.005280283063044,30.61265911791185,41.618774922508265,43.948968489025944,0.1572427592622967
2963,42.378817619352624,42.254959749665574,40.69799723001049,40.04309332164818,31.062121286076163,41.85335378202777,43.95124521197559,0.15724275926229675
2964,42.37989794726645,42.126465007019355,40.25386718091046,39.36416730314576,10.177300634790242,41.34980555684321,43.952325539889415,0.15724275926229683
2965,42.36700052620129,42.27977707602153,40.21044863677922,39.57728473476708,16.90705479819122,41.63738040864242,43.93942811882425,0.15724275926229667
2966,42.36443738960661,42.20040329548888,40.014241720182625,39.66533072800786,-10.291236936022813,41.64757397460718,43.9362624226435,0.1571825033036893
2967,42.3643504293186,42.209290245979325,41.099490101762164,40.58250094544146,34.75239372060174,41.65399425703853,43.93617546235549,0.15718250330368919
2968,42.36716593988921,42.23323144654445,40.76498490326745,40.72514887978171,21.39704310373795,41.88830578801044,43.938990972926106,0.15718250330368919
2969,42.37001163886129,42.2363767960025,40.74398553404667,40.30922404847511,32.36415424763858,41.60763232983423,43.94183667189819,0.15718250330368924
2970,42.38599662727616,42.29145536945321,40.9768307199323,40.9745081410745,19.246688005727933,41.90264999289663,43.95782166031305,0.1571825033036892
2971,42.386478334531986,42.31139534756725,40.760492804116815,41.13326019760945,1.5410695640141157,42.022463176946374,43.95840808042369,0.15719297458916992
2972,42.374465059126464,42.27157973564326,40.29251786874589,38.88283434690093,29.790959149833505,41.52151045456628,43.946394805018166,0.15719297458916975
2973,42.38878957494481,42.14551235284501,40.56773903571146,40.04680001569578,31.02840107572299,41.372825629036065,43.96071932083651,0.1571929745891698
2974,42.36899313870639,42.247849569288455,40.37912070250215,40.08609887651035,17.002615366196746,41.842551689492936,43.954611708384654,0.15856185696782682
2975,42.369896086426294,42.2187895839014,40.886580001344775,40.758311046434315,27.911971685385055,41.76666061356586,43.95551465610456,0.15856185696782665
2976,42.38117714780773,42.244420676506515,40.26981555642264,39.64836097533516,22.736105109284306,41.54019699787841,43.966795717486,0.15856185696782674
2977,42.35531209377292,42.2522408655639,40.26529320959851,40.31930407949426,-12.824875073764566,41.67918010598132,43.928740461796245,0.157342836802332
2978,42.39159130590237,42.243307930888996,40.78096243840384,40.932351871807995,27.95246739741109,41.851042360532944,43.96501967392569,0.157342836802332
2979,42.38159332512671,42.24732833632031,40.56798406595281,40.090024240742565,24.72136082349734,41.89855648852919,43.95502169315003,0.15734283680233208
2980,42.39650432795671,42.28666192060932,40.60181667412187,40.6551181640314,23.41706046291266,41.78734674321299,43.969932695980035,0.15734283680233194
2981,42.37224350693625,42.24724814976218,40.42959404007998,39.59152485517703,26.32205431719957,41.36128022609195,43.94567187495957,0.1573428368023319
2982,42.381313355957275,42.27109337942917,41.21342436281001,41.00897435296662,28.07558466295827,41.89838666999982,43.9547417239806,0.15734283680233196
2983,42.37273966503153,42.06519809871173,40.49945310027098,39.24123419894156,31.82629137145605,41.489014995837806,43.94616803305485,0.15734283680233194
2984,42.37531958317824,42.2811851496429,40.92582375636173,40.83259081425132,26.82994324446141,41.94205503209682,43.94874795120156,0.157342836802332
2985,42.36826825564665,42.24777417960161,41.10119871843567,40.825341688805544,31.775257231709283,41.8840053594172,43.94169662366997,0.1573428368023319
2986,42.36315068096681,42.107223238282515,40.33995025118103,40.165842022465085,23.34191093651763,41.556666789695825,43.91038827636931,0.15472375954025017
2987,42.388409652057014,42.2268151706477,40.58541784167787,40.32179459806636,19.57988117067103,41.66739966611425,43.935647247459514,0.15472375954025006
2988,42.37549212561725,42.27316708432041,40.59452441130175,40.32691612335413,1.5983017174246328,41.65786499180507,43.92272972101975,0.15472375954025014
2989,42.37623670205195,42.27981561413696,40.45420311239123,39.94014932974405,22.025040082533806,41.76100745646585,43.929499893315196,0.1553263191263245
2990,42.39388274348194,42.280469055259495,40.909995097277566,40.746564721954414,26.31354945701218,41.77269575921025,43.94714593474518,0.15532631912632444
2991,42.391546479834865,42.300474416526235,40.799292389150196,40.25157353622332,27.043965384224258,41.81512458015192,43.944809671098106,0.1553263191263244
2992,42.38364136921712,42.184104739898345,40.26921191299134,40.046269951146726,-12.124237573664203,41.555642314814385,43.93733113999917,0.15536897707820477
2993,42.39385490766931,42.22757247598771,41.18302627345434,40.64199605199919,34.57871018241443,41.79931159559723,43.94754467845136,0.15536897707820466
2994,42.377759203335444,42.28526526332831,40.78642307718034,40.26454655440949,27.339080828681233,41.76226964937587,43.931448974117494,0.15536897707820477
2995,42.37931638582064,42.26778592652529,40.731985754581885,39.82401255348774,32.013031952616316,41.574854337100476,43.934355119485275,0.1555038733664638
2996,42.389648234532046,42.28686745735609,40.787810882725736,40.507138857979605,22.334518250556005,41.856033276504675,43.944686968196685,0.1555038733664638
2997,42.352965194790926,42.254981093940636,40.759889579283865,40.181155078664716,25.744012727808197,41.694192968806234,43.908003928455564,0.15550387336646385
2998,42.39317523673523,42.29060996052818,40.685482520830114,40.70005087788106,25.001324337864894,41.874706726206135,43.94821397039987,0.15550387336646393
2999,42.392572659519274,42.27740082817569,40.71967461252187,40.17127293564522,25.78858127012168,41.57200340172662,43.94761139318391,0.15550387336646385
3000,42.376197491895596,42.28020684319586,41.06861500719404,40.74991441027919,26.378526830238147,41.86880618636332,43.931236225560234,0.15550387336646382
3001,42.398868118801765,42.14832622276238,40.59611149114195,40.09371814178843,30.878222977735696,41.490888473794826,43.9539068524664,0.15550387336646404
3002,42.40101800467105,42.20459544670553,40.126262438145595,39.50901180487387,-10.15883612706083,41.46414864967366,43.95605673833569,0.1555038733664639
3003,42.38956258028977,42.230639082273896,40.53797998636459,39.345338339276395,32.54041680041589,41.77044830430176,43.94460131395441,0.15550387336646385
3004,42.386652776304025,42.21283843051042,40.23141158389255,39.86054222403619,12.077143804153348,41.59848480794574,43.94169150996866,0.15550387336646393
3005,42.382749675057106,42.254672048898314,40.18956461575678,39.787762497206884,1.5625850175169163,41.62591577054924,43.937788408721744,0.1555038733664639
3006,42.3958445740586,42.2874343953509,40.81633361822249,40.13985997459254,23.393811212480845,41.79799015985964,43.950012344133285,0.15541677700746825
3007,42.380518674102845,42.239454458733924,40.764424098014835,40.12128803809901,31.09705084478513,41.751348510396895,43.93468644417753,0.15541677700746814
3008,42.36881492733388,42.16336543674551,40.4059660618432,40.07956612150432,23.27604837755093,41.55165816876884,43.922982697408564,0.15541677700746834
3009,42.367783610647024,42.21577905600464,40.45034672479747,39.640479734282536,24.199399597006934,41.57082261976818,43.92195138072171,0.15541677700746828
3010,42.395937348062816,42.18973559845338,40.30161975817902,39.98513189348909,22.108582025134226,41.468349427214775,43.9501051181375,0.15541677700746828
3011,42.36523876129004,42.173362164216,40.69982877112739,39.86363018291328,31.446274765115803,41.723919391412906,43.91940653136472,0.15541677700746828
3012,42.365145551571416,42.24240085279163,40.70872299627338,40.13786866486564,29.559329697832375,41.677618075816085,43.9193133216461,0.1554167770074682
3013,42.40461005618432,42.20889887457393,40.72880044008203,40.32797036947649,19.54920676929438,41.677501041216324,43.97176556321168,0.15671555070273635
3014,42.371438305092,42.24127401132204,41.127284285561785,40.785852385125814,25.941706931104818,41.98583585295654,43.938593812119365,0.1567155507027364
3015,42.375497488122356,42.28211708311102,41.022295177668134,40.829667151298686,31.47163122424785,41.80589778256247,43.918655036354984,0.15431575482326304
3016,42.40670524027261,42.234472536486145,40.8617743725232,40.436213488248114,32.12598978967978,41.811811448601034,43.94464005065508,0.15379348103824733
3017,42.39974256288243,42.26884321888581,40.48914987013166,40.04134100971295,25.915436457851133,41.73903808519854,43.937677373264904,0.15379348103824722
3018,42.41849620270737,42.21877393790026,40.596412302306405,39.98615314858099,17.06698850325077,41.55179202376165,43.956326300235034,0.15378300975276663
3019,42.37519008388993,42.21985274150669,40.6918077403187,40.21694290450331,30.36737059249421,41.531200031752064,43.9130201814176,0.15378300975276665
3020,42.397568364433084,42.2002007817299,40.33653644691097,39.43444000890989,30.378000035276308,41.487157678274386,43.93539846196075,0.15378300975276657
3021,42.415268117682125,42.164740445391686,40.69671967822537,40.500375598277664,27.347198902037764,41.714517257305154,43.95309821520979,0.15378300975276676
3022,42.39068814676944,42.129271810581436,40.65316276240891,39.78854851501536,33.52868630083165,41.52936774082731,43.92851824429711,0.15378300975276682
3023,42.39656803491657,42.25639217056574,40.36701104028503,39.530014637069556,20.36629327410577,41.67384201738663,43.9355630333555,0.1538994998438932
3024,42.426586959045096,42.31424733775672,41.12494100993363,40.47522151443152,27.700649535813767,41.86697118126119,43.96558195748403,0.15389949984389317
3025,42.399088968905225,42.29852253718915,40.87532870536249,40.629388147632966,24.72067694861491,41.872192415843756,43.938083967344156,0.15389949984389326
3026,42.38747341997493,42.111262292341195,40.719004917702755,40.27642912652941,25.305798813105383,41.493979953552426,43.92646841841386,0.1538994998438931
3027,42.393056934421395,42.28994728179189,40.68919199967949,40.48280891184182,15.203095855952565,41.89652269577891,43.932051932860325,0.1538994998438932
3028,42.413639435153804,42.27251553560334,41.10514810525561,40.41898162935706,31.667839441924286,41.90457251696961,43.953114213699585,0.15394747785457838
3029,42.396065270371004,42.19102029398364,40.764123850491345,40.46027606812929,23.916895757423962,41.58903814423661,43.935797088495065,0.15397318181240607
3030,42.40101496828316,42.18150034188453,40.5180112325822,40.240099944602115,21.8384286012245,41.57496077849927,43.94074678640722,0.1539731818124063
3031,42.392463101044676,42.25218591450541,40.281148919605364,39.348172783397295,26.99487368438416,41.620187515553994,43.93219491916874,0.1539731818124062
3032,42.39589038018697,42.18891942386219,40.55212274215769,40.07104605191766,29.788058417560656,41.377363850241885,43.93562219831103,0.15397318181240616
3033,42.39157796660403,42.268721154374816,40.83838259788134,40.175178116328055,30.045251500313547,41.70065361238996,43.93130978472809,0.1539731818124062
3034,42.40200706557673,42.228243263718916,40.63621822856632,40.05030778412551,30.259497053196178,41.6175285980068,43.94173888370079,0.15397318181240616
3035,42.378327076021904,42.26471136785925,40.9267262771346,40.01057151225319,30.18315444766827,41.79040531966652,43.928247638433696,0.15499205624117907
3036,42.41630618506753,42.213392128587806,40.4012726120553,39.70484043901625,25.711879391281276,41.63023706603439,43.966226747479325,0.15499205624117912
3037,42.40128103458898,42.305652428823244,40.71001794382016,40.41721591955517,27.939995634105703,41.57445592860247,43.951201597000775,0.1549920562411791
3038,42.37340825950658,42.20228531487434,40.861452474071356,40.8099447525521,27.372533328866112,41.75606254763768,43.923328821918375,0.15499205624117893
3039,42.395122981343455,42.14992078469686,40.367590487967405,39.61234159390444,28.669499648555185,41.39215804012282,43.94504354375525,0.154992056241179
3040,42.404025834615126,42.190609833579146,40.32143218042777,40.23096344646591,22.3017955074405,41.56283038297636,43.95394639702692,0.15499205624117895
3041,42.37975245568255,42.19536907933349,40.7201316633559,40.237826386500195,26.43903309195856,41.725255711353,43.92967301809434,0.15499205624117884
3042,42.37246382756141,42.21377064542472,40.82668845902524,39.9809922603888,31.438820636873228,41.69238036580765,43.9223843899732,0.154992056241179
3043,42.37624880881014,42.29945762964834,40.452996498236615,39.460944981642555,22.438625717817736,41.657867977290465,43.92616937122193,0.15499205624117895
3044,42.37731946610082,42.28171377159686,40.90583709768111,40.59602209826407,26.32683591473779,41.73389038266773,43.941694426220074,0.15643749601192491
3045,42.37374330572112,42.185044731004616,40.37523728753095,39.98381554005317,21.962251638538202,41.29612302978991,43.93811826584037,0.1564374960119251
3046,42.39486072581153,42.273845149347935,40.58167833000116,39.90438770860024,29.897238572141067,41.72339979208816,43.959235685930786,0.15643749601192497
3047,42.37966914729453,42.239484215494876,40.730281857994896,40.18385411103305,27.335678279572072,41.84868108590979,43.94404410741378,0.156437496011925
3048,42.380454877499176,42.25340802731943,40.86495535300067,40.61164307980369,26.781168618484358,41.621661869469534,43.94482983761843,0.1564374960119249
3049,42.36404761113819,42.25319362519696,40.56457222232874,40.34719635382934,25.43461556316239,41.6397369641558,43.92842257125744,0.1564374960119249
3050,42.37424897296904,42.26328758129468,40.73527298146227,40.21719808941067,29.828657162187977,41.69220370518063,43.938623933088294,0.156437496011925
3051,42.370894579777996,42.227653906723305,40.79110757421052,39.99858925853955,26.516844156359504,41.844399551233124,43.93526953989725,0.15643749601192503
3052,42.38377109880711,42.1660970319964,40.67066745446206,40.02940193174341,18.44232911995642,41.47431126860772,43.94814605892636,0.15643749601192503
3053,42.38014350332991,42.180791185101,41.0723814105376,40.90858633492337,32.03854872697401,41.79208332609973,43.944518463449164,0.1564374960119251
3054,42.370789523762184,42.26864679015177,40.93946675352185,40.42436958646334,30.822006605936302,41.748657453967965,43.93516448388144,0.156437496011925
3055,42.39512159420941,42.22718238786306,41.07684313320842,40.529218064930234,31.57079165668613,41.83684825040875,43.959116364932335,0.15639947707229293
3056,42.383601846408524,42.25566672567051,41.12285460111395,40.74266159786135,29.818204223526266,41.87215527656447,43.94759661713145,0.1563994770722929
3057,42.38240179668011,42.15304314338898,40.731363611906055,39.9132401048045,29.677948145729083,41.39668541227687,43.931942169695574,0.15495403730154703
3058,42.404184705098025,42.29199113988352,40.555188374453586,40.244781787504046,23.692170186587113,41.7900353995623,43.95372507811349,0.1549540373015469
3059,42.369618037640116,42.241057545936165,40.5941152114129,40.0634324733921,22.42721639412535,41.63117985357759,43.919158410655584,0.15495403730154708
3060,42.37792219635511,42.2709251579759,41.05397379514902,40.620446363924124,31.062032171854472,41.82434491077956,43.92495430111386,0.15470321047587465
3061,42.40677840049981,42.19106952668015,40.44663730798577,39.714184061176574,12.190221768003,41.57743580032309,43.95381050525856,0.1547032104758748
3062,42.38203179649359,42.13096665121226,40.3617115625062,39.61701807983418,19.475245369718046,41.461365112567094,43.92906390125234,0.15470321047587468
3063,42.40340594847989,42.30177139877884,40.922379554795796,40.10446076860319,32.31881418917379,41.8881773478573,43.95043805323864,0.1547032104758747
3064,42.40278512823423,42.29457356690238,40.77974855207515,40.45641068868517,24.116226696624604,41.76778836758825,43.94685044325466,0.15440653150204303
3065,42.398043382359525,42.12940935020704,40.76523310763112,40.18883533538528,23.309070138797548,41.511344314852046,43.94136169300758,0.15433183106480547
3066,42.37901852526984,42.29308630027278,40.49830514243412,40.35727029219787,-7.056790562075911,41.74789200541418,43.922336835917896,0.15433183106480558
3067,42.40368866892162,42.211335433768454,40.26856864721666,39.43235591690586,20.111859910223366,41.751282264177284,43.94700697956967,0.15433183106480552
3068,42.38387422778398,42.284158374155986,40.86800452059832,40.357538454272785,30.5569635491681,41.93477526830156,43.928173965685936,0.15442997379019618
3069,42.38372305500644,42.25626134388589,40.362876732584844,39.59184420571826,15.022359820861897,41.737289653453296,43.9280227929084,0.15442997379019616
3070,42.388763175895434,42.30442262256797,40.79748509592737,40.688772750808624,22.637539737264603,41.81476678225421,43.936013889551724,0.15472507136562882
3071,42.39664249000465,42.27400239286471,40.94899879700294,40.44431690957371,27.490721519510405,41.93536729077039,43.94389320366094,0.15472507136562874
3072,42.39450985308683,42.27003535246073,40.42579908868738,39.98655408865968,18.04989456389979,41.59959394510547,43.922900332993656,0.15283904799068265
3073,42.403315645385874,42.306140102951304,40.51687661831121,40.18246717298934,19.60682663332944,41.874261412476315,43.9317061252927,0.15283904799068268
3074,42.42012176503482,42.32213338070195,40.19228030254924,40.1591400998603,-12.285794948927638,41.78307713405698,43.94851224494165,0.15283904799068265
3075,42.430909605668816,42.20971799954517,40.90617351334897,40.35231475102066,31.127706763949345,41.7275559783763,43.95930008557564,0.15283904799068274
3076,42.40700737503241,42.32084944402986,40.671275270920354,39.55617995976439,29.566816892358165,41.82203874944369,43.93539785493923,0.15283904799068274
3077,42.40923994958956,42.2777952177002,40.775747923351275,40.135302970650706,27.399037529788156,41.576948795864745,43.92796649266891,0.15187265430793478
3078,42.43553895367444,42.29451606387293,40.94987200428017,40.64197591022382,23.301291556392886,41.83045587015724,43.95400935923343,0.15184704055589943
3079,42.41764513043828,42.32789384728959,40.30972149952047,40.08783344491417,-1.5184458911646104,41.80922202257644,43.936115535997274,0.15184704055589948
3080,42.43145942929113,42.332078061696066,40.81199562857186,40.24704050361602,14.810123406344683,41.86475452734966,43.949929834850124,0.15184704055589937
3081,42.425903459761074,42.28874022202592,40.82236626024249,40.512260596901314,21.970451209080817,41.859275047179395,43.94437386532007,0.15184704055589932
3082,42.435735171873745,42.26692764611658,40.44365298039777,39.706168063364,22.60892888712168,41.753597809132884,43.9506574435404,0.15149222716666577
3083,42.432281017305385,42.32667292007514,40.88501956324757,40.00380180120092,30.629984765827274,41.91711589130598,43.93794371816178,0.1505662700856397
3084,42.429501694517626,42.29162847854494,40.64164324198591,39.6999984846357,31.086021080451154,41.50545779714231,43.935164395374024,0.15056627008563964
3085,42.43337332635343,42.35817420666991,41.13360866486849,40.75182064426279,27.34049333411035,41.863522211945735,43.94079720931498,0.15074238829615452
3086,42.418855253580254,42.33437516666026,40.74973400654178,40.24093218913414,24.07586569408452,41.673195652945076,43.9262791365418,0.15074238829615444
3087,42.443454102154476,42.29822021005896,40.94780294707175,40.55094516884112,26.391401260996126,41.83444509371755,43.95087798511602,0.15074238829615458
3088,42.43326552638309,42.22867706083201,40.214431922962234,39.86694848112732,13.173696933195355,41.5834119962514,43.940689409344635,0.15074238829615452
3089,42.40933213863393,42.30440137133715,40.34663768731601,40.12046898798104,21.709615893977823,41.682946217439884,43.916756021595475,0.1507423882961545
3090,42.43671507930298,42.29874741328163,41.20977917604812,40.946670275485005,27.424706649778948,41.90411827203212,43.944138962264525,0.15074238829615447
3091,42.42461779549859,42.30463770913191,40.61527870595463,40.28622702709751,27.26912948837485,41.655934969853014,43.93204167846014,0.15074238829615452
3092,42.43958133390615,42.343573879871286,40.909512425622985,40.39818722623998,19.773005223033827,41.8163597929067,43.947005216867694,0.15074238829615455
3093,42.420595437842195,42.26073215558454,40.3945313615583,39.75985278394794,19.720921659804723,41.667585433651546,43.92801932080374,0.15074238829615447
3094,42.424629889989724,42.31759796557295,40.83123759981447,40.55927283012545,16.965345150841138,41.79686297860579,43.93205377295127,0.15074238829615452
3095,42.41790952196972,42.262406079774934,41.12354726719309,40.51054944773435,35.141674803623836,41.739216015708195,43.925333404931266,0.15074238829615447
3096,42.40219726231611,42.29275879512687,40.36860441615972,39.87999278835855,17.104296060952308,41.672344887664295,43.909621145277654,0.15074238829615455
3097,42.418012449373954,42.2487279625931,40.82653627002338,39.84484109279288,31.505143073139187,41.75309958570462,43.9254363323355,0.1507423882961544
3098,42.45418168217493,42.29290320147547,40.55522240794311,40.36805981418225,22.147034416356554,41.70632148061965,43.934869889585826,0.1480688207410897
3099,42.436387002383235,42.21803180553833,40.808058339506964,40.2659401042448,26.393590266929323,41.66209999031432,43.91707520979413,0.1480688207410896
3100,42.44146658365156,42.23323248727774,40.39528789262809,40.27383072778685,-8.303379665830711,41.62612152758915,43.922154791062454,0.14806882074108962
3101,42.445579278762416,42.327516846730326,40.809831895694366,40.65732443597033,18.163267517284496,41.72630295158319,43.92626748617331,0.14806882074108957
3102,42.45105907594658,42.206932081996904,40.7638758139516,40.41134321192758,19.668196315257585,41.693817141426834,43.93174728335748,0.14806882074108965
3103,42.44923975225112,42.3505226803485,41.116274049313446,40.704009258268506,26.703709079798145,41.940656190578196,43.92992795966202,0.1480688207410897
3104,42.44774443677561,42.3079868604955,40.69002975877412,40.425358955560064,15.07830264363735,41.90273709978828,43.92843264418651,0.14806882074108965
3105,42.44772822909029,42.29263633037809,40.558873735376444,39.73380924781159,12.429187272912579,41.78002160618786,43.92841643650119,0.14806882074108962
3106,42.44115757109429,42.35485320577144,41.236210327544164,40.422913548489596,34.158251720269774,41.99021091941645,43.91878697238276,0.14776294012884714
3107,42.460587744579165,42.32433162183547,40.85611724397741,40.56967047381099,28.613308524175018,41.7945283620992,43.93869577595996,0.14781080313807934
3108,42.470364487278424,42.33466343480112,40.73183538247489,40.021108975493945,30.93072660483007,41.6957301377458,43.9591671697355,0.14888026824570763
3109,42.42986261767675,42.2751997952522,40.89087659978243,40.45178775281895,9.625518812454196,41.948947175899406,43.918665300133824,0.1488802682457077
3110,42.44271042162569,42.29868796683954,40.77602887894647,40.487415462159824,30.824189721648388,41.65632887618191,43.93151310408277,0.14888026824570766
3111,42.45184919014287,42.348979147651605,41.068476166423935,41.188408491428724,24.15938863469471,41.991401258657106,43.94065187259995,0.1488802682457077
3112,42.436838143637196,42.304760204201045,41.12176062304266,40.7281453329955,32.19425093635496,41.89128586724932,43.90990580593562,0.1473067662298429
3113,42.45871299940673,42.25808652887242,40.80597483026922,40.16062950789059,31.063373909827924,41.657936886997916,43.92668829319611,0.14679752937893825
3114,42.436883840616275,42.24344423719343,40.92501902200882,40.108335928667884,29.987641967291225,41.675291258105325,43.90485913440566,0.1467975293789383
3115,42.43680469600643,42.352668019653244,40.62112072903897,40.14886694141232,26.49105599320388,41.74357075549409,43.90477998979581,0.1467975293789381
3116,42.43035660996253,42.24015506323488,40.67395754558891,40.16942460085182,30.38646039532841,41.55743091291136,43.89833190375191,0.14679752937893822
3117,42.44623867371241,42.289630193600345,40.668188648930034,40.147854617877044,29.918741573619158,41.3903557338263,43.914213967501794,0.14679752937893836
3118,42.446415111923564,42.2877626232209,40.766884294018844,40.29905864220507,25.290078323594464,41.827048684145055,43.91439040571294,0.14679752937893814
3119,42.44384600689722,42.34779428103752,40.83999301523782,40.51306618199151,27.77893859938737,41.81156893169647,43.9118213006866,0.14679752937893825
3120,42.43419728371383,42.26645558510131,40.42699171426099,39.51711392783987,28.69207847889298,41.28215474255559,43.896006627484596,0.14618093437707666
3121,42.442651893602154,42.3334787263027,40.992071201415584,40.57162875903109,31.474110636421432,41.8197571936975,43.90446123737292,0.1461809343770767
3122,42.4377469564872,42.327390460999865,41.02647040993806,40.66673528566565,25.281860611668755,41.86768535376946,43.89955630025797,0.1461809343770768
3123,42.44662751278887,42.344436456167855,40.57772434747192,40.30272374870938,22.18826371903277,41.80111983548211,43.90843685655964,0.1461809343770767
3124,42.42849734419681,42.30162339966214,40.755691290686784,40.09222866206647,30.771729661363253,41.51952606597388,43.89030668796758,0.14618093437707672
3125,42.43721574679128,42.34528265631636,40.88060380071066,40.402244981013425,27.481796135314262,41.8571630870736,43.89902509056205,0.1461809343770767
3126,42.46254382678223,42.17046670145173,40.57895575495408,39.812953663574106,29.746178811666805,41.66794667466337,43.924353170553,0.14618093437707674
3127,42.440121879589384,42.356811605103985,40.5287188709681,40.11191066236813,27.492296791244414,41.72596339967939,43.91143605192261,0.1471314172333226
3128,42.43323063703716,42.32595551221644,40.63712089295561,40.75195312656008,5.008773104637854,41.854914423187154,43.8987070746751,0.14654764376379414
3129,42.44902386999115,42.244660133783185,40.36446608198593,40.271963447457736,-7.193256802309911,41.60458188400507,43.91450030762909,0.1465476437637942
3130,42.45506552969376,42.27057174191003,40.84852653833,40.57033168203626,30.087182610830325,41.793016376538944,43.9205419673317,0.14654764376379423
3131,42.4451752479518,42.314948096041924,40.762429583103625,40.4025345760005,27.778028169221276,41.698081172197284,43.91065168558975,0.14654764376379434
3132,42.46225621705371,42.31688663392507,40.83903125189032,40.02100415317494,31.54554921995425,41.76623328401804,43.929624778054546,0.14673685610008388
3133,42.435051769840996,42.32611945787262,40.837050798532374,40.369809650992835,25.975717390665523,41.70119869910552,43.902420330841835,0.14673685610008388
3134,42.43825123899896,42.186035001550984,40.318275517398845,40.122453086371166,7.352465243053061,41.71279420607864,43.9056197999998,0.14673685610008383
3135,42.43434608932062,42.230261346845374,40.76491922253115,40.44251268341832,27.423279388449878,41.74149863952779,43.90171465032146,0.14673685610008402
3136,42.421640742842385,42.088804547562056,40.39184199453826,39.99710342039767,22.393311494121466,41.42319862939272,43.892552535047464,0.14709117922050768
3137,42.42150124578083,42.20506800757219,40.36115684127464,39.42576717468986,21.306498002576237,41.59181119979011,43.89241303798591,0.14709117922050768
3138,42.443784881168256,42.274568956816296,40.439524186061526,40.12152636804997,8.451721168834304,41.67666786368606,43.914696673373335,0.1470911792205077
3139,42.440854767184035,42.32039956743088,40.796332444887184,40.50043870941766,22.1619489524101,41.76271990427382,43.911766559389115,0.1470911792205077
3140,42.46020837730528,42.23829227039037,40.65440919199377,40.1759216685473,24.24655594704568,41.6965082179624,43.93112016951036,0.14709117922050774
3141,42.43636533743889,42.33866452520466,40.856980419810725,40.25204888415765,27.500843749026387,41.734621406652764,43.90787968923004,0.14715143517911508
3142,42.45253680639149,42.287783260068885,40.22451565134122,40.370618195688984,-12.465832156221957,41.69840796747323,43.92405115818264,0.14715143517911508
3143,42.42159412175108,42.33518003824816,40.46772035742407,39.95832235048061,17.843496491616072,41.85887708605149,43.89310847354223,0.1471514351791152
3144,42.45172320587458,42.20200550947954,41.05237134058933,40.84025425817175,28.10639666538745,41.714975772229,43.92323755766573,0.14715143517911497
3145,42.4488840668393,42.34713825762433,41.07779590087814,40.76437469267167,32.447259618736496,41.88866912101094,43.92039841863045,0.1471514351791151
3146,42.43918856993783,42.2809481679848,40.47111530480409,40.381809093984,13.662592232068175,41.78832315589504,43.876626286023516,0.1437437716085683
3147,42.444542729781,42.3212266170894,40.869934835239455,40.5447106043933,30.582916556281177,41.943693172302304,43.88198044586668,0.14374377160856824
3148,42.44562398194336,42.32529635039826,40.85956872523001,40.64428157840087,8.37704267867693,41.85285760613005,43.883061698029046,0.14374377160856835
3149,42.4686716660751,42.32721661423332,40.97925931598594,40.19045989287777,30.89260359146205,41.75776286367046,43.906581485920725,0.14379098198456228
3150,42.47229204065788,42.308858806089766,40.994137350044646,40.625964547621884,29.408374227348894,41.78453483559794,43.9102018605035,0.14379098198456233
3151,42.46391060866086,42.192593742324355,40.79854604695114,40.554515896306256,24.046517809504905,41.855636912342874,43.90182042850648,0.14379098198456217
3152,42.42928462903784,42.33539290297101,40.420239355755875,39.32478103089592,21.965587931800094,41.63175499307362,43.866400120648734,0.14371154916108983
3153,42.4530438055444,42.29433247136135,40.436468164943214,40.28806797393908,23.993282911720726,41.677347751365595,43.882292802757576,0.14292489972131772
3154,42.459397185167546,42.26598129235852,41.0820166291999,40.43291348090955,32.65293930123328,41.92994417393231,43.888646182380725,0.14292489972131775
3155,42.44241319457253,42.316164304300685,40.57339758457356,40.24838055415685,26.31817577131603,41.6855677004818,43.87278553647204,0.14303723418995032
3156,42.45191834768743,42.39563099786069,40.49956983031962,40.122339771272344,13.150561162190982,42.040632216238066,43.88229068958694,0.1430372341899503
3157,42.45607324118068,42.31398654855157,40.55333200016569,39.71340097439604,21.670315484569805,41.849967914537686,43.88644558308019,0.14303723418995043
3158,42.4553125726175,42.33918802991244,40.834372672346724,40.63413995083981,28.30136311220004,41.98101584328894,43.88568491451701,0.14303723418995035
3159,42.443271251934995,42.314139891821746,40.74950321894236,39.60648896576563,28.272722877611912,41.75864526978452,43.8736435938345,0.14303723418995043
3160,42.44941162734451,42.318413299589025,40.717394913145824,40.099503809094266,26.43668606075618,41.69168491928736,43.879783969244016,0.1430372341899503
3161,42.448708953821104,42.270735588385726,40.70213788693552,39.93381468823593,24.90147248564832,41.69829107283506,43.87908129572061,0.14303723418995046
3162,42.45558790159642,42.34665215827919,40.22879607739378,40.1541352410632,8.114878080337775,41.79478877523381,43.88596024349592,0.1430372341899506
3163,42.470699622094195,42.304454197422125,40.87412389995132,40.59433499338603,32.34809478255655,41.675561756459444,43.9010719639937,0.14303723418995046
3164,42.446353923378496,42.349980738058115,40.74947409685454,40.208330090046765,30.29315980242935,41.77792510559814,43.876726265278,0.14303723418995037
3165,42.467959198398994,42.35336209067028,41.06360312188923,40.53359003285609,28.659820564476156,41.930431970518036,43.90108576900184,0.1433126570602842
3166,42.44358903333937,42.22669186031538,40.78719100408634,40.359212703564815,29.51849288129734,41.61438295301494,43.876715603942216,0.14331265706028418
3167,42.44295087349706,42.295127235523765,40.74930868272051,40.322680589043685,23.865625135948275,41.61487645492795,43.876077444099906,0.14331265706028415
3168,42.47080594943222,42.33844143573338,40.77081866514447,40.68422949684742,23.89636334979599,42.00951431169226,43.90393252003506,0.14331265706028432
3169,42.45505147701844,42.3411417665515,40.789834357665555,39.772193087108796,31.234973167665324,41.52539271695685,43.88817804762129,0.14331265706028434
3170,42.47173768716081,42.35488746298311,40.444329330413964,39.643280612504554,27.288055554087688,41.80613230550317,43.904864257763656,0.14331265706028423
3171,42.449895626173216,42.306638379971055,40.66719009043311,40.14686216172377,27.4662228797875,41.59214690272478,43.88302219677606,0.14331265706028432
3172,42.43447135040249,42.29245356498603,40.897081686457426,40.31953360423872,33.243231513588846,41.734847442557815,43.867597921005334,0.14331265706028423
3173,42.44992315226867,42.33732902783059,40.86129277178192,40.450237791624886,31.89538617269116,41.899416788705715,43.88304972287151,0.14331265706028423
3174,42.45190232792964,42.37519334474403,40.91473569171147,40.296681646449876,29.950428664843987,41.880044776139194,43.873809439995945,0.14219071120663093
3175,42.49216243083459,42.368798769986746,40.889019200428834,39.99399480559658,33.01070490232732,41.80687588558191,43.90665644048789,0.14144940096533004
3176,42.47440359291275,42.30029548652672,40.72826836817648,39.954574955430004,27.666093558851273,41.75720754839942,43.888897602566054,0.14144940096533007
3177,42.45949996915391,42.31537834615709,40.542160710368094,40.26080216425426,28.178543137413254,41.658238011909134,43.873993978807206,0.14144940096532993
3178,42.46403260030558,42.29811404170357,40.91295620439652,40.359140761594894,32.34173939786547,41.615080801277635,43.87852660995888,0.14144940096533
3179,42.47717046600668,42.346920886902524,40.82220738624037,40.399913100049645,23.823631508445427,41.854796793226186,43.89166447565998,0.14144940096532996
3180,42.481362641799144,42.35646429670543,40.77940150547614,40.43511283408878,28.20933295809582,41.780746220431325,43.89545361809787,0.14140909762987236
3181,42.45948925804936,42.20317201487854,40.344000813862344,39.4942337498527,27.44805037128953,41.5387562028921,43.87358023434808,0.14140909762987228
3182,42.46802925519272,42.37522626362752,40.58823742389449,40.09112922492223,21.066039986558344,41.813969749435905,43.88212023149144,0.14140909762987225
3183,42.481302359257576,42.160736980385835,40.501922231793074,39.688878622395066,30.39167790067784,41.31941783534781,43.8953933355563,0.14140909762987222
3184,42.46636994527704,42.28714871088305,40.455311095128465,40.246670483265,-5.6296480435621845,41.59239790676496,43.882323008712426,0.14159530634353876
3185,42.46063091656157,42.31931810253862,40.81816529923559,39.81261602950475,21.727638201529444,41.762325309275205,43.87658397999696,0.14159530634353873
3186,42.471553980471896,42.34894232400312,41.055449115860625,41.20579409926412,19.682328858056483,41.97561626206878,43.88921617543891,0.14176621949670123
3187,42.46796934430595,42.19488229159113,40.21543699446712,39.311754100863475,23.573428183205195,41.48839035834812,43.885631539272964,0.14176621949670118
3188,42.47679073083753,42.28100554606039,40.561713138798545,39.586956015270665,27.558738370779434,41.534697462941764,43.89445292580454,0.14176621949670126
3189,42.47987331539849,42.25777347722993,40.76263694231991,40.22762540708503,31.170188578529093,41.82424104581011,43.89753551036551,0.1417662194967013
3190,42.464208238618504,42.37419998252923,40.67452211387145,39.89133346197128,24.78020441863798,41.925874160127485,43.88187043358552,0.14176621949670123
3191,42.47735188317646,42.29945068490618,40.98350133659282,40.57185578694194,27.43623634759867,41.76236963512331,43.90078392897098,0.14234320457945215
3192,42.47178138513652,42.32144800318618,40.914343651391654,40.716750412755346,22.55097573091095,41.984995933945264,43.89521343093104,0.14234320457945204
3193,42.48684987974087,42.344558159857584,40.99135911119141,40.911933934917755,13.056633682411551,41.96830541491366,43.910281925535394,0.14234320457945204
3194,42.45952583785217,42.36924624645865,40.74899608433783,40.15812882445704,23.27626721509594,41.76265496252671,43.8820390962946,0.14225132584424308
3195,42.465624674098514,42.31930472608923,40.78609089114038,40.31011161009575,17.67579040411796,41.78136384275382,43.88813793254094,0.142251325844243
3196,42.46900583663843,42.3506429139956,40.16562986691486,39.90607449603631,14.744759477683623,41.876702052681054,43.891817984446746,0.14228121478083133
3197,42.43202977081665,42.37098052823647,40.54714441946611,39.72674978285753,27.93332467355865,41.95634941913477,43.854841918624956,0.14228121478083108
3198,42.46258855194816,42.362161682356074,40.560848335733496,39.85728041477632,23.26369709236311,41.66236736424348,43.885400699756474,0.14228121478083125
3199,42.47605980145829,42.348218857378555,40.71835427230576,40.17954657988516,31.88604311804601,41.715232973181635,43.8988719492666,0.14228121478083108
3200,42.45408668830549,42.355485282145544,40.86372025948642,40.235661695818166,21.214393139795558,41.9358018461916,43.8768988361138,0.14228121478083125
3201,42.45906861317332,42.336870361852654,40.56264939867256,40.417471650070965,16.676989784899114,41.923132590949585,43.85163379015716,0.13925651769838354
3202,42.47387013384788,42.371127668552155,40.50597864875293,39.82109642042262,27.418150929657443,41.96132726766473,43.86643531083172,0.1392565176983834
3203,42.47398408483133,42.25001975793661,40.99333711484905,40.35890017815721,34.609401444248356,41.714060611766456,43.866549261815166,0.1392565176983834
3204,42.54653893585115,42.338883555426314,40.63263316372223,40.141543087961935,22.81922214002671,41.70922033565533,44.24463133144184,0.16980923955906832
3205,42.558564053084325,42.338698523386014,40.9261606664237,40.47817868570445,25.24945079998873,41.76869609433075,44.25665644867501,0.16980923955906818
3206,42.57761828177881,42.46631671521673,40.582781549699675,40.20539710433795,-1.6813793157281651,41.93439209330107,44.27571067736949,0.16980923955906807
3207,42.55189395680478,42.38409314363843,40.988107974973126,40.85215656852162,26.499599291413823,41.81640586408331,44.26081970960663,0.17089257528018453
3208,42.56961095112557,42.4431195277881,40.57925205867713,39.86472924228139,8.560285786399305,41.89221490904448,44.278536703927415,0.17089257528018456
3209,42.55142188774302,42.45608424206327,41.13091003043956,40.58929828141653,33.404691416825855,41.99368785127109,44.260347640544865,0.17089257528018464
3210,42.53693299056789,42.39791565163711,40.95847975673333,40.45199889684977,30.355001605225468,41.70442848892944,44.24585874336974,0.17089257528018467
3211,42.555457494548335,42.33123408421279,40.38398425307596,39.59039985119592,21.89497422260933,41.75635121225284,44.26438324735018,0.17089257528018462
3212,42.548762285974085,42.439169464421816,41.26380495259299,40.91700609140058,32.51869201292895,41.80964389051626,44.25768803877593,0.17089257528018442
3213,42.54942612171009,42.41540543033913,41.00162051866307,40.519593891164035,19.934579072767036,41.99825104225852,44.251833266031824,0.17024071443217323
3214,42.554819701584094,42.446860554629424,40.83449853721558,40.35239793945879,29.051928547950986,41.80060282298322,44.25722684590583,0.17024071443217315
3215,42.55244423268256,42.41163855401435,40.63196043330445,40.27826065115424,24.408955798972286,41.94846683259166,44.25485137700429,0.1702407144321732
3216,42.55545198845648,42.465247032033695,40.99013037142331,39.825815759912516,25.00004722862932,42.03053137868386,44.27369798087179,0.17182459924153057
3217,42.54594073415159,42.41079031319553,40.79141181094184,40.76353056508207,25.709911540319403,41.934177754725255,44.2641867265669,0.17182459924153082
3218,42.56145588566476,42.36157898615837,40.9259851117782,40.415699165174345,21.54186930253637,41.854038471423,44.27970187808007,0.1718245992415306
3219,42.566984624047585,42.43817554450759,40.74241209437228,40.23702458452045,30.387188132755508,41.65819049814961,44.28523061646289,0.17182459924153062
3220,42.5366549776479,42.41838438573416,41.00583490505493,40.304788690524006,31.233589866996073,41.88911178383686,44.254900970063204,0.17182459924153062
3221,42.52727025614591,42.33504415295391,40.92186634181797,40.15372692493057,27.70574359149221,41.67230748348308,44.245516248561216,0.17182459924153068
3222,42.54611993176024,42.463445774794785,41.045661857251545,40.324300387361944,31.576871273265155,41.92779763499907,44.26436592417554,0.17182459924153073
3223,42.570451724575165,42.44850371882124,41.23304864182334,40.65447477956971,33.24376391802707,41.849837877511916,44.28869771699047,0.17182459924153065
3224,42.53035272640813,42.396143069149296,40.640372403800114,40.239635259544364,-11.402588029865946,41.94217538196896,44.24859871882344,0.17182459924153068
3225,42.56559657589068,42.432809802875866,40.73303210044528,39.999155762313926,26.109749038771916,41.67769488173179,44.28295131736785,0.17173547414771725
3226,42.61874712755266,42.43973225789988,40.87320189484536,40.495313322781946,32.18909470852728,41.856406032774814,44.33610186902983,0.17173547414771734
3227,42.593515543076315,42.4702479149401,40.692163393964975,39.99509964330059,19.548130066432808,41.877953156438394,44.31087028455349,0.17173547414771725
3228,42.596138213137614,42.437746153408916,41.27140558080836,40.69428054934882,32.736445902835925,42.095789774188546,44.31349295461479,0.17173547414771737
3229,42.59294281996165,42.47094893202278,40.90232459498107,40.83806810569354,20.30622214251629,41.96039489621259,44.31029756143882,0.1717354741477173
3230,42.580462581722806,42.49518481898136,40.81158623444007,39.641081817600124,30.442300537469634,41.84488441961571,44.29781732319998,0.17173547414771734
3231,42.58408028263353,42.30102620405222,40.57302444792149,39.887367874580676,23.104742803971668,41.64294051592786,44.3014350241107,0.17173547414771728
3232,42.599614437829864,42.440526900298366,40.563762945782614,40.0472911700177,17.11762902897749,41.69628810920011,44.31696917930704,0.17173547414771737
3233,42.57759207574308,42.401318353900265,41.07527852969894,40.332721936945156,35.617798923980786,41.697108073506186,44.29494681722025,0.1717354741477174
3234,42.58131851620983,42.46018357268514,41.16577193178585,41.05598070314669,22.226805041974988,42.076348601173684,44.29867325768701,0.17173547414771734
3235,42.60635653776509,42.25147989281841,40.48058935034325,39.45307464814369,8.187230692987193,41.561325200730735,44.32371127924226,0.1717354741477173
3236,42.5813966735932,42.49046050694278,40.91698123742741,40.177433835513106,31.944995291225936,41.72538181125267,44.29875141507037,0.17173547414771734
3237,42.59940027138667,42.43658772411792,40.89622110483293,40.53577987921858,22.63386390358275,41.81460941077108,44.316755012863844,0.17173547414771723
3238,42.59423719965072,42.39421233654568,40.712571250477254,40.15622985217806,19.521877667127075,41.802826116725754,44.311591941127894,0.17173547414771734
3239,42.600557650817926,42.502212695504035,40.54807537145564,39.95051960975027,16.873669106400378,41.94211377708622,44.323403100766505,0.17228454499485776
3240,42.5800598702949,42.48808372842126,40.92536237570406,40.403301744429164,13.237643463791034,42.00215196328223,44.289316710570766,0.17092568402758607
3241,42.6019196625591,42.47609826134387,40.941229808015606,39.91203111508248,23.57285398471414,41.83178130224863,44.31117650283496,0.17092568402758607
3242,42.59119667853983,42.49268827332019,41.13630134690248,40.4388699983205,34.97541875735739,42.08336252277016,44.30045351881569,0.17092568402758593
3243,42.629128279713356,42.452297283408015,40.86851107914522,40.37115926956201,19.784799732117452,41.739094402578104,44.33838511998922,0.17092568402758598
3244,42.60710244746156,42.47969333272918,41.137874649208555,40.563065067182855,31.525164266796313,42.193497975498104,44.31635928773741,0.1709256840275859
3245,42.58872979437275,42.47190258942792,40.781259309593565,40.17500193579862,25.889012383196167,41.83108527117304,44.297986634648616,0.17092568402758596
3246,42.609698470595426,42.477680633651346,41.11633049508871,40.70335429092829,32.02812102636,41.86467407069732,44.31694452106589,0.17072460504704648
3247,42.62223317496991,42.47042243770243,40.670510458370714,40.385840228358404,1.4806192657218276,41.94795986272031,44.32947922544037,0.1707246050470465
3248,42.60056514001153,42.41962203629383,40.62037847493788,39.8981942445591,21.247911844805934,41.773086592836236,44.307811190482,0.17072460504704645
3249,42.61202674222937,42.463674695559455,40.909128219868414,40.270860573156824,28.656696032644938,41.88106551303621,44.319272792699834,0.17072460504704642
3250,42.61194070954882,42.41028894246874,40.75740889964421,39.593662104313985,33.1981426843755,41.72153476757339,44.319186760019285,0.17072460504704642
3251,42.60893023256173,42.45117169003894,40.658319807775115,39.81015545736545,28.10991348153104,41.65312078529975,44.3161762830322,0.17072460504704648
3252,42.59691009819217,42.43425049264685,40.75811719571851,40.50102057974954,22.913668261420558,41.843165882036594,44.304156148662635,0.1707246050470464
3253,42.59712911864719,42.488649435063216,40.485481475079965,40.22321933764285,-19.45932177071593,41.812551207381205,44.304375169117655,0.17072460504704648
3254,42.60748914983498,42.458731520643916,40.94535520766821,40.13468835149344,33.12108364278144,41.7255028998604,44.31473520030545,0.17072460504704653
3255,42.58766831605003,42.50828696371768,41.168953014686686,40.686362164233074,26.514929554748633,42.12047500547389,44.294914366520494,0.17072460504704648
3256,42.601178764555314,42.4141189237735,40.40247414384816,39.55191326524008,8.828603965544708,41.80471502951774,44.30842481502578,0.17072460504704656
3257,42.61305133118273,42.39553398511631,40.86718011292493,40.38295073210118,19.811893647677415,41.90223498058253,44.3202973816532,0.17072460504704645
3258,42.597101429183525,42.49642307422313,40.74157392387051,40.01405567176589,32.920904627075124,41.87809898741439,44.280146337059755,0.1683044907876229
3259,42.615187283729405,42.41904426675925,40.837849967932954,40.144345958227355,29.966299458379865,41.68506096162318,44.298232191605635,0.16830449078762297
3260,42.609176864248376,42.464202534536184,40.521053187045375,40.36058323751805,13.400355892220027,41.76027761365482,44.292221772124606,0.16830449078762294
3261,42.62145251152842,42.439471969769244,40.707136006263056,40.37390378489244,-2.8785013409070572,41.831173645598255,44.30466724376989,0.16832147322414748
3262,42.61284438201999,42.47894829231615,40.54827563061657,39.957130757116985,26.188580415678096,41.870484431786366,44.32575128869597,0.17129069066759767
3263,42.59533092112978,42.348977719156494,40.61809855608563,40.30732062370342,26.27901207373131,41.81821524447374,44.308237827805755,0.17129069066759772
3264,42.58776766022483,42.48803447100006,40.965252805703614,40.39719170499048,29.239278771514464,42.130904142016576,44.3006745669008,0.1712906906675978
3265,42.6036853949903,42.48293519984219,40.605090234973055,40.70239580102909,-16.561091999074826,41.85711875395306,44.316592301666276,0.1712906906675977
3266,42.604077992211884,42.49860880223991,41.01584015508509,40.3948825269803,30.512219719682214,41.92676723486051,44.31125976753493,0.17071817753230403
3267,42.587739914390085,42.45439529811642,40.91297247361331,40.0578027155828,31.095749533183426,41.90113284366912,44.29492168971313,0.17071817753230412
3268,42.60007246857323,42.428346392684126,41.190369317296096,40.72066082564655,27.4850162747817,41.88692316564371,44.307254243896274,0.17071817753230417
3269,42.62009767361811,42.487165319007595,41.14847177956953,40.56566616650329,31.47872981579209,42.0028507677325,44.332779586556825,0.17126819129387097
3270,42.580171008287294,42.516995673545345,40.68605008978727,39.49345387474206,27.396974175120594,41.96850062917166,44.292852921226,0.17126819129387083
3271,42.611140572316714,42.47683632347933,40.67485517080339,40.27438001864806,28.146168578399063,41.9830820790621,44.32382248525542,0.17126819129387091
3272,42.598322397382745,42.427556313650165,40.767874349024034,40.265059186737524,22.904239217385683,41.93161434703153,44.3166236507885,0.1718301253405755
3273,42.601834839898345,42.4251195480003,40.486394752685385,39.81933572254558,23.1099588691181,41.5268514305523,44.3201360933041,0.17183012534057573
3274,42.60202571431961,42.485149787156196,40.6955156648704,39.70260109507208,28.225216513324366,41.77737388995571,44.320326967725364,0.17183012534057562
3275,42.60419758152104,42.468868703087324,40.953248820239125,39.990809229962736,32.927212060615176,41.73832116738346,44.3224988349268,0.17183012534057557
3276,42.6013626499495,42.301539163251086,39.9225985485726,39.059310440819544,-13.56471853698907,41.30194951960871,44.319663903355256,0.1718301253405756
3277,42.57663850373869,42.428591923091545,40.44441631543397,40.0185493794633,-17.021304611406414,41.909945841702935,44.29493975714445,0.17183012534057562
3278,42.613972289488636,42.46063428193762,40.965999179255945,40.559005146234355,19.578670855006692,41.97788531701745,44.33227354289439,0.17183012534057546
3279,42.585554983301584,42.360000837302685,40.65163574346877,39.760097794008715,24.139509776827808,41.74225810389632,44.30385623670734,0.1718301253405756
3280,42.582878701917764,42.50713754158863,40.714261817606406,40.08133587235936,-1.6049680869419873,41.96313105576425,44.30117995532352,0.17183012534057546
3281,42.61385392094478,42.46898233707229,40.76436168225412,40.33718437166971,22.267015083427438,41.76368340902279,44.33215517435053,0.1718301253405756
3282,42.59739578259723,42.4152711301137,40.504691480062306,39.45327573199903,23.55299910207495,41.74173118779054,44.33872566959028,0.17413298869930466
3283,42.60888955358913,42.404275212037625,40.81565703565149,40.62140292732816,24.145107090023032,41.89007056258914,44.35021944058218,0.17413298869930469
3284,42.60496853754279,42.50220543383634,41.10412252990897,40.44213677159975,33.91714937799011,41.93278319070592,44.33001491181671,0.1725046374273924
3285,42.61758115267774,42.489761229064186,40.84311567916777,40.36834202297353,26.91729700521801,42.01007266454741,44.34262752695166,0.17250463742739247
3286,42.61454066003599,42.5359159882613,40.961381875158196,40.6129413184348,26.31907481595686,41.925366132965735,44.339587034309915,0.17250463742739244
3287,42.615318856741496,42.42115886717525,41.024241090581846,40.704680651432206,33.65880938986918,41.865522983807566,44.32683093294753,0.1711512076206031
3288,42.6496542050241,42.46477284750054,40.8677554180057,40.43963849739472,19.841572792965714,42.03432769531794,44.361166281230126,0.17115120762060282
3289,42.64647770714878,42.50662705573827,41.02298193414978,40.43475297542294,32.05215582172758,41.97724489439277,44.35798978335482,0.17115120762060312
3290,42.65978028633899,42.43289336143543,41.20225351814264,40.8627082991577,31.421478044828817,41.89916437803717,44.37129236254502,0.17115120762060299
3291,42.62182857114861,42.45822916793979,40.819533440358,40.02406435591495,29.66772274391931,41.95251282931804,44.33334064735464,0.171151207620603
3292,42.637108989498806,42.46986810297657,40.959209059672304,40.206455857482204,28.476715826389768,41.859339394265106,44.34862106570483,0.17115120762060293
3293,42.65565124028804,42.54713065826455,41.200558971517616,40.716574392277835,33.6052071115396,42.15613171350651,44.36716331649407,0.17115120762060307
3294,42.637487171475,42.51653782633463,40.95463152135048,40.58361418158432,18.89368477271597,41.99481243020172,44.35502484354178,0.1717537672066774
3295,42.631370961033426,42.53700646956762,41.165423597759116,41.05063424211366,14.92539774348694,42.1902383838915,44.3489086331002,0.17175376720667723
3296,42.62557487671037,42.51124701761232,40.71247385158662,40.16563591596757,19.49196687560774,42.02949000511448,44.34311254877714,0.17175376720667723
3297,42.621840658760206,42.524002777259945,41.05625351076955,40.44381443266372,32.08315054419147,41.98126144261228,44.33937833082698,0.17175376720667737
3298,42.61572202463493,42.48619302163521,40.82727724763211,40.39013041666866,22.006870082952428,42.03227916087221,44.3332596967017,0.17175376720667726
3299,42.632409274629524,42.516624619791806,40.700432890158744,39.88389828795146,27.275064750771065,41.88770224588549,44.3499469466963,0.17175376720667745
3300,42.60983576794607,42.50809345190846,40.95172257619373,40.40014560473684,29.57521340331661,41.82695407081437,44.32737344001285,0.17175376720667734
3301,42.628131275398694,42.50775438719257,40.90055069641633,40.183939759810634,24.554806256772736,41.911839832207164,44.34566894746547,0.1717537672066773
3302,42.625120656095596,42.41012200846142,40.829186039631075,40.84770975131978,-1.1744146803068816,41.89265116661005,44.34265832816237,0.17175376720667723
3303,42.62885574530937,42.427338982105596,40.933664043652,40.33501038785937,33.68460211219161,41.85349999198582,44.34639341737615,0.17175376720667745
3304,42.624123526398506,42.39119840751077,40.63282647035407,40.11465447646302,15.149898646290566,41.62035199633402,44.34166119846528,0.1717537672066773
3305,42.6243263456452,42.505602430648146,40.77838712326779,40.406509776979384,12.306635657595642,41.74645622973658,44.31202048715263,0.16876941415074284
3306,42.64521237215278,42.511079109036785,41.14566226157866,40.67962452775567,31.41118462166162,42.10559192275464,44.332906513660205,0.16876941415074279
3307,42.68008127062068,42.576742220727816,41.130093155830295,40.66386723075304,28.966983824601698,42.06704571268541,44.370439822982256,0.1690358552361576
3308,42.646711102904945,42.43161327251027,40.59007586297895,39.68293200886812,28.781073907596895,41.74056295626194,44.337069655266525,0.16903585523615772
3309,42.66829435153493,42.51167207267547,40.86282586017487,40.13694965261688,27.846980971617523,41.87990757950708,44.34878126016733,0.16804869086323937
3310,42.66182172724504,42.58525679506008,40.67933999931533,39.14549490724298,17.333502285689413,41.99521636475572,44.34230863587744,0.1680486908632393
3311,42.661787895101966,42.56128255211574,41.243922474669134,40.95193256961205,31.421808448152206,42.1950442273948,44.34227480373436,0.1680486908632393
3312,42.657278048545706,42.5535327651723,40.79037166594276,40.367278723644645,15.135230263203006,41.94706400884951,44.36530724421148,0.17080291956657753
3313,42.6473785189202,42.54970326456812,40.99564136906045,40.1601330846565,25.28078763950851,41.87953145917487,44.35540771458597,0.1708029195665774
3314,42.63131568221977,42.54067593838068,41.291662522844234,40.541571123838466,28.549743393724647,42.24578509014708,44.33955380749863,0.17082381252788612
3315,42.63389824412627,42.50976830958233,40.81903932523303,40.17974795748485,26.768451447715485,42.0758508489774,44.34213636940513,0.17082381252788592
3316,42.63273377086701,42.46380400848687,41.13044871420546,40.84452355638019,30.63454313990006,42.005807789534735,44.330369750789934,0.1697635979922923
3317,42.66310463360462,42.5385349399587,41.04195594782017,40.1782877241667,31.719644413808616,41.827496883339656,44.36074061352754,0.16976359799229213
3318,42.634666477627796,42.54301811680354,40.69917399759163,39.92675512980371,26.843443486433767,41.741040604696856,44.33230245755072,0.16976359799229226
3319,42.64880760239652,42.563649346177286,41.09389411407977,40.33412920366686,29.090163674045456,42.06050521439937,44.346443582319445,0.16976359799229226
3320,42.63541753502051,42.56422288489396,40.930018622829564,40.57357726763763,27.63453813354594,41.98816629166864,44.33305351494343,0.1697635979922924
3321,42.65138032750527,42.519122775606384,40.54659414730768,39.882306673993725,24.35360399808839,41.88640470463652,44.349016307428194,0.16976359799229224
3322,42.65397382984343,42.51678121868985,40.921689263837045,39.8860519129244,32.13236672793885,41.92926667552081,44.35160980976635,0.16976359799229226
3323,42.63611309101588,42.43239008322643,41.179780256369554,40.57049108087966,33.614192678475256,41.88203147764908,44.3337490709388,0.16976359799229218
3324,42.65404551383603,42.565389716363384,41.23648312186408,40.92484922626422,30.924658061858516,42.02979714839945,44.35168149375895,0.1697635979922922
3325,42.64187041020763,42.41685755356931,40.711182490383834,40.22542051697112,28.713333721193894,41.89282130618503,44.33950639013055,0.1697635979922924
3326,42.650431461617636,42.53245596868696,41.06626377626627,40.24418140842291,30.373750423512448,41.938230228020814,44.32923095064566,0.16787994890280236
3327,42.64249401985803,42.39260426805926,40.7828558915039,40.73625632815998,7.517656002794602,41.99021895115127,44.32129350888605,0.16787994890280244
3328,42.6629041714536,42.58276046826212,41.11396230512337,40.39209342555224,29.702643158133114,42.175553539377646,44.34170366048162,0.16787994890280256
3329,42.68165533451842,42.457314036349125,40.821292411203515,40.146467004858536,24.00127400890488,41.87564209627444,44.36045482354644,0.16787994890280247
3330,42.672217014720786,42.55944699296767,40.98310378121573,40.54661167364618,23.646571875378086,42.10170338558039,44.35101650374881,0.16787994890280242
3331,42.66698581832006,42.56165543021603,40.58020034451313,40.31917074965601,6.531675552911331,41.92401551593968,44.34578530734808,0.1678799489028025
3332,42.65431210107809,42.535339562391734,40.9695281611329,40.54983322855598,25.050213447063925,41.82321854046771,44.36429854687576,0.17099864457976705
3333,42.62591386283123,42.53895404707033,40.4707498918902,39.48457917183121,28.677903992497196,41.71326700667193,44.33590030862891,0.17099864457976718
3334,42.62242870377784,42.487465100193354,41.01514404433119,40.5343073641278,31.967977651833245,41.88545490045307,44.33241514957551,0.17099864457976702
3335,42.64948446502479,42.46863784317272,40.69125064509373,40.156636641218924,25.832898101238893,41.79810311293483,44.3700730561784,0.17205885911536087
3336,42.62535396983914,42.49908163459137,40.68928246783211,40.15883250389551,13.530806856842137,41.771289080718226,44.34594256099275,0.172058859115361
3337,42.627043890482256,42.51872236697853,40.686814665414246,40.67822914630945,-11.455389810465505,41.87408831912683,44.347948709401884,0.17209048189196247
3338,42.61526742028014,42.47165045532633,40.78504287922817,40.59049600711764,21.931680813114085,41.985879707400755,44.33617223919977,0.17209048189196266
3339,42.64032193369276,42.45735980437448,40.761566814341805,40.04669440448164,28.39641234871172,41.835225162779,44.36122675261239,0.17209048189196255
3340,42.634206953111246,42.52130009450748,40.78220389836192,40.00631029346817,29.421871635793444,41.86541871946975,44.35511177203087,0.17209048189196244
3341,42.634241095823526,42.51203594490261,40.870438576866945,40.382461354552895,26.929570902385894,41.86859180888851,44.355145914743154,0.17209048189196258
3342,42.63678580061048,42.517177043309935,40.835557487729886,39.72817757689724,30.654063303522193,41.829306937409015,44.35769061953011,0.17209048189196247
3343,42.61517272672122,42.432465532965466,41.034587994902765,40.4432126315986,32.11535852881984,41.53435371040442,44.33607754564085,0.17209048189196266
3344,42.630171269829304,42.51367010248002,40.98036053511506,40.389374752637536,15.894847793574929,41.95997976955641,44.35107608874893,0.1720904818919625
3345,42.621471847533364,42.4568696204301,40.87078011890812,40.666831552007956,25.1566007404394,41.99819914251158,44.34196729792262,0.17204954503892564
3346,42.614433988220966,42.50781311392379,41.104195417655895,40.543829132451734,27.087950432504222,42.04815283630797,44.31075839856859,0.16963244103476222
3347,42.64299776511754,42.46080367150771,41.20470700191748,40.73327609045157,30.695351566818335,42.029267213771064,44.33932217546516,0.16963244103476233
3348,42.63351336043405,42.52235134390497,41.03972857207038,40.38250799165117,26.438808873912986,41.983598388859825,44.32983777078167,0.1696324410347624
3349,42.636782047797496,42.523116057850025,41.2936423717675,40.68470283321652,27.211380927008147,41.95396635879454,44.333106458145124,0.1696324410347625
3350,42.63706678380902,42.5558412487162,41.0049278409009,40.44885726823214,31.873507878019936,41.906899392687706,44.33339119415664,0.16963244103476235
3351,42.65776599528288,42.52549444631733,40.73597066042968,39.69395983796108,26.750207119834933,41.78797539961728,44.35452692146274,0.16967609261798647
3352,42.62080896103771,42.466895481347635,40.63037048516055,40.25666996257648,7.55556891143916,41.86779205562243,44.31756988721757,0.16967609261798636
3353,42.64902576461927,42.51648913599393,40.623736101812625,39.771935609703476,25.129071347481553,41.74167756707934,44.34578669079913,0.16967609261798655
3354,42.633336740697025,42.457594219554444,40.74821642377876,40.16132828783428,26.760626681358918,41.81308828527801,44.33009766687689,0.16967609261798638
3355,42.64170886940634,42.541985436177455,41.208508130067564,40.743591572489244,31.07475113530475,42.05995756055312,44.3384697955862,0.16967609261798638
3356,42.65139040363409,42.53189199625694,41.01960766139433,40.56154736418556,26.964487165830512,42.033429493335106,44.34815132981395,0.1696760926179864
3357,42.655407279150126,42.51595545222458,41.14437880848079,40.621410059888156,27.66933010718245,41.94591212174258,44.35216820532999,0.16967609261798647
3358,42.636879005828824,42.4976320744718,40.61153530950668,40.91485068789432,-23.082476779892716,41.99057874126241,44.33363993200869,0.16967609261798647
3359,42.627577602014526,42.47530239287522,40.76572493007902,40.13133312657441,21.885216912489316,41.943579078100896,44.32433852819439,0.16967609261798644
3360,42.64280283193938,42.35974602130272,40.96835003403487,40.17624436076306,30.28246499962306,41.768069924385976,44.33956375811924,0.16967609261798655
3361,42.64214298772901,42.55269294631171,41.0542936697892,40.107678299643176,32.40019911850607,41.948038394887476,44.33890391390887,0.1696760926179864
3362,42.64191187945009,42.51890642554452,41.16334426419702,40.3252481360359,34.004120669417475,41.893552284535986,44.338672805629955,0.16967609261798652
3363,42.63834025570687,42.49655324333702,40.77017286623717,39.959416680251245,22.120745740448214,41.953979701382906,44.33568707612701,0.16973468204201375
3364,42.63951263811203,42.400857448002235,40.809225996172074,39.784548345207384,29.58808416627726,41.66812712058899,44.33685945853217,0.16973468204201395
3365,42.63806281478344,42.56637389594142,41.43344924700921,41.06549400378928,29.49088846018324,42.245936796154425,44.329909497587906,0.169184668280447
3366,42.659270378806475,42.50217184612043,41.016481361330015,40.385848564897294,26.72090381489533,42.02756505773843,44.35111706161094,0.16918466828044698
3367,42.66833621744276,42.56995024626329,41.4079922882209,40.6879024301631,35.24005152907395,42.07422050298713,44.36018290024723,0.16918466828044718
3368,42.656935449091506,42.4437231901791,40.401857068114246,39.44833966058471,25.585191768411164,41.578749172182114,44.34878213189597,0.16918466828044693
3369,42.655637690255,42.56660621759456,40.70508769899612,39.94874740507344,27.01591047404408,41.92289645622078,44.347484373059466,0.16918466828044693
3370,42.643567998701464,42.55330373684817,41.159562544047816,40.13172404804192,33.74041192207773,41.92108823743498,44.33541468150593,0.16918466828044695
3371,42.64063917593665,42.369845056913086,40.411660495120366,39.25811254622871,28.010510276577428,41.66258595148771,44.33248585874112,0.16918466828044712
3372,42.64638720161368,42.2810354902888,40.73920240841207,40.34369453561433,28.151184405599338,41.54646697251773,44.33823388441815,0.16918466828044718
3373,42.65941885708486,42.426159201156416,41.22092718025987,40.45397069352781,33.64075860995311,42.013961811072804,44.35126553988933,0.1691846682804471
3374,42.65784436781052,42.530247268747175,40.82873370247568,40.14561057343276,27.463593945144467,41.95733829788455,44.342255407382915,0.1684411039572399
3375,42.63948733406363,42.3965547102792,40.64428408649069,39.781379151923254,20.752638110503376,41.6219815426949,44.323689444022946,0.1684202109959313
3376,42.64051384715581,42.50976460501345,40.819364353882904,40.110518389386485,24.13166003739683,41.56548698293351,44.320330043297716,0.16798161961419047
3377,42.64952766074068,42.51958416798188,41.18202156794506,41.047228627446685,24.079665460677223,42.165550334489524,44.32934385688259,0.16798161961419045
3378,42.675429888657646,42.53771293490164,40.72235577345622,40.137189480263125,20.210280343278022,41.756400395157044,44.355246084799546,0.16798161961419034
3379,42.64329867341867,42.58402681065464,41.01144887491785,40.52952921345633,30.700944279334056,41.86508099732414,44.32311486956058,0.16798161961419042
3380,42.66472211127499,42.49167105998875,40.81933330449965,40.04895392533272,27.405887830017576,41.67784857876403,44.3445383074169,0.16798161961419053
3381,42.65547280900724,42.49461248885439,40.81061828746979,39.79771832499136,15.089648055856522,42.0295373536447,44.35534668737927,0.16998738783720246
3382,42.62592679998488,42.4566035803699,40.99550861205027,40.10259314895156,25.577283133131235,41.87366307874339,44.325800678356906,0.16998738783720266
3383,42.63906522886262,42.43019440552124,40.94162015759798,40.66116869041962,17.214435019944688,41.94951902208798,44.338939107234644,0.16998738783720257
3384,42.62717105398266,42.54221253413727,40.95381059908872,40.8115436347899,12.824553000099222,42.041447163567895,44.32704493235468,0.1699873878372025
3385,42.62937580639599,42.48784493612996,40.958014530051635,40.367156773897406,31.45917316542803,41.93697349993399,44.33021505944779,0.1700839253051794
3386,42.62534834420171,42.548098179723034,41.01725709059989,40.49382247447283,27.354946067789406,42.10444872806768,44.32618759725351,0.17008392530517932
3387,42.63438285755561,42.48653175544693,40.88806960747152,40.40196182528268,27.08588451238151,42.035639788255864,44.335222110607404,0.1700839253051793
3388,42.63879389717948,42.50221202495692,40.61234303087423,39.91857050806838,28.310442686374248,41.540389284566416,44.33963315023128,0.17008392530517932
3389,42.64628461327396,42.49092258177321,40.88590827341432,40.19356449156633,22.444515126943102,41.93006665092105,44.35232944053974,0.17060448272657794
3390,42.645464631321985,42.53660047322123,40.79322833684067,39.99037646912008,13.53697483949755,41.81647478305353,44.35150945858776,0.17060448272657794
3391,42.642144473413566,42.438359512059854,40.61696228355669,39.89035294841554,24.12565075313726,41.99481455780864,44.348189300679344,0.1706044827265778
3392,42.635728569955695,42.505582066921214,40.87793654234879,40.17197663466066,17.02369914310465,41.8586999063491,44.34177339722147,0.17060448272657797
3393,42.642865707758475,42.49988262732557,41.29078578062428,40.59713253768302,32.63925436935787,42.032567434818155,44.34891053502425,0.17060448272657783
3394,42.64481181638803,42.47944469782542,40.80663147960375,40.18598940145198,21.871542135443544,41.8858576245342,44.351369505037795,0.17065576886497696
3395,42.63292933519065,42.51458779083347,40.82011995602757,39.891089900543626,32.728637200762584,42.01167666468536,44.33948702384043,0.1706557688649771
3396,42.613425727634564,42.471117649953804,40.80309494613638,40.09172977603931,27.793517021961563,41.981859346981764,44.31998341628433,0.17065576886497702
3397,42.657878326620676,42.55625229996031,41.177200221811816,40.40073527160694,30.501728267929664,42.06343789879955,44.36443601527045,0.1706557688649771
3398,42.641815682157464,42.502937569444086,40.93767235022436,40.45357248779987,14.658718097240921,41.87865117287798,44.34837337080723,0.1706557688649769
3399,42.625618527514014,42.48992467534103,40.98152613829671,40.988879609837426,17.27023838465507,42.05752918172149,44.33217621616379,0.1706557688649771
3400,42.63238298693108,42.51775641365174,40.836771198527984,40.52418856881885,26.668283376922105,41.78235382965528,44.33894067558085,0.17065576886497702
3401,42.626835491802204,42.48467288630829,41.091796812054135,40.58151977386934,28.316361830894934,41.96221598814885,44.33339318045198,0.17065576886497713
3402,42.60678183267293,42.464272981615,41.00178729579725,40.45943114463015,29.668777068020354,41.91568710958185,44.3133395213227,0.1706557688649771
3403,42.641768734631896,42.52354071180414,41.39231213409529,40.69692707555512,33.97605104147392,42.11071819104757,44.35222922441916,0.17104604897872674
3404,42.629068334961865,42.439981784454474,40.889790329705846,40.242817572372786,29.541028146221805,41.92143305651527,44.33978586432741,0.17107175293655438
3405,42.64212362919001,42.5197278577342,40.90853703926186,40.2020422296334,31.392243001212503,41.91315861620504,44.352841158555556,0.1710717529365544
3406,42.63118258040151,42.447425495887295,40.97340797871249,40.35162891696805,18.879244371083143,41.8639760871253,44.35598409240992,0.17248015120084106
3407,42.62518486403071,42.53177191677798,41.043404031724265,40.917044617365704,31.931718663783855,41.96945646704433,44.34998637603912,0.17248015120084098
3408,42.59513596636892,42.532202597271336,41.18001051623899,40.687497290806995,31.79012310910325,42.112806487602924,44.31833266505505,0.17231966986861294
3409,42.61599949415459,42.49285807554132,40.90628305017343,40.642627391338145,5.759490001339266,41.894317907524425,44.339196192840724,0.172319669868613
3410,42.603409792646126,42.50463485876561,40.80961721467085,40.65365383608284,25.09773529429223,42.00373181479016,44.32660649133226,0.17231966986861288
3411,42.584491347820205,42.403318343047836,40.690781024167904,39.97942078079873,29.695845044648387,41.69227349749311,44.307688046506335,0.17231966986861297
3412,42.60992164467229,42.33373208627123,40.597419920059984,39.94158882215267,24.85623915979009,41.590784289082066,44.33311834335842,0.17231966986861302
3413,42.61597676455387,42.51932980649592,41.04505859846874,40.49077967824558,30.480421973978373,41.87305269757523,44.33917346324,0.1723196698686131
3414,42.6197640328477,42.43290545040331,41.096442750907514,40.5009845148811,26.48952535492451,41.82838685420995,44.34296073153383,0.17231966986861297
3415,42.593598197074336,42.352552222498446,40.7839579650725,40.35937988809868,32.03116095685012,41.81424852069874,44.31679489576047,0.17231966986861305
3416,42.619611642700285,42.510988747685836,40.497515168956845,39.984081322479334,22.053874483731228,41.82025437376079,44.342808341386416,0.17231966986861308
3417,42.619684466272304,42.529173933444255,40.72162448367674,39.943908439500014,22.557399461125172,41.71316002017555,44.342881164958435,0.17231966986861288
3418,42.602904103413806,42.51198455663048,41.1347028989724,40.69542117194942,29.41400320840616,41.96042035405044,44.32610080209994,0.17231966986861302
3419,42.588730415869904,42.47027341325894,40.79520880962733,40.34141421351091,27.185840433446533,41.92272983378507,44.311927114556035,0.1723196698686129
3420,42.65157320871613,42.51921008645951,40.86731385718584,40.576412208826866,25.153987033078412,42.07586673327674,44.39673926305389,0.17451660543377595
3421,42.61510727003992,42.564555848321966,41.08575620524022,40.82369492511853,25.555200337844607,41.91586400760873,44.365694796678675,0.17505875266387502
3422,42.65856841794259,42.55059212574683,41.02178126075456,40.328353536598705,31.244879281635168,42.08339927390538,44.40915594458134,0.17505875266387513
3423,42.61539431215268,42.45896406682266,41.001197523475724,40.188446670509975,31.094204801488168,41.97695152884657,44.365981838791434,0.17505875266387508
3424,42.63765662965059,42.47473777219057,40.901807962306655,39.928964317095044,31.953345429997512,41.78871153074191,44.39087442428124,0.17532177946306476
3425,42.64935329022664,42.484959163200315,40.97869979938268,40.55821256403125,28.264729323579857,41.90567586349172,44.40257108485729,0.1753217794630648
3426,42.65957686438544,42.50306473438177,41.1456639683633,40.710608974647194,32.49358099700391,41.94423657669954,44.41279465901609,0.17532177946306482
3427,42.64324647207136,42.46478239864696,40.58525924152954,40.38110662521679,-10.119561476332223,41.906571981561605,44.396464266702004,0.17532177946306465
3428,42.63721172194644,42.441160936576566,41.12196716633067,40.47069717119379,32.76736484172561,41.885191397144155,44.39042951657709,0.17532177946306468
3429,42.63394858332542,42.535414837994665,41.09241372254778,40.87622441768867,21.102304841301255,42.10504014069443,44.38716637795607,0.17532177946306474
3430,42.62834012187629,42.39384752612126,41.01151954326463,40.75807450429709,17.35621234322345,41.92357909592967,44.381557916506935,0.17532177946306463
3431,42.62276773436015,42.51908347478571,40.78691338292136,40.30908380320407,21.9694292760671,41.894215390028265,44.375985528990796,0.17532177946306468
3432,42.62827234244083,42.555099055165115,40.863886237484664,39.843626942757616,31.111423854339073,41.89377842539151,44.381490137071474,0.17532177946306463
3433,42.64700056791075,42.49397363028489,41.07011612317772,40.09161965022449,32.79786466292525,42.07189153042337,44.4002183625414,0.17532177946306468
3434,42.64325868984522,42.553481569880766,41.329791543126966,40.786912171458994,24.216340908733663,42.1528257394918,44.39647648447587,0.17532177946306474
3435,42.625663044238784,42.50296115171266,40.82981858478594,40.420409926241895,23.584912749942433,42.00594532248611,44.378880838869435,0.1753217794630648
3436,42.65998378876416,42.541931900372326,41.08330132144102,40.35674069834988,30.895967747229783,42.103275662792804,44.41320158339481,0.17532177946306476
3437,42.6528036982711,42.54813244177393,41.28942850226265,41.10545199315678,29.639816774271246,42.186970536743665,44.40602149290175,0.1753217794630648
3438,42.65111525927716,42.506268568460335,40.97812748452343,40.33617268544999,31.247937159486987,41.76411108307231,44.404333053907806,0.17532177946306468
3439,42.63206051471778,42.51527084575618,40.84557653831712,40.28109190057098,26.467830201147706,41.930296071563156,44.38527830934843,0.17532177946306488
3440,42.628352809157505,42.51584610257376,40.666197173504294,39.658771607899155,22.370153284093952,41.83964393518487,44.381570603788155,0.17532177946306468
3441,42.63693372728403,42.527109192984604,40.54884875971368,40.27805511484006,14.755017687567928,42.06689327260351,44.390151521914675,0.17532177946306463
3442,42.63511156684857,42.47673094714974,40.691632286364644,39.87017119111427,22.457017351216194,42.01703866704859,44.388329361479215,0.1753217794630646
3443,42.64022550858266,42.457136811840705,41.080700363861126,40.085444046665266,33.31947632372791,41.73547824028948,44.39092367335935,0.17506981647766962
3444,42.640527029417996,42.40309424013203,40.70504702981536,39.93335646728755,33.46626684241519,41.53948801310281,44.39122519419469,0.1750698164776696
3445,42.646969395240575,42.49968014894112,40.74736747609243,40.22233308041984,23.812662466652643,41.67365397563836,44.39766756001727,0.1750698164776694
3446,42.65828814603813,42.40474891996634,40.72154419608761,39.955206556082686,22.218363053843937,41.702337269945716,44.408986310814825,0.1750698164776696
3447,42.63075794668829,42.498288645073956,40.84841476379816,39.984759673521935,31.053897784524985,41.912798733415414,44.381456111464985,0.17506981647766967
3448,42.63670771264206,42.50672215580018,40.54334424765185,39.82692975633856,15.15785662275837,42.01832924449202,44.38740587741875,0.17506981647766964
3449,42.66273808074179,42.493921855132854,40.93714545455858,40.25886693775138,17.328124868065075,41.90785869271521,44.41544703532388,0.17527089545820906
3450,42.653397073147225,42.50199872342438,40.81642091716397,40.09192322511906,20.945844491295283,41.730719908533885,44.406106027729315,0.17527089545820917
3451,42.64431821897885,42.51948447417035,41.14004481248566,40.481643906790076,31.378622617526123,41.86391473978139,44.39480616858293,0.1750487949604076
3452,42.6273178030591,42.46174054604483,41.19787057017016,40.63468347539651,31.17975969391279,41.87111855670621,44.37780575266318,0.17504879496040765
3453,42.63704430532851,42.523271188115665,41.03664523902304,40.22895490909954,27.873727876170204,41.92805110139504,44.39092950645595,0.1753885201127436
3454,42.6156543792324,42.535717747167375,40.89197974893116,40.412590183713746,20.69635515726016,41.92591654097339,44.36953958035984,0.17538852011274367
3455,42.608104434156886,42.45384188824567,41.100537650111114,40.72081286573709,30.69573123928927,41.725456226511014,44.3870754581653,0.17789710240084147
3456,42.59891410465298,42.41659529435956,40.96904421206931,40.566228739753676,32.05331117707553,41.79354367520613,44.37263488654009,0.17737207818871165
3457,42.626475165843814,42.52427889240306,40.787809437547345,40.33571607714782,-4.512805494015467,42.00010622569374,44.43082738521301,0.1804352219369194
3458,42.57750682770466,42.503015417588635,41.061678993396804,40.45564572821452,20.6971945058064,42.048968436502676,44.38185904707385,0.18043522193691908
3459,42.58689156475843,42.41132950910763,40.48265832400946,40.149361336364294,12.16910654367738,41.977028269914776,44.391243784127624,0.18043522193691922
3460,42.58137716456807,42.4909628374028,41.2393659761309,40.624888161724,32.89466574313859,42.157680132222076,44.37287622879538,0.17914990642273132
3461,42.598804639324285,42.473766944051086,40.743170099843226,40.5373054888591,16.27503181930064,41.77515787251704,44.390303703551595,0.17914990642273132
3462,42.62501129559875,42.50962788339374,41.06151780733307,40.29080357708831,31.43750084881025,41.79895466506625,44.41651035982606,0.17914990642273126
3463,42.60513509602029,42.50987706479276,41.27298706943956,40.61420557013842,33.468578576159686,42.06398016272456,44.39663416024761,0.1791499064227315
3464,42.596636211553204,42.50351393594164,40.81696655566629,39.87510092542929,31.185277505242933,41.86147358341991,44.384285890910185,0.17876496793569818
3465,42.60339805390195,42.488676737852714,41.06831115587876,40.59253469861838,27.871557705674892,41.97360995979419,44.39104773325893,0.17876496793569824
3466,42.59353642115431,42.43490864985242,40.82427072352192,40.18859947892704,24.665477058937018,41.95530850340638,44.38118610051129,0.17876496793569818
3467,42.605948805184845,42.44711305367842,40.70953481332349,40.426686993371696,14.30124520485392,42.042739156808295,44.393598484541826,0.17876496793569824
3468,42.59635877678871,42.51277594509996,40.87958717883431,40.744328095099604,-1.5974823045906135,42.083416015297026,44.38400845614569,0.1787649679356983
3469,42.592010665146354,42.467514042375534,40.33741017828982,39.68314534280741,-1.600737959400476,41.6618278842885,44.384910586624635,0.17928999214782823
3470,42.60810223408017,42.46359295515861,41.09683297085824,40.72652395389755,31.012749987141078,41.77808633368112,44.40083233119321,0.1792730097113035
3471,42.58205984733511,42.525031597162204,40.94995933840821,40.30700607070612,19.598229402436694,42.09458732094748,44.374789944448146,0.1792730097113035
3472,42.59767101636946,42.48370879734358,40.872360464640245,39.85270078411248,26.659449820417766,42.002653227244814,44.3904011134825,0.1792730097113034
3473,42.60240336067224,42.49588837388237,41.18200301776589,40.50002761582481,31.238768379413,41.7962841956473,44.39513345778528,0.1792730097113036
3474,42.57281160332364,42.35951324824375,40.92842753758102,40.48113031999661,30.77077248791421,41.703363393395335,44.366198508997954,0.17933869056743096
3475,42.58878451471341,42.464572905439304,40.754156831477715,39.820635072798126,26.53508068461766,41.86048301876875,44.38217142038772,0.1793386905674309
3476,42.59695865073987,42.502424447238056,41.0676463830076,40.28454624884277,31.717531143213147,41.9846942441349,44.39034555641418,0.1793386905674309
3477,42.60017363688548,42.46927759702882,41.31022364575091,40.56052204882718,36.21942396526894,42.02432461221496,44.39356054255979,0.17933869056743093
3478,42.59407404213475,42.45352996899509,41.18713269931832,40.70306655707041,27.407761409474013,41.986200079839186,44.38746094780906,0.1793386905674311
3479,42.59750106368833,42.51750982165511,41.1258501015698,40.74539226787302,28.485296595475035,42.1374582544554,44.39088796936264,0.1793386905674311
3480,42.58790504335371,42.48366547654147,40.92523001660676,40.55185393849319,27.80048799067854,41.85968242587913,44.38129194902802,0.17933869056743093
3481,42.58566047827896,42.51642393568164,40.99175027087897,40.54400919355794,21.794706097197594,42.03208585617372,44.38507297981401,0.17994125015350518
3482,42.59167883374878,42.49989933815493,40.90880237804543,40.06621383373701,21.82625756085547,41.84248086721412,44.39173698951287,0.18000581557640885
3483,42.56560821235931,42.35091189640312,40.590256587477455,40.10631764878016,26.799972202930256,41.51082603901946,44.36566636812339,0.18000581557640877
3484,42.60575869438682,42.37791956752984,41.09416054843322,40.3936182756153,27.891580568652206,42.068424612300134,44.387430040511326,0.17816713461245065
3485,42.59363586511122,42.52094846849352,41.00216396090151,40.73618023949157,26.264728125239596,42.043030861954136,44.37505017165745,0.178141430654623
3486,42.61140486478975,42.50927152933704,40.930226128006176,40.29884061588184,32.56253504040773,41.93112596874727,44.32273313615316,0.1711328271363415
3487,42.66273542033709,42.533198112080086,41.256597447771135,40.78881517713925,27.415959980712618,42.0727681216506,44.374063691700506,0.17113282713634134
3488,42.66694155710911,42.49908707914295,41.290873928387775,40.51285349597681,36.99363329111158,41.81947290565411,44.378269828472526,0.17113282713634148
3489,42.68039058548885,42.540050043594995,40.886964619203184,40.237523028316836,20.063990227361877,42.177553169223266,44.393469558148496,0.17130789726596474
3490,42.69340053383924,42.508983916716524,40.60967245418679,39.88746264537075,23.157942508253917,41.93222148696975,44.40647950649888,0.17130789726596468
3491,42.67543496246208,42.39522638138038,40.6383018043665,40.0828194405724,25.806040392689667,41.74818204204434,44.37467395262043,0.16992389901583507
3492,42.7010700479862,42.60359727142502,41.00033280964218,40.391040452701695,24.649679265489628,41.87544912730074,44.40030903814455,0.16992389901583516
3493,42.72574305707357,42.62217734119687,41.58509405138877,41.226899784956586,33.77852602272131,42.20439614703018,44.424419705906736,0.16986766488331617
3494,42.69177959296192,42.56687801257522,40.85800975156258,40.02399354364777,-1.481870580120841,42.086903675357966,44.390456241795086,0.16986766488331614
3495,42.67036057911052,42.5419451630517,40.973923950127826,40.3631018422933,29.60679575701348,41.77686190855303,44.369037227943686,0.16986766488331626
3496,42.67669763048273,42.60744749530129,40.79622192047273,40.287162290646044,21.80687114451686,42.024349689969526,44.37537427931589,0.16986766488331626
3497,42.693868609274745,42.461485348024496,40.76121491970998,39.81122282499888,29.51183714713332,41.74105069553225,44.39254525810791,0.16986766488331617
3498,42.735045075221905,42.4782823463513,40.908991173732986,40.93131249378752,28.188109466176247,41.975174013649934,44.43372172405507,0.16986766488331603
3499,42.70372592228762,42.589147246442714,41.00332151668312,40.76820325046739,28.38293291653164,42.03542937028655,44.402402571120774,0.169867664883316
3500,42.70351935873658,42.59092815527708,41.250681436591016,40.797730948444766,31.084770734036496,41.978986276755876,44.40219600756974,0.16986766488331606
3501,42.67788679144612,42.53474458384029,40.8875754589682,39.76517313273773,25.843164480229788,41.94950058344584,44.376563440279284,0.16986766488331623
3502,42.69494262942228,42.54636494735683,40.64645126392174,39.76725406103797,7.858472635470527,41.962308771698275,44.39361927825544,0.16986766488331614
3503,42.68976832108058,42.51555101421912,40.46960922190499,39.282363607342745,17.285281433377413,41.825351785640805,44.3919696186391,0.1702201297558527
3504,42.682425382382036,42.57144641879963,41.0549864991332,40.33229194694422,33.61177196916485,41.75338599182075,44.38422762747757,0.17018022450955336
3505,42.69966034756601,42.59110598090072,40.80276207356794,40.621185038794415,28.018458607476443,41.93462821353066,44.401462592661545,0.1701802245095535
3506,42.684405375947065,42.57963300189715,40.988197150117685,40.700196253521725,23.49569572892116,42.11159359162458,44.3862076210426,0.17018022450955336
3507,42.69961499398036,42.578300647010714,41.205877348084975,40.750760829383324,32.56869950411543,41.77846118502156,44.4014172390759,0.17018022450955342
3508,42.71586503091063,42.49620025165001,40.45862394971507,39.573115015650345,-13.18585151840248,41.70075915506696,44.41766727600616,0.17018022450955353
3509,42.711820893533556,42.558730795445555,40.74455300005907,40.54489974297255,7.290080884287718,42.00071177289202,44.41362313862909,0.17018022450955342
3510,42.72880365419385,42.57315187989748,41.38544520854883,40.61912900287049,32.73944069867487,42.07720336063049,44.43060589928938,0.17018022450955336
3511,42.70365130871739,42.59394346376988,41.274028901918896,40.69245446299138,29.35411351051532,42.0568717589938,44.405453553812926,0.17018022450955347
3512,42.70382058629596,42.450672268839675,40.35039174337652,39.87028365106001,-11.560035637775336,41.82639441018575,44.4056228313915,0.17018022450955334
3513,42.69320995706514,42.57468109037487,40.965199547418585,40.55230129519306,14.584608104864426,42.12785266169387,44.39501220216068,0.1701802245095533
3514,42.69068637362212,42.61222647790684,41.20960285422749,40.7348446251955,31.212151002944495,42.18379049411725,44.39248861871766,0.17018022450955347
3515,42.69356241342623,42.598927227433734,41.209417004049904,40.48134164897093,28.012378499664198,42.07897023010311,44.41176895319184,0.171820653976561
3516,42.668112572865994,42.54766186385979,41.10277030244296,40.60036211187765,30.943233418082023,42.02072691744195,44.386319112631604,0.17182065397656113
3517,42.6893781527462,42.359864601951784,40.436756718856266,39.429415123073454,28.50694785359191,41.4621149506082,44.40758469251181,0.17182065397656113
3518,42.68004139528779,42.54932636045914,40.88690626803935,40.706093229036966,10.577719365502517,41.89803851993748,44.3982479350534,0.17182065397656113
3519,42.661437518815866,42.49488606236495,40.649102676572205,39.93876386741133,18.769629629333664,41.901366546962144,44.379644058581476,0.171820653976561
3520,42.679991727437084,42.57643946819759,40.839856443742065,40.113722347637314,30.916055509631207,41.89046603955863,44.398198267202694,0.1718206539765611
3521,42.69665403947828,42.606296796415876,40.97264381484375,40.6903921568981,17.260834980884805,42.206997120373174,44.41486057924389,0.1718206539765611
3522,42.68347989636346,42.59607883492224,40.99162763069843,40.31296045216825,27.570536379855515,41.93498035751731,44.40168643612907,0.17182065397656116
3523,42.68589656874291,42.53992966890644,40.8822818219505,40.286115937711976,27.340660113428946,41.892778492749656,44.36327159417238,0.16773750254294717
3524,42.704149597051064,42.551418884575966,40.32791231602833,39.69160108981463,10.922142848579576,41.58239637840915,44.38152462248053,0.16773750254294692
3525,42.701134153978714,42.51989720943824,40.83331927775308,40.08530822726278,22.097108605751306,41.868158919012856,44.378509179408184,0.16773750254294714
3526,42.70864218749144,42.593074870904566,40.286292442827445,39.77969437583055,17.083951486948532,41.96834775495472,44.38601721292091,0.1677375025429469
3527,42.72610422149664,42.63064457858615,40.91865909612698,40.331579956982125,27.641512834716597,41.94086972058406,44.40347924692611,0.1677375025429471
3528,42.74802320592088,42.47554237216189,40.6313585304771,39.920623754879884,26.83967994366185,41.807818976459785,44.42539823135035,0.1677375025429471
3529,42.72736464557495,42.58977402560506,41.1884851431673,40.33885887547508,31.71814314448751,42.15432868334496,44.40473967100442,0.16773750254294711
3530,42.732075456440256,42.591358067463716,41.03840646544759,40.55743813690778,30.790855945834927,42.00263579792558,44.409450481869726,0.16773750254294711
3531,42.74491787553133,42.610571801058626,41.0876075195103,40.73302651436723,33.20421598218026,42.052935161881734,44.4222929009608,0.16773750254294695
3532,42.70552435385316,42.61626654580041,40.70325720338899,39.89413022898378,28.210999796268545,42.03681526099161,44.38238651789864,0.16768621640454784
3533,42.732448185837086,42.361987054570434,40.66269592209088,39.93564206366814,23.44709680125823,41.50543435095527,44.407122588258616,0.167467440242153
3534,42.72340246984401,42.60203469597271,41.30642647838129,40.73843064458704,31.89424019983209,42.08123006914349,44.39807687226554,0.167467440242153
3535,42.71952527754821,42.59603075076046,41.06272390541398,40.33722070511468,24.94175341955863,41.945243563529274,44.39419967996974,0.1674674402421532
3536,42.72933504488775,42.58961915868058,40.85057194567641,40.97687197157704,-7.681983113339243,42.046009990857286,44.40400944730928,0.16746744024215296
3537,42.7475603030943,42.56255231819876,40.84090787330451,40.46519069591426,28.132304176217556,41.98374066134376,44.422234705515834,0.1674674402421529
3538,42.71445574351242,42.56670075549482,40.89160309121937,40.4771571863649,27.688106811492908,41.910883108553364,44.38917036419483,0.16747146206824146
3539,42.71943450494538,42.5236790370839,40.74864962876369,40.40109606267597,26.22491138937195,41.88930613954733,44.3941491256278,0.16747146206824148
3540,42.706646900777784,42.60542817958422,40.92460228137119,40.02739791868968,28.287300702825355,41.72458891029679,44.3813615214602,0.16747146206824137
3541,42.72206160219653,42.52717024656951,40.82915025335014,40.52929623127881,17.298541328727882,41.94417278165878,44.39677622287895,0.16747146206824126
3542,42.71047309075058,42.508683782630264,41.066280384404685,40.69620377053662,29.723094106236076,41.782368505318004,44.385187711433,0.16747146206824126
3543,42.74173224204034,42.571141057961405,40.46207312801742,39.89107578969031,-16.690837440656964,41.967585386193306,44.41644686272276,0.1674714620682414
3544,42.72567263088822,42.56259740645372,40.820230964162306,40.60261493893016,12.447014764965786,41.912493418373074,44.400828767620254,0.16751561367320317
3545,42.72326408717252,42.51336849057745,41.162657418383944,40.60320033410377,32.865790378883126,41.98139993597901,44.398420223904544,0.16751561367320275
3546,42.70418936677983,42.54836995383431,40.87855991225635,40.23322701316663,27.741361529452593,41.98198214477286,44.39802535894943,0.16938359921696045
3547,42.704802043601454,42.58708513264174,40.88154958319214,39.80061995316828,32.67715043484121,41.84835127775902,44.403886110373556,0.1699084066772102
3548,42.701601730430454,42.61741907714334,40.963516524467735,40.59520308018706,-10.158820964207678,42.144002057455474,44.400685797202556,0.16990840667721008
3549,42.68984250606333,42.58998185488475,40.979727857593055,40.14228512473608,31.458489740994974,41.88249960554937,44.38892657283543,0.16990840667721022
3550,42.686308704236836,42.55531276919524,40.48113256803103,39.96171212061462,17.143040543213832,41.917542306440524,44.38539277100894,0.16990840667721022
3551,42.68879526176115,42.572002455015436,40.61011648626414,40.6919225982402,-18.533637788386535,41.919857841749234,44.38787932853325,0.1699084066772102
3552,42.70253368046483,42.47407577418104,41.0598287119674,40.76418700667323,27.25727642052143,41.85093700383986,44.401617747236934,0.16990840667721008
3553,42.67928317929381,42.53483374521968,40.665116737515206,40.193248022676904,17.40467820253251,41.961726007266705,44.37836724606591,0.16990840667721024
3554,42.69454668941352,42.610674160281214,40.83613322218687,40.263352587214264,29.721744314964376,41.87656537234888,44.39363075618562,0.16990840667721024
3555,42.71825459481546,42.484482847162376,41.085045045370876,40.51165202911269,31.697039523446023,41.845983981604675,44.38856730246828,0.1670312707652816
3556,42.72738846721863,42.592064508760195,41.14717672702608,40.67717230578314,29.084139364773257,42.0781149499297,44.39770117487145,0.16703127076528168
3557,42.72206607534415,42.64034772383872,41.00383704854635,40.81498081618257,22.469423616958544,42.262727360484604,44.43378783192878,0.17117217565846285
3558,42.69978241115311,42.516718917354126,40.49440895212406,38.9278305525091,28.145792950621267,41.65111379686706,44.41150416773774,0.17117217565846274
3559,42.70053644388504,42.5044234543182,40.85609815610656,40.740061093394154,-0.17260318436100874,42.06693694719169,44.412258200469665,0.17117217565846268
3560,42.6723993227232,42.60145116503388,40.80754231232079,40.064865587304354,29.22615881726498,42.04953686216476,44.38412107930783,0.1711721756584628
3561,42.70054465531907,42.575912633071326,41.25545288227075,40.4647762078556,34.91062535177104,42.09427076997474,44.4122664119037,0.17117217565846277
3562,42.69685305559071,42.60750577404686,40.77671792623265,40.29355169972422,-5.656425170951252,42.06520550481842,44.40857481217534,0.17117217565846277
3563,42.72893986735551,42.56706210622733,41.14064539066997,40.433655536885254,28.14357446627318,42.12792857771464,44.45208619244235,0.17231463250868478
3564,42.6885986615559,42.560759526719664,41.20980022232656,40.87990443437045,26.103532767492297,42.091980522890424,44.411744986642745,0.17231463250868478
3565,42.68520052367213,42.50974963596497,40.46338292224641,40.10220813137972,22.411359154070286,41.96797164871039,44.408346848758974,0.1723146325086847
3566,42.683142048857356,42.58826977469588,41.213350327949634,40.42240351487546,31.421972774791822,42.24645853317236,44.4062883739442,0.1723146325086847
3567,42.70449799436303,42.51832854495748,41.109187934224494,40.44184403633304,31.734122764274414,41.607004454463194,44.42764431944988,0.172314632508685
3568,42.694935150071075,42.5671620900973,41.112557364363845,40.667715256692816,31.877732019701902,42.098970534147796,44.41808147515792,0.17231463250868473
3569,42.689399101114056,42.55507994117144,40.81954003964197,40.846056240737454,23.903084919273784,42.05054098199005,44.4125454262009,0.17231463250868467
3570,42.66949585471072,42.44399213296866,40.80520659188312,40.036218896145286,29.587515432022222,41.84154937216936,44.39264217979757,0.1723146325086848
3571,42.67343132044936,42.55782888461603,40.972262535738665,40.42783637137901,27.72470705527403,42.06344481179933,44.39657764553621,0.1723146325086849
3572,42.65841745016007,42.51360732875473,40.40072679259694,39.832944698297204,1.3683716829146917,41.65445102158833,44.38156377524692,0.17231463250868462
3573,42.697727421763034,42.58844653537691,41.17185506644869,40.66418913182842,30.25057840698618,42.2532990970423,44.420873746849885,0.17231463250868478
3574,42.689425543164944,42.46439599499604,40.65507772838297,40.041238282848504,23.86703130976405,41.95964612876874,44.412571868251796,0.17231463250868487
3575,42.686152878099584,42.552760464047125,41.29632243118952,40.567615159589764,29.15292804974773,42.191882783311854,44.40929920318643,0.17231463250868473
3576,42.666207021832335,42.44475169739844,40.9042852567405,40.249026649624525,29.43426379835762,41.95575816130628,44.38935334691918,0.17231463250868473
3577,42.69483846559398,42.52129815982762,40.61702472610283,40.14446685384114,16.453255512844294,41.79499011439238,44.41798479068083,0.1723146325086849
3578,42.66379266218526,42.592818353121814,41.532828312869725,41.1705532816509,30.672382735660527,42.1848482461934,44.3869389872721,0.17231463250868478
3579,42.66176319957354,42.55137792886483,40.78852786250087,40.38125654720529,1.366296237852005,41.985679283597605,44.380658024357786,0.1718894824784241
3580,42.687520840044314,42.525698506640566,40.702856121837684,40.20604389799909,25.108467982424315,41.99521744853679,44.40641566482856,0.17188948247842403
3581,42.7091228046693,42.56097162227957,41.21231195655815,40.624947329371984,28.519371398174243,42.00542830873253,44.42801762945354,0.171889482478424
3582,42.69636745486533,42.56542593347104,41.31344977711788,40.7205061960383,34.084736390664034,41.93964250550684,44.41526227964957,0.17188948247842373
3583,42.66896418582681,42.49034087610757,41.017650330311525,40.72497938405743,12.443657109161993,41.99066681992341,44.387859010611045,0.17188948247842384
3584,42.70180462535098,42.50063853127868,41.15414479768083,40.76534250865672,30.024323799986075,41.88921485485926,44.42069945013522,0.1718894824784239
3585,42.67450065054614,42.57723013089655,41.36557923702648,40.85595505754386,31.790975849073092,42.0733418317986,44.4001563050843,0.17256556545381596
3586,42.671050802516376,42.55264271948801,40.64775793044026,39.6414756337311,26.066585489083675,41.961468132532815,44.396706457054535,0.17256556545381596
3587,42.67077032106446,42.56231763910616,41.11051896023126,40.42808842302888,32.99117081623979,42.10413702896632,44.39642597560262,0.17256556545381602
3588,42.67842997971224,42.412335498944536,40.802835382259424,40.20241127865146,26.983563293385416,41.70370794674221,44.40184691311183,0.17234169333995916
3589,42.701213382476055,42.578982484184635,41.11437683063506,40.81193387438367,24.467974595981705,41.99535221169895,44.424630315875646,0.1723416933399591
3590,42.683279777907046,42.57087877435744,41.17658439782498,40.53975358162827,31.615753437192453,42.10965534084019,44.408416894923704,0.17251371170166585
3591,42.68423630452183,42.60015561608211,40.88008145973193,40.267008879539084,26.539696493514803,41.99969529329216,44.40937342153849,0.17251371170166574
3592,42.67827721458169,42.552892275973335,41.09837427454433,40.513988951852774,31.19090236260884,42.13251779272404,44.40341433159835,0.17251371170166568
3593,42.665637728042306,42.4559694719318,40.911857763465896,40.52250023645624,26.732452326154636,42.05964221504041,44.390774845058964,0.17251371170166585
3594,42.74268978650502,42.544167270334555,40.254158166465494,39.32789828694278,10.910695676903813,41.99541032419579,44.469183986756256,0.1726494200251241
3595,42.71402355699194,42.534752523539645,40.60204192958569,40.39298203188385,20.133095861909705,41.69712308612442,44.4398911433785,0.17258675863865666
3596,42.73031333305095,42.566901112002746,40.79559160807316,40.54153544437813,18.775334539007222,41.91639494993426,44.44630327125996,0.17159899382090027
3597,42.74020902901993,42.56666358418282,40.738046809008985,40.44339146310472,6.897047943737157,41.96649558941532,44.45619896722893,0.17159899382090016
3598,42.74326714623778,42.600343630940074,41.02693180207761,40.0362662381129,31.871551800056423,41.65018441372558,44.459257084446776,0.1715989938209001
3599,42.72488629919423,42.616911219719306,40.73555810930682,40.64767712410932,27.709337245254723,41.92974226305813,44.44087623740323,0.17159899382090013
3600,42.71780082612628,42.5510347605947,40.50260173401596,39.52728752741521,27.12911329511846,42.05085336599161,44.43379076433528,0.17159899382090016
3601,42.727202573112336,42.59835661657559,40.804402471595296,40.223461331987686,26.55782526357827,42.16502557472787,44.443192511321335,0.17159899382090024
3602,42.71612428671555,42.46022075525856,40.426366819191564,40.19264171909464,1.138802788035612,41.958971163701875,44.43168949327948,0.17155652065639315
3603,42.729172449512674,42.56279647682522,41.15901958782604,40.68860097937451,30.590028567925366,41.88344681334246,44.440372497754204,0.17112000482415315
3604,42.747665674282814,42.629449231455034,41.20678552410913,40.392350951038964,33.36384934625309,42.08164373276504,44.458865722524344,0.17112000482415307
3605,42.74831874235007,42.6149381878926,40.75285606591716,40.34574651099886,7.060773925710194,42.04930560924661,44.4595187905916,0.17112000482415302
3606,42.748464302912296,42.63884519126435,40.7653379903389,40.7385705371088,-1.1075400564758837,42.19225176416977,44.459664351153826,0.1711200048241529
3607,42.733256311285956,42.594319821329265,40.41827640876303,40.40795544137371,-16.725554815302353,42.07239435203509,44.444456359527486,0.17112000482415302
3608,42.720217810604254,42.49564092856728,41.01565264166403,40.354748171198146,26.414458876623492,42.064495842205204,44.41228076586942,0.1692062955265163
3609,42.74753089119397,42.59033945413476,41.25536249520151,40.97334677598286,27.269072013257034,42.09223318764185,44.44405263764805,0.16965217464540794
3610,42.752339578787584,42.61940403565001,41.1981295450198,40.81291832591563,28.758940952805553,42.09766515631001,44.472385682978086,0.1720046104190502
3611,42.735812139989704,42.61520818878432,41.168148960355424,40.84997095045089,26.80228081747891,42.09208348316369,44.455858244180206,0.17200461041905024
3612,42.739753957853175,42.588075552182566,40.90507575126256,40.160117163179386,10.538575601159245,42.00256291863675,44.459800062043676,0.1720046104190503
3613,42.71054630393191,42.57302064092587,41.02688921528929,40.363371679657874,22.973189290552337,41.884844903848126,44.430592408122415,0.17200461041905024
3614,42.71134844869226,42.572449140586535,40.979799858484235,40.92277224589404,24.544399932349013,42.058474102626285,44.431394552882765,0.17200461041905016
3615,42.75259373521478,42.47633311114392,41.04272267305018,39.90680339128381,31.067956648848117,41.96492651598763,44.47263983940528,0.17200461041905027
3616,42.720072908802685,42.59435058286767,41.24631659610749,41.23257281039238,12.481210678944233,42.16281008973236,44.4466376214733,0.17265647126706163
3617,42.70412988554555,42.469088733632425,40.57524331618222,39.929313433067975,28.1072266321117,41.83147280161151,44.430694598216164,0.1726564712670616
3618,42.74151452589184,42.59924142030068,40.97557533892083,40.44611077058245,27.713583779434956,42.13384901135333,44.46807923856245,0.1726564712670615
3619,42.69896151447558,42.56688249864268,40.44295758042432,39.398110261899696,7.881858769724808,41.725404415100854,44.42552622714619,0.17265647126706143
3620,42.70140396750313,42.61525826708988,40.92031945497232,40.732185081391734,14.912413084068838,42.151160368289084,44.42796868017375,0.1726564712670616
3621,42.72403262909393,42.625988834194374,41.35003658463703,40.75140887660859,31.974528772401968,42.19411596113157,44.45059734176454,0.17265647126706157
3622,42.71398036715495,42.547397507021806,40.74497298282015,40.188349291666746,-8.195404337708837,41.893093990773075,44.44290266581476,0.17289222986598124
3623,42.71703088084638,42.545236965243646,40.7057112470776,40.07759217635809,18.36144927503817,41.91421395501487,44.44595317950619,0.17289222986598135
3624,42.70743007180704,42.612370898043636,41.099754909292955,40.847213601762874,24.115724185605675,42.131806729151776,44.43635237046685,0.17289222986598116
3625,42.721243398854,42.5792642865465,40.93480995557355,40.499646334045636,22.362081923168965,41.864380547903394,44.44498976095235,0.1723746362098352
3626,42.73709450748469,42.61188873225443,40.96342758586008,40.530640992727015,18.710699174829994,42.003727887439865,44.460840869583045,0.1723746362098353
3627,42.73056524922483,42.606486681774285,41.472217746331054,41.32119312061655,31.717459891015064,42.07150267165743,44.45430027627718,0.17237350270523516
3628,42.70932666141145,42.55859334938009,41.23040119902009,40.813198768723154,33.0966614327065,42.080281303604565,44.43306168846381,0.17237350270523538
3629,42.73003086544399,42.55697986394011,41.292464440087095,40.62464177179166,31.736076648081635,42.130224206544696,44.45535078568881,0.17253199202448125
3630,42.719871583191384,42.635108240838726,40.921425912375305,39.66885090163955,27.852733084021555,42.097555524892314,44.4451915034362,0.17253199202448144
3631,42.69466837141792,42.580393791448174,40.54226588522933,39.74410213508671,11.43997958350328,41.94584807567688,44.41998829166273,0.17253199202448152
3632,42.723201942161495,42.62856915059448,40.92869448773027,40.46738421594993,26.68502029540431,42.00495098011726,44.44852186240631,0.1725319920244813
3633,42.71419271971729,42.60753655496026,41.16483172680804,40.08509980663871,33.4515984513231,42.099142122448356,44.4395126399621,0.17253199202448138
3634,42.71639230677241,42.611080421194536,40.92285741742374,39.757505146953356,30.639219822399824,41.825104249561164,44.44171222701723,0.17253199202448138
3635,42.73198387498953,42.565606435871665,40.874386818913464,40.30816995487157,25.084774725213684,41.96091288018411,44.457303795234346,0.1725319920244815
3636,42.71614071901988,42.5816889118241,40.746723300050554,40.29846159809418,14.6813637680164,41.93658506339038,44.4414606392647,0.17253199202448136
3637,42.73620105011042,42.60154617917213,41.23963113494039,40.43319173109898,32.15787753304493,42.16211554310347,44.46152097035523,0.17253199202448138
3638,42.720748101986395,42.59947527964846,41.191493264687495,40.71489602217029,26.39912805129561,42.220627561047344,44.44606802223121,0.1725319920244814
3639,42.72712796643964,42.63488420354639,41.138556369786684,40.601910657374354,28.227423951436535,42.28049902929739,44.45244788668445,0.17253199202448136
3640,42.72411963666985,42.61893888216761,41.14953038528885,40.71557978392269,28.125847640513587,42.157835587498525,44.44943955691466,0.17253199202448147
3641,42.729621985564194,42.62267274997222,40.96525483432612,40.37163053640517,28.816595940929183,41.938923831194,44.45494190580901,0.17253199202448136
3642,42.73245326137176,42.53716879844383,41.046812293025866,40.12767125530957,31.974959151758448,41.82976399323944,44.457773181616574,0.1725319920244814
3643,42.724081612678326,42.61465939689399,40.820854057028875,40.164248445616074,28.10758753770889,41.788496711198334,44.44940153292314,0.1725319920244813
3644,42.71642058755343,42.51876029436108,40.91482908871381,40.543674385683445,26.720931904407824,42.017940808981734,44.441740507798244,0.17253199202448147
3645,42.76036685968006,42.606516990748545,41.10270192701652,40.83991927693916,7.646126701941327,42.1612552595899,44.485686779924876,0.17253199202448144
3646,42.71152893380683,42.5143051209119,41.1831430220743,41.02981588216784,26.685999052276483,42.10217654625404,44.43684885405165,0.17253199202448138
3647,42.73680228149234,42.51468198330129,40.97001646124142,40.29098677925658,31.808713528329392,42.02241617708162,44.429676971504946,0.1692874690012607
3648,42.75524637219283,42.626487989517734,40.92834339841829,40.65865037042803,27.711588691682657,42.08055778084946,44.44812106220544,0.1692874690012606
3649,42.74899442693418,42.66855805488557,40.95834299941068,40.29356312351561,16.801547960028103,41.88007805118909,44.44186911694679,0.16928746900126065
3650,42.733307091044466,42.53428116868625,40.78147122286237,40.36981881770677,21.326329206853497,42.06990495390189,44.426181781057075,0.16928746900126068
3651,42.76456070815099,42.53461310583491,41.109215152697956,40.572639069306184,27.406489603996498,42.0409496598858,44.4574353981636,0.1692874690012606
3652,42.753101185325676,42.645374650869925,41.05081144767129,40.80117224727166,18.78545237862538,42.19302316536465,44.445975875338284,0.16928746900126057
3653,42.72822328609535,42.62087515991804,40.868344235684994,40.6186648255759,-9.235490114864639,41.992210165011365,44.42109797610796,0.16928746900126054
3654,42.75835586226919,42.61866617090908,40.51217657653931,40.35025127793952,-3.6198958045773395,42.16982635020116,44.4512305522818,0.16928746900126068
3655,42.75190663660128,42.586928433486484,40.760146942570145,40.859487743815336,-4.3829544237474,41.95800193933076,44.444781326613885,0.16928746900126085
3656,42.732892023652056,42.54416815171868,40.59046115555693,40.15296782542595,15.038068123040283,41.483549320620234,44.44905275478362,0.17161607311315666
3657,42.735347420219625,42.60070549860881,41.27394461200034,41.16094050382281,8.67326221571664,42.143776212446426,44.45150815135119,0.17161607311315663
3658,42.72232846679767,42.536726340637564,41.03933982711882,40.2428586048498,29.912301837230935,42.00192206255733,44.438489197929236,0.17161607311315658
3659,42.71375048169778,42.612482033815375,41.167956764483876,40.69837344891844,32.93613206670946,42.058581068528596,44.429911212829346,0.1716160731131567
3660,42.73185709389484,42.62308429716938,41.42609287597923,41.012737592315794,23.318101434289034,42.164617716471795,44.448017825026405,0.17161607311315655
3661,42.73918082467874,42.60715438333702,40.723613843951576,40.05889560805579,27.40426051249142,41.84364996699013,44.45534155581031,0.17161607311315666
3662,42.7108342786574,42.5609687285535,40.66473524207687,39.90983715250783,18.308873884229833,41.95507608667256,44.457810473784086,0.17469761951266832
3663,42.68262945302138,42.509556842378856,40.983419051037224,40.36396744684423,29.77939445320876,41.89158113988269,44.42960564814806,0.17469761951266835
3664,42.6987686975892,42.56168374321956,41.112386649185076,40.57843589682832,31.076513596482393,42.16392097015387,44.458741304199876,0.1759972606610673
3665,42.68493322279295,42.60180315409309,41.021483013522726,40.165388088990696,30.34535060629331,41.76111852756935,44.44490582940362,0.1759972606610671
3666,42.70082565029858,42.548111793758245,40.881795660538394,40.19853469040883,29.505905558286855,41.64103153367747,44.46079825690926,0.17599726066106747
3667,42.6918953907445,42.505693804749725,40.771958679347215,40.00625440890034,28.946173324284594,41.78107986945329,44.45186799735517,0.17599726066106733
3668,42.68212397854317,42.50103491681935,40.93867288401287,40.835488247794956,15.918572037254279,41.91072724801889,44.44209658515384,0.17599726066106733
3669,42.69549554230489,42.61919644325623,41.23696058454855,40.86367490345693,30.642405469445464,42.12129145520844,44.455468148915564,0.1759972606610673
3670,42.68625139768541,42.5390447944513,40.67926665692397,40.2034397265932,23.95295562637047,41.80451024244296,44.444883820552064,0.1758632422866657
3671,42.67189765608512,42.56707908496911,41.16344860733822,40.78713217273439,22.434706688252298,42.0849443012338,44.43053007895178,0.17586324228666586
3672,42.69566047786191,42.39565316061307,40.64116908769559,39.72217198927302,23.816756973140517,41.59046859826515,44.45429290072857,0.175863242286666
3673,42.70296836795241,42.46486673491867,40.23186719317338,40.257378085920834,-19.046367625126692,41.87443473156121,44.46160079081907,0.1758632422866658
3674,42.70477460944463,42.54523031515957,40.90916926662708,40.61742422949866,14.486394319570202,41.99863699079019,44.46324707393157,0.17584724644869415
3675,42.668776717368395,42.53333887029939,40.98195859794463,40.56700787543476,28.224851420133916,41.94073961064642,44.42724918185534,0.1758472464486941
3676,42.6805328052083,42.43245925843123,40.694425191865484,40.33639703430809,27.508382466981583,41.83112116983226,44.439005269695244,0.1758472464486941
3677,42.705083279462784,42.59032775633019,41.10429871521009,40.581101747839504,25.63520600778041,41.95668060345473,44.4456635573881,0.17405802779253196
3678,42.73581837185673,42.615040085255956,40.56678467804522,40.50354999780907,-14.087182798877649,42.1095691580188,44.47639864978205,0.1740580277925319
3679,42.723826334894156,42.52824948754944,40.78660820768639,40.453498556935955,28.774961092581737,41.82480536777401,44.464406612819474,0.17405802779253185
3680,42.70767391370039,42.566983003723,40.95112991746337,40.56089699011491,27.061026551123742,41.97798071118841,44.44825419162571,0.17405802779253202
3681,42.705931416865404,42.48249434695524,40.857350142060994,40.25157597421159,27.87186465572221,41.76852134803889,44.44176705869835,0.17358356418329504
3682,42.70643072311251,42.6003981433594,41.06702228782916,40.296401469994876,31.89651912080525,41.8898820107444,44.44226636494546,0.17358356418329504
3683,42.706881012416275,42.56478961590787,40.93555278474377,39.91073814506439,28.08199082609685,41.93167218644835,44.442716654249224,0.17358356418329499
3684,42.71344858552916,42.6015244650826,41.33333709708678,40.834305436973224,29.063234556894777,42.170781624934904,44.44928422736211,0.1735835641832952
3685,42.708750953977265,42.58976434272949,40.98020472229904,40.12672623676316,15.96614743389111,42.026916795692884,44.444586595810215,0.17358356418329515
3686,42.71310466926862,42.59523782149985,40.91361414170894,40.75819168986143,17.913101055611904,41.97281406848796,44.44878182178232,0.17356771525137035
3687,42.72263406410718,42.6283822401479,41.01231610194689,40.14629491376236,27.644984312520485,42.11552385919638,44.458311216620885,0.17356771525137035
3688,42.71321773278151,42.623836141359824,41.15117173030173,40.91132545936321,18.38572387793817,42.18496543505098,44.45097299909955,0.1737755266318039
3689,42.70405437989495,42.55448983378433,40.902925332429156,40.18598638099116,22.394926025544027,42.12110369522486,44.44180964621299,0.17377552663180404
3690,42.69802571736173,42.50868014961233,41.33042908294222,40.660622262821214,34.30826760122364,41.802986587449425,44.43578098367977,0.17377552663180393
3691,42.732821640990366,42.580903455716005,41.02899097054982,40.02236102654067,31.524785251257317,41.72078257929054,44.470576907308406,0.17377552663180407
3692,42.69576282571497,42.559485791655845,40.93877007835747,40.5773669626904,23.456210379785364,41.903255375691586,44.43351809203301,0.17377552663180412
3693,42.71296817055894,42.590321284819275,40.89441213960217,40.55610991898291,19.572289903065794,42.07846793066702,44.45072343687698,0.17377552663180398
3694,42.71045001632206,42.55110554246909,40.83367119208965,40.38594461878561,11.168406550084946,41.97685923602346,44.4482052826401,0.1737755266318039
3695,42.71636825680796,42.49056909579912,40.58360572673093,40.10578160240284,18.104110406751797,41.80509887933697,44.454123523126,0.17377552663180407
3696,42.70988479047926,42.56206668477964,40.70710313885876,39.82034985216077,15.001714379811176,41.92221936732376,44.447798546116545,0.1737913755637284
3697,42.72612881231633,42.54663318434447,40.86868443033741,40.12897671740889,17.23898581043481,41.89815015064624,44.46404256795362,0.17379137556372856
3698,42.723467691768384,42.54064209190804,41.004496674927545,40.46225682230116,29.940987886390513,41.955910150623716,44.46138144740567,0.17379137556372862
3699,42.70039652742861,42.51543298025594,41.00118624430325,40.438960504420216,27.479382777868086,42.01306445386812,44.438310283065896,0.17379137556372876
3700,42.71631292323076,42.5673215338317,40.73877407126949,39.84610101227685,26.726691590597937,42.05494959205901,44.45422667886805,0.1737913755637286
3701,42.701134312104834,42.59784452955566,41.26036012856152,40.702305247096504,30.33953683208953,42.132810183544585,44.43904806774212,0.1737913755637285
3702,42.70181991301929,42.51045259475824,40.94300195986627,40.64248805092021,24.144583351370045,41.914591472698476,44.43973366865658,0.1737913755637286
3703,42.7158816152013,42.58501052027944,40.95892269939328,40.201926548953736,28.76883599486414,41.908245355657996,44.45435771216377,0.17384760969624752
3704,42.70844661087173,42.61884012563799,41.1881450480095,40.72493443465282,29.238306062569386,42.07290313512747,44.4605549234347,0.17521083125629686
3705,42.66857732954228,42.58484253058281,41.36323245921986,41.17371207426579,30.63999226647325,42.08192184637012,44.42068564210525,0.17521083125629702
3706,42.690354511148115,42.559478706717954,40.34193626689729,40.5845269474782,-11.062720120828011,41.91335379693509,44.44246282371108,0.17521083125629688
3707,42.70632946093819,42.524581914519736,41.08822199391926,40.606863229097776,32.404272863363005,42.065417876814024,44.45843777350116,0.17521083125629683
3708,42.67798562192819,42.56841679429567,41.13468196314178,40.39509877742883,32.92873301453682,42.13051483915585,44.430093934491154,0.17521083125629672
3709,42.68972386229218,42.58602784270943,41.34637222381544,40.71559472145593,31.005387787624358,42.01099039768984,44.44160308808988,0.17518792257976923
3710,42.69111413075199,42.539705596919475,41.221798387439726,40.78517533911255,30.90518524180829,42.134853425165765,44.442993356549685,0.1751879225797692
3711,42.70956852035903,42.556150216046895,40.56462490157027,40.59733467508498,-8.385685213792335,41.82138749788897,44.46144774615672,0.17518792257976928
3712,42.69715879776578,42.54599951213234,40.661273697411794,40.0959502887855,20.137121016721732,41.827486376515296,44.449038023563475,0.17518792257976926
3713,42.71263065567593,42.60017093020728,41.130163442110124,40.69021509378636,31.490969645157143,41.994408326503205,44.43632605216098,0.17236953964850477
3714,42.73795894680052,42.470898781360795,40.445343570447385,39.9694555375278,8.56387562289325,41.865034572454206,44.460489442374296,0.1722530495573782
3715,42.719311066751715,42.628692822897115,40.97859854573321,40.33809496323367,22.122078516715895,41.886589451938846,44.44184156232549,0.17225304955737816
3716,42.720233771935476,42.52288480169033,40.55696074283295,40.15869225414274,27.018140781746297,41.61148280843411,44.44276426750926,0.17225304955737836
3717,42.73840105650761,42.61469375950629,41.065714192453264,40.18837254290091,32.585921827535735,42.02952825579905,44.4609315520814,0.17225304955737836
3718,42.70198867795692,42.640502809181186,41.30073291988345,40.62894223351464,34.41484896807725,42.21508020117973,44.424202945764684,0.17222142678077645
3719,42.70128884703582,42.5720416360956,40.83688761810398,40.244358344125125,8.673402630789443,41.9228341585148,44.423503114843584,0.17222142678077662
3720,42.70984618781979,42.5964915752185,40.96851970797702,40.04389017474958,29.06764952561013,41.82046813425247,44.42956049630762,0.17197143084878339
3721,42.73854815157329,42.48599829156128,40.36238027439811,39.12737026970958,26.533561817205356,41.54263413390642,44.45826246006112,0.17197143084878327
3722,42.7085382138631,42.59929156469177,40.82502808899266,40.32502846928326,23.698600528696016,41.914686975914236,44.21045517171601,0.15019169578529154
3723,42.75761883382811,42.591738806189156,41.19648818024916,40.639404585591464,23.56778692207424,42.12710500939514,44.259535791681024,0.15019169578529157
3724,42.73553801100942,42.52426738201322,40.46156354994751,39.95052197166669,-14.24003031990739,41.7957212429143,44.23745496886233,0.15019169578529148
3725,42.73073371934109,42.5208312548219,40.751853417552006,40.61964413462772,-1.6408685260042049,41.92264717922204,44.232650677194,0.15019169578529137
3726,42.722497978698925,42.63387945816202,41.14129078627296,40.74428218123286,26.894849074298957,42.2373535281105,44.22178049133574,0.14992825126368148
3727,42.73203551791923,42.630259732855635,41.58945054807464,41.24750034776896,35.983075693507416,42.22821483506627,44.23131803055605,0.1499282512636814
3728,42.716718165726185,42.56771438009659,40.760313310427165,40.387680454382455,21.130916005024012,41.95604422097623,44.21923432125167,0.1502516155525483
3729,42.73822628829643,42.50698910669551,41.2746417458618,40.85790214602621,28.303733797459984,42.070487791069674,44.240742443821915,0.15025161555254832
3730,42.697933867395726,42.595878741623046,41.0834438402851,40.42321519852052,29.570792485948658,42.03089823101968,44.20045002292121,0.15025161555254835
3731,42.74161090920731,42.57129452597295,41.241583862746225,40.81281192130236,31.277835288151323,41.9694965077456,44.244127064732794,0.15025161555254832
3732,42.733827466777825,42.54733834529634,41.134800352677715,40.71976694825748,30.060981153191236,42.04698175539192,44.234550443425455,0.15007229766476282
3733,42.71368861168639,42.61604430888097,40.770254931197485,40.14635563021427,-1.6400805854779108,42.09680128506047,44.20973423692115,0.14960456252347565
3734,42.74192452082679,42.59727940170469,41.15384804982744,40.43028622135967,31.675519561225133,42.11346161534583,44.235003283248105,0.14930787624213127
3735,42.739295011410334,42.47647790074518,40.90053846354683,40.41177511552594,31.105761711422478,41.800638965892404,44.26912423415559,0.15298292227452578
3736,42.703608047165794,42.544962018076184,40.798902370449134,39.42453606727585,31.315988588069008,41.82249543903241,44.24732962075384,0.15437215735880447
3737,42.68824317833835,42.59773615894415,41.14336811881116,40.96909821697694,21.240287380958332,42.153639959956266,44.23196475192639,0.15437215735880447
3738,42.688176731343354,42.52269469025471,40.85882354758544,39.982722962184376,26.86190308827351,41.92877865427658,44.2318983049314,0.1543721573588043
3739,42.672635419293805,42.55166986253383,40.91616982616969,40.20447099251196,27.441935384914046,42.093058994113385,44.21635699288185,0.15437215735880438
3740,42.71862785502181,42.52639123130641,39.76144166400631,39.39795333820023,-5.787959242020129,41.69202271696019,44.26234942860985,0.15437215735880438
3741,42.667163961432564,42.44774737069898,40.43667816011534,39.94853853812373,11.826644762355684,41.71358351291627,44.21088553502061,0.1543721573588045
3742,42.68233827666647,42.377698583920356,41.25872606566377,40.816783038328104,31.130102745129186,41.76718402576788,44.21320669511264,0.15308684184461654
3743,42.70149446703431,42.59547371336769,41.03298296948915,40.055710441739706,33.528679843139265,42.04457231591872,44.23236288548048,0.15308684184461668
3744,42.71331646575022,42.54145960356507,41.04486782866923,40.508842974194835,32.16506494320927,41.94886042324164,44.244184884196386,0.15308684184461652
3745,42.707712967997075,42.55305575974254,41.08031702810747,40.42874119679591,31.483878541235676,42.01112886085522,44.238581386443244,0.15308684184461652
3746,42.707770231306235,42.580848985988894,41.17883586755134,40.850653656526234,12.454346090434509,42.13097114039478,44.2386386497524,0.15308684184461663
3747,42.691035951071086,42.463339441233856,41.0993590353985,40.74724888576675,29.794398105975016,41.82210038925736,44.221904369517254,0.15308684184461666
3748,42.71288756037893,42.49680396014983,41.08269103011581,40.61149541247412,24.05259812657738,41.91774078732384,44.2437559788251,0.15308684184461663
3749,42.6888665518344,42.55389677568431,40.880249794348785,40.22312083937702,31.61839372469333,41.97013004487376,44.21973497028057,0.1530868418446167
3750,42.70972648867712,42.59092498385236,40.975743677852854,40.6389500572498,27.186603797381597,42.18098522380944,44.24059490712329,0.15308684184461663
3751,42.70087948569552,42.592153811781984,40.803095938914176,40.34252622934068,16.096563821649855,42.11403634660023,44.23174790414169,0.15308684184461654
3752,42.68822839869092,42.52676272664669,40.51805302275138,40.36238428542817,-5.2566352510559895,41.99473156373737,44.219096817137086,0.1530868418446165
3753,42.7147555566107,42.5928647495903,40.83473652779243,40.413313071982756,30.48886475423684,42.04353152961839,44.224738243837294,0.1509982687226594
3754,42.7274412838976,42.57787801512702,41.184023114678624,40.61416489904309,27.825790462333554,42.06041978926845,44.23742397112419,0.15099826872265926
3755,42.71023314110506,42.59635236636268,40.76602230568299,39.99949450529148,7.8460607337395345,42.1444107195298,44.220215828331646,0.15099826872265923
3756,42.74504691132939,42.6136802966395,41.149202441015376,40.88990458848419,27.502981580956423,42.03623790514236,44.256245282115685,0.15111983707862964
3757,42.71157467484544,42.543423535407804,40.872621296476765,39.596448269864496,31.48672194607389,42.0745498299736,44.22277304563173,0.15111983707862953
3758,42.70506507323624,42.56036767945532,40.222677516081404,39.59445683094468,-7.9898558054710875,41.95733598943178,44.21626344402254,0.1511198370786295
3759,42.72220049779299,42.48539278123864,41.19027417935374,40.60386556501031,25.945252145336113,41.9946848616382,44.23119508277299,0.1508994584980002
3760,42.72923973321053,42.62563240912229,40.949970919465954,40.5562488342607,28.008997030929965,42.04144852467531,44.23823431819053,0.1508994584980003
3761,42.71555187366863,42.602127379106626,40.764548253125966,39.87874021581505,28.077896977709642,41.99512570768299,44.22454645864863,0.15089945849800018
3762,42.700750486830636,42.552251092439235,41.004235942473834,40.15270869984731,32.28467004591915,41.88907740886246,44.20974507181064,0.15089945849800004
3763,42.69884889580119,42.53175948589163,40.7515104078803,40.63190522418572,27.205912576828794,41.9856192297479,44.206746579928144,0.1507897684126956
3764,42.73032117868324,42.60786346102556,40.761060905929405,39.92593709799331,29.590638723916044,42.014585415777134,44.23821886281019,0.1507897684126956
3765,42.71865577200728,42.640460014844706,41.19124819394214,40.64380482026032,27.780454033605878,42.27600430632123,44.22655345613424,0.15078976841269565
3766,42.71438253165824,42.599239171890446,40.88874418466511,40.14812015537153,30.778180544543577,41.99854292489545,44.2222802157852,0.15078976841269576
3767,42.727579107209614,42.59668078721713,40.63967487566235,39.84742768424393,14.513297590862877,42.00505389661029,44.235476791336566,0.15078976841269554
3768,42.713774659938046,42.53825994105288,40.90522747440287,40.559580054764076,22.844433572132818,41.86776731667182,44.232387537117376,0.15186128771793309
3769,42.69637661581004,42.49825454505563,40.92654789655719,40.09846938876093,29.88215070427202,41.7145943832064,44.203564924487154,0.15071883086771123
3770,42.72444818231318,42.5991181983031,41.55589135998447,40.92487349452562,36.34847495956745,42.198339696537346,44.2316364909903,0.15071883086771115
3771,42.73178028829084,42.583535112124835,40.589842308777335,40.058831676076586,-7.985914782847985,41.99961635074291,44.23896859696796,0.15071883086771126
3772,42.7032956342148,42.628141632277355,41.09443955550032,40.916574629228,24.866738587778844,42.17117635965355,44.21048394289191,0.15071883086771115
3773,42.719567318444064,42.572016557010215,41.132689378678876,40.67674564829008,29.579594638650054,41.855842761991426,44.22294769523197,0.1503380376787909
3774,42.70767214192858,42.56786716535042,40.82926082087047,40.1909449894836,29.426203103297336,41.787948996802626,44.22082756839893,0.15131554264703515
3775,42.719918852158855,42.59526800003363,40.518071129530924,39.511947393320355,15.093874021654894,41.810415223447976,44.2330742786292,0.15131554264703515
3776,42.726398490212325,42.59591260941703,41.13428969783914,40.39360826858866,30.965003711073088,42.14485444764938,44.23955391668268,0.1513155426470352
3777,42.71797211950466,42.60695151437495,40.94566326924662,40.58072436591261,23.97448649613638,42.140509628108035,44.231127545975006,0.15131554264703512
3778,42.72096082548226,42.61822254118018,41.55990761099651,41.0902949590634,36.29987573696364,42.19907177606632,44.23411625195261,0.15131554264703512
3779,42.710629755213716,42.62047312945118,40.44255717747639,40.28952372321662,15.065440969903594,42.14362417630892,44.22378518168407,0.15131554264703526
3780,42.705947841727564,42.6247240673291,40.67233339180283,40.462070861200765,15.742828969635898,41.96999554671791,44.21910326819792,0.15131554264703517
3781,42.74543595131665,42.62548448066781,41.24177885278512,40.92216436255379,13.634110799202528,42.299513912151674,44.258591377787006,0.15131554264703534
3782,42.72962268790223,42.50043673552736,40.50300026910713,40.31733382035503,15.090574151132493,42.02966738142088,44.242778114372584,0.15131554264703528
3783,42.723052417772706,42.42261181463957,40.711606309426315,39.5506461144807,21.79860228192421,41.660490452210325,44.23620784424306,0.15131554264703534
3784,42.72434470100336,42.612560475906335,40.98568782123015,40.602280869343005,26.163479693472546,42.14173157121189,44.237500127473716,0.15131554264703517
3785,42.7136075195553,42.63208535943885,40.629365782317166,40.544973670050744,17.118981171902547,41.89983205433951,44.22676294602566,0.15131554264703526
3786,42.72938567948251,42.57327358722647,40.83907727046314,39.912717783624515,30.017462293456852,41.85871416910254,44.24254110595286,0.15131554264703506
3787,42.724300836420355,42.62787381865709,41.17036026780958,40.70224733355745,30.749135729954606,42.210864317063724,44.23745626289071,0.1513155426470352
3788,42.7398411459496,42.62098347668613,40.94123322812,40.64923883566499,22.905333316310283,42.24716885170179,44.25299657241995,0.1513155426470352
3789,42.732493534589516,42.63120864234163,41.23784130142097,41.00745299597063,30.30854298985497,42.21427337256199,44.245648961059864,0.15131554264703506
3790,42.72021901298002,42.600986689838905,41.09461572432516,39.97939960504369,32.09715659011532,42.09943915389541,44.23337443945037,0.15131554264703523
3791,42.720645390490375,42.545245891666475,40.89524728093999,39.81814941946716,29.32691627319035,41.779275150779725,44.23380081696073,0.1513155426470352
3792,42.72325157836816,42.585318307387446,40.888700306260255,40.521105135412775,22.708286221286198,42.077277454690055,44.23640700483851,0.15131554264703515
3793,42.70231487014332,42.57218642293842,40.81991384409895,40.43682493697894,17.4850231958113,42.10155368192088,44.21547029661367,0.15131554264703512
3794,42.73873213116786,42.6368884182821,40.916997573370736,40.66459440928487,28.786016045620727,41.96249037126496,44.25188755763821,0.15131554264703526
3795,42.74444005256781,42.54737319698647,40.89596453135341,39.80518926241296,26.73326897179823,41.91858164613811,44.25598583432574,0.15115457817579303
3796,42.71599895717342,42.57353043231676,41.248756613278445,40.34389256832178,29.498670406159263,42.09123347343633,44.22754473893135,0.15115457817579303
3797,42.74023401372636,42.604172514183034,40.97181930090684,40.245148010364076,27.15793393899207,41.84923361925176,44.25177979548429,0.1511545781757929
3798,42.74119765834109,42.64437104823831,40.84334304015256,39.95187393693286,30.227652660080103,41.868594311239676,44.252743440099024,0.15115457817579286
3799,42.726237365502556,42.585845373965064,40.99069855103812,40.144047688696745,27.27911655167615,41.957118022871306,44.22854706259628,0.15023096970937225
3800,42.70396939349526,42.56595087289578,41.05308197046525,40.110185688150565,27.957805564550075,41.87362144794224,44.20627909058898,0.1502309697093722
3801,42.766052583237396,42.53121794238268,40.22293317405328,39.61226813579757,2.8954437990913036,41.78980211321799,44.26836228033112,0.1502309697093721
3802,42.72160062937868,42.60417093792797,40.942101881890544,39.7923353109981,29.55958573021602,42.086970191217674,44.224265139861636,0.15026645104829559
3803,42.7268155251309,42.627728622143145,40.98852535483478,41.00395655801293,17.561262719096653,42.188558867238825,44.22429309278259,0.14974775676516833
3804,42.76155213534622,42.60152537459338,40.41069644032967,40.832189111158456,-19.237657645076737,42.12137594614414,44.25902970299791,0.1497477567651683
3805,42.7464827713716,42.637159230314964,41.13559251371323,40.84733753338594,23.532585558174013,42.06501978520144,44.24396033902328,0.14974775676516822
3806,42.755159265717815,42.52589181712223,41.307840838593094,40.836830204382714,28.13705985595854,41.973900839494334,44.2526368333695,0.14974775676516824
3807,42.736864271174994,42.58827943636092,41.15003024914964,40.70796360106903,32.04809263884853,42.125206440429736,44.23434183882668,0.1497477567651683
3808,42.75113087133937,42.64568193247677,41.047472390148926,40.710023254660605,19.498500661387766,42.27951400772467,44.248608438991056,0.14974775676516838
3809,42.73603742586492,42.53070585522268,41.04664976865299,40.28280788490349,29.853812834965947,42.02834315276013,44.23351499351661,0.14974775676516827
3810,42.76964540060111,42.558998634957995,40.81982417512933,40.644690797315896,-0.8646827479912957,42.030646674991615,44.268287869164055,0.14986424685629474
3811,42.737512258377876,42.49907869045296,40.38829435573077,39.935987646299616,-7.935834364766983,42.00684579444251,44.236154726940825,0.14986424685629474
3812,42.74995336086219,42.649912887817315,40.51277232442156,40.509822533070974,-16.430094961650326,42.12576883899165,44.24859582942514,0.14986424685629474
3813,42.733099576428586,42.616400798907904,41.56017181961339,40.860128593016164,32.383628100712706,42.22926556518697,44.231564217050526,0.14984646406219426
3814,42.76078344766191,42.471300346815795,40.761936367603354,39.82438884026712,28.298966860210346,41.85713680128991,44.25924808828385,0.14984646406219432
3815,42.72020136239902,42.60521710913986,41.31492782097613,40.71466659932622,27.480788578274286,42.02021714402318,44.218666003020964,0.14984646406219457
3816,42.73713051789062,42.61660275623848,40.610440259142955,40.64321863473937,-5.478669193098888,42.00300508750926,44.24042386605028,0.15032933481596608
3817,42.75796263100216,42.59989882955399,40.95150241312927,40.124739693281455,25.371572593890043,41.876157482750514,44.26125597916182,0.150329334815966
3818,42.745757228789316,42.622114465438,41.134001895483635,40.630832292638786,17.401652378354296,42.02672951953862,44.23878672948824,0.1493029500698922
3819,42.74760549155147,42.633088229565686,41.13047924272944,40.36056136070646,31.30392083847543,42.19556548376966,44.23538475012909,0.14877792585776245
3820,42.74100024026318,42.45063813278574,40.327930774350165,40.12640864182086,-8.344247951611166,41.74466601059689,44.22877949884081,0.14877792585776226
3821,42.754262835895005,42.553082599427334,40.92936302987426,40.6582507898029,23.909141298487715,42.10040750098178,44.24204209447263,0.14877792585776228
3822,42.72126190755441,42.59100947562774,41.15425445707771,40.80439196321323,32.436390006766175,42.052083831446495,44.237222514897496,0.15159606073430898
3823,42.734994251319804,42.56697496309391,40.97265411682972,40.681830866707706,25.542900412919757,41.90265142173161,44.250954858662894,0.1515960607343092
3824,42.74936194988778,42.432427439850485,40.699774303730344,40.143517218838824,26.806339479184974,41.65676125788029,44.26532255723087,0.151596060734309
3825,42.71213618323078,42.554393480812024,40.752832744099344,40.409949746360866,-12.499807517360566,41.92959364839851,44.22809679057387,0.15159606073430903
3826,42.73683297420435,42.57241163751369,41.135640946792925,40.68636163445101,27.50890650710012,42.0646842431319,44.25279358154744,0.15159606073430906
3827,42.734044863067844,42.61116798175147,41.44212935716338,40.88603240801753,31.472201680080904,42.09889714038938,44.25000547041093,0.15159606073430898
3828,42.74961908239359,42.63636662477744,40.666151823204906,40.33909663259385,23.51694582156845,41.99672254431901,44.26557968973668,0.15159606073430906
3829,42.754914137713776,42.6330813641983,41.010510377663394,40.377917747481476,25.383239037434244,42.02583245538364,44.259130248649384,0.1504216110935606
3830,42.76996140291046,42.67399065619459,41.41877380051694,40.974143021000636,27.625634072424504,42.382248408622004,44.28080789918968,0.15108464962792192
3831,42.7621293223932,42.59718678085974,40.865510267313354,40.285780203090184,9.661400313264508,42.0529770382756,44.27297581867242,0.15108464962792187
3832,42.744872288860265,42.66409101269324,41.477884429315125,40.88840295527793,31.497278390847853,42.33654542199791,44.255718785139486,0.1510846496279219
3833,42.76774069214448,42.57600990981148,41.281133946476515,40.78897316966466,33.232606793270264,41.99170068596494,44.2785871884237,0.15108464962792184
3834,42.72740926472425,42.61780399313552,40.5181556946989,40.37074833342625,-11.782691810915786,41.99369791514815,44.23825576100347,0.15108464962792184
3835,42.752472812080214,42.5879376801907,40.562710650598056,40.91858184832314,-8.458632946404101,42.1175190427182,44.263319308359435,0.15108464962792184
3836,42.73716471067138,42.62475259890807,41.09431020557799,40.6359712943981,26.822064135224448,42.15766739038057,44.25613199919481,0.15189672885234243
3837,42.732941105124176,42.59876753592025,40.87285168268932,39.903753620319925,24.588866279439404,41.9341579126483,44.244157550436526,0.15112164453123478
3838,42.732824169523845,42.647187316463075,41.10465813020542,40.58311515009471,26.160695854956252,42.14488216660509,44.24460295616139,0.15117787866375398
3839,42.735926185198,42.48768262552871,40.54644250213316,39.95158214018056,18.877257373761566,41.762269281519224,44.24770497183554,0.15117787866375387
3840,42.72941219561037,42.631058331977584,40.66584332073179,40.24623669995087,24.09105979768214,41.90432068502368,44.24119098224791,0.1511778786637538
3841,42.74518533662278,42.526122500903384,40.88105606019984,40.567298339244985,18.762657775786327,41.87570099063015,44.25696412326032,0.1511778786637537
3842,42.75745895904777,42.59584044241216,41.241983101324585,40.37115278391782,28.15463275818079,42.096970036160116,44.26923774568531,0.15117787866375387
3843,42.74117263873019,42.618943768039244,40.879994892003204,39.91655540409697,29.974348246267567,41.987018042596354,44.25295142536773,0.151177878663754
3844,42.74861790637294,42.585166917791746,41.009986636862436,40.443947352673725,28.480436852194156,41.840131763910236,44.260396693010485,0.15117787866375387
3845,42.76891757887243,42.632212063962655,41.078842851938575,40.47954476707241,27.90111486646275,41.97409855794602,44.28069636550997,0.1511778786637538
3846,42.75817437887248,42.61233891223084,41.2299488128734,40.79209547293554,27.00825371394103,42.17600841033647,44.26995316551002,0.15117787866375373
3847,42.75221819951898,42.632211686467336,41.16354689415332,40.864479298152396,28.361194920387767,42.26332601979075,44.26537737042112,0.1513159170902141
3848,42.74033159830651,42.63990799108898,41.46588110045113,40.915630702884044,32.932293890029726,42.104277632882095,44.25349076920865,0.1513159170902141
3849,42.73691325037357,42.48223334136817,40.546010790682246,40.132870280353636,18.810629045756087,41.650238972873666,44.24404682541496,0.1507133575041397
3850,42.73377368420032,42.62791376863872,40.966447614394525,39.67740258620162,27.719762963354757,41.8937580193535,44.24090725924172,0.15071335750413983
3851,42.752698693476816,42.606260481136,41.242486628968095,40.95948006460031,24.821660350791326,42.15935225499606,44.256045393796036,0.15033467003192225
3852,42.747230816795856,42.602874015371945,41.06686112195175,40.19939176089123,28.226764859093517,42.120789308804376,44.250577517115076,0.15033467003192227
3853,42.75378970670971,42.56635685227141,40.76853328238837,40.70560383264944,-12.434036295991127,42.01525422358117,44.25713640702893,0.15033467003192227
3854,42.75650061059059,42.64125038501116,40.80633922739717,40.88265267081692,-14.81278599205929,42.194618290005835,44.25984731090981,0.1503346700319223
3855,42.75398086686188,42.64194982772195,41.12823177960914,40.76042313880442,24.92524218654552,42.180331185604715,44.2573275671811,0.15033467003192225
3856,42.75648865546692,42.682349779841296,41.5866151331498,40.73129617113681,31.37495796410656,42.37147589999459,44.25983535578614,0.15033467003192225
3857,42.74432420625228,42.65486011944843,40.85376395993184,40.6092583523093,25.03120097423498,42.064083377276106,44.24451181782416,0.150018761157188
3858,42.75034265238498,42.62152599393775,41.027588915898896,40.37021046490698,29.66628093342745,42.073010432253646,44.25053026395686,0.15001876115718812
3859,42.75686803752079,42.63727560492063,40.95885852071778,40.86761037967408,8.587658841360309,42.10889459027342,44.25705564909267,0.15001876115718804
3860,42.73689113556669,42.50225413673576,40.622200518614925,39.99325819187402,22.50919995232982,41.89772561330258,44.23707874713857,0.1500187611571882
3861,42.76902270108895,42.60381917152651,40.62485153454299,40.32548703916226,-12.046754199447832,42.083143000986134,44.26921031266083,0.15001876115718815
3862,42.76246182837503,42.66892402984993,41.44684372087868,41.05980025944728,32.19466162197849,42.172130603408,44.26264943994691,0.1500187611571881
3863,42.75277413337248,42.572546755116456,40.43823619385064,40.443212175342225,24.054438463812396,41.798407138510285,44.252961744944365,0.15001876115718796
3864,42.750631634276736,42.631547280310045,41.09509587280363,40.580483195510745,31.69606109942749,41.99461425893692,44.25081924584862,0.1500187611571881
3865,42.7618924636907,42.55436848542986,41.0659978398085,40.39180846471495,22.630025844984093,42.03554499912567,44.26208007526258,0.1500187611571881
3866,42.74479309955204,42.63771807197716,41.14366822865626,40.11358406267287,29.77084097596864,42.07232737160574,44.24656560431638,0.15017725047643407
3867,42.75250316518537,42.585941090292785,40.68400410682871,40.434976344942186,19.729942458752145,42.09830637799732,44.254275669949706,0.15017725047643418
3868,42.75457790708465,42.60667189370203,41.191365261590924,40.8090305114439,32.50155854143147,42.128409202292886,44.25635041184899,0.15017725047643432
3869,42.756842990864726,42.62389251204898,40.95831240656771,40.67016761222861,-6.779083661125007,42.20949632801394,44.258615495629066,0.1501772504764342
3870,42.7639011482442,42.63770779750086,41.23291695564987,40.699882629918555,27.701653078866705,42.12612680174989,44.26567365300854,0.15017725047643415
3871,42.775763547384166,42.66329304502584,41.42478178657096,40.76344027454872,34.60481709874188,42.26866893748105,44.277536052148506,0.1501772504764342
3872,42.757428988453235,42.5651340733173,41.086448622611236,40.15000791613361,31.35789814557213,42.04527932828007,44.259201493217574,0.15017725047643418
3873,42.73965563848035,42.62269941314053,41.12880589319316,40.16211290758527,31.86133549909102,41.985335646959925,44.24142814324469,0.1501772504764342
3874,42.74296496295124,42.63390028268606,41.23240374675058,40.45857508237639,29.59625753372942,42.19156502277869,44.24473746771558,0.1501772504764342
3875,42.77676884665541,42.51748315362068,40.48753169430123,40.20818192037981,-11.694735271771158,41.79299853169998,44.27854135141975,0.1501772504764343
3876,42.77295158478564,42.66475336788684,40.957625142751716,40.672033934764904,-8.923574739835388,42.29349575107127,44.27263479341912,0.1499683208633488
3877,42.751348391321834,42.56918486246713,40.8798280179682,40.36583092297781,30.965696973344684,41.87253177261529,44.25103159995532,0.1499683208633488
3878,42.74098352472683,42.66018519273202,41.20191936865753,41.05979262611514,26.24648816168826,42.20980966997258,44.240666733360314,0.14996832086334871
3879,42.77799697021362,42.61507463119215,41.25833827691511,40.39587547592152,27.23256177922607,42.11378906597692,44.281158684273294,0.15031617140596729
3880,42.765713388079384,42.612583392861914,40.80422686711495,40.30729416523568,18.79542500884497,42.046000510514645,44.268875102139056,0.1503161714059673
3881,42.77343421262719,42.66903167878707,41.4492642733645,40.96016357452236,31.955135376996914,42.21463534765842,44.2780790505237,0.15046448378965155
3882,42.744752565962024,42.60856152259195,40.743067262056044,40.27890246424603,20.192542777907526,42.13667510794782,44.24939740385854,0.15046448378965152
3883,42.76305816014456,42.599455817578935,41.18050549322471,40.656387713692425,29.516963085087976,42.162581736849035,44.266398161790136,0.15033400016455775
3884,42.75631523913711,42.581736621891864,40.80544801375419,40.10065750091386,13.620052364396138,41.86780857246653,44.259655240782685,0.15033400016455772
3885,42.75615062397744,42.596727720052506,40.62407441358191,39.952791170945574,25.737560105226038,41.83868242830387,44.25933213630377,0.15031815123263303
3886,42.75355689992585,42.67751560601736,41.06782003006572,40.63098582572997,28.237461863784887,41.895192233769556,44.256738412252176,0.15031815123263312
3887,42.7559011179488,42.35327418986938,40.85123858737264,40.07867795241267,28.427142251929183,41.71217674500888,44.25908263027513,0.15031815123263298
3888,42.74670224454919,42.63177676580319,40.68228041360694,40.30315094569572,12.020412573720542,41.89574529889228,44.2559319017725,0.1509229657223306
3889,42.74450224919172,42.62974569890469,41.197689675885584,40.67206877300781,30.982897969486373,42.06241982749856,44.25373190641502,0.1509229657223304
3890,42.75932494377203,42.64735997081108,41.16185516466831,41.01583103612295,26.463711217510554,42.091580538964536,44.26855460099534,0.15092296572233047
3891,42.75055536082714,42.61104238984999,40.60448395339159,39.9051647693382,-8.404768284712716,42.01022153450181,44.25978501805045,0.15092296572233058
3892,42.732226840535986,42.61206618674912,41.014359637042816,40.469738977366674,30.999557001442852,42.08010918668978,44.241456497759295,0.15092296572233066
3893,42.758893450020416,42.61548795937682,41.05682193582709,40.43839377009068,27.60374608625115,42.121209235375446,44.268123107243724,0.15092296572233058
3894,42.74114167044295,42.61250122867875,40.703272506445096,40.313988717746874,17.542328778243608,42.068130170361336,44.25037132766626,0.15092296572233058
3895,42.765544755550486,42.60307411844984,40.801678642803935,40.712669110801045,-6.739483109902267,42.064179482711936,44.274774412773795,0.1509229657223305
3896,42.74378783851025,42.619069315016574,41.20687875766999,40.663286340039676,31.605546611859324,41.986845451926115,44.247716533219844,0.15039286947095915
3897,42.75609256381247,42.6438866629785,41.03978438501088,40.713806856865205,7.955630925711567,42.2321432944246,44.260021258522066,0.15039286947095915
3898,42.76119605222677,42.62380223986644,41.222479563223104,40.704338767933294,23.102187095410017,42.06133332426133,44.265124746936365,0.15039286947095912
3899,42.74043018366183,42.592565027791494,40.98509080627971,40.647318821603676,21.981307574799896,41.81605477211765,44.24435887837142,0.15039286947095917
3900,42.75809620706541,42.65864947428778,41.08285559733418,40.577186167709804,28.253651402516443,42.097169288558106,44.262024901775,0.15039286947095923
3901,42.75588402120598,42.618674215427376,40.74868610307811,41.049817906055225,-10.054430632793334,42.15046648898447,44.25981271591557,0.15039286947095917
3902,42.77496474465651,42.613082930631464,41.05077480601285,40.772349293901456,28.218603384212535,42.02127363062176,44.2788934393661,0.150392869470959
3903,42.751571223608046,42.621064707269234,41.072406898615895,40.522718271898235,27.97692625473057,42.09492740516027,44.25549991831764,0.15039286947095915
3904,42.75299857701418,42.65926365882211,41.34495110697873,40.72333891503821,27.957737248882488,42.28843994781971,44.256927271723775,0.15039286947095906
3905,42.74898909461939,42.46752898846993,40.90633394136577,40.406027766673034,28.82711874760896,41.694000441989076,44.25406639522214,0.15050773006027468
3906,42.75494097621533,42.64937355734219,40.95414163890063,40.625392368603165,28.145746919918405,42.037300554758716,44.26001827681808,0.15050773006027465
3907,42.75458595503354,42.56427823361932,40.94932616320301,40.40995653267775,24.2052979618924,41.98797673587703,44.25966325563629,0.15050773006027468
3908,42.760769196379314,42.5979114989387,41.05444583283228,40.20114885425841,30.002232692596838,42.066338538517684,44.265846496982064,0.15050773006027465
3909,42.750917548064045,42.66606638995517,41.47219766368148,40.88803392080713,29.610441533420072,42.22120666833595,44.255994848666795,0.15050773006027474
3910,42.76717991854587,42.598423378833466,40.98816419513949,40.5656293626431,30.37845054065162,42.043605458803995,44.271902405759384,0.1504722487213512
3911,42.785798352632675,42.6241731164487,41.02486981101019,40.15643828833157,27.8244591802667,42.19232859611087,44.29052083984619,0.1504722487213514
3912,42.751780172826344,42.63424238577173,41.07600377502404,40.566113761095124,32.255944130751274,41.89249318246124,44.25650266003986,0.15047224872135134
3913,42.732569440435746,42.625855508847984,40.914813702689266,40.648027973354594,-5.438697161124843,42.26188591806853,44.23729192764926,0.15047224872135131
3914,42.73945542785694,42.58562825673657,41.192263064235185,40.72447113560808,31.256665113792806,41.99871973127736,44.24417791507045,0.15047224872135131
3915,42.75265176058362,42.674415481583836,41.24707109840106,40.52425140690644,29.261871196508224,42.17651858488546,44.262051599210004,0.1509399838626386
3916,42.72708090148239,42.50155185746561,40.609009255650065,40.214682705156555,9.751721410212106,41.84564743336795,44.23545605070334,0.1508375149220951
3917,42.73605527203003,42.58709520199542,40.90345224263067,40.4324716493363,21.841500629618174,41.91649170816227,44.24443042125098,0.15083751492209507
3918,42.74761951311292,42.53258461978767,40.572738146753075,39.50353642874686,29.516891416441823,41.63991151914211,44.255994662333876,0.15083751492209516
3919,42.73513232907339,42.54920929398118,40.742255804013276,39.64756529513691,31.121699977921075,41.9152098735072,44.24350747829434,0.1508375149220951
3920,42.756805263050396,42.52699896958017,41.20749334060347,40.56987649703908,30.11831881347699,41.96261027126027,44.26518041227135,0.15083751492209518
3921,42.733392928690826,42.61163451193461,41.096789177939606,40.273367576280585,31.21209312092825,41.910071942125896,44.24176807791178,0.15083751492209518
3922,42.74520082661674,42.48213111292002,40.91887929249707,40.43793965642899,28.27140543750915,41.88774276867447,44.25357597583769,0.15083751492209518
3923,42.74476305578955,42.6285795466765,41.116596377222876,40.57120108533546,33.699946371397964,41.820155070279895,44.2531382050105,0.1508375149220952
3924,42.748250732839985,42.645381791650905,41.24652415565168,40.749198873664646,32.4404925254685,41.962343511315055,44.25662588206094,0.15083751492209532
3925,42.739435424252456,42.414870764174175,41.15711838276405,40.070058642420044,34.14851868391802,41.89387074927137,44.24781057347341,0.1508375149220953
3926,42.75755429893058,42.61538877008331,41.3076539889454,40.67253649836841,33.68170882562711,41.955298668074,44.24033523044663,0.14827809315160512
3927,42.755188953037134,42.60359381165633,40.98528260651375,40.436657621697364,31.742788690612347,42.0426301098631,44.227781140265456,0.14725921872283215
3928,42.783024249603656,42.67370153528152,41.17475191358822,40.42174853072996,32.25256056808461,42.08327494244632,44.25561643683198,0.14725921872283215
3929,42.77655144043692,42.62662244071954,40.689680852088074,40.01590046780832,27.393458222652285,41.8104445899198,44.24914362766524,0.1472592187228322
3930,42.769904830775076,42.66028309078494,41.04900413803149,40.71234738563905,27.470898379780206,42.21272732565269,44.2424970180034,0.1472592187228322
3931,42.75786990123089,42.57339427113838,40.73631996921156,39.82545468954674,26.581140290789968,41.901539429270926,44.23691330152144,0.1479043400290553
3932,42.77367265823302,42.67493036680594,40.92466506920439,40.477051659863676,23.544271399341678,41.97327536328157,44.25271605852357,0.14790434002905517
3933,42.76418653978191,42.65262003640842,40.71072381689778,40.04997809859756,27.944146612777253,41.96456317123523,44.24322994007246,0.14790434002905525
3934,42.785503959659756,42.66603271744849,41.329162724541256,40.5798323860489,31.448717768279863,42.14151642175183,44.264547359950306,0.14790434002905503
3935,42.75663167157212,42.68421820417584,41.36863127566285,40.808632907837065,31.07962200192409,42.26390473802458,44.24545656772352,0.1488824896151401
3936,42.739228009892685,42.62613715474039,41.014372383627546,40.33655383298954,29.533486082420346,42.146662609488075,44.228052906044084,0.1488824896151401
3937,42.75754406690671,42.66262910702325,41.00984413229775,40.65434652330294,9.80690515367936,42.23870612169894,44.2402030130395,0.14826589461327863
3938,42.7660300223087,42.672472526886054,40.844847684779715,39.735631657668186,27.66300263084095,42.162175219173925,44.248688968441485,0.14826589461327846
3939,42.76101440326524,42.53639949324838,41.01899069749177,40.61277737801624,26.751599647922458,41.93773131623867,44.24367334939803,0.14826589461327866
3940,42.760663092269134,42.446776454959526,40.508723130387445,39.97940063015197,8.712587376990854,41.78111763605271,44.24332203840192,0.14826589461327855
3941,42.766092965321626,42.58342125419059,40.82573159502553,40.00235253581364,29.483857735275553,41.68286209019608,44.258085183435185,0.14919922181135592
3942,42.77078901745231,42.52350849078758,40.73718108583681,40.31005675074115,22.373346981867808,41.76197946922906,44.2611963423734,0.1490407324921097
3943,42.743277098870976,42.630348172628786,40.86826192558685,39.85563291224066,26.435217594067673,41.901704345359505,44.23368442379207,0.14904073249210975
3944,42.767684517845716,42.63990211358757,40.436288686567956,39.32134183245456,20.38099449477024,41.893188228397264,44.25809184276682,0.14904073249210986
3945,42.7480341704707,42.46656360030702,40.81060371961945,40.5132452316997,24.76461165930973,41.823741592335956,44.2583408859659,0.15103067154951988
3946,42.74760506921666,42.58701878776188,40.992655907001975,40.52448201682483,29.773239515480203,41.72823048557685,44.25791178471186,0.15103067154951977
3947,42.726260630074016,42.45246820887336,40.91147973635492,40.08259451972824,24.962063162627608,41.75493876080996,44.23656734556921,0.15103067154951982
3948,42.750711507876126,42.63262799613017,41.208641153203125,40.860590068530946,30.791381734632086,42.195169698192316,44.261794470487956,0.15110829626118277
3949,42.75080105923849,42.55914557793041,40.924537518031975,40.10560898936259,30.99483364171545,41.90779612099199,44.26188402185032,0.1511082962611828
3950,42.72849590732862,42.648350448867994,41.03711011033344,40.89920910794338,29.259455815119463,42.02881809816287,44.239578869940445,0.15110829626118266
3951,42.73154822525373,42.58251165109619,40.59604187058792,39.79456154133732,9.604143392817953,42.082492709645265,44.24263118786556,0.15110829626118277
3952,42.73207948061141,42.57718929665554,41.049052883007036,40.58376115299167,31.077116499143735,41.78971142932522,44.243162443223234,0.15110829626118258
3953,42.72468915134195,42.44191629977146,40.79290138140264,40.05067258317926,30.75188081724782,41.63966570592153,44.242565501822696,0.15178763504807452
3954,42.73293388228874,42.60053647228797,41.406245045170046,40.79616702355756,33.07817939456711,42.0142305882516,44.24587173060306,0.15129378483143163
3955,42.745542902247706,42.59199771255144,40.81922820104397,40.351202236781745,18.25611699308791,42.00389432339961,44.248404682929674,0.15028617806819658
3956,42.77121264526007,42.62402981752966,41.12035786410786,40.42291555565226,31.50763093674533,42.053815738980255,44.27407442594204,0.15028617806819658
3957,42.73422930793982,42.55675476413825,40.28061624597339,40.1967489493849,-5.4583411796610335,42.04729525277821,44.23709108862179,0.1502861780681966
3958,42.76441813075713,42.58023594341873,40.742372036833956,40.04763877406329,23.499241072854936,41.654959048850706,44.2672799114391,0.15028617806819652
3959,42.73869618878158,42.59406092557754,41.119961126955644,40.67215472186574,26.445616948309464,42.20199409713021,44.24207083084754,0.15033746420659574
3960,42.745645170177944,42.600205541492215,40.96074697605392,40.11360523113213,29.829793545368936,42.047877837855395,44.2490198122439,0.15033746420659577
3961,42.72993527788313,42.66118790539338,40.71722563563905,40.67495966020583,7.452090171863333,42.339839804539935,44.233309919949086,0.15033746420659586
3962,42.72017711778304,42.59696369181621,40.94864519488931,40.045218254571274,27.27457001678004,41.85330353238061,44.223551759848995,0.1503374642065957
3963,42.751657895729,42.52595832017993,40.90993411979284,40.424991384380306,20.398069876565497,42.00490560508251,44.261058133655695,0.15094002379267016
3964,42.7494273439953,42.49795342149872,41.20066969678659,40.661999277305256,31.495518848902826,42.01730782961293,44.258827581922,0.15094002379267005
3965,42.72527033382311,42.63449847638358,41.06716767725324,40.407312100695236,20.12455464619911,42.09542073119643,44.23467057174981,0.1509400237926701
3966,42.72580031348831,42.60659269768338,41.34076869755959,40.57010819087028,34.236108401623596,41.971115181524105,44.235200551415005,0.1509400237926701
3967,42.734148016378754,42.58720731916461,40.957345424045364,40.73724075310743,27.68056944361117,41.90304353897332,44.24354825430545,0.15094002379267013
3968,42.735219954306245,42.59155567312717,40.91262486287987,40.354303427401895,18.76684635003636,42.06008232112356,44.244620192232944,0.15094002379267007
3969,42.72408539293606,42.4369933216469,40.73215325989472,40.21950480239292,31.78793066011961,41.82495577804046,44.22842455893605,0.15043391659999886
3970,42.770857735607834,42.56058337162042,41.059410908703754,40.474416599726204,30.266039910250747,41.975227474690115,44.26500815732009,0.14941504217122578
3971,42.72546966947396,42.54481288087919,41.212526683404406,40.7674184601012,23.79394442453457,42.12197564435573,44.219620091186215,0.1494150421712258
3972,42.753384835960944,42.63964006641801,41.06580771475151,40.77049767187134,28.53702586935443,42.17076007501066,44.2475352576732,0.14941504217122584
3973,42.77532081754745,42.66220941165389,41.3248617184376,40.700999749421776,33.035440052406685,42.17172295849744,44.26947123925971,0.14941504217122586
3974,42.756480655865346,42.5889079940254,40.970667059364835,40.334199693289555,30.453958207574388,42.039359410947,44.25063107757761,0.14941504217122595
3975,42.737001080298434,42.52495474551071,40.89267504741956,40.232667052337476,29.08707554235443,42.00350327401965,44.23115150201069,0.1494150421712259
3976,42.737138557128006,42.631764943030426,40.940595784681285,39.920647446492644,27.84876117739206,42.04989907042375,44.23128897884026,0.1494150421712258
3977,42.75363723630555,42.67787307675168,41.43282957198627,41.17865672212096,30.43839996548943,42.10904926317227,44.247787658017806,0.1494150421712259
3978,42.73163405259739,42.61223289024827,41.25064585677265,40.888039633063954,27.62747581198793,42.10325891869378,44.225784474309656,0.149415042171226
3979,42.74840222914316,42.557276549812364,40.37935186906517,40.529003462305475,-0.7614300366486759,41.92813541436378,44.24177640373879,0.149337417459563
3980,42.75014087129689,42.56210876798691,41.06533426378941,40.55683048905908,28.379161643969844,42.056970763134515,44.24351504589252,0.14933741745956305
3981,42.73790944844495,42.67639933527636,41.21774630265735,40.37782156734836,30.43284440368655,42.08088457626379,44.23128362304058,0.14933741745956317
3982,42.754954504266166,42.589520186999785,40.774863309281905,40.96398884737767,-1.583238319993221,42.011678407546086,44.224910650769985,0.1469956146503821
3983,42.79529850813544,42.60257587127582,40.933637026761524,40.74913779184523,18.754642001348124,42.050240547343336,44.26525465463926,0.1469956146503821
3984,42.780409818526536,42.59591360222434,40.89913967139729,40.3042579977261,11.704107904891124,41.973964626615036,44.250365965030355,0.14699561465038216
3985,42.78914237520003,42.63754361603541,40.814472335874605,40.60683164224382,21.63150352695313,42.086353229004345,44.25909852170385,0.14699561465038208
3986,42.75166861031703,42.588839300512646,41.16862793187058,40.502527277192954,33.27951880597222,41.97788886044035,44.22197957021009,0.1470310959893055
3987,42.77353062337265,42.66528374222642,41.119508041860364,40.68810510428585,28.860680813047516,42.193697344309626,44.243841583265706,0.1470310959893055
3988,42.75491831039752,42.61543333462183,41.35583918893428,40.937915362414415,31.79278291600328,42.0155599273928,44.225229270290576,0.14703109598930542
3989,42.77643608899772,42.62897738070624,41.4437063470355,40.988112543991335,30.66304088470764,42.221307535613924,44.246747048890775,0.14703109598930547
3990,42.77105312365715,42.66614436552926,41.41035285462961,40.95404635846556,35.21548267569108,42.25344138946974,44.2413640835502,0.14703109598930553
3991,42.770233044362904,42.66921993533108,40.847154321376514,40.15401798190904,31.324202906190543,41.98173698890957,44.24054400425596,0.14703109598930547
3992,42.764940627537044,42.66269233421093,40.629309169633395,40.470904904494155,-16.346710475348523,42.178049225916524,44.2352515874301,0.14703109598930553
3993,42.78887197885845,42.6213786279085,40.869517213316456,40.1478320595674,24.93151996719502,42.0958609255477,44.25918293875151,0.14703109598930567
3994,42.76999248272982,42.64908391585078,41.40689216723845,40.91947155698723,33.154305331058325,42.14171236817543,44.240303442622874,0.1470310959893055
3995,42.74899295987043,42.63752194062,40.90511881140828,40.636127105355115,26.844275576857,42.05951586517726,44.21930391976348,0.14703109598930553
3996,42.760755507684706,42.67057119051076,41.453891068166335,40.738064275398365,32.702737103178876,42.210594153763445,44.23106646757776,0.14703109598930547
3997,42.78550643853679,42.655950627438735,41.13905876560269,40.65616719603957,26.046191715267828,42.22993256308189,44.2626290026775,0.14771225641407054
3998,42.78388628384883,42.59699447931974,41.144660667013106,41.38716468480304,-5.31064185158845,42.125811500732965,44.25716289643793,0.1473276612589106
3999,42.75512639341291,42.67669591122107,41.344825609149346,40.57229702709709,29.521271246181385,42.114602187635654,44.22840300600201,0.14732766125891059
4000,42.760964554492425,42.661606652165126,41.36311579065713,40.91870479775918,28.163756926974255,42.331939721413065,44.234241167081535,0.1473276612589107
4001,42.768025899476086,42.65598116333911,41.00903422812461,41.191902181433385,-1.5608195503314306,42.189854407389305,44.24015390617204,0.14721280066959508
4002,42.75871948965227,42.66397919159889,40.859463245340564,40.09211190736592,19.930693688910516,41.786528837138974,44.230847496348225,0.14721280066959513
4003,42.75652018290499,42.6513127189691,41.06595036069879,40.773415117124955,9.021574724246577,42.10233676067702,44.228648189600946,0.1472128006695951
4004,42.747484885155295,42.526825728103816,40.6439543345857,39.95629034352909,22.74676873593294,41.957452116061475,44.22563848771199,0.1478153602556696
4005,42.74762372076868,42.623623412872384,40.84013436770509,40.12566559731586,12.402352664025024,42.05964725394684,44.225777323325374,0.14781536025566946
4006,42.7508862933902,42.6059358284762,40.89229144118952,40.05294450376763,29.880665506024673,41.96344031715205,44.2290398959469,0.14781536025566955
4007,42.75682180375164,42.65727029401513,40.93876137427719,40.58202909338914,28.311952203920086,41.985159385263785,44.23497540630834,0.14781536025566952
4008,42.768434179482306,42.672376510768345,40.97754270457139,40.031105418753576,22.64775630932753,41.931181350456214,44.246587782039,0.14781536025566944
4009,42.74471211688556,42.63677528832274,41.231891094142085,40.73710327533882,31.519972554400248,42.04531313076263,44.222865719442254,0.14781536025566938
4010,42.763101454027776,42.578761416570835,41.13126676629429,40.5304511100257,26.386617514718584,42.08614790158752,44.24125505658447,0.1478153602556694
4011,42.75575537619247,42.64580691435343,41.07147209135248,40.078750656582415,26.206365683271425,42.07385104862005,44.23390897874916,0.1478153602556695
4012,42.74392456477295,42.688202486352694,41.334722366703616,41.188986486531796,-5.4871418143724,42.37103498403595,44.22207816732965,0.14781536025566952
4013,42.76886968407833,42.66348617614069,41.030747373238,40.26152510496457,29.175065635297308,42.061603911191895,44.24702328663503,0.14781536025566935
4014,42.75368838171145,42.54332002318072,41.04697385841234,40.64001968265016,30.22377062799213,42.04203993131233,44.231841984268144,0.1478153602556695
4015,42.74674646990342,42.672165896090014,41.07380812979642,40.40670031141259,26.264267898876366,42.06666985879312,44.224900072460116,0.14781536025566952
4016,42.768574171442076,42.622555220030314,41.160059102729285,40.6050485227382,26.76799158697527,42.020275514359554,44.24672777399877,0.1478153602556694
4017,42.786778487572285,42.576127488952466,41.024826846594074,40.653290702394656,22.973493105049258,42.14168214740959,44.262432130809046,0.14756536432367623
4018,42.75289416356475,42.640233206906586,41.531674859601026,41.121490371265814,26.669012960006764,42.21853690063429,44.22854780680151,0.14756536432367615
4019,42.77725805593423,42.670093800111,41.08191655283857,40.66453962313762,30.410506839960092,42.08827063168307,44.252911699170994,0.14756536432367617
4020,42.766845203982044,42.61002990463776,40.11266745586587,40.19994315509911,-11.756311078830272,41.920161863343374,44.238440284710286,0.1471595080728243
4021,42.759252483936855,42.63019423853643,40.63563977104851,40.36250341662684,23.517165449894613,42.069152897478205,44.231437806510435,0.1472185322573577
4022,42.78497835979872,42.6788135449251,41.49924161526223,41.12517207953022,31.988627850415703,42.300102784707946,44.2571636823723,0.14721853225735781
4023,42.793388922874925,42.64434201837341,40.61975217351131,40.278363072896596,0.9102500629278722,41.8185851657541,44.265574245448505,0.14721853225735781
4024,42.76249467248063,42.69469328540246,40.72489146542655,39.47665212215829,28.156208497922464,42.08037457165166,44.22865439919346,0.14661597267128346
4025,42.78523489855313,42.60440158046236,41.01099394291341,40.43545502663797,31.17225593538224,41.736151693243855,44.2597638340841,0.14745289355309726
4026,42.7812585126714,42.67690632558155,40.56786726111368,40.481900002098136,-27.438932147963854,42.201257670062475,44.255787448202376,0.14745289355309732
4027,42.779029126732446,42.66317422126059,41.134842983967935,40.773454004009615,24.41389064155376,42.25828194581956,44.25355806226342,0.14745289355309746
4028,42.756778588013404,42.5990835820766,41.101487024561955,40.61951570579946,32.35845304949307,42.06626472625321,44.23130752354437,0.1474528935530973
4029,42.751638510425934,42.65639170524935,40.7999787717403,40.30741018177925,25.215253357234797,41.955555116447854,44.226167445956904,0.1474528935530973
4030,42.76526531574628,42.660486150823026,41.07601776007632,40.81774653076993,23.61904477367019,42.12218999645016,44.22554406872391,0.14602787529776343
4031,42.77665241244824,42.64701410740473,40.95180384129504,40.01173209823042,26.475023046661587,41.70017247094535,44.23729652152429,0.14606441090760522
4032,42.7859247346916,42.68638591105721,41.07305865610575,40.16794376632801,29.873492607120347,41.98615228055659,44.244571467018744,0.14586467323271482
4033,42.7631148087003,42.60829757508702,41.03616858601393,40.756581109365825,-6.166325521523028,42.161542099163796,44.22176154102745,0.14586467323271488
4034,42.810820796075305,42.64631515531336,40.36475795730632,39.98978549719119,-5.370081229259576,41.88202321741733,44.26946752840245,0.1458646732327148
4035,42.78833031170293,42.65982474397555,40.80445175361402,40.26465449265087,20.11903422404025,42.13962424794812,44.246977044030075,0.14586467323271476
4036,42.77217059683411,42.67912667775606,40.637386963314775,39.85168049921039,7.746547129619891,42.04534873543291,44.230817329161255,0.1458646732327149
4037,42.78360675045517,42.61316521326865,40.41136177715793,40.15279624641975,-13.130999892559878,41.95762976386003,44.24693083419519,0.14633240837400202
4038,42.823987630205686,42.64795912916254,41.026041105856315,40.53538137015225,22.575207475436304,41.95672094411026,44.287311713945705,0.14633240837400205
4039,42.76502200175962,42.56554164229902,41.02060378309516,40.015653490378476,28.35458074217504,41.9163088777408,44.22834608549964,0.1463324083740021
4040,42.77171591680298,42.57733463080708,40.7362916981643,40.195513591501985,26.526349414654,42.05704892137736,44.235040000543,0.1463324083740022
4041,42.77207174412188,42.67371933971164,41.28614952715236,40.61739572483194,28.936458749336804,42.05501827007677,44.2353958278619,0.1463324083740021
4042,42.77466926428933,42.55742134524895,41.513256127506764,40.88770466325574,32.07901489312172,42.17188880831709,44.23799334802935,0.146332408374002
4043,42.74397872899393,42.62282060376091,40.90246623542586,40.510832510050264,21.90043099688785,42.01870926654934,44.20730281273395,0.14633240837400216
4044,42.78670906248843,42.61922129080094,40.723467146911446,40.12767666568706,18.293717399864608,42.13843919644214,44.250033146228446,0.14633240837400202
4045,42.77164172481069,42.64300118976947,40.436167247422034,39.56983124765921,22.211258979541427,41.91429319380223,44.23496580855071,0.14633240837400202
4046,42.76281709970146,42.645926114277174,40.84996401098623,40.45644249155294,8.331112775349318,42.1114069663508,44.22614118344148,0.1463324083740021
4047,42.771133428702164,42.66889264603871,41.23755290821504,40.28877626298604,33.51102235089776,42.08634307445624,44.234457512442184,0.14633240837400213
4048,42.77708608181628,42.65342107147886,40.688048501215434,40.055510123085554,22.92845994860057,42.006314430011706,44.2404101655563,0.14633240837400208
4049,42.77242340284653,42.66036400097894,40.84078705317291,40.43256506892547,-5.372841197696758,42.289157713532205,44.23524705011677,0.1462823647270239
4050,42.78727018658058,42.61204328455432,40.84164899687415,40.37129577418543,23.25288259299617,41.94805393074941,44.25009383385082,0.14628236472702388
4051,42.771170749750965,42.665530846920014,41.41255947848335,41.25724602448257,31.24130489297304,42.26140841842309,44.233994397021206,0.1462823647270239
4052,42.78785120553737,42.68131728349094,41.34613231119439,40.820880585846396,33.85489622431879,42.18663060147658,44.25067485280761,0.14628236472702383
4053,42.76824337972069,42.61382009604292,40.87915380922477,40.824757666288875,-13.1542749724236,41.904047072253384,44.23106702699093,0.1462823647270241
4054,42.77800209366893,42.63259645948441,40.60583867172532,40.192331775771564,24.84115389396907,42.00101863049255,44.24082574093917,0.14628236472702394
4055,42.77577686369632,42.60949959794568,40.76383726385614,40.12532339010997,26.388293766321485,41.96744574375537,44.23860051096656,0.1462823647270239
4056,42.7781321931655,42.61505136778936,40.72928743898858,40.16064977860374,27.778184280826576,41.521500216750795,44.24095584043574,0.14628236472702397
4057,42.77151644733593,42.696030324999356,40.94583794759661,41.24549389316556,-8.372389967865558,42.338241154175925,44.23316519705123,0.14616487497153005
