generation,fittest,upper_quartile,mean,lower_quartile,least_fit,median,coverage,collisions
0,-671.0371780648267,-1198.2155751069376,-1540.0292513075146,-1819.6595974961137,-2668.3627919090463,-1500.6537898797123,26.512886884377387,69.75500649492041
1,-636.315145224591,-669.5838466054742,-673.2519085352185,-675.4432468955965,-752.7492489322773,-671.0633811410976,24.29946074231416,66.06146059669052
2,-558.941469631987,-633.6818310015658,-636.9404553704825,-639.2337246863327,-699.5845232010112,-636.3356117308371,22.02807824248205,58.09695478744691
3,-521.9817661476028,-557.3882306162227,-560.239625942303,-562.08915791914,-600.0084915825606,-558.9797775115413,22.13255733011653,54.411432347771935
4,-477.14073230012445,-519.657916689929,-523.0067425770392,-526.2487684501793,-569.4602626108077,-522.0043683917847,22.320762391015467,49.94614946911399
5,-453.75158171230845,-475.835293905865,-481.6603678471501,-483.4579105062438,-582.6525877170477,-477.39498477294387,22.32389910587832,47.60754808181868
6,-404.87308949940217,-452.7526919537317,-457.3331103902274,-459.8700630857025,-511.4045186748478,-454.13333805564855,19.10361134679707,42.397670084619925
7,-383.81117050598533,-403.2972543659047,-406.6891230172365,-407.79570501996267,-455.87078919388927,-404.8753956436102,19.140959670951283,40.29521301769366
8,-357.13488500801634,-382.28898078185705,-385.32274086215057,-389.0249785192331,-447.0536121087855,-383.9087347737493,19.143955771642208,37.62788407796585
9,-335.7899884621987,-355.828775614746,-358.5405651642289,-360.1603864526182,-382.0902126195859,-357.1417168586396,17.000852756574268,35.2790841218773
10,-312.7953901619048,-334.2173800375247,-337.2593011255009,-338.3800647298587,-372.2233911512388,-335.7964077127697,17.0074257271786,32.98028158890834
11,-304.2109025303487,-311.93396775127223,-315.14533435178305,-315.7886937798127,-350.7281051018035,-312.82200586152214,17.001229334803096,32.12121318651518
12,-281.45601750021495,-302.87113517912593,-305.06456771992805,-305.8898707561243,-334.13394681955526,-304.20637559722275,17.004298220171773,29.846031572038672
13,-267.6141099989248,-280.32797675660566,-282.9692684907749,-283.9786261027288,-314.108139050017,-281.49671132477664,17.01298497678028,28.462709497570508
14,-250.94360076980905,-266.7283538768052,-269.29985814469103,-269.58108355162085,-317.1383748592433,-267.67144497089316,17.012982280827543,26.795658305063657
15,-241.4668870698509,-250.3885632548357,-252.52747359316535,-253.86300027509412,-273.9137538539867,-251.1137919943107,17.113645189428812,25.85805322592797
16,-232.72086345752012,-240.8625387834464,-243.4458630940084,-244.01980812870892,-272.6681697141102,-241.75667932603466,15.438994058126688,24.815985751564682
17,-226.06154308656713,-232.14873553416538,-233.96107544242034,-234.17172070249973,-265.05241514024493,-232.7395135620405,15.397505649088117,24.145904873565524
18,-212.88289729914214,-225.76101902893012,-227.49345941237866,-228.50865622823366,-254.26593215996837,-226.2148249719785,14.168840139625436,22.70517374387676
19,-206.71051193060322,-212.58858859685552,-215.28557727987857,-216.38174748427852,-251.8856912322587,-213.07681101859828,14.156548335062842,22.086706026566606
20,-196.3334881732607,-206.27722229658718,-207.7157938517853,-208.1363901942026,-229.25822691150557,-206.89070549455,12.331071532621285,20.8664559705882
21,-187.91470482936668,-195.50866566796918,-197.52776984313442,-197.71468697297567,-222.38567104421847,-196.38525652344566,11.615962615705826,19.95306674450725
22,-181.63578125122683,-187.60887315722536,-189.02175566866174,-189.4248489863852,-206.9486205570702,-188.00905305045728,11.956889426798158,19.3592670678025
23,-174.2176518215154,-181.1910231807198,-182.64990018518137,-183.481219721863,-197.76822863026044,-181.83602447613526,11.950834424862272,18.61684862463777
24,-167.1707997091032,-173.78127104028772,-175.68114992613323,-176.67034533455237,-197.42718786066573,-174.2629095613446,11.008780617834383,17.81795803269376
25,-160.3549309285612,-167.07306723646792,-168.34378505523887,-168.28498418492188,-192.35987488764266,-167.30623050413288,11.032461406318328,17.138739233487954
26,-153.03922006949978,-160.24814757581157,-162.10869028316543,-162.73312435351605,-180.7720721062218,-160.6493577121659,11.038754263909787,16.407797433340956
27,-146.6824107641659,-152.85979822480797,-154.13848059049175,-154.48898795542252,-169.12550888829387,-153.22032941376744,11.041946382948357,15.772435714711426
28,-141.9413569811719,-146.2510568700069,-147.7841881155835,-147.98819830681884,-163.38711487250274,-146.7151960649988,11.08329645542708,15.302465343659899
29,-136.50258488895022,-141.47210224536553,-142.99880608151105,-143.72314570960782,-156.8231451255019,-141.95987655385275,10.372454183208129,14.687503907215834
30,-131.999545899926,-136.40304964769985,-137.52773076615907,-138.39688101542663,-150.22111099064904,-136.82809747775894,9.914557643736867,14.191410354366287
31,-126.50702603855555,-131.77260420064488,-132.7112524325485,-132.94096529093758,-150.29209743340073,-132.00268863260078,9.914461025383297,13.642148706393884
32,-121.00014326137705,-126.30535694914025,-127.22478893839633,-128.052576312173,-139.82447065198613,-126.72288278511789,9.956119426754077,13.095626268813112
33,-115.18747148619647,-120.85431296349155,-122.03575433785147,-122.64601989602455,-139.69164111107426,-121.09311032548388,9.07282092659224,12.426029241278872
34,-112.00431539583666,-114.87835696860994,-116.12557626541219,-116.57180340586069,-127.84621038665442,-115.26953517366763,9.082687140125817,12.108700253596247
35,-107.98898506229585,-111.58890988325373,-112.73677121262367,-113.40905847808426,-123.09976020071352,-112.03504354709901,9.079464661912201,11.706844972420805
36,-101.08596896957003,-107.61999959071395,-109.00773451045012,-109.40747740315835,-131.8184689420723,-108.04049602202932,9.356720222957955,11.044268919252799
37,-95.45729572406269,-100.89568981513531,-101.83365980907898,-102.25143367501076,-110.50476969522748,-101.25218913766011,8.531808995650442,10.398910471971313
38,-92.778239805918,-95.2158592327431,-96.58083833970421,-97.1039785851519,-112.10615081361163,-95.52550314134743,8.528895235347676,10.130713504126568
39,-90.17449856237738,-92.71683493117334,-93.79705601417763,-94.29091908848294,-107.85504839488581,-92.9573391564145,8.237802701648086,9.841230126402547
40,-85.706525239435,-90.09878153396977,-91.20199833050756,-92.00916529398056,-105.31173324756578,-90.42606158754386,8.261239126756688,9.396776436619168
41,-83.27757752390036,-85.60666629065793,-86.52131427758215,-86.66942565702354,-97.25895673122302,-85.77054639414231,8.327631303743345,9.16052088276437
42,-79.405951136356,-83.03357489433223,-84.30699548676726,-85.09429912023867,-108.9566553508797,-83.45564152831227,7.857092995978366,8.726304413233436
43,-76.72175991411211,-79.29102262449345,-80.40512397182817,-80.39706013076568,-93.59494181190264,-79.5093589517459,7.897636681414374,8.461939659552648
44,-74.47827210308853,-76.64749066287554,-77.59798269059972,-78.04721244967716,-88.33947630558504,-76.80739242674585,7.605954539388556,8.208422664247708
45,-72.60685813578614,-74.23226433519783,-75.24762658592141,-75.36932052794843,-93.56329775242372,-74.52077164881095,7.353803703034527,7.996066183882068
46,-70.71237740781709,-72.5397825947532,-73.60731086262169,-74.09553122294061,-84.2256730421337,-72.75324261091907,7.381427616677624,7.809380502449471
47,-68.32654103564073,-70.65870118933972,-71.56040622156705,-72.07094191421794,-81.0556515652128,-70.90117910464465,7.068940748030862,7.539548178367158
48,-65.35209799829885,-68.28922524107946,-69.09715045151896,-69.37328268150166,-79.56510592395676,-68.47126036325287,7.112823564502917,7.246492156280176
49,-62.497763422799984,-65.20472340029079,-65.72909193255462,-65.96959194786793,-71.0759689826563,-65.38398613314907,7.145156470552759,6.964291989335274
50,-60.734292830490155,-62.33636599948166,-63.2329283119377,-63.55933400695117,-77.44300805478701,-62.53550217588574,7.145184543042909,6.787947737353306
51,-58.97694604298273,-60.659666091273465,-61.28184817990842,-61.49960282928738,-69.58464327763137,-60.85720425682473,7.123066640118864,6.610001268310159
52,-57.35391353448683,-58.88160630834694,-59.430854556590866,-59.738362307094825,-67.80522601611666,-59.0511839987133,7.138345278321188,6.449225881280801
53,-55.19250879971391,-57.08705365412434,-57.74198723681081,-58.060655800031824,-62.679440157481324,-57.38740606335481,7.143379343532531,6.233588814324644
54,-51.748876808562265,-55.01930255140841,-55.70676409922161,-55.97177166452157,-63.35796376005825,-55.19621850956285,6.604102989723685,5.835297979828595
55,-50.06567626794827,-51.741502224583975,-52.40723986074281,-52.77220265875805,-58.146973255818786,-51.93621103091844,6.59757416034168,5.666325042828995
56,-48.8196673305452,-50.037136507299536,-51.11374328224263,-51.41214260835705,-62.93088230478322,-50.298639140734764,6.070915914399153,5.489058324494435
57,-47.39321147233175,-48.6862349959069,-49.32087956360525,-49.49539785620563,-56.24197365839194,-48.82459655437242,6.064652623307097,5.3457864095638845
58,-45.91223590755493,-47.333531328226805,-47.82613449431244,-47.9182610105768,-53.86282006488216,-47.45971823596729,6.104234694032977,5.20164706015879
59,-44.54980225395938,-45.86726894134409,-46.41084211039878,-46.62590180334078,-51.972983541517024,-46.00584524489234,6.0977125268624155,5.064751478082179
60,-41.55773501900445,-44.42831535706636,-45.00048307494719,-45.023530697783286,-52.6853839449138,-44.57453231355834,5.5121571518098,4.706989217081425
61,-40.425092039731055,-41.5119636721143,-42.3413693371258,-42.744087274219915,-50.169796337085415,-41.7486452615875,5.438534501613021,4.586362654134407
62,-39.68304903364017,-40.37428905678798,-40.86022689252064,-41.02227875478188,-45.88307385826899,-40.515189473796646,5.372124122967447,4.505517315660762
63,-38.58070025024639,-39.58203573914248,-40.075084763097614,-40.32842367332083,-46.50938641855953,-39.706926615776425,5.387500980662862,4.396820123090925
64,-36.855492078846474,-38.550528126556024,-39.05533359228888,-39.41584397497374,-46.283680035198934,-38.731890468521485,5.421845587744727,4.22773376665912
65,-35.750361475307,-36.813206961691606,-37.30776618115249,-37.40859443662307,-43.19662933087407,-36.931288299054415,5.422175728726106,4.117253720403311
66,-34.57328069001607,-35.686349537935236,-36.15947185545236,-36.34545810149603,-40.87652115190941,-35.80359725424708,5.430918869400981,4.000419955941705
67,-33.14158662806445,-34.52726444110021,-35.380338454253,-35.80376392117543,-41.77330025549063,-34.809079032584535,5.180825369141739,3.8322411997206185
68,-32.186732908810804,-33.11776052261955,-33.55161436431537,-33.782916975896974,-36.53822268197442,-33.21521344164775,5.177629832726434,3.7364362741537236
69,-31.028771478175248,-32.172393673703084,-32.75943336603188,-33.00697433036684,-41.986030838555926,-32.253816628784634,4.983496067943261,3.601226754611851
70,-30.13050203901695,-31.010465043002707,-31.56160384695652,-31.778613909585445,-36.81144773831299,-31.077843015299585,4.98027245903781,3.511077449805476
71,-29.326365779573557,-30.088789085673405,-30.686690977613186,-30.789804222346007,-35.96924266237126,-30.218793722741985,4.974080432848658,3.4300446212422213
72,-28.335834054771958,-29.282288246629083,-29.672361280150866,-30.011142725051002,-33.05634495622562,-29.385145721645635,5.0169321009052785,3.335276615567724
73,-27.02590532247825,-28.3327164454711,-28.968012171959415,-29.254056605207023,-34.38371992445979,-28.53266612981622,5.016191924924077,3.2042097247402324
74,-26.203779789376284,-26.993227706309177,-27.527496676174163,-27.89062316665146,-31.219099660849512,-27.117621867098535,4.746913272036143,3.0950693061412426
75,-25.337631285659114,-26.163550437358715,-26.63290946572412,-26.85390561368228,-30.93356053007429,-26.300934922941714,4.676267835341248,3.0013899121000365
76,-24.6560681280452,-25.32821565056456,-25.856965508925466,-26.01004946697711,-29.60929869139863,-25.453152242577126,4.670075809152072,2.932614393719727
77,-23.41185290216783,-24.619179750276558,-25.069472157922245,-25.457229968410562,-28.054940830693326,-24.699396435318064,4.25453737909975,2.7666390281267583
78,-22.6807925003661,-23.40010603173536,-23.928416700925876,-24.00972800130934,-28.81266688639924,-23.49433387469697,4.001430259510566,2.6682222759876666
79,-21.66812293444176,-22.657283811217646,-23.31862655554298,-23.672576777468233,-28.504246894449675,-22.77139275886603,4.013963503906132,2.5682086438347893
80,-20.153025918904206,-21.579727074277088,-22.07548673647723,-22.227876203732055,-26.831242356305946,-21.767542096341614,4.0148344674960885,2.4167860386400295
81,-19.634165801228235,-20.137114212669438,-20.583296732708877,-20.747053468807586,-25.54071453667011,-20.227223519316112,4.022596951450384,2.365676275267862
82,-18.481837368637933,-19.566328072668284,-19.8469890385723,-20.01734947521728,-21.911202893260285,-19.688732044898657,4.025728912332328,2.2507566280970264
83,-17.895114616416308,-18.465791506525814,-18.866476214023237,-18.99624742954436,-21.652226599744445,-18.55121095807569,3.847842771081977,2.1742957387498287
84,-16.84153985629724,-17.888922590227107,-18.291260708419927,-18.499724061640592,-21.677511611111058,-18.002159290225265,3.74674857668638,2.058828843298362
85,-15.958197900482189,-16.806717069587915,-17.15396617335063,-17.287246888684198,-20.783577352225112,-16.907589397511295,3.742279430238005,1.9700477330720194
86,-15.416662185731743,-15.947602811916878,-16.365081697808392,-16.538338405114,-19.105584154874272,-16.076257671053533,3.5394557784535174,1.8956117964185262
87,-15.11488816477643,-15.409797863921888,-15.82029503253209,-16.128097745180032,-19.535059890493027,-15.520534707368505,3.526965726470697,1.8641853891247127
88,-14.17724920054436,-15.112264139644106,-15.506546216708285,-15.650354115380503,-18.912650827861523,-15.253539691973952,3.527010394829912,1.770425959537427
89,-13.452068853631166,-14.158523929959596,-14.463386060526958,-14.557598892763876,-17.704537072309083,-14.243122844254362,3.3776563826354233,1.6829725236266588
90,-13.127536028002684,-13.461387143288535,-13.935134708608304,-14.157253801350336,-16.899145070614455,-13.594718464819081,3.408235803561332,1.6535771831564017
91,-12.601600635052804,-13.12134400181351,-13.403433865023421,-13.49377270269192,-15.663032550720171,-13.214042355959483,3.253332308576472,1.5854932943629276
92,-12.304071636703389,-12.601600635052773,-12.948378909271012,-13.060481061598143,-16.62772498114601,-12.676802182266112,3.256406725464682,1.556047836216807
93,-11.665982821145878,-12.299985749546162,-12.608197928956377,-12.663875283829448,-14.927737586294912,-12.36134897270439,3.2407990641809032,1.490678188532678
94,-11.226191173734641,-11.652650263691699,-12.021789580582587,-12.012817626041937,-14.61382774665177,-11.763679394396657,3.1473402036136915,1.4373531377348332
95,-10.882475030566983,-11.214040781943094,-11.502772622885619,-11.581375900778115,-13.722720533002418,-11.282665000998975,3.1526110574007857,1.4035086087967767
96,-10.370701843362824,-10.879214886150484,-11.20186484566452,-11.258554947015083,-14.043337718277165,-10.97456618960286,3.049409165472299,1.342011100883512
97,-10.01507403742636,-10.343648226746517,-10.65756957639939,-10.810519522907688,-13.124390735066045,-10.404254081116996,3.0904409499509313,1.3105514987377291
98,-9.506438706040978,-10.005710781764758,-10.35589925667498,-10.611471795861119,-13.555319145637458,-10.089502618697427,2.935588765436358,1.2442027471477337
99,-8.836247679416777,-9.506438706040962,-9.806398531856871,-9.874160470308901,-12.865347142420251,-9.585341292276201,2.86119251101387,1.1697440190430648
100,-8.306736198742133,-8.843333298429496,-9.184401490263305,-9.327457355068223,-11.066597696608026,-8.975172263823033,2.7203907542374677,1.10271269529796
101,-8.01288502016492,-8.288428664407535,-8.533133702234274,-8.6481417425146,-10.89829540678733,-8.35965987962269,2.7313346004841703,1.074421962064909
102,-7.738160554058071,-8.010280272247963,-8.301290466635926,-8.439292089486782,-10.935259952782456,-8.085628938906359,2.747669954334373,1.0485830508392444
103,-7.471808674492825,-7.735042944757139,-7.995956932980367,-8.02734698743053,-10.406044177939872,-7.787669055615159,2.747669954334374,1.0219478628827199
104,-7.273752462628496,-7.4749799039652345,-7.818108328539718,-7.986241202157308,-9.65124807997121,-7.5625774771991985,2.7414779281452057,1.0015230390773702
105,-7.057898237803018,-7.272912922393085,-7.655739427662938,-7.74241928721434,-9.999533489450242,-7.4210263242844565,2.6677556894282604,0.9725653927231277
106,-6.7641181406578035,-7.0585253331176325,-7.405742204095864,-7.573610140486274,-9.714058295594894,-7.133864835139503,2.587756369599615,0.9351874510257419
107,-6.524871438193876,-6.773325789239419,-7.165982636839761,-7.2801942877210974,-9.404010959520313,-6.8870194788765104,2.5960892571275904,0.9120960695321466
108,-6.132835540223526,-6.521023411419983,-6.8201230495653675,-6.884195216763854,-8.96212242500875,-6.640337153128508,2.439422650843485,0.857225819106701
109,-5.764305584625999,-6.119835328565559,-6.392936689519006,-6.421416596851655,-8.323241762996703,-6.171495598371054,2.3056458005261136,0.8069951385152112
110,-5.549743340437297,-5.742351876391148,-6.012778468303459,-6.1018642616014365,-8.520384766905774,-5.812794485788576,2.217549979032386,0.7767293319469684
111,-5.2653926657226,-5.544495265834778,-5.933998802809418,-6.0748202985572854,-8.439515098971505,-5.632797173959537,2.1037614465760193,0.7369154112298619
112,-5.056743721360451,-5.268101051139254,-5.62848025103546,-5.7291098905094175,-7.508350389836617,-5.3516008466781315,2.124358661498742,0.7181102382859194
113,-4.842113793720056,-5.051626003007029,-5.274243066902562,-5.3685042894455925,-6.915374105083079,-5.105022492733264,2.0532735015411636,0.6895387295261219
114,-4.667021971424012,-4.824081039409708,-5.056205165420134,-5.110969088856935,-6.751496413643967,-4.866094345468587,1.9946626435675878,0.66616846149916
115,-4.517950371868352,-4.668937316290344,-5.042104276738989,-5.133089676139943,-6.762586367116686,-4.792019961141497,1.9946878134808048,0.6512638185349157
116,-4.1265448895726635,-4.514832762567397,-4.803434917006293,-4.803583032241039,-6.629622537167288,-4.567175344206186,1.9825860250585376,0.6109130914631201
117,-3.9192745921515018,-4.127571396314931,-4.435130963901411,-4.544914409890348,-6.535684071369793,-4.210416353891491,1.9934607372512734,0.5912735329402775
118,-3.686912654645372,-3.920039061275302,-4.101813152046277,-4.128316614653497,-5.614416737956601,-3.9648789241979903,1.8823392870582458,0.5569251941703618
119,-3.5081880787658335,-3.6869126546453677,-3.9005767722395155,-3.99430989533632,-5.453389742458309,-3.7214527032197693,1.8519092069008571,0.5360097285666691
120,-3.3776708772979522,-3.5086706975972843,-3.7945235122738703,-3.957838752939959,-5.309196447876349,-3.593254656047245,1.8210859192474538,0.5198756796545406
121,-3.0618697242440645,-3.3737247788702565,-3.592604422954263,-3.6821281532072248,-5.325008005657308,-3.433762230460122,1.7669304909262935,0.48288002151703585
122,-2.868760300767791,-3.06205557626638,-3.279505433586819,-3.269751140738415,-4.924883508838578,-3.1051463530165546,1.6214984164360235,0.44902587172038144
123,-2.7224425458196793,-2.868760300767793,-3.097078169131229,-3.098928167141687,-5.281607260443751,-2.9136501497419407,1.6214732465228083,0.43439157923424876
124,-2.587880646897435,-2.7192997666055128,-2.942824975331271,-2.8983910757444202,-4.540852522275459,-2.7538661988970876,1.6219136327001125,0.42097942795975474
125,-2.464384604214393,-2.5842378861817403,-2.806523868840006,-2.84391716287996,-4.249072341099701,-2.650152640424074,1.6250564119142845,0.4089441016128678
126,-2.3329944544541608,-2.4643846042143904,-2.676221269605824,-2.697780992852678,-4.398006859062038,-2.5125802147437346,1.5829723390339492,0.391596679348811
127,-2.144933497449815,-2.332326262249722,-2.54311862390886,-2.591838084875447,-3.96519539692085,-2.3772195322647223,1.5850753165205655,0.3730008813970381
128,-1.989424581118362,-2.148051106750767,-2.3898425869002136,-2.5306630992037684,-3.7844465865624954,-2.247983836033166,1.5808366540499779,0.357026123516834
129,-1.8582217426324947,-1.9820671639059642,-2.143549684480677,-2.160062100792688,-3.6089371368507095,-2.030248620741493,1.5902833673932266,0.34485051100257214
130,-1.7763932565937435,-1.8613790114399509,-2.092316982638045,-2.1389482958171624,-3.527820457811265,-1.9255842505571155,1.599134514601962,0.33755277711957055
131,-1.6791441158832856,-1.7704681050914324,-1.8973698660695895,-1.866546075053226,-3.3852564945882953,-1.7846557314464002,1.5959481897738361,0.3275092305657122
132,-1.508290055209879,-1.6728150118409841,-1.8982603296114253,-1.9713960808511646,-3.09470599927497,-1.7425915098580709,1.5084428445027989,0.3016732899712678
133,-1.4028452361638752,-1.5107447641255594,-1.6851072734341797,-1.7409696865136735,-2.8813544491483722,-1.5485266725837643,1.5021824559876737,0.2905027692151549
134,-1.2954215370399964,-1.4016934545078654,-1.5989763131519272,-1.6035451406745644,-3.942036528619568,-1.46352511156191,1.511812668397807,0.28072342054378036
135,-1.1292420708883724,-1.2918913300602581,-1.5388340124550444,-1.527521049658867,-4.249308099372809,-1.3424088983875009,1.6176624920141693,0.2746904562902542
136,-1.0936153338032129,-1.1374555942278954,-1.405131385206443,-1.4546492891503497,-3.0725928866755035,-1.191120974240506,1.7226694931727846,0.28162848269759977
137,-1.0059722857783693,-1.0998757223183364,-1.3816601797505264,-1.4207536439188133,-3.286380140379768,-1.1434229940438208,1.7356224042478199,0.2741594690026189
138,-0.9292466134315558,-1.007352670042971,-1.1649485017970247,-1.1640336056481788,-2.5053152265824923,-1.0515824596394978,1.7356475741610402,0.2664894187592596
139,-0.873825739821191,-0.9322460498852703,-1.1400955038041998,-1.1642942270793342,-2.7771587967008045,-0.9902523257121146,1.7356475741610375,0.26094733139822285
140,-0.7781256126532516,-0.8768945992727026,-1.0287588370863274,-1.057719487347413,-2.646788769383194,-0.9096378773668671,1.7341973957760437,0.2512323008429295
141,-0.660349730260521,-0.7840490459348242,-0.9346332281855266,-0.9920567685361965,-2.632351713648158,-0.8324953621587339,1.734222565689259,0.23945722959497798
142,-0.5456918985898296,-0.6729464185762342,-0.8623277714229189,-0.8775761112325215,-2.2490150660340786,-0.7151519792339587,1.7342225656892583,0.2279914464279088
143,-0.39195917073289777,-0.5540953221179798,-0.7544972897951603,-0.7643785719095866,-2.394927846405785,-0.6071955116782912,1.4705186508120252,0.18624778215449228
144,-0.32812062540763787,-0.3982631048619756,-0.5746571286302317,-0.6025795046174824,-1.9660446600405423,-0.43967963931542564,1.48731353829693,0.1815434163704568
145,-0.2603901712452368,-0.3339676562034992,-0.5148092880332377,-0.5109662576549201,-1.7462716770041626,-0.3710609645181916,1.5002627921284257,0.17606529633736626
146,-0.20527550971320974,-0.2668106106504111,-0.4459944531836926,-0.4641636392340587,-1.6411671035390185,-0.3191880514102041,1.4871851037156123,0.1692460613428822
147,-0.14581804556727285,-0.211604613755505,-0.3869649115857393,-0.4580335683861412,-1.4373392793195645,-0.2492064433302944,1.4641984839470612,0.1610016529514334
148,-0.08423646202543833,-0.14447812470850785,-0.35466350957323484,-0.4219520647568402,-1.451928030148612,-0.19878987403630943,1.473645197290308,0.15578816593157463
149,0.012685572019062619,-0.09277387804626724,-0.25197208920775926,-0.2429331315434704,-1.5848694376398509,-0.13225623095598993,1.4194830234776195,0.14067974514585568
150,0.13434869483272438,0.006972896856122457,-0.12585210334431002,-0.15439163844316517,-1.1180924088833697,-0.021926237106865254,1.422600632778574,0.12882519379458496
151,0.2018560773761704,0.12490198148947518,-0.033413414811282294,-0.04888670134959394,-1.383115768879423,0.08793159223618319,1.4156978944345937,0.12138418170584234
152,0.2544366306088195,0.1924093640329192,-0.005386464909745568,-0.02774785065665153,-1.2506611236080831,0.12046416251432102,1.4125551152204219,0.11581184846116024
153,0.28603078878937716,0.24042273152647287,0.059713670210855926,-0.012731066041282713,-1.1342831937946953,0.18958923756738233,1.415697894434592,0.11296671056452147
154,0.31586196791830945,0.2786035646508427,0.12662798975051315,0.1502955125095078,-0.9591644141035554,0.2391942090333362,1.412580285133636,0.10967183172153265
155,0.34472999787416714,0.3091706317660783,0.14761689392656938,0.14655299362687746,-0.9933937649215392,0.2580814434074131,1.4232665655768542,0.1078536567702687
156,0.3743824801579536,0.33066213008183754,0.13833411892919,0.1631726651592169,-1.6952837540439645,0.2856057941951663,1.417006177061734,0.10426236969037803
157,0.46528461706106405,0.3712921847254391,0.18057817862607223,0.16782509438044468,-1.512256449803206,0.31112678977919705,1.4822876878625475,0.10170030708014835
158,0.4876618605391836,0.4514979657098315,0.27612410354187766,0.2154488483419228,-0.8928017805614581,0.4080344868250879,1.464688500495094,0.09770266399559105
159,0.5296607454009731,0.470686261879814,0.29108816021400086,0.28502284208225626,-1.3034176380451576,0.42471904177491426,1.464688500495097,0.09350277550941238
160,0.5607737083474318,0.5248413812040698,0.37781388395448673,0.3516793977363335,-2.683496261402143,0.48531016669575616,1.4944974486165707,0.0933723740269139
161,0.6043914597843341,0.5602441563139866,0.364174476967232,0.370776933764305,-1.237647227884625,0.5183807846990196,1.5606817609196768,0.09562903011353427
162,0.6463910744711326,0.5943559027857273,0.4002449763282361,0.39480429752547175,-1.0623695654095704,0.5436345833754902,1.5638245401338458,0.09174334656627131
163,0.682007851637032,0.6349774735338592,0.424249374827322,0.354144998104172,-0.9290285780210454,0.5788116604337827,1.5638245401338486,0.08818166884968166
164,0.7004823873571389,0.670340038091765,0.4771712022424458,0.3760795877269516,-0.8528884637031231,0.613742809457742,1.561890137992657,0.08614077506355182
165,0.7458158567041145,0.6813812660725471,0.5184104381378909,0.5293279655396905,-0.8103561273734206,0.6329439827650217,1.5618901379926609,0.08160742812885463
166,0.7793795824638796,0.7313613195406604,0.5248541072967277,0.46017196394641213,-1.5505877293067833,0.6787017654347516,1.6107511839864945,0.0831371601522615
167,0.8109625736691106,0.7676420014678585,0.5989261395195329,0.5814278895567966,-1.0572213226903955,0.7345428512723391,1.6107511839864919,0.07997886103173812
168,0.8441912157233453,0.7958516415562734,0.6092862555040669,0.5870847809729682,-0.6155799663164976,0.7419954180040402,1.6170128572338673,0.0772821641510522
169,0.8588414600392458,0.8329434135466973,0.6866750013401747,0.691379872766998,-0.6350712941352925,0.7804792434898028,1.7106839275720314,0.08518424675327856
170,0.9146835132542412,0.8563869293729076,0.6812202147280287,0.6509158483500281,-0.41160510534019457,0.815445740717947,1.7442534558286737,0.08295699425744325
171,0.9516941238911891,0.9049049876472962,0.7488860465065218,0.71426865061121,-0.6373904050572023,0.8642192153510655,1.7473962350428447,0.07957021111516556
172,0.9690916525393394,0.9467025385100906,0.7544650669832694,0.6917982486438374,-0.4591561516027318,0.8907687304028221,1.7442719763223096,0.07751803237829702
173,0.9911321622364277,0.9519362812579546,0.740409921308167,0.6546919160562679,-0.48160525722809844,0.9013503339123735,1.7247636367873196,0.07336314745508918
174,1.0103011173884542,0.9866591644616789,0.7967407501435562,0.762172012161489,-0.6346356866677714,0.9487112094172231,1.728444425750222,0.07181433083617678
175,1.0348821461851019,0.9964223322989756,0.850746351919174,0.7833239919087505,-0.2574897462663577,0.9438534694891827,1.856259222445454,0.08213770762603521
176,1.0650230510382417,1.0279035738210305,0.8363625990033368,0.7086099778464836,-0.5450159506280534,0.9643397315661594,1.8376212665942948,0.07725982155560532
177,1.1010514967515959,1.0528475177322407,0.8344735697766478,0.7540723270323058,-1.0222059317892818,0.9842209186130736,1.8449360787927724,0.07438845820411766
178,1.1271408621293872,1.1041942759657697,0.9398706579368339,0.942658428053569,-0.15698364367148754,1.0641841952799629,1.8575607626138986,0.07304199004845112
179,1.1974951552824178,1.1046500060729225,0.9175362226155422,0.9090671221616844,-0.45959305848360943,1.0641871023297116,1.94171555715222,0.07442204018698022
180,1.2179543601838296,1.1812022309051222,0.9762799665164136,0.9616572710162055,-0.18927049530998463,1.1062156710178082,1.945765533638097,0.07278111734542675
181,1.2555659688472502,1.2112489262214128,1.0470964242395808,1.016964057114203,-0.20222558335699592,1.1519148360212474,1.9457874846037324,0.06902215157564823
182,1.2763231675997067,1.2492769799469117,1.0667384759757743,1.0836252297371503,-0.511341365651349,1.2043633812411882,1.9718950339634034,0.06955718663636969
183,1.2789667708888521,1.2609911806140308,1.0615078789027894,1.0195920938857657,-0.2780483364884141,1.1874571541526693,2.09739277234881,0.08184260014599579
184,1.2954170293487355,1.2758425121683186,1.1251479713873715,1.1254470117316444,-0.134130613189408,1.2288617563780773,2.0942685136282786,0.0798851484279543
185,1.338362468060788,1.2857798259879845,1.0758392561981949,1.0166604605850023,-1.545076089563381,1.222256238501299,2.100538982034984,0.0762176513974196
186,1.3817698769444262,1.3276729912603384,1.1288556262860912,1.0449257959901717,-0.6886888811817453,1.2667497305797308,2.100646634900042,0.07188767579556159
187,1.3890324667539515,1.3576911154682048,1.15180534822361,1.075207099280726,-0.06626905267905592,1.3099394851493744,2.101452682419221,0.07124202156652693
188,1.415161975440887,1.359815380220324,1.213456479943963,1.1812257350830881,-0.6027055041572345,1.3119733363419492,2.1014598781775087,0.06862979027366217
189,1.4463286065635619,1.3904433844529533,1.2222450193591237,1.1837056518100846,-0.749779211016016,1.345696402161498,2.098306472733054,0.06519778661694922
190,1.4648322704156738,1.4274902366892948,1.2352725980751598,1.1693573196106253,0.1792692738173387,1.3596645142002952,2.104602657391679,0.06397703869760055
191,1.4678222640649174,1.4402337578798936,1.247212073457911,1.2138068335959005,0.025962310415307055,1.3838196966792666,2.1022223330772203,0.06344000690123029
192,1.4843870199072415,1.460823742539539,1.2972315168077164,1.2816316865331139,-0.36708823508410093,1.3996280492649558,2.1166644073612373,0.06322773874539958
193,1.4995313635483931,1.4692114910548717,1.2959883899969415,1.290718758307781,0.02954025324290388,1.4214416997608548,2.1103901736682404,0.061085881011984734
194,1.540124079866974,1.4736539709953003,1.273507686223123,1.2537001460558097,-1.3028703716977121,1.4140889634146094,2.2509426152095977,0.07108185353426238
195,1.5492039082610094,1.5159578981381983,1.3005934818076639,1.2280902102150337,0.11873292673796909,1.4670357673328174,2.2643277097085495,0.071512380144754
196,1.549895999079303,1.5294506873818916,1.292736208541085,1.16975071673885,0.03295779552906808,1.4530058329779525,2.2580315250499177,0.07081355259706146
197,1.5824785732084887,1.5263156245327736,1.3613361594687179,1.2839409072335362,0.33308791365726087,1.4744746597598528,2.258060671773843,0.06755820985653545
198,1.6248604436650944,1.5745033561611097,1.413435709514993,1.3888451083900852,-0.10339212092855288,1.5233296231413411,2.261203450988014,0.06363430073229198
199,1.6395295097376543,1.601947302962969,1.4349361892261423,1.3639165837702294,-0.3771563826544857,1.5563099242756953,2.2590345799542617,0.06195050702166073
200,1.648916490379905,1.6298963013452183,1.4500139244160442,1.404368236379328,0.1715657472902521,1.5693662860643944,2.262203075420352,0.061328658504044724
201,1.6663388145365043,1.6359535511158592,1.4652045952782589,1.4712669588137182,-0.42483759212180816,1.5866616735583492,2.278098478951109,0.061175966441460464
202,1.6789842910379216,1.633024990040647,1.4483738834034556,1.3972679931502423,0.0638738333720652,1.5665626627352838,2.2718314410164027,0.0592847149978481
203,1.6940467760506683,1.6628107869840378,1.5198078219024391,1.5115791950082713,0.05504260249417747,1.6111708309436468,2.2749742202305754,0.05809274441799069
204,1.7074609636672191,1.6872353093871975,1.4654771799251698,1.4538162160403965,-0.387104493647183,1.6348321057742137,2.290047994754564,0.058258703108734475
205,1.7235111234322098,1.6942971544241643,1.5061114517185439,1.4525272888245009,0.05845622542096063,1.6315725772571228,2.375496750168097,0.06519856267358873
206,1.7298423407532364,1.714076211118111,1.5326417885107813,1.4870612744209746,0.04624140107773611,1.6616629071012397,2.3723724914475635,0.06425301506943272
207,1.756955022071896,1.7134771211239161,1.4977194976091754,1.4348517739162614,-0.11619039405158071,1.6663187558616128,2.397475070971537,0.06405200488996413
208,1.774152804401623,1.7408760798245837,1.5463657836482683,1.4729035878801706,-0.09323536714867808,1.6776844342459976,2.3957662856945228,0.06216134812928997
209,1.7959394589649542,1.765329188803263,1.5831620543203384,1.554180907175688,0.07436234138594466,1.7118011760490206,2.4646517229647236,0.06687122639997693
210,1.8145242608166163,1.77423402848517,1.569492336700752,1.521204886400098,0.4157511465319361,1.7006220843793163,2.4615274642441833,0.06470032034275669
211,1.8243685756187689,1.8012130065901353,1.6079847867312724,1.5640750815828315,0.4583345132521681,1.7489258540609574,2.4615017479922683,0.06371331723734994
212,1.8284995977487193,1.7889819659531427,1.5545574101092852,1.5075857451288517,-0.3838733242540737,1.6891139423722632,2.5179316804036587,0.06894320826549395
213,1.8425731922423834,1.8105063213866843,1.6295279189459353,1.5954788123413624,0.24765229899149688,1.738904778977132,2.532360088286556,0.06897868960441726
214,1.8593519435912556,1.8186597464319867,1.6117762202077317,1.584364430430672,-0.5342298784398674,1.727230806552856,2.5491388396354284,0.06897868960441728
215,1.883775554141856,1.8504506484318823,1.695918728807444,1.639821023204575,0.3591233206584894,1.7922056498568817,2.5735624501860292,0.06897868960441732
216,1.9072035522500999,1.867650682926618,1.7203088429881348,1.725743877121971,0.5814545021026256,1.8165329459300676,2.5735624501860386,0.06663588979359386
217,1.923986289078058,1.9001239008706707,1.7538691320212991,1.6767063364758577,0.7165307276941926,1.8364527910507265,2.5798843510965868,0.06558980620185288
218,1.9595831806280022,1.915250669527701,1.7755897139585297,1.7133960894371023,0.8360432800210753,1.8422019328115642,2.6046186812979664,0.06450355006699642
219,1.9941168197202477,1.94361576766621,1.7784018332274494,1.7339956962324026,0.4045998259209247,1.876569749758913,2.607790607236063,0.06136737875158152
220,2.007431815917534,1.9836542547920708,1.7876378410888765,1.7497676518783587,0.6750706587646764,1.8995082787918838,2.6140576451707656,0.06066258292532318
221,2.0418799066475968,1.9780202486233984,1.8143868534645469,1.834774675076032,0.7831199992468063,1.9175294449586924,2.618170392522158,0.05762904858745611
222,2.0593683449321665,2.0284659376819776,1.8319394119633596,1.7884225749692195,0.7842269916185249,1.9523325859638594,2.61814467627023,0.05587763313380635
223,2.0741739212679158,2.045202075073073,1.8928814891148777,1.8735200047887264,0.6390209747565678,1.9828463037700752,2.621313171736331,0.05471392504684153
224,2.097082597795585,2.0580160494689057,1.8619987851552642,1.765128869792584,0.6693140710989525,1.993042932175679,2.621313171736323,0.0524230573940738
225,2.1020496634047285,2.0663106210930895,1.93611660109733,1.8920065336853786,0.9176192371179726,2.0215940881424443,2.6181703925221607,0.05161207291174324
226,2.117371128302817,2.0914891807081366,1.9323256716616555,1.8641895313565704,0.7435551685519375,2.0284163622340814,2.6181446762702327,0.05007735479674157
227,2.1272902005899708,2.0913401620925907,1.9170832766168922,1.875642969651154,0.6947908396230118,2.0432797379860785,2.6212874554844063,0.04939972548944355
228,2.14109393320722,2.1027884905993837,1.9176594204330446,1.8226600616065494,0.7663808940686261,2.04760123778049,2.6212874554844086,0.04801935222771884
229,2.1487462894274976,2.12840188565871,1.9242981181929029,1.9000932612554067,-0.3093181863245529,2.076533447466251,2.6309032623886877,0.048215697296119
230,2.152896838081218,2.122905430316488,1.9429230702348816,1.9165018587768639,0.657160039709614,2.04389592846162,2.6279712469901373,0.04750744089089192
231,2.158576937033561,2.121968763183663,1.9408153159378507,1.8820591309675763,0.45790191687779425,2.061126494933147,2.6341556894224736,0.04755787523889125
232,2.1611187530122433,2.1203853198361364,1.9641738525876862,1.911722630024247,1.1110459412789757,2.064479876894928,2.631095505710676,0.0469976752698433
233,2.163781166526152,2.134166642248723,1.9832703767791595,1.9330440245003566,0.9672240874281695,2.0667147708737703,2.6279712469901404,0.04641900804639884
234,2.171692629427459,2.146055971775461,1.999916957742076,1.9623742540561988,1.1355681064707905,2.068915823913281,2.6375934099519758,0.04659007805245167
235,2.1772995549837546,2.154114341077446,2.0264326174853,1.9650207897783216,1.2368126357293578,2.1156572034166654,2.6449905859219736,0.04676910309382188
236,2.1779547235629257,2.1571986994066834,1.9534739575273956,1.881992743557029,0.7845127515196104,2.0833103853735073,2.641930402210173,0.046397567864724716
237,2.181560656041746,2.143496660557288,2.008887036109635,1.9528776819820597,0.639812740431025,2.0928084269661382,2.6419304022101775,0.046036974616843154
238,2.1886351538861506,2.1548018590792193,2.0403610231239004,2.0000940447022346,1.0258713450639196,2.112030030442477,2.6457212429587074,0.04570860890725569
239,2.197217695239277,2.1808793863143725,2.0387172841925962,1.9880625933048977,1.2478888134675583,2.118535988019967,2.6487814266705003,0.045156373143122305
240,2.2027831789210635,2.1625685421761682,1.993465795235879,1.931956832567013,0.7694209201760298,2.088380756827087,2.6424852420118743,0.04397020630908107
241,2.2092408853704946,2.1781587705842145,2.052421634443,2.029477485482869,0.857355835087596,2.125047402402852,2.642571267986241,0.04333303826157464
242,2.215418590739893,2.1939254408794873,2.0341424833612898,2.0272582523778055,0.498694152381423,2.128363025405422,2.6546643549697007,0.04392457642298076
243,2.2197838886010857,2.189850724721323,2.011277688043961,1.9412140422629243,0.9073731219578405,2.114988426650526,2.6545745637090405,0.043479067510795506
244,2.236357064026042,2.211063459431953,2.1170931908048685,2.06998888049237,1.2425320788869292,2.1742701340958943,2.921093425509465,0.06847363614834229
245,2.2652124627436225,2.214398800494518,2.040378114127286,1.9356117181285009,1.0458086528128567,2.134527204319637,2.9408903145450314,0.06756778518014088
246,2.271505216930256,2.2498052340319763,2.0577439017398973,2.002672717250923,-0.9503603456344614,2.1696902133874096,2.9471830687316642,0.06756778518014085
247,2.273467181089034,2.2450182696764776,2.0847110735789247,1.9934535135493006,1.238307735168989,2.1953187281283637,2.9502432524434647,0.06767760713544306
248,2.2734671810890337,2.2562993452565094,2.1256197471685474,2.071333501985921,0.7379388617504508,2.199116812853814,2.950243252443464,0.067677607135443
249,2.2815161792062204,2.2520898373722984,2.0985498438373673,2.034384560825076,0.9962093991408234,2.174751077279333,3.219793155787745,0.09382769765815248
250,2.307404259361024,2.2598680973540217,2.115339252920752,2.0967600577635332,1.1821902238473956,2.1945834974407736,3.2167586883278703,0.09093544289668466
251,2.345400357734872,2.297875504227557,2.1259610696909435,2.085490524638089,1.166774916094223,2.2244232208387693,3.2198003515460347,0.08743999938111627
252,2.3698389523921337,2.315420398424587,2.140911385931466,2.0276339622199244,0.7153138167352098,2.256708550543907,3.2105322866759183,0.08406933342837845
253,2.3882409064544214,2.343383364043514,2.2047012796711742,2.1496118557168566,0.9412890104284299,2.276241886483157,3.1794812701838904,0.07912403637294689
254,2.423727604753001,2.3703538418461316,2.170883139304574,2.0644208123898826,0.8153873033197065,2.276131843689785,3.1795930124101863,0.07558654076571855
255,2.4376867354597387,2.392835063165107,2.2105997897137186,2.130674947446144,0.9433356275216966,2.323023567765977,3.1764210864720943,0.07387343510123554
256,2.4523729473392106,2.4133544103045583,2.266625024350891,2.1744794177423774,1.4513842168405597,2.3365086143677276,3.193211313344537,0.07408383660053261
257,2.4556373189477525,2.441643478775107,2.3210474762004463,2.2697676805062486,1.3720237814547556,2.405325104501456,3.1964756849530778,0.07408383660053253
258,2.48384826918961,2.435648912146087,2.2875343685415217,2.2501518145107418,0.8384640136398303,2.3911730835079004,3.205828622851505,0.07219803536618948
259,2.488921592504776,2.438675831765271,2.2605829917690135,2.1557396752028835,1.1863998887935847,2.3652448382157356,3.18541092909322,0.06964893365884443
260,2.5187394773126224,2.464388244370939,2.302039964991105,2.2378633233429532,-0.09291488877697418,2.4001808315213875,3.19115389537221,0.06724144180595878
261,2.542392913851317,2.500642365191643,2.3465032413596756,2.2912050249886127,1.1117771232687637,2.4488131157878676,3.2449663111418316,0.07025733972905147
262,2.5592711243722572,2.5211371440208286,2.382959095761437,2.3423089795804257,1.549524103700565,2.4624644147293697,3.2480264948536224,0.06887553704813651
263,2.570111262006865,2.547555461164361,2.3866374467154583,2.3478866576056707,1.5405925441852517,2.4937618032136992,3.25831860062526,0.06882073386183947
264,2.582259857512553,2.5453358565220254,2.406884178372765,2.360165255165228,1.18474516138222,2.4894885396598054,3.255175821411087,0.06729159638985342
265,2.6039067681650265,2.567762864993571,2.4207557779075892,2.361258599624005,1.3471405528925708,2.501019403281423,3.245816550463739,0.06419097822987124
266,2.6168484774679426,2.577483200216828,2.3956026799411245,2.326018842542657,-0.47925338080418367,2.5112303883987876,3.261442859345799,0.06445943818778567
267,2.6168918546243867,2.579756203429266,2.3937279217821708,2.313232097127684,1.1638679261115534,2.497939707672484,3.2910830514122167,0.06741911967878299
268,2.628988759594913,2.6016579083390328,2.381613103920551,2.2438979321845336,0.9144015048837635,2.50634778185382,3.2972674938445428,0.06682787342496302
269,2.639058176744123,2.6115667533581517,2.462935553628237,2.4032221544636894,1.375153321650866,2.5316007520794073,3.2894227915119636,0.06503646147678406
270,2.667528464534663,2.6108380974679224,2.4506042839662747,2.370035830856912,1.1234563783784144,2.552198605792456,3.286298532791419,0.06187700682567557
271,2.6724719137159294,2.6319776783444073,2.4453581619179654,2.367603983320343,1.4243922385793968,2.540723043126773,3.302440657849602,0.0629968744133673
272,2.672453393222293,2.6470078720351795,2.4448765808726827,2.363308939337429,1.5294646085333699,2.527463546112897,3.302422137355966,0.0629968744133673
273,2.682974803677969,2.655372329012873,2.4928833909062793,2.4151887680482673,1.5568343061929677,2.6031941736764566,3.2596899271851796,0.05767151235072109
274,2.7375722424974125,2.662882674282413,2.5398927087633965,2.4855848859462895,1.9327247932465403,2.596632036754884,3.334597207040919,0.05970249645435065
275,2.7473417972575245,2.7210320813639792,2.572600306274071,2.5554683651054995,1.4138127802508103,2.676221574679724,3.3572851899965124,0.060994339273898766
276,2.7622225061349694,2.726346607442779,2.5516698656498633,2.4751662000629766,1.5072365364903622,2.6662404553032033,3.3634388907459996,0.060121638461103
277,2.7671617659945174,2.7385856311897228,2.581316634152065,2.483054989361566,1.9311168933603136,2.646280973602587,3.360232036523098,0.0593070270528581
278,2.79225984506032,2.7351062726501194,2.59570858505397,2.5333883191477953,1.5671738840030556,2.67451899670161,3.506264298837269,0.07140044537769491
279,2.7992263182705504,2.7568380346731702,2.5609045897749434,2.4480933059673573,1.3377916000034649,2.6894752725293767,3.509211892301002,0.07099855740304517
280,2.8208915377664825,2.7757643531077107,2.603023147111847,2.5306141348222515,1.6737613084405254,2.6899314479732572,3.5063792341527247,0.06854876963862425
281,2.8240157964870143,2.7753174392441387,2.639798727832628,2.544579506429476,1.7708523581378466,2.703538515885569,3.509503492873257,0.06854876963862425
282,2.82361973327881,2.786187154382443,2.638656667825998,2.578267808658553,1.5507624261460329,2.732673886795336,3.5033005299472917,0.06796807966684816
283,2.8358500943646727,2.800967737444719,2.676049781455642,2.6368610439260163,1.525256227982501,2.7596344159286277,3.5254593981791356,0.06896093038144628
284,2.8467903306077087,2.813269115465429,2.6447904153749273,2.6174688364268217,1.3613675561129104,2.746100142960164,3.5254623007560566,0.06786719701483482
285,2.847937847506917,2.8198801931694293,2.679909869745924,2.6330291777436345,1.0635384583206786,2.7481083648006477,3.5286050799702338,0.06806672324633165
286,2.8466529403103213,2.8254358155313595,2.684457656325359,2.5894718376159824,1.9557948933617781,2.748637713711598,3.5224206375379024,0.0675767697227581
287,2.8907924782078704,2.823838206298528,2.650402560230431,2.5812286133135816,1.6796323645512874,2.7522218401825924,3.5674721862748076,0.0676679708066937
288,2.9042633714190895,2.8732293670078013,2.723563024136429,2.6609545759797206,1.4201039779986955,2.83053027563712,3.573768370933439,0.06695049995143491
289,2.910425014864026,2.8824966222155464,2.7119719003836487,2.665972156813931,1.8632514910467752,2.8031850541411045,3.579930014378375,0.0669504999514349
290,2.9743558314173812,2.8832002989709875,2.735623673888627,2.651116597713315,1.710885219533242,2.826067868153714,4.063993018358356,0.10896371869409743
291,2.992182674754206,2.9414787406756084,2.7944479361960965,2.7277336442054327,1.6809985482224006,2.8784383572445402,4.06398582260007,0.10718031478458637
292,3.013273204673908,2.973053977771385,2.7729362594363165,2.7323204292396404,-0.4777045230003978,2.8978226937517313,4.054866508117781,0.10415933034438736
293,3.058442819093189,2.994874601846858,2.7731492745214816,2.730688760495927,-3.2211272076310484,2.909623372653974,4.058742751912362,0.1000299932819173
294,3.125658392193513,3.0222684797279076,2.8672267598950363,2.783284635492981,1.846248852418693,2.9606155779035976,4.0679475644739576,0.09422891722804445
295,3.137983986423234,3.0694297531179466,2.896191856539573,2.8346675782027213,1.866254349758841,2.9893742080600756,4.0467186444096415,0.09087346579864072
296,3.175030074847578,3.0903257242096496,2.92990914585884,2.8457139674923786,1.8161056507439635,3.0136771440342986,4.122292267247021,0.09472621923994429
297,3.1926484687907672,3.1564474708450017,2.9632694180903685,2.866345707477826,-0.14305059596772107,3.0886281410204948,4.113066031614875,0.09204175628241079
298,3.225564491119058,3.175620016104941,3.0075223591472766,2.93906035521378,2.077047304017035,3.097512988211064,4.16309439014282,0.09375298990237622
299,3.244897734794307,3.2228809551679323,2.9942803392741997,2.935902025352145,0.34619016741053343,3.1488246415393064,4.169390574801451,0.09244928400071435
300,3.2642990965667447,3.2244442514468115,3.0735226126260113,3.0049864405236404,1.8190687769463278,3.1641115105862503,4.159982271787538,0.08956831752207929
301,3.268553794380945,3.2222567019627983,3.027049569303737,2.969203462109583,0.09718930737523657,3.1475902005213148,4.141627034256911,0.08730732398759662
302,3.3272273741057443,3.267734726930528,3.069204565873428,2.9745771563298,1.5614125502629204,3.181931353835395,4.167002300873544,0.08397749267677998
303,3.3327823938532237,3.2894466188515494,3.1346363385856506,3.02534935858591,2.0390508017478606,3.1908118106355867,4.173132760558361,0.08403503667051372
304,3.3440363598204175,3.3120074150192247,3.144236249081295,3.0442887900416635,1.9650604343626075,3.251975804048313,4.207194425365182,0.0863158065544764
305,3.350548527477262,3.298439100809303,3.1367232996300833,3.07754235411677,1.8470800822455575,3.237777270997437,4.191590915470519,0.08410423879932566
306,3.398527615753906,3.3182231425311928,3.148598205321529,3.093100007331124,0.08744015127079496,3.245468735469978,4.357924771664083,0.0959397155910177
307,3.411836000886204,3.365051090150766,3.1727693302405537,3.075786847255113,0.20579061140099864,3.2921988195981466,4.370432620905456,0.0958596620019252
308,3.4155695411825273,3.3751833133466693,3.199860450696589,3.088121392619103,1.880951294816076,3.2976782406063245,4.391752433599728,0.09761828924172006
309,3.4263886435324316,3.396295233399541,3.2013217201496165,3.1090828948729206,1.9641531880534844,3.28246919490878,4.40103404258384,0.0974645399051408
310,3.4282046160308806,3.3827238234217356,3.209568135379169,3.1418323111680015,2.2448481598396577,3.3067835982009774,4.394862321565285,0.09666577055344049
311,3.4763861342386573,3.404309469773639,3.22529749626002,3.126467468488223,2.1621790307989595,3.3226438259084583,4.3947378579251986,0.09183517236865416
312,3.48341233265431,3.443100647558665,3.2674400626935416,3.1799505433140394,2.477483113734177,3.3371079512673023,4.411184086523641,0.09277717538693316
313,3.4772549823907393,3.438706853156955,3.228017933448231,3.139763074262228,2.073054102970298,3.3575198182834365,4.405026736260071,0.09277717538693317
314,3.490906291058949,3.4393013452048233,3.2811864598191107,3.211288288861974,1.998613841388262,3.3649846461086277,4.404990942434521,0.09140846513755724
315,3.4921538014042177,3.457037764642386,3.256510243818374,3.18176718122516,1.463526759934271,3.3735051091604826,4.398694757775899,0.0906540956371681
316,3.51360519487052,3.4732518289688765,3.292001639723187,3.2508882958177994,0.000350628136726705,3.3960570366549705,4.3967113755473575,0.08831061806768375
317,3.532343877620858,3.486212589597004,3.2963006077932713,3.1597843614135153,2.161270311502933,3.388039235021786,4.378255156078898,0.08459112784580394
318,3.5567939239577493,3.5045857905665043,3.3043793158008263,3.1823970188612294,2.4206113220532623,3.4138670046276123,4.510089086975421,0.0953295163017672
319,3.596750926815394,3.525403359587121,3.3489169899610327,3.2506668715796394,2.1447498078411273,3.392014115411743,4.519399842683449,0.09226489158680554
320,3.6147687107987716,3.569381202068845,3.3890331864065137,3.356883115403547,0.7018566809728277,3.507562322527951,4.510195030121851,0.08954263193230798
321,3.659332253217718,3.568541307303218,3.4341710026148413,3.3622004367476146,2.7597786533868764,3.4961245086085153,4.733826820405191,0.10744945671874737
322,3.681487162489712,3.644019757519951,3.4165519389082064,3.3893358830140183,0.04764834289404707,3.555187471054592,4.746287002429007,0.10647998399392945
323,3.681521838415302,3.6322101179271895,3.4733175863811363,3.383470195255756,1.8310120016951887,3.5224382847539317,4.7463216783545965,0.10647998399392944
324,3.7071639156705647,3.6549700092432387,3.4723058292562308,3.384996677476386,2.081174357165659,3.5811004402268027,4.743135381661514,0.1035971465990949
325,3.7165075626272293,3.681991002640924,3.4798340600853357,3.4176608974546223,1.2428286654517615,3.580634529402121,4.752479028618177,0.10359714659909479
326,3.753440087611548,3.662688822269375,3.4687326374098566,3.343691623552957,2.0725533810894956,3.5961816919106804,4.792869857405459,0.10394297697939109
327,3.7535168840340685,3.703040639156802,3.487684040496665,3.391175497642087,2.138408774202735,3.590744884228549,4.792946653827979,0.10394297697939107
328,3.757059881709094,3.7267087463507096,3.542171117627472,3.452448404332134,1.6947797528529014,3.6058097723185014,4.786679615893257,0.10296197341841624
329,3.7757691865126644,3.724562992478655,3.5516883707033715,3.446324419736049,2.31102084059909,3.664116241484226,4.792869857405453,0.10171006708927886
330,3.785636139811645,3.7290989914952783,3.574556287411284,3.479348700362472,2.7271870723241856,3.6486461885970383,4.747809649893314,0.09621735100816695
331,3.828267725705388,3.7382882241184245,3.5399324842517648,3.4830909237792884,2.365719706643775,3.6488446766245937,4.747924465255463,0.09196567395500747
332,3.837584010615104,3.7883443479948293,3.6311433144731087,3.5111928729028308,2.442748034994595,3.7195645604448755,4.757240750165178,0.09196567395500743
333,3.86400952711226,3.808756997179266,3.5849611103928742,3.476779867075076,1.0802195100954184,3.707277336740953,4.771840953436029,0.09078314263237691
334,3.904037855795216,3.8365101674201916,3.6695840093857535,3.60124829981694,1.8813846897535877,3.7577900226470886,4.76869817422187,0.08646603184266544
335,3.923640455803913,3.8655817587504444,3.659074923444933,3.5789905042182966,2.4534193077623807,3.763399238244525,4.7676851028792155,0.08440446470753026
336,3.9515647494128774,3.896035683548428,3.706315410537245,3.619647061865245,1.7742030136385423,3.8097564010916574,4.7644034892699665,0.08128387398570891
337,3.9651021041286496,3.9302849194267346,3.7067805841489267,3.629059770914593,0.9253224994464233,3.8615218404735354,5.6194301584804975,0.16543280543518477
338,3.9945341534613643,3.958882715892531,3.7631011036462985,3.703056766526122,2.335664902309971,3.879130124243983,5.61627853771301,0.1621744384251646
339,4.017818143148941,3.9662145857969713,3.7817467601647348,3.7184455619701686,1.8745318419814732,3.8799332338706396,5.638117087629841,0.16202989444809007
340,4.027451916305262,3.9764803997954363,3.725020229898112,3.6276308204633803,0.5413790463581387,3.8923883780751196,5.63486836526923,0.16074164489639683
341,4.0506670528009066,3.999077862064202,3.813927225618282,3.7107661376858556,2.710348020791243,3.910673179011071,5.628805292603331,0.1578138239802424
342,4.0598880207944665,4.031831605995764,3.7723564839118846,3.665969066448655,2.115244338685961,3.9361976271485917,5.638026260596892,0.1578138239802425
343,4.082898437619459,3.9983095358670884,3.7697258756515115,3.6137516166176264,2.289652893854183,3.8972584497605407,5.628879779245988,0.15459813416265292
344,4.098345485961513,4.044122490707787,3.8428948966396446,3.7817293039928526,0.6153387766847329,3.9472613629171986,5.644326827588041,0.15459813416265283
345,4.135776488807712,4.05794637866499,3.9044874392776836,3.862264698863454,2.847049868169897,3.9757884727148567,5.670072600338193,0.153429611153048
346,4.158637452215661,4.0968263193401935,3.9040843767042137,3.795634725420064,2.1108901663949777,4.027373412278084,5.648030976210354,0.14893935239946923
347,4.183101595543184,4.131146510284172,3.94204444370732,3.8359620948707844,1.7367195252004306,4.045613214804052,5.657359507053513,0.14742579115103294
348,4.190051004765732,4.14447949640979,3.8380592915956626,3.7057624481345988,1.6057545866041858,4.011076248926727,5.913358016181483,0.17233070114157514
349,4.231184482046641,4.166931031103285,3.9607641390230826,3.8884859935310856,2.816794921070003,4.085017438115256,5.922617528217558,0.16914330461709176
350,4.235308244466447,4.190792248945885,3.9315163747938073,3.8328577060472515,0.20352749244428203,4.086720438481615,5.902569430395732,0.16672611859292855
351,4.239955568393478,4.194281556671855,3.974093827536267,3.855172982160075,2.7156602806444106,4.107630740231285,5.9025694303957374,0.16626138620022593
352,4.236928122257121,4.180481909397404,4.000420627708142,3.9485692723365604,3.0308766432459833,4.098182223784661,5.89954198425938,0.1662613862002259
353,4.281665327386362,4.207841332588819,4.004056784684485,3.868936944464995,2.3090801515848094,4.106865750879745,7.117941637259121,0.28362763098727595
354,4.326858121203211,4.249263791189733,3.9963894497484813,3.924823637074332,1.88281990961669,4.154108364104891,7.117960344224126,0.27911022230209154
355,4.357855596493096,4.282158113674279,4.021117793914311,3.958689177606222,2.5609972242607,4.190920390437274,7.214823026040454,0.28569674295473585
356,4.411948397787869,4.333437460902687,4.109675526434395,4.050963024880259,1.06008471175572,4.249881607665111,7.190024611215071,0.2778076213427202
357,4.441880411164817,4.360739727301379,4.150167802701847,4.032165929009916,2.926205015044232,4.263946542577958,8.242116397120554,0.3800235985955738
358,4.638051577293518,4.422637638044478,4.120655740855833,4.052644683229497,1.8756187751899702,4.269649568801636,9.257158936089434,0.46191073587959164
359,4.779617071194701,4.592442440906487,4.317251590930646,4.251341909112308,1.3386848238415627,4.497050187415449,9.25460417033176,0.44749870991370594
360,4.939124083949479,4.716225051183162,4.361128785243545,4.354073780439368,-0.26432189412385654,4.603969845914174,9.564106281054837,0.4624982197105358
361,5.0241053307876555,4.917193067251768,4.684418614674351,4.596853049002159,2.7747421662289424,4.833022733220508,10.39191669502078,0.5367811364233125
362,5.063352148339524,4.989310751313712,4.697170835742477,4.580610705328361,3.1284146461587463,4.825170053195,10.364304105481551,0.5300951957142027
363,5.340712043350862,5.0461265658408525,4.702640287106078,4.615098283478034,1.4389979529896735,4.912013318672602,12.169156658265658,0.6828444614914796
364,5.723964274909665,5.320476902755701,4.937804745480286,4.873316477564876,-1.6266008137937362,5.1796600203109655,13.848928893330962,0.8124964618421296
365,6.081853401409019,5.689301831297255,5.049381998712752,5.082928067685772,-3.003521502759991,5.486846657190728,14.891818289756229,0.8809964888347209
366,6.413966259679466,6.002385549062625,5.524350026911678,5.248999267032426,0.41079395834279,5.881987270557696,14.90132897469677,0.8487362715017305
367,6.487975448878,6.2940542467458425,5.747775233744676,5.476770326659132,1.5730977213025437,6.119935516583999,16.300251690379188,0.9812276241501188
368,6.6214998565471,6.435032841709491,5.883473337478773,5.7401812252185245,0.31516046472747483,6.230198155992951,16.484508249661758,0.9863008393114658
369,6.788688332981346,6.618328057579227,6.010316630505949,5.917082680973923,-2.777268369434818,6.465313358081438,16.500958553266607,0.9712270220285261
370,6.868391955318895,6.742905152223056,6.007903535023493,5.89198551335566,1.1489134191360542,6.553894691618213,16.49168994030083,0.9623297984981934
371,6.9846285014119935,6.8285258256263415,5.999371017879788,6.015872342527437,-24.441591873793058,6.622335950980556,16.67112740028349,0.9686498898871495
372,7.067267012780977,6.899249722607843,6.211568976214957,6.343736815696991,-15.174018530737253,6.7284382311569475,17.86593933184326,1.0798672319062284
373,7.181088304028917,6.992692886280617,6.3414876754738705,6.085182709053566,0.5918607974215107,6.771256037858006,17.82040801349202,1.0639319709463104
374,7.347125193139188,7.143302629360383,6.517250794223159,6.3709112302786615,0.1266651024681522,6.930442302889188,17.8543770195112,1.0507251826372013
375,7.501791056592051,7.2925238057700135,6.64578897814872,6.647426436575204,-0.5050608162122394,7.054184907783979,18.090686164699665,1.0588895108107614
376,7.62897981611024,7.438449619785263,6.787147463582901,6.680777544323044,-1.1297566503436158,7.237251140538477,18.106188839949702,1.0477209023839462
377,8.06227123870967,7.607151999460566,6.853363528358135,6.853521951406812,-2.886886298840597,7.336710699198299,18.4315719082351,1.036930066952543
378,8.14856010700091,7.955733427662839,7.033465858733107,7.089603560521988,-17.094666322691392,7.682343841595497,18.441069459361906,1.0292509352360997
379,8.229039815801455,8.084090894274143,7.432193312104726,7.366570196674855,0.4662772583200159,7.943619329913532,18.4596557909126,1.0230615975111144
380,8.477129379970117,8.172042515150496,7.586697150499337,7.615428587904178,-4.553800346373318,8.073866499151475,20.51535755553723,1.2038228175567112
381,8.534437836255593,8.384470379018676,7.39596723856542,7.352121464266618,-3.309375377754172,8.185934210471054,20.490449761820535,1.1956011925564942
382,8.704016240001845,8.450006838290882,7.556497689373018,7.400508917252154,-3.2025118446681375,8.145779727170101,20.46275820479163,1.1758741964789785
383,8.83215028138164,8.68082707832866,7.84083176688895,7.812649221590842,-16.254357567250143,8.440997907942933,20.49016333591919,1.1658013054537548
384,8.90089277889476,8.747663468345884,7.838912089596674,7.7998461929590555,0.6573224341038326,8.40805781624501,20.462692108262026,1.1561799329367266
385,9.04713939318454,8.854170132648706,7.695688843759552,7.659082517261131,-6.983430083023713,8.532794617998647,20.45056737590937,1.1403427982724827
386,9.445518678263612,9.007857501672676,8.40514582792433,8.36680995222828,-1.141644476994479,8.77722590102298,23.049844809061014,1.3604326130797402
387,9.693740660880115,9.424950940302242,8.537143807450862,8.175847857602811,-0.8570560373494942,9.154192415367184,23.053300638709718,1.3359559977829603
388,9.82753452937943,9.68180569161865,8.899952106559684,8.812423161085226,2.5604097310541043,9.48714291136032,23.11407974186544,1.328654521248601
389,10.036829165042056,9.717406056697271,9.0118762328285,8.805004901033703,1.873190802671953,9.480437859465368,23.070347988092816,1.303351882305076
390,10.243665625686612,9.992213264290152,9.239453162925495,9.06025817053334,-1.9651848037332407,9.840729039685035,23.098229079175468,1.2854563453488856
391,10.603692037425194,10.138775250695582,9.470553270517273,9.359179314663029,2.8918245523323307,9.925057669168375,24.516160873008317,1.3912468835583123
392,10.789242637927298,10.567070055203935,9.605430730138005,9.285768001184966,-3.2550339997336764,10.225115605664154,24.499958819269974,1.3710716181342675
393,10.996300310395023,10.697208537006995,9.770910750244774,9.643903923801965,-4.979703617064565,10.353120646181635,25.24940646426732,1.4253106153872297
394,11.159102405092451,10.963869303992794,10.200254207054481,10.013368961519758,-3.717353258748073,10.701399459608094,25.307603608630608,1.4148501203538157
395,11.239465496459864,11.068034071911185,10.267238402163821,9.956314120658305,4.670748740685916,10.77529006006377,25.283576804311238,1.4044111307851375
396,11.489633501641727,11.096524246926059,10.137759679444574,9.955929498743085,-1.1097802422681298,10.788280394939616,26.67834698133976,1.5188713479698035
397,11.587894567506794,11.36222035263407,10.595133979528276,10.216793621949076,5.823438535332059,11.016533897491076,26.93256660241429,1.5344672034907496
398,11.655069160619625,11.46086406226563,10.31105133641025,10.03154618236876,2.002106625921421,11.045276016194286,26.95042591984503,1.5295356759225407
399,11.882372682978312,11.620635940526338,10.462131256378225,10.105053752188716,1.5632939958095626,11.352210640405275,26.898275281316064,1.5015902598337751
400,12.04702450634785,11.829015456957823,10.809391338929766,10.226627742966453,3.72704487509305,11.441723724143205,26.8878965875359,1.484087208118805
401,12.264013512171873,12.021176763806075,10.99159028431755,10.816956041155482,-6.069323932692718,11.78064180110967,26.9409981913866,1.4676984679214728
402,12.602271365765457,12.17311521364947,11.501930298062598,11.311236086068934,4.612756573186331,11.949945876024927,27.006562785317808,1.440429141955235
403,12.71816581896486,12.491436927382763,11.413352698641255,11.323247481227373,-4.823011058628637,12.252612552886694,26.91104896452204,1.4192883145557178
404,13.055561634572909,12.673784548782923,11.918715755424671,11.659533582372383,4.761683046515728,12.405413986332277,26.94744438042027,1.389188274584736
405,13.119387368703979,12.989041931529783,12.267003450081182,12.078924374744753,3.8431344687622797,12.717092071325919,26.914252296790078,1.37948649280861
406,13.343117675528926,13.007892503913967,11.813984623362472,11.91917099832657,-5.956925477250898,12.539899332730897,26.937909527926728,1.35947918523978
407,13.485938619090547,13.274009317923186,12.31265027805798,12.168941317751518,0.9093149279075305,12.898906831675573,26.929785564201957,1.344384694511141
408,13.597398242399974,13.42343057574817,12.478342383662355,12.351933363971039,3.9574354491770265,12.981948095003133,26.935680050912765,1.333828180851279
409,13.649472169752329,13.535599466707122,12.414176705879632,12.286523503366787,0.1073658395340864,13.244003037269298,26.936160101426204,1.3286687931673875
410,13.746391304384428,13.569735671566427,12.592620577641632,12.245596090797518,-0.47133601049928586,13.320026847901289,27.24163781321588,1.3495246508831453
411,13.92234240877126,13.677077352608332,12.939592864193363,12.672255091157266,7.35061845286042,13.394013543387938,27.22036280244857,1.3298020393677308
412,14.162427808360288,13.88950874196256,13.04344741978996,12.917300690734356,-0.31352836373484294,13.58451386916467,27.267093433540357,1.3104665625180068
413,14.438110038898257,14.106808461627269,12.800277554339887,12.285896522705638,-1.2300838555756606,13.668319349819772,27.24932139293193,1.2811211354033671
414,14.51922640678749,14.319463264787293,13.31039398366116,12.755887521183894,4.642936556475586,13.99303346792323,27.19948594952638,1.268025954273889
415,14.56851984198253,14.36988838306808,13.342368682279659,13.03770435031569,0.24038819256452726,13.901826454594445,27.19642432827601,1.262790448629348
416,14.80363708610556,14.470164460467378,13.32514371401932,12.961843449910528,0.4179838384813621,14.127370113552363,28.421771737881677,1.3618134651776117
417,14.869263392934714,14.687142055517924,13.770777333248608,13.563087152516296,3.950164968766451,14.265956554500217,28.61602290365917,1.3746759510724458
418,15.00941772790125,14.779854366610621,13.728441140606835,13.349218606456324,3.14869731013966,14.44627125141729,29.19450128488294,1.418508355698169
419,15.13511048347225,14.901616283086078,13.625885733211325,13.225068106825386,-9.270216422190387,14.467183564164017,29.073537116213934,1.3938426632741685
420,15.358475797641704,15.065427197531085,14.11730434181065,14.109086686649672,7.387563059376824,14.788302506586687,29.396389006238987,1.4037913208597284
421,15.555658138471934,15.281382910961725,14.03181827710113,13.72793981873498,-17.105686458405888,14.93779760068128,29.454421396275276,1.3898763257803342
422,15.66072962055783,15.502659954413701,13.664049187282332,13.934382346358344,-18.70995381645399,15.15540236643316,29.51207136133701,1.385134174077918
423,15.789532989342714,15.518319408425072,14.406824687840645,14.087603002253202,5.074185122976761,15.189054169510012,29.518475229175174,1.372894223983246
424,16.285781919921966,15.730939864798387,14.396961907337214,14.541975245152202,-10.341555217412584,15.471975813899679,30.75351384252314,1.4467731922601177
425,16.567920069340268,16.155878327282476,15.176709755110709,15.005279083138255,0.015125577027909287,15.742098853276225,33.21630780424629,1.6648387734906023
426,17.185691636628555,16.460829473796718,15.542661372388862,15.3798193868775,5.743886940824318,16.08476901081913,35.1135610793286,1.7927869442700042
427,17.314510141788162,17.134616675315616,16.138984767222933,15.873923552152743,8.387739450823887,16.712995651538506,35.12240803474914,1.780789789296098
428,17.368422995163158,17.2374879379066,16.007970113848103,15.355786183513597,4.349884311648793,16.799603643260284,35.184524019794935,1.7816101024631776
429,17.38206090559242,17.174837780903104,16.283288528343174,15.997077785192417,5.045216033593235,16.841553060200226,35.12565643657976,1.774359553098734
430,17.62374078405851,17.313533319394388,15.939421975374986,15.793486857067165,0.545771661885766,16.815458229002047,35.103952221109566,1.7480211437051056
431,17.8167056164459,17.580071491319178,16.024820174863333,15.131125411748645,0.9214593220902145,16.980079015344764,35.0885020189954,1.7271796402549497
432,17.935505363257246,17.789760036876952,16.519466041509485,15.98172504143507,3.064154329471563,17.351485028922504,35.17851182293849,1.7243006459681245
433,18.009675689248056,17.723776067341582,16.582343702530473,16.091121434751464,8.485603123969831,17.193445246927674,35.146760738957134,1.7137085049709078
434,18.24137996877537,17.89985180807823,16.260127236249538,15.576470905224369,-0.6657263826818465,17.315384679661655,35.10351418701684,1.6862134218241471
435,18.325962905352966,18.145311832879223,16.81028936055161,16.604920663754022,4.111635647740989,17.735737308443426,35.01842530892378,1.6692462403570814
436,18.489381194348137,18.300359471345416,16.66468617036637,16.337797701913278,-4.014889605251447,17.73327697450496,35.01241505538721,1.6523033861039071
437,18.782079733681783,18.42803660801172,17.105705904315798,16.842559272522124,-2.48365280005369,17.990141842053163,35.02877272696473,1.6246692993282947
438,19.02325669652035,18.70303908907868,17.24722680183545,17.142955378600643,-1.0560295203768817,18.395402864686883,35.02959618182936,1.6006339485309014
439,19.238601360727543,19.005592838937243,18.035766353112695,17.740957777413456,8.346720781905713,18.59331282002494,35.053114415507046,1.5814513054779502
440,19.364803351754105,19.213061469258697,18.28912320186065,17.756966633602612,9.136852825283565,18.946231473788202,35.05247952334175,1.5687676171587646
441,19.428665322711122,19.20486413658741,17.70682280243741,17.117557886278064,8.696801916030687,18.666856506546672,35.01491075714452,1.5586245434433397
442,19.54706372816975,19.313316831870658,17.993009692870984,17.595494007981504,3.229976130182429,18.964596387433,35.020402360176426,1.5473338632006677
443,19.720024723990605,19.385485617136986,18.059258791179673,17.52926962525183,6.136180361886339,18.939484987170477,34.99792313284276,1.527789840885215
444,19.953985174037374,19.59784205327679,18.36306707034398,17.879825621152126,5.168655616848671,19.06690769309347,34.90904331473764,1.4955058140700264
445,20.039603133477847,19.909406323361555,18.809413425447065,18.432620216595136,5.108925649563254,19.562498096600912,35.21905062034772,1.5179447486869877
446,20.12620871660692,19.890345943650537,18.48189305621407,18.22853510699761,3.4515627814626697,19.384886409297362,35.19709182958062,1.50708831129737
447,20.325451441125765,20.020828806636857,18.4738712203093,18.13869194845998,-5.368004792438022,19.53646209512008,35.18773400847182,1.4862282567346055
448,20.399312781066495,20.254558180713772,19.075295371224524,18.67327648146918,-0.6024522305029336,19.902075279661602,35.129986152465705,1.473067337139921
449,20.46988830774452,20.256234236062443,18.81680701865319,18.46596984749048,-7.408797325169228,19.73617027532891,35.16030915240182,1.4690420844657301
450,20.57843442805228,20.40057598461193,19.12603965410247,18.573422730857065,8.080163012189693,20.036956794796122,35.1855885220952,1.4607154094042922
451,20.702512960246484,20.51170690474838,19.498611583882504,18.75719390495568,11.312647962668173,20.05720748525266,35.125423305204,1.4422910344957518
452,20.8092184186996,20.58775188655671,19.687799678757365,19.46469618082994,9.945499964538978,20.07122155357183,35.1315716081774,1.4322353189477801
453,20.879988785944764,20.557901965491393,19.40175585278326,19.39161272490584,3.6092292835440816,20.28544889295361,35.07446884596595,1.4194480060021188
454,21.028121961545573,20.821160587319444,19.480009820027284,19.40767913462831,2.6127671950008065,20.479329248922227,35.09463788855712,1.406651592701155
455,21.174256999459594,20.97054355566668,19.627226147400034,19.092303075116853,8.028610414046064,20.652026006885947,35.03048552326863,1.3856228523809038
456,21.237491709865907,21.042092637887905,19.46273476385491,19.193933198984496,4.388519069384884,20.768206169476187,34.93211914861119,1.3694627438745288
457,21.315659261366072,21.115985447978023,20.055666701018236,19.908879499019932,8.732371040044534,20.78402802504135,34.97825192562858,1.3662592664262503
458,21.506415649184174,21.216631519848146,19.722985213140127,19.50920630973927,7.148220268298779,20.748371676794562,35.4094665981341,1.3903050948949929
459,21.65917185538269,21.43641633837233,20.344186620196844,19.92827989024363,10.979283139017756,21.11477629210769,35.387309799540326,1.3728137944157635
460,21.81072087807287,21.60233002975015,20.507808322348982,20.12786523883578,9.933333810524626,21.32128211975323,35.18448789525898,1.337376701718611
461,21.895724257563785,21.712077029497905,20.329869931546195,19.984718304432654,6.9306536691894465,21.232123501052087,35.16780709228148,1.3272082834717691
462,22.030106107373708,21.742221484205714,20.488085002320183,20.355323083620938,6.682697863034175,21.264084058667564,35.175088232640796,1.3144982125267088
463,22.20226927314527,21.935261974914457,20.313592511020925,20.380434706355302,-15.90713617610971,21.474623531207456,34.98320030976311,1.2780931036617844
464,22.368502564419586,22.136465777046944,20.885399247057663,20.595697702848096,5.46230944566517,21.706001311904938,35.03021349627274,1.2661710931853152
465,22.38954754342791,22.237321622985363,20.772181364143712,20.57430337069796,-18.656531079146035,21.876473253080803,35.05125847528106,1.266171093185315
466,22.39082400746745,22.225249830572082,21.306819660814426,21.135705370473197,11.788737308828125,21.928964303876228,35.02037513092254,1.2629551123455085
467,22.449903768256412,22.279762599257296,21.340774882604105,20.791894304492,12.932623242324901,21.944243669740437,35.02675445836587,1.257685069010946
468,22.56908283511892,22.314474563668288,20.987230544011403,20.489018749554724,11.316876669781077,21.9763466955408,34.94881276782987,1.2379729932710952
469,22.671489560831247,22.468085430276997,21.535566635509692,21.448055321714605,11.413604545211854,22.094911952963475,34.83322351250317,1.2161733951671918
470,22.794223712704294,22.645370165636532,21.392639060678167,20.672364734998286,12.679294353081335,22.096898752531594,34.92439501197611,1.2130171299271815
471,22.801830375276097,22.64057568831134,21.42962533522275,20.75691108655562,12.01933559383562,22.2250167224033,34.883682429729504,1.2081852054453408
472,22.866558051187763,22.75709349597477,21.473664082297056,21.156778894239174,-1.1319098949329671,22.416444715992654,34.87452456135293,1.2007966510165164
473,22.94233700168352,22.721553268634143,21.513523155760737,21.092856058072293,6.08451103913762,22.332865546107612,34.807914809473,1.186557780778948
474,23.06903824219086,22.895452707295753,21.575303997369282,21.37120374662749,6.568331788792708,22.522560875748617,34.84921748099203,1.1780179238801172
475,23.267671508131066,22.958420814616026,20.805654249361968,20.741958162270052,-21.698610759665577,22.474406933027517,34.84636490538108,1.1578693397250013
476,23.341025387778114,23.159426489614535,21.880947735720397,21.587738106681222,8.765686693833022,22.79719007597938,34.85578107734103,1.1514755689562914
477,23.42728161639183,23.218446238653627,22.173438613722205,21.631228954529547,11.907270606765266,22.762929563952518,34.84295953999393,1.1415677923602099
478,23.44649353742126,23.329383942805407,22.30324106816646,21.852549751345276,12.721152147299506,22.999211629112352,34.85566732698176,1.1409173789560498
479,23.563350343883982,23.298080302912332,22.31871821754248,21.6599631960525,13.820599189101884,22.898053885921854,34.85365279870084,1.1290302454816858
480,24.022114403207265,23.49055177282837,22.33085669874427,21.872558491832983,13.094858051633615,23.174449788532677,36.5927860313839,1.2570671628176637
481,24.114734047536608,23.936411492877923,22.397527697829233,22.278782949656218,-12.983179720298658,23.613208394604705,36.62683309174382,1.251209904420721
482,24.227082868078174,24.01906441143439,22.812843880319495,21.894368767105234,13.984834390142922,23.42833845264613,36.5701083219535,1.2343025453875325
483,24.299743923528617,24.093035914524304,22.717798163843682,22.06910829536531,-0.7064642070498905,23.728238999010856,36.552454788889385,1.2252710865360767
484,24.525005264837276,24.232659587041503,22.863709271923277,22.790068647411857,14.72816328550731,23.796368005032207,36.491617196188024,1.1966611931350746
485,24.694466193594213,24.477669740358685,22.891547239444282,22.619904221027735,-3.7450711660812814,24.045996343084646,36.52765770899371,1.1833191515399495
486,24.770049570371846,24.564898884544494,23.042730357644427,22.750445288941876,1.0510251177759997,24.253925848711525,36.48870777657558,1.1718658206203736
487,24.87030369969707,24.646645825476668,23.606726531669043,23.250367537258825,15.179904248051702,24.33925852253972,36.470216431745044,1.1599912732047972
488,25.028646623666212,24.772594897959703,23.578388537691733,23.326070440258803,9.999152554613115,24.34060739957469,36.52595847023589,1.1497311846569678
489,25.166568678431222,24.851563658191438,23.343701826582365,22.73991129557806,1.4454621791284694,24.362234506859686,36.525035577576695,1.1358466899145472
490,25.317468146403673,25.124273293830605,24.032361329524846,23.617476289467355,14.94113449663761,24.805382068586262,36.525527584813545,1.1208059438409872
491,25.411349388536287,25.16869987352853,23.83166073623747,23.105072896730604,5.9020771122063,24.663861826704355,36.53079254491279,1.1119443156376503
492,25.582590449953287,25.372389280654144,23.92831142047383,23.80236903368261,9.657068863990176,24.95823270355669,36.57192795240214,1.0989337502448853
493,25.75960522174308,25.427119286536204,23.841349920300093,24.2700447412121,-8.37236058709793,25.129935789661566,37.40412095838352,1.1644515736640444
494,25.9072102940749,25.68070746979049,24.056181187562252,23.18518889326454,14.208894682448332,25.12389289069873,37.41741825188287,1.1510207957807972
495,26.020514767381787,25.815188730739216,24.7310115676969,24.576343540382084,15.953722179034152,25.490614309415044,37.461683072593786,1.1441168305212
496,26.053168537940287,25.825546985932625,24.13931548384532,23.595454047276483,9.609290227899201,25.360760582835038,37.41768842504351,1.1364519887103222
497,26.107903938234596,25.939642884822042,24.614773592304104,24.378507087877992,-8.813292032519954,25.583681413558672,37.3940596730348,1.1286155734800207
498,26.29908130472852,26.105474913807743,24.394593305584745,23.593503254027258,9.967683922188051,25.40955980146773,37.41621595995973,1.111713465523121
499,26.409389992410887,26.14940735056524,24.55925477647505,23.890773180067626,11.439468276734594,25.67385174588235,37.406419270718004,1.0997029278307116
500,26.47399055419533,26.22789177603255,25.018844646121703,24.646819391101225,3.043020584163912,25.741269599781422,37.42788365917802,1.0953893104982693
501,26.53417889160061,26.370259230820714,24.938499945009013,24.685009300263147,-3.937497788093701,25.826027205231533,37.42852890710721,1.0894350015506598
502,26.64939356081917,26.466404428099594,25.219275418981688,25.13213718753079,9.795116940711544,26.14237277969042,37.42301126986479,1.0773617709045615
503,26.776096723396016,26.586190393424374,25.338387383216062,25.28888712610714,13.49665389479987,26.20435198247487,37.35324379717837,1.0577147073782358
504,26.825729583564605,26.659855595227977,25.525193554942575,25.219444035931765,7.554412653007901,26.28521336786707,37.35049254271296,1.0524762959148357
505,26.953625980877405,26.770325126736722,25.262085376516985,24.598799007683013,13.723403654083029,26.36349397380541,38.32613631081867,1.1372510329941266
506,27.045763482110758,26.8450248627558,25.32876074488275,25.07864293373883,5.980588769825644,26.382592445965756,38.316979254016175,1.1271215771905416
507,27.338551819624406,27.011495566901004,25.63703045617201,25.534579240855695,16.336012787306963,26.731653025506482,38.78613558598377,1.1447583766359366
508,27.432018460264267,27.153739213991628,25.288633139687235,24.69599684652272,11.391419095279765,26.52376889216785,38.823051114593255,1.139103265432899
509,27.480947103738128,27.358305485472222,25.962849220677427,25.66900982549631,12.927292944840232,26.882224760779145,38.8167668756857,1.1335819771947573
510,27.57108919305542,27.397509887704985,26.14658681238283,25.358243388215765,17.715486713708056,27.04909885129006,38.93714611974978,1.1366056926694355
511,27.618344000073975,27.42992077556278,26.21123158237916,26.123572153346597,13.360103551896636,27.046021564272937,38.943547989681626,1.1325203989607653
512,27.74282439458944,27.511281756824488,25.89985001417756,25.489867000657505,9.129770590054434,27.08922711439314,38.926083841493735,1.1183259446904297
513,27.945249875098995,27.66886976066924,26.087286735880298,25.589646973814936,13.54029185478478,27.139979599960277,39.096440454091756,1.1151190578992762
514,28.040321572861316,27.73889931920014,26.630140193130984,26.38049468372712,15.95837749300037,27.348099562425986,39.080642010477526,1.1040320437616211
515,28.31915383812626,27.905025723116744,26.41935352436497,25.886847996883,11.582290696233592,27.490148216709564,39.43542973003593,1.1116275891909664
516,28.42208902544447,28.245388916299074,26.715512364273636,26.215152637530686,13.919810269020012,27.721172831123976,39.58973804450879,1.1167649019064323
517,28.642390466368763,28.34069455082514,26.71612172277032,26.356678428445015,13.232251537412317,27.64475038757106,39.62408189716828,1.0981691430799518
518,28.66936292516537,28.495827965544784,27.467647767179667,26.846552011832546,17.747790604310822,28.185111889056707,39.55115268394366,1.0881789758778293
519,28.77845327930327,28.555202499152806,26.876175231227673,27.10702854781865,-11.723858164531677,28.240872250285474,39.56996092443248,1.0791507645129208
520,28.82081234840806,28.71740127835028,27.427746046576264,26.86219415335073,13.125386146044654,28.369323970292108,39.57293339682168,1.0752121048413619
521,28.92394740401188,28.64965522849269,27.446555959122453,27.089363339546175,14.657441309805627,28.232831363453748,39.521284093716744,1.0597336689704864
522,29.10837406426498,28.780378264841378,27.13689225300242,26.669987215614736,3.7404296993686756,28.266509025288073,39.547215670374555,1.0438841606109575
523,29.17914452681856,28.98791405010482,27.35362301659468,27.0707722768043,-11.241801333657996,28.561310702710717,39.569446700431854,1.0390302173613293
524,29.199918233552562,29.011475347271606,27.639952913372337,27.009400832157603,18.93290439637788,28.60518732094988,39.57236418548664,1.037244595193408
525,29.331807117762885,28.991153158744076,27.736317158292792,26.901295388122236,17.51276291196146,28.559862394449464,39.515508668970114,1.018370155120723
526,29.38581857273149,29.15227236462823,27.911659571533146,27.156810698235653,21.742350442384495,28.639878425381326,39.44698833800796,1.0061169765276472
527,29.4966918225215,29.307628480891008,27.95003265518396,27.19322422766063,19.750013765693474,28.76377723304003,39.4931192378111,0.99964274152896
528,29.642354230757828,29.40740444393628,28.337238791130993,27.88060274829524,19.007001082607076,28.92944979048552,40.42320869685769,1.0780854466099865
529,29.822414042634577,29.60365306663545,27.898921514982177,26.918427394355923,11.899716781596933,29.212643377925495,40.4577135293157,1.063529948668112
530,29.8841859764499,29.674680898961896,28.328015769956533,28.031072023564498,14.660923223577743,29.294330062745885,40.445374942030504,1.0561188965580606
531,29.91216691577406,29.791276238534348,28.799565069910127,28.197928944634718,20.660129235707142,29.52976621369526,40.45725214135295,1.0545085225578894
532,29.968711899483896,29.760508620710056,28.15450894200729,27.927428268196223,8.45463314652379,29.320471739643096,40.483031515127045,1.0514319615643148
533,30.021520758826313,29.83802814664906,28.382850614762837,27.7038728439354,17.48360802481163,29.199102193273333,40.483158122048344,1.0461637363222034
534,30.00638097171599,29.896609073643997,28.50691502339694,28.06956920253343,20.579289611811447,29.18260314938117,40.46801833493804,1.0461637363222047
535,30.064722047457444,29.743735223546715,28.063885437859387,27.34648320885443,6.948599636638129,29.051146839903225,40.4423944818097,1.0377672434352256
536,30.188452078372446,29.980661570793348,28.789616134207048,28.58260444689409,3.0811222312414515,29.69010277429453,40.44841236314631,1.0259960284773864
537,30.256220307542378,30.127612736666386,28.686141533325532,28.220448984411753,13.6496513755399,29.841994997205873,40.4263904230908,1.0170170115548425
538,30.316642445935077,30.176081573490702,28.834410031426433,28.61567796276905,13.37554667088257,29.752179407159048,40.45845266904556,1.0141810223110486
539,30.350566068346158,30.117380074490146,28.750581514564082,28.01293687102104,13.141203387840736,29.61957860000878,40.118679468267345,0.9768113399921187
540,30.635851878501047,30.227541041389834,28.285833764898495,27.95714938574726,14.731036996417476,29.739002862393875,40.6581054267707,1.0022253548269657
541,30.70636241790617,30.53044968573564,28.564912942548,28.46988877361037,-12.843318111400713,29.963051349926104,40.648203567189626,0.9941841149283454
542,30.712484687429306,30.60545047697307,29.121087353347573,29.01842627579481,9.117075474740641,30.26009057351777,40.67134064431499,0.9958855956885682
543,30.697000400764612,30.433675559422152,29.04372382895967,28.595392505393782,16.309945285443774,29.78158634979114,40.636939879343124,0.9939939478578513
544,30.775524163095106,30.588338505097298,29.06643837337817,28.51887749532363,18.840285877574118,30.069085646317195,40.61440655909146,0.9838882395996348
545,30.83862867611607,30.681799623838447,28.797671126693025,28.336271638987387,-10.341151059719856,30.211336095009298,40.60283376670402,0.9764205090587953
546,30.93651808778021,30.71659843223387,29.06592489216769,29.154014219327962,5.7120765547271475,30.171737589566412,40.892891976555,0.9956373888774788
547,30.99777095208686,30.799070962544555,29.62326485210855,29.38380715721403,14.176001791113762,30.374989434200742,40.92151333197617,0.9923742379889312
548,31.059252941285685,30.753758540382023,29.45509668663268,28.902716535894566,18.132318442256416,30.099967841672175,40.88331228226426,0.9824059340978574
549,31.090098546310394,30.91888701949618,29.85297184448029,29.51266286766204,16.554602152317752,30.451396952725283,40.82092041062687,0.9730821864316473
550,31.161572445869652,30.998563068786105,29.707091567414523,29.35891561365549,22.98447254278837,30.455285381437626,40.817370981764334,0.9655798535894683
551,31.3338256426505,30.997774161515878,29.530856015371057,29.428336474687338,16.62355242438014,30.449613263860257,40.80593136344866,0.9472105720798158
552,31.457760277476154,31.273749431549213,30.04488730728657,29.675538743128946,20.644009455329844,30.82430218508484,40.83058807765187,0.9372827800175714
553,31.49649565850152,31.24637384673072,29.9383683240867,29.18477102793408,20.141306421019223,30.783809468280637,40.71101532489699,0.9214519666395471
554,31.58845546967472,31.409189023561268,29.87590526814785,29.65777393333657,16.44025142526113,30.95725354616293,40.70840852812198,0.9119953058447257
555,31.657014694058297,31.396046988374927,29.73419885592777,29.247891591453893,19.418519626762393,30.692342367329477,40.727768429614954,0.9070753735556658
556,31.708923264577592,31.527270932063544,30.12990526687301,29.68532199642484,16.838741458467936,30.906072119615985,40.67706399649142,0.8968140731913826
557,31.791499329310195,31.609101499449025,29.888852358166144,29.295534476412023,13.954903959019987,31.236964270169278,40.74858758140175,0.8957088252091556
558,31.79115213864797,31.66343529681823,30.472352358220828,29.726519556719296,22.276262974615214,31.24291975321031,40.63765479124601,0.8846502652598036
559,31.858238757373975,31.719542383937668,30.303276534966056,29.423197343173555,19.623780809964117,31.299552003553906,40.65634406232456,0.8798105304950583
560,31.896368674481497,31.74447518898939,30.429332899650316,30.131890278605045,15.811296291688596,31.428792438941187,40.72947343111487,0.8833104756633371
561,31.89339261281117,31.670174476169677,30.294462738276515,29.369525791269297,20.438075127011217,30.932467056373447,40.66716470501315,0.8773772092201981
562,31.99001656540824,31.83434347295023,30.471412115795044,30.20973018546261,18.426166012206785,31.193918955305868,40.656507527501034,0.8666490962092792
563,32.068326528958934,31.847577856761845,29.958400782343382,29.514901819009253,6.530656171691682,31.065410255905643,40.68477977884478,0.8616453249885846
564,32.07406989224256,31.883401407354135,30.54940278533308,30.135950015041892,18.87856757890424,31.455069358891812,40.617914165869585,0.854384427362702
565,32.116770491529536,32.01099713266026,30.869025286716145,30.43595309006781,21.719725911372457,31.66350239400557,40.66061476515656,0.8543844273627023
566,32.119415881770635,31.930620858553066,30.48981054459064,29.77030958504856,15.929523311219448,31.0976783869673,40.60130210133764,0.8481886219567006
567,32.1721878551202,32.052482380393585,30.747035592177262,30.131872742704964,20.668875399953144,31.565561905524472,40.654074074687216,0.8481886219567015
568,32.22886388085631,32.05257441259239,30.724446389857107,30.046063567819658,20.227855211820426,31.721784122594062,40.61670297882813,0.8387839097971819
569,32.25004507448761,32.11916212947992,30.8899698057409,30.26469336914261,21.05959085217814,31.74664010060205,40.62915548575937,0.8379110411271758
570,32.30035756354169,32.15870024188642,30.56895822289821,29.515808314594942,14.155788123422202,31.546441640603103,40.62602778894858,0.8325670225406896
571,32.3281791192536,32.16631993920973,30.601164392197713,29.982629996281908,16.281232245652703,31.683117491951265,40.99338271590321,0.8665203596649612
572,32.40462626593827,32.15610647920805,31.196530416364,30.921227946751507,23.34451602155876,31.77741628237919,40.949537474923126,0.8544911208984854
573,32.481769595139575,32.34967214235182,31.138543974554416,30.90149487165131,19.62726101528682,31.95653885189163,40.99610032427126,0.8514330729131687
574,32.512970549963825,32.36561989863868,30.95503948613152,30.13973670589494,22.492904301001904,31.882031619696484,40.92732168266557,0.8414351132701743
575,32.661678860304065,32.31712316248233,30.412644438653253,30.256336227644443,9.983573786527518,31.652344299665764,40.945451111801326,0.8283772251497262
576,32.72722558902119,32.56105270672077,31.1306352602812,30.588620508392623,13.067248548447061,32.20795544289244,40.9275952110956,0.8200369622074413
577,32.9302162687902,32.61894811855595,31.13990389760909,30.82705739594932,8.462453912622173,32.21492381943567,40.90121626849619,0.7970999999705993
578,33.01224898224612,32.861822906403376,31.50442331519992,31.20464007410253,14.333497896887039,32.54973660316189,40.933585021752506,0.7921336039506384
579,33.14072763346235,32.73499730909253,30.968061037153333,30.10345839428524,15.524845730240273,32.0027497381999,40.93383365535659,0.7793106021894238
580,33.13797596602156,32.97056566690274,31.345410217310857,31.07160543495611,1.5579141185284087,32.46960512780559,40.9310819879158,0.7793106021894243
581,33.17628812114168,33.03834046741012,31.48087773113018,30.522460952315388,21.159145223512837,32.51063847457394,40.874485910171806,0.7698197789030122
582,33.22722715489612,33.00131139040761,31.801325171446248,31.02576383690366,23.764212099286155,32.43227092673576,40.89330566701357,0.7666078512117449
583,33.218150068557485,33.08306623085328,31.84815073319514,31.18877790692143,21.58108167583663,32.60654692169524,40.884228580674936,0.7666078512117454
584,33.277876753614805,33.09768918792969,31.78207965869081,31.05951631107194,17.721851756633484,32.54359703310753,40.85857933067424,0.7580702577059437
585,33.31594729380195,33.14071450742497,31.707639898915776,30.991056816482068,21.042835333008323,32.57259912160274,40.896649870861374,0.7580702577059427
586,33.32556280438895,33.146359143846006,31.924924514545644,31.0992718914237,23.21760710253812,32.651244307279114,40.76233582295753,0.7436773018568581
587,33.41780479453288,33.259074232836426,31.998807184278952,31.66993658240868,18.0576465483612,32.70220141492513,40.88929565771634,0.7471490863183462
588,33.53025765541231,33.34504789367559,31.757019796205284,31.115892206387763,15.363371086285817,32.90001395723119,40.89539652033121,0.7365138864918896
589,33.54229628950479,33.371209767211596,32.04355714433785,31.471989643509552,21.898644559733846,33.013984509758686,40.81114565204916,0.7268849362544373
590,33.609628885438504,33.42470489341811,32.156179811323945,31.76287571840106,10.046688638208227,33.03109524295388,40.82678626905983,0.7217157383621328
591,33.67417504314963,33.547920513273574,32.079185403709104,31.459017604823114,16.415704653068936,32.991712561639794,40.86679175368495,0.7192616710535322
592,33.70195099606614,33.48262461235077,31.532915105770197,31.338675549198257,2.210876251023471,32.87136740428814,40.743108005138716,0.704115700907258
593,33.76371162540147,33.57864709328462,32.26329905640976,32.18107163591987,20.539450463703112,33.14768712450531,40.77115305316691,0.7007441427765443
594,33.80451239685343,33.65570710963173,32.506852401251685,32.31428120949552,22.24254849817129,33.20697919038002,40.70448612734384,0.6899973730490409
595,33.873285986133816,33.73244572975576,31.955891500698435,31.256209054844376,11.079180722402576,32.97669050153925,40.74163694002254,0.6868350953888722
596,33.91489805839308,33.80165959923369,32.46925568383753,32.26675808849196,20.981595005779084,33.371893464662186,40.71691316364592,0.6802015105252839
597,33.95952856206239,33.75149624603409,32.093365438606504,31.47667437852502,18.637465187954245,33.25373786258821,40.766269078354405,0.680674051629202
598,34.04312806828395,33.8157141064665,32.37677046602368,31.617967228464224,21.91266416310902,33.41191903991076,41.250218255123094,0.7207090186839149
599,34.11540341863342,33.90591748174366,32.58788662168262,32.157758523569015,21.099608636853972,33.238910421353395,41.23198560376514,0.7116582185131722
600,34.20043171833824,34.007510764112176,32.82398823207343,32.24371736099825,26.605854141085874,33.484214612700015,41.183949331273105,0.698351761293487
601,34.30188455331654,34.07085415960569,32.61099094062183,32.24958514272859,16.43619535477405,33.56014801245212,41.189974063891476,0.6888089510574936
602,34.3591189950487,34.160415780278,32.96455874710796,32.53936705557466,17.14505103033497,33.7546057022677,41.21185838267516,0.685273938762646
603,34.37545799216357,34.18891904811772,32.68546928947024,31.886273002624158,20.721660887490696,33.59305335258608,41.19058468962266,0.6815126697459091
604,34.507113696504504,34.30530799852992,33.210991031147785,32.76704316333681,24.137200004179455,33.819771048062506,41.192985162403346,0.668587146589884
605,34.51335884016743,34.321690302200906,33.147531716340744,32.23639824705701,22.574450752345566,33.7457132831001,41.19923030606627,0.6685871465898844
606,34.53610436613087,34.39081551643628,32.942796379502525,32.67652707263301,21.43456316812478,33.90185658456801,41.202545517121905,0.666644115099103
607,34.54896825860033,34.442951744322784,32.922350959280195,32.97515799814596,-14.269256853502021,33.92152204121358,41.21848162338674,0.6669513364786405
608,34.58948078828391,34.426867988789056,32.97034134624106,32.68483024355941,19.747079334381272,33.996444605326786,41.180884239693924,0.6591403451410014
609,34.61095800084076,34.47302858348035,32.54776274592971,32.37036176548529,3.0865507241623718,33.72567505796678,41.18479545806742,0.6573837457226659
610,34.63806578826811,34.50027135571487,33.12753148754018,32.63259284730209,16.44687137912292,33.949763805803116,41.211903245494774,0.657383745722667
611,34.62902574358586,34.51480926087483,33.102264338437514,32.91471929811455,10.635256007527321,34.06871150930222,41.18070236297316,0.6551676619387297
612,34.66098450793582,34.484816880086726,33.28237486935796,32.96691277093364,23.08511499468183,34.14200678792502,41.20584467744895,0.6544860169513125
613,34.646601576860746,34.51457122230162,33.18329601573852,32.373767002161344,17.71467707881024,34.18797210196009,41.191461746373875,0.6544860169513128
614,34.6537130249637,34.46252264019923,33.148012890808445,32.62035202131144,22.520659220580793,33.96161279494384,41.15360054063818,0.6499887515674483
615,34.69093235941398,34.579312305418625,33.104496219804304,32.344554085015965,15.632316017092393,34.164134906645046,41.190819875088465,0.6499887515674488
616,34.706676546028525,34.57059760525633,33.11716128323249,32.889426951678985,18.129684039426223,34.28176517002241,41.18493486309477,0.647825831706624
617,34.72518394975939,34.597566726145836,33.31824828638955,33.1658509561953,19.502606453724084,34.18078345861038,41.19061662905869,0.64654326792993
618,34.79285706978575,34.624849113787675,33.29775786757298,32.30427199005061,25.334161802569596,34.08153350575436,41.2134844050978,0.6420627335312057
619,34.80197244151366,34.66244658576716,33.434483456058715,33.321620422732984,21.845164483210148,34.31789651649452,41.16088964962274,0.6358917208109077
620,34.86022528984948,34.73543441979931,33.40625508654846,32.47173317416545,13.136577704923663,34.32566448119365,41.17575962605907,0.6315534336209585
621,34.887352741725266,34.747235508604064,33.59817150884524,33.073455860486206,22.455279849804228,34.3122661263245,41.197777630470874,0.6310424888745607
622,34.88301504031638,34.74554274687159,33.34768604032737,32.94461574311874,20.680420200692453,34.368768971544824,41.19343992906199,0.6310424888745607
623,34.899377678960214,34.678991648775515,33.02979435199293,32.48037937229779,22.561615019178834,34.13370011918608,41.30685195937408,0.6407474280413865
624,34.93992858427892,34.789397139788726,33.65009718862894,33.00405385941762,26.330669890233203,34.37312455050551,41.33847809800525,0.6398549513726327
625,34.93674347002266,34.84695462511621,33.73301985436191,33.156635235578285,26.396779307451318,34.32031066676065,41.33576231999071,0.6399018849968046
626,34.960639593051695,34.770659619579064,33.2201282592573,32.80481992075377,6.49131744681177,34.094248979170004,41.35981332468163,0.6399173731629934
627,34.96144753512907,34.71856619964967,33.26745948100681,32.60625486653098,20.376210030739177,34.035434598642865,41.31872315048129,0.6357275615352221
628,34.98604420351325,34.788960288449225,33.38491270437275,32.82299084248553,2.366171425472338,34.21458844352237,41.3105135536658,0.6324469350152548
629,35.02126574855261,34.84820882562293,33.356695800398185,32.57983770681781,19.315772094423433,34.35163273472749,41.33304237159638,0.6311776623043772
630,35.01408372232213,34.88820110313691,33.5374665587332,33.026863875558206,12.069925806967419,34.59646100597473,41.330481012920096,0.6316397290597972
631,35.0004548680673,34.839959705296934,33.60102014734067,32.671098786412344,26.26138225672427,34.367164669503424,41.31685215866527,0.6316397290597967
632,35.01689469752855,34.87023450025449,33.21849689325317,32.5493017816619,14.960789029179299,34.38522762793863,41.29253656649206,0.6275641868963511
633,35.05274636612822,34.877962426761385,32.93897410449592,32.59621165925893,15.81119756221813,34.31498972431764,41.33609059205627,0.6283344225928057
634,35.04710238515014,34.92606826316036,33.474945858675206,33.34811386597517,-11.144035899012437,34.451343816936124,41.3304466110782,0.6283344225928061
635,35.07090231759342,34.93399808001468,33.58936652800871,32.91498812799735,25.092519008208562,34.42593431503752,41.32669848456449,0.6255796166971069
636,35.066588222436806,34.86846954455287,33.45044064342247,33.015719062108126,16.9248960067561,34.31065089067502,41.27292393772777,0.6206335715290964
637,35.292782318286505,34.958798555894965,33.170645152186665,32.82338588509481,7.939387289583053,34.515823719522416,41.49710512583216,0.6204322807545651
638,35.388409300103085,35.24386224878375,34.03705052624659,33.68758295333167,14.992730392276062,34.814447407699305,41.493633938140064,0.6105224638036978
639,35.43936532353817,35.30487105026916,33.66317255474889,33.05247474506115,20.789300787962958,34.831001608726154,41.544589961575156,0.6105224638036986
640,35.42757890802153,35.286754812864785,34.097228704272986,33.54768138007291,20.453047111263643,34.96929887973161,41.50335529859223,0.6075776390570699
641,35.46449675744106,35.297406426462096,34.143821589639806,33.90650225125887,26.561530693437028,34.939405626805524,41.540273148011764,0.6075776390570704
642,35.43998431779228,35.32489362032134,34.04063512626697,33.43202467481109,24.038877274123195,34.89191649387247,41.51283666320557,0.6072852345413288
643,35.45763625843697,35.268543790628065,33.901929749096155,33.338055052347066,20.690706975492766,34.82771413747305,41.512414455546576,0.6054778197109607
644,35.48876710883223,35.39122049857998,33.940995553838675,33.35745500588515,22.123559030837274,34.85890675213651,41.54354530594183,0.60547781971096
645,35.50438368360222,35.382151236155295,33.76025482217083,32.79592915929221,19.63755797557365,34.929023361541255,41.42154684226062,0.5917163158658396
646,35.54794846251469,35.414448904569575,34.11400149030794,33.70577826440266,20.015572589887057,34.98670166489262,41.46078804567649,0.5912839583161795
647,35.546751898576915,35.42545469856148,34.05800710082869,33.624767967270905,19.980433554825353,34.991084453924664,41.45259252126662,0.5905840622689702
648,35.60242640089344,35.39989905496322,33.63803835803899,32.8711465938821,20.732408014896745,34.69521629506943,41.45293956517943,0.5850513164285986
649,35.624132831420035,35.55195136305903,34.13934183980074,33.68690709975646,23.10767981965358,35.21887902169206,41.468620399845285,0.5844487568425253
650,35.652925533028196,35.55376944039282,34.25305498602014,33.55117294097622,21.92560159778349,34.90937392612305,41.48178843879182,0.5828862905763622
651,35.685739098143365,35.52311704352671,34.324774404770935,33.671547169714756,28.842960477863606,34.80383400981134,41.47266192675937,0.5786922828616006
652,35.70280475287919,35.50818296748323,34.28422008497448,33.821364640032655,25.827020183311188,34.980826291022694,41.454442109058604,0.5751637356179419
653,35.74017811541919,35.60349034875178,34.005502213191065,33.50460650498892,20.90899089091853,35.133277789980184,41.49181547159861,0.5751637356179425
654,35.74896791897501,35.65715137842824,34.228527224617466,33.87328310392841,22.512739650136286,35.30177689302802,41.4506295459562,0.5701661626981182
655,35.79237266587465,35.67946535275771,34.17721808697415,33.49291574087938,19.927643990717876,35.034503531949134,41.494034292855844,0.5701661626981191
656,35.789318968182876,35.61343639159126,34.196167283770336,33.69722598669834,24.7334629183107,35.031051378948646,41.49098059516406,0.5701661626981184
657,35.81381234762311,35.69443921481205,34.1659161637869,33.706965910552015,7.54605085358974,35.29809028256721,41.478061945121304,0.5664249597498193
658,35.81397472288368,35.70733264057103,34.61809390981735,34.10537343892266,24.489112381128756,35.318858139160994,41.47822432038186,0.5664249597498183
659,35.82155427575568,35.66769442657429,34.21210251512615,33.489030847556904,9.207187114167695,35.34534864287299,41.48580387325387,0.566424959749819
660,35.82062161342618,35.70140026419591,34.35945247245762,34.095171522259704,18.801286244846786,35.40812671448019,41.48487121092437,0.5664249597498189
661,35.820559293844255,35.70573425191849,34.24976477601917,33.945357370839986,17.005136605054275,35.26878065922499,41.484808891342446,0.566424959749819
662,35.84773155431138,35.70974706050065,34.11870066903145,33.718651380251096,20.386780541378414,35.25827578288067,41.502390625433634,0.5654659071122257
663,35.84148610675171,35.74007243702398,34.36060144326566,33.636636465819706,15.312787289369947,35.25770596302989,41.49730297642837,0.5655816869676664
664,35.85460230581568,35.741532052927546,34.20014900661988,34.13789121598613,23.166419608999608,35.210845393746126,41.51041917549234,0.5655816869676656
665,35.84621194812449,35.74981861343218,34.36770902334675,34.11411503201739,13.452669317230466,35.19493024535059,41.502028817801154,0.565581686967666
666,36.10210642615845,35.73675223469992,34.375732283706725,33.98316236300516,20.691092296298134,35.304067971888216,42.575731487741486,0.6473625061583034
667,36.14482200843661,35.98981167609351,34.54507413355566,34.13964544949658,19.76000877851142,35.44342816703086,42.55190792339445,0.6407085914957839
668,36.209796022060615,35.972754856818256,34.64568279319666,34.26886198370083,21.97642291511525,35.41235585049887,42.616881937018455,0.6407085914957841
669,36.23324027139941,36.114098015870866,34.55382479557529,33.782806184112275,23.4414837556703,35.44417552033427,42.60093936574312,0.6367699094343713
670,36.31046239971369,36.09527044143579,34.51295677443078,33.8545854729603,18.027796897576806,35.38207545993971,42.595125974850816,0.6284663575137126
671,36.3314701566644,36.229636141408335,34.85326329484556,34.75191242369559,19.487864192642903,35.85023955507168,42.62175491964908,0.6290284762984675
672,36.45848058128274,36.2746465959587,34.85264108939249,34.06254393737163,21.969070833152816,35.48215558865935,42.644342248188345,0.6185861666905599
673,36.46917743778436,36.37607016693269,34.48603695937712,33.27291110283059,21.200162715154296,35.37862315814698,42.657226866313906,0.6188049428529548
674,36.482450087482746,36.378440338695576,35.04256353252761,34.55082798732966,26.573896308899535,36.001208065029324,42.61285070126517,0.6130400613782416
675,36.53223167092535,36.33003579705243,34.59321978145743,34.255069190786756,7.725337605841446,35.71309816926622,42.68516479058766,0.6152933119662317
676,36.53501378582725,36.369805702995045,34.83792715184456,34.5294677267969,18.24391384538086,35.74348878480912,42.687946905489575,0.615293311966232
677,36.533273847781814,36.35179698712738,34.84899564933037,33.93066595605778,25.41135561065086,35.69609608714347,42.686206967444136,0.6152933119662322
678,36.526659945277714,36.364058035144886,34.93093057135986,34.45334617119691,23.792436628170222,35.703947334513174,42.67959306494004,0.6152933119662328
679,36.529723197269306,36.390025261932024,34.646512939092304,33.74069185916963,21.17028658441408,35.720434012673515,42.68265631693163,0.6152933119662318
680,36.52899343542713,36.35929474733183,35.046936233675645,34.46423189487081,24.950613485046524,35.80575465946063,42.681926555089454,0.615293311966232
681,36.52872248110964,36.35078141829182,34.89766466783568,34.094775253480805,26.04559107242323,35.902432503962395,42.68165560077197,0.6152933119662332
682,36.60534626694765,36.43862779270472,34.9089496114658,34.093092134075114,22.97588200270599,35.916614668607565,42.65125879428316,0.6045912527335512
683,36.65480767593442,36.46302218454329,35.45507053146682,34.86882974481473,29.01456802207386,36.051522674975686,42.67317121322355,0.601836353728913
684,36.670940986871486,36.4546835427308,34.96365259805592,33.93454420482779,24.65044915229175,35.81584905033008,42.70397046583507,0.6033029478963581
685,37.00741718426502,36.46394073845112,34.85604982497115,33.94915252899488,21.47249051638247,35.80891230516363,43.165395486430405,0.6157978302165381
686,37.05069108314555,36.83337640497153,35.318237724734736,34.34680906598993,24.047625509437047,36.143089082976545,43.18366854297654,0.6132977459830989
687,37.13697201600327,36.97485203600551,35.60130231704983,35.01780315028534,20.42456134354851,36.52618277027028,43.22387511838789,0.6086903102384617
688,37.14525280525111,36.96332985046683,35.506067960342335,34.67723696038445,25.78006083107152,36.29948347846853,43.21270773653966,0.6067454931288553
689,37.17467169690676,36.99266851695859,35.485773188862396,34.85811426623874,26.07293895686012,36.55879741571863,43.19058269679626,0.6015910999889499
690,37.21448112209582,37.04962506912228,35.66959888353069,35.144332778624396,22.535615788274242,36.556895931731646,43.22199824069065,0.6007517118594834
691,37.20575822513808,37.09404617679157,35.68553923554323,35.21692812942163,20.803946186778504,36.67227957496438,43.21327534373291,0.6007517118594836
692,37.25814567394865,37.068243121558574,35.43534362875925,34.751521696126794,14.431501985506614,36.64135514342959,43.1850316411721,0.5926885967223452
693,37.281966579360386,37.12697958903175,35.84175246776379,35.02194153197542,26.331855809328978,36.68021830408145,43.194398148876374,0.5912431569515991
694,37.41639482361818,37.10433219617585,35.63589344888246,34.773660951672326,26.81628124513313,36.461269216422565,43.15796091234986,0.5741566088731677
695,37.45511296547135,37.27027339113441,35.772210618666776,35.41290444142106,22.794792240860446,36.799679637296826,43.20733869899129,0.5752225733519941
696,37.44068139544679,37.21587581574185,35.71818611779689,35.18781895624144,21.45611467697815,36.598121334539286,43.18890507018413,0.5748223674737339
697,37.452425158120974,37.288243401564266,35.6270965053381,34.57925395684734,21.29314744504875,36.41540401250502,43.20064883285831,0.574822367473734
698,37.46900798422125,37.36505539299898,36.06851127230926,35.917780595790916,17.464100582534037,37.013481792979206,43.21723165895859,0.5748223674737342
699,37.449749130020706,37.22584906146783,35.41113713559835,34.93140286461449,20.648308212973078,36.45387933273825,43.197972804758045,0.5748223674737342
700,37.461147308643184,37.34130720582826,35.781937459286105,35.72399764742644,23.39376307529144,36.998273394916836,43.21368262193376,0.5752535313290579
701,37.43685335816183,37.296742526524056,36.13000694483563,35.97287472503396,24.69770088347464,36.80704651112718,43.189388671452406,0.5752535313290582
702,37.48238878558235,37.26673194880729,35.746249121786754,35.05826978614276,-0.7177511230754732,36.704937048649796,43.181281979483046,0.5698893193900697
703,37.500819798619574,37.31408938316482,35.98393153322461,35.450495202297205,23.567118984493767,36.775312734199964,43.11340353890018,0.5612583740280604
704,37.56327284399413,37.42324324129103,35.85006393134205,34.836145180949565,25.128361507245884,37.04683129634798,43.144233807673054,0.5580960963678925
705,37.55702007349494,37.42148794847205,36.00100522635763,35.499183463454585,20.348018072625553,37.036964759032344,43.137981037173866,0.5580960963678928
706,37.55828704546723,37.34519556189147,35.96842528431335,35.62956214384201,26.591721289891026,36.77763518977073,43.09563297561096,0.5537345930143732
707,37.61170791489684,37.52363974568575,36.23689089645003,35.71063645778197,24.93725668011326,37.018510791715784,43.15047782586152,0.553876991096468
708,37.60035726879332,37.468362282441525,35.9230986704816,35.34214600776596,26.045787320583926,36.974865636069794,43.139127179758,0.5538769910964682
709,37.60490880155119,37.491342660269304,35.940975968628834,35.26174908982662,24.48843237030684,37.002438718260365,43.18820818062726,0.5583299379076067
710,37.626191943898,37.49475493756761,36.065941501737264,35.32400667495856,25.91057907911711,36.98646045855138,43.14764338025952,0.5521451436361515
711,37.70887942398737,37.55564746987548,36.47848221483806,36.06611794117879,28.283134809630535,37.07510556474452,43.157227015133294,0.5448347591145928
712,37.73125570047094,37.6268099643524,36.0458481597113,35.69597610971783,19.530477208487966,37.10647838572663,43.160261072639685,0.5429005372168744
713,37.75478838709922,37.54461641773197,36.026781344152816,35.140179966976206,24.57108488739675,37.12021845869829,43.147761943397825,0.5392973556298608
714,37.76923439425795,37.68252266332499,36.04510085771093,35.77904832587617,8.354119346507986,37.05928578146427,43.16220795055656,0.5392973556298607
715,37.83352357554279,37.67879146074338,36.46990005403851,35.877935643671705,31.051255554649103,37.155655460979446,43.13213635432329,0.5298612778780503
716,37.89407281489819,37.76776505399417,36.23810014278483,35.84817069065789,24.68475974810067,37.14895480071232,43.02766101345662,0.5133588198558433
717,37.98360752447943,37.83392203370144,36.1096352366681,35.233284413414474,18.515097725982635,36.962923640649834,43.07119921015071,0.508759168567128
718,38.00615407673034,37.843733202161495,36.14243042682218,35.50659918596164,26.328103453114046,37.21347954192946,43.06465016551303,0.5058496088782694
719,38.0413738578335,37.92978584962152,36.683281164183875,36.025328284113456,27.356335042125764,37.479468595057966,43.099869946616195,0.5058496088782695
720,38.024567458979405,37.80317257777543,35.835656796629884,35.386834567805685,-6.739888741776561,37.07153305608301,43.083063547762094,0.5058496088782691
721,38.019380672370566,37.76699287856809,36.41458721968446,35.64163440303267,28.05538828962665,37.16250386162089,42.90863845167293,0.4889257779302359
722,38.052077655403124,37.91628936782391,36.50160520288016,35.69723994209857,28.326512454368043,37.36384328616636,42.940654848819484,0.4888577193416361
723,38.075981071053796,37.971955382405085,36.37999419074623,35.302676870812746,24.399622349141133,37.3915968407576,42.96455826447016,0.48885771934163663
724,38.10806870658916,37.83105087680316,35.80203334029799,35.752329450638115,-18.775019844154137,37.436985792810766,42.79222978679074,0.46841610802015826
725,38.16944650800193,37.99582029619666,36.82671535080778,36.11117236520697,28.57321140034371,37.472483970838,42.853607588203516,0.46841610802015815
726,38.17458152925373,38.03501514613547,36.20681995427375,36.00960214834773,-11.33469364989164,37.4975746149122,42.82823756860757,0.46536560393538434
727,38.1994133778206,38.07642335129465,36.911225135832865,36.5106302691183,25.085771771631038,37.72300931471035,42.828304838661175,0.4628891460840577
728,38.21851356183923,38.046137033847685,36.11823708376092,36.00240706811735,20.754143365081376,37.3235556362724,42.90701728490105,0.4688503723061821
729,38.29223472602539,38.153525668698116,36.63101269174037,36.29427225235092,22.117777256758657,37.857342284113486,42.9046188444591,0.461238411843371
730,38.31121412285084,38.18573731724607,36.58505009743138,36.02654653596409,23.667037537783866,37.65460838743334,42.92359824128455,0.46123841184337117
731,38.30690182197282,38.15580114520621,36.496187924683404,35.891433333477394,20.489616696175496,37.6867940211299,42.9056015863828,0.4598699764409978
732,38.30659639470426,38.14420570132302,36.76462182667679,36.252921179258564,21.640455694739607,37.61067463660669,42.90529615911423,0.45986997644099753
733,38.34131454996284,38.140102672923334,36.583231727983815,36.458442662129386,13.237245971619402,37.584499308727786,42.92016463689621,0.4578850086933372
734,38.37167070559115,38.21501092127569,36.71389921796649,36.133481375486795,25.369938681235418,37.78818277507891,42.88944050136845,0.4517769795777296
735,38.400820704789304,38.16288143847167,36.61683286992289,36.12620438618684,-4.141643891812215,37.45112289511733,42.886967723964915,0.4486147019175611
736,38.43358909255867,38.29470205861884,36.8759823240502,36.05778237473048,21.320243262829806,37.948008142057716,42.917646815603426,0.4484057723044757
737,38.42409786372707,38.31168120618506,36.61770709894555,35.96756966871482,23.269167937996684,37.87701427043761,42.90815558677183,0.44840577230447565
738,38.4203974536163,38.290106087343304,36.60535323474945,35.818226660027356,26.76590880731163,37.602041549117665,42.90445517666106,0.4484057723044759
739,38.44026375678632,38.29718434092145,36.75692410305534,36.06824431454816,25.21368083533217,37.737197785270574,42.92432147983108,0.44840577230447576
740,38.44242408272839,38.319332729884316,37.07736128159092,36.75673875896444,29.781769811105484,37.95254373955456,42.926971584592515,0.44845475018641284
741,38.44213572836567,38.310533947223426,37.1333828937626,36.379071126005286,31.66536192783638,37.738667986843076,42.81011538717759,0.4367979658811916
742,38.47955010771351,38.367054649216904,36.913739066866626,36.45219865639808,19.519710623973523,37.84018894649161,42.847529766525426,0.43679796588119196
743,38.48154348067173,38.400550537880335,37.0800416723136,36.34037646215741,29.216632465735778,37.963444622129614,42.84456086390243,0.43630173832307
744,38.487399757966784,38.38850300027414,36.6874345086612,36.42987207231822,22.572213834962792,37.82799593494268,42.85041714119749,0.4363017383230704
745,38.46917152620184,38.171979459013045,36.45460761360314,36.45717450752171,-18.327072197425778,37.58629835828411,42.83218890943254,0.4363017383230697
746,38.472511325787195,38.28179732218602,36.96299998022361,36.27084827219136,26.18761131365857,37.800587053339655,42.84114804948494,0.43686367236977464
747,38.48621115174975,38.36760679255681,36.538330170680844,36.363367240243704,13.858555368433201,37.79652383726285,42.8548478754475,0.43686367236977486
748,38.47046408460401,38.36164559635334,37.138876094381835,36.59213204582811,25.039939008941456,37.71942286222749,42.83910080830175,0.4368636723697742
749,38.46431835103351,38.241949961664886,36.78279285876836,36.212011279937755,27.332304406636386,37.5088793234593,42.83295507473126,0.4368636723697746
750,38.47582706229586,38.35499123200974,37.179559136034975,37.007230420266005,27.71204323130164,38.004610797296785,42.81341611587061,0.43375890535747463
751,38.56009136864799,38.42818743711519,37.24809820338264,36.62871147324479,29.713845015006243,37.93676455589721,42.84444374122182,0.42843523725738347
752,38.55747363118028,38.427896683335675,37.267611327072935,36.72752946152329,31.373342399375847,37.87339105790062,42.841471190364885,0.4283997559184604
753,38.61585098151617,38.44110965487439,36.97484470041459,36.73019360453374,22.736302005599633,37.83331839565646,42.86080887486538,0.424495789334921
754,38.60319121975824,38.455961032603284,36.992994613714615,36.50045039834233,21.517565207752625,37.97143682711129,42.848149113107446,0.42449578933492066
755,38.63942796077006,38.456462815512396,36.945213790004544,36.35332506146611,25.41023491422868,37.89464681773788,42.88287229287083,0.42434443321007703
756,38.62454518588349,38.48017696601787,36.92763335237154,36.311287326267234,23.32733773634128,37.637120012295455,42.85754606690811,0.4233000881024618
757,38.65579154999308,38.5008454494852,36.99266537742359,36.298951694955214,26.26529585479879,37.77954677770406,42.8887924310177,0.42330008810246184
758,38.775290454775245,38.56627487257046,36.83412143763574,36.62073544771077,9.325473359710728,38.06498304157962,43.050091355319275,0.42748009005440296
759,38.84404602037275,38.66262957663361,37.21991510065431,36.537419666944835,24.2031085272318,38.273777510157174,43.11286692900438,0.42688209086316303
760,38.833678250680016,38.715945549910785,37.06516876535195,36.4040206831716,26.396809969444696,38.03946319542614,43.10249915931165,0.4268820908631629
761,38.840477978023145,38.75274806094446,37.52058286082242,37.16092127059574,20.165326872365522,38.42728442992211,43.10929888665477,0.42688209086316226
762,38.83761256378908,38.74236176582531,37.57749043822561,37.053339218788516,29.32616008371658,38.23235920601812,43.106433472420704,0.4268820908631627
763,38.81756359644048,38.656799482261704,37.40222199069365,36.6292740485121,27.95866585673363,38.27570096849365,43.086384505072104,0.4268820908631626
764,38.89534052619564,38.696798213987975,37.28250921384253,37.040932717518,20.578733746790796,38.06386363253539,43.08432701526534,0.41889864890697004
765,38.93515995789362,38.779672592922935,37.18441572087625,36.54268734606177,22.74165056580394,38.237148848322036,43.124146446963316,0.41889864890697
766,38.94877253238256,38.82455342138125,37.58141735271706,37.01697669614579,26.548821503915942,38.37584648219467,43.09959816103894,0.415082562865638
767,38.96731434171898,38.79926855467644,37.557037203696446,37.239524863943544,26.41699557243227,38.511901025810126,43.11813997037536,0.41508256286563794
768,38.9584355453259,38.79171403937804,37.158033361713194,36.70971261705377,14.423012600018485,38.19895960238284,43.109261173982276,0.41508256286563777
769,38.961501012004696,38.79756694842006,37.530891960475486,37.130608396700424,25.56960266242484,38.40548588752321,43.112326640661074,0.4150825628656377
770,38.95229846824029,38.76749556137431,37.25811071830762,36.6867733191639,23.1784575529525,38.35906993740737,43.10312409689667,0.41508256286563766
771,38.95098640019816,38.81420786514987,37.178983948398255,36.70686455727001,25.415630266965053,38.25810960846725,43.09619268838749,0.41452062881893265
772,38.98012075171446,38.82976734962463,37.44812762031398,36.859727709610766,26.720879561242505,38.27529687078203,43.084011358266906,0.4103890606552449
773,39.001985096411325,38.8714729797215,37.43470007140157,37.15158211966176,12.598735942784032,38.45099701581781,43.10587570296377,0.4103890606552448
774,38.99588422095533,38.85028125772039,37.248548627349955,36.6112844967605,23.27296066454863,38.416197741024504,43.09977482750778,0.4103890606552445
775,39.021901645795,38.86924510669815,37.230876914568334,37.010383126987904,4.561350155763499,38.30147095216732,43.089177832364,0.4067276186569001
776,39.02858900621645,38.88809366314069,37.373234073086515,36.62723313528982,27.543713565872586,38.184060098110834,43.09586519278545,0.40672761865690066
777,39.05038329575141,38.85449267615645,37.41302221133796,36.85326910474779,25.915109891290072,38.45779465212709,43.11765948232041,0.4067276186569004
778,39.06230496955175,38.93467312292863,37.47391940345241,36.881272100548024,22.272074316775846,38.47240274201296,43.12958115612076,0.40672761865690094
779,39.01920989394224,38.88386797173716,37.16249492005251,36.14793430319199,24.396671202420293,38.25101522503391,43.08648608051124,0.40672761865690005
780,39.021769252302114,38.94052320298744,37.22557719362757,36.86205578771613,23.658141256523507,38.45072978800645,43.08904543887112,0.4067276186569002
781,39.05797050854429,38.89755128709449,37.45023075087872,37.39099910556878,18.998600040074603,38.51738863896878,43.129623349024165,0.4071652840479876
782,39.04015084001251,38.86920048663987,37.04842929628281,36.29705247800841,19.72358706162546,38.18152404702227,43.03540873067059,0.399525789065808
783,39.04914570539195,38.92860584271872,37.585382399903835,37.067010842274264,24.47093221344633,38.4126990412986,43.04440359605003,0.39952578906580793
784,39.05340059985545,38.91157026091841,37.44730935829497,36.76617001222184,25.26442998021396,38.318363827146655,43.05606371595145,0.4002663116096005
785,39.07003618855514,38.947419071874144,37.75640049490076,37.088815346623306,30.121083630360154,38.21285073940305,43.072699304651145,0.40026631160959997
786,39.04493095194437,38.91253720186032,37.322202106857645,36.552987145254,18.99898589836033,38.42533171813436,43.053176676396596,0.4008245724452225
787,39.03396488465541,38.91920517215276,37.424073966960535,36.812743653433216,15.946818202588489,38.25938531063019,43.04221060910764,0.40082457244522274
788,39.03340993730373,38.93203162561473,37.67746015084864,37.25809796929778,20.024984154145557,38.44319539361534,43.04165566175595,0.4008245724452216
789,39.060437316041714,38.92890472002516,37.19522766610603,36.78696424958855,19.678246966968157,38.28086755693008,43.06868304049394,0.40082457244522207
790,39.04711173870475,38.895605122012185,37.515992747351895,36.84422339049645,19.732620439778966,38.38377852267181,43.04523329842839,0.3998121559723645
791,39.04687225815217,38.957528622596875,37.65640040393286,37.3557654864365,26.92747237963018,38.50656162817165,43.04499381787582,0.39981215597236475
792,39.07632483331241,38.87113391450944,37.280824737490406,36.731416520155406,22.475543308315757,38.3867126660342,43.05305073086117,0.3976725897548761
793,39.078631745878766,38.978987931875764,37.54119423116058,36.69043204156015,22.650600678669758,38.42434613743188,43.04100930188254,0.39623775560037733
794,39.07884885692929,38.99035796622214,37.15230646168414,36.506736920028146,-12.603721258336833,38.67899932116191,43.013231120636846,0.39343822637075576
795,39.111162333704925,38.9451923350674,37.31107303480489,36.817519574442805,23.895450075691407,38.36587204969716,43.044345909813565,0.3933183576108637
796,39.10541728226658,38.92883425117334,37.37577662289913,36.40319770226278,28.308147765303783,38.240725290503335,43.03860085837522,0.3933183576108639
797,39.12353140375273,38.941102867978714,37.756120086393615,37.112915061375375,29.214389010868363,38.413083907254546,43.05641578383097,0.39328843800782415
798,39.1437118340235,38.97309913444086,37.55710040727233,37.10234039535777,22.78878455088006,38.47411508534833,43.03154261620139,0.38878307821778935
799,39.15345112640114,38.89326135506495,37.335498427464934,36.77545409906484,25.561140514414834,38.36438390450358,43.04128190857903,0.38878307821778946
800,39.180407639347415,38.95900926026527,36.91871447758366,36.82281052548424,1.4291492434820796,38.308052050185665,42.97144628739787,0.37910386480504543
801,39.22261638007131,39.127646014748954,37.78401003358537,37.307384861118194,24.632952160101652,38.583959857438344,43.01365502812176,0.37910386480504527
802,39.21750129623809,39.11351649562708,37.86314622556002,37.77041742903057,26.033984532716826,38.59055257607149,42.99469996178725,0.3777198665549155
803,39.234507845845314,39.1146548604861,37.54008414591368,37.235083665201664,19.11635954000658,38.57862385854157,43.01466667902354,0.37801588331782243
804,39.23365895219319,39.09081369934206,37.46958806915952,37.08517282460202,12.930920160866982,38.550484381779086,43.013817785371415,0.378015883317823
805,39.2516832572596,39.11470150461107,37.47191853604371,36.7354940878127,26.745737612405062,38.58206765169531,43.03184209043783,0.3780158833178226
806,39.239272589003015,39.055002048504214,37.38133625318616,36.80172234563889,9.697525090251006,38.46062137495047,42.988286703483354,0.37490141144803363
807,39.25943038688063,39.07494883860153,37.658403104875426,37.191323430194096,29.506839249004038,38.52059012920095,43.0328229183619,0.37733925314812683
808,39.2373627298017,39.142101589704865,37.41333961936132,37.53705375868541,16.486625867991414,38.64210612149738,43.01075526128297,0.3773392531481271
809,39.27230121971943,39.134290978893006,38.01973260279388,37.21790626813002,29.389902472864264,38.761206504441766,42.999013911588875,0.37267126918694443
810,39.29388952118401,39.1776197154221,37.71425712417719,37.40979134249804,20.578771157173886,38.760906652569346,43.02060221305346,0.3726712691869446
811,39.29309113939456,39.110634132229904,37.61080785368592,37.36499019265922,21.03581926234353,38.47042618533654,43.00481789552273,0.37117267561281636
812,39.30166347687157,39.15774407697013,37.594693986339486,36.8691931197534,13.498645310855302,38.54488244638131,43.013390232999726,0.3711726756128157
813,39.297630168839255,39.183946943471184,37.916623364247755,37.32340721509473,28.144334979804892,38.71919333357903,42.99916818067968,0.37015380118404284
814,39.316039115253375,39.06144380407066,37.357259545663275,36.80380886906664,22.726426952699732,38.377104547876854,43.01757712709381,0.370153801184043
815,39.31627146473542,39.17616634521995,37.65241424611773,37.46858726116167,22.893994134721854,38.6497361517169,43.01780947657585,0.3701538011840426
816,39.32780139877662,39.21826328368578,37.56673912460932,36.93587794976142,22.028976943152784,38.58070156175833,43.004884747940444,0.3677083349163823
817,39.33148148349493,39.145147074118356,37.6205033409782,36.7944882731954,25.483970910174296,38.505670527628794,43.00856483265875,0.3677083349163817
818,39.32806488591091,39.16331800460762,38.01703380769897,37.653076621956984,26.250552568909974,38.674075578730985,43.05868330615465,0.37306184202437387
819,39.3748683356934,39.17293024847629,37.71954905032432,37.14618376614328,28.485963876194766,38.465352575142575,43.105486755937136,0.3730618420243739
820,39.38058680434753,39.27422365826707,37.98025270829415,37.354867308855745,28.673083121115415,38.761712633261524,43.1115600379805,0.37309732336329715
821,39.36799071671614,39.129458419666975,37.788530717686214,37.198310873208555,27.223437320796467,38.49202481089996,43.09896395034911,0.3730973233632967
822,39.36454929173793,39.189314425104406,37.66510203549551,36.59244413759261,26.709500177749767,38.61542094879873,43.095522525370896,0.3730973233632966
823,39.35785812041107,39.2324245432621,37.5964014984751,37.17557180611234,22.268270139830328,38.5974324347357,43.088831354044046,0.3730973233632975
824,39.368932427019146,39.22194648299945,37.78304445236888,37.38750223615291,23.867163715588887,38.660661686037024,43.09990566065211,0.3730973233632967
825,39.377280461693665,39.24527853448347,38.01227909973513,37.521203251107856,30.217353146108003,38.843757368280635,43.10853746097607,0.3731256999282411
826,39.35499348451301,39.22550179524713,37.77076208179745,37.34740854802268,26.652917829409542,38.579025301269,43.08625048379542,0.373125699928241
827,39.376511026474894,39.18351049562492,37.23486341353286,36.68246048162574,-8.344896804083795,38.368610737284115,43.1077680257573,0.3731256999282411
828,39.35142986023667,39.14688506265661,37.89702115112761,37.478175512040174,26.412138311066077,38.522124225849055,43.08268685951908,0.3731256999282411
829,39.364949093411795,39.25233869141936,37.321793363763206,36.89130111851822,13.020463118725122,38.72028755843914,43.06704076807684,0.3702091674665052
830,39.396808234549,39.28443027004956,37.90978720468106,37.611345266649536,22.26848617326538,38.846761424358355,43.099996387410194,0.3703188152861196
831,39.41130092163311,39.29394622715419,37.93514751032681,37.416557746121136,21.81439824571285,38.79682813936667,43.1144890744943,0.3703188152861192
832,39.391873274201515,39.2956376126437,37.96822656371743,37.72364323781251,18.946610044159105,38.784476954345536,43.10824399444827,0.3716370720246761
833,39.387807366142155,39.224890503861324,38.00891830855658,37.69149183572793,28.944493486473416,38.749575794256515,42.96613742704265,0.35783300609004987
834,39.41557921160776,39.2767601385686,37.52429468738816,36.7740959841326,19.204857295621796,38.76745893590645,42.993909272508255,0.3578330060900493
835,39.432372600031144,39.31089211254465,37.7320947988809,37.174833433659316,21.493730867496932,38.5814639499581,43.019080402373646,0.3586707802342502
836,39.400313217307264,39.320387217961255,38.2269714363874,37.82275234580365,24.111379822746343,38.96937648594933,42.98702101964977,0.3586707802342502
837,39.41303990694873,39.23023789132705,37.637060386806446,36.90331717829111,29.00123270754755,38.60594959431332,42.999747709291235,0.35867078023425036
838,39.397666722095664,39.274619909931594,37.89156061728811,37.47190802932083,23.778107745440412,38.82525285726439,42.98437452443817,0.35867078023425014
839,39.4205514292662,39.28530385847162,37.71924734886248,37.322460145758164,22.268248216965425,38.692440721697466,43.0072592316087,0.3586707802342504
840,39.40180724751882,39.169651954523275,37.42397535679888,36.607344964349885,11.545312507115682,38.52579255524259,42.98851504986132,0.3586707802342503
841,39.4082828503378,39.26550132815768,37.90126747025217,37.370838820454004,30.327199806021213,38.71753632405944,42.97202485292567,0.3563742002587869
842,39.46347066992356,39.327492870793286,37.93262742702374,37.217813021315145,23.37932459571762,38.98064993761618,42.98364863237233,0.35201779624487683
843,39.44460864499742,39.29063694322912,37.92489268387529,37.22564850510699,26.834108474058713,38.61663291643683,42.96478660744619,0.3520177962448768
844,39.46744771215606,39.3293013783046,37.90593894879762,37.417879258662055,26.40295770232444,38.79265169564245,42.989323918257284,0.3521876206101226
845,39.45293237724652,39.31009288428777,37.12579318293259,36.90118801660531,18.5121673949487,38.37612658651063,42.97480858334775,0.35218762061012326
846,39.44517077584956,39.27630939121711,38.21306565357282,37.52123130650023,31.483509991045715,38.82662494345756,42.95023285923108,0.35050620833815177
847,39.50403569729223,39.31662828996312,38.05458361537383,37.39991628311397,30.147971179160837,38.822056596156685,42.94861612336531,0.3444580426073082
848,39.50856189053724,39.28776450516551,37.996208997399236,37.518054999622095,22.534034933861527,38.78180822432327,42.953142316610325,0.3444580426073087
849,39.527167882290996,39.334793561494536,37.86746108252237,37.538677426885215,17.047290496200326,38.86600849609123,42.971748308364084,0.34445804260730856
850,39.530458527398814,39.37567265143217,38.09693274916378,37.63685232991927,31.231602848358932,38.75516203404953,42.9750389534719,0.3444580426073087
851,39.5356871906847,39.40772393979345,38.026462345671554,37.38856892659923,26.478907803844105,38.9782097015256,42.980267616757786,0.3444580426073087
852,39.535331660408545,39.365875341131854,37.98353263295114,37.65698075185675,24.178595414786663,38.694309457309714,42.979912086481626,0.3444580426073084
853,39.4958611483659,39.349470041114024,37.73427869340824,37.16813943535137,9.76444671840688,38.61040870743315,42.955739321565105,0.3459878173199209
854,39.52296701915254,39.39290499002376,37.7669905251786,37.20508166305141,18.004308491485624,38.82347780046351,42.982845192351746,0.3459878173199209
855,39.51418429431427,39.36980643174702,37.90007344226751,37.38827863098746,26.80817311696862,38.93188468485204,42.97406246751348,0.34598781731992106
856,39.49890371472794,39.39887089900318,38.07992607203117,37.759683019086786,24.047069420696662,38.84116877954483,42.958781887927145,0.3459878173199209
857,39.52313132957368,39.30188186469684,37.86619851315597,37.36478041067534,26.433128843260956,38.63069282552819,42.98300950277289,0.34598781731992057
858,39.50053099724867,39.40352101385203,38.10445176748651,37.14526176247894,28.216078914881933,38.82868413859619,42.96700447437766,0.3466473477128995
859,39.51022814955589,39.34998943924185,37.997276453248716,37.72163109793537,27.513191659892065,38.78632220744633,42.96206128660782,0.34518331370519245
860,39.51968637909395,39.386894880556966,37.623645761188946,37.29578437892768,5.667956006211497,38.66952445106828,42.934556813996124,0.34148704349021797
861,39.532770514801804,39.354444452198656,37.49352945862629,37.257807727318195,-0.6972424285698651,38.804214591552636,42.91177592725434,0.33790054124525337
862,39.672025855366286,39.371371593288195,38.11533041097986,37.798238120135,24.759099068779538,39.02967240101107,43.04191992175335,0.33698940663870586
863,39.74929000582351,39.600638761604365,37.786395277447646,37.64299720526286,24.580455705525722,39.20277193086194,43.11918407221057,0.3369894066387062
864,39.72361662491064,39.53913842913466,38.21403543886726,37.70893270660552,21.21886342004182,39.00242249709878,43.09397177091111,0.33703551460004694
865,39.70518492503512,39.5972187403656,38.259493219815084,37.259485100481406,27.605297434440644,39.14330839193645,43.09751866976344,0.3392333744728319
866,39.70471271009764,39.53313473661475,37.841984761876276,37.871568552458086,-1.3901889464775294,39.075051603666935,43.09702383812921,0.3392311128031574
867,39.7043784063164,39.5952767262924,38.05479168178532,37.114729636038014,30.8263283545717,38.73554174770575,43.06968645092804,0.33653080446116385
868,39.731865499313145,39.60886690560082,38.23676870256308,37.84635152837521,22.826384000634086,39.07809676077659,43.097173543924775,0.336530804461163
869,39.73422730617222,39.578448569101205,38.26846122962989,37.96923991764825,25.80733502482714,39.14690486211015,43.09953535078386,0.33653080446116374
870,39.72951570594212,39.57913523829323,38.38321195482441,37.7279615544784,32.29815196211641,38.8694498024373,43.09478327197247,0.33652675660303444
871,39.753255308609795,39.594846426476096,37.69851617970426,37.586380919036266,-7.4471123652081275,39.0770253128555,43.09007411888767,0.3336818810277874
872,39.78473734237011,39.635543616459685,38.14845889622963,37.853202707468554,24.976184348934005,39.25897359936978,43.089933376046304,0.3305196033676193
873,39.803950689043546,39.66583250131096,37.65627116334143,37.60157628705052,-7.039806929115848,39.155668115727515,43.076123258143895,0.3272172569100352
874,39.83614888754393,39.73418049162379,38.16815253766003,37.08161618655039,29.776170562214872,39.232072784599765,43.07717120340636,0.32410223158624324
875,39.84263409755438,39.67394917141701,38.2237465481742,37.728540035538956,21.029128499436602,39.039452428903545,43.08365641341681,0.32410223158624313
876,39.85767443037558,39.759009502637284,38.65621048812402,38.09722993875169,32.99103115186604,39.34763008332276,43.09869674623801,0.32410223158624313
877,39.86297411941747,39.717681364596096,38.44684664111007,37.608562373620906,33.5497305492642,39.16366271088383,43.114185179567635,0.32512110601501626
878,39.835175149965885,39.72231012092077,38.37177292294298,37.72648226299026,27.368889279562875,39.04048933278717,43.086386210116046,0.3251211060150159
879,39.87478538557143,39.73516596256737,38.35193696923931,37.50984549032407,29.60026957135974,39.24784319496338,43.12599644572158,0.3251211060150158
880,39.83484258037328,39.66514267880821,38.04297970796667,37.393149073321275,23.360365193584574,39.096795652268355,43.08605364052344,0.32512110601501587
881,39.860959988640644,39.7166935671245,38.30289286518945,37.725682273588944,14.866689409068819,39.251660321785685,43.080712139785895,0.3219752151145254
882,39.88500087797815,39.6961408594066,37.982059439754565,37.68622613506428,17.428675893087544,39.16134652226822,43.1047530291234,0.32197521511452537
883,39.90667953264963,39.744785573758286,38.269894453809464,37.823946500614014,15.806133247024878,39.23434457285787,43.126431683794884,0.3219752151145251
884,39.86910876969651,39.688599495983375,37.911985025407745,37.56611029585453,15.756275566090622,39.022996803078854,43.08886092084176,0.3219752151145254
885,39.870522644441394,39.65863954549702,38.37804462470447,37.385632049104025,30.275809794266404,39.30879546157803,43.00329717020306,0.31327745257616707
886,39.86894741733612,39.660566032647466,38.10220092949755,37.68034545031977,25.598289661080806,39.11221118817768,43.00172194309779,0.3132774525761669
887,39.88319557538216,39.75073246909031,38.54365873427906,38.07925495155932,25.066250132414535,39.161545412003946,43.00574783527705,0.3122552259894891
888,39.885200551364825,39.763604328870024,38.502472071853845,37.856624221565944,29.220805939983542,39.21242048079566,43.00605456760726,0.3120854016242431
889,39.901061144541984,39.79233975831234,38.230064015712586,37.51691737661925,27.142798318822166,39.102561156875765,43.02191516078441,0.31208540162424275
890,39.90627959301314,39.81684552091674,38.52736537378757,38.07165338042028,27.246871714045497,39.46597812734986,43.02713360925557,0.3120854016242431
891,39.900324129837955,39.767540290229945,38.268428337144776,37.30385926000881,29.348470226372374,39.10106149861586,43.02117814608038,0.31208540162424286
892,39.90932294774744,39.75056279313116,38.446342839673996,37.759261131139894,31.140574545018968,39.200312295212,43.03052684034758,0.31212038926001384
893,39.8945869703129,39.73042433089424,38.305292204314824,37.509968401549116,27.5985117192198,39.16861474339785,43.015790862913036,0.3121203892600137
894,39.886777145272056,39.703109910387056,37.80224074029468,37.39583742900605,-3.485322821968026,39.19770287611282,42.99314630145173,0.31063691561796747
895,39.91104857266899,39.7383873683022,38.35959821363006,37.86024820157764,23.860084355014205,39.239108381449725,43.018084397639804,0.3107035824970815
896,39.90133728390665,39.764226022256246,38.34675806492064,37.353530521463995,20.316087385963115,39.26120049550997,43.008373108877464,0.3107035824970813
897,39.90800380230742,39.66020287573234,38.36437138112395,37.78041834400289,29.901131716830783,38.95373182319247,43.015039627278234,0.31070358249708135
898,39.90873746130652,39.79268403889731,38.18762688612414,37.43791577077587,21.489145305498866,39.25668065472866,43.01496045576117,0.3106222994454648
899,39.90891901452822,39.78894220480933,38.287099838589576,37.77929722214124,26.10213538033913,39.211604872673846,43.01514200898287,0.31062229944546493
900,39.90922122437537,39.78234472653269,38.43911202621749,37.974537463355446,26.402227439168243,39.24001366436519,43.01544421883003,0.3106222994454651
901,39.92188312435837,39.77726679377636,38.453785663815765,38.124586732840726,28.224784292527467,39.13769139625597,43.028106118813014,0.31062229944546493
902,39.90728513454236,39.82031886922877,38.57205139872451,38.34756830858811,22.285336387657626,39.46437818052875,43.00870868718423,0.31014235526418665
903,39.911068491213555,39.794000471105065,38.21008119232416,37.76424654094541,25.384238318728595,39.47584238217412,43.01249204385542,0.31014235526418615
904,39.90483857336445,39.807967119254556,38.36842405147652,37.42614764358074,24.45478935302705,39.307013656953245,43.00626212600632,0.3101423552641871
905,39.90705672741852,39.81013206568648,38.00598412177838,37.60143362780991,-3.5347512719777257,39.222883367714516,43.008704152174246,0.3101647424755724
906,39.91751586007524,39.67492289637269,38.372749469643765,37.8317568655455,31.723055910229995,38.99693636354522,43.01916328483097,0.3101647424755725
907,39.91598810319091,39.82103966801656,38.53961211767785,38.41778712699847,27.182869916889757,39.47714394759919,43.01763552794663,0.310164742475572
908,39.90171661797762,39.797945305575375,38.75856294762663,38.445478622438195,31.92233011906719,39.407890036680975,43.003364042733345,0.31016474247557235
909,39.91687104778187,39.77752434973603,38.49368465634266,38.40948477966045,-8.229954137396177,39.37502464176448,43.018518472537586,0.31016474247557213
910,39.90662740242512,39.721014460444785,37.99988313643118,37.55295845361811,17.164396602932428,39.08399336336336,43.00827482718085,0.3101647424755724
911,39.925478691497176,39.85171313308239,38.46029731617537,38.282365433269355,22.496844247737513,39.3004465729032,43.0271261162529,0.3101647424755724
912,39.91969617814416,39.714391702828785,38.23554374359231,37.247379364470305,30.110681822249717,39.21827629601982,43.02134360289988,0.3101647424755726
913,39.93285512914137,39.836613214849024,38.94029028121916,38.875153323920244,31.50573031919026,39.56259725824714,43.03450255389709,0.310164742475572
914,39.909075683282694,39.82039583216814,38.13900588064261,38.0984631932363,21.229660634942817,39.520711861765065,43.00871042252665,0.30996347392439544
915,39.93981723728806,39.79516265571288,38.63562820352154,37.84477494726498,29.864173288135298,39.444876828414465,43.02515413862009,0.308533690133203
916,39.929323230730915,39.75707074249637,38.43944327897842,38.07382337235318,30.067010446731913,39.10549115915042,43.01466013206294,0.3085336901332027
917,39.93663954141412,39.8350422844214,38.35874410812691,37.96316906261282,27.507921091039595,39.26288990759068,43.021976442746144,0.30853369013320253
918,39.9159314065859,39.796607017129176,38.15367768911937,37.69135215302997,26.04693433305582,39.27701256926778,43.006546761841165,0.3090615355255268
919,39.93325846750203,39.80495794645192,38.68824691297998,38.4437315455374,27.574178765731872,39.293081370774004,43.023873822757295,0.3090615355255269
920,39.930043039536564,39.771219421576546,38.413741586071076,37.82315725598027,28.463326507283675,39.36183090651828,43.02065839479183,0.30906153552552695
921,39.920602371630935,39.85214409622777,38.575199262331665,37.839866830537204,29.898215835413225,39.35260678642835,43.01119338100384,0.3090591009372911
922,39.93073414682063,39.65403728953101,37.61953446428628,36.97242273857165,14.110129004793919,39.14344327640508,43.02132515619354,0.30905910093729094
923,39.924631773485345,39.788388765942685,38.21068688122921,37.79892719612129,23.814757069387092,39.22203502553245,43.00539458070684,0.3080762807221497
924,39.92792520663323,39.82076300441053,38.1840778241851,37.982976193192215,-0.5083636980260877,39.47103775539913,42.96493547450579,0.3037010267872557
925,39.984430868544834,39.7874492369108,38.45941234525408,37.96666190717575,17.175926624086102,39.385291758680395,43.02144113641739,0.30370102678725536
926,39.978683602612314,39.840269814115395,38.273025843280024,37.66581884427419,27.74186456991564,39.37498552382698,43.002511303099304,0.30238277004869896
927,39.98151258305041,39.88065600310548,38.367059928260936,37.618284167692515,28.022191406655118,39.41190782937515,42.99970044637437,0.30181878633239617
928,39.97261203835108,39.891521706413485,38.60081977574133,38.394739878613024,26.609243586831003,39.62685221390947,43.0018958228886,0.30292837845375165
929,39.95666789610572,39.83469422740677,37.884676821444856,37.5302255710629,17.647331961860125,39.172856720102416,42.98595168064324,0.30292837845375187
930,39.982540875369686,39.87333407735586,38.76243107600134,38.25664005920892,29.836965792534095,39.4947053222539,43.011824659907205,0.30292837845375187
931,39.98303969083798,39.877960751615156,38.33246251419105,38.073587758438066,26.933867196973154,39.563645982641745,43.002134731087764,0.3019095040249786
932,39.97355854292101,39.856461109710395,38.672940377737305,38.191339394839666,28.92734864769905,39.44820811932811,42.9926535831708,0.3019095040249787
933,39.975892217555945,39.870796648543866,38.71837099570452,38.07842060236379,19.983484201254264,39.46908140965476,42.99652104760148,0.302062883004554
934,39.963597699486996,39.88642509850105,38.588540346496934,38.477541826181415,27.12731138448227,39.45525685766577,42.984226529532535,0.30206288300455364
935,40.006273989598014,39.86140388143553,38.42838283251835,37.86662311144501,27.412506887907576,39.26291178740063,43.02645613605141,0.302018214645339
936,40.04286441501871,39.911257467003395,38.105176863070504,36.7830026772577,28.096170084938777,39.34693374789027,43.0630465614721,0.3020182146453386
937,40.0314383906568,39.904725709471556,38.11085564685534,37.598953789112464,22.41339613954161,39.29315890585662,43.047351756443796,0.30159133657869963
938,40.03181073733024,39.90266948394005,38.686055743450886,38.4032872537319,30.79404704563287,39.56608500595525,43.04772410311723,0.30159133657869913
939,40.046572223419936,39.91564293029354,38.68354628113807,38.49008658699215,29.60813848463345,39.46327060714124,42.95937572262452,0.2912803499204586
940,40.10207324115025,39.987380330781455,38.233325962020814,37.567243119350245,25.349431412256706,39.402363011549426,43.014876740354836,0.2912803499204585
941,40.073922522092424,39.90501767071903,38.66626960341302,38.11760785094042,27.785869414219214,39.297607122153316,42.98672602129701,0.2912803499204587
942,40.086890161509885,39.99384791105903,38.53864418743545,37.823720136580135,26.412188839498025,39.62633569330016,42.99969366071447,0.29128034992045865
943,40.099451555396875,39.97372498301209,38.196369539061884,37.70269263900803,0.42054152684902846,39.5549824034028,43.01225505460146,0.2912803499204588
944,40.09546827940698,39.97005716442241,38.48261485318293,38.14734817991977,22.59269987057428,39.42901307462608,43.008271778611565,0.2912803499204585
945,40.086760476709344,39.965173150325846,38.63218780700889,37.91357672128358,26.2893019775739,39.376611062558425,42.99956397591392,0.2912803499204581
946,40.0865223014066,39.96288020966315,38.60528992038495,37.78097270329952,27.805125044349097,39.51749165610206,42.99932580061119,0.2912803499204582
947,40.117068126878294,39.9826742139195,38.66288030387426,37.99166096150163,28.644520381453276,39.355884432649034,43.02987162608288,0.29128034992045887
948,40.12224359913381,40.02361050567832,38.51477618445467,37.66355512771543,29.950822488871182,39.49852962899388,42.995452705675554,0.2873209106541746
949,40.113625055793705,39.99597152689468,38.45322287027532,38.0743486517988,28.880453459525768,39.25434709894232,42.98683416233545,0.2873209106541744
950,40.14593027252644,39.954492827810434,38.66866854117426,37.87173267281691,31.739366729866912,39.42066290161665,42.980333451004704,0.2834403178478263
951,40.211680373132886,40.09539994476238,38.75440577658669,38.526679178400855,22.56194955870548,39.7723929724672,43.046083551611154,0.2834403178478266
952,40.21739028462326,40.11710522592224,38.721748100723346,38.07147947920219,26.955348304522417,39.600751484438746,43.05191368954498,0.28345234049217244
953,40.23965665025322,40.05272438432193,38.32744953379338,37.67303795818819,18.65853258213016,39.58358840930828,43.07418005517495,0.28345234049217294
954,40.22682354255922,40.1066497778957,38.91173138229217,38.525457102087586,30.500925822204227,39.66904789415145,43.06134694748094,0.2834523404921725
955,40.20239234531732,40.05501268638231,38.247384140079035,37.81758919670318,26.688122225380944,39.37076854696609,43.03691575023905,0.28345234049217244
956,40.22513604731748,40.015480188357884,38.58531690600748,38.22569190198766,20.783460349499748,39.57041122430897,43.059613116134145,0.28344770688166676
957,40.23061975525251,40.07824982815845,38.42598652872497,37.74662108168555,15.87762451635226,39.31032529812907,43.06509682406918,0.28344770688166676
958,40.23211153769078,40.08014684970113,38.879929038810324,38.274931578307346,29.65377002376926,39.60302832248494,43.03677683275148,0.28046652950607043
959,40.25134025606702,40.13132140764034,38.05361468666873,37.38345186395586,-6.662869170098304,39.57670373638287,43.056005551127726,0.28046652950607065
960,40.25014874495508,40.164019114881434,39.05562747489799,38.495887055249895,31.160156254654606,39.68700213930539,43.054814040015785,0.2804665295060706
961,40.25650876461466,40.11351673025424,38.82193823017506,38.38590553359105,29.6946957411735,39.504186027533564,43.06117405967536,0.28046652950607026
962,40.26240721793286,40.08720311826436,38.636888635637206,38.01562025126227,26.428815134423036,39.65021946635085,43.06707251299356,0.2804665295060702
963,40.26318437371653,40.076471221267795,38.611066917767836,38.02053965795432,27.631355316472977,39.51315809973953,43.067849668777235,0.2804665295060708
964,40.24542323738086,40.05378881004676,38.36464187453467,37.94423819994201,29.02804620615301,39.39190792452395,43.05008853244157,0.28046652950607054
965,40.239619113326626,40.1188332336216,38.91509545560409,38.84738804563813,27.65358407408437,39.80248567515879,43.00942599933436,0.2769806886007734
966,40.2728878524459,40.16280517652225,38.094391137750655,37.82428768485112,-11.135959516355442,39.4704639137381,43.04269473845363,0.2769806886007736
967,40.30455848089922,40.13858998655243,38.69595624280231,37.93161898326766,21.16015547334755,39.65590125243661,43.07436536690695,0.2769806886007736
968,40.272698531049656,40.069887929238334,38.422269456768966,37.48829420877258,26.545442325660716,39.59441744311154,42.99887235072469,0.2726173819675031
969,40.30156816141933,40.1697141147239,38.6460230034386,37.55031064135105,29.10082917721153,39.44904361229043,43.027741981094366,0.2726173819675033
970,40.287462224462715,40.203315245535656,38.932386714187714,38.649187441865806,29.177221828684317,39.85270230069389,42.97311162512552,0.2685649400662803
971,40.315629858146636,40.19406445115172,38.89481127080414,38.4647784645612,30.242413275480143,39.679945700999404,43.03213899774404,0.2716509139597408
972,40.34197380408906,40.19223269041404,39.060254939140336,38.864531965261534,31.550604555480593,39.831940752679444,43.023497469240056,0.26815236651509994
973,40.36975718052814,40.21522402086517,38.9780699729052,38.40233117946472,26.896983313353658,39.67935298046676,42.978894203531304,0.2609137023003162
974,40.41186186676412,40.213291936566876,38.456590123718726,37.789938758969775,21.983042462983043,39.48139245672135,43.020998889767284,0.26091370230031624
975,40.39833403899743,40.23224493274368,38.83163130094022,38.52249539048494,23.673827812563488,39.801319670205395,43.0074710620006,0.26091370230031624
976,40.406793491475185,40.2720739179496,38.909458835124774,38.60450399019314,25.268085704995784,39.85573223780205,43.01593051447835,0.2609137023003161
977,40.3995330942165,40.246484526001176,38.83597540474808,38.241126037523784,14.63097011444124,39.503399295106334,43.00727983463063,0.260774674041413
978,40.42963622235214,40.30314585264014,38.707399808815886,38.127792145481386,26.30742180560715,39.782116552829024,43.037382962766266,0.26077467404141313
979,40.43423526096177,40.31289969421572,38.77974073252177,38.607610438786374,8.61955393485053,39.89019127115502,43.01275536885577,0.2578520107893998
980,40.46263488180902,40.34679705466934,38.9732785704645,38.5151780917569,27.16738237890776,39.83821827621152,43.04115498970302,0.25785201078939973
981,40.4684718584097,40.27844927899999,38.70172609348485,37.96156010070503,27.374486826244265,39.56954458594808,43.04699196630369,0.2578520107893997
982,40.465606328131344,40.311278201364985,38.62363139000363,38.235319057644936,14.763788931112003,39.72872525332755,43.044126436025344,0.2578520107893997
983,40.46303990923295,40.320076547835605,38.91194082452145,38.09547356292679,25.28669397686069,39.585455947625064,43.04156001712694,0.25785201078939957
984,40.47110368330114,40.338626387231145,38.74033088295124,38.506311508257006,23.273538007076247,39.651077847120035,43.04962379119514,0.2578520107893998
985,40.45891351749103,40.31741267746365,39.109038810923764,38.509039413969816,32.16009043971263,39.93205465236574,43.03743362538503,0.2578520107893997
986,40.47753936568598,40.260480734879756,39.04232586027217,38.544628380262225,21.423966585402653,39.72481235115427,43.05605947357997,0.25785201078939957
987,40.45846981754021,40.35298968845887,38.59889596920526,38.076087912944715,26.135400717721268,39.7510955666493,43.036989925434206,0.25785201078939946
988,40.475450537956384,40.36224927961635,39.062382383535095,38.48970121507077,16.454714933264597,39.94090177111286,43.053970645850384,0.25785201078939984
989,40.466135104661916,40.29692150508855,38.46464477664385,37.77925286723892,22.12489131029156,39.57130024776255,43.04465521255592,0.25785201078939973
990,40.48654893910802,40.35372614763391,38.93420518932764,38.16878858678329,26.206156305263136,39.88635595982491,43.06199683320664,0.2575447894098625
991,40.45659375847945,40.35764637871988,39.13027197202227,38.65236802730884,28.129623067210126,39.915180659682264,43.03204165257807,0.25754478940986225
992,40.45861966013787,40.313579968614015,38.660978878260615,37.42521902759892,25.797386747692542,39.424061781765424,42.98137770024968,0.252275804011181
993,40.48589322857161,40.37403831206281,38.869602441472985,38.5003187601364,27.948741055452324,39.757606900525516,43.00865126868342,0.252275804011181
994,40.51049156684998,40.38651670755531,38.821512846457615,38.381993409015834,26.159739162539005,39.77440179235032,43.000181390589354,0.24896898237393794
995,40.53117340659855,40.37497401425333,38.83288355547554,39.06233026541104,-13.32785074968141,39.895366931820746,42.97446736013127,0.24432939535327247
996,40.563461874411956,40.4078912501929,38.834929662770584,38.720239551923584,22.004643788055528,39.92422807102977,42.91603511846516,0.23525732440532046
997,40.58595792450041,40.42056500981896,38.934699632583936,38.48495338854181,23.36492344516497,39.81803271578519,42.93853116855362,0.23525732440532046
998,40.5764555609972,40.453637448159085,38.90815091122469,38.334405320554815,24.862558613909105,40.01012828262916,42.92902880505041,0.2352573244053203
999,40.61415440068827,40.38264981771969,39.07362045231147,38.6361472723992,26.51787322598399,39.754531377605765,43.00060557484059,0.23864511741523234
1000,40.612580753914635,40.47951556065811,39.26643002434874,38.88120124532179,31.189120737408285,40.096890386919,42.998516174069444,0.23859354201548083
1001,40.59187812087189,40.50319086731838,39.20948463772544,38.508316144056565,30.265139446292274,40.1131923921735,42.98825266171643,0.23963745408445372
1002,40.58473504644358,40.5033632475545,39.04967225381845,38.876061745255434,25.731534735613533,39.98769284266249,42.988143001246804,0.24034079548032197
1003,40.59125891168074,40.45651617565204,39.33632641566628,38.68750443913623,34.017797863062285,39.88904570340001,42.99466686648396,0.24034079548032217
1004,40.57597038807214,40.340427638028295,38.698269977331954,38.48802820385924,10.213701929026385,39.83181966459334,42.979378342875364,0.24034079548032214
1005,40.57975970253579,40.496243149541925,39.131446405700416,38.94385593715846,26.282637109166433,40.10794371853341,42.955101193923014,0.23753414913872264
1006,40.62085743383106,40.524515177461915,39.19634027269034,38.69894227723368,28.270067751974615,40.0534501078068,42.98838054025686,0.23675231064257998
1007,40.6180871497951,40.52289612639191,38.56673927723496,38.32894015308631,8.829097281322944,40.10055292764766,42.9856102562209,0.23675231064257993
1008,40.633825669216215,40.47146813995501,38.45145740116385,37.660654117044295,-10.448628385170188,39.73186634419605,42.99288149120722,0.23590558219910088
1009,40.661043360063815,40.5667789585928,39.436732497753,39.330291837417626,29.004484360794883,40.2984773526902,43.02009918205483,0.23590558219910104
1010,40.644545193538235,40.41994084572043,39.034209134083426,38.22437281522897,22.89343168582068,40.002195982131454,43.00360101552924,0.23590558219910085
1011,40.67021284025627,40.536531548232055,38.851090294286514,37.557624896138414,29.659670657497866,39.74759088399737,43.029268662247276,0.23590558219910088
1012,40.65315786895142,40.553838466337346,39.13971356253812,38.587789301327284,23.09301593192151,40.06163977765818,43.01305752542971,0.23598996564782934
1013,40.67016993615981,40.48615433975434,38.89225358994272,38.579022940744984,20.138342607717515,40.000983515573594,43.007538113807556,0.23373681776477473
1014,40.681889916684135,40.530382810872446,38.5308334796462,37.76522780344146,8.639035697717823,39.73343758435931,43.016627826339985,0.23347379096558515
1015,40.69094019429814,40.53027849762141,38.96327159149764,38.176205908697376,28.65100546349963,39.77971022178502,43.02567810395399,0.23347379096558527
1016,40.68268590920785,40.57390339742318,39.073625987261224,38.56846957347843,21.676363658637342,39.88882467944573,43.00398118234897,0.23212952731411282
1017,40.710204966194404,40.568571414032824,38.85606624097802,38.49770838408738,-11.113109904196627,40.122083302819746,43.031500239335536,0.2321295273141131
1018,40.68320513137381,40.52065615063415,38.75204335604799,37.71078607678564,20.214536425454554,39.921276180252335,43.02482881155655,0.2341623680182741
1019,40.68965998535184,40.51750207408732,39.05265595445921,38.6072011822505,22.42085988996657,39.96143232803429,43.03128366553458,0.23416236801827417
1020,40.68983506015902,40.55278302039792,38.99831847605985,38.29533438684071,23.220272417102766,40.03796356173805,43.03145874034176,0.23416236801827406
1021,40.68425206648505,40.53408133150148,39.12353223053453,39.11585806371481,22.485240808845067,40.118076363449504,43.02587574666779,0.23416236801827423
1022,40.684151653614215,40.5301143073408,38.77140100230901,37.91321132589095,22.49617527090622,39.744775302029495,43.02577533379696,0.2341623680182741
1023,40.686236103090735,40.59127080288762,39.49463368024674,39.011195039902944,29.78953689247658,40.15269118880073,43.02866455745791,0.23424284543671747
1024,40.67436466055055,40.56296818939606,38.769594572503145,37.876125376717546,24.55926834253007,39.928349051607796,43.016793114917725,0.23424284543671767
1025,40.655784173042,40.54111561284711,39.22766831909938,38.80780573086328,28.72115901485142,39.86938196034497,42.99221711455564,0.2336432941513643
1026,40.68053170623288,40.598563491724555,39.01374530799373,38.8465597615054,-4.107656606947053,40.13992524123853,43.02285884871168,0.23423271424788006
1027,40.711698446563645,40.56171666545439,39.338209395959055,38.936232289061024,29.908680464010065,40.11997297147586,43.04388706885876,0.23321886222951155
1028,40.67444673570989,40.56461568674385,38.93694297019405,38.28130560523334,25.00069756959187,39.99126460916713,43.006635358005006,0.2332188622295116
1029,40.690285566238096,40.58739378438286,39.346537052501716,38.958228373312515,26.67983232813085,40.16783285111694,43.00477365439152,0.23144880881534227
1030,40.71211594853803,40.5268528494037,38.94563299320138,38.428907771558855,30.319202156109437,39.92162323560227,42.984888731229,0.22727727826909724
1031,40.74367756328365,40.56114957723152,39.16633283907576,39.01767526585312,28.270636277247085,40.08029423647548,43.01645034597462,0.2272772782690971
1032,40.75583888965226,40.653203245738624,39.41284094114211,38.969535596368004,30.03216854478199,40.32515917364033,43.02861167234323,0.22727727826909708
1033,40.73947974042562,40.654021693449536,39.23743942174218,38.40398986974362,26.155286568090244,40.04777068486298,43.012252523116594,0.2272772782690973
1034,40.77054754641275,40.650677844820734,39.37730772393535,38.47489882014678,31.748123848112904,40.19924963371605,43.04332032910372,0.22727727826909738
1035,40.75579002758175,40.60521929214339,39.06126134192678,38.71953599042216,21.972532813961575,40.1534235661115,43.028562810272724,0.22727727826909708
1036,40.758927916853835,40.521051189068835,39.01356056762305,38.10384014017949,31.293581552876013,39.70240432221646,43.038272373354864,0.22793444565010304
1037,40.755673753651365,40.591611854350916,39.44564963543344,38.63803373834487,25.969549013101318,40.17975066428169,43.035018210152394,0.22793444565010296
1038,40.74581582433156,40.61771778371054,39.306176428559645,38.80283544692993,30.45016087172782,40.04319404856608,43.02516028083259,0.22793444565010287
1039,40.77450597319308,40.62337884048104,39.437549321106715,39.0898890757355,30.252272984348,40.13391053709478,43.15771063636867,0.23832046631755888
1040,40.78332196810281,40.66778647824031,39.12698047888433,38.409934108553784,24.539810237483596,39.93485682168007,43.16433886965445,0.23810169015516386
1041,40.816986393763344,40.742068245490316,39.24280611437727,38.66526668097059,26.515390870439926,40.24165144889932,43.19800329531498,0.23810169015516408
1042,40.80694649187973,40.734147204581696,39.33834997202415,39.03888495643812,25.035606425010304,40.38479891287092,43.18796339343137,0.23810169015516397
1043,40.8017893412509,40.68072118760618,39.698674823981335,39.290579760738666,32.402216411728084,40.22101729106314,43.18280624280254,0.238101690155164
1044,40.78897202358229,40.67428849690624,39.14897352934827,38.64714146274121,24.544270353910573,40.13782665054518,43.16998892513393,0.238101690155164
1045,40.80474949384541,40.581619371469856,39.510736036190494,38.8899018789556,32.17698886003474,39.89754757565734,43.21012497586992,0.2405375482024509
1046,40.76740926194706,40.65435819001126,39.27135219598705,38.29132399319451,31.04273293175627,40.031778251953384,43.17278474397157,0.24053754820245085
1047,40.788722031107966,40.579985512541406,39.32408265594664,38.820703018948315,24.990430243436105,40.08124976584369,43.18808020231367,0.23993581712057083
1048,40.810531486030015,40.654932804488865,39.2383163088702,38.568846169846715,30.508464774005553,40.14240145770504,43.20988965723572,0.2399358171205706
1049,40.82048306948032,40.625181294138166,38.77482646536347,38.50844434947071,15.529618182936613,39.88296330320277,43.21984124068602,0.23993581712057083
1050,40.79807923942255,40.695423964243226,39.36444642434018,38.96231696630693,25.01361413413082,40.36930060298457,43.197437410628254,0.23993581712057066
1051,40.80712788174952,40.65307032485676,39.55706456865536,39.369047496617235,29.151571768406235,40.169430499307325,43.20648605295523,0.23993581712057074
1052,40.78034038476423,40.687100492304005,38.779096890351255,38.140927277184645,-1.5097031091183766,40.0515905820494,43.179698555969935,0.23993581712057058
1053,40.795545368293595,40.632044102491925,39.00401636510824,38.65049306393949,6.888202692531451,40.061897240946266,43.1949035394993,0.2399358171205708
1054,40.787873128285014,40.64703791608601,39.24273605213446,38.72863747385283,28.075864706598956,40.15352471515091,43.18578917561186,0.23979160473268418
1055,40.789137525821104,40.625839560586215,38.70075612540317,38.12927541616175,16.129404727209625,39.95690634986495,43.188916327450734,0.23997788016296265
1056,40.78538329413988,40.637006350822205,38.68810034883803,38.49667414700501,20.612611725089806,40.15499869178478,43.18516209576951,0.23997788016296273
1057,40.80147104547936,40.70569180293856,39.15081973467521,38.76516991113026,28.38767773137506,40.28973171654501,43.20124984710899,0.23997788016296268
1058,40.804301388990226,40.70113124165202,38.52096033717712,37.91467051403745,-10.624523078360575,39.93996796158897,43.204080190619855,0.23997788016296273
1059,40.7983204334554,40.46325057597737,39.06654066248832,38.35865389735889,30.733637849839507,39.95254947455087,43.19809923508503,0.23997788016296262
1060,40.804176755947694,40.562559390976745,38.78358485359232,38.764604313531976,-9.595272756469733,40.00570146716228,43.19138738815527,0.23872106322075778
1061,40.80516055837924,40.67555294281862,39.12039767546141,38.312622511986234,22.039498619228276,40.17333260128565,43.19237119058682,0.23872106322075756
1062,40.80387006266187,40.706382689558865,38.866869438149244,37.82800453956467,30.659953445104918,39.59078967085233,43.19108069486945,0.23872106322075762
1063,40.798374565804494,40.62113266591588,38.86323145926582,38.46048631170274,-11.227735015724377,39.90937287110489,43.18558519801207,0.23872106322075753
1064,40.81604681688093,40.61697924612279,39.142194885553884,38.53818011218421,26.62263400865104,39.83342328324093,43.17163467248682,0.23555878556058907
1065,40.807258489654934,40.67890448392504,39.20363666501945,39.05474469460567,28.802913188581925,40.286002958480054,43.162846345260824,0.23555878556058932
1066,40.83842425560954,40.720374365044215,39.32192584587243,38.54198128245408,29.81461645257044,40.15021767966178,43.19401211121543,0.23555878556058935
1067,40.83512663871158,40.65067716093166,39.056545059807135,38.615406644010946,18.416749727976992,39.93166200837972,43.19071449431747,0.23555878556058926
1068,40.84232010747259,40.687175787128396,39.08756928988949,38.775116131163436,18.40991930436112,40.17297250161111,43.19790796307848,0.2355587855605893
1069,40.86602829596263,40.706748597646246,38.61462709205648,38.30410173223612,-6.104182158727305,39.9585478895103,43.22161615156852,0.23555878556058915
1070,40.836688248082694,40.654386175406245,39.03048679658606,38.54844017691002,26.06273399267659,40.12266839264424,43.18490819130532,0.23482199432226242
1071,40.84912900289082,40.66996673435985,39.285333952431586,38.77242985932972,27.56389838131043,40.13251849121013,43.19734894611344,0.23482199432226222
1072,40.845694421323905,40.673488048875,39.316138801308625,39.04784130769703,25.270523843685712,40.1404754534516,43.19391436454653,0.2348219943222623
1073,40.849245504943404,40.68155570853855,38.40496792033912,38.22107953553076,-32.69135273766392,40.000678545304886,43.200095716157925,0.23508502112145194
1074,40.83347701046157,40.63999721725885,38.89393377963106,37.95349004559099,28.392064097321118,40.06093397017439,43.18432722167609,0.23508502112145194
1075,40.81883719201389,40.572585836412834,38.6093471596966,38.79291022811802,0.24316305533449878,39.93288227323687,43.16968740322841,0.23508502112145196
1076,40.84031942654741,40.713418199723854,39.503040967373096,38.835076440732294,31.535144448677578,40.215103372771765,43.19116963776193,0.23508502112145183
1077,40.85232094840546,40.68996774624063,39.2807480881746,38.844764100761466,21.878679387898575,40.078264216734595,43.203171159619984,0.23508502112145196
1078,40.82534738608399,40.74634825603698,38.99992261334365,38.18606856465668,23.365043569709,39.9284062403312,43.17619759729851,0.23508502112145183
1079,40.831339761327754,40.74481581261367,39.563463073817694,39.428720618738,31.247877207268598,40.30713181050618,43.182189972542275,0.23508502112145194
1080,40.844284202002456,40.72813702478626,39.31691129611405,38.37653737709204,30.125410288895814,40.05065848788869,43.19513441321697,0.23508502112145174
1081,40.837869918545096,40.52857409565135,39.03268132974208,38.26407345744617,23.564703071420848,40.07355531334822,43.188720129759616,0.23508502112145185
1082,40.84637652407183,40.66023046090147,39.010482027899116,38.37158100927518,26.42576554448756,39.99076599912594,43.19722673528635,0.2350850211214519
1083,40.8337371449028,40.603175422620915,38.64032759908324,37.955769234963476,6.9152847562093385,39.96611040155724,43.15975602506436,0.23260188801615625
1084,40.85850901387194,40.70273144604961,39.19454682367981,38.10759032353907,30.876363066861295,40.226663560324155,43.1845278940335,0.23260188801615608
1085,40.853066661234784,40.72113599175267,39.32075187679733,38.53726993335076,31.43655215884,40.06681978945038,43.17908554139635,0.2326018880161563
1086,40.850072786776934,40.71703855728405,39.464220677162096,38.856690350777185,30.521435997847423,40.11335335043958,43.1760916669385,0.23260188801615636
1087,40.854411801245675,40.668851483165646,38.94082006556818,38.218649667226735,22.62359448011484,39.891122697104464,43.197359291053104,0.23429474898074296
1088,40.849197630928074,40.749982674694806,39.41897996053994,38.74864977974981,31.108020891207385,40.114357594170215,43.19182889296949,0.23426312620414125
1089,40.852997067087344,40.70459526151001,39.04359534773273,38.707320638801775,7.618038403926292,40.15600762033124,43.196960506369514,0.2343963439282173
1090,40.841204433376404,40.72794291271899,39.391483553171,39.0249430204704,26.700097759082624,40.347693668540174,43.185167872658575,0.23439634392821737
1091,40.844667563460284,40.709150043759266,39.49646870779266,39.08083407750774,29.690257372646453,40.32866382699932,43.188631002742454,0.23439634392821732
1092,40.827497112165474,40.670297860030864,39.22817326546125,38.539181960422795,25.036855871765983,39.99352795334274,43.171460551447645,0.2343963439282173
1093,40.84132444888002,40.75075488842277,38.777257009211695,38.701459132159876,-10.581736969666956,40.108415784166134,43.18528788816219,0.2343963439282172
1094,40.84396101829457,40.63400546192159,39.306561033089544,38.77631361341128,26.426927732100737,39.88291451139497,43.18792445757675,0.23439634392821745
1095,40.83460217590853,40.681644821660505,39.06760150203447,38.71938897878286,21.127547174003073,40.24094245232112,43.178565615190706,0.2343963439282174
1096,40.834124389264154,40.61337250036073,39.22162063012081,38.39491526579067,29.17321373614795,40.00659832063304,43.178087828546325,0.23439634392821723
1097,40.833508103175156,40.68209238876081,38.86283275750081,38.77254642331665,-1.4292274705108525,40.152535754996016,43.18213589033835,0.23486277871631972
1098,40.839661423275096,40.73252714260599,39.53575141492101,39.38528060561962,25.612962881284638,40.30755600167187,43.18854625001657,0.23488848267414758
1099,40.83802301049948,40.67174237200635,39.313046451747944,38.905861090800926,27.485709341090534,40.07748305353981,43.190868220523406,0.23528452100239275
1100,40.834551706318656,40.712330719825836,39.355963522699255,38.77450108328148,29.89841353727346,40.299370389482746,43.187396916342585,0.2352845210023929
1101,40.844234689473716,40.68219937328015,39.37962509906614,38.72660869339474,31.223996286306622,40.10477616051391,43.197079899497645,0.23528452100239278
1102,40.835298222522546,40.68809703642723,38.891540559988435,37.76873591430408,17.191108813918888,40.03493031407582,43.188143432546475,0.23528452100239267
1103,40.83856796619025,40.69487186533547,39.06834512760718,38.17945539381717,22.955684742846355,40.0428861411048,43.17176413394605,0.23331961677557989
1104,40.86069552656327,40.642221162090756,38.91475862376941,38.01597198883616,28.19186802924652,39.83337252309342,43.19389169431907,0.23331961677557983
1105,40.85401563798483,40.756967914738695,39.101772402756055,38.29318755625527,28.701608048502294,40.268110638373194,43.18721180574063,0.2333196167755799
1106,40.84893302982342,40.76152403300997,39.45686573887894,39.08847538188805,31.455201633588395,40.176623551653975,43.18212919757922,0.2333196167755798
1107,40.858020781875844,40.715556214045975,38.92124115025613,37.78354647861564,27.593894481265746,40.10388052582273,43.191216949631645,0.23331961677557989
1108,40.84503205921102,40.718273122607634,39.14022402122302,38.534695498344234,21.920054214167397,40.14099600861461,43.17822822696682,0.2333196167755799
1109,40.86353722398269,40.73484422080888,39.369969614054185,38.921645127874605,26.382990759340938,40.15193784736738,43.19673339173849,0.23331961677558002
1110,40.861186339417436,40.731068764432585,39.5309957137565,38.959614296479835,25.828321484731642,40.10543450556021,43.184193762885506,0.2323007423468071
1111,40.873877813040515,40.76203713956688,39.514073779740016,39.07216223200387,28.069587500582497,40.29796589610349,43.18867561592402,0.23147978028835062
1112,40.85807275727911,40.73007675522411,39.24117122486925,38.806613517331655,16.358327655011472,40.175472432871494,43.172870560162615,0.23147978028835073
1113,40.87080661876692,40.62493195932125,38.44428197458426,38.078932965962814,7.959864493491061,40.006568369169,43.185604421650424,0.2314797802883507
1114,40.86125086190726,40.77322286427026,39.260389406841576,38.90060203624218,21.43257971567123,40.187034799809894,43.178831020845685,0.23175801589384246
1115,40.866435706017505,40.74258230771819,39.549512085990045,38.97581781988291,29.39107700192551,40.28494349379063,43.18401586495593,0.23175801589384243
1116,40.88619134379332,40.64372492951865,39.2684450784299,38.69785400475803,31.485044148030198,39.99718731322389,43.20377150273175,0.23175801589384246
1117,40.88277732737848,40.74051814970199,39.15952944364447,38.07161663698557,27.959694854582274,40.06713407895779,43.2003574863169,0.2317580158938425
1118,40.87436553027168,40.760361134380844,39.02641786650885,38.33488572748611,24.548617193333456,40.20448167068318,43.19194568921011,0.23175801589384232
1119,40.868735138153546,40.76683614911609,39.07675114221441,38.20314287676572,25.16194698212885,40.14205409526457,43.16038089868439,0.22916457605308416
1120,40.896209727901194,40.76039751164397,39.469765305487535,38.85288435103136,30.76290601214406,40.33443306130858,43.182548302946145,0.2286338575044954
1121,40.904354219973825,40.797708580272165,39.17559904009259,38.677928352803775,29.902596010074365,40.34919955719494,43.190692795018784,0.22863385750449552
1122,40.90741570622888,40.737431153233906,39.06171707744778,38.30412459546088,21.85583085009612,40.16713375664709,43.20072948108445,0.22933137748555707
1123,40.917686625488116,40.73925150155003,39.35103964608123,38.940986698304286,25.824058818478875,40.30343712639969,43.19998241385894,0.22822957883708211
1124,40.90865867149286,40.78010420656268,38.99541471050188,38.11837833175806,24.428309333457854,40.21437564426469,43.19095445986368,0.22822957883708211
1125,40.92146118226273,40.75404317689952,39.15811433026208,38.45727724141365,29.659960392734803,40.0321402811627,43.20375697063355,0.22822957883708203
1126,40.915892087663025,40.809881059312296,39.57743227685944,39.29618226456097,28.665674584301208,40.296694176267785,43.19818787603384,0.22822957883708203
1127,40.908599176345476,40.71863615438592,39.4282668218009,38.959996778659985,29.55120384668331,40.27501349810333,43.1908949647163,0.22822957883708211
1128,40.911334738512046,40.68703559715978,39.102657740367206,38.15293359252093,28.25580532372809,40.18462932577897,43.19363052688287,0.2282295788370823
1129,40.89017059481751,40.720757372162446,39.34243320005809,39.00359513887954,24.90954927989602,40.203442446069914,43.172466383188336,0.2282295788370821
1130,40.91472596807138,40.818613483844985,39.0776649009448,38.78599484370724,10.868816215511245,40.33098617365529,43.1970217564422,0.22822957883708203
1131,40.90545404112662,40.73289741947721,39.62221821553885,39.23686664788914,29.914915168625857,40.3183699629605,43.18774982949744,0.22822957883708214
1132,40.9066105503937,40.81383162084057,39.46987759099983,38.80772467059981,24.21657170204869,40.33776254167363,43.188906338764525,0.22822957883708228
1133,40.93704878283861,40.80140834505534,39.43873373341393,39.05419367144086,29.50397651361307,40.24314696780523,43.10640483835114,0.21693560555125324
1134,40.98574300034474,40.85714478883459,39.626042864726365,39.44034817950869,22.64973906388013,40.437369102504846,43.15509905585727,0.216935605551253
1135,40.94907640972839,40.779576055411034,38.77808725475055,38.12540380482037,8.820881870777427,40.138341666187465,43.11843246524092,0.21693560555125307
1136,40.96677394832377,40.82996901849989,39.47206713458366,39.04151980249161,28.231759990377896,40.297106730294,43.1361300038363,0.21693560555125302
1137,40.9640767471766,40.88407640975008,39.570937187075444,39.31962723548646,31.198156498911864,40.460152135928,43.13343280268913,0.21693560555125313
1138,40.99182291946697,40.81782678801969,38.79081619782841,38.38784916043814,22.689798003900254,39.93386758042925,43.19484494677272,0.22030220273057524
1139,41.02460955699125,40.919829035195775,39.27718231557594,38.49193266478071,27.5933511537161,40.17177096358691,43.227631584297,0.2203022027305751
1140,41.04064243441717,40.96479611907018,39.6093915286176,39.04806150151203,30.15559418163874,40.48863333159801,43.24366446172292,0.22030220273057513
1141,41.028424441075806,40.8673616502209,39.30771910356109,39.03968309352986,23.179363641511337,40.129842418387796,43.231446468381556,0.22030220273057502
1142,41.02507234902546,40.956282054694114,39.72982915983469,39.366239118949835,30.04269350098209,40.60471957745631,43.22809437633121,0.22030220273057508
1143,41.03742654510935,40.75381393511908,39.21181678768424,38.813389938631175,22.150048571925936,40.34743019963125,43.2404485724151,0.22030220273057508
1144,41.04876485504706,40.90173242721111,39.60985257261498,38.93857821895347,32.91130354732975,40.443486622891186,43.218851602488385,0.21700867474413232
1145,41.07158860799407,40.86282874983893,39.27986392678975,38.332401746035785,30.15544347025337,40.19214133240811,43.22806125516971,0.21564726471756382
1146,41.0705686906697,40.98487631381428,39.506267501696584,38.909344894495966,27.809382934471195,40.646586784976066,43.21025329766412,0.21396846069944128
1147,41.06985316596507,40.87336831765923,39.37820132030711,38.72663443046589,28.87236333790152,40.296741539202316,43.209537772959486,0.21396846069944123
1148,41.09789489832007,40.88332417646178,39.25566061592696,38.44293039119116,27.324365298058844,40.06578946549319,43.237579505314486,0.21396846069944128
1149,41.09553444928877,40.944227834158944,39.4547179145776,39.09236167517932,27.80409311644065,40.17873075341075,43.235219056283185,0.21396846069944114
1150,41.09758202468162,40.9376362755157,39.24663413787743,39.16165428355413,11.336347376224644,40.40953550797542,43.237266631676036,0.21396846069944117
1151,41.100222510065315,40.98159783152345,39.555913763686526,39.140914127617464,28.53220630916426,40.55633593465478,43.23990711705973,0.2139684606994412
1152,41.100610293711895,41.00771071452621,39.775253096862585,39.22309156160383,31.06072163330296,40.39404811508987,43.24029490070631,0.2139684606994412
1153,41.10014516721974,40.94790873501705,38.420591248730304,38.07475436134829,-5.765161376266811,40.142785432313374,43.23982977421416,0.21396846069944123
1154,41.1160833748454,40.970916203105205,39.31794587066141,38.87644802356566,18.759442244521345,40.578213217717604,43.25576798183981,0.21396846069944112
1155,41.1103849090993,40.83010985159506,39.40647268733767,39.09579926895423,24.247348772785188,40.27287488051881,43.25006951609372,0.21396846069944114
1156,41.100692633839316,40.93746440867075,39.01156087074944,38.31694074130111,15.764934294203925,40.19217834322576,43.24037724083372,0.21396846069944103
1157,41.087858206736406,40.99581058728988,39.69901267312904,39.43760399199862,26.44148381676618,40.46253242522751,43.22754281373082,0.2139684606994412
1158,41.100614105646834,40.91792565284081,39.2587797155255,38.974378389365825,22.264021173969404,40.17786029942765,43.24029871264125,0.21396846069944125
1159,41.06955020640611,40.928537600809015,39.288198019687805,38.14271720783564,29.225105259545778,40.13235299857992,43.20923481340053,0.21396846069944117
1160,41.10728451466169,40.96808859923129,39.51263708440698,39.134003060521266,30.83263537536459,40.2640505406405,43.24696912165611,0.21396846069944125
1161,41.082043118428075,40.88087548021728,39.49099634526359,38.71263802209149,31.670094262713988,40.24643784642468,43.22172772542248,0.21396846069944106
1162,41.097121598975235,40.786058880579354,39.32365303970995,38.96805603350596,28.735796660807807,40.18883303149129,43.23680620596965,0.21396846069944117
1163,41.08314996232717,40.92317680022756,39.17812691778631,38.753990281339654,27.84705554775524,40.282416361132086,43.22283456932158,0.21396846069944112
1164,41.10539188268342,40.92313405309057,39.40061587412819,37.96109862018356,31.125971529348895,40.42489067485363,43.20971412362108,0.21043222409376602
1165,41.16346683401912,40.99780155061313,39.183530112330175,38.15428929664809,27.195736708023343,40.27327884292916,43.26778907495678,0.21043222409376588
1166,41.16946513468773,41.003928365138016,39.6927299543977,39.18984175440316,27.74029049065898,40.56677232712292,43.27378737562539,0.210432224093766
1167,41.16086014426439,41.02510104456863,39.41168696180038,39.068134183893825,26.640690021618028,40.5312409687464,43.26518238520205,0.210432224093766
1168,41.147958441324626,41.025728016663855,39.43026219329623,39.612658485632494,11.185422727373581,40.396849386067665,43.2681393535607,0.212018091223607
1169,41.13019594346507,40.93513820419436,39.0774841125527,38.09529904747595,26.70762276121494,40.132502559028346,43.27110400711774,0.2140908063652671
1170,41.12800757316383,40.99973390351442,39.572189349974295,39.01686475572487,23.5182106526271,40.52027151398439,43.26579070286431,0.2137783129700481
1171,41.122077020854604,41.03184973836099,39.3860454060168,39.00232249559468,-5.773234393674912,40.419051779455415,43.259860150555085,0.21377831297004812
1172,41.105063234885726,40.878789572003626,39.42019640042517,38.95216357147375,29.07775865645843,40.44612841861539,43.24284636458621,0.21377831297004807
1173,41.10276655323692,40.97112867376824,39.27147473986543,38.64437319307534,23.884820678319116,40.137637401882856,43.2405496829374,0.21377831297004812
1174,41.130475983605756,41.01425707494931,39.0461214767307,38.31771304987006,20.983725263181732,40.398803418072205,43.268259113306236,0.21377831297004798
1175,41.11759298139847,41.01458403521655,39.434709457870206,38.781715852148295,29.568639277996976,40.55242857591057,43.25537611109895,0.21377831297004815
1176,41.12383161234326,40.97477798062693,39.502334722478395,38.64344283382132,29.77089329062234,40.117110016221105,43.26161474204374,0.2137783129700479
1177,41.1423937057263,40.931157240472984,39.33185430189209,38.76605654731556,30.914520031923097,40.29967222599193,43.28017683542678,0.21377831297004807
1178,41.12703771917572,40.88766737314904,39.57748518199119,38.92689337632288,29.47464490419621,40.33893270026175,43.2648208488762,0.21377831297004807
1179,41.10617229754787,40.963864776235724,39.28674820597931,38.383190465920045,26.651336895279478,40.153953226096206,43.24395542724835,0.21377831297004798
1180,41.135359788556364,40.94036411325358,39.375087786835465,39.11608116030848,28.312077957555786,40.358691000646985,43.24271026854325,0.21073504799868858
1181,41.13029586965055,40.992732856787136,39.05404063169738,38.91307971152135,21.8453185233733,40.40719444140359,43.23764634963744,0.21073504799868847
1182,41.18295361212699,40.97843015219143,40.005680807675304,39.69535780946671,33.030140069551024,40.656643967544994,43.29030409211387,0.2107350479986885
1183,41.13876601217115,40.97321849810045,39.393020298929386,38.51602233969579,26.73429227201688,40.2675369946715,43.24611649215804,0.21073504799868853
1184,41.15089744649442,40.969368396239624,39.44322731052693,39.40312150464376,28.021017523861467,40.47216281545997,43.2582479264813,0.2107350479986885
1185,41.14465337975594,41.014523304792746,39.78163735142763,39.4979825158067,31.544528655785797,40.52535122706039,43.24638044649092,0.2101727066734983
1186,41.134791615379385,41.00054423650189,39.200164165554874,38.68051752032965,22.236975236390727,40.219461547308406,43.236518682114365,0.21017270667349827
1187,41.156878262497,41.000171658781085,38.839691758538656,38.334272673533995,8.538058475011653,40.13348891109881,43.25860532923198,0.21017270667349824
1188,41.15189855168714,41.01599195311302,39.49575124270936,38.9006866387523,31.04405034941844,40.43754182727018,43.25362561842212,0.21017270667349805
1189,41.15917258099218,41.0103818271233,39.30550117401816,38.99040378703686,22.339311243626994,40.430992175953605,43.209194983246476,0.20500224022543
1190,41.1707386245399,41.004222371123056,39.36325757762908,38.81582340801234,25.04576460797739,40.510212626250855,43.2207610267942,0.20500224022543004
1191,41.16151678016368,41.03441887325458,39.335052122203095,38.7582803598485,24.353581467156484,40.2703255414563,43.21153918241798,0.20500224022542982
1192,41.183380634242894,41.042684244222414,39.49201131967579,39.27272470223983,25.773681419322106,40.526780468745045,43.233403036497194,0.20500224022542982
1193,41.17375611969693,41.050023556912954,39.51638791343749,38.7337417418282,30.377592862427683,40.41943472636288,43.195972057229866,0.2022215937532937
1194,41.202609680818554,41.105723444223024,39.77030848040603,39.34873389579259,30.17287182558121,40.726200178188435,43.229658255379775,0.2027048574561219
1195,41.2064567605732,41.042325579196465,39.55385722148778,38.8627426214985,29.62854222601205,40.45737414936255,43.23350533513442,0.20270485745612196
1196,41.20569866734862,41.108500637488,39.99662135925471,39.560697173132574,32.38415707390471,40.67781224121381,43.20888916461873,0.20031904972701123
1197,41.21122074804713,41.10674845573959,39.69567043017778,39.58483554899336,21.223721594293046,40.60781648129149,43.214411245317244,0.20031904972701106
1198,41.19979851998507,40.98629148049853,39.614084856064444,38.91705363219893,29.835426631654514,40.591169936434255,43.19280027296745,0.19930017529823812
1199,41.22167451914466,41.108803383029816,39.70121792264745,39.110126742384864,26.24259029410324,40.424148454640225,43.21467627212704,0.19930017529823826
1200,41.22480387179453,41.010848413585975,39.50295503368799,38.603739134711525,23.24661962719412,40.38413164050324,43.18689079395961,0.19620869221650827
1201,41.25659287649429,41.1237396881197,39.65212883328811,39.87430985861583,9.432052493298663,40.73531454170868,43.21753164503787,0.1960938768543586
1202,41.250800767747236,41.16875090201129,39.50192551105955,39.52207020825896,3.9399463260610403,40.64716349171186,43.21173953629082,0.19609387685435867
1203,41.25111961167723,41.14666707588776,39.5334366158574,38.98758545666258,26.346244389015432,40.628829222687564,43.21205838022082,0.1960938768543585
1204,41.25709763884468,41.110169241947666,39.77245317625351,39.56268169679584,26.946042749113357,40.500109807262675,43.21803640738826,0.19609387685435858
1205,41.247357745794716,41.138731396029215,39.73800356720725,38.94039540021463,26.92614659249142,40.56053297026891,43.2082965143383,0.19609387685435853
1206,41.23825818615045,41.16351377865107,39.763155332013135,39.84272237101166,22.40448338015436,40.76357248457301,43.196686913145605,0.19584287269951495
1207,41.25656870528528,41.088019956112525,39.88346089727318,39.17647398596039,32.18322148303111,40.70482496279151,43.20032571586125,0.19437570105759674
1208,41.29712887291569,41.13565863339169,39.70719325193809,38.75837176131736,30.362814677860833,40.63272509436186,43.27239497455156,0.19752661016358658
1209,41.35283703670159,41.15047699142732,39.36287341931238,39.400700213305576,12.955484821911092,40.5654479474764,43.325767465874684,0.1972930429173097
1210,41.370487449822704,41.278924795124155,39.86559755329198,39.594575816898136,25.54307771007356,40.758840877959585,43.3434178789958,0.19729304291730984
1211,41.36225471903834,41.18124005145925,40.098855716354514,39.62947280334633,24.7340788236685,40.68802876478864,43.33518514821144,0.1972930429173099
1212,41.373339173414124,41.249603442402396,40.172823216282204,39.69566709211379,34.852422558802246,40.86271732445345,43.3395087728333,0.19661695994191772
1213,41.3907599143011,41.25035342896064,39.71671547477841,38.99693526500645,27.427291162881733,40.707764218876335,43.356929513720274,0.19661695994191772
1214,41.37261844946901,41.27135283900975,39.583248376311175,39.236901162947674,27.905378838934062,40.79773761530218,43.33878804888819,0.19661695994191783
1215,41.37764744105437,41.279659302539066,39.51652821867046,39.44445784138135,23.68555172263537,40.720615412051,43.343817040473546,0.19661695994191764
1216,41.49225536831249,41.21195029507666,39.85490516500383,39.26072194809346,30.49492498269675,40.614077907621905,43.45661890009972,0.19643635317872302
1217,41.52428014066283,41.42831665416058,40.012527517085125,39.44086350152004,22.598495725237118,40.92413895960493,43.48864367245006,0.19643635317872274
1218,41.52345109258419,41.429873028396734,40.07109655840996,40.10158269590204,16.6510240016929,40.895384563980855,43.48781462437142,0.19643635317872293
1219,41.51803114003682,41.39358978189521,39.76920992118087,39.232703082522185,8.737821638650232,40.89596663040885,43.460173478678186,0.19421423386413683
1220,41.54685646266529,41.405758674153525,39.587792531685245,38.724991303353406,23.279753170847606,40.66653759713239,43.48899880130666,0.1942142338641368
1221,41.54291596146321,41.408074103548024,39.61785336424816,38.700474810808444,25.23956216573332,40.53891794953667,43.4817245306868,0.19388085692235882
1222,41.54987175709361,41.44047714416245,39.95248493992361,39.55154188538396,3.3857265796026255,40.9170514422224,43.4886803263172,0.19388085692235899
1223,41.537976562831204,41.362258046765994,39.96836525386412,39.281010334417374,30.176443464789763,40.830180782965556,43.47879592186019,0.19408193590289846
1224,41.535079249058306,41.43355416146349,39.85594731880608,39.517588429221895,18.006981097608715,40.89143648418281,43.47589860808729,0.1940819359028986
1225,41.54083558289981,41.198825872669886,39.782666815762,39.216755220140534,29.74694591207828,40.4973587331347,43.481654941928795,0.1940819359028986
1226,41.53974591116915,41.43496089155924,39.593631563035174,38.765062389255455,22.379391136409453,40.84239536711635,43.48508436795383,0.19453384567846824
1227,41.543277783185374,41.39220837867689,40.10221327815761,39.24747662475659,32.861215021493436,40.869883359166614,43.48861623997006,0.19453384567846826
1228,41.53766672981844,41.353975192533085,39.680369556121505,39.21519864648629,27.0625111404764,40.42043141029673,43.48300518660312,0.19453384567846832
1229,41.54297184944694,41.41503458131516,39.94064014479952,39.459912534599,32.28656149819933,40.79487385410516,43.488310306231625,0.19453384567846843
1230,41.54026207379688,41.414457737230904,40.01571605215827,39.364573599107416,25.994659782005186,40.95320183448479,43.485600530581564,0.19453384567846838
1231,41.53072653895621,41.42132140544917,39.976857835191076,39.452890075195775,27.914049943420405,40.900612661455135,43.47606499574089,0.19453384567846818
1232,41.547464399078926,41.35456802020666,39.53350951720975,39.18944900093433,23.260914673042457,40.43532934605514,43.49454393389541,0.19470795348164815
1233,41.53844095653305,41.346588435165636,39.62800592180977,38.73857051627675,23.39807494648884,40.66640136897061,43.48552049134953,0.19470795348164807
1234,41.528284198655896,41.3938704838649,39.95884992138614,39.376527656737046,25.949611808136808,40.742038531535705,43.47536373347238,0.19470795348164824
1235,41.5380608162309,41.46892106828792,40.399589767064654,39.859955452873635,34.330950039721515,41.0607744716589,43.485140351047384,0.19470795348164835
1236,41.547411077007276,41.45558528966953,40.06653435228875,39.26215345979623,30.207151053115037,40.99761974053082,43.49460810157925,0.19471970245719764
1237,41.553695532558336,41.3881211846436,40.04113937029387,39.551094520376836,29.823292650980754,40.72832614916559,43.500892557130314,0.19471970245719755
1238,41.545027131381744,41.46281877581032,40.19167455561575,39.685142325577864,27.183514143511047,41.090545827425046,43.50435227146897,0.19593251400872266
1239,41.54540829305625,41.32972245199986,39.947273797704504,38.67762555580376,33.8290973330509,40.86895858220319,43.47075967277508,0.19253513797188315
1240,41.544948509157905,41.451504412494586,39.720171525437166,38.78186921734192,26.708447054098706,40.76531981614875,43.47029988887674,0.19253513797188318
1241,41.54752686688984,41.38540648407306,39.9441406195278,39.26333335789424,27.723907451087356,40.82554225193218,43.48544641603072,0.19379195491408827
1242,41.54469488181152,41.44068996866172,40.29904122893995,39.540000480622055,29.433043418152764,40.90052180723446,43.4731015818518,0.19284067000402744
1243,41.56023563512503,41.45204200885384,39.860186499551745,39.58922899815113,26.79846441708763,40.92772006238816,43.4886423351653,0.19284067000402716
1244,41.572361157820104,41.44073965218491,39.73848777441386,39.001348132624614,28.627706108956083,40.82432813111711,43.500767857860374,0.19284067000402727
1245,41.55097081948936,41.4220579234847,40.14831706957461,39.78046321859752,24.86409124928185,40.921298764045616,43.47937751952963,0.1928406700040273
1246,41.547057380762176,41.48238173076748,39.59500000714877,38.97416477251313,27.731543440785373,41.01051711850984,43.475464080802446,0.19284067000402733
1247,41.56013115662971,41.383080748254145,39.632106936710976,39.24904739051247,16.780632298516718,40.68439198234528,43.488537856669986,0.19284067000402738
1248,41.538951044258425,41.44046982785648,39.939814129581315,39.28440570702111,27.23316823556296,40.77562362137884,43.467357744298695,0.1928406700040273
1249,41.56748433255791,41.41912721020976,39.888299488030434,39.45381080188287,30.365983577225393,40.8165082756819,43.47284328846699,0.1905358955909082
1250,41.58846705510651,41.49757683103777,40.25305035869271,39.9897961513762,30.3769935933947,41.153062201223314,43.49497416463709,0.19065071095305802
1251,41.588591527721974,41.46035553750262,39.88085974746664,39.386230990092926,26.850350812507106,40.738667065482844,43.49509863725255,0.19065071095305786
1252,41.58172521197033,41.50421066653249,39.93073851527047,39.21187919663035,20.620944527297915,41.065558379631334,43.48823232150091,0.19065071095305805
1253,41.57008575531229,41.45159547837991,39.930810235917235,39.33216082214445,26.967765125761275,40.6998404540159,43.47659286484287,0.19065071095305808
1254,41.59697276798102,41.49619304546389,39.8457125024335,39.52946484295896,23.893085780949423,41.12147391474833,43.49177678658889,0.18948040186078693
1255,41.578464630095255,41.4245141584695,40.12269049993985,39.46716863766634,24.637943397780997,40.9681662459253,43.473268648703126,0.18948040186078693
1256,41.58355131577733,41.45246364893054,39.818789143937664,39.46424454505084,25.430216235113747,40.82561028327143,43.47661425635339,0.1893062940576068
1257,41.60527136607945,41.497201518980624,39.9812222264758,39.61061708356341,7.023211962269436,41.05235595836771,43.49833430665552,0.1893062940576072
1258,41.59616634430077,41.44733006465494,39.95790151084453,39.55922930351876,26.944354572266175,40.791171446642494,43.48922928487684,0.18930629405760707
1259,41.58338671332129,41.46567738413624,39.530943356467,38.96863002028893,27.13022904016748,40.86421528448495,43.47644965389736,0.18930629405760718
1260,41.598860081135086,41.49565062724911,40.0332350341898,39.18347264525357,33.799832442422584,40.80765299509359,43.49192302171116,0.18930629405760704
1261,41.57761789376175,41.487308065487206,39.90079246778111,39.42791267118257,23.438938049525042,40.754523069756274,43.36249584935876,0.17848779555970112
1262,41.58969940161187,41.50765481822759,39.98355883874943,39.81753572449348,26.15371710604619,40.990865119658565,43.37486576035919,0.17851663587473224
1263,41.59897070979249,41.456665550137664,40.13475559051248,39.606499074126134,26.665544573125977,41.01015577234641,43.384137068539815,0.1785166358747323
1264,41.62108147797572,41.37826327953997,39.485044900884134,39.528825367261966,13.67847273999066,40.6719653997546,43.40624783672304,0.17851663587473215
1265,41.644453939126564,41.4944071465751,40.25615944080409,39.987143457121626,28.196844656496438,41.101086313331464,43.63269684240521,0.19882429032786436
1266,41.666980036601345,41.544486386040106,39.83222758906651,39.146861890266614,21.47083666256198,41.009547555644765,43.65522293987999,0.19882429032786433
1267,41.666905799483395,41.55025178094468,40.20735028401507,39.92540585071859,31.86539687082926,40.96730547089011,43.65514870276204,0.19882429032786456
1268,41.66922492506559,41.467525693994396,39.91996626098505,39.52553579645368,21.78028338768723,40.91144677862319,43.64838113196902,0.19791562069034238
1269,41.66331179233731,41.56302252158279,39.47235454096348,38.53868724332576,17.128748962691862,41.02194479696759,43.642467999240736,0.19791562069034244
1270,41.666300614773846,41.509940826324204,39.745118903670125,39.34794976063742,25.469524079583046,40.78443943080859,43.64545682167727,0.19791562069034235
1271,41.68174254264601,41.521587026122766,39.71188291759083,39.19873649270291,20.00891098785354,40.96012606816651,43.66089874954944,0.1979156206903427
1272,41.66824277220089,41.55090360307808,40.157582660672134,39.448803103448356,30.039171346592063,41.06558571630572,43.67340699763539,0.20051642254345012
1273,41.65270273681123,41.52913494728821,40.08693670093637,39.74598996128132,25.69758015346018,41.12372984390562,43.65786696224573,0.2005164225434501
1274,41.649713917053866,41.48132305217293,39.59261642950692,38.576175749476164,0.8762358150876821,41.04451915886607,43.654878142488364,0.20051642254345006
1275,41.64030342935575,41.44244287019469,39.72776878603878,38.6481326849612,25.85309554014224,40.917415012533546,43.645467654790245,0.20051642254344992
1276,41.66533209142523,41.560811229211424,40.267189392168895,39.864734708252236,29.52039161907569,41.185124249728574,43.670496316859726,0.20051642254344998
1277,41.63731594288983,41.44635875973781,39.722596791424195,39.17228661137795,30.200803978320035,40.89626751818885,43.64248016832433,0.2005164225434502
1278,41.6495337330113,41.46604055152258,39.89563156783616,39.27841138884991,26.98998431804888,40.705498901001754,43.6546979584458,0.20051642254345003
1279,41.646844364558326,41.569303100961754,39.910556678231316,39.516453516838986,20.692762259339666,41.126984737150295,43.652008589992825,0.2005164225434501
1280,41.655141731790025,41.50725331794367,40.19743852888492,39.90388847821208,25.88884925711667,40.95482955734702,43.66667608103761,0.20115343492475843
1281,41.643365207645274,41.557334336833065,40.28910433835494,39.76096287888097,31.164956348675187,41.02208851747458,43.65489955689286,0.2011534349247582
1282,41.63714151691937,41.480130820973706,39.88036988809548,38.70561482209761,24.818933064542332,40.94009790122758,43.648675866166954,0.20115343492475837
1283,41.630752683715606,41.44097257067283,40.00595425353845,39.490223395685476,29.843143434113617,40.73637669335598,43.64228703296319,0.2011534349247582
1284,41.63709926694602,41.53961402414766,39.66201297731083,39.518449635208896,-1.3706053811637133,41.10502621708214,43.6486336161936,0.2011534349247582
1285,41.66175810668861,41.46210120708928,39.91006693725875,39.38590713481843,30.477414552617176,40.771850619857744,43.608179533633255,0.19464214269446475
1286,41.71504070186898,41.575879518844914,40.17298695107596,39.937097045898675,30.82242350491989,41.03831973838013,43.661462128813625,0.19464214269446478
1287,41.73621302663724,41.61323486175664,39.84996382417721,39.278926389168255,16.541344718061698,40.95279920371754,43.68263445358188,0.1946421426944646
1288,41.69915040773474,41.598681623440754,40.21212370513668,40.12286026720404,19.19675377560065,41.18787022303049,43.64557183467939,0.19464214269446461
1289,41.714839199305224,41.59632497944597,39.92486873171401,39.06063668851236,28.94643394409461,40.96165036381504,43.66126062624987,0.19464214269446467
1290,41.72421207019961,41.49722597648553,40.01996990268347,39.40509063389975,26.384361018425373,40.748009976009314,43.67063349714426,0.19464214269446461
1291,41.70916767173991,41.475403546410824,40.120389230159,39.24725373024441,29.527349621028797,40.979847487573515,43.65558909868456,0.19464214269446445
1292,41.70990609685486,41.51669070584165,39.880846183396955,39.27853243901326,29.46938578224075,40.721514957793474,43.65914590673077,0.19492398098759092
1293,41.72526386192317,41.60399680678933,40.2713663304822,39.94164951325955,29.808190368376888,41.06775261282448,43.67450367179908,0.194923980987591
1294,41.71310796884974,41.569864227181824,40.17344466651055,39.72736718917979,31.07752248700234,40.87109873852656,43.61574465010435,0.1902636681254604
1295,41.749980795328035,41.605752438888835,40.221060333172716,39.7250904717319,23.14604661510093,41.13193690245416,43.65261747658264,0.19026366812546025
1296,41.751308050283825,41.630946473255676,40.18527037067871,40.076493555612416,28.892907336608246,41.008514610164795,43.65575079917038,0.1904442748886553
1297,41.75446093364313,41.65739838470959,39.192726530398346,39.32637612774891,-10.295196645843625,41.064080129771,43.65890368252968,0.19044427488865526
1298,41.7573097572271,41.54249177520171,40.24329200710994,39.827362786380704,27.650232027111468,41.04612001342184,43.66175250611365,0.19044427488865528
1299,41.745106090311324,41.614540744623504,40.006622827696404,39.17980514799342,25.944270031584313,41.087700537242284,43.64954883919788,0.19044427488865523
1300,41.74908176478774,41.56760648926547,40.11550263713389,39.14058992168897,31.93785555165016,40.63701288675669,43.64623452419431,0.189715275940657
1301,41.74994491829406,41.59026809947426,40.00474184793386,39.39405651856052,24.41150797875944,40.83312171991727,43.674551760467615,0.19246068421735504
1302,41.7127317492421,41.63324354541704,40.09177050385666,39.85115426390313,21.354809902753935,41.12540491584625,43.637338591415656,0.19246068421735496
1303,41.7488905114583,41.48282925118395,40.19892701645574,39.60344499293422,30.248633645749567,40.89199894879815,43.66511961218984,0.19162291007315413
1304,41.7616129759047,41.61557464524343,40.076174614448746,39.688354708576384,27.224067945640314,41.0598643043716,43.67784207663624,0.1916229100731539
1305,41.762414993934065,41.65415066990676,39.78648339440053,39.23362951375398,27.088360350849655,41.03908798928685,43.680988323480925,0.191857332954686
1306,41.74603508381574,41.59687117325073,39.830122067859094,39.43321634171639,24.626988848489095,40.87503854428556,43.665121274746596,0.1919086190930855
1307,41.73735727911057,41.611041157820075,40.247068872078465,39.4781681026595,29.06910489452552,41.04453197028114,43.656443470041424,0.19190861909308538
1308,41.73212715311822,41.62010678197547,40.02869056970682,39.76377168664828,23.748537606137084,41.18997649453517,43.649451676512314,0.191732452339409
1309,41.738583357422556,41.568044884329154,39.60238509764187,39.2208276709449,-10.524602934098013,41.06838506966902,43.65590788081665,0.1917324523394091
1310,41.7584118604034,41.58580604620266,39.95995041521894,38.8613937701136,25.54316725207902,40.876556950565465,43.67095008287426,0.19125382224708637
1311,41.74978563719911,41.62918663049868,39.870612771385005,39.16078161647465,26.94959869309745,40.86077288359136,43.662323859669975,0.1912538222470864
1312,41.74025668754414,41.61511719970225,39.6955575674576,39.71227691038265,-6.74033954166466,40.947194801879704,43.652794910015004,0.19125382224708642
1313,41.72753071495251,41.650634236546814,40.443414990644406,40.29992336776365,30.077473152969272,41.178589457457335,43.64006893742337,0.19125382224708645
1314,41.75002329491717,41.52479466018216,40.04081794822026,39.45232086751244,29.881849152204715,40.8360155997456,43.662561517388035,0.19125382224708645
1315,41.782819479323116,41.48569193593009,39.901169611166075,38.879561947170814,26.261121771353906,40.74473555854206,43.67037643113685,0.18875569518137342
1316,41.73343893974301,41.530408893409955,39.997065661697704,39.31463191734677,26.613855800355545,40.88836764933602,43.620995891556746,0.18875569518137364
1317,41.76411710142668,41.62212308266888,40.003692320246,38.9142984854034,29.496939390482293,41.06840277455102,43.65167405324041,0.18875569518137342
1318,41.76763682898675,41.64326909727182,40.08395019584972,39.25120434489631,28.560748570198612,41.04254206069372,43.65519378080049,0.18875569518137367
1319,41.76319449328571,41.66648315366461,40.077311069171095,39.77885617927434,26.95343212547382,41.12494097704139,43.62439647220995,0.1861201978924243
1320,41.77845886857522,41.68092342569906,40.054304205410254,39.628869712385644,28.84551772934066,41.27244926180958,43.639660847499464,0.18612019789242448
1321,41.7974505466352,41.643182200343205,39.99562979370862,39.12636805399315,26.819235604398408,41.25272442020835,43.65865252555944,0.18612019789242434
1322,41.78637367524017,41.52263910640867,40.051482730071534,39.346687634647246,28.032198763700087,41.04800475265216,43.639579917030886,0.1853206241790717
1323,41.80559057499895,41.66766988914791,40.04784833034702,39.3035804578251,27.244491102079895,41.002872171430596,43.6549473453763,0.18493567703773456
1324,41.79967799017889,41.61940020387863,40.1795543071175,39.592577306874986,30.13996104642394,40.880836509653534,43.64903476055623,0.18493567703773428
1325,41.78729713786552,41.59410280163428,40.086256387372906,39.38843648204477,30.4469192170992,41.102424169335144,43.63665390824286,0.18493567703773436
1326,41.805392782201395,41.67243558832093,40.192256458353235,39.895465174299744,27.27530229775976,41.04241881381168,43.64894190840353,0.18435491262021325
1327,41.80861308017718,41.70687909705375,39.928301524968674,39.50094363758854,17.017728380641458,41.34048169131212,43.652162206379316,0.1843549126202132
1328,41.81069774489512,41.72622848903587,40.59893264298444,40.35806009385639,30.694662802398582,41.292828310760584,43.652667079077375,0.18419693341822552
1329,41.80049957188382,41.727749050608836,40.10152942151064,39.28443947212437,30.407073882672726,41.18511821944371,43.64246890606607,0.1841969334182254
1330,41.81614490343992,41.668874472058434,39.979820532283064,39.690728386068685,7.268536695122194,41.296859404854494,43.612083353570064,0.17959384501301445
1331,41.89383857265851,41.619795062684254,40.245348363610276,39.47637407950528,31.48262736277715,41.073132074285,43.685374260228116,0.17915356875696054
1332,41.853277964204,41.741872071128874,40.26790626898545,40.0734138911558,11.475424536328752,41.34694834688854,43.6448136517736,0.1791535687569605
1333,41.89054414639178,41.78840200867624,40.006079011308984,39.81045727012353,1.6079759763212849,41.21855585488216,43.68207983396139,0.17915356875696045
1334,41.8655817242049,41.7041810194529,40.19254450401203,39.42497612545124,29.637646197774625,41.13165975666556,43.65743363954052,0.1791851915335621
1335,41.86178001250616,41.771405017196024,40.575804137418594,40.236430258737016,31.80318802487899,41.33908355282793,43.65363192784178,0.17918519153356208
1336,41.890155266214954,41.7713932544923,39.94206767551275,40.13375682485721,-10.322083788812265,41.384216510882084,43.682007181550574,0.17918519153356213
1337,41.8679093703755,41.74313361357834,40.27536044696983,40.27440058461953,18.064079404730343,41.31611125146136,43.65976128571112,0.17918519153356202
1338,41.86862434845622,41.70469858338265,40.20326974733185,39.55509501905741,23.930002127895513,41.15334376896635,43.66047626379184,0.17918519153356213
1339,41.87721971530152,41.75637748060974,40.23293844569856,39.56255255731915,25.216447743323602,41.28059656129305,43.66907163063714,0.1791851915335619
1340,41.85895871508568,41.764903260460564,40.027151313640076,39.77648313142841,9.617522351822757,41.334740768078234,43.6508106304213,0.17918519153356202
1341,41.85591530671418,41.75798167282515,40.56061663339572,39.91538647038331,32.195462453265435,41.298094995662105,43.6477672220498,0.17918519153356224
1342,41.84679063326324,41.67816207023866,40.3607462552606,39.683312652843824,30.89621523556609,41.14873125571246,43.63864254859886,0.17918519153356213
1343,41.86799011524968,41.744764152896934,39.89637369657877,39.71812451389811,15.626538138352885,41.32661279551071,43.6598420305853,0.17918519153356208
1344,41.850914987554354,41.73755794479701,40.20744751215163,39.78781916064463,22.792626140866354,41.10613218756121,43.597936253594256,0.17470212660398987
1345,41.88135240145313,41.6494465870104,39.93082046416707,39.572150129786024,25.34943621953221,40.81009450603872,43.62837366749303,0.17470212660398998
1346,41.866477942737845,41.74135368685016,40.186592385217494,39.54540064830194,29.138288050778865,41.309434657543754,43.61942531163994,0.1752947368902093
1347,41.86921684063184,41.75482485139963,40.109717508788314,39.399584656133946,31.22604920667769,41.0288043195758,43.622164209533935,0.17529473689020925
1348,41.869527037974485,41.740941498266835,40.343439040576854,40.23594503121727,28.87580468894536,41.215759540597446,43.62247440687658,0.17529473689020927
1349,41.885951356383465,41.7635638059951,40.472313070337215,39.56191510171769,32.05725927301367,41.29976081194734,43.63889872528556,0.17529473689020927
1350,41.86339796160562,41.72248190575411,39.90133813749846,39.44287282533806,26.729508860703724,41.09090846483931,43.61634533050771,0.17529473689020927
1351,41.91323375713198,41.73743222798687,40.10664521995057,39.43663029736442,23.139229824663914,41.12791878532639,43.66618112603407,0.17529473689020938
1352,41.89584601246734,41.74947274791351,40.37601029615157,40.02687663282993,26.323300616068735,41.160993996811726,43.63167422565177,0.1735828213184432
1353,41.88620526834749,41.803556325926834,40.162637172777224,39.423687699907134,24.512082825739633,41.44652178719453,43.62203348153192,0.17358282131844313
1354,41.90585533251499,41.81019972205556,40.31782066161555,40.068738466619166,23.13300419479229,41.37143471818185,43.64168354569942,0.17358282131844324
1355,41.93308137361581,41.73075067679522,39.984098575993194,39.61069581118379,15.921448124821865,41.121373452672515,43.59755538217177,0.1664474008555955
1356,41.98020864132465,41.851933775103134,40.23654803376967,39.64707244414321,30.374683723637766,41.3185057227986,43.64468264988061,0.1664474008555955
1357,41.97658741167694,41.86471046963636,40.04025467928547,39.64336008913624,23.329861204799425,41.25622352451333,43.64070660684366,0.16641191951667214
1358,41.97407976020529,41.672913682653316,39.610201611561386,39.08045604593998,1.4052470261854637,40.965653252226105,43.63819895537201,0.1664119195166721
1359,41.97405574085443,41.843466092195904,40.47725359479879,40.06798066776507,26.912631274140047,41.31553620189574,43.63817493602115,0.16641191951667209
1360,41.96180743645309,41.84890325555479,40.263138703631064,39.30008758833613,29.16940041543933,41.298462358297186,43.62592663161981,0.16641191951667206
1361,41.95795996212753,41.776634225036474,40.13159365707857,39.434729974593125,25.7119935652993,41.08542173652386,43.62207915729425,0.1664119195166721
1362,41.98642533115385,41.75932968244007,40.16619981756848,39.90067615989802,27.57871973884545,41.241779288995104,43.612887498343675,0.16264621671898227
1363,41.98330195119271,41.854375409476944,40.44965666699419,40.0585276724627,22.714697580576185,41.37653294192103,43.60976411838253,0.1626462167189822
1364,41.99283126090143,41.90334821962558,40.24546641866866,39.94938663541913,23.788359703498976,41.609054843255436,43.619293428091254,0.16264621671898216
1365,42.017131999716895,41.83130172003094,40.689177830239316,40.33245421559284,29.431739669822466,41.34257877351693,43.643594166906716,0.16264621671898216
1366,41.99490495646674,41.79403504473784,40.12027544992722,39.18198601985483,27.612200786873476,41.15430562919294,43.62136712365656,0.16264621671898213
1367,41.98643811367013,41.89192961569451,40.37504527137227,39.74275405177777,29.166038434195645,41.37704986517655,43.612900280859954,0.16264621671898216
1368,41.98252492472688,41.85852735759281,40.237427553395165,40.21702103673628,24.755368692098653,41.33833976271126,43.6089870919167,0.16264621671898208
1369,41.97990944991033,41.91038401238649,40.3389549779241,40.02695177915239,23.78712472647244,41.32744175292288,43.60637161710015,0.16264621671898208
1370,42.00193116042548,41.883457777686445,40.32538296320597,39.952063003647346,29.559722178348693,41.18657328914389,43.6283933276153,0.16264621671898238
1371,42.01707777153859,41.904824804817935,40.67460090446867,40.43806714437313,29.400945755776412,41.49210387977173,43.64353993872841,0.16264621671898208
1372,41.98901550059699,41.90441738363408,40.27070175152095,40.20985180400851,15.065354662856947,41.336250835555035,43.61547766778681,0.1626462167189822
1373,42.006773206371506,41.89678021647269,39.79081142909308,39.27150779984517,-7.428642244634013,41.38329320714688,43.618444289679644,0.16116710833081407
1374,42.01327505549835,41.87874389765861,40.633792158257585,40.18684967732437,31.560526037021955,41.36302963954974,43.624946138806486,0.16116710833081396
1375,42.02228722662047,41.866634145894885,40.34802447201599,39.843571653602105,23.32996651777034,41.320256301871325,43.63395830992861,0.16116710833081382
1376,42.02866147533462,41.84595413306643,40.17778385018777,39.83586325153639,26.169469392853184,41.26674708739094,43.64033255864276,0.16116710833081396
1377,42.00687242290921,41.91174638558671,40.39637282941043,39.713881995313535,26.410932262687492,41.44320519659298,43.61854350621735,0.16116710833081388
1378,42.01648424360611,41.88087567500774,40.361206508272915,39.87283655819461,26.168368677455337,41.360797060952635,43.628155326914246,0.16116710833081396
1379,42.01654399188861,41.89806168906809,40.281140238028534,39.81037383528845,30.42770559418183,41.261090104052215,43.62821507519675,0.16116710833081385
1380,42.01953652407322,41.908217421023295,40.446243812301454,39.40486658540364,28.889228171099997,41.41300849046248,43.631207607381356,0.16116710833081396
1381,42.001185733338765,41.874328355001076,40.57095912800565,40.25207864384684,25.679542124670892,41.38866948989306,43.621965711049825,0.16207799777110563
1382,41.99779013780002,41.87411329776742,40.49075964810033,40.05892268833403,28.55071789445548,41.34243866226565,43.618570115511076,0.16207799777110563
1383,42.001103911893026,41.841503603880334,39.95332693995859,39.22592465757655,27.38180876409168,41.207086764215276,43.621883889604085,0.16207799777110563
1384,42.016313200359555,41.87061153359748,40.3693861045922,39.587705837980465,30.466623583567944,41.275502440141,43.637093178070614,0.16207799777110582
1385,42.030182309510074,41.92260038910112,40.40913447601718,39.57724004635006,24.00490897167507,41.47500672151596,43.605209506065776,0.15750271965557053
1386,42.032840764987995,41.70802628697522,40.01680920269582,39.45608142199932,23.42315707564514,41.159574372398254,43.6078679615437,0.15750271965557036
1387,42.0423543748637,41.92143416839275,40.44563359266656,40.692835708560736,14.645492808848836,41.59166862884615,43.6173815714194,0.15750271965557042
1388,42.05796170497345,41.88581655949632,40.596423256452624,40.21623467581387,27.371549950952822,41.28778480488988,43.63298890152915,0.15750271965557047
1389,42.05496527488285,41.899889562457574,40.67240420468747,40.29535417466777,31.829770123562124,41.404781130301934,43.629992471438555,0.15750271965557036
1390,42.03927235411379,41.92967823382936,40.346024335928746,39.58183118368429,23.86478478751526,41.358028860582216,43.61429955066949,0.15750271965557042
1391,42.04825255274436,41.9335921421876,40.30253829886439,40.188041630617214,22.080009231522066,41.52946205773161,43.62327974930006,0.15750271965557044
1392,42.03892006397809,41.90748481942547,40.24342139938946,39.85674102520024,28.096406342379943,41.22836104755171,43.61394726053379,0.1575027196555705
1393,42.033468125669074,41.94613446573263,40.040921429441156,39.32810581702269,13.567501613612869,41.26112841731381,43.608495322224776,0.15750271965557047
1394,42.03616799605179,41.88244197050835,40.483653652759386,39.93772468102349,10.089162965597744,41.4809932788362,43.61119519260749,0.15750271965557036
1395,42.057698660515335,41.969913514181385,40.429073285399866,40.36864472477348,9.225176032825544,41.433364764360206,43.63272585707104,0.15750271965557028
1396,42.044938097065035,41.88538651048191,40.4539194874257,39.836144137581634,25.387984349357826,41.40645176950255,43.61996529362074,0.15750271965557044
1397,42.02993338799932,41.93515624315552,40.341379219031815,40.210541417256,24.20920164041454,41.37615245903909,43.60496058455503,0.15750271965557056
1398,42.03933052714097,41.849436444829735,40.31345935094448,40.14034931565112,13.561526934747551,41.330322949639495,43.61435772369667,0.15750271965557044
1399,42.0544404621225,41.887252741286346,40.61151520980096,40.00774715760408,26.13356942871206,41.337495298383274,43.6294676586782,0.1575027196555703
1400,42.04533730634382,41.91503930364297,40.30798011021967,39.81494611110349,19.47707686021515,41.31773499708695,43.62036450289952,0.1575027196555705
1401,42.054380558888575,41.957546886688625,40.416492695579755,39.57485915662354,27.28084659933332,41.22543293129808,43.62940775544428,0.15750271965557053
1402,42.044572243190494,41.87957565170618,40.21616766573537,39.36171218864038,23.2061718311057,41.30724384608412,43.619599439746196,0.15750271965557044
1403,42.05459578519994,41.89689237517177,40.32091045291263,39.99454517002928,15.889828041009054,41.38514088185409,43.629622981755645,0.15750271965557047
1404,42.045446661633875,41.92911367704358,40.73202020200553,40.37797738296479,30.646295194500837,41.5491002037801,43.62047385818958,0.15750271965557042
1405,42.03916597843264,41.94624662377258,40.22757346598579,39.62192550799558,15.15711966426457,41.47234078646102,43.614193174988344,0.15750271965557033
1406,42.01444253231553,41.82752621251956,40.18217236145297,39.82025033111059,25.435115199358716,41.17512685614858,43.58946972887123,0.15750271965557044
1407,42.04626892909001,41.86162697330133,40.393422459105615,39.98682110946988,27.319589285904453,41.234399895371965,43.59528810711464,0.1549019178024628
1408,42.071172540333755,41.951388334912494,40.6656273696852,40.06771417602573,25.71366362403858,41.232739010525876,43.620191718358384,0.1549019178024628
1409,42.08068412364734,41.92065448250194,39.972282626829,39.02148915729949,29.728870012464952,40.75697105924133,43.62970330167197,0.1549019178024627
1410,42.069955046465545,41.938920288751085,40.684389709900444,40.14595713046037,29.76870051221384,41.46846210525584,43.62032318737276,0.15503681409072198
1411,42.090451282437094,41.94144965018993,40.750345953496435,40.78726284553292,32.818569133756,41.610494435782215,43.590828401080685,0.15003771186435885
1412,42.10932156537404,41.99643113992491,40.68009943827853,40.19971028195903,28.773802720054363,41.655776423261344,43.60969868401763,0.15003771186435888
1413,42.103090419345804,41.98977651925136,40.607571224540884,40.24715412137529,27.499363287495818,41.43833667319864,43.603467537989395,0.15003771186435894
1414,42.102627463138894,42.00274240404461,40.54721990038473,39.590290211871434,29.6074840147266,41.59860627083022,43.603004581782486,0.15003771186435885
1415,42.11833660383471,42.01037449732614,40.735068079361255,40.13228332754722,32.552715643608366,41.56006252061805,43.618713722478304,0.150037711864359
1416,42.08458836623727,42.01336375726411,40.44895924367271,39.48312195897451,32.32101623933896,41.52205687279582,43.584965484880854,0.15003771186435877
1417,42.09015025491998,41.97309391389931,40.48104701775588,40.06043864096884,16.957455991589498,41.39691848051881,43.590527373563575,0.15003771186435896
1418,42.10868477183503,41.87752441991478,40.12932552700293,39.789797635242714,24.012364855431613,41.07483451161407,43.590986073252125,0.14823013014170983
1419,42.12050399385704,41.981450895021474,40.48309977545866,40.053895059078556,29.582532272304007,41.46521153712269,43.60280529527414,0.14823013014170977
1420,42.137214567704795,41.957675932439074,40.363713174235514,40.111394888416,8.733946175038945,41.507869525230255,43.6190030077379,0.14817884400331074
1421,42.136833752452254,41.96545980688713,40.59207253385708,40.389978001479705,14.43829900889044,41.44429339690011,43.61862219248536,0.1481788440033108
1422,42.12732812411491,42.02326620074483,40.656997738779665,40.161182635358806,18.34646930961772,41.55839367323431,43.60911656414802,0.1481788440033108
1423,42.11504220666656,41.98761166937584,40.37953884334233,39.79777627930295,8.218434978136472,41.35232154541637,43.596830646699665,0.14817884400331074
1424,42.11011614144548,42.04328305838348,40.47271979515148,40.2748579634104,25.940047805871394,41.6193925422847,43.584491479065576,0.14743753376200977
1425,42.10072329351179,41.918419114902875,40.48167654981976,40.076835193897296,29.386204058486378,41.485039073297024,43.57509863113189,0.14743753376200974
1426,42.13844155246074,42.04426242404067,40.8859130513859,40.227842382662914,29.809655455173964,41.590278566555924,43.61269666363737,0.14742551111766347
1427,42.100903646827575,41.979255118952494,40.29496029489114,40.33094851831302,10.03817856675753,41.459132513362974,43.575158758004214,0.14742551111766353
1428,42.116542669604286,41.94563621884781,40.51064345967252,40.057121970956054,30.953121960345335,41.451714865249,43.590797780780925,0.1474255111176637
1429,42.13026540297073,42.02775763661253,40.38092277418677,39.987542260732205,24.8654636369586,41.433275111474515,43.60555090026781,0.14752854972970794
1430,42.13590896965029,42.02075170273241,40.66980703256747,39.68757052530751,27.669843873107695,41.71985776778807,43.61119446694737,0.14752854972970783
1431,42.13618815179921,42.05195996534274,40.68991226178772,40.03805846013101,32.90198074490547,41.500224592442905,43.61147364909629,0.14752854972970764
1432,42.16443842062438,42.029936868844906,40.037565439347354,39.956954991621075,-9.976709912056023,41.28088441315816,43.63972391792146,0.1475285497297077
1433,42.114864545436824,41.92985793306827,40.32412888904747,39.817389684399934,23.986122287260613,41.3933559856746,43.5901500427339,0.14752854972970783
1434,42.13024572582233,41.91011667107214,40.07506015908712,39.70577132053641,25.63183554916521,41.23160735536831,43.60553122311941,0.14752854972970778
1435,42.15157802858388,41.99594270923498,40.70621817174228,40.22636132369982,29.110563317339356,41.55914912245253,43.62686352588096,0.1475285497297078
1436,42.14904041843084,41.989920843492875,40.6748703785902,40.367013327259045,28.89391271808825,41.373316317630966,43.62432591572792,0.1475285497297078
1437,42.152013554310244,42.05222957313978,40.42253502904069,40.288196603293045,11.21057868509618,41.625444975622656,43.62462292721976,0.1472609372909517
1438,42.14558065520142,41.9094423853995,39.843329325081314,39.46232031623285,10.019926595952064,41.11742247803929,43.61819002811094,0.14726093729095158
1439,42.13887687553993,41.98195542409997,40.693605701571066,40.091856962477976,30.615632060524558,41.351192394883654,43.611486248449445,0.14726093729095172
1440,42.147577205536074,42.00357258834434,40.576532306353876,40.48062394408248,30.21678526131334,41.39912499778633,43.618366848062394,0.14707896425263184
1441,42.131715083200895,42.02009250026621,40.50162673718443,40.51645913113429,-10.271479447210254,41.70408764211627,43.602504725727215,0.1470789642526318
1442,42.15932116128559,42.02249429138931,40.451761608344825,39.81323690927074,29.62895619243902,41.68936922471789,43.63011080381191,0.14707896425263167
1443,42.14072239605497,41.98642225747525,40.57906221098627,40.21292995300957,27.561800676823147,41.28316211441944,43.61151203858129,0.1470789642526317
1444,42.14446597290813,41.99902414029738,40.63765721385094,39.96624887813767,32.42976862604089,41.54462634538862,43.61525561543445,0.14707896425263167
1445,42.145473783198945,41.99840425914083,40.67358981912976,40.22712541893218,28.547094482089335,41.60488198881664,43.60921859235601,0.14637448091570648
1446,42.14461075511865,41.97523161781098,40.5456121944735,40.09649806335004,30.449274180773738,41.577001492544525,43.60835556427571,0.14637448091570646
1447,42.14456801853457,42.02761867248781,40.66174635190286,40.20526162890223,31.260583246892804,41.36466635477294,43.61534755072126,0.1470779532186688
1448,42.16118037208498,41.99503355378131,40.523108222114686,40.03862172462586,29.18582523524953,41.41309474820628,43.633139897404874,0.14719595253198958
1449,42.15211534596413,42.04651307565936,40.64158066775319,40.11690168130679,25.725568571204604,41.57604146677755,43.62407487128402,0.14719595253198964
1450,42.12749259559535,41.8971845145833,40.29232507214089,39.43587722465175,26.594778732606567,41.13607827390089,43.599452120915245,0.1471959525319897
1451,42.145588900378186,42.023376845594456,40.610711742854086,40.06901393165377,31.547148931784854,41.44225180561677,43.61754842569808,0.14719595253198978
1452,42.15828451257528,41.96985280140877,40.098104565821735,39.7214822612643,-15.556172798432613,41.42521853163156,43.630244037895174,0.1471959525319896
1453,42.15840532895189,42.00539692818653,40.76376437529753,39.881007880826786,33.599771670439,41.54134638660831,43.63036485427179,0.14719595253198942
1454,42.14287780988265,41.99755007484005,40.68911028172514,39.99193935745791,26.316450654130325,41.46149741913674,43.614837335202544,0.14719595253198958
1455,42.14268457755096,42.02689931995634,40.39775703423677,39.47777957182464,29.92770753657611,41.50128256874474,43.56788290919028,0.14251983316393196
1456,42.13630205563491,41.94526673240645,40.50048505239071,40.08054201342475,30.657762031423538,41.30111792639349,43.56150038727423,0.1425198331639322
1457,42.13643475138155,42.021323693215734,40.71321725406461,40.36499345159619,26.059225911730138,41.52854273487022,43.56163308302087,0.14251983316393219
1458,42.14113613617385,41.951630902492745,40.60387677619965,40.18960487508186,17.395557854645816,41.55544430176053,43.57379739999485,0.1432661263821007
1459,42.12305286042944,41.99410179638414,40.71194275880494,39.97088857882178,32.55504935658337,41.525060513093635,43.55545708467217,0.14324042242427307
1460,42.1260371279803,42.01476197561588,40.608962154710404,40.03971241626665,29.419908257447084,41.39417860381114,43.55844135222303,0.14324042242427293
1461,42.147569772647714,41.947754718421194,40.06426026842616,39.26430239323701,9.320001820562986,41.08363873193885,43.579973996890445,0.14324042242427293
1462,42.147108432124085,41.98814210943616,40.78402429473562,40.32920923054058,23.26326104446697,41.42457623493003,43.58884519937479,0.14417367672506998
1463,42.1468181430389,42.00660655835939,40.29612382803002,40.426638607864824,-11.612682170240404,41.503687495627645,43.5885549102896,0.14417367672506992
1464,42.13770837175227,42.00365322435745,40.585352941449905,40.177682170460685,29.26081448175826,41.46100510810614,43.57944513900297,0.1441736767250701
1465,42.13786481128347,41.99583635901001,40.753286543855054,40.1779118546049,34.25676663234321,41.36953108522616,43.579601578534174,0.14417367672506995
1466,42.15002788726537,42.063038371604925,40.577949594630255,39.9044178644922,31.0810720183798,41.71820692302042,43.59176465451607,0.14417367672506995
1467,42.15381368512123,41.88791418879805,39.86021336397719,39.30999875414652,10.572369307194862,41.08841094215383,43.59555045237193,0.14417367672506995
1468,42.15640566563618,42.02495854739293,40.52458847166065,39.799182313233025,32.55733632757465,41.381338443453515,43.59814243288688,0.14417367672507006
1469,42.14383689159585,42.051346912961705,40.6088997827118,40.080838775833335,25.731447039989472,41.59449396177567,43.585573658846556,0.14417367672507
1470,42.153637110690944,42.001481108284096,40.491324937468896,40.26507669125488,22.51547677692751,41.44667643278793,43.59537387794165,0.14417367672506995
1471,42.16367633018339,41.97435866125494,40.64619912546259,40.03715316237691,27.68152240089054,41.463453508369895,43.60512469428378,0.1441448364100387
1472,42.17581848648848,42.03252387971926,40.5954416589125,40.221055393951474,24.773333158337543,41.60295514577436,43.61726685058887,0.14414483641003875
1473,42.135740068240395,42.04478965130127,40.70449713700147,40.23233849392687,31.03670469509647,41.590785085660016,43.56983770200453,0.14340976337641326
1474,42.19489786816758,42.07747896359195,40.85511504476801,40.28591155151504,31.757292313060876,41.582249233296665,43.62899550193171,0.1434097633764132
1475,42.18150125260201,42.06636412418038,40.34413463590559,39.31025562897117,30.649206908254904,41.369283587260654,43.58559866436913,0.14040974117671215
1476,42.15996092848183,41.981215889351574,40.57558599552732,39.9964364167961,30.509536079486764,41.47739249677072,43.564058340248955,0.1404097411767122
1477,42.15985764294222,42.06349525449852,40.52885457631277,40.23388923063889,27.226540385117048,41.53776817537042,43.563955054709346,0.14040974117671223
1478,42.14123431899288,41.96539717593721,40.25628386426298,39.06822202395373,29.89497704655479,41.108550308949496,43.545331730760005,0.1404097411767122
1479,42.15724173135544,42.05599357763351,40.49845788116387,39.8766570464522,24.0643009841057,41.59926336371093,43.56133914312257,0.1404097411767122
1480,42.158704303410325,42.0291174552481,40.598931863596846,40.241479936172865,24.062150959786003,41.5877757159039,43.567140539337565,0.14084362359272432
1481,42.14699368416729,42.048049372497275,40.88648463419949,40.37812467836489,33.4804134196899,41.691292655781886,43.55542992009453,0.14084362359272426
1482,42.14918154331819,41.86744070006223,39.97659505097311,39.458820858077125,-11.849307568128246,41.207232197917065,43.55761777924543,0.1408436235927244
1483,42.141761056096485,42.01536379625613,40.60104314612758,39.48338650310097,31.242468941858093,41.56618768232255,43.54532320861857,0.1403562152522083
1484,42.172684747044734,42.059785412920554,40.699821480667126,40.577991215315635,23.438630781110028,41.74005621860029,43.57624689956682,0.14035621525220843
1485,42.17554693070927,41.973679706603015,40.67617590871846,40.23640288567254,31.146989584101533,41.445131695349794,43.57321488226619,0.13976679515569268
1486,42.14468940985697,42.05369188451674,40.32011179599027,39.437576327870794,24.11788069196333,41.38500220391111,43.5423573614139,0.13976679515569265
1487,42.172288034247124,42.08859484111484,40.72619534376994,40.189697351251986,26.35528349341379,41.573960762547316,43.56995598580405,0.1397667951556927
1488,42.15401907664698,42.03964815265856,40.556874059041135,40.23061297222996,23.20346449554961,41.53360584862187,43.55168702820391,0.1397667951556928
1489,42.16322941529872,42.05995766129713,40.533037560409504,39.8445615097177,25.321310611389958,41.52844281844639,43.56089736685565,0.13976679515569265
1490,42.163243965829956,42.02144066540278,40.661678237137444,39.93035074467651,29.289722754115836,41.58135817479962,43.56091191738688,0.13976679515569265
1491,42.162181741753486,42.023309267328045,39.93205940864936,39.407282830161606,-11.527406030127644,41.32055022700552,43.56049534753945,0.13983136057859624
1492,42.17535824937583,42.08219826875675,40.90579793512353,40.18332868660734,33.57753503476322,41.60113728437794,43.57367185516179,0.1398313605785962
1493,42.163474563830704,42.03051570072712,40.62865076999606,40.30737533783857,31.069210570271757,41.40640312888599,43.55159942532894,0.1388124861498233
1494,42.166746456886834,42.05650479796773,40.841945729389835,40.36182436701591,32.004809296569015,41.530829738074345,43.55487131838507,0.13881248614982336
1495,42.17904302448748,41.897184437744556,40.42562234196522,39.50614968281532,26.799400009367766,41.329412552271236,43.56716788598571,0.13881248614982317
1496,42.185329832228526,42.080058743614764,40.85749446534266,40.56548916563572,34.5039369784356,41.66828448861369,43.57345469372676,0.13881248614982328
1497,42.18866280294112,42.00235105913464,40.50351086898494,40.13274679443777,23.216339583651333,41.37159298401946,43.57678766443935,0.13881248614982314
1498,42.16661629021216,42.06819190383832,40.49808990592824,39.808465937991784,27.159508168503468,41.25159014543857,43.554741151710395,0.13881248614982328
1499,42.17586842394887,42.098355494564785,40.72279358803863,39.99186749534995,32.758394717439984,41.4946063768259,43.563993285447104,0.13881248614982336
1500,42.17281699470626,42.02558439915606,40.272280411314,39.814153042422895,26.27581955866571,41.45373928405165,43.56161343296619,0.13887964382599335
1501,42.16005469182871,42.075941331100665,40.58685658947421,39.99905007504819,27.961223076571176,41.44947000018458,43.54885113008864,0.1388796438259934
1502,42.19363703155783,42.03817920012796,40.721710547739605,40.42646757237451,26.605198478042286,41.458713191386366,43.582433469817765,0.13887964382599352
1503,42.16605085742352,42.08831695215079,40.47275878504345,40.26313933485761,13.84474698860658,41.658865224738065,43.55484729568346,0.13887964382599347
1504,42.162549191841975,42.06184519869483,40.17607500636293,39.26125689261923,16.16198413614264,41.63155641556739,43.55134563010191,0.13887964382599344
1505,42.1936299657041,42.06580299016214,40.6227781311435,40.220058290301715,28.396783504453825,41.7607833046427,43.58242640396403,0.13887964382599338
1506,42.17214490694881,42.05225857040808,40.725655897494676,40.463480964641555,31.586600157871036,41.51491238103409,43.56094134520875,0.13887964382599355
1507,42.172456361643015,41.99531633560805,40.23274643576531,40.05844664902918,9.948052323173684,41.34163148006131,43.56125279990295,0.13887964382599352
1508,42.175258064013164,42.03660862345733,40.92716383561299,40.51711138800348,27.682198517162625,41.64454414309999,43.5640545022731,0.13887964382599344
1509,42.18192561651675,42.075817688610435,40.369700315904154,39.801705787689954,23.243206540426026,41.49469519935319,43.57072205477668,0.13887964382599344
1510,42.160173593501305,42.045921167473395,40.90213499712742,40.71613116971529,30.126732404322624,41.507522386255665,43.548970031761236,0.13887964382599335
1511,42.16002714194744,42.05433971035477,40.69183464778608,40.23238418040315,28.666548147017053,41.61294075430729,43.54846876681814,0.1388441624870701
1512,42.16946478292167,42.068317584515206,40.67922279002831,39.572197701188095,33.17306269514175,41.58589454106757,43.55790640779237,0.1388441624870702
1513,42.1792293887309,42.00873538443061,40.39063696430565,39.79658792383211,28.956641446185685,41.30650113496936,43.567671013601604,0.1388441624870701
1514,42.18469951266311,42.056323046966284,40.842911478071606,40.42768020784596,20.02649139936655,41.62668283323433,43.57314113753381,0.13884416248707013
1515,42.181808328095165,42.09646239754,40.697814021213105,40.16101612535682,20.18206453821888,41.68730176768368,43.57024995296587,0.13884416248707016
1516,42.16673363240125,42.05603645839468,40.21600892930857,39.84585327329885,5.082793918246999,41.50234225446255,43.56148606025249,0.13947524278512416
1517,42.1783740412801,42.07098270959335,40.60794675213625,39.63480562580266,29.216545959630274,41.693661708941946,43.573126469131346,0.13947524278512424
1518,42.16017712314304,42.07059971139441,40.83541079677098,40.39784604540355,27.056595851865225,41.70079180104801,43.55492955099429,0.13947524278512424
1519,42.16625036996099,42.013235062230734,40.6620324094182,40.237940188822705,29.58480038860967,41.62705248422954,43.561002797812236,0.13947524278512421
1520,42.17568776383658,42.05362864572997,40.825328706121184,40.27043322128645,23.92566886272235,41.68698978508763,43.57044019168782,0.1394752427851242
1521,42.165768844568355,42.05514876579849,40.956536714365505,40.615227897757144,31.401948635790912,41.68057390186023,43.5605212724196,0.1394752427851243
1522,42.16010506516649,42.089175586516795,40.46859127313375,39.80816498199485,30.34426769976583,41.74814710380893,43.554857493017735,0.13947524278512424
1523,42.17903852117848,41.975232829610555,40.7430319617208,40.048445886693806,33.92426149821136,41.37796223510865,43.57379094902972,0.13947524278512416
1524,42.17852253020817,42.02681020937469,40.5482707959154,39.954348790797546,27.224415886437928,41.51680536358295,43.573274958059415,0.13947524278512424
1525,42.16923438912894,42.02981530505233,40.16607409986322,39.611472870098034,17.236245644411753,41.46966819980836,43.56398681698018,0.1394752427851242
1526,42.1816702424533,42.044696557061,40.42618879539685,40.054383858489,23.80006718404513,41.37849542174011,43.576422670304545,0.1394752427851242
1527,42.18116824781657,42.046302269796996,40.2561932062516,39.94088339105365,22.983564938789133,41.48354738178412,43.57030133520077,0.1389133087384194
1528,42.16202391783293,42.05205807951352,40.49090892766622,39.80593967513008,31.397293785403672,41.416937085561486,43.54881277640181,0.13867888585688745
1529,42.18390074408395,42.06822782476066,40.77125088769797,40.39694353120768,27.56002807245642,41.439634905313866,43.57068960265283,0.13867888585688745
1530,42.170940580022815,41.99378935065847,40.38193426434554,39.870640863574955,27.660092733681353,41.532621702436245,43.55098820506884,0.13800476250460275
1531,42.15262281752144,41.97045852481996,40.495335350772066,39.56500072138503,30.354956824445953,41.3880956392767,43.55387213305877,0.14012493155373282
1532,42.130639558425,42.065384156708596,40.93829653837753,40.538771743264064,31.716165291272556,41.723548547158046,43.53188887396233,0.14012493155373282
1533,42.14941421857776,41.98396079679827,40.3351704521033,39.73354353399662,27.991608104760374,41.47295163644836,43.55066353411509,0.1401249315537329
1534,42.150791573651624,41.92736636568922,40.458284639030715,39.970448205965624,31.714191237110136,41.13488870549419,43.55101050306851,0.1400218929416888
1535,42.153540543787976,41.95156964290736,40.04471199809848,39.56320250995267,19.437145179894696,41.27189818135786,43.55375947320486,0.1400218929416888
1536,42.143693811631145,41.990325256973726,40.42576394382823,39.63592229269194,30.20017539114432,41.448933885978136,43.54391274104803,0.14002189294168874
1537,42.162756079726655,42.04505323300142,40.35680707256123,40.123944807552014,12.296860024460678,41.40503804869029,43.56297500914354,0.14002189294168885
1538,42.14710972567813,42.021585682347926,40.555505389120434,39.70138770449042,30.791512407267703,41.50323237100836,43.547328655095015,0.14002189294168876
1539,42.150259852399806,42.04850059801216,40.85072722617927,40.6587341452588,27.63111889822038,41.753646548268826,43.55047878181669,0.14002189294168874
1540,42.14473950903577,41.976278259510664,40.584323199006114,40.07315284039444,20.080110075790113,41.534033577962575,43.551024294183264,0.14062847851474905
1541,42.1290239384522,42.037320827229465,40.77687442329354,40.0888447743034,32.637395452790216,41.61751276969731,43.54113283420931,0.14121088957571104
1542,42.116815705061164,42.04586615729962,40.586703845590314,40.35817772968698,27.30043211385935,41.46719643488446,43.52892460081827,0.14121088957571098
1543,42.13879416518773,41.947297583250574,40.31707849240554,40.050223977602805,15.595325579771611,41.24387953837088,43.55712903378282,0.14183348685950872
1544,42.1450354829406,42.00745100797575,40.73133787258038,40.34916633710888,29.802048429947185,41.551083649399565,43.56337035153569,0.14183348685950886
1545,42.124245384406564,42.00677201698545,40.56836474058134,40.27390571817831,27.365023991977097,41.5991541350602,43.550635790337175,0.14263904059306146
1546,42.14168713174305,42.02817328972312,40.081536741832544,39.27212667841594,12.32009080238194,41.545897768192944,43.52947261296603,0.13877854812229845
1547,42.150114313374125,41.9969860024618,40.67783651148958,40.18200544801305,33.00195740745976,41.48835401602489,43.53789979459711,0.13877854812229828
1548,42.15331642806956,42.01552860219549,40.787616853964174,40.35057481327009,29.017771169658136,41.546372153123244,43.54110190929254,0.13877854812229826
1549,42.162724697933704,42.03900485604403,40.692782194986854,40.09424316650416,29.921659807941275,41.53959589280579,43.55051017915669,0.1387785481222982
1550,42.15754896804013,41.960097822295666,40.55390569482876,40.11872464434824,30.31875395993469,41.42378254912808,43.545334449263116,0.1387785481222983
1551,42.169467778037344,42.00702809496761,40.65505132162365,39.64290981849232,34.02593946376905,41.413780583152665,43.57544252492867,0.1405974746891326
1552,42.19731321579587,42.00040897349939,40.462015136843995,39.97598690105055,26.458925520790476,41.47245973756419,43.6032879626872,0.14059747468913253
1553,42.182159539320324,42.0837585925071,40.71170732648594,40.4863259862302,29.134329073426393,41.474112332514984,43.58813428621165,0.14059747468913258
1554,42.18535992465633,42.05194340731617,40.121348902154864,39.453498845522525,23.146920717233,41.49633548731927,43.591334671547656,0.14059747468913253
1555,42.18811049606858,42.073769384863525,40.126749865302315,39.880431171647984,20.19582989293623,41.22917041949779,43.594085242959906,0.1405974746891325
1556,42.1937602064672,42.042755261486924,40.71141155347795,39.85707228941309,32.738514531979774,41.56933355344857,43.59990477772377,0.1406144571256572
1557,42.190756255267566,42.104380142071854,40.930526726794575,40.55026857082522,31.924398475479318,41.67574372874886,43.596900826524134,0.14061445712565712
1558,42.176082369589984,42.10125788724224,40.10422998168198,39.500466922486076,23.841213762126507,41.56168659424363,43.60036512198839,0.14242827523984042
1559,42.15434495566639,42.042415627355645,40.7145254757777,40.170131452902815,26.237813235783715,41.51242032043915,43.58164719592478,0.14273022402583904
1560,42.15382107370946,42.02680757307715,40.30251896171656,39.262674803562895,29.8507841443463,41.20710049384263,43.58112331396785,0.14273022402583915
1561,42.16535711784635,42.07397059246317,40.718479996163914,40.178046111751335,32.34369473287428,41.59073744702979,43.559871304714754,0.1394514186868405
1562,42.1872741793477,41.954657827639004,40.25957580080201,38.97216987154074,31.109271511844195,41.11532303807861,43.58178836621611,0.13945141868684052
1563,42.17777393720911,42.08688246543774,40.24815342880685,40.16696978125215,0.7569758884393849,41.58540916162268,43.57228812407752,0.13945141868684055
1564,42.17173136298357,42.06815287734776,40.19292440506943,39.318974376538584,27.818660633016883,41.615098787679955,43.56624554985198,0.13945141868684047
1565,42.18734260392535,41.91963310369112,39.79596959023081,38.703825229972864,1.0798187051934178,41.21225776928304,43.578703374201474,0.1391360770276124
1566,42.17225875168182,42.045792949117214,40.204554522039665,39.47585462925504,8.138432444746158,41.45712824821606,43.56343755187208,0.13911788001902614
1567,42.171188869759156,42.10163839900174,40.98129166919927,40.5574489773231,34.44604165153596,41.65879770142898,43.56236766994942,0.13911788001902622
1568,42.158829387907765,42.020987405089144,40.51221823713017,39.85349874295905,25.994148545637298,41.5555387696531,43.550008188098026,0.13911788001902625
1569,42.17129670047794,42.037239737281666,40.29522226415753,39.389262752510305,23.21452695610929,41.28036909372845,43.5624755006682,0.13911788001902622
1570,42.185716378454515,42.028578553492416,40.6638637056176,40.384066822128226,24.805676289916494,41.3494906650308,43.58158275346432,0.1395866375009802
1571,42.174885567976446,41.999283005187706,40.23270609721905,39.777891553775206,25.139409961715092,41.19898733487861,43.55396390280502,0.1379078334828576
1572,42.17826819486373,42.086815099998304,40.76440977942923,40.08716043519724,30.53614539022919,41.61815792430714,43.55734652969231,0.1379078334828575
1573,42.18390236056252,42.08033793756957,40.37636506194551,39.77943753087666,20.11010714073179,41.52536401290711,43.55414401830693,0.13702416577444104
1574,42.19334392139255,42.06640072481608,40.817108879259415,40.065284776122944,31.02945745341601,41.63470846868844,43.563585579136955,0.13702416577444101
1575,42.2061230193534,42.10223761201204,40.64616775078302,39.79431570548931,31.643191088408674,41.738519136763024,43.57636467709781,0.13702416577444096
1576,42.18081206908064,41.999583666874834,40.20075909611777,39.452778682151774,20.988221256731897,41.477791530695754,43.551053726825046,0.13702416577444104
1577,42.19940902477069,42.080369046391176,40.862092708200855,40.45519298212352,30.956811196744237,41.669128602139395,43.569650682515096,0.13702416577444118
1578,42.19631902444101,42.027332439186765,40.715860985904975,40.125641243645674,31.904426369365723,41.6474332142151,43.56656068218542,0.13702416577444096
1579,42.1874771968042,42.08456921720556,40.467540709441636,39.978731437308184,23.315927847735136,41.54816659498506,43.55771885454862,0.13702416577444124
1580,42.20899697758975,42.118623077982505,40.24440956045233,40.531955458479615,3.0794221829393393,41.801016368799424,43.57923863533416,0.13702416577444113
1581,42.1921572455942,42.0933827223738,40.57746767148374,40.25683362528689,26.184188761283828,41.47989241436278,43.56239890333861,0.13702416577444096
1582,42.16141203037404,41.97520954451437,40.44700559453317,39.924704997115725,22.58487344354377,41.32925298616673,43.53437120649191,0.1372959176117876
1583,42.15489182864462,41.950772154043456,40.307952538131964,39.856542123671026,21.169380042860936,41.22797192949359,43.527851004762496,0.13729591761178764
1584,42.1460446862824,42.025057878583205,40.4788977149093,39.96564075402244,15.840747162919794,41.44867662924676,43.519003862400275,0.13729591761178755
1585,42.20576057930659,42.08418577728382,41.08976699900787,40.719991294688676,31.063115644605936,41.748273556483475,43.578719755424466,0.13729591761178758
1586,42.18076546342732,41.97538814417758,40.41020174322943,39.66620431815342,30.696393976051574,41.35440115084213,43.553724639545194,0.13729591761178758
1587,42.18371632327422,42.02559233076935,40.242862677871365,40.082540710872955,23.63911625295946,41.399312845836334,43.55667549939209,0.1372959176117877
1588,42.19004225181277,42.0773572241813,40.827705038475955,40.590688957377935,21.251749237917366,41.763330233502685,43.563001427930644,0.1372959176117875
1589,42.16158503305668,41.89060585852365,40.601106295676324,40.49856472808437,29.12948864988953,41.45799284494733,43.5500633413471,0.13884783082904154
1590,42.15524071497719,42.011605323767405,40.61020950630073,40.46683769548139,26.695149465839503,41.34596413069802,43.543719023267606,0.13884783082904154
1591,42.14607980275077,42.04576291005013,40.200768771131365,40.27440529170133,2.9228629255931367,41.60421803008635,43.53443788459772,0.13883580818469538
1592,42.15279227144277,42.05979551197768,40.39294000588125,40.59102297549046,-11.287391373648383,41.80017326999978,43.54115035328972,0.1388358081846953
1593,42.158354337580654,42.03109765540587,40.61762303207135,39.74622998898927,30.874613395448204,41.49061710611656,43.54671241942761,0.13883580818469526
1594,42.158491566136355,41.98132083880986,40.21860583674977,39.47221998038523,25.16868302766527,41.55142898658778,43.54684964798331,0.1388358081846953
1595,42.149238693726865,41.994645169373314,40.1921035830069,39.69483260161771,22.899994343863547,41.451180849339494,43.53759677557382,0.13883580818469532
1596,42.171229089113865,41.97817648481083,40.14473528984248,40.02426164970836,-12.67808358871926,41.508953753593474,43.55958717096082,0.13883580818469535
1597,42.161595532009564,42.03613371595736,40.25484613774027,39.66733821121772,18.375503977068867,41.31431880307845,43.549953613856516,0.13883580818469526
1598,42.152786538985026,42.06428132560842,40.58485193333549,39.473745528037796,30.336331915844056,41.42731700016302,43.54114462083198,0.13883580818469526
1599,42.15862449482047,42.04103276064937,40.43875631507624,39.93187292771777,25.14830900365145,41.6640615136414,43.546982576667425,0.13883580818469524
1600,42.162111217259394,42.077861096285766,40.36871319556713,40.06561829822106,10.93660684059909,41.719186574291115,43.55046929910635,0.13883580818469543
1601,42.17094771246154,42.04104170883487,40.20714859968278,39.222156264335204,26.375535675098547,41.24855551681978,43.55930579430849,0.13883580818469538
1602,42.18041942562439,42.03577649305998,40.55238786615363,39.82992053733532,25.73592407177493,41.361918259835065,43.568777507471346,0.13883580818469535
1603,42.17716013350774,42.0684551574174,40.286809260837,39.827587769128264,10.66607014389183,41.58382694620638,43.56269983242343,0.13855396989156876
1604,42.17426726338962,42.02274139089031,40.62639864430938,40.0564346030315,29.405142678551364,41.53202530817328,43.55980696230531,0.13855396989156887
1605,42.16232789794037,42.05218718624517,40.91322632297305,40.42775344517784,30.668279746844085,41.60697080562444,43.547176134342564,0.13848482364021944
1606,42.16806764824071,42.0635920536229,40.1213909459772,39.88238828611964,0.9184068290767016,41.567076336745885,43.5529158846429,0.13848482364021936
1607,42.137622355549915,42.003514403414826,40.47140761779885,40.51066808556576,14.715332156518357,41.591840840353754,43.52247059195211,0.13848482364021947
1608,42.15851837131938,41.90883620813235,40.330105346619995,39.740964739580164,24.009497342209237,41.389235097416304,43.54336660772157,0.13848482364021952
1609,42.16204862554412,41.990109226338745,40.734729979044836,40.085351242547546,34.221590849388704,41.562966908174914,43.54689686194631,0.13848482364021955
1610,42.15601498195315,42.08440227205728,40.550822895635044,40.08106968179661,26.64950288236205,41.54473666232238,43.54086321835534,0.13848482364021936
1611,42.1623726257566,42.046631998844795,40.391706370549294,40.093623604372844,22.897199324225838,41.342277125406085,43.547220862158795,0.1384848236402194
1612,42.168625175517526,42.05369058891831,40.134391091237816,39.252705547981684,19.295330748155642,41.425704678786325,43.55347341191972,0.13848482364021938
1613,42.1935480270003,41.977112982184074,40.35237088708499,39.47913609129021,30.372931689224835,41.258919286816564,43.57839626340249,0.13848482364021938
1614,42.1806589436633,42.00766300171685,40.50043152372681,39.669599578071825,29.10772935192485,41.42575206101436,43.565507180065495,0.13848482364021944
1615,42.15914299553061,42.058012334744625,40.57764939611588,39.891995310519455,28.734774170373132,41.65648047952803,43.5439912319328,0.13848482364021944
1616,42.165364525821445,42.020451380222354,40.235370415916435,39.53528004078068,21.56897337451658,41.28481353124165,43.54687116657318,0.13815066407517357
1617,42.14932235669439,41.990727674843825,40.87899320818032,40.59038118591712,25.902049379346575,41.51037989094756,43.52560626423545,0.13762839075410588
1618,42.15839390672704,42.00612289805635,40.43833486030479,40.073501320542064,18.682886384255895,41.48442715225231,43.5346778142681,0.13762839075410588
1619,42.18346101642756,41.97736971645836,40.21957219566816,39.44963050702579,26.8906768574429,41.27397139941018,43.559744923968616,0.13762839075410582
1620,42.173705309246145,41.97815268863355,40.2447124420719,39.10255689505435,31.347684256621488,41.2826287778782,43.5499892167872,0.13762839075410574
1621,42.17741426415847,42.03433969526184,40.577502153082825,39.775839621291915,32.23699031182787,41.48359387411766,43.55369817169953,0.13762839075410593
1622,42.17407214799939,42.019684867158475,40.73427255239575,40.38346820530312,31.010904427838828,41.52298413224926,43.55025134268564,0.13761791946862528
1623,42.1707390110891,42.004942716601334,40.40502279215815,39.52607501643476,26.342560366491597,41.46007477897919,43.54691820577535,0.13761791946862537
1624,42.180310471322734,42.077084047503206,40.13768583255276,39.67306311693001,18.221358367609607,41.483068783834455,43.556489666008986,0.13761791946862528
1625,42.192649066921625,41.975770839697546,39.968249503355516,39.302947798392495,0.8798011877616219,41.4247608463346,43.56882826160788,0.13761791946862545
1626,42.16500211202956,42.018940291202156,40.33487363225564,40.23296239378748,16.084411404893523,41.522641754091225,43.54404315805787,0.1379041046028308
1627,42.16168800927051,42.031268264888205,40.22976102446624,39.763248660728166,18.93926709663047,41.438865354905495,43.54072905529882,0.13790410460283087
1628,42.17375043932776,42.031646025574965,40.55633249145177,40.35801091089938,8.827078224929608,41.65171705792536,43.55279148535607,0.1379041046028309
1629,42.15969331192045,42.07603826381761,40.73293218270437,39.94967216249779,32.38566270957564,41.567403708292176,43.537904695842954,0.1378211383922503
1630,42.16918570929302,42.009782012417666,40.20818773257437,39.37726544809759,27.732480362589392,41.42351419459659,43.54739709321552,0.13782113839225027
1631,42.16590846504705,42.067372085031565,40.533771581362956,39.908107521010145,27.457582106314526,41.55112988867042,43.52848851495159,0.13625800499045335
1632,42.20928545814553,42.0843350889709,40.94212525931298,40.52270243834747,31.510209561763816,41.77047259187325,43.57186550805006,0.1362580049904532
1633,42.15684086235463,42.01892781085704,40.31426653945615,39.79637464485378,26.60661714111553,41.49056729649595,43.51942091225916,0.13625800499045332
1634,42.17481602818956,42.07218952904873,40.515195147588855,40.368350602416236,0.9342417058112389,41.573585960824296,43.5373960780941,0.13625800499045337
1635,42.19362468646132,42.00542900285948,39.73823664215602,39.467952914572265,16.155468407024497,41.490430295132356,43.556204736365856,0.1362580049904534
1636,42.17512150430439,42.045688416832775,39.856985983696354,39.11905365499266,24.827578784542045,41.28626220734164,43.53770155420893,0.13625800499045346
1637,42.207704981847,42.031395418826264,40.71822971393915,40.48037960292156,29.734454003960032,41.41900394681267,43.55662489046375,0.13489199086167467
1638,42.19533733098884,42.09213391642232,40.74967922141516,40.189712356997056,27.34082709956722,41.63286268540076,43.559257616279076,0.13639202852902355
1639,42.18002632564909,42.06100974391414,40.686437118445454,40.128287513545196,31.24853053206689,41.55010012007707,43.54394661093932,0.13639202852902346
1640,42.18592723971644,42.039277026587996,39.99296338889726,39.406443604341916,14.839788648629405,41.37237213230743,43.549847525006676,0.13639202852902352
1641,42.1800280315158,42.05908759398545,40.046267674391345,39.500343041052936,3.0249039422245474,41.36505347552813,43.54394831680604,0.1363920285290237
1642,42.17659795037663,42.050378620773806,40.69186727313887,40.51531812913271,23.465863237185953,41.690509017852065,43.540518235666866,0.1363920285290236
1643,42.17975483189598,42.050426989697506,40.94335643974423,40.63663889442191,32.96321173330746,41.460169897999116,43.54367511718621,0.13639202852902352
1644,42.167820038878425,42.06946854473981,40.50469523788822,40.18341592412932,22.335974988601507,41.555697095583234,43.53174032416866,0.13639202852902357
1645,42.18983843324045,42.06206586960186,40.51858383421008,38.97792441983201,30.93431889783046,41.41954211016953,43.55375871853069,0.13639202852902352
1646,42.17111569232297,42.00223651203239,39.835647636051704,39.15414330460631,21.724071169939673,41.44967744850142,43.535035977613205,0.13639202852902357
1647,42.189446092828874,41.972682551714456,40.60388092430947,40.113033633425964,31.11831698574691,41.41490948432741,43.55336637811911,0.13639202852902355
1648,42.174076773944435,42.06652938679149,40.21848710371014,39.443923849511194,30.1188550322804,41.493224906635675,43.53799705923467,0.13639202852902355
1649,42.192357059491044,42.07543351492058,40.59262937530105,40.1458151498725,22.903615966310202,41.66079213982394,43.55627734478128,0.13639202852902357
1650,42.20826900402575,42.114285593502515,40.848025399614784,40.12533127269592,32.57185599713313,41.649903163234136,43.572189289315986,0.13639202852902346
1651,42.17515276995429,42.08335889190463,40.723198871193894,40.480192509046724,23.17130363786508,41.78624512892345,43.58463734055534,0.14094845706010514
1652,42.18148700891873,42.10668363091484,40.77074802277446,40.34520146796735,30.977228306471098,41.73135292923506,43.59097157951978,0.14094845706010525
1653,42.18453681691508,42.10946046397315,40.69305915578022,40.30323815600419,28.255068873030403,41.69629371055893,43.59402138751613,0.14094845706010517
1654,42.20592179500288,41.96814464886668,40.38160745206736,39.73975851075426,23.118838711383418,41.47559010507575,43.61540636560393,0.14094845706010517
1655,42.19356992266536,42.09412160333953,40.65157991610119,40.32289636924338,21.887573052932797,41.54583495290266,43.60305449326641,0.1409484570601053
1656,42.178257535053625,42.07762704931813,40.762219020967024,40.32093321653472,20.087149765306737,41.71121845261038,43.58774210565468,0.14094845706010523
1657,42.19725377873603,42.08492098876475,40.71765711497438,40.277475786275645,29.23744868389096,41.53536766576717,43.60673834933708,0.1409484570601051
1658,42.19045565192473,42.121945384285176,40.70502812289642,40.02958098813462,29.212383175416193,41.59714758468178,43.59994022252578,0.14094845706010523
1659,42.190691335603724,41.960849541167455,40.08998864845548,39.463137770608874,23.73056574078871,41.13909073490187,43.600175906204775,0.14094845706010523
1660,42.197176533476835,42.08975047391778,40.34583621181211,39.66303318488525,26.496608426880382,41.39880737481493,43.60666110407789,0.14094845706010534
1661,42.16892477163291,42.06558659142707,40.07534461704596,40.06859461519018,-11.4469191272875,41.739960092907396,43.57840934223396,0.14094845706010517
1662,42.19669275836993,42.05932647564978,40.29484190994409,39.79246538536516,25.141762738403038,41.61570557649114,43.60617732897098,0.14094845706010514
1663,42.19984082258549,42.051761212677064,40.52422017551756,39.467856076940805,28.66830044017684,41.488972252195126,43.609325393186545,0.14094845706010525
1664,42.19094593245879,42.10289666133988,40.09790178880961,39.69341750146913,12.104519430076287,41.31250279623764,43.60689254605268,0.14159466135938892
1665,42.17885982845446,42.05882492930194,40.48067770888414,40.15857876063788,12.120701509774928,41.36423582963137,43.59480644204835,0.14159466135938906
1666,42.18194438957675,42.04178048369006,40.51596480915516,40.21779575241408,23.479795708254116,41.56361993961431,43.59789100317064,0.14159466135938908
1667,42.166159356198165,42.00378364834587,40.45444979149437,40.134877786051575,26.089913482112596,41.57155469389018,43.58210596979205,0.14159466135938903
1668,42.17821289196156,42.06862481996917,40.97613611366642,40.53162579211784,34.67111715440012,41.765195070420745,43.594159505555446,0.141594661359389
1669,42.18565051708305,42.081835235873896,40.79663197894203,40.13614632842096,30.84880815451897,41.54820977196422,43.601597130676936,0.14159466135938903
1670,42.17868515264805,42.03269008200878,40.391917078762084,39.7094038312752,27.727179288635625,41.3648273137488,43.59463176624194,0.14159466135938903
1671,42.18892986762141,42.0841166253562,40.58369884948174,40.12772994751149,24.043044725304643,41.46953057695785,43.61624271478027,0.14273128471588575
1672,42.15748770766609,42.05670091619714,40.37664972710428,40.26927170648443,21.647532434057986,41.53068120635209,43.58480055482495,0.14273128471588584
1673,42.18873604456309,42.05456680704587,40.68574827420166,39.88507101688098,31.71575250287998,41.602150044726045,43.61604889172195,0.1427312847158859
1674,42.16987453564001,42.01367129424232,40.63617667621353,40.01791064157331,29.139462596560556,41.501772116680726,43.59718738279887,0.14273128471588573
1675,42.18874061908131,42.03305747094593,40.253935030281504,39.79222989498516,23.10915676335469,41.46705309432561,43.61605346624017,0.1427312847158859
1676,42.156024771329825,42.069041421585176,40.49553915613463,39.78388686703398,30.44080840118172,41.419527433883275,43.572871296258825,0.14168465249289958
1677,42.17718153310401,42.05422073653977,40.29008678827912,39.60784564090394,19.61858386278778,41.40953804838598,43.59402805803301,0.14168465249289977
1678,42.176885424015815,42.065969503875124,40.59090926981264,40.087662619351526,26.03701114445072,41.632891742759185,43.58872864817691,0.1411843224161095
1679,42.1714639916696,42.05557909201294,40.420933510179125,39.62768828101222,27.288232078938808,41.335636731925845,43.58513245166499,0.14136684599953944
1680,42.19319363777135,42.09186452638534,40.160019240958356,39.63523814190626,22.261686993735218,41.475302957093305,43.60686209776675,0.1413668459995397
1681,42.17133211990377,42.07136428319101,40.97011259029671,40.22694032170667,29.78697975978811,41.607816015311855,43.58500057989916,0.14136684599953947
1682,42.19056941051512,42.016558261458556,40.54023669996875,39.8677169748752,31.06445473125037,41.457751862254455,43.60423787051051,0.14136684599953944
1683,42.15748454365262,42.06540451488062,40.65586830423421,40.30254789233655,28.484825416671367,41.542369917566404,43.572998457533465,0.1415513913880841
1684,42.18217598858191,42.07847632077799,40.629147045570576,40.43355716639282,27.295092795717544,41.466119659906056,43.597689902462754,0.1415513913880842
1685,42.16909094177675,42.05188623901542,40.48773362912615,39.835982631959865,28.362684457012687,41.44626491926799,43.58827321599339,0.1419182274216639
1686,42.163101982146095,42.076602601696045,40.4401367046945,40.18067508864818,19.38136120977322,41.40836263798973,43.58228425636273,0.14191822742166393
1687,42.17568919670572,42.04397567140757,40.50044174101545,39.98913655881682,30.95665917518736,41.48402058267643,43.59487147092236,0.14191822742166402
1688,42.17576690515325,42.07810353366253,40.47028746168761,40.11256156845628,22.41893835355685,41.57572578864173,43.59494917936989,0.141918227421664
1689,42.16995509016651,42.09996950648596,40.74520995573067,40.32039236570273,25.495005231548436,41.69675541884547,43.58913736438315,0.1419182274216639
1690,42.16388860840764,42.07317780085725,40.048465316801185,39.73371495262014,0.5134643678774466,41.484832709013766,43.5942910671673,0.14304024587596592
1691,42.18333512825655,42.052461051299495,39.74201656794046,39.906208972847125,-12.572043062412746,41.62491441297972,43.58836267671858,0.14050275484620278
1692,42.174268308139524,42.01671211805393,40.32062360796634,39.590051644853325,23.939341227193662,41.319122536238964,43.57941608304501,0.1405147774905488
1693,42.18938770859653,42.09922840338497,40.220096014823675,39.63561339220485,18.085666018338863,41.64821446969419,43.594535483502014,0.14051477749054883
1694,42.1895866141951,41.94668456927098,40.11249718389535,39.872147214345546,15.869288377923041,41.311620744656196,43.59473438910059,0.1405147774905489
1695,42.20193001657887,42.059774453853144,40.70602259297865,39.791584637846924,27.476850578571298,41.60237330653577,43.607077791484365,0.14051477749054903
1696,42.18904339506431,42.00340457785214,40.9578431181598,40.47296943117918,33.72248074615132,41.575209547365674,43.59765853847432,0.14086151434100136
1697,42.201314246170526,42.10816520550988,40.54706965176155,39.948774916735424,28.223715217201388,41.500963879111126,43.609929389580536,0.1408615143410014
1698,42.1889729478282,42.05270639149985,40.953457996012176,40.64877210552055,33.46376735041583,41.74846633395258,43.59758809123821,0.14086151434100133
1699,42.17334831159791,42.00235137149498,40.18418308959628,39.92072705330379,27.592061527583944,41.41320025590471,43.58196345500793,0.14086151434100141
1700,42.18280240953466,42.06580304469199,40.788338161246024,40.14623835694911,31.03597998737286,41.55447368073084,43.59141755294468,0.14086151434100144
1701,42.179855190108285,42.087849662301196,40.206555112842786,39.89679943334558,-11.416333018835026,41.51791288389073,43.588470333518295,0.14086151434100136
1702,42.19550325797756,42.02192201270214,40.799634236339685,40.40448815203558,29.06940707990128,41.455850223557945,43.60411840138758,0.1408615143410014
1703,42.180082288247654,42.062094700767545,40.58120343614821,40.105919366670996,23.0890188335122,41.524455990153065,43.588697431657664,0.14086151434100133
1704,42.20156061728146,42.01768400633537,40.19056170887163,39.38920248936079,23.250912658746998,41.35970663880951,43.610175760691476,0.14086151434100153
1705,42.15811819604946,42.07975756615047,40.524967290734665,39.71870984575399,24.009178605959733,41.42182930337048,43.56673333945947,0.1408615143410014
1706,42.206601558169375,42.0900572822711,40.44460565421246,40.139341412254176,16.454904603809233,41.50803365259495,43.61689128616551,0.14102897279961335
1707,42.19726595412098,41.94107338887874,40.333537637116734,39.62764093597085,30.44981670075751,41.24157927066128,43.607555682117116,0.14102897279961354
1708,42.18468110761803,42.065555414269454,40.04547227620576,40.03787394021041,-15.6242440376978,41.6225020179968,43.59497083561417,0.14102897279961332
1709,42.19037791621909,42.05392076500737,40.91270134107757,40.4198553188511,33.61313588643512,41.62311099419358,43.60066764421523,0.14102897279961346
1710,42.16525096915228,42.05839338428109,40.80782301946241,40.646970268835545,26.493378232393482,41.59213451781846,43.57554069714842,0.14102897279961338
1711,42.17212009264518,42.05589988760944,40.789726261238194,40.40481659771486,29.244470777117456,41.676662166068084,43.609834791388984,0.14377146987438014
1712,42.163234412449654,42.02979924075333,40.39746336573119,39.928298945046535,23.7904768181727,41.437864413679335,43.60094911119346,0.14377146987438014
1713,42.18863114525396,41.96160653801634,40.363569132930515,39.941146936523,26.503733176534453,41.371022291819216,43.591603645727155,0.14029725004731997
1714,42.17568650467738,42.0472465809758,40.26915384429818,40.0373014150159,9.724312407830382,41.50763534308929,43.57865900515058,0.1402972500473199
1715,42.18057413680473,42.066346974360286,40.44315844328451,39.861886721666394,15.411877877513408,41.44683561238873,43.56300568591802,0.13824315491132919
1716,42.2040916417368,42.06332829513826,39.776234506983805,38.97389265876708,18.486386568221633,41.21574682729187,43.61650247540248,0.14124108336656754
1717,42.176756794456466,42.07734221516089,40.601321527708166,40.14965224337142,11.35565974907042,41.76667712047153,43.61975656375816,0.14429997693016922
1718,42.16738166686137,42.067935214993696,41.141545880107635,40.79412768722336,37.10367441884467,41.65237674400045,43.61038143616306,0.14429997693016913
1719,42.15509295703171,41.99819232783547,40.46373906080353,40.06522493084957,27.239583681864044,41.51888129785783,43.598092726333405,0.14429997693016916
1720,42.16403368776325,42.02495032123303,40.28999226554565,39.819578411043274,16.702400305561394,41.432474448315915,43.607033457064944,0.14429997693016908
1721,42.14249473553878,42.06100854556615,40.311768813672295,39.68660249908316,23.70286911317377,41.40015258020591,43.585494504840476,0.14429997693016908
1722,42.151637832434076,42.019218123996865,40.61970213078523,39.720723342357715,30.037215268533892,41.405434328280776,43.59463760173577,0.14429997693016916
1723,42.156369575298505,41.964669240248014,40.45672214583934,40.40693232812674,26.461032904127165,41.49778481908622,43.566934955078736,0.14105653797802292
1724,42.196354583592296,42.03463674104586,40.47100866409882,40.07412065272162,31.17382177071248,41.33684708972959,43.606919963372526,0.14105653797802292
1725,42.18699673705598,42.087788044836365,40.511912981062025,40.157091653886404,23.349463866405674,41.88200024108449,43.59756211683621,0.14105653797802298
1726,42.1747012263655,41.99601622650784,40.2356908128237,39.69048927815513,25.11760472558433,41.42757203875813,43.58526660614573,0.14105653797802292
1727,42.171173298866485,42.05496393931132,40.546100893551966,40.08182296485868,29.254008432677622,41.47028375165226,43.58205490641273,0.1410881607546245
1728,42.18093522430116,42.0078826221484,40.53175794493448,40.12180647804306,27.075596688487124,41.46970300959404,43.5918168318474,0.1410881607546244
1729,42.18388130747746,42.0569399972733,40.58530313874146,40.263874875425536,29.42430322189935,41.44209049595497,43.59476291502371,0.14108816075462446
1730,42.190360430224366,42.0493938021311,40.842608027492474,40.54966523270122,30.747572844412225,41.60079366784649,43.60124203777061,0.14108816075462444
1731,42.195604294423966,42.05585574114462,40.48194009048357,39.728575610695856,29.311132310380064,41.36753546391699,43.60648590197021,0.1410881607546246
1732,42.18687423671203,42.05695795334554,40.52939961542709,39.99324342644294,25.641949658785517,41.56817019727515,43.59775584425827,0.1410881607546246
1733,42.17743162064718,42.00045786066083,40.04462756566035,39.80495181476446,15.9360612701695,41.3570979831554,43.58831322819342,0.1410881607546245
1734,42.189499040971235,42.072372121501964,40.742912924587245,40.1742109566452,30.55618288167661,41.51422912771599,43.60038064851748,0.14108816075462458
1735,42.177552040411854,41.98434779415955,40.29037407264246,39.899218725128634,29.75655159234376,41.27230649067663,43.588117420192084,0.14105653797802287
1736,42.18288694978246,42.078677151417565,40.608751830692526,39.9421519677212,22.618384892473,41.45009077120146,43.594797186277496,0.1411910236495041
1737,42.17947418855419,42.02077255886382,40.51777516240676,40.21911328159624,24.022407299303172,41.647854082414256,43.59138442504923,0.14119102364950412
1738,42.1950637793818,42.11288339000121,40.435877574801815,39.679576492123026,21.94447925288208,41.759566944498026,43.60697401587684,0.14119102364950423
1739,42.20159495126196,42.08934962257983,40.60804383234083,40.074576466471704,29.590179068943115,41.51946341401853,43.613505187757,0.14119102364950412
1740,42.17286524664541,41.987093420061164,40.271569100913425,39.619962106430876,21.72999509283279,41.370480832586594,43.57915206988854,0.14062868232431383
1741,42.17907577849153,42.00751051472678,40.56044340863541,40.46217246412336,30.572731129368325,41.439763056518785,43.58514880552572,0.14060730270341887
1742,42.1653613117481,42.05376759917519,40.37845264228574,39.89012963128683,10.462109103125456,41.434331637795964,43.58162308307002,0.14162617713219172
1743,42.168807356618885,41.97752767669043,40.205007217194385,39.70620500286839,18.267939857413815,41.444592034426634,43.5850691279408,0.14162617713219167
1744,42.1690298265896,42.04090953113162,40.467251243423874,40.054817506023845,29.0242689752129,41.36135214068371,43.58529159791152,0.14162617713219178
1745,42.19192000726577,42.06136905186212,40.22068765592919,39.05455905529959,22.546872845325733,41.31214731778374,43.61619945427945,0.14242794470136794
1746,42.16411644885475,42.04543740047726,40.7010992588717,40.08978586651655,31.833893073818437,41.5437700546294,43.58839589586843,0.1424279447013679
1747,42.16140868672363,42.02355404605786,40.61230090418788,40.30015783248336,24.005844248609115,41.52322080038972,43.58568813373731,0.1424279447013678
1748,42.18580432453147,42.08845250911685,40.97922488660596,40.36179590332681,36.061674485127796,41.73040523983545,43.61008377154515,0.14242794470136802
1749,42.1704002705323,42.05169617243879,40.476370785377526,40.07027656578778,24.549226168574428,41.172456275822974,43.59467971754598,0.14242794470136794
1750,42.19207256824552,42.02585833397723,40.353760230867984,39.684713013696594,27.936470914615462,41.378557545600884,43.6163520152592,0.14242794470136794
1751,42.170324535298704,42.00316729721877,40.555555452072106,40.036680282104236,26.781041288896052,41.34910549854531,43.594603982312385,0.14242794470136794
1752,42.19202569814907,42.0016483179396,40.21111229739484,39.443660792945906,20.144370786453795,41.36314475046211,43.61630514516275,0.14242794470136805
1753,42.1675152638807,42.083293926757165,40.515697439149946,40.17234846383178,26.013311681691277,41.46656923388056,43.59179471089438,0.1424279447013679
1754,42.160457013266786,42.05890801036101,40.70709654280178,40.257712455942425,25.49087035751712,41.57405464009548,43.58473646028047,0.142427944701368
1755,42.18586822250816,41.99688919385093,40.367225685199315,40.17910582009177,11.801309975931552,41.51319968308066,43.610147669521844,0.14242794470136788
1756,42.15840483532445,42.03519976132873,40.63535940501281,40.09525868956706,30.875857031350517,41.476815426848766,43.58268428233813,0.14242794470136808
1757,42.185789865412154,42.062336355900776,40.395829541113194,40.25287028330803,26.03719013433051,41.61666229403512,43.610069312425836,0.14242794470136794
1758,42.191709333016455,42.08351373201436,40.719836805533006,40.53197803440911,30.180148824756145,41.64648450056567,43.615988780030136,0.14242794470136796
1759,42.20427010406634,42.034937731381696,40.26451116551043,39.750876249137484,3.2626207197622605,41.581854043900286,43.62854955108002,0.14242794470136785
1760,42.16128113222318,42.09231257858004,40.63817416186791,40.23135853180979,19.338908680817642,41.599718696811514,43.553937802635176,0.13926566704119953
1761,42.18643837429374,42.08096172128091,41.03758741890375,40.51457193102389,33.6425316316633,41.73284010228946,43.57909504470574,0.1392656670411995
1762,42.19565855191847,42.10737999849204,40.31567153120297,39.47369206144834,20.0798787579888,41.419803403439786,43.588315222330465,0.13926566704119958
1763,42.19543167736757,42.09815239119725,40.48517593259432,40.113062595035224,23.701369893431707,41.51495921496186,43.58808834777957,0.1392656670411996
1764,42.2080478210444,42.06182555409734,40.35900781523996,39.973166664194,1.227519511682054,41.30429539896977,43.6007044914564,0.1392656670411997
1765,42.205481596827774,41.90029098321413,40.15542647555162,39.30663214595427,26.31535780625717,41.23425562798025,43.59813826723977,0.1392656670411996
1766,42.20840474430264,42.115300652805225,40.342910500120446,40.465306169987706,7.92165083677471,41.5924622406861,43.58739219271106,0.13789874484084177
1767,42.21099772282828,42.0388745501273,40.632544382518354,40.178351327011626,28.792925481392835,41.717173774053805,43.5899851712367,0.1378987448408418
1768,42.19896079803343,42.01582998995879,40.59783394584678,40.303909102933815,29.291975965702722,41.279131067567555,43.57794824644185,0.137898744840842
1769,42.19854651822687,42.086921582289,40.877232705746906,40.34500967061996,26.092904738272168,41.50649630136212,43.577533966635286,0.13789874484084194
1770,42.202050236332674,42.05576797784243,40.23707461519544,39.424900390983915,29.78534034516901,41.38277360629549,43.58103768474109,0.13789874484084183
1771,42.208172319726145,42.0387260801004,40.03520419289256,39.68237462846509,-12.535853164585156,41.4601237236286,43.58715976813456,0.1378987448408418
1772,42.22709057697028,41.944139098403795,39.79909801869341,39.18122964129532,26.15663908881058,41.25765156254967,43.60607802537869,0.1378987448408418
1773,42.21720382445757,42.0840943627963,40.441569422244775,39.68186124591502,29.994348349314404,41.34064192142411,43.59619127286599,0.13789874484084186
1774,42.20329115890934,42.1022361901254,40.73047338665364,40.33799112420248,27.760811678747466,41.56758874516912,43.56588262354369,0.13625914646343537
1775,42.218047432819475,42.11630667912883,40.74580739397012,40.28536605448065,31.721376044112695,41.590018710564564,43.58063889745383,0.13625914646343532
1776,42.23109160830413,42.106845487227844,40.60145374307187,40.21307630303267,1.4659907263080996,41.73100786110557,43.59368307293849,0.13625914646343532
1777,42.22786016930955,42.112455484442236,40.74360927105512,39.88412035019239,34.69850783810115,41.22125220223474,43.59045163394391,0.13625914646343532
1778,42.256171523309675,42.12619995121899,40.627506702130034,39.826903633251675,30.552738398896224,41.635805076983445,43.61876298794403,0.13625914646343534
1779,42.228181515314475,42.076374850853455,40.483265518713054,40.354846532275005,16.320078069095917,41.56867591085742,43.59077297994883,0.1362591464634353
1780,42.2248616771261,42.09825386654907,40.53826285071216,39.77997604908118,31.344618256387903,41.4998428282378,43.587453141760456,0.1362591464634353
1781,42.227277235869806,42.121203406523776,40.50509521959153,39.82886028586475,16.341006807472542,41.497570909763894,43.58986870050416,0.13625914646343537
1782,42.22562059563475,41.96433841264195,40.01705733193183,38.82861602180764,2.8247283604887485,41.17450742910727,43.60272824744933,0.1377107651814578
1783,42.198331888387145,42.06409474361855,40.35385717999035,39.59797437340179,26.692303840139708,41.40232552436326,43.57543954020172,0.13771076518145783
1784,42.20718923900314,42.1210388150023,40.53839064785587,40.445579412578255,1.2567661362464193,41.619340260318346,43.58429689081772,0.13771076518145767
1785,42.23498663049243,42.05161147911293,40.447391369052724,39.74393342481196,22.678386367721902,41.418840740552724,43.612094282307005,0.13771076518145775
1786,42.191883926851865,41.97948291811226,40.22445589429642,40.03243032796121,-1.6595191956309279,41.415759963948965,43.578073052548184,0.1386189125696321
1787,42.204130533683,42.10156400002147,40.48475220514096,40.25298812297781,22.162493037133796,41.51116529848381,43.59031965937932,0.13861891256963224
1788,42.207327941892316,42.02302725441458,40.63833814233875,40.175909282519434,27.38743403134935,41.29131201434144,43.59339684114517,0.13860688992528583
1789,42.22026201640289,42.102151035521906,40.89211661152718,40.59628106137652,31.963762430248927,41.699651467038066,43.606330915655754,0.1386068899252859
1790,42.194767700996344,42.100995489994844,41.06094566703824,40.230204120864784,32.491838806997364,41.76646853389725,43.58083660024921,0.13860688992528591
1791,42.217094706715194,42.0971770921836,40.51835440928894,39.91581791606366,27.15118436258359,41.539936674394724,43.60316360596805,0.1386068899252858
1792,42.194863918947064,42.07134125690097,40.29046522965917,39.75665129795542,24.5063216112302,41.53580918281744,43.580932818199926,0.1386068899252859
1793,42.198051081698935,42.07556409928432,40.58004807492494,39.51701953409782,28.989891014128297,41.64648934275668,43.5841199809518,0.13860688992528594
1794,42.210508779210855,42.086129424315374,40.994298237130515,40.65153996465629,27.337848612197444,41.78294154419198,43.59657767846371,0.1386068899252858
1795,42.20704321808222,42.13018875267828,40.40516751847781,40.06337620672518,0.6127249957992973,41.78006372583934,43.59311211733508,0.13860688992528586
1796,42.198406730008315,42.11774846216625,40.739441627476225,40.038195948270435,31.65567618522102,41.74763342629846,43.58447562926117,0.13860688992528583
1797,42.207830715755875,42.129888174756076,40.82857546759346,40.213006040957424,32.140256837936775,41.51528606667445,43.59389961500874,0.1386068899252859
1798,42.18593842858496,42.082781392197454,40.28330892767017,39.519725016999246,23.861556069394982,41.21571890856833,43.57200732783782,0.13860688992528583
1799,42.21392204590963,42.0918627530573,40.572349092537536,40.10587201857846,24.565114122421754,41.52664225626089,43.59999094516249,0.13860688992528594
1800,42.19870534040825,42.118031520291126,40.878305765129404,40.808803540373184,26.8633229361965,41.65356443220986,43.587404507653005,0.13886991672447552
1801,42.17878721108747,42.0909567181303,40.635077726155075,40.17795257368668,17.024980978152975,41.53910187941403,43.5562661937892,0.13774789827017345
1802,42.21293224315568,42.093478651746686,40.78561161657311,40.23381589929042,16.20312985972794,41.523984386451474,43.59041122585741,0.13774789827017347
1803,42.21013077596261,42.13393630085493,40.65312840615499,40.137498734441415,27.470582728785168,41.653422480856264,43.58760975866434,0.1377478982701734
1804,42.20078923265459,42.13096594619232,40.889337115402505,40.16022271848593,33.47221524815514,41.68205639296164,43.578268215356324,0.13774789827017342
1805,42.21023085938912,42.06610538815711,40.29752995962946,39.38570645453347,21.63134563643509,41.407756009562405,43.58770984209085,0.13774789827017336
1806,42.19919277834185,42.12050643450216,41.02807986440187,40.50505076441957,25.47283352059189,41.75762479499531,43.58085735031973,0.13816645719778778
1807,42.20242732793141,42.058799422795786,39.959622046317214,39.576892245036575,-12.418703318436066,41.44728381764865,43.575010426027546,0.1372583098096136
1808,42.2271060942453,42.121879269993215,40.38441344525921,39.740432389904335,27.050644538182436,41.45542551331096,43.59968919234144,0.13725830980961345
1809,42.218259934740004,42.10103727150742,40.98520269890332,40.589318572428645,29.840861806261213,41.6904640641093,43.59084303283614,0.1372583098096134
1810,42.21187223731171,42.06327690346223,40.659920668468295,39.9817215698353,28.76947484944425,41.53541538981655,43.584455335407846,0.13725830980961357
1811,42.21801954227371,42.11162096270833,40.75344981205171,39.601145522390965,31.69013526089614,41.631912948371024,43.590602640369845,0.1372583098096135
1812,42.220224788236386,42.015077941954885,40.44467462126974,39.49868877412529,33.04664856846891,41.2502387645155,43.590561325586116,0.13703365373497314
1813,42.22631212807318,42.13344487683606,40.68030144692416,39.68588870593362,31.787344521957696,41.577568963918935,43.59664866542291,0.13703365373497306
1814,42.2296592452347,42.054749571386196,40.80939059525908,40.641245950010976,23.169493759182114,41.68386112247224,43.59999578258443,0.13703365373497323
1815,42.21091885079145,42.08853219055657,40.66958940228669,39.79707206868473,33.47211223458533,41.477878890509956,43.58125538814118,0.13703365373497323
1816,42.20775949573023,42.07459420825539,40.30592383803807,40.159945328369396,0.32954926398312523,41.67032543522429,43.58437692842824,0.13766174326980155
1817,42.207757670603826,42.10330595886154,40.64751556010074,39.70006747214851,29.6691013877109,41.626314542591814,43.584375103301845,0.1376617432698016
1818,42.21401312407545,42.11821182315302,40.91969743105841,40.479120800169696,30.85315802923699,41.89506032765793,43.59024684952797,0.13762337254525225
1819,42.2163710944678,42.101082454810765,40.783225890652545,40.1303815686877,33.26123963120637,41.53774343390036,43.58382262350382,0.13674515290360145
1820,42.23038100603063,42.157409160207415,40.79106056256684,40.69388096102206,24.284334949781922,41.71006451351412,43.60010672981513,0.13697257237844984
1821,42.22120159338081,42.12599065126708,40.559204481231696,40.254632096938565,23.58482602408134,41.50443110482367,43.59092731716531,0.1369725723784499
1822,42.205305778075,41.99812649015918,40.77327856897243,40.21862754702929,27.62515764476266,41.36110893537045,43.5750315018595,0.1369725723784497
1823,42.22979718414649,41.99744185599998,40.46288757616673,39.910066379720355,30.12543573200827,41.30162915489926,43.59952290793099,0.1369725723784499
1824,42.208463272771354,42.11930721453486,40.306648561919275,40.07625383571786,15.407042189461201,41.50842366543523,43.577902664735795,0.13694393919644407
1825,42.211676193659834,42.12819791177613,40.43209591905607,40.54421049528712,16.343998869083187,41.55211970822673,43.581115585624275,0.13694393919644415
1826,42.21668563717637,42.05716271785998,40.43794838987125,39.41450596912284,28.30905234350005,41.38309916968246,43.587537951341766,0.13708523141653955
1827,42.21385238725808,42.09419240986973,40.41282113069195,39.700521736018146,26.563383863416163,41.66052586616143,43.584704701423476,0.13708523141653958
1828,42.23730447862722,42.11927186837031,40.51759701067046,40.11379484054661,21.174283248209655,41.565670700840734,43.60898645489843,0.13716819762712024
1829,42.206850809341496,42.10351572933273,40.53223998891025,40.018087143199324,31.532348174722088,41.349369098984496,43.57988174849529,0.1373030939153794
1830,42.246616775786855,42.141050441391855,40.67988390882277,40.179212254001676,29.739334840509358,41.64498045322853,43.61964771494065,0.13730309391537948
1831,42.23797905756365,42.09487535805548,40.49576347007542,40.03004348116479,24.384561316593807,41.52985996806299,43.61053962965959,0.13725605720959394
1832,42.23215655220073,42.128718193533985,40.76161307767673,40.31947039402422,24.06542369359438,41.631551135766685,43.60471712429667,0.13725605720959405
1833,42.253834010477966,42.14539741109259,40.92655900579003,40.061508455787994,31.81250659054999,41.66110131797594,43.62639458257391,0.1372560572095939
1834,42.23756900609138,42.09594774270096,40.47904868070112,39.98752463778068,28.006745434319,41.603123470744684,43.60485112426407,0.13672821181726974
1835,42.244055300088185,42.11961741066147,40.96401943754302,40.63507722827033,27.37704759258017,41.66326506410995,43.61133741826088,0.1367282118172696
1836,42.25889832791052,42.12035929799439,40.63035412773284,40.247797057836195,23.170279803992422,41.476119549609614,43.62618044608322,0.13672821181726966
1837,42.252448006676715,42.02037144926273,40.63055676199153,39.78641353143039,32.64978963031123,41.34952344113859,43.61973012484941,0.13672821181726963
1838,42.24977521748071,41.98866510105021,40.90900284746872,40.30420526374295,33.25613327659333,41.55371439730041,43.617057335653406,0.1367282118172697
1839,42.24010478871433,42.12011167915297,40.61850705298961,40.095582681260666,23.600660476235454,41.662306777217,43.610789371042586,0.1370684582328253
1840,42.23810516413414,42.06634292929493,40.50118999473398,40.06973820770568,30.43675788460105,41.43069077297996,43.61023518623314,0.13721300220990013
1841,42.23217732580654,42.14499795051881,40.76114348229778,40.28122505228016,26.110598159804294,41.71282500138177,43.60430734790554,0.13721300220990001
1842,42.238385416098325,42.128721302368604,40.79865651945888,40.61664798571834,26.562467796467608,41.62703618411044,43.610515438197325,0.13721300220989996
1843,42.24109835337564,42.03089958552524,40.2106523476195,39.64026146237604,17.949072127735427,41.276158923429264,43.616755752686785,0.13756573993111423
1844,42.23215872381758,42.099452279863165,40.40506104094715,40.48742310986162,-6.401298786414237,41.63924024058411,43.60781612312872,0.13756573993111412
1845,42.23863115365602,42.12734020833409,40.20563294931935,39.56343016564191,19.68260724858934,41.750674782331004,43.61428855296717,0.13756573993111415
1846,42.24482050204304,42.155986947980416,40.32938038130552,40.1597108607141,1.4922705452849314,41.65307781017644,43.620477901354185,0.13756573993111418
1847,42.24798989585766,42.15296628839756,40.897650849685895,40.45737683429549,32.25286359228652,41.64873688247921,43.6236472951688,0.13756573993111412
1848,42.232608082515526,42.07576819551866,40.487658301659145,39.762785253331735,17.295257403009572,41.513415036052024,43.60826548182667,0.13756573993111426
1849,42.250430073402946,42.12238824494533,40.76531767115153,40.52641013902703,27.79351128046919,41.840324920054286,43.62608747271408,0.13756573993111404
1850,42.23851619714091,41.958096697739066,40.262756889699936,39.20242058455954,25.921453752451153,41.43219990535591,43.614173596452055,0.13756573993111418
1851,42.26956367988558,42.09649819576949,40.22404618287962,39.66879133718427,21.160344777850188,41.36392244416908,43.645221079196716,0.13756573993111404
1852,42.25454352460415,42.07099469485252,40.69918627110354,39.880873033963304,30.430498229669137,41.50169856145536,43.6302009239153,0.13756573993111412
1853,42.24430555845129,42.07501303448287,40.34643832921592,39.8292425410318,26.804322830326996,41.52817581288751,43.61996295776243,0.1375657399311141
1854,42.235068142088764,42.03291477815067,40.3884930559916,40.205361629938885,21.593630805780187,41.5490264733983,43.6107255413999,0.1375657399311141
1855,42.25971514133154,42.007951902696306,40.00736760840567,39.72426757549149,20.1989972853804,41.38443982924619,43.635372540642685,0.13756573993111418
1856,42.225629584779085,42.12884453793262,40.708336034558286,40.12107657171663,28.359175693607646,41.62928722322457,43.61741840680412,0.1391788822025032
1857,42.20644994259141,42.04967175256934,40.543901712337544,39.82767219550552,28.803426212883547,41.51526913791497,43.59823876461644,0.13917888220250307
1858,42.21324598659173,42.01809295935305,40.26375241674802,39.53200095010014,1.4482764756623183,41.474697094331916,43.605034808616765,0.13917888220250316
1859,42.216262649044104,42.03945185910476,39.89079134701611,39.35858916769695,17.851050736514356,41.3740577235876,43.60805147106913,0.13917888220250307
1860,42.222905165322224,42.1251752733981,40.63097320295906,39.74833807798267,31.08311439124924,41.49411360447469,43.61469398734726,0.13917888220250318
1861,42.21630585041511,42.107615826388596,40.62245126478967,40.047759377626534,27.76902786644898,41.6894078198756,43.60762625056277,0.13913204001476567
1862,42.210745114690965,42.1040009185917,40.62272752092062,40.0953292777999,25.31567372448406,41.56175907272106,43.60206551483862,0.1391320400147656
1863,42.22255158505175,42.1438756738522,40.64122110567179,39.864595284870745,32.09336304547677,41.66656198312633,43.61102167398089,0.13884700889291474
1864,42.22863589294207,42.12480326141098,40.54264324235574,39.83869975539731,30.43266034051546,41.50244200041491,43.61710598187122,0.13884700889291474
1865,42.228839934066514,42.132272410643544,40.81244930626944,40.26223656960589,31.463435248257532,41.66848006692835,43.61679716161167,0.13879572275451554
1866,42.226776380065246,42.10988939406202,40.48815904698237,39.93986766301979,26.486605833701816,41.5933602460554,43.61254584598645,0.13857694659212072
1867,42.2452350048868,42.050910560099084,40.25888893153921,40.09770576618525,19.678782472252628,41.46772879466086,43.63100447080801,0.1385769465921206
1868,42.21991522778351,42.1145158003796,40.67771377684886,40.041813166058304,29.292314062424975,41.57344799659329,43.60568469370472,0.13857694659212055
1869,42.20484438664231,41.98941003431772,40.14454836158581,39.657361850650695,12.372505006897896,41.107591771651855,43.590613852563514,0.13857694659212064
1870,42.2201707277699,42.10797090666521,40.82783959597339,40.32651288170794,27.741729332124155,41.45841426227478,43.605940193691104,0.1385769465921206
1871,42.2334409589229,42.06165039141693,40.57724668738939,40.04650521124276,30.426850497373962,41.57342568758141,43.615542064508304,0.13821011055854085
1872,42.227936752045565,42.13400455051713,40.161808058154314,39.5887811971884,-7.0766607073309515,41.40891442063745,43.61003785763097,0.13821011055854088
1873,42.23767910814981,42.041660711242535,40.38012316457644,40.023995040424175,21.597500388181935,41.47863798174971,43.622297249473796,0.13846181413239805
1874,42.23765322443007,41.975145267608156,40.38641332648128,39.92130129990708,22.688871556025077,41.50062120370217,43.62227136575405,0.13846181413239805
1875,42.247420007954084,42.118803949385516,40.88140087535277,40.52055334712255,25.069223215035493,41.647077786828135,43.63203814927807,0.13846181413239803
1876,42.23523518544114,42.1244083448282,40.241480446383406,39.674354693471464,27.074229401962384,41.51569633831232,43.61985332676512,0.13846181413239794
1877,42.24627355025326,42.04489980048136,40.31054726289369,39.80985863294242,27.902209157269965,41.46540549541082,43.60899257616778,0.13627190259145192
1878,42.23071040522643,42.132963413160155,40.76859361038998,40.31884982882473,30.901771096766183,41.674931900604065,43.596840608392085,0.13661302031656503
1879,42.22129380864311,42.13267839894579,40.829747832807165,40.24319244160178,29.593266868824035,41.53919636536824,43.587424011808764,0.136613020316565
1880,42.24542596946274,42.07820017420112,40.26574854415405,39.8838622771072,20.006930399456415,41.62369328764535,43.61155617262839,0.136613020316565
1881,42.222044782394335,42.07202848433562,40.47335095497801,39.66107888381587,31.619714108260993,41.50493383520774,43.58679460129538,0.13647498189010468
1882,42.23151847593273,42.05725259672178,40.45114000730481,40.14635184785274,24.105063343481014,41.35218358139487,43.59626829483378,0.13647498189010474
1883,42.231086866489804,42.11736196361493,40.64672003343992,40.37770700794764,29.599974169015216,41.4531132303412,43.59583668539085,0.1364749818901047
1884,42.27149857356671,42.11392075115357,40.817437826196354,40.171559749183984,30.284592978228083,41.577706892195934,43.636248392467756,0.1364749818901046
1885,42.23463848609938,42.1330062971165,40.78743640826645,40.627904432481415,27.61344884690532,41.67563078766053,43.599388305000424,0.1364749818901048
1886,42.24778327643729,42.122396691767634,40.59165423823045,39.90177953506044,27.126015144230713,41.562282757169356,43.612533095338335,0.13647498189010468
1887,42.22829476087138,42.11206107136272,40.6382277637327,39.92809042678105,23.424630399266015,41.63054230291107,43.593044579772425,0.13647498189010468
1888,42.25012113777931,42.04717565755212,40.59774431089502,40.665676449699674,22.681624757689526,41.62526869119219,43.614870956680356,0.13647498189010474
1889,42.23766539325195,42.11828702408224,40.7799743272433,40.245858385804105,32.007685569109086,41.65968572351337,43.602415212153,0.13647498189010482
1890,42.22256130028586,42.146499171876755,40.99387097438321,40.26500782717087,30.870765582687937,41.59787380673017,43.58731111918691,0.13647498189010482
1891,42.22847751301161,42.04960454943532,40.691777070311055,40.597373784430744,23.390413142064826,41.6745534818633,43.59322733191266,0.13647498189010465
1892,42.22467535380408,42.121611136181045,40.624580017712645,40.53933915044531,26.352722437295697,41.74431838740455,43.58942517270513,0.13647498189010474
1893,42.25005258812361,42.150202276527125,40.56382472437888,40.17371099796253,27.239147202669294,41.75566956850379,43.614802407024655,0.13647498189010468
1894,42.234995634633634,42.07445177424487,40.63914327799989,40.154750780001116,27.548768915273364,41.47545763199612,43.59974545353468,0.1364749818901046
1895,42.23733972364005,41.99697938402278,40.06393746212835,39.701318823219104,19.366736445412272,41.18855101281595,43.602089542541094,0.13647498189010474
1896,42.225452264934255,41.947995478411876,40.57395358857775,39.84123693995169,31.418356734787853,41.227097511720174,43.5902020838353,0.13647498189010482
1897,42.237239218051556,42.15100364042089,40.66326526113147,40.20348355846785,30.992308187061074,41.58728244781348,43.605619817500305,0.13683805994487486
1898,42.22468065032683,42.08952868811015,40.74597940290384,40.19248878346914,26.679871738515985,41.65983063197616,43.59306124977558,0.13683805994487486
1899,42.227727541578766,42.10159288076836,40.46969870199651,39.87158142386849,20.11735362415161,41.65601886841104,43.59629868709931,0.13685711455205452
1900,42.24761345680481,42.07762967170913,40.569579964918915,40.01778395653196,27.10006717135749,41.49372038303682,43.623615722534566,0.1376002265729763
1901,42.222654932232956,42.12896775912246,40.60230448364255,39.964127270697716,32.49164607196365,41.55015465977928,43.598657197962716,0.13760022657297633
1902,42.2354256889978,42.12088580061432,41.07589200399046,40.54945044252126,35.300251616251394,41.73440719472923,43.61142795472757,0.1376002265729764
1903,42.22551148920741,42.08110492335815,40.72374919811587,40.25101992010761,31.22339858206945,41.56237171311072,43.60151375493717,0.13760022657297624
1904,42.25220414942916,42.061513501477144,40.560752164067495,39.59195485992255,29.643318621152034,41.38035178240463,43.6180176708712,0.1365813521442036
1905,42.22639292553607,42.11672410888193,40.41064860838608,40.34416317165693,-6.888125382080673,41.31839587490138,43.5922064469781,0.13658135214420347
1906,42.22965674219047,42.08856209615125,40.55545320427549,40.00718767997297,21.685379033404146,41.613790732033266,43.59547026363251,0.1365813521442035
1907,42.236404162161435,42.058682717407926,40.38520738792085,39.686716480814184,29.89993952881055,41.289602905471305,43.60221768360347,0.13658135214420347
1908,42.2355777324601,42.070833498795984,40.348113321264485,39.69238928698791,19.73387248122952,41.501269077826926,43.601391253902136,0.1365813521442035
1909,42.24201825619278,42.12175192505125,40.86085637431057,40.805790380894315,26.5299047987557,41.80316409008182,43.607831777634814,0.13658135214420336
1910,42.22348015146701,42.13235412892753,40.88137669642088,40.46771554602191,29.786161803834418,41.62600715367328,43.589293672909044,0.13658135214420347
1911,42.229772951906746,42.08220597740645,40.443454471158816,39.67000554816247,27.610901459795816,41.55346601286027,43.59558647334878,0.1365813521442035
1912,42.25534088931184,42.10365992058379,40.772886219849894,40.15688606903984,20.076790240369565,41.72911677174589,43.621154410753874,0.1365813521442034
1913,42.239787217942585,42.07684377349333,40.8642103712131,40.57564084274147,27.650183843007355,41.57057735576146,43.60560073938462,0.13658135214420353
1914,42.24251039404043,42.14299761231968,40.71786976137421,40.25831590932968,21.047182952350397,41.729580107227406,43.608323915482465,0.13658135214420347
1915,42.2356390975182,42.08987932978714,40.519275705140714,39.88508804826353,30.43438706010668,41.492179011504135,43.60162244332548,0.1365983345807281
1916,42.232500495527205,42.15414258298078,40.73224148835461,40.584704514170376,23.86893014768832,41.84836838818306,43.598483841334485,0.13659833458072804
1917,42.22666585012666,42.048123898621704,40.05918476731475,39.59994291278832,8.132984338032493,41.41206150725371,43.57979604079206,0.13531301906654028
1918,42.24825767847179,42.12624182680913,40.85500133755704,40.21979285560888,26.33806006549697,41.70731629830392,43.601889056370815,0.13536313778990297
1919,42.24298004699798,42.03413601626477,40.430858407543795,39.745792300407224,29.288875602201827,41.573801146595414,43.59574100829838,0.13527609613004013
1920,42.25840799990898,42.10440332200833,40.747190100791926,40.03919757130156,29.594739110974658,41.372620070387356,43.61116896120939,0.1352760961300401
1921,42.24333247284271,42.13432529683995,40.61073937745825,39.88925861882516,30.107352075224114,41.66562150959959,43.59609343414311,0.13527609613004002
1922,42.24442672115488,42.12627092981657,40.82175755956787,40.06284170637543,33.84737241585492,41.43147753109592,43.59557072874582,0.13511440075909406
1923,42.23599324331317,42.16682359025026,40.56130980984735,39.8190008354228,22.182680393555877,41.82848384446196,43.587137250904114,0.13511440075909428
1924,42.22261567666824,42.15923916964876,40.9870384962963,40.718860794410695,33.192394581991024,41.65284768908788,43.57098917283781,0.13483734961695723
1925,42.231500640948106,42.10726624832199,40.264644263972144,40.30901939886262,18.84418316819176,41.67156744976954,43.579557909351664,0.13480572684035563
1926,42.2504156053315,42.170432566261944,40.20020208016948,39.37324966605051,25.337370824068437,41.51440300604777,43.598472873735055,0.13480572684035566
1927,42.26928381031413,42.09780760600044,40.64331306833134,39.90846971289765,33.191152767844216,41.57403017585306,43.617341078717686,0.1348057268403557
1928,42.26910712341342,42.14747381424005,40.52273657452515,39.79814064221368,19.89050700618506,41.70926002630106,43.61716439181698,0.13480572684035566
1929,42.26330954291354,42.12747404862896,40.87021398070287,40.69228566975936,23.294253170493356,41.73755554887558,43.6113668113171,0.13480572684035563
1930,42.244263606472735,41.99537614245237,40.275869826033365,39.437701457509995,30.887567796525413,41.43015436527359,43.59232087487629,0.13480572684035566
1931,42.25647129686151,42.10810723825077,40.611843786319255,39.7037671829,31.502711225716705,41.46917260393953,43.60452856526507,0.1348057268403557
1932,42.24145554042783,42.134532681886405,40.89171355602953,40.24577911964686,29.875330714454513,41.58958214779122,43.58951280883139,0.1348057268403556
1933,42.244859488157196,42.13856465462534,40.51317608510113,40.785994512548555,-11.753357849407642,41.73376897561009,43.592916756560754,0.13480572684035552
1934,42.24187930620077,42.10715007266549,40.70152219902498,40.09355134435653,25.24253279537694,41.57554091530478,43.58993657460433,0.13480572684035566
1935,42.24854443644858,42.00148421933231,40.370023692312586,39.813612175868464,22.662105919238844,41.43643851888143,43.59615502125999,0.13476105848114056
1936,42.26340870129709,42.067044356735,40.68462572005431,40.196119925587496,30.92240284855947,41.51780277249594,43.611019286108494,0.13476105848114053
1937,42.251020820271464,42.099180310562225,40.69947318653894,40.32145090810888,29.09907614654989,41.431625267089345,43.59863140508287,0.13476105848114056
1938,42.251341332674805,42.16081984327194,40.442413283968065,40.02901508691278,22.84083888424807,41.69028064771534,43.59895191748621,0.13476105848114056
1939,42.24135495905542,42.10721364780412,40.677850922224295,39.792909589310646,32.63990350126301,41.38777927974036,43.58896554386683,0.13476105848114053
1940,42.25079010256251,42.1562191831283,40.47044890562142,40.07351443655297,26.70751698376611,41.65140900607183,43.59840068737392,0.13476105848114048
1941,42.266734196964215,42.092709966250126,40.79479752008162,40.34847412493065,25.688335435897564,41.61652891659665,43.61434478177562,0.13476105848114042
1942,42.24225990383093,42.11823516793489,40.850802094606244,40.34068236748022,30.864218888004036,41.68478811814475,43.58962274643657,0.13473628426056422
1943,42.22713591899378,41.99179922526165,40.773907992506714,40.21182794669668,30.78181199325574,41.527459195397924,43.57449876159942,0.13473628426056422
1944,42.24111017620723,42.070761508044356,40.73142286067657,40.110759921438394,25.623362784402705,41.59764859193584,43.58991845858362,0.1348808282376389
1945,42.24312965350552,42.128298477624845,40.696904279368916,40.19100589201425,28.625443204959414,41.803990114205234,43.59193793588191,0.13488082823763878
1946,42.253453682667555,42.0847184709995,40.60851345882675,40.329054161629834,21.090963289077134,41.53184331597879,43.602261965043944,0.1348808282376387
1947,42.26196678293011,42.04928376950379,40.29510026979974,39.89950198674714,25.27572147322669,41.434069721323986,43.6107750653065,0.13488082823763886
1948,42.26567753885489,42.094942588503564,40.23075599384839,39.83761551201903,18.2562781180135,41.49743303807655,43.61448582123128,0.13488082823763867
1949,42.23469166040152,42.12125570473078,40.435095519827215,39.65343218113646,13.7683790822065,41.47660416242894,43.58349994277791,0.13488082823763878
1950,42.23797555811114,42.133839096988595,40.32773742690102,40.2594096171843,-6.8647900811410665,41.64382523410908,43.58678384048753,0.13488082823763864
1951,42.243123266206894,42.15907773218964,40.55244870465013,39.657230377204016,28.554333896771,41.59988716902982,43.59193154858328,0.13488082823763894
1952,42.25678545904293,42.11550878782515,40.55236273250637,39.84534763182906,23.37139848574326,41.61607401727847,43.60559374141932,0.1348808282376388
1953,42.23820759315528,42.117952823152955,40.20196813117669,39.641294327536315,17.869231183313563,41.35293403629734,43.58701587553167,0.13488082823763886
1954,42.24705753421131,42.0885445434831,40.20579484597418,39.29250330430003,18.826460936692488,41.452811838767204,43.5958658165877,0.1348808282376387
1955,42.27520706261884,42.15223921645759,41.08458981764117,40.78938032550583,32.01809214298212,41.665929842696826,43.62401534499523,0.13488082823763872
1956,42.24400775538149,42.153975512334554,40.78579178011149,40.23409542206522,23.921002576321357,41.72476567380754,43.59281603775788,0.1348808282376388
1957,42.25018170777873,42.150644785948174,40.199062477842816,39.60169015756015,23.31781054867285,41.57540888427406,43.59898999015512,0.13488082823763878
1958,42.25278407651488,42.14138143373738,40.681740666312685,40.169840682676146,29.16046468367054,41.59116342545272,43.60159235889127,0.13488082823763886
1959,42.25314798596509,42.07371100078087,40.91694249059105,40.71550543476155,30.54078658945705,41.6986071822977,43.60195626834148,0.1348808282376388
1960,42.26902888061027,42.099002104376524,40.735729117166315,39.62011682335556,29.540518525675985,41.53552581467227,43.61783716298666,0.13488082823763875
1961,42.26039436931279,42.101929043760016,40.46438527312673,39.76277876244079,16.351325400988102,41.46721218623183,43.57669606759755,0.13163016982847642
1962,42.255555046153596,42.14114859548734,40.87832673194529,40.06574803497373,33.128437165091185,41.44301404640882,43.56453197263252,0.13089769264789297
1963,42.255349787136225,42.097047535270235,40.76878422706823,40.16433306453121,33.66961418828917,41.41540347585519,43.56432671361515,0.130897692647893
1964,42.28330805477877,42.16152417160521,40.80003003894263,40.2830437802622,28.37668493091754,41.7921965711622,43.5922849812577,0.13089769264789297
1965,42.28367619382625,42.17492682530116,40.632929984320405,40.30692237648814,26.44277589617622,41.672726317200514,43.59265312030519,0.13089769264789305
1966,42.264730536995245,42.14497741474076,40.80150772706201,40.379249440366834,26.261353840332514,41.75925094567127,43.57370746347417,0.13089769264789303
1967,42.28656874753365,42.152090264271976,40.00922417565438,39.09856077411676,19.271967653950707,41.46855250696112,43.59554567401258,0.130897692647893
1968,42.27190032136778,42.15617840702775,40.580967476945546,39.98113271166506,27.729625283842765,41.677327678019104,43.5802165543987,0.13083162330309214
1969,42.28785420047891,42.15284744915427,40.798759240116524,40.04373541164296,31.977429218919283,41.637370349643874,43.59617043350983,0.13083162330309217
1970,42.265714775849865,42.13379641624638,40.85582430274792,40.28841494811949,33.33940427366474,41.53065316119635,43.57403100888079,0.13083162330309228
1971,42.26221191346005,42.121945632783,40.39942488928615,39.68840718299266,9.751651651724117,41.58954813704764,43.57052814649097,0.1308316233030923
1972,42.26212811184607,42.12743475823657,40.59480624484813,40.28563490125998,28.107726740360015,41.592281267947094,43.57044434487699,0.13083162330309225
1973,42.275988584451845,42.16140234376791,40.635690560963354,39.748159159107466,30.70373142667643,41.53516742005616,43.58332339022886,0.1307334805777016
1974,42.276022934710845,42.157357775403476,40.022373659431764,39.37690062008997,21.834289727108157,41.319033221078925,43.58335774048786,0.13073348057770176
1975,42.296953159418685,42.093929729685506,40.6571423770629,40.12461609278538,29.392491892083264,41.41779311788116,43.5922106435757,0.12952574841570114
1976,42.29419729840293,42.17942699861896,40.959620828108186,40.28607284936994,34.3661494967085,41.74228254040396,43.58945478255994,0.12952574841570122
1977,42.26920066296203,42.04080446274209,40.4829271702803,39.52387177416942,30.95123257272513,41.29157469203234,43.56445814711904,0.12952574841570122
1978,42.3056173852765,42.19177461993154,40.840783239483045,40.00665349090451,31.742618114978185,41.58095882174183,43.59525552896646,0.12896381436899654
1979,42.287371622659784,42.12574870987664,40.42577766589284,39.90778654350813,22.80709439747818,41.38195935413763,43.57700976634975,0.12896381436899645
1980,42.290054805402164,42.10168185729394,40.81473940066783,40.61611452828675,14.701967629716819,41.73305038881665,43.57969294909213,0.12896381436899657
1981,42.30380017819812,42.20710674046456,40.868991665685805,40.61782439883601,22.68041214478232,41.6709338993583,43.59292324265801,0.12891230644598906
1982,42.29401655360207,42.20714590715652,40.32809635373366,40.173485827468156,2.5528832744444045,41.72846461260378,43.58313961806196,0.12891230644598906
1983,42.2946951020423,42.1987749337885,40.86514894143218,40.170855514727265,33.69760164837423,41.780069476844204,43.58381816650218,0.12891230644598897
1984,42.281972322434335,42.19749679751195,40.74755270881321,39.972525845565904,29.595037625471974,41.63899443646268,43.57109538689423,0.12891230644598903
1985,42.29123051128265,42.19160407714477,40.848195935218456,40.71735882050979,28.388742343347815,41.878247188777536,43.58035357574254,0.128912306445989
1986,42.31884611111538,42.19418569884608,40.66553956956799,40.085476023261904,25.780613984628687,41.574957704641065,43.60796917557527,0.12891230644598906
1987,42.297060184229984,42.176916442500385,40.46573917025696,40.066871615440945,26.913888568359912,41.62422233656004,43.58618324868988,0.12891230644598906
1988,42.29014366157047,42.143559986796156,40.82187623676022,40.21133350367643,32.77823712700744,41.53343080963965,43.59271011520962,0.1302566453639154
1989,42.268041125762196,42.02891313491349,40.6162122761552,39.672246990626775,29.2893478521615,41.36093087846433,43.57060757940135,0.13025664536391524
1990,42.28681224707206,42.145811215155,40.79893725411673,40.314569228818854,31.392638668958412,41.65243065672821,43.589378700711215,0.1302566453639153
1991,42.277658628208926,42.12089323249627,40.617257290922964,40.192251378119494,28.712089370899065,41.430614969964246,43.58022508184808,0.13025664536391537
1992,42.28123240942694,42.18765809784933,40.2697037664129,40.0719223320642,1.5180052823123873,41.63422100357604,43.58379886306609,0.13025664536391532
1993,42.29632064113255,42.19394685803079,40.51487537149614,40.01886933795786,27.974814768273045,41.5462958107273,43.598887094771705,0.1302566453639153
1994,42.27766913735047,42.150548726991055,40.38464864058534,40.41112260986777,26.18098367505056,41.71102125921257,43.58023559098962,0.13025664536391532
1995,42.277376009872704,42.08501533917298,40.57944958149116,39.867091593610034,32.71016926246021,41.36136386642539,43.579942463511856,0.13025664536391537
1996,42.290215166402156,42.1265331928321,40.67431230594598,40.36898404460435,28.891775530106866,41.51441235297689,43.59278162004131,0.1302566453639153
1997,42.25401314838875,42.15748473645784,41.032422760613514,40.559460040367476,31.164658420465333,41.69163762461341,43.564393348489865,0.1310380200101118
1998,42.28184331186334,42.186932270641876,40.98293064003122,40.44420860851842,28.476658126737476,41.830652979874095,43.592223511964455,0.13103802001011175
1999,42.26398625411157,42.16351767818508,41.049765536160145,40.682544673645786,34.26865437760792,41.701068604798316,43.57436645421269,0.13103802001011164
2000,42.24968412938375,42.129169623690046,40.297924081789944,40.17437258426095,16.57722564820988,41.567302467257115,43.55499690465825,0.1305312775274499
2001,42.27768244488281,42.184803220238024,40.963562661830316,40.60110530778164,32.48635177325813,41.85504826058924,43.58299522015731,0.13053127752744992
2002,42.287940100135486,42.16096197249012,40.950158466824895,40.678546150302466,29.272006206276586,41.68261202224312,43.58947559201123,0.13015354918757474
2003,42.273842298169484,42.09927253600767,40.307689225782205,39.47289728836506,27.993394141234553,41.319410059056864,43.57393235027448,0.13000900521050013
2004,42.29218552924292,42.11194407614075,40.58544380253821,40.30254793487088,15.849322884271167,41.56484788240968,43.59227558134792,0.13000900521050013
2005,42.28313514179062,42.16189636900196,40.62952179275879,40.21979713655466,13.903786137324467,41.576831795998736,43.58322519389562,0.13000900521050002
2006,42.27108924518109,42.027480146980345,40.43380292135536,39.708720031711394,30.75311902765942,41.278533872351105,43.571179297286086,0.13000900521050002
2007,42.311625169731144,42.18337919142751,40.61856105264579,40.26522568496819,15.252264757375844,41.82722907587464,43.61171522183614,0.13000900521050007
2008,42.276824764838395,42.19033599086746,40.92937428969009,40.70367138353053,32.8754863153563,41.65836299497251,43.57703504338686,0.13002102785484632
2009,42.2832681656599,42.14660769929628,40.61744634785112,40.06770160664099,22.451916689980752,41.61008129480784,43.58347844420836,0.13002102785484623
2010,42.283284186469395,42.18364247641473,40.955126401267364,40.94883300619122,31.932958493345893,41.78900650205988,43.58349446501786,0.1300210278548463
2011,42.25906938453444,42.140375097670486,40.75302416684599,40.26917335312748,28.84785609411918,41.69377174361375,43.558587140764146,0.12995177562297064
2012,42.280626229719694,42.11239791057726,40.51251372649839,38.99303488591725,31.766856355497097,41.35001873380859,43.5801439859494,0.1299517756229706
2013,42.2807588330128,42.17845416861314,40.69542665069341,40.18010625450769,30.422872792546322,41.72601254609487,43.5802765892425,0.12995177562297067
2014,42.30602650535269,42.133506871398666,40.90342894272892,40.27718714835915,33.7956132529944,41.4297652540169,43.605544261582395,0.12995177562297072
2015,42.28053516278733,42.19132229852265,40.8167582937457,40.59848252550411,29.021776824250942,41.81437947215388,43.580052919017035,0.1299517756229706
2016,42.27738365141811,42.15250612015076,40.28531376024526,39.69713638762713,11.724127900866556,40.99320184812983,43.57690140764782,0.12995177562297072
2017,42.27416103246967,42.10566396896569,40.48022584615089,39.96951548376984,26.661066629632227,41.3930211077661,43.573678788699375,0.12995177562297064
2018,42.28685712757759,42.1743940142479,40.598415553555775,40.06469645199359,22.86581049744303,41.52769247285735,43.586374883807295,0.12995177562297064
2019,42.28096786693474,42.07010845330424,40.47569037510538,39.80301950539779,23.571157647134857,41.39896701889744,43.58048562316444,0.1299517756229707
2020,42.26177447105788,42.098334863980405,40.95921812857503,40.72555885629432,30.737397930067846,41.6559502510067,43.56129222728759,0.12995177562297067
2021,42.2837575582661,42.09715870255576,40.45870669487488,39.37734464976398,29.99520523124075,41.37879825045462,43.58327531449581,0.12995177562297056
2022,42.277312323219554,42.06851724066636,40.71012811223722,39.96870909942623,33.733616105567776,41.308768496512585,43.57683007944926,0.12995177562297067
2023,42.27826337463261,42.12785487359786,40.9662059153368,40.02172466183042,35.951548107586795,41.484107098616406,43.58305403571843,0.13047906610858231
2024,42.27777300285067,42.09845392580933,40.970084870128645,40.37889880882349,33.624309325045346,41.670340408727526,43.5825636639365,0.1304790661085823
2025,42.306224330496555,42.13994245530388,41.044534849072626,40.44085792351598,33.75070673674898,41.554183074736216,43.59273529243561,0.12865109619390613
2026,42.30260950159723,42.22313095090358,41.067748070386905,40.53570393267701,26.28166122961546,41.89763367507237,43.58931100960809,0.1286701508010857
2027,42.30959071881925,42.19069218039949,40.94056527340067,40.51867491543745,30.663167906148324,41.70051060400331,43.59629222683011,0.1286701508010857
2028,42.27304327574767,42.176212270302265,40.99652509972972,40.40575737309915,33.926468686163346,41.8135446345898,43.56511510172223,0.12920718259745598
2029,42.278522020222944,42.0642719329392,40.424730413794066,39.88753769009069,26.85048467916341,41.46258843802775,43.570593846197504,0.12920718259745598
2030,42.30061866352027,42.15703773682881,40.75119546680386,39.972942568688666,27.08807984978188,41.64169234625922,43.59269048949483,0.12920718259745598
2031,42.31640070068062,42.20887948484055,40.9218042934003,40.601883182688354,29.64330449928219,41.82166091245702,43.60847252665518,0.12920718259745595
2032,42.27253320551802,42.08320048203703,40.66038253934834,40.080875147410865,24.90025601361895,41.68028399321808,43.56460503149258,0.12920718259745606
2033,42.32837120432156,42.18441934165429,40.960719170025484,40.68061099133354,26.74027901366698,41.70159213149409,43.62027320593088,0.12919020016093138
2034,42.2848819280134,42.120570333184475,40.5742225546934,40.13801079975679,24.060284929834765,41.64563232418105,43.576783929622714,0.12919020016093138
2035,42.28549459143479,42.18934283527431,40.74872584467158,39.98900737810847,28.310660237608527,41.622878539412625,43.57739659304411,0.1291902001609315
2036,42.28517343975214,42.09785216189305,40.841290906839994,40.168463372139634,33.74353335289798,41.53854272224845,43.57707544136146,0.12919020016093136
2037,42.27910163744179,42.0790840976947,40.65896279646825,40.48157189035038,25.30746656237264,41.444921398768884,43.571003639051106,0.12919020016093133
2038,42.27618286006588,42.1727925604601,40.375092229381515,39.928256405732455,26.37141829145993,41.51417084597071,43.568084861675196,0.12919020016093136
2039,42.303483286025745,42.14378542083407,40.899251703341655,40.24205666740868,32.47684756418991,41.57281723243826,43.59538528763506,0.1291902001609314
2040,42.29427005116727,42.20548818559171,40.767519652461296,40.97281301132858,23.881973268486092,41.793080547424324,43.58617205277658,0.12919020016093136
2041,42.285618287921295,42.20320517967602,39.963610050820684,39.912488040377795,2.2699325877664833,41.61536335577283,43.57752028953061,0.12919020016093144
2042,42.303920832011386,42.209066268936155,40.67318824494785,40.15739691995494,22.24231429426542,41.5894020937238,43.5958228336207,0.12919020016093144
2043,42.312894815659554,42.15204332021713,40.617422086238555,40.18360172251599,26.20419051256886,41.59404851274647,43.60479681726887,0.12919020016093133
2044,42.28775007115411,42.19651111443576,40.81188068614392,40.70347299942764,24.295823102099174,41.85713091658313,43.57965207276342,0.12919020016093152
2045,42.29167414008426,42.19183957519571,40.74663134924952,40.07639919240083,26.33319793296572,41.75252655263671,43.58357614169358,0.1291902001609315
2046,42.30062570484984,42.1787993677825,40.92172623550513,40.51871224719555,28.566876649941182,41.76278161136693,43.59252770645916,0.12919020016093133
2047,42.27416148373997,42.17994434517347,40.66541787615463,40.11632929406861,29.805567307450318,41.52151122159603,43.57074046846481,0.12965789847248435
2048,42.29242884418725,42.0976407668189,40.49162935648249,40.301301722673095,3.4134586056131226,41.46787766270816,43.589530260638014,0.12971014164507666
2049,42.28289703433001,41.95281798546993,40.560244118318465,39.87938065385996,33.463175784701285,41.216416063577256,43.57999845078078,0.12971014164507666
2050,42.273823055273716,42.104351299735775,40.76082345934909,40.022455185062704,32.44576841780828,41.68836656899728,43.56475982552605,0.12909367702523394
2051,42.289040989437794,42.08186481554377,40.6242925796282,39.84415530527724,28.763294405880863,41.34723032996772,43.57997775969013,0.12909367702523403
2052,42.31069011289903,42.18164585517639,40.99668027146399,40.23529501580422,30.277362619434502,41.73157278658445,43.60162688315137,0.12909367702523397
2053,42.28653716423734,42.21421453791269,40.260291741858076,39.76293546083512,-11.267191483743773,41.581474270066565,43.577473934489674,0.129093677025234
2054,42.28327291066309,42.10068281754235,40.84139458141682,40.29534665528603,25.705645685033844,41.6668468147306,43.57420968091542,0.129093677025234
2055,42.28628562549968,42.19944017602474,40.542283678861025,40.00642996996341,8.228313771896907,41.82019262595793,43.57722239575202,0.12909367702523403
2056,42.273772173230135,42.14485342349622,40.66137663938229,40.107361096806656,28.47290283020235,41.542860064012345,43.567597978065564,0.12938258048354256
2057,42.28320346611766,42.15119264421457,40.66730026563827,40.31908651326834,18.8702798622536,41.66731502921412,43.57702927095309,0.1293825804835426
2058,42.30498164616133,42.123677246815504,40.641331671236756,40.58322605668768,19.688500965474717,41.561921988120396,43.59880745099676,0.12938258048354268
2059,42.280585709551296,41.952940191669065,40.64620157572805,40.283458778035104,32.58973654051868,41.41572720107024,43.574150510442266,0.12935648008909675
2060,42.31104203932827,42.17695579178969,41.13120983186046,40.99134149568686,31.244529047890843,41.83011979999338,43.59916125490834,0.12881192155800691
2061,42.28577148812943,42.17564300849473,40.50275774217105,40.008187397166424,17.262420103499363,41.69950936568755,43.573890703709495,0.12881192155800686
2062,42.30088831047921,42.17005388972716,40.92969506657867,40.326701161775055,27.922403017686094,41.69392326072326,43.58900752605928,0.12881192155800678
2063,42.307402934561935,42.170796799406276,41.052714956691375,40.43396799805576,33.655527189945815,41.50085750421367,43.595522150142,0.12881192155800691
2064,42.29539486912352,42.077124156549274,40.568977121213386,40.0413381323315,26.160260496347846,41.61751676464021,43.58351408470359,0.1288119215580069
2065,42.29841617195445,42.20017234992212,40.57629364167811,39.99631725802158,29.21837284360769,41.547803615583405,43.58653538753452,0.1288119215580068
2066,42.31064659639207,42.15793215305347,40.77919766819233,40.34245839403183,30.81389102177409,41.52972189561174,43.598765811972136,0.1288119215580069
2067,42.29530665293506,42.16761712789281,40.60860775906161,39.915870748013226,27.409614364429324,41.63639280693823,43.58342586851513,0.12881192155800686
2068,42.304730130407926,42.201017745906206,40.70928719099579,40.141244363711834,29.474362177826748,41.72549577651234,43.59284934598799,0.12881192155800683
2069,42.30473814304711,42.14903911187039,40.577318677549265,40.02809457421928,24.082831294890806,41.62851955048253,43.59285735862718,0.12881192155800694
2070,42.29497969023892,42.2138328050771,40.735540042325006,40.29972201485859,30.547846775461192,41.4682420496284,43.583098905818986,0.1288119215580068
2071,42.29494333744174,42.17828283645826,41.05845313085643,40.9093185376204,30.655748223660325,41.75443031902779,43.583062553021804,0.12881192155800691
2072,42.30774071344807,42.21376120230738,40.46893954476988,39.475853035046306,30.021493199801853,41.74771458499074,43.59585992902814,0.1288119215580068
2073,42.297693227799655,42.16694576515133,40.78553924208935,40.67481503175501,27.04116230879752,41.65969539892912,43.58581244337972,0.1288119215580069
2074,42.28953850551514,42.131846779289106,40.47100802168881,39.6449580213958,23.19862523738961,41.546586943516516,43.57765772109521,0.12881192155800683
2075,42.29128633500546,42.13543825964708,40.57256087306799,40.17637378147841,19.409106835859866,41.56149860613237,43.59563133911889,0.1304345004113428
2076,42.28148692828424,42.12170921721638,40.838861139821745,40.382065960726884,32.038216198456134,41.772600042215835,43.58583193239767,0.1304345004113428
2077,42.26385085061512,42.16015266323279,40.399784569241874,40.19251138229579,13.697668251900609,41.53230105494748,43.568022074645675,0.13041712240305534
2078,42.28195871206579,42.13211762177847,40.630047906395085,39.886686517010986,23.325688486150778,41.5936048685125,43.58612993609634,0.1304171224030553
2079,42.26968670749185,42.15723412792745,40.06091994702737,39.82346475480704,-11.883988622233886,41.62600978214848,43.573857931522404,0.13041712240305534
2080,42.29758688492427,42.16005132813964,40.580440713448304,40.232200015666464,20.124775432249375,41.579301182024125,43.601758108954826,0.1304171224030553
2081,42.28502286945048,42.16480502769863,40.88783150841978,40.187543661588215,29.051659937587218,41.70744885021604,43.589194093481034,0.13041712240305534
2082,42.27570326176736,42.09525353025869,39.74804242551326,38.36358296719532,26.02181263805897,41.29545272996056,43.579874485797916,0.13041712240305534
2083,42.28847431234671,42.16123037324657,40.788403778209386,40.398588905989776,24.14375569524392,41.66662843921923,43.59264553637726,0.13041712240305528
2084,42.266629182939276,42.0474758360037,40.070883677397035,39.717128558317455,8.133736754616091,41.4913835240068,43.57080040696983,0.13041712240305525
2085,42.26711255023377,42.161773064789344,40.975683173027576,40.51756393423474,32.56830474796233,41.6349834848406,43.57128377426432,0.13041712240305525
2086,42.27597710585049,42.17557414948357,41.17603922004855,40.82842167359643,33.72757249434214,41.66248631766034,43.58014832988104,0.13041712240305534
2087,42.28120274432698,42.10588195729891,40.643241738365624,40.25831498906285,27.951827311405996,41.543407347423496,43.586620679508904,0.13054179351819217
2088,42.27430155962833,42.176197779579006,40.64359248414732,40.4433104278835,3.1301828516264507,41.70964279898571,43.57971949481025,0.13054179351819228
2089,42.27425594213013,42.17339120516597,40.84362579826655,40.211458966977325,23.345551697533054,41.79265423127268,43.579673877312054,0.13054179351819215
2090,42.27148370919328,41.99948279799844,40.59268776413645,40.15706034417556,23.26334128208125,41.49218086286755,43.5769016443752,0.13054179351819223
2091,42.299810832510396,42.13306845399559,40.74328005441977,40.45602376049433,19.68509210473924,41.60387872132647,43.60522876769232,0.13054179351819215
2092,42.268580657865016,42.18761798725712,40.595195959175676,40.30405409859615,13.3828533200878,41.60172332903471,43.57399859304694,0.13054179351819223
2093,42.269299709581716,42.15271289836693,40.96191299318541,40.35454787007701,31.36590830136219,41.683594430257166,43.579810013272684,0.13105103036909663
2094,42.272915115525805,42.16674936615445,40.82218631798239,40.32670768440954,28.943424627634872,41.74302544752487,43.58342541921677,0.13105103036909674
2095,42.26350350583934,42.161695267867564,40.72056095388682,40.198551955656505,27.186116371291856,41.748575177071146,43.57401380953031,0.13105103036909663
2096,42.27591803190982,42.13293841041278,40.54713234474291,39.70964458578924,33.281139899761214,41.39380857316108,43.586428335600786,0.1310510303690968
2097,42.26630279188396,42.04351848483208,40.40018486131069,39.66929260467165,28.82743492013524,41.44540986090749,43.57681309557493,0.13105103036909677
2098,42.26647644270466,42.018911110957674,40.29636341550707,39.564950219684604,18.683816445179403,41.324812636367135,43.576986746395626,0.13105103036909665
2099,42.28190719758528,42.14047504241818,40.76861627807494,40.31565394810252,30.79848997200313,41.61833734560938,43.592417501276245,0.1310510303690967
2100,42.26355230787764,42.09471261664564,40.53272597656149,40.1179631045593,23.294918803793387,41.333697273341954,43.57406261156861,0.13105103036909665
2101,42.26635942836259,42.16234788729487,41.001695621091635,40.50497006072756,32.03024503258879,41.652886757688236,43.57686973205356,0.1310510303690967
2102,42.28831426965931,42.17690551333731,40.96524802614082,40.878258494303886,13.5344231273107,41.70190009590398,43.59882457335028,0.13105103036909665
2103,42.27281429950789,42.15894389637075,40.407998807498835,39.54165539584043,23.330726197487646,41.40543306080525,43.58332460319886,0.13105103036909665
2104,42.257775038618796,42.14932363327465,40.721661120523194,40.386368221416866,22.762354847586163,41.65011193934434,43.568285342309764,0.1310510303690967
2105,42.26965106568204,42.16121326122469,40.90113802252466,40.24137700287065,27.773352705202726,41.58816078684535,43.58016136937301,0.13105103036909665
2106,42.276034703097814,42.106004254038915,40.36229991076462,39.675621511824524,28.807635983508497,41.488993793180576,43.58654500678878,0.13105103036909668
2107,42.27465905876118,42.174279388168586,40.6598925768305,40.14845050073919,20.112441386605592,41.55982979054042,43.595810352146515,0.13211512933853328
2108,42.28069160717255,42.13766893284579,40.87927192970202,40.23747547937749,34.261468085375206,41.62905460111067,43.601842900557884,0.1321151293385332
2109,42.283960920659695,42.145040399414995,40.46786953116817,40.361269220817626,-5.331892850449343,41.753806533032616,43.60511221404503,0.13211512933853323
2110,42.26280290686431,42.144185385873975,41.11562921744209,40.513893914846264,35.94011460206057,41.601910606213494,43.58658864546574,0.13237857386014318
2111,42.26524391758218,42.158158594398145,40.65950165750741,40.33834137220101,30.695145126088324,41.65694330797527,43.58902965618361,0.13237857386014323
2112,42.25605917131547,42.04035757861828,40.64603958225299,39.776669786747156,30.314411310140375,41.57628266429132,43.5798449099169,0.13237857386014326
2113,42.246994485543006,42.13645116997137,40.74485388764189,40.359245486459194,29.373607113851673,41.53285558536953,43.570780224144436,0.13237857386014323
2114,42.25942775544497,42.10910780773362,40.70897601471389,40.08850338238577,32.0403290978164,41.39049368943863,43.5832134940464,0.13237857386014332
2115,42.27452892288474,42.117729667586495,40.83911722286344,40.278264640309146,31.13475281387297,41.62108376644379,43.59831466148618,0.13237857386014334
2116,42.24696128436829,42.11952346732385,40.571939488208955,40.26175303547695,19.37356399152167,41.73638316053378,43.57074702296972,0.13237857386014326
2117,42.25306156306118,42.15074049973803,40.92482853484753,40.3194690479167,33.71857778189262,41.70504148421113,43.57684730166261,0.1323785738601432
2118,42.24689750450204,42.15622471980647,40.73527507421831,40.59315343017782,16.203115346084658,41.81598926735981,43.57068324310347,0.1323785738601433
2119,42.27561712113845,42.09339954592254,40.993866711867376,40.907893029615025,27.63540955520744,41.77387319245595,43.582730387614376,0.13071132664759222
2120,42.275972816196706,42.192936954514515,40.71943821425663,40.25083676523255,30.17505275976336,41.54214325626957,43.58308608267263,0.13071132664759214
2121,42.25737104475894,42.12747933373466,40.91159350864653,40.17259393015901,35.2032046039117,41.54715359031012,43.564484311234864,0.13071132664759233
2122,42.288610841660216,42.15180392605551,40.050463062600805,39.612499168851784,7.2214949036015454,41.43392742140943,43.59572410813614,0.13071132664759222
2123,42.26701075887015,42.132122194752455,40.993190558254355,40.48614783616904,23.48691670510177,41.63118476079427,43.57412402534607,0.13071132664759216
2124,42.26670452464689,41.931189815793076,40.60170395890812,39.85613795012772,29.953012964084458,41.42290230173231,43.57381779112281,0.1307113266475923
2125,42.27573945367256,42.15068437834017,40.506868051230924,39.565271143494336,23.402275554368117,41.62219624830165,43.58310046235424,0.13073610086816842
2126,42.27223217918536,42.13822536376365,40.966384412454914,40.47910239340639,33.352448998427874,41.4259166086513,43.580464151457,0.13082319722716412
2127,42.2868801731741,42.184860342598654,40.66082714501991,40.191176190018425,19.264555778885327,41.527221306387304,43.59511214544574,0.13082319722716412
2128,42.26547301465112,42.140309684821815,40.717628780676804,40.330567382409996,28.545419564525147,41.589148194757215,43.57370498692276,0.13082319722716423
2129,42.29345342673498,42.092704259397955,40.691456972003984,39.88611196863163,28.492958473551198,41.494636666090784,43.60168539900662,0.1308231972271641
2130,42.284850917660386,42.17015553998224,40.87446036431608,40.05232037345817,30.298396518370048,41.636891463177534,43.59308288993203,0.1308231972271642
2131,42.29329519188712,42.09942513196879,40.57029193213105,39.72433211542875,26.03062895120572,41.35256697428703,43.60152716415876,0.1308231972271642
2132,42.268529406968945,42.16401669361165,40.92223556700366,40.53373215607304,27.892899358560776,41.66380671177387,43.57676137924059,0.13082319722716412
2133,42.28042987622763,42.16412110548962,40.704549839612845,40.12808168957695,30.72712493435189,41.561009219679136,43.58866184849927,0.13082319722716418
2134,42.26871985044821,42.18842780319724,40.79664827329854,40.69344815762928,24.991839086666022,41.72190324405399,43.57695182271985,0.1308231972271642
2135,42.26598075215824,42.08894108779619,40.53310685667697,40.1607201654094,22.099038533352857,41.52721494008538,43.574212724429884,0.13082319722716415
2136,42.26185860924846,42.17358842845064,40.655904658518736,40.16144985400976,21.811599312246244,41.65261378191911,43.570090581520105,0.13082319722716432
2137,42.282754056123146,42.039851568085574,40.65150216456996,39.968341515825806,30.66802171907756,41.293442760469034,43.59912676151279,0.13163727053896482
2138,42.27292706467436,42.174047343555586,40.527691568251264,39.97494205383323,3.0148910151959,41.69213552048821,43.58929977006401,0.13163727053896485
2139,42.28266748426309,42.16228035347196,40.79206296076886,40.41796716119968,31.094138907811995,41.79399388006682,43.59904018965273,0.13163727053896482
2140,42.26714072747018,42.19176288821951,41.13601016965915,40.62061115677686,33.885596466246156,41.77398736766634,43.583513432859824,0.13163727053896476
2141,42.262870752703144,42.13184000550481,40.70466910568813,39.937807352570346,28.961775909519197,41.70472176694419,43.58634800002198,0.1323477247318833
2142,42.26733778859089,42.084264237782364,40.66227346107608,40.12157411824299,30.015517717532685,41.44649875119078,43.59219542017433,0.13248576315834373
2143,42.252661912315446,42.177186142933415,40.64640767214149,40.072777116849124,25.655757193628148,41.95567788619827,43.621824336584694,0.136916242426925
2144,42.25618600223328,42.152340163719145,40.76665724686037,40.094457110450804,32.71173745150999,41.72183094491517,43.625348426502526,0.13691624242692504
2145,42.24328253718913,42.12467185850612,40.6564306827433,40.234934063240736,24.366301773766622,41.47947925782736,43.61244496145838,0.13691624242692496
2146,42.28069602973242,42.13072930894149,40.73202273983737,40.17962550088505,29.904312210406964,41.5054768677427,43.64985845400167,0.13691624242692504
2147,42.24949257797473,42.04906120722916,40.20250546960799,39.76741500510312,22.772380075562292,41.42028337879235,43.618655002243976,0.136916242426925
2148,42.23667327581722,42.10204176554838,40.3729689301609,39.69693557507405,19.429524057810653,41.41218684898455,43.605835700086466,0.13691624242692493
2149,42.27749118083396,42.107801084908175,40.683662529151746,39.968888097812346,33.09532181219699,41.57817239180317,43.64665360510321,0.13691624242692507
2150,42.249970396761825,42.090372539483134,40.628709015981734,39.81915115421691,31.853066152952508,41.655770311133715,43.61913282103107,0.13691624242692493
2151,42.2520180507698,42.14956649481178,40.82978265864835,40.156853808854066,31.71110613606035,41.52093266407976,43.622852086462274,0.13708340356924778
2152,42.245529660496466,42.10256653379461,40.910689750598664,40.62837956077141,34.247085333735576,41.73590358027347,43.621693244865085,0.1376163584368618
2153,42.24840035728274,42.08246682276254,40.59394382235251,40.073789308608944,30.78646943856672,41.64488173665113,43.62456394165136,0.13761635843686176
2154,42.232796479680324,42.0384914517603,40.54141192315317,39.750960361559336,30.89394310482233,41.4740675879885,43.608960064048944,0.1376163584368619
2155,42.22790683010614,42.11219224479392,40.66450795368158,39.718519079896,32.80282149431405,41.552798876689096,43.60407041447476,0.1376163584368618
2156,42.25166211292775,42.11668026787131,40.92796514999249,40.212908102128594,27.24664913126353,41.70526599335373,43.627825697296366,0.13761635843686185
2157,42.24882778448136,42.146578005194755,40.84206604211156,40.13510430233483,32.086210844883944,41.71304324153605,43.624991368849976,0.13761635843686204
2158,42.25821849192708,42.0354461345839,40.57125035032258,40.361255876690336,22.987843950938892,41.50890497536437,43.6343820762957,0.13761635843686182
2159,42.21772257084283,42.09580399131491,40.351998522429945,39.32401864908856,24.807133023476347,41.397709274416925,43.59388615521145,0.13761635843686193
2160,42.22382067675939,42.14476574201572,41.185976019516346,41.10498517473235,31.458813881777516,41.7818542266219,43.59998426112801,0.13761635843686185
2161,42.258649265299056,42.13773941760615,40.720765538411044,39.985517383341005,31.00631180673013,41.71450300384563,43.634812849667675,0.13761635843686182
2162,42.22685299735607,42.08929079502225,40.72239100061277,40.27337308967329,28.635832209118398,41.67043367980203,43.60301658172469,0.1376163584368619
2163,42.23738583168404,42.1166882326372,40.5704572685477,40.375327159402715,-6.953629801253648,41.691951651101206,43.61249429476064,0.13751084630766017
2164,42.252798183733674,42.10908637544605,40.238806345599464,39.71055603207552,17.42780664316242,41.46023043700781,43.627906646810274,0.1375108463076601
2165,42.23669944744537,42.1407067013869,40.51682121087128,39.893427956458844,31.980289675097602,41.59215421293163,43.61180791052197,0.1375108463076601
2166,42.2434211146972,42.14133378992543,40.697113020457415,40.25282895375188,30.335850531454597,41.621452751192365,43.62184088898863,0.13784197742914273
2167,42.21515390270898,42.03920345692208,40.44570849268315,40.2463061575054,23.298572414324767,41.51242037417268,43.5935736770004,0.13784197742914261
2168,42.21782772980407,42.08768214131009,40.802582041699644,40.4381247225622,27.30083179528915,41.546699384354106,43.5936130588794,0.13757853290753272
2169,42.24019354166621,42.14335747513811,40.48870936799384,40.010486414506175,19.56407969615991,41.61503826099823,43.615978870741536,0.13757853290753264
2170,42.25563134280599,42.077332118450464,40.057830787062734,39.76057586104517,-12.698461500630984,41.3855219994519,43.63141667188132,0.13757853290753272
2171,42.22760482366035,41.94991562338493,40.4216323554722,39.27870819131908,33.518502210082055,41.20241391098676,43.60339015273568,0.13757853290753277
2172,42.251849467205986,42.08951228918486,40.54877055394623,39.79958922804282,20.814917151443545,41.57347045094402,43.62763479628131,0.13757853290753272
2173,42.22762712517929,42.15777439752146,41.00967639584249,40.222145827092966,33.99721990158855,41.74449170937548,43.60341245425462,0.13757853290753264
2174,42.24574688018002,41.97231333882524,40.573649840206215,39.90868092528288,32.65085968467206,41.39835076148316,43.62153220925535,0.13757853290753272
2175,42.23940132840056,42.118195196750264,40.590847117642845,39.98322521706501,30.16669033993356,41.58439302756971,43.61518665747589,0.13757853290753266
2176,42.24213109874735,42.13719049035676,40.69330611085592,40.27523256652809,27.22167938515787,41.77719363738524,43.62467725757659,0.13825461588292456
2177,42.229324643014316,42.079592486222516,40.66686554478213,39.882650556674506,29.861645292974234,41.42504196218704,43.611870801843565,0.13825461588292473
2178,42.22177919170104,42.12462643806343,40.34957192152209,39.72410322366776,3.305115131684971,41.50052972287479,43.606959795746384,0.13851806040453465
2179,42.252051775397575,42.110574168597175,40.37168498453609,39.99663409895228,1.7272941838032239,41.66834660161982,43.63723237944292,0.1385180604045347
2180,42.24264803245798,42.10348636297111,40.68712369984341,40.64269703443013,17.15732900821827,41.75405048636955,43.627828636503324,0.13851806040453468
2181,42.2453576525832,42.088692665708805,40.80559204286312,39.915242258931244,33.16984810583317,41.694676817263854,43.63053825662855,0.1385180604045346
2182,42.221107880617645,42.12945873591582,40.03963382318946,39.85562337548028,8.999900607625172,41.495943453185475,43.60628848466299,0.1385180604045347
2183,42.255334692257485,42.111493145506685,40.911648035959175,40.173578277007024,35.74189898595638,41.59509124430259,43.64051529630283,0.13851806040453454
2184,42.24495003374978,42.122358465648205,40.83175616911614,40.23815622129244,32.206233824374124,41.536567676689835,43.627942876171176,0.1382992842421397
2185,42.25441002515893,42.105662040618874,40.48133077481079,40.435455718318856,2.949633974394793,41.449473398222196,43.63740286758033,0.13829928424213972
2186,42.235669874949274,42.100778711249774,40.750906142447896,40.06169321743998,31.12864039577608,41.3851959629485,43.61866271737067,0.1382992842421398
2187,42.260170440264815,42.15172019473826,40.47280118714775,39.9572400773396,22.370966780118124,41.451749288379474,43.64316328268621,0.13829928424213975
2188,42.22971071286294,42.13569135475237,40.55986333616596,39.99006852387624,29.83818963324193,41.38485658581459,43.612703555284334,0.13829928424213966
2189,42.24817200054519,42.07477748269651,40.390735985269316,40.14888166447343,22.994844641825164,41.42330373964576,43.631164842966584,0.1382992842421397
2190,42.21703178905138,42.09213606251331,40.50169127186594,39.430358615490576,28.78827887560082,41.48413485776078,43.60002463147278,0.13829928424213978
2191,42.23306922006303,42.079645533345,40.812701989942326,40.379148825090304,30.838682448300638,41.59356747530024,43.61606206248443,0.13829928424213983
2192,42.229567218053454,42.10861677841944,40.23805536381672,39.78165914171829,23.838860443781638,41.643478169608215,43.612560060474856,0.1382992842421399
2193,42.229718559201665,42.14327629565491,40.83163241996166,40.46937036682917,32.261057836930796,41.79875748070778,43.61271140162306,0.1382992842421397
2194,42.25409012855273,42.08208593244828,40.55702841455749,40.35150078417215,27.40651291543533,41.66409162263663,43.63708297097413,0.13829928424213975
2195,42.2417560843171,42.0290466925226,40.546676042190406,40.1166185428695,29.82535363522776,41.50796634859808,43.6247489267385,0.13829928424213966
2196,42.25408056666394,42.063061233036024,40.42420289311892,39.57424820175417,29.763489707325107,41.39217209551766,43.63707340908533,0.1382992842421398
2197,42.223411983421094,41.959020699576456,40.28194981169575,39.787916296155394,19.34210272149862,41.31928221854223,43.60640482584249,0.1382992842421398
2198,42.25240153018001,42.11853268252973,40.82980107915915,40.43313205066987,23.092341449500353,41.66629314980126,43.63120878332526,0.13788072531452528
2199,42.26608999620599,42.09860628159488,40.188222223448236,39.64096556297393,-12.031950010006184,41.548938456939894,43.637948583415984,0.1371858587209991
2200,42.23424262726671,42.13191937862338,40.056002663496905,39.12262118952293,24.4680121060049,41.36915591222579,43.6061012144767,0.1371858587209993
2201,42.250185445417756,42.11735801828288,40.31605092042593,39.66810038347179,21.860395815315062,41.48898281822173,43.62204403262775,0.13718585872099925
2202,42.218942139838134,42.118840287288904,40.64214654304728,40.26188332489812,26.490558791541318,41.37317232272467,43.590800727048126,0.13718585872099923
2203,42.26858891622367,42.13153697304472,40.639554388320974,39.71924089373177,31.914397098952172,41.60805264383765,43.64044750343366,0.13718585872099914
2204,42.23747927042371,42.110733298558884,40.6307705130288,39.89812327561328,26.348286171241774,41.65971912791824,43.609337857633705,0.13718585872099928
2205,42.2680420864749,42.146365366412084,40.78230061251601,40.4641332960816,23.270384820313623,41.55827284007448,43.63424340917171,0.136620132269681
2206,42.25026193056097,42.09686782848444,40.70968817840298,40.07289068246569,32.35825969333115,41.512163894025164,43.6188620861768,0.1368600155615829
2207,42.24333983326501,42.1586731733952,40.6097071063575,39.67119151350979,24.36529504272724,41.537880388400126,43.5972505518982,0.13539107186331875
2208,42.280150539265904,42.190478775798965,40.77037958071026,40.3108614196141,23.91342593318457,41.62403825304861,43.63406125789909,0.1353910718633188
2209,42.250886139756695,42.08983260507243,40.58328566275169,39.61471442514351,31.79259662820665,41.33219363150348,43.600136584292464,0.13492504445357695
2210,42.24794756985037,42.076617531756916,40.881575724814226,40.4783408355515,32.83692223498438,41.669450772356,43.59719801438614,0.134925044453577
2211,42.275459918743444,42.16549903496301,40.50163674327364,39.8162215518147,31.03003029503042,41.74028094529511,43.62471036327921,0.13492504445357698
2212,42.27250911841686,42.16711793257257,40.52248663231435,40.11098406105759,26.358762644601523,41.73833687106895,43.62175956295263,0.1349250444535769
2213,42.27211702810271,42.1742022385785,40.882567595668775,40.124700296810474,33.51472594469864,41.78408959295477,43.62136747263848,0.13492504445357692
2214,42.26061160575104,42.11997396319021,40.68308523523064,40.02956878338989,31.741103983277682,41.545084074082936,43.60986205028681,0.13492504445357698
2215,42.266028882054385,42.1363472686078,40.512726937812886,39.99720629404348,26.714380961572502,41.65131069055903,43.615279326590155,0.134925044453577
2216,42.25422918733233,42.040167518931746,39.611209874604036,39.23775759284073,-6.957046884790181,41.23952638237296,43.6034796318681,0.13492504445357703
2217,42.279042808022915,42.1278743463855,40.49304031097399,40.412895984690984,27.043136160146926,41.460356794287264,43.628293252558684,0.134925044453577
2218,42.26154901082164,42.18258019172338,40.88049063480243,40.39366476791635,13.55615838397486,41.94342481513471,43.61256112289417,0.13510121120725335
2219,42.274030968065944,42.14561299367737,40.36193272477225,39.38614293647511,28.915786747155472,41.558397015957226,43.625043080138475,0.13510121120725327
2220,42.271434955023935,42.190251536703364,40.86709190560039,40.225164382751494,30.570917249953048,41.50019084929532,43.622447067096466,0.1351012112072531
2221,42.26476550054203,42.10921389164393,40.485987955395565,39.58772677939439,25.967017102055735,41.54639936165131,43.615777612614565,0.13510121120725324
2222,42.250150338161504,42.160729442159756,40.710881926309035,40.00307936623129,27.989182510934523,41.7422968044611,43.59981348735145,0.134966314918994
2223,42.256799983449845,42.19435491100417,40.56347952834248,39.69593220172864,28.68988260253964,41.68026251448187,43.60646313263979,0.13496631491899405
2224,42.25329247181848,42.15026417111006,40.21990595016541,39.707997528148255,19.595856451589675,41.22301305863306,43.60295562100843,0.13496631491899405
2225,42.27248705423621,42.16649362007492,40.70754661233115,40.25345756445487,21.694259703012502,41.68175326771606,43.622150203426145,0.1349663149189939
2226,42.262849143419494,42.142863975099786,41.03513303867013,41.17652179625033,26.320434066016702,41.763762472959215,43.61251229260944,0.13496631491899405
2227,42.24777887308276,42.050877719372025,40.4433923409179,39.817176016599035,13.64618484618412,41.533719852480345,43.5974420222727,0.13496631491899408
2228,42.26057558878622,42.068891424471126,40.5817531080861,39.96859859837578,17.899667445771875,41.4163199247308,43.599794163292785,0.13392185745065668
2229,42.270802889438734,42.1495620666049,41.08894497834156,40.831790087441426,27.52610878846745,41.77434193504802,43.6126517319372,0.13418488424984631
2230,42.27641646000907,42.18364006677449,40.670046950081854,40.36327823496109,29.560686128472216,41.67004344814075,43.615635034515634,0.13392185745065677
2231,42.255012614425105,42.076628798034655,40.583162135865216,40.038937071133155,31.397732226423226,41.223517526802055,43.59423118893167,0.13392185745065677
2232,42.273375468650094,42.173965503351425,40.40950413739085,39.49970889801299,29.31865665793064,41.44999588260005,43.62458171766273,0.13512062490126325
2233,42.25890481154867,42.18772509484792,40.95291775280647,40.59361080277697,25.824591257705315,41.82596869154726,43.6099205144895,0.1351015702940838
2234,42.27694114241236,42.17521106694891,40.75736893428142,40.23242675649711,25.182366616230297,41.768359022583454,43.6279568453532,0.1351015702940836
2235,42.228190485190694,42.05150011842158,40.40429355163789,39.5940500744214,29.334429096791517,41.42952971248849,43.57920618813153,0.13510157029408376
2236,42.26767540741604,42.174883285976186,40.78931834651457,40.06066180350307,31.8359305494318,41.726343147779346,43.61869111035688,0.13510157029408368
2237,42.25430599598585,42.131506624561815,40.90027046545056,40.41477658692043,32.90111134138704,41.59892381364741,43.60576838251884,0.13514623865329872
2238,42.26416752706135,42.156966473085745,40.81264157941353,40.683966610603434,19.338185282376877,41.71361763079944,43.61562991359434,0.1351462386532988
2239,42.26323346073738,42.16787121737576,40.882191885441124,40.594779196506394,9.830531453901848,41.89742734730697,43.61469584727037,0.1351462386532987
2240,42.289842657540284,42.106686924982355,40.558882190042205,39.96942539504893,19.669494641351463,41.544034667991156,43.64451588553707,0.13546732279967852
2241,42.26512165664994,42.12080285745098,40.917181648947334,40.622013906567936,29.34619617188615,41.67992933810814,43.61979488464672,0.13546732279967857
2242,42.28080349179681,42.17512822314081,40.5745308452582,40.265025109042874,24.762185788652694,41.7116110085735,43.635476719793594,0.1354673227996786
2243,42.253132666393384,42.08885890843592,40.434853673554315,39.85448126901265,19.41317131725592,41.543114097728,43.60780589439017,0.1354673227996785
2244,42.26873094197379,42.071607469477016,40.40551538565667,39.58982432120382,25.381749783636028,41.51174477189306,43.62340416997058,0.1354673227996785
2245,42.29046210304349,42.17813444706807,40.77420505898659,40.19108894631441,27.74592505210436,41.659821225127864,43.63179869365162,0.13413365906081265
2246,42.262448246643125,42.16346671400727,40.60827027190443,40.05890150291774,29.078098309762396,41.772606313079315,43.603784837251254,0.1341336590608128
2247,42.28734908184257,42.176183633554906,40.48790312725264,40.17209924112613,23.08102398951688,41.72139557269722,43.63870939476334,0.13513603129207669
2248,42.27176671483109,42.16036440698587,40.15937273421438,39.69964701942932,-11.137477924128284,41.423273658344286,43.623127027751856,0.13513603129207663
2249,42.284043279102626,42.17502396603815,40.803502183651254,40.51227229130154,29.312038407861607,41.8239235305026,43.635403592023394,0.13513603129207666
2250,42.27468845352165,42.13213515803868,40.89203086299873,40.535850454066875,23.36787315356302,41.55990137108485,43.626048766442416,0.13513603129207677
2251,42.27030934491207,42.15449600540026,40.502836378162705,39.70213353686428,25.559252255222624,41.72807612640544,43.62305576446305,0.1352746419550976
2252,42.28281505019916,42.13723830922886,40.575071493828375,39.68273869531742,30.72258787449998,41.672181728911,43.63556146975014,0.13527464195509756
2253,42.26111193876237,42.11667064079538,41.09773249658266,40.68158013198214,32.683290471287265,41.687126874196125,43.613858358313344,0.1352746419550976
2254,42.276580361268614,42.11045126328748,40.92847686364809,40.31364289636385,30.36888213846891,41.66077514121832,43.62932678081959,0.1352746419550977
2255,42.26171683517675,42.11025305513508,40.81457953955851,40.49531058471926,24.040458844877296,41.59617251801925,43.595156337386115,0.13334395022093656
2256,42.30521755245804,42.163508147536945,40.34542484596283,39.49790724498459,29.58193016900347,41.198364039422344,43.638657054667405,0.13334395022093645
2257,42.296092596164996,42.16307002589515,41.02635236295776,40.64875350503747,33.35229988514898,41.78821832249031,43.64527158763175,0.1349178991466751
2258,42.267318959531664,42.166949857267596,40.658731414215396,39.935175785155835,31.76377857170688,41.51216444145794,43.616497950998415,0.13491789914667524
2259,42.295064464606206,42.16780477434458,40.631806929599236,40.63537958494993,-4.126850277542175,41.834609597903835,43.64424345607296,0.1349178991466752
2260,42.2732198388496,42.1433075919179,40.432777930524296,40.027680436732666,3.135039339202436,41.508099788722866,43.62239883031635,0.1349178991466752
2261,42.26706803779663,42.164116142540955,40.861989483110946,40.14540329326432,25.644581796625868,41.723062456309464,43.607651372034105,0.13405833342374704
2262,42.281671947401456,42.15895773190881,41.01494179861362,40.822126885679076,29.216750014291808,41.681102310060595,43.62225528163893,0.13405833342374704
2263,42.26696317540332,42.12084223956792,40.8290760873024,40.38326719363765,28.04530919378736,41.727064826202565,43.60742628319733,0.1340463107794009
2264,42.27384058736076,42.15734530136849,40.33898385004918,39.618255072520405,18.857021127277015,41.54830122286268,43.61430369515477,0.13404631077940077
2265,42.285287115403904,42.05052304626982,40.61884853270368,39.92460050303308,31.31568713714667,41.30710565726664,43.62575022319791,0.13404631077940088
2266,42.300969698257305,42.135860031761325,40.8091520095036,40.111385060624194,27.569148768081824,41.551723591093406,43.64143280605131,0.13404631077940068
2267,42.27812815992125,42.17396062094435,40.87060129082489,40.09438752281791,33.26226451260933,41.772185164941945,43.598372647621375,0.13202444877001246
2268,42.31207929202775,42.16850255124314,40.99589754469579,40.65576930083418,33.237939907695505,41.55456493554415,43.63232377972787,0.13202444877001238
2269,42.296080396786095,42.174723059586945,40.553491096081785,40.04404931985894,26.640462143285763,41.526112189399115,43.64774348729343,0.13516630905073404
2270,42.27441172697489,42.17709183491991,40.664863825488524,40.09551838758201,27.35885643465039,41.72720966851458,43.626074817482234,0.13516630905073412
2271,42.278973026742534,42.16851616589545,41.12054292821542,40.944393021337966,23.01788120815207,41.74441540007487,43.63501787411844,0.1356044847375905
2272,42.263806885898326,42.04387480380418,40.74956144968086,39.95878695264512,33.303020986475104,41.601541900165884,43.61985173327423,0.13560448473759068
2273,42.26671230568922,42.17633026292702,41.133725281163,40.88260556130769,33.70724221439967,41.78564663008932,43.62275715306512,0.13560448473759065
2274,42.279374404704114,42.17467090138969,41.035945550399674,40.353319559794436,35.13933139835033,41.61676770212897,43.63541925208002,0.13560448473759076
2275,42.29134863481068,42.169060826216985,40.630597381316704,40.82762488424858,-12.652984072592936,41.84227373765477,43.64739348218659,0.1356044847375906
2276,42.301083488128384,42.152505688521245,40.88840664932182,40.464839921064026,30.39695140150735,41.57133037089736,43.65712833550429,0.13560448473759082
2277,42.27929562879481,42.013477886372684,40.64889716837598,39.857248051097635,31.924170560585566,41.39009413343135,43.63534047617072,0.1356044847375907
2278,42.269971623463974,42.176826981091935,40.7779873733629,40.09261104711419,24.476311063587588,41.54854649420432,43.62601647083988,0.13560448473759074
2279,42.27331234196592,42.160736137504585,40.27743395961682,39.69778604835136,18.772483411874987,41.418534107425856,43.629357189341825,0.1356044847375907
2280,42.297902018781265,42.176865104592466,40.99981762644318,40.30745769656896,33.49523689026136,41.742086183138554,43.65394686615717,0.13560448473759057
2281,42.28301028089961,42.12332500194761,40.450125430286874,39.98229864663941,25.603172528302608,41.586094468686085,43.639055128275515,0.13560448473759062
2282,42.26389308271175,42.10381425025868,40.24561809215317,39.70178746915541,23.269214967307576,41.28561247455694,43.61993793008766,0.13560448473759068
2283,42.297725769929684,42.18420003548664,40.68214542686123,40.37171847066135,18.633184344728043,41.70285702756489,43.65377061730559,0.1356044847375905
2284,42.28875600590787,42.173329240731164,40.54252580345642,40.319386174646745,27.15047460282441,41.7951712629761,43.644800853283776,0.13560448473759062
2285,42.30734660669913,42.10492677692258,40.522642708586325,40.02065889330539,29.302654239665305,41.539535894511175,43.65663062432111,0.13492840176219859
2286,42.291969767676086,42.21520469702564,40.60075880473495,40.490344415459035,17.52478937960294,41.7298426520868,43.641253785298076,0.1349284017621987
2287,42.29226586460371,42.182070524495835,41.061476207272634,40.8442634546649,33.1683437480481,41.77096752396628,43.641549882225696,0.13492840176219859
2288,42.3018889321099,42.01286272124674,40.33764399667964,39.333342843577284,28.798423809597683,41.26952927968197,43.650678894024864,0.13487899619149654
2289,42.290491249206895,42.169850971676965,40.71382980995265,40.181835838655815,23.881752738151,41.53946711577626,43.641433992856584,0.13509427436496915
2290,42.2779831409141,42.094812527758805,40.45206873628728,39.74692120692694,27.462771517797254,41.52373932994523,43.62892588456379,0.135094274364969
2291,42.29056234093007,42.18937626802267,40.96780904807381,40.367173009309454,32.752808329694446,41.70997135754867,43.64150508457976,0.13509427436496904
2292,42.287019451677175,42.17166708897936,40.671151509175665,40.359985097190176,25.75667980460803,41.574301854295456,43.637962195326864,0.13509427436496904
2293,42.30644403223573,42.185361252783764,40.638989391784534,40.17367965899274,23.892782994757802,41.53883174586596,43.65738677588542,0.13509427436496899
2294,42.30955954533972,42.146864907099896,40.865021697836866,39.95280895395568,34.260795385219566,41.67492565507963,43.660502288989406,0.13509427436496899
2295,42.303632815466514,42.17415477111096,40.65886709655868,39.86048377964996,23.142134654479865,41.79018837801564,43.66019489958325,0.13565620841167372
2296,42.29731890705941,42.20072401720461,40.77578757098607,40.47943434015509,24.092486452824964,41.66997125816894,43.65388099117615,0.1356562084116738
2297,42.28798920762751,42.188731548295344,40.745522461660755,40.312939679801715,27.522150896811322,41.78037856834393,43.64455129174425,0.13565620841167378
2298,42.2881176281553,42.14726456808291,40.85984782345708,40.399954575974306,26.663026880768022,41.71235454312956,43.64467971227204,0.13565620841167378
2299,42.27594282556738,42.16742210775252,41.031666057839104,40.57675898618589,27.849648994848902,41.837276554795906,43.632504909684116,0.13565620841167375
2300,42.282812476784656,42.1380381090732,40.59256922847562,39.961514734013214,30.722688786048046,41.563278272280385,43.63854489879559,0.1355732422010932
2301,42.28998333202137,42.14424863688324,40.953722778957754,40.50219686040108,29.072140501173344,41.68136814922988,43.619704800256514,0.13297214682351421
2302,42.30585121631695,42.19592969383295,40.43664605430692,39.866631510285266,-4.0593686763868035,41.590633813539725,43.63512600095994,0.13292747846429911
2303,42.300752118356314,42.21224082484078,41.11048590760046,40.802656773917676,34.07484910213634,41.83440135200178,43.630026902999305,0.13292747846429906
2304,42.309663767614154,42.20759889865401,40.61639937396472,40.03246741842643,20.322308992596703,41.672162070487865,43.638938552257144,0.13292747846429911
2305,42.31242269157956,42.12503332559378,40.68644085350392,39.896086839319985,30.67388196833756,41.47990659896667,43.641697476222554,0.1329274784642992
2306,42.28766047244108,42.20675838063418,41.02835664075321,40.51249497355502,35.94223388710031,41.789613325750395,43.61693525708407,0.13292747846429903
2307,42.303150776401196,42.009367340462,40.47746528002315,39.629837283084974,28.57063392266647,41.58015288355565,43.63242556104419,0.13292747846429914
2308,42.31684881635768,42.140354315386034,40.429995940281856,40.06094860431748,23.41010773714129,41.62057087617754,43.64437525815026,0.13275264417925825
2309,42.26875091472637,41.90331497991748,40.40585081056304,39.53037690667753,29.59453648088288,41.17183531359899,43.59828814632434,0.13295372315979764
2310,42.296437268336994,42.205549829822516,41.14133867698162,40.842370035082986,29.984605248919376,41.82062836158114,43.62597449993497,0.13295372315979767
2311,42.28701580008498,42.03487936009578,40.40179748410211,39.48156831015038,26.544900847044136,41.17521125141215,43.616553031682955,0.13295372315979773
2312,42.29369863713662,42.11709745538186,40.82895635034492,40.381474733892844,22.630481107735896,41.72167321764627,43.6232358687346,0.1329537231597977
2313,42.305756401180865,42.21292298834262,40.8022513039472,40.52041372627694,28.900211709033254,41.70858204462339,43.63529363277884,0.1329537231597977
2314,42.26831610872719,42.154002576564935,40.78438985773926,40.44909278148742,3.1159524846029996,41.63552535670976,43.597853340325166,0.13295372315979784
2315,42.277785217246546,42.13206741940395,40.536803669203145,40.029494162902125,30.078950217630613,41.46650602195106,43.60732244884452,0.13295372315979767
2316,42.30237289350172,42.09475417555831,40.39849877760497,39.958478902281804,23.228173486084184,41.607990467496656,43.631910125099694,0.13295372315979767
2317,42.29640440449523,42.18292358731912,40.83623778253425,40.37754147648335,31.55569356806175,41.687804723985764,43.6259416360932,0.1329537231597977
2318,42.29238031936066,42.19717535533554,40.692270549056296,39.844718169192376,30.371722437010114,41.80444644474153,43.622083509649386,0.13297031902887219
2319,42.30809465072286,42.13200607144488,40.48635193411531,40.27683980920819,29.6075497565814,41.55388813417092,43.637797841011576,0.1329703190288721
2320,42.299537491619056,42.20209264048138,40.0351761190254,39.963764046306814,-12.892793229903297,41.63658775327853,43.61846103650788,0.13189235448888278
2321,42.30560612142261,42.207102921127166,40.64267829312286,39.861945468842755,19.770742403912166,41.607590720183026,43.62452966631144,0.1318923544888828
2322,42.30550386954217,42.21944119500551,40.89421260168649,40.83767039488733,30.74077958524954,41.85892267356794,43.624427414431,0.13189235448888276
2323,42.309257659880736,42.192620170367306,41.019175297169966,40.60419944416754,28.997170776585286,41.78717809252217,43.62818120476956,0.13189235448888273
2324,42.3116901782974,42.16760132543788,40.77348130538906,40.120185517440234,32.24132476423247,41.516793323045135,43.63112947718374,0.13194392988863407
2325,42.308711547040915,42.184439677122405,40.826802203818765,39.90715191521372,30.959769117747957,41.61496680707113,43.62783461816124,0.13191230711203267
2326,42.33392724607187,42.1838359080328,40.370813564042315,40.07321830149246,-3.149146442730057,41.61110202523879,43.653050317192196,0.13191230711203242
2327,42.302596953716744,42.128120079066406,40.35061043478822,39.449833364814566,25.68318864945497,41.53303054328144,43.62172002483707,0.13191230711203245
2328,42.33116189763503,42.161809820180665,40.93918363203215,40.00015243364318,28.133406406961072,41.76583503245534,43.65028496875535,0.13191230711203242
2329,42.312471763400154,42.14834106200356,40.65894293722955,39.837088430177694,18.200105696894912,41.66290192121126,43.63159483452048,0.13191230711203256
2330,42.32154245714209,42.20810675521771,40.662026489533865,40.392419030062705,26.642442294495336,41.610337783446134,43.64066552826241,0.1319123071120325
2331,42.32100317426929,42.180488303473275,40.73723518866057,40.32693761663536,31.77868021369124,41.693281826703625,43.64012624538962,0.13191230711203245
2332,42.29940549632841,42.12948251371667,41.07275250987276,41.11264268058978,30.74416701902124,41.61129362275355,43.618528567448735,0.13191230711203247
2333,42.299365222635764,42.202131734613346,40.83767678236892,40.568884646324776,25.83624445338882,41.806995133101154,43.61848829375609,0.13191230711203256
2334,42.32105756841987,42.190991584646206,40.357999082378406,39.95666726792327,19.585583814110812,41.59156053273253,43.64018063954019,0.1319123071120326
2335,42.305543114233934,42.07932932211754,40.611069515578734,39.65977016099996,31.707327078497045,41.452006144452696,43.62466618535426,0.13191230711203242
2336,42.31832804272834,42.211762219858635,40.44633889649562,40.222980452085345,-12.666242768619043,41.65594899677445,43.63745111384866,0.13191230711203258
2337,42.30863856212341,42.095728639342056,40.48154910636994,40.024978967552485,27.8900325649099,41.5195199747571,43.627761633243736,0.13191230711203253
2338,42.30850041403107,42.166505013379115,40.72040529208271,40.00739505934097,27.37045952798053,41.458921441043174,43.627623485151396,0.13191230711203253
2339,42.30887591847142,42.20221053848544,41.03768702018288,40.43135933289807,33.30830256569246,41.79166305426671,43.627998989591745,0.1319123071120324
2340,42.32017977439095,42.21807656042874,40.440535511095455,39.99719965079467,17.49047564078117,41.6169898846787,43.62149973995999,0.13013199655690375
2341,42.33533446717907,42.23060895622379,41.15807050562518,40.60538388285677,35.31770586878055,41.71925255705156,43.63720659324905,0.13018721260699806
2342,42.30706418645275,42.138119863184095,40.85389367640427,40.4658264759194,30.75024241102001,41.517499704615005,43.60893631252273,0.13018721260699812
2343,42.328474641875104,42.2055492019461,41.102116352138516,40.36758181667824,35.80659630743494,41.804871311902154,43.630346767945085,0.13018721260699806
2344,42.30746629304348,42.20847533969203,40.566787764919866,40.27453714465855,24.94562739217867,41.62664284053156,43.60933841911346,0.13018721260699812
2345,42.34740621826262,42.19396286081753,40.69561720710799,39.89964404242707,32.325425584579776,41.56492878449944,43.6492783443326,0.13018721260699803
2346,42.29768447049135,42.190252628026734,40.955452070922995,40.694468033655,20.624032063328638,41.72685985970324,43.59955659656133,0.13018721260699817
2347,42.31359592691748,42.2172789618392,40.52376772218938,39.935643604651645,23.902229323216698,41.601102622858036,43.61546805298746,0.1301872126069982
2348,42.33125536206607,42.23879912876828,41.031964055976765,40.6975628977505,19.466290580410316,41.88767941088676,43.63058491312287,0.1299329551056798
2349,42.30676642540489,42.13527735529827,40.731901375208125,40.115445097639224,30.905757419705566,41.725484527431306,43.60609597646169,0.12993295510567976
2350,42.32893447527371,42.23326500665429,40.83453478168094,40.41267524570572,28.03715619712859,41.574693588161736,43.639697287597826,0.1310762812324115
2351,42.30205217266036,42.21734923660227,40.198260664139866,39.70328147916307,-4.03170537644035,41.62164426744947,43.61544782432215,0.1313395651661792
2352,42.305283845763235,42.197935094833724,40.862404573658175,40.441290519392815,28.3464329850792,41.63644216405982,43.61867949742503,0.13133956516617937
2353,42.30732650520003,42.20757958287124,40.644569752101425,40.09391759097644,17.986730711026027,41.74108556665455,43.620722156861824,0.13133956516617917
2354,42.319997903938,42.15861632584401,40.45316147563485,39.9442513507296,30.547882558861374,41.26747308127818,43.633393555599795,0.1313395651661793
2355,42.29706873904895,42.23868206064015,41.105693799303424,40.66954570137145,30.402490713221383,41.767379461343985,43.60594036771448,0.13088716286655278
2356,42.30312961130637,42.122177946676615,40.57976585918616,39.97254832473311,30.799014376093414,41.4933369551531,43.612001239971896,0.1308871628665527
2357,42.29976379982725,42.18046330212915,40.567148435260435,40.069981463763746,27.89944088874817,41.67685739215989,43.603016088025726,0.130325228819848
2358,42.321730621132076,42.213974357784146,41.20674708547579,41.13443907166277,27.231061029816832,41.89531461806962,43.624982909330555,0.130325228819848
2359,42.317851277435146,42.11749219320663,40.594639173815466,39.881680755015445,30.82381871467863,41.49841016780897,43.6210614519445,0.1303210174509354
2360,42.31212153573677,42.12328020079865,40.69923823850731,40.081002343285796,28.03907919325681,41.581387605362,43.615331710246124,0.13032101745093558
2361,42.30879139251198,42.218118778236196,40.89278948957725,40.49536548198318,30.73914387426793,41.65268284048847,43.61200156702133,0.13032101745093552
2362,42.318359280938104,42.20992704005559,40.586339762594044,39.9749739657089,23.992933525267333,41.70485308446723,43.62156945544746,0.1303210174509355
2363,42.299689543488704,42.23774386989074,40.8921542883789,40.65043145545611,27.05216994189526,41.84177559169861,43.602899717998056,0.1303210174509356
2364,42.31228926815107,42.17539739425573,40.70128630468239,40.26299468762736,27.067265896336096,41.58735972378279,43.61549944266043,0.1303210174509357
2365,42.305557382757314,42.15684581596678,40.55377596392755,40.48970724192117,-6.848842236462154,41.78576085604348,43.608767557266674,0.13032101745093563
2366,42.35290676615312,42.1752570219815,40.72715976187179,40.6240153981309,22.032542742888015,41.71575544447005,43.65556275182986,0.13026559856767436
2367,42.3169530926972,42.22168349659586,40.86838586035849,40.466268255868684,30.4125788381111,41.73376172495787,43.61799943366152,0.1301046340964322
2368,42.31369658149547,42.20858682808913,40.60495866444652,39.945968784509695,29.320698615858102,41.278876517964406,43.58710282578517,0.12734062442897007
2369,42.342148359452054,42.16449960650543,40.18847605075396,39.68426524520147,16.911145498955488,41.32105070927578,43.61555460374176,0.12734062442897004
2370,42.332308132064156,42.09391903793102,40.685357774230816,40.333897378501696,26.43158470325737,41.36293919842697,43.60571437635386,0.12734062442897007
2371,42.332164002982616,42.18135297772333,40.908747531724785,40.54923396605204,28.947955270850876,41.72377551030897,43.60557024727232,0.12734062442897004
2372,42.35737222848981,42.20076442958047,40.821603868159436,40.24861654645916,33.742934710867104,41.50733485933229,43.630778472779504,0.12734062442896993
2373,42.35711667171558,42.23906136643841,40.83670943624085,40.529629119555366,31.945910518939833,41.767099008100814,43.63052291600528,0.12734062442897
2374,42.34170971074298,42.26899467664508,40.79632705109448,40.196414356739226,30.92697527680471,41.725426235418,43.615115955032685,0.12734062442897
2375,42.3514279568715,42.195385324797336,40.59224724597595,39.79227922709378,29.895944222133316,41.46759515881622,43.62483420116119,0.1273406244289699
2376,42.337435159981666,42.10536452962721,40.62365265218435,40.143924019686175,30.665123458521695,41.521503358753435,43.61227117735058,0.1274836017368909
2377,42.34649217679869,42.23749363311428,40.36912553077862,39.43946681547725,25.46879463120933,41.429692047428816,43.6213281941676,0.12748360173689094
2378,42.32531928704749,42.19751311555335,40.46516774544804,39.61169129228825,23.38608962770163,41.55292863916274,43.600155304416404,0.12748360173689102
2379,42.352685538857685,42.14650325365059,40.3753002477137,39.842155882460425,21.647430099745435,41.50412399177969,43.6275215562266,0.127483601736891
2380,42.34374817228627,42.2483783949361,41.02118902113357,40.48283165791651,31.229959313699467,41.85190212021848,43.61858418965518,0.12748360173689097
2381,42.3448790162264,42.26157959506168,40.64901551551621,40.54114733274503,19.26329197367653,41.758783808152955,43.64644509768194,0.13015660814555433
2382,42.316913836562236,42.220317704502584,40.12350464940157,40.39174599133371,-14.445260182303713,41.66946086718978,43.618479918017776,0.13015660814555427
2383,42.31968347312495,42.22566627839852,40.777054387646025,40.60740629089871,21.89283571464272,41.80423563435228,43.62124955458049,0.13015660814555427
2384,42.310791945111795,42.19131279548256,40.79868299359839,39.93438739800765,26.309522473409228,41.8233346364287,43.612358026567335,0.13015660814555421
2385,42.31357450669693,42.248503714787795,41.08947398251995,40.88955726647344,33.51871733641842,41.868213605182106,43.61514058815247,0.13015660814555435
2386,42.31084183560748,42.12526615756084,40.43102186440584,39.155973438257526,27.278774683904885,41.58763520100452,43.61240791706302,0.13015660814555435
2387,42.3323527095871,42.10353334504458,40.81337095696967,40.35683885342198,25.818571644337883,41.748576194562936,43.63391879104264,0.13015660814555424
2388,42.31298600061805,42.15618531142167,40.70893133553881,39.78903302677552,27.096355767572547,41.67545639034171,43.597193032734566,0.12842070321165197
2389,42.337108179932876,42.24645065148269,40.877086128078126,40.797670519604985,28.58363512786879,41.73318397429801,43.621315212049396,0.1284207032116521
2390,42.35527302469425,42.19395854101892,40.90140068142753,40.08829426600735,31.617738452972073,41.4840448108647,43.62211253647059,0.12668395117763384
2391,42.340127933706995,42.158504520236946,40.92434365399264,40.570074615102826,30.146693108886634,41.69815658883958,43.606967445483335,0.12668395117763376
2392,42.345350108256184,42.15607771161014,40.54850219717244,39.64603834320766,27.92439221679009,41.67371189468679,43.612189620032524,0.1266839511776338
2393,42.352695526511255,42.19165064398058,40.42911932692743,39.620027182348224,27.1338149027057,41.52874663062845,43.619535038287594,0.1266839511776338
2394,42.361330069992626,42.23705891227807,40.91663000259734,40.56622337263266,30.644334062362763,41.837484322690536,43.628169581768965,0.12668395117763376
2395,42.34298297472932,42.22230914657486,40.448727041356356,40.07000503628497,-3.9120108465089913,41.679138420181886,43.60982248650566,0.12668395117763384
2396,42.336887196704886,42.24320014962985,40.86510196077588,40.27796412995482,25.899666465187526,41.76412987322024,43.61026890908522,0.12733817123803326
2397,42.343226663084415,42.25996408881787,40.70495189807099,40.22698811606977,24.450354895929255,41.72656737475893,43.61672860190821,0.12735019388237945
2398,42.349476125764006,42.16579335241381,40.9902224030721,40.407716486153404,32.228196843580065,41.73962940238995,43.6229780645878,0.12735019388237948
2399,42.330538750642916,42.16046079382829,40.87572140370129,40.72250765254177,29.72550301821611,41.828064598421534,43.60404068946671,0.12735019388237945
2400,42.35822954964275,42.21480649648881,40.74057221698769,40.24699760042555,30.797044123720816,41.60188169448695,43.63173148846654,0.12735019388237942
2401,42.348075037871425,42.246460491260656,40.5569888503808,40.37676471324605,26.667521260871023,41.61501715130716,43.619424194960494,0.127134915708907
2402,42.34822648202502,42.22513778770323,40.93357931237034,39.996869485377545,33.662020912032595,41.762473306995616,43.61957563911409,0.12713491570890706
2403,42.33574170405414,42.21783986883445,40.53385505747969,40.255368090754104,21.2271471685161,41.79923481331659,43.60709086114321,0.12713491570890695
2404,42.354286502000804,42.24755352213441,40.48261779491218,40.461266817420324,-9.781475355858888,41.75321769306841,43.62563565908987,0.12713491570890695
2405,42.35740934697021,42.22621798611953,40.84967002186649,39.975651684691314,23.42733710530144,41.79590237085747,43.62875850405928,0.12713491570890686
2406,42.354544259873066,42.17190028062051,40.275683229792634,39.628379055022556,26.817731476947365,41.42355386031349,43.62226263641443,0.12677183765413688
2407,42.35507118964237,42.163120172470876,40.8682396511499,40.43407749304565,25.989681890345352,41.72155037168808,43.62278956618374,0.1267718376541369
2408,42.34100193620488,42.27088619518457,41.01794655644969,40.44047312561961,29.498132281867925,41.76191297844711,43.61943550579863,0.12784335695937452
2409,42.35125802162795,42.21670871835867,40.651610396663344,39.82112488423223,29.427749479424342,41.70978141630842,43.62917583722418,0.12779178155962312
2410,42.35907147016366,42.20065341890419,41.113454653290546,40.99001212067217,22.81766998908545,41.74579138526532,43.6317412111574,0.12726697409937343
2411,42.33155208416293,42.204327668612265,40.27412874250726,39.955250772269835,12.380067808724547,41.61656329929524,43.604221825156664,0.12726697409937343
2412,42.32490156833322,42.18800953181606,40.8689719600074,40.475180443621596,30.928987687793946,41.86179854768521,43.59757130932695,0.12726697409937332
2413,42.34365067377159,42.24353291152517,40.59678191404398,40.47278555656457,22.818147441639972,41.66075835046611,43.616320414765326,0.12726697409937338
2414,42.33126696692167,42.238519286011346,40.835369572647835,40.339997755370206,27.572313576023532,41.64106384493574,43.6039367079154,0.12726697409937346
2415,42.34097995746667,42.23744248313933,40.832289770275025,40.48405881438886,21.56854979317422,41.65401646030823,43.61364969846041,0.1272669740993734
2416,42.330021380106125,42.253201019677995,40.82898446554336,40.412506092467595,25.6759208358074,41.8575573516176,43.603467368216485,0.1273445988110361
2417,42.34952222309286,42.22984646307833,40.59037288729141,39.98170691049059,18.199002240555657,41.779606288852634,43.62296821120322,0.12734459881103616
2418,42.34898262924381,42.23360381690286,40.79126310550123,40.38306371369542,23.17595966416212,41.840319160331525,43.62242861735417,0.1273445988110362
2419,42.333627448692255,42.23264562480776,40.909500545986056,40.43455175326995,29.672049179261773,41.6764714287218,43.607073436802615,0.12734459881103627
2420,42.35860619443079,42.19378458106143,40.813232265778296,40.296190938104196,25.27927426711677,41.69877711598484,43.63205218254115,0.12734459881103619
2421,42.3456587685984,42.22609759108149,40.25397557337334,39.250476472234965,22.83149044512163,41.404647613935595,43.61910475670876,0.12734459881103613
2422,42.33055419195808,42.21146339529618,40.54429883424554,40.17139795672351,-13.647372654397877,41.80189009664234,43.60400018006844,0.12734459881103627
2423,42.33696433739248,42.233059468328584,40.92427416970107,40.20898104802473,33.993045116274175,41.632205857669604,43.61041032550284,0.12734459881103619
2424,42.341792183372725,42.225275065716474,40.78113273567804,40.08838859174146,29.320562025501005,41.650929752303284,43.61982588665957,0.12780337032868477
2425,42.33490240596717,42.21800367496997,40.608403848005786,40.205737464626935,12.036319061032497,41.617359109369346,43.61293610925402,0.12780337032868488
2426,42.334642618637076,42.20349974013081,41.13835278321691,40.453433681326416,37.023522183394476,41.64780310837429,43.61267632192393,0.1278033703286848
2427,42.329208725315,42.22710770374649,41.002695662535615,40.65433099458302,32.496736654905376,41.588794772750944,43.60724242860184,0.12780337032868472
2428,42.335759106704465,42.22630660154538,40.77111980107623,40.132695168176454,29.8976140216054,41.68628820161538,43.61379280999131,0.12780337032868472
2429,42.337895714978735,42.23978746607361,40.48096998652093,39.59115490006848,29.747226950886173,41.77325063662256,43.61592941826558,0.12780337032868475
2430,42.33219298424616,42.2541052155698,40.859829277869885,40.61826701223178,28.90345433587793,41.783524126723115,43.61022668753301,0.12780337032868477
2431,42.32217568395216,42.238745597641206,41.030960480436875,40.40399573157206,33.2517720936898,41.727213831516266,43.60020938723901,0.12780337032868486
2432,42.33284164595622,42.22703414465926,41.000797669743086,40.14580796258324,28.056056246803017,41.96965297410634,43.61350561723496,0.1280663971278742
2433,42.32925592714429,42.2102494353968,40.786339799328296,40.065382543522844,25.856598018891916,41.68991916638471,43.60991989842303,0.1280663971278743
2434,42.34198531279268,42.111030726038834,40.63615142103686,39.93365773592362,27.26574071310506,41.647653971106536,43.62264928407142,0.1280663971278743
2435,42.33877191102389,42.24335598611413,40.709887126675525,40.066838171768154,30.091001585634572,41.86223178537241,43.61943588230263,0.12806639712787424
2436,42.33858644308211,42.24828569199121,41.076716518151855,40.50319400625709,23.340324678445647,41.88657982115964,43.61925041436085,0.12806639712787438
2437,42.33221027878286,42.22778831417321,40.549189237688324,39.430722115614586,30.902312081595056,41.66649242247965,43.6128742500616,0.12806639712787427
2438,42.348221832934684,42.2547751106983,40.98374766015245,40.95525030646757,23.238638797497817,41.941917650319766,43.628885804213425,0.12806639712787432
2439,42.326714112578735,42.191431543245045,40.78591609197874,40.24784800612885,29.822151823595757,41.6795516913875,43.607378083857476,0.12806639712787427
2440,42.33232385215425,42.21272596260881,40.64717002034948,40.12329009829072,28.645494507702047,41.73398764001246,43.612987823432995,0.1280663971278742
2441,42.323142977598394,42.22207596022156,40.73797007198892,39.895261060786005,28.807360479758486,41.77347483684264,43.603806948877136,0.12806639712787432
2442,42.32611827435738,42.18304748149702,41.11802220723979,40.9198037838772,29.494913007058024,41.881726314748676,43.60678224563612,0.1280663971278742
2443,42.32926396387747,42.23202735791378,40.38566690035533,40.60304658116724,0.08758139512757879,41.773189008926195,43.609927935156215,0.12806639712787435
2444,42.32901225247653,42.18420862186842,40.241404933246606,39.419916889504584,21.37848893256204,41.51172445733563,43.60967622375527,0.12806639712787435
2445,42.32632669032898,42.255694927502546,40.65276513758534,40.188260032971954,27.019467795920576,41.70712088740933,43.606990661607725,0.12806639712787424
2446,42.32369467946873,42.227106851737695,41.182270216711444,40.86720504279782,32.11075433022976,42.00547263488296,43.60435865074747,0.12806639712787418
2447,42.327045104747434,42.210477074848846,40.77484230422117,40.45358381901501,29.896966327424945,41.707247536873126,43.607709076026175,0.12806639712787427
2448,42.336275599200555,42.22995675192687,41.00034316478473,40.57847368619192,24.0819492451875,41.88261061840292,43.616939570479296,0.12806639712787438
2449,42.326708214781654,42.21497347159086,40.779874040248885,40.44798014778911,23.418924097330617,41.64270309735476,43.607372186060395,0.12806639712787435
2450,42.32046406186645,42.1819341930994,40.31477317736556,39.72039834761774,14.845508033425268,41.47671763816244,43.601128033145194,0.12806639712787432
2451,42.360410219987465,42.248209801916396,40.54720406496873,40.283759187597134,-3.9908506731501063,41.67610859405188,43.641074191266206,0.12806639712787424
2452,42.351283621608964,42.220309162977145,40.78359579043954,39.9978432482713,32.78574147976506,41.73293006219335,43.631947592887705,0.12806639712787443
2453,42.32365310017421,42.2277920222837,40.82669022121814,40.10489149855832,32.3375025694853,41.766439844756306,43.604317071452954,0.12806639712787427
2454,42.32121504046641,42.240529243262344,41.02938303780364,40.47764327639207,25.374575918052336,41.757127527126826,43.607498352212204,0.12862833117457897
2455,42.31736040364421,42.214909603690856,40.881423102810494,40.45299876745279,26.69282998306238,41.70506311911804,43.60364371539,0.12862833117457906
2456,42.33895264970265,42.201092122116734,40.55216883379542,40.06646228530995,20.046465918314798,41.60503956492306,43.62523596144844,0.128628331174579
2457,42.31123323630513,42.14606373562358,40.60449404911348,40.13698814776136,29.248641264713534,41.55077357196829,43.59783277581693,0.12865995395118077
2458,42.32670300140836,42.1906439950937,41.06188143307794,40.37000393785022,34.31735020559509,41.57010380368996,43.61330254092017,0.1286599539511806
2459,42.329273502464,42.138551510220665,40.75823862623421,39.910350629177515,34.39633585065635,41.51068476195749,43.61320863112166,0.12839351286576575
2460,42.32298831000955,42.24038895213521,41.175070959513214,41.09634495071268,27.473983024360642,41.9606021291883,43.60692343866721,0.12839351286576575
2461,42.31898986351092,42.17457374913627,40.73127907485961,40.059950110137805,26.443427843340753,41.623584189120535,43.60334061335825,0.1284350749847324
2462,42.322291453759206,42.20063422769984,41.000396087223265,40.3413157882595,29.900361985438053,41.690245676333966,43.606642203606526,0.12843507498473236
2463,42.32860571518906,42.16013302475844,40.55204776869996,39.89823749529404,27.212654425776417,41.53420817639782,43.61295646503639,0.1284350749847324
2464,42.322037445115996,42.25063052094082,40.527921522005855,39.83131811806959,27.814674063085583,41.60609897115549,43.606388194963316,0.12843507498473236
2465,42.35354109616443,42.067982575800265,40.5397250589365,40.04123925990139,23.44116629304854,41.33751671178733,43.63789184601175,0.1284350749847323
2466,42.332149102452405,42.23628377799102,40.8609431252758,40.187673455360525,27.44057326830079,41.60902618073787,43.61649985229973,0.1284350749847324
2467,42.316532494008314,42.20476490331086,40.76835639798178,40.38258602862484,28.388364857002955,41.62641340658131,43.60088324385564,0.12843507498473244
2468,42.36922341439261,42.22546485621441,40.90479613690673,40.44451295819482,23.92637965124885,41.76509831910678,43.653574164239934,0.12843507498473242
2469,42.32270481974686,42.21174414494195,40.69096641355326,40.08203361810211,32.28632453885637,41.49133164135484,43.60705556959419,0.12843507498473244
2470,42.332102185209806,42.16437710993145,41.00401224600885,40.722007679019285,28.875645908032112,41.80615082073379,43.61645293505713,0.1284350749847324
2471,42.31661209160818,42.22861205852461,41.25228881901184,40.614049824930575,34.93931299001662,41.71757253040185,43.600962841455505,0.1284350749847324
2472,42.328785463361484,42.23659864420302,41.016062082920506,40.282545162329114,35.68214008009551,41.89204369641161,43.613136213208804,0.12843507498473233
2473,42.33477965154327,42.24896909189566,41.056192114198446,40.62686122890768,22.458130284655713,41.932441568014546,43.6191304013906,0.12843507498473244
2474,42.344291201450616,42.26665282864858,41.21127421606477,40.88151624947153,30.032770055906166,41.90338260580637,43.62864195129794,0.12843507498473242
2475,42.33190601864656,42.08736679601133,40.7632080672129,40.17148380964443,30.49981850654066,41.57900627129423,43.61625676849389,0.1284350749847324
2476,42.329175720613776,42.15979960854763,40.74454768575451,40.07410008982584,26.514500223670204,41.717752433637344,43.613526470461096,0.12843507498473236
2477,42.329409251984806,42.17530377744074,40.57521976129724,39.74003621566997,19.156159066100635,41.18963030092298,43.613760001832134,0.1284350749847324
2478,42.3235810977535,42.238318998946504,40.78368842010859,40.44177444770902,26.474609755252068,41.62189872430318,43.60715560048419,0.12835745027306944
2479,42.32930244509141,42.2284651815201,40.9598863593551,40.19277165537944,33.99835174015918,41.73868381963433,43.6128769478221,0.12835745027306955
2480,42.31738388722076,42.182939269735435,40.487032885840115,39.556318146854686,23.82391794964238,41.48933323694666,43.60095838995145,0.12835745027306958
2481,42.332998791124396,42.2555589391518,40.7966087790976,40.262439651371444,29.56514080045897,41.71028032207386,43.61657329385509,0.12835745027306958
2482,42.32616432623492,42.18263048547277,40.4718641918995,39.59406061119937,20.376171850186097,41.7782800814052,43.60973882896561,0.12835745027306952
2483,42.33570886720162,42.23000236031721,40.52816981724092,39.31473301443248,29.002854993866496,41.71218520702459,43.61928336993231,0.12835745027306958
2484,42.32378365015606,42.21310823348636,40.23399035060864,39.886638563287,-17.051307597325696,41.317352492366936,43.60735815288675,0.12835745027306952
2485,42.31452543464845,42.10632742304444,40.658228279669906,40.17517569788866,33.51237913185372,41.36451803608941,43.598099937379146,0.12835745027306958
2486,42.342520466144705,42.22266638587292,40.96666042913892,40.94025938334689,16.37866910116209,41.74716075420656,43.6287294140915,0.12862089479467959
2487,42.311841636974094,42.19836513371021,40.86709600100605,40.43026919749436,30.08469057256255,41.66887600191181,43.59805058492089,0.1286208947946796
2488,42.35466644330477,42.20751432047606,40.59195374308815,40.286875407633154,17.00298798523437,41.8392583923466,43.64087539125157,0.1286208947946796
2489,42.358277163417355,42.237061150759885,41.14681521396137,41.01506070790759,32.58062390458403,41.89232988271526,43.64448611136415,0.12862089479467959
2490,42.32942723825687,42.212750162832926,41.02592504378443,40.90125769805951,34.458973144645825,41.649674498893205,43.644440579874086,0.1315013341617216
2491,42.30437663720249,42.19190611888899,40.436132610890716,39.86274198652656,25.269547764172955,41.513526902070716,43.619389978819704,0.13150133416172152
2492,42.304784573167794,42.076350842259586,40.833585915842534,40.25616492117622,25.6031357611728,41.57934225902159,43.61979791478501,0.13150133416172152
2493,42.30778326433349,42.22303943788146,41.09944479640635,40.96664458789069,32.744377171239606,41.92257549386467,43.622796605950704,0.1315013341617215
2494,42.32676887011494,42.11453759474566,40.64086615523188,39.881837452504634,31.019451285937112,41.39825096705847,43.641782211732156,0.13150133416172152
2495,42.30734651837257,42.182009470482555,40.76667115500573,40.18656589539296,27.200445788110102,41.71188293845143,43.622359859989785,0.13150133416172144
2496,42.291102299071554,42.15074767792909,40.304674458975974,39.88114342563349,20.733373271370095,41.58476786510711,43.60826013527863,0.13171578362070757
2497,42.27781794827743,42.166237111814,40.4580166012591,39.887753719174874,19.78544137968401,41.37579784525265,43.59580544659031,0.13179874983128828
2498,42.29652482741763,42.19223187254555,40.9457570603162,40.78384836115784,30.94571361024772,41.74617155761139,43.61451232573051,0.13179874983128823
2499,42.29706829125915,42.166748631139065,40.62856689604615,39.721574173926015,29.83137741047579,41.61951271321314,43.61505578957203,0.1317987498312882
2500,42.300220795692,42.151934331007766,40.83952797330057,40.219264486340556,33.05104597434867,41.655756685114014,43.61820829400488,0.13179874983128836
2501,42.29083648201169,42.16378026166821,40.82256012424038,40.34728865702378,29.250567141927338,41.74000519769399,43.608537648504516,0.13177011664928254
2502,42.29016640294284,42.16251300710838,40.73126860856945,39.91744089112154,32.47674953850097,41.71731972805307,43.60786756943566,0.13177011664928245
2503,42.306662425784936,42.20943294107765,40.77221628612335,40.26892511175247,13.74252615013608,41.75160566023873,43.62436359227776,0.13177011664928254
2504,42.31578348525799,42.15824484938778,40.75518336034339,40.340656536298326,24.354782246492498,41.58569421814079,43.63348465175081,0.13177011664928256
2505,42.26906250513704,42.12300200829209,40.49217757554472,40.212465948656664,27.66614922412537,41.60943535624921,43.58676367162987,0.13177011664928248
2506,42.30905537191431,41.99750347514956,40.66773724774772,40.11091425104814,29.476415543202457,41.548179640079056,43.626756538407136,0.1317701166492825
2507,42.28507363750636,42.221825043355,40.74554156797183,40.25280444835996,19.204395543872394,41.7311022623752,43.60277480399918,0.13177011664928243
2508,42.2965259942492,42.156740665742326,40.40243678388464,39.31329510736297,30.839707257714437,41.378559154659,43.614227160742026,0.13177011664928256
2509,42.27829967422731,42.11638788099193,40.72202612179359,40.14946705957328,30.915061772176635,41.58925007519013,43.59600084072014,0.1317701166492825
2510,42.30927830987392,42.23049587194554,40.863901869317345,40.37004384255895,29.457303379671913,41.58872497574713,43.62697947636674,0.1317701166492825
2511,42.30682248896288,42.197154013250575,40.99844885150663,40.61649844015802,32.10767310774891,41.82103363559935,43.632901396897715,0.13260789079348342
2512,42.30227932952464,42.170264347375415,40.32113556868861,39.29245837984339,23.27322801313251,41.673552980389644,43.6189921949615,0.13167128654368623
2513,42.305147942851434,42.14485864041196,40.51072483337747,39.47637002657688,27.414760972616033,41.48460954161124,43.6218608082883,0.13167128654368618
2514,42.30856864231131,42.21417503445009,40.68265498666399,40.36386170589601,29.83358455954668,41.50607590836181,43.62528150774817,0.13167128654368615
2515,42.32674624875049,42.22347966894708,41.05294012104571,40.494370464275995,33.33381754657308,41.9755164500739,43.64345911418735,0.13167128654368626
2516,42.313267486930506,42.15631940783203,40.61990088324333,40.054877486360304,27.535633343637933,41.46331330474381,43.62758151944835,0.1314314032517842
2517,42.302655626630724,42.19850205578806,40.411245913366756,39.41784749544107,30.994714637935562,41.31946946024706,43.618554552341024,0.13158989257103026
2518,42.31511374698225,42.20340501629566,41.091085447945524,40.315671294010414,35.77620442988022,41.7241087863098,43.631012672692556,0.13158989257103038
2519,42.3157280517844,42.212967402601834,40.417230584282436,40.16625307649388,1.5050074086766827,41.84369079733594,43.612857356034894,0.12971293042504983
2520,42.34372657651985,42.23146114006106,40.92438166948278,40.854059688448785,29.51718573441468,41.81237955673372,43.640855880770346,0.12971293042504986
2521,42.32892654428272,42.20152583880571,40.77872617858768,40.634664411942104,25.92020202258074,41.77963661602179,43.62605584853322,0.12971293042504978
2522,42.31617928062799,42.22979800418684,40.69630873757339,40.24140881779159,25.903856025042998,41.71429765716796,43.61330858487849,0.12971293042504967
2523,42.33183630479566,42.19293969903823,41.024708181704206,40.26474558533393,32.99230109305796,41.822268805745125,43.628965609046155,0.12971293042504978
2524,42.32532556840611,42.127523080229956,40.61215481740368,39.92298277585763,30.867331677657642,41.52458415762546,43.622454872656604,0.1297129304250498
2525,42.34699030679265,42.170017957273636,40.46720841644743,40.31234464362124,23.29479655886851,41.648685431934986,43.644119611043145,0.12971293042504964
2526,42.32208628953851,42.23619560754798,40.62939638739317,40.51290345553396,20.598916734972534,41.72315332705146,43.61921559378901,0.1297129304250496
2527,42.328064939491505,42.23123042168148,40.855879139235796,40.472621643784564,30.8360262459388,41.70746433731574,43.625194243742,0.12971293042504975
2528,42.2997286844392,42.135410557542485,40.41881502626106,40.20128175282875,0.912954031633582,41.54150658764654,43.5968579886897,0.12971293042504983
2529,42.334617756546905,42.210387548754625,40.93551686948245,40.89289078309539,10.122238320730567,41.81589053819381,43.6317470607974,0.1297129304250498
2530,42.32841584472408,42.15265084759063,40.4621227963749,39.23201414372306,23.164614500101223,41.246358599053906,43.603631608597695,0.12752157638736172
2531,42.34405921685759,42.22015995066723,40.60470487039857,40.38387876256094,-6.64019435661433,41.81329982290207,43.65044806583603,0.1306388848978444
2532,42.31578314599922,42.21326255474328,40.846486618395346,40.76085285044759,11.330252970370978,41.678386667137374,43.62217199497766,0.13063888489784434
2533,42.30937166049726,42.209266751541435,40.628800437638674,39.797305794949516,25.111702141817126,41.65882005579898,43.615760509475706,0.13063888489784437
2534,42.31293236756325,42.24163520921166,40.77249961141299,40.240583078233485,18.286381311241563,41.8814164341845,43.61932121654169,0.1306388848978442
2535,42.32780710914821,42.19180039652247,40.51667163465297,39.76195198989304,18.059033920328915,41.55923774336238,43.63438650419845,0.130657939505024
2536,42.30599171753354,42.085346868166546,40.583720515617074,39.56344711045223,31.865939612353042,41.33657527023312,43.61257111258378,0.13065793950502408
2537,42.33169502296088,42.21832571283424,41.00557776658795,40.698959423293466,31.270183027629884,41.860003619459846,43.63827441801112,0.13065793950502408
2538,42.32154894463741,42.13216332367457,40.659333336324984,40.107815763380174,25.746605008978467,41.632282328487804,43.62812833968765,0.130657939505024
2539,42.33102362610047,42.10171434758905,41.05341489297422,40.523503292196494,33.65586838406453,41.728603023214205,43.63760302115071,0.13065793950502397
2540,42.313097022416585,42.16322393735827,40.832660701243924,40.26286170482446,33.07978172859442,41.536631558116866,43.61967641746683,0.13065793950502394
2541,42.322140670264275,42.229279494589065,40.70843001917783,40.42175689174051,29.054655277471408,41.718525074391124,43.63421547405309,0.13120748037888183
2542,42.32907493511929,42.16149362976761,41.00690045968836,40.29472314725267,32.26285488641741,41.74603170349341,43.641149738908105,0.1312074803788816
2543,42.32239450088055,42.15502796399616,40.53085326884405,39.683527475799025,29.272704969408192,41.48953404532696,43.634469304669366,0.13120748037888164
2544,42.3009626382356,42.163885634873196,40.824827906688185,40.296772086849344,29.56280749399427,41.61176905091142,43.61303744202442,0.13120748037888172
2545,42.307498844378216,42.21159801744158,40.721234587201096,39.93790157819747,31.765859861349448,41.552238215803186,43.619573648167034,0.13120748037888158
2546,42.31356602175642,42.17674879122772,40.873275677345646,40.18892008055957,31.157896585439815,41.64102441294154,43.62564082554524,0.1312074803788817
2547,42.29649882628491,42.13589410958906,40.558008668966934,40.12948364722818,29.56316885987586,41.499571014840825,43.611735239054866,0.13152364127699584
2548,42.29697177271371,42.20134262440456,40.947407080464934,40.53580337982013,24.875570200686685,41.73258909415334,43.61220818548367,0.13152364127699578
2549,42.30612369542889,42.13425285026928,40.79836486694113,40.30206444689447,27.66669714434863,41.590978653476,43.62136010819884,0.13152364127699584
2550,42.31238435304945,42.09407382715313,40.15419495005406,40.01009216423324,-12.689602562361983,41.5767515193045,43.627620765819415,0.13152364127699592
2551,42.316558184014525,42.18974090997829,40.54744892128904,40.46200996020823,1.86669432549607,41.67260963848621,43.64003042647547,0.1323472242460946
2552,42.28895641715546,42.16059539509491,40.27942524123509,39.977935384831724,20.20517998123298,41.80080804775776,43.612428659616405,0.1323472242460946
2553,42.30435070865275,42.117731694134946,40.7364450254963,40.36285339306225,18.84488944950374,41.712364703343894,43.62782295111369,0.1323472242460946
2554,42.30113736229376,42.13027518310199,40.65012490616585,39.877106454284096,29.85662396201362,41.48370057341144,43.6246096047547,0.13234722424609466
2555,42.28278327950312,42.191703365372675,40.86075514934079,40.247243357738675,24.191153524179438,41.724756223934705,43.606255521964066,0.13234722424609463
2556,42.30400965948304,42.11626436569968,40.426205085681104,39.646023159290166,23.074708314581926,41.504823225989156,43.62748190194399,0.1323472242460946
2557,42.29120706818454,42.15480705875946,40.72564347442598,40.5504811186451,18.83310100960144,41.624195448189155,43.614679310645485,0.1323472242460947
2558,42.28392183202525,42.13661448503662,40.50163953736962,40.040327817060266,10.92478314209525,41.545449096537126,43.623394191901895,0.13394723598766434
2559,42.283797180311716,42.19969933016467,40.725432422452286,40.332163263253854,22.654456810497116,41.61941772001646,43.62326954018836,0.13394723598766428
2560,42.29962511622839,42.17495567909914,40.86150637313481,40.3298868897574,30.04440382761055,41.70826218620216,43.639097476105036,0.13394723598766423
2561,42.293099298823094,42.143133863033945,40.68287723931303,39.753933468847656,32.95706106707961,41.55476316399606,43.63257165869974,0.13394723598766428
2562,42.28112883615457,42.200005449011186,40.95940798904358,40.150900647704326,19.239340663051365,41.91201402836714,43.62060119603122,0.13394723598766428
2563,42.26830198888905,42.151508396376485,40.69232823663337,40.26297242426683,26.886688885402577,41.559966441035414,43.607774348765695,0.1339472359876642
2564,42.27786186813967,42.15630187561022,40.44244119973885,39.709809819274625,24.17024993716273,41.62846308296692,43.61733422801631,0.1339472359876642
2565,42.278247657744615,42.161538723924984,40.027043602844515,40.23722525180906,-11.089890946873396,41.62104655663124,43.61772001762126,0.13394723598766428
2566,42.27849886330443,42.17659662190459,41.052434249529455,40.75230497797781,22.851626542864366,41.83182487734045,43.61797122318107,0.1339472359876642
2567,42.27185979626969,42.162966523661645,40.6972276934348,39.889779457856946,31.165373290758797,41.632269215701655,43.61133215614633,0.13394723598766448
2568,42.27504451696045,42.05664020603548,40.82943469071451,40.38370345244747,32.18015136194691,41.66857898038195,43.614516876837094,0.13394723598766428
2569,42.28375228070398,42.15121717807755,40.56777665883217,39.60108654921217,31.45226686492566,41.38284113998489,43.623224640580624,0.13394723598766434
2570,42.27449846191901,42.14747855276295,40.74364311001127,40.89842213693294,8.373233356174104,41.72974088874009,43.613970821795654,0.13394723598766425
2571,42.27456472070532,42.08942628220901,40.58270795026944,39.909524772966634,27.367689705362665,41.33268287705946,43.614037080581966,0.1339472359876643
2572,42.26593797369609,42.13445149450261,40.64323487474355,40.05850982536236,28.55973569140753,41.58626077124735,43.605410333572735,0.13394723598766423
2573,42.2811638590958,42.1503956618392,40.79748430707062,40.60976490851852,27.627853109843294,41.64726640308293,43.62063621897244,0.13394723598766428
2574,42.28726994705444,42.10579570170514,40.72850646368153,40.22739467835618,30.809893517125257,41.67830824773272,43.626742306931085,0.13394723598766434
2575,42.28081362187263,42.120278546701634,40.53496386565088,39.68564276590994,26.578768110619368,41.62818655086871,43.62028598174928,0.13394723598766425
2576,42.280985203469086,42.13823608745187,40.063812238247664,39.8892553203041,-12.166344533416542,41.46352377314581,43.62045756334573,0.13394723598766423
2577,42.27756155635258,42.153702260512105,40.52427196330716,40.04313427160595,23.76696837210216,41.73449111152114,43.617033916229225,0.13394723598766423
2578,42.29338830719331,42.08475321216798,40.451000880385365,40.15285577379487,24.86842194360511,41.424432008893206,43.632860667069956,0.13394723598766428
2579,42.259320042192314,42.16097970320171,40.95550555946981,40.606439273866386,31.127481850477494,41.73517209400823,43.59879240206896,0.13394723598766425
2580,42.29029281152248,42.182894539640465,41.021237250752826,40.61967324328216,34.80771483712413,41.794983202559024,43.62976517139912,0.13394723598766436
2581,42.25957990873873,42.11599733412244,40.47127434816495,39.62717220561452,26.348240243463447,41.59686950013079,43.599052268615374,0.13394723598766436
2582,42.289971059265994,42.110383392142325,40.150752730843415,39.35126591816531,-6.761406461961066,41.50285709422643,43.62944341914264,0.1339472359876643
2583,42.2774291707669,41.95445670773651,39.75960716754775,39.600889992070805,12.30454560206704,41.067737663592865,43.616901530643545,0.1339472359876644
2584,42.2563106514276,42.192023637020014,40.648465821586456,40.34257854441937,25.73666589257814,41.67715361613348,43.59578301130424,0.13394723598766436
2585,42.28743252105613,42.04208457208642,40.216123369267834,38.92495484006475,31.174669081096603,41.43885443959601,43.611539521144046,0.13241070000879115
2586,42.29684532187674,42.19661540283287,41.11990044600676,40.816344149919445,32.8379880860313,41.82551024989439,43.626575735216555,0.1329730413339814
2587,42.29268303650787,42.179760611830304,41.22038846083692,40.83888377327474,34.290538547883735,41.81983992585339,43.62392701109612,0.1331243974588251
2588,42.308515962923146,42.14732046429534,40.74713948959217,40.53357022506646,30.81748983466052,41.69437631166644,43.63975993751139,0.13312439745882504
2589,42.27382080453884,42.15188951841981,40.62718868331453,39.627134971980205,27.6831900063951,41.62040545986668,43.6050647791271,0.13312439745882507
2590,42.29195102412475,42.176564221236745,41.00802898048452,40.65795383918598,28.91426382020653,41.70984477215763,43.623194998713,0.13312439745882504
2591,42.29270399247655,42.145704014883194,40.51767140857982,40.017901758533725,21.089963734669503,41.4935763762363,43.623947967064794,0.13312439745882507
2592,42.28009626104969,42.17098822259245,41.0148198386992,40.87324876711942,29.67848378350861,41.77659173814935,43.61134023563795,0.13312439745882507
2593,42.302952653974266,42.176829522568724,40.640043277998146,39.80160661236215,28.72816214102114,41.578369374763746,43.645416813105534,0.13424641591312705
2594,42.27785284691771,42.13382030218281,40.712287889658874,40.25647223877746,27.144487532244536,41.55670507123254,43.620000778282964,0.13421479313652532
2595,42.27788189674746,42.17271680004378,40.58770281903987,40.06779275233179,29.527501988222095,41.629813457421946,43.62002982811271,0.13421479313652543
2596,42.2625662550832,42.15644045449254,40.86734546726352,40.42208910551669,33.344063139704666,41.70453886680444,43.604714186448454,0.13421479313652535
2597,42.281731669650036,42.18711564905444,40.83693171427138,40.45013065992157,26.80686655640929,41.82633876231155,43.62387960101529,0.1342147931365254
2598,42.2718969713504,42.15919450534927,40.44143826458039,39.97632375455259,9.381805293761694,41.502739727892454,43.614044902715655,0.1342147931365253
2599,42.278041761562015,42.19447991400776,40.711982441564615,40.20518565225757,27.632260902631128,41.606079957260135,43.62018969292727,0.1342147931365254
2600,42.27703182511318,42.06597258374149,40.34326856291049,39.87654670108277,25.735795086084288,41.40166677967349,43.62628429840762,0.1349252473294439
2601,42.25872025030751,42.17091883018266,40.966803492897384,40.81807478387296,28.91794306920729,41.74245287077846,43.607972723601954,0.13492524732944403
2602,42.27772223744116,42.174957217411105,40.702150022187205,40.37421960340442,26.282942906318297,41.76415570189505,43.6269747107356,0.13492524732944394
2603,42.27361050289968,42.168874672320726,40.55934587186201,40.147599716428765,30.68756210244819,41.73468464734802,43.61724363572707,0.13436331328273915
2604,42.29232526002123,42.150800916127416,40.507462386975504,39.95338315779074,29.73784702726429,41.51215754116446,43.63595839284862,0.13436331328273915
2605,42.289238126400384,42.16317748054509,40.56203387588372,40.090891480518685,26.825296788271107,41.57054393905656,43.63287125922778,0.1343633132827391
2606,42.25503645908764,42.19268940347245,41.09396157227169,40.52948431057944,33.22861666699424,41.84177636809348,43.59866959191503,0.1343633132827392
2607,42.27017719531596,42.18608202369624,40.86556867319273,40.31986375678636,29.998362543609584,41.59499765971606,43.61381032814335,0.1343633132827391
2608,42.2672017355838,42.05925223194508,40.45637390931284,40.14501808361117,19.364506874597144,41.553772401075705,43.61083486841119,0.1343633132827393
2609,42.30130842519961,42.18047289138893,40.90021580440579,40.933466311465686,27.496270002140236,41.727714141227324,43.644941558027,0.13436331328273918
2610,42.267421234605216,42.092321229859365,40.643901622984075,40.47602458841133,21.527395383409967,41.60332728108733,43.61105436743261,0.13436331328273912
2611,42.28271571772919,42.062346594846,40.23684177292524,39.53020882431134,26.565988770854048,41.20531201648269,43.62634885055658,0.13436331328273912
2612,42.290911929931745,42.196080289094716,40.56377314264704,39.9878632312527,27.964772543340253,41.679194576178105,43.635217559441,0.13443056295092548
2613,42.287482250676085,42.17019945467773,40.71584279449318,39.93307358554491,27.528102754634205,41.6307323859425,43.63138363052321,0.13439013798471283
2614,42.312643064041026,42.11537837688613,40.521762383397565,39.673488825398564,27.4012470285325,41.58981014168545,43.65654444388815,0.1343901379847127
2615,42.29458267862701,42.12119090903101,40.31665683207361,39.64488163624156,18.053553131750466,41.56153371605032,43.63829351240234,0.13437108337753303
2616,42.281565169720515,42.15855920305386,40.91878674475978,40.702690204662915,31.850120393742532,41.815877633775315,43.65334246691184,0.13717772971913245
2617,42.26274765867606,42.087274658984896,40.57488190621139,40.29018964352974,21.354220328869616,41.54592285548095,43.64770752325295,0.13849598645768885
2618,42.25920266131873,42.13999660320117,40.126492540450464,40.001382374265916,5.5255423431827495,41.49950476679588,43.644162525895624,0.1384959864576889
2619,42.25022021523785,42.18180068491573,40.258916527229715,40.3531943761243,-13.167268867019125,41.8678768928128,43.635180079814745,0.13849598645768893
2620,42.28143969886117,42.13257954927945,40.193725247368086,40.39741093462619,6.579536869737311,41.633418417236896,43.666399563438056,0.1384959864576888
2621,42.25007440802598,42.11560121804518,40.77289545841972,40.0163704070008,29.99598114271726,41.55323985236798,43.63503427260287,0.138495986457689
2622,42.229251711247365,42.124864838953386,40.67788137111758,40.16730702489443,31.546632647477473,41.717847437449585,43.64145805498501,0.14122063437376417
2623,42.22234358993829,42.10036791665117,40.42224776188164,39.87803001660515,24.504816516790463,41.485307950855514,43.634549933675935,0.14122063437376417
2624,42.2321804322865,42.044633318068975,40.64913267628221,40.196846913375154,24.78413007766906,41.56231395366312,43.644386776024135,0.14122063437376403
2625,42.21074118925362,42.10973363941115,40.59196343655133,40.04097271292389,25.702135911182037,41.62010054257915,43.62294753299126,0.14122063437376406
2626,42.238216759600824,42.09049756043322,40.57134644637679,39.864939076339574,32.53403048731644,41.367204584737564,43.65042310333847,0.1412206343737641
2627,42.23195639914641,42.09853654900642,40.56738462680618,40.239095712614315,22.282562218853165,41.69104534652671,43.64416274288405,0.141220634373764
2628,42.22899686643853,42.06884626225186,40.51923701014184,39.87456000547652,31.517931782239692,41.359614128040946,43.64120321017617,0.14122063437376414
2629,42.210461514478645,42.13242263904684,40.794371209219506,40.27267804304005,24.851271118129297,41.6623230984227,43.62266785821629,0.14122063437376417
2630,42.244115790465685,42.097836197979184,40.87348467172785,40.245337746998494,33.06833546783558,41.69170046604526,43.65632213420333,0.14122063437376406
2631,42.24293823989254,42.12831259909575,40.58491016863776,40.512365485402796,29.80176912959313,41.760020472225094,43.65082938695849,0.14078911470659553
2632,42.232800301866995,42.13699110939948,40.81967114436302,40.193859379343124,29.631525655282122,41.718705205680955,43.64069144893295,0.14078911470659547
2633,42.26400494916923,42.04141318090394,40.514756336856436,39.69167475635035,31.88751693624852,41.57463807993169,43.67177586979172,0.1407770920622495
2634,42.23344531349825,42.10323009752447,40.7361591070113,40.186710546813416,33.777853894672525,41.584179288948924,43.64121623412075,0.14077709206224934
2635,42.24271113484011,42.10540055241448,40.64742707897517,40.12948525158842,29.09164581208899,41.56468686927948,43.650482055462604,0.1407770920622495
2636,42.240307902890095,42.05823378086549,40.65324156300823,40.24967610771637,33.25895721493616,41.5378641144261,43.628934089971324,0.13886261870812316
2637,42.24655722016776,42.165098323532156,40.62801114393063,40.59777859192189,18.58216516949194,41.81608814917779,43.63518340724899,0.1388626187081231
2638,42.243101999278664,42.11724360588855,40.413245648255646,40.03703480929923,-4.075485870914491,41.54537118894714,43.631728186359894,0.13886261870812314
2639,42.255532949205566,42.111891964339804,40.59294914146784,40.18144931558581,12.3012264969787,41.530631609433726,43.644159136286795,0.1388626187081232
2640,42.261602269573,42.16072438615099,40.68259128861672,40.44304989164275,24.110778261729777,41.560665845075754,43.650228456654226,0.13886261870812316
2641,42.25855115732099,42.086258262664586,40.541350686855225,40.217387748754334,28.992170802442388,41.678735483023516,43.669530367722274,0.1410979210401285
2642,42.2238204160628,42.082586418507816,40.3988011053617,39.67401711159951,27.472091914387207,41.43366537325298,43.63479962646409,0.14109792104012836
2643,42.23418218870618,42.10393878659989,40.1044039997291,39.48689116430511,20.114401167083187,41.32193439069043,43.66432031143705,0.14301381227308757
2644,42.18818083315927,41.92843767893922,40.35643545158027,39.78251109810211,18.7601071313355,41.29347746096865,43.63647762069292,0.14482967875336486
2645,42.18844632398308,42.09272337273968,40.72526252745122,40.03219198032629,32.39448951234494,41.59278535312314,43.63674311151673,0.14482967875336475
2646,42.21087385918755,42.07865599823904,40.423402800267,40.25757386523857,21.381412560772745,41.60086075421284,43.652560160499036,0.1441686301311484
2647,42.206509255534165,42.0962395065531,40.65615842991891,39.93786726576066,31.73923178226157,41.53988354454062,43.63697537230263,0.14304661167684646
2648,42.212493781149,42.126397467965745,40.31083438302315,39.77463137781332,1.7806722823302366,41.59624645177398,43.642959897917464,0.1430466116768465
2649,42.209390547953845,42.07688962955287,40.79786705403855,40.21744724148293,27.273974680831444,41.69458230475942,43.63985666472231,0.14304661167684637
2650,42.207601245428975,41.86045113501375,40.24621587065174,39.877170895645826,27.6928024113746,41.29440640972743,43.60499914582501,0.13973979003960363
2651,42.23588402470857,42.13293575037882,40.640952838919986,39.821138727964474,30.583087468742498,41.50383843844419,43.633281925104605,0.1397397900396034
2652,42.26195758515731,42.15098521377658,40.666855197152096,39.895131028111,30.422568063217803,41.61154869462544,43.65209128942453,0.13901337042672207
2653,42.25262025553825,42.11124867615512,40.551625081023076,40.247835275889685,19.751454581649742,41.64025386314556,43.64275395980547,0.1390133704267221
2654,42.26851812851968,42.15565458528543,40.911077363852115,40.040021349684324,27.30594768119171,41.56868636603968,43.6586518327869,0.13901337042672213
2655,42.237241054714225,42.12322414742199,40.43925412736234,40.20360436096369,-4.782160789235796,41.783389894886255,43.627374758981446,0.13901337042672204
2656,42.25284336431952,42.119478041534265,40.57027733427824,39.59992557154615,30.686515029418107,41.59759895046332,43.64297706858674,0.13901337042672196
2657,42.24982667962326,42.08778581928201,40.582338763632414,40.120841382692305,25.157446960654994,41.60782011147283,43.652261408287224,0.14024347286639627
2658,42.25922016082288,42.131325653197116,40.32250835530281,39.50591474937863,22.656882258844895,41.58779253530548,43.66165488948684,0.14024347286639635
2659,42.22417459387209,42.05295440722045,40.62907190791519,40.12901436096171,31.84681500528245,41.45012669744593,43.626609322536055,0.1402434728663964
2660,42.24073704521938,42.10734388772629,40.761901637862216,39.8335258455856,34.48118845206035,41.42667852349427,43.643171773883346,0.14024347286639627
2661,42.24111865609348,42.11778712050195,40.52817797174526,40.04971743601399,21.650904621224573,41.571836495614974,43.64576070248544,0.14046420463919623
2662,42.24326473845973,42.133694442024506,40.77206834595864,40.36838070447166,25.79525181553082,41.78099225979976,43.62751253363321,0.1384247795173477
2663,42.24577138862256,42.147492640468336,40.71686351518559,40.219841618574506,26.24641635869984,41.76255485303065,43.63001918379604,0.13842477951734772
2664,42.26110393749645,42.145736453352185,40.387031644554774,39.42622753325907,23.28118903259025,41.59633749773607,43.604792511738886,0.13436885742424365
2665,42.30109402304353,42.17390612445061,40.31919531203769,39.992540514889846,-7.988707852364762,41.574195213127794,43.64626372596325,0.134516970291972
2666,42.28210802732634,42.12743252183714,40.75460674659868,40.317302829213915,27.55276310293995,41.734355495186314,43.62727773024606,0.13451697029197196
2667,42.303537354536765,42.146359855016726,40.55497828788367,39.426970903333,30.782391403378956,41.45350412821843,43.648707057456484,0.13451697029197193
2668,42.29464440844637,42.19299363606666,40.55581724684342,39.99916483178754,27.176960101351312,41.64003405452635,43.63981411136609,0.13451697029197202
2669,42.30162257574523,42.19613240356695,40.817791316761515,40.31801257142457,27.671394893433273,41.61235252447869,43.65154029383486,0.13499177180896388
2670,42.31122807492917,42.19031069896777,40.89916350054248,40.45122341912085,28.81754992147041,41.81699954405022,43.661145793018804,0.13499177180896382
2671,42.29278274552646,42.199879644518184,40.85011466458111,40.14553882010621,34.03721130587635,41.52798964823013,43.642700463616094,0.13499177180896382
2672,42.299540386488324,42.201223188493096,40.562615612484244,40.16961500312788,16.433509349627474,41.54185165811492,43.6362755371924,0.13367351507040748
2673,42.29710724340295,42.19656882421115,40.86129361211214,40.1772411723759,30.825559470574646,41.61025073247963,43.63384239410702,0.1336735150704075
2674,42.30220284655216,42.21489996475365,40.784317162848396,39.704953522931575,26.366537586254367,41.75167311594983,43.636307729264345,0.13341048827121801
2675,42.29906055766592,42.17184119520891,40.95113075357474,40.57782417136396,29.950735085585183,41.629489646876706,43.6331654403781,0.13341048827121793
2676,42.29599273630095,42.144632508318935,40.63991763348367,40.526185825847975,21.302324741932622,41.43897346938971,43.630097619013135,0.13341048827121804
2677,42.299197425398845,42.21908471364958,40.88567775439261,40.63935925849716,29.875402227898444,41.8969475162114,43.63311176203923,0.13339143366403836
2678,42.28069332212753,42.03858772388644,40.11544973219514,39.99993851379675,-3.976997082015039,41.57577714602097,43.614607658767916,0.13339143366403827
2679,42.30665027176597,42.14346909151384,40.694714770994636,40.333470658812594,24.915152688090647,41.66530768148955,43.64056460840635,0.13339143366403836
2680,42.30226910108261,42.170397889078195,40.721378814567096,40.109556621727165,32.14912487096298,41.52406427701955,43.63618343772299,0.13339143366403824
2681,42.29709509855966,42.15951247303981,40.692998708602,40.26139296252866,31.552087978217788,41.62024753962551,43.6616942066098,0.13645991080501466
2682,42.26070860256056,42.096652088492675,40.191967223522816,39.7794970602334,21.08525938830639,41.43173077780362,43.63003239086305,0.13693237883024872
2683,42.29876821992526,42.18321371644567,40.87905214176482,40.772558279273824,18.37837897362815,41.77700239171051,43.67661247366844,0.13778442537431843
2684,42.27416949635697,42.168966814419974,40.85254062751292,40.64618856369078,30.03809957129659,41.66067908615662,43.65201375010015,0.13778442537431848
2685,42.25575612005322,42.18261099369184,40.66730372718422,40.0469662179119,27.59272132905467,41.68333406196915,43.633600373796405,0.13778442537431848
2686,42.25920044580896,42.143165355303154,40.73358799187888,40.224446268637145,26.761485185493015,41.66332759529982,43.64266404001919,0.13834635942102325
2687,42.26243554665602,42.14871522771887,40.45661278463204,39.831778383336065,11.906270628638776,41.662206710101934,43.645899140866256,0.13834635942102314
2688,42.26573415860654,42.08395042995903,40.89108502883129,40.39887291585211,31.04156758188271,41.69679163786913,43.649197752816775,0.13834635942102327
2689,42.26313391089805,42.112919619753015,40.86883163267519,40.330524404315774,32.48139102020161,41.699874576793974,43.64607269764803,0.1382938786749983
2690,42.25230153212268,42.1253546638463,40.76437557675277,40.3127085008624,27.753366600264933,41.597680673143344,43.62686257743066,0.1374561045307975
2691,42.26479259360639,42.15455349345714,40.67673332789016,40.376023578766294,26.29597034847092,41.53276474131586,43.63935363891436,0.1374561045307974
2692,42.274237331268665,42.11418384765968,40.0149389773935,39.29707765498119,24.156801102116333,41.44243284657202,43.648798376576636,0.13745610453079743
2693,42.286904947834756,42.15481665032483,40.75505582616219,40.37111982115164,17.919791354179296,41.63121534089905,43.661465993142734,0.13745610453079743
2694,42.25540822525688,42.131551659422975,40.778176377616354,40.23004133452255,28.706371543541827,41.52606395166998,43.62996927056486,0.13745610453079754
2695,42.250844702249665,42.14336857387637,40.524135428475994,40.69245907952944,-6.80238921039701,41.76123449733044,43.64898298599965,0.1398138283749988
2696,42.24689595127003,42.09838713717484,39.9297275042001,39.46742752190324,3.1233463000540596,41.483816261589936,43.64590519860997,0.1399009247339943
2697,42.2409192369002,42.05512969518729,40.44862030222742,40.43775682966704,27.436125335293553,41.58517868490247,43.639928484240144,0.13990092473399435
2698,42.233726540627345,41.930719669730436,40.57099658498681,39.96536096129438,33.01933907038269,41.53952661557122,43.632735787967285,0.1399009247339943
2699,42.24368601977188,42.14788265486097,40.54141856172618,39.80906353103636,22.352599557894976,41.671518961248296,43.64269526711182,0.1399009247339942
2700,42.234054164474095,42.12133646255466,40.86635598740025,40.32661556400902,29.88532456108723,41.679312491759056,43.633063411814035,0.1399009247339943
2701,42.25529716056836,42.11444172943615,40.998634602562326,40.26273456161635,33.670534491556836,41.62273006180038,43.66076295019865,0.140546578963029
2702,42.23031431380553,42.096657777067286,40.85527093068675,40.60034820688213,25.658643598297488,41.62062295893864,43.621199364266424,0.1390885050460897
2703,42.24566627687821,42.16133186896918,40.90689491800607,40.246299804817504,31.608011647935385,41.79009707621667,43.636551327339106,0.13908850504608966
2704,42.25816130334918,42.057280433682344,40.23881851276877,39.35417137854618,29.24720810203482,41.15877745046424,43.64904635381008,0.13908850504608972
2705,42.26163642169315,42.14752963724012,40.49259631509906,39.37944306568753,27.47539134873571,41.52738137009541,43.65252147215404,0.13908850504608972
2706,42.25163160736967,42.102754118414204,40.71113569757931,39.933549297528,31.453127720032455,41.439128781235326,43.64251665783056,0.13908850504608952
2707,42.257653325003346,42.142278486870914,40.81431831220681,40.097685000259446,32.12874288373632,41.64298267226534,43.64853837546424,0.1390885050460897
2708,42.27088381807555,42.10744204092576,40.63881030464961,40.00133405191187,27.299625386477864,41.53145173051311,43.66176886853645,0.13908850504608974
2709,42.23606690185874,42.10520970641898,40.14044970226026,40.027270107644696,-17.07920801658615,41.34836164832119,43.62695195231964,0.13908850504608966
2710,42.26479289827792,42.14330440582421,40.582582703174715,40.15364103010177,22.804008034392254,41.62001772293293,43.65567794873881,0.13908850504608966
2711,42.26414473404501,42.177318723747206,40.688439169310925,40.16899360666681,30.303308200798895,41.80818370971936,43.655029784505906,0.13908850504608952
2712,42.23972742738387,42.12366010573538,40.38855863228283,39.71135835760266,17.982720530925185,41.52315425825121,43.630612477844764,0.13908850504608963
2713,42.23916421243644,42.13499904168735,40.11992367457246,39.04246494262705,29.44155620378351,41.39812791903671,43.63004926289734,0.1390885050460896
2714,42.24622700333061,42.17256879202331,40.78225769333169,40.03395009753133,32.23403418182849,41.69140118425953,43.637112053791505,0.13908850504608963
2715,42.28557711269662,42.139394144275634,40.41025670934906,40.092016764147935,22.185848800992108,41.65834677069306,43.67646216315752,0.13908850504608974
2716,42.267218242588825,42.126591067220104,40.67907370603596,40.59779973530114,27.960592632321642,41.71886724964535,43.63273722439955,0.13655189818107255
2717,42.28003674392602,42.16442528601701,40.800692865434584,40.3505090145643,26.4787728790867,41.55972821313779,43.64894603636166,0.13689092924356414
2718,42.260541832406716,42.01738110902094,40.799213753293316,40.282945933311595,32.59999886398337,41.41393008884344,43.629451124842355,0.13689092924356405
2719,42.25738042446733,42.14237691274408,40.54792447338098,39.76943460592084,29.959510324264123,41.515915520703686,43.62628971690297,0.1368909292435641
2720,42.27594728324095,42.1526038835803,40.89861844267953,40.56550883421564,28.434715203214793,41.69182175135213,43.64485657567659,0.1368909292435642
2721,42.287935114377284,42.090365553859556,40.528712690014615,39.91670954135697,24.098084909061043,41.54934841700347,43.65684440681292,0.13689092924356397
2722,42.2790371908339,42.17240263096596,40.72645425859706,39.89986814881847,28.917005418670218,41.712285578009556,43.64794648326954,0.13689092924356425
2723,42.26962570000853,42.18006672133967,41.057290196998174,40.76132246998449,31.19680710509767,41.70403468649536,43.63853499244417,0.13689092924356408
2724,42.28369931364578,42.189495804196156,40.67645284291851,40.29773582423512,29.758538718109676,41.66541775514047,43.65476138781615,0.1371062074170366
2725,42.27748581386881,42.06294383178242,40.7330071438415,39.9865768579353,26.554957208325554,41.626792666703295,43.6479453284531,0.13704595145842915
2726,42.27466132412279,42.17851998735329,40.770574512062396,40.45372596183705,9.93568852031973,41.78577104993637,43.64512083870708,0.13704595145842924
2727,42.27139221568282,42.18774318024068,40.815692025125195,40.10625595426019,25.74655570503241,41.69206373351227,43.64185173026711,0.13704595145842907
2728,42.25432051779449,42.146222617581365,40.55340208207594,40.096436482888734,30.082123321862042,41.52139688922361,43.63026027818476,0.13759397603902673
2729,42.25677486695802,42.1567490102192,40.75337921182382,40.3490320480381,31.849242457568685,41.530636806717624,43.632714627348285,0.1375939760390267
2730,42.29112024637504,42.07413808402349,40.124472066232066,40.05092409114999,1.6208904830228263,41.556540503334595,43.667060006765304,0.13759397603902662
2731,42.29667104738376,42.18876016207963,40.741608996276106,40.513695481316,28.852951565715124,41.74799062993469,43.63605370590289,0.13393826585191304
2732,42.29659457576962,42.12169926714706,40.65999356628713,39.8652580387344,27.40556621180334,41.542884476604044,43.635977234288745,0.13393826585191307
2733,42.31184898587096,42.07562600572041,40.960851981244666,40.57733441389451,28.064755990293445,41.6334163636819,43.654464107973105,0.13426151221021476
2734,42.29940591826053,42.121495764461876,40.894377722397394,40.51634820234079,32.5174018039024,41.624802923300216,43.64202104036268,0.13426151221021468
2735,42.299423220583826,42.17372000255796,40.4240171435694,39.903419041986176,3.916013333217407,41.629415566656114,43.64203834268597,0.13426151221021476
2736,42.327566940579224,42.18887019580363,40.686731695999846,40.318198650413706,29.217591910677218,41.656312873880985,43.67018206268137,0.1342615122102147
2737,42.29048481599791,42.14776087180372,40.843068563624726,40.26769497431068,32.29056337281283,41.70622784753057,43.63309993810005,0.1342615122102147
2738,42.29593821305742,42.23064854411362,40.82095554809648,40.467907957904735,26.495789951960134,41.827167820196415,43.638553335159564,0.13426151221021473
2739,42.31192571081543,42.14209250088535,40.84318681752228,40.09417460643294,32.62866673706996,41.57433724984231,43.654540832917576,0.13426151221021473
2740,42.30568811228675,42.210339298116075,40.804176924338705,39.94759609362782,30.796075556835127,41.561228049776645,43.64770067480283,0.1342012562516073
2741,42.31308826262232,42.212114611650016,40.76939673723736,40.376325908311834,31.057788152026188,41.8828250533131,43.66040801062428,0.13473197480019597
2742,42.30116313524489,42.148484444045486,40.457916934997805,40.205489350986085,25.339243714084457,41.64848933305678,43.64848288324685,0.13473197480019602
2743,42.29529356639923,42.165777001949856,40.82629905364985,40.2999407021578,24.187644866715235,41.792830522652224,43.63544181184309,0.13401482454438546
2744,42.31774277285768,42.14614554920148,41.10577669175712,40.27714939014196,31.989407289048486,41.64454001909681,43.657891018301534,0.13401482454438546
2745,42.30175092984713,42.17767070408346,40.81627534572127,40.59999151203157,29.511820277907624,41.60927932362695,43.64189917529099,0.13401482454438543
2746,42.29527054210503,42.18369151279928,40.768074049113025,40.21128793225648,30.210374182107707,41.74574408173762,43.635418787548886,0.13401482454438535
2747,42.31718918228669,42.17370653287692,40.52003221885446,40.44048192305925,12.30743376011148,41.53102875813656,43.657337427730546,0.13401482454438554
2748,42.30815337967423,42.203844715123324,40.88924816096253,40.40001436002697,26.84996908147925,41.45594141083417,43.64830162511809,0.13401482454438549
2749,42.32287782871336,42.19252632938374,40.40692930363922,39.83903818910373,24.476460313257547,41.530877621016494,43.66440011613223,0.13415222874188668
2750,42.313566144288366,42.15469450230836,40.765697679592904,40.608012558580675,29.95328108055655,41.66409535091537,43.655088431707235,0.1341522287418868
2751,42.31547279384725,42.13117799694772,40.321417476304624,39.593970184855465,19.72621095846961,41.28140729775199,43.65699508126612,0.13415222874188665
2752,42.29396573908653,42.22584338889041,40.914726000290585,40.5445428338157,32.51138974549024,41.6804454926462,43.6354880265054,0.13415222874188662
2753,42.304626924164396,42.20445927779562,40.66906992016004,40.25013591589974,29.17743869866053,41.57347520004149,43.62977471271844,0.13251477885540447
2754,42.30731194231151,42.18295709427318,40.66680122060577,40.073786988169836,31.777373517497036,41.502190979065375,43.63245973086555,0.13251477885540436
2755,42.332539747314215,42.19163336118285,40.484376779927175,39.830563775971434,30.019557624796903,41.41916876144674,43.657687535868256,0.13251477885540439
2756,42.32909261339093,42.221505874292454,40.87887192519137,40.15698130989641,28.51644121575255,41.753229347458,43.65424040194497,0.13251477885540447
2757,42.34499692580035,42.18583226113203,40.763274762008855,40.284170418732195,26.958058475440918,41.711090572812935,43.67014471435439,0.13251477885540444
2758,42.32624173945674,42.17250072870703,40.935768080078894,40.3663733148781,32.82840668504804,41.70193296095741,43.65138952801078,0.13251477885540444
2759,42.32954877244738,42.2316164854227,40.74289747425686,40.49811980247407,-3.928920154665157,41.7571663380814,43.65469656100143,0.13251477885540455
2760,42.306938686216235,42.22377419112788,40.790042420169954,40.582591994494315,28.991850531281397,41.68552773039036,43.63208647477028,0.13251477885540455
2761,42.35689079167064,42.19090932552501,41.04585540942642,40.74572657464733,33.74327090611657,41.74298119747725,43.68325535602511,0.132636456435447
2762,42.388200177728,42.28049633333393,40.65359303424877,39.73112299745597,23.456666985819943,41.79701692056719,43.70873400514185,0.1320533827413846
2763,42.4221225759199,42.31274981434633,40.721501488664614,40.41516901163028,8.052145112166443,41.779304826851174,43.73703299008184,0.13149104141619414
2764,42.387283877893616,42.25843395796438,40.46302975242403,40.0745164090722,26.678064944949174,41.67982054530398,43.70219429205556,0.1314910414161942
2765,42.39362279011906,42.28196019435669,41.13290867278914,40.44325627759828,31.301952653550117,41.949906479046675,43.71503254740001,0.1321409757280945
2766,42.412210261195256,42.33266119386253,41.04415098078533,40.49594536495316,30.229803080652268,41.995652001341725,43.7336200184762,0.13214097572809447
2767,42.41281231925215,42.32484120132941,40.79325522260777,40.573578360536395,29.631409904486613,41.80843554313017,43.734222076533094,0.13214097572809458
2768,42.4254414200705,42.309722617255154,40.65328504599414,40.23940123588323,16.29444622839148,41.901243076294506,43.74593238999935,0.1320490969928853
2769,42.42216495263602,42.28432948352626,40.43605145370766,39.905487459868965,12.44560422345581,41.723170507926135,43.724641920703164,0.13024769680671447
2770,42.42824147172842,42.31478393193927,40.422819296071026,39.35978486957053,19.971756054183484,41.77208929728489,43.73071843979557,0.1302476968067145
2771,42.41280003825676,42.33093544407188,40.97743385281022,40.451051730950496,30.96584114645237,41.84301751444613,43.73353880894555,0.13207387706887921
2772,42.406187976560105,42.317773850430115,40.73662656297829,39.99511795056223,18.837454929691237,41.736089778252904,43.726926747248896,0.13207387706887913
2773,42.41313684871004,42.313182136472896,41.02886159197059,40.61110217675045,31.22459828416554,41.769740011586634,43.73387561939883,0.13207387706887924
2774,42.39103654851067,42.273255796542294,41.30626621733343,41.01265801664623,33.53364656684734,41.84301690042337,43.71177531919946,0.13207387706887924
2775,42.40382882335437,42.26380999485977,40.64239402008986,40.29675100985668,1.6689797110973998,41.49725247148602,43.72456759404316,0.1320738770688793
2776,42.412859831546946,42.29148198229479,40.48925612695629,40.17994305378654,14.761177053399962,41.62233966256894,43.73359860223574,0.1320738770688793
2777,42.410723779260934,42.30521090970393,41.07402405548079,40.77359305009914,27.97919708600917,41.852642431831924,43.727974863088036,0.13172510838271037
2778,42.43244157590697,42.299024665060635,40.41137792714416,40.237332744450555,9.809764218610617,41.91628421722862,43.74969265973407,0.13172510838271026
2779,42.40181963747207,42.235476939537065,40.89696230849803,40.42378487989122,26.783781527070417,41.63384137617815,43.719070721299175,0.1317251083827103
2780,42.427294508498754,42.24900341681515,40.89844423376318,40.20251236657816,29.69278313683836,41.68540872731631,43.744545592325856,0.13172510838271037
2781,42.39541285844117,42.334893766115414,40.70225396549871,40.03642108637291,31.24833768386854,41.87725078953675,43.71266394226827,0.13172510838271045
2782,42.419950990514515,42.254122166972756,40.431557525201974,39.23388316901163,12.399569786068184,41.65967804242079,43.73720207434162,0.13172510838271026
2783,42.417062371470216,42.22613973669026,41.0378602184314,40.72342827947518,30.84259735383962,41.82363819631078,43.73431345529732,0.13172510838271037
2784,42.4139907647706,42.2850806315258,40.91903757084631,40.34035010830138,29.983563348307463,41.725829933493735,43.731241848597705,0.1317251083827104
2785,42.41464060776917,42.32090782396612,41.19166282163398,40.863690065922974,26.998434116682866,41.89188409629456,43.731891691596275,0.13172510838271037
2786,42.42069948543159,42.28636116159808,40.66317695252723,40.096619057813406,21.879591904824274,41.81210006785098,43.73795056925869,0.13172510838271037
2787,42.420121334385776,42.32448345825542,40.94211220341661,40.38997990023678,30.14693509684974,41.842762327054324,43.73780893404512,0.13176875996593435
2788,42.41407519661143,42.22424075800933,40.57396493000098,39.799624458344155,27.871454238655083,41.568477361442696,43.73176279627077,0.13176875996593437
2789,42.40705177898809,42.213618275147525,40.62197355851935,39.73203736849443,30.08679289877968,41.5898403858436,43.724739378647435,0.13176875996593437
2790,42.4168285093452,42.3356863700375,41.03324106983071,40.84541708879781,29.664176389081835,41.88256808565494,43.734516109004545,0.13176875996593437
2791,42.429272050121554,42.326738773354236,41.00921527900112,40.513943674195204,27.44399548241311,41.83333487458985,43.7469596497809,0.13176875996593437
2792,42.406804119734986,42.30232086749458,40.70726171984135,40.19891333990452,22.962529544173595,41.882588077310615,43.72449171939433,0.1317687599659343
2793,42.423478888325434,42.25900467025477,40.90083926746178,40.755535321733525,19.957357205902472,41.58498909004608,43.74116648798478,0.13176875996593426
2794,42.41301354305083,42.25747469287609,40.4441769855184,39.5672265381483,22.9716436013069,41.5292893128278,43.730701142710174,0.13176875996593435
2795,42.41367545333988,42.31679542729377,40.72783282774059,40.23388534355886,30.868868010624833,41.810636544078406,43.73136305299922,0.1317687599659344
2796,42.404689658912645,42.28266720705055,40.785086366557984,40.460697936110456,22.66589896458138,41.7148204945436,43.72237725857199,0.13176875996593432
2797,42.42297585955328,42.286106852563364,40.86570385117824,40.54551352210725,30.944871855031494,41.78906945053265,43.74066345921263,0.13176875996593448
2798,42.401820497362294,42.19481182710419,40.52668695123291,39.7674743190456,29.950907748588232,41.751690512845855,43.71950809702164,0.13176875996593437
2799,42.42538746411411,42.29638793641512,40.61954967851445,40.20628580980711,-3.9712922329330738,41.79346718550831,43.75033925990227,0.13249517957881596
2800,42.39109908977177,42.30752306940541,40.97446955756209,40.287044122862554,31.013711795960305,41.708046601202284,43.71605088555993,0.13249517957881587
2801,42.40116572148502,42.29246929317507,40.67872813437881,40.10151970820523,24.044120468158034,41.798401420939356,43.74389425674493,0.13427285352599092
2802,42.38870317033578,42.256896631884885,41.02628548997044,40.36572152106342,31.589796563331063,41.7407795371231,43.73143170559569,0.13427285352599092
2803,42.38890989789283,42.250203880614144,40.77481455174407,40.42719565087928,27.712736915301,41.676959654039734,43.73163843315274,0.1342728535259908
2804,42.39508897733817,42.21125619880631,40.487503289358706,39.7293219234594,25.44368939854882,41.65448070855036,43.73781751259808,0.13427285352599094
2805,42.386030458753055,42.25057615480798,41.08281926307715,40.68635411076965,33.505313419964736,41.8406048209863,43.72875899401296,0.13427285352599086
2806,42.40445976201552,42.27562453529715,40.740100057104975,40.421340082443024,27.447026423962747,41.63033889446852,43.74718829727543,0.1342728535259909
2807,42.376836425737416,42.289687175954796,40.87342554702508,40.49641938862748,28.60590464522446,41.73715162951347,43.70159788909747,0.13247614633600518
2808,42.38629013435549,42.169338262279055,41.130591397508056,40.87239067167629,31.371693954723256,41.729025366928276,43.71105159771554,0.13247614633600513
2809,42.382924997224066,42.178313043328394,41.05773124013001,40.744974567704226,30.003030092699966,41.75265002333339,43.70768646058412,0.13247614633600513
2810,42.389567303942336,42.23453419865282,41.0629317563891,40.479087728562575,32.287397281773664,41.88546071404383,43.71432876730239,0.13247614633600518
2811,42.38573836350497,42.226062553591056,40.98788223479432,40.67097957899685,32.89910383166825,41.61891926816257,43.710499826865025,0.1324761463360052
2812,42.38508716218386,42.168784346299745,40.86904264013835,40.299888922436395,29.088167585850194,41.74656489717345,43.70849966266132,0.13234125004774594
2813,42.397103970860464,42.24759914978777,40.82146561660175,40.2194718446905,27.943845786404744,41.8349134553146,43.72051647133792,0.13234125004774594
2814,42.400339056929084,42.264741128984944,40.196498752851575,39.83410997373253,-10.919119886964225,41.62429480911449,43.729197142717446,0.13288580857883595
2815,42.38821337979767,42.237285912091735,40.771848441749356,40.71886858483791,27.430870211745624,41.78233185496654,43.71707146558603,0.13288580857883592
2816,42.394316098804055,42.20616099990792,40.69892199118415,40.515869950418235,26.15677835519343,41.63833415677071,43.723174184592416,0.1328858085788359
2817,42.39710933176887,42.234419800998744,40.73612193104273,40.16176226230074,19.915334343325625,41.87836750893793,43.72596741755723,0.13288580857883597
2818,42.372106439254786,42.2914259540006,40.985564334840966,40.76811897630403,28.043073142418226,41.89774303840963,43.70096452504315,0.13288580857883595
2819,42.38126983418514,42.20196648130407,40.72886561985874,39.82337555264521,31.830820185067147,41.47002659247009,43.71073047955957,0.13294606453744334
2820,42.387450244705576,42.24324499893012,40.950978476798824,40.27549060651763,31.836554310082466,41.706933189280534,43.71691089008001,0.1329460645374434
2821,42.39338742523179,42.315885043415555,41.169584945307584,40.73436417492315,33.42498061446146,41.89833189128849,43.722848070606226,0.1329460645374435
2822,42.39405196252994,42.245639501571816,40.80598661089765,40.6284735666146,26.43625275944031,41.76279092368202,43.723512607904375,0.13294606453744331
2823,42.41528800716871,42.21077129619633,40.71281990101226,40.05408766791181,13.351638183516787,41.78405932439958,43.744748652543144,0.13294606453744334
2824,42.38097731640361,42.20777961694127,40.136572499994365,39.585113438287145,29.579889707893862,41.12700047568231,43.71043796177804,0.13294606453744337
2825,42.38125642317123,42.16906848257126,40.64086982673721,39.63920247759848,33.0193679956612,41.43587721695367,43.71071706854566,0.13294606453744334
2826,42.391017068261036,42.26371487738727,40.82445294449642,39.97775398352903,29.698936733436305,41.65759932847497,43.72047771363547,0.13294606453744337
2827,42.39387891675379,42.27625300625687,40.51236105347203,39.92590698072828,13.679067919333132,41.77016580848775,43.723339562128224,0.1329460645374433
2828,42.396256436798595,42.282759906205385,40.67188985918845,39.97998830203578,27.616224959292754,41.80095260275377,43.72571708217303,0.13294606453744345
2829,42.425279886188974,42.200776548744074,40.828879843522984,40.511762475828895,22.953100545906846,41.765795120167624,43.722759587431,0.12974797012420267
2830,42.43421844514157,42.258251885723574,40.66004769700656,39.97608670859064,30.914520031239064,41.562044973717335,43.70423590709164,0.1270017461950078
2831,42.462202297689714,42.305526904178976,40.826721395160284,40.01022566432023,28.921923732464727,41.80016307392762,43.73221975963979,0.1270017461950078
2832,42.43777367763414,42.33829968691032,41.0755548387617,40.29670212048095,31.149018073181452,41.73637743359904,43.70779113958422,0.12700174619500784
2833,42.46212670073292,42.25473031051411,40.37600857312203,39.463217045390216,27.539952606621405,41.517510879460566,43.732696803048086,0.12705701023151675
2834,42.43761347326878,42.36312515988327,40.63831179366728,40.93756899167475,-11.879691712686828,41.93185260621094,43.70818357558395,0.1270570102315167
2835,42.446863101758275,42.32089194399737,40.76173847716361,40.38219280452419,22.882950833669497,41.70978964612121,43.717433204073444,0.12705701023151675
2836,42.45626951777067,42.260902633321564,40.92306913553489,40.7042561171472,29.061312356294142,41.75505511863567,43.72683962008584,0.12705701023151672
2837,42.44665160165815,42.28605974305644,40.78523113817629,40.48516955561532,26.039196564973576,41.86160650506548,43.717221703973316,0.1270570102315168
2838,42.445337219192076,42.369817650645636,40.98654252281185,40.46599542042733,27.931639814241027,41.73417868403439,43.71725628438983,0.127191906519776
2839,42.46106864172015,42.31877744551627,41.13330955797125,40.35622757478676,29.77651924822466,41.82854431584655,43.73049631314154,0.1269427671421387
2840,42.457443709980666,42.29429428529569,40.524063957436624,40.09788627045189,24.14345084207596,41.624085759710596,43.720414839111704,0.12629711291310403
2841,42.46066904958245,42.37412965979282,41.018385450508084,40.72030264016843,22.934563206637367,41.98336075778528,43.72364017871349,0.12629711291310408
2842,42.45436810781253,42.32940172896917,40.45631208485854,39.31495620546129,29.630791043265553,41.77961401074279,43.717339236943566,0.12629711291310403
2843,42.457540146857546,42.35199217340904,40.86340434242762,40.71804847635347,18.632443320945924,41.758538901844034,43.720511275988585,0.12629711291310394
2844,42.429632408549764,42.279924514945094,40.16139254587379,40.26248938571489,-5.064690387321875,41.686580054406775,43.6926035376808,0.12629711291310405
2845,42.448871600860514,42.3102533926145,40.87325979382821,40.06274903383223,33.253919033388485,41.70191929322648,43.71184272999155,0.126297112913104
2846,42.45819726978847,42.34004267334489,40.81849766918498,40.62054513850927,28.804010480197157,41.80132496773048,43.72116839891951,0.12629711291310394
2847,42.473705574837815,42.334934077937426,40.90252071844338,40.168258961173315,31.40003636778682,41.587083962259086,43.7201746103062,0.12464690354683836
2848,42.47139366989007,42.335658339240226,40.70325827586305,40.71354228648104,19.480759302858235,41.7113461094209,43.717862705358456,0.12464690354683836
2849,42.49025559385953,42.37470155801438,40.547205458790295,39.86649098408825,1.5253343922642912,41.93847432685544,43.73672462932791,0.1246469035468383
2850,42.47698480693599,42.33155707454498,40.96598473572365,40.53229838662747,26.880078481794722,41.74345706295314,43.723453842404375,0.12464690354683836
2851,42.467313961867816,42.28752531638118,40.907208347947176,40.373245037287525,30.39517134156982,41.76400888578171,43.74606361135903,0.12787496494912082
2852,42.45542495217415,42.2990656168608,40.78977515677115,39.9828982223552,30.69750360646932,41.623422667795275,43.73417460166536,0.12787496494912087
2853,42.451733588105704,42.36198898835006,40.94774110338804,40.62758607398568,31.985227447927876,41.88345024559859,43.730483237596914,0.1278749649491208
2854,42.45055432894552,42.27878883281646,40.72337277916152,40.400847786836074,32.2528019583939,41.57570529850459,43.75219807754057,0.13016437485950466
2855,42.44749902969993,42.23204696818908,40.70112898259667,40.16023822400925,16.048082130000928,41.59070578771099,43.749142778294974,0.1301643748595046
2856,42.4513024472936,42.34370426231948,40.396027913927405,40.38065817496367,-12.88371939675364,41.77798470191017,43.74009304074677,0.12887905934531682
2857,42.44519738385312,42.32853064798866,41.039045275591796,40.42864835870262,35.113972515598164,41.865492903780705,43.72804833628837,0.12828509524352477
2858,42.469678316467444,42.31891285900754,40.9383212451189,40.49719352272003,31.29330241840354,41.90662839374403,43.75252926890269,0.12828509524352472
2859,42.44442725933131,42.33534329636494,41.180384851654836,40.71181718152229,29.598024800251043,41.902583852588116,43.72727821176656,0.12828509524352483
2860,42.44792791433735,42.329613499898535,40.871688374010716,40.45774836544713,28.71988945320518,41.83331170929206,43.730778866772596,0.12828509524352483
2861,42.460050896791614,42.237679167123076,40.62617335253491,40.28976604280181,23.004978989182913,41.68310156275956,43.73696220820894,0.12769113114173272
2862,42.45398999846625,42.25086758063354,40.49830591540276,39.8722382968523,26.444826080336064,41.69384078141237,43.73090130988358,0.12769113114173267
2863,42.46337251252047,42.28842173140409,40.8378227678249,40.10925808390099,25.732644355368187,41.67615732400395,43.7402838239378,0.12769113114173264
2864,42.49711543322728,42.41023824065277,41.268689463056376,40.98407511431511,28.6249102784153,42.088386320503325,43.77402674464461,0.12769113114173275
2865,42.49472541562451,42.26262130249171,40.77175425520264,40.60439484257891,28.016513835729818,41.82259713306449,43.77163672704184,0.12769113114173272
2866,42.534830914418094,42.35674499327134,41.25739644738552,40.67225717079731,34.429631636078476,41.87891814513138,43.811742225835424,0.12769113114173278
2867,42.53638012793775,42.337070021017794,40.94103631802914,40.23876919349718,27.890086101809455,41.57318970378533,43.79408597968884,0.12577058517510903
2868,42.51777100762397,42.39796006055265,41.05762395946868,40.479887037299406,30.972323999542336,41.95384444398958,43.775650639457936,0.12578796318339644
2869,42.52651615322821,42.42353697278353,41.34468677282821,40.8063407335905,28.108441790791694,42.07095536724917,43.78439578506217,0.12578796318339647
2870,42.520783810386035,42.41471700415331,40.70956770874604,40.43597335164368,26.749369409447915,41.87358705382124,43.77866344222,0.12578796318339663
2871,42.51794552584566,42.36879640219662,41.054459953450205,40.73403975103014,29.24224294240578,41.858918475093624,43.77582515767963,0.1257879631833966
2872,42.52756789378615,42.35834952365948,40.658163989706175,40.166117474126835,24.01019002300026,41.708280109792895,43.785447525620114,0.12578796318339652
2873,42.53304983391738,42.38457373842368,40.83672751262341,40.43056415878162,24.303703066115695,41.82565394908188,43.79092946575135,0.12578796318339652
2874,42.52343923163107,42.3561061747083,41.06760670880031,41.05408760331616,21.812738980005967,42.00910072462159,43.77230373220746,0.1248864500576389
2875,42.5275828471564,42.41124326776122,40.74457521037037,40.40179867970338,-11.176933373714284,41.92808752354024,43.76049207212202,0.12329092249656165
2876,42.5516699333139,42.40931741414073,41.11795393412288,40.47466274421912,31.534983481047945,41.83852367187055,43.78457915827952,0.12329092249656169
2877,42.57039036856472,42.31064702969676,40.72762121124467,40.31926321432541,19.759993146084057,41.79998636979332,43.80329959353034,0.12329092249656157
2878,42.56146138444283,42.383473336763316,41.31714884622487,40.94086833343062,27.18654642959725,41.92044182456285,43.794370609408446,0.12329092249656162
2879,42.54874203193514,42.42302156244383,41.20049322965205,40.9389236591324,31.093961921514378,41.921570563809155,43.78165125690076,0.12329092249656164
2880,42.564124983092114,42.399448334904925,40.824445747655396,40.15156126969521,22.967140977707594,41.68370915064642,43.79703420805773,0.12329092249656168
2881,42.53605627535008,42.38557939678594,40.99733485137809,40.41416218222653,31.38426664683558,41.82427793349332,43.768965500315694,0.12329092249656166
2882,42.555449383258214,42.39509567719373,41.222494211949076,41.114181496416904,29.01120937266761,42.074102135542624,43.74426125198164,0.11888118687234256
2883,42.59261569259432,42.48220538527952,40.852797601769474,40.39494610025231,29.11501894119321,41.81697633898736,43.78142756131775,0.11888118687234257
2884,42.587203365107705,42.39635785315086,40.87772903199731,40.40597204311239,29.23144609956747,41.91728111202684,43.77569900606511,0.11884956409574092
2885,42.61447773125105,42.45793339908705,40.55546527634236,40.24579033978517,19.899455784515975,41.93187485762442,43.80297337220846,0.11884956409574098
2886,42.58070520745321,42.51226212882059,41.02904500252759,40.0928145850639,32.65080361159904,41.95870581598378,43.76920084841061,0.11884956409574085
2887,42.59877581606246,42.51384927358454,41.07972665019541,40.360907978797535,25.53500421974028,42.23278053813465,43.78727145701986,0.1188495640957408
2888,42.59315151826591,42.38154129474462,40.4295547856968,40.28052164159478,18.992119317583928,41.67038632407107,43.78164715922332,0.11884956409574086
2889,42.58993836126162,42.483475457872345,40.70915765770232,40.735236592713726,27.998363251400157,41.73194384919096,43.77843400221903,0.1188495640957409
2890,42.60280865379316,42.41222598602204,41.0277320104579,40.64894821858815,27.763111765411214,41.92409139904247,43.79130429475057,0.11884956409574088
2891,42.589897467982546,42.33417802137087,40.62175887610996,39.84970480252315,28.53404335819738,41.74640924453919,43.77839310893995,0.11884956409574086
2892,42.59615087051766,42.443426152624546,40.75739640355147,39.69021462818846,28.248229205337367,41.88344619318555,43.78464651147507,0.11884956409574093
2893,42.59330329252424,42.482908868997725,41.213784666324784,40.83986829515726,32.43372237956049,42.066058359763346,43.781798933481646,0.11884956409574082
2894,42.599097217288964,42.47293554816136,41.230140706776716,40.839121025626255,27.408523981136746,42.122192889676896,43.78759285824637,0.11884956409574085
2895,42.59310974479803,42.47954740631391,40.8521026616236,40.297129160539484,25.549070035814736,41.929786343570264,43.781605385755434,0.11884956409574084
2896,42.59064223208532,42.50154924716957,41.11442286013414,41.101819310525165,22.591093068702982,41.86182542327906,43.77913787304273,0.1188495640957409
2897,42.605560762241545,42.442815891644415,40.888441561232476,40.565851831466674,31.251312671567092,41.97157115635025,43.79405640319895,0.1188495640957409
2898,42.60222988944969,42.48043875408472,40.78543866206861,40.77436178845957,9.837072011962128,42.14329240969997,43.790725530407094,0.11884956409574086
2899,42.57389502399294,42.37774678020494,40.708454128490374,40.664113131035926,-4.034402354823264,41.90082569875631,43.77874390977855,0.12048488857856111
2900,42.597865119356115,42.47462823634588,41.433493061704645,41.04996725990149,31.40735604991961,42.151225868,43.76939298488758,0.11715278655314657
2901,42.579222833846124,42.45480071665427,40.62275216629839,40.07559744436301,13.819203600144395,41.75324855251472,43.75075069937759,0.11715278655314662
2902,42.586297932766996,42.40468095569681,40.55999070832778,39.596392012652416,28.24075638869713,41.61007002698787,43.75782579829846,0.11715278655314659
2903,42.59174876878416,42.48915927605427,40.546647746642265,40.63985043113854,2.5782224792634167,41.88690906095372,43.76327663431562,0.11715278655314662
2904,42.59777040954095,42.47512581774556,40.84552889948451,40.07606934769754,30.272134007869425,41.80531886171437,43.769298275072416,0.11715278655314658
2905,42.595223224019406,42.46243072648078,40.82671097023785,40.29730688401883,24.28875839472592,42.01608323357898,43.76675108955087,0.11715278655314669
2906,42.598409054870025,42.490216420397125,40.971137219589984,40.74175687442593,18.612446910266332,41.81951275607751,43.770046568221105,0.11716375133510798
2907,42.60111316922374,42.497914090637465,40.985491052621875,40.868569506680615,23.28125496172773,42.26609215099931,43.77275068257482,0.11716375133510806
2908,42.58243209754214,42.46971133906552,40.820851329024805,40.57407142211902,19.87160330330703,42.09271494350807,43.75406961089322,0.11716375133510802
2909,42.59169896633809,42.47755521551046,40.64718066686546,40.57027248159229,-16.005505775387114,41.880508793037166,43.76333647968917,0.11716375133510798
2910,42.58562267847346,42.44930364485919,40.505089282115314,40.76398806003717,-15.507921029979052,41.9023717331351,43.75726019182454,0.11716375133510806
2911,42.60546809618328,42.476160070657635,41.1904180377269,40.62156878989653,31.99347272009128,42.054801335051295,43.78852104503258,0.11830529488493027
2912,42.57721398235094,42.486044155425894,40.97972125704561,40.76249034780379,19.37616982399932,41.92087588240502,43.76026693120024,0.11830529488493029
2913,42.59158657053075,42.46429746776479,40.58505970364764,40.08432191049978,22.98323203968382,41.83569524363199,43.77326547740504,0.11816789068742903
2914,42.615805817006,42.494938071505146,41.465287734401954,41.17997925565092,30.256954383651532,42.19972858535752,43.79748472388029,0.11816789068742911
2915,42.582517989651635,42.40776543836781,41.120898153242315,40.38290353537662,31.268585005686376,41.74881068014007,43.764196896525924,0.1181678906874291
2916,42.56588028589783,42.47087775222358,40.98143895654648,40.50930862495481,27.54294091417237,41.96173389100775,43.74755919277212,0.1181678906874291
2917,42.58760926567662,42.46783662970263,41.14440591755045,40.87793759832464,26.899388504946998,41.83920315336715,43.76928817255091,0.1181678906874291
2918,42.578512477418016,42.46935300264548,40.61729794482934,40.36988326934581,2.550935920822731,41.84925131047097,43.760191384292305,0.11816789068742904
2919,42.56989325463943,42.455228939611146,40.612274744058794,40.5864827342495,23.655115611552247,42.0451030284964,43.75157216151372,0.11816789068742911
2920,42.59697183083029,42.372243296193375,40.84740615751993,39.956978877148195,30.70512008840456,41.69174758669892,43.77865073770458,0.1181678906874291
2921,42.594388820771655,42.408088610381945,40.998726093458345,40.31248026539177,29.75686190489828,41.6699622954506,43.776067727645945,0.11816789068742917
2922,42.597335646616415,42.445496496118146,40.597531094875016,40.39570699286208,22.980059209736723,41.99184638361369,43.779014553490704,0.11816789068742906
2923,42.59163272312216,42.42679913924193,41.21305393802107,40.80364124224732,28.084592833548037,41.7093026318787,43.76700205655165,0.11753693334294878
2924,42.60052790323727,42.43761830830088,41.043303310429906,40.46535455984714,31.787140992558523,41.78309766842169,43.77589845149033,0.11753705482530581
2925,42.58807341168553,42.49246571751238,41.12492264950126,40.998059496955605,19.841591780209804,42.08929629514603,43.763443959938584,0.11753705482530581
2926,42.585284722252275,42.37557010770115,40.86656418257049,40.256756718113934,29.4310477454273,41.71626851241827,43.76065527050533,0.11753705482530576
2927,42.59133737848355,42.45657334927289,40.47706029941204,40.07833435805364,24.255225348198504,41.92242307613696,43.76670792673661,0.11753705482530576
2928,42.59124614246848,42.44183780665306,40.932298606212996,40.26873000238329,30.60139285394162,41.85473906171505,43.766616690721534,0.1175370548253057
2929,42.587926177498005,42.45000160630604,41.03137093485744,40.55887734649851,24.42941863143875,41.96584471488904,43.76383682563094,0.11759106481329305
2930,42.59434083218567,42.456667160595025,41.17678977727335,40.80566315850654,32.31520396509722,42.042746909076364,43.769436450331796,0.11750956181461218
2931,42.585102502974145,42.46787791260041,40.68260420424201,40.64589280355036,-11.11594163172198,42.08455640435756,43.76019812112027,0.11750956181461203
2932,42.60748383172282,42.481343466004496,40.74708126617604,40.45281999234437,18.18746329986945,41.870614691614875,43.78257944986894,0.11750956181461207
2933,42.616001880764614,42.488920156867195,40.910157266629895,40.44646895408403,26.869953417522638,41.96317880728986,43.79109749891074,0.11750956181461213
2934,42.56981330491431,42.44716569016055,40.663812344728555,40.4696729159495,-7.972993897621855,42.01292114387856,43.744908923060436,0.11750956181461202
2935,42.594326739556216,42.45435337178296,40.651461512921884,39.582768758371856,21.37018667282974,41.61124018662893,43.76942235770234,0.11750956181461211
2936,42.575717898530826,42.43761776875865,40.885457335615115,40.52163774591705,19.856159451702673,41.96028551495273,43.75081351667695,0.11750956181461211
2937,42.57995121927376,42.49316486802355,40.534573557685675,40.43797569327801,15.0978573052965,41.97656985167447,43.754444277833805,0.11744930585600465
2938,42.59706261750713,42.39300132033235,40.89100771039553,40.54283401304193,21.904850450617868,41.8097833485526,43.77866021799636,0.11815976004892313
2939,42.61378596494002,42.48070797833095,40.56801088664247,40.50802465371289,-4.175461003854558,41.8754478228454,43.807718626789715,0.11939326618496965
2940,42.60397656422118,42.448763240376366,40.85375424400151,40.46213578457893,26.352746912887604,41.98886395211146,43.79790922607088,0.11939326618496972
2941,42.56389824187684,42.49265203168623,41.021858443851166,40.3701759973423,26.649833084782138,42.147956255188454,43.757830903726536,0.1193932661849696
2942,42.575832417782735,42.4342332530228,40.92451507468601,40.32121989939945,26.613030620128566,41.86240385466587,43.769765079632435,0.1193932661849697
2943,42.58540087304182,42.36295941596025,40.709390640736785,40.32875604558832,26.343309359781532,41.830604856023655,43.77933353489152,0.11939326618496976
2944,42.56519367913482,42.37306799846499,40.858914774965164,40.33186502067039,29.555132121251944,41.80103399976299,43.76093240861647,0.11957387294816466
2945,42.605793091693066,42.41782391245404,40.432574877538194,40.19193062108462,26.06158358826736,41.62925455290167,43.80153182117471,0.1195738729481646
2946,42.5794958271089,42.47847757113016,41.15913794274926,40.529893014380065,34.84882634542613,41.91030813091808,43.773428488958594,0.11939326618496962
2947,42.572679877806664,42.467816871964075,41.204054328380714,40.74386170759131,32.11961601187062,41.97244692847056,43.766612539656364,0.11939326618496973
2948,42.58567245518448,42.34525325829454,40.85010915205095,40.90358068958449,1.3997711257912897,41.982598106197756,43.77960511703418,0.11939326618496979
2949,42.57896326404262,42.46561768174496,40.70537956023129,40.37547293305306,28.449245258864266,41.953227209536536,43.77289592589232,0.11939326618496972
2950,42.56378000476463,42.4765702771758,41.15872266107199,40.60321534819649,22.30978491752193,41.98292237625208,43.75771266661433,0.11939326618496976
2951,42.57330492769617,42.4554201670893,40.57708840640101,40.512479998938275,17.24940190608407,41.94508568307118,43.76723758954587,0.1193932661849697
2952,42.56727785011711,42.4518358003705,41.014290058105935,40.20703193694599,33.839675433405155,41.91260975267015,43.76121051196681,0.1193932661849697
2953,42.603409171331066,42.383359252570685,40.43576091317767,40.45399622090378,-4.115647997911985,41.810132031047445,43.79734183318077,0.11939326618496975
2954,42.56003610097136,42.4109632040849,40.68246296888756,41.053070286420244,-7.622389169664366,41.83885849040067,43.75396876282105,0.1193932661849697
2955,42.55389391330486,42.41643890433697,41.29193453691548,40.948369434215685,29.890545713709024,42.016185640249624,43.74132723203556,0.1187433318730695
2956,42.57247370566059,42.41325990287474,40.6831522293168,40.12881813920367,30.889215739155365,41.832415554522775,43.75990702439129,0.11874333187306955
2957,42.57927368022833,42.472664229402035,41.085399080981766,40.7833954167787,27.83760476422343,42.01930746605365,43.76670699895903,0.11874333187306949
2958,42.566664075690305,42.41648663209635,41.069563922778734,40.46985362436481,30.98940698377093,41.90041869145324,43.754097394421,0.11874333187306946
2959,42.594362756061464,42.38524151314879,40.70523559334207,40.87040519592339,23.859345065616154,41.97948426941646,43.78179607479216,0.11874333187306949
2960,42.57201867286923,42.43413428052869,40.51815937709191,39.86157129693809,25.844348397657992,41.54299971205644,43.759451991599924,0.11874333187306951
2961,42.56307187384444,42.48471456105119,41.4421987230471,41.094049220496665,27.362006831369825,42.25589969271895,43.75050519257514,0.11874333187306949
2962,42.56979431142208,42.38769010783828,41.131284149831814,40.511560842222394,33.54517467230686,42.00585869092525,43.75722763015278,0.11874333187306942
2963,42.58180400074961,42.43487782843391,40.9798853986024,40.64868160475662,18.199606547712854,41.93882488358028,43.769237319480304,0.11874333187306949
2964,42.556825210165975,42.406751318682396,40.76793079051291,40.03946543780149,15.545863185308885,41.89469649710435,43.74425852889667,0.11874333187306951
2965,42.57255164565176,42.3961616633552,40.858420889213775,40.48844513485157,27.925245994173697,41.60146301479948,43.75998496438245,0.11874333187306939
2966,42.61027135231977,42.431500831775764,40.9622904211609,40.381615889433185,25.905021991103325,41.903367282269784,43.7478426136988,0.1137571261379031
2967,42.606788000628015,42.47811477073428,40.9243863156639,40.41966478747163,20.763442299298344,41.90302994577007,43.7446455938271,0.11378575931990888
2968,42.62842633084082,42.42013205194155,40.54807885467586,39.879897276702565,16.35554759791941,41.653218745763,43.766283924039904,0.11378575931990881
2969,42.61938335266408,42.429732621303,40.88882073349998,40.15174513518826,21.756132174883792,41.97173275633459,43.75724094586317,0.11378575931990881
2970,42.61001172097715,42.534869874838016,41.0786731786852,40.484395591668424,31.48814091757093,42.168299059625525,43.747869314176235,0.11378575931990885
2971,42.613285821837934,42.519915848478654,41.16779546595912,40.72629345920955,26.96902168751034,42.07432911626867,43.75114341503702,0.11378575931990875
2972,42.606603741022305,42.48442377355209,41.200029922406536,40.805174134340014,29.325082820456945,42.09210402586869,43.744237462107534,0.11376337210852316
2973,42.62280067948081,42.396357261764656,40.75426411679172,39.74083037091896,30.141418955867167,41.82064817469056,43.86360247707521,0.12408017975944036
2974,42.634735861207844,42.51919049097208,41.185087604231335,40.624383724212336,31.392659814318797,41.96860259795068,43.875537658802244,0.12408017975944038
2975,42.64820999640802,42.41649223286155,40.63624204922553,40.00724423266275,-4.557177756582803,41.889665938904,43.88901179400243,0.12408017975944047
2976,42.67229180352835,42.5255530899975,41.08126967584389,40.74122506079537,29.035524436555143,42.205013599775064,43.91309360112275,0.12408017975944041
2977,42.644937520421,42.481513835395695,40.87465668872561,40.6115702254048,28.953185212924843,41.8643039650281,43.8857393180154,0.1240801797594404
2978,42.65783550864466,42.55978730520923,41.021244460707216,40.604142715445754,16.825694847355233,42.102912949152554,43.89863730623906,0.12408017975944036
2979,42.65447745802623,42.457354355183824,41.29996193244785,40.926530531347595,30.54232626177836,41.934729238794105,43.85235484719942,0.1197877389173193
2980,42.65414418842827,42.55060244744353,40.79109824208978,39.842768862362945,26.526860325568627,41.92976255851835,43.85202157760146,0.11978773891731928
2981,42.6359257764429,42.54859014580026,41.15541803716791,41.066373969969426,18.56737905044072,42.24787850227959,43.8338031656161,0.11978773891731936
2982,42.66135621606892,42.55838365625647,40.53430580558995,39.72229494787015,30.916970827319318,41.816431710262265,43.85923360524211,0.11978773891731931
2983,42.657644560292766,42.46097812057094,41.224800806814805,41.18329809582114,32.355071331443185,41.90566299721307,43.85552194946596,0.11978773891731931
2984,42.65468148864181,42.55265527864852,41.488366032866836,41.356855176569425,31.798468167284277,42.17959756553991,43.85255887781501,0.11978773891731936
2985,42.69660382692694,42.567688641429015,41.14221461610104,40.47546530446581,20.61762882550939,42.13931641162905,43.877419084628116,0.11808152577011795
2986,42.66595356288352,42.488031306319755,40.18966538182499,40.15867195333387,-7.84930980609505,41.73362274370181,43.84676882058471,0.11808152577011807
2987,42.665553433247325,42.545803969353734,40.76872972183143,39.80911744011609,23.596135556661977,41.98924953567132,43.8463686909485,0.11808152577011793
2988,42.693315009568835,42.53135167345779,41.08351170213553,40.21856495131892,27.62266712900521,41.80046001622746,43.87413026727001,0.11808152577011796
2989,42.65378290243255,42.48972000896517,40.80984829815953,40.18449254402273,23.636261034167166,41.83156111463552,43.83459816013373,0.11808152577011802
2990,42.677405684095774,42.587903306882424,41.29278425685747,41.08645559342886,16.946252778562346,42.20702700320382,43.85822094179695,0.11808152577011796
2991,42.672317933069756,42.495357797957745,40.48997857629687,39.195612375513434,25.302492143362095,41.764230264064615,43.85294264469914,0.1180624711629384
2992,42.69510382325831,42.56166817035946,41.08336035090891,40.614763219176204,29.531827840360222,41.969825934030354,43.78238252451899,0.1087278701260681
2993,42.779063366962724,42.60603700601941,40.77045166267882,40.92822913711465,-10.964508497579402,42.1621474061495,43.8663420682234,0.10872787012606815
2994,42.73878090518089,42.60605912865071,41.00472635362621,40.22834195261829,23.966226861484813,41.94567914544193,43.82605960644157,0.10872787012606809
2995,42.757805198619586,42.60515710262212,40.88427342863568,40.598127409045375,30.771183845332914,41.95009511364343,43.84397852168575,0.10861733230661637
2996,42.764600288640445,42.596418841503194,41.019546120646105,40.610269453620326,26.719776360461083,41.82484683276504,43.85077361170661,0.10861733230661631
2997,42.75489943710725,42.6625096005092,41.45410276177989,40.99642472648116,32.54968027925662,42.21790412102878,43.84107276017341,0.10861733230661638
2998,42.77053005254305,42.60807391684336,40.83502596145614,40.50277728045512,21.747103526571014,41.754305437557925,43.856703375609214,0.10861733230661641
2999,42.770456150267755,42.62112304774998,41.0643064713194,40.587477888408536,19.30320852578146,42.19348003716401,43.83779298243902,0.10673368321712652
3000,42.77678459618335,42.66101909964239,40.99581663421573,40.49675000633186,27.429176976262593,41.96599275080225,43.84412142835461,0.10673368321712642
3001,42.78616792351991,42.69363630065805,41.360132441410606,41.285218966317984,18.95206069666174,42.17890137122341,43.853504755691176,0.10673368321712644
3002,42.785889888299366,42.63185154670161,41.044116409530126,40.722637628346206,30.971893577806302,42.03476880967818,43.85322672047063,0.10673368321712645
3003,42.7765886722508,42.64348420975783,41.17980646035062,40.35336889716174,30.70005700471056,42.09312600774604,43.84392550442207,0.10673368321712645
3004,42.75815683925164,42.63798110278565,40.454393355955354,40.66750796237615,-9.100409032051793,42.1025536979097,43.825493671422905,0.10673368321712651
3005,42.77392874217548,42.523463268576755,40.54555977669769,38.93032347688574,26.561365269705053,41.6779451299721,43.84126557434674,0.10673368321712645
3006,42.776728718533015,42.611545465528756,40.653417897077226,39.55370527097837,23.760345226522944,41.91249211836306,43.84425609677608,0.10675273782430617
3007,42.763898419742745,42.62447338888318,41.07423680747902,40.38677489892457,21.512837812105253,42.1158890638129,43.83142579798581,0.10675273782430611
3008,42.75763929708129,42.60506072854333,40.99230516838936,40.684296216181195,23.742616294068362,42.12285416920153,43.825166675324354,0.10675273782430621
3009,42.761155824703856,42.65262938941692,40.90709103065644,40.21165437506949,26.514208982524583,41.98217085861788,43.82829545490603,0.1067139630202181
3010,42.77104476532522,42.677355513613605,41.10108711713783,40.69118268269001,25.472902348144107,42.28574720867485,43.838184395527406,0.10671396302021817
3011,42.762083923812284,42.56430953221831,41.28445849036133,40.79287819784498,27.070739859348542,41.993515927751744,43.82922355401446,0.1067139630202181
3012,42.78417520704369,42.670464552767974,41.334645148212786,40.86777410944166,33.33515686759914,42.12710555316918,43.853601868114716,0.10694266610710279
3013,42.78400390577669,42.657398182370905,40.822156769349064,41.18493812684891,-13.836293881244181,42.25577661314161,43.85343056684772,0.10694266610710276
3014,42.76566571273101,42.588220536405515,41.298371782847674,40.67828692737416,29.304043038906997,41.9286475674421,43.835092373802034,0.10694266610710275
3015,42.7657163368667,42.6509611905659,41.336116072106734,40.92721455477162,31.319045950024307,42.20612470101682,43.83514299793773,0.10694266610710283
3016,42.77186820456835,42.584576648875014,41.16640738381804,40.56283553597543,30.893302560669294,42.024730034510156,43.84129486563938,0.10694266610710285
3017,42.76193432140634,42.68472884500289,41.36745743418012,40.953667283335356,32.53791540772115,42.10311593197599,43.83136098247737,0.10694266610710271
3018,42.75948786643125,42.63193865536016,41.31504901880818,40.78427815337351,33.52735348459634,41.96267815469645,43.82891452750228,0.10694266610710272
3019,42.76214159623421,42.64620968859117,41.153911061445655,40.3685941261825,27.865562665953195,42.20577274619792,43.831568257305236,0.10694266610710274
3020,42.75638863486518,42.587402539617436,41.12932837733273,40.384988130574385,30.8029124591614,41.963559976172206,43.82581529593621,0.10694266610710276
3021,42.77503606044948,42.62332161505434,41.27280746333503,40.62697926240597,34.19943986112104,42.16566659741387,43.84446272152051,0.10694266610710271
3022,42.781083717809324,42.64291714530642,41.19980558885095,40.67869809443836,33.30316937236588,42.19191363594899,43.85051037888035,0.10694266610710282
3023,42.75421089697808,42.67150090927095,41.20040768984318,40.878085303086564,27.96021069267095,42.32787286393802,43.82228859516652,0.10680776981884357
3024,42.78143331165403,42.611263535868495,40.97456699320081,41.022954368625214,23.67926829308748,42.12747387450404,43.85042979719456,0.10689964855405278
3025,42.76021826589817,42.55602658782533,41.05723001435548,40.7271921338704,27.984011832839894,41.95700124193513,43.8409606530884,0.10807423871902364
3026,42.76311822100951,42.559499832726935,41.06310467771217,40.465790320205876,23.94059626963049,41.964234044363494,43.84386060819975,0.10807423871902358
3027,42.77910287746831,42.65754631748913,41.0888225051148,40.651115400247505,31.18533500823237,41.97191311338058,43.859845264658546,0.10807423871902364
3028,42.76529722157151,42.676223173298034,40.87585434057115,40.35555117501013,22.91542160527943,42.128170056629244,43.8532839683625,0.10879867467909866
3029,42.76893360430372,42.68172187962774,41.32413492317563,40.64892384426038,33.87119622077536,41.989157926544536,43.85692035109471,0.10879867467909864
3030,42.76520587938135,42.66956670784749,41.2552403779696,40.94171420009209,26.57236626129109,42.254565399482786,43.85319262617234,0.1087986746790987
3031,42.78091517161513,42.65457790968642,41.1481926468164,40.407587425578846,30.5867268818103,42.12395300616056,43.86890191840612,0.10879867467909855
3032,42.75902186739098,42.67577427676657,41.27382446623826,41.197208381305394,31.705083256566287,42.310855634452075,43.847008614181966,0.10879867467909862
3033,42.75630714229631,42.642034712352775,41.204098625450655,40.427982644452655,28.467418460645824,42.07541465959641,43.8442938890873,0.10879867467909858
3034,42.77167186771875,42.67824109101569,41.05654756667376,40.976955992558366,25.467361652567828,42.1660930610923,43.85965861450974,0.10879867467909857
3035,42.77490013296834,42.66610305704065,41.39734292041441,41.0444626019652,26.788985865892712,42.080322392927904,43.86288687975933,0.10879867467909857
3036,42.77135222177162,42.682252283611724,41.00522399871122,40.38033733544568,23.783227106818966,42.1216272339384,43.85933896856261,0.10879867467909855
3037,42.77507935789908,42.62503546579782,41.25962041601257,40.54893628607289,25.920327407656107,42.22693937443375,43.86306610469007,0.10879867467909857
3038,42.7650994955909,42.65310489341927,41.1638993281275,41.02294063103713,29.389490658565727,42.10880821412648,43.85308624238189,0.10879867467909868
3039,42.74982224700658,42.68443476895146,41.2563884836604,40.947769535012014,21.920382481175494,42.220745586025885,43.84165663585693,0.10918343888503491
3040,42.76149923821166,42.67248433840217,41.052607891896145,40.96209229321299,9.687482102953922,42.195551589769835,43.853333627062014,0.10918343888503487
3041,42.75174467607666,42.6019207311843,40.44438574096772,39.85147859467399,14.246106587070308,41.64129955860058,43.84357906492701,0.10918343888503486
3042,42.7586621360034,42.61234385280963,41.325517942286034,40.79563943653935,29.74234184661117,42.24630145447733,43.85049652485375,0.10918343888503491
3043,42.74962107363794,42.59707804639546,40.99512383860653,40.5807335580678,26.199691320389856,42.06131712461746,43.84145546248829,0.10918343888503484
3044,42.761716339258115,42.60428022859722,40.53693485932685,40.176396561045706,-3.9998674941787087,41.7905980071867,43.853550728108466,0.10918343888503482
3045,42.76235431136318,42.66898560388125,41.58741698169757,41.18540493565224,32.74347682391968,42.13323495113903,43.854188700213534,0.10918343888503483
3046,42.74951770725484,42.6245724710143,40.749171642184535,40.31888013457908,16.62707184920097,41.88202322079162,43.84135209610519,0.10918343888503496
3047,42.743365650396946,42.68379576714593,41.21700948712579,40.92296166861611,-9.139570109231663,42.17233740946834,43.8352000392473,0.10918343888503486
3048,42.76463165542641,42.63516416856871,41.18389218007482,40.811241297083754,26.209170264743868,42.25411188677768,43.856466044276765,0.10918343888503486
3049,42.77132847969401,42.65942963072165,41.06394761027538,41.15998451148857,2.8463581490134118,42.27971706761439,43.865793136536254,0.10944646568422438
3050,42.759335989529106,42.629594659253904,40.682381445281926,40.69960407647667,2.3497340403659592,42.23064023090521,43.85380064637135,0.10944646568422436
3051,42.768052732141086,42.65672023612099,41.512197884122195,40.72368324534766,35.69324696984221,42.213882474753284,43.86251738898333,0.10944646568422436
3052,42.7461404809049,42.63974355887967,41.52182036243909,41.24876222935559,32.72498782602531,42.24279473906946,43.84060513774715,0.10944646568422453
3053,42.74347522253688,42.43772896200737,40.6204304051979,39.7579764098397,8.623528491953614,41.78584052318731,43.83793987937912,0.10944646568422434
3054,42.75848397799483,42.64338819887872,41.09813609281718,40.58713533620281,24.050380382405336,42.07651319784427,43.85294863483707,0.10944646568422432
3055,42.78336479140789,42.59482358910102,41.0975359987562,40.65272084861486,28.66612959502683,42.019616385137404,43.87782944825013,0.10944646568422438
3056,42.74627609494017,42.6199396648016,40.89497551830661,40.85620982415654,19.547979805548486,42.09698238408434,43.84074075178241,0.10944646568422439
3057,42.7622950955429,42.643123938212064,40.967313220646005,40.42424609538488,26.03496002592686,42.16898726227278,43.856759752385145,0.10944646568422442
3058,42.749297942941645,42.56854178823369,41.04840388244714,40.606535910529374,24.149352458759704,41.99545315235957,43.84376259978389,0.10944646568422442
3059,42.76496895333914,42.636290871379366,40.95188906089715,40.82660378540286,18.700917115659642,42.240255614513714,43.859433610181384,0.10944646568422439
3060,42.78721543043931,42.619699883064385,41.17313941219054,40.58507905236248,29.706988582280232,42.01651521096823,43.877283438284145,0.10900680078448313
3061,42.77158625405669,42.66538338466796,40.85788312352054,40.868207813787514,16.48527183793201,42.03659876984381,43.86165426190153,0.1090068007844832
3062,42.78414667978549,42.666982590734754,41.317813920189046,40.70745121932401,30.290665807941345,42.19967202435992,43.87421468763033,0.10900680078448315
3063,42.76366019995085,42.65593005552151,41.47499097582818,41.20332841049497,23.00079943936612,42.22506235399501,43.839352038154075,0.10756918382032275
3064,42.7733984913891,42.63927058605387,41.11984242105368,41.11490024161521,8.561647457132565,42.10121587865091,43.84909032959233,0.10756918382032267
3065,42.7923789031856,42.663763599399246,41.12916416771444,40.95808699174774,22.484026127461526,42.22749952085242,43.86807074138883,0.10756918382032266
3066,42.767357708630385,42.58702253025594,40.87109417361792,40.201343607678105,24.499707954570997,42.17536870706989,43.858756298686444,0.10913985900560573
3067,42.76070293868757,42.6180560285984,40.78432767976405,40.802451747712496,20.271318503847453,42.14041897066123,43.85210152874363,0.10913985900560579
3068,42.777046380257325,42.67316530509152,41.43565007458444,40.99419423095613,30.736112703390642,42.28892864699615,43.86752618296129,0.1090479802703967
3069,42.75868150709877,42.67284321873857,41.30728713063484,40.63018631712224,31.648831003945705,42.242292060156984,43.84916130980274,0.10904798027039667
3070,42.74231381366576,42.57534707250939,40.79185722270062,40.578789261704145,27.054918049638097,42.0184882568267,43.83279361636973,0.1090479802703966
3071,42.77057899631926,42.66367647504272,41.046888683182736,40.45134922555251,31.71948434311804,42.273726360211526,43.861058799023226,0.10904798027039671
3072,42.76125637437965,42.643139096721534,41.13112613293295,40.241890214357824,27.00784043214067,42.19331445546512,43.851736177083616,0.10904798027039667
3073,42.76727473696082,42.65194298332085,41.44323955028568,40.88951687733041,34.159976482963465,42.30029500474812,43.85775453966479,0.10904798027039661
3074,42.7830118297527,42.63993253628742,40.70870565588115,40.61418389404114,-7.6463112009900485,41.93380274862041,43.87349163245667,0.10904798027039672
3075,42.75804102204341,42.616653800483306,41.01969895062313,40.66929898522847,17.64168313298726,42.069017720313,43.848520824747375,0.10904798027039662
3076,42.764110232996714,42.669340675856745,40.92737277002298,40.89131754817514,16.038513484036336,42.106572480965404,43.85459003570068,0.10904798027039667
3077,42.76176554793539,42.68176546341324,40.994590669901925,40.71797353977489,20.432750806469112,42.33081863920626,43.85224535063936,0.10904798027039664
3078,42.75845929417388,42.65036743175256,41.21995762359842,40.440108992995825,34.75306891603133,41.85954811509303,43.84893909687785,0.1090479802703966
3079,42.761563634680044,42.510849407197256,41.16763580801241,40.554537341011276,32.98510352238307,41.93191903482889,43.85204343738401,0.10904798027039657
3080,42.74848665153516,42.647717786890716,41.09732965454478,41.0406030087552,2.8811437664981696,42.26550292509015,43.83879267415625,0.10903060226210914
3081,42.7522924754779,42.639103821785625,40.42480398057798,39.60699283232694,13.038190023945099,41.8753167919992,43.842598498098994,0.10903060226210919
3082,42.742951033775796,42.66477580919394,41.2341384100998,40.43644567399986,32.79108739708069,42.17312800328865,43.83325705639689,0.10903060226210913
3083,42.74815419991016,42.62579420426709,41.29018125817262,40.907300192005124,23.457581289142556,42.1608279753966,43.83846022253125,0.1090306022621091
3084,42.764266763133215,42.613867171534224,40.39881434666472,40.07041866324191,1.087657508528352,42.01872748817408,43.85457278575431,0.10903060226210906
3085,42.76501939459231,42.562502582456105,41.18779626161205,40.84483356718834,27.093033208442233,42.18581728227095,43.8553254172134,0.10903060226210909
3086,42.75818612630783,42.6477541377973,40.918679116396774,40.64456005868303,2.6764934461539696,42.20676392335348,43.84849214892892,0.10903060226210914
3087,42.77036471716533,42.6293181197105,41.44583969007949,41.440211940314974,27.840833413546974,42.184551941734455,43.86067073978642,0.10903060226210905
3088,42.731327651861406,42.63064737784536,41.326601911961795,40.84396723528869,29.756786113197272,42.167867109711736,43.82025329021789,0.10889256383564884
3089,42.753958179117944,42.66504525469752,40.20946404885475,40.70143439324188,-12.255856593405277,42.040944932996865,43.84288381747443,0.10889256383564884
3090,42.757507985858325,42.64561883699536,41.12824232604039,40.763160196410226,26.12635859595242,41.989496036360805,43.83932908228563,0.1081821096427304
3091,42.76693722852213,42.63175743484891,41.489253347269155,40.86914968306038,35.67131732851995,42.15660078673284,43.848758324949436,0.10818210964273031
3092,42.7727614928344,42.62201521116861,41.24361910654647,40.85241937305439,34.03496416910267,42.07315439604814,43.8545825892617,0.10818210964273038
3093,42.76343002584727,42.62294165999363,41.10442286594446,41.00307623330989,30.415114460667446,42.17903890899032,43.84574517798159,0.10823151521343234
3094,42.789037598385946,42.63260296610387,41.14313569479955,40.46422420762957,31.318037688822237,42.0280996403513,43.87080011015518,0.10817625117692352
3095,42.785388254777,42.68978236475215,41.37903460777702,40.782864936857095,28.26798533210887,42.356280252449366,43.86715076654623,0.10817625117692349
3096,42.78246898176462,42.65248379608106,41.21241463978325,40.99012288193619,26.678561987449644,42.21310842217456,43.874039232381705,0.10915702506170843
3097,42.771473859761535,42.657291396946114,41.1999621771749,40.582585970219014,23.21479661398321,42.01947893775223,43.7948902681495,0.10234164083879632
3098,42.78079827427809,42.66763039192476,41.11056267276195,40.595854303138005,24.390360887321904,42.14353653601832,43.80421468266606,0.10234164083879649
3099,42.78037523156944,42.701627398212466,41.3782062903857,40.765419943520065,24.63370747441366,42.43829932901816,43.8037916399574,0.10234164083879645
3100,42.79909187571369,42.68391266615546,41.30930211878882,40.82819923863609,26.299540820744532,42.19617905407504,43.82250828410166,0.10234164083879652
3101,42.7927726477274,42.6621627343838,41.261472893224244,40.666734376414745,30.937096852017707,42.18734542843363,43.803335900973494,0.10105632532460866
3102,42.810570645129566,42.68791663142618,41.26515445106897,40.80434458654712,29.08424266785887,42.05151414306914,43.831552127421446,0.1020981482291882
3103,42.79263390947834,42.62499457977627,40.82789036278109,39.987195446648236,24.758868148529565,41.98743557660799,43.81361539177022,0.10209814822918822
3104,42.78037621646253,42.708342246628064,41.14297012125525,41.24111734606692,12.445426283332718,42.21059575875209,43.80135769875441,0.10209814822918821
3105,42.77925445753948,42.669941863846624,40.99953739038896,40.850875074125106,18.097069138153092,42.11949958493733,43.80023593983136,0.1020981482291883
3106,42.79797514381326,42.63422573814762,41.276079449273645,41.27755074085044,2.9529631577705118,42.219035733722706,43.81895662610514,0.10209814822918818
3107,42.77662750214518,42.64729677299948,41.23383494898961,40.98271586182959,27.62239737339592,42.04198416072637,43.79760898443706,0.10209814822918828
3108,42.7824978307902,42.63223795596474,41.23460286222495,41.06665901833033,26.820947231842915,42.12574513705151,43.80347931308208,0.10209814822918824
3109,42.78933024757376,42.70811957931563,41.3591706444331,40.48004304152578,32.66046798985451,42.26890682234469,43.81031172986564,0.10209814822918824
3110,42.79566667035793,42.66201826698027,40.98749760870833,40.296013731534494,30.076000468833605,41.93838789575362,43.8163319248838,0.10206652545258657
3111,42.78920830424532,42.63879582589577,41.26581053841357,40.80894451062632,30.44623092704241,42.12411902622837,43.80987355877119,0.10206652545258658
3112,42.78490116450918,42.60095535289877,40.705394663681,39.61801826759297,28.467862708269358,41.58919092077282,43.8004786856326,0.10155775211234165
3113,42.79454750735489,42.6035168416581,41.20251352467257,41.24913102035429,26.648090961010197,42.13768525142537,43.81012502847831,0.10155775211234165
3114,42.77330159439146,42.59989401647639,41.125149563754924,41.25150227207637,26.31703115021396,42.24878756212908,43.79160212037248,0.10183005259810204
3115,42.8045407876781,42.702381304884064,41.6488348415431,41.36649587484065,33.302931158498595,42.13638823364146,43.82284131365912,0.10183005259810204
3116,42.79145901977515,42.649981549607865,41.43514705780197,41.20537173265783,31.59633783840244,42.1488484827257,43.80338096319289,0.10119219434177501
3117,42.80729899496942,42.706158247316175,41.21719447758853,40.56206391945058,24.257281783687525,42.06345560254235,43.819220938387176,0.1011921943417751
3118,42.80474827085152,42.68522311915243,41.03539321254604,40.81914837417022,1.7411337083319083,42.32507617382016,43.816670214269266,0.10119219434177502
3119,42.797881847667824,42.70723790079569,41.381508715780996,40.743887335793694,19.596417033383272,42.25366073496517,43.80980379108557,0.10119219434177501
3120,42.79532065645537,42.69826771898922,41.41572086863655,40.71361846370567,23.301222296539223,42.149093460950866,43.80724259987312,0.10119219434177511
3121,42.81177851979389,42.6592994729232,41.41797789816486,40.92278276542673,28.40833379015175,42.22776719115263,43.8103295587957,0.09985510390018082
3122,42.814927768282445,42.669026128843775,41.25705998888912,40.66381470736175,31.24497360896146,42.07885839677067,43.813478807284255,0.09985510390018079
3123,42.786750970434895,42.639323760224194,41.21776278510529,40.67063802742769,28.19069490586373,42.02114423273898,43.785302009436705,0.09985510390018092
3124,42.81106346238298,42.62819333709904,41.400090289750544,40.95018070705863,34.66515494572875,42.09495044102488,43.80961450138479,0.09985510390018076
3125,42.81485080350605,42.66450517704551,40.83270152549344,40.693219209472936,-9.033169678628404,42.02087520271982,43.81340184250786,0.09985510390018085
3126,42.800193110517874,42.5953353450821,40.94618229642255,40.44627014413893,27.03524415944815,41.9604363473276,43.80137859473578,0.10011854842179088
3127,42.81552466380191,42.6871105631597,41.11554362974233,40.70939764308052,29.313031921495806,42.19796342169743,43.816710148019816,0.10011854842179087
3128,42.80520118443621,42.69907193534664,40.79364439072913,40.43065036180204,-7.537079866316304,42.20102036213147,43.806702896420134,0.10015017119839253
3129,42.8112019982168,42.71323080093515,41.681342444380405,41.38422950839841,28.895871741381367,42.42686007602835,43.81270371020073,0.10015017119839252
3130,42.80445980588785,42.69229123003737,41.11663932906192,40.99082387258,25.71046627640971,42.257485618958796,43.80596151787178,0.10015017119839258
3131,42.7959946201015,42.623342807109175,41.08842971530826,40.785163305506735,21.576080511599503,42.05485210284117,43.803699399273945,0.10077047791724454
3132,42.774448859620726,42.613152774241065,41.30972382508495,41.099009004108396,30.506555654336175,42.16373833299645,43.78215363879317,0.10077047791724437
3133,42.80514589617534,42.67770594657961,41.01676224926636,40.07194814445075,20.446404256520317,42.39242907413711,43.81285067534778,0.10077047791724437
3134,42.81003851197487,42.66450638548905,41.37630776566017,41.09546038337407,32.497718026533704,42.119207653619654,43.79499749964515,0.0984958987670281
3135,42.83160940015846,42.665559113998896,41.299012153600614,40.9045703706475,28.50798701752057,42.2149849788258,43.816568387828745,0.09849589876702804
3136,42.84979797304385,42.605114594634756,40.861973938896206,40.4451378844961,25.95748607706212,41.995810828085524,43.83475696071413,0.09849589876702805
3137,42.83111865169412,42.74527771248334,41.13215294755464,40.709031070191045,20.73353039431145,42.21911866276713,43.8160776393644,0.09849589876702802
3138,42.81641159052434,42.6671759912653,41.32490920104888,41.1230645633298,29.302829397467544,42.27594103494674,43.80989730092331,0.09934857103989728
3139,42.81047751687227,42.69462400066757,40.86189973684873,40.037196429302895,26.70957763800201,42.15110802268623,43.80396322727124,0.09934857103989714
3140,42.829017474995155,42.68387968792087,41.22078408317074,40.78374365510204,15.327178163941731,42.11482598817193,43.822503185394126,0.09934857103989722
3141,42.81351746068828,42.659306791739056,41.23970380015097,40.77544633606061,33.02874417985604,42.1070737015901,43.80700317108725,0.0993485710398972
3142,42.79749997112692,42.607502759341536,41.11989415426795,40.66590138227933,29.154833939736633,42.09185671054303,43.791057201800754,0.09935572306738347
3143,42.811380267289934,42.64497087360221,40.839501620504485,40.16383031201421,22.857466064142397,42.093764782416685,43.8120862444578,0.10007059771678715
3144,42.882232255757124,42.74714777219376,41.04360497080282,41.14128540908187,-7.633977685877198,42.27995248804909,43.88293823292499,0.10007059771678717
3145,42.873664587802054,42.75815551123528,41.240686300958984,40.51142199758031,34.293187899979614,42.0755202814557,43.87437056496993,0.10007059771678718
3146,42.85761228162187,42.65991780915458,41.40389840680018,40.89001860871936,26.583565689420194,42.037676701430485,43.85831825878974,0.1000705977167871
3147,42.870380711861955,42.74473976523676,41.17978489862887,40.63275220008747,16.625393354037556,42.21071967473149,43.87108668902982,0.10007059771678714
3148,42.85171817740192,42.776728522369865,41.394011788373646,40.98643998220399,33.39310714535884,42.26038567710478,43.85242415456979,0.10007059771678704
3149,42.854358800762625,42.74277408304689,41.40050387211815,41.68223676503085,-3.8350647165020035,42.42015076926102,43.855064777930494,0.10007059771678714
3150,42.86689774603563,42.71726156405321,41.043268718097956,40.67913206009439,18.907745260775762,42.125759693643786,43.8676037232035,0.10007059771678709
3151,42.867183555220784,42.78330315743338,41.64245203445565,41.30775002692254,33.059632687192114,42.55187392529693,43.86788953238865,0.10007059771678714
3152,42.8701382074408,42.6949805139886,41.041123279898365,40.75725688744254,25.925583466954595,42.27562944007581,43.87084418460868,0.1000705977167872
3153,42.86934329868992,42.726368615311145,41.37185733000306,40.91831031994164,29.395078049030346,42.149006415120425,43.87004927585779,0.10007059771678707
3154,42.86254147278022,42.71594330320198,41.542698236864815,41.15515414101119,32.407117511879896,42.16062468176973,43.86105968832415,0.09985182155439223
3155,42.87856007814778,42.76977376803393,41.36208417095277,40.91152876169444,27.460410909153396,42.29616974815015,43.877078293691696,0.0998518215543921
3156,42.8752087359256,42.77233631862255,41.29287674792105,40.87238494796837,28.536690517622592,42.002719131369325,43.87372695146952,0.09985182155439218
3157,42.851035204059926,42.747510255246375,41.102947945386745,40.94626938310558,19.97684718423704,42.16313251708529,43.84955341960385,0.09985182155439214
3158,42.87524608459348,42.71853542346793,41.13427073455366,40.59380702398375,24.370640332578297,42.17232931526097,43.8737643001374,0.0998518215543923
3159,42.87841688793134,42.73363762140894,41.64049010243652,41.08344363467828,29.10854054889408,42.25349298949263,43.87693510347526,0.09985182155439216
3160,42.89437679104945,42.69362392929441,41.5554040221796,41.10835555726261,34.0319764727761,42.34699880972369,43.89289500659338,0.09985182155439215
3161,42.86945631043853,42.70827721882787,41.23365031922669,40.89782332664065,28.500656217790162,42.212614513100284,43.867974525982454,0.09985182155439214
3162,42.884407454248525,42.693909883262116,41.232496812033304,40.879098022049206,18.08955858643307,42.20176539228855,43.88292566979245,0.0998518215543922
3163,42.86289289990779,42.738902730379976,41.50675519042034,40.83543660945045,34.13342435170754,42.09676352426699,43.861411115451716,0.09985182155439215
3164,42.85954033692317,42.69832904362086,40.667874934522594,40.4458454734999,-16.34379990717685,42.16906094206986,43.85805855246709,0.09985182155439219
3165,42.88475974147579,42.74751688508175,41.51881342464057,40.903994417632944,32.14394499723,42.288215711324156,43.883277957019715,0.09985182155439226
3166,42.865976144486524,42.76529487551394,41.281434650642964,40.5834788140018,30.331678863488335,42.146541929074274,43.86449436003045,0.09985182155439212
3167,42.884894474071714,42.78631042710396,41.243261386274476,41.22390534200386,26.97829118075995,42.36558808638871,43.88341268961564,0.0998518215543922
3168,42.88732752669097,42.74776435869748,41.18124579527104,40.84650080753892,24.719880746311844,42.213471974331114,43.88584574223489,0.0998518215543922
3169,42.872218576401615,42.77971866803678,41.07709394623238,40.67992021591614,25.755648497320976,42.259017616720556,43.86453372475702,0.09923151483554032
3170,42.86847583375616,42.72531789432074,41.4653102203098,41.5072412702248,18.60351039671056,42.30607292937271,43.86818031688654,0.09997044831303797
3171,42.868457168537795,42.77667739271659,41.55619184957512,41.50358373825656,22.836296554814616,42.39546751634031,43.868161651668174,0.09997044831303786
3172,42.84628072281606,42.77907657826619,41.0014091771818,40.581233614699144,17.03691942404054,42.2311958395263,43.84598520594644,0.09997044831303792
3173,42.884263803478724,42.711119808144915,41.33449436490479,41.27974269646119,19.861983102949324,42.26350022172042,43.88959169986101,0.1005327896382283
3174,42.85886554756923,42.71442104575334,40.839936331174464,39.8576964894038,25.878278293686996,42.176923202983296,43.864193443951514,0.1005327896382284
3175,42.85066746987653,42.73841977275655,41.35341841181427,40.85038953171932,32.42241556438141,42.24494489632869,43.85599536625881,0.1005327896382283
3176,42.871771183402224,42.77260328463647,41.33008203980355,40.66357071181264,28.023492214835656,42.249212016177054,43.87709907978451,0.10053278963822838
3177,42.85683567143708,42.78138350639309,41.57162453375645,41.436906448774614,27.27230156662447,42.32230052536946,43.861716884227214,0.1004881212790132
3178,42.87223275257143,42.72553418977384,41.44075587088319,40.7083792761921,31.938494727226285,42.190987966378074,43.87711396536156,0.10048812127901316
3179,42.866209615863376,42.75921866222913,41.277643273765165,40.7964472577903,25.956297872857245,42.18603646088553,43.87109082865351,0.10048812127901326
3180,42.865691197676256,42.7864083578056,41.3196352062536,40.60870718984664,31.129685589688155,42.288165158522375,43.87057241046639,0.10048812127901319
3181,42.86291107273679,42.69870123188246,41.512685908881394,41.235805551712495,26.74500363132497,42.25269639929567,43.867792285526924,0.10048812127901324
3182,42.87742289188283,42.65689329121463,40.830346528302606,40.06584392855667,19.332307604889454,42.13816110972011,43.88034652412166,0.1002923632238833
3183,42.86814405833928,42.75109551524154,41.24241212128008,40.23644174090833,26.311411224767628,42.250180084763215,43.871067690578116,0.10029236322388338
3184,42.883505605087784,42.70772189202586,40.79622509406097,40.28656855462367,2.801143921358154,42.003316868697446,43.88642923732662,0.10029236322388331
3185,42.84907287336917,42.65420194801605,40.99012362496359,40.24752841182975,19.630115321512086,42.14649518095517,43.851996505608,0.10029236322388344
3186,42.86179447830968,42.787820677598845,41.07960069878814,40.820146356690344,19.955093580655014,42.428775140144694,43.864718110548516,0.10029236322388337
3187,42.864854715730495,42.76557305021461,41.405951567568074,41.056972830769695,29.339954733218665,42.26736773941034,43.86777834796933,0.10029236322388337
3188,42.85257196866419,42.74796389986029,40.76520259362074,40.95178524846678,1.407291806025782,42.28811787530058,43.855495600903026,0.10029236322388342
3189,42.861869802043735,42.78418230756605,41.60392726052084,41.47071159605701,33.41877044847016,42.47334201585931,43.86479343428257,0.10029236322388335
3190,42.87134067482343,42.73047253090449,41.16437489438798,40.71603593275982,28.415540727245855,42.26533985044935,43.87426430706226,0.10029236322388327
3191,42.880407090791806,42.740743506517774,41.32789027981354,40.9254758577454,24.21536447404591,42.39366461913275,43.88333072303064,0.10029236322388328
3192,42.87169271437936,42.73167935391683,40.798175393999294,39.89786418155346,27.24891621718787,42.16092489877124,43.87461634661819,0.10029236322388331
3193,42.870978217811036,42.7649387700199,41.47593298261654,40.63172180856732,32.94012356720592,42.227469649102886,43.87390185004987,0.1002923632238834
3194,42.86743754237125,42.77682703785757,41.32842180539414,40.832285702024535,28.671629742590767,42.3610259473269,43.87036117461008,0.1002923632238834
3195,42.864615571300455,42.7745529141619,41.37548864288658,41.02760011886843,27.085729950172624,42.35216973806051,43.86753920353929,0.10029236322388331
3196,42.871281079072986,42.727712590577426,40.90740990081132,40.19911314677155,23.316174027019656,42.09539002599456,43.87420471131182,0.10029236322388332
3197,42.86169558771281,42.71965230683311,41.16228960748785,40.18323974718254,32.30083070834746,42.02644964103948,43.86461921995164,0.1002923632238833
3198,42.87940879666353,42.72797050750446,41.26695988069857,40.87925929843716,27.093490436249404,42.23882906728096,43.882332428902366,0.1002923632238833
3199,42.86439078214647,42.735786582576736,41.587084588641694,41.211917007042565,33.376100484167814,42.27015721141069,43.867314414385305,0.10029236322388327
3200,42.86997556489558,42.72109328916614,41.21145696830052,41.159881554510775,26.331157934958956,42.36110343825759,43.86335488557824,0.09933793206826537
3201,42.88277587161567,42.74895463262533,41.218356084831484,40.99375088209514,25.524809546497842,42.14056994427356,43.87615519229833,0.09933793206826531
3202,42.87351538370098,42.72225708938251,40.97821230262695,40.11342926854599,23.001314302530457,42.088958376124694,43.86689470438364,0.09933793206826541
3203,42.904437940352096,42.75683270091081,41.23725063463277,40.14765275861764,27.382096611987347,42.23419659310048,43.89781726103475,0.0993379320682654
3204,42.87016553017722,42.71772472969156,40.82305300941638,39.89556175133527,27.86107626973038,41.74604622757775,43.863544850859874,0.09933793206826536
3205,42.871104375259904,42.759936195759295,41.24299674945031,40.7309318058205,26.313961685465763,42.27927823462096,43.86448369594256,0.09933793206826531
3206,42.88612424139047,42.77869611192703,41.44371339896985,40.66756578399282,29.011273133597793,42.26388229338456,43.879503562073126,0.09933793206826534
3207,42.88643301327336,42.6464752153156,40.934092151684034,40.092307168854255,5.0620356604049945,42.061315175293124,43.87981233395602,0.0993379320682654
3208,42.87628345454961,42.73539786782507,41.21347683744789,40.80057872074364,22.884751078574638,42.09565324063553,43.869662775232264,0.0993379320682653
3209,42.90128626950463,42.80811684492739,41.44095939477499,41.18852629447762,27.925555321640115,42.423472924764894,43.89466559018729,0.09933793206826538
3210,42.89064644119983,42.72312718591694,41.059906833986396,40.819573207818706,24.392647696386646,42.18386445845964,43.88580404129252,0.09951576000926933
3211,42.90311345978554,42.78734208262675,41.04016964281936,41.12762311652213,-7.664931443441802,42.364602815358296,43.89771687104562,0.09946034112600804
3212,42.881786933465996,42.768185302644866,41.11028183133549,40.27415347905711,23.699655515593875,42.317621071511724,43.876390344726076,0.09946034112600804
3213,42.87497302365555,42.782683452202,41.567934077925464,41.2519271104554,34.483514795260625,42.32439372304039,43.882429590057505,0.10074565664019582
3214,42.87836444378111,42.651506839053695,41.12979069097423,40.562461029291114,27.12487339518956,42.13916575366203,43.885821010183065,0.10074565664019582
3215,42.88115508568974,42.67855151480365,41.229922698992304,40.59660528992919,24.19459889044733,42.078015372629196,43.8886116520917,0.10074565664019586
3216,42.85864731577808,42.68062812814482,41.386546955828955,41.11665176528389,26.4689900609898,42.07390705013088,43.87313723077101,0.10144899149929311
3217,42.861606727500266,42.720805700080575,41.46252349957225,41.127792964165636,29.7165661705297,42.27456214813395,43.876096642493195,0.101448991499293
3218,42.88069221698204,42.69718154382986,41.03703875513618,40.448080485794776,18.212364625647467,42.2370703242768,43.89518213197497,0.10144899149929301
3219,42.86162742103138,42.77608703773609,41.36030987563142,41.3400135383757,22.98122155623406,42.28514937692584,43.87611733602431,0.10144899149929304
3220,42.8699769445206,42.75646297018913,41.078973016856274,40.96786667277074,-12.57050651418195,42.22503415873279,43.875757223613974,0.100578027909337
3221,42.86133606322453,42.68968448758716,41.07598220347347,40.43104278496089,12.604109185145742,42.07850516269508,43.8671163423179,0.10057802790933697
3222,42.88427095505192,42.77996268283677,41.121392301198775,40.68832996112897,28.397041003801462,42.17666971925876,43.89166087885771,0.1007389923805791
3223,42.888420281416444,42.709487510823465,40.98193964082102,39.373251896443755,28.84484596780723,42.024718235866175,43.89454478719619,0.10061245057797435
3224,42.870342959818466,42.75991574079947,41.404115351796385,40.585646548755,33.3884314980943,42.34236992297508,43.87646746559821,0.10061245057797445
3225,42.86996323304376,42.74365757776519,41.292978414269015,40.8678571011816,28.97326885529517,42.11383690998335,43.87608773882351,0.10061245057797433
3226,42.866774311535856,42.77622908242807,40.78712260092436,40.54406460425531,5.2018073077945886,42.19568741159236,43.8728988173156,0.10061245057797441
3227,42.89407378137287,42.773618245614706,41.15786039667338,41.06013603683972,28.563685850567026,42.25059605076915,43.888663388749286,0.09945896073764218
3228,42.86927702765259,42.77299984425352,41.19841979161998,40.59524575479166,29.89981227158539,42.13601092425989,43.86386663502902,0.09945896073764225
3229,42.881523147942936,42.726043635035,41.28959897894335,41.00268968183941,29.48137015042316,42.430577418295016,43.87611275531936,0.09945896073764225
3230,42.888967961785454,42.69958866566363,41.584585515025296,41.127489142803526,32.324771093223454,42.19192884925441,43.88202484066225,0.0993056878876793
3231,42.881257559432036,42.72429751728086,40.85293516690653,40.820928939345144,-7.646751891270924,42.09684038428304,43.89512659450681,0.1013869035074776
3232,42.87190095070496,42.72658620699544,41.321664106078586,41.057736734427415,26.313267379503053,42.108576984578285,43.88576998577974,0.1013869035074776
3233,42.86874122787682,42.7814134255429,41.71055396524084,41.58884361281374,29.991345156023087,42.385961147056165,43.882610262951594,0.10138690350747752
3234,42.862965264058516,42.77587489857087,41.46409226508925,40.53433696337669,34.99768878925276,42.29879465215601,43.87683429913329,0.10138690350747752
3235,42.85608357459079,42.72034299240124,41.14418146031308,40.54180906126165,30.746753324484104,42.0517637525307,43.86995260966557,0.10138690350747764
3236,42.86116958045034,42.75970004870132,40.82379597557979,40.681100009549446,2.004083170433745,42.32337964936394,43.934184646482336,0.10730150660320015
3237,42.90471128459104,42.75283837560203,41.29057953713511,40.47948861063581,32.68882012140898,42.108892930615085,43.97772635062304,0.10730150660320015
3238,42.895322912904355,42.76516241731691,41.217465487658345,40.97878207113055,19.636506861676924,42.263395315908085,43.968337978936354,0.10730150660320008
3239,42.89277938232618,42.72455532778108,41.268578954368586,40.5165570157551,30.645929952510237,42.07115644959966,43.96579444835818,0.1073015066032001
3240,42.9082866493563,42.68655058294759,41.16006642055031,40.820328286937595,18.48996706335706,42.03217402000557,43.9813017153883,0.10730150660320013
3241,42.87686544504948,42.783318497726675,41.14358488242289,40.95490732416413,-11.49937643045191,42.373761168717365,43.94988051108148,0.10730150660320009
3242,42.880142784216915,42.703103821461795,40.958809311506165,40.09108045316564,25.999695803457907,42.162691763579296,43.953157850248914,0.1073015066032001
3243,42.89795222487028,42.77398653903007,41.36791672743546,40.97275227246758,18.58600980455725,42.28699737639991,43.970988989192776,0.10730367643224938
3244,42.892325676546484,42.76536665306626,41.23058729552293,40.74193451145401,20.509221452145972,42.18678329858635,43.96536244086898,0.10730367643224942
3245,42.88596738970601,42.68236726803084,40.85818622952663,40.15738911835351,22.22364460164257,41.9542703303656,43.959004154028506,0.10730367643224943
3246,42.895672903171246,42.793183360907435,41.31639292042315,40.42519861552752,32.562044635355285,42.34949104995263,43.94313489750292,0.10474619943316771
3247,42.908448621990615,42.77312785932263,41.583078114720024,40.80596720285075,32.815988989310085,42.40305615315019,43.95591061632229,0.10474619943316765
3248,42.93763165182152,42.76143147665497,41.448826711136235,41.17135565404895,30.78400033154641,42.2799149535403,43.9845807847692,0.10469491329476845
3249,42.90575819181203,42.76439358752365,40.886644302227026,40.49235361715616,-9.139775383355826,42.21592087445444,43.95270732475972,0.1046949132947685
3250,42.887307313164925,42.805099728104636,41.393308376896826,40.968588440394946,26.368941288900768,42.280354051581284,43.934256446112606,0.10469491329476846
3251,42.91803927947264,42.77627596286568,41.05606277141412,40.43082694239431,24.885424256585083,42.42212188018726,43.964988412420325,0.1046949132947685
3252,42.92108696208671,42.7924080371478,41.2696947449083,41.411620807799295,-4.071563361333347,42.413896993317294,43.9680360950344,0.1046949132947685
3253,42.91232940672771,42.79113019012061,41.44704802386484,40.61683247662189,32.29449843571527,42.246146494647455,43.959278539675395,0.10469491329476861
3254,42.92130804580077,42.79538117589444,41.29094082936323,40.71740909918856,30.734148658163917,42.27460235269892,43.96825717874845,0.10469491329476842
3255,42.89461111819588,42.8045876950219,41.20011385829506,40.48818177593874,19.06203739930817,42.33402212276519,43.94044479706569,0.10458336788698024
3256,42.91276560483081,42.803454264448,41.29795202336546,41.06377312763417,17.96743943901297,42.334729241865915,43.958599283700615,0.10458336788698021
3257,42.91578829804637,42.727520388075355,41.14528000607252,40.94075597762986,26.072310632904692,42.119908002414306,43.96162197691618,0.10458336788698022
3258,42.91641121537949,42.830267592751916,41.50959686478688,41.07274624643691,31.200179143637605,42.463194423300386,43.962244894249295,0.10458336788698025
3259,42.91001939453401,42.83424791301325,41.358681966780374,40.84740383913517,28.894135212165985,42.407995568663225,43.955853073403816,0.10458336788698028
3260,42.92305028734835,42.688892916144646,41.26203611024634,40.17448114864859,32.3216728343096,42.035956447615575,43.952808065766774,0.10297577784184243
3261,42.92246558736259,42.82975168871462,41.483372657844725,41.12168562675957,25.615822749193306,42.40239025946545,43.95222336578101,0.10297577784184235
3262,42.92322979897706,42.742442265079504,40.948644702100026,40.091799520356396,21.53496683323211,42.14334359352179,43.95298757739548,0.1029757778418424
3263,42.93577374755686,42.7748059214367,41.215090401481724,40.62990118240043,26.71502274826386,42.138177828224066,43.96553152597528,0.10297577784184242
3264,42.93207764319701,42.85038276613238,41.310846999616665,41.138578296874734,27.808020229560398,42.399511623784804,43.96183542161543,0.10297577784184231
3265,42.93243365652212,42.84492724357129,41.27317771944818,40.865992355368114,27.851913740480498,42.33027282793334,43.96219143494054,0.10297577784184236
3266,42.931942296392464,42.775663354312876,41.47230231402723,41.21261079214908,31.483603833466756,42.337715518781195,43.961700074810885,0.10297577784184243
3267,42.935532483687474,42.82489005011959,41.33505308729867,41.057477440670475,20.05032346729139,42.28358818432824,43.965290262105896,0.10297577784184235
3268,42.92634709665659,42.797068638707344,40.911910744649816,40.06215324549797,18.06041688271003,42.25479316962684,43.95610487507501,0.10297577784184245
3269,42.917254572434985,42.81825451199741,41.52069969827833,41.19051459413041,29.982471867295768,42.42982731770847,43.947012350853406,0.1029757778418423
3270,42.93260259943339,42.78871830042549,41.24603115394435,40.03814293539535,31.897455751705564,42.126692986273184,43.96236037785181,0.10297577784184234
3271,42.97286952404533,42.66730760516926,41.13971824609031,40.18350839156349,31.028720075330135,42.04095879716289,44.00262730246375,0.10297577784184225
3272,42.94201465008735,42.749961612637186,40.73975202614029,40.67163670178245,23.941642212956936,42.061388888303185,43.97177242850577,0.10297577784184232
3273,42.94765660261878,42.792786483835854,41.60892315942163,40.83470654598092,35.03260611471886,42.23474535066673,43.9774143810372,0.1029757778418424
3274,42.920134376668756,42.77905598798515,40.709728026321145,40.37794040250666,2.918354760036941,42.29192136321826,43.94989215508718,0.10297577784184239
3275,42.94367252133565,42.83992868487781,41.35359891497737,40.864201995517426,30.04685764773272,42.3209885085789,43.9991935113241,0.10555209899884488
3276,42.90610753983325,42.71319324455021,40.53786389565884,40.0042197641297,2.1136345057090296,41.890786966714714,43.9616285298217,0.10555209899884493
3277,42.909740974949464,42.7511596758237,41.196403181552085,40.63962121139411,23.17078809771753,42.07095186732701,43.965261964937916,0.10555209899884485
3278,42.9128705169563,42.76642901233745,40.887547486996965,40.938160584456945,-9.128909929910286,42.363489457665345,43.968391506944755,0.10555209899884495
3279,42.90299506807252,42.69904485731607,41.37322159273613,40.62270237813549,34.29271141596436,42.20049164601419,43.958316531829475,0.10553214637569532
3280,42.903604822768955,42.7711306239533,41.28421144506151,40.65161050648459,32.28771754157289,41.97231701745859,43.95892628652591,0.10553214637569525
3281,42.897244349201685,42.771642137441226,41.25260637493941,40.3345471341742,30.115878313402618,42.30019169456094,43.95256581295864,0.10553214637569511
3282,42.91308189023612,42.79135489753149,41.77718031082389,41.52533609206659,29.619470456841604,42.3095568859941,43.968403353993075,0.10553214637569536
3283,42.90696282039296,42.71272183085094,41.269926204674874,40.76263264147212,27.363860960390866,42.22052069494707,43.962284284149916,0.10553214637569529
3284,42.90068478460574,42.796841309570155,41.025818411365634,41.14475496323966,0.654588209795115,42.397876728107434,43.95600624836269,0.10553214637569519
3285,42.90400978503025,42.733103099736255,41.11798770066051,40.71027897770242,27.49583292084309,42.10098771779779,43.9593312487872,0.10553214637569526
3286,42.906435217954815,42.7686947013282,40.818179718975905,40.12402550362484,20.454528741608826,42.18968373194713,43.96175668171177,0.10553214637569519
3287,42.89411378225087,42.77826539237282,41.18419287919592,41.10490777982861,-7.72059543081302,42.31470251103964,43.94932559818821,0.10552118159373382
3288,42.88788521819786,42.7832432930636,41.38684816603554,40.68156383453209,30.091987915037418,42.318882141353434,43.9430970341352,0.10552118159373379
3289,42.900868289005516,42.759517153369444,41.167895511659154,40.845084651338034,-8.624264338381522,42.30497188215429,43.956080104942856,0.10552118159373391
3290,42.89577994423891,42.78648061633972,41.33273381927673,40.6970891153929,28.229572484183656,42.2626412246797,43.95237214444085,0.1056592200201941
3291,42.90516672864659,42.65892915287898,41.05531898875809,40.760548430115016,28.981437075313487,42.08876189905092,43.96175892884853,0.10565922002019405
3292,42.92196869586393,42.78331070973842,41.08767394245338,40.719532852110326,24.45966980690571,42.38577876352451,43.95279768449585,0.10308289886319147
3293,42.93740409863291,42.823204229019886,41.58234862696301,41.282100776197034,26.950941997920683,42.371733484553246,43.96823308726483,0.10308289886319154
3294,42.947343710483636,42.80901474216757,41.57126128768537,41.29994496574074,30.031159824700115,42.468819649148536,43.978172699115554,0.10308289886319152
3295,42.9219374160764,42.78121997820148,41.18027635876261,40.94527649740608,28.113594850439792,42.18713648613226,43.95276640470832,0.10308289886319147
3296,42.94655759069687,42.75285906679951,40.84702301119762,40.49068765797611,18.941952519253476,42.27801972646715,43.97738657932879,0.10308289886319158
3297,42.92478105782787,42.77812171501841,41.529708386560934,40.805515908267594,34.02235048473004,42.244952871724564,43.95561004645979,0.10308289886319155
3298,42.940557744306574,42.746742014723466,41.1531505197505,40.857766331884285,24.673632773593475,42.28749728329913,43.97138673293849,0.10308289886319152
3299,42.931540066250065,42.84400865648882,41.60952128495984,40.8234743792969,27.308851325323626,42.177016691195234,43.96236905488198,0.10308289886319152
3300,42.9371607870617,42.78213530933456,40.701644607241846,39.6147816587123,2.908162679098993,42.04286620749071,43.96798977569362,0.10308289886319146
3301,42.937565620376866,42.839052505923966,41.213531139089746,40.905988856100606,27.82413431660979,42.3183098483667,43.96839460900878,0.10308289886319158
3302,42.94748514018557,42.8217253178384,41.43472493120537,41.01610885439824,23.56777923313338,42.471275069121205,43.9806415212284,0.10331563810428303
3303,42.93252786003808,42.78160391590759,41.431632507756426,41.04720644846199,27.71419182688732,42.378180306638285,43.96568424108091,0.1033156381042831
3304,42.92839047417205,42.822650276785055,41.185263963528854,40.40784830160749,25.84687107826936,42.29994836290092,43.961737401286676,0.10333469271146274
3305,42.92593210774019,42.828978062007785,41.50918622492566,41.0890414883151,19.81159743767756,42.322052368480236,43.959279034854816,0.10333469271146274
3306,42.92568547524973,42.840784168144246,41.48793236004611,41.39168045686605,17.841875320560305,42.393762519523136,43.95903240236436,0.10333469271146267
3307,42.921831244564316,42.81020212794427,40.727426106478966,40.652950336081545,-11.546523689136663,42.246795826914926,43.955178171678945,0.10333469271146273
3308,42.920431346956825,42.804785270010605,41.23663680839272,40.447398960221875,28.049067241339607,42.19067976785005,43.99954213169878,0.10791107847419576
3309,42.91989771306561,42.79303390465793,41.32744462702923,40.887148870562896,25.8960862647333,41.94908539875049,43.999008497807566,0.10791107847419569
3310,42.96099025132048,42.85744851898818,41.10576107646901,40.872720124508966,2.9892057894030586,42.3130880964069,44.04010103606244,0.10791107847419572
3311,42.9198745703495,42.73814949090997,41.06069585168269,40.450153099103154,26.368753073681347,42.15613956747632,43.99982078154017,0.1079946211190672
3312,42.93712777243807,42.79529167124246,41.130484606467384,40.888506853803506,26.13543428420836,42.23327434087172,44.023241735106254,0.10861139626681879
3313,42.93428329070737,42.82471330651923,41.5376312100217,41.18861403188453,32.001054726917644,42.17778840635822,44.020397253375556,0.10861139626681887
3314,42.93750063939103,42.808099334487935,40.920701470642456,40.87204032438096,-10.915430599420972,42.41195456261511,44.02361460205922,0.10861139626681883
3315,42.974776944202304,42.69671495171612,41.19887755682725,40.79817374100413,26.97099929486732,42.11638198124639,44.06089090687049,0.10861139626681883
3316,42.93151994786121,42.79511125168453,41.07113814452145,40.737298912934854,18.265334299963392,42.12828734446286,44.0176339105294,0.10861139626681887
3317,42.941099252986184,42.85086523436986,41.30368106066386,40.77629168869604,30.003459891085065,42.345129312880694,44.02677669982213,0.10856774468359479
3318,42.940487442293964,42.8203847772998,41.33432806019775,40.95341811715856,26.78703885308319,42.383533963696806,44.026164889129916,0.10856774468359491
3319,42.949882313017085,42.78126125956056,41.162657391671566,40.57415966785147,27.18979981506244,42.34505421624526,44.03555975985304,0.10856774468359483
3320,42.9253206375521,42.8115435230705,41.28773279093027,40.95938235139219,18.6555700107875,42.273714615623945,44.01099808438804,0.10856774468359479
3321,42.95322280234065,42.81477564181383,41.6939921715426,41.11601551199413,33.01727368506125,42.29665762121351,44.03890024917659,0.1085677446835948
3322,42.94801486401168,42.77781225053956,41.05825733011432,41.19122478949392,12.479502836457552,42.35112089872335,44.026658962256654,0.10786440982449755
3323,42.93961656194672,42.71118468496397,41.10313494057755,40.388190703587284,17.708363734730746,42.1857594411788,43.98547988086847,0.10458633189217481
3324,42.984286331881044,42.899543361687286,41.78375280399174,41.5596300336408,32.2995182637556,42.588194616156855,44.0292308634507,0.10449445315696561
3325,42.95223110926132,42.631697580454826,40.81000378421965,40.08739438200752,18.395159177545615,42.193157304148,44.032585292154835,0.10803541828935158
3326,42.93922164873579,42.856982342625166,41.451307211412086,41.12969129954439,12.531365633041933,42.432938195301574,44.019575831629304,0.10803541828935159
3327,42.94308665796801,42.73014412155075,40.84800282206002,40.46427427761012,26.536110311490514,42.16721071060838,44.023440840861525,0.10803541828935163
3328,42.93967010497451,42.7401704696465,41.243311669170495,40.309655671578305,33.06115301020989,42.185299475587186,44.020024287868026,0.10803541828935165
3329,42.93955058600953,42.75855879956423,41.092638151034876,41.38096164273777,-3.9113496902498923,42.31258762372042,44.01990476890305,0.10803541828935155
3330,42.95495109797044,42.84478851359351,41.39852269589731,40.984348487729285,24.306623973366754,42.456812050201094,44.03530528086395,0.10803541828935163
3331,42.92371996140956,42.84662405929953,41.72327857307237,40.87368340933787,36.55834527958294,42.293915547740866,44.00439037206909,0.10806704106595327
3332,42.93925641853339,42.85101518609505,41.21909303101099,40.38826978952018,32.65374514636439,42.13374893254125,44.01992682919292,0.10806704106595322
3333,42.9453128962286,42.8201431266381,41.148193883053175,40.252060312781005,29.992411422957325,42.32251160110938,44.02598330688813,0.10806704106595325
3334,42.96083389976752,42.826134867572314,41.39312503875534,41.19800407171442,8.693762886500856,42.503369600925545,44.04150431042705,0.10806704106595325
3335,42.9425283242371,42.838009642852874,41.141430813055145,40.58366867874706,8.232556471408067,42.519218066867246,44.02319873489664,0.10806704106595327
3336,42.926910985010934,42.691752160511335,40.76294614770581,40.03355524985193,27.826356963829067,41.996326303030415,44.00758139567047,0.10806704106595326
3337,42.979778402547396,42.827916904590204,41.492260651057855,40.93565208241461,26.896037406397877,42.488826752698984,44.06044881320693,0.10806704106595326
3338,42.952302023279216,42.70545484038871,41.07745982655709,40.53155756222398,22.507478067386717,42.13495074539243,44.032972433938745,0.10806704106595325
3339,42.97330626838332,42.7225164865843,41.12899485797835,40.773765856999205,30.68701069653556,42.221546510006334,44.05397667904285,0.10806704106595323
3340,42.94914455728579,42.78719463147963,41.63680942058866,41.29814764024809,28.344841721639256,42.352094610766045,44.02981496794533,0.1080670410659533
3341,42.94503891332906,42.8467323708865,41.54374146393485,41.14146738738419,29.475327887612575,42.45299855732013,44.025709323988586,0.1080670410659532
3342,42.92405431800012,42.84299354530492,41.40771124207163,40.985044503191006,29.114958990650486,42.463741868010004,44.00472472865965,0.10806704106595327
3343,42.933322285033185,42.83404441670472,41.39440362127543,41.06436523877259,25.19535117545418,42.4252074014601,44.013992695692714,0.10806704106595322
3344,42.947872097808045,42.829273704672445,41.28643133763203,41.41315702311987,28.12422252606237,42.37629462285078,44.02919633641368,0.10813242386056401
3345,42.95478210705924,42.817576720254976,41.125196729007946,40.707030971497254,19.92403584050606,42.10478874761887,44.03610634566488,0.10813242386056394
3346,42.929664446859064,42.78668914579253,40.730138742057235,39.96992300955941,-3.9095590987900763,42.10337935443402,44.0109886854647,0.10813242386056404
3347,42.94491039654747,42.70431632505461,41.11544825146999,40.122774998523965,27.23595007197657,41.77177193621256,44.02623463515311,0.10813242386056401
3348,42.94799339986552,42.84828265514707,41.59257880042094,41.460430128664186,32.53140928956947,42.4731674521354,44.029317638471156,0.10813242386056399
3349,42.946104584648765,42.788516407811564,41.393428294660495,40.67885849754735,32.32489647134676,42.200704146060374,44.026440760526704,0.10803361758779399
3350,42.92087381584485,42.73450581250709,41.44478611222391,41.029551642208666,30.03580139594861,42.088185119350385,44.00120999172279,0.10803361758779394
3351,42.936599050893676,42.73510336983951,41.31545218942818,40.95926071532698,30.970206046921135,42.091469527238615,44.016935226771615,0.10803361758779395
3352,42.94608849676413,42.78749447971156,41.01749488608973,40.446419073102895,23.737515926152525,42.084231512732856,44.02642467264207,0.10803361758779398
3353,42.93772443503694,42.84975523751417,41.30252991932724,40.41586761159442,32.76650382569911,42.19044712327036,44.01668656893987,0.1078962133902927
3354,42.95070571221113,42.715868569851985,41.4585548689729,40.75072754941009,28.56296263547852,42.120416932312025,44.02966784611406,0.10789621339029268
3355,42.95592209033907,42.816382326463234,40.69601412167138,40.874264850159825,-11.102382771305813,42.07644628528768,44.03819553545682,0.10822734451177532
3356,42.940730634042254,42.869251136681385,41.45722676414112,40.92344161941344,26.423573552088264,42.63959281783674,44.02300407916001,0.10822734451177536
3357,42.95281108427286,42.77820901643934,41.14934427317114,40.13655257810461,30.93066735094114,42.12703125005187,44.03508452939061,0.10822734451177524
3358,42.94126899347847,42.80508098035185,41.58570300863764,40.91209445117539,32.88620525224193,42.3276155045301,44.03225207449578,0.10909830810173136
3359,42.92914212881232,42.788096966455896,41.75122766316394,41.32063233975862,31.93201560358766,42.35924636469622,44.02012520982964,0.10909830810173135
3360,42.962747240895325,42.736179807856196,41.242081398073736,40.603277298150935,31.234626069225534,42.23469199317063,44.05373032191264,0.10909830810173135
3361,42.94138386603288,42.74562020086377,41.18150789621501,40.74545430039718,22.519757959189175,42.190903075627574,44.03236694705019,0.10909830810173142
3362,42.944235127956965,42.76965539793896,40.942763685405836,41.053341876554846,9.736820506441909,42.455989863730174,44.03521820897428,0.10909830810173143
3363,42.938526128494914,42.83703885940841,41.48476307025982,40.96093580139557,31.599600872156195,42.408115607957825,44.02950920951223,0.1090983081017314
3364,42.957092919445444,42.83381329285808,40.94218992083051,40.14389902421345,28.418232905529656,42.30982504043445,44.04807600046276,0.10909830810173132
3365,42.920024786137255,42.785700949258484,41.280626061938825,40.575854205074144,30.75989696474896,42.04572418655627,44.01100786715457,0.10909830810173135
3366,42.94184610204158,42.79287754867127,41.03807367596732,40.28870547446604,26.368106518777743,42.085553782310456,44.032829183058894,0.10909830810173135
3367,42.932634288268254,42.81825921671528,41.36096557428685,40.890852643511074,28.61870364282831,42.12741171322584,44.02361736928557,0.10909830810173139
3368,42.96100056959008,42.79530185403622,41.538178359530434,40.846512864517926,33.236247710190824,42.228420891389774,44.02345983678974,0.10624592671996672
3369,42.967005929246554,42.832130205622136,41.4527953369663,41.1703991967161,22.77670670154197,42.38107860533735,44.02946519644622,0.10624592671996674
3370,42.99190344151406,42.75810798031426,41.19918647275231,40.21833620608199,27.477852611748528,42.09456424419252,44.011715909749505,0.10198124682354448
3371,43.0100292572604,42.78424132803754,40.96836212072259,40.86762499275346,25.05039909919975,41.97929410467525,44.02984172549584,0.10198124682354447
3372,43.006958255389016,42.88985621412395,41.63422982407137,41.185028235236565,32.32864347929781,42.40990154705437,44.02677072362446,0.10198124682354445
3373,42.989183035957936,42.80227307648306,41.47047286402522,41.09735617346493,28.635391628853668,42.3352996838848,44.00899550419338,0.10198124682354447
3374,42.998529505179185,42.889539416765246,41.39023510870183,40.87739497156409,19.781010991002397,42.32475408010563,44.01834197341463,0.10198124682354452
3375,43.01067673455709,42.80904290697767,41.20942987021625,40.978785034018166,16.574068222191897,42.16023928874389,44.03048920279253,0.10198124682354456
3376,43.0197935438589,42.77383549670217,40.905174940066466,39.68715795244566,28.75858518499109,41.75194204668489,44.03722204162343,0.10174284977645243
3377,42.99826914881956,42.897845189418064,41.51433420755562,40.93188249591849,30.067758346909013,42.35244528785204,44.01569764658409,0.10174284977645243
3378,43.016349947839174,42.85450714006918,41.13668026014322,39.970358833424164,31.857326863428206,42.12209995562563,44.0337784456037,0.10174284977645245
3379,42.99508593190665,42.899308418537444,41.19372476425866,40.93020939770879,18.363175985604684,42.31352895869465,44.01251442967118,0.10174284977645241
3380,43.01470572331723,42.868768649257376,40.78203853035887,39.85941019283721,19.798987431146614,41.924805103303896,44.03068878131101,0.10159830579937779
3381,43.00583335490124,42.92698043440732,41.71934311569637,40.88805400333279,32.79888630415826,42.4737877370509,44.02181641289502,0.10159830579937784
3382,42.99628684109228,42.90646150430184,41.61256008442401,41.114431674026136,27.24156794653161,42.48817170951348,44.01226989908606,0.10159830579937781
3383,43.020383239994,42.90239967297284,41.43940671989183,41.06020512635127,31.023709507601257,42.484901892252196,44.036366297987776,0.10159830579937783
3384,43.00206714208735,42.83239967207441,40.66441454007023,40.277829611807135,19.19267209811714,42.13395641660609,44.01805020008113,0.10159830579937784
3385,43.02082414195885,42.89226812626031,41.68076093433915,40.92394862822234,33.120486775152756,42.309086228624565,44.03680719995263,0.10159830579937786
3386,43.008592392389474,42.921388789212216,40.84723175657982,39.9675611439676,10.259510621876814,41.92526110770399,44.02457545038325,0.10159830579937781
3387,43.00587100308331,42.91120934245059,41.57105434037929,41.02460221191428,32.890867726424965,42.4396746197821,44.021854061077086,0.10159830579937788
3388,42.99922472984532,42.88321754054008,41.475731722922724,41.03089136330041,26.06592767487194,42.30723579585322,44.015207787839095,0.10159830579937783
3389,43.00199014216309,42.788791331957285,41.307490972874724,40.93367946180267,28.606651805584136,42.358918685330394,44.01797320015687,0.10159830579937787
3390,43.01201395659419,42.92105999986035,41.092937268362334,40.381474732479404,18.16784137512764,42.183322276177215,44.02799701458797,0.1015983057993779
3391,43.0148498134309,42.82949323122342,40.79447894341027,40.215257912392545,20.00550826002943,42.20534935588091,44.03083287142468,0.1015983057993779
3392,42.99920265193552,42.86280695712023,40.94909682540703,40.36956150337977,13.088777460730519,42.331837610264174,44.0151857099293,0.10159830579937783
3393,43.02383841722032,42.897243491559166,41.29245023730744,40.47311263255314,29.430773167696266,42.29977420177535,44.0398214752141,0.10159830579937783
3394,43.00510953267135,42.923191231169405,41.70648890523045,41.16206837622628,33.62537031536611,42.636272877144094,44.02109259066513,0.10159830579937784
3395,42.98341602582881,42.859780290967755,41.532299170772404,41.12869978378724,28.893175066700344,42.42927837384403,43.99939908382259,0.10159830579937777
3396,42.998915203063355,42.92419955161319,41.512139217374425,40.825315139929934,29.48951177236157,42.460841799691856,44.014898261057134,0.1015983057993778
3397,43.00568351247254,42.78450751713367,41.133171568056845,40.312331227608425,28.07303274258092,42.165955038903824,44.021666570466316,0.10159830579937784
3398,43.01763581553256,42.90516449571629,41.096608583117494,40.42393950501789,27.281178095492034,42.28249840922861,44.033618873526336,0.10159830579937783
3399,42.99647178426307,42.823400368229315,41.56759378704001,41.39488144185284,25.596146078405692,42.431404276255,44.01245484225685,0.10159830579937786
3400,43.00255446714807,42.856895972676824,41.40048067827145,41.36375280537672,20.045298289109322,42.432160015200694,44.01853752514185,0.1015983057993778
3401,43.0110365405912,42.906109219209135,41.43131685358759,41.333592425170735,23.76684450322594,42.40641010226736,44.02701959858498,0.1015983057993778
3402,43.000220553914296,42.70008421388755,41.30653774425327,40.77201203822259,23.371934547295268,42.22017535889486,44.016203611908075,0.10159830579937784
3403,43.01455699260254,42.91740088646563,41.506723830951614,41.23155195013574,31.816429846535456,42.51649750046235,44.03054005059632,0.10159830579937783
3404,43.00622157189489,42.89317023003578,41.308176383254306,41.04732892260363,30.114464621381074,42.27035404008552,44.02220462988867,0.10159830579937783
3405,43.030073301043615,42.870583811262776,40.993212059182774,41.249725453027494,-11.126034818302927,42.544855102821856,44.046056359037394,0.10159830579937779
3406,42.99616199810726,42.85347242922892,40.919235763550724,40.06981872079945,30.36057988120692,41.9037916507981,44.01214505610104,0.10159830579937786
3407,43.02737616383885,42.85336434043832,40.90840208629954,40.73619192790702,3.024746608038015,41.997732718419805,44.04335922183263,0.10159830579937783
3408,43.0054299849445,42.83095853934571,40.8148247822037,40.62511847760401,3.4361492234565176,41.95532181403617,44.02141304293828,0.10159830579937784
3409,43.01727330362013,42.87510748763821,41.290416076633534,40.55915982124102,30.02310322093838,42.37648592969117,44.03325636161391,0.10159830579937784
3410,43.01462206920393,42.861402301110715,41.216039827995594,40.21862415078884,33.019340996673264,42.01193696093863,44.03060512719771,0.10159830579937777
3411,43.01829010150779,42.85820418709052,41.28313355902701,40.63843374373882,28.858010191061688,42.246315944768014,44.034273159501566,0.10159830579937788
3412,43.030621346151456,42.83784214247122,41.19295578439549,40.566840069768084,26.094414638134715,42.15769720284121,44.046604404145235,0.10159830579937783
3413,43.011054901780234,42.89135133774454,41.31725414785889,40.44863463594912,32.70626234448841,42.38068809603182,44.02703795977401,0.10159830579937773
3414,43.006895677127375,42.83223638497041,41.35805879602109,40.811456151532795,29.277794187315134,42.27391182009396,44.02426484175136,0.10173691646239878
3415,43.01312267524678,42.843416640842264,41.15661853997083,40.41493185090552,11.031494484437403,42.229218088282444,44.03136225646939,0.10182395812226167
3416,43.00015089774581,42.77412153061042,41.26849841116497,40.97732086845356,17.91655113100894,42.32301369429661,44.01839047896843,0.10182395812226167
3417,43.00870591886153,42.918797141964376,41.447032989657345,40.97668606860416,30.05968525832761,42.39285823755493,44.026945500084146,0.10182395812226168
3418,43.021449028920316,42.85784822040629,41.475192521290076,41.37905218554961,22.9122854227841,42.295390412179785,44.03968861014293,0.10182395812226161
3419,42.99941473436776,42.84461513129194,41.41030849780892,40.61965998361341,32.701157378066604,42.36545565877603,44.01765431559038,0.10182395812226162
3420,43.00628519551933,42.89921330702505,41.137300594262975,40.776906502496374,18.069445283001016,42.32054945159625,44.02452477674195,0.10182395812226167
3421,43.021904340880674,42.834664930606735,40.8473840711896,40.737413079971354,-9.021175179571664,42.23372506022904,44.04014392210329,0.10182395812226167
3422,43.011875083664705,42.89498625965742,40.64127601991958,40.12321643662561,3.013023209146624,42.496018377995966,44.03011466488732,0.10182395812226167
3423,42.984169770253494,42.89673525618228,41.34263512277551,41.283261285782,10.969885394971215,42.48486262961755,44.00240935147611,0.10182395812226175
3424,42.99699601475375,42.9036487866703,41.48177988503658,41.04194190409087,31.823483842548065,42.28694302558269,44.015235595976364,0.1018239581222617
3425,43.009105518968454,42.884988262626976,41.19815222961586,40.47369061420919,32.66332174362475,42.030665489943516,44.02734510019107,0.10182395812226173
3426,42.99367446625834,42.891872302186,41.5867578186798,41.14181447092496,30.58287929813733,42.36345666245636,44.01191404748096,0.10182395812226161
3427,42.99970484269129,42.87307110466111,41.322453494796484,40.94851474443204,33.61825435445758,42.26788489372097,44.0179444239139,0.10182395812226169
3428,43.01249597091153,42.887598439611985,41.66040994572478,41.100454831505346,32.79522303960182,42.35592517151784,44.030735552134146,0.10182395812226168
3429,43.01875912908225,42.876567573169915,41.4986940194094,41.437733411687695,27.12889810621793,42.50747274786798,44.036998710304864,0.10182395812226169
3430,43.00593583763815,42.869626011427584,41.47841471771121,41.465250027630205,18.02641468161092,42.45716175872721,44.024175418860764,0.10182395812226169
3431,42.9971534139787,42.82318125835043,41.24919129986108,40.59137910032482,19.870307961621723,42.339358738576806,44.01539299520132,0.10182395812226169
3432,42.99719176415729,42.87770959281052,41.43157603305779,41.404382801922864,7.571823221073018,42.54673581710059,44.01543134537991,0.1018239581222617
3433,42.99076410072946,42.912254802476696,41.219644068509254,40.76039014674986,29.021622385111353,42.47839580229582,44.00900368195207,0.10182395812226165
3434,43.000128687854456,42.88648958696114,41.33758476401364,41.030557793098176,26.803969640212724,42.122306461724584,44.01836826907707,0.10182395812226169
3435,43.00014392589728,42.864890874531504,41.25146723728693,40.40869063485134,24.543881582029822,42.281678760164226,44.01838350711989,0.10182395812226176
3436,43.02372101905696,42.89246839227218,42.08213377727866,41.79725885121765,35.568965619304095,42.55743896888376,44.04038394757757,0.10166629285206104
3437,43.020176181492495,42.86911665312581,41.44783993813269,40.97156154937116,24.34106814807935,42.61750085868327,44.036839110013105,0.1016662928520611
3438,42.982364350596086,42.90034810686703,41.40377377832281,40.779398715057745,32.98690076278169,42.390097147198254,43.99957943961764,0.10172150890215545
3439,42.994331314199606,42.72512732775304,41.31980109098469,40.167896901032464,29.044368902769186,42.01286706958554,44.01154640322116,0.10172150890215548
3440,43.00411864068783,42.830534982778275,40.821417119106194,40.181404654390725,26.036326590668473,42.10425014812238,44.02133372970938,0.10172150890215546
3441,43.022642579663014,42.8375390525138,41.13989380900351,40.44054475906061,11.016124439071355,42.27329992115111,44.03985766868457,0.10172150890215542
3442,43.028442597948896,42.85285076503454,41.15766328243668,40.99730539378891,19.493762842712954,42.25478011755791,44.04565768697045,0.10172150890215549
3443,43.01393129577316,42.90706906996384,41.83057898731125,41.569320205819785,30.224437644192456,42.52001248125296,44.03114638479472,0.1017215089021555
3444,43.001049372214894,42.870664431071035,41.083963867527956,40.35007499183701,25.83220608018732,42.16210037530887,44.01826446123645,0.10172150890215544
3445,43.01029910437266,42.895540674506464,41.568453270814786,41.02365314620817,29.533831627564602,42.34229061331476,44.02751419339422,0.1017215089021554
3446,42.99099923460935,42.84038019854146,41.66151797388131,40.97793331804597,33.08555646613428,42.21588338464416,44.0082143236309,0.1017215089021555
3447,42.996408314589715,42.81257014288198,41.135820261307444,40.11642552428405,27.943263858552875,42.18840237543328,44.01224301934666,0.10158347047569513
3448,43.01233923976682,42.7452730127334,41.36046620552472,40.87045075253258,25.394221146515264,42.421161249854805,44.02817394452377,0.10158347047569513
3449,42.996409607292435,42.898357458924494,41.20055831261605,40.60455603047383,24.69077618725332,42.38067204645456,44.01224431204939,0.10158347047569521
3450,43.001896730458405,42.910665976015146,41.35156772923637,40.51938301632806,31.496391616016815,42.29343530749435,44.01773143521536,0.10158347047569519
3451,43.00533475059316,42.74680682863972,40.9284564889193,40.09174724710677,26.87227623996066,41.648241993767535,44.021169455350105,0.1015834704756951
3452,43.03056722403759,42.85865942497074,41.35453833641171,40.60238648788784,29.53782092181595,42.27022153992377,44.04640192879454,0.1015834704756951
3453,43.00292618743319,42.81513003664963,41.333649221606166,40.91712687392969,28.152462803757825,42.131443967961786,44.018760892190144,0.10158347047569516
3454,43.00816891134163,42.81337016634557,41.313456943010976,41.011552855628175,22.2639731964175,42.293104360939274,44.02400361609858,0.10158347047569517
3455,43.0027921896385,42.9012965807177,41.23340730338827,40.78649598040977,23.50536474548751,42.323878602648094,44.01862689439545,0.10158347047569516
3456,42.999529636238975,42.820654257397095,40.95932056829134,40.76539686639962,12.097723411797574,42.18094302421416,44.01536434099592,0.10158347047569513
3457,42.99000135222056,42.785562755688346,40.9165055957099,40.264455184198546,20.742025340834786,41.91660051907267,44.005836056977515,0.10158347047569519
3458,43.00159911721547,42.750528456984156,40.93405205880601,40.55721552096496,23.937871995041746,41.908760754469455,44.01743382197242,0.10158347047569508
3459,42.98366783487701,42.8146337495507,40.935523327330706,39.90678456299339,20.040825578076223,42.02148276986878,43.999502539633966,0.10158347047569519
3460,43.017703575678716,42.9073291076304,41.577157404456024,41.23310252937295,32.119012038753354,42.513849332211926,44.03353828043567,0.10158347047569517
3461,42.99872581401382,42.849835742892445,41.049429890464914,40.543792566462145,20.709431678316747,42.26424574664002,44.01456051877077,0.1015834704756952
3462,42.99966122834955,42.866446230414596,41.43552428207124,40.847500775078686,30.17188358853253,42.33233938751077,44.01549593310651,0.10158347047569519
3463,43.0210675781463,42.819333666258295,41.30176124791866,40.45882523849472,29.544074378425627,42.21029016636872,44.036902282903256,0.10158347047569515
3464,43.014488594745984,42.798918831552236,41.01657485847154,40.383432584921565,25.12098066630467,42.0501874502574,44.03032329950294,0.10158347047569513
3465,42.99875055384505,42.91283042824684,41.32622516281931,41.065185156322535,26.68915379696488,42.34131780415216,44.014585258602004,0.10158347047569521
3466,43.011551712152524,42.86081810114303,41.43608150952587,40.764288299970886,30.498045678441738,42.36347759006727,44.02738641690947,0.1015834704756951
3467,42.99946101599788,42.91851708417836,41.68888168160454,41.558232332866346,34.50085573621193,42.519357841300845,44.015295720754835,0.10158347047569515
3468,43.03028426178866,42.875249382852544,41.70209478682816,41.3445995366639,30.105441621190515,42.47892603175089,44.04611896654561,0.10158347047569516
3469,43.020496258442115,42.90831226296468,41.754874018777485,41.45818696922778,29.591989981527664,42.56248662405288,44.03652150927086,0.1016025250828748
3470,42.99259302848917,42.84925669583076,41.3271128080787,40.29998398280703,32.987325972275315,42.01171328429834,44.008618279317915,0.10160252508287484
3471,43.020754142296234,42.89055068387449,41.51209382011525,40.861489617348404,29.0249937857582,42.34949790825432,44.03677939312498,0.10160252508287479
3472,43.00511885864319,42.92418097934707,41.32855311500947,41.23826127102868,8.357636252623195,42.32099144702389,44.02114410947194,0.10160252508287476
3473,43.00512151794683,42.92456078554119,41.662348273078564,41.42854651769415,23.5842596917404,42.44980352466102,44.02114676877558,0.10160252508287473
3474,42.99931622259113,42.80842024932979,40.73905499516564,40.29527560189372,24.666616214929967,42.062592405857565,44.01534147341988,0.10160252508287482
3475,42.998756667914776,42.89621481665161,41.386038783129095,40.5299117065605,29.048421023056044,42.56071529151774,44.01478191874352,0.10160252508287473
3476,43.007418085193436,42.84462022727187,40.96195621952115,39.98661722664094,27.655590199522695,41.94612292082422,44.02763645789508,0.10202183727016394
3477,43.01041521505192,42.82932920213299,41.24013930469254,40.490771596583045,28.234809100475136,42.30565931985318,44.03063358775356,0.10202183727016392
3478,42.99714920954882,42.91773409718031,41.533951421119,40.7408457488531,31.778567051288455,42.490997712463695,44.017367582250465,0.10202183727016396
3479,42.99565947595343,42.82662387403635,41.28116553332693,40.46298342563446,27.409036845616164,42.25602847571985,44.00544952137533,0.10097900454219041
3480,43.015362239247395,42.83073380672552,40.87272080921436,40.15557194986746,20.745482667232398,41.942444339505286,44.025152284669296,0.1009790045421904
3481,43.014290263203826,42.93323976307578,41.58187136596838,41.223738553465324,29.546720522735143,42.35533420744204,44.02408030862573,0.10097900454219037
3482,43.01123387518281,42.868046502447136,41.545064295232706,40.64057678689796,34.15590626277642,42.38794707665692,44.02102392060471,0.10097900454219039
3483,43.01414210764584,42.89086555654889,41.43567715423063,41.37859936252391,22.250771466297962,42.4046975375778,43.994757724845854,0.09806156172000176
3484,42.988886017040464,42.766894630431835,40.865624378180065,40.01283612495748,27.89833980635977,42.0771130724154,43.96950163424048,0.09806156172000174
3485,42.99798220175549,42.87763572535481,41.47190465804356,40.645625136303444,29.54721339521321,42.25741528685246,43.97859781895551,0.0980615617200018
3486,42.979812690315605,42.822028894627294,40.40973933529031,40.17352249292209,-10.83688684360073,42.02929930402275,43.96042830751562,0.09806156172000177
3487,42.99244353821922,42.886341973831264,41.601015545896075,41.15323945061595,24.001273863783567,42.44784510295902,43.973059155419236,0.09806156172000174
3488,42.98256609273026,42.8896082847533,40.80215846958597,40.6092916512616,-11.008317401730366,42.18966769431425,43.963181709930275,0.09806156172000183
3489,42.99828349894149,42.869925510829376,41.57290796144688,41.056470910694124,29.88999015803441,42.51766714386191,43.978899116141505,0.09806156172000181
3490,42.98324346378772,42.82644602993932,41.00538112376641,40.84309993947364,23.720596820395013,42.24681804334412,43.96385908098774,0.09806156172000174
3491,42.9947161832785,42.82694795862462,41.49045157247757,41.178073274630194,28.159418039627063,42.25258474366683,43.976054853229655,0.0981338669951156
3492,43.0154655070705,42.85135602651085,41.61085919626518,40.99035797176564,33.22420629996928,42.22425730176508,44.00414079854733,0.0988675291476834
3493,42.97812378167046,42.85616881298253,41.817047642809584,41.141766365682535,35.73713909224587,42.467266092481125,43.96679907314729,0.09886752914768336
3494,42.9839984423018,42.85418260516872,40.874971884782234,40.07964606163017,19.847883717400585,42.18600785181759,43.972673733778635,0.09886752914768344
3495,42.996664835121955,42.85980088788541,41.39926819782149,41.293197957516085,29.882181062065996,42.401057418130435,43.985340126598786,0.0988675291476834
3496,42.97172772831138,42.90100470771632,41.81623083831435,41.12735304747093,30.745353936349524,42.470267607394504,43.96040301978821,0.09886752914768343
3497,42.977948122781,42.84744345274154,41.353222215690614,40.80178956648964,28.062011812676534,42.35918980162028,43.96662341425783,0.09886752914768333
3498,42.98727901626096,42.87464956319342,41.62691341351294,41.297300810893404,31.906556712812144,42.32141584825799,43.9759543077378,0.09886752914768349
3499,42.99092477935045,42.87523745829676,41.31870220207509,40.45312816182209,30.188825324243624,42.20933200573711,43.97960007082729,0.09886752914768349
3500,42.981386950220475,42.83683655894081,41.344027203251905,40.39491605085229,29.91901386992735,42.35353229552758,43.970062241697306,0.09886752914768339
3501,42.988875814535845,42.90506346810121,41.58274746591831,41.347877791819435,32.655246885453295,42.44641044183601,43.978755323622444,0.09898795090865999
3502,42.976594680624345,42.775535726056475,41.089911533145504,40.33566948289356,23.15596849810422,42.26696602389286,43.966474189710944,0.09898795090865999
3503,42.980095653571766,42.83879812873259,41.25019220429795,40.94659027896968,24.411376581925836,42.46433410136953,43.969975162658365,0.09898795090866003
3504,43.013956468559,42.79945900751025,40.9359524655531,40.05171869876941,22.08703303562342,42.14867718564907,44.0038359776456,0.09898795090866001
3505,43.00486313194092,42.83006920897442,41.22397697106782,40.95086808220897,28.050005272917822,42.2722569557599,43.99474264102752,0.09898795090866008
3506,42.993140702152836,42.88364703622311,40.97051236669905,40.25410999122144,24.04631654747636,42.122829423047214,43.983020211239435,0.09898795090866006
3507,42.97657568760014,42.78035563248902,41.07822430274326,40.744728105871545,19.501132489798366,42.241860041350876,43.96645519668674,0.09898795090866003
3508,42.967471684823735,42.785015020299916,41.0711100396678,40.674039751493304,26.425929036518745,42.0657513405924,43.96651994788503,0.0999048263061295
3509,42.97684558801168,42.74917187574518,41.1114059053716,40.2970405128567,22.652303625110356,42.00627113377669,43.975893851072975,0.09990482630612955
3510,42.970011268546536,42.8188403267651,41.52408122223792,41.42893075770218,27.133489696199764,42.43826334855564,43.969506215199985,0.09994949466534474
3511,42.98269486896974,42.87660579627382,41.380661230353795,41.051432870813585,23.848861788542884,42.26253773999487,43.98218981562319,0.0999494946653446
3512,42.97631959041161,42.845107427045924,41.29172569741713,40.92157606176284,26.640326228406842,42.33765974335115,43.97581453706506,0.09994949466534464
3513,42.97057623793883,42.748623004338924,41.124228130557995,40.385416571720725,24.292454869375526,41.99398626876102,43.97007118459228,0.09994949466534467
3514,42.982573401570654,42.86185109620299,40.95116678734159,40.331541723683195,22.28089562182541,41.98871739424642,43.982068348224104,0.09994949466534463
3515,42.9547258290448,42.71054297528519,41.042392795281025,40.159958095012975,30.22905972357815,42.07160583755717,43.954220775698246,0.0999494946653447
3516,42.97693304005753,42.81065665568466,41.3707819415434,41.3613166288697,22.645686747410217,42.446242383644886,43.97642798671098,0.0999494946653446
3517,43.001294796015294,42.82986366962705,41.41901058547811,41.12819451825596,31.629551336792126,42.16851084451404,44.00078974266874,0.09994949466534464
3518,42.981079833271785,42.81667841690944,41.330054024696125,40.70147638092238,24.99599439426631,42.20929896461886,43.98238084755718,0.10013010142853965
3519,42.97762847688779,42.863568815758754,41.288208994196154,40.65780159375832,29.668018219630465,42.145698712017165,43.97892949117318,0.10013010142853968
3520,42.97807354163983,42.884422963500846,41.11811612817686,40.058565752296715,27.175750230701208,42.44504464542683,43.979374555925226,0.10013010142853965
3521,42.966141940364224,42.795693462600546,40.97063653245554,40.26224321238079,24.28652976288752,42.246152407415124,43.96744295464962,0.10013010142853968
3522,42.95597613921546,42.81382909864059,41.50520877992285,40.80389950316631,32.728571127417936,42.18453937146087,43.957277153500854,0.10013010142853962
3523,42.98112003441521,42.82975688426479,41.28699324096497,40.88151870118406,22.932406673674322,42.165944674092415,43.98242104870061,0.10013010142853958
3524,42.96184883779339,42.800712917538654,41.30373485627168,40.54495369424686,28.388836505565834,42.12832118336799,43.963149852078786,0.10013010142853965
3525,42.986637149101824,42.81780457465145,41.18481123053042,40.295548403629105,31.109480451813738,42.140627772123366,43.98793816338722,0.10013010142853973
3526,42.99973560924769,42.82715494004932,41.267556168022566,40.74519598662664,20.552730656391613,42.221843927984416,43.99786472613291,0.09981291168852131
3527,42.99441543550017,42.85442371648529,41.31876174097117,40.87428831680139,24.708921391171963,42.26837339281342,44.01322365334387,0.10188082178436982
3528,42.958024282023885,42.810520064499194,41.33867392535525,41.019368873320225,8.786332594085977,42.340918405838046,43.95770246628639,0.09996781842625085
3529,42.97015154420472,42.82006701779521,41.27335650254537,40.75180728425939,31.863396555218127,42.268290824578,43.969829728467225,0.09996781842625081
3530,42.96026824555926,42.8226137483877,41.1254652548182,41.16635911500248,-12.822709408507073,42.280309813837434,43.97630089460752,0.10160326490482562
3531,42.950535826731574,42.82403324103875,40.849179709300785,40.82640743273192,-14.774156118779786,42.12673607956796,43.96656847577983,0.1016032649048256
3532,42.950259770578874,42.81515805699118,41.51906017417175,41.045077723610184,29.036944981148853,42.169396465082436,43.96629241962713,0.10160326490482555
3533,42.97235396631642,42.75803713810304,41.245722050984064,40.699060973546324,31.774076286541327,42.10964138201176,43.988386615364675,0.10160326490482555
3534,42.93426780695674,42.78156777776892,40.45607284863898,39.9674338408838,-17.543151893288147,42.245738548753856,43.9669733678734,0.10327055609166591
3535,42.940055711555914,42.73168222472235,41.128263698898756,40.53568897553909,30.282438726719533,42.14438045876436,43.982289448012274,0.10422337364563622
3536,42.92121233888725,42.749266816951284,41.54619791506304,40.96961047814164,27.083424502602533,42.26597888827301,43.997891923533274,0.10766795846460202
3537,42.94634561294881,42.77014290822237,40.91083906486638,40.28624582204966,23.837964581637216,42.14467692147382,44.02302519759483,0.10766795846460207
3538,42.90244560883068,42.715472743224076,41.44113659427615,41.1255572878698,23.99325828037886,42.254210025946406,43.979125193476705,0.10766795846460217
3539,42.90845662891454,42.71485681068488,40.717675897845005,40.29821928370139,4.441125131766334,42.0781618474288,43.985136213560565,0.10766795846460213
3540,42.93604026928375,42.75975501180504,40.72895436077708,40.522893808347504,-12.705839754179785,42.30532492475787,44.012719853929774,0.10766795846460205
3541,42.91170618649705,42.75907282363534,41.17334687635291,40.53554266724608,22.685109577752613,42.14008574560944,43.98838577114307,0.10766795846460206
3542,42.902367890618,42.8107513457219,41.53167973845411,40.99873169014965,30.86733072072771,42.38628669293277,43.979047475264025,0.10766795846460202
3543,42.92092945826323,42.77642283535862,41.14873429181495,41.15568174549377,19.365879232218443,42.100987625852454,43.997609042909254,0.10766795846460205
3544,42.91487828729165,42.803670258495664,40.969153854894365,40.43367505695169,25.929383026190628,42.34413561067248,43.99155787193767,0.10766795846460205
3545,42.905534846148214,42.65349714826971,40.83489047095746,40.40407010105589,24.452365125404057,42.03355959334887,43.98221443079424,0.10766795846460207
3546,42.90846813485122,42.80163316384439,41.44012907748093,41.239009617309705,26.289817669661627,42.282961574885405,43.98514771949724,0.10766795846460211
3547,42.922665998673416,42.64610936192329,41.332667966949394,41.051567231907015,30.361212294092333,42.04220260111555,44.016018055444945,0.10933520567715309
3548,42.89787753228684,42.72870483589439,40.72554781459925,40.07777391365474,3.8158941387066108,42.08204541895708,43.99122958905837,0.10933520567715312
3549,42.88883037301231,42.732455452784045,41.322212086881045,40.384808567082196,32.1250564471695,42.232748048541374,43.98218242978384,0.10933520567715313
3550,42.89867651380937,42.76025060034945,41.197391549425895,40.36841244783951,24.12072097781979,42.36517071836154,43.99133217533834,0.1092655661528972
3551,42.904756582508476,42.73244329930694,41.602757229474015,40.97665882549525,33.13962610586735,42.358198320672976,43.99741224403745,0.10926556615289719
3552,42.8953495576578,42.77610918592622,41.71756444774613,41.37991923668941,29.07795050649625,42.382694234507454,43.988005219186775,0.10926556615289715
3553,42.90306583198888,42.784531719440494,41.22578937302006,41.095809820617085,27.06344853975261,42.232545542067754,44.00066205058806,0.10975962185991782
3554,42.89056029432386,42.79193646763294,41.02085488944705,40.27159855460675,29.465245489345715,42.03971032655049,43.98815651292304,0.1097596218599178
3555,42.89375131326185,42.80929912250121,40.99492417319254,40.52250350710594,18.982013845304813,42.131713163610684,43.99134753186103,0.10975962185991786
3556,42.89661297753074,42.79120926767933,41.0869956359517,40.461670714152206,24.174201156662264,42.24928617231042,43.994209196129916,0.10975962185991789
3557,42.912795092836966,42.70670907609413,41.14163730179879,40.66261151803335,2.8897641715153526,42.32345447165963,44.010391311436145,0.10975962185991783
3558,42.91547866680111,42.75795062915547,41.248404021863394,40.97911421379137,20.857817155470507,42.303858219413996,44.013074885400286,0.10975962185991782
3559,42.88773867247735,42.73901363964383,41.23125562235468,40.45753873386357,32.23874018919942,42.0474989127346,43.985334891076526,0.10975962185991787
3560,42.90659360069914,42.76533125094838,41.525211176507185,41.08741868354198,24.208958714328134,42.259563034760205,44.00418981929832,0.10975962185991785
3561,42.89156715966989,42.759051166238585,40.96852114249929,40.31074965226501,22.912075639721785,42.176553589213896,43.98916337826907,0.10975962185991797
3562,42.8790261464606,42.80241664190985,41.17126638960751,40.22219268459186,22.08223742973226,42.367769592479306,43.993949371922525,0.11149232254619205
3563,42.86734691973193,42.656019876404685,40.84990130499351,39.99806194803781,28.936137190097032,41.72797636750019,43.98227014519385,0.11149232254619211
3564,42.86724610487405,42.79527404359595,41.13755689687904,40.609196091447146,27.13602354248722,42.41599626932596,43.98216933033597,0.11149232254619204
3565,42.8899168487127,42.73097985885614,41.2909338267468,40.19349638567622,33.15358017242255,42.09981344774911,44.004186246228514,0.11142693975158137
3566,42.88705022150338,42.77799164469415,41.21301697655766,40.66550655060161,26.740536289748828,42.18062826259602,44.0008926747321,0.11138424532287206
3567,42.88701552125125,42.77356342705529,41.22308065152843,40.68630956210817,17.611568834316444,42.197778895643914,44.00085797447997,0.1113842453228721
3568,42.8573122336749,42.721498645305275,41.15002661707967,40.50225049522871,31.07338526333644,42.05694644931893,43.97549564796202,0.11181834142871208
3569,42.895186392133006,42.67310301552976,41.322215538558396,40.82311600288463,33.38200426144262,42.089435177644745,44.01336980642013,0.11181834142871212
3570,42.8517166300144,42.70804928851649,40.87037302780542,40.076370123487315,27.218552045102008,42.23990819556586,43.969900044301525,0.1118183414287121
3571,42.87003734054802,42.722168790460366,40.92919816431825,40.0044115065879,23.542924437336225,42.195489579037826,43.98822075483515,0.11181834142871215
3572,42.85851618886011,42.72312180378816,40.884653371407026,40.699147086213756,22.442263996300383,42.11604289081525,43.976699603147225,0.11181834142871201
3573,42.87056749513549,42.74157785576684,40.902706555574156,40.83172787861474,-15.916675433363991,42.21672848273307,43.98875090942261,0.11181834142871205
3574,42.882802404410384,42.70143175301559,41.04428843495137,40.58788169694547,25.88797233144716,42.13912151909507,44.00098581869751,0.1118183414287121
3575,42.86430211083652,42.716004487124984,41.19762384800751,40.72245505291359,17.40519387108846,42.19082522191946,43.98248552512364,0.11181834142871207
3576,42.870555265354135,42.726009156491116,41.32876910317227,40.72838077857519,26.876646440341208,42.13619318223617,43.98873867964126,0.11181834142871208
3577,42.876434129940584,42.67982125671944,41.39019158442903,40.58584518537587,34.27039704170674,42.00441613253571,43.99461754422771,0.11181834142871207
3578,42.851486821615595,42.70171964111167,41.28707648844353,40.34447487075592,28.13052269199237,42.141920502559046,43.96967023590272,0.11181834142871205
3579,42.875776940946686,42.76668029947594,41.244985071254405,41.23493305291371,22.776524834833467,42.39881520126354,43.99396035523381,0.11181834142871215
3580,42.865175218493896,42.720148486939834,41.17708126538279,40.931604936707906,21.542422188386194,42.08729619781047,43.97884928314211,0.11136740646482124
3581,42.890358011576346,42.73155677013712,40.73238114317361,40.52450317841193,3.3060080373937097,41.883996353974126,44.00403207622456,0.11136740646482125
3582,42.89329824714575,42.75393999844576,41.33344870803124,40.8881372159131,31.105633879766557,42.30243508001287,44.006972311793966,0.1113674064648212
3583,42.86500036726309,42.77146637955465,41.421102392830136,41.121024296798375,31.29386678040765,42.43996403040396,43.97867443191131,0.11136740646482125
3584,42.878465529865615,42.747972710963374,41.03169332013497,40.529115879839125,31.705610769600938,42.08758422512255,43.99213959451383,0.11136740646482121
3585,42.86849781198248,42.76349448037139,41.01495373129679,40.41269743995714,26.71247265193261,41.99929407859324,43.982171876630694,0.11136740646482118
3586,42.8749323281874,42.73840688181669,41.03436744369274,40.303649476649625,28.170437104350412,42.09046480758362,43.98820214317348,0.11132698149860863
3587,42.865192184207864,42.7540822838441,40.99089801327302,40.81804659120776,19.77169543270319,42.27313200939813,43.97914904039695,0.11139568561890859
3588,42.86831745998291,42.73226879099699,41.275556220847605,41.38980434913532,28.083604440159313,42.26017691224661,43.982274316171996,0.1113956856189086
3589,42.87459902274731,42.72579630719351,40.90905124093479,40.15008681026538,27.211484669451075,42.162531027344244,43.988555878936396,0.11139568561890856
3590,42.89007220710565,42.77155351457419,41.4448716115248,40.547072106829404,34.77955235017146,42.159641363241235,44.00402906329474,0.11139568561890854
3591,42.86788792012593,42.72046186527648,41.1781444663454,40.47068141853511,32.39240066289142,42.03047469426825,43.981844776315015,0.11139568561890854
3592,42.884072010812204,42.71782023882761,41.20152748145541,40.637075651992284,22.566790921984346,42.09879990072673,43.99802886700129,0.1113956856189085
3593,42.859106637986294,42.77281542324802,41.43427035686049,40.841278778673235,27.145927064593838,42.209690577477836,43.979249248752474,0.11201426107661791
3594,42.87535512768698,42.73546325155662,41.241823180030806,40.73474325644605,27.536465569629453,42.14687748785525,43.963874961851474,0.10885198341644967
3595,42.88748193322155,42.79953453980301,41.00582029610954,40.056063974557325,29.444358327536186,42.11234942236831,43.976001767386045,0.10885198341644954
3596,42.90636674196984,42.79027535638297,41.36980747988276,41.158243969829186,26.330414449880017,42.20191740740967,43.994886576134334,0.10885198341644958
3597,42.90265976089764,42.788853796081796,41.53257893259124,41.37026035016126,30.196900143834988,42.45068169345609,43.991179595062135,0.10885198341644964
3598,42.9063254823957,42.76580628907492,41.46447933755896,40.77740374964421,33.654542357018,42.12870810999668,43.994845316560195,0.10885198341644944
3599,42.886547785170045,42.69628765214329,41.21362098361476,41.11493656811951,30.96604041678254,42.04010073580102,43.978508604907724,0.10919608197376808
3600,42.968182821297226,42.753363143855765,41.26517169494816,40.84574946948794,17.649581279613923,42.25418736273777,44.21440958260893,0.12462267613117062
3601,43.01667869284983,42.868848454582036,41.292015393800774,40.763860250135664,31.13699760096435,42.16997952949763,44.26402747261584,0.12473487797660082
3602,43.01595239416752,42.89811909535166,40.86843250826806,40.78357024671986,-12.822136628773244,42.45831122699771,44.26330117393353,0.12473487797660072
3603,42.99153217109037,42.899398210687224,41.308310391330146,41.11914054265024,18.193582876055192,42.384491296369504,44.23888095085638,0.12473487797660081
3604,42.99953761271076,42.86260136711239,41.57605186248242,41.057296428455665,32.684046612865124,42.34910048121904,44.23850865103476,0.12389710383240003
3605,43.005791510590875,42.77341551494469,41.340809295287556,41.010017956591646,22.913701021771736,42.288659094844775,44.25377635306578,0.12479848424749077
3606,43.009689518479306,42.902177473473635,41.40361634089495,40.845603167405315,27.912112279764138,42.35784882354818,44.25767436095421,0.12479848424749086
3607,43.031282414375575,42.93772285200345,41.483714148528385,41.00835202563653,31.30123712556943,42.496245431669266,44.27926725685048,0.12479848424749072
3608,43.03155938652365,42.915575232582036,41.52097250628208,40.91694211335855,31.252442175349792,42.50977765280096,44.27954422899855,0.12479848424749085
3609,43.00313738603225,42.78154023472355,40.777999287571674,40.059585326157574,18.97380816009492,41.88055338395906,44.25112222850716,0.12479848424749074
3610,43.03383166534888,42.91032780851914,41.38837902415751,41.13793654539831,13.42400778943962,42.43604072719809,44.281816507823784,0.12479848424749074
3611,43.01556874954264,42.80259101452695,41.43742807933539,40.932974040983964,32.979686957765104,42.229049876294,44.263553592017544,0.12479848424749079
3612,43.012671633662535,42.84864061874583,41.51887154418238,41.10342732379154,29.059822058341823,42.31530404027285,44.26065647613744,0.1247984842474908
3613,43.002800215818176,42.80455367056083,41.101169275306965,40.45941034635427,30.601755239481797,42.17731021679155,44.25078505829308,0.12479848424749072
3614,43.02469418163062,42.865598065777824,41.41264704943763,41.00292910163713,25.93984843933813,42.28539947637731,44.27267902410553,0.12479848424749075
3615,43.01501787105167,42.90633198678703,41.300583089110496,40.7020582106615,31.821893671395685,42.34361686563006,44.263002713526575,0.12479848424749078
3616,43.01585678903708,42.77956055222189,41.293039706276225,40.89249600046705,28.07681602307421,42.08436863031095,44.263394947919835,0.12475381588827572
3617,42.99728928459804,42.880258155884036,41.78692592908929,41.50684579130265,32.49206142256436,42.525047858173195,44.244827443480794,0.12475381588827565
3618,43.01301781731545,42.938297983835156,41.57602739789496,41.07081240479305,19.887864528208873,42.41459498517193,44.260555976198205,0.12475381588827568
3619,42.98924532182868,42.904712066670825,41.67116726928833,41.083491849809874,28.01691776563953,42.4630537603219,44.30152670549604,0.13122813836673572
3620,43.01067105635843,42.883720933917445,40.90190210182558,40.853388523062094,-12.824514472376777,42.377852225079295,44.32295244002579,0.13122813836673566
3621,43.01085210767462,42.89182857918979,41.09756442551258,39.97862625927283,31.61618418317812,42.17375894690454,44.31401735789184,0.13031652502172206
3622,43.00828264280732,42.80016015728286,41.41618945246183,41.449876775267846,24.49380833581632,42.3548571538545,44.31399046803773,0.1305707825230404
3623,43.0249256264721,42.921816485028856,41.31310416732666,40.51704643713758,29.471218390152284,42.22236009317102,44.32272508020328,0.12977994537311777
3624,43.02547824271448,42.88125863314956,41.49674633997073,41.09202703456069,23.77278063169094,42.54594989242332,44.32327769644566,0.12977994537311777
3625,43.01563535230602,42.833929422874604,41.547767694382166,41.089797002941985,31.255299452765232,42.39574953894808,44.3134348060372,0.12977994537311782
3626,42.99097427352983,42.85031914741019,41.31243999159437,40.68634148112791,29.82968631944199,42.23916971798542,44.28877372726101,0.12977994537311777
3627,43.016094688382346,42.88144239437814,40.98745618434141,40.47510919287664,16.86764317326867,42.35595969165166,44.313894142113526,0.1297799453731178
3628,43.03411086472581,42.88625916737307,41.545241824859794,41.20854694898331,32.552475186896466,42.41756099518148,44.33191031845699,0.12977994537311777
3629,43.03125613814258,42.88436350948022,41.25162990192747,40.917167818581746,31.16250036891483,42.25430498188558,44.32905559187376,0.12977994537311785
3630,43.00622150441329,42.86826984187526,41.33759045491023,40.99887533372092,22.135189298048367,42.304754107581346,44.30402095814447,0.12977994537311774
3631,43.034196779687676,42.86234767832513,41.40387032008732,40.51418353188021,33.63454175207764,42.24411780387583,44.331996233418856,0.12977994537311782
3632,43.01914229922528,42.82911772864665,40.74837132725591,40.903957842267374,-12.047385533431132,42.13570695623949,44.31694175295646,0.12977994537311777
3633,43.024971824691676,42.79974291229945,40.78536821275772,40.39293565733172,19.992630592149013,41.96044736664251,44.322771278422856,0.12977994537311782
3634,43.006191100394354,42.90946387516057,41.30257642935833,40.89805654614005,20.41620350025557,42.36623879186155,44.303990554125534,0.12977994537311788
3635,43.02015383998416,42.88766507858334,41.38950698299823,40.64140175759374,29.47881112327722,42.37328096778135,44.31716330762457,0.1297009467640405
3636,43.0506550150478,42.76875042493861,40.932797706230716,40.19332565422032,24.10551199752674,42.20816645428786,44.34766448268821,0.12970094676404056
3637,43.00655753660083,42.79332171229829,41.29696129226032,40.979710255925156,30.529360885187835,42.164344133230045,44.29831892963874,0.12917613930379065
3638,43.01589514169102,42.90185981931865,41.095745261183914,40.37542623508328,22.46634958524232,42.31017945906119,44.30765653472893,0.12917613930379068
3639,43.01231061793691,42.88523695786266,41.09318177116371,40.98385651446603,-9.995835271747659,42.29387236555169,44.30407201097482,0.1291761393037907
3640,43.02180356903987,42.89078457248084,41.79413489269467,41.65086836870418,31.519246339080556,42.45718824334516,44.31356496207778,0.1291761393037906
3641,43.01886915522804,42.920809183469544,41.484550223821245,41.30818671156779,30.105608388058066,42.47927798572684,44.31063054826595,0.12917613930379065
3642,43.04656195595181,42.92257511483624,41.53616430852062,41.06093735025708,30.220160713552428,42.44275555665317,44.33832334898972,0.12917613930379074
3643,43.03419603588481,42.919230314993584,41.29801528055868,40.9681055636556,27.8867474754701,42.257809428909894,44.32595742892272,0.1291761393037907
3644,43.02768917532721,42.89720175904022,41.35150971510531,40.8487762911839,25.658365669198616,42.38415183303675,44.31945056836512,0.12917613930379074
3645,43.02818615166339,42.87234281255046,41.325933230440796,40.499117155282875,31.379979579068568,42.16775407213076,44.3199475447013,0.12917613930379077
3646,43.02298027917285,42.79875460785037,41.0493068691786,40.06693257464468,27.78121139196243,42.024597956849405,44.310322879361834,0.12873426001889887
3647,43.016990502880375,42.924643865474565,41.15446430846661,41.042352339108106,16.53628999845047,42.40533977479996,44.30433310306936,0.12873426001889884
3648,43.016971184278106,42.88448825889963,41.00512505813127,40.77663349513587,23.128644174498966,42.346195573749384,44.30431378446709,0.1287342600188988
3649,43.014503753425174,42.87394733753862,41.68717697329897,41.156153206997715,35.07650112920952,42.34476359178821,44.30184635361416,0.12873426001889876
3650,43.03855493943229,42.90032067888911,41.65359101642981,41.31565928847925,31.79693204946809,42.34104986850529,44.32589753962127,0.1287342600188987
3651,43.04470123299187,42.91079425690939,41.263072774671635,40.94083824259242,19.764335159463762,42.46328342852408,44.332043833180855,0.12873426001889882
3652,43.03570215341401,42.87233011208713,41.05328260137626,41.0937710402579,13.731894322260366,42.47385763122131,44.323044753603,0.1287342600188989
3653,43.0729697602886,42.90760168442764,41.297210004343754,40.48575723540217,27.46125749251589,42.412689124458886,44.360312360477586,0.12873426001889873
3654,43.02637437168327,42.80848875686437,41.36660746287702,41.087235619131455,24.521967736318068,42.31338975672297,44.31371697187225,0.12873426001889873
3655,43.0416644275301,42.77140285970518,41.231563266784335,41.15728810661053,29.938194925899474,42.26646920568014,44.32937638927886,0.12877119617487598
3656,43.02000049053927,42.87248897467869,41.52351074779879,41.016455716528164,35.70823667688519,42.197862901518484,44.30771245228803,0.12877119617487592
3657,43.02949530343571,42.92227243653325,41.70638696200244,41.09573459785328,29.06844577926193,42.2495126291814,44.345389056212966,0.13158937527772568
3658,43.01674393854339,42.879765515663664,41.30022195483963,41.48285098618954,19.99081321931985,42.3453469654627,44.33263769132065,0.13158937527772574
3659,43.00696608240748,42.81395056134842,41.40759265575164,40.96434232864991,30.63710610293276,42.38088004279976,44.32285983518474,0.13158937527772577
3660,42.99464876323167,42.86494724944957,41.378347956479985,41.336475013018976,31.49829356303919,42.32616216217197,44.31054251600893,0.13158937527772574
3661,43.01006153599205,42.83191106169451,41.119402760278255,40.13447491808537,26.863901683063713,42.37304860734492,44.32595528876931,0.13158937527772577
3662,43.02216321720699,42.821435254623296,41.38005726534812,41.02639187910931,31.24523183450182,42.14965110570505,44.328470785232085,0.13063075680250988
3663,43.01038275362278,42.859523109938756,41.01774140982057,39.987763822032164,22.493940598831497,42.272621146939485,44.316690321647876,0.13063075680250985
3664,42.98555464527875,42.8559171164546,41.19151770313443,40.42627941747914,26.26784867894065,42.098336031910364,44.291862213303844,0.13063075680250982
3665,43.00749308306463,42.778522192986195,41.19014189639483,40.58386025997423,27.583602539956917,42.15200645883681,44.31380065108973,0.13063075680250982
3666,43.000873438014324,42.85967653453864,41.3717745331187,40.97432167947095,19.68763359423115,42.42680432921546,44.30718100603942,0.13063075680250982
3667,43.02302537287049,42.92028274432267,41.6919479772152,41.171324326451156,30.941560386243896,42.51729828234072,44.32933294089559,0.13063075680250968
3668,43.006648683963604,42.86319377768747,41.45348400040788,40.68570121837573,30.172788074521847,42.483218893930236,44.3129562519887,0.13063075680250988
3669,43.00997450878354,42.83469674953944,40.928550654691755,40.13502289955657,17.70362570803727,42.11736680170846,44.31628207680864,0.13063075680250982
3670,43.0073105739885,42.86782228028639,41.522746106740556,40.7681983156332,25.232054119043912,42.435866437436644,44.313618142013596,0.13063075680250977
3671,43.0201087119956,42.83942152326637,41.47523619629002,40.83664467774649,29.51380418797968,42.389022249655504,44.32549378779789,0.13053850758022936
3672,43.00230193437887,42.884281685320836,40.73815488948228,40.0224351273858,27.327491609900576,42.2681363015279,44.30768701018116,0.1305385075802293
3673,43.00822545925521,42.78389608982191,40.39041059080618,39.869939154579825,-10.97483957908998,42.04359970504839,44.3136105350575,0.13053850758022928
3674,43.014462945591696,42.88965571453671,41.29651545676476,41.30142305643124,22.248125818369132,42.259326958971066,44.31984802139399,0.13053850758022933
3675,43.0080221190769,42.9022886470008,40.95497452341769,40.56070533816064,10.461482558471474,42.222658224378,44.31340719487919,0.13053850758022917
3676,43.01461888993945,42.92155136715479,41.4791463216672,41.24850065199213,23.26359243032836,42.486869518210824,44.32000396574174,0.13053850758022936
3677,43.004924974809015,42.902751410713954,41.31876420471247,41.14836345542783,27.141013058522237,42.422013799057005,44.31031005061131,0.13053850758022925
3678,42.998301224063795,42.84684602595297,41.048474153662006,40.95841050958866,23.10388474279996,42.293988283355894,44.338779904717825,0.13404786806540284
3679,42.98922954055712,42.86669768653203,41.15576012697193,40.65878930549576,30.679709777596653,42.30065561962667,44.36076865648764,0.1371539115930523
3680,42.94185353230657,42.831404133884305,41.50620518986424,40.996492594642746,28.866954851597374,42.482298689593875,44.31339264823709,0.13715391159305218
3681,42.97001986740713,42.8628206798579,41.02014145337743,40.875451017787036,25.71254728921001,42.30786531591429,44.34199549916989,0.13719756317627613
3682,42.95399200540196,42.79225894186755,41.42114953572498,41.17738643910202,20.519200773520666,42.38098044262266,44.3258197263259,0.13718277209239457
3683,42.94844198922295,42.83215851308555,40.896140720708836,40.83429732357826,2.5465879245916128,42.22763227073064,44.320269710146896,0.13718277209239457
3684,42.93217129816513,42.81525841444984,40.89616008689794,40.82676927812004,2.5521990539951958,42.296211661617775,44.30422289120293,0.13720515930378027
3685,42.92916042300937,42.761537323006955,41.33907805828503,41.070089551544754,26.04401421298078,42.226189341320435,44.301212016047174,0.13720515930378038
3686,42.932452082031936,42.770663917568235,41.27781943392374,41.051140041247244,26.219138693676747,42.31990441157235,44.30450367506974,0.13720515930378022
3687,42.94847710868397,42.784128129989405,41.31560528115365,41.11317833443396,23.920116488840012,42.214468601774385,44.32052870172177,0.13720515930378033
3688,42.95052261136269,42.790829445601204,41.17112219284754,40.839690512934226,26.87355686278237,42.400159792920924,44.322574204400496,0.1372051593037803
3689,42.95670633720674,42.79700847851758,41.48207927668206,40.86815515408913,32.60116217208584,42.30138859836737,44.32875793024454,0.13720515930378024
3690,42.95672004730595,42.86526891701969,41.91566488069183,41.683237275392514,33.91198054566072,42.52935759149458,44.32877164034375,0.13720515930378027
3691,42.95753413572197,42.86372973453479,41.2867290333843,40.709497010042085,17.509590910480256,42.4041428619193,44.329585728759774,0.13720515930378022
3692,42.95062842370531,42.85839717772581,41.35512766016842,40.98654290087802,30.382178151447548,42.373225272700964,44.322680016743114,0.13720515930378013
3693,42.94738314601389,42.8015750154687,41.34686279264834,40.81663470254894,31.312608780215804,42.125775632022396,44.31050406312436,0.13631209171104725
3694,42.94120214601082,42.828987088412426,41.535292861783205,41.01192828335956,32.086590597608854,42.38239646141444,44.304323063121295,0.1363120917110473
3695,42.95072312167593,42.71306511814624,40.924029466847735,40.377580424543936,17.901336444061712,42.19411774864456,44.3138440387864,0.13631209171104727
3696,42.978109344839545,42.79558472474809,40.986324981553295,40.763152343261595,-12.031831254875854,42.28257402806962,44.34123026195002,0.13631209171104725
3697,42.953808692324664,42.75999681068442,41.13197860564637,40.34879572008089,31.670255640876068,41.9925228660947,44.316929609435135,0.13631209171104725
3698,42.95021416463078,42.82078283911837,41.19686470971508,40.44867593671186,28.132185914554256,42.18797164177454,44.31333508174125,0.1363120917110473
3699,42.95937678238412,42.84245561799824,41.487512026451036,40.99512962579161,28.900023244481034,42.210714479001076,44.31687835902754,0.13575015766434248
3700,42.94715444818646,42.78411919488813,41.062665849764365,40.856452664089446,29.88873771123252,42.25108041702601,44.30465602482988,0.1357501576643425
3701,42.95350684167116,42.810789243361704,40.75084293963223,40.00598846242999,16.996632389349788,42.08662604256617,44.31078454620072,0.13572777045295684
3702,42.95069660472281,42.81493299049834,41.45892349024937,40.83645356753455,33.84276169060351,42.151409575853414,44.30797430925237,0.1357277704529568
3703,42.94653051516776,42.82450412350726,41.208186361889624,40.80753039471162,27.18852572600009,42.12260626085851,44.30131000752259,0.1354779492354828
3704,42.9713519614369,42.76840882462865,41.2149726402548,40.734669737544856,26.4297744539572,42.012183203467835,44.32613145379173,0.13547794923548268
3705,42.952444474358344,42.86494895047048,41.02890856916943,40.796179514898576,10.349063366388975,42.517872723338805,44.307223966713174,0.1354779492354826
3706,42.97521200169061,42.849633612529054,41.457119409173416,40.71800073129608,34.38709212099245,42.25162396531735,44.332198713842374,0.13569867121517695
3707,42.96959515786206,42.82362284281202,41.393908564889486,40.97455069162497,27.127458741566358,42.32681355583152,44.326581870013825,0.13569867121517692
3708,42.94747237166,42.845539134394365,41.18817482600976,40.51358861329419,27.641427622039718,42.4817936520362,44.304459083811764,0.1356986712151768
3709,42.95682829110112,42.87901525171913,41.20165020856875,40.37429079492023,27.863859786449375,42.38543411188947,44.313815003252884,0.1356986712151769
3710,42.95390622055523,42.876717502656405,41.90268055981859,41.22701795678716,35.534936306885506,42.55627035011385,44.310892932707,0.13569867121517692
3711,42.978840056013574,42.83966012420319,41.393346895459516,40.13622628538486,34.09495928869575,42.22935913160659,44.33582676816534,0.1356986712151769
3712,42.93654863835188,42.810022471771745,41.45305957209586,40.78810838287618,33.50457195190527,42.19749631329839,44.29491573476825,0.13583670964163713
3713,42.961438504961954,42.840223489532654,41.1924240686029,41.15569520118275,25.465690481664108,42.214834536578834,44.31980560137833,0.13583670964163713
3714,42.950040425859164,42.8603611157302,41.58058106447587,41.47507641113223,17.660455457403934,42.60381375042111,44.30709478274755,0.13570543568883853
3715,42.96868856905017,42.83343377056727,41.342118020037944,40.637523583621146,27.15176426611673,42.37942950300416,44.325742925938556,0.13570543568883847
3716,42.94104768852806,42.866894107248086,41.648625042160596,41.43824475722437,32.57748831377969,42.57504815794675,44.29810204541644,0.13570543568883853
3717,42.941060887412135,42.83510416061164,41.300160838025846,41.18924671521309,22.597186553898972,42.444322966028466,44.29811524430052,0.1357054356888384
3718,42.96043020772884,42.78663134901781,41.15083357837655,40.62516855057538,23.599258317777043,42.14997542277379,44.310380022688044,0.13499498149592
3719,42.98249147403438,42.699529283235506,41.20511758217182,40.12064852061057,31.587534901502885,42.18444863302685,44.332441288993586,0.13499498149591999
3720,42.958297538692165,42.721612697157006,40.81729130601475,40.144779233779865,19.67645001112188,41.89003268046648,44.31088179886746,0.13525842601752996
3721,42.949451085556895,42.80640154361119,41.27010377640487,40.92488290163319,25.668428458726293,42.17609507330634,44.310453716436506,0.1361002630879611
3722,42.96787660884986,42.82491779928035,40.98372290212996,40.79339996654086,22.624074300425356,42.24960760513869,44.328879239729474,0.13610026308796117
3723,42.94618101941486,42.860580340826566,40.72396408520929,40.75554596585346,-12.52917130973529,42.23530862560464,44.30718365029447,0.13610026308796122
3724,42.95577848354951,42.80177386162911,41.45385572177828,40.91626525619051,31.077997756254536,42.34178598885672,44.31709734219514,0.13613188586456298
3725,42.965475877954475,42.855770861635676,41.47694645397452,41.237971094842024,26.93001168143121,42.482576053156116,44.3267947366001,0.13613188586456273
3726,42.96382905546605,42.825348595565266,40.8429260907884,40.5973010572451,-11.846120009596213,42.287081139353575,44.32632281166662,0.13624937562005685
3727,42.961778425577556,42.807900123895344,41.14077462679012,40.6876032701582,24.088827512740913,42.13364985950321,44.32558241973975,0.13638039941621957
3728,42.94406894033365,42.824832341811046,40.57092728938183,39.991483731159946,-12.47447950240985,42.289191703370356,44.30787293449585,0.13638039941621946
3729,42.99776427615454,42.761288517803315,41.28073647228113,40.58762766694267,28.285529089348497,42.118684287852446,44.288468331658216,0.12907040555036756
3730,43.01996854322162,42.8648776107706,41.82818161606318,41.75071606632355,33.09667903838159,42.35275218710494,44.3106725987253,0.12907040555036753
3731,43.023143761401606,42.9012891143599,41.02518659347286,40.14474788132614,29.774396478454975,42.24115240064421,44.31384781690528,0.12907040555036747
3732,43.04342570789997,42.91139640366412,41.329079363396986,40.504538425830845,30.678214251008242,42.21102346091839,44.29798903000386,0.12545633221038885
3733,43.06531830640212,42.92479650534139,41.56964414772108,40.88551598427976,32.90061087478464,42.389159714422405,44.31988162850601,0.12545633221038885
3734,43.065014464677844,42.940586715594584,41.13437182459195,41.03670631786483,24.19736835585412,42.581438379065204,44.319577786781736,0.12545633221038885
3735,43.06807085314705,42.92347854232224,41.06971807328605,40.76384072862418,19.73504654228496,42.2677959623111,44.32263417525093,0.12545633221038877
3736,43.05925593388996,42.93011570459243,41.23880276561031,41.22433155056769,0.7895868658158136,42.60934057218165,44.31381925599385,0.12545633221038888
3737,43.05017191412817,42.870778362395534,41.519228798393314,41.160327412686264,27.09080493243369,42.31548239379849,44.30473523623206,0.12545633221038888
3738,43.05599253731116,42.96055912757774,41.34085823517447,40.88973641892638,19.713720119085266,42.53064940140361,44.310555859415054,0.12545633221038885
3739,43.06038438919761,42.8821728399932,40.98396083339233,40.00506044486304,20.320022015740083,42.1198725558029,44.344807166358116,0.12844227771605066
3740,43.041810271275786,42.859969914888914,41.38698442533851,40.87663354884831,27.149200392661726,42.18489222372004,44.32623304843629,0.12844227771605068
3741,43.02258165496703,42.79299544224254,41.21923242331223,40.56759111072789,24.53565724389253,42.089353913056655,44.307004432127535,0.1284422777160508
3742,43.02894456476907,42.88911864823232,41.20065900185365,40.75920021912013,16.074758028409576,42.34590378310493,44.31336734192958,0.1284422777160507
3743,43.03540298429194,42.88623722735319,41.6869415704222,41.607223414146844,21.848229845876553,42.55896874016266,44.31982576145245,0.12844227771605074
3744,43.04160906575302,42.91496459358477,40.79345323930848,39.79217390128956,22.8849101583464,42.22262370227444,44.32603184291353,0.12844227771605068
3745,43.02912349862619,42.90772802679274,41.58729098321839,41.22550993758929,30.997429192490266,42.520931200956234,44.3135462757867,0.1284422777160507
3746,43.027868803517364,42.93539633994655,41.43259004910669,41.21104268623436,30.93945487969806,42.48087197416082,44.32259089225719,0.12947220887398275
3747,43.03248643652606,42.83458758464426,41.41435765392494,41.15487469023675,28.039607141340888,42.307937353729756,44.31008936954822,0.12776029330221672
3748,43.04168966916581,42.74330676053943,41.14616493759421,40.73546695577653,27.291836662143044,42.236312332409,44.31929260218798,0.12776029330221672
3749,43.05078716570981,42.94231585029188,42.11479794876342,42.02373143876429,33.097320149183155,42.61748425839382,44.32839009873197,0.12776029330221664
3750,43.03242563768575,42.92747521859741,41.27886289805262,40.86982398831307,24.398656326534912,42.435649642132546,44.310028570707914,0.1277602933022166
3751,43.05101755717126,42.931548117069035,41.473185890030045,41.289747619739146,28.186833862279823,42.5407001635473,44.32862049019342,0.12776029330221658
3752,43.035256539056256,42.87029139111172,41.342821558774425,40.525238402169926,31.21500726972188,42.42696892127989,44.31285947207842,0.12776029330221667
3753,43.05710261928875,42.90135252862004,41.59225151013022,41.20105825474002,31.218386748477563,42.28104548450778,44.334705552310915,0.12776029330221664
3754,43.06363843808995,42.9353680732895,40.62579647806792,39.9196470191106,8.437181515646579,42.28094640434279,44.33271464838343,0.1269076210293475
3755,43.084969132901406,42.94658597089872,41.31720619091061,40.53951702794718,23.2899681513383,42.37311421836475,44.35404534319488,0.12690762102934747
3756,43.106559141602006,42.93732517279183,41.76784924554198,41.64236029025102,30.239765673929238,42.54413904785014,44.37563535189548,0.12690762102934758
3757,43.09304980582885,42.97442826823062,41.096040878822855,39.820474573462704,32.050756266349985,42.42420362978963,44.366379335806826,0.12733295299779787
3758,43.09308524842138,42.9688544756336,41.11443098006856,40.47241347782679,20.33508728591613,42.432006739797394,44.36641477839936,0.12733295299779793
3759,43.10817869437511,42.97284952905241,41.67788950042516,41.19864762224992,31.663141689973923,42.44818113626187,44.38854888273603,0.12803701883609206
3760,43.092415353036685,42.870879547924126,41.19807843300552,40.40953545256635,27.737401974697526,42.34118837722532,44.372785541397604,0.12803701883609195
3761,43.08390807904023,42.95488514080231,41.4664045645703,40.62432374355118,31.48231931055728,42.49874334179965,44.35747547003764,0.12735673909974166
3762,43.08992974179798,42.874023660353636,41.00701024632468,40.385994142807114,29.16362747948459,42.16222562264065,44.363497132795395,0.12735673909974163
3763,43.10997851296162,42.99719289519784,41.272016224055676,41.54765427073835,-12.159311381433703,42.420247521256314,44.388151960998265,0.12781734480366472
3764,43.100638137235826,42.89291441994341,41.036513862962394,40.98357957381467,-9.93213225545999,42.32301574563276,44.37881158527247,0.12781734480366472
3765,43.08815778947917,42.90231772650365,41.127856685666785,40.35866433672531,28.007378080235185,42.20829931670693,44.366331237515816,0.1278173448036649
3766,43.09751638563158,42.95363389707544,41.72841159542432,41.457686488664216,30.200345731808817,42.59917786091934,44.375689833668226,0.12781734480366486
3767,43.09789850556364,42.95282290098921,41.81048398495579,41.38344719572806,35.62208328523914,42.485723113137844,44.37607195360029,0.12781734480366483
3768,43.073525969388335,42.915675384883656,41.4539720372143,41.01367786125098,19.580785501619932,42.44444575037955,44.35169941742498,0.12781734480366477
3769,43.11343086788355,42.98199367013606,41.26627355087355,41.22790664918708,10.137177974355183,42.541825753003046,44.3916043159202,0.1278173448036647
3770,43.07215574683895,42.97755722009202,41.401370362446336,40.84053639657044,28.945667634606895,42.17668426156861,44.35051540358926,0.12783596567503142
3771,43.07301230761234,42.8090513286601,41.02255033650097,40.726402985217966,-9.43794306947914,42.24741781574764,44.35137196436265,0.1278359656750314
3772,43.09372066277941,42.95108169867136,41.484752129344834,41.038495469120654,31.37965392439203,42.49460084153171,44.37208031952972,0.1278359656750314
3773,43.07291293367688,42.89895477358392,41.386094861196824,41.099360831477966,32.68074277831355,42.44777575698821,44.35127259042719,0.12783596567503142
3774,43.07275660648398,42.96262185265373,41.097003085119844,40.792016107008656,-11.865311889352746,42.44959103411023,44.35111626323429,0.12783596567503144
3775,43.07198572150222,42.92575739233749,41.217006550646666,40.82640811831114,-12.19838451615,42.268160981930095,44.31988872035315,0.12479029988509274
3776,43.099869599584146,42.93648415338244,41.14662894647304,41.230920985073766,3.831568821301069,42.36584299995409,44.34777259843507,0.12479029988509277
3777,43.08748842128053,42.872334312261735,41.02347454827068,39.69308843446579,31.13957083761791,42.068438882257894,44.33539142013146,0.1247902998850928
3778,43.10603499627703,42.992790634089914,41.80520037652419,41.22983544172216,31.61293456497802,42.53315617720689,44.35393799512796,0.12479029988509283
3779,43.112602718407196,43.03087458136928,41.41809375434048,40.786360254205746,22.488726582199718,42.55268568578765,44.36050571725812,0.12479029988509274
3780,43.112645822193194,43.02988390236234,41.441988138200635,41.16872271782561,32.381358360655575,42.569702738392756,44.36054882104412,0.12479029988509276
3781,43.12722881002943,42.97697921279463,41.596334994984254,41.08004962441753,27.604478826185797,42.32733645919199,44.375131808880354,0.12479029988509281
3782,43.10262849922704,43.00941685554568,41.13840356176471,41.403082988586974,-12.607585715124642,42.59556075309777,44.35053149807796,0.12479029988509284
3783,43.115319894416935,42.91129195903734,41.23115662053173,40.8591431666803,27.117613650357523,42.3400294253297,44.37286746213225,0.12575475677153106
3784,43.08088622832955,43.01222527215275,41.55007162221678,41.1099757214004,31.829531564759307,42.369116907659865,44.33843379604486,0.125754756771531
3785,43.103175579714325,42.9117579676315,40.91878525591691,40.20576869014494,24.87865841450885,42.24229961601962,44.37259547685357,0.12694198971392467
3786,43.0911350588665,42.91711748313176,41.28968664232358,40.81632216935929,28.4800812239885,42.33798291908498,44.36055495600574,0.1269419897139246
3787,43.090557031494264,42.99408762573348,41.34720703636866,40.14063449997862,30.75643114386039,42.306216203387834,44.35997692863351,0.12694198971392467
3788,43.07511378022043,42.99157781276625,41.56438975845297,41.186304636015954,20.244162751085902,42.36021364016644,44.34453367735967,0.12694198971392465
3789,43.08456980365887,42.97792681743731,41.32991903016783,40.78886001447274,24.191801336423993,42.378928553689356,44.35398970079812,0.1269419897139246
3790,43.10372590300384,42.975741649599726,41.425400020629404,40.99054251545709,2.6707007930408437,42.43115252922885,44.373145800143085,0.1269419897139246
3791,43.08473208251202,43.0047144084507,41.77393500606667,41.40747042162555,31.459634831470417,42.54156741618419,44.35415197965126,0.1269419897139247
3792,43.08537075077832,42.97454457650586,41.54045959441617,40.58530281123239,34.01260205673333,42.44403022345037,44.35459112168607,0.12692203709077501
3793,43.106606254702044,42.975601257755834,41.22668848503595,40.276294369335766,23.065722026990613,42.41732258943263,44.3758266256098,0.126922037090775
3794,43.11874640476151,42.980691551888555,41.2280606662776,40.85429636902605,24.957287230719277,42.38085109092172,44.38796677566926,0.126922037090775
3795,43.072202059412184,42.835138726259274,41.01032644710407,40.14034956833319,23.63994791530622,41.75772313503391,44.34142243031993,0.12692203709077493
3796,43.09759260365665,42.993658036854185,41.622927292839286,41.04978432996131,32.111224630726284,42.56848420405154,44.366812974564404,0.12692203709077496
3797,43.08815435262462,42.9855458446791,41.41405429831607,41.09213607019889,23.9038211932802,42.58709321697195,44.357374723532374,0.126922037090775
3798,43.093950057811305,43.00407263779745,41.432642213452446,41.01413728028897,27.143416952720198,42.4954142669596,44.36317042871906,0.12692203709077501
3799,43.105375675301076,42.94979023965114,41.34913809344361,40.68037443973806,29.93019722683424,42.35766087894092,44.36003309455866,0.12546574192575827
3800,43.12439691375229,43.01849768791054,41.620516230877854,41.20151980131571,24.493537794691303,42.606987102814074,44.3787821793454,0.12543852655931076
3801,43.11195924904146,42.996856266377016,41.54426547545942,41.24031626938599,30.678888052717955,42.45775061533607,44.36634451463457,0.12543852655931098
3802,43.11839660980349,42.99713835513699,41.816918163443276,41.292557144320014,35.050538509330515,42.404142161600234,44.3727818753966,0.12543852655931093
3803,43.12151334111541,42.99110999284203,40.955237193471454,40.63665297078137,-12.580401990134256,42.30946470870819,44.37589860670852,0.12543852655931084
3804,43.114717256209445,42.99922558756056,41.57571824717515,40.99410353559377,32.098835298936095,42.617927066604665,44.3669147601786,0.12521975039691588
3805,43.09282205414572,43.0211836925959,41.55507628319235,41.235689597490804,26.193162024436486,42.52814103482915,44.34496324724375,0.12521411930980295
3806,43.10138906394968,43.00883159067064,41.861065232386956,41.341946498420306,31.882185549123264,42.56287705729015,44.35673034217093,0.1255341278221243
3807,43.10186597887613,42.95641779928832,41.47170244416294,40.98454016651188,19.442453364993217,42.500544168556075,44.35720725709737,0.12553412782212417
3808,43.1205519024992,42.977024605188944,41.56349070158265,40.8670482755722,28.998938834502873,42.399933213690524,44.37269309559723,0.125214119309803
3809,43.14200753256225,42.99369401087162,41.326755270042774,40.646942013453675,26.447925628387047,42.3170581267503,44.39414872566028,0.12521411930980292
3810,43.1211394158525,42.96185457457022,41.31484183415304,40.595832506428955,24.246926574803037,42.157016995841246,44.36654708338766,0.12454076675351623
3811,43.10883908373289,42.98168044661098,41.4842375606918,41.22989952840424,31.764005670782296,42.44598233829243,44.35411898226116,0.12452798985282718
3812,43.11205207592929,43.02121508609917,41.40484286212976,41.09568057358104,27.034309063112225,42.557153884600524,44.357331974457566,0.12452798985282729
3813,43.12765803320502,42.891760079364,41.00990134446753,40.13607183746726,30.9401259136894,41.933295939777636,44.3729379317333,0.12452798985282724
3814,43.146314044710216,42.96689538823007,41.4113381923312,40.27312695252533,26.87295932581206,42.42100279507925,44.39159394323849,0.12452798985282719
3815,43.137048954601475,42.915700242789825,41.27661303432698,40.601518873255706,30.739463764164263,42.26567293678982,44.38232885312975,0.12452798985282722
3816,43.12132021546324,43.01578116813275,41.411195726444774,40.74829970423961,23.723030192962597,42.44360235133145,44.36660011399152,0.12452798985282733
3817,43.11518863022847,42.9658931786992,41.287948095074924,40.272093631369444,29.621371151756193,42.315084250568674,44.36046852875674,0.12452798985282736
3818,43.11510482508639,42.950739175800386,41.23411232582119,40.40927840227544,33.00112235945597,42.345653303400766,44.360384723614665,0.12452798985282727
3819,43.12464365522289,42.95416120232893,41.32164080100039,41.0519583057882,29.936130086809857,42.2841092399936,44.369923553751164,0.12452798985282734
3820,43.118384508047015,42.95872458213317,41.839599094688886,41.2047063506437,33.121381853303006,42.578353776414026,44.36366440657529,0.1245279898528273
3821,43.149489909069416,42.810210526860025,41.442899367465735,40.90697645227206,31.837813568317742,42.30349185626743,44.39476980759769,0.12452798985282733
3822,43.112100898892436,43.01023819426285,41.604870332789126,41.56752683208034,27.104530877864345,42.525302212477314,44.35719025134891,0.1245089352456476
3823,43.11185399806842,42.94956597926284,41.282747953236985,40.64072760057276,27.28378333926669,42.21637636606933,44.356943350524894,0.12450893524564775
3824,43.13645199186494,43.01838751986856,41.28371107135355,40.81863251134516,24.218169188009266,42.630197059388536,44.38154134432141,0.12450893524564768
3825,43.12633039212221,42.985935250587566,41.286562711216305,40.54072003916619,28.530435381651387,42.322567295860026,44.357356059177995,0.12310256670557841
3826,43.130441731937374,42.92787883566856,40.70430311585121,40.128999623579766,17.500441897558396,42.39839031244445,44.36032635871767,0.12298846267803
3827,43.12699752410411,42.94752417053529,41.554773228208916,41.13567192200697,27.363194117766042,42.46207799859463,44.35688215088441,0.12298846267803007
3828,43.117671619960916,43.00700651709468,41.46556102550972,41.16701533603905,29.809481593318882,42.491376297123296,44.34755624674122,0.12298846267803011
3829,43.13645034240281,42.98549763257981,41.453049796144775,40.93209134360701,24.744296071436167,42.548819466198495,44.366334969183114,0.12298846267803007
3830,43.12116426374648,43.027753816142976,41.765738189797695,41.168272584276785,24.20129935411407,42.79731843752609,44.35104889052678,0.12298846267803018
3831,43.152122121759575,42.93696100949744,41.18155971337246,40.09553485217465,30.07435888004689,42.18419144453457,44.38200674853988,0.1229884626780301
3832,43.12742405576654,43.06111175833304,41.633770798367586,41.124999823552855,24.559289458663997,42.48681683516721,44.35730868254684,0.12298846267802999
3833,43.14728063316143,42.95957157633585,41.134439616435934,41.119006088403076,17.44953509796007,42.408019340656054,44.37279649396197,0.1225515860800544
3834,43.16010908100826,42.97955286163021,41.82480549672472,41.46097196101464,31.808642306674837,42.62784014596822,44.3856249418088,0.1225515860800544
3835,43.13170014122785,43.03867976041448,41.64146877022787,41.90784750793404,18.283074680568497,42.70883275989548,44.357216002028395,0.12255158608005443
3836,43.12894685200908,43.011094605491785,41.6569828116495,40.726839220738356,33.50029072542236,42.407300391658225,44.35446271280962,0.12255158608005444
3837,43.15314742987882,42.9852560807808,41.58070228851355,41.20420130282861,32.89051499477159,42.41595066706491,44.37866329067936,0.12255158608005445
3838,43.13828102015668,42.94908570765114,41.21587860537532,40.91061956489426,-9.87489157506095,42.35657421377007,44.363796880957224,0.1225515860800544
3839,43.14711163011465,43.00542253096022,41.34609624070381,40.46024254540617,26.325910805881968,42.283549108845904,44.37262749091519,0.12255158608005448
3840,43.149904008848054,43.043048312603396,41.59654853949433,41.16907224279399,26.882003141381006,42.5879539354933,44.375419869648596,0.12255158608005451
3841,43.12815298767203,43.00357985676069,41.78445242892604,41.21821193490039,34.00796136773339,42.55288484785994,44.35366884847257,0.12255158608005438
3842,43.14132796101278,43.0274354852762,41.91226819592419,41.117337877256325,36.88663894562756,42.58609495815084,44.36684382181332,0.12255158608005438
3843,43.138245464952476,43.018262466672894,41.295219965810475,40.978706798463804,3.4009690064764015,42.175738467323185,44.36376132575302,0.12255158608005445
3844,43.159287254091105,42.95994899983073,41.405578768893356,40.860199245907175,32.1324086180283,42.28937956790912,44.384803114891646,0.1225515860800545
3845,43.150063251462086,43.031394739459294,41.700097463208806,41.421952945266575,22.791755503579097,42.5802502276825,44.37557911226263,0.1225515860800544
3846,43.1316192013347,42.91283859112376,41.60788110706937,41.030699624060624,30.590363304326882,42.34565243466072,44.35713506213524,0.12255158608005444
3847,43.13435480121217,42.99639309037071,41.38557961111856,40.951539778052705,2.8132608858353834,42.48807464329103,44.35987066201271,0.1225515860800544
3848,43.12992412742644,43.01259918082265,41.443202009936705,40.791415307162175,30.923243044288512,42.36865788640905,44.357267024150744,0.12273428967243022
3849,43.13610812240579,43.03626720888557,41.69373365614244,41.17713080661087,31.605539826549222,42.51878603556504,44.36345101913009,0.12273428967243019
3850,43.138785264552006,42.988731839775134,41.240208979383546,40.3158624801357,27.88982659152209,42.28298764821623,44.36612816127631,0.12273428967243025
3851,43.11424293505458,42.911199810360394,41.2373085046463,39.912043713057834,30.12146888193645,42.26961996930038,44.34158583177888,0.1227342896724303
3852,43.14470799375341,43.0118338704763,40.99401241616017,40.75555657573762,-10.30269421064689,42.52171145763364,44.37205089047771,0.12273428967243037
3853,43.11728218870532,42.89370985004074,41.560768139419395,40.92203939007696,31.03383392811673,42.36729605965854,44.34462508542962,0.12273428967243029
3854,43.135706731041545,42.96806844151743,41.146701823739775,40.78644204532775,-12.568846497498747,42.553637155856734,44.366247933293565,0.12305412022520171
3855,43.14571845676693,43.003433103766284,41.34449382775251,40.98395179272223,20.39934392558163,42.40044008110891,44.37625965901895,0.12305412022520179
3856,43.13928971862499,42.95134196595327,40.98388891856611,40.335916183490106,23.696112271471666,42.07383731088164,44.36958495111656,0.12302952324915731
3857,43.129422724367515,42.98580477411441,41.7728376744781,41.33383697991489,30.69022121007722,42.447718360466745,44.35971795685909,0.12302952324915745
3858,43.12073764705304,42.92761507761059,41.244035455276496,40.61503749100428,24.301002842608394,42.33578857237596,44.35103287954461,0.12302952324915731
3859,43.15164448335852,42.99930655766169,41.818466083306475,41.740680235379,31.88715412116084,42.6278536898327,44.38193971585009,0.12302952324915738
3860,43.12662951480141,42.98610290840189,41.26479339895705,40.509773824978865,27.189152423328895,42.204758765458834,44.356924747292986,0.12302952324915747
3861,43.152042502000825,43.015422189091204,41.210061362596235,41.11360375228505,17.963209610595456,42.487522159039486,44.3823377344924,0.12302952324915743
3862,43.15769951427934,42.984498412803276,41.704804203359856,41.529668663085744,32.49048025451852,42.591103331260086,44.38799474677091,0.12302952324915732
3863,43.11397670382714,43.041948687733154,41.442579478538356,40.86681648645129,31.315598630191538,42.43009594116459,44.34427193631871,0.12302952324915735
3864,43.130191836937485,42.958281458120666,41.432497471221986,40.91257797178422,31.977803505891067,42.49573025542468,44.360487069429055,0.12302952324915738
3865,43.13677829910768,42.9244356035819,41.325154019686344,40.8500550403584,24.546259877148497,42.33837734604364,44.36707353159925,0.12302952324915732
3866,43.14289168624099,43.04320764334233,41.39078861562036,41.10299615197869,22.612430850524945,42.665276803360044,44.373186918732564,0.12302952324915742
3867,43.130097322530005,43.00919011156281,41.283993438085126,40.880153465241584,18.257775272786155,42.566117060326285,44.31041397225046,0.11803166497204556
3868,43.139368116263306,42.99694072992747,41.567621735641396,41.161585672657274,21.65750621091167,42.4501740212917,44.31968476598376,0.11803166497204558
3869,43.150999055915975,42.98938216495674,41.12270790234204,40.64270518527493,4.27308599186555,42.34304648666735,44.33131570563643,0.11803166497204559
3870,43.148313493840845,42.93078561155017,41.5450872431557,41.40278013200638,22.22575867071235,42.51602051732728,44.3286301435613,0.1180316649720456
3871,43.122752911053176,43.01100214173456,41.567734656416064,40.73542012520865,30.10071991559778,42.62787494876244,44.30306956077363,0.1180316649720456
3872,43.15163437362721,43.03782853587876,41.836054456326835,41.15730250058292,27.357527360049847,42.543763321086374,44.33195102334766,0.11803166497204555
3873,43.15400099141872,43.06446261113817,41.74392469912814,41.044789991409445,30.125427952953945,42.61992130031913,44.33431764113917,0.11803166497204562
3874,43.15762742268926,43.03855039444735,41.493672221476906,41.018928204872694,18.298527764647005,42.51805571013013,44.33794407240972,0.11803166497204565
3875,43.157752840381875,43.0530004219421,41.70132529202793,41.483863788439535,29.635253898200013,42.64626650851565,44.33806949010233,0.11803166497204555
3876,43.12974039933788,43.02590339789776,41.071117049550786,40.236131514465875,16.6669744977128,42.472501102822434,44.31005704905834,0.11803166497204567
3877,43.150688536779754,42.930964223215234,41.513517285181614,41.32180649561855,26.031342153738763,42.37519366096876,44.331420533866336,0.11807319970865839
3878,43.14154449976972,42.92663109692172,41.01133996209118,40.20550684897329,24.048487221699265,42.24293953404396,44.322276496856304,0.11807319970865843
3879,43.15134822882974,42.95362458438178,41.4962580558489,40.42776357797628,29.424746355668915,42.30543320865347,44.33208022591632,0.1180731997086584
3880,43.14448506559825,42.971470871687266,41.64388810544221,40.766592860663565,29.815225985879515,42.49472263920084,44.325217062684835,0.11807319970865852
3881,43.15349647407293,43.01087637530179,41.37328091467733,40.65351605548396,19.907822227381065,42.47999770150807,44.33422847115951,0.11807319970865837
3882,43.15711884716563,43.020176516131215,41.698355399819796,41.50074911354786,28.197255282591662,42.41757026020667,44.33785084425221,0.11807319970865846
3883,43.13871724916856,43.063491475545504,41.72272856555021,41.23098413079045,27.066687625799677,42.81346521625312,44.31944924625514,0.11807319970865833
3884,43.14461460894148,42.951662264686234,41.23086069283035,40.44739102577795,17.97534844484067,42.47382428518259,44.32534660602806,0.11807319970865833
3885,43.14798960565208,43.04205509924384,41.57127689599111,40.78856014514062,31.91386616908934,42.3609169315847,44.32872160273866,0.1180731997086584
3886,43.154070786082606,42.9289352330486,41.00699805800141,40.93629618595672,-9.91191496031702,42.19076258454374,44.33480278316919,0.11807319970865851
3887,43.17247577321864,43.019066634299385,41.49171477766412,40.899333622248776,22.25342351680971,42.35350684091022,44.288464545520625,0.11159887723019841
3888,43.16840980472464,42.95554408107408,41.70791548493937,41.132999940841884,31.87202490853589,42.36404567997678,44.28439857702662,0.1115988772301984
3889,43.16600932920661,43.05921846227046,41.575679194606046,40.84263790164338,32.701614606416776,42.316729063281194,44.28199810150859,0.1115988772301984
3890,43.169518097043756,42.97660434172474,41.37207607841398,40.23096232842427,29.03650997221893,42.3873552816057,44.285506869345745,0.11159887723019861
3891,43.169209033243746,43.02674620253046,41.18128215240975,40.86576852676535,23.83858130961893,42.37417127198778,44.28519780554573,0.11159887723019844
3892,43.197243089160956,43.04924767180773,41.35193963900009,40.57501640540849,30.43219213094633,42.44145628074824,44.31323186146294,0.11159887723019841
3893,43.15707949724383,42.990324171456365,41.25628653830978,40.520581230570535,25.64905212362379,42.41348816050207,44.2725140807132,0.1115434583469373
3894,43.15733126700544,43.038774735983814,41.447488850186176,41.074913646720155,28.081029314866278,42.54270597064013,44.27276585047481,0.11154345834693725
3895,43.19096134083311,43.02929984070983,41.524820496616066,40.80563904107937,27.752663549702334,42.48688974579331,44.306395924302485,0.11154345834693731
3896,43.17589361803316,43.04529219750583,41.75465129959484,41.35096670154087,31.534914729851977,42.55688782770855,44.29132820150253,0.11154345834693717
3897,43.17415555012591,43.040737236749415,41.541221885365815,41.25585085111169,28.12951891576103,42.54587019908456,44.30041752849309,0.11262619783671791
3898,43.14308085240643,43.05593100980597,41.29936938019749,40.3805094631121,18.811426124479866,42.594700656086644,44.26934283077361,0.11262619783671796
3899,43.155749451602894,42.830174506266076,41.053964523069254,40.45004546585696,28.811632624866032,41.99986463803124,44.28201142997007,0.11262619783671782
3900,43.17451215737483,43.07693751083511,41.90034292863626,41.3656924864555,34.15359108095515,42.631693271492026,44.300774135742,0.11262619783671783
3901,43.15264190106285,42.99728631837789,41.52551275503324,40.9870803934934,26.141932245694907,42.448696917460175,44.278903879430025,0.11262619783671789
3902,43.15825077657137,42.945932445933444,40.424315722148,40.618772610005216,-9.733075679778338,42.21761409088633,44.29073872777653,0.11324879512051575
3903,43.14291028372222,43.01257990926182,41.39882345067255,41.14340189599559,10.159064476458397,42.62268081674567,44.27539823492738,0.11324879512051562
3904,43.15870897190213,42.991626523445426,41.59481171077953,41.058452859639424,23.80011413071299,42.635759368636386,44.291196923107286,0.11324879512051562
3905,43.15881089090372,43.03379352299133,41.35775854810093,40.447840951481055,20.432345201068536,42.58873333133798,44.29129884210888,0.11324879512051562
3906,43.15237932883583,43.04102156158558,41.537507824144306,41.40324808634262,10.136164902007543,42.51589367984283,44.284867280040984,0.11324879512051567
3907,43.15554960252199,43.03379128920776,41.4287027701487,41.01217985155014,23.83916005780367,42.44966323125599,44.28803755372714,0.11324879512051568
3908,43.14012831758075,43.06891124879919,41.55316478531904,41.057097951915054,24.632207842084128,42.54033004726809,44.27261626878591,0.11324879512051561
3909,43.15602453227714,42.9810863276854,40.8495025517015,39.971055581466814,23.79396485742688,42.33619748656017,44.28851248348229,0.11324879512051568
3910,43.15251078581968,43.02189356243325,41.67153984264827,41.21677960669466,31.350442413886256,42.494612542733606,44.284998737024836,0.11324879512051564
3911,43.168090239678406,43.011114701547875,41.42656650558801,40.981399300089606,28.315569470222954,42.284974944611236,44.30057819088356,0.11324879512051568
3912,43.14318959286438,42.91547781932827,41.152584664605705,40.24469780041632,20.43692785332984,42.2039906919363,44.27567754406954,0.11324879512051571
3913,43.16585073005265,43.05340541816935,41.38367687600593,41.06281466594697,28.061221206564998,42.45008432202509,44.2983386812578,0.11324879512051557
3914,43.149437744532875,43.019177425276844,41.43927485744247,40.56680645666253,26.749819279832415,42.550322213004506,44.28192569573803,0.11324879512051557
3915,43.18713093331546,43.06822608771879,41.872162099927706,41.48475034113849,34.41230109125976,42.539843199948635,44.319618884520615,0.11324879512051565
3916,43.14631977971992,42.93870489840604,40.83659023335329,40.86200362835244,-11.961896009593225,42.38809698320961,44.278807730925074,0.11324879512051561
3917,43.15259309876423,42.99027194414538,41.37704115854507,40.45279649896064,31.99865927709146,42.5052568478464,44.285081049969385,0.1132487951205156
3918,43.15558504004611,43.039791627026474,41.1600378248293,40.48382652335347,26.274731996191413,42.175899889446015,44.28807299125127,0.11324879512051567
3919,43.161727454044275,43.059284216258455,41.58001588955668,40.96071599147665,33.25434898043335,42.302628587498525,44.29421540524943,0.11324879512051574
3920,43.1529125856967,43.028284447407934,41.52349912616737,41.20170859884996,32.01505389391455,42.33726840517582,44.28815476560519,0.11352421799084955
3921,43.14400903560828,42.98031558048355,41.44580174669073,40.608516450845165,32.94405241865303,42.526363221935824,44.27925121551677,0.11352421799084944
3922,43.16680185884255,42.98761928731333,41.17863159807441,41.09471601732604,-9.727430830473743,42.36717908424531,44.30079075459785,0.11339888957552997
3923,43.14782708806855,42.98372158740985,41.593480255101085,41.335804039612,30.34765033226162,42.40506467384928,44.281815983823854,0.11339888957553
3924,43.15423224656897,43.026071495051724,41.61925045110779,41.04324550901474,28.398692170006697,42.49525565265962,44.28822114232427,0.11339888957553002
3925,43.163065568839905,43.01619382281108,41.759073289473065,41.204673680160326,32.23767349647311,42.45538614715771,44.297054464595206,0.11339888957553006
3926,43.14813271012928,43.037365398577414,41.45864269444659,41.32565759628968,31.592129383539987,42.58248873175803,44.28212160588458,0.11339888957553003
3927,43.14667457811509,43.0322163139888,41.3046778351381,40.17753442631332,32.036609386555504,42.56735978191904,44.27866435128199,0.11319897731669006
3928,43.15921172395489,43.031459973073616,41.43017315677538,40.369171573457194,32.61795702351153,42.496412588305404,44.29120149712179,0.11319897731668999
3929,43.14689530876866,43.071495471230925,41.22272608597684,40.800622066896274,19.957344172451116,42.66665522780147,44.27888508193556,0.11319897731668996
3930,43.14016809503388,42.96642530875952,41.47381163510458,41.027289971665404,23.155513522838596,42.49560203644779,44.27215786820078,0.11319897731669003
3931,43.161048065972196,43.00250984960337,41.23407823243058,40.794479815100594,29.043306504589896,42.27018103984913,44.28846361476129,0.11274155487890931
3932,43.12695087702874,42.973160689958206,41.38094241869175,40.77514333838349,27.565020939386066,42.416740551261555,44.254366425817835,0.11274155487890931
3933,43.17020392379366,43.029444623407066,41.073070623917715,40.68662743833696,14.125900269495759,42.365130029905714,44.29761947258275,0.1127415548789093
3934,43.148627142713714,43.02415495169072,41.4706440922837,41.213424471281876,20.404246313098696,42.597455683233974,44.27604269150281,0.11274155487890931
3935,43.18246138982222,43.06086958551525,41.6624450883462,41.21315294268166,29.15356505293638,42.46201377228843,44.30987693861132,0.11274155487890933
3936,43.16706641779853,42.83930814724197,41.00094454189791,39.98810201304496,26.643872776215023,42.05244491255789,44.294481966587625,0.11274155487890929
3937,43.16248556053114,43.01948383964293,41.404111048303555,40.89318862685753,23.923492247752776,42.34307635357891,44.29090015819725,0.11284145976661124
3938,43.16318331298686,42.97451147117822,40.92667925178906,40.43846059691571,4.476833693826833,42.210638447202975,44.291407364581175,0.11282240515943161
3939,43.147474769070406,43.06676181910099,41.8117208927737,41.26696687658166,27.368502484675382,42.595097141998956,44.27569882066472,0.11282240515943161
3940,43.184101310681605,43.0401973950398,41.71130291529504,41.203233846266876,28.91303655106604,42.581794252856014,44.318778315386965,0.11346770047053621
3941,43.18115066983901,43.0604216353869,41.73092709248862,41.43489318901602,26.190345401178455,42.67603675478907,44.31582767454437,0.11346770047053617
3942,43.14404686159762,43.04332369579535,41.617703723225915,41.00139664054146,32.67467860938139,42.587345612071736,44.27872386630298,0.11346770047053616
3943,43.166184075513655,42.95571037583011,41.95579183805752,41.48722127422595,28.123593412344498,42.61752489588402,44.300861080219015,0.11346770047053616
3944,43.15903333244699,43.053423635203146,41.41905647610008,40.689916626961114,23.201944510467094,42.54226837957562,44.29371033715235,0.11346770047053616
3945,43.16306382861687,43.0331080644568,41.348812787168676,40.854797986625265,19.382678649539265,42.42564420205117,44.29774083332223,0.11346770047053614
3946,43.168919433601694,42.96658519253995,41.513416838035226,40.59937834923226,26.27854660033968,42.14578960850622,44.27604440806931,0.11071249744676191
3947,43.187278412612045,42.99246431178277,41.661695882008566,41.16343438885801,31.562630927912156,42.46985816623827,44.29440338707966,0.11071249744676188
3948,43.16555369107834,42.95518301493088,41.382449826062086,41.09312388502702,23.110224280692282,42.51374090418372,44.27267866554595,0.11071249744676187
3949,43.20283882488108,43.01022540638703,41.28013270589516,40.71355546923182,19.252533843146885,42.44950358589554,44.309963799348694,0.11071249744676186
3950,43.16570474386251,43.070090793694895,41.27984948622246,40.7785297535047,22.911988909062536,42.502510661328145,44.27282971833013,0.1107124974467619
3951,43.19071548951969,42.969267258914996,41.67219878704204,41.13878716845217,31.982713068808565,42.60770167092227,44.297840463987306,0.11071249744676191
3952,43.1559871413771,42.94757379202415,40.99531335819438,40.447862099675746,23.18001570679855,42.15013188820528,44.26311211584472,0.11071249744676184
3953,43.16208105718593,43.00491786973346,41.673840391001704,41.17395166583876,32.94835613995781,42.51485601808457,44.269206031653546,0.11071249744676184
3954,43.18085395494433,42.924187057887025,40.90979158348006,40.49206929874026,18.448375045724358,42.41086873884408,44.28797892941195,0.11071249744676198
3955,43.2028832074864,43.04108472822335,41.57643039124733,41.03116348639628,26.060081899851383,42.44527552864612,44.31000818195402,0.11071249744676186
3956,43.18319960213044,43.047805214367024,41.33355515415155,41.49812012911804,22.267736631601508,42.53187642201465,44.29169331335805,0.11084937112276097
3957,43.17958744378818,43.030766474181725,41.12363894495817,40.36422540123522,28.77654910231559,42.387189094774385,44.28808115501579,0.11084937112276091
3958,43.176691119045586,42.974198338239326,40.89740372597802,40.53596549996809,5.881973215018704,42.351213377193105,44.285184830273195,0.11084937112276108
3959,43.173558645748415,43.04589090751863,41.368311477191185,40.49871283511468,26.166049650476445,42.414119947195715,44.282052356976024,0.11084937112276103
3960,43.185545596745946,43.07507055157207,41.39805623283214,41.51608504857383,6.975407974351988,42.613978480210854,44.294039307973556,0.110849371122761
3961,43.179760505516036,43.07550957491642,41.24941560734136,40.806011351708314,26.465364459297692,42.40254813505193,44.288254216743645,0.11084937112276103
3962,43.15828056809493,42.89853146034512,41.57760068401558,40.59518409319093,31.94321675710919,42.31182156399744,44.26677427932254,0.11084937112276097
3963,43.164110589561815,43.08848250860135,41.235692014891995,40.934572589472545,24.235721826366344,42.49459568124796,44.272604300789425,0.11084937112276094
3964,43.15760059552817,42.99294899903791,41.62451772012449,40.95795051930037,32.94250959070656,42.37745739295909,44.26609430675578,0.11084937112276101
3965,43.17619794401929,42.99873862538685,41.65679771207019,41.62842397941058,25.274307630373354,42.54110904043242,44.2846916552469,0.11084937112276098
3966,43.19545889932117,43.03652185661456,41.02852470048094,40.59966157586674,19.60301643645109,42.39935451683594,44.304152136780274,0.11086932374591066
3967,43.174833164188975,43.07635609404825,41.533497840219724,41.07159568693048,26.864917206978262,42.461585315756075,44.28490678591268,0.11100736217237098
3968,43.175808192720844,43.081604109463825,41.3685522486604,40.1920024535035,29.675969992988833,42.39298444418843,44.28499056350642,0.11091823707855768
3969,43.17011142434747,43.0017609041268,40.99819298843134,40.31802937937493,24.62784679750029,42.29229253456572,44.27929379513304,0.11091823707855765
3970,43.16665738571193,43.00437275483909,41.67579607333714,41.09973094907683,32.10653671855923,42.44556632446949,44.281749501569465,0.11150921158575376
3971,43.17325232259634,43.060820992174136,40.85227781466516,40.22963805777017,8.077558468668336,42.240681675639806,44.288344438453876,0.11150921158575368
3972,43.19206550030026,43.04160291792585,41.666197382617675,41.541030448310764,24.080293440442393,42.67552387898962,44.307157616157795,0.11150921158575366
3973,43.188652856545126,43.02879652897479,41.115635115702034,40.32992385207221,10.14205352957601,42.62191953368108,44.30374497240266,0.11150921158575375
3974,43.173469217402165,43.02772046544758,41.37670209095157,41.09594207489201,27.181466731416904,42.462109055648014,44.2885613332597,0.11150921158575365
3975,43.18884294004897,43.08605325381723,41.34202613960736,40.82967781946358,28.933534595532322,42.47548514152645,44.30393505590651,0.11150921158575361
3976,43.184841352679435,43.05448794047622,41.66613445054973,40.71245915980967,32.22732459397938,42.61414062041262,44.29993346853697,0.1115092115857537
3977,43.17481130273104,43.046239558368235,41.42026666539718,41.0922248580185,30.804762017130237,42.344657143056125,44.27257641172583,0.10977651089947944
3978,43.186962339350515,43.01751844124702,40.8127905741198,40.59424732499383,1.4574946203943,42.26799273185354,44.27872534762119,0.1091763008270673
3979,43.19644920218094,43.03040945042241,41.49586108490149,41.371072794485116,8.632573619160134,42.67797679246897,44.28821221045162,0.1091763008270673
3980,43.20313697506715,43.10919916336634,41.33121965811151,41.124902660029285,31.505771448671084,42.662118181588795,44.29489998333783,0.10917630082706738
3981,43.21218328848297,43.09856331147903,41.8904290261192,41.491243498020594,30.189853030265958,42.64758662402956,44.303946296753644,0.10917630082706746
3982,43.20684235619318,43.0794916836243,41.07103082028266,40.159527769352906,24.67224985590344,42.498130774510514,44.309825549006874,0.11029831928136936
3983,43.19142844961261,43.02907163250268,41.55911279611174,41.13328942019653,29.736566181048712,42.42971627174005,44.294411642426304,0.11029831928136935
3984,43.16343817168667,43.028238769468494,41.413569794240246,41.00273669626371,28.051121013366718,42.39450307504254,44.26642136450037,0.11029831928136931
3985,43.183660203989476,43.10413430843495,41.42368804370082,40.3201452517921,19.550440068421175,42.37233119913361,44.287832109550095,0.1104171905560623
3986,43.19637521634633,43.06796207415011,41.5440159180598,41.07093504910888,29.478427061595212,42.427569759560214,44.30054712190695,0.11041719055606226
3987,43.18404950666566,43.09725176521944,41.58967160825297,41.22316110043934,24.902555596937614,42.557099907183,44.288221412226285,0.11041719055606236
3988,43.19672386759966,43.09343201375581,41.61369997389202,41.32829303357081,31.574194289625073,42.653272718243926,44.300895773160285,0.1104171905560623
3989,43.17130498756523,43.090747349800516,41.39970977029335,40.982216774045625,21.55128569471661,42.617876455700284,44.27547689312585,0.11041719055606226
3990,43.17788745415377,43.03245707290385,41.44335842391641,40.68029938991536,20.538723140911372,42.424261929074284,44.282059359714395,0.11041719055606239
3991,43.17149773890531,43.02221158775493,41.011757315787804,40.403076665122136,18.505026757719826,42.242972033420415,44.275669644465935,0.11041719055606246
3992,43.20285558428376,43.08766225853548,41.172530768901424,41.72516958887553,-9.726602964770443,42.66857316512542,44.30702748984438,0.11041719055606224
3993,43.21546736923882,43.0200505147507,41.414152974802455,41.027408821287764,31.43477100492708,42.532617729946516,44.31963927479945,0.11041719055606233
3994,43.171762703871366,43.06651319781197,41.523867598185845,40.90224566465599,24.869505909114878,42.508111843032964,44.27593460943199,0.11041719055606233
3995,43.178025659726465,43.06933681261653,41.432534983735884,40.57984794315687,30.59270599820429,42.472996290239706,44.28219756528709,0.11041719055606236
3996,43.18099858765818,42.984903982134114,41.1690359972762,40.73053429056327,27.01078499608155,42.354440342010676,44.28517049321881,0.11041719055606239
3997,43.1940256786924,43.027071064584405,41.167823175219674,40.611109169761804,29.726802324272484,42.433119264580995,44.29819758425302,0.11041719055606228
3998,43.18650873979689,43.00556312378778,41.34181803494096,40.75724403788317,20.245237411415232,42.57882958563771,44.29068064535752,0.11041719055606243
3999,43.17513917576499,42.87321729662555,41.258826871544535,40.6415640704802,30.207565622788564,42.15134237294289,44.279311081325616,0.11041719055606236
4000,43.21250651130809,43.104733496483085,41.72128803209936,41.59420717281722,27.801621996187023,42.713688288104095,44.31667841686872,0.11041719055606233
4001,43.193348708057584,43.08679674080086,41.205476840859276,40.40224695016102,29.07385027745768,42.58194822775212,44.29752061361821,0.11041719055606235
4002,43.18102137331801,43.0992324934695,41.32832312949603,41.37553754876892,-5.5692671448423,42.61898413319361,44.278967306040656,0.10979459327226446
4003,43.19398588269033,43.08797289076035,41.6485391931668,41.027234395347485,27.992743815518846,42.69716130768498,44.29193181541297,0.10979459327226451
4004,43.211577663838156,43.04216989709137,41.56499597906245,41.32422720204566,28.045323315108913,42.481014096824104,44.3095235965608,0.10979459327226455
4005,43.20613806578597,42.93836016997425,41.356553749126775,41.055464469739675,26.19121594409671,42.32258816770106,44.30408399850862,0.10979459327226455
4006,43.20558397339964,42.97804801309086,41.552805859174505,41.15775606577922,32.96640029642757,42.52420804672171,44.303529906122286,0.10979459327226457
4007,43.21521146186292,43.073222731683906,41.39722988423081,40.83872325021209,31.37926508923628,42.58749071642484,44.313157394585566,0.10979459327226451
4008,43.178283985672444,42.9010012052634,41.09458487853705,40.44807191208881,25.59028707384495,42.36768078939086,44.24460714179341,0.10663231561209628
4009,43.221935160812905,43.134544631730144,40.92330039004656,40.90148918128781,13.835273219324893,42.498022717265194,44.28825831693386,0.10663231561209618
4010,43.22145892983694,43.094570927550215,41.42419200403462,40.5317592296275,29.292030920249047,42.428914449619846,44.2877820859579,0.10663231561209612
4011,43.231361436337764,43.07649912327484,41.24246289987526,40.6080791559563,21.492061104369146,42.5245129346836,44.29768459245872,0.10663231561209613
4012,43.21577507887504,43.037784145565894,41.24089868369435,41.02925091234995,26.949946745445825,42.39993994924072,44.282098234996,0.10663231561209612
4013,43.20922783900585,43.01780379555876,40.937282412877956,39.93219761711609,27.290282502970673,42.36748857744378,44.27555099512681,0.1066323156120962
4014,43.22202921054845,43.119577641498125,41.90273518808951,41.332884653321614,33.71947621211782,42.78962782617836,44.28835236666941,0.10663231561209613
4015,43.24671916724824,43.09157897614418,41.632462882004994,41.0447512839273,30.65579084400115,42.58126074908875,44.313042323369196,0.10663231561209618
4016,43.221989400900085,43.05890369715944,41.388743438579645,40.646503964289145,29.435440681947746,42.381210689903355,44.288312557021044,0.10663231561209617
4017,43.22281205943871,43.027544780641016,41.55439437558664,40.94700605034523,22.81634175483859,42.59502032120935,44.287872321050564,0.10650602616118539
4018,43.24588330445522,43.05536784247865,41.83854148196721,41.317038942649376,33.33027367018842,42.38937924088327,44.310943566067074,0.10650602616118522
4019,43.21661484919946,43.13647939048764,41.2210008626023,40.34862892180999,19.397790295613248,42.695640624044145,44.281675110811314,0.10650602616118528
4020,43.215039595628596,43.13540985698105,41.363512447913635,40.89596310733515,15.551910579040598,42.56684754320155,44.29115080345597,0.10761112078273719
4021,43.208385567719574,42.97003566727661,41.31880062534573,40.29166483062939,30.831029593294126,42.366784521362064,44.29470172709741,0.10863161593778387
4022,43.21150277799974,43.06063016208058,41.30854261116655,40.94242674321299,27.58786356609488,42.26891087652896,44.29781893737758,0.10863161593778384
4023,43.25160459838366,43.015908082312556,41.328500719284385,41.07226924361157,23.46051049492393,42.57629881694611,44.30188816252802,0.10502835641443665
4024,43.22929315311403,43.11082769182374,41.41931482988666,40.94481234321577,30.53912657038512,42.46475351318502,44.279576717258394,0.10502835641443661
4025,43.220115565018396,43.127264824385946,41.73364386625829,41.22886824052017,26.218845854927032,42.52209131700721,44.27039912916276,0.10502835641443653
4026,43.2276540437579,43.09851830125413,41.446335962918724,40.90164028298651,23.624713102744696,42.335208149599985,44.273039819708586,0.1045385775950682
4027,43.22826626340649,43.150508522463994,41.549998462006194,40.78183078677922,31.96865854840865,42.606067265064794,44.273652039357174,0.1045385775950682
4028,43.23723915356295,43.08403137456746,41.19261367711385,40.58865616102094,-11.298313703546434,42.43546994901177,44.28262492951363,0.10453857759506807
4029,43.20666674758153,43.022115420790925,41.241326296178485,39.8605780457974,32.141411247941804,42.186693136674364,44.25205252353221,0.10453857759506806
4030,43.23006174024841,43.101830353582,41.414604820843905,40.63301486051779,23.89731538064199,42.475594104322674,44.26422733165607,0.10341655914076622
4031,43.236008535056726,43.072304044386506,41.758871582883735,41.268527775458914,34.26494292043395,42.485893371680234,44.27017412646439,0.10341655914076613
4032,43.251903384812174,43.12811429288436,41.71272845293922,41.14108132038665,28.352861333599446,42.726529740064215,44.28606897621984,0.10341655914076618
4033,43.25204841306621,43.051393300407604,41.15578618530358,40.872014521820574,6.594402555107727,42.42825440139971,44.28621400447388,0.10341655914076626
4034,43.243011568556426,42.962667296664655,41.19380604031934,41.025912993624495,19.87105675518433,42.339904333935735,44.27362303066419,0.10306114621077635
4035,43.26109713961275,43.06657689955152,41.24065322219232,40.450004973866164,22.657726844190087,42.39804318763166,44.291708601720515,0.10306114621077625
4036,43.22431911701591,43.1265659032053,41.45096937978168,41.01119086393221,22.172594761076272,42.418847084512024,44.25493057912367,0.10306114621077626
4037,43.24959983830698,43.10589200268378,41.746057738956345,41.32692799143856,29.982262525362945,42.700305991311225,44.28021130041474,0.1030611462107763
4038,43.23286827069502,43.13454398656473,41.51857205158929,40.97910974748428,20.055708841560435,42.64037613759186,44.26423243891647,0.10313641682214524
4039,43.24592152507777,43.01806298411026,41.705820820488434,41.21080647593232,24.267296733166802,42.373425162636444,44.27728569329922,0.1031364168221452
4040,43.24213572591214,43.112989988331044,41.174267465257444,41.13521089303019,4.560979479366949,42.69842279717487,44.27349989413359,0.10313641682214525
4041,43.232442606209084,43.08713310144602,41.292241759343526,40.605099105090105,27.57087806152209,42.4175449044222,44.263806774430535,0.10313641682214518
4042,43.24260768512358,43.02550695139284,41.105744854821566,40.97917584517842,4.4450877402937365,42.27816058410322,44.27397185334503,0.10313641682214512
4043,43.21674475129015,43.0751764974865,41.732414285286886,41.30673505878845,25.793839608454082,42.52049803315963,44.2481089195116,0.10313641682214518
4044,43.24499489708659,43.01981564854105,40.91179637339284,40.413473279861066,22.654518589208102,42.17753771045811,44.27635906530804,0.10313641682214517
4045,43.2454006410128,42.90593880597474,41.05296650611537,40.756308538898566,23.683007903812097,42.37869501202695,44.27676480923425,0.1031364168221452
4046,43.232665904408684,42.99843901681605,41.51777623426682,41.18988850258313,31.95193913486724,42.43134819163498,44.264030072630135,0.10313641682214515
4047,43.22956383403324,43.08046987495906,41.3772850960241,40.66778977073624,25.8918653736515,42.58041410984764,44.260928002254694,0.10313641682214517
4048,43.25435353806148,43.11439031347498,41.16129724234281,40.578560362960424,1.2020564617547862,42.6358729700743,44.28571770628293,0.1031364168221452
4049,43.24543792162267,43.13444243595916,41.71283840327604,41.52113111197322,29.54751571229968,42.599536221773846,44.27680208984412,0.10313641682214522
4050,43.24063907084936,43.122733125213976,41.846953405585054,41.50657999603217,32.98224998646266,42.46262121248244,44.27639326961487,0.10357541987655113
4051,43.234596965426526,43.05070223712607,41.3390172471719,40.64675991465291,20.55607631692186,42.43488740007717,44.270351164192036,0.10357541987655111
4052,43.235015692660625,43.127253849925765,41.433467754674005,40.903967389065706,22.34680397162441,42.613982370983024,44.270769891426134,0.10357541987655101
4053,43.22261748486608,43.11345526615809,41.50378279198395,40.63128230428117,24.411309183634636,42.477704972990495,44.25837168363159,0.10357541987655097
4054,43.24492941143262,43.11567318990625,41.436880026455675,40.91668726315574,2.8246771092555605,42.74945153334427,44.279702818011266,0.10347734065786435
4055,43.21000371085018,43.11697852111043,41.484977321505404,41.1657448774069,24.404191956020647,42.57583021078854,44.251881659358006,0.10418779485078278
4056,43.218548643288095,43.136281747762204,41.38383680429585,40.866916298316774,26.149151781767547,42.71531008044313,44.260544081551416,0.1041995438263323
4057,43.2411298491152,43.10961648926435,41.56911585901433,41.46405449221739,23.856041007786754,42.65406267616502,44.28312528737852,0.10419954382633229
4058,43.2248483204111,43.07720143045621,41.36814629029334,41.20474312079587,-11.41338879056162,42.626190534156336,44.26684375867442,0.10419954382633226
4059,43.21920862329363,43.12892693190239,41.52403988149497,40.86987868012525,29.342311934410468,42.30751594201584,44.26108657180146,0.10418779485078278
4060,43.2285959891944,43.06517356445935,41.263109056658294,41.00112360360819,26.477011223592957,42.278866235757924,44.27047393770223,0.10418779485078283
4061,43.23714561536781,43.08365897861168,41.023687028154704,40.92275428866639,-12.524001133813478,42.30552421547698,44.27902356387563,0.1041877948507828
4062,43.23769829050212,43.11174970149607,41.65051621921555,41.48334250165961,10.474932257894729,42.7205552180448,44.27957623900995,0.10418779485078292
4063,43.237513835348054,43.02903939485969,41.06069335067724,40.50504227176327,18.16691575445858,42.475103670632414,44.279391783855885,0.10418779485078286
4064,43.23154934836268,43.11576439659492,41.63611397837881,41.21112055104018,24.311701458590512,42.51104171918753,44.2734272968705,0.10418779485078278
4065,43.23458690835764,43.11616585739732,41.65543178625495,40.980906719280966,33.416669527891074,42.66712692233095,44.27646485686547,0.10418779485078285
4066,43.23120029601786,43.0773952313251,41.34641950622841,41.067624868998465,25.84538697369666,42.479804583997755,44.27307824452569,0.10418779485078286
4067,43.24345250025242,43.123061966886816,41.532112879173155,41.44650180779622,14.956769955191657,42.840114164479814,44.28533044876024,0.10418779485078278
4068,43.2192158980313,43.0155895163491,41.28362377186472,40.68355111499018,25.00141492305373,42.36892642148498,44.26109384653913,0.1041877948507829
4069,43.21280942341435,43.11565638754731,41.38425478530895,41.02480009353014,20.264173055585115,42.51138393000579,44.25468737192218,0.10418779485078287
4070,43.25592742623957,43.08776628379375,41.38480115346968,40.88885577709225,26.250879263921394,42.3723749240952,44.2978053747474,0.1041877948507828
4071,43.22853441438271,43.09137208171432,41.5661808509216,41.014447676997364,26.89456026711459,42.60151994867097,44.27041236289054,0.10418779485078287
4072,43.233909372254026,43.1129255582453,40.842640187709875,40.549302011418455,-9.689268735892291,42.387240273811315,44.27558779453036,0.1041678422276331
4073,43.21294714662653,43.11292701863863,41.73608605031675,41.55754972537184,29.899921134950073,42.72672068899826,44.25462556890286,0.10416784222763303
4074,43.199607072884376,42.97805928641008,41.436591985228866,40.673267744538585,30.278397601321686,42.32296833799363,44.24128549516071,0.1041678422276331
4075,43.21811961500202,43.0327376389905,41.611902981768,41.04788703913666,31.010990234348952,42.44391908420677,44.25979803727835,0.10416784222763315
4076,43.20608764156444,43.113676625503714,41.79984128200483,41.24814940175667,29.96794729436609,42.55529046599305,44.24776606384077,0.10416784222763319
4077,43.21863082512958,43.136765233482635,41.88110782977367,41.444221276421665,30.50271275351566,42.68187859241611,44.260309247405914,0.10416784222763316
4078,43.24639959990019,43.00219717311555,40.98890033371454,39.57667948596009,27.310167563329166,42.22434777539497,44.28807802217652,0.10416784222763305
4079,43.22122448064652,43.04773023772614,40.71655142604358,40.68791537029008,-9.995980278479365,42.28083587056652,44.26290290292285,0.10416784222763308
4080,43.2397431334532,43.07128386953592,41.51042789628444,40.865966362036744,32.267067684743594,42.43626121355699,44.28142155572954,0.1041678422276332
4081,43.2216142316593,43.09536179229543,41.91034574544136,41.436515310022614,33.906765615210844,42.715333689172596,44.263292653935636,0.10416784222763312
4082,43.21518898314512,43.03465789960232,41.527903896407516,40.394817329369026,28.704211392626025,42.41997835050985,44.25686740542145,0.10416784222763317
4083,43.24973389705021,43.12065268357423,42.014117873963116,41.381400653079375,37.5215261208639,42.70871254012502,44.29141231932655,0.10416784222763308
4084,43.21819922942944,43.08764505981613,41.73342947658266,41.226377806082446,32.90888009821137,42.426758289407395,44.25987765170577,0.1041678422276331
4085,43.22213721237982,43.11841576475551,41.43903273779584,40.94317681113972,18.498362526516452,42.41175710848344,44.263815634656154,0.10416784222763324
4086,43.21491368034855,43.119753486159915,41.68747547192879,41.176473875251006,31.95558161317782,42.50251409644696,44.256592102624886,0.10416784222763312
4087,43.196768690319985,43.07836567151814,41.854400419605255,41.18351805775437,34.469302969146874,42.64043752457311,44.23844711259632,0.10416784222763319
4088,43.22515553375647,43.11219971186009,41.576327080700175,40.845590524379915,20.132476107362805,42.6866235285776,44.26049286123647,0.10353373274799983
4089,43.23107159600678,43.060387527451006,41.554206054316474,41.0407954079992,28.053507385213532,42.55083956383049,44.26640892348678,0.10353373274799996
4090,43.21496536874315,42.99303186158568,41.57662950350423,40.71684819466096,31.588862467289836,42.405547540593204,44.25030269622315,0.10353373274799998
4091,43.2187432204064,43.07429074282528,41.48470302162578,41.224891384537884,9.901428465969175,42.551587371018414,44.2540805478864,0.10353373274799992
4092,43.22545250159533,43.103810951616175,41.67838857683091,41.457583895318464,28.758858887545877,42.592578150953116,44.26078982907533,0.10353373274799986
4093,43.227881387359766,43.0649923460787,41.30839009259235,40.87236121131471,8.650136451740849,42.47386284854649,44.263218714839766,0.10353373274799993
4094,43.234172355762176,43.08216048401878,41.71122075789422,40.93247616046418,32.753378383774844,42.6320129320341,44.26950968324218,0.10353373274799986
4095,43.23059844495599,43.048147449652106,41.554373353459,41.38378235869001,29.08130519278766,42.456654920052266,44.26593577243599,0.10353373274799983
4096,43.212518796535214,43.09809546072083,41.813520279917086,41.15453230506759,33.400093444177585,42.62085394339151,44.247856124015215,0.10353373274799997
4097,43.22894417249033,43.11896467069199,41.562336292838694,41.429793948391676,-0.006818386930120823,42.64714737892628,44.25662276920853,0.10276785967182014
4098,43.20775844461586,43.01340504746748,40.8639473264832,40.463239399993434,-12.927233522931985,42.42314839460662,44.235437041334066,0.10276785967182013
4099,43.24761555301448,43.13896359221068,41.4597973089502,41.00330257834922,27.511781933032257,42.668138593393174,44.275610377498694,0.10279948244842191
4100,43.23559504320957,43.05552709631755,41.5560100921984,40.797306821794805,32.839341023250725,42.201666496392065,44.26358986769379,0.10279948244842192
4101,43.22601132132276,43.13281101769256,41.87809376378368,41.40720322922884,31.573757344106134,42.83296074437665,44.254006145806976,0.10279948244842185
4102,43.24440428077194,43.12390158085463,41.87235014237891,41.106963826248744,36.14513518865813,42.457221049309084,44.272399105256156,0.10279948244842188
4103,43.2317581175743,43.01737015264404,41.68366967134696,41.694644876633866,25.042120727365074,42.532581500926966,44.25975294205852,0.10279948244842184
4104,43.24797483636793,43.02327589743181,41.42615048728211,40.87858533722211,27.458714297489085,42.27302430060605,44.27596966085215,0.10279948244842184
4105,43.23514101838229,43.08347193338419,41.78208893954427,40.831423945850894,34.636014538611235,42.578331753496386,44.26313584286651,0.10279948244842195
4106,43.213373191903315,43.09873970896819,41.74192988768305,41.066559001778835,32.76396026504234,42.666676024020376,44.25664454769673,0.10432713557934128
4107,43.19499824309,43.12050156288977,41.36309791178346,41.139586934457306,24.166159676935923,42.70514088904686,44.24449557172139,0.104949732863139
4108,43.20723263702711,43.01027787245768,41.25959312750329,40.527985645613946,27.259409627266983,42.336987284581944,44.2567299656585,0.10494973286313913
4109,43.22792396606241,43.05465472594841,41.27158914819378,40.75107010486076,26.36350458636714,42.52884914421328,44.26663741087404,0.1038713444811626
4110,43.22751927166077,43.094141244866385,41.67113092941043,40.97325177596763,19.08643313034181,42.68266058678107,44.266232716472395,0.10387134448116253
4111,43.21429719060067,43.115611950879405,41.600377727204936,41.45316280699167,-4.463158550726099,42.77913355828312,44.253010635412295,0.10387134448116261
4112,43.218293932692674,43.09277253258878,42.013042658009816,41.49124672460228,36.34702478989808,42.66445657213273,44.2570073775043,0.10387134448116267
4113,43.211720956027094,43.00226464956134,41.388548986905825,40.85049937056634,28.66525259843677,42.313325897340405,44.25043440083872,0.1038713444811626
4114,43.230908201687775,43.102431580229556,41.34938280008667,40.43613039716627,30.773685299066145,42.303088860929094,44.2696216464994,0.1038713444811627
4115,43.22198008619966,43.121685217008995,41.68908368481317,41.16793882057019,23.316889676826186,42.64448742759052,44.26337698326659,0.10413968970669295
4116,43.22492823102052,43.10629851808863,41.99926863241752,41.326222487303305,35.91590787829765,42.75020381936995,44.26632512808745,0.1041396897066929
4117,43.21910829203478,43.01451085904224,41.290830986987665,40.697955536055055,31.084173981898907,42.40088089678514,44.260505189101714,0.10413968970669292
4118,43.215790738158155,43.1166607326282,41.5012508589558,40.86102246373575,20.515082789878466,42.51709563126248,44.25718763522509,0.10413968970669292
4119,43.21236238830896,43.042780860990405,41.34402741910395,40.87542715260297,18.091239620433335,42.44021926708593,44.25375928537589,0.10413968970669286
4120,43.20294682917085,43.07410097927561,41.96588836697276,41.77566950148484,32.232338275464635,42.61543675446194,44.24434372623778,0.10413968970669295
4121,43.20298898134194,43.086619531036845,41.73702452354534,41.39233329392643,33.343216257238346,42.7231157323883,44.24438587840887,0.10413968970669288
4122,43.20342951575774,43.04632455231505,41.73097578007717,41.00388722957803,33.14298948334056,42.51399672947205,44.24482641282467,0.1041396897066929
4123,43.22473788634324,43.043935909426615,41.41641094345992,40.83432074285457,23.239234055374595,42.42968528203657,44.26613478341017,0.1041396897066929
4124,43.23490547958269,43.06083143555157,40.90945250676573,39.94321868359245,24.052769907238826,42.44386608624121,44.26976017604563,0.10348546964629342
4125,43.24396112901523,43.14931852746039,41.48759800447673,41.207489931961746,-11.351370961125852,42.71675640008388,44.27881582547817,0.10348546964629345
4126,43.24363271518976,43.09081476960548,41.32025138490009,40.05417530455948,30.262891770180808,42.55002708784973,44.2784874116527,0.10348546964629345
4127,43.24391685979344,43.03550714607238,41.305285225349934,40.845977988216355,17.261741654219037,42.50346388008215,44.27877155625637,0.10348546964629349
4128,43.22822791848899,43.1091966503572,41.448944784348164,41.07375969730094,28.481806256847015,42.508468777918374,44.26616479762272,0.10379368791337329
4129,43.240557015242324,43.11755801209109,41.7180746290903,41.13203744052579,28.133656580572584,42.5770782575781,44.278493894376055,0.10379368791337332
4130,43.22902131608122,43.134059830785404,41.870523601993725,41.418254865806475,33.646322884799616,42.62790147255106,44.266958195214954,0.10379368791337325
4131,43.24437700076911,43.062847837052615,41.26685730452874,40.30590596106796,30.895178862906896,42.489071115551795,44.282313879902844,0.10379368791337328
4132,43.24284420420073,43.121251421016275,41.38104736748073,40.795118237218134,27.34622003962784,42.55689276361852,44.27277378658252,0.10299295823817896
4133,43.2370462557772,43.144243052939096,41.323281719251575,40.8537967097473,13.898858364897858,42.61648950287669,44.26697583815899,0.102992958238179
4134,43.24551306021386,43.11727369804408,41.56977538762137,40.99820585724256,29.535618160540977,42.55448038417133,44.260802044397636,0.1015288984183773
4135,43.23326730606074,43.062732058234914,41.781641336896925,41.53914871665385,34.74747932592956,42.450682601453295,44.248556290244515,0.10152889841837731
4136,43.23944746672101,43.14543319625776,42.2129180018047,41.95641916157238,32.981480908192495,42.82653956084418,44.25473645090479,0.10152889841837733
4137,43.23963436044085,43.120295681591834,41.40960057387835,40.911785406426,29.004595721276424,42.47100448630523,44.25492334462463,0.10152889841837735
4138,43.258082018123226,43.10568792192688,41.478035781524255,40.90141259706973,20.317614533668653,42.6273932800431,44.273371002307,0.10152889841837741
4139,43.25175082277215,43.10980640789639,41.57519109156583,40.55866719292971,28.08429113716148,42.49957346521602,44.26703980695593,0.10152889841837737
4140,43.22974122561425,43.159561796525175,41.91867785648793,41.448715980338825,31.546422695060023,42.81988416980485,44.245030209798024,0.10152889841837737
4141,43.236119580461214,43.1337954846319,41.49723840451861,40.90409145006248,31.877862338997886,42.66209173520191,44.25140856464499,0.10152889841837738
4142,43.23802734289137,43.109390603918534,41.28674296893928,40.40156581389967,29.094768871336093,42.5702814469263,44.27025837923436,0.10322310363429944
4143,43.21941136475081,43.060623810458985,41.329913138798645,40.560753227474414,27.67752731639094,42.610076643498665,44.251642401093804,0.10322310363429951
4144,43.20976034541252,43.065256210838065,41.74437431164569,41.25081156791954,32.238569062716046,42.54453121720932,44.24199138175551,0.10322310363429947
4145,43.21428836855894,43.125336468447976,41.54217983723964,41.18923929588621,29.924812710961497,42.715909958121614,44.25213874536898,0.10378503768100415
4146,43.21341345709091,43.0594901685147,41.50649962416742,40.58031832494508,30.266525738829863,42.455672124356845,44.25126383390095,0.10378503768100418
4147,43.21551555787455,43.04769754978127,41.33283925444585,40.99443762604261,13.960102147511048,42.52216428941165,44.25117817306064,0.10356626151860929
4148,43.222599243481675,43.03430389840057,41.51183415124757,41.271870055875695,23.504010474886833,42.68864278350936,44.226639082066086,0.10040398385844085
4149,43.244943697247976,43.15387756731422,41.2604903601007,40.48607839128678,25.326955574134445,42.525495932924265,44.24898353583239,0.1004039838584408
4150,43.25041730044058,43.16640575159457,41.57422564660183,41.347700664579556,25.539222372299577,42.61897867354463,44.25445713902499,0.10040398385844088
4151,43.25989028912791,43.090161595632274,41.42432130723992,41.18409515853086,10.30127109116517,42.602348125029856,44.26403484056712,0.10041445514392124
4152,43.25974472318926,43.0536950078412,41.151438100053625,41.03114538177388,22.766613409832264,42.580540534062806,44.26388927462847,0.10041445514392136
4153,43.2380673222258,43.14553137873375,41.50470194355037,41.074883090248974,29.239655561063664,42.59039228702741,44.24221187366501,0.10041445514392128
4154,43.237794060409506,43.050817540807216,41.3789502048737,40.42156770857535,30.470010966437194,42.27467281571142,44.24193861184872,0.10041445514392135
4155,43.23779700950997,43.163281956857766,41.63243200758738,40.99308873144625,27.951084684032043,42.6025090333039,44.24194156094918,0.10041445514392135
4156,43.25965452630593,43.10801803457332,41.90186603224852,41.49691218107802,34.435690604577744,42.585902346187495,44.26379907774514,0.10041445514392139
4157,43.24056752467464,43.10110140766086,41.95576228072922,41.4697636396714,34.42198761955639,42.630664178454666,44.24471207611385,0.10041445514392132
4158,43.26613725680646,43.09720403673804,41.50821465757979,40.722931554789824,28.621014563984097,42.35959535009407,44.27028180824567,0.10041445514392132
4159,43.272555480379154,43.094998573364265,41.183360724863114,40.281659663154606,25.723063102704604,42.36796117661774,44.276700031818365,0.10041445514392135
4160,43.250337656535336,43.07851083773501,41.607717709786,41.256751966898484,28.108389935806752,42.42880796569597,44.25448220797455,0.10041445514392133
4161,43.28441211793768,43.15163879983169,41.22129511508831,40.42905711507431,24.35005991877972,42.59329270769553,44.28855666937689,0.1004144551439214
4162,43.249221120258646,43.144298155915,41.70019778122559,41.58301236429197,23.117078232464443,42.62399853082078,44.29346354464779,0.10442424243891439
4163,43.217822968539636,43.04510160945913,41.04544369068488,40.74856649124104,-7.76704217753926,42.48037936604491,44.26206539292878,0.10442424243891434
4164,43.24600377009118,43.089630067589354,41.10964418240136,40.514907646210666,26.43828203290897,42.37914814016665,44.290246194480325,0.1044242424389144
4165,43.258649330530304,43.12175887382699,41.85842408612634,41.51984491457321,23.909663671943875,42.647966460351554,44.30289175491945,0.10442424243891438
4166,43.23350948161202,43.099550067312876,41.79847390807902,41.4446736690279,33.50687357916058,42.634126195943075,44.277751906001164,0.10442424243891439
4167,43.242614050127926,43.10230596318744,41.40027253797954,40.539903912655305,30.726512123114297,42.343019864139485,44.28685647451707,0.10442424243891432
4168,43.22851427658113,43.06745580077378,41.43276261206271,40.733548720352225,26.576158994129145,42.493885878816755,44.278043841861404,0.10495295652802707
4169,43.23715858189931,43.11039708076074,41.700700598629986,41.127712615624034,22.78108380450522,42.725075322588594,44.286688147179575,0.104952956528027
4170,43.22474855155982,43.14437384111099,41.69592706443437,41.17593589868788,29.160109549691285,42.70538691979629,44.274278116840094,0.10495295652802712
4171,43.25417984249495,43.12931916993032,41.11154537986932,40.41307706528127,9.621004655296439,42.51459790173054,44.30236044489263,0.10481806023976784
4172,43.31330124015433,43.0668867443173,41.00187671633383,40.71903721540876,10.407005585555439,42.367286226527625,44.36148184255201,0.10481806023976789
4173,43.338619625236014,43.11244617996145,41.1665260613143,40.24209105204708,18.6943381519632,42.389509608244836,44.38680022763369,0.10481806023976785
4174,43.33510871365187,43.13631885304245,41.890272329461936,41.47365728783045,28.005717371264915,42.61114234136868,44.38328931604955,0.10481806023976781
4175,43.35441182089429,43.214560698575525,41.70890591008686,41.36463291093882,27.492699397117008,42.8296246331176,44.40259242329197,0.1048180602397679
4176,43.33547859977187,43.17076687936634,41.59495602623151,41.32932317312834,24.435599754858433,42.69259381657676,44.38365920216955,0.10481806023976788
4177,43.31977801341447,43.22296683479333,41.973065341829496,41.60727010132726,31.80481530168026,42.815909589477585,44.36814916188395,0.10483711484694748
4178,43.3322111391626,43.21060422381328,41.59254411260133,41.14455983779834,4.349497883728191,42.507704345576805,44.38058228763208,0.10483711484694751
4179,43.347612674460336,43.2214108426739,41.583047620108104,40.96329254270969,24.536199072413357,42.57797384567306,44.395983822929814,0.10483711484694752
4180,43.32324967945662,43.145088622015216,41.675547056969826,41.48100231571142,26.62924838287786,42.69119168580531,44.3716208279261,0.1048371148469475
4181,43.322837777873644,43.15075278520354,41.78192872242424,41.52404297078847,26.553821818900442,42.75529983106018,44.37120892634312,0.1048371148469475
4182,43.32335409665627,43.05239820967568,41.48202253697841,40.806899180995806,28.31615930416231,42.538365503738845,44.371725245125745,0.10483711484694758
4183,43.34133078711482,43.22330784693538,41.704213963630735,41.15280717502158,30.722622356868563,42.6739274898509,44.3897019355843,0.10483711484694752
4184,43.338264112328424,43.09246342942249,40.9238631274796,40.454765939101755,18.151847184303552,42.250624585650726,44.3866352607979,0.10483711484694751
4185,43.334750513443176,43.23340806999874,41.47784138019876,41.23539257762992,13.745889203152196,42.720434416030486,44.383121661912654,0.10483711484694747
4186,43.33820773452925,43.17182719370583,41.88276499657132,41.7632650988213,31.489543607795284,42.70703051260374,44.38657888299873,0.10483711484694752
4187,43.35048778763999,43.205699258699454,41.62536196069669,41.155717376024654,20.674466702744937,42.64601762806389,44.39885893610947,0.10483711484694754
4188,43.31959262603554,43.20032944205194,41.431866982298246,41.0587722247299,21.24211561354609,42.59576003993847,44.36796377450502,0.10483711484694748
4189,43.344098472354474,43.2355288715205,42.02931441221342,41.308905877298045,36.99374382159385,42.76974217081393,44.39246962082395,0.10483711484694751
4190,43.34485026738708,43.1688740585885,41.43628635387653,40.65897770901538,25.08560847622668,42.57858074617161,44.38079642766602,0.10359461602789426
4191,43.34433353326524,43.25610851053692,41.857701407651305,41.60141110925971,32.30921533972018,42.936841729816216,44.38027969354419,0.10359461602789431
4192,43.344431623798386,43.230429641635276,42.02538765893616,41.109010243774236,35.34338629285269,42.765231102187954,44.380377784077325,0.10359461602789415
4193,43.313813525310515,43.13976667151906,41.41899486361302,40.75249291866344,29.816888054926117,42.64027211580071,44.349759685589454,0.10359461602789415
4194,43.350560083361714,43.257264740132584,41.762722660927096,41.7776643363726,22.350454190859292,42.86652808471434,44.38650624364065,0.10359461602789431
4195,43.390289902145234,43.21259685232701,41.56995498391801,41.355965990692525,29.50632814534101,42.59660369513798,44.39637660736756,0.10060867052223244
4196,43.37696215360582,43.246263620123436,41.02816808077292,40.84550788555572,-9.746025454325782,42.62236652967621,44.38304885882814,0.1006086705222323
4197,43.38311344577941,43.24612196735367,41.63574873241441,41.10249873886946,24.281204219612356,42.84032314867332,44.38920015100173,0.1006086705222324
4198,43.35866747448313,43.27295783929927,41.771603895151245,41.61460860222185,23.389084177288062,42.72085740485113,44.36464946685064,0.10059819923675192
4199,43.377065331686005,43.25018532678437,41.652642363418636,41.18458495381935,29.88272902852573,42.72241770436102,44.38304732405352,0.10059819923675178
4200,43.371653182610345,43.234067091531436,41.95400495477327,41.49109004416469,29.933358774219066,42.86192189303599,44.37763517497786,0.10059819923675192
4201,43.36172333701379,43.162248363962426,41.541616631135504,41.188582687582915,26.27072393069348,42.4065309448623,44.36770532938131,0.10059819923675187
4202,43.36279247434196,43.184526764101264,41.937436003789685,41.31176465307444,27.27980390433499,42.871901572214455,44.377152208151486,0.1014359733809527
4203,43.378269833321376,43.14509276732197,41.54003227494516,40.95411930208728,24.402614160677896,42.373240798262614,44.3895473844601,0.10112775511387286
4204,43.360041886213935,43.23023036678471,41.27928286910123,40.847306101059296,21.341763509350322,42.53816838028074,44.37131943735266,0.1011277551138729
4205,43.39090089822268,43.21654343342944,40.9849255892022,40.271603248071635,-9.735919654787125,42.52261544231934,44.402178449361415,0.10112775511387297
4206,43.36024173896795,43.16402909966759,41.19687617238001,40.808271759603954,18.145474544258988,42.725706133423614,44.371519290106676,0.10112775511387287
4207,43.350227729899075,43.23356853884498,41.419295834263096,41.39859096146921,16.480199558239786,42.97268567129745,44.3615052810378,0.10112775511387288
4208,43.33672513866055,43.130060153379496,41.38774385040424,40.899399503388565,26.43806221581236,42.57962316600834,44.34607995669373,0.10093548180331803
4209,43.392747329034364,43.16770684719921,41.601430077546446,41.186889594458194,29.31938115558338,42.68008087723,44.402102147067545,0.10093548180331793
4210,43.38933140070892,43.18764616864209,41.40099779872469,40.8863671359686,22.135851201075944,42.68528747253161,44.3986862187421,0.10093548180331792
4211,43.37664593705385,43.193189877146764,41.73296549708982,41.26356124187601,27.878804852405462,42.71633036535354,44.38600075508703,0.10093548180331802
4212,43.40548285090769,43.24024787929773,41.7762313018755,41.30082708439509,27.092783935069868,42.66918105929491,44.41483766894087,0.10093548180331796
4213,43.34904850668007,43.26254255394596,41.98773154749172,41.276168402652424,34.91214218075406,42.77289271896561,44.35840332471325,0.1009354818033179
4214,43.35831895584335,43.15417404252193,41.37967840850386,41.2980401312343,8.294428796759739,42.69414465893401,44.36816034458518,0.10098413887418264
4215,43.38587416770931,43.24064532382454,41.87755893336505,41.32959001765727,31.730749784185893,42.50316919242861,44.40061774656991,0.10147435788605982
4216,43.38467047974729,43.24597203653689,41.80102555894028,40.812329059196976,30.99792797675115,42.67874105457422,44.403777280447905,0.10191068007006124
4217,43.350111388669085,43.223647195768876,41.95942815092668,41.545667658215635,31.15406943228649,42.6903390889614,44.3692181893697,0.10191068007006124
4218,43.36910573656049,43.222883748369505,41.89018445673397,41.3409622823363,29.664620919889696,42.690060542594246,44.388212537261104,0.10191068007006114
4219,43.36838825672976,43.142399262881035,41.69254601501343,41.483546521096294,24.035087192506158,42.749231298839334,44.38600253937003,0.10176142826402747
4220,43.36446317292425,43.24288396610677,41.991958003849696,41.30610757823606,33.475953341013216,42.61670873928132,44.38207745556453,0.10176142826402745
4221,43.37347478038895,43.270468945047874,41.616210954981604,41.08960885603391,27.310873305533814,42.71600731142999,44.39108906302923,0.10176142826402747
4222,43.36514238228301,43.12883750252918,41.518016570362235,40.4850182728309,32.89165920431424,42.21128595311259,44.382756664923285,0.10176142826402745
4223,43.38275479822702,43.19519054751146,41.665449153184014,41.661677577914375,11.477031147588256,42.622339152666655,44.400685308633314,0.10179305104062915
4224,43.35557713992852,43.2421890061904,41.690416177488956,41.0952113301766,32.501277890301154,42.58104721468234,44.373507650334815,0.10179305104062918
4225,43.353981770405376,43.24060332284469,41.89863239758745,41.81454082560403,33.064677467625174,42.841751121323554,44.369412483545815,0.1015430713140439
4226,43.36535882819146,43.22192622660031,41.565679027085984,40.70174845935594,23.743338326545253,42.493579582240756,44.37896250540814,0.10136036772166805
4227,43.38412616915732,43.251179159479676,41.66968011037351,40.769949903032995,31.17412646951848,42.847851602315515,44.397729846374,0.10136036772166804
4228,43.393416357680266,43.2523845417388,41.67880825008354,41.20825389336012,31.189831179030982,42.62714979100309,44.407020034896945,0.10136036772166794
4229,43.377721480503496,43.22378280277617,41.66273505609582,41.34370273086798,27.759909018034556,42.76026152431196,44.391325157720175,0.10136036772166807
4230,43.38308380378423,43.228325557832726,41.78783001829671,41.61989444669374,26.699853837671675,42.82796183548252,44.401445233550064,0.10183614297658315
4231,43.38246127256724,43.170527661765995,41.401512545580935,41.23610994328457,20.378289238138215,42.5656335253568,44.40082270233307,0.10183614297658317
4232,43.35185277497748,43.255436932120375,41.55132889995269,41.127673723550416,24.671576285866667,42.77335237256525,44.37021420474331,0.1018361429765832
4233,43.37976409445939,43.239866434146315,41.38213611189739,40.599194544142165,18.399148964546498,42.4584476670249,44.39812552422522,0.10183614297658312
4234,43.36401255280732,43.20117273399072,41.517547602304944,40.956494789537764,19.620126812633274,42.59364512846762,44.38237398257315,0.10183614297658312
4235,43.367041471510504,43.23833015615984,41.88890077759341,41.27144103934041,34.43752050122595,42.70850794228417,44.385402901276336,0.10183614297658321
4236,43.37054006011638,43.212837225139275,41.65263859603115,41.49304156170271,28.292653937981157,42.62833975488742,44.388901489882215,0.10183614297658322
4237,43.357529929246084,43.2506395832326,41.25548273758071,40.7210853147243,20.41664690754462,42.33751146912092,44.375891359011916,0.1018361429765833
4238,43.37953176473656,43.18864343620316,41.31525788470158,40.64082143321681,26.862146172495706,42.26549308090313,44.397893194502394,0.10183614297658321
4239,43.35176748529974,43.2312667535158,41.527606967172744,40.83968984337804,28.78966760480916,42.68915429547377,44.37012891506557,0.10183614297658321
4240,43.36418116064991,43.24145865134768,41.16554084148236,41.03046679756416,-16.64948398661705,42.510018314903704,44.382542590415746,0.10183614297658312
4241,43.36126159156664,43.21800359945641,41.58645449069552,41.050604883481995,29.004276079367347,42.43041909363901,44.37962302133247,0.10183614297658312
4242,43.3948474415079,43.17478964585727,41.58714950943427,40.85798937090257,20.173035636875515,42.53410351982286,44.41320887127373,0.10183614297658317
4243,43.351814390433226,43.273872780607746,41.447178311946445,41.56555154017735,-7.592299069768863,42.85137637366679,44.37017582019906,0.10183614297658324
4244,43.36715452825246,43.27679625813776,41.69219907316179,41.416020678147845,9.596009304195746,42.82069503029473,44.385515958018296,0.10183614297658312
4245,43.37016934879927,43.162879609384454,41.59652094878682,41.083734916365444,24.62198980749124,42.42558386292174,44.388530778565105,0.10183614297658328
4246,43.376256162811174,43.2555121211745,41.95957459276487,41.669550978486484,29.907539305432813,42.69715332278744,44.394617592577006,0.1018361429765832
4247,43.40776756305592,43.25688463498099,41.89150384634395,41.81618878754813,26.35675778725658,42.81320941543262,44.42612899282175,0.10183614297658321
4248,43.36083639924384,43.21528934391533,41.37478558273815,41.160238250642536,-10.073371977040864,42.65611603974568,44.37919782900967,0.10183614297658312
4249,43.3672671817132,43.252435910179244,41.98355683845981,41.68388056050083,30.74418918809108,42.736319424879774,44.385628611479035,0.1018361429765831
4250,43.36702698371081,43.23059239401483,41.45883102302955,41.240329745911964,-12.068471466578373,42.70238611302059,44.38538841347664,0.1018361429765832
4251,43.37660796840839,43.25385281404606,42.00314030457131,41.565291543464525,25.245105119804407,42.72719355914362,44.394969398174226,0.10183614297658314
4252,43.386074297149605,43.161991291377724,41.31983698219177,41.0448260333623,17.7132038352143,42.45146210283683,44.40443572691544,0.10183614297658321
4253,43.35772913372572,43.232541634812414,41.71696770339698,41.33077535937467,31.252200545805607,42.621648660061254,44.37609056349155,0.10183614297658315
4254,43.370388217256036,43.250200031193266,41.90375192754233,41.722280009943,25.875265070171896,42.779350253868216,44.38874964702187,0.10183614297658314
4255,43.38247137462943,43.18628590452688,41.7889623013581,41.338995057364926,24.671539948640067,42.74477450097327,44.400832804395264,0.10183614297658318
4256,43.33914749044372,43.184922290081765,41.726562716011905,40.98384323325343,30.415899449618493,42.53016160659401,44.357508920209554,0.10183614297658317
4257,43.363805471557406,43.22815481621807,41.705244058054234,41.29000934360655,18.84022637837255,42.8058962294505,44.38216690132324,0.10183614297658314
4258,43.37887288147642,43.22273364181239,41.03936680118406,40.69386622563149,-12.114669433036013,42.6436823735161,44.39723431124225,0.10183614297658317
4259,43.36705531755476,43.15972564200921,41.5408159878909,40.51794271444616,30.148480064166137,42.52105151771097,44.38541674732059,0.10183614297658314
4260,43.394871860914755,43.25554453332686,41.791319879187746,41.57920896997796,19.981042324374386,42.901538602153096,44.41323329068059,0.10183614297658324
4261,43.38582249030971,43.25497310821394,41.774302027441856,41.47675545417749,27.074278299381433,42.78531728591588,44.40418392007554,0.10183614297658324
4262,43.37008965188628,43.280382604782474,41.885871405352916,41.543343986700116,17.465731681977623,42.66082297798168,44.388451081652114,0.1018361429765832
4263,43.36125947256069,43.26360672689823,41.75234550020268,41.0918409494612,33.904245021651015,42.83800326236079,44.37892557853946,0.10176661059787682
4264,43.37720494151945,43.13534571975125,41.66562329363951,41.12518450289023,25.29532559118404,42.61598604748922,44.39487104749822,0.10176661059787685
4265,43.36932658275654,43.18895842267826,41.8100195539076,41.13548043431847,34.7073367849208,42.5373727010658,44.38537622175797,0.10160496390014279
4266,43.38130499784824,43.252702627928265,41.12107735718446,41.028939941463854,-11.623557516755127,42.694007764356016,44.39735463684967,0.10160496390014273
4267,43.359545506804494,43.205857107648335,41.434466006041795,41.0653217688758,24.675258950704908,42.622270417981255,44.39817929664731,0.10386337898428152
4268,43.35700729021776,43.17565296425392,41.81156215637681,41.03969370710786,32.343148094055564,42.665850409685305,44.395154509351926,0.10381472191341691
4269,43.37237167892495,43.21924834795443,41.29249265036263,41.54264692524989,-11.579545322112594,42.77945173711531,44.420489390378705,0.10481177114537552
4270,43.35004365963199,43.18270002022484,41.44412744631246,41.50377160598122,15.857574430139103,42.50992234509554,44.39816137108575,0.10481177114537553
4271,43.33355616551473,43.158908864382674,41.46310388776436,41.698468898103584,20.662593596694283,42.66376377687138,44.37966308716309,0.10461069216483597
4272,43.344010809069154,43.24562813195615,41.68692681279661,41.366007302371194,23.028460873409102,42.56529000899888,44.3770936526512,0.1033082843582041
4273,43.3529646328024,43.19987327850825,41.69347400829936,41.811576377549734,6.337030945378956,42.8023547041129,44.38604747638444,0.10330828435820413
4274,43.352626538420324,43.20632902267654,41.80011688202506,41.216692834335525,31.625113903868233,42.60515929895023,44.38570938200237,0.10330828435820413
4275,43.35353814239426,43.233393233624305,40.86140662777967,40.37867863930385,-11.626192540452209,42.54906466091866,44.3866209859763,0.10330828435820416
4276,43.358979959858594,43.23655321766565,41.87494655392306,41.39649780220293,31.377891073778123,42.61621183122061,44.39206280344064,0.10330828435820413
4277,43.350154941823746,43.19586876478445,41.06797384835436,40.66330982509041,9.708151881302335,42.54769853960202,44.38323778540579,0.1033082843582041
4278,43.36574816571891,43.1925549730601,41.50222879825673,40.8193897836458,1.2329576934877977,42.49355655875344,44.398831009300956,0.10330828435820405
4279,43.355656826645145,43.16325900596865,41.481828519234114,41.34401020794225,28.0709791754169,42.54183662856325,44.38873967022719,0.10330828435820406
4280,43.36519029294361,43.262807157473745,41.95343873236218,41.33906027393539,31.772512226427967,42.90896854481575,44.39827313652565,0.10330828435820416
4281,43.374751012365195,43.226074285793075,41.73024181990717,40.603540889275,35.978728470623786,42.597584019028034,44.407938568802045,0.10331875564368473
4282,43.39091726770407,43.146188125702,41.47247265460068,40.693516138983995,30.198305948626768,42.54726006974141,44.407432352015405,0.10165150843113362
4283,43.36972250982919,43.2185105245874,41.60997188955584,40.897118782926555,32.87700106807162,42.5155151519771,44.386237594140525,0.10165150843113359
4284,43.373454171214235,43.263943266362446,41.93626232449398,41.44976999910368,29.87738543677746,42.900175200790414,44.3920761076861,0.10186219364718659
4285,43.37366430135817,43.25181213134189,41.85732988444352,41.1366412385166,24.248003997117213,42.715636785896095,44.392286237830035,0.10186219364718647
4286,43.39572172200652,43.21794525964977,41.869893554976365,41.22576479111759,35.097353515039714,42.4651468308862,44.414027430712366,0.10183057087058486
4287,43.382926841349736,43.29655603928204,41.63265265354181,40.95311779625662,30.53745692783405,42.849564379738126,44.40123255005558,0.10183057087058475
4288,43.37673289254716,43.18997777401323,41.5457282075914,41.48188330868253,22.26802918100383,42.68791218336959,44.395038601253006,0.10183057087058481
4289,43.38951377340614,43.186962503753165,41.24709578699488,40.88887338243192,10.558645877663615,42.367483666076176,44.40781948211198,0.10183057087058477
4290,43.36826934459272,43.13077476158128,41.484148104004255,41.24555561796776,19.865510938571802,42.64225091151824,44.38871301538807,0.10204436707953515
4291,43.36540842067078,43.124844875166254,41.64120268613969,41.237924038859006,8.68790644364472,42.68404857439235,44.385852091466134,0.10204436707953511
4292,43.36208720609135,43.10699841472416,41.655304674866436,41.161554732399296,27.11950210080743,42.57315937933295,44.382530876886705,0.10204436707953506
4293,43.38734837051683,43.24817961362812,41.6405596473776,41.124020868009346,29.39949172343019,42.4532941397697,44.407792041312184,0.10204436707953515
4294,43.3717647199526,43.28438725114305,41.890484603974926,41.46170432265085,24.243173462197035,42.82145341622736,44.39220839074795,0.1020443670795351
4295,43.35920641179164,43.17781733249471,41.89880736026406,41.28307886854991,29.338730818529122,42.63223075246026,44.37984960881849,0.10206431970268479
4296,43.38415498963521,43.259900684824686,42.04989446692875,41.74444313371597,31.819045255804994,42.84406735012922,44.40479818666206,0.10206431970268481
4297,43.38431879114759,43.2213909586858,41.83275342255461,41.190760194037644,27.454604127653443,42.70552665492074,44.40496198817444,0.10206431970268469
4298,43.38725215124165,43.18503666815312,41.43085927980582,40.87723768352576,24.417208019924832,42.67458582123989,44.4078953482685,0.10206431970268479
4299,43.362330586107944,43.276436417446455,40.89154061428252,41.03242440511198,-7.445094671467807,42.56505438978456,44.382973783134794,0.10206431970268476
4300,43.38037873927937,43.26028181956132,41.762851758009084,41.063161463298236,19.825812007720987,42.581566258255826,44.40102193630622,0.10206431970268479
4301,43.350680896480974,43.20037093517833,41.41785422715972,41.028573433944636,24.02229074281312,42.63334224635096,44.37267305639041,0.10219921599094388
4302,43.363965630950155,43.26298449740995,41.74922614574166,40.7436644257907,34.30972401541678,42.66933991556713,44.38595779085959,0.10219921599094399
4303,43.382734563975795,43.222226648154454,41.55296764746283,41.28911420961181,24.509386164358386,42.53072932121745,44.40472672388523,0.10219921599094398
4304,43.36093414595738,43.112914524604655,41.249793638438895,40.43314754367966,27.122909620586576,42.05937225003461,44.38292630586682,0.10219921599094395
4305,43.375945453659654,43.230302054964206,41.90111461098002,40.92234819910501,34.54252134338281,42.70535383840606,44.39793761356909,0.10219921599094389
4306,43.37027545750727,43.22369413948551,41.98357095712607,41.387340133320684,27.98070524829487,42.872660300307075,44.39226761741671,0.10219921599094392
4307,43.379498416526104,43.23310542567518,41.819462108235584,41.300778164158885,24.4813683706272,42.67591678117863,44.40149057643554,0.10219921599094385
4308,43.35730823949908,43.252013995446404,41.95874701974989,41.65911260952799,27.39891357594813,42.96171698081977,44.37930039940852,0.10219921599094389
4309,43.36386557557573,43.204868851864774,41.77260499797769,41.19021422813004,28.959724317677836,42.61927843882319,44.38585773548517,0.102199215990944
4310,43.37612497843179,43.21942806924301,41.77417137065778,41.05376916411169,30.916487335053034,42.558560710619744,44.39811713834123,0.10219921599094386
4311,43.38596363812557,43.23268942890071,41.81435852920957,41.466575628225385,31.548382070992794,42.729464701116385,44.407955798035005,0.10219921599094385
4312,43.36661447024738,43.18328780968214,41.670155025525396,41.00384802258653,27.112863327960586,42.60462806997924,44.388606630156815,0.10219921599094396
4313,43.37334514427359,43.18114724435664,41.365976965881494,40.76858388372163,27.74584857798218,42.48137872015531,44.39533730418303,0.10219921599094393
4314,43.40839455711119,43.284455511544486,41.971101259211814,41.515739442900816,31.13061013085732,42.76680006046382,44.43239750682602,0.10240029497148348
4315,43.35907841308998,43.22055537974194,41.76530026999538,41.15491968665609,31.270827466297057,42.67537756891457,44.383081362804816,0.10240029497148351
4316,43.35826165838315,43.22940044917646,41.18904493987624,40.66333161539048,-11.646509058005236,42.51650105421929,44.382264608097984,0.10240029497148352
4317,43.36831651597883,43.23730187662578,41.56358725887336,41.046888725694124,22.921144441059,42.6793800940485,44.39231946569367,0.1024002949714835
4318,43.35545412209897,43.17797554408403,41.647336716203206,41.06325928408523,32.43091491943282,42.56992633983114,44.3794570718138,0.1024002949714835
4319,43.3533520954838,43.22224018833464,41.44669699071344,40.679238236298154,2.9890465916879165,42.64679413545589,44.377355045198634,0.10240029497148354
4320,43.34596579041658,43.222207530627244,41.609780689882804,41.239296566185175,27.714695417678836,42.87035820958251,44.36996874013141,0.10240029497148344
4321,43.36149053684183,43.12003843047642,41.84111652516742,41.322931125389744,21.56470344053168,42.62334153509262,44.38549348655666,0.10240029497148344
4322,43.37136074852179,43.277459361608884,41.942143313321736,41.629966998007376,27.163503440226698,42.99686324780524,44.39536369823662,0.10240029497148351
4323,43.390201260666224,43.26046709530442,42.00301742543208,41.422033787657426,30.59567329125113,42.80203649457352,44.41420421038106,0.10240029497148344
4324,43.402071368165046,43.255582214725905,41.96729116922886,41.352421758570884,33.142152320928645,42.66808223765111,44.42607431787988,0.10240029497148347
4325,43.35243034043515,43.20376277404133,41.575953628784205,40.9748756534122,24.580943446137802,42.667987091743456,44.37643329014998,0.10240029497148342
4326,43.37441347053273,43.251985322598316,42.04940592633512,41.988802980191885,24.553249461304244,42.92138902423536,44.398416420247564,0.10240029497148354
4327,43.36450444459065,43.133354647020575,41.79021556417154,41.27863983236655,26.789482758345198,42.60523944575836,44.388507394305485,0.10240029497148351
4328,43.374356627428504,43.227618658567955,41.87169611897809,41.21319807576068,27.860920718337148,42.65353046593552,44.39835957714334,0.10240029497148347
4329,43.36174890707133,43.180423897753975,41.99646506963419,41.5607107959674,33.0201844924369,42.53081014343651,44.385751856786165,0.10240029497148345
4330,43.383790564112296,43.26231723566376,42.02309166232318,41.50135305293492,33.7251929116969,42.917057716995934,44.40779351382713,0.10240029497148347
4331,43.38092755967279,43.26273581726483,42.03034066751842,41.39187979189074,34.64227735332653,42.708758032532806,44.404930509387626,0.10240029497148354
4332,43.383824877661574,43.23929855830155,41.63540323262361,41.050853342606366,31.57622641822156,42.70539187885889,44.40782782737641,0.10240029497148351
4333,43.37450707280898,43.235240336074305,42.01571246004769,41.53930656936884,30.396478441908958,42.84303204468527,44.398510022523816,0.10240029497148342
4334,43.35231409441963,43.25022001291789,41.448194150327495,41.47274177466132,-11.64616605884985,42.67857025663486,44.37631704413447,0.10240029497148348
4335,43.37471108194045,43.25918282822628,42.31173070186515,41.83817216025132,31.543311050682956,42.92245832484913,44.39819827765777,0.10234871957173212
4336,43.38110660042777,43.27365433217246,41.890186962241685,41.50158800002916,23.246250339715274,42.857875747445576,44.40459379614509,0.10234871957173204
4337,43.3587470010803,43.231226669193255,41.23471320519057,40.915041999733155,-6.659358020498246,42.716437963306184,44.38877639740162,0.10300293963213158
4338,43.355464400501376,43.18983301760799,42.009106161505265,41.44989039469421,29.18407137988234,42.659339018875116,44.38549379682269,0.10300293963213156
4339,43.35987501775434,43.20443638194969,41.71868526859872,41.157227076598666,32.51920729284261,42.74025898394446,44.38948906670953,0.10296140489551883
4340,43.36548492333489,43.24391997326794,41.792622212746224,41.119682191313515,30.29365317393126,42.751669410447974,44.39509897229008,0.1029614048955187
4341,43.39098823804642,43.22841859596837,41.54853221385426,41.513841004063295,24.310868700283827,42.70520549940677,44.42060228700161,0.10296140489551871
4342,43.356162620384694,43.23966259572529,42.09633667706538,41.519700639448885,34.39456031938534,42.72580408544657,44.38577666933988,0.10296140489551872
4343,43.396663643801965,43.27878220773156,41.71266082591107,41.135110018896086,20.64812686130541,42.84489770716783,44.47340017583029,0.10767365320283255
4344,43.43372337023799,43.2583498733182,41.4923966034782,40.7346804619316,24.345014684236528,42.52176229006419,44.51045990226632,0.1076736532028326
4345,43.46174213750605,43.2745255433534,41.6285142816411,40.96852500982591,28.443339521498125,42.64334057407176,44.53847866953438,0.10767365320283255
4346,43.46776300614688,43.322230432694745,41.73004761740232,40.81813739521786,32.99416408923253,42.67045281322625,44.54449953817521,0.10767365320283254
4347,43.440035066915904,43.30346755703345,41.885145336205994,41.744753678455396,22.588450638242193,42.76265229008025,44.51677159894423,0.10767365320283259
4348,43.46523098078042,43.080826311574846,41.481591979181786,40.520161579474255,27.231174251018796,42.47407928212283,44.541967512808746,0.10767365320283265
4349,43.46505321867277,43.349071213556016,41.97765003559164,41.41668732605007,35.07043808487192,42.81909557076824,44.5417897507011,0.10767365320283258
4350,43.44601229735551,43.323814009899365,41.794217660414894,41.26368465278984,29.62157880294724,42.732549865290835,44.522748829383836,0.10767365320283254
4351,43.47158193269859,43.276534234451766,42.1441296439036,41.876805729545076,32.98999376692948,42.780709274288725,44.54177626412292,0.10701943314243315
4352,43.4436736184282,43.34297433803237,42.29601611835212,41.97143365563183,33.89768826385468,43.01812861395199,44.51386794985253,0.10701943314243313
4353,43.46534142666259,43.346902385883304,41.90065177864081,41.28985147676599,33.63652265301767,42.738011675977546,44.53553575808692,0.10701943314243308
4354,43.4651807014517,43.344831655072326,41.64245947805451,41.11122442346965,30.4600450213735,42.65670156001475,44.53537503287603,0.10701943314243315
4355,43.43288904926809,43.260274340113945,41.791036480620676,41.02213404605865,32.793209657381695,42.80000275981928,44.497833138571124,0.10649440893030311
4356,43.48005961591212,43.32399691197374,41.7526083648305,41.2141265088875,29.157075572156664,42.56840685263576,44.54500370521515,0.1064944089303031
4357,43.46115340190007,43.25673496096776,41.67908394992373,41.05066858631684,29.21649151692683,42.208824449701495,44.5260974912031,0.10649440893030304
4358,43.433386620271804,43.27040742129756,41.788602028230066,41.376847385222575,30.947084593399982,42.77022032680061,44.49833070957484,0.10649440893030318
4359,43.44603950451675,43.27659761833663,41.712405685296666,41.3316730957141,31.262510915091394,42.739862142461845,44.51098359381978,0.10649440893030304
4360,43.47090335560851,43.30913785276416,41.67750362199744,40.9703620769232,24.501978228361768,42.6229106235258,44.535847444911546,0.1064944089303031
4361,43.47386588071113,43.34077311667277,42.168010834238395,41.377878442288484,35.543738566267244,42.84395387621757,44.538809970014164,0.1064944089303032
4362,43.451668353338505,43.31936895535196,41.73657838508037,41.19276187421924,32.28470890781445,42.88596866052616,44.51661244264154,0.10649440893030307
4363,43.45814147465814,43.27791101420484,41.474050895603796,40.25566774301194,27.528892295598666,42.527053697382314,44.523085563961175,0.10649440893030308
4364,43.455295208326625,43.288079951543196,41.88315127218772,41.37524539995917,34.93674796434475,42.64467351884119,44.52023929762966,0.1064944089303031
4365,43.449252383963405,43.30949391646712,41.98255736071902,41.29940150573021,26.283118937121614,42.74472289097997,44.51419647326644,0.10649440893030314
4366,43.47999191090318,43.33383125172806,41.878810344879525,41.21251112962366,31.109378094867303,42.92867724128606,44.544936000206214,0.10649440893030311
4367,43.466852594005935,43.307040461059046,41.79472570982171,41.20338239248272,24.77407677871371,42.57838527650527,44.53179668330897,0.10649440893030311
4368,43.467283092309394,43.305437547078476,41.99489036800417,41.07042588528587,36.99412458235615,42.60349892612777,44.53222718161243,0.10649440893030314
4369,43.47427768372997,43.35115800643632,42.11219660226305,41.4780126509695,36.81773118469265,42.83168030909961,44.539221773033006,0.1064944089303031
4370,43.47679431358945,43.356118344357114,41.64164450380734,41.44050277763669,27.50525946738921,42.765951103033316,44.541738402892484,0.10649440893030312
4371,43.474043072364786,43.32601612819564,41.399853012481884,40.932589534412315,13.392022584469867,42.668044230090906,44.53898716166782,0.10649440893030308
4372,43.45679524378997,43.34153045740685,41.9186835002851,41.54940953076171,30.005562316901226,42.869498366189134,44.5576279048827,0.11008326610927302
4373,43.41906956368964,43.30491136914881,41.843098776479344,41.597673498589835,28.464856833078215,42.77333459747282,44.51990222478237,0.11008326610927306
4374,43.40676305210386,43.23675079913481,41.4685951130959,40.87613244925088,19.889334241166708,42.65101753998769,44.507595713196594,0.110083266109273
4375,43.446311587068955,43.34599784492074,41.935942018511064,41.604095177161796,27.044600058235105,42.84455853981402,44.547144248161686,0.11008326610927309
4376,43.42091922731526,43.158912379266134,41.578667603756664,41.26613945689855,27.393424268387886,42.540531161639414,44.52287020199158,0.11019509746763193
4377,43.421321516085754,43.31324542752591,41.902397760136,41.280364843373114,24.006639264896428,42.889626755699716,44.523272490762075,0.11019509746763193
4378,43.42366077943262,43.29789150607181,41.84222664912295,41.6510171321247,24.05519949785149,42.800242501203314,44.525611754108944,0.11019509746763191
4379,43.43003948788743,43.306006985785274,41.767736775290935,41.31785778397853,31.595933224085833,42.750119920993576,44.53199046256375,0.11019509746763193
4380,43.408824345550805,43.298592688649244,41.630552337234185,40.628595437438584,30.570509524568358,42.46113434314728,44.510775320227125,0.11019509746763187
4381,43.421483132000795,43.32983543337564,41.749754366838836,41.523069172258566,23.26305915427194,42.78641012007627,44.523434106677115,0.11019509746763184
4382,43.4246904075944,43.32434198353437,42.08766378330083,41.38808690943762,34.95351431584234,42.81322569045116,44.52664138227072,0.11019509746763186
4383,43.41516906803919,43.30622994369869,41.79188728528112,41.301484215494646,30.462825428103322,42.56615135274279,44.51712004271551,0.11019509746763188
4384,43.43769258185125,43.299280102292826,42.15534697046898,41.98643440560158,17.54060716274061,43.000867440385576,44.538198116756824,0.11005055349055734
4385,43.42227821261993,43.31289809007478,41.86707980089038,41.28980085461245,32.18803319675662,42.59444119027842,44.5227837475255,0.11005055349055727
4386,43.43176639704211,43.34737905829822,42.061789079823036,42.153867945576735,29.1287994707193,43.01157207908935,44.53227193194768,0.11005055349055733
4387,43.433957802987386,43.24202863923464,41.67637125648365,41.14818901273168,23.997951004728122,42.57620685771927,44.53586501206448,0.11019072090770926
4388,43.42688122075522,43.31785528555135,41.97799658758813,41.69631662773283,27.59603665460232,42.84721520703532,44.52878842983231,0.11019072090770929
4389,43.44567368412118,43.25339775481539,42.11927956109838,41.742359996945126,33.786596988357516,42.78897993271315,44.54758089319827,0.11019072090770929
4390,43.42437659036133,43.24647693516477,41.58068249221909,40.5539788814202,33.06023195275483,42.44194133240152,44.52628379943842,0.11019072090770923
4391,43.43021792946288,43.233504697979335,41.65935575433217,41.75409747972046,-11.64305457287422,42.80527171195665,44.53212513853997,0.1101907209077092
4392,43.42109206028643,43.27945072739543,41.66681075438345,40.47403162781964,31.59577235494733,42.66440148991691,44.522999269363524,0.11019072090770922
4393,43.4458446449073,43.30175236992822,41.76010945484594,41.524977884311966,22.27899512208516,42.8096139136872,44.54775185398439,0.11019072090770919
4394,43.40612067096236,43.2564130862892,42.04631738739822,41.423381473996535,33.28894974749937,42.93183703524299,44.5265741871923,0.11204535162299449
4395,43.402563573177474,43.29524232936511,41.972271968022724,41.5051663405499,31.492492284742088,42.8317623042553,44.52301708940742,0.11204535162299452
4396,43.41831604327849,43.295847667928086,41.60534078376321,41.37792261644175,29.168278621513565,42.72298774204947,44.53876955950843,0.11204535162299462
4397,43.435712406811014,43.30279125445019,42.07498702660711,41.327030151053236,32.55304427994608,42.683423229044266,44.54778818159895,0.1112075774787938
4398,43.40242562203832,43.2513189947268,41.4828888614121,40.805796323933095,18.131480342497454,42.584126150582776,44.5141504563918,0.11117248343534844
4399,43.411685199274686,43.16803351605645,41.19168059399043,40.76805701830942,-10.134620151519151,42.540525159168865,44.523410033628174,0.11117248343534851
4400,43.435946376816894,43.302022453233775,41.58478521132303,41.51121450745116,-7.719245936276302,42.79573265858114,44.54767121117038,0.11117248343534851
4401,43.41435474121279,43.29893333828201,41.977600227977575,41.4093949988735,25.757578168452106,42.73462776697785,44.52607957556628,0.11117248343534857
4402,43.42019529792472,43.24629210183348,41.94991932696947,41.592787887136,29.235363520240597,42.749866909603696,44.53192013227821,0.11117248343534854
4403,43.40854317003859,43.29669777933672,41.609606563739355,40.76636835041114,20.446494333947467,42.890430655826904,44.52026800439208,0.11117248343534851
4404,43.405209817420825,43.25399060139703,42.135409062005,41.77665008205178,34.30298342541175,42.828447426233296,44.516934651774314,0.11117248343534851
4405,43.41133144330253,43.223335196994405,41.82060959033582,41.506276696465925,31.87091287953279,42.632270630093984,44.52305627765602,0.11117248343534848
4406,43.407822791891356,43.316740705093,41.81735525838457,41.597778893735686,29.846697568042035,42.84078687514656,44.508707402411645,0.11008846105202882
4407,43.40706657415383,43.19916795212494,41.56907631122325,41.327763179328244,26.440722253557112,42.51330057915994,44.50301790262056,0.10959513284667291
4408,43.42504488846524,43.20802258917947,41.41930629707186,40.843048978568056,15.316503396131296,42.61288934327245,44.52099621693197,0.10959513284667292
4409,43.418938759997985,43.28099078355311,42.04031652596976,41.58881946268745,30.20859330826715,42.903007155006144,44.51489008846472,0.10959513284667291
4410,43.44080107405524,43.18546388144132,41.68624462108057,41.124987165390664,31.439147212894788,42.68147225679678,44.53675240252197,0.1095951328466729
4411,43.42876330553428,43.33493938774061,41.88844295954406,41.611142154644,29.347338913505112,42.83109738593097,44.524714634001015,0.10959513284667298
4412,43.443271513136665,43.33776382428783,42.06296801286066,41.91192958596354,26.417217210381345,42.95797618508282,44.540046535492664,0.10967750223559965
4413,43.42448790303976,43.2030575068181,41.60160111424305,41.323375220290046,27.62164976547028,42.61480388978738,44.52126292539576,0.10967750223559969
4414,43.430962224087956,43.27399818738519,41.81636964025624,41.346626501747764,31.72015542898986,42.6773542156051,44.527737246443955,0.10967750223559962
4415,43.424690678901484,43.280418866226306,41.26172613705941,40.7104707099723,-13.72309795721496,42.761597556223556,44.52146570125748,0.1096775022355997
4416,43.4091123965377,43.30476444635823,41.732719441831925,41.0163424776504,24.113066635867003,42.66521850589213,44.5058874188937,0.10967750223559962
4417,43.41503581499844,43.24627326770345,41.93594950490635,41.31251645093429,29.942296779980328,42.67548497528166,44.51181083735444,0.10967750223559956
4418,43.41235404009559,43.294727970740894,41.670327377253635,41.02706849485632,26.577635653875216,42.73017087669784,44.50912906245159,0.10967750223559967
4419,43.4116902293202,43.26044961860427,41.68980026241564,40.736742423422356,27.098374397209174,42.656026756685414,44.5084652516762,0.1096775022355997
4420,43.4299803270907,43.25155180183676,41.679028845709595,41.44653157642861,18.84082912803143,42.767364985576776,44.5267553494467,0.10967750223559966
4421,43.408739732966126,43.29424451110318,41.815641683247726,41.1346095354762,32.10678877403495,42.71793984495148,44.505514755322125,0.10967750223559973
4422,43.417919596117805,43.220136806326394,41.86111175937347,41.42574041402077,27.748331436288684,42.67455697454144,44.514694618473804,0.10967750223559967
4423,43.421202638099835,43.209974772089794,41.72195977484405,40.925865674783104,27.170241734945357,42.51874890960947,44.517977660455834,0.10967750223559963
4424,43.415271545301515,43.2848899813758,41.467941714641746,41.116236966044646,-7.746804817169725,42.79878809794515,44.542351087520636,0.11270795422191239
4425,43.409615146515925,43.22890982018597,41.649851553843604,40.977653851108705,26.79780651312003,42.61062535472999,44.53669468873505,0.11270795422191233
4426,43.435781840254315,43.236606094500324,41.96556749557474,41.32033565489566,34.373303394543555,42.658656180499406,44.56766494100259,0.11318831007482728
4427,43.3981707848879,43.2176174473822,41.524903471544185,40.8912959078605,31.933780593494557,42.512544585302834,44.53005388563618,0.11318831007482727
4428,43.38624344556628,43.268398506087635,41.913269676323104,41.384062206929634,29.05488280677599,42.55512244954218,44.518126546314555,0.11318831007482721
4429,43.36756888964823,43.25201892050196,41.762584937996536,41.605466128208754,29.21969187398668,42.78153502429811,44.48097016357402,0.11134012739257867
4430,43.40418289495397,43.25047517913106,41.77203528799188,40.84989708980642,33.67677056864873,42.52965693727667,44.51758416887976,0.11134012739257874
4431,43.38671007234606,43.2591777839205,41.48611825741862,41.00255300754232,10.839382010896344,42.65865415072487,44.50011134627185,0.11134012739257866
4432,43.423816805440296,43.250467761671416,41.33279896377325,40.99386747509245,21.128626567697207,42.71038411756771,44.537218079366085,0.11134012739257874
4433,43.42380912659238,43.17087276765386,41.27685237340039,40.80669453490088,-10.140480845735055,42.50442634449665,44.53721040051817,0.11134012739257867
4434,43.3922588656691,43.24990825125592,41.77163356126343,41.35089062673544,27.700421013994323,42.73316392956162,44.50566013959489,0.11134012739257863
4435,43.413484370512904,43.2316047224175,41.4122765628933,41.334108066521026,-2.22379021296306,42.6343145547241,44.52688564443869,0.1113401273925787
4436,43.42030606871011,43.28338704466681,41.995660648428455,41.54817120910317,29.979008360656785,42.721491618963576,44.5337073426359,0.11134012739257865
4437,43.410821753947864,43.297877619046126,42.077704432232,41.39904006676528,34.963948471261226,42.825347280608796,44.52422302787365,0.11134012739257866
4438,43.417012134792344,43.16093083555868,41.269555164995175,41.19390233240139,-11.151846434315047,42.65260306069497,44.53041340871813,0.1113401273925788
4439,43.40781946218567,43.28694250348038,41.758433327676364,41.649337397289756,-11.69384770120714,42.849240485510165,44.52122073611146,0.11134012739257862
4440,43.40423896839089,43.28086949959135,41.82611985816466,41.142182843483354,29.780651082314606,42.94695306915553,44.51764024231668,0.11134012739257869
4441,43.413707027163134,43.27708696468103,41.4827566606547,40.77920791785015,22.248439739463475,42.730848608106825,44.52710830108892,0.11134012739257873
4442,43.405694891682586,43.28818169626157,41.85039969201087,41.310797122887045,30.103452174426433,42.653090075923664,44.52747390705038,0.11217790153677952
4443,43.427556341975006,43.28397827948896,41.84184068249308,41.28352854301698,31.52574128702182,42.62265976898166,44.5493353573428,0.11217790153677952
4444,43.37783777838667,43.30418833813857,41.70709743256819,41.292259543004754,27.20497702175514,42.60495448338506,44.49961679375446,0.11217790153677953
4445,43.405543902377886,43.2566021977021,41.61768095164665,41.11347952344667,27.374005078511107,42.76439528192556,44.52732291774568,0.11217790153677945
4446,43.398446939823856,43.29643332296219,41.60173967091435,41.2553650130212,22.178639840465557,42.922338881054365,44.52022595519165,0.11217790153677956
4447,43.37419510886236,43.22326488145848,41.75970817869067,40.63660599958059,33.177600082736404,42.535753698990646,44.49597412423015,0.11217790153677949
4448,43.39580417701143,43.29930820607146,42.030478235371795,41.695387444974216,27.03042893217836,42.911576182258045,44.51758319237922,0.11217790153677956
4449,43.398524602826825,43.283085373505564,41.521815342961254,40.70421644908644,27.420646433413904,42.620638218079826,44.52030361819462,0.11217790153677952
4450,43.40855173970162,43.26506076918427,41.357150398048,40.74497316556149,19.163251966823317,42.75486121209927,44.530330755069414,0.11217790153677953
4451,43.40802212940093,43.26965008774879,41.87761284209759,41.197846449758174,31.013678812456103,42.70103226615197,44.529801144768726,0.11217790153677956
4452,43.398275699456406,43.24517194014678,41.502664742113744,40.911138488292295,24.753523256560626,42.74577276204517,44.5200547148242,0.11217790153677955
4453,43.40137565493397,43.27095852097272,41.490321843706774,41.308850447565376,28.145086991576132,42.51967877884995,44.52315467030177,0.1121779015367796
4454,43.38930645606921,43.27315600424162,41.61461337204994,41.63749164374697,-7.765271668935412,42.850308956568384,44.511085471437,0.11217790153677941
4455,43.39857436588026,43.19576703455602,41.5689833670724,40.81738508559078,28.610784721370887,42.494778004615526,44.52035338124805,0.1121779015367795
4456,43.3892835044895,43.315011087888614,42.03790809456779,41.21699507047887,33.18416822915694,42.93277817446115,44.51106251985729,0.11217790153677944
4457,43.41423882617993,43.17683665496703,41.26927160965283,40.00089852191636,27.28115897682968,42.51427764889628,44.536017841547725,0.11217790153677953
4458,43.404656206698675,43.209023329794846,41.670217260650155,40.94122318386981,33.14071135030624,42.77942228612855,44.52643522206647,0.11217790153677946
4459,43.41148006814401,43.24644203063439,42.07125660179217,41.66037957217159,31.488151015399666,42.86433965175486,44.5332590835118,0.11217790153677945
4460,43.37989978776954,43.22199116854877,41.58536582720899,41.13247710004366,27.718075481359815,42.64790470750573,44.50167880313733,0.11217790153677953
4461,43.40469859818876,43.280263945223275,41.856248162084626,41.293065629751055,32.352152648756274,42.723848054381165,44.52647761355655,0.11217790153677944
4462,43.399346962980744,43.199409943806,41.32768608254871,40.60290581483786,21.033895655309657,42.52003628608156,44.521125978348536,0.11217790153677944
4463,43.407712449421126,43.22926468267728,41.23728584159524,40.542987673961605,17.58690756866059,42.470034883444974,44.52949146478892,0.11217790153677956
4464,43.40192703832389,43.222008776178086,41.653358829141496,40.65176154679372,34.35310077214487,42.5231854464498,44.52370605369168,0.11217790153677948
4465,43.414512640528926,43.24624822298069,41.67101933384217,40.5416625588675,24.84448552997472,42.56992821154523,44.53629165589672,0.11217790153677942
4466,43.4081926562272,43.277938441352106,41.72356316103796,41.220672073972096,26.47823176046662,42.62272716013606,44.52997167159499,0.11217790153677949
4467,43.39069514511165,43.28567344315524,41.74347157867131,40.758318923562605,24.721886798581114,42.76570480143591,44.511061622934825,0.11203664778231723
4468,43.37681755954995,43.250264657727485,41.41324392580708,40.804956530735694,24.78807764132338,42.44840023343012,44.48991984124431,0.11131022816943582
4469,43.41347657090199,43.19828957934355,41.93331131138076,41.29284351689025,34.80505653721729,42.616011637737984,44.52657885259635,0.11131022816943573
4470,43.38302615249857,43.26293537463302,41.449688100389004,40.97253666717953,15.845544636507906,42.75758058198912,44.49612843419293,0.1113102281694357
4471,43.388507282752606,43.310513238716965,41.83900684979916,40.950987877711555,34.01118264550372,42.7813377535026,44.501609564446966,0.11131022816943575
4472,43.40726287811702,43.273121309318114,41.28995755485795,40.493095046739725,-7.768916806755428,42.61982648940929,44.52036515981138,0.11131022816943568
4473,43.39207309547483,43.279431879995286,42.05782913275695,41.703875686391406,32.25899024795403,42.917983215352415,44.50517537716919,0.1113102281694357
4474,43.410512291529834,43.256773334229514,41.73377865400258,40.76010989871533,30.31271166734762,42.35285320399406,44.523614573224194,0.1113102281694357
4475,43.44446134654551,43.22839334284474,41.612546614935084,40.99593003832102,9.739906801192298,42.66699084816897,44.55756362823987,0.11131022816943571
4476,43.40766583534973,43.26591151036082,41.545448266341204,40.80535163193905,25.254889828905554,42.59006932220238,44.52076811704409,0.11131022816943568
4477,43.38855488997717,43.239335179387936,41.09029670836131,40.90468820666049,-8.49183390491605,42.443934264085584,44.50165717167153,0.11131022816943575
4478,43.42268350647675,43.29609296759945,41.743239761908235,40.767166185970176,32.13641064074248,42.5717544447525,44.53578578817111,0.11131022816943575
4479,43.4133206274973,43.26230562175648,41.7862376242684,41.08692668654165,25.723284082805055,42.69781822102684,44.52642290919166,0.11131022816943573
4480,43.38883953546436,43.30015580185004,41.568744327401355,40.905046999452395,22.42831875954923,42.78111990470728,44.50194181715872,0.11131022816943571
4481,43.39797635542331,43.25541201375013,41.72967326117954,41.15790640055174,31.546803549635545,42.72015341016584,44.51107863711767,0.11131022816943574
4482,43.39138325654222,43.2134382711382,41.42981683261472,40.88221588823514,27.484843037502003,42.57862776580298,44.50448553823658,0.11131022816943574
4483,43.38632644285236,43.288812607255494,41.70204777468118,41.16505896780188,16.68485785259161,42.54205320737524,44.49942872454672,0.11131022816943568
4484,43.41047194196073,43.28392766800183,41.534080906338154,40.8444763596281,23.067670098515748,42.923352420001656,44.52357422365509,0.11131022816943571
4485,43.407730045220674,43.27604691623826,41.90222081946315,41.02016207949918,34.01864294426229,42.78974397089894,44.520832326915034,0.11131022816943578
4486,43.413262684977965,43.248936958826825,41.78533046009358,41.2336864713516,25.52014021192653,42.697005715310354,44.526364966672325,0.11131022816943575
4487,43.41010575737189,43.24909753180269,41.82017908684921,41.27919843514234,33.91815686810158,42.62886406634111,44.52320803906625,0.1113102281694357
4488,43.407601279131875,43.281979984949636,41.514055846367626,41.436952306576714,24.642266861456754,42.506104100884386,44.520703560826234,0.11131022816943582
4489,43.411222122343304,43.255232382407264,41.603271438396725,40.95485367387438,19.74463555699019,42.70456025250833,44.50765193191215,0.1096429809568847
4490,43.40862479167262,43.319619686247066,41.539488031830004,40.99504301661762,24.32064426042947,42.721478064416786,44.50505460124147,0.10964298095688471
4491,43.38872969172503,43.221914734405345,41.53780665593718,40.84694641376401,28.44892492157431,42.56396892700875,44.48302153920438,0.10942918474793445
4492,43.42588398314105,43.26415748216386,41.374220106364575,40.49414108826459,31.13099134695718,42.60350104439287,44.520175830620396,0.10942918474793446
4493,43.39533091681255,43.27266139427554,41.76973956518155,41.080575659077,31.43819492833511,42.703786301645096,44.48941859049742,0.10940876736848777
4494,43.42303954209517,43.32245293529489,41.70740657381582,41.83641149166316,25.921528020522523,42.89918987547494,44.51712721578005,0.10940876736848787
4495,43.416920702659525,43.30458003643893,41.879773814915495,41.66516626834273,28.06400972623008,42.70876888780893,44.5110083763444,0.10940876736848786
4496,43.42327503608527,43.22737682478818,41.71148933684514,40.68627883314888,25.22974457699086,42.773504847076204,44.51736270977015,0.10940876736848776
4497,43.42668624990922,43.26723706056744,41.539368388607606,41.31089066550629,-4.378840843815297,42.77094835881252,44.52077392359409,0.10940876736848772
4498,43.438660056919055,43.28581789797264,41.85261347669896,41.226112242380786,31.405445466529994,42.904662650074776,44.53274773060393,0.10940876736848776
4499,43.4360717812573,43.332481397944726,41.83644028264751,41.480695107099955,13.080367636270246,42.85055187051749,44.53015945494217,0.1094087673684877
4500,43.43509851189519,43.24886177615909,41.84263763874875,41.30732282591492,30.29674431959138,42.863341285274664,44.529186185580066,0.10940876736848773
4501,43.426442290476906,43.28164049115448,41.730818526462116,41.352957299871235,29.298209078330082,42.96033361086954,44.52052996416178,0.10940876736848779
4502,43.40663282305331,43.267134608542015,41.67802834186589,40.59695393808255,34.47880407948094,42.77840337833959,44.507984692867,0.11013518698136933
4503,43.40385487552146,43.22480542335101,41.91362397571918,41.363983759410374,31.49669364371369,42.66131623115152,44.505048256015904,0.11011933804944464
4504,43.40400870490103,43.321852445187815,42.066659881497294,41.73893722317267,27.155296881324837,42.94142957937602,44.505202085395474,0.11011933804944463
4505,43.42268774180301,43.24041961654098,41.58482730778494,41.13171173902255,32.470470674145766,42.80266413321044,44.52388112229745,0.1101193380494446
4506,43.41299639877289,43.22163076712619,41.679163057354934,40.96598919054696,28.439851246709306,42.607044025714615,44.51418977926733,0.11011933804944465
4507,43.410110738844665,43.22836349519714,41.66585571449372,41.15242949999804,24.293939716720885,42.53247055487499,44.51130411933911,0.11011933804944464
4508,43.432201258955644,43.232642107964786,41.73088925110325,41.239473631494796,29.877905811520826,42.52001946021301,44.533394639450094,0.11011933804944471
4509,43.40970859673271,43.31378701217225,41.61195130567829,41.44345215148031,12.290657834766868,42.94150670069685,44.51090197722716,0.11011933804944465
4510,43.422342253128164,43.263145483605584,41.83784223602909,41.232064906023744,32.58265493746275,42.72209094211866,44.52353563362261,0.11011933804944464
4511,43.40069949026065,43.29017801931186,42.114621778259796,41.62149955174134,29.392404190778265,42.93603604972712,44.50189287075509,0.11011933804944463
4512,43.416846887996016,43.24522203420571,41.452942077430784,40.62067155613181,27.149078018383328,42.54733643111594,44.53383346175762,0.11169865737615983
4513,43.42037721442187,43.25586102554865,41.810530150604755,41.28180305581492,23.12164341157712,42.48129129069669,44.53736378818347,0.11169865737615974
4514,43.435703686718256,43.25590276825187,41.80246739580468,41.139044028904216,33.33588181564974,42.747366239188594,44.55269026047986,0.11169865737615975
4515,43.429941850651616,43.27448312865363,41.63679442837964,41.257532417404754,16.60386655430058,42.95926358934446,44.54692842441322,0.11169865737615982
4516,43.421000982375986,43.25051754094449,41.69171510198958,41.275335347799846,26.704575195335977,42.57151669673334,44.53798755613759,0.11169865737615972
4517,43.435923552786775,43.286523659828646,41.767094894661575,41.43875372789109,20.643377667502506,42.74327851486211,44.552910126548376,0.11169865737615982
4518,43.4206275135566,43.28633341778929,41.856423362491206,41.205951304882404,25.252652332956746,42.71775419608828,44.537614087318204,0.11169865737615989
4519,43.435928628013535,43.315923332309744,41.94561716273873,41.65371277299438,25.26839752175409,42.79731269188282,44.552915201775136,0.1116986573761598
4520,43.43282075116784,43.2936613844337,42.05739318125599,41.38376767915477,33.70018816715865,42.79171816994088,44.54980732492944,0.11169865737615985
4521,43.44273722360442,43.26523774720343,41.688959684021654,41.396654227588336,26.32484119623068,42.75092968914816,44.55972379736602,0.11169865737615983
4522,43.432791743535894,43.26417016302891,41.117833540692466,40.64381376522904,25.202347198943563,42.47206625554835,44.549778317297495,0.11169865737615982
4523,43.4267857638583,43.282793500686836,41.88330599797135,41.05391186955866,34.97230215060619,42.65500682099909,44.5437723376199,0.11169865737615978
4524,43.42627110129907,43.207034146905364,41.27585734471514,40.976636136702595,-7.74950523947949,42.689247848209746,44.53739811002901,0.11111270087299391
4525,43.42644943376433,43.265416020293515,41.523130169669216,40.84353583109537,18.1743059600052,42.71883367274461,44.53757644249427,0.11111270087299403
4526,43.41703266054016,43.317268582617686,41.44310363627382,41.22131657683001,27.686952717348376,42.52807237562577,44.528159669270096,0.11111270087299395
4527,43.42607059152294,43.32032638808233,41.908406855052355,41.40399238287736,26.564124434122057,42.81405770772346,44.53719760025288,0.11111270087299412
4528,43.428012123828154,43.326788575636755,41.759013709703645,40.93873674549157,30.656270059012336,42.85216883106182,44.534827975918525,0.11068158520903684
4529,43.424581502364596,43.298065014262754,41.911363572378725,41.167339374678605,31.148489132894888,42.76256232241939,44.53139735445497,0.11068158520903686
4530,43.440627107927824,43.257643136874705,41.65291844568838,41.26262561607091,16.07486608078687,42.602717379668874,44.547442960018195,0.11068158520903687
4531,43.45009077337735,43.286948197490084,41.720926635130425,41.081117560908645,32.79775434871255,42.579822705671575,44.556511622323505,0.11064208489461594
4532,43.43089357437331,43.28353309910732,41.75756343569452,40.72360577382398,31.054763755644217,42.644392820450406,44.537314423319465,0.11064208489461598
4533,43.415512927771466,43.31956096476407,42.011858064767075,41.259972786041004,35.25523333167149,42.85198099946455,44.521933776717624,0.11064208489461598
4534,43.434440840883006,43.25141249773255,41.42824061495986,40.573345325877696,21.19981238248411,42.48771187913772,44.540861689829164,0.1106420848946159
4535,43.44921158088201,43.28742443521726,42.10441897313299,41.77264860154088,36.16539351447053,42.76813443454069,44.555632429828165,0.11064208489461588
4536,43.42765872348326,43.3279284200256,41.57019572334194,41.47025341691488,25.284600465418052,42.87952279583418,44.53407957242942,0.11064208489461592
4537,43.42485229966171,43.349214675765495,41.807638896486374,41.114552481656354,30.410931896098788,42.62752828267222,44.531273148607866,0.11064208489461604
4538,43.424602370578306,43.336560197492524,41.77686590151347,40.87510008301205,32.91789653521072,42.94432928654959,44.531023219524464,0.1106420848946159
4539,43.42171421098537,43.33087829509703,41.57196097429084,41.09307067654967,1.061131600721474,42.79146023180966,44.52813505993153,0.1106420848946159
4540,43.430713178929544,43.319061698126795,41.65394026179307,41.21295079343433,6.566676516684026,42.91893511140111,44.5371340278757,0.11064208489461597
4541,43.425217167310855,43.20904967724681,41.67463288286997,41.17736151483022,31.856761720498753,42.62716565507411,44.53163801625701,0.11064208489461591
4542,43.43751462098922,43.29597643862671,41.863878587572025,41.41243118965139,29.811033190264798,42.860224449485635,44.54393546993538,0.1106420848946159
4543,43.42130804178981,43.320367564872114,42.06252050083668,41.48842362698806,34.515835445161485,42.95567440488722,44.527728890735965,0.110642084894616
4544,43.44157772637691,43.31484016259622,41.48678958659085,40.59648074532158,19.822722879325926,42.76751287703776,44.54680009065018,0.11052223642732646
4545,43.4444121434249,43.284125213288554,41.747940539443654,41.38888985129572,22.907655148854978,42.78911023278155,44.549634507698165,0.1105222364273265
4546,43.41725525749573,43.32413309961994,41.60387425278201,41.281019749267486,26.49255518851478,42.68292998292095,44.522477621769,0.11052223642732652
4547,43.44527405425175,43.34089440530932,41.497150569928436,40.94286832329265,25.298200937018628,42.84751308265231,44.550496418525015,0.11052223642732645
4548,43.4230729544937,43.26747593393002,41.652686762344615,41.22176633810608,23.986268170579102,42.77887405677992,44.528295318766965,0.11052223642732648
4549,43.45778540385774,43.29410532319472,41.32478177189182,40.94229666952677,18.64603127687839,42.59205211470075,44.56300776813101,0.11052223642732645
4550,43.41689088387299,43.236566639624094,41.34248750614128,40.52200880729185,9.681971013187024,42.282570489932695,44.522113248146255,0.11052223642732642
4551,43.41081370052077,43.316789561305846,41.61520710871767,41.05393152480577,31.6618369255876,42.634849208140324,44.51603606479404,0.11052223642732649
4552,43.441309589450846,43.33522307661757,41.81536980574919,40.807968042764884,31.973081517376265,42.71746350843827,44.54653195372411,0.1105222364273264
4553,43.41623018921922,43.27824789999924,41.48018763795155,41.40954339583709,-11.640394698020437,42.85966685338217,44.52145255349249,0.11052223642732652
4554,43.445213052497934,43.32120196612193,41.85761503645101,41.370821722184246,28.032757243912123,42.70301172313302,44.5504354167712,0.11052223642732649
4555,43.469307954380014,43.27650505788488,41.70327236821609,41.02356794694435,27.168098377909715,42.734967270784296,44.57453031865328,0.11052223642732642
4556,43.432151352909635,43.20524534754714,41.561066947906525,40.97746498762271,25.855433287747083,42.519495750960644,44.5373737171829,0.11052223642732649
4557,43.43226800480219,43.215989315987635,41.50285199792183,40.67895566682523,25.2648131667926,42.59233178077878,44.537490369075456,0.11052223642732645
4558,43.44766843294323,43.33381593648297,41.46183451680936,40.753791398788245,20.839331454300698,42.933818623363706,44.5528907972165,0.11052223642732646
4559,43.41997455563973,43.29794042599898,42.070305758973646,41.647776070761196,27.349562973424995,42.770265007297326,44.525196919913,0.11052223642732648
4560,43.43255981581983,43.32249689220924,41.65597865329337,41.1971391065999,29.14527541765542,42.97164764592847,44.537782180093096,0.1105222364273264
4561,43.460634318751524,43.25171873484067,41.75534241431049,40.96220096680211,33.59600130123424,42.50546701399479,44.56585668302479,0.11052223642732646
4562,43.45934518613247,43.27738147912151,41.61233785224495,40.523237307758784,32.93633558776334,42.6343291839279,44.54369143988674,0.10843462537542736
4563,43.44678210016673,43.34862138897866,41.75980363773601,40.71666412522355,28.88884502032389,42.795364944633135,44.531128353921005,0.10843462537542739
4564,43.44690175338118,43.311883330612126,42.09962591941269,41.9246242271139,28.749753324510948,43.01018986579944,44.53124800713545,0.10843462537542742
4565,43.47164243353194,43.210952356589075,41.699458783872345,40.97138772334275,29.920270335372336,42.63454920219017,44.55598868728622,0.10843462537542747
4566,43.484286363552805,43.353445221661495,41.495350162895996,41.196487853410034,-11.587707555434804,42.917531445375275,44.56863261730708,0.1084346253754275
4567,43.45961529698701,43.29912043302423,41.24571765860387,41.356432717396665,3.0748793599648607,42.6512201508592,44.54396155074129,0.10843462537542739
4568,43.44101146668722,43.30244134868363,41.452964115446484,41.504246821391575,-2.1868770609562134,42.641774294263044,44.5253577204415,0.10843462537542749
4569,43.45349964160194,43.30677267863882,41.502819088060264,40.73256701490739,27.766662565745246,42.68540434918142,44.53784589535621,0.1084346253754275
4570,43.46245749981684,43.27779304051312,41.80306733257049,41.235387989645126,29.255148334888002,42.70829984638406,44.54680375357112,0.10843462537542745
4571,43.4807467860064,43.2815044166148,41.80116403542736,41.47913629981931,32.927353946318576,42.749883853347136,44.565093039760676,0.10843462537542742
4572,43.447212395447245,43.3535428028202,42.10275724638387,41.89602437209256,31.053099717168685,42.842161855918135,44.53155864920152,0.1084346253754275
4573,43.42204609728781,43.18985169891897,41.56767128373536,40.64070077797146,25.33306331358604,42.504828122763726,44.50639235104209,0.10843462537542754
4574,43.44377347565824,43.32420284636141,41.56834924509647,39.973167610769366,30.15457911242698,42.71933928115527,44.528119729412516,0.1084346253754275
4575,43.47553804018532,43.32142987646755,41.39628136796054,40.77794823334231,27.780182238237064,42.70358487891419,44.5598842939396,0.10843462537542731
4576,43.48139439084491,43.32791123108245,42.114339504926335,41.67250652733119,33.45413503376609,42.89734885329895,44.56574064459919,0.10843462537542747
4577,43.43437126674748,43.262947508920426,41.835800654881524,41.38570181531241,32.222756209324515,42.848622896716115,44.51871752050176,0.1084346253754274
4578,43.431121810421914,43.323272262096985,41.94091410866775,41.7335269265157,18.242610511865724,42.82267072033657,44.51546806417619,0.10843462537542753
4579,43.44378538355424,43.19683288005951,41.65143455655888,41.06463966587201,20.179985167548125,42.425356104001224,44.52813163730852,0.10843462537542736
4580,43.468653245901926,43.298851897713924,41.42700801707613,40.412949008200165,29.39154173910665,42.473372917846476,44.5529994996562,0.10843462537542745
4581,43.43280195496176,43.2877872314298,42.224437527012405,41.93884804239721,33.698770767761665,42.980518770648686,44.52836839325905,0.10955664382972932
4582,43.44988156197977,43.31861960535469,41.75311008565531,40.73387992000481,30.484047294647656,42.62845941753944,44.541283028259095,0.10914014662793192
4583,43.470921999810145,43.32787673103159,41.984201036968415,42.055954236690184,26.511805059929372,42.944465340841006,44.56232346608946,0.10914014662793174
4584,43.45205497835862,43.24785225261192,41.750178229904655,41.49134388066305,25.225586180141203,42.81708683163336,44.54345644463793,0.10914014662793181
4585,43.445788744186395,43.258079862480706,41.53529845548792,40.98748285521764,0.8523340678079876,42.60622145031063,44.53746563333605,0.10916768891496514
4586,43.46402287126404,43.321043143019985,41.47236953171562,41.39662379900725,-3.9963070273162202,42.85330132571652,44.555699760413695,0.10916768891496524
4587,43.45243612958078,43.277922416983465,42.056279848680454,41.34645781016454,29.859499579674406,42.73862247227472,44.544113018730435,0.10916768891496519
4588,43.44309064080284,43.235336631638795,41.9131461796679,41.3709416314048,31.072473814980633,42.65546055484225,44.5347675299525,0.10916768891496519
4589,43.47055285587184,43.28258101964935,41.89551532490137,41.71803935380368,30.884766996322263,42.88152749873964,44.56222974502149,0.10916768891496512
4590,43.43650338950016,43.284033643619026,41.57047300950151,40.94617349193961,29.680363766027376,42.76275438977615,44.52818027864981,0.10916768891496527
4591,43.440492614478096,43.29868395971867,41.7973530075588,41.33924638235019,27.322102276128767,42.81175481246639,44.535779635474036,0.10952870209959378
4592,43.41609744645507,43.314046951838456,41.64355966700671,41.47798667755319,24.626236982700586,42.63742519995375,44.51138446745101,0.10952870209959369
4593,43.437958213850294,43.35967924170676,42.05906525717142,41.66170634328722,32.20671997836966,42.95900530704439,44.533245234846234,0.10952870209959378
4594,43.44336541255714,43.32541152465205,41.57482332271229,40.694737405002826,29.632587584484543,42.663553771015714,44.53865243355308,0.10952870209959377
4595,43.44358257057543,43.28091595521687,41.31552396774903,40.69281930162575,27.78030954436416,42.62652408239929,44.53886959157137,0.10952870209959367
4596,43.42831863311216,43.28292764517072,41.24530137706205,41.36653605753434,17.76622126458745,42.72817352244269,44.5236056541081,0.1095287020995937
4597,43.44680660781439,43.33832715745661,42.07020371647002,41.59649759412906,33.473713224413274,42.937998118382225,44.54209362881033,0.10952870209959367
4598,43.44473609015236,43.3029449421135,41.87894762469851,41.10188036005837,34.95041217009837,42.59746651105915,44.532758915019485,0.10880228248671224
4599,43.44462272287261,43.33388313290235,41.628952508389915,41.471399230180495,-4.396272512462268,42.9202021170868,44.53264554773973,0.10880228248671234
4600,43.42649209948454,43.35737907823634,42.13801458845496,41.677032977630326,32.30470967839287,42.80213635673332,44.514514924351666,0.10880228248671225
4601,43.42994955497807,43.25812889542567,41.439795473245375,41.38838510947721,-13.516878831350759,42.609270741328714,44.5179723798452,0.10880228248671227
4602,43.44157381959552,43.29319024626235,41.795671630792604,41.000058345606035,30.283876095638906,42.74750115178925,44.52959664446264,0.10880228248671221
4603,43.46342967102551,43.299524101659294,41.788575003480354,41.10564004398962,31.233807065204417,42.75090572690728,44.55145249589263,0.10880228248671224
4604,43.42128044739519,43.27621706763015,41.696955645969744,41.103573775816955,29.06782913467836,42.670013349512644,44.52031158953919,0.10990311421440029
4605,43.434322935556594,43.25990335657436,42.077068623164145,41.97622995040391,25.07601876908291,42.903688946676354,44.533354077700594,0.1099031142144002
4606,43.432678814397676,43.33395447239342,41.95403981626629,41.367928078852856,27.756569840967646,42.77684366216289,44.520489771998655,0.10878109576009819
4607,43.43900775894879,43.24058369920523,41.52325759729212,40.811014258428436,27.217476556610364,42.43425619457676,44.52681871654977,0.10878109576009817
4608,43.426606744276434,43.306715689765944,41.64744103025991,41.233108986094955,30.90847476999108,42.79878062113441,44.51441770187741,0.10878109576009815
4609,43.447202100526006,43.257135552929405,42.00886387950822,41.25936378613965,32.650345256646666,42.783737716592796,44.54520180241472,0.10979997018887121
4610,43.431136677163266,43.291306428606575,41.87141940218128,41.36055088706128,10.075118369435337,42.90079982351588,44.53932512333971,0.11081884461764403
4611,43.45292689466403,43.30852600429863,41.91759932448685,41.36223180257431,29.769246051188272,42.70431849503305,44.56111534084047,0.11081884461764398
4612,43.416146122429375,43.25137202483202,41.574036117583944,41.131475335397425,16.593601339264765,42.61237625299475,44.524334568605816,0.11081884461764396
4613,43.43705080540691,43.331452704693724,42.085319612131556,41.69640037153591,24.745955343579,42.951131449438044,44.545239251583354,0.110818844617644
4614,43.40279261353262,43.25655924438935,41.82025858775638,40.98212837447413,33.90683070502293,42.607366498499154,44.51098105970906,0.11081884461764403
4615,43.415447362666974,43.27842053488423,41.669748133329726,41.3649267303709,30.668696189528934,42.80655249264337,44.523635808843416,0.11081884461764398
4616,43.42784898254299,43.29812884686374,41.3976648890608,40.89113028264209,27.227725631166134,42.44961853948452,44.53603742871943,0.11081884461764412
4617,43.4304502461213,43.290182108800195,41.339787294226184,41.24378565344667,-9.646266952417463,42.58502107045179,44.538638692297745,0.11081884461764398
4618,43.415311844302614,43.26538060175776,41.671790717075204,40.98910530669518,31.13824509478298,42.73478361049943,44.523500290479056,0.11081884461764403
4619,43.40940991463881,43.31867791671001,41.93915028767677,41.44737208790374,10.101937067423712,42.9690774797792,44.51759836081525,0.11081884461764398
4620,43.42496664181688,43.19113132414759,41.61624307155093,40.74221531882258,29.74525060757744,42.640546233483434,44.53315508799332,0.110818844617644
4621,43.43111487690754,43.27647737945731,41.882151283174686,41.0985690164826,18.522913276388337,42.76752777420269,44.539303323083985,0.11081884461764402
4622,43.435492480566054,43.25028886105023,41.39971467836292,41.35737794025093,-16.241858421680092,42.681564951534725,44.532672609465614,0.10971801288995603
4623,43.40509851284106,43.2895130691821,42.065761981672104,41.969164776646565,28.187365655867662,42.9188288385504,44.50227864174062,0.10971801288995607
4624,43.44207959717792,43.336097248381165,41.37557254529851,40.76137624007295,28.326506154350664,42.76318144479433,44.53925972607748,0.1097180128899561
4625,43.43271180045514,43.28779833183297,41.80890067238061,41.42566515133697,32.87606047354151,42.55993606959463,44.5298919293547,0.10971801288995615
4626,43.42300304826298,43.14935885815641,41.366212789775915,40.87385732269803,20.07762074482924,42.56998318431461,44.52018317716254,0.10971801288995611
4627,43.43618002559479,43.17611913058725,41.65421342274064,41.02678279531861,27.53401596418408,42.438351106461646,44.533360154494346,0.10971801288995613
4628,43.45443787660305,43.25968378817273,41.8183604643643,41.64659579894946,10.567826405136799,42.71408056390139,44.55161800550261,0.10971801288995611
4629,43.43309396958977,43.28749180738072,41.408758033648134,41.417027113662655,19.795443736242905,42.779624072485234,44.53027409848933,0.1097180128899561
4630,43.44508968277005,43.29581883694179,41.82442423902932,41.59541006879532,31.121549764469798,42.62932996731291,44.54226981166961,0.10971801288995604
4631,43.41388590338812,43.204331527007795,41.428587182681056,40.76365881475502,26.970769921196585,42.46797170705679,44.51106603228768,0.10971801288995604
4632,43.47633655080917,43.34131398328003,41.44464357701579,41.48509538802525,20.76393821279848,42.8176160292729,44.57351667970873,0.10971801288995618
4633,43.45440341522675,43.33944961580657,41.74262415365665,41.13805359551969,25.088637905142615,42.80264821858932,44.55158354412631,0.10971801288995611
4634,43.43259665426161,43.325783479998144,42.015939460068125,41.2302682327788,34.074737203978614,42.79951330490495,44.52977678316117,0.1097180128899561
4635,43.43857622866636,43.2986660211297,41.92907253591463,41.80687005797025,24.046828769281653,42.66814066230663,44.53575635756592,0.10971801288995607
4636,43.44199193324709,43.269052296350594,41.53930541668755,41.29354547065197,20.556602427053463,42.6449577330864,44.53917206214665,0.10971801288995613
4637,43.41408351073485,43.20017841032095,41.81230319037823,41.53485001512876,30.776591885547347,42.68512765301739,44.51126363963441,0.10971801288995606
4638,43.43585317654535,43.33460975239575,41.80832992037118,41.15191611962705,31.411637638632925,42.63041629982477,44.53303330544491,0.1097180128899561
4639,43.42947797447081,43.289402805269326,41.67821315677059,40.76475059839637,24.67767211546122,42.71089426347248,44.526658103370366,0.1097180128899561
4640,43.423316677836134,43.329533825194744,41.58250821177727,40.93421493251667,23.976523642481805,42.54569920853349,44.52049680673569,0.10971801288995608
4641,43.42306209363836,43.32233096177374,42.04721657445272,41.49893165772008,33.096514718007995,42.862746364858225,44.52024222253792,0.10971801288995604
4642,43.4302867054967,43.26379207774326,41.893687268131494,41.08975178392355,31.603191420455932,42.63113042761002,44.52746683439626,0.10971801288995611
4643,43.41644179133045,43.29014204665034,41.66216371519933,40.67307540192144,24.37333910365548,42.69383562003833,44.51362192023001,0.1097180128899561
4644,43.429962491847,43.326753349525156,41.596602044002374,41.50176028728786,7.107223467365152,42.81627158952052,44.52714262074656,0.10971801288995599
4645,43.43251219869246,43.19596536344848,41.63998650540759,40.799869322384254,30.022326407985084,42.60689580696503,44.52969232759202,0.10971801288995606
4646,43.441814732057566,43.279010020201454,41.78860116170834,41.449774629718924,2.3388852218608918,42.73064391169558,44.538994860957125,0.10971801288995614
4647,43.42908392080212,43.30884099886008,42.1108033100992,42.0056956259034,33.05013588348165,42.96044057820112,44.52626404970168,0.10971801288995613
4648,43.43846305260262,43.336710452562926,41.888547854208106,41.18370252804029,33.41499900753037,42.818656808042064,44.53564318150218,0.1097180128899561
4649,43.41759727517692,43.20410620384275,41.41115449393136,40.99120510790204,18.230181481163946,42.536583359579986,44.514777404076476,0.10971801288995606
4650,43.420375211738076,43.34556822955191,42.418387712836655,42.260863312237404,33.62661598459684,43.092597355126316,44.517555340637635,0.1097180128899561
4651,43.432682704022724,43.329981267850016,42.38761398862066,42.255178026145,37.19390170603537,42.93443837077339,44.529862832922284,0.10971801288995607
4652,43.43272620525273,43.29316423221371,41.962147674278,41.641255648618326,19.86501670739836,42.76745653536506,44.52990633415229,0.10971801288995608
4653,43.44220765057527,43.30023045920418,41.7713963147499,41.51032963203636,9.75908853399256,42.8200679622922,44.53938777947483,0.10971801288995603
4654,43.42955192646287,43.16835746474354,40.9488693098348,40.85354421293643,8.776942599171925,42.4809806628938,44.52673205536243,0.109718012889956
4655,43.42987651859271,43.20569117026692,41.486642460608266,41.04916575491923,30.526642260776587,42.27218673632041,44.527056647492266,0.10971801288995606
4656,43.43261662520622,43.28367476153628,41.78558433847465,40.80698807644085,29.864947320325342,42.77364072328696,44.52979675410578,0.10971801288995613
4657,43.4139757447064,43.32248803939531,41.917539073951076,41.50996608303339,31.600124757304798,42.919651345180704,44.51115587360596,0.10971801288995608
4658,43.43860182720376,43.217088222843344,41.79216274892804,41.32468810193948,20.027586232743843,42.869046738724165,44.53578195610332,0.10971801288995617
4659,43.44801396162749,43.28410011658121,41.74690949353002,41.169200245236276,28.279614940141247,42.838953088364626,44.54519409052705,0.1097180128899561
4660,43.42297898051932,43.34556303557979,41.57359267135522,41.459968520748504,1.5364960211316614,42.79759207813577,44.52015910941888,0.10971801288995618
4661,43.43602871000843,43.258070018649484,41.84844094120529,41.14097213365629,32.26180048392476,42.44285534154941,44.53320883890799,0.10971801288995604
4662,43.42023117231582,43.297874140294454,41.46210790447811,40.64325156218517,24.27500414419857,42.42651029276427,44.50037387985884,0.10801427075430209
4663,43.46091139867545,43.229649367156824,41.72795119787571,41.638542219630914,23.024682739082014,42.647133008103765,44.54105410621847,0.10801427075430203
4664,43.4360221324261,43.341305713574876,41.62819176221958,41.16623705899088,-8.233730447788865,42.74663158329801,44.51616483996912,0.10801427075430203
4665,43.414581321470045,43.33383634640143,42.026904391857,41.832819673161566,14.400676298192778,42.960411646095984,44.49717873792875,0.10825974164587052
4666,43.42740942015597,43.31381785453188,41.56132404918655,41.265894216802295,20.13912183884036,42.80582407249749,44.51000683661467,0.10825974164587054
4667,43.43348170224058,43.31149957474272,41.606150357875094,41.22453791676634,19.211750270503025,42.54831489434366,44.51607911869928,0.10825974164587047
4668,43.43686211888846,43.21833824421066,41.90901336906921,41.73647158407051,24.791729444198086,42.80116010410521,44.51945953534717,0.10825974164587056
4669,43.4182873390774,43.28212803933103,41.33042365072074,40.78742282127171,22.847220679651436,42.4214899768695,44.500884755536106,0.10825974164587049
4670,43.4120448464374,43.25440545795368,41.52352189452384,40.876474291258326,27.98183555735035,42.524354866530544,44.4946422628961,0.10825974164587053
4671,43.43383577023125,43.35568767390824,41.65336276892318,40.96520966193779,27.74056358242446,42.7989135978583,44.51643318668995,0.10825974164587045
4672,43.43316338683707,43.34492418184923,41.88473741819447,41.2464242024294,30.30328817885711,42.89162584799978,44.51576080329578,0.10825974164587047
4673,43.45249103855502,43.33388406028339,41.82051348333978,41.584616029389494,25.316157394737786,42.913866079500124,44.53508845501372,0.1082597416458705
4674,43.41498341674746,43.31098531941176,42.16073988321452,42.07141986476012,32.996544126357584,43.003952006022445,44.497580833206165,0.10825974164587047
4675,43.45594917306119,43.27480073855383,41.61843329586105,41.43347014299625,29.261536069713642,42.79313936558399,44.538546589519896,0.10825974164587052
4676,43.42936391716993,43.29184849381042,41.453618103809575,40.774352064914424,20.08597044415639,42.705845822500066,44.497312414151864,0.10679484969819351
4677,43.44511924949709,43.35472875116378,41.91129596062223,41.80132335491178,19.849625700092567,42.924406413192116,44.513067746479024,0.10679484969819353
4678,43.453524278052576,43.34141049015005,42.08918973705564,41.768952963013504,30.446124764011586,43.01317396620339,44.51649619009676,0.1062971912044181
4679,43.43433791210821,43.26238570228147,41.90777711202275,40.894434384460226,31.429881322191612,42.62855622845552,44.497309824152396,0.10629719120441813
4680,43.45621564660269,43.297808263762256,41.995195315880814,41.50115692211879,33.48910858267551,42.696243591689225,44.51918755864688,0.10629719120441819
4681,43.4499288493016,43.26368644329493,41.51631953232016,40.713514164716486,23.117913439528184,42.54698612375925,44.51290076134578,0.10629719120441816
4682,43.44744232515005,43.19951798479937,41.282387590798656,40.6952413603997,27.394100313774914,42.46581911129803,44.51041423719423,0.1062971912044182
4683,43.47783839302272,43.346232595025825,41.18555995821532,40.7130166179728,13.516771562975311,42.44889769801249,44.540810305066906,0.10629719120441823
4684,43.468853255546954,43.26430733751735,41.65336727027886,41.46934074794689,13.562899814066306,42.64205532388709,44.53182516759114,0.10629719120441812
4685,43.43260563705047,43.19335954594614,41.71709726526562,41.366371291873826,27.068369287002405,42.67786267070517,44.49477546327708,0.10621698262266095
4686,43.44795344852693,43.314428654145,41.70674856235392,41.51101027230843,16.680271395818032,42.71685272445051,44.51012327475354,0.10621698262266091
4687,43.45399516823775,43.31335352304543,41.71496949354255,41.30457860299809,28.524864676453618,42.704590098178485,44.51616499446436,0.10621698262266104
4688,43.46307294851856,43.27759899943743,41.32124017169393,40.87176991543852,23.230432592345277,42.48294826875937,44.525242774745166,0.10621698262266105
4689,43.450947877340965,43.35573388761269,42.123969410701065,41.662122703847125,33.87968006499817,42.87780452877044,44.51311770356757,0.10621698262266109
4690,43.485113697957615,43.2623566042059,41.85860519326539,41.380593019610174,28.5800254524493,42.67730130873749,44.54728352418422,0.106216982622661
4691,43.4449378573315,43.305047229535525,41.507465300391594,41.21109567436256,28.2915466795074,42.64799310544464,44.50710768355811,0.10621698262266095
4692,43.47005922165918,43.33241783804929,41.975026565499796,41.778301169957,19.874225011882366,43.002201878143495,44.532229047885785,0.106216982622661
4693,43.44480353820949,43.22425978525738,42.10397205412514,41.72510712702501,33.1395141620706,42.737402769093165,44.5069733644361,0.10621698262266104
4694,43.43291365588886,43.3033720330546,42.1020232486616,41.71125644393451,31.31392546901196,42.87031036911333,44.49508348211547,0.106216982622661
4695,43.456708164872296,43.33142870621925,42.172989331397645,42.055014563076185,19.61695296754263,42.837005497382286,44.518877991098904,0.10621698262266104
4696,43.43524537007293,43.28879669025429,41.49758370883216,41.43956002199325,18.234442213033226,42.76648884373194,44.497415196299535,0.10621698262266098
4697,43.438599972150726,43.32303017486771,41.32731010220892,40.63286217810652,19.81217301135903,42.62196856743631,44.500769798377334,0.1062169826226611
4698,43.441385721147824,43.29769744291805,41.80894704137886,40.72413672362676,25.294113246269184,42.79084044297157,44.50355554737443,0.10621698262266094
4699,43.466593855768565,43.28000872259121,41.873126340559544,41.25633079098271,29.074819911859308,42.63696830972063,44.52876368199517,0.106216982622661
4700,43.41425288228823,43.31448357119455,41.56890446239432,40.84750036618537,25.365759334134474,42.77378877171422,44.47642270851484,0.106216982622661
4701,43.44458085984715,43.2729853701755,41.94999087940029,41.54023293282248,23.87078265190194,42.69648343050477,44.50675068607376,0.10621698262266095
4702,43.438646293338486,43.23860850586387,41.449285785529476,41.252159823568164,26.73816304032021,42.643349127617,44.500816119565094,0.10621698262266097
4703,43.45096565095054,43.30234795434247,41.35140668233318,40.54734307347747,-8.212253636094353,42.64202383366798,44.51313547717715,0.10621698262266101
4704,43.46317176382876,43.27551234834023,41.66301721805763,41.332783100376844,30.319211882810187,42.56268610974101,44.52534159005537,0.10621698262266095
4705,43.456651093984185,43.31618148891373,41.811083203194734,40.79695280104576,34.28725406330931,42.536761336533175,44.51882092021079,0.10621698262266106
4706,43.48182130253865,43.31286157384167,41.94164430492098,41.41654604445795,33.16968512634091,42.91630466302685,44.543991128765256,0.10621698262266102
4707,43.463243234990934,43.32918146426955,41.599105031741594,41.4334321437552,26.42387251614637,42.61432471084679,44.52541306121754,0.10621698262266105
4708,43.45066507517222,43.2777285365405,41.61633665580612,41.196227361362304,28.503175305198848,42.6819495121379,44.512834901398826,0.10621698262266098
4709,43.46634139880806,43.31858260999738,41.75803062722329,41.74686597970136,19.25923824114521,42.889789346697384,44.52851122503467,0.10621698262266095
4710,43.44892665855471,43.32639165733879,41.6840010749509,41.437763331435946,28.348056167238575,42.50832113335142,44.50673132645892,0.10578046679042089
4711,43.449469191163615,43.30905573104991,41.47740235366664,41.494631976749766,-8.245792909364631,42.73939342369387,44.50727385906782,0.10578046679042093
4712,43.43641491106653,43.31316698077461,41.82411575606052,41.30352010661723,24.62771513875315,42.37710774471849,44.494219578970736,0.10578046679042084
4713,43.45185796483568,43.280481681817214,41.72762460153926,41.5070850849214,26.515623327978254,42.771275847073156,44.50966263273989,0.10578046679042095
4714,43.44939866176773,43.33901007999865,41.93366914187559,41.44153655122784,29.819565352820284,42.78647583871969,44.50720332967194,0.10578046679042087
4715,43.442812873397486,43.32162654662606,41.91954846249413,41.536321573462175,25.84940456135898,42.78189293136646,44.50061754130169,0.10578046679042082
4716,43.45359778187476,43.295380243305274,41.92147137660878,41.4853066316687,32.144202579968294,42.89791172808128,44.489968417465015,0.10363706355902534
4717,43.46924302423862,43.36512080701174,41.546549858220956,41.13227646774818,23.21678778624363,42.770415874184735,44.505613659828875,0.1036370635590254
4718,43.49133802123103,43.37313062188714,41.683950364118154,41.24060403169954,27.471207524033744,42.71162952764913,44.52770865682128,0.10363706355902533
4719,43.49700044753762,43.32837255296191,42.089623715334696,41.53564621849671,34.465507171120315,42.995252120547306,44.533371083127875,0.10363706355902533
4720,43.46262390476811,43.27686985916851,41.253782820783,40.58757401332204,27.31240639123816,42.584610493630315,44.49899454035836,0.10363706355902544
4721,43.50667864205031,43.27585480464846,41.630993961563476,41.010503271331395,27.4570091653981,42.4373010114904,44.54304927764056,0.10363706355902534
4722,43.48433376185633,43.37290514013398,42.0625107662731,41.46757133087551,34.46389431523139,42.73191013920221,44.52070439744658,0.1036370635590254
4723,43.47212768785218,43.36036337764572,41.933935162919624,41.05013002722478,33.86015106708348,42.89223839449539,44.50849832344243,0.10363706355902545
4724,43.45445336978299,43.32649977192432,41.88149595417749,41.26136993938669,32.920371499819616,42.699566182071464,44.4967568004934,0.10423034307104148
4725,43.46656362371475,43.30988061153952,41.462283880989546,40.80088634533196,24.861360674438576,42.54770078305249,44.50886705442516,0.1042303430710415
4726,43.47285093572723,43.353376173084115,42.230065481389865,41.84044512530181,31.80699417673911,42.848291501575105,44.51515436643765,0.10423034307104156
4727,43.49093894525313,43.36025885930256,42.0469061888981,41.476485459318084,31.821221422058727,42.701430275569265,44.53324237596354,0.10423034307104144
4728,43.47245348115637,43.34097129937597,41.475902570765314,41.21184670425844,-8.216403470317019,42.76340841761747,44.51475691186679,0.10423034307104155
4729,43.45994042846953,43.2696572880927,41.85998164385447,41.56938847740021,28.278200103246334,42.753376148306074,44.50224385917994,0.10423034307104148
4730,43.4566809053712,43.276878957904785,41.57507510018052,40.670715243245766,26.28357146006405,42.57229088640512,44.49898433608161,0.10423034307104154
4731,43.47222293234413,43.380162739921204,41.85185112582938,41.02650341508912,33.07916229620643,42.78382182783001,44.51452636305454,0.1042303430710414
4732,43.441093548526226,43.3211270717463,41.48950423227079,41.03823055961111,19.83333019517385,42.63231160739139,44.48339697923664,0.1042303430710415
4733,43.47612838812513,43.192022113258574,41.510116813591125,40.68486119893444,23.099793903887907,42.64535976043786,44.51843181883555,0.10423034307104158
4734,43.469296898625316,43.27364563356267,42.081445371700084,41.37654388138925,34.90424104967001,42.69867840477346,44.51160032933573,0.10423034307104151
4735,43.46336971165533,43.35368468477259,41.77237347291074,41.345421200103836,31.801068179069933,42.507140181306404,44.50567314236575,0.10423034307104155
4736,43.462931129313645,43.290772612541616,42.04265378068094,41.51916355990505,31.439497692924185,42.97999850957494,44.505234560024064,0.10423034307104155
4737,43.49738526590004,43.269102074772206,41.86665186528385,41.25817317675077,30.530067960047184,42.845277973183826,44.539688696610455,0.10423034307104147
4738,43.46578931230382,43.360321808483526,41.766771807716786,41.09808226112795,29.012902087499157,42.771968869889164,44.50809274301423,0.1042303430710415
4739,43.45410910864312,43.222425659641075,41.87462975472278,40.907013172497784,32.70098228276315,42.62415407037289,44.49641253935353,0.10423034307104143
4740,43.457018351123786,43.32832235577535,41.915823350104645,41.410020320805984,30.4296687250023,42.76201945821333,44.4993217818342,0.10423034307104148
4741,43.466185121982264,43.317117069744036,41.74705751448511,40.68935371940456,28.297891749391795,42.63389894168713,44.508488552692675,0.10423034307104137
4742,43.44719305770803,43.26923761283896,41.81657070986547,40.86476912341239,34.21954171143298,42.691259752567376,44.49595303070879,0.10487599730007618
4743,43.46641071595715,43.30200528706979,41.792424983374545,41.42214337835242,27.889870631182344,42.80345650310455,44.515170688957916,0.10487599730007614
4744,43.4493506382319,43.365361004644015,41.360144162396296,41.38474292761114,24.202630489653753,42.84202366610002,44.505696386982954,0.1056345748751053
4745,43.450876758509814,43.33656715175146,42.11821822071275,41.38628212420704,30.721350549448896,42.85387659490928,44.50217850251514,0.10513017440053302
4746,43.45426302412717,43.18416317240181,41.467569786396744,40.74505490907627,30.231019225722495,42.39586736962124,44.5055647681325,0.105130174400533
4747,43.463401801549956,43.35742409491279,42.02771314941221,41.44002044882879,33.43332200265074,42.61590123315143,44.514703545555285,0.10513017440053302
4748,43.46726145294001,43.36316379962971,41.43766490500824,41.415919788180545,-11.66378943981244,42.56544837880664,44.51856319694534,0.1051301744005329
4749,43.47566622337758,43.28891699493961,41.34967600796107,40.48120314718558,27.851477154857875,42.3842416376592,44.52696796738291,0.105130174400533
4750,43.44187138344541,43.32794039111891,41.813468505401715,40.917956500661234,31.258732277009443,42.81464221323425,44.49306841459593,0.10511970311505243
4751,43.44515857192449,43.21115701452102,41.69080951540931,40.83059758053118,32.18721143456764,42.51623398160602,44.49635560307501,0.10511970311505237
4752,43.4421016612494,43.29037789628821,41.68303250481621,40.60689610987998,29.13108383369873,42.689036783787046,44.493298692399925,0.10511970311505245
4753,43.497450112970476,43.3631417197954,41.65440948711795,40.814064017046086,27.13796312975032,42.87586908180751,44.548647144121,0.10511970311505238
4754,43.441786161710745,43.26841479876424,41.67593704544808,41.52688219782774,23.164366384999628,42.66947935887353,44.49329942062729,0.10515132589165417
4755,43.47000133799012,43.30837352309329,42.014950440316035,41.59336904463385,28.853919055470087,42.87318010765328,44.52151459690666,0.10515132589165412
4756,43.447412510992834,43.33785801898423,41.42663661083799,40.929970781289605,24.15934592833474,42.61848700779036,44.49892576990938,0.10515132589165425
4757,43.43526405822243,43.24195532266557,41.650565941290836,41.08564400404083,22.94504353238946,42.55697258769475,44.48677731713897,0.10515132589165409
4758,43.47260230044593,43.35049432370383,42.077471903464826,41.71520178783375,30.58723261265083,42.767184886588325,44.52411555936247,0.10515132589165413
4759,43.47242346295466,43.30176819407085,41.63493159746125,41.180847854503284,17.190748402793954,42.72418987373801,44.5239367218712,0.10515132589165409
4760,43.46652995800801,43.314686564278695,41.74654262564674,41.3368138160607,28.29144328274367,42.73009927679174,44.51804321692455,0.1051513258916541
4761,43.47206883506436,43.37921499956673,41.41612153994115,40.650293033361315,20.85622254339492,42.83795926711154,44.523582093980906,0.10515132589165416
4762,43.44475637882053,43.24819077925622,41.49602423692098,40.86514306652458,10.624027793406967,42.67095812638204,44.49626963773707,0.10515132589165414
4763,43.46191942483239,43.27861777483252,41.593376245013225,41.19150722039118,30.943239825610448,42.606005067367775,44.51154643160621,0.10496270067738254
4764,43.45275606408068,43.27781021180967,41.91371116857191,41.372947366143514,31.816352170336284,42.84488675731568,44.502383070854506,0.10496270067738254
4765,43.44354435915092,43.30253091903664,41.731462800293706,40.63143975456616,30.99176809377756,42.65992919878518,44.493171365924745,0.10496270067738252
4766,43.46819461191631,43.316763026538524,41.71935753460537,41.40229841070857,29.60356091045896,42.6478314351379,44.517821618690135,0.1049627006773826
4767,43.44035408911087,43.30016223528354,42.04698579809256,41.41474199417532,29.830411758116604,42.874783948015946,44.489981095884694,0.1049627006773825
4768,43.48393462997499,43.270571546965286,41.79483454963326,41.32732072761798,18.234364007318405,42.78226882876254,44.533561636748814,0.10496270067738249
4769,43.47117456021987,43.36011101390556,41.958872030562304,41.45161235860054,28.25868162193289,42.93004608501303,44.5208015669937,0.10496270067738254
4770,43.48055320848822,43.26522967316963,41.7973165400428,41.41996563520891,29.59545885248843,42.796552221853815,44.53018021526204,0.1049627006773826
4771,43.443437436060535,43.21826051401715,41.38300034654269,41.129478219077534,28.899645137131564,42.374278508268574,44.49306444283436,0.1049627006773825
4772,43.44310771271973,43.29376970402827,42.00922039985413,41.81664831882303,31.29895189329506,42.87275862074512,44.492734719493555,0.10496270067738257
4773,43.4466518871073,43.25674748644532,41.76993370535485,41.00512616771682,30.705748561665132,42.63278862881532,44.496278893881126,0.10496270067738252
4774,43.452485927787436,43.32302457916157,41.514605955232305,40.990343716515326,27.076732007783793,42.89767817120601,44.50211293456126,0.10496270067738252
4775,43.48066361791298,43.34634111254632,41.66958143944895,40.71970042305819,25.137125347223414,42.71527269797494,44.530290624686806,0.10496270067738249
4776,43.44662722611135,43.31476231413813,41.58523319147828,41.54744342014717,16.713560593615508,42.62498026153145,44.49625423288518,0.1049627006773825
4777,43.449673844292384,43.36064115900191,42.027453330213945,41.766459022453795,27.10585665720744,43.048222224420144,44.49930085106621,0.10496270067738256
4778,43.45554682048913,43.36290124386124,41.83453196191213,41.307201360506,31.745538347504397,42.962280173524505,44.50517382726296,0.1049627006773826
4779,43.43993978137888,43.33041677659691,41.286014534610615,41.474554265696874,19.812314155276116,42.82860077934555,44.48956678815271,0.1049627006773825
4780,43.471517035591546,43.32110966993181,41.460695368708485,41.24629398718398,25.73803240212391,42.71878337081638,44.52114404236537,0.10496270067738263
4781,43.47139497662129,43.35547332039439,41.810417734596854,41.301790731872835,28.220899385054523,42.749072339734084,44.5210358050177,0.10496408283964126
4782,43.44316729870213,43.23872426882081,41.49659089094102,41.01366017263241,29.855150132378228,42.217716344766686,44.49280812709854,0.10496408283964118
4783,43.45226784014076,43.30765618334196,42.00831641439563,41.41416825660553,33.65355398832852,42.68227701179277,44.501908668537176,0.1049640828396413
4784,43.45784833455275,43.328493641348395,42.01528675337736,41.71875220868188,30.965845666843318,42.987663049321895,44.5057274954124,0.10478791608596505
4785,43.45485401359979,43.357108110982125,41.992690589996975,41.5900552980648,21.311365133086,42.923275878509415,44.50273317445944,0.10478791608596497
4786,43.46406241724229,43.30739326503099,41.68619122331298,41.362893322337015,25.996092909762904,42.85611927969824,44.51194157810194,0.10478791608596492
4787,43.4670711473489,43.30841266641925,41.71069215653434,41.080725325914266,32.46082391927425,42.622247617727936,44.514950308208554,0.10478791608596502
4788,43.460679602888845,43.30390939336845,41.66131212947741,40.919385753575554,31.57997756442945,42.69615359687188,44.508558763748496,0.10478791608596509
4789,43.44851276403797,43.31520936332677,41.5430882664434,41.32382933186394,31.761630366923633,42.68669560790402,44.49639192489762,0.10478791608596504
4790,43.45451787961773,43.34356676699678,42.122942489585164,41.89215813350714,28.501711955466416,42.98479853020883,44.50239704047738,0.10478791608596506
4791,43.49886253458855,43.35119154349783,41.914704698730674,41.45827562168931,28.278981549224945,42.821958196190806,44.5467416954482,0.10478791608596497
4792,43.47272629090116,43.278796135024045,41.86183408248786,41.2193439662571,31.8938306720418,42.59198232024677,44.527311462133824,0.10545851712326641
4793,43.441631061803065,43.20668775676876,41.453075931894695,40.87717780826207,18.73217382276895,42.69167687552969,44.49621623303573,0.10545851712326647
4794,43.4540223667145,43.31647972306999,41.65357821645993,41.18681488869914,27.843376710131636,42.71497352204348,44.508607537947164,0.10545851712326655
4795,43.46647176714477,43.14655996515505,41.59186480997937,41.05046131454146,22.58975572300278,42.55944775179108,44.521056938377434,0.10545851712326645
4796,43.45402400471744,43.27086674480732,41.5744018906925,40.94611980149418,27.327706698253763,42.31161514648578,44.508609175950106,0.10545851712326655
4797,43.45048247655094,43.237132728107326,42.11038177316944,41.4922078846341,35.11132877826331,42.68282218481642,44.505067647783605,0.10545851712326644
4798,43.4599827477059,43.306677598029424,41.53595082727636,40.76597560976718,20.71482371349318,42.391754873725155,44.51456791893857,0.10545851712326643
4799,43.44782924552633,43.297296902812526,41.495993352652256,41.37946188216148,15.658560395652653,42.80673013218498,44.502414416758995,0.10545851712326645
4800,43.45722663782513,43.308810152073455,41.30940155315992,40.76455773307214,3.035913867079657,42.5799773129461,44.5118118090578,0.10545851712326647
4801,43.441803132186244,43.27880426919514,41.12368859044754,41.160083585758024,-8.18852109484419,42.63469268898396,44.49638830341891,0.1054585171232664
4802,43.43231030060752,43.29618731054886,42.01234272576597,41.50045842475095,26.48315777119105,42.99202419839677,44.486895471840185,0.10545851712326651
4803,43.46338256642284,43.317761564087746,42.1363960892353,41.75271169982187,34.81511762180665,42.92520972105061,44.5179677376555,0.10545851712326641
4804,43.46369888576218,43.34963134962058,41.85106456899276,41.46458594861065,24.568903921165784,42.68915677288206,44.518284056994844,0.10545851712326643
4805,43.457396457886624,43.35746595760258,41.56900739667462,40.92649726830887,16.821078270443685,42.76792104471127,44.51198162911929,0.10545851712326647
4806,43.463287723999166,43.29810430305956,41.37932268726732,40.811878511496815,8.798087435627437,42.63844547379703,44.51787289523183,0.10545851712326652
4807,43.472703712817804,43.36307847938602,41.72743442471208,41.320914445382165,27.31253894303374,42.92316296866704,44.52728888405047,0.10545851712326645
4808,43.43535844662075,43.27529524631832,41.94579782162774,41.891968076795315,17.797287605827464,42.89376177364697,44.48994361785341,0.1054585171232665
4809,43.454105213151,43.33496169053044,41.68380966519607,40.61267590848888,33.81400197644513,42.71362114110353,44.50869038438367,0.10545851712326651
4810,43.4478519345321,43.36002062337672,41.98864704278468,41.64993333410177,28.496838068061432,42.9436109362521,44.50243710576477,0.10545851712326652
4811,43.444551579214526,43.21435936783197,41.9293714868196,41.080242476099954,31.808133752388805,42.76363548227653,44.49913675044719,0.10545851712326643
4812,43.46321936943731,43.34029278579732,41.76189615389932,40.778936821215076,25.203649490869992,42.87229835325938,44.51780454066998,0.10545851712326647
4813,43.46337145293243,43.28521298325011,41.578994248460745,40.710929670343525,26.046277314990995,42.62728044870185,44.517956624165095,0.10545851712326643
4814,43.482173621932134,43.31759449960044,41.645229483717614,40.83538515204749,32.92744470131096,42.61604941655841,44.5367587931648,0.10545851712326648
4815,43.45411329649019,43.30693575555457,41.40075514423125,40.636725195763646,25.808451275998245,42.55131616338761,44.50869846772286,0.10545851712326641
4816,43.44755884430203,43.35739315467831,42.03407108682176,42.128984073211825,26.717803661176827,42.9586341713854,44.5021440155347,0.10545851712326641
4817,43.45483214633918,43.30652659485076,41.638156935866476,40.896046527088835,24.74326955611978,42.71122800130936,44.509101089805824,0.10542689434666476
4818,43.43882915552879,43.355466333035835,41.912474565276746,41.49690020252071,27.793196953935656,42.987854565199136,44.49309809899544,0.10542689434666486
4819,43.439525795544164,43.259300732755435,41.626658854826,40.746577981231994,20.002551606865044,42.66167432171888,44.49351931614048,0.10539935205963137
4820,43.43867299826489,43.2815659452248,41.78707068101006,41.45595104319985,24.812383661500387,42.62613520994093,44.52410732537703,0.10854343271121365
4821,43.41687330917575,43.285497777556905,41.69148319123258,41.12760242826645,31.7302799608182,42.679954996353274,44.50230763628789,0.1085434327112137
4822,43.438724166194774,43.17246529379113,41.65792128812902,40.83219686795709,28.95947527516766,42.47375110833304,44.52763817942219,0.10889140132274178
4823,43.423127265441046,43.30131953136102,41.93061239656581,41.59925760094875,31.76439226788091,42.80570539597936,44.51204127866846,0.10889140132274182
4824,43.376734013931866,43.16658490117404,41.55266507130435,40.99970874049041,28.5695696295074,42.63869912487355,44.46564802715928,0.10889140132274178
4825,43.41694820505084,43.27247393200497,41.9193918230168,41.236809423130765,31.430222165636412,42.732243020841615,44.50586221827826,0.10889140132274176
4826,43.41994368958953,43.32000524460339,41.657418095091806,40.94556840217025,26.576724179760337,42.75423541561331,44.50885770281695,0.1088914013227418
4827,43.420083394355096,43.311124991773646,41.61876455504861,41.70861159281995,13.00032711666606,42.80319658327036,44.50899740758251,0.10889140132274172
4828,43.44163819378012,43.317796139316826,41.8686435626677,41.34229830601948,19.835101104550866,42.8023322218054,44.53055220700754,0.10889140132274172
4829,43.42280946346958,43.30910456562445,41.8253906187731,41.08138451565845,30.404195280182037,42.77422920189353,44.51172347669699,0.10889140132274185
4830,43.41112302685332,43.28454163309224,41.51614396349131,40.85090745543929,24.393647097831266,42.595777217348385,44.500037040080734,0.10889140132274179
4831,43.4167340850998,43.265458333229795,41.81383992108575,40.94139382601476,27.948261155636338,42.5723568568524,44.505648098327214,0.10889140132274175
4832,43.41380241872549,43.29518639907408,41.41391606986523,40.50878960194042,24.223777741145067,42.57766499936791,44.502716431952905,0.10889140132274178
4833,43.441010819735375,43.29046629293182,41.35323171482751,40.913742576796906,22.51941937045998,42.608220800109386,44.524685916718916,0.10836750969835411
4834,43.41803958962193,43.28103029361492,41.29644935427945,40.76995595732087,10.2657948167626,42.568604050396,44.50269750682061,0.10846579171986818
4835,43.44887585572583,43.33729483171866,42.08869603473183,41.47880740018398,33.723757685921306,42.87644642386233,44.533533772924514,0.1084657917198683
4836,43.43015747449064,43.213778839507725,41.799014938544694,41.39266754249558,18.37234723606108,42.62137573582655,44.514815391689325,0.10846579171986827
4837,43.44001847116259,43.30163784515739,41.43672267710631,40.75396028578485,24.72008700349873,42.72150762568112,44.52467638836127,0.10846579171986816
4838,43.42714682223943,43.21460871768674,41.84403755052407,41.31590319667023,26.488761093747446,42.67750147297086,44.51180473943811,0.10846579171986824
4839,43.42463498901017,43.260110171230416,41.59170082744559,40.662183274924764,28.72414470645245,42.50159014830632,44.509292906208856,0.1084657917198682
4840,43.42441387657666,43.294471131618955,41.84524481482781,41.29451511569432,31.833212210218047,42.89649542386064,44.50907179377534,0.1084657917198682
4841,43.429021461797994,43.3306316113325,42.29155965767374,41.99113830548508,32.69759984103195,43.083491649804174,44.517587500651565,0.10885660388535742
4842,43.42010656368241,43.299779691926084,41.860139018788985,41.50474784647978,24.315627813452704,42.80720678088379,44.50867260253598,0.10885660388535741
4843,43.407502216334095,43.2086055556025,41.525085165430404,41.23918399663919,3.035703020547949,42.63769940236685,44.496068255187666,0.10885660388535746
4844,43.41046383876579,43.30459569575332,41.833920742620236,41.41312597684392,33.56804547281044,42.75148119313157,44.499029877619364,0.10885660388535744
4845,43.4540654447678,43.279010359101896,41.75975879795618,40.91395376137331,33.152597834433635,42.68204634541938,44.54263148362137,0.1088566038853573
4846,43.432760450121926,43.26983591771516,41.92670450863238,41.18355519090709,23.25509906351023,42.74040710173438,44.5213264889755,0.1088566038853574
4847,43.42080988884838,43.219600998389524,41.779953323916146,41.42843675637951,23.967543186491177,42.5774206563282,44.50937592770196,0.10885660388535752
4848,43.429771658464915,43.28065388983923,41.854323689926225,41.34252429151573,31.449122040354794,42.674057195963975,44.518337697318486,0.10885660388535746
4849,43.4136685175793,43.24465503889424,41.62889909210959,41.158078092733106,27.247997056417102,42.83249596150503,44.50899364378036,0.10953251262010537
4850,43.40098269784321,43.328207649892555,41.78613610382646,41.6048098473649,28.314972905817363,42.825861353052446,44.496307824044266,0.1095325126201053
4851,43.424533259290705,43.25027856436231,41.46722228132806,40.97298694889298,24.012904787552436,42.55718108356705,44.548425081349244,0.11238918220585359
4852,43.41843787163448,43.2351983438414,41.65759853687218,41.40669645745529,18.716488021598376,42.84268258445418,44.54232969369302,0.1123891822058536
4853,43.40919187100426,43.31893341657996,42.00054421263393,41.449318118807305,31.079751660234827,42.91220397701336,44.5330836930628,0.11238918220585357
4854,43.421468999132294,43.27751774892764,41.80255007698576,41.17155230429146,31.591756099106533,42.83995332883781,44.54536082119083,0.11238918220585356
4855,43.383805424019855,43.234468135363265,41.337463951642896,40.70562050876055,28.065072010586782,42.46503369835312,44.50769724607839,0.11238918220585357
4856,43.421560447677265,43.30794029989437,41.629372467409205,41.48464985928339,-4.237166204042204,42.908897644005506,44.5454522697358,0.11238918220585355
4857,43.41299561980164,43.20410799796206,41.76702821306685,41.33314609254917,23.163804637328905,42.65005013797084,44.53876237715049,0.1125766757348848
4858,43.428595251217025,43.296995273285816,41.42991413421717,40.83199782924089,20.71647491620034,42.9039172416312,44.554362008565874,0.11257667573488472
4859,43.38708308896422,43.196899860007434,41.453200889157245,40.551213152778985,27.24366207803138,42.4207875999268,44.51284984631307,0.11257667573488483
4860,43.41533327034419,43.2430285384629,42.01882438644656,41.473148473491676,29.51287262315339,43.0124435840424,44.54110002769304,0.11257667573488486
4861,43.45240247684447,43.302902967593184,41.815915095185034,41.34300352730322,30.668867509642958,42.88234964955673,44.57816923419332,0.1125766757348848
4862,43.446283580252604,43.23193404263218,41.29933000176972,41.17954337650581,10.339879353094283,42.676822101932416,44.57205033760145,0.11257667573488492
4863,43.42195322172803,43.268817283958,41.54517055011235,40.76269289396214,29.473217486617262,42.76631234492615,44.54771997907688,0.11257667573488485
4864,43.39937001033934,43.28818580038188,41.60264642193914,40.96844493467432,24.825914451463554,42.74018767349128,44.52513676768819,0.11257667573488475
4865,43.40288172410462,43.28976790538289,41.520062342694686,40.71678388182719,27.61022624887888,42.571690459561424,44.532222211927426,0.11293404878228072
4866,43.3999892728079,43.18702024527072,41.653202178570474,41.031911708180246,32.89121053298726,42.3638959369778,44.52932976063071,0.11293404878228062
4867,43.42066568209589,43.181218499154625,41.55236121714733,41.03547862370679,28.892673756446577,42.71183205552396,44.550006169918696,0.11293404878228075
4868,43.42136926808459,43.21016861460084,41.544937704734245,40.664592110000854,26.136908837926455,42.470810379989956,44.5507097559074,0.11293404878228067
4869,43.40162155742723,43.27683833767537,41.91765641416975,41.74733861233743,19.8132679106329,42.88192525253744,44.53175637348476,0.11301348160575311
4870,43.40430401814622,43.27632170000895,41.93861568610516,41.46716798352868,30.923337884711103,42.80869343559142,44.534438834203755,0.11301348160575322
4871,43.401573462235994,43.302020607090384,41.774996119182646,41.16130464661093,31.763343866082472,42.6429811066192,44.53170827829353,0.11301348160575321
4872,43.41100358565493,43.241206633650506,41.57140152321005,41.06570678951777,20.38400552772257,42.494758934512234,44.541138401712466,0.11301348160575322
4873,43.404803989072626,43.26486124884456,41.25353630440022,40.54097410498324,18.2738280924427,42.6418162964448,44.53493880513016,0.11301348160575311
4874,43.42348554851595,43.23037217664089,41.77835740153328,41.14984394387694,20.715631995014547,42.63185140993967,44.55362036457348,0.11301348160575314
4875,43.4016483686449,43.224852227721236,42.05287999235393,41.83181183488974,31.594454453148707,42.87658916283236,44.531783184702434,0.11301348160575309
4876,43.435875901648586,43.202977301253895,41.39005795652759,41.0318479467354,18.73540708929251,42.70638808944114,44.56601071770612,0.11301348160575317
4877,43.43011466121014,43.26676102440046,41.49185867429835,40.64862615265483,30.121008896716862,42.84944310008376,44.560249477267675,0.11301348160575322
4878,43.426666283281726,43.255025847752385,42.08472571441115,41.491440154038436,30.181558911745043,42.783400529949034,44.55680109933925,0.11301348160575307
4879,43.394211843402026,43.27105222645055,41.93728705695903,41.55994070018596,32.200848168855046,42.846293499214354,44.55960021660894,0.11653883732069163
4880,43.363634428465076,43.27067893023144,41.922478596762794,41.4586115659669,30.372247765459473,42.90000644596084,44.52902280167199,0.11653883732069163
4881,43.39107710736197,43.22519708733907,41.91932073710808,41.66659080047144,29.958183302996428,42.66718064796582,44.55646548056889,0.11653883732069167
4882,43.366266870007145,43.24787824135167,41.77826427597409,41.16600017765331,25.813612119736316,42.72828488773115,44.53165524321406,0.11653883732069166
4883,43.37888934812106,43.24275639819439,41.757253903713995,41.30196100391447,32.807558910027645,42.672422287178875,44.54427772132797,0.11653883732069166
4884,43.37280002331807,43.26056743854797,41.962927474518764,41.83136814237882,29.887072663272768,42.70852836336255,44.53818839652499,0.11653883732069158
4885,43.381722461119075,43.28637655983903,41.74899659221932,41.268750682008495,10.413796707977959,42.84710436264493,44.54711083432599,0.11653883732069162
4886,43.37248487393778,43.29183392266743,42.11729993892731,41.8672985982477,28.433625199058525,43.04083850651094,44.537873247144695,0.11653883732069169
4887,43.38713538503736,43.26185852317194,41.78073297986778,41.345108120826396,31.938622150677812,42.68498060485862,44.55344254559637,0.11663071605590078
4888,43.38726082780666,43.259370863952434,41.682077888874254,40.9455467653448,31.275677778961114,42.56407199770983,44.553567988365664,0.11663071605590075
4889,43.349596930451305,43.22442277491451,41.66786058370271,41.18075076553783,26.67975728873511,42.77772868547878,44.51590409101031,0.11663071605590074
4890,43.38706922216736,43.24456470941069,41.95868618835799,41.402132074768716,28.215471144929342,42.79473109324517,44.55337638272637,0.11663071605590072
4891,43.35943780058462,43.25423598887457,41.80911282898376,41.26684035254423,27.61775681130424,42.6607447237928,44.52574496114363,0.11663071605590082
4892,43.390498763089006,43.23778003526181,41.490239929337484,40.65591433534698,27.244529639542122,42.557643132514926,44.556805923648014,0.11663071605590071
4893,43.390871274383116,43.15157469284569,41.090861058379865,40.22060309019264,-7.904329803164309,42.58951099994796,44.5629328343155,0.11720615599323797
4894,43.3470156695533,43.242796329957976,41.651884814202404,41.421022007017946,16.658182254421753,42.71079486107615,44.51907722948568,0.11720615599323794
4895,43.35580851351011,43.24986871162453,41.69319533564909,41.48547884259149,27.533962411518665,42.76397334199521,44.55964498711233,0.1203836473602219
4896,43.32743211465482,43.20017360590231,41.77902309696024,41.29287902969241,27.19595547708163,42.6268974302411,44.531268588257035,0.12038364736022185
4897,43.356099721769226,43.23854747999418,41.72209815955102,41.21006180643086,30.934392985864108,42.635603368316985,44.55993619537145,0.12038364736022195
4898,43.32749060487406,43.229543700458116,41.541407859109164,41.08661486574174,28.297813861884496,42.54798702405475,44.531327078476274,0.12038364736022189
4899,43.33709742463474,43.08205832650208,41.503746933589795,41.01450530621645,30.127945285252174,42.46125457258529,44.540933898236965,0.120383647360222
4900,43.33345731900483,43.16451656795429,41.40274710568485,40.40918749141726,29.205008495317433,42.36880218570988,44.53776312884877,0.12043058098439473
4901,43.33393460355736,43.223791272455884,42.12983486180521,41.74545629701741,33.07251223309426,42.85713944153541,44.538240413401304,0.12043058098439477
4902,43.35545802789406,43.24979896578325,42.03937139132706,41.757996907494494,25.338930918734505,42.811274115253596,44.55957329166621,0.12041152637721508
4903,43.32354713728405,43.20771873714515,41.685131358712795,41.36667934426804,31.364821371211185,42.65392691851697,44.528631539825675,0.12050844025416232
4904,43.33017060165383,43.20423365664782,41.80505779428187,41.48752624154661,32.65104504537189,42.420421055040606,44.535255004195456,0.1205084402541623
4905,43.33933011574799,43.21492764835496,41.66475811591487,41.18454924692758,29.855546355811178,42.73502449115777,44.544414518289614,0.12050844025416235
4906,43.33868979797726,43.14251086328568,41.49741174828476,41.12651209093291,31.10147543415242,42.458527352677194,44.54377420051888,0.12050844025416234
4907,43.32705220750389,43.24232386864685,41.80374857442517,41.585336280536865,31.05350205475153,42.71069668150447,44.53213661004551,0.1205084402541623
4908,43.33166516039614,43.19008603237791,41.79036064480145,41.25849971632327,28.66776165881256,42.745417714369424,44.53426040387621,0.12025952434800656
4909,43.36030309388238,43.20343387512216,41.09349576675604,40.8179033823913,-15.462162850936451,42.766693396876576,44.56289833736245,0.12025952434800664
4910,43.339499936157814,43.16698121733462,41.43735090793884,40.22019657978266,31.437518239667064,42.65422969162465,44.506841622488494,0.1167341686330681
4911,43.38945489934458,43.24975450853663,41.90268600039683,41.24279662457056,31.74479300402107,42.81068336325842,44.55679658567526,0.11673416863306817
4912,43.380228435311885,43.201830751053386,41.46416255210891,40.58043967614557,23.161621455231224,42.60498406154491,44.547570121642565,0.11673416863306815
4913,43.385885262064434,43.2764236711823,41.78497348995802,41.04690495763741,23.13412015010233,42.80037876676093,44.553226948395114,0.11673416863306808
4914,43.37354455406456,43.25169340316508,40.75462610609752,40.361575811064704,-9.869596601797255,42.687670459599744,44.54088624039524,0.11673416863306817
4915,43.37042058521983,43.29278817965527,41.89831397175442,41.67391920163741,32.14192199836937,42.80982689821772,44.53776227155051,0.1167341686330681
4916,43.361027338070485,43.26664740713584,41.69566218106758,41.26793164693678,25.620219375234853,42.83594309509873,44.528369024401165,0.11673416863306801
4917,43.395497440667874,43.21245006512821,41.51122326671021,40.83252608094797,27.235488900062112,42.472074183616364,44.562839126998554,0.11673416863306811
4918,43.360739039790964,43.22427546793223,41.081631595445465,41.18558244150697,6.541935902728319,42.66707145207627,44.528080726121644,0.11673416863306806
4919,43.3619299842546,43.13066580940274,41.08144317641453,41.09792482098234,24.10236438389375,42.53473099759674,44.52927167058528,0.11673416863306808
4920,43.38345562513054,43.289678937457566,41.29077744863047,40.55906542414269,-9.86951071263558,42.6617196453799,44.553421344719766,0.11699657195892287
4921,43.383173241644904,43.28466501351716,42.02255329096538,41.675978670335006,24.354389972042572,42.87726919165992,44.55313896123413,0.11699657195892299
4922,43.371491792521354,43.239522000887284,41.07579306536168,40.14542421121537,19.22562351657536,42.733707756716484,44.54145751211058,0.11699657195892287
4923,43.35231949026816,43.251491621189906,41.80809931853961,41.15805726744348,28.294215717750777,42.57853539458495,44.52228520985739,0.11699657195892293
4924,43.3738529352397,43.2459479263999,41.81057698985945,41.276537339064085,31.770907915880397,42.63977365656445,44.543818654828925,0.11699657195892296
4925,43.37426266796955,43.22971405754016,41.4609066629529,40.87917026457566,27.13456526980934,42.64990145526895,44.54422838755878,0.11699657195892296
4926,43.368063409077465,43.2511485069855,41.27497692253952,40.053577486203466,23.999627462904044,42.182162372833204,44.53802912866669,0.11699657195892302
4927,43.37459874941347,43.20721239185912,41.8801195700347,41.144993142117116,36.182429750978955,42.72641861987162,44.5445644690027,0.1169965719589229
4928,43.37121176468648,43.22519978942246,41.529861515350056,41.076231899454065,-21.09171351065421,42.8015231966684,44.54117748427571,0.11699657195892291
4929,43.37167353067448,43.21508844940668,41.6803060908338,41.034375802487716,27.272993234234377,42.75135727497005,44.54163925026371,0.11699657195892291
4930,43.35274306199635,43.10708799235738,41.288842008961325,40.60040072195197,27.178891297166487,42.344464556748555,44.52270878158558,0.1169965719589229
4931,43.392659560230896,43.271533363900666,41.82007643951223,41.565217864558605,25.429275918900167,42.83572070068905,44.562625279820125,0.11699657195892296
4932,43.39244988399905,43.26500849543334,41.75385429641229,41.20023349528178,27.717397732701453,42.57321548719933,44.56241560358828,0.11699657195892292
4933,43.38373296568843,43.25381870294119,41.48391250065292,41.01466638087942,16.544710464693836,42.6279135575358,44.55369868527766,0.11699657195892285
4934,43.3710633000128,43.25252184964662,41.67437318004808,41.25431963200707,30.617728251599306,42.594820053603044,44.54102901960203,0.11699657195892298
4935,43.362049117973044,43.16073479759558,41.32363080682893,40.442894288245085,23.331388302777217,42.3812577046796,44.53201483756227,0.11699657195892296
4936,43.380118777861796,43.18611072811735,41.670855714364656,41.29952528129286,16.626187674513105,42.622987162046314,44.550084497451024,0.11699657195892284
4937,43.36185187743001,43.14332449121975,42.23822739829173,41.70083702444045,37.768693710551325,42.769955213842074,44.53181759701924,0.1169965719589229
4938,43.35239441865542,43.2346523346366,41.59427558570231,41.161294170309105,24.38009319134106,42.77810309187453,44.52236013824465,0.11699657195892287
4939,43.35199944647874,43.26051590639225,41.51886634827442,40.76621812014786,29.230364402954265,42.433218069544,44.52196516606797,0.11699657195892298
4940,43.3552724452264,43.232798251907575,41.38568646833253,40.85142147345372,24.70056245555208,42.77817266178968,44.525238164815626,0.11699657195892291
4941,43.373759001915474,43.22132009971186,41.442701059251505,40.305671338351004,21.555085278655074,42.61184444666432,44.5437247215047,0.11699657195892299
4942,43.39594282876555,43.18834880593204,41.09951606137929,41.01882059155949,3.014763001851172,42.613262748420766,44.56590854835478,0.11699657195892287
4943,43.370848312902325,43.18517097754125,41.71398639621843,41.07536600081008,33.23208945661068,42.441310338817644,44.540814032491554,0.11699657195892291
4944,43.37434482030032,43.28609671656581,40.99508961746573,41.16017901911594,7.989268853316247,42.684253006688174,44.54431053988955,0.11699657195892291
4945,43.380500872039306,43.26237322473809,41.78777107588523,41.60281145918825,28.16798149358469,42.73994679704893,44.550466591628535,0.11699657195892285
4946,43.37702525685544,43.2399047661947,41.954163085166385,41.19654105811755,32.42063707011191,42.69479746540783,44.54699097644467,0.11699657195892296
4947,43.349509030227196,43.123636418612755,41.09210260199359,40.358440635871176,26.315817813221102,42.34169799010827,44.519474749816425,0.1169965719589229
4948,43.35220263497804,43.25666954580121,41.68159320956275,41.366772249220816,26.524949680264125,42.56454138383842,44.52216835456727,0.11699657195892295
4949,43.3618071697123,43.20996573999269,41.90753615732468,41.442577365799956,30.53286154955536,42.65582697512524,44.53177288930153,0.11699657195892278
4950,43.3930988581142,43.17896565650557,41.061846531696105,40.23410969552568,24.26184008888736,42.53927400631032,44.56306457770343,0.11699657195892291
4951,43.36770463876911,43.27061530121416,42.07905787729811,41.771648845311915,30.400593224203572,42.70635300408338,44.53767035835834,0.11699657195892285
4952,43.371105474106876,43.209804472288425,41.52781655765334,40.77986731849903,23.56588048629923,42.48438756875518,44.541071193696105,0.1169965719589229
4953,43.35607852818096,43.15479738383329,41.67647207055423,41.097716132301215,20.184467515222455,42.19273002094192,44.52604424777019,0.1169965719589229
4954,43.386809851173126,43.2409769139617,41.9054472052898,41.14926275624258,25.93461892423163,42.80865844214621,44.556775570762355,0.11699657195892293
4955,43.380641252992184,43.24440077436904,41.66008575031076,40.74319775009073,28.161284794112,42.7159417698236,44.55060697258141,0.11699657195892296
4956,43.383364586920116,43.208533921708515,41.723707094079614,41.41150891545529,24.26087969822996,42.858330646069064,44.553330306509345,0.11699657195892293
4957,43.3618184471199,43.25565812086461,42.21383613350295,41.675478755641734,34.8519655092324,42.76946309706924,44.53178416670913,0.1169965719589229
4958,43.38625135233114,43.23772441691907,41.33143711308082,40.908078032266175,26.230190906811227,42.57545773012029,44.55621707192037,0.11699657195892292
4959,43.37411177067299,43.230476128421344,42.19007816054577,41.75333054755659,32.34172999820629,42.82189542093647,44.54407749026222,0.11699657195892291
4960,43.37444499875547,43.28698389645648,41.57570710443032,41.64311361850849,17.09859297512287,42.82272529455406,44.50668918793211,0.11322441891766404
4961,43.42200368739926,43.26060703431886,41.73332494885769,41.31375453899559,32.177348910649776,42.76460644391548,44.5542478765759,0.11322441891766409
4962,43.42203953431585,43.26833321151829,41.13130129538971,40.739589370793446,-12.421977061834028,42.73058076680705,44.54724306510955,0.11252035307937007
4963,43.428269138177406,43.26565205147,41.97415906806453,41.07081049474133,32.28465600120146,42.972331169575085,44.55402482947205,0.11257556912946447
4964,43.42465254480242,43.314919087972314,41.74172227792727,40.685191470947345,33.19802918569441,42.83323164938629,44.55040823609706,0.11257556912946437
4965,43.43063712280305,43.28835428448303,41.785717797712365,40.98018512645233,30.590152730713008,42.80743624869291,44.55639281409769,0.11257556912946445
4966,43.41512072035295,43.206899731776645,41.893291104152354,41.91366001888446,16.708993345421167,42.78853235195854,44.540876411647595,0.11257556912946441
4967,43.43723822180459,43.29858569159256,41.9376624101449,41.160913209946,33.811708128341,42.81910952305182,44.562993913099234,0.11257556912946429
4968,43.42168076265479,43.16573296688778,41.30630963614561,41.299592090109854,-8.195239802035516,42.63521194906861,44.54743645394943,0.11257556912946447
4969,43.4523337858071,43.28903464718434,41.65986663799412,41.171237624741735,27.49731929348013,42.824052031168485,44.57808947710174,0.11257556912946434
4970,43.395242872406165,43.33156115641255,41.80405184496071,41.014187310072145,32.24264485664056,42.814123408418666,44.51877319564002,0.11235303232338568
4971,43.40207846796994,43.26823379406092,41.87002463749626,41.66235282599681,13.391664665870575,42.69384797028092,44.5256087912038,0.11235303232338564
4972,43.41443611811299,43.3041745524125,41.764984986461556,41.48026301279548,30.087576701521495,42.93870267144982,44.537966441346846,0.11235303232338568
4973,43.40238448985622,43.31259256986087,41.36365576466073,41.43261311580232,14.996503963767232,42.71508192939964,44.525914813090075,0.11235303232338578
4974,43.38915389322489,43.12988696191984,40.81596742862623,40.16080206458955,-14.517624598696578,42.48932845665851,44.54116927382313,0.11520153805982385
4975,43.414313819708184,43.29591781810193,41.730868756144105,41.793852222947976,25.174368912415247,42.748332844390276,44.56644140215185,0.11521275824436687
4976,43.38270990213231,43.225871691333886,41.44729567472297,40.717419385819746,28.632130640411585,42.682786627693304,44.53483748457598,0.11521275824436689
4977,43.37675649655173,43.24322407062011,41.82799776274496,41.109034367099504,31.677409523517476,42.62743699063283,44.5288840789954,0.11521275824436691
4978,43.391116500116304,43.22073955694018,41.33183371547071,40.626481130596396,27.970334189371304,42.5425430525077,44.5374896831866,0.11463731830702975
4979,43.397787289683095,43.29274019391771,41.26951216231495,41.046182494578375,24.004291996988016,42.82517227284529,44.54416047275339,0.1146373183070297
4980,43.39155735452091,43.18011581404787,41.814153856752434,41.42092153778644,32.86977841753081,42.72263071460547,44.53793053759121,0.11463731830702972
4981,43.39601193717431,43.2572846394294,41.77292740952419,41.76112462487591,16.726505338994468,42.91896654913478,44.53479934449432,0.11387874073200059
4982,43.41584647435877,43.220490089967186,41.48997675297346,40.54198894347655,32.69946137673292,42.54828976456489,44.52178560247438,0.11059391281156097
4983,43.435358352662774,43.34487213628046,41.87295404607991,41.235561560011,27.76568763857961,42.92674601153054,44.54129748077838,0.11059391281156102
4984,43.46918765238617,43.264920403873276,41.62895924980522,40.848495036550844,23.204588288086843,42.608391676050445,44.575126780501776,0.11059391281156089
4985,43.440801351451846,43.27886750328687,41.600372003574115,40.90634264434886,3.8888559253766957,42.85780407655756,44.546740479567454,0.11059391281156102
4986,43.441179430365466,43.31470707141424,41.69454190920172,40.7223259536231,24.732962934266943,42.80241871618492,44.547118558481074,0.11059391281156104
4987,43.43848727997919,43.32479322351922,41.585348154823215,40.78567017678788,29.389639015907218,42.729229249494054,44.5444264080948,0.11059391281156099
4988,43.441613944249006,43.25815437396945,41.59268444525853,41.151794907309466,13.499642317107106,42.67353095518444,44.547553072364614,0.11059391281156089
4989,43.42091558819298,43.33270901262213,42.20311358661963,41.53615493484453,29.32708554572497,42.966986508747205,44.56651924705365,0.11456036588606675
4990,43.380337245989864,43.26045494906692,41.38213723109304,41.086735614553795,26.639686684559308,42.305684040557864,44.52594090485053,0.1145603658860668
4991,43.38276721543454,43.25414834880986,42.020215698868405,41.87702174646004,29.34762105967279,42.86381767167799,44.528370874295206,0.11456036588606679
4992,43.40830911332142,43.27278517420342,41.84660716247871,41.4400188137496,32.338613370108526,42.83229216075554,44.55391277218209,0.1145603658860668
4993,43.39561099928653,43.24912404641276,41.57728466687295,40.85504314589975,29.063261254114277,42.54591337463569,44.5412146581472,0.11456036588606679
4994,43.3983254819813,43.27986788291296,41.63956530780442,40.96871419712177,30.638920094810963,42.75228937488825,44.54755992138967,0.11492344394083683
4995,43.407174733516264,43.21449979337466,41.882290391972546,41.07928247381552,35.47109361085714,42.54747890545922,44.55640917292463,0.11492344394083681
4996,43.39839343731008,43.18997864513833,41.52975132550516,40.855693045513426,20.118274346401677,42.53291966216684,44.547627876718444,0.11492344394083681
4997,43.388382694094055,43.231749937419465,41.24130794188051,41.019853479664185,25.399134803939067,42.61203926513853,44.53761713350242,0.1149234439408369
4998,43.397945040944144,43.25641467929128,41.70659388071785,41.0565210028076,27.398498991004786,42.68336153223936,44.54717948035251,0.11492344394083695
4999,43.38855796493561,43.21308672602837,41.48287241860115,41.00452712964202,28.729824338524054,42.58784036399152,44.537792404343975,0.11492344394083688
5000,43.40463080121862,43.22334224612982,41.65999217853323,41.44545410291191,22.551366808281852,42.745116130862385,44.55386524062699,0.11492344394083691
5001,43.39811158522207,43.28947255567355,41.90831065173909,41.76219157557064,24.294383714472296,42.84187209346726,44.547346024630436,0.11492344394083685
5002,43.41030242124381,43.24449857195345,41.712514432451044,41.14189825865907,32.839706933800485,42.732570474841104,44.55953686065218,0.11492344394083684
5003,43.39814335614915,43.25282606052733,42.001040041748546,41.490421081248414,34.73670026105703,42.59694588317824,44.547377795557516,0.11492344394083692
5004,43.37300982524976,43.2320313631577,41.56588511696497,41.2315539084541,31.278194614447862,42.62303349473986,44.52224426465813,0.1149234439408369
5005,43.39090331793949,43.181871637535465,40.936086294927584,40.7232101185552,-11.95440505332585,42.56625779217016,44.53176902528796,0.11408657073484683
5006,43.403149983335354,43.19928291721254,40.660837903829396,39.98444158226359,-12.01292814742527,42.49938171284724,44.54401569068382,0.11408657073484685
5007,43.39386559989781,43.28524978540433,42.21430494579779,41.75338043638147,32.401299584254055,42.766036421723,44.534731307246275,0.11408657073484682
5008,43.412633651525674,43.26602533520442,41.913738403890555,41.774890205548076,30.605893300501993,42.87511000188674,44.55349935887414,0.11408657073484688
5009,43.41270665832989,43.26538176466067,41.186793167006456,39.91651266483212,20.034254543377866,42.0733254602819,44.553572365678356,0.11408657073484693
5010,43.408842085485034,43.278880326593324,41.59762272792683,40.81281529895782,28.035616448413418,42.625319594268156,44.554848606075694,0.11460065205906596
5011,43.39933740635009,43.26013426344248,41.79068949068398,41.139797778006745,32.16739157221027,42.763420289030634,44.54534392694075,0.11460065205906587
5012,43.40502684020042,43.211047627099816,41.2477062438228,40.71446826833382,19.791541956399108,42.424579350041135,44.55184619130724,0.1146819351106823
5013,43.37632733308265,43.294202840419956,41.908740273782115,41.52717748733917,24.478216706406666,42.839439123054305,44.52388799443077,0.11475606613481235
5014,43.40701722921717,43.2648671960138,42.133347067152286,41.72675592112613,31.950200511403736,42.72539030475366,44.55457789056529,0.11475606613481242
5015,43.40722169437141,43.26926882420568,41.95557388608723,41.33004772558597,34.06551828054967,42.68716854306651,44.55478235571953,0.11475606613481242
5016,43.40725693163597,43.295821074605975,41.4951336862454,40.694903136896485,23.78778215448485,42.771895836296416,44.554817592984094,0.11475606613481246
5017,43.40102857664284,43.26846637498464,41.86332910173307,41.23617496957414,31.670826727165153,42.81911456979743,44.54858923799096,0.11475606613481237
5018,43.394846296872544,43.22495058734934,41.38651698087386,41.259186488499545,23.704226317445865,42.49770426131737,44.54240695822067,0.11475606613481235
5019,43.40058955472349,43.28575489785307,41.753011811810794,40.955907942631654,27.609139649799886,42.850221627170576,44.54815021607161,0.11475606613481233
5020,43.38866521798362,43.06961858001463,41.23484157356177,40.93658200320003,27.438714176477923,42.41276730178892,44.536225879331745,0.11475606613481229
5021,43.379763142796726,43.228957355381226,41.464705883917524,41.4720908365019,13.409943819337698,42.80575154252674,44.52732380414485,0.11475606613481242
5022,43.40447892353106,43.268578771694074,41.96326015652845,41.8716311797973,31.07559989417004,42.94327900240383,44.55203958487918,0.11475606613481228
5023,43.4161448250925,43.27041048567138,41.493428186827785,40.4993228182223,27.484547479207254,42.71869307001184,44.563705486440625,0.1147560661348124
5024,43.38194937334416,43.28329926282479,42.03753561062652,41.66800997391037,33.731648461105436,42.838687679349064,44.52951003469229,0.11475606613481233
5025,43.391591353593604,43.25750643009782,41.754745561630806,41.32954924336456,31.911030204749245,42.8498705520339,44.53915201494173,0.11475606613481233
5026,43.400898586434295,43.26807535862055,42.081124795954615,41.510061212021824,34.53237869569833,42.66364134889393,44.54845924778242,0.11475606613481237
5027,43.38262513783023,43.27705378515567,41.47536429504109,41.49752514934067,27.208624565809448,42.76473746740988,44.530185799178355,0.11475606613481236
5028,43.40609558644942,43.27896341742515,41.607539324907705,40.714458039029985,28.359777770477393,42.717322785408484,44.55819328824796,0.11520977017985476
5029,43.38106725602641,43.304947639370624,41.829435156947824,41.18884334123779,32.8175762565885,42.84846003918034,44.53316495782496,0.11520977017985458
5030,43.384396201447736,43.25775692444871,42.109683527448965,41.67041841801168,36.21592159410572,42.872534763763746,44.53649390324628,0.11520977017985455
5031,43.39994683975207,43.294075567771095,41.811542807728934,41.004039520608664,25.87131688769123,42.89842039204793,44.552044541550615,0.11520977017985465
5032,43.39339985887885,43.28353444925152,41.743996867676046,41.36665988421115,24.48183424114121,42.699320557101096,44.5454975606774,0.11520977017985473
5033,43.37510580596723,43.14274853198696,41.58830390992571,41.04569303265446,20.17983412101587,42.65143863805379,44.527203507765776,0.11520977017985458
5034,43.40626022212388,43.275405430758745,41.830340077464335,41.23872939409677,34.73218885612198,42.5861188528157,44.55835792392243,0.1152097701798546
5035,43.39046106804699,43.27654175319092,41.70540064597777,41.32349135218908,21.670174240977254,42.729978470454896,44.54870258472295,0.11582415166759678
5036,43.38421751481947,43.27882592111251,41.932211715626025,41.50340268069035,26.699867486540793,42.798887535876275,44.54245903149544,0.11582415166759681
5037,43.40251327532488,43.19150940066166,41.0051152519278,40.856130655781385,-12.55543939818564,42.38493522476188,44.561071019766864,0.1158557744441986
5038,43.41234394501397,43.21888405321297,42.007795823689484,41.51810031315256,34.82567607741507,42.87484642536039,44.57090168945596,0.11585577444419849
5039,43.39692206690432,43.299830680980946,42.19936912356417,41.74424262052749,34.68346802089938,43.020119320834354,44.5554798113463,0.11585577444419855
5040,43.380764109009576,43.180206714890886,40.55658466595816,40.650156935431454,-8.6319544914654,42.417215739261934,44.53932185345156,0.1158557744441986
5041,43.36838607986225,43.14466977930517,40.960817035481774,40.4421073469869,19.6320803793938,42.491774949365464,44.56104239115234,0.11926563112900954
5042,43.36524711676166,43.135816232076266,41.87271801887481,41.85862219907379,30.899849792493495,42.617898970046966,44.55790342805175,0.11926563112900951
5043,43.35277308621135,43.18055650311111,41.09139973235806,41.10612719032034,-10.804189527231628,42.626596588226334,44.545429397501444,0.11926563112900966
5044,43.3574281329395,43.24340826212362,41.75147589155173,41.01938711251147,28.436099048202657,42.603629889553204,44.548379189823955,0.11909510568844518
5045,43.3729834594066,43.18522814274481,41.443486367263965,40.766717752452,20.0749771427235,42.645112663986346,44.56393451629105,0.11909510568844522
5046,43.36397188776891,43.208989172870915,41.72185794868032,41.245125506416784,27.784384038981294,42.765859426965065,44.55492294465336,0.11909510568844524
5047,43.351500885128644,43.27122908634224,41.67369072609236,41.41665331348416,19.53385956790936,42.90332417315795,44.542451942013095,0.11909510568844528
5048,43.35445354387555,43.17583836949553,41.51157816935954,40.828170867020106,12.416044823867757,42.518624654299444,44.54540460076,0.11909510568844522
5049,43.36098563468967,43.209574130714316,40.92745613898927,41.240818253230636,2.942415884465767,42.73951964353493,44.55193669157412,0.11909510568844518
5050,43.348599156916436,43.23107641860589,41.537497909577255,40.87066960422326,27.576563726420723,42.56900970954431,44.53955021380089,0.11909510568844515
5051,43.34804711801105,43.250279691254576,41.25083608937365,40.86404584591257,-7.804993981428623,42.73688778988985,44.538998174895504,0.11909510568844524
5052,43.338865753242146,43.245619557542966,40.997587330177346,41.28216003805362,12.547295862340079,42.77010791459008,44.5298168101266,0.11909510568844531
5053,43.35755132744497,43.23170564213705,41.72807054558263,40.84241217625431,29.72531761324309,42.78584569500828,44.548502384329424,0.11909510568844525
5054,43.34507237047038,43.20574225243384,41.595271885643655,40.93135897726387,25.46250060433276,42.55042578360041,44.536023427354834,0.11909510568844524
5055,43.361889782237455,43.206561151801424,41.41248652004858,41.128488891217955,10.530028573366401,42.66169219670016,44.5520995288806,0.11902097466431519
5056,43.34022579888644,43.174948238832016,41.88952757965078,41.19851843417547,33.100467425703634,42.4418189860208,44.526527423874704,0.11863016249882599
5057,43.359444233137395,43.25066568364885,41.49311252576553,41.33721130575783,17.434446797080593,42.813999083566124,44.545745858125656,0.11863016249882591
5058,43.360108047169156,43.17553742258065,41.02696516512616,40.170118146415625,2.4876528186763665,42.31243425951367,44.54573488006771,0.11856268328985549
5059,43.3757785596873,43.22301143494743,41.85992067723621,41.51904162043423,33.70509518636629,42.7807345103285,44.561405392585854,0.11856268328985549
5060,43.38471336727514,43.24685400226141,41.71687060094636,41.00969169141233,29.04333394441623,42.667093064580826,44.570340200173696,0.11856268328985553
5061,43.359961528815,43.160009431001484,41.45133613342484,40.800996526433686,27.350146531583388,42.480818174620914,44.545588361713556,0.11856268328985546
5062,43.359922098846084,43.18408502507842,41.90982148557063,41.267216051574295,26.347026195611775,42.702442530321875,44.54554893174464,0.11856268328985553
5063,43.353602255817215,43.21376952890545,41.398180595338566,40.858447660385146,27.479882535783652,42.698410176766586,44.53922908871577,0.11856268328985557
5064,43.37237789416592,43.26292721160696,41.97364801743727,41.36306513562512,28.034713141151947,42.90317257953617,44.55800472706448,0.1185626832898555
5065,43.34774558843608,43.21650982642566,41.829668773611786,41.50181278850538,31.22658487784627,42.74687579666805,44.53337242133463,0.11856268328985559
5066,43.3565327731008,43.16160357435528,41.415300094968586,40.68273843203991,22.23268640571341,42.58579308308836,44.54215960599936,0.1185626832898554
5067,43.36302932145804,43.146161192227765,41.64235957505082,40.85925388569268,32.27803175666827,42.38166259206658,44.5486561543566,0.11856268328985553
5068,43.38676822673563,43.26998982136932,41.99914711099044,41.719376569485064,30.964495290599974,42.835855990965854,44.56401731819218,0.11772490914565463
5069,43.34952810960184,43.20547722878618,41.7068967613005,41.42349978802058,24.21983333607078,42.835467716909434,44.52677720105839,0.11772490914565466
5070,43.36536143498905,43.18545115642062,41.600828349225445,41.4035191484909,18.186289022584692,42.465524450577625,44.54261052644559,0.1177249091456547
5071,43.374689367564656,43.2545444683521,41.285098057870854,41.579861587095806,-16.05299937765411,42.82566184542313,44.5519384590212,0.11772490914565466
5072,43.358947862798324,43.233350783424044,41.645357063562344,41.10559663518409,28.29617321056248,42.75707515261298,44.53619695425487,0.11772490914565464
5073,43.3467793505186,43.24637784823894,41.75173999019873,41.53755362677951,23.8992836353526,42.83019140928802,44.52402844197515,0.11772490914565467
5074,43.3558415729502,43.1945790625947,41.433704068636345,40.367549394911286,28.435663917499756,42.663398785944345,44.53309066440674,0.11772490914565469
5075,43.37126341894186,43.17677195019325,41.69758619198697,40.61866369933786,30.287656577524572,42.6349752716286,44.5485125103984,0.1177249091456547
5076,43.367047292035686,43.26363662341673,41.71473404851584,41.14498151199278,30.674139311564918,42.68275527106962,44.54294742060964,0.11759001285739554
5077,43.39549954766595,43.19052201954455,41.68065221702815,41.60563233769767,14.589982648484064,42.494396947816526,44.571399676239906,0.11759001285739551
5078,43.37040545409359,43.17231966605904,41.11118810699775,40.370355997074455,4.708432135638397,42.165803706861695,44.54630558266755,0.11759001285739562
5079,43.39847340984227,43.24340333711899,41.18909541214068,40.94072287799702,19.88186867943859,42.59491098467092,44.574373538416225,0.1175900128573956
5080,43.40797184841516,43.2732347543058,41.62548786198183,41.122300923254656,27.080394749800696,42.73341238185803,44.58040789433477,0.11724360459196104
5081,43.40178791904442,43.22106158609331,41.78264517577542,41.42552341924808,30.98232196670625,42.71000954632487,44.574223964964034,0.11724360459196112
5082,43.40256915967062,43.26338325982571,41.52855735859617,40.5872270429234,30.24911543763345,42.4729126423629,44.57500520559023,0.1172436045919611
5083,43.40533210171096,43.22771768060551,41.41170757219802,41.50973146394739,10.512938280243809,42.755550688203506,44.57776814763057,0.1172436045919611
5084,43.37725453721023,43.181307962260426,41.623814994192344,40.71721304106721,30.507989690932362,42.684042304515394,44.54969058312984,0.11724360459196102
5085,43.37112742899633,43.22617052649358,41.54530852355775,41.17860721345292,31.065481053746833,42.46225835377088,44.54356347491594,0.11724360459196106
5086,43.40221100915955,43.28557511632224,41.604367539063006,41.02555870980362,31.04784360814482,42.77386500586924,44.57464705507916,0.11724360459196112
5087,43.386135836659875,43.2449269226707,41.88909643180086,41.3827130813729,33.176425295995585,42.75863070006447,44.558571882579486,0.11724360459196105
5088,43.413761982625,43.235740092391744,41.507580530200606,41.195886652894885,13.670243148743914,42.60531727815303,44.58094778642331,0.11671858037983113
5089,43.41622636112063,43.24015296508053,41.98933567377805,41.614721032876886,30.830349310673824,42.76347203130024,44.58341216491894,0.11671858037983117
5090,43.413680990666116,43.27130540892658,41.55978901175694,40.41210030125926,29.23483546159666,42.8596678362084,44.58086679446443,0.11671858037983114
5091,43.4139203660687,43.13502367547496,41.75532497146796,41.176904352977665,29.760461070347127,42.602064505380184,44.58110616986701,0.11671858037983115
5092,43.39514550433878,43.104235236278974,41.40850012942681,40.66074498833987,32.594866618147975,42.27321313717371,44.56233130813709,0.11671858037983107
5093,43.380226610356125,43.20044456272233,41.39260983912683,41.13295709446365,17.758553536715525,42.62349822003611,44.5494393314805,0.11692127211243761
5094,43.383322926748164,43.17613410397477,41.55363296209121,40.83668672610758,30.929548776648573,42.346631382749976,44.55253564787254,0.11692127211243764
5095,43.40510717792556,43.275793486331814,41.41300264100773,41.04558424334891,27.49495093467457,42.569188446208614,44.57431989904993,0.11692127211243769
5096,43.377100532080405,43.11640358582408,41.902861867267454,41.26788648293584,30.050402946839366,42.56823014714657,44.54631325320478,0.1169212721124376
5097,43.38032860729774,43.23935816864553,42.02889678823963,41.442801809268005,31.00368748550595,42.69507609626519,44.549541328422116,0.11692127211243757
5098,43.38010268879676,43.2103588987657,41.80236826216759,41.3845884370862,31.481196071217894,42.56728009372037,44.586595451036004,0.12064927622392417
5099,43.34947736990194,43.24000618298014,41.71180841220879,41.35781289849996,23.144541552453113,42.65406450113861,44.555970132141184,0.1206492762239242
5100,43.36512203251477,43.211154904225566,41.764317186244874,40.756636866123806,30.140902440107773,42.433830747159234,44.57161479475401,0.12064927622392418
5101,43.34316280801379,43.15779298436025,41.48109566390838,40.92059346653511,28.445771061009808,42.650791503275514,44.54965557025303,0.12064927622392418
5102,43.36782141449632,43.23018872044162,42.01870474904972,41.54164514041255,34.852071117023186,42.702692886385094,44.58077071902591,0.12129493045295883
5103,43.36505359555743,43.22382552005361,41.48592120172546,41.7777608367748,-12.0850842557441,42.84806310629365,44.578002900087014,0.12129493045295885
5104,43.35250048291621,43.24685155797268,41.65824684593257,41.49955238562329,1.768374173403636,42.910332086323436,44.5654497874458,0.12129493045295885
5105,43.3434078121544,43.22819735444045,41.77762572974612,40.65899700253104,29.59955895116161,42.66575829502163,44.55635711668399,0.12129493045295894
5106,43.36819400496874,43.23098720785922,41.99029200260875,41.59221601474338,33.847432832871135,42.738587891158396,44.58114330949833,0.12129493045295889
5107,43.33367977849175,43.0243001629397,41.201919759236226,40.67309853892284,19.337290975291054,42.27301779721737,44.54662908302134,0.12129493045295886
5108,43.36160212220101,43.19588201230203,41.19203708472519,41.0905736928956,-9.856187581752167,42.499490893050364,44.5745514267306,0.12129493045295883
5109,43.3648352767343,43.1811251536266,41.89766763113075,41.75289208491218,33.566083425084635,42.71134737506776,44.577784581263884,0.1212949304529589
5110,43.3616632396061,43.22326053863434,41.88834868649394,41.39840782610522,29.682675119361118,42.855507364762346,44.57461254413569,0.12129493045295887
5111,43.34298566894013,43.22021984217041,41.971120825708184,41.79930391632316,28.207241427846967,42.81252617707977,44.55593497346972,0.1212949304529589
5112,43.352792343923404,43.11840915566893,41.11905466696429,40.70900598809873,24.738740311170492,42.53153376237674,44.56574164845299,0.12129493045295875
5113,43.34042073063939,43.19028509241445,41.4385728462968,41.29243783388289,8.534974904747337,42.66534720633254,44.553370035168975,0.12129493045295889
5114,43.35898143083334,43.19040128156879,41.62656496980157,40.38651306341405,32.13564638989712,42.45928005293485,44.571930735362926,0.12129493045295892
5115,43.342864519225245,43.11638876636755,41.91633033834667,41.5298896346696,27.067132137888215,42.66040282263171,44.55581382375483,0.12129493045295889
5116,43.36087391409454,43.245475818221095,41.43574875118069,41.33375375285124,10.46980903465068,42.79012522166016,44.58129934655481,0.12204254324602659
5117,43.34811875186495,43.26040614843507,41.941222133354366,41.53012018703576,30.040122373385913,42.856343447695714,44.56854418432522,0.12204254324602659
5118,43.35362153724366,43.259155114826044,41.57220306441421,41.0432386317504,32.18847873396277,42.90632890525477,44.56838970519075,0.12147681679470841
5119,43.35223269516064,43.13039778331721,41.60619505252719,41.15243140799916,22.934528841017123,42.54265059060973,44.568374905082734,0.12161422099220968
5120,43.34924258995077,43.2251093696071,41.73602500571236,41.27104078003652,27.977000733827417,42.67193138054421,44.56538479987287,0.12161422099220955
5121,43.346301286674255,43.129286369624495,41.37573524286143,41.05903221487354,22.416290991469804,42.41706892935699,44.56244349659635,0.12161422099220956
5122,43.3616489912418,43.253590641937635,41.28138924509969,40.75326358416985,26.977894667927146,42.62307500271727,44.5777912011639,0.12161422099220957
5123,43.3334347063048,43.20591267264918,41.49713503649735,40.2191245352157,28.455268776813078,42.57354394426579,44.5495769162269,0.12161422099220962
5124,43.34338580556413,43.21095284399351,41.389977752052346,40.789655839845835,10.311657358656554,42.628937428965855,44.55952801548623,0.12161422099220962
5125,43.339891731104466,43.219646752976004,41.866089860044,41.387415715182115,27.421579094695563,42.76909509676645,44.55603394102656,0.12161422099220962
5126,43.35606408209754,43.2176338229306,41.72724497023827,41.299437595068156,31.967990373944595,42.73205839554154,44.55902372463407,0.12029596425365313
5127,43.38103594182359,43.217232603693716,41.518517281266845,41.22797433888096,24.16816670549808,42.60012733962319,44.55237280775844,0.11713368659348487
5128,43.415755070603254,43.22329277980964,41.68579348645248,41.07636078300825,29.565132834732804,42.56535874040847,44.5870919365381,0.11713368659348472
5129,43.388164036558784,43.27831105982324,41.72928240373739,41.31233544994329,21.92754088228407,42.77814253130505,44.55950090249363,0.11713368659348478
5130,43.40978807594722,43.294543864944195,41.427553665294575,40.770464679231246,27.531475441300138,42.60331185630686,44.58112494188207,0.11713368659348482
5131,43.39723289870025,43.216631865755815,41.846773684571694,41.37416903576496,31.37869182060774,42.44761873728042,44.5685697646351,0.11713368659348483
5132,43.390994227354824,43.21593231341128,41.88114523821491,41.26325197652316,32.891267732058736,42.43408647476312,44.56233109328967,0.11713368659348482
5133,43.390570007371075,43.22745831180103,41.41945334838562,40.66681629408402,27.170178313624742,42.4460126861063,44.56190687330592,0.11713368659348482
5134,43.39410267035401,43.25936882029017,41.79584688685233,41.18015866853132,26.371590192593224,42.694559311800674,44.56543953628886,0.11713368659348489
5135,43.38174361545964,43.26460642941797,41.87379957187346,41.607694102594245,29.07306287587746,42.84518163699846,44.55294558510623,0.11712019696465882
5136,43.40340030665926,43.25757618157383,41.851187760545834,41.66177721009755,29.90675025719072,42.73791835871656,44.574320809455116,0.11709205027958561
5137,43.372612490687374,43.21927667681844,41.64738241075742,41.07165705855497,28.401099758520676,42.387772045785795,44.54353299348323,0.11709205027958565
5138,43.41021731623863,43.23509919149165,41.78815115538973,41.0119023093444,33.05642657199472,42.632864861292106,44.58113781903449,0.1170920502795856
5139,43.38503301217699,43.319440253125954,41.650438651954616,41.3682300603342,20.66024874684259,43.01030066044809,44.55595351497285,0.11709205027958558
5140,43.38821875299051,43.221297150820476,41.72941492220482,41.388691316458925,29.496699758694156,42.600819080724804,44.55913925578636,0.11709205027958551
5141,43.39412263354013,43.17488606876521,41.57869938590484,40.77613736525942,29.4262680908627,42.62609015361667,44.56504313633599,0.1170920502795857
5142,43.38847299787217,43.277036301240074,41.57481094133378,41.320451003676816,23.101471036615067,42.839271577120826,44.55939350066803,0.11709205027958564
5143,43.40989732412973,43.29011456254922,42.01454108336979,41.3827314291895,28.24845472619566,42.95051149469065,44.58081782692559,0.11709205027958562
5144,43.3818826862048,43.19513007064874,41.44171226847695,40.94069338567614,27.112645264818944,42.32888023545175,44.552803189000656,0.11709205027958561
5145,43.384918598391735,43.158228519667574,41.735032388822184,40.93554127166923,31.91986718598858,42.49045417015259,44.555839101187594,0.11709205027958562
5146,43.38464612866893,43.2771632562614,41.33415892062376,40.41812011320453,29.920845686779302,42.5585513696195,44.55556663146479,0.1170920502795856
5147,43.407041555365815,43.26845062438913,41.83015104873598,41.54172879778431,23.996512228568044,42.64448598476998,44.577962058161674,0.11709205027958561
5148,43.39445550093783,43.29651836678157,41.943205676924734,41.16611055357798,30.075380290904384,42.56862735012436,44.56537600373369,0.11709205027958557
5149,43.39466955402176,43.24566855456032,41.691832775480215,41.01164986407184,32.29449551393141,42.901775183984995,44.56559005681762,0.11709205027958562
5150,43.40678416983189,43.24521471461805,41.623847779691864,41.657558213106576,-12.036649140339541,42.68405698346125,44.577704672627746,0.11709205027958562
5151,43.37891694830812,43.195731032540735,41.492075270638274,40.64175780325481,27.862698387656973,42.61372122339981,44.549837451103976,0.11709205027958565
5152,43.394968339569864,43.254513280501165,41.36283970036733,40.87608925520432,30.249346603228787,42.388238730535406,44.56588884236572,0.11709205027958555
5153,43.3946017605372,43.25271220645332,41.4320874487618,40.937436347017346,24.065602584915858,42.592172398034904,44.56552226333306,0.11709205027958566
5154,43.388181179747455,43.18734261222657,41.675595567996,40.9289728234408,30.508379128640303,42.6074475347948,44.559101682543314,0.11709205027958555
5155,43.385487863030434,43.30552954313996,41.80719069522234,41.20952545529814,27.81539737738634,42.88404649265196,44.55640836582629,0.11709205027958552
5156,43.375532813419525,43.21222821141506,41.694141185125794,40.99730876846232,32.152367374544106,42.718982830352985,44.546453316215384,0.11709205027958561
5157,43.39137555381011,43.294667105316755,41.90897897492024,41.70888806297409,31.684763238984242,42.817043290222635,44.562296056605966,0.11709205027958562
5158,43.384942945274815,43.24002742626791,41.59789324573346,40.61143573664591,26.17408833065181,42.72039530048839,44.55586344807067,0.11709205027958554
5159,43.416570343481496,43.282590540093125,41.82984080571376,41.50257617153063,31.838361587480655,42.69083948296593,44.587490846277355,0.11709205027958557
5160,43.39117312950689,43.310593929474855,42.17260677967192,41.47552402916174,35.80489302176362,42.902390436394725,44.56209363230275,0.11709205027958557
5161,43.378152345436796,43.198560097799394,41.98273254955577,41.40068145733259,32.16790992620114,42.638652368221635,44.56225541561822,0.11841030701814205
5162,43.38225333141282,43.20700509100196,41.61683976586899,41.14042541455153,27.373199113015858,42.66622361411764,44.5654596077732,0.11832062763603768
5163,43.37631622692702,43.25208223852257,41.85927438149389,41.52555456907368,31.865314930906727,42.52721060922799,44.55952250328739,0.11832062763603762
5164,43.38985777948287,43.27665572116294,41.814456294458644,41.458085681366036,27.133781448517958,42.71373515550228,44.586967328839904,0.11971095493570401
5165,43.35853297071475,43.19175092115502,41.55547127479052,41.18477931606003,30.500356948304066,42.569411832615934,44.55564252007179,0.11971095493570412
5166,43.35971082832413,43.19464735333517,41.47765431277629,40.62749858071006,24.215290001351615,42.555067315425674,44.55630751629718,0.11965966879730505
5167,43.375151688469984,43.20639748223186,40.967868601393825,41.0761293278488,-11.922568591226323,42.730660480583296,44.57174837644303,0.11965966879730495
5168,43.35508144431678,43.27827525226537,41.92263799419661,41.5224662753817,29.787837545768646,43.06781974374249,44.55033898032488,0.11952575360080976
5169,43.357379351966564,43.14250997204821,41.45304245252202,40.76167309623608,24.357523940791744,42.56309168405422,44.552636887974664,0.11952575360080983
5170,43.370002590579254,43.258745184814174,42.029306487805975,41.37964612925018,29.36319415985736,42.74618152851545,44.565260126587354,0.11952575360080975
5171,43.372554698773946,43.24371343180069,41.6214942918264,41.20744909690809,24.089564701464404,42.83195025708285,44.567812234782046,0.11952575360080982
5172,43.36018833893952,43.24404347380017,41.564614612247894,41.126707442291206,24.213986860457318,42.57574498830503,44.55544587494762,0.11952575360080978
5173,43.38277498553038,43.2728881610826,41.80412618336526,41.48021100573363,20.62571789493452,42.798745771225754,44.57803252153848,0.1195257536008099
5174,43.38922748267154,43.16991224300368,41.386501888917635,41.19898780612912,5.64300171335087,42.78379749390479,44.584485018679636,0.11952575360080979
5175,43.37005845837404,43.16068924036643,41.515250552247494,40.755844535830406,27.604342564921303,42.603158659671834,44.56531599438214,0.11952575360080983
5176,43.38261070871281,43.17336769098032,41.68549651038832,41.14630008040649,31.179989526414694,42.6541116558286,44.57786824472091,0.11952575360080976
5177,43.379572478033296,43.217094567463405,41.32098028649635,41.39548030423921,-9.806036853776277,42.55487662609494,44.574830014041396,0.11952575360080982
5178,43.38530446267264,43.16360491999617,41.4729961737944,40.58071503115779,24.67607740697497,42.46085778622914,44.58056199868074,0.11952575360080978
5179,43.36038567222276,43.205607014888635,41.669812786753596,41.4934107037684,30.654926265771422,42.62859420592348,44.555833754302654,0.11954480820798949
5180,43.366541715935334,43.25943275820619,42.0261088342142,41.31987159905707,31.07485005855751,42.878891721695005,44.561989798015226,0.11954480820798952
5181,43.37623125118739,43.156530541933996,41.600028369008655,40.633400004807804,31.405746544450405,42.531550521551814,44.571679333267284,0.11954480820798942
5182,43.35443254517639,43.206438909370235,41.62820289249486,40.85680812554034,27.067254833983544,42.58528003955938,44.54988062725628,0.11954480820798945
5183,43.37010580306932,43.20651713320404,42.07998268014018,41.598711912196336,31.333545625452707,42.476302241853986,44.565553885149214,0.11954480820798953
5184,43.37894142047443,43.181770024815194,41.18719707022079,41.32604741784601,-12.077425215749699,42.55251540784005,44.574389502554325,0.11954480820798942
5185,43.378910220556094,43.23023010767292,41.93724496114678,41.42212845449525,34.84953583458803,42.68778344825142,44.574358302635986,0.11954480820798942
5186,43.37617096087746,43.21788592463858,41.8233067948947,41.319115183456695,26.33206087173485,42.622432358096745,44.57161904295735,0.11954480820798942
5187,43.367311661617045,43.23538361367567,41.20383953363562,41.13094946816997,10.170512466331473,42.76607745998746,44.56275974369694,0.1195448082079894
5188,43.3915706516462,43.22423715367223,41.73242467649175,41.02850266836382,28.423009725471143,42.64984255857679,44.58701873372609,0.1195448082079894
5189,43.34205406892646,43.16204913034345,41.179087054879375,40.237703301505015,19.254532983612048,42.36733667433134,44.53750215100635,0.11954480820798939
5190,43.370226932627915,43.193432958549934,41.570553992286456,41.07793161672501,31.352936299646498,42.62941699607702,44.553153140770256,0.11829262081423372
5191,43.38217713640139,43.184665834420336,41.126764187473725,41.26252569526717,8.674896850327698,42.58319721595359,44.56510334454373,0.11829262081423383
5192,43.39784979055718,43.24503097844731,41.77924636881234,41.272788320392834,23.66422474495512,42.74947305897682,44.58077599869952,0.11829262081423378
5193,43.37015697701831,43.21612167452303,41.34690148872837,40.72550850840089,30.40926863520317,42.528408327305975,44.55308318516065,0.11829262081423376
5194,43.39788920294395,43.298916653413904,41.547754305084,41.15448018128831,26.40341162891424,42.78614505970002,44.58081541108629,0.11829262081423379
5195,43.36840744583445,43.21773036762972,41.551339360373944,41.305996727085756,29.197077778977214,42.69365674713352,44.58720128798939,0.12187938421549396
5196,43.350734124731304,43.22904410101431,41.91732650282934,41.542349863892525,31.006614798267798,42.71941852350168,44.57477820900754,0.12240440842762393
5197,43.34137429711081,43.12383144579351,41.95312195685273,41.28958342577701,33.37073511657526,42.68755122793208,44.56541838138705,0.12240440842762394
5198,43.328811188103224,43.10370382892657,41.67494150426545,41.16026889918761,26.978879322708753,42.52331153124564,44.55285527237946,0.12240440842762393
5199,43.332323523184975,43.196071631327214,41.38033402745576,40.70091631429573,19.90823629271021,42.6305057731206,44.55576504787514,0.12234415246901656
5200,43.31706783860443,43.220249009977074,41.39813533243624,40.51290690718724,28.969172483662934,42.79517352544063,44.540509363294596,0.12234415246901655
5201,43.338722405575936,43.21422549250297,41.333841206660146,41.14229111844193,27.310957352488163,42.618099223310786,44.5621639302661,0.12234415246901649
5202,43.35109963842319,43.224928393773055,41.797499388228196,41.310973907729164,31.130389653860917,42.7823631084255,44.57454116311336,0.1223441524690165
5203,43.33879913882062,43.06044007978583,41.470872203578715,40.37335431053988,27.15787939425552,42.286340679494586,44.562240663510785,0.12234415246901656
5204,43.34181797787569,43.2125884470437,41.40624122865743,41.59082803767013,-16.233179270595784,42.61846117419143,44.56525950256586,0.12234415246901652
5205,43.31247026723864,43.15999686012934,41.463382740807475,40.22105395369815,31.621754503073234,42.47353389333087,44.530661549807505,0.12181912825688657
5206,43.36579129910568,43.22404701355862,41.85099964453274,41.204366780856546,32.273275786976725,42.48708086962347,44.58398258167455,0.12181912825688664
5207,43.35353510487066,43.15614860030754,41.2462833729441,41.205369485205736,9.435408203882751,42.483712057092546,44.571726387439526,0.12181912825688651
5208,43.34370005971888,43.24472117765182,41.56609636992607,41.24941833528622,29.541292820155608,42.67289504993687,44.561891342287744,0.12181912825688655
5209,43.35957951458355,43.20840263206772,41.465978851755544,41.00668434202435,13.523572542772225,42.71828690454663,44.57777079715242,0.12181912825688665
5210,43.36279866228029,43.2230967690706,41.586542159467456,40.5832972932569,26.779716064547173,42.610476779597946,44.58098994484916,0.12181912825688654
5211,43.34404505552554,43.25326622934011,42.03284634655309,41.26295133019477,35.877917201508396,42.97042446731743,44.56223633809441,0.12181912825688658
5212,43.33462781878563,43.195933604249774,41.794789665661916,41.27810055029129,30.30719427812053,42.68403443684187,44.552819101354494,0.1218191282568866
5213,43.33820386369774,43.188868170732704,41.31739157290062,40.45082475057936,29.047977220211237,42.521463326820694,44.55639514626661,0.1218191282568866
5214,43.35848897516198,43.213204074428546,41.5050275829622,40.96428866377353,25.170469278266815,42.57946521943703,44.56934363620517,0.12108546610431878
5215,43.36406615379322,43.229176411976596,41.915209977719655,41.7271529377294,32.740127941182685,42.73273850534204,44.5749208148364,0.12108546610431882
5216,43.354886842197864,43.240743337386036,41.9778124801158,41.38981108548246,32.32914641332751,42.76900035803182,44.56574150324105,0.12108546610431888
5217,43.34212681126302,43.20226204640776,41.44239199271317,40.96526689838636,23.392355213132817,42.58693630269991,44.55298147230621,0.12108546610431878
5218,43.34241277852259,43.08441680414537,41.37913145096582,40.63482799539608,14.774970626918442,42.435789674006855,44.55326743956578,0.12108546610431883
5219,43.357800622293254,43.20517747063194,41.61840369139326,40.77587741053881,30.337837807564007,42.64555680416174,44.571531274330006,0.12137306520367536
5220,43.345607753037626,43.166213056131966,41.332922738324584,41.00073262436201,28.952347541020668,42.54959256412121,44.55933840507438,0.12137306520367534
5221,43.33275860503258,43.10966268409435,41.83478534695848,41.47088056902257,33.158765589612635,42.38610707489994,44.54648925706933,0.12137306520367526
5222,43.33616592027382,43.17630182040198,41.39958763804219,40.698662422936984,31.811440737624785,42.629939982138175,44.54989657231057,0.12137306520367531
5223,43.35173001992264,43.18111181552036,41.05756861632221,40.76525851824948,-15.487511723644047,42.333142952017,44.56546067195939,0.12137306520367537
5224,43.35471368960285,43.23845250353161,41.87446513223734,41.4687300263681,25.129766574151013,42.806734007162824,44.568444341639605,0.12137306520367533
5225,43.326795316703,43.22051801275913,42.00992497884198,41.56295504661175,33.19177116218872,42.7648735880401,44.54052596873975,0.1213730652036754
5226,43.35746134675008,43.17114529271284,41.92958499735528,41.63265412147708,25.571775521009034,42.67822755488449,44.57119199878683,0.12137306520367533
5227,43.36087615689148,43.16743519131155,41.4898487251933,41.29638087756295,27.255079176928497,42.523757817427025,44.57460680892823,0.12137306520367538
5228,43.34905106164333,43.121613751101435,41.53637467973001,40.760239202824174,33.131002173940466,42.236576842959366,44.56278171368008,0.12137306520367534
5229,43.351957753800015,43.22418743426866,41.507248864829606,41.06213420353186,29.755297133729755,42.729216289265665,44.56568840583677,0.12137306520367538
5230,43.34489715762006,43.244766367218425,41.678692840932825,41.10556286672478,26.992980314146088,42.70755515628588,44.55862780965681,0.12137306520367537
5231,43.36083179868926,43.238209434578245,41.91736491937197,41.4771361214002,32.63185680817331,42.824357886114754,44.56522524881075,0.12043934501214841
5232,43.369467385089216,43.0990063112796,41.47457992868159,40.65076888344137,28.191470236843568,42.09577293885692,44.5738608352107,0.12043934501214845
5233,43.356750612688586,43.18964032503884,41.74937749063532,40.779094273028214,32.12006275939608,42.3943116952551,44.56114406281007,0.12043934501214844
5234,43.37267189337952,43.22362049375065,40.92605618673855,40.5147092617634,-8.356861091924344,42.416780412460525,44.577065343501005,0.12043934501214847
5235,43.3879848090132,43.279157045041025,41.62927492230535,40.858718460946314,30.841166581009137,42.70895640534729,44.592378259134684,0.12043934501214841
5236,43.360680250103115,43.16180375243081,41.66991724075821,41.20117407681676,27.801550811709035,42.6440015127354,44.5650737002246,0.12043934501214841
5237,43.38493525041835,43.19867615296927,41.522728410229604,40.79196648825636,24.43651214139763,42.594803711382895,44.58932870053984,0.12043934501214838
5238,43.372934453911355,43.21390909879116,41.739271934361796,41.290586756894356,25.626516191365717,42.74440903860743,44.57732790403284,0.12043934501214835
5239,43.351277576319184,43.162064989248286,41.17091941086975,40.54812632454105,3.0053951859620582,42.525447922283064,44.55567102644067,0.12043934501214831
5240,43.36318476684393,43.20112013790728,41.47003088043261,40.82850743493715,27.653476953762976,42.58803481370168,44.567578216965416,0.1204393450121484
5241,43.372308639091806,43.260497331988084,41.80969518285111,40.917234112515864,32.92562413810461,42.59278617118114,44.57670208921329,0.12043934501214841
5242,43.33937753804195,43.15156865052465,41.91676414525143,41.779758285968775,26.464805122598804,42.707685806389996,44.54939440141534,0.12100168633733878
5243,43.3644561013932,43.28335032519987,42.009893811941424,41.94921205313164,33.567516904171974,42.868380525515605,44.57410142953749,0.12096453281442905
5244,43.37049629065657,43.2385566385418,41.832360461347,41.241742630113926,31.58360886576268,42.67139826282406,44.5803114431661,0.12098151525095362
5245,43.38030479190811,43.270576057013656,41.722414409626424,40.55109418414535,31.794103336001676,42.75155896129088,44.590119944417644,0.12098151525095362
5246,43.38924033715865,43.13312024048052,41.41158862933921,41.032833588993384,25.58681292924542,42.57982348056471,44.59905548966818,0.12098151525095371
5247,43.343015878218765,43.19047733197939,41.85077152840297,41.71871717090593,24.712557449908125,42.67926533373826,44.5528310307283,0.12098151525095364
5248,43.36749788223589,43.24781952115271,41.19597990714162,40.9610656045993,10.362458502131645,42.57282370194298,44.57731303474542,0.12098151525095367
5249,43.364118422668284,43.24812423417884,41.70654643733593,41.41742078801356,29.76152935067298,42.77301444980689,44.57393357517782,0.12098151525095362
5250,43.376309841464064,43.117933586175035,41.917373856581335,41.550641297123505,32.444029327097795,42.59947053321318,44.5861249939736,0.12098151525095364
5251,43.37332672864924,43.231748311821754,41.694708066271986,41.32231078977082,24.231289088575785,42.82281479230239,44.583141881158774,0.12098151525095356
5252,43.3764056540881,43.26741245669902,41.68829264361176,41.252163322774436,23.955536712750742,42.84086704350016,44.58622080659764,0.12098151525095358
5253,43.36712435653106,43.2575915436974,41.94918145137018,41.580844017797716,26.07624482055352,42.78444334717135,44.57693950904059,0.12098151525095367
5254,43.334693730554875,43.16728882102588,41.616823883939276,41.233261059811404,24.293084425176758,42.72289737749139,44.5681568183693,0.12334630878144291
5255,43.32211039098098,43.182353254209815,41.33114953306819,40.520273069722435,22.779364019454498,42.59652269507947,44.55557347879541,0.12334630878144297
5256,43.365375995189495,43.231292270991744,41.76725796554337,41.44891923602334,28.640232838727435,42.64644171689922,44.598839083003924,0.12334630878144284
5257,43.33973425786416,43.15360398419632,41.03532194336191,40.89902970794441,20.83416543807023,42.63965046326101,44.579958565702505,0.12402243078383457
5258,43.33271756866023,43.247487807405854,41.81927193375339,41.0544350288699,31.274943622803264,42.896711963491555,44.545821306233236,0.12131037375730075
5259,43.37045958222671,43.18792213172526,41.33709504397629,40.27076228242772,32.17846111030686,42.337835258187184,44.583563319799715,0.1213103737573008
5260,43.37643541483694,43.24516294328594,41.0938016810772,41.22064333242492,-13.438801859954125,42.581900802738936,44.58953915240995,0.12131037375730083
5261,43.36070795139945,43.1765942492938,41.57938405747567,40.967074007626245,30.371759057614383,42.54650257894176,44.573811688972455,0.12131037375730074
5262,43.35136430023031,43.19869430315228,41.99467825189544,41.64259346837106,30.773170566461292,42.818237851720966,44.564468037803316,0.12131037375730079
5263,43.37014298473204,43.25301901298813,41.51973188692774,41.07980446507672,31.46857735812136,42.53673991305105,44.58324672230505,0.12131037375730085
5264,43.35127763271654,43.23553765360549,41.818820351166316,41.71874185436,27.6870621278941,42.721633989545154,44.564381370289546,0.1213103737573007
5265,43.34193542959087,43.187164720335204,41.86244369454186,41.2357115056239,32.9595858406399,42.67971554231537,44.555039167163876,0.12131037375730083
5266,43.34231824145503,43.181424280401835,41.66651232164984,40.99148879671235,28.806570004499644,42.56168951773126,44.55542197902804,0.12131037375730075
5267,43.36691608449417,43.17655099804274,41.886759682020035,41.29036234772639,33.4902646065819,42.609874607173595,44.58001982206718,0.12131037375730079
5268,43.34825002208129,43.18870485721985,40.80250883979145,40.52625910262166,-12.373609049316983,42.61887376242494,44.561353759654295,0.12131037375730085
5269,43.370556591073694,43.261176020614904,41.875860768573936,41.713022409776315,24.89497365058821,42.82205678602199,44.5836603286467,0.12131037375730083
5270,43.36064534228593,43.158123385004885,41.340720569412895,41.25318171365712,23.907666002303273,42.50300699409675,44.573749079858935,0.12131037375730072
5271,43.373603803311426,43.08069334783958,41.48753850206032,41.188181663529306,24.401942383195248,42.581745456915925,44.58670754088443,0.12131037375730076
5272,43.33291165048149,43.24514734915124,41.85226146119463,41.45447655849871,33.248135927392944,42.78458519022636,44.5460153880545,0.12131037375730085
5273,43.34869688138747,43.1618268908634,41.14519528357536,41.578633243403516,-1.1210866934658483,42.448133420402584,44.561800618960476,0.12131037375730075
5274,43.360560838602126,43.242030339804174,41.64555687857928,40.83177653488207,31.22868527477813,42.51178729733803,44.57366457617513,0.12131037375730087
5275,43.34212945306202,43.2584672746136,41.956213346427134,41.2474234608113,30.900472600959738,42.79969581620629,44.55523319063503,0.12131037375730072
5276,43.37067969553187,43.198516337010034,41.61113359743544,40.88666068632238,29.9183147928533,42.671068786671356,44.58378343310488,0.12131037375730078
5277,43.35803189797497,43.239555484713335,41.22509351596264,40.29434759908277,23.047467179177566,42.54137012722717,44.564919022239906,0.1206887124264935
5278,43.37916247913119,43.236757789023876,41.76479022322334,41.36936373431632,28.526030791519858,42.81547887668745,44.58604960339613,0.12068871242649348
5279,43.366606465059185,43.256740140908896,41.509625621488894,40.25521724344393,29.390020531366797,42.665654011460475,44.57349358932412,0.12068871242649357
5280,43.36712961869476,43.274988670608515,41.81377162877985,41.12981787712447,29.39212554236412,42.75018553605473,44.5740167429597,0.12068871242649348
5281,43.37642061546339,43.08929169732618,40.84471227212411,40.15348958510908,-8.540462257956229,42.097371686385905,44.583307739728326,0.12068871242649351
5282,43.355270283272255,43.16353406813543,41.47010673163346,40.54648936252511,32.418225679808955,42.406011624045405,44.56215740753719,0.12068871242649348
5283,43.36087952358162,43.214012096489036,41.372019588926605,40.934467959177496,25.153147804747935,42.61977647105208,44.56776664784656,0.1206887124264935
5284,43.36519520640808,43.23778865365605,41.78308782155119,41.42161533745499,26.40973545343409,42.59562389256568,44.571149875268574,0.12059546688604951
5285,43.372240006470854,43.19439295517074,41.91475501485509,41.46856762080636,33.747552692003396,42.71041846089001,44.54989100627306,0.11776509998022015
5286,43.36552121610875,43.25963176736553,41.735923499123125,41.63949441305822,13.645020929335832,42.834007077935084,44.54317221591096,0.11776509998022018
5287,43.36864884780499,43.228420543734835,41.747537913313195,41.17901405043047,29.362621738060213,42.64159374208875,44.546299847607195,0.11776509998022018
5288,43.36541890792209,43.246410790709746,41.75354369236388,40.966338227917035,28.83048936915037,42.591470007345904,44.54086870882043,0.11754498008983408
5289,43.34715144659728,43.18404786797236,41.711836613924696,41.57514767452659,22.269840749430685,42.71332087760484,44.51501547174533,0.11678640251480474
5290,43.375611445687554,43.245771534719694,41.90757652849529,41.19146734398515,34.94978148721449,42.66299028036108,44.51119200078591,0.11355805550983568
5291,43.42536878591438,43.26993893014182,41.73442333338303,41.618153283490365,1.3254445822320946,42.696343785079115,44.56094934101274,0.1135580555098357
5292,43.39692154887633,43.195892942233456,41.70449550517262,41.285218001164225,27.967647510650337,42.70334529240124,44.532502103974686,0.11355805550983566
5293,43.413061106938954,43.26407893211628,41.71397620032897,41.30951335760658,23.734814838950996,42.77919173395909,44.54864166203731,0.11355805550983566
5294,43.41236000473842,43.28119826212087,41.71013436323101,41.03798608722232,31.681720237238842,42.75690614596142,44.547940559836775,0.1135580555098357
5295,43.4041789991569,43.231097981197614,42.201411966714474,41.68045301395565,37.85102392678473,42.73800474002249,44.539759554255255,0.11355805550983565
5296,43.39750917021592,43.27972829807221,41.77299159551213,40.63610658709445,35.95971925019389,42.622231336425806,44.53308972531428,0.11355805550983575
5297,43.40686405169817,43.24950681596783,41.78578067571358,41.331623253638696,31.91780473659638,42.79452623157475,44.54244460679653,0.11355805550983568
5298,43.40447870124016,43.30548668876726,41.81111280123665,41.30346492459857,29.09174958014299,42.6335470630069,44.542297977477084,0.1137819276236926
5299,43.395503149620524,43.14225713407598,41.28498120378013,40.38859156166421,10.365126576016216,42.28325590371645,44.53332242585745,0.11378192762369256
5300,43.41640862571152,43.29137639451436,41.5604964572045,41.071843699950485,20.030130557073498,42.904976513235525,44.554227901948444,0.11378192762369255
5301,43.394745034145615,43.29831058763097,41.75999875506124,41.68258068638165,20.083171370337375,42.78983780470829,44.53256431038254,0.11378192762369255
5302,43.40431346448494,43.30111619644175,41.82402564337115,41.464797449557786,30.190211855174972,42.707280336370104,44.54213274072187,0.11378192762369256
5303,43.44392994764952,43.28777657882588,41.557154067080994,40.661192596002394,30.995067771485154,42.44989005591357,44.608545029503084,0.11646150818535601
5304,43.468916548576104,43.38524787117819,42.11469519486866,41.83410463382604,32.89096409931781,42.97515542995672,44.62790821717776,0.11589916686016558
5305,43.462671330315814,43.33413943234215,41.45077125215351,40.74044598775713,26.198749986051045,42.64957664441731,44.62166299891747,0.11589916686016569
5306,43.45582263941488,43.34310659922649,41.509598040078565,41.34149848398583,26.32761368433924,42.62629571561304,44.61481430801654,0.11589916686016562
5307,43.47890560293513,43.25379322483941,41.45282841135917,40.2783961221013,29.24300710341078,42.51596487230783,44.6398449083017,0.11609393053665665
5308,43.48426767006518,43.29766321248498,41.573312769229446,40.99946925173552,17.84160525060279,42.59579844848402,44.62461185333596,0.11403441832707821
5309,43.527554131770465,43.396829038651255,41.79749689853047,41.23759469813309,18.540995006684966,42.911654123799366,44.66789831504125,0.11403441832707825
5310,43.511919419181645,43.36562812925449,42.449335475714214,41.92418597048316,36.27406179226817,43.054639446353605,44.65226360245243,0.11403441832707825
5311,43.49297392015934,43.34831417242231,41.88648575438139,41.33652265002856,31.978105785087074,42.71272319436836,44.64970025365819,0.11567263334988422
5312,43.46830246558798,43.34656728047604,42.03051056787799,41.597620778493436,29.164457536912828,42.84001401564761,44.62502879908683,0.11567263334988426
5313,43.47041596351263,43.34396310065449,41.70876532972934,41.29670727282266,29.170048469351165,42.860683184932654,44.627142297011474,0.11567263334988422
5314,43.508078600406364,43.310140884941184,41.64827660045972,40.86953242528494,30.654300597193505,42.63744616776569,44.66480493390521,0.11567263334988426
5315,43.474891916894514,43.183896070117186,41.605075801226526,40.64446888803547,33.436058661508184,42.41131850670722,44.63334805016286,0.11584561332683417
5316,43.45320580765788,43.33716807727774,41.78890480367868,41.42662572004992,22.7213211712654,42.69753626443679,44.638371704763564,0.11851658971056851
5317,43.43644311295089,43.2447678523814,41.58974614367496,40.76875793700874,25.895666229832624,42.666662145448456,44.62886485163185,0.11924217386809602
5318,43.42393357030161,43.222657211596406,41.86084362664164,41.168057111274265,33.25750171247515,42.77407851524011,44.61693647776591,0.11930029074643042
5319,43.45194291513615,43.304863987111844,42.03350939827998,41.792165105333886,20.379590988810033,43.01277891021369,44.644945822600455,0.11930029074643045
5320,43.454559248752794,43.290315251866446,41.63212794007222,41.21525361342744,24.659189763770758,42.752171812150905,44.62024324847511,0.11656839997223155
5321,43.485902404262305,43.32767277563884,41.74042074041748,41.25094259444399,27.269876187827855,42.75764430634337,44.65158640398462,0.11656839997223158
5322,43.46162677667585,43.3594955881546,41.99944652844658,41.29963773636247,27.660954037309573,42.95219727750838,44.62654159439753,0.11649148177216835
5323,43.46442127632771,43.34905665277719,41.7138422141593,41.10880103861196,28.097881811148763,42.8721622666461,44.62933609404939,0.11649148177216831
5324,43.46772382152045,43.29908391563253,41.95610571875125,41.485788620253025,25.09964065580187,42.79408743473706,44.629248328617216,0.11615245070967664
5325,43.46144964592959,43.33040100356293,41.85521606521791,41.6503787175457,28.10163758438523,42.85798383645391,44.622974153026355,0.11615245070967672
5326,43.46661417493786,43.30047610489548,41.887414283637675,41.22710928210615,30.566564835702625,42.86156919075263,44.65408951358832,0.11874753386504572
5327,43.43256590429641,43.2392992267139,41.02372838155052,40.58130038508299,8.846876128080702,42.5845781303306,44.62004124294687,0.11874753386504576
5328,43.42926967714536,43.28127807997167,41.793641244469434,41.33288513771662,28.333470883850385,42.73233807632849,44.61674501579582,0.11874753386504577
5329,43.429407940286175,43.326141373423695,41.88787672097319,41.51541348032198,32.01388734639144,42.79208061403406,44.61688327893663,0.11874753386504584
5330,43.42679854636019,43.341095485035645,41.93063414099945,41.729133562835564,17.450132698385836,42.98577566848554,44.61427388501065,0.11874753386504575
5331,43.445291848537764,43.198611859352994,41.515127280620014,40.82105169320253,13.39989343153988,42.542848877466334,44.63276718718822,0.11874753386504573
5332,43.43581461354378,43.31359946961669,41.45179529388218,40.708040851915385,23.108007131623687,42.75772738842421,44.62309940612244,0.11872847925786606
5333,43.45145190506624,43.33144435621426,41.62663999483272,40.95793003476781,25.065902639182312,42.79852398272453,44.6387366976449,0.11872847925786613
5334,43.435919027986984,43.27706977273204,41.618583906395635,41.10697364309991,18.673914877218703,42.52629864246606,44.62320382056564,0.1187284792578662
5335,43.45854162633434,43.21187071837707,42.040664650614296,41.683170074031885,33.44699565738584,42.71946010869964,44.64551019114698,0.11869685648126446
5336,43.448473064415765,43.31585741194959,41.92890177808374,41.41649496674073,32.79434898376485,42.957506722102536,44.63544162922841,0.11869685648126443
5337,43.45164620945858,43.29495660824185,42.07907074090039,41.59063380812021,35.36642679788407,42.796512829376255,44.638614774271225,0.11869685648126442
5338,43.44273182900885,43.2769153023567,41.72584641490724,41.19472106005351,16.8865453287844,42.73393346486587,44.629700393821494,0.11869685648126445
5339,43.42684865712991,43.2972413766376,41.875525557678934,41.34931218540952,32.196483174736706,42.777897385106726,44.613817221942554,0.11869685648126445
5340,43.42410316095696,43.3579449075735,42.03570387383058,41.7493461175179,33.55836001554709,43.02009304259877,44.611071725769605,0.11869685648126443
5341,43.44544468061339,43.31021013403536,41.33711745635025,40.188995869144634,20.31734523652872,42.40425650402267,44.63241324542604,0.1186968564812644
5342,43.451181051276556,43.291326145853326,41.882715069055735,41.53630001600212,25.090939767219968,42.65805709892085,44.6381496160892,0.1186968564812644
5343,43.4238969527463,43.28689836266944,41.580282945886864,41.1273686565594,29.97309050615889,42.614475191281116,44.61086551755894,0.1186968564812644
5344,43.448529622029874,43.25872872946272,42.06447522265283,41.78044250894633,33.89506560060359,42.68152297067905,44.63549818684252,0.11869685648126443
5345,43.442311271353184,43.351738958001796,41.91735896832724,41.21628318642374,30.207624385841335,42.77348447029451,44.62927983616583,0.11869685648126443
5346,43.42967815426065,43.35201611366099,41.854541472744025,41.113086624763135,31.063336567033126,42.72848370631047,44.616646719073294,0.11869685648126437
5347,43.42990435814328,43.22627387678791,41.45595290721849,40.82123063095014,27.844369045711254,42.62921039285257,44.61687292295593,0.11869685648126443
5348,43.436678090652656,43.29664052243218,41.63924123392682,40.793039135381854,27.826115225781592,42.505719857542175,44.6236466554653,0.11869685648126442
5349,43.4453193238363,43.21568109361574,41.502603749168046,40.59519913743089,31.47611178729342,42.6665406941121,44.63836755573116,0.11930482318948561
5350,43.43000403862753,43.24233032719855,41.96099360593674,41.3293950768148,27.772517439535633,42.6832594013958,44.623052270522386,0.11930482318948563
5351,43.4704691052855,43.300445681539244,42.029471894789786,41.01593834016878,33.83889853904276,42.95158974523773,44.66351733718036,0.11930482318948556
5352,43.45184982065495,43.30020470103976,41.62604987669831,40.75394233959667,31.27464996762982,42.84386231341682,44.644898052549806,0.11930482318948561
5353,43.43286130453245,43.30530813071759,41.734988529660306,41.4442889837031,11.178923448344023,42.791233887255196,44.6388062448492,0.1205944940316746
5354,43.42362413004354,43.23055522027003,41.46203416804888,40.87383181144729,26.106020845773244,42.57242702425394,44.62956907036029,0.12059449403167466
5355,43.432646684546015,43.332575864278205,41.86245348052414,41.2940320136029,19.56752252368219,42.81666229014131,44.63859162486276,0.12059449403167469
5356,43.444980932821764,43.298013033628415,41.648251807085416,40.78521522902593,28.89067818614771,42.6930298834001,44.65092587313851,0.12059449403167458
5357,43.43575272010728,43.313040842066904,41.81182379545002,41.545649341213775,15.682062494226361,42.84081716504251,44.64169766042403,0.12059449403167462
5358,43.4233717186709,43.32075530107591,41.988832675984526,41.315388114853555,33.439267192398304,42.742937814131466,44.62931665898765,0.1205944940316747
5359,43.43001083798881,43.311689265401895,41.490594238350305,40.569395827356225,24.036158165786397,42.61139369105057,44.63595577830556,0.12059449403167467
5360,43.42315974205367,43.30429842441699,41.79672183212858,40.885230378786915,32.07794652514892,42.80436845543903,44.62910468237042,0.12059449403167462
5361,43.448618914370385,43.32333499720548,41.633377977447886,41.44171355619169,-8.652581892496869,42.80597169161706,44.65456385468713,0.12059449403167462
5362,43.436222148365054,43.30629777650219,41.490521738784736,40.68755216226815,31.53806671162038,42.50878746327269,44.6421670886818,0.12059449403167458
5363,43.40810014853845,43.27783165863195,41.773308599698915,40.85100229160174,28.599836160557462,42.821257528887195,44.6140450888552,0.12059449403167459
5364,43.42346558978027,43.27667286003173,41.36005230714898,40.98658843869492,10.527644456053288,42.69401431303207,44.62941053009702,0.12059449403167467
5365,43.42977637399132,43.236648090439644,41.84640619924528,41.48595366203576,26.130890601142255,42.504751921135366,44.635721314308064,0.1205944940316746
5366,43.40157568774048,43.26004990518877,41.41061239638308,40.976265111301906,20.15860594301741,42.773069779108525,44.60752062805723,0.12059449403167459
5367,43.448078996557186,43.25504224924546,41.21736730631694,40.603884184956826,13.202360998242142,42.54476425629142,44.654023936873934,0.12059449403167458
5368,43.429288987131464,43.27569942789636,41.88933135130237,41.46081387665989,31.09429293391841,42.72103114759156,44.63523392744821,0.12059449403167455
5369,43.43598810547089,43.271343128548466,41.83780284837295,41.53123339737638,23.073530655020658,42.79401729774452,44.64193304578764,0.12059449403167465
5370,43.41443915584781,43.28055568056642,41.94867624643085,41.75567499374999,20.5278013388252,42.90624714581436,44.62038409616456,0.12059449403167462
5371,43.426009032100815,43.138249148964434,41.725634909998405,41.247993819266256,31.402008136352052,42.60349467943898,44.63195397241756,0.12059449403167465
5372,43.42627421477115,43.271784280595476,42.15313746405585,41.366151657402355,36.849452730569375,42.75450863269586,44.632219155087896,0.12059449403167463
5373,43.42028862793666,43.23492873012012,41.63608541620566,41.32350465986055,19.747048028854728,42.50255533223017,44.626233568253404,0.12059449403167455
5374,43.437723590595404,43.31738937221439,41.785913294897746,41.47758007188055,10.021779200939498,42.73055738911316,44.63873002874572,0.12010064381503165
5375,43.43119721197826,43.27075856973778,41.689910196917104,40.96256857917507,27.66520366194612,42.80029056514077,44.632203650128574,0.12010064381503163
5376,43.418777814091925,43.33964959975263,41.76939663621604,41.39167225217382,-11.179754115365519,42.91321893687049,44.61978425224224,0.12010064381503169
5377,43.45622462784572,43.29055593224319,41.75901959860366,41.182628731174546,27.45326713579244,42.74779565989589,44.65723106599604,0.12010064381503167
5378,43.43145552351376,43.33858059347751,41.66919091021298,41.55933698548333,1.379707342097646,42.998575610689734,44.63246196166408,0.12010064381503172
5379,43.42514844531341,43.32820402542067,42.17220652656251,41.335689095776615,36.435260073469465,42.960422176563114,44.62615488346373,0.12010064381503158
5380,43.44387096287154,43.31277375419677,41.927862157857085,41.07792500400616,29.91763003569693,42.737218886866216,44.638711451003246,0.1194840488131702
5381,43.427917181889,43.25497607652886,41.698772089842016,41.57252578135831,-3.6309315943388896,42.858791120821294,44.622757670020704,0.1194840488131702
5382,43.44690056087837,43.26676969484859,41.6212881180255,40.916874797798926,21.950614692856277,42.640460982671605,44.64174104901007,0.11948404881317022
5383,43.44055085983864,43.28762012829092,41.73503402101281,41.18657964761818,12.251212668532844,42.78791982927592,44.63539134797034,0.11948404881317015
5384,43.43483513052382,43.32125718023237,41.75776762762401,41.4230839181315,28.80026013043488,42.90122992829616,44.629675618655526,0.11948404881317014
5385,43.44061780257973,43.32590121407308,42.03217516796992,41.383945365209044,31.754387705226733,42.79751984509372,44.63545829071143,0.11948404881317022
5386,43.43490096801088,43.228497882358894,41.85673165830289,41.77103309971361,20.987086458573657,42.879645218258986,44.59797655685647,0.11630755888455938
5387,43.466512433276385,43.33795582365351,41.66348361867955,41.44944058942649,20.373671026833783,42.71664621880282,44.62958802212198,0.11630755888455939
5388,43.46308399981662,43.20039580462478,41.483819209865366,40.59670146431272,31.843377193870882,42.18730310381113,44.62036595779327,0.11572819579766493
5389,43.469242562385276,43.32834821119885,41.90072076126221,41.864428833708864,27.909151545391847,42.865492747146725,44.626524520361926,0.11572819579766494
5390,43.49045218560204,43.378385970557794,41.802153576892124,41.33824111057182,27.445328657057157,42.92873842373367,44.64773414357869,0.11572819579766497
5391,43.47506544483831,43.38101234376954,41.97136219553038,41.35717445706031,31.893609580972377,43.03439374918149,44.63234740281496,0.11572819579766498
5392,43.47554803975326,43.268243060517044,41.28193990584148,40.38300154123122,22.56298519101653,42.47219840411213,44.63282999772991,0.11572819579766498
5393,43.500200351910074,43.391234966804475,41.87385962746329,40.83566077870194,32.28960366875175,43.00894869992891,44.657482309886724,0.11572819579766495
5394,43.46599246243147,43.30344895179959,41.5661914487354,40.986560607029574,5.418437506966306,42.715861953558004,44.62327442040812,0.11572819579766494
5395,43.47219082784707,43.338414396717845,41.83560055864324,41.27301731482076,32.43330123643099,42.758568878388914,44.62947278582372,0.11572819579766504
5396,43.46590593766993,43.33349197479754,41.926286026071516,41.360239424284764,32.06149976848481,42.59070973676165,44.62318789564658,0.11572819579766494
5397,43.46904556273241,43.32310558311648,41.70554364474733,40.61441404322588,32.42177426921685,42.64407564983762,44.62632752070906,0.1157281957976649
5398,43.470324345740075,43.33154526534974,41.899346718177135,41.402252715594905,28.550709678158174,42.88016406038163,44.63595694479218,0.11656325990520994
5399,43.47349508701726,43.37091694314542,41.90332953457935,41.72524525459651,29.952018546300373,42.86230074322728,44.639127686069365,0.11656325990521
5400,43.46702539843153,43.36100515067872,41.90035249707434,41.36109665758001,30.3339142180375,43.025273027812645,44.632657997483626,0.11656325990520988
5401,43.46499847733168,43.328668856189786,41.865788383700895,41.49315958309266,28.69160718919806,42.858546213184184,44.66369454423265,0.11986960669009651
5402,43.44939343810206,43.3045713413433,41.62526719716542,41.531754938946364,15.69379652484249,42.56026661243351,44.64808950500302,0.11986960669009654
5403,43.4119409314903,43.32706984669179,41.43013727621614,41.230332626834944,2.921840793791077,42.86386510735477,44.610636998391264,0.11986960669009654
5404,43.4241480062073,43.26054760764508,41.85152799251709,41.309484826573645,31.569725961250214,42.485478147565004,44.62284407310826,0.11986960669009661
5405,43.427525170407264,43.26573424074185,41.19476660201957,41.26979751828728,-1.548846676753648,42.73913385740224,44.62622123730823,0.11986960669009648
5406,43.45875028869957,43.33849522194502,41.71991101962574,41.251670747311636,27.1494050459895,42.65152567060885,44.657446355600534,0.11986960669009644
5407,43.43064463766761,43.32228328355028,41.666130668185595,41.43630320565444,24.582887587391284,42.93634656945236,44.62934070456858,0.11986960669009646
5408,43.41487530584311,43.212294770375664,41.66671692511741,41.26511884694216,31.076162153431127,42.710709556677806,44.613571372744076,0.1198696066900965
5409,43.42139105802905,43.324660544530275,42.141862285641004,41.777452727615895,27.607735143748222,42.90245208745772,44.620087124930016,0.11986960669009644
5410,43.43970255393181,43.220394959752674,41.88582323605986,41.50195356935886,27.25102384516807,42.714209625328536,44.638398620832774,0.11986960669009655
5411,43.42428323189755,43.25534304150986,41.320430651829284,40.62004938633507,25.824680077476494,42.541255126762664,44.62297929879851,0.11986960669009646
5412,43.40863604669749,43.22583198931081,41.68957413576782,40.77082902975781,28.482908255527406,42.76463976676186,44.60733211359845,0.11986960669009654
5413,43.41853060360786,43.217303735263656,41.54771580456383,40.911781264306384,30.46874872566549,42.73818664961379,44.61722667050883,0.11986960669009657
5414,43.433500042092106,43.26257556117254,41.63099647282336,40.24021461104546,31.932089602542504,42.63645362908599,44.63219610899307,0.11986960669009654
5415,43.418373871180094,43.2638975712773,41.7349611863737,40.75331096831588,32.35006290502804,42.649144524551616,44.61706993808106,0.11986960669009654
5416,43.45256329901095,43.23782172313381,41.41757456610507,41.0617792258812,21.0682469990084,42.63898725811719,44.65125936591191,0.11986960669009646
5417,43.418950518482916,43.32786018075429,41.41226001983611,41.16081908897388,10.524710099258634,42.935397311856704,44.61764658538388,0.11986960669009648
5418,43.42725614572241,43.30131717428147,41.481029660449025,40.77183657697142,22.859337558720078,42.667953759659085,44.625952212623375,0.1198696066900966
5419,43.41501447336266,43.285061475854484,41.447661867686264,41.30015120495308,5.587596442898068,42.71104520629114,44.613710540263625,0.11986960669009651
5420,43.4420702927182,43.32511318240887,41.47788698457849,40.830367684743564,24.48644906228454,42.54914426957262,44.635383430752846,0.11933131380346443
5421,43.42356535551625,43.3321421094902,41.729992579604904,40.65175924683856,30.580968739413656,42.830774579946166,44.6168784935509,0.11933131380346447
5422,43.438914853416,43.29656631984782,41.774918206224335,41.04913536534663,26.857592425470038,42.77268974479692,44.63222799145065,0.11933131380346439
5423,43.46415393129333,43.329601432915254,42.101243692514196,41.749657395705036,31.180295363927684,42.960509808759426,44.65746706932798,0.11933131380346441
5424,43.432357454566215,43.160281386694905,41.36897865886154,40.497082914770644,6.181116067114601,42.48963607143266,44.629814774457394,0.11974573198911766
5425,43.4071632575472,43.27246338247428,41.50198334080149,40.67977949914113,20.33542570693124,42.6647834763595,44.604620577438375,0.11974573198911753
5426,43.45352267121732,43.301514040210165,41.860933004521684,41.219539113200234,29.580312259394816,42.8148516816538,44.6173963677163,0.11638736964989829
5427,43.44023595191242,43.24120208444943,41.90086315782806,41.20432099990583,32.35223750960584,42.52311899745603,44.6041096484114,0.1163873696498983
5428,43.465978693126736,43.37796527393849,41.44048663112733,40.75132372565798,15.741838195500847,42.63237249548141,44.629195581064444,0.1163216887937709
5429,43.48165433947088,43.267155919684605,42.05314284720615,41.28331061403634,34.20661912944857,42.79868176107701,44.644871227408586,0.11632168879377103
5430,43.45985857404528,43.319532270746485,41.74351010752864,41.30638675578186,29.29104850586994,42.69861344588319,44.623075461982985,0.11632168879377089
5431,43.48174102852988,43.33126448949233,41.67639363035269,41.53562910449608,30.01595301260704,42.83096579628911,44.64495791646759,0.11632168879377079
5432,43.48113172312363,43.36921314117732,41.92264835562555,41.06820868792276,33.191206920499425,42.83013531366917,44.638851868132704,0.11577201450090711
5433,43.48773398674253,43.31011610076777,41.958763878644326,41.84218385416354,25.327571079970866,42.799833301205986,44.645454131751606,0.11577201450090702
5434,43.49996734689471,43.338840838208704,41.58392482137313,40.93636642056241,25.7742158799134,42.640355907541576,44.65768749190378,0.11577201450090711
5435,43.4563135758691,43.3368579855789,41.7376627679338,41.652358381018864,15.73158450683615,42.78146716964061,44.614033720878176,0.11577201450090718
5436,43.48403011413211,43.36417747560759,41.84431713714273,41.413082147565085,27.605987487955854,42.834742741709135,44.64175025914118,0.115772014500907
5437,43.47441103074859,43.250213776374366,41.89931072554428,41.342847354202995,30.503535050869676,42.722940146529595,44.632131175757664,0.11577201450090709
5438,43.471520290719994,43.33956512823914,42.22861311563161,41.66859038391291,36.11135344205722,42.80321555615325,44.629240435729066,0.11577201450090714
5439,43.45574573675551,43.36509582425577,41.998105723040204,41.07185368756317,32.98821659095002,42.99252990869661,44.61346588176458,0.11577201450090696
5440,43.45610997311488,43.34706919021034,42.060333618206556,41.62424701991596,30.802567836927285,42.847299789748135,44.61383011812395,0.11577201450090713
5441,43.486769951324995,43.277046554648244,41.71501777130319,41.523121989529955,32.03778867916711,42.653080608782275,44.64449009633407,0.11577201450090703
5442,43.45955766767433,43.29178735836858,41.81659912896863,41.467122374150435,23.996175724957247,42.7465483201502,44.617277812683405,0.11577201450090703
5443,43.462125764087155,43.26396526385015,41.54289861946948,40.672496962556785,24.7199016966057,42.67399441168337,44.61984590909623,0.11577201450090714
5444,43.468766509513266,43.37755058783523,42.25560048036649,42.0098992882321,32.752419787032764,42.99845522588622,44.64504978769897,0.11762832781857094
5445,43.451471432591326,43.269615895869336,41.63912187053858,41.376192381013105,14.126550016221806,42.669086121663256,44.62916724832166,0.11776958157303306
5446,43.45826580252348,43.30147613353499,41.95777572532903,41.58415659536314,29.50043915476887,42.97495808209274,44.63596161825381,0.11776958157303317
5447,43.43885307870119,43.337713257986856,41.887529422876014,41.63358141675009,28.77252119669478,42.90406105731814,44.616548894431524,0.11776958157303306
5448,43.43011569944219,43.21450429716939,41.4919484314892,41.36776204237814,20.061926902632056,42.57172507887193,44.60781151517252,0.11776958157303315
5449,43.46227114273199,43.21360425140823,41.66183650273203,41.18805932883998,30.459511707185456,42.587098230194925,44.63833678425756,0.11760656415255717
5450,43.43844601166641,43.31229590308824,41.81636398525387,41.29594379393847,20.08469643095645,42.71363041691279,44.614511653191975,0.117606564152557
5451,43.440483388031915,43.32722346732775,41.951973389118265,41.46041727417308,29.880099374373863,42.89134553553953,44.61654902955748,0.11760656415255713
5452,43.44679981405672,43.31888161678146,41.641781694972465,40.577760728202726,33.57048595296534,42.645236611457676,44.622865455582286,0.11760656415255712
5453,43.478624084196646,43.372143401458416,41.905822451497045,41.054396630126234,32.9860538354623,42.760505559137385,44.654689725722214,0.11760656415255702
5454,43.473036745475845,43.35695347057403,41.98677847338028,41.46101251244145,31.58292712549156,42.84766112618774,44.656920771962845,0.11838840264869993
5455,43.46446438751662,43.269156990538434,41.609971512546444,41.341545735410904,23.961737927184934,42.50705253925322,44.64834841400362,0.11838840264869982
5456,43.44539151180786,43.34816506479529,41.816300330996064,41.15295770755246,26.831449945085538,42.76561465434041,44.62927553829486,0.11838840264869976
5457,43.4364465600272,43.288161220736015,42.151846434148084,41.49876204166848,35.73408384017537,42.88347453359779,44.6203305865142,0.11838840264869986
5458,43.46129729227363,43.34097851615037,41.58663211086272,41.18824433312668,21.0893027654184,42.80875038052315,44.64518131876063,0.11838840264869986
5459,43.42276413330005,43.30494690520384,41.59118018114435,41.26174173310431,27.63670595842506,42.70383734059996,44.59812769434635,0.11753635610463019
5460,43.45095640662072,43.38293583187508,41.939740051489345,41.48423494956292,29.911133346473058,42.957995681438376,44.62631996766702,0.11753635610463023
5461,43.45073170511138,43.23899193125489,41.43164677159514,40.303660551870806,29.983278920449603,42.50856988440296,44.626095266157684,0.11753635610463012
5462,43.450918606860576,43.27844150975395,41.76301055982521,41.65679618140707,1.3741496580535326,42.85320155315179,44.62628216790688,0.1175363561046301
5463,43.45382966382659,43.33262952903261,42.216701852345636,42.06834803620786,33.3380525708205,42.882115084696935,44.62919322487289,0.1175363561046301
5464,43.435169662685254,43.31518796627514,41.88938496095643,41.35440915030192,33.61543890734673,42.49114251664656,44.61053322373156,0.11753635610463016
5465,43.44425938617054,43.30706496408431,41.97042604539538,40.95575519288758,35.469982283138535,42.73933600439243,44.61962294721685,0.11753635610463015
5466,43.46006907370324,43.32826713759887,41.9065276147674,41.54008463317422,27.895517779784157,42.84008799828553,44.63543263474954,0.11753635610463026
5467,43.469516264777724,43.37242152399184,41.88442728263029,41.189066273637216,33.40487488608447,42.905317323650834,44.71030889974948,0.12407926349717563
5468,43.46959987857439,43.38335093257953,42.143881030391576,41.56390298246351,28.89828459492099,43.07763667874317,44.71039251354615,0.12407926349717573
5469,43.457296397309875,43.299279618914426,42.0528755634277,41.607381339201716,28.197924029763417,42.69585376238284,44.69808903228163,0.12407926349717577
5470,43.488114045649304,43.370402741954976,42.08319919273413,41.46071792146965,33.20108194044384,42.9161785019416,44.72890668062106,0.12407926349717573
5471,43.46179064962744,43.34154138084561,41.14277605472259,40.80572282628596,-11.558384441728123,42.68697590510244,44.71029480076958,0.12485041511421409
5472,43.46142768601573,43.378545411585925,42.110061514767516,41.448550694993024,32.65239042383578,42.85954549940466,44.709931837157875,0.12485041511421409
5473,43.43712032032854,43.21244504723701,41.296188215721614,41.28439584823182,23.207898379314152,42.68229962085371,44.68562447147068,0.124850415114214
5474,43.46877456228343,43.330800640138435,41.88992041428036,41.53058670537159,34.1749701603693,42.66810471690716,44.71327866419941,0.12445041019159764
5475,43.45978896332885,43.3622941462429,41.94148846205005,41.40855166931282,31.11395350410589,42.83166542268944,44.704293065244826,0.12445041019159765
5476,43.4566004771662,43.236229770537506,41.47994166690147,41.17539533082038,24.95582478482825,42.583620682782694,44.70110457908218,0.12445041019159762
5477,43.47831546968247,43.342279661241705,41.540858262609845,41.56926771731198,16.699085205075157,42.7275595878028,44.72281957159845,0.12445041019159758
5478,43.50210477036405,43.36802545988007,42.17524771801913,41.90423058754109,24.63285786360352,42.96915828516403,44.74742170279619,0.12453169324321416
5479,43.47667295664727,43.35705593207588,41.60916090486232,41.30610680939084,26.5256763299275,42.99010660288752,44.70929217731333,0.1232619220666057
5480,43.473756466867826,43.26981804456337,41.566954065929515,41.36492733188727,23.937070758255267,42.414723561371304,44.706375687533885,0.12326192206660577
5481,43.474491786972266,43.277910333054336,41.46449969380606,40.88224707788197,23.059680277470456,42.529997516393784,44.71548874908033,0.12409969621080656
5482,43.50241483081899,43.33343672766367,41.49870903185049,41.24273859896637,23.411374103219064,42.83999574335816,44.743411792927056,0.12409969621080652
5483,43.44992885898304,43.31422060493238,41.93107158910229,41.36769369952021,30.412917784244712,42.81303878230136,44.690925821091106,0.12409969621080653
5484,43.47172177222037,43.31615221541427,42.093798686382975,41.381736900096286,35.07169822632288,42.77644838236185,44.71271873432843,0.12409969621080655
5485,43.49068304674025,43.31444310019355,41.67047947933054,40.9424617196905,25.807564685802568,42.637011079015636,44.731680008848315,0.12409969621080655
5486,43.50547184025934,43.32577616376634,41.796741045229865,41.14251948854199,19.384995032971005,42.69316243806628,44.7464688023674,0.12409969621080658
5487,43.496220549724946,43.37839035889033,42.04270819306242,41.49488193995905,30.94616480695261,42.90477428028238,44.73721751183301,0.12409969621080653
5488,43.49045027689792,43.30122466706037,41.798078730142215,41.21245550896839,27.092823970083437,42.776305494681814,44.73144723900598,0.12409969621080666
5489,43.46395671208932,43.35089612983081,41.67493248952007,40.635998632753974,26.542990793462664,42.6930736283752,44.704953674197384,0.1240996962108065
5490,43.45157832841857,43.28133574161369,41.35953160270891,41.1289611800052,-8.285817815991642,42.649956366825116,44.692575290526634,0.12409969621080655
5491,43.44528756659208,43.33362884281463,42.0145459544119,41.735838307784206,32.86154249622923,42.822513113219586,44.68628452870014,0.12409969621080656
5492,43.45811601014784,43.32800914000297,41.42131588870749,41.17674531057543,22.340793232565662,42.58093905455591,44.699112972255904,0.12409969621080652
5493,43.47903335652489,43.34825225376174,41.97321004201148,41.56415540767501,30.482294169876667,42.76101583550995,44.72003031863295,0.12409969621080655
5494,43.46032452794852,43.38748501882198,42.14450859243625,42.12558585039213,28.743003108571575,43.02769104709159,44.70132149005659,0.12409969621080671
5495,43.457462333386715,43.3329277958811,41.68457683041432,41.946662540425024,-8.301087143191964,42.97194436556782,44.69845929549478,0.12409969621080659
5496,43.44317300940931,43.27128694937773,41.88472052841595,40.976331091204415,33.781897149887556,42.66094924987033,44.67352917871983,0.1230356169310523
5497,43.46827312835863,43.29256388921406,41.69465273865188,40.77688945618163,30.320412443199302,42.61849489636684,44.69862929766916,0.12303561693105233
5498,43.48100137860214,43.28811601275609,41.56099940446266,40.42518776137997,27.36215223537405,42.72512414484978,44.71135754791266,0.12303561693105239
5499,43.47767083067653,43.29856169627531,41.80335838815034,41.3595648028051,30.0150231982089,42.71438622018856,44.708026999987055,0.12303561693105236
5500,43.490217687052166,43.31939064761315,41.34292338529505,40.794982948159486,2.9612349172494206,42.71082310434441,44.72057385636269,0.12303561693105226
5501,43.477568533196084,43.360459327174496,41.815654157099736,41.47390820362509,20.066948953985857,42.99914900371262,44.70792470250661,0.12303561693105246
5502,43.487349506783914,43.33320667035267,41.817137433689524,41.09177363303941,30.513523863054672,42.80077518632269,44.71770567609444,0.12303561693105237
5503,43.480632335197,43.36576079765208,41.9809995879145,41.731042078151596,21.318259627532072,42.921230865889974,44.710988504507526,0.12303561693105236
5504,43.47130118223292,43.31869833513253,41.256649487423864,40.380874724527295,29.832610860047446,42.59466939874063,44.701657351543446,0.12303561693105235
5505,43.474393866526405,43.31243448771515,41.61899560119005,41.043166441953126,32.41641612139793,42.69147821010267,44.70475003583693,0.12303561693105246
5506,43.47780440044314,43.28876145385973,42.12134242020286,41.48555784188869,33.28221607644435,42.869986190483665,44.708160569753666,0.12303561693105226
5507,43.45879033901893,43.32749533372572,41.87851776599949,41.601308260277534,15.725058988615999,42.87125143995134,44.68914650832946,0.12303561693105226
5508,43.48390840535899,43.31637356318786,41.543452414589275,40.75489982090482,32.31038747018317,42.579722346020105,44.714264574669514,0.12303561693105233
5509,43.459059168693955,43.24647846645473,41.64293628405519,40.842647089061956,30.138645942447447,42.65265126620752,44.68941533800448,0.12303561693105239
5510,43.4684322576929,43.34756012640658,42.04103778693731,41.723837078188346,13.34877043024899,42.99456131581739,44.69878842700343,0.12303561693105228
5511,43.4744080779417,43.367111093510545,41.59545716369806,40.88813208513346,26.302807290685084,42.755317311504044,44.70476424725223,0.12303561693105233
5512,43.458984570070484,43.28458704314008,41.67146397741518,41.5398926576849,20.78482343496669,42.73054143460188,44.68934073938101,0.12303561693105226
5513,43.48067347786235,43.2230347652595,41.536313819712156,40.67169316443926,32.256302355951796,42.22628518320117,44.71102964717287,0.12303561693105226
5514,43.48077208868096,43.35643471281544,42.003348490179484,41.726486080439486,28.59021317857693,42.88686475030413,44.71112825799148,0.12303561693105224
5515,43.46983925334502,43.2588949835428,42.056713120850276,41.423249130103784,36.7798713615056,42.700378688653615,44.69580092885345,0.12259616755084295
5516,43.45423433945077,43.24463002518631,41.324684954090706,40.656285707679146,20.422946403414073,42.6010144555254,44.6801960149592,0.12259616755084295
5517,43.484684529456786,43.33313834198893,41.805548378666956,41.10074006884438,30.088299989264534,42.66441861230835,44.71431456530102,0.12296300358442275
5518,43.467892433120994,43.359234968075086,42.001441233326304,40.89650333968915,32.999873665725076,42.88809753622843,44.69856959751327,0.12306771643922787
5519,43.47425350190591,43.27759958861861,41.80122627501685,41.431411076441684,28.219222780051556,42.73694011774729,44.70493066629819,0.12306771643922784
5520,43.45536656108189,43.33708706825675,41.92676342339043,41.20136720608691,30.94425783785118,42.941173445395286,44.686043725474164,0.12306771643922766
5521,43.46533634554397,43.32994192437277,41.61775428354632,41.4464160698159,18.49322484349445,42.84356053465872,44.69601350993624,0.12306771643922773
5522,43.474076914235525,43.313810675045296,41.88885803158129,41.483402101529734,27.449131936154977,42.804056323658,44.70766547272902,0.12335885584934961
5523,43.489898587033956,43.32011968920424,41.904920963690486,41.51540277104512,28.041542396731167,42.824654095588684,44.72348714552745,0.12335885584934962
5524,43.49307087488244,43.38434764425689,41.897231927420755,41.41000475821256,28.929351099934806,42.96791877976227,44.726659433375936,0.12335885584934951
5525,43.46486028422573,43.36376981209084,41.76043929176657,40.85415313686488,29.435636362556192,42.74461381616104,44.69844884271922,0.1233588558493496
5526,43.46794283110143,43.3537910121054,42.0727345943761,41.70334589395964,30.698992109263976,42.79136405764267,44.701531389594926,0.12335885584934955
5527,43.4559897398782,43.38722683909298,41.78980631666408,41.224719900475435,23.401876146104847,42.80181967982779,44.68957829837169,0.12335885584934962
5528,43.45253328315702,43.331220404337174,41.92432528993359,41.35791857924447,32.357556115849306,42.92085412420104,44.68612184165051,0.12335885584934957
5529,43.46500211172234,43.32812297276991,41.97395085002321,41.48347457871036,24.262777523341718,42.73518023399677,44.698590670215836,0.12335885584934964
5530,43.46255127219412,43.374589919405196,41.981660098979454,41.65067328726428,29.27389614443412,42.8585420053132,44.6985945396033,0.12360432674091802
5531,43.46897738337628,43.32438938996298,41.60916944176575,41.027037687791825,29.671649167144864,42.453741123048935,44.70502065078546,0.12360432674091808
5532,43.46615623605057,43.32551229889704,41.884770720819326,41.23416882948296,28.03333619020933,42.87139999450166,44.70219950345975,0.12360432674091805
5533,43.45308190881423,43.31183817693474,41.77479539719766,41.163202820167314,24.05213318107101,42.88982433494056,44.689125176223406,0.12360432674091804
5534,43.45938746190479,43.33734639334218,41.59322861547729,41.647882103632526,15.597368350110408,42.81149549627122,44.69543072931397,0.12360432674091806
5535,43.46247586794422,43.34041233265313,41.94784736130219,41.29382363517609,34.454355526322416,42.691277069975456,44.6985191353534,0.12360432674091819
5536,43.487494618778356,43.277302561549405,41.860757881644346,40.87819158117239,32.198357205152035,42.68183964798534,44.723537886187536,0.12360432674091802
5537,43.44701604897925,43.34550425945488,41.62239091303273,41.94935605063373,-8.575908614818744,42.85019177988678,44.68305931638843,0.12360432674091805
5538,43.47851929124975,43.33569452095389,41.50647471976511,41.339087052100325,1.8671811600332475,42.91564720724298,44.714562558658926,0.12360432674091813
5539,43.49098000495296,43.3735948594508,41.89851005167582,41.68442255202238,27.782599182092873,42.81065217267879,44.72702327236214,0.12360432674091804
5540,43.450128251785195,43.26350779759166,41.66447584756541,40.750763469384,29.594029624569643,42.63862082498353,44.686171519194374,0.12360432674091813
5541,43.46885508748887,43.29745369918699,41.56199955772929,40.22488959131465,27.021520485912646,42.810898583518025,44.70489835489805,0.12360432674091809
5542,43.47247735480035,43.3676020194218,41.907296328060106,41.49426934788217,27.017748257791567,42.783652799425795,44.714519641162354,0.12420422863620106
5543,43.46579795990325,43.35354657117029,41.92767032326045,41.01306313814439,33.54566008661206,42.82377485883626,44.707840246265256,0.12420422863620097
5544,43.45323550817193,43.165559609530696,41.5918354061691,40.990648048694176,26.601742077720814,42.600714040130924,44.695277794533936,0.12420422863620102
5545,43.49411371310025,43.36542142558944,41.84828916304078,41.38819473624646,32.88922715191173,42.78385707015675,44.739388475885946,0.12452747627857014
5546,43.48451277223942,43.342301150288606,41.91911360373491,41.683818741164544,29.566223681353886,42.87188922138188,44.729787535025125,0.12452747627857019
5547,43.49343440040091,43.30081956172009,41.72313477931955,41.331371628684295,30.510939246541554,42.625018762953296,44.73906397657584,0.12456295761749363
5548,43.493698503516,43.38605654751472,41.89564637401689,41.420470722661136,24.762346318151433,42.9229798903462,44.739328079690935,0.12456295761749366
5549,43.487633275336876,43.33387752276078,41.73239977775155,41.4743488373554,23.156712124324418,42.712740101088556,44.73326285151181,0.12456295761749359
5550,43.47481004545049,43.35124828994778,41.84205007928489,41.716332129784405,27.218031326797288,42.73537903498915,44.720439621625424,0.12456295761749352
5551,43.47494626563489,43.36359711929882,42.01460344772854,41.20966024792729,30.788227199412503,42.88957336413778,44.720575841809826,0.1245629576174936
5552,43.48147695930184,43.22472411833673,41.434173888348965,40.23412795606958,31.032346886840465,42.26280985239602,44.72710653547677,0.12456295761749361
5553,43.49690314741265,43.21655284690302,41.43683010830773,40.72583310472339,30.680615398548635,42.50561498775379,44.74253272358759,0.1245629576174936
5554,43.51303026754766,43.391738463313715,42.16447758711165,42.07031068461103,27.749249681248788,43.04882930858544,44.755029063174895,0.12419987956272342
5555,43.49783348676552,43.345058787488085,42.18747687896005,41.65995434561625,34.93344660349007,42.80913168809552,44.739832282392754,0.12419987956272348
5556,43.51946503244298,43.26449415189425,41.51400298249817,41.36832837485299,20.461155719290673,42.69199359342265,44.76146382807021,0.1241998795627235
5557,43.50672747967891,43.37074313133388,42.32681412175548,42.08130254985452,35.86592035278316,42.918240817437166,44.74872627530614,0.1241998795627234
5558,43.48462517942743,43.37959803801764,41.65202221109489,41.35260550221143,21.02672466150367,42.809682584429765,44.72679775513754,0.12421725757101092
5559,43.48525733427964,43.38114873321406,41.51655829798179,41.26311941963896,12.90944969105852,42.865508667666866,44.746050781356374,0.12607934470767387
5560,43.484639989063496,43.311693631045486,41.725060578165234,41.430803482817275,30.034063827367078,42.77886897827719,44.74543343614023,0.12607934470767385
5561,43.49287727486614,43.37904072325513,41.9680999445381,41.26329160771413,32.16925327841917,42.6375914114753,44.75501968482547,0.12621424099593298
5562,43.486625590106065,43.31567830777287,41.98768006708147,41.26144154065034,32.245504115225685,42.86852981271521,44.7487680000654,0.12621424099593298
5563,43.45973888588241,43.30304538805297,42.11189700667925,41.85043997552143,30.413626802255145,42.91620060211223,44.72712937044424,0.12673904845618267
5564,43.465509791276226,43.296904936813675,41.618145038832175,40.94353319797826,30.042450377259613,42.69212504600171,44.732900275838055,0.1267390484561828
5565,43.468198839133606,43.26501878854622,41.29478639142646,40.726746497105964,18.233702585391946,42.496264215520924,44.729969983228386,0.12617711440947812
5566,43.47493370426311,43.383602608566314,42.05179799964782,41.77125287110764,22.958465854397122,42.957256411201946,44.73670484835789,0.12617711440947807
5567,43.48106204711892,43.311808296080926,41.68755101556708,40.94924233340729,32.40730356725602,42.49697482493265,44.7428331912137,0.12617711440947804
5568,43.468403039752815,43.164403513551065,41.639169722374014,41.0756286145932,33.153589793371594,42.351372666029384,44.730174183847595,0.12617711440947796
5569,43.48071463599102,43.343879032474675,41.393748750344955,40.546520006233195,25.070101599434558,42.76933145479652,44.7424857800858,0.12617711440947793
5570,43.48392235166208,43.25261675988419,41.688660357193754,40.97225816575104,33.4446070902273,42.4579402479436,44.74569349575686,0.12617711440947807
5571,43.47140638331493,43.27716645944644,41.78244519399927,41.26495726985545,27.447836846006815,42.802672547833424,44.73317752740971,0.126177114409478
5572,43.46516350901393,43.372251255333694,41.729829498518875,41.17550035595775,28.66723101930951,42.7472462066318,44.723604540844995,0.12584410318310707
5573,43.474495909588626,43.35049697683575,42.376348339910955,41.98080861672224,36.48359575740211,42.937848687199036,44.732936941419695,0.1258441031831071
5574,43.48427783003167,43.34797105411586,41.8613839571456,41.10960066758888,23.719609328769636,43.03001785879219,44.74271886186274,0.12584410318310704
5575,43.47481422969065,43.23378102160046,41.26999366876623,40.17122654627736,23.383641713342477,42.349773458671294,44.73325526152172,0.12584410318310718
5576,43.46884041361449,43.348667122340586,41.59474611035944,40.80255020607829,23.911002539608567,42.78629633139052,44.727281445445556,0.125844103183107
5577,43.4560353291263,43.352275555572234,41.756720451363094,41.36357301045549,30.00013233241539,42.67441533512084,44.71447636095737,0.12584410318310701
5578,43.471906875567605,43.3292368304501,41.45090815678288,41.17371232208504,-3.895289692226335,42.62121295176984,44.730347907398674,0.12584410318310701
5579,43.490170010845944,43.37881822319296,42.13192250569171,41.78945671356915,28.441987693556328,42.842316724160604,44.74861104267701,0.12584410318310718
5580,43.47152022211243,43.34053767526372,41.17043221458127,40.82270078093674,-8.254594460874806,42.579956875657686,44.7299612539435,0.12584410318310707
5581,43.47437984280016,43.31150591102376,42.1696574901109,41.8620790038189,33.23145283809585,42.97039895663168,44.73282087463123,0.12584410318310707
5582,43.500696956028754,43.34681415619659,41.83131803282514,41.244555685514435,30.04561473788,42.730429668603584,44.75798961049961,0.1257292654470849
5583,43.50051525085578,43.32389108534618,42.041838884567376,41.251910000412025,33.78577093735258,42.57883952299281,44.75780790532663,0.125729265447085
5584,43.48501258149045,43.34233991810117,41.97516918727215,41.57321323682852,31.49398107629076,42.87166257377865,44.742305235961304,0.125729265447085
5585,43.48823499217606,43.37477764061331,41.94060523574036,41.612617714878795,18.692439526152974,42.750943733155076,44.74552764664691,0.12572926544708501
5586,43.48086934255838,43.35406164636089,42.09641217171105,41.618351389036924,27.761588680985685,42.983767150325924,44.72082353033229,0.12399541877739076
5587,43.471126945103244,43.223887488719086,41.254993563850775,41.0983315363053,0.481795257735655,42.65281558735124,44.70816973877593,0.12370427936726887
5588,43.48995111474831,43.30458316049559,41.67037723444406,40.97998936021003,23.774608237872805,42.56936281028841,44.726993908421,0.12370427936726898
5589,43.511913220445734,43.41526360731672,42.05977802276025,41.596844630820506,34.39512350530971,42.89826260817272,44.74895601411843,0.12370427936726892
5590,43.51443574786542,43.37954889836216,42.16514369525441,42.011332666423165,32.43386581701834,42.86955407349791,44.75147854153811,0.12370427936726897
5591,43.51773900972253,43.39054543123255,41.37759564022916,40.81078073035272,8.179015031590524,42.754217504825704,44.754781803395225,0.12370427936726892
5592,43.512178925276956,43.384872461609525,42.11884886609093,41.599812471837225,32.20326511303175,42.89325272280482,44.74922171894965,0.12370427936726891
5593,43.48990406538992,43.33502635245544,41.75286952534569,41.492337798351144,27.304772511975724,42.82076265234011,44.72694685906261,0.12370427936726891
5594,43.51811665499289,43.34177942732046,41.92409043317225,41.26507926972029,33.66099325315808,42.71635479172433,44.75515944866558,0.12370427936726895
5595,43.48989772669538,43.39200386759891,42.047391591810744,41.44812654245851,31.88006184530252,42.97703935461921,44.72694052036807,0.12370427936726884
5596,43.47716240964273,43.3695072875434,41.89353975329548,40.704017664723374,33.78049931323891,42.74512171483587,44.71420520331542,0.12370427936726892
5597,43.509564953709855,43.31480473181068,41.643561147548084,40.98484506980565,22.30347384166582,42.785553674442035,44.74550618108633,0.12359412273764743
5598,43.49088213251929,43.33377459326225,41.51058310246607,41.51295312731201,17.454685076497434,42.91150667112018,44.72682335989576,0.12359412273764742
5599,43.50386408318258,43.31805714776074,41.9618647812161,41.3379167302214,28.085160464955976,42.80026730961393,44.73980531055905,0.12359412273764735
5600,43.49450863163105,43.401065294139194,42.062506679897865,41.26756650570483,29.05956843187328,42.88989731945783,44.73044985900752,0.12359412273764733
5601,43.48795897387732,43.243658797897965,41.60706648218098,40.90445919918469,30.841972190343242,42.52894024071648,44.72390020125379,0.12359412273764746
5602,43.500286719261986,43.377462431486656,41.81106963681053,41.28336082287043,23.80896144763021,42.70040282440874,44.73622794663846,0.12359412273764735
5603,43.51676115606331,43.39710753416207,41.93982070337517,41.15691882390385,32.88990489188802,42.62950927350175,44.755265960801594,0.12385048047382842
5604,43.48176164409256,43.32117779480562,41.64810470753474,40.959256571269925,24.033995947722843,42.691368508816524,44.720872471079176,0.12391108269866206
5605,43.490587146386886,43.38564872018788,41.974317091765016,40.90352286051788,27.14772805727435,42.76573663407194,44.729697973373504,0.12391108269866206
5606,43.50363210519879,43.40159757397775,41.69783868855131,41.3872522978587,13.908687815618372,42.834635036732294,44.69055253448667,0.1186920429287879
5607,43.50318656747496,43.33167836869435,42.09223709399385,41.61618611916338,30.058312277757157,42.90976722605359,44.69010699676284,0.11869204292878796
5608,43.496957568769275,43.39454084802365,41.876295660980134,41.16723683340864,27.401219760975607,43.00350497070542,44.683877998057156,0.118692042928788
5609,43.491028347921784,43.38309290505085,41.85369746447872,41.23440504655441,19.237688133602145,42.82229165189807,44.677948777209664,0.11869204292878796
5610,43.484703149312374,43.35491522163315,41.54039945661128,41.129426527127485,24.710933505237236,42.77742035912053,44.671623578600254,0.11869204292878799
5611,43.52504774808844,43.39748411376919,41.944181718663984,41.32925007067478,28.659845053214983,42.83012502617326,44.71196817737632,0.118692042928788
5612,43.49746761552508,43.39472581296551,42.1300283608605,41.88611708583706,20.190868219965672,42.98325644051621,44.68438804481296,0.11869204292878799
5613,43.49115778400992,43.3693305987958,42.030912864915074,41.32414215442259,34.53745211062547,42.77994160338108,44.6780782132978,0.11869204292878804
5614,43.527803053505366,43.29547424357342,41.21293596203222,40.65785974470299,5.17999114875596,42.51073486696781,44.69610261142662,0.11682995579212514
5615,43.50942131302816,43.32240587804798,41.659306929904844,40.86786465331573,23.648106716459882,42.455900590625866,44.677720870949415,0.11682995579212505
5616,43.515641954980445,43.35424532211703,41.55980044697451,41.41469952699081,5.15521856779862,43.019309710534955,44.6839415129017,0.1168299557921252
5617,43.50656702350052,43.32986920689485,41.74196866646513,41.41709642719588,29.378487753080563,42.815263602967306,44.674866581421774,0.11682995579212506
5618,43.50389978833478,43.377544299793826,41.378584004955094,40.89221257639613,1.606632825013449,42.74657578416117,44.67524477495601,0.11713449866212328
5619,43.525220579405975,43.41317087218393,41.82439225587493,41.42147516570711,30.700760260546694,42.90652163172032,44.69656556602721,0.11713449866212336
5620,43.51282826817668,43.4006347255832,41.74000132682799,41.763711534025916,19.214128675105094,42.98660123087771,44.68417325479792,0.11713449866212325
5621,43.510386384399794,43.385089739568826,41.51239739497567,40.343150142022715,24.98354427389238,42.64072765335315,44.68068424247298,0.11702978580731828
5622,43.538403584634885,43.40139635877577,42.13427212340028,42.120617437575824,29.551517144973563,43.057505542128226,44.70870144270807,0.11702978580731827
5623,43.51744234802666,43.309499118320275,41.93264979967314,41.296716519831676,31.1863163049735,42.66328472240113,44.687740206099846,0.11702978580731818
5624,43.510463606063915,43.326104495782054,41.98904973282249,41.57887457028171,27.400685850653492,42.65450725244693,44.6807614641371,0.11702978580731824
5625,43.50147733790801,43.37351064051446,41.67600214612846,41.015315981517354,29.970170234272622,42.80297550157113,44.67177519598119,0.11702978580731822
5626,43.50742422665152,43.41093696694421,42.059909682800715,41.44189694144269,26.547211991671624,42.86744224409861,44.67772208472471,0.11702978580731827
5627,43.501136502228775,43.40692583272918,42.20493677769489,41.606067655721944,33.78881326608369,43.033431440334965,44.67143436030196,0.11702978580731829
5628,43.52332570491955,43.3031184264018,41.74115122613097,41.08412696454826,33.95206775875709,42.682467528745704,44.693623562992734,0.11702978580731824
5629,43.50183452698571,43.38495504309004,41.68040057970684,41.61343428487434,30.440978875091588,42.83061323333307,44.672132385058894,0.1170297858073182
5630,43.50442873588468,43.411435208986454,42.04155617856167,41.851466570924245,31.80549726353601,42.97795813652688,44.674726593957864,0.11702978580731818
5631,43.51019497845325,43.35314466509406,41.402822671650085,40.82373767412166,31.378934299656194,42.59512412697431,44.68049283652643,0.11702978580731829
5632,43.50756731612419,43.323906547711715,41.30190241555966,41.397300552929785,-10.05755138596028,42.75836076370199,44.67786517419737,0.11702978580731833
5633,43.5073487035686,43.38759811917085,41.50519602628393,41.28243250901559,-9.067419227834094,42.81981118826438,44.67764656164179,0.1170297858073182
5634,43.513470885030884,43.4043144386487,42.277337968645185,41.72790540512635,32.6768929220616,43.037808427473486,44.68376874310407,0.11702978580731822
5635,43.5166716001514,43.38231029758033,41.74393541028735,41.424938024969066,20.849019188380417,42.66955687885884,44.68696945822458,0.11702978580731825
5636,43.52953381922785,43.394064561421146,42.14972490797142,41.565169332425086,32.688652668920184,42.86752929128721,44.699831677301034,0.11702978580731829
5637,43.507372729273186,43.359236921882506,42.12884280382721,42.04425570193707,30.596106207528017,42.854316171582845,44.67767058734637,0.11702978580731818
5638,43.52315771374531,43.352158364855384,42.19789853143016,41.72498048762514,28.27487402103715,42.85004472240885,44.6934555718185,0.11702978580731817
5639,43.50804466928534,43.417441464346524,42.020504977579584,41.53480673082852,19.66448894438937,42.880227286257984,44.678342527358524,0.11702978580731828
5640,43.51048772282961,43.3923363765608,42.33986688371394,41.90837673066999,35.22961837020682,42.888981871572554,44.68078558090279,0.11702978580731832
5641,43.50734483108905,43.410686274413905,42.124971708935824,41.48615609636705,34.50053752626207,42.99836473636586,44.677642689162234,0.11702978580731829
5642,43.532703280262886,43.34287249917004,41.58401887580726,41.4519842048784,14.672368494093018,42.777826346354075,44.70300113833607,0.11702978580731827
5643,43.52272893241173,43.38529334696518,41.47405432446769,41.4360681282495,20.38858491358539,42.83601808713333,44.693026790484915,0.1170297858073183
5644,43.50741539985166,43.29541634701768,41.53826388884269,41.09776856231783,17.81679440503357,42.5428685595825,44.67771325792484,0.11702978580731833
5645,43.51409581194173,43.40493256709449,41.87129571187663,41.37704647085691,28.163745320328122,42.835407350437364,44.68439367001491,0.11702978580731811
5646,43.510402859951355,43.3705460509993,41.890861128783904,41.88878758703935,29.825703465006033,42.98212737487901,44.68070071802454,0.11702978580731825
5647,43.504339132619606,43.37236643540902,41.79889188829579,41.0900396745083,25.866856167680197,42.69907116536908,44.67463699069279,0.1170297858073182
5648,43.52966640533875,43.371324708924064,41.60705641995941,40.780834708414645,29.136216549762935,43.00330489850364,44.699964263411935,0.11702978580731822
5649,43.491630130793425,43.35623999988525,42.06756224855217,41.38592915679063,32.139996996690925,42.820602003032405,44.66192798886661,0.1170297858073182
5650,43.51406227965993,43.416267115944365,41.72027889408436,40.45199819484783,33.032193334914126,42.78834165328574,44.683923621900874,0.11698613422409423
5651,43.5141515085092,43.40313535768137,42.11435637832473,41.506655365767294,34.678294319267245,42.944011842641714,44.69061978523022,0.11764682767210183
5652,43.49826742367414,43.361465584051736,41.893644892821754,41.32079655370743,31.417233609079908,42.93061598614103,44.67473570039516,0.11764682767210184
5653,43.51332411945698,43.3309534272763,41.88012790710393,41.40267732985718,21.096524956504844,42.85208892190484,44.689792396178,0.11764682767210184
5654,43.510380116934,43.29141643953013,41.609333118790396,40.8898156542414,28.67080416770268,42.796542833125976,44.69950765643569,0.11891275395016881
5655,43.479138651911946,43.395593165427705,41.113993719006174,40.91455118211089,-9.196682556984847,42.73312013919761,44.66276605379797,0.11836274018860206
5656,43.53464503435799,43.39850890206596,42.15386591661938,41.739956101360406,33.53197599176132,42.72843836861543,44.718272436244014,0.11836274018860202
5657,43.49114512369519,43.34244614845424,42.01533467328467,41.30235161585509,27.070704048755626,42.82325359900019,44.67477252558121,0.11836274018860217
5658,43.472921860931436,43.3583978712807,41.6960708510421,40.89104201560599,23.30556713618114,42.53959660940653,44.65654926281746,0.11836274018860217
5659,43.49402717071909,43.39798642027669,41.83259921731302,41.16476637441419,24.077738706238552,42.89037374134641,44.677654572605114,0.11836274018860203
5660,43.51542867064832,43.34826322202891,41.93168682277199,41.45321632395992,26.658364075278264,42.67815444564151,44.69905607253434,0.11836274018860199
5661,43.49453105874637,43.37357312180604,41.649714025919195,41.210226163892905,28.28377626258428,42.86915600727053,44.67815846063239,0.11836274018860211
5662,43.53789020926355,43.376194550167725,42.04899508248628,41.59776282824425,29.769504997698277,42.95950451408537,44.72151761114957,0.1183627401886021
5663,43.514018869821484,43.3376974205896,41.78529205008191,41.06432348969824,30.34391389171641,42.846201062582445,44.69707718596606,0.11830583161445732
5664,43.51014608675559,43.42014654215781,41.85685776500441,40.970064898790525,32.06634982938647,42.961127921837345,44.693204402900164,0.11830583161445724
5665,43.51693243969359,43.335662262524835,41.620585565616274,41.12696448001152,10.216920876957502,42.68248735060824,44.699990755838165,0.11830583161445733
5666,43.50145877534984,43.377222902255845,41.759961599248406,41.37289810414219,10.191812623692677,42.82827328260265,44.68451709149441,0.11830583161445736
5667,43.51123215144335,43.265418117252246,41.67142702449244,41.41851987340956,19.524359460880593,42.77982266434594,44.683938091377456,0.11727059399341008
5668,43.4864632154798,43.36718987865099,41.93509955266831,41.34762453121671,30.627295316661872,42.650966438987325,44.6591691554139,0.11727059399341005
5669,43.51733416608633,43.37532671352727,42.10577381880607,41.47327446587999,30.977600035811946,42.88718077810778,44.690040106020426,0.11727059399341
5670,43.50878205038615,43.39015289832235,41.97832667084491,41.234518559796385,33.53301354267979,42.87085869744518,44.68148799032025,0.11727059399341004
5671,43.50471812961347,43.40016597301922,41.946124425736286,41.777889033540895,19.92631752260084,42.96513882649235,44.67742406954757,0.11727059399341003
5672,43.530257448339306,43.41287952887056,41.110714851432334,40.96038240178829,9.993263530787395,42.83602384122097,44.7029633882734,0.11727059399340992
5673,43.523574109199,43.32940309305323,41.4227584086305,40.3136162508127,30.99750026007076,42.65486581811564,44.696280049133094,0.11727059399341001
5674,43.50802765204178,43.39273155870505,41.76444595932846,41.22402328408283,18.518804241518925,42.82368401913544,44.68073359197588,0.11727059399341007
5675,43.5019599499331,43.31043021725229,41.12271457470067,40.57722660515141,0.17638317211775245,42.48681415019915,44.66872624884928,0.1166766298916181
5676,43.52043115324468,43.408390411153604,41.79680332002703,41.481107110238156,18.25826806552653,42.9129142889197,44.68719745216086,0.11667662989161796
5677,43.516882706078,43.306466831349084,41.7441205743643,41.08566856591008,29.253625282262476,42.879927082600545,44.68364900499418,0.11667662989161805
5678,43.51413247084344,43.43590185658852,41.842991360664136,41.18233689995024,22.261094932168373,43.01697136818066,44.68089876975962,0.116676629891618
5679,43.52681212054628,43.42422025953929,42.126734252346225,42.01192218438293,24.817367946791126,43.12542419396804,44.69357841946246,0.11667662989161794
5680,43.52658883366729,43.39195826765068,41.72077917303811,41.29227973638176,24.762577413850998,43.017450538368834,44.69335513258347,0.1166766298916179
5681,43.48305405722688,43.41743429289152,42.444702126025284,41.88021008068315,37.14029641147278,43.02055931639059,44.64982035614306,0.11667662989161796
5682,43.522893384430304,43.33948490590331,41.92667346797411,41.50837853035255,32.53597796115267,42.70200254138882,44.689659683346484,0.11667662989161805
5683,43.517297917821786,43.342146895023696,41.98927944997966,41.467154978496346,33.810382368046355,42.8198343682261,44.684064216737966,0.11667662989161798
5684,43.50810808333566,43.35812392235812,41.91654422386045,41.31759929916279,30.78902732397859,42.86304363869861,44.674874382251836,0.11667662989161794
5685,43.53596599186817,43.351391991056914,42.0686412592465,41.44520594186819,32.01754020344472,42.840034332679366,44.70273229078435,0.11667662989161803
5686,43.548369763567344,43.379919804284846,42.15594448535381,41.653323487317905,33.637342806000305,42.8126148709763,44.71513606248352,0.116676629891618
5687,43.52981772785518,43.34993359363435,41.91830151714455,41.71111267624306,28.297957108188204,42.87053881562227,44.69641024668849,0.11665925188333046
5688,43.52496398082655,43.344735951476444,41.81981633001877,41.29806971597542,28.481935019274214,42.65790427811052,44.69018245768484,0.11652184768582928
5689,43.53409644065407,43.40655887559765,41.909454233451534,41.565044266667854,-3.9441171312126713,42.811466495605714,44.69931491751236,0.1165218476858293
5690,43.52514705441248,43.38272249290653,42.086854612964416,41.93868113502587,24.291678273132042,42.9916005465041,44.683758596790696,0.11586115423782174
5691,43.550245589254544,43.41331838670078,41.77058421426258,40.88168082421591,28.231708469442673,42.87097131231502,44.70885713163276,0.11586115423782173
5692,43.52218456747288,43.312621129178204,41.96200775402663,41.46248750732348,28.486196254703334,42.86578400387746,44.680796109851094,0.11586115423782166
5693,43.5458358623844,43.338001434212394,41.54478713247017,41.24445129556176,13.937315683000797,42.84070127149901,44.696861629012325,0.11510257666279247
5694,43.52702465293781,43.43589650428386,42.142016596041515,41.48433666623352,33.29242622942626,42.837903410942516,44.678050419565736,0.11510257666279249
5695,43.54265981473477,43.27414630694453,41.37631826060226,41.38727641868102,5.210091200235482,42.807483931607905,44.69368558136269,0.11510257666279244
5696,43.5364632047615,43.42167292419159,41.8972452218821,40.977506173204176,25.335307131546326,42.8487884334713,44.68748897138943,0.11510257666279253
5697,43.5452969504173,43.41627807103828,41.96592230398943,41.71786345567775,28.29460978796453,42.942570613052524,44.69632271704523,0.11510257666279247
5698,43.533023424332725,43.29940338498523,41.786099455853,41.395274139848134,19.65374198229328,42.84489061462928,44.68418408724891,0.11511606629161841
5699,43.5209064404811,43.4216389906264,42.04965361021346,41.8404457260704,27.380216685138485,43.08167100468015,44.67206710339728,0.11511606629161834
5700,43.526618286616106,43.31029121564338,41.65195635358296,40.954271716693896,26.710970269979,42.740682972896266,44.67777894953229,0.1151160662916184
5701,43.51165181446399,43.34249481457421,41.75807076648047,41.32915227880537,24.922572522837893,42.77392418642941,44.66281247738017,0.11511606629161844
5702,43.52273135571394,43.264277064516016,41.56816009243836,40.718530515221175,26.347752732767795,42.27889929279482,44.675476911822585,0.11527455561086453
5703,43.540918603012955,43.40659169238459,41.94716563749119,41.88194908916151,20.372402129751823,42.98691315171282,44.6936641591216,0.1152745556108645
5704,43.54356574350572,43.412805720406624,42.049439610186845,41.41508830242242,30.763708001859392,42.8859162917791,44.69631129961436,0.11527455561086446
5705,43.522668155473426,43.39841778088022,41.701972851916096,41.14225018862703,22.131973511642844,42.90645472263297,44.67454408852098,0.11518759330475528
5706,43.531988554816394,43.35993088338965,41.911206190365164,41.47186308658294,23.80818325515498,42.89556861792621,44.68386448786394,0.11518759330475518
5707,43.54053701965212,43.30653328448825,41.819739627154,41.01198636668519,31.3950839624336,42.70119119503852,44.68716487809718,0.11466278584450547
5708,43.53758167826005,43.41592543747478,41.65205158433025,41.41653799118108,17.09910021783727,42.78186614408717,44.6842095367051,0.1146627858445054
5709,43.53745937544257,43.335940674755925,41.77796008388382,41.680086735475065,24.41964495290589,42.877071143904104,44.684087233887624,0.1146627858445053
5710,43.52824226001026,43.2435451255744,41.51775054725795,40.83075356383613,24.400505995392756,42.59240747696163,44.67487011845532,0.11466278584450545
5711,43.58383655405144,43.4201166657507,41.78437112937163,41.06154592228458,29.000794572756195,42.596427452943395,44.730464412496495,0.11466278584450544
5712,43.534556031691665,43.39732181692365,41.84524528630592,40.97331986448177,28.50081639887631,42.80464836227159,44.68118389013672,0.11466278584450547
5713,43.537284960917916,43.3383657428437,41.755091365392516,41.401595765393736,26.552737386383345,42.62905330635273,44.683912819362966,0.11466278584450543
5714,43.528215598170625,43.36829375493149,41.820510184305526,40.897364916199564,33.81183723137473,42.63819509730155,44.67484345661568,0.11466278584450545
5715,43.53425890395498,43.4064053958253,41.60849416747306,41.18304850443516,28.86770924360326,42.58963093275713,44.68088676240003,0.11466278584450543
5716,43.543677660538705,43.32324683064769,41.60015969375087,41.42976045721238,14.327030943351915,42.67171220129236,44.69030551898376,0.11466278584450543
5717,43.53786940779727,43.415530711113064,41.34582948397214,40.789335746985984,12.12400608413266,42.69364692588249,44.68449726624232,0.1146627858445054
5718,43.537528387503066,43.315427513562035,41.3206717362684,40.508772147309834,-9.101432769622562,42.661830595272306,44.68415624594812,0.11466278584450539
5719,43.54066351677004,43.300241016619424,41.45142479318376,40.78573325121438,20.441483230762447,42.83967318774806,44.68729137521509,0.11466278584450536
5720,43.55320291369508,43.41528702103136,41.97180858475673,41.521075981177425,28.934615174118967,42.940560511345325,44.69983077214013,0.11466278584450539
5721,43.540605588066526,43.44374247148428,41.984065733998406,41.25990043964851,32.730587011555,42.66703956490123,44.687233446511584,0.11466278584450543
5722,43.55608262301642,43.438033478963845,41.97096835750849,41.20862830433661,26.279491345909317,43.06993382160651,44.70271048146148,0.11466278584450545
5723,43.531141825074535,43.376019889095424,41.21961216447507,40.66795594697098,-11.067973648969819,42.66046023488166,44.67776968351959,0.11466278584450545
5724,43.55903232127686,43.44704814135306,42.061118344613476,41.41492925853907,27.76274607827916,43.0023454812804,44.70566017972191,0.11466278584450543
5725,43.543722416413985,43.38437121408548,41.95829489001019,41.416601516876604,24.174751698936088,42.8369505386352,44.690350274859036,0.11466278584450541
5726,43.562180597943936,43.37120969876503,41.39622938911172,40.069764852165235,24.966912995581943,42.57102995536458,44.70880845638899,0.11466278584450543
5727,43.55328516639966,43.38941466367771,41.68524668367067,40.93513875298647,31.074859545889076,42.72604400697898,44.69991302484472,0.11466278584450544
5728,43.54033818319198,43.34682340527257,41.76578027088281,40.89953002418769,28.809907727946726,42.6589181238931,44.686966041637035,0.1146627858445055
5729,43.53722518288016,43.377935675769514,42.080789099030646,41.703818152342556,28.405337044081715,42.89078259803773,44.68385304132521,0.11466278584450537
5730,43.5293443946935,43.386326196610455,41.59030933601727,41.52105433867556,13.767133427275184,42.786382331650756,44.68102277054656,0.11516783758530572
5731,43.55054224429364,43.427122764380655,42.12627477232382,41.52679136755774,34.73871670181645,42.94733718005494,44.7022206201467,0.11516783758530569
5732,43.52608239694052,43.36258360955861,42.092878084648355,41.68143298992981,34.87081479783275,42.862391308658886,44.677760772793576,0.11516783758530574
5733,43.52464271077782,43.32545154496483,41.89155841160106,41.51174257306702,31.88929669226762,42.74415212628561,44.66545169397981,0.11408089832019944
5734,43.55897037156069,43.40900428901322,41.42133546975159,40.291884263700965,24.491330192826833,42.64747564627473,44.69977935476268,0.11408089832019948
5735,43.531024096400444,43.420442392748335,41.93662385766144,41.66438486911853,31.825803818475848,42.687388645549426,44.671833079602436,0.11408089832019948
5736,43.54615005419419,43.43319382756795,41.851882457639874,41.667712886002775,24.907008931314742,42.997816890901916,44.686959037396186,0.11408089832019946
5737,43.53402027693038,43.340316402539614,41.970233422369304,40.879012908253245,32.59228113185974,42.85164542654863,44.67482926013237,0.11408089832019952
5738,43.53694746150829,43.38670061209845,41.58595338650061,41.200632752512135,29.92592167672049,42.49079071343166,44.67775644471028,0.1140808983201995
5739,43.53311989815759,43.29633129088221,41.725959927502174,41.59829964165734,20.117123913912067,42.78606030592185,44.69294325252549,0.11598233543679044
5740,43.52402306127851,43.41502415410432,41.86312156468373,41.15648253571184,32.83552795967992,42.740122068244595,44.683846415646414,0.11598233543679046
5741,43.530256581133,43.40895120928578,41.80942817801641,40.87839350665612,32.422301912939616,43.05457317710045,44.69007993550091,0.11598233543679054
5742,43.51175731168072,43.38795000463444,41.602208882127904,41.96699526370707,-14.328619466440365,42.88055272438219,44.67158066604862,0.11598233543679044
5743,43.536580313511536,43.396821894030374,41.75515185959468,40.976270270077904,24.588048537902125,42.85596059516176,44.696403667879444,0.1159823354367905
5744,43.54271866127025,43.27801097006785,41.71129592272209,40.904364143255144,2.2336478637334665,42.73276054353907,44.702662242081615,0.11599435808113673
5745,43.51178394141555,43.357341104471715,41.831853027630785,41.36207485837481,32.80384754586267,42.875717942517916,44.67172752222692,0.11599435808113662
5746,43.511649457393396,43.308797807358125,41.157979275955505,40.612617709968035,-4.272907506448988,42.597078704402804,44.67159303820476,0.1159943580811368
5747,43.539648159370756,43.405653065808444,42.01728862535875,41.695155672872545,31.19104597535028,42.85635682847676,44.69959174018212,0.11599435808113677
5748,43.526911832087656,43.303202414121685,41.874790818117354,41.32859245340363,25.85037170094857,42.75115044913751,44.68685541289902,0.11599435808113667
5749,43.505801322475406,43.28837191685884,41.92577485691281,41.330381224638025,33.92140380407451,42.76324174221913,44.66574490328677,0.1159943580811367
5750,43.524737179189486,43.349957915303946,41.954141233445156,41.09477260255204,27.34557805357181,42.87514133748073,44.68468076000085,0.11599435808113671
5751,43.552446810785604,43.415541830893126,42.1839254909048,41.365471727823945,35.87065886195765,42.90838890635197,44.71239039159697,0.11599435808113667
5752,43.526492378609824,43.255755472255444,41.69774142171114,40.98332653282525,28.44050430351647,42.67282349749593,44.68722462078043,0.11607322421706054
5753,43.523048281440154,43.39552688753924,41.44901639011316,40.99422371211424,26.032149320464825,42.69388144749898,44.68378052361076,0.11607322421706052
5754,43.51994559088786,43.337787441667416,41.8881402955587,41.04704582551053,34.14949857027132,42.707327800856795,44.68067783305846,0.11607322421706061
5755,43.54548108430365,43.35455737536859,41.549877837830905,40.66669696332143,32.748075222891764,42.68536127393432,44.706213326474256,0.11607322421706057
5756,43.522979266983796,43.38529948825082,42.171600816486254,41.4985537524393,33.84505602269876,43.00003201493885,44.6837115091544,0.11607322421706054
5757,43.49473516004546,43.327574233233996,41.78858319357767,41.183755980967376,28.475093461091728,42.54571156683514,44.68662844916775,0.11918932891222882
5758,43.48290961341778,43.402864244375664,41.667984513958615,40.880897641291845,22.816420091042932,42.745529726665566,44.67480290254007,0.11918932891222891
5759,43.47969028842313,43.27174922595159,41.66828848944201,41.12120552367276,27.20988621215367,42.61627464902664,44.67158357754542,0.11918932891222879
5760,43.52517652440312,43.347216018774105,42.055342347548276,41.47659955028013,32.96494228428372,42.97898809976113,44.711782672634286,0.11866061482311621
5761,43.50365036377828,43.33171400129391,42.00836062609064,41.647918530772465,30.094858363974367,42.903907013992885,44.69025651200944,0.11866061482311605
5762,43.48228265972258,43.3012554907375,41.85914076390803,40.92461421317407,34.61169830399624,42.68135233343173,44.66888880795374,0.11866061482311625
5763,43.491398390559915,43.35606953218449,42.069856774507855,41.28822113234766,32.384052991529444,42.809059504831026,44.67800453879108,0.1186606148231162
5764,43.50733951014709,43.383534038272764,41.75607561452384,41.32055004417183,27.44693579348596,42.7550990848671,44.693945658378254,0.11866061482311607
5765,43.48219744890687,43.31229398379007,41.78604044294333,41.1351275619828,30.414981842159968,42.579642778529006,44.66880359713803,0.11866061482311617
5766,43.4941387353954,43.38165725809731,41.486959977309986,40.67700514512675,20.732578765277466,42.95556103484584,44.680744883626566,0.11866061482311621
5767,43.508167413443815,43.39272858681562,41.91876108550987,41.23947905556281,31.69346903352321,42.65835769359055,44.69314540866584,0.11849779952220275
5768,43.493162158319066,43.341925386870756,41.60215939627698,40.96686490522759,27.9255673454878,42.72843544539076,44.678140153541094,0.11849779952220262
5769,43.508952458769414,43.36572094842998,42.00599180811312,41.39855018291614,27.129745497499457,42.92000645747733,44.69393045399144,0.11849779952220253
5770,43.49609034594416,43.38949098732481,41.55955345237206,41.64572244207323,10.245901620336618,42.814856918878846,44.68106834116619,0.11849779952220264
5771,43.514771933248895,43.39325188487477,41.89235063980888,41.2242538225736,22.788143445187902,42.75138139174818,44.69974992847092,0.1184977995222027
5772,43.46784234035799,43.298511823539826,41.58034670424127,40.93984992516623,28.61055774089449,42.60520604842645,44.65282033558002,0.1184977995222026
5773,43.50616258613595,43.31054892641055,41.451764483571225,40.440686519753996,31.990001933433156,42.64775102777401,44.69114058135798,0.11849779952220262
5774,43.505313311335634,43.38063425672666,42.02834951520485,41.045254732617124,30.09831223849253,42.82876474784837,44.69029130655766,0.11849779952220257
5775,43.49007334587771,43.30123603828015,41.72511135284451,41.539605403004266,20.281257978930974,42.74112120929571,44.67505134109974,0.1184977995222027
5776,43.50173108066548,43.38926316420569,41.911204101483406,41.520693075060414,31.92219544102406,43.00439487688266,44.686867565206754,0.11851364845412733
5777,43.53057074214114,43.395342283110125,41.925603615607265,41.16377155837737,34.90912810984447,42.980921356363226,44.71570722668241,0.11851364845412732
5778,43.486707649262726,43.333196007187034,42.08160055170164,41.586208517467284,33.67320567171079,42.90555554333699,44.671844133804,0.11851364845412728
5779,43.48649228700682,43.330170609612246,41.82804511478307,41.60451587413139,18.092450945468286,42.909756067679346,44.66517222925774,0.11786799422509257
5780,43.51408022047195,43.33576505832924,41.32119957020811,40.58970350497718,24.8117049939053,42.621031027445476,44.69001694523253,0.1175936724760574
5781,43.4990265250709,43.383903079848324,41.805108093275,41.473925657608326,27.290772826261446,42.815804813650225,44.67496324983148,0.11759367247605731
5782,43.50861021822967,43.346157362230265,41.784781696995346,41.099251865247346,32.29432230809815,42.875050919648075,44.684546942990245,0.11759367247605741
5783,43.511016177991884,43.362705354266645,41.654533593779234,40.96704139934731,25.566548453731407,42.61867979001387,44.68695290275246,0.1175936724760574
5784,43.516981801488136,43.41182754350313,41.9984958361142,41.717221231486945,31.958118940474403,42.812677833333254,44.69291852624871,0.1175936724760575
5785,43.50483088448139,43.40572960428223,41.80414908017458,41.427751364309344,25.364758569054636,42.78669205735683,44.68076760924197,0.1175936724760574
5786,43.49775902867899,43.36664995435383,41.85762496979016,41.33610535493265,32.407450743896284,42.966196639026265,44.674322367304235,0.11765633386252462
5787,43.49798839587442,43.35853748511987,42.183739280895146,41.63968498706111,33.36699065687022,42.924495722021156,44.674551734499666,0.11765633386252458
5788,43.48843420181259,43.380688307386905,42.220762393028004,41.861579247276886,27.69367516648314,42.8837192711548,44.66499754043783,0.11765633386252461
5789,43.49424432010696,43.265378986072506,41.82019916294408,41.10064453254064,28.710942453288446,42.66175154438744,44.6708076587322,0.11765633386252455
5790,43.50279266307979,43.352530375547424,42.041599251879106,41.35532893660884,30.80323873843768,42.86085039731689,44.64922684501203,0.11464341819322395
5791,43.537907418154255,43.41347025563201,41.936165051917804,41.3160410280851,30.3740563947063,42.925559041763385,44.6843416000865,0.11464341819322409
5792,43.528428263006425,43.37304965271619,41.70839150267318,40.846349231498515,27.887323218765772,42.80555687133416,44.67486244493867,0.11464341819322403
5793,43.55318771732716,43.354012337095526,41.96751373777452,41.75838416970611,24.480027282727644,42.83617608471641,44.699621899259405,0.11464341819322396
5794,43.53763381979205,43.36325860362244,41.780985569822995,41.10778491833214,25.731998050093818,42.84503269173622,44.68406800172429,0.11464341819322407
5795,43.55267828771432,43.45134523685416,41.53099508444188,41.50112287447929,5.233668628672646,43.04389382135372,44.699112469646565,0.11464341819322398
5796,43.56028788927975,43.36351360427726,41.78309548548128,40.89484357591846,34.615185650013075,42.167622840026276,44.7055826529813,0.1145294763701547
5797,43.542074339750094,43.39716552626579,41.572348922967244,40.96054267571425,24.30987328061522,42.8028264480222,44.687369103451644,0.11452947637015491
5798,43.53880820848687,43.36036600286807,41.559192636037544,40.48808994672635,27.931800851794783,42.730711000869995,44.68410297218842,0.1145294763701548
5799,43.535896010164684,43.42008657954955,42.22026539971677,41.458381631610834,34.77509300756978,43.1203870382206,44.681190773866234,0.11452947637015484
5800,43.53088571780491,43.3615656378496,41.7853805988963,41.193256216339435,27.837823732087653,42.526021230799515,44.68688807096958,0.11560023531646735
5801,43.51064846859026,43.32931175354708,41.59452374355077,40.700405779423484,27.051732692245785,42.6470634236032,44.69977169718066,0.11891232285903963
5802,43.494789931034795,43.26649637273223,41.93447570499671,41.37593252532689,32.08520657881357,42.72455514715777,44.68391315962519,0.11891232285903966
5803,43.49118831803543,43.363874512881765,41.42235558539807,40.85831136552984,5.171340340219352,42.58199926496951,44.68031154662582,0.11891232285903966
5804,43.50136275939567,43.29650016926971,41.60999260250873,40.77986892918212,25.190498450432422,42.729463137521904,44.690485987986065,0.11891232285903973
5805,43.52897925918033,43.39211536880278,41.86322965488038,41.42011616157848,20.39847238348214,42.763987916123924,44.71810248777073,0.11891232285903953
5806,43.48852420574134,43.311405601491174,41.49601760806052,41.10704436550664,27.702244345014456,42.713934918738374,44.67764743433174,0.11891232285903965
5807,43.497897335583836,43.35789731587876,41.53351513185162,41.24489551990076,18.593267252402093,42.48677375042986,44.68702056417423,0.11891232285903956
5808,43.4910102535051,43.346183133626376,41.75926792778465,41.1042878380862,26.73316669306251,42.5546639469473,44.6811443161579,0.11901340626527968
5809,43.48713002997728,43.32806247942443,41.81683878058347,41.0914720460356,32.24177345851649,42.75461116515199,44.67741897429197,0.11902889443146877
5810,43.48144739918567,43.34786894183794,41.591989165576386,41.168023242169475,19.71269656090396,42.62298665662538,44.671736343500356,0.1190288944314688
5811,43.4657911784381,43.350172544162184,42.048478063926,41.81839756812495,30.268473428820393,42.88820691939328,44.65576389498678,0.11899727165486713
5812,43.487840859207445,43.361760021619304,41.96256745417602,41.69672341722219,17.124411285173558,42.895497419193894,44.67781357575612,0.11899727165486715
5813,43.4939795466752,43.357330248772,41.91641011844238,41.260473490413546,32.947990370828016,42.84082359252681,44.68395226322387,0.11899727165486712
5814,43.481019416262434,43.28818262410376,41.589064339189164,40.68407032988502,29.272709306218538,42.502055068618574,44.67099213281111,0.11899727165486709
5815,43.47526639320505,43.216010686219086,41.68744861930838,40.898489598706064,31.903626129436134,42.56341756690634,44.66523910975372,0.11899727165486713
5816,43.48761568501841,43.36612603914177,42.070427919685514,41.37384624213294,33.982846546225936,42.90000649749163,44.677588401567085,0.11899727165486707
5817,43.49657282919218,43.32117909586904,42.00520795123561,41.72665777910222,29.10349000306923,42.95850356820784,44.686545545740856,0.11899727165486715
5818,43.487345044748004,43.26292237864952,42.09763727958576,41.806540500021924,31.4964243864749,42.88621235309182,44.67731776129668,0.1189972716548671
5819,43.49399993959347,43.40403573925591,41.87828072844956,41.78169274523154,27.7827982787235,43.0830689085687,44.683972656142146,0.11899727165486709
5820,43.490753241790415,43.35216257340593,41.49208130403287,41.070520793021146,20.574478151199322,42.72592278762616,44.68072595833909,0.11899727165486708
5821,43.49019233960829,43.36788566246705,42.15360090425578,41.600541937830734,32.39203418027223,42.866024123024,44.68048128392298,0.11902889443146883
5822,43.484852500603054,43.27130000179247,41.69248286135699,40.68082279135778,31.89093316412167,42.61324271192194,44.67514144491774,0.11902889443146879
5823,43.4963998106964,43.352112989687264,42.389454171281976,42.267378502652996,30.59596873186741,43.09114781988161,44.68668875501109,0.11902889443146873
5824,43.50612413961042,43.36119846665744,41.66381400138754,40.942682248362246,33.55893064605879,42.56437032348918,44.69641308392511,0.11902889443146883
5825,43.500130329396356,43.31506233019421,41.505282630462794,40.54890626005755,23.028372096622235,42.821548020093914,44.69041927371104,0.1190288944314688
5826,43.49504331185574,43.28472068074208,41.79271019258839,41.38453920599999,25.355263244390795,42.63021021655571,44.661900807634055,0.11668574957783198
5827,43.51361652053888,43.30570809003896,41.36836894633994,40.8749315956711,13.976095884148865,42.66509121371999,44.680474016317206,0.11668574957783207
5828,43.49808697449941,43.299361847187285,41.348226922812366,41.028837548735105,-11.582679701513811,42.81623583659089,44.66494447027773,0.11668574957783208
5829,43.51664665746117,43.42395552989295,41.93837648037714,41.21139265830636,30.661742967480738,43.0688497395462,44.68350415323949,0.11668574957783197
5830,43.53114204365273,43.336791828040674,41.562377169568684,40.83392355679956,30.694600024411255,42.679160844348075,44.699373581406064,0.11682315377533325
5831,43.53181761124344,43.40281616806932,41.93967850512354,41.32211160271472,25.42778832972331,43.059322268354904,44.700049148996776,0.11682315377533323
5832,43.506615839841295,43.37343251409592,41.3906785874793,40.64421851014229,25.52141786871691,42.76009278903939,44.67484737759463,0.11682315377533332
5833,43.53140042474112,43.39410361413946,41.9023848595055,40.850068245316,34.80643423510081,42.65833670272038,44.7060885047848,0.11746880800436792
5834,43.53119156421447,43.42621197533863,41.75182387746174,40.87003484739477,27.838327200721007,42.93001182955163,44.70587964425815,0.11746880800436794
5835,43.51583977097921,43.31520265040839,41.457885700304445,40.8344948267464,18.26258208169056,42.7209717035457,44.69052785102289,0.11746880800436793
5836,43.52816930554722,43.24901255948856,41.97256554988274,41.383503101033206,26.95567572690852,42.60954502252862,44.7028573855909,0.11746880800436788
5837,43.50579707929913,43.40030620523161,42.06442801717315,41.283114933887376,32.687210122732935,42.88087481345739,44.68048515934281,0.117468808004368
5838,43.52806266336672,43.400171787816525,41.714558323221425,40.79648632471236,27.376936495742957,42.909575686252325,44.7027507434104,0.11746880800436801
5839,43.5156470293402,43.38723682077264,41.766327603185864,41.45562501611746,19.796410232350443,42.69959827623212,44.69033510938388,0.1174688080043679
5840,43.52826917252618,43.338356991306775,41.60716243102743,40.61132244393036,27.685517719177398,42.522375861758,44.70295725256986,0.11746880800436794
5841,43.518859569090246,43.302412055535015,41.90950395788135,41.2725569547347,29.559313144115936,42.68535469744731,44.693547649133926,0.1174688080043679
5842,43.50640323373178,43.35344305505261,41.839525181025614,41.93044977182459,-11.622152835683373,42.93895517712472,44.68109131377546,0.1174688080043679
5843,43.51567309299134,43.40651723695668,42.183554954451644,41.76139759065849,33.714364597741586,42.878576220032755,44.69036117303502,0.11746880800436788
5844,43.49071455415116,43.384878140180156,41.6984067918793,41.08412975402449,27.520319381749367,42.837147161793595,44.66540263419484,0.11746880800436799
5845,43.53076728806659,43.40192419400995,41.86593073773724,41.584750451538746,15.864658480090277,42.95202209824909,44.70545536811027,0.11746880800436793
5846,43.509948738823766,43.27994308852372,41.9555439618915,41.51821600881892,34.67683089113165,42.58241585687787,44.684636818867446,0.11746880800436793
5847,43.506551182788,43.407195841156565,42.302864245428104,42.042157773972804,34.71221124117719,42.98732132784197,44.68123926283168,0.11746880800436794
5848,43.52806799628369,43.3686268371767,42.30287084252547,41.77129312575039,33.58674082369551,42.946864225968454,44.70275607632737,0.117468808004368
5849,43.5189881513508,43.299019338307865,41.3030129197649,40.619717219046315,28.268432172636047,42.32021567503335,44.69367623139448,0.11746880800436801
5850,43.51913665994021,43.37772256938258,41.99559894236944,41.72375931885277,23.402655681917384,42.99073740611374,44.69382473998389,0.11746880800436789
5851,43.515914475525065,43.41628047219671,41.80542219944849,41.39816035438803,30.31953764244249,42.701444910394315,44.690602555568745,0.11746880800436797
5852,43.50881947480963,43.26609251488208,41.388197439620704,41.035110276990814,-0.10882548518067381,42.76003624753314,44.68350755485331,0.11746880800436804
5853,43.49943729104034,43.313235599592105,41.99861193635352,41.218456260422464,34.762331797741936,42.726995760466004,44.686387696063896,0.1186950405023562
5854,43.531151988543186,43.39668115701501,41.54118304115497,41.45821818618347,16.99033395381762,43.08252419058141,44.715166917799294,0.11840149292561065
5855,43.51237550042067,43.36106121889889,41.749324351771975,41.448926650414535,24.847318381032387,42.6578337904548,44.696390429676775,0.11840149292561057
5856,43.51820297954332,43.37094469659805,42.04069367178482,41.45149357395967,33.234094698069526,42.81963363136345,44.702217908799426,0.11840149292561065
5857,43.493235978465094,43.35090076204298,42.00176758814491,40.979649361311,36.62878983449213,43.03492748782061,44.6772509077212,0.11840149292561063
5858,43.521392745723176,43.37238602891356,41.8622223458476,41.50134574602116,32.214714842420435,42.69772728588958,44.705407674979284,0.11840149292561063
5859,43.52107498022309,43.32276007859756,41.672736644680604,40.98585003432607,31.13933517748774,42.724454983489096,44.7050899094792,0.11840149292561063
5860,43.51857539929055,43.29713890854425,41.69063527618282,41.25322120197787,24.518873571933653,42.86635389831531,44.702590328546655,0.11840149292561061
5861,43.51490236188597,43.346729490013026,41.87832767549228,41.36257409285575,33.44034471667521,42.62424327835801,44.69891729114208,0.11840149292561071
5862,43.48705239521972,43.30074239719937,41.91334122831438,41.28895519242252,25.194689147162414,42.78312959125256,44.67106732447583,0.11840149292561068
5863,43.51190687055659,43.39267932004299,41.9361546673545,41.2116986488795,10.372862322680838,42.949050120042486,44.695921799812695,0.11840149292561077
5864,43.50852283517679,43.26723956865151,42.2789775661863,41.78565625075869,33.89678852927622,42.922102141408445,44.6925377644329,0.11840149292561064
5865,43.5148961530087,43.3850337483437,41.539858262247655,40.73141248735275,31.917046748140166,42.48257039298842,44.69891108226481,0.11840149292561064
5866,43.521264796176936,43.374588540072445,41.95112711069197,41.45561530074651,32.207095638807104,42.687221574018224,44.705279725433044,0.11840149292561056
5867,43.50899194096751,43.39685606761434,42.02429497112271,41.92101850261617,27.705541107734525,43.05749780534106,44.69300687022362,0.11840149292561081
5868,43.486718092148266,43.40627568631484,41.78591787408451,41.60287817156862,13.791623416173525,42.92591695485039,44.670733021404374,0.11840149292561071
5869,43.51814271663391,43.391445690188235,42.08539509009154,41.66839974042125,27.222364424802468,42.96627366212274,44.70215764589002,0.1184014929256107
5870,43.50850839892961,43.32311323747174,42.05758054636949,41.40930894388313,34.51402005905439,42.799703843458865,44.692523328185715,0.11840149292561071
5871,43.49002886072032,43.3379619716692,41.95852891212331,41.33179850284313,24.008017715728805,42.654846396744546,44.67404378997643,0.1184014929256107
5872,43.50987662417721,43.4164952244192,41.80280535632584,41.368242576070685,18.531057879411478,42.90818026252266,44.69283850815095,0.11829618839737419
5873,43.49106662173356,43.34776179529158,41.54275098635023,40.9134251673663,20.07557114152087,42.56107088352398,44.6740285057073,0.11829618839737421
5874,43.50356688281854,43.36609439649338,42.04054771125272,41.80330436273118,27.959367661165743,42.84328405047186,44.686528766792286,0.11829618839737432
5875,43.52904106613734,43.416329589576954,42.14104453661102,42.01724034013284,13.780397409930544,43.0538591435175,44.71200295011108,0.1182961883973742
5876,43.51875417393235,43.35325697360278,41.94748128722494,41.32683145463478,34.13578916001765,42.65050144959588,44.70171605790609,0.11829618839737417
5877,43.507327725162085,43.37551728142701,41.99065374302688,41.74111175845456,22.71792099959795,42.9638531952031,44.695908949602874,0.11885812244407899
5878,43.4921823435428,43.287363588040506,41.63871983646757,41.36926600558549,2.6914964053128756,42.660155461499016,44.68076356798359,0.11885812244407883
5879,43.49363544654851,43.376131729682655,42.043099530072745,42.158030890181884,21.072959621645353,43.02776807456961,44.68063177779684,0.11869963312483271
5880,43.49039635071526,43.34248255738301,41.98717252947385,41.01078932632157,33.3437938107747,42.88531876395278,44.67739268196359,0.11869963312483281
5881,43.52763085339983,43.37315517076715,41.782745150634135,41.265918532359876,21.778692621670714,42.879292801014444,44.71462718464816,0.11869963312483288
5882,43.51733424772048,43.42894266109354,41.987009571535424,41.21662926911999,29.569589138778014,42.76319425719193,44.67399796555551,0.11566637178350307
5883,43.52035812791969,43.41808070135613,41.70386189323575,41.12870877117775,30.647942083245976,42.70671769870198,44.67702184575472,0.11566637178350318
5884,43.539910596133346,43.37060513807327,41.675669558575414,41.04995818558761,24.399972201575018,42.87895125078104,44.69657431396838,0.11566637178350309
5885,43.542366077279155,43.42239871417593,42.189184345956306,41.43115954754415,36.56246150380978,43.00340251394795,44.699029795114186,0.11566637178350313
5886,43.51146103723166,43.4167279834733,41.85424901548076,41.00437271686826,32.92355699094712,42.70770157770242,44.66812475506669,0.11566637178350309
5887,43.52681652871128,43.311617456972115,41.59127479974522,41.45904013289937,-10.22837297503255,42.79164466661611,44.68348024654631,0.11566637178350316
5888,43.52715279708606,43.38438287327636,42.296013783537234,41.78517162253497,33.27040167532137,42.85991655849454,44.68381651492109,0.11566637178350311
5889,43.53910105722526,43.36556023839532,42.16441745269164,41.68148791518452,24.94084736660575,43.015327181519936,44.69576477506029,0.11566637178350316
5890,43.54521060863243,43.38155737721327,41.543362395670876,41.16821968831543,22.655810204330724,42.80819293135586,44.70187432646746,0.11566637178350318
5891,43.53350633878005,43.36949447557429,42.19527001505918,41.63047139227881,36.195417625837294,42.670950182561825,44.69006040879547,0.11565540700154177
5892,43.542152022174186,43.345161035183,41.78433948293431,41.1725395637409,27.702044754002255,42.95868419283483,44.6987060921896,0.11565540700154169
5893,43.54597956653216,43.331086820273995,41.83075287782166,41.31410703737962,20.44101984150347,42.663387763183465,44.70253363654758,0.11565540700154178
5894,43.533152984234874,43.414887107321576,41.677828282068106,41.56443245327748,2.958030108497212,42.76149215224594,44.68970705425029,0.1156554070015417
5895,43.54547358575741,43.410119735914606,42.207949703382084,42.13269841951829,23.464396673661824,43.08542964082943,44.702027655772824,0.11565540700154167
5896,43.530190228726084,43.36101013471023,41.679509049721965,41.31066111847763,5.195633802462652,42.75908384541848,44.6867442987415,0.11565540700154162
5897,43.54534320594053,43.42357753662257,41.92751415284377,41.03892543855807,31.27138964708331,42.87048791290053,44.70189727595595,0.11565540700154169
5898,43.551792193157446,43.42563196531716,41.8842311307608,41.83981696986643,24.09983565636328,43.0499773139759,44.708346263172864,0.11565540700154171
5899,43.555082470955945,43.41126528351039,41.7255118580466,41.036333816728565,28.04937648156843,42.7112310280179,44.71163654097136,0.11565540700154173
5900,43.523520293991986,43.36805022221629,41.999365044045206,41.29602707151635,32.98534191995737,42.87560948945098,44.6800743640074,0.11565540700154169
5901,43.55185406041458,43.351502404333836,41.73080336916204,41.12993375701524,31.316011600196788,42.43297690363548,44.708408130429994,0.11565540700154167
5902,43.53311910066661,43.38015413255579,41.353755708397706,40.89236831225319,9.000994196448964,42.62958853616969,44.68967317068203,0.11565540700154171
5903,43.52410967926565,43.306612444724145,41.69545519090787,40.79769212742485,30.083198234133796,42.69929533905943,44.68066374928107,0.11565540700154181
5904,43.53039790921441,43.40017754050929,41.43723582848122,40.62122142287714,30.161882139660747,42.71955887443225,44.685962172478426,0.11555642632640177
5905,43.53739372257509,43.394086944229464,41.639381718312286,40.65298134532842,30.674816584849154,42.82289343191337,44.69295798583911,0.11555642632640173
5906,43.51521038009024,43.401665220105734,41.69912246516697,41.505017672608545,24.999458562684257,42.800913322361026,44.67077464335426,0.11555642632640177
5907,43.51911176012779,43.44044074520316,42.005133808855334,41.56803297023328,32.23913103581118,42.98239912723379,44.67467602339181,0.11555642632640173
5908,43.54717059731672,43.435919157810446,41.92624741820975,41.51361447316707,28.568240547447623,42.93740150712834,44.70273486058074,0.11555642632640174
5909,43.51844935543212,43.34691763668158,42.059819561159905,41.54501362897241,31.235705275403546,42.757738093753716,44.67401361869614,0.11555642632640166
5910,43.5465451730441,43.36983426665384,41.252372454312216,40.98270810466027,24.85762043600099,42.81187347512301,44.70210943630812,0.11555642632640169
5911,43.5187356325961,43.277302387596016,41.462701407727835,40.96889022497861,20.97312152334097,42.565583965574916,44.674299895860116,0.11555642632640165
5912,43.55549733361237,43.3458858591129,41.67376040308649,40.85913312681746,27.444876041373497,42.82908908924461,44.71106159687639,0.11555642632640173
5913,43.5538141991823,43.418447343499096,41.60455274563059,40.64526282101477,20.710302865821475,42.805679965644664,44.718074736882734,0.11642605377004338
5914,43.53211940469389,43.34641146816162,41.402401394442144,40.58859368557471,20.39248163894996,42.84197005891899,44.69637994239432,0.11642605377004343
5915,43.5315878651574,43.40245802880474,41.98677506604914,41.74258090406442,27.687641429075335,42.69345230678792,44.695848402857834,0.11642605377004342
5916,43.51615010894024,43.22217586288042,41.29457094033023,40.52424602950566,24.121264896047027,42.50517107257187,44.680410646640674,0.11642605377004328
5917,43.53449405676053,43.35742162731923,41.62355663443619,40.69981725828667,28.516420326950495,42.66212954666332,44.698754594460965,0.11642605377004338
5918,43.52221152951522,43.375778637719655,41.812686293194496,41.62402803095774,28.477648637763867,42.92035014869555,44.686472067215654,0.11642605377004338
5919,43.516427159032006,43.35589037444634,41.46084492944552,40.73234783418548,31.093133747622772,42.43888755127287,44.681003924498455,0.11645767654664509
5920,43.50917215301138,43.41415678686617,42.00055490322525,41.41280595742718,31.161011222743664,42.84665363859436,44.67374891847783,0.11645767654664504
5921,43.51237542142667,43.3756237360189,42.01850913763478,41.54607602349178,30.75785267833145,42.99889530305584,44.67695218689312,0.11645767654664506
5922,43.53156008132982,43.37269334000135,41.81534794339788,41.28824608525308,24.029133100425785,42.835228714408856,44.69613684679627,0.11645767654664506
5923,43.51904954386578,43.26939658711954,41.51099348079635,41.51089645043028,13.751841047437008,42.86453717115512,44.68362630933223,0.11645767654664509
5924,43.50962003963306,43.4016453446187,41.34821541725965,40.846108967572704,-11.328628677451988,42.83069935690352,44.67419680509951,0.11645767654664516
5925,43.5436826610734,43.43947615378202,41.98047469127099,41.72613347161968,31.13730754057122,42.94030979513961,44.70825942653985,0.11645767654664509
5926,43.530741556282834,43.44271303151092,41.88921870453837,41.455019164088675,28.615396167482753,43.00324036444164,44.69593753638027,0.11651959800974378
5927,43.5155866940308,43.356992439470694,41.79998334453675,41.205599982242354,28.003971443384053,42.60283277523117,44.68078267412824,0.11651959800974383
5928,43.50614248537103,43.35364581979918,41.54556344234962,40.59862132796183,28.629120361629703,42.5578828638203,44.671338465468466,0.11651959800974383
5929,43.533377978411785,43.400849180805565,42.1429326973014,41.80038280751435,21.9572675962261,42.95206338904234,44.69857395850922,0.11651959800974376
5930,43.55959472223767,43.37787525877574,41.83811313433602,41.269738966548275,24.43535498411961,42.8067058880918,44.7020131927484,0.11424184705107335
5931,43.574951986729474,43.440180992636044,41.70728608978273,40.85933394002469,30.427365696532764,42.76268577623449,44.71790187792926,0.11429498911997829
5932,43.558766314412495,43.40025499015387,41.82381006040401,41.33333731175672,20.12689079329312,42.86210423669603,44.70171620561228,0.1142949891199785
5933,43.53384728632926,43.36158757677655,41.709901362483535,40.87799338010688,30.388763968287922,42.71427486710296,44.676797177529046,0.11429498911997836
5934,43.56846241553377,43.35105733702362,41.721801418355646,41.37732986304497,27.849729971943606,42.860623176824035,44.71141230673356,0.11429498911997842
5935,43.55011328122946,43.46251399818352,42.07375547604928,41.413020475129464,34.86247748919743,43.09686242101577,44.69306317242924,0.11429498911997839
5936,43.53410019661362,43.42131685940513,41.858702656828285,41.408326170544186,25.635646680319713,42.91403014751535,44.677050087813406,0.11429498911997835
5937,43.56197955530489,43.446897668470186,41.96438726853605,41.5203375602451,22.9244793371941,43.138161073060786,44.70492944650467,0.11429498911997837
5938,43.54663909180518,43.38909218864209,41.6860918506714,41.38147760841216,27.799355223592432,42.87355828983,44.68958898300497,0.11429498911997835
5939,43.54111264524304,43.45435933625621,41.94646033010925,41.22789101297622,26.518154150710142,42.981552163065956,44.68406253644282,0.11429498911997839
5940,43.56560620645309,43.38232413404531,42.08437620172832,41.33101521875521,32.46877575976795,42.85608756198783,44.708556097652874,0.11429498911997832
5941,43.56566768416097,43.36484815826505,41.704981717761264,41.273454342317635,13.987116919815907,42.89838466298423,44.708617575360755,0.11429498911997839
5942,43.56191905569453,43.43016100553489,41.48192733411359,41.37612907442053,20.15186002309925,43.00185173938518,44.704868946894315,0.11429498911997843
5943,43.53114698760039,43.42163241140327,41.74372970330294,41.478833685778866,26.290130148304232,42.827038541198824,44.67409687880017,0.11429498911997842
5944,43.55954360696058,43.38731443605624,42.00408362392225,41.62318360109821,24.64513518995349,42.765130827243446,44.702493498160365,0.1142949891199785
5945,43.54077638165153,43.43776438728272,41.642551757496065,41.17434259436257,24.57793108599924,42.81502272933929,44.68372627285132,0.11429498911997844
5946,43.56006429527537,43.453879568218646,42.29577958216601,41.79164778059988,32.18154877830858,43.0534808501221,44.70301418647515,0.11429498911997844
5947,43.54697134355814,43.35622929819619,41.94083604733894,41.41985977655477,30.07019285739318,42.89541667335571,44.689921234757925,0.11429498911997849
5948,43.55356788079668,43.432387442542954,42.295210822891626,41.62866476406787,35.492399516379656,43.04215487557894,44.69651777199646,0.11429498911997835
5949,43.5679073715498,43.37687529197174,41.415428004993366,40.815224238640155,24.68542175307915,42.77860946761024,44.710857262749585,0.11429498911997846
5950,43.55933299446505,43.405865948610824,41.9340999231598,41.51916419213045,30.858042487877658,42.883512019236576,44.702282885664836,0.11429498911997832
5951,43.550145933500794,43.38812838177906,41.73148894590083,41.88242417427038,5.09113848499149,42.96686613216389,44.69309582470058,0.11429498911997837
5952,43.537645221827674,43.35240913797025,41.83453319980308,41.3804386352507,30.620313827670202,42.82680250955998,44.68059511302746,0.11429498911997842
5953,43.543270908852016,43.33333623046117,41.85684723586161,41.565349757385846,28.52855674734062,43.004772536575814,44.6862208000518,0.11429498911997837
5954,43.52819223154732,43.37704807395902,42.24495059209422,41.786485416424014,28.495907867920128,42.75395633301427,44.671142122747106,0.11429498911997836
5955,43.5402411766952,43.446775643104694,41.92967833735258,41.59793193421388,31.433401725944584,43.05080990661128,44.68319106789498,0.1142949891199784
5956,43.54354426909449,43.36965077278749,41.98952031863336,41.23653096762445,30.145233770232494,42.909524286934506,44.686494160294274,0.11429498911997843
5957,43.577975392499624,43.46247203508824,41.85060777869604,41.74699757628071,13.832970290707586,43.12062996355665,44.72092528369941,0.11429498911997842
5958,43.552803888800916,43.41208843003484,41.99439921179177,41.13994536326264,31.29115169091896,42.76238201642726,44.6957537800007,0.11429498911997842
5959,43.559565632129456,43.412574785681265,41.66728629479016,41.14901373482207,23.363495232386803,42.82845316055639,44.70251552332924,0.11429498911997839
5960,43.55602124149992,43.398736255257205,41.56195672245915,40.878626281474695,26.491014247698537,42.71660248459651,44.698971132699704,0.11429498911997839
5961,43.52750816254481,43.325617056051954,41.63374872213363,40.7982201972633,29.641283542973053,42.4211214518527,44.670458053744596,0.11429498911997833
5962,43.57131152693439,43.28538781100425,41.61279488358302,40.79231152120675,32.70229992010176,42.45704187590554,44.71426141813417,0.11429498911997844
5963,43.54792369293917,43.39402965759591,41.60731397668917,41.48535638181653,18.552859590262024,42.71237570834569,44.692820852789744,0.11448971598505732
5964,43.5355044939052,43.421059747106916,41.98001050874186,41.66709861960516,30.402998196919185,42.840222457570206,44.68040165375577,0.11448971598505732
5965,43.54168814172892,43.43287470384901,41.64248554879869,41.619058679770106,5.194351948570542,42.919910436659364,44.68658530157949,0.11448971598505732
5966,43.535248010768036,43.349773876752586,41.47025938233322,40.39000612204905,27.93032058344792,42.89402801147204,44.68014517061861,0.11448971598505736
5967,43.56430770995461,43.413933803060246,41.90446067282507,40.97250206324347,31.747373573254038,42.774147419974916,44.70805671618369,0.11437490062290774
5968,43.53983346856447,43.40780228764492,41.53908522004025,41.589227344400875,-11.774084398225483,42.7806980788948,44.683582474793546,0.11437490062290759
5969,43.552253459569584,43.40920348099956,42.16201230450424,41.8480157614835,33.74397890968824,42.769329755389734,44.69600246579866,0.11437490062290752
5970,43.54272762856915,43.38089183405521,41.73897203010612,40.93179123268997,33.581276028676825,42.65121498318875,44.68647663479823,0.11437490062290762
5971,43.55541884944414,43.436987454497945,42.178115320564324,41.74113994064639,33.057305459213666,43.02455868286254,44.69916785567322,0.11437490062290757
5972,43.55214223795339,43.37710530208772,42.10109153203844,41.623276232738334,35.91229416220959,42.91181220376275,44.69589124418247,0.11437490062290763
5973,43.539738499910115,43.32666317302851,41.61360345356979,41.32641395341378,22.900507191573205,42.69132632308394,44.683487506139194,0.11437490062290759
5974,43.54593452026241,43.40196674944257,41.89749124244181,41.34194435658631,33.07929370722171,42.889537158549565,44.68968352649149,0.1143749006229076
5975,43.56743542466562,43.42311695469637,41.54570882775628,40.94508970007455,28.370989745968817,42.589382265308345,44.7111844308947,0.11437490062290759
5976,43.53659154354503,43.43943217964474,41.6008672153471,41.168046274262586,28.62131954582641,42.75073689924933,44.68034054977411,0.11437490062290763
5977,43.54580233906982,43.40608018227041,42.0686287611196,41.695617221940694,28.608780736204782,42.832737472889434,44.6895513452989,0.11437490062290759
5978,43.539713285097584,43.45589790063712,41.80283541407587,41.498311651711155,10.44673773876066,42.89663140828919,44.68346229132666,0.11437490062290759
5979,43.55512593569641,43.425249981587996,41.59208196236976,41.4136567104642,13.785672443474809,42.819288515618204,44.69887494192549,0.11437490062290764
5980,43.561290945615504,43.40209236931482,41.707550582047006,40.97700633391807,8.445851604054582,42.74529782163698,44.70503995184458,0.11437490062290762
5981,43.55175427023047,43.41396931860041,41.67797398205307,41.220638753244266,26.507884298415643,42.80211477960476,44.69550327645955,0.11437490062290767
5982,43.56120040057368,43.40639214554729,41.60565819658128,40.85531044709581,26.409622747917172,42.56286622628007,44.70494940680276,0.11437490062290763
5983,43.540394839723945,43.34340942301013,41.748574495338886,40.873089474804175,30.233887059960686,42.61464963624603,44.68414384595302,0.11437490062290753
5984,43.54871098213907,43.38327540629968,41.58948316452712,40.32206378355674,32.54714535807911,42.783891038708525,44.69245998836815,0.11437490062290764
5985,43.567972211700194,43.30215402369999,41.16574207562761,40.98463110558073,-10.997641300362488,42.58605080342447,44.711721217929274,0.1143749006229076
5986,43.53671205744993,43.413445165516876,41.9365278756003,41.41108660442644,28.491272554104555,42.9533286064983,44.680461063679004,0.11437490062290756
5987,43.53077132453159,43.38724389078407,42.02061394336522,41.34421225316145,30.882539232397683,42.80020198819018,44.67452033076067,0.11437490062290764
5988,43.53300337317615,43.33997065770219,41.39156874187271,41.32500700797912,-11.310133225896294,42.60310879851213,44.67675237940523,0.1143749006229077
5989,43.53721898062171,43.42998110321656,41.78602274871742,41.39954260633867,28.86559520295183,42.910793430077455,44.68096798685079,0.11437490062290759
5990,43.53384531055268,43.41914026196784,41.59842169152177,41.39495993485979,27.75840363769009,42.60275151476862,44.67759431678176,0.11437490062290762
5991,43.536754400866656,43.40904688297284,41.77479440293369,41.43391288073663,29.129927059825725,42.80795116654093,44.68050340709573,0.11437490062290756
5992,43.552087583902185,43.373996353695865,41.897772990397364,41.356215433964834,29.677316069969876,42.78478292574192,44.695836590131265,0.11437490062290767
5993,43.53052716936091,43.31821080904547,41.68044254461535,41.47985724524533,24.471348665627104,42.97726662535486,44.67427617558999,0.11437490062290759
5994,43.54276431247793,43.358035462938936,41.40917312117163,40.88425695880678,26.821925339423537,42.81437532602516,44.686513318707,0.11437490062290753
5995,43.53995394749441,43.387080703958624,41.82242757950707,40.97584556515055,30.071482298527094,42.78130135087764,44.68370295372349,0.11437490062290759
5996,43.53958527499741,43.386827891256715,42.10601435904677,41.55568221630927,30.60364747147915,42.91248111383081,44.683334281226486,0.11437490062290756
5997,43.551893026778124,43.40948970011832,42.14782655927722,41.68296037974954,32.31043760178422,42.89015782027448,44.6956420330072,0.11437490062290762
5998,43.55834157809925,43.41924923536212,42.033992713428354,41.38608754279081,30.064526050621364,42.79853008912746,44.70209058432833,0.11437490062290762
5999,43.555699551317375,43.459219050316804,41.87427306242024,41.3210033343448,30.662755985779334,42.94423877455708,44.69944855754645,0.11437490062290756
6000,43.57688360700926,43.41044930083008,42.07053387982467,41.34827902711379,33.292615963956024,42.86020542965765,44.72063261323834,0.1143749006229076
6001,43.53020873108145,43.35746355519939,41.06217134582411,41.46681629537722,-11.602089954220837,42.81868145856393,44.67395773731053,0.1143749006229076
6002,43.54575112890337,43.39970522964965,42.12097909022493,42.195814345718105,27.72593179616586,42.9141956342698,44.68950013513245,0.11437490062290767
6003,43.524166170181424,43.4172369054314,41.95661904973124,41.46372316267341,23.73179759357409,42.9267018036756,44.6679151764105,0.11437490062290757
6004,43.530399600601456,43.34367639240561,41.61132752990569,40.54292206100381,29.434814423418224,42.69945491580812,44.674148606830535,0.11437490062290756
6005,43.56121247074694,43.35608221197779,41.270306385442254,40.97399799655331,-11.538701483081525,42.72552247739294,44.70827278819084,0.11470603174439023
6006,43.5236831288713,43.42786567207853,42.25057482385022,41.93118589162405,28.373415328365997,43.012191015190865,44.6707434463152,0.11470603174439023
6007,43.54513865422065,43.449828071154826,42.34325620515464,41.82874178011566,32.91242433249462,43.109347367684144,44.69219897166455,0.11470603174439012
6008,43.53311263058996,43.39886742340003,41.71926649824946,40.9087504865132,24.09948744088838,42.78385531530816,44.680172948033864,0.11470603174439017
6009,43.536382958915546,43.3825473125458,41.951984274653604,41.830169474111784,29.175285806062217,43.10596313556203,44.68344327635945,0.11470603174439017
6010,43.5364275422481,43.31243925719467,41.37988512027368,40.63845928833297,23.87242933284223,42.78229854443906,44.683487859692,0.11470603174439022
6011,43.57031897683698,43.165337436512836,40.94443919799594,39.759492478062185,21.067345629795078,42.201944990122286,44.71737929428088,0.11470603174439022
6012,43.54546573518926,43.433827519950384,41.786190106122184,41.12937567053726,31.44536556461494,42.83257527992918,44.69252605263316,0.11470603174439026
6013,43.51768279770008,43.39579430464627,42.115710434663804,41.465600195444416,31.807456967746877,42.94795393238936,44.664743115143985,0.1147060317443902
6014,43.533300231827916,43.461444344061896,42.03297291136769,41.529597673826025,31.224383415874367,42.95528541725827,44.68036054927182,0.11470603174439016
6015,43.54250594327303,43.41850676829812,41.74128687932983,41.28850435246392,28.678797349393157,42.87945847435838,44.68956626071693,0.11470603174439016
6016,43.51949879163049,43.42800462022068,41.87946902998811,41.11971872318283,31.00674667104519,42.794195662150884,44.68310043039397,0.11636016387634808
6017,43.51973234092011,43.37606103595725,41.724098570509106,41.29053308945728,29.916654931781718,42.74343739212266,44.68333397968359,0.11636016387634808
6018,43.52351029907406,43.415022505203744,41.85714287045839,41.66881290730211,21.302803459805006,43.03972801252938,44.68711193783754,0.11636016387634808
6019,43.49764595317417,43.404943723958084,41.746480777250774,41.23848241761801,24.278029919806404,42.70478684278459,44.66124759193765,0.11636016387634816
6020,43.529134840852294,43.30037629964017,41.91723041794376,41.872207096976915,24.554241170672462,42.857113488673676,44.692736479615775,0.11636016387634815
6021,43.52522337956316,43.35125264424391,41.5514548967154,41.00845407816399,26.6292007592495,42.38221831464833,44.68647011886421,0.1161246739301051
6022,43.53928022359517,43.39794047213707,41.90330924434899,41.01160794439644,34.38734208859486,42.845400569602376,44.69917800001363,0.11598977764184598
6023,43.554524759102804,43.35016086352504,41.86556732859814,41.508716334137,29.99801840501649,42.88835224407596,44.714422535521265,0.11598977764184593
6024,43.53920984289534,43.41338452571387,42.056185782548724,41.455251042652066,27.69286655168736,42.879541084039474,44.6991076193138,0.11598977764184591
6025,43.524121695480865,43.3922431740929,41.86780309442817,41.105454563806994,27.129848385979642,42.7193273398582,44.673830727611595,0.11497090321307306
6026,43.54024262959366,43.40237226429922,41.9386723589204,41.531550132194944,26.922825402059786,42.885416695581824,44.68995166172439,0.11497090321307304
6027,43.53677667017854,43.40227454999333,41.73231963222259,40.83422801946067,30.743820405360545,42.87401041140471,44.68648570230927,0.11497090321307306
6028,43.50568755758993,43.373696999342776,41.90296966936695,41.40554670661814,31.616208980073807,42.93015959539735,44.65539658972066,0.11497090321307302
6029,43.52752766738617,43.27445719952419,41.424941335098616,41.04130388657075,10.394397627807571,42.704279982755544,44.6772366995169,0.114970903213073
6030,43.52748794712259,43.43415911798494,41.21802280824815,40.58474506924769,17.05210286134756,42.69008563645059,44.67719697925332,0.11497090321307307
6031,43.5148186888905,43.30291745807983,41.38776311583254,41.13672659913874,-10.993594629310827,42.78470810469348,44.66452772102123,0.11497090321307304
6032,43.53386750946111,43.4364133282524,42.15914908362295,41.629504203681336,27.84788384284357,42.957914168299034,44.68357654159184,0.11497090321307304
6033,43.53632346106156,43.34072043137905,41.99990994166056,41.748047750567835,31.209457300032298,42.76965475436867,44.68603249319229,0.11497090321307304
6034,43.5370311312228,43.40442209620299,42.16795562843801,41.497274122999436,35.59523870399421,42.88267525873995,44.68674016335353,0.11497090321307306
6035,43.5334001627155,43.420927544414894,42.0052669325761,41.414489378288465,31.593977676899478,42.920701106965666,44.68310919484623,0.1149709032130731
6036,43.55277028395716,43.36679349685851,42.055711311218865,41.40776129296843,32.98676994926872,42.891172749662616,44.70247931608789,0.11497090321307296
6037,43.54885668215005,43.33724146580193,41.69963290311028,40.92418096706605,28.486119733171442,42.744179413230235,44.69856571428078,0.11497090321307303
6038,43.539995195610096,43.34895539399134,41.84757784142552,40.97596320333974,33.840015515326,42.604438472456465,44.686392916526,0.11463977209159054
6039,43.53105191863077,43.38934434526798,41.91778023999612,41.068417124084725,31.0676644159256,42.678818502686724,44.67744963954668,0.11463977209159042
6040,43.536837353576274,43.41504327426256,41.97768351105496,41.21726303982193,29.368821706850277,42.78519545928101,44.68323507449218,0.11463977209159042
6041,43.54838602966413,43.3800948806281,42.0918118120714,41.434301930434316,29.901653059802264,42.728518002396385,44.686965365618605,0.11385793359544777
6042,43.57042577663878,43.42784036425483,41.55645441046823,41.18213842101113,10.608935646996464,42.94113513036753,44.70900511259325,0.11385793359544767
6043,43.54510954096919,43.36036122525473,42.28690359264274,41.82452514626925,36.189702497030616,42.92219751012562,44.68368887692367,0.11385793359544767
6044,43.557357020269485,43.46058551843765,41.9702990578627,41.008998492138225,25.514383318673932,42.854449186502,44.69593635622396,0.11385793359544776
6045,43.54826528142235,43.423163667868124,41.773916096111975,41.44985975405183,26.86601557049887,42.862413223750686,44.68684461737683,0.11385793359544762
6046,43.54197100347081,43.356580837819,42.124552109446995,41.659091149939464,32.399525602050765,42.856614797858796,44.68055033942529,0.1138579335954477
6047,43.5634168889645,43.42608587847623,41.68396413881088,40.95751877719208,18.542249150291326,42.79040221287531,44.70199622491897,0.11385793359544781
6048,43.535530328519414,43.4107448661448,41.95639433651309,41.34899058864928,33.417943941155286,42.8878868484248,44.67410966447389,0.11385793359544769
6049,43.55125705187397,43.355042376331774,42.171296994802404,41.827694976306454,31.436752401184542,42.88447543542932,44.705496816269296,0.11542397643953313
6050,43.56040683387725,43.43287019975047,41.82042107309419,41.46435263159717,27.973889576618923,42.85574894379923,44.71464659827259,0.11542397643953317
6051,43.541259637973596,43.390067525941184,42.13008134279197,41.592006374057206,28.569765350455402,42.71706151194368,44.69549940236893,0.11542397643953316
6052,43.51974151156561,43.376740980288545,41.75150531283906,40.72718175097138,32.820342491531626,42.71811624259932,44.67398127596094,0.11542397643953313
6053,43.541737526254636,43.36462423318566,41.84664242048618,41.017611374495026,27.995201635377626,42.839227957677856,44.69566106288395,0.11539235366293149
6054,43.53589915624708,43.4545749931073,41.84235429298547,41.4040882165406,18.45203011618701,42.88286211396895,44.6898226928764,0.11539235366293155
