Job ID:        9799113
Array task:    15
CPUs:          64
Rayon threads: 64
Hello, world!
Initial population: Some(
    KeyboardLayout {
        left_chord_genes: [
            (
                "L",
                "6RR",
            ),
            (
                "TH",
                "3LL",
            ),
            (
                "M S",
                "8L",
            ),
            (
                "G R",
                "2L",
            ),
            (
                "R",
                "6RR",
            ),
            (
                "G",
                "5R",
            ),
            (
                "T R",
                "6",
            ),
            (
                "S R V",
                "5L",
            ),
            (
                "HH M S",
                "1",
            ),
            (
                "G",
                "7L",
            ),
            (
                "K W",
                "5LL",
            ),
            (
                "IH G Z",
                "8L",
            ),
            (
                "F",
                "6RR",
            ),
            (
                "AH P R",
                "2LL",
            ),
            (
                "T",
                "7RR",
            ),
            (
                "B",
                "4",
            ),
            (
                "R S P",
                "3LL",
            ),
            (
                "UW N V",
                "1RR",
            ),
            (
                "L",
                "8RR",
            ),
            (
                "R Z",
                "3RR",
            ),
            (
                "K R",
                "8RR",
            ),
            (
                "K L",
                "1LL",
            ),
            (
                "G R",
                "8",
            ),
            (
                "D",
                "6R",
            ),
            (
                "AH S P",
                "1",
            ),
            (
                "S",
                "6L",
            ),
            (
                "K",
                "4R",
            ),
            (
                "L",
                "3L",
            ),
            (
                "HH",
                "2LL",
            ),
            (
                "AH K",
                "4RR",
            ),
            (
                "S L",
                "6",
            ),
            (
                "K R",
                "8R",
            ),
            (
                "F",
                "2",
            ),
            (
                "IH L",
                "7RR",
            ),
            (
                "AE K S",
                "3R",
            ),
            (
                "P L Y",
                "2",
            ),
            (
                "S M",
                "7R",
            ),
            (
                "IH K S P",
                "8L",
            ),
            (
                "AO S T R",
                "4LL",
            ),
            (
                "IH F",
                "7R",
            ),
            (
                "S T R",
                "5R",
            ),
            (
                "S W",
                "3L",
            ),
            (
                "TH R",
                "2LL",
            ),
            (
                "K W",
                "2",
            ),
            (
                "G R",
                "3LL",
            ),
            (
                "D L",
                "3R",
            ),
            (
                "B Y",
                "8",
            ),
            (
                "T R",
                "2L",
            ),
            (
                "G",
                "6",
            ),
            (
                "K",
                "4R",
            ),
            (
                "K R Y",
                "2LL",
            ),
            (
                "P R",
                "7LL",
            ),
            (
                "TH",
                "8L",
            ),
            (
                "S K",
                "2",
            ),
            (
                "IH G Z",
                "2LL",
            ),
            (
                "AH R",
                "3R",
            ),
            (
                "S",
                "3R",
            ),
            (
                "IH N K L",
                "1R",
            ),
            (
                "",
                "4L",
            ),
            (
                "B HH",
                "1LL",
            ),
            (
                "TH R",
                "8RR",
            ),
            (
                "G R",
                "8L",
            ),
            (
                "S T R",
                "7RR",
            ),
            (
                "S K",
                "6RR",
            ),
            (
                "D V",
                "3RR",
            ),
            (
                "L",
                "5L",
            ),
            (
                "IH K S",
                "4L",
            ),
            (
                "T R",
                "5",
            ),
            (
                "R Y P",
                "3L",
            ),
            (
                "P R P",
                "4R",
            ),
            (
                "IH N T",
                "6RR",
            ),
            (
                "M",
                "6LL",
            ),
            (
                "S T",
                "3R",
            ),
            (
                "IH N V",
                "5",
            ),
            (
                "IH N",
                "7RR",
            ),
            (
                "B L",
                "7R",
            ),
            (
                "P L",
                "7",
            ),
            (
                "EH M P L",
                "1R",
            ),
            (
                "TH",
                "8RR",
            ),
            (
                "TH",
                "1R",
            ),
            (
                "S T",
                "3R",
            ),
            (
                "P L",
                "2L",
            ),
            (
                "SH",
                "2R",
            ),
            (
                "W",
                "3R",
            ),
            (
                "P R",
                "2LL",
            ),
            (
                "P R M",
                "8",
            ),
            (
                "G",
                "3",
            ),
            (
                "IH N S T",
                "3LL",
            ),
            (
                "D R",
                "2LL",
            ),
            (
                "AH B",
                "1RR",
            ),
            (
                "T",
                "7RR",
            ),
            (
                "AH R",
                "5LL",
            ),
            (
                "F R",
                "7LL",
            ),
            (
                "V",
                "3RR",
            ),
            (
                "S T R",
                "4R",
            ),
            (
                "S W",
                "2R",
            ),
            (
                "D",
                "1R",
            ),
            (
                "W",
                "2",
            ),
            (
                "K R Y",
                "2",
            ),
            (
                "HH",
                "6L",
            ),
            (
                "R P",
                "1LL",
            ),
            (
                "T",
                "1LL",
            ),
            (
                "S K S",
                "4L",
            ),
            (
                "T",
                "6",
            ),
            (
                "G R",
                "8LL",
            ),
            (
                "AH S",
                "5L",
            ),
            (
                "K W",
                "3LL",
            ),
            (
                "SH",
                "1R",
            ),
            (
                "K N S",
                "3RR",
            ),
            (
                "W",
                "8RR",
            ),
            (
                "D",
                "3R",
            ),
            (
                "CH",
                "6",
            ),
            (
                "W",
                "4L",
            ),
            (
                "T D",
                "7R",
            ),
            (
                "G",
                "4R",
            ),
            (
                "D Z",
                "2L",
            ),
            (
                "P",
                "7RR",
            ),
            (
                "G",
                "6L",
            ),
            (
                "CH",
                "5",
            ),
            (
                "S M",
                "4",
            ),
            (
                "T",
                "3RR",
            ),
            (
                "AO L R",
                "1L",
            ),
            (
                "AH L",
                "7R",
            ),
            (
                "L",
                "3RR",
            ),
            (
                "IH K S",
                "2L",
            ),
            (
                "IH K S P",
                "6RR",
            ),
            (
                "P R T",
                "6R",
            ),
            (
                "AH W",
                "6L",
            ),
            (
                "N",
                "3",
            ),
            (
                "W TH",
                "7LL",
            ),
            (
                "L",
                "7R",
            ),
            (
                "D R",
                "3",
            ),
            (
                "F",
                "4LL",
            ),
            (
                "P L",
                "3RR",
            ),
            (
                "S K S",
                "5LL",
            ),
            (
                "B T W",
                "5R",
            ),
            (
                "AA P R",
                "4R",
            ),
            (
                "K N T R",
                "5LL",
            ),
            (
                "W",
                "4R",
            ),
            (
                "F",
                "5R",
            ),
            (
                "S K",
                "7R",
            ),
            (
                "F",
                "1",
            ),
            (
                "AH W",
                "1",
            ),
            (
                "W TH",
                "2L",
            ),
            (
                "K M P",
                "1RR",
            ),
            (
                "R F",
                "8LL",
            ),
            (
                "W",
                "6R",
            ),
            (
                "V",
                "6",
            ),
            (
                "D",
                "2L",
            ),
            (
                "JH",
                "4L",
            ),
            (
                "P R S",
                "8",
            ),
            (
                "P",
                "2R",
            ),
            (
                "AH G R",
                "1",
            ),
            (
                "K",
                "3L",
            ),
            (
                "F L",
                "4",
            ),
            (
                "AH N D R S T",
                "2L",
            ),
            (
                "P Z",
                "8",
            ),
            (
                "T D",
                "7R",
            ),
            (
                "AH N T",
                "2",
            ),
            (
                "AH L",
                "2LL",
            ),
        ],
        right_chord_genes: [
            (
                "R K",
                "8R",
            ),
            (
                "SH N SS",
                "4LL",
            ),
            (
                "R OW",
                "3RR",
            ),
            (
                "SH L",
                "3",
            ),
            (
                "M N T",
                "2R",
            ),
            (
                "F",
                "4RR",
            ),
            (
                "N S V",
                "7L",
            ),
            (
                "K N",
                "7LL",
            ),
            (
                "P L",
                "6L",
            ),
            (
                "Z Y",
                "2R",
            ),
            (
                "TH",
                "3",
            ),
            (
                "N D R",
                "2",
            ),
            (
                "Y",
                "5L",
            ),
            (
                "L P",
                "4RR",
            ),
            (
                "N AH",
                "5L",
            ),
            (
                "M N",
                "4R",
            ),
            (
                "K D",
                "2L",
            ),
            (
                "S T",
                "8RR",
            ),
            (
                "",
                "2R",
            ),
            (
                "R D",
                "5L",
            ),
            (
                "K",
                "2L",
            ),
            (
                "K S",
                "7R",
            ),
            (
                "B L M",
                "1R",
            ),
            (
                "S",
                "5LL",
            ),
            (
                "L T",
                "7LL",
            ),
            (
                "N D",
                "6",
            ),
            (
                "L D R",
                "3L",
            ),
            (
                "V R Y W N",
                "6LL",
            ),
            (
                "",
                "1R",
            ),
            (
                "T SS",
                "6",
            ),
            (
                "K Y",
                "8L",
            ),
            (
                "V SS",
                "4",
            ),
            (
                "F",
                "7LL",
            ),
            (
                "S",
                "7R",
            ),
            (
                "B SS",
                "3L",
            ),
            (
                "N D NG",
                "1RR",
            ),
            (
                "T Y",
                "7LL",
            ),
            (
                "N Y N",
                "2LL",
            ),
            (
                "K T D",
                "3R",
            ),
            (
                "SH",
                "3L",
            ),
            (
                "L P",
                "8LL",
            ),
            (
                "K",
                "6RR",
            ),
            (
                "N D SS",
                "5L",
            ),
            (
                "TH R",
                "5R",
            ),
            (
                "NG K SS",
                "3LL",
            ),
            (
                "N",
                "3L",
            ),
            (
                "R",
                "3R",
            ),
            (
                "L T Y",
                "4L",
            ),
            (
                "L D",
                "4R",
            ),
            (
                "R CH",
                "3LL",
            ),
            (
                "L D",
                "5LL",
            ),
            (
                "D SS",
                "3R",
            ),
            (
                "B Y",
                "5RR",
            ),
            (
                "R N",
                "4R",
            ),
            (
                "V D",
                "3",
            ),
            (
                "P SH N",
                "4L",
            ),
            (
                "T NG",
                "3",
            ),
            (
                "M B R",
                "2RR",
            ),
            (
                "S T R",
                "1",
            ),
            (
                "S F L",
                "5RR",
            ),
            (
                "N L Y",
                "4RR",
            ),
            (
                "SH N SS",
                "5RR",
            ),
            (
                "L W EY SS",
                "1LL",
            ),
            (
                "S",
                "4L",
            ),
            (
                "D R",
                "5RR",
            ),
            (
                "S T",
                "5L",
            ),
            (
                "S CH N",
                "6RR",
            ),
            (
                "R NG",
                "7",
            ),
            (
                "V Y",
                "2RR",
            ),
            (
                "L SS",
                "8RR",
            ),
            (
                "L SS",
                "8LL",
            ),
            (
                "TH NG",
                "5LL",
            ),
            (
                "V SS",
                "1",
            ),
            (
                "S",
                "8R",
            ),
            (
                "P L",
                "8LL",
            ),
            (
                "R M",
                "5LL",
            ),
            (
                "L NG",
                "7R",
            ),
            (
                "M AH",
                "1RR",
            ),
            (
                "Z N T",
                "5L",
            ),
            (
                "R T D",
                "6RR",
            ),
            (
                "R Y AH SS",
                "6R",
            ),
            (
                "B L M",
                "5LL",
            ),
            (
                "T N",
                "3R",
            ),
            (
                "K SS",
                "4RR",
            ),
            (
                "L W EY SS",
                "7RR",
            ),
            (
                "P N",
                "2L",
            ),
            (
                "R SS",
                "8LL",
            ),
            (
                "Z NG",
                "7R",
            ),
            (
                "N CH",
                "8",
            ),
            (
                "F T R",
                "7L",
            ),
            (
                "L",
                "7L",
            ),
            (
                "T D",
                "8",
            ),
            (
                "L V D",
                "6R",
            ),
            (
                "T",
                "5LL",
            ),
            (
                "B",
                "3",
            ),
            (
                "M JH",
                "5R",
            ),
            (
                "T",
                "8RR",
            ),
            (
                "T",
                "6LL",
            ),
            (
                "SS",
                "8LL",
            ),
            (
                "M P N Y",
                "8L",
            ),
            (
                "NG SS",
                "4L",
            ),
            (
                "NG K",
                "1RR",
            ),
            (
                "Z NG",
                "6L",
            ),
            (
                "N D",
                "2LL",
            ),
            (
                "L T Y",
                "6",
            ),
            (
                "R K T",
                "7LL",
            ),
            (
                "T R",
                "1RR",
            ),
            (
                "S L",
                "1R",
            ),
            (
                "R S N L",
                "5RR",
            ),
            (
                "R D SS",
                "2LL",
            ),
            (
                "L SS",
                "7R",
            ),
            (
                "N T D",
                "1R",
            ),
            (
                "R V S AH SS",
                "8",
            ),
            (
                "R N NG",
                "2L",
            ),
            (
                "N D SS",
                "5LL",
            ),
            (
                "L V D",
                "6L",
            ),
            (
                "N T UW",
                "8LL",
            ),
            (
                "R K SS",
                "4L",
            ),
            (
                "Z N",
                "8",
            ),
            (
                "M NG",
                "3R",
            ),
            (
                "N TH SS",
                "3LL",
            ),
            (
                "N SS",
                "6R",
            ),
            (
                "SH N L",
                "7LL",
            ),
            (
                "R D",
                "2LL",
            ),
            (
                "N D SS",
                "7L",
            ),
            (
                "T S D",
                "2LL",
            ),
            (
                "R N",
                "3LL",
            ),
            (
                "L V SS",
                "3R",
            ),
            (
                "N SS",
                "5L",
            ),
            (
                "S AH SS",
                "5LL",
            ),
            (
                "P NG",
                "3L",
            ),
            (
                "TH",
                "2LL",
            ),
            (
                "V NG",
                "2L",
            ),
            (
                "ZH N",
                "1L",
            ),
            (
                "B L K",
                "1RR",
            ),
            (
                "S",
                "5",
            ),
            (
                "N D R D",
                "2RR",
            ),
            (
                "D",
                "6L",
            ),
            (
                "N T UW",
                "5",
            ),
            (
                "L W EY SS",
                "3RR",
            ),
            (
                "L S",
                "3RR",
            ),
            (
                "B L SH D",
                "6",
            ),
            (
                "N SS",
                "1LL",
            ),
            (
                "R D SS",
                "6R",
            ),
            (
                "N T",
                "8RR",
            ),
            (
                "TH R",
                "7LL",
            ),
            (
                "NG K",
                "7LL",
            ),
            (
                "R",
                "3LL",
            ),
            (
                "S T SS",
                "8L",
            ),
            (
                "R T R",
                "5LL",
            ),
            (
                "M NG",
                "5LL",
            ),
            (
                "K L",
                "6RR",
            ),
            (
                "SH N SS",
                "1RR",
            ),
            (
                "S",
                "3LL",
            ),
            (
                "T NG",
                "5RR",
            ),
            (
                "G L",
                "2LL",
            ),
            (
                "L D R N",
                "5L",
            ),
            (
                "Y",
                "2LL",
            ),
            (
                "R L D",
                "1",
            ),
            (
                "S B L",
                "1RR",
            ),
        ],
    },
)
new generation:  0
Fittest                      -617.2836956434033
highest fitness' coverage:   31.212097777352806
highest fitness' collisions: 64.84957934207561
new generation:  1
Fittest                      -588.6311210886563
highest fitness' coverage:   31.212971626765608
highest fitness' collisions: 61.984409271542184
new generation:  2
Fittest                      -535.9658201123428
highest fitness' coverage:   31.222275005999983
highest fitness' collisions: 56.71880951183429
new generation:  3
Fittest                      -490.71393716371665
highest fitness' coverage:   28.265406898810724
highest fitness' collisions: 51.89793440625274
new generation:  4
Fittest                      -467.4165922352209
highest fitness' coverage:   25.978472952126744
highest fitness' collisions: 49.339506518734765
new generation:  5
Fittest                      -424.75133771297146
highest fitness' coverage:   25.960179842468012
highest fitness' collisions: 45.071151755543944
new generation:  6
Fittest                      -404.0471624470822
highest fitness' coverage:   24.38913031985292
highest fitness' collisions: 42.84362927669351
new generation:  7
Fittest                      -380.27992153790086
highest fitness' coverage:   23.046639620284804
highest fitness' collisions: 40.332656115818565
new generation:  8
Fittest                      -362.3050232034425
highest fitness' coverage:   21.248520040154375
highest fitness' collisions: 38.35535432435969
new generation:  9
Fittest                      -331.46162227740194
highest fitness' coverage:   18.97758275970534
highest fitness' collisions: 35.04392050371073
new generation:  10
Fittest                      -313.3569236315421
highest fitness' coverage:   18.958833581453106
highest fitness' collisions: 33.23157572129952
new generation:  11
Fittest                      -299.42161749498126
highest fitness' coverage:   18.584545927926015
highest fitness' collisions: 31.800616342290727
new generation:  12
Fittest                      -285.08460120600154
highest fitness' coverage:   18.590654636108596
highest fitness' collisions: 30.36752558421101
new generation:  13
Fittest                      -271.46461813477873
highest fitness' coverage:   18.597082606192593
highest fitness' collisions: 29.00617007409713
new generation:  14
Fittest                      -258.6687132058935
highest fitness' coverage:   18.70132559399687
highest fitness' collisions: 27.73700387998904
new generation:  15
Fittest                      -249.17331612385385
highest fitness' coverage:   18.7199074818373
highest fitness' collisions: 26.789322360569116
new generation:  16
Fittest                      -241.8614064721729
highest fitness' coverage:   18.44861970349874
highest fitness' collisions: 26.031002617567164
new generation:  17
Fittest                      -232.87603366651655
highest fitness' coverage:   18.445636117774278
highest fitness' collisions: 25.132166978429083
new generation:  18
Fittest                      -224.15793826234557
highest fitness' coverage:   18.461201003076283
highest fitness' collisions: 24.261913926542185
new generation:  19
Fittest                      -214.30303867852038
highest fitness' coverage:   16.945534829081073
highest fitness' collisions: 23.124857350760145
new generation:  20
Fittest                      -206.74733484018216
highest fitness' coverage:   16.95442057504616
highest fitness' collisions: 22.370175541522833
new generation:  21
Fittest                      -198.23042351331495
highest fitness' coverage:   16.944802679590907
highest fitness' collisions: 21.517522619290585
new generation:  22
Fittest                      -189.87389496141964
highest fitness' coverage:   16.957240582071865
highest fitness' collisions: 20.683113554349152
new generation:  23
Fittest                      -178.49665625113403
highest fitness' coverage:   16.96036767939362
highest fitness' collisions: 19.545702393052764
new generation:  24
Fittest                      -171.572669962786
highest fitness' coverage:   16.963817819856484
highest fitness' collisions: 18.853648778264247
new generation:  25
Fittest                      -165.3895853931702
highest fitness' coverage:   16.01407785482275
highest fitness' collisions: 18.140366324799295
new generation:  26
Fittest                      -159.64699746846512
highest fitness' coverage:   14.513672319974043
highest fitness' collisions: 17.416066978843915
new generation:  27
Fittest                      -153.0690423418873
highest fitness' coverage:   14.507423634773803
highest fitness' collisions: 16.75764659766611
new generation:  28
Fittest                      -146.73269257299316
highest fitness' coverage:   13.720258565344267
highest fitness' collisions: 16.045295113833742
new generation:  29
Fittest                      -141.49183948858183
highest fitness' coverage:   13.754141099021226
highest fitness' collisions: 15.524598058760308
new generation:  30
Fittest                      -136.03028474769354
highest fitness' coverage:   13.756531181803648
highest fitness' collisions: 14.978681592949718
new generation:  31
Fittest                      -126.8769097955336
highest fitness' coverage:   13.532224073894612
highest fitness' collisions: 14.040913386942822
new generation:  32
Fittest                      -122.37023885623448
highest fitness' coverage:   13.641169914404808
highest fitness' collisions: 13.60114087706393
new generation:  33
Fittest                      -118.56086998641044
highest fitness' coverage:   13.644224920721179
highest fitness' collisions: 13.22050949071316
new generation:  34
Fittest                      -116.01867092939534
highest fitness' coverage:   13.207774904876112
highest fitness' collisions: 12.922644583427147
new generation:  35
Fittest                      -113.61666619936251
highest fitness' coverage:   12.723646191528777
highest fitness' collisions: 12.63403123908913
new generation:  36
Fittest                      -109.17107298332594
highest fitness' coverage:   12.816207939112147
highest fitness' collisions: 12.198728092243808
new generation:  37
Fittest                      -105.23877994748052
highest fitness' coverage:   12.831824218909011
highest fitness' collisions: 11.807060416638953
new generation:  38
Fittest                      -99.91462603737556
highest fitness' coverage:   12.819345732339794
highest fitness' collisions: 11.273397176971535
new generation:  39
Fittest                      -96.1779474258528
highest fitness' coverage:   12.831855348578978
highest fitness' collisions: 10.900980277443178
new generation:  40
Fittest                      -90.92727836494434
highest fitness' coverage:   12.822597878165341
highest fitness' collisions: 10.374987624310968
new generation:  41
Fittest                      -84.28555508028458
highest fitness' coverage:   12.834914702307634
highest fitness' collisions: 9.71204697825922
new generation:  42
Fittest                      -80.811014544675
highest fitness' coverage:   12.834935836214642
highest fitness' collisions: 9.364595038088964
new generation:  43
Fittest                      -77.41384145750766
highest fitness' coverage:   11.826688313776017
highest fitness' collisions: 8.924052977128367
new generation:  44
Fittest                      -73.85302392762367
highest fitness' coverage:   10.926508207898046
highest fitness' collisions: 8.477953213552173
new generation:  45
Fittest                      -71.03402844479491
highest fitness' coverage:   10.108827703018246
highest fitness' collisions: 8.114285614781316
new generation:  46
Fittest                      -68.67773101222663
highest fitness' coverage:   9.368719770096288
highest fitness' collisions: 7.8046450782322925
new generation:  47
Fittest                      -66.6163701135975
highest fitness' coverage:   9.378887964409786
highest fitness' collisions: 7.5995258078007275
new generation:  48
Fittest                      -63.03008976528649
highest fitness' coverage:   8.63651411125218
highest fitness' collisions: 7.1666603876538675
new generation:  49
Fittest                      -60.70392075188387
highest fitness' coverage:   8.513056178608007
highest fitness' collisions: 6.921697693049189
new generation:  50
Fittest                      -58.55893174727384
highest fitness' coverage:   8.513209449816776
highest fitness' collisions: 6.707214119709062
new generation:  51
Fittest                      -55.3129316342382
highest fitness' coverage:   8.510211504095127
highest fitness' collisions: 6.382314313833332
new generation:  52
Fittest                      -53.8191534187027
highest fitness' coverage:   8.507056967471929
highest fitness' collisions: 6.232621038617462
new generation:  53
Fittest                      -50.63972349521751
highest fitness' coverage:   7.7853002563081635
highest fitness' collisions: 5.842502375152567
new generation:  54
Fittest                      -49.394972904426005
highest fitness' coverage:   7.669275231822829
highest fitness' collisions: 5.706424813624883
new generation:  55
Fittest                      -47.50397099066774
highest fitness' coverage:   7.662867991538588
highest fitness' collisions: 5.5166838982206325
new generation:  56
Fittest                      -45.73604782177552
highest fitness' coverage:   7.720213384218182
highest fitness' collisions: 5.345626120599371
new generation:  57
Fittest                      -43.54517199383548
highest fitness' coverage:   7.720106093878865
highest fitness' collisions: 5.126527808771434
new generation:  58
Fittest                      -40.63651397200081
highest fitness' coverage:   7.131451997855151
highest fitness' collisions: 4.776796596985596
new generation:  59
Fittest                      -38.921820472819554
highest fitness' coverage:   6.814487007535169
highest fitness' collisions: 4.573630748035472
new generation:  60
Fittest                      -38.001923552116494
highest fitness' coverage:   6.814595056496166
highest fitness' collisions: 4.481651860861266
new generation:  61
Fittest                      -37.02272232420112
highest fitness' coverage:   6.808411835232005
highest fitness' collisions: 4.3831134159433125
new generation:  62
Fittest                      -35.889256840277476
highest fitness' coverage:   6.85375108288496
highest fitness' collisions: 4.274300792316244
new generation:  63
Fittest                      -33.91716833963415
highest fitness' coverage:   6.666839061627916
highest fitness' collisions: 4.058400740126207
new generation:  64
Fittest                      -32.563235312214964
highest fitness' coverage:   6.161288967649262
highest fitness' collisions: 3.8724524279864228
new generation:  65
Fittest                      -31.566945903844132
highest fitness' coverage:   6.199018469061958
highest fitness' collisions: 3.776596437290609
new generation:  66
Fittest                      -30.42921865394159
highest fitness' coverage:   5.968610564351181
highest fitness' collisions: 3.639782921829277
new generation:  67
Fittest                      -29.384571756365045
highest fitness' coverage:   5.95937767603863
highest fitness' collisions: 3.534394943240368
new generation:  68
Fittest                      -28.107246259701355
highest fitness' coverage:   5.933805730265334
highest fitness' collisions: 3.404105198996669
new generation:  69
Fittest                      -27.51432085077585
highest fitness' coverage:   5.828527644977786
highest fitness' collisions: 3.3342848495753636
new generation:  70
Fittest                      -26.594235313799217
highest fitness' coverage:   5.8351786050445345
highest fitness' collisions: 3.242941391884375
new generation:  71
Fittest                      -25.597405672794558
highest fitness' coverage:   5.556944486217275
highest fitness' collisions: 3.115435015901183
new generation:  72
Fittest                      -24.72395054375843
highest fitness' coverage:   5.611590766991637
highest fitness' collisions: 3.0335541310750065
new generation:  73
Fittest                      -23.82393346321016
highest fitness' coverage:   5.464078670398951
highest fitness' collisions: 2.928801213360911
new generation:  74
Fittest                      -22.91132890732745
highest fitness' coverage:   5.328668256854768
highest fitness' collisions: 2.8239997164182222
new generation:  75
Fittest                      -22.283239214942274
highest fitness' coverage:   5.165102955882481
highest fitness' collisions: 2.7448342170824755
new generation:  76
Fittest                      -21.15531122792208
highest fitness' coverage:   4.9276609610301465
highest fitness' collisions: 2.6082972188952227
new generation:  77
Fittest                      -20.40871132882811
highest fitness' coverage:   4.966467485202285
highest fitness' collisions: 2.5375178814030397
new generation:  78
Fittest                      -19.437675196611032
highest fitness' coverage:   4.712418409972673
highest fitness' collisions: 2.4150093606583707
new generation:  79
Fittest                      -18.280576049137586
highest fitness' coverage:   4.567493316211506
highest fitness' collisions: 2.2848069365349093
new generation:  80
Fittest                      -17.43729840740352
highest fitness' coverage:   4.578267432778187
highest fitness' collisions: 2.201556584018171
new generation:  81
Fittest                      -16.640946338224325
highest fitness' coverage:   4.546456015755757
highest fitness' collisions: 2.118740235398008
new generation:  82
Fittest                      -15.958698021584912
highest fitness' coverage:   4.487533301154773
highest fitness' collisions: 2.0446231322739683
new generation:  83
Fittest                      -15.104721801156186
highest fitness' coverage:   4.090809254143709
highest fitness' collisions: 1.9195531055299895
new generation:  84
Fittest                      -14.33796621978992
highest fitness' coverage:   4.096969350446103
highest fitness' collisions: 1.843493557023602
new generation:  85
Fittest                      -13.78340296155871
highest fitness' coverage:   3.9746860548014338
highest fitness' collisions: 1.7758089016360143
new generation:  86
Fittest                      -12.706099645838044
highest fitness' coverage:   3.828736771727598
highest fitness' collisions: 1.6534836417565644
new generation:  87
Fittest                      -12.447248016035957
highest fitness' coverage:   3.8380555409694947
highest fitness' collisions: 1.6285303557005453
new generation:  88
Fittest                      -12.029009880328042
highest fitness' coverage:   3.8492608892085034
highest fitness' collisions: 1.5878270769536544
new generation:  89
Fittest                      -11.557291861852384
highest fitness' coverage:   3.5857005740035817
highest fitness' collisions: 1.5142992435855966
new generation:  90
Fittest                      -11.025341719295405
highest fitness' coverage:   3.544648885020865
highest fitness' collisions: 1.456999060431627
new generation:  91
Fittest                      -10.664277807535502
highest fitness' coverage:   3.3179918248613993
highest fitness' collisions: 1.3982269632396902
new generation:  92
Fittest                      -10.376290081758865
highest fitness' coverage:   3.1758867292011668
highest fitness' collisions: 1.3552176810960033
new generation:  93
Fittest                      -9.840589108181987
highest fitness' coverage:   3.172993605021382
highest fitness' collisions: 1.3013582713203369
new generation:  94
Fittest                      -9.5100676724417
highest fitness' coverage:   3.141957667298396
highest fitness' collisions: 1.2652025339740096
new generation:  95
Fittest                      -9.094158706984798
highest fitness' coverage:   3.120137339066071
highest fitness' collisions: 1.221429604605087
new generation:  96
Fittest                      -8.643872988254781
highest fitness' coverage:   3.057327900771738
highest fitness' collisions: 1.170120088902652
new generation:  97
Fittest                      -8.077124991364299
highest fitness' coverage:   2.962152763024769
highest fitness' collisions: 1.1039277754389067
new generation:  98
Fittest                      -7.730815560407301
highest fitness' coverage:   2.9621527630247644
highest fitness' collisions: 1.0692968323432066
new generation:  99
Fittest                      -7.477603169158434
highest fitness' coverage:   2.881018732324889
highest fitness' collisions: 1.0358621901483323
new generation:  100
Fittest                      -7.197198365862249
highest fitness' coverage:   2.910729731793998
highest fitness' collisions: 1.0107928097656247
new generation:  101
Fittest                      -6.901692982735014
highest fitness' coverage:   2.91721416666855
highest fitness' collisions: 0.9818907149403565
new generation:  102
Fittest                      -6.624375140018152
highest fitness' coverage:   2.951691259623144
highest fitness' collisions: 0.9576066399641296
new generation:  103
Fittest                      -6.299911596450073
highest fitness' coverage:   2.806948997304527
highest fitness' collisions: 0.9106860593754601
new generation:  104
Fittest                      -5.980875641902567
highest fitness' coverage:   2.8129597307852547
highest fitness' collisions: 0.8793835372687822
new generation:  105
Fittest                      -5.664528986683216
highest fitness' coverage:   2.653433635322681
highest fitness' collisions: 0.8317962622005898
new generation:  106
Fittest                      -5.3588770693026895
highest fitness' coverage:   2.6503076654679916
highest fitness' collisions: 0.800918473477068
new generation:  107
Fittest                      -5.108665259395067
highest fitness' coverage:   2.5345813531025017
highest fitness' collisions: 0.764324661249757
new generation:  108
Fittest                      -4.867853575211884
highest fitness' coverage:   2.4692230038425445
highest fitness' collisions: 0.7337076579054428
new generation:  109
Fittest                      -4.5913351604144745
highest fitness' coverage:   2.4058306523681843
highest fitness' collisions: 0.6997165812782659
new generation:  110
Fittest                      -4.4302337952548125
highest fitness' coverage:   2.3322700434831902
highest fitness' collisions: 0.6762503838738002
new generation:  111
Fittest                      -4.21008579103284
highest fitness' coverage:   2.313540782476638
highest fitness' collisions: 0.6523626573509478
new generation:  112
Fittest                      -3.970880607425153
highest fitness' coverage:   2.3166667523313222
highest fitness' collisions: 0.6287547359756476
new generation:  113
Fittest                      -3.840987441470044
highest fitness' coverage:   2.304327785631738
highest fitness' collisions: 0.6145315227101782
new generation:  114
Fittest                      -3.6250001022306315
highest fitness' coverage:   2.3043361461854786
highest fitness' collisions: 0.592933624841611
new generation:  115
Fittest                      -3.4135648337355486
highest fitness' coverage:   2.260493533971196
highest fitness' collisions: 0.5674058367706745
new generation:  116
Fittest                      -3.272400683892091
highest fitness' coverage:   2.2604935339711907
highest fitness' collisions: 0.5532894217863282
new generation:  117
Fittest                      -3.097811132161745
highest fitness' coverage:   2.2544065069809913
highest fitness' collisions: 0.5352217639142737
new generation:  118
Fittest                      -2.926801833445897
highest fitness' coverage:   2.267677613300376
highest fitness' collisions: 0.5194479446746273
new generation:  119
Fittest                      -2.770514366883064
highest fitness' coverage:   2.2527952506507303
highest fitness' collisions: 0.5023309617533794
new generation:  120
Fittest                      -2.610190837096028
highest fitness' coverage:   2.2234948732180544
highest fitness' collisions: 0.48336857103140823
new generation:  121
Fittest                      -2.428425015413705
highest fitness' coverage:   2.226612482519008
highest fitness' collisions: 0.4655037497932713
new generation:  122
Fittest                      -2.2511127299703575
highest fitness' coverage:   2.165290319671058
highest fitness' collisions: 0.44164030496414153
new generation:  123
Fittest                      -2.146836474396651
highest fitness' coverage:   2.165290319671057
highest fitness' collisions: 0.43121267940677077
new generation:  124
Fittest                      -2.018514082370992
highest fitness' coverage:   2.1621643498163654
highest fitness' collisions: 0.41806784321873575
new generation:  125
Fittest                      -1.9387194080888874
highest fitness' coverage:   2.165290319671055
highest fitness' collisions: 0.41040097277599424
new generation:  126
Fittest                      -1.8449678272878223
highest fitness' coverage:   2.1535829927532584
highest fitness' collisions: 0.3998550820041081
new generation:  127
Fittest                      -1.6439309523124481
highest fitness' coverage:   2.100824363164068
highest fitness' collisions: 0.3744755315476516
new generation:  128
Fittest                      -1.5215415793958096
highest fitness' coverage:   2.116741396500616
highest fitness' collisions: 0.3638282975896426
new generation:  129
Fittest                      -1.4101280991902092
highest fitness' coverage:   2.071479071542863
highest fitness' collisions: 0.3481607170733072
new generation:  130
Fittest                      -1.2642020766646795
highest fitness' coverage:   2.0571383174591324
highest fitness' collisions: 0.3321340394123812
new generation:  131
Fittest                      -1.20441101761465
highest fitness' coverage:   2.054800665354102
highest fitness' collisions: 0.32592116829687523
new generation:  132
Fittest                      -1.0998001862853872
highest fitness' coverage:   2.0595033990794467
highest fitness' collisions: 0.3159303585364834
new generation:  133
Fittest                      -0.9316089362841145
highest fitness' coverage:   2.059503399079445
highest fitness' collisions: 0.29911123353635594
new generation:  134
Fittest                      -0.8328184893223534
highest fitness' coverage:   2.021899239751368
highest fitness' collisions: 0.28547177290737213
new generation:  135
Fittest                      -0.7563602119994943
highest fitness' coverage:   2.0250252096060635
highest fitness' collisions: 0.2781385421605558
new generation:  136
Fittest                      -0.6602270627225049
highest fitness' coverage:   2.0298473280986773
highest fitness' collisions: 0.2690074390821182
new generation:  137
Fittest                      -0.5429136653718896
highest fitness' coverage:   2.03175278881664
highest fitness' collisions: 0.25746664541885295
new generation:  138
Fittest                      -0.4677856174644872
highest fitness' coverage:   1.9688170621349546
highest fitness' collisions: 0.2436602679599442
new generation:  139
Fittest                      -0.35012833327573234
highest fitness' coverage:   1.9415614414262217
highest fitness' collisions: 0.2291689774701954
new generation:  140
Fittest                      -0.2893523865734
highest fitness' coverage:   1.9415614414262214
highest fitness' collisions: 0.22309138279996216
new generation:  141
Fittest                      -0.2094908989253923
highest fitness' coverage:   1.8917325023936986
highest fitness' collisions: 0.21012234013190909
new generation:  142
Fittest                      -0.15518624678363135
highest fitness' coverage:   1.8735043250624206
highest fitness' collisions: 0.2028690571846052
new generation:  143
Fittest                      -0.07989204142228568
highest fitness' coverage:   1.8864321347883084
highest fitness' collisions: 0.1966324176210594
new generation:  144
Fittest                      -0.02097958658226129
highest fitness' coverage:   1.8833061649336138
highest fitness' collisions: 0.1904285751515875
new generation:  145
Fittest                      0.03262712083991093
highest fitness' coverage:   1.9450644361682037
highest fitness' collisions: 0.19124373153282928
new generation:  146
Fittest                      0.12621820585288912
highest fitness' coverage:   2.0866504381436357
highest fitness' collisions: 0.19604322322907466
new generation:  147
Fittest                      0.20347565109790766
highest fitness' coverage:   2.0282580571046203
highest fitness' collisions: 0.18247824060067125
new generation:  148
Fittest                      0.2535993298350412
highest fitness' coverage:   2.0282976070566447
highest fitness' collisions: 0.17746982772216036
new generation:  149
Fittest                      0.295624180871525
highest fitness' coverage:   2.0453154012695394
highest fitness' collisions: 0.17496912203980144
new generation:  150
Fittest                      0.3447582342694564
highest fitness' coverage:   2.0484215331086078
highest fitness' collisions: 0.17036632988391515
new generation:  151
Fittest                      0.3908168893800126
highest fitness' coverage:   2.0421894314148474
highest fitness' collisions: 0.1651372542034835
new generation:  152
Fittest                      0.43737699034848365
highest fitness' coverage:   2.051547502963296
highest fitness' collisions: 0.16141705126148126
new generation:  153
Fittest                      0.46782950750167074
highest fitness' coverage:   2.052570217505384
highest fitness' collisions: 0.15847407100037134
new generation:  154
Fittest                      0.5058805827089534
highest fitness' coverage:   2.0527114712598427
highest fitness' collisions: 0.1546830888550889
new generation:  155
Fittest                      0.5444710282443346
highest fitness' coverage:   2.0519501809134657
highest fitness' collisions: 0.1507479152669131
new generation:  156
Fittest                      0.5774004982375436
highest fitness' coverage:   2.0404964290873617
highest fitness' collisions: 0.14630959308498181
new generation:  157
Fittest                      0.6103075305180659
highest fitness' coverage:   2.0342643273936
highest fitness' collisions: 0.14239567968755343
new generation:  158
Fittest                      0.656328232527096
highest fitness' coverage:   2.0404964290873595
highest fitness' collisions: 0.13841681965602634
new generation:  159
Fittest                      0.6850139657019958
highest fitness' coverage:   2.0311383575389073
highest fitness' collisions: 0.13461243918369115
new generation:  160
Fittest                      0.7169254791752633
highest fitness' coverage:   2.038343216075734
highest fitness' collisions: 0.13214177369004707
new generation:  161
Fittest                      0.7939753724471668
highest fitness' coverage:   2.3323181999504365
highest fitness' collisions: 0.15383428275032698
new generation:  162
Fittest                      0.8392963685622361
highest fitness' coverage:   2.332318199950432
highest fitness' collisions: 0.1493021831388196
new generation:  163
Fittest                      0.8850589155364603
highest fitness' coverage:   2.329208888634654
highest fitness' collisions: 0.14441499730981935
new generation:  164
Fittest                      0.9186246934477578
highest fitness' coverage:   2.3354638817415254
highest fitness' collisions: 0.14168391882937675
new generation:  165
Fittest                      0.9413190992749891
highest fitness' coverage:   2.3475277025583656
highest fitness' collisions: 0.14062086032833765
new generation:  166
Fittest                      0.9727845640839254
highest fitness' coverage:   2.346280321469156
highest fitness' collisions: 0.13734957573852305
new generation:  167
Fittest                      1.0242150234834797
highest fitness' coverage:   2.3556217344786994
highest fitness' collisions: 0.13314067109952196
new generation:  168
Fittest                      1.0528644641079814
highest fitness' coverage:   2.3525124231629153
highest fitness' collisions: 0.1299647959054934
new generation:  169
Fittest                      1.0762858639258623
highest fitness' coverage:   2.330732304633205
highest fitness' collisions: 0.12544464407073427
new generation:  170
Fittest                      1.1178278329820956
highest fitness' coverage:   2.3599423059704687
highest fitness' collisions: 0.1242114472988373
new generation:  171
Fittest                      1.1596166438841697
highest fitness' coverage:   2.3760167120622486
highest fitness' collisions: 0.1216400068178079
new generation:  172
Fittest                      1.1774092418559212
highest fitness' coverage:   2.3698209808438055
highest fitness' collisions: 0.11924117389878844
new generation:  173
Fittest                      1.2118892769138616
highest fitness' coverage:   2.3514705207303543
highest fitness' collisions: 0.11395812438164928
new generation:  174
Fittest                      1.247128838808211
highest fitness' coverage:   2.351510070682379
highest fitness' collisions: 0.1104381231874168
new generation:  175
Fittest                      1.2790593816288571
highest fitness' coverage:   2.351397821277063
highest fitness' collisions: 0.10723384396482061
new generation:  176
Fittest                      1.3088380746390909
highest fitness' coverage:   2.348235480947057
highest fitness' collisions: 0.10393974063079663
new generation:  177
Fittest                      1.373223728300638
highest fitness' coverage:   2.2952738527763112
highest fitness' collisions: 0.09220501244756732
new generation:  178
Fittest                      1.3892148564725773
highest fitness' coverage:   2.2858399022978633
highest fitness' collisions: 0.0896625045825286
new generation:  179
Fittest                      1.439209925201515
highest fitness' coverage:   2.3523691253308674
highest fitness' collisions: 0.09131592001293526
new generation:  180
Fittest                      1.461907100871437
highest fitness' coverage:   2.3643053706535624
highest fitness' collisions: 0.09023982697821255
new generation:  181
Fittest                      1.4965903778226015
highest fitness' coverage:   2.3697874403051324
highest fitness' collisions: 0.08731970624825308
new generation:  182
Fittest                      1.512899699674866
highest fitness' coverage:   2.3831951712076185
highest fitness' collisions: 0.08702954715327524
new generation:  183
Fittest                      1.5460075646738254
highest fitness' coverage:   2.3863542905635757
highest fitness' collisions: 0.08403467258897503
new generation:  184
Fittest                      1.5905602188993977
highest fitness' coverage:   2.4096997288212476
highest fitness' collisions: 0.08191395099218499
new generation:  185
Fittest                      1.6002783882960099
highest fitness' coverage:   2.396021586323141
highest fitness' collisions: 0.0795743198027131
new generation:  186
Fittest                      1.6259011812721613
highest fitness' coverage:   2.39599869491003
highest fitness' collisions: 0.07700975136378688
new generation:  187
Fittest                      1.6446668263631823
highest fitness' coverage:   2.393399325880831
highest fitness' collisions: 0.07487324995176485
new generation:  188
Fittest                      1.660112112977224
highest fitness' coverage:   2.392252268870163
highest fitness' collisions: 0.0732140155892939
new generation:  189
Fittest                      1.7021566429320287
highest fitness' coverage:   2.593470683792308
highest fitness' collisions: 0.08913140408602793
new generation:  190
Fittest                      1.7093106354903487
highest fitness' coverage:   3.240668852800473
highest fitness' collisions: 0.15313582173101242
new generation:  191
Fittest                      1.7441091899868946
highest fitness' coverage:   3.2438446306953375
highest fitness' collisions: 0.1499735440708443
new generation:  192
Fittest                      1.7740057299819603
highest fitness' coverage:   3.243844630695344
highest fitness' collisions: 0.14698389007133839
new generation:  193
Fittest                      1.812210518832985
highest fitness' coverage:   3.237559541484699
highest fitness' collisions: 0.1425349022651714
new generation:  194
Fittest                      1.8354974546071472
highest fitness' coverage:   3.2438446306953392
highest fitness' collisions: 0.14083471760881922
new generation:  195
Fittest                      1.960088798608219
highest fitness' coverage:   3.420792069362924
highest fitness' collisions: 0.1460703270754705
new generation:  196
Fittest                      1.9762862307035096
highest fitness' coverage:   3.40825035541401
highest fitness' collisions: 0.14319641247105003
new generation:  197
Fittest                      2.027916112236686
highest fitness' coverage:   3.606488186740725
highest fitness' collisions: 0.15785720745040385
new generation:  198
Fittest                      2.0626543360292073
highest fitness' coverage:   3.615741873389455
highest fitness' collisions: 0.15530875373602473
new generation:  199
Fittest                      2.1315201375475636
highest fitness' coverage:   3.6319750038994756
highest fitness' collisions: 0.1500454866351912
new generation:  200
Fittest                      2.1764739382966165
highest fitness' coverage:   3.6225426012663595
highest fitness' collisions: 0.1446068662969743
new generation:  201
Fittest                      2.2654656500047343
highest fitness' coverage:   3.8541568452073824
highest fitness' collisions: 0.15886911952026483
new generation:  202
Fittest                      2.3587222116101447
highest fitness' coverage:   4.228887958766624
highest fitness' collisions: 0.1870165747156479
new generation:  203
Fittest                      2.4301269842761757
highest fitness' coverage:   4.332819553701255
highest fitness' collisions: 0.19026925694250796
new generation:  204
Fittest                      2.523841414401721
highest fitness' coverage:   4.334233152325183
highest fitness' collisions: 0.1810391737923462
new generation:  205
Fittest                      2.5565213643632174
highest fitness' coverage:   4.340428883543625
highest fitness' collisions: 0.17839075191804077
new generation:  206
Fittest                      2.5902637087974334
highest fitness' coverage:   4.3310858389027045
highest fitness' collisions: 0.1740822130105271
new generation:  207
Fittest                      2.6176165594233023
highest fitness' coverage:   4.343627552851602
highest fitness' collisions: 0.17260109934283002
new generation:  208
Fittest                      2.652477844247147
highest fitness' coverage:   4.33731957222785
highest fitness' collisions: 0.1684841727980703
new generation:  209
Fittest                      2.6923911362374002
highest fitness' coverage:   4.337319572227856
highest fitness' collisions: 0.1644928435990456
new generation:  210
Fittest                      2.7764377335963077
highest fitness' coverage:   4.450534805077518
highest fitness' collisions: 0.167409707148121
new generation:  211
Fittest                      2.799454375663351
highest fitness' coverage:   4.4474254937617275
highest fitness' collisions: 0.16479711180983767
new generation:  212
Fittest                      2.824986524975496
highest fitness' coverage:   4.450624163069706
highest fitness' collisions: 0.16256376380942095
new generation:  213
Fittest                      2.840085860205393
highest fitness' coverage:   4.45373347438549
highest fitness' collisions: 0.16136476141800968
new generation:  214
Fittest                      2.9043254425949483
highest fitness' coverage:   4.441281118428782
highest fitness' collisions: 0.15369556758338343
new generation:  215
Fittest                      2.985611337269602
highest fitness' coverage:   4.737267830814489
highest fitness' collisions: 0.17516564935448872
new generation:  216
Fittest                      3.1554546615707855
highest fitness' coverage:   5.4997811677941595
highest fitness' collisions: 0.23443265062233742
new generation:  217
Fittest                      3.2058933902414855
highest fitness' coverage:   5.533928788905728
highest fitness' collisions: 0.23280353986642424
new generation:  218
Fittest                      3.2547196864804664
highest fitness' coverage:   5.5309317269952665
highest fitness' collisions: 0.22762120405148
new generation:  219
Fittest                      3.326578842634788
highest fitness' coverage:   5.524686701335522
highest fitness' collisions: 0.2198107858700734
new generation:  220
Fittest                      3.364058972620555
highest fitness' coverage:   5.530819477589939
highest fitness' collisions: 0.21667605049693842
new generation:  221
Fittest                      3.469747435824949
highest fitness' coverage:   5.518378720711757
highest fitness' collisions: 0.20486312848868082
new generation:  222
Fittest                      3.505962599496522
highest fitness' coverage:   5.5308423690030795
highest fitness' collisions: 0.20248797695065576
new generation:  223
Fittest                      3.5556370479261585
highest fitness' coverage:   6.591465468553685
highest fitness' collisions: 0.30358284206275266
new generation:  224
Fittest                      3.653709823707768
highest fitness' coverage:   6.876100849948377
highest fitness' collisions: 0.32223910262406086
new generation:  225
Fittest                      3.8349146739966566
highest fitness' coverage:   7.354186702759285
highest fitness' collisions: 0.35192720287626283
new generation:  226
Fittest                      3.8843316666234156
highest fitness' coverage:   7.357385372067285
highest fitness' collisions: 0.347305370544387
new generation:  227
Fittest                      3.939562088657878
highest fitness' coverage:   7.351072911754698
highest fitness' collisions: 0.341151082309682
new generation:  228
Fittest                      4.009542909462192
highest fitness' coverage:   7.351014992289557
highest fitness' collisions: 0.3341472082827365
new generation:  229
Fittest                      4.067047246266018
highest fitness' coverage:   7.372257566941162
highest fitness' collisions: 0.33052103206751443
new generation:  230
Fittest                      4.090493886808068
highest fitness' coverage:   7.369161360338045
highest fitness' collisions: 0.32786674735299765
new generation:  231
Fittest                      4.128175231278531
highest fitness' coverage:   7.387723325703469
highest fitness' collisions: 0.32595480944249383
new generation:  232
Fittest                      4.1656090221900115
highest fitness' coverage:   7.375148667593396
highest fitness' collisions: 0.3209539645403384
new generation:  233
Fittest                      4.233647700377492
highest fitness' coverage:   7.42177066244017
highest fitness' collisions: 0.3188122962062678
new generation:  234
Fittest                      4.391669329889024
highest fitness' coverage:   7.6062993604801035
highest fitness' collisions: 0.32146300305910797
new generation:  235
Fittest                      4.412967679009986
highest fitness' coverage:   7.524152641843903
highest fitness' collisions: 0.3111184962833917
new generation:  236
Fittest                      4.473652104300378
highest fitness' coverage:   7.536655797876048
highest fitness' collisions: 0.306300369357567
new generation:  237
Fittest                      4.54228326002937
highest fitness' coverage:   7.5397341485649045
highest fitness' collisions: 0.29974508885355344
new generation:  238
Fittest                      4.648959379990346
highest fitness' coverage:   7.68579769694226
highest fitness' collisions: 0.30368383169519136
new generation:  239
Fittest                      4.792217646510052
highest fitness' coverage:   9.149878064520935
highest fitness' collisions: 0.4357660418010884
new generation:  240
Fittest                      4.8422094797187825
highest fitness' coverage:   9.172985733358901
highest fitness' collisions: 0.4330776253640119
new generation:  241
Fittest                      4.8781404580224335
highest fitness' coverage:   9.759227425663168
highest fitness' collisions: 0.4881086967640734
new generation:  242
Fittest                      5.087359887544616
highest fitness' coverage:   11.495338199274002
highest fitness' collisions: 0.6407978311729386
new generation:  243
Fittest                      5.130953124638917
highest fitness' coverage:   11.492998379217417
highest fitness' collisions: 0.63620452545785
new generation:  244
Fittest                      5.231508455884276
highest fitness' coverage:   12.968329283087462
highest fitness' collisions: 0.7736820827203186
new generation:  245
Fittest                      5.3365220816056365
highest fitness' coverage:   12.970907098963725
highest fitness' collisions: 0.7634385017358088
new generation:  246
Fittest                      5.514696073217403
highest fitness' coverage:   12.95913099602
highest fitness' collisions: 0.7444434922802599
new generation:  247
Fittest                      5.627883598597942
highest fitness' coverage:   12.961744943235182
highest fitness' collisions: 0.733386134463724
new generation:  248
Fittest                      5.722260662556381
highest fitness' coverage:   13.158255866198624
highest fitness' collisions: 0.7435995203642244
new generation:  249
Fittest                      5.824434359375901
highest fitness' coverage:   13.151353910692212
highest fitness' collisions: 0.7326919551316311
new generation:  250
Fittest                      5.95476869365461
highest fitness' coverage:   13.110978715121714
highest fitness' collisions: 0.7156210021467104
new generation:  251
Fittest                      6.016038358179898
highest fitness' coverage:   13.113869956571822
highest fitness' collisions: 0.7097831598391924
new generation:  252
Fittest                      6.141015567451452
highest fitness' coverage:   13.025288658696342
highest fitness' collisions: 0.6884273091244889
new generation:  253
Fittest                      6.246552597276631
highest fitness' coverage:   13.04401206068481
highest fitness' collisions: 0.679745946340818
new generation:  254
Fittest                      6.334720916184631
highest fitness' coverage:   13.034991659716036
highest fitness' collisions: 0.6700270743531405
new generation:  255
Fittest                      6.4260032560128515
highest fitness' coverage:   12.998108110543411
highest fitness' collisions: 0.6572104854530559
new generation:  256
Fittest                      6.481473892624725
highest fitness' coverage:   13.010228156328992
highest fitness' collisions: 0.6528754263704267
new generation:  257
Fittest                      6.536996428953591
highest fitness' coverage:   12.972851047878848
highest fitness' collisions: 0.6435854618925256
new generation:  258
Fittest                      6.620094190240306
highest fitness' coverage:   13.000512551224396
highest fitness' collisions: 0.638041836098409
new generation:  259
Fittest                      6.872405280931975
highest fitness' coverage:   14.019251131328295
highest fitness' collisions: 0.714684585039632
new generation:  260
Fittest                      7.098212326406982
highest fitness' coverage:   14.019605260791016
highest fitness' collisions: 0.6921392934384034
new generation:  261
Fittest                      7.186563415270383
highest fitness' coverage:   14.029539850617939
highest fitness' collisions: 0.6842976435347555
new generation:  262
Fittest                      7.430298074095616
highest fitness' coverage:   15.239324411616833
highest fitness' collisions: 0.7809026337521217
new generation:  263
Fittest                      7.5461653076411155
highest fitness' coverage:   15.176058243457097
highest fitness' collisions: 0.7629892935815982
new generation:  264
Fittest                      7.6106976113098135
highest fitness' coverage:   15.179320814044743
highest fitness' collisions: 0.756862320273493
new generation:  265
Fittest                      7.715236723421594
highest fitness' coverage:   15.173017995252113
highest fitness' collisions: 0.7457781271830519
new generation:  266
Fittest                      7.762398986582188
highest fitness' coverage:   15.179840213775012
highest fitness' collisions: 0.7417441227192825
new generation:  267
Fittest                      7.799366512510151
highest fitness' coverage:   15.189005924004137
highest fitness' collisions: 0.7389639411493987
new generation:  268
Fittest                      7.995415444014401
highest fitness' coverage:   15.133086224702039
highest fitness' collisions: 0.7137670780687638
new generation:  269
Fittest                      8.120013322130461
highest fitness' coverage:   15.093954177688188
highest fitness' collisions: 0.6973940855557728
new generation:  270
Fittest                      8.208845962549722
highest fitness' coverage:   15.149726149548254
highest fitness' collisions: 0.6940880186998533
new generation:  271
Fittest                      8.43928291281181
highest fitness' coverage:   17.255553052794735
highest fitness' collisions: 0.8816270139982924
new generation:  272
Fittest                      8.607131475728071
highest fitness' coverage:   17.277370834309806
highest fitness' collisions: 0.8670239358581736
new generation:  273
Fittest                      8.677163121356681
highest fitness' coverage:   17.26836319366571
highest fitness' collisions: 0.8591200072309029
new generation:  274
Fittest                      8.79266313060863
highest fitness' coverage:   17.280903014395463
highest fitness' collisions: 0.8488239883786832
new generation:  275
Fittest                      8.991029847909509
highest fitness' coverage:   17.33982629805149
highest fitness' collisions: 0.8348796450141983
new generation:  276
Fittest                      9.242827213340332
highest fitness' coverage:   18.560852306607888
highest fitness' collisions: 0.9318025093267556
new generation:  277
Fittest                      9.358100543021846
highest fitness' coverage:   18.56755845922925
highest fitness' collisions: 0.9209457916207403
new generation:  278
Fittest                      10.012271698613738
highest fitness' coverage:   19.570711907459767
highest fitness' collisions: 0.9558440208846029
new generation:  279
Fittest                      10.12656874758476
highest fitness' coverage:   19.600915496535617
highest fitness' collisions: 0.9474346748950858
new generation:  280
Fittest                      10.284112366083523
highest fitness' coverage:   19.638944419225414
highest fitness' collisions: 0.935483205314189
new generation:  281
Fittest                      10.35172906856601
highest fitness' coverage:   19.683970227123865
highest fitness' collisions: 0.9332241158557855
new generation:  282
Fittest                      10.446067098761736
highest fitness' coverage:   19.665227977770815
highest fitness' collisions: 0.921916087900908
new generation:  283
Fittest                      10.618894674756149
highest fitness' coverage:   19.675073933730793
highest fitness' collisions: 0.9056179258974645
new generation:  284
Fittest                      10.685844498639034
highest fitness' coverage:   19.68439208660155
highest fitness' collisions: 0.8998547587962519
new generation:  285
Fittest                      10.74975989736426
highest fitness' coverage:   20.31151178371303
highest fitness' collisions: 0.9561751886348769
new generation:  286
Fittest                      10.888674820154613
highest fitness' coverage:   20.33292894859258
highest fitness' collisions: 0.9444254128437969
new generation:  287
Fittest                      11.000749205629553
highest fitness' coverage:   20.330184492171586
highest fitness' collisions: 0.9329435286542034
new generation:  288
Fittest                      11.088106722466538
highest fitness' coverage:   20.484817912493035
highest fitness' collisions: 0.9396711190026497
new generation:  289
Fittest                      11.174782560727657
highest fitness' coverage:   20.475521943780812
highest fitness' collisions: 0.9300739383053156
new generation:  290
Fittest                      11.400664064615938
highest fitness' coverage:   20.769376878571485
highest fitness' collisions: 0.9368712813955548
new generation:  291
Fittest                      11.580578693825267
highest fitness' coverage:   22.72095175912205
highest fitness' collisions: 1.1140373065296783
new generation:  292
Fittest                      11.698192214845278
highest fitness' coverage:   22.66504679143551
highest fitness' collisions: 1.0966854576590233
new generation:  293
Fittest                      11.908654691088186
highest fitness' coverage:   22.510362732596526
highest fitness' collisions: 1.060170804150834
new generation:  294
Fittest                      12.024244598634501
highest fitness' coverage:   22.458604158650697
highest fitness' collisions: 1.0434359560016195
new generation:  295
Fittest                      12.183430032105997
highest fitness' coverage:   22.47164172281729
highest fitness' collisions: 1.028821169071129
new generation:  296
Fittest                      12.252768527681502
highest fitness' coverage:   22.54453866188208
highest fitness' collisions: 1.0291770134200577
new generation:  297
Fittest                      12.594829220879847
highest fitness' coverage:   22.55275403608562
highest fitness' collisions: 0.9957924815205773
new generation:  298
Fittest                      12.755190575100423
highest fitness' coverage:   22.525053029167914
highest fitness' collisions: 0.9769862454067492
new generation:  299
Fittest                      12.868224171366867
highest fitness' coverage:   22.51612568971545
highest fitness' collisions: 0.9647901518348584
new generation:  300
Fittest                      13.113615085324284
highest fitness' coverage:   22.50662954142443
highest fitness' collisions: 0.9393014456100146
new generation:  301
Fittest                      13.340037164144853
highest fitness' coverage:   23.33862995900409
highest fitness' collisions: 0.9998592794859238
new generation:  302
Fittest                      13.489395816811365
highest fitness' coverage:   23.319414391528213
highest fitness' collisions: 0.9830018574716847
new generation:  303
Fittest                      13.575453855127222
highest fitness' coverage:   23.323222441553494
highest fitness' collisions: 0.9747768586426271
new generation:  304
Fittest                      14.003082477020664
highest fitness' coverage:   25.96645303158035
highest fitness' collisions: 1.1963370554559687
new generation:  305
Fittest                      14.451410111757188
highest fitness' coverage:   28.23753098701114
highest fitness' collisions: 1.3786120875253953
new generation:  306
Fittest                      14.700573575355657
highest fitness' coverage:   28.679415280571995
highest fitness' collisions: 1.3978841705216338
new generation:  307
Fittest                      14.803730326527468
highest fitness' coverage:   28.58164608566958
highest fitness' collisions: 1.3777915759142112
new generation:  308
Fittest                      14.926804980837321
highest fitness' coverage:   28.55056109009808
highest fitness' collisions: 1.3623756109260756
new generation:  309
Fittest                      15.220874747266937
highest fitness' coverage:   28.417789057302492
highest fitness' collisions: 1.3196914310035557
new generation:  310
Fittest                      15.427265796043745
highest fitness' coverage:   28.36337672043478
highest fitness' collisions: 1.2936110924391033
new generation:  311
Fittest                      15.559037071530806
highest fitness' coverage:   28.330630923680086
highest fitness' collisions: 1.2771593852149281
new generation:  312
Fittest                      15.68335382965465
highest fitness' coverage:   28.320573939626815
highest fitness' collisions: 1.2637220109972165
new generation:  313
Fittest                      15.818816252517095
highest fitness' coverage:   28.348730396193133
highest fitness' collisions: 1.2529914143676038
new generation:  314
Fittest                      16.02693506299299
highest fitness' coverage:   28.280572431706812
highest fitness' collisions: 1.2253637368713823
new generation:  315
Fittest                      16.093597095358053
highest fitness' coverage:   28.26122209991555
highest fitness' collisions: 1.2167625004557496
new generation:  316
Fittest                      16.360133497057035
highest fitness' coverage:   29.461762701072928
highest fitness' collisions: 1.3101629204015892
new generation:  317
Fittest                      16.56196240465173
highest fitness' coverage:   29.468150509066316
highest fitness' collisions: 1.2906188104414584
new generation:  318
Fittest                      16.59430158696632
highest fitness' coverage:   29.45276228742741
highest fitness' collisions: 1.2858460700461092
new generation:  319
Fittest                      16.938336625420135
highest fitness' coverage:   30.781799191802133
highest fitness' collisions: 1.3843462566381997
new generation:  320
Fittest                      17.111282319473997
highest fitness' coverage:   30.816171805925187
highest fitness' collisions: 1.370488948645119
new generation:  321
Fittest                      17.213089768201733
highest fitness' coverage:   30.74093101539892
highest fitness' collisions: 1.3527841247197188
new generation:  322
Fittest                      17.478595105809443
highest fitness' coverage:   32.4777325003468
highest fitness' collisions: 1.4999137394537354
new generation:  323
Fittest                      17.528638070454505
highest fitness' coverage:   32.593188130553905
highest fitness' collisions: 1.5064550060099398
new generation:  324
Fittest                      17.699388425214984
highest fitness' coverage:   32.58783315646243
highest fitness' collisions: 1.4888444731247448
new generation:  325
Fittest                      17.85844870740569
highest fitness' coverage:   32.72378589664762
highest fitness' collisions: 1.4865337189241932
new generation:  326
Fittest                      18.023821096667056
highest fitness' coverage:   32.73412876972487
highest fitness' collisions: 1.4710307673057814
new generation:  327
Fittest                      18.217814434762058
highest fitness' coverage:   32.962846969136734
highest fitness' collisions: 1.4745032534374676
new generation:  328
Fittest                      18.391004795621782
highest fitness' coverage:   32.95645804707648
highest fitness' collisions: 1.4565453251454699
new generation:  329
Fittest                      18.441105256465452
highest fitness' coverage:   32.980500245415655
highest fitness' collisions: 1.4539394988950203
new generation:  330
Fittest                      18.57904138571829
highest fitness' coverage:   32.97154103017167
highest fitness' collisions: 1.4392499644453378
new generation:  331
Fittest                      18.76074984960451
highest fitness' coverage:   33.20941831149225
highest fitness' collisions: 1.444866846188774
new generation:  332
Fittest                      18.96051561196412
highest fitness' coverage:   33.22432843033116
highest fitness' collisions: 1.4263812818367043
new generation:  333
Fittest                      19.142154970494033
highest fitness' coverage:   33.98111011053018
highest fitness' collisions: 1.483895514003615
new generation:  334
Fittest                      19.354338502410975
highest fitness' coverage:   33.982895668796566
highest fitness' collisions: 1.4628557166385592
new generation:  335
Fittest                      19.608150078156093
highest fitness' coverage:   33.981566466370346
highest fitness' collisions: 1.437341638821425
new generation:  336
Fittest                      19.741226422594536
highest fitness' coverage:   33.95877721290013
highest fitness' collisions: 1.4217550790305595
new generation:  337
Fittest                      19.909618674446413
highest fitness' coverage:   33.91270205060696
highest fitness' collisions: 1.4003083376160548
new generation:  338
Fittest                      20.081345502683583
highest fitness' coverage:   33.990251560761294
highest fitness' collisions: 1.390890605807771
new generation:  339
Fittest                      20.194325833295515
highest fitness' coverage:   33.98974145682453
highest fitness' collisions: 1.3795415623529015
new generation:  340
Fittest                      21.223676503551676
highest fitness' coverage:   36.401324203999295
highest fitness' collisions: 1.5177647700447618
new generation:  341
Fittest                      21.30957790804327
highest fitness' coverage:   36.3915675639553
highest fitness' collisions: 1.508198965591203
new generation:  342
Fittest                      21.473367610179977
highest fitness' coverage:   36.53511745011487
highest fitness' collisions: 1.5061749839934888
new generation:  343
Fittest                      21.647906935945343
highest fitness' coverage:   38.38309570403154
highest fitness' collisions: 1.6735188768086198
new generation:  344
Fittest                      21.763077931626512
highest fitness' coverage:   38.45793784002767
highest fitness' collisions: 1.6694859908401156
new generation:  345
Fittest                      21.939754513565923
highest fitness' coverage:   38.31352268576623
highest fitness' collisions: 1.637376817220031
new generation:  346
Fittest                      22.065403420462896
highest fitness' coverage:   38.317206023172005
highest fitness' collisions: 1.625180260270911
new generation:  347
Fittest                      22.23637782493754
highest fitness' coverage:   38.31593560937109
highest fitness' collisions: 1.6079557784433547
new generation:  348
Fittest                      22.427605251455834
highest fitness' coverage:   38.473142253640376
highest fitness' collisions: 1.6045537002184542
new generation:  349
Fittest                      22.615744076691506
highest fitness' coverage:   38.423955097246605
highest fitness' collisions: 1.5808211020555099
new generation:  350
Fittest                      22.804595743763578
highest fitness' coverage:   38.36475247391639
highest fitness' collisions: 1.5560156730152812
new generation:  351
Fittest                      23.08624007741119
highest fitness' coverage:   38.38301062767066
highest fitness' collisions: 1.5296770550259469
new generation:  352
Fittest                      23.211609271747406
highest fitness' coverage:   38.36494858402368
highest fitness' collisions: 1.5153339312276273
new generation:  353
Fittest                      23.357598056205774
highest fitness' coverage:   38.199626926534336
highest fitness' collisions: 1.484202887032856
new generation:  354
Fittest                      23.507599766632712
highest fitness' coverage:   38.08454908097304
highest fitness' collisions: 1.4576949314340328
new generation:  355
Fittest                      23.759163059787895
highest fitness' coverage:   38.11971794080056
highest fitness' collisions: 1.4360554881012668
new generation:  356
Fittest                      23.960907244848833
highest fitness' coverage:   38.12089814885049
highest fitness' collisions: 1.415999090400166
new generation:  357
Fittest                      24.096000935744037
highest fitness' coverage:   38.120952475853095
highest fitness' collisions: 1.4024951540109059
new generation:  358
Fittest                      24.285805348331593
highest fitness' coverage:   38.090410322436774
highest fitness' collisions: 1.3804604974105181
new generation:  359
Fittest                      24.567591668041338
highest fitness' coverage:   39.092673444600585
highest fitness' collisions: 1.4525081776559248
new generation:  360
Fittest                      24.929416249484486
highest fitness' coverage:   39.09901425872191
highest fitness' collisions: 1.4169598009237423
new generation:  361
Fittest                      25.002397487281648
highest fitness' coverage:   39.111947429456414
highest fitness' collisions: 1.4109549942174768
new generation:  362
Fittest                      25.143786848216486
highest fitness' coverage:   39.10521556145602
highest fitness' collisions: 1.3961428713239536
new generation:  363
Fittest                      25.279952605213587
highest fitness' coverage:   39.104200173649694
highest fitness' collisions: 1.3824247568436105
new generation:  364
Fittest                      25.42496430199697
highest fitness' coverage:   39.149489755122104
highest fitness' collisions: 1.3724525453125136
new generation:  365
Fittest                      25.53402996065261
highest fitness' coverage:   39.15816224106439
highest fitness' collisions: 1.362413228041178
new generation:  366
Fittest                      25.654453675035796
highest fitness' coverage:   39.1674099728945
highest fitness' collisions: 1.35129562978587
new generation:  367
Fittest                      25.691862262833624
highest fitness' coverage:   39.16093326571132
highest fitness' collisions: 1.34690710028777
new generation:  368
Fittest                      25.86112649359085
highest fitness' coverage:   39.16059267913502
highest fitness' collisions: 1.3299466185544173
new generation:  369
Fittest                      26.130745669961954
highest fitness' coverage:   39.12486013160216
highest fitness' collisions: 1.2994114461640207
new generation:  370
Fittest                      26.237586432617476
highest fitness' coverage:   39.08068049368523
highest fitness' collisions: 1.2843094061067755
new generation:  371
Fittest                      26.40480874338523
highest fitness' coverage:   39.10999693800739
highest fitness' collisions: 1.2705188194622161
new generation:  372
Fittest                      26.600298242373995
highest fitness' coverage:   39.02097123221162
highest fitness' collisions: 1.242067298983763
new generation:  373
Fittest                      26.903464177068223
highest fitness' coverage:   39.028941161228914
highest fitness' collisions: 1.2125476984160692
new generation:  374
Fittest                      26.936648880761634
highest fitness' coverage:   39.03486824664304
highest fitness' collisions: 1.2098219365881409
new generation:  375
Fittest                      27.026811914455635
highest fitness' coverage:   38.99600893969575
highest fitness' collisions: 1.1969197025240113
new generation:  376
Fittest                      27.109496943256325
highest fitness' coverage:   39.00543459250636
highest fitness' collisions: 1.189593764925004
new generation:  377
Fittest                      27.186825611021558
highest fitness' coverage:   38.99286093244261
highest fitness' collisions: 1.1806035321421053
new generation:  378
Fittest                      27.249187126990314
highest fitness' coverage:   38.99803402982947
highest fitness' collisions: 1.1748846902839156
new generation:  379
Fittest                      27.45642652771547
highest fitness' coverage:   39.562302749204086
highest fitness' collisions: 1.2105876221488616
new generation:  380
Fittest                      27.757688029268614
highest fitness' coverage:   39.25923500555616
highest fitness' collisions: 1.1501546976287542
new generation:  381
Fittest                      27.894145952128774
highest fitness' coverage:   39.29383030598977
highest fitness' collisions: 1.1399684353861
new generation:  382
Fittest                      28.08204262954086
highest fitness' coverage:   39.10518448664761
highest fitness' collisions: 1.1023141857106746
new generation:  383
Fittest                      28.183493913623167
highest fitness' coverage:   39.111168732241886
highest fitness' collisions: 1.092767481861872
new generation:  384
Fittest                      28.259639148057033
highest fitness' coverage:   39.09872741532465
highest fitness' collisions: 1.0839088267267618
new generation:  385
Fittest                      28.423622065554618
highest fitness' coverage:   39.33130280381357
highest fitness' collisions: 1.0907680738258956
new generation:  386
Fittest                      28.49629315065491
highest fitness' coverage:   39.29884365575821
highest fitness' collisions: 1.08025505051033
new generation:  387
Fittest                      28.753903024667725
highest fitness' coverage:   39.324038894945524
highest fitness' collisions: 1.05701358702778
new generation:  388
Fittest                      28.897517216146227
highest fitness' coverage:   39.35171377479445
highest fitness' collisions: 1.0454196558648219
new generation:  389
Fittest                      28.943468802247462
highest fitness' coverage:   39.33032767558348
highest fitness' collisions: 1.038685887333602
new generation:  390
Fittest                      29.025322947931897
highest fitness' coverage:   39.25947906179385
highest fitness' collisions: 1.0234156113861952
new generation:  391
Fittest                      29.149502002616586
highest fitness' coverage:   39.17676574485057
highest fitness' collisions: 1.0027263742233985
new generation:  392
Fittest                      29.228431720435786
highest fitness' coverage:   39.19885091659892
highest fitness' collisions: 0.9970419196163133
new generation:  393
Fittest                      29.375887658054758
highest fitness' coverage:   39.17684579605821
highest fitness' collisions: 0.9800958138003454
new generation:  394
Fittest                      29.48400770869854
highest fitness' coverage:   39.276454466319954
highest fitness' collisions: 0.9792446757621414
new generation:  395
Fittest                      29.543260466177976
highest fitness' coverage:   39.219957021798635
highest fitness' collisions: 0.9676696555620661
new generation:  396
Fittest                      29.572962809931212
highest fitness' coverage:   39.19521707631272
highest fitness' collisions: 0.9622254266381512
new generation:  397
Fittest                      29.645964112998342
highest fitness' coverage:   39.20732957867022
highest fitness' collisions: 0.9561365465671877
new generation:  398
Fittest                      29.70606867056309
highest fitness' coverage:   39.20418858303159
highest fitness' collisions: 0.9498119912468497
new generation:  399
Fittest                      29.827013417818826
highest fitness' coverage:   39.138234549429356
highest fitness' collisions: 0.9311221131610532
new generation:  400
Fittest                      30.02426493986502
highest fitness' coverage:   40.25502621030898
highest fitness' collisions: 1.0230761270443964
new generation:  401
Fittest                      30.145579291080473
highest fitness' coverage:   40.193461386524966
highest fitness' collisions: 1.0047882095444491
new generation:  402
Fittest                      30.27737991981727
highest fitness' coverage:   40.177785925287026
highest fitness' collisions: 0.9900406005469755
new generation:  403
Fittest                      30.318099503282347
highest fitness' coverage:   40.218505508752095
highest fitness' collisions: 0.9900406005469748
new generation:  404
Fittest                      30.350771585222816
highest fitness' coverage:   40.181283272162254
highest fitness' collisions: 0.9830511686939437
new generation:  405
Fittest                      30.36031622982778
highest fitness' coverage:   40.190827916767205
highest fitness' collisions: 0.9830511686939425
new generation:  406
Fittest                      30.43566291201793
highest fitness' coverage:   40.203568547517335
highest fitness' collisions: 0.9767905635499406
new generation:  407
Fittest                      30.540719273106653
highest fitness' coverage:   40.19406862644059
highest fitness' collisions: 0.9653349353333939
new generation:  408
Fittest                      30.578162929184575
highest fitness' coverage:   40.175834626368
highest fitness' collisions: 0.9597671697183426
new generation:  409
Fittest                      30.720739157328172
highest fitness' coverage:   40.15552667367127
highest fitness' collisions: 0.9434787516343096
new generation:  410
Fittest                      30.742677897095078
highest fitness' coverage:   40.177465413438185
highest fitness' collisions: 0.9434787516343109
new generation:  411
Fittest                      30.773242597246238
highest fitness' coverage:   40.28103296002707
highest fitness' collisions: 0.9507790362780832
new generation:  412
Fittest                      30.82980197211099
highest fitness' coverage:   40.28675459447068
highest fitness' collisions: 0.945695262235969
new generation:  413
Fittest                      30.866320997144236
highest fitness' coverage:   40.28376819370553
highest fitness' collisions: 0.9417447196561293
new generation:  414
Fittest                      30.977649968988253
highest fitness' coverage:   40.230720324027644
highest fitness' collisions: 0.925307035503939
new generation:  415
Fittest                      31.062043835482722
highest fitness' coverage:   40.27923950891675
highest fitness' collisions: 0.9217195673434031
new generation:  416
Fittest                      31.104156122078148
highest fitness' coverage:   40.27296255331537
highest fitness' collisions: 0.9168806431237218
new generation:  417
Fittest                      31.205240711358115
highest fitness' coverage:   40.257631736174496
highest fitness' collisions: 0.9052391024816379
new generation:  418
Fittest                      31.339983711821425
highest fitness' coverage:   40.3751410071978
highest fitness' collisions: 0.9035157295376374
new generation:  419
Fittest                      31.489856242495975
highest fitness' coverage:   40.15322495545331
highest fitness' collisions: 0.8663368712957337
new generation:  420
Fittest                      31.638407857926552
highest fitness' coverage:   40.21654305530343
highest fitness' collisions: 0.8578135197376878
new generation:  421
Fittest                      31.78899964994526
highest fitness' coverage:   40.170279814675084
highest fitness' collisions: 0.8381280164729824
new generation:  422
Fittest                      31.85887179586598
highest fitness' coverage:   40.106585346985334
highest fitness' collisions: 0.8247713551119353
new generation:  423
Fittest                      31.94782075395303
highest fitness' coverage:   40.19060778881968
highest fitness' collisions: 0.8242787034866653
new generation:  424
Fittest                      31.948226384895012
highest fitness' coverage:   40.14708795545185
highest fitness' collisions: 0.819886157055684
new generation:  425
Fittest                      32.003555614914184
highest fitness' coverage:   40.187635695794114
highest fitness' collisions: 0.8184080080879932
new generation:  426
Fittest                      32.090446932936274
highest fitness' coverage:   40.27125559610524
highest fitness' collisions: 0.8180808663168965
new generation:  427
Fittest                      32.13508744107267
highest fitness' coverage:   40.26410986478733
highest fitness' collisions: 0.8129022423714661
new generation:  428
Fittest                      32.18118698040434
highest fitness' coverage:   40.279875907277315
highest fitness' collisions: 0.8098688926872973
new generation:  429
Fittest                      32.25858092667104
highest fitness' coverage:   40.3372060192441
highest fitness' collisions: 0.8078625092573063
new generation:  430
Fittest                      32.32301580404728
highest fitness' coverage:   40.336991740985326
highest fitness' collisions: 0.8013975936938045
new generation:  431
Fittest                      32.35783559897861
highest fitness' coverage:   40.33785653339039
highest fitness' collisions: 0.7980020934411777
new generation:  432
Fittest                      32.43345870260363
highest fitness' coverage:   40.464565472385374
highest fitness' collisions: 0.8031106769781742
new generation:  433
Fittest                      32.464263953282334
highest fitness' coverage:   40.449321484940064
highest fitness' collisions: 0.798505753165773
new generation:  434
Fittest                      32.492974200521324
highest fitness' coverage:   40.31873970448984
highest fitness' collisions: 0.7825765503968519
new generation:  435
Fittest                      32.53911693372562
highest fitness' coverage:   40.34365993588592
highest fitness' collisions: 0.780454300216029
new generation:  436
Fittest                      32.56440829708323
highest fitness' coverage:   40.33732852264183
highest fitness' collisions: 0.7772920225558604
new generation:  437
Fittest                      32.62535514780789
highest fitness' coverage:   40.359372672521296
highest fitness' collisions: 0.773401752471341
new generation:  438
Fittest                      32.700686931250615
highest fitness' coverage:   40.347913127265585
highest fitness' collisions: 0.764722619601497
new generation:  439
Fittest                      32.795076550768336
highest fitness' coverage:   40.39467905875481
highest fitness' collisions: 0.7599602507986476
new generation:  440
Fittest                      32.885397990335775
highest fitness' coverage:   40.45717759085962
highest fitness' collisions: 0.7571779600523847
new generation:  441
Fittest                      33.01628320521118
highest fitness' coverage:   41.003131740457164
highest fitness' collisions: 0.798684853524598
new generation:  442
Fittest                      33.011939268512386
highest fitness' coverage:   40.94624781221229
highest fitness' collisions: 0.7934308543699905
new generation:  443
Fittest                      33.071999723804
highest fitness' coverage:   40.977569522405346
highest fitness' collisions: 0.7905569798601351
new generation:  444
Fittest                      33.15179257941667
highest fitness' coverage:   41.01435829240529
highest fitness' collisions: 0.7862565712988622
new generation:  445
Fittest                      33.24287359586237
highest fitness' coverage:   40.96760892554987
highest fitness' collisions: 0.7724735329687497
new generation:  446
Fittest                      33.268462286584636
highest fitness' coverage:   40.91875740933738
highest fitness' collisions: 0.7650295122752748
new generation:  447
Fittest                      33.399297426663004
highest fitness' coverage:   40.96169433008927
highest fitness' collisions: 0.7562396903426271
new generation:  448
Fittest                      33.44018627762658
highest fitness' coverage:   40.97726223222459
highest fitness' collisions: 0.7537075954598009
new generation:  449
Fittest                      33.454886647404905
highest fitness' coverage:   40.96157009417203
highest fitness' collisions: 0.7506683446767131
new generation:  450
Fittest                      33.514657618825176
highest fitness' coverage:   40.940577281780676
highest fitness' collisions: 0.7425919662955499
new generation:  451
Fittest                      33.555993194331144
highest fitness' coverage:   40.89972307171638
highest fitness' collisions: 0.7343729877385237
new generation:  452
Fittest                      33.62881810460044
highest fitness' coverage:   40.97768264356854
highest fitness' collisions: 0.7348864538968098
new generation:  453
Fittest                      33.64843576123864
highest fitness' coverage:   40.98682980038785
highest fitness' collisions: 0.7338394039149218
new generation:  454
Fittest                      33.63386194239502
highest fitness' coverage:   40.98650481272981
highest fitness' collisions: 0.735264287033479
new generation:  455
Fittest                      33.67372210713006
highest fitness' coverage:   41.01134046807655
highest fitness' collisions: 0.733761836094649
new generation:  456
Fittest                      33.72324814062598
highest fitness' coverage:   41.00763738019358
highest fitness' collisions: 0.7284389239567605
new generation:  457
Fittest                      33.74828513240863
highest fitness' coverage:   41.00105159537456
highest fitness' collisions: 0.7252766462965928
new generation:  458
Fittest                      33.77020084220056
highest fitness' coverage:   41.02296730516649
highest fitness' collisions: 0.7252766462965928
new generation:  459
Fittest                      33.8009564133881
highest fitness' coverage:   41.05372287635402
highest fitness' collisions: 0.7252766462965923
new generation:  460
Fittest                      33.79079032505585
highest fitness' coverage:   41.016518580368185
highest fitness' collisions: 0.7225728255312335
new generation:  461
Fittest                      33.7989039354549
highest fitness' coverage:   41.01952006850729
highest fitness' collisions: 0.7220616133052392
new generation:  462
Fittest                      33.8598184494337
highest fitness' coverage:   41.03833414428419
highest fitness' collisions: 0.7178515694850487
new generation:  463
Fittest                      33.86310677116636
highest fitness' coverage:   41.04162246601683
highest fitness' collisions: 0.7178515694850475
new generation:  464
Fittest                      33.869602477064134
highest fitness' coverage:   41.01630484924114
highest fitness' collisions: 0.7146702372177006
new generation:  465
Fittest                      33.912886625003125
highest fitness' coverage:   40.99465027048885
highest fitness' collisions: 0.7081763645485722
new generation:  466
Fittest                      34.02721286797429
highest fitness' coverage:   41.031848111363615
highest fitness' collisions: 0.7004635243389324
new generation:  467
Fittest                      34.079617995996344
highest fitness' coverage:   40.988661951493825
highest fitness' collisions: 0.6909043955497484
new generation:  468
Fittest                      34.11114782081413
highest fitness' coverage:   41.5171678570604
highest fitness' collisions: 0.7406020036246266
new generation:  469
Fittest                      34.19308700329283
highest fitness' coverage:   41.49505151086643
highest fitness' collisions: 0.7301964507573601
new generation:  470
Fittest                      34.35936571539978
highest fitness' coverage:   41.553991247938534
highest fitness' collisions: 0.7194625532538749
new generation:  471
Fittest                      34.36583251141995
highest fitness' coverage:   41.5604580439587
highest fitness' collisions: 0.7194625532538748
new generation:  472
Fittest                      34.40697508196858
highest fitness' coverage:   41.60685085662865
highest fitness' collisions: 0.7199875774660061
new generation:  473
Fittest                      34.367309038165985
highest fitness' coverage:   41.56718481282603
highest fitness' collisions: 0.7199875774660047
new generation:  474
Fittest                      34.38324754423811
highest fitness' coverage:   41.58312331889816
highest fitness' collisions: 0.7199875774660053
new generation:  475
Fittest                      34.3838543434189
highest fitness' coverage:   41.579161011207496
highest fitness' collisions: 0.7195306667788596
new generation:  476
Fittest                      34.38708357194425
highest fitness' coverage:   41.582390239732845
highest fitness' collisions: 0.719530666778859
new generation:  477
Fittest                      34.44352791339567
highest fitness' coverage:   41.45791213812283
highest fitness' collisions: 0.701438422472716
new generation:  478
Fittest                      34.514200128350446
highest fitness' coverage:   41.54563205226424
highest fitness' collisions: 0.703143192391379
new generation:  479
Fittest                      34.50811328536075
highest fitness' coverage:   41.53198767746302
highest fitness' collisions: 0.7023874392102274
new generation:  480
Fittest                      34.511104155536835
highest fitness' coverage:   41.563325627858575
highest fitness' collisions: 0.705222147232174
new generation:  481
Fittest                      34.56892679583158
highest fitness' coverage:   41.45673707833861
highest fitness' collisions: 0.6887810282507034
new generation:  482
Fittest                      34.60413112986373
highest fitness' coverage:   41.48452830995776
highest fitness' collisions: 0.6880397180094029
new generation:  483
Fittest                      34.63867677000944
highest fitness' coverage:   41.51907395010347
highest fitness' collisions: 0.6880397180094027
new generation:  484
Fittest                      34.66743110507954
highest fitness' coverage:   41.49389456764293
highest fitness' collisions: 0.6826463462563396
new generation:  485
Fittest                      34.7113445208046
highest fitness' coverage:   41.53354218817997
highest fitness' collisions: 0.6822197667375373
new generation:  486
Fittest                      34.695539839945894
highest fitness' coverage:   41.527144986551484
highest fitness' collisions: 0.6831605146605589
new generation:  487
Fittest                      34.72469610946312
highest fitness' coverage:   41.416411379800614
highest fitness' collisions: 0.6691715270337495
new generation:  488
Fittest                      34.83839809073318
highest fitness' coverage:   41.315776017044165
highest fitness' collisions: 0.6477377926310982
new generation:  489
Fittest                      34.8913107089608
highest fitness' coverage:   41.36868863527179
highest fitness' collisions: 0.6477377926310982
new generation:  490
Fittest                      34.899001362786315
highest fitness' coverage:   41.36876182932939
highest fitness' collisions: 0.6469760466543073
new generation:  491
Fittest                      34.912265756612534
highest fitness' coverage:   41.371837478867874
highest fitness' collisions: 0.6459571722255343
new generation:  492
Fittest                      34.95325153562457
highest fitness' coverage:   41.35021857411343
highest fitness' collisions: 0.6396967038488861
new generation:  493
Fittest                      34.986724266403456
highest fitness' coverage:   41.33483390330684
highest fitness' collisions: 0.6348109636903382
new generation:  494
Fittest                      35.04043292643814
highest fitness' coverage:   41.34057191318188
highest fitness' collisions: 0.6300138986743739
new generation:  495
Fittest                      35.17958140894585
highest fitness' coverage:   41.396078421137126
highest fitness' collisions: 0.6216497012191275
new generation:  496
Fittest                      35.167811483819214
highest fitness' coverage:   41.384308496010505
highest fitness' collisions: 0.621649701219129
new generation:  497
Fittest                      35.17054998324976
highest fitness' coverage:   41.3677684683467
highest fitness' collisions: 0.6197218485096945
new generation:  498
Fittest                      35.220158236878724
highest fitness' coverage:   41.40526508651656
highest fitness' collisions: 0.618510684963783
new generation:  499
Fittest                      35.18126413997375
highest fitness' coverage:   41.3466710668463
highest fitness' collisions: 0.6165406926872551
new generation:  500
Fittest                      35.23813264722849
highest fitness' coverage:   41.40200006514665
highest fitness' collisions: 0.6163867417918163
new generation:  501
Fittest                      35.21985629740287
highest fitness' coverage:   41.383723715321025
highest fitness' collisions: 0.6163867417918159
new generation:  502
Fittest                      35.24430620679265
highest fitness' coverage:   41.37217604750444
highest fitness' collisions: 0.6127869840711786
new generation:  503
Fittest                      35.27162939122095
highest fitness' coverage:   41.367292752802754
highest fitness' collisions: 0.6095663361581809
new generation:  504
Fittest                      35.27270355264392
highest fitness' coverage:   41.368366914225724
highest fitness' collisions: 0.6095663361581808
new generation:  505
Fittest                      35.278295328081526
highest fitness' coverage:   41.32032829199991
highest fitness' collisions: 0.6042032963918381
new generation:  506
Fittest                      35.285622324494405
highest fitness' coverage:   41.30815100809045
highest fitness' collisions: 0.6022528683596043
new generation:  507
Fittest                      35.39795631931162
highest fitness' coverage:   41.33472429894294
highest fitness' collisions: 0.5936767979631318
new generation:  508
Fittest                      35.41983133197782
highest fitness' coverage:   41.35659931160913
highest fitness' collisions: 0.5936767979631314
new generation:  509
Fittest                      35.439279724569374
highest fitness' coverage:   41.32552212376358
highest fitness' collisions: 0.58862423991942
new generation:  510
Fittest                      35.464133099485714
highest fitness' coverage:   41.30341035111276
highest fitness' collisions: 0.5839277251627046
new generation:  511
Fittest                      35.555689156222
highest fitness' coverage:   41.35621678773023
highest fitness' collisions: 0.5800527631508229
new generation:  512
Fittest                      35.56222589247827
highest fitness' coverage:   41.304270523479374
highest fitness' collisions: 0.5742044631001106
new generation:  513
Fittest                      35.65248129509847
highest fitness' coverage:   41.397130005369426
highest fitness' collisions: 0.5744648710270962
new generation:  514
Fittest                      35.60805600443614
highest fitness' coverage:   41.31333564135615
highest fitness' collisions: 0.5705279636920003
new generation:  515
Fittest                      35.647752983915325
highest fitness' coverage:   41.3822494720479
highest fitness' collisions: 0.573449648813258
new generation:  516
Fittest                      35.68902301316664
highest fitness' coverage:   41.403075960707994
highest fitness' collisions: 0.5714052947541352
new generation:  517
Fittest                      35.70111637422715
highest fitness' coverage:   41.387715239001515
highest fitness' collisions: 0.5686598864774365
new generation:  518
Fittest                      35.72600313150413
highest fitness' coverage:   41.412601996278504
highest fitness' collisions: 0.5686598864774373
new generation:  519
Fittest                      35.729919417394214
highest fitness' coverage:   41.41651828216858
highest fitness' collisions: 0.568659886477437
new generation:  520
Fittest                      35.68845223406548
highest fitness' coverage:   41.37505109883985
highest fitness' collisions: 0.5686598864774367
new generation:  521
Fittest                      35.69531945713854
highest fitness' coverage:   41.381918321912906
highest fitness' collisions: 0.5686598864774368
new generation:  522
Fittest                      35.73282012184302
highest fitness' coverage:   41.40259067527999
highest fitness' collisions: 0.5669770553436966
new generation:  523
Fittest                      35.73660415019401
highest fitness' coverage:   41.40637470363097
highest fitness' collisions: 0.5669770553436966
new generation:  524
Fittest                      35.72928243417664
highest fitness' coverage:   41.38770500016125
highest fitness' collisions: 0.5658422565984608
new generation:  525
Fittest                      35.77384030742074
highest fitness' coverage:   41.43226287340534
highest fitness' collisions: 0.5658422565984603
new generation:  526
Fittest                      35.772839173304405
highest fitness' coverage:   41.43126173928903
highest fitness' collisions: 0.5658422565984619
new generation:  527
Fittest                      35.73973497684037
highest fitness' coverage:   41.39815754282499
highest fitness' collisions: 0.5658422565984619
new generation:  528
Fittest                      35.74137727334343
highest fitness' coverage:   41.40279900184703
highest fitness' collisions: 0.5661421728503598
new generation:  529
Fittest                      35.72371397674289
highest fitness' coverage:   41.36255155440511
highest fitness' collisions: 0.5638837577662217
new generation:  530
Fittest                      35.76959417128582
highest fitness' coverage:   41.37827528045226
highest fitness' collisions: 0.5608681109166437
new generation:  531
Fittest                      35.82862108855374
highest fitness' coverage:   41.37784459914937
highest fitness' collisions: 0.5549223510595631
new generation:  532
Fittest                      35.824811209387576
highest fitness' coverage:   41.37486438208901
highest fitness' collisions: 0.5550053172701436
new generation:  533
Fittest                      35.848025822811096
highest fitness' coverage:   41.348893753080276
highest fitness' collisions: 0.5500867930269177
new generation:  534
Fittest                      35.91739502656267
highest fitness' coverage:   41.36493493622298
highest fitness' collisions: 0.5447539909660304
new generation:  535
Fittest                      35.96522970798461
highest fitness' coverage:   41.36787840780019
highest fitness' collisions: 0.5402648699815581
new generation:  536
Fittest                      35.99650694887768
highest fitness' coverage:   41.39915564869326
highest fitness' collisions: 0.5402648699815579
new generation:  537
Fittest                      35.99788001914597
highest fitness' coverage:   41.3773198937763
highest fitness' collisions: 0.537943987463034
new generation:  538
Fittest                      36.002000678439636
highest fitness' coverage:   41.34918782370636
highest fitness' collisions: 0.5347187145266722
new generation:  539
Fittest                      36.002942439177616
highest fitness' coverage:   41.334578979291294
highest fitness' collisions: 0.5331636540113681
new generation:  540
Fittest                      36.022324895349875
highest fitness' coverage:   41.35036392752488
highest fitness' collisions: 0.5328039032175008
new generation:  541
Fittest                      36.05712376685925
highest fitness' coverage:   41.34829091003449
highest fitness' collisions: 0.5291167143175244
new generation:  542
Fittest                      36.05860308445379
highest fitness' coverage:   41.38460140178412
highest fitness' collisions: 0.5325998317330322
new generation:  543
Fittest                      36.06792335663001
highest fitness' coverage:   41.39392167396034
highest fitness' collisions: 0.532599831733033
new generation:  544
Fittest                      36.085498964652295
highest fitness' coverage:   41.39454593960301
highest fitness' collisions: 0.5309046974950719
new generation:  545
Fittest                      36.06345385435664
highest fitness' coverage:   41.372500829307356
highest fitness' collisions: 0.5309046974950719
new generation:  546
Fittest                      36.07913765202517
highest fitness' coverage:   41.388184626975885
highest fitness' collisions: 0.530904697495072
new generation:  547
Fittest                      36.094202670855225
highest fitness' coverage:   41.40004221772968
highest fitness' collisions: 0.5305839546874456
new generation:  548
Fittest                      36.07262033600473
highest fitness' coverage:   41.3784598828792
highest fitness' collisions: 0.5305839546874463
new generation:  549
Fittest                      36.07294848886769
highest fitness' coverage:   41.37878803574215
highest fitness' collisions: 0.5305839546874461
new generation:  550
Fittest                      36.10986998853411
highest fitness' coverage:   41.41570953540857
highest fitness' collisions: 0.5305839546874459
new generation:  551
Fittest                      36.107682138492784
highest fitness' coverage:   41.34388242949807
highest fitness' collisions: 0.523620029100529
new generation:  552
Fittest                      36.17488321496648
highest fitness' coverage:   41.37558823812025
highest fitness' collisions: 0.5200705023153771
new generation:  553
Fittest                      36.17317284837641
highest fitness' coverage:   41.40301882085078
highest fitness' collisions: 0.522984597247437
new generation:  554
Fittest                      36.154576164352655
highest fitness' coverage:   41.34802589012039
highest fitness' collisions: 0.5193449725767736
new generation:  555
Fittest                      36.22066317631935
highest fitness' coverage:   41.37251475776458
highest fitness' collisions: 0.5151851581445231
new generation:  556
Fittest                      36.250895687161446
highest fitness' coverage:   41.39826376468634
highest fitness' collisions: 0.5147368077524895
new generation:  557
Fittest                      36.21581395137753
highest fitness' coverage:   41.36318202890242
highest fitness' collisions: 0.5147368077524896
new generation:  558
Fittest                      36.28023681156456
highest fitness' coverage:   41.352860843073536
highest fitness' collisions: 0.5072624031508974
new generation:  559
Fittest                      36.318844698747576
highest fitness' coverage:   41.39146873025655
highest fitness' collisions: 0.5072624031508972
new generation:  560
Fittest                      36.309188993973805
highest fitness' coverage:   41.38181302548278
highest fitness' collisions: 0.5072624031508972
new generation:  561
Fittest                      36.29414787693289
highest fitness' coverage:   41.303667448251446
highest fitness' collisions: 0.5009519571318556
new generation:  562
Fittest                      36.3715405327823
highest fitness' coverage:   41.381060104100854
highest fitness' collisions: 0.5009519571318558
new generation:  563
Fittest                      36.38417607936094
highest fitness' coverage:   41.3936956506795
highest fitness' collisions: 0.5009519571318553
new generation:  564
Fittest                      36.36793112307812
highest fitness' coverage:   41.37745069439668
highest fitness' collisions: 0.5009519571318554
new generation:  565
Fittest                      36.38141630276944
highest fitness' coverage:   41.39093587408799
highest fitness' collisions: 0.500951957131855
new generation:  566
Fittest                      36.377537741257555
highest fitness' coverage:   41.37800029563612
highest fitness' collisions: 0.5000462554378565
new generation:  567
Fittest                      36.38116016641165
highest fitness' coverage:   41.37209883968348
highest fitness' collisions: 0.49909386732718386
new generation:  568
Fittest                      36.377575823345836
highest fitness' coverage:   41.36851449661768
highest fitness' collisions: 0.499093867327184
new generation:  569
Fittest                      36.39601138085324
highest fitness' coverage:   41.38695005412508
highest fitness' collisions: 0.4990938673271838
new generation:  570
Fittest                      36.409290700283805
highest fitness' coverage:   41.400229373555646
highest fitness' collisions: 0.4990938673271842
new generation:  571
Fittest                      36.396081193935444
highest fitness' coverage:   41.38759945842408
highest fitness' collisions: 0.4991518264488631
new generation:  572
Fittest                      36.35328817515865
highest fitness' coverage:   41.344806439647286
highest fitness' collisions: 0.49915182644886363
new generation:  573
Fittest                      36.39227425268764
highest fitness' coverage:   41.3905533469302
highest fitness' collisions: 0.4998279094242554
new generation:  574
Fittest                      36.369120459760836
highest fitness' coverage:   41.353369066445694
highest fitness' collisions: 0.49842486066848546
new generation:  575
Fittest                      36.39389918945818
highest fitness' coverage:   41.37814779614304
highest fitness' collisions: 0.4984248606684856
new generation:  576
Fittest                      36.39477687107698
highest fitness' coverage:   41.362282665711504
highest fitness' collisions: 0.49675057946345264
new generation:  577
Fittest                      36.410772015586474
highest fitness' coverage:   41.41032569883873
highest fitness' collisions: 0.49995536832522564
new generation:  578
Fittest                      36.43281088882789
highest fitness' coverage:   41.43236457208015
highest fitness' collisions: 0.4999553683252259
new generation:  579
Fittest                      36.43275058013859
highest fitness' coverage:   41.43230426339084
highest fitness' collisions: 0.49995536832522547
new generation:  580
Fittest                      36.44265438706298
highest fitness' coverage:   41.44220807031524
highest fitness' collisions: 0.49995536832522564
new generation:  581
Fittest                      36.432237912855484
highest fitness' coverage:   41.430500033239
highest fitness' collisions: 0.49982621203835154
new generation:  582
Fittest                      36.47475313075702
highest fitness' coverage:   41.4063512465446
highest fitness' collisions: 0.4931598115787578
new generation:  583
Fittest                      36.5253007791027
highest fitness' coverage:   41.347279421937166
highest fitness' collisions: 0.4821978642834469
new generation:  584
Fittest                      36.56518574989469
highest fitness' coverage:   41.387164392729154
highest fitness' collisions: 0.4821978642834469
new generation:  585
Fittest                      36.55207505722618
highest fitness' coverage:   41.37235545640819
highest fitness' collisions: 0.48202803991820053
new generation:  586
Fittest                      36.56290250547926
highest fitness' coverage:   41.38109360853041
highest fitness' collisions: 0.4818191103051154
new generation:  587
Fittest                      36.56917824593792
highest fitness' coverage:   41.38736934898907
highest fitness' collisions: 0.48181911030511476
new generation:  588
Fittest                      36.58699281110707
highest fitness' coverage:   41.38858804508385
highest fitness' collisions: 0.48015952339767787
new generation:  589
Fittest                      36.59194011054985
highest fitness' coverage:   41.377902448182596
highest fitness' collisions: 0.4785962337632744
new generation:  590
Fittest                      36.59152026917238
highest fitness' coverage:   41.359245805338986
highest fitness' collisions: 0.47677255361666104
new generation:  591
Fittest                      36.635037427819114
highest fitness' coverage:   41.40276296398572
highest fitness' collisions: 0.4767725536166609
new generation:  592
Fittest                      36.621441838841484
highest fitness' coverage:   41.39017912378427
highest fitness' collisions: 0.47687372849427856
new generation:  593
Fittest                      36.60643376610966
highest fitness' coverage:   41.37517105105244
highest fitness' collisions: 0.47687372849427806
new generation:  594
Fittest                      36.58900999458686
highest fitness' coverage:   41.34958434608611
highest fitness' collisions: 0.4760574351499249
new generation:  595
Fittest                      36.61083022493057
highest fitness' coverage:   41.37140457642981
highest fitness' collisions: 0.47605743514992466
new generation:  596
Fittest                      36.60855779087531
highest fitness' coverage:   41.36913214237455
highest fitness' collisions: 0.47605743514992477
new generation:  597
Fittest                      36.62034993825976
highest fitness' coverage:   41.380924289759
highest fitness' collisions: 0.4760574351499246
new generation:  598
Fittest                      36.599087959923565
highest fitness' coverage:   41.35966231142282
highest fitness' collisions: 0.4760574351499249
new generation:  599
Fittest                      36.62550962361666
highest fitness' coverage:   41.39665215020804
highest fitness' collisions: 0.4771142526591385
new generation:  600
Fittest                      36.579010610018074
highest fitness' coverage:   41.35015313660946
highest fitness' collisions: 0.4771142526591386
new generation:  601
Fittest                      36.72518608794299
highest fitness' coverage:   41.33712339096169
highest fitness' collisions: 0.4611937303018707
new generation:  602
Fittest                      36.77112392316083
highest fitness' coverage:   41.35244686742537
highest fitness' collisions: 0.4581322944264543
new generation:  603
Fittest                      36.769504504115226
highest fitness' coverage:   41.362691804864525
highest fitness' collisions: 0.4593187300749302
new generation:  604
Fittest                      36.77495222915051
highest fitness' coverage:   41.29666769091278
highest fitness' collisions: 0.4521715461762271
new generation:  605
Fittest                      36.85523968560783
highest fitness' coverage:   41.32467023898303
highest fitness' collisions: 0.44694305533752016
new generation:  606
Fittest                      36.852113096992866
highest fitness' coverage:   41.32154365036807
highest fitness' collisions: 0.4469430553375202
new generation:  607
Fittest                      36.89133504913602
highest fitness' coverage:   41.26243294832064
highest fitness' collisions: 0.4371097899184618
new generation:  608
Fittest                      36.953317799188895
highest fitness' coverage:   41.26699324064507
highest fitness' collisions: 0.4313675441456178
new generation:  609
Fittest                      37.02642434242689
highest fitness' coverage:   41.340099783883076
highest fitness' collisions: 0.4313675441456182
new generation:  610
Fittest                      36.99850396355883
highest fitness' coverage:   41.31217940501501
highest fitness' collisions: 0.4313675441456177
new generation:  611
Fittest                      37.01123852811551
highest fitness' coverage:   41.32491396957169
highest fitness' collisions: 0.4313675441456176
new generation:  612
Fittest                      37.079046448788205
highest fitness' coverage:   41.28001066654078
highest fitness' collisions: 0.4200964217752577
new generation:  613
Fittest                      37.080809197502205
highest fitness' coverage:   41.24587205146307
highest fitness' collisions: 0.41650628539608603
new generation:  614
Fittest                      37.10838463412177
highest fitness' coverage:   41.258237239777415
highest fitness' collisions: 0.41498526056556473
new generation:  615
Fittest                      37.11659594639562
highest fitness' coverage:   41.26402694092387
highest fitness' collisions: 0.4147430994528246
new generation:  616
Fittest                      37.113910603144554
highest fitness' coverage:   41.26163671859547
highest fitness' collisions: 0.4147726115450916
new generation:  617
Fittest                      37.17504640540159
highest fitness' coverage:   41.669053173332465
highest fitness' collisions: 0.449400676793088
new generation:  618
Fittest                      37.226308259551374
highest fitness' coverage:   41.681112817652455
highest fitness' collisions: 0.4454804558101085
new generation:  619
Fittest                      37.27338665757688
highest fitness' coverage:   41.72819121567797
highest fitness' collisions: 0.44548045581010887
new generation:  620
Fittest                      37.255408226482785
highest fitness' coverage:   41.710212784583874
highest fitness' collisions: 0.4454804558101087
new generation:  621
Fittest                      37.25586726038199
highest fitness' coverage:   41.716099223677084
highest fitness' collisions: 0.44602319632950965
new generation:  622
Fittest                      37.24674470723739
highest fitness' coverage:   41.71571292524336
highest fitness' collisions: 0.446896821800597
new generation:  623
Fittest                      37.25042003717941
highest fitness' coverage:   41.719388255185386
highest fitness' collisions: 0.44689682180059737
new generation:  624
Fittest                      37.37672914799989
highest fitness' coverage:   41.64754627039534
highest fitness' collisions: 0.4270817122395448
new generation:  625
Fittest                      37.47080081061327
highest fitness' coverage:   41.70929206936976
highest fitness' collisions: 0.4238491258756487
new generation:  626
Fittest                      37.49481515380312
highest fitness' coverage:   41.73639670799212
highest fitness' collisions: 0.42415815541890006
new generation:  627
Fittest                      37.500252870290616
highest fitness' coverage:   41.696788914645026
highest fitness' collisions: 0.4196536044354408
new generation:  628
Fittest                      37.53256291031185
highest fitness' coverage:   41.705330897514905
highest fitness' collisions: 0.41727679872030515
new generation:  629
Fittest                      37.55739992525042
highest fitness' coverage:   41.72179017101146
highest fitness' collisions: 0.41643902457610427
new generation:  630
Fittest                      37.591158130861096
highest fitness' coverage:   41.755548376622144
highest fitness' collisions: 0.41643902457610465
new generation:  631
Fittest                      37.55652125511007
highest fitness' coverage:   41.70558799162819
highest fitness' collisions: 0.4149066736518125
new generation:  632
Fittest                      37.58647068599961
highest fitness' coverage:   41.730557386637045
highest fitness' collisions: 0.4144086700637436
new generation:  633
Fittest                      37.61721391332184
highest fitness' coverage:   41.687031040479305
highest fitness' collisions: 0.40698171271574657
new generation:  634
Fittest                      37.65609842125904
highest fitness' coverage:   41.70590228973797
highest fitness' collisions: 0.40498038684789317
new generation:  635
Fittest                      37.69810150945405
highest fitness' coverage:   41.713829078747
highest fitness' collisions: 0.40157275692929467
new generation:  636
Fittest                      37.7125735510342
highest fitness' coverage:   41.74598646781627
highest fitness' collisions: 0.40334129167820726
new generation:  637
Fittest                      37.74158387550475
highest fitness' coverage:   41.59811789130977
highest fitness' collisions: 0.38565340158050154
new generation:  638
Fittest                      37.79429517547635
highest fitness' coverage:   41.65082919128136
highest fitness' collisions: 0.38565340158050115
new generation:  639
Fittest                      37.77383717734685
highest fitness' coverage:   41.60465214426104
highest fitness' collisions: 0.38308149669141867
new generation:  640
Fittest                      37.827354431328686
highest fitness' coverage:   41.6262172093975
highest fitness' collisions: 0.37988627780688144
new generation:  641
Fittest                      37.805858064305696
highest fitness' coverage:   41.60472084237451
highest fitness' collisions: 0.37988627780688183
new generation:  642
Fittest                      37.82704980589367
highest fitness' coverage:   41.60798492543961
highest fitness' collisions: 0.3780935119545934
new generation:  643
Fittest                      37.84736710744627
highest fitness' coverage:   41.62751624706708
highest fitness' collisions: 0.37801491396208137
new generation:  644
Fittest                      37.853058557696336
highest fitness' coverage:   41.63320769731715
highest fitness' collisions: 0.3780149139620812
new generation:  645
Fittest                      37.84010045840812
highest fitness' coverage:   41.620249598028934
highest fitness' collisions: 0.37801491396208087
new generation:  646
Fittest                      37.88181040617995
highest fitness' coverage:   41.60443927654577
highest fitness' collisions: 0.37226288703658156
new generation:  647
Fittest                      37.897523385162806
highest fitness' coverage:   41.62015225552862
highest fitness' collisions: 0.3722628870365819
new generation:  648
Fittest                      37.900976054669364
highest fitness' coverage:   41.62360492503518
highest fitness' collisions: 0.37226288703658167
new generation:  649
Fittest                      37.916117883919725
highest fitness' coverage:   41.63874675428554
highest fitness' collisions: 0.3722628870365814
new generation:  650
Fittest                      37.88736215825564
highest fitness' coverage:   41.535774269310686
highest fitness' collisions: 0.36484121110550416
new generation:  651
Fittest                      37.88442653112696
highest fitness' coverage:   41.53283864218201
highest fitness' collisions: 0.36484121110550455
new generation:  652
Fittest                      37.87872170363245
highest fitness' coverage:   41.527133814687495
highest fitness' collisions: 0.3648412111055042
new generation:  653
Fittest                      37.88148085724676
highest fitness' coverage:   41.5298929683018
highest fitness' collisions: 0.3648412111055046
new generation:  654
Fittest                      37.86839237904061
highest fitness' coverage:   41.51680449009566
highest fitness' collisions: 0.36484121110550494
new generation:  655
Fittest                      37.88429071231704
highest fitness' coverage:   41.532702823372084
highest fitness' collisions: 0.3648412111055041
new generation:  656
Fittest                      37.868577458537196
highest fitness' coverage:   41.51698956959224
highest fitness' collisions: 0.36484121110550455
new generation:  657
Fittest                      37.8597464470805
highest fitness' coverage:   41.49049628155755
highest fitness' collisions: 0.36307498344770517
new generation:  658
Fittest                      37.894318671136865
highest fitness' coverage:   41.52506850561391
highest fitness' collisions: 0.36307498344770467
new generation:  659
Fittest                      37.92435471684198
highest fitness' coverage:   41.54747010390754
highest fitness' collisions: 0.36231153870655597
new generation:  660
Fittest                      37.914557923905505
highest fitness' coverage:   41.860297506887434
highest fitness' collisions: 0.3945739582981927
new generation:  661
Fittest                      37.930429183688716
highest fitness' coverage:   41.87616876667064
highest fitness' collisions: 0.39457395829819236
new generation:  662
Fittest                      37.93610922049855
highest fitness' coverage:   41.88184880348048
highest fitness' collisions: 0.3945739582981927
new generation:  663
Fittest                      37.93966129517992
highest fitness' coverage:   41.893912258543864
highest fitness' collisions: 0.39542509633639483
new generation:  664
Fittest                      37.94640565921359
highest fitness' coverage:   41.90065662257754
highest fitness' collisions: 0.3954250963363954
new generation:  665
Fittest                      37.92168061647319
highest fitness' coverage:   41.875931579837136
highest fitness' collisions: 0.3954250963363949
new generation:  666
Fittest                      37.937383374801875
highest fitness' coverage:   41.89163433816582
highest fitness' collisions: 0.39542509633639494
new generation:  667
Fittest                      37.92503079043278
highest fitness' coverage:   41.87928175379673
highest fitness' collisions: 0.3954250963363954
new generation:  668
Fittest                      37.89736111699273
highest fitness' coverage:   41.85161208035668
highest fitness' collisions: 0.39542509633639544
new generation:  669
Fittest                      37.899897019490815
highest fitness' coverage:   41.85414798285476
highest fitness' collisions: 0.395425096336395
new generation:  670
Fittest                      37.93851908576993
highest fitness' coverage:   41.89154598616631
highest fitness' collisions: 0.39530269003963714
new generation:  671
Fittest                      37.95842068005977
highest fitness' coverage:   41.87929675787835
highest fitness' collisions: 0.3920876077818584
new generation:  672
Fittest                      37.983486687572004
highest fitness' coverage:   41.90436276539059
highest fitness' collisions: 0.39208760778185847
new generation:  673
Fittest                      38.003940287452295
highest fitness' coverage:   41.98001558881744
highest fitness' collisions: 0.397607530136514
new generation:  674
Fittest                      38.0614360640203
highest fitness' coverage:   42.03294414251406
highest fitness' collisions: 0.39715080784937634
new generation:  675
Fittest                      38.087190539115056
highest fitness' coverage:   42.0137833163368
highest fitness' collisions: 0.39265927772217396
new generation:  676
Fittest                      38.15021781869335
highest fitness' coverage:   41.93861096960678
highest fitness' collisions: 0.37883931509134294
new generation:  677
Fittest                      38.24952178589787
highest fitness' coverage:   41.994599283077434
highest fitness' collisions: 0.37450774971795675
new generation:  678
Fittest                      38.24469331097846
highest fitness' coverage:   41.98977080815803
highest fitness' collisions: 0.37450774971795675
new generation:  679
Fittest                      38.23426717875635
highest fitness' coverage:   41.97934467593591
highest fitness' collisions: 0.37450774971795675
new generation:  680
Fittest                      38.22836819221111
highest fitness' coverage:   41.97344568939067
highest fitness' collisions: 0.3745077497179565
new generation:  681
Fittest                      38.22511383189892
highest fitness' coverage:   41.97019132907849
highest fitness' collisions: 0.37450774971795636
new generation:  682
Fittest                      38.23347322451106
highest fitness' coverage:   42.01380427884001
highest fitness' collisions: 0.3780331054328953
new generation:  683
Fittest                      38.19007940513396
highest fitness' coverage:   41.970410459462904
highest fitness' collisions: 0.37803310543289503
new generation:  684
Fittest                      38.19580897754802
highest fitness' coverage:   41.97614003187697
highest fitness' collisions: 0.37803310543289526
new generation:  685
Fittest                      38.30698095250508
highest fitness' coverage:   41.8670502972995
highest fitness' collisions: 0.356006934479442
new generation:  686
Fittest                      38.38641021303182
highest fitness' coverage:   41.938382881470304
highest fitness' collisions: 0.35519726684384806
new generation:  687
Fittest                      38.37096066454453
highest fitness' coverage:   41.891310556381335
highest fitness' collisions: 0.35203498918367987
new generation:  688
Fittest                      38.402747478069735
highest fitness' coverage:   41.923097369906536
highest fitness' collisions: 0.35203498918368004
new generation:  689
Fittest                      38.40622826204405
highest fitness' coverage:   41.92657815388085
highest fitness' collisions: 0.35203498918367965
new generation:  690
Fittest                      38.457122070554206
highest fitness' coverage:   41.87369003021704
highest fitness' collisions: 0.34165679596628323
new generation:  691
Fittest                      38.49480442678986
highest fitness' coverage:   41.9113723864527
highest fitness' collisions: 0.3416567959662835
new generation:  692
Fittest                      38.51969851590004
highest fitness' coverage:   41.8953662212748
highest fitness' collisions: 0.33756677053747597
new generation:  693
Fittest                      38.55375097971176
highest fitness' coverage:   41.92941868508652
highest fitness' collisions: 0.3375667705374761
new generation:  694
Fittest                      38.572138573151655
highest fitness' coverage:   41.85485267894542
highest fitness' collisions: 0.32827141057937653
new generation:  695
Fittest                      38.58828126438915
highest fitness' coverage:   41.87099537018292
highest fitness' collisions: 0.32827141057937637
new generation:  696
Fittest                      38.664438725138204
highest fitness' coverage:   42.61185183259299
highest fitness' collisions: 0.3947413107454786
new generation:  697
Fittest                      38.68590697349092
highest fitness' coverage:   42.63332008094571
highest fitness' collisions: 0.39474131074547836
new generation:  698
Fittest                      38.977737036953215
highest fitness' coverage:   42.61482232205797
highest fitness' collisions: 0.3637085285104755
new generation:  699
Fittest                      39.025362658678695
highest fitness' coverage:   42.62399045835702
highest fitness' collisions: 0.3598627799678328
new generation:  700
Fittest                      39.04018618605354
highest fitness' coverage:   42.61471267554438
highest fitness' collisions: 0.35745264894908463
new generation:  701
Fittest                      39.06498330398309
highest fitness' coverage:   42.639509793473934
highest fitness' collisions: 0.3574526489490846
new generation:  702
Fittest                      39.03713140456784
highest fitness' coverage:   42.61165789405868
highest fitness' collisions: 0.3574526489490843
new generation:  703
Fittest                      39.0532230761555
highest fitness' coverage:   42.62118512359703
highest fitness' collisions: 0.3567962047441531
new generation:  704
Fittest                      39.07492493764608
highest fitness' coverage:   42.62405425756689
highest fitness' collisions: 0.3549129319920809
new generation:  705
Fittest                      39.08785201155635
highest fitness' coverage:   42.63022050172324
highest fitness' collisions: 0.35423684901668884
new generation:  706
Fittest                      39.095391880969316
highest fitness' coverage:   42.63776037113621
highest fitness' collisions: 0.3542368490166891
new generation:  707
Fittest                      39.12887472894216
highest fitness' coverage:   42.57485103988156
highest fitness' collisions: 0.34459763109393976
new generation:  708
Fittest                      39.18029138740397
highest fitness' coverage:   42.561051956577565
highest fitness' collisions: 0.3380760569173595
new generation:  709
Fittest                      39.20437724620236
highest fitness' coverage:   42.58513781537596
highest fitness' collisions: 0.33807605691735954
new generation:  710
Fittest                      39.199001198045444
highest fitness' coverage:   42.57976176721904
highest fitness' collisions: 0.3380760569173596
new generation:  711
Fittest                      39.200996970058235
highest fitness' coverage:   42.58175753923184
highest fitness' collisions: 0.33807605691736026
new generation:  712
Fittest                      39.17171289584853
highest fitness' coverage:   42.551660634505964
highest fitness' collisions: 0.33799477386574334
new generation:  713
Fittest                      39.20502604610235
highest fitness' coverage:   42.58497378475978
highest fitness' collisions: 0.33799477386574345
new generation:  714
Fittest                      39.22434476643827
highest fitness' coverage:   42.607137406112294
highest fitness' collisions: 0.33827926396740243
new generation:  715
Fittest                      39.21464208110645
highest fitness' coverage:   42.564222090647625
highest fitness' collisions: 0.3349580009541176
new generation:  716
Fittest                      39.21998627837364
highest fitness' coverage:   42.56956628791481
highest fitness' collisions: 0.3349580009541172
new generation:  717
Fittest                      39.21756654864322
highest fitness' coverage:   42.5671465581844
highest fitness' collisions: 0.33495800095411776
new generation:  718
Fittest                      39.22627869856486
highest fitness' coverage:   42.57585870810603
highest fitness' collisions: 0.33495800095411726
new generation:  719
Fittest                      39.227291740058234
highest fitness' coverage:   42.57687174959941
highest fitness' collisions: 0.33495800095411754
new generation:  720
Fittest                      39.24254386349341
highest fitness' coverage:   42.57573311160042
highest fitness' collisions: 0.33331892481070124
new generation:  721
Fittest                      39.2529068241943
highest fitness' coverage:   42.58609607230131
highest fitness' collisions: 0.3333189248107013
new generation:  722
Fittest                      39.257770714391256
highest fitness' coverage:   42.59095996249827
highest fitness' collisions: 0.3333189248107009
new generation:  723
Fittest                      39.26131809480081
highest fitness' coverage:   42.59450734290782
highest fitness' collisions: 0.33331892481070097
new generation:  724
Fittest                      39.233578426031514
highest fitness' coverage:   42.56676767413853
highest fitness' collisions: 0.3333189248107016
new generation:  725
Fittest                      39.233230864731595
highest fitness' coverage:   42.56642011283861
highest fitness' collisions: 0.3333189248107011
new generation:  726
Fittest                      39.24248127250832
highest fitness' coverage:   42.57567052061533
highest fitness' collisions: 0.33331892481070113
new generation:  727
Fittest                      39.235576191287606
highest fitness' coverage:   42.57223055543603
highest fitness' collisions: 0.3336654364148425
new generation:  728
Fittest                      39.245955196684406
highest fitness' coverage:   42.58260956083283
highest fitness' collisions: 0.33366543641484214
new generation:  729
Fittest                      39.268140052022254
highest fitness' coverage:   42.60479441617067
highest fitness' collisions: 0.33366543641484164
new generation:  730
Fittest                      39.34900410222956
highest fitness' coverage:   42.68565846637798
highest fitness' collisions: 0.333665436414842
new generation:  731
Fittest                      39.33741684772261
highest fitness' coverage:   42.67407121187103
highest fitness' collisions: 0.3336654364148423
new generation:  732
Fittest                      39.330152518113415
highest fitness' coverage:   42.66680688226184
highest fitness' collisions: 0.3336654364148424
new generation:  733
Fittest                      39.339556789942414
highest fitness' coverage:   42.676211154090836
highest fitness' collisions: 0.333665436414842
new generation:  734
Fittest                      39.37110923000965
highest fitness' coverage:   42.707763594158074
highest fitness' collisions: 0.333665436414842
new generation:  735
Fittest                      39.37247487165259
highest fitness' coverage:   42.57240831545377
highest fitness' collisions: 0.31999334438011784
new generation:  736
Fittest                      39.378965944936084
highest fitness' coverage:   42.58528751011143
highest fitness' collisions: 0.3206321565175345
new generation:  737
Fittest                      39.3783236048219
highest fitness' coverage:   42.58464516999725
highest fitness' collisions: 0.3206321565175348
new generation:  738
Fittest                      39.3720346238193
highest fitness' coverage:   42.578356188994654
highest fitness' collisions: 0.3206321565175348
new generation:  739
Fittest                      39.37771094795224
highest fitness' coverage:   42.58463280191581
highest fitness' collisions: 0.3206921853963574
new generation:  740
Fittest                      39.38194109774037
highest fitness' coverage:   42.58886295170395
highest fitness' collisions: 0.3206921853963575
new generation:  741
Fittest                      39.38981958834596
highest fitness' coverage:   42.596741442309536
highest fitness' collisions: 0.32069218539635763
new generation:  742
Fittest                      39.37443989789544
highest fitness' coverage:   42.58136175185902
highest fitness' collisions: 0.3206921853963576
new generation:  743
Fittest                      39.39996460527114
highest fitness' coverage:   42.58930009095479
highest fitness' collisions: 0.31893354856836514
new generation:  744
Fittest                      39.415371600588266
highest fitness' coverage:   42.604707086271915
highest fitness' collisions: 0.31893354856836514
new generation:  745
Fittest                      39.42369611110172
highest fitness' coverage:   42.564150922961346
highest fitness' collisions: 0.3140454811859626
new generation:  746
Fittest                      39.4580120626403
highest fitness' coverage:   42.59846687449992
highest fitness' collisions: 0.3140454811859619
new generation:  747
Fittest                      39.47323782519298
highest fitness' coverage:   42.59262284674433
highest fitness' collisions: 0.3119385021551347
new generation:  748
Fittest                      39.488726323717906
highest fitness' coverage:   42.60811134526925
highest fitness' collisions: 0.3119385021551348
new generation:  749
Fittest                      39.49601175185586
highest fitness' coverage:   42.615396773407205
highest fitness' collisions: 0.3119385021551346
new generation:  750
Fittest                      39.518305027795975
highest fitness' coverage:   42.6240171979887
highest fitness' collisions: 0.3105712170192722
new generation:  751
Fittest                      39.481822421461224
highest fitness' coverage:   42.58753459165394
highest fitness' collisions: 0.31057121701927193
new generation:  752
Fittest                      39.50867299855135
highest fitness' coverage:   42.614385168744064
highest fitness' collisions: 0.31057121701927193
new generation:  753
Fittest                      39.494005724630405
highest fitness' coverage:   42.59971789482313
highest fitness' collisions: 0.31057121701927215
new generation:  754
Fittest                      39.50542657564129
highest fitness' coverage:   42.61113874583401
highest fitness' collisions: 0.31057121701927226
new generation:  755
Fittest                      39.534425855399846
highest fitness' coverage:   42.59897853218845
highest fitness' collisions: 0.3064552676788603
new generation:  756
Fittest                      39.557182429498354
highest fitness' coverage:   42.621735106286955
highest fitness' collisions: 0.3064552676788601
new generation:  757
Fittest                      39.56614854985121
highest fitness' coverage:   42.630701226639815
highest fitness' collisions: 0.3064552676788604
new generation:  758
Fittest                      39.54351475402152
highest fitness' coverage:   42.608067430810124
highest fitness' collisions: 0.3064552676788602
new generation:  759
Fittest                      39.550135572255435
highest fitness' coverage:   42.614688249044036
highest fitness' collisions: 0.3064552676788602
new generation:  760
Fittest                      39.56012688799084
highest fitness' coverage:   42.624992801206616
highest fitness' collisions: 0.30648659132157735
new generation:  761
Fittest                      39.54373898826528
highest fitness' coverage:   42.60860490148105
highest fitness' collisions: 0.3064865913215771
new generation:  762
Fittest                      39.581369623961244
highest fitness' coverage:   42.58674233205768
highest fitness' collisions: 0.30053727080964376
new generation:  763
Fittest                      39.54773488738097
highest fitness' coverage:   42.55310759547741
highest fitness' collisions: 0.3005372708096437
new generation:  764
Fittest                      39.58768995279344
highest fitness' coverage:   42.59306266088988
highest fitness' collisions: 0.3005372708096437
new generation:  765
Fittest                      39.56918012239538
highest fitness' coverage:   42.57455283049182
highest fitness' collisions: 0.3005372708096438
new generation:  766
Fittest                      39.56614157998796
highest fitness' coverage:   42.5715142880844
highest fitness' collisions: 0.30053727080964365
new generation:  767
Fittest                      39.55040187770862
highest fitness' coverage:   42.55577458580506
highest fitness' collisions: 0.3005372708096438
new generation:  768
Fittest                      39.556318702028264
highest fitness' coverage:   42.55873984902393
highest fitness' collisions: 0.3002421146995664
new generation:  769
Fittest                      39.54797725406745
highest fitness' coverage:   42.550398401063106
highest fitness' collisions: 0.30024211469956597
new generation:  770
Fittest                      39.56919339254381
highest fitness' coverage:   42.571614539539475
highest fitness' collisions: 0.3002421146995663
new generation:  771
Fittest                      39.572348494782986
highest fitness' coverage:   42.574769641778644
highest fitness' collisions: 0.300242114699566
new generation:  772
Fittest                      39.565825255058606
highest fitness' coverage:   42.56515610662176
highest fitness' collisions: 0.29993308515631495
new generation:  773
Fittest                      39.562419312863256
highest fitness' coverage:   42.56175016442641
highest fitness' collisions: 0.299933085156315
new generation:  774
Fittest                      39.57521827118541
highest fitness' coverage:   42.57454912274856
highest fitness' collisions: 0.2999330851563147
new generation:  775
Fittest                      39.59231130151791
highest fitness' coverage:   42.56225809761794
highest fitness' collisions: 0.29699467961000336
new generation:  776
Fittest                      39.61379526386332
highest fitness' coverage:   42.58374205996335
highest fitness' collisions: 0.29699467961000336
new generation:  777
Fittest                      39.614640912608515
highest fitness' coverage:   42.549334151559165
highest fitness' collisions: 0.29346932389506475
new generation:  778
Fittest                      39.649194795656186
highest fitness' coverage:   42.578373009405205
highest fitness' collisions: 0.2929178213749015
new generation:  779
Fittest                      39.667652226862174
highest fitness' coverage:   42.565207664009506
highest fitness' collisions: 0.28975554371473305
new generation:  780
Fittest                      39.69987212137867
highest fitness' coverage:   42.597427558526
highest fitness' collisions: 0.2897555437147331
new generation:  781
Fittest                      39.66671529237457
highest fitness' coverage:   42.534256804470964
highest fitness' collisions: 0.2867541512096395
new generation:  782
Fittest                      39.73230534897689
highest fitness' coverage:   42.59984686107328
highest fitness' collisions: 0.28675415120963965
new generation:  783
Fittest                      39.71293038969729
highest fitness' coverage:   42.58028135572189
highest fitness' collisions: 0.2867350966024598
new generation:  784
Fittest                      39.69500779032295
highest fitness' coverage:   42.56235875634754
highest fitness' collisions: 0.2867350966024598
new generation:  785
Fittest                      39.700807820985496
highest fitness' coverage:   42.56815878701009
highest fitness' collisions: 0.2867350966024597
new generation:  786
Fittest                      39.698635133078454
highest fitness' coverage:   42.56598609910305
highest fitness' collisions: 0.28673509660245977
new generation:  787
Fittest                      39.6916697514808
highest fitness' coverage:   42.5590207175054
highest fitness' collisions: 0.2867350966024594
new generation:  788
Fittest                      39.69505802193536
highest fitness' coverage:   42.562408987959955
highest fitness' collisions: 0.2867350966024596
new generation:  789
Fittest                      39.695432057792885
highest fitness' coverage:   42.56278302381749
highest fitness' collisions: 0.28673509660246
new generation:  790
Fittest                      39.6990097075788
highest fitness' coverage:   42.556171929315674
highest fitness' collisions: 0.2857162221736872
new generation:  791
Fittest                      39.721398047036246
highest fitness' coverage:   42.57399935266243
highest fitness' collisions: 0.28526013056261845
new generation:  792
Fittest                      39.73168095210879
highest fitness' coverage:   42.584282257734976
highest fitness' collisions: 0.2852601305626189
new generation:  793
Fittest                      39.7428031366801
highest fitness' coverage:   42.53837615479409
highest fitness' collisions: 0.2795573018113991
new generation:  794
Fittest                      39.72768228373105
highest fitness' coverage:   42.52325530184504
highest fitness' collisions: 0.2795573018113993
new generation:  795
Fittest                      39.72863844521614
highest fitness' coverage:   42.52421146333013
highest fitness' collisions: 0.27955730181139943
new generation:  796
Fittest                      39.74542174740184
highest fitness' coverage:   42.53822062152876
highest fitness' collisions: 0.27927988741269155
new generation:  797
Fittest                      39.75774547598753
highest fitness' coverage:   42.55493016140367
highest fitness' collisions: 0.2797184685416143
new generation:  798
Fittest                      39.757727350645304
highest fitness' coverage:   42.554912036061445
highest fitness' collisions: 0.2797184685416144
new generation:  799
Fittest                      39.73567165070849
highest fitness' coverage:   42.53506420182193
highest fitness' collisions: 0.2799392551113441
new generation:  800
Fittest                      39.73933145485673
highest fitness' coverage:   42.51960763470036
highest fitness' collisions: 0.27802761798436254
new generation:  801
Fittest                      39.74885902532669
highest fitness' coverage:   42.52913520517031
highest fitness' collisions: 0.2780276179843625
new generation:  802
Fittest                      39.748975891865875
highest fitness' coverage:   42.5292520717095
highest fitness' collisions: 0.2780276179843625
new generation:  803
Fittest                      39.75203510386933
highest fitness' coverage:   42.53231128371296
highest fitness' collisions: 0.2780276179843625
new generation:  804
Fittest                      39.737794213538386
highest fitness' coverage:   42.51807039338201
highest fitness' collisions: 0.2780276179843626
new generation:  805
Fittest                      39.742666527480345
highest fitness' coverage:   42.52294270732397
highest fitness' collisions: 0.2780276179843626
new generation:  806
Fittest                      39.74351412718178
highest fitness' coverage:   42.52379030702541
highest fitness' collisions: 0.27802761798436226
new generation:  807
Fittest                      39.764869894699174
highest fitness' coverage:   42.53898012452419
highest fitness' collisions: 0.27741102298250103
new generation:  808
Fittest                      39.75685239770098
highest fitness' coverage:   42.55095790168442
highest fitness' collisions: 0.27941055039834417
new generation:  809
Fittest                      39.759724750970875
highest fitness' coverage:   42.55383025495432
highest fitness' collisions: 0.27941055039834417
new generation:  810
Fittest                      39.77288026209031
highest fitness' coverage:   42.53536298947208
highest fitness' collisions: 0.27624827273817626
new generation:  811
Fittest                      39.763490815021285
highest fitness' coverage:   42.547872867354165
highest fitness' collisions: 0.2784382052332877
new generation:  812
Fittest                      39.76858566371612
highest fitness' coverage:   42.369018762787114
highest fitness' collisions: 0.26004330990709995
new generation:  813
Fittest                      39.755709134115726
highest fitness' coverage:   42.35614223318672
highest fitness' collisions: 0.2600433099070997
new generation:  814
Fittest                      39.746568993083834
highest fitness' coverage:   42.34700209215483
highest fitness' collisions: 0.26004330990710006
new generation:  815
Fittest                      39.78060607874765
highest fitness' coverage:   42.38103917781865
highest fitness' collisions: 0.26004330990710006
new generation:  816
Fittest                      39.74799257812746
highest fitness' coverage:   42.37520432738968
highest fitness' collisions: 0.2627211749262222
new generation:  817
Fittest                      39.742104615782786
highest fitness' coverage:   42.36931636504501
highest fitness' collisions: 0.2627211749262224
new generation:  818
Fittest                      39.742094794927425
highest fitness' coverage:   42.368990316423634
highest fitness' collisions: 0.26268955214962075
new generation:  819
Fittest                      39.72423168348956
highest fitness' coverage:   42.319504428384086
highest fitness' collisions: 0.25952727448945234
new generation:  820
Fittest                      39.78584262460193
highest fitness' coverage:   42.381115369496456
highest fitness' collisions: 0.2595272744894524
new generation:  821
Fittest                      39.76198721611588
highest fitness' coverage:   42.3572599610104
highest fitness' collisions: 0.259527274489452
new generation:  822
Fittest                      39.77704163361545
highest fitness' coverage:   42.33022949932934
highest fitness' collisions: 0.25531878657138934
new generation:  823
Fittest                      39.80746533085948
highest fitness' coverage:   42.33865676794151
highest fitness' collisions: 0.2531191437082026
new generation:  824
Fittest                      39.81256994906439
highest fitness' coverage:   42.34520682591716
highest fitness' collisions: 0.2532636876852772
new generation:  825
Fittest                      39.834813010598594
highest fitness' coverage:   42.367449887451365
highest fitness' collisions: 0.25326368768527713
new generation:  826
Fittest                      39.82433738398272
highest fitness' coverage:   42.36349286931561
highest fitness' collisions: 0.25391554853328846
new generation:  827
Fittest                      39.818598220408504
highest fitness' coverage:   42.35775370574139
highest fitness' collisions: 0.2539155485332886
new generation:  828
Fittest                      39.84150971906427
highest fitness' coverage:   42.36406096615996
highest fitness' collisions: 0.2522551247095692
new generation:  829
Fittest                      39.83248021958657
highest fitness' coverage:   42.35562031033762
highest fitness' collisions: 0.2523140090751049
new generation:  830
Fittest                      39.84109964032775
highest fitness' coverage:   42.3642397310788
highest fitness' collisions: 0.2523140090751046
new generation:  831
Fittest                      39.832624971828764
highest fitness' coverage:   42.34202543970606
highest fitness' collisions: 0.25094004678773013
new generation:  832
Fittest                      39.83631590244147
highest fitness' coverage:   42.32933348696022
highest fitness' collisions: 0.24930175845187508
new generation:  833
Fittest                      39.867794003708816
highest fitness' coverage:   42.36081158822757
highest fitness' collisions: 0.24930175845187508
new generation:  834
Fittest                      39.879460379967604
highest fitness' coverage:   42.33584255810947
highest fitness' collisions: 0.24563821781418668
new generation:  835
Fittest                      39.886270179060375
highest fitness' coverage:   42.339987946348096
highest fitness' collisions: 0.24537177672877195
new generation:  836
Fittest                      39.90903772591711
highest fitness' coverage:   42.336564906783536
highest fitness' collisions: 0.24275271808664298
new generation:  837
Fittest                      39.93148618603566
highest fitness' coverage:   42.36376504759418
highest fitness' collisions: 0.24322788615585172
new generation:  838
Fittest                      39.91346948608924
highest fitness' coverage:   42.345748347647756
highest fitness' collisions: 0.24322788615585167
new generation:  839
Fittest                      39.88537814815208
highest fitness' coverage:   42.32327635017764
highest fitness' collisions: 0.24378982020255635
new generation:  840
Fittest                      39.93899669510509
highest fitness' coverage:   42.376894897130654
highest fitness' collisions: 0.24378982020255652
new generation:  841
Fittest                      39.90417750931924
highest fitness' coverage:   42.342075711344805
highest fitness' collisions: 0.2437898202025566
new generation:  842
Fittest                      39.89522846079334
highest fitness' coverage:   42.333126662818906
highest fitness' collisions: 0.24378982020255652
new generation:  843
Fittest                      39.91129751748174
highest fitness' coverage:   42.34548036721634
highest fitness' collisions: 0.24341828497345938
new generation:  844
Fittest                      39.91686362727736
highest fitness' coverage:   42.35104647701195
highest fitness' collisions: 0.24341828497345924
new generation:  845
Fittest                      39.89231224320241
highest fitness' coverage:   42.326495092937
highest fitness' collisions: 0.24341828497345927
new generation:  846
Fittest                      39.899639182851175
highest fitness' coverage:   42.33382203258577
highest fitness' collisions: 0.24341828497345935
new generation:  847
Fittest                      39.91815197876392
highest fitness' coverage:   42.35233482849852
highest fitness' collisions: 0.2434182849734594
new generation:  848
Fittest                      39.96908912546331
highest fitness' coverage:   42.31453348662291
highest fitness' collisions: 0.23454443611596004
new generation:  849
Fittest                      40.0101817823409
highest fitness' coverage:   42.3556261435005
highest fitness' collisions: 0.23454443611595993
new generation:  850
Fittest                      39.9811213550291
highest fitness' coverage:   42.33050060122805
highest fitness' collisions: 0.2349379246198947
new generation:  851
Fittest                      40.024961581247744
highest fitness' coverage:   42.36821624385283
highest fitness' collisions: 0.23432546626050804
new generation:  852
Fittest                      39.98458461889617
highest fitness' coverage:   42.32783928150125
highest fitness' collisions: 0.23432546626050793
new generation:  853
Fittest                      39.98468836736376
highest fitness' coverage:   42.31508987482696
highest fitness' collisions: 0.2330401507463202
new generation:  854
Fittest                      40.0123734633526
highest fitness' coverage:   42.3427749708158
highest fitness' collisions: 0.2330401507463201
new generation:  855
Fittest                      40.010095428784965
highest fitness' coverage:   42.340496936248165
highest fitness' collisions: 0.2330401507463202
new generation:  856
Fittest                      40.0161914521785
highest fitness' coverage:   42.34635667996464
highest fitness' collisions: 0.23301652277861454
new generation:  857
Fittest                      39.999775896710624
highest fitness' coverage:   42.32994112449677
highest fitness' collisions: 0.2330165227786146
new generation:  858
Fittest                      40.02560993073155
highest fitness' coverage:   42.32415238191601
highest fitness' collisions: 0.2298542451184462
new generation:  859
Fittest                      40.0452432605306
highest fitness' coverage:   42.343785711715064
highest fitness' collisions: 0.22985424511844638
new generation:  860
Fittest                      40.05690775998107
highest fitness' coverage:   42.35545021116553
highest fitness' collisions: 0.2298542451184461
new generation:  861
Fittest                      40.0388526381681
highest fitness' coverage:   42.33739508935256
highest fitness' collisions: 0.22985424511844618
new generation:  862
Fittest                      40.025466914574196
highest fitness' coverage:   42.32400936575866
highest fitness' collisions: 0.22985424511844638
new generation:  863
Fittest                      40.03159389990702
highest fitness' coverage:   42.33013635109149
highest fitness' collisions: 0.2298542451184464
new generation:  864
Fittest                      40.056388667732904
highest fitness' coverage:   42.35493111891737
highest fitness' collisions: 0.22985424511844643
new generation:  865
Fittest                      40.01153780803175
highest fitness' coverage:   42.32787904986576
highest fitness' collisions: 0.23163412418340132
new generation:  866
Fittest                      40.02084240454402
highest fitness' coverage:   42.32823618704605
highest fitness' collisions: 0.23073937825020313
new generation:  867
Fittest                      40.03137005034827
highest fitness' coverage:   42.32044869686115
highest fitness' collisions: 0.22890786465128773
new generation:  868
Fittest                      40.034167944710276
highest fitness' coverage:   42.32324659122315
highest fitness' collisions: 0.22890786465128773
new generation:  869
Fittest                      40.03237623730378
highest fitness' coverage:   42.31987823111465
highest fitness' collisions: 0.22875019938108723
new generation:  870
Fittest                      40.0296955702297
highest fitness' coverage:   42.329411974322305
highest fitness' collisions: 0.22997164040926066
new generation:  871
Fittest                      40.026561766358355
highest fitness' coverage:   42.32608762437916
highest fitness' collisions: 0.22995258580208106
new generation:  872
Fittest                      40.03302366029747
highest fitness' coverage:   42.332549518318274
highest fitness' collisions: 0.22995258580208106
new generation:  873
Fittest                      40.025653631405156
highest fitness' coverage:   42.33244368555478
highest fitness' collisions: 0.23067900541496258
new generation:  874
Fittest                      40.04876996049488
highest fitness' coverage:   42.33027430880288
highest fitness' collisions: 0.2281504348307998
new generation:  875
Fittest                      40.05420936598558
highest fitness' coverage:   42.335713714293576
highest fitness' collisions: 0.2281504348307998
new generation:  876
Fittest                      40.04800510454693
highest fitness' coverage:   42.32033983047787
highest fitness' collisions: 0.22723347259309384
new generation:  877
Fittest                      40.04212469150728
highest fitness' coverage:   42.31445941743822
highest fitness' collisions: 0.2272334725930938
new generation:  878
Fittest                      40.0649629908376
highest fitness' coverage:   42.338948508349354
highest fitness' collisions: 0.22739855175117565
new generation:  879
Fittest                      40.07076436376008
highest fitness' coverage:   42.34474988127183
highest fitness' collisions: 0.22739855175117554
new generation:  880
Fittest                      40.06179615722759
highest fitness' coverage:   42.335781674739344
highest fitness' collisions: 0.2273985517511756
new generation:  881
Fittest                      40.0710035683462
highest fitness' coverage:   42.344989085857954
highest fitness' collisions: 0.22739855175117576
new generation:  882
Fittest                      40.03415867477494
highest fitness' coverage:   42.3081441922867
highest fitness' collisions: 0.22739855175117563
new generation:  883
Fittest                      40.061326000427066
highest fitness' coverage:   42.33531151793882
highest fitness' collisions: 0.22739855175117557
new generation:  884
Fittest                      40.06824194868893
highest fitness' coverage:   42.32621147492615
highest fitness' collisions: 0.22579695262372212
new generation:  885
Fittest                      40.0811234722223
highest fitness' coverage:   42.33909299845952
highest fitness' collisions: 0.22579695262372176
new generation:  886
Fittest                      40.0436863481132
highest fitness' coverage:   42.301655874350416
highest fitness' collisions: 0.22579695262372212
new generation:  887
Fittest                      40.06710071714988
highest fitness' coverage:   42.32926915249887
highest fitness' collisions: 0.22621684353489888
new generation:  888
Fittest                      40.06130949563943
highest fitness' coverage:   42.32347793098842
highest fitness' collisions: 0.22621684353489885
new generation:  889
Fittest                      40.05462977930775
highest fitness' coverage:   42.31679821465674
highest fitness' collisions: 0.2262168435348988
new generation:  890
Fittest                      40.06529904070383
highest fitness' coverage:   42.32744313017045
highest fitness' collisions: 0.22621440894666264
new generation:  891
Fittest                      40.08723972133077
highest fitness' coverage:   42.34211961466858
highest fitness' collisions: 0.2254879893337812
new generation:  892
Fittest                      40.05783260340416
highest fitness' coverage:   42.32048289754485
highest fitness' collisions: 0.2262650294140689
new generation:  893
Fittest                      40.06375952021831
highest fitness' coverage:   42.326409814359
highest fitness' collisions: 0.22626502941406898
new generation:  894
Fittest                      40.060915179862846
highest fitness' coverage:   42.32356547400354
highest fitness' collisions: 0.22626502941406892
new generation:  895
Fittest                      40.06078935752682
highest fitness' coverage:   42.32343965166751
highest fitness' collisions: 0.2262650294140692
new generation:  896
Fittest                      40.05907643486999
highest fitness' coverage:   42.32424914189389
highest fitness' collisions: 0.2265172707023896
new generation:  897
Fittest                      40.082119870587746
highest fitness' coverage:   42.301466168288655
highest fitness' collisions: 0.2219346297700908
new generation:  898
Fittest                      40.09759439815108
highest fitness' coverage:   42.30888718496041
highest fitness' collisions: 0.22112927868093277
new generation:  899
Fittest                      40.109543552059
highest fitness' coverage:   42.32083633886833
highest fitness' collisions: 0.22112927868093282
new generation:  900
Fittest                      40.111470020046674
highest fitness' coverage:   42.322762806856005
highest fitness' collisions: 0.22112927868093288
new generation:  901
Fittest                      40.134000956756246
highest fitness' coverage:   42.33880343962092
highest fitness' collisions: 0.22048024828646687
new generation:  902
Fittest                      40.14935950199409
highest fitness' coverage:   42.35416198485876
highest fitness' collisions: 0.22048024828646703
new generation:  903
Fittest                      40.124572587733105
highest fitness' coverage:   42.3299518768984
highest fitness' collisions: 0.2205379289165294
new generation:  904
Fittest                      40.12101653920671
highest fitness' coverage:   42.326395828372
highest fitness' collisions: 0.22053792891652943
new generation:  905
Fittest                      40.13645867512381
highest fitness' coverage:   42.31409547837181
highest fitness' collisions: 0.21776368032480012
new generation:  906
Fittest                      40.14250252766094
highest fitness' coverage:   42.320139330908944
highest fitness' collisions: 0.2177636803248003
new generation:  907
Fittest                      40.1641783773225
highest fitness' coverage:   42.3418151805705
highest fitness' collisions: 0.21776368032480006
new generation:  908
Fittest                      40.15491008349363
highest fitness' coverage:   42.33254688674163
highest fitness' collisions: 0.21776368032480015
new generation:  909
Fittest                      40.173874687672814
highest fitness' coverage:   42.351511490920814
highest fitness' collisions: 0.21776368032480012
new generation:  910
Fittest                      40.164563740580434
highest fitness' coverage:   42.34220054382843
highest fitness' collisions: 0.2177636803248
new generation:  911
Fittest                      40.13305288421149
highest fitness' coverage:   42.31068968745949
highest fitness' collisions: 0.21776368032480017
new generation:  912
Fittest                      40.14586992343316
highest fitness' coverage:   42.32350672668116
highest fitness' collisions: 0.21776368032480012
new generation:  913
Fittest                      40.14213520372982
highest fitness' coverage:   42.31977200697782
highest fitness' collisions: 0.21776368032480004
new generation:  914
Fittest                      40.13666433451901
highest fitness' coverage:   42.31430113776701
highest fitness' collisions: 0.21776368032480023
new generation:  915
Fittest                      40.15600786891589
highest fitness' coverage:   42.33364467216389
highest fitness' collisions: 0.21776368032480015
new generation:  916
Fittest                      40.15247144569448
highest fitness' coverage:   42.33010824894248
highest fitness' collisions: 0.2177636803248001
new generation:  917
Fittest                      40.1465197869801
highest fitness' coverage:   42.3241565902281
highest fitness' collisions: 0.21776368032480017
new generation:  918
Fittest                      40.13908069787061
highest fitness' coverage:   42.31671750111861
highest fitness' collisions: 0.2177636803248002
new generation:  919
Fittest                      40.15492521508327
highest fitness' coverage:   42.33256201833127
highest fitness' collisions: 0.21776368032480023
new generation:  920
Fittest                      40.165098275617055
highest fitness' coverage:   42.342735078865054
highest fitness' collisions: 0.21776368032480015
new generation:  921
Fittest                      40.142343151228076
highest fitness' coverage:   42.319979954476075
highest fitness' collisions: 0.21776368032480023
new generation:  922
Fittest                      40.14832517826793
highest fitness' coverage:   42.32596198151593
highest fitness' collisions: 0.21776368032479995
new generation:  923
Fittest                      40.154904108041755
highest fitness' coverage:   42.332540911289755
highest fitness' collisions: 0.21776368032480023
new generation:  924
Fittest                      40.17085125908802
highest fitness' coverage:   42.34848806233602
highest fitness' collisions: 0.21776368032480026
new generation:  925
Fittest                      40.18101285304359
highest fitness' coverage:   42.329538766121416
highest fitness' collisions: 0.2148525913077825
new generation:  926
Fittest                      40.17215329303852
highest fitness' coverage:   42.298458012970485
highest fitness' collisions: 0.21263047199319676
new generation:  927
Fittest                      40.19475038705147
highest fitness' coverage:   42.31476694087887
highest fitness' collisions: 0.21200165538273993
new generation:  928
Fittest                      40.20323277018102
highest fitness' coverage:   42.323249324008415
highest fitness' collisions: 0.21200165538273993
new generation:  929
Fittest                      40.208285092035425
highest fitness' coverage:   42.329373165168064
highest fitness' collisions: 0.21210880731326373
new generation:  930
Fittest                      40.21724649514432
highest fitness' coverage:   42.314133425682726
highest fitness' collisions: 0.20968869305384025
new generation:  931
Fittest                      40.238837282809804
highest fitness' coverage:   42.33572421334821
highest fitness' collisions: 0.20968869305384025
new generation:  932
Fittest                      40.23435486943088
highest fitness' coverage:   42.330409042486494
highest fitness' collisions: 0.20960541730556104
new generation:  933
Fittest                      40.22602060546733
highest fitness' coverage:   42.31994598258056
highest fitness' collisions: 0.20939253771132313
new generation:  934
Fittest                      40.238738144029156
highest fitness' coverage:   42.332663521142386
highest fitness' collisions: 0.20939253771132332
new generation:  935
Fittest                      40.2149239969764
highest fitness' coverage:   42.30884937408964
highest fitness' collisions: 0.20939253771132343
new generation:  936
Fittest                      40.20818211116868
highest fitness' coverage:   42.30210748828191
highest fitness' collisions: 0.20939253771132318
new generation:  937
Fittest                      40.2335603202571
highest fitness' coverage:   42.32728617113884
highest fitness' collisions: 0.2093725850881736
new generation:  938
Fittest                      40.212319313165956
highest fitness' coverage:   42.271004158875925
highest fitness' collisions: 0.2058684845709971
new generation:  939
Fittest                      40.26301515750358
highest fitness' coverage:   42.31739286912572
highest fitness' collisions: 0.20543777116221373
new generation:  940
Fittest                      40.299603336696705
highest fitness' coverage:   42.327377792164874
highest fitness' collisions: 0.20277744554681693
new generation:  941
Fittest                      40.27136722935973
highest fitness' coverage:   42.2991416848279
highest fitness' collisions: 0.2027774455468168
new generation:  942
Fittest                      40.295502841316
highest fitness' coverage:   42.32327729678417
highest fitness' collisions: 0.20277744554681687
new generation:  943
Fittest                      40.28320922467619
highest fitness' coverage:   42.25501325861698
highest fitness' collisions: 0.19718040339407872
new generation:  944
Fittest                      40.320383546772234
highest fitness' coverage:   42.25466771549395
highest fitness' collisions: 0.1934284168721714
new generation:  945
Fittest                      40.323982053761895
highest fitness' coverage:   42.258266222483606
highest fitness' collisions: 0.19342841687217135
new generation:  946
Fittest                      40.33992116491497
highest fitness' coverage:   42.27420533363669
highest fitness' collisions: 0.1934284168721714
new generation:  947
Fittest                      40.332952866171745
highest fitness' coverage:   42.26723703489346
highest fitness' collisions: 0.19342841687217147
new generation:  948
Fittest                      40.329444776291844
highest fitness' coverage:   42.263728945013554
highest fitness' collisions: 0.19342841687217124
new generation:  949
Fittest                      40.3335896349056
highest fitness' coverage:   42.26787380362731
highest fitness' collisions: 0.19342841687217127
new generation:  950
Fittest                      40.3086317028487
highest fitness' coverage:   42.24291587157042
highest fitness' collisions: 0.19342841687217138
new generation:  951
Fittest                      40.33576072213449
highest fitness' coverage:   42.2700448908562
highest fitness' collisions: 0.19342841687217122
new generation:  952
Fittest                      40.33296017278147
highest fitness' coverage:   42.26724434150318
highest fitness' collisions: 0.19342841687217135
new generation:  953
Fittest                      40.34215949158036
highest fitness' coverage:   42.27644366030207
highest fitness' collisions: 0.1934284168721713
new generation:  954
Fittest                      40.32027508428796
highest fitness' coverage:   42.25455925300967
highest fitness' collisions: 0.19342841687217138
new generation:  955
Fittest                      40.338919790623365
highest fitness' coverage:   42.273203959345075
highest fitness' collisions: 0.19342841687217133
new generation:  956
Fittest                      40.320925588039195
highest fitness' coverage:   42.255209756760905
highest fitness' collisions: 0.19342841687217135
new generation:  957
Fittest                      40.34592290582614
highest fitness' coverage:   42.28020707454785
highest fitness' collisions: 0.19342841687217138
new generation:  958
Fittest                      40.31121512983711
highest fitness' coverage:   42.24549929855882
highest fitness' collisions: 0.19342841687217127
new generation:  959
Fittest                      40.363557122603964
highest fitness' coverage:   42.25574722924348
highest fitness' collisions: 0.18921901066395214
new generation:  960
Fittest                      40.35965171682013
highest fitness' coverage:   42.25184182345965
highest fitness' collisions: 0.18921901066395203
new generation:  961
Fittest                      40.374713926957824
highest fitness' coverage:   42.26690403359734
highest fitness' collisions: 0.1892190106639519
new generation:  962
Fittest                      40.36254523346975
highest fitness' coverage:   42.25473534010927
highest fitness' collisions: 0.18921901066395203
new generation:  963
Fittest                      40.3565095215527
highest fitness' coverage:   42.24869962819222
highest fitness' collisions: 0.18921901066395208
new generation:  964
Fittest                      40.37637201642951
highest fitness' coverage:   42.268562123069024
highest fitness' collisions: 0.18921901066395205
new generation:  965
Fittest                      40.36582089119463
highest fitness' coverage:   42.258010997834155
highest fitness' collisions: 0.18921901066395216
new generation:  966
Fittest                      40.37823669586335
highest fitness' coverage:   42.27042680250287
highest fitness' collisions: 0.18921901066395214
new generation:  967
Fittest                      40.37504405460162
highest fitness' coverage:   42.26356580090534
highest fitness' collisions: 0.1888521746303722
new generation:  968
Fittest                      40.39721554446268
highest fitness' coverage:   42.285737290766406
highest fitness' collisions: 0.1888521746303724
new generation:  969
Fittest                      40.36952002914856
highest fitness' coverage:   42.25739612122325
highest fitness' collisions: 0.18878760920746895
new generation:  970
Fittest                      40.37573381727066
highest fitness' coverage:   42.26360990934535
highest fitness' collisions: 0.1887876092074689
new generation:  971
Fittest                      40.37001857158762
highest fitness' coverage:   42.25789466366231
highest fitness' collisions: 0.1887876092074689
new generation:  972
Fittest                      40.36349382414618
highest fitness' coverage:   42.251369916220874
highest fitness' collisions: 0.1887876092074689
new generation:  973
Fittest                      40.388244697187844
highest fitness' coverage:   42.276120789262535
highest fitness' collisions: 0.18878760920746882
new generation:  974
Fittest                      40.389767146332034
highest fitness' coverage:   42.277643238406725
highest fitness' collisions: 0.18878760920746893
new generation:  975
Fittest                      40.38048533308489
highest fitness' coverage:   42.25168895303407
highest fitness' collisions: 0.18712036199491774
new generation:  976
Fittest                      40.40511529901525
highest fitness' coverage:   42.27631891896443
highest fitness' collisions: 0.18712036199491766
new generation:  977
Fittest                      40.377229019232686
highest fitness' coverage:   42.248432639181864
highest fitness' collisions: 0.18712036199491774
new generation:  978
Fittest                      40.36921555076631
highest fitness' coverage:   42.24041917071549
highest fitness' collisions: 0.18712036199491774
new generation:  979
Fittest                      40.37689419957784
highest fitness' coverage:   42.24304265680047
highest fitness' collisions: 0.18661484572226253
new generation:  980
Fittest                      40.386247148323996
highest fitness' coverage:   42.25239560554662
highest fitness' collisions: 0.18661484572226247
new generation:  981
Fittest                      40.38632587876005
highest fitness' coverage:   42.25247433598267
highest fitness' collisions: 0.18661484572226247
new generation:  982
Fittest                      40.39859840625049
highest fitness' coverage:   42.264746863473114
highest fitness' collisions: 0.18661484572226247
new generation:  983
Fittest                      40.400973669470986
highest fitness' coverage:   42.26712212669361
highest fitness' collisions: 0.18661484572226247
new generation:  984
Fittest                      40.38272346284039
highest fitness' coverage:   42.24887192006301
highest fitness' collisions: 0.18661484572226245
new generation:  985
Fittest                      40.37907531312585
highest fitness' coverage:   42.245223770348474
highest fitness' collisions: 0.18661484572226247
new generation:  986
Fittest                      40.37880556871466
highest fitness' coverage:   42.24495402593729
highest fitness' collisions: 0.18661484572226256
new generation:  987
Fittest                      40.40356094514047
highest fitness' coverage:   42.2697094023631
highest fitness' collisions: 0.1866148457222627
new generation:  988
Fittest                      40.40190350940589
highest fitness' coverage:   42.25017984775894
highest fitness' collisions: 0.18482763383530557
new generation:  989
Fittest                      40.42105434205686
highest fitness' coverage:   42.25927208162776
highest fitness' collisions: 0.18382177395709023
new generation:  990
Fittest                      40.422304213309665
highest fitness' coverage:   42.260521952880566
highest fitness' collisions: 0.1838217739570903
new generation:  991
Fittest                      40.421435579613075
highest fitness' coverage:   42.259653319183975
highest fitness' collisions: 0.1838217739570902
new generation:  992
Fittest                      40.41306935937823
highest fitness' coverage:   42.25128709894913
highest fitness' collisions: 0.18382177395709037
new generation:  993
Fittest                      40.43549478139236
highest fitness' coverage:   42.246016110902765
highest fitness' collisions: 0.18105213295104086
new generation:  994
Fittest                      40.450051697155374
highest fitness' coverage:   42.26798612907879
highest fitness' collisions: 0.18179344319234164
new generation:  995
Fittest                      40.44702471081185
highest fitness' coverage:   42.26495914273527
highest fitness' collisions: 0.18179344319234167
new generation:  996
Fittest                      40.434288849232125
highest fitness' coverage:   42.252223281155544
highest fitness' collisions: 0.18179344319234184
new generation:  997
Fittest                      40.46556713869607
highest fitness' coverage:   42.28350157061949
highest fitness' collisions: 0.18179344319234175
new generation:  998
Fittest                      40.494861841366024
highest fitness' coverage:   42.31493225928032
highest fitness' collisions: 0.1820070417914294
new generation:  999
Fittest                      40.42349886370201
highest fitness' coverage:   42.2435692816163
highest fitness' collisions: 0.18200704179142943
new generation:  1000
Fittest                      40.447890734323586
highest fitness' coverage:   42.26796115223788
highest fitness' collisions: 0.18200704179142935
new generation:  1001
Fittest                      40.44893433066939
highest fitness' coverage:   42.26900474858368
highest fitness' collisions: 0.18200704179142932
new generation:  1002
Fittest                      40.43595302474853
highest fitness' coverage:   42.25602344266282
highest fitness' collisions: 0.18200704179142943
new generation:  1003
Fittest                      40.43530066240203
highest fitness' coverage:   42.25537108031632
highest fitness' collisions: 0.18200704179142937
new generation:  1004
Fittest                      40.429083786716234
highest fitness' coverage:   42.24915420463053
highest fitness' collisions: 0.18200704179142943
new generation:  1005
Fittest                      40.43934477234269
highest fitness' coverage:   42.25941519025699
highest fitness' collisions: 0.18200704179142946
new generation:  1006
Fittest                      40.439601560735554
highest fitness' coverage:   42.25967197864985
highest fitness' collisions: 0.18200704179142935
new generation:  1007
Fittest                      40.4514488500416
highest fitness' coverage:   42.271519267955895
highest fitness' collisions: 0.18200704179142943
new generation:  1008
Fittest                      40.45609284424201
highest fitness' coverage:   42.25653354236333
highest fitness' collisions: 0.18004406981213197
new generation:  1009
Fittest                      40.44946600867958
highest fitness' coverage:   42.2499067068009
highest fitness' collisions: 0.18004406981213206
new generation:  1010
Fittest                      40.46196660146708
highest fitness' coverage:   42.2624072995884
highest fitness' collisions: 0.180044069812132
new generation:  1011
Fittest                      40.456260608165984
highest fitness' coverage:   42.256701306287304
highest fitness' collisions: 0.18004406981213203
new generation:  1012
Fittest                      40.43494948217629
highest fitness' coverage:   42.235390180297614
highest fitness' collisions: 0.18004406981213206
new generation:  1013
Fittest                      40.431424134154895
highest fitness' coverage:   42.231864832276216
highest fitness' collisions: 0.18004406981213203
new generation:  1014
Fittest                      40.46902796038735
highest fitness' coverage:   42.27198054494018
highest fitness' collisions: 0.18029525845528294
new generation:  1015
Fittest                      40.45917762677116
highest fitness' coverage:   42.262130211323985
highest fitness' collisions: 0.18029525845528285
new generation:  1016
Fittest                      40.425290209680384
highest fitness' coverage:   42.22824279423321
highest fitness' collisions: 0.180295258455283
new generation:  1017
Fittest                      40.427609846825966
highest fitness' coverage:   42.234787590281684
highest fitness' collisions: 0.18071777434557154
new generation:  1018
Fittest                      40.44379965945585
highest fitness' coverage:   42.265576633517135
highest fitness' collisions: 0.18217769740612882
new generation:  1019
Fittest                      40.46565915485048
highest fitness' coverage:   42.287436128911764
highest fitness' collisions: 0.1821776974061287
new generation:  1020
Fittest                      40.466844788168075
highest fitness' coverage:   42.28096300692805
highest fitness' collisions: 0.18141182187599744
new generation:  1021
Fittest                      40.5087004706014
highest fitness' coverage:   42.42235392928826
highest fitness' collisions: 0.19136534586868642
new generation:  1022
Fittest                      40.480961222513756
highest fitness' coverage:   42.39461468120062
highest fitness' collisions: 0.1913653458686863
new generation:  1023
Fittest                      40.464590299379765
highest fitness' coverage:   42.37824375806663
highest fitness' collisions: 0.1913653458686864
new generation:  1024
Fittest                      40.48023512215961
highest fitness' coverage:   42.39388858084648
highest fitness' collisions: 0.1913653458686865
new generation:  1025
Fittest                      40.4894868884952
highest fitness' coverage:   42.40314034718207
highest fitness' collisions: 0.19136534586868653
new generation:  1026
Fittest                      40.46751502970864
highest fitness' coverage:   42.38116848839551
highest fitness' collisions: 0.19136534586868661
new generation:  1027
Fittest                      40.485932449926324
highest fitness' coverage:   42.39958590861319
highest fitness' collisions: 0.19136534586868656
new generation:  1028
Fittest                      40.492379319197106
highest fitness' coverage:   42.40603277788397
highest fitness' collisions: 0.1913653458686865
new generation:  1029
Fittest                      40.47735267033175
highest fitness' coverage:   42.39100612901861
highest fitness' collisions: 0.19136534586868642
new generation:  1030
Fittest                      40.49331436970683
highest fitness' coverage:   42.406408070792196
highest fitness' collisions: 0.1913093701085369
new generation:  1031
Fittest                      40.48133710151869
highest fitness' coverage:   42.39443080260406
highest fitness' collisions: 0.1913093701085371
new generation:  1032
Fittest                      40.50632897491179
highest fitness' coverage:   42.41942267599716
highest fitness' collisions: 0.19130937010853713
new generation:  1033
Fittest                      40.47589826890778
highest fitness' coverage:   42.39354269542671
highest fitness' collisions: 0.19176444265189332
new generation:  1034
Fittest                      40.47269365232662
highest fitness' coverage:   42.39033807884555
highest fitness' collisions: 0.19176444265189324
new generation:  1035
Fittest                      40.479169710823825
highest fitness' coverage:   42.39681413734276
highest fitness' collisions: 0.19176444265189344
new generation:  1036
Fittest                      40.488506306022934
highest fitness' coverage:   42.40615073254187
highest fitness' collisions: 0.19176444265189316
new generation:  1037
Fittest                      40.482804944330944
highest fitness' coverage:   42.40044937084988
highest fitness' collisions: 0.19176444265189313
new generation:  1038
Fittest                      40.46624830512077
highest fitness' coverage:   42.383892731639705
highest fitness' collisions: 0.19176444265189324
new generation:  1039
Fittest                      40.47976126645596
highest fitness' coverage:   42.39740569297489
highest fitness' collisions: 0.1917644426518932
new generation:  1040
Fittest                      40.46341895388385
highest fitness' coverage:   42.381063380402786
highest fitness' collisions: 0.1917644426518932
new generation:  1041
Fittest                      40.48380448156633
highest fitness' coverage:   42.39369827061114
highest fitness' collisions: 0.19098937890448076
new generation:  1042
Fittest                      40.461998297341836
highest fitness' coverage:   42.371892086386644
highest fitness' collisions: 0.19098937890448092
new generation:  1043
Fittest                      40.47973703501984
highest fitness' coverage:   42.389630824064646
highest fitness' collisions: 0.19098937890448084
new generation:  1044
Fittest                      40.5079172006161
highest fitness' coverage:   42.41781098966091
highest fitness' collisions: 0.19098937890448073
new generation:  1045
Fittest                      40.476780102751626
highest fitness' coverage:   42.386673891796434
highest fitness' collisions: 0.19098937890448073
new generation:  1046
Fittest                      40.49559870326356
highest fitness' coverage:   42.40549249230837
highest fitness' collisions: 0.19098937890448106
new generation:  1047
Fittest                      40.482835217146764
highest fitness' coverage:   42.39313638646938
highest fitness' collisions: 0.19103011693226157
new generation:  1048
Fittest                      40.48645641261185
highest fitness' coverage:   42.40224829040587
highest fitness' collisions: 0.19157918777940183
new generation:  1049
Fittest                      40.45235279993349
highest fitness' coverage:   42.36814467772751
highest fitness' collisions: 0.19157918777940172
new generation:  1050
Fittest                      40.43733800813541
highest fitness' coverage:   42.35312988592943
highest fitness' collisions: 0.1915791877794015
new generation:  1051
Fittest                      40.455685389166554
highest fitness' coverage:   42.37147726696057
highest fitness' collisions: 0.1915791877794017
new generation:  1052
Fittest                      40.47144402668023
highest fitness' coverage:   42.38701203236039
highest fitness' collisions: 0.1915568005680159
new generation:  1053
Fittest                      40.45995819389723
highest fitness' coverage:   42.37454042884367
highest fitness' collisions: 0.19145822349464459
new generation:  1054
Fittest                      40.45785517669676
highest fitness' coverage:   42.372437411643205
highest fitness' collisions: 0.19145822349464456
new generation:  1055
Fittest                      40.462725347569325
highest fitness' coverage:   42.37730758251577
highest fitness' collisions: 0.19145822349464464
new generation:  1056
Fittest                      40.49381068167194
highest fitness' coverage:   42.40839291661838
highest fitness' collisions: 0.19145822349464459
new generation:  1057
Fittest                      40.48767755754016
highest fitness' coverage:   42.4022597924866
highest fitness' collisions: 0.1914582234946446
new generation:  1058
Fittest                      40.49749084656792
highest fitness' coverage:   42.412073081514365
highest fitness' collisions: 0.19145822349464464
new generation:  1059
Fittest                      40.45981814537922
highest fitness' coverage:   42.37440038032566
highest fitness' collisions: 0.19145822349464445
new generation:  1060
Fittest                      40.46710448198396
highest fitness' coverage:   42.3816867169304
highest fitness' collisions: 0.19145822349464459
new generation:  1061
Fittest                      40.48724179000856
highest fitness' coverage:   42.44292638467225
highest fitness' collisions: 0.1955684594663686
new generation:  1062
Fittest                      40.421529237586505
highest fitness' coverage:   42.37721383225019
highest fitness' collisions: 0.19556845946636867
new generation:  1063
Fittest                      40.43139700765813
highest fitness' coverage:   42.387081602321814
highest fitness' collisions: 0.19556845946636883
new generation:  1064
Fittest                      40.42895929360831
highest fitness' coverage:   42.380868339236976
highest fitness' collisions: 0.19519090456286692
new generation:  1065
Fittest                      40.44111301724735
highest fitness' coverage:   42.39302206287602
highest fitness' collisions: 0.19519090456286672
new generation:  1066
Fittest                      40.453843428520216
highest fitness' coverage:   42.40256991780913
highest fitness' collisions: 0.19487264892889153
new generation:  1067
Fittest                      40.465742690225056
highest fitness' coverage:   42.41446917951397
highest fitness' collisions: 0.19487264892889158
new generation:  1068
Fittest                      40.4250332320864
highest fitness' coverage:   42.36187226466754
highest fitness' collisions: 0.19368390325811397
new generation:  1069
Fittest                      40.44849461645925
highest fitness' coverage:   42.38762372647897
highest fitness' collisions: 0.19391291100197222
new generation:  1070
Fittest                      40.426341311938806
highest fitness' coverage:   42.36547042195853
highest fitness' collisions: 0.19391291100197242
new generation:  1071
Fittest                      40.45967561721366
highest fitness' coverage:   42.381685571515725
highest fitness' collisions: 0.19220099543020605
new generation:  1072
Fittest                      40.46119891370245
highest fitness' coverage:   42.38320886800451
highest fitness' collisions: 0.19220099543020613
new generation:  1073
Fittest                      40.49296036904256
highest fitness' coverage:   42.41497032334462
highest fitness' collisions: 0.19220099543020605
new generation:  1074
Fittest                      40.4594014546029
highest fitness' coverage:   42.35703139944105
highest fitness' collisions: 0.18976299448381498
new generation:  1075
Fittest                      40.47858055710026
highest fitness' coverage:   42.37621050193841
highest fitness' collisions: 0.18976299448381506
new generation:  1076
Fittest                      40.455816246208
highest fitness' coverage:   42.35344619104615
highest fitness' collisions: 0.18976299448381487
new generation:  1077
Fittest                      40.494458002860135
highest fitness' coverage:   42.42670154550338
highest fitness' collisions: 0.19322435426432438
new generation:  1078
Fittest                      40.47257776715518
highest fitness' coverage:   42.40482130979842
highest fitness' collisions: 0.19322435426432444
new generation:  1079
Fittest                      40.4684073725671
highest fitness' coverage:   42.402692653155015
highest fitness' collisions: 0.1934285280587913
new generation:  1080
Fittest                      40.470611010420875
highest fitness' coverage:   42.40489629100879
highest fitness' collisions: 0.19342852805879135
new generation:  1081
Fittest                      40.4804922493849
highest fitness' coverage:   42.41477752997282
highest fitness' collisions: 0.19342852805879124
new generation:  1082
Fittest                      40.482569642277625
highest fitness' coverage:   42.41685492286554
highest fitness' collisions: 0.19342852805879127
new generation:  1083
Fittest                      40.46517022349385
highest fitness' coverage:   42.399455504081764
highest fitness' collisions: 0.1934285280587913
new generation:  1084
Fittest                      40.44748398808061
highest fitness' coverage:   42.389225558157975
highest fitness' collisions: 0.19417415700773638
new generation:  1085
Fittest                      40.450979217445145
highest fitness' coverage:   42.392720787522514
highest fitness' collisions: 0.1941741570077366
new generation:  1086
Fittest                      40.463270442634304
highest fitness' coverage:   42.44049160067731
highest fitness' collisions: 0.19772211580430066
new generation:  1087
Fittest                      40.4695520397861
highest fitness' coverage:   42.44677319782911
highest fitness' collisions: 0.19772211580430082
new generation:  1088
Fittest                      40.45763467132624
highest fitness' coverage:   42.369214760128784
highest fitness' collisions: 0.19115800888025458
new generation:  1089
Fittest                      40.513245503234806
highest fitness' coverage:   42.42482559203735
highest fitness' collisions: 0.19115800888025455
new generation:  1090
Fittest                      40.492204971101344
highest fitness' coverage:   42.40378505990389
highest fitness' collisions: 0.19115800888025467
new generation:  1091
Fittest                      40.51086829159175
highest fitness' coverage:   42.42244838039429
highest fitness' collisions: 0.19115800888025464
new generation:  1092
Fittest                      40.510179306672704
highest fitness' coverage:   42.40993567933367
highest fitness' collisions: 0.18997563726609681
new generation:  1093
Fittest                      40.51946117550395
highest fitness' coverage:   42.419217548164916
highest fitness' collisions: 0.18997563726609681
new generation:  1094
Fittest                      40.53454539836761
highest fitness' coverage:   42.43430177102858
highest fitness' collisions: 0.18997563726609676
new generation:  1095
Fittest                      40.52198799010114
highest fitness' coverage:   42.421744362762105
highest fitness' collisions: 0.1899756372660968
new generation:  1096
Fittest                      40.53127579542344
highest fitness' coverage:   42.43103216808441
highest fitness' collisions: 0.18997563726609687
new generation:  1097
Fittest                      40.51700989001225
highest fitness' coverage:   42.416766262673214
highest fitness' collisions: 0.1899756372660968
new generation:  1098
Fittest                      40.54485249433916
highest fitness' coverage:   42.44460886700013
highest fitness' collisions: 0.18997563726609681
new generation:  1099
Fittest                      40.522799025044186
highest fitness' coverage:   42.42255539770515
highest fitness' collisions: 0.18997563726609676
new generation:  1100
Fittest                      40.50976074339178
highest fitness' coverage:   42.40951711605275
highest fitness' collisions: 0.1899756372660968
new generation:  1101
Fittest                      40.52497639834624
highest fitness' coverage:   42.42473277100721
highest fitness' collisions: 0.1899756372660969
new generation:  1102
Fittest                      40.53859422135932
highest fitness' coverage:   42.438350594020285
highest fitness' collisions: 0.18997563726609681
new generation:  1103
Fittest                      40.544045983945196
highest fitness' coverage:   42.44380235660616
highest fitness' collisions: 0.18997563726609687
new generation:  1104
Fittest                      40.513913768503336
highest fitness' coverage:   42.4136701411643
highest fitness' collisions: 0.18997563726609693
new generation:  1105
Fittest                      40.54749471983688
highest fitness' coverage:   42.447251092497844
highest fitness' collisions: 0.18997563726609684
new generation:  1106
Fittest                      40.50768723390791
highest fitness' coverage:   42.40661394446307
highest fitness' collisions: 0.18989267105551616
new generation:  1107
Fittest                      40.50106440737788
highest fitness' coverage:   42.39999111793305
highest fitness' collisions: 0.18989267105551627
new generation:  1108
Fittest                      40.526155616056755
highest fitness' coverage:   42.425082326611914
highest fitness' collisions: 0.18989267105551627
new generation:  1109
Fittest                      40.54144960427781
highest fitness' coverage:   42.44037631483297
highest fitness' collisions: 0.18989267105551622
new generation:  1110
Fittest                      40.51450325922663
highest fitness' coverage:   42.41342996978179
highest fitness' collisions: 0.18989267105551616
new generation:  1111
Fittest                      40.52564272016285
highest fitness' coverage:   42.42456943071801
highest fitness' collisions: 0.18989267105551613
new generation:  1112
Fittest                      40.51035519385671
highest fitness' coverage:   42.38790348157205
highest fitness' collisions: 0.18775482877153402
new generation:  1113
Fittest                      40.53884072961711
highest fitness' coverage:   42.41638901733245
highest fitness' collisions: 0.187754828771534
new generation:  1114
Fittest                      40.56746816481442
highest fitness' coverage:   42.39130912811673
highest fitness' collisions: 0.18238409633023123
new generation:  1115
Fittest                      40.576425354912175
highest fitness' coverage:   42.39464697774744
highest fitness' collisions: 0.1818221622835265
new generation:  1116
Fittest                      40.58966124498333
highest fitness' coverage:   42.40788286781859
highest fitness' collisions: 0.18182216228352635
new generation:  1117
Fittest                      40.58264011293526
highest fitness' coverage:   42.400861735770526
highest fitness' collisions: 0.18182216228352663
new generation:  1118
Fittest                      40.57088958637466
highest fitness' coverage:   42.38879498144391
highest fitness' collisions: 0.18179053950692484
new generation:  1119
Fittest                      40.5674785813442
highest fitness' coverage:   42.38538397641344
highest fitness' collisions: 0.18179053950692473
new generation:  1120
Fittest                      40.57478039029557
highest fitness' coverage:   42.39268578536482
highest fitness' collisions: 0.18179053950692475
new generation:  1121
Fittest                      40.57484975909122
highest fitness' coverage:   42.39275515416047
highest fitness' collisions: 0.18179053950692484
new generation:  1122
Fittest                      40.58278251399496
highest fitness' coverage:   42.39538694655049
highest fitness' collisions: 0.1812604432555534
new generation:  1123
Fittest                      40.57454961588328
highest fitness' coverage:   42.395274840683015
highest fitness' collisions: 0.18207252247997405
new generation:  1124
Fittest                      40.56590589449849
highest fitness' coverage:   42.38246242546353
highest fitness' collisions: 0.18165565309650372
new generation:  1125
Fittest                      40.58524225076049
highest fitness' coverage:   42.401798781725525
highest fitness' collisions: 0.18165565309650367
new generation:  1126
Fittest                      40.57873791253842
highest fitness' coverage:   42.39529444350346
highest fitness' collisions: 0.18165565309650364
new generation:  1127
Fittest                      40.575316085831496
highest fitness' coverage:   42.39187261679653
highest fitness' collisions: 0.18165565309650353
new generation:  1128
Fittest                      40.585358288741354
highest fitness' coverage:   42.40191481970639
highest fitness' collisions: 0.1816556530965036
new generation:  1129
Fittest                      40.56694104860224
highest fitness' coverage:   42.3793565127002
highest fitness' collisions: 0.18124154640979595
new generation:  1130
Fittest                      40.58040031357628
highest fitness' coverage:   42.39281577767424
highest fitness' collisions: 0.181241546409796
new generation:  1131
Fittest                      40.59275391836222
highest fitness' coverage:   42.40474280294138
highest fitness' collisions: 0.18119888845791582
new generation:  1132
Fittest                      40.54892508326369
highest fitness' coverage:   42.36091396784285
highest fitness' collisions: 0.18119888845791585
new generation:  1133
Fittest                      40.580189124537775
highest fitness' coverage:   42.39217800911693
highest fitness' collisions: 0.18119888845791576
new generation:  1134
Fittest                      40.57995917675628
highest fitness' coverage:   42.39194806133544
highest fitness' collisions: 0.1811988884579158
new generation:  1135
Fittest                      40.57026013612531
highest fitness' coverage:   42.413689827220296
highest fitness' collisions: 0.18434296910949816
new generation:  1136
Fittest                      40.5580200392955
highest fitness' coverage:   42.40144973039048
highest fitness' collisions: 0.18434296910949818
new generation:  1137
Fittest                      40.539698884756625
highest fitness' coverage:   42.38312857585161
highest fitness' collisions: 0.18434296910949807
new generation:  1138
Fittest                      40.531595739107715
highest fitness' coverage:   42.3919056096209
highest fitness' collisions: 0.18603098705131824
new generation:  1139
Fittest                      40.54763809171997
highest fitness' coverage:   42.40109651092902
highest fitness' collisions: 0.18534584192090556
new generation:  1140
Fittest                      40.570622368742704
highest fitness' coverage:   42.39245801135008
highest fitness' collisions: 0.1821835642607373
new generation:  1141
Fittest                      40.57334595949899
highest fitness' coverage:   42.395181602106355
highest fitness' collisions: 0.18218356426073704
new generation:  1142
Fittest                      40.58353969049427
highest fitness' coverage:   42.395186588813914
highest fitness' collisions: 0.18116468983196443
new generation:  1143
Fittest                      40.58619003560524
highest fitness' coverage:   42.397836933924886
highest fitness' collisions: 0.18116468983196415
new generation:  1144
Fittest                      40.58375605628615
highest fitness' coverage:   42.39540295460579
highest fitness' collisions: 0.1811646898319643
new generation:  1145
Fittest                      40.57831277245157
highest fitness' coverage:   42.39184592291392
highest fitness' collisions: 0.18135331504623584
new generation:  1146
Fittest                      40.59690132684188
highest fitness' coverage:   42.410434477304236
highest fitness' collisions: 0.18135331504623578
new generation:  1147
Fittest                      40.59048491485092
highest fitness' coverage:   42.40401806531328
highest fitness' collisions: 0.18135331504623586
new generation:  1148
Fittest                      40.581349328011264
highest fitness' coverage:   42.39237059204211
highest fitness' collisions: 0.1811021264030849
new generation:  1149
Fittest                      40.588348650185424
highest fitness' coverage:   42.39195681180326
highest fitness' collisions: 0.18036081616178407
new generation:  1150
Fittest                      40.59140714949185
highest fitness' coverage:   42.39501531110969
highest fitness' collisions: 0.18036081616178387
new generation:  1151
Fittest                      40.591882292330396
highest fitness' coverage:   42.395490453948234
highest fitness' collisions: 0.180360816161784
new generation:  1152
Fittest                      40.572357499675086
highest fitness' coverage:   42.37596566129292
highest fitness' collisions: 0.18036081616178387
new generation:  1153
Fittest                      40.59998547931522
highest fitness' coverage:   42.40359364093306
highest fitness' collisions: 0.18036081616178393
new generation:  1154
Fittest                      40.6070452056576
highest fitness' coverage:   42.389499118728104
highest fitness' collisions: 0.17824539130705036
new generation:  1155
Fittest                      40.62503077529069
highest fitness' coverage:   42.40748468836119
highest fitness' collisions: 0.17824539130705008
new generation:  1156
Fittest                      40.63052324018179
highest fitness' coverage:   42.40722275387892
highest fitness' collisions: 0.177669951369713
new generation:  1157
Fittest                      40.61170725450464
highest fitness' coverage:   42.38840676820177
highest fitness' collisions: 0.17766995136971306
new generation:  1158
Fittest                      40.63394006079104
highest fitness' coverage:   42.41063957448817
highest fitness' collisions: 0.17766995136971309
new generation:  1159
Fittest                      40.639522610887425
highest fitness' coverage:   42.42977324203437
highest fitness' collisions: 0.17902506311469493
new generation:  1160
Fittest                      40.6240018125652
highest fitness' coverage:   42.41128934447284
highest fitness' collisions: 0.17872875319076448
new generation:  1161
Fittest                      40.59391486592986
highest fitness' coverage:   42.389626723237114
highest fitness' collisions: 0.17957118573072534
new generation:  1162
Fittest                      40.59044528375278
highest fitness' coverage:   42.38615714106003
highest fitness' collisions: 0.1795711857307253
new generation:  1163
Fittest                      40.58754855208789
highest fitness' coverage:   42.38326040939514
highest fitness' collisions: 0.1795711857307254
new generation:  1164
Fittest                      40.584571928642845
highest fitness' coverage:   42.3802837859501
highest fitness' collisions: 0.17957118573072536
new generation:  1165
Fittest                      40.61256884533051
highest fitness' coverage:   42.42705473638824
highest fitness' collisions: 0.18144858910577366
new generation:  1166
Fittest                      40.58414768465024
highest fitness' coverage:   42.398633575707976
highest fitness' collisions: 0.18144858910577366
new generation:  1167
Fittest                      40.57117153719514
highest fitness' coverage:   42.42341698481825
highest fitness' collisions: 0.18522454476231087
new generation:  1168
Fittest                      40.53938378206414
highest fitness' coverage:   42.391629229687254
highest fitness' collisions: 0.18522454476231098
new generation:  1169
Fittest                      40.54546396014577
highest fitness' coverage:   42.39770940776888
highest fitness' collisions: 0.1852245447623109
new generation:  1170
Fittest                      40.536488059209866
highest fitness' coverage:   42.38873350683298
highest fitness' collisions: 0.18522454476231093
new generation:  1171
Fittest                      40.54983660880312
highest fitness' coverage:   42.40208205642623
highest fitness' collisions: 0.18522454476231098
new generation:  1172
Fittest                      40.53934724965057
highest fitness' coverage:   42.39159269727368
highest fitness' collisions: 0.18522454476231096
new generation:  1173
Fittest                      40.54666662071428
highest fitness' coverage:   42.39891206833739
highest fitness' collisions: 0.18522454476231082
new generation:  1174
Fittest                      40.539398828855475
highest fitness' coverage:   42.39164427647859
highest fitness' collisions: 0.185224544762311
new generation:  1175
Fittest                      40.565222010004696
highest fitness' coverage:   42.41746745762781
highest fitness' collisions: 0.18522454476231087
new generation:  1176
Fittest                      40.542814852293795
highest fitness' coverage:   42.395060299916906
highest fitness' collisions: 0.18522454476231098
new generation:  1177
Fittest                      40.55213934317995
highest fitness' coverage:   42.404384790803064
highest fitness' collisions: 0.1852245447623109
new generation:  1178
Fittest                      40.53037704627409
highest fitness' coverage:   42.3826224938972
highest fitness' collisions: 0.18522454476231096
new generation:  1179
Fittest                      40.54280390056404
highest fitness' coverage:   42.39504934818715
highest fitness' collisions: 0.18522454476231096
new generation:  1180
Fittest                      40.620407753630275
highest fitness' coverage:   42.470496174579004
highest fitness' collisions: 0.18500884209487273
new generation:  1181
Fittest                      40.6427610374431
highest fitness' coverage:   42.49284945839183
highest fitness' collisions: 0.18500884209487278
new generation:  1182
Fittest                      40.648335960258976
highest fitness' coverage:   42.48881304482162
highest fitness' collisions: 0.18404770845626442
new generation:  1183
Fittest                      40.642079945190446
highest fitness' coverage:   42.48255702975309
highest fitness' collisions: 0.18404770845626442
new generation:  1184
Fittest                      40.63870427231264
highest fitness' coverage:   42.47918135687528
highest fitness' collisions: 0.18404770845626423
new generation:  1185
Fittest                      40.642590243201305
highest fitness' coverage:   42.48306732776395
highest fitness' collisions: 0.1840477084562643
new generation:  1186
Fittest                      40.63687832866972
highest fitness' coverage:   42.47735541323236
highest fitness' collisions: 0.18404770845626436
new generation:  1187
Fittest                      40.63374267467048
highest fitness' coverage:   42.47421975923312
highest fitness' collisions: 0.18404770845626434
new generation:  1188
Fittest                      40.64230896835993
highest fitness' coverage:   42.473989968909336
highest fitness' collisions: 0.1831681000549408
new generation:  1189
Fittest                      40.66683144748326
highest fitness' coverage:   42.49851244803267
highest fitness' collisions: 0.1831681000549408
new generation:  1190
Fittest                      40.655163909434336
highest fitness' coverage:   42.4955545458833
highest fitness' collisions: 0.18403906364489686
new generation:  1191
Fittest                      40.63271043799589
highest fitness' coverage:   42.47310107444486
highest fitness' collisions: 0.18403906364489694
new generation:  1192
Fittest                      40.64220079270194
highest fitness' coverage:   42.48259142915091
highest fitness' collisions: 0.1840390636448968
new generation:  1193
Fittest                      40.654845218224615
highest fitness' coverage:   42.49523585467358
highest fitness' collisions: 0.1840390636448968
new generation:  1194
Fittest                      40.671662327953726
highest fitness' coverage:   42.47429340783732
highest fitness' collisions: 0.18026310798835954
new generation:  1195
Fittest                      40.6990926536221
highest fitness' coverage:   42.49287257740739
highest fitness' collisions: 0.17937799237852892
new generation:  1196
Fittest                      40.68613090137209
highest fitness' coverage:   42.479910825157376
highest fitness' collisions: 0.1793779923785288
new generation:  1197
Fittest                      40.69849965242074
highest fitness' coverage:   42.49227957620603
highest fitness' collisions: 0.17937799237852886
new generation:  1198
Fittest                      40.70369632520043
highest fitness' coverage:   42.49828907950189
highest fitness' collisions: 0.1794592754301452
new generation:  1199
Fittest                      40.705409635201725
highest fitness' coverage:   42.48362091011959
highest fitness' collisions: 0.17782112749178672
new generation:  1200
Fittest                      40.69638682050517
highest fitness' coverage:   42.47459809542303
highest fitness' collisions: 0.17782112749178666
new generation:  1201
Fittest                      40.720104617761685
highest fitness' coverage:   42.49831589267955
highest fitness' collisions: 0.17782112749178677
new generation:  1202
Fittest                      40.717912117776734
highest fitness' coverage:   42.4961233926946
highest fitness' collisions: 0.17782112749178666
new generation:  1203
Fittest                      40.70450568854201
highest fitness' coverage:   42.48271696345988
highest fitness' collisions: 0.17782112749178694
new generation:  1204
Fittest                      40.724227685122884
highest fitness' coverage:   42.4703212977941
highest fitness' collisions: 0.1746093612671217
new generation:  1205
Fittest                      40.73541232056258
highest fitness' coverage:   42.44551799830971
highest fitness' collisions: 0.17101056777471316
new generation:  1206
Fittest                      40.785125466345136
highest fitness' coverage:   42.495231144092266
highest fitness' collisions: 0.17101056777471313
new generation:  1207
Fittest                      40.773483569762504
highest fitness' coverage:   42.483589247509634
highest fitness' collisions: 0.17101056777471316
new generation:  1208
Fittest                      40.798392427195004
highest fitness' coverage:   42.50503871116388
highest fitness' collisions: 0.17066462839688706
new generation:  1209
Fittest                      40.76196866991646
highest fitness' coverage:   42.468614953885336
highest fitness' collisions: 0.1706646283968871
new generation:  1210
Fittest                      40.7856791806537
highest fitness' coverage:   42.49320403371378
highest fitness' collisions: 0.1707524853060078
new generation:  1211
Fittest                      40.76660293728714
highest fitness' coverage:   42.47412779034722
highest fitness' collisions: 0.17075248530600784
new generation:  1212
Fittest                      40.7733027634272
highest fitness' coverage:   42.673033357517916
highest fitness' collisions: 0.18997305940907117
new generation:  1213
Fittest                      40.81867183262123
highest fitness' coverage:   42.71097490264129
highest fitness' collisions: 0.1892303070020062
new generation:  1214
Fittest                      40.829905979315626
highest fitness' coverage:   42.72220904933569
highest fitness' collisions: 0.1892303070020063
new generation:  1215
Fittest                      40.78634585358237
highest fitness' coverage:   42.67864892360243
highest fitness' collisions: 0.18923030700200622
new generation:  1216
Fittest                      40.80339558925125
highest fitness' coverage:   42.728639957294526
highest fitness' collisions: 0.19252443680432713
new generation:  1217
Fittest                      40.785337926701295
highest fitness' coverage:   42.71058229474457
highest fitness' collisions: 0.1925244368043271
new generation:  1218
Fittest                      40.78168890032513
highest fitness' coverage:   42.7069332683684
highest fitness' collisions: 0.19252443680432726
new generation:  1219
Fittest                      40.78532383309517
highest fitness' coverage:   42.71056820113844
highest fitness' collisions: 0.1925244368043273
new generation:  1220
Fittest                      40.76687342555407
highest fitness' coverage:   42.69211779359734
highest fitness' collisions: 0.19252443680432713
new generation:  1221
Fittest                      40.77566678014738
highest fitness' coverage:   42.700911148190656
highest fitness' collisions: 0.19252443680432715
new generation:  1222
Fittest                      40.78160977479257
highest fitness' coverage:   42.706854142835844
highest fitness' collisions: 0.19252443680432718
new generation:  1223
Fittest                      40.7653078379686
highest fitness' coverage:   42.69055220601187
highest fitness' collisions: 0.1925244368043272
new generation:  1224
Fittest                      40.775022257545025
highest fitness' coverage:   42.7002666255883
highest fitness' collisions: 0.19252443680432713
new generation:  1225
Fittest                      40.7968911533654
highest fitness' coverage:   42.722135521408674
highest fitness' collisions: 0.19252443680432707
new generation:  1226
Fittest                      40.75454721597685
highest fitness' coverage:   42.67979158402012
highest fitness' collisions: 0.1925244368043272
new generation:  1227
Fittest                      40.75681790673585
highest fitness' coverage:   42.68206227477912
highest fitness' collisions: 0.19252443680432713
new generation:  1228
Fittest                      40.772101972050734
highest fitness' coverage:   42.69734634009401
highest fitness' collisions: 0.1925244368043273
new generation:  1229
Fittest                      40.78240061442688
highest fitness' coverage:   42.70764498247015
highest fitness' collisions: 0.19252443680432713
new generation:  1230
Fittest                      40.75043729352008
highest fitness' coverage:   42.67568166156335
highest fitness' collisions: 0.1925244368043271
new generation:  1231
Fittest                      40.78384578054371
highest fitness' coverage:   42.69394958415393
highest fitness' collisions: 0.1910103803610222
new generation:  1232
Fittest                      40.78822206624544
highest fitness' coverage:   42.69832586985566
highest fitness' collisions: 0.19101038036102225
new generation:  1233
Fittest                      40.7844883506042
highest fitness' coverage:   42.69459215421442
highest fitness' collisions: 0.19101038036102225
new generation:  1234
Fittest                      40.78391632911401
highest fitness' coverage:   42.694020132724226
highest fitness' collisions: 0.1910103803610223
new generation:  1235
Fittest                      40.809033540802425
highest fitness' coverage:   42.719137344412644
highest fitness' collisions: 0.19101038036102225
new generation:  1236
Fittest                      40.78745552112792
highest fitness' coverage:   42.69755932473814
highest fitness' collisions: 0.19101038036102222
new generation:  1237
Fittest                      40.772898200568406
highest fitness' coverage:   42.683002004178626
highest fitness' collisions: 0.1910103803610222
new generation:  1238
Fittest                      40.806726233988186
highest fitness' coverage:   42.716830037598406
highest fitness' collisions: 0.19101038036102216
new generation:  1239
Fittest                      40.761971840470125
highest fitness' coverage:   42.672075644080344
highest fitness' collisions: 0.1910103803610223
new generation:  1240
Fittest                      40.77882304494848
highest fitness' coverage:   42.68892684855871
highest fitness' collisions: 0.1910103803610223
new generation:  1241
Fittest                      40.7936586558643
highest fitness' coverage:   42.70376245947452
highest fitness' collisions: 0.19101038036102222
new generation:  1242
Fittest                      40.7690083284462
highest fitness' coverage:   42.68473147252347
highest fitness' collisions: 0.191572314407727
new generation:  1243
Fittest                      40.777478144963446
highest fitness' coverage:   42.69255213857377
highest fitness' collisions: 0.19150739936103192
new generation:  1244
Fittest                      40.764832261180764
highest fitness' coverage:   42.679906254791085
highest fitness' collisions: 0.191507399361032
new generation:  1245
Fittest                      40.77583039113748
highest fitness' coverage:   42.6909043847478
highest fitness' collisions: 0.19150739936103192
new generation:  1246
Fittest                      40.80195852917284
highest fitness' coverage:   42.717032522783164
highest fitness' collisions: 0.19150739936103195
new generation:  1247
Fittest                      40.7918935772364
highest fitness' coverage:   42.70696757084672
highest fitness' collisions: 0.19150739936103206
new generation:  1248
Fittest                      40.773029825886
highest fitness' coverage:   42.68810381949632
highest fitness' collisions: 0.19150739936103198
new generation:  1249
Fittest                      40.7802621420001
highest fitness' coverage:   42.69533613561042
highest fitness' collisions: 0.19150739936103203
new generation:  1250
Fittest                      40.785510141749334
highest fitness' coverage:   42.700584135359655
highest fitness' collisions: 0.191507399361032
new generation:  1251
Fittest                      40.78249538126629
highest fitness' coverage:   42.69756937487661
highest fitness' collisions: 0.19150739936103206
new generation:  1252
Fittest                      40.77943258712136
highest fitness' coverage:   42.694506580731684
highest fitness' collisions: 0.19150739936103206
new generation:  1253
Fittest                      40.774409988301876
highest fitness' coverage:   42.679295237624466
highest fitness' collisions: 0.1904885249322591
new generation:  1254
Fittest                      40.802047012989135
highest fitness' coverage:   42.70758141277868
highest fitness' collisions: 0.19055343997895413
new generation:  1255
Fittest                      40.775845258595915
highest fitness' coverage:   42.68137965838545
highest fitness' collisions: 0.19055343997895408
new generation:  1256
Fittest                      40.79239766803547
highest fitness' coverage:   42.69793206782501
highest fitness' collisions: 0.19055343997895405
new generation:  1257
Fittest                      40.82285378241323
highest fitness' coverage:   42.645364659636634
highest fitness' collisions: 0.18225108772234036
new generation:  1258
Fittest                      40.87826565567371
highest fitness' coverage:   42.70032255115046
highest fitness' collisions: 0.18220568954767466
new generation:  1259
Fittest                      40.88859847191701
highest fitness' coverage:   42.710655367393755
highest fitness' collisions: 0.18220568954767474
new generation:  1260
Fittest                      40.86819263524832
highest fitness' coverage:   42.69140588186479
highest fitness' collisions: 0.182321324661647
new generation:  1261
Fittest                      40.8959701117908
highest fitness' coverage:   42.687560581805585
highest fitness' collisions: 0.17915904700147833
new generation:  1262
Fittest                      40.916250082536905
highest fitness' coverage:   42.707840552551694
highest fitness' collisions: 0.1791590470014786
new generation:  1263
Fittest                      40.90282244464276
highest fitness' coverage:   42.69441291465754
highest fitness' collisions: 0.17915904700147842
new generation:  1264
Fittest                      40.89420483555801
highest fitness' coverage:   42.68579530557279
highest fitness' collisions: 0.17915904700147853
new generation:  1265
Fittest                      40.89370275281182
highest fitness' coverage:   42.6852932228266
highest fitness' collisions: 0.17915904700147844
new generation:  1266
Fittest                      40.91879065139571
highest fitness' coverage:   42.7103811214105
highest fitness' collisions: 0.17915904700147858
new generation:  1267
Fittest                      40.92792117279108
highest fitness' coverage:   42.71623482037314
highest fitness' collisions: 0.17883136475820552
new generation:  1268
Fittest                      40.92815910484796
highest fitness' coverage:   42.716472752430015
highest fitness' collisions: 0.17883136475820566
new generation:  1269
Fittest                      40.93376063680083
highest fitness' coverage:   42.72207428438288
highest fitness' collisions: 0.1788313647582054
new generation:  1270
Fittest                      40.91535061210235
highest fitness' coverage:   42.70366425968441
highest fitness' collisions: 0.1788313647582056
new generation:  1271
Fittest                      40.89037782818957
highest fitness' coverage:   42.67869147577163
highest fitness' collisions: 0.1788313647582058
new generation:  1272
Fittest                      40.89392394309353
highest fitness' coverage:   42.68223759067559
highest fitness' collisions: 0.1788313647582056
new generation:  1273
Fittest                      40.916932923276114
highest fitness' coverage:   42.704368001766966
highest fitness' collisions: 0.17874350784908483
new generation:  1274
Fittest                      40.913324693267576
highest fitness' coverage:   42.70075977175843
highest fitness' collisions: 0.17874350784908488
new generation:  1275
Fittest                      40.91293967687882
highest fitness' coverage:   42.70037475536967
highest fitness' collisions: 0.17874350784908483
new generation:  1276
Fittest                      40.89243725043312
highest fitness' coverage:   42.67987232892397
highest fitness' collisions: 0.17874350784908505
new generation:  1277
Fittest                      40.89852939047224
highest fitness' coverage:   42.68596446896309
highest fitness' collisions: 0.17874350784908483
new generation:  1278
Fittest                      40.89018601184422
highest fitness' coverage:   42.682779223789545
highest fitness' collisions: 0.17925932119453228
new generation:  1279
Fittest                      40.9030115335938
highest fitness' coverage:   42.69560474553912
highest fitness' collisions: 0.1792593211945322
new generation:  1280
Fittest                      40.90300621946701
highest fitness' coverage:   42.69559943141233
highest fitness' collisions: 0.17925932119453222
new generation:  1281
Fittest                      40.90367317182234
highest fitness' coverage:   42.696266383767664
highest fitness' collisions: 0.17925932119453228
new generation:  1282
Fittest                      40.89821109849093
highest fitness' coverage:   42.695700514843544
highest fitness' collisions: 0.1797489416352609
new generation:  1283
Fittest                      40.900986800760386
highest fitness' coverage:   42.698476217113
highest fitness' collisions: 0.17974894163526087
new generation:  1284
Fittest                      40.900303832202454
highest fitness' coverage:   42.697793248555065
highest fitness' collisions: 0.17974894163526084
new generation:  1285
Fittest                      40.919599380703424
highest fitness' coverage:   42.71708879705603
highest fitness' collisions: 0.17974894163526076
new generation:  1286
Fittest                      40.92550479769984
highest fitness' coverage:   42.72299421405245
highest fitness' collisions: 0.17974894163526092
new generation:  1287
Fittest                      40.92886592752262
highest fitness' coverage:   42.726355343875234
highest fitness' collisions: 0.17974894163526084
new generation:  1288
Fittest                      40.89098010592859
highest fitness' coverage:   42.6884695222812
highest fitness' collisions: 0.17974894163526084
new generation:  1289
Fittest                      40.91294591537755
highest fitness' coverage:   42.71043533173016
highest fitness' collisions: 0.17974894163526098
new generation:  1290
Fittest                      40.91357696331943
highest fitness' coverage:   42.71106637967204
highest fitness' collisions: 0.1797489416352609
new generation:  1291
Fittest                      40.888604477483135
highest fitness' coverage:   42.686093893835746
highest fitness' collisions: 0.17974894163526092
new generation:  1292
Fittest                      40.916520735075025
highest fitness' coverage:   42.71401015142764
highest fitness' collisions: 0.17974894163526084
new generation:  1293
Fittest                      40.913071462574244
highest fitness' coverage:   42.71749153304602
highest fitness' collisions: 0.18044200704717756
new generation:  1294
Fittest                      40.90324701880842
highest fitness' coverage:   42.70177153021243
highest fitness' collisions: 0.17985245114040083
new generation:  1295
Fittest                      40.90866597989462
highest fitness' coverage:   42.70719049129863
highest fitness' collisions: 0.17985245114040094
new generation:  1296
Fittest                      40.889789675389345
highest fitness' coverage:   42.688314186793356
highest fitness' collisions: 0.17985245114040105
new generation:  1297
Fittest                      40.88790930859292
highest fitness' coverage:   42.688778048812246
highest fitness' collisions: 0.18008687402193302
new generation:  1298
Fittest                      40.89097367057494
highest fitness' coverage:   42.691842410794266
highest fitness' collisions: 0.18008687402193288
new generation:  1299
Fittest                      40.900875086552034
highest fitness' coverage:   42.70174382677136
highest fitness' collisions: 0.180086874021933
new generation:  1300
Fittest                      40.894820991137685
highest fitness' coverage:   42.695689731357014
highest fitness' collisions: 0.18008687402193294
new generation:  1301
Fittest                      40.911015273206814
highest fitness' coverage:   42.70809608427249
highest fitness' collisions: 0.17970808110656758
new generation:  1302
Fittest                      40.910996373526515
highest fitness' coverage:   42.70807718459219
highest fitness' collisions: 0.17970808110656747
new generation:  1303
Fittest                      40.905295794226824
highest fitness' coverage:   42.7023766052925
highest fitness' collisions: 0.17970808110656766
new generation:  1304
Fittest                      40.90495728114813
highest fitness' coverage:   42.702038092213805
highest fitness' collisions: 0.17970808110656747
new generation:  1305
Fittest                      40.90046104365063
highest fitness' coverage:   42.697541854716306
highest fitness' collisions: 0.17970808110656755
new generation:  1306
Fittest                      40.90419405826227
highest fitness' coverage:   42.68599690965516
highest fitness' collisions: 0.1781802851392886
new generation:  1307
Fittest                      40.92346194131733
highest fitness' coverage:   42.70526479271021
highest fitness' collisions: 0.17818028513928852
new generation:  1308
Fittest                      40.91758543677338
highest fitness' coverage:   42.700060995144675
highest fitness' collisions: 0.1782475558371299
new generation:  1309
Fittest                      40.93311092430673
highest fitness' coverage:   42.8004481327157
highest fitness' collisions: 0.18673372084089704
new generation:  1310
Fittest                      40.95498878947109
highest fitness' coverage:   42.82232599788006
highest fitness' collisions: 0.18673372084089696
new generation:  1311
Fittest                      40.974539693085426
highest fitness' coverage:   42.841876901494395
highest fitness' collisions: 0.18673372084089704
new generation:  1312
Fittest                      40.933018745572916
highest fitness' coverage:   42.800355953981885
highest fitness' collisions: 0.18673372084089687
new generation:  1313
Fittest                      40.980486381712076
highest fitness' coverage:   42.847823590121045
highest fitness' collisions: 0.1867337208408969
new generation:  1314
Fittest                      40.99069903251882
highest fitness' coverage:   42.780642640613635
highest fitness' collisions: 0.17899436080948175
new generation:  1315
Fittest                      41.00417880144111
highest fitness' coverage:   42.79412240953592
highest fitness' collisions: 0.1789943608094816
new generation:  1316
Fittest                      41.000590629360225
highest fitness' coverage:   42.79053423745504
highest fitness' collisions: 0.17899436080948145
new generation:  1317
Fittest                      41.00066827536814
highest fitness' coverage:   42.79061188346296
highest fitness' collisions: 0.17899436080948164
new generation:  1318
Fittest                      41.009420924943456
highest fitness' coverage:   42.79936453303827
highest fitness' collisions: 0.1789943608094816
new generation:  1319
Fittest                      41.015800932325355
highest fitness' coverage:   42.80574454042017
highest fitness' collisions: 0.17899436080948158
new generation:  1320
Fittest                      40.9948898115757
highest fitness' coverage:   42.78483341967052
highest fitness' collisions: 0.17899436080948158
new generation:  1321
Fittest                      41.004349606446986
highest fitness' coverage:   42.7942932145418
highest fitness' collisions: 0.1789943608094817
new generation:  1322
Fittest                      40.9997725472653
highest fitness' coverage:   42.805658757488814
highest fitness' collisions: 0.18058862102235093
new generation:  1323
Fittest                      40.98774485179569
highest fitness' coverage:   42.793631062019195
highest fitness' collisions: 0.18058862102235076
new generation:  1324
Fittest                      41.01927469407249
highest fitness' coverage:   42.82221661726398
highest fitness' collisions: 0.18029419231914873
new generation:  1325
Fittest                      40.994575144168515
highest fitness' coverage:   42.797517067360005
highest fitness' collisions: 0.18029419231914867
new generation:  1326
Fittest                      40.99350518938201
highest fitness' coverage:   42.796447112573496
highest fitness' collisions: 0.18029419231914848
new generation:  1327
Fittest                      40.981392212075576
highest fitness' coverage:   42.78433413526706
highest fitness' collisions: 0.1802941923191484
new generation:  1328
Fittest                      41.01321638892273
highest fitness' coverage:   42.78453553551253
highest fitness' collisions: 0.1771319146589801
new generation:  1329
Fittest                      41.04121909889459
highest fitness' coverage:   42.81253824548439
highest fitness' collisions: 0.1771319146589802
new generation:  1330
Fittest                      41.038233530117054
highest fitness' coverage:   42.80955267670686
highest fitness' collisions: 0.17713191465898015
new generation:  1331
Fittest                      41.01907376448354
highest fitness' coverage:   42.79039291107334
highest fitness' collisions: 0.1771319146589802
new generation:  1332
Fittest                      41.02253260553505
highest fitness' coverage:   42.79385175212485
highest fitness' collisions: 0.17713191465898007
new generation:  1333
Fittest                      41.040378293183586
highest fitness' coverage:   42.81169743977339
highest fitness' collisions: 0.17713191465898
new generation:  1334
Fittest                      41.01609708763121
highest fitness' coverage:   42.78741623422101
highest fitness' collisions: 0.17713191465898018
new generation:  1335
Fittest                      41.02745221936264
highest fitness' coverage:   42.781983325771215
highest fitness' collisions: 0.17545311064085772
new generation:  1336
Fittest                      41.051535053193746
highest fitness' coverage:   42.806066159602324
highest fitness' collisions: 0.17545311064085758
new generation:  1337
Fittest                      41.03107043928213
highest fitness' coverage:   42.78560154569071
highest fitness' collisions: 0.1754531106408576
new generation:  1338
Fittest                      41.03654767847462
highest fitness' coverage:   42.7910787848832
highest fitness' collisions: 0.17545311064085753
new generation:  1339
Fittest                      41.01788291294883
highest fitness' coverage:   42.772414019357406
highest fitness' collisions: 0.1754531106408576
new generation:  1340
Fittest                      41.04076353225998
highest fitness' coverage:   42.79529463866856
highest fitness' collisions: 0.17545311064085753
new generation:  1341
Fittest                      41.04952884667488
highest fitness' coverage:   42.82936717926914
highest fitness' collisions: 0.17798383325942582
new generation:  1342
Fittest                      41.04277401932834
highest fitness' coverage:   42.8226123519226
highest fitness' collisions: 0.1779838332594257
new generation:  1343
Fittest                      41.03712625535903
highest fitness' coverage:   42.81696458795329
highest fitness' collisions: 0.17798383325942577
new generation:  1344
Fittest                      41.05500374554234
highest fitness' coverage:   42.834842078136596
highest fitness' collisions: 0.17798383325942557
new generation:  1345
Fittest                      41.06757094496968
highest fitness' coverage:   42.863396515903155
highest fitness' collisions: 0.17958255709334717
new generation:  1346
Fittest                      41.02098498199292
highest fitness' coverage:   42.81681055292639
highest fitness' collisions: 0.17958255709334714
new generation:  1347
Fittest                      41.03720000524606
highest fitness' coverage:   42.83302557617953
highest fitness' collisions: 0.179582557093347
new generation:  1348
Fittest                      41.02522837839025
highest fitness' coverage:   42.80789566361694
highest fitness' collisions: 0.17826672852266864
new generation:  1349
Fittest                      41.0471678446743
highest fitness' coverage:   42.829835129900985
highest fitness' collisions: 0.17826672852266862
new generation:  1350
Fittest                      41.04997146297602
highest fitness' coverage:   42.832638748202704
highest fitness' collisions: 0.17826672852266887
new generation:  1351
Fittest                      41.02855618943531
highest fitness' coverage:   42.81122347466199
highest fitness' collisions: 0.17826672852266884
new generation:  1352
Fittest                      41.07200773247644
highest fitness' coverage:   42.85467501770313
highest fitness' collisions: 0.17826672852266864
new generation:  1353
Fittest                      41.046348462027126
highest fitness' coverage:   42.82901574725381
highest fitness' collisions: 0.1782667285226688
new generation:  1354
Fittest                      41.047458656080906
highest fitness' coverage:   42.82320802818601
highest fitness' collisions: 0.1775749372105107
new generation:  1355
Fittest                      41.06284623277395
highest fitness' coverage:   42.83859560487905
highest fitness' collisions: 0.17757493721051068
new generation:  1356
Fittest                      41.06606011076009
highest fitness' coverage:   42.83623000499111
highest fitness' collisions: 0.1770169894231016
new generation:  1357
Fittest                      41.05095401536625
highest fitness' coverage:   42.82112390959727
highest fitness' collisions: 0.1770169894231017
new generation:  1358
Fittest                      41.039425570190325
highest fitness' coverage:   42.80959546442134
highest fitness' collisions: 0.17701698942310157
new generation:  1359
Fittest                      41.07575161309458
highest fitness' coverage:   42.8459215073256
highest fitness' collisions: 0.17701698942310143
new generation:  1360
Fittest                      41.035190920976476
highest fitness' coverage:   42.80536081520749
highest fitness' collisions: 0.17701698942310165
new generation:  1361
Fittest                      41.04722923273995
highest fitness' coverage:   42.81739912697097
highest fitness' collisions: 0.17701698942310157
new generation:  1362
Fittest                      41.05385208483678
highest fitness' coverage:   42.824021979067794
highest fitness' collisions: 0.1770169894231017
new generation:  1363
Fittest                      41.047927835279864
highest fitness' coverage:   42.81809772951088
highest fitness' collisions: 0.1770169894231017
new generation:  1364
Fittest                      41.07839760880388
highest fitness' coverage:   42.83030896556069
highest fitness' collisions: 0.17519113567568098
new generation:  1365
Fittest                      41.053591792696004
highest fitness' coverage:   42.80885570877922
highest fitness' collisions: 0.17552639160832137
new generation:  1366
Fittest                      41.06993522673856
highest fitness' coverage:   42.82420059213876
highest fitness' collisions: 0.17542653654002013
new generation:  1367
Fittest                      41.05493683992165
highest fitness' coverage:   42.80920220532185
highest fitness' collisions: 0.1754265365400201
new generation:  1368
Fittest                      41.06427634258046
highest fitness' coverage:   42.818541707980664
highest fitness' collisions: 0.17542653654002008
new generation:  1369
Fittest                      41.10563770638139
highest fitness' coverage:   42.81830779241123
highest fitness' collisions: 0.17126700860298474
new generation:  1370
Fittest                      41.107120373102276
highest fitness' coverage:   42.82060762519027
highest fitness' collisions: 0.1713487252087997
new generation:  1371
Fittest                      41.121158291237045
highest fitness' coverage:   42.85276049467655
highest fitness' collisions: 0.17316022034395084
new generation:  1372
Fittest                      41.095414100088504
highest fitness' coverage:   42.827790054543
highest fitness' collisions: 0.1732375954454499
new generation:  1373
Fittest                      41.091620439127325
highest fitness' coverage:   42.82399639358182
highest fitness' collisions: 0.17323759544544975
new generation:  1374
Fittest                      41.082924991749955
highest fitness' coverage:   42.81530094620445
highest fitness' collisions: 0.17323759544544995
new generation:  1375
Fittest                      41.10412271756945
highest fitness' coverage:   42.83980488669019
highest fitness' collisions: 0.17356821691207322
new generation:  1376
Fittest                      41.095420924696846
highest fitness' coverage:   42.831103093817575
highest fitness' collisions: 0.17356821691207316
new generation:  1377
Fittest                      41.099658607465386
highest fitness' coverage:   42.83356249717608
highest fitness' collisions: 0.17339038897106943
new generation:  1378
Fittest                      41.08614622287854
highest fitness' coverage:   42.820050112589236
highest fitness' collisions: 0.1733903889710693
new generation:  1379
Fittest                      41.084324025217974
highest fitness' coverage:   42.81822791492867
highest fitness' collisions: 0.17339038897106926
new generation:  1380
Fittest                      41.093172093904066
highest fitness' coverage:   42.82707598361476
highest fitness' collisions: 0.17339038897106943
new generation:  1381
Fittest                      41.08154217298973
highest fitness' coverage:   42.81544606270042
highest fitness' collisions: 0.17339038897106912
new generation:  1382
Fittest                      41.08336538114968
highest fitness' coverage:   42.81726927086038
highest fitness' collisions: 0.1733903889710693
new generation:  1383
Fittest                      41.07819049706072
highest fitness' coverage:   42.843639397587054
highest fitness' collisions: 0.1765448900526336
new generation:  1384
Fittest                      41.05532429151284
highest fitness' coverage:   42.82077319203918
highest fitness' collisions: 0.17654489005263377
new generation:  1385
Fittest                      41.06161515172326
highest fitness' coverage:   42.8270640522496
highest fitness' collisions: 0.17654489005263357
new generation:  1386
Fittest                      41.05646528570225
highest fitness' coverage:   42.82191418622859
highest fitness' collisions: 0.17654489005263363
new generation:  1387
Fittest                      41.07457292376157
highest fitness' coverage:   42.84002182428791
highest fitness' collisions: 0.17654489005263369
new generation:  1388
Fittest                      41.05917573585497
highest fitness' coverage:   42.82462463638131
highest fitness' collisions: 0.17654489005263385
new generation:  1389
Fittest                      41.04960951519053
highest fitness' coverage:   42.81505841571687
highest fitness' collisions: 0.1765448900526337
new generation:  1390
Fittest                      41.09558037152266
highest fitness' coverage:   42.861029272048995
highest fitness' collisions: 0.17654489005263369
new generation:  1391
Fittest                      41.07384809916019
highest fitness' coverage:   42.83961322745254
highest fitness' collisions: 0.1765765128292354
new generation:  1392
Fittest                      41.08269624079617
highest fitness' coverage:   42.848461369088525
highest fitness' collisions: 0.17657651282923545
new generation:  1393
Fittest                      41.06443434288738
highest fitness' coverage:   42.83019947117974
highest fitness' collisions: 0.17657651282923548
new generation:  1394
Fittest                      41.06131390014014
highest fitness' coverage:   42.82707902843249
highest fitness' collisions: 0.17657651282923525
new generation:  1395
Fittest                      41.05500091496445
highest fitness' coverage:   42.8207660432568
highest fitness' collisions: 0.17657651282923537
new generation:  1396
Fittest                      41.05573852121822
highest fitness' coverage:   42.82150364951057
highest fitness' collisions: 0.17657651282923545
new generation:  1397
Fittest                      41.074764016805524
highest fitness' coverage:   42.84052914509788
highest fitness' collisions: 0.17657651282923548
new generation:  1398
Fittest                      41.06402730236081
highest fitness' coverage:   42.829792430653164
highest fitness' collisions: 0.17657651282923534
new generation:  1399
Fittest                      41.05863176035025
highest fitness' coverage:   42.8243968886426
highest fitness' collisions: 0.17657651282923537
new generation:  1400
Fittest                      41.05808763932221
highest fitness' coverage:   42.82385276761456
highest fitness' collisions: 0.17657651282923537
new generation:  1401
Fittest                      41.07337348466428
highest fitness' coverage:   42.83913861295663
highest fitness' collisions: 0.17657651282923542
new generation:  1402
Fittest                      41.0777622458555
highest fitness' coverage:   42.851905115589865
highest fitness' collisions: 0.1774142869734361
new generation:  1403
Fittest                      41.04618534582765
highest fitness' coverage:   42.814708875094965
highest fitness' collisions: 0.17685235292673152
new generation:  1404
Fittest                      41.177441997718745
highest fitness' coverage:   43.110631559970365
highest fitness' collisions: 0.19331895622516215
new generation:  1405
Fittest                      41.25606260925177
highest fitness' coverage:   43.18925217150339
highest fitness' collisions: 0.1933189562251622
new generation:  1406
Fittest                      41.27112914245994
highest fitness' coverage:   43.20431870471156
highest fitness' collisions: 0.1933189562251622
new generation:  1407
Fittest                      41.26004871661175
highest fitness' coverage:   43.19536462677384
highest fitness' collisions: 0.19353159101620904
new generation:  1408
Fittest                      41.246739073718565
highest fitness' coverage:   43.182054983880654
highest fitness' collisions: 0.19353159101620904
new generation:  1409
Fittest                      41.23787334950017
highest fitness' coverage:   43.17318925966226
highest fitness' collisions: 0.19353159101620904
new generation:  1410
Fittest                      41.23419877235769
highest fitness' coverage:   43.167170453704465
highest fitness' collisions: 0.19329716813467712
new generation:  1411
Fittest                      41.2646949669982
highest fitness' coverage:   43.19766664834497
highest fitness' collisions: 0.193297168134677
new generation:  1412
Fittest                      41.25872054872648
highest fitness' coverage:   43.19169223007325
highest fitness' collisions: 0.19329716813467693
new generation:  1413
Fittest                      41.251866359809924
highest fitness' coverage:   43.184838041156695
highest fitness' collisions: 0.19329716813467718
new generation:  1414
Fittest                      41.24319197390477
highest fitness' coverage:   43.17616365525154
highest fitness' collisions: 0.19329716813467698
new generation:  1415
Fittest                      41.26778729983661
highest fitness' coverage:   43.200758981183384
highest fitness' collisions: 0.19329716813467696
new generation:  1416
Fittest                      41.235346315072675
highest fitness' coverage:   43.16696903353685
highest fitness' collisions: 0.1931622718464177
new generation:  1417
Fittest                      41.26340643264235
highest fitness' coverage:   43.18000203065256
highest fitness' collisions: 0.19165955980102087
new generation:  1418
Fittest                      41.261167056015104
highest fitness' coverage:   43.1791116169079
highest fitness' collisions: 0.19179445608927995
new generation:  1419
Fittest                      41.260946858824035
highest fitness' coverage:   43.17972108182264
highest fitness' collisions: 0.1918774222998605
new generation:  1420
Fittest                      41.289316816147505
highest fitness' coverage:   43.20809103914611
highest fitness' collisions: 0.1918774222998606
new generation:  1421
Fittest                      41.253936012704834
highest fitness' coverage:   43.17271023570344
highest fitness' collisions: 0.19187742229986054
new generation:  1422
Fittest                      41.267471866849675
highest fitness' coverage:   43.166988742387076
highest fitness' collisions: 0.1899516875537402
new generation:  1423
Fittest                      41.27349154742516
highest fitness' coverage:   43.17300842296256
highest fitness' collisions: 0.18995168755374017
new generation:  1424
Fittest                      41.26400769335783
highest fitness' coverage:   43.163524568895234
highest fitness' collisions: 0.18995168755374026
new generation:  1425
Fittest                      41.26783463275797
highest fitness' coverage:   43.16735150829537
highest fitness' collisions: 0.1899516875537403
new generation:  1426
Fittest                      41.290053588812604
highest fitness' coverage:   43.18875329829186
highest fitness' collisions: 0.1898699709479256
new generation:  1427
Fittest                      41.287169430004056
highest fitness' coverage:   43.185869139483316
highest fitness' collisions: 0.18986997094792565
new generation:  1428
Fittest                      41.26845421643097
highest fitness' coverage:   43.16715392591022
highest fitness' collisions: 0.18986997094792554
new generation:  1429
Fittest                      41.26603316990464
highest fitness' coverage:   43.16414403572854
highest fitness' collisions: 0.18981108658239015
new generation:  1430
Fittest                      41.29897758110363
highest fitness' coverage:   43.19713739872468
highest fitness' collisions: 0.189815981762105
new generation:  1431
Fittest                      41.29346661579424
highest fitness' coverage:   43.19162643341529
highest fitness' collisions: 0.18981598176210487
new generation:  1432
Fittest                      41.26921097522024
highest fitness' coverage:   43.16737079284129
highest fitness' collisions: 0.1898159817621049
new generation:  1433
Fittest                      41.29730762562404
highest fitness' coverage:   43.19546744324509
highest fitness' collisions: 0.18981598176210496
new generation:  1434
Fittest                      41.293376689410444
highest fitness' coverage:   43.19153650703149
highest fitness' collisions: 0.18981598176210482
new generation:  1435
Fittest                      41.27212855488421
highest fitness' coverage:   43.17028837250526
highest fitness' collisions: 0.18981598176210485
new generation:  1436
Fittest                      41.28079713764874
highest fitness' coverage:   43.17895695526979
highest fitness' collisions: 0.18981598176210485
new generation:  1437
Fittest                      41.29061235919074
highest fitness' coverage:   43.18877217681179
highest fitness' collisions: 0.18981598176210493
new generation:  1438
Fittest                      41.28430792490608
highest fitness' coverage:   43.18246774252713
highest fitness' collisions: 0.18981598176210482
new generation:  1439
Fittest                      41.284835624788286
highest fitness' coverage:   43.182995442409336
highest fitness' collisions: 0.189815981762105
new generation:  1440
Fittest                      41.270092101990606
highest fitness' coverage:   43.16764243504421
highest fitness' collisions: 0.18975503330536042
new generation:  1441
Fittest                      41.28490893675688
highest fitness' coverage:   43.19845997248586
highest fitness' collisions: 0.19135510357289814
new generation:  1442
Fittest                      41.268302482782325
highest fitness' coverage:   43.378067002098746
highest fitness' collisions: 0.21097645193164233
new generation:  1443
Fittest                      41.34581562910402
highest fitness' coverage:   43.45558014842044
highest fitness' collisions: 0.21097645193164227
new generation:  1444
Fittest                      41.358420479354564
highest fitness' coverage:   43.468184998670985
highest fitness' collisions: 0.21097645193164224
new generation:  1445
Fittest                      41.34886450529268
highest fitness' coverage:   43.4586290246091
highest fitness' collisions: 0.2109764519316423
new generation:  1446
Fittest                      41.33380383434695
highest fitness' coverage:   43.44356835366337
highest fitness' collisions: 0.2109764519316422
new generation:  1447
Fittest                      41.34255662937619
highest fitness' coverage:   43.45232114869261
highest fitness' collisions: 0.21097645193164233
new generation:  1448
Fittest                      41.32748151464031
highest fitness' coverage:   43.43724603395673
highest fitness' collisions: 0.21097645193164222
new generation:  1449
Fittest                      41.348634458405435
highest fitness' coverage:   43.458398977721856
highest fitness' collisions: 0.21097645193164233
new generation:  1450
Fittest                      41.34302337348652
highest fitness' coverage:   43.45278789280294
highest fitness' collisions: 0.21097645193164236
new generation:  1451
Fittest                      41.33034836291952
highest fitness' coverage:   43.440112882235944
highest fitness' collisions: 0.21097645193164224
new generation:  1452
Fittest                      41.38479897555111
highest fitness' coverage:   43.42335933924493
highest fitness' collisions: 0.20385603636938263
new generation:  1453
Fittest                      41.38622125432961
highest fitness' coverage:   43.42466139157998
highest fitness' collisions: 0.20384401372503663
new generation:  1454
Fittest                      41.417622485811336
highest fitness' coverage:   43.455485816761076
highest fitness' collisions: 0.2037863330949738
new generation:  1455
Fittest                      41.408573640634096
highest fitness' coverage:   43.47687214062851
highest fitness' collisions: 0.20682984999944132
new generation:  1456
Fittest                      41.402140401870625
highest fitness' coverage:   43.40881611622539
highest fitness' collisions: 0.20066757143547664
new generation:  1457
Fittest                      41.44705478765988
highest fitness' coverage:   43.45373050201464
highest fitness' collisions: 0.20066757143547667
new generation:  1458
Fittest                      41.442702720576946
highest fitness' coverage:   43.44937843493171
highest fitness' collisions: 0.20066757143547664
new generation:  1459
Fittest                      41.426105264478466
highest fitness' coverage:   43.449866265331266
highest fitness' collisions: 0.2023761000852802
new generation:  1460
Fittest                      41.429170415383474
highest fitness' coverage:   43.452931416236275
highest fitness' collisions: 0.20237610008528023
new generation:  1461
Fittest                      41.44455802931398
highest fitness' coverage:   43.46831903016678
highest fitness' collisions: 0.20237610008528006
new generation:  1462
Fittest                      41.437839352197024
highest fitness' coverage:   43.461600353049825
highest fitness' collisions: 0.2023761000852802
new generation:  1463
Fittest                      41.423743208577235
highest fitness' coverage:   43.45575149546817
highest fitness' collisions: 0.20320082868909356
new generation:  1464
Fittest                      41.4022249464993
highest fitness' coverage:   43.43423323339024
highest fitness' collisions: 0.2032008286890936
new generation:  1465
Fittest                      41.42058342079464
highest fitness' coverage:   43.45259170768558
highest fitness' collisions: 0.2032008286890935
new generation:  1466
Fittest                      41.3955701760333
highest fitness' coverage:   43.42757846292424
highest fitness' collisions: 0.20320082868909364
new generation:  1467
Fittest                      41.423934945891574
highest fitness' coverage:   43.45594323278251
highest fitness' collisions: 0.20320082868909373
new generation:  1468
Fittest                      41.42043885962411
highest fitness' coverage:   43.45244714651505
highest fitness' collisions: 0.2032008286890936
new generation:  1469
Fittest                      41.42105098201163
highest fitness' coverage:   43.45317949534603
highest fitness' collisions: 0.20321285133343964
new generation:  1470
Fittest                      41.427038839997756
highest fitness' coverage:   43.450573210919636
highest fitness' collisions: 0.20235343709218806
new generation:  1471
Fittest                      41.45199890657272
highest fitness' coverage:   43.4755332774946
highest fitness' collisions: 0.20235343709218803
new generation:  1472
Fittest                      41.417911481134766
highest fitness' coverage:   43.44299466867556
highest fitness' collisions: 0.2025083187540793
new generation:  1473
Fittest                      41.415760235296936
highest fitness' coverage:   43.44084342283773
highest fitness' collisions: 0.20250831875407935
new generation:  1474
Fittest                      41.426965653493724
highest fitness' coverage:   43.45250405452839
highest fitness' collisions: 0.20255384010346691
new generation:  1475
Fittest                      41.4266564108994
highest fitness' coverage:   43.45219481193406
highest fitness' collisions: 0.20255384010346683
new generation:  1476
Fittest                      41.4418134122385
highest fitness' coverage:   43.46735181327317
highest fitness' collisions: 0.2025538401034667
new generation:  1477
Fittest                      41.4147036537874
highest fitness' coverage:   43.440242054822065
highest fitness' collisions: 0.20255384010346683
new generation:  1478
Fittest                      41.45202832644867
highest fitness' coverage:   43.47756672748334
highest fitness' collisions: 0.20255384010346697
new generation:  1479
Fittest                      41.4175868320016
highest fitness' coverage:   43.44049078782017
highest fitness' collisions: 0.20229039558185685
new generation:  1480
Fittest                      41.42392200104779
highest fitness' coverage:   43.44682595686636
highest fitness' collisions: 0.20229039558185674
new generation:  1481
Fittest                      41.41816081257298
highest fitness' coverage:   43.44106476839155
highest fitness' collisions: 0.2022903955818567
new generation:  1482
Fittest                      41.42600759568172
highest fitness' coverage:   43.44891155150029
highest fitness' collisions: 0.2022903955818568
new generation:  1483
Fittest                      41.42971715985532
highest fitness' coverage:   43.45262111567389
highest fitness' collisions: 0.20229039558185682
new generation:  1484
Fittest                      41.42997300211639
highest fitness' coverage:   43.45287695793496
highest fitness' collisions: 0.20229039558185685
new generation:  1485
Fittest                      41.41715859443457
highest fitness' coverage:   43.44006255025314
highest fitness' collisions: 0.20229039558185674
new generation:  1486
Fittest                      41.43908880596109
highest fitness' coverage:   43.4077813211655
highest fitness' collisions: 0.19686925152044088
new generation:  1487
Fittest                      41.49206667862125
highest fitness' coverage:   43.46075919382566
highest fitness' collisions: 0.19686925152044085
new generation:  1488
Fittest                      41.48107720200417
highest fitness' coverage:   43.44993050130775
highest fitness' collisions: 0.1968853299303574
new generation:  1489
Fittest                      41.47159967601439
highest fitness' coverage:   43.44045297531797
highest fitness' collisions: 0.19688532993035737
new generation:  1490
Fittest                      41.481496300142766
highest fitness' coverage:   43.45034959944634
highest fitness' collisions: 0.1968853299303576
new generation:  1491
Fittest                      41.49668379435128
highest fitness' coverage:   43.44387087354396
highest fitness' collisions: 0.19471870791926787
new generation:  1492
Fittest                      41.48441946052968
highest fitness' coverage:   43.43160653972236
highest fitness' collisions: 0.19471870791926774
new generation:  1493
Fittest                      41.48184697628118
highest fitness' coverage:   43.42903405547386
highest fitness' collisions: 0.1947187079192679
new generation:  1494
Fittest                      41.50966359359918
highest fitness' coverage:   43.45685067279186
highest fitness' collisions: 0.19471870791926785
new generation:  1495
Fittest                      41.512621263731695
highest fitness' coverage:   43.459808342924376
highest fitness' collisions: 0.19471870791926796
new generation:  1496
Fittest                      41.50925085950611
highest fitness' coverage:   43.45643793869879
highest fitness' collisions: 0.19471870791926796
new generation:  1497
Fittest                      41.505770737269145
highest fitness' coverage:   43.452957816461826
highest fitness' collisions: 0.1947187079192679
new generation:  1498
Fittest                      41.509310842548096
highest fitness' coverage:   43.45649792174078
highest fitness' collisions: 0.19471870791926774
new generation:  1499
Fittest                      41.502847574487134
highest fitness' coverage:   43.43377089198965
highest fitness' collisions: 0.19309233175025178
new generation:  1500
Fittest                      41.543055998613326
highest fitness' coverage:   43.466513025958655
highest fitness' collisions: 0.19234570273453316
new generation:  1501
Fittest                      41.524286956953596
highest fitness' coverage:   43.447743984298924
highest fitness' collisions: 0.1923457027345332
new generation:  1502
Fittest                      41.52689522572706
highest fitness' coverage:   43.450352253072396
highest fitness' collisions: 0.19234570273453336
new generation:  1503
Fittest                      41.520215683740865
highest fitness' coverage:   43.444119394678346
highest fitness' collisions: 0.19239037109374837
new generation:  1504
Fittest                      41.538250858566315
highest fitness' coverage:   43.462154569503795
highest fitness' collisions: 0.19239037109374826
new generation:  1505
Fittest                      41.542233214853205
highest fitness' coverage:   43.46613692579069
highest fitness' collisions: 0.19239037109374846
new generation:  1506
Fittest                      41.53308472867984
highest fitness' coverage:   43.45698843961732
highest fitness' collisions: 0.1923903710937482
new generation:  1507
Fittest                      41.50989918621205
highest fitness' coverage:   43.43195437584394
highest fitness' collisions: 0.19220551896318805
new generation:  1508
Fittest                      41.5218508760198
highest fitness' coverage:   43.44390606565168
highest fitness' collisions: 0.19220551896318802
new generation:  1509
Fittest                      41.51491502824164
highest fitness' coverage:   43.437615872102555
highest fitness' collisions: 0.1922700843860913
new generation:  1510
Fittest                      41.529933083225174
highest fitness' coverage:   43.45263392708609
highest fitness' collisions: 0.19227008438609147
new generation:  1511
Fittest                      41.51256499241094
highest fitness' coverage:   43.43526583627185
highest fitness' collisions: 0.19227008438609136
new generation:  1512
Fittest                      41.54268359966161
highest fitness' coverage:   43.465384443522524
highest fitness' collisions: 0.19227008438609147
new generation:  1513
Fittest                      41.52794903246515
highest fitness' coverage:   43.45064987632607
highest fitness' collisions: 0.1922700843860915
new generation:  1514
Fittest                      41.51491008994092
highest fitness' coverage:   43.437610933801835
highest fitness' collisions: 0.19227008438609153
new generation:  1515
Fittest                      41.505568758562525
highest fitness' coverage:   43.43439700569584
highest fitness' collisions: 0.19288282471333143
new generation:  1516
Fittest                      41.54277211257048
highest fitness' coverage:   43.47160035970379
highest fitness' collisions: 0.1928828247133312
new generation:  1517
Fittest                      41.523004776723965
highest fitness' coverage:   43.44340869845767
highest fitness' collisions: 0.19204039217337046
new generation:  1518
Fittest                      41.51957165112916
highest fitness' coverage:   43.44120083042359
highest fitness' collisions: 0.1921629179294431
new generation:  1519
Fittest                      41.52180462321477
highest fitness' coverage:   43.4434338025092
highest fitness' collisions: 0.19216291792944307
new generation:  1520
Fittest                      41.53532169912367
highest fitness' coverage:   43.46646327751758
highest fitness' collisions: 0.19311415783939131
new generation:  1521
Fittest                      41.50010140820093
highest fitness' coverage:   43.434657151187984
highest fitness' collisions: 0.1934555742987054
new generation:  1522
Fittest                      41.51182617896612
highest fitness' coverage:   43.446381921953176
highest fitness' collisions: 0.19345557429870575
new generation:  1523
Fittest                      41.494321377217084
highest fitness' coverage:   43.42887712020414
highest fitness' collisions: 0.1934555742987057
new generation:  1524
Fittest                      41.51520897609796
highest fitness' coverage:   43.44976471908502
highest fitness' collisions: 0.1934555742987056
new generation:  1525
Fittest                      41.52185064451176
highest fitness' coverage:   43.45640638749882
highest fitness' collisions: 0.19345557429870552
new generation:  1526
Fittest                      41.51193277817576
highest fitness' coverage:   43.44648852116282
highest fitness' collisions: 0.19345557429870558
new generation:  1527
Fittest                      41.537555068950915
highest fitness' coverage:   43.47211081193797
highest fitness' collisions: 0.19345557429870558
new generation:  1528
Fittest                      41.51832057580471
highest fitness' coverage:   43.452876318791766
highest fitness' collisions: 0.1934555742987058
new generation:  1529
Fittest                      41.509706737823684
highest fitness' coverage:   43.44426248081074
highest fitness' collisions: 0.19345557429870552
new generation:  1530
Fittest                      41.52742000453702
highest fitness' coverage:   43.46197574752408
highest fitness' collisions: 0.19345557429870558
new generation:  1531
Fittest                      41.51821866928739
highest fitness' coverage:   43.45277441227445
highest fitness' collisions: 0.19345557429870577
new generation:  1532
Fittest                      41.521416481850906
highest fitness' coverage:   43.454085972695246
highest fitness' collisions: 0.19326694908443393
new generation:  1533
Fittest                      41.51079915984644
highest fitness' coverage:   43.444063530426085
highest fitness' collisions: 0.19332643705796462
new generation:  1534
Fittest                      41.5074716787971
highest fitness' coverage:   43.440736049376746
highest fitness' collisions: 0.19332643705796465
new generation:  1535
Fittest                      41.516082105157956
highest fitness' coverage:   43.4493464757376
highest fitness' collisions: 0.19332643705796448
new generation:  1536
Fittest                      41.49552314909626
highest fitness' coverage:   43.4287875196759
highest fitness' collisions: 0.19332643705796454
new generation:  1537
Fittest                      41.49517184593724
highest fitness' coverage:   43.42843621651689
highest fitness' collisions: 0.19332643705796468
new generation:  1538
Fittest                      41.517094836860316
highest fitness' coverage:   43.45035920743996
highest fitness' collisions: 0.1933264370579646
new generation:  1539
Fittest                      41.517539508951614
highest fitness' coverage:   43.45080387953126
highest fitness' collisions: 0.19332643705796446
new generation:  1540
Fittest                      41.51320011785811
highest fitness' coverage:   43.41002986992152
highest fitness' collisions: 0.18968297520634106
new generation:  1541
Fittest                      41.52994300602297
highest fitness' coverage:   43.42677275808638
highest fitness' collisions: 0.18968297520634086
new generation:  1542
Fittest                      41.519477647506484
highest fitness' coverage:   43.41737334244373
highest fitness' collisions: 0.18978956949372489
new generation:  1543
Fittest                      41.54159876180165
highest fitness' coverage:   43.4394944567389
highest fitness' collisions: 0.18978956949372477
new generation:  1544
Fittest                      41.54377658683708
highest fitness' coverage:   43.44167228177433
highest fitness' collisions: 0.18978956949372508
new generation:  1545
Fittest                      41.53385252503879
highest fitness' coverage:   43.431748219976036
highest fitness' collisions: 0.1897895694937249
new generation:  1546
Fittest                      41.51547708771116
highest fitness' coverage:   43.41337278264841
highest fitness' collisions: 0.1897895694937249
new generation:  1547
Fittest                      41.54124027512811
highest fitness' coverage:   43.4390157436219
highest fitness' collisions: 0.18977754684937895
new generation:  1548
Fittest                      41.535377190879224
highest fitness' coverage:   43.433152659373015
highest fitness' collisions: 0.18977754684937875
new generation:  1549
Fittest                      41.541795621851755
highest fitness' coverage:   43.441155983538
highest fitness' collisions: 0.18993603616862487
new generation:  1550
Fittest                      41.53929145171057
highest fitness' coverage:   43.43865181339682
highest fitness' collisions: 0.1899360361686249
new generation:  1551
Fittest                      41.538790666661136
highest fitness' coverage:   43.438151028347384
highest fitness' collisions: 0.18993603616862473
new generation:  1552
Fittest                      41.51700499121913
highest fitness' coverage:   43.41636535290538
highest fitness' collisions: 0.1899360361686248
new generation:  1553
Fittest                      41.58669302455613
highest fitness' coverage:   43.44435884611698
highest fitness' collisions: 0.1857665821560846
new generation:  1554
Fittest                      41.584427431578966
highest fitness' coverage:   43.40044398091632
highest fitness' collisions: 0.1816016549337358
new generation:  1555
Fittest                      41.6005968487985
highest fitness' coverage:   43.41661339813586
highest fitness' collisions: 0.1816016549337358
new generation:  1556
Fittest                      41.60987403161441
highest fitness' coverage:   43.425890580951766
highest fitness' collisions: 0.1816016549337357
new generation:  1557
Fittest                      41.60342236344443
highest fitness' coverage:   43.419438912781786
highest fitness' collisions: 0.18160165493373587
new generation:  1558
Fittest                      41.62536433463268
highest fitness' coverage:   43.44138088397004
highest fitness' collisions: 0.18160165493373592
new generation:  1559
Fittest                      41.6279370035031
highest fitness' coverage:   43.443953552840455
highest fitness' collisions: 0.18160165493373573
new generation:  1560
Fittest                      41.61162418543677
highest fitness' coverage:   43.42764073477413
highest fitness' collisions: 0.18160165493373598
new generation:  1561
Fittest                      41.60562644722165
highest fitness' coverage:   43.42164299655901
highest fitness' collisions: 0.18160165493373578
new generation:  1562
Fittest                      41.62462784887163
highest fitness' coverage:   43.44064439820899
highest fitness' collisions: 0.1816016549337357
new generation:  1563
Fittest                      41.617807162151564
highest fitness' coverage:   43.43756188111729
highest fitness' collisions: 0.18197547189657248
new generation:  1564
Fittest                      41.605565329770165
highest fitness' coverage:   43.42512950266409
highest fitness' collisions: 0.1819564172893929
new generation:  1565
Fittest                      41.598772998824515
highest fitness' coverage:   43.41833717171844
highest fitness' collisions: 0.18195641728939294
new generation:  1566
Fittest                      41.605752419761174
highest fitness' coverage:   43.42531659265511
highest fitness' collisions: 0.181956417289393
new generation:  1567
Fittest                      41.586815079315585
highest fitness' coverage:   43.40637925220952
highest fitness' collisions: 0.18195641728939302
new generation:  1568
Fittest                      41.613556098488765
highest fitness' coverage:   43.431571454763784
highest fitness' collisions: 0.18180153562750162
new generation:  1569
Fittest                      41.61682884660195
highest fitness' coverage:   43.43484420287697
highest fitness' collisions: 0.1818015356275016
new generation:  1570
Fittest                      41.62315027612643
highest fitness' coverage:   43.44116563240145
highest fitness' collisions: 0.18180153562750168
new generation:  1571
Fittest                      41.600515309619794
highest fitness' coverage:   43.41884689366083
highest fitness' collisions: 0.18183315840410347
new generation:  1572
Fittest                      41.61276592920711
highest fitness' coverage:   43.43109751324814
highest fitness' collisions: 0.18183315840410338
new generation:  1573
Fittest                      41.59399166099485
highest fitness' coverage:   43.412323245035886
highest fitness' collisions: 0.18183315840410338
new generation:  1574
Fittest                      41.60003130101229
highest fitness' coverage:   43.425627081182135
highest fitness' collisions: 0.18255957801698494
new generation:  1575
Fittest                      41.603160096650996
highest fitness' coverage:   43.428755876820844
highest fitness' collisions: 0.18255957801698486
new generation:  1576
Fittest                      41.608338588186996
highest fitness' coverage:   43.440022244214624
highest fitness' collisions: 0.18316836560276287
new generation:  1577
Fittest                      41.58974934291293
highest fitness' coverage:   43.42143299894056
highest fitness' collisions: 0.18316836560276284
new generation:  1578
Fittest                      41.600591589215604
highest fitness' coverage:   43.4377409204161
highest fitness' collisions: 0.18371493312004902
new generation:  1579
Fittest                      41.58202361067732
highest fitness' coverage:   43.419172941877804
highest fitness' collisions: 0.1837149331200489
new generation:  1580
Fittest                      41.60408849938551
highest fitness' coverage:   43.441237830586
highest fitness' collisions: 0.18371493312004888
new generation:  1581
Fittest                      41.58835599823017
highest fitness' coverage:   43.425505329430656
highest fitness' collisions: 0.1837149331200489
new generation:  1582
Fittest                      41.60996940374357
highest fitness' coverage:   43.44659392748381
highest fitness' collisions: 0.18366245237402393
new generation:  1583
Fittest                      41.61265698992823
highest fitness' coverage:   43.449281513668474
highest fitness' collisions: 0.18366245237402393
new generation:  1584
Fittest                      41.591695886924754
highest fitness' coverage:   43.42851993689649
highest fitness' collisions: 0.18368240499717367
new generation:  1585
Fittest                      41.58863382480626
highest fitness' coverage:   43.425457874778
highest fitness' collisions: 0.18368240499717373
new generation:  1586
Fittest                      41.59539369742003
highest fitness' coverage:   43.43221774739177
highest fitness' collisions: 0.1836824049971737
new generation:  1587
Fittest                      41.582797017022315
highest fitness' coverage:   43.419621066994054
highest fitness' collisions: 0.18368240499717362
new generation:  1588
Fittest                      41.58475862658995
highest fitness' coverage:   43.421582676561684
highest fitness' collisions: 0.18368240499717348
new generation:  1589
Fittest                      41.61119103340611
highest fitness' coverage:   43.447698855611826
highest fitness' collisions: 0.18365078222057207
new generation:  1590
Fittest                      41.58898558541649
highest fitness' coverage:   43.425493407622206
highest fitness' collisions: 0.1836507822205719
new generation:  1591
Fittest                      41.60053807165106
highest fitness' coverage:   43.44131627144123
highest fitness' collisions: 0.18407781997901748
new generation:  1592
Fittest                      41.598426615027776
highest fitness' coverage:   43.43756394966803
highest fitness' collisions: 0.18391373346402537
new generation:  1593
Fittest                      41.576980763962204
highest fitness' coverage:   43.41611809860245
highest fitness' collisions: 0.18391373346402518
new generation:  1594
Fittest                      41.58452514178134
highest fitness' coverage:   43.42594317631445
highest fitness' collisions: 0.18414180345331085
new generation:  1595
Fittest                      41.597124993143446
highest fitness' coverage:   43.43854302767655
highest fitness' collisions: 0.18414180345331077
new generation:  1596
Fittest                      41.59605984861429
highest fitness' coverage:   43.43803207198001
highest fitness' collisions: 0.1841972223365722
new generation:  1597
Fittest                      41.580827935029006
highest fitness' coverage:   43.42280015839473
highest fitness' collisions: 0.1841972223365722
new generation:  1598
Fittest                      41.585854157022105
highest fitness' coverage:   43.42782638038783
highest fitness' collisions: 0.18419722233657207
new generation:  1599
Fittest                      41.6007335655387
highest fitness' coverage:   43.419304187834165
highest fitness' collisions: 0.1818570622295467
new generation:  1600
Fittest                      41.61364830722317
highest fitness' coverage:   43.43221892951864
highest fitness' collisions: 0.18185706222954667
new generation:  1601
Fittest                      41.6100408144958
highest fitness' coverage:   43.415804318083595
highest fitness' collisions: 0.18057635035877953
new generation:  1602
Fittest                      41.63524865673804
highest fitness' coverage:   43.427837042233634
highest fitness' collisions: 0.17925883854955896
new generation:  1603
Fittest                      41.651925673062856
highest fitness' coverage:   43.424993463629306
highest fitness' collisions: 0.17730677905664494
new generation:  1604
Fittest                      41.65882832536418
highest fitness' coverage:   43.431896115930634
highest fitness' collisions: 0.1773067790566451
new generation:  1605
Fittest                      41.67639403651141
highest fitness' coverage:   43.44946182707786
highest fitness' collisions: 0.1773067790566449
new generation:  1606
Fittest                      41.668053645950735
highest fitness' coverage:   43.441121436517186
highest fitness' collisions: 0.17730677905664505
new generation:  1607
Fittest                      41.658647327130836
highest fitness' coverage:   43.43171511769729
highest fitness' collisions: 0.17730677905664494
new generation:  1608
Fittest                      41.641021100674564
highest fitness' coverage:   43.38751832773516
highest fitness' collisions: 0.17464972270605966
new generation:  1609
Fittest                      41.691942583188684
highest fitness' coverage:   43.438439810249285
highest fitness' collisions: 0.17464972270605983
new generation:  1610
Fittest                      41.691746110278956
highest fitness' coverage:   43.43824333733956
highest fitness' collisions: 0.17464972270605977
new generation:  1611
Fittest                      41.69804543772324
highest fitness' coverage:   43.44454266478384
highest fitness' collisions: 0.17464972270605983
new generation:  1612
Fittest                      41.666823523651196
highest fitness' coverage:   43.41332075071179
highest fitness' collisions: 0.17464972270605975
new generation:  1613
Fittest                      41.67887882886867
highest fitness' coverage:   43.425671176851935
highest fitness' collisions: 0.17467923479832648
new generation:  1614
Fittest                      41.67260787969131
highest fitness' coverage:   43.431236260178366
highest fitness' collisions: 0.17586283804870526
new generation:  1615
Fittest                      41.68102181956088
highest fitness' coverage:   43.43806530685547
highest fitness' collisions: 0.1757043487294591
new generation:  1616
Fittest                      41.690552796151664
highest fitness' coverage:   43.44759628344625
highest fitness' collisions: 0.17570434872945895
new generation:  1617
Fittest                      41.67797936399655
highest fitness' coverage:   43.43502285129114
highest fitness' collisions: 0.17570434872945895
new generation:  1618
Fittest                      41.661751752371174
highest fitness' coverage:   43.41879523966576
highest fitness' collisions: 0.17570434872945903
new generation:  1619
Fittest                      41.68101324020642
highest fitness' coverage:   43.43805672750101
highest fitness' collisions: 0.17570434872945892
new generation:  1620
Fittest                      41.68052318500142
highest fitness' coverage:   43.43756667229601
highest fitness' collisions: 0.17570434872945895
new generation:  1621
Fittest                      41.67377903656063
highest fitness' coverage:   43.43082252385522
highest fitness' collisions: 0.17570434872945911
new generation:  1622
Fittest                      41.70794628142557
highest fitness' coverage:   43.46498976872016
highest fitness' collisions: 0.175704348729459
new generation:  1623
Fittest                      41.68655857164855
highest fitness' coverage:   43.43119067700229
highest fitness' collisions: 0.1744632105353744
new generation:  1624
Fittest                      41.68348983126484
highest fitness' coverage:   43.42812193661859
highest fitness' collisions: 0.17446321053537453
new generation:  1625
Fittest                      41.691548340448115
highest fitness' coverage:   43.43618044580186
highest fitness' collisions: 0.1744632105353744
new generation:  1626
Fittest                      41.6856687886347
highest fitness' coverage:   43.430300893988445
highest fitness' collisions: 0.17446321053537442
new generation:  1627
Fittest                      41.68992465864435
highest fitness' coverage:   43.43332818561549
highest fitness' collisions: 0.17434035269711354
new generation:  1628
Fittest                      41.68155846454721
highest fitness' coverage:   43.424961991518344
highest fitness' collisions: 0.17434035269711354
new generation:  1629
Fittest                      41.68134242629972
highest fitness' coverage:   43.42474595327086
highest fitness' collisions: 0.1743403526971135
new generation:  1630
Fittest                      41.68399811048437
highest fitness' coverage:   43.4274016374555
highest fitness' collisions: 0.17434035269711357
new generation:  1631
Fittest                      41.68334968296497
highest fitness' coverage:   43.42675320993611
highest fitness' collisions: 0.1743403526971136
new generation:  1632
Fittest                      41.678017304635745
highest fitness' coverage:   43.420483487565875
highest fitness' collisions: 0.1742466182930133
new generation:  1633
Fittest                      41.689175804814035
highest fitness' coverage:   43.431641987744165
highest fitness' collisions: 0.1742466182930133
new generation:  1634
Fittest                      41.66864997748026
highest fitness' coverage:   43.406466332631055
highest fitness' collisions: 0.17378163551507955
new generation:  1635
Fittest                      41.68016756394752
highest fitness' coverage:   43.41798391909832
highest fitness' collisions: 0.17378163551507947
new generation:  1636
Fittest                      41.67137905775513
highest fitness' coverage:   43.40919541290593
highest fitness' collisions: 0.17378163551507972
new generation:  1637
Fittest                      41.68754409817802
highest fitness' coverage:   43.42536045332882
highest fitness' collisions: 0.1737816355150795
new generation:  1638
Fittest                      41.68700354307768
highest fitness' coverage:   43.42481989822847
highest fitness' collisions: 0.1737816355150794
new generation:  1639
Fittest                      41.67443274232553
highest fitness' coverage:   43.41224909747633
highest fitness' collisions: 0.17378163551507958
new generation:  1640
Fittest                      41.68351264913415
highest fitness' coverage:   43.42132900428495
highest fitness' collisions: 0.17378163551507952
new generation:  1641
Fittest                      41.67436573362658
highest fitness' coverage:   43.41218208877738
highest fitness' collisions: 0.17378163551507958
new generation:  1642
Fittest                      41.708943688824434
highest fitness' coverage:   43.44676004397523
highest fitness' collisions: 0.17378163551507958
new generation:  1643
Fittest                      41.68979837885185
highest fitness' coverage:   43.427614734002645
highest fitness' collisions: 0.17378163551507966
new generation:  1644
Fittest                      41.686081212427105
highest fitness' coverage:   43.4238975675779
highest fitness' collisions: 0.17378163551507964
new generation:  1645
Fittest                      41.71856508266066
highest fitness' coverage:   43.45638143781146
highest fitness' collisions: 0.17378163551507964
new generation:  1646
Fittest                      41.68600997118673
highest fitness' coverage:   43.42400415427853
highest fitness' collisions: 0.17379941830918
new generation:  1647
Fittest                      41.70515844314766
highest fitness' coverage:   43.44315262623946
highest fitness' collisions: 0.17379941830918
new generation:  1648
Fittest                      41.68317985884386
highest fitness' coverage:   43.42117404193566
highest fitness' collisions: 0.17379941830918
new generation:  1649
Fittest                      41.68613050500903
highest fitness' coverage:   43.42412468810083
highest fitness' collisions: 0.17379941830918003
new generation:  1650
Fittest                      41.68305721797974
highest fitness' coverage:   43.42105140107154
highest fitness' collisions: 0.17379941830918005
new generation:  1651
Fittest                      41.71734780487675
highest fitness' coverage:   43.45534198796855
highest fitness' collisions: 0.17379941830918003
new generation:  1652
Fittest                      41.70156024630502
highest fitness' coverage:   43.43955442939682
highest fitness' collisions: 0.1737994183091799
new generation:  1653
Fittest                      41.67871729235411
highest fitness' coverage:   43.41563995614067
highest fitness' collisions: 0.17369226637865623
new generation:  1654
Fittest                      41.682107847656305
highest fitness' coverage:   43.41903051144286
highest fitness' collisions: 0.17369226637865612
new generation:  1655
Fittest                      41.687447718508
highest fitness' coverage:   43.42437038229456
highest fitness' collisions: 0.17369226637865626
new generation:  1656
Fittest                      41.7067093572491
highest fitness' coverage:   43.44363202103567
highest fitness' collisions: 0.17369226637865626
new generation:  1657
Fittest                      41.71896123933327
highest fitness' coverage:   43.45880314672424
highest fitness' collisions: 0.17398419073909716
new generation:  1658
Fittest                      41.677547257890026
highest fitness' coverage:   43.417389165280994
highest fitness' collisions: 0.17398419073909704
new generation:  1659
Fittest                      41.6875148885682
highest fitness' coverage:   43.42735679595917
highest fitness' collisions: 0.17398419073909713
new generation:  1660
Fittest                      41.67839923302735
highest fitness' coverage:   43.41824114041832
highest fitness' collisions: 0.1739841907390971
new generation:  1661
Fittest                      41.67816580855916
highest fitness' coverage:   43.47051803411384
highest fitness' collisions: 0.17923522255546817
new generation:  1662
Fittest                      41.67676157006383
highest fitness' coverage:   43.46911379561851
highest fitness' collisions: 0.17923522255546806
new generation:  1663
Fittest                      41.699468399173156
highest fitness' coverage:   43.491820624727836
highest fitness' collisions: 0.17923522255546825
new generation:  1664
Fittest                      41.6864677693886
highest fitness' coverage:   43.47881999494328
highest fitness' collisions: 0.17923522255546823
new generation:  1665
Fittest                      41.69265062704743
highest fitness' coverage:   43.48500285260211
highest fitness' collisions: 0.17923522255546806
new generation:  1666
Fittest                      41.70605335166698
highest fitness' coverage:   43.49840557722166
highest fitness' collisions: 0.17923522255546812
new generation:  1667
Fittest                      41.680940740285216
highest fitness' coverage:   43.51184740752747
highest fitness' collisions: 0.18309066672422528
new generation:  1668
Fittest                      41.65263704417703
highest fitness' coverage:   43.48354371141928
highest fitness' collisions: 0.1830906667242255
new generation:  1669
Fittest                      41.66073860389411
highest fitness' coverage:   43.49164527113636
highest fitness' collisions: 0.1830906667242254
new generation:  1670
Fittest                      41.664724326179936
highest fitness' coverage:   43.49563099342219
highest fitness' collisions: 0.18309066672422533
new generation:  1671
Fittest                      41.674193950617656
highest fitness' coverage:   43.50510061785991
highest fitness' collisions: 0.18309066672422533
new generation:  1672
Fittest                      41.679544654222234
highest fitness' coverage:   43.51045132146449
highest fitness' collisions: 0.18309066672422547
new generation:  1673
Fittest                      41.67141525557416
highest fitness' coverage:   43.502321922816414
highest fitness' collisions: 0.18309066672422544
new generation:  1674
Fittest                      41.66450654525797
highest fitness' coverage:   43.49583979201903
highest fitness' collisions: 0.18313332467610546
new generation:  1675
Fittest                      41.668580200187854
highest fitness' coverage:   43.49530184978394
highest fitness' collisions: 0.18267216495960878
new generation:  1676
Fittest                      41.66572193991526
highest fitness' coverage:   43.492443589511346
highest fitness' collisions: 0.1826721649596088
new generation:  1677
Fittest                      41.67490256538408
highest fitness' coverage:   43.50162421498017
highest fitness' collisions: 0.18267216495960883
new generation:  1678
Fittest                      41.64862709115792
highest fitness' coverage:   43.47634777998384
highest fitness' collisions: 0.1827720688825919
new generation:  1679
Fittest                      41.65550464981657
highest fitness' coverage:   43.48322533864249
highest fitness' collisions: 0.1827720688825919
new generation:  1680
Fittest                      41.66683218005963
highest fitness' coverage:   43.49455286888555
highest fitness' collisions: 0.18277206888259193
new generation:  1681
Fittest                      41.66731005017256
highest fitness' coverage:   43.49503073899848
highest fitness' collisions: 0.182772068882592
new generation:  1682
Fittest                      41.67445389496619
highest fitness' coverage:   43.50217458379211
highest fitness' collisions: 0.1827720688825919
new generation:  1683
Fittest                      41.660546549312635
highest fitness' coverage:   43.488267238138555
highest fitness' collisions: 0.18277206888259193
new generation:  1684
Fittest                      41.683975944443056
highest fitness' coverage:   43.511696633268976
highest fitness' collisions: 0.18277206888259176
new generation:  1685
Fittest                      41.65528786660765
highest fitness' coverage:   43.48251449972655
highest fitness' collisions: 0.18272266331188997
new generation:  1686
Fittest                      41.682924197988605
highest fitness' coverage:   43.5101508311075
highest fitness' collisions: 0.1827226633118898
new generation:  1687
Fittest                      41.683112761393545
highest fitness' coverage:   43.51033939451244
highest fitness' collisions: 0.18272266331188972
new generation:  1688
Fittest                      41.67626389364372
highest fitness' coverage:   43.50786970563871
highest fitness' collisions: 0.18316058119949868
new generation:  1689
Fittest                      41.685540661532265
highest fitness' coverage:   43.517146473527255
highest fitness' collisions: 0.18316058119949868
new generation:  1690
Fittest                      41.64478077125545
highest fitness' coverage:   43.47638658325043
highest fitness' collisions: 0.18316058119949863
new generation:  1691
Fittest                      41.663198745136164
highest fitness' coverage:   43.49480455713115
highest fitness' collisions: 0.18316058119949863
new generation:  1692
Fittest                      41.65823998101362
highest fitness' coverage:   43.5042802967691
highest fitness' collisions: 0.18460403157554842
new generation:  1693
Fittest                      41.639638571267994
highest fitness' coverage:   43.49213542931383
highest fitness' collisions: 0.185249685804583
new generation:  1694
Fittest                      41.64936054450209
highest fitness' coverage:   43.50185740254792
highest fitness' collisions: 0.1852496858045831
new generation:  1695
Fittest                      41.63916162443726
highest fitness' coverage:   43.49165848248309
highest fitness' collisions: 0.18524968580458315
new generation:  1696
Fittest                      41.64338995734793
highest fitness' coverage:   43.49588681539376
highest fitness' collisions: 0.185249685804583
new generation:  1697
Fittest                      41.63385961323552
highest fitness' coverage:   43.486356471281354
highest fitness' collisions: 0.1852496858045831
new generation:  1698
Fittest                      41.623845560089094
highest fitness' coverage:   43.47634241813493
highest fitness' collisions: 0.18524968580458306
new generation:  1699
Fittest                      41.63331320730929
highest fitness' coverage:   43.485810065355125
highest fitness' collisions: 0.1852496858045831
new generation:  1700
Fittest                      41.649697300937866
highest fitness' coverage:   43.5021941589837
highest fitness' collisions: 0.18524968580458306
new generation:  1701
Fittest                      41.64906007537412
highest fitness' coverage:   43.501556933419955
highest fitness' collisions: 0.18524968580458312
new generation:  1702
Fittest                      41.646726599387456
highest fitness' coverage:   43.491405072471856
highest fitness' collisions: 0.1844678473084402
new generation:  1703
Fittest                      41.66679203144432
highest fitness' coverage:   43.51147050452872
highest fitness' collisions: 0.1844678473084403
new generation:  1704
Fittest                      41.631566406717454
highest fitness' coverage:   43.476244879801854
highest fitness' collisions: 0.1844678473084403
new generation:  1705
Fittest                      41.65824477680929
highest fitness' coverage:   43.49705883548178
highest fitness' collisions: 0.18388140586724894
new generation:  1706
Fittest                      41.652432702542185
highest fitness' coverage:   43.49667347365921
highest fitness' collisions: 0.1844240771117022
new generation:  1707
Fittest                      41.65903321539767
highest fitness' coverage:   43.50327398651469
highest fitness' collisions: 0.18442407711170217
new generation:  1708
Fittest                      41.65567830950714
highest fitness' coverage:   43.5007910736979
highest fitness' collisions: 0.1845112764190762
new generation:  1709
Fittest                      41.6607333494311
highest fitness' coverage:   43.50584611362186
highest fitness' collisions: 0.1845112764190762
new generation:  1710
Fittest                      41.6554928750354
highest fitness' coverage:   43.50060563922616
highest fitness' collisions: 0.1845112764190761
new generation:  1711
Fittest                      41.66195029397664
highest fitness' coverage:   43.5070630581674
highest fitness' collisions: 0.1845112764190761
new generation:  1712
Fittest                      41.63910258799193
highest fitness' coverage:   43.48421535218269
highest fitness' collisions: 0.18451127641907622
new generation:  1713
Fittest                      41.63597181377679
highest fitness' coverage:   43.47292114175067
highest fitness' collisions: 0.18369493279738736
new generation:  1714
Fittest                      41.65741310457524
highest fitness' coverage:   43.49436243254912
highest fitness' collisions: 0.1836949327973873
new generation:  1715
Fittest                      41.659714273408895
highest fitness' coverage:   43.496663601382764
highest fitness' collisions: 0.18369493279738727
new generation:  1716
Fittest                      41.666869591824906
highest fitness' coverage:   43.50381891979878
highest fitness' collisions: 0.1836949327973874
new generation:  1717
Fittest                      41.66575415597558
highest fitness' coverage:   43.50270348394945
highest fitness' collisions: 0.1836949327973873
new generation:  1718
Fittest                      41.664037114288476
highest fitness' coverage:   43.50098644226235
highest fitness' collisions: 0.18369493279738736
new generation:  1719
Fittest                      41.67550143325278
highest fitness' coverage:   43.51245076122665
highest fitness' collisions: 0.18369493279738744
new generation:  1720
Fittest                      41.664243928361984
highest fitness' coverage:   43.5039474850392
highest fitness' collisions: 0.1839703556677212
new generation:  1721
Fittest                      41.63811316727996
highest fitness' coverage:   43.477816723957176
highest fitness' collisions: 0.18397035566772116
new generation:  1722
Fittest                      41.67893663924522
highest fitness' coverage:   43.51864019592244
highest fitness' collisions: 0.1839703556677212
new generation:  1723
Fittest                      41.64744246661645
highest fitness' coverage:   43.48714602329366
highest fitness' collisions: 0.1839703556677213
new generation:  1724
Fittest                      41.67221049151577
highest fitness' coverage:   43.511914048192985
highest fitness' collisions: 0.1839703556677212
new generation:  1725
Fittest                      41.67267665907176
highest fitness' coverage:   43.512380215748976
highest fitness' collisions: 0.1839703556677212
new generation:  1726
Fittest                      41.666213423089424
highest fitness' coverage:   43.50591697976664
highest fitness' collisions: 0.18397035566772119
new generation:  1727
Fittest                      41.66525946072606
highest fitness' coverage:   43.491473388577354
highest fitness' collisions: 0.18262139278512948
new generation:  1728
Fittest                      41.66201280838448
highest fitness' coverage:   43.488305156657745
highest fitness' collisions: 0.1826292348273265
new generation:  1729
Fittest                      41.671884156991695
highest fitness' coverage:   43.49817650526496
highest fitness' collisions: 0.18262923482732651
new generation:  1730
Fittest                      41.66453890343985
highest fitness' coverage:   43.49083125171311
highest fitness' collisions: 0.18262923482732663
new generation:  1731
Fittest                      41.686409525936135
highest fitness' coverage:   43.5127018742094
highest fitness' collisions: 0.18262923482732663
new generation:  1732
Fittest                      41.679796939321825
highest fitness' coverage:   43.50608928759509
highest fitness' collisions: 0.18262923482732651
new generation:  1733
Fittest                      41.70597599634653
highest fitness' coverage:   43.532268344619794
highest fitness' collisions: 0.18262923482732651
new generation:  1734
Fittest                      41.64653054388259
highest fitness' coverage:   43.472822892155854
highest fitness' collisions: 0.1826292348273265
new generation:  1735
Fittest                      41.66050417245842
highest fitness' coverage:   43.4871127484977
highest fitness' collisions: 0.18266085760392817
new generation:  1736
Fittest                      41.66050768632565
highest fitness' coverage:   43.487116262364935
highest fitness' collisions: 0.1826608576039281
new generation:  1737
Fittest                      41.693649816770275
highest fitness' coverage:   43.50713662857705
highest fitness' collisions: 0.1813486811806773
new generation:  1738
Fittest                      41.68367537362565
highest fitness' coverage:   43.497162185432416
highest fitness' collisions: 0.18134868118067707
new generation:  1739
Fittest                      41.69053976440671
highest fitness' coverage:   43.50402657621348
highest fitness' collisions: 0.1813486811806772
new generation:  1740
Fittest                      41.66466916561702
highest fitness' coverage:   43.47815597742379
highest fitness' collisions: 0.18134868118067704
new generation:  1741
Fittest                      41.67938327467316
highest fitness' coverage:   43.50999563259619
highest fitness' collisions: 0.18306123579230327
new generation:  1742
Fittest                      41.67665292536129
highest fitness' coverage:   43.50726528328432
highest fitness' collisions: 0.18306123579230327
new generation:  1743
Fittest                      41.689075454537814
highest fitness' coverage:   43.522352223314996
highest fitness' collisions: 0.1833276768777182
new generation:  1744
Fittest                      41.651593346934675
highest fitness' coverage:   43.48487011571186
highest fitness' collisions: 0.18332767687771825
new generation:  1745
Fittest                      41.656975321017754
highest fitness' coverage:   43.490252089794936
highest fitness' collisions: 0.18332767687771825
new generation:  1746
Fittest                      41.681161618125735
highest fitness' coverage:   43.51618263172594
highest fitness' collisions: 0.18350210136002051
new generation:  1747
Fittest                      41.66208845151268
highest fitness' coverage:   43.497109465112885
highest fitness' collisions: 0.1835021013600205
new generation:  1748
Fittest                      41.66174116446145
highest fitness' coverage:   43.49676217806166
highest fitness' collisions: 0.1835021013600205
new generation:  1749
Fittest                      41.662843032439504
highest fitness' coverage:   43.49786404603971
highest fitness' collisions: 0.18350210136002057
new generation:  1750
Fittest                      41.652147084973485
highest fitness' coverage:   43.48716809857369
highest fitness' collisions: 0.18350210136002063
new generation:  1751
Fittest                      41.663793749877385
highest fitness' coverage:   43.500764182737896
highest fitness' collisions: 0.18369704328605085
new generation:  1752
Fittest                      41.67509469237127
highest fitness' coverage:   43.51206512523178
highest fitness' collisions: 0.1836970432860508
new generation:  1753
Fittest                      41.65401039654333
highest fitness' coverage:   43.53296817304503
highest fitness' collisions: 0.18789577765017026
new generation:  1754
Fittest                      41.6418060204244
highest fitness' coverage:   43.5207637969261
highest fitness' collisions: 0.18789577765017015
new generation:  1755
Fittest                      41.62648855935201
highest fitness' coverage:   43.50544633585371
highest fitness' collisions: 0.18789577765017007
new generation:  1756
Fittest                      41.61717530582889
highest fitness' coverage:   43.49613308233059
highest fitness' collisions: 0.18789577765017013
new generation:  1757
Fittest                      41.642534619291965
highest fitness' coverage:   43.521492395793665
highest fitness' collisions: 0.1878957776501702
new generation:  1758
Fittest                      41.636645113300865
highest fitness' coverage:   43.515602889802565
highest fitness' collisions: 0.18789577765017026
new generation:  1759
Fittest                      41.64140006362879
highest fitness' coverage:   43.50224288877897
highest fitness' collisions: 0.18608428251501882
new generation:  1760
Fittest                      41.648766490143416
highest fitness' coverage:   43.5096093152936
highest fitness' collisions: 0.18608428251501874
new generation:  1761
Fittest                      41.660801449779726
highest fitness' coverage:   43.52164427492991
highest fitness' collisions: 0.18608428251501888
new generation:  1762
Fittest                      41.6532830468205
highest fitness' coverage:   43.51442169364832
highest fitness' collisions: 0.18611386468278224
new generation:  1763
Fittest                      41.653863432000136
highest fitness' coverage:   43.51500207882796
highest fitness' collisions: 0.18611386468278232
new generation:  1764
Fittest                      41.64918432457454
highest fitness' coverage:   43.511671934284955
highest fitness' collisions: 0.18624876097104143
new generation:  1765
Fittest                      41.64320271366339
highest fitness' coverage:   43.505690323373805
highest fitness' collisions: 0.18624876097104134
new generation:  1766
Fittest                      41.66196570143699
highest fitness' coverage:   43.524453311147404
highest fitness' collisions: 0.18624876097104148
new generation:  1767
Fittest                      41.65848244836444
highest fitness' coverage:   43.52097005807485
highest fitness' collisions: 0.1862487609710414
new generation:  1768
Fittest                      41.6437441144713
highest fitness' coverage:   43.50623172418172
highest fitness' collisions: 0.1862487609710415
new generation:  1769
Fittest                      41.62685642687792
highest fitness' coverage:   43.51775938511376
highest fitness' collisions: 0.1890902958235839
new generation:  1770
Fittest                      41.61472103335501
highest fitness' coverage:   43.50532887066818
highest fitness' collisions: 0.1890607837313172
new generation:  1771
Fittest                      41.626097517739254
highest fitness' coverage:   43.4687151395167
highest fitness' collisions: 0.1842617621777449
new generation:  1772
Fittest                      41.638287395288955
highest fitness' coverage:   43.480905017066405
highest fitness' collisions: 0.184261762177745
new generation:  1773
Fittest                      41.68072062196549
highest fitness' coverage:   43.52770340206534
highest fitness' collisions: 0.18469827800998517
new generation:  1774
Fittest                      41.66218977186402
highest fitness' coverage:   43.50917255196387
highest fitness' collisions: 0.1846982780099851
new generation:  1775
Fittest                      41.66512833499419
highest fitness' coverage:   43.512111115094044
highest fitness' collisions: 0.18469827800998517
new generation:  1776
Fittest                      41.67096989366519
highest fitness' coverage:   43.51795267376504
highest fitness' collisions: 0.1846982780099851
new generation:  1777
Fittest                      41.67475927617981
highest fitness' coverage:   43.52174205627966
highest fitness' collisions: 0.18469827800998517
new generation:  1778
Fittest                      41.66560784545563
highest fitness' coverage:   43.51259062555548
highest fitness' collisions: 0.18469827800998512
new generation:  1779
Fittest                      41.64592025442882
highest fitness' coverage:   43.49290303452867
highest fitness' collisions: 0.18469827800998515
new generation:  1780
Fittest                      41.66378945666575
highest fitness' coverage:   43.516022478886896
highest fitness' collisions: 0.1852233022221152
new generation:  1781
Fittest                      41.685360934554545
highest fitness' coverage:   43.537593956775694
highest fitness' collisions: 0.18522330222211517
new generation:  1782
Fittest                      41.65941720019747
highest fitness' coverage:   43.511650222418616
highest fitness' collisions: 0.18522330222211517
new generation:  1783
Fittest                      41.66565208703246
highest fitness' coverage:   43.51788510925361
highest fitness' collisions: 0.18522330222211517
new generation:  1784
Fittest                      41.65423807425127
highest fitness' coverage:   43.50647109647242
highest fitness' collisions: 0.18522330222211505
new generation:  1785
Fittest                      41.695888107305585
highest fitness' coverage:   43.542870887405435
highest fitness' collisions: 0.18469827800998498
new generation:  1786
Fittest                      41.65639363173011
highest fitness' coverage:   43.50337641182996
highest fitness' collisions: 0.18469827800998517
new generation:  1787
Fittest                      41.656069760230196
highest fitness' coverage:   43.503052540330046
highest fitness' collisions: 0.184698278009985
new generation:  1788
Fittest                      41.677344328495536
highest fitness' coverage:   43.52432710859539
highest fitness' collisions: 0.18469827800998515
new generation:  1789
Fittest                      41.65300433642577
highest fitness' coverage:   43.49998711652562
highest fitness' collisions: 0.18469827800998517
new generation:  1790
Fittest                      41.68649708754084
highest fitness' coverage:   43.53347986764069
highest fitness' collisions: 0.18469827800998517
new generation:  1791
Fittest                      41.67766998562639
highest fitness' coverage:   43.52465276572624
highest fitness' collisions: 0.18469827800998506
new generation:  1792
Fittest                      41.677365458653505
highest fitness' coverage:   43.524348238753355
highest fitness' collisions: 0.18469827800998528
new generation:  1793
Fittest                      41.66730507669665
highest fitness' coverage:   43.5142878567965
highest fitness' collisions: 0.18469827800998512
new generation:  1794
Fittest                      41.68967971857763
highest fitness' coverage:   43.53682098799673
highest fitness' collisions: 0.18471412694190975
new generation:  1795
Fittest                      41.67780731881402
highest fitness' coverage:   43.52809631358011
highest fitness' collisions: 0.18502889947660858
new generation:  1796
Fittest                      41.70562745603426
highest fitness' coverage:   43.55591645080034
highest fitness' collisions: 0.18502889947660836
new generation:  1797
Fittest                      41.656223440913976
highest fitness' coverage:   43.50651243568006
highest fitness' collisions: 0.1850288994766085
new generation:  1798
Fittest                      41.655595353940626
highest fitness' coverage:   43.50588434870671
highest fitness' collisions: 0.18502889947660847
new generation:  1799
Fittest                      41.673251455321
highest fitness' coverage:   43.506236387426654
highest fitness' collisions: 0.18329849321056552
new generation:  1800
Fittest                      41.69749965998019
highest fitness' coverage:   43.53048459208585
highest fitness' collisions: 0.18329849321056566
new generation:  1801
Fittest                      41.6850663329274
highest fitness' coverage:   43.51805126503305
highest fitness' collisions: 0.18329849321056557
new generation:  1802
Fittest                      41.68286390831656
highest fitness' coverage:   43.515848840422215
highest fitness' collisions: 0.18329849321056563
new generation:  1803
Fittest                      41.67880097952503
highest fitness' coverage:   43.51178591163068
highest fitness' collisions: 0.1832984932105655
new generation:  1804
Fittest                      41.69508575636886
highest fitness' coverage:   43.528070688474514
highest fitness' collisions: 0.18329849321056552
new generation:  1805
Fittest                      41.66992166908207
highest fitness' coverage:   43.50290660118773
highest fitness' collisions: 0.18329849321056563
new generation:  1806
Fittest                      41.67351472984275
highest fitness' coverage:   43.5064996619484
highest fitness' collisions: 0.18329849321056552
new generation:  1807
Fittest                      41.67085609261052
highest fitness' coverage:   43.50384102471617
highest fitness' collisions: 0.18329849321056557
new generation:  1808
Fittest                      41.67320907995023
highest fitness' coverage:   43.506194012055886
highest fitness' collisions: 0.18329849321056554
new generation:  1809
Fittest                      41.679225144526114
highest fitness' coverage:   43.512210076631774
highest fitness' collisions: 0.18329849321056566
new generation:  1810
Fittest                      41.68187833691701
highest fitness' coverage:   43.51486326902267
highest fitness' collisions: 0.18329849321056563
new generation:  1811
Fittest                      41.69015223949781
highest fitness' coverage:   43.524156334373345
highest fitness' collisions: 0.18340040948755337
new generation:  1812
Fittest                      41.68411196349704
highest fitness' coverage:   43.51811605837257
highest fitness' collisions: 0.18340040948755348
new generation:  1813
Fittest                      41.69291529553059
highest fitness' coverage:   43.53763889103758
highest fitness' collisions: 0.1844723595506989
new generation:  1814
Fittest                      41.675376718795015
highest fitness' coverage:   43.52064041418188
highest fitness' collisions: 0.18452636953868612
new generation:  1815
Fittest                      41.66962200456463
highest fitness' coverage:   43.51488569995149
highest fitness' collisions: 0.18452636953868629
new generation:  1816
Fittest                      41.66156532316151
highest fitness' coverage:   43.50524412535591
highest fitness' collisions: 0.18436788021943995
new generation:  1817
Fittest                      41.672516328460596
highest fitness' coverage:   43.51619513065499
highest fitness' collisions: 0.18436788021944
new generation:  1818
Fittest                      41.675176805642465
highest fitness' coverage:   43.51885560783687
highest fitness' collisions: 0.1843678802194401
new generation:  1819
Fittest                      41.68929986133249
highest fitness' coverage:   43.525089957963125
highest fitness' collisions: 0.18357900966306306
new generation:  1820
Fittest                      41.66714416704894
highest fitness' coverage:   43.50293426367957
highest fitness' collisions: 0.18357900966306304
new generation:  1821
Fittest                      41.67769995605291
highest fitness' coverage:   43.50045567814388
highest fitness' collisions: 0.182275572209097
new generation:  1822
Fittest                      41.67418283288862
highest fitness' coverage:   43.496938554979586
highest fitness' collisions: 0.18227557220909704
new generation:  1823
Fittest                      41.65031156692332
highest fitness' coverage:   43.47306728901429
highest fitness' collisions: 0.18227557220909696
new generation:  1824
Fittest                      41.63421132638525
highest fitness' coverage:   43.456967048476216
highest fitness' collisions: 0.18227557220909688
new generation:  1825
Fittest                      41.662495307457945
highest fitness' coverage:   43.48525102954891
highest fitness' collisions: 0.1822755722090969
new generation:  1826
Fittest                      41.65605293712484
highest fitness' coverage:   43.47880865921581
highest fitness' collisions: 0.18227557220909693
new generation:  1827
Fittest                      41.64035400140612
highest fitness' coverage:   43.46310972349709
highest fitness' collisions: 0.18227557220909704
new generation:  1828
Fittest                      41.650762837086056
highest fitness' coverage:   43.47351855917702
highest fitness' collisions: 0.1822755722090969
new generation:  1829
Fittest                      41.668721534655965
highest fitness' coverage:   43.49147725674693
highest fitness' collisions: 0.182275572209097
new generation:  1830
Fittest                      41.65546296792582
highest fitness' coverage:   43.47821869001679
highest fitness' collisions: 0.1822755722090969
new generation:  1831
Fittest                      41.64317404847413
highest fitness' coverage:   43.4659297705651
highest fitness' collisions: 0.18227557220909688
new generation:  1832
Fittest                      41.634830520889665
highest fitness' coverage:   43.45758624298063
highest fitness' collisions: 0.18227557220909696
new generation:  1833
Fittest                      41.647256354545625
highest fitness' coverage:   43.463146523077285
highest fitness' collisions: 0.1815890168531662
new generation:  1834
Fittest                      41.65701607434484
highest fitness' coverage:   43.4729062428765
highest fitness' collisions: 0.18158901685316625
new generation:  1835
Fittest                      41.649743282582854
highest fitness' coverage:   43.46563345111451
highest fitness' collisions: 0.18158901685316622
new generation:  1836
Fittest                      41.65383626898681
highest fitness' coverage:   43.469726437518474
highest fitness' collisions: 0.18158901685316628
new generation:  1837
Fittest                      41.6692556942062
highest fitness' coverage:   43.48514586273786
highest fitness' collisions: 0.1815890168531662
new generation:  1838
Fittest                      41.64737782896835
highest fitness' coverage:   43.46326799750001
highest fitness' collisions: 0.18158901685316614
new generation:  1839
Fittest                      41.64757592734989
highest fitness' coverage:   43.46346609588156
highest fitness' collisions: 0.1815890168531664
new generation:  1840
Fittest                      41.65909183062776
highest fitness' coverage:   43.474981999159425
highest fitness' collisions: 0.18158901685316628
new generation:  1841
Fittest                      41.66239366255142
highest fitness' coverage:   43.47828383108308
highest fitness' collisions: 0.18158901685316625
new generation:  1842
Fittest                      41.651411758090056
highest fitness' coverage:   43.500091905056735
highest fitness' collisions: 0.1848680146966676
new generation:  1843
Fittest                      41.64264017315767
highest fitness' coverage:   43.49132032012435
highest fitness' collisions: 0.18486801469666764
new generation:  1844
Fittest                      41.636267205561246
highest fitness' coverage:   43.484947352527925
highest fitness' collisions: 0.18486801469666778
new generation:  1845
Fittest                      41.63247406930782
highest fitness' coverage:   43.48115421627449
highest fitness' collisions: 0.18486801469666753
new generation:  1846
Fittest                      41.62417319582513
highest fitness' coverage:   43.47230380191795
highest fitness' collisions: 0.18481306060928207
new generation:  1847
Fittest                      41.63616523833212
highest fitness' coverage:   43.484295844424935
highest fitness' collisions: 0.18481306060928196
new generation:  1848
Fittest                      41.626043852606
highest fitness' coverage:   43.48206892533609
highest fitness' collisions: 0.18560250727300837
new generation:  1849
Fittest                      41.629263508790714
highest fitness' coverage:   43.4852885815208
highest fitness' collisions: 0.18560250727300823
new generation:  1850
Fittest                      41.612735276829184
highest fitness' coverage:   43.48475592984541
highest fitness' collisions: 0.1872020653016228
new generation:  1851
Fittest                      41.612031109501324
highest fitness' coverage:   43.48776711480853
highest fitness' collisions: 0.1875736005307202
new generation:  1852
Fittest                      41.61261071087408
highest fitness' coverage:   43.48834671618128
highest fitness' collisions: 0.18757360053072017
new generation:  1853
Fittest                      41.596581856054
highest fitness' coverage:   43.472317861361205
highest fitness' collisions: 0.18757360053072014
new generation:  1854
Fittest                      41.61291469092282
highest fitness' coverage:   43.488650696230025
highest fitness' collisions: 0.18757360053072014
new generation:  1855
Fittest                      41.60926782655509
highest fitness' coverage:   43.485003831862294
highest fitness' collisions: 0.18757360053072009
new generation:  1856
Fittest                      41.593604055417536
highest fitness' coverage:   43.46934006072474
highest fitness' collisions: 0.18757360053072017
new generation:  1857
Fittest                      41.59363038906265
highest fitness' coverage:   43.46936639436986
highest fitness' collisions: 0.18757360053072017
new generation:  1858
Fittest                      41.591106656238665
highest fitness' coverage:   43.46684266154587
highest fitness' collisions: 0.18757360053072
new generation:  1859
Fittest                      41.600117403801484
highest fitness' coverage:   43.47585340910869
highest fitness' collisions: 0.18757360053072003
new generation:  1860
Fittest                      41.60315995418724
highest fitness' coverage:   43.478895959494444
highest fitness' collisions: 0.18757360053072014
new generation:  1861
Fittest                      41.60323045722368
highest fitness' coverage:   43.47908668897435
highest fitness' collisions: 0.1875856231750664
new generation:  1862
Fittest                      41.56900891728222
highest fitness' coverage:   43.44486514903288
highest fitness' collisions: 0.1875856231750662
new generation:  1863
Fittest                      41.599474404838716
highest fitness' coverage:   43.473258698722375
highest fitness' collisions: 0.18737842938836624
new generation:  1864
Fittest                      41.60475662448908
highest fitness' coverage:   43.44897038124861
highest fitness' collisions: 0.18442137567595268
new generation:  1865
Fittest                      41.62464244024828
highest fitness' coverage:   43.467271303815345
highest fitness' collisions: 0.1842628863567066
new generation:  1866
Fittest                      41.64415467945703
highest fitness' coverage:   43.48852182745493
highest fitness' collisions: 0.18443671479979012
new generation:  1867
Fittest                      41.63229865501881
highest fitness' coverage:   43.47666580301671
highest fitness' collisions: 0.18443671479979004
new generation:  1868
Fittest                      41.61367753462743
highest fitness' coverage:   43.45804468262533
highest fitness' collisions: 0.18443671479978996
new generation:  1869
Fittest                      41.61085035026035
highest fitness' coverage:   43.45521749825825
highest fitness' collisions: 0.18443671479978999
new generation:  1870
Fittest                      41.60434870553358
highest fitness' coverage:   43.457709005915156
highest fitness' collisions: 0.1853360300381571
new generation:  1871
Fittest                      41.61400457282657
highest fitness' coverage:   43.46736487320814
highest fitness' collisions: 0.18533603003815705
new generation:  1872
Fittest                      41.60494333958981
highest fitness' coverage:   43.458303639971376
highest fitness' collisions: 0.18533603003815707
new generation:  1873
Fittest                      41.62379924497901
highest fitness' coverage:   43.477159545360585
highest fitness' collisions: 0.18533603003815707
new generation:  1874
Fittest                      41.61733102562866
highest fitness' coverage:   43.470711430083576
highest fitness' collisions: 0.18533804044549193
new generation:  1875
Fittest                      41.60675183142599
highest fitness' coverage:   43.46137300677628
highest fitness' collisions: 0.18546211753502886
new generation:  1876
Fittest                      41.63719217166837
highest fitness' coverage:   43.491813347018656
highest fitness' collisions: 0.18546211753502886
new generation:  1877
Fittest                      41.60033618136752
highest fitness' coverage:   43.454957356717806
highest fitness' collisions: 0.18546211753502898
new generation:  1878
Fittest                      41.621772771336985
highest fitness' coverage:   43.476393946687274
highest fitness' collisions: 0.18546211753502884
new generation:  1879
Fittest                      41.618687593111474
highest fitness' coverage:   43.47330876846176
highest fitness' collisions: 0.18546211753502898
new generation:  1880
Fittest                      41.60775423942249
highest fitness' coverage:   43.461026451890184
highest fitness' collisions: 0.18532722124676967
new generation:  1881
Fittest                      41.621225594294515
highest fitness' coverage:   43.47366814465641
highest fitness' collisions: 0.185244255036189
new generation:  1882
Fittest                      41.63393124986311
highest fitness' coverage:   43.486373800224996
highest fitness' collisions: 0.1852442550361889
new generation:  1883
Fittest                      41.62093213072144
highest fitness' coverage:   43.47337468108333
highest fitness' collisions: 0.18524425503618888
new generation:  1884
Fittest                      41.60238549481885
highest fitness' coverage:   43.45482804518074
highest fitness' collisions: 0.18524425503618908
new generation:  1885
Fittest                      41.6148368080467
highest fitness' coverage:   43.46727935840859
highest fitness' collisions: 0.18524425503618902
new generation:  1886
Fittest                      41.620975006669006
highest fitness' coverage:   43.47640454859358
highest fitness' collisions: 0.18554295419245725
new generation:  1887
Fittest                      41.6134120174169
highest fitness' coverage:   43.48255786364108
highest fitness' collisions: 0.18691458462241792
new generation:  1888
Fittest                      41.61086900980612
highest fitness' coverage:   43.4800148560303
highest fitness' collisions: 0.18691458462241795
new generation:  1889
Fittest                      41.61155360680013
highest fitness' coverage:   43.468171241242686
highest fitness' collisions: 0.18566176344425575
new generation:  1890
Fittest                      41.62316686984378
highest fitness' coverage:   43.479784504286336
highest fitness' collisions: 0.18566176344425578
new generation:  1891
Fittest                      41.604735911446255
highest fitness' coverage:   43.46135354588881
highest fitness' collisions: 0.18566176344425572
new generation:  1892
Fittest                      41.6392042505013
highest fitness' coverage:   43.49582188494386
highest fitness' collisions: 0.18566176344425564
new generation:  1893
Fittest                      41.64495437037646
highest fitness' coverage:   43.50157200481902
highest fitness' collisions: 0.18566176344425564
new generation:  1894
Fittest                      41.635786635812444
highest fitness' coverage:   43.492404270255
highest fitness' collisions: 0.18566176344425583
new generation:  1895
Fittest                      41.63867268494029
highest fitness' coverage:   43.52691309598453
highest fitness' collisions: 0.18882404110442422
new generation:  1896
Fittest                      41.5949849822536
highest fitness' coverage:   43.48322539329784
highest fitness' collisions: 0.18882404110442425
new generation:  1897
Fittest                      41.61372731746933
highest fitness' coverage:   43.50184750207011
highest fitness' collisions: 0.188812018460078
new generation:  1898
Fittest                      41.59201038222987
highest fitness' coverage:   43.48013056683065
highest fitness' collisions: 0.1888120184600781
new generation:  1899
Fittest                      41.59120122042266
highest fitness' coverage:   43.473395616951734
highest fitness' collisions: 0.1882194396529075
new generation:  1900
Fittest                      41.591569183984426
highest fitness' coverage:   43.4737635805135
highest fitness' collisions: 0.18821943965290747
new generation:  1901
Fittest                      41.60972570191583
highest fitness' coverage:   43.4919200984449
highest fitness' collisions: 0.18821943965290755
new generation:  1902
Fittest                      41.59772260515716
highest fitness' coverage:   43.47991700168623
highest fitness' collisions: 0.18821943965290738
new generation:  1903
Fittest                      41.613002601335445
highest fitness' coverage:   43.49519699786452
highest fitness' collisions: 0.1882194396529074
new generation:  1904
Fittest                      41.610439671674165
highest fitness' coverage:   43.49263406820324
highest fitness' collisions: 0.18821943965290755
new generation:  1905
Fittest                      41.5942083060278
highest fitness' coverage:   43.476402702556875
highest fitness' collisions: 0.1882194396529074
new generation:  1906
Fittest                      41.62267268725321
highest fitness' coverage:   43.50486708378228
highest fitness' collisions: 0.1882194396529075
new generation:  1907
Fittest                      41.60211189918878
highest fitness' coverage:   43.479927116841765
highest fitness' collisions: 0.18778152176529855
new generation:  1908
Fittest                      41.607920433656325
highest fitness' coverage:   43.48573565130931
highest fitness' collisions: 0.18778152176529866
new generation:  1909
Fittest                      41.60235085431974
highest fitness' coverage:   43.480166071972725
highest fitness' collisions: 0.1877815217652986
new generation:  1910
Fittest                      41.59917584198906
highest fitness' coverage:   43.476991059642046
highest fitness' collisions: 0.1877815217652985
new generation:  1911
Fittest                      41.605238322263006
highest fitness' coverage:   43.48305353991599
highest fitness' collisions: 0.1877815217652985
new generation:  1912
Fittest                      41.63108540122493
highest fitness' coverage:   43.507666342078686
highest fitness' collisions: 0.18765809408537543
new generation:  1913
Fittest                      41.6154088820997
highest fitness' coverage:   43.49198982295346
highest fitness' collisions: 0.18765809408537543
new generation:  1914
Fittest                      41.610898197327046
highest fitness' coverage:   43.47074247767021
highest fitness' collisions: 0.1859844280343159
new generation:  1915
Fittest                      41.62009998073779
highest fitness' coverage:   43.480141940236145
highest fitness' collisions: 0.1860041959498357
new generation:  1916
Fittest                      41.62025301041997
highest fitness' coverage:   43.48029496991833
highest fitness' collisions: 0.1860041959498358
new generation:  1917
Fittest                      41.614353512626536
highest fitness' coverage:   43.491450048676846
highest fitness' collisions: 0.18770965360503125
new generation:  1918
Fittest                      41.620918699728655
highest fitness' coverage:   43.498015235778965
highest fitness' collisions: 0.18770965360503128
new generation:  1919
Fittest                      41.59303975868524
highest fitness' coverage:   43.47013629473555
highest fitness' collisions: 0.1877096536050314
new generation:  1920
Fittest                      41.633177768883506
highest fitness' coverage:   43.51027430493382
highest fitness' collisions: 0.18770965360503142
new generation:  1921
Fittest                      41.60562694452077
highest fitness' coverage:   43.48272348057109
highest fitness' collisions: 0.18770965360503136
new generation:  1922
Fittest                      41.60507831922678
highest fitness' coverage:   43.482174855277094
highest fitness' collisions: 0.1877096536050314
new generation:  1923
Fittest                      41.611873040213176
highest fitness' coverage:   43.48908177810892
highest fitness' collisions: 0.18772087378957436
new generation:  1924
Fittest                      41.62694544359872
highest fitness' coverage:   43.504154181494464
highest fitness' collisions: 0.18772087378957433
new generation:  1925
Fittest                      41.62281755933804
highest fitness' coverage:   43.466164799493534
highest fitness' collisions: 0.18433472401554918
new generation:  1926
Fittest                      41.64891725671956
highest fitness' coverage:   43.492264496875045
highest fitness' collisions: 0.18433472401554915
new generation:  1927
Fittest                      41.63285748322496
highest fitness' coverage:   43.476204723380455
highest fitness' collisions: 0.1843347240155492
new generation:  1928
Fittest                      41.613874550950676
highest fitness' coverage:   43.45722179110617
highest fitness' collisions: 0.1843347240155493
new generation:  1929
Fittest                      41.64104603850716
highest fitness' coverage:   43.49167529946534
highest fitness' collisions: 0.1850629260958177
new generation:  1930
Fittest                      41.62464717407127
highest fitness' coverage:   43.48240694073768
highest fitness' collisions: 0.18577597666664097
new generation:  1931
Fittest                      41.630743219108126
highest fitness' coverage:   43.48870251200603
highest fitness' collisions: 0.1857959292897905
new generation:  1932
Fittest                      41.63051199608103
highest fitness' coverage:   43.48847128897894
highest fitness' collisions: 0.18579592928979075
new generation:  1933
Fittest                      41.62807749520595
highest fitness' coverage:   43.48603678810386
highest fitness' collisions: 0.1857959292897907
new generation:  1934
Fittest                      41.63804512716262
highest fitness' coverage:   43.50125466218183
highest fitness' collisions: 0.1863209535019206
new generation:  1935
Fittest                      41.635319164540746
highest fitness' coverage:   43.498528699559955
highest fitness' collisions: 0.18632095350192074
new generation:  1936
Fittest                      41.62208200094868
highest fitness' coverage:   43.48529153596788
highest fitness' collisions: 0.18632095350192052
new generation:  1937
Fittest                      41.6093867821212
highest fitness' coverage:   43.47259631714041
highest fitness' collisions: 0.18632095350192068
new generation:  1938
Fittest                      41.61912647116208
highest fitness' coverage:   43.48233600618129
highest fitness' collisions: 0.18632095350192063
new generation:  1939
Fittest                      41.63484840285741
highest fitness' coverage:   43.49805793787662
highest fitness' collisions: 0.18632095350192057
new generation:  1940
Fittest                      41.62273222249776
highest fitness' coverage:   43.48594175751697
highest fitness' collisions: 0.18632095350192052
new generation:  1941
Fittest                      41.63982871423676
highest fitness' coverage:   43.50404620573506
highest fitness' collisions: 0.18642174914983034
new generation:  1942
Fittest                      41.64036768199913
highest fitness' coverage:   43.50413848990528
highest fitness' collisions: 0.18637708079061524
new generation:  1943
Fittest                      41.62828622920012
highest fitness' coverage:   43.49205703710627
highest fitness' collisions: 0.18637708079061527
new generation:  1944
Fittest                      41.662454092536066
highest fitness' coverage:   43.526224900442216
highest fitness' collisions: 0.18637708079061527
new generation:  1945
Fittest                      41.62799695190001
highest fitness' coverage:   43.49176775980616
highest fitness' collisions: 0.1863770807906152
new generation:  1946
Fittest                      41.62656225540041
highest fitness' coverage:   43.48251467834513
highest fitness' collisions: 0.1855952422944726
new generation:  1947
Fittest                      41.626522594654354
highest fitness' coverage:   43.48247501759908
highest fitness' collisions: 0.18559524229447252
new generation:  1948
Fittest                      41.654265651367
highest fitness' coverage:   43.51021807431172
highest fitness' collisions: 0.18559524229447263
new generation:  1949
Fittest                      41.63583282334571
highest fitness' coverage:   43.479269515556624
highest fitness' collisions: 0.1843436692210918
new generation:  1950
Fittest                      41.65963189701377
highest fitness' coverage:   43.50389825133049
highest fitness' collisions: 0.18442663543167256
new generation:  1951
Fittest                      41.66359109845909
highest fitness' coverage:   43.50045165268335
highest fitness' collisions: 0.18368605542242694
new generation:  1952
Fittest                      41.648345201510764
highest fitness' coverage:   43.48520575573504
highest fitness' collisions: 0.18368605542242702
new generation:  1953
Fittest                      41.63668237170936
highest fitness' coverage:   43.473542925933636
highest fitness' collisions: 0.18368605542242708
new generation:  1954
Fittest                      41.64230926891855
highest fitness' coverage:   43.45171210364233
highest fitness' collisions: 0.1809402834723778
new generation:  1955
Fittest                      41.6701314489264
highest fitness' coverage:   43.479534283650175
highest fitness' collisions: 0.18094028347237773
new generation:  1956
Fittest                      41.67567408068739
highest fitness' coverage:   43.48507691541117
highest fitness' collisions: 0.1809402834723777
new generation:  1957
Fittest                      41.682931912977665
highest fitness' coverage:   43.49233474770144
highest fitness' collisions: 0.18094028347237776
new generation:  1958
Fittest                      41.676993605480014
highest fitness' coverage:   43.47898333779079
highest fitness' collisions: 0.18019897323107695
new generation:  1959
Fittest                      41.68069489296541
highest fitness' coverage:   43.482684625276185
highest fitness' collisions: 0.18019897323107695
new generation:  1960
Fittest                      41.68063295518335
highest fitness' coverage:   43.482622687494114
highest fitness' collisions: 0.1801989732310769
new generation:  1961
Fittest                      41.70221855695382
highest fitness' coverage:   43.50389206149857
highest fitness' collisions: 0.18016735045447524
new generation:  1962
Fittest                      41.72100267599749
highest fitness' coverage:   43.52267618054224
highest fitness' collisions: 0.18016735045447504
new generation:  1963
Fittest                      41.70260586144073
highest fitness' coverage:   43.50427936598548
highest fitness' collisions: 0.1801673504544752
new generation:  1964
Fittest                      41.689906939906
highest fitness' coverage:   43.491580444450754
highest fitness' collisions: 0.18016735045447527
new generation:  1965
Fittest                      41.67128121524574
highest fitness' coverage:   43.47295471979049
highest fitness' collisions: 0.18016735045447513
new generation:  1966
Fittest                      41.683935501083205
highest fitness' coverage:   43.48560900562796
highest fitness' collisions: 0.1801673504544753
new generation:  1967
Fittest                      41.6806923159939
highest fitness' coverage:   43.482365820538654
highest fitness' collisions: 0.18016735045447524
new generation:  1968
Fittest                      41.67442572427228
highest fitness' coverage:   43.476099228817034
highest fitness' collisions: 0.18016735045447516
new generation:  1969
Fittest                      41.68010048260239
highest fitness' coverage:   43.48177398714714
highest fitness' collisions: 0.18016735045447518
new generation:  1970
Fittest                      41.70873933390809
highest fitness' coverage:   43.510412838452844
highest fitness' collisions: 0.18016735045447527
new generation:  1971
Fittest                      41.70040245095468
highest fitness' coverage:   43.51069499647011
highest fitness' collisions: 0.18102925455154298
new generation:  1972
Fittest                      41.6814062126572
highest fitness' coverage:   43.49169875817263
highest fitness' collisions: 0.18102925455154295
new generation:  1973
Fittest                      41.67516244146982
highest fitness' coverage:   43.48545498698525
highest fitness' collisions: 0.18102925455154303
new generation:  1974
Fittest                      41.69069075849234
highest fitness' coverage:   43.50098330400777
highest fitness' collisions: 0.18102925455154312
new generation:  1975
Fittest                      41.66747208401324
highest fitness' coverage:   43.476415666646076
highest fitness' collisions: 0.18089435826328387
new generation:  1976
Fittest                      41.67897019540852
highest fitness' coverage:   43.47651663712621
highest fitness' collisions: 0.1797546441717689
new generation:  1977
Fittest                      41.67201464762308
highest fitness' coverage:   43.469561089340765
highest fitness' collisions: 0.17975464417176884
new generation:  1978
Fittest                      41.709723440522815
highest fitness' coverage:   43.500960308795705
highest fitness' collisions: 0.17912368682728863
new generation:  1979
Fittest                      41.69772668606629
highest fitness' coverage:   43.48896355433918
highest fitness' collisions: 0.17912368682728871
new generation:  1980
Fittest                      41.687669733527585
highest fitness' coverage:   43.478906601800475
highest fitness' collisions: 0.1791236868272887
new generation:  1981
Fittest                      41.70975938421748
highest fitness' coverage:   43.50099625249037
highest fitness' collisions: 0.17912368682728863
new generation:  1982
Fittest                      41.688340652788206
highest fitness' coverage:   43.479577521061096
highest fitness' collisions: 0.1791236868272887
new generation:  1983
Fittest                      41.678809088608105
highest fitness' coverage:   43.47004595688099
highest fitness' collisions: 0.17912368682728852
new generation:  1984
Fittest                      41.69096358427289
highest fitness' coverage:   43.482544574842876
highest fitness' collisions: 0.179158099056998
new generation:  1985
Fittest                      41.70674782110887
highest fitness' coverage:   43.49832881167885
highest fitness' collisions: 0.17915809905699798
new generation:  1986
Fittest                      41.70908721164967
highest fitness' coverage:   43.50066820221964
highest fitness' collisions: 0.1791580990569979
new generation:  1987
Fittest                      41.700830858406064
highest fitness' coverage:   43.49241184897604
highest fitness' collisions: 0.17915809905699792
new generation:  1988
Fittest                      41.70931125097621
highest fitness' coverage:   43.50089224154618
highest fitness' collisions: 0.17915809905699775
new generation:  1989
Fittest                      41.715824729314946
highest fitness' coverage:   43.50740571988493
highest fitness' collisions: 0.17915809905699798
new generation:  1990
Fittest                      41.67802801006052
highest fitness' coverage:   43.4696090006305
highest fitness' collisions: 0.1791580990569979
new generation:  1991
Fittest                      41.66935748188236
highest fitness' coverage:   43.47877049276774
highest fitness' collisions: 0.1809413010885378
new generation:  1992
Fittest                      41.6841844673686
highest fitness' coverage:   43.48594465145795
highest fitness' collisions: 0.18017601840893455
new generation:  1993
Fittest                      41.71775907866899
highest fitness' coverage:   43.51951926275834
highest fitness' collisions: 0.18017601840893446
new generation:  1994
Fittest                      41.699366872374725
highest fitness' coverage:   43.50112705646407
highest fitness' collisions: 0.18017601840893438
new generation:  1995
Fittest                      41.689899913086705
highest fitness' coverage:   43.49166009717605
highest fitness' collisions: 0.18017601840893463
new generation:  1996
Fittest                      41.69300207754741
highest fitness' coverage:   43.47021517247991
highest fitness' collisions: 0.1777213094932496
new generation:  1997
Fittest                      41.710963613862624
highest fitness' coverage:   43.488176708795116
highest fitness' collisions: 0.17772130949324946
new generation:  1998
Fittest                      41.71471683774486
highest fitness' coverage:   43.49192993267736
highest fitness' collisions: 0.17772130949324955
new generation:  1999
Fittest                      41.72070573701429
highest fitness' coverage:   43.497918831946784
highest fitness' collisions: 0.17772130949324946
new generation:  2000
Fittest                      41.71461805813462
highest fitness' coverage:   43.49183115306712
highest fitness' collisions: 0.17772130949324963
new generation:  2001
Fittest                      41.695526053214266
highest fitness' coverage:   43.47273914814676
highest fitness' collisions: 0.17772130949324952
new generation:  2002
Fittest                      41.72175976084162
highest fitness' coverage:   43.49796489929502
highest fitness' collisions: 0.17762051384533964
new generation:  2003
Fittest                      41.712320951152996
highest fitness' coverage:   43.488526089606395
highest fitness' collisions: 0.1776205138453399
new generation:  2004
Fittest                      41.706525918499594
highest fitness' coverage:   43.48273105695299
highest fitness' collisions: 0.17762051384533975
new generation:  2005
Fittest                      41.715568647696244
highest fitness' coverage:   43.49177378614964
highest fitness' collisions: 0.17762051384533983
new generation:  2006
Fittest                      41.709602607813196
highest fitness' coverage:   43.49388567794799
highest fitness' collisions: 0.17842830701347961
new generation:  2007
Fittest                      41.71867925742254
highest fitness' coverage:   43.502962327557334
highest fitness' collisions: 0.1784283070134796
new generation:  2008
Fittest                      41.70309939119651
highest fitness' coverage:   43.48738246133131
highest fitness' collisions: 0.17842830701347961
new generation:  2009
Fittest                      41.71588369005753
highest fitness' coverage:   43.50016676019233
highest fitness' collisions: 0.1784283070134797
new generation:  2010
Fittest                      41.71893104243184
highest fitness' coverage:   43.50321411256664
highest fitness' collisions: 0.1784283070134797
new generation:  2011
Fittest                      41.71011202317727
highest fitness' coverage:   43.494395093312065
highest fitness' collisions: 0.17842830701347956
new generation:  2012
Fittest                      41.7096332435123
highest fitness' coverage:   43.4939163136471
highest fitness' collisions: 0.17842830701347967
new generation:  2013
Fittest                      41.70629473244993
highest fitness' coverage:   43.49057780258473
highest fitness' collisions: 0.17842830701347948
new generation:  2014
Fittest                      41.71551714271367
highest fitness' coverage:   43.49980021284847
highest fitness' collisions: 0.17842830701347956
new generation:  2015
Fittest                      41.70043091872942
highest fitness' coverage:   43.484713988864215
highest fitness' collisions: 0.17842830701347967
new generation:  2016
Fittest                      41.715331523238426
highest fitness' coverage:   43.499614593373224
highest fitness' collisions: 0.17842830701347953
new generation:  2017
Fittest                      41.703267299061935
highest fitness' coverage:   43.496828863687384
highest fitness' collisions: 0.17935615646254482
new generation:  2018
Fittest                      41.7377301166584
highest fitness' coverage:   43.53129168128385
highest fitness' collisions: 0.17935615646254505
new generation:  2019
Fittest                      41.69885349880171
highest fitness' coverage:   43.48406934048078
highest fitness' collisions: 0.1785215841679069
new generation:  2020
Fittest                      41.72382571009464
highest fitness' coverage:   43.509041551773706
highest fitness' collisions: 0.17852158416790698
new generation:  2021
Fittest                      41.70617428919687
highest fitness' coverage:   43.49139013087594
highest fitness' collisions: 0.17852158416790706
new generation:  2022
Fittest                      41.717721852164914
highest fitness' coverage:   43.50293769384398
highest fitness' collisions: 0.17852158416790698
new generation:  2023
Fittest                      41.72404815489683
highest fitness' coverage:   43.509263996575896
highest fitness' collisions: 0.17852158416790695
new generation:  2024
Fittest                      41.70882613000905
highest fitness' coverage:   43.49404197168812
highest fitness' collisions: 0.1785215841679069
new generation:  2025
Fittest                      41.71177239051476
highest fitness' coverage:   43.49698823219383
highest fitness' collisions: 0.17852158416790684
new generation:  2026
Fittest                      41.70566779830796
highest fitness' coverage:   43.490883639987025
highest fitness' collisions: 0.17852158416790712
new generation:  2027
Fittest                      41.724480485633265
highest fitness' coverage:   43.52525266913974
highest fitness' collisions: 0.18007721835064763
new generation:  2028
Fittest                      41.759544797991246
highest fitness' coverage:   43.56031698149773
highest fitness' collisions: 0.18007721835064786
new generation:  2029
Fittest                      41.74668945315888
highest fitness' coverage:   43.54746163666536
highest fitness' collisions: 0.1800772183506479
new generation:  2030
Fittest                      41.75814577278221
highest fitness' coverage:   43.5504166013725
highest fitness' collisions: 0.17922708285902925
new generation:  2031
Fittest                      41.7516886964572
highest fitness' coverage:   43.5439595250475
highest fitness' collisions: 0.1792270828590294
new generation:  2032
Fittest                      41.76461590990077
highest fitness' coverage:   43.55688673849106
highest fitness' collisions: 0.17922708285902916
new generation:  2033
Fittest                      41.78269497619339
highest fitness' coverage:   43.57496580478369
highest fitness' collisions: 0.1792270828590294
new generation:  2034
Fittest                      41.770441912529634
highest fitness' coverage:   43.562712741119924
highest fitness' collisions: 0.17922708285902933
new generation:  2035
Fittest                      41.748988572019385
highest fitness' coverage:   43.541259400609675
highest fitness' collisions: 0.17922708285902922
new generation:  2036
Fittest                      41.770177416029
highest fitness' coverage:   43.5624482446193
highest fitness' collisions: 0.17922708285902939
new generation:  2037
Fittest                      41.75137537715574
highest fitness' coverage:   43.54364620574603
highest fitness' collisions: 0.1792270828590293
new generation:  2038
Fittest                      41.754785041221076
highest fitness' coverage:   43.547055869811366
highest fitness' collisions: 0.17922708285902927
new generation:  2039
Fittest                      41.75504024837793
highest fitness' coverage:   43.54731107696822
highest fitness' collisions: 0.17922708285902933
new generation:  2040
Fittest                      41.759051855097354
highest fitness' coverage:   43.56542740010872
highest fitness' collisions: 0.18063755450113608
new generation:  2041
Fittest                      41.753466369131296
highest fitness' coverage:   43.55984191414266
highest fitness' collisions: 0.18063755450113608
new generation:  2042
Fittest                      41.75993153365755
highest fitness' coverage:   43.566307078668906
highest fitness' collisions: 0.18063755450113592
new generation:  2043
Fittest                      41.750496982108245
highest fitness' coverage:   43.544466054351
highest fitness' collisions: 0.1793969072242755
new generation:  2044
Fittest                      41.76556176102713
highest fitness' coverage:   43.55953083326988
highest fitness' collisions: 0.17939690722427537
new generation:  2045
Fittest                      41.76853136874218
highest fitness' coverage:   43.562500440984934
highest fitness' collisions: 0.1793969072242755
new generation:  2046
Fittest                      41.77458070543379
highest fitness' coverage:   43.568549777676544
highest fitness' collisions: 0.1793969072242753
new generation:  2047
Fittest                      41.76613018627697
highest fitness' coverage:   43.56009925851972
highest fitness' collisions: 0.17939690722427543
new generation:  2048
Fittest                      41.77213942430297
highest fitness' coverage:   43.56610849654572
highest fitness' collisions: 0.17939690722427545
new generation:  2049
Fittest                      41.75638938369468
highest fitness' coverage:   43.550358455937435
highest fitness' collisions: 0.17939690722427543
new generation:  2050
Fittest                      41.76261883077742
highest fitness' coverage:   43.55658790302017
highest fitness' collisions: 0.17939690722427556
new generation:  2051
Fittest                      41.753018634804896
highest fitness' coverage:   43.54698770704765
highest fitness' collisions: 0.1793969072242754
new generation:  2052
Fittest                      41.768983851032566
highest fitness' coverage:   43.56295292327532
highest fitness' collisions: 0.17939690722427534
new generation:  2053
Fittest                      41.77141495101187
highest fitness' coverage:   43.56538402325462
highest fitness' collisions: 0.1793969072242754
new generation:  2054
Fittest                      41.765260630830845
highest fitness' coverage:   43.5592297030736
highest fitness' collisions: 0.17939690722427545
new generation:  2055
Fittest                      41.772130459573646
highest fitness' coverage:   43.5660995318164
highest fitness' collisions: 0.1793969072242755
new generation:  2056
Fittest                      41.76877003961641
highest fitness' coverage:   43.562739111859166
highest fitness' collisions: 0.1793969072242754
new generation:  2057
Fittest                      41.765858449429
highest fitness' coverage:   43.55982752167175
highest fitness' collisions: 0.17939690722427545
new generation:  2058
Fittest                      41.75678246825747
highest fitness' coverage:   43.55075154050022
highest fitness' collisions: 0.17939690722427545
new generation:  2059
Fittest                      41.79082496897747
highest fitness' coverage:   43.58479404122022
highest fitness' collisions: 0.17939690722427548
new generation:  2060
Fittest                      41.76520992340642
highest fitness' coverage:   43.556288433445275
highest fitness' collisions: 0.17910785100388557
new generation:  2061
Fittest                      41.77776956771617
highest fitness' coverage:   43.56884807775503
highest fitness' collisions: 0.17910785100388546
new generation:  2062
Fittest                      41.74642824385334
highest fitness' coverage:   43.53750675389219
highest fitness' collisions: 0.17910785100388535
new generation:  2063
Fittest                      41.74812380553473
highest fitness' coverage:   43.54096398311035
highest fitness' collisions: 0.17928401775756175
new generation:  2064
Fittest                      41.78235620049949
highest fitness' coverage:   43.575196378075105
highest fitness' collisions: 0.17928401775756153
new generation:  2065
Fittest                      41.76700028348696
highest fitness' coverage:   43.5844869628041
highest fitness' collisions: 0.1817486679317143
new generation:  2066
Fittest                      41.73267285041636
highest fitness' coverage:   43.5501595297335
highest fitness' collisions: 0.18174866793171437
new generation:  2067
Fittest                      41.72695499214879
highest fitness' coverage:   43.54444167146593
highest fitness' collisions: 0.1817486679317144
new generation:  2068
Fittest                      41.761287926969196
highest fitness' coverage:   43.57877460628634
highest fitness' collisions: 0.18174866793171418
new generation:  2069
Fittest                      41.751798930031526
highest fitness' coverage:   43.56928560934867
highest fitness' collisions: 0.18174866793171407
new generation:  2070
Fittest                      41.723152818778054
highest fitness' coverage:   43.540639498095196
highest fitness' collisions: 0.18174866793171426
new generation:  2071
Fittest                      41.745147794315045
highest fitness' coverage:   43.56263447363219
highest fitness' collisions: 0.1817486679317143
new generation:  2072
Fittest                      41.751528433620635
highest fitness' coverage:   43.56901511293778
highest fitness' collisions: 0.18174866793171424
new generation:  2073
Fittest                      41.74230644090997
highest fitness' coverage:   43.55979312022711
highest fitness' collisions: 0.18174866793171432
new generation:  2074
Fittest                      41.767023125562105
highest fitness' coverage:   43.58450980487925
highest fitness' collisions: 0.1817486679317143
new generation:  2075
Fittest                      41.73875235445828
highest fitness' coverage:   43.55623903377542
highest fitness' collisions: 0.18174866793171415
new generation:  2076
Fittest                      41.738470150825854
highest fitness' coverage:   43.5507065880217
highest fitness' collisions: 0.18122364371958427
new generation:  2077
Fittest                      41.74775628385684
highest fitness' coverage:   43.55999272105268
highest fitness' collisions: 0.18122364371958433
new generation:  2078
Fittest                      41.739666616101545
highest fitness' coverage:   43.54075394795386
highest fitness' collisions: 0.18010873318523177
new generation:  2079
Fittest                      41.73623432682509
highest fitness' coverage:   43.537858690473776
highest fitness' collisions: 0.1801624363648688
new generation:  2080
Fittest                      41.761463112283025
highest fitness' coverage:   43.56308747593171
highest fitness' collisions: 0.1801624363648688
new generation:  2081
Fittest                      41.76105832512238
highest fitness' coverage:   43.56268268877106
highest fitness' collisions: 0.1801624363648688
new generation:  2082
Fittest                      41.74912396864598
highest fitness' coverage:   43.55074833229467
highest fitness' collisions: 0.1801624363648687
new generation:  2083
Fittest                      41.7668527889013
highest fitness' coverage:   43.568477152549995
highest fitness' collisions: 0.18016243636486892
new generation:  2084
Fittest                      41.76477574958141
highest fitness' coverage:   43.565570451124294
highest fitness' collisions: 0.18007947015428813
new generation:  2085
Fittest                      41.76541406473082
highest fitness' coverage:   43.56589253850768
highest fitness' collisions: 0.18004784737768648
new generation:  2086
Fittest                      41.74367681860599
highest fitness' coverage:   43.544155292382854
highest fitness' collisions: 0.1800478473776864
new generation:  2087
Fittest                      41.7624729724825
highest fitness' coverage:   43.56295144625936
highest fitness' collisions: 0.18004784737768648
new generation:  2088
Fittest                      41.74378949610079
highest fitness' coverage:   43.54426796987765
highest fitness' collisions: 0.18004784737768645
new generation:  2089
Fittest                      41.77476048562599
highest fitness' coverage:   43.57523895940285
highest fitness' collisions: 0.1800478473776865
new generation:  2090
Fittest                      41.75957767834379
highest fitness' coverage:   43.56005615212065
highest fitness' collisions: 0.1800478473776864
new generation:  2091
Fittest                      41.75006690048373
highest fitness' coverage:   43.550545374260594
highest fitness' collisions: 0.18004784737768656
new generation:  2092
Fittest                      41.7748489086664
highest fitness' coverage:   43.57532738244326
highest fitness' collisions: 0.18004784737768637
new generation:  2093
Fittest                      41.755858222099114
highest fitness' coverage:   43.55633669587598
highest fitness' collisions: 0.1800478473776864
new generation:  2094
Fittest                      41.75023179085906
highest fitness' coverage:   43.550710264635924
highest fitness' collisions: 0.18004784737768634
new generation:  2095
Fittest                      41.76282950515017
highest fitness' coverage:   43.563307978927035
highest fitness' collisions: 0.1800478473776864
new generation:  2096
Fittest                      41.77137516833841
highest fitness' coverage:   43.57185364211527
highest fitness' collisions: 0.1800478473776864
new generation:  2097
Fittest                      41.74623852619516
highest fitness' coverage:   43.55328144202133
highest fitness' collisions: 0.1807042915826176
new generation:  2098
Fittest                      41.74949781451477
highest fitness' coverage:   43.55654073034094
highest fitness' collisions: 0.18070429158261753
new generation:  2099
Fittest                      41.743217481410014
highest fitness' coverage:   43.550260397236194
highest fitness' collisions: 0.18070429158261767
new generation:  2100
Fittest                      41.76207994808178
highest fitness' coverage:   43.56912286390795
highest fitness' collisions: 0.18070429158261764
new generation:  2101
Fittest                      41.758565980582425
highest fitness' coverage:   43.5656088964086
highest fitness' collisions: 0.1807042915826175
new generation:  2102
Fittest                      41.76516091714609
highest fitness' coverage:   43.572203832972264
highest fitness' collisions: 0.18070429158261758
new generation:  2103
Fittest                      41.75569107367206
highest fitness' coverage:   43.562733989498234
highest fitness' collisions: 0.1807042915826176
new generation:  2104
Fittest                      41.768328173980706
highest fitness' coverage:   43.55945045506126
highest fitness' collisions: 0.17911222810805547
new generation:  2105
Fittest                      41.742132027224805
highest fitness' coverage:   43.530054246296565
highest fitness' collisions: 0.17879222190717595
new generation:  2106
Fittest                      41.74834883986836
highest fitness' coverage:   43.53627105894012
highest fitness' collisions: 0.17879222190717597
new generation:  2107
Fittest                      41.72995749538068
highest fitness' coverage:   43.51787971445244
highest fitness' collisions: 0.17879222190717606
new generation:  2108
Fittest                      41.74635703496066
highest fitness' coverage:   43.540195760395925
highest fitness' collisions: 0.1793838725435265
new generation:  2109
Fittest                      41.734149920207116
highest fitness' coverage:   43.52798864564238
highest fitness' collisions: 0.17938387254352645
new generation:  2110
Fittest                      41.70553170398334
highest fitness' coverage:   43.499370429418605
highest fitness' collisions: 0.1793838725435266
new generation:  2111
Fittest                      41.73083781249042
highest fitness' coverage:   43.524676537925686
highest fitness' collisions: 0.1793838725435265
new generation:  2112
Fittest                      41.73389378268192
highest fitness' coverage:   43.52773250811718
highest fitness' collisions: 0.17938387254352658
new generation:  2113
Fittest                      41.7337408715108
highest fitness' coverage:   43.52757959694606
highest fitness' collisions: 0.17938387254352645
new generation:  2114
Fittest                      41.72460456112357
highest fitness' coverage:   43.518443286558835
highest fitness' collisions: 0.1793838725435266
new generation:  2115
Fittest                      41.740060692235865
highest fitness' coverage:   43.53389941767113
highest fitness' collisions: 0.17938387254352658
new generation:  2116
Fittest                      41.72452648251965
highest fitness' coverage:   43.518365207954915
highest fitness' collisions: 0.17938387254352653
new generation:  2117
Fittest                      41.739863397057775
highest fitness' coverage:   43.53370212249304
highest fitness' collisions: 0.17938387254352647
new generation:  2118
Fittest                      41.74932927984622
highest fitness' coverage:   43.54316800528149
highest fitness' collisions: 0.17938387254352642
new generation:  2119
Fittest                      41.7528882170025
highest fitness' coverage:   43.546726942437765
highest fitness' collisions: 0.17938387254352656
new generation:  2120
Fittest                      41.74679303756087
highest fitness' coverage:   43.540631762996135
highest fitness' collisions: 0.17938387254352647
new generation:  2121
Fittest                      41.71858852203204
highest fitness' coverage:   43.51242724746731
highest fitness' collisions: 0.17938387254352667
new generation:  2122
Fittest                      41.72878634232605
highest fitness' coverage:   43.52787530988262
highest fitness' collisions: 0.1799088967556564
new generation:  2123
Fittest                      41.73519240733629
highest fitness' coverage:   43.534281374892856
highest fitness' collisions: 0.17990889675565644
new generation:  2124
Fittest                      41.71677946412168
highest fitness' coverage:   43.51586843167824
highest fitness' collisions: 0.17990889675565655
new generation:  2125
Fittest                      41.7006667540204
highest fitness' coverage:   43.49975572157697
highest fitness' collisions: 0.17990889675565655
new generation:  2126
Fittest                      41.713430949769965
highest fitness' coverage:   43.51251991732653
highest fitness' collisions: 0.1799088967556566
new generation:  2127
Fittest                      41.71006072422909
highest fitness' coverage:   43.50914969178565
highest fitness' collisions: 0.1799088967556567
new generation:  2128
Fittest                      41.73470874610702
highest fitness' coverage:   43.53379771366358
highest fitness' collisions: 0.17990889675565647
new generation:  2129
Fittest                      41.72207334972825
highest fitness' coverage:   43.52116231728481
highest fitness' collisions: 0.17990889675565638
new generation:  2130
Fittest                      41.72585822817082
highest fitness' coverage:   43.524947195727385
highest fitness' collisions: 0.1799088967556567
new generation:  2131
Fittest                      41.71925508973156
highest fitness' coverage:   43.51834405728813
highest fitness' collisions: 0.1799088967556568
new generation:  2132
Fittest                      41.73177584885114
highest fitness' coverage:   43.53086481640771
highest fitness' collisions: 0.17990889675565655
new generation:  2133
Fittest                      41.70436392139473
highest fitness' coverage:   43.503452888951294
highest fitness' collisions: 0.17990889675565647
new generation:  2134
Fittest                      41.734897084953836
highest fitness' coverage:   43.5339860525104
highest fitness' collisions: 0.17990889675565647
new generation:  2135
Fittest                      41.731930276117744
highest fitness' coverage:   43.53101924367431
highest fitness' collisions: 0.17990889675565647
new generation:  2136
Fittest                      41.70109777108037
highest fitness' coverage:   43.500186738636934
highest fitness' collisions: 0.17990889675565655
new generation:  2137
Fittest                      41.74395589656588
highest fitness' coverage:   43.54304486412244
highest fitness' collisions: 0.17990889675565674
new generation:  2138
Fittest                      41.7323969651175
highest fitness' coverage:   43.531485932674066
highest fitness' collisions: 0.1799088967556565
new generation:  2139
Fittest                      41.735389502440995
highest fitness' coverage:   43.53447846999756
highest fitness' collisions: 0.17990889675565658
new generation:  2140
Fittest                      41.72286569623303
highest fitness' coverage:   43.52195466378959
highest fitness' collisions: 0.17990889675565652
new generation:  2141
Fittest                      41.728255886105856
highest fitness' coverage:   43.530723188778474
highest fitness' collisions: 0.18024673026726185
new generation:  2142
Fittest                      41.7128262783818
highest fitness' coverage:   43.515293581054415
highest fitness' collisions: 0.1802467302672617
new generation:  2143
Fittest                      41.713547551859314
highest fitness' coverage:   43.51601485453193
highest fitness' collisions: 0.18024673026726182
new generation:  2144
Fittest                      41.72895881237564
highest fitness' coverage:   43.531426115048255
highest fitness' collisions: 0.18024673026726168
new generation:  2145
Fittest                      41.7252076333616
highest fitness' coverage:   43.52767493603422
highest fitness' collisions: 0.1802467302672618
new generation:  2146
Fittest                      41.722827919508056
highest fitness' coverage:   43.52765086392137
highest fitness' collisions: 0.18048229444133193
new generation:  2147
Fittest                      41.718913726061636
highest fitness' coverage:   43.52147779688584
highest fitness' collisions: 0.1802564070824206
new generation:  2148
Fittest                      41.71013846158124
highest fitness' coverage:   43.51270253240544
highest fitness' collisions: 0.1802564070824206
new generation:  2149
Fittest                      41.72822841812898
highest fitness' coverage:   43.53079248895319
highest fitness' collisions: 0.18025640708242083
new generation:  2150
Fittest                      41.70039312111523
highest fitness' coverage:   43.50295719193944
highest fitness' collisions: 0.1802564070824205
new generation:  2151
Fittest                      41.72450700282192
highest fitness' coverage:   43.50286139945746
highest fitness' collisions: 0.1778354396635533
new generation:  2152
Fittest                      41.73726537926063
highest fitness' coverage:   43.51538735522692
highest fitness' collisions: 0.1778121975966294
new generation:  2153
Fittest                      41.73106503980177
highest fitness' coverage:   43.50918701576806
highest fitness' collisions: 0.17781219759662956
new generation:  2154
Fittest                      41.744966233396056
highest fitness' coverage:   43.511922025138745
highest fitness' collisions: 0.17669557917426904
new generation:  2155
Fittest                      41.782398097519916
highest fitness' coverage:   43.549353889262605
highest fitness' collisions: 0.176695579174269
new generation:  2156
Fittest                      41.76394640959321
highest fitness' coverage:   43.5309022013359
highest fitness' collisions: 0.17669557917426906
new generation:  2157
Fittest                      41.757449785176526
highest fitness' coverage:   43.50297154460526
highest fitness' collisions: 0.17455217594287345
new generation:  2158
Fittest                      41.76943654392679
highest fitness' coverage:   43.51495830335553
highest fitness' collisions: 0.1745521759428737
new generation:  2159
Fittest                      41.77930093101506
highest fitness' coverage:   43.52482269044379
highest fitness' collisions: 0.17455217594287345
new generation:  2160
Fittest                      41.77282242489546
highest fitness' coverage:   43.505969954664614
highest fitness' collisions: 0.17331475297691568
new generation:  2161
Fittest                      41.77914086344447
highest fitness' coverage:   43.50269786683769
highest fitness' collisions: 0.1723557003393224
new generation:  2162
Fittest                      41.798023291624546
highest fitness' coverage:   43.52158029501777
highest fitness' collisions: 0.1723557003393222
new generation:  2163
Fittest                      41.79798753193997
highest fitness' coverage:   43.52154453533319
highest fitness' collisions: 0.17235570033932235
new generation:  2164
Fittest                      41.807799106904774
highest fitness' coverage:   43.53103988253198
highest fitness' collisions: 0.1723240775627206
new generation:  2165
Fittest                      41.81148003350726
highest fitness' coverage:   43.53109002858677
highest fitness' collisions: 0.1719609995079507
new generation:  2166
Fittest                      41.77372417321832
highest fitness' coverage:   43.49333416829782
highest fitness' collisions: 0.17196099950795038
new generation:  2167
Fittest                      41.82270847634315
highest fitness' coverage:   43.53764169901129
highest fitness' collisions: 0.17149332226681352
new generation:  2168
Fittest                      41.8193298052798
highest fitness' coverage:   43.53426302794794
highest fitness' collisions: 0.17149332226681346
new generation:  2169
Fittest                      41.81273176686705
highest fitness' coverage:   43.52766498953519
highest fitness' collisions: 0.17149332226681344
new generation:  2170
Fittest                      41.80654182315356
highest fitness' coverage:   43.521475045821695
highest fitness' collisions: 0.17149332226681338
new generation:  2171
Fittest                      41.80690305646625
highest fitness' coverage:   43.52779106854403
highest fitness' collisions: 0.17208880120777884
new generation:  2172
Fittest                      41.81623225550988
highest fitness' coverage:   43.53712026758767
highest fitness' collisions: 0.17208880120777875
new generation:  2173
Fittest                      41.78363998944185
highest fitness' coverage:   43.51844922737223
highest fitness' collisions: 0.17348092379303767
new generation:  2174
Fittest                      41.77469805418112
highest fitness' coverage:   43.5095072921115
highest fitness' collisions: 0.17348092379303776
new generation:  2175
Fittest                      41.81188203248677
highest fitness' coverage:   43.54669127041715
highest fitness' collisions: 0.1734809237930377
new generation:  2176
Fittest                      41.80840875821748
highest fitness' coverage:   43.54321799614786
highest fitness' collisions: 0.17348092379303762
new generation:  2177
Fittest                      41.7655551877835
highest fitness' coverage:   43.500364425713876
highest fitness' collisions: 0.17348092379303762
new generation:  2178
Fittest                      41.76911258977369
highest fitness' coverage:   43.49373308341634
highest fitness' collisions: 0.17246204936426487
new generation:  2179
Fittest                      41.80080519028114
highest fitness' coverage:   43.52517794171802
highest fitness' collisions: 0.17243727514368842
new generation:  2180
Fittest                      41.80967489649559
highest fitness' coverage:   43.534047647932475
highest fitness' collisions: 0.17243727514368848
new generation:  2181
Fittest                      41.793931404890884
highest fitness' coverage:   43.518304156327765
highest fitness' collisions: 0.1724372751436885
new generation:  2182
Fittest                      41.78777867731681
highest fitness' coverage:   43.5121514287537
highest fitness' collisions: 0.17243727514368865
new generation:  2183
Fittest                      41.81195561580938
highest fitness' coverage:   43.529303650176296
highest fitness' collisions: 0.1717348034366913
new generation:  2184
Fittest                      41.80868843097801
highest fitness' coverage:   43.52603646534492
highest fitness' collisions: 0.17173480343669126
new generation:  2185
Fittest                      41.80229950265197
highest fitness' coverage:   43.519647537018884
highest fitness' collisions: 0.17173480343669134
new generation:  2186
Fittest                      41.802551920238585
highest fitness' coverage:   43.5198999546055
highest fitness' collisions: 0.17173480343669115
new generation:  2187
Fittest                      41.83076624323649
highest fitness' coverage:   43.5481142776034
highest fitness' collisions: 0.1717348034366912
new generation:  2188
Fittest                      41.811725837609536
highest fitness' coverage:   43.52907387197645
highest fitness' collisions: 0.17173480343669112
new generation:  2189
Fittest                      41.79474724827261
highest fitness' coverage:   43.50758593300061
highest fitness' collisions: 0.17128386847280033
new generation:  2190
Fittest                      41.78858265654137
highest fitness' coverage:   43.50142134126938
highest fitness' collisions: 0.17128386847280053
new generation:  2191
Fittest                      41.80722216934901
highest fitness' coverage:   43.520060854077016
highest fitness' collisions: 0.17128386847280053
new generation:  2192
Fittest                      41.82574259760723
highest fitness' coverage:   43.53858128233524
highest fitness' collisions: 0.17128386847280047
new generation:  2193
Fittest                      41.81025674303762
highest fitness' coverage:   43.523095427765625
highest fitness' collisions: 0.17128386847280044
new generation:  2194
Fittest                      41.794634053150034
highest fitness' coverage:   43.50747273787804
highest fitness' collisions: 0.17128386847280053
new generation:  2195
Fittest                      41.81668335991149
highest fitness' coverage:   43.52952204463949
highest fitness' collisions: 0.17128386847280053
new generation:  2196
Fittest                      41.80998716375277
highest fitness' coverage:   43.52282584848078
highest fitness' collisions: 0.17128386847280053
new generation:  2197
Fittest                      41.82244006605597
highest fitness' coverage:   43.535278750783974
highest fitness' collisions: 0.17128386847280044
new generation:  2198
Fittest                      41.81031769951555
highest fitness' coverage:   43.523156384243556
highest fitness' collisions: 0.1712838684728006
new generation:  2199
Fittest                      41.82892121042645
highest fitness' coverage:   43.541759895154456
highest fitness' collisions: 0.17128386847280036
new generation:  2200
Fittest                      41.807340639023
highest fitness' coverage:   43.52017932375101
highest fitness' collisions: 0.1712838684728005
new generation:  2201
Fittest                      41.79750172099329
highest fitness' coverage:   43.510340405721294
highest fitness' collisions: 0.17128386847280044
new generation:  2202
Fittest                      41.80087073542717
highest fitness' coverage:   43.51347282437397
highest fitness' collisions: 0.17126020889468055
new generation:  2203
Fittest                      41.78494260050332
highest fitness' coverage:   43.49754468945012
highest fitness' collisions: 0.17126020889468055
new generation:  2204
Fittest                      41.80733162666047
highest fitness' coverage:   43.51993371560728
highest fitness' collisions: 0.17126020889468066
new generation:  2205
Fittest                      41.8043278258254
highest fitness' coverage:   43.51692991477221
highest fitness' collisions: 0.17126020889468063
new generation:  2206
Fittest                      41.791967590523385
highest fitness' coverage:   43.504569679470194
highest fitness' collisions: 0.17126020889468072
new generation:  2207
Fittest                      41.81651098872705
highest fitness' coverage:   43.52911307767386
highest fitness' collisions: 0.1712602088946806
new generation:  2208
Fittest                      41.80072296015908
highest fitness' coverage:   43.51332504910589
highest fitness' collisions: 0.17126020889468066
new generation:  2209
Fittest                      41.80431864900472
highest fitness' coverage:   43.51692073795153
highest fitness' collisions: 0.17126020889468074
new generation:  2210
Fittest                      41.794984987627686
highest fitness' coverage:   43.50758707657449
highest fitness' collisions: 0.17126020889468058
new generation:  2211
Fittest                      41.798048586587115
highest fitness' coverage:   43.510650675533924
highest fitness' collisions: 0.17126020889468058
new generation:  2212
Fittest                      41.782249238109905
highest fitness' coverage:   43.494851327056715
highest fitness' collisions: 0.1712602088946806
new generation:  2213
Fittest                      41.81009844744347
highest fitness' coverage:   43.519713544827596
highest fitness' collisions: 0.17096150973841243
new generation:  2214
Fittest                      41.79781191568543
highest fitness' coverage:   43.50742701306955
highest fitness' collisions: 0.1709615097384123
new generation:  2215
Fittest                      41.81669849739392
highest fitness' coverage:   43.526313594778046
highest fitness' collisions: 0.17096150973841232
new generation:  2216
Fittest                      41.80050283401463
highest fitness' coverage:   43.51011793139875
highest fitness' collisions: 0.17096150973841243
new generation:  2217
Fittest                      41.800702286598586
highest fitness' coverage:   43.51031738398271
highest fitness' collisions: 0.1709615097384124
new generation:  2218
Fittest                      41.813194303433306
highest fitness' coverage:   43.52280940081743
highest fitness' collisions: 0.1709615097384122
new generation:  2219
Fittest                      41.798098804720226
highest fitness' coverage:   43.50771390210435
highest fitness' collisions: 0.17096150973841226
new generation:  2220
Fittest                      41.79184334495942
highest fitness' coverage:   43.50145844234354
highest fitness' collisions: 0.17096150973841234
new generation:  2221
Fittest                      41.80708257402898
highest fitness' coverage:   43.516697671413105
highest fitness' collisions: 0.17096150973841226
new generation:  2222
Fittest                      41.79748042509036
highest fitness' coverage:   43.507095522474486
highest fitness' collisions: 0.17096150973841226
new generation:  2223
Fittest                      41.816527731222656
highest fitness' coverage:   43.52614282860678
highest fitness' collisions: 0.17096150973841234
new generation:  2224
Fittest                      41.791952513981876
highest fitness' coverage:   43.501567611366
highest fitness' collisions: 0.1709615097384123
new generation:  2225
Fittest                      41.83501055409361
highest fitness' coverage:   43.54462565147773
highest fitness' collisions: 0.17096150973841234
new generation:  2226
Fittest                      41.79132869036198
highest fitness' coverage:   43.5009437877461
highest fitness' collisions: 0.17096150973841215
new generation:  2227
Fittest                      41.80693893138896
highest fitness' coverage:   43.516554028773086
highest fitness' collisions: 0.17096150973841234
new generation:  2228
Fittest                      41.810081501143365
highest fitness' coverage:   43.51969659852749
highest fitness' collisions: 0.17096150973841232
new generation:  2229
Fittest                      41.78956068427475
highest fitness' coverage:   43.52886858556442
highest fitness' collisions: 0.17393079012896723
new generation:  2230
Fittest                      41.789596970030715
highest fitness' coverage:   43.528904871320385
highest fitness' collisions: 0.1739307901289671
new generation:  2231
Fittest                      41.783622586418694
highest fitness' coverage:   43.522930487708365
highest fitness' collisions: 0.17393079012896728
new generation:  2232
Fittest                      41.77442740430566
highest fitness' coverage:   43.51373530559533
highest fitness' collisions: 0.17393079012896723
new generation:  2233
Fittest                      41.79000119566464
highest fitness' coverage:   43.52930909695431
highest fitness' collisions: 0.17393079012896717
new generation:  2234
Fittest                      41.75250261589381
highest fitness' coverage:   43.49181051718348
highest fitness' collisions: 0.17393079012896717
new generation:  2235
Fittest                      41.77796276304261
highest fitness' coverage:   43.51727066433228
highest fitness' collisions: 0.17393079012896714
new generation:  2236
Fittest                      41.767865356889715
highest fitness' coverage:   43.507173258179385
highest fitness' collisions: 0.17393079012896717
new generation:  2237
Fittest                      41.78984215110441
highest fitness' coverage:   43.522965022737985
highest fitness' collisions: 0.17331228716335773
new generation:  2238
Fittest                      41.783731194381836
highest fitness' coverage:   43.51685406601541
highest fitness' collisions: 0.17331228716335775
new generation:  2239
Fittest                      41.78658793768969
highest fitness' coverage:   43.519710809323264
highest fitness' collisions: 0.17331228716335792
new generation:  2240
Fittest                      41.796012601964065
highest fitness' coverage:   43.52913547359764
highest fitness' collisions: 0.1733122871633578
new generation:  2241
Fittest                      41.780592496854126
highest fitness' coverage:   43.5137153684877
highest fitness' collisions: 0.17331228716335773
new generation:  2242
Fittest                      41.76960803730969
highest fitness' coverage:   43.51095893454276
highest fitness' collisions: 0.17413508972330702
new generation:  2243
Fittest                      41.772320103638194
highest fitness' coverage:   43.51367100087126
highest fitness' collisions: 0.174135089723307
new generation:  2244
Fittest                      41.77824069347587
highest fitness' coverage:   43.51959159070894
highest fitness' collisions: 0.17413508972330696
new generation:  2245
Fittest                      41.769418812210304
highest fitness' coverage:   43.51076970944337
highest fitness' collisions: 0.17413508972330705
new generation:  2246
Fittest                      41.76294289623036
highest fitness' coverage:   43.50429379346343
highest fitness' collisions: 0.17413508972330707
new generation:  2247
Fittest                      41.77548054117127
highest fitness' coverage:   43.51683143840434
highest fitness' collisions: 0.174135089723307
new generation:  2248
Fittest                      41.803335031310844
highest fitness' coverage:   43.54468592854391
highest fitness' collisions: 0.1741350897233068
new generation:  2249
Fittest                      41.751082673217624
highest fitness' coverage:   43.4924335704507
highest fitness' collisions: 0.17413508972330724
new generation:  2250
Fittest                      41.75690126607195
highest fitness' coverage:   43.49825216330502
highest fitness' collisions: 0.17413508972330688
new generation:  2251
Fittest                      41.762139294599585
highest fitness' coverage:   43.50435596047253
highest fitness' collisions: 0.17422166658729446
new generation:  2252
Fittest                      41.805293426383486
highest fitness' coverage:   43.54751009225643
highest fitness' collisions: 0.17422166658729446
new generation:  2253
Fittest                      41.811847410097286
highest fitness' coverage:   43.55406407597023
highest fitness' collisions: 0.1742216665872944
new generation:  2254
Fittest                      41.77781098896497
highest fitness' coverage:   43.52002765483792
highest fitness' collisions: 0.1742216665872945
new generation:  2255
Fittest                      41.78022518991597
highest fitness' coverage:   43.51682251532186
highest fitness' collisions: 0.17365973254058975
new generation:  2256
Fittest                      41.757004640747226
highest fitness' coverage:   43.49518685934559
highest fitness' collisions: 0.17381822185983575
new generation:  2257
Fittest                      41.781393344835664
highest fitness' coverage:   43.519575563434024
highest fitness' collisions: 0.17381822185983575
new generation:  2258
Fittest                      41.8038870523923
highest fitness' coverage:   43.54206927099066
highest fitness' collisions: 0.1738182218598359
new generation:  2259
Fittest                      41.78200107630556
highest fitness' coverage:   43.52018329490392
highest fitness' collisions: 0.17381822185983586
new generation:  2260
Fittest                      41.76338664386582
highest fitness' coverage:   43.50156886246418
highest fitness' collisions: 0.17381822185983584
new generation:  2261
Fittest                      41.77784354536738
highest fitness' coverage:   43.53533268130735
highest fitness' collisions: 0.17574891359399686
new generation:  2262
Fittest                      41.76266219314352
highest fitness' coverage:   43.52015132908349
highest fitness' collisions: 0.1757489135939969
new generation:  2263
Fittest                      41.74595702811793
highest fitness' coverage:   43.50124626647943
highest fitness' collisions: 0.17552892383614976
new generation:  2264
Fittest                      41.77019216694878
highest fitness' coverage:   43.52023116318898
highest fitness' collisions: 0.1750038996240197
new generation:  2265
Fittest                      41.775849912162364
highest fitness' coverage:   43.525888908402564
highest fitness' collisions: 0.17500389962401972
new generation:  2266
Fittest                      41.77610968685437
highest fitness' coverage:   43.52614868309457
highest fitness' collisions: 0.17500389962401977
new generation:  2267
Fittest                      41.76067557868256
highest fitness' coverage:   43.51071457492276
highest fitness' collisions: 0.17500389962401985
new generation:  2268
Fittest                      41.76175328974186
highest fitness' coverage:   43.52625490303334
highest fitness' collisions: 0.17645016132914826
new generation:  2269
Fittest                      41.753421264883336
highest fitness' coverage:   43.52012277575329
highest fitness' collisions: 0.17667015108699546
new generation:  2270
Fittest                      41.74349825565708
highest fitness' coverage:   43.51019976652704
highest fitness' collisions: 0.17667015108699557
new generation:  2271
Fittest                      41.740822753349356
highest fitness' coverage:   43.507524264219306
highest fitness' collisions: 0.1766701510869953
new generation:  2272
Fittest                      41.774672358412545
highest fitness' coverage:   43.5413738692825
highest fitness' collisions: 0.17667015108699538
new generation:  2273
Fittest                      41.75901797142077
highest fitness' coverage:   43.525719482290725
highest fitness' collisions: 0.1766701510869955
new generation:  2274
Fittest                      41.753257753734275
highest fitness' coverage:   43.52304956003674
highest fitness' collisions: 0.17697918063024679
new generation:  2275
Fittest                      41.750106809181105
highest fitness' coverage:   43.51989861548357
highest fitness' collisions: 0.17697918063024679
new generation:  2276
Fittest                      41.743903483458084
highest fitness' coverage:   43.486070188238834
highest fitness' collisions: 0.17421667047807476
new generation:  2277
Fittest                      41.77154120194407
highest fitness' coverage:   43.51370790672482
highest fitness' collisions: 0.17421667047807474
new generation:  2278
Fittest                      41.78350336927632
highest fitness' coverage:   43.52567007405707
highest fitness' collisions: 0.1742166704780747
new generation:  2279
Fittest                      41.762422924409584
highest fitness' coverage:   43.504589629190335
highest fitness' collisions: 0.17421667047807493
new generation:  2280
Fittest                      41.76722633546864
highest fitness' coverage:   43.498259146546175
highest fitness' collisions: 0.17310328110775297
new generation:  2281
Fittest                      41.786052424297466
highest fitness' coverage:   43.51708523537499
highest fitness' collisions: 0.1731032811077528
new generation:  2282
Fittest                      41.8011473110991
highest fitness' coverage:   43.532180122176634
highest fitness' collisions: 0.17310328110775305
new generation:  2283
Fittest                      41.77880679933153
highest fitness' coverage:   43.51044216999513
highest fitness' collisions: 0.17316353706636028
new generation:  2284
Fittest                      41.783745596328174
highest fitness' coverage:   43.516729929874366
highest fitness' collisions: 0.17329843335461936
new generation:  2285
Fittest                      41.78471595462077
highest fitness' coverage:   43.51712348186634
highest fitness' collisions: 0.17324075272455688
new generation:  2286
Fittest                      41.77218260944085
highest fitness' coverage:   43.50459013668642
highest fitness' collisions: 0.17324075272455694
new generation:  2287
Fittest                      41.774932338881335
highest fitness' coverage:   43.507339866126905
highest fitness' collisions: 0.1732407527245569
new generation:  2288
Fittest                      41.77489064883112
highest fitness' coverage:   43.52615840982615
highest fitness' collisions: 0.17512677609950308
new generation:  2289
Fittest                      41.73754088637876
highest fitness' coverage:   43.479231658891706
highest fitness' collisions: 0.17416907725129432
new generation:  2290
Fittest                      41.778473898368794
highest fitness' coverage:   43.52016467088174
highest fitness' collisions: 0.17416907725129466
new generation:  2291
Fittest                      41.75362333092352
highest fitness' coverage:   43.49531410343646
highest fitness' collisions: 0.1741690772512946
new generation:  2292
Fittest                      41.793796558730655
highest fitness' coverage:   43.5354873312436
highest fitness' collisions: 0.1741690772512947
new generation:  2293
Fittest                      41.771897725066765
highest fitness' coverage:   43.51358849757971
highest fitness' collisions: 0.17416907725129466
new generation:  2294
Fittest                      41.77505189484144
highest fitness' coverage:   43.516742667354386
highest fitness' collisions: 0.17416907725129452
new generation:  2295
Fittest                      41.765873085016416
highest fitness' coverage:   43.50756385752936
highest fitness' collisions: 0.1741690772512944
new generation:  2296
Fittest                      41.79073726611025
highest fitness' coverage:   43.532428038623195
highest fitness' collisions: 0.17416907725129468
new generation:  2297
Fittest                      41.79358455686647
highest fitness' coverage:   43.53527532937942
highest fitness' collisions: 0.17416907725129457
new generation:  2298
Fittest                      41.75013776145687
highest fitness' coverage:   43.491828533969816
highest fitness' collisions: 0.17416907725129444
new generation:  2299
Fittest                      41.77582087334389
highest fitness' coverage:   43.5074513688837
highest fitness' collisions: 0.1731630495539809
new generation:  2300
Fittest                      41.75169328815377
highest fitness' coverage:   43.49174810909319
highest fitness' collisions: 0.17400548209394173
new generation:  2301
Fittest                      41.799037859746214
highest fitness' coverage:   43.539092680685634
highest fitness' collisions: 0.17400548209394182
new generation:  2302
Fittest                      41.795359167655135
highest fitness' coverage:   43.53541398859455
highest fitness' collisions: 0.17400548209394145
new generation:  2303
Fittest                      41.801969717606035
highest fitness' coverage:   43.542024538545455
highest fitness' collisions: 0.17400548209394184
new generation:  2304
Fittest                      41.78289287528862
highest fitness' coverage:   43.52313824229983
highest fitness' collisions: 0.17402453670112153
new generation:  2305
Fittest                      41.788673069736426
highest fitness' coverage:   43.52891843674764
highest fitness' collisions: 0.17402453670112153
new generation:  2306
Fittest                      41.767430296990256
highest fitness' coverage:   43.50767566400147
highest fitness' collisions: 0.17402453670112145
new generation:  2307
Fittest                      41.81701526458443
highest fitness' coverage:   43.55726063159564
highest fitness' collisions: 0.17402453670112158
new generation:  2308
Fittest                      41.783312643364354
highest fitness' coverage:   43.52355801037557
highest fitness' collisions: 0.17402453670112153
new generation:  2309
Fittest                      41.779643127302386
highest fitness' coverage:   43.5198884943136
highest fitness' collisions: 0.1740245367011214
new generation:  2310
Fittest                      41.768953531939246
highest fitness' coverage:   43.54192827116675
highest fitness' collisions: 0.17729747392275058
new generation:  2311
Fittest                      41.76274499378812
highest fitness' coverage:   43.535719733015625
highest fitness' collisions: 0.17729747392275036
new generation:  2312
Fittest                      41.73440835783782
highest fitness' coverage:   43.50738309706532
highest fitness' collisions: 0.17729747392275033
new generation:  2313
Fittest                      41.75589127826951
highest fitness' coverage:   43.52925163509956
highest fitness' collisions: 0.17733603568300535
new generation:  2314
Fittest                      41.73055456928515
highest fitness' coverage:   43.5039149261152
highest fitness' collisions: 0.1773360356830052
new generation:  2315
Fittest                      41.740239434105106
highest fitness' coverage:   43.51359979093516
highest fitness' collisions: 0.1773360356830053
new generation:  2316
Fittest                      41.771749746954306
highest fitness' coverage:   43.54511010378436
highest fitness' collisions: 0.17733603568300535
new generation:  2317
Fittest                      41.755837947476905
highest fitness' coverage:   43.52919830430696
highest fitness' collisions: 0.17733603568300524
new generation:  2318
Fittest                      41.74705575668051
highest fitness' coverage:   43.52911008271859
highest fitness' collisions: 0.17820543260380772
new generation:  2319
Fittest                      41.718389162414994
highest fitness' coverage:   43.50411184878887
highest fitness' collisions: 0.17857226863738754
new generation:  2320
Fittest                      41.753000782393386
highest fitness' coverage:   43.53872346876726
highest fitness' collisions: 0.17857226863738757
new generation:  2321
Fittest                      41.730931595152015
highest fitness' coverage:   43.516654281525895
highest fitness' collisions: 0.1785722686373878
new generation:  2322
Fittest                      41.70787708975831
highest fitness' coverage:   43.48899892572912
highest fitness' collisions: 0.17811218359708061
new generation:  2323
Fittest                      41.74162693396145
highest fitness' coverage:   43.52274876993226
highest fitness' collisions: 0.1781121835970806
new generation:  2324
Fittest                      41.75661357000156
highest fitness' coverage:   43.503873908232116
highest fitness' collisions: 0.17472603382305552
new generation:  2325
Fittest                      41.8034601955948
highest fitness' coverage:   43.550720533825356
highest fitness' collisions: 0.1747260338230553
new generation:  2326
Fittest                      41.763762584189514
highest fitness' coverage:   43.51102292242007
highest fitness' collisions: 0.17472603382305535
new generation:  2327
Fittest                      41.742503636913526
highest fitness' coverage:   43.49840863554381
highest fitness' collisions: 0.1755904998630285
new generation:  2328
Fittest                      41.76329218186191
highest fitness' coverage:   43.51999926630976
highest fitness' collisions: 0.17567070844478536
new generation:  2329
Fittest                      41.76031038534429
highest fitness' coverage:   43.517017469792144
highest fitness' collisions: 0.17567070844478555
new generation:  2330
Fittest                      41.79406961321646
highest fitness' coverage:   43.55077669766431
highest fitness' collisions: 0.17567070844478552
new generation:  2331
Fittest                      41.74457602182314
highest fitness' coverage:   43.501283106270996
highest fitness' collisions: 0.17567070844478536
new generation:  2332
Fittest                      41.78104757305941
highest fitness' coverage:   43.53556689588331
highest fitness' collisions: 0.1754519322823905
new generation:  2333
Fittest                      41.72543289700624
highest fitness' coverage:   43.479952219830146
highest fitness' collisions: 0.17545193228239056
new generation:  2334
Fittest                      41.76398996692184
highest fitness' coverage:   43.50694237800257
highest fitness' collisions: 0.17429524110807323
new generation:  2335
Fittest                      41.76719634945794
highest fitness' coverage:   43.51014876053867
highest fitness' collisions: 0.1742952411080732
new generation:  2336
Fittest                      41.785223078373015
highest fitness' coverage:   43.51637810168318
highest fitness' collisions: 0.17311550233101655
new generation:  2337
Fittest                      41.78472615716803
highest fitness' coverage:   43.52329428289121
highest fitness' collisions: 0.17385681257231747
new generation:  2338
Fittest                      41.7810737233807
highest fitness' coverage:   43.522872445794
highest fitness' collisions: 0.17417987224132972
new generation:  2339
Fittest                      41.78394013666773
highest fitness' coverage:   43.52573885908103
highest fitness' collisions: 0.17417987224132983
new generation:  2340
Fittest                      41.79349556031926
highest fitness' coverage:   43.53529428273256
highest fitness' collisions: 0.17417987224132978
new generation:  2341
Fittest                      41.78420075526677
highest fitness' coverage:   43.52616930204531
highest fitness' collisions: 0.17419685467785434
new generation:  2342
Fittest                      41.76553817078012
highest fitness' coverage:   43.50750671755866
highest fitness' collisions: 0.17419685467785434
new generation:  2343
Fittest                      41.77482457711494
highest fitness' coverage:   43.516793123893486
highest fitness' collisions: 0.17419685467785453
new generation:  2344
Fittest                      41.79342645458629
highest fitness' coverage:   43.53539500136483
highest fitness' collisions: 0.1741968546778545
new generation:  2345
Fittest                      41.78108365353634
highest fitness' coverage:   43.523052200314886
highest fitness' collisions: 0.1741968546778545
new generation:  2346
Fittest                      41.775030852165386
highest fitness' coverage:   43.51699939894393
highest fitness' collisions: 0.17419685467785448
new generation:  2347
Fittest                      41.77673685716146
highest fitness' coverage:   43.501208002784544
highest fitness' collisions: 0.17244711456230877
new generation:  2348
Fittest                      41.78302985331985
highest fitness' coverage:   43.507500998942945
highest fitness' collisions: 0.17244711456230893
new generation:  2349
Fittest                      41.79864743821884
highest fitness' coverage:   43.523118583841935
highest fitness' collisions: 0.17244711456230885
new generation:  2350
Fittest                      41.77978189536924
highest fitness' coverage:   43.50425304099233
highest fitness' collisions: 0.17244711456230882
new generation:  2351
Fittest                      41.78867533451461
highest fitness' coverage:   43.51314648013769
highest fitness' collisions: 0.17244711456230874
new generation:  2352
Fittest                      41.798929155926125
highest fitness' coverage:   43.52340030154921
highest fitness' collisions: 0.17244711456230857
new generation:  2353
Fittest                      41.814271388209136
highest fitness' coverage:   43.53874253383222
highest fitness' collisions: 0.1724471145623088
new generation:  2354
Fittest                      41.790625801757
highest fitness' coverage:   43.53025067001494
highest fitness' collisions: 0.17396248682579304
new generation:  2355
Fittest                      41.76590764411073
highest fitness' coverage:   43.50533298613717
highest fitness' collisions: 0.1739425342026437
new generation:  2356
Fittest                      41.76923747506506
highest fitness' coverage:   43.5086628170915
highest fitness' collisions: 0.17394253420264338
new generation:  2357
Fittest                      41.78471798946849
highest fitness' coverage:   43.48945813155969
highest fitness' collisions: 0.17047401420911934
new generation:  2358
Fittest                      41.79404717315922
highest fitness' coverage:   43.49878731525042
highest fitness' collisions: 0.1704740142091194
new generation:  2359
Fittest                      41.81572902733801
highest fitness' coverage:   43.520469169429205
highest fitness' collisions: 0.17047401420911934
new generation:  2360
Fittest                      41.785188414763454
highest fitness' coverage:   43.48992855685464
highest fitness' collisions: 0.1704740142091192
new generation:  2361
Fittest                      41.816624666132526
highest fitness' coverage:   43.52112506373134
highest fitness' collisions: 0.17045003975988124
new generation:  2362
Fittest                      41.810069498060436
highest fitness' coverage:   43.51456989565925
highest fitness' collisions: 0.17045003975988127
new generation:  2363
Fittest                      41.78604166875576
highest fitness' coverage:   43.496165479606475
highest fitness' collisions: 0.17101238108507166
new generation:  2364
Fittest                      41.8199446013573
highest fitness' coverage:   43.53006841220802
highest fitness' collisions: 0.1710123810850716
new generation:  2365
Fittest                      41.78908560099928
highest fitness' coverage:   43.499209411849996
highest fitness' collisions: 0.17101238108507177
new generation:  2366
Fittest                      41.78292514227921
highest fitness' coverage:   43.49304895312993
highest fitness' collisions: 0.1710123810850717
new generation:  2367
Fittest                      41.812698213249774
highest fitness' coverage:   43.53626081213315
highest fitness' collisions: 0.17235625988833786
new generation:  2368
Fittest                      41.77596524984977
highest fitness' coverage:   43.49952784873315
highest fitness' collisions: 0.17235625988833805
new generation:  2369
Fittest                      41.756769056932164
highest fitness' coverage:   43.48033165581554
highest fitness' collisions: 0.17235625988833772
new generation:  2370
Fittest                      41.784725299901645
highest fitness' coverage:   43.50828789878502
highest fitness' collisions: 0.1723562598883379
new generation:  2371
Fittest                      41.787814183881494
highest fitness' coverage:   43.51137678276488
highest fitness' collisions: 0.17235625988833797
new generation:  2372
Fittest                      41.781555470693036
highest fitness' coverage:   43.50511806957641
highest fitness' collisions: 0.17235625988833791
new generation:  2373
Fittest                      41.76892789925438
highest fitness' coverage:   43.492490498137755
highest fitness' collisions: 0.17235625988833794
new generation:  2374
Fittest                      41.79150078973384
highest fitness' coverage:   43.51450104729203
highest fitness' collisions: 0.17230002575581888
new generation:  2375
Fittest                      41.77917387406996
highest fitness' coverage:   43.50217413162815
highest fitness' collisions: 0.1723000257558189
new generation:  2376
Fittest                      41.81667929232971
highest fitness' coverage:   43.5396795498879
highest fitness' collisions: 0.1723000257558191
new generation:  2377
Fittest                      41.77010290608534
highest fitness' coverage:   43.49310316364353
highest fitness' collisions: 0.17230002575581896
new generation:  2378
Fittest                      41.779015114102066
highest fitness' coverage:   43.50201537166026
highest fitness' collisions: 0.17230002575581882
new generation:  2379
Fittest                      41.79388481011577
highest fitness' coverage:   43.4538711536253
highest fitness' collisions: 0.1659986343509531
new generation:  2380
Fittest                      41.85204005685758
highest fitness' coverage:   43.51202640036711
highest fitness' collisions: 0.16599863435095313
new generation:  2381
Fittest                      41.83323955243281
highest fitness' coverage:   43.49322589594234
highest fitness' collisions: 0.165998634350953
new generation:  2382
Fittest                      41.845472343086726
highest fitness' coverage:   43.49951904557834
highest fitness' collisions: 0.1654046702491612
new generation:  2383
Fittest                      41.8633380718971
highest fitness' coverage:   43.518506792843006
highest fitness' collisions: 0.1655168720945912
new generation:  2384
Fittest                      41.85074410061643
highest fitness' coverage:   43.50591282156235
highest fitness' collisions: 0.16551687209459137
new generation:  2385
Fittest                      41.85678370489056
highest fitness' coverage:   43.51195242583647
highest fitness' collisions: 0.16551687209459123
new generation:  2386
Fittest                      41.8479152441215
highest fitness' coverage:   43.50308396506742
highest fitness' collisions: 0.1655168720945914
new generation:  2387
Fittest                      41.85732340669204
highest fitness' coverage:   43.51249212763795
highest fitness' collisions: 0.1655168720945912
new generation:  2388
Fittest                      41.83229943977223
highest fitness' coverage:   43.48746816071814
highest fitness' collisions: 0.16551687209459118
new generation:  2389
Fittest                      41.844769107643494
highest fitness' coverage:   43.49993782858941
highest fitness' collisions: 0.16551687209459146
new generation:  2390
Fittest                      41.86926847900271
highest fitness' coverage:   43.52443719994862
highest fitness' collisions: 0.16551687209459118
new generation:  2391
Fittest                      41.83376156087476
highest fitness' coverage:   43.4873294592442
highest fitness' collisions: 0.16535678983694418
new generation:  2392
Fittest                      41.85861974960824
highest fitness' coverage:   43.51218764797768
highest fitness' collisions: 0.16535678983694438
new generation:  2393
Fittest                      41.840549528449145
highest fitness' coverage:   43.49411742681859
highest fitness' collisions: 0.16535678983694427
new generation:  2394
Fittest                      41.84317338489868
highest fitness' coverage:   43.49674128326812
highest fitness' collisions: 0.16535678983694418
new generation:  2395
Fittest                      41.82809109657195
highest fitness' coverage:   43.48165899494139
highest fitness' collisions: 0.16535678983694388
new generation:  2396
Fittest                      41.837334312299596
highest fitness' coverage:   43.49090221066904
highest fitness' collisions: 0.1653567898369443
new generation:  2397
Fittest                      41.8371783015931
highest fitness' coverage:   43.51737344139674
highest fitness' collisions: 0.1680195139803643
new generation:  2398
Fittest                      41.85246430658987
highest fitness' coverage:   43.53265944639352
highest fitness' collisions: 0.16801951398036422
new generation:  2399
Fittest                      41.85045465453889
highest fitness' coverage:   43.520461050054806
highest fitness' collisions: 0.1670006395515912
new generation:  2400
Fittest                      41.860024576045824
highest fitness' coverage:   43.530030971561736
highest fitness' collisions: 0.16700063955159147
new generation:  2401
Fittest                      41.887742117220455
highest fitness' coverage:   43.549103852336636
highest fitness' collisions: 0.16613617351161838
new generation:  2402
Fittest                      41.88110203522327
highest fitness' coverage:   43.54246377033945
highest fitness' collisions: 0.16613617351161825
new generation:  2403
Fittest                      41.85878466604355
highest fitness' coverage:   43.52014640115973
highest fitness' collisions: 0.1661361735116184
new generation:  2404
Fittest                      41.86166423076315
highest fitness' coverage:   43.52392655042708
highest fitness' collisions: 0.16622623196639308
new generation:  2405
Fittest                      41.890299181955
highest fitness' coverage:   43.55293303684803
highest fitness' collisions: 0.16626338548930272
new generation:  2406
Fittest                      41.90422865225497
highest fitness' coverage:   43.56821147003059
highest fitness' collisions: 0.16639828177756186
new generation:  2407
Fittest                      41.90413057126084
highest fitness' coverage:   43.56811338903646
highest fitness' collisions: 0.1663982817775619
new generation:  2408
Fittest                      41.89220940466091
highest fitness' coverage:   43.55619222243653
highest fitness' collisions: 0.16639828177756194
new generation:  2409
Fittest                      41.897761838813096
highest fitness' coverage:   43.561744656588715
highest fitness' collisions: 0.16639828177756188
new generation:  2410
Fittest                      41.8922334734954
highest fitness' coverage:   43.55621629127102
highest fitness' collisions: 0.16639828177756202
new generation:  2411
Fittest                      41.89475194506674
highest fitness' coverage:   43.558734762842356
highest fitness' collisions: 0.1663982817775619
new generation:  2412
Fittest                      41.86684095710951
highest fitness' coverage:   43.53082377488513
highest fitness' collisions: 0.16639828177756194
new generation:  2413
Fittest                      41.86455124793562
highest fitness' coverage:   43.52853406571124
highest fitness' collisions: 0.16639828177756183
new generation:  2414
Fittest                      41.866999474396664
highest fitness' coverage:   43.53098229217228
highest fitness' collisions: 0.16639828177756188
new generation:  2415
Fittest                      41.8928745492266
highest fitness' coverage:   43.556857367002216
highest fitness' collisions: 0.16639828177756197
new generation:  2416
Fittest                      41.88664956967112
highest fitness' coverage:   43.55063238744674
highest fitness' collisions: 0.16639828177756194
new generation:  2417
Fittest                      41.87815941847782
highest fitness' coverage:   43.54214223625344
highest fitness' collisions: 0.16639828177756183
new generation:  2418
Fittest                      41.860549136574974
highest fitness' coverage:   43.52611684754305
highest fitness' collisions: 0.16655677109680803
new generation:  2419
Fittest                      41.89452014822918
highest fitness' coverage:   43.56008785919726
highest fitness' collisions: 0.16655677109680808
new generation:  2420
Fittest                      41.8633892736475
highest fitness' coverage:   43.528956984615576
highest fitness' collisions: 0.16655677109680794
new generation:  2421
Fittest                      41.867201940619985
highest fitness' coverage:   43.53276965158807
highest fitness' collisions: 0.16655677109680805
new generation:  2422
Fittest                      41.86681978281434
highest fitness' coverage:   43.532387493782416
highest fitness' collisions: 0.16655677109680792
new generation:  2423
Fittest                      41.900833630825524
highest fitness' coverage:   43.56640134179361
highest fitness' collisions: 0.16655677109680805
new generation:  2424
Fittest                      41.87317081655289
highest fitness' coverage:   43.53873852752097
highest fitness' collisions: 0.16655677109680797
new generation:  2425
Fittest                      41.87918943916049
highest fitness' coverage:   43.544757150128575
highest fitness' collisions: 0.16655677109680808
new generation:  2426
Fittest                      41.87564171686979
highest fitness' coverage:   43.54120942783787
highest fitness' collisions: 0.16655677109680805
new generation:  2427
Fittest                      41.860297803161984
highest fitness' coverage:   43.522775218697554
highest fitness' collisions: 0.16624774155355684
new generation:  2428
Fittest                      41.87259965540457
highest fitness' coverage:   43.53507707094014
highest fitness' collisions: 0.1662477415535569
new generation:  2429
Fittest                      41.894349808574056
highest fitness' coverage:   43.556827224109625
highest fitness' collisions: 0.16624774155355673
new generation:  2430
Fittest                      41.88562108631808
highest fitness' coverage:   43.554555044143996
highest fitness' collisions: 0.1668933957825913
new generation:  2431
Fittest                      41.87925843891927
highest fitness' coverage:   43.548192396745186
highest fitness' collisions: 0.16689339578259133
new generation:  2432
Fittest                      41.87230859452626
highest fitness' coverage:   43.54124255235217
highest fitness' collisions: 0.1668933957825913
new generation:  2433
Fittest                      41.91616226446611
highest fitness' coverage:   43.58509622229202
highest fitness' collisions: 0.16689339578259127
new generation:  2434
Fittest                      41.8758088384401
highest fitness' coverage:   43.544742796266014
highest fitness' collisions: 0.1668933957825914
new generation:  2435
Fittest                      41.876428652797244
highest fitness' coverage:   43.54536261062316
highest fitness' collisions: 0.1668933957825914
new generation:  2436
Fittest                      41.86166188234488
highest fitness' coverage:   43.52915040040005
highest fitness' collisions: 0.16674885180551677
new generation:  2437
Fittest                      41.8702977394711
highest fitness' coverage:   43.537786257526264
highest fitness' collisions: 0.16674885180551685
new generation:  2438
Fittest                      41.858003473297664
highest fitness' coverage:   43.525596704207636
highest fitness' collisions: 0.16675932309099722
new generation:  2439
Fittest                      41.8552438808463
highest fitness' coverage:   43.522837111756274
highest fitness' collisions: 0.16675932309099728
new generation:  2440
Fittest                      41.86780135438283
highest fitness' coverage:   43.5353945852928
highest fitness' collisions: 0.16675932309099736
new generation:  2441
Fittest                      41.864819596310305
highest fitness' coverage:   43.53241282722028
highest fitness' collisions: 0.16675932309099717
new generation:  2442
Fittest                      41.90801344939661
highest fitness' coverage:   43.575606680306585
highest fitness' collisions: 0.1667593230909972
new generation:  2443
Fittest                      41.87423740229199
highest fitness' coverage:   43.54183063320196
highest fitness' collisions: 0.16675932309099717
new generation:  2444
Fittest                      41.89255984763542
highest fitness' coverage:   43.56015307854539
highest fitness' collisions: 0.16675932309099703
new generation:  2445
Fittest                      41.90293297499177
highest fitness' coverage:   43.56940418744744
highest fitness' collisions: 0.16664712124556696
new generation:  2446
Fittest                      41.88336005251684
highest fitness' coverage:   43.55365595101541
highest fitness' collisions: 0.16702958984985672
new generation:  2447
Fittest                      41.89043044062804
highest fitness' coverage:   43.5607263391266
highest fitness' collisions: 0.16702958984985672
new generation:  2448
Fittest                      41.87469022903368
highest fitness' coverage:   43.54498612753225
highest fitness' collisions: 0.16702958984985652
new generation:  2449
Fittest                      41.88282402603288
highest fitness' coverage:   43.56660955335736
highest fitness' collisions: 0.16837855273244845
new generation:  2450
Fittest                      41.87033946439737
highest fitness' coverage:   43.55412499172185
highest fitness' collisions: 0.16837855273244817
new generation:  2451
Fittest                      41.89859243445831
highest fitness' coverage:   43.58237796178279
highest fitness' collisions: 0.16837855273244845
new generation:  2452
Fittest                      41.87671777217365
highest fitness' coverage:   43.56050329949813
highest fitness' collisions: 0.16837855273244823
new generation:  2453
Fittest                      41.87047449798858
highest fitness' coverage:   43.55426002531306
highest fitness' collisions: 0.16837855273244828
new generation:  2454
Fittest                      41.873732080142084
highest fitness' coverage:   43.557517607466565
highest fitness' collisions: 0.16837855273244828
new generation:  2455
Fittest                      41.85795199089244
highest fitness' coverage:   43.54173751821692
highest fitness' collisions: 0.16837855273244826
new generation:  2456
Fittest                      41.87399637262595
highest fitness' coverage:   43.557781899950434
highest fitness' collisions: 0.16837855273244828
new generation:  2457
Fittest                      41.877375805465974
highest fitness' coverage:   43.56340005392902
highest fitness' collisions: 0.16860242484630517
new generation:  2458
Fittest                      41.87152298478052
highest fitness' coverage:   43.557547233243575
highest fitness' collisions: 0.16860242484630528
new generation:  2459
Fittest                      41.86198503338258
highest fitness' coverage:   43.54800928184564
highest fitness' collisions: 0.16860242484630525
new generation:  2460
Fittest                      41.88987825958115
highest fitness' coverage:   43.5759025080442
highest fitness' collisions: 0.16860242484630508
new generation:  2461
Fittest                      41.881064820975276
highest fitness' coverage:   43.567089069438325
highest fitness' collisions: 0.16860242484630505
new generation:  2462
Fittest                      41.87197424732186
highest fitness' coverage:   43.55799849578491
highest fitness' collisions: 0.16860242484630525
new generation:  2463
Fittest                      41.90223543546278
highest fitness' coverage:   43.58825968392583
highest fitness' collisions: 0.16860242484630522
new generation:  2464
Fittest                      41.87551325561253
highest fitness' coverage:   43.56637957372448
highest fitness' collisions: 0.16908663181119477
new generation:  2465
Fittest                      41.87864149834156
highest fitness' coverage:   43.56950781645351
highest fitness' collisions: 0.16908663181119488
new generation:  2466
Fittest                      41.86928628170345
highest fitness' coverage:   43.5601525998154
highest fitness' collisions: 0.1690866318111948
new generation:  2467
Fittest                      41.87345216933164
highest fitness' coverage:   43.56949442400505
highest fitness' collisions: 0.1696042254673408
new generation:  2468
Fittest                      41.86725090053621
highest fitness' coverage:   43.56329315520962
highest fitness' collisions: 0.1696042254673405
new generation:  2469
Fittest                      41.88284408787723
highest fitness' coverage:   43.57888634255064
highest fitness' collisions: 0.1696042254673406
new generation:  2470
Fittest                      41.86437996156802
highest fitness' coverage:   43.56023167016963
highest fitness' collisions: 0.16958517086016112
new generation:  2471
Fittest                      41.848757508785845
highest fitness' coverage:   43.54460921738745
highest fitness' collisions: 0.16958517086016114
new generation:  2472
Fittest                      41.864705329581696
highest fitness' coverage:   43.560557038183305
highest fitness' collisions: 0.16958517086016098
new generation:  2473
Fittest                      41.84568917530666
highest fitness' coverage:   43.54154088390827
highest fitness' collisions: 0.16958517086016098
new generation:  2474
Fittest                      41.85464360317867
highest fitness' coverage:   43.55049531178028
highest fitness' collisions: 0.16958517086016092
new generation:  2475
Fittest                      41.846147562698356
highest fitness' coverage:   43.541999271299964
highest fitness' collisions: 0.16958517086016106
new generation:  2476
Fittest                      41.855312625870305
highest fitness' coverage:   43.55678367493896
highest fitness' collisions: 0.17014710490686571
new generation:  2477
Fittest                      41.87154619780363
highest fitness' coverage:   43.57301724687229
highest fitness' collisions: 0.17014710490686583
new generation:  2478
Fittest                      41.85609491655915
highest fitness' coverage:   43.55756596562781
highest fitness' collisions: 0.1701471049068658
new generation:  2479
Fittest                      41.849233746634546
highest fitness' coverage:   43.550704795703204
highest fitness' collisions: 0.17014710490686574
new generation:  2480
Fittest                      41.89312111840388
highest fitness' coverage:   43.59459216747254
highest fitness' collisions: 0.17014710490686588
new generation:  2481
Fittest                      41.883726270995574
highest fitness' coverage:   43.58519732006423
highest fitness' collisions: 0.17014710490686577
new generation:  2482
Fittest                      41.855286399372815
highest fitness' coverage:   43.54861671532346
highest fitness' collisions: 0.16933303159506496
new generation:  2483
Fittest                      41.87660051542015
highest fitness' coverage:   43.569930831370804
highest fitness' collisions: 0.16933303159506521
new generation:  2484
Fittest                      41.87962229461455
highest fitness' coverage:   43.5729526105652
highest fitness' collisions: 0.16933303159506524
new generation:  2485
Fittest                      41.885530349685254
highest fitness' coverage:   43.5788606656359
highest fitness' collisions: 0.16933303159506502
new generation:  2486
Fittest                      41.86686799328122
highest fitness' coverage:   43.560198309231865
highest fitness' collisions: 0.16933303159506502
new generation:  2487
Fittest                      41.879096846508745
highest fitness' coverage:   43.5724271624594
highest fitness' collisions: 0.16933303159506505
new generation:  2488
Fittest                      41.868846788409314
highest fitness' coverage:   43.579276156004276
highest fitness' collisions: 0.1710429367594962
new generation:  2489
Fittest                      41.85468719337896
highest fitness' coverage:   43.569551607719085
highest fitness' collisions: 0.17148644143401257
new generation:  2490
Fittest                      41.84443579759988
highest fitness' coverage:   43.56639332655417
highest fitness' collisions: 0.17219575289542913
new generation:  2491
Fittest                      41.84470518111934
highest fitness' coverage:   43.56666271007363
highest fitness' collisions: 0.17219575289542915
new generation:  2492
Fittest                      41.82597047266408
highest fitness' coverage:   43.547928001618374
highest fitness' collisions: 0.17219575289542907
new generation:  2493
Fittest                      41.823397501828595
highest fitness' coverage:   43.545355030782886
highest fitness' collisions: 0.1721957528954291
new generation:  2494
Fittest                      41.85431204584907
highest fitness' coverage:   43.57626957480336
highest fitness' collisions: 0.1721957528954292
new generation:  2495
Fittest                      41.87575666881252
highest fitness' coverage:   43.59771419776681
highest fitness' collisions: 0.17219575289542918
new generation:  2496
Fittest                      41.85388859506616
highest fitness' coverage:   43.57584612402045
highest fitness' collisions: 0.1721957528954292
new generation:  2497
Fittest                      41.82319637154869
highest fitness' coverage:   43.53839307074906
highest fitness' collisions: 0.17151966992003717
new generation:  2498
Fittest                      41.83549030923143
highest fitness' coverage:   43.5506870084318
highest fitness' collisions: 0.17151966992003712
new generation:  2499
Fittest                      41.84207215517964
highest fitness' coverage:   43.55726885438002
highest fitness' collisions: 0.17151966992003734
new generation:  2500
Fittest                      41.839045189469246
highest fitness' coverage:   43.554241888669615
highest fitness' collisions: 0.17151966992003723
new generation:  2501
Fittest                      41.84239263275016
highest fitness' coverage:   43.55672356331066
highest fitness' collisions: 0.17143309305604967
new generation:  2502
Fittest                      41.85847471225351
highest fitness' coverage:   43.57280564281401
highest fitness' collisions: 0.1714330930560497
new generation:  2503
Fittest                      41.836776401832346
highest fitness' coverage:   43.551107332392846
highest fitness' collisions: 0.1714330930560497
new generation:  2504
Fittest                      41.848952740116914
highest fitness' coverage:   43.563283670677414
highest fitness' collisions: 0.17143309305604965
new generation:  2505
Fittest                      41.870659893450465
highest fitness' coverage:   43.584990824010966
highest fitness' collisions: 0.17143309305604976
new generation:  2506
Fittest                      41.839177771771084
highest fitness' coverage:   43.553508702331584
highest fitness' collisions: 0.17143309305604976
new generation:  2507
Fittest                      41.83965173264143
highest fitness' coverage:   43.55398266320192
highest fitness' collisions: 0.17143309305604962
new generation:  2508
Fittest                      41.86160429542825
highest fitness' coverage:   43.57593522598875
highest fitness' collisions: 0.1714330930560497
new generation:  2509
Fittest                      41.84603847344345
highest fitness' coverage:   43.56036940400395
highest fitness' collisions: 0.17143309305604978
new generation:  2510
Fittest                      41.85888819086257
highest fitness' coverage:   43.573219121423065
highest fitness' collisions: 0.1714330930560496
new generation:  2511
Fittest                      41.84252867230705
highest fitness' coverage:   43.54128878765057
highest fitness' collisions: 0.1698760115343523
new generation:  2512
Fittest                      41.87367701486595
highest fitness' coverage:   43.57243713020947
highest fitness' collisions: 0.1698760115343522
new generation:  2513
Fittest                      41.86170012163559
highest fitness' coverage:   43.56035552412431
highest fitness' collisions: 0.1698655402488718
new generation:  2514
Fittest                      41.86809966433877
highest fitness' coverage:   43.56675506682749
highest fitness' collisions: 0.16986554024887177
new generation:  2515
Fittest                      41.86090836968393
highest fitness' coverage:   43.55956377217265
highest fitness' collisions: 0.16986554024887174
new generation:  2516
Fittest                      41.86753311267659
highest fitness' coverage:   43.56618851516531
highest fitness' collisions: 0.16986554024887174
new generation:  2517
Fittest                      41.842877245771206
highest fitness' coverage:   43.541532648259924
highest fitness' collisions: 0.16986554024887182
new generation:  2518
Fittest                      41.87437761267836
highest fitness' coverage:   43.57303301516708
highest fitness' collisions: 0.16986554024887185
new generation:  2519
Fittest                      41.861774039379185
highest fitness' coverage:   43.5604294418679
highest fitness' collisions: 0.16986554024887177
new generation:  2520
Fittest                      41.85183791320371
highest fitness' coverage:   43.55049331569243
highest fitness' collisions: 0.169865540248872
new generation:  2521
Fittest                      41.8400606833856
highest fitness' coverage:   43.53871608587432
highest fitness' collisions: 0.16986554024887185
new generation:  2522
Fittest                      41.86441589619901
highest fitness' coverage:   43.56307129868773
highest fitness' collisions: 0.16986554024887193
new generation:  2523
Fittest                      41.85887465660394
highest fitness' coverage:   43.557530059092656
highest fitness' collisions: 0.1698655402488718
new generation:  2524
Fittest                      41.85818812014328
highest fitness' coverage:   43.556843522632
highest fitness' collisions: 0.16986554024887207
new generation:  2525
Fittest                      41.849092980611914
highest fitness' coverage:   43.54774838310063
highest fitness' collisions: 0.1698655402488717
new generation:  2526
Fittest                      41.866688697010424
highest fitness' coverage:   43.563105378360575
highest fitness' collisions: 0.16964166813501486
new generation:  2527
Fittest                      41.894750579887884
highest fitness' coverage:   43.591167261238034
highest fitness' collisions: 0.169641668135015
new generation:  2528
Fittest                      41.86713039979488
highest fitness' coverage:   43.56354708114503
highest fitness' collisions: 0.169641668135015
new generation:  2529
Fittest                      41.86479565158833
highest fitness' coverage:   43.547722704112566
highest fitness' collisions: 0.1682927052524234
new generation:  2530
Fittest                      41.86679493507444
highest fitness' coverage:   43.554272575187156
highest fitness' collisions: 0.1687477640112717
new generation:  2531
Fittest                      41.86407030131487
highest fitness' coverage:   43.551547941427586
highest fitness' collisions: 0.16874776401127178
new generation:  2532
Fittest                      41.85947141921944
highest fitness' coverage:   43.54758001667663
highest fitness' collisions: 0.16881085974571977
new generation:  2533
Fittest                      41.84739723534633
highest fitness' coverage:   43.53550583280353
highest fitness' collisions: 0.1688108597457199
new generation:  2534
Fittest                      41.871606165800316
highest fitness' coverage:   43.55971476325752
highest fitness' collisions: 0.16881085974571988
new generation:  2535
Fittest                      41.86244038206785
highest fitness' coverage:   43.55054897952505
highest fitness' collisions: 0.16881085974571974
new generation:  2536
Fittest                      41.86889367788371
highest fitness' coverage:   43.557002275340906
highest fitness' collisions: 0.16881085974571974
new generation:  2537
Fittest                      41.86442934957569
highest fitness' coverage:   43.55095305384042
highest fitness' collisions: 0.16865237042647346
new generation:  2538
Fittest                      41.87365403648569
highest fitness' coverage:   43.560177740750426
highest fitness' collisions: 0.1686523704264736
new generation:  2539
Fittest                      41.87018549978622
highest fitness' coverage:   43.556709204050954
highest fitness' collisions: 0.1686523704264737
new generation:  2540
Fittest                      41.8461052608223
highest fitness' coverage:   43.532628965087035
highest fitness' collisions: 0.16865237042647363
new generation:  2541
Fittest                      41.85781162369084
highest fitness' coverage:   43.54433532795558
highest fitness' collisions: 0.16865237042647374
new generation:  2542
Fittest                      41.87983645254648
highest fitness' coverage:   43.566360156811214
highest fitness' collisions: 0.16865237042647377
new generation:  2543
Fittest                      41.8864968521636
highest fitness' coverage:   43.550815325843026
highest fitness' collisions: 0.16643184736794198
new generation:  2544
Fittest                      41.88405438440439
highest fitness' coverage:   43.548372858083816
highest fitness' collisions: 0.16643184736794198
new generation:  2545
Fittest                      41.88352295792617
highest fitness' coverage:   43.54784143160559
highest fitness' collisions: 0.166431847367942
new generation:  2546
Fittest                      41.87377731964722
highest fitness' coverage:   43.53809579332664
highest fitness' collisions: 0.16643184736794198
new generation:  2547
Fittest                      41.88260490153395
highest fitness' coverage:   43.51117955264761
highest fitness' collisions: 0.16285746511136565
new generation:  2548
Fittest                      41.8952708493868
highest fitness' coverage:   43.52384550050046
highest fitness' collisions: 0.16285746511136587
new generation:  2549
Fittest                      41.89440481792437
highest fitness' coverage:   43.517356849641075
highest fitness' collisions: 0.16229520317167045
new generation:  2550
Fittest                      41.90054426034091
highest fitness' coverage:   43.523496292057615
highest fitness' collisions: 0.16229520317167048
new generation:  2551
Fittest                      41.89740059141383
highest fitness' coverage:   43.520352623130535
highest fitness' collisions: 0.16229520317167045
new generation:  2552
Fittest                      41.91290630322572
highest fitness' coverage:   43.535858334942425
highest fitness' collisions: 0.16229520317167043
new generation:  2553
Fittest                      41.89117999873466
highest fitness' coverage:   43.514132030451364
highest fitness' collisions: 0.1622952031716704
new generation:  2554
Fittest                      41.90991669608523
highest fitness' coverage:   43.53286872780194
highest fitness' collisions: 0.16229520317167068
new generation:  2555
Fittest                      41.902554523973
highest fitness' coverage:   43.52987171401211
highest fitness' collisions: 0.16273171900391056
new generation:  2556
Fittest                      41.905688388870516
highest fitness' coverage:   43.5297749822195
highest fitness' collisions: 0.16240865933489843
new generation:  2557
Fittest                      41.89360378088387
highest fitness' coverage:   43.517690374232856
highest fitness' collisions: 0.16240865933489812
new generation:  2558
Fittest                      41.89041777996611
highest fitness' coverage:   43.51450437331509
highest fitness' collisions: 0.1624086593348983
new generation:  2559
Fittest                      41.91489883627535
highest fitness' coverage:   43.53898542962433
highest fitness' collisions: 0.16240865933489837
new generation:  2560
Fittest                      41.89968499379554
highest fitness' coverage:   43.52377158714452
highest fitness' collisions: 0.16240865933489837
new generation:  2561
Fittest                      41.889776214731015
highest fitness' coverage:   43.51386280808
highest fitness' collisions: 0.16240865933489831
new generation:  2562
Fittest                      41.90533724751615
highest fitness' coverage:   43.529423840865135
highest fitness' collisions: 0.16240865933489848
new generation:  2563
Fittest                      41.90263435837737
highest fitness' coverage:   43.526720951726354
highest fitness' collisions: 0.1624086593348986
new generation:  2564
Fittest                      41.90277348630515
highest fitness' coverage:   43.526860079654135
highest fitness' collisions: 0.1624086593348984
new generation:  2565
Fittest                      41.893499611745014
highest fitness' coverage:   43.517586205094
highest fitness' collisions: 0.16240865933489834
new generation:  2566
Fittest                      41.883804349258874
highest fitness' coverage:   43.50789094260786
highest fitness' collisions: 0.16240865933489854
new generation:  2567
Fittest                      41.893290476251074
highest fitness' coverage:   43.51737706960006
highest fitness' collisions: 0.16240865933489837
new generation:  2568
Fittest                      41.89339238051916
highest fitness' coverage:   43.517478973868144
highest fitness' collisions: 0.16240865933489845
new generation:  2569
Fittest                      41.88564697308001
highest fitness' coverage:   43.52086746013221
highest fitness' collisions: 0.16352204870522027
new generation:  2570
Fittest                      41.88261067951363
highest fitness' coverage:   43.517831166565834
highest fitness' collisions: 0.16352204870522002
new generation:  2571
Fittest                      41.87325507864101
highest fitness' coverage:   43.50847556569321
highest fitness' collisions: 0.1635220487052202
new generation:  2572
Fittest                      41.934906430553
highest fitness' coverage:   43.5701269176052
highest fitness' collisions: 0.16352204870522014
new generation:  2573
Fittest                      41.918670207365295
highest fitness' coverage:   43.5421417188681
highest fitness' collisions: 0.16234715115028067
new generation:  2574
Fittest                      41.9099165301812
highest fitness' coverage:   43.533388041684006
highest fitness' collisions: 0.16234715115028076
new generation:  2575
Fittest                      41.8973792144663
highest fitness' coverage:   43.520850725969105
highest fitness' collisions: 0.16234715115028067
new generation:  2576
Fittest                      41.90355036185363
highest fitness' coverage:   43.52702187335644
highest fitness' collisions: 0.16234715115028073
new generation:  2577
Fittest                      41.91293018299644
highest fitness' coverage:   43.53640169449925
highest fitness' collisions: 0.1623471511502807
new generation:  2578
Fittest                      41.89123936033235
highest fitness' coverage:   43.514710871835156
highest fitness' collisions: 0.16234715115028064
new generation:  2579
Fittest                      41.91222751924625
highest fitness' coverage:   43.53569903074906
highest fitness' collisions: 0.16234715115028067
new generation:  2580
Fittest                      41.90635519504457
highest fitness' coverage:   43.529826706547375
highest fitness' collisions: 0.1623471511502808
new generation:  2581
Fittest                      41.906237960557476
highest fitness' coverage:   43.52970947206028
highest fitness' collisions: 0.16234715115028062
new generation:  2582
Fittest                      41.899918430225334
highest fitness' coverage:   43.52338994172814
highest fitness' collisions: 0.16234715115028064
new generation:  2583
Fittest                      41.915364869239845
highest fitness' coverage:   43.53883638074265
highest fitness' collisions: 0.1623471511502807
new generation:  2584
Fittest                      41.909658636680994
highest fitness' coverage:   43.5331301481838
highest fitness' collisions: 0.1623471511502807
new generation:  2585
Fittest                      41.922175502161
highest fitness' coverage:   43.5456470136638
highest fitness' collisions: 0.16234715115028067
new generation:  2586
Fittest                      41.916541517272705
highest fitness' coverage:   43.525904010864274
highest fitness' collisions: 0.16093624935915676
new generation:  2587
Fittest                      41.89833029909158
highest fitness' coverage:   43.50769279268315
highest fitness' collisions: 0.16093624935915676
new generation:  2588
Fittest                      41.893496593491356
highest fitness' coverage:   43.5075364384958
highest fitness' collisions: 0.161403984500444
new generation:  2589
Fittest                      41.885077379471824
highest fitness' coverage:   43.488928480188534
highest fitness' collisions: 0.16038511007167086
new generation:  2590
Fittest                      41.91596541049669
highest fitness' coverage:   43.5198165112134
highest fitness' collisions: 0.1603851100716709
new generation:  2591
Fittest                      41.89723195266482
highest fitness' coverage:   43.50108305338153
highest fitness' collisions: 0.16038511007167114
new generation:  2592
Fittest                      41.9005342463157
highest fitness' coverage:   43.50438534703241
highest fitness' collisions: 0.160385110071671
new generation:  2593
Fittest                      41.91311641977896
highest fitness' coverage:   43.51696752049567
highest fitness' collisions: 0.16038511007167097
new generation:  2594
Fittest                      41.916485123151894
highest fitness' coverage:   43.520336223868604
highest fitness' collisions: 0.1603851100716711
new generation:  2595
Fittest                      41.91901878150118
highest fitness' coverage:   43.52286988221789
highest fitness' collisions: 0.16038511007167106
new generation:  2596
Fittest                      41.93183759003941
highest fitness' coverage:   43.53568869075612
highest fitness' collisions: 0.1603851100716709
new generation:  2597
Fittest                      41.919265660269566
highest fitness' coverage:   43.52311676098628
highest fitness' collisions: 0.16038511007167114
new generation:  2598
Fittest                      41.92523211392064
highest fitness' coverage:   43.52908321463735
highest fitness' collisions: 0.16038511007167103
new generation:  2599
Fittest                      41.91939404672704
highest fitness' coverage:   43.52324514744375
highest fitness' collisions: 0.16038511007167103
new generation:  2600
Fittest                      41.906876318210465
highest fitness' coverage:   43.510727418927175
highest fitness' collisions: 0.1603851100716709
new generation:  2601
Fittest                      41.90704057824092
highest fitness' coverage:   43.51089167895763
highest fitness' collisions: 0.16038511007167108
new generation:  2602
Fittest                      41.90577701598237
highest fitness' coverage:   43.5173157544418
highest fitness' collisions: 0.16115387384594318
new generation:  2603
Fittest                      41.8962909229177
highest fitness' coverage:   43.50782966137714
highest fitness' collisions: 0.1611538738459434
new generation:  2604
Fittest                      41.8958769552522
highest fitness' coverage:   43.50741569371163
highest fitness' collisions: 0.16115387384594326
new generation:  2605
Fittest                      41.91448005224073
highest fitness' coverage:   43.52601879070016
highest fitness' collisions: 0.16115387384594318
new generation:  2606
Fittest                      41.91441417983018
highest fitness' coverage:   43.526515259614804
highest fitness' collisions: 0.16121010797846233
new generation:  2607
Fittest                      41.91107271844415
highest fitness' coverage:   43.523173798228775
highest fitness' collisions: 0.1612101079784624
new generation:  2608
Fittest                      41.889302611338614
highest fitness' coverage:   43.50140369112324
highest fitness' collisions: 0.16121010797846225
new generation:  2609
Fittest                      41.90457539957754
highest fitness' coverage:   43.51667647936216
highest fitness' collisions: 0.1612101079784624
new generation:  2610
Fittest                      41.89268799079461
highest fitness' coverage:   43.504789070579235
highest fitness' collisions: 0.1612101079784623
new generation:  2611
Fittest                      41.90587073062033
highest fitness' coverage:   43.5201595720289
highest fitness' collisions: 0.16142888414085718
new generation:  2612
Fittest                      41.899953430595254
highest fitness' coverage:   43.51424227200383
highest fitness' collisions: 0.16142888414085718
new generation:  2613
Fittest                      41.9149267589857
highest fitness' coverage:   43.529215600394274
highest fitness' collisions: 0.16142888414085754
new generation:  2614
Fittest                      41.91477939808115
highest fitness' coverage:   43.529068239489725
highest fitness' collisions: 0.16142888414085724
new generation:  2615
Fittest                      41.89380936251354
highest fitness' coverage:   43.50809820392211
highest fitness' collisions: 0.16142888414085707
new generation:  2616
Fittest                      41.903043648140454
highest fitness' coverage:   43.51361713725805
highest fitness' collisions: 0.16105734891176002
new generation:  2617
Fittest                      41.91949091222291
highest fitness' coverage:   43.53006440134051
highest fitness' collisions: 0.16105734891176018
new generation:  2618
Fittest                      41.921457695525454
highest fitness' coverage:   43.53203118464305
highest fitness' collisions: 0.16105734891176005
new generation:  2619
Fittest                      41.88761813100527
highest fitness' coverage:   43.498191620122874
highest fitness' collisions: 0.16105734891176024
new generation:  2620
Fittest                      41.897053635970366
highest fitness' coverage:   43.507627125087964
highest fitness' collisions: 0.16105734891176005
new generation:  2621
Fittest                      41.90025019137192
highest fitness' coverage:   43.510823680489516
highest fitness' collisions: 0.16105734891176007
new generation:  2622
Fittest                      41.90035951064096
highest fitness' coverage:   43.51093299975856
highest fitness' collisions: 0.16105734891176005
new generation:  2623
Fittest                      41.89702274106649
highest fitness' coverage:   43.50759623018409
highest fitness' collisions: 0.1610573489117601
new generation:  2624
Fittest                      41.91360793448368
highest fitness' coverage:   43.55794358779286
highest fitness' collisions: 0.16443356533091807
new generation:  2625
Fittest                      41.91069959584276
highest fitness' coverage:   43.555035249151935
highest fitness' collisions: 0.16443356533091805
new generation:  2626
Fittest                      41.91358950591268
highest fitness' coverage:   43.55792515922186
highest fitness' collisions: 0.16443356533091802
new generation:  2627
Fittest                      41.920326687486934
highest fitness' coverage:   43.56466234079612
highest fitness' collisions: 0.1644335653309181
new generation:  2628
Fittest                      41.90410321231568
highest fitness' coverage:   43.54843886562487
highest fitness' collisions: 0.16443356533091813
new generation:  2629
Fittest                      41.922716609986296
highest fitness' coverage:   43.56705226329548
highest fitness' collisions: 0.16443356533091807
new generation:  2630
Fittest                      41.91666890080813
highest fitness' coverage:   43.56100455411731
highest fitness' collisions: 0.16443356533091807
new generation:  2631
Fittest                      41.920525668493795
highest fitness' coverage:   43.56486132180297
highest fitness' collisions: 0.16443356533091807
new generation:  2632
Fittest                      41.920097725704785
highest fitness' coverage:   43.56463290524546
highest fitness' collisions: 0.16445351795406768
new generation:  2633
Fittest                      41.91364972144833
highest fitness' coverage:   43.558184900989005
highest fitness' collisions: 0.16445351795406785
new generation:  2634
Fittest                      41.917413100194075
highest fitness' coverage:   43.55727092832188
highest fitness' collisions: 0.16398578281278048
new generation:  2635
Fittest                      41.92106716826966
highest fitness' coverage:   43.56462845026029
highest fitness' collisions: 0.16435612819906315
new generation:  2636
Fittest                      41.889286804870125
highest fitness' coverage:   43.53284808686075
highest fitness' collisions: 0.16435612819906306
new generation:  2637
Fittest                      41.93656437007476
highest fitness' coverage:   43.57980942429938
highest fitness' collisions: 0.1643245054224615
new generation:  2638
Fittest                      41.921062410806485
highest fitness' coverage:   43.5643074650311
highest fitness' collisions: 0.16432450542246133
new generation:  2639
Fittest                      41.92383733748283
highest fitness' coverage:   43.567082391707444
highest fitness' collisions: 0.1643245054224615
new generation:  2640
Fittest                      41.918004783506596
highest fitness' coverage:   43.56124983773121
highest fitness' collisions: 0.16432450542246121
new generation:  2641
Fittest                      41.90608465330698
highest fitness' coverage:   43.5493297075316
highest fitness' collisions: 0.16432450542246133
new generation:  2642
Fittest                      41.90281831023264
highest fitness' coverage:   43.546063364457254
highest fitness' collisions: 0.1643245054224613
new generation:  2643
Fittest                      41.937467765363515
highest fitness' coverage:   43.5705240753004
highest fitness' collisions: 0.16330563099368856
new generation:  2644
Fittest                      41.91853118777104
highest fitness' coverage:   43.55158749770792
highest fitness' collisions: 0.16330563099368836
new generation:  2645
Fittest                      41.92486453514899
highest fitness' coverage:   43.557920845085874
highest fitness' collisions: 0.16330563099368847
new generation:  2646
Fittest                      41.90902658749259
highest fitness' coverage:   43.542082897429474
highest fitness' collisions: 0.16330563099368828
new generation:  2647
Fittest                      41.92803675012919
highest fitness' coverage:   43.56109306006607
highest fitness' collisions: 0.16330563099368847
new generation:  2648
Fittest                      41.92414213364721
highest fitness' coverage:   43.55020970285413
highest fitness' collisions: 0.1626067569206922
new generation:  2649
Fittest                      41.93900771222618
highest fitness' coverage:   43.565075281433096
highest fitness' collisions: 0.16260675692069199
new generation:  2650
Fittest                      41.93630437985197
highest fitness' coverage:   43.56237194905889
highest fitness' collisions: 0.16260675692069215
new generation:  2651
Fittest                      41.93766977005275
highest fitness' coverage:   43.568523640182896
highest fitness' collisions: 0.16308538701301478
new generation:  2652
Fittest                      41.915826544858106
highest fitness' coverage:   43.54668041498825
highest fitness' collisions: 0.1630853870130147
new generation:  2653
Fittest                      42.03508294106919
highest fitness' coverage:   43.71178802731879
highest fitness' collisions: 0.16767050862495997
new generation:  2654
Fittest                      42.03812027303326
highest fitness' coverage:   43.71482535928286
highest fitness' collisions: 0.16767050862496014
new generation:  2655
Fittest                      42.03487258345329
highest fitness' coverage:   43.7115776697029
highest fitness' collisions: 0.1676705086249603
new generation:  2656
Fittest                      42.04111634312083
highest fitness' coverage:   43.71782142937043
highest fitness' collisions: 0.16767050862496025
new generation:  2657
Fittest                      42.06018870611932
highest fitness' coverage:   43.73689379236892
highest fitness' collisions: 0.1676705086249601
new generation:  2658
Fittest                      42.06598061287355
highest fitness' coverage:   43.74268569912316
highest fitness' collisions: 0.16767050862496027
new generation:  2659
Fittest                      42.0508445704247
highest fitness' coverage:   43.731097790566636
highest fitness' collisions: 0.16802532201419376
new generation:  2660
Fittest                      42.020941266420266
highest fitness' coverage:   43.70528737583565
highest fitness' collisions: 0.16843461094153866
new generation:  2661
Fittest                      42.02441887523074
highest fitness' coverage:   43.70876498464612
highest fitness' collisions: 0.1684346109415387
new generation:  2662
Fittest                      42.03966847345094
highest fitness' coverage:   43.724014582866324
highest fitness' collisions: 0.16843461094153864
new generation:  2663
Fittest                      42.05562707987264
highest fitness' coverage:   43.73997318928803
highest fitness' collisions: 0.16843461094153855
new generation:  2664
Fittest                      42.046500510550075
highest fitness' coverage:   43.73084661996546
highest fitness' collisions: 0.16843461094153864
new generation:  2665
Fittest                      42.019546461592824
highest fitness' coverage:   43.708569922421084
highest fitness' collisions: 0.16890234608282576
new generation:  2666
Fittest                      42.039013014444635
highest fitness' coverage:   43.728036475272894
highest fitness' collisions: 0.16890234608282592
new generation:  2667
Fittest                      42.023034283575264
highest fitness' coverage:   43.71205774440352
highest fitness' collisions: 0.16890234608282576
new generation:  2668
Fittest                      42.01937426337278
highest fitness' coverage:   43.70839772420104
highest fitness' collisions: 0.16890234608282603
new generation:  2669
Fittest                      42.01768285432993
highest fitness' coverage:   43.696517570870455
highest fitness' collisions: 0.16788347165405296
new generation:  2670
Fittest                      42.052272563775816
highest fitness' coverage:   43.731107280316344
highest fitness' collisions: 0.16788347165405296
new generation:  2671
Fittest                      42.035996359015854
highest fitness' coverage:   43.73685744669294
highest fitness' collisions: 0.170086108767708
new generation:  2672
Fittest                      42.03013695496239
highest fitness' coverage:   43.73677681880632
highest fitness' collisions: 0.17066398638439353
new generation:  2673
Fittest                      42.020831886605286
highest fitness' coverage:   43.72747175044922
highest fitness' collisions: 0.17066398638439334
new generation:  2674
Fittest                      42.01759659653971
highest fitness' coverage:   43.72423646038364
highest fitness' collisions: 0.17066398638439345
new generation:  2675
Fittest                      42.031204793904784
highest fitness' coverage:   43.727655913460985
highest fitness' collisions: 0.16964511195562038
new generation:  2676
Fittest                      42.01514891002836
highest fitness' coverage:   43.71160002958456
highest fitness' collisions: 0.16964511195562038
new generation:  2677
Fittest                      42.02874132522269
highest fitness' coverage:   43.727333802243706
highest fitness' collisions: 0.16985924770210128
new generation:  2678
Fittest                      42.038145791245086
highest fitness' coverage:   43.7367382682661
highest fitness' collisions: 0.16985924770210128
new generation:  2679
Fittest                      42.02257561053581
highest fitness' coverage:   43.721168087556826
highest fitness' collisions: 0.16985924770210148
new generation:  2680
Fittest                      42.04157250105992
highest fitness' coverage:   43.740164978080934
highest fitness' collisions: 0.1698592477021016
new generation:  2681
Fittest                      41.994601510790666
highest fitness' coverage:   43.69319398781168
highest fitness' collisions: 0.16985924770210134
new generation:  2682
Fittest                      42.03480016249083
highest fitness' coverage:   43.73339263951185
highest fitness' collisions: 0.16985924770210148
new generation:  2683
Fittest                      42.00106146892226
highest fitness' coverage:   43.699653945943275
highest fitness' collisions: 0.16985924770210145
new generation:  2684
Fittest                      42.00075139045362
highest fitness' coverage:   43.69934386747464
highest fitness' collisions: 0.16985924770210145
new generation:  2685
Fittest                      42.022850274165556
highest fitness' coverage:   43.72144275118657
highest fitness' collisions: 0.16985924770210137
new generation:  2686
Fittest                      42.01326330358852
highest fitness' coverage:   43.71185578060954
highest fitness' collisions: 0.1698592477021014
new generation:  2687
Fittest                      42.03188766119542
highest fitness' coverage:   43.730480138216436
highest fitness' collisions: 0.1698592477021015
new generation:  2688
Fittest                      42.016505841055796
highest fitness' coverage:   43.71509831807681
highest fitness' collisions: 0.1698592477021014
new generation:  2689
Fittest                      42.03014080980747
highest fitness' coverage:   43.72405593541561
highest fitness' collisions: 0.16939151256081433
new generation:  2690
Fittest                      42.02336032306096
highest fitness' coverage:   43.72164060699151
highest fitness' collisions: 0.16982802839305447
new generation:  2691
Fittest                      42.01350442690249
highest fitness' coverage:   43.71178471083304
highest fitness' collisions: 0.16982802839305433
new generation:  2692
Fittest                      42.01365401492426
highest fitness' coverage:   43.71193429885481
highest fitness' collisions: 0.1698280283930544
new generation:  2693
Fittest                      42.05127242843371
highest fitness' coverage:   43.749552712364256
highest fitness' collisions: 0.16982802839305441
new generation:  2694
Fittest                      42.0447717120379
highest fitness' coverage:   43.74305199596844
highest fitness' collisions: 0.16982802839305447
new generation:  2695
Fittest                      42.03830046919756
highest fitness' coverage:   43.7365807531281
highest fitness' collisions: 0.16982802839305455
new generation:  2696
Fittest                      42.01101972110356
highest fitness' coverage:   43.7093000050341
highest fitness' collisions: 0.1698280283930544
new generation:  2697
Fittest                      42.04792997489261
highest fitness' coverage:   43.74638403890603
highest fitness' collisions: 0.16984540640134185
new generation:  2698
Fittest                      42.026070040314686
highest fitness' coverage:   43.71805669060254
highest fitness' collisions: 0.16919866502878503
new generation:  2699
Fittest                      42.04827533560853
highest fitness' coverage:   43.73284327759998
highest fitness' collisions: 0.16845679419914503
new generation:  2700
Fittest                      42.04184211544806
highest fitness' coverage:   43.726410057439516
highest fitness' collisions: 0.168456794199145
new generation:  2701
Fittest                      42.03036619293081
highest fitness' coverage:   43.71493413492226
highest fitness' collisions: 0.16845679419914492
new generation:  2702
Fittest                      42.02684091764019
highest fitness' coverage:   43.711408859631646
highest fitness' collisions: 0.168456794199145
new generation:  2703
Fittest                      42.03467271535882
highest fitness' coverage:   43.729668407515334
highest fitness' collisions: 0.16949956921565096
new generation:  2704
Fittest                      42.04758499717194
highest fitness' coverage:   43.74258068932845
highest fitness' collisions: 0.16949956921565096
new generation:  2705
Fittest                      42.035491765427324
highest fitness' coverage:   43.73224863968898
highest fitness' collisions: 0.16967568742616596
new generation:  2706
Fittest                      42.02961620250492
highest fitness' coverage:   43.72637307676658
highest fitness' collisions: 0.169675687426166
new generation:  2707
Fittest                      42.0458477625835
highest fitness' coverage:   43.74260463684516
highest fitness' collisions: 0.1696756874261658
new generation:  2708
Fittest                      42.02122772347555
highest fitness' coverage:   43.71798459773721
highest fitness' collisions: 0.16967568742616576
new generation:  2709
Fittest                      42.03656457369557
highest fitness' coverage:   43.73332144795723
highest fitness' collisions: 0.1696756874261659
new generation:  2710
Fittest                      42.02714908008608
highest fitness' coverage:   43.72390595434774
highest fitness' collisions: 0.16967568742616598
new generation:  2711
Fittest                      42.0048012382319
highest fitness' coverage:   43.70155811249356
highest fitness' collisions: 0.16967568742616587
new generation:  2712
Fittest                      42.02905795973515
highest fitness' coverage:   43.72648418543413
highest fitness' collisions: 0.1697426225698984
new generation:  2713
Fittest                      42.013933097836144
highest fitness' coverage:   43.71135932353513
highest fitness' collisions: 0.1697426225698983
new generation:  2714
Fittest                      42.026066855667295
highest fitness' coverage:   43.72349308136628
highest fitness' collisions: 0.1697426225698983
new generation:  2715
Fittest                      42.00767716982866
highest fitness' coverage:   43.705103395527644
highest fitness' collisions: 0.1697426225698984
new generation:  2716
Fittest                      42.02010760692475
highest fitness' coverage:   43.71753383262374
highest fitness' collisions: 0.16974262256989836
new generation:  2717
Fittest                      41.99478650873411
highest fitness' coverage:   43.69859436337275
highest fitness' collisions: 0.17038078546386382
new generation:  2718
Fittest                      41.99502040450094
highest fitness' coverage:   43.69882825913958
highest fitness' collisions: 0.17038078546386384
new generation:  2719
Fittest                      42.01683405185126
highest fitness' coverage:   43.7206419064899
highest fitness' collisions: 0.17038078546386393
new generation:  2720
Fittest                      42.028883175002754
highest fitness' coverage:   43.732691029641394
highest fitness' collisions: 0.1703807854638639
new generation:  2721
Fittest                      42.02913501324239
highest fitness' coverage:   43.73294286788103
highest fitness' collisions: 0.17038078546386407
new generation:  2722
Fittest                      42.00112718453612
highest fitness' coverage:   43.70493503917476
highest fitness' collisions: 0.17038078546386395
new generation:  2723
Fittest                      42.01973888719126
highest fitness' coverage:   43.7235467418299
highest fitness' collisions: 0.1703807854638639
new generation:  2724
Fittest                      42.01964334743495
highest fitness' coverage:   43.72345120207359
highest fitness' collisions: 0.1703807854638639
new generation:  2725
Fittest                      42.008320781553
highest fitness' coverage:   43.707862841003625
highest fitness' collisions: 0.1699542059450623
new generation:  2726
Fittest                      42.00201470978964
highest fitness' coverage:   43.70155676924026
highest fitness' collisions: 0.16995420594506228
new generation:  2727
Fittest                      42.033253530770715
highest fitness' coverage:   43.70483674323221
highest fitness' collisions: 0.167158321246149
new generation:  2728
Fittest                      42.020866478262676
highest fitness' coverage:   43.69244969072417
highest fitness' collisions: 0.16715832124614885
new generation:  2729
Fittest                      42.01158603797129
highest fitness' coverage:   43.68316925043278
highest fitness' collisions: 0.16715832124614888
new generation:  2730
Fittest                      42.04291998099073
highest fitness' coverage:   43.714503193452224
highest fitness' collisions: 0.16715832124614885
new generation:  2731
Fittest                      42.020853495817676
highest fitness' coverage:   43.69243670827916
highest fitness' collisions: 0.16715832124614885
new generation:  2732
Fittest                      42.070594419045634
highest fitness' coverage:   43.74217763150712
highest fitness' collisions: 0.1671583212461488
new generation:  2733
Fittest                      42.04861941047797
highest fitness' coverage:   43.72020262293946
highest fitness' collisions: 0.16715832124614893
new generation:  2734
Fittest                      42.033528411450334
highest fitness' coverage:   43.705111623911826
highest fitness' collisions: 0.16715832124614888
new generation:  2735
Fittest                      42.05410490947622
highest fitness' coverage:   43.72657937287585
highest fitness' collisions: 0.16724744633996233
new generation:  2736
Fittest                      42.05424408986972
highest fitness' coverage:   43.72671855326934
highest fitness' collisions: 0.16724744633996239
new generation:  2737
Fittest                      42.03745370474313
highest fitness' coverage:   43.66773359223197
highest fitness' collisions: 0.16302798874888394
new generation:  2738
Fittest                      42.08685235686394
highest fitness' coverage:   43.714490763141086
highest fitness' collisions: 0.16276384062771443
new generation:  2739
Fittest                      42.095894465763266
highest fitness' coverage:   43.723532872040415
highest fitness' collisions: 0.16276384062771465
new generation:  2740
Fittest                      42.09296329305567
highest fitness' coverage:   43.72060169933281
highest fitness' collisions: 0.16276384062771457
new generation:  2741
Fittest                      42.09632531767437
highest fitness' coverage:   43.72396372395152
highest fitness' collisions: 0.1627638406277147
new generation:  2742
Fittest                      42.08092035498634
highest fitness' coverage:   43.68925184392187
highest fitness' collisions: 0.16083314889355352
new generation:  2743
Fittest                      42.09644805344847
highest fitness' coverage:   43.704779542384
highest fitness' collisions: 0.16083314889355357
new generation:  2744
Fittest                      42.13080630358412
highest fitness' coverage:   43.73913779251966
highest fitness' collisions: 0.1608331488935535
new generation:  2745
Fittest                      42.0903999413572
highest fitness' coverage:   43.69873143029273
highest fitness' collisions: 0.16083314889355343
new generation:  2746
Fittest                      42.1393606611014
highest fitness' coverage:   43.75775370844204
highest fitness' collisions: 0.16183930473406405
new generation:  2747
Fittest                      42.0836676645769
highest fitness' coverage:   43.70206071191754
highest fitness' collisions: 0.16183930473406405
new generation:  2748
Fittest                      42.08974703547454
highest fitness' coverage:   43.70814008281518
highest fitness' collisions: 0.16183930473406413
new generation:  2749
Fittest                      42.09581121611232
highest fitness' coverage:   43.714204263452956
highest fitness' collisions: 0.1618393047340642
new generation:  2750
Fittest                      42.11137822264892
highest fitness' coverage:   43.72977126998956
highest fitness' collisions: 0.16183930473406388
new generation:  2751
Fittest                      42.083531558096624
highest fitness' coverage:   43.70192460543726
highest fitness' collisions: 0.1618393047340641
new generation:  2752
Fittest                      42.10862687312895
highest fitness' coverage:   43.72701992046959
highest fitness' collisions: 0.16183930473406422
new generation:  2753
Fittest                      42.08345511333248
highest fitness' coverage:   43.701848160673116
highest fitness' collisions: 0.1618393047340641
new generation:  2754
Fittest                      42.108436791743806
highest fitness' coverage:   43.726829839084445
highest fitness' collisions: 0.16183930473406405
new generation:  2755
Fittest                      42.09876834881521
highest fitness' coverage:   43.71716139615585
highest fitness' collisions: 0.16183930473406408
new generation:  2756
Fittest                      42.10523893818371
highest fitness' coverage:   43.72363198552435
highest fitness' collisions: 0.16183930473406402
new generation:  2757
Fittest                      42.102238337119886
highest fitness' coverage:   43.720631384460525
highest fitness' collisions: 0.16183930473406413
new generation:  2758
Fittest                      42.09247052108385
highest fitness' coverage:   43.710863568424486
highest fitness' collisions: 0.16183930473406416
new generation:  2759
Fittest                      42.08953688333601
highest fitness' coverage:   43.71189843971542
highest fitness' collisions: 0.1622361556379408
new generation:  2760
Fittest                      42.09913510586066
highest fitness' coverage:   43.72149666224007
highest fitness' collisions: 0.16223615563794072
new generation:  2761
Fittest                      42.08986547236525
highest fitness' coverage:   43.708558668408855
highest fitness' collisions: 0.1618693196043611
new generation:  2762
Fittest                      42.108804854850035
highest fitness' coverage:   43.72448764123068
highest fitness' collisions: 0.16156827863806447
new generation:  2763
Fittest                      42.116693249473634
highest fitness' coverage:   43.71812001331326
highest fitness' collisions: 0.16014267638396254
new generation:  2764
Fittest                      42.11382465982551
highest fitness' coverage:   43.71525142366514
highest fitness' collisions: 0.16014267638396254
new generation:  2765
Fittest                      42.14147872237212
highest fitness' coverage:   43.74290548621175
highest fitness' collisions: 0.1601426763839627
new generation:  2766
Fittest                      42.13984313069291
highest fitness' coverage:   43.733856792119525
highest fitness' collisions: 0.15940136614266168
new generation:  2767
Fittest                      42.13055755718017
highest fitness' coverage:   43.72457121860678
highest fitness' collisions: 0.15940136614266154
new generation:  2768
Fittest                      42.131379529170154
highest fitness' coverage:   43.7216778383058
highest fitness' collisions: 0.15902983091356443
new generation:  2769
Fittest                      42.14533233257671
highest fitness' coverage:   43.72750984946815
highest fitness' collisions: 0.15821775168914395
new generation:  2770
Fittest                      42.15776221426083
highest fitness' coverage:   43.73993973115227
highest fitness' collisions: 0.15821775168914384
new generation:  2771
Fittest                      42.1365689480598
highest fitness' coverage:   43.71874646495124
highest fitness' collisions: 0.1582177516891439
new generation:  2772
Fittest                      42.15797037761888
highest fitness' coverage:   43.740147894510315
highest fitness' collisions: 0.15821775168914376
new generation:  2773
Fittest                      42.133072216689776
highest fitness' coverage:   43.71524973358121
highest fitness' collisions: 0.1582177516891437
new generation:  2774
Fittest                      42.13234940897302
highest fitness' coverage:   43.70549675561722
highest fitness' collisions: 0.15731473466442017
new generation:  2775
Fittest                      42.15189448892105
highest fitness' coverage:   43.72504183556525
highest fitness' collisions: 0.15731473466442014
new generation:  2776
Fittest                      42.170865228960345
highest fitness' coverage:   43.752755880121526
highest fitness' collisions: 0.15818906511611833
new generation:  2777
Fittest                      42.15862746301978
highest fitness' coverage:   43.74051811418097
highest fitness' collisions: 0.1581890651161185
new generation:  2778
Fittest                      42.121427581929325
highest fitness' coverage:   43.703318233090506
highest fitness' collisions: 0.15818906511611844
new generation:  2779
Fittest                      42.145987819150925
highest fitness' coverage:   43.727878470312106
highest fitness' collisions: 0.15818906511611844
new generation:  2780
Fittest                      42.125260119569504
highest fitness' coverage:   43.702785612408285
highest fitness' collisions: 0.15775254928387827
new generation:  2781
Fittest                      42.14761375429522
highest fitness' coverage:   43.725139247134
highest fitness' collisions: 0.15775254928387827
new generation:  2782
Fittest                      42.14418895931519
highest fitness' coverage:   43.72171445215397
highest fitness' collisions: 0.15775254928387838
new generation:  2783
Fittest                      42.131505299219945
highest fitness' coverage:   43.709030792058726
highest fitness' collisions: 0.15775254928387838
new generation:  2784
Fittest                      42.124968874241915
highest fitness' coverage:   43.702494367080696
highest fitness' collisions: 0.15775254928387836
new generation:  2785
Fittest                      42.128760243278016
highest fitness' coverage:   43.7062857361168
highest fitness' collisions: 0.15775254928387833
new generation:  2786
Fittest                      42.15002091945213
highest fitness' coverage:   43.72754641229092
highest fitness' collisions: 0.1577525492838785
new generation:  2787
Fittest                      42.14726896955176
highest fitness' coverage:   43.72479446239054
highest fitness' collisions: 0.15775254928387816
new generation:  2788
Fittest                      42.12218447306793
highest fitness' coverage:   43.69970996590671
highest fitness' collisions: 0.1577525492838783
new generation:  2789
Fittest                      42.14417885246159
highest fitness' coverage:   43.721704345300374
highest fitness' collisions: 0.15775254928387838
new generation:  2790
Fittest                      42.1440357339129
highest fitness' coverage:   43.72156122675168
highest fitness' collisions: 0.15775254928387825
new generation:  2791
Fittest                      42.14670395093443
highest fitness' coverage:   43.72422944377321
highest fitness' collisions: 0.15775254928387833
new generation:  2792
Fittest                      42.12961467304822
highest fitness' coverage:   43.71140596107502
highest fitness' collisions: 0.15817912880268004
new generation:  2793
Fittest                      42.13627863889844
highest fitness' coverage:   43.71806992692524
highest fitness' collisions: 0.15817912880267987
new generation:  2794
Fittest                      42.15027819982219
highest fitness' coverage:   43.72789297697141
highest fitness' collisions: 0.15776147771492194
new generation:  2795
Fittest                      42.1194526222434
highest fitness' coverage:   43.694003187046995
highest fitness' collisions: 0.15745505648035937
new generation:  2796
Fittest                      42.14060369458977
highest fitness' coverage:   43.715154259393366
highest fitness' collisions: 0.15745505648035918
new generation:  2797
Fittest                      42.165030184236116
highest fitness' coverage:   43.736678269376405
highest fitness' collisions: 0.15716480851402923
new generation:  2798
Fittest                      42.134075234032785
highest fitness' coverage:   43.70572331917308
highest fitness' collisions: 0.15716480851402934
new generation:  2799
Fittest                      42.13660107479953
highest fitness' coverage:   43.739871936541505
highest fitness' collisions: 0.1603270861741975
new generation:  2800
Fittest                      42.09652044600875
highest fitness' coverage:   43.69979130775073
highest fitness' collisions: 0.16032708617419758
new generation:  2801
Fittest                      42.12796999946267
highest fitness' coverage:   43.73440247018579
highest fitness' collisions: 0.1606432470723119
new generation:  2802
Fittest                      42.107704043643224
highest fitness' coverage:   43.72154961677935
highest fitness' collisions: 0.16138455731361262
new generation:  2803
Fittest                      42.09661315870704
highest fitness' coverage:   43.70640096427658
highest fitness' collisions: 0.1609787805569548
new generation:  2804
Fittest                      42.11171677955819
highest fitness' coverage:   43.72150458512774
highest fitness' collisions: 0.16097878055695478
new generation:  2805
Fittest                      42.129003551195
highest fitness' coverage:   43.737145833004504
highest fitness' collisions: 0.16081422818095037
new generation:  2806
Fittest                      42.13224368377899
highest fitness' coverage:   43.740385965588494
highest fitness' collisions: 0.16081422818095037
new generation:  2807
Fittest                      42.144406299603894
highest fitness' coverage:   43.75254858141339
highest fitness' collisions: 0.16081422818095026
new generation:  2808
Fittest                      42.09763920635477
highest fitness' coverage:   43.70578148816428
highest fitness' collisions: 0.16081422818095037
new generation:  2809
Fittest                      42.094392115724744
highest fitness' coverage:   43.702534397534244
highest fitness' collisions: 0.16081422818095023
new generation:  2810
Fittest                      42.128780347689805
highest fitness' coverage:   43.736922629499304
highest fitness' collisions: 0.1608142281809502
new generation:  2811
Fittest                      42.100899265363104
highest fitness' coverage:   43.7090415471726
highest fitness' collisions: 0.16081422818095023
new generation:  2812
Fittest                      42.11043373930847
highest fitness' coverage:   43.718576021117975
highest fitness' collisions: 0.16081422818095037
new generation:  2813
Fittest                      42.103764310730355
highest fitness' coverage:   43.71190659253986
highest fitness' collisions: 0.16081422818095042
new generation:  2814
Fittest                      42.111094134453175
highest fitness' coverage:   43.72139763726839
highest fitness' collisions: 0.16103035028152152
new generation:  2815
Fittest                      42.09533230621496
highest fitness' coverage:   43.70563580903017
highest fitness' collisions: 0.1610303502815216
new generation:  2816
Fittest                      42.10801470225357
highest fitness' coverage:   43.71831820506878
highest fitness' collisions: 0.16103035028152152
new generation:  2817
Fittest                      42.10437350726904
highest fitness' coverage:   43.715239351409444
highest fitness' collisions: 0.16108658441404067
new generation:  2818
Fittest                      42.128992387676405
highest fitness' coverage:   43.73985823181681
highest fitness' collisions: 0.1610865844140406
new generation:  2819
Fittest                      42.12302136663697
highest fitness' coverage:   43.733887210777375
highest fitness' collisions: 0.16108658441404056
new generation:  2820
Fittest                      42.11155895017027
highest fitness' coverage:   43.715074081848314
highest fitness' collisions: 0.16035151316780458
new generation:  2821
Fittest                      42.114834729839025
highest fitness' coverage:   43.71834986151707
highest fitness' collisions: 0.16035151316780455
new generation:  2822
Fittest                      42.13011238872445
highest fitness' coverage:   43.73362752040249
highest fitness' collisions: 0.16035151316780452
new generation:  2823
Fittest                      42.12115496654531
highest fitness' coverage:   43.724670098223356
highest fitness' collisions: 0.16035151316780455
new generation:  2824
Fittest                      42.115330599820204
highest fitness' coverage:   43.72446914475015
highest fitness' collisions: 0.1609138544929948
new generation:  2825
Fittest                      42.109150950278384
highest fitness' coverage:   43.71828949520833
highest fitness' collisions: 0.16091385449299483
new generation:  2826
Fittest                      42.10932903684221
highest fitness' coverage:   43.71846758177216
highest fitness' collisions: 0.16091385449299503
new generation:  2827
Fittest                      42.131142617570724
highest fitness' coverage:   43.74028116250067
highest fitness' collisions: 0.1609138544929949
new generation:  2828
Fittest                      42.12162973161782
highest fitness' coverage:   43.73076827654777
highest fitness' collisions: 0.1609138544929948
new generation:  2829
Fittest                      42.118821120077655
highest fitness' coverage:   43.7279596650076
highest fitness' collisions: 0.1609138544929948
new generation:  2830
Fittest                      42.10771090543622
highest fitness' coverage:   43.718434343558634
highest fitness' collisions: 0.16107234381224114
new generation:  2831
Fittest                      42.11078050469857
highest fitness' coverage:   43.72150394282098
highest fitness' collisions: 0.16107234381224117
new generation:  2832
Fittest                      42.09501457141396
highest fitness' coverage:   43.705738009536375
highest fitness' collisions: 0.16107234381224106
new generation:  2833
Fittest                      42.11388989211537
highest fitness' coverage:   43.72461333023778
highest fitness' collisions: 0.16107234381224111
new generation:  2834
Fittest                      42.10405023607872
highest fitness' coverage:   43.72776675690354
highest fitness' collisions: 0.1623716520824818
new generation:  2835
Fittest                      42.0872475591045
highest fitness' coverage:   43.715128569958196
highest fitness' collisions: 0.16278810108537
new generation:  2836
Fittest                      42.09976977648788
highest fitness' coverage:   43.72765078734158
highest fitness' collisions: 0.16278810108537
new generation:  2837
Fittest                      42.09403916063184
highest fitness' coverage:   43.72202488434034
highest fitness' collisions: 0.16279857237085052
new generation:  2838
Fittest                      42.06873910612839
highest fitness' coverage:   43.696724829836896
highest fitness' collisions: 0.16279857237085044
new generation:  2839
Fittest                      42.10929026729426
highest fitness' coverage:   43.73727599100277
highest fitness' collisions: 0.1627985723708504
new generation:  2840
Fittest                      42.08759693125334
highest fitness' coverage:   43.71558265496184
highest fitness' collisions: 0.16279857237085038
new generation:  2841
Fittest                      42.090359832129266
highest fitness' coverage:   43.71834555583777
highest fitness' collisions: 0.16279857237085033
new generation:  2842
Fittest                      42.10415191461492
highest fitness' coverage:   43.72804474904997
highest fitness' collisions: 0.16238928344350564
new generation:  2843
Fittest                      42.09160758333171
highest fitness' coverage:   43.71550041776676
highest fitness' collisions: 0.16238928344350562
new generation:  2844
Fittest                      42.09654416754829
highest fitness' coverage:   43.66314923436489
highest fitness' collisions: 0.15666050668166026
new generation:  2845
Fittest                      42.100551706535406
highest fitness' coverage:   43.66626552241387
highest fitness' collisions: 0.15657138158784695
new generation:  2846
Fittest                      42.110311774084806
highest fitness' coverage:   43.676025589963274
highest fitness' collisions: 0.1565713815878469
new generation:  2847
Fittest                      42.088156955469536
highest fitness' coverage:   43.672643389587236
highest fitness' collisions: 0.15844864341177015
new generation:  2848
Fittest                      42.06964910615322
highest fitness' coverage:   43.65413554027092
highest fitness' collisions: 0.15844864341177026
new generation:  2849
Fittest                      42.08507710658864
highest fitness' coverage:   43.66956354070634
highest fitness' collisions: 0.15844864341177017
new generation:  2850
Fittest                      42.078564672426964
highest fitness' coverage:   43.663051106544664
highest fitness' collisions: 0.15844864341177026
new generation:  2851
Fittest                      42.08964891060664
highest fitness' coverage:   43.675523814931495
highest fitness' collisions: 0.15858749043248546
new generation:  2852
Fittest                      42.09888539605152
highest fitness' coverage:   43.684760300376375
highest fitness' collisions: 0.15858749043248563
new generation:  2853
Fittest                      42.07461341301908
highest fitness' coverage:   43.66048831734393
highest fitness' collisions: 0.1585874904324855
new generation:  2854
Fittest                      42.086943976496336
highest fitness' coverage:   43.67281888082119
highest fitness' collisions: 0.15858749043248543
new generation:  2855
Fittest                      42.09572028647805
highest fitness' coverage:   43.6815951908029
highest fitness' collisions: 0.15858749043248552
new generation:  2856
Fittest                      42.064547337131614
highest fitness' coverage:   43.65042224145647
highest fitness' collisions: 0.1585874904324854
new generation:  2857
Fittest                      42.0835712330453
highest fitness' coverage:   43.66944613737015
highest fitness' collisions: 0.15858749043248546
new generation:  2858
Fittest                      42.08120653276389
highest fitness' coverage:   43.666435782859715
highest fitness' collisions: 0.15852292500958204
new generation:  2859
Fittest                      42.07825642480072
highest fitness' coverage:   43.66348567489654
highest fitness' collisions: 0.158522925009582
new generation:  2860
Fittest                      42.07203054506829
highest fitness' coverage:   43.65725979516411
highest fitness' collisions: 0.15852292500958196
new generation:  2861
Fittest                      42.09689964459332
highest fitness' coverage:   43.68212889468914
highest fitness' collisions: 0.15852292500958193
new generation:  2862
Fittest                      42.081605515047414
highest fitness' coverage:   43.666834765143236
highest fitness' collisions: 0.158522925009582
new generation:  2863
Fittest                      42.08129581246799
highest fitness' coverage:   43.666525062563814
highest fitness' collisions: 0.15852292500958193
new generation:  2864
Fittest                      42.090143739431
highest fitness' coverage:   43.67537298952682
highest fitness' collisions: 0.15852292500958204
new generation:  2865
Fittest                      42.062494467471986
highest fitness' coverage:   43.64807347750203
highest fitness' collisions: 0.1585579010030044
new generation:  2866
Fittest                      42.061879199546006
highest fitness' coverage:   43.64745820957605
highest fitness' collisions: 0.15855790100300443
new generation:  2867
Fittest                      42.074921493202
highest fitness' coverage:   43.66050050323204
highest fitness' collisions: 0.15855790100300438
new generation:  2868
Fittest                      42.08716937214288
highest fitness' coverage:   43.67274838217293
highest fitness' collisions: 0.15855790100300446
new generation:  2869
Fittest                      42.086770738198474
highest fitness' coverage:   43.67234974822852
highest fitness' collisions: 0.15855790100300454
new generation:  2870
Fittest                      42.064814333029986
highest fitness' coverage:   43.64760116470984
highest fitness' collisions: 0.15827868316798518
new generation:  2871
Fittest                      42.065122535906525
highest fitness' coverage:   43.64790936758637
highest fitness' collisions: 0.15827868316798507
new generation:  2872
Fittest                      42.077642588723144
highest fitness' coverage:   43.660429420403
highest fitness' collisions: 0.15827868316798513
new generation:  2873
Fittest                      42.07117735923903
highest fitness' coverage:   43.653964190918884
highest fitness' collisions: 0.15827868316798524
new generation:  2874
Fittest                      42.071153616967386
highest fitness' coverage:   43.65394044864724
highest fitness' collisions: 0.1582786831679852
new generation:  2875
Fittest                      42.102182373551386
highest fitness' coverage:   43.68496920523124
highest fitness' collisions: 0.15827868316798516
new generation:  2876
Fittest                      42.096149268348256
highest fitness' coverage:   43.67893610002811
highest fitness' collisions: 0.15827868316798524
new generation:  2877
Fittest                      42.09008459687052
highest fitness' coverage:   43.67287142855037
highest fitness' collisions: 0.1582786831679851
new generation:  2878
Fittest                      42.08586146615795
highest fitness' coverage:   43.66386199691458
highest fitness' collisions: 0.15780005307566264
new generation:  2879
Fittest                      42.09426296139205
highest fitness' coverage:   43.67226349214867
highest fitness' collisions: 0.1578000530756626
new generation:  2880
Fittest                      42.090645717332436
highest fitness' coverage:   43.67198220416578
highest fitness' collisions: 0.15813364868333415
new generation:  2881
Fittest                      42.07530715437066
highest fitness' coverage:   43.656643641204006
highest fitness' collisions: 0.1581336486833344
new generation:  2882
Fittest                      42.06889414493041
highest fitness' coverage:   43.650230631763755
highest fitness' collisions: 0.1581336486833343
new generation:  2883
Fittest                      42.05644368708009
highest fitness' coverage:   43.637780173913434
highest fitness' collisions: 0.1581336486833342
new generation:  2884
Fittest                      42.10578319097404
highest fitness' coverage:   43.68711967780738
highest fitness' collisions: 0.15813364868333424
new generation:  2885
Fittest                      42.09375710390966
highest fitness' coverage:   43.675093590743
highest fitness' collisions: 0.15813364868333424
new generation:  2886
Fittest                      42.08168060093672
highest fitness' coverage:   43.663017087770065
highest fitness' collisions: 0.1581336486833342
new generation:  2887
Fittest                      42.07803767452006
highest fitness' coverage:   43.6594945518611
highest fitness' collisions: 0.15814568773410437
new generation:  2888
Fittest                      42.068888295633435
highest fitness' coverage:   43.65034517297448
highest fitness' collisions: 0.1581456877341044
new generation:  2889
Fittest                      42.08422068957609
highest fitness' coverage:   43.66567756691713
highest fitness' collisions: 0.15814568773410423
new generation:  2890
Fittest                      42.069161408205495
highest fitness' coverage:   43.65061828554654
highest fitness' collisions: 0.1581456877341044
new generation:  2891
Fittest                      42.06578646729862
highest fitness' coverage:   43.64724334463966
highest fitness' collisions: 0.15814568773410434
new generation:  2892
Fittest                      42.0653661066598
highest fitness' coverage:   43.64682298400084
highest fitness' collisions: 0.15814568773410428
new generation:  2893
Fittest                      42.05995544016181
highest fitness' coverage:   43.64141231750285
highest fitness' collisions: 0.1581456877341043
new generation:  2894
Fittest                      42.08136088388087
highest fitness' coverage:   43.66281776122191
highest fitness' collisions: 0.15814568773410426
new generation:  2895
Fittest                      42.075294368764794
highest fitness' coverage:   43.65658142174059
highest fitness' collisions: 0.15812870529757958
new generation:  2896
Fittest                      42.075101693173046
highest fitness' coverage:   43.65638874614884
highest fitness' collisions: 0.15812870529757972
new generation:  2897
Fittest                      42.07522669018976
highest fitness' coverage:   43.656513743165554
highest fitness' collisions: 0.15812870529757975
new generation:  2898
Fittest                      42.06289664486167
highest fitness' coverage:   43.64418369783746
highest fitness' collisions: 0.15812870529757983
new generation:  2899
Fittest                      42.04923321501167
highest fitness' coverage:   43.631439055339555
highest fitness' collisions: 0.1582205840327888
new generation:  2900
Fittest                      42.09599082591945
highest fitness' coverage:   43.67819666624734
highest fitness' collisions: 0.1582205840327888
new generation:  2901
Fittest                      42.068277255510964
highest fitness' coverage:   43.68195350778421
highest fitness' collisions: 0.16136762522732456
new generation:  2902
Fittest                      42.055976540490164
highest fitness' coverage:   43.66965279276341
highest fitness' collisions: 0.16136762522732445
new generation:  2903
Fittest                      42.05443260560113
highest fitness' coverage:   43.633492258174854
highest fitness' collisions: 0.15790596525737277
new generation:  2904
Fittest                      42.08265316220918
highest fitness' coverage:   43.66171281478291
highest fitness' collisions: 0.15790596525737266
new generation:  2905
Fittest                      42.07643372105685
highest fitness' coverage:   43.65549337363058
highest fitness' collisions: 0.1579059652573727
new generation:  2906
Fittest                      42.079985811637
highest fitness' coverage:   43.65904546421073
highest fitness' collisions: 0.1579059652573727
new generation:  2907
Fittest                      42.06399522790426
highest fitness' coverage:   43.64305488047798
highest fitness' collisions: 0.15790596525737272
new generation:  2908
Fittest                      42.09799700798352
highest fitness' coverage:   43.67705666055725
highest fitness' collisions: 0.15790596525737263
new generation:  2909
Fittest                      42.078055737827455
highest fitness' coverage:   43.65243803898831
highest fitness' collisions: 0.1574382301160854
new generation:  2910
Fittest                      42.09366474606546
highest fitness' coverage:   43.665405715099105
highest fitness' collisions: 0.1571740969033651
new generation:  2911
Fittest                      42.09671968212772
highest fitness' coverage:   43.66846065116137
highest fitness' collisions: 0.1571740969033651
new generation:  2912
Fittest                      42.10022200994639
highest fitness' coverage:   43.659109823838165
highest fitness' collisions: 0.15588878138917706
new generation:  2913
Fittest                      42.1098285600867
highest fitness' coverage:   43.66871637397847
highest fitness' collisions: 0.15588878138917733
new generation:  2914
Fittest                      42.11223149401702
highest fitness' coverage:   43.67074777267969
highest fitness' collisions: 0.15585162786626747
new generation:  2915
Fittest                      42.11634454994744
highest fitness' coverage:   43.67644572180258
highest fitness' collisions: 0.1560101171855136
new generation:  2916
Fittest                      42.113747864328836
highest fitness' coverage:   43.673849036183974
highest fitness' collisions: 0.15601011718551347
new generation:  2917
Fittest                      42.10081207132971
highest fitness' coverage:   43.66091324318485
highest fitness' collisions: 0.1560101171855137
new generation:  2918
Fittest                      42.09514366329382
highest fitness' coverage:   43.655244835148956
highest fitness' collisions: 0.15601011718551358
new generation:  2919
Fittest                      42.09138764833255
highest fitness' coverage:   43.65148882018769
highest fitness' collisions: 0.15601011718551377
new generation:  2920
Fittest                      42.10115107013843
highest fitness' coverage:   43.661252241993566
highest fitness' collisions: 0.1560101171855135
new generation:  2921
Fittest                      42.10694076295988
highest fitness' coverage:   43.67356054329513
highest fitness' collisions: 0.15666197803352486
new generation:  2922
Fittest                      42.09759723447187
highest fitness' coverage:   43.66421701480712
highest fitness' collisions: 0.15666197803352488
new generation:  2923
Fittest                      42.103680221569846
highest fitness' coverage:   43.6739307824528
highest fitness' collisions: 0.15702505608829503
new generation:  2924
Fittest                      42.091049839378485
highest fitness' coverage:   43.66130040026144
highest fitness' collisions: 0.15702505608829506
new generation:  2925
Fittest                      42.09752726479067
highest fitness' coverage:   43.66777782567362
highest fitness' collisions: 0.15702505608829492
new generation:  2926
Fittest                      42.069222129987224
highest fitness' coverage:   43.63947269087017
highest fitness' collisions: 0.15702505608829492
new generation:  2927
Fittest                      42.07537204424777
highest fitness' coverage:   43.64562260513072
highest fitness' collisions: 0.157025056088295
new generation:  2928
Fittest                      42.07546155727958
highest fitness' coverage:   43.645712118162535
highest fitness' collisions: 0.15702505608829503
new generation:  2929
Fittest                      42.07388819237567
highest fitness' coverage:   43.633664578455715
highest fitness' collisions: 0.15597763860800473
new generation:  2930
Fittest                      42.09412422072157
highest fitness' coverage:   43.6582158034733
highest fitness' collisions: 0.15640915827517318
new generation:  2931
Fittest                      42.100621752611474
highest fitness' coverage:   43.6647133353632
highest fitness' collisions: 0.15640915827517327
new generation:  2932
Fittest                      42.08473664352256
highest fitness' coverage:   43.64882822627429
highest fitness' collisions: 0.15640915827517302
new generation:  2933
Fittest                      42.07884577263654
highest fitness' coverage:   43.639306574840575
highest fitness' collisions: 0.1560460802204032
new generation:  2934
Fittest                      42.10397524198478
highest fitness' coverage:   43.664436044188804
highest fitness' collisions: 0.15604608022040292
new generation:  2935
Fittest                      42.08804868258459
highest fitness' coverage:   43.64850948478862
highest fitness' collisions: 0.156046080220403
new generation:  2936
Fittest                      42.09744808128184
highest fitness' coverage:   43.657735103403
highest fitness' collisions: 0.15602870221211562
new generation:  2937
Fittest                      42.10380550350454
highest fitness' coverage:   43.66409252562569
highest fitness' collisions: 0.1560287022121155
new generation:  2938
Fittest                      42.11053872619169
highest fitness' coverage:   43.67082574831285
highest fitness' collisions: 0.15602870221211557
new generation:  2939
Fittest                      42.08570257888914
highest fitness' coverage:   43.6459896010103
highest fitness' collisions: 0.1560287022121156
new generation:  2940
Fittest                      42.104233148981905
highest fitness' coverage:   43.664520171103064
highest fitness' collisions: 0.15602870221211557
new generation:  2941
Fittest                      42.091799489090484
highest fitness' coverage:   43.652086511211635
highest fitness' collisions: 0.15602870221211543
new generation:  2942
Fittest                      42.14133107494704
highest fitness' coverage:   43.7016180970682
highest fitness' collisions: 0.15602870221211557
new generation:  2943
Fittest                      42.12561178519988
highest fitness' coverage:   43.68589880732103
highest fitness' collisions: 0.15602870221211554
new generation:  2944
Fittest                      42.11048278891512
highest fitness' coverage:   43.67076981103628
highest fitness' collisions: 0.1560287022121156
new generation:  2945
Fittest                      42.113282554433944
highest fitness' coverage:   43.6735695765551
highest fitness' collisions: 0.15602870221211562
new generation:  2946
Fittest                      42.079085774620964
highest fitness' coverage:   43.639372796742116
highest fitness' collisions: 0.15602870221211554
new generation:  2947
Fittest                      42.10658882473259
highest fitness' coverage:   43.6706672845091
highest fitness' collisions: 0.15640784597765084
new generation:  2948
Fittest                      42.078566655615674
highest fitness' coverage:   43.642645115392185
highest fitness' collisions: 0.15640784597765087
new generation:  2949
Fittest                      42.11592039243482
highest fitness' coverage:   43.679998852211334
highest fitness' collisions: 0.15640784597765098
new generation:  2950
Fittest                      42.09408506798286
highest fitness' coverage:   43.65816352775937
highest fitness' collisions: 0.1564078459776508
new generation:  2951
Fittest                      42.09414873220148
highest fitness' coverage:   43.65822719197799
highest fitness' collisions: 0.15640784597765078
new generation:  2952
Fittest                      42.103681437509714
highest fitness' coverage:   43.667759897286224
highest fitness' collisions: 0.1564078459776509
new generation:  2953
Fittest                      42.11229714321016
highest fitness' coverage:   43.67637560298667
highest fitness' collisions: 0.15640784597765076
new generation:  2954
Fittest                      42.08163292407167
highest fitness' coverage:   43.642517107965396
highest fitness' collisions: 0.15608841838937296
new generation:  2955
Fittest                      42.115781083525036
highest fitness' coverage:   43.67666526741876
highest fitness' collisions: 0.15608841838937298
new generation:  2956
Fittest                      42.11915749458153
highest fitness' coverage:   43.680041678475256
highest fitness' collisions: 0.15608841838937296
new generation:  2957
Fittest                      42.103574000123515
highest fitness' coverage:   43.66445818401724
highest fitness' collisions: 0.15608841838937287
new generation:  2958
Fittest                      42.11583422689705
highest fitness' coverage:   43.67671841079078
highest fitness' collisions: 0.15608841838937293
new generation:  2959
Fittest                      42.12180398977126
highest fitness' coverage:   43.682688173664985
highest fitness' collisions: 0.15608841838937282
new generation:  2960
Fittest                      42.097185454264626
highest fitness' coverage:   43.65806963815835
highest fitness' collisions: 0.15608841838937293
new generation:  2961
Fittest                      42.10728598225934
highest fitness' coverage:   43.66420978287062
highest fitness' collisions: 0.15569238006112776
new generation:  2962
Fittest                      42.09249436023694
highest fitness' coverage:   43.65805202981765
highest fitness' collisions: 0.1565557669580704
new generation:  2963
Fittest                      42.09327417367246
highest fitness' coverage:   43.652435230401636
highest fitness' collisions: 0.15591610567291744
new generation:  2964
Fittest                      42.11168845503019
highest fitness' coverage:   43.670849511759364
highest fitness' collisions: 0.15591610567291722
new generation:  2965
Fittest                      42.09894574362533
highest fitness' coverage:   43.6581068003545
highest fitness' collisions: 0.1559161056729171
new generation:  2966
Fittest                      42.105304444771
highest fitness' coverage:   43.664465501500175
highest fitness' collisions: 0.1559161056729172
new generation:  2967
Fittest                      42.13032221781252
highest fitness' coverage:   43.68948327454169
highest fitness' collisions: 0.15591610567291722
new generation:  2968
Fittest                      42.10668477394367
highest fitness' coverage:   43.6674307238653
highest fitness' collisions: 0.15607459499216336
new generation:  2969
Fittest                      42.13193797030484
highest fitness' coverage:   43.69268392022647
highest fitness' collisions: 0.15607459499216347
new generation:  2970
Fittest                      42.094176894654765
highest fitness' coverage:   43.6549228445764
highest fitness' collisions: 0.15607459499216336
new generation:  2971
Fittest                      42.10071260397549
highest fitness' coverage:   43.66145855389712
highest fitness' collisions: 0.15607459499216328
new generation:  2972
Fittest                      42.11098802953882
highest fitness' coverage:   43.676909916021906
highest fitness' collisions: 0.15659218864830918
new generation:  2973
Fittest                      42.1107720946122
highest fitness' coverage:   43.67669398109529
highest fitness' collisions: 0.15659218864830912
new generation:  2974
Fittest                      42.11023881140636
highest fitness' coverage:   43.67054413053531
highest fitness' collisions: 0.15603053191289476
new generation:  2975
Fittest                      42.10043054125521
highest fitness' coverage:   43.66073586038415
highest fitness' collisions: 0.15603053191289468
new generation:  2976
Fittest                      42.09528478380586
highest fitness' coverage:   43.64882927318089
highest fitness' collisions: 0.15535444893750283
new generation:  2977
Fittest                      42.10795162551442
highest fitness' coverage:   43.661496114889445
highest fitness' collisions: 0.15535444893750278
new generation:  2978
Fittest                      42.104626876768435
highest fitness' coverage:   43.65817136614346
highest fitness' collisions: 0.15535444893750275
new generation:  2979
Fittest                      42.09722250377549
highest fitness' coverage:   43.679800275161604
highest fitness' collisions: 0.15825777713861158
new generation:  2980
Fittest                      42.090177171571895
highest fitness' coverage:   43.659624457813884
highest fitness' collisions: 0.15694472862419914
new generation:  2981
Fittest                      42.115692956502606
highest fitness' coverage:   43.6851402427446
highest fitness' collisions: 0.15694472862419928
new generation:  2982
Fittest                      42.09683078843428
highest fitness' coverage:   43.66627807467628
highest fitness' collisions: 0.15694472862419934
new generation:  2983
Fittest                      42.08110025769385
highest fitness' coverage:   43.65110988526103
highest fitness' collisions: 0.15700096275671827
new generation:  2984
Fittest                      42.090403418248044
highest fitness' coverage:   43.660413045815226
highest fitness' collisions: 0.1570009627567182
new generation:  2985
Fittest                      42.081096911970725
highest fitness' coverage:   43.651106539537906
highest fitness' collisions: 0.1570009627567182
new generation:  2986
Fittest                      42.12108715601565
highest fitness' coverage:   43.69109678358283
highest fitness' collisions: 0.1570009627567182
new generation:  2987
Fittest                      42.116342505121516
highest fitness' coverage:   43.69099726722048
highest fitness' collisions: 0.15746547620989673
new generation:  2988
Fittest                      42.07916665672662
highest fitness' coverage:   43.653821418825586
highest fitness' collisions: 0.15746547620989682
new generation:  2989
Fittest                      42.07121084419257
highest fitness' coverage:   43.63899218442219
highest fitness' collisions: 0.1567781340229619
new generation:  2990
Fittest                      42.073961702508385
highest fitness' coverage:   43.64174304273801
highest fitness' collisions: 0.15677813402296226
new generation:  2991
Fittest                      42.089336571935135
highest fitness' coverage:   43.65711791216476
highest fitness' collisions: 0.15677813402296212
new generation:  2992
Fittest                      42.1218560697226
highest fitness' coverage:   43.68222430753921
highest fitness' collisions: 0.1560368237816613
new generation:  2993
Fittest                      42.109063350864055
highest fitness' coverage:   43.669431588680666
highest fitness' collisions: 0.1560368237816613
new generation:  2994
Fittest                      42.093311428535486
highest fitness' coverage:   43.6536796663521
highest fitness' collisions: 0.15603682378166117
new generation:  2995
Fittest                      42.10288948088429
highest fitness' coverage:   43.663257718700905
highest fitness' collisions: 0.15603682378166114
new generation:  2996
Fittest                      42.09318303548841
highest fitness' coverage:   43.65355127330502
highest fitness' collisions: 0.15603682378166114
new generation:  2997
Fittest                      42.10301188776485
highest fitness' coverage:   43.66338012558146
highest fitness' collisions: 0.1560368237816611
new generation:  2998
Fittest                      42.1089958217644
highest fitness' coverage:   43.669364059581014
highest fitness' collisions: 0.15603682378166123
new generation:  2999
Fittest                      42.08680110181812
highest fitness' coverage:   43.602233977484204
highest fitness' collisions: 0.1515432875666086
new generation:  3000
Fittest                      42.099282585190906
highest fitness' coverage:   43.61471546085699
highest fitness' collisions: 0.15154328756660854
new generation:  3001
Fittest                      42.1176743547727
highest fitness' coverage:   43.63310723043879
highest fitness' collisions: 0.15154328756660854
new generation:  3002
Fittest                      42.092899369689455
highest fitness' coverage:   43.60833224535554
highest fitness' collisions: 0.15154328756660862
new generation:  3003
Fittest                      42.1079373060084
highest fitness' coverage:   43.6298887901546
highest fitness' collisions: 0.1521951484146198
new generation:  3004
Fittest                      42.09185269811069
highest fitness' coverage:   43.61415899564613
highest fitness' collisions: 0.15223062975354335
new generation:  3005
Fittest                      42.08019203603324
highest fitness' coverage:   43.60249833356867
highest fitness' collisions: 0.1522306297535432
new generation:  3006
Fittest                      42.09528676991161
highest fitness' coverage:   43.61759306744704
highest fitness' collisions: 0.15223062975354318
new generation:  3007
Fittest                      42.10480595799523
highest fitness' coverage:   43.62711225553066
highest fitness' collisions: 0.15223062975354326
new generation:  3008
Fittest                      42.11069675129543
highest fitness' coverage:   43.63300304883086
highest fitness' collisions: 0.1522306297535432
new generation:  3009
Fittest                      42.082674472744785
highest fitness' coverage:   43.60518735022662
highest fitness' collisions: 0.15225128774818342
new generation:  3010
Fittest                      42.09836100851598
highest fitness' coverage:   43.62087388599782
highest fitness' collisions: 0.1522512877481834
new generation:  3011
Fittest                      42.0828390466962
highest fitness' coverage:   43.60535192417804
highest fitness' collisions: 0.15225128774818342
new generation:  3012
Fittest                      42.107698219276465
highest fitness' coverage:   43.6302110967583
highest fitness' collisions: 0.15225128774818342
new generation:  3013
Fittest                      42.07915367781276
highest fitness' coverage:   43.6016665552946
highest fitness' collisions: 0.15225128774818342
new generation:  3014
Fittest                      42.09915149552006
highest fitness' coverage:   43.621102031676706
highest fitness' collisions: 0.15219505361566435
new generation:  3015
Fittest                      42.09645966491802
highest fitness' coverage:   43.617847859749475
highest fitness' collisions: 0.15213881948314545
new generation:  3016
Fittest                      42.08740332995727
highest fitness' coverage:   43.60879152478872
highest fitness' collisions: 0.15213881948314542
new generation:  3017
Fittest                      42.111428465206096
highest fitness' coverage:   43.63281666003755
highest fitness' collisions: 0.15213881948314528
new generation:  3018
Fittest                      42.096154697014285
highest fitness' coverage:   43.6237912489766
highest fitness' collisions: 0.152763655196232
new generation:  3019
Fittest                      42.09006248040915
highest fitness' coverage:   43.61769903237147
highest fitness' collisions: 0.15276365519623195
new generation:  3020
Fittest                      42.09902774582514
highest fitness' coverage:   43.605664731070846
highest fitness' collisions: 0.15066369852457046
new generation:  3021
Fittest                      42.12411715623601
highest fitness' coverage:   43.63075414148172
highest fitness' collisions: 0.15066369852457048
new generation:  3022
Fittest                      42.11440445129999
highest fitness' coverage:   43.621041436545696
highest fitness' collisions: 0.15066369852457054
new generation:  3023
Fittest                      42.123612938784454
highest fitness' coverage:   43.63024992403016
highest fitness' collisions: 0.1506636985245704
new generation:  3024
Fittest                      42.098538640217846
highest fitness' coverage:   43.60517562546355
highest fitness' collisions: 0.15066369852457057
new generation:  3025
Fittest                      42.12713955748774
highest fitness' coverage:   43.63377654273344
highest fitness' collisions: 0.15066369852457057
new generation:  3026
Fittest                      42.12787364381721
highest fitness' coverage:   43.636032327365946
highest fitness' collisions: 0.1508158683548738
new generation:  3027
Fittest                      42.122144600205075
highest fitness' coverage:   43.63030328375381
highest fitness' collisions: 0.15081586835487384
new generation:  3028
Fittest                      42.14983242088216
highest fitness' coverage:   43.6579911044309
highest fitness' collisions: 0.15081586835487384
new generation:  3029
Fittest                      42.146687192605754
highest fitness' coverage:   43.654845876154496
highest fitness' collisions: 0.15081586835487396
new generation:  3030
Fittest                      42.13749753698505
highest fitness' coverage:   43.64565622053379
highest fitness' collisions: 0.15081586835487393
new generation:  3031
Fittest                      42.13804253347829
highest fitness' coverage:   43.646201217027034
highest fitness' collisions: 0.15081586835487404
new generation:  3032
Fittest                      42.11589623647482
highest fitness' coverage:   43.62405492002355
highest fitness' collisions: 0.15081586835487384
new generation:  3033
Fittest                      42.118862919609576
highest fitness' coverage:   43.62702160315831
highest fitness' collisions: 0.15081586835487384
new generation:  3034
Fittest                      42.15628305931335
highest fitness' coverage:   43.66444174286209
highest fitness' collisions: 0.15081586835487384
new generation:  3035
Fittest                      42.146832759871174
highest fitness' coverage:   43.65499144341991
highest fitness' collisions: 0.1508158683548739
new generation:  3036
Fittest                      42.125029010865354
highest fitness' coverage:   43.63318769441409
highest fitness' collisions: 0.1508158683548739
new generation:  3037
Fittest                      42.11582115828409
highest fitness' coverage:   43.62397984183283
highest fitness' collisions: 0.15081586835487384
new generation:  3038
Fittest                      42.134444052038816
highest fitness' coverage:   43.64260273558755
highest fitness' collisions: 0.1508158683548738
new generation:  3039
Fittest                      42.11875486775226
highest fitness' coverage:   43.626913551301
highest fitness' collisions: 0.15081586835487393
new generation:  3040
Fittest                      42.14372415742842
highest fitness' coverage:   43.64942813206148
highest fitness' collisions: 0.1505703974633054
new generation:  3041
Fittest                      42.122076341182186
highest fitness' coverage:   43.62778031581524
highest fitness' collisions: 0.15057039746330533
new generation:  3042
Fittest                      42.13648829499603
highest fitness' coverage:   43.6488933264282
highest fitness' collisions: 0.15124050314321727
new generation:  3043
Fittest                      42.10219570478924
highest fitness' coverage:   43.61460073622141
highest fitness' collisions: 0.1512405031432172
new generation:  3044
Fittest                      42.13002937186116
highest fitness' coverage:   43.642434403293336
highest fitness' collisions: 0.15124050314321727
new generation:  3045
Fittest                      42.130306555898315
highest fitness' coverage:   43.64271158733049
highest fitness' collisions: 0.15124050314321713
new generation:  3046
Fittest                      42.124263843253615
highest fitness' coverage:   43.63666887468579
highest fitness' collisions: 0.15124050314321746
new generation:  3047
Fittest                      42.112817885063976
highest fitness' coverage:   43.63034288110015
highest fitness' collisions: 0.151752499603617
new generation:  3048
Fittest                      42.09370162644466
highest fitness' coverage:   43.61122662248083
highest fitness' collisions: 0.15175249960361684
new generation:  3049
Fittest                      42.10699802114417
highest fitness' coverage:   43.62452301718034
highest fitness' collisions: 0.15175249960361684
new generation:  3050
Fittest                      42.11277388070695
highest fitness' coverage:   43.630298876743126
highest fitness' collisions: 0.15175249960361703
new generation:  3051
Fittest                      42.13479992530755
highest fitness' coverage:   43.65232492134371
highest fitness' collisions: 0.15175249960361684
new generation:  3052
Fittest                      42.11471031241164
highest fitness' coverage:   43.63228745496201
highest fitness' collisions: 0.15175771425503698
new generation:  3053
Fittest                      42.12423154233835
highest fitness' coverage:   43.641808684888716
highest fitness' collisions: 0.1517577142550368
new generation:  3054
Fittest                      42.10794619672988
highest fitness' coverage:   43.62552333928024
highest fitness' collisions: 0.15175771425503684
new generation:  3055
Fittest                      42.12389418117915
highest fitness' coverage:   43.641471323729526
highest fitness' collisions: 0.1517577142550369
new generation:  3056
Fittest                      42.12952821630363
highest fitness' coverage:   43.647105358854006
highest fitness' collisions: 0.15175771425503704
new generation:  3057
Fittest                      42.13315054641449
highest fitness' coverage:   43.650727688964864
highest fitness' collisions: 0.15175771425503692
new generation:  3058
Fittest                      42.12336589677333
highest fitness' coverage:   43.6409430393237
highest fitness' collisions: 0.15175771425503698
new generation:  3059
Fittest                      42.11134640910336
highest fitness' coverage:   43.628923551653735
highest fitness' collisions: 0.151757714255037
new generation:  3060
Fittest                      42.14490524416147
highest fitness' coverage:   43.67560741262488
highest fitness' collisions: 0.1530702168463405
new generation:  3061
Fittest                      42.095450522480355
highest fitness' coverage:   43.62615269094376
highest fitness' collisions: 0.1530702168463405
new generation:  3062
Fittest                      42.10150595256527
highest fitness' coverage:   43.632208121028675
highest fitness' collisions: 0.1530702168463404
new generation:  3063
Fittest                      42.11383772647955
highest fitness' coverage:   43.64453989494296
highest fitness' collisions: 0.15307021684634042
new generation:  3064
Fittest                      42.100937705420506
highest fitness' coverage:   43.63163987388391
highest fitness' collisions: 0.1530702168463405
new generation:  3065
Fittest                      42.09825614395457
highest fitness' coverage:   43.634846061983104
highest fitness' collisions: 0.15365899180285333
new generation:  3066
Fittest                      42.08959426472341
highest fitness' coverage:   43.62618418275194
highest fitness' collisions: 0.15365899180285342
new generation:  3067
Fittest                      42.120090131047306
highest fitness' coverage:   43.65668004907584
highest fitness' collisions: 0.1536589918028535
new generation:  3068
Fittest                      42.130013459718896
highest fitness' coverage:   43.66660337774743
highest fitness' collisions: 0.1536589918028533
new generation:  3069
Fittest                      42.12501851530744
highest fitness' coverage:   43.6569310819231
highest fitness' collisions: 0.1531912566615662
new generation:  3070
Fittest                      42.09082219073137
highest fitness' coverage:   43.62273475734703
highest fitness' collisions: 0.15319125666156613
new generation:  3071
Fittest                      42.09367838779769
highest fitness' coverage:   43.62559095441335
highest fitness' collisions: 0.15319125666156616
new generation:  3072
Fittest                      42.09072551167114
highest fitness' coverage:   43.6226380782868
highest fitness' collisions: 0.1531912566615662
new generation:  3073
Fittest                      42.11266296029624
highest fitness' coverage:   43.6445755269119
highest fitness' collisions: 0.15319125666156622
new generation:  3074
Fittest                      42.092537780631446
highest fitness' coverage:   43.61622796249517
highest fitness' collisions: 0.15236901818637244
new generation:  3075
Fittest                      42.11160620826812
highest fitness' coverage:   43.63529639013184
highest fitness' collisions: 0.15236901818637236
new generation:  3076
Fittest                      42.10186645987626
highest fitness' coverage:   43.62555664173998
highest fitness' collisions: 0.15236901818637227
new generation:  3077
Fittest                      42.09629752727174
highest fitness' coverage:   43.61998770913546
highest fitness' collisions: 0.15236901818637227
new generation:  3078
Fittest                      42.10827966835127
highest fitness' coverage:   43.631969850215
highest fitness' collisions: 0.15236901818637244
new generation:  3079
Fittest                      42.101540830623705
highest fitness' coverage:   43.625231012487426
highest fitness' collisions: 0.15236901818637238
new generation:  3080
Fittest                      42.111683503302025
highest fitness' coverage:   43.635373685165746
highest fitness' collisions: 0.1523690181863724
new generation:  3081
Fittest                      42.123869963147044
highest fitness' coverage:   43.647560145010765
highest fitness' collisions: 0.1523690181863723
new generation:  3082
Fittest                      42.117298796171525
highest fitness' coverage:   43.640988978035246
highest fitness' collisions: 0.1523690181863724
new generation:  3083
Fittest                      42.118232437271494
highest fitness' coverage:   43.62879759322218
highest fitness' collisions: 0.15105651559506875
new generation:  3084
Fittest                      42.106213858479386
highest fitness' coverage:   43.61677901443007
highest fitness' collisions: 0.15105651559506864
new generation:  3085
Fittest                      42.11535241283287
highest fitness' coverage:   43.62591756878356
highest fitness' collisions: 0.1510565155950687
new generation:  3086
Fittest                      42.13693325675311
highest fitness' coverage:   43.6474984127038
highest fitness' collisions: 0.15105651559506883
new generation:  3087
Fittest                      42.112188577642954
highest fitness' coverage:   43.62275373359364
highest fitness' collisions: 0.1510565155950688
new generation:  3088
Fittest                      42.130533748681536
highest fitness' coverage:   43.64109890463222
highest fitness' collisions: 0.15105651559506864
new generation:  3089
Fittest                      42.11479031436154
highest fitness' coverage:   43.62535547031223
highest fitness' collisions: 0.15105651559506877
new generation:  3090
Fittest                      42.128252856807094
highest fitness' coverage:   43.63881801275778
highest fitness' collisions: 0.1510565155950688
new generation:  3091
Fittest                      42.112149546477795
highest fitness' coverage:   43.62271470242848
highest fitness' collisions: 0.15105651559506875
new generation:  3092
Fittest                      42.118525092769985
highest fitness' coverage:   43.62909024872067
highest fitness' collisions: 0.15105651559506866
new generation:  3093
Fittest                      42.09924600188943
highest fitness' coverage:   43.62547714594546
highest fitness' collisions: 0.15262311440560292
new generation:  3094
Fittest                      42.08429607112016
highest fitness' coverage:   43.610527215176184
highest fitness' collisions: 0.1526231144056026
new generation:  3095
Fittest                      42.099536310145865
highest fitness' coverage:   43.62576745420189
highest fitness' collisions: 0.1526231144056027
new generation:  3096
Fittest                      42.11827061754138
highest fitness' coverage:   43.644501761597404
highest fitness' collisions: 0.1526231144056026
new generation:  3097
Fittest                      42.12851452903803
highest fitness' coverage:   43.623122896492376
highest fitness' collisions: 0.1494608367454344
new generation:  3098
Fittest                      42.13154209853906
highest fitness' coverage:   43.6263410120652
highest fitness' collisions: 0.14947989135261394
new generation:  3099
Fittest                      42.143818423127286
highest fitness' coverage:   43.638617336653425
highest fitness' collisions: 0.1494798913526138
new generation:  3100
Fittest                      42.11529552343155
highest fitness' coverage:   43.61009443695769
highest fitness' collisions: 0.1494798913526139
new generation:  3101
Fittest                      42.131576725181844
highest fitness' coverage:   43.626375638707984
highest fitness' collisions: 0.14947989135261394
new generation:  3102
Fittest                      42.134596153676966
highest fitness' coverage:   43.62964280940887
highest fitness' collisions: 0.14950466557319023
new generation:  3103
Fittest                      42.11901696033329
highest fitness' coverage:   43.614063616065195
highest fitness' collisions: 0.14950466557319048
new generation:  3104
Fittest                      42.10943831987604
highest fitness' coverage:   43.604484975607946
highest fitness' collisions: 0.14950466557319034
new generation:  3105
Fittest                      42.10295484815766
highest fitness' coverage:   43.59800150388956
highest fitness' collisions: 0.14950466557319028
new generation:  3106
Fittest                      42.11288934391025
highest fitness' coverage:   43.60793599964215
highest fitness' collisions: 0.14950466557319023
new generation:  3107
Fittest                      42.12809848947934
highest fitness' coverage:   43.62314514521125
highest fitness' collisions: 0.14950466557319023
new generation:  3108
Fittest                      42.140366556139284
highest fitness' coverage:   43.63541321187118
highest fitness' collisions: 0.14950466557319012
new generation:  3109
Fittest                      42.12470851065352
highest fitness' coverage:   43.619755166385424
highest fitness' collisions: 0.14950466557319037
new generation:  3110
Fittest                      42.143764777331725
highest fitness' coverage:   43.63881143306363
highest fitness' collisions: 0.14950466557319025
new generation:  3111
Fittest                      42.12762340362007
highest fitness' coverage:   43.622670059351975
highest fitness' collisions: 0.14950466557319037
new generation:  3112
Fittest                      42.11248559377356
highest fitness' coverage:   43.60753224950547
highest fitness' collisions: 0.14950466557319034
new generation:  3113
Fittest                      42.1183903555823
highest fitness' coverage:   43.613437011314204
highest fitness' collisions: 0.14950466557319034
new generation:  3114
Fittest                      42.14156127008768
highest fitness' coverage:   43.63568913846749
highest fitness' collisions: 0.14941278683798112
new generation:  3115
Fittest                      42.13834546304259
highest fitness' coverage:   43.6324733314224
highest fitness' collisions: 0.14941278683798115
new generation:  3116
Fittest                      42.126034670865664
highest fitness' coverage:   43.62016253924548
highest fitness' collisions: 0.14941278683798115
new generation:  3117
Fittest                      42.13185870298456
highest fitness' coverage:   43.62598657136437
highest fitness' collisions: 0.1494127868379813
new generation:  3118
Fittest                      42.12027917957162
highest fitness' coverage:   43.61377544972408
highest fitness' collisions: 0.1493496270152461
new generation:  3119
Fittest                      42.12335491168551
highest fitness' coverage:   43.61685118183797
highest fitness' collisions: 0.14934962701524607
new generation:  3120
Fittest                      42.13214193930475
highest fitness' coverage:   43.625638209457215
highest fitness' collisions: 0.149349627015246
new generation:  3121
Fittest                      42.13276455160707
highest fitness' coverage:   43.62626082175953
highest fitness' collisions: 0.14934962701524623
new generation:  3122
Fittest                      42.12691462637268
highest fitness' coverage:   43.6065584867397
highest fitness' collisions: 0.14796438603670217
new generation:  3123
Fittest                      42.15891044627884
highest fitness' coverage:   43.62783911359348
highest fitness' collisions: 0.14689286673146457
new generation:  3124
Fittest                      42.13744343976562
highest fitness' coverage:   43.60637210708026
highest fitness' collisions: 0.14689286673146446
new generation:  3125
Fittest                      42.125524667662255
highest fitness' coverage:   43.5944533349769
highest fitness' collisions: 0.14689286673146446
new generation:  3126
Fittest                      42.159111252402255
highest fitness' coverage:   43.6280399197169
highest fitness' collisions: 0.14689286673146448
new generation:  3127
Fittest                      42.13938361406967
highest fitness' coverage:   43.622016184057834
highest fitness' collisions: 0.14826325699881607
new generation:  3128
Fittest                      42.11920464910976
highest fitness' coverage:   43.609867093859116
highest fitness' collisions: 0.14906624447493513
new generation:  3129
Fittest                      42.12524334106767
highest fitness' coverage:   43.61590578581703
highest fitness' collisions: 0.1490662444749353
new generation:  3130
Fittest                      42.11571078503164
highest fitness' coverage:   43.60637322978099
highest fitness' collisions: 0.14906624447493522
new generation:  3131
Fittest                      42.13309975146167
highest fitness' coverage:   43.62511115909361
highest fitness' collisions: 0.14920114076319446
new generation:  3132
Fittest                      42.10830394099807
highest fitness' coverage:   43.60031534863001
highest fitness' collisions: 0.14920114076319438
new generation:  3133
Fittest                      42.105120286031124
highest fitness' coverage:   43.597131693663066
highest fitness' collisions: 0.14920114076319432
new generation:  3134
Fittest                      42.10840219548756
highest fitness' coverage:   43.6004136031195
highest fitness' collisions: 0.14920114076319424
new generation:  3135
Fittest                      42.123614595848764
highest fitness' coverage:   43.62210156152317
highest fitness' collisions: 0.14984869656744096
new generation:  3136
Fittest                      42.126187946449335
highest fitness' coverage:   43.624674912123744
highest fitness' collisions: 0.14984869656744082
new generation:  3137
Fittest                      42.12660578801002
highest fitness' coverage:   43.62509275368443
highest fitness' collisions: 0.14984869656744088
new generation:  3138
Fittest                      42.11690531717347
highest fitness' coverage:   43.61539228284788
highest fitness' collisions: 0.14984869656744085
new generation:  3139
Fittest                      42.117619230667245
highest fitness' coverage:   43.616106196341654
highest fitness' collisions: 0.14984869656744076
new generation:  3140
Fittest                      42.11165643825199
highest fitness' coverage:   43.6101434039264
highest fitness' collisions: 0.1498486965674409
new generation:  3141
Fittest                      42.100726030015295
highest fitness' coverage:   43.60045376658507
highest fitness' collisions: 0.14997277365697773
new generation:  3142
Fittest                      42.11419001344603
highest fitness' coverage:   43.6095525916934
highest fitness' collisions: 0.1495362578247375
new generation:  3143
Fittest                      42.12056280444334
highest fitness' coverage:   43.61592538269071
highest fitness' collisions: 0.14953625782473756
new generation:  3144
Fittest                      42.1576560895306
highest fitness' coverage:   43.65301866777797
highest fitness' collisions: 0.1495362578247375
new generation:  3145
Fittest                      42.1043291746595
highest fitness' coverage:   43.59989127913837
highest fitness' collisions: 0.14955621044788722
new generation:  3146
Fittest                      42.104260456972966
highest fitness' coverage:   43.59982256145184
highest fitness' collisions: 0.1495562104478873
new generation:  3147
Fittest                      42.13289062664788
highest fitness' coverage:   43.62845273112675
highest fitness' collisions: 0.14955621044788736
new generation:  3148
Fittest                      42.14162218767851
highest fitness' coverage:   43.63718429215738
highest fitness' collisions: 0.14955621044788725
new generation:  3149
Fittest                      42.12599642044186
highest fitness' coverage:   43.62155852492073
highest fitness' collisions: 0.14955621044788706
new generation:  3150
Fittest                      42.11085171079363
highest fitness' coverage:   43.606413815272504
highest fitness' collisions: 0.14955621044788725
new generation:  3151
Fittest                      42.129581140424676
highest fitness' coverage:   43.62514324490355
highest fitness' collisions: 0.1495562104478873
new generation:  3152
Fittest                      42.10775721994005
highest fitness' coverage:   43.60331932441892
highest fitness' collisions: 0.1495562104478873
new generation:  3153
Fittest                      42.151386416442016
highest fitness' coverage:   43.64694852092089
highest fitness' collisions: 0.14955621044788728
new generation:  3154
Fittest                      42.123349357139446
highest fitness' coverage:   43.61891146161832
highest fitness' collisions: 0.1495562104478872
new generation:  3155
Fittest                      42.116681911311055
highest fitness' coverage:   43.612244015789926
highest fitness' collisions: 0.14955621044788733
new generation:  3156
Fittest                      42.12425643733155
highest fitness' coverage:   43.60342817964823
highest fitness' collisions: 0.14791717423166814
new generation:  3157
Fittest                      42.130407947560904
highest fitness' coverage:   43.609579689877584
highest fitness' collisions: 0.14791717423166814
new generation:  3158
Fittest                      42.13642304025952
highest fitness' coverage:   43.6155947825762
highest fitness' collisions: 0.14791717423166803
new generation:  3159
Fittest                      42.1229757350807
highest fitness' coverage:   43.606462674069064
highest fitness' collisions: 0.14834869389883662
new generation:  3160
Fittest                      42.125730940884935
highest fitness' coverage:   43.609217879873306
highest fitness' collisions: 0.1483486938988367
new generation:  3161
Fittest                      42.12927275534364
highest fitness' coverage:   43.612759694332006
highest fitness' collisions: 0.1483486938988366
new generation:  3162
Fittest                      42.13844857944619
highest fitness' coverage:   43.621935518434555
highest fitness' collisions: 0.14834869389883654
new generation:  3163
Fittest                      42.13526127654341
highest fitness' coverage:   43.618748215531774
highest fitness' collisions: 0.14834869389883668
new generation:  3164
Fittest                      42.123179480262536
highest fitness' coverage:   43.6066664192509
highest fitness' collisions: 0.14834869389883662
new generation:  3165
Fittest                      42.13247210605389
highest fitness' coverage:   43.61595904504225
highest fitness' collisions: 0.14834869389883656
new generation:  3166
Fittest                      42.12584375069442
highest fitness' coverage:   43.609330689682785
highest fitness' collisions: 0.1483486938988365
new generation:  3167
Fittest                      42.1324653053837
highest fitness' coverage:   43.61595224437206
highest fitness' collisions: 0.14834869389883662
new generation:  3168
Fittest                      42.12260742219604
highest fitness' coverage:   43.60609436118441
highest fitness' collisions: 0.1483486938988367
new generation:  3169
Fittest                      42.15013560768454
highest fitness' coverage:   43.6217154710424
highest fitness' collisions: 0.14715798633578586
new generation:  3170
Fittest                      42.131080588686984
highest fitness' coverage:   43.602660452044844
highest fitness' collisions: 0.14715798633578597
new generation:  3171
Fittest                      42.12544336180257
highest fitness' coverage:   43.59702322516043
highest fitness' collisions: 0.14715798633578586
new generation:  3172
Fittest                      42.150012871516545
highest fitness' coverage:   43.621592734874405
highest fitness' collisions: 0.14715798633578592
new generation:  3173
Fittest                      42.144202541482116
highest fitness' coverage:   43.615782404839976
highest fitness' collisions: 0.14715798633578603
new generation:  3174
Fittest                      42.178708560598594
highest fitness' coverage:   43.76194141550362
highest fitness' collisions: 0.1583232854905026
new generation:  3175
Fittest                      42.18491353638588
highest fitness' coverage:   43.768146391290905
highest fitness' collisions: 0.1583232854905025
new generation:  3176
Fittest                      42.2066159868476
highest fitness' coverage:   43.78984884175263
highest fitness' collisions: 0.1583232854905025
new generation:  3177
Fittest                      42.18776059937068
highest fitness' coverage:   43.770993454275704
highest fitness' collisions: 0.15832328549050267
new generation:  3178
Fittest                      42.19429883916756
highest fitness' coverage:   43.777531694072586
highest fitness' collisions: 0.1583232854905025
new generation:  3179
Fittest                      42.19776270801771
highest fitness' coverage:   43.78099556292274
highest fitness' collisions: 0.15832328549050248
new generation:  3180
Fittest                      42.18832981396756
highest fitness' coverage:   43.77156266887259
highest fitness' collisions: 0.15832328549050245
new generation:  3181
Fittest                      42.17702693517727
highest fitness' coverage:   43.7650704163293
highest fitness' collisions: 0.15880434811520364
new generation:  3182
Fittest                      42.195483587924954
highest fitness' coverage:   43.78352706907699
highest fitness' collisions: 0.1588043481152037
new generation:  3183
Fittest                      42.2019324841094
highest fitness' coverage:   43.78997596526143
highest fitness' collisions: 0.15880434811520364
new generation:  3184
Fittest                      42.18972173592699
highest fitness' coverage:   43.77776521707902
highest fitness' collisions: 0.15880434811520372
new generation:  3185
Fittest                      42.19526683268158
highest fitness' coverage:   43.78331031383362
highest fitness' collisions: 0.15880434811520355
new generation:  3186
Fittest                      42.17703448444282
highest fitness' coverage:   43.765077965594855
highest fitness' collisions: 0.15880434811520364
new generation:  3187
Fittest                      42.19907065985217
highest fitness' coverage:   43.7871141410042
highest fitness' collisions: 0.15880434811520364
new generation:  3188
Fittest                      42.189119709675424
highest fitness' coverage:   43.77716319082746
highest fitness' collisions: 0.1588043481152037
new generation:  3189
Fittest                      42.17720260963887
highest fitness' coverage:   43.7652460907909
highest fitness' collisions: 0.15880434811520364
new generation:  3190
Fittest                      42.18210281634655
highest fitness' coverage:   43.777231942988045
highest fitness' collisions: 0.15951291266414966
new generation:  3191
Fittest                      42.16720036016412
highest fitness' coverage:   43.76232948680561
highest fitness' collisions: 0.15951291266414966
new generation:  3192
Fittest                      42.177936950069785
highest fitness' coverage:   43.789738548836795
highest fitness' collisions: 0.1611801598767007
new generation:  3193
Fittest                      42.17822993774458
highest fitness' coverage:   43.79003153651159
highest fitness' collisions: 0.16118015987670087
new generation:  3194
Fittest                      42.156250823764196
highest fitness' coverage:   43.768052422531206
highest fitness' collisions: 0.16118015987670076
new generation:  3195
Fittest                      42.16611978914655
highest fitness' coverage:   43.77792138791356
highest fitness' collisions: 0.16118015987670076
new generation:  3196
Fittest                      42.16275868162009
highest fitness' coverage:   43.7745602803871
highest fitness' collisions: 0.16118015987670067
new generation:  3197
Fittest                      42.162500263533246
highest fitness' coverage:   43.774301862300256
highest fitness' collisions: 0.1611801598767007
new generation:  3198
Fittest                      42.17225870581435
highest fitness' coverage:   43.78406030458136
highest fitness' collisions: 0.1611801598767008
new generation:  3199
Fittest                      42.152989328647145
highest fitness' coverage:   43.764790927414154
highest fitness' collisions: 0.1611801598767007
new generation:  3200
Fittest                      42.18868922777621
highest fitness' coverage:   43.7966844387203
highest fitness' collisions: 0.16079952109440906
new generation:  3201
Fittest                      42.15079713220506
highest fitness' coverage:   43.758792343149146
highest fitness' collisions: 0.1607995210944091
new generation:  3202
Fittest                      42.16919845918482
highest fitness' coverage:   43.777193670128916
highest fitness' collisions: 0.16079952109440934
new generation:  3203
Fittest                      42.14749244106918
highest fitness' coverage:   43.75548765201327
highest fitness' collisions: 0.16079952109440915
new generation:  3204
Fittest                      42.169408204163275
highest fitness' coverage:   43.777403415107365
highest fitness' collisions: 0.1607995210944091
new generation:  3205
Fittest                      42.1757119192879
highest fitness' coverage:   43.78370713023199
highest fitness' collisions: 0.16079952109440906
new generation:  3206
Fittest                      42.160348820219475
highest fitness' coverage:   43.768344031163565
highest fitness' collisions: 0.16079952109440906
new generation:  3207
Fittest                      42.16345221778496
highest fitness' coverage:   43.77144742872905
highest fitness' collisions: 0.160799521094409
new generation:  3208
Fittest                      42.19755852114938
highest fitness' coverage:   43.80555373209347
highest fitness' collisions: 0.1607995210944092
new generation:  3209
Fittest                      42.16623816737743
highest fitness' coverage:   43.774175554261085
highest fitness' collisions: 0.1607937386883652
new generation:  3210
Fittest                      42.185160289037285
highest fitness' coverage:   43.79309767592093
highest fitness' collisions: 0.16079373868836513
new generation:  3211
Fittest                      42.161701600044715
highest fitness' coverage:   43.758505093225146
highest fitness' collisions: 0.15968034931804329
new generation:  3212
Fittest                      42.15901578446848
highest fitness' coverage:   43.75581927764891
highest fitness' collisions: 0.15968034931804326
new generation:  3213
Fittest                      42.181221465006644
highest fitness' coverage:   43.778024958187075
highest fitness' collisions: 0.15968034931804348
new generation:  3214
Fittest                      42.180695931098036
highest fitness' coverage:   43.77749942427847
highest fitness' collisions: 0.15968034931804337
new generation:  3215
Fittest                      42.208734182508046
highest fitness' coverage:   43.80553767568848
highest fitness' collisions: 0.15968034931804326
new generation:  3216
Fittest                      42.15571732048736
highest fitness' coverage:   43.75252081366779
highest fitness' collisions: 0.1596803493180433
new generation:  3217
Fittest                      42.186997562350925
highest fitness' coverage:   43.783801055531356
highest fitness' collisions: 0.15968034931804342
new generation:  3218
Fittest                      42.16804818331289
highest fitness' coverage:   43.771054743681844
highest fitness' collisions: 0.16030065603689506
new generation:  3219
Fittest                      42.16601604987827
highest fitness' coverage:   43.777143402491426
highest fitness' collisions: 0.16111273526131556
new generation:  3220
Fittest                      42.163429643652805
highest fitness' coverage:   43.77455699626596
highest fitness' collisions: 0.1611127352613156
new generation:  3221
Fittest                      42.172756606520615
highest fitness' coverage:   43.783883959133775
highest fitness' collisions: 0.16111273526131564
new generation:  3222
Fittest                      42.15844220575503
highest fitness' coverage:   43.77115445156065
highest fitness' collisions: 0.1612712245805619
new generation:  3223
Fittest                      42.155595936846574
highest fitness' coverage:   43.76830818265219
highest fitness' collisions: 0.16127122458056167
new generation:  3224
Fittest                      42.17135555484445
highest fitness' coverage:   43.78406780065007
highest fitness' collisions: 0.1612712245805619
new generation:  3225
Fittest                      42.1715517081821
highest fitness' coverage:   43.78699745307333
highest fitness' collisions: 0.1615445744891234
new generation:  3226
Fittest                      42.185650720320595
highest fitness' coverage:   43.79628583896482
highest fitness' collisions: 0.16106351186442247
new generation:  3227
Fittest                      42.194976105897894
highest fitness' coverage:   43.80561122454212
highest fitness' collisions: 0.16106351186442255
new generation:  3228
Fittest                      42.16103510431407
highest fitness' coverage:   43.77167022295829
highest fitness' collisions: 0.1610635118644223
new generation:  3229
Fittest                      42.15482180168663
highest fitness' coverage:   43.765456920330855
highest fitness' collisions: 0.16106351186442225
new generation:  3230
Fittest                      42.16964366476973
highest fitness' coverage:   43.780278783413955
highest fitness' collisions: 0.1610635118644225
new generation:  3231
Fittest                      42.163865111406686
highest fitness' coverage:   43.77450023005091
highest fitness' collisions: 0.16106351186442242
new generation:  3232
Fittest                      42.17352061757738
highest fitness' coverage:   43.78415573622161
highest fitness' collisions: 0.1610635118644222
new generation:  3233
Fittest                      42.14820176777282
highest fitness' coverage:   43.75883688641704
highest fitness' collisions: 0.16106351186442247
new generation:  3234
Fittest                      42.16305169037649
highest fitness' coverage:   43.770878555956386
highest fitness' collisions: 0.1607826865579898
new generation:  3235
Fittest                      42.19416746330001
highest fitness' coverage:   43.802383374024906
highest fitness' collisions: 0.16082159107248908
new generation:  3236
Fittest                      42.16900345228539
highest fitness' coverage:   43.77721936301028
highest fitness' collisions: 0.1608215910724891
new generation:  3237
Fittest                      42.15667327224021
highest fitness' coverage:   43.755769074571546
highest fitness' collisions: 0.15990958023313326
new generation:  3238
Fittest                      42.17236431856595
highest fitness' coverage:   43.77146012089728
highest fitness' collisions: 0.1599095802331332
new generation:  3239
Fittest                      42.168752314236386
highest fitness' coverage:   43.76784811656772
highest fitness' collisions: 0.15990958023313326
new generation:  3240
Fittest                      42.16901543804497
highest fitness' coverage:   43.76811124037631
highest fitness' collisions: 0.15990958023313323
new generation:  3241
Fittest                      42.18451738612345
highest fitness' coverage:   43.78361318845479
highest fitness' collisions: 0.15990958023313323
new generation:  3242
Fittest                      42.15338979648547
highest fitness' coverage:   43.752485598816804
highest fitness' collisions: 0.15990958023313315
new generation:  3243
Fittest                      42.19858443182879
highest fitness' coverage:   43.79609534096767
highest fitness' collisions: 0.1597510909138873
new generation:  3244
Fittest                      42.160382297860956
highest fitness' coverage:   43.7899050287465
highest fitness' collisions: 0.162952273088555
new generation:  3245
Fittest                      42.14769557799667
highest fitness' coverage:   43.77721830888222
highest fitness' collisions: 0.162952273088555
new generation:  3246
Fittest                      42.14693226975352
highest fitness' coverage:   43.78060246743705
highest fitness' collisions: 0.16336701976835263
new generation:  3247
Fittest                      42.14074385806735
highest fitness' coverage:   43.774414055750874
highest fitness' collisions: 0.1633670197683525
new generation:  3248
Fittest                      42.14705180581945
highest fitness' coverage:   43.78072200350298
highest fitness' collisions: 0.16336701976835266
new generation:  3249
Fittest                      42.15022699660814
highest fitness' coverage:   43.78389719429167
highest fitness' collisions: 0.16336701976835258
new generation:  3250
Fittest                      42.13728929504266
highest fitness' coverage:   43.77095949272619
highest fitness' collisions: 0.16336701976835274
new generation:  3251
Fittest                      42.14851390330132
highest fitness' coverage:   43.78376899417731
highest fitness' collisions: 0.16352550908759883
new generation:  3252
Fittest                      42.14547934719025
highest fitness' coverage:   43.78073443806624
highest fitness' collisions: 0.16352550908759866
new generation:  3253
Fittest                      42.126426953064346
highest fitness' coverage:   43.76168204394033
highest fitness' collisions: 0.1635255090875989
new generation:  3254
Fittest                      42.14175913322064
highest fitness' coverage:   43.777014224096625
highest fitness' collisions: 0.16352550908759855
new generation:  3255
Fittest                      42.120455248666616
highest fitness' coverage:   43.7557103395426
highest fitness' collisions: 0.16352550908759894
new generation:  3256
Fittest                      42.141876576552704
highest fitness' coverage:   43.77713166742869
highest fitness' collisions: 0.1635255090875987
new generation:  3257
Fittest                      42.17370473108615
highest fitness' coverage:   43.808959821962134
highest fitness' collisions: 0.16352550908759875
new generation:  3258
Fittest                      42.148494237087704
highest fitness' coverage:   43.78374932796369
highest fitness' collisions: 0.16352550908759875
new generation:  3259
Fittest                      42.15170878961689
highest fitness' coverage:   43.78696388049288
highest fitness' collisions: 0.16352550908759864
new generation:  3260
Fittest                      42.13914700731096
highest fitness' coverage:   43.77440209818695
highest fitness' collisions: 0.16352550908759866
new generation:  3261
Fittest                      42.14227135399985
highest fitness' coverage:   43.77752644487584
highest fitness' collisions: 0.16352550908759875
new generation:  3262
Fittest                      42.12028231969759
highest fitness' coverage:   43.755537410573574
highest fitness' collisions: 0.16352550908759875
new generation:  3263
Fittest                      42.1392715011555
highest fitness' coverage:   43.774526592031485
highest fitness' collisions: 0.1635255090875988
new generation:  3264
Fittest                      42.16073639675057
highest fitness' coverage:   43.79599148762656
highest fitness' collisions: 0.16352550908759866
new generation:  3265
Fittest                      42.1388520658626
highest fitness' coverage:   43.77410715673859
highest fitness' collisions: 0.16352550908759858
new generation:  3266
Fittest                      42.13586788332011
highest fitness' coverage:   43.771122974196096
highest fitness' collisions: 0.16352550908759877
new generation:  3267
Fittest                      42.154574434840775
highest fitness' coverage:   43.78982952571676
highest fitness' collisions: 0.1635255090875987
new generation:  3268
Fittest                      42.144410094960335
highest fitness' coverage:   43.78985393012405
highest fitness' collisions: 0.16454438351637166
new generation:  3269
Fittest                      42.134359649444995
highest fitness' coverage:   43.78063314671452
highest fitness' collisions: 0.16462734972695225
new generation:  3270
Fittest                      42.11993770907729
highest fitness' coverage:   43.77088855775968
highest fitness' collisions: 0.1650950848682395
new generation:  3271
Fittest                      42.12009801684625
highest fitness' coverage:   43.77104886552864
highest fitness' collisions: 0.16509508486823946
new generation:  3272
Fittest                      42.126659209973155
highest fitness' coverage:   43.777610058655554
highest fitness' collisions: 0.16509508486823965
new generation:  3273
Fittest                      42.11998966388564
highest fitness' coverage:   43.77094051256803
highest fitness' collisions: 0.16509508486823937
new generation:  3274
Fittest                      42.12043253597321
highest fitness' coverage:   43.7713833846556
highest fitness' collisions: 0.16509508486823954
new generation:  3275
Fittest                      42.12647520333198
highest fitness' coverage:   43.77742605201438
highest fitness' collisions: 0.16509508486823965
new generation:  3276
Fittest                      42.144954400093965
highest fitness' coverage:   43.79590524877636
highest fitness' collisions: 0.16509508486823954
new generation:  3277
Fittest                      42.120358546122
highest fitness' coverage:   43.77130939480439
highest fitness' collisions: 0.1650950848682395
new generation:  3278
Fittest                      42.11719287127031
highest fitness' coverage:   43.768143719952704
highest fitness' collisions: 0.16509508486823943
new generation:  3279
Fittest                      42.13541101863835
highest fitness' coverage:   43.78636186732074
highest fitness' collisions: 0.16509508486823943
new generation:  3280
Fittest                      42.11738432123349
highest fitness' coverage:   43.76833516991588
highest fitness' collisions: 0.16509508486823954
new generation:  3281
Fittest                      42.123185409387915
highest fitness' coverage:   43.774136258070314
highest fitness' collisions: 0.16509508486823957
new generation:  3282
Fittest                      42.111137988394916
highest fitness' coverage:   43.762088837077314
highest fitness' collisions: 0.16509508486823954
new generation:  3283
Fittest                      42.117489263721836
highest fitness' coverage:   43.76844011240423
highest fitness' collisions: 0.16509508486823948
new generation:  3284
Fittest                      42.12706417919018
highest fitness' coverage:   43.77801502787257
highest fitness' collisions: 0.16509508486823926
new generation:  3285
Fittest                      42.117893690998635
highest fitness' coverage:   43.768844539681034
highest fitness' collisions: 0.1650950848682396
new generation:  3286
Fittest                      42.15718074332241
highest fitness' coverage:   43.81532941947377
highest fitness' collisions: 0.16581486761513659
new generation:  3287
Fittest                      42.114245503052274
highest fitness' coverage:   43.79368751315253
highest fitness' collisions: 0.16794420101002522
new generation:  3288
Fittest                      42.09223809504313
highest fitness' coverage:   43.77168010514338
highest fitness' collisions: 0.1679442010100253
new generation:  3289
Fittest                      42.08876515501638
highest fitness' coverage:   43.768720026500624
highest fitness' collisions: 0.16799548714842433
new generation:  3290
Fittest                      42.10100610726498
highest fitness' coverage:   43.78096097874922
highest fitness' collisions: 0.16799548714842436
new generation:  3291
Fittest                      42.100936025674926
highest fitness' coverage:   43.780890897159175
highest fitness' collisions: 0.16799548714842458
new generation:  3292
Fittest                      42.10743207522003
highest fitness' coverage:   43.787386946704274
highest fitness' collisions: 0.1679954871484244
new generation:  3293
Fittest                      42.08548656347426
highest fitness' coverage:   43.765441434958504
highest fitness' collisions: 0.16799548714842447
new generation:  3294
Fittest                      42.10104979880851
highest fitness' coverage:   43.78100467029275
highest fitness' collisions: 0.1679954871484244
new generation:  3295
Fittest                      42.09159629202029
highest fitness' coverage:   43.77155116350453
highest fitness' collisions: 0.1679954871484244
new generation:  3296
Fittest                      42.098103185731134
highest fitness' coverage:   43.778058057215375
highest fitness' collisions: 0.1679954871484243
new generation:  3297
Fittest                      42.116826636175304
highest fitness' coverage:   43.796781507659546
highest fitness' collisions: 0.16799548714842438
new generation:  3298
Fittest                      42.1009894297032
highest fitness' coverage:   43.78094430118744
highest fitness' collisions: 0.1679954871484245
new generation:  3299
Fittest                      42.09772906844771
highest fitness' coverage:   43.777683939931954
highest fitness' collisions: 0.16799548714842438
new generation:  3300
Fittest                      42.11661486801976
highest fitness' coverage:   43.796569739504
highest fitness' collisions: 0.16799548714842433
new generation:  3301
Fittest                      42.09834011936879
highest fitness' coverage:   43.778294990853034
highest fitness' collisions: 0.16799548714842438
new generation:  3302
Fittest                      42.11971328511913
highest fitness' coverage:   43.799668156603374
highest fitness' collisions: 0.16799548714842436
new generation:  3303
Fittest                      42.1007820467468
highest fitness' coverage:   43.78073691823104
highest fitness' collisions: 0.16799548714842422
new generation:  3304
Fittest                      42.1048010204673
highest fitness' coverage:   43.78475589195154
highest fitness' collisions: 0.16799548714842438
new generation:  3305
Fittest                      42.113357130267374
highest fitness' coverage:   43.793312001751616
highest fitness' collisions: 0.16799548714842433
new generation:  3306
Fittest                      42.094132075841365
highest fitness' coverage:   43.784450230038054
highest fitness' collisions: 0.1690318154196687
new generation:  3307
Fittest                      42.104160259103075
highest fitness' coverage:   43.794478413299764
highest fitness' collisions: 0.16903181541966855
new generation:  3308
Fittest                      42.12239397374884
highest fitness' coverage:   43.81271212794553
highest fitness' collisions: 0.1690318154196687
new generation:  3309
Fittest                      42.110574741229215
highest fitness' coverage:   43.8008928954259
highest fitness' collisions: 0.16903181541966886
new generation:  3310
Fittest                      42.09756035705203
highest fitness' coverage:   43.78787851124872
highest fitness' collisions: 0.16903181541966866
new generation:  3311
Fittest                      42.10349356064369
highest fitness' coverage:   43.79381171484038
highest fitness' collisions: 0.16903181541966858
new generation:  3312
Fittest                      42.116064577565496
highest fitness' coverage:   43.806382731762184
highest fitness' collisions: 0.16903181541966852
new generation:  3313
Fittest                      42.10697185105622
highest fitness' coverage:   43.79729000525291
highest fitness' collisions: 0.16903181541966866
new generation:  3314
Fittest                      42.12587507117373
highest fitness' coverage:   43.81619322537042
highest fitness' collisions: 0.16903181541966875
new generation:  3315
Fittest                      42.14124530060012
highest fitness' coverage:   43.83156345479681
highest fitness' collisions: 0.1690318154196687
new generation:  3316
Fittest                      42.08835993470909
highest fitness' coverage:   43.77867808890578
highest fitness' collisions: 0.1690318154196687
new generation:  3317
Fittest                      42.11626107136846
highest fitness' coverage:   43.80657922556515
highest fitness' collisions: 0.16903181541966855
new generation:  3318
Fittest                      42.09611229532594
highest fitness' coverage:   43.782115252850936
highest fitness' collisions: 0.1686002957525
new generation:  3319
Fittest                      42.13029266176012
highest fitness' coverage:   43.81629561928512
highest fitness' collisions: 0.16860029575250002
new generation:  3320
Fittest                      42.130651880196154
highest fitness' coverage:   43.81665483772115
highest fitness' collisions: 0.16860029575250007
new generation:  3321
Fittest                      42.121036514356945
highest fitness' coverage:   43.80703947188194
highest fitness' collisions: 0.16860029575250005
new generation:  3322
Fittest                      42.111364550260326
highest fitness' coverage:   43.797367507785324
highest fitness' collisions: 0.16860029575250005
new generation:  3323
Fittest                      42.11193417960396
highest fitness' coverage:   43.79793713712896
highest fitness' collisions: 0.16860029575250002
new generation:  3324
Fittest                      42.120895106196954
highest fitness' coverage:   43.80689806372195
highest fitness' collisions: 0.16860029575250013
new generation:  3325
Fittest                      42.12694216701795
highest fitness' coverage:   43.80698784546982
highest fitness' collisions: 0.16800456784518666
new generation:  3326
Fittest                      42.1300885397102
highest fitness' coverage:   43.81013421816207
highest fitness' collisions: 0.16800456784518655
new generation:  3327
Fittest                      42.12688841051214
highest fitness' coverage:   43.806934088964006
highest fitness' collisions: 0.16800456784518672
new generation:  3328
Fittest                      42.10514026866163
highest fitness' coverage:   43.7851859471135
highest fitness' collisions: 0.16800456784518658
new generation:  3329
Fittest                      42.123391635219356
highest fitness' coverage:   43.803437313671225
highest fitness' collisions: 0.16800456784518672
new generation:  3330
Fittest                      42.132749814369575
highest fitness' coverage:   43.812795492821444
highest fitness' collisions: 0.16800456784518658
new generation:  3331
Fittest                      42.132745633727126
highest fitness' coverage:   43.82567380769592
highest fitness' collisions: 0.1692928173968798
new generation:  3332
Fittest                      42.11726685131929
highest fitness' coverage:   43.81019502528809
highest fitness' collisions: 0.16929281739687985
new generation:  3333
Fittest                      42.10479566813161
highest fitness' coverage:   43.7977238421004
highest fitness' collisions: 0.16929281739687974
new generation:  3334
Fittest                      42.104956070581835
highest fitness' coverage:   43.79788424455063
highest fitness' collisions: 0.1692928173968798
new generation:  3335
Fittest                      42.138601473898575
highest fitness' coverage:   43.83152964786737
highest fitness' collisions: 0.1692928173968797
new generation:  3336
Fittest                      42.10683611114473
highest fitness' coverage:   43.79764441178833
highest fitness' collisions: 0.1690808300643606
new generation:  3337
Fittest                      42.10283046535374
highest fitness' coverage:   43.77567648603879
highest fitness' collisions: 0.16728460206850512
new generation:  3338
Fittest                      42.124649944882094
highest fitness' coverage:   43.797495965567144
highest fitness' collisions: 0.1672846020685051
new generation:  3339
Fittest                      42.121681975401195
highest fitness' coverage:   43.794527996086245
highest fitness' collisions: 0.16728460206850493
new generation:  3340
Fittest                      42.14051843008671
highest fitness' coverage:   43.81336445077176
highest fitness' collisions: 0.167284602068505
new generation:  3341
Fittest                      42.12522907780364
highest fitness' coverage:   43.79815564043831
highest fitness' collisions: 0.16729265626346732
new generation:  3342
Fittest                      42.13464026121664
highest fitness' coverage:   43.80756682385131
highest fitness' collisions: 0.16729265626346734
new generation:  3343
Fittest                      42.14115232309202
highest fitness' coverage:   43.814078885726694
highest fitness' collisions: 0.16729265626346732
new generation:  3344
Fittest                      42.15052898796748
highest fitness' coverage:   43.823455550602155
highest fitness' collisions: 0.16729265626346726
new generation:  3345
Fittest                      42.13783417005435
highest fitness' coverage:   43.81076073268902
highest fitness' collisions: 0.1672926562634672
new generation:  3346
Fittest                      42.141237167411234
highest fitness' coverage:   43.814163730045905
highest fitness' collisions: 0.16729265626346723
new generation:  3347
Fittest                      42.141490079331994
highest fitness' coverage:   43.814416641966666
highest fitness' collisions: 0.16729265626346718
new generation:  3348
Fittest                      42.13457710597748
highest fitness' coverage:   43.80750366861215
highest fitness' collisions: 0.1672926562634674
new generation:  3349
Fittest                      42.132424073356695
highest fitness' coverage:   43.80535063599137
highest fitness' collisions: 0.16729265626346715
new generation:  3350
Fittest                      42.14411079421206
highest fitness' coverage:   43.81703735684673
highest fitness' collisions: 0.16729265626346718
new generation:  3351
Fittest                      42.131807903333744
highest fitness' coverage:   43.804734465968416
highest fitness' collisions: 0.16729265626346723
new generation:  3352
Fittest                      42.14074923693756
highest fitness' coverage:   43.81367579957223
highest fitness' collisions: 0.16729265626346732
new generation:  3353
Fittest                      42.1409248843733
highest fitness' coverage:   43.81385144700797
highest fitness' collisions: 0.16729265626346723
new generation:  3354
Fittest                      42.14411138120491
highest fitness' coverage:   43.81703794383958
highest fitness' collisions: 0.16729265626346726
new generation:  3355
Fittest                      42.15965123587105
highest fitness' coverage:   43.832577798505724
highest fitness' collisions: 0.1672926562634672
new generation:  3356
Fittest                      42.14144650636578
highest fitness' coverage:   43.81437306900045
highest fitness' collisions: 0.1672926562634673
new generation:  3357
Fittest                      42.14395465403055
highest fitness' coverage:   43.81688121666522
highest fitness' collisions: 0.1672926562634673
new generation:  3358
Fittest                      42.159655560168886
highest fitness' coverage:   43.83258212280356
highest fitness' collisions: 0.1672926562634673
new generation:  3359
Fittest                      42.12894754459419
highest fitness' coverage:   43.80187410722886
highest fitness' collisions: 0.16729265626346732
new generation:  3360
Fittest                      42.13154945642886
highest fitness' coverage:   43.80447601906353
highest fitness' collisions: 0.16729265626346726
new generation:  3361
Fittest                      42.14127641622358
highest fitness' coverage:   43.814202978858255
highest fitness' collisions: 0.16729265626346723
new generation:  3362
Fittest                      42.14758252743728
highest fitness' coverage:   43.82050909007195
highest fitness' collisions: 0.16729265626346723
new generation:  3363
Fittest                      42.13677392359865
highest fitness' coverage:   43.78283198643893
highest fitness' collisions: 0.1646058062840278
new generation:  3364
Fittest                      42.18994772424309
highest fitness' coverage:   43.836005787083366
highest fitness' collisions: 0.1646058062840277
new generation:  3365
Fittest                      42.17710202702824
highest fitness' coverage:   43.805049698637234
highest fitness' collisions: 0.1627947671608994
new generation:  3366
Fittest                      42.19281206871374
highest fitness' coverage:   43.80312578780429
highest fitness' collisions: 0.16103137190905517
new generation:  3367
Fittest                      42.167242749192475
highest fitness' coverage:   43.77755646828303
highest fitness' collisions: 0.16103137190905523
new generation:  3368
Fittest                      42.18303515740667
highest fitness' coverage:   43.79334887649722
highest fitness' collisions: 0.1610313719090551
new generation:  3369
Fittest                      42.197224955541834
highest fitness' coverage:   43.79972028967096
highest fitness' collisions: 0.16024953341291234
new generation:  3370
Fittest                      42.18815554648591
highest fitness' coverage:   43.79065088061503
highest fitness' collisions: 0.1602495334129124
new generation:  3371
Fittest                      42.191207158057026
highest fitness' coverage:   43.79370249218615
highest fitness' collisions: 0.16024953341291243
new generation:  3372
Fittest                      42.20333984256638
highest fitness' coverage:   43.8058351766955
highest fitness' collisions: 0.16024953341291243
new generation:  3373
Fittest                      42.18971586446268
highest fitness' coverage:   43.78755573447697
highest fitness' collisions: 0.15978398700142898
new generation:  3374
Fittest                      42.193037374858
highest fitness' coverage:   43.79087724487229
highest fitness' collisions: 0.15978398700142907
new generation:  3375
Fittest                      42.19576915745634
highest fitness' coverage:   43.79360902747063
highest fitness' collisions: 0.159783987001429
new generation:  3376
Fittest                      42.20508394444393
highest fitness' coverage:   43.80292381445822
highest fitness' collisions: 0.15978398700142918
new generation:  3377
Fittest                      42.18387832294275
highest fitness' coverage:   43.781718192957044
highest fitness' collisions: 0.15978398700142885
new generation:  3378
Fittest                      42.18958402963286
highest fitness' coverage:   43.78742389964715
highest fitness' collisions: 0.159783987001429
new generation:  3379
Fittest                      42.180296431287495
highest fitness' coverage:   43.778136301301785
highest fitness' collisions: 0.15978398700142898
new generation:  3380
Fittest                      42.20531388583579
highest fitness' coverage:   43.80315375585008
highest fitness' collisions: 0.15978398700142904
new generation:  3381
Fittest                      42.20526961437905
highest fitness' coverage:   43.80310948439334
highest fitness' collisions: 0.159783987001429
new generation:  3382
Fittest                      42.20825520926769
highest fitness' coverage:   43.80649422873734
highest fitness' collisions: 0.15982390194696544
new generation:  3383
Fittest                      42.19541466666953
highest fitness' coverage:   43.79365368613918
highest fitness' collisions: 0.15982390194696544
new generation:  3384
Fittest                      42.204895832837586
highest fitness' coverage:   43.80313485230724
highest fitness' collisions: 0.15982390194696536
new generation:  3385
Fittest                      42.21934746891183
highest fitness' coverage:   43.812565634715654
highest fitness' collisions: 0.15932181658038252
new generation:  3386
Fittest                      42.19124535368673
highest fitness' coverage:   43.78446351949056
highest fitness' collisions: 0.15932181658038239
new generation:  3387
Fittest                      42.19136284332504
highest fitness' coverage:   43.784581009128864
highest fitness' collisions: 0.15932181658038258
new generation:  3388
Fittest                      42.194105194582406
highest fitness' coverage:   43.78732336038623
highest fitness' collisions: 0.1593218165803826
new generation:  3389
Fittest                      42.19702374691499
highest fitness' coverage:   43.79024191271881
highest fitness' collisions: 0.1593218165803826
new generation:  3390
Fittest                      42.1907115810662
highest fitness' coverage:   43.78392974687003
highest fitness' collisions: 0.15932181658038255
new generation:  3391
Fittest                      42.18796943417931
highest fitness' coverage:   43.781187599983134
highest fitness' collisions: 0.1593218165803826
new generation:  3392
Fittest                      42.20706103864348
highest fitness' coverage:   43.80027920444731
highest fitness' collisions: 0.1593218165803824
new generation:  3393
Fittest                      42.22240272574586
highest fitness' coverage:   43.815620891549685
highest fitness' collisions: 0.15932181658038255
new generation:  3394
Fittest                      42.191309855427996
highest fitness' coverage:   43.78452802123182
highest fitness' collisions: 0.1593218165803824
new generation:  3395
Fittest                      42.21581881303931
highest fitness' coverage:   43.80903697884314
highest fitness' collisions: 0.1593218165803823
new generation:  3396
Fittest                      42.231893089703604
highest fitness' coverage:   43.82475644211819
highest fitness' collisions: 0.15928633524145927
new generation:  3397
Fittest                      42.1990252224872
highest fitness' coverage:   43.7905396120192
highest fitness' collisions: 0.15915143895319994
new generation:  3398
Fittest                      42.21114650694643
highest fitness' coverage:   43.80266089647843
highest fitness' collisions: 0.1591514389531999
new generation:  3399
Fittest                      42.20252509260538
highest fitness' coverage:   43.79033382484322
highest fitness' collisions: 0.15878087322378479
new generation:  3400
Fittest                      42.23109284838747
highest fitness' coverage:   43.818901580625315
highest fitness' collisions: 0.15878087322378476
new generation:  3401
Fittest                      42.199830746769486
highest fitness' coverage:   43.78763947900733
highest fitness' collisions: 0.1587808732237848
new generation:  3402
Fittest                      42.2119675501045
highest fitness' coverage:   43.79977628234234
highest fitness' collisions: 0.1587808732237848
new generation:  3403
Fittest                      42.21791036725808
highest fitness' coverage:   43.806096379565055
highest fitness' collisions: 0.15881860123069755
new generation:  3404
Fittest                      42.20891319690666
highest fitness' coverage:   43.797099209213634
highest fitness' collisions: 0.1588186012306977
new generation:  3405
Fittest                      42.205448407997665
highest fitness' coverage:   43.79363442030464
highest fitness' collisions: 0.15881860123069771
new generation:  3406
Fittest                      42.18271325296849
highest fitness' coverage:   43.77191494301154
highest fitness' collisions: 0.15892016900430503
new generation:  3407
Fittest                      42.17371290619937
highest fitness' coverage:   43.76291459624242
highest fitness' collisions: 0.158920169004305
new generation:  3408
Fittest                      42.18734368058088
highest fitness' coverage:   43.778400621165
highest fitness' collisions: 0.15910569405841185
new generation:  3409
Fittest                      42.2028275882298
highest fitness' coverage:   43.79388452881392
highest fitness' collisions: 0.1591056940584118
new generation:  3410
Fittest                      42.219722855608104
highest fitness' coverage:   43.81863612252183
highest fitness' collisions: 0.1598913266913723
new generation:  3411
Fittest                      42.20132226129979
highest fitness' coverage:   43.800235528213506
highest fitness' collisions: 0.15989132669137218
new generation:  3412
Fittest                      42.19799726843441
highest fitness' coverage:   43.79691053534813
highest fitness' collisions: 0.15989132669137218
new generation:  3413
Fittest                      42.19478784231029
highest fitness' coverage:   43.79370110922402
highest fitness' collisions: 0.15989132669137232
new generation:  3414
Fittest                      42.194730595478816
highest fitness' coverage:   43.79364386239254
highest fitness' collisions: 0.15989132669137232
new generation:  3415
Fittest                      42.19490442114315
highest fitness' coverage:   43.793817688056876
highest fitness' collisions: 0.1598913266913723
new generation:  3416
Fittest                      42.1755202325361
highest fitness' coverage:   43.77443349944983
highest fitness' collisions: 0.15989132669137232
new generation:  3417
Fittest                      42.21324681852712
highest fitness' coverage:   43.81216008544084
highest fitness' collisions: 0.15989132669137224
new generation:  3418
Fittest                      42.20668227700971
highest fitness' coverage:   43.80559554392343
highest fitness' collisions: 0.15989132669137224
new generation:  3419
Fittest                      42.216597508841026
highest fitness' coverage:   43.81551077575475
highest fitness' collisions: 0.1598913266913723
new generation:  3420
Fittest                      42.19457795034509
highest fitness' coverage:   43.79349121725882
highest fitness' collisions: 0.1598913266913724
new generation:  3421
Fittest                      42.17947043664651
highest fitness' coverage:   43.77838370356024
highest fitness' collisions: 0.15989132669137238
new generation:  3422
Fittest                      42.19338597071846
highest fitness' coverage:   43.79071434443972
highest fitness' collisions: 0.15973283737212607
new generation:  3423
Fittest                      42.180975554873434
highest fitness' coverage:   43.778303928594696
highest fitness' collisions: 0.15973283737212615
new generation:  3424
Fittest                      42.183988421961175
highest fitness' coverage:   43.781316795682436
highest fitness' collisions: 0.15973283737212615
new generation:  3425
Fittest                      42.18705599893844
highest fitness' coverage:   43.7843843726597
highest fitness' collisions: 0.1597328373721262
new generation:  3426
Fittest                      42.17758712150945
highest fitness' coverage:   43.77491549523071
highest fitness' collisions: 0.15973283737212607
new generation:  3427
Fittest                      42.20213678128409
highest fitness' coverage:   43.79946515500535
highest fitness' collisions: 0.15973283737212607
new generation:  3428
Fittest                      42.19782048215516
highest fitness' coverage:   43.802967240837845
highest fitness' collisions: 0.1605146758682688
new generation:  3429
Fittest                      42.19464028562208
highest fitness' coverage:   43.799787044304765
highest fitness' collisions: 0.16051467586826876
Ran out of time after 3430 generations.
final generation
highest fitness:             42.21645816534287
highest fitness' coverage:   43.82160492402556
highest fitness' collisions: 0.16051467586826879

Left joystick: {
    "4RR": [
        "H",
        "P",
    ],
    "5R": [
        "AO S T R",
        "HH",
        "",
    ],
    "5LL": [
        "UH R S",
        "M",
    ],
    "6RR": [
        "F",
        "",
    ],
    "2RR": [
        "EH M P L",
        "H",
        "",
        "D P",
        "AO L TH",
        "IH M",
    ],
    "6": [
        "",
        "",
        "JH",
    ],
    "8": [
        "H",
        "",
        "K",
    ],
    "3R": [
        "T",
        "H",
    ],
    "8R": [
        "S R V",
        "K N",
        "IH K S T",
        "W TH",
        "P L Y",
        "H R",
    ],
    "6L": [
        "",
        "EH JH K",
        "",
        "SH",
        "H",
    ],
    "4LL": [
        "K N T R",
        "G W",
        "AH B",
        "",
    ],
    "3L": [
        "H",
        "IH N D V",
        "",
        "CH",
    ],
    "7": [
        "AA P R",
        "D S",
        "S M T",
        "AY D",
        "T G",
    ],
    "4L": [
        "W",
    ],
    "8L": [
        "R",
        "",
    ],
    "5": [
        "EH JH K",
        "H",
        "TH",
        "N S",
    ],
    "1L": [
        "AH G R",
        "UW N",
        "IH K S T",
        "IH N",
    ],
    "7L": [
        "T R",
        "R Y K W",
        "H",
    ],
    "3": [
        "S",
        "H",
        "T G",
    ],
    "7R": [
        "AH",
        "Z",
        "H",
        "R P R Z",
        "AE D V",
        "IH N D V",
        "AO L TH",
    ],
    "1RR": [
        "L W",
        "R S P",
        "IH S T",
        "C",
        "HH M S",
    ],
    "4R": [
        "B T W",
        "F R G",
        "A",
        "S S",
        "R Y",
    ],
    "3RR": [
        "R P R Z",
        "IH N S T",
        "P R F",
        "H",
        "AO L TH",
    ],
    "6R": [
        "M N",
        "AH K R",
        "IH K S P",
    ],
    "1R": [
        "K M",
        "H",
    ],
    "5L": [
        "",
        "",
        "L",
    ],
    "8RR": [
        "K W",
        "H",
        "R D",
        "AO S T R",
        "Y P",
        "",
        "",
        "",
        "",
    ],
    "2": [
        "AO L TH",
        "V",
        "AA P R",
        "H",
        "",
        "JH K",
    ],
    "5RR": [
        "",
        "H",
        "IH N D V",
        "R P R Z",
        "K S",
        "IH N T R N",
        "IH N S",
        "P R D",
    ],
    "7LL": [
        "Y D",
        "D",
        "",
    ],
    "7RR": [
        "K R",
    ],
    "2LL": [
        "A",
        "HH M S",
        "UW N V",
        "AO R G N Z",
        "P R",
    ],
    "8LL": [
        "G",
        "H",
    ],
    "1": [
        "H N V",
        "AH N D R S T",
        "UW N V",
        "IH",
        "I",
        "Y",
        "IH F",
    ],
    "2L": [
        "N",
        "T R N",
    ],
    "2R": [
        "M P",
        "P L",
        "IH N D V",
        "",
        "EH N",
        "S JH",
    ],
    "4": [
        "IH N K L",
        "AH S P",
        "IH S T",
        "AY D",
        "IH G Z",
        "H K",
    ],
    "6LL": [
        "B",
        "",
    ],
    "1LL": [
        "AH N",
        "AH D",
    ],
    "3LL": [
        "UW N V",
        "M S",
        "",
        "P T",
        "AE K S",
        "K N T",
        "UW N",
    ],
}

Right joystick: {
    "5RR": [
        "R TH R",
        "SH N L",
        "V R Y W N",
        "OW",
        "ZH R",
    ],
    "2L": [
        "N # org, irish",
        "",
        "JH N L",
        "",
        "W",
        "L V D",
        "M N T",
        "L JH Y",
        "F S",
    ],
    "5L": [
        "",
        "S",
        "",
        "",
    ],
    "4": [
        "N",
    ],
    "4R": [
        "R S T Y",
        "",
        "TH",
        "V R Y TH NG",
        "",
        "",
        "N T UW",
        "N S V",
        "",
    ],
    "7LL": [
        "C",
        "M P L",
        "P SH N",
        "Y",
        "V R Y",
        "L W NG",
    ],
    "5": [
        "H",
        "M",
    ],
    "4LL": [
        "R Y",
        "L S OW",
        "",
    ],
    "2LL": [
        "L M S T",
        "",
        "L S OW",
        "L Y",
        "L P M N T",
    ],
    "3LL": [
        "N Y TH NG",
        "V",
        "",
    ],
    "2RR": [
        "NG K",
        "M B R S",
        "",
        "AH",
        "",
        "S T R N",
    ],
    "4L": [
        "Z",
    ],
    "8L": [
        "G R M",
        "H",
        "Y N",
        "",
        "R S",
        "D N T SS",
        "K SH N",
    ],
    "3R": [
        "V R N M N T",
        "CH",
        "",
    ],
    "2R": [
        "V R Y W N",
        "B",
    ],
    "8LL": [
        "",
        "N T",
        "",
    ],
    "8R": [
        "P",
        "K CH W L Y",
        "N Y TH NG",
        "",
        "V R Y W N",
    ],
    "7L": [
        "R T",
        "",
    ],
    "6R": [
        "A",
        "F",
    ],
    "7RR": [
        "R SS",
        "V R Y TH NG",
        "K CH W L Y",
        "H",
        "G K",
    ],
    "3L": [
        "NG",
        "H",
        "",
        "N Y TH NG",
        "",
    ],
    "1LL": [
        "L S OW",
        "N R JH Y",
        "N SS",
        "",
    ],
    "1L": [
        "H",
        "D",
        "R M SH N",
    ],
    "4RR": [
        "R N",
    ],
    "1R": [
        "SH",
        "L S OW",
        "",
        "N T UW",
    ],
    "6RR": [
        "R K",
        "T S D",
        "N Y TH NG",
        "H SS",
        "L S OW",
        "N SH L",
        "S O",
    ],
    "3": [
        "N D",
    ],
    "6LL": [
        "AH SS",
        "N Y TH NG",
        "G",
        "H N",
    ],
    "8": [
        "V R Y TH NG",
        "K CH W L Y",
        "N Y T",
        "K T",
    ],
    "6": [
        "",
        "N S",
        "V R Y TH NG",
        "S CH N",
    ],
    "6L": [
        "",
        "T",
        "C",
    ],
    "1RR": [
        "T K L",
        "R M",
        "",
        "L S OW",
        "M N T SS",
        "L T Y",
    ],
    "7": [
        "H",
        "SS",
    ],
    "3RR": [
        "N Y TH NG",
        "",
        "L",
    ],
    "1": [
        "R D",
        "V R Y W N",
        "",
        "M W N",
        "H",
    ],
    "7R": [
        "L P M N T",
        "K T V",
        "JH",
        "B L M",
        "L M S T",
        "",
    ],
    "5R": [
        "B L",
        "JH K T",
        "L P M N T",
    ],
    "8RR": [
        "R",
    ],
    "5LL": [
        "",
        "S T",
        "H",
        "N T UW",
        "",
    ],
    "2": [
        "",
        "L S OW",
        "K",
        "",
        "H",
        "",
    ],
}
