Job ID:        9795378
Array task:    8
CPUs:          64
Rayon threads: 64
Hello, world!
Initial population: Some(
    KeyboardLayout {
        left_chord_genes: [
            (
                "IH V",
                "1",
            ),
            (
                "V",
                "8RR",
            ),
            (
                "D F",
                "7R",
            ),
            (
                "D L",
                "5R",
            ),
            (
                "W TH",
                "2LL",
            ),
            (
                "B R",
                "6",
            ),
            (
                "IH N S T",
                "8",
            ),
            (
                "K L",
                "1LL",
            ),
            (
                "AH L",
                "5",
            ),
            (
                "AH K",
                "6R",
            ),
            (
                "Y",
                "5LL",
            ),
            (
                "G",
                "5",
            ),
            (
                "S Y",
                "4RR",
            ),
            (
                "G R",
                "5LL",
            ),
            (
                "AH B",
                "4RR",
            ),
            (
                "D S K",
                "8LL",
            ),
            (
                "B G",
                "7RR",
            ),
            (
                "S P R",
                "5",
            ),
            (
                "AH N",
                "8",
            ),
            (
                "N",
                "1RR",
            ),
            (
                "K R",
                "6L",
            ),
            (
                "F R",
                "7LL",
            ),
            (
                "S K",
                "2L",
            ),
            (
                "B Y",
                "6LL",
            ),
            (
                "T R",
                "7R",
            ),
            (
                "Y",
                "5LL",
            ),
            (
                "CH",
                "5RR",
            ),
            (
                "AH G",
                "2L",
            ),
            (
                "AH T",
                "3L",
            ),
            (
                "R",
                "5R",
            ),
            (
                "UW",
                "1R",
            ),
            (
                "S K",
                "1LL",
            ),
            (
                "S P L",
                "6LL",
            ),
            (
                "HH",
                "6R",
            ),
            (
                "B",
                "6LL",
            ),
            (
                "S P",
                "5R",
            ),
            (
                "UW N",
                "2",
            ),
            (
                "K L",
                "2LL",
            ),
            (
                "S K",
                "7",
            ),
            (
                "T",
                "5L",
            ),
            (
                "L",
                "7R",
            ),
            (
                "K",
                "8R",
            ),
            (
                "",
                "4L",
            ),
            (
                "K R Y",
                "7L",
            ),
            (
                "P",
                "5L",
            ),
            (
                "Z",
                "5",
            ),
            (
                "AH R",
                "7LL",
            ),
            (
                "L",
                "6L",
            ),
            (
                "B R",
                "7RR",
            ),
            (
                "B F",
                "7L",
            ),
            (
                "P",
                "3",
            ),
            (
                "K N S",
                "8RR",
            ),
            (
                "K N D",
                "6R",
            ),
            (
                "P L Y",
                "4R",
            ),
            (
                "B R",
                "1RR",
            ),
            (
                "IH M",
                "3",
            ),
            (
                "K L",
                "2LL",
            ),
            (
                "AE D V",
                "3R",
            ),
            (
                "B",
                "8",
            ),
            (
                "L",
                "3L",
            ),
            (
                "V",
                "1",
            ),
            (
                "IH V",
                "2R",
            ),
            (
                "G",
                "5L",
            ),
            (
                "P R",
                "7R",
            ),
            (
                "D M",
                "8",
            ),
            (
                "IH K S",
                "5RR",
            ),
            (
                "S",
                "4R",
            ),
            (
                "M",
                "7R",
            ),
            (
                "AE D V",
                "6LL",
            ),
            (
                "K R Y",
                "8R",
            ),
            (
                "IH N S",
                "7L",
            ),
            (
                "N",
                "5",
            ),
            (
                "D S P",
                "5LL",
            ),
            (
                "D",
                "3L",
            ),
            (
                "S K R",
                "3R",
            ),
            (
                "B T W",
                "4LL",
            ),
            (
                "AH P",
                "6RR",
            ),
            (
                "B L",
                "1LL",
            ),
            (
                "S L",
                "2R",
            ),
            (
                "D R",
                "2RR",
            ),
            (
                "K W",
                "8L",
            ),
            (
                "TH",
                "8",
            ),
            (
                "L",
                "3L",
            ),
            (
                "T R",
                "8",
            ),
            (
                "L",
                "8",
            ),
            (
                "AH M",
                "2L",
            ),
            (
                "G",
                "2L",
            ),
            (
                "S P R",
                "2RR",
            ),
            (
                "H R",
                "5R",
            ),
            (
                "SH",
                "6R",
            ),
            (
                "T",
                "7",
            ),
            (
                "B R",
                "6R",
            ),
            (
                "D R",
                "4R",
            ),
            (
                "K R",
                "3RR",
            ),
            (
                "B L",
                "1R",
            ),
            (
                "F L",
                "3RR",
            ),
            (
                "IH K S",
                "7LL",
            ),
            (
                "IH N F",
                "1LL",
            ),
            (
                "B",
                "5",
            ),
            (
                "K",
                "4",
            ),
            (
                "IH N K R",
                "6R",
            ),
            (
                "D S",
                "7L",
            ),
            (
                "AY D Y",
                "6RR",
            ),
            (
                "P",
                "5RR",
            ),
            (
                "P R",
                "4LL",
            ),
            (
                "K M",
                "4R",
            ),
            (
                "AH B",
                "8L",
            ),
            (
                "TH",
                "8",
            ),
            (
                "S L",
                "5",
            ),
            (
                "D R",
                "5RR",
            ),
            (
                "K M P L",
                "5L",
            ),
            (
                "K R",
                "4R",
            ),
            (
                "W",
                "7L",
            ),
            (
                "G",
                "5LL",
            ),
            (
                "G R",
                "6L",
            ),
            (
                "F",
                "2",
            ),
            (
                "AO S T R",
                "3R",
            ),
            (
                "D R",
                "6L",
            ),
            (
                "K N T R",
                "2R",
            ),
            (
                "S T R",
                "4L",
            ),
            (
                "IH N S",
                "8R",
            ),
            (
                "SH",
                "1RR",
            ),
            (
                "TH",
                "6R",
            ),
            (
                "AH W",
                "7R",
            ),
            (
                "K L",
                "5L",
            ),
            (
                "IH N T R N",
                "7LL",
            ),
            (
                "AH G",
                "4R",
            ),
            (
                "K",
                "7R",
            ),
            (
                "JH",
                "2",
            ),
            (
                "S K",
                "7RR",
            ),
            (
                "T",
                "2L",
            ),
            (
                "L",
                "6LL",
            ),
            (
                "L",
                "2",
            ),
            (
                "K L",
                "3LL",
            ),
            (
                "AY D Y",
                "5L",
            ),
            (
                "IH M P",
                "3L",
            ),
            (
                "S P R",
                "7LL",
            ),
            (
                "",
                "4LL",
            ),
            (
                "F",
                "3L",
            ),
            (
                "R K",
                "2RR",
            ),
            (
                "IH M P R",
                "6LL",
            ),
            (
                "M",
                "4LL",
            ),
            (
                "P Z",
                "2",
            ),
            (
                "K W",
                "1LL",
            ),
            (
                "AH G",
                "7L",
            ),
            (
                "K W",
                "3RR",
            ),
            (
                "P R",
                "5LL",
            ),
            (
                "B K",
                "8R",
            ),
            (
                "R Y",
                "4RR",
            ),
            (
                "G R",
                "7LL",
            ),
            (
                "G",
                "6L",
            ),
            (
                "K N S",
                "1LL",
            ),
            (
                "AH L",
                "5L",
            ),
            (
                "AH K R",
                "1LL",
            ),
            (
                "TH",
                "5",
            ),
            (
                "B",
                "8LL",
            ),
            (
                "IH K S P",
                "8LL",
            ),
            (
                "M",
                "6L",
            ),
            (
                "K W",
                "2L",
            ),
            (
                "AH K",
                "4",
            ),
        ],
        right_chord_genes: [
            (
                "S T M",
                "5RR",
            ),
            (
                "L N",
                "3RR",
            ),
            (
                "S AH SS",
                "1L",
            ),
            (
                "N",
                "6LL",
            ),
            (
                "D S",
                "7R",
            ),
            (
                "K SH N",
                "3L",
            ),
            (
                "CH",
                "3",
            ),
            (
                "S T R",
                "7RR",
            ),
            (
                "V N",
                "5",
            ),
            (
                "R M N",
                "5L",
            ),
            (
                "V R D",
                "6RR",
            ),
            (
                "L SS",
                "2LL",
            ),
            (
                "N D SS",
                "5L",
            ),
            (
                "SH",
                "3LL",
            ),
            (
                "N",
                "4LL",
            ),
            (
                "N T",
                "6R",
            ),
            (
                "V N",
                "2R",
            ),
            (
                "R",
                "3LL",
            ),
            (
                "V R Y W N",
                "7RR",
            ),
            (
                "R T N",
                "5RR",
            ),
            (
                "R Y",
                "1RR",
            ),
            (
                "D",
                "7LL",
            ),
            (
                "K NG",
                "3L",
            ),
            (
                "D K L",
                "1LL",
            ),
            (
                "S T",
                "1RR",
            ),
            (
                "Z Y",
                "6LL",
            ),
            (
                "D",
                "4",
            ),
            (
                "K D",
                "5RR",
            ),
            (
                "G SS",
                "7L",
            ),
            (
                "V NG",
                "5LL",
            ),
            (
                "N S",
                "6L",
            ),
            (
                "V R",
                "2",
            ),
            (
                "R",
                "1LL",
            ),
            (
                "L D",
                "5LL",
            ),
            (
                "P D",
                "1",
            ),
            (
                "T L",
                "8",
            ),
            (
                "M B R",
                "8RR",
            ),
            (
                "F",
                "5RR",
            ),
            (
                "R K D",
                "3L",
            ),
            (
                "R S",
                "2R",
            ),
            (
                "CH AH SS",
                "4LL",
            ),
            (
                "T K L",
                "1L",
            ),
            (
                "K SH N",
                "1R",
            ),
            (
                "Z NG",
                "7R",
            ),
            (
                "L P M N T",
                "3L",
            ),
            (
                "K T NG",
                "4",
            ),
            (
                "L SS",
                "8R",
            ),
            (
                "S NG",
                "2RR",
            ),
            (
                "R Y AH SS",
                "1LL",
            ),
            (
                "L W EY SS",
                "1R",
            ),
            (
                "R Y",
                "2",
            ),
            (
                "R SS",
                "7",
            ),
            (
                "G",
                "8",
            ),
            (
                "N S",
                "6RR",
            ),
            (
                "N T R",
                "4RR",
            ),
            (
                "SH N SS",
                "5LL",
            ),
            (
                "K S",
                "6R",
            ),
            (
                "N Y TH NG",
                "6L",
            ),
            (
                "CH",
                "4L",
            ),
            (
                "T",
                "4",
            ),
            (
                "L SS",
                "6",
            ),
            (
                "V",
                "1L",
            ),
            (
                "N D",
                "2RR",
            ),
            (
                "K Y",
                "2LL",
            ),
            (
                "D",
                "1L",
            ),
            (
                "Y",
                "7",
            ),
            (
                "L OW",
                "6L",
            ),
            (
                "N",
                "7L",
            ),
            (
                "B L",
                "6LL",
            ),
            (
                "NG R",
                "3L",
            ),
            (
                "V",
                "5RR",
            ),
            (
                "N R L",
                "5RR",
            ),
            (
                "K",
                "6R",
            ),
            (
                "S T R",
                "3R",
            ),
            (
                "ZH R",
                "6RR",
            ),
            (
                "T L",
                "4L",
            ),
            (
                "SH N SS",
                "1L",
            ),
            (
                "N S R",
                "4L",
            ),
            (
                "R T N",
                "5RR",
            ),
            (
                "Z",
                "2RR",
            ),
            (
                "Z",
                "7R",
            ),
            (
                "D",
                "3LL",
            ),
            (
                "L SS",
                "7L",
            ),
            (
                "S D",
                "6",
            ),
            (
                "N",
                "4",
            ),
            (
                "TH",
                "1LL",
            ),
            (
                "K",
                "5RR",
            ),
            (
                "V R Y",
                "6",
            ),
            (
                "Z NG",
                "5LL",
            ),
            (
                "S T",
                "2RR",
            ),
            (
                "T",
                "7RR",
            ),
            (
                "P N SS",
                "5L",
            ),
            (
                "M SS",
                "4R",
            ),
            (
                "D Y AH",
                "3RR",
            ),
            (
                "F T R",
                "6LL",
            ),
            (
                "N",
                "8L",
            ),
            (
                "R T NG",
                "2RR",
            ),
            (
                "NG",
                "4R",
            ),
            (
                "R N S",
                "4LL",
            ),
            (
                "V",
                "5L",
            ),
            (
                "M SS",
                "4L",
            ),
            (
                "R T",
                "3L",
            ),
            (
                "G R",
                "7LL",
            ),
            (
                "N SS",
                "5L",
            ),
            (
                "NG",
                "5L",
            ),
            (
                "K",
                "5RR",
            ),
            (
                "L",
                "2R",
            ),
            (
                "M TH NG",
                "2RR",
            ),
            (
                "N",
                "3L",
            ),
            (
                "S CH N",
                "1",
            ),
            (
                "R K",
                "1",
            ),
            (
                "V N",
                "3LL",
            ),
            (
                "S T S",
                "3R",
            ),
            (
                "L Y N",
                "1L",
            ),
            (
                "R L D",
                "6L",
            ),
            (
                "T",
                "5",
            ),
            (
                "P",
                "7R",
            ),
            (
                "N T R Y",
                "2LL",
            ),
            (
                "F T",
                "5R",
            ),
            (
                "R N T",
                "8LL",
            ),
            (
                "N S",
                "3RR",
            ),
            (
                "N T",
                "5",
            ),
            (
                "N Y N",
                "8L",
            ),
            (
                "K T NG",
                "1RR",
            ),
            (
                "S CH N SS",
                "3RR",
            ),
            (
                "TH",
                "4L",
            ),
            (
                "L R",
                "4",
            ),
            (
                "T NG",
                "8LL",
            ),
            (
                "L Y",
                "7L",
            ),
            (
                "K CH W L Y",
                "8RR",
            ),
            (
                "D",
                "6R",
            ),
            (
                "B L K",
                "2RR",
            ),
            (
                "CH",
                "8R",
            ),
            (
                "F R",
                "1RR",
            ),
            (
                "P D",
                "1LL",
            ),
            (
                "B",
                "8",
            ),
            (
                "Z N",
                "2",
            ),
            (
                "M SS",
                "5",
            ),
            (
                "L",
                "2R",
            ),
            (
                "V Y",
                "3",
            ),
            (
                "SH N",
                "5R",
            ),
            (
                "R Y",
                "8",
            ),
            (
                "SH N",
                "8RR",
            ),
            (
                "K S T",
                "5LL",
            ),
            (
                "SH L",
                "6L",
            ),
            (
                "T S D",
                "3R",
            ),
            (
                "Z D",
                "3R",
            ),
            (
                "P T",
                "3",
            ),
            (
                "M N",
                "1RR",
            ),
            (
                "G R",
                "6L",
            ),
            (
                "V R N M N T",
                "6LL",
            ),
            (
                "CH",
                "8RR",
            ),
            (
                "R",
                "4",
            ),
            (
                "B",
                "4L",
            ),
            (
                "P L",
                "5LL",
            ),
            (
                "L Y",
                "8RR",
            ),
            (
                "M SS",
                "4LL",
            ),
            (
                "P SS",
                "1RR",
            ),
            (
                "R S N",
                "5R",
            ),
            (
                "F S",
                "8L",
            ),
        ],
    },
)
new generation:  0
Fittest                      -729.1511608699512
highest fitness' coverage:   27.4882539990568
highest fitness' collisions: 75.66394148690081
new generation:  1
Fittest                      -661.3563859647512
highest fitness' coverage:   27.500801872992653
highest fitness' collisions: 68.88571878377438
new generation:  2
Fittest                      -627.043274983494
highest fitness' coverage:   27.479044596801465
highest fitness' collisions: 65.45223195802956
new generation:  3
Fittest                      -566.0721603831292
highest fitness' coverage:   24.60321525090339
highest fitness' collisions: 59.06753756340326
new generation:  4
Fittest                      -533.2351454173678
highest fitness' coverage:   22.44702390868059
highest fitness' collisions: 55.568216932604834
new generation:  5
Fittest                      -515.2094166118541
highest fitness' coverage:   21.688581701837865
highest fitness' collisions: 53.68979983136919
new generation:  6
Fittest                      -474.73078487597564
highest fitness' coverage:   19.424748311618682
highest fitness' collisions: 49.41555331875943
new generation:  7
Fittest                      -445.8623916375431
highest fitness' coverage:   19.463869060251895
highest fitness' collisions: 46.5326260697795
new generation:  8
Fittest                      -417.14264413497654
highest fitness' coverage:   19.62442752328193
highest fitness' collisions: 43.676707165825846
new generation:  9
Fittest                      -395.56590811136397
highest fitness' coverage:   19.644625674842
highest fitness' collisions: 41.5210533786206
new generation:  10
Fittest                      -375.0490691784328
highest fitness' coverage:   19.594580948008403
highest fitness' collisions: 39.464365012644116
new generation:  11
Fittest                      -338.61995522988315
highest fitness' coverage:   18.10162704185284
highest fitness' collisions: 35.6721582271736
new generation:  12
Fittest                      -302.50701104354306
highest fitness' coverage:   18.362209777311907
highest fitness' collisions: 32.0869220820855
new generation:  13
Fittest                      -284.16415681745593
highest fitness' coverage:   18.389184708382864
highest fitness' collisions: 30.25533415258388
new generation:  14
Fittest                      -272.1696390851889
highest fitness' coverage:   18.373589691333393
highest fitness' collisions: 29.054322877652233
new generation:  15
Fittest                      -258.7231392301856
highest fitness' coverage:   17.995244158981908
highest fitness' collisions: 27.67183833891675
new generation:  16
Fittest                      -245.44549026559235
highest fitness' coverage:   17.995113077221724
highest fitness' collisions: 26.34406033428141
new generation:  17
Fittest                      -234.5931711863717
highest fitness' coverage:   17.995024401384892
highest fitness' collisions: 25.25881955877566
new generation:  18
Fittest                      -219.98196584341517
highest fitness' coverage:   16.08278497589606
highest fitness' collisions: 23.606475081931123
new generation:  19
Fittest                      -208.65765343282402
highest fitness' coverage:   16.067419330997296
highest fitness' collisions: 22.47250727638213
new generation:  20
Fittest                      -202.1666040995035
highest fitness' coverage:   15.115050008466396
highest fitness' collisions: 21.72816541079699
new generation:  21
Fittest                      -194.57199637043777
highest fitness' coverage:   15.108884936867438
highest fitness' collisions: 20.96808813073052
new generation:  22
Fittest                      -186.03945494580725
highest fitness' coverage:   15.11723595566919
highest fitness' collisions: 20.115669090147644
new generation:  23
Fittest                      -177.34461487969477
highest fitness' coverage:   15.22029647721815
highest fitness' collisions: 19.25649113569129
new generation:  24
Fittest                      -169.89888119780326
highest fitness' coverage:   15.210884612051307
highest fitness' collisions: 18.510976580985457
new generation:  25
Fittest                      -162.59865311721643
highest fitness' coverage:   15.239608993266943
highest fitness' collisions: 17.78382621104834
new generation:  26
Fittest                      -154.24558176066662
highest fitness' coverage:   15.2427044936874
highest fitness' collisions: 16.948828625435404
new generation:  27
Fittest                      -147.13738983345692
highest fitness' coverage:   14.205595449947817
highest fitness' collisions: 16.134298528340473
new generation:  28
Fittest                      -139.78361232859294
highest fitness' coverage:   14.221072928190956
highest fitness' collisions: 15.400468525678388
new generation:  29
Fittest                      -133.88032059392907
highest fitness' coverage:   13.30546059832658
highest fitness' collisions: 14.718578119225565
new generation:  30
Fittest                      -127.7085727570379
highest fitness' coverage:   13.305312409502273
highest fitness' collisions: 14.101388516654017
new generation:  31
Fittest                      -120.32537282778061
highest fitness' coverage:   12.274684327189322
highest fitness' collisions: 13.260005715496993
new generation:  32
Fittest                      -114.47029578264389
highest fitness' coverage:   10.977320864241888
highest fitness' collisions: 12.544761664688577
new generation:  33
Fittest                      -108.26030773954663
highest fitness' coverage:   10.561195268849646
highest fitness' collisions: 11.882150300839628
new generation:  34
Fittest                      -103.96325873432588
highest fitness' coverage:   10.594543660038557
highest fitness' collisions: 11.455780239436443
new generation:  35
Fittest                      -98.1420070263351
highest fitness' coverage:   10.60675738494891
highest fitness' collisions: 10.8748764411284
new generation:  36
Fittest                      -93.62614253214005
highest fitness' coverage:   9.654686304373875
highest fitness' collisions: 10.328082883651392
new generation:  37
Fittest                      -90.35348156592366
highest fitness' coverage:   9.66345215136882
highest fitness' collisions: 10.001693371729248
new generation:  38
Fittest                      -87.34910670016043
highest fitness' coverage:   9.506293039165572
highest fitness' collisions: 9.6855399739326
new generation:  39
Fittest                      -83.52130591776151
highest fitness' coverage:   9.557099865178046
highest fitness' collisions: 9.307840578293956
new generation:  40
Fittest                      -80.02226081740108
highest fitness' coverage:   9.592495904814749
highest fitness' collisions: 8.961475672221583
new generation:  41
Fittest                      -77.40648990211336
highest fitness' coverage:   9.589557499268452
highest fitness' collisions: 8.69960474013818
new generation:  42
Fittest                      -75.10783930002911
highest fitness' coverage:   9.59270376498643
highest fitness' collisions: 8.470054306501554
new generation:  43
Fittest                      -73.2592846731665
highest fitness' coverage:   9.675330376068596
highest fitness' collisions: 8.29346150492351
new generation:  44
Fittest                      -70.51458255059903
highest fitness' coverage:   9.083479387624303
highest fitness' collisions: 7.959806193822335
new generation:  45
Fittest                      -67.87988988661803
highest fitness' coverage:   8.550317112118654
highest fitness' collisions: 7.643020699873668
new generation:  46
Fittest                      -65.07300925830766
highest fitness' coverage:   8.559348102691144
highest fitness' collisions: 7.363235736099881
new generation:  47
Fittest                      -63.30824696811827
highest fitness' coverage:   8.142147354809124
highest fitness' collisions: 7.145039432292739
new generation:  48
Fittest                      -61.30393575089416
highest fitness' coverage:   8.135879261283316
highest fitness' collisions: 6.943981501217748
new generation:  49
Fittest                      -59.42087457367845
highest fitness' coverage:   8.162740820460154
highest fitness' collisions: 6.758361539413861
new generation:  50
Fittest                      -56.916149311533026
highest fitness' coverage:   7.523000675279666
highest fitness' collisions: 6.44391499868127
new generation:  51
Fittest                      -55.48449483389764
highest fitness' coverage:   7.272190303305562
highest fitness' collisions: 6.275668513720321
new generation:  52
Fittest                      -53.962994915755196
highest fitness' coverage:   7.2451358627578974
highest fitness' collisions: 6.1208130778513095
new generation:  53
Fittest                      -51.50312011633469
highest fitness' coverage:   7.25487720623011
highest fitness' collisions: 5.87579973225648
new generation:  54
Fittest                      -49.43141517354191
highest fitness' coverage:   6.88509847141385
highest fitness' collisions: 5.631651364495576
new generation:  55
Fittest                      -47.75893503890028
highest fitness' coverage:   6.421889720525447
highest fitness' collisions: 5.418082475942573
new generation:  56
Fittest                      -46.78961568128574
highest fitness' coverage:   6.197498027620761
highest fitness' collisions: 5.29871137089065
new generation:  57
Fittest                      -45.253382389998634
highest fitness' coverage:   5.930174404097114
highest fitness' collisions: 5.118355679409575
new generation:  58
Fittest                      -43.42841881630912
highest fitness' coverage:   5.6578463662210945
highest fitness' collisions: 4.908626518253021
new generation:  59
Fittest                      -41.714809468118716
highest fitness' coverage:   5.472536420719681
highest fitness' collisions: 4.71873458888384
new generation:  60
Fittest                      -39.25620115293441
highest fitness' coverage:   4.7661751097631875
highest fitness' collisions: 4.40223762626976
new generation:  61
Fittest                      -38.369814747266624
highest fitness' coverage:   4.779704810588691
highest fitness' collisions: 4.314951955785531
new generation:  62
Fittest                      -36.742208308638716
highest fitness' coverage:   4.279838417797948
highest fitness' collisions: 4.1022046726436665
new generation:  63
Fittest                      -35.13248330078044
highest fitness' coverage:   4.29023834183188
highest fitness' collisions: 3.9422721642612326
new generation:  64
Fittest                      -33.30013840033965
highest fitness' coverage:   4.052198677456848
highest fitness' collisions: 3.73523370777965
new generation:  65
Fittest                      -32.21625424848838
highest fitness' coverage:   4.123251956163557
highest fitness' collisions: 3.6339506204651943
new generation:  66
Fittest                      -30.95042007020882
highest fitness' coverage:   4.117195941316291
highest fitness' collisions: 3.5067616011525113
new generation:  67
Fittest                      -30.056697101179214
highest fitness' coverage:   3.9104329456021767
highest fitness' collisions: 3.396713004678139
new generation:  68
Fittest                      -29.280455852857756
highest fitness' coverage:   3.9074945400558656
highest fitness' collisions: 3.318795039291362
new generation:  69
Fittest                      -28.218968033558156
highest fitness' coverage:   3.800731272199046
highest fitness' collisions: 3.2019699305757197
new generation:  70
Fittest                      -26.869292727149816
highest fitness' coverage:   3.6533097501571903
highest fitness' collisions: 3.052260247730701
new generation:  71
Fittest                      -26.177899881931108
highest fitness' coverage:   3.4737041512242706
highest fitness' collisions: 2.965160403315538
new generation:  72
Fittest                      -24.96541471067325
highest fitness' coverage:   3.2992640022299735
highest fitness' collisions: 2.826467871290322
new generation:  73
Fittest                      -24.187326899413264
highest fitness' coverage:   3.2992640022299713
highest fitness' collisions: 2.7486590901643235
new generation:  74
Fittest                      -22.999061491060047
highest fitness' coverage:   3.2992640022299757
highest fitness' collisions: 2.6298325493290022
new generation:  75
Fittest                      -22.210927196426272
highest fitness' coverage:   3.2992640022299713
highest fitness' collisions: 2.5510191198656242
new generation:  76
Fittest                      -21.48068337620286
highest fitness' coverage:   3.299574577294704
highest fitness' collisions: 2.4780257953497564
new generation:  77
Fittest                      -20.660944411393068
highest fitness' coverage:   3.164861127914852
highest fitness' collisions: 2.382580553930792
new generation:  78
Fittest                      -19.972072467300848
highest fitness' coverage:   3.1617435186139016
highest fitness' collisions: 2.313381598591475
new generation:  79
Fittest                      -19.249215264128402
highest fitness' coverage:   2.9788647953910306
highest fitness' collisions: 2.222808005951943
new generation:  80
Fittest                      -18.139103561203996
highest fitness' coverage:   2.8736264994157086
highest fitness' collisions: 2.1012730060619704
new generation:  81
Fittest                      -17.41686936929169
highest fitness' coverage:   2.8706880938693917
highest fitness' collisions: 2.0287557463161083
new generation:  82
Fittest                      -16.913115067824652
highest fitness' coverage:   2.8346177833188797
highest fitness' collisions: 1.9747732851143533
new generation:  83
Fittest                      -16.13366712999484
highest fitness' coverage:   2.864055302195593
highest fitness' collisions: 1.8997722432190431
new generation:  84
Fittest                      -15.487815494457628
highest fitness' coverage:   2.864854213961441
highest fitness' collisions: 1.835266970841907
new generation:  85
Fittest                      -14.971161160958594
highest fitness' coverage:   2.808541560442101
highest fitness' collisions: 1.7779702721400694
new generation:  86
Fittest                      -14.403620131724626
highest fitness' coverage:   2.808541560442101
highest fitness' collisions: 1.7212161692166728
new generation:  87
Fittest                      -13.758007413494683
highest fitness' coverage:   2.7803313309057445
highest fitness' collisions: 1.6538338744400427
new generation:  88
Fittest                      -13.378022299577186
highest fitness' coverage:   2.7216817034310945
highest fitness' collisions: 1.6099704003008282
new generation:  89
Fittest                      -12.72362549894271
highest fitness' coverage:   2.767274630837037
highest fitness' collisions: 1.5490900129779746
new generation:  90
Fittest                      -12.29891337275773
highest fitness' coverage:   2.8828309113903487
highest fitness' collisions: 1.5181744284148078
new generation:  91
Fittest                      -11.870903992531293
highest fitness' coverage:   2.811482537498985
highest fitness' collisions: 1.4682386530030278
new generation:  92
Fittest                      -11.415866687879465
highest fitness' coverage:   2.776951025960308
highest fitness' collisions: 1.4192817713839774
new generation:  93
Fittest                      -10.851645208125765
highest fitness' coverage:   2.77695102596031
highest fitness' collisions: 1.3628596234086074
new generation:  94
Fittest                      -10.565124615949443
highest fitness' coverage:   2.642593738251981
highest fitness' collisions: 1.3207718354201425
new generation:  95
Fittest                      -10.126961267276993
highest fitness' coverage:   2.5482568075862453
highest fitness' collisions: 1.267521807486324
new generation:  96
Fittest                      -9.808491426224874
highest fitness' coverage:   2.5740155242762257
highest fitness' collisions: 1.23825069505011
new generation:  97
Fittest                      -9.528158576200196
highest fitness' coverage:   2.517764530917924
highest fitness' collisions: 1.2045923107118122
new generation:  98
Fittest                      -9.277685954567378
highest fitness' coverage:   2.456215137320277
highest fitness' collisions: 1.1733901091887655
new generation:  99
Fittest                      -8.647089905945538
highest fitness' coverage:   2.4599223283178473
highest fitness' collisions: 1.1107012234263387
new generation:  100
Fittest                      -8.360191571161824
highest fitness' coverage:   2.4568047190168953
highest fitness' collisions: 1.081699629017872
new generation:  101
Fittest                      -8.140766880605973
highest fitness' coverage:   2.372225712361444
highest fitness' collisions: 1.0512992592967416
new generation:  102
Fittest                      -7.834534180584347
highest fitness' coverage:   2.324937155151529
highest fitness' collisions: 1.0159471335735877
new generation:  103
Fittest                      -7.485700374164978
highest fitness' coverage:   2.273781415037893
highest fitness' collisions: 0.9759481789202872
new generation:  104
Fittest                      -7.247366149593125
highest fitness' coverage:   2.2081883443447694
highest fitness' collisions: 0.9455554493937894
new generation:  105
Fittest                      -6.769812682587841
highest fitness' coverage:   2.082778293617367
highest fitness' collisions: 0.8852590976205209
new generation:  106
Fittest                      -6.451017434610565
highest fitness' coverage:   2.115494805352652
highest fitness' collisions: 0.8566512239963218
new generation:  107
Fittest                      -6.196189207248285
highest fitness' coverage:   2.039303022460953
highest fitness' collisions: 0.8235492229709238
new generation:  108
Fittest                      -6.035078617749341
highest fitness' coverage:   2.022397034511724
highest fitness' collisions: 0.8057475652261066
new generation:  109
Fittest                      -5.829702988054702
highest fitness' coverage:   2.033953225347797
highest fitness' collisions: 0.78636562134025
new generation:  110
Fittest                      -5.641552227163482
highest fitness' coverage:   2.027897210500532
highest fitness' collisions: 0.7669449437664013
new generation:  111
Fittest                      -5.29157791621232
highest fitness' coverage:   2.007031998456242
highest fitness' collisions: 0.7298609914668562
new generation:  112
Fittest                      -4.999255536883542
highest fitness' coverage:   1.9292074936583088
highest fitness' collisions: 0.692846303054185
new generation:  113
Fittest                      -4.752899615876077
highest fitness' coverage:   1.8486684528775248
highest fitness' collisions: 0.6601568068753602
new generation:  114
Fittest                      -4.274633594624131
highest fitness' coverage:   1.7347924027601187
highest fitness' collisions: 0.600942599738425
new generation:  115
Fittest                      -4.092556908096769
highest fitness' coverage:   1.6319650371531482
highest fitness' collisions: 0.5724521945249917
new generation:  116
Fittest                      -3.81605226856429
highest fitness' coverage:   1.6167035373468923
highest fitness' collisions: 0.5432755805911182
new generation:  117
Fittest                      -3.652139670215738
highest fitness' coverage:   1.61670353734689
highest fitness' collisions: 0.5268843207562628
new generation:  118
Fittest                      -3.464165910418097
highest fitness' coverage:   1.588012751737284
highest fitness' collisions: 0.5052178662155381
new generation:  119
Fittest                      -3.351723897592755
highest fitness' coverage:   1.5848951424363293
highest fitness' collisions: 0.49366190400290844
new generation:  120
Fittest                      -3.0815320786143596
highest fitness' coverage:   1.542500984215829
highest fitness' collisions: 0.4624033062830189
new generation:  121
Fittest                      -2.914169358610955
highest fitness' coverage:   1.4096988309183671
highest fitness' collisions: 0.43238681895293224
new generation:  122
Fittest                      -2.8231689153456903
highest fitness' coverage:   1.3963315942198808
highest fitness' collisions: 0.4219500509565571
new generation:  123
Fittest                      -2.6694854858209696
highest fitness' coverage:   1.3932056243651902
highest fitness' collisions: 0.406269111018616
new generation:  124
Fittest                      -2.464673192284287
highest fitness' coverage:   1.3828064482522442
highest fitness' collisions: 0.38474796405365314
new generation:  125
Fittest                      -2.3740265747710394
highest fitness' coverage:   1.357358270473328
highest fitness' collisions: 0.3731384845244367
new generation:  126
Fittest                      -2.2142489921562203
highest fitness' coverage:   1.351114691317683
highest fitness' collisions: 0.35653636834739033
new generation:  127
Fittest                      -2.1100878453210963
highest fitness' coverage:   1.3027195246730359
highest fitness' collisions: 0.3412807369994132
new generation:  128
Fittest                      -1.91929293072369
highest fitness' coverage:   1.1809432645865197
highest fitness' collisions: 0.310023619531021
new generation:  129
Fittest                      -1.7685573299264326
highest fitness' coverage:   1.1817750283576227
highest fitness' collisions: 0.2950332358284055
new generation:  130
Fittest                      -1.552373763447997
highest fitness' coverage:   1.065228446601468
highest fitness' collisions: 0.2617602210049465
new generation:  131
Fittest                      -1.440326743621726
highest fitness' coverage:   1.0652284466014688
highest fitness' collisions: 0.2505555190223195
new generation:  132
Fittest                      -1.3447012311131739
highest fitness' coverage:   1.0400606856097514
highest fitness' collisions: 0.23847619167229253
new generation:  133
Fittest                      -1.2313338977456048
highest fitness' coverage:   1.0943217398001859
highest fitness' collisions: 0.23256556375457907
new generation:  134
Fittest                      -1.131077917673507
highest fitness' coverage:   1.073893468399967
highest fitness' collisions: 0.2204971386073474
new generation:  135
Fittest                      -1.0372141811040527
highest fitness' coverage:   1.073893468399966
highest fitness' collisions: 0.21111076495040185
new generation:  136
Fittest                      -0.9302910382386722
highest fitness' coverage:   1.073893468399966
highest fitness' collisions: 0.20041845066386382
new generation:  137
Fittest                      -0.8464211564355202
highest fitness' coverage:   1.0538676500743211
highest fitness' collisions: 0.19002888065098414
new generation:  138
Fittest                      -0.8123618055152657
highest fitness' coverage:   1.0267578512799087
highest fitness' collisions: 0.18391196567951745
new generation:  139
Fittest                      -0.7470910816602399
highest fitness' coverage:   1.0364698682375917
highest fitness' collisions: 0.17835609498978316
new generation:  140
Fittest                      -0.6722164021489343
highest fitness' coverage:   1.0333522589366417
highest fitness' collisions: 0.1705568661085576
new generation:  141
Fittest                      -0.5809282582490565
highest fitness' coverage:   1.0364698682375928
highest fitness' collisions: 0.16173981264866494
new generation:  142
Fittest                      -0.5233463550583144
highest fitness' coverage:   1.0374624423976837
highest fitness' collisions: 0.1560808797455998
new generation:  143
Fittest                      -0.47027419674484716
highest fitness' coverage:   1.0457275984123997
highest fitness' collisions: 0.1516001795157247
new generation:  144
Fittest                      -0.41655866854007195
highest fitness' coverage:   1.0457275984124006
highest fitness' collisions: 0.14622862669524725
new generation:  145
Fittest                      -0.3540918411208207
highest fitness' coverage:   1.0162772673089326
highest fitness' collisions: 0.13703691084297534
new generation:  146
Fittest                      -0.29879973779266367
highest fitness' coverage:   1.0193948766098853
highest fitness' collisions: 0.1318194614402549
new generation:  147
Fittest                      -0.23509134090636752
highest fitness' coverage:   1.019394876609885
highest fitness' collisions: 0.12544862175162524
new generation:  148
Fittest                      -0.18856133997135993
highest fitness' coverage:   1.046412046992562
highest fitness' collisions: 0.12349733869639218
new generation:  149
Fittest                      -0.14507475157242422
highest fitness' coverage:   1.0439487757653596
highest fitness' collisions: 0.11890235273377837
new generation:  150
Fittest                      -0.09941465690133278
highest fitness' coverage:   1.0731990105548683
highest fitness' collisions: 0.1172613667456201
new generation:  151
Fittest                      -0.05812820794349549
highest fitness' coverage:   1.0739920753101495
highest fitness' collisions: 0.1132120283253645
new generation:  152
Fittest                      0.009467425217572378
highest fitness' coverage:   1.0771096846111041
highest fitness' collisions: 0.10676422593935317
new generation:  153
Fittest                      0.05222318758662858
highest fitness' coverage:   1.1044213556623308
highest fitness' collisions: 0.10521981680757023
new generation:  154
Fittest                      0.12013225928233018
highest fitness' coverage:   1.2285753225550682
highest fitness' collisions: 0.1108443063272738
new generation:  155
Fittest                      0.17386305888775033
highest fitness' coverage:   1.2285753225550669
highest fitness' collisions: 0.10547122636673165
new generation:  156
Fittest                      0.24471306123701686
highest fitness' coverage:   1.201038647584702
highest fitness' collisions: 0.09563255863476851
new generation:  157
Fittest                      0.2825170259681691
highest fitness' coverage:   1.2041562568856545
highest fitness' collisions: 0.09216392309174855
new generation:  158
Fittest                      0.3244863135193612
highest fitness' coverage:   1.201038647584702
highest fitness' collisions: 0.08765523340653407
new generation:  159
Fittest                      0.36409424699011184
highest fitness' coverage:   1.2415842804386632
highest fitness' collisions: 0.08774900334485514
new generation:  160
Fittest                      0.4110157722063277
highest fitness' coverage:   1.2415842804386634
highest fitness' collisions: 0.08305685082323358
new generation:  161
Fittest                      0.4316613698191576
highest fitness' coverage:   1.2384666711377115
highest fitness' collisions: 0.08068053013185539
new generation:  162
Fittest                      0.45851944016343316
highest fitness' coverage:   1.2603802261756591
highest fitness' collisions: 0.0801860786012226
new generation:  163
Fittest                      0.4770785400470572
highest fitness' coverage:   1.238549012499719
highest fitness' collisions: 0.07614704724526618
new generation:  164
Fittest                      0.5049806624470121
highest fitness' coverage:   1.2385490124997205
highest fitness' collisions: 0.07335683500527083
new generation:  165
Fittest                      0.5316269896068959
highest fitness' coverage:   1.254582800424632
highest fitness' collisions: 0.07229558108177361
new generation:  166
Fittest                      0.5703635738007943
highest fitness' coverage:   1.2993066688361137
highest fitness' collisions: 0.07289430950353194
new generation:  167
Fittest                      0.5832685719343935
highest fitness' coverage:   1.2993066688361128
highest fitness' collisions: 0.07160380969017192
new generation:  168
Fittest                      0.5934945316791886
highest fitness' coverage:   1.3045647149660085
highest fitness' collisions: 0.07110701832868198
new generation:  169
Fittest                      0.6320186278046624
highest fitness' coverage:   1.3219452145185373
highest fitness' collisions: 0.06899265867138749
new generation:  170
Fittest                      0.655298048454975
highest fitness' coverage:   1.3188276052175858
highest fitness' collisions: 0.06635295567626108
new generation:  171
Fittest                      0.6752986287990799
highest fitness' coverage:   1.3219452145185389
highest fitness' collisions: 0.0646646585719459
new generation:  172
Fittest                      0.6894748222377516
highest fitness' coverage:   1.3188276052175842
highest fitness' collisions: 0.06293527829798326
new generation:  173
Fittest                      0.7129901650805848
highest fitness' coverage:   1.3188276052175842
highest fitness' collisions: 0.060583744013699946
new generation:  174
Fittest                      0.7432392777320428
highest fitness' coverage:   1.3219452145185375
highest fitness' collisions: 0.057870593678649475
new generation:  175
Fittest                      0.7492424048343812
highest fitness' coverage:   1.3219452145185404
highest fitness' collisions: 0.05727028096841592
new generation:  176
Fittest                      0.7641999671193902
highest fitness' coverage:   1.3188276052175858
highest fitness' collisions: 0.05546276380981956
new generation:  177
Fittest                      0.8485106442015733
highest fitness' coverage:   1.3219452145185373
highest fitness' collisions: 0.047343457031696394
new generation:  178
Fittest                      0.8835452727271401
highest fitness' coverage:   1.3544058281844467
highest fitness' collisions: 0.04708605554573066
new generation:  179
Fittest                      0.8936313500775328
highest fitness' coverage:   1.3512882188834958
highest fitness' collisions: 0.045765686880596304
new generation:  180
Fittest                      0.9043623272334651
highest fitness' coverage:   1.354405828184449
highest fitness' collisions: 0.04500435009509841
new generation:  181
Fittest                      0.9224771526117689
highest fitness' coverage:   1.3772815631477218
highest fitness' collisions: 0.04548044105359529
new generation:  182
Fittest                      0.9359236488302974
highest fitness' coverage:   1.4081769889552624
highest fitness' collisions: 0.0472253340124965
new generation:  183
Fittest                      0.9751501279947449
highest fitness' coverage:   1.4599104248242145
highest fitness' collisions: 0.04847602968294697
new generation:  184
Fittest                      0.9894057566202585
highest fitness' coverage:   1.4630280341251678
highest fitness' collisions: 0.04736222775049093
new generation:  185
Fittest                      0.9989793733881387
highest fitness' coverage:   1.461296626645598
highest fitness' collisions: 0.04623172532574593
new generation:  186
Fittest                      1.024566026173819
highest fitness' coverage:   1.5085993464657268
highest fitness' collisions: 0.04840333202919078
new generation:  187
Fittest                      1.0649301423620616
highest fitness' coverage:   1.635651639704754
highest fitness' collisions: 0.057072149734269245
new generation:  188
Fittest                      1.0981020734832128
highest fitness' coverage:   1.6356516397047545
highest fitness' collisions: 0.05375495662215418
new generation:  189
Fittest                      1.1057573075836133
highest fitness' coverage:   1.6588323244530923
highest fitness' collisions: 0.055307501686947876
new generation:  190
Fittest                      1.1207838904317469
highest fitness' coverage:   1.6996940847799744
highest fitness' collisions: 0.05789101943482277
new generation:  191
Fittest                      1.1277022001409351
highest fitness' coverage:   1.6996940847799735
highest fitness' collisions: 0.05719918846390384
new generation:  192
Fittest                      1.1371036250610866
highest fitness' coverage:   1.7091804809539062
highest fitness' collisions: 0.05720768558928195
new generation:  193
Fittest                      1.1450682874770566
highest fitness' coverage:   1.7060628716529507
highest fitness' collisions: 0.0560994584175894
new generation:  194
Fittest                      1.172139424170608
highest fitness' coverage:   1.70606287165295
highest fitness' collisions: 0.053392344748234205
new generation:  195
Fittest                      1.189268101609038
highest fitness' coverage:   1.7091804809539057
highest fitness' collisions: 0.05199123793448676
new generation:  196
Fittest                      1.2200242222882998
highest fitness' coverage:   1.7361534271628973
highest fitness' collisions: 0.05161292048745977
new generation:  197
Fittest                      1.290977649610657
highest fitness' coverage:   1.855192245766104
highest fitness' collisions: 0.05642145961554469
new generation:  198
Fittest                      1.309149322833284
highest fitness' coverage:   1.852074636465149
highest fitness' collisions: 0.0542925313631865
new generation:  199
Fittest                      1.3306337811847586
highest fitness' coverage:   1.8551922457661034
highest fitness' collisions: 0.05245584645813448
new generation:  200
Fittest                      1.3387996048983442
highest fitness' coverage:   1.8551922457661034
highest fitness' collisions: 0.051639264086775924
new generation:  201
Fittest                      1.3541109678351728
highest fitness' coverage:   1.8551922457661025
highest fitness' collisions: 0.05010812779309297
new generation:  202
Fittest                      1.3741161275916567
highest fitness' coverage:   1.8615168010864396
highest fitness' collisions: 0.0487400673494783
new generation:  203
Fittest                      1.405621414437848
highest fitness' coverage:   1.8615168010864414
highest fitness' collisions: 0.045589538664859326
new generation:  204
Fittest                      1.4060647643913602
highest fitness' coverage:   1.8615168010864411
highest fitness' collisions: 0.04554520366950808
new generation:  205
Fittest                      1.4116803583692945
highest fitness' coverage:   1.858399191785487
highest fitness' collisions: 0.04467188334161925
new generation:  206
Fittest                      1.4240336179215292
highest fitness' coverage:   1.8617566843783433
highest fitness' collisions: 0.04377230664568142
new generation:  207
Fittest                      1.4934740344756294
highest fitness' coverage:   1.9944095166195448
highest fitness' collisions: 0.05009354821439154
new generation:  208
Fittest                      1.515869711180688
highest fitness' coverage:   2.030631580961174
highest fitness' collisions: 0.05147618697804858
new generation:  209
Fittest                      1.555434648779692
highest fitness' coverage:   2.0306315809611735
highest fitness' collisions: 0.04751969321814815
new generation:  210
Fittest                      1.5659079994883585
highest fitness' coverage:   2.0337491902621263
highest fitness' collisions: 0.04678411907737679
new generation:  211
Fittest                      1.5841910436141888
highest fitness' coverage:   2.1186196353874447
highest fitness' collisions: 0.05344285917732558
new generation:  212
Fittest                      1.664036902439236
highest fitness' coverage:   2.3209085889208776
highest fitness' collisions: 0.06568716864816414
new generation:  213
Fittest                      1.674227713226668
highest fitness' coverage:   2.32790092923143
highest fitness' collisions: 0.06536732160047622
new generation:  214
Fittest                      1.690343334787702
highest fitness' coverage:   2.3247916179156585
highest fitness' collisions: 0.06344482831279565
new generation:  215
Fittest                      1.7119072610906674
highest fitness' coverage:   2.3216609630320875
highest fitness' collisions: 0.060975370194141995
new generation:  216
Fittest                      1.724166103455087
highest fitness' coverage:   2.3493122777545765
highest fitness' collisions: 0.06251461742994895
new generation:  217
Fittest                      1.7524934428148136
highest fitness' coverage:   2.3461946684536232
highest fitness' collisions: 0.05937012256388096
new generation:  218
Fittest                      1.7694531225066714
highest fitness' coverage:   2.369044691185042
highest fitness' collisions: 0.05995915686783704
new generation:  219
Fittest                      1.7834275238136588
highest fitness' coverage:   2.369023347617257
highest fitness' collisions: 0.05855958238035985
new generation:  220
Fittest                      1.789675787998181
highest fitness' coverage:   2.375271611801779
highest fitness' collisions: 0.05855958238035981
new generation:  221
Fittest                      1.821223210344033
highest fitness' coverage:   2.372154002500826
highest fitness' collisions: 0.0550930792156793
new generation:  222
Fittest                      1.824655853482317
highest fitness' coverage:   2.3752716118017734
highest fitness' collisions: 0.055061575831945646
new generation:  223
Fittest                      1.8327365734695733
highest fitness' coverage:   2.361016846104916
highest fitness' collisions: 0.05282802726353429
new generation:  224
Fittest                      1.8631664085399697
highest fitness' coverage:   2.3641344554058703
highest fitness' collisions: 0.05009680468659006
new generation:  225
Fittest                      1.88697418411305
highest fitness' coverage:   2.3681688143489876
highest fitness' collisions: 0.048119463023593746
new generation:  226
Fittest                      1.9005277106663678
highest fitness' coverage:   2.3681688143489876
highest fitness' collisions: 0.04676411036826197
new generation:  227
Fittest                      1.9138005495786494
highest fitness' coverage:   2.365059503033209
highest fitness' collisions: 0.045125895345455955
new generation:  228
Fittest                      1.92087286250847
highest fitness' coverage:   2.3712864236499436
highest fitness' collisions: 0.04504135611414736
new generation:  229
Fittest                      1.9311579574863087
highest fitness' coverage:   2.3650595030332133
highest fitness' collisions: 0.043390154554690454
new generation:  230
Fittest                      1.959440816136971
highest fitness' coverage:   2.392470324566619
highest fitness' collisions: 0.04330295084296478
new generation:  231
Fittest                      1.9725677419050354
highest fitness' coverage:   2.3977771834934343
highest fitness' collisions: 0.042520944158839905
new generation:  232
Fittest                      1.9926701972461114
highest fitness' coverage:   2.397764137910814
highest fitness' collisions: 0.040509394066470264
new generation:  233
Fittest                      1.998910163445465
highest fitness' coverage:   2.4040041041101676
highest fitness' collisions: 0.04050939406647027
new generation:  234
Fittest                      2.003215429550375
highest fitness' coverage:   2.4040041041101605
highest fitness' collisions: 0.040078867455978565
new generation:  235
Fittest                      2.033341555700823
highest fitness' coverage:   2.4302401819341948
highest fitness' collisions: 0.039689862623337166
new generation:  236
Fittest                      2.0574912934208394
highest fitness' coverage:   2.464151646993729
highest fitness' collisions: 0.04066603535728896
new generation:  237
Fittest                      2.060115037910643
highest fitness' coverage:   2.461020992110161
highest fitness' collisions: 0.04009059541995178
new generation:  238
Fittest                      2.06687647334191
highest fitness' coverage:   2.464151646993727
highest fitness' collisions: 0.03972751736518169
new generation:  239
Fittest                      2.070902052041316
highest fitness' coverage:   2.468169087699777
highest fitness' collisions: 0.03972670356584608
new generation:  240
Fittest                      2.0841465094863194
highest fitness' coverage:   2.486344244079574
highest fitness' collisions: 0.04021977345932549
new generation:  241
Fittest                      2.0843603056952715
highest fitness' coverage:   2.486344244079576
highest fitness' collisions: 0.040198393838430435
new generation:  242
Fittest                      2.0962313708175624
highest fitness' coverage:   2.5564041057937565
highest fitness' collisions: 0.04601727349761943
new generation:  243
Fittest                      2.1416151128389815
highest fitness' coverage:   2.559500371526925
highest fitness' collisions: 0.04178852586879437
new generation:  244
Fittest                      2.1539410134380614
highest fitness' coverage:   2.571031774352619
highest fitness' collisions: 0.04170907609145574
new generation:  245
Fittest                      2.1567987791942143
highest fitness' coverage:   2.573889540108772
highest fitness' collisions: 0.04170907609145573
new generation:  246
Fittest                      2.1782257280846173
highest fitness' coverage:   2.6895279076224186
highest fitness' collisions: 0.051130217953780116
new generation:  247
Fittest                      2.182952553964064
highest fitness' coverage:   2.680170332122128
highest fitness' collisions: 0.04972177781580637
new generation:  248
Fittest                      2.2260736160592183
highest fitness' coverage:   2.6644353662325124
highest fitness' collisions: 0.04383617501732943
new generation:  249
Fittest                      2.2323059275070443
highest fitness' coverage:   2.664435366232519
highest fitness' collisions: 0.04321294387254749
new generation:  250
Fittest                      2.260748627072295
highest fitness' coverage:   2.667552975533468
highest fitness' collisions: 0.04068043484611729
new generation:  251
Fittest                      2.2736920645396426
highest fitness' coverage:   2.8214135195021743
highest fitness' collisions: 0.0547721454962532
new generation:  252
Fittest                      2.306257809600023
highest fitness' coverage:   2.8245311288031223
highest fitness' collisions: 0.05182733192030991
new generation:  253
Fittest                      2.3063554443036303
highest fitness' coverage:   2.824628763506729
highest fitness' collisions: 0.05182733192030991
new generation:  254
Fittest                      2.333493338941896
highest fitness' coverage:   2.82772502923989
highest fitness' collisions: 0.0494231690297994
new generation:  255
Fittest                      2.3473698129445357
highest fitness' coverage:   2.827738074822507
highest fitness' collisions: 0.048036826187797116
new generation:  256
Fittest                      2.353151054326188
highest fitness' coverage:   2.8277250292398906
highest fitness' collisions: 0.04745739749137026
new generation:  257
Fittest                      2.366871009292433
highest fitness' coverage:   2.844363489697334
highest fitness' collisions: 0.04774924804049008
new generation:  258
Fittest                      2.403032601286233
highest fitness' coverage:   3.0590112347213143
highest fitness' collisions: 0.06559786334350816
new generation:  259
Fittest                      2.4073031495712174
highest fitness' coverage:   3.029993985638973
highest fitness' collisions: 0.06226908360677553
new generation:  260
Fittest                      2.4202196468497
highest fitness' coverage:   3.0331032969547502
highest fitness' collisions: 0.061288365010505046
new generation:  261
Fittest                      2.423911701239688
highest fitness' coverage:   3.0362339518383177
highest fitness' collisions: 0.06123222505986299
new generation:  262
Fittest                      2.4285108811716514
highest fitness' coverage:   3.026343598132612
highest fitness' collisions: 0.05978327169609609
new generation:  263
Fittest                      2.513211719361403
highest fitness' coverage:   3.405545257835017
highest fitness' collisions: 0.08923335384736139
new generation:  264
Fittest                      2.6019731013170326
highest fitness' coverage:   3.484455409077115
highest fitness' collisions: 0.08824823077600823
new generation:  265
Fittest                      2.665301738949513
highest fitness' coverage:   3.4901790948527935
highest fitness' collisions: 0.08248773559032806
new generation:  266
Fittest                      2.672719094936431
highest fitness' coverage:   3.487079912927069
highest fitness' collisions: 0.08143608179906381
new generation:  267
Fittest                      2.6899267798194324
highest fitness' coverage:   3.5095923455173677
highest fitness' collisions: 0.08196655656979353
new generation:  268
Fittest                      2.6989606224150897
highest fitness' coverage:   3.5127230004009373
highest fitness' collisions: 0.08137623779858479
new generation:  269
Fittest                      2.7063779784020108
highest fitness' coverage:   3.509623818475216
highest fitness' collisions: 0.08032458400732054
new generation:  270
Fittest                      2.7383328826615307
highest fitness' coverage:   3.5127230004009338
highest fitness' collisions: 0.07743901177394032
new generation:  271
Fittest                      2.7636897534871148
highest fitness' coverage:   3.4976969470397443
highest fitness' collisions: 0.07340071935526297
new generation:  272
Fittest                      2.7668102789806293
highest fitness' coverage:   3.5008174725332593
highest fitness' collisions: 0.07340071935526299
new generation:  273
Fittest                      2.7757052477393707
highest fitness' coverage:   3.4866371611611804
highest fitness' collisions: 0.07109319134218098
new generation:  274
Fittest                      2.8139596626712575
highest fitness' coverage:   3.520803314994993
highest fitness' collisions: 0.07068436523237356
new generation:  275
Fittest                      2.840640949939848
highest fitness' coverage:   3.5147381414125545
highest fitness' collisions: 0.06740971914727062
new generation:  276
Fittest                      2.85606369902258
highest fitness' coverage:   3.530160890495287
highest fitness' collisions: 0.06740971914727065
new generation:  277
Fittest                      2.872782686344091
highest fitness' coverage:   3.527051579179504
highest fitness' collisions: 0.06542688928354133
new generation:  278
Fittest                      2.876294771326692
highest fitness' coverage:   3.527061708569573
highest fitness' collisions: 0.06507669372428812
new generation:  279
Fittest                      2.883008238796115
highest fitness' coverage:   3.520821742370226
highest fitness' collisions: 0.06378135035741107
new generation:  280
Fittest                      2.892347386921185
highest fitness' coverage:   3.5301608904952952
highest fitness' collisions: 0.06378135035741105
new generation:  281
Fittest                      2.9028276743879986
highest fitness' coverage:   3.6216991470581124
highest fitness' collisions: 0.07188714726701137
new generation:  282
Fittest                      2.915417834185349
highest fitness' coverage:   3.6342893068554627
highest fitness' collisions: 0.07188714726701137
new generation:  283
Fittest                      2.9156009247874275
highest fitness' coverage:   3.6344723974575412
highest fitness' collisions: 0.07188714726701138
new generation:  284
Fittest                      2.9259346897426863
highest fitness' coverage:   3.634289306855454
highest fitness' collisions: 0.07083546171127676
new generation:  285
Fittest                      2.9321829539272035
highest fitness' coverage:   3.6405375710399714
highest fitness' collisions: 0.07083546171127679
new generation:  286
Fittest                      2.9451871008734125
highest fitness' coverage:   3.616083614969942
highest fitness' collisions: 0.06708965140965291
new generation:  287
Fittest                      2.9721793699113226
highest fitness' coverage:   3.6373263267204674
highest fitness' collisions: 0.0665146956809145
new generation:  288
Fittest                      2.979479046610887
highest fitness' coverage:   3.646466598380757
highest fitness' collisions: 0.066698755176987
new generation:  289
Fittest                      2.994843579433134
highest fitness' coverage:   3.637503628444531
highest fitness' collisions: 0.06426600490113972
new generation:  290
Fittest                      3.025805426590166
highest fitness' coverage:   3.8084123806245658
highest fitness' collisions: 0.07826069540343997
new generation:  291
Fittest                      3.0318706001725992
highest fitness' coverage:   3.8144775542069986
highest fitness' collisions: 0.07826069540343995
new generation:  292
Fittest                      3.028761288856826
highest fitness' coverage:   3.811368242891226
highest fitness' collisions: 0.07826069540344004
new generation:  293
Fittest                      3.0360696784150263
highest fitness' coverage:   3.811368242891222
highest fitness' collisions: 0.07752985644761959
new generation:  294
Fittest                      3.0697345492089534
highest fitness' coverage:   3.792609462243483
highest fitness' collisions: 0.07228749130345298
new generation:  295
Fittest                      3.0976297624321045
highest fitness' coverage:   3.8053030693087813
highest fitness' collisions: 0.07076733068766768
new generation:  296
Fittest                      3.1129144794432175
highest fitness' coverage:   4.0305255232333845
highest fitness' collisions: 0.09176110437901669
new generation:  297
Fittest                      3.151752187397884
highest fitness' coverage:   4.019376766371841
highest fitness' collisions: 0.0867624578973957
new generation:  298
Fittest                      3.1733314367694705
highest fitness' coverage:   4.007094518003176
highest fitness' collisions: 0.08337630812337053
new generation:  299
Fittest                      3.2021571657846133
highest fitness' coverage:   4.049455520131189
highest fitness' collisions: 0.08472983543465758
new generation:  300
Fittest                      3.2192046089384325
highest fitness' coverage:   4.0340740898368
highest fitness' collisions: 0.08148694808983672
new generation:  301
Fittest                      3.2431917012032834
highest fitness' coverage:   4.046334994637684
highest fitness' collisions: 0.08031432934344009
new generation:  302
Fittest                      3.2431917012032834
highest fitness' coverage:   4.046334994637684
highest fitness' collisions: 0.08031432934344007
new generation:  303
Fittest                      3.2723716041267736
highest fitness' coverage:   4.043225683321909
highest fitness' collisions: 0.07708540791951353
new generation:  304
Fittest                      3.3180474731449423
highest fitness' coverage:   4.098439362163378
highest fitness' collisions: 0.0780391889018436
new generation:  305
Fittest                      3.3814118465577945
highest fitness' coverage:   4.190194268594417
highest fitness' collisions: 0.08087824220366224
new generation:  306
Fittest                      3.4320366557363773
highest fitness' coverage:   4.202700321019744
highest fitness' collisions: 0.07706636652833668
new generation:  307
Fittest                      3.444735325877867
highest fitness' coverage:   4.215506135489488
highest fitness' collisions: 0.07707708096116206
new generation:  308
Fittest                      3.447844637193645
highest fitness' coverage:   4.2186154468052655
highest fitness' collisions: 0.07707708096116204
new generation:  309
Fittest                      3.4673338315832396
highest fitness' coverage:   4.220975511337266
highest fitness' collisions: 0.07536416797540262
new generation:  310
Fittest                      3.4776533313155875
highest fitness' coverage:   4.217920564392446
highest fitness' collisions: 0.07402672330768585
new generation:  311
Fittest                      3.5047909349750643
highest fitness' coverage:   4.453853518085921
highest fitness' collisions: 0.09490625831108569
new generation:  312
Fittest                      3.52807007023199
highest fitness' coverage:   4.494446739639907
highest fitness' collisions: 0.09663766694079165
new generation:  313
Fittest                      3.5567081423104336
highest fitness' coverage:   4.507007156436191
highest fitness' collisions: 0.09502990141257572
new generation:  314
Fittest                      3.55981745362621
highest fitness' coverage:   4.510116467751969
highest fitness' collisions: 0.09502990141257588
new generation:  315
Fittest                      3.57788936441374
highest fitness' coverage:   4.617746972885194
highest fitness' collisions: 0.1039857608471454
new generation:  316
Fittest                      3.6189559479813767
highest fitness' coverage:   4.66332192819159
highest fitness' collisions: 0.10443659802102136
new generation:  317
Fittest                      3.6373037656080762
highest fitness' coverage:   4.650913412599099
highest fitness' collisions: 0.10136096469910227
new generation:  318
Fittest                      3.665262107948826
highest fitness' coverage:   4.678871754939849
highest fitness' collisions: 0.10136096469910233
new generation:  319
Fittest                      3.702915888659639
highest fitness' coverage:   4.737608874840705
highest fitness' collisions: 0.10346929861810657
new generation:  320
Fittest                      3.712881536676196
highest fitness' coverage:   4.743644760846995
highest fitness' collisions: 0.10307632241707992
new generation:  321
Fittest                      3.722220684801262
highest fitness' coverage:   4.752983908972062
highest fitness' collisions: 0.10307632241707997
new generation:  322
Fittest                      3.7242978569606553
highest fitness' coverage:   4.743794476669094
highest fitness' collisions: 0.10194966197084386
new generation:  323
Fittest                      3.727253719227313
highest fitness' coverage:   4.746750338935751
highest fitness' collisions: 0.1019496619708438
new generation:  324
Fittest                      3.7442713235063207
highest fitness' coverage:   4.710204835585254
highest fitness' collisions: 0.09659335120789339
new generation:  325
Fittest                      3.7587846924357837
highest fitness' coverage:   4.716400566803691
highest fitness' collisions: 0.09576158743679074
new generation:  326
Fittest                      3.75627108115265
highest fitness' coverage:   4.706991229478377
highest fitness' collisions: 0.09507201483257273
new generation:  327
Fittest                      3.7732617458426914
highest fitness' coverage:   4.6913417601464324
highest fitness' collisions: 0.09180800143037408
new generation:  328
Fittest                      3.7920354738951816
highest fitness' coverage:   4.710115488198923
highest fitness' collisions: 0.09180800143037415
new generation:  329
Fittest                      3.805260890620276
highest fitness' coverage:   4.688245210853721
highest fitness' collisions: 0.08829843202334457
new generation:  330
Fittest                      3.8443681554691373
highest fitness' coverage:   4.9055178160000175
highest fitness' collisions: 0.10611496605308798
new generation:  331
Fittest                      3.884144489231459
highest fitness' coverage:   4.908642074720552
highest fitness' collisions: 0.10244975854890932
new generation:  332
Fittest                      3.9023492064138114
highest fitness' coverage:   4.929137659555671
highest fitness' collisions: 0.10267884531418602
new generation:  333
Fittest                      3.914899951090915
highest fitness' coverage:   4.941688404232775
highest fitness' collisions: 0.10267884531418603
new generation:  334
Fittest                      3.9652950168631893
highest fitness' coverage:   4.941698533622829
highest fitness' collisions: 0.09764035167596398
new generation:  335
Fittest                      3.9878926447864913
highest fitness' coverage:   4.9447977155485505
highest fitness' collisions: 0.09569050707620594
new generation:  336
Fittest                      3.984776937307689
highest fitness' coverage:   4.9416820080697486
highest fitness' collisions: 0.09569050707620595
new generation:  337
Fittest                      4.018883995816611
highest fitness' coverage:   4.929437628821964
highest fitness' collisions: 0.09105536330053529
new generation:  338
Fittest                      4.076423150837217
highest fitness' coverage:   5.022135919820286
highest fitness' collisions: 0.094571276898307
new generation:  339
Fittest                      4.082166750590402
highest fitness' coverage:   5.013460281245829
highest fitness' collisions: 0.09312935306554267
new generation:  340
Fittest                      4.1120342939777945
highest fitness' coverage:   5.022601745340856
highest fitness' collisions: 0.0910567451363061
new generation:  341
Fittest                      4.112078528958682
highest fitness' coverage:   5.022645980321744
highest fitness' collisions: 0.09105674513630624
new generation:  342
Fittest                      4.138219853057596
highest fitness' coverage:   5.156175350406501
highest fitness' collisions: 0.1017955497348905
new generation:  343
Fittest                      4.167404796244792
highest fitness' coverage:   5.174949535729886
highest fitness' collisions: 0.10075447394850938
new generation:  344
Fittest                      4.1809786310069095
highest fitness' coverage:   5.214542883008684
highest fitness' collisions: 0.10335642520017743
new generation:  345
Fittest                      4.17596176497451
highest fitness' coverage:   5.208298098794642
highest fitness' collisions: 0.10323363338201316
new generation:  346
Fittest                      4.175941864151547
highest fitness' coverage:   5.208278197971678
highest fitness' collisions: 0.10323363338201309
new generation:  347
Fittest                      4.196541810084539
highest fitness' coverage:   5.198846536043259
highest fitness' collisions: 0.10023047259587203
new generation:  348
Fittest                      4.211253730126685
highest fitness' coverage:   5.20850060083938
highest fitness' collisions: 0.09972468707126951
new generation:  349
Fittest                      4.27122619544005
highest fitness' coverage:   5.957324902394535
highest fitness' collisions: 0.16860987069544844
new generation:  350
Fittest                      4.301301352229029
highest fitness' coverage:   5.932161402042454
highest fitness' collisions: 0.16308600498134254
new generation:  351
Fittest                      4.350752970866736
highest fitness' coverage:   5.950790082325042
highest fitness' collisions: 0.16000371114583056
new generation:  352
Fittest                      4.461568805456265
highest fitness' coverage:   6.231725503213282
highest fitness' collisions: 0.17701566977570163
new generation:  353
Fittest                      4.480018773903025
highest fitness' coverage:   6.21625941925484
highest fitness' collisions: 0.1736240645351815
new generation:  354
Fittest                      4.512708590509573
highest fitness' coverage:   6.225517009971766
highest fitness' collisions: 0.1712808419462193
new generation:  355
Fittest                      4.536778825676574
highest fitness' coverage:   6.231768048291451
highest fitness' collisions: 0.1694989222614877
new generation:  356
Fittest                      4.571438142204011
highest fitness' coverage:   6.219492196085825
highest fitness' collisions: 0.1648054053881814
new generation:  357
Fittest                      4.585774794474206
highest fitness' coverage:   6.210918904150707
highest fitness' collisions: 0.16251441096765007
new generation:  358
Fittest                      4.608768805958688
highest fitness' coverage:   6.238431344735663
highest fitness' collisions: 0.1629662538776976
new generation:  359
Fittest                      4.678312051333599
highest fitness' coverage:   6.260294814457597
highest fitness' collisions: 0.15819827631239983
new generation:  360
Fittest                      4.673811271252558
highest fitness' coverage:   6.2825982926493635
highest fitness' collisions: 0.16087870213968056
new generation:  361
Fittest                      4.703599111286993
highest fitness' coverage:   6.285787444345441
highest fitness' collisions: 0.15821883330584482
new generation:  362
Fittest                      4.7212193464569285
highest fitness' coverage:   6.288785373054832
highest fitness' collisions: 0.15675660265979033
new generation:  363
Fittest                      4.721364420878256
highest fitness' coverage:   6.2857874443454165
highest fitness' collisions: 0.156442302346716
new generation:  364
Fittest                      4.723691239295456
highest fitness' coverage:   6.2888446247087115
highest fitness' collisions: 0.15651533854132557
new generation:  365
Fittest                      4.725103776840081
highest fitness' coverage:   6.288844624708712
highest fitness' collisions: 0.15637408478686318
new generation:  366
Fittest                      4.721127390254659
highest fitness' coverage:   6.291958098769056
highest fitness' collisions: 0.15708307085143972
new generation:  367
Fittest                      4.721525987204399
highest fitness' coverage:   6.238634149535357
highest fitness' collisions: 0.1517108162330958
new generation:  368
Fittest                      4.796322116176695
highest fitness' coverage:   6.273138333704765
highest fitness' collisions: 0.1476816217528069
new generation:  369
Fittest                      4.8024657164426525
highest fitness' coverage:   6.279281933970721
highest fitness' collisions: 0.14768162175280689
new generation:  370
Fittest                      4.79325866022012
highest fitness' coverage:   6.269943052074333
highest fitness' collisions: 0.14766843918542133
new generation:  371
Fittest                      4.796789242836329
highest fitness' coverage:   6.273026951098391
highest fitness' collisions: 0.1476237708262062
new generation:  372
Fittest                      4.799919966988106
highest fitness' coverage:   6.276157675250168
highest fitness' collisions: 0.14762377082620629
new generation:  373
Fittest                      4.799999807368422
highest fitness' coverage:   6.276237515630485
highest fitness' collisions: 0.14762377082620634
new generation:  374
Fittest                      4.796820785062406
highest fitness' coverage:   6.273058493324468
highest fitness' collisions: 0.14762377082620629
new generation:  375
Fittest                      4.838914393923424
highest fitness' coverage:   6.27098127531541
highest fitness' collisions: 0.14320668813919868
new generation:  376
Fittest                      4.890973078467863
highest fitness' coverage:   6.402006336149872
highest fitness' collisions: 0.15110332576820087
new generation:  377
Fittest                      4.906743649798665
highest fitness' coverage:   6.404860945200213
highest fitness' collisions: 0.1498117295401548
new generation:  378
Fittest                      4.935600570868922
highest fitness' coverage:   6.391670837616503
highest fitness' collisions: 0.14560702667475808
new generation:  379
Fittest                      4.938882441383123
highest fitness' coverage:   6.394952708130704
highest fitness' collisions: 0.14560702667475808
new generation:  380
Fittest                      4.939933568544315
highest fitness' coverage:   6.391020459126688
highest fitness' collisions: 0.14510868905823734
new generation:  381
Fittest                      4.947999378143486
highest fitness' coverage:   6.37862511701749
highest fitness' collisions: 0.1430625738874005
new generation:  382
Fittest                      4.9907999206705425
highest fitness' coverage:   6.390904913775761
highest fitness' collisions: 0.14001049931052184
new generation:  383
Fittest                      4.990882281929473
highest fitness' coverage:   6.39098727503469
highest fitness' collisions: 0.1400104993105217
new generation:  384
Fittest                      4.99310330073804
highest fitness' coverage:   6.388079544264809
highest fitness' collisions: 0.13949762435267687
new generation:  385
Fittest                      4.999143397525654
highest fitness' coverage:   6.3941196410524235
highest fitness' collisions: 0.1394976243526769
new generation:  386
Fittest                      5.001094809488524
highest fitness' coverage:   6.390968328174201
highest fitness' collisions: 0.13898735186856764
new generation:  387
Fittest                      5.011200257217428
highest fitness' coverage:   6.358862334091862
highest fitness' collisions: 0.13476620768744335
new generation:  388
Fittest                      5.024333730987941
highest fitness' coverage:   6.334172077804333
highest fitness' collisions: 0.1309838346816393
new generation:  389
Fittest                      5.049046878688573
highest fitness' coverage:   6.3588852255049675
highest fitness' collisions: 0.13098383468163938
new generation:  390
Fittest                      5.045899728554943
highest fitness' coverage:   6.3557380753713355
highest fitness' collisions: 0.1309838346816392
new generation:  391
Fittest                      5.058466413900115
highest fitness' coverage:   6.83061342674591
highest fitness' collisions: 0.1772147012845795
new generation:  392
Fittest                      5.088543825080677
highest fitness' coverage:   6.859631675140054
highest fitness' collisions: 0.17710878500593774
new generation:  393
Fittest                      5.122920811903542
highest fitness' coverage:   6.854097103761468
highest fitness' collisions: 0.1731176291857926
new generation:  394
Fittest                      5.343515316713607
highest fitness' coverage:   7.881974203286412
highest fitness' collisions: 0.25384588865728047
new generation:  395
Fittest                      5.352865967777248
highest fitness' coverage:   7.891324854350051
highest fitness' collisions: 0.2538458886572803
new generation:  396
Fittest                      5.366599707406505
highest fitness' coverage:   7.899103404066181
highest fitness' collisions: 0.2532503696659676
new generation:  397
Fittest                      5.360428396984334
highest fitness' coverage:   7.892932093644011
highest fitness' collisions: 0.25325036966596765
new generation:  398
Fittest                      5.40554651014057
highest fitness' coverage:   7.939166652525501
highest fitness' collisions: 0.25336201423849314
new generation:  399
Fittest                      5.443068184928585
highest fitness' coverage:   7.961170474763306
highest fitness' collisions: 0.25181022898347216
new generation:  400
Fittest                      5.456069990932329
highest fitness' coverage:   7.967322877721531
highest fitness' collisions: 0.25112528867892014
new generation:  401
Fittest                      5.4651025793750785
highest fitness' coverage:   7.942321718720702
highest fitness' collisions: 0.2477219139345624
new generation:  402
Fittest                      5.510984821657788
highest fitness' coverage:   7.973701650755664
highest fitness' collisions: 0.2462716829097876
new generation:  403
Fittest                      5.5356985647437345
highest fitness' coverage:   7.943378949226776
highest fitness' collisions: 0.24076803844830416
new generation:  404
Fittest                      5.562610254780744
highest fitness' coverage:   7.940100911798741
highest fitness' collisions: 0.23774906570179963
new generation:  405
Fittest                      5.743951089441187
highest fitness' coverage:   9.049559004410483
highest fitness' collisions: 0.33056079149692963
new generation:  406
Fittest                      5.80246721291666
highest fitness' coverage:   10.64249532437858
highest fitness' collisions: 0.4840028111461919
new generation:  407
Fittest                      5.890719435474971
highest fitness' coverage:   10.667737520167591
highest fitness' collisions: 0.4777018084692621
new generation:  408
Fittest                      5.975640268697498
highest fitness' coverage:   10.635905304992939
highest fitness' collisions: 0.466026503629544
new generation:  409
Fittest                      6.052504634952654
highest fitness' coverage:   11.51950705016387
highest fitness' collisions: 0.5467002415211216
new generation:  410
Fittest                      6.1511775126464245
highest fitness' coverage:   11.533465256673303
highest fitness' collisions: 0.5382287744026878
new generation:  411
Fittest                      6.191079075671393
highest fitness' coverage:   11.530377264868404
highest fitness' collisions: 0.5339298189197011
new generation:  412
Fittest                      6.275321840663407
highest fitness' coverage:   11.546368977118242
highest fitness' collisions: 0.5271047136454834
new generation:  413
Fittest                      6.3150776566459745
highest fitness' coverage:   11.52426486725435
highest fitness' collisions: 0.5209187210608376
new generation:  414
Fittest                      6.4554693601835975
highest fitness' coverage:   11.504783208741108
highest fitness' collisions: 0.5049313848557511
new generation:  415
Fittest                      6.477172323752228
highest fitness' coverage:   11.526486172309745
highest fitness' collisions: 0.5049313848557517
new generation:  416
Fittest                      6.688431414203914
highest fitness' coverage:   11.514226038571048
highest fitness' collisions: 0.4825794624367133
new generation:  417
Fittest                      6.708698202087837
highest fitness' coverage:   11.849672798500158
highest fitness' collisions: 0.5140974596412321
new generation:  418
Fittest                      6.746308571835542
highest fitness' coverage:   11.78827807478559
highest fitness' collisions: 0.5041969502950048
new generation:  419
Fittest                      6.807176508507334
highest fitness' coverage:   11.772819432304356
highest fitness' collisions: 0.4965642923797022
new generation:  420
Fittest                      6.897643663837312
highest fitness' coverage:   11.735521099101927
highest fitness' collisions: 0.48378774352646153
new generation:  421
Fittest                      6.980785170711003
highest fitness' coverage:   11.79740886514709
highest fitness' collisions: 0.4816623694436088
new generation:  422
Fittest                      6.998417659189119
highest fitness' coverage:   12.10062626383134
highest fitness' collisions: 0.5102208604642222
new generation:  423
Fittest                      7.142191377964885
highest fitness' coverage:   12.544553866492178
highest fitness' collisions: 0.5402362488527294
new generation:  424
Fittest                      7.221261440472906
highest fitness' coverage:   12.579160802253288
highest fitness' collisions: 0.5357899361780382
new generation:  425
Fittest                      7.237079337136402
highest fitness' coverage:   12.529435344092755
highest fitness' collisions: 0.5292356006956354
new generation:  426
Fittest                      7.316588003623454
highest fitness' coverage:   12.575321892744153
highest fitness' collisions: 0.5258733889120699
new generation:  427
Fittest                      7.327384498863382
highest fitness' coverage:   12.556656466963148
highest fitness' collisions: 0.5229271968099766
new generation:  428
Fittest                      7.439637771590036
highest fitness' coverage:   12.858307515813642
highest fitness' collisions: 0.5418669744223606
new generation:  429
Fittest                      7.461390612716658
highest fitness' coverage:   12.88006035694027
highest fitness' collisions: 0.5418669744223612
new generation:  430
Fittest                      7.467223137493461
highest fitness' coverage:   12.849229554330496
highest fitness' collisions: 0.5382006416837035
new generation:  431
Fittest                      7.498927046144314
highest fitness' coverage:   12.855189667219758
highest fitness' collisions: 0.5356262621075444
new generation:  432
Fittest                      7.534702736033724
highest fitness' coverage:   12.854047853167524
highest fitness' collisions: 0.53193451171338
new generation:  433
Fittest                      7.550495027994056
highest fitness' coverage:   12.838217368526172
highest fitness' collisions: 0.5287722340532116
new generation:  434
Fittest                      7.606900132218044
highest fitness' coverage:   12.836446324335627
highest fitness' collisions: 0.5229546192117583
new generation:  435
Fittest                      7.637093626045187
highest fitness' coverage:   12.823714229313136
highest fitness' collisions: 0.5186620603267948
new generation:  436
Fittest                      7.733290202673213
highest fitness' coverage:   12.931454134552911
highest fitness' collisions: 0.5198163931879699
new generation:  437
Fittest                      7.715414159652963
highest fitness' coverage:   12.887771209015883
highest fitness' collisions: 0.517235704936292
new generation:  438
Fittest                      7.782650524813334
highest fitness' coverage:   12.912988295395735
highest fitness' collisions: 0.51303377705824
new generation:  439
Fittest                      7.803202598280901
highest fitness' coverage:   12.998794256292502
highest fitness' collisions: 0.5195591658011601
new generation:  440
Fittest                      7.8281420092508105
highest fitness' coverage:   13.660983082685098
highest fitness' collisions: 0.5832841073434287
new generation:  441
Fittest                      7.973524299723474
highest fitness' coverage:   13.648663207911401
highest fitness' collisions: 0.5675138908187927
new generation:  442
Fittest                      8.073063056935915
highest fitness' coverage:   13.692324025504256
highest fitness' collisions: 0.5619260968568341
new generation:  443
Fittest                      8.110211938492029
highest fitness' coverage:   13.667560875289174
highest fitness' collisions: 0.5557348936797145
new generation:  444
Fittest                      8.178595460035364
highest fitness' coverage:   13.690124965167227
highest fitness' collisions: 0.5511529505131864
new generation:  445
Fittest                      8.205169315364067
highest fitness' coverage:   13.68077022771047
highest fitness' collisions: 0.5475600912346403
new generation:  446
Fittest                      8.2407799421329
highest fitness' coverage:   13.867721302897422
highest fitness' collisions: 0.5626941360764524
new generation:  447
Fittest                      8.293907462651456
highest fitness' coverage:   13.88300826508707
highest fitness' collisions: 0.5589100802435615
new generation:  448
Fittest                      8.323930195536864
highest fitness' coverage:   14.128285194768972
highest fitness' collisions: 0.5804354999232109
new generation:  449
Fittest                      8.447761156956382
highest fitness' coverage:   14.13060202438764
highest fitness' collisions: 0.5682840867431259
new generation:  450
Fittest                      8.487801746883893
highest fitness' coverage:   13.920548232105375
highest fitness' collisions: 0.5432746485221482
new generation:  451
Fittest                      8.646225745208778
highest fitness' coverage:   13.890759558573258
highest fitness' collisions: 0.524453381336448
new generation:  452
Fittest                      8.753042840658152
highest fitness' coverage:   13.856983267701626
highest fitness' collisions: 0.5103940427043474
new generation:  453
Fittest                      8.802392184042379
highest fitness' coverage:   13.863083850513217
highest fitness' collisions: 0.5060691666470839
new generation:  454
Fittest                      8.868644297787542
highest fitness' coverage:   14.926375083905894
highest fitness' collisions: 0.6057730786118352
new generation:  455
Fittest                      8.970455462715538
highest fitness' coverage:   14.963371641586084
highest fitness' collisions: 0.5992916178870547
new generation:  456
Fittest                      9.010072347351713
highest fitness' coverage:   14.935953285643087
highest fitness' collisions: 0.5925880938291376
new generation:  457
Fittest                      9.646645509432982
highest fitness' coverage:   16.501717411713773
highest fitness' collisions: 0.685507190228079
new generation:  458
Fittest                      9.848465830459809
highest fitness' coverage:   18.16237700479577
highest fitness' collisions: 0.831391117433596
new generation:  459
Fittest                      9.936348260465742
highest fitness' coverage:   18.140205905404468
highest fitness' collisions: 0.8203857644938726
new generation:  460
Fittest                      10.173198801462753
highest fitness' coverage:   19.499597424468234
highest fitness' collisions: 0.9326398623005481
new generation:  461
Fittest                      10.29024112909428
highest fitness' coverage:   19.505775801742743
highest fitness' collisions: 0.9215534672648463
new generation:  462
Fittest                      10.348732913931556
highest fitness' coverage:   19.508937176379234
highest fitness' collisions: 0.9160204262447678
new generation:  463
Fittest                      10.49808675476921
highest fitness' coverage:   19.50923831120315
highest fitness' collisions: 0.901115155643394
new generation:  464
Fittest                      10.783941856018107
highest fitness' coverage:   19.45449078077355
highest fitness' collisions: 0.8670548924755443
new generation:  465
Fittest                      10.869100863239673
highest fitness' coverage:   19.4392196874818
highest fitness' collisions: 0.8570118824242127
new generation:  466
Fittest                      10.984569506149912
highest fitness' coverage:   19.42710952879908
highest fitness' collisions: 0.8442540022649168
new generation:  467
Fittest                      11.157445003292501
highest fitness' coverage:   19.854662712939483
highest fitness' collisions: 0.869721770964698
new generation:  468
Fittest                      11.31245118661907
highest fitness' coverage:   19.85134655427828
highest fitness' collisions: 0.8538895367659209
new generation:  469
Fittest                      11.407859975407632
highest fitness' coverage:   19.857421082483505
highest fitness' collisions: 0.8449561107075874
new generation:  470
Fittest                      11.54802196278076
highest fitness' coverage:   19.847423415504593
highest fitness' collisions: 0.8299401452723832
new generation:  471
Fittest                      11.986925497439577
highest fitness' coverage:   21.66685603555622
highest fitness' collisions: 0.9679930538116641
new generation:  472
Fittest                      12.088475715944611
highest fitness' coverage:   21.6667106523169
highest fitness' collisions: 0.9578234936372291
new generation:  473
Fittest                      12.227487558911708
highest fitness' coverage:   22.73741791495801
highest fitness' collisions: 1.05099303560463
new generation:  474
Fittest                      12.440624898103227
highest fitness' coverage:   22.747494554672883
highest fitness' collisions: 1.0306869656569657
new generation:  475
Fittest                      12.518959816153178
highest fitness' coverage:   22.73468288381866
highest fitness' collisions: 1.0215723067665483
new generation:  476
Fittest                      12.826034128692026
highest fitness' coverage:   25.245727554858174
highest fitness' collisions: 1.2419693426166147
new generation:  477
Fittest                      12.986709784552707
highest fitness' coverage:   25.2143481025906
highest fitness' collisions: 1.2227638318037892
new generation:  478
Fittest                      13.22876985530839
highest fitness' coverage:   25.218008764702102
highest fitness' collisions: 1.1989238909393714
new generation:  479
Fittest                      13.384551711462366
highest fitness' coverage:   25.183796084317684
highest fitness' collisions: 1.1799244372855318
new generation:  480
Fittest                      13.542825334270233
highest fitness' coverage:   25.165212544695716
highest fitness' collisions: 1.1622387210425482
new generation:  481
Fittest                      13.679293563477364
highest fitness' coverage:   25.089550752754796
highest fitness' collisions: 1.1410257189277433
new generation:  482
Fittest                      13.850532131814672
highest fitness' coverage:   25.085970003437488
highest fitness' collisions: 1.1235437871622815
new generation:  483
Fittest                      13.941283765919186
highest fitness' coverage:   25.09533414038685
highest fitness' collisions: 1.1154050374467663
new generation:  484
Fittest                      14.078902538331247
highest fitness' coverage:   24.93240591145621
highest fitness' collisions: 1.0853503373124964
new generation:  485
Fittest                      14.35858331542465
highest fitness' coverage:   26.915230909502178
highest fitness' collisions: 1.2556647594077528
new generation:  486
Fittest                      14.58617421014837
highest fitness' coverage:   26.790141189426283
highest fitness' collisions: 1.2203966979277914
new generation:  487
Fittest                      14.661479386691452
highest fitness' coverage:   26.795816578484022
highest fitness' collisions: 1.213433719179257
new generation:  488
Fittest                      14.732142833194622
highest fitness' coverage:   26.765541259938548
highest fitness' collisions: 1.2033398426743926
new generation:  489
Fittest                      14.823235861016293
highest fitness' coverage:   26.739708852012466
highest fitness' collisions: 1.1916472990996172
new generation:  490
Fittest                      15.284812625501004
highest fitness' coverage:   30.21084315752952
highest fitness' collisions: 1.4926030532028516
new generation:  491
Fittest                      15.502821934376577
highest fitness' coverage:   31.874867524552243
highest fitness' collisions: 1.6372045590175666
new generation:  492
Fittest                      15.688162147725656
highest fitness' coverage:   31.721842032421492
highest fitness' collisions: 1.6033679884695837
new generation:  493
Fittest                      15.858143955096772
highest fitness' coverage:   31.726811002064295
highest fitness' collisions: 1.5868667046967524
new generation:  494
Fittest                      15.994805911221722
highest fitness' coverage:   31.68510224882651
highest fitness' collisions: 1.5690296337604788
new generation:  495
Fittest                      16.117972184030435
highest fitness' coverage:   31.688314124579506
highest fitness' collisions: 1.557034194054907
new generation:  496
Fittest                      16.309950215601287
highest fitness' coverage:   31.92366390830144
highest fitness' collisions: 1.5613713692700153
new generation:  497
Fittest                      16.625420959664567
highest fitness' coverage:   33.889418726342036
highest fitness' collisions: 1.726399776667747
new generation:  498
Fittest                      16.781475898088885
highest fitness' coverage:   33.89548057605211
highest fitness' collisions: 1.7114004677963224
new generation:  499
Fittest                      16.927538683985375
highest fitness' coverage:   33.758283838192014
highest fitness' collisions: 1.6830745154206639
new generation:  500
Fittest                      17.177774103089977
highest fitness' coverage:   33.76769721631337
highest fitness' collisions: 1.6589923113223397
new generation:  501
Fittest                      17.277705795348105
highest fitness' coverage:   33.75881621386722
highest fitness' collisions: 1.6481110418519114
new generation:  502
Fittest                      17.89515585241325
highest fitness' coverage:   34.20803904025297
highest fitness' collisions: 1.631288318783972
new generation:  503
Fittest                      18.120171125127104
highest fitness' coverage:   33.877369121473684
highest fitness' collisions: 1.575719799634658
new generation:  504
Fittest                      18.430477401054645
highest fitness' coverage:   33.76664970266471
highest fitness' collisions: 1.533617230161006
new generation:  505
Fittest                      18.580025271704233
highest fitness' coverage:   33.67615674610243
highest fitness' collisions: 1.5096131474398196
new generation:  506
Fittest                      18.67088143490648
highest fitness' coverage:   33.67531567852407
highest fitness' collisions: 1.5004434243617593
new generation:  507
Fittest                      18.92336798670234
highest fitness' coverage:   33.6664412769269
highest fitness' collisions: 1.4743073290224564
new generation:  508
Fittest                      19.369243864997358
highest fitness' coverage:   34.77073169513258
highest fitness' collisions: 1.5401487830135225
new generation:  509
Fittest                      19.52924637865688
highest fitness' coverage:   34.8859706925781
highest fitness' collisions: 1.5356724313921217
new generation:  510
Fittest                      19.839121919260897
highest fitness' coverage:   35.3535889854512
highest fitness' collisions: 1.5514467066190305
new generation:  511
Fittest                      20.59363021289867
highest fitness' coverage:   36.512708224900585
highest fitness' collisions: 1.5919078012001915
new generation:  512
Fittest                      20.65401252471581
highest fitness' coverage:   36.36292011268447
highest fitness' collisions: 1.570890758796866
new generation:  513
Fittest                      20.91408243480376
highest fitness' coverage:   36.36955602067432
highest fitness' collisions: 1.5455473585870556
new generation:  514
Fittest                      21.00854961918222
highest fitness' coverage:   36.335226205869816
highest fitness' collisions: 1.5326676586687595
new generation:  515
Fittest                      21.165632912028073
highest fitness' coverage:   36.38501759158236
highest fitness' collisions: 1.5219384679554286
new generation:  516
Fittest                      21.23377188527428
highest fitness' coverage:   36.35905080651048
highest fitness' collisions: 1.5125278921236203
new generation:  517
Fittest                      21.316571602210296
highest fitness' coverage:   36.37849673546691
highest fitness' collisions: 1.5061925133256617
new generation:  518
Fittest                      21.51159384992647
highest fitness' coverage:   36.338567356318066
highest fitness' collisions: 1.4826973506391596
new generation:  519
Fittest                      21.694194780426134
highest fitness' coverage:   36.347338223187315
highest fitness' collisions: 1.465314344276118
new generation:  520
Fittest                      21.78902897855589
highest fitness' coverage:   36.365700152665774
highest fitness' collisions: 1.4576671174109885
new generation:  521
Fittest                      22.1784625090611
highest fitness' coverage:   37.091530456649515
highest fitness' collisions: 1.4913067947588416
new generation:  522
Fittest                      22.35112203315775
highest fitness' coverage:   37.092900421756966
highest fitness' collisions: 1.4741778388599214
new generation:  523
Fittest                      22.54544303581453
highest fitness' coverage:   37.06665248442981
highest fitness' collisions: 1.4521209448615282
new generation:  524
Fittest                      22.708912138654526
highest fitness' coverage:   37.05665028385263
highest fitness' collisions: 1.4347738145198106
new generation:  525
Fittest                      22.909913337507405
highest fitness' coverage:   37.96894709679158
highest fitness' collisions: 1.5059033759284177
new generation:  526
Fittest                      23.108242605771792
highest fitness' coverage:   37.95121132267964
highest fitness' collisions: 1.4842968716907847
new generation:  527
Fittest                      23.434233711457306
highest fitness' coverage:   37.95389855107099
highest fitness' collisions: 1.4519664839613686
new generation:  528
Fittest                      23.55917296324681
highest fitness' coverage:   37.994455069353954
highest fitness' collisions: 1.4435282106107146
new generation:  529
Fittest                      23.702658665975477
highest fitness' coverage:   37.96885497891409
highest fitness' collisions: 1.4266196312938613
new generation:  530
Fittest                      23.78332226871375
highest fitness' coverage:   38.010574727114246
highest fitness' collisions: 1.4227252458400497
new generation:  531
Fittest                      23.855075469309867
highest fitness' coverage:   38.14896681204233
highest fitness' collisions: 1.4293891342732465
new generation:  532
Fittest                      23.95359638696027
highest fitness' coverage:   38.14351769641132
highest fitness' collisions: 1.418992130945105
new generation:  533
Fittest                      24.10771185504518
highest fitness' coverage:   38.121425618158774
highest fitness' collisions: 1.401371376311359
new generation:  534
Fittest                      24.300411630790343
highest fitness' coverage:   39.00030546535256
highest fitness' collisions: 1.4699893834562217
new generation:  535
Fittest                      24.379945306647482
highest fitness' coverage:   39.015699114461476
highest fitness' collisions: 1.4635753807813994
new generation:  536
Fittest                      24.543543817513385
highest fitness' coverage:   39.000404175590376
highest fitness' collisions: 1.445686035807699
new generation:  537
Fittest                      24.753125016579823
highest fitness' coverage:   38.99037581688524
highest fitness' collisions: 1.4237250800305419
new generation:  538
Fittest                      25.017024984457166
highest fitness' coverage:   39.02779503037772
highest fitness' collisions: 1.401077004592055
new generation:  539
Fittest                      25.10990322451716
highest fitness' coverage:   39.03266561704212
highest fitness' collisions: 1.3922762392524959
new generation:  540
Fittest                      25.269478030807168
highest fitness' coverage:   38.98215031542005
highest fitness' collisions: 1.3712672284612881
new generation:  541
Fittest                      25.407269214480326
highest fitness' coverage:   39.03440763306956
highest fitness' collisions: 1.3627138418589237
new generation:  542
Fittest                      25.439735849872804
highest fitness' coverage:   39.0156265637285
highest fitness' collisions: 1.3575890713855698
new generation:  543
Fittest                      25.684406400796746
highest fitness' coverage:   39.00461771293689
highest fitness' collisions: 1.3320211312140144
new generation:  544
Fittest                      25.86055743331475
highest fitness' coverage:   39.01747711283272
highest fitness' collisions: 1.3156919679517973
new generation:  545
Fittest                      26.047312654789863
highest fitness' coverage:   38.91364130136581
highest fitness' collisions: 1.2866328646575944
new generation:  546
Fittest                      26.1821004963424
highest fitness' coverage:   38.88961896840929
highest fitness' collisions: 1.2707518472066885
new generation:  547
Fittest                      26.290959290780123
highest fitness' coverage:   38.89585107490024
highest fitness' collisions: 1.2604891784120122
new generation:  548
Fittest                      26.403617062979805
highest fitness' coverage:   38.92167908492958
highest fitness' collisions: 1.2518062021949772
new generation:  549
Fittest                      26.40812678130064
highest fitness' coverage:   38.85668256770848
highest fitness' collisions: 1.244855578640784
new generation:  550
Fittest                      26.51402403158668
highest fitness' coverage:   38.89636993456526
highest fitness' collisions: 1.238234590297858
new generation:  551
Fittest                      26.599542749892525
highest fitness' coverage:   38.881427235396174
highest fitness' collisions: 1.228188448550365
new generation:  552
Fittest                      26.818074246012195
highest fitness' coverage:   38.908661725034385
highest fitness' collisions: 1.2090587479022192
new generation:  553
Fittest                      27.040395433845237
highest fitness' coverage:   39.119264994974166
highest fitness' collisions: 1.2078869561128929
new generation:  554
Fittest                      27.164925730076405
highest fitness' coverage:   39.03641501054977
highest fitness' collisions: 1.1871489280473364
new generation:  555
Fittest                      27.251404583856
highest fitness' coverage:   39.02180050523088
highest fitness' collisions: 1.1770395921374879
new generation:  556
Fittest                      27.324591188219834
highest fitness' coverage:   39.00927682163607
highest fitness' collisions: 1.1684685633416236
new generation:  557
Fittest                      27.409818942153553
highest fitness' coverage:   39.11378468726349
highest fitness' collisions: 1.1703965745109937
new generation:  558
Fittest                      27.626148097281757
highest fitness' coverage:   39.15115557096507
highest fitness' collisions: 1.1525007473683309
new generation:  559
Fittest                      27.781970104316713
highest fitness' coverage:   39.05593738440918
highest fitness' collisions: 1.1273967280092463
new generation:  560
Fittest                      28.01985600253162
highest fitness' coverage:   39.50645729144698
highest fitness' collisions: 1.1486601288915361
new generation:  561
Fittest                      28.162948071465266
highest fitness' coverage:   39.543379416145015
highest fitness' collisions: 1.138043134467975
new generation:  562
Fittest                      28.20914400253665
highest fitness' coverage:   39.495675338193045
highest fitness' collisions: 1.1286531335656396
new generation:  563
Fittest                      28.271340443586055
highest fitness' coverage:   39.475518429176155
highest fitness' collisions: 1.1204177985590098
new generation:  564
Fittest                      28.480748771753518
highest fitness' coverage:   39.4937063309243
highest fitness' collisions: 1.1012957559170777
new generation:  565
Fittest                      28.619381813944504
highest fitness' coverage:   39.49570465989419
highest fitness' collisions: 1.0876322845949684
new generation:  566
Fittest                      28.65255629619591
highest fitness' coverage:   39.50001088655537
highest fitness' collisions: 1.0847454590359462
new generation:  567
Fittest                      28.774358617342386
highest fitness' coverage:   39.48491570793206
highest fitness' collisions: 1.0710557090589676
new generation:  568
Fittest                      28.915564755665113
highest fitness' coverage:   39.400399687025114
highest fitness' collisions: 1.048483493136
new generation:  569
Fittest                      29.034867170251772
highest fitness' coverage:   39.41538408400559
highest fitness' collisions: 1.0380516913753817
new generation:  570
Fittest                      29.11038227962324
highest fitness' coverage:   39.49397761986539
highest fitness' collisions: 1.0383595340242149
new generation:  571
Fittest                      29.195954782026618
highest fitness' coverage:   39.4611074635729
highest fitness' collisions: 1.0265152681546281
new generation:  572
Fittest                      29.353626472160613
highest fitness' coverage:   39.44239836106875
highest fitness' collisions: 1.0088771888908132
new generation:  573
Fittest                      29.387517371096628
highest fitness' coverage:   39.42833899138434
highest fitness' collisions: 1.004082162028771
new generation:  574
Fittest                      29.42962796488351
highest fitness' coverage:   39.434747343240865
highest fitness' collisions: 1.0005119378357352
new generation:  575
Fittest                      29.55102966735349
highest fitness' coverage:   39.41293322585083
highest fitness' collisions: 0.9861903558497337
new generation:  576
Fittest                      29.632354894526514
highest fitness' coverage:   39.43501551526094
highest fitness' collisions: 0.9802660620734428
new generation:  577
Fittest                      29.632146923399517
highest fitness' coverage:   39.43480754413395
highest fitness' collisions: 0.9802660620734438
new generation:  578
Fittest                      29.734079643441564
highest fitness' coverage:   39.4138962526628
highest fitness' collisions: 0.9679816609221238
new generation:  579
Fittest                      29.909372851431502
highest fitness' coverage:   39.651964529835745
highest fitness' collisions: 0.9742591678404242
new generation:  580
Fittest                      30.015511755339894
highest fitness' coverage:   39.67080724819143
highest fitness' collisions: 0.9655295492851538
new generation:  581
Fittest                      30.064770954208303
highest fitness' coverage:   39.69660652202145
highest fitness' collisions: 0.9631835567813145
new generation:  582
Fittest                      30.068892160561962
highest fitness' coverage:   39.69948834539321
highest fitness' collisions: 0.9630596184831252
new generation:  583
Fittest                      30.201804014396885
highest fitness' coverage:   39.711405509599345
highest fitness' collisions: 0.950960149520246
new generation:  584
Fittest                      30.312365866985857
highest fitness' coverage:   39.71356413373086
highest fitness' collisions: 0.9401198266745006
new generation:  585
Fittest                      30.353689105377686
highest fitness' coverage:   39.691819982807445
highest fitness' collisions: 0.9338130877429758
new generation:  586
Fittest                      30.439198805732126
highest fitness' coverage:   39.720823687704915
highest fitness' collisions: 0.9281624881972789
new generation:  587
Fittest                      30.458203883021426
highest fitness' coverage:   39.70800181459808
highest fitness' collisions: 0.924979793157665
new generation:  588
Fittest                      30.48029536072821
highest fitness' coverage:   39.73009329230484
highest fitness' collisions: 0.9249797931576634
new generation:  589
Fittest                      30.543901300194136
highest fitness' coverage:   39.70648339693484
highest fitness' collisions: 0.9162582096740708
new generation:  590
Fittest                      30.694547212089237
highest fitness' coverage:   39.70041581337974
highest fitness' collisions: 0.9005868601290504
new generation:  591
Fittest                      30.753645532431275
highest fitness' coverage:   39.72493171809981
highest fitness' collisions: 0.8971286185668536
new generation:  592
Fittest                      30.848115959685078
highest fitness' coverage:   39.98398961984917
highest fitness' collisions: 0.913587366016409
new generation:  593
Fittest                      30.910421154143233
highest fitness' coverage:   40.018596070138415
highest fitness' collisions: 0.9108174915995182
new generation:  594
Fittest                      30.9574167090219
highest fitness' coverage:   40.02481966501382
highest fitness' collisions: 0.9067402955991924
new generation:  595
Fittest                      31.091537534818457
highest fitness' coverage:   39.96323914930404
highest fitness' collisions: 0.8871701614485579
new generation:  596
Fittest                      31.25134211509632
highest fitness' coverage:   40.05242942708838
highest fitness' collisions: 0.8801087311992056
new generation:  597
Fittest                      31.258805113600598
highest fitness' coverage:   40.02387347237428
highest fitness' collisions: 0.8765068358773679
new generation:  598
Fittest                      31.300903390766816
highest fitness' coverage:   40.04003565277356
highest fitness' collisions: 0.8739132262006745
new generation:  599
Fittest                      31.291647697643068
highest fitness' coverage:   40.030779959649784
highest fitness' collisions: 0.8739132262006717
new generation:  600
Fittest                      31.458046081393185
highest fitness' coverage:   39.91811966983843
highest fitness' collisions: 0.8460073588445248
new generation:  601
Fittest                      31.614419982682946
highest fitness' coverage:   39.950108941313495
highest fitness' collisions: 0.833568895863055
new generation:  602
Fittest                      31.65648432293619
highest fitness' coverage:   39.940365851133734
highest fitness' collisions: 0.8283881528197544
new generation:  603
Fittest                      31.733250063251162
highest fitness' coverage:   39.97681102420592
highest fitness' collisions: 0.8243560960954759
new generation:  604
Fittest                      31.755243169189242
highest fitness' coverage:   39.94213798977841
highest fitness' collisions: 0.8186894820589168
new generation:  605
Fittest                      31.783763953339857
highest fitness' coverage:   39.97065877392904
highest fitness' collisions: 0.8186894820589179
new generation:  606
Fittest                      31.78764325278044
highest fitness' coverage:   39.950767237540276
highest fitness' collisions: 0.8163123984759834
new generation:  607
Fittest                      31.85804323888435
highest fitness' coverage:   39.96104654990829
highest fitness' collisions: 0.8103003311023939
new generation:  608
Fittest                      31.887198445487073
highest fitness' coverage:   39.99896881407413
highest fitness' collisions: 0.8111770368587058
new generation:  609
Fittest                      31.89792172919954
highest fitness' coverage:   39.780440346071344
highest fitness' collisions: 0.7882518616871806
new generation:  610
Fittest                      31.946023012156065
highest fitness' coverage:   39.918366327311766
highest fitness' collisions: 0.79723433151557
new generation:  611
Fittest                      31.969947506629214
highest fitness' coverage:   39.9265389886851
highest fitness' collisions: 0.7956591482055889
new generation:  612
Fittest                      32.04282344405782
highest fitness' coverage:   39.92145060457265
highest fitness' collisions: 0.7878627160514828
new generation:  613
Fittest                      32.07101934630889
highest fitness' coverage:   39.94354311454002
highest fitness' collisions: 0.7872523768231137
new generation:  614
Fittest                      32.139055579562864
highest fitness' coverage:   39.97625439276446
highest fitness' collisions: 0.7837198813201597
new generation:  615
Fittest                      32.18820606905397
highest fitness' coverage:   40.01562308141675
highest fitness' collisions: 0.7827417012362781
new generation:  616
Fittest                      32.19984746477962
highest fitness' coverage:   39.9866475282686
highest fitness' collisions: 0.7786800063488973
new generation:  617
Fittest                      32.27750855457385
highest fitness' coverage:   40.003351090392876
highest fitness' collisions: 0.7725842535819024
new generation:  618
Fittest                      32.28546772606843
highest fitness' coverage:   40.01131026188747
highest fitness' collisions: 0.7725842535819042
new generation:  619
Fittest                      32.288359149250844
highest fitness' coverage:   40.001019117684315
highest fitness' collisions: 0.7712659968433471
new generation:  620
Fittest                      32.31422284672384
highest fitness' coverage:   39.9924907188332
highest fitness' collisions: 0.7678267872109362
new generation:  621
Fittest                      32.36020352262782
highest fitness' coverage:   39.98388082342132
highest fitness' collisions: 0.7623677300793501
new generation:  622
Fittest                      32.44304643532012
highest fitness' coverage:   39.97114504251136
highest fitness' collisions: 0.7528098607191239
new generation:  623
Fittest                      32.49545364582436
highest fitness' coverage:   39.99660682782679
highest fitness' collisions: 0.7501153182002427
new generation:  624
Fittest                      32.55543421217659
highest fitness' coverage:   39.94848420596957
highest fitness' collisions: 0.7393049993792977
new generation:  625
Fittest                      32.63378493594849
highest fitness' coverage:   40.00120413666539
highest fitness' collisions: 0.73674192007169
new generation:  626
Fittest                      32.62503280145238
highest fitness' coverage:   39.99245200216927
highest fitness' collisions: 0.7367419200716899
new generation:  627
Fittest                      32.69672483595741
highest fitness' coverage:   39.964113752903046
highest fitness' collisions: 0.7267388916945636
new generation:  628
Fittest                      32.763758493648
highest fitness' coverage:   39.915135715800254
highest fitness' collisions: 0.7151377222152258
new generation:  629
Fittest                      32.82743807427396
highest fitness' coverage:   39.88321638387552
highest fitness' collisions: 0.7055778309601567
new generation:  630
Fittest                      32.86384763525314
highest fitness' coverage:   39.919625944854694
highest fitness' collisions: 0.7055778309601558
new generation:  631
Fittest                      32.889912960550554
highest fitness' coverage:   39.90443259910084
highest fitness' collisions: 0.7014519638550291
new generation:  632
Fittest                      32.89131465846692
highest fitness' coverage:   39.877182762057345
highest fitness' collisions: 0.6985868103590429
new generation:  633
Fittest                      32.892914422468365
highest fitness' coverage:   39.8787825260588
highest fitness' collisions: 0.698586810359043
new generation:  634
Fittest                      32.95308567147139
highest fitness' coverage:   39.89587447834141
highest fitness' collisions: 0.6942788806870017
new generation:  635
Fittest                      32.97446534803997
highest fitness' coverage:   39.883748999176746
highest fitness' collisions: 0.6909283651136773
new generation:  636
Fittest                      33.02123960663271
highest fitness' coverage:   39.84756308790423
highest fitness' collisions: 0.6826323481271516
new generation:  637
Fittest                      33.095216901549165
highest fitness' coverage:   39.92154038282068
highest fitness' collisions: 0.6826323481271519
new generation:  638
Fittest                      33.11264362980575
highest fitness' coverage:   39.902905535998585
highest fitness' collisions: 0.6790261906192834
new generation:  639
Fittest                      33.18213571886943
highest fitness' coverage:   39.87824841867103
highest fitness' collisions: 0.6696112699801597
new generation:  640
Fittest                      33.27515002943392
highest fitness' coverage:   40.10897749817366
highest fitness' collisions: 0.6833827468739744
new generation:  641
Fittest                      33.32724960935835
highest fitness' coverage:   40.16107707809808
highest fitness' collisions: 0.6833827468739732
new generation:  642
Fittest                      33.36165320065632
highest fitness' coverage:   40.19548066939606
highest fitness' collisions: 0.6833827468739738
new generation:  643
Fittest                      33.359069195733625
highest fitness' coverage:   40.16142876953357
highest fitness' collisions: 0.6802359573799944
new generation:  644
Fittest                      33.427861055341566
highest fitness' coverage:   40.168173296094
highest fitness' collisions: 0.6740312240752427
new generation:  645
Fittest                      33.43736234891735
highest fitness' coverage:   40.146761339680104
highest fitness' collisions: 0.6709398990762754
new generation:  646
Fittest                      33.45228137844422
highest fitness' coverage:   40.152860815649554
highest fitness' collisions: 0.6700579437205335
new generation:  647
Fittest                      33.50663810533163
highest fitness' coverage:   40.179903725537905
highest fitness' collisions: 0.6673265620206273
new generation:  648
Fittest                      33.59352042260542
highest fitness' coverage:   40.1218835600652
highest fitness' collisions: 0.6528363137459774
new generation:  649
Fittest                      33.64360434313447
highest fitness' coverage:   40.134890169096444
highest fitness' collisions: 0.6491285825961971
new generation:  650
Fittest                      33.66240901833554
highest fitness' coverage:   40.15369484429752
highest fitness' collisions: 0.6491285825961981
new generation:  651
Fittest                      33.69624934910491
highest fitness' coverage:   40.129544752633784
highest fitness' collisions: 0.6433295403528871
new generation:  652
Fittest                      33.74032661399798
highest fitness' coverage:   40.05265734453056
highest fitness' collisions: 0.6312330730532582
new generation:  653
Fittest                      33.81292140465683
highest fitness' coverage:   40.12525213518941
highest fitness' collisions: 0.6312330730532586
new generation:  654
Fittest                      33.879035263236716
highest fitness' coverage:   40.07604177947774
highest fitness' collisions: 0.6197006516241026
new generation:  655
Fittest                      33.932110927632955
highest fitness' coverage:   40.12044119476476
highest fitness' collisions: 0.6188330267131801
new generation:  656
Fittest                      33.95992417346278
highest fitness' coverage:   40.14825444059458
highest fitness' collisions: 0.6188330267131797
new generation:  657
Fittest                      33.95646938050716
highest fitness' coverage:   40.144799647638976
highest fitness' collisions: 0.6188330267131815
new generation:  658
Fittest                      33.938518741543064
highest fitness' coverage:   40.12684900867487
highest fitness' collisions: 0.61883302671318
new generation:  659
Fittest                      33.96057606859878
highest fitness' coverage:   40.08588283533027
highest fitness' collisions: 0.6125306766731482
new generation:  660
Fittest                      34.09062705378039
highest fitness' coverage:   40.27247117422073
highest fitness' collisions: 0.6181844120440344
new generation:  661
Fittest                      34.125229454524735
highest fitness' coverage:   40.30707357496509
highest fitness' collisions: 0.6181844120440352
new generation:  662
Fittest                      34.1419557724784
highest fitness' coverage:   40.316670850310715
highest fitness' collisions: 0.617471507783232
new generation:  663
Fittest                      34.15998588645213
highest fitness' coverage:   40.24445486700605
highest fitness' collisions: 0.6084468980553921
new generation:  664
Fittest                      34.223650327585545
highest fitness' coverage:   40.38215947120927
highest fitness' collisions: 0.6158509143623724
new generation:  665
Fittest                      34.281706412963786
highest fitness' coverage:   40.404323058346385
highest fitness' collisions: 0.6122616645382597
new generation:  666
Fittest                      34.31285429570775
highest fitness' coverage:   40.4161508521968
highest fitness' collisions: 0.6103296556489047
new generation:  667
Fittest                      34.363412776445585
highest fitness' coverage:   40.40260848441617
highest fitness' collisions: 0.6039195707970585
new generation:  668
Fittest                      34.397982065503186
highest fitness' coverage:   40.30110471673041
highest fitness' collisions: 0.5903122651227224
new generation:  669
Fittest                      34.44979897474117
highest fitness' coverage:   40.348244274555505
highest fitness' collisions: 0.5898445299814338
new generation:  670
Fittest                      34.477225256477965
highest fitness' coverage:   40.36961917652145
highest fitness' collisions: 0.589239392004348
new generation:  671
Fittest                      34.4793318585139
highest fitness' coverage:   40.37172577855739
highest fitness' collisions: 0.5892393920043486
new generation:  672
Fittest                      34.47422273965194
highest fitness' coverage:   40.366616659695424
highest fitness' collisions: 0.5892393920043479
new generation:  673
Fittest                      34.485411763203295
highest fitness' coverage:   40.381041619816074
highest fitness' collisions: 0.5895629856612778
new generation:  674
Fittest                      34.54059345651023
highest fitness' coverage:   40.3727477544627
highest fitness' collisions: 0.583215429795247
new generation:  675
Fittest                      34.53231207672208
highest fitness' coverage:   40.36446637467456
highest fitness' collisions: 0.5832154297952475
new generation:  676
Fittest                      34.57034717733694
highest fitness' coverage:   40.34865149021458
highest fitness' collisions: 0.5778304312877635
new generation:  677
Fittest                      34.69863638847651
highest fitness' coverage:   40.36093214350911
highest fitness' collisions: 0.5662295755032603
new generation:  678
Fittest                      34.72127912107279
highest fitness' coverage:   40.35050665973297
highest fitness' collisions: 0.5629227538660179
new generation:  679
Fittest                      34.7492198725737
highest fitness' coverage:   40.33551644961651
highest fitness' collisions: 0.5586296577042816
new generation:  680
Fittest                      34.784138713963436
highest fitness' coverage:   40.379344416426676
highest fitness' collisions: 0.5595205702463241
new generation:  681
Fittest                      34.80362291080627
highest fitness' coverage:   40.335445411605825
highest fitness' collisions: 0.5531822500799557
new generation:  682
Fittest                      34.81042972166557
highest fitness' coverage:   40.34225222246512
highest fitness' collisions: 0.5531822500799548
new generation:  683
Fittest                      34.851766930326455
highest fitness' coverage:   40.39486333416951
highest fitness' collisions: 0.5543096403843051
new generation:  684
Fittest                      34.87790398675514
highest fitness' coverage:   40.391437789807206
highest fitness' collisions: 0.5513533803052066
new generation:  685
Fittest                      34.92319767341645
highest fitness' coverage:   40.44879950167502
highest fitness' collisions: 0.5525601828258566
new generation:  686
Fittest                      34.974146902941364
highest fitness' coverage:   40.49974873119994
highest fitness' collisions: 0.5525601828258571
new generation:  687
Fittest                      34.94320468342382
highest fitness' coverage:   40.47486434744024
highest fitness' collisions: 0.5531659664016418
new generation:  688
Fittest                      34.9718690150962
highest fitness' coverage:   40.49298735815519
highest fitness' collisions: 0.5521118343058987
new generation:  689
Fittest                      34.96456385811433
highest fitness' coverage:   40.48691867085843
highest fitness' collisions: 0.5522354812744095
new generation:  690
Fittest                      34.95191151716517
highest fitness' coverage:   40.47426632990926
highest fitness' collisions: 0.5522354812744095
new generation:  691
Fittest                      34.952409949037744
highest fitness' coverage:   40.47476476178184
highest fitness' collisions: 0.5522354812744099
new generation:  692
Fittest                      34.94795291868285
highest fitness' coverage:   40.44941858858738
highest fitness' collisions: 0.5501465669904524
new generation:  693
Fittest                      34.96042554430706
highest fitness' coverage:   40.461891214211576
highest fitness' collisions: 0.5501465669904516
new generation:  694
Fittest                      34.955654050424634
highest fitness' coverage:   40.44723819913248
highest fitness' collisions: 0.5491584148707847
new generation:  695
Fittest                      34.982785955987666
highest fitness' coverage:   40.47437010469552
highest fitness' collisions: 0.5491584148707851
new generation:  696
Fittest                      34.962465763631045
highest fitness' coverage:   40.39731919770006
highest fitness' collisions: 0.5434853434069011
new generation:  697
Fittest                      35.01317042414202
highest fitness' coverage:   40.44802385821102
highest fitness' collisions: 0.5434853434069006
new generation:  698
Fittest                      34.993301251705134
highest fitness' coverage:   40.428378557888
highest fitness' collisions: 0.5435077306182869
new generation:  699
Fittest                      35.00294605277707
highest fitness' coverage:   40.40590121344024
highest fitness' collisions: 0.5402955160663169
new generation:  700
Fittest                      35.03140173413754
highest fitness' coverage:   40.43435689480071
highest fitness' collisions: 0.5402955160663171
new generation:  701
Fittest                      35.023008992204765
highest fitness' coverage:   40.42596415286794
highest fitness' collisions: 0.5402955160663173
new generation:  702
Fittest                      35.04337580227802
highest fitness' coverage:   40.44633096294119
highest fitness' collisions: 0.540295516066317
new generation:  703
Fittest                      35.05908400085123
highest fitness' coverage:   40.42559998899133
highest fitness' collisions: 0.5366515988140103
new generation:  704
Fittest                      35.07807838503113
highest fitness' coverage:   40.44459437317123
highest fitness' collisions: 0.5366515988140104
new generation:  705
Fittest                      35.08997173090675
highest fitness' coverage:   40.42934730940342
highest fitness' collisions: 0.5339375578496672
new generation:  706
Fittest                      35.13965963367519
highest fitness' coverage:   40.37507185089888
highest fitness' collisions: 0.523541221722369
new generation:  707
Fittest                      35.163601670002926
highest fitness' coverage:   40.39901388722662
highest fitness' collisions: 0.5235412217223698
new generation:  708
Fittest                      35.17727048470049
highest fitness' coverage:   40.31513672195572
highest fitness' collisions: 0.5137866237255223
new generation:  709
Fittest                      35.24151571433634
highest fitness' coverage:   40.343483329224654
highest fitness' collisions: 0.5101967614888316
new generation:  710
Fittest                      35.27756180970455
highest fitness' coverage:   40.33586213556932
highest fitness' collisions: 0.5058300325864767
new generation:  711
Fittest                      35.29139687363445
highest fitness' coverage:   40.34969719949921
highest fitness' collisions: 0.5058300325864763
new generation:  712
Fittest                      35.28900137708159
highest fitness' coverage:   40.34730170294635
highest fitness' collisions: 0.5058300325864767
new generation:  713
Fittest                      35.287064274615304
highest fitness' coverage:   40.30937666555598
highest fitness' collisions: 0.502231239094068
new generation:  714
Fittest                      35.32019909990503
highest fitness' coverage:   40.34251149084571
highest fitness' collisions: 0.5022312390940676
new generation:  715
Fittest                      35.342528023336676
highest fitness' coverage:   40.36484041427736
highest fitness' collisions: 0.5022312390940684
new generation:  716
Fittest                      35.3298418356202
highest fitness' coverage:   40.35215422656087
highest fitness' collisions: 0.5022312390940673
new generation:  717
Fittest                      35.40346525202732
highest fitness' coverage:   40.40962967071706
highest fitness' collisions: 0.5006164418689746
new generation:  718
Fittest                      35.42877963557707
highest fitness' coverage:   40.3019509451451
highest fitness' collisions: 0.4873171309568031
new generation:  719
Fittest                      35.50418572795184
highest fitness' coverage:   40.33652071721215
highest fitness' collisions: 0.48323349892603107
new generation:  720
Fittest                      35.544848209023485
highest fitness' coverage:   40.23521585828821
highest fitness' collisions: 0.4690367649264723
new generation:  721
Fittest                      35.54135298726173
highest fitness' coverage:   40.20009785992477
highest fitness' collisions: 0.4658744872663038
new generation:  722
Fittest                      35.58371081272149
highest fitness' coverage:   40.235042582971516
highest fitness' collisions: 0.46513317702500284
new generation:  723
Fittest                      35.620044274959696
highest fitness' coverage:   40.23539949225149
highest fitness' collisions: 0.4615355217291794
new generation:  724
Fittest                      35.6228751304781
highest fitness' coverage:   40.23823034776989
highest fitness' collisions: 0.4615355217291791
new generation:  725
Fittest                      35.62501322374914
highest fitness' coverage:   40.240368441040935
highest fitness' collisions: 0.4615355217291791
new generation:  726
Fittest                      35.631835493602054
highest fitness' coverage:   40.21076524131298
highest fitness' collisions: 0.45789297477109203
new generation:  727
Fittest                      35.67500802676869
highest fitness' coverage:   40.207120052045425
highest fitness' collisions: 0.4532112025276741
new generation:  728
Fittest                      35.699601422406516
highest fitness' coverage:   40.23171344768325
highest fitness' collisions: 0.45321120252767344
new generation:  729
Fittest                      35.73452430129366
highest fitness' coverage:   40.23582677186302
highest fitness' collisions: 0.45013024705693544
new generation:  730
Fittest                      35.82422106776144
highest fitness' coverage:   40.243487769390896
highest fitness' collisions: 0.4419266701629456
new generation:  731
Fittest                      35.857541527622864
highest fitness' coverage:   40.27129458936961
highest fitness' collisions: 0.4413753061746749
new generation:  732
Fittest                      35.84882154937619
highest fitness' coverage:   40.26532883982628
highest fitness' collisions: 0.4416507290450092
new generation:  733
Fittest                      35.86159178508863
highest fitness' coverage:   40.278099075538705
highest fitness' collisions: 0.44165072904500796
new generation:  734
Fittest                      35.88349874186605
highest fitness' coverage:   40.250574449026125
highest fitness' collisions: 0.43670757071600746
new generation:  735
Fittest                      35.89815772419646
highest fitness' coverage:   40.265233431356535
highest fitness' collisions: 0.43670757071600746
new generation:  736
Fittest                      36.001718242778104
highest fitness' coverage:   40.44496808068843
highest fitness' collisions: 0.4443249837910328
new generation:  737
Fittest                      36.01881574585401
highest fitness' coverage:   40.429501300379954
highest fitness' collisions: 0.4410685554525943
new generation:  738
Fittest                      36.08138263034211
highest fitness' coverage:   40.44051539256719
highest fitness' collisions: 0.43591327622250775
new generation:  739
Fittest                      36.171287521181064
highest fitness' coverage:   40.39551807620388
highest fitness' collisions: 0.4224230555022811
new generation:  740
Fittest                      36.2318621085648
highest fitness' coverage:   40.40798396101179
highest fitness' collisions: 0.41761218524469884
new generation:  741
Fittest                      36.26647987358935
highest fitness' coverage:   40.42975946290699
highest fitness' collisions: 0.4163279589317643
new generation:  742
Fittest                      36.272409062274896
highest fitness' coverage:   40.435688651592535
highest fitness' collisions: 0.41632795893176405
new generation:  743
Fittest                      36.27838821969589
highest fitness' coverage:   40.44166780901353
highest fitness' collisions: 0.4163279589317641
new generation:  744
Fittest                      36.27267897578288
highest fitness' coverage:   40.42993184022677
highest fitness' collisions: 0.4157252864443888
new generation:  745
Fittest                      36.29294452727122
highest fitness' coverage:   40.44244758341379
highest fitness' collisions: 0.4149503056142572
new generation:  746
Fittest                      36.286601376547814
highest fitness' coverage:   40.43610443269039
highest fitness' collisions: 0.4149503056142575
new generation:  747
Fittest                      36.27689556987722
highest fitness' coverage:   40.42639862601979
highest fitness' collisions: 0.4149503056142572
new generation:  748
Fittest                      36.273389210282446
highest fitness' coverage:   40.422892266425016
highest fitness' collisions: 0.41495030561425744
new generation:  749
Fittest                      36.326956741217266
highest fitness' coverage:   40.392557560888335
highest fitness' collisions: 0.40656008196710675
new generation:  750
Fittest                      36.372130677788896
highest fitness' coverage:   40.41213215897303
highest fitness' collisions: 0.4040001481184136
new generation:  751
Fittest                      36.388455969865774
highest fitness' coverage:   40.40050800179971
highest fitness' collisions: 0.4012052031933933
new generation:  752
Fittest                      36.45492289550443
highest fitness' coverage:   40.48753374173651
highest fitness' collisions: 0.4032610846232079
new generation:  753
Fittest                      36.49268400718369
highest fitness' coverage:   40.52529485341577
highest fitness' collisions: 0.40326108462320837
new generation:  754
Fittest                      36.50490373277489
highest fitness' coverage:   40.53427864243768
highest fitness' collisions: 0.4029374909662786
new generation:  755
Fittest                      36.58879728191555
highest fitness' coverage:   40.602077808942475
highest fitness' collisions: 0.40132805270269295
new generation:  756
Fittest                      36.61812035851024
highest fitness' coverage:   40.62025616770272
highest fitness' collisions: 0.40021358091924786
new generation:  757
Fittest                      36.648540660023436
highest fitness' coverage:   40.65448207141859
highest fitness' collisions: 0.4005941411395158
new generation:  758
Fittest                      36.680728486676
highest fitness' coverage:   40.66943143122704
highest fitness' collisions: 0.3988702944551039
new generation:  759
Fittest                      36.678663393989574
highest fitness' coverage:   40.66736633854061
highest fitness' collisions: 0.39887029445510386
new generation:  760
Fittest                      36.66522033600544
highest fitness' coverage:   40.61430138986933
highest fitness' collisions: 0.39490810538638926
new generation:  761
Fittest                      36.71518932177431
highest fitness' coverage:   40.66427037563821
highest fitness' collisions: 0.39490810538638976
new generation:  762
Fittest                      36.72129966826285
highest fitness' coverage:   40.670380722126744
highest fitness' collisions: 0.39490810538638954
new generation:  763
Fittest                      36.74175531628945
highest fitness' coverage:   40.68857126608343
highest fitness' collisions: 0.3946815949793982
new generation:  764
Fittest                      36.72274548317333
highest fitness' coverage:   40.66956143296731
highest fitness' collisions: 0.3946815949793987
new generation:  765
Fittest                      36.74337445260076
highest fitness' coverage:   40.59091405284794
highest fitness' collisions: 0.38475396002471846
new generation:  766
Fittest                      36.74321982801631
highest fitness' coverage:   40.590759428263496
highest fitness' collisions: 0.3847539600247185
new generation:  767
Fittest                      36.73376415505476
highest fitness' coverage:   40.581303755301946
highest fitness' collisions: 0.3847539600247185
new generation:  768
Fittest                      36.747781646787516
highest fitness' coverage:   40.578298156535034
highest fitness' collisions: 0.383051650974752
new generation:  769
Fittest                      36.79639390019349
highest fitness' coverage:   40.6585331865427
highest fitness' collisions: 0.38621392863492027
new generation:  770
Fittest                      36.81903634747137
highest fitness' coverage:   40.68117563382058
highest fitness' collisions: 0.3862139286349209
new generation:  771
Fittest                      36.81432238044493
highest fitness' coverage:   40.67646166679413
highest fitness' collisions: 0.3862139286349205
new generation:  772
Fittest                      36.81616220050274
highest fitness' coverage:   40.64667871025026
highest fitness' collisions: 0.383051650974752
new generation:  773
Fittest                      36.822570786815696
highest fitness' coverage:   40.65575286143965
highest fitness' collisions: 0.38331820746239564
new generation:  774
Fittest                      36.82487242348045
highest fitness' coverage:   40.658054498104406
highest fitness' collisions: 0.38331820746239553
new generation:  775
Fittest                      36.84072766346733
highest fitness' coverage:   40.643092107956015
highest fitness' collisions: 0.3802364444488687
new generation:  776
Fittest                      36.86489885260945
highest fitness' coverage:   40.673942975908105
highest fitness' collisions: 0.38090441232986577
new generation:  777
Fittest                      36.87437847174566
highest fitness' coverage:   40.68342259504431
highest fitness' collisions: 0.38090441232986566
new generation:  778
Fittest                      36.88974687364076
highest fitness' coverage:   40.69879099693942
highest fitness' collisions: 0.38090441232986644
new generation:  779
Fittest                      36.891826285356
highest fitness' coverage:   40.633766221344146
highest fitness' collisions: 0.3741939935988153
new generation:  780
Fittest                      36.91376015058321
highest fitness' coverage:   40.65570008657136
highest fitness' collisions: 0.3741939935988151
new generation:  781
Fittest                      36.894623143727635
highest fitness' coverage:   40.636563079715785
highest fitness' collisions: 0.37419399359881494
new generation:  782
Fittest                      36.903661793335225
highest fitness' coverage:   40.64560172932338
highest fitness' collisions: 0.37419399359881556
new generation:  783
Fittest                      36.8916595019159
highest fitness' coverage:   40.63359943790406
highest fitness' collisions: 0.3741939935988156
new generation:  784
Fittest                      36.9059331259617
highest fitness' coverage:   40.64982290654961
highest fitness' collisions: 0.37438897805879084
new generation:  785
Fittest                      36.91603214734036
highest fitness' coverage:   40.572355679454475
highest fitness' collisions: 0.3656323532114113
new generation:  786
Fittest                      36.98414199704329
highest fitness' coverage:   40.61656672837613
highest fitness' collisions: 0.3632424731332843
new generation:  787
Fittest                      36.968364898955834
highest fitness' coverage:   40.60078963028867
highest fitness' collisions: 0.3632424731332839
new generation:  788
Fittest                      36.974175665146085
highest fitness' coverage:   40.57868176894592
highest fitness' collisions: 0.3604506103799836
new generation:  789
Fittest                      36.97670645225999
highest fitness' coverage:   40.58121255605983
highest fitness' collisions: 0.3604506103799845
new generation:  790
Fittest                      37.022769099029944
highest fitness' coverage:   40.60919077459433
highest fitness' collisions: 0.3586421675564391
new generation:  791
Fittest                      36.99535521579414
highest fitness' coverage:   40.58177689135853
highest fitness' collisions: 0.358642167556439
new generation:  792
Fittest                      37.013482825535256
highest fitness' coverage:   40.599904501099644
highest fitness' collisions: 0.3586421675564386
new generation:  793
Fittest                      37.00098382921838
highest fitness' coverage:   40.587405504782765
highest fitness' collisions: 0.3586421675564386
new generation:  794
Fittest                      37.0082464823377
highest fitness' coverage:   40.58661464701051
highest fitness' collisions: 0.3578368164672811
new generation:  795
Fittest                      37.00004373302275
highest fitness' coverage:   40.57841189769556
highest fitness' collisions: 0.35783681646728116
new generation:  796
Fittest                      37.01854801284105
highest fitness' coverage:   40.60279102478713
highest fitness' collisions: 0.3584243011946082
new generation:  797
Fittest                      36.99356465031475
highest fitness' coverage:   40.57780766226083
highest fitness' collisions: 0.35842430119460805
new generation:  798
Fittest                      37.01869045181444
highest fitness' coverage:   40.572360948816
highest fitness' collisions: 0.3553670497001557
new generation:  799
Fittest                      37.036412073739385
highest fitness' coverage:   40.59965749927231
highest fitness' collisions: 0.35632454255329254
new generation:  800
Fittest                      37.01754105333669
highest fitness' coverage:   40.595226989222944
highest fitness' collisions: 0.3577685935886252
new generation:  801
Fittest                      37.0221713946139
highest fitness' coverage:   40.60069827679281
highest fitness' collisions: 0.35785268821789135
new generation:  802
Fittest                      37.04275791345782
highest fitness' coverage:   40.61909703401279
highest fitness' collisions: 0.3576339120554966
new generation:  803
Fittest                      37.048168221791336
highest fitness' coverage:   40.588365728977294
highest fitness' collisions: 0.35401975071859565
new generation:  804
Fittest                      37.072818945897225
highest fitness' coverage:   40.613016453083176
highest fitness' collisions: 0.3540197507185954
new generation:  805
Fittest                      37.075157500308244
highest fitness' coverage:   40.6153550074942
highest fitness' collisions: 0.35401975071859554
new generation:  806
Fittest                      37.074916132895645
highest fitness' coverage:   40.6151136400816
highest fitness' collisions: 0.3540197507185959
new generation:  807
Fittest                      37.070940111815
highest fitness' coverage:   40.5918175301074
highest fitness' collisions: 0.3520877418292398
new generation:  808
Fittest                      37.106552084032565
highest fitness' coverage:   40.63108403435321
highest fitness' collisions: 0.35245319503206446
new generation:  809
Fittest                      37.0971964123801
highest fitness' coverage:   40.600308908894895
highest fitness' collisions: 0.3503112496514798
new generation:  810
Fittest                      37.137568104536314
highest fitness' coverage:   40.640680601051116
highest fitness' collisions: 0.35031124965148025
new generation:  811
Fittest                      37.172741168474865
highest fitness' coverage:   40.62170846176531
highest fitness' collisions: 0.34489672932904464
new generation:  812
Fittest                      37.14808961996991
highest fitness' coverage:   40.56526817796792
highest fitness' collisions: 0.3417178557998016
new generation:  813
Fittest                      37.200900713425426
highest fitness' coverage:   40.61807927142345
highest fitness' collisions: 0.3417178557998023
new generation:  814
Fittest                      37.189835848365554
highest fitness' coverage:   40.60701440636357
highest fitness' collisions: 0.3417178557998017
new generation:  815
Fittest                      37.19249815560701
highest fitness' coverage:   40.60967671360503
highest fitness' collisions: 0.3417178557998019
new generation:  816
Fittest                      37.19762870243025
highest fitness' coverage:   40.58735274926208
highest fitness' collisions: 0.33897240468318324
new generation:  817
Fittest                      37.22306354037167
highest fitness' coverage:   40.612787587203506
highest fitness' collisions: 0.3389724046831834
new generation:  818
Fittest                      37.22331129179569
highest fitness' coverage:   40.61303533862752
highest fitness' collisions: 0.3389724046831829
new generation:  819
Fittest                      37.19972838396998
highest fitness' coverage:   40.6014154620778
highest fitness' collisions: 0.3401687078107816
new generation:  820
Fittest                      37.207706660076006
highest fitness' coverage:   40.609393738183826
highest fitness' collisions: 0.3401687078107821
new generation:  821
Fittest                      37.199276431932375
highest fitness' coverage:   40.5821938885804
highest fitness' collisions: 0.3382917456648022
new generation:  822
Fittest                      37.21856813026097
highest fitness' coverage:   40.58219590157233
highest fitness' collisions: 0.3363627771311355
new generation:  823
Fittest                      37.252404710255725
highest fitness' coverage:   40.61603248156708
highest fitness' collisions: 0.3363627771311359
new generation:  824
Fittest                      37.2608121546149
highest fitness' coverage:   40.579034513309146
highest fitness' collisions: 0.33182223586942466
new generation:  825
Fittest                      37.30305528291815
highest fitness' coverage:   40.6212776416124
highest fitness' collisions: 0.3318222358694249
new generation:  826
Fittest                      37.29135859526176
highest fitness' coverage:   40.602680689935404
highest fitness' collisions: 0.33113220946736416
new generation:  827
Fittest                      37.31358334473372
highest fitness' coverage:   40.60321331184098
highest fitness' collisions: 0.32896299671072565
new generation:  828
Fittest                      37.31357971759897
highest fitness' coverage:   40.60320968470622
highest fitness' collisions: 0.32896299671072554
new generation:  829
Fittest                      37.323377747503734
highest fitness' coverage:   40.59076305120293
highest fitness' collisions: 0.3267385303699191
new generation:  830
Fittest                      37.32723214727535
highest fitness' coverage:   40.59461745097454
highest fitness' collisions: 0.3267385303699188
new generation:  831
Fittest                      37.36197745594566
highest fitness' coverage:   40.62936275964485
highest fitness' collisions: 0.3267385303699186
new generation:  832
Fittest                      37.34811458394519
highest fitness' coverage:   40.61549988764438
highest fitness' collisions: 0.32673853036991896
new generation:  833
Fittest                      37.33873480295339
highest fitness' coverage:   40.606120106652575
highest fitness' collisions: 0.3267385303699188
new generation:  834
Fittest                      37.346330147435616
highest fitness' coverage:   40.62203308884583
highest fitness' collisions: 0.3275702941410219
new generation:  835
Fittest                      37.338249602658145
highest fitness' coverage:   40.61530150695095
highest fitness' collisions: 0.32770519042928076
new generation:  836
Fittest                      37.34233038962299
highest fitness' coverage:   40.581902308313204
highest fitness' collisions: 0.3239571918690217
new generation:  837
Fittest                      37.35825170523117
highest fitness' coverage:   40.597823623921386
highest fitness' collisions: 0.323957191869022
new generation:  838
Fittest                      37.37023152306489
highest fitness' coverage:   40.60980344175511
highest fitness' collisions: 0.32395719186902217
new generation:  839
Fittest                      37.37895884450526
highest fitness' coverage:   40.61853076319549
highest fitness' collisions: 0.32395719186902217
new generation:  840
Fittest                      37.37297881844228
highest fitness' coverage:   40.6125507371325
highest fitness' collisions: 0.3239571918690221
new generation:  841
Fittest                      37.372564431606854
highest fitness' coverage:   40.61213635029708
highest fitness' collisions: 0.32395719186902217
new generation:  842
Fittest                      37.40368179066615
highest fitness' coverage:   40.61634584005411
highest fitness' collisions: 0.32126640493879594
new generation:  843
Fittest                      37.41887554657598
highest fitness' coverage:   40.64484382252994
highest fitness' collisions: 0.3225968275953963
new generation:  844
Fittest                      37.396750394229805
highest fitness' coverage:   40.622718670183765
highest fitness' collisions: 0.32259682759539593
new generation:  845
Fittest                      37.37677470298701
highest fitness' coverage:   40.60274297894097
highest fitness' collisions: 0.3225968275953963
new generation:  846
Fittest                      37.38302558824053
highest fitness' coverage:   40.608993864194495
highest fitness' collisions: 0.32259682759539654
new generation:  847
Fittest                      37.38660071652356
highest fitness' coverage:   40.61256899247752
highest fitness' collisions: 0.3225968275953962
new generation:  848
Fittest                      37.381133494232145
highest fitness' coverage:   40.62530813352066
highest fitness' collisions: 0.32441746392885173
new generation:  849
Fittest                      37.380632685998336
highest fitness' coverage:   40.62480732528685
highest fitness' collisions: 0.3244174639288514
new generation:  850
Fittest                      37.40008112627258
highest fitness' coverage:   40.59339632230708
highest fitness' collisions: 0.3193315196034497
new generation:  851
Fittest                      37.42234966640495
highest fitness' coverage:   40.615664862439445
highest fitness' collisions: 0.3193315196034495
new generation:  852
Fittest                      37.420454282946245
highest fitness' coverage:   40.57852187800187
highest fitness' collisions: 0.31580675950556275
new generation:  853
Fittest                      37.43721915993174
highest fitness' coverage:   40.57222543637785
highest fitness' collisions: 0.31350062764461056
new generation:  854
Fittest                      37.450826395449496
highest fitness' coverage:   40.5858326718956
highest fitness' collisions: 0.3135006276446103
new generation:  855
Fittest                      37.46228340227716
highest fitness' coverage:   40.59706580660941
highest fitness' collisions: 0.313478240433225
new generation:  856
Fittest                      37.45017934759096
highest fitness' coverage:   40.58496175192322
highest fitness' collisions: 0.31347824043322525
new generation:  857
Fittest                      37.483405701145564
highest fitness' coverage:   40.55360688153024
highest fitness' collisions: 0.3070201180384679
new generation:  858
Fittest                      37.504629460943036
highest fitness' coverage:   40.57469260290126
highest fitness' collisions: 0.3070063141958219
new generation:  859
Fittest                      37.49732625216905
highest fitness' coverage:   40.548192904606225
highest fitness' collisions: 0.3050866652437171
new generation:  860
Fittest                      37.52646163745659
highest fitness' coverage:   40.577328289893764
highest fitness' collisions: 0.3050866652437173
new generation:  861
Fittest                      37.54087275819651
highest fitness' coverage:   40.57580357949127
highest fitness' collisions: 0.30349308212947645
new generation:  862
Fittest                      37.53687772496334
highest fitness' coverage:   40.550769770428325
highest fitness' collisions: 0.30138920454649853
new generation:  863
Fittest                      37.55500666959915
highest fitness' coverage:   40.56889871506414
highest fitness' collisions: 0.3013892045464986
new generation:  864
Fittest                      37.55895818093967
highest fitness' coverage:   40.55648206119038
highest fitness' collisions: 0.29975238802507076
new generation:  865
Fittest                      37.55178499368432
highest fitness' coverage:   40.54930887393503
highest fitness' collisions: 0.2997523880250709
new generation:  866
Fittest                      37.5749732790448
highest fitness' coverage:   40.572497159295516
highest fitness' collisions: 0.2997523880250714
new generation:  867
Fittest                      37.5655829046286
highest fitness' coverage:   40.56310678487931
highest fitness' collisions: 0.2997523880250708
new generation:  868
Fittest                      37.55112781241591
highest fitness' coverage:   40.538013045751484
highest fitness' collisions: 0.2986885233335569
new generation:  869
Fittest                      37.581351273977596
highest fitness' coverage:   40.56823650731316
highest fitness' collisions: 0.2986885233335562
new generation:  870
Fittest                      37.56327859588387
highest fitness' coverage:   40.55016382921944
highest fitness' collisions: 0.2986885233335567
new generation:  871
Fittest                      37.56300446887043
highest fitness' coverage:   40.5532072580025
highest fitness' collisions: 0.29902027891320704
new generation:  872
Fittest                      37.60576682272101
highest fitness' coverage:   40.515560242204785
highest fitness' collisions: 0.29097934194837793
new generation:  873
Fittest                      37.62675100580818
highest fitness' coverage:   40.51135941737486
highest fitness' collisions: 0.28846084115666815
new generation:  874
Fittest                      37.64967045412614
highest fitness' coverage:   40.53427886569282
highest fitness' collisions: 0.2884608411566685
new generation:  875
Fittest                      37.63629130658259
highest fitness' coverage:   40.5325607375415
highest fitness' collisions: 0.28962694309589093
new generation:  876
Fittest                      37.62748345140324
highest fitness' coverage:   40.52375288236215
highest fitness' collisions: 0.28962694309589077
new generation:  877
Fittest                      37.62366858693497
highest fitness' coverage:   40.51993801789388
highest fitness' collisions: 0.2896269430958908
new generation:  878
Fittest                      37.62109125403946
highest fitness' coverage:   40.51736068499837
highest fitness' collisions: 0.2896269430958907
new generation:  879
Fittest                      37.63030262702514
highest fitness' coverage:   40.52657205798405
highest fitness' collisions: 0.2896269430958907
new generation:  880
Fittest                      37.624349821523076
highest fitness' coverage:   40.53274702192805
highest fitness' collisions: 0.29083972004049796
new generation:  881
Fittest                      37.620512264033614
highest fitness' coverage:   40.527005412180486
highest fitness' collisions: 0.2906493148146869
new generation:  882
Fittest                      37.60123906976473
highest fitness' coverage:   40.507732217911595
highest fitness' collisions: 0.2906493148146863
new generation:  883
Fittest                      37.610194243238304
highest fitness' coverage:   40.51668739138517
highest fitness' collisions: 0.29064931481468653
new generation:  884
Fittest                      37.623922991527564
highest fitness' coverage:   40.54838137809179
highest fitness' collisions: 0.29244583865642226
new generation:  885
Fittest                      37.6291551654834
highest fitness' coverage:   40.52065127697912
highest fitness' collisions: 0.2891496111495728
new generation:  886
Fittest                      37.6357010937234
highest fitness' coverage:   40.527197205219124
highest fitness' collisions: 0.2891496111495729
new generation:  887
Fittest                      37.63237881997249
highest fitness' coverage:   40.52387493146822
highest fitness' collisions: 0.28914961114957327
new generation:  888
Fittest                      37.65964539388342
highest fitness' coverage:   40.55114150537915
highest fitness' collisions: 0.2891496111495728
new generation:  889
Fittest                      37.6166412985575
highest fitness' coverage:   40.50813741005322
highest fitness' collisions: 0.28914961114957277
new generation:  890
Fittest                      37.6335794015212
highest fitness' coverage:   40.52662616034566
highest fitness' collisions: 0.28930467588244574
new generation:  891
Fittest                      37.62549441149987
highest fitness' coverage:   40.516592752065606
highest fitness' collisions: 0.28910983405657353
new generation:  892
Fittest                      37.6483537786526
highest fitness' coverage:   40.53945211921833
highest fitness' collisions: 0.28910983405657315
new generation:  893
Fittest                      37.644609129278486
highest fitness' coverage:   40.53570746984422
highest fitness' collisions: 0.28910983405657303
new generation:  894
Fittest                      37.638687034859885
highest fitness' coverage:   40.523178440945536
highest fitness' collisions: 0.2884491406085654
new generation:  895
Fittest                      37.63243983647715
highest fitness' coverage:   40.516931242562805
highest fitness' collisions: 0.2884491406085655
new generation:  896
Fittest                      37.64916132778836
highest fitness' coverage:   40.53365273387402
highest fitness' collisions: 0.2884491406085656
new generation:  897
Fittest                      37.6491340993139
highest fitness' coverage:   40.53362550539955
highest fitness' collisions: 0.28844914060856547
new generation:  898
Fittest                      37.635645851072006
highest fitness' coverage:   40.520137257157664
highest fitness' collisions: 0.2884491406085656
new generation:  899
Fittest                      37.62971054341744
highest fitness' coverage:   40.5142019495031
highest fitness' collisions: 0.2884491406085656
new generation:  900
Fittest                      37.63640201551577
highest fitness' coverage:   40.52089342160142
highest fitness' collisions: 0.2884491406085654
new generation:  901
Fittest                      37.64204296127334
highest fitness' coverage:   40.526534367359
highest fitness' collisions: 0.2884491406085655
new generation:  902
Fittest                      37.68023580063363
highest fitness' coverage:   40.56472720671928
highest fitness' collisions: 0.2884491406085652
new generation:  903
Fittest                      37.64187190214869
highest fitness' coverage:   40.529788606533245
highest fitness' collisions: 0.28879167043845577
new generation:  904
Fittest                      37.629417615397514
highest fitness' coverage:   40.51733431978207
highest fitness' collisions: 0.28879167043845577
new generation:  905
Fittest                      37.632731540756
highest fitness' coverage:   40.520648245140556
highest fitness' collisions: 0.28879167043845616
new generation:  906
Fittest                      37.64449585096204
highest fitness' coverage:   40.520863777253126
highest fitness' collisions: 0.2876367926291091
new generation:  907
Fittest                      37.656956277852444
highest fitness' coverage:   40.53078009854516
highest fitness' collisions: 0.2873823820692713
new generation:  908
Fittest                      37.65671770290189
highest fitness' coverage:   40.49266891940762
highest fitness' collisions: 0.2835951216505737
new generation:  909
Fittest                      37.6807579359542
highest fitness' coverage:   40.51670915245993
highest fitness' collisions: 0.28359512165057327
new generation:  910
Fittest                      37.69324185668289
highest fitness' coverage:   40.48340612579127
highest fitness' collisions: 0.27901642691083817
new generation:  911
Fittest                      37.7433000612533
highest fitness' coverage:   40.53346433036168
highest fitness' collisions: 0.27901642691083783
new generation:  912
Fittest                      37.73714660048809
highest fitness' coverage:   40.49187421254931
highest fitness' collisions: 0.27547276120612274
new generation:  913
Fittest                      37.78139488779935
highest fitness' coverage:   40.536122499860575
highest fitness' collisions: 0.2754727612061226
new generation:  914
Fittest                      37.767509949463495
highest fitness' coverage:   40.510160401214314
highest fitness' collisions: 0.27426504517508193
new generation:  915
Fittest                      37.77582289887937
highest fitness' coverage:   40.51847335063019
highest fitness' collisions: 0.27426504517508155
new generation:  916
Fittest                      37.8629295582158
highest fitness' coverage:   40.81835831947577
highest fitness' collisions: 0.2955428761259976
new generation:  917
Fittest                      37.89476944692477
highest fitness' coverage:   40.85019820818475
highest fitness' collisions: 0.295542876125998
new generation:  918
Fittest                      37.918894612334036
highest fitness' coverage:   40.87432337359402
highest fitness' collisions: 0.29554287612599783
new generation:  919
Fittest                      37.896786106549214
highest fitness' coverage:   40.85221486780919
highest fitness' collisions: 0.29554287612599767
new generation:  920
Fittest                      37.887815957319994
highest fitness' coverage:   40.843244718579975
highest fitness' collisions: 0.295542876125998
new generation:  921
Fittest                      37.92448154749877
highest fitness' coverage:   40.87991030875875
highest fitness' collisions: 0.2955428761259978
new generation:  922
Fittest                      37.90352868454035
highest fitness' coverage:   40.85895744580033
highest fitness' collisions: 0.2955428761259978
new generation:  923
Fittest                      37.91863728451544
highest fitness' coverage:   40.86324434516267
highest fitness' collisions: 0.2944607060647228
new generation:  924
Fittest                      37.91218894940092
highest fitness' coverage:   40.85679601004816
highest fitness' collisions: 0.29446070606472335
new generation:  925
Fittest                      37.90962915413846
highest fitness' coverage:   40.84253300705181
highest fitness' collisions: 0.2932903852913355
new generation:  926
Fittest                      37.921985053423626
highest fitness' coverage:   40.854888906336974
highest fitness' collisions: 0.2932903852913351
new generation:  927
Fittest                      37.92423240880925
highest fitness' coverage:   40.857136261722616
highest fitness' collisions: 0.2932903852913361
new generation:  928
Fittest                      37.940697606857945
highest fitness' coverage:   40.86118626149467
highest fitness' collisions: 0.292048865463673
new generation:  929
Fittest                      37.95431234729772
highest fitness' coverage:   40.86000790567271
highest fitness' collisions: 0.29056955583749844
new generation:  930
Fittest                      37.94648511953197
highest fitness' coverage:   40.79013427138096
highest fitness' collisions: 0.2843649151848983
new generation:  931
Fittest                      37.990731599844096
highest fitness' coverage:   40.80361568185295
highest fitness' collisions: 0.2812884082008857
new generation:  932
Fittest                      38.02097654108927
highest fitness' coverage:   40.83386062309813
highest fitness' collisions: 0.2812884082008861
new generation:  933
Fittest                      38.03663139916356
highest fitness' coverage:   40.837125306237105
highest fitness' collisions: 0.28004939070735435
new generation:  934
Fittest                      38.018705241925424
highest fitness' coverage:   40.81919914899897
highest fitness' collisions: 0.2800493907073544
new generation:  935
Fittest                      38.05843461721763
highest fitness' coverage:   40.7556171493901
highest fitness' collisions: 0.2697182532172469
new generation:  936
Fittest                      38.11006786010396
highest fitness' coverage:   40.80725039227643
highest fitness' collisions: 0.2697182532172471
new generation:  937
Fittest                      38.25068310542024
highest fitness' coverage:   40.95574541958354
highest fitness' collisions: 0.2705062314163304
new generation:  938
Fittest                      38.28281313060299
highest fitness' coverage:   40.982565398245676
highest fitness' collisions: 0.26997522676426855
new generation:  939
Fittest                      38.320031808204355
highest fitness' coverage:   41.01978407584704
highest fitness' collisions: 0.2699752267642686
new generation:  940
Fittest                      38.33492266500497
highest fitness' coverage:   41.03435870488164
highest fitness' collisions: 0.26994360398766704
new generation:  941
Fittest                      38.30794310184084
highest fitness' coverage:   41.00737914171751
highest fitness' collisions: 0.2699436039876667
new generation:  942
Fittest                      38.30490865696654
highest fitness' coverage:   41.004344696843205
highest fitness' collisions: 0.2699436039876668
new generation:  943
Fittest                      38.286471874172605
highest fitness' coverage:   40.98138456194325
highest fitness' collisions: 0.2694912687770644
new generation:  944
Fittest                      38.336873710386236
highest fitness' coverage:   41.03178639815688
highest fitness' collisions: 0.26949126877706464
new generation:  945
Fittest                      38.31180647705499
highest fitness' coverage:   41.00671916482564
highest fitness' collisions: 0.26949126877706464
new generation:  946
Fittest                      38.30233722036379
highest fitness' coverage:   40.99724990813443
highest fitness' collisions: 0.2694912687770642
new generation:  947
Fittest                      38.33044476257414
highest fitness' coverage:   40.99061741233479
highest fitness' collisions: 0.26601726497606554
new generation:  948
Fittest                      38.35867628273883
highest fitness' coverage:   41.01884893249948
highest fitness' collisions: 0.26601726497606504
new generation:  949
Fittest                      38.37733600736607
highest fitness' coverage:   41.0282550107121
highest fitness' collisions: 0.26509190033460356
new generation:  950
Fittest                      38.37103177291346
highest fitness' coverage:   41.02907744471486
highest fitness' collisions: 0.26580456718013995
new generation:  951
Fittest                      38.35759161608086
highest fitness' coverage:   41.01563728788226
highest fitness' collisions: 0.26580456718013995
new generation:  952
Fittest                      38.364438062794584
highest fitness' coverage:   41.02248373459598
highest fitness' collisions: 0.2658045671801398
new generation:  953
Fittest                      38.3391875177288
highest fitness' coverage:   40.997233189530206
highest fitness' collisions: 0.26580456718014
new generation:  954
Fittest                      38.32052168536736
highest fitness' coverage:   40.97856735716876
highest fitness' collisions: 0.2658045671801398
new generation:  955
Fittest                      38.33943733484895
highest fitness' coverage:   41.00608488474481
highest fitness' collisions: 0.2666647549895856
new generation:  956
Fittest                      38.34895684049551
highest fitness' coverage:   40.97174769976999
highest fitness' collisions: 0.26227908592744836
new generation:  957
Fittest                      38.40139303556231
highest fitness' coverage:   41.02418389483679
highest fitness' collisions: 0.26227908592744836
new generation:  958
Fittest                      38.385946906348344
highest fitness' coverage:   41.008737765622826
highest fitness' collisions: 0.26227908592744836
new generation:  959
Fittest                      38.39535084760323
highest fitness' coverage:   41.018141706877714
highest fitness' collisions: 0.2622790859274484
new generation:  960
Fittest                      38.41073379617015
highest fitness' coverage:   41.03352465544463
highest fitness' collisions: 0.26227908592744825
new generation:  961
Fittest                      38.43348198799808
highest fitness' coverage:   41.026999836390246
highest fitness' collisions: 0.2593517848392171
new generation:  962
Fittest                      38.41510852529923
highest fitness' coverage:   41.0086263736914
highest fitness' collisions: 0.2593517848392171
new generation:  963
Fittest                      38.421622660975636
highest fitness' coverage:   41.015140509367804
highest fitness' collisions: 0.25935178483921695
new generation:  964
Fittest                      38.39959660072345
highest fitness' coverage:   40.98439180894103
highest fitness' collisions: 0.2584795208217577
new generation:  965
Fittest                      38.43263793138322
highest fitness' coverage:   40.98960327060454
highest fitness' collisions: 0.2556965339221322
new generation:  966
Fittest                      38.45456117537915
highest fitness' coverage:   41.01152651460047
highest fitness' collisions: 0.25569653392213193
new generation:  967
Fittest                      38.45155019928853
highest fitness' coverage:   41.008515538509855
highest fitness' collisions: 0.25569653392213226
new generation:  968
Fittest                      38.46715610734281
highest fitness' coverage:   41.02412144656413
highest fitness' collisions: 0.25569653392213215
new generation:  969
Fittest                      38.471661041531924
highest fitness' coverage:   40.992876045799996
highest fitness' collisions: 0.2521215004268075
new generation:  970
Fittest                      38.49769936843762
highest fitness' coverage:   40.999872372534405
highest fitness' collisions: 0.25021730040967805
new generation:  971
Fittest                      38.50008351432956
highest fitness' coverage:   41.00225651842634
highest fitness' collisions: 0.250217300409678
new generation:  972
Fittest                      38.515514942409986
highest fitness' coverage:   41.01834475506804
highest fitness' collisions: 0.2502829812658054
new generation:  973
Fittest                      38.512307449381595
highest fitness' coverage:   41.01513726203965
highest fitness' collisions: 0.2502829812658054
new generation:  974
Fittest                      38.51121546941632
highest fitness' coverage:   41.00570768177523
highest fitness' collisions: 0.2494492212358904
new generation:  975
Fittest                      38.52715077438964
highest fitness' coverage:   41.021642986748546
highest fitness' collisions: 0.24944922123589036
new generation:  976
Fittest                      38.498425859107286
highest fitness' coverage:   40.99291807146619
highest fitness' collisions: 0.24944922123589058
new generation:  977
Fittest                      38.50727506159983
highest fitness' coverage:   41.001767273958734
highest fitness' collisions: 0.2494492212358905
new generation:  978
Fittest                      38.491380485812854
highest fitness' coverage:   40.98587269817176
highest fitness' collisions: 0.24944922123589042
new generation:  979
Fittest                      38.51721740977955
highest fitness' coverage:   41.011709622138454
highest fitness' collisions: 0.2494492212358905
new generation:  980
Fittest                      38.49697418272763
highest fitness' coverage:   40.99971778783879
highest fitness' collisions: 0.25027436051111634
new generation:  981
Fittest                      38.51791771089515
highest fitness' coverage:   41.02807441841932
highest fitness' collisions: 0.25101567075241715
new generation:  982
Fittest                      38.49866656605974
highest fitness' coverage:   41.008823273583914
highest fitness' collisions: 0.25101567075241726
new generation:  983
Fittest                      38.49492251417762
highest fitness' coverage:   41.00507922170179
highest fitness' collisions: 0.2510156707524172
new generation:  984
Fittest                      38.510699706830486
highest fitness' coverage:   41.02085641435466
highest fitness' collisions: 0.25101567075241715
new generation:  985
Fittest                      38.50467295631639
highest fitness' coverage:   41.01444595659507
highest fitness' collisions: 0.2509773000278679
new generation:  986
Fittest                      38.49657849227155
highest fitness' coverage:   41.00635149255023
highest fitness' collisions: 0.25097730002786783
new generation:  987
Fittest                      38.495660166489486
highest fitness' coverage:   41.005433166768164
highest fitness' collisions: 0.250977300027868
new generation:  988
Fittest                      38.51828958322007
highest fitness' coverage:   41.027472341653414
highest fitness' collisions: 0.25091827584333454
new generation:  989
Fittest                      38.503501342474195
highest fitness' coverage:   41.01268410090754
highest fitness' collisions: 0.25091827584333465
new generation:  990
Fittest                      38.51170767981868
highest fitness' coverage:   41.02071665816915
highest fitness' collisions: 0.25090089783504715
new generation:  991
Fittest                      38.50628077882861
highest fitness' coverage:   41.01528975717908
highest fitness' collisions: 0.2509008978350469
new generation:  992
Fittest                      38.50295989256994
highest fitness' coverage:   41.01196887092041
highest fitness' collisions: 0.2509008978350472
new generation:  993
Fittest                      38.49890755915018
highest fitness' coverage:   41.01227362318785
highest fitness' collisions: 0.2513366064037667
new generation:  994
Fittest                      38.529807987964965
highest fitness' coverage:   41.04346245515295
highest fitness' collisions: 0.2513654467187982
new generation:  995
Fittest                      38.49563638296197
highest fitness' coverage:   41.00929085014995
highest fitness' collisions: 0.2513654467187982
new generation:  996
Fittest                      38.507199840197245
highest fitness' coverage:   41.03403687477079
highest fitness' collisions: 0.2526837034573545
new generation:  997
Fittest                      38.5089363701404
highest fitness' coverage:   41.002705188341515
highest fitness' collisions: 0.2493768818201117
new generation:  998
Fittest                      38.53479577933213
highest fitness' coverage:   41.02688223524427
highest fitness' collisions: 0.2492086455912142
new generation:  999
Fittest                      38.525309795165306
highest fitness' coverage:   41.01739625107745
highest fitness' collisions: 0.24920864559121442
new generation:  1000
Fittest                      38.54436639629476
highest fitness' coverage:   41.03645285220691
highest fitness' collisions: 0.24920864559121422
new generation:  1001
Fittest                      38.54047918936081
highest fitness' coverage:   41.03347713374627
highest fitness' collisions: 0.24929979443854586
new generation:  1002
Fittest                      38.5098535078455
highest fitness' coverage:   41.002851452230956
highest fitness' collisions: 0.24929979443854605
new generation:  1003
Fittest                      38.50694230304941
highest fitness' coverage:   40.97436047133463
highest fitness' collisions: 0.24674181682852175
new generation:  1004
Fittest                      38.53722467993137
highest fitness' coverage:   40.9989855837034
highest fitness' collisions: 0.24617609037720328
new generation:  1005
Fittest                      38.54607893021836
highest fitness' coverage:   41.007839833990396
highest fitness' collisions: 0.24617609037720356
new generation:  1006
Fittest                      38.54402049994895
highest fitness' coverage:   40.99870841424948
highest fitness' collisions: 0.24546879143005287
new generation:  1007
Fittest                      38.54562799628373
highest fitness' coverage:   41.000315910584256
highest fitness' collisions: 0.24546879143005262
new generation:  1008
Fittest                      38.54280082679489
highest fitness' coverage:   40.99466166314444
highest fitness' collisions: 0.2451860836349551
new generation:  1009
Fittest                      38.56236607452903
highest fitness' coverage:   40.99079342551442
highest fitness' collisions: 0.24284273509853846
new generation:  1010
Fittest                      38.591645520708134
highest fitness' coverage:   41.020072871693515
highest fitness' collisions: 0.24284273509853835
new generation:  1011
Fittest                      38.57247832107591
highest fitness' coverage:   41.0009056720613
highest fitness' collisions: 0.2428427350985385
new generation:  1012
Fittest                      38.60330552337311
highest fitness' coverage:   41.009855258118996
highest fitness' collisions: 0.2406549734745888
new generation:  1013
Fittest                      38.59965635023373
highest fitness' coverage:   41.00620608497962
highest fitness' collisions: 0.24065497347458867
new generation:  1014
Fittest                      38.5973516405805
highest fitness' coverage:   41.003901375326386
highest fitness' collisions: 0.24065497347458883
new generation:  1015
Fittest                      38.604027063128385
highest fitness' coverage:   41.004127400009914
highest fitness' collisions: 0.24001003368815282
new generation:  1016
Fittest                      38.60318915354164
highest fitness' coverage:   41.00328949042317
highest fitness' collisions: 0.24001003368815266
new generation:  1017
Fittest                      38.58334900230193
highest fitness' coverage:   40.98263989254244
highest fitness' collisions: 0.23992908902405083
new generation:  1018
Fittest                      38.59498198665179
highest fitness' coverage:   40.9942728768923
highest fitness' collisions: 0.23992908902405113
new generation:  1019
Fittest                      38.60575622421037
highest fitness' coverage:   41.00480450290707
highest fitness' collisions: 0.23990482786967054
new generation:  1020
Fittest                      38.594986022863196
highest fitness' coverage:   40.9940343015599
highest fitness' collisions: 0.23990482786967068
new generation:  1021
Fittest                      38.598906197545126
highest fitness' coverage:   40.99795447624183
highest fitness' collisions: 0.23990482786967057
new generation:  1022
Fittest                      38.608769687829515
highest fitness' coverage:   41.00781796652622
highest fitness' collisions: 0.23990482786967054
new generation:  1023
Fittest                      38.607322933144005
highest fitness' coverage:   41.006371211840715
highest fitness' collisions: 0.23990482786967077
new generation:  1024
Fittest                      38.61779013120526
highest fitness' coverage:   41.016438146731566
highest fitness' collisions: 0.23986480155263065
new generation:  1025
Fittest                      38.63598206386988
highest fitness' coverage:   41.03463007939619
highest fitness' collisions: 0.23986480155263024
new generation:  1026
Fittest                      38.6082034112821
highest fitness' coverage:   41.0068514268084
highest fitness' collisions: 0.23986480155263054
new generation:  1027
Fittest                      38.62014882639887
highest fitness' coverage:   41.02280718685834
highest fitness' collisions: 0.24026583604594712
new generation:  1028
Fittest                      38.62262176121682
highest fitness' coverage:   41.025280121676296
highest fitness' collisions: 0.24026583604594734
new generation:  1029
Fittest                      38.60350142433538
highest fitness' coverage:   41.006159784794846
highest fitness' collisions: 0.24026583604594728
new generation:  1030
Fittest                      38.59112457815175
highest fitness' coverage:   40.993782938611226
highest fitness' collisions: 0.2402658360459474
new generation:  1031
Fittest                      38.597776135394675
highest fitness' coverage:   41.00043449585415
highest fitness' collisions: 0.2402658360459474
new generation:  1032
Fittest                      38.79759170783819
highest fitness' coverage:   41.26454905760154
highest fitness' collisions: 0.24669573497633565
new generation:  1033
Fittest                      38.819361826415744
highest fitness' coverage:   41.28940947161161
highest fitness' collisions: 0.24700476451958717
new generation:  1034
Fittest                      38.843194221608336
highest fitness' coverage:   41.320154389372924
highest fitness' collisions: 0.24769601677645872
new generation:  1035
Fittest                      38.82750091179748
highest fitness' coverage:   41.30446107956207
highest fitness' collisions: 0.24769601677645878
new generation:  1036
Fittest                      38.81434888176876
highest fitness' coverage:   41.28904519490266
highest fitness' collisions: 0.24746963131339056
new generation:  1037
Fittest                      38.845655860556164
highest fitness' coverage:   41.26144435768689
highest fitness' collisions: 0.24157884971307303
new generation:  1038
Fittest                      38.84289779882078
highest fitness' coverage:   41.24948552307867
highest fitness' collisions: 0.24065877242578912
new generation:  1039
Fittest                      38.84225179362672
highest fitness' coverage:   41.24883951788461
highest fitness' collisions: 0.24065877242578895
new generation:  1040
Fittest                      38.85575291474718
highest fitness' coverage:   41.26234063900507
highest fitness' collisions: 0.24065877242578892
new generation:  1041
Fittest                      38.840065398729145
highest fitness' coverage:   41.23253562320285
highest fitness' collisions: 0.23924702244737064
new generation:  1042
Fittest                      38.868253161991916
highest fitness' coverage:   41.22921809961944
highest fitness' collisions: 0.2360964937627518
new generation:  1043
Fittest                      38.9018686164946
highest fitness' coverage:   41.26283355412212
highest fitness' collisions: 0.23609649376275174
new generation:  1044
Fittest                      38.90159900312725
highest fitness' coverage:   41.26319055461944
highest fitness' collisions: 0.2361591551492191
new generation:  1045
Fittest                      38.895786502158884
highest fitness' coverage:   41.257378053651074
highest fitness' collisions: 0.23615915514921906
new generation:  1046
Fittest                      38.87994534565087
highest fitness' coverage:   41.24153689714306
highest fitness' collisions: 0.23615915514921912
new generation:  1047
Fittest                      38.87308937765347
highest fitness' coverage:   41.25805057010798
highest fitness' collisions: 0.23849611924545136
new generation:  1048
Fittest                      38.89172286632292
highest fitness' coverage:   41.27668405877744
highest fitness' collisions: 0.23849611924545155
new generation:  1049
Fittest                      38.864070342996
highest fitness' coverage:   41.24903153545051
highest fitness' collisions: 0.23849611924545125
new generation:  1050
Fittest                      38.85793287304931
highest fitness' coverage:   41.242894065503826
highest fitness' collisions: 0.23849611924545158
new generation:  1051
Fittest                      38.85842516532165
highest fitness' coverage:   41.24338635777616
highest fitness' collisions: 0.23849611924545117
new generation:  1052
Fittest                      38.854348650471444
highest fitness' coverage:   41.239309842925955
highest fitness' collisions: 0.2384961192454512
new generation:  1053
Fittest                      38.87631138433387
highest fitness' coverage:   41.26127257678838
highest fitness' collisions: 0.23849611924545142
new generation:  1054
Fittest                      38.861280490985926
highest fitness' coverage:   41.24624168344044
highest fitness' collisions: 0.23849611924545133
new generation:  1055
Fittest                      38.866936364878484
highest fitness' coverage:   41.25284270674849
highest fitness' collisions: 0.23859063418700027
new generation:  1056
Fittest                      38.85817735188151
highest fitness' coverage:   41.24408369375151
highest fitness' collisions: 0.23859063418700036
new generation:  1057
Fittest                      38.85507296828269
highest fitness' coverage:   41.240979310152696
highest fitness' collisions: 0.2385906341870003
new generation:  1058
Fittest                      38.88393824797155
highest fitness' coverage:   41.24349640951333
highest fitness' collisions: 0.23595581615417743
new generation:  1059
Fittest                      38.9063362952189
highest fitness' coverage:   41.24696760473344
highest fitness' collisions: 0.23406313095145406
new generation:  1060
Fittest                      38.914041279273675
highest fitness' coverage:   41.221856087110595
highest fitness' collisions: 0.23078148078369173
new generation:  1061
Fittest                      38.930434588702774
highest fitness' coverage:   41.23824939653969
highest fitness' collisions: 0.23078148078369168
new generation:  1062
Fittest                      38.94260603304751
highest fitness' coverage:   41.25042084088443
highest fitness' collisions: 0.23078148078369165
new generation:  1063
Fittest                      38.929613450606865
highest fitness' coverage:   41.23186117944454
highest fitness' collisions: 0.230224772883768
new generation:  1064
Fittest                      38.92013464694261
highest fitness' coverage:   41.214969273367274
highest fitness' collisions: 0.22948346264246688
new generation:  1065
Fittest                      38.95541167299617
highest fitness' coverage:   41.250246299420844
highest fitness' collisions: 0.22948346264246727
new generation:  1066
Fittest                      38.948920161263274
highest fitness' coverage:   41.24375478768794
highest fitness' collisions: 0.22948346264246697
new generation:  1067
Fittest                      38.94883343043934
highest fitness' coverage:   41.24366805686401
highest fitness' collisions: 0.22948346264246683
new generation:  1068
Fittest                      38.94938209623384
highest fitness' coverage:   41.244216722658514
highest fitness' collisions: 0.2294834626424671
new generation:  1069
Fittest                      38.95427051411357
highest fitness' coverage:   41.247063731639464
highest fitness' collisions: 0.22927932175258975
new generation:  1070
Fittest                      38.95475888738697
highest fitness' coverage:   41.24755210491287
highest fitness' collisions: 0.2292793217525896
new generation:  1071
Fittest                      38.94468135118093
highest fitness' coverage:   41.23747456870683
highest fitness' collisions: 0.22927932175258947
new generation:  1072
Fittest                      38.9694354074741
highest fitness' coverage:   41.262228625
highest fitness' collisions: 0.22927932175258972
new generation:  1073
Fittest                      38.95083384305157
highest fitness' coverage:   41.24362706057747
highest fitness' collisions: 0.2292793217525897
new generation:  1074
Fittest                      38.94523876475468
highest fitness' coverage:   41.22850810117385
highest fitness' collisions: 0.2283269336419176
new generation:  1075
Fittest                      38.95963885501557
highest fitness' coverage:   41.250321293847755
highest fitness' collisions: 0.2290682438832184
new generation:  1076
Fittest                      38.99771303130808
highest fitness' coverage:   41.2752129027547
highest fitness' collisions: 0.227749987144662
new generation:  1077
Fittest                      38.98516364158658
highest fitness' coverage:   41.2626635130332
highest fitness' collisions: 0.2277499871446619
new generation:  1078
Fittest                      38.95413800115587
highest fitness' coverage:   41.23163787260249
highest fitness' collisions: 0.22774998714466207
new generation:  1079
Fittest                      38.98488474661819
highest fitness' coverage:   41.262384618064814
highest fitness' collisions: 0.22774998714466188
new generation:  1080
Fittest                      38.960056972461125
highest fitness' coverage:   41.20983856190238
highest fitness' collisions: 0.22497815894412562
new generation:  1081
Fittest                      38.99708041309531
highest fitness' coverage:   41.24686200253657
highest fitness' collisions: 0.22497815894412554
new generation:  1082
Fittest                      39.03469448503358
highest fitness' coverage:   41.24059619135865
highest fitness' collisions: 0.22059017063250644
new generation:  1083
Fittest                      39.050240724045594
highest fitness' coverage:   41.25614243037066
highest fitness' collisions: 0.2205901706325063
new generation:  1084
Fittest                      39.04446300576873
highest fitness' coverage:   41.24987493327443
highest fitness' collisions: 0.22054119275056946
new generation:  1085
Fittest                      39.05059372696453
highest fitness' coverage:   41.25600565447022
highest fitness' collisions: 0.22054119275056938
new generation:  1086
Fittest                      39.053927348556165
highest fitness' coverage:   41.25933927606186
highest fitness' collisions: 0.2205411927505695
new generation:  1087
Fittest                      39.04474278888918
highest fitness' coverage:   41.250154716394874
highest fitness' collisions: 0.22054119275056952
new generation:  1088
Fittest                      39.05687088239137
highest fitness' coverage:   41.24847657858315
highest fitness' collisions: 0.21916056961917793
new generation:  1089
Fittest                      39.04458795828996
highest fitness' coverage:   41.23619365448174
highest fitness' collisions: 0.21916056961917818
new generation:  1090
Fittest                      39.06225044990146
highest fitness' coverage:   41.25385614609324
highest fitness' collisions: 0.21916056961917818
new generation:  1091
Fittest                      39.067178484196056
highest fitness' coverage:   41.248470304250155
highest fitness' collisions: 0.21812918200540962
new generation:  1092
Fittest                      39.095337029918255
highest fitness' coverage:   41.24293256372219
highest fitness' collisions: 0.21475955338039376
new generation:  1093
Fittest                      39.104635452019295
highest fitness' coverage:   41.189406161779026
highest fitness' collisions: 0.20847707097597332
new generation:  1094
Fittest                      39.183116155039954
highest fitness' coverage:   41.266056966607344
highest fitness' collisions: 0.20829408115673914
new generation:  1095
Fittest                      39.181770339284654
highest fitness' coverage:   41.264711150852044
highest fitness' collisions: 0.20829408115673928
new generation:  1096
Fittest                      39.190960438436754
highest fitness' coverage:   41.273901250004144
highest fitness' collisions: 0.20829408115673925
new generation:  1097
Fittest                      39.15455111565586
highest fitness' coverage:   41.23749192722325
highest fitness' collisions: 0.20829408115673914
new generation:  1098
Fittest                      39.170917560972605
highest fitness' coverage:   41.25354567283989
highest fitness' collisions: 0.2082628111867285
new generation:  1099
Fittest                      39.16642605439965
highest fitness' coverage:   41.24905416626694
highest fitness' collisions: 0.20826281118672857
new generation:  1100
Fittest                      39.15186281049766
highest fitness' coverage:   41.26001926329971
highest fitness' collisions: 0.21081564528020522
new generation:  1101
Fittest                      39.14863418471388
highest fitness' coverage:   41.25679063751593
highest fitness' collisions: 0.21081564528020494
new generation:  1102
Fittest                      39.17214062817421
highest fitness' coverage:   41.28029708097626
highest fitness' collisions: 0.2108156452802051
new generation:  1103
Fittest                      39.14593488393067
highest fitness' coverage:   41.25409133673273
highest fitness' collisions: 0.21081564528020535
new generation:  1104
Fittest                      39.13188857479127
highest fitness' coverage:   41.24004502759332
highest fitness' collisions: 0.21081564528020488
new generation:  1105
Fittest                      39.15142686979542
highest fitness' coverage:   41.25958332259747
highest fitness' collisions: 0.21081564528020502
new generation:  1106
Fittest                      39.163597208146996
highest fitness' coverage:   41.271753660949045
highest fitness' collisions: 0.21081564528020516
new generation:  1107
Fittest                      39.15507817991801
highest fitness' coverage:   41.26323463272006
highest fitness' collisions: 0.21081564528020497
new generation:  1108
Fittest                      39.14847809370326
highest fitness' coverage:   41.25663454650531
highest fitness' collisions: 0.210815645280205
new generation:  1109
Fittest                      39.16110903856492
highest fitness' coverage:   41.26926549136697
highest fitness' collisions: 0.21081564528020522
new generation:  1110
Fittest                      39.12281499239213
highest fitness' coverage:   41.23097144519418
highest fitness' collisions: 0.21081564528020505
new generation:  1111
Fittest                      39.1595201432999
highest fitness' coverage:   41.26767659610195
highest fitness' collisions: 0.21081564528020522
new generation:  1112
Fittest                      39.14102912466631
highest fitness' coverage:   41.26241528433309
highest fitness' collisions: 0.21213861596667755
new generation:  1113
Fittest                      39.14247500345427
highest fitness' coverage:   41.25561588949973
highest fitness' collisions: 0.21131408860454565
new generation:  1114
Fittest                      39.134190380618236
highest fitness' coverage:   41.24733126666369
highest fitness' collisions: 0.2113140886045456
new generation:  1115
Fittest                      39.166591632859905
highest fitness' coverage:   41.327290145288316
highest fitness' collisions: 0.21606985124284142
new generation:  1116
Fittest                      39.16212032739444
highest fitness' coverage:   41.29351381595812
highest fitness' collisions: 0.2131393488563684
new generation:  1117
Fittest                      39.20211475851431
highest fitness' coverage:   41.32765520628721
highest fitness' collisions: 0.21255404477728987
new generation:  1118
Fittest                      39.17833479018841
highest fitness' coverage:   41.30387523796131
highest fitness' collisions: 0.21255404477728987
new generation:  1119
Fittest                      39.19579203099333
highest fitness' coverage:   41.32399688962038
highest fitness' collisions: 0.21282048586270488
new generation:  1120
Fittest                      39.19749990499404
highest fitness' coverage:   41.32570476362109
highest fitness' collisions: 0.21282048586270474
new generation:  1121
Fittest                      39.187823821740544
highest fitness' coverage:   41.31602868036759
highest fitness' collisions: 0.2128204858627046
new generation:  1122
Fittest                      39.19013934305891
highest fitness' coverage:   41.31834420168596
highest fitness' collisions: 0.21282048586270483
new generation:  1123
Fittest                      39.19315252909876
highest fitness' coverage:   41.321357387725804
highest fitness' collisions: 0.21282048586270463
new generation:  1124
Fittest                      39.46190684486541
highest fitness' coverage:   42.01703593807068
highest fitness' collisions: 0.2555129093205263
new generation:  1125
Fittest                      39.45981325849269
highest fitness' coverage:   42.014942351697954
highest fitness' collisions: 0.25551290932052634
new generation:  1126
Fittest                      39.465020450989094
highest fitness' coverage:   42.02014954419436
highest fitness' collisions: 0.25551290932052645
new generation:  1127
Fittest                      39.47135868751782
highest fitness' coverage:   42.02648778072309
highest fitness' collisions: 0.2555129093205263
new generation:  1128
Fittest                      39.47240070308202
highest fitness' coverage:   42.033418232840845
highest fitness' collisions: 0.25610175297588206
new generation:  1129
Fittest                      39.47490012255404
highest fitness' coverage:   41.998898444940124
highest fitness' collisions: 0.2523998322386085
new generation:  1130
Fittest                      39.512441219570576
highest fitness' coverage:   42.03643954195666
highest fitness' collisions: 0.2523998322386084
new generation:  1131
Fittest                      39.49306905234552
highest fitness' coverage:   42.0170673747316
highest fitness' collisions: 0.2523998322386085
new generation:  1132
Fittest                      39.49686935658054
highest fitness' coverage:   42.020867678966624
highest fitness' collisions: 0.2523998322386085
new generation:  1133
Fittest                      39.501489611543256
highest fitness' coverage:   42.05402041509851
highest fitness' collisions: 0.2552530803555256
new generation:  1134
Fittest                      39.57033443206847
highest fitness' coverage:   42.006041043777955
highest fitness' collisions: 0.24357066117094836
new generation:  1135
Fittest                      39.59159893955381
highest fitness' coverage:   42.014409970243015
highest fitness' collisions: 0.24228110306892042
new generation:  1136
Fittest                      39.5857534177186
highest fitness' coverage:   42.0085644484078
highest fitness' collisions: 0.2422811030689206
new generation:  1137
Fittest                      39.63195490477029
highest fitness' coverage:   42.02314315885781
highest fitness' collisions: 0.23911882540875218
new generation:  1138
Fittest                      39.63886267100438
highest fitness' coverage:   42.030050925091906
highest fitness' collisions: 0.2391188254087523
new generation:  1139
Fittest                      39.62317072926961
highest fitness' coverage:   42.014358983357134
highest fitness' collisions: 0.23911882540875218
new generation:  1140
Fittest                      39.64521423025312
highest fitness' coverage:   42.03640248434064
highest fitness' collisions: 0.2391188254087521
new generation:  1141
Fittest                      39.63907870752667
highest fitness' coverage:   42.030266961614196
highest fitness' collisions: 0.23911882540875218
new generation:  1142
Fittest                      39.632754217201445
highest fitness' coverage:   42.02394247128897
highest fitness' collisions: 0.2391188254087521
new generation:  1143
Fittest                      39.64171872665679
highest fitness' coverage:   42.032906980744315
highest fitness' collisions: 0.23911882540875207
new generation:  1144
Fittest                      39.63820559246716
highest fitness' coverage:   42.02939384655468
highest fitness' collisions: 0.23911882540875204
new generation:  1145
Fittest                      39.651478183225116
highest fitness' coverage:   42.083981122883365
highest fitness' collisions: 0.24325029396582495
new generation:  1146
Fittest                      39.705487873347444
highest fitness' coverage:   42.10579469743546
highest fitness' collisions: 0.24003068240880215
new generation:  1147
Fittest                      39.72386895862733
highest fitness' coverage:   42.12417578271535
highest fitness' collisions: 0.2400306824088018
new generation:  1148
Fittest                      39.709451006670406
highest fitness' coverage:   42.10582742046478
highest fitness' collisions: 0.23963764137943677
new generation:  1149
Fittest                      39.7302377525466
highest fitness' coverage:   42.13489764016822
highest fitness' collisions: 0.24046598876216166
new generation:  1150
Fittest                      39.861077330499754
highest fitness' coverage:   42.062926050692795
highest fitness' collisions: 0.22018487201930434
new generation:  1151
Fittest                      39.955548643503086
highest fitness' coverage:   42.15739736369613
highest fitness' collisions: 0.22018487201930428
new generation:  1152
Fittest                      39.9729407503806
highest fitness' coverage:   42.17478947057364
highest fitness' collisions: 0.2201848720193041
new generation:  1153
Fittest                      39.954732249450394
highest fitness' coverage:   42.156580969643436
highest fitness' collisions: 0.22018487201930415
new generation:  1154
Fittest                      39.951309331406634
highest fitness' coverage:   42.15315805159967
highest fitness' collisions: 0.22018487201930378
new generation:  1155
Fittest                      39.96513671332343
highest fitness' coverage:   42.16698543351647
highest fitness' collisions: 0.22018487201930406
new generation:  1156
Fittest                      39.9449077377602
highest fitness' coverage:   42.14675645795324
highest fitness' collisions: 0.2201848720193042
new generation:  1157
Fittest                      39.977145485983776
highest fitness' coverage:   42.17899420617682
highest fitness' collisions: 0.220184872019304
new generation:  1158
Fittest                      39.97410412019454
highest fitness' coverage:   42.18157218085462
highest fitness' collisions: 0.2207468060660087
new generation:  1159
Fittest                      39.94065507768906
highest fitness' coverage:   42.11398847531595
highest fitness' collisions: 0.21733333976268937
new generation:  1160
Fittest                      39.978238703456164
highest fitness' coverage:   42.14768573000373
highest fitness' collisions: 0.21694470265475674
new generation:  1161
Fittest                      39.96923076956711
highest fitness' coverage:   42.13867779611468
highest fitness' collisions: 0.21694470265475652
new generation:  1162
Fittest                      39.96902787361884
highest fitness' coverage:   42.138474900166415
highest fitness' collisions: 0.21694470265475693
new generation:  1163
Fittest                      39.9919445934248
highest fitness' coverage:   42.13558221360199
highest fitness' collisions: 0.2143637620177194
new generation:  1164
Fittest                      40.03873907592361
highest fitness' coverage:   42.14545975934813
highest fitness' collisions: 0.210672068342452
new generation:  1165
Fittest                      40.06211877927948
highest fitness' coverage:   42.16883946270401
highest fitness' collisions: 0.2106720683424524
new generation:  1166
Fittest                      40.04341343737316
highest fitness' coverage:   42.15013412079768
highest fitness' collisions: 0.21067206834245214
new generation:  1167
Fittest                      40.0424639165289
highest fitness' coverage:   42.14174895672135
highest fitness' collisions: 0.20992850401924476
new generation:  1168
Fittest                      40.04486148950874
highest fitness' coverage:   42.14414652970119
highest fitness' collisions: 0.2099285040192449
new generation:  1169
Fittest                      40.067610490598824
highest fitness' coverage:   42.16338128127808
highest fitness' collisions: 0.20957707906792505
new generation:  1170
Fittest                      40.06984840724954
highest fitness' coverage:   42.148082000285974
highest fitness' collisions: 0.20782335930364368
new generation:  1171
Fittest                      40.120282749506046
highest fitness' coverage:   42.19851634254248
highest fitness' collisions: 0.20782335930364376
new generation:  1172
Fittest                      40.08297901098844
highest fitness' coverage:   42.161212604024875
highest fitness' collisions: 0.20782335930364376
new generation:  1173
Fittest                      40.08540435414189
highest fitness' coverage:   42.157749510624775
highest fitness' collisions: 0.2072345156482882
new generation:  1174
Fittest                      40.0927432986076
highest fitness' coverage:   42.16508845509048
highest fitness' collisions: 0.20723451564828804
new generation:  1175
Fittest                      40.11639793609125
highest fitness' coverage:   42.188743092574136
highest fitness' collisions: 0.20723451564828826
new generation:  1176
Fittest                      40.08234861544365
highest fitness' coverage:   42.15469377192653
highest fitness' collisions: 0.2072345156482882
new generation:  1177
Fittest                      40.09516824418961
highest fitness' coverage:   42.16751340067249
highest fitness' collisions: 0.20723451564828815
new generation:  1178
Fittest                      40.08543588580936
highest fitness' coverage:   42.15778104229224
highest fitness' collisions: 0.2072345156482879
new generation:  1179
Fittest                      40.100927331703915
highest fitness' coverage:   42.1732724881868
highest fitness' collisions: 0.207234515648288
new generation:  1180
Fittest                      40.13563900881348
highest fitness' coverage:   42.19823896661087
highest fitness' collisions: 0.20625999577973977
new generation:  1181
Fittest                      40.101397585095754
highest fitness' coverage:   42.163997542893156
highest fitness' collisions: 0.20625999577974
new generation:  1182
Fittest                      40.08985161524002
highest fitness' coverage:   42.14226282874969
highest fitness' collisions: 0.205241121350967
new generation:  1183
Fittest                      40.12215284560485
highest fitness' coverage:   42.17456405911452
highest fitness' collisions: 0.20524112135096692
new generation:  1184
Fittest                      40.09669902452658
highest fitness' coverage:   42.14911023803625
highest fitness' collisions: 0.20524112135096687
new generation:  1185
Fittest                      40.105128544146524
highest fitness' coverage:   42.157539757656195
highest fitness' collisions: 0.20524112135096717
new generation:  1186
Fittest                      40.11850584205035
highest fitness' coverage:   42.17091705556002
highest fitness' collisions: 0.20524112135096687
new generation:  1187
Fittest                      40.111986181431405
highest fitness' coverage:   42.16439739494107
highest fitness' collisions: 0.2052411213509667
new generation:  1188
Fittest                      40.10452346480553
highest fitness' coverage:   42.157805641905156
highest fitness' collisions: 0.2053282177099624
new generation:  1189
Fittest                      40.10515508741641
highest fitness' coverage:   42.15843726451604
highest fitness' collisions: 0.20532821770996243
new generation:  1190
Fittest                      40.11073298986338
highest fitness' coverage:   42.164015166963004
highest fitness' collisions: 0.20532821770996262
new generation:  1191
Fittest                      40.09819102747342
highest fitness' coverage:   42.151473204573044
highest fitness' collisions: 0.2053282177099624
new generation:  1192
Fittest                      40.11221060081809
highest fitness' coverage:   42.1612269827297
highest fitness' collisions: 0.20490163819116117
new generation:  1193
Fittest                      40.09499169888967
highest fitness' coverage:   42.144008080801285
highest fitness' collisions: 0.2049016381911611
new generation:  1194
Fittest                      40.096533571042926
highest fitness' coverage:   42.10560165677496
highest fitness' collisions: 0.20090680857320342
new generation:  1195
Fittest                      40.14071304059653
highest fitness' coverage:   42.14978112632857
highest fitness' collisions: 0.20090680857320362
new generation:  1196
Fittest                      40.115920399282786
highest fitness' coverage:   42.12498848501482
highest fitness' collisions: 0.20090680857320348
new generation:  1197
Fittest                      40.12733519294589
highest fitness' coverage:   42.136403278677925
highest fitness' collisions: 0.20090680857320334
new generation:  1198
Fittest                      40.107149029134256
highest fitness' coverage:   42.121118330847786
highest fitness' collisions: 0.20139693017135332
new generation:  1199
Fittest                      40.1291808414148
highest fitness' coverage:   42.13029698798646
highest fitness' collisions: 0.20011161465716593
new generation:  1200
Fittest                      40.13867928855696
highest fitness' coverage:   42.13979543512861
highest fitness' collisions: 0.20011161465716565
new generation:  1201
Fittest                      40.13994618486905
highest fitness' coverage:   42.14106233144071
highest fitness' collisions: 0.20011161465716554
new generation:  1202
Fittest                      40.13478915151209
highest fitness' coverage:   42.13042080129444
highest fitness' collisions: 0.1995631649782353
new generation:  1203
Fittest                      40.13902306947758
highest fitness' coverage:   42.134654719259935
highest fitness' collisions: 0.19956316497823545
new generation:  1204
Fittest                      40.12235425400037
highest fitness' coverage:   42.117985903782724
highest fitness' collisions: 0.1995631649782354
new generation:  1205
Fittest                      40.11968407839113
highest fitness' coverage:   42.120800224962785
highest fitness' collisions: 0.2001116146571656
new generation:  1206
Fittest                      40.112496617398506
highest fitness' coverage:   42.13114265258763
highest fitness' collisions: 0.201864603518912
new generation:  1207
Fittest                      40.08341842923985
highest fitness' coverage:   42.10206446442897
highest fitness' collisions: 0.20186460351891203
new generation:  1208
Fittest                      40.114834715733124
highest fitness' coverage:   42.133480750922246
highest fitness' collisions: 0.2018646035189123
new generation:  1209
Fittest                      40.11758259813051
highest fitness' coverage:   42.13622863331963
highest fitness' collisions: 0.20186460351891217
new generation:  1210
Fittest                      40.112114162536066
highest fitness' coverage:   42.13076019772519
highest fitness' collisions: 0.20186460351891192
new generation:  1211
Fittest                      40.10942495165968
highest fitness' coverage:   42.12432688973673
highest fitness' collisions: 0.20149019380770453
new generation:  1212
Fittest                      40.118377734911974
highest fitness' coverage:   42.109797873305226
highest fitness' collisions: 0.19914201383932487
new generation:  1213
Fittest                      40.1391920878588
highest fitness' coverage:   42.13061222625205
highest fitness' collisions: 0.19914201383932476
new generation:  1214
Fittest                      40.15151139977089
highest fitness' coverage:   42.142931538164135
highest fitness' collisions: 0.1991420138393247
new generation:  1215
Fittest                      40.13252946853624
highest fitness' coverage:   42.123949606929486
highest fitness' collisions: 0.19914201383932456
new generation:  1216
Fittest                      40.129265247062136
highest fitness' coverage:   42.12068538545539
highest fitness' collisions: 0.19914201383932492
new generation:  1217
Fittest                      40.153539027322594
highest fitness' coverage:   42.12410104125046
highest fitness' collisions: 0.19705620139278643
new generation:  1218
Fittest                      40.169033537840996
highest fitness' coverage:   42.139595551768856
highest fitness' collisions: 0.19705620139278615
new generation:  1219
Fittest                      40.14093345721618
highest fitness' coverage:   42.11149547114404
highest fitness' collisions: 0.1970562013927864
new generation:  1220
Fittest                      40.15924767273239
highest fitness' coverage:   42.13063934876606
highest fitness' collisions: 0.19713916760336686
new generation:  1221
Fittest                      40.16239974783217
highest fitness' coverage:   42.13379142386584
highest fitness' collisions: 0.19713916760336683
new generation:  1222
Fittest                      40.14647686929633
highest fitness' coverage:   42.11786854533
highest fitness' collisions: 0.19713916760336667
new generation:  1223
Fittest                      40.168492757652764
highest fitness' coverage:   42.13988443368643
highest fitness' collisions: 0.19713916760336692
new generation:  1224
Fittest                      40.16495614765678
highest fitness' coverage:   42.13634782369045
highest fitness' collisions: 0.19713916760336678
new generation:  1225
Fittest                      40.15052594894948
highest fitness' coverage:   42.12191762498315
highest fitness' collisions: 0.19713916760336683
new generation:  1226
Fittest                      40.15962633038995
highest fitness' coverage:   42.131018006423616
highest fitness' collisions: 0.1971391676033669
new generation:  1227
Fittest                      40.137094101289364
highest fitness' coverage:   42.10848577732303
highest fitness' collisions: 0.1971391676033667
new generation:  1228
Fittest                      40.15631667236424
highest fitness' coverage:   42.12770834839791
highest fitness' collisions: 0.19713916760336692
new generation:  1229
Fittest                      40.16889737928846
highest fitness' coverage:   42.14028905532213
highest fitness' collisions: 0.19713916760336694
new generation:  1230
Fittest                      40.156589021886184
highest fitness' coverage:   42.12798069791985
highest fitness' collisions: 0.19713916760336672
new generation:  1231
Fittest                      40.17436067374957
highest fitness' coverage:   42.15594109407097
highest fitness' collisions: 0.19815804203213971
new generation:  1232
Fittest                      40.127466168807764
highest fitness' coverage:   42.109046589129164
highest fitness' collisions: 0.19815804203213996
new generation:  1233
Fittest                      40.13923627157967
highest fitness' coverage:   42.12081669190107
highest fitness' collisions: 0.19815804203213985
new generation:  1234
Fittest                      40.14624998520028
highest fitness' coverage:   42.12783040552168
highest fitness' collisions: 0.19815804203213985
new generation:  1235
Fittest                      40.15500066513438
highest fitness' coverage:   42.13658108545578
highest fitness' collisions: 0.19815804203213974
new generation:  1236
Fittest                      40.130640984862296
highest fitness' coverage:   42.112221405183696
highest fitness' collisions: 0.19815804203213971
new generation:  1237
Fittest                      40.142856417035496
highest fitness' coverage:   42.13334279404286
highest fitness' collisions: 0.19904863770073658
new generation:  1238
Fittest                      40.14360172787507
highest fitness' coverage:   42.13408810488244
highest fitness' collisions: 0.19904863770073655
new generation:  1239
Fittest                      40.140198478502114
highest fitness' coverage:   42.13068485550948
highest fitness' collisions: 0.19904863770073664
new generation:  1240
Fittest                      40.14066781263428
highest fitness' coverage:   42.13115418964164
highest fitness' collisions: 0.19904863770073639
new generation:  1241
Fittest                      40.156487505808926
highest fitness' coverage:   42.14697388281629
highest fitness' collisions: 0.19904863770073655
new generation:  1242
Fittest                      40.15510516217276
highest fitness' coverage:   42.145591539180124
highest fitness' collisions: 0.19904863770073633
new generation:  1243
Fittest                      40.1335351299684
highest fitness' coverage:   42.124021506975765
highest fitness' collisions: 0.19904863770073633
new generation:  1244
Fittest                      40.15577403891895
highest fitness' coverage:   42.146641508069905
highest fitness' collisions: 0.19908674691509579
new generation:  1245
Fittest                      40.143411173016865
highest fitness' coverage:   42.11185727740612
highest fitness' collisions: 0.1968446104389259
new generation:  1246
Fittest                      40.1466162594633
highest fitness' coverage:   42.11506236385256
highest fitness' collisions: 0.19684461043892607
new generation:  1247
Fittest                      40.15622846342282
highest fitness' coverage:   42.1118214126702
highest fitness' collisions: 0.19555929492473811
new generation:  1248
Fittest                      40.181159123572975
highest fitness' coverage:   42.22668654860893
highest fitness' collisions: 0.20455274250359592
new generation:  1249
Fittest                      40.189695494853545
highest fitness' coverage:   42.23369825403005
highest fitness' collisions: 0.20440027591765042
new generation:  1250
Fittest                      40.23367329194149
highest fitness' coverage:   42.27250481548401
highest fitness' collisions: 0.20388315235425228
new generation:  1251
Fittest                      40.23283811256039
highest fitness' coverage:   42.27176636387056
highest fitness' collisions: 0.20389282513101784
new generation:  1252
Fittest                      40.2453626100973
highest fitness' coverage:   42.298988636813974
highest fitness' collisions: 0.2053626026716673
new generation:  1253
Fittest                      40.26003183407485
highest fitness' coverage:   42.31300105223025
highest fitness' collisions: 0.20529692181553996
new generation:  1254
Fittest                      40.284409135819196
highest fitness' coverage:   42.340573318282644
highest fitness' collisions: 0.20561641824634486
new generation:  1255
Fittest                      40.268406418802336
highest fitness' coverage:   42.32457060126578
highest fitness' collisions: 0.20561641824634508
new generation:  1256
Fittest                      40.26768210660397
highest fitness' coverage:   42.31895342934166
highest fitness' collisions: 0.20512713227376875
new generation:  1257
Fittest                      40.23685095502698
highest fitness' coverage:   42.29663779803095
highest fitness' collisions: 0.20597868430039704
new generation:  1258
Fittest                      40.26589044103452
highest fitness' coverage:   42.29584500423536
highest fitness' collisions: 0.20299545632008392
new generation:  1259
Fittest                      40.28455426397387
highest fitness' coverage:   42.314508827174706
highest fitness' collisions: 0.20299545632008384
new generation:  1260
Fittest                      40.291454806928485
highest fitness' coverage:   42.321409370129324
highest fitness' collisions: 0.2029954563200838
new generation:  1261
Fittest                      40.30392491006278
highest fitness' coverage:   42.31297188971431
highest fitness' collisions: 0.2009046979651531
new generation:  1262
Fittest                      40.33390427777961
highest fitness' coverage:   42.34295125743114
highest fitness' collisions: 0.20090469796515312
new generation:  1263
Fittest                      40.29583411930099
highest fitness' coverage:   42.30488109895252
highest fitness' collisions: 0.2009046979651531
new generation:  1264
Fittest                      40.3145743737002
highest fitness' coverage:   42.323621353351726
highest fitness' collisions: 0.2009046979651531
new generation:  1265
Fittest                      40.32682303415343
highest fitness' coverage:   42.68968482067079
highest fitness' collisions: 0.2362861786517365
new generation:  1266
Fittest                      40.367079279518975
highest fitness' coverage:   42.72994106603634
highest fitness' collisions: 0.2362861786517362
new generation:  1267
Fittest                      40.378897722254045
highest fitness' coverage:   42.74350146816299
highest fitness' collisions: 0.23646037459089453
new generation:  1268
Fittest                      40.37960742385766
highest fitness' coverage:   42.744380994131845
highest fitness' collisions: 0.2364773570274189
new generation:  1269
Fittest                      40.392218489125156
highest fitness' coverage:   42.76984521454122
highest fitness' collisions: 0.23776267254160668
new generation:  1270
Fittest                      40.3695750169348
highest fitness' coverage:   42.74720174235087
highest fitness' collisions: 0.2377626725416067
new generation:  1271
Fittest                      40.38143047661416
highest fitness' coverage:   42.759057202030235
highest fitness' collisions: 0.23776267254160685
new generation:  1272
Fittest                      40.385935072924546
highest fitness' coverage:   42.76356179834061
highest fitness' collisions: 0.2377626725416066
new generation:  1273
Fittest                      40.3943680602317
highest fitness' coverage:   42.768822888247584
highest fitness' collisions: 0.23744548280158853
new generation:  1274
Fittest                      40.37348786566657
highest fitness' coverage:   42.750127690205744
highest fitness' collisions: 0.2376639824539174
new generation:  1275
Fittest                      40.36370781875105
highest fitness' coverage:   42.74034764329023
highest fitness' collisions: 0.23766398245391723
new generation:  1276
Fittest                      40.40240736945063
highest fitness' coverage:   42.741237271592155
highest fitness' collisions: 0.23388299021415287
new generation:  1277
Fittest                      40.416665302772444
highest fitness' coverage:   42.758667102314156
highest fitness' collisions: 0.23420017995417103
new generation:  1278
Fittest                      40.41737946367109
highest fitness' coverage:   42.738199962299994
highest fitness' collisions: 0.23208204986289033
new generation:  1279
Fittest                      40.442037153183435
highest fitness' coverage:   42.76285765181233
highest fitness' collisions: 0.23208204986288997
new generation:  1280
Fittest                      40.44514257640596
highest fitness' coverage:   42.76596307503487
highest fitness' collisions: 0.23208204986289022
new generation:  1281
Fittest                      40.442313783544556
highest fitness' coverage:   42.76313428217346
highest fitness' collisions: 0.2320820498628904
new generation:  1282
Fittest                      40.433523278903536
highest fitness' coverage:   42.75434377753244
highest fitness' collisions: 0.23208204986289033
new generation:  1283
Fittest                      40.43604181633426
highest fitness' coverage:   42.75686231496316
highest fitness' collisions: 0.23208204986289008
new generation:  1284
Fittest                      40.41652934348518
highest fitness' coverage:   42.737349842114085
highest fitness' collisions: 0.2320820498628905
new generation:  1285
Fittest                      40.43400320799797
highest fitness' coverage:   42.75683402541683
highest fitness' collisions: 0.23228308174188617
new generation:  1286
Fittest                      40.44569117603109
highest fitness' coverage:   42.76852199344995
highest fitness' collisions: 0.2322830817418863
new generation:  1287
Fittest                      40.40929954339113
highest fitness' coverage:   42.749864443155154
highest fitness' collisions: 0.2340564899764024
new generation:  1288
Fittest                      40.405979248701335
highest fitness' coverage:   42.74654414846536
highest fitness' collisions: 0.23405648997640227
new generation:  1289
Fittest                      40.3938116177928
highest fitness' coverage:   42.734376517556825
highest fitness' collisions: 0.23405648997640247
new generation:  1290
Fittest                      40.42533579578713
highest fitness' coverage:   42.734277918949466
highest fitness' collisions: 0.23089421231623414
new generation:  1291
Fittest                      40.468585125497874
highest fitness' coverage:   42.723733278548686
highest fitness' collisions: 0.2255148153050812
new generation:  1292
Fittest                      40.49358081948027
highest fitness' coverage:   42.74872897253108
highest fitness' collisions: 0.22551481530508125
new generation:  1293
Fittest                      40.498856824619025
highest fitness' coverage:   42.66195868610094
highest fitness' collisions: 0.21631018614819125
new generation:  1294
Fittest                      40.58839794278354
highest fitness' coverage:   42.75149980426545
highest fitness' collisions: 0.21631018614819147
new generation:  1295
Fittest                      40.5981389187151
highest fitness' coverage:   42.761240780197014
highest fitness' collisions: 0.2163101861481912
new generation:  1296
Fittest                      40.57841606954988
highest fitness' coverage:   42.73933016940784
highest fitness' collisions: 0.2160914099857963
new generation:  1297
Fittest                      40.591532140868765
highest fitness' coverage:   42.73959308558486
highest fitness' collisions: 0.214806094471609
new generation:  1298
Fittest                      40.595871972081305
highest fitness' coverage:   42.74393291679739
highest fitness' collisions: 0.2148060944716084
new generation:  1299
Fittest                      40.58558592442489
highest fitness' coverage:   42.733646869140976
highest fitness' collisions: 0.21480609447160867
new generation:  1300
Fittest                      40.59168724382598
highest fitness' coverage:   42.739748188542066
highest fitness' collisions: 0.2148060944716085
new generation:  1301
Fittest                      40.58893073344638
highest fitness' coverage:   42.73699167816247
highest fitness' collisions: 0.2148060944716086
new generation:  1302
Fittest                      40.59163454402143
highest fitness' coverage:   42.7108353989391
highest fitness' collisions: 0.21192008549176727
new generation:  1303
Fittest                      40.622702223216116
highest fitness' coverage:   42.70883486176136
highest fitness' collisions: 0.20861326385452436
new generation:  1304
Fittest                      40.65988927924692
highest fitness' coverage:   42.74602191779216
highest fitness' collisions: 0.20861326385452442
new generation:  1305
Fittest                      40.64681563229731
highest fitness' coverage:   42.732948270842556
highest fitness' collisions: 0.20861326385452458
new generation:  1306
Fittest                      40.67145251640172
highest fitness' coverage:   42.757585154946966
highest fitness' collisions: 0.2086132638545244
new generation:  1307
Fittest                      40.70248672486603
highest fitness' coverage:   42.78861936341127
highest fitness' collisions: 0.2086132638545243
new generation:  1308
Fittest                      40.65364288530533
highest fitness' coverage:   42.739566594237495
highest fitness' collisions: 0.20859237089321603
new generation:  1309
Fittest                      40.66907261677434
highest fitness' coverage:   42.75499632570651
highest fitness' collisions: 0.20859237089321603
new generation:  1310
Fittest                      40.68432430760261
highest fitness' coverage:   42.770248016534765
highest fitness' collisions: 0.2085923708932159
new generation:  1311
Fittest                      40.64695724448214
highest fitness' coverage:   42.732880953414295
highest fitness' collisions: 0.20859237089321586
new generation:  1312
Fittest                      40.67593140552819
highest fitness' coverage:   42.761855114460346
highest fitness' collisions: 0.208592370893216
new generation:  1313
Fittest                      40.696699555261155
highest fitness' coverage:   42.78262326419331
highest fitness' collisions: 0.20859237089321586
new generation:  1314
Fittest                      40.67779476248926
highest fitness' coverage:   42.76371847142142
highest fitness' collisions: 0.20859237089321572
new generation:  1315
Fittest                      40.64518813765387
highest fitness' coverage:   42.731111846586025
highest fitness' collisions: 0.20859237089321583
new generation:  1316
Fittest                      40.672343158965305
highest fitness' coverage:   42.75826686789746
highest fitness' collisions: 0.20859237089321567
new generation:  1317
Fittest                      40.67182043707954
highest fitness' coverage:   42.7577441460117
highest fitness' collisions: 0.20859237089321606
new generation:  1318
Fittest                      40.65662724618183
highest fitness' coverage:   42.742550955113984
highest fitness' collisions: 0.20859237089321594
new generation:  1319
Fittest                      40.66934347567647
highest fitness' coverage:   42.76171003865801
highest fitness' collisions: 0.2092366562981538
new generation:  1320
Fittest                      40.65633296380719
highest fitness' coverage:   42.74876400711909
highest fitness' collisions: 0.2092431043311904
new generation:  1321
Fittest                      40.65314066705335
highest fitness' coverage:   42.77031461197079
highest fitness' collisions: 0.2117173944917439
new generation:  1322
Fittest                      40.65081470329986
highest fitness' coverage:   42.7679886482173
highest fitness' collisions: 0.21171739449174373
new generation:  1323
Fittest                      40.62504838716732
highest fitness' coverage:   42.74222233208476
highest fitness' collisions: 0.211717394491744
new generation:  1324
Fittest                      40.64711560737385
highest fitness' coverage:   42.76428955229129
highest fitness' collisions: 0.21171739449174376
new generation:  1325
Fittest                      40.63127766777224
highest fitness' coverage:   42.74845161268968
highest fitness' collisions: 0.21171739449174382
new generation:  1326
Fittest                      40.63731645661902
highest fitness' coverage:   42.75449040153646
highest fitness' collisions: 0.21171739449174387
new generation:  1327
Fittest                      40.623248286005186
highest fitness' coverage:   42.740422230922626
highest fitness' collisions: 0.21171739449174398
new generation:  1328
Fittest                      40.64748867997749
highest fitness' coverage:   42.76466262489493
highest fitness' collisions: 0.21171739449174404
new generation:  1329
Fittest                      40.62431065914945
highest fitness' coverage:   42.7430612567689
highest fitness' collisions: 0.2118750597619444
new generation:  1330
Fittest                      40.65724133508144
highest fitness' coverage:   42.743002840064996
highest fitness' collisions: 0.2085761504983557
new generation:  1331
Fittest                      40.65016427244058
highest fitness' coverage:   42.735424590190505
highest fitness' collisions: 0.20852603177499263
new generation:  1332
Fittest                      40.65787028986987
highest fitness' coverage:   42.7431306076198
highest fitness' collisions: 0.2085260317749929
new generation:  1333
Fittest                      40.65355830049402
highest fitness' coverage:   42.73881861824395
highest fitness' collisions: 0.20852603177499293
new generation:  1334
Fittest                      40.64430729976931
highest fitness' coverage:   42.74075683546714
highest fitness' collisions: 0.20964495356978297
new generation:  1335
Fittest                      40.643588848941846
highest fitness' coverage:   42.740038384639675
highest fitness' collisions: 0.20964495356978266
new generation:  1336
Fittest                      40.66158875679512
highest fitness' coverage:   42.75803829249295
highest fitness' collisions: 0.20964495356978283
new generation:  1337
Fittest                      40.65263742873639
highest fitness' coverage:   42.74908696443422
highest fitness' collisions: 0.2096449535697828
new generation:  1338
Fittest                      40.66281163322233
highest fitness' coverage:   42.75926116892016
highest fitness' collisions: 0.2096449535697827
new generation:  1339
Fittest                      40.64299225432436
highest fitness' coverage:   42.73944179002219
highest fitness' collisions: 0.20964495356978266
new generation:  1340
Fittest                      40.644061781778
highest fitness' coverage:   42.74051131747583
highest fitness' collisions: 0.20964495356978277
new generation:  1341
Fittest                      40.65874224699831
highest fitness' coverage:   42.75519178269614
highest fitness' collisions: 0.20964495356978283
new generation:  1342
Fittest                      40.64666696905784
highest fitness' coverage:   42.74311650475567
highest fitness' collisions: 0.20964495356978263
new generation:  1343
Fittest                      40.65312052738485
highest fitness' coverage:   42.74957006308268
highest fitness' collisions: 0.20964495356978258
new generation:  1344
Fittest                      40.67965146046438
highest fitness' coverage:   42.77610099616221
highest fitness' collisions: 0.20964495356978274
new generation:  1345
Fittest                      40.63085070010598
highest fitness' coverage:   42.731044332915886
highest fitness' collisions: 0.21001936328099016
new generation:  1346
Fittest                      40.648533030442586
highest fitness' coverage:   42.74872666325249
highest fitness' collisions: 0.21001936328099027
new generation:  1347
Fittest                      40.64392535580719
highest fitness' coverage:   42.69139201189133
highest fitness' collisions: 0.20474666560841387
new generation:  1348
Fittest                      40.703744602648094
highest fitness' coverage:   42.75121125873223
highest fitness' collisions: 0.20474666560841387
new generation:  1349
Fittest                      40.68567098334803
highest fitness' coverage:   42.73313763943217
highest fitness' collisions: 0.2047466656084138
new generation:  1350
Fittest                      40.690711883242685
highest fitness' coverage:   42.738178539326825
highest fitness' collisions: 0.20474666560841395
new generation:  1351
Fittest                      40.69251813789276
highest fitness' coverage:   42.70058696810954
highest fitness' collisions: 0.2008068830216781
new generation:  1352
Fittest                      40.71197294734092
highest fitness' coverage:   42.7200417775577
highest fitness' collisions: 0.200806883021678
new generation:  1353
Fittest                      40.70538072204835
highest fitness' coverage:   42.71344955226513
highest fitness' collisions: 0.20080688302167812
new generation:  1354
Fittest                      40.73371294409367
highest fitness' coverage:   42.74178177431045
highest fitness' collisions: 0.20080688302167823
new generation:  1355
Fittest                      40.7185645709634
highest fitness' coverage:   42.72663340118018
highest fitness' collisions: 0.20080688302167793
new generation:  1356
Fittest                      40.70031698711246
highest fitness' coverage:   42.72825961838153
highest fitness' collisions: 0.2027942631269067
new generation:  1357
Fittest                      40.713591773169746
highest fitness' coverage:   42.741534404438816
highest fitness' collisions: 0.20279426312690704
new generation:  1358
Fittest                      40.704222828835064
highest fitness' coverage:   42.732165460104135
highest fitness' collisions: 0.202794263126907
new generation:  1359
Fittest                      40.704761691334596
highest fitness' coverage:   42.76305543951748
highest fitness' collisions: 0.20582937481828817
new generation:  1360
Fittest                      40.67746972436322
highest fitness' coverage:   42.735763472546104
highest fitness' collisions: 0.20582937481828828
new generation:  1361
Fittest                      40.68931103879408
highest fitness' coverage:   42.747604786976964
highest fitness' collisions: 0.20582937481828817
new generation:  1362
Fittest                      40.67301914658339
highest fitness' coverage:   42.647742852122846
highest fitness' collisions: 0.19747237055394556
new generation:  1363
Fittest                      40.68846369125078
highest fitness' coverage:   42.653347068654206
highest fitness' collisions: 0.1964883377403426
new generation:  1364
Fittest                      40.695691453199196
highest fitness' coverage:   42.66057483060262
highest fitness' collisions: 0.19648833774034274
new generation:  1365
Fittest                      40.708221991797245
highest fitness' coverage:   42.67227570709486
highest fitness' collisions: 0.19640537152976195
new generation:  1366
Fittest                      40.70061680167147
highest fitness' coverage:   42.666195182828545
highest fitness' collisions: 0.19655783811570723
new generation:  1367
Fittest                      40.71353461852902
highest fitness' coverage:   42.666259844544214
highest fitness' collisions: 0.19527252260151948
new generation:  1368
Fittest                      40.72737471463115
highest fitness' coverage:   42.662980784928685
highest fitness' collisions: 0.19356060702975342
new generation:  1369
Fittest                      40.74327529147686
highest fitness' coverage:   42.678881361774394
highest fitness' collisions: 0.1935606070297533
new generation:  1370
Fittest                      40.72324796938963
highest fitness' coverage:   42.65968370179297
highest fitness' collisions: 0.1936435732403341
new generation:  1371
Fittest                      40.739783805231454
highest fitness' coverage:   42.67621953763479
highest fitness' collisions: 0.19364357324033404
new generation:  1372
Fittest                      40.73947274844842
highest fitness' coverage:   42.67590848085176
highest fitness' collisions: 0.19364357324033404
new generation:  1373
Fittest                      40.75154474362953
highest fitness' coverage:   42.68798047603287
highest fitness' collisions: 0.1936435732403341
new generation:  1374
Fittest                      40.73915399804713
highest fitness' coverage:   42.67558973045047
highest fitness' collisions: 0.1936435732403341
new generation:  1375
Fittest                      40.72769273027949
highest fitness' coverage:   42.66412846268283
highest fitness' collisions: 0.19364357324033402
new generation:  1376
Fittest                      40.75227213351319
highest fitness' coverage:   42.68870786591653
highest fitness' collisions: 0.19364357324033402
new generation:  1377
Fittest                      40.721555851972724
highest fitness' coverage:   42.65799158437606
highest fitness' collisions: 0.19364357324033385
new generation:  1378
Fittest                      40.74407335575261
highest fitness' coverage:   42.69395980006891
highest fitness' collisions: 0.19498864443163005
new generation:  1379
Fittest                      40.73849043144838
highest fitness' coverage:   42.68837687576468
highest fitness' collisions: 0.1949886444316297
new generation:  1380
Fittest                      40.711793991999826
highest fitness' coverage:   42.69525305751757
highest fitness' collisions: 0.1983459065517739
new generation:  1381
Fittest                      40.69568540519744
highest fitness' coverage:   42.64752169411349
highest fitness' collisions: 0.1951836288916055
new generation:  1382
Fittest                      40.710889852909396
highest fitness' coverage:   42.657019194418986
highest fitness' collisions: 0.1946129341509589
new generation:  1383
Fittest                      40.71425923394286
highest fitness' coverage:   42.659761961587776
highest fitness' collisions: 0.19455027276449152
new generation:  1384
Fittest                      40.71766890547069
highest fitness' coverage:   42.6631716331156
highest fitness' collisions: 0.1945502727644916
new generation:  1385
Fittest                      40.725124541916706
highest fitness' coverage:   42.67062726956162
highest fitness' collisions: 0.19455027276449163
new generation:  1386
Fittest                      40.713318054795934
highest fitness' coverage:   42.669248872657136
highest fitness' collisions: 0.1955930817861201
new generation:  1387
Fittest                      40.72940851226846
highest fitness' coverage:   42.68551577496005
highest fitness' collisions: 0.1956107262691591
new generation:  1388
Fittest                      40.71002673563294
highest fitness' coverage:   42.666133998324526
highest fitness' collisions: 0.1956107262691592
new generation:  1389
Fittest                      40.698672132641974
highest fitness' coverage:   42.65477939533356
highest fitness' collisions: 0.1956107262691591
new generation:  1390
Fittest                      40.716094185651656
highest fitness' coverage:   42.672201448343245
highest fitness' collisions: 0.19561072626915912
new generation:  1391
Fittest                      40.74273427540387
highest fitness' coverage:   42.646331149301346
highest fitness' collisions: 0.19035968738974743
new generation:  1392
Fittest                      40.74559611295049
highest fitness' coverage:   42.649192986847964
highest fitness' collisions: 0.1903596873897474
new generation:  1393
Fittest                      40.74487242983345
highest fitness' coverage:   42.62976373092571
highest fitness' collisions: 0.18848913010922605
new generation:  1394
Fittest                      40.76705684970273
highest fitness' coverage:   42.65194815079499
highest fitness' collisions: 0.18848913010922597
new generation:  1395
Fittest                      40.776802444632644
highest fitness' coverage:   42.66169374572491
highest fitness' collisions: 0.1884891301092264
new generation:  1396
Fittest                      40.770343414763325
highest fitness' coverage:   42.65845375607871
highest fitness' collisions: 0.18881103413153807
new generation:  1397
Fittest                      40.7668132490477
highest fitness' coverage:   42.65492359036308
highest fitness' collisions: 0.18881103413153794
new generation:  1398
Fittest                      40.80101209768149
highest fitness' coverage:   42.689122438996876
highest fitness' collisions: 0.18881103413153813
new generation:  1399
Fittest                      40.78847644233452
highest fitness' coverage:   42.6765867836499
highest fitness' collisions: 0.18881103413153807
new generation:  1400
Fittest                      40.77250987009687
highest fitness' coverage:   42.66062021141225
highest fitness' collisions: 0.18881103413153816
new generation:  1401
Fittest                      40.74698842563562
highest fitness' coverage:   42.66114309650026
highest fitness' collisions: 0.19141546708646404
new generation:  1402
Fittest                      40.73285005924813
highest fitness' coverage:   42.63975264055068
highest fitness' collisions: 0.1906902581302552
new generation:  1403
Fittest                      40.760224458700925
highest fitness' coverage:   42.66712704000348
highest fitness' collisions: 0.19069025813025528
new generation:  1404
Fittest                      40.75463955212124
highest fitness' coverage:   42.66799003980528
highest fitness' collisions: 0.19133504876840426
new generation:  1405
Fittest                      40.72578433929788
highest fitness' coverage:   42.63913482698192
highest fitness' collisions: 0.19133504876840438
new generation:  1406
Fittest                      40.729689541177926
highest fitness' coverage:   42.64304002886197
highest fitness' collisions: 0.19133504876840435
new generation:  1407
Fittest                      40.73472307605653
highest fitness' coverage:   42.648073563740574
highest fitness' collisions: 0.19133504876840438
new generation:  1408
Fittest                      40.74152196679264
highest fitness' coverage:   42.64925311400964
highest fitness' collisions: 0.19077311472169978
new generation:  1409
Fittest                      40.74460970921921
highest fitness' coverage:   42.65234085643621
highest fitness' collisions: 0.19077311472169986
new generation:  1410
Fittest                      40.720579636507885
highest fitness' coverage:   42.62169889346674
highest fitness' collisions: 0.19011192569588578
new generation:  1411
Fittest                      40.754494703746296
highest fitness' coverage:   42.65561396070515
highest fitness' collisions: 0.1901119256958859
new generation:  1412
Fittest                      40.763458909902035
highest fitness' coverage:   42.6645781668609
highest fitness' collisions: 0.1901119256958861
new generation:  1413
Fittest                      40.73652311792193
highest fitness' coverage:   42.62650848117757
highest fitness' collisions: 0.18899853632556396
new generation:  1414
Fittest                      40.76416619892369
highest fitness' coverage:   42.65415156217933
highest fitness' collisions: 0.188998536325564
new generation:  1415
Fittest                      40.75798610970958
highest fitness' coverage:   42.64797147296522
highest fitness' collisions: 0.18899853632556393
new generation:  1416
Fittest                      40.7513387330603
highest fitness' coverage:   42.64132409631594
highest fitness' collisions: 0.18899853632556407
new generation:  1417
Fittest                      40.7502567919383
highest fitness' coverage:   42.628482902429674
highest fitness' collisions: 0.18782261104913786
new generation:  1418
Fittest                      40.76729984577995
highest fitness' coverage:   42.64552595627133
highest fitness' collisions: 0.18782261104913783
new generation:  1419
Fittest                      40.7904078036508
highest fitness' coverage:   42.65233990366755
highest fitness' collisions: 0.18619321000167485
new generation:  1420
Fittest                      40.79712537141359
highest fitness' coverage:   42.66682552962034
highest fitness' collisions: 0.18697001582067505
new generation:  1421
Fittest                      40.79430674214833
highest fitness' coverage:   42.6452594600051
highest fitness' collisions: 0.18509527178567675
new generation:  1422
Fittest                      40.803831248687075
highest fitness' coverage:   42.65478396654384
highest fitness' collisions: 0.18509527178567672
new generation:  1423
Fittest                      40.793958822350234
highest fitness' coverage:   42.66423162910056
highest fitness' collisions: 0.18702728067503258
new generation:  1424
Fittest                      40.80579503282879
highest fitness' coverage:   42.67606783957912
highest fitness' collisions: 0.18702728067503274
new generation:  1425
Fittest                      40.791376396402306
highest fitness' coverage:   42.661649203152635
highest fitness' collisions: 0.18702728067503274
new generation:  1426
Fittest                      40.79100779778721
highest fitness' coverage:   42.66128060453754
highest fitness' collisions: 0.18702728067503285
new generation:  1427
Fittest                      40.768640414100766
highest fitness' coverage:   42.638913220851094
highest fitness' collisions: 0.18702728067503277
new generation:  1428
Fittest                      40.761212834541205
highest fitness' coverage:   42.646517060952434
highest fitness' collisions: 0.1885304226411227
new generation:  1429
Fittest                      40.78467742164901
highest fitness' coverage:   42.676861556651204
highest fitness' collisions: 0.18921841350021956
new generation:  1430
Fittest                      40.812483606245166
highest fitness' coverage:   42.70466774124736
highest fitness' collisions: 0.18921841350021953
new generation:  1431
Fittest                      40.79726554381736
highest fitness' coverage:   42.68944967881956
highest fitness' collisions: 0.1892184135002197
new generation:  1432
Fittest                      40.806784333546744
highest fitness' coverage:   42.69896846854894
highest fitness' collisions: 0.18921841350021965
new generation:  1433
Fittest                      40.803649992521215
highest fitness' coverage:   42.69583412752341
highest fitness' collisions: 0.18921841350021956
new generation:  1434
Fittest                      40.804284508234794
highest fitness' coverage:   42.69646864323699
highest fitness' collisions: 0.1892184135002194
new generation:  1435
Fittest                      40.81202850448949
highest fitness' coverage:   42.704725500875675
highest fitness' collisions: 0.1892696996386187
new generation:  1436
Fittest                      40.82261209184163
highest fitness' coverage:   42.6903780767535
highest fitness' collisions: 0.18677659849118725
new generation:  1437
Fittest                      40.84518048797736
highest fitness' coverage:   42.683582033898986
highest fitness' collisions: 0.1838401545921628
new generation:  1438
Fittest                      40.88301635807296
highest fitness' coverage:   42.689795127392905
highest fitness' collisions: 0.18067787693199444
new generation:  1439
Fittest                      40.889181947795386
highest fitness' coverage:   42.695960717115334
highest fitness' collisions: 0.18067787693199444
new generation:  1440
Fittest                      40.89867754781648
highest fitness' coverage:   42.68668669567662
highest fitness' collisions: 0.17880091478601376
new generation:  1441
Fittest                      40.92354436749762
highest fitness' coverage:   42.71155351535776
highest fitness' collisions: 0.1788009147860138
new generation:  1442
Fittest                      40.913913804886406
highest fitness' coverage:   42.70192295274654
highest fitness' collisions: 0.17880091478601381
new generation:  1443
Fittest                      40.92210808542412
highest fitness' coverage:   42.70884855924668
highest fitness' collisions: 0.17867404738225634
new generation:  1444
Fittest                      40.92438547259502
highest fitness' coverage:   42.71112594641758
highest fitness' collisions: 0.17867404738225642
new generation:  1445
Fittest                      40.89086521298376
highest fitness' coverage:   42.677605686806324
highest fitness' collisions: 0.17867404738225626
new generation:  1446
Fittest                      40.90960964627459
highest fitness' coverage:   42.69635012009715
highest fitness' collisions: 0.17867404738225617
new generation:  1447
Fittest                      40.90969994769169
highest fitness' coverage:   42.696440421514254
highest fitness' collisions: 0.17867404738225637
new generation:  1448
Fittest                      40.9219490413201
highest fitness' coverage:   42.70868951514266
highest fitness' collisions: 0.17867404738225628
new generation:  1449
Fittest                      40.89313912511683
highest fitness' coverage:   42.679879598939394
highest fitness' collisions: 0.17867404738225642
new generation:  1450
Fittest                      40.92512749593476
highest fitness' coverage:   42.71186796975732
highest fitness' collisions: 0.1786740473822563
new generation:  1451
Fittest                      40.93323620273888
highest fitness' coverage:   42.71997667656145
highest fitness' collisions: 0.17867404738225653
new generation:  1452
Fittest                      40.92506792251728
highest fitness' coverage:   42.71180839633984
highest fitness' collisions: 0.17867404738225645
new generation:  1453
Fittest                      40.9340832512053
highest fitness' coverage:   42.72082372502786
highest fitness' collisions: 0.17867404738225648
new generation:  1454
Fittest                      40.9429235032179
highest fitness' coverage:   42.761566923135945
highest fitness' collisions: 0.18186434199180446
new generation:  1455
Fittest                      40.94974706407672
highest fitness' coverage:   42.768390483994764
highest fitness' collisions: 0.18186434199180446
new generation:  1456
Fittest                      40.943005822096055
highest fitness' coverage:   42.761649242014094
highest fitness' collisions: 0.1818643419918041
new generation:  1457
Fittest                      40.93951009144122
highest fitness' coverage:   42.75815351135927
highest fitness' collisions: 0.18186434199180432
new generation:  1458
Fittest                      40.9533905084833
highest fitness' coverage:   42.76751306811857
highest fitness' collisions: 0.18141225596352673
new generation:  1459
Fittest                      40.96609580268154
highest fitness' coverage:   42.7802183623168
highest fitness' collisions: 0.18141225596352661
new generation:  1460
Fittest                      40.95393242709873
highest fitness' coverage:   42.76805498673399
highest fitness' collisions: 0.1814122559635266
new generation:  1461
Fittest                      40.94661236759386
highest fitness' coverage:   42.768148029642134
highest fitness' collisions: 0.1821535662048277
new generation:  1462
Fittest                      40.955554718959824
highest fitness' coverage:   42.7770903810081
highest fitness' collisions: 0.18215356620482745
new generation:  1463
Fittest                      40.93668490081592
highest fitness' coverage:   42.758220562864196
highest fitness' collisions: 0.1821535662048278
new generation:  1464
Fittest                      40.93112599445286
highest fitness' coverage:   42.759405053525086
highest fitness' collisions: 0.18282790590722228
new generation:  1465
Fittest                      40.93911481668166
highest fitness' coverage:   42.76739387575388
highest fitness' collisions: 0.18282790590722212
new generation:  1466
Fittest                      40.94219542951876
highest fitness' coverage:   42.770474488590985
highest fitness' collisions: 0.1828279059072222
new generation:  1467
Fittest                      40.942595637535895
highest fitness' coverage:   42.77087469660812
highest fitness' collisions: 0.182827905907222
new generation:  1468
Fittest                      40.94559424041811
highest fitness' coverage:   42.77387329949033
highest fitness' collisions: 0.18282790590722256
new generation:  1469
Fittest                      40.91526697660464
highest fitness' coverage:   42.743546035676864
highest fitness' collisions: 0.18282790590722228
new generation:  1470
Fittest                      40.922492041445594
highest fitness' coverage:   42.73132808374383
highest fitness' collisions: 0.18088360422982402
new generation:  1471
Fittest                      40.955955266735636
highest fitness' coverage:   42.7638013743378
highest fitness' collisions: 0.18078461076021657
new generation:  1472
Fittest                      40.94853005581985
highest fitness' coverage:   42.75637616342202
highest fitness' collisions: 0.1807846107602167
new generation:  1473
Fittest                      40.938509052587314
highest fitness' coverage:   42.74764340974117
highest fitness' collisions: 0.180913435715386
new generation:  1474
Fittest                      40.95451184686663
highest fitness' coverage:   42.75345745973276
highest fitness' collisions: 0.17989456128661274
new generation:  1475
Fittest                      40.95384891246263
highest fitness' coverage:   42.75279452532877
highest fitness' collisions: 0.17989456128661313
new generation:  1476
Fittest                      40.977629370408586
highest fitness' coverage:   42.73466248740111
highest fitness' collisions: 0.17570331169925232
new generation:  1477
Fittest                      40.99623361419803
highest fitness' coverage:   42.75326673119056
highest fitness' collisions: 0.17570331169925255
new generation:  1478
Fittest                      41.00285917358589
highest fitness' coverage:   42.759892290578414
highest fitness' collisions: 0.1757033116992524
new generation:  1479
Fittest                      40.99910665937899
highest fitness' coverage:   42.7535381082678
highest fitness' collisions: 0.17544314488888063
new generation:  1480
Fittest                      41.013969128482785
highest fitness' coverage:   42.76840057737159
highest fitness' collisions: 0.17544314488888052
new generation:  1481
Fittest                      40.98911596570049
highest fitness' coverage:   42.7435474145893
highest fitness' collisions: 0.17544314488888077
new generation:  1482
Fittest                      40.9923694610979
highest fitness' coverage:   42.74680090998671
highest fitness' collisions: 0.1754431448888808
new generation:  1483
Fittest                      41.00801985270418
highest fitness' coverage:   42.76245130159299
highest fitness' collisions: 0.17544314488888074
new generation:  1484
Fittest                      41.005536731136516
highest fitness' coverage:   42.759968180025325
highest fitness' collisions: 0.17544314488888058
new generation:  1485
Fittest                      40.99846852005472
highest fitness' coverage:   42.737868549282624
highest fitness' collisions: 0.1739400029227905
new generation:  1486
Fittest                      41.011761472611184
highest fitness' coverage:   42.75116150183909
highest fitness' collisions: 0.1739400029227906
new generation:  1487
Fittest                      41.02739888164907
highest fitness' coverage:   42.76679891087697
highest fitness' collisions: 0.1739400029227905
new generation:  1488
Fittest                      41.00811148625939
highest fitness' coverage:   42.74751151548729
highest fitness' collisions: 0.17394000292279047
new generation:  1489
Fittest                      41.00473626053224
highest fitness' coverage:   42.74472653160548
highest fitness' collisions: 0.17399902710732396
new generation:  1490
Fittest                      41.01097467322898
highest fitness' coverage:   42.75096494430222
highest fitness' collisions: 0.173999027107324
new generation:  1491
Fittest                      41.009953615274405
highest fitness' coverage:   42.749943886347644
highest fitness' collisions: 0.173999027107324
new generation:  1492
Fittest                      41.02635275537696
highest fitness' coverage:   42.7663430264502
highest fitness' collisions: 0.17399902710732404
new generation:  1493
Fittest                      41.0410386297608
highest fitness' coverage:   42.78102890083404
highest fitness' collisions: 0.17399902710732382
new generation:  1494
Fittest                      41.01633463621453
highest fitness' coverage:   42.75632490728777
highest fitness' collisions: 0.17399902710732404
new generation:  1495
Fittest                      41.01716331951192
highest fitness' coverage:   42.75956964031528
highest fitness' collisions: 0.17424063208033538
new generation:  1496
Fittest                      41.02086601611303
highest fitness' coverage:   42.76327233691639
highest fitness' collisions: 0.1742406320803352
new generation:  1497
Fittest                      41.01482739307954
highest fitness' coverage:   42.7572337138829
highest fitness' collisions: 0.17424063208033513
new generation:  1498
Fittest                      41.02294108893102
highest fitness' coverage:   42.765347409734375
highest fitness' collisions: 0.1742406320803351
new generation:  1499
Fittest                      41.02672013896639
highest fitness' coverage:   42.769126459769744
highest fitness' collisions: 0.17424063208033527
new generation:  1500
Fittest                      40.99773789397872
highest fitness' coverage:   42.76882221134329
highest fitness' collisions: 0.17710843173645685
new generation:  1501
Fittest                      40.98325392296327
highest fitness' coverage:   42.75433824032785
highest fitness' collisions: 0.17710843173645727
new generation:  1502
Fittest                      40.99504610460392
highest fitness' coverage:   42.76613042196849
highest fitness' collisions: 0.17710843173645718
new generation:  1503
Fittest                      40.98237576715642
highest fitness' coverage:   42.75346008452099
highest fitness' collisions: 0.17710843173645718
new generation:  1504
Fittest                      40.98895306434552
highest fitness' coverage:   42.76003738171009
highest fitness' collisions: 0.17710843173645702
new generation:  1505
Fittest                      41.0348421563012
highest fitness' coverage:   42.97532423685378
highest fitness' collisions: 0.1940482080552576
new generation:  1506
Fittest                      41.03313372980414
highest fitness' coverage:   42.97361581035671
highest fitness' collisions: 0.1940482080552573
new generation:  1507
Fittest                      41.03875001271193
highest fitness' coverage:   42.97923209326451
highest fitness' collisions: 0.19404820805525738
new generation:  1508
Fittest                      41.01605924006201
highest fitness' coverage:   42.95654132061458
highest fitness' collisions: 0.19404820805525727
new generation:  1509
Fittest                      41.013270355434095
highest fitness' coverage:   42.945018827721825
highest fitness' collisions: 0.19317484722877318
new generation:  1510
Fittest                      41.02269007094035
highest fitness' coverage:   42.9415853880862
highest fitness' collisions: 0.19188953171458537
new generation:  1511
Fittest                      41.05310718276595
highest fitness' coverage:   42.9720024999118
highest fitness' collisions: 0.19188953171458534
new generation:  1512
Fittest                      41.03836932269121
highest fitness' coverage:   42.957264639837064
highest fitness' collisions: 0.19188953171458525
new generation:  1513
Fittest                      41.03159250706132
highest fitness' coverage:   42.95048782420717
highest fitness' collisions: 0.19188953171458525
new generation:  1514
Fittest                      41.06605345738196
highest fitness' coverage:   42.984948774527815
highest fitness' collisions: 0.1918895317145854
new generation:  1515
Fittest                      41.04310639618533
highest fitness' coverage:   42.95045754720654
highest fitness' collisions: 0.19073511510212118
new generation:  1516
Fittest                      41.06032991010673
highest fitness' coverage:   42.970135770043626
highest fitness' collisions: 0.1909805859936897
new generation:  1517
Fittest                      41.041381012371886
highest fitness' coverage:   42.95118687230878
highest fitness' collisions: 0.1909805859936898
new generation:  1518
Fittest                      41.053169445695566
highest fitness' coverage:   42.96280548126722
highest fitness' collisions: 0.1909636035571652
new generation:  1519
Fittest                      41.045195302728345
highest fitness' coverage:   42.954831338299996
highest fitness' collisions: 0.1909636035571652
new generation:  1520
Fittest                      41.041972704576935
highest fitness' coverage:   42.951608740148586
highest fitness' collisions: 0.19096360355716518
new generation:  1521
Fittest                      41.09138054563598
highest fitness' coverage:   42.98541845018824
highest fitness' collisions: 0.18940379045522665
new generation:  1522
Fittest                      41.0763917828252
highest fitness' coverage:   42.97042968737746
highest fitness' collisions: 0.18940379045522657
new generation:  1523
Fittest                      41.07239401136537
highest fitness' coverage:   42.96643191591764
highest fitness' collisions: 0.18940379045522682
new generation:  1524
Fittest                      41.049974391247005
highest fitness' coverage:   42.944367109188505
highest fitness' collisions: 0.18943927179415015
new generation:  1525
Fittest                      41.07981124309761
highest fitness' coverage:   42.97308313215767
highest fitness' collisions: 0.18932718890600597
new generation:  1526
Fittest                      41.07730823971558
highest fitness' coverage:   42.97058012877564
highest fitness' collisions: 0.18932718890600583
new generation:  1527
Fittest                      41.08216333530484
highest fitness' coverage:   42.9754352243649
highest fitness' collisions: 0.18932718890600592
new generation:  1528
Fittest                      41.06732812120478
highest fitness' coverage:   42.96060001026484
highest fitness' collisions: 0.18932718890600575
new generation:  1529
Fittest                      41.051000133243974
highest fitness' coverage:   42.944272022304034
highest fitness' collisions: 0.18932718890600592
new generation:  1530
Fittest                      41.076691657539094
highest fitness' coverage:   42.96761931778383
highest fitness' collisions: 0.18909276602447375
new generation:  1531
Fittest                      41.0575607863166
highest fitness' coverage:   42.94848844656134
highest fitness' collisions: 0.18909276602447392
new generation:  1532
Fittest                      41.078302573147724
highest fitness' coverage:   42.96923023339246
highest fitness' collisions: 0.18909276602447375
new generation:  1533
Fittest                      41.06551768844649
highest fitness' coverage:   42.93814195435915
highest fitness' collisions: 0.18726242659126624
new generation:  1534
Fittest                      41.098826146710365
highest fitness' coverage:   42.97031027575326
highest fitness' collisions: 0.18714841290428966
new generation:  1535
Fittest                      41.101428020163176
highest fitness' coverage:   42.97509096189935
highest fitness' collisions: 0.1873662941736172
new generation:  1536
Fittest                      41.10192506100543
highest fitness' coverage:   42.97558800274161
highest fitness' collisions: 0.18736629417361747
new generation:  1537
Fittest                      41.071303742076886
highest fitness' coverage:   42.94496668381306
highest fitness' collisions: 0.1873662941736173
new generation:  1538
Fittest                      41.08639422383941
highest fitness' coverage:   42.960057165575584
highest fitness' collisions: 0.18736629417361741
new generation:  1539
Fittest                      41.07170947331692
highest fitness' coverage:   42.94537241505309
highest fitness' collisions: 0.18736629417361733
new generation:  1540
Fittest                      41.07374983113922
highest fitness' coverage:   42.94741277287539
highest fitness' collisions: 0.18736629417361741
new generation:  1541
Fittest                      41.11263825873081
highest fitness' coverage:   42.98630120046698
highest fitness' collisions: 0.18736629417361728
new generation:  1542
Fittest                      41.09277087044916
highest fitness' coverage:   42.966433812185336
highest fitness' collisions: 0.18736629417361753
new generation:  1543
Fittest                      41.09046449530938
highest fitness' coverage:   42.96412743704555
highest fitness' collisions: 0.1873662941736174
new generation:  1544
Fittest                      41.09255502158855
highest fitness' coverage:   42.96621796332472
highest fitness' collisions: 0.18736629417361725
new generation:  1545
Fittest                      41.08441853880309
highest fitness' coverage:   42.95808148053926
highest fitness' collisions: 0.18736629417361725
new generation:  1546
Fittest                      41.08691546180943
highest fitness' coverage:   42.960578403545604
highest fitness' collisions: 0.18736629417361728
new generation:  1547
Fittest                      41.08966300332523
highest fitness' coverage:   42.963325945061406
highest fitness' collisions: 0.18736629417361753
new generation:  1548
Fittest                      41.08424873495158
highest fitness' coverage:   42.95791167668775
highest fitness' collisions: 0.18736629417361733
new generation:  1549
Fittest                      41.10943007086756
highest fitness' coverage:   42.98309301260373
highest fitness' collisions: 0.18736629417361733
new generation:  1550
Fittest                      41.07396118666933
highest fitness' coverage:   42.9476241284055
highest fitness' collisions: 0.1873662941736173
new generation:  1551
Fittest                      41.0886405818453
highest fitness' coverage:   42.963989756353186
highest fitness' collisions: 0.187534917450789
new generation:  1552
Fittest                      41.09125477275028
highest fitness' coverage:   42.96660394725817
highest fitness' collisions: 0.18753491745078918
new generation:  1553
Fittest                      41.09171988684773
highest fitness' coverage:   42.967069061355616
highest fitness' collisions: 0.1875349174507892
new generation:  1554
Fittest                      41.08948351718955
highest fitness' coverage:   42.941288356431734
highest fitness' collisions: 0.18518048392421838
new generation:  1555
Fittest                      41.10862803274226
highest fitness' coverage:   42.960432871984445
highest fitness' collisions: 0.18518048392421813
new generation:  1556
Fittest                      41.1113193851162
highest fitness' coverage:   42.96312422435838
highest fitness' collisions: 0.18518048392421832
new generation:  1557
Fittest                      41.087116512473955
highest fitness' coverage:   42.93892135171614
highest fitness' collisions: 0.1851804839242181
new generation:  1558
Fittest                      41.090342030717025
highest fitness' coverage:   42.94214686995921
highest fitness' collisions: 0.1851804839242183
new generation:  1559
Fittest                      41.11827927474159
highest fitness' coverage:   42.97008411398377
highest fitness' collisions: 0.18518048392421846
new generation:  1560
Fittest                      41.09916223716596
highest fitness' coverage:   42.95096707640815
highest fitness' collisions: 0.18518048392421818
new generation:  1561
Fittest                      41.10830593425544
highest fitness' coverage:   42.95982237034731
highest fitness' collisions: 0.1851516436091869
new generation:  1562
Fittest                      41.11155341598706
highest fitness' coverage:   42.96306985207893
highest fitness' collisions: 0.18515164360918687
new generation:  1563
Fittest                      41.1083431790352
highest fitness' coverage:   42.95985961512707
highest fitness' collisions: 0.1851516436091871
new generation:  1564
Fittest                      41.10214509188289
highest fitness' coverage:   42.95366152797476
highest fitness' collisions: 0.18515164360918707
new generation:  1565
Fittest                      41.124028758464725
highest fitness' coverage:   42.976590709592955
highest fitness' collisions: 0.1852561951128232
new generation:  1566
Fittest                      41.127620310970364
highest fitness' coverage:   43.01293141380665
highest fitness' collisions: 0.1885311102836285
new generation:  1567
Fittest                      41.17004246169147
highest fitness' coverage:   43.055353564527756
highest fitness' collisions: 0.18853111028362854
new generation:  1568
Fittest                      41.1335660260802
highest fitness' coverage:   43.018877128916486
highest fitness' collisions: 0.1885311102836285
new generation:  1569
Fittest                      41.145771404939886
highest fitness' coverage:   43.03108250777617
highest fitness' collisions: 0.18853111028362846
new generation:  1570
Fittest                      41.16130034241114
highest fitness' coverage:   43.04661144524742
highest fitness' collisions: 0.18853111028362865
new generation:  1571
Fittest                      41.12981559347762
highest fitness' coverage:   43.015126696313914
highest fitness' collisions: 0.18853111028362882
new generation:  1572
Fittest                      41.14008915599036
highest fitness' coverage:   43.048944594092355
highest fitness' collisions: 0.1908855438101996
new generation:  1573
Fittest                      41.140856757473685
highest fitness' coverage:   43.04971219557568
highest fitness' collisions: 0.19088554381019937
new generation:  1574
Fittest                      41.13705394479968
highest fitness' coverage:   43.04590938290168
highest fitness' collisions: 0.1908855438101995
new generation:  1575
Fittest                      41.11260798846965
highest fitness' coverage:   43.02146342657164
highest fitness' collisions: 0.19088554381019918
new generation:  1576
Fittest                      41.112947609770025
highest fitness' coverage:   43.02180304787202
highest fitness' collisions: 0.19088554381019934
new generation:  1577
Fittest                      41.10951071409199
highest fitness' coverage:   43.018366152193984
highest fitness' collisions: 0.19088554381019937
new generation:  1578
Fittest                      41.12416106876983
highest fitness' coverage:   43.03350628569119
highest fitness' collisions: 0.1909345216921362
new generation:  1579
Fittest                      41.11550426162421
highest fitness' coverage:   43.024849478545576
highest fitness' collisions: 0.1909345216921364
new generation:  1580
Fittest                      41.13387200052662
highest fitness' coverage:   43.04321721744798
highest fitness' collisions: 0.19093452169213623
new generation:  1581
Fittest                      41.14607244918384
highest fitness' coverage:   43.055251707414456
highest fitness' collisions: 0.19091792582306183
new generation:  1582
Fittest                      41.122337722986025
highest fitness' coverage:   43.03060892106127
highest fitness' collisions: 0.19082711980752487
new generation:  1583
Fittest                      41.12922266788832
highest fitness' coverage:   43.03749386596357
highest fitness' collisions: 0.19082711980752465
new generation:  1584
Fittest                      41.13185111089613
highest fitness' coverage:   43.04012230897138
highest fitness' collisions: 0.19082711980752454
new generation:  1585
Fittest                      41.11007648992236
highest fitness' coverage:   43.01834768799761
highest fitness' collisions: 0.1908271198075245
new generation:  1586
Fittest                      41.12163907619944
highest fitness' coverage:   43.02991027427469
highest fitness' collisions: 0.19082711980752445
new generation:  1587
Fittest                      41.129464047421784
highest fitness' coverage:   43.03773524549703
highest fitness' collisions: 0.19082711980752462
new generation:  1588
Fittest                      41.11932087476278
highest fitness' coverage:   43.027592072838026
highest fitness' collisions: 0.19082711980752468
new generation:  1589
Fittest                      41.13564167810105
highest fitness' coverage:   43.0439128761763
highest fitness' collisions: 0.19082711980752456
new generation:  1590
Fittest                      41.122347039719756
highest fitness' coverage:   43.05584160381064
highest fitness' collisions: 0.19334945640908843
new generation:  1591
Fittest                      41.0947055901627
highest fitness' coverage:   43.02820015425358
highest fitness' collisions: 0.19334945640908846
new generation:  1592
Fittest                      41.128038295826876
highest fitness' coverage:   43.06153285991776
highest fitness' collisions: 0.19334945640908863
new generation:  1593
Fittest                      41.10087172183956
highest fitness' coverage:   43.034366285930446
highest fitness' collisions: 0.19334945640908838
new generation:  1594
Fittest                      41.08685615528851
highest fitness' coverage:   42.93285456472909
highest fitness' collisions: 0.1845998409440585
new generation:  1595
Fittest                      41.111668433080304
highest fitness' coverage:   42.95766684252089
highest fitness' collisions: 0.1845998409440584
new generation:  1596
Fittest                      41.10232885759017
highest fitness' coverage:   42.948327267030756
highest fitness' collisions: 0.1845998409440585
new generation:  1597
Fittest                      41.09357111495794
highest fitness' coverage:   42.93956952439852
highest fitness' collisions: 0.1845998409440584
new generation:  1598
Fittest                      41.090771661758964
highest fitness' coverage:   42.93677007119955
highest fitness' collisions: 0.18459984094405854
new generation:  1599
Fittest                      41.099369325602574
highest fitness' coverage:   42.945367735043156
highest fitness' collisions: 0.18459984094405849
new generation:  1600
Fittest                      41.10353011352796
highest fitness' coverage:   42.94952852296854
highest fitness' collisions: 0.18459984094405843
new generation:  1601
Fittest                      41.103738459431064
highest fitness' coverage:   42.949736868871646
highest fitness' collisions: 0.1845998409440582
new generation:  1602
Fittest                      41.106311658717466
highest fitness' coverage:   42.95231006815805
highest fitness' collisions: 0.18459984094405843
new generation:  1603
Fittest                      41.104381322341126
highest fitness' coverage:   42.94836894197631
highest fitness' collisions: 0.18439876196351887
new generation:  1604
Fittest                      41.11178180834523
highest fitness' coverage:   42.955769427980414
highest fitness' collisions: 0.18439876196351876
new generation:  1605
Fittest                      41.11824717877774
highest fitness' coverage:   42.96223479841293
highest fitness' collisions: 0.18439876196351868
new generation:  1606
Fittest                      41.083898290352295
highest fitness' coverage:   42.92788590998749
highest fitness' collisions: 0.18439876196351906
new generation:  1607
Fittest                      41.14068775993584
highest fitness' coverage:   42.96113104430532
highest fitness' collisions: 0.18204432843694812
new generation:  1608
Fittest                      41.14682755148728
highest fitness' coverage:   42.96727083585676
highest fitness' collisions: 0.18204432843694804
new generation:  1609
Fittest                      41.11984667372457
highest fitness' coverage:   42.93287685568104
highest fitness' collisions: 0.1813030181956471
new generation:  1610
Fittest                      41.127543518877296
highest fitness' coverage:   42.973641917206194
highest fitness' collisions: 0.18460983983289003
new generation:  1611
Fittest                      41.09404629890874
highest fitness' coverage:   42.940144697237635
highest fitness' collisions: 0.18460983983289014
new generation:  1612
Fittest                      41.10897997768037
highest fitness' coverage:   42.95507837600927
highest fitness' collisions: 0.18460983983289006
new generation:  1613
Fittest                      41.10339675599317
highest fitness' coverage:   42.949495154322065
highest fitness' collisions: 0.18460983983288998
new generation:  1614
Fittest                      41.099730553412655
highest fitness' coverage:   42.945828951741554
highest fitness' collisions: 0.18460983983289003
new generation:  1615
Fittest                      41.105684426497035
highest fitness' coverage:   42.95178282482593
highest fitness' collisions: 0.18460983983288995
new generation:  1616
Fittest                      41.128992303787975
highest fitness' coverage:   42.91467511359183
highest fitness' collisions: 0.17856828098038505
new generation:  1617
Fittest                      41.14697000931453
highest fitness' coverage:   42.932652819118374
highest fitness' collisions: 0.17856828098038482
new generation:  1618
Fittest                      41.166931835640554
highest fitness' coverage:   42.94355374750883
highest fitness' collisions: 0.17766219118682772
new generation:  1619
Fittest                      41.16936628389408
highest fitness' coverage:   42.945988195762354
highest fitness' collisions: 0.17766219118682777
new generation:  1620
Fittest                      41.16618991889994
highest fitness' coverage:   42.95194853398761
highest fitness' collisions: 0.17857586150876725
new generation:  1621
Fittest                      41.14235696253533
highest fitness' coverage:   42.928115577623004
highest fitness' collisions: 0.17857586150876711
new generation:  1622
Fittest                      41.13505474349417
highest fitness' coverage:   42.92130313740121
highest fitness' collisions: 0.17862483939070403
new generation:  1623
Fittest                      41.15397648548147
highest fitness' coverage:   42.940224879388516
highest fitness' collisions: 0.1786248393907042
new generation:  1624
Fittest                      41.162521485782996
highest fitness' coverage:   42.94876987969004
highest fitness' collisions: 0.1786248393907042
new generation:  1625
Fittest                      41.14091239318691
highest fitness' coverage:   42.92716078709395
highest fitness' collisions: 0.1786248393907042
new generation:  1626
Fittest                      41.1451353566445
highest fitness' coverage:   42.933394540356936
highest fitness' collisions: 0.17882591837124368
new generation:  1627
Fittest                      41.118984126833055
highest fitness' coverage:   42.909289755182215
highest fitness' collisions: 0.17903056283491617
new generation:  1628
Fittest                      41.13772322422809
highest fitness' coverage:   42.95836981103417
highest fitness' collisions: 0.1820646586806076
new generation:  1629
Fittest                      41.11236224764652
highest fitness' coverage:   42.9330088344526
highest fitness' collisions: 0.18206465868060762
new generation:  1630
Fittest                      41.12818126196649
highest fitness' coverage:   42.94882784877257
highest fitness' collisions: 0.18206465868060784
new generation:  1631
Fittest                      41.1159464195999
highest fitness' coverage:   42.93659300640598
highest fitness' collisions: 0.1820646586806078
new generation:  1632
Fittest                      41.116956270289435
highest fitness' coverage:   42.93760285709551
highest fitness' collisions: 0.18206465868060756
new generation:  1633
Fittest                      41.11365937716875
highest fitness' coverage:   42.93430596397483
highest fitness' collisions: 0.18206465868060767
new generation:  1634
Fittest                      41.10585865700389
highest fitness' coverage:   42.92650524380997
highest fitness' collisions: 0.18206465868060778
new generation:  1635
Fittest                      41.114040218133376
highest fitness' coverage:   42.934096563094116
highest fitness' collisions: 0.18200563449607424
new generation:  1636
Fittest                      41.11418866664878
highest fitness' coverage:   42.940177806729686
highest fitness' collisions: 0.1825989140080905
new generation:  1637
Fittest                      41.12781629744692
highest fitness' coverage:   42.946392335114815
highest fitness' collisions: 0.18185760376678944
new generation:  1638
Fittest                      41.09380045942253
highest fitness' coverage:   42.91237649709043
highest fitness' collisions: 0.18185760376678944
new generation:  1639
Fittest                      41.12185276686831
highest fitness' coverage:   42.9129350298886
highest fitness' collisions: 0.17910822630202955
new generation:  1640
Fittest                      41.134194198179536
highest fitness' coverage:   42.92527646119983
highest fitness' collisions: 0.1791082263020293
new generation:  1641
Fittest                      41.1429035373837
highest fitness' coverage:   42.933985800403995
highest fitness' collisions: 0.17910822630202938
new generation:  1642
Fittest                      41.12445443898718
highest fitness' coverage:   42.91553670200747
highest fitness' collisions: 0.17910822630202944
new generation:  1643
Fittest                      41.131768354548576
highest fitness' coverage:   42.92285061756887
highest fitness' collisions: 0.17910822630202936
new generation:  1644
Fittest                      41.146666148999095
highest fitness' coverage:   42.93774841201939
highest fitness' collisions: 0.17910822630202936
new generation:  1645
Fittest                      41.133225270582614
highest fitness' coverage:   42.92430753360291
highest fitness' collisions: 0.1791082263020296
new generation:  1646
Fittest                      41.12386382113657
highest fitness' coverage:   42.91494608415686
highest fitness' collisions: 0.1791082263020294
new generation:  1647
Fittest                      41.1334016255141
highest fitness' coverage:   42.92448388853439
highest fitness' collisions: 0.17910822630202924
new generation:  1648
Fittest                      41.13307927321844
highest fitness' coverage:   42.924161536238735
highest fitness' collisions: 0.1791082263020293
new generation:  1649
Fittest                      41.136023138864545
highest fitness' coverage:   42.92505895724811
highest fitness' collisions: 0.17890358183835706
new generation:  1650
Fittest                      41.14733230006245
highest fitness' coverage:   42.93256018655682
highest fitness' collisions: 0.17852278864943666
new generation:  1651
Fittest                      41.154065984662715
highest fitness' coverage:   42.93929387115708
highest fitness' collisions: 0.17852278864943677
new generation:  1652
Fittest                      41.180538210536305
highest fitness' coverage:   42.971385437497716
highest fitness' collisions: 0.17908472269614129
new generation:  1653
Fittest                      41.14334655490729
highest fitness' coverage:   42.9341937818687
highest fitness' collisions: 0.17908472269614129
new generation:  1654
Fittest                      41.14248449038472
highest fitness' coverage:   42.93333171734613
highest fitness' collisions: 0.1790847226961414
new generation:  1655
Fittest                      41.132825101222416
highest fitness' coverage:   42.92367232818383
highest fitness' collisions: 0.1790847226961414
new generation:  1656
Fittest                      41.16414081837509
highest fitness' coverage:   42.9549880453365
highest fitness' collisions: 0.17908472269614126
new generation:  1657
Fittest                      41.15550193391373
highest fitness' coverage:   42.946349160875144
highest fitness' collisions: 0.17908472269614134
new generation:  1658
Fittest                      41.14512304500027
highest fitness' coverage:   42.93597027196168
highest fitness' collisions: 0.17908472269614134
new generation:  1659
Fittest                      41.1701441445666
highest fitness' coverage:   42.96099137152801
highest fitness' collisions: 0.17908472269614126
new generation:  1660
Fittest                      41.13439539612588
highest fitness' coverage:   42.92524262308729
highest fitness' collisions: 0.17908472269614129
new generation:  1661
Fittest                      41.161880469644515
highest fitness' coverage:   42.952727696605926
highest fitness' collisions: 0.1790847226961413
new generation:  1662
Fittest                      41.140413172402624
highest fitness' coverage:   42.931260399364035
highest fitness' collisions: 0.17908472269614112
new generation:  1663
Fittest                      41.14890233894643
highest fitness' coverage:   42.93974956590784
highest fitness' collisions: 0.17908472269614123
new generation:  1664
Fittest                      41.18041803752624
highest fitness' coverage:   42.97126526448765
highest fitness' collisions: 0.1790847226961414
new generation:  1665
Fittest                      41.15529239128539
highest fitness' coverage:   42.946139618246804
highest fitness' collisions: 0.1790847226961413
new generation:  1666
Fittest                      41.16157163756665
highest fitness' coverage:   42.95241886452806
highest fitness' collisions: 0.17908472269614142
new generation:  1667
Fittest                      41.16155826749957
highest fitness' coverage:   42.95240549446098
highest fitness' collisions: 0.17908472269614126
new generation:  1668
Fittest                      41.15057993387518
highest fitness' coverage:   42.95182668295056
highest fitness' collisions: 0.18012467490753786
new generation:  1669
Fittest                      41.13568848654308
highest fitness' coverage:   42.93693523561846
highest fitness' collisions: 0.18012467490753797
new generation:  1670
Fittest                      41.1566131652247
highest fitness' coverage:   42.95785991430008
highest fitness' collisions: 0.18012467490753792
new generation:  1671
Fittest                      41.1349994864957
highest fitness' coverage:   42.93624623557108
highest fitness' collisions: 0.18012467490753803
new generation:  1672
Fittest                      41.1633624461991
highest fitness' coverage:   42.939268946492334
highest fitness' collisions: 0.17759065002932342
new generation:  1673
Fittest                      41.16405252631681
highest fitness' coverage:   42.93995902661004
highest fitness' collisions: 0.1775906500293235
new generation:  1674
Fittest                      41.16929241694564
highest fitness' coverage:   42.95485942602877
highest fitness' collisions: 0.1785567009083134
new generation:  1675
Fittest                      41.1782983644983
highest fitness' coverage:   42.963865373581434
highest fitness' collisions: 0.1785567009083133
new generation:  1676
Fittest                      41.172848863940565
highest fitness' coverage:   42.9584158730237
highest fitness' collisions: 0.17855670090831327
new generation:  1677
Fittest                      41.14151427194395
highest fitness' coverage:   42.92708128102708
highest fitness' collisions: 0.17855670090831316
new generation:  1678
Fittest                      41.168309472451725
highest fitness' coverage:   42.95943589239781
highest fitness' collisions: 0.179112641994609
new generation:  1679
Fittest                      41.15791062757934
highest fitness' coverage:   42.94903704752543
highest fitness' collisions: 0.17911264199460886
new generation:  1680
Fittest                      41.14516056014445
highest fitness' coverage:   42.936286980090536
highest fitness' collisions: 0.1791126419946089
new generation:  1681
Fittest                      41.183009518748435
highest fitness' coverage:   42.97413593869452
highest fitness' collisions: 0.17911264199460888
new generation:  1682
Fittest                      41.130964028877656
highest fitness' coverage:   42.931639649936926
highest fitness' collisions: 0.18006756210592717
new generation:  1683
Fittest                      41.15561141992163
highest fitness' coverage:   42.9562870409809
highest fitness' collisions: 0.18006756210592728
new generation:  1684
Fittest                      41.12882070641273
highest fitness' coverage:   42.93146378045576
highest fitness' collisions: 0.18026430740430258
new generation:  1685
Fittest                      41.116373653494634
highest fitness' coverage:   42.94106357935612
highest fitness' collisions: 0.1824689925861485
new generation:  1686
Fittest                      41.14639736342442
highest fitness' coverage:   42.971087289285904
highest fitness' collisions: 0.18246899258614876
new generation:  1687
Fittest                      41.0974026401767
highest fitness' coverage:   42.92209256603819
highest fitness' collisions: 0.1824689925861488
new generation:  1688
Fittest                      41.12529675353589
highest fitness' coverage:   42.949986679397384
highest fitness' collisions: 0.1824689925861489
new generation:  1689
Fittest                      41.11225300713687
highest fitness' coverage:   42.936942932998356
highest fitness' collisions: 0.18246899258614865
new generation:  1690
Fittest                      41.11885009034298
highest fitness' coverage:   42.942991820949395
highest fitness' collisions: 0.1824141730606413
new generation:  1691
Fittest                      41.12080432282077
highest fitness' coverage:   42.955928733187434
highest fitness' collisions: 0.1835124410366666
new generation:  1692
Fittest                      41.09183780719023
highest fitness' coverage:   42.9269622175569
highest fitness' collisions: 0.18351244103666692
new generation:  1693
Fittest                      41.095567598248344
highest fitness' coverage:   42.93069200861501
highest fitness' collisions: 0.18351244103666683
new generation:  1694
Fittest                      41.10907346098411
highest fitness' coverage:   42.93726942495645
highest fitness' collisions: 0.1828195963972333
new generation:  1695
Fittest                      41.09306773663664
highest fitness' coverage:   42.921263700608975
highest fitness' collisions: 0.18281959639723336
new generation:  1696
Fittest                      41.10233673927431
highest fitness' coverage:   42.93053270324664
highest fitness' collisions: 0.18281959639723327
new generation:  1697
Fittest                      41.11290364123858
highest fitness' coverage:   42.941099605210916
highest fitness' collisions: 0.1828195963972331
new generation:  1698
Fittest                      41.108698223253434
highest fitness' coverage:   42.93689418722577
highest fitness' collisions: 0.18281959639723327
new generation:  1699
Fittest                      41.1278722275735
highest fitness' coverage:   42.95606819154583
highest fitness' collisions: 0.18281959639723333
new generation:  1700
Fittest                      41.1117232037193
highest fitness' coverage:   42.939919167691635
highest fitness' collisions: 0.18281959639723322
new generation:  1701
Fittest                      41.14142348861503
highest fitness' coverage:   42.94443333750885
highest fitness' collisions: 0.18030098488938148
new generation:  1702
Fittest                      41.14938404130035
highest fitness' coverage:   42.952393890194166
highest fitness' collisions: 0.18030098488938148
new generation:  1703
Fittest                      41.143805883300175
highest fitness' coverage:   42.94681573219399
highest fitness' collisions: 0.18030098488938148
new generation:  1704
Fittest                      41.13139313473237
highest fitness' coverage:   42.934402983626185
highest fitness' collisions: 0.18030098488938157
new generation:  1705
Fittest                      41.14820266603918
highest fitness' coverage:   42.94598240422184
highest fitness' collisions: 0.17977797381826532
new generation:  1706
Fittest                      41.17576031105784
highest fitness' coverage:   42.9735400492405
highest fitness' collisions: 0.17977797381826524
new generation:  1707
Fittest                      41.136752922320746
highest fitness' coverage:   42.9345326605034
highest fitness' collisions: 0.17977797381826527
new generation:  1708
Fittest                      41.155156136734774
highest fitness' coverage:   42.95293587491743
highest fitness' collisions: 0.17977797381826516
new generation:  1709
Fittest                      41.1418448750269
highest fitness' coverage:   42.92549923776332
highest fitness' collisions: 0.17836543627364237
new generation:  1710
Fittest                      41.16305987366855
highest fitness' coverage:   42.944118074039885
highest fitness' collisions: 0.1781058200371332
new generation:  1711
Fittest                      41.15834624904341
highest fitness' coverage:   42.94023411152055
highest fitness' collisions: 0.17818878624771395
new generation:  1712
Fittest                      41.14330004213736
highest fitness' coverage:   42.925187904614496
highest fitness' collisions: 0.1781887862477137
new generation:  1713
Fittest                      41.15710707147136
highest fitness' coverage:   42.93980731723926
highest fitness' collisions: 0.17827002457679006
new generation:  1714
Fittest                      41.18203437083788
highest fitness' coverage:   42.96473461660578
highest fitness' collisions: 0.17827002457678998
new generation:  1715
Fittest                      41.16044838281124
highest fitness' coverage:   42.94314862857914
highest fitness' collisions: 0.1782700245767901
new generation:  1716
Fittest                      41.151359983647026
highest fitness' coverage:   42.934060229414925
highest fitness' collisions: 0.17827002457679
new generation:  1717
Fittest                      41.145588457006056
highest fitness' coverage:   42.928288702773955
highest fitness' collisions: 0.17827002457679006
new generation:  1718
Fittest                      41.1575951982881
highest fitness' coverage:   42.940295444056
highest fitness' collisions: 0.17827002457678995
new generation:  1719
Fittest                      41.17670741699385
highest fitness' coverage:   42.95940766276175
highest fitness' collisions: 0.17827002457679011
new generation:  1720
Fittest                      41.1573759017059
highest fitness' coverage:   42.940076147473796
highest fitness' collisions: 0.17827002457679
new generation:  1721
Fittest                      41.16277039494526
highest fitness' coverage:   42.92736024948188
highest fitness' collisions: 0.17645898545366176
new generation:  1722
Fittest                      41.17736226728334
highest fitness' coverage:   42.941081158230006
highest fitness' collisions: 0.17637188909466622
new generation:  1723
Fittest                      41.17960934417064
highest fitness' coverage:   42.943328235117306
highest fitness' collisions: 0.17637188909466614
new generation:  1724
Fittest                      41.19889314105041
highest fitness' coverage:   42.962612031997075
highest fitness' collisions: 0.17637188909466606
new generation:  1725
Fittest                      41.18301799399565
highest fitness' coverage:   42.952653215970045
highest fitness' collisions: 0.17696352219743938
new generation:  1726
Fittest                      41.180011220711
highest fitness' coverage:   42.9496464426854
highest fitness' collisions: 0.17696352219743938
new generation:  1727
Fittest                      41.171028259775944
highest fitness' coverage:   42.94066348175034
highest fitness' collisions: 0.17696352219743938
new generation:  1728
Fittest                      41.17939299348903
highest fitness' coverage:   42.94902821546342
highest fitness' collisions: 0.17696352219743922
new generation:  1729
Fittest                      41.16097730470864
highest fitness' coverage:   42.93061252668303
highest fitness' collisions: 0.17696352219743908
new generation:  1730
Fittest                      41.15595665354291
highest fitness' coverage:   42.9000057169332
highest fitness' collisions: 0.17440490633902922
new generation:  1731
Fittest                      41.190017591754206
highest fitness' coverage:   42.9340666551445
highest fitness' collisions: 0.17440490633902936
new generation:  1732
Fittest                      41.202551190354235
highest fitness' coverage:   42.94660025374453
highest fitness' collisions: 0.17440490633902908
new generation:  1733
Fittest                      41.205448120858186
highest fitness' coverage:   42.94949718424848
highest fitness' collisions: 0.17440490633902905
new generation:  1734
Fittest                      41.183136461688065
highest fitness' coverage:   42.92718552507836
highest fitness' collisions: 0.17440490633902933
new generation:  1735
Fittest                      41.20630268516053
highest fitness' coverage:   42.95035174855082
highest fitness' collisions: 0.17440490633902914
new generation:  1736
Fittest                      41.220523185139236
highest fitness' coverage:   42.96457224852953
highest fitness' collisions: 0.1744049063390291
new generation:  1737
Fittest                      41.20303602149951
highest fitness' coverage:   42.9470850848898
highest fitness' collisions: 0.1744049063390291
new generation:  1738
Fittest                      41.19585099090136
highest fitness' coverage:   42.939900054291655
highest fitness' collisions: 0.17440490633902941
new generation:  1739
Fittest                      41.192860602324984
highest fitness' coverage:   42.93690966571528
highest fitness' collisions: 0.17440490633902905
new generation:  1740
Fittest                      41.19642937897823
highest fitness' coverage:   42.94047844236852
highest fitness' collisions: 0.174404906339029
new generation:  1741
Fittest                      41.183514352166675
highest fitness' coverage:   42.92756341555697
highest fitness' collisions: 0.17440490633902908
new generation:  1742
Fittest                      41.205709651028364
highest fitness' coverage:   42.94975871441866
highest fitness' collisions: 0.17440490633902928
new generation:  1743
Fittest                      41.18671415579383
highest fitness' coverage:   42.93076321918412
highest fitness' collisions: 0.17440490633902916
new generation:  1744
Fittest                      41.222715099581016
highest fitness' coverage:   42.95255618034834
highest fitness' collisions: 0.1729841080767324
new generation:  1745
Fittest                      41.19823275041347
highest fitness' coverage:   42.92807383118079
highest fitness' collisions: 0.1729841080767323
new generation:  1746
Fittest                      41.21986799125577
highest fitness' coverage:   42.94970907202309
highest fitness' collisions: 0.17298410807673228
new generation:  1747
Fittest                      41.21333037813646
highest fitness' coverage:   42.943171458903784
highest fitness' collisions: 0.17298410807673223
new generation:  1748
Fittest                      41.23531874075703
highest fitness' coverage:   42.933132808477964
highest fitness' collisions: 0.1697814067720934
new generation:  1749
Fittest                      41.24209430233195
highest fitness' coverage:   42.93755078406369
highest fitness' collisions: 0.16954564817317383
new generation:  1750
Fittest                      41.23914121617369
highest fitness' coverage:   42.93459769790543
highest fitness' collisions: 0.16954564817317375
new generation:  1751
Fittest                      41.23943448028207
highest fitness' coverage:   42.93489096201381
highest fitness' collisions: 0.16954564817317389
new generation:  1752
Fittest                      41.233664225106324
highest fitness' coverage:   42.92912070683806
highest fitness' collisions: 0.16954564817317383
new generation:  1753
Fittest                      41.24277965514033
highest fitness' coverage:   42.93823613687207
highest fitness' collisions: 0.1695456481731737
new generation:  1754
Fittest                      41.24522139512436
highest fitness' coverage:   42.9406778768561
highest fitness' collisions: 0.16954564817317389
new generation:  1755
Fittest                      41.235271296542
highest fitness' coverage:   42.937918558287585
highest fitness' collisions: 0.1702647261745579
new generation:  1756
Fittest                      41.22970631908419
highest fitness' coverage:   42.93235358082976
highest fitness' collisions: 0.17026472617455785
new generation:  1757
Fittest                      41.21665781025374
highest fitness' coverage:   42.91930507199932
highest fitness' collisions: 0.1702647261745577
new generation:  1758
Fittest                      41.21119268094518
highest fitness' coverage:   42.91383994269076
highest fitness' collisions: 0.1702647261745578
new generation:  1759
Fittest                      41.22274876931471
highest fitness' coverage:   42.925396031060295
highest fitness' collisions: 0.170264726174558
new generation:  1760
Fittest                      41.22549270938452
highest fitness' coverage:   42.92813997113009
highest fitness' collisions: 0.1702647261745577
new generation:  1761
Fittest                      41.24099496634603
highest fitness' coverage:   42.94364222809161
highest fitness' collisions: 0.17026472617455798
new generation:  1762
Fittest                      41.235616819641564
highest fitness' coverage:   42.93826408138714
highest fitness' collisions: 0.17026472617455776
new generation:  1763
Fittest                      41.238891993666144
highest fitness' coverage:   42.94153925541172
highest fitness' collisions: 0.17026472617455757
new generation:  1764
Fittest                      41.22373693031463
highest fitness' coverage:   42.934501437523934
highest fitness' collisions: 0.17107645072093047
new generation:  1765
Fittest                      41.206281031173695
highest fitness' coverage:   42.917045538383
highest fitness' collisions: 0.17107645072093042
new generation:  1766
Fittest                      41.2304378899854
highest fitness' coverage:   42.94120239719471
highest fitness' collisions: 0.17107645072093053
new generation:  1767
Fittest                      41.23946485879852
highest fitness' coverage:   42.950229366007825
highest fitness' collisions: 0.1710764507209303
new generation:  1768
Fittest                      41.23709286408869
highest fitness' coverage:   42.94785737129799
highest fitness' collisions: 0.17107645072093036
new generation:  1769
Fittest                      41.21769074778044
highest fitness' coverage:   42.92845525498974
highest fitness' collisions: 0.17107645072093047
new generation:  1770
Fittest                      41.227182526263405
highest fitness' coverage:   42.93794703347271
highest fitness' collisions: 0.17107645072093025
new generation:  1771
Fittest                      41.21510023077694
highest fitness' coverage:   42.925864737986245
highest fitness' collisions: 0.17107645072093028
new generation:  1772
Fittest                      41.21883496827312
highest fitness' coverage:   42.95314381074813
highest fitness' collisions: 0.1734308842475012
new generation:  1773
Fittest                      41.20780524324554
highest fitness' coverage:   42.93778674227101
highest fitness' collisions: 0.17299814990254717
new generation:  1774
Fittest                      41.192376868960146
highest fitness' coverage:   42.922358367985616
highest fitness' collisions: 0.17299814990254736
new generation:  1775
Fittest                      41.19271255197439
highest fitness' coverage:   42.94657128076717
highest fitness' collisions: 0.1753858728792778
new generation:  1776
Fittest                      41.179453099473
highest fitness' coverage:   42.93304909251641
highest fitness' collisions: 0.17535959930434117
new generation:  1777
Fittest                      41.18690385582834
highest fitness' coverage:   42.94049984887175
highest fitness' collisions: 0.1753595993043413
new generation:  1778
Fittest                      41.171421870266954
highest fitness' coverage:   42.90660431315306
highest fitness' collisions: 0.17351824428861037
new generation:  1779
Fittest                      41.19667019329309
highest fitness' coverage:   42.931852636179194
highest fitness' collisions: 0.17351824428861035
new generation:  1780
Fittest                      41.194019017737695
highest fitness' coverage:   42.9292014606238
highest fitness' collisions: 0.1735182442886105
new generation:  1781
Fittest                      41.19931609906196
highest fitness' coverage:   42.93449854194806
highest fitness' collisions: 0.17351824428861023
new generation:  1782
Fittest                      41.19992031061081
highest fitness' coverage:   42.93461297467754
highest fitness' collisions: 0.17346926640667354
new generation:  1783
Fittest                      41.188731203232074
highest fitness' coverage:   42.92342386729881
highest fitness' collisions: 0.1734692664066735
new generation:  1784
Fittest                      41.194117806705556
highest fitness' coverage:   42.9497180543216
highest fitness' collisions: 0.1755600247616043
new generation:  1785
Fittest                      41.16136846618974
highest fitness' coverage:   42.91696871380578
highest fitness' collisions: 0.175560024761604
new generation:  1786
Fittest                      41.188181603326676
highest fitness' coverage:   42.94378185094272
highest fitness' collisions: 0.17556002476160432
new generation:  1787
Fittest                      41.1726079158763
highest fitness' coverage:   42.92820816349234
highest fitness' collisions: 0.17556002476160457
new generation:  1788
Fittest                      41.19143443008476
highest fitness' coverage:   42.947034677700806
highest fitness' collisions: 0.17556002476160423
new generation:  1789
Fittest                      41.16649965317633
highest fitness' coverage:   42.922099900792375
highest fitness' collisions: 0.17556002476160434
new generation:  1790
Fittest                      41.17258030343341
highest fitness' coverage:   42.92818055104946
highest fitness' collisions: 0.17556002476160443
new generation:  1791
Fittest                      41.19467943227546
highest fitness' coverage:   42.95066077203509
highest fitness' collisions: 0.17559813397596374
new generation:  1792
Fittest                      41.24703530886748
highest fitness' coverage:   42.95544365426452
highest fitness' collisions: 0.1708408345397041
new generation:  1793
Fittest                      41.281457388953115
highest fitness' coverage:   42.989865734350154
highest fitness' collisions: 0.17084083453970422
new generation:  1794
Fittest                      41.27001407624279
highest fitness' coverage:   42.97676299209157
highest fitness' collisions: 0.1706748915848785
new generation:  1795
Fittest                      41.283523970281415
highest fitness' coverage:   42.9902728861302
highest fitness' collisions: 0.17067489158487847
new generation:  1796
Fittest                      41.27593712308063
highest fitness' coverage:   42.982686038929415
highest fitness' collisions: 0.17067489158487842
new generation:  1797
Fittest                      41.28878356438929
highest fitness' coverage:   42.995532480238076
highest fitness' collisions: 0.17067489158487853
new generation:  1798
Fittest                      41.292801091538756
highest fitness' coverage:   42.99955000738754
highest fitness' collisions: 0.17067489158487836
new generation:  1799
Fittest                      41.285708937399214
highest fitness' coverage:   42.992457853248
highest fitness' collisions: 0.17067489158487872
new generation:  1800
Fittest                      41.29155317054289
highest fitness' coverage:   42.998302086391675
highest fitness' collisions: 0.17067489158487872
new generation:  1801
Fittest                      41.307891806910575
highest fitness' coverage:   43.01464072275936
highest fitness' collisions: 0.17067489158487867
new generation:  1802
Fittest                      41.29558405096734
highest fitness' coverage:   42.94224969127293
highest fitness' collisions: 0.16466656403055865
new generation:  1803
Fittest                      41.32929042924579
highest fitness' coverage:   42.96798543967659
highest fitness' collisions: 0.1638695010430799
new generation:  1804
Fittest                      41.353720897190925
highest fitness' coverage:   42.99241590762173
highest fitness' collisions: 0.16386950104308012
new generation:  1805
Fittest                      41.351845654626516
highest fitness' coverage:   42.99272842668127
highest fitness' collisions: 0.1640882772054749
new generation:  1806
Fittest                      41.33929345421737
highest fitness' coverage:   42.980176226272114
highest fitness' collisions: 0.1640882772054748
new generation:  1807
Fittest                      41.368332366483614
highest fitness' coverage:   43.002615842644865
highest fitness' collisions: 0.16342834761612518
new generation:  1808
Fittest                      41.34220298336869
highest fitness' coverage:   42.976486459529944
highest fitness' collisions: 0.16342834761612532
new generation:  1809
Fittest                      41.36682056757126
highest fitness' coverage:   43.00110404373251
highest fitness' collisions: 0.1634283476161253
new generation:  1810
Fittest                      41.3477954160975
highest fitness' coverage:   42.990056582724485
highest fitness' collisions: 0.16422611666269846
new generation:  1811
Fittest                      41.347703467632826
highest fitness' coverage:   42.989964634259806
highest fitness' collisions: 0.16422611666269823
new generation:  1812
Fittest                      41.34364182410092
highest fitness' coverage:   42.958262894053284
highest fitness' collisions: 0.16146210699523625
new generation:  1813
Fittest                      41.38388476555052
highest fitness' coverage:   42.99850583550288
highest fitness' collisions: 0.16146210699523605
new generation:  1814
Fittest                      41.39388256569416
highest fitness' coverage:   43.00850363564652
highest fitness' collisions: 0.16146210699523597
new generation:  1815
Fittest                      41.374676766608616
highest fitness' coverage:   42.98929783656098
highest fitness' collisions: 0.16146210699523617
new generation:  1816
Fittest                      41.388383760562576
highest fitness' coverage:   43.00300483051494
highest fitness' collisions: 0.16146210699523605
new generation:  1817
Fittest                      41.38492130611691
highest fitness' coverage:   42.99954237606927
highest fitness' collisions: 0.161462106995236
new generation:  1818
Fittest                      41.38269484581906
highest fitness' coverage:   43.00456027537217
highest fitness' collisions: 0.16218654295531107
new generation:  1819
Fittest                      41.38308052249415
highest fitness' coverage:   43.00494595204726
highest fitness' collisions: 0.162186542955311
new generation:  1820
Fittest                      41.34933289265737
highest fitness' coverage:   42.97119832221048
highest fitness' collisions: 0.16218654295531124
new generation:  1821
Fittest                      41.359658115961416
highest fitness' coverage:   42.97983731274281
highest fitness' collisions: 0.16201791967813933
new generation:  1822
Fittest                      41.36246308814373
highest fitness' coverage:   42.98264228492512
highest fitness' collisions: 0.16201791967813925
new generation:  1823
Fittest                      41.37903283326099
highest fitness' coverage:   42.999212030042386
highest fitness' collisions: 0.1620179196781394
new generation:  1824
Fittest                      41.38097546815724
highest fitness' coverage:   42.97744896698643
highest fitness' collisions: 0.15964734988291915
new generation:  1825
Fittest                      41.39932470531543
highest fitness' coverage:   42.99579820414462
highest fitness' collisions: 0.15964734988291895
new generation:  1826
Fittest                      41.39010296239257
highest fitness' coverage:   42.98657646122176
highest fitness' collisions: 0.15964734988291882
new generation:  1827
Fittest                      41.40238168979789
highest fitness' coverage:   42.99885518862708
highest fitness' collisions: 0.159647349882919
new generation:  1828
Fittest                      41.37059659655266
highest fitness' coverage:   42.96707009538185
highest fitness' collisions: 0.1596473498829188
new generation:  1829
Fittest                      41.38124913345701
highest fitness' coverage:   42.980567574476936
highest fitness' collisions: 0.1599318441019923
new generation:  1830
Fittest                      41.3988764961516
highest fitness' coverage:   42.998194937171526
highest fitness' collisions: 0.1599318441019924
new generation:  1831
Fittest                      41.38016743107712
highest fitness' coverage:   42.979485872097044
highest fitness' collisions: 0.15993184410199235
new generation:  1832
Fittest                      41.38953963171193
highest fitness' coverage:   42.98885807273186
highest fitness' collisions: 0.15993184410199268
new generation:  1833
Fittest                      41.38753409242569
highest fitness' coverage:   42.986852533445614
highest fitness' collisions: 0.15993184410199257
new generation:  1834
Fittest                      41.380533433595254
highest fitness' coverage:   42.97985187461518
highest fitness' collisions: 0.15993184410199252
new generation:  1835
Fittest                      41.39564068878781
highest fitness' coverage:   42.99495912980773
highest fitness' collisions: 0.1599318441019926
new generation:  1836
Fittest                      41.41750166861497
highest fitness' coverage:   43.01682010963489
highest fitness' collisions: 0.15993184410199254
new generation:  1837
Fittest                      41.37473771807486
highest fitness' coverage:   42.974056159094786
highest fitness' collisions: 0.15993184410199235
new generation:  1838
Fittest                      41.40206185581923
highest fitness' coverage:   43.00138029683915
highest fitness' collisions: 0.1599318441019925
new generation:  1839
Fittest                      41.39239430510565
highest fitness' coverage:   42.99171274612557
highest fitness' collisions: 0.15993184410199246
new generation:  1840
Fittest                      41.37392937764082
highest fitness' coverage:   42.973247818660745
highest fitness' collisions: 0.15993184410199254
new generation:  1841
Fittest                      41.40506801247329
highest fitness' coverage:   43.00438645349322
highest fitness' collisions: 0.15993184410199238
new generation:  1842
Fittest                      41.39349037939738
highest fitness' coverage:   42.9928088204173
highest fitness' collisions: 0.15993184410199252
new generation:  1843
Fittest                      41.38084352240397
highest fitness' coverage:   42.980161963423896
highest fitness' collisions: 0.1599318441019924
new generation:  1844
Fittest                      41.37750929500702
highest fitness' coverage:   42.982534683433414
highest fitness' collisions: 0.1605025388426392
new generation:  1845
Fittest                      41.36299004811128
highest fitness' coverage:   42.96801543653767
highest fitness' collisions: 0.16050253884263915
new generation:  1846
Fittest                      41.378604108971075
highest fitness' coverage:   42.983629497397466
highest fitness' collisions: 0.16050253884263935
new generation:  1847
Fittest                      41.39447760008286
highest fitness' coverage:   42.99950298850925
highest fitness' collisions: 0.16050253884263907
new generation:  1848
Fittest                      41.384222271576235
highest fitness' coverage:   42.988892846613396
highest fitness' collisions: 0.16046705750371584
new generation:  1849
Fittest                      41.36987463415929
highest fitness' coverage:   42.97437142911357
highest fitness' collisions: 0.1604496794954282
new generation:  1850
Fittest                      41.371858533899584
highest fitness' coverage:   42.97635532885386
highest fitness' collisions: 0.16044967949542827
new generation:  1851
Fittest                      41.37016355989655
highest fitness' coverage:   42.97711506376651
highest fitness' collisions: 0.16069515038699678
new generation:  1852
Fittest                      41.37999253151758
highest fitness' coverage:   42.98694403538755
highest fitness' collisions: 0.16069515038699708
new generation:  1853
Fittest                      41.37333063327579
highest fitness' coverage:   42.980282137145764
highest fitness' collisions: 0.1606951503869969
new generation:  1854
Fittest                      41.37996972577705
highest fitness' coverage:   42.986921229647024
highest fitness' collisions: 0.16069515038699705
new generation:  1855
Fittest                      41.369510648720976
highest fitness' coverage:   42.97646215259095
highest fitness' collisions: 0.16069515038699686
new generation:  1856
Fittest                      41.394559060134604
highest fitness' coverage:   43.001510564004576
highest fitness' collisions: 0.16069515038699694
new generation:  1857
Fittest                      41.36359202820149
highest fitness' coverage:   42.97054353207146
highest fitness' collisions: 0.1606951503869969
new generation:  1858
Fittest                      41.40106348508377
highest fitness' coverage:   43.00801498895374
highest fitness' collisions: 0.16069515038699692
new generation:  1859
Fittest                      41.372888922693804
highest fitness' coverage:   42.97984042656377
highest fitness' collisions: 0.1606951503869968
new generation:  1860
Fittest                      41.35809848025138
highest fitness' coverage:   42.97107557998209
highest fitness' collisions: 0.1612977099730713
new generation:  1861
Fittest                      41.36318171024461
highest fitness' coverage:   42.976158809975324
highest fitness' collisions: 0.16129770997307114
new generation:  1862
Fittest                      41.38548263605263
highest fitness' coverage:   42.99845973578334
highest fitness' collisions: 0.16129770997307127
new generation:  1863
Fittest                      41.37074269569867
highest fitness' coverage:   42.98988574544799
highest fitness' collisions: 0.1619143049749329
new generation:  1864
Fittest                      41.37431156377355
highest fitness' coverage:   42.99345461352288
highest fitness' collisions: 0.16191430497493264
new generation:  1865
Fittest                      41.34978311959441
highest fitness' coverage:   42.96892616934374
highest fitness' collisions: 0.1619143049749327
new generation:  1866
Fittest                      41.359313615228025
highest fitness' coverage:   42.97845666497735
highest fitness' collisions: 0.16191430497493267
new generation:  1867
Fittest                      41.376904002935845
highest fitness' coverage:   42.99604705268517
highest fitness' collisions: 0.16191430497493264
new generation:  1868
Fittest                      41.37437773472501
highest fitness' coverage:   42.993520784474335
highest fitness' collisions: 0.16191430497493275
new generation:  1869
Fittest                      41.36446345626994
highest fitness' coverage:   42.983606506019264
highest fitness' collisions: 0.16191430497493264
new generation:  1870
Fittest                      41.3720566069567
highest fitness' coverage:   42.99119965670602
highest fitness' collisions: 0.16191430497493278
new generation:  1871
Fittest                      41.35854445853168
highest fitness' coverage:   42.97768750828101
highest fitness' collisions: 0.16191430497493273
new generation:  1872
Fittest                      41.35298561916183
highest fitness' coverage:   42.972128668911154
highest fitness' collisions: 0.16191430497493267
new generation:  1873
Fittest                      41.36892408164899
highest fitness' coverage:   42.98806713139832
highest fitness' collisions: 0.1619143049749328
new generation:  1874
Fittest                      41.37517619638744
highest fitness' coverage:   42.99431924613677
highest fitness' collisions: 0.1619143049749326
new generation:  1875
Fittest                      41.37991740706257
highest fitness' coverage:   42.99431059451769
highest fitness' collisions: 0.16143931874551215
new generation:  1876
Fittest                      41.378272703492165
highest fitness' coverage:   42.993242649059205
highest fitness' collisions: 0.16149699455670372
new generation:  1877
Fittest                      41.37499193239362
highest fitness' coverage:   42.98996187796066
highest fitness' collisions: 0.16149699455670385
new generation:  1878
Fittest                      41.37610315377358
highest fitness' coverage:   42.99107309934062
highest fitness' collisions: 0.16149699455670377
new generation:  1879
Fittest                      41.37794937018522
highest fitness' coverage:   42.99291931575226
highest fitness' collisions: 0.16149699455670366
new generation:  1880
Fittest                      41.35620202593824
highest fitness' coverage:   42.97117197150528
highest fitness' collisions: 0.16149699455670385
new generation:  1881
Fittest                      41.40299485565243
highest fitness' coverage:   43.01796480121947
highest fitness' collisions: 0.16149699455670372
new generation:  1882
Fittest                      41.40665424985621
highest fitness' coverage:   43.02162419542325
highest fitness' collisions: 0.1614969945567037
new generation:  1883
Fittest                      41.37282643080734
highest fitness' coverage:   42.987796376374384
highest fitness' collisions: 0.16149699455670372
new generation:  1884
Fittest                      41.37544005059175
highest fitness' coverage:   42.99040999615879
highest fitness' collisions: 0.1614969945567038
new generation:  1885
Fittest                      41.37669663813281
highest fitness' coverage:   42.99699243896273
highest fitness' collisions: 0.16202958008299126
new generation:  1886
Fittest                      41.37331023443388
highest fitness' coverage:   42.993606035263795
highest fitness' collisions: 0.1620295800829913
new generation:  1887
Fittest                      41.38617206251212
highest fitness' coverage:   43.006467863342024
highest fitness' collisions: 0.16202958008299112
new generation:  1888
Fittest                      41.370028614903816
highest fitness' coverage:   42.99032441573373
highest fitness' collisions: 0.16202958008299115
new generation:  1889
Fittest                      41.38593054326947
highest fitness' coverage:   43.00622634409938
highest fitness' collisions: 0.16202958008299137
new generation:  1890
Fittest                      41.379073300370735
highest fitness' coverage:   42.99936910120065
highest fitness' collisions: 0.1620295800829912
new generation:  1891
Fittest                      41.400946811777
highest fitness' coverage:   43.02124261260691
highest fitness' collisions: 0.16202958008299115
new generation:  1892
Fittest                      41.388579155432026
highest fitness' coverage:   43.00887495626194
highest fitness' collisions: 0.16202958008299112
new generation:  1893
Fittest                      41.36333333720281
highest fitness' coverage:   42.983629138032725
highest fitness' collisions: 0.16202958008299126
new generation:  1894
Fittest                      41.38546432382412
highest fitness' coverage:   43.00576012465403
highest fitness' collisions: 0.16202958008299131
new generation:  1895
Fittest                      41.37253825873375
highest fitness' coverage:   42.99283405956366
highest fitness' collisions: 0.16202958008299126
new generation:  1896
Fittest                      41.37050472809925
highest fitness' coverage:   42.99080052892916
highest fitness' collisions: 0.16202958008299106
new generation:  1897
Fittest                      41.380356242153645
highest fitness' coverage:   43.00065204298356
highest fitness' collisions: 0.1620295800829913
new generation:  1898
Fittest                      41.3983785518985
highest fitness' coverage:   43.01867435272842
highest fitness' collisions: 0.16202958008299126
new generation:  1899
Fittest                      41.36137895305763
highest fitness' coverage:   42.981674753887546
highest fitness' collisions: 0.1620295800829912
new generation:  1900
Fittest                      41.37262058068011
highest fitness' coverage:   42.99291638151003
highest fitness' collisions: 0.16202958008299115
new generation:  1901
Fittest                      41.37382072943193
highest fitness' coverage:   42.999616667877504
highest fitness' collisions: 0.16257959384455806
new generation:  1902
Fittest                      41.36506950808024
highest fitness' coverage:   42.990865446525824
highest fitness' collisions: 0.16257959384455822
new generation:  1903
Fittest                      41.3550483162842
highest fitness' coverage:   42.980844254729774
highest fitness' collisions: 0.162579593844558
new generation:  1904
Fittest                      41.3569986386856
highest fitness' coverage:   42.99641365591993
highest fitness' collisions: 0.16394150172343297
new generation:  1905
Fittest                      41.34799919310592
highest fitness' coverage:   42.987414210340255
highest fitness' collisions: 0.1639415017234332
new generation:  1906
Fittest                      41.344836210741306
highest fitness' coverage:   42.98425122797563
highest fitness' collisions: 0.16394150172343303
new generation:  1907
Fittest                      41.334451374538595
highest fitness' coverage:   42.97386639177293
highest fitness' collisions: 0.16394150172343327
new generation:  1908
Fittest                      41.34466741854723
highest fitness' coverage:   42.984082435781566
highest fitness' collisions: 0.16394150172343333
new generation:  1909
Fittest                      41.348306581628584
highest fitness' coverage:   42.98772159886291
highest fitness' collisions: 0.16394150172343291
new generation:  1910
Fittest                      41.36053830669037
highest fitness' coverage:   42.9999533239247
highest fitness' collisions: 0.16394150172343294
new generation:  1911
Fittest                      41.353819286300705
highest fitness' coverage:   42.99323430353504
highest fitness' collisions: 0.16394150172343316
new generation:  1912
Fittest                      41.33190280453714
highest fitness' coverage:   42.96529222591072
highest fitness' collisions: 0.16333894213735864
new generation:  1913
Fittest                      41.353946561195
highest fitness' coverage:   42.98733598256859
highest fitness' collisions: 0.16333894213735878
new generation:  1914
Fittest                      41.36130154992187
highest fitness' coverage:   42.994690971295455
highest fitness' collisions: 0.16333894213735878
new generation:  1915
Fittest                      41.36728786442033
highest fitness' coverage:   43.00067728579391
highest fitness' collisions: 0.16333894213735883
new generation:  1916
Fittest                      41.35112701007227
highest fitness' coverage:   42.99769899883142
highest fitness' collisions: 0.1646571988759151
new generation:  1917
Fittest                      41.369062910490456
highest fitness' coverage:   43.015634899249605
highest fitness' collisions: 0.16465719887591498
new generation:  1918
Fittest                      41.337528770230506
highest fitness' coverage:   42.984100758989655
highest fitness' collisions: 0.16465719887591512
new generation:  1919
Fittest                      41.336744798000026
highest fitness' coverage:   42.98997275662981
highest fitness' collisions: 0.16532279586297824
new generation:  1920
Fittest                      41.34335206891515
highest fitness' coverage:   42.99658002754493
highest fitness' collisions: 0.1653227958629781
new generation:  1921
Fittest                      41.32830519975649
highest fitness' coverage:   42.98153315838627
highest fitness' collisions: 0.16532279586297802
new generation:  1922
Fittest                      41.359520781356665
highest fitness' coverage:   43.01274873998645
highest fitness' collisions: 0.16532279586297824
new generation:  1923
Fittest                      41.34391050307753
highest fitness' coverage:   42.997681914132095
highest fitness' collisions: 0.16537714110545632
new generation:  1924
Fittest                      41.35154278118381
highest fitness' coverage:   43.00531419223837
highest fitness' collisions: 0.16537714110545648
new generation:  1925
Fittest                      41.35483193786257
highest fitness' coverage:   43.008603348917134
highest fitness' collisions: 0.16537714110545645
new generation:  1926
Fittest                      41.32803112785382
highest fitness' coverage:   42.98180253890838
highest fitness' collisions: 0.1653771411054562
new generation:  1927
Fittest                      41.33968092094535
highest fitness' coverage:   42.99345233199992
highest fitness' collisions: 0.16537714110545673
new generation:  1928
Fittest                      41.33169403000439
highest fitness' coverage:   42.984316299435
highest fitness' collisions: 0.1652622269430606
new generation:  1929
Fittest                      41.347691561680065
highest fitness' coverage:   43.000313831110674
highest fitness' collisions: 0.1652622269430607
new generation:  1930
Fittest                      41.34719275345615
highest fitness' coverage:   42.99981502288676
highest fitness' collisions: 0.16526222694306061
new generation:  1931
Fittest                      41.347080509277205
highest fitness' coverage:   42.999702778707814
highest fitness' collisions: 0.1652622269430606
new generation:  1932
Fittest                      41.34106324920562
highest fitness' coverage:   42.99368551863623
highest fitness' collisions: 0.1652622269430607
new generation:  1933
Fittest                      41.33737283022239
highest fitness' coverage:   43.009852882645845
highest fitness' collisions: 0.16724800524234512
new generation:  1934
Fittest                      41.3496643156254
highest fitness' coverage:   43.02214436804884
highest fitness' collisions: 0.16724800524234487
new generation:  1935
Fittest                      41.34976615825174
highest fitness' coverage:   43.02224621067519
highest fitness' collisions: 0.16724800524234495
new generation:  1936
Fittest                      41.362465999425325
highest fitness' coverage:   43.03494605184878
highest fitness' collisions: 0.16724800524234512
new generation:  1937
Fittest                      41.34747420185755
highest fitness' coverage:   43.010293745491104
highest fitness' collisions: 0.16628195436335538
new generation:  1938
Fittest                      41.39656524749988
highest fitness' coverage:   43.04162352837155
highest fitness' collisions: 0.16450582808716702
new generation:  1939
Fittest                      41.383909448709574
highest fitness' coverage:   43.02896772958124
highest fitness' collisions: 0.16450582808716693
new generation:  1940
Fittest                      41.39062292466815
highest fitness' coverage:   43.035681205539824
highest fitness' collisions: 0.16450582808716704
new generation:  1941
Fittest                      41.36613702811202
highest fitness' coverage:   43.01119530898369
highest fitness' collisions: 0.16450582808716677
new generation:  1942
Fittest                      41.39974657796962
highest fitness' coverage:   43.044804858841296
highest fitness' collisions: 0.16450582808716707
new generation:  1943
Fittest                      41.39746224606894
highest fitness' coverage:   43.04750208350377
highest fitness' collisions: 0.1650039837434834
new generation:  1944
Fittest                      41.37855327780652
highest fitness' coverage:   43.02859311524135
highest fitness' collisions: 0.16500398374348338
new generation:  1945
Fittest                      41.366744426340595
highest fitness' coverage:   43.01678426377543
highest fitness' collisions: 0.16500398374348346
new generation:  1946
Fittest                      41.35675922142001
highest fitness' coverage:   43.006799058854845
highest fitness' collisions: 0.1650039837434834
new generation:  1947
Fittest                      41.448358731179006
highest fitness' coverage:   43.05077650531622
highest fitness' collisions: 0.1602417774137213
new generation:  1948
Fittest                      41.42351170336521
highest fitness' coverage:   43.02592947750242
highest fitness' collisions: 0.16024177741372145
new generation:  1949
Fittest                      41.40949684935767
highest fitness' coverage:   43.01103656728121
highest fitness' collisions: 0.16015397179235333
new generation:  1950
Fittest                      41.41043029718185
highest fitness' coverage:   43.01197001510538
highest fitness' collisions: 0.16015397179235336
new generation:  1951
Fittest                      41.41309877610995
highest fitness' coverage:   43.014638494033484
highest fitness' collisions: 0.1601539717923534
new generation:  1952
Fittest                      41.416260722678466
highest fitness' coverage:   43.017800440602
highest fitness' collisions: 0.1601539717923534
new generation:  1953
Fittest                      41.41822688171518
highest fitness' coverage:   43.019766599638714
highest fitness' collisions: 0.16015397179235347
new generation:  1954
Fittest                      41.428276147506395
highest fitness' coverage:   43.02981586542993
highest fitness' collisions: 0.16015397179235333
new generation:  1955
Fittest                      41.40944965983821
highest fitness' coverage:   43.010989377761746
highest fitness' collisions: 0.1601539717923534
new generation:  1956
Fittest                      41.41278462437417
highest fitness' coverage:   43.014324342297705
highest fitness' collisions: 0.16015397179235347
new generation:  1957
Fittest                      41.40038073864011
highest fitness' coverage:   43.001920456563646
highest fitness' collisions: 0.1601539717923533
new generation:  1958
Fittest                      41.412732638898134
highest fitness' coverage:   43.01427235682167
highest fitness' collisions: 0.1601539717923533
new generation:  1959
Fittest                      41.424186292819584
highest fitness' coverage:   43.025726010743114
highest fitness' collisions: 0.16015397179235324
new generation:  1960
Fittest                      41.41531842240037
highest fitness' coverage:   43.016858140323905
highest fitness' collisions: 0.16015397179235336
new generation:  1961
Fittest                      41.415905931754
highest fitness' coverage:   43.017445649677526
highest fitness' collisions: 0.16015397179235324
new generation:  1962
Fittest                      41.40054465383577
highest fitness' coverage:   43.00208437175931
highest fitness' collisions: 0.16015397179235333
new generation:  1963
Fittest                      41.406260244370834
highest fitness' coverage:   43.007799962294364
highest fitness' collisions: 0.16015397179235324
new generation:  1964
Fittest                      41.42468308833905
highest fitness' coverage:   43.02622280626258
highest fitness' collisions: 0.16015397179235324
new generation:  1965
Fittest                      41.41325883631535
highest fitness' coverage:   43.01479855423889
highest fitness' collisions: 0.16015397179235333
new generation:  1966
Fittest                      41.40888427287054
highest fitness' coverage:   43.01042399079407
highest fitness' collisions: 0.1601539717923533
new generation:  1967
Fittest                      41.421268628855394
highest fitness' coverage:   43.02280834677893
highest fitness' collisions: 0.16015397179235336
new generation:  1968
Fittest                      41.41924287705233
highest fitness' coverage:   43.02078259497587
highest fitness' collisions: 0.16015397179235338
new generation:  1969
Fittest                      41.40009180193809
highest fitness' coverage:   43.00163151986162
highest fitness' collisions: 0.16015397179235322
new generation:  1970
Fittest                      41.42783025874156
highest fitness' coverage:   43.02936997666509
highest fitness' collisions: 0.16015397179235327
new generation:  1971
Fittest                      41.40630626775721
highest fitness' coverage:   43.00784598568074
highest fitness' collisions: 0.16015397179235308
new generation:  1972
Fittest                      41.43158979665876
highest fitness' coverage:   43.0331295145823
highest fitness' collisions: 0.16015397179235338
new generation:  1973
Fittest                      41.41943537251732
highest fitness' coverage:   43.023545887796786
highest fitness' collisions: 0.16041105152794644
new generation:  1974
Fittest                      41.40962165485702
highest fitness' coverage:   43.013732170136485
highest fitness' collisions: 0.16041105152794657
new generation:  1975
Fittest                      41.404382488054715
highest fitness' coverage:   43.00849300333418
highest fitness' collisions: 0.1604110515279464
new generation:  1976
Fittest                      41.41866709087628
highest fitness' coverage:   43.02277760615575
highest fitness' collisions: 0.16041105152794644
new generation:  1977
Fittest                      41.41352685090605
highest fitness' coverage:   43.01763736618552
highest fitness' collisions: 0.1604110515279466
new generation:  1978
Fittest                      41.403893472733394
highest fitness' coverage:   43.00800398801286
highest fitness' collisions: 0.16041105152794635
new generation:  1979
Fittest                      41.41966244401887
highest fitness' coverage:   43.023772959298334
highest fitness' collisions: 0.1604110515279466
new generation:  1980
Fittest                      41.42463293677492
highest fitness' coverage:   43.028743452054385
highest fitness' collisions: 0.1604110515279465
new generation:  1981
Fittest                      41.41043342553095
highest fitness' coverage:   43.01454394081041
highest fitness' collisions: 0.16041105152794657
new generation:  1982
Fittest                      41.40166260684554
highest fitness' coverage:   43.004196469423
highest fitness' collisions: 0.16025338625774602
new generation:  1983
Fittest                      41.41374045875871
highest fitness' coverage:   43.01627432133617
highest fitness' collisions: 0.16025338625774574
new generation:  1984
Fittest                      41.412281038619746
highest fitness' coverage:   43.01797717885737
highest fitness' collisions: 0.1605696140237627
new generation:  1985
Fittest                      41.41136976932236
highest fitness' coverage:   43.00494079692346
highest fitness' collisions: 0.15935710276010967
new generation:  1986
Fittest                      41.414679499555966
highest fitness' coverage:   43.00825052715707
highest fitness' collisions: 0.1593571027601098
new generation:  1987
Fittest                      41.428828194825094
highest fitness' coverage:   43.02304487665523
highest fitness' collisions: 0.15942166818301318
new generation:  1988
Fittest                      41.40482915048619
highest fitness' coverage:   42.99904583231632
highest fitness' collisions: 0.1594216681830134
new generation:  1989
Fittest                      41.40382105334619
highest fitness' coverage:   42.95942379783735
highest fitness' collisions: 0.1555602744491164
new generation:  1990
Fittest                      41.40621342751178
highest fitness' coverage:   42.96181617200294
highest fitness' collisions: 0.1555602744491163
new generation:  1991
Fittest                      41.44323920656241
highest fitness' coverage:   42.99884195105357
highest fitness' collisions: 0.15556027444911635
new generation:  1992
Fittest                      41.42716157892549
highest fitness' coverage:   42.98276432341665
highest fitness' collisions: 0.15556027444911621
new generation:  1993
Fittest                      41.41566378674903
highest fitness' coverage:   42.97126653124019
highest fitness' collisions: 0.1555602744491162
new generation:  1994
Fittest                      41.68315101137556
highest fitness' coverage:   43.707778247616076
highest fitness' collisions: 0.20246272362405193
new generation:  1995
Fittest                      41.696257336773755
highest fitness' coverage:   43.71129404663834
highest fitness' collisions: 0.20150367098645902
new generation:  1996
Fittest                      41.727744105957626
highest fitness' coverage:   43.71419017180437
highest fitness' collisions: 0.19864460658467425
new generation:  1997
Fittest                      41.776057984292265
highest fitness' coverage:   43.73660791720132
highest fitness' collisions: 0.1960549932909057
new generation:  1998
Fittest                      41.80887410784509
highest fitness' coverage:   43.76942404075415
highest fitness' collisions: 0.19605499329090578
new generation:  1999
Fittest                      41.7967055380125
highest fitness' coverage:   43.75725547092156
highest fitness' collisions: 0.19605499329090564
new generation:  2000
Fittest                      41.83537469426885
highest fitness' coverage:   43.744612450499154
highest fitness' collisions: 0.1909237756230303
new generation:  2001
Fittest                      41.841346423357855
highest fitness' coverage:   43.75058417958816
highest fitness' collisions: 0.19092377562303045
new generation:  2002
Fittest                      41.86369664108189
highest fitness' coverage:   43.77293439731219
highest fitness' collisions: 0.19092377562303067
new generation:  2003
Fittest                      41.847966952919556
highest fitness' coverage:   43.75720470914986
highest fitness' collisions: 0.1909237756230305
new generation:  2004
Fittest                      41.860128374444
highest fitness' coverage:   43.76936613067431
highest fitness' collisions: 0.19092377562303064
new generation:  2005
Fittest                      41.83213055644252
highest fitness' coverage:   43.741368312672826
highest fitness' collisions: 0.19092377562303048
new generation:  2006
Fittest                      41.835386430776566
highest fitness' coverage:   43.74462418700687
highest fitness' collisions: 0.19092377562303067
new generation:  2007
Fittest                      41.82971178405825
highest fitness' coverage:   43.73894954028855
highest fitness' collisions: 0.19092377562303034
new generation:  2008
Fittest                      41.86159834244828
highest fitness' coverage:   43.770836098678586
highest fitness' collisions: 0.19092377562303042
new generation:  2009
Fittest                      41.84907783149232
highest fitness' coverage:   43.75191130438736
highest fitness' collisions: 0.19028334728950433
new generation:  2010
Fittest                      41.857621195264336
highest fitness' coverage:   43.767270158920375
highest fitness' collisions: 0.19096489636560374
new generation:  2011
Fittest                      41.84113515144981
highest fitness' coverage:   43.75747689445376
highest fitness' collisions: 0.191634174300395
new generation:  2012
Fittest                      41.84395668991107
highest fitness' coverage:   43.76029843291502
highest fitness' collisions: 0.19163417430039514
new generation:  2013
Fittest                      41.84012858005099
highest fitness' coverage:   43.756470323054934
highest fitness' collisions: 0.191634174300395
new generation:  2014
Fittest                      41.83807566752809
highest fitness' coverage:   43.754417410532035
highest fitness' collisions: 0.19163417430039503
new generation:  2015
Fittest                      41.820537908093634
highest fitness' coverage:   43.736336198672795
highest fitness' collisions: 0.19157982905791643
new generation:  2016
Fittest                      41.85217492488793
highest fitness' coverage:   43.760728855866354
highest fitness' collisions: 0.19085539309784186
new generation:  2017
Fittest                      41.8545331875949
highest fitness' coverage:   43.763087118573324
highest fitness' collisions: 0.19085539309784183
new generation:  2018
Fittest                      41.863678112635945
highest fitness' coverage:   43.772232043614366
highest fitness' collisions: 0.1908553930978419
new generation:  2019
Fittest                      41.84212776774199
highest fitness' coverage:   43.75068169872041
highest fitness' collisions: 0.19085539309784205
new generation:  2020
Fittest                      41.84056701226439
highest fitness' coverage:   43.74912094324281
highest fitness' collisions: 0.19085539309784189
new generation:  2021
Fittest                      41.85199872248264
highest fitness' coverage:   43.760552653461055
highest fitness' collisions: 0.19085539309784152
new generation:  2022
Fittest                      41.86218337359901
highest fitness' coverage:   43.77073730457743
highest fitness' collisions: 0.190855393097842
new generation:  2023
Fittest                      41.8484642634645
highest fitness' coverage:   43.757018194442914
highest fitness' collisions: 0.1908553930978417
new generation:  2024
Fittest                      41.84641437167438
highest fitness' coverage:   43.7549683026528
highest fitness' collisions: 0.1908553930978418
new generation:  2025
Fittest                      41.83940173269636
highest fitness' coverage:   43.74795566367478
highest fitness' collisions: 0.1908553930978418
new generation:  2026
Fittest                      41.85548613719719
highest fitness' coverage:   43.76404006817561
highest fitness' collisions: 0.19085539309784202
new generation:  2027
Fittest                      41.845661109683356
highest fitness' coverage:   43.75421504066178
highest fitness' collisions: 0.1908553930978419
new generation:  2028
Fittest                      41.85198039334856
highest fitness' coverage:   43.760534324326976
highest fitness' collisions: 0.19085539309784164
new generation:  2029
Fittest                      41.855469930762126
highest fitness' coverage:   43.76402386174055
highest fitness' collisions: 0.19085539309784177
new generation:  2030
Fittest                      41.84870543189868
highest fitness' coverage:   43.7572593628771
highest fitness' collisions: 0.19085539309784175
new generation:  2031
Fittest                      41.87442696357798
highest fitness' coverage:   43.73817555056915
highest fitness' collisions: 0.18637485869911705
new generation:  2032
Fittest                      41.89257667583416
highest fitness' coverage:   43.751858426903816
highest fitness' collisions: 0.1859281751069662
new generation:  2033
Fittest                      41.902231102171655
highest fitness' coverage:   43.761512853241314
highest fitness' collisions: 0.18592817510696594
new generation:  2034
Fittest                      41.89715165685073
highest fitness' coverage:   43.75389083290721
highest fitness' collisions: 0.18567391760564758
new generation:  2035
Fittest                      41.894616374240634
highest fitness' coverage:   43.75135555029711
highest fitness' collisions: 0.1856739176056478
new generation:  2036
Fittest                      41.900377355667146
highest fitness' coverage:   43.75140958431716
highest fitness' collisions: 0.18510322286500117
new generation:  2037
Fittest                      41.90071653225535
highest fitness' coverage:   43.751748760905365
highest fitness' collisions: 0.185103222865001
new generation:  2038
Fittest                      41.904177163482494
highest fitness' coverage:   43.7552093921325
highest fitness' collisions: 0.18510322286500083
new generation:  2039
Fittest                      41.90148456106551
highest fitness' coverage:   43.752516789715514
highest fitness' collisions: 0.18510322286500086
new generation:  2040
Fittest                      41.9113130542095
highest fitness' coverage:   43.756845145243844
highest fitness' collisions: 0.18455320910343426
new generation:  2041
Fittest                      41.91250068196169
highest fitness' coverage:   43.75803277299603
highest fitness' collisions: 0.1845532091034341
new generation:  2042
Fittest                      41.897239477598085
highest fitness' coverage:   43.795127820902465
highest fitness' collisions: 0.18978883433043772
new generation:  2043
Fittest                      41.86305225286544
highest fitness' coverage:   43.76094059616981
highest fitness' collisions: 0.18978883433043744
new generation:  2044
Fittest                      41.862506585094074
highest fitness' coverage:   43.760394928398455
highest fitness' collisions: 0.1897888343304379
new generation:  2045
Fittest                      41.84892170788539
highest fitness' coverage:   43.75086724533469
highest fitness' collisions: 0.19019455374493033
new generation:  2046
Fittest                      41.85591081557549
highest fitness' coverage:   43.7578563530248
highest fitness' collisions: 0.19019455374493044
new generation:  2047
Fittest                      41.848797628242124
highest fitness' coverage:   43.75074316569143
highest fitness' collisions: 0.19019455374493055
new generation:  2048
Fittest                      41.853582019236676
highest fitness' coverage:   43.754697894580175
highest fitness' collisions: 0.19011158753434979
new generation:  2049
Fittest                      41.84717576176014
highest fitness' coverage:   43.751063547808776
highest fitness' collisions: 0.19038877860486317
new generation:  2050
Fittest                      41.83737588076648
highest fitness' coverage:   43.741263666815115
highest fitness' collisions: 0.1903887786048632
new generation:  2051
Fittest                      41.86298551285254
highest fitness' coverage:   43.766873298901174
highest fitness' collisions: 0.19038877860486325
new generation:  2052
Fittest                      41.85345608715681
highest fitness' coverage:   43.757343873205436
highest fitness' collisions: 0.190388778604863
new generation:  2053
Fittest                      41.87276724901691
highest fitness' coverage:   43.77665503506554
highest fitness' collisions: 0.19038877860486314
new generation:  2054
Fittest                      41.85680925105488
highest fitness' coverage:   43.760697037103505
highest fitness' collisions: 0.1903887786048629
new generation:  2055
Fittest                      41.86873182250925
highest fitness' coverage:   43.772619608557875
highest fitness' collisions: 0.19038877860486308
new generation:  2056
Fittest                      41.86008119609271
highest fitness' coverage:   43.763968982141336
highest fitness' collisions: 0.19038877860486314
new generation:  2057
Fittest                      41.926714488651925
highest fitness' coverage:   43.75664152844481
highest fitness' collisions: 0.18299270397928885
new generation:  2058
Fittest                      41.93989042108669
highest fitness' coverage:   43.774245437077326
highest fitness' collisions: 0.183435501599064
new generation:  2059
Fittest                      41.9240384086519
highest fitness' coverage:   43.75839342464254
highest fitness' collisions: 0.1834355015990641
new generation:  2060
Fittest                      41.91573538364631
highest fitness' coverage:   43.750090399636946
highest fitness' collisions: 0.18343550159906372
new generation:  2061
Fittest                      41.92850675887194
highest fitness' coverage:   43.762216120633546
highest fitness' collisions: 0.18337093617616057
new generation:  2062
Fittest                      41.92258206350126
highest fitness' coverage:   43.756291425262866
highest fitness' collisions: 0.1833709361761605
new generation:  2063
Fittest                      41.94019253808389
highest fitness' coverage:   43.7739018998455
highest fitness' collisions: 0.18337093617616063
new generation:  2064
Fittest                      41.92347163177072
highest fitness' coverage:   43.75227112777785
highest fitness' collisions: 0.18287994960071333
new generation:  2065
Fittest                      41.93879180348326
highest fitness' coverage:   43.7675912994904
highest fitness' collisions: 0.18287994960071363
new generation:  2066
Fittest                      41.92624918528135
highest fitness' coverage:   43.755048681288486
highest fitness' collisions: 0.18287994960071358
new generation:  2067
Fittest                      41.94367047146424
highest fitness' coverage:   43.76228122318364
highest fitness' collisions: 0.18186107517194064
new generation:  2068
Fittest                      41.953008897479165
highest fitness' coverage:   43.76931287968458
highest fitness' collisions: 0.18163039822054106
new generation:  2069
Fittest                      41.919028178409825
highest fitness' coverage:   43.735332160615236
highest fitness' collisions: 0.1816303982205412
new generation:  2070
Fittest                      41.956071109523585
highest fitness' coverage:   43.772375091728996
highest fitness' collisions: 0.18163039822054125
new generation:  2071
Fittest                      41.9687196846406
highest fitness' coverage:   43.78502366684601
highest fitness' collisions: 0.18163039822054128
new generation:  2072
Fittest                      41.95545121120803
highest fitness' coverage:   43.77175519341344
highest fitness' collisions: 0.18163039822054133
new generation:  2073
Fittest                      41.94365083963589
highest fitness' coverage:   43.759954821841305
highest fitness' collisions: 0.18163039822054108
new generation:  2074
Fittest                      41.944656967898865
highest fitness' coverage:   43.77665032899399
highest fitness' collisions: 0.1831993361095119
new generation:  2075
Fittest                      41.93738407748023
highest fitness' coverage:   43.76937743857535
highest fitness' collisions: 0.18319933610951175
new generation:  2076
Fittest                      41.93092950320802
highest fitness' coverage:   43.762922864303135
highest fitness' collisions: 0.18319933610951186
new generation:  2077
Fittest                      41.912471588598954
highest fitness' coverage:   43.74446494969407
highest fitness' collisions: 0.18319933610951186
new generation:  2078
Fittest                      41.93165008582722
highest fitness' coverage:   43.763643446922345
highest fitness' collisions: 0.18319933610951195
new generation:  2079
Fittest                      41.92176250473077
highest fitness' coverage:   43.75375586582589
highest fitness' collisions: 0.18319933610951183
new generation:  2080
Fittest                      41.93231019144889
highest fitness' coverage:   43.76430355254401
highest fitness' collisions: 0.1831993361095117
new generation:  2081
Fittest                      41.9154796315963
highest fitness' coverage:   43.74747299269142
highest fitness' collisions: 0.1831993361095119
new generation:  2082
Fittest                      41.910483869739195
highest fitness' coverage:   43.75693162854177
highest fitness' collisions: 0.18464477588025785
new generation:  2083
Fittest                      41.90741100339179
highest fitness' coverage:   43.75385876219437
highest fitness' collisions: 0.1846447758802578
new generation:  2084
Fittest                      41.92313229797623
highest fitness' coverage:   43.76958005677881
highest fitness' collisions: 0.18464477588025785
new generation:  2085
Fittest                      41.92950048299135
highest fitness' coverage:   43.77594824179393
highest fitness' collisions: 0.1846447758802578
new generation:  2086
Fittest                      41.8956238509503
highest fitness' coverage:   43.742071609752884
highest fitness' collisions: 0.18464477588025804
new generation:  2087
Fittest                      41.91151064507924
highest fitness' coverage:   43.757958403881815
highest fitness' collisions: 0.18464477588025788
new generation:  2088
Fittest                      41.90106316460725
highest fitness' coverage:   43.74751092340983
highest fitness' collisions: 0.1846447758802578
new generation:  2089
Fittest                      41.90339936499246
highest fitness' coverage:   43.750678887566146
highest fitness' collisions: 0.18472795225736827
new generation:  2090
Fittest                      41.907071317584865
highest fitness' coverage:   43.754350840158544
highest fitness' collisions: 0.18472795225736793
new generation:  2091
Fittest                      41.91319029664951
highest fitness' coverage:   43.772461630358784
highest fitness' collisions: 0.18592713337092753
new generation:  2092
Fittest                      41.92201294333053
highest fitness' coverage:   43.7812842770398
highest fitness' collisions: 0.18592713337092742
new generation:  2093
Fittest                      41.931190236712894
highest fitness' coverage:   43.79046157042217
highest fitness' collisions: 0.18592713337092756
new generation:  2094
Fittest                      41.91720619832561
highest fitness' coverage:   43.77647753203489
highest fitness' collisions: 0.1859271333709277
new generation:  2095
Fittest                      41.91065364007
highest fitness' coverage:   43.769924973779275
highest fitness' collisions: 0.1859271333709275
new generation:  2096
Fittest                      41.92180964566727
highest fitness' coverage:   43.78108097937654
highest fitness' collisions: 0.18592713337092767
new generation:  2097
Fittest                      41.8999342606305
highest fitness' coverage:   43.759205594339775
highest fitness' collisions: 0.1859271333709274
new generation:  2098
Fittest                      41.93167545389231
highest fitness' coverage:   43.79094678760159
highest fitness' collisions: 0.18592713337092776
new generation:  2099
Fittest                      41.91756181310245
highest fitness' coverage:   43.765840251780865
highest fitness' collisions: 0.18482784386784157
new generation:  2100
Fittest                      41.93928547858236
highest fitness' coverage:   43.787563917260776
highest fitness' collisions: 0.18482784386784157
new generation:  2101
Fittest                      41.922877944526995
highest fitness' coverage:   43.77193263032204
highest fitness' collisions: 0.18490546857950468
new generation:  2102
Fittest                      41.95800571411488
highest fitness' coverage:   43.803138715107565
highest fitness' collisions: 0.18451330009926828
new generation:  2103
Fittest                      41.95803887901734
highest fitness' coverage:   43.688456351789
highest fitness' collisions: 0.17304174727716612
new generation:  2104
Fittest                      42.05149528310974
highest fitness' coverage:   43.7819127558814
highest fitness' collisions: 0.17304174727716617
new generation:  2105
Fittest                      42.0451059499814
highest fitness' coverage:   43.77552342275306
highest fitness' collisions: 0.1730417472771663
new generation:  2106
Fittest                      42.05429089684305
highest fitness' coverage:   43.78470836961471
highest fitness' collisions: 0.17304174727716595
new generation:  2107
Fittest                      42.06434050736865
highest fitness' coverage:   43.79475798014031
highest fitness' collisions: 0.1730417472771661
new generation:  2108
Fittest                      42.036436506600396
highest fitness' coverage:   43.76685397937206
highest fitness' collisions: 0.1730417472771661
new generation:  2109
Fittest                      42.03871064283975
highest fitness' coverage:   43.769128115611416
highest fitness' collisions: 0.17304174727716604
new generation:  2110
Fittest                      42.06443720875657
highest fitness' coverage:   43.794854681528236
highest fitness' collisions: 0.17304174727716617
new generation:  2111
Fittest                      42.04052557668182
highest fitness' coverage:   43.76977506031263
highest fitness' collisions: 0.17292494836308098
new generation:  2112
Fittest                      42.056333863394165
highest fitness' coverage:   43.785583347024975
highest fitness' collisions: 0.1729249483630811
new generation:  2113
Fittest                      42.06190448721626
highest fitness' coverage:   43.79115397084707
highest fitness' collisions: 0.17292494836308103
new generation:  2114
Fittest                      42.03640344051381
highest fitness' coverage:   43.76565292414462
highest fitness' collisions: 0.17292494836308112
new generation:  2115
Fittest                      42.067508822555936
highest fitness' coverage:   43.796758306186746
highest fitness' collisions: 0.17292494836308112
new generation:  2116
Fittest                      42.07130379046016
highest fitness' coverage:   43.80055327409097
highest fitness' collisions: 0.172924948363081
new generation:  2117
Fittest                      42.03927189817916
highest fitness' coverage:   43.76852138180997
highest fitness' collisions: 0.17292494836308117
new generation:  2118
Fittest                      42.04964487613083
highest fitness' coverage:   43.77889435976164
highest fitness' collisions: 0.17292494836308112
new generation:  2119
Fittest                      42.0532506569563
highest fitness' coverage:   43.78250014058711
highest fitness' collisions: 0.17292494836308114
new generation:  2120
Fittest                      42.049695101430586
highest fitness' coverage:   43.778944585061396
highest fitness' collisions: 0.17292494836308106
new generation:  2121
Fittest                      42.05556468897684
highest fitness' coverage:   43.784814172607646
highest fitness' collisions: 0.17292494836308106
new generation:  2122
Fittest                      42.0614961007521
highest fitness' coverage:   43.79074558438291
highest fitness' collisions: 0.172924948363081
new generation:  2123
Fittest                      42.049890847297185
highest fitness' coverage:   43.779140330927994
highest fitness' collisions: 0.17292494836308098
new generation:  2124
Fittest                      42.061489623757424
highest fitness' coverage:   43.790739107388234
highest fitness' collisions: 0.1729249483630813
new generation:  2125
Fittest                      42.07080629228651
highest fitness' coverage:   43.80373729775418
highest fitness' collisions: 0.17329310054676686
new generation:  2126
Fittest                      42.0928211011901
highest fitness' coverage:   43.811297708950306
highest fitness' collisions: 0.17184766077602115
new generation:  2127
Fittest                      42.1267049446128
highest fitness' coverage:   43.845181552373006
highest fitness' collisions: 0.17184766077602082
new generation:  2128
Fittest                      42.10069249550014
highest fitness' coverage:   43.81916910326035
highest fitness' collisions: 0.17184766077602107
new generation:  2129
Fittest                      42.107052519026986
highest fitness' coverage:   43.825529126787195
highest fitness' collisions: 0.1718476607760207
new generation:  2130
Fittest                      42.10197242679787
highest fitness' coverage:   43.82044903455808
highest fitness' collisions: 0.17184766077602093
new generation:  2131
Fittest                      42.10660677213346
highest fitness' coverage:   43.82508337989367
highest fitness' collisions: 0.17184766077602076
new generation:  2132
Fittest                      42.09773766208617
highest fitness' coverage:   43.81621426984638
highest fitness' collisions: 0.17184766077602098
new generation:  2133
Fittest                      42.13801905995165
highest fitness' coverage:   43.85649566771186
highest fitness' collisions: 0.17184766077602076
new generation:  2134
Fittest                      42.11981476531307
highest fitness' coverage:   43.83829137307328
highest fitness' collisions: 0.1718476607760208
new generation:  2135
Fittest                      42.10140567993753
highest fitness' coverage:   43.81988228769774
highest fitness' collisions: 0.17184766077602087
new generation:  2136
Fittest                      42.0977830795466
highest fitness' coverage:   43.81625968730681
highest fitness' collisions: 0.17184766077602123
new generation:  2137
Fittest                      42.10154020920021
highest fitness' coverage:   43.82001681696042
highest fitness' collisions: 0.17184766077602098
new generation:  2138
Fittest                      42.09272846639647
highest fitness' coverage:   43.81120507415668
highest fitness' collisions: 0.17184766077602093
new generation:  2139
Fittest                      42.10816220483542
highest fitness' coverage:   43.82643594658174
highest fitness' collisions: 0.17182737417463168
new generation:  2140
Fittest                      42.11824575394612
highest fitness' coverage:   43.836519495692436
highest fitness' collisions: 0.1718273741746318
new generation:  2141
Fittest                      42.10070445768962
highest fitness' coverage:   43.829693392488316
highest fitness' collisions: 0.17289889347986936
new generation:  2142
Fittest                      42.085536108698086
highest fitness' coverage:   43.81452504349678
highest fitness' collisions: 0.17289889347986925
new generation:  2143
Fittest                      42.10190271878882
highest fitness' coverage:   43.830891653587514
highest fitness' collisions: 0.1728988934798692
new generation:  2144
Fittest                      42.08894575754877
highest fitness' coverage:   43.81052158993445
highest fitness' collisions: 0.17215758323856845
new generation:  2145
Fittest                      42.118734471549786
highest fitness' coverage:   43.840310303935475
highest fitness' collisions: 0.17215758323856856
new generation:  2146
Fittest                      42.09552350081955
highest fitness' coverage:   43.81709933320524
highest fitness' collisions: 0.17215758323856864
new generation:  2147
Fittest                      42.089448500883364
highest fitness' coverage:   43.811024333269046
highest fitness' collisions: 0.17215758323856847
new generation:  2148
Fittest                      42.08307824044569
highest fitness' coverage:   43.81141490258529
highest fitness' collisions: 0.17283366621396035
new generation:  2149
Fittest                      42.09926140740896
highest fitness' coverage:   43.824228816280176
highest fitness' collisions: 0.17249674088712144
new generation:  2150
Fittest                      42.123145282219895
highest fitness' coverage:   43.84811269109111
highest fitness' collisions: 0.17249674088712158
new generation:  2151
Fittest                      42.08757660972695
highest fitness' coverage:   43.8173937731077
highest fitness' collisions: 0.1729817163380755
new generation:  2152
Fittest                      42.09128480377447
highest fitness' coverage:   43.82110196715523
highest fitness' collisions: 0.1729817163380757
new generation:  2153
Fittest                      42.10407340999653
highest fitness' coverage:   43.83610218522806
highest fitness' collisions: 0.17320287752315278
new generation:  2154
Fittest                      42.070820127680165
highest fitness' coverage:   43.80284890291169
highest fitness' collisions: 0.17320287752315258
new generation:  2155
Fittest                      42.1002497213334
highest fitness' coverage:   43.83044374781658
highest fitness' collisions: 0.17301940264831844
new generation:  2156
Fittest                      42.09646036998735
highest fitness' coverage:   43.82665439647053
highest fitness' collisions: 0.1730194026483183
new generation:  2157
Fittest                      42.0812030390008
highest fitness' coverage:   43.81139706548398
highest fitness' collisions: 0.1730194026483184
new generation:  2158
Fittest                      42.083027900002875
highest fitness' coverage:   43.82063502889907
highest fitness' collisions: 0.17376071288961928
new generation:  2159
Fittest                      42.09313952743969
highest fitness' coverage:   43.830746656335876
highest fitness' collisions: 0.173760712889619
new generation:  2160
Fittest                      42.083056039419695
highest fitness' coverage:   43.82066316831589
highest fitness' collisions: 0.17376071288961917
new generation:  2161
Fittest                      42.08300643771023
highest fitness' coverage:   43.820613566606426
highest fitness' collisions: 0.1737607128896195
new generation:  2162
Fittest                      42.08765002794646
highest fitness' coverage:   43.829637433169864
highest fitness' collisions: 0.17419874052234022
new generation:  2163
Fittest                      42.08142400230744
highest fitness' coverage:   43.82341140753084
highest fitness' collisions: 0.17419874052234008
new generation:  2164
Fittest                      42.059771064132946
highest fitness' coverage:   43.80175846935635
highest fitness' collisions: 0.1741987405223402
new generation:  2165
Fittest                      42.07013477154157
highest fitness' coverage:   43.79981398723526
highest fitness' collisions: 0.17296792156936938
new generation:  2166
Fittest                      42.10986735883248
highest fitness' coverage:   43.839546574526175
highest fitness' collisions: 0.1729679215693691
new generation:  2167
Fittest                      42.10328478692089
highest fitness' coverage:   43.83296400261458
highest fitness' collisions: 0.17296792156936922
new generation:  2168
Fittest                      42.07929472000171
highest fitness' coverage:   43.808973935695406
highest fitness' collisions: 0.1729679215693694
new generation:  2169
Fittest                      42.116062930024775
highest fitness' coverage:   43.80340454688289
highest fitness' collisions: 0.16873416168581115
new generation:  2170
Fittest                      42.12711372910166
highest fitness' coverage:   43.81445534595977
highest fitness' collisions: 0.16873416168581118
new generation:  2171
Fittest                      42.143115490416655
highest fitness' coverage:   43.83045710727477
highest fitness' collisions: 0.16873416168581123
new generation:  2172
Fittest                      42.118599439642466
highest fitness' coverage:   43.81210850423237
highest fitness' collisions: 0.16935090645899034
new generation:  2173
Fittest                      42.114665488879986
highest fitness' coverage:   43.80817455346989
highest fitness' collisions: 0.16935090645899034
new generation:  2174
Fittest                      42.131368197614556
highest fitness' coverage:   43.82487726220446
highest fitness' collisions: 0.16935090645899023
new generation:  2175
Fittest                      42.108353252194505
highest fitness' coverage:   43.80186231678441
highest fitness' collisions: 0.16935090645899045
new generation:  2176
Fittest                      42.1218971577935
highest fitness' coverage:   43.79322012905648
highest fitness' collisions: 0.16713229712629818
new generation:  2177
Fittest                      42.146578800248044
highest fitness' coverage:   43.817585543745004
highest fitness' collisions: 0.16710067434969625
new generation:  2178
Fittest                      42.131485022047166
highest fitness' coverage:   43.802491765544126
highest fitness' collisions: 0.1671006743496962
new generation:  2179
Fittest                      42.16195907411928
highest fitness' coverage:   43.83296581761624
highest fitness' collisions: 0.16710067434969617
new generation:  2180
Fittest                      42.146518604547424
highest fitness' coverage:   43.81752534804439
highest fitness' collisions: 0.1671006743496964
new generation:  2181
Fittest                      42.13695888889943
highest fitness' coverage:   43.80796563239639
highest fitness' collisions: 0.16710067434969622
new generation:  2182
Fittest                      42.121308108324904
highest fitness' coverage:   43.792314851821864
highest fitness' collisions: 0.16710067434969628
new generation:  2183
Fittest                      42.13823960636322
highest fitness' coverage:   43.80924634986018
highest fitness' collisions: 0.16710067434969625
new generation:  2184
Fittest                      42.13876704055375
highest fitness' coverage:   43.807746571548336
highest fitness' collisions: 0.16689795309945807
new generation:  2185
Fittest                      42.13386388591888
highest fitness' coverage:   43.802843416913454
highest fitness' collisions: 0.16689795309945793
new generation:  2186
Fittest                      42.13098440656936
highest fitness' coverage:   43.799963937563945
highest fitness' collisions: 0.16689795309945818
new generation:  2187
Fittest                      42.12965448318258
highest fitness' coverage:   43.79863401417715
highest fitness' collisions: 0.16689795309945799
new generation:  2188
Fittest                      42.13107034266399
highest fitness' coverage:   43.79599131115005
highest fitness' collisions: 0.16649209684860616
new generation:  2189
Fittest                      42.14114237569975
highest fitness' coverage:   43.806063344185816
highest fitness' collisions: 0.16649209684860622
new generation:  2190
Fittest                      42.1430520934986
highest fitness' coverage:   43.80797306198466
highest fitness' collisions: 0.16649209684860614
new generation:  2191
Fittest                      42.13518926193594
highest fitness' coverage:   43.80011023042201
highest fitness' collisions: 0.1664920968486064
new generation:  2192
Fittest                      42.140804506661425
highest fitness' coverage:   43.79217033164856
highest fitness' collisions: 0.16513658249871366
new generation:  2193
Fittest                      42.20357163317436
highest fitness' coverage:   43.886499634564515
highest fitness' collisions: 0.16829280013901543
new generation:  2194
Fittest                      42.216778311754084
highest fitness' coverage:   43.899706313144236
highest fitness' collisions: 0.16829280013901546
new generation:  2195
Fittest                      42.19447441442788
highest fitness' coverage:   43.87740241581803
highest fitness' collisions: 0.16829280013901532
new generation:  2196
Fittest                      42.21394942675549
highest fitness' coverage:   43.89687742814564
highest fitness' collisions: 0.16829280013901549
new generation:  2197
Fittest                      42.219167817903546
highest fitness' coverage:   43.9020958192937
highest fitness' collisions: 0.1682928001390153
new generation:  2198
Fittest                      42.228755919544845
highest fitness' coverage:   43.911683920935
highest fitness' collisions: 0.16829280013901535
new generation:  2199
Fittest                      42.22319978559709
highest fitness' coverage:   43.90612778698724
highest fitness' collisions: 0.16829280013901535
new generation:  2200
Fittest                      42.225819362802845
highest fitness' coverage:   43.908747364193
highest fitness' collisions: 0.16829280013901535
new generation:  2201
Fittest                      42.220113901663545
highest fitness' coverage:   43.9030419030537
highest fitness' collisions: 0.16829280013901546
new generation:  2202
Fittest                      42.22637521873296
highest fitness' coverage:   43.90865756589408
highest fitness' collisions: 0.16822823471611187
new generation:  2203
Fittest                      42.22473405108712
highest fitness' coverage:   43.90500560844284
highest fitness' collisions: 0.1680271557355723
new generation:  2204
Fittest                      42.216668773457684
highest fitness' coverage:   43.89694033081341
highest fitness' collisions: 0.16802715573557228
new generation:  2205
Fittest                      42.21915499798007
highest fitness' coverage:   43.89942655533579
highest fitness' collisions: 0.1680271557355723
new generation:  2206
Fittest                      42.22325525166879
highest fitness' coverage:   43.90352680902451
highest fitness' collisions: 0.16802715573557228
new generation:  2207
Fittest                      42.20974037980419
highest fitness' coverage:   43.89001193715991
highest fitness' collisions: 0.16802715573557225
new generation:  2208
Fittest                      42.223033723581764
highest fitness' coverage:   43.90330528093749
highest fitness' collisions: 0.16802715573557228
new generation:  2209
Fittest                      42.238026976169216
highest fitness' coverage:   43.91829853352494
highest fitness' collisions: 0.16802715573557217
new generation:  2210
Fittest                      42.23108574561163
highest fitness' coverage:   43.91135730296735
highest fitness' collisions: 0.16802715573557225
new generation:  2211
Fittest                      42.20037924416075
highest fitness' coverage:   43.880650801516474
highest fitness' collisions: 0.16802715573557236
new generation:  2212
Fittest                      42.22781259441759
highest fitness' coverage:   43.908084151773316
highest fitness' collisions: 0.1680271557355723
new generation:  2213
Fittest                      42.208354202958056
highest fitness' coverage:   43.86320166114232
highest fitness' collisions: 0.1654847458184266
new generation:  2214
Fittest                      42.21176278736959
highest fitness' coverage:   43.8726358414146
highest fitness' collisions: 0.16608730540450117
new generation:  2215
Fittest                      42.20758329886167
highest fitness' coverage:   43.86845635290668
highest fitness' collisions: 0.1660873054045011
new generation:  2216
Fittest                      42.211128470291236
highest fitness' coverage:   43.87200152433625
highest fitness' collisions: 0.16608730540450092
new generation:  2217
Fittest                      42.19089669309543
highest fitness' coverage:   43.83623300452972
highest fitness' collisions: 0.1645336311434288
new generation:  2218
Fittest                      42.20793749800265
highest fitness' coverage:   43.853273809436935
highest fitness' collisions: 0.16453363114342867
new generation:  2219
Fittest                      42.23368402190192
highest fitness' coverage:   43.879020333336214
highest fitness' collisions: 0.16453363114342884
new generation:  2220
Fittest                      42.217493604963686
highest fitness' coverage:   43.856069086644055
highest fitness' collisions: 0.163857548168037
new generation:  2221
Fittest                      42.215019671517084
highest fitness' coverage:   43.85359515319745
highest fitness' collisions: 0.16385754816803705
new generation:  2222
Fittest                      42.23379439983473
highest fitness' coverage:   43.8723698815151
highest fitness' collisions: 0.16385754816803674
new generation:  2223
Fittest                      42.206517037632
highest fitness' coverage:   43.84509251931237
highest fitness' collisions: 0.1638575481680368
new generation:  2224
Fittest                      42.20653231110806
highest fitness' coverage:   43.84510779278843
highest fitness' collisions: 0.16385754816803685
new generation:  2225
Fittest                      42.22054825349296
highest fitness' coverage:   43.85912373517333
highest fitness' collisions: 0.16385754816803685
new generation:  2226
Fittest                      42.19909521431327
highest fitness' coverage:   43.83767069599364
highest fitness' collisions: 0.16385754816803708
new generation:  2227
Fittest                      42.23465029637285
highest fitness' coverage:   43.87322577805322
highest fitness' collisions: 0.16385754816803688
new generation:  2228
Fittest                      42.22416175676968
highest fitness' coverage:   43.86273723845005
highest fitness' collisions: 0.16385754816803694
new generation:  2229
Fittest                      42.20810136811771
highest fitness' coverage:   43.86064146868617
highest fitness' collisions: 0.16525401005684606
new generation:  2230
Fittest                      42.204736904114554
highest fitness' coverage:   43.85727700468301
highest fitness' collisions: 0.16525401005684592
new generation:  2231
Fittest                      42.205786727694665
highest fitness' coverage:   43.86033761806852
highest fitness' collisions: 0.1654550890373856
new generation:  2232
Fittest                      42.20286532732403
highest fitness' coverage:   43.85741621769788
highest fitness' collisions: 0.16545508903738562
new generation:  2233
Fittest                      42.22434713861477
highest fitness' coverage:   43.87889802898862
highest fitness' collisions: 0.16545508903738562
new generation:  2234
Fittest                      42.22068191343407
highest fitness' coverage:   43.875232803807926
highest fitness' collisions: 0.16545508903738534
new generation:  2235
Fittest                      42.20157573406398
highest fitness' coverage:   43.856126624437834
highest fitness' collisions: 0.16545508903738554
new generation:  2236
Fittest                      42.19625876835365
highest fitness' coverage:   43.850809658727506
highest fitness' collisions: 0.16545508903738537
new generation:  2237
Fittest                      42.19012155948361
highest fitness' coverage:   43.84467244985746
highest fitness' collisions: 0.16545508903738554
new generation:  2238
Fittest                      42.195051198025006
highest fitness' coverage:   43.84960208839886
highest fitness' collisions: 0.16545508903738573
new generation:  2239
Fittest                      42.23713951541943
highest fitness' coverage:   43.891690405793284
highest fitness' collisions: 0.16545508903738546
new generation:  2240
Fittest                      42.2025621692834
highest fitness' coverage:   43.85711305965725
highest fitness' collisions: 0.16545508903738546
new generation:  2241
Fittest                      42.21519120164491
highest fitness' coverage:   43.86974209201877
highest fitness' collisions: 0.16545508903738554
new generation:  2242
Fittest                      42.2394030436777
highest fitness' coverage:   43.89395393405155
highest fitness' collisions: 0.16545508903738565
new generation:  2243
Fittest                      42.20488167771781
highest fitness' coverage:   43.85943256809166
highest fitness' collisions: 0.16545508903738548
new generation:  2244
Fittest                      42.187632027014715
highest fitness' coverage:   43.85969418825544
highest fitness' collisions: 0.16720621612407222
new generation:  2245
Fittest                      42.200950027047284
highest fitness' coverage:   43.87301218828801
highest fitness' collisions: 0.16720621612407247
new generation:  2246
Fittest                      42.184676545395234
highest fitness' coverage:   43.85673870663596
highest fitness' collisions: 0.16720621612407244
new generation:  2247
Fittest                      42.16695431494263
highest fitness' coverage:   43.83285693476478
highest fitness' collisions: 0.16659026198221485
new generation:  2248
Fittest                      42.20163256270391
highest fitness' coverage:   43.84237934058031
highest fitness' collisions: 0.16407467778764034
new generation:  2249
Fittest                      42.202180825154436
highest fitness' coverage:   43.84292760303084
highest fitness' collisions: 0.1640746777876402
new generation:  2250
Fittest                      42.20685819937079
highest fitness' coverage:   43.847604977247194
highest fitness' collisions: 0.1640746777876403
new generation:  2251
Fittest                      42.204232163080356
highest fitness' coverage:   43.84497894095676
highest fitness' collisions: 0.16407467778764015
new generation:  2252
Fittest                      42.207500361043735
highest fitness' coverage:   43.84824713892014
highest fitness' collisions: 0.1640746777876403
new generation:  2253
Fittest                      42.210499950915
highest fitness' coverage:   43.8512467287914
highest fitness' collisions: 0.16407467778764007
new generation:  2254
Fittest                      42.22978601215457
highest fitness' coverage:   43.867054284604784
highest fitness' collisions: 0.1637268272450216
new generation:  2255
Fittest                      42.21820745480856
highest fitness' coverage:   43.85547572725877
highest fitness' collisions: 0.16372682724502144
new generation:  2256
Fittest                      42.196930053232755
highest fitness' coverage:   43.83419832568297
highest fitness' collisions: 0.16372682724502172
new generation:  2257
Fittest                      42.2118179244951
highest fitness' coverage:   43.849086196945315
highest fitness' collisions: 0.16372682724502152
new generation:  2258
Fittest                      42.22043111068199
highest fitness' coverage:   43.85769938313221
highest fitness' collisions: 0.1637268272450215
new generation:  2259
Fittest                      42.21129394646
highest fitness' coverage:   43.84856221891022
highest fitness' collisions: 0.1637268272450216
new generation:  2260
Fittest                      42.22089617267249
highest fitness' coverage:   43.8581644451227
highest fitness' collisions: 0.16372682724502155
new generation:  2261
Fittest                      42.23061450478919
highest fitness' coverage:   43.8678827772394
highest fitness' collisions: 0.16372682724502163
new generation:  2262
Fittest                      42.22638112943237
highest fitness' coverage:   43.86364940188258
highest fitness' collisions: 0.16372682724502166
new generation:  2263
Fittest                      42.20848678782764
highest fitness' coverage:   43.84575506027785
highest fitness' collisions: 0.16372682724502158
new generation:  2264
Fittest                      42.226242078725384
highest fitness' coverage:   43.8635103511756
highest fitness' collisions: 0.1637268272450216
new generation:  2265
Fittest                      42.1986176039711
highest fitness' coverage:   43.835885876421315
highest fitness' collisions: 0.16372682724502155
new generation:  2266
Fittest                      42.217669284170356
highest fitness' coverage:   43.85493755662057
highest fitness' collisions: 0.16372682724502158
new generation:  2267
Fittest                      42.22389341535957
highest fitness' coverage:   43.86116168780978
highest fitness' collisions: 0.16372682724502158
new generation:  2268
Fittest                      42.229474190514914
highest fitness' coverage:   43.86674246296513
highest fitness' collisions: 0.1637268272450215
new generation:  2269
Fittest                      42.21812402237272
highest fitness' coverage:   43.855392294822934
highest fitness' collisions: 0.16372682724502172
new generation:  2270
Fittest                      42.22451010449249
highest fitness' coverage:   43.8617783769427
highest fitness' collisions: 0.1637268272450215
new generation:  2271
Fittest                      42.21408758041238
highest fitness' coverage:   43.851355852862596
highest fitness' collisions: 0.16372682724502163
new generation:  2272
Fittest                      42.20477671039749
highest fitness' coverage:   43.8420449828477
highest fitness' collisions: 0.16372682724502155
new generation:  2273
Fittest                      42.208951050739884
highest fitness' coverage:   43.8462193231901
highest fitness' collisions: 0.1637268272450217
new generation:  2274
Fittest                      42.21732622716145
highest fitness' coverage:   43.854594499611665
highest fitness' collisions: 0.1637268272450215
new generation:  2275
Fittest                      42.18329062430323
highest fitness' coverage:   43.82055889675345
highest fitness' collisions: 0.1637268272450215
new generation:  2276
Fittest                      42.209621591628554
highest fitness' coverage:   43.848474757271234
highest fitness' collisions: 0.16388531656426772
new generation:  2277
Fittest                      42.23954569623373
highest fitness' coverage:   43.9167389157194
highest fitness' collisions: 0.16771932194856654
new generation:  2278
Fittest                      42.22521240800544
highest fitness' coverage:   43.902405627491106
highest fitness' collisions: 0.16771932194856665
new generation:  2279
Fittest                      42.23099202545334
highest fitness' coverage:   43.908185244939006
highest fitness' collisions: 0.16771932194856692
new generation:  2280
Fittest                      42.24037686563857
highest fitness' coverage:   43.91757008512423
highest fitness' collisions: 0.1677193219485668
new generation:  2281
Fittest                      42.25643865071005
highest fitness' coverage:   43.93363187019572
highest fitness' collisions: 0.16771932194856656
new generation:  2282
Fittest                      42.22776227533832
highest fitness' coverage:   43.90495549482399
highest fitness' collisions: 0.16771932194856667
new generation:  2283
Fittest                      42.23346861838606
highest fitness' coverage:   43.91528518152363
highest fitness' collisions: 0.16818165631375673
new generation:  2284
Fittest                      42.23960627794695
highest fitness' coverage:   43.921422841084514
highest fitness' collisions: 0.1681816563137567
new generation:  2285
Fittest                      42.22678401958229
highest fitness' coverage:   43.908600582719856
highest fitness' collisions: 0.16818165631375642
new generation:  2286
Fittest                      42.24873558782734
highest fitness' coverage:   43.93055215096491
highest fitness' collisions: 0.1681816563137566
new generation:  2287
Fittest                      42.221425006120775
highest fitness' coverage:   43.90324156925834
highest fitness' collisions: 0.1681816563137566
new generation:  2288
Fittest                      42.25280404662877
highest fitness' coverage:   43.926322480890626
highest fitness' collisions: 0.16735184342618575
new generation:  2289
Fittest                      42.23141898642902
highest fitness' coverage:   43.90493742069088
highest fitness' collisions: 0.16735184342618575
new generation:  2290
Fittest                      42.210412113017874
highest fitness' coverage:   43.88393054727973
highest fitness' collisions: 0.16735184342618575
new generation:  2291
Fittest                      42.231418712669424
highest fitness' coverage:   43.90493714693128
highest fitness' collisions: 0.16735184342618564
new generation:  2292
Fittest                      42.23173201526395
highest fitness' coverage:   43.90525044952581
highest fitness' collisions: 0.16735184342618561
new generation:  2293
Fittest                      42.24194459839698
highest fitness' coverage:   43.915463032658835
highest fitness' collisions: 0.16735184342618561
new generation:  2294
Fittest                      42.24168198457951
highest fitness' coverage:   43.917382675878336
highest fitness' collisions: 0.1675700691298832
new generation:  2295
Fittest                      42.2448478741111
highest fitness' coverage:   43.92054856540994
highest fitness' collisions: 0.16757006912988337
new generation:  2296
Fittest                      42.23553798469286
highest fitness' coverage:   43.9112386759917
highest fitness' collisions: 0.1675700691298833
new generation:  2297
Fittest                      42.25403164020018
highest fitness' coverage:   43.92973233149902
highest fitness' collisions: 0.1675700691298833
new generation:  2298
Fittest                      42.25192567786466
highest fitness' coverage:   43.92762636916349
highest fitness' collisions: 0.1675700691298831
new generation:  2299
Fittest                      42.25200571942995
highest fitness' coverage:   43.92770641072878
highest fitness' collisions: 0.1675700691298832
new generation:  2300
Fittest                      42.22914218105299
highest fitness' coverage:   43.90484287235183
highest fitness' collisions: 0.1675700691298833
new generation:  2301
Fittest                      42.24569721664243
highest fitness' coverage:   43.92139790794126
highest fitness' collisions: 0.16757006912988343
new generation:  2302
Fittest                      42.232060237001505
highest fitness' coverage:   43.907760928300334
highest fitness' collisions: 0.1675700691298832
new generation:  2303
Fittest                      42.225877305294034
highest fitness' coverage:   43.90157799659287
highest fitness' collisions: 0.1675700691298833
new generation:  2304
Fittest                      42.24751434634374
highest fitness' coverage:   43.92321503764258
highest fitness' collisions: 0.16757006912988345
new generation:  2305
Fittest                      42.26086800678182
highest fitness' coverage:   43.92954229082965
highest fitness' collisions: 0.16686742840478308
new generation:  2306
Fittest                      42.22453883748064
highest fitness' coverage:   43.89321312152847
highest fitness' collisions: 0.16686742840478314
new generation:  2307
Fittest                      42.26114264793093
highest fitness' coverage:   43.92981693197876
highest fitness' collisions: 0.16686742840478322
new generation:  2308
Fittest                      42.26324118785912
highest fitness' coverage:   43.93913526537553
highest fitness' collisions: 0.1675894077516409
new generation:  2309
Fittest                      42.22655226226121
highest fitness' coverage:   43.90244633977762
highest fitness' collisions: 0.1675894077516412
new generation:  2310
Fittest                      42.23427969955996
highest fitness' coverage:   43.91191157790512
highest fitness' collisions: 0.16776318783451594
new generation:  2311
Fittest                      42.22391132263054
highest fitness' coverage:   43.9015432009757
highest fitness' collisions: 0.16776318783451608
new generation:  2312
Fittest                      42.239128228959636
highest fitness' coverage:   43.916760107304796
highest fitness' collisions: 0.16776318783451585
new generation:  2313
Fittest                      42.22475079050485
highest fitness' coverage:   43.90238266885001
highest fitness' collisions: 0.16776318783451602
new generation:  2314
Fittest                      42.24896533688876
highest fitness' coverage:   43.92659721523392
highest fitness' collisions: 0.1677631878345161
new generation:  2315
Fittest                      42.23095920610011
highest fitness' coverage:   43.90859108444527
highest fitness' collisions: 0.16776318783451602
new generation:  2316
Fittest                      42.221028847341564
highest fitness' coverage:   43.91718908912743
highest fitness' collisions: 0.1696160241785867
new generation:  2317
Fittest                      42.200501488028465
highest fitness' coverage:   43.88901262130834
highest fitness' collisions: 0.16885111332798772
new generation:  2318
Fittest                      42.22971890707326
highest fitness' coverage:   43.91823004035314
highest fitness' collisions: 0.1688511133279878
new generation:  2319
Fittest                      42.213829142181545
highest fitness' coverage:   43.90234027546143
highest fitness' collisions: 0.16885111332798802
new generation:  2320
Fittest                      42.214019388173035
highest fitness' coverage:   43.90253052145292
highest fitness' collisions: 0.16885111332798786
new generation:  2321
Fittest                      42.24879032341596
highest fitness' coverage:   43.93652520957921
highest fitness' collisions: 0.16877348861632502
new generation:  2322
Fittest                      42.214335104888704
highest fitness' coverage:   43.90206999105195
highest fitness' collisions: 0.168773488616325
new generation:  2323
Fittest                      42.22957912181602
highest fitness' coverage:   43.91731400797927
highest fitness' collisions: 0.16877348861632513
new generation:  2324
Fittest                      42.233116660376496
highest fitness' coverage:   43.920851546539744
highest fitness' collisions: 0.1687734886163251
new generation:  2325
Fittest                      42.22095698686324
highest fitness' coverage:   43.90869187302649
highest fitness' collisions: 0.16877348861632496
new generation:  2326
Fittest                      42.21984832844389
highest fitness' coverage:   43.907583214607136
highest fitness' collisions: 0.16877348861632507
new generation:  2327
Fittest                      42.22702900329331
highest fitness' coverage:   43.91476388945656
highest fitness' collisions: 0.16877348861632496
new generation:  2328
Fittest                      42.22017917223722
highest fitness' coverage:   43.90791405840047
highest fitness' collisions: 0.16877348861632502
new generation:  2329
Fittest                      42.22425421893571
highest fitness' coverage:   43.91198910509896
highest fitness' collisions: 0.1687734886163251
new generation:  2330
Fittest                      42.23242030691352
highest fitness' coverage:   43.92051196566104
highest fitness' collisions: 0.1688091658747527
new generation:  2331
Fittest                      42.25761758646088
highest fitness' coverage:   43.945709245208405
highest fitness' collisions: 0.16880916587475256
new generation:  2332
Fittest                      42.24142607842809
highest fitness' coverage:   43.93042974801497
highest fitness' collisions: 0.16890036695868801
new generation:  2333
Fittest                      42.23438248080448
highest fitness' coverage:   43.90587487952449
highest fitness' collisions: 0.1671492398720013
new generation:  2334
Fittest                      42.24850084589334
highest fitness' coverage:   43.91999324461335
highest fitness' collisions: 0.1671492398720013
new generation:  2335
Fittest                      42.23173575149447
highest fitness' coverage:   43.90798537968997
highest fitness' collisions: 0.16762496281954967
new generation:  2336
Fittest                      42.237965790277165
highest fitness' coverage:   43.91461447093565
highest fitness' collisions: 0.1676648680658491
new generation:  2337
Fittest                      42.2506439268143
highest fitness' coverage:   43.92729260747279
highest fitness' collisions: 0.16766486806584918
new generation:  2338
Fittest                      42.24481120987372
highest fitness' coverage:   43.921459890532205
highest fitness' collisions: 0.16766486806584904
new generation:  2339
Fittest                      42.256101293406644
highest fitness' coverage:   43.93274997406514
highest fitness' collisions: 0.16766486806584915
new generation:  2340
Fittest                      42.232102499858506
highest fitness' coverage:   43.908751180516994
highest fitness' collisions: 0.1676648680658491
new generation:  2341
Fittest                      42.245636054740324
highest fitness' coverage:   43.9051261285615
highest fitness' collisions: 0.16594900738211718
new generation:  2342
Fittest                      42.249010661712
highest fitness' coverage:   43.90850073553317
highest fitness' collisions: 0.16594900738211701
new generation:  2343
Fittest                      42.282912642761374
highest fitness' coverage:   43.94240271658255
highest fitness' collisions: 0.16594900738211713
new generation:  2344
Fittest                      42.28312931672124
highest fitness' coverage:   43.942619390542404
highest fitness' collisions: 0.1659490073821168
new generation:  2345
Fittest                      42.24944637509673
highest fitness' coverage:   43.908936448917906
highest fitness' collisions: 0.16594900738211715
new generation:  2346
Fittest                      42.26970501878561
highest fitness' coverage:   43.914740694899315
highest fitness' collisions: 0.16450356761137103
new generation:  2347
Fittest                      42.26298114650953
highest fitness' coverage:   43.908016822623246
highest fitness' collisions: 0.1645035676113712
new generation:  2348
Fittest                      42.27913264591334
highest fitness' coverage:   43.92416832202705
highest fitness' collisions: 0.1645035676113709
new generation:  2349
Fittest                      42.254571982217065
highest fitness' coverage:   43.89960765833077
highest fitness' collisions: 0.16450356761137103
new generation:  2350
Fittest                      42.272457996725706
highest fitness' coverage:   43.91749367283941
highest fitness' collisions: 0.16450356761137108
new generation:  2351
Fittest                      42.26846571360682
highest fitness' coverage:   43.91409163156587
highest fitness' collisions: 0.16456259179590438
new generation:  2352
Fittest                      42.2588510507565
highest fitness' coverage:   43.90447696871554
highest fitness' collisions: 0.16456259179590435
new generation:  2353
Fittest                      42.258227503189744
highest fitness' coverage:   43.898952205167284
highest fitness' collisions: 0.16407247019775434
new generation:  2354
Fittest                      42.254649712544435
highest fitness' coverage:   43.89537441452198
highest fitness' collisions: 0.16407247019775445
new generation:  2355
Fittest                      42.26383737057266
highest fitness' coverage:   43.9045620725502
highest fitness' collisions: 0.16407247019775434
new generation:  2356
Fittest                      42.27394390703238
highest fitness' coverage:   43.915093354231665
highest fitness' collisions: 0.16411494471992852
new generation:  2357
Fittest                      42.277993099098104
highest fitness' coverage:   43.95828483501405
highest fitness' collisions: 0.16802917359159422
new generation:  2358
Fittest                      42.24769744946677
highest fitness' coverage:   43.92798918538271
highest fitness' collisions: 0.16802917359159394
new generation:  2359
Fittest                      42.25655658142058
highest fitness' coverage:   43.93684831733652
highest fitness' collisions: 0.16802917359159383
new generation:  2360
Fittest                      42.265795707733204
highest fitness' coverage:   43.94608744364914
highest fitness' collisions: 0.16802917359159392
new generation:  2361
Fittest                      42.26982629475066
highest fitness' coverage:   43.9550192466481
highest fitness' collisions: 0.16851929518974396
new generation:  2362
Fittest                      42.248723771130294
highest fitness' coverage:   43.93351767056474
highest fitness' collisions: 0.1684793899434444
new generation:  2363
Fittest                      42.249180964236594
highest fitness' coverage:   43.93397486367104
highest fitness' collisions: 0.16847938994344458
new generation:  2364
Fittest                      42.27044047602441
highest fitness' coverage:   43.95523437545886
highest fitness' collisions: 0.16847938994344452
new generation:  2365
Fittest                      42.25516958255615
highest fitness' coverage:   43.939963481990596
highest fitness' collisions: 0.16847938994344452
new generation:  2366
Fittest                      42.23649770775005
highest fitness' coverage:   43.92129160718449
highest fitness' collisions: 0.16847938994344458
new generation:  2367
Fittest                      42.25584214593647
highest fitness' coverage:   43.940636045370915
highest fitness' collisions: 0.1684793899434445
new generation:  2368
Fittest                      42.24835416143242
highest fitness' coverage:   43.93343063704113
highest fitness' collisions: 0.168507647560871
new generation:  2369
Fittest                      42.257454949982616
highest fitness' coverage:   43.94092632518838
highest fitness' collisions: 0.16834713752057634
new generation:  2370
Fittest                      42.27807338425872
highest fitness' coverage:   43.96154475946448
highest fitness' collisions: 0.16834713752057645
new generation:  2371
Fittest                      42.24977358909589
highest fitness' coverage:   43.93324496430165
highest fitness' collisions: 0.16834713752057648
new generation:  2372
Fittest                      42.25008631689177
highest fitness' coverage:   43.93355769209753
highest fitness' collisions: 0.16834713752057648
new generation:  2373
Fittest                      42.29142830961127
highest fitness' coverage:   43.97489968481703
highest fitness' collisions: 0.16834713752057645
new generation:  2374
Fittest                      42.24064272720561
highest fitness' coverage:   43.92411410241137
highest fitness' collisions: 0.1683471375205764
new generation:  2375
Fittest                      42.266590531990744
highest fitness' coverage:   43.94322692195362
highest fitness' collisions: 0.1676636389962872
new generation:  2376
Fittest                      42.27275625553078
highest fitness' coverage:   43.94939264549365
highest fitness' collisions: 0.16766363899628717
new generation:  2377
Fittest                      42.25115961931253
highest fitness' coverage:   43.9277960092754
highest fitness' collisions: 0.16766363899628683
new generation:  2378
Fittest                      42.276160590550695
highest fitness' coverage:   43.95279698051357
highest fitness' collisions: 0.167663638996287
new generation:  2379
Fittest                      42.28811810440212
highest fitness' coverage:   43.964754494364996
highest fitness' collisions: 0.167663638996287
new generation:  2380
Fittest                      42.260801482903844
highest fitness' coverage:   43.93743787286672
highest fitness' collisions: 0.16766363899628708
new generation:  2381
Fittest                      42.25773738394002
highest fitness' coverage:   43.934373773902884
highest fitness' collisions: 0.16766363899628686
new generation:  2382
Fittest                      42.26881271574817
highest fitness' coverage:   43.97707188231272
highest fitness' collisions: 0.17082591665645533
new generation:  2383
Fittest                      42.253249746044666
highest fitness' coverage:   43.96150891260922
highest fitness' collisions: 0.17082591665645527
new generation:  2384
Fittest                      42.23159442534568
highest fitness' coverage:   43.939853591910236
highest fitness' collisions: 0.17082591665645536
new generation:  2385
Fittest                      42.24390989040115
highest fitness' coverage:   43.9521690569657
highest fitness' collisions: 0.17082591665645544
new generation:  2386
Fittest                      42.24451699763063
highest fitness' coverage:   43.952776164195186
highest fitness' collisions: 0.17082591665645552
new generation:  2387
Fittest                      42.241792741008446
highest fitness' coverage:   43.950051907573
highest fitness' collisions: 0.17082591665645547
new generation:  2388
Fittest                      42.25311473191201
highest fitness' coverage:   43.961373898476566
highest fitness' collisions: 0.17082591665645558
new generation:  2389
Fittest                      42.23765705273227
highest fitness' coverage:   43.94591621929682
highest fitness' collisions: 0.17082591665645533
new generation:  2390
Fittest                      42.227801731913004
highest fitness' coverage:   43.97930904698841
highest fitness' collisions: 0.17515073150754112
new generation:  2391
Fittest                      42.210670458208696
highest fitness' coverage:   43.962897595560655
highest fitness' collisions: 0.17522271373519577
new generation:  2392
Fittest                      42.21784611624547
highest fitness' coverage:   43.97587050214581
highest fitness' collisions: 0.17580243859003453
new generation:  2393
Fittest                      42.209158221841165
highest fitness' coverage:   43.967182607741506
highest fitness' collisions: 0.17580243859003442
new generation:  2394
Fittest                      42.20283774702724
highest fitness' coverage:   43.96086213292758
highest fitness' collisions: 0.17580243859003444
new generation:  2395
Fittest                      42.20861409382907
highest fitness' coverage:   43.96663847972941
highest fitness' collisions: 0.17580243859003433
new generation:  2396
Fittest                      42.20933831164488
highest fitness' coverage:   43.96736269754522
highest fitness' collisions: 0.1758024385900344
new generation:  2397
Fittest                      42.23009653902422
highest fitness' coverage:   43.98812092492456
highest fitness' collisions: 0.17580243859003444
new generation:  2398
Fittest                      42.203183834270895
highest fitness' coverage:   43.96120822017124
highest fitness' collisions: 0.1758024385900343
new generation:  2399
Fittest                      42.20244980263043
highest fitness' coverage:   43.960474188530775
highest fitness' collisions: 0.1758024385900344
new generation:  2400
Fittest                      42.21177101674793
highest fitness' coverage:   43.96979540264827
highest fitness' collisions: 0.1758024385900345
new generation:  2401
Fittest                      42.20408601399376
highest fitness' coverage:   43.96952350230711
highest fitness' collisions: 0.17654374883133536
new generation:  2402
Fittest                      42.19865341987056
highest fitness' coverage:   43.96409090818391
highest fitness' collisions: 0.17654374883133528
new generation:  2403
Fittest                      42.20489684215578
highest fitness' coverage:   43.970334330469136
highest fitness' collisions: 0.17654374883133536
new generation:  2404
Fittest                      42.18534185476916
highest fitness' coverage:   43.95680493894326
highest fitness' collisions: 0.17714630841740972
new generation:  2405
Fittest                      42.19912667576725
highest fitness' coverage:   43.970589759941355
highest fitness' collisions: 0.1771463084174098
new generation:  2406
Fittest                      42.21692435085147
highest fitness' coverage:   43.988387435025565
highest fitness' collisions: 0.1771463084174097
new generation:  2407
Fittest                      42.18815204325319
highest fitness' coverage:   43.95961512742729
highest fitness' collisions: 0.1771463084174098
new generation:  2408
Fittest                      42.2073123666376
highest fitness' coverage:   43.97025277327145
highest fitness' collisions: 0.17629404066338447
new generation:  2409
Fittest                      42.20067980892892
highest fitness' coverage:   43.96362021556276
highest fitness' collisions: 0.17629404066338447
new generation:  2410
Fittest                      42.18461775264157
highest fitness' coverage:   43.94755815927542
highest fitness' collisions: 0.17629404066338458
new generation:  2411
Fittest                      42.21073858167084
highest fitness' coverage:   43.973678988304684
highest fitness' collisions: 0.17629404066338447
new generation:  2412
Fittest                      42.19478725264587
highest fitness' coverage:   43.95772765927971
highest fitness' collisions: 0.17629404066338453
new generation:  2413
Fittest                      42.20642800526856
highest fitness' coverage:   43.96936841190241
highest fitness' collisions: 0.17629404066338455
new generation:  2414
Fittest                      42.22294174757032
highest fitness' coverage:   43.98588215420416
highest fitness' collisions: 0.1762940406633846
new generation:  2415
Fittest                      42.19788729843556
highest fitness' coverage:   43.956520589183526
highest fitness' collisions: 0.17586332907479638
new generation:  2416
Fittest                      42.21958588050147
highest fitness' coverage:   43.97917416383545
highest fitness' collisions: 0.17595882833339843
new generation:  2417
Fittest                      42.21673422651416
highest fitness' coverage:   43.976322509848146
highest fitness' collisions: 0.17595882833339843
new generation:  2418
Fittest                      42.194444175208986
highest fitness' coverage:   43.95403245854297
highest fitness' collisions: 0.17595882833339846
new generation:  2419
Fittest                      42.19751575190755
highest fitness' coverage:   43.957104035241535
highest fitness' collisions: 0.17595882833339846
new generation:  2420
Fittest                      42.194993548864645
highest fitness' coverage:   43.95458183219863
highest fitness' collisions: 0.1759588283333984
new generation:  2421
Fittest                      42.2005388962577
highest fitness' coverage:   43.96012717959169
highest fitness' collisions: 0.1759588283333987
new generation:  2422
Fittest                      42.1847962819592
highest fitness' coverage:   43.94469789928216
highest fitness' collisions: 0.1759901617322963
new generation:  2423
Fittest                      42.20609353903409
highest fitness' coverage:   43.96599515635705
highest fitness' collisions: 0.17599016173229626
new generation:  2424
Fittest                      42.201843286805705
highest fitness' coverage:   43.95994266080827
highest fitness' collisions: 0.17580993740025608
new generation:  2425
Fittest                      42.205582585623915
highest fitness' coverage:   43.96368195962648
highest fitness' collisions: 0.17580993740025597
new generation:  2426
Fittest                      42.187035677159976
highest fitness' coverage:   43.94513505116254
highest fitness' collisions: 0.1758099374002561
new generation:  2427
Fittest                      42.23658967019121
highest fitness' coverage:   43.98866344833302
highest fitness' collisions: 0.1752073778141817
new generation:  2428
Fittest                      42.220304557451776
highest fitness' coverage:   43.97237833559359
highest fitness' collisions: 0.1752073778141816
new generation:  2429
Fittest                      42.22011965960881
highest fitness' coverage:   43.97219343775063
highest fitness' collisions: 0.17520737781418178
new generation:  2430
Fittest                      42.213989825630456
highest fitness' coverage:   43.96606360377227
highest fitness' collisions: 0.17520737781418164
new generation:  2431
Fittest                      42.19590342571628
highest fitness' coverage:   43.948234243436374
highest fitness' collisions: 0.1752330817720093
new generation:  2432
Fittest                      42.194980174584394
highest fitness' coverage:   43.94731099230449
highest fitness' collisions: 0.1752330817720094
new generation:  2433
Fittest                      42.22700999927297
highest fitness' coverage:   43.979340816993066
highest fitness' collisions: 0.1752330817720095
new generation:  2434
Fittest                      42.21811949941846
highest fitness' coverage:   43.98284044044174
highest fitness' collisions: 0.17647209410232814
new generation:  2435
Fittest                      42.24497994266948
highest fitness' coverage:   44.01068231094666
highest fitness' collisions: 0.17657023682771839
new generation:  2436
Fittest                      42.25106355029348
highest fitness' coverage:   44.01676591857066
highest fitness' collisions: 0.17657023682771855
new generation:  2437
Fittest                      42.24454815552457
highest fitness' coverage:   44.01025052380175
highest fitness' collisions: 0.17657023682771847
new generation:  2438
Fittest                      42.25596555268032
highest fitness' coverage:   44.021667920957505
highest fitness' collisions: 0.17657023682771855
new generation:  2439
Fittest                      42.24687511152566
highest fitness' coverage:   44.01257747980284
highest fitness' collisions: 0.17657023682771839
new generation:  2440
Fittest                      42.247125409251105
highest fitness' coverage:   44.01282777752829
highest fitness' collisions: 0.1765702368277185
new generation:  2441
Fittest                      42.262949505769654
highest fitness' coverage:   44.02865187404684
highest fitness' collisions: 0.1765702368277184
new generation:  2442
Fittest                      42.28532088401303
highest fitness' coverage:   44.04083450800249
highest fitness' collisions: 0.17555136239894562
new generation:  2443
Fittest                      42.25697941609008
highest fitness' coverage:   44.01249304007954
highest fitness' collisions: 0.17555136239894553
new generation:  2444
Fittest                      42.248361685940424
highest fitness' coverage:   44.00387530992988
highest fitness' collisions: 0.1755513623989456
new generation:  2445
Fittest                      42.249926762379665
highest fitness' coverage:   43.99214589333631
highest fitness' collisions: 0.17422191309566384
new generation:  2446
Fittest                      42.28713192037072
highest fitness' coverage:   44.02935105132736
highest fitness' collisions: 0.17422191309566384
new generation:  2447
Fittest                      42.251828659464536
highest fitness' coverage:   43.99404779042118
highest fitness' collisions: 0.17422191309566404
new generation:  2448
Fittest                      42.27445109273327
highest fitness' coverage:   44.016670223689914
highest fitness' collisions: 0.174221913095664
new generation:  2449
Fittest                      42.267372254346185
highest fitness' coverage:   44.0137732303553
highest fitness' collisions: 0.17464009760091143
new generation:  2450
Fittest                      42.2652016314446
highest fitness' coverage:   44.02001884300231
highest fitness' collisions: 0.1754817211557717
new generation:  2451
Fittest                      42.263820947829366
highest fitness' coverage:   44.01907750517814
highest fitness' collisions: 0.1755256557348771
new generation:  2452
Fittest                      42.27949193031973
highest fitness' coverage:   44.0347484876685
highest fitness' collisions: 0.17552565573487697
new generation:  2453
Fittest                      42.26434487690073
highest fitness' coverage:   44.018998874663424
highest fitness' collisions: 0.1754653997762696
new generation:  2454
Fittest                      42.274197864638076
highest fitness' coverage:   44.02885186240077
highest fitness' collisions: 0.1754653997762695
new generation:  2455
Fittest                      42.28431808649924
highest fitness' coverage:   44.05402797760595
highest fitness' collisions: 0.17697098911067097
new generation:  2456
Fittest                      42.297629347215825
highest fitness' coverage:   44.06733923832253
highest fitness' collisions: 0.17697098911067075
new generation:  2457
Fittest                      42.25656819254436
highest fitness' coverage:   44.026278083651064
highest fitness' collisions: 0.17697098911067072
new generation:  2458
Fittest                      42.28704474143522
highest fitness' coverage:   44.056754632541924
highest fitness' collisions: 0.1769709891106707
new generation:  2459
Fittest                      42.26504180297897
highest fitness' coverage:   44.03610065696827
highest fitness' collisions: 0.17710588539893
new generation:  2460
Fittest                      42.260907062762364
highest fitness' coverage:   44.031965916751666
highest fitness' collisions: 0.17710588539893005
new generation:  2461
Fittest                      42.290195273299375
highest fitness' coverage:   44.06125412728867
highest fitness' collisions: 0.17710588539892985
new generation:  2462
Fittest                      42.2733689276593
highest fitness' coverage:   44.06958362359435
highest fitness' collisions: 0.17962146959350492
new generation:  2463
Fittest                      42.228869312410545
highest fitness' coverage:   44.03222713589799
highest fitness' collisions: 0.18033578234874487
new generation:  2464
Fittest                      42.244599459524224
highest fitness' coverage:   44.053903899754424
highest fitness' collisions: 0.1809304440230198
new generation:  2465
Fittest                      42.22065309868049
highest fitness' coverage:   44.02995753891069
highest fitness' collisions: 0.18093044402301986
new generation:  2466
Fittest                      42.229290079584004
highest fitness' coverage:   44.038594519814204
highest fitness' collisions: 0.1809304440230198
new generation:  2467
Fittest                      42.247691986602085
highest fitness' coverage:   44.056996426832285
highest fitness' collisions: 0.18093044402301983
new generation:  2468
Fittest                      42.2293060428722
highest fitness' coverage:   44.03299114263535
highest fitness' collisions: 0.18036850997631526
new generation:  2469
Fittest                      42.24692882716852
highest fitness' coverage:   44.05061392693167
highest fitness' collisions: 0.1803685099763151
new generation:  2470
Fittest                      42.23514254527268
highest fitness' coverage:   44.03882764503583
highest fitness' collisions: 0.1803685099763153
new generation:  2471
Fittest                      42.24313027134727
highest fitness' coverage:   44.04380000382587
highest fitness' collisions: 0.18006697324786003
new generation:  2472
Fittest                      42.20900572224491
highest fitness' coverage:   44.00967545472351
highest fitness' collisions: 0.18006697324785986
new generation:  2473
Fittest                      42.20540351205135
highest fitness' coverage:   44.006073244529944
highest fitness' collisions: 0.1800669732478598
new generation:  2474
Fittest                      42.22344759859509
highest fitness' coverage:   44.01896199442765
highest fitness' collisions: 0.17955143958325595
new generation:  2475
Fittest                      42.212905854994446
highest fitness' coverage:   44.00842025082701
highest fitness' collisions: 0.17955143958325617
new generation:  2476
Fittest                      42.22853677453286
highest fitness' coverage:   44.02416598572757
highest fitness' collisions: 0.17956292111947111
new generation:  2477
Fittest                      42.22266254358352
highest fitness' coverage:   44.018291754778225
highest fitness' collisions: 0.17956292111947103
new generation:  2478
Fittest                      42.24160266447122
highest fitness' coverage:   44.03723187566593
highest fitness' collisions: 0.17956292111947098
new generation:  2479
Fittest                      42.19408613019813
highest fitness' coverage:   43.989845797218976
highest fitness' collisions: 0.17957596670208464
new generation:  2480
Fittest                      42.223167572629954
highest fitness' coverage:   44.01892723965079
highest fitness' collisions: 0.1795759667020842
new generation:  2481
Fittest                      42.21884530253003
highest fitness' coverage:   44.014604969550874
highest fitness' collisions: 0.17957596670208464
new generation:  2482
Fittest                      42.21581529542022
highest fitness' coverage:   44.01157496244107
highest fitness' collisions: 0.1795759667020844
new generation:  2483
Fittest                      42.228343128353735
highest fitness' coverage:   44.024102795374574
highest fitness' collisions: 0.1795759667020842
new generation:  2484
Fittest                      42.207490431166185
highest fitness' coverage:   44.002338087347674
highest fitness' collisions: 0.1794847656181489
new generation:  2485
Fittest                      42.22500501513262
highest fitness' coverage:   44.019023009208304
highest fitness' collisions: 0.17940179940756812
new generation:  2486
Fittest                      42.2242206957305
highest fitness' coverage:   44.01823868980618
highest fitness' collisions: 0.17940179940756798
new generation:  2487
Fittest                      42.23622259274747
highest fitness' coverage:   44.03024058682315
highest fitness' collisions: 0.1794017994075682
new generation:  2488
Fittest                      42.208625766531114
highest fitness' coverage:   44.002643760606794
highest fitness' collisions: 0.179401799407568
new generation:  2489
Fittest                      42.24044474967126
highest fitness' coverage:   44.03446274374694
highest fitness' collisions: 0.17940179940756806
new generation:  2490
Fittest                      42.23052898547294
highest fitness' coverage:   44.02454697954862
highest fitness' collisions: 0.17940179940756815
new generation:  2491
Fittest                      42.25477935874908
highest fitness' coverage:   44.048797352824764
highest fitness' collisions: 0.1794017994075681
new generation:  2492
Fittest                      42.215774596791995
highest fitness' coverage:   44.009792590867676
highest fitness' collisions: 0.17940179940756815
new generation:  2493
Fittest                      42.2262217933978
highest fitness' coverage:   44.02127167773216
highest fitness' collisions: 0.1795049884334358
new generation:  2494
Fittest                      42.21289113182819
highest fitness' coverage:   44.00794101616255
highest fitness' collisions: 0.17950498843343574
new generation:  2495
Fittest                      42.225944066332985
highest fitness' coverage:   44.020993950667346
highest fitness' collisions: 0.1795049884334358
new generation:  2496
Fittest                      42.22599140395471
highest fitness' coverage:   44.02104128828906
highest fitness' collisions: 0.17950498843343562
new generation:  2497
Fittest                      42.219410856990784
highest fitness' coverage:   44.014460741325145
highest fitness' collisions: 0.17950498843343582
new generation:  2498
Fittest                      42.225632543386226
highest fitness' coverage:   44.02068242772059
highest fitness' collisions: 0.1795049884334358
new generation:  2499
Fittest                      42.22610535683898
highest fitness' coverage:   44.018597013817114
highest fitness' collisions: 0.17924916569781388
new generation:  2500
Fittest                      42.2111829216488
highest fitness' coverage:   44.00958535912553
highest fitness' collisions: 0.17984024374767346
new generation:  2501
Fittest                      42.22608919614852
highest fitness' coverage:   44.02449163362525
highest fitness' collisions: 0.1798402437476733
new generation:  2502
Fittest                      42.22864974154228
highest fitness' coverage:   44.02705217901901
highest fitness' collisions: 0.1798402437476734
new generation:  2503
Fittest                      42.225440684360095
highest fitness' coverage:   44.023843121836826
highest fitness' collisions: 0.17984024374767335
new generation:  2504
Fittest                      42.219820915767855
highest fitness' coverage:   44.018223353244586
highest fitness' collisions: 0.17984024374767324
new generation:  2505
Fittest                      42.22842501772029
highest fitness' coverage:   44.02682745519702
highest fitness' collisions: 0.1798402437476734
new generation:  2506
Fittest                      42.191399700723274
highest fitness' coverage:   43.989802138200005
highest fitness' collisions: 0.17984024374767327
new generation:  2507
Fittest                      42.20350085357729
highest fitness' coverage:   44.00190329105402
highest fitness' collisions: 0.17984024374767338
new generation:  2508
Fittest                      42.22276564764017
highest fitness' coverage:   44.04009152130335
highest fitness' collisions: 0.18173258736631823
new generation:  2509
Fittest                      42.219339744505525
highest fitness' coverage:   44.040201256229416
highest fitness' collisions: 0.18208615117238908
new generation:  2510
Fittest                      42.21091139323856
highest fitness' coverage:   44.03177290496245
highest fitness' collisions: 0.1820861511723891
new generation:  2511
Fittest                      42.19523848412793
highest fitness' coverage:   44.01609999585182
highest fitness' collisions: 0.18208615117238913
new generation:  2512
Fittest                      42.21073902887282
highest fitness' coverage:   44.03160054059671
highest fitness' collisions: 0.18208615117238933
new generation:  2513
Fittest                      42.19790719114088
highest fitness' coverage:   44.01876870286477
highest fitness' collisions: 0.18208615117238922
new generation:  2514
Fittest                      42.200793287629175
highest fitness' coverage:   44.02165479935307
highest fitness' collisions: 0.18208615117238952
new generation:  2515
Fittest                      42.189088976239226
highest fitness' coverage:   44.00995048796312
highest fitness' collisions: 0.18208615117238924
new generation:  2516
Fittest                      42.20087631459137
highest fitness' coverage:   44.02173782631526
highest fitness' collisions: 0.18208615117238938
new generation:  2517
Fittest                      42.21630624160525
highest fitness' coverage:   44.03716775332914
highest fitness' collisions: 0.18208615117238933
new generation:  2518
Fittest                      42.2360216113498
highest fitness' coverage:   44.0558018606442
highest fitness' collisions: 0.18197802492944065
new generation:  2519
Fittest                      42.23276266296668
highest fitness' coverage:   44.05254291226109
highest fitness' collisions: 0.1819780249294407
new generation:  2520
Fittest                      42.207599288796665
highest fitness' coverage:   44.02737953809107
highest fitness' collisions: 0.1819780249294406
new generation:  2521
Fittest                      42.20775590655185
highest fitness' coverage:   44.02753615584626
highest fitness' collisions: 0.1819780249294407
new generation:  2522
Fittest                      42.21400466651011
highest fitness' coverage:   44.03225093846717
highest fitness' collisions: 0.1818246271957066
new generation:  2523
Fittest                      42.20365933537098
highest fitness' coverage:   44.021905607328044
highest fitness' collisions: 0.18182462719570663
new generation:  2524
Fittest                      42.20208002342093
highest fitness' coverage:   44.01831302272056
highest fitness' collisions: 0.18162329992996287
new generation:  2525
Fittest                      42.2155514728682
highest fitness' coverage:   44.03178447216782
highest fitness' collisions: 0.18162329992996257
new generation:  2526
Fittest                      42.20119968248905
highest fitness' coverage:   44.01859758269994
highest fitness' collisions: 0.18173979002108911
new generation:  2527
Fittest                      42.20212463977378
highest fitness' coverage:   43.987899763382984
highest fitness' collisions: 0.17857751236092065
new generation:  2528
Fittest                      42.26680515112601
highest fitness' coverage:   44.05258027473521
highest fitness' collisions: 0.17857751236092076
new generation:  2529
Fittest                      42.25219021391509
highest fitness' coverage:   44.04057081312627
highest fitness' collisions: 0.17883805992111823
new generation:  2530
Fittest                      42.25466780246926
highest fitness' coverage:   44.04304840168044
highest fitness' collisions: 0.17883805992111804
new generation:  2531
Fittest                      42.263056825570736
highest fitness' coverage:   44.05061077264317
highest fitness' collisions: 0.17875539470724305
new generation:  2532
Fittest                      42.227957241071884
highest fitness' coverage:   44.015511188144316
highest fitness' collisions: 0.17875539470724294
new generation:  2533
Fittest                      42.238144151850925
highest fitness' coverage:   44.02569809892336
highest fitness' collisions: 0.17875539470724308
new generation:  2534
Fittest                      42.23978436967421
highest fitness' coverage:   44.02733831674664
highest fitness' collisions: 0.1787553947072432
new generation:  2535
Fittest                      42.24394982795172
highest fitness' coverage:   44.03150377502415
highest fitness' collisions: 0.17875539470724308
new generation:  2536
Fittest                      42.224883511442904
highest fitness' coverage:   44.012437458515336
highest fitness' collisions: 0.17875539470724303
new generation:  2537
Fittest                      42.25947851088614
highest fitness' coverage:   44.04703245795857
highest fitness' collisions: 0.17875539470724308
new generation:  2538
Fittest                      42.24328695118658
highest fitness' coverage:   44.030840898259015
highest fitness' collisions: 0.17875539470724297
new generation:  2539
Fittest                      42.23068171728465
highest fitness' coverage:   44.01823566435708
highest fitness' collisions: 0.17875539470724308
new generation:  2540
Fittest                      42.23424516323624
highest fitness' coverage:   44.02179911030867
highest fitness' collisions: 0.17875539470724308
new generation:  2541
Fittest                      42.239833574680596
highest fitness' coverage:   44.02738752175303
highest fitness' collisions: 0.17875539470724294
new generation:  2542
Fittest                      42.24970652720968
highest fitness' coverage:   44.037260474282114
highest fitness' collisions: 0.17875539470724308
new generation:  2543
Fittest                      42.24706853074291
highest fitness' coverage:   44.03462247781534
highest fitness' collisions: 0.17875539470724303
new generation:  2544
Fittest                      42.23701157278883
highest fitness' coverage:   44.02456551986126
highest fitness' collisions: 0.178755394707243
new generation:  2545
Fittest                      42.24017687152812
highest fitness' coverage:   44.02773081860055
highest fitness' collisions: 0.17875539470724305
new generation:  2546
Fittest                      42.23710293605639
highest fitness' coverage:   44.02465688312882
highest fitness' collisions: 0.17875539470724294
new generation:  2547
Fittest                      42.23993541345802
highest fitness' coverage:   44.02748936053045
highest fitness' collisions: 0.17875539470724305
new generation:  2548
Fittest                      42.26272357867219
highest fitness' coverage:   44.0495003610996
highest fitness' collisions: 0.1786776782427412
new generation:  2549
Fittest                      42.22212504536559
highest fitness' coverage:   44.008901827793004
highest fitness' collisions: 0.17867767824274133
new generation:  2550
Fittest                      42.240301704907175
highest fitness' coverage:   44.02811293241972
highest fitness' collisions: 0.17878112275125438
new generation:  2551
Fittest                      42.28369195724
highest fitness' coverage:   44.071503184752544
highest fitness' collisions: 0.17878112275125438
new generation:  2552
Fittest                      42.22543169376826
highest fitness' coverage:   44.00886568635376
highest fitness' collisions: 0.17834339925854986
new generation:  2553
Fittest                      42.22884494641105
highest fitness' coverage:   44.01227893899655
highest fitness' collisions: 0.17834339925854997
new generation:  2554
Fittest                      42.226259474358834
highest fitness' coverage:   44.009693466944334
highest fitness' collisions: 0.17834339925854983
new generation:  2555
Fittest                      42.23686819020822
highest fitness' coverage:   44.02030218279372
highest fitness' collisions: 0.17834339925854986
new generation:  2556
Fittest                      42.2511919233473
highest fitness' coverage:   44.04291688601484
highest fitness' collisions: 0.1791724962667534
new generation:  2557
Fittest                      42.23032706891404
highest fitness' coverage:   43.98223365988953
highest fitness' collisions: 0.17519065909754888
new generation:  2558
Fittest                      42.25850644300831
highest fitness' coverage:   44.010413033983795
highest fitness' collisions: 0.17519065909754886
new generation:  2559
Fittest                      42.24306906770231
highest fitness' coverage:   43.994975658677795
highest fitness' collisions: 0.17519065909754888
new generation:  2560
Fittest                      42.258338113792426
highest fitness' coverage:   44.01024470476791
highest fitness' collisions: 0.17519065909754875
new generation:  2561
Fittest                      42.244451268021656
highest fitness' coverage:   44.000755479859016
highest fitness' collisions: 0.17563042118373615
new generation:  2562
Fittest                      42.267322268275876
highest fitness' coverage:   44.023626480113236
highest fitness' collisions: 0.17563042118373606
new generation:  2563
Fittest                      42.22577331713385
highest fitness' coverage:   43.98207752897121
highest fitness' collisions: 0.17563042118373584
new generation:  2564
Fittest                      42.252836534417426
highest fitness' coverage:   44.004845454692145
highest fitness' collisions: 0.17520089202747155
new generation:  2565
Fittest                      42.280846788610454
highest fitness' coverage:   44.032855708885165
highest fitness' collisions: 0.17520089202747147
new generation:  2566
Fittest                      42.241348650629774
highest fitness' coverage:   44.00693021473607
highest fitness' collisions: 0.17655815641062994
new generation:  2567
Fittest                      42.22465069962716
highest fitness' coverage:   43.99023226373346
highest fitness' collisions: 0.17655815641062983
new generation:  2568
Fittest                      42.25953966586531
highest fitness' coverage:   44.02512122997161
highest fitness' collisions: 0.17655815641063005
new generation:  2569
Fittest                      42.24596171263678
highest fitness' coverage:   44.011543276743076
highest fitness' collisions: 0.17655815641063002
new generation:  2570
Fittest                      42.237381728483015
highest fitness' coverage:   44.002963292589314
highest fitness' collisions: 0.17655815641063
new generation:  2571
Fittest                      42.25020514971445
highest fitness' coverage:   44.01578671382075
highest fitness' collisions: 0.17655815641062983
new generation:  2572
Fittest                      42.22252905707413
highest fitness' coverage:   43.988110621180425
highest fitness' collisions: 0.1765581564106299
new generation:  2573
Fittest                      42.26241137789448
highest fitness' coverage:   44.02799294200078
highest fitness' collisions: 0.17655815641062997
new generation:  2574
Fittest                      42.231917556914986
highest fitness' coverage:   43.997499121021285
highest fitness' collisions: 0.17655815641062989
new generation:  2575
Fittest                      42.27851733607891
highest fitness' coverage:   44.04409890018521
highest fitness' collisions: 0.17655815641062994
new generation:  2576
Fittest                      42.252825125874175
highest fitness' coverage:   44.01840668998047
highest fitness' collisions: 0.17655815641062983
new generation:  2577
Fittest                      42.237096034571856
highest fitness' coverage:   44.002677598678154
highest fitness' collisions: 0.17655815641062989
new generation:  2578
Fittest                      42.285889722550415
highest fitness' coverage:   44.05030638574545
highest fitness' collisions: 0.17644166631950345
new generation:  2579
Fittest                      42.24253942605417
highest fitness' coverage:   44.00695608924921
highest fitness' collisions: 0.1764416663195034
new generation:  2580
Fittest                      42.24229860602651
highest fitness' coverage:   44.006715269221544
highest fitness' collisions: 0.17644166631950342
new generation:  2581
Fittest                      42.250991854484056
highest fitness' coverage:   44.01540851767909
highest fitness' collisions: 0.17644166631950345
new generation:  2582
Fittest                      42.2415647865227
highest fitness' coverage:   44.00598144971774
highest fitness' collisions: 0.17644166631950356
new generation:  2583
Fittest                      42.261430354475316
highest fitness' coverage:   44.02584701767035
highest fitness' collisions: 0.17644166631950356
new generation:  2584
Fittest                      42.236461148922785
highest fitness' coverage:   44.00087781211782
highest fitness' collisions: 0.17644166631950325
new generation:  2585
Fittest                      42.221588003063424
highest fitness' coverage:   43.98394743446132
highest fitness' collisions: 0.17623594313978938
new generation:  2586
Fittest                      42.23920298877547
highest fitness' coverage:   44.001562420173364
highest fitness' collisions: 0.17623594313978944
new generation:  2587
Fittest                      42.24847289580201
highest fitness' coverage:   44.01083232719991
highest fitness' collisions: 0.17623594313978944
new generation:  2588
Fittest                      42.226279648374266
highest fitness' coverage:   43.98863907977216
highest fitness' collisions: 0.17623594313978946
new generation:  2589
Fittest                      42.23683430550933
highest fitness' coverage:   43.99178063449422
highest fitness' collisions: 0.17549463289848852
new generation:  2590
Fittest                      42.218154905410294
highest fitness' coverage:   43.97310123439518
highest fitness' collisions: 0.17549463289848843
new generation:  2591
Fittest                      42.22187607152637
highest fitness' coverage:   43.97682240051125
highest fitness' collisions: 0.1754946328984886
new generation:  2592
Fittest                      42.21475653545506
highest fitness' coverage:   43.96988886971124
highest fitness' collisions: 0.17551323342561806
new generation:  2593
Fittest                      42.221373394198956
highest fitness' coverage:   43.97650572845514
highest fitness' collisions: 0.17551323342561817
new generation:  2594
Fittest                      42.209595883144274
highest fitness' coverage:   43.964728217400456
highest fitness' collisions: 0.17551323342561823
new generation:  2595
Fittest                      42.22574033264278
highest fitness' coverage:   43.983349281486056
highest fitness' collisions: 0.17576089488432778
new generation:  2596
Fittest                      42.221941257661555
highest fitness' coverage:   43.97955020650483
highest fitness' collisions: 0.17576089488432803
new generation:  2597
Fittest                      42.212964327550125
highest fitness' coverage:   43.9705732763934
highest fitness' collisions: 0.175760894884328
new generation:  2598
Fittest                      42.219328072566405
highest fitness' coverage:   43.97693702140968
highest fitness' collisions: 0.175760894884328
new generation:  2599
Fittest                      42.2319808947967
highest fitness' coverage:   43.989589843639976
highest fitness' collisions: 0.17576089488432797
new generation:  2600
Fittest                      42.21608773262739
highest fitness' coverage:   43.97369668147067
highest fitness' collisions: 0.17576089488432792
new generation:  2601
Fittest                      42.21833668628012
highest fitness' coverage:   43.975945635123395
highest fitness' collisions: 0.17576089488432783
new generation:  2602
Fittest                      42.20476756789966
highest fitness' coverage:   43.967995857209985
highest fitness' collisions: 0.1763228289310326
new generation:  2603
Fittest                      42.228974009014756
highest fitness' coverage:   43.99220229832508
highest fitness' collisions: 0.17632282893103274
new generation:  2604
Fittest                      42.213754706366046
highest fitness' coverage:   43.986394971364675
highest fitness' collisions: 0.17726402649986278
new generation:  2605
Fittest                      42.2542166515934
highest fitness' coverage:   44.02685691659203
highest fitness' collisions: 0.17726402649986267
new generation:  2606
Fittest                      42.207117961719156
highest fitness' coverage:   43.979758226717784
highest fitness' collisions: 0.17726402649986253
new generation:  2607
Fittest                      42.20385549156821
highest fitness' coverage:   43.97649575656684
highest fitness' collisions: 0.17726402649986253
new generation:  2608
Fittest                      42.19818115704085
highest fitness' coverage:   43.97082142203947
highest fitness' collisions: 0.17726402649986234
new generation:  2609
Fittest                      42.225191519001875
highest fitness' coverage:   43.9978317840005
highest fitness' collisions: 0.17726402649986253
new generation:  2610
Fittest                      42.210251079795746
highest fitness' coverage:   43.992583508613336
highest fitness' collisions: 0.178233242881759
new generation:  2611
Fittest                      42.18216419496356
highest fitness' coverage:   43.96449662378115
highest fitness' collisions: 0.1782332428817593
new generation:  2612
Fittest                      42.17931391229886
highest fitness' coverage:   43.95519694325209
highest fitness' collisions: 0.1775883030953231
new generation:  2613
Fittest                      42.18886084491476
highest fitness' coverage:   43.96474387586799
highest fitness' collisions: 0.17758830309532306
new generation:  2614
Fittest                      42.194788202911205
highest fitness' coverage:   43.97067123386444
highest fitness' collisions: 0.1775883030953233
new generation:  2615
Fittest                      42.20097686674416
highest fitness' coverage:   43.976859897697395
highest fitness' collisions: 0.17758830309532309
new generation:  2616
Fittest                      42.19156684166058
highest fitness' coverage:   43.96744987261381
highest fitness' collisions: 0.17758830309532336
new generation:  2617
Fittest                      42.23877726717775
highest fitness' coverage:   44.014660298130984
highest fitness' collisions: 0.17758830309532314
new generation:  2618
Fittest                      42.188858693993225
highest fitness' coverage:   43.958716129085715
highest fitness' collisions: 0.17698574350924878
new generation:  2619
Fittest                      42.21915294558831
highest fitness' coverage:   43.9890103806808
highest fitness' collisions: 0.17698574350924878
new generation:  2620
Fittest                      42.2037615686401
highest fitness' coverage:   43.97361900373259
highest fitness' collisions: 0.17698574350924892
new generation:  2621
Fittest                      42.21589686633709
highest fitness' coverage:   43.98575430142958
highest fitness' collisions: 0.17698574350924898
new generation:  2622
Fittest                      42.219336931411846
highest fitness' coverage:   43.989194366504336
highest fitness' collisions: 0.17698574350924887
new generation:  2623
Fittest                      42.18311759457126
highest fitness' coverage:   43.98991740329986
highest fitness' collisions: 0.1806799808728606
new generation:  2624
Fittest                      42.173139855507976
highest fitness' coverage:   43.97993966423658
highest fitness' collisions: 0.18067998087286052
new generation:  2625
Fittest                      42.169504853794116
highest fitness' coverage:   43.97630466252272
highest fitness' collisions: 0.1806799808728605
new generation:  2626
Fittest                      42.15221827986943
highest fitness' coverage:   43.959018088598036
highest fitness' collisions: 0.18067998087286058
new generation:  2627
Fittest                      42.17924190115975
highest fitness' coverage:   43.986041709888354
highest fitness' collisions: 0.18067998087286039
new generation:  2628
Fittest                      42.1673153642287
highest fitness' coverage:   43.974115172957305
highest fitness' collisions: 0.18067998087286052
new generation:  2629
Fittest                      42.16125002920256
highest fitness' coverage:   43.96804983793117
highest fitness' collisions: 0.18067998087286039
new generation:  2630
Fittest                      42.16771865894553
highest fitness' coverage:   43.97451846767414
highest fitness' collisions: 0.18067998087286055
new generation:  2631
Fittest                      42.192386400706816
highest fitness' coverage:   43.99918620943542
highest fitness' collisions: 0.18067998087286027
new generation:  2632
Fittest                      42.17829591212087
highest fitness' coverage:   43.98556602453126
highest fitness' collisions: 0.18072701124103888
new generation:  2633
Fittest                      42.17584849130381
highest fitness' coverage:   43.983118603714196
highest fitness' collisions: 0.18072701124103882
new generation:  2634
Fittest                      42.159402389544034
highest fitness' coverage:   43.98626858388931
highest fitness' collisions: 0.18268661943452788
new generation:  2635
Fittest                      42.149981301581434
highest fitness' coverage:   43.97684749592671
highest fitness' collisions: 0.18268661943452794
new generation:  2636
Fittest                      42.144310055013925
highest fitness' coverage:   43.9711762493592
highest fitness' collisions: 0.18268661943452796
new generation:  2637
Fittest                      42.141237348538574
highest fitness' coverage:   43.96810354288385
highest fitness' collisions: 0.1826866194345278
new generation:  2638
Fittest                      42.14448857942515
highest fitness' coverage:   43.929624330333716
highest fitness' collisions: 0.17851357509085652
new generation:  2639
Fittest                      42.18097305105314
highest fitness' coverage:   43.9661088019617
highest fitness' collisions: 0.1785135750908565
new generation:  2640
Fittest                      42.165778041937116
highest fitness' coverage:   43.95091379284568
highest fitness' collisions: 0.17851357509085658
new generation:  2641
Fittest                      42.183664763937365
highest fitness' coverage:   43.96880051484593
highest fitness' collisions: 0.17851357509085647
new generation:  2642
Fittest                      42.18172769333147
highest fitness' coverage:   43.96686344424003
highest fitness' collisions: 0.1785135750908567
new generation:  2643
Fittest                      42.184590171305416
highest fitness' coverage:   43.96972592221398
highest fitness' collisions: 0.1785135750908565
new generation:  2644
Fittest                      42.209225191233614
highest fitness' coverage:   43.99436094214218
highest fitness' collisions: 0.17851357509085647
new generation:  2645
Fittest                      42.21002157837188
highest fitness' coverage:   43.995157329280445
highest fitness' collisions: 0.1785135750908565
new generation:  2646
Fittest                      42.20677233899667
highest fitness' coverage:   43.99190808990524
highest fitness' collisions: 0.17851357509085652
new generation:  2647
Fittest                      42.169606680568364
highest fitness' coverage:   43.930692537143464
highest fitness' collisions: 0.17610858565750967
new generation:  2648
Fittest                      42.20193581047897
highest fitness' coverage:   43.970434769467076
highest fitness' collisions: 0.17684989589881048
new generation:  2649
Fittest                      42.200085874195594
highest fitness' coverage:   43.9685848331837
highest fitness' collisions: 0.17684989589881037
new generation:  2650
Fittest                      42.20898569182548
highest fitness' coverage:   43.97456104100421
highest fitness' collisions: 0.17655753491787246
new generation:  2651
Fittest                      42.20283953575097
highest fitness' coverage:   43.96841488492969
highest fitness' collisions: 0.17655753491787265
new generation:  2652
Fittest                      42.19951399304219
highest fitness' coverage:   43.965089342220914
highest fitness' collisions: 0.17655753491787238
new generation:  2653
Fittest                      42.19160552643892
highest fitness' coverage:   43.954782042698625
highest fitness' collisions: 0.17631765162597043
new generation:  2654
Fittest                      42.195780871169745
highest fitness' coverage:   43.95895738742945
highest fitness' collisions: 0.1763176516259705
new generation:  2655
Fittest                      42.17648091151933
highest fitness' coverage:   43.93965742777903
highest fitness' collisions: 0.1763176516259705
new generation:  2656
Fittest                      42.20980708350883
highest fitness' coverage:   43.964931423732665
highest fitness' collisions: 0.175512434022384
new generation:  2657
Fittest                      42.22646583085006
highest fitness' coverage:   43.981590171073904
highest fitness' collisions: 0.17551243402238415
new generation:  2658
Fittest                      42.21960445152475
highest fitness' coverage:   43.97472879174859
highest fitness' collisions: 0.17551243402238398
new generation:  2659
Fittest                      42.226125578125334
highest fitness' coverage:   43.97876872007189
highest fitness' collisions: 0.1752643141946555
new generation:  2660
Fittest                      42.23124110560156
highest fitness' coverage:   43.98388424754812
highest fitness' collisions: 0.1752643141946556
new generation:  2661
Fittest                      42.260570393156364
highest fitness' coverage:   44.019018488827975
highest fitness' collisions: 0.17584480956716114
new generation:  2662
Fittest                      42.220341505143345
highest fitness' coverage:   43.978789600814956
highest fitness' collisions: 0.175844809567161
new generation:  2663
Fittest                      42.24727064633279
highest fitness' coverage:   44.0057187420044
highest fitness' collisions: 0.17584480956716103
new generation:  2664
Fittest                      42.24448793770195
highest fitness' coverage:   44.003765695479366
highest fitness' collisions: 0.1759277757777417
new generation:  2665
Fittest                      42.22824908681449
highest fitness' coverage:   43.98752684459191
highest fitness' collisions: 0.1759277757777418
new generation:  2666
Fittest                      42.222105227155936
highest fitness' coverage:   43.9910060834432
highest fitness' collisions: 0.17689008562872674
new generation:  2667
Fittest                      42.26042422983428
highest fitness' coverage:   43.98391080356561
highest fitness' collisions: 0.17234865737313296
new generation:  2668
Fittest                      42.23958123471934
highest fitness' coverage:   43.96306780845067
highest fitness' collisions: 0.17234865737313276
new generation:  2669
Fittest                      42.25507212170736
highest fitness' coverage:   43.978558695438686
highest fitness' collisions: 0.17234865737313268
new generation:  2670
Fittest                      42.26897263777232
highest fitness' coverage:   43.99380817438624
highest fitness' collisions: 0.17248355366139193
new generation:  2671
Fittest                      42.25114166793997
highest fitness' coverage:   43.96608286508471
highest fitness' collisions: 0.1714941197144736
new generation:  2672
Fittest                      42.278406769342055
highest fitness' coverage:   43.99018568882663
highest fitness' collisions: 0.17117789194845698
new generation:  2673
Fittest                      42.279185319674426
highest fitness' coverage:   43.99096423915899
highest fitness' collisions: 0.1711778919484568
new generation:  2674
Fittest                      42.26063775195482
highest fitness' coverage:   43.97241667143938
highest fitness' collisions: 0.17117789194845673
new generation:  2675
Fittest                      42.28198077676191
highest fitness' coverage:   43.99375969624648
highest fitness' collisions: 0.1711778919484568
new generation:  2676
Fittest                      42.26154085706584
highest fitness' coverage:   43.97531552328051
highest fitness' collisions: 0.1713774666214668
new generation:  2677
Fittest                      42.274984773424265
highest fitness' coverage:   43.97502816619541
highest fitness' collisions: 0.17000433927711395
new generation:  2678
Fittest                      42.32763738484474
highest fitness' coverage:   44.027680777615885
highest fitness' collisions: 0.170004339277114
new generation:  2679
Fittest                      42.318966643235875
highest fitness' coverage:   44.01901003600702
highest fitness' collisions: 0.17000433927711417
new generation:  2680
Fittest                      42.30332652556936
highest fitness' coverage:   44.0033699183405
highest fitness' collisions: 0.1700043392771141
new generation:  2681
Fittest                      42.2913102544061
highest fitness' coverage:   43.94102196688614
highest fitness' collisions: 0.16497117124800376
new generation:  2682
Fittest                      42.30395468404286
highest fitness' coverage:   43.95366639652289
highest fitness' collisions: 0.1649711712480035
new generation:  2683
Fittest                      42.31085679290776
highest fitness' coverage:   43.96056850538779
highest fitness' collisions: 0.1649711712480036
new generation:  2684
Fittest                      42.29508095180536
highest fitness' coverage:   43.944792664285394
highest fitness' collisions: 0.16497117124800367
new generation:  2685
Fittest                      42.31350326818247
highest fitness' coverage:   43.96321498066251
highest fitness' collisions: 0.1649711712480037
new generation:  2686
Fittest                      42.305344850930176
highest fitness' coverage:   43.9546605056899
highest fitness' collisions: 0.16493156547597274
new generation:  2687
Fittest                      42.28896403423709
highest fitness' coverage:   43.938279688996815
highest fitness' collisions: 0.16493156547597268
new generation:  2688
Fittest                      42.29499484005962
highest fitness' coverage:   43.94431049481935
highest fitness' collisions: 0.16493156547597274
new generation:  2689
Fittest                      42.281019562874704
highest fitness' coverage:   43.92292211522142
highest fitness' collisions: 0.16419025523467168
new generation:  2690
Fittest                      42.29991261891114
highest fitness' coverage:   43.94181517125786
highest fitness' collisions: 0.1641902552346718
new generation:  2691
Fittest                      42.2844563905954
highest fitness' coverage:   43.92635894294212
highest fitness' collisions: 0.16419025523467187
new generation:  2692
Fittest                      42.2970994811876
highest fitness' coverage:   43.93900203353432
highest fitness' collisions: 0.16419025523467193
new generation:  2693
Fittest                      42.28758092430396
highest fitness' coverage:   43.92948347665068
highest fitness' collisions: 0.16419025523467198
new generation:  2694
Fittest                      42.275486028516966
highest fitness' coverage:   43.91738858086369
highest fitness' collisions: 0.16419025523467196
new generation:  2695
Fittest                      42.318440204608955
highest fitness' coverage:   43.960342756955676
highest fitness' collisions: 0.16419025523467187
new generation:  2696
Fittest                      42.30535526163884
highest fitness' coverage:   43.94725781398556
highest fitness' collisions: 0.164190255234672
new generation:  2697
Fittest                      42.319171156549096
highest fitness' coverage:   43.96081666931754
highest fitness' collisions: 0.16416455127684415
new generation:  2698
Fittest                      42.30952460371582
highest fitness' coverage:   43.95117011648426
highest fitness' collisions: 0.16416455127684418
new generation:  2699
Fittest                      42.28176781960771
highest fitness' coverage:   43.92341333237615
highest fitness' collisions: 0.1641645512768442
new generation:  2700
Fittest                      42.29635674621709
highest fitness' coverage:   43.938002258985534
highest fitness' collisions: 0.1641645512768442
new generation:  2701
Fittest                      42.29642126779815
highest fitness' coverage:   43.938066780566594
highest fitness' collisions: 0.1641645512768443
new generation:  2702
Fittest                      42.294346262136074
highest fitness' coverage:   43.935991774904515
highest fitness' collisions: 0.1641645512768441
new generation:  2703
Fittest                      42.30364615349091
highest fitness' coverage:   43.94529166625935
highest fitness' collisions: 0.16416455127684426
new generation:  2704
Fittest                      42.290570549129605
highest fitness' coverage:   43.932216061898046
highest fitness' collisions: 0.1641645512768442
new generation:  2705
Fittest                      42.2879944233148
highest fitness' coverage:   43.92963993608324
highest fitness' collisions: 0.1641645512768442
new generation:  2706
Fittest                      42.27888472164166
highest fitness' coverage:   43.9205302344101
highest fitness' collisions: 0.16416455127684407
new generation:  2707
Fittest                      42.29408740000939
highest fitness' coverage:   43.93573291277783
highest fitness' collisions: 0.16416455127684437
new generation:  2708
Fittest                      42.304198148995646
highest fitness' coverage:   43.917281956334904
highest fitness' collisions: 0.16130838073392603
new generation:  2709
Fittest                      42.31546707413227
highest fitness' coverage:   43.92855088147153
highest fitness' collisions: 0.1613083807339259
new generation:  2710
Fittest                      42.31254303218059
highest fitness' coverage:   43.92562683951985
highest fitness' collisions: 0.16130838073392573
new generation:  2711
Fittest                      42.33873019510957
highest fitness' coverage:   43.95181400244883
highest fitness' collisions: 0.1613083807339258
new generation:  2712
Fittest                      42.338407671438375
highest fitness' coverage:   43.95149147877763
highest fitness' collisions: 0.1613083807339259
new generation:  2713
Fittest                      42.32603025833498
highest fitness' coverage:   43.93911406567424
highest fitness' collisions: 0.16130838073392578
new generation:  2714
Fittest                      42.34127480373382
highest fitness' coverage:   43.954358611073076
highest fitness' collisions: 0.1613083807339259
new generation:  2715
Fittest                      42.301058218693726
highest fitness' coverage:   43.914142026032984
highest fitness' collisions: 0.16130838073392598
new generation:  2716
Fittest                      42.35733215852
highest fitness' coverage:   43.938252429778764
highest fitness' collisions: 0.1580920271258759
new generation:  2717
Fittest                      42.35506140428429
highest fitness' coverage:   43.928395899792754
highest fitness' collisions: 0.15733344955084652
new generation:  2718
Fittest                      42.37895243053501
highest fitness' coverage:   43.96044763292053
highest fitness' collisions: 0.15814952023855158
new generation:  2719
Fittest                      42.33829662998109
highest fitness' coverage:   43.919791832366606
highest fitness' collisions: 0.15814952023855175
new generation:  2720
Fittest                      42.36910343792134
highest fitness' coverage:   43.937745485164974
highest fitness' collisions: 0.1568642047243638
new generation:  2721
Fittest                      42.351355016337926
highest fitness' coverage:   43.91999706358156
highest fitness' collisions: 0.15686420472436377
new generation:  2722
Fittest                      42.36077773082156
highest fitness' coverage:   43.929419778065196
highest fitness' collisions: 0.15686420472436371
new generation:  2723
Fittest                      42.35620071188026
highest fitness' coverage:   43.9345032679138
highest fitness' collisions: 0.1578302556033537
new generation:  2724
Fittest                      42.35693774782898
highest fitness' coverage:   43.935240303862514
highest fitness' collisions: 0.15783025560335368
new generation:  2725
Fittest                      42.357569268718166
highest fitness' coverage:   43.9358718247517
highest fitness' collisions: 0.15783025560335362
new generation:  2726
Fittest                      42.365921279967715
highest fitness' coverage:   43.94422383600125
highest fitness' collisions: 0.15783025560335354
new generation:  2727
Fittest                      42.357960658812935
highest fitness' coverage:   43.93626321484647
highest fitness' collisions: 0.15783025560335362
new generation:  2728
Fittest                      42.351404510952676
highest fitness' coverage:   43.945964301076536
highest fitness' collisions: 0.15945597901238565
new generation:  2729
Fittest                      42.33446499696796
highest fitness' coverage:   43.92902478709182
highest fitness' collisions: 0.15945597901238567
new generation:  2730
Fittest                      42.32211154619714
highest fitness' coverage:   43.916671336321
highest fitness' collisions: 0.15945597901238567
new generation:  2731
Fittest                      42.34917146138938
highest fitness' coverage:   43.95783703116971
highest fitness' collisions: 0.16086655697803268
new generation:  2732
Fittest                      42.317622292185746
highest fitness' coverage:   43.926287861966074
highest fitness' collisions: 0.16086655697803262
new generation:  2733
Fittest                      42.34283369862861
highest fitness' coverage:   43.93607523201391
highest fitness' collisions: 0.15932415333852995
new generation:  2734
Fittest                      42.34065132332218
highest fitness' coverage:   43.92961131352487
highest fitness' collisions: 0.15889599902026935
new generation:  2735
Fittest                      42.31238395416975
highest fitness' coverage:   43.90134394437245
highest fitness' collisions: 0.15889599902026932
new generation:  2736
Fittest                      42.34115355379041
highest fitness' coverage:   43.93011354399311
highest fitness' collisions: 0.15889599902026944
new generation:  2737
Fittest                      42.34050021411853
highest fitness' coverage:   43.929460204321224
highest fitness' collisions: 0.1588959990202694
new generation:  2738
Fittest                      42.34144132686529
highest fitness' coverage:   43.930314371776426
highest fitness' collisions: 0.15888730449111416
new generation:  2739
Fittest                      42.3322546597833
highest fitness' coverage:   43.92112770469444
highest fitness' collisions: 0.15888730449111402
new generation:  2740
Fittest                      42.33199507894366
highest fitness' coverage:   43.9208681238548
highest fitness' collisions: 0.15888730449111407
new generation:  2741
Fittest                      42.32002857097597
highest fitness' coverage:   43.90890161588711
highest fitness' collisions: 0.15888730449111418
new generation:  2742
Fittest                      42.3392035443448
highest fitness' coverage:   43.923761392584254
highest fitness' collisions: 0.15845578482394562
new generation:  2743
Fittest                      42.33537821858859
highest fitness' coverage:   43.91993606682804
highest fitness' collisions: 0.15845578482394576
new generation:  2744
Fittest                      42.33308210272958
highest fitness' coverage:   43.91763995096903
highest fitness' collisions: 0.15845578482394548
new generation:  2745
Fittest                      42.34266461421311
highest fitness' coverage:   43.91491977474445
highest fitness' collisions: 0.15722551605313323
new generation:  2746
Fittest                      42.33961491282749
highest fitness' coverage:   43.91187007335883
highest fitness' collisions: 0.15722551605313329
new generation:  2747
Fittest                      42.340217366716
highest fitness' coverage:   43.9143734841175
highest fitness' collisions: 0.15741561174015004
new generation:  2748
Fittest                      42.36263798838608
highest fitness' coverage:   43.936794105787584
highest fitness' collisions: 0.15741561174015006
new generation:  2749
Fittest                      42.34914528579996
highest fitness' coverage:   43.923301403201464
highest fitness' collisions: 0.15741561174015006
new generation:  2750
Fittest                      42.32200915092383
highest fitness' coverage:   43.89616526832533
highest fitness' collisions: 0.15741561174014987
new generation:  2751
Fittest                      42.34593592976309
highest fitness' coverage:   43.92009204716459
highest fitness' collisions: 0.15741561174015004
new generation:  2752
Fittest                      42.36464175981717
highest fitness' coverage:   43.93879787721867
highest fitness' collisions: 0.15741561174015017
new generation:  2753
Fittest                      42.33842063999876
highest fitness' coverage:   43.90795341374836
highest fitness' collisions: 0.1569532773749602
new generation:  2754
Fittest                      42.33306110608428
highest fitness' coverage:   43.90259387983388
highest fitness' collisions: 0.15695327737496023
new generation:  2755
Fittest                      42.359473502588045
highest fitness' coverage:   43.92765731345506
highest fitness' collisions: 0.15681838108670115
new generation:  2756
Fittest                      42.36385622050758
highest fitness' coverage:   43.93204003137459
highest fitness' collisions: 0.15681838108670088
new generation:  2757
Fittest                      42.33257444231031
highest fitness' coverage:   43.90075825317732
highest fitness' collisions: 0.15681838108670115
new generation:  2758
Fittest                      42.34009424038651
highest fitness' coverage:   43.89751339911722
highest fitness' collisions: 0.15574191587307126
new generation:  2759
Fittest                      42.34058851954615
highest fitness' coverage:   43.89800767827686
highest fitness' collisions: 0.1557419158730713
new generation:  2760
Fittest                      42.34288454362913
highest fitness' coverage:   43.90030370235984
highest fitness' collisions: 0.15574191587307118
new generation:  2761
Fittest                      42.34376211012307
highest fitness' coverage:   43.90118126885378
highest fitness' collisions: 0.15574191587307123
new generation:  2762
Fittest                      42.325182121171025
highest fitness' coverage:   43.882601279901735
highest fitness' collisions: 0.1557419158730712
new generation:  2763
Fittest                      42.334130661568466
highest fitness' coverage:   43.88808245179465
highest fitness' collisions: 0.15539517902261882
new generation:  2764
Fittest                      42.34991479503426
highest fitness' coverage:   43.903866585260445
highest fitness' collisions: 0.15539517902261873
new generation:  2765
Fittest                      42.34085018339224
highest fitness' coverage:   43.89754866436078
highest fitness' collisions: 0.15566984809685352
new generation:  2766
Fittest                      42.34743910190927
highest fitness' coverage:   43.90413758287781
highest fitness' collisions: 0.15566984809685372
new generation:  2767
Fittest                      42.35306240355096
highest fitness' coverage:   43.90976088451949
highest fitness' collisions: 0.15566984809685355
new generation:  2768
Fittest                      42.3498668581696
highest fitness' coverage:   43.90656533913813
highest fitness' collisions: 0.1556698480968536
new generation:  2769
Fittest                      42.331769668742936
highest fitness' coverage:   43.88846814971147
highest fitness' collisions: 0.15566984809685358
new generation:  2770
Fittest                      42.316436682292185
highest fitness' coverage:   43.87313516326072
highest fitness' collisions: 0.1556698480968536
new generation:  2771
Fittest                      42.344251949319215
highest fitness' coverage:   43.90095043028775
highest fitness' collisions: 0.1556698480968536
new generation:  2772
Fittest                      42.34145483740839
highest fitness' coverage:   43.89815331837693
highest fitness' collisions: 0.15566984809685355
new generation:  2773
Fittest                      42.3411310458607
highest fitness' coverage:   43.897829526829234
highest fitness' collisions: 0.15566984809685352
new generation:  2774
Fittest                      42.37006657185712
highest fitness' coverage:   43.918391260639574
highest fitness' collisions: 0.1548324688782448
new generation:  2775
Fittest                      42.36000752692839
highest fitness' coverage:   43.908332215710836
highest fitness' collisions: 0.1548324688782446
new generation:  2776
Fittest                      42.356638824433205
highest fitness' coverage:   43.90496351321565
highest fitness' collisions: 0.1548324688782446
new generation:  2777
Fittest                      42.37200673987011
highest fitness' coverage:   43.92033142865256
highest fitness' collisions: 0.15483246887824476
new generation:  2778
Fittest                      42.369635778972075
highest fitness' coverage:   43.9149936780162
highest fitness' collisions: 0.15453578990441294
new generation:  2779
Fittest                      42.36060732357241
highest fitness' coverage:   43.90596522261654
highest fitness' collisions: 0.15453578990441294
new generation:  2780
Fittest                      42.368694605142174
highest fitness' coverage:   43.91446414717796
highest fitness' collisions: 0.1545769542035782
new generation:  2781
Fittest                      42.36261306950865
highest fitness' coverage:   43.90838261154443
highest fitness' collisions: 0.15457695420357828
new generation:  2782
Fittest                      42.36020116724184
highest fitness' coverage:   43.905970709277625
highest fitness' collisions: 0.1545769542035783
new generation:  2783
Fittest                      42.374015144235905
highest fitness' coverage:   43.920655649861644
highest fitness' collisions: 0.15466405056257387
new generation:  2784
Fittest                      42.37824220892742
highest fitness' coverage:   43.924882714553156
highest fitness' collisions: 0.15466405056257387
new generation:  2785
Fittest                      42.36831886887514
highest fitness' coverage:   43.91495937450088
highest fitness' collisions: 0.15466405056257398
new generation:  2786
Fittest                      42.387516613250696
highest fitness' coverage:   43.934157118876435
highest fitness' collisions: 0.1546640505625738
new generation:  2787
Fittest                      42.349766578203386
highest fitness' coverage:   43.896407083829125
highest fitness' collisions: 0.15466405056257398
new generation:  2788
Fittest                      42.37496222989149
highest fitness' coverage:   43.921602735517226
highest fitness' collisions: 0.15466405056257385
new generation:  2789
Fittest                      42.36566386044152
highest fitness' coverage:   43.91230436606726
highest fitness' collisions: 0.15466405056257393
new generation:  2790
Fittest                      42.37717172395177
highest fitness' coverage:   43.92381222957751
highest fitness' collisions: 0.15466405056257382
new generation:  2791
Fittest                      42.34669549928157
highest fitness' coverage:   43.89333600490731
highest fitness' collisions: 0.15466405056257396
new generation:  2792
Fittest                      42.365594237834316
highest fitness' coverage:   43.912234743460054
highest fitness' collisions: 0.15466405056257407
new generation:  2793
Fittest                      42.35004080617568
highest fitness' coverage:   43.896681311801416
highest fitness' collisions: 0.15466405056257393
new generation:  2794
Fittest                      42.350503915720886
highest fitness' coverage:   43.897144421346624
highest fitness' collisions: 0.1546640505625738
new generation:  2795
Fittest                      42.362269909067074
highest fitness' coverage:   43.90891041469281
highest fitness' collisions: 0.15466405056257398
new generation:  2796
Fittest                      42.36487507283698
highest fitness' coverage:   43.91151557846272
highest fitness' collisions: 0.15466405056257393
new generation:  2797
Fittest                      42.361743920671024
highest fitness' coverage:   43.90838442629676
highest fitness' collisions: 0.15466405056257373
new generation:  2798
Fittest                      42.37105810258883
highest fitness' coverage:   43.91769860821457
highest fitness' collisions: 0.15466405056257396
new generation:  2799
Fittest                      42.39678284301478
highest fitness' coverage:   43.94342334864052
highest fitness' collisions: 0.15466405056257385
new generation:  2800
Fittest                      42.37749277600129
highest fitness' coverage:   43.92413328162703
highest fitness' collisions: 0.1546640505625738
new generation:  2801
Fittest                      42.36215257552417
highest fitness' coverage:   43.90879308114991
highest fitness' collisions: 0.15466405056257385
new generation:  2802
Fittest                      42.38645240033245
highest fitness' coverage:   43.93309290595819
highest fitness' collisions: 0.1546640505625741
new generation:  2803
Fittest                      42.373998435409966
highest fitness' coverage:   43.920638941035705
highest fitness' collisions: 0.15466405056257382
new generation:  2804
Fittest                      42.37134247503051
highest fitness' coverage:   43.918585540242326
highest fitness' collisions: 0.15472430652118133
new generation:  2805
Fittest                      42.40170333564856
highest fitness' coverage:   43.94894640086038
highest fitness' collisions: 0.15472430652118138
new generation:  2806
Fittest                      42.40876914067759
highest fitness' coverage:   43.9560122058894
highest fitness' collisions: 0.1547243065211812
new generation:  2807
Fittest                      42.383834507751885
highest fitness' coverage:   43.9310775729637
highest fitness' collisions: 0.15472430652118146
new generation:  2808
Fittest                      42.36623845836581
highest fitness' coverage:   43.91172491946549
highest fitness' collisions: 0.1545486461099686
new generation:  2809
Fittest                      42.366389630928595
highest fitness' coverage:   43.91187609202828
highest fitness' collisions: 0.15454864610996852
new generation:  2810
Fittest                      42.36958160967125
highest fitness' coverage:   43.915068070770936
highest fitness' collisions: 0.1545486461099686
new generation:  2811
Fittest                      42.35060244977164
highest fitness' coverage:   43.89473994798874
highest fitness' collisions: 0.1544137498217094
new generation:  2812
Fittest                      42.356933447776775
highest fitness' coverage:   43.90107094599387
highest fitness' collisions: 0.15441374982170947
new generation:  2813
Fittest                      42.37815862195832
highest fitness' coverage:   43.92229612017542
highest fitness' collisions: 0.1544137498217094
new generation:  2814
Fittest                      42.362911603709904
highest fitness' coverage:   43.907049101927
highest fitness' collisions: 0.15441374982170936
new generation:  2815
Fittest                      42.38416662590646
highest fitness' coverage:   43.92830412412356
highest fitness' collisions: 0.1544137498217094
new generation:  2816
Fittest                      42.36290194556022
highest fitness' coverage:   43.901420103310265
highest fitness' collisions: 0.1538518157750045
new generation:  2817
Fittest                      42.37078862842919
highest fitness' coverage:   43.90953065829309
highest fitness' collisions: 0.15387420298639026
new generation:  2818
Fittest                      42.366818543454876
highest fitness' coverage:   43.937514481041944
highest fitness' collisions: 0.15706959375870702
new generation:  2819
Fittest                      42.330193750501934
highest fitness' coverage:   43.900889688089
highest fitness' collisions: 0.15706959375870688
new generation:  2820
Fittest                      42.346020972759575
highest fitness' coverage:   43.91671691034664
highest fitness' collisions: 0.15706959375870694
new generation:  2821
Fittest                      42.32647717646904
highest fitness' coverage:   43.89717311405611
highest fitness' collisions: 0.15706959375870705
new generation:  2822
Fittest                      42.34254637876045
highest fitness' coverage:   43.91324231634752
highest fitness' collisions: 0.15706959375870705
new generation:  2823
Fittest                      42.355469051455316
highest fitness' coverage:   43.919527846850094
highest fitness' collisions: 0.15640587953947793
new generation:  2824
Fittest                      42.35858085136879
highest fitness' coverage:   43.914245083467904
highest fitness' collisions: 0.15556642320991096
new generation:  2825
Fittest                      42.351224881784255
highest fitness' coverage:   43.9045982462306
highest fitness' collisions: 0.1553373364446343
new generation:  2826
Fittest                      42.34019975702766
highest fitness' coverage:   43.893573121474006
highest fitness' collisions: 0.15533733644463416
new generation:  2827
Fittest                      42.379995243411685
highest fitness' coverage:   43.93336860785803
highest fitness' collisions: 0.15533733644463418
new generation:  2828
Fittest                      42.35815020775863
highest fitness' coverage:   43.91152357220497
highest fitness' collisions: 0.15533733644463407
new generation:  2829
Fittest                      42.37683442122706
highest fitness' coverage:   43.9302077856734
highest fitness' collisions: 0.15533733644463418
new generation:  2830
Fittest                      42.347847137697165
highest fitness' coverage:   43.90122050214351
highest fitness' collisions: 0.1553373364446343
new generation:  2831
Fittest                      42.345387224354724
highest fitness' coverage:   43.88394335449598
highest fitness' collisions: 0.15385561301412592
new generation:  2832
Fittest                      42.37046752760424
highest fitness' coverage:   43.9090236577455
highest fitness' collisions: 0.1538556130141261
new generation:  2833
Fittest                      42.3418856950006
highest fitness' coverage:   43.88044182514186
highest fitness' collisions: 0.15385561301412595
new generation:  2834
Fittest                      42.36752295471665
highest fitness' coverage:   43.90607908485791
highest fitness' collisions: 0.15385561301412592
new generation:  2835
Fittest                      42.34952419960726
highest fitness' coverage:   43.88808032974852
highest fitness' collisions: 0.153855613014126
new generation:  2836
Fittest                      42.351480826844714
highest fitness' coverage:   43.89003695698597
highest fitness' collisions: 0.15385561301412598
new generation:  2837
Fittest                      42.36026667930524
highest fitness' coverage:   43.8988228094465
highest fitness' collisions: 0.15385561301412584
new generation:  2838
Fittest                      42.357760814330675
highest fitness' coverage:   43.896316944471934
highest fitness' collisions: 0.15385561301412606
new generation:  2839
Fittest                      42.376954079294975
highest fitness' coverage:   43.915510209436235
highest fitness' collisions: 0.15385561301412604
new generation:  2840
Fittest                      42.3450492711946
highest fitness' coverage:   43.883605401335856
highest fitness' collisions: 0.15385561301412595
new generation:  2841
Fittest                      42.38232557457567
highest fitness' coverage:   43.91272099783988
highest fitness' collisions: 0.15303954232642106
new generation:  2842
Fittest                      42.3760074307916
highest fitness' coverage:   43.90640285405581
highest fitness' collisions: 0.15303954232642097
new generation:  2843
Fittest                      42.37778296899126
highest fitness' coverage:   43.90817839225547
highest fitness' collisions: 0.15303954232642095
new generation:  2844
Fittest                      42.38755441179759
highest fitness' coverage:   43.9179498350618
highest fitness' collisions: 0.153039542326421
new generation:  2845
Fittest                      42.3602337151521
highest fitness' coverage:   43.89062913841631
highest fitness' collisions: 0.15303954232642103
new generation:  2846
Fittest                      42.37218440903161
highest fitness' coverage:   43.90257983229582
highest fitness' collisions: 0.1530395423264209
new generation:  2847
Fittest                      42.369381400377286
highest fitness' coverage:   43.899776823641496
highest fitness' collisions: 0.15303954232642084
new generation:  2848
Fittest                      42.38176350459905
highest fitness' coverage:   43.91215892786326
highest fitness' collisions: 0.15303954232642095
new generation:  2849
Fittest                      42.374981541771774
highest fitness' coverage:   43.905376965035984
highest fitness' collisions: 0.15303954232642097
new generation:  2850
Fittest                      42.368387487879765
highest fitness' coverage:   43.898782911143975
highest fitness' collisions: 0.15303954232642092
new generation:  2851
Fittest                      42.365963710058345
highest fitness' coverage:   43.896359133322555
highest fitness' collisions: 0.153039542326421
new generation:  2852
Fittest                      42.37731739955244
highest fitness' coverage:   43.909031079555206
highest fitness' collisions: 0.15317136800027667
new generation:  2853
Fittest                      42.354932400655855
highest fitness' coverage:   43.88664608065862
highest fitness' collisions: 0.15317136800027664
new generation:  2854
Fittest                      42.357807100521
highest fitness' coverage:   43.88952078052377
highest fitness' collisions: 0.15317136800027648
new generation:  2855
Fittest                      42.365162972992216
highest fitness' coverage:   43.89687665299498
highest fitness' collisions: 0.15317136800027664
new generation:  2856
Fittest                      42.36155357557419
highest fitness' coverage:   43.89326725557696
highest fitness' collisions: 0.15317136800027664
new generation:  2857
Fittest                      42.395131052144535
highest fitness' coverage:   43.93407731707364
highest fitness' collisions: 0.15389462649291005
new generation:  2858
Fittest                      42.36063769073078
highest fitness' coverage:   43.899583955659885
highest fitness' collisions: 0.15389462649291
new generation:  2859
Fittest                      42.35740960512536
highest fitness' coverage:   43.896355870054464
highest fitness' collisions: 0.15389462649290997
new generation:  2860
Fittest                      42.36263002950113
highest fitness' coverage:   43.901576294430235
highest fitness' collisions: 0.15389462649290997
new generation:  2861
Fittest                      42.37484021944425
highest fitness' coverage:   43.913786484373354
highest fitness' collisions: 0.15389462649291002
new generation:  2862
Fittest                      42.3669214497679
highest fitness' coverage:   43.905867714697
highest fitness' collisions: 0.15389462649291025
new generation:  2863
Fittest                      42.36988264912592
highest fitness' coverage:   43.90882891405502
highest fitness' collisions: 0.15389462649291
new generation:  2864
Fittest                      42.36625180625882
highest fitness' coverage:   43.905198071187925
highest fitness' collisions: 0.1538946264929101
new generation:  2865
Fittest                      42.35944779680479
highest fitness' coverage:   43.89839406173389
highest fitness' collisions: 0.15389462649291005
new generation:  2866
Fittest                      42.37165309248725
highest fitness' coverage:   43.91786153325605
highest fitness' collisions: 0.15462084407688004
new generation:  2867
Fittest                      42.362261372242294
highest fitness' coverage:   43.90878604077711
highest fitness' collisions: 0.15465246685348177
new generation:  2868
Fittest                      42.36739386387278
highest fitness' coverage:   43.9139185324076
highest fitness' collisions: 0.15465246685348202
new generation:  2869
Fittest                      42.349688888449016
highest fitness' coverage:   43.89621355698384
highest fitness' collisions: 0.154652466853482
new generation:  2870
Fittest                      42.36132300497961
highest fitness' coverage:   43.92005673823605
highest fitness' collisions: 0.1558733733256439
new generation:  2871
Fittest                      42.353477665571006
highest fitness' coverage:   43.912211398827445
highest fitness' collisions: 0.15587337332564377
new generation:  2872
Fittest                      42.355718305762494
highest fitness' coverage:   43.928950609177974
highest fitness' collisions: 0.1573232303415481
new generation:  2873
Fittest                      42.3698687141269
highest fitness' coverage:   43.94310101754238
highest fitness' collisions: 0.1573232303415481
new generation:  2874
Fittest                      42.36430794746607
highest fitness' coverage:   43.947068426421254
highest fitness' collisions: 0.15827604789551844
new generation:  2875
Fittest                      42.37276066010149
highest fitness' coverage:   43.94319460034949
highest fitness' collisions: 0.15704339402479991
new generation:  2876
Fittest                      42.37651122195248
highest fitness' coverage:   43.93675641791275
highest fitness' collisions: 0.15602451959602703
new generation:  2877
Fittest                      42.3709233314639
highest fitness' coverage:   43.93116852742417
highest fitness' collisions: 0.15602451959602712
new generation:  2878
Fittest                      42.38990230423397
highest fitness' coverage:   43.95014750019424
highest fitness' collisions: 0.15602451959602687
new generation:  2879
Fittest                      42.3766296776791
highest fitness' coverage:   43.93687487363937
highest fitness' collisions: 0.15602451959602712
new generation:  2880
Fittest                      42.36813758429733
highest fitness' coverage:   43.92456730548391
highest fitness' collisions: 0.15564297211865857
new generation:  2881
Fittest                      42.399064851184534
highest fitness' coverage:   43.95549457237112
highest fitness' collisions: 0.1556429721186586
new generation:  2882
Fittest                      42.383609906585455
highest fitness' coverage:   43.94003962777204
highest fitness' collisions: 0.15564297211865835
new generation:  2883
Fittest                      42.39568533464234
highest fitness' coverage:   43.93803773638082
highest fitness' collisions: 0.15423524017384854
new generation:  2884
Fittest                      42.41602442489669
highest fitness' coverage:   43.958376826635174
highest fitness' collisions: 0.15423524017384863
new generation:  2885
Fittest                      42.39238646200499
highest fitness' coverage:   43.934738863743476
highest fitness' collisions: 0.15423524017384865
new generation:  2886
Fittest                      42.37985356248031
highest fitness' coverage:   43.9222059642188
highest fitness' collisions: 0.15423524017384876
new generation:  2887
Fittest                      42.40464573668305
highest fitness' coverage:   43.946998138421534
highest fitness' collisions: 0.1542352401738486
new generation:  2888
Fittest                      42.401795464339656
highest fitness' coverage:   43.94414786607814
highest fitness' collisions: 0.15423524017384868
new generation:  2889
Fittest                      42.386275222276765
highest fitness' coverage:   43.92862762401525
highest fitness' collisions: 0.15423524017384854
new generation:  2890
Fittest                      42.42545694575246
highest fitness' coverage:   43.96780934749095
highest fitness' collisions: 0.15423524017384874
new generation:  2891
Fittest                      42.37577692064869
highest fitness' coverage:   43.91812932238717
highest fitness' collisions: 0.15423524017384865
new generation:  2892
Fittest                      42.407715970933
highest fitness' coverage:   43.95006837267148
highest fitness' collisions: 0.15423524017384868
new generation:  2893
Fittest                      42.39742576419652
highest fitness' coverage:   43.939778165935
highest fitness' collisions: 0.15423524017384865
new generation:  2894
Fittest                      42.40100154819291
highest fitness' coverage:   43.94335394993139
highest fitness' collisions: 0.1542352401738486
new generation:  2895
Fittest                      42.40721775981477
highest fitness' coverage:   43.949570161553254
highest fitness' collisions: 0.15423524017384863
new generation:  2896
Fittest                      42.403709245300234
highest fitness' coverage:   43.946061647038725
highest fitness' collisions: 0.1542352401738487
new generation:  2897
Fittest                      42.39791754700666
highest fitness' coverage:   43.94026994874514
highest fitness' collisions: 0.15423524017384868
new generation:  2898
Fittest                      42.38936152612441
highest fitness' coverage:   43.931713927862894
highest fitness' collisions: 0.15423524017384863
new generation:  2899
Fittest                      42.38304370533549
highest fitness' coverage:   43.93760749451946
highest fitness' collisions: 0.155456378918397
new generation:  2900
Fittest                      42.37280998943032
highest fitness' coverage:   43.927373778614296
highest fitness' collisions: 0.15545637891839706
new generation:  2901
Fittest                      42.40126017754238
highest fitness' coverage:   43.955823966726356
highest fitness' collisions: 0.1554563789183971
new generation:  2902
Fittest                      42.42673002304365
highest fitness' coverage:   43.949339904504455
highest fitness' collisions: 0.15226098814608033
new generation:  2903
Fittest                      42.412293392676325
highest fitness' coverage:   43.93761894565757
highest fitness' collisions: 0.15253255529812412
new generation:  2904
Fittest                      42.40906184464417
highest fitness' coverage:   43.934387397625414
highest fitness' collisions: 0.15253255529812423
new generation:  2905
Fittest                      42.40639895464361
highest fitness' coverage:   43.93172450762486
highest fitness' collisions: 0.15253255529812415
new generation:  2906
Fittest                      42.43043502387003
highest fitness' coverage:   43.95228497519378
highest fitness' collisions: 0.15218499513237435
new generation:  2907
Fittest                      42.40605016487722
highest fitness' coverage:   43.927900116200966
highest fitness' collisions: 0.15218499513237432
new generation:  2908
Fittest                      42.41924828004088
highest fitness' coverage:   43.94109823136463
highest fitness' collisions: 0.15218499513237438
new generation:  2909
Fittest                      42.415045957341995
highest fitness' coverage:   43.93689590866574
highest fitness' collisions: 0.1521849951323743
new generation:  2910
Fittest                      42.42391588835041
highest fitness' coverage:   43.94576583967415
highest fitness' collisions: 0.15218499513237443
new generation:  2911
Fittest                      42.44378503348201
highest fitness' coverage:   43.96563498480575
highest fitness' collisions: 0.15218499513237435
new generation:  2912
Fittest                      42.421481546428716
highest fitness' coverage:   43.94333149775246
highest fitness' collisions: 0.15218499513237424
new generation:  2913
Fittest                      42.409405704612155
highest fitness' coverage:   43.9312556559359
highest fitness' collisions: 0.15218499513237432
new generation:  2914
Fittest                      42.418244430751926
highest fitness' coverage:   43.94009438207567
highest fitness' collisions: 0.15218499513237432
new generation:  2915
Fittest                      42.40567830172461
highest fitness' coverage:   43.92752825304836
highest fitness' collisions: 0.15218499513237446
new generation:  2916
Fittest                      42.42266076569518
highest fitness' coverage:   43.94014555869652
highest fitness' collisions: 0.1517484793001341
new generation:  2917
Fittest                      42.42978757762273
highest fitness' coverage:   43.97724562646724
highest fitness' collisions: 0.15474580488445028
new generation:  2918
Fittest                      42.393112536150966
highest fitness' coverage:   43.94057058499547
highest fitness' collisions: 0.15474580488445033
new generation:  2919
Fittest                      42.40438443450575
highest fitness' coverage:   43.946455234030324
highest fitness' collisions: 0.1542070799524573
new generation:  2920
Fittest                      42.39391137493503
highest fitness' coverage:   43.943395276872614
highest fitness' collisions: 0.15494839019375822
new generation:  2921
Fittest                      42.390929680780445
highest fitness' coverage:   43.931547402162856
highest fitness' collisions: 0.15406177213824082
new generation:  2922
Fittest                      42.40710473764325
highest fitness' coverage:   43.94772245902566
highest fitness' collisions: 0.15406177213824102
new generation:  2923
Fittest                      42.400489228135385
highest fitness' coverage:   43.941106949517795
highest fitness' collisions: 0.15406177213824088
new generation:  2924
Fittest                      42.42189821714755
highest fitness' coverage:   43.96251593852996
highest fitness' collisions: 0.1540617721382409
new generation:  2925
Fittest                      42.391222524427505
highest fitness' coverage:   43.94709982375439
highest fitness' collisions: 0.15558772993268882
new generation:  2926
Fittest                      42.378720038061196
highest fitness' coverage:   43.934597337388084
highest fitness' collisions: 0.1555877299326888
new generation:  2927
Fittest                      42.38211773804726
highest fitness' coverage:   43.93799503737415
highest fitness' collisions: 0.15558772993268888
new generation:  2928
Fittest                      42.38061668569875
highest fitness' coverage:   43.936493985025635
highest fitness' collisions: 0.15558772993268866
new generation:  2929
Fittest                      42.385104201310114
highest fitness' coverage:   43.940981500637
highest fitness' collisions: 0.1555877299326887
new generation:  2930
Fittest                      42.38516726755947
highest fitness' coverage:   43.941044566886355
highest fitness' collisions: 0.15558772993268885
new generation:  2931
Fittest                      42.40042450783395
highest fitness' coverage:   43.956301807160834
highest fitness' collisions: 0.1555877299326888
new generation:  2932
Fittest                      42.404204351081525
highest fitness' coverage:   43.952443787892015
highest fitness' collisions: 0.15482394368104876
new generation:  2933
Fittest                      42.38032185901287
highest fitness' coverage:   43.92856129582336
highest fitness' collisions: 0.15482394368104874
new generation:  2934
Fittest                      42.380717870290226
highest fitness' coverage:   43.92895730710072
highest fitness' collisions: 0.15482394368104874
new generation:  2935
Fittest                      42.414265264155624
highest fitness' coverage:   43.961566633623875
highest fitness' collisions: 0.15473013694682514
new generation:  2936
Fittest                      42.37788609144216
highest fitness' coverage:   43.92518746091041
highest fitness' collisions: 0.15473013694682505
new generation:  2937
Fittest                      42.38095811735642
highest fitness' coverage:   43.92825948682467
highest fitness' collisions: 0.15473013694682503
new generation:  2938
Fittest                      42.38705805234135
highest fitness' coverage:   43.9343594218096
highest fitness' collisions: 0.15473013694682497
new generation:  2939
Fittest                      42.398914517103485
highest fitness' coverage:   43.946215886571736
highest fitness' collisions: 0.15473013694682505
new generation:  2940
Fittest                      42.405616863565825
highest fitness' coverage:   43.952918233034076
highest fitness' collisions: 0.1547301369468249
new generation:  2941
Fittest                      42.39898279923042
highest fitness' coverage:   43.94628416869867
highest fitness' collisions: 0.1547301369468251
new generation:  2942
Fittest                      42.38716946792839
highest fitness' coverage:   43.93447083739664
highest fitness' collisions: 0.15473013694682505
new generation:  2943
Fittest                      42.4169845747931
highest fitness' coverage:   43.96275663512486
highest fitness' collisions: 0.15457720603317637
new generation:  2944
Fittest                      42.382149855603316
highest fitness' coverage:   43.93437131379944
highest fitness' collisions: 0.15522214581961233
new generation:  2945
Fittest                      42.38492143703983
highest fitness' coverage:   43.968205914236144
highest fitness' collisions: 0.1583284477196312
new generation:  2946
Fittest                      42.35327375411374
highest fitness' coverage:   43.93655823131005
highest fitness' collisions: 0.15832844771963125
new generation:  2947
Fittest                      42.358104149807176
highest fitness' coverage:   43.94138862700349
highest fitness' collisions: 0.15832844771963125
new generation:  2948
Fittest                      42.36724063356844
highest fitness' coverage:   43.95052511076476
highest fitness' collisions: 0.1583284477196313
new generation:  2949
Fittest                      42.37556770566652
highest fitness' coverage:   43.958852182862834
highest fitness' collisions: 0.15832844771963137
new generation:  2950
Fittest                      42.35043299128872
highest fitness' coverage:   43.933717468485035
highest fitness' collisions: 0.1583284477196312
new generation:  2951
Fittest                      42.350407530846866
highest fitness' coverage:   43.93369200804318
highest fitness' collisions: 0.15832844771963128
new generation:  2952
Fittest                      42.36337936180421
highest fitness' coverage:   43.94801280188312
highest fitness' collisions: 0.15846334400789056
new generation:  2953
Fittest                      42.37581388642587
highest fitness' coverage:   43.96044732650477
highest fitness' collisions: 0.15846334400789042
new generation:  2954
Fittest                      42.378951921941045
highest fitness' coverage:   43.96358536201995
highest fitness' collisions: 0.1584633440078905
new generation:  2955
Fittest                      42.37241801951772
highest fitness' coverage:   43.92707820375346
highest fitness' collisions: 0.15546601842357427
new generation:  2956
Fittest                      42.381851672549665
highest fitness' coverage:   43.93651185678541
highest fitness' collisions: 0.15546601842357438
new generation:  2957
Fittest                      42.425450017824964
highest fitness' coverage:   43.98011020206071
highest fitness' collisions: 0.15546601842357433
new generation:  2958
Fittest                      42.38220803515498
highest fitness' coverage:   43.95463562777795
highest fitness' collisions: 0.15724275926229664
new generation:  2959
Fittest                      42.38887909733027
highest fitness' coverage:   43.96130668995323
highest fitness' collisions: 0.15724275926229664
new generation:  2960
Fittest                      42.36016528487122
highest fitness' coverage:   43.93259287749419
highest fitness' collisions: 0.15724275926229675
new generation:  2961
Fittest                      42.37568917451351
highest fitness' coverage:   43.948116767136476
highest fitness' collisions: 0.1572427592622966
new generation:  2962
Fittest                      42.37654089640298
highest fitness' coverage:   43.948968489025944
highest fitness' collisions: 0.1572427592622967
new generation:  2963
Fittest                      42.378817619352624
highest fitness' coverage:   43.95124521197559
highest fitness' collisions: 0.15724275926229675
new generation:  2964
Fittest                      42.37989794726645
highest fitness' coverage:   43.952325539889415
highest fitness' collisions: 0.15724275926229683
new generation:  2965
Fittest                      42.36700052620129
highest fitness' coverage:   43.93942811882425
highest fitness' collisions: 0.15724275926229667
new generation:  2966
Fittest                      42.36443738960661
highest fitness' coverage:   43.9362624226435
highest fitness' collisions: 0.1571825033036893
new generation:  2967
Fittest                      42.3643504293186
highest fitness' coverage:   43.93617546235549
highest fitness' collisions: 0.15718250330368919
new generation:  2968
Fittest                      42.36716593988921
highest fitness' coverage:   43.938990972926106
highest fitness' collisions: 0.15718250330368919
new generation:  2969
Fittest                      42.37001163886129
highest fitness' coverage:   43.94183667189819
highest fitness' collisions: 0.15718250330368924
new generation:  2970
Fittest                      42.38599662727616
highest fitness' coverage:   43.95782166031305
highest fitness' collisions: 0.1571825033036892
new generation:  2971
Fittest                      42.386478334531986
highest fitness' coverage:   43.95840808042369
highest fitness' collisions: 0.15719297458916992
new generation:  2972
Fittest                      42.374465059126464
highest fitness' coverage:   43.946394805018166
highest fitness' collisions: 0.15719297458916975
new generation:  2973
Fittest                      42.38878957494481
highest fitness' coverage:   43.96071932083651
highest fitness' collisions: 0.1571929745891698
new generation:  2974
Fittest                      42.36899313870639
highest fitness' coverage:   43.954611708384654
highest fitness' collisions: 0.15856185696782682
new generation:  2975
Fittest                      42.369896086426294
highest fitness' coverage:   43.95551465610456
highest fitness' collisions: 0.15856185696782665
new generation:  2976
Fittest                      42.38117714780773
highest fitness' coverage:   43.966795717486
highest fitness' collisions: 0.15856185696782674
new generation:  2977
Fittest                      42.35531209377292
highest fitness' coverage:   43.928740461796245
highest fitness' collisions: 0.157342836802332
new generation:  2978
Fittest                      42.39159130590237
highest fitness' coverage:   43.96501967392569
highest fitness' collisions: 0.157342836802332
new generation:  2979
Fittest                      42.38159332512671
highest fitness' coverage:   43.95502169315003
highest fitness' collisions: 0.15734283680233208
new generation:  2980
Fittest                      42.39650432795671
highest fitness' coverage:   43.969932695980035
highest fitness' collisions: 0.15734283680233194
new generation:  2981
Fittest                      42.37224350693625
highest fitness' coverage:   43.94567187495957
highest fitness' collisions: 0.1573428368023319
new generation:  2982
Fittest                      42.381313355957275
highest fitness' coverage:   43.9547417239806
highest fitness' collisions: 0.15734283680233196
new generation:  2983
Fittest                      42.37273966503153
highest fitness' coverage:   43.94616803305485
highest fitness' collisions: 0.15734283680233194
new generation:  2984
Fittest                      42.37531958317824
highest fitness' coverage:   43.94874795120156
highest fitness' collisions: 0.157342836802332
new generation:  2985
Fittest                      42.36826825564665
highest fitness' coverage:   43.94169662366997
highest fitness' collisions: 0.1573428368023319
new generation:  2986
Fittest                      42.36315068096681
highest fitness' coverage:   43.91038827636931
highest fitness' collisions: 0.15472375954025017
new generation:  2987
Fittest                      42.388409652057014
highest fitness' coverage:   43.935647247459514
highest fitness' collisions: 0.15472375954025006
new generation:  2988
Fittest                      42.37549212561725
highest fitness' coverage:   43.92272972101975
highest fitness' collisions: 0.15472375954025014
new generation:  2989
Fittest                      42.37623670205195
highest fitness' coverage:   43.929499893315196
highest fitness' collisions: 0.1553263191263245
new generation:  2990
Fittest                      42.39388274348194
highest fitness' coverage:   43.94714593474518
highest fitness' collisions: 0.15532631912632444
new generation:  2991
Fittest                      42.391546479834865
highest fitness' coverage:   43.944809671098106
highest fitness' collisions: 0.1553263191263244
new generation:  2992
Fittest                      42.38364136921712
highest fitness' coverage:   43.93733113999917
highest fitness' collisions: 0.15536897707820477
new generation:  2993
Fittest                      42.39385490766931
highest fitness' coverage:   43.94754467845136
highest fitness' collisions: 0.15536897707820466
new generation:  2994
Fittest                      42.377759203335444
highest fitness' coverage:   43.931448974117494
highest fitness' collisions: 0.15536897707820477
new generation:  2995
Fittest                      42.37931638582064
highest fitness' coverage:   43.934355119485275
highest fitness' collisions: 0.1555038733664638
new generation:  2996
Fittest                      42.389648234532046
highest fitness' coverage:   43.944686968196685
highest fitness' collisions: 0.1555038733664638
new generation:  2997
Fittest                      42.352965194790926
highest fitness' coverage:   43.908003928455564
highest fitness' collisions: 0.15550387336646385
new generation:  2998
Fittest                      42.39317523673523
highest fitness' coverage:   43.94821397039987
highest fitness' collisions: 0.15550387336646393
new generation:  2999
Fittest                      42.392572659519274
highest fitness' coverage:   43.94761139318391
highest fitness' collisions: 0.15550387336646385
new generation:  3000
Fittest                      42.376197491895596
highest fitness' coverage:   43.931236225560234
highest fitness' collisions: 0.15550387336646382
new generation:  3001
Fittest                      42.398868118801765
highest fitness' coverage:   43.9539068524664
highest fitness' collisions: 0.15550387336646404
new generation:  3002
Fittest                      42.40101800467105
highest fitness' coverage:   43.95605673833569
highest fitness' collisions: 0.1555038733664639
new generation:  3003
Fittest                      42.38956258028977
highest fitness' coverage:   43.94460131395441
highest fitness' collisions: 0.15550387336646385
new generation:  3004
Fittest                      42.386652776304025
highest fitness' coverage:   43.94169150996866
highest fitness' collisions: 0.15550387336646393
new generation:  3005
Fittest                      42.382749675057106
highest fitness' coverage:   43.937788408721744
highest fitness' collisions: 0.1555038733664639
new generation:  3006
Fittest                      42.3958445740586
highest fitness' coverage:   43.950012344133285
highest fitness' collisions: 0.15541677700746825
new generation:  3007
Fittest                      42.380518674102845
highest fitness' coverage:   43.93468644417753
highest fitness' collisions: 0.15541677700746814
new generation:  3008
Fittest                      42.36881492733388
highest fitness' coverage:   43.922982697408564
highest fitness' collisions: 0.15541677700746834
new generation:  3009
Fittest                      42.367783610647024
highest fitness' coverage:   43.92195138072171
highest fitness' collisions: 0.15541677700746828
new generation:  3010
Fittest                      42.395937348062816
highest fitness' coverage:   43.9501051181375
highest fitness' collisions: 0.15541677700746828
new generation:  3011
Fittest                      42.36523876129004
highest fitness' coverage:   43.91940653136472
highest fitness' collisions: 0.15541677700746828
new generation:  3012
Fittest                      42.365145551571416
highest fitness' coverage:   43.9193133216461
highest fitness' collisions: 0.1554167770074682
new generation:  3013
Fittest                      42.40461005618432
highest fitness' coverage:   43.97176556321168
highest fitness' collisions: 0.15671555070273635
new generation:  3014
Fittest                      42.371438305092
highest fitness' coverage:   43.938593812119365
highest fitness' collisions: 0.1567155507027364
new generation:  3015
Fittest                      42.375497488122356
highest fitness' coverage:   43.918655036354984
highest fitness' collisions: 0.15431575482326304
new generation:  3016
Fittest                      42.40670524027261
highest fitness' coverage:   43.94464005065508
highest fitness' collisions: 0.15379348103824733
new generation:  3017
Fittest                      42.39974256288243
highest fitness' coverage:   43.937677373264904
highest fitness' collisions: 0.15379348103824722
new generation:  3018
Fittest                      42.41849620270737
highest fitness' coverage:   43.956326300235034
highest fitness' collisions: 0.15378300975276663
new generation:  3019
Fittest                      42.37519008388993
highest fitness' coverage:   43.9130201814176
highest fitness' collisions: 0.15378300975276665
new generation:  3020
Fittest                      42.397568364433084
highest fitness' coverage:   43.93539846196075
highest fitness' collisions: 0.15378300975276657
new generation:  3021
Fittest                      42.415268117682125
highest fitness' coverage:   43.95309821520979
highest fitness' collisions: 0.15378300975276676
new generation:  3022
Fittest                      42.39068814676944
highest fitness' coverage:   43.92851824429711
highest fitness' collisions: 0.15378300975276682
new generation:  3023
Fittest                      42.39656803491657
highest fitness' coverage:   43.9355630333555
highest fitness' collisions: 0.1538994998438932
new generation:  3024
Fittest                      42.426586959045096
highest fitness' coverage:   43.96558195748403
highest fitness' collisions: 0.15389949984389317
new generation:  3025
Fittest                      42.399088968905225
highest fitness' coverage:   43.938083967344156
highest fitness' collisions: 0.15389949984389326
new generation:  3026
Fittest                      42.38747341997493
highest fitness' coverage:   43.92646841841386
highest fitness' collisions: 0.1538994998438931
new generation:  3027
Fittest                      42.393056934421395
highest fitness' coverage:   43.932051932860325
highest fitness' collisions: 0.1538994998438932
new generation:  3028
Fittest                      42.413639435153804
highest fitness' coverage:   43.953114213699585
highest fitness' collisions: 0.15394747785457838
new generation:  3029
Fittest                      42.396065270371004
highest fitness' coverage:   43.935797088495065
highest fitness' collisions: 0.15397318181240607
new generation:  3030
Fittest                      42.40101496828316
highest fitness' coverage:   43.94074678640722
highest fitness' collisions: 0.1539731818124063
new generation:  3031
Fittest                      42.392463101044676
highest fitness' coverage:   43.93219491916874
highest fitness' collisions: 0.1539731818124062
new generation:  3032
Fittest                      42.39589038018697
highest fitness' coverage:   43.93562219831103
highest fitness' collisions: 0.15397318181240616
new generation:  3033
Fittest                      42.39157796660403
highest fitness' coverage:   43.93130978472809
highest fitness' collisions: 0.1539731818124062
new generation:  3034
Fittest                      42.40200706557673
highest fitness' coverage:   43.94173888370079
highest fitness' collisions: 0.15397318181240616
new generation:  3035
Fittest                      42.378327076021904
highest fitness' coverage:   43.928247638433696
highest fitness' collisions: 0.15499205624117907
new generation:  3036
Fittest                      42.41630618506753
highest fitness' coverage:   43.966226747479325
highest fitness' collisions: 0.15499205624117912
new generation:  3037
Fittest                      42.40128103458898
highest fitness' coverage:   43.951201597000775
highest fitness' collisions: 0.1549920562411791
new generation:  3038
Fittest                      42.37340825950658
highest fitness' coverage:   43.923328821918375
highest fitness' collisions: 0.15499205624117893
new generation:  3039
Fittest                      42.395122981343455
highest fitness' coverage:   43.94504354375525
highest fitness' collisions: 0.154992056241179
new generation:  3040
Fittest                      42.404025834615126
highest fitness' coverage:   43.95394639702692
highest fitness' collisions: 0.15499205624117895
new generation:  3041
Fittest                      42.37975245568255
highest fitness' coverage:   43.92967301809434
highest fitness' collisions: 0.15499205624117884
new generation:  3042
Fittest                      42.37246382756141
highest fitness' coverage:   43.9223843899732
highest fitness' collisions: 0.154992056241179
new generation:  3043
Fittest                      42.37624880881014
highest fitness' coverage:   43.92616937122193
highest fitness' collisions: 0.15499205624117895
new generation:  3044
Fittest                      42.37731946610082
highest fitness' coverage:   43.941694426220074
highest fitness' collisions: 0.15643749601192491
new generation:  3045
Fittest                      42.37374330572112
highest fitness' coverage:   43.93811826584037
highest fitness' collisions: 0.1564374960119251
new generation:  3046
Fittest                      42.39486072581153
highest fitness' coverage:   43.959235685930786
highest fitness' collisions: 0.15643749601192497
new generation:  3047
Fittest                      42.37966914729453
highest fitness' coverage:   43.94404410741378
highest fitness' collisions: 0.156437496011925
new generation:  3048
Fittest                      42.380454877499176
highest fitness' coverage:   43.94482983761843
highest fitness' collisions: 0.1564374960119249
new generation:  3049
Fittest                      42.36404761113819
highest fitness' coverage:   43.92842257125744
highest fitness' collisions: 0.1564374960119249
new generation:  3050
Fittest                      42.37424897296904
highest fitness' coverage:   43.938623933088294
highest fitness' collisions: 0.156437496011925
new generation:  3051
Fittest                      42.370894579777996
highest fitness' coverage:   43.93526953989725
highest fitness' collisions: 0.15643749601192503
new generation:  3052
Fittest                      42.38377109880711
highest fitness' coverage:   43.94814605892636
highest fitness' collisions: 0.15643749601192503
new generation:  3053
Fittest                      42.38014350332991
highest fitness' coverage:   43.944518463449164
highest fitness' collisions: 0.1564374960119251
new generation:  3054
Fittest                      42.370789523762184
highest fitness' coverage:   43.93516448388144
highest fitness' collisions: 0.156437496011925
new generation:  3055
Fittest                      42.39512159420941
highest fitness' coverage:   43.959116364932335
highest fitness' collisions: 0.15639947707229293
new generation:  3056
Fittest                      42.383601846408524
highest fitness' coverage:   43.94759661713145
highest fitness' collisions: 0.1563994770722929
new generation:  3057
Fittest                      42.38240179668011
highest fitness' coverage:   43.931942169695574
highest fitness' collisions: 0.15495403730154703
new generation:  3058
Fittest                      42.404184705098025
highest fitness' coverage:   43.95372507811349
highest fitness' collisions: 0.1549540373015469
new generation:  3059
Fittest                      42.369618037640116
highest fitness' coverage:   43.919158410655584
highest fitness' collisions: 0.15495403730154708
new generation:  3060
Fittest                      42.37792219635511
highest fitness' coverage:   43.92495430111386
highest fitness' collisions: 0.15470321047587465
new generation:  3061
Fittest                      42.40677840049981
highest fitness' coverage:   43.95381050525856
highest fitness' collisions: 0.1547032104758748
new generation:  3062
Fittest                      42.38203179649359
highest fitness' coverage:   43.92906390125234
highest fitness' collisions: 0.15470321047587468
new generation:  3063
Fittest                      42.40340594847989
highest fitness' coverage:   43.95043805323864
highest fitness' collisions: 0.1547032104758747
new generation:  3064
Fittest                      42.40278512823423
highest fitness' coverage:   43.94685044325466
highest fitness' collisions: 0.15440653150204303
new generation:  3065
Fittest                      42.398043382359525
highest fitness' coverage:   43.94136169300758
highest fitness' collisions: 0.15433183106480547
new generation:  3066
Fittest                      42.37901852526984
highest fitness' coverage:   43.922336835917896
highest fitness' collisions: 0.15433183106480558
new generation:  3067
Fittest                      42.40368866892162
highest fitness' coverage:   43.94700697956967
highest fitness' collisions: 0.15433183106480552
new generation:  3068
Fittest                      42.38387422778398
highest fitness' coverage:   43.928173965685936
highest fitness' collisions: 0.15442997379019618
new generation:  3069
Fittest                      42.38372305500644
highest fitness' coverage:   43.9280227929084
highest fitness' collisions: 0.15442997379019616
new generation:  3070
Fittest                      42.388763175895434
highest fitness' coverage:   43.936013889551724
highest fitness' collisions: 0.15472507136562882
new generation:  3071
Fittest                      42.39664249000465
highest fitness' coverage:   43.94389320366094
highest fitness' collisions: 0.15472507136562874
new generation:  3072
Fittest                      42.39450985308683
highest fitness' coverage:   43.922900332993656
highest fitness' collisions: 0.15283904799068265
new generation:  3073
Fittest                      42.403315645385874
highest fitness' coverage:   43.9317061252927
highest fitness' collisions: 0.15283904799068268
new generation:  3074
Fittest                      42.42012176503482
highest fitness' coverage:   43.94851224494165
highest fitness' collisions: 0.15283904799068265
new generation:  3075
Fittest                      42.430909605668816
highest fitness' coverage:   43.95930008557564
highest fitness' collisions: 0.15283904799068274
new generation:  3076
Fittest                      42.40700737503241
highest fitness' coverage:   43.93539785493923
highest fitness' collisions: 0.15283904799068274
new generation:  3077
Fittest                      42.40923994958956
highest fitness' coverage:   43.92796649266891
highest fitness' collisions: 0.15187265430793478
new generation:  3078
Fittest                      42.43553895367444
highest fitness' coverage:   43.95400935923343
highest fitness' collisions: 0.15184704055589943
new generation:  3079
Fittest                      42.41764513043828
highest fitness' coverage:   43.936115535997274
highest fitness' collisions: 0.15184704055589948
new generation:  3080
Fittest                      42.43145942929113
highest fitness' coverage:   43.949929834850124
highest fitness' collisions: 0.15184704055589937
new generation:  3081
Fittest                      42.425903459761074
highest fitness' coverage:   43.94437386532007
highest fitness' collisions: 0.15184704055589932
new generation:  3082
Fittest                      42.435735171873745
highest fitness' coverage:   43.9506574435404
highest fitness' collisions: 0.15149222716666577
new generation:  3083
Fittest                      42.432281017305385
highest fitness' coverage:   43.93794371816178
highest fitness' collisions: 0.1505662700856397
new generation:  3084
Fittest                      42.429501694517626
highest fitness' coverage:   43.935164395374024
highest fitness' collisions: 0.15056627008563964
new generation:  3085
Fittest                      42.43337332635343
highest fitness' coverage:   43.94079720931498
highest fitness' collisions: 0.15074238829615452
new generation:  3086
Fittest                      42.418855253580254
highest fitness' coverage:   43.9262791365418
highest fitness' collisions: 0.15074238829615444
new generation:  3087
Fittest                      42.443454102154476
highest fitness' coverage:   43.95087798511602
highest fitness' collisions: 0.15074238829615458
new generation:  3088
Fittest                      42.43326552638309
highest fitness' coverage:   43.940689409344635
highest fitness' collisions: 0.15074238829615452
new generation:  3089
Fittest                      42.40933213863393
highest fitness' coverage:   43.916756021595475
highest fitness' collisions: 0.1507423882961545
new generation:  3090
Fittest                      42.43671507930298
highest fitness' coverage:   43.944138962264525
highest fitness' collisions: 0.15074238829615447
new generation:  3091
Fittest                      42.42461779549859
highest fitness' coverage:   43.93204167846014
highest fitness' collisions: 0.15074238829615452
new generation:  3092
Fittest                      42.43958133390615
highest fitness' coverage:   43.947005216867694
highest fitness' collisions: 0.15074238829615455
new generation:  3093
Fittest                      42.420595437842195
highest fitness' coverage:   43.92801932080374
highest fitness' collisions: 0.15074238829615447
new generation:  3094
Fittest                      42.424629889989724
highest fitness' coverage:   43.93205377295127
highest fitness' collisions: 0.15074238829615452
new generation:  3095
Fittest                      42.41790952196972
highest fitness' coverage:   43.925333404931266
highest fitness' collisions: 0.15074238829615447
new generation:  3096
Fittest                      42.40219726231611
highest fitness' coverage:   43.909621145277654
highest fitness' collisions: 0.15074238829615455
new generation:  3097
Fittest                      42.418012449373954
highest fitness' coverage:   43.9254363323355
highest fitness' collisions: 0.1507423882961544
new generation:  3098
Fittest                      42.45418168217493
highest fitness' coverage:   43.934869889585826
highest fitness' collisions: 0.1480688207410897
new generation:  3099
Fittest                      42.436387002383235
highest fitness' coverage:   43.91707520979413
highest fitness' collisions: 0.1480688207410896
new generation:  3100
Fittest                      42.44146658365156
highest fitness' coverage:   43.922154791062454
highest fitness' collisions: 0.14806882074108962
new generation:  3101
Fittest                      42.445579278762416
highest fitness' coverage:   43.92626748617331
highest fitness' collisions: 0.14806882074108957
new generation:  3102
Fittest                      42.45105907594658
highest fitness' coverage:   43.93174728335748
highest fitness' collisions: 0.14806882074108965
new generation:  3103
Fittest                      42.44923975225112
highest fitness' coverage:   43.92992795966202
highest fitness' collisions: 0.1480688207410897
new generation:  3104
Fittest                      42.44774443677561
highest fitness' coverage:   43.92843264418651
highest fitness' collisions: 0.14806882074108965
new generation:  3105
Fittest                      42.44772822909029
highest fitness' coverage:   43.92841643650119
highest fitness' collisions: 0.14806882074108962
new generation:  3106
Fittest                      42.44115757109429
highest fitness' coverage:   43.91878697238276
highest fitness' collisions: 0.14776294012884714
new generation:  3107
Fittest                      42.460587744579165
highest fitness' coverage:   43.93869577595996
highest fitness' collisions: 0.14781080313807934
new generation:  3108
Fittest                      42.470364487278424
highest fitness' coverage:   43.9591671697355
highest fitness' collisions: 0.14888026824570763
new generation:  3109
Fittest                      42.42986261767675
highest fitness' coverage:   43.918665300133824
highest fitness' collisions: 0.1488802682457077
new generation:  3110
Fittest                      42.44271042162569
highest fitness' coverage:   43.93151310408277
highest fitness' collisions: 0.14888026824570766
new generation:  3111
Fittest                      42.45184919014287
highest fitness' coverage:   43.94065187259995
highest fitness' collisions: 0.1488802682457077
new generation:  3112
Fittest                      42.436838143637196
highest fitness' coverage:   43.90990580593562
highest fitness' collisions: 0.1473067662298429
new generation:  3113
Fittest                      42.45871299940673
highest fitness' coverage:   43.92668829319611
highest fitness' collisions: 0.14679752937893825
new generation:  3114
Fittest                      42.436883840616275
highest fitness' coverage:   43.90485913440566
highest fitness' collisions: 0.1467975293789383
new generation:  3115
Fittest                      42.43680469600643
highest fitness' coverage:   43.90477998979581
highest fitness' collisions: 0.1467975293789381
new generation:  3116
Fittest                      42.43035660996253
highest fitness' coverage:   43.89833190375191
highest fitness' collisions: 0.14679752937893822
new generation:  3117
Fittest                      42.44623867371241
highest fitness' coverage:   43.914213967501794
highest fitness' collisions: 0.14679752937893836
new generation:  3118
Fittest                      42.446415111923564
highest fitness' coverage:   43.91439040571294
highest fitness' collisions: 0.14679752937893814
new generation:  3119
Fittest                      42.44384600689722
highest fitness' coverage:   43.9118213006866
highest fitness' collisions: 0.14679752937893825
new generation:  3120
Fittest                      42.43419728371383
highest fitness' coverage:   43.896006627484596
highest fitness' collisions: 0.14618093437707666
new generation:  3121
Fittest                      42.442651893602154
highest fitness' coverage:   43.90446123737292
highest fitness' collisions: 0.1461809343770767
new generation:  3122
Fittest                      42.4377469564872
highest fitness' coverage:   43.89955630025797
highest fitness' collisions: 0.1461809343770768
new generation:  3123
Fittest                      42.44662751278887
highest fitness' coverage:   43.90843685655964
highest fitness' collisions: 0.1461809343770767
new generation:  3124
Fittest                      42.42849734419681
highest fitness' coverage:   43.89030668796758
highest fitness' collisions: 0.14618093437707672
new generation:  3125
Fittest                      42.43721574679128
highest fitness' coverage:   43.89902509056205
highest fitness' collisions: 0.1461809343770767
new generation:  3126
Fittest                      42.46254382678223
highest fitness' coverage:   43.924353170553
highest fitness' collisions: 0.14618093437707674
new generation:  3127
Fittest                      42.440121879589384
highest fitness' coverage:   43.91143605192261
highest fitness' collisions: 0.1471314172333226
new generation:  3128
Fittest                      42.43323063703716
highest fitness' coverage:   43.8987070746751
highest fitness' collisions: 0.14654764376379414
new generation:  3129
Fittest                      42.44902386999115
highest fitness' coverage:   43.91450030762909
highest fitness' collisions: 0.1465476437637942
new generation:  3130
Fittest                      42.45506552969376
highest fitness' coverage:   43.9205419673317
highest fitness' collisions: 0.14654764376379423
new generation:  3131
Fittest                      42.4451752479518
highest fitness' coverage:   43.91065168558975
highest fitness' collisions: 0.14654764376379434
new generation:  3132
Fittest                      42.46225621705371
highest fitness' coverage:   43.929624778054546
highest fitness' collisions: 0.14673685610008388
new generation:  3133
Fittest                      42.435051769840996
highest fitness' coverage:   43.902420330841835
highest fitness' collisions: 0.14673685610008388
new generation:  3134
Fittest                      42.43825123899896
highest fitness' coverage:   43.9056197999998
highest fitness' collisions: 0.14673685610008383
new generation:  3135
Fittest                      42.43434608932062
highest fitness' coverage:   43.90171465032146
highest fitness' collisions: 0.14673685610008402
new generation:  3136
Fittest                      42.421640742842385
highest fitness' coverage:   43.892552535047464
highest fitness' collisions: 0.14709117922050768
new generation:  3137
Fittest                      42.42150124578083
highest fitness' coverage:   43.89241303798591
highest fitness' collisions: 0.14709117922050768
new generation:  3138
Fittest                      42.443784881168256
highest fitness' coverage:   43.914696673373335
highest fitness' collisions: 0.1470911792205077
new generation:  3139
Fittest                      42.440854767184035
highest fitness' coverage:   43.911766559389115
highest fitness' collisions: 0.1470911792205077
new generation:  3140
Fittest                      42.46020837730528
highest fitness' coverage:   43.93112016951036
highest fitness' collisions: 0.14709117922050774
new generation:  3141
Fittest                      42.43636533743889
highest fitness' coverage:   43.90787968923004
highest fitness' collisions: 0.14715143517911508
new generation:  3142
Fittest                      42.45253680639149
highest fitness' coverage:   43.92405115818264
highest fitness' collisions: 0.14715143517911508
new generation:  3143
Fittest                      42.42159412175108
highest fitness' coverage:   43.89310847354223
highest fitness' collisions: 0.1471514351791152
new generation:  3144
Fittest                      42.45172320587458
highest fitness' coverage:   43.92323755766573
highest fitness' collisions: 0.14715143517911497
new generation:  3145
Fittest                      42.4488840668393
highest fitness' coverage:   43.92039841863045
highest fitness' collisions: 0.1471514351791151
new generation:  3146
Fittest                      42.43918856993783
highest fitness' coverage:   43.876626286023516
highest fitness' collisions: 0.1437437716085683
new generation:  3147
Fittest                      42.444542729781
highest fitness' coverage:   43.88198044586668
highest fitness' collisions: 0.14374377160856824
new generation:  3148
Fittest                      42.44562398194336
highest fitness' coverage:   43.883061698029046
highest fitness' collisions: 0.14374377160856835
new generation:  3149
Fittest                      42.4686716660751
highest fitness' coverage:   43.906581485920725
highest fitness' collisions: 0.14379098198456228
new generation:  3150
Fittest                      42.47229204065788
highest fitness' coverage:   43.9102018605035
highest fitness' collisions: 0.14379098198456233
new generation:  3151
Fittest                      42.46391060866086
highest fitness' coverage:   43.90182042850648
highest fitness' collisions: 0.14379098198456217
new generation:  3152
Fittest                      42.42928462903784
highest fitness' coverage:   43.866400120648734
highest fitness' collisions: 0.14371154916108983
new generation:  3153
Fittest                      42.4530438055444
highest fitness' coverage:   43.882292802757576
highest fitness' collisions: 0.14292489972131772
new generation:  3154
Fittest                      42.459397185167546
highest fitness' coverage:   43.888646182380725
highest fitness' collisions: 0.14292489972131775
new generation:  3155
Fittest                      42.44241319457253
highest fitness' coverage:   43.87278553647204
highest fitness' collisions: 0.14303723418995032
new generation:  3156
Fittest                      42.45191834768743
highest fitness' coverage:   43.88229068958694
highest fitness' collisions: 0.1430372341899503
new generation:  3157
Fittest                      42.45607324118068
highest fitness' coverage:   43.88644558308019
highest fitness' collisions: 0.14303723418995043
new generation:  3158
Fittest                      42.4553125726175
highest fitness' coverage:   43.88568491451701
highest fitness' collisions: 0.14303723418995035
new generation:  3159
Fittest                      42.443271251934995
highest fitness' coverage:   43.8736435938345
highest fitness' collisions: 0.14303723418995043
new generation:  3160
Fittest                      42.44941162734451
highest fitness' coverage:   43.879783969244016
highest fitness' collisions: 0.1430372341899503
new generation:  3161
Fittest                      42.448708953821104
highest fitness' coverage:   43.87908129572061
highest fitness' collisions: 0.14303723418995046
new generation:  3162
Fittest                      42.45558790159642
highest fitness' coverage:   43.88596024349592
highest fitness' collisions: 0.1430372341899506
new generation:  3163
Fittest                      42.470699622094195
highest fitness' coverage:   43.9010719639937
highest fitness' collisions: 0.14303723418995046
new generation:  3164
Fittest                      42.446353923378496
highest fitness' coverage:   43.876726265278
highest fitness' collisions: 0.14303723418995037
new generation:  3165
Fittest                      42.467959198398994
highest fitness' coverage:   43.90108576900184
highest fitness' collisions: 0.1433126570602842
new generation:  3166
Fittest                      42.44358903333937
highest fitness' coverage:   43.876715603942216
highest fitness' collisions: 0.14331265706028418
new generation:  3167
Fittest                      42.44295087349706
highest fitness' coverage:   43.876077444099906
highest fitness' collisions: 0.14331265706028415
new generation:  3168
Fittest                      42.47080594943222
highest fitness' coverage:   43.90393252003506
highest fitness' collisions: 0.14331265706028432
new generation:  3169
Fittest                      42.45505147701844
highest fitness' coverage:   43.88817804762129
highest fitness' collisions: 0.14331265706028434
new generation:  3170
Fittest                      42.47173768716081
highest fitness' coverage:   43.904864257763656
highest fitness' collisions: 0.14331265706028423
new generation:  3171
Fittest                      42.449895626173216
highest fitness' coverage:   43.88302219677606
highest fitness' collisions: 0.14331265706028432
new generation:  3172
Fittest                      42.43447135040249
highest fitness' coverage:   43.867597921005334
highest fitness' collisions: 0.14331265706028423
new generation:  3173
Fittest                      42.44992315226867
highest fitness' coverage:   43.88304972287151
highest fitness' collisions: 0.14331265706028423
new generation:  3174
Fittest                      42.45190232792964
highest fitness' coverage:   43.873809439995945
highest fitness' collisions: 0.14219071120663093
new generation:  3175
Fittest                      42.49216243083459
highest fitness' coverage:   43.90665644048789
highest fitness' collisions: 0.14144940096533004
new generation:  3176
Fittest                      42.47440359291275
highest fitness' coverage:   43.888897602566054
highest fitness' collisions: 0.14144940096533007
new generation:  3177
Fittest                      42.45949996915391
highest fitness' coverage:   43.873993978807206
highest fitness' collisions: 0.14144940096532993
new generation:  3178
Fittest                      42.46403260030558
highest fitness' coverage:   43.87852660995888
highest fitness' collisions: 0.14144940096533
new generation:  3179
Fittest                      42.47717046600668
highest fitness' coverage:   43.89166447565998
highest fitness' collisions: 0.14144940096532996
new generation:  3180
Fittest                      42.481362641799144
highest fitness' coverage:   43.89545361809787
highest fitness' collisions: 0.14140909762987236
new generation:  3181
Fittest                      42.45948925804936
highest fitness' coverage:   43.87358023434808
highest fitness' collisions: 0.14140909762987228
new generation:  3182
Fittest                      42.46802925519272
highest fitness' coverage:   43.88212023149144
highest fitness' collisions: 0.14140909762987225
new generation:  3183
Fittest                      42.481302359257576
highest fitness' coverage:   43.8953933355563
highest fitness' collisions: 0.14140909762987222
new generation:  3184
Fittest                      42.46636994527704
highest fitness' coverage:   43.882323008712426
highest fitness' collisions: 0.14159530634353876
new generation:  3185
Fittest                      42.46063091656157
highest fitness' coverage:   43.87658397999696
highest fitness' collisions: 0.14159530634353873
new generation:  3186
Fittest                      42.471553980471896
highest fitness' coverage:   43.88921617543891
highest fitness' collisions: 0.14176621949670123
new generation:  3187
Fittest                      42.46796934430595
highest fitness' coverage:   43.885631539272964
highest fitness' collisions: 0.14176621949670118
new generation:  3188
Fittest                      42.47679073083753
highest fitness' coverage:   43.89445292580454
highest fitness' collisions: 0.14176621949670126
new generation:  3189
Fittest                      42.47987331539849
highest fitness' coverage:   43.89753551036551
highest fitness' collisions: 0.1417662194967013
new generation:  3190
Fittest                      42.464208238618504
highest fitness' coverage:   43.88187043358552
highest fitness' collisions: 0.14176621949670123
new generation:  3191
Fittest                      42.47735188317646
highest fitness' coverage:   43.90078392897098
highest fitness' collisions: 0.14234320457945215
new generation:  3192
Fittest                      42.47178138513652
highest fitness' coverage:   43.89521343093104
highest fitness' collisions: 0.14234320457945204
new generation:  3193
Fittest                      42.48684987974087
highest fitness' coverage:   43.910281925535394
highest fitness' collisions: 0.14234320457945204
new generation:  3194
Fittest                      42.45952583785217
highest fitness' coverage:   43.8820390962946
highest fitness' collisions: 0.14225132584424308
new generation:  3195
Fittest                      42.465624674098514
highest fitness' coverage:   43.88813793254094
highest fitness' collisions: 0.142251325844243
new generation:  3196
Fittest                      42.46900583663843
highest fitness' coverage:   43.891817984446746
highest fitness' collisions: 0.14228121478083133
new generation:  3197
Fittest                      42.43202977081665
highest fitness' coverage:   43.854841918624956
highest fitness' collisions: 0.14228121478083108
new generation:  3198
Fittest                      42.46258855194816
highest fitness' coverage:   43.885400699756474
highest fitness' collisions: 0.14228121478083125
new generation:  3199
Fittest                      42.47605980145829
highest fitness' coverage:   43.8988719492666
highest fitness' collisions: 0.14228121478083108
new generation:  3200
Fittest                      42.45408668830549
highest fitness' coverage:   43.8768988361138
highest fitness' collisions: 0.14228121478083125
new generation:  3201
Fittest                      42.45906861317332
highest fitness' coverage:   43.85163379015716
highest fitness' collisions: 0.13925651769838354
new generation:  3202
Fittest                      42.47387013384788
highest fitness' coverage:   43.86643531083172
highest fitness' collisions: 0.1392565176983834
new generation:  3203
Fittest                      42.47398408483133
highest fitness' coverage:   43.866549261815166
highest fitness' collisions: 0.1392565176983834
new generation:  3204
Fittest                      42.54653893585115
highest fitness' coverage:   44.24463133144184
highest fitness' collisions: 0.16980923955906832
new generation:  3205
Fittest                      42.558564053084325
highest fitness' coverage:   44.25665644867501
highest fitness' collisions: 0.16980923955906818
new generation:  3206
Fittest                      42.57761828177881
highest fitness' coverage:   44.27571067736949
highest fitness' collisions: 0.16980923955906807
new generation:  3207
Fittest                      42.55189395680478
highest fitness' coverage:   44.26081970960663
highest fitness' collisions: 0.17089257528018453
new generation:  3208
Fittest                      42.56961095112557
highest fitness' coverage:   44.278536703927415
highest fitness' collisions: 0.17089257528018456
new generation:  3209
Fittest                      42.55142188774302
highest fitness' coverage:   44.260347640544865
highest fitness' collisions: 0.17089257528018464
new generation:  3210
Fittest                      42.53693299056789
highest fitness' coverage:   44.24585874336974
highest fitness' collisions: 0.17089257528018467
new generation:  3211
Fittest                      42.555457494548335
highest fitness' coverage:   44.26438324735018
highest fitness' collisions: 0.17089257528018462
new generation:  3212
Fittest                      42.548762285974085
highest fitness' coverage:   44.25768803877593
highest fitness' collisions: 0.17089257528018442
new generation:  3213
Fittest                      42.54942612171009
highest fitness' coverage:   44.251833266031824
highest fitness' collisions: 0.17024071443217323
new generation:  3214
Fittest                      42.554819701584094
highest fitness' coverage:   44.25722684590583
highest fitness' collisions: 0.17024071443217315
new generation:  3215
Fittest                      42.55244423268256
highest fitness' coverage:   44.25485137700429
highest fitness' collisions: 0.1702407144321732
new generation:  3216
Fittest                      42.55545198845648
highest fitness' coverage:   44.27369798087179
highest fitness' collisions: 0.17182459924153057
new generation:  3217
Fittest                      42.54594073415159
highest fitness' coverage:   44.2641867265669
highest fitness' collisions: 0.17182459924153082
new generation:  3218
Fittest                      42.56145588566476
highest fitness' coverage:   44.27970187808007
highest fitness' collisions: 0.1718245992415306
new generation:  3219
Fittest                      42.566984624047585
highest fitness' coverage:   44.28523061646289
highest fitness' collisions: 0.17182459924153062
new generation:  3220
Fittest                      42.5366549776479
highest fitness' coverage:   44.254900970063204
highest fitness' collisions: 0.17182459924153062
new generation:  3221
Fittest                      42.52727025614591
highest fitness' coverage:   44.245516248561216
highest fitness' collisions: 0.17182459924153068
new generation:  3222
Fittest                      42.54611993176024
highest fitness' coverage:   44.26436592417554
highest fitness' collisions: 0.17182459924153073
new generation:  3223
Fittest                      42.570451724575165
highest fitness' coverage:   44.28869771699047
highest fitness' collisions: 0.17182459924153065
new generation:  3224
Fittest                      42.53035272640813
highest fitness' coverage:   44.24859871882344
highest fitness' collisions: 0.17182459924153068
new generation:  3225
Fittest                      42.56559657589068
highest fitness' coverage:   44.28295131736785
highest fitness' collisions: 0.17173547414771725
new generation:  3226
Fittest                      42.61874712755266
highest fitness' coverage:   44.33610186902983
highest fitness' collisions: 0.17173547414771734
new generation:  3227
Fittest                      42.593515543076315
highest fitness' coverage:   44.31087028455349
highest fitness' collisions: 0.17173547414771725
new generation:  3228
Fittest                      42.596138213137614
highest fitness' coverage:   44.31349295461479
highest fitness' collisions: 0.17173547414771737
new generation:  3229
Fittest                      42.59294281996165
highest fitness' coverage:   44.31029756143882
highest fitness' collisions: 0.1717354741477173
new generation:  3230
Fittest                      42.580462581722806
highest fitness' coverage:   44.29781732319998
highest fitness' collisions: 0.17173547414771734
new generation:  3231
Fittest                      42.58408028263353
highest fitness' coverage:   44.3014350241107
highest fitness' collisions: 0.17173547414771728
new generation:  3232
Fittest                      42.599614437829864
highest fitness' coverage:   44.31696917930704
highest fitness' collisions: 0.17173547414771737
new generation:  3233
Fittest                      42.57759207574308
highest fitness' coverage:   44.29494681722025
highest fitness' collisions: 0.1717354741477174
new generation:  3234
Fittest                      42.58131851620983
highest fitness' coverage:   44.29867325768701
highest fitness' collisions: 0.17173547414771734
new generation:  3235
Fittest                      42.60635653776509
highest fitness' coverage:   44.32371127924226
highest fitness' collisions: 0.1717354741477173
new generation:  3236
Fittest                      42.5813966735932
highest fitness' coverage:   44.29875141507037
highest fitness' collisions: 0.17173547414771734
new generation:  3237
Fittest                      42.59940027138667
highest fitness' coverage:   44.316755012863844
highest fitness' collisions: 0.17173547414771723
new generation:  3238
Fittest                      42.59423719965072
highest fitness' coverage:   44.311591941127894
highest fitness' collisions: 0.17173547414771734
new generation:  3239
Fittest                      42.600557650817926
highest fitness' coverage:   44.323403100766505
highest fitness' collisions: 0.17228454499485776
new generation:  3240
Fittest                      42.5800598702949
highest fitness' coverage:   44.289316710570766
highest fitness' collisions: 0.17092568402758607
new generation:  3241
Fittest                      42.6019196625591
highest fitness' coverage:   44.31117650283496
highest fitness' collisions: 0.17092568402758607
new generation:  3242
Fittest                      42.59119667853983
highest fitness' coverage:   44.30045351881569
highest fitness' collisions: 0.17092568402758593
new generation:  3243
Fittest                      42.629128279713356
highest fitness' coverage:   44.33838511998922
highest fitness' collisions: 0.17092568402758598
new generation:  3244
Fittest                      42.60710244746156
highest fitness' coverage:   44.31635928773741
highest fitness' collisions: 0.1709256840275859
new generation:  3245
Fittest                      42.58872979437275
highest fitness' coverage:   44.297986634648616
highest fitness' collisions: 0.17092568402758596
new generation:  3246
Fittest                      42.609698470595426
highest fitness' coverage:   44.31694452106589
highest fitness' collisions: 0.17072460504704648
new generation:  3247
Fittest                      42.62223317496991
highest fitness' coverage:   44.32947922544037
highest fitness' collisions: 0.1707246050470465
new generation:  3248
Fittest                      42.60056514001153
highest fitness' coverage:   44.307811190482
highest fitness' collisions: 0.17072460504704645
new generation:  3249
Fittest                      42.61202674222937
highest fitness' coverage:   44.319272792699834
highest fitness' collisions: 0.17072460504704642
new generation:  3250
Fittest                      42.61194070954882
highest fitness' coverage:   44.319186760019285
highest fitness' collisions: 0.17072460504704642
new generation:  3251
Fittest                      42.60893023256173
highest fitness' coverage:   44.3161762830322
highest fitness' collisions: 0.17072460504704648
new generation:  3252
Fittest                      42.59691009819217
highest fitness' coverage:   44.304156148662635
highest fitness' collisions: 0.1707246050470464
new generation:  3253
Fittest                      42.59712911864719
highest fitness' coverage:   44.304375169117655
highest fitness' collisions: 0.17072460504704648
new generation:  3254
Fittest                      42.60748914983498
highest fitness' coverage:   44.31473520030545
highest fitness' collisions: 0.17072460504704653
new generation:  3255
Fittest                      42.58766831605003
highest fitness' coverage:   44.294914366520494
highest fitness' collisions: 0.17072460504704648
new generation:  3256
Fittest                      42.601178764555314
highest fitness' coverage:   44.30842481502578
highest fitness' collisions: 0.17072460504704656
new generation:  3257
Fittest                      42.61305133118273
highest fitness' coverage:   44.3202973816532
highest fitness' collisions: 0.17072460504704645
new generation:  3258
Fittest                      42.597101429183525
highest fitness' coverage:   44.280146337059755
highest fitness' collisions: 0.1683044907876229
new generation:  3259
Fittest                      42.615187283729405
highest fitness' coverage:   44.298232191605635
highest fitness' collisions: 0.16830449078762297
new generation:  3260
Fittest                      42.609176864248376
highest fitness' coverage:   44.292221772124606
highest fitness' collisions: 0.16830449078762294
new generation:  3261
Fittest                      42.62145251152842
highest fitness' coverage:   44.30466724376989
highest fitness' collisions: 0.16832147322414748
new generation:  3262
Fittest                      42.61284438201999
highest fitness' coverage:   44.32575128869597
highest fitness' collisions: 0.17129069066759767
new generation:  3263
Fittest                      42.59533092112978
highest fitness' coverage:   44.308237827805755
highest fitness' collisions: 0.17129069066759772
new generation:  3264
Fittest                      42.58776766022483
highest fitness' coverage:   44.3006745669008
highest fitness' collisions: 0.1712906906675978
new generation:  3265
Fittest                      42.6036853949903
highest fitness' coverage:   44.316592301666276
highest fitness' collisions: 0.1712906906675977
new generation:  3266
Fittest                      42.604077992211884
highest fitness' coverage:   44.31125976753493
highest fitness' collisions: 0.17071817753230403
new generation:  3267
Fittest                      42.587739914390085
highest fitness' coverage:   44.29492168971313
highest fitness' collisions: 0.17071817753230412
new generation:  3268
Fittest                      42.60007246857323
highest fitness' coverage:   44.307254243896274
highest fitness' collisions: 0.17071817753230417
new generation:  3269
Fittest                      42.62009767361811
highest fitness' coverage:   44.332779586556825
highest fitness' collisions: 0.17126819129387097
new generation:  3270
Fittest                      42.580171008287294
highest fitness' coverage:   44.292852921226
highest fitness' collisions: 0.17126819129387083
new generation:  3271
Fittest                      42.611140572316714
highest fitness' coverage:   44.32382248525542
highest fitness' collisions: 0.17126819129387091
new generation:  3272
Fittest                      42.598322397382745
highest fitness' coverage:   44.3166236507885
highest fitness' collisions: 0.1718301253405755
new generation:  3273
Fittest                      42.601834839898345
highest fitness' coverage:   44.3201360933041
highest fitness' collisions: 0.17183012534057573
new generation:  3274
Fittest                      42.60202571431961
highest fitness' coverage:   44.320326967725364
highest fitness' collisions: 0.17183012534057562
new generation:  3275
Fittest                      42.60419758152104
highest fitness' coverage:   44.3224988349268
highest fitness' collisions: 0.17183012534057557
new generation:  3276
Fittest                      42.6013626499495
highest fitness' coverage:   44.319663903355256
highest fitness' collisions: 0.1718301253405756
new generation:  3277
Fittest                      42.57663850373869
highest fitness' coverage:   44.29493975714445
highest fitness' collisions: 0.17183012534057562
new generation:  3278
Fittest                      42.613972289488636
highest fitness' coverage:   44.33227354289439
highest fitness' collisions: 0.17183012534057546
new generation:  3279
Fittest                      42.585554983301584
highest fitness' coverage:   44.30385623670734
highest fitness' collisions: 0.1718301253405756
new generation:  3280
Fittest                      42.582878701917764
highest fitness' coverage:   44.30117995532352
highest fitness' collisions: 0.17183012534057546
new generation:  3281
Fittest                      42.61385392094478
highest fitness' coverage:   44.33215517435053
highest fitness' collisions: 0.1718301253405756
new generation:  3282
Fittest                      42.59739578259723
highest fitness' coverage:   44.33872566959028
highest fitness' collisions: 0.17413298869930466
new generation:  3283
Fittest                      42.60888955358913
highest fitness' coverage:   44.35021944058218
highest fitness' collisions: 0.17413298869930469
new generation:  3284
Fittest                      42.60496853754279
highest fitness' coverage:   44.33001491181671
highest fitness' collisions: 0.1725046374273924
new generation:  3285
Fittest                      42.61758115267774
highest fitness' coverage:   44.34262752695166
highest fitness' collisions: 0.17250463742739247
new generation:  3286
Fittest                      42.61454066003599
highest fitness' coverage:   44.339587034309915
highest fitness' collisions: 0.17250463742739244
new generation:  3287
Fittest                      42.615318856741496
highest fitness' coverage:   44.32683093294753
highest fitness' collisions: 0.1711512076206031
new generation:  3288
Fittest                      42.6496542050241
highest fitness' coverage:   44.361166281230126
highest fitness' collisions: 0.17115120762060282
new generation:  3289
Fittest                      42.64647770714878
highest fitness' coverage:   44.35798978335482
highest fitness' collisions: 0.17115120762060312
new generation:  3290
Fittest                      42.65978028633899
highest fitness' coverage:   44.37129236254502
highest fitness' collisions: 0.17115120762060299
new generation:  3291
Fittest                      42.62182857114861
highest fitness' coverage:   44.33334064735464
highest fitness' collisions: 0.171151207620603
new generation:  3292
Fittest                      42.637108989498806
highest fitness' coverage:   44.34862106570483
highest fitness' collisions: 0.17115120762060293
new generation:  3293
Fittest                      42.65565124028804
highest fitness' coverage:   44.36716331649407
highest fitness' collisions: 0.17115120762060307
new generation:  3294
Fittest                      42.637487171475
highest fitness' coverage:   44.35502484354178
highest fitness' collisions: 0.1717537672066774
new generation:  3295
Fittest                      42.631370961033426
highest fitness' coverage:   44.3489086331002
highest fitness' collisions: 0.17175376720667723
new generation:  3296
Fittest                      42.62557487671037
highest fitness' coverage:   44.34311254877714
highest fitness' collisions: 0.17175376720667723
new generation:  3297
Fittest                      42.621840658760206
highest fitness' coverage:   44.33937833082698
highest fitness' collisions: 0.17175376720667737
new generation:  3298
Fittest                      42.61572202463493
highest fitness' coverage:   44.3332596967017
highest fitness' collisions: 0.17175376720667726
new generation:  3299
Fittest                      42.632409274629524
highest fitness' coverage:   44.3499469466963
highest fitness' collisions: 0.17175376720667745
new generation:  3300
Fittest                      42.60983576794607
highest fitness' coverage:   44.32737344001285
highest fitness' collisions: 0.17175376720667734
new generation:  3301
Fittest                      42.628131275398694
highest fitness' coverage:   44.34566894746547
highest fitness' collisions: 0.1717537672066773
new generation:  3302
Fittest                      42.625120656095596
highest fitness' coverage:   44.34265832816237
highest fitness' collisions: 0.17175376720667723
new generation:  3303
Fittest                      42.62885574530937
highest fitness' coverage:   44.34639341737615
highest fitness' collisions: 0.17175376720667745
new generation:  3304
Fittest                      42.624123526398506
highest fitness' coverage:   44.34166119846528
highest fitness' collisions: 0.1717537672066773
new generation:  3305
Fittest                      42.6243263456452
highest fitness' coverage:   44.31202048715263
highest fitness' collisions: 0.16876941415074284
new generation:  3306
Fittest                      42.64521237215278
highest fitness' coverage:   44.332906513660205
highest fitness' collisions: 0.16876941415074279
new generation:  3307
Fittest                      42.68008127062068
highest fitness' coverage:   44.370439822982256
highest fitness' collisions: 0.1690358552361576
new generation:  3308
Fittest                      42.646711102904945
highest fitness' coverage:   44.337069655266525
highest fitness' collisions: 0.16903585523615772
new generation:  3309
Fittest                      42.66829435153493
highest fitness' coverage:   44.34878126016733
highest fitness' collisions: 0.16804869086323937
new generation:  3310
Fittest                      42.66182172724504
highest fitness' coverage:   44.34230863587744
highest fitness' collisions: 0.1680486908632393
new generation:  3311
Fittest                      42.661787895101966
highest fitness' coverage:   44.34227480373436
highest fitness' collisions: 0.1680486908632393
new generation:  3312
Fittest                      42.657278048545706
highest fitness' coverage:   44.36530724421148
highest fitness' collisions: 0.17080291956657753
new generation:  3313
Fittest                      42.6473785189202
highest fitness' coverage:   44.35540771458597
highest fitness' collisions: 0.1708029195665774
new generation:  3314
Fittest                      42.63131568221977
highest fitness' coverage:   44.33955380749863
highest fitness' collisions: 0.17082381252788612
new generation:  3315
Fittest                      42.63389824412627
highest fitness' coverage:   44.34213636940513
highest fitness' collisions: 0.17082381252788592
new generation:  3316
Fittest                      42.63273377086701
highest fitness' coverage:   44.330369750789934
highest fitness' collisions: 0.1697635979922923
new generation:  3317
Fittest                      42.66310463360462
highest fitness' coverage:   44.36074061352754
highest fitness' collisions: 0.16976359799229213
new generation:  3318
Fittest                      42.634666477627796
highest fitness' coverage:   44.33230245755072
highest fitness' collisions: 0.16976359799229226
new generation:  3319
Fittest                      42.64880760239652
highest fitness' coverage:   44.346443582319445
highest fitness' collisions: 0.16976359799229226
new generation:  3320
Fittest                      42.63541753502051
highest fitness' coverage:   44.33305351494343
highest fitness' collisions: 0.1697635979922924
new generation:  3321
Fittest                      42.65138032750527
highest fitness' coverage:   44.349016307428194
highest fitness' collisions: 0.16976359799229224
new generation:  3322
Fittest                      42.65397382984343
highest fitness' coverage:   44.35160980976635
highest fitness' collisions: 0.16976359799229226
new generation:  3323
Fittest                      42.63611309101588
highest fitness' coverage:   44.3337490709388
highest fitness' collisions: 0.16976359799229218
new generation:  3324
Fittest                      42.65404551383603
highest fitness' coverage:   44.35168149375895
highest fitness' collisions: 0.1697635979922922
new generation:  3325
Fittest                      42.64187041020763
highest fitness' coverage:   44.33950639013055
highest fitness' collisions: 0.1697635979922924
new generation:  3326
Fittest                      42.650431461617636
highest fitness' coverage:   44.32923095064566
highest fitness' collisions: 0.16787994890280236
new generation:  3327
Fittest                      42.64249401985803
highest fitness' coverage:   44.32129350888605
highest fitness' collisions: 0.16787994890280244
new generation:  3328
Fittest                      42.6629041714536
highest fitness' coverage:   44.34170366048162
highest fitness' collisions: 0.16787994890280256
new generation:  3329
Fittest                      42.68165533451842
highest fitness' coverage:   44.36045482354644
highest fitness' collisions: 0.16787994890280247
new generation:  3330
Fittest                      42.672217014720786
highest fitness' coverage:   44.35101650374881
highest fitness' collisions: 0.16787994890280242
new generation:  3331
Fittest                      42.66698581832006
highest fitness' coverage:   44.34578530734808
highest fitness' collisions: 0.1678799489028025
new generation:  3332
Fittest                      42.65431210107809
highest fitness' coverage:   44.36429854687576
highest fitness' collisions: 0.17099864457976705
new generation:  3333
Fittest                      42.62591386283123
highest fitness' coverage:   44.33590030862891
highest fitness' collisions: 0.17099864457976718
new generation:  3334
Fittest                      42.62242870377784
highest fitness' coverage:   44.33241514957551
highest fitness' collisions: 0.17099864457976702
new generation:  3335
Fittest                      42.64948446502479
highest fitness' coverage:   44.3700730561784
highest fitness' collisions: 0.17205885911536087
new generation:  3336
Fittest                      42.62535396983914
highest fitness' coverage:   44.34594256099275
highest fitness' collisions: 0.172058859115361
new generation:  3337
Fittest                      42.627043890482256
highest fitness' coverage:   44.347948709401884
highest fitness' collisions: 0.17209048189196247
new generation:  3338
Fittest                      42.61526742028014
highest fitness' coverage:   44.33617223919977
highest fitness' collisions: 0.17209048189196266
new generation:  3339
Fittest                      42.64032193369276
highest fitness' coverage:   44.36122675261239
highest fitness' collisions: 0.17209048189196255
new generation:  3340
Fittest                      42.634206953111246
highest fitness' coverage:   44.35511177203087
highest fitness' collisions: 0.17209048189196244
new generation:  3341
Fittest                      42.634241095823526
highest fitness' coverage:   44.355145914743154
highest fitness' collisions: 0.17209048189196258
new generation:  3342
Fittest                      42.63678580061048
highest fitness' coverage:   44.35769061953011
highest fitness' collisions: 0.17209048189196247
new generation:  3343
Fittest                      42.61517272672122
highest fitness' coverage:   44.33607754564085
highest fitness' collisions: 0.17209048189196266
new generation:  3344
Fittest                      42.630171269829304
highest fitness' coverage:   44.35107608874893
highest fitness' collisions: 0.1720904818919625
new generation:  3345
Fittest                      42.621471847533364
highest fitness' coverage:   44.34196729792262
highest fitness' collisions: 0.17204954503892564
new generation:  3346
Fittest                      42.614433988220966
highest fitness' coverage:   44.31075839856859
highest fitness' collisions: 0.16963244103476222
new generation:  3347
Fittest                      42.64299776511754
highest fitness' coverage:   44.33932217546516
highest fitness' collisions: 0.16963244103476233
new generation:  3348
Fittest                      42.63351336043405
highest fitness' coverage:   44.32983777078167
highest fitness' collisions: 0.1696324410347624
new generation:  3349
Fittest                      42.636782047797496
highest fitness' coverage:   44.333106458145124
highest fitness' collisions: 0.1696324410347625
new generation:  3350
Fittest                      42.63706678380902
highest fitness' coverage:   44.33339119415664
highest fitness' collisions: 0.16963244103476235
new generation:  3351
Fittest                      42.65776599528288
highest fitness' coverage:   44.35452692146274
highest fitness' collisions: 0.16967609261798647
new generation:  3352
Fittest                      42.62080896103771
highest fitness' coverage:   44.31756988721757
highest fitness' collisions: 0.16967609261798636
new generation:  3353
Fittest                      42.64902576461927
highest fitness' coverage:   44.34578669079913
highest fitness' collisions: 0.16967609261798655
new generation:  3354
Fittest                      42.633336740697025
highest fitness' coverage:   44.33009766687689
highest fitness' collisions: 0.16967609261798638
new generation:  3355
Fittest                      42.64170886940634
highest fitness' coverage:   44.3384697955862
highest fitness' collisions: 0.16967609261798638
new generation:  3356
Fittest                      42.65139040363409
highest fitness' coverage:   44.34815132981395
highest fitness' collisions: 0.1696760926179864
new generation:  3357
Fittest                      42.655407279150126
highest fitness' coverage:   44.35216820532999
highest fitness' collisions: 0.16967609261798647
new generation:  3358
Fittest                      42.636879005828824
highest fitness' coverage:   44.33363993200869
highest fitness' collisions: 0.16967609261798647
new generation:  3359
Fittest                      42.627577602014526
highest fitness' coverage:   44.32433852819439
highest fitness' collisions: 0.16967609261798644
new generation:  3360
Fittest                      42.64280283193938
highest fitness' coverage:   44.33956375811924
highest fitness' collisions: 0.16967609261798655
new generation:  3361
Fittest                      42.64214298772901
highest fitness' coverage:   44.33890391390887
highest fitness' collisions: 0.1696760926179864
new generation:  3362
Fittest                      42.64191187945009
highest fitness' coverage:   44.338672805629955
highest fitness' collisions: 0.16967609261798652
new generation:  3363
Fittest                      42.63834025570687
highest fitness' coverage:   44.33568707612701
highest fitness' collisions: 0.16973468204201375
new generation:  3364
Fittest                      42.63951263811203
highest fitness' coverage:   44.33685945853217
highest fitness' collisions: 0.16973468204201395
new generation:  3365
Fittest                      42.63806281478344
highest fitness' coverage:   44.329909497587906
highest fitness' collisions: 0.169184668280447
new generation:  3366
Fittest                      42.659270378806475
highest fitness' coverage:   44.35111706161094
highest fitness' collisions: 0.16918466828044698
new generation:  3367
Fittest                      42.66833621744276
highest fitness' coverage:   44.36018290024723
highest fitness' collisions: 0.16918466828044718
new generation:  3368
Fittest                      42.656935449091506
highest fitness' coverage:   44.34878213189597
highest fitness' collisions: 0.16918466828044693
new generation:  3369
Fittest                      42.655637690255
highest fitness' coverage:   44.347484373059466
highest fitness' collisions: 0.16918466828044693
new generation:  3370
Fittest                      42.643567998701464
highest fitness' coverage:   44.33541468150593
highest fitness' collisions: 0.16918466828044695
new generation:  3371
Fittest                      42.64063917593665
highest fitness' coverage:   44.33248585874112
highest fitness' collisions: 0.16918466828044712
new generation:  3372
Fittest                      42.64638720161368
highest fitness' coverage:   44.33823388441815
highest fitness' collisions: 0.16918466828044718
new generation:  3373
Fittest                      42.65941885708486
highest fitness' coverage:   44.35126553988933
highest fitness' collisions: 0.1691846682804471
new generation:  3374
Fittest                      42.65784436781052
highest fitness' coverage:   44.342255407382915
highest fitness' collisions: 0.1684411039572399
new generation:  3375
Fittest                      42.63948733406363
highest fitness' coverage:   44.323689444022946
highest fitness' collisions: 0.1684202109959313
new generation:  3376
Fittest                      42.64051384715581
highest fitness' coverage:   44.320330043297716
highest fitness' collisions: 0.16798161961419047
new generation:  3377
Fittest                      42.64952766074068
highest fitness' coverage:   44.32934385688259
highest fitness' collisions: 0.16798161961419045
new generation:  3378
Fittest                      42.675429888657646
highest fitness' coverage:   44.355246084799546
highest fitness' collisions: 0.16798161961419034
new generation:  3379
Fittest                      42.64329867341867
highest fitness' coverage:   44.32311486956058
highest fitness' collisions: 0.16798161961419042
new generation:  3380
Fittest                      42.66472211127499
highest fitness' coverage:   44.3445383074169
highest fitness' collisions: 0.16798161961419053
new generation:  3381
Fittest                      42.65547280900724
highest fitness' coverage:   44.35534668737927
highest fitness' collisions: 0.16998738783720246
new generation:  3382
Fittest                      42.62592679998488
highest fitness' coverage:   44.325800678356906
highest fitness' collisions: 0.16998738783720266
new generation:  3383
Fittest                      42.63906522886262
highest fitness' coverage:   44.338939107234644
highest fitness' collisions: 0.16998738783720257
new generation:  3384
Fittest                      42.62717105398266
highest fitness' coverage:   44.32704493235468
highest fitness' collisions: 0.1699873878372025
new generation:  3385
Fittest                      42.62937580639599
highest fitness' coverage:   44.33021505944779
highest fitness' collisions: 0.1700839253051794
new generation:  3386
Fittest                      42.62534834420171
highest fitness' coverage:   44.32618759725351
highest fitness' collisions: 0.17008392530517932
new generation:  3387
Fittest                      42.63438285755561
highest fitness' coverage:   44.335222110607404
highest fitness' collisions: 0.1700839253051793
new generation:  3388
Fittest                      42.63879389717948
highest fitness' coverage:   44.33963315023128
highest fitness' collisions: 0.17008392530517932
new generation:  3389
Fittest                      42.64628461327396
highest fitness' coverage:   44.35232944053974
highest fitness' collisions: 0.17060448272657794
new generation:  3390
Fittest                      42.645464631321985
highest fitness' coverage:   44.35150945858776
highest fitness' collisions: 0.17060448272657794
new generation:  3391
Fittest                      42.642144473413566
highest fitness' coverage:   44.348189300679344
highest fitness' collisions: 0.1706044827265778
new generation:  3392
Fittest                      42.635728569955695
highest fitness' coverage:   44.34177339722147
highest fitness' collisions: 0.17060448272657797
new generation:  3393
Fittest                      42.642865707758475
highest fitness' coverage:   44.34891053502425
highest fitness' collisions: 0.17060448272657783
new generation:  3394
Fittest                      42.64481181638803
highest fitness' coverage:   44.351369505037795
highest fitness' collisions: 0.17065576886497696
new generation:  3395
Fittest                      42.63292933519065
highest fitness' coverage:   44.33948702384043
highest fitness' collisions: 0.1706557688649771
new generation:  3396
Fittest                      42.613425727634564
highest fitness' coverage:   44.31998341628433
highest fitness' collisions: 0.17065576886497702
new generation:  3397
Fittest                      42.657878326620676
highest fitness' coverage:   44.36443601527045
highest fitness' collisions: 0.1706557688649771
new generation:  3398
Fittest                      42.641815682157464
highest fitness' coverage:   44.34837337080723
highest fitness' collisions: 0.1706557688649769
new generation:  3399
Fittest                      42.625618527514014
highest fitness' coverage:   44.33217621616379
highest fitness' collisions: 0.1706557688649771
new generation:  3400
Fittest                      42.63238298693108
highest fitness' coverage:   44.33894067558085
highest fitness' collisions: 0.17065576886497702
new generation:  3401
Fittest                      42.626835491802204
highest fitness' coverage:   44.33339318045198
highest fitness' collisions: 0.17065576886497713
new generation:  3402
Fittest                      42.60678183267293
highest fitness' coverage:   44.3133395213227
highest fitness' collisions: 0.1706557688649771
new generation:  3403
Fittest                      42.641768734631896
highest fitness' coverage:   44.35222922441916
highest fitness' collisions: 0.17104604897872674
new generation:  3404
Fittest                      42.629068334961865
highest fitness' coverage:   44.33978586432741
highest fitness' collisions: 0.17107175293655438
new generation:  3405
Fittest                      42.64212362919001
highest fitness' coverage:   44.352841158555556
highest fitness' collisions: 0.1710717529365544
new generation:  3406
Fittest                      42.63118258040151
highest fitness' coverage:   44.35598409240992
highest fitness' collisions: 0.17248015120084106
new generation:  3407
Fittest                      42.62518486403071
highest fitness' coverage:   44.34998637603912
highest fitness' collisions: 0.17248015120084098
new generation:  3408
Fittest                      42.59513596636892
highest fitness' coverage:   44.31833266505505
highest fitness' collisions: 0.17231966986861294
new generation:  3409
Fittest                      42.61599949415459
highest fitness' coverage:   44.339196192840724
highest fitness' collisions: 0.172319669868613
new generation:  3410
Fittest                      42.603409792646126
highest fitness' coverage:   44.32660649133226
highest fitness' collisions: 0.17231966986861288
new generation:  3411
Fittest                      42.584491347820205
highest fitness' coverage:   44.307688046506335
highest fitness' collisions: 0.17231966986861297
new generation:  3412
Fittest                      42.60992164467229
highest fitness' coverage:   44.33311834335842
highest fitness' collisions: 0.17231966986861302
new generation:  3413
Fittest                      42.61597676455387
highest fitness' coverage:   44.33917346324
highest fitness' collisions: 0.1723196698686131
new generation:  3414
Fittest                      42.6197640328477
highest fitness' coverage:   44.34296073153383
highest fitness' collisions: 0.17231966986861297
new generation:  3415
Fittest                      42.593598197074336
highest fitness' coverage:   44.31679489576047
highest fitness' collisions: 0.17231966986861305
new generation:  3416
Fittest                      42.619611642700285
highest fitness' coverage:   44.342808341386416
highest fitness' collisions: 0.17231966986861308
new generation:  3417
Fittest                      42.619684466272304
highest fitness' coverage:   44.342881164958435
highest fitness' collisions: 0.17231966986861288
new generation:  3418
Fittest                      42.602904103413806
highest fitness' coverage:   44.32610080209994
highest fitness' collisions: 0.17231966986861302
new generation:  3419
Fittest                      42.588730415869904
highest fitness' coverage:   44.311927114556035
highest fitness' collisions: 0.1723196698686129
new generation:  3420
Fittest                      42.65157320871613
highest fitness' coverage:   44.39673926305389
highest fitness' collisions: 0.17451660543377595
new generation:  3421
Fittest                      42.61510727003992
highest fitness' coverage:   44.365694796678675
highest fitness' collisions: 0.17505875266387502
new generation:  3422
Fittest                      42.65856841794259
highest fitness' coverage:   44.40915594458134
highest fitness' collisions: 0.17505875266387513
new generation:  3423
Fittest                      42.61539431215268
highest fitness' coverage:   44.365981838791434
highest fitness' collisions: 0.17505875266387508
new generation:  3424
Fittest                      42.63765662965059
highest fitness' coverage:   44.39087442428124
highest fitness' collisions: 0.17532177946306476
new generation:  3425
Fittest                      42.64935329022664
highest fitness' coverage:   44.40257108485729
highest fitness' collisions: 0.1753217794630648
new generation:  3426
Fittest                      42.65957686438544
highest fitness' coverage:   44.41279465901609
highest fitness' collisions: 0.17532177946306482
new generation:  3427
Fittest                      42.64324647207136
highest fitness' coverage:   44.396464266702004
highest fitness' collisions: 0.17532177946306465
new generation:  3428
Fittest                      42.63721172194644
highest fitness' coverage:   44.39042951657709
highest fitness' collisions: 0.17532177946306468
new generation:  3429
Fittest                      42.63394858332542
highest fitness' coverage:   44.38716637795607
highest fitness' collisions: 0.17532177946306474
new generation:  3430
Fittest                      42.62834012187629
highest fitness' coverage:   44.381557916506935
highest fitness' collisions: 0.17532177946306463
new generation:  3431
Fittest                      42.62276773436015
highest fitness' coverage:   44.375985528990796
highest fitness' collisions: 0.17532177946306468
new generation:  3432
Fittest                      42.62827234244083
highest fitness' coverage:   44.381490137071474
highest fitness' collisions: 0.17532177946306463
new generation:  3433
Fittest                      42.64700056791075
highest fitness' coverage:   44.4002183625414
highest fitness' collisions: 0.17532177946306468
new generation:  3434
Fittest                      42.64325868984522
highest fitness' coverage:   44.39647648447587
highest fitness' collisions: 0.17532177946306474
new generation:  3435
Fittest                      42.625663044238784
highest fitness' coverage:   44.378880838869435
highest fitness' collisions: 0.1753217794630648
new generation:  3436
Fittest                      42.65998378876416
highest fitness' coverage:   44.41320158339481
highest fitness' collisions: 0.17532177946306476
new generation:  3437
Fittest                      42.6528036982711
highest fitness' coverage:   44.40602149290175
highest fitness' collisions: 0.1753217794630648
new generation:  3438
Fittest                      42.65111525927716
highest fitness' coverage:   44.404333053907806
highest fitness' collisions: 0.17532177946306468
new generation:  3439
Fittest                      42.63206051471778
highest fitness' coverage:   44.38527830934843
highest fitness' collisions: 0.17532177946306488
new generation:  3440
Fittest                      42.628352809157505
highest fitness' coverage:   44.381570603788155
highest fitness' collisions: 0.17532177946306468
new generation:  3441
Fittest                      42.63693372728403
highest fitness' coverage:   44.390151521914675
highest fitness' collisions: 0.17532177946306463
new generation:  3442
Fittest                      42.63511156684857
highest fitness' coverage:   44.388329361479215
highest fitness' collisions: 0.1753217794630646
new generation:  3443
Fittest                      42.64022550858266
highest fitness' coverage:   44.39092367335935
highest fitness' collisions: 0.17506981647766962
new generation:  3444
Fittest                      42.640527029417996
highest fitness' coverage:   44.39122519419469
highest fitness' collisions: 0.1750698164776696
new generation:  3445
Fittest                      42.646969395240575
highest fitness' coverage:   44.39766756001727
highest fitness' collisions: 0.1750698164776694
new generation:  3446
Fittest                      42.65828814603813
highest fitness' coverage:   44.408986310814825
highest fitness' collisions: 0.1750698164776696
new generation:  3447
Fittest                      42.63075794668829
highest fitness' coverage:   44.381456111464985
highest fitness' collisions: 0.17506981647766967
new generation:  3448
Fittest                      42.63670771264206
highest fitness' coverage:   44.38740587741875
highest fitness' collisions: 0.17506981647766964
new generation:  3449
Fittest                      42.66273808074179
highest fitness' coverage:   44.41544703532388
highest fitness' collisions: 0.17527089545820906
new generation:  3450
Fittest                      42.653397073147225
highest fitness' coverage:   44.406106027729315
highest fitness' collisions: 0.17527089545820917
new generation:  3451
Fittest                      42.64431821897885
highest fitness' coverage:   44.39480616858293
highest fitness' collisions: 0.1750487949604076
new generation:  3452
Fittest                      42.6273178030591
highest fitness' coverage:   44.37780575266318
highest fitness' collisions: 0.17504879496040765
new generation:  3453
Fittest                      42.63704430532851
highest fitness' coverage:   44.39092950645595
highest fitness' collisions: 0.1753885201127436
new generation:  3454
Fittest                      42.6156543792324
highest fitness' coverage:   44.36953958035984
highest fitness' collisions: 0.17538852011274367
new generation:  3455
Fittest                      42.608104434156886
highest fitness' coverage:   44.3870754581653
highest fitness' collisions: 0.17789710240084147
new generation:  3456
Fittest                      42.59891410465298
highest fitness' coverage:   44.37263488654009
highest fitness' collisions: 0.17737207818871165
new generation:  3457
Fittest                      42.626475165843814
highest fitness' coverage:   44.43082738521301
highest fitness' collisions: 0.1804352219369194
new generation:  3458
Fittest                      42.57750682770466
highest fitness' coverage:   44.38185904707385
highest fitness' collisions: 0.18043522193691908
new generation:  3459
Fittest                      42.58689156475843
highest fitness' coverage:   44.391243784127624
highest fitness' collisions: 0.18043522193691922
new generation:  3460
Fittest                      42.58137716456807
highest fitness' coverage:   44.37287622879538
highest fitness' collisions: 0.17914990642273132
new generation:  3461
Fittest                      42.598804639324285
highest fitness' coverage:   44.390303703551595
highest fitness' collisions: 0.17914990642273132
new generation:  3462
Fittest                      42.62501129559875
highest fitness' coverage:   44.41651035982606
highest fitness' collisions: 0.17914990642273126
new generation:  3463
Fittest                      42.60513509602029
highest fitness' coverage:   44.39663416024761
highest fitness' collisions: 0.1791499064227315
new generation:  3464
Fittest                      42.596636211553204
highest fitness' coverage:   44.384285890910185
highest fitness' collisions: 0.17876496793569818
new generation:  3465
Fittest                      42.60339805390195
highest fitness' coverage:   44.39104773325893
highest fitness' collisions: 0.17876496793569824
new generation:  3466
Fittest                      42.59353642115431
highest fitness' coverage:   44.38118610051129
highest fitness' collisions: 0.17876496793569818
new generation:  3467
Fittest                      42.605948805184845
highest fitness' coverage:   44.393598484541826
highest fitness' collisions: 0.17876496793569824
new generation:  3468
Fittest                      42.59635877678871
highest fitness' coverage:   44.38400845614569
highest fitness' collisions: 0.1787649679356983
new generation:  3469
Fittest                      42.592010665146354
highest fitness' coverage:   44.384910586624635
highest fitness' collisions: 0.17928999214782823
new generation:  3470
Fittest                      42.60810223408017
highest fitness' coverage:   44.40083233119321
highest fitness' collisions: 0.1792730097113035
new generation:  3471
Fittest                      42.58205984733511
highest fitness' coverage:   44.374789944448146
highest fitness' collisions: 0.1792730097113035
new generation:  3472
Fittest                      42.59767101636946
highest fitness' coverage:   44.3904011134825
highest fitness' collisions: 0.1792730097113034
new generation:  3473
Fittest                      42.60240336067224
highest fitness' coverage:   44.39513345778528
highest fitness' collisions: 0.1792730097113036
new generation:  3474
Fittest                      42.57281160332364
highest fitness' coverage:   44.366198508997954
highest fitness' collisions: 0.17933869056743096
new generation:  3475
Fittest                      42.58878451471341
highest fitness' coverage:   44.38217142038772
highest fitness' collisions: 0.1793386905674309
new generation:  3476
Fittest                      42.59695865073987
highest fitness' coverage:   44.39034555641418
highest fitness' collisions: 0.1793386905674309
new generation:  3477
Fittest                      42.60017363688548
highest fitness' coverage:   44.39356054255979
highest fitness' collisions: 0.17933869056743093
new generation:  3478
Fittest                      42.59407404213475
highest fitness' coverage:   44.38746094780906
highest fitness' collisions: 0.1793386905674311
new generation:  3479
Fittest                      42.59750106368833
highest fitness' coverage:   44.39088796936264
highest fitness' collisions: 0.1793386905674311
new generation:  3480
Fittest                      42.58790504335371
highest fitness' coverage:   44.38129194902802
highest fitness' collisions: 0.17933869056743093
new generation:  3481
Fittest                      42.58566047827896
highest fitness' coverage:   44.38507297981401
highest fitness' collisions: 0.17994125015350518
new generation:  3482
Fittest                      42.59167883374878
highest fitness' coverage:   44.39173698951287
highest fitness' collisions: 0.18000581557640885
new generation:  3483
Fittest                      42.56560821235931
highest fitness' coverage:   44.36566636812339
highest fitness' collisions: 0.18000581557640877
new generation:  3484
Fittest                      42.60575869438682
highest fitness' coverage:   44.387430040511326
highest fitness' collisions: 0.17816713461245065
new generation:  3485
Fittest                      42.59363586511122
highest fitness' coverage:   44.37505017165745
highest fitness' collisions: 0.178141430654623
new generation:  3486
Fittest                      42.61140486478975
highest fitness' coverage:   44.32273313615316
highest fitness' collisions: 0.1711328271363415
new generation:  3487
Fittest                      42.66273542033709
highest fitness' coverage:   44.374063691700506
highest fitness' collisions: 0.17113282713634134
new generation:  3488
Fittest                      42.66694155710911
highest fitness' coverage:   44.378269828472526
highest fitness' collisions: 0.17113282713634148
new generation:  3489
Fittest                      42.68039058548885
highest fitness' coverage:   44.393469558148496
highest fitness' collisions: 0.17130789726596474
new generation:  3490
Fittest                      42.69340053383924
highest fitness' coverage:   44.40647950649888
highest fitness' collisions: 0.17130789726596468
new generation:  3491
Fittest                      42.67543496246208
highest fitness' coverage:   44.37467395262043
highest fitness' collisions: 0.16992389901583507
new generation:  3492
Fittest                      42.7010700479862
highest fitness' coverage:   44.40030903814455
highest fitness' collisions: 0.16992389901583516
new generation:  3493
Fittest                      42.72574305707357
highest fitness' coverage:   44.424419705906736
highest fitness' collisions: 0.16986766488331617
new generation:  3494
Fittest                      42.69177959296192
highest fitness' coverage:   44.390456241795086
highest fitness' collisions: 0.16986766488331614
new generation:  3495
Fittest                      42.67036057911052
highest fitness' coverage:   44.369037227943686
highest fitness' collisions: 0.16986766488331626
new generation:  3496
Fittest                      42.67669763048273
highest fitness' coverage:   44.37537427931589
highest fitness' collisions: 0.16986766488331626
new generation:  3497
Fittest                      42.693868609274745
highest fitness' coverage:   44.39254525810791
highest fitness' collisions: 0.16986766488331617
new generation:  3498
Fittest                      42.735045075221905
highest fitness' coverage:   44.43372172405507
highest fitness' collisions: 0.16986766488331603
new generation:  3499
Fittest                      42.70372592228762
highest fitness' coverage:   44.402402571120774
highest fitness' collisions: 0.169867664883316
new generation:  3500
Fittest                      42.70351935873658
highest fitness' coverage:   44.40219600756974
highest fitness' collisions: 0.16986766488331606
new generation:  3501
Fittest                      42.67788679144612
highest fitness' coverage:   44.376563440279284
highest fitness' collisions: 0.16986766488331623
new generation:  3502
Fittest                      42.69494262942228
highest fitness' coverage:   44.39361927825544
highest fitness' collisions: 0.16986766488331614
new generation:  3503
Fittest                      42.68976832108058
highest fitness' coverage:   44.3919696186391
highest fitness' collisions: 0.1702201297558527
new generation:  3504
Fittest                      42.682425382382036
highest fitness' coverage:   44.38422762747757
highest fitness' collisions: 0.17018022450955336
new generation:  3505
Fittest                      42.69966034756601
highest fitness' coverage:   44.401462592661545
highest fitness' collisions: 0.1701802245095535
new generation:  3506
Fittest                      42.684405375947065
highest fitness' coverage:   44.3862076210426
highest fitness' collisions: 0.17018022450955336
new generation:  3507
Fittest                      42.69961499398036
highest fitness' coverage:   44.4014172390759
highest fitness' collisions: 0.17018022450955342
new generation:  3508
Fittest                      42.71586503091063
highest fitness' coverage:   44.41766727600616
highest fitness' collisions: 0.17018022450955353
new generation:  3509
Fittest                      42.711820893533556
highest fitness' coverage:   44.41362313862909
highest fitness' collisions: 0.17018022450955342
new generation:  3510
Fittest                      42.72880365419385
highest fitness' coverage:   44.43060589928938
highest fitness' collisions: 0.17018022450955336
new generation:  3511
Fittest                      42.70365130871739
highest fitness' coverage:   44.405453553812926
highest fitness' collisions: 0.17018022450955347
new generation:  3512
Fittest                      42.70382058629596
highest fitness' coverage:   44.4056228313915
highest fitness' collisions: 0.17018022450955334
new generation:  3513
Fittest                      42.69320995706514
highest fitness' coverage:   44.39501220216068
highest fitness' collisions: 0.1701802245095533
new generation:  3514
Fittest                      42.69068637362212
highest fitness' coverage:   44.39248861871766
highest fitness' collisions: 0.17018022450955347
new generation:  3515
Fittest                      42.69356241342623
highest fitness' coverage:   44.41176895319184
highest fitness' collisions: 0.171820653976561
new generation:  3516
Fittest                      42.668112572865994
highest fitness' coverage:   44.386319112631604
highest fitness' collisions: 0.17182065397656113
new generation:  3517
Fittest                      42.6893781527462
highest fitness' coverage:   44.40758469251181
highest fitness' collisions: 0.17182065397656113
new generation:  3518
Fittest                      42.68004139528779
highest fitness' coverage:   44.3982479350534
highest fitness' collisions: 0.17182065397656113
new generation:  3519
Fittest                      42.661437518815866
highest fitness' coverage:   44.379644058581476
highest fitness' collisions: 0.171820653976561
new generation:  3520
Fittest                      42.679991727437084
highest fitness' coverage:   44.398198267202694
highest fitness' collisions: 0.1718206539765611
new generation:  3521
Fittest                      42.69665403947828
highest fitness' coverage:   44.41486057924389
highest fitness' collisions: 0.1718206539765611
new generation:  3522
Fittest                      42.68347989636346
highest fitness' coverage:   44.40168643612907
highest fitness' collisions: 0.17182065397656116
new generation:  3523
Fittest                      42.68589656874291
highest fitness' coverage:   44.36327159417238
highest fitness' collisions: 0.16773750254294717
new generation:  3524
Fittest                      42.704149597051064
highest fitness' coverage:   44.38152462248053
highest fitness' collisions: 0.16773750254294692
new generation:  3525
Fittest                      42.701134153978714
highest fitness' coverage:   44.378509179408184
highest fitness' collisions: 0.16773750254294714
new generation:  3526
Fittest                      42.70864218749144
highest fitness' coverage:   44.38601721292091
highest fitness' collisions: 0.1677375025429469
new generation:  3527
Fittest                      42.72610422149664
highest fitness' coverage:   44.40347924692611
highest fitness' collisions: 0.1677375025429471
new generation:  3528
Fittest                      42.74802320592088
highest fitness' coverage:   44.42539823135035
highest fitness' collisions: 0.1677375025429471
new generation:  3529
Fittest                      42.72736464557495
highest fitness' coverage:   44.40473967100442
highest fitness' collisions: 0.16773750254294711
new generation:  3530
Fittest                      42.732075456440256
highest fitness' coverage:   44.409450481869726
highest fitness' collisions: 0.16773750254294711
new generation:  3531
Fittest                      42.74491787553133
highest fitness' coverage:   44.4222929009608
highest fitness' collisions: 0.16773750254294695
new generation:  3532
Fittest                      42.70552435385316
highest fitness' coverage:   44.38238651789864
highest fitness' collisions: 0.16768621640454784
new generation:  3533
Fittest                      42.732448185837086
highest fitness' coverage:   44.407122588258616
highest fitness' collisions: 0.167467440242153
new generation:  3534
Fittest                      42.72340246984401
highest fitness' coverage:   44.39807687226554
highest fitness' collisions: 0.167467440242153
new generation:  3535
Fittest                      42.71952527754821
highest fitness' coverage:   44.39419967996974
highest fitness' collisions: 0.1674674402421532
new generation:  3536
Fittest                      42.72933504488775
highest fitness' coverage:   44.40400944730928
highest fitness' collisions: 0.16746744024215296
new generation:  3537
Fittest                      42.7475603030943
highest fitness' coverage:   44.422234705515834
highest fitness' collisions: 0.1674674402421529
new generation:  3538
Fittest                      42.71445574351242
highest fitness' coverage:   44.38917036419483
highest fitness' collisions: 0.16747146206824146
new generation:  3539
Fittest                      42.71943450494538
highest fitness' coverage:   44.3941491256278
highest fitness' collisions: 0.16747146206824148
new generation:  3540
Fittest                      42.706646900777784
highest fitness' coverage:   44.3813615214602
highest fitness' collisions: 0.16747146206824137
new generation:  3541
Fittest                      42.72206160219653
highest fitness' coverage:   44.39677622287895
highest fitness' collisions: 0.16747146206824126
new generation:  3542
Fittest                      42.71047309075058
highest fitness' coverage:   44.385187711433
highest fitness' collisions: 0.16747146206824126
new generation:  3543
Fittest                      42.74173224204034
highest fitness' coverage:   44.41644686272276
highest fitness' collisions: 0.1674714620682414
new generation:  3544
Fittest                      42.72567263088822
highest fitness' coverage:   44.400828767620254
highest fitness' collisions: 0.16751561367320317
new generation:  3545
Fittest                      42.72326408717252
highest fitness' coverage:   44.398420223904544
highest fitness' collisions: 0.16751561367320275
new generation:  3546
Fittest                      42.70418936677983
highest fitness' coverage:   44.39802535894943
highest fitness' collisions: 0.16938359921696045
new generation:  3547
Fittest                      42.704802043601454
highest fitness' coverage:   44.403886110373556
highest fitness' collisions: 0.1699084066772102
new generation:  3548
Fittest                      42.701601730430454
highest fitness' coverage:   44.400685797202556
highest fitness' collisions: 0.16990840667721008
new generation:  3549
Fittest                      42.68984250606333
highest fitness' coverage:   44.38892657283543
highest fitness' collisions: 0.16990840667721022
new generation:  3550
Fittest                      42.686308704236836
highest fitness' coverage:   44.38539277100894
highest fitness' collisions: 0.16990840667721022
new generation:  3551
Fittest                      42.68879526176115
highest fitness' coverage:   44.38787932853325
highest fitness' collisions: 0.1699084066772102
new generation:  3552
Fittest                      42.70253368046483
highest fitness' coverage:   44.401617747236934
highest fitness' collisions: 0.16990840667721008
new generation:  3553
Fittest                      42.67928317929381
highest fitness' coverage:   44.37836724606591
highest fitness' collisions: 0.16990840667721024
new generation:  3554
Fittest                      42.69454668941352
highest fitness' coverage:   44.39363075618562
highest fitness' collisions: 0.16990840667721024
new generation:  3555
Fittest                      42.71825459481546
highest fitness' coverage:   44.38856730246828
highest fitness' collisions: 0.1670312707652816
new generation:  3556
Fittest                      42.72738846721863
highest fitness' coverage:   44.39770117487145
highest fitness' collisions: 0.16703127076528168
new generation:  3557
Fittest                      42.72206607534415
highest fitness' coverage:   44.43378783192878
highest fitness' collisions: 0.17117217565846285
new generation:  3558
Fittest                      42.69978241115311
highest fitness' coverage:   44.41150416773774
highest fitness' collisions: 0.17117217565846274
new generation:  3559
Fittest                      42.70053644388504
highest fitness' coverage:   44.412258200469665
highest fitness' collisions: 0.17117217565846268
new generation:  3560
Fittest                      42.6723993227232
highest fitness' coverage:   44.38412107930783
highest fitness' collisions: 0.1711721756584628
new generation:  3561
Fittest                      42.70054465531907
highest fitness' coverage:   44.4122664119037
highest fitness' collisions: 0.17117217565846277
new generation:  3562
Fittest                      42.69685305559071
highest fitness' coverage:   44.40857481217534
highest fitness' collisions: 0.17117217565846277
new generation:  3563
Fittest                      42.72893986735551
highest fitness' coverage:   44.45208619244235
highest fitness' collisions: 0.17231463250868478
new generation:  3564
Fittest                      42.6885986615559
highest fitness' coverage:   44.411744986642745
highest fitness' collisions: 0.17231463250868478
new generation:  3565
Fittest                      42.68520052367213
highest fitness' coverage:   44.408346848758974
highest fitness' collisions: 0.1723146325086847
new generation:  3566
Fittest                      42.683142048857356
highest fitness' coverage:   44.4062883739442
highest fitness' collisions: 0.1723146325086847
new generation:  3567
Fittest                      42.70449799436303
highest fitness' coverage:   44.42764431944988
highest fitness' collisions: 0.172314632508685
new generation:  3568
Fittest                      42.694935150071075
highest fitness' coverage:   44.41808147515792
highest fitness' collisions: 0.17231463250868473
new generation:  3569
Fittest                      42.689399101114056
highest fitness' coverage:   44.4125454262009
highest fitness' collisions: 0.17231463250868467
new generation:  3570
Fittest                      42.66949585471072
highest fitness' coverage:   44.39264217979757
highest fitness' collisions: 0.1723146325086848
new generation:  3571
Fittest                      42.67343132044936
highest fitness' coverage:   44.39657764553621
highest fitness' collisions: 0.1723146325086849
new generation:  3572
Fittest                      42.65841745016007
highest fitness' coverage:   44.38156377524692
highest fitness' collisions: 0.17231463250868462
new generation:  3573
Fittest                      42.697727421763034
highest fitness' coverage:   44.420873746849885
highest fitness' collisions: 0.17231463250868478
new generation:  3574
Fittest                      42.689425543164944
highest fitness' coverage:   44.412571868251796
highest fitness' collisions: 0.17231463250868487
new generation:  3575
Fittest                      42.686152878099584
highest fitness' coverage:   44.40929920318643
highest fitness' collisions: 0.17231463250868473
new generation:  3576
Fittest                      42.666207021832335
highest fitness' coverage:   44.38935334691918
highest fitness' collisions: 0.17231463250868473
new generation:  3577
Fittest                      42.69483846559398
highest fitness' coverage:   44.41798479068083
highest fitness' collisions: 0.1723146325086849
new generation:  3578
Fittest                      42.66379266218526
highest fitness' coverage:   44.3869389872721
highest fitness' collisions: 0.17231463250868478
new generation:  3579
Fittest                      42.66176319957354
highest fitness' coverage:   44.380658024357786
highest fitness' collisions: 0.1718894824784241
new generation:  3580
Fittest                      42.687520840044314
highest fitness' coverage:   44.40641566482856
highest fitness' collisions: 0.17188948247842403
new generation:  3581
Fittest                      42.7091228046693
highest fitness' coverage:   44.42801762945354
highest fitness' collisions: 0.171889482478424
new generation:  3582
Fittest                      42.69636745486533
highest fitness' coverage:   44.41526227964957
highest fitness' collisions: 0.17188948247842373
new generation:  3583
Fittest                      42.66896418582681
highest fitness' coverage:   44.387859010611045
highest fitness' collisions: 0.17188948247842384
new generation:  3584
Fittest                      42.70180462535098
highest fitness' coverage:   44.42069945013522
highest fitness' collisions: 0.1718894824784239
new generation:  3585
Fittest                      42.67450065054614
highest fitness' coverage:   44.4001563050843
highest fitness' collisions: 0.17256556545381596
new generation:  3586
Fittest                      42.671050802516376
highest fitness' coverage:   44.396706457054535
highest fitness' collisions: 0.17256556545381596
new generation:  3587
Fittest                      42.67077032106446
highest fitness' coverage:   44.39642597560262
highest fitness' collisions: 0.17256556545381602
new generation:  3588
Fittest                      42.67842997971224
highest fitness' coverage:   44.40184691311183
highest fitness' collisions: 0.17234169333995916
new generation:  3589
Fittest                      42.701213382476055
highest fitness' coverage:   44.424630315875646
highest fitness' collisions: 0.1723416933399591
new generation:  3590
Fittest                      42.683279777907046
highest fitness' coverage:   44.408416894923704
highest fitness' collisions: 0.17251371170166585
new generation:  3591
Fittest                      42.68423630452183
highest fitness' coverage:   44.40937342153849
highest fitness' collisions: 0.17251371170166574
new generation:  3592
Fittest                      42.67827721458169
highest fitness' coverage:   44.40341433159835
highest fitness' collisions: 0.17251371170166568
new generation:  3593
Fittest                      42.665637728042306
highest fitness' coverage:   44.390774845058964
highest fitness' collisions: 0.17251371170166585
new generation:  3594
Fittest                      42.74268978650502
highest fitness' coverage:   44.469183986756256
highest fitness' collisions: 0.1726494200251241
new generation:  3595
Fittest                      42.71402355699194
highest fitness' coverage:   44.4398911433785
highest fitness' collisions: 0.17258675863865666
new generation:  3596
Fittest                      42.73031333305095
highest fitness' coverage:   44.44630327125996
highest fitness' collisions: 0.17159899382090027
new generation:  3597
Fittest                      42.74020902901993
highest fitness' coverage:   44.45619896722893
highest fitness' collisions: 0.17159899382090016
new generation:  3598
Fittest                      42.74326714623778
highest fitness' coverage:   44.459257084446776
highest fitness' collisions: 0.1715989938209001
new generation:  3599
Fittest                      42.72488629919423
highest fitness' coverage:   44.44087623740323
highest fitness' collisions: 0.17159899382090013
new generation:  3600
Fittest                      42.71780082612628
highest fitness' coverage:   44.43379076433528
highest fitness' collisions: 0.17159899382090016
new generation:  3601
Fittest                      42.727202573112336
highest fitness' coverage:   44.443192511321335
highest fitness' collisions: 0.17159899382090024
new generation:  3602
Fittest                      42.71612428671555
highest fitness' coverage:   44.43168949327948
highest fitness' collisions: 0.17155652065639315
new generation:  3603
Fittest                      42.729172449512674
highest fitness' coverage:   44.440372497754204
highest fitness' collisions: 0.17112000482415315
new generation:  3604
Fittest                      42.747665674282814
highest fitness' coverage:   44.458865722524344
highest fitness' collisions: 0.17112000482415307
new generation:  3605
Fittest                      42.74831874235007
highest fitness' coverage:   44.4595187905916
highest fitness' collisions: 0.17112000482415302
new generation:  3606
Fittest                      42.748464302912296
highest fitness' coverage:   44.459664351153826
highest fitness' collisions: 0.1711200048241529
new generation:  3607
Fittest                      42.733256311285956
highest fitness' coverage:   44.444456359527486
highest fitness' collisions: 0.17112000482415302
new generation:  3608
Fittest                      42.720217810604254
highest fitness' coverage:   44.41228076586942
highest fitness' collisions: 0.1692062955265163
new generation:  3609
Fittest                      42.74753089119397
highest fitness' coverage:   44.44405263764805
highest fitness' collisions: 0.16965217464540794
new generation:  3610
Fittest                      42.752339578787584
highest fitness' coverage:   44.472385682978086
highest fitness' collisions: 0.1720046104190502
new generation:  3611
Fittest                      42.735812139989704
highest fitness' coverage:   44.455858244180206
highest fitness' collisions: 0.17200461041905024
new generation:  3612
Fittest                      42.739753957853175
highest fitness' coverage:   44.459800062043676
highest fitness' collisions: 0.1720046104190503
new generation:  3613
Fittest                      42.71054630393191
highest fitness' coverage:   44.430592408122415
highest fitness' collisions: 0.17200461041905024
new generation:  3614
Fittest                      42.71134844869226
highest fitness' coverage:   44.431394552882765
highest fitness' collisions: 0.17200461041905016
new generation:  3615
Fittest                      42.75259373521478
highest fitness' coverage:   44.47263983940528
highest fitness' collisions: 0.17200461041905027
new generation:  3616
Fittest                      42.720072908802685
highest fitness' coverage:   44.4466376214733
highest fitness' collisions: 0.17265647126706163
new generation:  3617
Fittest                      42.70412988554555
highest fitness' coverage:   44.430694598216164
highest fitness' collisions: 0.1726564712670616
new generation:  3618
Fittest                      42.74151452589184
highest fitness' coverage:   44.46807923856245
highest fitness' collisions: 0.1726564712670615
new generation:  3619
Fittest                      42.69896151447558
highest fitness' coverage:   44.42552622714619
highest fitness' collisions: 0.17265647126706143
new generation:  3620
Fittest                      42.70140396750313
highest fitness' coverage:   44.42796868017375
highest fitness' collisions: 0.1726564712670616
new generation:  3621
Fittest                      42.72403262909393
highest fitness' coverage:   44.45059734176454
highest fitness' collisions: 0.17265647126706157
new generation:  3622
Fittest                      42.71398036715495
highest fitness' coverage:   44.44290266581476
highest fitness' collisions: 0.17289222986598124
new generation:  3623
Fittest                      42.71703088084638
highest fitness' coverage:   44.44595317950619
highest fitness' collisions: 0.17289222986598135
new generation:  3624
Fittest                      42.70743007180704
highest fitness' coverage:   44.43635237046685
highest fitness' collisions: 0.17289222986598116
new generation:  3625
Fittest                      42.721243398854
highest fitness' coverage:   44.44498976095235
highest fitness' collisions: 0.1723746362098352
new generation:  3626
Fittest                      42.73709450748469
highest fitness' coverage:   44.460840869583045
highest fitness' collisions: 0.1723746362098353
new generation:  3627
Fittest                      42.73056524922483
highest fitness' coverage:   44.45430027627718
highest fitness' collisions: 0.17237350270523516
new generation:  3628
Fittest                      42.70932666141145
highest fitness' coverage:   44.43306168846381
highest fitness' collisions: 0.17237350270523538
new generation:  3629
Fittest                      42.73003086544399
highest fitness' coverage:   44.45535078568881
highest fitness' collisions: 0.17253199202448125
new generation:  3630
Fittest                      42.719871583191384
highest fitness' coverage:   44.4451915034362
highest fitness' collisions: 0.17253199202448144
new generation:  3631
Fittest                      42.69466837141792
highest fitness' coverage:   44.41998829166273
highest fitness' collisions: 0.17253199202448152
new generation:  3632
Fittest                      42.723201942161495
highest fitness' coverage:   44.44852186240631
highest fitness' collisions: 0.1725319920244813
new generation:  3633
Fittest                      42.71419271971729
highest fitness' coverage:   44.4395126399621
highest fitness' collisions: 0.17253199202448138
new generation:  3634
Fittest                      42.71639230677241
highest fitness' coverage:   44.44171222701723
highest fitness' collisions: 0.17253199202448138
new generation:  3635
Fittest                      42.73198387498953
highest fitness' coverage:   44.457303795234346
highest fitness' collisions: 0.1725319920244815
new generation:  3636
Fittest                      42.71614071901988
highest fitness' coverage:   44.4414606392647
highest fitness' collisions: 0.17253199202448136
new generation:  3637
Fittest                      42.73620105011042
highest fitness' coverage:   44.46152097035523
highest fitness' collisions: 0.17253199202448138
new generation:  3638
Fittest                      42.720748101986395
highest fitness' coverage:   44.44606802223121
highest fitness' collisions: 0.1725319920244814
new generation:  3639
Fittest                      42.72712796643964
highest fitness' coverage:   44.45244788668445
highest fitness' collisions: 0.17253199202448136
new generation:  3640
Fittest                      42.72411963666985
highest fitness' coverage:   44.44943955691466
highest fitness' collisions: 0.17253199202448147
new generation:  3641
Fittest                      42.729621985564194
highest fitness' coverage:   44.45494190580901
highest fitness' collisions: 0.17253199202448136
new generation:  3642
Fittest                      42.73245326137176
highest fitness' coverage:   44.457773181616574
highest fitness' collisions: 0.1725319920244814
new generation:  3643
Fittest                      42.724081612678326
highest fitness' coverage:   44.44940153292314
highest fitness' collisions: 0.1725319920244813
new generation:  3644
Fittest                      42.71642058755343
highest fitness' coverage:   44.441740507798244
highest fitness' collisions: 0.17253199202448147
new generation:  3645
Fittest                      42.76036685968006
highest fitness' coverage:   44.485686779924876
highest fitness' collisions: 0.17253199202448144
new generation:  3646
Fittest                      42.71152893380683
highest fitness' coverage:   44.43684885405165
highest fitness' collisions: 0.17253199202448138
new generation:  3647
Fittest                      42.73680228149234
highest fitness' coverage:   44.429676971504946
highest fitness' collisions: 0.1692874690012607
new generation:  3648
Fittest                      42.75524637219283
highest fitness' coverage:   44.44812106220544
highest fitness' collisions: 0.1692874690012606
new generation:  3649
Fittest                      42.74899442693418
highest fitness' coverage:   44.44186911694679
highest fitness' collisions: 0.16928746900126065
new generation:  3650
Fittest                      42.733307091044466
highest fitness' coverage:   44.426181781057075
highest fitness' collisions: 0.16928746900126068
new generation:  3651
Fittest                      42.76456070815099
highest fitness' coverage:   44.4574353981636
highest fitness' collisions: 0.1692874690012606
new generation:  3652
Fittest                      42.753101185325676
highest fitness' coverage:   44.445975875338284
highest fitness' collisions: 0.16928746900126057
new generation:  3653
Fittest                      42.72822328609535
highest fitness' coverage:   44.42109797610796
highest fitness' collisions: 0.16928746900126054
new generation:  3654
Fittest                      42.75835586226919
highest fitness' coverage:   44.4512305522818
highest fitness' collisions: 0.16928746900126068
new generation:  3655
Fittest                      42.75190663660128
highest fitness' coverage:   44.444781326613885
highest fitness' collisions: 0.16928746900126085
new generation:  3656
Fittest                      42.732892023652056
highest fitness' coverage:   44.44905275478362
highest fitness' collisions: 0.17161607311315666
new generation:  3657
Fittest                      42.735347420219625
highest fitness' coverage:   44.45150815135119
highest fitness' collisions: 0.17161607311315663
new generation:  3658
Fittest                      42.72232846679767
highest fitness' coverage:   44.438489197929236
highest fitness' collisions: 0.17161607311315658
new generation:  3659
Fittest                      42.71375048169778
highest fitness' coverage:   44.429911212829346
highest fitness' collisions: 0.1716160731131567
new generation:  3660
Fittest                      42.73185709389484
highest fitness' coverage:   44.448017825026405
highest fitness' collisions: 0.17161607311315655
new generation:  3661
Fittest                      42.73918082467874
highest fitness' coverage:   44.45534155581031
highest fitness' collisions: 0.17161607311315666
new generation:  3662
Fittest                      42.7108342786574
highest fitness' coverage:   44.457810473784086
highest fitness' collisions: 0.17469761951266832
new generation:  3663
Fittest                      42.68262945302138
highest fitness' coverage:   44.42960564814806
highest fitness' collisions: 0.17469761951266835
new generation:  3664
Fittest                      42.6987686975892
highest fitness' coverage:   44.458741304199876
highest fitness' collisions: 0.1759972606610673
new generation:  3665
Fittest                      42.68493322279295
highest fitness' coverage:   44.44490582940362
highest fitness' collisions: 0.1759972606610671
new generation:  3666
Fittest                      42.70082565029858
highest fitness' coverage:   44.46079825690926
highest fitness' collisions: 0.17599726066106747
new generation:  3667
Fittest                      42.6918953907445
highest fitness' coverage:   44.45186799735517
highest fitness' collisions: 0.17599726066106733
new generation:  3668
Fittest                      42.68212397854317
highest fitness' coverage:   44.44209658515384
highest fitness' collisions: 0.17599726066106733
new generation:  3669
Fittest                      42.69549554230489
highest fitness' coverage:   44.455468148915564
highest fitness' collisions: 0.1759972606610673
new generation:  3670
Fittest                      42.68625139768541
highest fitness' coverage:   44.444883820552064
highest fitness' collisions: 0.1758632422866657
new generation:  3671
Fittest                      42.67189765608512
highest fitness' coverage:   44.43053007895178
highest fitness' collisions: 0.17586324228666586
new generation:  3672
Fittest                      42.69566047786191
highest fitness' coverage:   44.45429290072857
highest fitness' collisions: 0.175863242286666
new generation:  3673
Fittest                      42.70296836795241
highest fitness' coverage:   44.46160079081907
highest fitness' collisions: 0.1758632422866658
new generation:  3674
Fittest                      42.70477460944463
highest fitness' coverage:   44.46324707393157
highest fitness' collisions: 0.17584724644869415
new generation:  3675
Fittest                      42.668776717368395
highest fitness' coverage:   44.42724918185534
highest fitness' collisions: 0.1758472464486941
new generation:  3676
Fittest                      42.6805328052083
highest fitness' coverage:   44.439005269695244
highest fitness' collisions: 0.1758472464486941
new generation:  3677
Fittest                      42.705083279462784
highest fitness' coverage:   44.4456635573881
highest fitness' collisions: 0.17405802779253196
new generation:  3678
Fittest                      42.73581837185673
highest fitness' coverage:   44.47639864978205
highest fitness' collisions: 0.1740580277925319
new generation:  3679
Fittest                      42.723826334894156
highest fitness' coverage:   44.464406612819474
highest fitness' collisions: 0.17405802779253185
new generation:  3680
Fittest                      42.70767391370039
highest fitness' coverage:   44.44825419162571
highest fitness' collisions: 0.17405802779253202
new generation:  3681
Fittest                      42.705931416865404
highest fitness' coverage:   44.44176705869835
highest fitness' collisions: 0.17358356418329504
new generation:  3682
Fittest                      42.70643072311251
highest fitness' coverage:   44.44226636494546
highest fitness' collisions: 0.17358356418329504
new generation:  3683
Fittest                      42.706881012416275
highest fitness' coverage:   44.442716654249224
highest fitness' collisions: 0.17358356418329499
new generation:  3684
Fittest                      42.71344858552916
highest fitness' coverage:   44.44928422736211
highest fitness' collisions: 0.1735835641832952
new generation:  3685
Fittest                      42.708750953977265
highest fitness' coverage:   44.444586595810215
highest fitness' collisions: 0.17358356418329515
new generation:  3686
Fittest                      42.71310466926862
highest fitness' coverage:   44.44878182178232
highest fitness' collisions: 0.17356771525137035
new generation:  3687
Fittest                      42.72263406410718
highest fitness' coverage:   44.458311216620885
highest fitness' collisions: 0.17356771525137035
new generation:  3688
Fittest                      42.71321773278151
highest fitness' coverage:   44.45097299909955
highest fitness' collisions: 0.1737755266318039
new generation:  3689
Fittest                      42.70405437989495
highest fitness' coverage:   44.44180964621299
highest fitness' collisions: 0.17377552663180404
new generation:  3690
Fittest                      42.69802571736173
highest fitness' coverage:   44.43578098367977
highest fitness' collisions: 0.17377552663180393
new generation:  3691
Fittest                      42.732821640990366
highest fitness' coverage:   44.470576907308406
highest fitness' collisions: 0.17377552663180407
new generation:  3692
Fittest                      42.69576282571497
highest fitness' coverage:   44.43351809203301
highest fitness' collisions: 0.17377552663180412
new generation:  3693
Fittest                      42.71296817055894
highest fitness' coverage:   44.45072343687698
highest fitness' collisions: 0.17377552663180398
new generation:  3694
Fittest                      42.71045001632206
highest fitness' coverage:   44.4482052826401
highest fitness' collisions: 0.1737755266318039
new generation:  3695
Fittest                      42.71636825680796
highest fitness' coverage:   44.454123523126
highest fitness' collisions: 0.17377552663180407
new generation:  3696
Fittest                      42.70988479047926
highest fitness' coverage:   44.447798546116545
highest fitness' collisions: 0.1737913755637284
new generation:  3697
Fittest                      42.72612881231633
highest fitness' coverage:   44.46404256795362
highest fitness' collisions: 0.17379137556372856
new generation:  3698
Fittest                      42.723467691768384
highest fitness' coverage:   44.46138144740567
highest fitness' collisions: 0.17379137556372862
new generation:  3699
Fittest                      42.70039652742861
highest fitness' coverage:   44.438310283065896
highest fitness' collisions: 0.17379137556372876
new generation:  3700
Fittest                      42.71631292323076
highest fitness' coverage:   44.45422667886805
highest fitness' collisions: 0.1737913755637286
new generation:  3701
Fittest                      42.701134312104834
highest fitness' coverage:   44.43904806774212
highest fitness' collisions: 0.1737913755637285
new generation:  3702
Fittest                      42.70181991301929
highest fitness' coverage:   44.43973366865658
highest fitness' collisions: 0.1737913755637286
new generation:  3703
Fittest                      42.7158816152013
highest fitness' coverage:   44.45435771216377
highest fitness' collisions: 0.17384760969624752
new generation:  3704
Fittest                      42.70844661087173
highest fitness' coverage:   44.4605549234347
highest fitness' collisions: 0.17521083125629686
new generation:  3705
Fittest                      42.66857732954228
highest fitness' coverage:   44.42068564210525
highest fitness' collisions: 0.17521083125629702
new generation:  3706
Fittest                      42.690354511148115
highest fitness' coverage:   44.44246282371108
highest fitness' collisions: 0.17521083125629688
new generation:  3707
Fittest                      42.70632946093819
highest fitness' coverage:   44.45843777350116
highest fitness' collisions: 0.17521083125629683
new generation:  3708
Fittest                      42.67798562192819
highest fitness' coverage:   44.430093934491154
highest fitness' collisions: 0.17521083125629672
new generation:  3709
Fittest                      42.68972386229218
highest fitness' coverage:   44.44160308808988
highest fitness' collisions: 0.17518792257976923
new generation:  3710
Fittest                      42.69111413075199
highest fitness' coverage:   44.442993356549685
highest fitness' collisions: 0.1751879225797692
new generation:  3711
Fittest                      42.70956852035903
highest fitness' coverage:   44.46144774615672
highest fitness' collisions: 0.17518792257976928
new generation:  3712
Fittest                      42.69715879776578
highest fitness' coverage:   44.449038023563475
highest fitness' collisions: 0.17518792257976926
new generation:  3713
Fittest                      42.71263065567593
highest fitness' coverage:   44.43632605216098
highest fitness' collisions: 0.17236953964850477
new generation:  3714
Fittest                      42.73795894680052
highest fitness' coverage:   44.460489442374296
highest fitness' collisions: 0.1722530495573782
new generation:  3715
Fittest                      42.719311066751715
highest fitness' coverage:   44.44184156232549
highest fitness' collisions: 0.17225304955737816
new generation:  3716
Fittest                      42.720233771935476
highest fitness' coverage:   44.44276426750926
highest fitness' collisions: 0.17225304955737836
new generation:  3717
Fittest                      42.73840105650761
highest fitness' coverage:   44.4609315520814
highest fitness' collisions: 0.17225304955737836
new generation:  3718
Fittest                      42.70198867795692
highest fitness' coverage:   44.424202945764684
highest fitness' collisions: 0.17222142678077645
new generation:  3719
Fittest                      42.70128884703582
highest fitness' coverage:   44.423503114843584
highest fitness' collisions: 0.17222142678077662
new generation:  3720
Fittest                      42.70984618781979
highest fitness' coverage:   44.42956049630762
highest fitness' collisions: 0.17197143084878339
new generation:  3721
Fittest                      42.73854815157329
highest fitness' coverage:   44.45826246006112
highest fitness' collisions: 0.17197143084878327
new generation:  3722
Fittest                      42.7085382138631
highest fitness' coverage:   44.21045517171601
highest fitness' collisions: 0.15019169578529154
new generation:  3723
Fittest                      42.75761883382811
highest fitness' coverage:   44.259535791681024
highest fitness' collisions: 0.15019169578529157
new generation:  3724
Fittest                      42.73553801100942
highest fitness' coverage:   44.23745496886233
highest fitness' collisions: 0.15019169578529148
new generation:  3725
Fittest                      42.73073371934109
highest fitness' coverage:   44.232650677194
highest fitness' collisions: 0.15019169578529137
new generation:  3726
Fittest                      42.722497978698925
highest fitness' coverage:   44.22178049133574
highest fitness' collisions: 0.14992825126368148
new generation:  3727
Fittest                      42.73203551791923
highest fitness' coverage:   44.23131803055605
highest fitness' collisions: 0.1499282512636814
new generation:  3728
Fittest                      42.716718165726185
highest fitness' coverage:   44.21923432125167
highest fitness' collisions: 0.1502516155525483
new generation:  3729
Fittest                      42.73822628829643
highest fitness' coverage:   44.240742443821915
highest fitness' collisions: 0.15025161555254832
new generation:  3730
Fittest                      42.697933867395726
highest fitness' coverage:   44.20045002292121
highest fitness' collisions: 0.15025161555254835
new generation:  3731
Fittest                      42.74161090920731
highest fitness' coverage:   44.244127064732794
highest fitness' collisions: 0.15025161555254832
new generation:  3732
Fittest                      42.733827466777825
highest fitness' coverage:   44.234550443425455
highest fitness' collisions: 0.15007229766476282
new generation:  3733
Fittest                      42.71368861168639
highest fitness' coverage:   44.20973423692115
highest fitness' collisions: 0.14960456252347565
new generation:  3734
Fittest                      42.74192452082679
highest fitness' coverage:   44.235003283248105
highest fitness' collisions: 0.14930787624213127
new generation:  3735
Fittest                      42.739295011410334
highest fitness' coverage:   44.26912423415559
highest fitness' collisions: 0.15298292227452578
new generation:  3736
Fittest                      42.703608047165794
highest fitness' coverage:   44.24732962075384
highest fitness' collisions: 0.15437215735880447
new generation:  3737
Fittest                      42.68824317833835
highest fitness' coverage:   44.23196475192639
highest fitness' collisions: 0.15437215735880447
new generation:  3738
Fittest                      42.688176731343354
highest fitness' coverage:   44.2318983049314
highest fitness' collisions: 0.1543721573588043
new generation:  3739
Fittest                      42.672635419293805
highest fitness' coverage:   44.21635699288185
highest fitness' collisions: 0.15437215735880438
new generation:  3740
Fittest                      42.71862785502181
highest fitness' coverage:   44.26234942860985
highest fitness' collisions: 0.15437215735880438
new generation:  3741
Fittest                      42.667163961432564
highest fitness' coverage:   44.21088553502061
highest fitness' collisions: 0.1543721573588045
new generation:  3742
Fittest                      42.68233827666647
highest fitness' coverage:   44.21320669511264
highest fitness' collisions: 0.15308684184461654
new generation:  3743
Fittest                      42.70149446703431
highest fitness' coverage:   44.23236288548048
highest fitness' collisions: 0.15308684184461668
new generation:  3744
Fittest                      42.71331646575022
highest fitness' coverage:   44.244184884196386
highest fitness' collisions: 0.15308684184461652
new generation:  3745
Fittest                      42.707712967997075
highest fitness' coverage:   44.238581386443244
highest fitness' collisions: 0.15308684184461652
new generation:  3746
Fittest                      42.707770231306235
highest fitness' coverage:   44.2386386497524
highest fitness' collisions: 0.15308684184461663
new generation:  3747
Fittest                      42.691035951071086
highest fitness' coverage:   44.221904369517254
highest fitness' collisions: 0.15308684184461666
new generation:  3748
Fittest                      42.71288756037893
highest fitness' coverage:   44.2437559788251
highest fitness' collisions: 0.15308684184461663
new generation:  3749
Fittest                      42.6888665518344
highest fitness' coverage:   44.21973497028057
highest fitness' collisions: 0.1530868418446167
new generation:  3750
Fittest                      42.70972648867712
highest fitness' coverage:   44.24059490712329
highest fitness' collisions: 0.15308684184461663
new generation:  3751
Fittest                      42.70087948569552
highest fitness' coverage:   44.23174790414169
highest fitness' collisions: 0.15308684184461654
new generation:  3752
Fittest                      42.68822839869092
highest fitness' coverage:   44.219096817137086
highest fitness' collisions: 0.1530868418446165
new generation:  3753
Fittest                      42.7147555566107
highest fitness' coverage:   44.224738243837294
highest fitness' collisions: 0.1509982687226594
new generation:  3754
Fittest                      42.7274412838976
highest fitness' coverage:   44.23742397112419
highest fitness' collisions: 0.15099826872265926
new generation:  3755
Fittest                      42.71023314110506
highest fitness' coverage:   44.220215828331646
highest fitness' collisions: 0.15099826872265923
new generation:  3756
Fittest                      42.74504691132939
highest fitness' coverage:   44.256245282115685
highest fitness' collisions: 0.15111983707862964
new generation:  3757
Fittest                      42.71157467484544
highest fitness' coverage:   44.22277304563173
highest fitness' collisions: 0.15111983707862953
new generation:  3758
Fittest                      42.70506507323624
highest fitness' coverage:   44.21626344402254
highest fitness' collisions: 0.1511198370786295
new generation:  3759
Fittest                      42.72220049779299
highest fitness' coverage:   44.23119508277299
highest fitness' collisions: 0.1508994584980002
new generation:  3760
Fittest                      42.72923973321053
highest fitness' coverage:   44.23823431819053
highest fitness' collisions: 0.1508994584980003
new generation:  3761
Fittest                      42.71555187366863
highest fitness' coverage:   44.22454645864863
highest fitness' collisions: 0.15089945849800018
new generation:  3762
Fittest                      42.700750486830636
highest fitness' coverage:   44.20974507181064
highest fitness' collisions: 0.15089945849800004
new generation:  3763
Fittest                      42.69884889580119
highest fitness' coverage:   44.206746579928144
highest fitness' collisions: 0.1507897684126956
new generation:  3764
Fittest                      42.73032117868324
highest fitness' coverage:   44.23821886281019
highest fitness' collisions: 0.1507897684126956
new generation:  3765
Fittest                      42.71865577200728
highest fitness' coverage:   44.22655345613424
highest fitness' collisions: 0.15078976841269565
new generation:  3766
Fittest                      42.71438253165824
highest fitness' coverage:   44.2222802157852
highest fitness' collisions: 0.15078976841269576
new generation:  3767
Fittest                      42.727579107209614
highest fitness' coverage:   44.235476791336566
highest fitness' collisions: 0.15078976841269554
new generation:  3768
Fittest                      42.713774659938046
highest fitness' coverage:   44.232387537117376
highest fitness' collisions: 0.15186128771793309
new generation:  3769
Fittest                      42.69637661581004
highest fitness' coverage:   44.203564924487154
highest fitness' collisions: 0.15071883086771123
new generation:  3770
Fittest                      42.72444818231318
highest fitness' coverage:   44.2316364909903
highest fitness' collisions: 0.15071883086771115
new generation:  3771
Fittest                      42.73178028829084
highest fitness' coverage:   44.23896859696796
highest fitness' collisions: 0.15071883086771126
new generation:  3772
Fittest                      42.7032956342148
highest fitness' coverage:   44.21048394289191
highest fitness' collisions: 0.15071883086771115
new generation:  3773
Fittest                      42.719567318444064
highest fitness' coverage:   44.22294769523197
highest fitness' collisions: 0.1503380376787909
new generation:  3774
Fittest                      42.70767214192858
highest fitness' coverage:   44.22082756839893
highest fitness' collisions: 0.15131554264703515
new generation:  3775
Fittest                      42.719918852158855
highest fitness' coverage:   44.2330742786292
highest fitness' collisions: 0.15131554264703515
new generation:  3776
Fittest                      42.726398490212325
highest fitness' coverage:   44.23955391668268
highest fitness' collisions: 0.1513155426470352
new generation:  3777
Fittest                      42.71797211950466
highest fitness' coverage:   44.231127545975006
highest fitness' collisions: 0.15131554264703512
new generation:  3778
Fittest                      42.72096082548226
highest fitness' coverage:   44.23411625195261
highest fitness' collisions: 0.15131554264703512
new generation:  3779
Fittest                      42.710629755213716
highest fitness' coverage:   44.22378518168407
highest fitness' collisions: 0.15131554264703526
new generation:  3780
Fittest                      42.705947841727564
highest fitness' coverage:   44.21910326819792
highest fitness' collisions: 0.15131554264703517
new generation:  3781
Fittest                      42.74543595131665
highest fitness' coverage:   44.258591377787006
highest fitness' collisions: 0.15131554264703534
new generation:  3782
Fittest                      42.72962268790223
highest fitness' coverage:   44.242778114372584
highest fitness' collisions: 0.15131554264703528
new generation:  3783
Fittest                      42.723052417772706
highest fitness' coverage:   44.23620784424306
highest fitness' collisions: 0.15131554264703534
new generation:  3784
Fittest                      42.72434470100336
highest fitness' coverage:   44.237500127473716
highest fitness' collisions: 0.15131554264703517
new generation:  3785
Fittest                      42.7136075195553
highest fitness' coverage:   44.22676294602566
highest fitness' collisions: 0.15131554264703526
new generation:  3786
Fittest                      42.72938567948251
highest fitness' coverage:   44.24254110595286
highest fitness' collisions: 0.15131554264703506
new generation:  3787
Fittest                      42.724300836420355
highest fitness' coverage:   44.23745626289071
highest fitness' collisions: 0.1513155426470352
new generation:  3788
Fittest                      42.7398411459496
highest fitness' coverage:   44.25299657241995
highest fitness' collisions: 0.1513155426470352
new generation:  3789
Fittest                      42.732493534589516
highest fitness' coverage:   44.245648961059864
highest fitness' collisions: 0.15131554264703506
new generation:  3790
Fittest                      42.72021901298002
highest fitness' coverage:   44.23337443945037
highest fitness' collisions: 0.15131554264703523
new generation:  3791
Fittest                      42.720645390490375
highest fitness' coverage:   44.23380081696073
highest fitness' collisions: 0.1513155426470352
new generation:  3792
Fittest                      42.72325157836816
highest fitness' coverage:   44.23640700483851
highest fitness' collisions: 0.15131554264703515
new generation:  3793
Fittest                      42.70231487014332
highest fitness' coverage:   44.21547029661367
highest fitness' collisions: 0.15131554264703512
new generation:  3794
Fittest                      42.73873213116786
highest fitness' coverage:   44.25188755763821
highest fitness' collisions: 0.15131554264703526
new generation:  3795
Fittest                      42.74444005256781
highest fitness' coverage:   44.25598583432574
highest fitness' collisions: 0.15115457817579303
new generation:  3796
Fittest                      42.71599895717342
highest fitness' coverage:   44.22754473893135
highest fitness' collisions: 0.15115457817579303
new generation:  3797
Fittest                      42.74023401372636
highest fitness' coverage:   44.25177979548429
highest fitness' collisions: 0.1511545781757929
new generation:  3798
Fittest                      42.74119765834109
highest fitness' coverage:   44.252743440099024
highest fitness' collisions: 0.15115457817579286
new generation:  3799
Fittest                      42.726237365502556
highest fitness' coverage:   44.22854706259628
highest fitness' collisions: 0.15023096970937225
new generation:  3800
Fittest                      42.70396939349526
highest fitness' coverage:   44.20627909058898
highest fitness' collisions: 0.1502309697093722
new generation:  3801
Fittest                      42.766052583237396
highest fitness' coverage:   44.26836228033112
highest fitness' collisions: 0.1502309697093721
new generation:  3802
Fittest                      42.72160062937868
highest fitness' coverage:   44.224265139861636
highest fitness' collisions: 0.15026645104829559
new generation:  3803
Fittest                      42.7268155251309
highest fitness' coverage:   44.22429309278259
highest fitness' collisions: 0.14974775676516833
new generation:  3804
Fittest                      42.76155213534622
highest fitness' coverage:   44.25902970299791
highest fitness' collisions: 0.1497477567651683
new generation:  3805
Fittest                      42.7464827713716
highest fitness' coverage:   44.24396033902328
highest fitness' collisions: 0.14974775676516822
new generation:  3806
Fittest                      42.755159265717815
highest fitness' coverage:   44.2526368333695
highest fitness' collisions: 0.14974775676516824
new generation:  3807
Fittest                      42.736864271174994
highest fitness' coverage:   44.23434183882668
highest fitness' collisions: 0.1497477567651683
new generation:  3808
Fittest                      42.75113087133937
highest fitness' coverage:   44.248608438991056
highest fitness' collisions: 0.14974775676516838
new generation:  3809
Fittest                      42.73603742586492
highest fitness' coverage:   44.23351499351661
highest fitness' collisions: 0.14974775676516827
new generation:  3810
Fittest                      42.76964540060111
highest fitness' coverage:   44.268287869164055
highest fitness' collisions: 0.14986424685629474
new generation:  3811
Fittest                      42.737512258377876
highest fitness' coverage:   44.236154726940825
highest fitness' collisions: 0.14986424685629474
new generation:  3812
Fittest                      42.74995336086219
highest fitness' coverage:   44.24859582942514
highest fitness' collisions: 0.14986424685629474
new generation:  3813
Fittest                      42.733099576428586
highest fitness' coverage:   44.231564217050526
highest fitness' collisions: 0.14984646406219426
new generation:  3814
Fittest                      42.76078344766191
highest fitness' coverage:   44.25924808828385
highest fitness' collisions: 0.14984646406219432
new generation:  3815
Fittest                      42.72020136239902
highest fitness' coverage:   44.218666003020964
highest fitness' collisions: 0.14984646406219457
new generation:  3816
Fittest                      42.73713051789062
highest fitness' coverage:   44.24042386605028
highest fitness' collisions: 0.15032933481596608
new generation:  3817
Fittest                      42.75796263100216
highest fitness' coverage:   44.26125597916182
highest fitness' collisions: 0.150329334815966
new generation:  3818
Fittest                      42.745757228789316
highest fitness' coverage:   44.23878672948824
highest fitness' collisions: 0.1493029500698922
new generation:  3819
Fittest                      42.74760549155147
highest fitness' coverage:   44.23538475012909
highest fitness' collisions: 0.14877792585776245
new generation:  3820
Fittest                      42.74100024026318
highest fitness' coverage:   44.22877949884081
highest fitness' collisions: 0.14877792585776226
new generation:  3821
Fittest                      42.754262835895005
highest fitness' coverage:   44.24204209447263
highest fitness' collisions: 0.14877792585776228
new generation:  3822
Fittest                      42.72126190755441
highest fitness' coverage:   44.237222514897496
highest fitness' collisions: 0.15159606073430898
new generation:  3823
Fittest                      42.734994251319804
highest fitness' coverage:   44.250954858662894
highest fitness' collisions: 0.1515960607343092
new generation:  3824
Fittest                      42.74936194988778
highest fitness' coverage:   44.26532255723087
highest fitness' collisions: 0.151596060734309
new generation:  3825
Fittest                      42.71213618323078
highest fitness' coverage:   44.22809679057387
highest fitness' collisions: 0.15159606073430903
new generation:  3826
Fittest                      42.73683297420435
highest fitness' coverage:   44.25279358154744
highest fitness' collisions: 0.15159606073430906
new generation:  3827
Fittest                      42.734044863067844
highest fitness' coverage:   44.25000547041093
highest fitness' collisions: 0.15159606073430898
new generation:  3828
Fittest                      42.74961908239359
highest fitness' coverage:   44.26557968973668
highest fitness' collisions: 0.15159606073430906
new generation:  3829
Fittest                      42.754914137713776
highest fitness' coverage:   44.259130248649384
highest fitness' collisions: 0.1504216110935606
new generation:  3830
Fittest                      42.76996140291046
highest fitness' coverage:   44.28080789918968
highest fitness' collisions: 0.15108464962792192
new generation:  3831
Fittest                      42.7621293223932
highest fitness' coverage:   44.27297581867242
highest fitness' collisions: 0.15108464962792187
new generation:  3832
Fittest                      42.744872288860265
highest fitness' coverage:   44.255718785139486
highest fitness' collisions: 0.1510846496279219
new generation:  3833
Fittest                      42.76774069214448
highest fitness' coverage:   44.2785871884237
highest fitness' collisions: 0.15108464962792184
new generation:  3834
Fittest                      42.72740926472425
highest fitness' coverage:   44.23825576100347
highest fitness' collisions: 0.15108464962792184
new generation:  3835
Fittest                      42.752472812080214
highest fitness' coverage:   44.263319308359435
highest fitness' collisions: 0.15108464962792184
new generation:  3836
Fittest                      42.73716471067138
highest fitness' coverage:   44.25613199919481
highest fitness' collisions: 0.15189672885234243
new generation:  3837
Fittest                      42.732941105124176
highest fitness' coverage:   44.244157550436526
highest fitness' collisions: 0.15112164453123478
new generation:  3838
Fittest                      42.732824169523845
highest fitness' coverage:   44.24460295616139
highest fitness' collisions: 0.15117787866375398
new generation:  3839
Fittest                      42.735926185198
highest fitness' coverage:   44.24770497183554
highest fitness' collisions: 0.15117787866375387
new generation:  3840
Fittest                      42.72941219561037
highest fitness' coverage:   44.24119098224791
highest fitness' collisions: 0.1511778786637538
new generation:  3841
Fittest                      42.74518533662278
highest fitness' coverage:   44.25696412326032
highest fitness' collisions: 0.1511778786637537
new generation:  3842
Fittest                      42.75745895904777
highest fitness' coverage:   44.26923774568531
highest fitness' collisions: 0.15117787866375387
new generation:  3843
Fittest                      42.74117263873019
highest fitness' coverage:   44.25295142536773
highest fitness' collisions: 0.151177878663754
new generation:  3844
Fittest                      42.74861790637294
highest fitness' coverage:   44.260396693010485
highest fitness' collisions: 0.15117787866375387
new generation:  3845
Fittest                      42.76891757887243
highest fitness' coverage:   44.28069636550997
highest fitness' collisions: 0.1511778786637538
new generation:  3846
Fittest                      42.75817437887248
highest fitness' coverage:   44.26995316551002
highest fitness' collisions: 0.15117787866375373
new generation:  3847
Fittest                      42.75221819951898
highest fitness' coverage:   44.26537737042112
highest fitness' collisions: 0.1513159170902141
new generation:  3848
Fittest                      42.74033159830651
highest fitness' coverage:   44.25349076920865
highest fitness' collisions: 0.1513159170902141
new generation:  3849
Fittest                      42.73691325037357
highest fitness' coverage:   44.24404682541496
highest fitness' collisions: 0.1507133575041397
new generation:  3850
Fittest                      42.73377368420032
highest fitness' coverage:   44.24090725924172
highest fitness' collisions: 0.15071335750413983
new generation:  3851
Fittest                      42.752698693476816
highest fitness' coverage:   44.256045393796036
highest fitness' collisions: 0.15033467003192225
new generation:  3852
Fittest                      42.747230816795856
highest fitness' coverage:   44.250577517115076
highest fitness' collisions: 0.15033467003192227
new generation:  3853
Fittest                      42.75378970670971
highest fitness' coverage:   44.25713640702893
highest fitness' collisions: 0.15033467003192227
new generation:  3854
Fittest                      42.75650061059059
highest fitness' coverage:   44.25984731090981
highest fitness' collisions: 0.1503346700319223
new generation:  3855
Fittest                      42.75398086686188
highest fitness' coverage:   44.2573275671811
highest fitness' collisions: 0.15033467003192225
new generation:  3856
Fittest                      42.75648865546692
highest fitness' coverage:   44.25983535578614
highest fitness' collisions: 0.15033467003192225
new generation:  3857
Fittest                      42.74432420625228
highest fitness' coverage:   44.24451181782416
highest fitness' collisions: 0.150018761157188
new generation:  3858
Fittest                      42.75034265238498
highest fitness' coverage:   44.25053026395686
highest fitness' collisions: 0.15001876115718812
new generation:  3859
Fittest                      42.75686803752079
highest fitness' coverage:   44.25705564909267
highest fitness' collisions: 0.15001876115718804
new generation:  3860
Fittest                      42.73689113556669
highest fitness' coverage:   44.23707874713857
highest fitness' collisions: 0.1500187611571882
new generation:  3861
Fittest                      42.76902270108895
highest fitness' coverage:   44.26921031266083
highest fitness' collisions: 0.15001876115718815
new generation:  3862
Fittest                      42.76246182837503
highest fitness' coverage:   44.26264943994691
highest fitness' collisions: 0.1500187611571881
new generation:  3863
Fittest                      42.75277413337248
highest fitness' coverage:   44.252961744944365
highest fitness' collisions: 0.15001876115718796
new generation:  3864
Fittest                      42.750631634276736
highest fitness' coverage:   44.25081924584862
highest fitness' collisions: 0.1500187611571881
new generation:  3865
Fittest                      42.7618924636907
highest fitness' coverage:   44.26208007526258
highest fitness' collisions: 0.1500187611571881
new generation:  3866
Fittest                      42.74479309955204
highest fitness' coverage:   44.24656560431638
highest fitness' collisions: 0.15017725047643407
new generation:  3867
Fittest                      42.75250316518537
highest fitness' coverage:   44.254275669949706
highest fitness' collisions: 0.15017725047643418
new generation:  3868
Fittest                      42.75457790708465
highest fitness' coverage:   44.25635041184899
highest fitness' collisions: 0.15017725047643432
new generation:  3869
Fittest                      42.756842990864726
highest fitness' coverage:   44.258615495629066
highest fitness' collisions: 0.1501772504764342
new generation:  3870
Fittest                      42.7639011482442
highest fitness' coverage:   44.26567365300854
highest fitness' collisions: 0.15017725047643415
new generation:  3871
Fittest                      42.775763547384166
highest fitness' coverage:   44.277536052148506
highest fitness' collisions: 0.1501772504764342
new generation:  3872
Fittest                      42.757428988453235
highest fitness' coverage:   44.259201493217574
highest fitness' collisions: 0.15017725047643418
new generation:  3873
Fittest                      42.73965563848035
highest fitness' coverage:   44.24142814324469
highest fitness' collisions: 0.1501772504764342
new generation:  3874
Fittest                      42.74296496295124
highest fitness' coverage:   44.24473746771558
highest fitness' collisions: 0.1501772504764342
new generation:  3875
Fittest                      42.77676884665541
highest fitness' coverage:   44.27854135141975
highest fitness' collisions: 0.1501772504764343
new generation:  3876
Fittest                      42.77295158478564
highest fitness' coverage:   44.27263479341912
highest fitness' collisions: 0.1499683208633488
new generation:  3877
Fittest                      42.751348391321834
highest fitness' coverage:   44.25103159995532
highest fitness' collisions: 0.1499683208633488
new generation:  3878
Fittest                      42.74098352472683
highest fitness' coverage:   44.240666733360314
highest fitness' collisions: 0.14996832086334871
new generation:  3879
Fittest                      42.77799697021362
highest fitness' coverage:   44.281158684273294
highest fitness' collisions: 0.15031617140596729
new generation:  3880
Fittest                      42.765713388079384
highest fitness' coverage:   44.268875102139056
highest fitness' collisions: 0.1503161714059673
new generation:  3881
Fittest                      42.77343421262719
highest fitness' coverage:   44.2780790505237
highest fitness' collisions: 0.15046448378965155
new generation:  3882
Fittest                      42.744752565962024
highest fitness' coverage:   44.24939740385854
highest fitness' collisions: 0.15046448378965152
new generation:  3883
Fittest                      42.76305816014456
highest fitness' coverage:   44.266398161790136
highest fitness' collisions: 0.15033400016455775
new generation:  3884
Fittest                      42.75631523913711
highest fitness' coverage:   44.259655240782685
highest fitness' collisions: 0.15033400016455772
new generation:  3885
Fittest                      42.75615062397744
highest fitness' coverage:   44.25933213630377
highest fitness' collisions: 0.15031815123263303
new generation:  3886
Fittest                      42.75355689992585
highest fitness' coverage:   44.256738412252176
highest fitness' collisions: 0.15031815123263312
new generation:  3887
Fittest                      42.7559011179488
highest fitness' coverage:   44.25908263027513
highest fitness' collisions: 0.15031815123263298
new generation:  3888
Fittest                      42.74670224454919
highest fitness' coverage:   44.2559319017725
highest fitness' collisions: 0.1509229657223306
new generation:  3889
Fittest                      42.74450224919172
highest fitness' coverage:   44.25373190641502
highest fitness' collisions: 0.1509229657223304
new generation:  3890
Fittest                      42.75932494377203
highest fitness' coverage:   44.26855460099534
highest fitness' collisions: 0.15092296572233047
new generation:  3891
Fittest                      42.75055536082714
highest fitness' coverage:   44.25978501805045
highest fitness' collisions: 0.15092296572233058
new generation:  3892
Fittest                      42.732226840535986
highest fitness' coverage:   44.241456497759295
highest fitness' collisions: 0.15092296572233066
new generation:  3893
Fittest                      42.758893450020416
highest fitness' coverage:   44.268123107243724
highest fitness' collisions: 0.15092296572233058
new generation:  3894
Fittest                      42.74114167044295
highest fitness' coverage:   44.25037132766626
highest fitness' collisions: 0.15092296572233058
new generation:  3895
Fittest                      42.765544755550486
highest fitness' coverage:   44.274774412773795
highest fitness' collisions: 0.1509229657223305
new generation:  3896
Fittest                      42.74378783851025
highest fitness' coverage:   44.247716533219844
highest fitness' collisions: 0.15039286947095915
new generation:  3897
Fittest                      42.75609256381247
highest fitness' coverage:   44.260021258522066
highest fitness' collisions: 0.15039286947095915
new generation:  3898
Fittest                      42.76119605222677
highest fitness' coverage:   44.265124746936365
highest fitness' collisions: 0.15039286947095912
new generation:  3899
Fittest                      42.74043018366183
highest fitness' coverage:   44.24435887837142
highest fitness' collisions: 0.15039286947095917
new generation:  3900
Fittest                      42.75809620706541
highest fitness' coverage:   44.262024901775
highest fitness' collisions: 0.15039286947095923
new generation:  3901
Fittest                      42.75588402120598
highest fitness' coverage:   44.25981271591557
highest fitness' collisions: 0.15039286947095917
new generation:  3902
Fittest                      42.77496474465651
highest fitness' coverage:   44.2788934393661
highest fitness' collisions: 0.150392869470959
new generation:  3903
Fittest                      42.751571223608046
highest fitness' coverage:   44.25549991831764
highest fitness' collisions: 0.15039286947095915
new generation:  3904
Fittest                      42.75299857701418
highest fitness' coverage:   44.256927271723775
highest fitness' collisions: 0.15039286947095906
new generation:  3905
Fittest                      42.74898909461939
highest fitness' coverage:   44.25406639522214
highest fitness' collisions: 0.15050773006027468
new generation:  3906
Fittest                      42.75494097621533
highest fitness' coverage:   44.26001827681808
highest fitness' collisions: 0.15050773006027465
new generation:  3907
Fittest                      42.75458595503354
highest fitness' coverage:   44.25966325563629
highest fitness' collisions: 0.15050773006027468
new generation:  3908
Fittest                      42.760769196379314
highest fitness' coverage:   44.265846496982064
highest fitness' collisions: 0.15050773006027465
new generation:  3909
Fittest                      42.750917548064045
highest fitness' coverage:   44.255994848666795
highest fitness' collisions: 0.15050773006027474
new generation:  3910
Fittest                      42.76717991854587
highest fitness' coverage:   44.271902405759384
highest fitness' collisions: 0.1504722487213512
new generation:  3911
Fittest                      42.785798352632675
highest fitness' coverage:   44.29052083984619
highest fitness' collisions: 0.1504722487213514
new generation:  3912
Fittest                      42.751780172826344
highest fitness' coverage:   44.25650266003986
highest fitness' collisions: 0.15047224872135134
new generation:  3913
Fittest                      42.732569440435746
highest fitness' coverage:   44.23729192764926
highest fitness' collisions: 0.15047224872135131
new generation:  3914
Fittest                      42.73945542785694
highest fitness' coverage:   44.24417791507045
highest fitness' collisions: 0.15047224872135131
new generation:  3915
Fittest                      42.75265176058362
highest fitness' coverage:   44.262051599210004
highest fitness' collisions: 0.1509399838626386
new generation:  3916
Fittest                      42.72708090148239
highest fitness' coverage:   44.23545605070334
highest fitness' collisions: 0.1508375149220951
new generation:  3917
Fittest                      42.73605527203003
highest fitness' coverage:   44.24443042125098
highest fitness' collisions: 0.15083751492209507
new generation:  3918
Fittest                      42.74761951311292
highest fitness' coverage:   44.255994662333876
highest fitness' collisions: 0.15083751492209516
new generation:  3919
Fittest                      42.73513232907339
highest fitness' coverage:   44.24350747829434
highest fitness' collisions: 0.1508375149220951
new generation:  3920
Fittest                      42.756805263050396
highest fitness' coverage:   44.26518041227135
highest fitness' collisions: 0.15083751492209518
new generation:  3921
Fittest                      42.733392928690826
highest fitness' coverage:   44.24176807791178
highest fitness' collisions: 0.15083751492209518
new generation:  3922
Fittest                      42.74520082661674
highest fitness' coverage:   44.25357597583769
highest fitness' collisions: 0.15083751492209518
new generation:  3923
Fittest                      42.74476305578955
highest fitness' coverage:   44.2531382050105
highest fitness' collisions: 0.1508375149220952
new generation:  3924
Fittest                      42.748250732839985
highest fitness' coverage:   44.25662588206094
highest fitness' collisions: 0.15083751492209532
new generation:  3925
Fittest                      42.739435424252456
highest fitness' coverage:   44.24781057347341
highest fitness' collisions: 0.1508375149220953
new generation:  3926
Fittest                      42.75755429893058
highest fitness' coverage:   44.24033523044663
highest fitness' collisions: 0.14827809315160512
new generation:  3927
Fittest                      42.755188953037134
highest fitness' coverage:   44.227781140265456
highest fitness' collisions: 0.14725921872283215
new generation:  3928
Fittest                      42.783024249603656
highest fitness' coverage:   44.25561643683198
highest fitness' collisions: 0.14725921872283215
new generation:  3929
Fittest                      42.77655144043692
highest fitness' coverage:   44.24914362766524
highest fitness' collisions: 0.1472592187228322
new generation:  3930
Fittest                      42.769904830775076
highest fitness' coverage:   44.2424970180034
highest fitness' collisions: 0.1472592187228322
new generation:  3931
Fittest                      42.75786990123089
highest fitness' coverage:   44.23691330152144
highest fitness' collisions: 0.1479043400290553
new generation:  3932
Fittest                      42.77367265823302
highest fitness' coverage:   44.25271605852357
highest fitness' collisions: 0.14790434002905517
new generation:  3933
Fittest                      42.76418653978191
highest fitness' coverage:   44.24322994007246
highest fitness' collisions: 0.14790434002905525
new generation:  3934
Fittest                      42.785503959659756
highest fitness' coverage:   44.264547359950306
highest fitness' collisions: 0.14790434002905503
new generation:  3935
Fittest                      42.75663167157212
highest fitness' coverage:   44.24545656772352
highest fitness' collisions: 0.1488824896151401
new generation:  3936
Fittest                      42.739228009892685
highest fitness' coverage:   44.228052906044084
highest fitness' collisions: 0.1488824896151401
new generation:  3937
Fittest                      42.75754406690671
highest fitness' coverage:   44.2402030130395
highest fitness' collisions: 0.14826589461327863
new generation:  3938
Fittest                      42.7660300223087
highest fitness' coverage:   44.248688968441485
highest fitness' collisions: 0.14826589461327846
new generation:  3939
Fittest                      42.76101440326524
highest fitness' coverage:   44.24367334939803
highest fitness' collisions: 0.14826589461327866
new generation:  3940
Fittest                      42.760663092269134
highest fitness' coverage:   44.24332203840192
highest fitness' collisions: 0.14826589461327855
new generation:  3941
Fittest                      42.766092965321626
highest fitness' coverage:   44.258085183435185
highest fitness' collisions: 0.14919922181135592
new generation:  3942
Fittest                      42.77078901745231
highest fitness' coverage:   44.2611963423734
highest fitness' collisions: 0.1490407324921097
new generation:  3943
Fittest                      42.743277098870976
highest fitness' coverage:   44.23368442379207
highest fitness' collisions: 0.14904073249210975
new generation:  3944
Fittest                      42.767684517845716
highest fitness' coverage:   44.25809184276682
highest fitness' collisions: 0.14904073249210986
new generation:  3945
Fittest                      42.7480341704707
highest fitness' coverage:   44.2583408859659
highest fitness' collisions: 0.15103067154951988
new generation:  3946
Fittest                      42.74760506921666
highest fitness' coverage:   44.25791178471186
highest fitness' collisions: 0.15103067154951977
new generation:  3947
Fittest                      42.726260630074016
highest fitness' coverage:   44.23656734556921
highest fitness' collisions: 0.15103067154951982
new generation:  3948
Fittest                      42.750711507876126
highest fitness' coverage:   44.261794470487956
highest fitness' collisions: 0.15110829626118277
new generation:  3949
Fittest                      42.75080105923849
highest fitness' coverage:   44.26188402185032
highest fitness' collisions: 0.1511082962611828
new generation:  3950
Fittest                      42.72849590732862
highest fitness' coverage:   44.239578869940445
highest fitness' collisions: 0.15110829626118266
new generation:  3951
Fittest                      42.73154822525373
highest fitness' coverage:   44.24263118786556
highest fitness' collisions: 0.15110829626118277
new generation:  3952
Fittest                      42.73207948061141
highest fitness' coverage:   44.243162443223234
highest fitness' collisions: 0.15110829626118258
new generation:  3953
Fittest                      42.72468915134195
highest fitness' coverage:   44.242565501822696
highest fitness' collisions: 0.15178763504807452
new generation:  3954
Fittest                      42.73293388228874
highest fitness' coverage:   44.24587173060306
highest fitness' collisions: 0.15129378483143163
new generation:  3955
Fittest                      42.745542902247706
highest fitness' coverage:   44.248404682929674
highest fitness' collisions: 0.15028617806819658
new generation:  3956
Fittest                      42.77121264526007
highest fitness' coverage:   44.27407442594204
highest fitness' collisions: 0.15028617806819658
new generation:  3957
Fittest                      42.73422930793982
highest fitness' coverage:   44.23709108862179
highest fitness' collisions: 0.1502861780681966
new generation:  3958
Fittest                      42.76441813075713
highest fitness' coverage:   44.2672799114391
highest fitness' collisions: 0.15028617806819652
new generation:  3959
Fittest                      42.73869618878158
highest fitness' coverage:   44.24207083084754
highest fitness' collisions: 0.15033746420659574
new generation:  3960
Fittest                      42.745645170177944
highest fitness' coverage:   44.2490198122439
highest fitness' collisions: 0.15033746420659577
new generation:  3961
Fittest                      42.72993527788313
highest fitness' coverage:   44.233309919949086
highest fitness' collisions: 0.15033746420659586
new generation:  3962
Fittest                      42.72017711778304
highest fitness' coverage:   44.223551759848995
highest fitness' collisions: 0.1503374642065957
new generation:  3963
Fittest                      42.751657895729
highest fitness' coverage:   44.261058133655695
highest fitness' collisions: 0.15094002379267016
new generation:  3964
Fittest                      42.7494273439953
highest fitness' coverage:   44.258827581922
highest fitness' collisions: 0.15094002379267005
new generation:  3965
Fittest                      42.72527033382311
highest fitness' coverage:   44.23467057174981
highest fitness' collisions: 0.1509400237926701
new generation:  3966
Fittest                      42.72580031348831
highest fitness' coverage:   44.235200551415005
highest fitness' collisions: 0.1509400237926701
new generation:  3967
Fittest                      42.734148016378754
highest fitness' coverage:   44.24354825430545
highest fitness' collisions: 0.15094002379267013
new generation:  3968
Fittest                      42.735219954306245
highest fitness' coverage:   44.244620192232944
highest fitness' collisions: 0.15094002379267007
new generation:  3969
Fittest                      42.72408539293606
highest fitness' coverage:   44.22842455893605
highest fitness' collisions: 0.15043391659999886
new generation:  3970
Fittest                      42.770857735607834
highest fitness' coverage:   44.26500815732009
highest fitness' collisions: 0.14941504217122578
new generation:  3971
Fittest                      42.72546966947396
highest fitness' coverage:   44.219620091186215
highest fitness' collisions: 0.1494150421712258
new generation:  3972
Fittest                      42.753384835960944
highest fitness' coverage:   44.2475352576732
highest fitness' collisions: 0.14941504217122584
new generation:  3973
Fittest                      42.77532081754745
highest fitness' coverage:   44.26947123925971
highest fitness' collisions: 0.14941504217122586
new generation:  3974
Fittest                      42.756480655865346
highest fitness' coverage:   44.25063107757761
highest fitness' collisions: 0.14941504217122595
new generation:  3975
Fittest                      42.737001080298434
highest fitness' coverage:   44.23115150201069
highest fitness' collisions: 0.1494150421712259
new generation:  3976
Fittest                      42.737138557128006
highest fitness' coverage:   44.23128897884026
highest fitness' collisions: 0.1494150421712258
new generation:  3977
Fittest                      42.75363723630555
highest fitness' coverage:   44.247787658017806
highest fitness' collisions: 0.1494150421712259
new generation:  3978
Fittest                      42.73163405259739
highest fitness' coverage:   44.225784474309656
highest fitness' collisions: 0.149415042171226
new generation:  3979
Fittest                      42.74840222914316
highest fitness' coverage:   44.24177640373879
highest fitness' collisions: 0.149337417459563
new generation:  3980
Fittest                      42.75014087129689
highest fitness' coverage:   44.24351504589252
highest fitness' collisions: 0.14933741745956305
new generation:  3981
Fittest                      42.73790944844495
highest fitness' coverage:   44.23128362304058
highest fitness' collisions: 0.14933741745956317
new generation:  3982
Fittest                      42.754954504266166
highest fitness' coverage:   44.224910650769985
highest fitness' collisions: 0.1469956146503821
new generation:  3983
Fittest                      42.79529850813544
highest fitness' coverage:   44.26525465463926
highest fitness' collisions: 0.1469956146503821
new generation:  3984
Fittest                      42.780409818526536
highest fitness' coverage:   44.250365965030355
highest fitness' collisions: 0.14699561465038216
new generation:  3985
Fittest                      42.78914237520003
highest fitness' coverage:   44.25909852170385
highest fitness' collisions: 0.14699561465038208
new generation:  3986
Fittest                      42.75166861031703
highest fitness' coverage:   44.22197957021009
highest fitness' collisions: 0.1470310959893055
new generation:  3987
Fittest                      42.77353062337265
highest fitness' coverage:   44.243841583265706
highest fitness' collisions: 0.1470310959893055
new generation:  3988
Fittest                      42.75491831039752
highest fitness' coverage:   44.225229270290576
highest fitness' collisions: 0.14703109598930542
new generation:  3989
Fittest                      42.77643608899772
highest fitness' coverage:   44.246747048890775
highest fitness' collisions: 0.14703109598930547
new generation:  3990
Fittest                      42.77105312365715
highest fitness' coverage:   44.2413640835502
highest fitness' collisions: 0.14703109598930553
new generation:  3991
Fittest                      42.770233044362904
highest fitness' coverage:   44.24054400425596
highest fitness' collisions: 0.14703109598930547
new generation:  3992
Fittest                      42.764940627537044
highest fitness' coverage:   44.2352515874301
highest fitness' collisions: 0.14703109598930553
new generation:  3993
Fittest                      42.78887197885845
highest fitness' coverage:   44.25918293875151
highest fitness' collisions: 0.14703109598930567
new generation:  3994
Fittest                      42.76999248272982
highest fitness' coverage:   44.240303442622874
highest fitness' collisions: 0.1470310959893055
new generation:  3995
Fittest                      42.74899295987043
highest fitness' coverage:   44.21930391976348
highest fitness' collisions: 0.14703109598930553
new generation:  3996
Fittest                      42.760755507684706
highest fitness' coverage:   44.23106646757776
highest fitness' collisions: 0.14703109598930547
new generation:  3997
Fittest                      42.78550643853679
highest fitness' coverage:   44.2626290026775
highest fitness' collisions: 0.14771225641407054
new generation:  3998
Fittest                      42.78388628384883
highest fitness' coverage:   44.25716289643793
highest fitness' collisions: 0.1473276612589106
new generation:  3999
Fittest                      42.75512639341291
highest fitness' coverage:   44.22840300600201
highest fitness' collisions: 0.14732766125891059
new generation:  4000
Fittest                      42.760964554492425
highest fitness' coverage:   44.234241167081535
highest fitness' collisions: 0.1473276612589107
new generation:  4001
Fittest                      42.768025899476086
highest fitness' coverage:   44.24015390617204
highest fitness' collisions: 0.14721280066959508
new generation:  4002
Fittest                      42.75871948965227
highest fitness' coverage:   44.230847496348225
highest fitness' collisions: 0.14721280066959513
new generation:  4003
Fittest                      42.75652018290499
highest fitness' coverage:   44.228648189600946
highest fitness' collisions: 0.1472128006695951
new generation:  4004
Fittest                      42.747484885155295
highest fitness' coverage:   44.22563848771199
highest fitness' collisions: 0.1478153602556696
new generation:  4005
Fittest                      42.74762372076868
highest fitness' coverage:   44.225777323325374
highest fitness' collisions: 0.14781536025566946
new generation:  4006
Fittest                      42.7508862933902
highest fitness' coverage:   44.2290398959469
highest fitness' collisions: 0.14781536025566955
new generation:  4007
Fittest                      42.75682180375164
highest fitness' coverage:   44.23497540630834
highest fitness' collisions: 0.14781536025566952
new generation:  4008
Fittest                      42.768434179482306
highest fitness' coverage:   44.246587782039
highest fitness' collisions: 0.14781536025566944
new generation:  4009
Fittest                      42.74471211688556
highest fitness' coverage:   44.222865719442254
highest fitness' collisions: 0.14781536025566938
new generation:  4010
Fittest                      42.763101454027776
highest fitness' coverage:   44.24125505658447
highest fitness' collisions: 0.1478153602556694
new generation:  4011
Fittest                      42.75575537619247
highest fitness' coverage:   44.23390897874916
highest fitness' collisions: 0.1478153602556695
new generation:  4012
Fittest                      42.74392456477295
highest fitness' coverage:   44.22207816732965
highest fitness' collisions: 0.14781536025566952
new generation:  4013
Fittest                      42.76886968407833
highest fitness' coverage:   44.24702328663503
highest fitness' collisions: 0.14781536025566935
new generation:  4014
Fittest                      42.75368838171145
highest fitness' coverage:   44.231841984268144
highest fitness' collisions: 0.1478153602556695
new generation:  4015
Fittest                      42.74674646990342
highest fitness' coverage:   44.224900072460116
highest fitness' collisions: 0.14781536025566952
new generation:  4016
Fittest                      42.768574171442076
highest fitness' coverage:   44.24672777399877
highest fitness' collisions: 0.1478153602556694
new generation:  4017
Fittest                      42.786778487572285
highest fitness' coverage:   44.262432130809046
highest fitness' collisions: 0.14756536432367623
new generation:  4018
Fittest                      42.75289416356475
highest fitness' coverage:   44.22854780680151
highest fitness' collisions: 0.14756536432367615
new generation:  4019
Fittest                      42.77725805593423
highest fitness' coverage:   44.252911699170994
highest fitness' collisions: 0.14756536432367617
new generation:  4020
Fittest                      42.766845203982044
highest fitness' coverage:   44.238440284710286
highest fitness' collisions: 0.1471595080728243
new generation:  4021
Fittest                      42.759252483936855
highest fitness' coverage:   44.231437806510435
highest fitness' collisions: 0.1472185322573577
new generation:  4022
Fittest                      42.78497835979872
highest fitness' coverage:   44.2571636823723
highest fitness' collisions: 0.14721853225735781
new generation:  4023
Fittest                      42.793388922874925
highest fitness' coverage:   44.265574245448505
highest fitness' collisions: 0.14721853225735781
new generation:  4024
Fittest                      42.76249467248063
highest fitness' coverage:   44.22865439919346
highest fitness' collisions: 0.14661597267128346
new generation:  4025
Fittest                      42.78523489855313
highest fitness' coverage:   44.2597638340841
highest fitness' collisions: 0.14745289355309726
new generation:  4026
Fittest                      42.7812585126714
highest fitness' coverage:   44.255787448202376
highest fitness' collisions: 0.14745289355309732
new generation:  4027
Fittest                      42.779029126732446
highest fitness' coverage:   44.25355806226342
highest fitness' collisions: 0.14745289355309746
new generation:  4028
Fittest                      42.756778588013404
highest fitness' coverage:   44.23130752354437
highest fitness' collisions: 0.1474528935530973
new generation:  4029
Fittest                      42.751638510425934
highest fitness' coverage:   44.226167445956904
highest fitness' collisions: 0.1474528935530973
new generation:  4030
Fittest                      42.76526531574628
highest fitness' coverage:   44.22554406872391
highest fitness' collisions: 0.14602787529776343
new generation:  4031
Fittest                      42.77665241244824
highest fitness' coverage:   44.23729652152429
highest fitness' collisions: 0.14606441090760522
new generation:  4032
Fittest                      42.7859247346916
highest fitness' coverage:   44.244571467018744
highest fitness' collisions: 0.14586467323271482
new generation:  4033
Fittest                      42.7631148087003
highest fitness' coverage:   44.22176154102745
highest fitness' collisions: 0.14586467323271488
new generation:  4034
Fittest                      42.810820796075305
highest fitness' coverage:   44.26946752840245
highest fitness' collisions: 0.1458646732327148
new generation:  4035
Fittest                      42.78833031170293
highest fitness' coverage:   44.246977044030075
highest fitness' collisions: 0.14586467323271476
new generation:  4036
Fittest                      42.77217059683411
highest fitness' coverage:   44.230817329161255
highest fitness' collisions: 0.1458646732327149
new generation:  4037
Fittest                      42.78360675045517
highest fitness' coverage:   44.24693083419519
highest fitness' collisions: 0.14633240837400202
new generation:  4038
Fittest                      42.823987630205686
highest fitness' coverage:   44.287311713945705
highest fitness' collisions: 0.14633240837400205
new generation:  4039
Fittest                      42.76502200175962
highest fitness' coverage:   44.22834608549964
highest fitness' collisions: 0.1463324083740021
new generation:  4040
Fittest                      42.77171591680298
highest fitness' coverage:   44.235040000543
highest fitness' collisions: 0.1463324083740022
new generation:  4041
Fittest                      42.77207174412188
highest fitness' coverage:   44.2353958278619
highest fitness' collisions: 0.1463324083740021
new generation:  4042
Fittest                      42.77466926428933
highest fitness' coverage:   44.23799334802935
highest fitness' collisions: 0.146332408374002
new generation:  4043
Fittest                      42.74397872899393
highest fitness' coverage:   44.20730281273395
highest fitness' collisions: 0.14633240837400216
new generation:  4044
Fittest                      42.78670906248843
highest fitness' coverage:   44.250033146228446
highest fitness' collisions: 0.14633240837400202
new generation:  4045
Fittest                      42.77164172481069
highest fitness' coverage:   44.23496580855071
highest fitness' collisions: 0.14633240837400202
new generation:  4046
Fittest                      42.76281709970146
highest fitness' coverage:   44.22614118344148
highest fitness' collisions: 0.1463324083740021
new generation:  4047
Fittest                      42.771133428702164
highest fitness' coverage:   44.234457512442184
highest fitness' collisions: 0.14633240837400213
new generation:  4048
Fittest                      42.77708608181628
highest fitness' coverage:   44.2404101655563
highest fitness' collisions: 0.14633240837400208
new generation:  4049
Fittest                      42.77242340284653
highest fitness' coverage:   44.23524705011677
highest fitness' collisions: 0.1462823647270239
new generation:  4050
Fittest                      42.78727018658058
highest fitness' coverage:   44.25009383385082
highest fitness' collisions: 0.14628236472702388
new generation:  4051
Fittest                      42.771170749750965
highest fitness' coverage:   44.233994397021206
highest fitness' collisions: 0.1462823647270239
new generation:  4052
Fittest                      42.78785120553737
highest fitness' coverage:   44.25067485280761
highest fitness' collisions: 0.14628236472702383
new generation:  4053
Fittest                      42.76824337972069
highest fitness' coverage:   44.23106702699093
highest fitness' collisions: 0.1462823647270241
new generation:  4054
Fittest                      42.77800209366893
highest fitness' coverage:   44.24082574093917
highest fitness' collisions: 0.14628236472702394
new generation:  4055
Fittest                      42.77577686369632
highest fitness' coverage:   44.23860051096656
highest fitness' collisions: 0.1462823647270239
new generation:  4056
Fittest                      42.7781321931655
highest fitness' coverage:   44.24095584043574
highest fitness' collisions: 0.14628236472702397
new generation:  4057
Fittest                      42.77151644733593
highest fitness' coverage:   44.23316519705123
highest fitness' collisions: 0.14616487497153005
Ran out of time after 4058 generations.
final generation
highest fitness:             42.784146344314316
highest fitness' coverage:   44.24579509402962
highest fitness' collisions: 0.14616487497152994

Left joystick: {
    "2RR": [
        "H",
        "B",
        "AO R G N Z",
    ],
    "7RR": [
        "G",
        "IH F",
        "H",
        "",
    ],
    "5L": [
        "B K",
        "IH K S",
        "",
        "R T",
        "H",
    ],
    "8R": [
        "EH JH K",
        "",
        "D",
        "",
        "",
    ],
    "1LL": [
        "EH JH K",
        "UH R S",
        "JH",
    ],
    "4R": [
        "",
        "F",
        "A",
    ],
    "4L": [
        "IH N",
        "R V",
        "",
        "A",
    ],
    "8LL": [
        "R M",
        "AH G R",
        "AH",
        "IH G Z",
    ],
    "1": [
        "",
        "S P",
        "",
    ],
    "2L": [
        "IH F",
        "S T",
        "",
        "AE D V",
        "UH R S",
    ],
    "2R": [
        "H",
        "M S",
        "",
        "AA P R",
        "J",
        "F L",
    ],
    "3L": [
        "T G",
        "H",
        "R Y",
        "B Y",
        "F R G",
    ],
    "8L": [
        "P",
        "H",
        "C",
    ],
    "1R": [
        "HH M S",
        "D S",
        "K S T",
        "H",
        "H",
        "L W",
    ],
    "7R": [
        "P R",
        "T G",
        "",
    ],
    "7LL": [
        "",
        "Y",
        "C",
        "AO R G N Z",
        "IH N D",
    ],
    "4LL": [
        "K",
        "UW",
    ],
    "4": [
        "H",
        "T",
        "UW N V",
        "AO S T R",
    ],
    "2": [
        "N",
        "",
        "H",
    ],
    "6LL": [
        "HH M S",
        "H",
        "HH",
        "H",
    ],
    "1RR": [
        "N S",
        "H",
        "",
        "Z",
        "",
        "",
        "EH JH K",
        "HH M S",
    ],
    "5LL": [
        "AO L TH",
        "AE K S",
        "",
        "IH",
        "K N T R",
        "P L",
    ],
    "5R": [
        "S M T",
        "CH",
        "AH N D R",
    ],
    "3": [
        "T G",
        "T R",
        "",
    ],
    "6RR": [
        "T R N",
        "IH M P R",
        "H",
        "",
        "M P",
        "K S",
        "H",
    ],
    "4RR": [
        "",
        "H N",
        "SH",
        "R P R Z",
    ],
    "8": [
        "TH",
        "",
        "",
        "AE D V",
    ],
    "8RR": [
        "UW N V",
        "R",
        "",
    ],
    "6": [
        "W",
        "",
    ],
    "1L": [
        "L",
        "UH R S",
    ],
    "3R": [
        "K M",
        "H",
        "H",
    ],
    "7L": [
        "H N",
        "H",
        "",
        "S",
    ],
    "6L": [
        "AO L TH",
        "AH G",
        "AH N",
        "K N T R",
    ],
    "2LL": [
        "K R",
        "EH JH K",
    ],
    "7": [
        "K W",
        "P Z",
        "EH",
    ],
    "5": [
        "AY D",
        "H",
        "K L",
    ],
    "3LL": [
        "V",
        "H",
        "H",
        "T G",
        "UH R S",
    ],
    "5RR": [
        "AE K S",
        "H",
        "M N",
        "IH N S T",
        "H",
        "AY D Y",
    ],
    "6R": [
        "IH N D V",
        "M",
    ],
    "3RR": [
        "AH G",
        "AO L R",
        "K N",
        "R Z",
        "UW N V",
        "AE D V",
    ],
}

Right joystick: {
    "5": [
        "L S OW",
        "D",
    ],
    "8R": [
        "N",
        "L M S T",
    ],
    "8RR": [
        "L S OW",
        "Z",
        "N T UW",
        "",
    ],
    "2L": [
        "R SS",
        "H",
        "S AH S",
        "N T R S T",
    ],
    "2": [
        "M",
        "",
        "H",
    ],
    "6": [
        "L M S T",
        "SH",
    ],
    "3R": [
        "V R Y TH NG",
        "",
        "H",
        "V R N M N T",
        "A",
        "CH",
    ],
    "2RR": [
        "N S V",
        "",
        "V R Y W N",
        "",
        "V",
        "",
        "L S OW",
    ],
    "5LL": [
        "",
        "B",
        "T U",
    ],
    "5RR": [
        "K L",
        "",
        "K T V",
        "",
        "B B L Y",
        "M JH",
        "",
    ],
    "1LL": [
        "S CH N",
        "JH",
        "",
        "B L M",
        "V R Y TH NG",
    ],
    "3RR": [
        "AH",
        "A",
        "P SH",
        "R L D",
        "M P L",
        "K CH R",
    ],
    "4R": [
        "T S D",
        "Y AH",
        "H",
        "",
        "N S",
    ],
    "2R": [
        "D N T SS",
        "TH",
        "K T L Y",
        "",
    ],
    "6RR": [
        "R M",
        "N R JH Y",
        "",
        "AH SS",
    ],
    "4L": [
        "S",
    ],
    "2LL": [
        "W",
        "M TH NG",
        "L JH",
        "Y SS",
        "",
        "ZH N",
        "L W EY SS",
    ],
    "3": [
        "L Y",
        "H",
        "",
    ],
    "3L": [
        "R Y N S",
        "N SH L",
        "N JH",
        "",
        "",
        "M N T",
        "Y S",
        "O",
    ],
    "8": [
        "L S OW",
        "R Y",
        "",
    ],
    "3LL": [
        "S T R N",
        "R T",
    ],
    "8L": [
        "K SH N",
        "K CH W L Y",
        "Y",
        "JH N L",
    ],
    "7RR": [
        "SH UW",
        "V R Y TH NG",
        "N D",
    ],
    "6LL": [
        "N SH N",
        "OW",
        "R M SH N",
        "R TH R",
        "",
        "SH N L",
    ],
    "1L": [
        "A",
        "B L",
        "",
    ],
    "6L": [
        "P",
        "",
        "N T UW",
        "R T N T",
    ],
    "8LL": [
        "",
        "H N",
        "",
        "K",
        "L M S T",
    ],
    "4LL": [
        "SS",
        "R M SH N",
    ],
    "7": [
        "",
        "K T",
        "UW",
        "N Y TH NG",
        "",
        "N Y TH NG",
    ],
    "1RR": [
        "S T",
        "",
        "L S OW",
    ],
    "1R": [
        "R",
        "",
        "A",
        "N T UW",
        "",
        "N T UW",
        "N Y TH NG",
    ],
    "4RR": [
        "R D",
    ],
    "4": [
        "F",
        "H",
        "N T UW",
    ],
    "5L": [
        "M B",
        "",
        "N SS",
    ],
    "7L": [
        "",
        "N SH L",
        "G",
        "A",
    ],
    "1": [
        "",
        "",
        "L T",
        "E",
        "R Y W",
    ],
    "7R": [
        "T",
        "H",
        "H",
    ],
    "5R": [
        "L S OW",
        "",
        "",
        "L",
        "",
    ],
    "6R": [
        "N T",
    ],
    "7LL": [
        "H D",
        "V R Y TH NG",
        "NG",
        "",
    ],
}
