Job ID:        9795373
Array task:    3
CPUs:          64
Rayon threads: 64
Hello, world!
Initial population: Some(
    KeyboardLayout {
        left_chord_genes: [
            (
                "N",
                "6RR",
            ),
            (
                "AH F",
                "1R",
            ),
            (
                "M",
                "5RR",
            ),
            (
                "V",
                "6",
            ),
            (
                "P R S",
                "1R",
            ),
            (
                "CH",
                "2",
            ),
            (
                "P R V",
                "7LL",
            ),
            (
                "P R F",
                "4R",
            ),
            (
                "B T W",
                "1L",
            ),
            (
                "P R T",
                "6LL",
            ),
            (
                "AH D",
                "7R",
            ),
            (
                "IH F",
                "6L",
            ),
            (
                "R Z",
                "7LL",
            ),
            (
                "D",
                "7LL",
            ),
            (
                "F R",
                "5R",
            ),
            (
                "R Z",
                "1",
            ),
            (
                "S M",
                "3R",
            ),
            (
                "B L",
                "2LL",
            ),
            (
                "F R G",
                "2RR",
            ),
            (
                "K N T R",
                "1RR",
            ),
            (
                "K S P",
                "8LL",
            ),
            (
                "L",
                "8RR",
            ),
            (
                "K N S",
                "1LL",
            ),
            (
                "JH",
                "1R",
            ),
            (
                "AH V",
                "8R",
            ),
            (
                "G",
                "2",
            ),
            (
                "N",
                "3LL",
            ),
            (
                "K W",
                "8",
            ),
            (
                "P R V",
                "4RR",
            ),
            (
                "TH",
                "8R",
            ),
            (
                "AH M",
                "6R",
            ),
            (
                "P",
                "6L",
            ),
            (
                "R S P",
                "6R",
            ),
            (
                "D W",
                "7R",
            ),
            (
                "P R F",
                "5LL",
            ),
            (
                "AA P R",
                "8",
            ),
            (
                "S",
                "8LL",
            ),
            (
                "W",
                "1R",
            ),
            (
                "Z",
                "3RR",
            ),
            (
                "R M",
                "4RR",
            ),
            (
                "B",
                "8R",
            ),
            (
                "G R",
                "1L",
            ),
            (
                "AH R",
                "5RR",
            ),
            (
                "L",
                "2R",
            ),
            (
                "T",
                "6L",
            ),
            (
                "IH N T",
                "3RR",
            ),
            (
                "S",
                "2L",
            ),
            (
                "G R",
                "2R",
            ),
            (
                "G R",
                "6",
            ),
            (
                "AO S T R",
                "2R",
            ),
            (
                "B Y",
                "3LL",
            ),
            (
                "IH M P",
                "8",
            ),
            (
                "T",
                "4R",
            ),
            (
                "IH V",
                "3",
            ),
            (
                "N",
                "2LL",
            ),
            (
                "R",
                "1L",
            ),
            (
                "S P R",
                "4",
            ),
            (
                "R M",
                "7RR",
            ),
            (
                "K N T R",
                "1L",
            ),
            (
                "G W",
                "6R",
            ),
            (
                "M",
                "4LL",
            ),
            (
                "IH K S P",
                "4L",
            ),
            (
                "P L Y",
                "3L",
            ),
            (
                "D R",
                "3RR",
            ),
            (
                "P R",
                "6RR",
            ),
            (
                "T R",
                "5RR",
            ),
            (
                "V",
                "8RR",
            ),
            (
                "HH",
                "5RR",
            ),
            (
                "AO R G N Z",
                "5R",
            ),
            (
                "M T",
                "4",
            ),
            (
                "P",
                "8LL",
            ),
            (
                "G R",
                "5R",
            ),
            (
                "CH",
                "8L",
            ),
            (
                "P",
                "3L",
            ),
            (
                "P L",
                "4L",
            ),
            (
                "K N T",
                "5RR",
            ),
            (
                "IH G Z",
                "8",
            ),
            (
                "B L",
                "5LL",
            ),
            (
                "S M",
                "4LL",
            ),
            (
                "IH N D",
                "7L",
            ),
            (
                "",
                "6L",
            ),
            (
                "IH N K L",
                "8",
            ),
            (
                "S K R",
                "4",
            ),
            (
                "JH",
                "4L",
            ),
            (
                "AA P R",
                "8",
            ),
            (
                "R M",
                "6R",
            ),
            (
                "B",
                "2R",
            ),
            (
                "AH P",
                "2RR",
            ),
            (
                "B L",
                "8L",
            ),
            (
                "H",
                "5R",
            ),
            (
                "AH F",
                "3LL",
            ),
            (
                "D M",
                "1R",
            ),
            (
                "JH",
                "6LL",
            ),
            (
                "F R",
                "8LL",
            ),
            (
                "P L",
                "3RR",
            ),
            (
                "T",
                "4L",
            ),
            (
                "R Y",
                "7LL",
            ),
            (
                "S",
                "5",
            ),
            (
                "D",
                "3L",
            ),
            (
                "G W",
                "1RR",
            ),
            (
                "R S P",
                "1L",
            ),
            (
                "R",
                "2RR",
            ),
            (
                "AH P",
                "4",
            ),
            (
                "CH",
                "2",
            ),
            (
                "S T R",
                "1L",
            ),
            (
                "K",
                "6L",
            ),
            (
                "D S P",
                "3RR",
            ),
            (
                "R Z",
                "1",
            ),
            (
                "M",
                "1RR",
            ),
            (
                "L",
                "3R",
            ),
            (
                "S T",
                "2R",
            ),
            (
                "B L",
                "4R",
            ),
            (
                "IH K S",
                "7RR",
            ),
            (
                "TH",
                "4",
            ),
            (
                "F L",
                "6L",
            ),
            (
                "IH N K L",
                "8",
            ),
            (
                "T G",
                "2LL",
            ),
            (
                "S T R",
                "4R",
            ),
            (
                "IH N S T",
                "6LL",
            ),
            (
                "S S",
                "6",
            ),
            (
                "B T W",
                "3R",
            ),
            (
                "G R",
                "6R",
            ),
            (
                "P",
                "3R",
            ),
            (
                "G L",
                "1LL",
            ),
            (
                "P L",
                "3RR",
            ),
            (
                "HH W",
                "5L",
            ),
            (
                "P R M",
                "8",
            ),
            (
                "R S P",
                "1LL",
            ),
            (
                "K M P",
                "8RR",
            ),
            (
                "K M P L",
                "2",
            ),
            (
                "AH N",
                "7LL",
            ),
            (
                "B",
                "8R",
            ),
            (
                "TH R",
                "1R",
            ),
            (
                "N",
                "2LL",
            ),
            (
                "R Z",
                "1L",
            ),
            (
                "K W",
                "2R",
            ),
            (
                "R S",
                "1",
            ),
            (
                "AH G",
                "4RR",
            ),
            (
                "B F",
                "8L",
            ),
            (
                "B F",
                "8LL",
            ),
            (
                "D R",
                "3LL",
            ),
            (
                "TH R",
                "2",
            ),
            (
                "D S",
                "3LL",
            ),
            (
                "JH",
                "6R",
            ),
            (
                "TH R",
                "6LL",
            ),
            (
                "R S",
                "5L",
            ),
            (
                "IH N S",
                "1",
            ),
            (
                "AH L",
                "2LL",
            ),
            (
                "D",
                "4RR",
            ),
            (
                "K",
                "7",
            ),
            (
                "S T",
                "5LL",
            ),
            (
                "TH R",
                "8RR",
            ),
            (
                "IH N K L",
                "2",
            ),
            (
                "R Y P",
                "8LL",
            ),
            (
                "K M P L",
                "1RR",
            ),
            (
                "D R",
                "8",
            ),
            (
                "R Y M",
                "3R",
            ),
            (
                "F R",
                "1LL",
            ),
            (
                "R Y M",
                "7RR",
            ),
            (
                "K M",
                "8LL",
            ),
        ],
        right_chord_genes: [
            (
                "R V S",
                "7RR",
            ),
            (
                "SS",
                "4R",
            ),
            (
                "M D",
                "5LL",
            ),
            (
                "SH N",
                "6R",
            ),
            (
                "P N D",
                "6R",
            ),
            (
                "D L",
                "6L",
            ),
            (
                "R NG",
                "1RR",
            ),
            (
                "N JH",
                "5RR",
            ),
            (
                "R S",
                "7",
            ),
            (
                "V R",
                "4L",
            ),
            (
                "R N T",
                "6",
            ),
            (
                "N",
                "1L",
            ),
            (
                "K",
                "5LL",
            ),
            (
                "R L",
                "5LL",
            ),
            (
                "M",
                "7LL",
            ),
            (
                "V R Y W N",
                "6LL",
            ),
            (
                "R L Y",
                "7R",
            ),
            (
                "",
                "7RR",
            ),
            (
                "N S T",
                "8R",
            ),
            (
                "R V",
                "3LL",
            ),
            (
                "L SS",
                "2RR",
            ),
            (
                "V",
                "7R",
            ),
            (
                "V Y",
                "4RR",
            ),
            (
                "L D",
                "1",
            ),
            (
                "K",
                "5R",
            ),
            (
                "R D NG",
                "7R",
            ),
            (
                "F T R",
                "5RR",
            ),
            (
                "R CH",
                "7R",
            ),
            (
                "D NG",
                "8R",
            ),
            (
                "F T R",
                "8",
            ),
            (
                "P",
                "8",
            ),
            (
                "N D R",
                "8RR",
            ),
            (
                "S D",
                "7LL",
            ),
            (
                "L W EY SS",
                "2R",
            ),
            (
                "SH L",
                "1LL",
            ),
            (
                "D Y",
                "8",
            ),
            (
                "N T D",
                "2LL",
            ),
            (
                "N T L",
                "2RR",
            ),
            (
                "R",
                "7",
            ),
            (
                "T",
                "1L",
            ),
            (
                "K T D",
                "8LL",
            ),
            (
                "V R Y",
                "3",
            ),
            (
                "N",
                "1",
            ),
            (
                "JH",
                "1LL",
            ),
            (
                "D SS",
                "6L",
            ),
            (
                "G",
                "5LL",
            ),
            (
                "L S OW",
                "6",
            ),
            (
                "Z D",
                "8RR",
            ),
            (
                "M B R SS",
                "5L",
            ),
            (
                "L",
                "7RR",
            ),
            (
                "G R",
                "2LL",
            ),
            (
                "ZH N",
                "7L",
            ),
            (
                "S T",
                "2",
            ),
            (
                "L",
                "1RR",
            ),
            (
                "M B R",
                "5LL",
            ),
            (
                "P",
                "2RR",
            ),
            (
                "B L K",
                "6R",
            ),
            (
                "R L Y",
                "2L",
            ),
            (
                "T SS",
                "5L",
            ),
            (
                "R S T",
                "1R",
            ),
            (
                "P",
                "6L",
            ),
            (
                "G R M",
                "2L",
            ),
            (
                "D",
                "6LL",
            ),
            (
                "V R L",
                "8",
            ),
            (
                "N D R",
                "6L",
            ),
            (
                "P",
                "7LL",
            ),
            (
                "R",
                "1LL",
            ),
            (
                "N L",
                "3R",
            ),
            (
                "Z D",
                "4R",
            ),
            (
                "N T L",
                "1L",
            ),
            (
                "K D",
                "4RR",
            ),
            (
                "R M SH N",
                "1LL",
            ),
            (
                "G S",
                "7LL",
            ),
            (
                "K D",
                "3",
            ),
            (
                "SH N SS",
                "2RR",
            ),
            (
                "V R Y W N",
                "8LL",
            ),
            (
                "R T SS",
                "3LL",
            ),
            (
                "T",
                "8",
            ),
            (
                "L R",
                "7RR",
            ),
            (
                "V NG",
                "7RR",
            ),
            (
                "D",
                "2RR",
            ),
            (
                "L W EY SS",
                "3R",
            ),
            (
                "T S D",
                "8R",
            ),
            (
                "M N",
                "4LL",
            ),
            (
                "R L Y",
                "8LL",
            ),
            (
                "S T SS",
                "6",
            ),
            (
                "M R Y",
                "4RR",
            ),
            (
                "T Y",
                "2",
            ),
            (
                "T",
                "2",
            ),
            (
                "V",
                "7R",
            ),
            (
                "V R",
                "1L",
            ),
            (
                "R N T L Y",
                "7",
            ),
            (
                "D Y AH",
                "1R",
            ),
            (
                "L M S T",
                "7R",
            ),
            (
                "T SH",
                "7R",
            ),
            (
                "R SS",
                "2LL",
            ),
            (
                "K SS",
                "2",
            ),
            (
                "V R",
                "8RR",
            ),
            (
                "N Y",
                "4L",
            ),
            (
                "D Y SS",
                "4LL",
            ),
            (
                "L",
                "1",
            ),
            (
                "L N",
                "2",
            ),
            (
                "P L",
                "3R",
            ),
            (
                "Z N",
                "4L",
            ),
            (
                "R",
                "5R",
            ),
            (
                "Y N",
                "6L",
            ),
            (
                "V N",
                "2LL",
            ),
            (
                "NG K NG",
                "4L",
            ),
            (
                "S CH N",
                "6R",
            ),
            (
                "L",
                "7RR",
            ),
            (
                "K SH N SS",
                "1",
            ),
            (
                "K CH W L Y",
                "1L",
            ),
            (
                "V",
                "2",
            ),
            (
                "K T L Y",
                "4RR",
            ),
            (
                "R K T",
                "8",
            ),
            (
                "T NG",
                "8R",
            ),
            (
                "B",
                "8RR",
            ),
            (
                "N TH",
                "6LL",
            ),
            (
                "D",
                "1LL",
            ),
            (
                "S N",
                "3RR",
            ),
            (
                "R D R",
                "6RR",
            ),
            (
                "R AH",
                "3RR",
            ),
            (
                "L F",
                "6L",
            ),
            (
                "M",
                "1",
            ),
            (
                "M B R",
                "4RR",
            ),
            (
                "V NG",
                "5R",
            ),
            (
                "NG K",
                "7LL",
            ),
            (
                "R Y AH",
                "8RR",
            ),
            (
                "S K D",
                "7LL",
            ),
            (
                "D D",
                "1L",
            ),
            (
                "N T UW",
                "7RR",
            ),
            (
                "CH NG",
                "3R",
            ),
            (
                "R T Y",
                "7L",
            ),
            (
                "N T D",
                "1",
            ),
            (
                "T N",
                "7LL",
            ),
            (
                "T S D",
                "7LL",
            ),
            (
                "P R",
                "8",
            ),
            (
                "S D",
                "2RR",
            ),
            (
                "K T",
                "7",
            ),
            (
                "D",
                "6R",
            ),
            (
                "D R",
                "6R",
            ),
            (
                "N T R Y",
                "8R",
            ),
            (
                "N L Y",
                "6LL",
            ),
            (
                "R K",
                "4L",
            ),
            (
                "S T M",
                "2L",
            ),
            (
                "K SS",
                "3R",
            ),
            (
                "K CH W L Y",
                "6RR",
            ),
            (
                "D R",
                "8",
            ),
            (
                "R N NG",
                "6RR",
            ),
            (
                "R",
                "2R",
            ),
            (
                "Z D",
                "1",
            ),
            (
                "V R Y W N",
                "7RR",
            ),
            (
                "K SS",
                "6R",
            ),
            (
                "L",
                "8",
            ),
            (
                "R D NG",
                "3",
            ),
            (
                "N T UW",
                "7",
            ),
            (
                "CH R",
                "4R",
            ),
            (
                "R N D",
                "3L",
            ),
            (
                "SH L",
                "6L",
            ),
            (
                "Z",
                "8RR",
            ),
        ],
    },
)
new generation:  0
Fittest                      -728.6818165517112
highest fitness' coverage:   27.851894383112857
highest fitness' collisions: 75.6533710934824
new generation:  1
Fittest                      -684.9045958458046
highest fitness' coverage:   25.618746675814727
highest fitness' collisions: 71.05233425216193
new generation:  2
Fittest                      -614.2464302599271
highest fitness' coverage:   22.59039010271436
highest fitness' collisions: 63.683682036264145
new generation:  3
Fittest                      -575.0594666090329
highest fitness' coverage:   22.59187272524223
highest fitness' collisions: 59.765133933427514
new generation:  4
Fittest                      -537.0169815693941
highest fitness' coverage:   22.59519443065643
highest fitness' collisions: 55.96121760000506
new generation:  5
Fittest                      -502.6262851968194
highest fitness' coverage:   20.769165887229583
highest fitness' collisions: 52.3395451084049
new generation:  6
Fittest                      -480.5740317432955
highest fitness' coverage:   20.763017728605238
highest fitness' collisions: 50.133704947190076
new generation:  7
Fittest                      -452.894040032544
highest fitness' coverage:   20.79389225337934
highest fitness' collisions: 47.36879322859234
new generation:  8
Fittest                      -433.9160623069939
highest fitness' coverage:   20.791037081142004
highest fitness' collisions: 45.47070993881359
new generation:  9
Fittest                      -404.60617501121715
highest fitness' coverage:   19.054832670605364
highest fitness' collisions: 42.36610076818225
new generation:  10
Fittest                      -372.1153943220356
highest fitness' coverage:   16.86928502363617
highest fitness' collisions: 38.89846793456718
new generation:  11
Fittest                      -348.1912377184171
highest fitness' coverage:   14.829662862282767
highest fitness' collisions: 36.302090058069986
new generation:  12
Fittest                      -332.64376331720734
highest fitness' coverage:   15.018428087840713
highest fitness' collisions: 34.76621914050481
new generation:  13
Fittest                      -317.1316448549008
highest fitness' coverage:   15.05843288353999
highest fitness' collisions: 33.219007773844076
new generation:  14
Fittest                      -294.5511105002995
highest fitness' coverage:   15.058532978596844
highest fitness' collisions: 30.960964347889636
new generation:  15
Fittest                      -274.17682038327956
highest fitness' coverage:   15.052303065665942
highest fitness' collisions: 28.922912344894556
new generation:  16
Fittest                      -261.1491187558965
highest fitness' coverage:   15.055446071873934
highest fitness' collisions: 27.62045648277704
new generation:  17
Fittest                      -248.9495363251095
highest fitness' coverage:   15.067901372432592
highest fitness' collisions: 26.40174376975421
new generation:  18
Fittest                      -235.14284089378694
highest fitness' coverage:   15.167724269407831
highest fitness' collisions: 25.031056516319477
new generation:  19
Fittest                      -225.32611748893058
highest fitness' coverage:   15.260200516141042
highest fitness' collisions: 24.058631800507165
new generation:  20
Fittest                      -216.63619053709814
highest fitness' coverage:   15.274425168889799
highest fitness' collisions: 23.191061570598794
new generation:  21
Fittest                      -205.38479617156375
highest fitness' coverage:   14.342645663364154
highest fitness' collisions: 21.97274418349279
new generation:  22
Fittest                      -193.23094931350747
highest fitness' coverage:   14.429127689556058
highest fitness' collisions: 20.766007700306353
new generation:  23
Fittest                      -188.2670225355419
highest fitness' coverage:   14.438406030320495
highest fitness' collisions: 20.27054285658624
new generation:  24
Fittest                      -176.6296660185561
highest fitness' coverage:   14.44985466387799
highest fitness' collisions: 19.10795206824341
new generation:  25
Fittest                      -167.8341240632697
highest fitness' coverage:   13.619798829770996
highest fitness' collisions: 18.14539228930407
new generation:  26
Fittest                      -162.87889128584916
highest fitness' coverage:   13.186666584657056
highest fitness' collisions: 17.60655578705062
new generation:  27
Fittest                      -155.28597983145255
highest fitness' coverage:   13.164470506257638
highest fitness' collisions: 16.84504503377102
new generation:  28
Fittest                      -148.8986507864932
highest fitness' coverage:   12.084793719899855
highest fitness' collisions: 16.098344450639306
new generation:  29
Fittest                      -144.20597095497214
highest fitness' coverage:   12.087875269012168
highest fitness' collisions: 15.629384622398431
new generation:  30
Fittest                      -139.94232518149772
highest fitness' coverage:   12.09739571717587
highest fitness' collisions: 15.203972089867358
new generation:  31
Fittest                      -130.9750829262429
highest fitness' coverage:   10.612076506487236
highest fitness' collisions: 14.15871594327301
new generation:  32
Fittest                      -127.40771961839465
highest fitness' coverage:   10.615249583133512
highest fitness' collisions: 13.802296920152816
new generation:  33
Fittest                      -119.99450849066442
highest fitness' coverage:   10.621624102418492
highest fitness' collisions: 13.06161325930829
new generation:  34
Fittest                      -114.33023520990389
highest fitness' coverage:   9.739557410458525
highest fitness' collisions: 12.406979262036241
new generation:  35
Fittest                      -106.93408716536581
highest fitness' coverage:   8.879036096215458
highest fitness' collisions: 11.581312326158127
new generation:  36
Fittest                      -102.10260819431748
highest fitness' coverage:   8.574467250834521
highest fitness' collisions: 11.0677075445152
new generation:  37
Fittest                      -98.73131528552193
highest fitness' coverage:   8.500117492841873
highest fitness' collisions: 10.72314327783638
new generation:  38
Fittest                      -95.5216712404281
highest fitness' coverage:   8.497052041699536
highest fitness' collisions: 10.401872328212765
new generation:  39
Fittest                      -92.39773952562278
highest fitness' coverage:   7.896556984246141
highest fitness' collisions: 10.029429650986893
new generation:  40
Fittest                      -89.73637580143867
highest fitness' coverage:   7.979191407142697
highest fitness' collisions: 9.771556720858136
new generation:  41
Fittest                      -85.1822645660709
highest fitness' coverage:   7.1153211625226485
highest fitness' collisions: 9.229758572859355
new generation:  42
Fittest                      -82.69487386854203
highest fitness' coverage:   6.858881890537679
highest fitness' collisions: 8.95537557590797
new generation:  43
Fittest                      -79.49316881272831
highest fitness' coverage:   6.178955592691785
highest fitness' collisions: 8.56721244054201
new generation:  44
Fittest                      -76.26792655169005
highest fitness' coverage:   6.181858541593977
highest fitness' collisions: 8.244978509328403
new generation:  45
Fittest                      -73.45174594643655
highest fitness' coverage:   6.236946210856063
highest fitness' collisions: 7.968869215729261
new generation:  46
Fittest                      -71.10638762554687
highest fitness' coverage:   5.6911410105282805
highest fitness' collisions: 7.679752863607516
new generation:  47
Fittest                      -68.57672078691978
highest fitness' coverage:   5.632293965202399
highest fitness' collisions: 7.420901475212217
new generation:  48
Fittest                      -65.98225297354217
highest fitness' coverage:   5.337352197091633
highest fitness' collisions: 7.131960517063381
new generation:  49
Fittest                      -62.966504494077
highest fitness' coverage:   5.324900003307338
highest fitness' collisions: 6.829140449738433
new generation:  50
Fittest                      -61.47102124082368
highest fitness' coverage:   5.193505618964443
highest fitness' collisions: 6.666452685978813
new generation:  51
Fittest                      -59.61134323547225
highest fitness' coverage:   5.181011919312596
highest fitness' collisions: 6.479235515478484
new generation:  52
Fittest                      -57.605282766245416
highest fitness' coverage:   5.024751204575646
highest fitness' collisions: 6.263003397082106
new generation:  53
Fittest                      -55.58172584069248
highest fitness' coverage:   5.021754731510556
highest fitness' collisions: 6.0603480572203035
new generation:  54
Fittest                      -54.0395641743172
highest fitness' coverage:   5.0246195432830305
highest fitness' collisions: 5.906418371760023
new generation:  55
Fittest                      -52.238675158013756
highest fitness' coverage:   5.042037811255534
highest fitness' collisions: 5.728071296926929
new generation:  56
Fittest                      -50.69994518052102
highest fitness' coverage:   4.806881706239879
highest fitness' collisions: 5.55068268867609
new generation:  57
Fittest                      -48.36657945501694
highest fitness' coverage:   4.803634446053676
highest fitness' collisions: 5.317021390107062
new generation:  58
Fittest                      -46.37811765056544
highest fitness' coverage:   4.809878025209323
highest fitness' collisions: 5.118799567577477
new generation:  59
Fittest                      -45.04634249087382
highest fitness' coverage:   4.659221475936753
highest fitness' collisions: 4.970556396681057
new generation:  60
Fittest                      -43.89306750953665
highest fitness' coverage:   4.556787643329102
highest fitness' collisions: 4.8449855152865755
new generation:  61
Fittest                      -41.15666858353587
highest fitness' coverage:   4.301093510984269
highest fitness' collisions: 4.545776209452013
new generation:  62
Fittest                      -39.958558748046116
highest fitness' coverage:   4.343106893227177
highest fitness' collisions: 4.43016656412733
new generation:  63
Fittest                      -38.32793378329366
highest fitness' coverage:   4.336733817281919
highest fitness' collisions: 4.266466760057558
new generation:  64
Fittest                      -36.60701128151342
highest fitness' coverage:   4.06411039031262
highest fitness' collisions: 4.0671121671826045
new generation:  65
Fittest                      -34.81950281724109
highest fitness' coverage:   3.8039280436709983
highest fitness' collisions: 3.862343086091209
new generation:  66
Fittest                      -33.80829945355539
highest fitness' coverage:   3.8224058240414958
highest fitness' collisions: 3.763070527759689
new generation:  67
Fittest                      -32.39433582404204
highest fitness' coverage:   3.8225354749267613
highest fitness' collisions: 3.62168712989688
new generation:  68
Fittest                      -31.175517718010525
highest fitness' coverage:   3.6318886288717778
highest fitness' collisions: 3.48074063468823
new generation:  69
Fittest                      -30.11117491741267
highest fitness' coverage:   3.6256452038117932
highest fitness' collisions: 3.3736820121224462
new generation:  70
Fittest                      -28.874749464535096
highest fitness' coverage:   3.6618749803206923
highest fitness' collisions: 3.253662444485579
new generation:  71
Fittest                      -27.830919873026936
highest fitness' coverage:   3.6620046312059547
highest fitness' collisions: 3.149292450423289
new generation:  72
Fittest                      -26.734981119626283
highest fitness' coverage:   3.6684140283654902
highest fitness' collisions: 3.0403395147991774
new generation:  73
Fittest                      -26.01113162510684
highest fitness' coverage:   3.673755861191524
highest fitness' collisions: 2.9684887486298366
new generation:  74
Fittest                      -24.9357919093505
highest fitness' coverage:   3.6707677486801766
highest fitness' collisions: 2.8606559658030677
new generation:  75
Fittest                      -23.636066818842558
highest fitness' coverage:   3.6707677486801824
highest fitness' collisions: 2.7306834567522738
new generation:  76
Fittest                      -22.70292105133603
highest fitness' coverage:   3.4007774203098102
highest fitness' collisions: 2.610369847164584
new generation:  77
Fittest                      -21.988203908233285
highest fitness' coverage:   3.227036439552294
highest fitness' collisions: 2.5215240347785577
new generation:  78
Fittest                      -21.56896845760774
highest fitness' coverage:   3.2679419704304022
highest fitness' collisions: 2.483691042803814
new generation:  79
Fittest                      -20.952292292747728
highest fitness' coverage:   3.2646947102441892
highest fitness' collisions: 2.4216987002991917
new generation:  80
Fittest                      -20.024717959332637
highest fitness' coverage:   3.1329276266853965
highest fitness' collisions: 2.3157645586018036
new generation:  81
Fittest                      -19.332166822476385
highest fitness' coverage:   3.138956726525378
highest fitness' collisions: 2.2471123549001764
new generation:  82
Fittest                      -18.752998449850825
highest fitness' coverage:   3.139078016856911
highest fitness' collisions: 2.1892076466707735
new generation:  83
Fittest                      -18.2459016679017
highest fitness' coverage:   3.145329802470642
highest fitness' collisions: 2.139123147037234
new generation:  84
Fittest                      -17.665668906728165
highest fitness' coverage:   3.1390780168569066
highest fitness' collisions: 2.080474692358507
new generation:  85
Fittest                      -17.152210870584895
highest fitness' coverage:   3.1461298961155784
highest fitness' collisions: 2.0298340766700473
new generation:  86
Fittest                      -16.663842525878398
highest fitness' coverage:   3.1922329876039153
highest fitness' collisions: 1.9856075513482314
new generation:  87
Fittest                      -15.840355973650944
highest fitness' coverage:   3.100891982180105
highest fitness' collisions: 1.8941247955831049
new generation:  88
Fittest                      -15.339412474687714
highest fitness' coverage:   3.111310085892191
highest fitness' collisions: 1.8450722560579906
new generation:  89
Fittest                      -14.923281845636383
highest fitness' coverage:   3.0046247605393805
highest fitness' collisions: 1.7927906606175763
new generation:  90
Fittest                      -14.466702160755963
highest fitness' coverage:   2.965027809721859
highest fitness' collisions: 1.743172997047782
new generation:  91
Fittest                      -13.763102212806192
highest fitness' coverage:   2.8403596634630337
highest fitness' collisions: 1.6603461876269225
new generation:  92
Fittest                      -13.127237847983357
highest fitness' coverage:   2.843477272763986
highest fitness' collisions: 1.5970715120747343
new generation:  93
Fittest                      -12.690415184596802
highest fitness' coverage:   2.8403596634630373
highest fitness' collisions: 1.5530774848059838
new generation:  94
Fittest                      -12.396316284902932
highest fitness' coverage:   2.848153740561665
highest fitness' collisions: 1.5244470025464598
new generation:  95
Fittest                      -11.823470615415742
highest fitness' coverage:   2.8577233766578822
highest fitness' collisions: 1.4681193992073625
new generation:  96
Fittest                      -11.285737196465213
highest fitness' coverage:   2.8325884818976936
highest fitness' collisions: 1.4118325678362909
new generation:  97
Fittest                      -10.91313447739592
highest fitness' coverage:   2.8365126651860795
highest fitness' collisions: 1.3749647142582
new generation:  98
Fittest                      -10.565803995939305
highest fitness' coverage:   2.801095557821494
highest fitness' collisions: 1.3366899553760798
new generation:  99
Fittest                      -9.80275191877929
highest fitness' coverage:   2.724930174262048
highest fitness' collisions: 1.2527682093041337
new generation:  100
Fittest                      -9.429400217357754
highest fitness' coverage:   2.8511374669283147
highest fitness' collisions: 1.2280537684286068
new generation:  101
Fittest                      -9.037323516683873
highest fitness' coverage:   2.859901373641433
highest fitness' collisions: 1.1897224890325306
new generation:  102
Fittest                      -8.624148040639911
highest fitness' coverage:   2.8535282976961738
highest fitness' collisions: 1.1477676338336085
new generation:  103
Fittest                      -8.386885855652382
highest fitness' coverage:   2.8857575085873854
highest fitness' collisions: 1.1272643364239767
new generation:  104
Fittest                      -8.091285060585497
highest fitness' coverage:   2.7856188924994245
highest fitness' collisions: 1.0876903953084922
new generation:  105
Fittest                      -7.753754721090997
highest fitness' coverage:   2.7916116845339283
highest fitness' collisions: 1.0545366405624925
new generation:  106
Fittest                      -7.461462334561986
highest fitness' coverage:   2.788744862354108
highest fitness' collisions: 1.0250207196916095
new generation:  107
Fittest                      -7.08176783576814
highest fitness' coverage:   2.7504438963935267
highest fitness' collisions: 0.9832211732161666
new generation:  108
Fittest                      -6.653065276436395
highest fitness' coverage:   2.76971452543432
highest fitness' collisions: 0.9422779801870715
new generation:  109
Fittest                      -6.395197247824619
highest fitness' coverage:   2.7395306301443543
highest fitness' collisions: 0.9134727877968974
new generation:  110
Fittest                      -6.018048673499747
highest fitness' coverage:   2.702738164781621
highest fitness' collisions: 0.8720786838281368
new generation:  111
Fittest                      -5.800894319078761
highest fitness' coverage:   2.6701887229387076
highest fitness' collisions: 0.8471083042017469
new generation:  112
Fittest                      -5.568132475804871
highest fitness' coverage:   2.680411162125878
highest fitness' collisions: 0.824854363793075
new generation:  113
Fittest                      -5.462897026340913
highest fitness' coverage:   2.674297079759848
highest fitness' collisions: 0.813719410610076
new generation:  114
Fittest                      -5.245658322246554
highest fitness' coverage:   2.674297079759851
highest fitness' collisions: 0.7919955402006404
new generation:  115
Fittest                      -4.903024446778682
highest fitness' coverage:   2.5984552059409185
highest fitness' collisions: 0.75014796527196
new generation:  116
Fittest                      -4.622440068294791
highest fitness' coverage:   2.526134582302365
highest fitness' collisions: 0.7148574650597156
new generation:  117
Fittest                      -4.287951955265204
highest fitness' coverage:   2.4593274120594346
highest fitness' collisions: 0.6747279367324639
new generation:  118
Fittest                      -4.147454155970504
highest fitness' coverage:   2.3902743140985385
highest fitness' collisions: 0.6537728470069043
new generation:  119
Fittest                      -4.0010926123327115
highest fitness' coverage:   2.379473240705475
highest fitness' collisions: 0.6380565853038187
new generation:  120
Fittest                      -3.8526099665203852
highest fitness' coverage:   2.373331239944956
highest fitness' collisions: 0.6225941206465342
new generation:  121
Fittest                      -3.704039824486572
highest fitness' coverage:   2.1607077222170252
highest fitness' collisions: 0.5864747546703597
new generation:  122
Fittest                      -3.5607689543863654
highest fitness' coverage:   2.163675968696315
highest fitness' collisions: 0.5724444923082681
new generation:  123
Fittest                      -3.4005584112513496
highest fitness' coverage:   2.0727856828535645
highest fitness' collisions: 0.5473344094104914
new generation:  124
Fittest                      -3.275262831965104
highest fitness' coverage:   2.069510504272856
highest fitness' collisions: 0.534477333623796
new generation:  125
Fittest                      -3.1080870946330474
highest fitness' coverage:   2.0059302808299497
highest fitness' collisions: 0.5114017375462997
new generation:  126
Fittest                      -2.9824725465660356
highest fitness' coverage:   2.002019397349156
highest fitness' collisions: 0.49844919439151913
new generation:  127
Fittest                      -2.8185677765025305
highest fitness' coverage:   1.9484667814394772
highest fitness' collisions: 0.4767034557942008
new generation:  128
Fittest                      -2.6409864572840958
highest fitness' coverage:   1.9353696228577757
highest fitness' collisions: 0.4576356080141872
new generation:  129
Fittest                      -2.528020877319663
highest fitness' coverage:   1.9153138084040393
highest fitness' collisions: 0.4443334685723702
new generation:  130
Fittest                      -2.453865122261458
highest fitness' coverage:   1.8780867789209386
highest fitness' collisions: 0.43319519011823965
new generation:  131
Fittest                      -2.3211596702833743
highest fitness' coverage:   1.920635216255605
highest fitness' collisions: 0.424179488653898
new generation:  132
Fittest                      -2.1899051629575226
highest fitness' coverage:   1.920635216255609
highest fitness' collisions: 0.4110540379213132
new generation:  133
Fittest                      -2.1020512091527657
highest fitness' coverage:   1.923752825556564
highest fitness' collisions: 0.40258040347093293
new generation:  134
Fittest                      -2.0068090438924515
highest fitness' coverage:   1.9239103948363159
highest fitness' collisions: 0.39307194387287675
new generation:  135
Fittest                      -1.9509046763855644
highest fitness' coverage:   1.9270280041372678
highest fitness' collisions: 0.3877932680522832
new generation:  136
Fittest                      -1.747039139378741
highest fitness' coverage:   1.8706103629628568
highest fitness' collisions: 0.3617649502341598
new generation:  137
Fittest                      -1.5982508248520644
highest fitness' coverage:   1.8706103629628543
highest fitness' collisions: 0.3468861187814919
new generation:  138
Fittest                      -1.5110400437230578
highest fitness' coverage:   1.8479690315996227
highest fitness' collisions: 0.33590090753226803
new generation:  139
Fittest                      -1.3850555026582896
highest fitness' coverage:   1.8541028259020562
highest fitness' collisions: 0.3239158328560346
new generation:  140
Fittest                      -1.2345198824673218
highest fitness' coverage:   1.824045187208039
highest fitness' collisions: 0.3058565069675361
new generation:  141
Fittest                      -1.1682709513913498
highest fitness' coverage:   1.8133553481670477
highest fitness' collisions: 0.29816262995583975
new generation:  142
Fittest                      -1.0979586379125212
highest fitness' coverage:   1.813225851377438
highest fitness' collisions: 0.2911184489289959
new generation:  143
Fittest                      -0.9688621438170009
highest fitness' coverage:   1.8220298112554938
highest fitness' collisions: 0.2790891955072495
new generation:  144
Fittest                      -0.8597986617920561
highest fitness' coverage:   1.8315714731440889
highest fitness' collisions: 0.2691370134936145
new generation:  145
Fittest                      -0.782520271758133
highest fitness' coverage:   1.8581603668455735
highest fitness' collisions: 0.2640680638603706
new generation:  146
Fittest                      -0.6638611603252003
highest fitness' coverage:   1.8612779761465317
highest fitness' collisions: 0.2525139136471732
new generation:  147
Fittest                      -0.59272010432125
highest fitness' coverage:   1.858160366845578
highest fitness' collisions: 0.24508804711668278
new generation:  148
Fittest                      -0.519156170161474
highest fitness' coverage:   1.8651651247379664
highest fitness' collisions: 0.23843212948994402
new generation:  149
Fittest                      -0.4635404784561816
highest fitness' coverage:   1.8589018336459195
highest fitness' collisions: 0.23224423121021012
new generation:  150
Fittest                      -0.3931567581720483
highest fitness' coverage:   1.8706666685086757
highest fitness' collisions: 0.2263823426680724
new generation:  151
Fittest                      -0.2581102715867061
highest fitness' coverage:   1.8476224225764504
highest fitness' collisions: 0.21057326941631566
new generation:  152
Fittest                      -0.17623003039541096
highest fitness' coverage:   1.8453183882598418
highest fitness' collisions: 0.20215484186552526
new generation:  153
Fittest                      -0.11931013906307286
highest fitness' coverage:   1.7518544264200389
highest fitness' collisions: 0.18711645654831116
new generation:  154
Fittest                      -0.05500301642871164
highest fitness' coverage:   1.7529159958510305
highest fitness' collisions: 0.18079190122797423
new generation:  155
Fittest                      -0.004434534423270131
highest fitness' coverage:   1.7529159958510276
highest fitness' collisions: 0.17573505302742978
new generation:  156
Fittest                      0.038321499499576195
highest fitness' coverage:   1.7529159958510296
highest fitness' collisions: 0.17145944963514534
new generation:  157
Fittest                      0.08587864984829441
highest fitness' coverage:   1.7529159958510272
highest fitness' collisions: 0.16670373460027327
new generation:  158
Fittest                      0.1124070324423696
highest fitness' coverage:   1.7501964937206305
highest fitness' collisions: 0.1637789461278261
new generation:  159
Fittest                      0.17511801747314748
highest fitness' coverage:   1.8355484694912345
highest fitness' collisions: 0.1660430452018087
new generation:  160
Fittest                      0.2190619764386159
highest fitness' coverage:   1.8385646544927143
highest fitness' collisions: 0.16195026780540983
new generation:  161
Fittest                      0.26499797889363585
highest fitness' coverage:   1.8596164076402295
highest fitness' collisions: 0.15946184287465937
new generation:  162
Fittest                      0.3091421913967036
highest fitness' coverage:   1.8405595377289048
highest fitness' collisions: 0.15314173463322012
new generation:  163
Fittest                      0.3339280783104872
highest fitness' coverage:   1.8445564866448871
highest fitness' collisions: 0.15106284083344
new generation:  164
Fittest                      0.4023088968098938
highest fitness' coverage:   1.9440173514839607
highest fitness' collisions: 0.1541708454674067
new generation:  165
Fittest                      0.4451133349756855
highest fitness' coverage:   1.9438878546943494
highest fitness' collisions: 0.1498774519718664
new generation:  166
Fittest                      0.5146808712485706
highest fitness' coverage:   1.9440173514839614
highest fitness' collisions: 0.14293364802353908
new generation:  167
Fittest                      0.5586872936582143
highest fitness' coverage:   1.9570466515209537
highest fitness' collisions: 0.13983593578627393
new generation:  168
Fittest                      0.5890336969406695
highest fitness' coverage:   1.9569171547313446
highest fitness' collisions: 0.1367883457790675
new generation:  169
Fittest                      0.6373240473795643
highest fitness' coverage:   1.9684738612052088
highest fitness' collisions: 0.13311498138256445
new generation:  170
Fittest                      0.6634471273897133
highest fitness' coverage:   1.9684738612052064
highest fitness' collisions: 0.1305026733815493
new generation:  171
Fittest                      0.7161088458238329
highest fitness' coverage:   2.0227017557229643
highest fitness' collisions: 0.13065929098991313
new generation:  172
Fittest                      0.7486025860154717
highest fitness' coverage:   2.0227017557229643
highest fitness' collisions: 0.12740991697074927
new generation:  173
Fittest                      0.7880313470427933
highest fitness' coverage:   2.030245777136279
highest fitness' collisions: 0.12422144300934859
new generation:  174
Fittest                      0.8396430703092963
highest fitness' coverage:   2.0271000953451837
highest fitness' collisions: 0.11874570250358873
new generation:  175
Fittest                      0.882848512104303
highest fitness' coverage:   2.0272295921348
highest fitness' collisions: 0.11443810800304971
new generation:  176
Fittest                      0.9128281359039752
highest fitness' coverage:   2.0482560264040863
highest fitness' collisions: 0.11354278905001111
new generation:  177
Fittest                      0.9331889494482812
highest fitness' coverage:   2.052413094634548
highest fitness' collisions: 0.11192241451862665
new generation:  178
Fittest                      0.9453754821208085
highest fitness' coverage:   2.0491379160538408
highest fitness' collisions: 0.11037624339330324
new generation:  179
Fittest                      0.9926977460675044
highest fitness' coverage:   2.0462051351832855
highest fitness' collisions: 0.1053507389115781
new generation:  180
Fittest                      1.0451652317044418
highest fitness' coverage:   2.138847510515527
highest fitness' collisions: 0.1093682278811085
new generation:  181
Fittest                      1.0904419368848797
highest fitness' coverage:   2.132831884808275
highest fitness' collisions: 0.10423899479233953
new generation:  182
Fittest                      1.1324407007997053
highest fitness' coverage:   2.139039844259538
highest fitness' collisions: 0.1006599143459833
new generation:  183
Fittest                      1.1774766365794238
highest fitness' coverage:   2.164539610487636
highest fitness' collisions: 0.09870629739082121
new generation:  184
Fittest                      1.202864322426771
highest fitness' coverage:   2.1830030541943057
highest fitness' collisions: 0.09801387317675349
new generation:  185
Fittest                      1.2495174668688387
highest fitness' coverage:   2.22580621545994
highest fitness' collisions: 0.09762887485911013
new generation:  186
Fittest                      1.273713351293012
highest fitness' coverage:   2.288875575051481
highest fitness' collisions: 0.1015162223758469
new generation:  187
Fittest                      1.3048909973195495
highest fitness' coverage:   2.2858388228734765
highest fitness' collisions: 0.0980947825553927
new generation:  188
Fittest                      1.3335957337516515
highest fitness' coverage:   2.282776545213306
highest fitness' collisions: 0.09491808114616547
new generation:  189
Fittest                      1.3465669240062401
highest fitness' coverage:   2.2888755750514855
highest fitness' collisions: 0.09423086510452455
new generation:  190
Fittest                      1.3572948925252963
highest fitness' coverage:   2.2795880130617205
highest fitness' collisions: 0.09222931205364242
new generation:  191
Fittest                      1.3805691238520814
highest fitness' coverage:   2.2826502907218917
highest fitness' collisions: 0.09020811668698102
new generation:  192
Fittest                      1.4079254142810715
highest fitness' coverage:   2.282650290721891
highest fitness' collisions: 0.08747248764408193
new generation:  193
Fittest                      1.4146443447969683
highest fitness' coverage:   2.2764423312706277
highest fitness' collisions: 0.08617979864736594
new generation:  194
Fittest                      1.4445315140744657
highest fitness' coverage:   2.2795046089307927
highest fitness' collisions: 0.08349730948563269
new generation:  195
Fittest                      1.4666365001936934
highest fitness' coverage:   2.3226676090377674
highest fitness' collisions: 0.08560311088440739
new generation:  196
Fittest                      1.4869849413852005
highest fitness' coverage:   2.432112278909388
highest fitness' collisions: 0.09451273375241877
new generation:  197
Fittest                      1.50359961611564
highest fitness' coverage:   2.428714121661565
highest fitness' collisions: 0.0925114505545925
new generation:  198
Fittest                      1.5195012505932657
highest fitness' coverage:   2.4439111858568694
highest fitness' collisions: 0.09244099352636036
new generation:  199
Fittest                      1.5281186065612296
highest fitness' coverage:   2.437812156018692
highest fitness' collisions: 0.09096935494574623
new generation:  200
Fittest                      1.5457621472847478
highest fitness' coverage:   2.44391118585687
highest fitness' collisions: 0.0898149038572122
new generation:  201
Fittest                      1.5556848015661855
highest fitness' coverage:   2.428321566966217
highest fitness' collisions: 0.08726367654000315
new generation:  202
Fittest                      1.5673569486826917
highest fitness' coverage:   2.4357023382347758
highest fitness' collisions: 0.08683453895520842
new generation:  203
Fittest                      1.5863590468952007
highest fitness' coverage:   2.5121174937473647
highest fitness' collisions: 0.0925758446852164
new generation:  204
Fittest                      1.5967756809422604
highest fitness' coverage:   2.515448662863394
highest fitness' collisions: 0.09186729819211338
new generation:  205
Fittest                      1.6144188269278885
highest fitness' coverage:   2.50411146456942
highest fitness' collisions: 0.08896926376415312
new generation:  206
Fittest                      1.6335617634972903
highest fitness' coverage:   2.50717374222959
highest fitness' collisions: 0.08736119787322998
new generation:  207
Fittest                      1.6575993426327567
highest fitness' coverage:   2.488012261006439
highest fitness' collisions: 0.08304129183736825
new generation:  208
Fittest                      1.6832669839161296
highest fitness' coverage:   2.555175718429407
highest fitness' collisions: 0.08719087345132771
new generation:  209
Fittest                      1.7098179581032018
highest fitness' coverage:   2.55267330372245
highest fitness' collisions: 0.0842855345619248
new generation:  210
Fittest                      1.8276822848125813
highest fitness' coverage:   2.9315801177691316
highest fitness' collisions: 0.11038978329565503
new generation:  211
Fittest                      1.8800062936547695
highest fitness' coverage:   2.938039577624251
highest fitness' collisions: 0.10580332839694816
new generation:  212
Fittest                      1.9251442472202054
highest fitness' coverage:   3.032803671942264
highest fitness' collisions: 0.11076594247220586
new generation:  213
Fittest                      1.9590690101380728
highest fitness' coverage:   3.0357724650276623
highest fitness' collisions: 0.10767034548895896
new generation:  214
Fittest                      1.9779665220978038
highest fitness' coverage:   3.0480433971285406
highest fitness' collisions: 0.10700768750307368
new generation:  215
Fittest                      1.993252936085147
highest fitness' coverage:   3.0512703619712536
highest fitness' collisions: 0.10580174258861066
new generation:  216
Fittest                      2.004748170824514
highest fitness' coverage:   3.0451020559662845
highest fitness' collisions: 0.10403538851417708
new generation:  217
Fittest                      2.1133857518239734
highest fitness' coverage:   3.048171180045531
highest fitness' collisions: 0.09347854282215574
new generation:  218
Fittest                      2.1313031551983124
highest fitness' coverage:   3.051093473265558
highest fitness' collisions: 0.09197903180672458
new generation:  219
Fittest                      2.1422176180493038
highest fitness' coverage:   3.0466218021019436
highest fitness' collisions: 0.09044041840526398
new generation:  220
Fittest                      2.166163792134986
highest fitness' coverage:   3.222586091196345
highest fitness' collisions: 0.10564222990613588
new generation:  221
Fittest                      2.2071319124698987
highest fitness' coverage:   3.2225395913309645
highest fitness' collisions: 0.10154076788610658
new generation:  222
Fittest                      2.2332308558793694
highest fitness' coverage:   3.22250268706542
highest fitness' collisions: 0.09892718311860506
new generation:  223
Fittest                      2.265147908864009
highest fitness' coverage:   3.2541352802348453
highest fitness' collisions: 0.09889873713708362
new generation:  224
Fittest                      2.2842508603516842
highest fitness' coverage:   3.26038014395166
highest fitness' collisions: 0.0976129283599976
new generation:  225
Fittest                      2.2990304988945334
highest fitness' coverage:   3.2632655329061317
highest fitness' collisions: 0.09642350340115985
new generation:  226
Fittest                      2.3249276563361247
highest fitness' coverage:   3.2602967398207325
highest fitness' collisions: 0.09353690834846079
new generation:  227
Fittest                      2.3446692757706504
highest fitness' coverage:   3.2633489370370614
highest fitness' collisions: 0.0918679661266411
new generation:  228
Fittest                      2.361805303443439
highest fitness' coverage:   3.257234462160564
highest fitness' collisions: 0.08954291587171248
new generation:  229
Fittest                      2.408666624090103
highest fitness' coverage:   3.4979062174231657
highest fitness' collisions: 0.10892395933330627
new generation:  230
Fittest                      2.455815904040221
highest fitness' coverage:   3.507592917752711
highest fitness' collisions: 0.10517770137124897
new generation:  231
Fittest                      2.4648470025775358
highest fitness' coverage:   3.4984161652160446
highest fitness' collisions: 0.10335691626385088
new generation:  232
Fittest                      2.540596923208236
highest fitness' coverage:   4.024988754370011
highest fitness' collisions: 0.14843918311617757
new generation:  233
Fittest                      2.610490915318894
highest fitness' coverage:   4.024837798353166
highest fitness' collisions: 0.14143468830342718
new generation:  234
Fittest                      2.643600470002183
highest fitness' coverage:   4.037240056931599
highest fitness' collisions: 0.13936395869294158
new generation:  235
Fittest                      2.695686567632137
highest fitness' coverage:   4.807727968380726
highest fitness' collisions: 0.21120414007485885
new generation:  236
Fittest                      2.7262837555240687
highest fitness' coverage:   4.765043780914488
highest fitness' collisions: 0.20387600253904192
new generation:  237
Fittest                      2.7621210721884943
highest fitness' coverage:   4.7833331273718285
highest fitness' collisions: 0.20212120551833343
new generation:  238
Fittest                      2.771900806071575
highest fitness' coverage:   4.801020872204639
highest fitness' collisions: 0.20291200661330636
new generation:  239
Fittest                      2.8184113472607595
highest fitness' coverage:   4.797751290110847
highest fitness' collisions: 0.19793399428500877
new generation:  240
Fittest                      2.8444404641844043
highest fitness' coverage:   4.790734237751969
highest fitness' collisions: 0.19462937735675648
new generation:  241
Fittest                      2.8850738352343335
highest fitness' coverage:   4.7876449043776415
highest fitness' collisions: 0.19025710691433081
new generation:  242
Fittest                      2.9787865605478636
highest fitness' coverage:   4.8113533028192235
highest fitness' collisions: 0.18325667422713596
new generation:  243
Fittest                      3.0505581913744124
highest fitness' coverage:   5.167163628353464
highest fitness' collisions: 0.21166054369790516
new generation:  244
Fittest                      3.1076047737113863
highest fitness' coverage:   5.176273313848217
highest fitness' collisions: 0.20686685401368307
new generation:  245
Fittest                      3.2527872067443075
highest fitness' coverage:   5.173325087939345
highest fitness' collisions: 0.19205378811950374
new generation:  246
Fittest                      3.268653486653834
highest fitness' coverage:   5.179418995639314
highest fitness' collisions: 0.191076550898548
new generation:  247
Fittest                      3.3709499705740797
highest fitness' coverage:   5.3442838752506825
highest fitness' collisions: 0.19733339046766027
new generation:  248
Fittest                      3.474828673821997
highest fitness' coverage:   5.3650650781603915
highest fitness' collisions: 0.18902364043383943
new generation:  249
Fittest                      3.496022570215886
highest fitness' coverage:   5.362049300365604
highest fitness' collisions: 0.18660267301497183
new generation:  250
Fittest                      3.5757001094088814
highest fitness' coverage:   5.368059803934659
highest fitness' collisions: 0.17923596945257775
new generation:  251
Fittest                      3.632061142743299
highest fitness' coverage:   5.365124340048822
highest fitness' collisions: 0.17330631973055224
new generation:  252
Fittest                      3.6634565334334566
highest fitness' coverage:   5.368096708200191
highest fitness' collisions: 0.17046401747667347
new generation:  253
Fittest                      3.6863793051339333
highest fitness' coverage:   5.35891638059756
highest fitness' collisions: 0.1672537075463627
new generation:  254
Fittest                      3.7098667808657164
highest fitness' coverage:   5.346387355561947
highest fitness' collisions: 0.16365205746962305
new generation:  255
Fittest                      3.7586318206452902
highest fitness' coverage:   5.349557179595527
highest fitness' collisions: 0.15909253589502365
new generation:  256
Fittest                      3.830304761687904
highest fitness' coverage:   5.404412599501033
highest fitness' collisions: 0.15741078378131287
new generation:  257
Fittest                      3.85542035456966
highest fitness' coverage:   5.404436741743526
highest fitness' collisions: 0.15490163871738657
new generation:  258
Fittest                      3.909082550101472
highest fitness' coverage:   5.610422527094838
highest fitness' collisions: 0.17013399769933657
new generation:  259
Fittest                      3.9151501100784016
highest fitness' coverage:   5.616618912026938
highest fitness' collisions: 0.17014688019485366
new generation:  260
Fittest                      3.925708894282506
highest fitness' coverage:   5.619764593818032
highest fitness' collisions: 0.16940556995355263
new generation:  261
Fittest                      3.9429150566186513
highest fitness' coverage:   5.591944210933461
highest fitness' collisions: 0.16490291543148092
new generation:  262
Fittest                      4.002123792449491
highest fitness' coverage:   5.613697741832214
highest fitness' collisions: 0.16115739493827225
new generation:  263
Fittest                      4.010879351734149
highest fitness' coverage:   5.660859360169242
highest fitness' collisions: 0.16499800084350938
new generation:  264
Fittest                      4.041215865294569
highest fitness' coverage:   5.673270342161346
highest fitness' collisions: 0.16320544768667772
new generation:  265
Fittest                      4.0620156902433955
highest fitness' coverage:   5.66684478694346
highest fitness' collisions: 0.1604829096700064
new generation:  266
Fittest                      4.095554410834998
highest fitness' coverage:   5.719449911361986
highest fitness' collisions: 0.16238955005269876
new generation:  267
Fittest                      4.12896228123744
highest fitness' coverage:   5.8722633503564845
highest fitness' collisions: 0.1743301069119044
new generation:  268
Fittest                      4.157164982170669
highest fitness' coverage:   5.875146681733346
highest fitness' collisions: 0.1717981699562677
new generation:  269
Fittest                      4.1664972003424525
highest fitness' coverage:   5.88447889990513
highest fitness' collisions: 0.1717981699562677
new generation:  270
Fittest                      4.188429342547437
highest fitness' coverage:   5.87996812050161
highest fitness' collisions: 0.1691538777954174
new generation:  271
Fittest                      4.235644379286464
highest fitness' coverage:   6.326186618123132
highest fitness' collisions: 0.20905422388366676
new generation:  272
Fittest                      4.251345608630243
highest fitness' coverage:   6.313572013814975
highest fitness' collisions: 0.20622264051847317
new generation:  273
Fittest                      4.307200516033589
highest fitness' coverage:   6.392978305183409
highest fitness' collisions: 0.2085777789149819
new generation:  274
Fittest                      4.355447745440198
highest fitness' coverage:   6.402298295122386
highest fitness' collisions: 0.2046850549682188
new generation:  275
Fittest                      4.3594018182206575
highest fitness' coverage:   6.380685871689069
highest fitness' collisions: 0.20212840534684112
new generation:  276
Fittest                      4.414129812145572
highest fitness' coverage:   6.39925744053276
highest fitness' collisions: 0.19851276283871877
new generation:  277
Fittest                      4.432704369269491
highest fitness' coverage:   6.386803921631539
highest fitness' collisions: 0.19540995523620483
new generation:  278
Fittest                      4.445133745928228
highest fitness' coverage:   6.399233298290277
highest fitness' collisions: 0.19540995523620489
new generation:  279
Fittest                      4.483110614760828
highest fitness' coverage:   6.383834272652099
highest fitness' collisions: 0.19007236578912715
new generation:  280
Fittest                      4.501333277854853
highest fitness' coverage:   6.393109024812844
highest fitness' collisions: 0.18917757469579916
new generation:  281
Fittest                      4.51995838573205
highest fitness' coverage:   6.411734132690042
highest fitness' collisions: 0.18917757469579918
new generation:  282
Fittest                      4.58007844991748
highest fitness' coverage:   6.405529086710434
highest fitness' collisions: 0.18254506367929546
new generation:  283
Fittest                      4.624401043712541
highest fitness' coverage:   6.396419401215676
highest fitness' collisions: 0.17720183575031345
new generation:  284
Fittest                      4.663637595109084
highest fitness' coverage:   6.4117961137504
highest fitness' collisions: 0.1748158518641316
new generation:  285
Fittest                      4.670283343461208
highest fitness' coverage:   6.392550950237773
highest fitness' collisions: 0.17222676067765644
new generation:  286
Fittest                      4.736588667489805
highest fitness' coverage:   6.421809995874339
highest fitness' collisions: 0.16852213283845335
new generation:  287
Fittest                      4.749019198644085
highest fitness' coverage:   6.434240527028619
highest fitness' collisions: 0.16852213283845338
new generation:  288
Fittest                      4.755642351713426
highest fitness' coverage:   6.428026061276885
highest fitness' collisions: 0.1672383709563458
new generation:  289
Fittest                      4.767452223872354
highest fitness' coverage:   6.421854310358015
highest fitness' collisions: 0.16544020864856604
new generation:  290
Fittest                      4.784715901611033
highest fitness' coverage:   6.431167853887315
highest fitness' collisions: 0.16464519522762813
new generation:  291
Fittest                      4.826150796469621
highest fitness' coverage:   6.450030216911902
highest fitness' collisions: 0.1623879420442281
new generation:  292
Fittest                      4.873204749086833
highest fitness' coverage:   6.7030585244167264
highest fitness' collisions: 0.18298537753298932
new generation:  293
Fittest                      4.922682251889334
highest fitness' coverage:   6.703060503336072
highest fitness' collisions: 0.17803782514467384
new generation:  294
Fittest                      4.9505268895186205
highest fitness' coverage:   6.730905140965358
highest fitness' collisions: 0.17803782514467378
new generation:  295
Fittest                      4.950616218600781
highest fitness' coverage:   6.746908100232497
highest fitness' collisions: 0.17962918816317164
new generation:  296
Fittest                      4.963233143420596
highest fitness' coverage:   6.759377114213495
highest fitness' collisions: 0.17961439707928992
new generation:  297
Fittest                      4.966199763996123
highest fitness' coverage:   6.762343734789021
highest fitness' collisions: 0.1796143970792898
new generation:  298
Fittest                      4.966393772616438
highest fitness' coverage:   6.7625377434093386
highest fitness' collisions: 0.17961439707929
new generation:  299
Fittest                      4.984446506177303
highest fitness' coverage:   6.789993301190386
highest fitness' collisions: 0.18055467950130838
new generation:  300
Fittest                      5.024372988818667
highest fitness' coverage:   6.893282826790613
highest fitness' collisions: 0.18689098379719463
new generation:  301
Fittest                      5.025159025699712
highest fitness' coverage:   6.874549237987704
highest fitness' collisions: 0.1849390212287992
new generation:  302
Fittest                      5.087070243183908
highest fitness' coverage:   6.899787954098723
highest fitness' collisions: 0.1812717710914814
new generation:  303
Fittest                      5.102430219840921
highest fitness' coverage:   6.883108358960583
highest fitness' collisions: 0.1780678139119662
new generation:  304
Fittest                      5.124064025631313
highest fitness' coverage:   6.895521526334361
highest fitness' collisions: 0.17714575007030484
new generation:  305
Fittest                      5.166887103464274
highest fitness' coverage:   6.8768945000293655
highest fitness' collisions: 0.17100073965650922
new generation:  306
Fittest                      5.207153652313067
highest fitness' coverage:   6.879975125345506
highest fitness' collisions: 0.167282147303244
new generation:  307
Fittest                      5.234580282693966
highest fitness' coverage:   6.897822368859871
highest fitness' collisions: 0.1663242086165905
new generation:  308
Fittest                      5.233348724941547
highest fitness' coverage:   6.8977389647289495
highest fitness' collisions: 0.16643902397874022
new generation:  309
Fittest                      5.239992945390614
highest fitness' coverage:   6.899998425874863
highest fitness' collisions: 0.1660005480484249
new generation:  310
Fittest                      5.244814249327761
highest fitness' coverage:   6.87813953633459
highest fitness' collisions: 0.16333252870068293
new generation:  311
Fittest                      5.295310586564028
highest fitness' coverage:   6.905133887670582
highest fitness' collisions: 0.16098233011065533
new generation:  312
Fittest                      5.307807110978226
highest fitness' coverage:   6.917630412084779
highest fitness' collisions: 0.16098233011065521
new generation:  313
Fittest                      5.314049995775708
highest fitness' coverage:   6.9238732968822605
highest fitness' collisions: 0.16098233011065524
new generation:  314
Fittest                      5.322155411129643
highest fitness' coverage:   6.9275070868143045
highest fitness' collisions: 0.16053516756846617
new generation:  315
Fittest                      5.359403679506525
highest fitness' coverage:   6.927548712760695
highest fitness' collisions: 0.15681450332541694
new generation:  316
Fittest                      5.377249763282672
highest fitness' coverage:   7.091473729322425
highest fitness' collisions: 0.17142239660397537
new generation:  317
Fittest                      5.3899725090946005
highest fitness' coverage:   7.103941473955472
highest fitness' collisions: 0.17139689648608716
new generation:  318
Fittest                      5.414616910399004
highest fitness' coverage:   7.124122498234269
highest fitness' collisions: 0.17095055878352647
new generation:  319
Fittest                      5.431945891223453
highest fitness' coverage:   7.117919745100856
highest fitness' collisions: 0.1685973853877403
new generation:  320
Fittest                      5.463295510347029
highest fitness' coverage:   7.124470069313754
highest fitness' collisions: 0.16611745589667254
new generation:  321
Fittest                      5.492626072151175
highest fitness' coverage:   7.09184848213321
highest fitness' collisions: 0.15992224099820357
new generation:  322
Fittest                      5.526700051782573
highest fitness' coverage:   7.097770101839977
highest fitness' collisions: 0.15710700500574043
new generation:  323
Fittest                      5.546267466363046
highest fitness' coverage:   7.090549027752172
highest fitness' collisions: 0.1544281561389126
new generation:  324
Fittest                      5.562692165598438
highest fitness' coverage:   7.099906751498043
highest fitness' collisions: 0.15372145858996045
new generation:  325
Fittest                      5.5880368338403255
highest fitness' coverage:   7.099887307346817
highest fitness' collisions: 0.15118504735064917
new generation:  326
Fittest                      5.6120028497349965
highest fitness' coverage:   7.090565831802609
highest fitness' collisions: 0.14785629820676124
new generation:  327
Fittest                      5.62776679646933
highest fitness' coverage:   7.096779852676726
highest fitness' collisions: 0.14690130562073964
new generation:  328
Fittest                      5.64376799242142
highest fitness' coverage:   7.071369154299582
highest fitness' collisions: 0.1427601161878162
new generation:  329
Fittest                      5.6734416860360035
highest fitness' coverage:   7.077210498944942
highest fitness' collisions: 0.14037688129089385
new generation:  330
Fittest                      5.679051677975316
highest fitness' coverage:   7.074137382323335
highest fitness' collisions: 0.13950857043480186
new generation:  331
Fittest                      5.70464584041609
highest fitness' coverage:   7.105778184454329
highest fitness' collisions: 0.14011323440382395
new generation:  332
Fittest                      5.724654337392728
highest fitness' coverage:   7.1164865125343875
highest fitness' collisions: 0.13918321751416599
new generation:  333
Fittest                      5.744340489490094
highest fitness' coverage:   7.482484759971871
highest fitness' collisions: 0.17381442704817762
new generation:  334
Fittest                      5.765132160242418
highest fitness' coverage:   7.488649219568367
highest fitness' collisions: 0.17235170593259486
new generation:  335
Fittest                      5.798012028247227
highest fitness' coverage:   7.567344633777
highest fitness' collisions: 0.17693326055297734
new generation:  336
Fittest                      5.808917288160512
highest fitness' coverage:   7.557990563755371
highest fitness' collisions: 0.1749073275594859
new generation:  337
Fittest                      5.83686939916537
highest fitness' coverage:   7.5738612048982
highest fitness' collisions: 0.17369918057328293
new generation:  338
Fittest                      5.86050471406306
highest fitness' coverage:   7.573825289141945
highest fitness' collisions: 0.1713320575078885
new generation:  339
Fittest                      5.869811398771763
highest fitness' coverage:   7.592617904375621
highest fitness' collisions: 0.17228065056038588
new generation:  340
Fittest                      5.912456389745328
highest fitness' coverage:   8.488318186468181
highest fitness' collisions: 0.25758617967228525
new generation:  341
Fittest                      5.958388021314358
highest fitness' coverage:   8.500764309036091
highest fitness' collisions: 0.2542376287721733
new generation:  342
Fittest                      6.017239902821213
highest fitness' coverage:   8.477193600014196
highest fitness' collisions: 0.24599536971929828
new generation:  343
Fittest                      6.038602614168042
highest fitness' coverage:   8.474106138094697
highest fitness' collisions: 0.2435503523926655
new generation:  344
Fittest                      6.10336080712576
highest fitness' coverage:   8.467787678322232
highest fitness' collisions: 0.23644268711964717
new generation:  345
Fittest                      6.147535187210492
highest fitness' coverage:   8.48033928180528
highest fitness' collisions: 0.2332804094594788
new generation:  346
Fittest                      6.153744615004309
highest fitness' coverage:   8.486548709599097
highest fitness' collisions: 0.23328040945947875
new generation:  347
Fittest                      6.178639669285235
highest fitness' coverage:   8.499931602613927
highest fitness' collisions: 0.23212919333286922
new generation:  348
Fittest                      6.238657274119964
highest fitness' coverage:   8.496934674204878
highest fitness' collisions: 0.22582774000849146
new generation:  349
Fittest                      6.267761017996475
highest fitness' coverage:   8.506195910481962
highest fitness' collisions: 0.22384348924854872
new generation:  350
Fittest                      6.317346680472261
highest fitness' coverage:   8.65594954061648
highest fitness' collisions: 0.23386028601442177
new generation:  351
Fittest                      6.334823704102416
highest fitness' coverage:   8.662000029289471
highest fitness' collisions: 0.23271763251870556
new generation:  352
Fittest                      6.402854547608583
highest fitness' coverage:   8.651714788672635
highest fitness' collisions: 0.2248860241064052
new generation:  353
Fittest                      6.418587317689556
highest fitness' coverage:   8.6548375790506
highest fitness' collisions: 0.2236250261361044
new generation:  354
Fittest                      6.463728665635916
highest fitness' coverage:   8.68851897175965
highest fitness' collisions: 0.22247903061237348
new generation:  355
Fittest                      6.466050440836666
highest fitness' coverage:   8.672973667266033
highest fitness' collisions: 0.22069232264293673
new generation:  356
Fittest                      6.494594135727717
highest fitness' coverage:   8.6698945855554
highest fitness' collisions: 0.21753004498276837
new generation:  357
Fittest                      6.5413052147953366
highest fitness' coverage:   8.67613899455317
highest fitness' collisions: 0.21348337797578343
new generation:  358
Fittest                      6.579147168262811
highest fitness' coverage:   8.694788912271274
highest fitness' collisions: 0.21156417440084635
new generation:  359
Fittest                      6.654061883756244
highest fitness' coverage:   8.673015670384958
highest fitness' collisions: 0.20189537866287136
new generation:  360
Fittest                      6.67558207381483
highest fitness' coverage:   8.688556810577523
highest fitness' collisions: 0.20129747367626932
new generation:  361
Fittest                      6.679400039336538
highest fitness' coverage:   8.669880572702978
highest fitness' collisions: 0.199048053336644
new generation:  362
Fittest                      6.711899191159238
highest fitness' coverage:   8.676087796596532
highest fitness' collisions: 0.19641886054372942
new generation:  363
Fittest                      6.72245797536331
highest fitness' coverage:   8.679233478387594
highest fitness' collisions: 0.1956775503024285
new generation:  364
Fittest                      6.738991241042542
highest fitness' coverage:   8.685483749813613
highest fitness' collisions: 0.19464925087710713
new generation:  365
Fittest                      6.7650771211219975
highest fitness' coverage:   8.673036480217968
highest fitness' collisions: 0.19079593590959706
new generation:  366
Fittest                      6.778372008864933
highest fitness' coverage:   8.68235029625537
highest fitness' collisions: 0.19039782873904373
new generation:  367
Fittest                      6.804512823365826
highest fitness' coverage:   9.07642561326694
highest fitness' collisions: 0.22719127899011132
new generation:  368
Fittest                      6.823587899919486
highest fitness' coverage:   9.069974091849591
highest fitness' collisions: 0.22463861919301045
new generation:  369
Fittest                      6.879315746189983
highest fitness' coverage:   9.060779980668512
highest fitness' collisions: 0.2181464234478529
new generation:  370
Fittest                      6.927189761715509
highest fitness' coverage:   9.07018326225968
highest fitness' collisions: 0.21429935005441716
new generation:  371
Fittest                      6.963627055105929
highest fitness' coverage:   9.054544596003762
highest fitness' collisions: 0.20909175408978328
new generation:  372
Fittest                      7.140443259336324
highest fitness' coverage:   9.805511863336525
highest fitness' collisions: 0.26650686040002003
new generation:  373
Fittest                      7.160899026478992
highest fitness' coverage:   9.808589622191699
highest fitness' collisions: 0.2647690595712706
new generation:  374
Fittest                      7.164048162999739
highest fitness' coverage:   9.811738758712444
highest fitness' collisions: 0.2647690595712705
new generation:  375
Fittest                      7.22190940544815
highest fitness' coverage:   9.81798006575777
highest fitness' collisions: 0.25960706603096195
new generation:  376
Fittest                      7.241645251057744
highest fitness' coverage:   9.808663530548449
highest fitness' collisions: 0.2567018279490705
new generation:  377
Fittest                      7.259423408594251
highest fitness' coverage:   9.83340388077545
highest fitness' collisions: 0.2573980472181199
new generation:  378
Fittest                      7.314378471012116
highest fitness' coverage:   9.833454827902234
highest fitness' collisions: 0.2519076356890117
new generation:  379
Fittest                      7.3209469681201735
highest fitness' coverage:   9.80863799903457
highest fitness' collisions: 0.24876910309143957
new generation:  380
Fittest                      7.372446827707051
highest fitness' coverage:   9.802475776487942
highest fitness' collisions: 0.2430028948780891
new generation:  381
Fittest                      7.419075324623456
highest fitness' coverage:   9.811728629322397
highest fitness' collisions: 0.23926533046989415
new generation:  382
Fittest                      7.436092202791823
highest fitness' coverage:   9.770885053492462
highest fitness' collisions: 0.2334792850700639
new generation:  383
Fittest                      7.480600275665521
highest fitness' coverage:   9.764597477038853
highest fitness' collisions: 0.22839972013733315
new generation:  384
Fittest                      7.499133947279475
highest fitness' coverage:   9.783131148652807
highest fitness' collisions: 0.22839972013733315
new generation:  385
Fittest                      7.52801181456469
highest fitness' coverage:   9.783134595914692
highest fitness' collisions: 0.22551227813500027
new generation:  386
Fittest                      7.551184126867408
highest fitness' coverage:   9.757807343646842
highest fitness' collisions: 0.22066232167794345
new generation:  387
Fittest                      7.619563494550398
highest fitness' coverage:   9.95510078431833
highest fitness' collisions: 0.23355372897679313
new generation:  388
Fittest                      7.644438374933117
highest fitness' coverage:   9.979975664701051
highest fitness' collisions: 0.23355372897679347
new generation:  389
Fittest                      7.644190172653416
highest fitness' coverage:   9.979898172436878
highest fitness' collisions: 0.23357079997834615
new generation:  390
Fittest                      7.67083836556397
highest fitness' coverage:   10.033357053159154
highest fitness' collisions: 0.23625186875951837
new generation:  391
Fittest                      7.7010637961237265
highest fitness' coverage:   10.032365364345521
highest fitness' collisions: 0.2331301568221795
new generation:  392
Fittest                      7.704176288755054
highest fitness' coverage:   10.035477856976849
highest fitness' collisions: 0.23313015682217947
new generation:  393
Fittest                      7.792872974214807
highest fitness' coverage:   10.051320076029683
highest fitness' collisions: 0.2258447101814876
new generation:  394
Fittest                      7.824256864241551
highest fitness' coverage:   10.12921225185261
highest fitness' collisions: 0.23049553876110596
new generation:  395
Fittest                      7.831927465060555
highest fitness' coverage:   10.135502468407012
highest fitness' collisions: 0.23035750033464567
new generation:  396
Fittest                      7.844182609078544
highest fitness' coverage:   10.13879718074525
highest fitness' collisions: 0.22946145716667063
new generation:  397
Fittest                      7.851229009799054
highest fitness' coverage:   10.120011443426874
highest fitness' collisions: 0.22687824336278198
new generation:  398
Fittest                      7.909646169917767
highest fitness' coverage:   10.220618569916851
highest fitness' collisions: 0.23109723999990844
new generation:  399
Fittest                      7.922031491223437
highest fitness' coverage:   10.23300389122252
highest fitness' collisions: 0.23109723999990833
new generation:  400
Fittest                      7.91845300186126
highest fitness' coverage:   10.223730937121083
highest fitness' collisions: 0.2305277935259823
new generation:  401
Fittest                      7.932662191322775
highest fitness' coverage:   10.208145768807302
highest fitness' collisions: 0.22754835774845275
new generation:  402
Fittest                      8.00101061139132
highest fitness' coverage:   10.255536571146328
highest fitness' collisions: 0.22545259597550077
new generation:  403
Fittest                      8.021188346230776
highest fitness' coverage:   10.260067064532631
highest fitness' collisions: 0.2238878718301856
new generation:  404
Fittest                      8.030967132815062
highest fitness' coverage:   10.272537385920847
highest fitness' collisions: 0.2241570253105785
new generation:  405
Fittest                      8.1324002180766
highest fitness' coverage:   10.949049563606156
highest fitness' collisions: 0.2816649345529556
new generation:  406
Fittest                      8.168215494926958
highest fitness' coverage:   10.9706938124818
highest fitness' collisions: 0.28024783175548423
new generation:  407
Fittest                      8.195412499320984
highest fitness' coverage:   10.967651867442166
highest fitness' collisions: 0.2772239368121183
new generation:  408
Fittest                      8.224008615265422
highest fitness' coverage:   10.964625206784923
highest fitness' collisions: 0.27406165915195013
new generation:  409
Fittest                      8.227010199127886
highest fitness' coverage:   10.967626790647385
highest fitness' collisions: 0.27406165915194997
new generation:  410
Fittest                      8.226959252001077
highest fitness' coverage:   10.967575843520573
highest fitness' collisions: 0.2740616591519497
new generation:  411
Fittest                      8.242927528833384
highest fitness' coverage:   10.901004319780016
highest fitness' collisions: 0.26580767909466313
new generation:  412
Fittest                      8.382737486360273
highest fitness' coverage:   11.2378316516468
highest fitness' collisions: 0.28550941652865275
new generation:  413
Fittest                      8.415185142415785
highest fitness' coverage:   11.24091807154948
highest fitness' collisions: 0.28257329291336947
new generation:  414
Fittest                      8.445778983569506
highest fitness' coverage:   11.240879232713331
highest fitness' collisions: 0.27951002491438254
new generation:  415
Fittest                      8.45821052948595
highest fitness' coverage:   11.253310778629775
highest fitness' collisions: 0.2795100249143826
new generation:  416
Fittest                      8.556029896194513
highest fitness' coverage:   13.084933645439474
highest fitness' collisions: 0.45289037492449613
new generation:  417
Fittest                      8.600039149935906
highest fitness' coverage:   13.066369588302143
highest fitness' collisions: 0.4466330438366237
new generation:  418
Fittest                      8.668652028768733
highest fitness' coverage:   13.089296499319035
highest fitness' collisions: 0.4420644470550303
new generation:  419
Fittest                      8.718528591566104
highest fitness' coverage:   13.04378507504745
highest fitness' collisions: 0.4325256483481347
new generation:  420
Fittest                      8.749870475777803
highest fitness' coverage:   13.075126959259148
highest fitness' collisions: 0.4325256483481345
new generation:  421
Fittest                      8.736271835249049
highest fitness' coverage:   13.059419877003737
highest fitness' collisions: 0.4323148041754688
new generation:  422
Fittest                      8.787273865189192
highest fitness' coverage:   13.047176353740516
highest fitness' collisions: 0.4259902488551325
new generation:  423
Fittest                      8.853323032300015
highest fitness' coverage:   13.044139118619585
highest fitness' collisions: 0.4190816086319571
new generation:  424
Fittest                      8.912510715915207
highest fitness' coverage:   13.041092998770067
highest fitness' collisions: 0.4128582282854859
new generation:  425
Fittest                      8.932922481389763
highest fitness' coverage:   13.009488571091028
highest fitness' collisions: 0.40765660897012646
new generation:  426
Fittest                      8.964420246608231
highest fitness' coverage:   13.00931049342316
highest fitness' collisions: 0.40448902468149284
new generation:  427
Fittest                      9.020052881204128
highest fitness' coverage:   13.003369639629554
highest fitness' collisions: 0.39833167584254264
new generation:  428
Fittest                      9.065079182514326
highest fitness' coverage:   13.00969267919474
highest fitness' collisions: 0.3944613496680414
new generation:  429
Fittest                      9.3682859580748
highest fitness' coverage:   14.188977343387993
highest fitness' collisions: 0.4820691385313193
new generation:  430
Fittest                      9.398788547952513
highest fitness' coverage:   14.194728923634553
highest fitness' collisions: 0.4795940375682041
new generation:  431
Fittest                      9.408084383096654
highest fitness' coverage:   14.204024758778688
highest fitness' collisions: 0.47959403756820357
new generation:  432
Fittest                      9.411240663586902
highest fitness' coverage:   14.207181039268942
highest fitness' collisions: 0.4795940375682041
new generation:  433
Fittest                      9.574798816661351
highest fitness' coverage:   15.105469330696465
highest fitness' collisions: 0.5530670514035114
new generation:  434
Fittest                      9.61584289072253
highest fitness' coverage:   15.127269032459282
highest fitness' collisions: 0.5511426141736752
new generation:  435
Fittest                      9.69727953733684
highest fitness' coverage:   15.04730436626052
highest fitness' collisions: 0.5350024828923678
new generation:  436
Fittest                      9.85447020104055
highest fitness' coverage:   15.041328976635942
highest fitness' collisions: 0.5186858775595391
new generation:  437
Fittest                      9.899852168999583
highest fitness' coverage:   14.963111831338505
highest fitness' collisions: 0.5063259662338921
new generation:  438
Fittest                      10.093426406446046
highest fitness' coverage:   15.245267474111737
highest fitness' collisions: 0.515184106766569
new generation:  439
Fittest                      10.13534568208831
highest fitness' coverage:   15.285362284734605
highest fitness' collisions: 0.5150016602646295
new generation:  440
Fittest                      10.165382160154403
highest fitness' coverage:   15.257786602405806
highest fitness' collisions: 0.5092404442251404
new generation:  441
Fittest                      10.195486047334628
highest fitness' coverage:   15.184085463727795
highest fitness' collisions: 0.4988599416393168
new generation:  442
Fittest                      10.271219018467038
highest fitness' coverage:   15.196229817221703
highest fitness' collisions: 0.49250107987546643
new generation:  443
Fittest                      10.370658293362544
highest fitness' coverage:   15.023654810045832
highest fitness' collisions: 0.46529965166832876
new generation:  444
Fittest                      10.398888045972072
highest fitness' coverage:   15.01990983974045
highest fitness' collisions: 0.4621021793768379
new generation:  445
Fittest                      10.49590701757386
highest fitness' coverage:   15.006260286143743
highest fitness' collisions: 0.4510353268569882
new generation:  446
Fittest                      10.716283586826929
highest fitness' coverage:   15.543225340654502
highest fitness' collisions: 0.48269417538275733
new generation:  447
Fittest                      10.790186621223972
highest fitness' coverage:   15.474477987481613
highest fitness' collisions: 0.4684291366257641
new generation:  448
Fittest                      10.874749951280126
highest fitness' coverage:   15.66203171491592
highest fitness' collisions: 0.4787281763635794
new generation:  449
Fittest                      11.181277058168376
highest fitness' coverage:   18.205185653830167
highest fitness' collisions: 0.7023908595661791
new generation:  450
Fittest                      11.359081438118203
highest fitness' coverage:   18.20583960810197
highest fitness' collisions: 0.684675816998377
new generation:  451
Fittest                      11.448140871559984
highest fitness' coverage:   18.20507406876001
highest fitness' collisions: 0.6756933197200026
new generation:  452
Fittest                      11.605552173735589
highest fitness' coverage:   18.27695975747891
highest fitness' collisions: 0.6671407583743322
new generation:  453
Fittest                      11.74440995505443
highest fitness' coverage:   18.462014951567756
highest fitness' collisions: 0.6717604996513326
new generation:  454
Fittest                      11.760084969201383
highest fitness' coverage:   18.42256300074301
highest fitness' collisions: 0.6662478031541628
new generation:  455
Fittest                      11.868425709550404
highest fitness' coverage:   18.39364587318877
highest fitness' collisions: 0.6525220163638367
new generation:  456
Fittest                      12.006035803181145
highest fitness' coverage:   18.399750295218553
highest fitness' collisions: 0.6393714492037408
new generation:  457
Fittest                      12.184620117628233
highest fitness' coverage:   18.42757354120868
highest fitness' collisions: 0.6242953423580447
new generation:  458
Fittest                      12.229648902292837
highest fitness' coverage:   20.3123020220417
highest fitness' collisions: 0.8082653119748863
new generation:  459
Fittest                      12.33949923809978
highest fitness' coverage:   20.320723090174937
highest fitness' collisions: 0.7981223852075158
new generation:  460
Fittest                      12.392964867822034
highest fitness' coverage:   20.328096100544393
highest fitness' collisions: 0.7935131232722358
new generation:  461
Fittest                      12.826212031908334
highest fitness' coverage:   21.571583133564175
highest fitness' collisions: 0.8745371101655841
new generation:  462
Fittest                      12.906894536664272
highest fitness' coverage:   21.511120100411905
highest fitness' collisions: 0.8604225563747633
new generation:  463
Fittest                      13.01839791610503
highest fitness' coverage:   22.48411488641858
highest fitness' collisions: 0.946571697031355
new generation:  464
Fittest                      13.055732595178737
highest fitness' coverage:   22.521449565492304
highest fitness' collisions: 0.9465716970313567
new generation:  465
Fittest                      13.055488811115266
highest fitness' coverage:   22.52457386246837
highest fitness' collisions: 0.9469085051353103
new generation:  466
Fittest                      13.216288116340742
highest fitness' coverage:   22.528478117979834
highest fitness' collisions: 0.9312190001639091
new generation:  467
Fittest                      13.518499017835357
highest fitness' coverage:   24.71744409859802
highest fitness' collisions: 1.1198945080762663
new generation:  468
Fittest                      13.579059466247289
highest fitness' coverage:   24.695962973026656
highest fitness' collisions: 1.1116903506779368
new generation:  469
Fittest                      13.88472941503776
highest fitness' coverage:   26.47462114884957
highest fitness' collisions: 1.258989173381181
new generation:  470
Fittest                      13.99880840033848
highest fitness' coverage:   26.46195972755262
highest fitness' collisions: 1.2463151327214141
new generation:  471
Fittest                      14.206020970200795
highest fitness' coverage:   26.830773803076813
highest fitness' collisions: 1.2624752832876018
new generation:  472
Fittest                      14.293383130377327
highest fitness' coverage:   26.83373770941048
highest fitness' collisions: 1.2540354579033155
new generation:  473
Fittest                      14.417392154027011
highest fitness' coverage:   26.831280621739023
highest fitness' collisions: 1.241388846771201
new generation:  474
Fittest                      14.626090077600228
highest fitness' coverage:   26.842930678126102
highest fitness' collisions: 1.2216840600525873
new generation:  475
Fittest                      14.827637082136045
highest fitness' coverage:   28.152616321898652
highest fitness' collisions: 1.3324979239762607
new generation:  476
Fittest                      14.871013213130446
highest fitness' coverage:   28.164369676291333
highest fitness' collisions: 1.3293356463160886
new generation:  477
Fittest                      15.093324090181945
highest fitness' coverage:   28.059165740697917
highest fitness' collisions: 1.2965841650515972
new generation:  478
Fittest                      15.374143286800713
highest fitness' coverage:   28.5017051657239
highest fitness' collisions: 1.3127561878923188
new generation:  479
Fittest                      15.572295054029818
highest fitness' coverage:   28.268952877932897
highest fitness' collisions: 1.269665782390308
new generation:  480
Fittest                      15.71840364758836
highest fitness' coverage:   28.189263292532566
highest fitness' collisions: 1.2470859644944206
new generation:  481
Fittest                      15.79611030811628
highest fitness' coverage:   27.963753117878777
highest fitness' collisions: 1.2167642809762498
new generation:  482
Fittest                      16.490318008825525
highest fitness' coverage:   30.710235721798103
highest fitness' collisions: 1.4219917712972576
new generation:  483
Fittest                      16.74178516099078
highest fitness' coverage:   30.68536886323932
highest fitness' collisions: 1.394358370224854
new generation:  484
Fittest                      16.987998335323322
highest fitness' coverage:   30.72086373192618
highest fitness' collisions: 1.3732865396602858
new generation:  485
Fittest                      17.18911800259042
highest fitness' coverage:   30.730534171313256
highest fitness' collisions: 1.3541416168722835
new generation:  486
Fittest                      17.6119022312445
highest fitness' coverage:   30.745905665332504
highest fitness' collisions: 1.3134003434088004
new generation:  487
Fittest                      17.79786400857646
highest fitness' coverage:   30.72887776314465
highest fitness' collisions: 1.2931013754568186
new generation:  488
Fittest                      17.927315358529473
highest fitness' coverage:   30.712691027319156
highest fitness' collisions: 1.2785375668789682
new generation:  489
Fittest                      17.984792974098667
highest fitness' coverage:   30.686155694423533
highest fitness' collisions: 1.2701362720324867
new generation:  490
Fittest                      18.147841211998525
highest fitness' coverage:   31.409046744217136
highest fitness' collisions: 1.3261205532218612
new generation:  491
Fittest                      18.31068041427293
highest fitness' coverage:   31.449799713248954
highest fitness' collisions: 1.3139119298976023
new generation:  492
Fittest                      18.62301376083748
highest fitness' coverage:   33.124347000154856
highest fitness' collisions: 1.4501333239317378
new generation:  493
Fittest                      18.706090953317457
highest fitness' coverage:   33.114969679218646
highest fitness' collisions: 1.440887872590119
new generation:  494
Fittest                      18.923321791930164
highest fitness' coverage:   33.15878847460717
highest fitness' collisions: 1.423546668267701
new generation:  495
Fittest                      20.04571550149798
highest fitness' coverage:   35.16242633461352
highest fitness' collisions: 1.5116710833115539
new generation:  496
Fittest                      20.243219424178548
highest fitness' coverage:   35.14428373019567
highest fitness' collisions: 1.490106430601712
new generation:  497
Fittest                      20.57417884760883
highest fitness' coverage:   35.095275501805006
highest fitness' collisions: 1.4521096654196175
new generation:  498
Fittest                      20.768366535386697
highest fitness' coverage:   36.44474444238941
highest fitness' collisions: 1.5676377907002708
new generation:  499
Fittest                      20.87796088691129
highest fitness' coverage:   36.31490884852317
highest fitness' collisions: 1.5436947961611878
new generation:  500
Fittest                      21.275359125904718
highest fitness' coverage:   36.09329830353501
highest fitness' collisions: 1.481793917763029
new generation:  501
Fittest                      21.94717316321695
highest fitness' coverage:   36.761414961430845
highest fitness' collisions: 1.4814241798213896
new generation:  502
Fittest                      22.153994021209698
highest fitness' coverage:   36.71439357622099
highest fitness' collisions: 1.4560399555011294
new generation:  503
Fittest                      22.32465527979325
highest fitness' coverage:   37.25062933315952
highest fitness' collisions: 1.492597405336627
new generation:  504
Fittest                      22.40208167956297
highest fitness' coverage:   37.248340603541585
highest fitness' collisions: 1.4846258923978617
new generation:  505
Fittest                      22.545124211754974
highest fitness' coverage:   37.24612571091635
highest fitness' collisions: 1.4701001499161377
new generation:  506
Fittest                      22.749272261122044
highest fitness' coverage:   37.15318216064929
highest fitness' collisions: 1.4403909899527243
new generation:  507
Fittest                      22.877187102118533
highest fitness' coverage:   37.17840526284508
highest fitness' collisions: 1.4301218160726548
new generation:  508
Fittest                      22.938065921461146
highest fitness' coverage:   37.19743971357642
highest fitness' collisions: 1.4259373792115275
new generation:  509
Fittest                      23.053929274486965
highest fitness' coverage:   37.22250612269697
highest fitness' collisions: 1.4168576848210006
new generation:  510
Fittest                      23.22157652881312
highest fitness' coverage:   37.09241124101915
highest fitness' collisions: 1.387083471220603
new generation:  511
Fittest                      23.49815775523244
highest fitness' coverage:   37.43506411111973
highest fitness' collisions: 1.3936906355887286
new generation:  512
Fittest                      23.63478853124323
highest fitness' coverage:   37.51406406099303
highest fitness' collisions: 1.38792755297498
new generation:  513
Fittest                      23.687806996744317
highest fitness' coverage:   37.511081332891486
highest fitness' collisions: 1.3823274336147169
new generation:  514
Fittest                      23.78694343761825
highest fitness' coverage:   37.4933321694219
highest fitness' collisions: 1.3706388731803647
new generation:  515
Fittest                      23.94168752442298
highest fitness' coverage:   37.484613235330286
highest fitness' collisions: 1.3542925710907305
new generation:  516
Fittest                      24.078077603876697
highest fitness' coverage:   37.484267820174836
highest fitness' collisions: 1.340619021629814
new generation:  517
Fittest                      24.075581422874535
highest fitness' coverage:   37.447105629131286
highest fitness' collisions: 1.3371524206256753
new generation:  518
Fittest                      24.16070587179999
highest fitness' coverage:   37.42276348229864
highest fitness' collisions: 1.326205761049865
new generation:  519
Fittest                      24.268974570287327
highest fitness' coverage:   37.488193372468814
highest fitness' collisions: 1.3219218802181485
new generation:  520
Fittest                      24.381981430582318
highest fitness' coverage:   37.46039731652029
highest fitness' collisions: 1.3078415885937975
new generation:  521
Fittest                      24.517166984730057
highest fitness' coverage:   37.51057844518753
highest fitness' collisions: 1.299341146045747
new generation:  522
Fittest                      24.598805571540804
highest fitness' coverage:   38.02942291160325
highest fitness' collisions: 1.3430617340062443
new generation:  523
Fittest                      24.84305054999359
highest fitness' coverage:   37.84717087305945
highest fitness' collisions: 1.300412032306586
new generation:  524
Fittest                      24.929627946692747
highest fitness' coverage:   37.8195171090003
highest fitness' collisions: 1.2889889162307553
new generation:  525
Fittest                      25.277792727294383
highest fitness' coverage:   37.7538264081157
highest fitness' collisions: 1.2476033680821317
new generation:  526
Fittest                      25.474424360461065
highest fitness' coverage:   37.7919404611833
highest fitness' collisions: 1.2317516100722237
new generation:  527
Fittest                      25.538298017171627
highest fitness' coverage:   37.80453382476112
highest fitness' collisions: 1.2266235807589496
new generation:  528
Fittest                      25.72339153387891
highest fitness' coverage:   39.577991779145584
highest fitness' collisions: 1.3854600245266675
new generation:  529
Fittest                      25.788688018366486
highest fitness' coverage:   39.65330109262145
highest fitness' collisions: 1.3864613074254961
new generation:  530
Fittest                      25.845154334262336
highest fitness' coverage:   39.681429296499644
highest fitness' collisions: 1.3836274962237307
new generation:  531
Fittest                      25.865282816296336
highest fitness' coverage:   39.57882095332353
highest fitness' collisions: 1.3713538137027192
new generation:  532
Fittest                      25.9620470521974
highest fitness' coverage:   39.587184304295604
highest fitness' collisions: 1.3625137252098207
new generation:  533
Fittest                      26.112594647002602
highest fitness' coverage:   39.55113970863203
highest fitness' collisions: 1.3438545061629426
new generation:  534
Fittest                      26.305540088936
highest fitness' coverage:   39.60127927625504
highest fitness' collisions: 1.3295739187319042
new generation:  535
Fittest                      26.31125056782531
highest fitness' coverage:   39.606989755144355
highest fitness' collisions: 1.3295739187319042
new generation:  536
Fittest                      26.401771002078277
highest fitness' coverage:   39.594870047782074
highest fitness' collisions: 1.3193099045703798
new generation:  537
Fittest                      26.61602151093669
highest fitness' coverage:   39.62231501077981
highest fitness' collisions: 1.3006293499843116
new generation:  538
Fittest                      26.92747733484907
highest fitness' coverage:   40.97406713322882
highest fitness' collisions: 1.4046589798379752
new generation:  539
Fittest                      27.051888490600838
highest fitness' coverage:   40.94610353477981
highest fitness' collisions: 1.389421504417897
new generation:  540
Fittest                      27.637130519399605
highest fitness' coverage:   41.65572402686864
highest fitness' collisions: 1.4018593507469035
new generation:  541
Fittest                      27.87580384896421
highest fitness' coverage:   41.581267124243475
highest fitness' collisions: 1.3705463275279266
new generation:  542
Fittest                      28.16943461650985
highest fitness' coverage:   41.599631961359336
highest fitness' collisions: 1.3430197344849486
new generation:  543
Fittest                      28.3250775977274
highest fitness' coverage:   41.596692814139814
highest fitness' collisions: 1.3271615216412416
new generation:  544
Fittest                      28.549169745560615
highest fitness' coverage:   41.59045468454851
highest fitness' collisions: 1.3041284938987896
new generation:  545
Fittest                      28.771065735715396
highest fitness' coverage:   41.537170001009706
highest fitness' collisions: 1.276610426529431
new generation:  546
Fittest                      29.000462071515628
highest fitness' coverage:   41.45028226092199
highest fitness' collisions: 1.2449820189406358
new generation:  547
Fittest                      29.1354559874784
highest fitness' coverage:   41.4950455248046
highest fitness' collisions: 1.2359589537326199
new generation:  548
Fittest                      29.2007949654478
highest fitness' coverage:   41.476361141450035
highest fitness' collisions: 1.2275566176002235
new generation:  549
Fittest                      29.24951506117171
highest fitness' coverage:   41.39018586433201
highest fitness' collisions: 1.21406708031603
new generation:  550
Fittest                      29.382832188035568
highest fitness' coverage:   41.33073073772206
highest fitness' collisions: 1.1947898549686489
new generation:  551
Fittest                      29.599318679044412
highest fitness' coverage:   41.339798459231154
highest fitness' collisions: 1.1740479780186743
new generation:  552
Fittest                      29.69231669162029
highest fitness' coverage:   41.375330391186665
highest fitness' collisions: 1.1683013699566374
new generation:  553
Fittest                      29.718887023033044
highest fitness' coverage:   41.33785769951309
highest fitness' collisions: 1.1618970676480043
new generation:  554
Fittest                      29.822456733323193
highest fitness' coverage:   41.40651015429497
highest fitness' collisions: 1.1584053420971778
new generation:  555
Fittest                      29.896497117438557
highest fitness' coverage:   41.37636443243243
highest fitness' collisions: 1.1479867314993877
new generation:  556
Fittest                      29.97406190371162
highest fitness' coverage:   41.293673670139526
highest fitness' collisions: 1.1319611766427908
new generation:  557
Fittest                      30.05488994399694
highest fitness' coverage:   41.302765280978406
highest fitness' collisions: 1.1247875336981468
new generation:  558
Fittest                      30.08006950501447
highest fitness' coverage:   41.32794484199594
highest fitness' collisions: 1.1247875336981468
new generation:  559
Fittest                      30.276901241765394
highest fitness' coverage:   41.35283824057979
highest fitness' collisions: 1.10759369988144
new generation:  560
Fittest                      30.31094885353218
highest fitness' coverage:   41.35223737915827
highest fitness' collisions: 1.1041288525626085
new generation:  561
Fittest                      30.46220139006752
highest fitness' coverage:   41.82686634608026
highest fitness' collisions: 1.1364664956012738
new generation:  562
Fittest                      30.4804421195671
highest fitness' coverage:   41.78030257826683
highest fitness' collisions: 1.1299860458699724
new generation:  563
Fittest                      30.556296479165873
highest fitness' coverage:   41.550922658203696
highest fitness' collisions: 1.0994626179037823
new generation:  564
Fittest                      30.655303576648375
highest fitness' coverage:   41.57514927755813
highest fitness' collisions: 1.0919845700909758
new generation:  565
Fittest                      30.751067305619273
highest fitness' coverage:   41.624590721945445
highest fitness' collisions: 1.0873523416326172
new generation:  566
Fittest                      30.902356401976263
highest fitness' coverage:   41.550737749221966
highest fitness' collisions: 1.0648381347245703
new generation:  567
Fittest                      30.92639666509912
highest fitness' coverage:   41.569766140008554
highest fitness' collisions: 1.0643369474909432
new generation:  568
Fittest                      30.96239439263737
highest fitness' coverage:   41.59476122656642
highest fitness' collisions: 1.0632366833929046
new generation:  569
Fittest                      30.968083049863345
highest fitness' coverage:   41.51420474076596
highest fitness' collisions: 1.0546121690902617
new generation:  570
Fittest                      31.008926011449063
highest fitness' coverage:   41.55504770235166
highest fitness' collisions: 1.0546121690902595
new generation:  571
Fittest                      31.10101592474812
highest fitness' coverage:   41.65108485055449
highest fitness' collisions: 1.055006892580637
new generation:  572
Fittest                      31.215820375160174
highest fitness' coverage:   41.644842787387944
highest fitness' collisions: 1.042902241222777
new generation:  573
Fittest                      31.293447713424115
highest fitness' coverage:   41.67323134236158
highest fitness' collisions: 1.037978362893747
new generation:  574
Fittest                      31.397545171727884
highest fitness' coverage:   41.676407756943384
highest fitness' collisions: 1.0278862585215498
new generation:  575
Fittest                      31.511564879391454
highest fitness' coverage:   41.69439078597524
highest fitness' collisions: 1.0182825906583783
new generation:  576
Fittest                      31.573490945407826
highest fitness' coverage:   41.75482850347605
highest fitness' collisions: 1.0181337558068222
new generation:  577
Fittest                      31.71993123778625
highest fitness' coverage:   41.792241021806845
highest fitness' collisions: 1.0072309784020594
new generation:  578
Fittest                      32.033725970661614
highest fitness' coverage:   41.734900456576355
highest fitness' collisions: 0.9701174485914742
new generation:  579
Fittest                      32.08842211981046
highest fitness' coverage:   41.79305392523019
highest fitness' collisions: 0.9704631805419729
new generation:  580
Fittest                      32.167960099483274
highest fitness' coverage:   41.76154770411671
highest fitness' collisions: 0.9593587604633435
new generation:  581
Fittest                      32.24452995782943
highest fitness' coverage:   41.70149565142702
highest fitness' collisions: 0.9456965693597589
new generation:  582
Fittest                      32.33298329365084
highest fitness' coverage:   41.725500403747645
highest fitness' collisions: 0.9392517110096802
new generation:  583
Fittest                      32.40768930660245
highest fitness' coverage:   41.683854049968105
highest fitness' collisions: 0.9276164743365654
new generation:  584
Fittest                      32.53388808565779
highest fitness' coverage:   41.68469280176914
highest fitness' collisions: 0.9150804716111345
new generation:  585
Fittest                      32.58025368267465
highest fitness' coverage:   41.73105839878601
highest fitness' collisions: 0.9150804716111357
new generation:  586
Fittest                      32.60240555845267
highest fitness' coverage:   41.72798844723429
highest fitness' collisions: 0.9125582888781619
new generation:  587
Fittest                      32.63285489304987
highest fitness' coverage:   41.72913508738714
highest fitness' collisions: 0.9096280194337272
new generation:  588
Fittest                      32.657049840454135
highest fitness' coverage:   41.753330034791404
highest fitness' collisions: 0.909628019433727
new generation:  589
Fittest                      32.75753577808129
highest fitness' coverage:   41.71069314061277
highest fitness' collisions: 0.895315736253148
new generation:  590
Fittest                      32.87377714139925
highest fitness' coverage:   41.74501665201697
highest fitness' collisions: 0.8871239510617718
new generation:  591
Fittest                      32.9193160668286
highest fitness' coverage:   41.72991026520912
highest fitness' collisions: 0.8810594198380519
new generation:  592
Fittest                      32.94294375736206
highest fitness' coverage:   41.77039743502146
highest fitness' collisions: 0.8827453677659395
new generation:  593
Fittest                      32.94196271938359
highest fitness' coverage:   41.72681756981923
highest fitness' collisions: 0.878485485043564
new generation:  594
Fittest                      32.985138363737285
highest fitness' coverage:   41.76999321417292
highest fitness' collisions: 0.8784854850435635
new generation:  595
Fittest                      33.00830649400772
highest fitness' coverage:   41.61896912220618
highest fitness' collisions: 0.8610662628198461
new generation:  596
Fittest                      33.105981212189775
highest fitness' coverage:   41.614929729533635
highest fitness' collisions: 0.8508948517343858
new generation:  597
Fittest                      33.19813048175002
highest fitness' coverage:   41.54266370316415
highest fitness' collisions: 0.834453322141413
new generation:  598
Fittest                      33.308476064172226
highest fitness' coverage:   41.5960483893715
highest fitness' collisions: 0.8287572325199274
new generation:  599
Fittest                      33.355673691784474
highest fitness' coverage:   41.58633390656678
highest fitness' collisions: 0.8230660214782304
new generation:  600
Fittest                      33.37722996214434
highest fitness' coverage:   41.60789017692665
highest fitness' collisions: 0.8230660214782309
new generation:  601
Fittest                      33.42695341504208
highest fitness' coverage:   41.555961286243075
highest fitness' collisions: 0.8129007871200999
new generation:  602
Fittest                      33.47222299715462
highest fitness' coverage:   41.598278255053955
highest fitness' collisions: 0.8126055257899337
new generation:  603
Fittest                      33.559683038730036
highest fitness' coverage:   41.619766206455886
highest fitness' collisions: 0.8060083167725852
new generation:  604
Fittest                      33.59699355925147
highest fitness' coverage:   41.600498100973994
highest fitness' collisions: 0.8003504541722524
new generation:  605
Fittest                      33.64475043358857
highest fitness' coverage:   41.6482549753111
highest fitness' collisions: 0.8003504541722526
new generation:  606
Fittest                      33.63654298809784
highest fitness' coverage:   41.59017244638391
highest fitness' collisions: 0.7953629458286072
new generation:  607
Fittest                      33.705249511119185
highest fitness' coverage:   41.61767242835543
highest fitness' collisions: 0.7912422917236244
new generation:  608
Fittest                      33.81032319349268
highest fitness' coverage:   41.69168179243511
highest fitness' collisions: 0.7881358598942435
new generation:  609
Fittest                      33.86403176039566
highest fitness' coverage:   41.71833295991743
highest fitness' collisions: 0.7854301199521769
new generation:  610
Fittest                      33.954832834253864
highest fitness' coverage:   41.690207668678276
highest fitness' collisions: 0.7735374834424409
new generation:  611
Fittest                      34.02433540390569
highest fitness' coverage:   41.70012278479019
highest fitness' collisions: 0.7675787380884501
new generation:  612
Fittest                      34.06894565990989
highest fitness' coverage:   41.70659402161833
highest fitness' collisions: 0.7637648361708437
new generation:  613
Fittest                      34.112058295654464
highest fitness' coverage:   41.664070626536045
highest fitness' collisions: 0.7552012330881581
new generation:  614
Fittest                      34.20228281386897
highest fitness' coverage:   41.685738970775645
highest fitness' collisions: 0.7483456156906676
new generation:  615
Fittest                      34.229610801823966
highest fitness' coverage:   41.68861045203159
highest fitness' collisions: 0.7458999650207621
new generation:  616
Fittest                      34.256690973542405
highest fitness' coverage:   41.715690623750014
highest fitness' collisions: 0.7458999650207612
new generation:  617
Fittest                      34.255118708852756
highest fitness' coverage:   41.60243707135806
highest fitness' collisions: 0.7347318362505304
new generation:  618
Fittest                      34.41187682885615
highest fitness' coverage:   41.99857663141831
highest fitness' collisions: 0.7586699802562158
new generation:  619
Fittest                      34.52920073974645
highest fitness' coverage:   42.001144053667055
highest fitness' collisions: 0.7471943313920606
new generation:  620
Fittest                      34.562837901024324
highest fitness' coverage:   42.0049722257943
highest fitness' collisions: 0.7442134324769974
new generation:  621
Fittest                      34.60102940565562
highest fitness' coverage:   42.02489133806198
highest fitness' collisions: 0.742386193240635
new generation:  622
Fittest                      34.65097141700105
highest fitness' coverage:   42.04014951911345
highest fitness' collisions: 0.7389178102112398
new generation:  623
Fittest                      34.66460230386891
highest fitness' coverage:   41.99647873965476
highest fitness' collisions: 0.7331876435785849
new generation:  624
Fittest                      34.68548372398281
highest fitness' coverage:   41.930115287878294
highest fitness' collisions: 0.7244631563895481
new generation:  625
Fittest                      34.82757354236712
highest fitness' coverage:   41.908394368679275
highest fitness' collisions: 0.708082082631216
new generation:  626
Fittest                      34.906160029091794
highest fitness' coverage:   41.98615119329814
highest fitness' collisions: 0.707999116420635
new generation:  627
Fittest                      34.89648889223155
highest fitness' coverage:   41.90248300887572
highest fitness' collisions: 0.7005994116644166
new generation:  628
Fittest                      34.94427203574608
highest fitness' coverage:   41.95026615239025
highest fitness' collisions: 0.7005994116644166
new generation:  629
Fittest                      34.94028386867302
highest fitness' coverage:   41.9247281555001
highest fitness' collisions: 0.6984444286827077
new generation:  630
Fittest                      34.98684191856218
highest fitness' coverage:   41.971286205389255
highest fitness' collisions: 0.6984444286827075
new generation:  631
Fittest                      34.99421012214373
highest fitness' coverage:   41.93474104809302
highest fitness' collisions: 0.6940530925949288
new generation:  632
Fittest                      35.046873124815335
highest fitness' coverage:   41.95220582955462
highest fitness' collisions: 0.6905332704739288
new generation:  633
Fittest                      35.073679685791305
highest fitness' coverage:   41.94738961392893
highest fitness' collisions: 0.6873709928137621
new generation:  634
Fittest                      35.079267499397815
highest fitness' coverage:   41.952977427535416
highest fitness' collisions: 0.6873709928137598
new generation:  635
Fittest                      35.087370869402
highest fitness' coverage:   41.94308617939752
highest fitness' collisions: 0.6855715309995518
new generation:  636
Fittest                      35.10622731823711
highest fitness' coverage:   41.93157260116684
highest fitness' collisions: 0.682534528292973
new generation:  637
Fittest                      35.12511252483868
highest fitness' coverage:   41.91467612963701
highest fitness' collisions: 0.6789563604798332
new generation:  638
Fittest                      35.16394892263421
highest fitness' coverage:   41.952173105131656
highest fitness' collisions: 0.6788224182497442
new generation:  639
Fittest                      35.16978680751787
highest fitness' coverage:   41.94318580916386
highest fitness' collisions: 0.6773399001645984
new generation:  640
Fittest                      35.1737215998008
highest fitness' coverage:   41.947120601446784
highest fitness' collisions: 0.6773399001645984
new generation:  641
Fittest                      35.236980341908264
highest fitness' coverage:   41.918683155605386
highest fitness' collisions: 0.6681702813697125
new generation:  642
Fittest                      35.25438162678169
highest fitness' coverage:   41.93746482474341
highest fitness' collisions: 0.6683083197961724
new generation:  643
Fittest                      35.247311766347195
highest fitness' coverage:   41.93039496430891
highest fitness' collisions: 0.6683083197961713
new generation:  644
Fittest                      35.27758292894627
highest fitness' coverage:   41.91817938738509
highest fitness' collisions: 0.6640596458438816
new generation:  645
Fittest                      35.34033388276713
highest fitness' coverage:   41.91921680863736
highest fitness' collisions: 0.6578882925870224
new generation:  646
Fittest                      35.348298626413715
highest fitness' coverage:   41.92718155228393
highest fitness' collisions: 0.6578882925870219
new generation:  647
Fittest                      35.36762717338148
highest fitness' coverage:   41.924157075931646
highest fitness' collisions: 0.6556529902550169
new generation:  648
Fittest                      35.42792668912714
highest fitness' coverage:   41.877791163658834
highest fitness' collisions: 0.6449864474531695
new generation:  649
Fittest                      35.53499181064321
highest fitness' coverage:   41.87272315416098
highest fitness' collisions: 0.6337731343517767
new generation:  650
Fittest                      35.58819993706313
highest fitness' coverage:   41.90000972327656
highest fitness' collisions: 0.6311809786213431
new generation:  651
Fittest                      35.7024888792438
highest fitness' coverage:   41.89801724089113
highest fitness' collisions: 0.6195528361647326
new generation:  652
Fittest                      35.738430522576394
highest fitness' coverage:   41.911173245239226
highest fitness' collisions: 0.6172742722662832
new generation:  653
Fittest                      35.729862967489304
highest fitness' coverage:   41.878003653770705
highest fitness' collisions: 0.6148140686281404
new generation:  654
Fittest                      35.78166714899622
highest fitness' coverage:   41.92980783527764
highest fitness' collisions: 0.614814068628142
new generation:  655
Fittest                      35.780327356122186
highest fitness' coverage:   41.91468304322824
highest fitness' collisions: 0.6134355687106052
new generation:  656
Fittest                      35.79057544810486
highest fitness' coverage:   41.86443997125556
highest fitness' collisions: 0.6073864523150698
new generation:  657
Fittest                      35.816166651369954
highest fitness' coverage:   41.890031174520665
highest fitness' collisions: 0.607386452315071
new generation:  658
Fittest                      35.8645042994423
highest fitness' coverage:   41.883005070014406
highest fitness' collisions: 0.6018500770572107
new generation:  659
Fittest                      35.88695049378599
highest fitness' coverage:   41.90545126435811
highest fitness' collisions: 0.6018500770572125
new generation:  660
Fittest                      35.89716036788313
highest fitness' coverage:   41.8836653163505
highest fitness' collisions: 0.5986504948467369
new generation:  661
Fittest                      35.920098029359835
highest fitness' coverage:   41.858330897161686
highest fitness' collisions: 0.5938232867801848
new generation:  662
Fittest                      36.01916072904484
highest fitness' coverage:   41.89290371497577
highest fitness' collisions: 0.5873742985930934
new generation:  663
Fittest                      36.08085242557639
highest fitness' coverage:   41.882212929506125
highest fitness' collisions: 0.5801360503929734
new generation:  664
Fittest                      36.093804079121455
highest fitness' coverage:   41.844868566372554
highest fitness' collisions: 0.5751064487251099
new generation:  665
Fittest                      36.14626734117954
highest fitness' coverage:   41.897331828430644
highest fitness' collisions: 0.5751064487251106
new generation:  666
Fittest                      36.10358323971584
highest fitness' coverage:   41.854647726966945
highest fitness' collisions: 0.5751064487251104
new generation:  667
Fittest                      36.11535872391832
highest fitness' coverage:   41.854490474036034
highest fitness' collisions: 0.5739131750117717
new generation:  668
Fittest                      36.12120839973513
highest fitness' coverage:   41.86034014985286
highest fitness' collisions: 0.5739131750117726
new generation:  669
Fittest                      36.164469067137816
highest fitness' coverage:   41.83900630116958
highest fitness' collisions: 0.5674537234031763
new generation:  670
Fittest                      36.21147616889563
highest fitness' coverage:   41.863871499444606
highest fitness' collisions: 0.5652395330548978
new generation:  671
Fittest                      36.251053849244904
highest fitness' coverage:   41.84200219577035
highest fitness' collisions: 0.5590948346525443
new generation:  672
Fittest                      36.2658015487726
highest fitness' coverage:   41.85674989529805
highest fitness' collisions: 0.5590948346525454
new generation:  673
Fittest                      36.269941284278815
highest fitness' coverage:   41.812809916289346
highest fitness' collisions: 0.5542868632010535
new generation:  674
Fittest                      36.33603997045843
highest fitness' coverage:   41.76527248753408
highest fitness' collisions: 0.542923251707565
new generation:  675
Fittest                      36.41208064837471
highest fitness' coverage:   41.8148941384389
highest fitness' collisions: 0.5402813490064188
new generation:  676
Fittest                      36.4664879395049
highest fitness' coverage:   41.839059037232005
highest fitness' collisions: 0.5372571097727104
new generation:  677
Fittest                      36.463351859171205
highest fitness' coverage:   41.835922956898315
highest fitness' collisions: 0.5372571097727112
new generation:  678
Fittest                      36.472958479091524
highest fitness' coverage:   41.84257836759196
highest fitness' collisions: 0.536961988850044
new generation:  679
Fittest                      36.46682490169488
highest fitness' coverage:   41.83644479019532
highest fitness' collisions: 0.5369619888500444
new generation:  680
Fittest                      36.48263336353096
highest fitness' coverage:   41.852253252031396
highest fitness' collisions: 0.536961988850044
new generation:  681
Fittest                      36.47139428846773
highest fitness' coverage:   41.83983331893506
highest fitness' collisions: 0.536843903046733
new generation:  682
Fittest                      36.496666816816386
highest fitness' coverage:   41.80595716084611
highest fitness' collisions: 0.5309290344029727
new generation:  683
Fittest                      36.54034066458596
highest fitness' coverage:   41.91530948276742
highest fitness' collisions: 0.5374968818181457
new generation:  684
Fittest                      36.541086058159465
highest fitness' coverage:   41.911397721659995
highest fitness' collisions: 0.537031166350053
new generation:  685
Fittest                      36.55654496716263
highest fitness' coverage:   41.877128975390924
highest fitness' collisions: 0.5320584008228295
new generation:  686
Fittest                      36.58652200562331
highest fitness' coverage:   41.892898321947904
highest fitness' collisions: 0.5306376316324597
new generation:  687
Fittest                      36.62351400462699
highest fitness' coverage:   41.881480575169306
highest fitness' collisions: 0.5257966570542313
new generation:  688
Fittest                      36.6685117071142
highest fitness' coverage:   41.90504424534255
highest fitness' collisions: 0.5236532538228356
new generation:  689
Fittest                      36.69792139642989
highest fitness' coverage:   41.91778146253273
highest fitness' collisions: 0.5219860066102842
new generation:  690
Fittest                      36.70636232330507
highest fitness' coverage:   41.90266824230702
highest fitness' collisions: 0.5196305919001947
new generation:  691
Fittest                      36.72142761535178
highest fitness' coverage:   41.91773353435372
highest fitness' collisions: 0.5196305919001946
new generation:  692
Fittest                      36.74811912565383
highest fitness' coverage:   41.91794115649752
highest fitness' collisions: 0.5169822030843693
new generation:  693
Fittest                      36.73896177947345
highest fitness' coverage:   41.908783810317146
highest fitness' collisions: 0.5169822030843695
new generation:  694
Fittest                      36.726677426937364
highest fitness' coverage:   41.896499457781054
highest fitness' collisions: 0.5169822030843692
new generation:  695
Fittest                      36.784877105414175
highest fitness' coverage:   41.87958922656974
highest fitness' collisions: 0.5094712121155566
new generation:  696
Fittest                      36.86387976483193
highest fitness' coverage:   41.92975260697374
highest fitness' collisions: 0.5065872842141816
new generation:  697
Fittest                      36.863088086157646
highest fitness' coverage:   41.91090244890091
highest fitness' collisions: 0.5047814362743264
new generation:  698
Fittest                      36.858069426341125
highest fitness' coverage:   41.898436469345334
highest fitness' collisions: 0.5040367043004209
new generation:  699
Fittest                      36.90122958878336
highest fitness' coverage:   41.94159663178757
highest fitness' collisions: 0.504036704300421
new generation:  700
Fittest                      36.867189218605944
highest fitness' coverage:   41.90755626161016
highest fitness' collisions: 0.5040367043004216
new generation:  701
Fittest                      36.89239616754523
highest fitness' coverage:   41.93276321054944
highest fitness' collisions: 0.5040367043004208
new generation:  702
Fittest                      36.903180102405145
highest fitness' coverage:   41.81642984821382
highest fitness' collisions: 0.4913249745808676
new generation:  703
Fittest                      36.93658001027257
highest fitness' coverage:   41.81939417083554
highest fitness' collisions: 0.4882814160562967
new generation:  704
Fittest                      36.934744380482805
highest fitness' coverage:   41.81755854104578
highest fitness' collisions: 0.48828141605629705
new generation:  705
Fittest                      36.93712843544394
highest fitness' coverage:   41.819942596006904
highest fitness' collisions: 0.4882814160562967
new generation:  706
Fittest                      36.95594004366403
highest fitness' coverage:   41.80667584954715
highest fitness' collisions: 0.4850735805883117
new generation:  707
Fittest                      36.980079423654104
highest fitness' coverage:   41.81084864225601
highest fitness' collisions: 0.483076921860191
new generation:  708
Fittest                      36.97408424562886
highest fitness' coverage:   41.80366297667658
highest fitness' collisions: 0.4829578731047719
new generation:  709
Fittest                      36.989967094950394
highest fitness' coverage:   41.81954582599811
highest fitness' collisions: 0.48295787310477156
new generation:  710
Fittest                      36.989454417566186
highest fitness' coverage:   41.78457855402523
highest fitness' collisions: 0.4795124136459046
new generation:  711
Fittest                      37.0089573954399
highest fitness' coverage:   41.804081531898944
highest fitness' collisions: 0.47951241364590447
new generation:  712
Fittest                      37.05300764183224
highest fitness' coverage:   41.82815024494125
highest fitness' collisions: 0.47751426031090066
new generation:  713
Fittest                      37.042540629579676
highest fitness' coverage:   41.80504782233695
highest fitness' collisions: 0.4762507192757277
new generation:  714
Fittest                      37.07805976939677
highest fitness' coverage:   41.77738053914978
highest fitness' collisions: 0.4699320769753012
new generation:  715
Fittest                      37.17728158258005
highest fitness' coverage:   41.76090011231293
highest fitness' collisions: 0.4583618529732882
new generation:  716
Fittest                      37.2268998930753
highest fitness' coverage:   41.81051842280817
highest fitness' collisions: 0.45836185297328724
new generation:  717
Fittest                      37.22390532806059
highest fitness' coverage:   41.80752385779347
highest fitness' collisions: 0.4583618529732882
new generation:  718
Fittest                      37.23343115191991
highest fitness' coverage:   41.81704968165279
highest fitness' collisions: 0.45836185297328824
new generation:  719
Fittest                      37.3011482371217
highest fitness' coverage:   41.73374636628209
highest fitness' collisions: 0.4432598129160389
new generation:  720
Fittest                      37.37149669166525
highest fitness' coverage:   41.72180050346474
highest fitness' collisions: 0.43503038117994935
new generation:  721
Fittest                      37.368835343232526
highest fitness' coverage:   41.71913915503201
highest fitness' collisions: 0.4350303811799484
new generation:  722
Fittest                      37.35869834077325
highest fitness' coverage:   41.70900215257274
highest fitness' collisions: 0.43503038117994874
new generation:  723
Fittest                      37.377770325236966
highest fitness' coverage:   41.72807413703646
highest fitness' collisions: 0.4350303811799489
new generation:  724
Fittest                      37.38151165290256
highest fitness' coverage:   41.73181546470205
highest fitness' collisions: 0.435030381179949
new generation:  725
Fittest                      37.388092508074756
highest fitness' coverage:   41.7235384388443
highest fitness' collisions: 0.4335445930769545
new generation:  726
Fittest                      37.390039892963216
highest fitness' coverage:   41.721855624376694
highest fitness' collisions: 0.4331815731413482
new generation:  727
Fittest                      37.39369831600309
highest fitness' coverage:   41.72551404741656
highest fitness' collisions: 0.4331815731413471
new generation:  728
Fittest                      37.37934493366072
highest fitness' coverage:   41.71535957418596
highest fitness' collisions: 0.4336014640525246
new generation:  729
Fittest                      37.3776310438178
highest fitness' coverage:   41.73806868891552
highest fitness' collisions: 0.43604376450977217
new generation:  730
Fittest                      37.34936129355381
highest fitness' coverage:   41.70979893865153
highest fitness' collisions: 0.43604376450977217
new generation:  731
Fittest                      37.34952374812933
highest fitness' coverage:   41.70996139322705
highest fitness' collisions: 0.4360437645097721
new generation:  732
Fittest                      37.362807169575404
highest fitness' coverage:   41.72324481467313
highest fitness' collisions: 0.43604376450977234
new generation:  733
Fittest                      37.38168911454573
highest fitness' coverage:   41.88468315954568
highest fitness' collisions: 0.4502994044999951
new generation:  734
Fittest                      37.42211067293821
highest fitness' coverage:   41.98656969436588
highest fitness' collisions: 0.45644590214276737
new generation:  735
Fittest                      37.42926253958822
highest fitness' coverage:   41.993721561015896
highest fitness' collisions: 0.45644590214276765
new generation:  736
Fittest                      37.42254136836501
highest fitness' coverage:   41.96239060649443
highest fitness' collisions: 0.45398492381294225
new generation:  737
Fittest                      37.4600039037842
highest fitness' coverage:   41.99985314191362
highest fitness' collisions: 0.4539849238129418
new generation:  738
Fittest                      37.43798179274935
highest fitness' coverage:   41.94620825427708
highest fitness' collisions: 0.4508226461527732
new generation:  739
Fittest                      37.485037408826855
highest fitness' coverage:   41.99326387035458
highest fitness' collisions: 0.45082264615277295
new generation:  740
Fittest                      37.48530638659257
highest fitness' coverage:   41.98349490265748
highest fitness' collisions: 0.44981885160649104
new generation:  741
Fittest                      37.48779995924893
highest fitness' coverage:   41.98598847531383
highest fitness' collisions: 0.44981885160648977
new generation:  742
Fittest                      37.48546344876349
highest fitness' coverage:   41.98365196482839
highest fitness' collisions: 0.44981885160649
new generation:  743
Fittest                      37.48262744791015
highest fitness' coverage:   41.98081596397505
highest fitness' collisions: 0.44981885160649027
new generation:  744
Fittest                      37.48000786720026
highest fitness' coverage:   41.978196383265164
highest fitness' collisions: 0.4498188516064904
new generation:  745
Fittest                      37.597180620795314
highest fitness' coverage:   42.14050995674142
highest fitness' collisions: 0.4543329335946104
new generation:  746
Fittest                      37.621896168767485
highest fitness' coverage:   42.16522550471358
highest fitness' collisions: 0.4543329335946099
new generation:  747
Fittest                      37.61965857293655
highest fitness' coverage:   42.16298790888265
highest fitness' collisions: 0.45433293359461
new generation:  748
Fittest                      37.61640708516252
highest fitness' coverage:   42.159736421108626
highest fitness' collisions: 0.45433293359461074
new generation:  749
Fittest                      37.62217266799249
highest fitness' coverage:   42.16550200393859
highest fitness' collisions: 0.45433293359461063
new generation:  750
Fittest                      37.619681278910214
highest fitness' coverage:   42.16301061485632
highest fitness' collisions: 0.45433293359461063
new generation:  751
Fittest                      37.60283006397994
highest fitness' coverage:   42.146159399926034
highest fitness' collisions: 0.4543329335946097
new generation:  752
Fittest                      37.62486551678597
highest fitness' coverage:   42.168194852732064
highest fitness' collisions: 0.4543329335946098
new generation:  753
Fittest                      37.624194996155246
highest fitness' coverage:   42.16485730529493
highest fitness' collisions: 0.45406623091396825
new generation:  754
Fittest                      37.613720193473554
highest fitness' coverage:   42.1323454987168
highest fitness' collisions: 0.4518625305243247
new generation:  755
Fittest                      37.63394315153848
highest fitness' coverage:   42.110626311368016
highest fitness' collisions: 0.44766831598295326
new generation:  756
Fittest                      37.670722243995776
highest fitness' coverage:   42.14740540382531
highest fitness' collisions: 0.44766831598295326
new generation:  757
Fittest                      37.645304244965416
highest fitness' coverage:   42.12198740479495
highest fitness' collisions: 0.4476683159829531
new generation:  758
Fittest                      37.63878176334794
highest fitness' coverage:   42.11546492317747
highest fitness' collisions: 0.4476683159829529
new generation:  759
Fittest                      37.641880022081125
highest fitness' coverage:   42.11856318191066
highest fitness' collisions: 0.44766831598295326
new generation:  760
Fittest                      37.69209512049945
highest fitness' coverage:   42.13742971763259
highest fitness' collisions: 0.4445334597133143
new generation:  761
Fittest                      37.679838201553316
highest fitness' coverage:   42.125172798686464
highest fitness' collisions: 0.4445334597133146
new generation:  762
Fittest                      37.67929123745489
highest fitness' coverage:   42.12462583458804
highest fitness' collisions: 0.4445334597133145
new generation:  763
Fittest                      37.67738663273466
highest fitness' coverage:   42.1227212298678
highest fitness' collisions: 0.4445334597133141
new generation:  764
Fittest                      37.676272404470694
highest fitness' coverage:   42.12243666370965
highest fitness' collisions: 0.4446164259238953
new generation:  765
Fittest                      37.67607633559617
highest fitness' coverage:   42.12224059483512
highest fitness' collisions: 0.44461642592389505
new generation:  766
Fittest                      37.672225980538144
highest fitness' coverage:   42.11839023977709
highest fitness' collisions: 0.4446164259238949
new generation:  767
Fittest                      37.6859056214267
highest fitness' coverage:   42.13206988066565
highest fitness' collisions: 0.44461642592389505
new generation:  768
Fittest                      37.682260328630406
highest fitness' coverage:   42.12842458786936
highest fitness' collisions: 0.4446164259238955
new generation:  769
Fittest                      37.69204044982832
highest fitness' coverage:   42.13820470906727
highest fitness' collisions: 0.44461642592389494
new generation:  770
Fittest                      37.681257492471794
highest fitness' coverage:   42.12742175171075
highest fitness' collisions: 0.4446164259238952
new generation:  771
Fittest                      37.68801690963022
highest fitness' coverage:   42.13418116886916
highest fitness' collisions: 0.4446164259238945
new generation:  772
Fittest                      37.68646361346314
highest fitness' coverage:   42.18984750422094
highest fitness' collisions: 0.4503383890757801
new generation:  773
Fittest                      37.67441492854297
highest fitness' coverage:   42.17779881930078
highest fitness' collisions: 0.4503383890757806
new generation:  774
Fittest                      37.67509393949147
highest fitness' coverage:   42.17992327002002
highest fitness' collisions: 0.45048293305285503
new generation:  775
Fittest                      37.67204047146785
highest fitness' coverage:   42.170516693333795
highest fitness' collisions: 0.44984762218659397
new generation:  776
Fittest                      37.67245350061769
highest fitness' coverage:   42.17092972248363
highest fitness' collisions: 0.4498476221865937
new generation:  777
Fittest                      37.69685210785687
highest fitness' coverage:   42.1617735848041
highest fitness' collisions: 0.44649214769472306
new generation:  778
Fittest                      37.723636277263914
highest fitness' coverage:   42.18855775421115
highest fitness' collisions: 0.4464921476947237
new generation:  779
Fittest                      37.71958439664068
highest fitness' coverage:   42.13775626364539
highest fitness' collisions: 0.4418171867004717
new generation:  780
Fittest                      37.74717445728899
highest fitness' coverage:   42.16534632429371
highest fitness' collisions: 0.44181718670047176
new generation:  781
Fittest                      37.75805405532907
highest fitness' coverage:   42.17234971419401
highest fitness' collisions: 0.44142956588649435
new generation:  782
Fittest                      37.76054771634463
highest fitness' coverage:   42.17484337520958
highest fitness' collisions: 0.44142956588649473
new generation:  783
Fittest                      37.775731295744606
highest fitness' coverage:   42.19002695460955
highest fitness' collisions: 0.4414295658864941
new generation:  784
Fittest                      37.74954370792646
highest fitness' coverage:   42.39668710318505
highest fitness' collisions: 0.46471433952585867
new generation:  785
Fittest                      37.771919628921815
highest fitness' coverage:   42.419063024180396
highest fitness' collisions: 0.4647143395258584
new generation:  786
Fittest                      37.77788003116432
highest fitness' coverage:   42.42502342642291
highest fitness' collisions: 0.46471433952585905
new generation:  787
Fittest                      37.781270940134014
highest fitness' coverage:   42.4284143353926
highest fitness' collisions: 0.46471433952585867
new generation:  788
Fittest                      37.77424357522456
highest fitness' coverage:   42.421386970483155
highest fitness' collisions: 0.4647143395258592
new generation:  789
Fittest                      37.78415912086166
highest fitness' coverage:   42.42121973491925
highest fitness' collisions: 0.463706061405759
new generation:  790
Fittest                      37.79457045683259
highest fitness' coverage:   42.43163107089018
highest fitness' collisions: 0.4637060614057586
new generation:  791
Fittest                      37.79059379931116
highest fitness' coverage:   42.42765441336876
highest fitness' collisions: 0.46370606140575954
new generation:  792
Fittest                      37.79379875454385
highest fitness' coverage:   42.43085936860144
highest fitness' collisions: 0.463706061405759
new generation:  793
Fittest                      37.77323046569569
highest fitness' coverage:   42.40010233546555
highest fitness' collisions: 0.4626871869769856
new generation:  794
Fittest                      37.77891967922697
highest fitness' coverage:   42.40579154899683
highest fitness' collisions: 0.46268718697698596
new generation:  795
Fittest                      37.795274365946774
highest fitness' coverage:   42.42214623571664
highest fitness' collisions: 0.46268718697698624
new generation:  796
Fittest                      37.78550218512849
highest fitness' coverage:   42.41237405489835
highest fitness' collisions: 0.4626871869769861
new generation:  797
Fittest                      37.77333230540295
highest fitness' coverage:   42.40020417517281
highest fitness' collisions: 0.4626871869769858
new generation:  798
Fittest                      37.7853138808335
highest fitness' coverage:   42.412185750603356
highest fitness' collisions: 0.46268718697698613
new generation:  799
Fittest                      37.80283061153855
highest fitness' coverage:   42.41951373702069
highest fitness' collisions: 0.4616683125482134
new generation:  800
Fittest                      37.790436417095506
highest fitness' coverage:   42.40711954257764
highest fitness' collisions: 0.46166831254821306
new generation:  801
Fittest                      37.799574999221804
highest fitness' coverage:   42.41625812470394
highest fitness' collisions: 0.4616683125482133
new generation:  802
Fittest                      37.9611399848935
highest fitness' coverage:   42.17689187382511
highest fitness' collisions: 0.4215751888931611
new generation:  803
Fittest                      38.004922722146006
highest fitness' coverage:   42.22067461107761
highest fitness' collisions: 0.4215751888931604
new generation:  804
Fittest                      38.0049597655509
highest fitness' coverage:   42.220711654482514
highest fitness' collisions: 0.4215751888931611
new generation:  805
Fittest                      38.011120725858376
highest fitness' coverage:   42.22687261478999
highest fitness' collisions: 0.4215751888931613
new generation:  806
Fittest                      38.01774623702525
highest fitness' coverage:   42.233498125956864
highest fitness' collisions: 0.4215751888931615
new generation:  807
Fittest                      38.01879645181298
highest fitness' coverage:   42.226421237506706
highest fitness' collisions: 0.4207624785693726
new generation:  808
Fittest                      38.00407640703884
highest fitness' coverage:   42.21170119273257
highest fitness' collisions: 0.42076247856937293
new generation:  809
Fittest                      38.02145259102911
highest fitness' coverage:   42.229077376722834
highest fitness' collisions: 0.4207624785693725
new generation:  810
Fittest                      37.99831456712886
highest fitness' coverage:   42.201207840232975
highest fitness' collisions: 0.4202893273104117
new generation:  811
Fittest                      38.064481584879374
highest fitness' coverage:   42.235752081381804
highest fitness' collisions: 0.41712704965024316
new generation:  812
Fittest                      38.06384186481924
highest fitness' coverage:   42.235311887553166
highest fitness' collisions: 0.41714700227339274
new generation:  813
Fittest                      38.052608855846486
highest fitness' coverage:   42.224078878580414
highest fitness' collisions: 0.41714700227339296
new generation:  814
Fittest                      38.02998888893678
highest fitness' coverage:   42.20145891167071
highest fitness' collisions: 0.4171470022733933
new generation:  815
Fittest                      38.051167194876555
highest fitness' coverage:   42.189569001238056
highest fitness' collisions: 0.4138401806361497
new generation:  816
Fittest                      38.09288907165405
highest fitness' coverage:   42.060193919505714
highest fitness' collisions: 0.39673048478516665
new generation:  817
Fittest                      38.14283515201291
highest fitness' coverage:   42.11013999986457
highest fitness' collisions: 0.3967304847851664
new generation:  818
Fittest                      38.14242347795021
highest fitness' coverage:   42.109728325801875
highest fitness' collisions: 0.3967304847851663
new generation:  819
Fittest                      38.17622487082915
highest fitness' coverage:   42.04458646169011
highest fitness' collisions: 0.38683615908609564
new generation:  820
Fittest                      38.25296647874403
highest fitness' coverage:   42.121328069604985
highest fitness' collisions: 0.3868361590860953
new generation:  821
Fittest                      38.24396801017065
highest fitness' coverage:   42.1123296010316
highest fitness' collisions: 0.38683615908609525
new generation:  822
Fittest                      38.24821473014278
highest fitness' coverage:   42.116576321003734
highest fitness' collisions: 0.3868361590860958
new generation:  823
Fittest                      38.237568415748996
highest fitness' coverage:   42.116012787810945
highest fitness' collisions: 0.38784443720619505
new generation:  824
Fittest                      38.25559420916242
highest fitness' coverage:   42.134038581224374
highest fitness' collisions: 0.38784443720619566
new generation:  825
Fittest                      38.25081991238629
highest fitness' coverage:   42.12926428444824
highest fitness' collisions: 0.38784443720619527
new generation:  826
Fittest                      38.25566343113397
highest fitness' coverage:   42.13410780319592
highest fitness' collisions: 0.3878444372061951
new generation:  827
Fittest                      38.24191737925331
highest fitness' coverage:   42.085629337484924
highest fitness' collisions: 0.38437119582316165
new generation:  828
Fittest                      38.25979278015612
highest fitness' coverage:   42.103504738387734
highest fitness' collisions: 0.38437119582316176
new generation:  829
Fittest                      38.27070079534037
highest fitness' coverage:   42.106469471224734
highest fitness' collisions: 0.38357686758843684
new generation:  830
Fittest                      38.27490798846937
highest fitness' coverage:   42.11067666435375
highest fitness' collisions: 0.38357686758843756
new generation:  831
Fittest                      38.26147921050662
highest fitness' coverage:   42.097247886390996
highest fitness' collisions: 0.38357686758843706
new generation:  832
Fittest                      38.2718284402869
highest fitness' coverage:   42.10759711617128
highest fitness' collisions: 0.3835768675884376
new generation:  833
Fittest                      38.28001761609998
highest fitness' coverage:   42.11578629198436
highest fitness' collisions: 0.38357686758843723
new generation:  834
Fittest                      38.265604107326645
highest fitness' coverage:   42.0212501685032
highest fitness' collisions: 0.3755646061176554
new generation:  835
Fittest                      38.305031536727505
highest fitness' coverage:   42.058288526449985
highest fitness' collisions: 0.37532569897224827
new generation:  836
Fittest                      38.36603547089219
highest fitness' coverage:   41.998427938026694
highest fitness' collisions: 0.3632392467134504
new generation:  837
Fittest                      38.39700383204565
highest fitness' coverage:   42.02988607799952
highest fitness' collisions: 0.36328822459538723
new generation:  838
Fittest                      38.414251695187794
highest fitness' coverage:   42.031958769908414
highest fitness' collisions: 0.3617707074720618
new generation:  839
Fittest                      38.423800985329464
highest fitness' coverage:   42.02007402773613
highest fitness' collisions: 0.35962730424066647
new generation:  840
Fittest                      38.44481361495517
highest fitness' coverage:   42.041086657361845
highest fitness' collisions: 0.359627304240667
new generation:  841
Fittest                      38.43536148831419
highest fitness' coverage:   42.03163453072086
highest fitness' collisions: 0.35962730424066636
new generation:  842
Fittest                      38.44882444838496
highest fitness' coverage:   42.045097490791626
highest fitness' collisions: 0.35962730424066663
new generation:  843
Fittest                      38.42715547026748
highest fitness' coverage:   42.05423910225585
highest fitness' collisions: 0.36270836319883704
new generation:  844
Fittest                      38.39468597549963
highest fitness' coverage:   42.03495217487357
highest fitness' collisions: 0.36402661993739377
new generation:  845
Fittest                      38.39289908812114
highest fitness' coverage:   42.02557014113491
highest fitness' collisions: 0.36326710530137674
new generation:  846
Fittest                      38.40914887798588
highest fitness' coverage:   42.041819930999644
highest fitness' collisions: 0.36326710530137635
new generation:  847
Fittest                      38.41911545368674
highest fitness' coverage:   42.05178650670051
highest fitness' collisions: 0.36326710530137685
new generation:  848
Fittest                      38.393084707648214
highest fitness' coverage:   42.02575576066199
highest fitness' collisions: 0.36326710530137724
new generation:  849
Fittest                      38.41495588704027
highest fitness' coverage:   42.038631005500044
highest fitness' collisions: 0.36236751184597743
new generation:  850
Fittest                      38.418559809001536
highest fitness' coverage:   42.042234927461315
highest fitness' collisions: 0.3623675118459776
new generation:  851
Fittest                      38.41715942210612
highest fitness' coverage:   42.00050665815309
highest fitness' collisions: 0.3583347236046975
new generation:  852
Fittest                      38.448345374727246
highest fitness' coverage:   42.03169261077422
highest fitness' collisions: 0.3583347236046975
new generation:  853
Fittest                      38.44619154553765
highest fitness' coverage:   42.02833651715001
highest fitness' collisions: 0.35821449716123577
new generation:  854
Fittest                      38.477227481616865
highest fitness' coverage:   42.05937245322922
highest fitness' collisions: 0.35821449716123577
new generation:  855
Fittest                      38.47664862205198
highest fitness' coverage:   42.03831801124718
highest fitness' collisions: 0.3561669389195193
new generation:  856
Fittest                      38.48255316033978
highest fitness' coverage:   42.04422254953498
highest fitness' collisions: 0.3561669389195195
new generation:  857
Fittest                      38.4846596446204
highest fitness' coverage:   42.046329033815596
highest fitness' collisions: 0.3561669389195194
new generation:  858
Fittest                      38.47506886906778
highest fitness' coverage:   42.03673825826297
highest fitness' collisions: 0.35616693891951917
new generation:  859
Fittest                      38.47902555032979
highest fitness' coverage:   42.04069493952498
highest fitness' collisions: 0.35616693891951967
new generation:  860
Fittest                      38.48246916428539
highest fitness' coverage:   42.04423414817175
highest fitness' collisions: 0.3561764983886362
new generation:  861
Fittest                      38.490897500127
highest fitness' coverage:   42.01836660499071
highest fitness' collisions: 0.3527469104863712
new generation:  862
Fittest                      38.507923698396176
highest fitness' coverage:   42.00344061441452
highest fitness' collisions: 0.3495516916018345
new generation:  863
Fittest                      38.54496506170068
highest fitness' coverage:   42.040481977719026
highest fitness' collisions: 0.34955169160183447
new generation:  864
Fittest                      38.526671398173704
highest fitness' coverage:   42.02218831419205
highest fitness' collisions: 0.3495516916018343
new generation:  865
Fittest                      38.555240905900675
highest fitness' coverage:   42.05075782191902
highest fitness' collisions: 0.3495516916018343
new generation:  866
Fittest                      38.55483400183038
highest fitness' coverage:   42.05035091784872
highest fitness' collisions: 0.3495516916018342
new generation:  867
Fittest                      38.54471325665323
highest fitness' coverage:   42.04139112766759
highest fitness' collisions: 0.34966778710143576
new generation:  868
Fittest                      38.543820901619114
highest fitness' coverage:   42.04049877263347
highest fitness' collisions: 0.3496677871014355
new generation:  869
Fittest                      38.547212453835755
highest fitness' coverage:   42.04389032485011
highest fitness' collisions: 0.3496677871014353
new generation:  870
Fittest                      38.55045108626059
highest fitness' coverage:   42.06231291174388
highest fitness' collisions: 0.3511861825483295
new generation:  871
Fittest                      38.54192586668965
highest fitness' coverage:   42.053787692172946
highest fitness' collisions: 0.351186182548329
new generation:  872
Fittest                      38.53545663779972
highest fitness' coverage:   42.03851815372042
highest fitness' collisions: 0.35030615159206974
new generation:  873
Fittest                      38.555863395945465
highest fitness' coverage:   42.05892491186616
highest fitness' collisions: 0.3503061515920694
new generation:  874
Fittest                      38.544423537574524
highest fitness' coverage:   42.04748505349522
highest fitness' collisions: 0.35030615159206985
new generation:  875
Fittest                      38.53454618112891
highest fitness' coverage:   42.0376076970496
highest fitness' collisions: 0.3503061515920693
new generation:  876
Fittest                      38.614082345349004
highest fitness' coverage:   42.02468842506275
highest fitness' collisions: 0.3410606079713743
new generation:  877
Fittest                      38.63655437324871
highest fitness' coverage:   42.04716045296245
highest fitness' collisions: 0.3410606079713745
new generation:  878
Fittest                      38.63778139540629
highest fitness' coverage:   42.03581930569799
highest fitness' collisions: 0.3398037910291696
new generation:  879
Fittest                      38.64146246343285
highest fitness' coverage:   42.03950037372454
highest fitness' collisions: 0.339803791029169
new generation:  880
Fittest                      38.64387041227694
highest fitness' coverage:   42.04190832256863
highest fitness' collisions: 0.3398037910291693
new generation:  881
Fittest                      38.65363371242497
highest fitness' coverage:   42.03290200125686
highest fitness' collisions: 0.33792682888318887
new generation:  882
Fittest                      38.66440968465166
highest fitness' coverage:   42.033489229195816
highest fitness' collisions: 0.3369079544544156
new generation:  883
Fittest                      38.669867165544545
highest fitness' coverage:   42.03894671008871
highest fitness' collisions: 0.336907954454416
new generation:  884
Fittest                      38.67077671379377
highest fitness' coverage:   42.03965673210644
highest fitness' collisions: 0.33688800183126644
new generation:  885
Fittest                      38.663471160243695
highest fitness' coverage:   42.032351178556354
highest fitness' collisions: 0.3368880018312659
new generation:  886
Fittest                      38.66430696133884
highest fitness' coverage:   42.0331869796515
highest fitness' collisions: 0.3368880018312661
new generation:  887
Fittest                      38.65702809067014
highest fitness' coverage:   41.99283989261037
highest fitness' collisions: 0.33358118019402344
new generation:  888
Fittest                      38.700808389682145
highest fitness' coverage:   42.036620191622376
highest fitness' collisions: 0.3335811801940234
new generation:  889
Fittest                      38.68757306075056
highest fitness' coverage:   42.02338486269079
highest fitness' collisions: 0.33358118019402294
new generation:  890
Fittest                      38.70594796925085
highest fitness' coverage:   42.04175977119108
highest fitness' collisions: 0.33358118019402305
new generation:  891
Fittest                      38.70378036870547
highest fitness' coverage:   42.039592170645705
highest fitness' collisions: 0.3335811801940232
new generation:  892
Fittest                      38.69653244814077
highest fitness' coverage:   42.032344250081
highest fitness' collisions: 0.3335811801940232
new generation:  893
Fittest                      38.712953994392976
highest fitness' coverage:   41.81395846264725
highest fitness' collisions: 0.3101004468254276
new generation:  894
Fittest                      38.70982120612522
highest fitness' coverage:   41.810825674379494
highest fitness' collisions: 0.3101004468254275
new generation:  895
Fittest                      38.7225100620374
highest fitness' coverage:   41.82351453029168
highest fitness' collisions: 0.31010044682542776
new generation:  896
Fittest                      38.70359829049745
highest fitness' coverage:   41.80460275875173
highest fitness' collisions: 0.3101004468254276
new generation:  897
Fittest                      38.707838337437906
highest fitness' coverage:   41.80884280569218
highest fitness' collisions: 0.31010044682542764
new generation:  898
Fittest                      38.7285376949186
highest fitness' coverage:   41.7569197847528
highest fitness' collisions: 0.3028382089834204
new generation:  899
Fittest                      38.77184826809066
highest fitness' coverage:   41.80023035792485
highest fitness' collisions: 0.30283820898341973
new generation:  900
Fittest                      38.75895915970266
highest fitness' coverage:   41.78734124953686
highest fitness' collisions: 0.3028382089834196
new generation:  901
Fittest                      38.77992158401155
highest fitness' coverage:   41.808517470054696
highest fitness' collisions: 0.3028595886043148
new generation:  902
Fittest                      38.79225006396524
highest fitness' coverage:   41.7599942849881
highest fitness' collisions: 0.29677442210228616
new generation:  903
Fittest                      38.82289567450595
highest fitness' coverage:   41.79063989552881
highest fitness' collisions: 0.29677442210228594
new generation:  904
Fittest                      38.8147774315881
highest fitness' coverage:   41.78252165261095
highest fitness' collisions: 0.2967744221022856
new generation:  905
Fittest                      38.8172714388868
highest fitness' coverage:   41.785015659909654
highest fitness' collisions: 0.2967744221022857
new generation:  906
Fittest                      38.81395818490353
highest fitness' coverage:   41.78170240592639
highest fitness' collisions: 0.2967744221022861
new generation:  907
Fittest                      38.80105527751613
highest fitness' coverage:   41.76879949853898
highest fitness' collisions: 0.2967744221022858
new generation:  908
Fittest                      38.8085178355183
highest fitness' coverage:   41.77626205654116
highest fitness' collisions: 0.2967744221022857
new generation:  909
Fittest                      38.813761148952715
highest fitness' coverage:   41.78150536997557
highest fitness' collisions: 0.29677442210228566
new generation:  910
Fittest                      38.80788513073006
highest fitness' coverage:   41.77562935175291
highest fitness' collisions: 0.2967744221022857
new generation:  911
Fittest                      38.83014567416718
highest fitness' coverage:   41.78460363641361
highest fitness' collisions: 0.2954457962246427
new generation:  912
Fittest                      38.80886787085048
highest fitness' coverage:   41.76332583309691
highest fitness' collisions: 0.2954457962246426
new generation:  913
Fittest                      38.83701589765747
highest fitness' coverage:   41.798056294636254
highest fitness' collisions: 0.2961040396978778
new generation:  914
Fittest                      38.85842218420251
highest fitness' coverage:   41.76023658764586
highest fitness' collisions: 0.2901814403443357
new generation:  915
Fittest                      38.877226309109936
highest fitness' coverage:   41.77904071255329
highest fitness' collisions: 0.29018144034433535
new generation:  916
Fittest                      38.875804319555364
highest fitness' coverage:   41.754536181927136
highest fitness' collisions: 0.28787318623717706
new generation:  917
Fittest                      38.913600426761306
highest fitness' coverage:   41.7666353249049
highest fitness' collisions: 0.28530348981435893
new generation:  918
Fittest                      38.92603049605507
highest fitness' coverage:   41.77906539419866
highest fitness' collisions: 0.285303489814359
new generation:  919
Fittest                      38.932027748448604
highest fitness' coverage:   41.785062646592195
highest fitness' collisions: 0.285303489814359
new generation:  920
Fittest                      38.92221682647001
highest fitness' coverage:   41.7759056237751
highest fitness' collisions: 0.2853688797305091
new generation:  921
Fittest                      38.925721958469
highest fitness' coverage:   41.74190161043465
highest fitness' collisions: 0.2816179651965656
new generation:  922
Fittest                      38.969361594400496
highest fitness' coverage:   41.78554124636615
highest fitness' collisions: 0.28161796519656546
new generation:  923
Fittest                      38.98397230361335
highest fitness' coverage:   41.76270269105326
highest fitness' collisions: 0.27787303874399144
new generation:  924
Fittest                      38.99221292128762
highest fitness' coverage:   41.77242052130757
highest fitness' collisions: 0.27802076000199577
new generation:  925
Fittest                      38.98302980516022
highest fitness' coverage:   41.76323740518018
highest fitness' collisions: 0.2780207600019955
new generation:  926
Fittest                      38.99640836118393
highest fitness' coverage:   41.77661596120389
highest fitness' collisions: 0.27802076000199577
new generation:  927
Fittest                      38.998742261100226
highest fitness' coverage:   41.77894986112018
highest fitness' collisions: 0.2780207600019955
new generation:  928
Fittest                      38.99520537075145
highest fitness' coverage:   41.775412970771406
highest fitness' collisions: 0.27802076000199555
new generation:  929
Fittest                      39.017918225765854
highest fitness' coverage:   41.74180471696892
highest fitness' collisions: 0.27238864912030714
new generation:  930
Fittest                      39.052237218600325
highest fitness' coverage:   41.77612370980339
highest fitness' collisions: 0.2723886491203069
new generation:  931
Fittest                      39.05118932897848
highest fitness' coverage:   41.775075820181556
highest fitness' collisions: 0.27238864912030714
new generation:  932
Fittest                      39.06152492662667
highest fitness' coverage:   41.78541141782974
highest fitness' collisions: 0.2723886491203072
new generation:  933
Fittest                      39.04956756104851
highest fitness' coverage:   41.76040221635669
highest fitness' collisions: 0.27108346553081764
new generation:  934
Fittest                      39.07670825575746
highest fitness' coverage:   41.78846169841772
highest fitness' collisions: 0.27117534426602635
new generation:  935
Fittest                      39.06813756847052
highest fitness' coverage:   41.77989101113078
highest fitness' collisions: 0.27117534426602613
new generation:  936
Fittest                      39.06372155788828
highest fitness' coverage:   41.76716412814621
highest fitness' collisions: 0.2703442570257933
new generation:  937
Fittest                      39.07068770909363
highest fitness' coverage:   41.77413027935157
highest fitness' collisions: 0.27034425702579323
new generation:  938
Fittest                      39.06386915126194
highest fitness' coverage:   41.77375275354706
highest fitness' collisions: 0.2709883602285115
new generation:  939
Fittest                      39.06973434068997
highest fitness' coverage:   41.77961794297509
highest fitness' collisions: 0.27098836022851147
new generation:  940
Fittest                      39.06338598435853
highest fitness' coverage:   41.77326958664364
highest fitness' collisions: 0.27098836022851125
new generation:  941
Fittest                      39.07811196473859
highest fitness' coverage:   41.78799556702371
highest fitness' collisions: 0.27098836022851147
new generation:  942
Fittest                      39.056873843244425
highest fitness' coverage:   41.76675744552954
highest fitness' collisions: 0.2709883602285115
new generation:  943
Fittest                      39.06393212830764
highest fitness' coverage:   41.76096257545088
highest fitness' collisions: 0.26970304471432377
new generation:  944
Fittest                      39.07373914290729
highest fitness' coverage:   41.77076959005053
highest fitness' collisions: 0.2697030447143233
new generation:  945
Fittest                      39.073315736101186
highest fitness' coverage:   41.750903166470444
highest fitness' collisions: 0.2677587430369257
new generation:  946
Fittest                      39.095799725096406
highest fitness' coverage:   41.77338715546566
highest fitness' collisions: 0.2677587430369256
new generation:  947
Fittest                      39.09273223554921
highest fitness' coverage:   41.76167766963805
highest fitness' collisions: 0.26689454340888397
new generation:  948
Fittest                      39.128010581443135
highest fitness' coverage:   41.79475804873682
highest fitness' collisions: 0.26667474672936803
new generation:  949
Fittest                      39.125055491103936
highest fitness' coverage:   41.79180295839762
highest fitness' collisions: 0.26667474672936786
new generation:  950
Fittest                      39.10403150996468
highest fitness' coverage:   41.77077897725836
highest fitness' collisions: 0.2666747467293679
new generation:  951
Fittest                      39.10065828974045
highest fitness' coverage:   41.76740575703413
highest fitness' collisions: 0.2666747467293681
new generation:  952
Fittest                      39.107411627170244
highest fitness' coverage:   41.77073337831881
highest fitness' collisions: 0.26633217511485663
new generation:  953
Fittest                      39.11316705500244
highest fitness' coverage:   41.776488806151015
highest fitness' collisions: 0.2663321751148571
new generation:  954
Fittest                      39.110543918994445
highest fitness' coverage:   41.77386567014302
highest fitness' collisions: 0.26633217511485696
new generation:  955
Fittest                      39.11094235864212
highest fitness' coverage:   41.774264109790685
highest fitness' collisions: 0.26633217511485663
new generation:  956
Fittest                      39.105367814582024
highest fitness' coverage:   41.73658645271082
highest fitness' collisions: 0.26312186381287905
new generation:  957
Fittest                      39.12037739702275
highest fitness' coverage:   41.70643817502915
highest fitness' collisions: 0.2586060778006395
new generation:  958
Fittest                      39.17482960708397
highest fitness' coverage:   41.72125067171463
highest fitness' collisions: 0.25464210646306595
new generation:  959
Fittest                      39.2239593630876
highest fitness' coverage:   41.756677002683396
highest fitness' collisions: 0.2532717639595793
new generation:  960
Fittest                      39.23048729817493
highest fitness' coverage:   41.76320493777072
highest fitness' collisions: 0.2532717639595793
new generation:  961
Fittest                      39.24825392416849
highest fitness' coverage:   41.78097156376428
highest fitness' collisions: 0.2532717639595795
new generation:  962
Fittest                      39.21465263824239
highest fitness' coverage:   41.747370277838186
highest fitness' collisions: 0.2532717639595794
new generation:  963
Fittest                      39.23366744745745
highest fitness' coverage:   41.76901719587619
highest fitness' collisions: 0.25353497484187365
new generation:  964
Fittest                      39.2391519662436
highest fitness' coverage:   41.774501714662335
highest fitness' collisions: 0.2535349748418738
new generation:  965
Fittest                      39.21562072249637
highest fitness' coverage:   41.75097047091511
highest fitness' collisions: 0.2535349748418737
new generation:  966
Fittest                      39.234688251135196
highest fitness' coverage:   41.76591815347729
highest fitness' collisions: 0.25312299023420903
new generation:  967
Fittest                      39.23097978206386
highest fitness' coverage:   41.76220968440595
highest fitness' collisions: 0.25312299023420914
new generation:  968
Fittest                      39.208716847233134
highest fitness' coverage:   41.739946749575225
highest fitness' collisions: 0.2531229902342092
new generation:  969
Fittest                      39.23444341908405
highest fitness' coverage:   41.76567332142614
highest fitness' collisions: 0.25312299023420937
new generation:  970
Fittest                      39.23777360267759
highest fitness' coverage:   41.76900350501968
highest fitness' collisions: 0.25312299023420903
new generation:  971
Fittest                      39.22514233710113
highest fitness' coverage:   41.75637223944322
highest fitness' collisions: 0.25312299023420887
new generation:  972
Fittest                      39.205523901469974
highest fitness' coverage:   41.736753803812064
highest fitness' collisions: 0.253122990234209
new generation:  973
Fittest                      39.22108129880712
highest fitness' coverage:   41.75334158726965
highest fitness' collisions: 0.25322602884625317
new generation:  974
Fittest                      39.21467952560234
highest fitness' coverage:   41.74693981406487
highest fitness' collisions: 0.2532260288462533
new generation:  975
Fittest                      39.22662419262998
highest fitness' coverage:   41.75888448109251
highest fitness' collisions: 0.25322602884625317
new generation:  976
Fittest                      39.23049102677569
highest fitness' coverage:   41.76275131523822
highest fitness' collisions: 0.2532260288462532
new generation:  977
Fittest                      39.21797499096952
highest fitness' coverage:   41.750235279432054
highest fitness' collisions: 0.25322602884625317
new generation:  978
Fittest                      39.24197653294752
highest fitness' coverage:   41.77423682141005
highest fitness' collisions: 0.2532260288462532
new generation:  979
Fittest                      39.22645308446911
highest fitness' coverage:   41.75871337293164
highest fitness' collisions: 0.2532260288462532
new generation:  980
Fittest                      39.23097012847844
highest fitness' coverage:   41.76323041694097
highest fitness' collisions: 0.2532260288462533
new generation:  981
Fittest                      39.21100942357795
highest fitness' coverage:   41.77814832347323
highest fitness' collisions: 0.25671388998952843
new generation:  982
Fittest                      39.20989194356728
highest fitness' coverage:   41.73127806230721
highest fitness' collisions: 0.25213861187399306
new generation:  983
Fittest                      39.22338614526818
highest fitness' coverage:   41.77501465634519
highest fitness' collisions: 0.2551628511077012
new generation:  984
Fittest                      39.207724822115566
highest fitness' coverage:   41.75935333319258
highest fitness' collisions: 0.25516285110770115
new generation:  985
Fittest                      39.22929155002846
highest fitness' coverage:   41.78092006110547
highest fitness' collisions: 0.255162851107701
new generation:  986
Fittest                      39.20374067587532
highest fitness' coverage:   41.755369186952336
highest fitness' collisions: 0.25516285110770115
new generation:  987
Fittest                      39.208343651111655
highest fitness' coverage:   41.75997216218867
highest fitness' collisions: 0.2551628511077012
new generation:  988
Fittest                      39.20535435860989
highest fitness' coverage:   41.725360093085214
highest fitness' collisions: 0.2520005734475328
new generation:  989
Fittest                      39.24167344794541
highest fitness' coverage:   41.761679182420735
highest fitness' collisions: 0.25200057344753285
new generation:  990
Fittest                      39.23023862038975
highest fitness' coverage:   41.750244354865075
highest fitness' collisions: 0.25200057344753274
new generation:  991
Fittest                      39.22121231006902
highest fitness' coverage:   41.74121804454435
highest fitness' collisions: 0.2520005734475327
new generation:  992
Fittest                      39.231471046873956
highest fitness' coverage:   41.74727787223752
highest fitness' collisions: 0.25158068253635607
new generation:  993
Fittest                      39.24708518408697
highest fitness' coverage:   41.76289200945053
highest fitness' collisions: 0.2515806825363561
new generation:  994
Fittest                      39.234524254725535
highest fitness' coverage:   41.740142335801366
highest fitness' collisions: 0.25056180810758294
new generation:  995
Fittest                      39.24977030729238
highest fitness' coverage:   41.762539037093994
highest fitness' collisions: 0.25127687298016177
new generation:  996
Fittest                      39.24412092285753
highest fitness' coverage:   41.75688965265915
highest fitness' collisions: 0.2512768729801617
new generation:  997
Fittest                      39.243163013357325
highest fitness' coverage:   41.7344967442168
highest fitness' collisions: 0.2491333730859472
new generation:  998
Fittest                      39.265343396068324
highest fitness' coverage:   41.72538149010878
highest fitness' collisions: 0.2460038094040454
new generation:  999
Fittest                      39.284538122422305
highest fitness' coverage:   41.74457621646276
highest fitness' collisions: 0.24600380940404545
new generation:  1000
Fittest                      39.29353657418574
highest fitness' coverage:   41.75357466822619
highest fitness' collisions: 0.2460038094040455
new generation:  1001
Fittest                      39.29305911553739
highest fitness' coverage:   41.73267526794186
highest fitness' collisions: 0.24396161524044696
new generation:  1002
Fittest                      39.314364408705096
highest fitness' coverage:   41.753980561109564
highest fitness' collisions: 0.24396161524044715
new generation:  1003
Fittest                      39.333423384303
highest fitness' coverage:   41.726173862110095
highest fitness' collisions: 0.23927504778070935
new generation:  1004
Fittest                      39.35451542593557
highest fitness' coverage:   41.74726590374266
highest fitness' collisions: 0.23927504778070918
new generation:  1005
Fittest                      39.33268245585466
highest fitness' coverage:   41.72543293366175
highest fitness' collisions: 0.23927504778070927
new generation:  1006
Fittest                      39.33063383670349
highest fitness' coverage:   41.72338431451058
highest fitness' collisions: 0.2392750477807093
new generation:  1007
Fittest                      39.32161813611479
highest fitness' coverage:   41.714368613921884
highest fitness' collisions: 0.23927504778070924
new generation:  1008
Fittest                      39.33088998456195
highest fitness' coverage:   41.72364046236904
highest fitness' collisions: 0.23927504778070943
new generation:  1009
Fittest                      39.33629439235206
highest fitness' coverage:   41.69121396539727
highest fitness' collisions: 0.23549195730452116
new generation:  1010
Fittest                      39.33932681457966
highest fitness' coverage:   41.69066826360003
highest fitness' collisions: 0.2351341449020372
new generation:  1011
Fittest                      39.3332334687711
highest fitness' coverage:   41.69293439679392
highest fitness' collisions: 0.23597009280228243
new generation:  1012
Fittest                      39.34568337031196
highest fitness' coverage:   41.705384298334785
highest fitness' collisions: 0.2359700928022823
new generation:  1013
Fittest                      39.35668855536651
highest fitness' coverage:   41.840692011132184
highest fitness' collisions: 0.24840034557656754
new generation:  1014
Fittest                      39.39718503112365
highest fitness' coverage:   41.88118848688932
highest fitness' collisions: 0.24840034557656737
new generation:  1015
Fittest                      39.413067039120406
highest fitness' coverage:   41.89707049488608
highest fitness' collisions: 0.24840034557656746
new generation:  1016
Fittest                      39.40053717294884
highest fitness' coverage:   41.88454062871451
highest fitness' collisions: 0.24840034557656748
new generation:  1017
Fittest                      39.384103393223484
highest fitness' coverage:   41.8837728370945
highest fitness' collisions: 0.24996694438710163
new generation:  1018
Fittest                      39.35782312524304
highest fitness' coverage:   41.85749256911405
highest fitness' collisions: 0.24996694438710151
new generation:  1019
Fittest                      39.373189755151984
highest fitness' coverage:   41.813008917247195
highest fitness' collisions: 0.24398191620952145
new generation:  1020
Fittest                      39.433188306629255
highest fitness' coverage:   41.873007468724474
highest fitness' collisions: 0.2439819162095218
new generation:  1021
Fittest                      39.422539514214
highest fitness' coverage:   41.86235867630922
highest fitness' collisions: 0.24398191620952192
new generation:  1022
Fittest                      39.43481629932969
highest fitness' coverage:   41.87463546142491
highest fitness' collisions: 0.24398191620952167
new generation:  1023
Fittest                      39.41955943840658
highest fitness' coverage:   41.8593786005018
highest fitness' collisions: 0.24398191620952187
new generation:  1024
Fittest                      39.439690959841506
highest fitness' coverage:   41.85580544013469
highest fitness' collisions: 0.2416114480293184
new generation:  1025
Fittest                      39.473629769714236
highest fitness' coverage:   41.889744250007425
highest fitness' collisions: 0.24161144802931855
new generation:  1026
Fittest                      39.477551690179354
highest fitness' coverage:   41.89034529703427
highest fitness' collisions: 0.24127936068549155
new generation:  1027
Fittest                      39.47923910949221
highest fitness' coverage:   41.870598684033176
highest fitness' collisions: 0.23913595745409605
new generation:  1028
Fittest                      39.48852811379885
highest fitness' coverage:   41.879887688339814
highest fitness' collisions: 0.23913595745409605
new generation:  1029
Fittest                      39.484446616962
highest fitness' coverage:   41.87580619150297
highest fitness' collisions: 0.2391359574540962
new generation:  1030
Fittest                      39.48298597487408
highest fitness' coverage:   41.875694512297635
highest fitness' collisions: 0.23927085374235516
new generation:  1031
Fittest                      39.479609810973315
highest fitness' coverage:   41.87231834839687
highest fitness' collisions: 0.23927085374235524
new generation:  1032
Fittest                      39.47541297639828
highest fitness' coverage:   41.86653662062937
highest fitness' collisions: 0.239112364423109
new generation:  1033
Fittest                      39.48569311478294
highest fitness' coverage:   41.876816759014034
highest fitness' collisions: 0.23911236442310915
new generation:  1034
Fittest                      39.482074015169346
highest fitness' coverage:   41.87319765940044
highest fitness' collisions: 0.23911236442310907
new generation:  1035
Fittest                      39.48753151894894
highest fitness' coverage:   41.878655163180035
highest fitness' collisions: 0.23911236442310912
new generation:  1036
Fittest                      39.516447489863445
highest fitness' coverage:   41.90757113409454
highest fitness' collisions: 0.23911236442310915
new generation:  1037
Fittest                      39.46960654086495
highest fitness' coverage:   41.860730185096045
highest fitness' collisions: 0.23911236442310915
new generation:  1038
Fittest                      39.48815515607142
highest fitness' coverage:   41.879278800302515
highest fitness' collisions: 0.23911236442310924
new generation:  1039
Fittest                      39.481548529073
highest fitness' coverage:   41.872672173304096
highest fitness' collisions: 0.23911236442310918
new generation:  1040
Fittest                      39.485245043242024
highest fitness' coverage:   41.87636868747311
highest fitness' collisions: 0.239112364423109
new generation:  1041
Fittest                      39.50086288799988
highest fitness' coverage:   41.82061671252582
highest fitness' collisions: 0.23197538245259391
new generation:  1042
Fittest                      39.57264540681925
highest fitness' coverage:   41.89239923134519
highest fitness' collisions: 0.23197538245259391
new generation:  1043
Fittest                      39.55302933545583
highest fitness' coverage:   41.87278315998177
highest fitness' collisions: 0.231975382452594
new generation:  1044
Fittest                      39.550124263651135
highest fitness' coverage:   41.869878088177074
highest fitness' collisions: 0.23197538245259408
new generation:  1045
Fittest                      39.547797874186955
highest fitness' coverage:   41.867551698712894
highest fitness' collisions: 0.231975382452594
new generation:  1046
Fittest                      39.85691926218328
highest fitness' coverage:   42.17667308670922
highest fitness' collisions: 0.23197538245259403
new generation:  1047
Fittest                      39.87126180501191
highest fitness' coverage:   42.16865531929565
highest fitness' collisions: 0.22973935142837443
new generation:  1048
Fittest                      39.89904661672418
highest fitness' coverage:   42.11920929327419
highest fitness' collisions: 0.22201626765500143
new generation:  1049
Fittest                      39.89925754309594
highest fitness' coverage:   42.11942021964595
highest fitness' collisions: 0.22201626765500143
new generation:  1050
Fittest                      39.8842929698359
highest fitness' coverage:   42.104455646385915
highest fitness' collisions: 0.2220162676550015
new generation:  1051
Fittest                      39.888568226831126
highest fitness' coverage:   42.10069942333539
highest fitness' collisions: 0.22121311965042695
new generation:  1052
Fittest                      39.90143546782404
highest fitness' coverage:   42.1135666643283
highest fitness' collisions: 0.22121311965042695
new generation:  1053
Fittest                      39.882377391067045
highest fitness' coverage:   42.09450858757131
highest fitness' collisions: 0.2212131196504268
new generation:  1054
Fittest                      39.90074424871668
highest fitness' coverage:   42.11287544522094
highest fitness' collisions: 0.2212131196504269
new generation:  1055
Fittest                      39.910671809588834
highest fitness' coverage:   42.1228030060931
highest fitness' collisions: 0.22121311965042698
new generation:  1056
Fittest                      39.90790918878917
highest fitness' coverage:   42.120040385293436
highest fitness' collisions: 0.22121311965042692
new generation:  1057
Fittest                      39.90546632880396
highest fitness' coverage:   42.09570325205061
highest fitness' collisions: 0.21902369232466537
new generation:  1058
Fittest                      39.90504084845756
highest fitness' coverage:   42.09527777170421
highest fitness' collisions: 0.21902369232466545
new generation:  1059
Fittest                      39.961944120002684
highest fitness' coverage:   42.15548711518062
highest fitness' collisions: 0.2193542995177933
new generation:  1060
Fittest                      39.99208632632811
highest fitness' coverage:   42.18434107195436
highest fitness' collisions: 0.2192254745626241
new generation:  1061
Fittest                      40.01507838175536
highest fitness' coverage:   42.20147031590424
highest fitness' collisions: 0.21863919341488797
new generation:  1062
Fittest                      40.03147992386415
highest fitness' coverage:   42.21787185801303
highest fitness' collisions: 0.21863919341488794
new generation:  1063
Fittest                      40.037824428981615
highest fitness' coverage:   42.224216363130495
highest fitness' collisions: 0.2186391934148879
new generation:  1064
Fittest                      40.03357174724903
highest fitness' coverage:   42.21996368139791
highest fitness' collisions: 0.21863919341488772
new generation:  1065
Fittest                      40.03494954329378
highest fitness' coverage:   42.22134147744266
highest fitness' collisions: 0.21863919341488783
new generation:  1066
Fittest                      40.01901471456585
highest fitness' coverage:   42.20540664871473
highest fitness' collisions: 0.21863919341488794
new generation:  1067
Fittest                      40.0463624499434
highest fitness' coverage:   42.23275438409228
highest fitness' collisions: 0.2186391934148879
new generation:  1068
Fittest                      40.03047269610176
highest fitness' coverage:   42.21686463025064
highest fitness' collisions: 0.21863919341488786
new generation:  1069
Fittest                      40.025811277976274
highest fitness' coverage:   42.212203212125154
highest fitness' collisions: 0.21863919341488797
new generation:  1070
Fittest                      40.01270375528065
highest fitness' coverage:   42.19909568942953
highest fitness' collisions: 0.21863919341488794
new generation:  1071
Fittest                      40.01835903412438
highest fitness' coverage:   42.20475096827326
highest fitness' collisions: 0.2186391934148878
new generation:  1072
Fittest                      40.0221202149983
highest fitness' coverage:   42.20851214914718
highest fitness' collisions: 0.21863919341488797
new generation:  1073
Fittest                      40.03647442654305
highest fitness' coverage:   42.22286636069193
highest fitness' collisions: 0.21863919341488783
new generation:  1074
Fittest                      40.025528308434765
highest fitness' coverage:   42.211920242583645
highest fitness' collisions: 0.21863919341488763
new generation:  1075
Fittest                      40.03519043300199
highest fitness' coverage:   42.18930586489161
highest fitness' collisions: 0.21541154318896155
new generation:  1076
Fittest                      40.05795601611074
highest fitness' coverage:   42.21345183226495
highest fitness' collisions: 0.2155495816154217
new generation:  1077
Fittest                      40.06557912469641
highest fitness' coverage:   42.22107494085063
highest fitness' collisions: 0.21554958161542181
new generation:  1078
Fittest                      40.06838086904951
highest fitness' coverage:   42.22387668520373
highest fitness' collisions: 0.21554958161542173
new generation:  1079
Fittest                      40.05888618751425
highest fitness' coverage:   42.21438200366846
highest fitness' collisions: 0.21554958161542176
new generation:  1080
Fittest                      40.074918110345195
highest fitness' coverage:   42.223064495915516
highest fitness' collisions: 0.21481463855703214
new generation:  1081
Fittest                      40.062788687458365
highest fitness' coverage:   42.210935073028686
highest fitness' collisions: 0.2148146385570321
new generation:  1082
Fittest                      40.050323343495435
highest fitness' coverage:   42.198469729065756
highest fitness' collisions: 0.21481463855703217
new generation:  1083
Fittest                      40.09311241650928
highest fitness' coverage:   42.22397538943586
highest fitness' collisions: 0.2130862972926577
new generation:  1084
Fittest                      40.08947623769699
highest fitness' coverage:   42.22033921062357
highest fitness' collisions: 0.21308629729265785
new generation:  1085
Fittest                      40.086884331612225
highest fitness' coverage:   42.217747304538804
highest fitness' collisions: 0.2130862972926577
new generation:  1086
Fittest                      40.09034335277597
highest fitness' coverage:   42.221206325702546
highest fitness' collisions: 0.21308629729265793
new generation:  1087
Fittest                      40.08402349571167
highest fitness' coverage:   42.21420882713063
highest fitness' collisions: 0.21301853314189675
new generation:  1088
Fittest                      40.07021503724765
highest fitness' coverage:   42.198908444317844
highest fitness' collisions: 0.2128693407070195
new generation:  1089
Fittest                      40.09769714399546
highest fitness' coverage:   42.226390551065656
highest fitness' collisions: 0.21286934070701932
new generation:  1090
Fittest                      40.094118357140104
highest fitness' coverage:   42.2228117642103
highest fitness' collisions: 0.21286934070701968
new generation:  1091
Fittest                      40.0757448353119
highest fitness' coverage:   42.204438242382096
highest fitness' collisions: 0.21286934070701952
new generation:  1092
Fittest                      40.09487149188845
highest fitness' coverage:   42.22290159019934
highest fitness' collisions: 0.2128030098310895
new generation:  1093
Fittest                      40.07165830700704
highest fitness' coverage:   42.165422978796464
highest fitness' collisions: 0.20937646717894245
new generation:  1094
Fittest                      40.08715112216853
highest fitness' coverage:   42.17166568246334
highest fitness' collisions: 0.2084514560294812
new generation:  1095
Fittest                      40.099571103718645
highest fitness' coverage:   42.18408566401346
highest fitness' collisions: 0.2084514560294812
new generation:  1096
Fittest                      40.11389929314145
highest fitness' coverage:   42.1784199377203
highest fitness' collisions: 0.206452064457885
new generation:  1097
Fittest                      40.119224974278836
highest fitness' coverage:   42.183745618857685
highest fitness' collisions: 0.20645206445788455
new generation:  1098
Fittest                      40.11520344935175
highest fitness' coverage:   42.1797240939306
highest fitness' collisions: 0.2064520644578847
new generation:  1099
Fittest                      40.12622713066636
highest fitness' coverage:   42.16490213297887
highest fitness' collisions: 0.2038675002312509
new generation:  1100
Fittest                      40.136247099332564
highest fitness' coverage:   42.17492210164507
highest fitness' collisions: 0.20386750023125094
new generation:  1101
Fittest                      40.15985165522292
highest fitness' coverage:   42.19852665753543
highest fitness' collisions: 0.20386750023125064
new generation:  1102
Fittest                      40.16703423066401
highest fitness' coverage:   42.20570923297652
highest fitness' collisions: 0.2038675002312507
new generation:  1103
Fittest                      40.15989346439809
highest fitness' coverage:   42.19317717369728
highest fitness' collisions: 0.2033283709299191
new generation:  1104
Fittest                      40.15010608047731
highest fitness' coverage:   42.16093856458503
highest fitness' collisions: 0.20108324841077246
new generation:  1105
Fittest                      40.18821037826908
highest fitness' coverage:   42.19779615122544
highest fitness' collisions: 0.20095857729563577
new generation:  1106
Fittest                      40.18286081278176
highest fitness' coverage:   42.19244658573812
highest fitness' collisions: 0.20095857729563568
new generation:  1107
Fittest                      40.18641756101889
highest fitness' coverage:   42.19600333397525
highest fitness' collisions: 0.20095857729563563
new generation:  1108
Fittest                      40.16339934813933
highest fitness' coverage:   42.171460455236236
highest fitness' collisions: 0.20080611070969037
new generation:  1109
Fittest                      40.1875313312984
highest fitness' coverage:   42.199223218943004
highest fitness' collisions: 0.20116918876446055
new generation:  1110
Fittest                      40.17560250158831
highest fitness' coverage:   42.18729438923291
highest fitness' collisions: 0.2011691887644605
new generation:  1111
Fittest                      40.17508406553237
highest fitness' coverage:   42.186775953176976
highest fitness' collisions: 0.20116918876446063
new generation:  1112
Fittest                      40.175458264860794
highest fitness' coverage:   42.1871501525054
highest fitness' collisions: 0.2011691887644607
new generation:  1113
Fittest                      40.170915984924406
highest fitness' coverage:   42.18260787256901
highest fitness' collisions: 0.20116918876446038
new generation:  1114
Fittest                      40.16621266385406
highest fitness' coverage:   42.17790455149867
highest fitness' collisions: 0.2011691887644607
new generation:  1115
Fittest                      40.177202111295294
highest fitness' coverage:   42.188893998939896
highest fitness' collisions: 0.20116918876446052
new generation:  1116
Fittest                      40.17249039859235
highest fitness' coverage:   42.201679687392414
highest fitness' collisions: 0.20291892888000634
new generation:  1117
Fittest                      40.156971492313396
highest fitness' coverage:   42.18616078111346
highest fitness' collisions: 0.20291892888000615
new generation:  1118
Fittest                      40.16945385008224
highest fitness' coverage:   42.166890592169764
highest fitness' collisions: 0.19974367420875255
new generation:  1119
Fittest                      40.19579562744803
highest fitness' coverage:   42.19323236953555
highest fitness' collisions: 0.19974367420875236
new generation:  1120
Fittest                      40.21157048892738
highest fitness' coverage:   42.186633600762754
highest fitness' collisions: 0.1975063111835378
new generation:  1121
Fittest                      40.22357642236928
highest fitness' coverage:   42.19863953420466
highest fitness' collisions: 0.1975063111835379
new generation:  1122
Fittest                      40.21158826078579
highest fitness' coverage:   42.186651372621164
highest fitness' collisions: 0.19750631118353784
new generation:  1123
Fittest                      40.22368233289362
highest fitness' coverage:   42.198745444729
highest fitness' collisions: 0.19750631118353787
new generation:  1124
Fittest                      40.20786410117866
highest fitness' coverage:   42.18292721301404
highest fitness' collisions: 0.19750631118353798
new generation:  1125
Fittest                      40.22096136597431
highest fitness' coverage:   42.19602447780969
highest fitness' collisions: 0.19750631118353779
new generation:  1126
Fittest                      40.220921853458655
highest fitness' coverage:   42.19598496529404
highest fitness' collisions: 0.19750631118353795
new generation:  1127
Fittest                      40.20208748434908
highest fitness' coverage:   42.17715059618446
highest fitness' collisions: 0.19750631118353804
new generation:  1128
Fittest                      40.22357118080021
highest fitness' coverage:   42.19863429263558
highest fitness' collisions: 0.19750631118353779
new generation:  1129
Fittest                      40.22731613173218
highest fitness' coverage:   42.20237924356756
highest fitness' collisions: 0.19750631118353792
new generation:  1130
Fittest                      40.22714931279364
highest fitness' coverage:   42.202212424629025
highest fitness' collisions: 0.197506311183538
new generation:  1131
Fittest                      40.21634069871347
highest fitness' coverage:   42.167821476591755
highest fitness' collisions: 0.19514807778782814
new generation:  1132
Fittest                      40.247018634618634
highest fitness' coverage:   42.198499412496915
highest fitness' collisions: 0.19514807778782806
new generation:  1133
Fittest                      40.249913647099895
highest fitness' coverage:   42.201394424978176
highest fitness' collisions: 0.19514807778782792
new generation:  1134
Fittest                      40.24475465808053
highest fitness' coverage:   42.19623543595881
highest fitness' collisions: 0.19514807778782808
new generation:  1135
Fittest                      40.24129905296287
highest fitness' coverage:   42.192779830841154
highest fitness' collisions: 0.1951480777878282
new generation:  1136
Fittest                      40.23240459894619
highest fitness' coverage:   42.18388537682447
highest fitness' collisions: 0.19514807778782803
new generation:  1137
Fittest                      40.238485724370804
highest fitness' coverage:   42.189966502249085
highest fitness' collisions: 0.1951480777878281
new generation:  1138
Fittest                      40.226148209586235
highest fitness' coverage:   42.177628987464516
highest fitness' collisions: 0.19514807778782803
new generation:  1139
Fittest                      40.23212534753276
highest fitness' coverage:   42.18360612541104
highest fitness' collisions: 0.19514807778782806
new generation:  1140
Fittest                      40.23837604273076
highest fitness' coverage:   42.189856820609045
highest fitness' collisions: 0.195148077787828
new generation:  1141
Fittest                      40.237392526907264
highest fitness' coverage:   42.188873304785545
highest fitness' collisions: 0.19514807778782814
new generation:  1142
Fittest                      40.24145777226446
highest fitness' coverage:   42.19293855014274
highest fitness' collisions: 0.19514807778782817
new generation:  1143
Fittest                      40.2323330805895
highest fitness' coverage:   42.18381385846778
highest fitness' collisions: 0.19514807778782822
new generation:  1144
Fittest                      40.24658628909168
highest fitness' coverage:   42.19806706696996
highest fitness' collisions: 0.195148077787828
new generation:  1145
Fittest                      40.252984181260565
highest fitness' coverage:   42.20571167029021
highest fitness' collisions: 0.19527274890296475
new generation:  1146
Fittest                      40.223961572898666
highest fitness' coverage:   42.176689061928315
highest fitness' collisions: 0.19527274890296495
new generation:  1147
Fittest                      40.23523361122125
highest fitness' coverage:   42.18905101395692
highest fitness' collisions: 0.19538174027356697
new generation:  1148
Fittest                      40.245531077093155
highest fitness' coverage:   42.19934847982882
highest fitness' collisions: 0.1953817402735669
new generation:  1149
Fittest                      40.23590789274799
highest fitness' coverage:   42.18972529548366
highest fitness' collisions: 0.1953817402735672
new generation:  1150
Fittest                      40.22750648982718
highest fitness' coverage:   42.18657413468415
highest fitness' collisions: 0.19590676448569697
new generation:  1151
Fittest                      40.236920461605465
highest fitness' coverage:   42.19598810646244
highest fitness' collisions: 0.195906764485697
new generation:  1152
Fittest                      40.24430789696795
highest fitness' coverage:   42.18871848204448
highest fitness' collisions: 0.1944410585076526
new generation:  1153
Fittest                      40.25088685852166
highest fitness' coverage:   42.195297443598186
highest fitness' collisions: 0.19444105850765267
new generation:  1154
Fittest                      40.264233794520905
highest fitness' coverage:   42.20864437959743
highest fitness' collisions: 0.1944410585076525
new generation:  1155
Fittest                      40.24190876583159
highest fitness' coverage:   42.186319350908114
highest fitness' collisions: 0.19444105850765256
new generation:  1156
Fittest                      40.25490129717976
highest fitness' coverage:   42.19931188225628
highest fitness' collisions: 0.1944410585076526
new generation:  1157
Fittest                      40.232744291254185
highest fitness' coverage:   42.17715487633071
highest fitness' collisions: 0.19444105850765256
new generation:  1158
Fittest                      40.23445946350868
highest fitness' coverage:   42.13596859955908
highest fitness' collisions: 0.19015091360504002
new generation:  1159
Fittest                      40.28436693213875
highest fitness' coverage:   42.18587606818915
highest fitness' collisions: 0.1901509136050399
new generation:  1160
Fittest                      40.27909701623979
highest fitness' coverage:   42.18111901367418
highest fitness' collisions: 0.1902021997434392
new generation:  1161
Fittest                      40.28950243105477
highest fitness' coverage:   42.19152442848916
highest fitness' collisions: 0.19020219974343905
new generation:  1162
Fittest                      40.279435881840335
highest fitness' coverage:   42.16396047811927
highest fitness' collisions: 0.18845245962789364
new generation:  1163
Fittest                      40.297498661810124
highest fitness' coverage:   42.18202325808906
highest fitness' collisions: 0.18845245962789364
new generation:  1164
Fittest                      40.300488771509755
highest fitness' coverage:   42.19739968030412
highest fitness' collisions: 0.18969109087943706
new generation:  1165
Fittest                      40.27911355533029
highest fitness' coverage:   42.176024464124666
highest fitness' collisions: 0.18969109087943722
new generation:  1166
Fittest                      40.291389479935916
highest fitness' coverage:   42.188044566924574
highest fitness' collisions: 0.18966550869886575
new generation:  1167
Fittest                      40.298091421588865
highest fitness' coverage:   42.19474650857752
highest fitness' collisions: 0.18966550869886564
new generation:  1168
Fittest                      40.28919396846928
highest fitness' coverage:   42.18538839173185
highest fitness' collisions: 0.18961944232625727
new generation:  1169
Fittest                      40.298714437083284
highest fitness' coverage:   42.194908860345855
highest fitness' collisions: 0.18961944232625733
new generation:  1170
Fittest                      40.27453911572173
highest fitness' coverage:   42.166542033153554
highest fitness' collisions: 0.18920029174318265
new generation:  1171
Fittest                      40.30920299021211
highest fitness' coverage:   42.197155215064406
highest fitness' collisions: 0.18879522248522967
new generation:  1172
Fittest                      40.32945462746975
highest fitness' coverage:   42.195697356255515
highest fitness' collisions: 0.18662427287857616
new generation:  1173
Fittest                      40.342801785656185
highest fitness' coverage:   42.20904451444195
highest fitness' collisions: 0.18662427287857633
new generation:  1174
Fittest                      40.356260547743474
highest fitness' coverage:   42.237552075488665
highest fitness' collisions: 0.18812915277451886
new generation:  1175
Fittest                      40.36299597611568
highest fitness' coverage:   42.24428750386087
highest fitness' collisions: 0.18812915277451897
new generation:  1176
Fittest                      40.35507457129087
highest fitness' coverage:   42.23636609903606
highest fitness' collisions: 0.18812915277451894
new generation:  1177
Fittest                      40.352668782425525
highest fitness' coverage:   42.233960310170716
highest fitness' collisions: 0.18812915277451897
new generation:  1178
Fittest                      40.350216421428385
highest fitness' coverage:   42.264576165546
highest fitness' collisions: 0.19143597441176183
new generation:  1179
Fittest                      40.323718906678664
highest fitness' coverage:   42.23807865079628
highest fitness' collisions: 0.1914359744117618
new generation:  1180
Fittest                      40.328195397179705
highest fitness' coverage:   42.24255514129732
highest fitness' collisions: 0.19143597441176186
new generation:  1181
Fittest                      40.33907628883118
highest fitness' coverage:   42.2534360329488
highest fitness' collisions: 0.1914359744117618
new generation:  1182
Fittest                      40.3233624605171
highest fitness' coverage:   42.23409142408702
highest fitness' collisions: 0.19107289635699165
new generation:  1183
Fittest                      40.31772118614539
highest fitness' coverage:   42.22845014971531
highest fitness' collisions: 0.19107289635699193
new generation:  1184
Fittest                      40.33668142063959
highest fitness' coverage:   42.24741038420951
highest fitness' collisions: 0.19107289635699173
new generation:  1185
Fittest                      40.33057832567429
highest fitness' coverage:   42.241307289244205
highest fitness' collisions: 0.1910728963569917
new generation:  1186
Fittest                      40.34492663878695
highest fitness' coverage:   42.25565560235687
highest fitness' collisions: 0.19107289635699187
new generation:  1187
Fittest                      40.31792615113592
highest fitness' coverage:   42.22865511470584
highest fitness' collisions: 0.19107289635699173
new generation:  1188
Fittest                      40.33269369130794
highest fitness' coverage:   42.21825642056652
highest fitness' collisions: 0.18855627292585808
new generation:  1189
Fittest                      40.33899749029698
highest fitness' coverage:   42.2162779772914
highest fitness' collisions: 0.18772804869944149
new generation:  1190
Fittest                      40.370495001549216
highest fitness' coverage:   42.24777548854363
highest fitness' collisions: 0.18772804869944157
new generation:  1191
Fittest                      40.3484682540896
highest fitness' coverage:   42.22574874108402
highest fitness' collisions: 0.1877280486994415
new generation:  1192
Fittest                      40.34675677868482
highest fitness' coverage:   42.2343793809455
highest fitness' collisions: 0.18876226022606768
new generation:  1193
Fittest                      40.34039637248943
highest fitness' coverage:   42.187902220903744
highest fitness' collisions: 0.18475058484143114
new generation:  1194
Fittest                      40.37710569584885
highest fitness' coverage:   42.224611544263155
highest fitness' collisions: 0.18475058484143106
new generation:  1195
Fittest                      40.3904029600764
highest fitness' coverage:   42.23790880849071
highest fitness' collisions: 0.18475058484143111
new generation:  1196
Fittest                      40.403417130712896
highest fitness' coverage:   42.2509229791272
highest fitness' collisions: 0.18475058484143111
new generation:  1197
Fittest                      40.390406875647145
highest fitness' coverage:   42.23791272406145
highest fitness' collisions: 0.18475058484143111
new generation:  1198
Fittest                      40.39524102341461
highest fitness' coverage:   42.24274687182892
highest fitness' collisions: 0.18475058484143103
new generation:  1199
Fittest                      40.38764815020152
highest fitness' coverage:   42.249279374062056
highest fitness' collisions: 0.1861631223860538
new generation:  1200
Fittest                      40.385625482564855
highest fitness' coverage:   42.2472567064254
highest fitness' collisions: 0.18616312238605398
new generation:  1201
Fittest                      40.38229592675547
highest fitness' coverage:   42.24392715061601
highest fitness' collisions: 0.18616312238605395
new generation:  1202
Fittest                      40.36624984426148
highest fitness' coverage:   42.227881068122024
highest fitness' collisions: 0.18616312238605384
new generation:  1203
Fittest                      40.37380009897702
highest fitness' coverage:   42.23543132283756
highest fitness' collisions: 0.18616312238605387
new generation:  1204
Fittest                      40.37300656167208
highest fitness' coverage:   42.23463778553262
highest fitness' collisions: 0.18616312238605398
new generation:  1205
Fittest                      40.379356515387094
highest fitness' coverage:   42.240987739247636
highest fitness' collisions: 0.18616312238605384
new generation:  1206
Fittest                      40.36995753499073
highest fitness' coverage:   42.231588758851274
highest fitness' collisions: 0.18616312238605395
new generation:  1207
Fittest                      40.37329856153598
highest fitness' coverage:   42.234929785396524
highest fitness' collisions: 0.18616312238605398
new generation:  1208
Fittest                      40.36396563677724
highest fitness' coverage:   42.22559686063778
highest fitness' collisions: 0.18616312238605387
new generation:  1209
Fittest                      40.37353370073377
highest fitness' coverage:   42.235164924594315
highest fitness' collisions: 0.18616312238605395
new generation:  1210
Fittest                      40.36985950703898
highest fitness' coverage:   42.23149073089952
highest fitness' collisions: 0.18616312238605395
new generation:  1211
Fittest                      40.38140398771795
highest fitness' coverage:   42.243035211578494
highest fitness' collisions: 0.18616312238605406
new generation:  1212
Fittest                      40.37851008392357
highest fitness' coverage:   42.234296758328775
highest fitness' collisions: 0.18557866744052032
new generation:  1213
Fittest                      40.3716489759789
highest fitness' coverage:   42.2274356503841
highest fitness' collisions: 0.18557866744052023
new generation:  1214
Fittest                      40.40385631863965
highest fitness' coverage:   42.25964299304485
highest fitness' collisions: 0.18557866744052035
new generation:  1215
Fittest                      40.38907477632398
highest fitness' coverage:   42.23391777128965
highest fitness' collisions: 0.1844842994965669
new generation:  1216
Fittest                      40.402032951711334
highest fitness' coverage:   42.231745394802715
highest fitness' collisions: 0.18297124430913828
new generation:  1217
Fittest                      40.42071209329644
highest fitness' coverage:   42.25042453638782
highest fitness' collisions: 0.1829712443091382
new generation:  1218
Fittest                      40.40883181338402
highest fitness' coverage:   42.2385442564754
highest fitness' collisions: 0.18297124430913828
new generation:  1219
Fittest                      40.39369690911409
highest fitness' coverage:   42.209283976759245
highest fitness' collisions: 0.18155870676451563
new generation:  1220
Fittest                      40.42864444330176
highest fitness' coverage:   42.24423151094692
highest fitness' collisions: 0.18155870676451552
new generation:  1221
Fittest                      40.42551141526801
highest fitness' coverage:   42.241098482913166
highest fitness' collisions: 0.18155870676451566
new generation:  1222
Fittest                      40.42376360936677
highest fitness' coverage:   42.22824201338865
highest fitness' collisions: 0.18044784040218817
new generation:  1223
Fittest                      40.42063313159077
highest fitness' coverage:   42.22511153561265
highest fitness' collisions: 0.1804478404021882
new generation:  1224
Fittest                      40.44214836040285
highest fitness' coverage:   42.246626764424725
highest fitness' collisions: 0.18044784040218811
new generation:  1225
Fittest                      40.41119122503528
highest fitness' coverage:   42.21566962905716
highest fitness' collisions: 0.18044784040218806
new generation:  1226
Fittest                      40.44853787668829
highest fitness' coverage:   42.25301628071017
highest fitness' collisions: 0.18044784040218814
new generation:  1227
Fittest                      40.41891845896583
highest fitness' coverage:   42.22888757145911
highest fitness' collisions: 0.18099691124932843
new generation:  1228
Fittest                      40.41289943370219
highest fitness' coverage:   42.22286854619547
highest fitness' collisions: 0.1809969112493285
new generation:  1229
Fittest                      40.42539904431915
highest fitness' coverage:   42.235368156812434
highest fitness' collisions: 0.18099691124932854
new generation:  1230
Fittest                      40.425087089431685
highest fitness' coverage:   42.23505620192497
highest fitness' collisions: 0.1809969112493286
new generation:  1231
Fittest                      40.409653470485054
highest fitness' coverage:   42.21962258297834
highest fitness' collisions: 0.1809969112493284
new generation:  1232
Fittest                      40.41467479558747
highest fitness' coverage:   42.21818736579041
highest fitness' collisions: 0.18035125702029375
new generation:  1233
Fittest                      40.41623564236513
highest fitness' coverage:   42.21974821256807
highest fitness' collisions: 0.1803512570202938
new generation:  1234
Fittest                      40.443268651389154
highest fitness' coverage:   42.246781221592094
highest fitness' collisions: 0.18035125702029398
new generation:  1235
Fittest                      40.43140713299789
highest fitness' coverage:   42.23491970320083
highest fitness' collisions: 0.18035125702029384
new generation:  1236
Fittest                      40.42465214641994
highest fitness' coverage:   42.22816471662288
highest fitness' collisions: 0.18035125702029395
new generation:  1237
Fittest                      40.431588020807084
highest fitness' coverage:   42.235100591010024
highest fitness' collisions: 0.1803512570202939
new generation:  1238
Fittest                      40.42420453692214
highest fitness' coverage:   42.22771710712508
highest fitness' collisions: 0.18035125702029395
new generation:  1239
Fittest                      40.436880210525956
highest fitness' coverage:   42.2403927807289
highest fitness' collisions: 0.1803512570202939
new generation:  1240
Fittest                      40.41932771651735
highest fitness' coverage:   42.22284028672029
highest fitness' collisions: 0.18035125702029395
new generation:  1241
Fittest                      40.41208600115296
highest fitness' coverage:   42.2155985713559
highest fitness' collisions: 0.18035125702029386
new generation:  1242
Fittest                      40.41614264171084
highest fitness' coverage:   42.21965521191378
highest fitness' collisions: 0.18035125702029392
new generation:  1243
Fittest                      40.428303190342874
highest fitness' coverage:   42.231815760545814
highest fitness' collisions: 0.18035125702029378
new generation:  1244
Fittest                      40.42559550126547
highest fitness' coverage:   42.21918862481641
highest fitness' collisions: 0.17935931235509422
new generation:  1245
Fittest                      40.43414229571788
highest fitness' coverage:   42.227735419268825
highest fitness' collisions: 0.1793593123550941
new generation:  1246
Fittest                      40.44349816573052
highest fitness' coverage:   42.23709128928146
highest fitness' collisions: 0.17935931235509417
new generation:  1247
Fittest                      40.456529880872594
highest fitness' coverage:   42.234165260152466
highest fitness' collisions: 0.17776353792798685
new generation:  1248
Fittest                      40.46086874343656
highest fitness' coverage:   42.238504122716435
highest fitness' collisions: 0.17776353792798688
new generation:  1249
Fittest                      40.45705363831001
highest fitness' coverage:   42.23468901758988
highest fitness' collisions: 0.17776353792798694
new generation:  1250
Fittest                      40.4649316287241
highest fitness' coverage:   42.23810017208246
highest fitness' collisions: 0.1773168543358359
new generation:  1251
Fittest                      40.45156476810502
highest fitness' coverage:   42.22473331146338
highest fitness' collisions: 0.17731685433583602
new generation:  1252
Fittest                      40.454747072910685
highest fitness' coverage:   42.227915616269044
highest fitness' collisions: 0.17731685433583602
new generation:  1253
Fittest                      40.46036422711892
highest fitness' coverage:   42.222701036060336
highest fitness' collisions: 0.1762336808941411
new generation:  1254
Fittest                      40.469365708777794
highest fitness' coverage:   42.23170251771921
highest fitness' collisions: 0.17623368089414118
new generation:  1255
Fittest                      40.48183015473857
highest fitness' coverage:   42.24416696367998
highest fitness' collisions: 0.17623368089414107
new generation:  1256
Fittest                      40.499956267159874
highest fitness' coverage:   42.26229307610129
highest fitness' collisions: 0.17623368089414113
new generation:  1257
Fittest                      40.48208179175056
highest fitness' coverage:   42.244418600691965
highest fitness' collisions: 0.17623368089414085
new generation:  1258
Fittest                      40.46612876223866
highest fitness' coverage:   42.22846557118007
highest fitness' collisions: 0.1762336808941409
new generation:  1259
Fittest                      40.479143025484554
highest fitness' coverage:   42.24147983442597
highest fitness' collisions: 0.1762336808941411
new generation:  1260
Fittest                      40.4623529199064
highest fitness' coverage:   42.224689728847814
highest fitness' collisions: 0.17623368089414104
new generation:  1261
Fittest                      40.47260138715188
highest fitness' coverage:   42.23523331701596
highest fitness' collisions: 0.1762631929864077
new generation:  1262
Fittest                      40.46869396811673
highest fitness' coverage:   42.23773959020519
highest fitness' collisions: 0.17690456220884548
new generation:  1263
Fittest                      40.47500343664516
highest fitness' coverage:   42.244049058733616
highest fitness' collisions: 0.17690456220884546
new generation:  1264
Fittest                      40.46195650141893
highest fitness' coverage:   42.23100212350739
highest fitness' collisions: 0.1769045622088454
new generation:  1265
Fittest                      40.4503796581227
highest fitness' coverage:   42.219425280211155
highest fitness' collisions: 0.17690456220884557
new generation:  1266
Fittest                      40.462288078779586
highest fitness' coverage:   42.23133370086804
highest fitness' collisions: 0.17690456220884562
new generation:  1267
Fittest                      40.502301690471626
highest fitness' coverage:   42.27510108831003
highest fitness' collisions: 0.1772799397838404
new generation:  1268
Fittest                      40.50310895283697
highest fitness' coverage:   42.27590835067537
highest fitness' collisions: 0.17727993978384032
new generation:  1269
Fittest                      40.514831847685656
highest fitness' coverage:   42.28763124552406
highest fitness' collisions: 0.17727993978384035
new generation:  1270
Fittest                      40.50937041467922
highest fitness' coverage:   42.28216981251762
highest fitness' collisions: 0.17727993978384038
new generation:  1271
Fittest                      40.51545686262685
highest fitness' coverage:   42.28825626046525
highest fitness' collisions: 0.1772799397838404
new generation:  1272
Fittest                      40.49692722234473
highest fitness' coverage:   42.269726620183135
highest fitness' collisions: 0.17727993978384038
new generation:  1273
Fittest                      40.51582516944834
highest fitness' coverage:   42.288624567286746
highest fitness' collisions: 0.1772799397838403
new generation:  1274
Fittest                      40.50538848866075
highest fitness' coverage:   42.278187886499154
highest fitness' collisions: 0.1772799397838404
new generation:  1275
Fittest                      40.51551826436948
highest fitness' coverage:   42.28831766220789
highest fitness' collisions: 0.17727993978384052
new generation:  1276
Fittest                      40.5219028850302
highest fitness' coverage:   42.294702282868606
highest fitness' collisions: 0.17727993978384046
new generation:  1277
Fittest                      40.517743380381006
highest fitness' coverage:   42.28141231999238
highest fitness' collisions: 0.17636689396113714
new generation:  1278
Fittest                      40.532348024325046
highest fitness' coverage:   42.29601696393642
highest fitness' collisions: 0.176366893961137
new generation:  1279
Fittest                      40.529895568967056
highest fitness' coverage:   42.29356450857843
highest fitness' collisions: 0.17636689396113694
new generation:  1280
Fittest                      40.54413085046075
highest fitness' coverage:   42.3005720920361
highest fitness' collisions: 0.1756441241575346
new generation:  1281
Fittest                      40.53656638160347
highest fitness' coverage:   42.293007623178816
highest fitness' collisions: 0.17564412415753483
new generation:  1282
Fittest                      40.534447015377026
highest fitness' coverage:   42.29088825695238
highest fitness' collisions: 0.1756441241575349
new generation:  1283
Fittest                      40.55233758783325
highest fitness' coverage:   42.308778829408595
highest fitness' collisions: 0.17564412415753472
new generation:  1284
Fittest                      40.53703378444864
highest fitness' coverage:   42.282379635332475
highest fitness' collisions: 0.17453458508838382
new generation:  1285
Fittest                      40.548590089309116
highest fitness' coverage:   42.29393594019296
highest fitness' collisions: 0.17453458508838401
new generation:  1286
Fittest                      40.55660623132978
highest fitness' coverage:   42.24443800886257
highest fitness' collisions: 0.16878317775327947
new generation:  1287
Fittest                      40.56911196668175
highest fitness' coverage:   42.256943744214546
highest fitness' collisions: 0.16878317775327958
new generation:  1288
Fittest                      40.572249259202955
highest fitness' coverage:   42.26008103673575
highest fitness' collisions: 0.1687831777532796
new generation:  1289
Fittest                      40.574922305014944
highest fitness' coverage:   42.26275408254774
highest fitness' collisions: 0.1687831777532794
new generation:  1290
Fittest                      40.58475144971418
highest fitness' coverage:   42.266308576359116
highest fitness' collisions: 0.16815571266449345
new generation:  1291
Fittest                      40.55658344549149
highest fitness' coverage:   42.23814057213642
highest fitness' collisions: 0.16815571266449356
new generation:  1292
Fittest                      40.59069930238776
highest fitness' coverage:   42.272256429032694
highest fitness' collisions: 0.16815571266449336
new generation:  1293
Fittest                      40.60542372294258
highest fitness' coverage:   42.28421636372852
highest fitness' collisions: 0.16787926407859372
new generation:  1294
Fittest                      40.639142331458196
highest fitness' coverage:   42.31896618221755
highest fitness' collisions: 0.16798238507593524
new generation:  1295
Fittest                      40.62713739210676
highest fitness' coverage:   42.306961242866116
highest fitness' collisions: 0.1679823850759353
new generation:  1296
Fittest                      40.61737348140921
highest fitness' coverage:   42.297197332168565
highest fitness' collisions: 0.16798238507593535
new generation:  1297
Fittest                      40.61377328691744
highest fitness' coverage:   42.2935971376768
highest fitness' collisions: 0.1679823850759352
new generation:  1298
Fittest                      40.642196986190356
highest fitness' coverage:   42.32202083694971
highest fitness' collisions: 0.16798238507593524
new generation:  1299
Fittest                      40.62986560123825
highest fitness' coverage:   42.309689451997606
highest fitness' collisions: 0.16798238507593524
new generation:  1300
Fittest                      40.61097533789868
highest fitness' coverage:   42.29684026177846
highest fitness' collisions: 0.16858649238797807
new generation:  1301
Fittest                      40.6301470433531
highest fitness' coverage:   42.316011967232875
highest fitness' collisions: 0.168586492387978
new generation:  1302
Fittest                      40.64165403596952
highest fitness' coverage:   42.32751895984931
highest fitness' collisions: 0.16858649238797818
new generation:  1303
Fittest                      40.601914909943446
highest fitness' coverage:   42.28777983382323
highest fitness' collisions: 0.1685864923879781
new generation:  1304
Fittest                      40.60423292797997
highest fitness' coverage:   42.290097851859755
highest fitness' collisions: 0.16858649238797815
new generation:  1305
Fittest                      40.61431308411361
highest fitness' coverage:   42.300228494424985
highest fitness' collisions: 0.16859154103113727
new generation:  1306
Fittest                      40.619533855762114
highest fitness' coverage:   42.308997399965826
highest fitness' collisions: 0.16894635442037093
new generation:  1307
Fittest                      40.62069574598558
highest fitness' coverage:   42.28417477379407
highest fitness' collisions: 0.1663479027808491
new generation:  1308
Fittest                      40.63085801721449
highest fitness' coverage:   42.294337045022985
highest fitness' collisions: 0.16634790278084893
new generation:  1309
Fittest                      40.63895945242025
highest fitness' coverage:   42.302438480228744
highest fitness' collisions: 0.166347902780849
new generation:  1310
Fittest                      40.64551068817873
highest fitness' coverage:   42.308989715987224
highest fitness' collisions: 0.1663479027808491
new generation:  1311
Fittest                      40.64233328891762
highest fitness' coverage:   42.29069124608672
highest fitness' collisions: 0.16483579571691015
new generation:  1312
Fittest                      40.655395137898964
highest fitness' coverage:   42.30375309506807
highest fitness' collisions: 0.16483579571691015
new generation:  1313
Fittest                      40.64680601461625
highest fitness' coverage:   42.29516397178536
highest fitness' collisions: 0.1648357957169101
new generation:  1314
Fittest                      40.623800147934354
highest fitness' coverage:   42.27215810510346
highest fitness' collisions: 0.16483579571691023
new generation:  1315
Fittest                      40.65474186592957
highest fitness' coverage:   42.30309982309868
highest fitness' collisions: 0.16483579571691012
new generation:  1316
Fittest                      40.62895476152026
highest fitness' coverage:   42.28204377057641
highest fitness' collisions: 0.16530890090561448
new generation:  1317
Fittest                      40.64774841438796
highest fitness' coverage:   42.30083742344411
highest fitness' collisions: 0.16530890090561443
new generation:  1318
Fittest                      40.60726562670811
highest fitness' coverage:   42.26035463576426
highest fitness' collisions: 0.16530890090561443
new generation:  1319
Fittest                      40.64732797025662
highest fitness' coverage:   42.300416979312764
highest fitness' collisions: 0.16530890090561426
new generation:  1320
Fittest                      40.64095430224144
highest fitness' coverage:   42.294043311297585
highest fitness' collisions: 0.16530890090561431
new generation:  1321
Fittest                      40.64462927997543
highest fitness' coverage:   42.29771828903158
highest fitness' collisions: 0.16530890090561454
new generation:  1322
Fittest                      40.63431396722274
highest fitness' coverage:   42.287402976278884
highest fitness' collisions: 0.16530890090561445
new generation:  1323
Fittest                      40.65055419055442
highest fitness' coverage:   42.30364319961057
highest fitness' collisions: 0.16530890090561437
new generation:  1324
Fittest                      40.63787522324899
highest fitness' coverage:   42.290964232305136
highest fitness' collisions: 0.1653089009056143
new generation:  1325
Fittest                      40.62571755442688
highest fitness' coverage:   42.288275255541755
highest fitness' collisions: 0.1662557701114876
new generation:  1326
Fittest                      40.61973994339678
highest fitness' coverage:   42.28229764451166
highest fitness' collisions: 0.16625577011148748
new generation:  1327
Fittest                      40.62851222027186
highest fitness' coverage:   42.291069921386736
highest fitness' collisions: 0.1662557701114877
new generation:  1328
Fittest                      40.64088643922373
highest fitness' coverage:   42.303444140338605
highest fitness' collisions: 0.16625577011148757
new generation:  1329
Fittest                      40.628050832241804
highest fitness' coverage:   42.27288367366145
highest fitness' collisions: 0.16448328414196423
new generation:  1330
Fittest                      40.67922271384733
highest fitness' coverage:   42.32405555526697
highest fitness' collisions: 0.16448328414196425
new generation:  1331
Fittest                      40.651412076140105
highest fitness' coverage:   42.29624491755975
highest fitness' collisions: 0.16448328414196414
new generation:  1332
Fittest                      40.66591767873753
highest fitness' coverage:   42.31075052015717
highest fitness' collisions: 0.1644832841419642
new generation:  1333
Fittest                      40.65671421620842
highest fitness' coverage:   42.30154705762806
highest fitness' collisions: 0.16448328414196411
new generation:  1334
Fittest                      40.653844818005055
highest fitness' coverage:   42.2986776594247
highest fitness' collisions: 0.1644832841419641
new generation:  1335
Fittest                      40.63871802370029
highest fitness' coverage:   42.283550865119935
highest fitness' collisions: 0.16448328414196403
new generation:  1336
Fittest                      40.67499482078279
highest fitness' coverage:   42.319827662202435
highest fitness' collisions: 0.1644832841419643
new generation:  1337
Fittest                      40.640690168536835
highest fitness' coverage:   42.28552300995648
highest fitness' collisions: 0.16448328414196417
new generation:  1338
Fittest                      40.66967296537701
highest fitness' coverage:   42.31450580679665
highest fitness' collisions: 0.16448328414196423
new generation:  1339
Fittest                      40.665748106157515
highest fitness' coverage:   42.31058094757716
highest fitness' collisions: 0.16448328414196436
new generation:  1340
Fittest                      40.66057667389882
highest fitness' coverage:   42.30540951531846
highest fitness' collisions: 0.1644832841419641
new generation:  1341
Fittest                      40.66990309740232
highest fitness' coverage:   42.31473593882196
highest fitness' collisions: 0.164483284141964
new generation:  1342
Fittest                      40.65968566794702
highest fitness' coverage:   42.304518509366666
highest fitness' collisions: 0.16448328414196406
new generation:  1343
Fittest                      40.657445982207435
highest fitness' coverage:   42.29850716088985
highest fitness' collisions: 0.16410611786824106
new generation:  1344
Fittest                      40.65156567095713
highest fitness' coverage:   42.29262684963955
highest fitness' collisions: 0.164106117868241
new generation:  1345
Fittest                      40.65448846328779
highest fitness' coverage:   42.295549641970204
highest fitness' collisions: 0.16410611786824109
new generation:  1346
Fittest                      40.66908500606846
highest fitness' coverage:   42.31014618475087
highest fitness' collisions: 0.16410611786824109
new generation:  1347
Fittest                      40.676201217291464
highest fitness' coverage:   42.31726239597388
highest fitness' collisions: 0.16410611786824136
new generation:  1348
Fittest                      40.668655241522906
highest fitness' coverage:   42.31037972896462
highest fitness' collisions: 0.16417244874417108
new generation:  1349
Fittest                      40.65748962333214
highest fitness' coverage:   42.29921411077385
highest fitness' collisions: 0.16417244874417108
new generation:  1350
Fittest                      40.65066392413884
highest fitness' coverage:   42.29238841158055
highest fitness' collisions: 0.16417244874417114
new generation:  1351
Fittest                      40.66876124570293
highest fitness' coverage:   42.30442692412506
highest fitness' collisions: 0.1635665678422128
new generation:  1352
Fittest                      40.666587953620535
highest fitness' coverage:   42.302253632042664
highest fitness' collisions: 0.16356656784221277
new generation:  1353
Fittest                      40.66310272204149
highest fitness' coverage:   42.298768400463615
highest fitness' collisions: 0.1635665678422126
new generation:  1354
Fittest                      40.66570317574754
highest fitness' coverage:   42.30136885416967
highest fitness' collisions: 0.1635665678422126
new generation:  1355
Fittest                      40.666233079729224
highest fitness' coverage:   42.30189875815135
highest fitness' collisions: 0.16356656784221263
new generation:  1356
Fittest                      40.69404878571551
highest fitness' coverage:   42.32971446413764
highest fitness' collisions: 0.16356656784221277
new generation:  1357
Fittest                      40.66539763152186
highest fitness' coverage:   42.30106330994399
highest fitness' collisions: 0.1635665678422126
new generation:  1358
Fittest                      40.681810744538446
highest fitness' coverage:   42.317476422960574
highest fitness' collisions: 0.16356656784221285
new generation:  1359
Fittest                      40.678191665100925
highest fitness' coverage:   42.313857343523054
highest fitness' collisions: 0.16356656784221257
new generation:  1360
Fittest                      40.65924970779743
highest fitness' coverage:   42.29491538621956
highest fitness' collisions: 0.1635665678422128
new generation:  1361
Fittest                      40.659578183984415
highest fitness' coverage:   42.295243862406544
highest fitness' collisions: 0.16356656784221257
new generation:  1362
Fittest                      40.66869519051879
highest fitness' coverage:   42.30436086894092
highest fitness' collisions: 0.16356656784221268
new generation:  1363
Fittest                      40.65919945149703
highest fitness' coverage:   42.29486512991916
highest fitness' collisions: 0.16356656784221257
new generation:  1364
Fittest                      40.666915298691265
highest fitness' coverage:   42.30427922076586
highest fitness' collisions: 0.16373639220745895
new generation:  1365
Fittest                      40.676215140278664
highest fitness' coverage:   42.313579062353256
highest fitness' collisions: 0.16373639220745895
new generation:  1366
Fittest                      40.66365265896006
highest fitness' coverage:   42.30213859948895
highest fitness' collisions: 0.16384859405288915
new generation:  1367
Fittest                      40.6686336903563
highest fitness' coverage:   42.30711963088519
highest fitness' collisions: 0.163848594052889
new generation:  1368
Fittest                      40.66297172546336
highest fitness' coverage:   42.301457665992245
highest fitness' collisions: 0.16384859405288899
new generation:  1369
Fittest                      40.691483287607305
highest fitness' coverage:   42.320205415154796
highest fitness' collisions: 0.16287221275474917
new generation:  1370
Fittest                      40.67055081884519
highest fitness' coverage:   42.29927294639268
highest fitness' collisions: 0.16287221275474917
new generation:  1371
Fittest                      40.68393037724133
highest fitness' coverage:   42.31136425523713
highest fitness' collisions: 0.16274338779957995
new generation:  1372
Fittest                      40.68094237118533
highest fitness' coverage:   42.30837624918113
highest fitness' collisions: 0.16274338779957984
new generation:  1373
Fittest                      40.69558377783669
highest fitness' coverage:   42.28994943946006
highest fitness' collisions: 0.159436566162337
new generation:  1374
Fittest                      40.71227664755393
highest fitness' coverage:   42.3066423091773
highest fitness' collisions: 0.15943656616233695
new generation:  1375
Fittest                      40.700838422416716
highest fitness' coverage:   42.29520408404009
highest fitness' collisions: 0.15943656616233692
new generation:  1376
Fittest                      40.69982443734014
highest fitness' coverage:   42.29419009896351
highest fitness' collisions: 0.15943656616233698
new generation:  1377
Fittest                      40.6973079006605
highest fitness' coverage:   42.29167356228387
highest fitness' collisions: 0.15943656616233698
new generation:  1378
Fittest                      40.67246000555081
highest fitness' coverage:   42.26682566717418
highest fitness' collisions: 0.15943656616233698
new generation:  1379
Fittest                      40.70054004121511
highest fitness' coverage:   42.294905702838484
highest fitness' collisions: 0.1594365661623371
new generation:  1380
Fittest                      40.71000704382315
highest fitness' coverage:   42.30437270544652
highest fitness' collisions: 0.15943656616233712
new generation:  1381
Fittest                      40.69038719155146
highest fitness' coverage:   42.28475285317483
highest fitness' collisions: 0.15943656616233695
new generation:  1382
Fittest                      40.70038087780271
highest fitness' coverage:   42.29474653942608
highest fitness' collisions: 0.159436566162337
new generation:  1383
Fittest                      40.68771462058824
highest fitness' coverage:   42.28208028221161
highest fitness' collisions: 0.15943656616233687
new generation:  1384
Fittest                      40.730902504950116
highest fitness' coverage:   42.32526816657349
highest fitness' collisions: 0.15943656616233687
new generation:  1385
Fittest                      40.69719217420715
highest fitness' coverage:   42.291557835830524
highest fitness' collisions: 0.15943656616233698
new generation:  1386
Fittest                      40.706249340770185
highest fitness' coverage:   42.300615002393556
highest fitness' collisions: 0.15943656616233698
new generation:  1387
Fittest                      40.70019304847069
highest fitness' coverage:   42.29455871009406
highest fitness' collisions: 0.15943656616233692
new generation:  1388
Fittest                      40.69648477448407
highest fitness' coverage:   42.29085043610744
highest fitness' collisions: 0.15943656616233692
new generation:  1389
Fittest                      40.68726850401151
highest fitness' coverage:   42.281634165634884
highest fitness' collisions: 0.15943656616233695
new generation:  1390
Fittest                      40.70037461863465
highest fitness' coverage:   42.29474028025802
highest fitness' collisions: 0.15943656616233692
new generation:  1391
Fittest                      40.697365331996934
highest fitness' coverage:   42.291730993620305
highest fitness' collisions: 0.15943656616233706
new generation:  1392
Fittest                      40.68734083353581
highest fitness' coverage:   42.281706495159185
highest fitness' collisions: 0.15943656616233706
new generation:  1393
Fittest                      40.70604194356193
highest fitness' coverage:   42.3004076051853
highest fitness' collisions: 0.15943656616233698
new generation:  1394
Fittest                      40.71678157836063
highest fitness' coverage:   42.31255977752863
highest fitness' collisions: 0.15957781991679937
new generation:  1395
Fittest                      40.7109854951234
highest fitness' coverage:   42.273248578611856
highest fitness' collisions: 0.15622630834884563
new generation:  1396
Fittest                      40.74092195225336
highest fitness' coverage:   42.30318503574182
highest fitness' collisions: 0.15622630834884588
new generation:  1397
Fittest                      40.72972009588741
highest fitness' coverage:   42.29198317937587
highest fitness' collisions: 0.15622630834884574
new generation:  1398
Fittest                      40.73183886448588
highest fitness' coverage:   42.29410194797434
highest fitness' collisions: 0.15622630834884574
new generation:  1399
Fittest                      40.7500594562271
highest fitness' coverage:   42.30659697633629
highest fitness' collisions: 0.1556537520109191
new generation:  1400
Fittest                      40.77105102277241
highest fitness' coverage:   42.3275885428816
highest fitness' collisions: 0.15565375201091902
new generation:  1401
Fittest                      40.7617991185986
highest fitness' coverage:   42.32241983257112
highest fitness' collisions: 0.1560620713972519
new generation:  1402
Fittest                      40.781350826178645
highest fitness' coverage:   42.33131146782987
highest fitness' collisions: 0.15499606416512224
new generation:  1403
Fittest                      40.86432004894633
highest fitness' coverage:   42.41428069059756
highest fitness' collisions: 0.15499606416512227
new generation:  1404
Fittest                      40.837053883877104
highest fitness' coverage:   42.38701452552833
highest fitness' collisions: 0.15499606416512246
new generation:  1405
Fittest                      40.84032973879901
highest fitness' coverage:   42.39029038045023
highest fitness' collisions: 0.1549960641651223
new generation:  1406
Fittest                      40.867196747006396
highest fitness' coverage:   42.41715738865762
highest fitness' collisions: 0.15499606416512235
new generation:  1407
Fittest                      40.842167331235146
highest fitness' coverage:   42.39212797288637
highest fitness' collisions: 0.15499606416512238
new generation:  1408
Fittest                      40.845656947411996
highest fitness' coverage:   42.39561758906322
highest fitness' collisions: 0.15499606416512238
new generation:  1409
Fittest                      40.83316770385349
highest fitness' coverage:   42.383128345504716
highest fitness' collisions: 0.15499606416512238
new generation:  1410
Fittest                      40.83421656376704
highest fitness' coverage:   42.38417720541827
highest fitness' collisions: 0.1549960641651226
new generation:  1411
Fittest                      40.84294439586963
highest fitness' coverage:   42.392905037520855
highest fitness' collisions: 0.1549960641651225
new generation:  1412
Fittest                      40.83564317185341
highest fitness' coverage:   42.39579255779236
highest fitness' collisions: 0.15601493859389515
new generation:  1413
Fittest                      40.83386749221322
highest fitness' coverage:   42.40497917678258
highest fitness' collisions: 0.1571111684569358
new generation:  1414
Fittest                      40.824750582590674
highest fitness' coverage:   42.395862267160034
highest fitness' collisions: 0.15711116845693593
new generation:  1415
Fittest                      40.81869842159677
highest fitness' coverage:   42.38981010616613
highest fitness' collisions: 0.15711116845693593
new generation:  1416
Fittest                      40.82264583496654
highest fitness' coverage:   42.3937575195359
highest fitness' collisions: 0.15711116845693587
new generation:  1417
Fittest                      40.80281438249979
highest fitness' coverage:   42.37392606706915
highest fitness' collisions: 0.15711116845693573
new generation:  1418
Fittest                      40.81844075697414
highest fitness' coverage:   42.3895524415435
highest fitness' collisions: 0.1571111684569358
new generation:  1419
Fittest                      40.81525008850501
highest fitness' coverage:   42.386874634458366
highest fitness' collisions: 0.15716245459533526
new generation:  1420
Fittest                      40.80842430837999
highest fitness' coverage:   42.38004885433334
highest fitness' collisions: 0.157162454595335
new generation:  1421
Fittest                      40.81700670434181
highest fitness' coverage:   42.359462209833794
highest fitness' collisions: 0.15424555054919878
new generation:  1422
Fittest                      40.84723734278834
highest fitness' coverage:   42.389692848280326
highest fitness' collisions: 0.15424555054919875
new generation:  1423
Fittest                      40.84673429072853
highest fitness' coverage:   42.38918979622051
highest fitness' collisions: 0.1542455505491989
new generation:  1424
Fittest                      40.835607859807624
highest fitness' coverage:   42.37806336529961
highest fitness' collisions: 0.15424555054919883
new generation:  1425
Fittest                      40.8444694095854
highest fitness' coverage:   42.38692491507739
highest fitness' collisions: 0.1542455505491987
new generation:  1426
Fittest                      40.83521649420335
highest fitness' coverage:   42.37767199969534
highest fitness' collisions: 0.15424555054919892
new generation:  1427
Fittest                      40.84518270082588
highest fitness' coverage:   42.38763820631787
highest fitness' collisions: 0.15424555054919883
new generation:  1428
Fittest                      40.84172963327527
highest fitness' coverage:   42.38418513876726
highest fitness' collisions: 0.15424555054919892
new generation:  1429
Fittest                      40.86228850529447
highest fitness' coverage:   42.40474401078646
highest fitness' collisions: 0.15424555054919886
new generation:  1430
Fittest                      40.84637754079887
highest fitness' coverage:   42.388833046290856
highest fitness' collisions: 0.1542455505491988
new generation:  1431
Fittest                      40.82108885987512
highest fitness' coverage:   42.37381582988551
highest fitness' collisions: 0.15527269700103927
new generation:  1432
Fittest                      40.82798144163245
highest fitness' coverage:   42.38070841164284
highest fitness' collisions: 0.15527269700103905
new generation:  1433
Fittest                      40.81595777295095
highest fitness' coverage:   42.36868474296134
highest fitness' collisions: 0.15527269700103896
new generation:  1434
Fittest                      40.809709887983765
highest fitness' coverage:   42.362436857994155
highest fitness' collisions: 0.15527269700103896
new generation:  1435
Fittest                      40.82830209862557
highest fitness' coverage:   42.38102906863596
highest fitness' collisions: 0.15527269700103902
new generation:  1436
Fittest                      40.824830666516014
highest fitness' coverage:   42.377557636526404
highest fitness' collisions: 0.15527269700103913
new generation:  1437
Fittest                      40.81920840900582
highest fitness' coverage:   42.37193537901621
highest fitness' collisions: 0.15527269700103907
new generation:  1438
Fittest                      40.833427413557835
highest fitness' coverage:   42.386154383568226
highest fitness' collisions: 0.15527269700103932
new generation:  1439
Fittest                      40.85207148402537
highest fitness' coverage:   42.40479845403576
highest fitness' collisions: 0.155272697001039
new generation:  1440
Fittest                      40.84381336867164
highest fitness' coverage:   42.39654033868203
highest fitness' collisions: 0.15527269700103916
new generation:  1441
Fittest                      40.82150199439182
highest fitness' coverage:   42.37422896440221
highest fitness' collisions: 0.15527269700103907
new generation:  1442
Fittest                      40.82097084924474
highest fitness' coverage:   42.37369781925513
highest fitness' collisions: 0.15527269700103924
new generation:  1443
Fittest                      40.82152751424994
highest fitness' coverage:   42.37425448426033
highest fitness' collisions: 0.15527269700103913
new generation:  1444
Fittest                      40.836831746928326
highest fitness' coverage:   42.389558716938716
highest fitness' collisions: 0.15527269700103907
new generation:  1445
Fittest                      40.837933426859834
highest fitness' coverage:   42.390660396870224
highest fitness' collisions: 0.15527269700103907
new generation:  1446
Fittest                      40.8432509972499
highest fitness' coverage:   42.39597796726029
highest fitness' collisions: 0.1552726970010391
new generation:  1447
Fittest                      40.81906648327823
highest fitness' coverage:   42.37179345328862
highest fitness' collisions: 0.15527269700103907
new generation:  1448
Fittest                      40.8316074132098
highest fitness' coverage:   42.38433438322019
highest fitness' collisions: 0.15527269700103907
new generation:  1449
Fittest                      40.811679795988894
highest fitness' coverage:   42.364406765999284
highest fitness' collisions: 0.15527269700103905
new generation:  1450
Fittest                      40.85017916682571
highest fitness' coverage:   42.4029061368361
highest fitness' collisions: 0.15527269700103902
new generation:  1451
Fittest                      40.83056097856515
highest fitness' coverage:   42.38328794857554
highest fitness' collisions: 0.1552726970010391
new generation:  1452
Fittest                      40.833569410211766
highest fitness' coverage:   42.386296380222156
highest fitness' collisions: 0.1552726970010391
new generation:  1453
Fittest                      40.8312513197809
highest fitness' coverage:   42.38397828979129
highest fitness' collisions: 0.1552726970010391
new generation:  1454
Fittest                      40.89953866472864
highest fitness' coverage:   42.4526825041225
highest fitness' collisions: 0.15531438393938615
new generation:  1455
Fittest                      40.927309949577314
highest fitness' coverage:   42.480453788971175
highest fitness' collisions: 0.15531438393938615
new generation:  1456
Fittest                      40.87812734009759
highest fitness' coverage:   42.43493953982725
highest fitness' collisions: 0.15568121997296588
new generation:  1457
Fittest                      40.88274616800793
highest fitness' coverage:   42.43955836773759
highest fitness' collisions: 0.15568121997296594
new generation:  1458
Fittest                      40.896442085214076
highest fitness' coverage:   42.45325428494374
highest fitness' collisions: 0.15568121997296594
new generation:  1459
Fittest                      40.89329340107706
highest fitness' coverage:   42.450105600806715
highest fitness' collisions: 0.1556812199729658
new generation:  1460
Fittest                      40.89647449166421
highest fitness' coverage:   42.45328669139386
highest fitness' collisions: 0.1556812199729659
new generation:  1461
Fittest                      40.8872115129375
highest fitness' coverage:   42.44402371266715
highest fitness' collisions: 0.15568121997296588
new generation:  1462
Fittest                      40.86773379150894
highest fitness' coverage:   42.4242557365554
highest fitness' collisions: 0.15565219450464604
new generation:  1463
Fittest                      40.869520623483204
highest fitness' coverage:   42.418224183568235
highest fitness' collisions: 0.1548703560085031
new generation:  1464
Fittest                      40.873130751637696
highest fitness' coverage:   42.421834311722726
highest fitness' collisions: 0.15487035600850332
new generation:  1465
Fittest                      40.878816739959184
highest fitness' coverage:   42.427520300044215
highest fitness' collisions: 0.15487035600850318
new generation:  1466
Fittest                      40.878490643647886
highest fitness' coverage:   42.43114121204664
highest fitness' collisions: 0.15526505683987515
new generation:  1467
Fittest                      40.89452359854501
highest fitness' coverage:   42.44717416694375
highest fitness' collisions: 0.155265056839875
new generation:  1468
Fittest                      40.881128588765215
highest fitness' coverage:   42.43377915716397
highest fitness' collisions: 0.1552650568398751
new generation:  1469
Fittest                      40.88159021510411
highest fitness' coverage:   42.43424078350286
highest fitness' collisions: 0.155265056839875
new generation:  1470
Fittest                      40.89402689120548
highest fitness' coverage:   42.44667745960423
highest fitness' collisions: 0.15526505683987504
new generation:  1471
Fittest                      40.86881390278774
highest fitness' coverage:   42.421464471186496
highest fitness' collisions: 0.15526505683987507
new generation:  1472
Fittest                      40.88122986263976
highest fitness' coverage:   42.43388043103852
highest fitness' collisions: 0.1552650568398751
new generation:  1473
Fittest                      40.88575224825283
highest fitness' coverage:   42.43840281665158
highest fitness' collisions: 0.15526505683987502
new generation:  1474
Fittest                      40.885072855573654
highest fitness' coverage:   42.43772342397241
highest fitness' collisions: 0.15526505683987502
new generation:  1475
Fittest                      40.894031871977674
highest fitness' coverage:   42.44668244037643
highest fitness' collisions: 0.15526505683987502
new generation:  1476
Fittest                      40.87460664203743
highest fitness' coverage:   42.42725721043618
highest fitness' collisions: 0.15526505683987507
new generation:  1477
Fittest                      40.89494742717599
highest fitness' coverage:   42.447597995574746
highest fitness' collisions: 0.15526505683987504
new generation:  1478
Fittest                      40.87847103369078
highest fitness' coverage:   42.43112160208953
highest fitness' collisions: 0.15526505683987515
new generation:  1479
Fittest                      40.87165005763814
highest fitness' coverage:   42.424300626036896
highest fitness' collisions: 0.15526505683987518
new generation:  1480
Fittest                      40.89695984074913
highest fitness' coverage:   42.44961040914788
highest fitness' collisions: 0.155265056839875
new generation:  1481
Fittest                      40.86167179163538
highest fitness' coverage:   42.408470379632064
highest fitness' collisions: 0.15467985879966828
new generation:  1482
Fittest                      40.871481395034905
highest fitness' coverage:   42.41827998303159
highest fitness' collisions: 0.15467985879966858
new generation:  1483
Fittest                      40.88105917524998
highest fitness' coverage:   42.427857763246664
highest fitness' collisions: 0.15467985879966853
new generation:  1484
Fittest                      40.893669810515554
highest fitness' coverage:   42.440468398512245
highest fitness' collisions: 0.1546798587996687
new generation:  1485
Fittest                      40.87328110353341
highest fitness' coverage:   42.41268781680144
highest fitness' collisions: 0.15394067132680295
new generation:  1486
Fittest                      40.898011623718446
highest fitness' coverage:   42.437418336986475
highest fitness' collisions: 0.153940671326803
new generation:  1487
Fittest                      40.90198734897182
highest fitness' coverage:   42.433766529370125
highest fitness' collisions: 0.15317791803982997
new generation:  1488
Fittest                      40.92683840733681
highest fitness' coverage:   42.45861758773511
highest fitness' collisions: 0.15317791803982994
new generation:  1489
Fittest                      40.89582541284645
highest fitness' coverage:   42.42760459324475
highest fitness' collisions: 0.15317791803983008
new generation:  1490
Fittest                      40.919104205895756
highest fitness' coverage:   42.450051622522956
highest fitness' collisions: 0.15309474166271966
new generation:  1491
Fittest                      40.93382936319891
highest fitness' coverage:   42.45875118396536
highest fitness' collisions: 0.1524921820766453
new generation:  1492
Fittest                      40.91199176778609
highest fitness' coverage:   42.43691358855254
highest fitness' collisions: 0.1524921820766452
new generation:  1493
Fittest                      40.914888982358235
highest fitness' coverage:   42.43981080312469
highest fitness' collisions: 0.15249218207664547
new generation:  1494
Fittest                      40.91564652010971
highest fitness' coverage:   42.446398743098676
highest fitness' collisions: 0.15307522229889678
new generation:  1495
Fittest                      40.886798834744795
highest fitness' coverage:   42.42536944269519
highest fitness' collisions: 0.15385706079503947
new generation:  1496
Fittest                      40.88101393286503
highest fitness' coverage:   42.41958454081543
highest fitness' collisions: 0.1538570607950394
new generation:  1497
Fittest                      40.8867344684958
highest fitness' coverage:   42.42530507644619
highest fitness' collisions: 0.15385706079503936
new generation:  1498
Fittest                      40.8797663356591
highest fitness' coverage:   42.41833694360949
highest fitness' collisions: 0.15385706079503927
new generation:  1499
Fittest                      40.905059923610764
highest fitness' coverage:   42.443630531561155
highest fitness' collisions: 0.15385706079503936
new generation:  1500
Fittest                      40.895179190231694
highest fitness' coverage:   42.43374979818209
highest fitness' collisions: 0.15385706079503947
new generation:  1501
Fittest                      40.89839651133364
highest fitness' coverage:   42.436967119284034
highest fitness' collisions: 0.15385706079503952
new generation:  1502
Fittest                      40.88570444582025
highest fitness' coverage:   42.42427505377065
highest fitness' collisions: 0.15385706079503955
new generation:  1503
Fittest                      40.885821064361366
highest fitness' coverage:   42.42439167231176
highest fitness' collisions: 0.15385706079503939
new generation:  1504
Fittest                      40.89572546721694
highest fitness' coverage:   42.43351855390909
highest fitness' collisions: 0.153779308669215
new generation:  1505
Fittest                      40.89933386106075
highest fitness' coverage:   42.437126947752894
highest fitness' collisions: 0.15377930866921483
new generation:  1506
Fittest                      40.90934523703761
highest fitness' coverage:   42.44713832372976
highest fitness' collisions: 0.15377930866921483
new generation:  1507
Fittest                      40.89695143792376
highest fitness' coverage:   42.43474452461591
highest fitness' collisions: 0.15377930866921496
new generation:  1508
Fittest                      40.91044753680617
highest fitness' coverage:   42.458803101633066
highest fitness' collisions: 0.1548355564826898
new generation:  1509
Fittest                      40.91029118576077
highest fitness' coverage:   42.45864675058767
highest fitness' collisions: 0.15483555648268976
new generation:  1510
Fittest                      40.90197785307456
highest fitness' coverage:   42.45033341790146
highest fitness' collisions: 0.1548355564826899
new generation:  1511
Fittest                      40.8952427386069
highest fitness' coverage:   42.449623899294544
highest fitness' collisions: 0.15543811606876426
new generation:  1512
Fittest                      40.89495498544696
highest fitness' coverage:   42.44331055027386
highest fitness' collisions: 0.1548355564826897
new generation:  1513
Fittest                      40.928917027340695
highest fitness' coverage:   42.477272592167594
highest fitness' collisions: 0.15483555648269
new generation:  1514
Fittest                      40.9320777870837
highest fitness' coverage:   42.4804333519106
highest fitness' collisions: 0.15483555648268973
new generation:  1515
Fittest                      40.883231917909484
highest fitness' coverage:   42.43158748273638
highest fitness' collisions: 0.15483555648268998
new generation:  1516
Fittest                      40.91055604138229
highest fitness' coverage:   42.45891160620919
highest fitness' collisions: 0.15483555648268976
new generation:  1517
Fittest                      40.88976230773396
highest fitness' coverage:   42.43811787256086
highest fitness' collisions: 0.15483555648268996
new generation:  1518
Fittest                      40.89570493657779
highest fitness' coverage:   42.44406050140469
highest fitness' collisions: 0.15483555648268973
new generation:  1519
Fittest                      40.9075629919842
highest fitness' coverage:   42.4559185568111
highest fitness' collisions: 0.15483555648269
new generation:  1520
Fittest                      40.904222051433635
highest fitness' coverage:   42.452577616260534
highest fitness' collisions: 0.15483555648269007
new generation:  1521
Fittest                      40.901748560221364
highest fitness' coverage:   42.45010412504826
highest fitness' collisions: 0.15483555648268976
new generation:  1522
Fittest                      40.88892581345193
highest fitness' coverage:   42.437281378278826
highest fitness' collisions: 0.1548355564826899
new generation:  1523
Fittest                      40.902724825336136
highest fitness' coverage:   42.44466669793866
highest fitness' collisions: 0.15419418726025197
new generation:  1524
Fittest                      40.910343657323324
highest fitness' coverage:   42.452285529925845
highest fitness' collisions: 0.15419418726025194
new generation:  1525
Fittest                      40.905363428542586
highest fitness' coverage:   42.44730530114511
highest fitness' collisions: 0.154194187260252
new generation:  1526
Fittest                      40.89511474122327
highest fitness' coverage:   42.43705661382579
highest fitness' collisions: 0.154194187260252
new generation:  1527
Fittest                      41.31567872302377
highest fitness' coverage:   43.16074993718611
highest fitness' collisions: 0.1845071214162336
new generation:  1528
Fittest                      41.31218406520577
highest fitness' coverage:   43.164499638968856
highest fitness' collisions: 0.1852315573763085
new generation:  1529
Fittest                      41.32196399391118
highest fitness' coverage:   43.17427956767427
highest fitness' collisions: 0.1852315573763087
new generation:  1530
Fittest                      41.310906380442866
highest fitness' coverage:   43.15818269812743
highest fitness' collisions: 0.1847276317684565
new generation:  1531
Fittest                      41.3271185612135
highest fitness' coverage:   43.191626425576324
highest fitness' collisions: 0.18645078643628232
new generation:  1532
Fittest                      41.30884445487215
highest fitness' coverage:   43.1729491056706
highest fitness' collisions: 0.1864104650798446
new generation:  1533
Fittest                      41.33914591076875
highest fitness' coverage:   43.18524105016578
highest fitness' collisions: 0.1846095139397032
new generation:  1534
Fittest                      41.3204201383898
highest fitness' coverage:   43.16651527778683
highest fitness' collisions: 0.184609513939703
new generation:  1535
Fittest                      41.31653727946786
highest fitness' coverage:   43.162632418864895
highest fitness' collisions: 0.18460951393970332
new generation:  1536
Fittest                      41.311337715811774
highest fitness' coverage:   43.15732320738919
highest fitness' collisions: 0.1845985491577418
new generation:  1537
Fittest                      41.332375315277304
highest fitness' coverage:   43.17836080685472
highest fitness' collisions: 0.1845985491577419
new generation:  1538
Fittest                      41.336080992277445
highest fitness' coverage:   43.168521403610434
highest fitness' collisions: 0.1832440411332989
new generation:  1539
Fittest                      41.337386168742285
highest fitness' coverage:   43.169826580075274
highest fitness' collisions: 0.18324404113329917
new generation:  1540
Fittest                      41.34576894692678
highest fitness' coverage:   43.17843323037363
highest fitness' collisions: 0.1832664283446849
new generation:  1541
Fittest                      41.349175916067004
highest fitness' coverage:   43.18184019951386
highest fitness' collisions: 0.183266428344685
new generation:  1542
Fittest                      41.3365985927776
highest fitness' coverage:   43.169262876224444
highest fitness' collisions: 0.18326642834468476
new generation:  1543
Fittest                      41.33665517851773
highest fitness' coverage:   43.169319461964584
highest fitness' collisions: 0.18326642834468504
new generation:  1544
Fittest                      41.34033164380412
highest fitness' coverage:   43.172995927250966
highest fitness' collisions: 0.18326642834468485
new generation:  1545
Fittest                      41.354720677782645
highest fitness' coverage:   43.18738496122949
highest fitness' collisions: 0.1832664283446848
new generation:  1546
Fittest                      41.336816466231795
highest fitness' coverage:   43.16948074967865
highest fitness' collisions: 0.18326642834468493
new generation:  1547
Fittest                      41.355375003682845
highest fitness' coverage:   43.1880392871297
highest fitness' collisions: 0.18326642834468498
new generation:  1548
Fittest                      41.33422423837093
highest fitness' coverage:   43.166888521817775
highest fitness' collisions: 0.18326642834468487
new generation:  1549
Fittest                      41.35002279409233
highest fitness' coverage:   43.17913894364685
highest fitness' collisions: 0.18291161495545125
new generation:  1550
Fittest                      41.329822405061165
highest fitness' coverage:   43.15807103173507
highest fitness' collisions: 0.18282486266739037
new generation:  1551
Fittest                      41.350709090421404
highest fitness' coverage:   43.17895771709531
highest fitness' collisions: 0.18282486266739015
new generation:  1552
Fittest                      41.34743986022505
highest fitness' coverage:   43.17568848689895
highest fitness' collisions: 0.18282486266738995
new generation:  1553
Fittest                      41.338279692702486
highest fitness' coverage:   43.16652831937639
highest fitness' collisions: 0.18282486266739015
new generation:  1554
Fittest                      41.32502330956676
highest fitness' coverage:   43.15983585817863
highest fitness' collisions: 0.18348125486118735
new generation:  1555
Fittest                      41.353551638241164
highest fitness' coverage:   43.188364186853036
highest fitness' collisions: 0.1834812548611875
new generation:  1556
Fittest                      41.32533696418446
highest fitness' coverage:   43.16014951279633
highest fitness' collisions: 0.18348125486118752
new generation:  1557
Fittest                      41.32800331939383
highest fitness' coverage:   43.1628158680057
highest fitness' collisions: 0.1834812548611874
new generation:  1558
Fittest                      41.359828049704284
highest fitness' coverage:   43.194640598316155
highest fitness' collisions: 0.18348125486118752
new generation:  1559
Fittest                      41.32475818323076
highest fitness' coverage:   43.159570731842635
highest fitness' collisions: 0.18348125486118738
new generation:  1560
Fittest                      41.32895816386804
highest fitness' coverage:   43.160139931932214
highest fitness' collisions: 0.18311817680641737
new generation:  1561
Fittest                      41.320331802433714
highest fitness' coverage:   43.14369518553646
highest fitness' collisions: 0.18233633831027476
new generation:  1562
Fittest                      41.35210489095529
highest fitness' coverage:   43.175468274058034
highest fitness' collisions: 0.1823363383102747
new generation:  1563
Fittest                      41.33079134436616
highest fitness' coverage:   43.15686253820914
highest fitness' collisions: 0.1826071193842976
new generation:  1564
Fittest                      41.34302998663774
highest fitness' coverage:   43.169101180480716
highest fitness' collisions: 0.1826071193842979
new generation:  1565
Fittest                      41.35641066391746
highest fitness' coverage:   43.182481857760436
highest fitness' collisions: 0.18260711938429786
new generation:  1566
Fittest                      41.33396937787129
highest fitness' coverage:   43.16004057171427
highest fitness' collisions: 0.18260711938429763
new generation:  1567
Fittest                      41.34146304124231
highest fitness' coverage:   43.167534235085284
highest fitness' collisions: 0.18260711938429766
new generation:  1568
Fittest                      41.35367537183027
highest fitness' coverage:   43.17974656567325
highest fitness' collisions: 0.1826071193842975
new generation:  1569
Fittest                      41.3866800811393
highest fitness' coverage:   43.21275127498228
highest fitness' collisions: 0.18260711938429772
new generation:  1570
Fittest                      41.36533065232666
highest fitness' coverage:   43.19140184616964
highest fitness' collisions: 0.18260711938429763
new generation:  1571
Fittest                      41.34748122572642
highest fitness' coverage:   43.1735524195694
highest fitness' collisions: 0.18260711938429766
new generation:  1572
Fittest                      41.34303243803003
highest fitness' coverage:   43.16939203502332
highest fitness' collisions: 0.1826359596993289
new generation:  1573
Fittest                      41.33055075044609
highest fitness' coverage:   43.15691034743938
highest fitness' collisions: 0.18263595969932875
new generation:  1574
Fittest                      41.315060325124996
highest fitness' coverage:   43.14141992211828
highest fitness' collisions: 0.1826359596993288
new generation:  1575
Fittest                      41.354578206972896
highest fitness' coverage:   43.17568756184489
highest fitness' collisions: 0.18211093548719898
new generation:  1576
Fittest                      41.36425935919731
highest fitness' coverage:   43.18291065539178
highest fitness' collisions: 0.18186512961944665
new generation:  1577
Fittest                      41.36409674066899
highest fitness' coverage:   43.18274803686346
highest fitness' collisions: 0.18186512961944679
new generation:  1578
Fittest                      41.34779740984638
highest fitness' coverage:   43.166448706040846
highest fitness' collisions: 0.18186512961944654
new generation:  1579
Fittest                      41.35131916598977
highest fitness' coverage:   43.16997046218424
highest fitness' collisions: 0.18186512961944665
new generation:  1580
Fittest                      41.353498011355256
highest fitness' coverage:   43.172149307549724
highest fitness' collisions: 0.18186512961944679
new generation:  1581
Fittest                      41.35655217692103
highest fitness' coverage:   43.167260190768246
highest fitness' collisions: 0.1810708013847222
new generation:  1582
Fittest                      41.367029529903675
highest fitness' coverage:   43.167022350698524
highest fitness' collisions: 0.17999928207948457
new generation:  1583
Fittest                      41.36037201029992
highest fitness' coverage:   43.16036483109477
highest fitness' collisions: 0.1799992820794848
new generation:  1584
Fittest                      41.37610896714007
highest fitness' coverage:   43.17610178793491
highest fitness' collisions: 0.17999928207948446
new generation:  1585
Fittest                      41.3601841807703
highest fitness' coverage:   43.16984509834938
highest fitness' collisions: 0.18096609175790798
new generation:  1586
Fittest                      41.366093824376
highest fitness' coverage:   43.17575474195508
highest fitness' collisions: 0.18096609175790784
new generation:  1587
Fittest                      41.360274577898
highest fitness' coverage:   43.16993549547708
highest fitness' collisions: 0.18096609175790787
new generation:  1588
Fittest                      41.36066868038393
highest fitness' coverage:   43.17032959796301
highest fitness' collisions: 0.18096609175790798
new generation:  1589
Fittest                      41.36884341089021
highest fitness' coverage:   43.17850432846929
highest fitness' collisions: 0.18096609175790795
new generation:  1590
Fittest                      41.374836276134104
highest fitness' coverage:   43.184497193713185
highest fitness' collisions: 0.18096609175790798
new generation:  1591
Fittest                      41.37508132822135
highest fitness' coverage:   43.223443457611104
highest fitness' collisions: 0.18483621293897576
new generation:  1592
Fittest                      41.41103103281712
highest fitness' coverage:   43.25939316220688
highest fitness' collisions: 0.18483621293897548
new generation:  1593
Fittest                      41.41417475872271
highest fitness' coverage:   43.262536888112464
highest fitness' collisions: 0.18483621293897554
new generation:  1594
Fittest                      41.398204878592274
highest fitness' coverage:   43.24656700798203
highest fitness' collisions: 0.18483621293897545
new generation:  1595
Fittest                      41.41208380998211
highest fitness' coverage:   43.25739313162898
highest fitness' collisions: 0.18453093216468694
new generation:  1596
Fittest                      41.42655870980405
highest fitness' coverage:   43.275265936628045
highest fitness' collisions: 0.18487072268239998
new generation:  1597
Fittest                      41.45285914629945
highest fitness' coverage:   43.30603320904496
highest fitness' collisions: 0.18531740627455112
new generation:  1598
Fittest                      41.477549026925395
highest fitness' coverage:   43.330723089670904
highest fitness' collisions: 0.1853174062745511
new generation:  1599
Fittest                      41.46219617637995
highest fitness' coverage:   43.34402661882959
highest fitness' collisions: 0.18818304424496413
new generation:  1600
Fittest                      41.434063348027415
highest fitness' coverage:   43.315893790477055
highest fitness' collisions: 0.18818304424496374
new generation:  1601
Fittest                      41.430546118678805
highest fitness' coverage:   43.312376561128445
highest fitness' collisions: 0.1881830442449641
new generation:  1602
Fittest                      41.43130373521114
highest fitness' coverage:   43.31313417766078
highest fitness' collisions: 0.18818304424496388
new generation:  1603
Fittest                      41.424938779595365
highest fitness' coverage:   43.306769222045006
highest fitness' collisions: 0.1881830442449641
new generation:  1604
Fittest                      41.41767112414688
highest fitness' coverage:   43.29950156659652
highest fitness' collisions: 0.1881830442449639
new generation:  1605
Fittest                      41.43971757779027
highest fitness' coverage:   43.32154802023991
highest fitness' collisions: 0.1881830442449639
new generation:  1606
Fittest                      41.427203409539416
highest fitness' coverage:   43.30903385198906
highest fitness' collisions: 0.188183044244964
new generation:  1607
Fittest                      41.441918190979976
highest fitness' coverage:   43.32196727432435
highest fitness' collisions: 0.18800490833443734
new generation:  1608
Fittest                      41.44983424344859
highest fitness' coverage:   43.32988332679297
highest fitness' collisions: 0.18800490833443775
new generation:  1609
Fittest                      41.45518045776236
highest fitness' coverage:   43.32539459242057
highest fitness' collisions: 0.18702141346582135
new generation:  1610
Fittest                      41.45477611661178
highest fitness' coverage:   43.324990251269995
highest fitness' collisions: 0.18702141346582118
new generation:  1611
Fittest                      41.44840700779085
highest fitness' coverage:   43.31862114244906
highest fitness' collisions: 0.18702141346582107
new generation:  1612
Fittest                      41.45078959457411
highest fitness' coverage:   43.321003729232324
highest fitness' collisions: 0.1870214134658213
new generation:  1613
Fittest                      41.46013206081718
highest fitness' coverage:   43.33034619547539
highest fitness' collisions: 0.18702141346582127
new generation:  1614
Fittest                      41.47508068590993
highest fitness' coverage:   43.3338502044019
highest fitness' collisions: 0.18587695184919692
new generation:  1615
Fittest                      41.46352266890538
highest fitness' coverage:   43.322292187397345
highest fitness' collisions: 0.1858769518491968
new generation:  1616
Fittest                      41.47164201328669
highest fitness' coverage:   43.33041153177866
highest fitness' collisions: 0.18587695184919673
new generation:  1617
Fittest                      41.47037995084641
highest fitness' coverage:   43.318787960904366
highest fitness' collisions: 0.18484080100579592
new generation:  1618
Fittest                      41.46451385719456
highest fitness' coverage:   43.31292186725252
highest fitness' collisions: 0.18484080100579597
new generation:  1619
Fittest                      41.49785824588771
highest fitness' coverage:   43.34626625594567
highest fitness' collisions: 0.18484080100579597
new generation:  1620
Fittest                      41.4918510581981
highest fitness' coverage:   43.35044781254379
highest fitness' collisions: 0.1858596754345688
new generation:  1621
Fittest                      41.46271165235273
highest fitness' coverage:   43.32130840669842
highest fitness' collisions: 0.18585967543456886
new generation:  1622
Fittest                      41.46576150561354
highest fitness' coverage:   43.32435825995923
highest fitness' collisions: 0.1858596754345689
new generation:  1623
Fittest                      41.469114263167334
highest fitness' coverage:   43.327711017513025
highest fitness' collisions: 0.18585967543456886
new generation:  1624
Fittest                      41.46675535938927
highest fitness' coverage:   43.32535211373496
highest fitness' collisions: 0.18585967543456872
new generation:  1625
Fittest                      41.48514135482475
highest fitness' coverage:   43.34373810917044
highest fitness' collisions: 0.1858596754345687
new generation:  1626
Fittest                      41.478065261300294
highest fitness' coverage:   43.336662015645985
highest fitness' collisions: 0.18585967543456874
new generation:  1627
Fittest                      41.44349939406284
highest fitness' coverage:   43.30209614840853
highest fitness' collisions: 0.18585967543456866
new generation:  1628
Fittest                      41.46633435707825
highest fitness' coverage:   43.32493111142394
highest fitness' collisions: 0.18585967543456902
new generation:  1629
Fittest                      41.46950177627026
highest fitness' coverage:   43.328098530615954
highest fitness' collisions: 0.18585967543456883
new generation:  1630
Fittest                      41.46860912313847
highest fitness' coverage:   43.32720587748416
highest fitness' collisions: 0.18585967543456883
new generation:  1631
Fittest                      41.46279815711323
highest fitness' coverage:   43.32139491145892
highest fitness' collisions: 0.18585967543456877
new generation:  1632
Fittest                      41.478255353773946
highest fitness' coverage:   43.33768177022544
highest fitness' collisions: 0.18594264164514943
new generation:  1633
Fittest                      41.46294837345514
highest fitness' coverage:   43.32237478990663
highest fitness' collisions: 0.1859426416451494
new generation:  1634
Fittest                      41.455181914719574
highest fitness' coverage:   43.340592847566285
highest fitness' collisions: 0.18854109328467128
new generation:  1635
Fittest                      41.45853885967388
highest fitness' coverage:   43.3439497925206
highest fitness' collisions: 0.1885410932846714
new generation:  1636
Fittest                      41.43249661636995
highest fitness' coverage:   43.31790754921667
highest fitness' collisions: 0.18854109328467156
new generation:  1637
Fittest                      41.45123783403764
highest fitness' coverage:   43.33664876688436
highest fitness' collisions: 0.18854109328467158
new generation:  1638
Fittest                      41.459709250232606
highest fitness' coverage:   43.42052309845943
highest fitness' collisions: 0.19608138482268211
new generation:  1639
Fittest                      41.46791421416524
highest fitness' coverage:   43.42872806239206
highest fitness' collisions: 0.19608138482268234
new generation:  1640
Fittest                      41.470972641765215
highest fitness' coverage:   43.43812576656529
highest fitness' collisions: 0.1967153124800079
new generation:  1641
Fittest                      41.46562937378053
highest fitness' coverage:   43.432782498580615
highest fitness' collisions: 0.19671531248000812
new generation:  1642
Fittest                      41.45556842212124
highest fitness' coverage:   43.422721546921316
highest fitness' collisions: 0.19671531248000784
new generation:  1643
Fittest                      41.46547413979957
highest fitness' coverage:   43.432627264599645
highest fitness' collisions: 0.19671531248000795
new generation:  1644
Fittest                      41.47479683809036
highest fitness' coverage:   43.44194996289044
highest fitness' collisions: 0.19671531248000798
new generation:  1645
Fittest                      41.45936233581469
highest fitness' coverage:   43.42651546061477
highest fitness' collisions: 0.19671531248000815
new generation:  1646
Fittest                      41.456099958555725
highest fitness' coverage:   43.4232530833558
highest fitness' collisions: 0.19671531248000812
new generation:  1647
Fittest                      41.46265416731249
highest fitness' coverage:   43.42980729211257
highest fitness' collisions: 0.19671531248000812
new generation:  1648
Fittest                      41.47343501393907
highest fitness' coverage:   43.439341427587784
highest fitness' collisions: 0.1965906413648714
new generation:  1649
Fittest                      41.494010772477296
highest fitness' coverage:   43.45991718612601
highest fitness' collisions: 0.19659064136487142
new generation:  1650
Fittest                      41.43564687937713
highest fitness' coverage:   43.40155329302584
highest fitness' collisions: 0.1965906413648711
new generation:  1651
Fittest                      41.472202641547106
highest fitness' coverage:   43.43601975906496
highest fitness' collisions: 0.1963817117517857
new generation:  1652
Fittest                      41.456496931450154
highest fitness' coverage:   43.42031404896801
highest fitness' collisions: 0.19638171175178556
new generation:  1653
Fittest                      41.465866091936526
highest fitness' coverage:   43.42968320945438
highest fitness' collisions: 0.19638171175178573
new generation:  1654
Fittest                      41.471698772588496
highest fitness' coverage:   43.43551589010636
highest fitness' collisions: 0.19638171175178593
new generation:  1655
Fittest                      41.478385562828144
highest fitness' coverage:   43.44197880823214
highest fitness' collisions: 0.19635932454040014
new generation:  1656
Fittest                      41.462676742653464
highest fitness' coverage:   43.42626998805746
highest fitness' collisions: 0.19635932454040003
new generation:  1657
Fittest                      41.48158000295694
highest fitness' coverage:   43.445173248360945
highest fitness' collisions: 0.19635932454040025
new generation:  1658
Fittest                      41.45987358527777
highest fitness' coverage:   43.42346683068177
highest fitness' collisions: 0.1963593245404
new generation:  1659
Fittest                      41.58194539294586
highest fitness' coverage:   43.41002295611617
highest fitness' collisions: 0.18280775631703128
new generation:  1660
Fittest                      41.586594943900096
highest fitness' coverage:   43.413912136219416
highest fitness' collisions: 0.1827317192319321
new generation:  1661
Fittest                      41.6014262125147
highest fitness' coverage:   43.42874340483402
highest fitness' collisions: 0.18273171923193188
new generation:  1662
Fittest                      41.57886984862296
highest fitness' coverage:   43.40618704094228
highest fitness' collisions: 0.18273171923193218
new generation:  1663
Fittest                      41.59226453432416
highest fitness' coverage:   43.41958172664348
highest fitness' collisions: 0.18273171923193218
new generation:  1664
Fittest                      41.583647789385054
highest fitness' coverage:   43.411034705051655
highest fitness' collisions: 0.18273869156666006
new generation:  1665
Fittest                      41.59575338881708
highest fitness' coverage:   43.42314030448368
highest fitness' collisions: 0.18273869156666012
new generation:  1666
Fittest                      41.5902405787717
highest fitness' coverage:   43.4176274944383
highest fitness' collisions: 0.1827386915666601
new generation:  1667
Fittest                      41.59229916437
highest fitness' coverage:   43.4196860800366
highest fitness' collisions: 0.18273869156666014
new generation:  1668
Fittest                      41.599196856340484
highest fitness' coverage:   43.426583772007085
highest fitness' collisions: 0.18273869156666003
new generation:  1669
Fittest                      41.628507682509415
highest fitness' coverage:   43.45064652357352
highest fitness' collisions: 0.18221388410641023
new generation:  1670
Fittest                      41.60899778227204
highest fitness' coverage:   43.42915670310907
highest fitness' collisions: 0.18201589208370314
new generation:  1671
Fittest                      41.627684400922725
highest fitness' coverage:   43.447843321759755
highest fitness' collisions: 0.18201589208370278
new generation:  1672
Fittest                      41.60239217435648
highest fitness' coverage:   43.42616816567118
highest fitness' collisions: 0.18237759913147006
new generation:  1673
Fittest                      41.59669923672966
highest fitness' coverage:   43.42047522804437
highest fitness' collisions: 0.18237759913147017
new generation:  1674
Fittest                      41.61136351278205
highest fitness' coverage:   43.429414372743814
highest fitness' collisions: 0.18180508599617648
new generation:  1675
Fittest                      41.59840640107549
highest fitness' coverage:   43.41645726103726
highest fitness' collisions: 0.1818050859961765
new generation:  1676
Fittest                      41.61127881468326
highest fitness' coverage:   43.429329674645025
highest fitness' collisions: 0.18180508599617642
new generation:  1677
Fittest                      41.61679995091445
highest fitness' coverage:   43.43485081087621
highest fitness' collisions: 0.18180508599617667
new generation:  1678
Fittest                      41.59473153672572
highest fitness' coverage:   43.41278239668748
highest fitness' collisions: 0.18180508599617654
new generation:  1679
Fittest                      41.617775253398854
highest fitness' coverage:   43.43582611336062
highest fitness' collisions: 0.18180508599617642
new generation:  1680
Fittest                      41.602374674951285
highest fitness' coverage:   43.42042553491305
highest fitness' collisions: 0.18180508599617656
new generation:  1681
Fittest                      41.61151742837924
highest fitness' coverage:   43.429568288341
highest fitness' collisions: 0.18180508599617645
new generation:  1682
Fittest                      41.60868167802059
highest fitness' coverage:   43.42673253798235
highest fitness' collisions: 0.18180508599617629
new generation:  1683
Fittest                      41.616944982482295
highest fitness' coverage:   43.43582945774805
highest fitness' collisions: 0.1818884475265753
new generation:  1684
Fittest                      41.64975587601241
highest fitness' coverage:   43.43264752969115
highest fitness' collisions: 0.17828916536787476
new generation:  1685
Fittest                      41.648609749345226
highest fitness' coverage:   43.43150140302397
highest fitness' collisions: 0.1782891653678748
new generation:  1686
Fittest                      41.65867871464346
highest fitness' coverage:   43.4415703683222
highest fitness' collisions: 0.1782891653678749
new generation:  1687
Fittest                      41.64958095564364
highest fitness' coverage:   43.43247260932239
highest fitness' collisions: 0.17828916536787484
new generation:  1688
Fittest                      41.629893441865015
highest fitness' coverage:   43.41278509554376
highest fitness' collisions: 0.1782891653678747
new generation:  1689
Fittest                      41.63820120185909
highest fitness' coverage:   43.416999966264385
highest fitness' collisions: 0.17787987644052983
new generation:  1690
Fittest                      41.63488113397059
highest fitness' coverage:   43.41367989837589
highest fitness' collisions: 0.17787987644053
new generation:  1691
Fittest                      41.65092156192971
highest fitness' coverage:   43.42972032633501
highest fitness' collisions: 0.17787987644052983
new generation:  1692
Fittest                      41.67148338376487
highest fitness' coverage:   43.45028214817017
highest fitness' collisions: 0.1778798764405298
new generation:  1693
Fittest                      41.646877376421315
highest fitness' coverage:   43.42567614082661
highest fitness' collisions: 0.17787987644052977
new generation:  1694
Fittest                      41.65304112184463
highest fitness' coverage:   43.431839886249925
highest fitness' collisions: 0.1778798764405298
new generation:  1695
Fittest                      41.65086705435702
highest fitness' coverage:   43.42966581876232
highest fitness' collisions: 0.17787987644052983
new generation:  1696
Fittest                      41.66235737883984
highest fitness' coverage:   43.44115614324514
highest fitness' collisions: 0.17787987644052977
new generation:  1697
Fittest                      41.669806602175214
highest fitness' coverage:   43.44860536658051
highest fitness' collisions: 0.17787987644052958
new generation:  1698
Fittest                      41.64804194330145
highest fitness' coverage:   43.43208878230924
highest fitness' collisions: 0.17840468390077951
new generation:  1699
Fittest                      41.65817364468216
highest fitness' coverage:   43.44222048368995
highest fitness' collisions: 0.1784046839007795
new generation:  1700
Fittest                      41.66984490897971
highest fitness' coverage:   43.45389174798751
highest fitness' collisions: 0.17840468390077974
new generation:  1701
Fittest                      41.64180405686538
highest fitness' coverage:   43.42585089587318
highest fitness' collisions: 0.17840468390077965
new generation:  1702
Fittest                      41.651742921366676
highest fitness' coverage:   43.435789760374476
highest fitness' collisions: 0.17840468390077974
new generation:  1703
Fittest                      41.66135360700378
highest fitness' coverage:   43.44540044601158
highest fitness' collisions: 0.1784046839007798
new generation:  1704
Fittest                      41.64323521001966
highest fitness' coverage:   43.427282049027454
highest fitness' collisions: 0.17840468390077963
new generation:  1705
Fittest                      41.65519449946861
highest fitness' coverage:   43.4392413384764
highest fitness' collisions: 0.1784046839007796
new generation:  1706
Fittest                      41.64850396621419
highest fitness' coverage:   43.432550805221986
highest fitness' collisions: 0.1784046839007796
new generation:  1707
Fittest                      41.64190961453967
highest fitness' coverage:   43.425956453547464
highest fitness' collisions: 0.17840468390077963
new generation:  1708
Fittest                      41.63954559686264
highest fitness' coverage:   43.42379196210193
highest fitness' collisions: 0.1784246365239292
new generation:  1709
Fittest                      41.63321916293583
highest fitness' coverage:   43.41746552817512
highest fitness' collisions: 0.17842463652392943
new generation:  1710
Fittest                      41.66437767037004
highest fitness' coverage:   43.44862403560933
highest fitness' collisions: 0.1784246365239293
new generation:  1711
Fittest                      41.645819594109575
highest fitness' coverage:   43.430065959348866
highest fitness' collisions: 0.17842463652392926
new generation:  1712
Fittest                      41.660263605915496
highest fitness' coverage:   43.444509971154794
highest fitness' collisions: 0.17842463652392954
new generation:  1713
Fittest                      41.64848610285432
highest fitness' coverage:   43.42120374925625
highest fitness' collisions: 0.1772717646401929
new generation:  1714
Fittest                      41.66737572784738
highest fitness' coverage:   43.44009337424931
highest fitness' collisions: 0.17727176464019292
new generation:  1715
Fittest                      41.661284031558125
highest fitness' coverage:   43.434001677960055
highest fitness' collisions: 0.17727176464019284
new generation:  1716
Fittest                      41.66222658235594
highest fitness' coverage:   43.43494422875787
highest fitness' collisions: 0.17727176464019312
new generation:  1717
Fittest                      41.6641413068173
highest fitness' coverage:   43.43685895321923
highest fitness' collisions: 0.17727176464019304
new generation:  1718
Fittest                      41.67455202871137
highest fitness' coverage:   43.4472696751133
highest fitness' collisions: 0.17727176464019287
new generation:  1719
Fittest                      41.67041505686329
highest fitness' coverage:   43.44313270326522
highest fitness' collisions: 0.17727176464019306
new generation:  1720
Fittest                      41.65353087797362
highest fitness' coverage:   43.42784355558608
highest fitness' collisions: 0.17743126776124543
new generation:  1721
Fittest                      41.648970178682895
highest fitness' coverage:   43.41663012473333
highest fitness' collisions: 0.1767659946050437
new generation:  1722
Fittest                      41.66422326060063
highest fitness' coverage:   43.431883206651065
highest fitness' collisions: 0.17676599460504389
new generation:  1723
Fittest                      41.67954986999581
highest fitness' coverage:   43.44720981604625
highest fitness' collisions: 0.17676599460504352
new generation:  1724
Fittest                      41.66028223721834
highest fitness' coverage:   43.427942183268776
highest fitness' collisions: 0.17676599460504372
new generation:  1725
Fittest                      41.66862022320529
highest fitness' coverage:   43.405634629874996
highest fitness' collisions: 0.17370144066697102
new generation:  1726
Fittest                      41.70374013067284
highest fitness' coverage:   43.44075453734255
highest fitness' collisions: 0.17370144066697088
new generation:  1727
Fittest                      41.71896546789602
highest fitness' coverage:   43.45597987456573
highest fitness' collisions: 0.173701440666971
new generation:  1728
Fittest                      41.6917667210847
highest fitness' coverage:   43.428781127754405
highest fitness' collisions: 0.17370144066697085
new generation:  1729
Fittest                      41.68180097638153
highest fitness' coverage:   43.41881538305124
highest fitness' collisions: 0.17370144066697102
new generation:  1730
Fittest                      41.69485545563698
highest fitness' coverage:   43.43186986230669
highest fitness' collisions: 0.17370144066697082
new generation:  1731
Fittest                      41.68851406107558
highest fitness' coverage:   43.42552846774529
highest fitness' collisions: 0.17370144066697085
new generation:  1732
Fittest                      41.7072163724631
highest fitness' coverage:   43.44423077913281
highest fitness' collisions: 0.17370144066697096
new generation:  1733
Fittest                      41.69475520836815
highest fitness' coverage:   43.44399957009981
highest fitness' collisions: 0.1749244361731663
new generation:  1734
Fittest                      41.68211461015641
highest fitness' coverage:   43.424738107934374
highest fitness' collisions: 0.1742623497777965
new generation:  1735
Fittest                      41.70533518666713
highest fitness' coverage:   43.44795868444509
highest fitness' collisions: 0.1742623497777964
new generation:  1736
Fittest                      41.68950870718548
highest fitness' coverage:   43.42141701191107
highest fitness' collisions: 0.17319083047255887
new generation:  1737
Fittest                      41.72086383848812
highest fitness' coverage:   43.452772143213714
highest fitness' collisions: 0.17319083047255915
new generation:  1738
Fittest                      41.698688374198795
highest fitness' coverage:   43.43059667892438
highest fitness' collisions: 0.17319083047255884
new generation:  1739
Fittest                      41.683658859669585
highest fitness' coverage:   43.41556716439517
highest fitness' collisions: 0.17319083047255882
new generation:  1740
Fittest                      41.71235516355825
highest fitness' coverage:   43.444263468283836
highest fitness' collisions: 0.17319083047255884
new generation:  1741
Fittest                      41.689443884528416
highest fitness' coverage:   43.421352189254
highest fitness' collisions: 0.1731908304725588
new generation:  1742
Fittest                      41.69882038145653
highest fitness' coverage:   43.430728686182114
highest fitness' collisions: 0.17319083047255895
new generation:  1743
Fittest                      41.689787038424576
highest fitness' coverage:   43.42169534315017
highest fitness' collisions: 0.17319083047255907
new generation:  1744
Fittest                      41.695854624065774
highest fitness' coverage:   43.42776292879136
highest fitness' collisions: 0.17319083047255876
new generation:  1745
Fittest                      41.70161112189907
highest fitness' coverage:   43.43351942662466
highest fitness' collisions: 0.17319083047255915
new generation:  1746
Fittest                      41.690303649462464
highest fitness' coverage:   43.42221195418806
highest fitness' collisions: 0.17319083047255895
new generation:  1747
Fittest                      41.7082456454737
highest fitness' coverage:   43.44015395019929
highest fitness' collisions: 0.17319083047255876
new generation:  1748
Fittest                      41.702872552668616
highest fitness' coverage:   43.4347808573942
highest fitness' collisions: 0.1731908304725589
new generation:  1749
Fittest                      41.71799732923513
highest fitness' coverage:   43.44990563396072
highest fitness' collisions: 0.1731908304725588
new generation:  1750
Fittest                      41.69892951115539
highest fitness' coverage:   43.43083781588098
highest fitness' collisions: 0.17319083047255882
new generation:  1751
Fittest                      41.70916557715809
highest fitness' coverage:   43.44107388188368
highest fitness' collisions: 0.17319083047255907
new generation:  1752
Fittest                      41.686275887202704
highest fitness' coverage:   43.41818419192829
highest fitness' collisions: 0.1731908304725588
new generation:  1753
Fittest                      41.70592716426826
highest fitness' coverage:   43.437835468993846
highest fitness' collisions: 0.17319083047255887
new generation:  1754
Fittest                      41.6956817227114
highest fitness' coverage:   43.427590027436985
highest fitness' collisions: 0.1731908304725587
new generation:  1755
Fittest                      41.680062319330695
highest fitness' coverage:   43.41197062405629
highest fitness' collisions: 0.17319083047255898
new generation:  1756
Fittest                      41.69876466012044
highest fitness' coverage:   43.430672964846025
highest fitness' collisions: 0.1731908304725588
new generation:  1757
Fittest                      41.701059458849166
highest fitness' coverage:   43.43082980148525
highest fitness' collisions: 0.1729770342636086
new generation:  1758
Fittest                      41.705573628556365
highest fitness' coverage:   43.458514359230676
highest fitness' collisions: 0.17529407306743094
new generation:  1759
Fittest                      41.72634704637604
highest fitness' coverage:   43.47928777705035
highest fitness' collisions: 0.17529407306743097
new generation:  1760
Fittest                      41.73645015264126
highest fitness' coverage:   43.48939088331557
highest fitness' collisions: 0.17529407306743083
new generation:  1761
Fittest                      41.72706481793409
highest fitness' coverage:   43.4800055486084
highest fitness' collisions: 0.1752940730674309
new generation:  1762
Fittest                      41.74315099437608
highest fitness' coverage:   43.49609172505039
highest fitness' collisions: 0.175294073067431
new generation:  1763
Fittest                      41.71188638379463
highest fitness' coverage:   43.46482711446894
highest fitness' collisions: 0.175294073067431
new generation:  1764
Fittest                      41.72740859335107
highest fitness' coverage:   43.480149797793885
highest fitness' collisions: 0.1752741204442811
new generation:  1765
Fittest                      41.718624233848715
highest fitness' coverage:   43.47136543829153
highest fitness' collisions: 0.17527412044428117
new generation:  1766
Fittest                      41.718468863434644
highest fitness' coverage:   43.47121006787746
highest fitness' collisions: 0.17527412044428117
new generation:  1767
Fittest                      41.727885766944674
highest fitness' coverage:   43.48062697138749
highest fitness' collisions: 0.17527412044428106
new generation:  1768
Fittest                      41.72746179942223
highest fitness' coverage:   43.48020300386504
highest fitness' collisions: 0.17527412044428137
new generation:  1769
Fittest                      41.71496790429227
highest fitness' coverage:   43.469947829873654
highest fitness' collisions: 0.17549799255813808
new generation:  1770
Fittest                      41.7215886288819
highest fitness' coverage:   43.47656855446328
highest fitness' collisions: 0.17549799255813808
new generation:  1771
Fittest                      41.73085958402788
highest fitness' coverage:   43.485839509609264
highest fitness' collisions: 0.175497992558138
new generation:  1772
Fittest                      41.70937051266733
highest fitness' coverage:   43.46435043824871
highest fitness' collisions: 0.17549799255813808
new generation:  1773
Fittest                      41.722389929835394
highest fitness' coverage:   43.477369855416775
highest fitness' collisions: 0.17549799255813794
new generation:  1774
Fittest                      41.70870444799652
highest fitness' coverage:   43.4636843735779
highest fitness' collisions: 0.17549799255813792
new generation:  1775
Fittest                      41.72172865756871
highest fitness' coverage:   43.47670858315009
highest fitness' collisions: 0.17549799255813808
new generation:  1776
Fittest                      41.71911263768083
highest fitness' coverage:   43.49182257035564
highest fitness' collisions: 0.1772709932674809
new generation:  1777
Fittest                      41.69414489372219
highest fitness' coverage:   43.466854826397
highest fitness' collisions: 0.17727099326748097
new generation:  1778
Fittest                      41.725473765409
highest fitness' coverage:   43.49818369808381
highest fitness' collisions: 0.17727099326748097
new generation:  1779
Fittest                      41.70409469220376
highest fitness' coverage:   43.47680462487857
highest fitness' collisions: 0.17727099326748097
new generation:  1780
Fittest                      41.706738573167634
highest fitness' coverage:   43.47944850584244
highest fitness' collisions: 0.17727099326748091
new generation:  1781
Fittest                      41.72542225260248
highest fitness' coverage:   43.498132185277285
highest fitness' collisions: 0.17727099326748078
new generation:  1782
Fittest                      41.71007318730841
highest fitness' coverage:   43.48278311998322
highest fitness' collisions: 0.177270993267481
new generation:  1783
Fittest                      41.69589576317711
highest fitness' coverage:   43.46860569585192
highest fitness' collisions: 0.17727099326748094
new generation:  1784
Fittest                      41.704881891573685
highest fitness' coverage:   43.48587406651266
highest fitness' collisions: 0.17809921749389726
new generation:  1785
Fittest                      41.71448434404195
highest fitness' coverage:   43.49547651898092
highest fitness' collisions: 0.17809921749389745
new generation:  1786
Fittest                      41.70774509314012
highest fitness' coverage:   43.48873726807909
highest fitness' collisions: 0.17809921749389748
new generation:  1787
Fittest                      41.698567991962534
highest fitness' coverage:   43.47956016690151
highest fitness' collisions: 0.17809921749389743
new generation:  1788
Fittest                      41.6869797952159
highest fitness' coverage:   43.46797197015487
highest fitness' collisions: 0.17809921749389737
new generation:  1789
Fittest                      41.68032963342554
highest fitness' coverage:   43.46132180836452
highest fitness' collisions: 0.17809921749389754
new generation:  1790
Fittest                      41.69320234310569
highest fitness' coverage:   43.47419451804466
highest fitness' collisions: 0.17809921749389737
new generation:  1791
Fittest                      41.71092267047965
highest fitness' coverage:   43.49191484541862
highest fitness' collisions: 0.17809921749389743
new generation:  1792
Fittest                      41.685999473622815
highest fitness' coverage:   43.46699164856179
highest fitness' collisions: 0.17809921749389748
new generation:  1793
Fittest                      41.71396520237714
highest fitness' coverage:   43.49495737731611
highest fitness' collisions: 0.1780992174938976
new generation:  1794
Fittest                      41.688785752135345
highest fitness' coverage:   43.46977792707432
highest fitness' collisions: 0.1780992174938976
new generation:  1795
Fittest                      41.71493870760299
highest fitness' coverage:   43.49593088254196
highest fitness' collisions: 0.17809921749389732
new generation:  1796
Fittest                      41.686238868604285
highest fitness' coverage:   43.46723104354326
highest fitness' collisions: 0.17809921749389757
new generation:  1797
Fittest                      41.72414689176536
highest fitness' coverage:   43.50513906670433
highest fitness' collisions: 0.17809921749389757
new generation:  1798
Fittest                      41.69311469165717
highest fitness' coverage:   43.474106866596145
highest fitness' collisions: 0.17809921749389737
new generation:  1799
Fittest                      41.68002809920052
highest fitness' coverage:   43.46102027413949
highest fitness' collisions: 0.17809921749389745
new generation:  1800
Fittest                      41.68648051222409
highest fitness' coverage:   43.46747268716306
highest fitness' collisions: 0.17809921749389743
new generation:  1801
Fittest                      41.69335432411361
highest fitness' coverage:   43.47434649905259
highest fitness' collisions: 0.17809921749389737
new generation:  1802
Fittest                      41.68928090580386
highest fitness' coverage:   43.470273080742835
highest fitness' collisions: 0.17809921749389734
new generation:  1803
Fittest                      41.699008497621975
highest fitness' coverage:   43.48000067256095
highest fitness' collisions: 0.17809921749389743
new generation:  1804
Fittest                      41.688945037351424
highest fitness' coverage:   43.4699372122904
highest fitness' collisions: 0.17809921749389732
new generation:  1805
Fittest                      41.69844625256314
highest fitness' coverage:   43.47943842750211
highest fitness' collisions: 0.1780992174938974
new generation:  1806
Fittest                      41.682954798462276
highest fitness' coverage:   43.46394697340125
highest fitness' collisions: 0.17809921749389748
new generation:  1807
Fittest                      41.681252877338906
highest fitness' coverage:   43.45205630799015
highest fitness' collisions: 0.17708034306512438
new generation:  1808
Fittest                      41.712294834607505
highest fitness' coverage:   43.483098265258754
highest fitness' collisions: 0.17708034306512455
new generation:  1809
Fittest                      41.69404758166951
highest fitness' coverage:   43.46485101232076
highest fitness' collisions: 0.17708034306512468
new generation:  1810
Fittest                      41.69588000392423
highest fitness' coverage:   43.46668343457547
highest fitness' collisions: 0.17708034306512446
new generation:  1811
Fittest                      41.705757563788744
highest fitness' coverage:   43.476560994439986
highest fitness' collisions: 0.17708034306512446
new generation:  1812
Fittest                      41.69741304405507
highest fitness' coverage:   43.46821647470631
highest fitness' collisions: 0.17708034306512446
new generation:  1813
Fittest                      41.718452021999965
highest fitness' coverage:   43.48925545265121
highest fitness' collisions: 0.17708034306512443
new generation:  1814
Fittest                      41.69616016872343
highest fitness' coverage:   43.46696359937468
highest fitness' collisions: 0.17708034306512455
new generation:  1815
Fittest                      41.69524286420431
highest fitness' coverage:   43.45533110180318
highest fitness' collisions: 0.17600882375988702
new generation:  1816
Fittest                      41.722579444032384
highest fitness' coverage:   43.48266768163125
highest fitness' collisions: 0.17600882375988677
new generation:  1817
Fittest                      41.70469600054012
highest fitness' coverage:   43.46478423813899
highest fitness' collisions: 0.17600882375988694
new generation:  1818
Fittest                      41.71978986393451
highest fitness' coverage:   43.47987810153338
highest fitness' collisions: 0.17600882375988688
new generation:  1819
Fittest                      41.7233685520001
highest fitness' coverage:   43.48345678959897
highest fitness' collisions: 0.1760088237598868
new generation:  1820
Fittest                      41.70715917027076
highest fitness' coverage:   43.46724740786962
highest fitness' collisions: 0.17600882375988683
new generation:  1821
Fittest                      41.72008198566036
highest fitness' coverage:   43.48017022325923
highest fitness' collisions: 0.176008823759887
new generation:  1822
Fittest                      41.713203884893026
highest fitness' coverage:   43.4732921224919
highest fitness' collisions: 0.17600882375988694
new generation:  1823
Fittest                      41.70108922371768
highest fitness' coverage:   43.46117746131655
highest fitness' collisions: 0.176008823759887
new generation:  1824
Fittest                      41.72359768027526
highest fitness' coverage:   43.483685917874126
highest fitness' collisions: 0.17600882375988683
new generation:  1825
Fittest                      41.72060862349152
highest fitness' coverage:   43.480696861090394
highest fitness' collisions: 0.176008823759887
new generation:  1826
Fittest                      41.713753178013434
highest fitness' coverage:   43.473841415612306
highest fitness' collisions: 0.17600882375988697
new generation:  1827
Fittest                      41.70725704040612
highest fitness' coverage:   43.467345278004984
highest fitness' collisions: 0.17600882375988675
new generation:  1828
Fittest                      41.728712884867896
highest fitness' coverage:   43.48880112246677
highest fitness' collisions: 0.17600882375988697
new generation:  1829
Fittest                      41.69883691368961
highest fitness' coverage:   43.45892515128848
highest fitness' collisions: 0.17600882375988697
new generation:  1830
Fittest                      41.6981834976732
highest fitness' coverage:   43.45827173527206
highest fitness' collisions: 0.1760088237598868
new generation:  1831
Fittest                      41.72990287343888
highest fitness' coverage:   43.48877324326838
highest fitness' collisions: 0.1758870369829503
new generation:  1832
Fittest                      41.733745352803574
highest fitness' coverage:   43.492615722633076
highest fitness' collisions: 0.17588703698295038
new generation:  1833
Fittest                      41.72407248326347
highest fitness' coverage:   43.48294285309297
highest fitness' collisions: 0.17588703698295047
new generation:  1834
Fittest                      41.72377779999028
highest fitness' coverage:   43.48264816981978
highest fitness' collisions: 0.17588703698295022
new generation:  1835
Fittest                      41.7240505424304
highest fitness' coverage:   43.4829209122599
highest fitness' collisions: 0.17588703698295036
new generation:  1836
Fittest                      41.69885823423764
highest fitness' coverage:   43.45772860406714
highest fitness' collisions: 0.17588703698295033
new generation:  1837
Fittest                      41.71127339453069
highest fitness' coverage:   43.470143764360195
highest fitness' collisions: 0.1758870369829504
new generation:  1838
Fittest                      41.71756559268602
highest fitness' coverage:   43.476435962515524
highest fitness' collisions: 0.17588703698295025
new generation:  1839
Fittest                      41.7172479581522
highest fitness' coverage:   43.4761183279817
highest fitness' collisions: 0.17588703698295036
new generation:  1840
Fittest                      41.71532051302294
highest fitness' coverage:   43.47419088285244
highest fitness' collisions: 0.17588703698295027
new generation:  1841
Fittest                      41.708815955000986
highest fitness' coverage:   43.46768632483049
highest fitness' collisions: 0.1758870369829503
new generation:  1842
Fittest                      41.72065735528445
highest fitness' coverage:   43.48013028470003
highest fitness' collisions: 0.1759472929415578
new generation:  1843
Fittest                      41.71196163137941
highest fitness' coverage:   43.47143456079499
highest fitness' collisions: 0.17594729294155773
new generation:  1844
Fittest                      41.70770756870068
highest fitness' coverage:   43.46718049811626
highest fitness' collisions: 0.17594729294155786
new generation:  1845
Fittest                      41.726032682692235
highest fitness' coverage:   43.485505612107815
highest fitness' collisions: 0.1759472929415579
new generation:  1846
Fittest                      41.70164376112245
highest fitness' coverage:   43.46111669053803
highest fitness' collisions: 0.17594729294155767
new generation:  1847
Fittest                      41.72415907051477
highest fitness' coverage:   43.48363199993035
highest fitness' collisions: 0.17594729294155784
new generation:  1848
Fittest                      41.73288350570099
highest fitness' coverage:   43.49235643511657
highest fitness' collisions: 0.17594729294155775
new generation:  1849
Fittest                      41.71799687570981
highest fitness' coverage:   43.47746980512539
highest fitness' collisions: 0.1759472929415578
new generation:  1850
Fittest                      41.699165088679926
highest fitness' coverage:   43.458638018095506
highest fitness' collisions: 0.17594729294155773
new generation:  1851
Fittest                      41.7020359625777
highest fitness' coverage:   43.46150889199328
highest fitness' collisions: 0.17594729294155786
new generation:  1852
Fittest                      41.71110867982759
highest fitness' coverage:   43.47058160924317
highest fitness' collisions: 0.17594729294155767
new generation:  1853
Fittest                      41.707932033244035
highest fitness' coverage:   43.467404962659614
highest fitness' collisions: 0.17594729294155778
new generation:  1854
Fittest                      41.711161276159096
highest fitness' coverage:   43.470634205574676
highest fitness' collisions: 0.17594729294155786
new generation:  1855
Fittest                      41.71999379282871
highest fitness' coverage:   43.47946672224429
highest fitness' collisions: 0.17594729294155773
new generation:  1856
Fittest                      41.72443749007806
highest fitness' coverage:   43.48391041949364
highest fitness' collisions: 0.17594729294155778
new generation:  1857
Fittest                      41.7198499808572
highest fitness' coverage:   43.47932291027278
highest fitness' collisions: 0.17594729294155775
new generation:  1858
Fittest                      41.73356062617227
highest fitness' coverage:   43.49303355558785
highest fitness' collisions: 0.17594729294155795
new generation:  1859
Fittest                      41.70529072149101
highest fitness' coverage:   43.46476365090659
highest fitness' collisions: 0.1759472929415579
new generation:  1860
Fittest                      41.74455405864779
highest fitness' coverage:   43.50402698806337
highest fitness' collisions: 0.17594729294155784
new generation:  1861
Fittest                      41.71034602719305
highest fitness' coverage:   43.47763734157005
highest fitness' collisions: 0.17672913143770042
new generation:  1862
Fittest                      41.7050055046544
highest fitness' coverage:   43.47608474818506
highest fitness' collisions: 0.17710792435306594
new generation:  1863
Fittest                      41.711108278314796
highest fitness' coverage:   43.482187521845454
highest fitness' collisions: 0.17710792435306602
new generation:  1864
Fittest                      41.69302493980813
highest fitness' coverage:   43.46410418333879
highest fitness' collisions: 0.1771079243530659
new generation:  1865
Fittest                      41.70911594896434
highest fitness' coverage:   43.480195192494996
highest fitness' collisions: 0.17710792435306594
new generation:  1866
Fittest                      41.687617301351054
highest fitness' coverage:   43.45869654488171
highest fitness' collisions: 0.17710792435306597
new generation:  1867
Fittest                      41.71276827649221
highest fitness' coverage:   43.50166603808606
highest fitness' collisions: 0.1788897761593846
new generation:  1868
Fittest                      41.682327269020895
highest fitness' coverage:   43.47122503061474
highest fitness' collisions: 0.1788897761593847
new generation:  1869
Fittest                      41.687666190746285
highest fitness' coverage:   43.4768056154507
highest fitness' collisions: 0.17891394247044154
new generation:  1870
Fittest                      41.688245659020225
highest fitness' coverage:   43.47738508372464
highest fitness' collisions: 0.17891394247044143
new generation:  1871
Fittest                      41.689679038977395
highest fitness' coverage:   43.47881846368181
highest fitness' collisions: 0.1789139424704416
new generation:  1872
Fittest                      41.6757022394452
highest fitness' coverage:   43.46110746317169
highest fitness' collisions: 0.17854052237264956
new generation:  1873
Fittest                      41.6851279532018
highest fitness' coverage:   43.47053317692829
highest fitness' collisions: 0.17854052237264945
new generation:  1874
Fittest                      41.68185978952445
highest fitness' coverage:   43.467265013250945
highest fitness' collisions: 0.1785405223726493
new generation:  1875
Fittest                      41.703303262243665
highest fitness' coverage:   43.48870848597016
highest fitness' collisions: 0.17854052237264945
new generation:  1876
Fittest                      41.69518410162226
highest fitness' coverage:   43.49867967176404
highest fitness' collisions: 0.18034955701417757
new generation:  1877
Fittest                      41.70155751334935
highest fitness' coverage:   43.50505308349112
highest fitness' collisions: 0.18034955701417732
new generation:  1878
Fittest                      41.69937593961754
highest fitness' coverage:   43.502871509759316
highest fitness' collisions: 0.18034955701417743
new generation:  1879
Fittest                      41.69204227832441
highest fitness' coverage:   43.495537848466185
highest fitness' collisions: 0.1803495570141777
new generation:  1880
Fittest                      41.69168848033713
highest fitness' coverage:   43.495184050478905
highest fitness' collisions: 0.18034955701417768
new generation:  1881
Fittest                      41.6923931479876
highest fitness' coverage:   43.49588871812938
highest fitness' collisions: 0.1803495570141775
new generation:  1882
Fittest                      41.698605549905515
highest fitness' coverage:   43.50210112004729
highest fitness' collisions: 0.1803495570141774
new generation:  1883
Fittest                      41.69794889952897
highest fitness' coverage:   43.501444469670744
highest fitness' collisions: 0.18034955701417754
new generation:  1884
Fittest                      41.69510846068184
highest fitness' coverage:   43.498604030823614
highest fitness' collisions: 0.1803495570141774
new generation:  1885
Fittest                      41.72064496865732
highest fitness' coverage:   43.524140538799095
highest fitness' collisions: 0.1803495570141775
new generation:  1886
Fittest                      41.71142404385678
highest fitness' coverage:   43.51491961399856
highest fitness' collisions: 0.18034955701417751
new generation:  1887
Fittest                      41.69541217738713
highest fitness' coverage:   43.498907747528904
highest fitness' collisions: 0.1803495570141775
new generation:  1888
Fittest                      41.70101259787865
highest fitness' coverage:   43.50450816802043
highest fitness' collisions: 0.18034955701417751
new generation:  1889
Fittest                      41.69883919965271
highest fitness' coverage:   43.50233476979449
highest fitness' collisions: 0.18034955701417746
new generation:  1890
Fittest                      41.695944195166895
highest fitness' coverage:   43.49943976530867
highest fitness' collisions: 0.18034955701417743
new generation:  1891
Fittest                      41.684283774541626
highest fitness' coverage:   43.4877793446834
highest fitness' collisions: 0.18034955701417746
new generation:  1892
Fittest                      41.69837176638145
highest fitness' coverage:   43.501867336523226
highest fitness' collisions: 0.18034955701417746
new generation:  1893
Fittest                      41.69885817692255
highest fitness' coverage:   43.502353747064326
highest fitness' collisions: 0.1803495570141775
new generation:  1894
Fittest                      41.6986166644553
highest fitness' coverage:   43.50211223459708
highest fitness' collisions: 0.18034955701417757
new generation:  1895
Fittest                      41.74065931792369
highest fitness' coverage:   43.51052755685484
highest fitness' collisions: 0.1769868238931149
new generation:  1896
Fittest                      41.727627056230304
highest fitness' coverage:   43.49749529516145
highest fitness' collisions: 0.1769868238931149
new generation:  1897
Fittest                      41.73922161409268
highest fitness' coverage:   43.50908985302383
highest fitness' collisions: 0.17698682389311507
new generation:  1898
Fittest                      41.72163356327528
highest fitness' coverage:   43.491501802206436
highest fitness' collisions: 0.17698682389311504
new generation:  1899
Fittest                      41.742941356545614
highest fitness' coverage:   43.51280959547677
highest fitness' collisions: 0.1769868238931151
new generation:  1900
Fittest                      41.743635592991524
highest fitness' coverage:   43.51350383192268
highest fitness' collisions: 0.17698682389311524
new generation:  1901
Fittest                      41.74483578724846
highest fitness' coverage:   43.512773595547706
highest fitness' collisions: 0.17679378082992436
new generation:  1902
Fittest                      41.73531922480014
highest fitness' coverage:   43.50325703309939
highest fitness' collisions: 0.17679378082992422
new generation:  1903
Fittest                      41.750673566318895
highest fitness' coverage:   43.51861137461814
highest fitness' collisions: 0.17679378082992453
new generation:  1904
Fittest                      41.73171361625276
highest fitness' coverage:   43.499651424552006
highest fitness' collisions: 0.17679378082992442
new generation:  1905
Fittest                      41.741833842244034
highest fitness' coverage:   43.50977165054328
highest fitness' collisions: 0.17679378082992425
new generation:  1906
Fittest                      41.735888249336405
highest fitness' coverage:   43.50382605763565
highest fitness' collisions: 0.17679378082992442
new generation:  1907
Fittest                      41.7421923096472
highest fitness' coverage:   43.510130117946446
highest fitness' collisions: 0.1767937808299243
new generation:  1908
Fittest                      41.73823654676049
highest fitness' coverage:   43.506174355059734
highest fitness' collisions: 0.17679378082992442
new generation:  1909
Fittest                      41.73258031058052
highest fitness' coverage:   43.50051811887977
highest fitness' collisions: 0.17679378082992456
new generation:  1910
Fittest                      41.763666916893044
highest fitness' coverage:   43.53160472519229
highest fitness' collisions: 0.17679378082992436
new generation:  1911
Fittest                      41.74430565170212
highest fitness' coverage:   43.512243460001365
highest fitness' collisions: 0.17679378082992434
new generation:  1912
Fittest                      41.753742766910364
highest fitness' coverage:   43.52168057520961
highest fitness' collisions: 0.17679378082992436
new generation:  1913
Fittest                      41.72689699963154
highest fitness' coverage:   43.494834807930786
highest fitness' collisions: 0.17679378082992436
new generation:  1914
Fittest                      41.74813235468043
highest fitness' coverage:   43.51607016297967
highest fitness' collisions: 0.17679378082992447
new generation:  1915
Fittest                      41.72986953429235
highest fitness' coverage:   43.49780734259159
highest fitness' collisions: 0.1767937808299243
new generation:  1916
Fittest                      41.748752185326325
highest fitness' coverage:   43.51668999362557
highest fitness' collisions: 0.1767937808299244
new generation:  1917
Fittest                      41.73000200773814
highest fitness' coverage:   43.49793981603739
highest fitness' collisions: 0.17679378082992434
new generation:  1918
Fittest                      41.737820963607156
highest fitness' coverage:   43.5057587719064
highest fitness' collisions: 0.17679378082992425
new generation:  1919
Fittest                      41.73010130025345
highest fitness' coverage:   43.498039108552696
highest fitness' collisions: 0.17679378082992445
new generation:  1920
Fittest                      41.7261989018547
highest fitness' coverage:   43.494136710153946
highest fitness' collisions: 0.17679378082992434
new generation:  1921
Fittest                      41.729394987219614
highest fitness' coverage:   43.49733279551886
highest fitness' collisions: 0.17679378082992442
new generation:  1922
Fittest                      41.7289290029963
highest fitness' coverage:   43.49686681129555
highest fitness' collisions: 0.17679378082992442
new generation:  1923
Fittest                      41.73799914092555
highest fitness' coverage:   43.5059369492248
highest fitness' collisions: 0.17679378082992447
new generation:  1924
Fittest                      41.74254026860114
highest fitness' coverage:   43.510478076900384
highest fitness' collisions: 0.17679378082992434
new generation:  1925
Fittest                      41.75115050255376
highest fitness' coverage:   43.51908831085301
highest fitness' collisions: 0.17679378082992445
new generation:  1926
Fittest                      41.73817130894945
highest fitness' coverage:   43.50610911724869
highest fitness' collisions: 0.17679378082992442
new generation:  1927
Fittest                      41.73327888874384
highest fitness' coverage:   43.501216697043084
highest fitness' collisions: 0.17679378082992434
new generation:  1928
Fittest                      41.74638264551357
highest fitness' coverage:   43.52489110288811
highest fitness' collisions: 0.1778508457374544
new generation:  1929
Fittest                      41.73408157210674
highest fitness' coverage:   43.51259002948128
highest fitness' collisions: 0.17785084573745438
new generation:  1930
Fittest                      41.750517010832866
highest fitness' coverage:   43.52902546820741
highest fitness' collisions: 0.17785084573745455
new generation:  1931
Fittest                      41.737020182008614
highest fitness' coverage:   43.51552863938316
highest fitness' collisions: 0.17785084573745472
new generation:  1932
Fittest                      41.749412707052805
highest fitness' coverage:   43.52792116442735
highest fitness' collisions: 0.17785084573745447
new generation:  1933
Fittest                      41.72512242776032
highest fitness' coverage:   43.516484040276744
highest fitness' collisions: 0.17913616125164253
new generation:  1934
Fittest                      41.7157385826966
highest fitness' coverage:   43.50710019521303
highest fitness' collisions: 0.17913616125164236
new generation:  1935
Fittest                      41.71540238727391
highest fitness' coverage:   43.50676399979034
highest fitness' collisions: 0.17913616125164233
new generation:  1936
Fittest                      41.70613412649938
highest fitness' coverage:   43.497495739015804
highest fitness' collisions: 0.17913616125164245
new generation:  1937
Fittest                      41.71250482940572
highest fitness' coverage:   43.50386644192214
highest fitness' collisions: 0.17913616125164236
new generation:  1938
Fittest                      41.717422460175264
highest fitness' coverage:   43.498213423616384
highest fitness' collisions: 0.17807909634411206
new generation:  1939
Fittest                      41.738316402396194
highest fitness' coverage:   43.519107365837314
highest fitness' collisions: 0.17807909634411218
new generation:  1940
Fittest                      41.7347631460768
highest fitness' coverage:   43.51555410951792
highest fitness' collisions: 0.17807909634411226
new generation:  1941
Fittest                      41.75056749944734
highest fitness' coverage:   43.53135846288846
highest fitness' collisions: 0.17807909634411231
new generation:  1942
Fittest                      41.71710787794417
highest fitness' coverage:   43.49789884138529
highest fitness' collisions: 0.17807909634411212
new generation:  1943
Fittest                      41.71977221327187
highest fitness' coverage:   43.50056317671299
highest fitness' collisions: 0.17807909634411218
new generation:  1944
Fittest                      41.712822335535314
highest fitness' coverage:   43.493613298976435
highest fitness' collisions: 0.17807909634411218
new generation:  1945
Fittest                      41.74405798551752
highest fitness' coverage:   43.52484894895864
highest fitness' collisions: 0.17807909634411231
new generation:  1946
Fittest                      41.74417828014905
highest fitness' coverage:   43.52496924359017
highest fitness' collisions: 0.1780790963441122
new generation:  1947
Fittest                      41.738051111256965
highest fitness' coverage:   43.518842074698085
highest fitness' collisions: 0.17807909634411223
new generation:  1948
Fittest                      41.73440102403511
highest fitness' coverage:   43.51519198747623
highest fitness' collisions: 0.1780790963441122
new generation:  1949
Fittest                      41.70776182304692
highest fitness' coverage:   43.48855278648804
highest fitness' collisions: 0.17807909634411204
new generation:  1950
Fittest                      41.74966752776351
highest fitness' coverage:   43.525208249083335
highest fitness' collisions: 0.17755407213198213
new generation:  1951
Fittest                      41.73093303730707
highest fitness' coverage:   43.50647375862689
highest fitness' collisions: 0.17755407213198243
new generation:  1952
Fittest                      41.74721161434787
highest fitness' coverage:   43.52275233566769
highest fitness' collisions: 0.17755407213198224
new generation:  1953
Fittest                      41.72231804463768
highest fitness' coverage:   43.4978587659575
highest fitness' collisions: 0.17755407213198224
new generation:  1954
Fittest                      41.72139296332425
highest fitness' coverage:   43.49693368464407
highest fitness' collisions: 0.17755407213198238
new generation:  1955
Fittest                      41.72520627196555
highest fitness' coverage:   43.52218102559932
highest fitness' collisions: 0.1796974753633777
new generation:  1956
Fittest                      41.713949560080664
highest fitness' coverage:   43.51009465160863
highest fitness' collisions: 0.17961450915279692
new generation:  1957
Fittest                      41.7224776802314
highest fitness' coverage:   43.51862277175937
highest fitness' collisions: 0.179614509152797
new generation:  1958
Fittest                      41.70395444005295
highest fitness' coverage:   43.500099531580915
highest fitness' collisions: 0.179614509152797
new generation:  1959
Fittest                      41.72312017674137
highest fitness' coverage:   43.519265268269336
highest fitness' collisions: 0.17961450915279709
new generation:  1960
Fittest                      41.71587242085345
highest fitness' coverage:   43.51201751238142
highest fitness' collisions: 0.1796145091527971
new generation:  1961
Fittest                      41.69728233058392
highest fitness' coverage:   43.49351166464771
highest fitness' collisions: 0.1796229334063794
new generation:  1962
Fittest                      41.70665157580562
highest fitness' coverage:   43.487197409491706
highest fitness' collisions: 0.17805458336860858
new generation:  1963
Fittest                      41.703790451452704
highest fitness' coverage:   43.48433628513879
highest fitness' collisions: 0.17805458336860855
new generation:  1964
Fittest                      41.70784764864404
highest fitness' coverage:   43.488393482330125
highest fitness' collisions: 0.1780545833686085
new generation:  1965
Fittest                      41.70972382252895
highest fitness' coverage:   43.50322863590837
highest fitness' collisions: 0.17935048133794226
new generation:  1966
Fittest                      41.68238085969974
highest fitness' coverage:   43.47588567307916
highest fitness' collisions: 0.179350481337942
new generation:  1967
Fittest                      41.69126462259035
highest fitness' coverage:   43.484769435969774
highest fitness' collisions: 0.17935048133794215
new generation:  1968
Fittest                      41.706158224873555
highest fitness' coverage:   43.499663038252976
highest fitness' collisions: 0.1793504813379423
new generation:  1969
Fittest                      41.690397025002746
highest fitness' coverage:   43.47855793507838
highest fitness' collisions: 0.1788160910075635
new generation:  1970
Fittest                      41.705727318530904
highest fitness' coverage:   43.493888228606544
highest fitness' collisions: 0.17881609100756357
new generation:  1971
Fittest                      41.69070640048441
highest fitness' coverage:   43.47886731056005
highest fitness' collisions: 0.17881609100756368
new generation:  1972
Fittest                      41.68471595815938
highest fitness' coverage:   43.47287686823502
highest fitness' collisions: 0.1788160910075638
new generation:  1973
Fittest                      41.73585896935658
highest fitness' coverage:   43.49377748709513
highest fitness' collisions: 0.17579185177385556
new generation:  1974
Fittest                      41.73317166364275
highest fitness' coverage:   43.4910901813813
highest fitness' collisions: 0.1757918517738555
new generation:  1975
Fittest                      41.74796432705938
highest fitness' coverage:   43.50588284479794
highest fitness' collisions: 0.1757918517738558
new generation:  1976
Fittest                      41.72695476558149
highest fitness' coverage:   43.485719344659664
highest fitness' collisions: 0.17587645790781767
new generation:  1977
Fittest                      41.74806236733066
highest fitness' coverage:   43.506826946408836
highest fitness' collisions: 0.17587645790781775
new generation:  1978
Fittest                      41.74270789323296
highest fitness' coverage:   43.501472472311136
highest fitness' collisions: 0.1758764579078178
new generation:  1979
Fittest                      41.73044463329157
highest fitness' coverage:   43.489209212369744
highest fitness' collisions: 0.17587645790781786
new generation:  1980
Fittest                      41.74132154420881
highest fitness' coverage:   43.49920071015069
highest fitness' collisions: 0.1757879165941881
new generation:  1981
Fittest                      41.744060972813365
highest fitness' coverage:   43.501940138755245
highest fitness' collisions: 0.17578791659418802
new generation:  1982
Fittest                      41.72544791022903
highest fitness' coverage:   43.48332707617091
highest fitness' collisions: 0.17578791659418797
new generation:  1983
Fittest                      41.74041822038488
highest fitness' coverage:   43.49829738632676
highest fitness' collisions: 0.1757879165941879
new generation:  1984
Fittest                      41.728329957777625
highest fitness' coverage:   43.486209123719505
highest fitness' collisions: 0.17578791659418808
new generation:  1985
Fittest                      41.74430243815819
highest fitness' coverage:   43.50218160410007
highest fitness' collisions: 0.17578791659418794
new generation:  1986
Fittest                      41.7307906465974
highest fitness' coverage:   43.48866981253928
highest fitness' collisions: 0.17578791659418805
new generation:  1987
Fittest                      41.716293414566834
highest fitness' coverage:   43.474172580508714
highest fitness' collisions: 0.17578791659418821
new generation:  1988
Fittest                      41.72852316262424
highest fitness' coverage:   43.48640232856612
highest fitness' collisions: 0.17578791659418808
new generation:  1989
Fittest                      41.76897309411479
highest fitness' coverage:   43.52685226005667
highest fitness' collisions: 0.1757879165941879
new generation:  1990
Fittest                      41.73360688270155
highest fitness' coverage:   43.49148604864343
highest fitness' collisions: 0.17578791659418813
new generation:  1991
Fittest                      41.74423571725738
highest fitness' coverage:   43.50211488319926
highest fitness' collisions: 0.17578791659418794
new generation:  1992
Fittest                      41.71613971788339
highest fitness' coverage:   43.474018883825266
highest fitness' collisions: 0.17578791659418794
new generation:  1993
Fittest                      41.73371288749154
highest fitness' coverage:   43.49159205343342
highest fitness' collisions: 0.1757879165941882
new generation:  1994
Fittest                      41.73442910430933
highest fitness' coverage:   43.49230827025121
highest fitness' collisions: 0.17578791659418797
new generation:  1995
Fittest                      41.718796425225584
highest fitness' coverage:   43.476675591167464
highest fitness' collisions: 0.17578791659418802
new generation:  1996
Fittest                      41.77775352501614
highest fitness' coverage:   43.53563269095802
highest fitness' collisions: 0.17578791659418797
new generation:  1997
Fittest                      41.738721871819884
highest fitness' coverage:   43.496601037761764
highest fitness' collisions: 0.17578791659418808
new generation:  1998
Fittest                      41.7273010167824
highest fitness' coverage:   43.48518018272428
highest fitness' collisions: 0.1757879165941881
new generation:  1999
Fittest                      41.72834939260884
highest fitness' coverage:   43.48622855855072
highest fitness' collisions: 0.17578791659418802
new generation:  2000
Fittest                      41.74329633129407
highest fitness' coverage:   43.50093002634438
highest fitness' collisions: 0.17576336950503124
new generation:  2001
Fittest                      41.73816560258519
highest fitness' coverage:   43.4957992976355
highest fitness' collisions: 0.17576336950503121
new generation:  2002
Fittest                      41.73454588147715
highest fitness' coverage:   43.49217957652746
highest fitness' collisions: 0.17576336950503116
new generation:  2003
Fittest                      41.73829649852043
highest fitness' coverage:   43.495930193570736
highest fitness' collisions: 0.17576336950503113
new generation:  2004
Fittest                      41.73715342751369
highest fitness' coverage:   43.494787122564
highest fitness' collisions: 0.17576336950503113
new generation:  2005
Fittest                      41.74423862742443
highest fitness' coverage:   43.501872322474746
highest fitness' collisions: 0.17576336950503135
new generation:  2006
Fittest                      41.73175716108198
highest fitness' coverage:   43.489390856132296
highest fitness' collisions: 0.17576336950503138
new generation:  2007
Fittest                      41.730047986312854
highest fitness' coverage:   43.488961560390926
highest fitness' collisions: 0.17589135740780712
new generation:  2008
Fittest                      41.73943553102136
highest fitness' coverage:   43.498644226022094
highest fitness' collisions: 0.17592086950007388
new generation:  2009
Fittest                      41.74963898889758
highest fitness' coverage:   43.50746729963372
highest fitness' collisions: 0.17578283107361345
new generation:  2010
Fittest                      41.71855120310712
highest fitness' coverage:   43.476379513843256
highest fitness' collisions: 0.17578283107361356
new generation:  2011
Fittest                      41.746454362680865
highest fitness' coverage:   43.504282673417
highest fitness' collisions: 0.1757828310736136
new generation:  2012
Fittest                      41.74568722669959
highest fitness' coverage:   43.49547509479114
highest fitness' collisions: 0.1749787868091549
new generation:  2013
Fittest                      41.74501347059991
highest fitness' coverage:   43.49480133869146
highest fitness' collisions: 0.1749787868091551
new generation:  2014
Fittest                      41.74182491180873
highest fitness' coverage:   43.49161277990028
highest fitness' collisions: 0.17497878680915505
new generation:  2015
Fittest                      41.735826151709226
highest fitness' coverage:   43.470111824726615
highest fitness' collisions: 0.173428567301739
new generation:  2016
Fittest                      41.766991881270634
highest fitness' coverage:   43.50127755428802
highest fitness' collisions: 0.17342856730173903
new generation:  2017
Fittest                      41.7594771764454
highest fitness' coverage:   43.496249074657214
highest fitness' collisions: 0.17367718982118147
new generation:  2018
Fittest                      41.75903416705549
highest fitness' coverage:   43.4958060652673
highest fitness' collisions: 0.17367718982118147
new generation:  2019
Fittest                      41.75655441195149
highest fitness' coverage:   43.493326310163305
highest fitness' collisions: 0.17367718982118135
new generation:  2020
Fittest                      41.742880126295226
highest fitness' coverage:   43.47965202450704
highest fitness' collisions: 0.17367718982118135
new generation:  2021
Fittest                      41.749567935315916
highest fitness' coverage:   43.48633983352773
highest fitness' collisions: 0.17367718982118135
new generation:  2022
Fittest                      41.768539188296245
highest fitness' coverage:   43.50531108650806
highest fitness' collisions: 0.1736771898211813
new generation:  2023
Fittest                      41.75011439822307
highest fitness' coverage:   43.48688629643488
highest fitness' collisions: 0.17367718982118135
new generation:  2024
Fittest                      41.77672721536916
highest fitness' coverage:   43.51349911358097
highest fitness' collisions: 0.17367718982118152
new generation:  2025
Fittest                      41.733408017176735
highest fitness' coverage:   43.47017991538855
highest fitness' collisions: 0.17367718982118155
new generation:  2026
Fittest                      41.76460196625341
highest fitness' coverage:   43.50137386446522
highest fitness' collisions: 0.17367718982118138
new generation:  2027
Fittest                      41.74376132481256
highest fitness' coverage:   43.48053322302437
highest fitness' collisions: 0.1736771898211812
new generation:  2028
Fittest                      41.75398285640324
highest fitness' coverage:   43.50167185565295
highest fitness' collisions: 0.17476889992497133
new generation:  2029
Fittest                      41.74075916713089
highest fitness' coverage:   43.4884481663806
highest fitness' collisions: 0.1747688999249714
new generation:  2030
Fittest                      41.75729067499109
highest fitness' coverage:   43.50497967424081
highest fitness' collisions: 0.17476889992497163
new generation:  2031
Fittest                      41.731962781427455
highest fitness' coverage:   43.48560989185071
highest fitness' collisions: 0.17536471104232498
new generation:  2032
Fittest                      41.73940574460573
highest fitness' coverage:   43.493052855028985
highest fitness' collisions: 0.1753647110423252
new generation:  2033
Fittest                      41.718954175038654
highest fitness' coverage:   43.472601285461906
highest fitness' collisions: 0.1753647110423253
new generation:  2034
Fittest                      41.719594939073275
highest fitness' coverage:   43.473518636048745
highest fitness' collisions: 0.17539236969754682
new generation:  2035
Fittest                      41.72479440607014
highest fitness' coverage:   43.48550056677086
highest fitness' collisions: 0.1760706160700719
new generation:  2036
Fittest                      41.72689158475274
highest fitness' coverage:   43.48339433366409
highest fitness' collisions: 0.17565027489113433
new generation:  2037
Fittest                      41.73863630590949
highest fitness' coverage:   43.49513905482083
highest fitness' collisions: 0.1756502748911344
new generation:  2038
Fittest                      41.7292695841863
highest fitness' coverage:   43.48577233309764
highest fitness' collisions: 0.17565027489113424
new generation:  2039
Fittest                      41.7693403639152
highest fitness' coverage:   43.53645377385784
highest fitness' collisions: 0.17671134099426444
new generation:  2040
Fittest                      41.82580254367187
highest fitness' coverage:   43.592915953614515
highest fitness' collisions: 0.17671134099426442
new generation:  2041
Fittest                      41.85187302161329
highest fitness' coverage:   43.61898643155593
highest fitness' collisions: 0.17671134099426442
new generation:  2042
Fittest                      41.8455489649152
highest fitness' coverage:   43.61131341197525
highest fitness' collisions: 0.17657644470600523
new generation:  2043
Fittest                      41.81434299474794
highest fitness' coverage:   43.580107441807996
highest fitness' collisions: 0.17657644470600545
new generation:  2044
Fittest                      41.82753827857662
highest fitness' coverage:   43.59330272563667
highest fitness' collisions: 0.17657644470600534
new generation:  2045
Fittest                      41.83615523056545
highest fitness' coverage:   43.6019196776255
highest fitness' collisions: 0.17657644470600528
new generation:  2046
Fittest                      41.839606008731195
highest fitness' coverage:   43.605370455791245
highest fitness' collisions: 0.1765764447060052
new generation:  2047
Fittest                      41.84299651705501
highest fitness' coverage:   43.60876096411506
highest fitness' collisions: 0.17657644470600534
new generation:  2048
Fittest                      41.840133304439036
highest fitness' coverage:   43.595335273364334
highest fitness' collisions: 0.1755201968925302
new generation:  2049
Fittest                      41.831356347311704
highest fitness' coverage:   43.5966895515473
highest fitness' collisions: 0.17653332042355954
new generation:  2050
Fittest                      41.79721885363022
highest fitness' coverage:   43.562552057865815
highest fitness' collisions: 0.17653332042355954
new generation:  2051
Fittest                      41.79452990254457
highest fitness' coverage:   43.55805703914822
highest fitness' collisions: 0.17635271366036467
new generation:  2052
Fittest                      41.807689848155334
highest fitness' coverage:   43.60979446812285
highest fitness' collisions: 0.18021046199675164
new generation:  2053
Fittest                      41.799482977605095
highest fitness' coverage:   43.60158759757261
highest fitness' collisions: 0.1802104619967517
new generation:  2054
Fittest                      41.797831297468086
highest fitness' coverage:   43.5999359174356
highest fitness' collisions: 0.18021046199675186
new generation:  2055
Fittest                      41.78586400629271
highest fitness' coverage:   43.58796862626023
highest fitness' collisions: 0.18021046199675173
new generation:  2056
Fittest                      41.80653595805212
highest fitness' coverage:   43.60864057801964
highest fitness' collisions: 0.18021046199675164
new generation:  2057
Fittest                      41.796285566590036
highest fitness' coverage:   43.5909338970681
highest fitness' collisions: 0.17946483304780647
new generation:  2058
Fittest                      41.785865771046495
highest fitness' coverage:   43.58051410152456
highest fitness' collisions: 0.17946483304780642
new generation:  2059
Fittest                      41.78658700183401
highest fitness' coverage:   43.58123533231207
highest fitness' collisions: 0.17946483304780644
new generation:  2060
Fittest                      41.8111942064122
highest fitness' coverage:   43.605842536890265
highest fitness' collisions: 0.17946483304780625
new generation:  2061
Fittest                      41.80113348261589
highest fitness' coverage:   43.59578181309396
highest fitness' collisions: 0.17946483304780655
new generation:  2062
Fittest                      41.79239106734086
highest fitness' coverage:   43.58703939781892
highest fitness' collisions: 0.17946483304780644
new generation:  2063
Fittest                      41.84637642380176
highest fitness' coverage:   43.64565300396604
highest fitness' collisions: 0.17992765801642846
new generation:  2064
Fittest                      41.9332941202708
highest fitness' coverage:   43.701129893919266
highest fitness' collisions: 0.1767835773648464
new generation:  2065
Fittest                      41.973294655159485
highest fitness' coverage:   43.75154446024937
highest fitness' collisions: 0.1778249805089888
new generation:  2066
Fittest                      41.94123562641143
highest fitness' coverage:   43.71948543150131
highest fitness' collisions: 0.17782498050898884
new generation:  2067
Fittest                      41.953321015635396
highest fitness' coverage:   43.73157082072528
highest fitness' collisions: 0.17782498050898873
new generation:  2068
Fittest                      41.95153662506636
highest fitness' coverage:   43.726197602869604
highest fitness' collisions: 0.17746609778032435
new generation:  2069
Fittest                      41.9521284537167
highest fitness' coverage:   43.72618687193387
highest fitness' collisions: 0.17740584182171687
new generation:  2070
Fittest                      41.971319585601165
highest fitness' coverage:   43.717545685521976
highest fitness' collisions: 0.174622609992081
new generation:  2071
Fittest                      41.98443063525884
highest fitness' coverage:   43.73065673517965
highest fitness' collisions: 0.17462260999208107
new generation:  2072
Fittest                      41.972559951823605
highest fitness' coverage:   43.71878605174442
highest fitness' collisions: 0.17462260999208112
new generation:  2073
Fittest                      42.00001916099704
highest fitness' coverage:   43.74624526091785
highest fitness' collisions: 0.17462260999208098
new generation:  2074
Fittest                      41.99667066572625
highest fitness' coverage:   43.74289676564706
highest fitness' collisions: 0.17462260999208112
new generation:  2075
Fittest                      42.00281691166347
highest fitness' coverage:   43.749043011584284
highest fitness' collisions: 0.17462260999208126
new generation:  2076
Fittest                      41.993503918598236
highest fitness' coverage:   43.73973001851905
highest fitness' collisions: 0.17462260999208093
new generation:  2077
Fittest                      41.987456853340596
highest fitness' coverage:   43.73368295326141
highest fitness' collisions: 0.17462260999208098
new generation:  2078
Fittest                      41.984751122852366
highest fitness' coverage:   43.73097722277318
highest fitness' collisions: 0.1746226099920812
new generation:  2079
Fittest                      42.007010083758196
highest fitness' coverage:   43.75826374198355
highest fitness' collisions: 0.17512536582253488
new generation:  2080
Fittest                      41.967267755044865
highest fitness' coverage:   43.71852141327021
highest fitness' collisions: 0.17512536582253474
new generation:  2081
Fittest                      41.98261296071099
highest fitness' coverage:   43.73386661893634
highest fitness' collisions: 0.17512536582253485
new generation:  2082
Fittest                      41.985816232338856
highest fitness' coverage:   43.73706989056421
highest fitness' collisions: 0.17512536582253496
new generation:  2083
Fittest                      41.98852777394734
highest fitness' coverage:   43.739781432172684
highest fitness' collisions: 0.17512536582253474
new generation:  2084
Fittest                      41.979310685473116
highest fitness' coverage:   43.73056434369846
highest fitness' collisions: 0.1751253658225348
new generation:  2085
Fittest                      41.976299305109414
highest fitness' coverage:   43.727552963334766
highest fitness' collisions: 0.17512536582253485
new generation:  2086
Fittest                      41.97902270443033
highest fitness' coverage:   43.73027636265567
highest fitness' collisions: 0.1751253658225347
new generation:  2087
Fittest                      41.9795000876949
highest fitness' coverage:   43.73075374592025
highest fitness' collisions: 0.17512536582253485
new generation:  2088
Fittest                      41.980313090871476
highest fitness' coverage:   43.7212579336974
highest fitness' collisions: 0.17409448428259286
new generation:  2089
Fittest                      41.98629990841742
highest fitness' coverage:   43.72724475124335
highest fitness' collisions: 0.17409448428259267
new generation:  2090
Fittest                      42.0015916696722
highest fitness' coverage:   43.74253651249813
highest fitness' collisions: 0.17409448428259278
new generation:  2091
Fittest                      41.98667204342655
highest fitness' coverage:   43.72761688625248
highest fitness' collisions: 0.17409448428259275
new generation:  2092
Fittest                      41.980201657380704
highest fitness' coverage:   43.721146500206636
highest fitness' collisions: 0.17409448428259292
new generation:  2093
Fittest                      42.01486981461186
highest fitness' coverage:   43.75581465743779
highest fitness' collisions: 0.17409448428259278
new generation:  2094
Fittest                      41.98924869304299
highest fitness' coverage:   43.730193535868914
highest fitness' collisions: 0.17409448428259278
new generation:  2095
Fittest                      42.011006519518055
highest fitness' coverage:   43.75195136234398
highest fitness' collisions: 0.17409448428259283
new generation:  2096
Fittest                      41.99591328520025
highest fitness' coverage:   43.73685812802618
highest fitness' collisions: 0.17409448428259283
new generation:  2097
Fittest                      41.992318101362905
highest fitness' coverage:   43.73408984172047
highest fitness' collisions: 0.17417717403575628
new generation:  2098
Fittest                      42.00735473747795
highest fitness' coverage:   43.74912647783551
highest fitness' collisions: 0.17417717403575636
new generation:  2099
Fittest                      41.99224462186227
highest fitness' coverage:   43.73401636221983
highest fitness' collisions: 0.17417717403575653
new generation:  2100
Fittest                      41.98594143745049
highest fitness' coverage:   43.727713177808056
highest fitness' collisions: 0.17417717403575625
new generation:  2101
Fittest                      41.99395711334286
highest fitness' coverage:   43.73961930515036
highest fitness' collisions: 0.1745662191807508
new generation:  2102
Fittest                      42.022003577389015
highest fitness' coverage:   43.76324511699052
highest fitness' collisions: 0.17412415396015016
new generation:  2103
Fittest                      42.00653894015803
highest fitness' coverage:   43.747780479759534
highest fitness' collisions: 0.1741241539601501
new generation:  2104
Fittest                      42.02510530884656
highest fitness' coverage:   43.766346848448066
highest fitness' collisions: 0.17412415396015007
new generation:  2105
Fittest                      42.0126616724505
highest fitness' coverage:   43.753903212051995
highest fitness' collisions: 0.17412415396014994
new generation:  2106
Fittest                      42.012345141437486
highest fitness' coverage:   43.75358668103899
highest fitness' collisions: 0.17412415396015024
new generation:  2107
Fittest                      42.01587931004409
highest fitness' coverage:   43.772375461033
highest fitness' collisions: 0.17564961509889068
new generation:  2108
Fittest                      42.006889542786865
highest fitness' coverage:   43.763385693775774
highest fitness' collisions: 0.17564961509889065
new generation:  2109
Fittest                      41.999772458721424
highest fitness' coverage:   43.76933661716466
highest fitness' collisions: 0.17695641584432403
new generation:  2110
Fittest                      41.99387674264583
highest fitness' coverage:   43.76344090108907
highest fitness' collisions: 0.176956415844324
new generation:  2111
Fittest                      42.0045083587498
highest fitness' coverage:   43.77551795696379
highest fitness' collisions: 0.17710095982139876
new generation:  2112
Fittest                      41.986221760269565
highest fitness' coverage:   43.75723135848355
highest fitness' collisions: 0.17710095982139887
new generation:  2113
Fittest                      42.0087816245223
highest fitness' coverage:   43.78159729036824
highest fitness' collisions: 0.1772815665845938
new generation:  2114
Fittest                      41.98705727995859
highest fitness' coverage:   43.75987294580453
highest fitness' collisions: 0.17728156658459385
new generation:  2115
Fittest                      41.996838172497256
highest fitness' coverage:   43.769653838343196
highest fitness' collisions: 0.1772815665845937
new generation:  2116
Fittest                      41.999416436464024
highest fitness' coverage:   43.772232102309964
highest fitness' collisions: 0.17728156658459376
new generation:  2117
Fittest                      41.9870916545614
highest fitness' coverage:   43.759907320407336
highest fitness' collisions: 0.17728156658459382
new generation:  2118
Fittest                      42.02152747048938
highest fitness' coverage:   43.79434313633532
highest fitness' collisions: 0.17728156658459368
new generation:  2119
Fittest                      41.994178759331255
highest fitness' coverage:   43.766332162934226
highest fitness' collisions: 0.17721534036029715
new generation:  2120
Fittest                      41.99129433878764
highest fitness' coverage:   43.76344774239061
highest fitness' collisions: 0.17721534036029712
new generation:  2121
Fittest                      42.000443377209045
highest fitness' coverage:   43.772596780812016
highest fitness' collisions: 0.17721534036029715
new generation:  2122
Fittest                      41.98791688652225
highest fitness' coverage:   43.76007029012522
highest fitness' collisions: 0.17721534036029712
new generation:  2123
Fittest                      41.999977364075356
highest fitness' coverage:   43.77213076767833
highest fitness' collisions: 0.1772153403602971
new generation:  2124
Fittest                      42.015700035347805
highest fitness' coverage:   43.787853438950776
highest fitness' collisions: 0.17721534036029726
new generation:  2125
Fittest                      41.98188656795227
highest fitness' coverage:   43.754039971555244
highest fitness' collisions: 0.17721534036029715
new generation:  2126
Fittest                      41.9864061242498
highest fitness' coverage:   43.76583832437321
highest fitness' collisions: 0.1779432200123417
new generation:  2127
Fittest                      41.9804783076471
highest fitness' coverage:   43.75991050777051
highest fitness' collisions: 0.1779432200123415
new generation:  2128
Fittest                      41.968525501619254
highest fitness' coverage:   43.757550876340744
highest fitness' collisions: 0.17890253747214896
new generation:  2129
Fittest                      41.975740984547755
highest fitness' coverage:   43.76611532215184
highest fitness' collisions: 0.17903743376040834
new generation:  2130
Fittest                      41.96631646912961
highest fitness' coverage:   43.756690806733694
highest fitness' collisions: 0.17903743376040837
new generation:  2131
Fittest                      41.97093872839181
highest fitness' coverage:   43.750597872943516
highest fitness' collisions: 0.17796591445517057
new generation:  2132
Fittest                      41.98665388372383
highest fitness' coverage:   43.76631302827554
highest fitness' collisions: 0.17796591445517063
new generation:  2133
Fittest                      41.98011640927609
highest fitness' coverage:   43.7597755538278
highest fitness' collisions: 0.17796591445517074
new generation:  2134
Fittest                      41.996831582914716
highest fitness' coverage:   43.77229181835465
highest fitness' collisions: 0.17754602354399399
new generation:  2135
Fittest                      41.99793254713475
highest fitness' coverage:   43.766679042279414
highest fitness' collisions: 0.17687464951446613
new generation:  2136
Fittest                      41.991536042418836
highest fitness' coverage:   43.7602825375635
highest fitness' collisions: 0.1768746495144662
new generation:  2137
Fittest                      41.99736516779691
highest fitness' coverage:   43.78544169299154
highest fitness' collisions: 0.17880765251946298
new generation:  2138
Fittest                      41.97535594705563
highest fitness' coverage:   43.76343247225026
highest fitness' collisions: 0.17880765251946287
new generation:  2139
Fittest                      41.984963844295166
highest fitness' coverage:   43.757410986831914
highest fitness' collisions: 0.1772447142536749
new generation:  2140
Fittest                      42.00902504883815
highest fitness' coverage:   43.781472191374895
highest fitness' collisions: 0.17724471425367477
new generation:  2141
Fittest                      41.980053481039576
highest fitness' coverage:   43.753881007840924
highest fitness' collisions: 0.1773827526801351
new generation:  2142
Fittest                      42.03599067164487
highest fitness' coverage:   43.809818198446216
highest fitness' collisions: 0.177382752680135
new generation:  2143
Fittest                      41.989491672590056
highest fitness' coverage:   43.763319199391404
highest fitness' collisions: 0.17738275268013495
new generation:  2144
Fittest                      41.996064540955274
highest fitness' coverage:   43.76989206775662
highest fitness' collisions: 0.17738275268013495
new generation:  2145
Fittest                      41.99577883401185
highest fitness' coverage:   43.769494158967774
highest fitness' collisions: 0.17737153249559195
new generation:  2146
Fittest                      41.99196403733869
highest fitness' coverage:   43.765679362294605
highest fitness' collisions: 0.17737153249559193
new generation:  2147
Fittest                      41.97553283003691
highest fitness' coverage:   43.74477384461787
highest fitness' collisions: 0.17692410145809576
new generation:  2148
Fittest                      41.98780314667836
highest fitness' coverage:   43.757044161259316
highest fitness' collisions: 0.1769241014580959
new generation:  2149
Fittest                      42.0057006120098
highest fitness' coverage:   43.77523002974107
highest fitness' collisions: 0.176952941773127
new generation:  2150
Fittest                      41.98446742745651
highest fitness' coverage:   43.75399684518778
highest fitness' collisions: 0.17695294177312712
new generation:  2151
Fittest                      41.96920437116539
highest fitness' coverage:   43.74735994593791
highest fitness' collisions: 0.17781555747725214
new generation:  2152
Fittest                      41.98178952888733
highest fitness' coverage:   43.75994510365985
highest fitness' collisions: 0.177815557477252
new generation:  2153
Fittest                      41.988007190743936
highest fitness' coverage:   43.766162765516455
highest fitness' collisions: 0.17781555747725203
new generation:  2154
Fittest                      41.971851958260984
highest fitness' coverage:   43.750007533033504
highest fitness' collisions: 0.177815557477252
new generation:  2155
Fittest                      41.96639976095251
highest fitness' coverage:   43.74455533572503
highest fitness' collisions: 0.17781555747725214
new generation:  2156
Fittest                      41.969225153910486
highest fitness' coverage:   43.747380728683005
highest fitness' collisions: 0.17781555747725225
new generation:  2157
Fittest                      41.977258568027786
highest fitness' coverage:   43.720111451781584
highest fitness' collisions: 0.1742852883753796
new generation:  2158
Fittest                      42.00215495653193
highest fitness' coverage:   43.76879561857584
highest fitness' collisions: 0.17666406620439062
new generation:  2159
Fittest                      41.97483989547955
highest fitness' coverage:   43.74148055752345
highest fitness' collisions: 0.17666406620439074
new generation:  2160
Fittest                      41.996267336578214
highest fitness' coverage:   43.76290799862212
highest fitness' collisions: 0.17666406620439074
new generation:  2161
Fittest                      41.971707791410985
highest fitness' coverage:   43.73834845345489
highest fitness' collisions: 0.1766640662043906
new generation:  2162
Fittest                      41.98942707937489
highest fitness' coverage:   43.75669076115023
highest fitness' collisions: 0.17672636817753418
new generation:  2163
Fittest                      41.98422913912275
highest fitness' coverage:   43.757247220271466
highest fitness' collisions: 0.1773018081148714
new generation:  2164
Fittest                      41.97497896137788
highest fitness' coverage:   43.74799704252659
highest fitness' collisions: 0.17730180811487142
new generation:  2165
Fittest                      41.98038799467007
highest fitness' coverage:   43.75340607581878
highest fitness' collisions: 0.17730180811487126
new generation:  2166
Fittest                      41.990171399071784
highest fitness' coverage:   43.7631894802205
highest fitness' collisions: 0.17730180811487117
new generation:  2167
Fittest                      41.9837220931751
highest fitness' coverage:   43.75674017432382
highest fitness' collisions: 0.1773018081148713
new generation:  2168
Fittest                      41.98376469541445
highest fitness' coverage:   43.75678277656316
highest fitness' collisions: 0.17730180811487134
new generation:  2169
Fittest                      41.98048115733058
highest fitness' coverage:   43.75349923847929
highest fitness' collisions: 0.17730180811487137
new generation:  2170
Fittest                      41.99649834925667
highest fitness' coverage:   43.76951643040538
highest fitness' collisions: 0.17730180811487128
new generation:  2171
Fittest                      41.98377556583765
highest fitness' coverage:   43.75679364698636
highest fitness' collisions: 0.1773018081148714
new generation:  2172
Fittest                      41.999285938683464
highest fitness' coverage:   43.77230401983218
highest fitness' collisions: 0.1773018081148713
new generation:  2173
Fittest                      41.981228515439994
highest fitness' coverage:   43.7602565085462
highest fitness' collisions: 0.1779027993106203
new generation:  2174
Fittest                      41.97197189227988
highest fitness' coverage:   43.750999885386086
highest fitness' collisions: 0.17790279931062025
new generation:  2175
Fittest                      41.971469986590336
highest fitness' coverage:   43.75049797969654
highest fitness' collisions: 0.17790279931062022
new generation:  2176
Fittest                      41.984277336118026
highest fitness' coverage:   43.76330532922423
highest fitness' collisions: 0.17790279931062014
new generation:  2177
Fittest                      41.97122084166345
highest fitness' coverage:   43.75024883476966
highest fitness' collisions: 0.17790279931062014
new generation:  2178
Fittest                      41.965423148547636
highest fitness' coverage:   43.74445114165384
highest fitness' collisions: 0.1779027993106202
new generation:  2179
Fittest                      41.974678831883764
highest fitness' coverage:   43.75370682498996
highest fitness' collisions: 0.17790279931062009
new generation:  2180
Fittest                      41.9742216268605
highest fitness' coverage:   43.753249619966695
highest fitness' collisions: 0.17790279931062009
new generation:  2181
Fittest                      41.974563834955816
highest fitness' coverage:   43.75359182806202
highest fitness' collisions: 0.17790279931062028
new generation:  2182
Fittest                      41.95610402376741
highest fitness' coverage:   43.750620183062736
highest fitness' collisions: 0.17945161592953268
new generation:  2183
Fittest                      41.95631299297478
highest fitness' coverage:   43.75082915227011
highest fitness' collisions: 0.1794516159295327
new generation:  2184
Fittest                      41.95905305990568
highest fitness' coverage:   43.753569219201005
highest fitness' collisions: 0.17945161592953268
new generation:  2185
Fittest                      41.9780082081921
highest fitness' coverage:   43.77252436748743
highest fitness' collisions: 0.1794516159295327
new generation:  2186
Fittest                      41.95285121191534
highest fitness' coverage:   43.747367371210665
highest fitness' collisions: 0.17945161592953268
new generation:  2187
Fittest                      41.96374102369846
highest fitness' coverage:   43.7666349244358
highest fitness' collisions: 0.1802893900737337
new generation:  2188
Fittest                      41.92901440045003
highest fitness' coverage:   43.73190830118737
highest fitness' collisions: 0.18028939007373362
new generation:  2189
Fittest                      41.95082965337404
highest fitness' coverage:   43.753723554111374
highest fitness' collisions: 0.18028939007373346
new generation:  2190
Fittest                      41.93796353997012
highest fitness' coverage:   43.74085744070745
highest fitness' collisions: 0.18028939007373335
new generation:  2191
Fittest                      41.938914529793166
highest fitness' coverage:   43.741808430530504
highest fitness' collisions: 0.18028939007373365
new generation:  2192
Fittest                      41.93511115471735
highest fitness' coverage:   43.738005055454686
highest fitness' collisions: 0.1802893900737336
new generation:  2193
Fittest                      41.95104341856091
highest fitness' coverage:   43.753937319298245
highest fitness' collisions: 0.18028939007373362
new generation:  2194
Fittest                      41.94170057556078
highest fitness' coverage:   43.74459447629811
highest fitness' collisions: 0.18028939007373343
new generation:  2195
Fittest                      41.93866240469391
highest fitness' coverage:   43.74436455849557
highest fitness' collisions: 0.18057021538016618
new generation:  2196
Fittest                      41.951065616834086
highest fitness' coverage:   43.75676777063575
highest fitness' collisions: 0.1805702153801661
new generation:  2197
Fittest                      41.95751961520717
highest fitness' coverage:   43.76322176900883
highest fitness' collisions: 0.18057021538016613
new generation:  2198
Fittest                      41.933155071713024
highest fitness' coverage:   43.738857225514685
highest fitness' collisions: 0.18057021538016635
new generation:  2199
Fittest                      41.95059060460692
highest fitness' coverage:   43.756292758408584
highest fitness' collisions: 0.18057021538016627
new generation:  2200
Fittest                      41.937000367975934
highest fitness' coverage:   43.73850361266582
highest fitness' collisions: 0.18015032446898924
new generation:  2201
Fittest                      41.94898883366737
highest fitness' coverage:   43.75049207835726
highest fitness' collisions: 0.18015032446898935
new generation:  2202
Fittest                      41.949220461272084
highest fitness' coverage:   43.75072370596198
highest fitness' collisions: 0.18015032446898957
new generation:  2203
Fittest                      41.94601599021642
highest fitness' coverage:   43.74751923490631
highest fitness' collisions: 0.18015032446898926
new generation:  2204
Fittest                      41.93966671224644
highest fitness' coverage:   43.74116995693634
highest fitness' collisions: 0.18015032446898954
new generation:  2205
Fittest                      41.9631074304063
highest fitness' coverage:   43.76280460746425
highest fitness' collisions: 0.17996971770579454
new generation:  2206
Fittest                      41.95427204885592
highest fitness' coverage:   43.75396922591386
highest fitness' collisions: 0.17996971770579456
new generation:  2207
Fittest                      41.96338116800444
highest fitness' coverage:   43.76307834506238
highest fitness' collisions: 0.1799697177057944
new generation:  2208
Fittest                      41.95745401417192
highest fitness' coverage:   43.757151191229866
highest fitness' collisions: 0.17996971770579442
new generation:  2209
Fittest                      41.938577990978665
highest fitness' coverage:   43.73827516803661
highest fitness' collisions: 0.1799697177057944
new generation:  2210
Fittest                      41.92276838845538
highest fitness' coverage:   43.722465565513325
highest fitness' collisions: 0.1799697177057944
new generation:  2211
Fittest                      41.956966707806544
highest fitness' coverage:   43.75666388486449
highest fitness' collisions: 0.17996971770579437
new generation:  2212
Fittest                      41.94757972414912
highest fitness' coverage:   43.747276901207066
highest fitness' collisions: 0.17996971770579445
new generation:  2213
Fittest                      41.95218299944173
highest fitness' coverage:   43.75004542775133
highest fitness' collisions: 0.1797862428309602
new generation:  2214
Fittest                      41.93849723495252
highest fitness' coverage:   43.73843124677902
highest fitness' collisions: 0.1799934011826499
new generation:  2215
Fittest                      41.95041796836339
highest fitness' coverage:   43.75035198018989
highest fitness' collisions: 0.17999340118264995
new generation:  2216
Fittest                      41.95990200231947
highest fitness' coverage:   43.75983601414597
highest fitness' collisions: 0.17999340118264978
new generation:  2217
Fittest                      41.969219897417545
highest fitness' coverage:   43.76915390924404
highest fitness' collisions: 0.17999340118264973
new generation:  2218
Fittest                      41.94178885680499
highest fitness' coverage:   43.744809091279144
highest fitness' collisions: 0.18030202344741564
new generation:  2219
Fittest                      41.932448096894696
highest fitness' coverage:   43.73546833136885
highest fitness' collisions: 0.18030202344741544
new generation:  2220
Fittest                      41.96291812119674
highest fitness' coverage:   43.7659383556709
highest fitness' collisions: 0.18030202344741564
new generation:  2221
Fittest                      41.94167593010402
highest fitness' coverage:   43.74469616457817
highest fitness' collisions: 0.1803020234474156
new generation:  2222
Fittest                      41.960136307232574
highest fitness' coverage:   43.7661077509334
highest fitness' collisions: 0.18059714437008242
new generation:  2223
Fittest                      41.95040500634185
highest fitness' coverage:   43.75637645004267
highest fitness' collisions: 0.18059714437008217
new generation:  2224
Fittest                      41.95388497115384
highest fitness' coverage:   43.75985641485467
highest fitness' collisions: 0.1805971443700823
new generation:  2225
Fittest                      41.9486334981655
highest fitness' coverage:   43.75348292341202
highest fitness' collisions: 0.180484942524652
new generation:  2226
Fittest                      41.949211466353304
highest fitness' coverage:   43.75406089159983
highest fitness' collisions: 0.18048494252465208
new generation:  2227
Fittest                      41.93305476359798
highest fitness' coverage:   43.737904188844496
highest fitness' collisions: 0.18048494252465197
new generation:  2228
Fittest                      41.95513979477355
highest fitness' coverage:   43.75998922002007
highest fitness' collisions: 0.18048494252465194
new generation:  2229
Fittest                      41.93356760501489
highest fitness' coverage:   43.73841703026142
highest fitness' collisions: 0.18048494252465203
new generation:  2230
Fittest                      41.93947358475711
highest fitness' coverage:   43.744253286656345
highest fitness' collisions: 0.1804779701899239
new generation:  2231
Fittest                      41.946789622377786
highest fitness' coverage:   43.738716169135145
highest fitness' collisions: 0.17919265467573628
new generation:  2232
Fittest                      41.974568076842004
highest fitness' coverage:   43.766494623599364
highest fitness' collisions: 0.17919265467573606
new generation:  2233
Fittest                      41.958693266609245
highest fitness' coverage:   43.750619813366605
highest fitness' collisions: 0.17919265467573625
new generation:  2234
Fittest                      41.96491628885833
highest fitness' coverage:   43.75652660784968
highest fitness' collisions: 0.1791610318991344
new generation:  2235
Fittest                      41.96236112108151
highest fitness' coverage:   43.75397144007285
highest fitness' collisions: 0.17916103189913443
new generation:  2236
Fittest                      41.98372460328216
highest fitness' coverage:   43.77533492227351
highest fitness' collisions: 0.17916103189913443
new generation:  2237
Fittest                      41.96529940420678
highest fitness' coverage:   43.75690972319813
highest fitness' collisions: 0.17916103189913468
new generation:  2238
Fittest                      41.974446555221014
highest fitness' coverage:   43.76605687421236
highest fitness' collisions: 0.1791610318991346
new generation:  2239
Fittest                      41.968010584133054
highest fitness' coverage:   43.7596209031244
highest fitness' collisions: 0.17916103189913454
new generation:  2240
Fittest                      41.95862698807059
highest fitness' coverage:   43.75023730706194
highest fitness' collisions: 0.17916103189913452
new generation:  2241
Fittest                      41.962576289891985
highest fitness' coverage:   43.75418660888333
highest fitness' collisions: 0.1791610318991346
new generation:  2242
Fittest                      41.95614953304741
highest fitness' coverage:   43.747759852038755
highest fitness' collisions: 0.17916103189913446
new generation:  2243
Fittest                      41.95601475189206
highest fitness' coverage:   43.73620050238119
highest fitness' collisions: 0.17801857504891225
new generation:  2244
Fittest                      41.94458625209478
highest fitness' coverage:   43.724772002583904
highest fitness' collisions: 0.1780185750489123
new generation:  2245
Fittest                      41.97791350420711
highest fitness' coverage:   43.75809925469623
highest fitness' collisions: 0.17801857504891258
new generation:  2246
Fittest                      41.967592481295114
highest fitness' coverage:   43.71471001541181
highest fitness' collisions: 0.17471175341166956
new generation:  2247
Fittest                      41.98869613237467
highest fitness' coverage:   43.73581366649137
highest fitness' collisions: 0.1747117534116695
new generation:  2248
Fittest                      41.995671729362634
highest fitness' coverage:   43.74278926347933
highest fitness' collisions: 0.17471175341166936
new generation:  2249
Fittest                      41.998731003999275
highest fitness' coverage:   43.74584853811597
highest fitness' collisions: 0.17471175341166936
new generation:  2250
Fittest                      41.995335130082985
highest fitness' coverage:   43.74245266419968
highest fitness' collisions: 0.17471175341166947
new generation:  2251
Fittest                      42.00206205355892
highest fitness' coverage:   43.74917958767562
highest fitness' collisions: 0.17471175341166942
new generation:  2252
Fittest                      42.02660312370763
highest fitness' coverage:   43.773840884267784
highest fitness' collisions: 0.17472377605601563
new generation:  2253
Fittest                      41.99817967482313
highest fitness' coverage:   43.74541743538328
highest fitness' collisions: 0.1747237760560157
new generation:  2254
Fittest                      42.0204157074757
highest fitness' coverage:   43.76765346803585
highest fitness' collisions: 0.17472377605601552
new generation:  2255
Fittest                      41.99259554028442
highest fitness' coverage:   43.73983330084457
highest fitness' collisions: 0.17472377605601555
new generation:  2256
Fittest                      41.9857837007268
highest fitness' coverage:   43.73302146128695
highest fitness' collisions: 0.17472377605601566
new generation:  2257
Fittest                      41.98288910609738
highest fitness' coverage:   43.73012686665754
highest fitness' collisions: 0.17472377605601577
new generation:  2258
Fittest                      41.99120774253405
highest fitness' coverage:   43.73966168909485
highest fitness' collisions: 0.17484539465608023
new generation:  2259
Fittest                      41.99772248274737
highest fitness' coverage:   43.74617642930817
highest fitness' collisions: 0.1748453946560803
new generation:  2260
Fittest                      42.000535868321805
highest fitness' coverage:   43.748989814882606
highest fitness' collisions: 0.17484539465608015
new generation:  2261
Fittest                      41.99740923250196
highest fitness' coverage:   43.745863179062766
highest fitness' collisions: 0.17484539465608048
new generation:  2262
Fittest                      42.00368217040837
highest fitness' coverage:   43.75213611696917
highest fitness' collisions: 0.17484539465608034
new generation:  2263
Fittest                      42.01335612634731
highest fitness' coverage:   43.76181007290811
highest fitness' collisions: 0.17484539465608004
new generation:  2264
Fittest                      41.99224417343327
highest fitness' coverage:   43.74665738185665
highest fitness' collisions: 0.17544132084233824
new generation:  2265
Fittest                      42.01833335013574
highest fitness' coverage:   43.752780631865704
highest fitness' collisions: 0.17344472817299664
new generation:  2266
Fittest                      42.01814436875207
highest fitness' coverage:   43.75259165048203
highest fitness' collisions: 0.17344472817299653
new generation:  2267
Fittest                      42.022027211843806
highest fitness' coverage:   43.76173003692672
highest fitness' collisions: 0.17397028250829147
new generation:  2268
Fittest                      42.01232837048508
highest fitness' coverage:   43.752031195567994
highest fitness' collisions: 0.1739702825082913
new generation:  2269
Fittest                      42.01303595967402
highest fitness' coverage:   43.752738784756936
highest fitness' collisions: 0.17397028250829133
new generation:  2270
Fittest                      42.00881641584843
highest fitness' coverage:   43.75923443398372
highest fitness' collisions: 0.17504180181352894
new generation:  2271
Fittest                      42.01444489445427
highest fitness' coverage:   43.76184342472958
highest fitness' collisions: 0.17473985302753037
new generation:  2272
Fittest                      42.014464172504496
highest fitness' coverage:   43.7618627027798
highest fitness' collisions: 0.17473985302753042
new generation:  2273
Fittest                      42.01131019190268
highest fitness' coverage:   43.758708722177985
highest fitness' collisions: 0.17473985302753023
new generation:  2274
Fittest                      42.008076055345214
highest fitness' coverage:   43.75542435977538
highest fitness' collisions: 0.17473483044301702
new generation:  2275
Fittest                      42.005849043533175
highest fitness' coverage:   43.753197347963344
highest fitness' collisions: 0.1747348304430169
new generation:  2276
Fittest                      42.008410518731615
highest fitness' coverage:   43.755758823161784
highest fitness' collisions: 0.17473483044301705
new generation:  2277
Fittest                      42.00882526146616
highest fitness' coverage:   43.756173565896326
highest fitness' collisions: 0.1747348304430169
new generation:  2278
Fittest                      42.02112657495084
highest fitness' coverage:   43.76847487938101
highest fitness' collisions: 0.17473483044301694
new generation:  2279
Fittest                      42.030064599295656
highest fitness' coverage:   43.777412903725825
highest fitness' collisions: 0.1747348304430172
new generation:  2280
Fittest                      42.02665803476927
highest fitness' coverage:   43.77400633919944
highest fitness' collisions: 0.17473483044301694
new generation:  2281
Fittest                      42.00542636206431
highest fitness' coverage:   43.75277466649448
highest fitness' collisions: 0.174734830443017
new generation:  2282
Fittest                      42.0238821326296
highest fitness' coverage:   43.77123043705977
highest fitness' collisions: 0.17473483044301696
new generation:  2283
Fittest                      42.00876681562417
highest fitness' coverage:   43.75611512005434
highest fitness' collisions: 0.17473483044301705
new generation:  2284
Fittest                      42.028371978566284
highest fitness' coverage:   43.77421967228839
highest fitness' collisions: 0.17458476937221046
new generation:  2285
Fittest                      42.01827685680044
highest fitness' coverage:   43.75875423255884
highest fitness' collisions: 0.17404773757584036
new generation:  2286
Fittest                      42.04926894203923
highest fitness' coverage:   43.78974631779763
highest fitness' collisions: 0.17404773757584024
new generation:  2287
Fittest                      42.04649990456595
highest fitness' coverage:   43.78697728032435
highest fitness' collisions: 0.17404773757584038
new generation:  2288
Fittest                      42.02323555883491
highest fitness' coverage:   43.76506304074139
highest fitness' collisions: 0.1741827481906479
new generation:  2289
Fittest                      42.004780388214826
highest fitness' coverage:   43.7466078701213
highest fitness' collisions: 0.17418274819064797
new generation:  2290
Fittest                      42.0266993368308
highest fitness' coverage:   43.76852681873728
highest fitness' collisions: 0.17418274819064775
new generation:  2291
Fittest                      42.02986584597999
highest fitness' coverage:   43.77169332788647
highest fitness' collisions: 0.1741827481906478
new generation:  2292
Fittest                      42.01413616090469
highest fitness' coverage:   43.752877420163514
highest fitness' collisions: 0.17387412592588222
new generation:  2293
Fittest                      42.02682813601035
highest fitness' coverage:   43.765569395269175
highest fitness' collisions: 0.1738741259258822
new generation:  2294
Fittest                      42.05107125593724
highest fitness' coverage:   43.78981251519606
highest fitness' collisions: 0.17387412592588236
new generation:  2295
Fittest                      42.02377268967255
highest fitness' coverage:   43.76251394893137
highest fitness' collisions: 0.17387412592588225
new generation:  2296
Fittest                      42.01566137751779
highest fitness' coverage:   43.752817743584146
highest fitness' collisions: 0.17371563660663591
new generation:  2297
Fittest                      42.01533243614395
highest fitness' coverage:   43.75248880221031
highest fitness' collisions: 0.17371563660663605
new generation:  2298
Fittest                      41.99361517550447
highest fitness' coverage:   43.73077154157083
highest fitness' collisions: 0.17371563660663591
new generation:  2299
Fittest                      42.027614520929596
highest fitness' coverage:   43.77333734875012
highest fitness' collisions: 0.17457228278205214
new generation:  2300
Fittest                      42.01495241486157
highest fitness' coverage:   43.76067524268209
highest fitness' collisions: 0.17457228278205203
new generation:  2301
Fittest                      42.0182546378281
highest fitness' coverage:   43.767030273391505
highest fitness' collisions: 0.17487756355634052
new generation:  2302
Fittest                      41.993364411832054
highest fitness' coverage:   43.74214004739546
highest fitness' collisions: 0.17487756355634065
new generation:  2303
Fittest                      41.990759069131975
highest fitness' coverage:   43.73953470469538
highest fitness' collisions: 0.17487756355634065
new generation:  2304
Fittest                      42.0149664136265
highest fitness' coverage:   43.76374204918991
highest fitness' collisions: 0.17487756355634074
new generation:  2305
Fittest                      42.005715318909495
highest fitness' coverage:   43.748736555099526
highest fitness' collisions: 0.1743021236190034
new generation:  2306
Fittest                      42.017371082535156
highest fitness' coverage:   43.760392318725195
highest fitness' collisions: 0.17430212361900363
new generation:  2307
Fittest                      42.00499091399911
highest fitness' coverage:   43.74801215018915
highest fitness' collisions: 0.17430212361900355
new generation:  2308
Fittest                      41.99468444938964
highest fitness' coverage:   43.74190459469144
highest fitness' collisions: 0.17472201453018008
new generation:  2309
Fittest                      42.010104454365774
highest fitness' coverage:   43.75732459966758
highest fitness' collisions: 0.17472201453018027
new generation:  2310
Fittest                      42.00453830356372
highest fitness' coverage:   43.75175844886552
highest fitness' collisions: 0.17472201453018033
new generation:  2311
Fittest                      41.988148079139215
highest fitness' coverage:   43.73536822444102
highest fitness' collisions: 0.17472201453018016
new generation:  2312
Fittest                      41.98980363931252
highest fitness' coverage:   43.73431123246581
highest fitness' collisions: 0.174450759315329
new generation:  2313
Fittest                      42.01693121362942
highest fitness' coverage:   43.76143880678271
highest fitness' collisions: 0.174450759315329
new generation:  2314
Fittest                      42.02019218726181
highest fitness' coverage:   43.762006674214106
highest fitness' collisions: 0.1741814486952292
new generation:  2315
Fittest                      42.0200782386989
highest fitness' coverage:   43.761892725651194
highest fitness' collisions: 0.174181448695229
new generation:  2316
Fittest                      42.044996186682276
highest fitness' coverage:   43.78681067363457
highest fitness' collisions: 0.174181448695229
new generation:  2317
Fittest                      42.01743594389566
highest fitness' coverage:   43.761541298500724
highest fitness' collisions: 0.17441053546050583
new generation:  2318
Fittest                      42.00398497344265
highest fitness' coverage:   43.749896395679656
highest fitness' collisions: 0.1745911422237007
new generation:  2319
Fittest                      42.022933137037214
highest fitness' coverage:   43.7683284090735
highest fitness' collisions: 0.17453952720362853
new generation:  2320
Fittest                      42.04454472234251
highest fitness' coverage:   43.78993999437879
highest fitness' collisions: 0.17453952720362856
new generation:  2321
Fittest                      42.013771414440924
highest fitness' coverage:   43.75916668647721
highest fitness' collisions: 0.17453952720362867
new generation:  2322
Fittest                      42.00700327377929
highest fitness' coverage:   43.75239854581557
highest fitness' collisions: 0.1745395272036285
new generation:  2323
Fittest                      42.01016336226968
highest fitness' coverage:   43.75555863430596
highest fitness' collisions: 0.17453952720362853
new generation:  2324
Fittest                      42.02907585842583
highest fitness' coverage:   43.77447113046211
highest fitness' collisions: 0.17453952720362848
new generation:  2325
Fittest                      42.013845284000126
highest fitness' coverage:   43.749051811748686
highest fitness' collisions: 0.1735206527748557
new generation:  2326
Fittest                      42.03945192816399
highest fitness' coverage:   43.77465845591255
highest fitness' collisions: 0.17352065277485576
new generation:  2327
Fittest                      42.033049864174686
highest fitness' coverage:   43.76825639192324
highest fitness' collisions: 0.17352065277485557
new generation:  2328
Fittest                      42.05139665537334
highest fitness' coverage:   43.7866031831219
highest fitness' collisions: 0.1735206527748557
new generation:  2329
Fittest                      42.048673391111734
highest fitness' coverage:   43.78387991886029
highest fitness' collisions: 0.17352065277485562
new generation:  2330
Fittest                      42.04232462672196
highest fitness' coverage:   43.777531154470516
highest fitness' collisions: 0.17352065277485568
new generation:  2331
Fittest                      42.027107704337794
highest fitness' coverage:   43.762314232086354
highest fitness' collisions: 0.17352065277485557
new generation:  2332
Fittest                      42.01801795264709
highest fitness' coverage:   43.75322448039565
highest fitness' collisions: 0.17352065277485573
new generation:  2333
Fittest                      42.02699581199712
highest fitness' coverage:   43.76220233974567
highest fitness' collisions: 0.17352065277485548
new generation:  2334
Fittest                      42.02995031312152
highest fitness' coverage:   43.76515684087008
highest fitness' collisions: 0.1735206527748558
new generation:  2335
Fittest                      42.00180896258285
highest fitness' coverage:   43.73701549033141
highest fitness' collisions: 0.17352065277485565
new generation:  2336
Fittest                      42.039663138299744
highest fitness' coverage:   43.7748696660483
highest fitness' collisions: 0.1735206527748557
new generation:  2337
Fittest                      42.02022705566368
highest fitness' coverage:   43.75543358341224
highest fitness' collisions: 0.17352065277485565
new generation:  2338
Fittest                      42.05484343931155
highest fitness' coverage:   43.790049967060106
highest fitness' collisions: 0.17352065277485576
new generation:  2339
Fittest                      42.01472740240386
highest fitness' coverage:   43.749933930152416
highest fitness' collisions: 0.17352065277485565
new generation:  2340
Fittest                      42.03270095031791
highest fitness' coverage:   43.76776293408939
highest fitness' collisions: 0.17350619837714804
new generation:  2341
Fittest                      42.016849232318215
highest fitness' coverage:   43.74198418140755
highest fitness' collisions: 0.17251349490893375
new generation:  2342
Fittest                      42.04880755344635
highest fitness' coverage:   43.77394250253569
highest fitness' collisions: 0.1725134949089337
new generation:  2343
Fittest                      42.03870842664307
highest fitness' coverage:   43.76384337573241
highest fitness' collisions: 0.1725134949089338
new generation:  2344
Fittest                      42.04800503397797
highest fitness' coverage:   43.77313998306731
highest fitness' collisions: 0.17251349490893375
new generation:  2345
Fittest                      42.04513234531071
highest fitness' coverage:   43.77026729440005
highest fitness' collisions: 0.1725134949089338
new generation:  2346
Fittest                      42.04190797608536
highest fitness' coverage:   43.7670429251747
highest fitness' collisions: 0.17251349490893372
new generation:  2347
Fittest                      42.03893215388836
highest fitness' coverage:   43.7640671029777
highest fitness' collisions: 0.1725134949089338
new generation:  2348
Fittest                      42.03533869596525
highest fitness' coverage:   43.744985478865466
highest fitness' collisions: 0.1709646782900213
new generation:  2349
Fittest                      42.024292162111486
highest fitness' coverage:   43.70168521106554
highest fitness' collisions: 0.16773930489540495
new generation:  2350
Fittest                      42.02680265129885
highest fitness' coverage:   43.7041957002529
highest fitness' collisions: 0.16773930489540492
new generation:  2351
Fittest                      42.03727323034147
highest fitness' coverage:   43.71058308543219
highest fitness' collisions: 0.1673309855090722
new generation:  2352
Fittest                      42.02484189595538
highest fitness' coverage:   43.698151751046105
highest fitness' collisions: 0.16733098550907236
new generation:  2353
Fittest                      42.04110164796987
highest fitness' coverage:   43.71441150306059
highest fitness' collisions: 0.1673309855090723
new generation:  2354
Fittest                      42.04083402034301
highest fitness' coverage:   43.714143875433734
highest fitness' collisions: 0.1673309855090722
new generation:  2355
Fittest                      42.06396050242725
highest fitness' coverage:   43.776602062907735
highest fitness' collisions: 0.17126415604804873
new generation:  2356
Fittest                      42.12946666299803
highest fitness' coverage:   43.84210822347851
highest fitness' collisions: 0.17126415604804882
new generation:  2357
Fittest                      42.070496705078135
highest fitness' coverage:   43.78313826555862
highest fitness' collisions: 0.1712641560480488
new generation:  2358
Fittest                      42.105101336129486
highest fitness' coverage:   43.81774289660997
highest fitness' collisions: 0.17126415604804882
new generation:  2359
Fittest                      42.12014606436483
highest fitness' coverage:   43.8263133474427
highest fitness' collisions: 0.17061672830778662
new generation:  2360
Fittest                      42.086306377247396
highest fitness' coverage:   43.792473660325264
highest fitness' collisions: 0.17061672830778662
new generation:  2361
Fittest                      42.09645905409026
highest fitness' coverage:   43.80262633716813
highest fitness' collisions: 0.17061672830778665
new generation:  2362
Fittest                      42.107601324776965
highest fitness' coverage:   43.81376860785483
highest fitness' collisions: 0.17061672830778657
new generation:  2363
Fittest                      42.09486547025389
highest fitness' coverage:   43.817400918546035
highest fitness' collisions: 0.17225354482921443
new generation:  2364
Fittest                      42.08220706400355
highest fitness' coverage:   43.8047425122957
highest fitness' collisions: 0.17225354482921462
new generation:  2365
Fittest                      42.09151196930916
highest fitness' coverage:   43.8140474176013
highest fitness' collisions: 0.17225354482921437
new generation:  2366
Fittest                      42.101049565726235
highest fitness' coverage:   43.82358501401838
highest fitness' collisions: 0.1722535448292144
new generation:  2367
Fittest                      42.088477120735455
highest fitness' coverage:   43.811012569027596
highest fitness' collisions: 0.17225354482921437
new generation:  2368
Fittest                      42.08904448754877
highest fitness' coverage:   43.81157993584091
highest fitness' collisions: 0.17225354482921434
new generation:  2369
Fittest                      42.07184420231151
highest fitness' coverage:   43.81167082677906
highest fitness' collisions: 0.17398266244675467
new generation:  2370
Fittest                      42.04375819240067
highest fitness' coverage:   43.79270492526177
highest fitness' collisions: 0.17489467328611064
new generation:  2371
Fittest                      42.0816986735719
highest fitness' coverage:   43.83064540643301
highest fitness' collisions: 0.17489467328611077
new generation:  2372
Fittest                      42.053047589096316
highest fitness' coverage:   43.80199432195742
highest fitness' collisions: 0.1748946732861106
new generation:  2373
Fittest                      42.04358980892929
highest fitness' coverage:   43.7925365417904
highest fitness' collisions: 0.1748946732861106
new generation:  2374
Fittest                      42.05269221977357
highest fitness' coverage:   43.801638952634676
highest fitness' collisions: 0.17489467328611064
new generation:  2375
Fittest                      42.05255881573791
highest fitness' coverage:   43.80150554859902
highest fitness' collisions: 0.17489467328611064
new generation:  2376
Fittest                      42.065323693030884
highest fitness' coverage:   43.81427042589199
highest fitness' collisions: 0.17489467328611077
new generation:  2377
Fittest                      42.04952095072776
highest fitness' coverage:   43.79846768358887
highest fitness' collisions: 0.17489467328611055
new generation:  2378
Fittest                      42.04950886354894
highest fitness' coverage:   43.798455596410044
highest fitness' collisions: 0.17489467328611075
new generation:  2379
Fittest                      42.05014394703629
highest fitness' coverage:   43.7990906798974
highest fitness' collisions: 0.17489467328611055
new generation:  2380
Fittest                      42.06646881271895
highest fitness' coverage:   43.80759716061863
highest fitness' collisions: 0.17411283478996778
new generation:  2381
Fittest                      42.057478095354654
highest fitness' coverage:   43.798606443254336
highest fitness' collisions: 0.17411283478996795
new generation:  2382
Fittest                      42.07309668829394
highest fitness' coverage:   43.81422503619362
highest fitness' collisions: 0.17411283478996797
new generation:  2383
Fittest                      42.0757342162235
highest fitness' coverage:   43.81788727338674
highest fitness' collisions: 0.17421530571632382
new generation:  2384
Fittest                      42.057421659754475
highest fitness' coverage:   43.805514357935635
highest fitness' collisions: 0.1748092698181159
new generation:  2385
Fittest                      42.05351138319315
highest fitness' coverage:   43.80160408137431
highest fitness' collisions: 0.17480926981811612
new generation:  2386
Fittest                      42.05380300588395
highest fitness' coverage:   43.795956063047186
highest fitness' collisions: 0.17421530571632396
new generation:  2387
Fittest                      42.09365825860499
highest fitness' coverage:   43.83581131576823
highest fitness' collisions: 0.174215305716324
new generation:  2388
Fittest                      42.03733021396248
highest fitness' coverage:   43.77179149666927
highest fitness' collisions: 0.17344612827067996
new generation:  2389
Fittest                      42.05000388891088
highest fitness' coverage:   43.784465171617676
highest fitness' collisions: 0.17344612827067998
new generation:  2390
Fittest                      42.05657531487067
highest fitness' coverage:   43.79103659757747
highest fitness' collisions: 0.17344612827067996
new generation:  2391
Fittest                      42.04384367780992
highest fitness' coverage:   43.778304960516714
highest fitness' collisions: 0.17344612827067996
new generation:  2392
Fittest                      42.034323919985326
highest fitness' coverage:   43.76878520269212
highest fitness' collisions: 0.1734461282706799
new generation:  2393
Fittest                      42.03433843510004
highest fitness' coverage:   43.768799717806836
highest fitness' collisions: 0.17344612827067993
new generation:  2394
Fittest                      42.02606522479556
highest fitness' coverage:   43.760526507502355
highest fitness' collisions: 0.17344612827067987
new generation:  2395
Fittest                      42.0412358940162
highest fitness' coverage:   43.775697176723
highest fitness' collisions: 0.17344612827068007
new generation:  2396
Fittest                      42.028319821649156
highest fitness' coverage:   43.76278110435595
highest fitness' collisions: 0.17344612827067984
new generation:  2397
Fittest                      42.04100110048606
highest fitness' coverage:   43.77546238319286
highest fitness' collisions: 0.17344612827067996
new generation:  2398
Fittest                      42.025337928112855
highest fitness' coverage:   43.75979921081965
highest fitness' collisions: 0.17344612827067993
new generation:  2399
Fittest                      42.04576017567749
highest fitness' coverage:   43.771843716942286
highest fitness' collisions: 0.1726083541264791
new generation:  2400
Fittest                      42.049145147999916
highest fitness' coverage:   43.77522868926471
highest fitness' collisions: 0.1726083541264791
new generation:  2401
Fittest                      42.077069414186965
highest fitness' coverage:   43.80315295545176
highest fitness' collisions: 0.1726083541264791
new generation:  2402
Fittest                      42.04296663774182
highest fitness' coverage:   43.76905017900661
highest fitness' collisions: 0.17260835412647907
new generation:  2403
Fittest                      42.04293295878425
highest fitness' coverage:   43.772102722696694
highest fitness' collisions: 0.17291697639124462
new generation:  2404
Fittest                      42.044837450578385
highest fitness' coverage:   43.77219621164511
highest fitness' collisions: 0.1727358761066727
new generation:  2405
Fittest                      42.050353421824255
highest fitness' coverage:   43.77771218289098
highest fitness' collisions: 0.17273587610667274
new generation:  2406
Fittest                      42.04764980304935
highest fitness' coverage:   43.77500856411608
highest fitness' collisions: 0.17273587610667274
new generation:  2407
Fittest                      42.047561025268955
highest fitness' coverage:   43.77491978633568
highest fitness' collisions: 0.1727358761066727
new generation:  2408
Fittest                      42.05425026240978
highest fitness' coverage:   43.781609023476506
highest fitness' collisions: 0.1727358761066728
new generation:  2409
Fittest                      42.04179756094942
highest fitness' coverage:   43.769156322016144
highest fitness' collisions: 0.1727358761066727
new generation:  2410
Fittest                      42.03847452217615
highest fitness' coverage:   43.765833283242884
highest fitness' collisions: 0.1727358761066729
new generation:  2411
Fittest                      42.047366760929734
highest fitness' coverage:   43.77472552199646
highest fitness' collisions: 0.17273587610667263
new generation:  2412
Fittest                      42.04141568614067
highest fitness' coverage:   43.76877444720739
highest fitness' collisions: 0.1727358761066727
new generation:  2413
Fittest                      42.0481195913086
highest fitness' coverage:   43.77547835237532
highest fitness' collisions: 0.17273587610667268
new generation:  2414
Fittest                      42.047645978315735
highest fitness' coverage:   43.77500473938246
highest fitness' collisions: 0.17273587610667268
new generation:  2415
Fittest                      42.054422521828464
highest fitness' coverage:   43.78178128289519
highest fitness' collisions: 0.17273587610667274
new generation:  2416
Fittest                      42.03832136163812
highest fitness' coverage:   43.76568012270484
highest fitness' collisions: 0.17273587610667257
new generation:  2417
Fittest                      42.0510082089644
highest fitness' coverage:   43.778078566880815
highest fitness' collisions: 0.17270703579164146
new generation:  2418
Fittest                      42.08275640869597
highest fitness' coverage:   43.80982676661238
highest fitness' collisions: 0.17270703579164137
new generation:  2419
Fittest                      42.05716088905023
highest fitness' coverage:   43.78423124696665
highest fitness' collisions: 0.17270703579164154
new generation:  2420
Fittest                      42.0355256393497
highest fitness' coverage:   43.76259599726612
highest fitness' collisions: 0.17270703579164154
new generation:  2421
Fittest                      42.054552422455345
highest fitness' coverage:   43.78162278037176
highest fitness' collisions: 0.17270703579164157
new generation:  2422
Fittest                      42.044836788566066
highest fitness' coverage:   43.771907146482484
highest fitness' collisions: 0.17270703579164146
new generation:  2423
Fittest                      42.020868715244326
highest fitness' coverage:   43.747939073160744
highest fitness' collisions: 0.17270703579164146
new generation:  2424
Fittest                      42.03602672753207
highest fitness' coverage:   43.790917227218415
highest fitness' collisions: 0.17548904996863468
new generation:  2425
Fittest                      42.0416509096187
highest fitness' coverage:   43.79413028133481
highest fitness' collisions: 0.17524793717161027
new generation:  2426
Fittest                      42.04143067714344
highest fitness' coverage:   43.79391004885954
highest fitness' collisions: 0.17524793717161016
new generation:  2427
Fittest                      42.01977159230464
highest fitness' coverage:   43.77225096402074
highest fitness' collisions: 0.1752479371716101
new generation:  2428
Fittest                      42.01962394667478
highest fitness' coverage:   43.772103318390876
highest fitness' collisions: 0.17524793717161008
new generation:  2429
Fittest                      42.01721317547365
highest fitness' coverage:   43.76610371990311
highest fitness' collisions: 0.17488905444294564
new generation:  2430
Fittest                      42.036114414440064
highest fitness' coverage:   43.78500495886952
highest fitness' collisions: 0.1748890544429459
new generation:  2431
Fittest                      42.02648937682998
highest fitness' coverage:   43.775379921259436
highest fitness' collisions: 0.17488905444294575
new generation:  2432
Fittest                      42.02964692019349
highest fitness' coverage:   43.77853746462295
highest fitness' collisions: 0.17488905444294578
new generation:  2433
Fittest                      42.02317013272347
highest fitness' coverage:   43.77206067715293
highest fitness' collisions: 0.17488905444294578
new generation:  2434
Fittest                      42.029466697694694
highest fitness' coverage:   43.77835724212415
highest fitness' collisions: 0.17488905444294564
new generation:  2435
Fittest                      42.02425571918698
highest fitness' coverage:   43.77231660151063
highest fitness' collisions: 0.17480608823236513
new generation:  2436
Fittest                      42.03965283033683
highest fitness' coverage:   43.78771371266048
highest fitness' collisions: 0.17480608823236504
new generation:  2437
Fittest                      42.0269415893845
highest fitness' coverage:   43.77500247170815
highest fitness' collisions: 0.17480608823236513
new generation:  2438
Fittest                      42.02868783954532
highest fitness' coverage:   43.7752696134808
highest fitness' collisions: 0.1746581773935484
new generation:  2439
Fittest                      42.062779334220814
highest fitness' coverage:   43.809361108156295
highest fitness' collisions: 0.17465817739354816
new generation:  2440
Fittest                      42.037981586952775
highest fitness' coverage:   43.78456336088826
highest fitness' collisions: 0.17465817739354836
new generation:  2441
Fittest                      42.02998814725898
highest fitness' coverage:   43.797023959598356
highest fitness' collisions: 0.1767035812339376
new generation:  2442
Fittest                      42.008232660866426
highest fitness' coverage:   43.7752684732058
highest fitness' collisions: 0.17670358123393734
new generation:  2443
Fittest                      42.011538189665224
highest fitness' coverage:   43.778574002004596
highest fitness' collisions: 0.17670358123393756
new generation:  2444
Fittest                      42.02324911698531
highest fitness' coverage:   43.790284929324685
highest fitness' collisions: 0.1767035812339374
new generation:  2445
Fittest                      42.01819881615078
highest fitness' coverage:   43.78458080054405
highest fitness' collisions: 0.17663819843932677
new generation:  2446
Fittest                      42.0154127688582
highest fitness' coverage:   43.78179475325147
highest fitness' collisions: 0.1766381984393268
new generation:  2447
Fittest                      42.01499307079924
highest fitness' coverage:   43.78137505519251
highest fitness' collisions: 0.1766381984393269
new generation:  2448
Fittest                      41.98720092153908
highest fitness' coverage:   43.75358290593235
highest fitness' collisions: 0.17663819843932685
new generation:  2449
Fittest                      42.0154809323909
highest fitness' coverage:   43.78186291678417
highest fitness' collisions: 0.1766381984393269
new generation:  2450
Fittest                      41.997091053943954
highest fitness' coverage:   43.77857106748281
highest fitness' collisions: 0.17814800135388506
new generation:  2451
Fittest                      41.98727854515948
highest fitness' coverage:   43.76875855869832
highest fitness' collisions: 0.17814800135388495
new generation:  2452
Fittest                      41.98397802846402
highest fitness' coverage:   43.76545804200288
highest fitness' collisions: 0.1781480013538852
new generation:  2453
Fittest                      41.98755188316155
highest fitness' coverage:   43.769031896700405
highest fitness' collisions: 0.17814800135388528
new generation:  2454
Fittest                      42.0036375412618
highest fitness' coverage:   43.78511755480066
highest fitness' collisions: 0.1781480013538852
new generation:  2455
Fittest                      41.9966929909608
highest fitness' coverage:   43.778173004499656
highest fitness' collisions: 0.17814800135388523
new generation:  2456
Fittest                      42.00578082746107
highest fitness' coverage:   43.787363170299145
highest fitness' collisions: 0.17815823428380798
new generation:  2457
Fittest                      42.012418707546715
highest fitness' coverage:   43.79400105038479
highest fitness' collisions: 0.1781582342838079
new generation:  2458
Fittest                      41.99309432645622
highest fitness' coverage:   43.7746766692943
highest fitness' collisions: 0.17815823428380798
new generation:  2459
Fittest                      41.968525717128756
highest fitness' coverage:   43.750108059966834
highest fitness' collisions: 0.17815823428380778
new generation:  2460
Fittest                      41.99323851681072
highest fitness' coverage:   43.7748208596488
highest fitness' collisions: 0.17815823428380803
new generation:  2461
Fittest                      41.98495475023007
highest fitness' coverage:   43.766537093068145
highest fitness' collisions: 0.1781582342838081
new generation:  2462
Fittest                      42.00255420565928
highest fitness' coverage:   43.78413654849736
highest fitness' collisions: 0.17815823428380786
new generation:  2463
Fittest                      41.99984322348923
highest fitness' coverage:   43.78142556632731
highest fitness' collisions: 0.17815823428380795
new generation:  2464
Fittest                      41.990025683805584
highest fitness' coverage:   43.77160802664366
highest fitness' collisions: 0.1781582342838079
new generation:  2465
Fittest                      41.99996224585277
highest fitness' coverage:   43.78154458869085
highest fitness' collisions: 0.17815823428380795
new generation:  2466
Fittest                      42.03145007993406
highest fitness' coverage:   43.79979736284269
highest fitness' collisions: 0.17683472829086289
new generation:  2467
Fittest                      42.00687670492882
highest fitness' coverage:   43.77522398783745
highest fitness' collisions: 0.1768347282908627
new generation:  2468
Fittest                      42.010043707117354
highest fitness' coverage:   43.77839099002598
highest fitness' collisions: 0.17683472829086289
new generation:  2469
Fittest                      42.03153050601641
highest fitness' coverage:   43.79987778892504
highest fitness' collisions: 0.17683472829086302
new generation:  2470
Fittest                      42.006794034656785
highest fitness' coverage:   43.775141317565414
highest fitness' collisions: 0.17683472829086275
new generation:  2471
Fittest                      41.99401336456912
highest fitness' coverage:   43.76236064747775
highest fitness' collisions: 0.17683472829086275
new generation:  2472
Fittest                      42.00649269028426
highest fitness' coverage:   43.77483997319289
highest fitness' collisions: 0.17683472829086286
new generation:  2473
Fittest                      42.03158036390079
highest fitness' coverage:   43.799927646809415
highest fitness' collisions: 0.17683472829086308
new generation:  2474
Fittest                      41.99680559225697
highest fitness' coverage:   43.7651528751656
highest fitness' collisions: 0.1768347282908629
new generation:  2475
Fittest                      42.00666984603169
highest fitness' coverage:   43.77501712894032
highest fitness' collisions: 0.17683472829086289
new generation:  2476
Fittest                      42.007284353451766
highest fitness' coverage:   43.775631636360394
highest fitness' collisions: 0.17683472829086294
new generation:  2477
Fittest                      42.04762817733744
highest fitness' coverage:   43.818729688949404
highest fitness' collisions: 0.1771101511611967
new generation:  2478
Fittest                      42.00816300904117
highest fitness' coverage:   43.78192893150729
highest fitness' collisions: 0.17737659224661156
new generation:  2479
Fittest                      42.01339462363453
highest fitness' coverage:   43.787160546100644
highest fitness' collisions: 0.17737659224661148
new generation:  2480
Fittest                      41.997850018369135
highest fitness' coverage:   43.771615940835254
highest fitness' collisions: 0.1773765922466116
new generation:  2481
Fittest                      42.01355449089308
highest fitness' coverage:   43.7873204133592
highest fitness' collisions: 0.1773765922466116
new generation:  2482
Fittest                      42.001275119363314
highest fitness' coverage:   43.775041041829425
highest fitness' collisions: 0.17737659224661145
new generation:  2483
Fittest                      41.99527412493189
highest fitness' coverage:   43.77199861273081
highest fitness' collisions: 0.1776724487798922
new generation:  2484
Fittest                      41.99225436807239
highest fitness' coverage:   43.76897885587131
highest fitness' collisions: 0.1776724487798922
new generation:  2485
Fittest                      42.01544051488486
highest fitness' coverage:   43.79328969399011
highest fitness' collisions: 0.17778491791052545
new generation:  2486
Fittest                      42.01847407313504
highest fitness' coverage:   43.79632325224029
highest fitness' collisions: 0.17778491791052534
new generation:  2487
Fittest                      42.00338291019359
highest fitness' coverage:   43.78123208929884
highest fitness' collisions: 0.17778491791052528
new generation:  2488
Fittest                      41.98820315532338
highest fitness' coverage:   43.784299847517865
highest fitness' collisions: 0.17960966921944824
new generation:  2489
Fittest                      41.97903238058736
highest fitness' coverage:   43.775129072781844
highest fitness' collisions: 0.179609669219448
new generation:  2490
Fittest                      41.972634643340896
highest fitness' coverage:   43.78127610199257
highest fitness' collisions: 0.1808641458651669
new generation:  2491
Fittest                      41.9819171901955
highest fitness' coverage:   43.790558648847174
highest fitness' collisions: 0.18086414586516683
new generation:  2492
Fittest                      41.95671748795765
highest fitness' coverage:   43.76535894660932
highest fitness' collisions: 0.18086414586516697
new generation:  2493
Fittest                      41.9782861947433
highest fitness' coverage:   43.78692765339497
highest fitness' collisions: 0.18086414586516686
new generation:  2494
Fittest                      41.951186853531055
highest fitness' coverage:   43.75982831218273
highest fitness' collisions: 0.180864145865167
new generation:  2495
Fittest                      41.974888101404915
highest fitness' coverage:   43.783529560056586
highest fitness' collisions: 0.1808641458651669
new generation:  2496
Fittest                      41.99148634068342
highest fitness' coverage:   43.800127799335094
highest fitness' collisions: 0.1808641458651668
new generation:  2497
Fittest                      41.966062592099426
highest fitness' coverage:   43.7747040507511
highest fitness' collisions: 0.18086414586516683
new generation:  2498
Fittest                      41.98132374256373
highest fitness' coverage:   43.790281428981416
highest fitness' collisions: 0.18089576864176862
new generation:  2499
Fittest                      41.97527208946918
highest fitness' coverage:   43.784229775886864
highest fitness' collisions: 0.18089576864176882
new generation:  2500
Fittest                      41.96920160438366
highest fitness' coverage:   43.77815929080135
highest fitness' collisions: 0.18089576864176868
new generation:  2501
Fittest                      41.961203900337175
highest fitness' coverage:   43.75927352313845
highest fitness' collisions: 0.1798069622801274
new generation:  2502
Fittest                      41.98010215063832
highest fitness' coverage:   43.77817177343959
highest fitness' collisions: 0.1798069622801273
new generation:  2503
Fittest                      41.98329641697473
highest fitness' coverage:   43.781366039776
highest fitness' collisions: 0.17980696228012735
new generation:  2504
Fittest                      41.97208767611536
highest fitness' coverage:   43.780727947991934
highest fitness' collisions: 0.18086402718765762
new generation:  2505
Fittest                      41.95553229540827
highest fitness' coverage:   43.76565167567301
highest fitness' collisions: 0.18101193802647442
new generation:  2506
Fittest                      41.977391354256
highest fitness' coverage:   43.787510734520744
highest fitness' collisions: 0.18101193802647447
new generation:  2507
Fittest                      41.98044802768782
highest fitness' coverage:   43.790567407952565
highest fitness' collisions: 0.18101193802647442
new generation:  2508
Fittest                      41.96511245036782
highest fitness' coverage:   43.77523183063256
highest fitness' collisions: 0.18101193802647447
new generation:  2509
Fittest                      42.00084409362872
highest fitness' coverage:   43.80937858070101
highest fitness' collisions: 0.18085344870722841
new generation:  2510
Fittest                      41.96312855454686
highest fitness' coverage:   43.77166304161915
highest fitness' collisions: 0.18085344870722847
new generation:  2511
Fittest                      41.963257380138025
highest fitness' coverage:   43.77179186721031
highest fitness' collisions: 0.18085344870722836
new generation:  2512
Fittest                      41.969250789410495
highest fitness' coverage:   43.777785276482774
highest fitness' collisions: 0.18085344870722828
new generation:  2513
Fittest                      41.96010927973879
highest fitness' coverage:   43.76864376681107
highest fitness' collisions: 0.18085344870722822
new generation:  2514
Fittest                      41.96026767785553
highest fitness' coverage:   43.76880216492782
highest fitness' collisions: 0.18085344870722841
new generation:  2515
Fittest                      41.99416940527868
highest fitness' coverage:   43.80270389235097
highest fitness' collisions: 0.18085344870722833
new generation:  2516
Fittest                      41.98168087184366
highest fitness' coverage:   43.79021535891594
highest fitness' collisions: 0.18085344870722822
new generation:  2517
Fittest                      41.972798464524416
highest fitness' coverage:   43.781332951596696
highest fitness' collisions: 0.18085344870722816
new generation:  2518
Fittest                      41.98514405671035
highest fitness' coverage:   43.79367854378263
highest fitness' collisions: 0.18085344870722833
new generation:  2519
Fittest                      41.960323819624996
highest fitness' coverage:   43.768858306697275
highest fitness' collisions: 0.1808534487072282
new generation:  2520
Fittest                      41.966599654384495
highest fitness' coverage:   43.77513414145678
highest fitness' collisions: 0.18085344870722841
new generation:  2521
Fittest                      41.979178085770066
highest fitness' coverage:   43.78459092612374
highest fitness' collisions: 0.18054128403536734
new generation:  2522
Fittest                      41.97827611432016
highest fitness' coverage:   43.775311213231824
highest fitness' collisions: 0.17970350989116654
new generation:  2523
Fittest                      41.99112549873706
highest fitness' coverage:   43.78816059764873
highest fitness' collisions: 0.17970350989116654
new generation:  2524
Fittest                      41.974952513289345
highest fitness' coverage:   43.771987612201016
highest fitness' collisions: 0.17970350989116682
new generation:  2525
Fittest                      41.95912456556244
highest fitness' coverage:   43.759157254091505
highest fitness' collisions: 0.1800032688529068
new generation:  2526
Fittest                      41.991073474344724
highest fitness' coverage:   43.79110616287379
highest fitness' collisions: 0.1800032688529067
new generation:  2527
Fittest                      41.96588818763598
highest fitness' coverage:   43.76592087616505
highest fitness' collisions: 0.18000326885290677
new generation:  2528
Fittest                      42.00023685068837
highest fitness' coverage:   43.80026953921743
highest fitness' collisions: 0.18000326885290657
new generation:  2529
Fittest                      41.97502999935446
highest fitness' coverage:   43.77506268788353
highest fitness' collisions: 0.18000326885290688
new generation:  2530
Fittest                      41.981572818557986
highest fitness' coverage:   43.78160550708705
highest fitness' collisions: 0.18000326885290663
new generation:  2531
Fittest                      41.970983592163726
highest fitness' coverage:   43.7718459427986
highest fitness' collisions: 0.18008623506348737
new generation:  2532
Fittest                      41.99575238455462
highest fitness' coverage:   43.79661473518949
highest fitness' collisions: 0.1800862350634875
new generation:  2533
Fittest                      41.96804379177029
highest fitness' coverage:   43.768906142405164
highest fitness' collisions: 0.1800862350634874
new generation:  2534
Fittest                      41.98025485822102
highest fitness' coverage:   43.781117208855896
highest fitness' collisions: 0.1800862350634873
new generation:  2535
Fittest                      41.99596850668479
highest fitness' coverage:   43.79683085731966
highest fitness' collisions: 0.18008623506348717
new generation:  2536
Fittest                      41.971081515180536
highest fitness' coverage:   43.77194386581541
highest fitness' collisions: 0.1800862350634874
new generation:  2537
Fittest                      41.98939420099509
highest fitness' coverage:   43.790256551629966
highest fitness' collisions: 0.18008623506348742
new generation:  2538
Fittest                      41.96168236140932
highest fitness' coverage:   43.76283311519451
highest fitness' collisions: 0.18011507537851862
new generation:  2539
Fittest                      41.97996560529106
highest fitness' coverage:   43.78111635907625
highest fitness' collisions: 0.1801150753785186
new generation:  2540
Fittest                      41.976352277137764
highest fitness' coverage:   43.77750303092295
highest fitness' collisions: 0.18011507537851867
new generation:  2541
Fittest                      41.95798033528401
highest fitness' coverage:   43.7591310890692
highest fitness' collisions: 0.18011507537851865
new generation:  2542
Fittest                      41.954841516663556
highest fitness' coverage:   43.75599227044874
highest fitness' collisions: 0.1801150753785188
new generation:  2543
Fittest                      41.958435006268815
highest fitness' coverage:   43.759585760054
highest fitness' collisions: 0.18011507537851873
new generation:  2544
Fittest                      42.00155310373443
highest fitness' coverage:   43.80270385751962
highest fitness' collisions: 0.1801150753785186
new generation:  2545
Fittest                      41.98908027778224
highest fitness' coverage:   43.79023103156743
highest fitness' collisions: 0.18011507537851862
new generation:  2546
Fittest                      41.977375907371425
highest fitness' coverage:   43.77852666115661
highest fitness' collisions: 0.18011507537851873
new generation:  2547
Fittest                      41.967706578717404
highest fitness' coverage:   43.75369143172293
highest fitness' collisions: 0.17859848530055258
new generation:  2548
Fittest                      41.97806844015071
highest fitness' coverage:   43.77915653695159
highest fitness' collisions: 0.18010880968008813
new generation:  2549
Fittest                      41.95957978508545
highest fitness' coverage:   43.760667881886334
highest fitness' collisions: 0.18010880968008805
new generation:  2550
Fittest                      41.962583499940564
highest fitness' coverage:   43.763671596741446
highest fitness' collisions: 0.18010880968008805
new generation:  2551
Fittest                      41.95601066719513
highest fitness' coverage:   43.75709876399601
highest fitness' collisions: 0.180108809680088
new generation:  2552
Fittest                      41.96837564152063
highest fitness' coverage:   43.76946373832151
highest fitness' collisions: 0.18010880968008822
new generation:  2553
Fittest                      41.971748836752006
highest fitness' coverage:   43.77283693355289
highest fitness' collisions: 0.18010880968008816
new generation:  2554
Fittest                      41.974731251276204
highest fitness' coverage:   43.775819348077086
highest fitness' collisions: 0.1801088096800882
new generation:  2555
Fittest                      41.97625327832891
highest fitness' coverage:   43.7697698148575
highest fitness' collisions: 0.17935165365285824
new generation:  2556
Fittest                      41.97296237081417
highest fitness' coverage:   43.76647890734275
highest fitness' collisions: 0.17935165365285813
new generation:  2557
Fittest                      42.00281261625205
highest fitness' coverage:   43.798231407000756
highest fitness' collisions: 0.17954187907487063
new generation:  2558
Fittest                      41.96233867060491
highest fitness' coverage:   43.75775746135361
highest fitness' collisions: 0.17954187907487046
new generation:  2559
Fittest                      41.97031561986353
highest fitness' coverage:   43.76324818541781
highest fitness' collisions: 0.1792932565554284
new generation:  2560
Fittest                      41.99542394165022
highest fitness' coverage:   43.788356507204504
highest fitness' collisions: 0.1792932565554284
new generation:  2561
Fittest                      41.98296396846117
highest fitness' coverage:   43.77589653401546
highest fitness' collisions: 0.17929325655542855
new generation:  2562
Fittest                      41.989613183652736
highest fitness' coverage:   43.78254574920702
highest fitness' collisions: 0.17929325655542822
new generation:  2563
Fittest                      41.977173972208355
highest fitness' coverage:   43.770106537762636
highest fitness' collisions: 0.1792932565554283
new generation:  2564
Fittest                      41.989084194015845
highest fitness' coverage:   43.782016759570126
highest fitness' collisions: 0.17929325655542835
new generation:  2565
Fittest                      41.97092849268689
highest fitness' coverage:   43.76386105824117
highest fitness' collisions: 0.1792932565554283
new generation:  2566
Fittest                      41.98942633995276
highest fitness' coverage:   43.78235890550704
highest fitness' collisions: 0.17929325655542835
new generation:  2567
Fittest                      41.983730150676315
highest fitness' coverage:   43.77958676138801
highest fitness' collisions: 0.17958566107116958
new generation:  2568
Fittest                      41.998796259216675
highest fitness' coverage:   43.79465286992837
highest fitness' collisions: 0.17958566107116955
new generation:  2569
Fittest                      41.961259652531474
highest fitness' coverage:   43.75711626324317
highest fitness' collisions: 0.17958566107116947
new generation:  2570
Fittest                      41.96736780991329
highest fitness' coverage:   43.76322442062499
highest fitness' collisions: 0.1795856610711694
new generation:  2571
Fittest                      41.96640427038014
highest fitness' coverage:   43.77615323193462
highest fitness' collisions: 0.18097489615544815
new generation:  2572
Fittest                      41.969298802348156
highest fitness' coverage:   43.77904776390264
highest fitness' collisions: 0.18097489615544823
new generation:  2573
Fittest                      41.98674108137653
highest fitness' coverage:   43.78551561554038
highest fitness' collisions: 0.17987745341638514
new generation:  2574
Fittest                      41.9839376673058
highest fitness' coverage:   43.78271220146966
highest fitness' collisions: 0.17987745341638514
new generation:  2575
Fittest                      41.96495231265648
highest fitness' coverage:   43.76372684682033
highest fitness' collisions: 0.1798774534163852
new generation:  2576
Fittest                      41.96854874881604
highest fitness' coverage:   43.767323282979895
highest fitness' collisions: 0.1798774534163853
new generation:  2577
Fittest                      41.96801785132426
highest fitness' coverage:   43.76679238548812
highest fitness' collisions: 0.1798774534163853
new generation:  2578
Fittest                      41.97753381804118
highest fitness' coverage:   43.776308352205035
highest fitness' collisions: 0.1798774534163852
new generation:  2579
Fittest                      41.970660030118104
highest fitness' coverage:   43.76943456428196
highest fitness' collisions: 0.1798774534163852
new generation:  2580
Fittest                      41.97174464794619
highest fitness' coverage:   43.77051918211004
highest fitness' collisions: 0.17987745341638536
new generation:  2581
Fittest                      41.96458658250252
highest fitness' coverage:   43.763361116666374
highest fitness' collisions: 0.17987745341638517
new generation:  2582
Fittest                      41.952608933787
highest fitness' coverage:   43.75138346795085
highest fitness' collisions: 0.17987745341638514
new generation:  2583
Fittest                      41.953924957550335
highest fitness' coverage:   43.757867369327926
highest fitness' collisions: 0.18039424117775926
new generation:  2584
Fittest                      41.953984046178086
highest fitness' coverage:   43.757926457955676
highest fitness' collisions: 0.1803942411777593
new generation:  2585
Fittest                      41.950680018933404
highest fitness' coverage:   43.754622430710995
highest fitness' collisions: 0.18039424117775912
new generation:  2586
Fittest                      41.962790340871365
highest fitness' coverage:   43.766732752648956
highest fitness' collisions: 0.18039424117775918
new generation:  2587
Fittest                      41.934756097576674
highest fitness' coverage:   43.738698509354265
highest fitness' collisions: 0.18039424117775904
new generation:  2588
Fittest                      41.9447608739221
highest fitness' coverage:   43.74870328569969
highest fitness' collisions: 0.18039424117775926
new generation:  2589
Fittest                      41.96355342586911
highest fitness' coverage:   43.7674958376467
highest fitness' collisions: 0.18039424117775907
new generation:  2590
Fittest                      41.947175164746234
highest fitness' coverage:   43.751117576523825
highest fitness' collisions: 0.1803942411777593
new generation:  2591
Fittest                      41.946777100148125
highest fitness' coverage:   43.75813261433873
highest fitness' collisions: 0.18113555141906007
new generation:  2592
Fittest                      41.911898853970186
highest fitness' coverage:   43.72325436816079
highest fitness' collisions: 0.18113555141906
new generation:  2593
Fittest                      41.930153457082305
highest fitness' coverage:   43.74150897127291
highest fitness' collisions: 0.18113555141905996
new generation:  2594
Fittest                      41.939569318294744
highest fitness' coverage:   43.751115378557145
highest fitness' collisions: 0.18115460602623978
new generation:  2595
Fittest                      41.926183761547506
highest fitness' coverage:   43.741277955702245
highest fitness' collisions: 0.18150941941547352
new generation:  2596
Fittest                      41.94863167881712
highest fitness' coverage:   43.763725872971854
highest fitness' collisions: 0.18150941941547347
new generation:  2597
Fittest                      41.93886343761301
highest fitness' coverage:   43.75395763176774
highest fitness' collisions: 0.18150941941547344
new generation:  2598
Fittest                      41.94302222365495
highest fitness' coverage:   43.75811641780968
highest fitness' collisions: 0.18150941941547333
new generation:  2599
Fittest                      41.9296300132223
highest fitness' coverage:   43.74472420737703
highest fitness' collisions: 0.1815094194154734
new generation:  2600
Fittest                      41.93633561965972
highest fitness' coverage:   43.751429813814454
highest fitness' collisions: 0.18150941941547338
new generation:  2601
Fittest                      41.92955052208484
highest fitness' coverage:   43.74464471623957
highest fitness' collisions: 0.18150941941547333
new generation:  2602
Fittest                      41.94279061243679
highest fitness' coverage:   43.738824578134995
highest fitness' collisions: 0.17960339656982077
new generation:  2603
Fittest                      41.97440823445676
highest fitness' coverage:   43.77044220015497
highest fitness' collisions: 0.17960339656982083
new generation:  2604
Fittest                      41.98964688590442
highest fitness' coverage:   43.78568085160263
highest fitness' collisions: 0.17960339656982074
new generation:  2605
Fittest                      41.93995232365292
highest fitness' coverage:   43.735986289351125
highest fitness' collisions: 0.1796033965698206
new generation:  2606
Fittest                      41.95180924165339
highest fitness' coverage:   43.7478432073516
highest fitness' collisions: 0.17960339656982077
new generation:  2607
Fittest                      41.954744616694995
highest fitness' coverage:   43.7507785823932
highest fitness' collisions: 0.17960339656982077
new generation:  2608
Fittest                      41.92751707127466
highest fitness' coverage:   43.723551036972864
highest fitness' collisions: 0.17960339656982097
new generation:  2609
Fittest                      41.95026698642821
highest fitness' coverage:   43.74179160248751
highest fitness' collisions: 0.17915246160593
new generation:  2610
Fittest                      41.941280539687355
highest fitness' coverage:   43.732805155746654
highest fitness' collisions: 0.17915246160592999
new generation:  2611
Fittest                      41.94703452949921
highest fitness' coverage:   43.73855914555851
highest fitness' collisions: 0.17915246160593007
new generation:  2612
Fittest                      41.95329544905903
highest fitness' coverage:   43.744820065118326
highest fitness' collisions: 0.17915246160593007
new generation:  2613
Fittest                      41.96258484669507
highest fitness' coverage:   43.75135523405103
highest fitness' collisions: 0.17887703873559604
new generation:  2614
Fittest                      41.97160643748814
highest fitness' coverage:   43.7603768248441
highest fitness' collisions: 0.178877038735596
new generation:  2615
Fittest                      41.941300407694875
highest fitness' coverage:   43.72940853280787
highest fitness' collisions: 0.17881081251129946
new generation:  2616
Fittest                      41.957770924579876
highest fitness' coverage:   43.74233091580054
highest fitness' collisions: 0.17845599912206603
new generation:  2617
Fittest                      41.966606516063564
highest fitness' coverage:   43.751166507284225
highest fitness' collisions: 0.178455999122066
new generation:  2618
Fittest                      41.99147355707652
highest fitness' coverage:   43.77603354829718
highest fitness' collisions: 0.178455999122066
new generation:  2619
Fittest                      41.95425172271027
highest fitness' coverage:   43.72969160553737
highest fitness' collisions: 0.17754398828271017
new generation:  2620
Fittest                      41.97635080556332
highest fitness' coverage:   43.75179068839042
highest fitness' collisions: 0.17754398828271017
new generation:  2621
Fittest                      41.958051640603756
highest fitness' coverage:   43.760811920864526
highest fitness' collisions: 0.18027602802607673
new generation:  2622
Fittest                      41.96705213045006
highest fitness' coverage:   43.76688836555341
highest fitness' collisions: 0.1799836235103356
new generation:  2623
Fittest                      41.92634316743833
highest fitness' coverage:   43.72965606841506
highest fitness' collisions: 0.18033129009767268
new generation:  2624
Fittest                      41.9511386620062
highest fitness' coverage:   43.75445156298293
highest fitness' collisions: 0.18033129009767268
new generation:  2625
Fittest                      41.932874951024075
highest fitness' coverage:   43.7361878520008
highest fitness' collisions: 0.18033129009767268
new generation:  2626
Fittest                      41.95465585664123
highest fitness' coverage:   43.75796875761796
highest fitness' collisions: 0.18033129009767276
new generation:  2627
Fittest                      41.960883307277975
highest fitness' coverage:   43.7641962082547
highest fitness' collisions: 0.1803312900976727
new generation:  2628
Fittest                      41.970035485632025
highest fitness' coverage:   43.72692224707031
highest fitness' collisions: 0.17568867614382896
new generation:  2629
Fittest                      41.96957020444799
highest fitness' coverage:   43.726456965886285
highest fitness' collisions: 0.17568867614382924
new generation:  2630
Fittest                      41.979648172556395
highest fitness' coverage:   43.73653493399468
highest fitness' collisions: 0.17568867614382894
new generation:  2631
Fittest                      41.95896411706548
highest fitness' coverage:   43.72691711634354
highest fitness' collisions: 0.17679529992780688
new generation:  2632
Fittest                      41.944620193125104
highest fitness' coverage:   43.71429282363255
highest fitness' collisions: 0.1769672630507446
new generation:  2633
Fittest                      41.932713433666436
highest fitness' coverage:   43.702386064173886
highest fitness' collisions: 0.17696726305074473
new generation:  2634
Fittest                      41.97278530046202
highest fitness' coverage:   43.742457930969465
highest fitness' collisions: 0.17696726305074467
new generation:  2635
Fittest                      41.96332785977262
highest fitness' coverage:   43.73331671804608
highest fitness' collisions: 0.17699888582734627
new generation:  2636
Fittest                      41.94506233989518
highest fitness' coverage:   43.715051198168645
highest fitness' collisions: 0.17699888582734635
new generation:  2637
Fittest                      41.95395217015069
highest fitness' coverage:   43.72394102842416
highest fitness' collisions: 0.17699888582734627
new generation:  2638
Fittest                      41.95391300335996
highest fitness' coverage:   43.72390186163342
highest fitness' collisions: 0.17699888582734624
new generation:  2639
Fittest                      41.95692293660815
highest fitness' coverage:   43.726911794881616
highest fitness' collisions: 0.1769988858273462
new generation:  2640
Fittest                      41.96931634047662
highest fitness' coverage:   43.745621532170155
highest fitness' collisions: 0.17763051916935393
new generation:  2641
Fittest                      41.950022611438584
highest fitness' coverage:   43.68660640591672
highest fitness' collisions: 0.1736583794478134
new generation:  2642
Fittest                      41.96632681530694
highest fitness' coverage:   43.70291060978508
highest fitness' collisions: 0.17365837944781345
new generation:  2643
Fittest                      41.983807555448834
highest fitness' coverage:   43.72039134992697
highest fitness' collisions: 0.17365837944781334
new generation:  2644
Fittest                      41.96270731439003
highest fitness' coverage:   43.69929110886817
highest fitness' collisions: 0.17365837944781334
new generation:  2645
Fittest                      42.018098341595575
highest fitness' coverage:   43.75468213607371
highest fitness' collisions: 0.17365837944781348
new generation:  2646
Fittest                      41.99028213445839
highest fitness' coverage:   43.726865928936526
highest fitness' collisions: 0.17365837944781357
new generation:  2647
Fittest                      41.97493414346708
highest fitness' coverage:   43.71151793794522
highest fitness' collisions: 0.1736583794478134
new generation:  2648
Fittest                      41.977639095960186
highest fitness' coverage:   43.71422289043832
highest fitness' collisions: 0.1736583794478135
new generation:  2649
Fittest                      41.97313750228175
highest fitness' coverage:   43.738679101546644
highest fitness' collisions: 0.1765541599264896
new generation:  2650
Fittest                      41.94274546734841
highest fitness' coverage:   43.7082870666133
highest fitness' collisions: 0.17655415992648954
new generation:  2651
Fittest                      41.961165331541665
highest fitness' coverage:   43.72670693080656
highest fitness' collisions: 0.17655415992648954
new generation:  2652
Fittest                      41.929685889759114
highest fitness' coverage:   43.69167935513167
highest fitness' collisions: 0.17619934653725583
new generation:  2653
Fittest                      41.942249736551304
highest fitness' coverage:   43.704243201923866
highest fitness' collisions: 0.17619934653725597
new generation:  2654
Fittest                      41.970420455658115
highest fitness' coverage:   43.73241392103068
highest fitness' collisions: 0.17619934653725605
new generation:  2655
Fittest                      41.95254541789938
highest fitness' coverage:   43.70396823419664
highest fitness' collisions: 0.17514228162972573
new generation:  2656
Fittest                      41.94974139453119
highest fitness' coverage:   43.72091077860369
highest fitness' collisions: 0.17711693840724974
new generation:  2657
Fittest                      41.97126641914776
highest fitness' coverage:   43.74243580322025
highest fitness' collisions: 0.17711693840724965
new generation:  2658
Fittest                      41.94625147692818
highest fitness' coverage:   43.717420861000676
highest fitness' collisions: 0.17711693840724954
new generation:  2659
Fittest                      41.93703487601252
highest fitness' coverage:   43.70820426008501
highest fitness' collisions: 0.17711693840724957
new generation:  2660
Fittest                      41.971520539837826
highest fitness' coverage:   43.74268992391032
highest fitness' collisions: 0.17711693840724954
new generation:  2661
Fittest                      41.9577852788371
highest fitness' coverage:   43.72719299537283
highest fitness' collisions: 0.17694077165357325
new generation:  2662
Fittest                      41.96105613923285
highest fitness' coverage:   43.73046385576858
highest fitness' collisions: 0.17694077165357325
new generation:  2663
Fittest                      41.97021936042433
highest fitness' coverage:   43.73962707696006
highest fitness' collisions: 0.17694077165357336
new generation:  2664
Fittest                      41.94831597048783
highest fitness' coverage:   43.717723687023565
highest fitness' collisions: 0.17694077165357347
new generation:  2665
Fittest                      41.957273584700225
highest fitness' coverage:   43.72668130123596
highest fitness' collisions: 0.17694077165357358
new generation:  2666
Fittest                      41.94186314592647
highest fitness' coverage:   43.7112708624622
highest fitness' collisions: 0.17694077165357344
new generation:  2667
Fittest                      41.966825639025245
highest fitness' coverage:   43.73623335556098
highest fitness' collisions: 0.1769407716535733
new generation:  2668
Fittest                      41.95813109699393
highest fitness' coverage:   43.72753881352966
highest fitness' collisions: 0.17694077165357344
new generation:  2669
Fittest                      41.95735634050168
highest fitness' coverage:   43.726764057037414
highest fitness' collisions: 0.17694077165357341
new generation:  2670
Fittest                      41.95153860040423
highest fitness' coverage:   43.7207643468541
highest fitness' collisions: 0.17692257464498717
new generation:  2671
Fittest                      41.95794178761532
highest fitness' coverage:   43.727167534065195
highest fitness' collisions: 0.17692257464498734
new generation:  2672
Fittest                      41.97334116878328
highest fitness' coverage:   43.742566915233155
highest fitness' collisions: 0.17692257464498742
new generation:  2673
Fittest                      41.95762057582117
highest fitness' coverage:   43.726846322271044
highest fitness' collisions: 0.17692257464498745
new generation:  2674
Fittest                      41.96688062918521
highest fitness' coverage:   43.73610637563509
highest fitness' collisions: 0.17692257464498742
new generation:  2675
Fittest                      41.97337032010128
highest fitness' coverage:   43.74259606655115
highest fitness' collisions: 0.17692257464498726
new generation:  2676
Fittest                      41.94375594994294
highest fitness' coverage:   43.73893178026779
highest fitness' collisions: 0.1795175830324852
new generation:  2677
Fittest                      41.92277316760683
highest fitness' coverage:   43.71794899793168
highest fitness' collisions: 0.1795175830324852
new generation:  2678
Fittest                      41.92854572224996
highest fitness' coverage:   43.72372155257481
highest fitness' collisions: 0.17951758303248502
new generation:  2679
Fittest                      41.92816050853338
highest fitness' coverage:   43.72333633885823
highest fitness' collisions: 0.17951758303248508
new generation:  2680
Fittest                      41.931993470872804
highest fitness' coverage:   43.727169301197655
highest fitness' collisions: 0.17951758303248502
new generation:  2681
Fittest                      41.912587553863666
highest fitness' coverage:   43.70776338418852
highest fitness' collisions: 0.17951758303248505
new generation:  2682
Fittest                      41.94976697314782
highest fitness' coverage:   43.73387656563289
highest fitness' collisions: 0.17841095924850744
new generation:  2683
Fittest                      41.94739767192004
highest fitness' coverage:   43.723823947192706
highest fitness' collisions: 0.1776426275272668
new generation:  2684
Fittest                      41.94700302975487
highest fitness' coverage:   43.72342930502754
highest fitness' collisions: 0.17764262752726684
new generation:  2685
Fittest                      41.94417599161038
highest fitness' coverage:   43.72060226688305
highest fitness' collisions: 0.17764262752726687
new generation:  2686
Fittest                      41.94788442526645
highest fitness' coverage:   43.72431070053912
highest fitness' collisions: 0.1776426275272669
new generation:  2687
Fittest                      41.95417207614469
highest fitness' coverage:   43.730598351417356
highest fitness' collisions: 0.1776426275272667
new generation:  2688
Fittest                      41.94696823332334
highest fitness' coverage:   43.72339450859601
highest fitness' collisions: 0.17764262752726692
new generation:  2689
Fittest                      41.94726803544997
highest fitness' coverage:   43.72369431072264
highest fitness' collisions: 0.17764262752726676
new generation:  2690
Fittest                      41.944462284101945
highest fitness' coverage:   43.720888559374615
highest fitness' collisions: 0.17764262752726684
new generation:  2691
Fittest                      41.94718717006468
highest fitness' coverage:   43.69941230274311
highest fitness' collisions: 0.17522251326784327
new generation:  2692
Fittest                      41.974460914856344
highest fitness' coverage:   43.72668604753478
highest fitness' collisions: 0.17522251326784336
new generation:  2693
Fittest                      41.9749473522682
highest fitness' coverage:   43.727172484946635
highest fitness' collisions: 0.17522251326784336
new generation:  2694
Fittest                      41.98073561288083
highest fitness' coverage:   43.73296074555926
highest fitness' collisions: 0.17522251326784344
new generation:  2695
Fittest                      41.98692618708491
highest fitness' coverage:   43.739151319763344
highest fitness' collisions: 0.1752225132678434
new generation:  2696
Fittest                      41.975720272834884
highest fitness' coverage:   43.726403847307864
highest fitness' collisions: 0.17506835744729785
new generation:  2697
Fittest                      41.96993286968303
highest fitness' coverage:   43.72061644415601
highest fitness' collisions: 0.17506835744729787
new generation:  2698
Fittest                      41.97029050811778
highest fitness' coverage:   43.72097408259076
highest fitness' collisions: 0.17506835744729782
new generation:  2699
Fittest                      41.96978567811015
highest fitness' coverage:   43.71431908897837
highest fitness' collisions: 0.17445334108682192
new generation:  2700
Fittest                      41.9970492139581
highest fitness' coverage:   43.74158262482632
highest fitness' collisions: 0.17445334108682192
new generation:  2701
Fittest                      42.01160139464729
highest fitness' coverage:   43.75468936574477
highest fitness' collisions: 0.1743087971097474
new generation:  2702
Fittest                      41.99240617603623
highest fitness' coverage:   43.73549414713371
highest fitness' collisions: 0.17430879710974742
new generation:  2703
Fittest                      42.005329896582175
highest fitness' coverage:   43.74841786767965
highest fitness' collisions: 0.1743087971097474
new generation:  2704
Fittest                      42.01113899550582
highest fitness' coverage:   43.75689137745744
highest fitness' collisions: 0.1745752381951624
new generation:  2705
Fittest                      41.998322624740524
highest fitness' coverage:   43.76195134200959
highest fitness' collisions: 0.17636287172690646
new generation:  2706
Fittest                      42.02325654545168
highest fitness' coverage:   43.786885262720745
highest fitness' collisions: 0.17636287172690643
new generation:  2707
Fittest                      42.02352834483906
highest fitness' coverage:   43.78715706210812
highest fitness' collisions: 0.17636287172690637
new generation:  2708
Fittest                      42.045377683500256
highest fitness' coverage:   43.80900640076932
highest fitness' collisions: 0.17636287172690643
new generation:  2709
Fittest                      42.04437129795125
highest fitness' coverage:   43.80842659473912
highest fitness' collisions: 0.17640552967878662
new generation:  2710
Fittest                      42.02593452734233
highest fitness' coverage:   43.789989824130195
highest fitness' collisions: 0.17640552967878662
new generation:  2711
Fittest                      42.04138771590053
highest fitness' coverage:   43.80544301268839
highest fitness' collisions: 0.17640552967878678
new generation:  2712
Fittest                      42.01436173264151
highest fitness' coverage:   43.77841702942938
highest fitness' collisions: 0.1764055296787866
new generation:  2713
Fittest                      42.025720553172576
highest fitness' coverage:   43.78977584996044
highest fitness' collisions: 0.1764055296787869
new generation:  2714
Fittest                      42.02603867078043
highest fitness' coverage:   43.790093967568296
highest fitness' collisions: 0.17640552967878675
new generation:  2715
Fittest                      42.03889850940328
highest fitness' coverage:   43.80295380619115
highest fitness' collisions: 0.1764055296787867
new generation:  2716
Fittest                      42.019999982731605
highest fitness' coverage:   43.78405527951947
highest fitness' collisions: 0.17640552967878664
new generation:  2717
Fittest                      42.04495339703465
highest fitness' coverage:   43.80900869382251
highest fitness' collisions: 0.1764055296787867
new generation:  2718
Fittest                      42.03248942098356
highest fitness' coverage:   43.796544717771425
highest fitness' collisions: 0.17640552967878664
new generation:  2719
Fittest                      42.03598245709635
highest fitness' coverage:   43.80003775388422
highest fitness' collisions: 0.17640552967878664
new generation:  2720
Fittest                      42.048450414199245
highest fitness' coverage:   43.808738435490525
highest fitness' collisions: 0.17602880212912808
new generation:  2721
Fittest                      42.04855579284249
highest fitness' coverage:   43.80884381413377
highest fitness' collisions: 0.17602880212912825
new generation:  2722
Fittest                      42.03343680456013
highest fitness' coverage:   43.79372482585141
highest fitness' collisions: 0.17602880212912814
new generation:  2723
Fittest                      42.02324788126156
highest fitness' coverage:   43.79638905769472
highest fitness' collisions: 0.17731411764331595
new generation:  2724
Fittest                      42.0078770351491
highest fitness' coverage:   43.78101821158226
highest fitness' collisions: 0.17731411764331598
new generation:  2725
Fittest                      42.032481712605886
highest fitness' coverage:   43.80503568505964
highest fitness' collisions: 0.17725539724537537
new generation:  2726
Fittest                      42.02072115551827
highest fitness' coverage:   43.79696922812842
highest fitness' collisions: 0.17762480726101523
new generation:  2727
Fittest                      42.02673583565834
highest fitness' coverage:   43.802983908268494
highest fitness' collisions: 0.17762480726101534
new generation:  2728
Fittest                      42.03535380643013
highest fitness' coverage:   43.81160187904028
highest fitness' collisions: 0.17762480726101526
new generation:  2729
Fittest                      42.02280189108853
highest fitness' coverage:   43.67632162730868
highest fitness' collisions: 0.16535197362201565
new generation:  2730
Fittest                      42.02819029637129
highest fitness' coverage:   43.68952841755288
highest fitness' collisions: 0.16613381211815845
new generation:  2731
Fittest                      42.00874726190348
highest fitness' coverage:   43.670085383085066
highest fitness' collisions: 0.1661338121181583
new generation:  2732
Fittest                      42.03416379816511
highest fitness' coverage:   43.6955019193467
highest fitness' collisions: 0.16613381211815836
new generation:  2733
Fittest                      42.02757044819606
highest fitness' coverage:   43.688908569377645
highest fitness' collisions: 0.1661338121181583
new generation:  2734
Fittest                      42.040290468475604
highest fitness' coverage:   43.70162858965719
highest fitness' collisions: 0.1661338121181585
new generation:  2735
Fittest                      42.01812579647278
highest fitness' coverage:   43.67946391765437
highest fitness' collisions: 0.1661338121181584
new generation:  2736
Fittest                      42.03025460953425
highest fitness' coverage:   43.69159273071584
highest fitness' collisions: 0.16613381211815847
new generation:  2737
Fittest                      42.03393424217335
highest fitness' coverage:   43.69527236335494
highest fitness' collisions: 0.16613381211815845
new generation:  2738
Fittest                      42.03422563048197
highest fitness' coverage:   43.695563751663556
highest fitness' collisions: 0.16613381211815834
new generation:  2739
Fittest                      42.027589497033645
highest fitness' coverage:   43.68892761821523
highest fitness' collisions: 0.16613381211815842
new generation:  2740
Fittest                      42.03108456342081
highest fitness' coverage:   43.6924226846024
highest fitness' collisions: 0.16613381211815845
new generation:  2741
Fittest                      42.02534910575262
highest fitness' coverage:   43.686687226934204
highest fitness' collisions: 0.16613381211815856
new generation:  2742
Fittest                      42.01147587312606
highest fitness' coverage:   43.672813994307646
highest fitness' collisions: 0.16613381211815836
new generation:  2743
Fittest                      42.04606773565424
highest fitness' coverage:   43.70740585683583
highest fitness' collisions: 0.16613381211815853
new generation:  2744
Fittest                      42.01917129573367
highest fitness' coverage:   43.68050941691526
highest fitness' collisions: 0.16613381211815842
new generation:  2745
Fittest                      42.029847121880124
highest fitness' coverage:   43.68593500094041
highest fitness' collisions: 0.16560878790602845
new generation:  2746
Fittest                      42.04555064184054
highest fitness' coverage:   43.70163852090083
highest fitness' collisions: 0.16560878790602845
new generation:  2747
Fittest                      42.023284941883574
highest fitness' coverage:   43.679372820943854
highest fitness' collisions: 0.16560878790602834
new generation:  2748
Fittest                      42.01730989307046
highest fitness' coverage:   43.67339777213075
highest fitness' collisions: 0.16560878790602848
new generation:  2749
Fittest                      42.02674141855375
highest fitness' coverage:   43.682829297614035
highest fitness' collisions: 0.16560878790602843
new generation:  2750
Fittest                      42.027024653563906
highest fitness' coverage:   43.68311253262419
highest fitness' collisions: 0.16560878790602843
new generation:  2751
Fittest                      42.02251245329862
highest fitness' coverage:   43.68270645201163
highest fitness' collisions: 0.16601939987130093
new generation:  2752
Fittest                      42.04127345260619
highest fitness' coverage:   43.701467451319196
highest fitness' collisions: 0.16601939987130088
new generation:  2753
Fittest                      42.019188360014866
highest fitness' coverage:   43.67938235872787
highest fitness' collisions: 0.16601939987130077
new generation:  2754
Fittest                      42.016152279392834
highest fitness' coverage:   43.67634627810585
highest fitness' collisions: 0.16601939987130093
new generation:  2755
Fittest                      42.04122201569798
highest fitness' coverage:   43.701416014410995
highest fitness' collisions: 0.16601939987130093
new generation:  2756
Fittest                      42.01002566737763
highest fitness' coverage:   43.67021966609064
highest fitness' collisions: 0.16601939987130085
new generation:  2757
Fittest                      42.016610204525946
highest fitness' coverage:   43.67680420323896
highest fitness' collisions: 0.1660193998713009
new generation:  2758
Fittest                      42.027070988828754
highest fitness' coverage:   43.692515229663066
highest fitness' collisions: 0.16654442408343104
new generation:  2759
Fittest                      42.03931022738267
highest fitness' coverage:   43.70475446821698
highest fitness' collisions: 0.16654442408343081
new generation:  2760
Fittest                      42.0237529890538
highest fitness' coverage:   43.68919722988811
highest fitness' collisions: 0.16654442408343084
new generation:  2761
Fittest                      42.03596890844716
highest fitness' coverage:   43.701413149281464
highest fitness' collisions: 0.16654442408343076
new generation:  2762
Fittest                      42.0362245311318
highest fitness' coverage:   43.70166877196611
highest fitness' collisions: 0.16654442408343087
new generation:  2763
Fittest                      42.035694614289554
highest fitness' coverage:   43.701138855123865
highest fitness' collisions: 0.16654442408343081
new generation:  2764
Fittest                      42.00857517335983
highest fitness' coverage:   43.67401941419414
highest fitness' collisions: 0.16654442408343084
new generation:  2765
Fittest                      42.02054872745658
highest fitness' coverage:   43.68599296829089
highest fitness' collisions: 0.16654442408343081
new generation:  2766
Fittest                      42.03628243542114
highest fitness' coverage:   43.70172667625545
highest fitness' collisions: 0.16654442408343068
new generation:  2767
Fittest                      42.03251597395581
highest fitness' coverage:   43.697960214790115
highest fitness' collisions: 0.16654442408343073
new generation:  2768
Fittest                      42.001282424279005
highest fitness' coverage:   43.67005196495462
highest fitness' collisions: 0.1668769540675613
new generation:  2769
Fittest                      42.00754659627675
highest fitness' coverage:   43.67631613695236
highest fitness' collisions: 0.16687695406756115
new generation:  2770
Fittest                      42.01394484565472
highest fitness' coverage:   43.68271438633033
highest fitness' collisions: 0.16687695406756106
new generation:  2771
Fittest                      42.0051705783472
highest fitness' coverage:   43.67394011902281
highest fitness' collisions: 0.16687695406756126
new generation:  2772
Fittest                      41.9987044073812
highest fitness' coverage:   43.66747394805681
highest fitness' collisions: 0.16687695406756128
new generation:  2773
Fittest                      42.01895245012964
highest fitness' coverage:   43.694734872136564
highest fitness' collisions: 0.16757824220069287
new generation:  2774
Fittest                      42.035597155334685
highest fitness' coverage:   43.71137957734161
highest fitness' collisions: 0.1675782422006929
new generation:  2775
Fittest                      42.02238321758965
highest fitness' coverage:   43.698165639596574
highest fitness' collisions: 0.16757824220069284
new generation:  2776
Fittest                      42.035744357367314
highest fitness' coverage:   43.711526779374246
highest fitness' collisions: 0.16757824220069295
new generation:  2777
Fittest                      42.02604565143112
highest fitness' coverage:   43.67961667885827
highest fitness' collisions: 0.16535710274271484
new generation:  2778
Fittest                      42.03937703916585
highest fitness' coverage:   43.685935185261684
highest fitness' collisions: 0.16465581460958317
new generation:  2779
Fittest                      42.045849733563195
highest fitness' coverage:   43.69240787965903
highest fitness' collisions: 0.16465581460958315
new generation:  2780
Fittest                      42.03914303165666
highest fitness' coverage:   43.68570117775249
highest fitness' collisions: 0.16465581460958315
new generation:  2781
Fittest                      42.05779715231208
highest fitness' coverage:   43.70435529840791
highest fitness' collisions: 0.16465581460958317
new generation:  2782
Fittest                      42.03595637219798
highest fitness' coverage:   43.68251451829381
highest fitness' collisions: 0.1646558146095831
new generation:  2783
Fittest                      42.02781177471029
highest fitness' coverage:   43.6858613370457
highest fitness' collisions: 0.16580495623354113
new generation:  2784
Fittest                      42.030827392185174
highest fitness' coverage:   43.68887695452058
highest fitness' collisions: 0.1658049562335408
new generation:  2785
Fittest                      42.046407713687586
highest fitness' coverage:   43.70445727602299
highest fitness' collisions: 0.16580495623354083
new generation:  2786
Fittest                      42.04589223109731
highest fitness' coverage:   43.70796307337895
highest fitness' collisions: 0.16620708422816383
new generation:  2787
Fittest                      42.02072186027546
highest fitness' coverage:   43.682792702557094
highest fitness' collisions: 0.16620708422816394
new generation:  2788
Fittest                      42.01475462532938
highest fitness' coverage:   43.67682546761102
highest fitness' collisions: 0.16620708422816383
new generation:  2789
Fittest                      42.01726620951446
highest fitness' coverage:   43.6793370517961
highest fitness' collisions: 0.1662070842281638
new generation:  2790
Fittest                      42.00872863770711
highest fitness' coverage:   43.670799479988744
highest fitness' collisions: 0.1662070842281639
new generation:  2791
Fittest                      42.02369492389032
highest fitness' coverage:   43.685765766171954
highest fitness' collisions: 0.16620708422816385
new generation:  2792
Fittest                      42.02058881289182
highest fitness' coverage:   43.68265965517346
highest fitness' collisions: 0.16620708422816385
new generation:  2793
Fittest                      42.03500047027102
highest fitness' coverage:   43.69849333175156
highest fitness' collisions: 0.16634928614805325
new generation:  2794
Fittest                      42.02547057631741
highest fitness' coverage:   43.688963437797945
highest fitness' collisions: 0.1663492861480534
new generation:  2795
Fittest                      42.039437427889695
highest fitness' coverage:   43.70437572914098
highest fitness' collisions: 0.16649383012512795
new generation:  2796
Fittest                      42.02845569064268
highest fitness' coverage:   43.71344368233626
highest fitness' collisions: 0.16849879916935795
new generation:  2797
Fittest                      42.00375775705581
highest fitness' coverage:   43.68874574874939
highest fitness' collisions: 0.16849879916935787
new generation:  2798
Fittest                      42.016278253310276
highest fitness' coverage:   43.70778252894446
highest fitness' collisions: 0.1691504275634188
new generation:  2799
Fittest                      42.00062410602656
highest fitness' coverage:   43.692128381660744
highest fitness' collisions: 0.16915042756341864
new generation:  2800
Fittest                      41.984925918607736
highest fitness' coverage:   43.676430194241924
highest fitness' collisions: 0.1691504275634186
new generation:  2801
Fittest                      41.99452402872222
highest fitness' coverage:   43.686028304356405
highest fitness' collisions: 0.16915042756341878
new generation:  2802
Fittest                      41.97909789271865
highest fitness' coverage:   43.670602168352836
highest fitness' collisions: 0.1691504275634188
new generation:  2803
Fittest                      42.02934356101876
highest fitness' coverage:   43.72084783665295
highest fitness' collisions: 0.1691504275634187
new generation:  2804
Fittest                      41.9946871990322
highest fitness' coverage:   43.68619147466639
highest fitness' collisions: 0.1691504275634187
new generation:  2805
Fittest                      42.00058188983847
highest fitness' coverage:   43.69208616547266
highest fitness' collisions: 0.16915042756341855
new generation:  2806
Fittest                      41.98838156854498
highest fitness' coverage:   43.67988584417917
highest fitness' collisions: 0.16915042756341858
new generation:  2807
Fittest                      42.009958437157216
highest fitness' coverage:   43.701462712791404
highest fitness' collisions: 0.16915042756341858
new generation:  2808
Fittest                      41.990723535005145
highest fitness' coverage:   43.683005331897576
highest fitness' collisions: 0.16922817968924317
new generation:  2809
Fittest                      41.99033809274131
highest fitness' coverage:   43.68261988963374
highest fitness' collisions: 0.1692281796892433
new generation:  2810
Fittest                      41.99699018055559
highest fitness' coverage:   43.68927197744802
highest fitness' collisions: 0.1692281796892432
new generation:  2811
Fittest                      41.99885993691858
highest fitness' coverage:   43.69183751723913
highest fitness' collisions: 0.16929775803205488
new generation:  2812
Fittest                      41.996112870519134
highest fitness' coverage:   43.689090450839686
highest fitness' collisions: 0.1692977580320549
new generation:  2813
Fittest                      41.990733574621785
highest fitness' coverage:   43.68371115494234
highest fitness' collisions: 0.16929775803205493
new generation:  2814
Fittest                      41.980476676722176
highest fitness' coverage:   43.67345425704273
highest fitness' collisions: 0.16929775803205493
new generation:  2815
Fittest                      41.98323990814033
highest fitness' coverage:   43.67621748846088
highest fitness' collisions: 0.169297758032055
new generation:  2816
Fittest                      41.97975968859478
highest fitness' coverage:   43.67273726891533
highest fitness' collisions: 0.1692977580320547
new generation:  2817
Fittest                      42.00379655476583
highest fitness' coverage:   43.66804903195227
highest fitness' collisions: 0.16642524771864442
new generation:  2818
Fittest                      41.99977890172597
highest fitness' coverage:   43.66403137891241
highest fitness' collisions: 0.16642524771864456
new generation:  2819
Fittest                      42.01816702331909
highest fitness' coverage:   43.68241950050553
highest fitness' collisions: 0.1664252477186446
new generation:  2820
Fittest                      42.00943435068053
highest fitness' coverage:   43.67368682786697
highest fitness' collisions: 0.16642524771864445
new generation:  2821
Fittest                      42.01562638024443
highest fitness' coverage:   43.67987885743087
highest fitness' collisions: 0.1664252477186446
new generation:  2822
Fittest                      42.02841599042444
highest fitness' coverage:   43.692668467610886
highest fitness' collisions: 0.16642524771864473
new generation:  2823
Fittest                      42.00982531999314
highest fitness' coverage:   43.674077797179585
highest fitness' collisions: 0.16642524771864448
new generation:  2824
Fittest                      42.01683981901683
highest fitness' coverage:   43.64534855549826
highest fitness' collisions: 0.16285087364814255
new generation:  2825
Fittest                      42.046176714672505
highest fitness' coverage:   43.674685451153934
highest fitness' collisions: 0.16285087364814257
new generation:  2826
Fittest                      42.039042966421384
highest fitness' coverage:   43.66755170290281
highest fitness' collisions: 0.16285087364814257
new generation:  2827
Fittest                      42.06092357742186
highest fitness' coverage:   43.68943231390328
highest fitness' collisions: 0.1628508736481425
new generation:  2828
Fittest                      42.054139313372104
highest fitness' coverage:   43.682648049853526
highest fitness' collisions: 0.16285087364814246
new generation:  2829
Fittest                      42.06808636845542
highest fitness' coverage:   43.698179998129305
highest fitness' collisions: 0.16300936296738872
new generation:  2830
Fittest                      42.044004536553786
highest fitness' coverage:   43.67409816622767
highest fitness' collisions: 0.1630093629673886
new generation:  2831
Fittest                      42.06238511040635
highest fitness' coverage:   43.69247874008024
highest fitness' collisions: 0.16300936296738855
new generation:  2832
Fittest                      42.06777833312888
highest fitness' coverage:   43.66749213881711
highest fitness' collisions: 0.15997138056882326
new generation:  2833
Fittest                      42.09059977395565
highest fitness' coverage:   43.690313579643885
highest fitness' collisions: 0.1599713805688232
new generation:  2834
Fittest                      42.095708044602425
highest fitness' coverage:   43.69542185029066
highest fitness' collisions: 0.15997138056882335
new generation:  2835
Fittest                      42.10738634988542
highest fitness' coverage:   43.70761301695764
highest fitness' collisions: 0.16002266670722234
new generation:  2836
Fittest                      42.08621154190888
highest fitness' coverage:   43.6864382089811
highest fitness' collisions: 0.16002266670722232
new generation:  2837
Fittest                      42.076714207308605
highest fitness' coverage:   43.676940874380826
highest fitness' collisions: 0.16002266670722237
new generation:  2838
Fittest                      42.11073844571119
highest fitness' coverage:   43.71096511278342
highest fitness' collisions: 0.1600226667072225
new generation:  2839
Fittest                      42.08555228367416
highest fitness' coverage:   43.68577895074639
highest fitness' collisions: 0.16002266670722246
new generation:  2840
Fittest                      42.07273109542931
highest fitness' coverage:   43.67327399026755
highest fitness' collisions: 0.1600542894838241
new generation:  2841
Fittest                      42.07603556640498
highest fitness' coverage:   43.676578461243224
highest fitness' collisions: 0.16005428948382405
new generation:  2842
Fittest                      42.06826817123313
highest fitness' coverage:   43.67019145033597
highest fitness' collisions: 0.1601923279102842
new generation:  2843
Fittest                      42.087509294756515
highest fitness' coverage:   43.68911634609334
highest fitness' collisions: 0.16016070513368277
new generation:  2844
Fittest                      42.09079855790304
highest fitness' coverage:   43.69240560923987
highest fitness' collisions: 0.16016070513368263
new generation:  2845
Fittest                      42.0845705024808
highest fitness' coverage:   43.68617755381763
highest fitness' collisions: 0.1601607051336826
new generation:  2846
Fittest                      42.07733946206918
highest fitness' coverage:   43.683145422517775
highest fitness' collisions: 0.1605805960448595
new generation:  2847
Fittest                      42.09903587141076
highest fitness' coverage:   43.704841831859355
highest fitness' collisions: 0.16058059604485939
new generation:  2848
Fittest                      42.089230050634114
highest fitness' coverage:   43.695036011082706
highest fitness' collisions: 0.16058059604485947
new generation:  2849
Fittest                      42.07754920512133
highest fitness' coverage:   43.68335516556992
highest fitness' collisions: 0.16058059604485939
new generation:  2850
Fittest                      42.08658057815605
highest fitness' coverage:   43.692386538604644
highest fitness' collisions: 0.1605805960448594
new generation:  2851
Fittest                      42.06267674713621
highest fitness' coverage:   43.67686044902681
highest fitness' collisions: 0.16141837018906022
new generation:  2852
Fittest                      42.065775006165445
highest fitness' coverage:   43.67995870805605
highest fitness' collisions: 0.1614183701890602
new generation:  2853
Fittest                      42.06585816160334
highest fitness' coverage:   43.68004186349394
highest fitness' collisions: 0.16141837018906033
new generation:  2854
Fittest                      42.0661540188874
highest fitness' coverage:   43.692613611587205
highest fitness' collisions: 0.16264595926998013
new generation:  2855
Fittest                      42.053621621856244
highest fitness' coverage:   43.68008121455605
highest fitness' collisions: 0.16264595926998
new generation:  2856
Fittest                      42.05726603474713
highest fitness' coverage:   43.68372562744693
highest fitness' collisions: 0.16264595926998004
new generation:  2857
Fittest                      42.0502209844352
highest fitness' coverage:   43.676680577135
highest fitness' collisions: 0.16264595926998
new generation:  2858
Fittest                      42.04462057257061
highest fitness' coverage:   43.881126169748846
highest fitness' collisions: 0.18365055971782357
new generation:  2859
Fittest                      42.03141226850136
highest fitness' coverage:   43.8679178656796
highest fitness' collisions: 0.18365055971782354
new generation:  2860
Fittest                      42.029163128837524
highest fitness' coverage:   43.86566872601576
highest fitness' collisions: 0.1836505597178237
new generation:  2861
Fittest                      42.025480933327124
highest fitness' coverage:   43.86198653050536
highest fitness' collisions: 0.1836505597178236
new generation:  2862
Fittest                      42.03532003409279
highest fitness' coverage:   43.87182563127103
highest fitness' collisions: 0.18365055971782365
new generation:  2863
Fittest                      42.01999531558993
highest fitness' coverage:   43.85650091276817
highest fitness' collisions: 0.18365055971782357
new generation:  2864
Fittest                      42.02680783841859
highest fitness' coverage:   43.861728542404364
highest fitness' collisions: 0.18349207039857757
new generation:  2865
Fittest                      42.028024873377284
highest fitness' coverage:   43.86243271597907
highest fitness' collisions: 0.18344078426017824
new generation:  2866
Fittest                      42.03392866129012
highest fitness' coverage:   43.8683365038919
highest fitness' collisions: 0.18344078426017843
new generation:  2867
Fittest                      42.02392296670824
highest fitness' coverage:   43.858330809310026
highest fitness' collisions: 0.18344078426017835
new generation:  2868
Fittest                      42.040070873557106
highest fitness' coverage:   43.87447871615889
highest fitness' collisions: 0.18344078426017835
new generation:  2869
Fittest                      42.03076928199571
highest fitness' coverage:   43.865177124597494
highest fitness' collisions: 0.18344078426017843
new generation:  2870
Fittest                      42.03397448863561
highest fitness' coverage:   43.86838233123739
highest fitness' collisions: 0.18344078426017832
new generation:  2871
Fittest                      42.03079436479574
highest fitness' coverage:   43.86520220739752
highest fitness' collisions: 0.18344078426017832
new generation:  2872
Fittest                      42.02464951118294
highest fitness' coverage:   43.85926152757919
highest fitness' collisions: 0.18346120163962515
new generation:  2873
Fittest                      42.03345080001156
highest fitness' coverage:   43.86806281640781
highest fitness' collisions: 0.18346120163962515
new generation:  2874
Fittest                      42.02539175489503
highest fitness' coverage:   43.87170824300079
highest fitness' collisions: 0.1846316488105757
new generation:  2875
Fittest                      42.02807800713853
highest fitness' coverage:   43.87439449524429
highest fitness' collisions: 0.18463164881057578
new generation:  2876
Fittest                      42.02802628251741
highest fitness' coverage:   43.874342770623166
highest fitness' collisions: 0.18463164881057575
new generation:  2877
Fittest                      42.04045295840001
highest fitness' coverage:   43.88676944650577
highest fitness' collisions: 0.18463164881057587
new generation:  2878
Fittest                      42.024845412135065
highest fitness' coverage:   43.87116190024082
highest fitness' collisions: 0.18463164881057573
new generation:  2879
Fittest                      42.010727644456196
highest fitness' coverage:   43.845975384936644
highest fitness' collisions: 0.18352477404804454
new generation:  2880
Fittest                      42.045664695790144
highest fitness' coverage:   43.88091243627059
highest fitness' collisions: 0.1835247740480445
new generation:  2881
Fittest                      42.02302498589899
highest fitness' coverage:   43.889691329186654
highest fitness' collisions: 0.18666663432876623
new generation:  2882
Fittest                      41.993675517212914
highest fitness' coverage:   43.85803789054936
highest fitness' collisions: 0.18643623733364467
new generation:  2883
Fittest                      42.025489810060314
highest fitness' coverage:   43.857912395613624
highest fitness' collisions: 0.1832422585553313
new generation:  2884
Fittest                      42.050330614966704
highest fitness' coverage:   43.882753200520014
highest fitness' collisions: 0.18324225855533116
new generation:  2885
Fittest                      42.059848848628306
highest fitness' coverage:   43.892271434181616
highest fitness' collisions: 0.1832422585553311
new generation:  2886
Fittest                      42.0530695171969
highest fitness' coverage:   43.88549210275021
highest fitness' collisions: 0.18324225855533116
new generation:  2887
Fittest                      42.062883749659754
highest fitness' coverage:   43.90413412801513
highest fitness' collisions: 0.18412503783553746
new generation:  2888
Fittest                      42.08832190905476
highest fitness' coverage:   43.92957228741014
highest fitness' collisions: 0.18412503783553769
new generation:  2889
Fittest                      42.04150314935083
highest fitness' coverage:   43.88275352770621
highest fitness' collisions: 0.1841250378355377
new generation:  2890
Fittest                      42.054308344126284
highest fitness' coverage:   43.89274998977935
highest fitness' collisions: 0.18384416456530636
new generation:  2891
Fittest                      42.04703434098756
highest fitness' coverage:   43.88547598664062
highest fitness' collisions: 0.1838441645653064
new generation:  2892
Fittest                      42.07293644098622
highest fitness' coverage:   43.898728613606814
highest fitness' collisions: 0.18257921726205978
new generation:  2893
Fittest                      42.08413666467408
highest fitness' coverage:   43.91012836352617
highest fitness' collisions: 0.18259916988520955
new generation:  2894
Fittest                      42.091383368573375
highest fitness' coverage:   43.91737506742547
highest fitness' collisions: 0.18259916988520947
new generation:  2895
Fittest                      42.085019845220394
highest fitness' coverage:   43.90575600071954
highest fitness' collisions: 0.18207361554991472
new generation:  2896
Fittest                      42.05634044605046
highest fitness' coverage:   43.87707660154961
highest fitness' collisions: 0.1820736155499146
new generation:  2897
Fittest                      42.0752029906136
highest fitness' coverage:   43.895939146112745
highest fitness' collisions: 0.18207361554991472
new generation:  2898
Fittest                      42.05340687190695
highest fitness' coverage:   43.8741430274061
highest fitness' collisions: 0.18207361554991475
new generation:  2899
Fittest                      42.06417538470778
highest fitness' coverage:   43.87441558348493
highest fitness' collisions: 0.18102401987771516
new generation:  2900
Fittest                      42.085705224751436
highest fitness' coverage:   43.89594542352859
highest fitness' collisions: 0.18102401987771505
new generation:  2901
Fittest                      42.07598787381172
highest fitness' coverage:   43.88622807258887
highest fitness' collisions: 0.18102401987771488
new generation:  2902
Fittest                      42.061852056680614
highest fitness' coverage:   43.872092255457765
highest fitness' collisions: 0.181024019877715
new generation:  2903
Fittest                      42.07343732537817
highest fitness' coverage:   43.883677524155324
highest fitness' collisions: 0.18102401987771496
new generation:  2904
Fittest                      42.095094353607884
highest fitness' coverage:   43.905334552385035
highest fitness' collisions: 0.1810240198777149
new generation:  2905
Fittest                      42.063716161643256
highest fitness' coverage:   43.87395636042041
highest fitness' collisions: 0.18102401987771505
new generation:  2906
Fittest                      42.07411025127076
highest fitness' coverage:   43.88415990397611
highest fitness' collisions: 0.18100496527053536
new generation:  2907
Fittest                      42.08917678612757
highest fitness' coverage:   43.89922643883292
highest fitness' collisions: 0.18100496527053536
new generation:  2908
Fittest                      42.1018367329147
highest fitness' coverage:   43.91188638562005
highest fitness' collisions: 0.18100496527053553
new generation:  2909
Fittest                      42.08910209429926
highest fitness' coverage:   43.89915174700461
highest fitness' collisions: 0.18100496527053528
new generation:  2910
Fittest                      42.07402428010628
highest fitness' coverage:   43.88407393281163
highest fitness' collisions: 0.18100496527053536
new generation:  2911
Fittest                      42.06720690809926
highest fitness' coverage:   43.87725656080461
highest fitness' collisions: 0.18100496527053547
new generation:  2912
Fittest                      42.086522284933416
highest fitness' coverage:   43.89657193763877
highest fitness' collisions: 0.18100496527053542
new generation:  2913
Fittest                      42.083649996316176
highest fitness' coverage:   43.89369964902153
highest fitness' collisions: 0.18100496527053542
new generation:  2914
Fittest                      42.074205566801346
highest fitness' coverage:   43.88090179460275
highest fitness' collisions: 0.1806696227801403
new generation:  2915
Fittest                      42.08033810657556
highest fitness' coverage:   43.88703433437696
highest fitness' collisions: 0.18066962278014034
new generation:  2916
Fittest                      42.079703145797765
highest fitness' coverage:   43.88639937359917
highest fitness' collisions: 0.18066962278014032
new generation:  2917
Fittest                      42.10208363006877
highest fitness' coverage:   43.90877985787017
highest fitness' collisions: 0.18066962278014026
new generation:  2918
Fittest                      42.08560856836933
highest fitness' coverage:   43.892304796170734
highest fitness' collisions: 0.1806696227801403
new generation:  2919
Fittest                      42.0987231142043
highest fitness' coverage:   43.9054193420057
highest fitness' collisions: 0.18066962278014037
new generation:  2920
Fittest                      42.07449839449794
highest fitness' coverage:   43.88119462229934
highest fitness' collisions: 0.1806696227801403
new generation:  2921
Fittest                      42.0832110506889
highest fitness' coverage:   43.87705412334843
highest fitness' collisions: 0.17938430726595253
new generation:  2922
Fittest                      42.11838746620789
highest fitness' coverage:   43.91223053886742
highest fitness' collisions: 0.17938430726595256
new generation:  2923
Fittest                      42.08427286623921
highest fitness' coverage:   43.87811593889874
highest fitness' collisions: 0.17938430726595245
new generation:  2924
Fittest                      42.09924346512139
highest fitness' coverage:   43.89308653778092
highest fitness' collisions: 0.1793843072659526
new generation:  2925
Fittest                      42.10225454604679
highest fitness' coverage:   43.896097618706314
highest fitness' collisions: 0.17938430726595264
new generation:  2926
Fittest                      42.10206580882481
highest fitness' coverage:   43.89590888148434
highest fitness' collisions: 0.1793843072659525
new generation:  2927
Fittest                      42.11446349033251
highest fitness' coverage:   43.90830656299204
highest fitness' collisions: 0.1793843072659525
new generation:  2928
Fittest                      42.08985875519379
highest fitness' coverage:   43.883701827853315
highest fitness' collisions: 0.17938430726595256
new generation:  2929
Fittest                      42.11915145281049
highest fitness' coverage:   43.90227933241764
highest fitness' collisions: 0.17831278796071492
new generation:  2930
Fittest                      42.091343966935405
highest fitness' coverage:   43.874471846542555
highest fitness' collisions: 0.178312787960715
new generation:  2931
Fittest                      42.10037075851005
highest fitness' coverage:   43.8834986381172
highest fitness' collisions: 0.178312787960715
new generation:  2932
Fittest                      42.11689527048335
highest fitness' coverage:   43.899823623859
highest fitness' collisions: 0.17829283533756535
new generation:  2933
Fittest                      42.10065424046324
highest fitness' coverage:   43.883582593838895
highest fitness' collisions: 0.17829283533756518
new generation:  2934
Fittest                      42.08773989519933
highest fitness' coverage:   43.87066824857498
highest fitness' collisions: 0.17829283533756507
new generation:  2935
Fittest                      42.11388655086857
highest fitness' coverage:   43.89649867647821
highest fitness' collisions: 0.17826121256096356
new generation:  2936
Fittest                      42.086140507598316
highest fitness' coverage:   43.868752633207954
highest fitness' collisions: 0.17826121256096358
new generation:  2937
Fittest                      42.11430879540647
highest fitness' coverage:   43.91135532974205
highest fitness' collisions: 0.1797046534335578
new generation:  2938
Fittest                      42.096193258448515
highest fitness' coverage:   43.893239792784094
highest fitness' collisions: 0.17970465343355754
new generation:  2939
Fittest                      42.0986648237445
highest fitness' coverage:   43.89571135808008
highest fitness' collisions: 0.17970465343355757
new generation:  2940
Fittest                      42.08971512952805
highest fitness' coverage:   43.88676166386363
highest fitness' collisions: 0.1797046534335578
new generation:  2941
Fittest                      42.09854607171435
highest fitness' coverage:   43.89559260604993
highest fitness' collisions: 0.17970465343355757
new generation:  2942
Fittest                      42.10867290503735
highest fitness' coverage:   43.90571943937293
highest fitness' collisions: 0.17970465343355765
new generation:  2943
Fittest                      42.106953252769905
highest fitness' coverage:   43.8899315325069
highest fitness' collisions: 0.17829782797369956
new generation:  2944
Fittest                      42.109435180257314
highest fitness' coverage:   43.89241345999431
highest fitness' collisions: 0.17829782797369953
new generation:  2945
Fittest                      42.1065007487149
highest fitness' coverage:   43.889479028451895
highest fitness' collisions: 0.1782978279736996
new generation:  2946
Fittest                      42.11980359682318
highest fitness' coverage:   43.8899287214183
highest fitness' collisions: 0.17701251245951186
new generation:  2947
Fittest                      42.11246634190581
highest fitness' coverage:   43.883425081804916
highest fitness' collisions: 0.17709587398991075
new generation:  2948
Fittest                      42.100192426135635
highest fitness' coverage:   43.87115116603474
highest fitness' collisions: 0.17709587398991092
new generation:  2949
Fittest                      42.1426782652801
highest fitness' coverage:   43.914512467593035
highest fitness' collisions: 0.17718342023129377
new generation:  2950
Fittest                      42.16747909547072
highest fitness' coverage:   43.939313297783656
highest fitness' collisions: 0.17718342023129385
new generation:  2951
Fittest                      42.13910814065515
highest fitness' coverage:   43.91094234296809
highest fitness' collisions: 0.17718342023129385
new generation:  2952
Fittest                      42.16462451819808
highest fitness' coverage:   43.93645872051102
highest fitness' collisions: 0.1771834202312937
new generation:  2953
Fittest                      42.158000029786734
highest fitness' coverage:   43.92983423209967
highest fitness' collisions: 0.1771834202312938
new generation:  2954
Fittest                      42.16389043978396
highest fitness' coverage:   43.9357246420969
highest fitness' collisions: 0.17718342023129371
new generation:  2955
Fittest                      42.16342960098213
highest fitness' coverage:   43.935263803295065
highest fitness' collisions: 0.17718342023129385
new generation:  2956
Fittest                      42.167154244857315
highest fitness' coverage:   43.93898844717025
highest fitness' collisions: 0.1771834202312936
new generation:  2957
Fittest                      42.136239733900865
highest fitness' coverage:   43.9080739362138
highest fitness' collisions: 0.17718342023129383
new generation:  2958
Fittest                      42.138948903889045
highest fitness' coverage:   43.91078310620198
highest fitness' collisions: 0.17718342023129385
new generation:  2959
Fittest                      42.18275961598201
highest fitness' coverage:   43.954593818294946
highest fitness' collisions: 0.17718342023129377
new generation:  2960
Fittest                      42.15110447699977
highest fitness' coverage:   43.92293867931271
highest fitness' collisions: 0.17718342023129383
new generation:  2961
Fittest                      42.154381637038604
highest fitness' coverage:   43.92621583935154
highest fitness' collisions: 0.17718342023129374
new generation:  2962
Fittest                      42.15135237085798
highest fitness' coverage:   43.90786985025094
highest fitness' collisions: 0.1756517479392961
new generation:  2963
Fittest                      42.17273101706578
highest fitness' coverage:   43.898987157259704
highest fitness' collisions: 0.17262561401939255
new generation:  2964
Fittest                      42.2157097837396
highest fitness' coverage:   43.94196592393352
highest fitness' collisions: 0.17262561401939236
new generation:  2965
Fittest                      42.20956029590308
highest fitness' coverage:   43.93581643609701
highest fitness' collisions: 0.17262561401939236
new generation:  2966
Fittest                      42.20541886037101
highest fitness' coverage:   43.981761818147035
highest fitness' collisions: 0.17763429577760212
new generation:  2967
Fittest                      42.2301209895688
highest fitness' coverage:   44.00646394734483
highest fitness' collisions: 0.1776342957776021
new generation:  2968
Fittest                      42.208317665079456
highest fitness' coverage:   43.98466062285548
highest fitness' collisions: 0.1776342957776022
new generation:  2969
Fittest                      42.21120836438821
highest fitness' coverage:   43.98755132216424
highest fitness' collisions: 0.1776342957776023
new generation:  2970
Fittest                      42.223588304541956
highest fitness' coverage:   43.99993126231798
highest fitness' collisions: 0.1776342957776021
new generation:  2971
Fittest                      42.2269734481296
highest fitness' coverage:   44.00331640590562
highest fitness' collisions: 0.1776342957776021
new generation:  2972
Fittest                      42.217266387601725
highest fitness' coverage:   43.99360934537775
highest fitness' collisions: 0.17763429577760217
new generation:  2973
Fittest                      42.20853422118486
highest fitness' coverage:   43.984877178960886
highest fitness' collisions: 0.17763429577760226
new generation:  2974
Fittest                      42.224077305436445
highest fitness' coverage:   44.00042026321247
highest fitness' collisions: 0.17763429577760226
new generation:  2975
Fittest                      42.248856987662144
highest fitness' coverage:   44.02519994543817
highest fitness' collisions: 0.17763429577760217
new generation:  2976
Fittest                      42.21700117993912
highest fitness' coverage:   43.99430835886744
highest fitness' collisions: 0.17773071789283282
new generation:  2977
Fittest                      42.22031390513571
highest fitness' coverage:   43.997621084064036
highest fitness' collisions: 0.17773071789283285
new generation:  2978
Fittest                      42.206864974501336
highest fitness' coverage:   43.98417215342966
highest fitness' collisions: 0.17773071789283276
new generation:  2979
Fittest                      42.216606445319925
highest fitness' coverage:   43.99391362424826
highest fitness' collisions: 0.17773071789283293
new generation:  2980
Fittest                      42.201711097929945
highest fitness' coverage:   43.97901827685827
highest fitness' collisions: 0.17773071789283285
new generation:  2981
Fittest                      42.22253728138126
highest fitness' coverage:   43.99984446030958
highest fitness' collisions: 0.17773071789283268
new generation:  2982
Fittest                      42.22554200210673
highest fitness' coverage:   44.00284918103505
highest fitness' collisions: 0.1777307178928328
new generation:  2983
Fittest                      42.21167906819205
highest fitness' coverage:   43.96853220871648
highest fitness' collisions: 0.17568531405244375
new generation:  2984
Fittest                      42.21400727384232
highest fitness' coverage:   43.97309913550532
highest fitness' collisions: 0.1759091861663005
new generation:  2985
Fittest                      42.25042434162949
highest fitness' coverage:   44.00951620329249
highest fitness' collisions: 0.17590918616630044
new generation:  2986
Fittest                      42.23143490223132
highest fitness' coverage:   43.99052676389432
highest fitness' collisions: 0.17590918616630044
new generation:  2987
Fittest                      42.237803916613714
highest fitness' coverage:   43.996895778276716
highest fitness' collisions: 0.1759091861663005
new generation:  2988
Fittest                      42.21910740813843
highest fitness' coverage:   43.97819926980143
highest fitness' collisions: 0.1759091861663005
new generation:  2989
Fittest                      42.22591835472665
highest fitness' coverage:   43.98501021638966
highest fitness' collisions: 0.1759091861663006
new generation:  2990
Fittest                      42.28188363467704
highest fitness' coverage:   43.94819064222499
highest fitness' collisions: 0.16663070075479589
new generation:  2991
Fittest                      42.29275586287351
highest fitness' coverage:   43.95906287042147
highest fitness' collisions: 0.1666307007547958
new generation:  2992
Fittest                      42.27762098581749
highest fitness' coverage:   43.94257903048286
highest fitness' collisions: 0.16649580446653658
new generation:  2993
Fittest                      42.29644148318728
highest fitness' coverage:   43.96139952785265
highest fitness' collisions: 0.16649580446653675
new generation:  2994
Fittest                      42.302247934958764
highest fitness' coverage:   43.96158663915708
highest fitness' collisions: 0.16593387041983187
new generation:  2995
Fittest                      42.29825238391492
highest fitness' coverage:   43.95759108811324
highest fitness' collisions: 0.16593387041983193
new generation:  2996
Fittest                      42.311343595115254
highest fitness' coverage:   43.97068229931357
highest fitness' collisions: 0.165933870419832
new generation:  2997
Fittest                      42.29578102456431
highest fitness' coverage:   43.95511972876263
highest fitness' collisions: 0.16593387041983193
new generation:  2998
Fittest                      42.301599340272425
highest fitness' coverage:   43.960938044470744
highest fitness' collisions: 0.165933870419832
new generation:  2999
Fittest                      42.31120271575908
highest fitness' coverage:   43.9705414199574
highest fitness' collisions: 0.16593387041983193
new generation:  3000
Fittest                      42.31757893909642
highest fitness' coverage:   43.97691764329474
highest fitness' collisions: 0.16593387041983196
new generation:  3001
Fittest                      42.29599445441439
highest fitness' coverage:   43.95533315861271
highest fitness' collisions: 0.16593387041983199
new generation:  3002
Fittest                      42.295375677533556
highest fitness' coverage:   43.954714381731876
highest fitness' collisions: 0.16593387041983199
new generation:  3003
Fittest                      42.29234508614074
highest fitness' coverage:   43.95168379033906
highest fitness' collisions: 0.16593387041983199
new generation:  3004
Fittest                      42.29594372153838
highest fitness' coverage:   43.9552824257367
highest fitness' collisions: 0.16593387041983196
new generation:  3005
Fittest                      42.30854294874704
highest fitness' coverage:   43.96788165294536
highest fitness' collisions: 0.16593387041983196
new generation:  3006
Fittest                      42.3170597105832
highest fitness' coverage:   43.97639841478152
highest fitness' collisions: 0.16593387041983193
new generation:  3007
Fittest                      42.31112651288162
highest fitness' coverage:   43.97046521707994
highest fitness' collisions: 0.16593387041983193
new generation:  3008
Fittest                      42.279928167194214
highest fitness' coverage:   43.93926687139253
highest fitness' collisions: 0.16593387041983207
new generation:  3009
Fittest                      42.28550514579704
highest fitness' coverage:   43.94484384999536
highest fitness' collisions: 0.16593387041983193
new generation:  3010
Fittest                      42.29218700076723
highest fitness' coverage:   43.95152570496555
highest fitness' collisions: 0.16593387041983207
new generation:  3011
Fittest                      42.30189816860258
highest fitness' coverage:   43.961236872800896
highest fitness' collisions: 0.16593387041983199
new generation:  3012
Fittest                      42.310845382578094
highest fitness' coverage:   43.942926468497134
highest fitness' collisions: 0.1632081085919037
new generation:  3013
Fittest                      42.32592068174942
highest fitness' coverage:   43.95800176766846
highest fitness' collisions: 0.1632081085919037
new generation:  3014
Fittest                      42.3254002908448
highest fitness' coverage:   43.95748137676384
highest fitness' collisions: 0.1632081085919038
new generation:  3015
Fittest                      42.33181152228741
highest fitness' coverage:   43.96389260820645
highest fitness' collisions: 0.16320810859190368
new generation:  3016
Fittest                      42.33186945165378
highest fitness' coverage:   43.96395053757282
highest fitness' collisions: 0.16320810859190382
new generation:  3017
Fittest                      42.3257959735913
highest fitness' coverage:   43.95787705951034
highest fitness' collisions: 0.1632081085919038
new generation:  3018
Fittest                      42.32561434253388
highest fitness' coverage:   43.95769542845292
highest fitness' collisions: 0.16320810859190374
new generation:  3019
Fittest                      42.316743995226396
highest fitness' coverage:   43.948825081145436
highest fitness' collisions: 0.16320810859190382
new generation:  3020
Fittest                      42.322843442479154
highest fitness' coverage:   43.954924528398195
highest fitness' collisions: 0.16320810859190368
new generation:  3021
Fittest                      42.33498195269944
highest fitness' coverage:   43.96706303861847
highest fitness' collisions: 0.16320810859190363
new generation:  3022
Fittest                      42.32492574617543
highest fitness' coverage:   43.96119995396736
highest fitness' collisions: 0.16362742077919284
new generation:  3023
Fittest                      42.328946459929284
highest fitness' coverage:   43.98605365482031
highest fitness' collisions: 0.1657107194891023
new generation:  3024
Fittest                      42.28533368678178
highest fitness' coverage:   43.94244088167281
highest fitness' collisions: 0.16571071948910232
new generation:  3025
Fittest                      42.314653165570455
highest fitness' coverage:   43.98315376754967
highest fitness' collisions: 0.16685006019792217
new generation:  3026
Fittest                      42.29201511995741
highest fitness' coverage:   43.95472071836059
highest fitness' collisions: 0.16627055984031772
new generation:  3027
Fittest                      42.30383366278396
highest fitness' coverage:   43.96653926118714
highest fitness' collisions: 0.16627055984031777
new generation:  3028
Fittest                      42.300113725979465
highest fitness' coverage:   43.957536580311576
highest fitness' collisions: 0.16574228543321087
new generation:  3029
Fittest                      42.29458097709778
highest fitness' coverage:   43.95200383142989
highest fitness' collisions: 0.16574228543321082
new generation:  3030
Fittest                      42.309626960820566
highest fitness' coverage:   43.96704981515268
highest fitness' collisions: 0.165742285433211
new generation:  3031
Fittest                      42.3067760428771
highest fitness' coverage:   43.96419889720921
highest fitness' collisions: 0.16574228543321087
new generation:  3032
Fittest                      42.31294696889883
highest fitness' coverage:   43.97036982323093
highest fitness' collisions: 0.16574228543321076
new generation:  3033
Fittest                      42.309802989941836
highest fitness' coverage:   43.96722584427395
highest fitness' collisions: 0.16574228543321082
new generation:  3034
Fittest                      42.30941269944323
highest fitness' coverage:   43.96459683263677
highest fitness' collisions: 0.16551841331935402
new generation:  3035
Fittest                      42.29625158748573
highest fitness' coverage:   43.951435720679264
highest fitness' collisions: 0.16551841331935388
new generation:  3036
Fittest                      42.2960848273195
highest fitness' coverage:   43.95126896051303
highest fitness' collisions: 0.16551841331935394
new generation:  3037
Fittest                      42.315315333656784
highest fitness' coverage:   43.97049946685032
highest fitness' collisions: 0.1655184133193539
new generation:  3038
Fittest                      42.29069496975592
highest fitness' coverage:   43.94587910294946
highest fitness' collisions: 0.1655184133193541
new generation:  3039
Fittest                      42.321834115672345
highest fitness' coverage:   43.97701824886588
highest fitness' collisions: 0.16551841331935396
new generation:  3040
Fittest                      42.30550764915935
highest fitness' coverage:   43.96069178235289
highest fitness' collisions: 0.1655184133193539
new generation:  3041
Fittest                      42.31521984256963
highest fitness' coverage:   43.97040397576317
highest fitness' collisions: 0.16551841331935396
new generation:  3042
Fittest                      42.33493906808951
highest fitness' coverage:   43.992156052248134
highest fitness' collisions: 0.16572169841586265
new generation:  3043
Fittest                      42.29391425774776
highest fitness' coverage:   43.95113124190638
highest fitness' collisions: 0.16572169841586265
new generation:  3044
Fittest                      42.31918890100686
highest fitness' coverage:   43.82404003110522
highest fitness' collisions: 0.15048511300983616
new generation:  3045
Fittest                      42.322008665863
highest fitness' coverage:   43.82685979596136
highest fitness' collisions: 0.15048511300983616
new generation:  3046
Fittest                      42.31239862469727
highest fitness' coverage:   43.81724975479563
highest fitness' collisions: 0.150485113009836
new generation:  3047
Fittest                      42.30036708033037
highest fitness' coverage:   43.80521821042873
highest fitness' collisions: 0.15048511300983614
new generation:  3048
Fittest                      42.325540536811154
highest fitness' coverage:   43.83310008088712
highest fitness' collisions: 0.15075595440759673
new generation:  3049
Fittest                      42.33840086316481
highest fitness' coverage:   43.845960407240774
highest fitness' collisions: 0.15075595440759676
new generation:  3050
Fittest                      42.30261608184109
highest fitness' coverage:   43.80842630509631
highest fitness' collisions: 0.15058102232552212
new generation:  3051
Fittest                      42.296526905171234
highest fitness' coverage:   43.80233712842645
highest fitness' collisions: 0.15058102232552203
new generation:  3052
Fittest                      42.31479814346595
highest fitness' coverage:   43.820608366721174
highest fitness' collisions: 0.15058102232552215
new generation:  3053
Fittest                      42.34295681125278
highest fitness' coverage:   43.84876703450801
highest fitness' collisions: 0.15058102232552217
new generation:  3054
Fittest                      42.31557309509348
highest fitness' coverage:   43.8213833183487
highest fitness' collisions: 0.15058102232552212
new generation:  3055
Fittest                      42.315278042776605
highest fitness' coverage:   43.82108826603183
highest fitness' collisions: 0.15058102232552215
new generation:  3056
Fittest                      42.32370828142211
highest fitness' coverage:   43.82951850467733
highest fitness' collisions: 0.15058102232552217
new generation:  3057
Fittest                      42.313174295032766
highest fitness' coverage:   43.82346486658895
highest fitness' collisions: 0.15102905715561818
new generation:  3058
Fittest                      42.3138333638748
highest fitness' coverage:   43.82412393543098
highest fitness' collisions: 0.15102905715561799
new generation:  3059
Fittest                      42.301858177207016
highest fitness' coverage:   43.8121487487632
highest fitness' collisions: 0.15102905715561818
new generation:  3060
Fittest                      42.29831387389342
highest fitness' coverage:   43.8086044454496
highest fitness' collisions: 0.15102905715561812
new generation:  3061
Fittest                      42.28574748114121
highest fitness' coverage:   43.79603805269739
highest fitness' collisions: 0.15102905715561826
new generation:  3062
Fittest                      42.288570060219286
highest fitness' coverage:   43.79886063177547
highest fitness' collisions: 0.15102905715561807
new generation:  3063
Fittest                      42.31860957701582
highest fitness' coverage:   43.83917161309041
highest fitness' collisions: 0.15205620360745845
new generation:  3064
Fittest                      42.312128308761864
highest fitness' coverage:   43.83269034483644
highest fitness' collisions: 0.1520562036074583
new generation:  3065
Fittest                      42.306820474967736
highest fitness' coverage:   43.82738251104232
highest fitness' collisions: 0.15205620360745836
new generation:  3066
Fittest                      42.298523216167155
highest fitness' coverage:   43.82335710370327
highest fitness' collisions: 0.15248338875361186
new generation:  3067
Fittest                      42.3077832275905
highest fitness' coverage:   43.83261711512662
highest fitness' collisions: 0.1524833887536118
new generation:  3068
Fittest                      42.317077645617964
highest fitness' coverage:   43.84850559888957
highest fitness' collisions: 0.15314279532716013
new generation:  3069
Fittest                      42.29572794783884
highest fitness' coverage:   43.827155901110444
highest fitness' collisions: 0.15314279532716016
new generation:  3070
Fittest                      42.3017615600724
highest fitness' coverage:   43.833189513344
highest fitness' collisions: 0.1531427953271602
new generation:  3071
Fittest                      42.3103605604898
highest fitness' coverage:   43.8417885137614
highest fitness' collisions: 0.15314279532716027
new generation:  3072
Fittest                      42.28688366234321
highest fitness' coverage:   43.81831161561481
highest fitness' collisions: 0.15314279532716024
new generation:  3073
Fittest                      42.30389829179979
highest fitness' coverage:   43.83532624507139
highest fitness' collisions: 0.15314279532716038
new generation:  3074
Fittest                      42.31369404459635
highest fitness' coverage:   43.845121997867956
highest fitness' collisions: 0.15314279532716035
new generation:  3075
Fittest                      42.317572377372464
highest fitness' coverage:   43.84900033064407
highest fitness' collisions: 0.15314279532716019
new generation:  3076
Fittest                      42.320865252427936
highest fitness' coverage:   43.832809181483036
highest fitness' collisions: 0.15119439290550993
new generation:  3077
Fittest                      42.32438789361293
highest fitness' coverage:   43.83633182266803
highest fitness' collisions: 0.15119439290551004
new generation:  3078
Fittest                      42.315144774025974
highest fitness' coverage:   43.827088703081074
highest fitness' collisions: 0.15119439290550998
new generation:  3079
Fittest                      42.326903496267896
highest fitness' coverage:   43.838847425322996
highest fitness' collisions: 0.15119439290551
new generation:  3080
Fittest                      42.322397137754784
highest fitness' coverage:   43.83309435565852
highest fitness' collisions: 0.15106972179037306
new generation:  3081
Fittest                      42.333727179314636
highest fitness' coverage:   43.84442439721837
highest fitness' collisions: 0.1510697217903731
new generation:  3082
Fittest                      42.3344100965696
highest fitness' coverage:   43.84510731447333
highest fitness' collisions: 0.15106972179037315
new generation:  3083
Fittest                      42.328531662706176
highest fitness' coverage:   43.83922888060991
highest fitness' collisions: 0.1510697217903731
new generation:  3084
Fittest                      42.315635514981096
highest fitness' coverage:   43.82633273288483
highest fitness' collisions: 0.15106972179037303
new generation:  3085
Fittest                      42.32256666875099
highest fitness' coverage:   43.83326388665472
highest fitness' collisions: 0.15106972179037323
new generation:  3086
Fittest                      42.35620853553413
highest fitness' coverage:   43.86690575343786
highest fitness' collisions: 0.15106972179037303
new generation:  3087
Fittest                      42.34137926109783
highest fitness' coverage:   43.85207647900156
highest fitness' collisions: 0.15106972179037312
new generation:  3088
Fittest                      42.341586076499794
highest fitness' coverage:   43.85228329440353
highest fitness' collisions: 0.15106972179037315
new generation:  3089
Fittest                      42.32537683147169
highest fitness' coverage:   43.83607404937542
highest fitness' collisions: 0.15106972179037306
new generation:  3090
Fittest                      42.329044398493636
highest fitness' coverage:   43.83974161639737
highest fitness' collisions: 0.15106972179037312
new generation:  3091
Fittest                      42.32865178405262
highest fitness' coverage:   43.83934900195635
highest fitness' collisions: 0.15106972179037303
new generation:  3092
Fittest                      42.33796128650227
highest fitness' coverage:   43.848658504406
highest fitness' collisions: 0.15106972179037303
new generation:  3093
Fittest                      42.30219628787268
highest fitness' coverage:   43.81151312151181
highest fitness' collisions: 0.1509316833639127
new generation:  3094
Fittest                      42.35286207150781
highest fitness' coverage:   43.84556111709881
highest fitness' collisions: 0.14926990455910036
new generation:  3095
Fittest                      42.3369826385448
highest fitness' coverage:   43.8296816841358
highest fitness' collisions: 0.14926990455910036
new generation:  3096
Fittest                      42.33783062649013
highest fitness' coverage:   43.830529672081134
highest fitness' collisions: 0.14926990455910036
new generation:  3097
Fittest                      42.35590119895258
highest fitness' coverage:   43.84860024454358
highest fitness' collisions: 0.14926990455910052
new generation:  3098
Fittest                      42.34690549251348
highest fitness' coverage:   43.83960453810448
highest fitness' collisions: 0.1492699045591004
new generation:  3099
Fittest                      42.33088166138635
highest fitness' coverage:   43.82358070697735
highest fitness' collisions: 0.1492699045591004
new generation:  3100
Fittest                      42.361856564095746
highest fitness' coverage:   43.85455560968675
highest fitness' collisions: 0.14926990455910039
new generation:  3101
Fittest                      42.36171072599388
highest fitness' coverage:   43.842803327594375
highest fitness' collisions: 0.14810926016004944
new generation:  3102
Fittest                      42.38653263341788
highest fitness' coverage:   43.86762523501837
highest fitness' collisions: 0.14810926016004936
new generation:  3103
Fittest                      42.36216294569564
highest fitness' coverage:   43.84325554729613
highest fitness' collisions: 0.1481092601600495
new generation:  3104
Fittest                      42.34670230770558
highest fitness' coverage:   43.82978461567491
highest fitness' collisions: 0.14830823079693306
new generation:  3105
Fittest                      42.383889678321886
highest fitness' coverage:   43.86697198629122
highest fitness' collisions: 0.14830823079693325
new generation:  3106
Fittest                      42.333717521369564
highest fitness' coverage:   43.8167998293389
highest fitness' collisions: 0.14830823079693306
new generation:  3107
Fittest                      42.34936522023526
highest fitness' coverage:   43.8324475282046
highest fitness' collisions: 0.14830823079693312
new generation:  3108
Fittest                      42.330677344011704
highest fitness' coverage:   43.81375965198104
highest fitness' collisions: 0.14830823079693312
new generation:  3109
Fittest                      42.355963560254345
highest fitness' coverage:   43.83904586822368
highest fitness' collisions: 0.14830823079693312
new generation:  3110
Fittest                      42.33695490013864
highest fitness' coverage:   43.820037208107976
highest fitness' collisions: 0.1483082307969331
new generation:  3111
Fittest                      42.33703710871473
highest fitness' coverage:   43.82081307523257
highest fitness' collisions: 0.14837759665178374
new generation:  3112
Fittest                      42.320915963794015
highest fitness' coverage:   43.804691930311854
highest fitness' collisions: 0.1483775966517838
new generation:  3113
Fittest                      42.35870453050274
highest fitness' coverage:   43.84248049702058
highest fitness' collisions: 0.14837759665178363
new generation:  3114
Fittest                      42.3582989015677
highest fitness' coverage:   43.84207486808554
highest fitness' collisions: 0.1483775966517837
new generation:  3115
Fittest                      42.33939456001679
highest fitness' coverage:   43.82317052653463
highest fitness' collisions: 0.14837759665178368
new generation:  3116
Fittest                      42.35382111854786
highest fitness' coverage:   43.8358525786621
highest fitness' collisions: 0.14820314601142368
new generation:  3117
Fittest                      42.354993423324466
highest fitness' coverage:   43.84489053381969
highest fitness' collisions: 0.14898971104952238
new generation:  3118
Fittest                      42.32649126572708
highest fitness' coverage:   43.8163883762223
highest fitness' collisions: 0.14898971104952233
new generation:  3119
Fittest                      42.355355871302656
highest fitness' coverage:   43.84525298179788
highest fitness' collisions: 0.1489897110495224
new generation:  3120
Fittest                      42.36499544739451
highest fitness' coverage:   43.854892557889734
highest fitness' collisions: 0.14898971104952244
new generation:  3121
Fittest                      42.358668506429765
highest fitness' coverage:   43.848565616924986
highest fitness' collisions: 0.1489897110495223
new generation:  3122
Fittest                      42.33341924856887
highest fitness' coverage:   43.823316359064094
highest fitness' collisions: 0.14898971104952236
new generation:  3123
Fittest                      42.35631091852342
highest fitness' coverage:   43.84190686668813
highest fitness' collisions: 0.14855959481647052
new generation:  3124
Fittest                      42.33791504716587
highest fitness' coverage:   43.81150663047489
highest fitness' collisions: 0.1473591583309019
new generation:  3125
Fittest                      42.365603321401494
highest fitness' coverage:   43.83919490471051
highest fitness' collisions: 0.14735915833090185
new generation:  3126
Fittest                      42.38392066807264
highest fitness' coverage:   43.85751225138166
highest fitness' collisions: 0.14735915833090185
new generation:  3127
Fittest                      42.36171271788946
highest fitness' coverage:   43.835304301198484
highest fitness' collisions: 0.14735915833090202
new generation:  3128
Fittest                      42.35243749055577
highest fitness' coverage:   43.82602907386479
highest fitness' collisions: 0.14735915833090182
new generation:  3129
Fittest                      42.35571819804097
highest fitness' coverage:   43.829309781349984
highest fitness' collisions: 0.1473591583309019
new generation:  3130
Fittest                      42.3528745029087
highest fitness' coverage:   43.82129796221775
highest fitness' collisions: 0.14684234593090487
new generation:  3131
Fittest                      42.350583749868626
highest fitness' coverage:   43.81900720917768
highest fitness' collisions: 0.14684234593090487
new generation:  3132
Fittest                      42.36819455573654
highest fitness' coverage:   43.83661801504559
highest fitness' collisions: 0.14684234593090484
new generation:  3133
Fittest                      42.355823813598406
highest fitness' coverage:   43.824421290135305
highest fitness' collisions: 0.14685974765369011
new generation:  3134
Fittest                      42.353167224436184
highest fitness' coverage:   43.821764700973084
highest fitness' collisions: 0.14685974765369017
new generation:  3135
Fittest                      42.340401925456106
highest fitness' coverage:   43.808999401993006
highest fitness' collisions: 0.14685974765368992
new generation:  3136
Fittest                      42.35596798950278
highest fitness' coverage:   43.82456546603968
highest fitness' collisions: 0.14685974765369006
new generation:  3137
Fittest                      42.371480285350025
highest fitness' coverage:   43.840077761886924
highest fitness' collisions: 0.1468597476536901
new generation:  3138
Fittest                      42.38701365533548
highest fitness' coverage:   43.85561113187238
highest fitness' collisions: 0.14685974765369011
new generation:  3139
Fittest                      42.35914787356295
highest fitness' coverage:   43.83111764938848
highest fitness' collisions: 0.14719697758255323
new generation:  3140
Fittest                      42.35806711942188
highest fitness' coverage:   43.83003689524741
highest fitness' collisions: 0.1471969775825531
new generation:  3141
Fittest                      42.35931335630547
highest fitness' coverage:   43.8301611136767
highest fitness' collisions: 0.1470847757371229
new generation:  3142
Fittest                      42.34025392820828
highest fitness' coverage:   43.81110168557951
highest fitness' collisions: 0.14708477573712292
new generation:  3143
Fittest                      42.366021476076305
highest fitness' coverage:   43.81774470970595
highest fitness' collisions: 0.14517232336296454
new generation:  3144
Fittest                      42.369511498245814
highest fitness' coverage:   43.82123473187546
highest fitness' collisions: 0.14517232336296454
new generation:  3145
Fittest                      42.373734950656896
highest fitness' coverage:   43.81439194644676
highest fitness' collisions: 0.1440656995789869
new generation:  3146
Fittest                      42.407860371032726
highest fitness' coverage:   43.84851736682259
highest fitness' collisions: 0.14406569957898685
new generation:  3147
Fittest                      42.371739450844146
highest fitness' coverage:   43.81101606236941
highest fitness' collisions: 0.14392766115252653
new generation:  3148
Fittest                      42.358985631035964
highest fitness' coverage:   43.79596015846341
highest fitness' collisions: 0.14369745274274465
new generation:  3149
Fittest                      42.3776413326911
highest fitness' coverage:   43.81461586011854
highest fitness' collisions: 0.14369745274274467
new generation:  3150
Fittest                      42.39283039684928
highest fitness' coverage:   43.82980492427672
highest fitness' collisions: 0.14369745274274456
new generation:  3151
Fittest                      42.38416209550768
highest fitness' coverage:   43.82113662293513
highest fitness' collisions: 0.1436974527427447
new generation:  3152
Fittest                      42.383781214836645
highest fitness' coverage:   43.82075574226409
highest fitness' collisions: 0.14369745274274462
new generation:  3153
Fittest                      42.36519078078563
highest fitness' coverage:   43.80216530821308
highest fitness' collisions: 0.14369745274274462
new generation:  3154
Fittest                      42.37643891812573
highest fitness' coverage:   43.823602189840905
highest fitness' collisions: 0.1447163271715176
new generation:  3155
Fittest                      42.380134145176434
highest fitness' coverage:   43.82729741689161
highest fitness' collisions: 0.14471632717151758
new generation:  3156
Fittest                      42.372761533132966
highest fitness' coverage:   43.81369883201016
highest fitness' collisions: 0.14409372988771976
new generation:  3157
Fittest                      42.38418446884246
highest fitness' coverage:   43.82459950766306
highest fitness' collisions: 0.1440415038820594
new generation:  3158
Fittest                      42.37429852303934
highest fitness' coverage:   43.81471356185994
highest fitness' collisions: 0.1440415038820595
new generation:  3159
Fittest                      42.38647324140351
highest fitness' coverage:   43.826888280224104
highest fitness' collisions: 0.14404150388205947
new generation:  3160
Fittest                      42.40166480696402
highest fitness' coverage:   43.84207984578462
highest fitness' collisions: 0.14404150388205947
new generation:  3161
Fittest                      42.41181174193225
highest fitness' coverage:   43.852226780752844
highest fitness' collisions: 0.1440415038820595
new generation:  3162
Fittest                      42.399271849253964
highest fitness' coverage:   43.83968688807456
highest fitness' collisions: 0.14404150388205927
new generation:  3163
Fittest                      42.38335918063982
highest fitness' coverage:   43.82377421946042
highest fitness' collisions: 0.14404150388205939
new generation:  3164
Fittest                      42.36827483428656
highest fitness' coverage:   43.808689873107156
highest fitness' collisions: 0.14404150388205936
new generation:  3165
Fittest                      42.352953426034695
highest fitness' coverage:   43.796004978332405
highest fitness' collisions: 0.1443051552297708
new generation:  3166
Fittest                      42.3794408282673
highest fitness' coverage:   43.83306302964031
highest fitness' collisions: 0.14536222013730077
new generation:  3167
Fittest                      42.36708453209397
highest fitness' coverage:   43.82070673346698
highest fitness' collisions: 0.1453622201373009
new generation:  3168
Fittest                      42.370481410664866
highest fitness' coverage:   43.824103612037874
highest fitness' collisions: 0.14536222013730093
new generation:  3169
Fittest                      42.375171828191895
highest fitness' coverage:   43.832949473000134
highest fitness' collisions: 0.14577776448082405
new generation:  3170
Fittest                      42.36269179578407
highest fitness' coverage:   43.821327667190566
highest fitness' collisions: 0.1458635871406493
new generation:  3171
Fittest                      42.35725192782254
highest fitness' coverage:   43.81588779922903
highest fitness' collisions: 0.14586358714064915
new generation:  3172
Fittest                      42.35364379586552
highest fitness' coverage:   43.812279667272016
highest fitness' collisions: 0.1458635871406492
new generation:  3173
Fittest                      42.38150343313755
highest fitness' coverage:   43.840139304544046
highest fitness' collisions: 0.14586358714064931
new generation:  3174
Fittest                      42.394499374916926
highest fitness' coverage:   43.88951266385335
highest fitness' collisions: 0.14950132889364248
new generation:  3175
Fittest                      42.41432585009184
highest fitness' coverage:   43.90933913902827
highest fitness' collisions: 0.14950132889364245
new generation:  3176
Fittest                      42.3951392313391
highest fitness' coverage:   43.89015252027552
highest fitness' collisions: 0.14950132889364234
new generation:  3177
Fittest                      42.39168215365005
highest fitness' coverage:   43.88669544258648
highest fitness' collisions: 0.14950132889364257
new generation:  3178
Fittest                      42.398044834528726
highest fitness' coverage:   43.89305812346515
highest fitness' collisions: 0.1495013288936424
new generation:  3179
Fittest                      42.4105449401112
highest fitness' coverage:   43.90555822904763
highest fitness' collisions: 0.14950132889364245
new generation:  3180
Fittest                      42.400015390178915
highest fitness' coverage:   43.89371060847455
highest fitness' collisions: 0.14936952182956326
new generation:  3181
Fittest                      42.38871756533167
highest fitness' coverage:   43.87825179909937
highest fitness' collisions: 0.14895342337676964
new generation:  3182
Fittest                      42.384928521623245
highest fitness' coverage:   43.874462755390944
highest fitness' collisions: 0.14895342337676984
new generation:  3183
Fittest                      42.40960947584058
highest fitness' coverage:   43.89914370960828
highest fitness' collisions: 0.14895342337676984
new generation:  3184
Fittest                      42.39360777842387
highest fitness' coverage:   43.87822592539824
highest fitness' collisions: 0.14846181469743663
new generation:  3185
Fittest                      42.40521703585006
highest fitness' coverage:   43.88983518282442
highest fitness' collisions: 0.14846181469743658
new generation:  3186
Fittest                      42.40851599883879
highest fitness' coverage:   43.89313414581315
highest fitness' collisions: 0.14846181469743647
new generation:  3187
Fittest                      42.38665311626394
highest fitness' coverage:   43.871470789469804
highest fitness' collisions: 0.14848176732058613
new generation:  3188
Fittest                      42.40396793544726
highest fitness' coverage:   43.88727111363031
highest fitness' collisions: 0.1483303178183052
new generation:  3189
Fittest                      42.416334773150254
highest fitness' coverage:   43.899637951333304
highest fitness' collisions: 0.1483303178183051
new generation:  3190
Fittest                      42.41610976833612
highest fitness' coverage:   43.89941294651917
highest fitness' collisions: 0.14833031781830514
new generation:  3191
Fittest                      42.45527178502368
highest fitness' coverage:   43.93410812728523
highest fitness' collisions: 0.14788363422615416
new generation:  3192
Fittest                      42.41762070108561
highest fitness' coverage:   43.896457043347155
highest fitness' collisions: 0.14788363422615414
new generation:  3193
Fittest                      42.407738993445506
highest fitness' coverage:   43.886891563473064
highest fitness' collisions: 0.14791525700275587
new generation:  3194
Fittest                      42.42656319436816
highest fitness' coverage:   43.905715764395715
highest fitness' collisions: 0.1479152570027559
new generation:  3195
Fittest                      42.41693269670876
highest fitness' coverage:   43.89608526673632
highest fitness' collisions: 0.1479152570027559
new generation:  3196
Fittest                      42.38642653389131
highest fitness' coverage:   43.86557910391887
highest fitness' collisions: 0.1479152570027558
new generation:  3197
Fittest                      42.41397125477572
highest fitness' coverage:   43.893123824803276
highest fitness' collisions: 0.14791525700275576
new generation:  3198
Fittest                      42.41431155800675
highest fitness' coverage:   43.89346412803431
highest fitness' collisions: 0.147915257002756
new generation:  3199
Fittest                      42.4078043514551
highest fitness' coverage:   43.88695692148266
highest fitness' collisions: 0.14791525700275585
new generation:  3200
Fittest                      42.40503273805833
highest fitness' coverage:   43.88418530808589
highest fitness' collisions: 0.147915257002756
new generation:  3201
Fittest                      42.407820492095546
highest fitness' coverage:   43.886973062123104
highest fitness' collisions: 0.14791525700275585
new generation:  3202
Fittest                      42.41418907582756
highest fitness' coverage:   43.893341645855116
highest fitness' collisions: 0.1479152570027558
new generation:  3203
Fittest                      42.3958149480191
highest fitness' coverage:   43.87496751804666
highest fitness' collisions: 0.14791525700275573
new generation:  3204
Fittest                      42.40494411365655
highest fitness' coverage:   43.884096683684106
highest fitness' collisions: 0.1479152570027558
new generation:  3205
Fittest                      42.40185846418145
highest fitness' coverage:   43.88101103420901
highest fitness' collisions: 0.14791525700275587
new generation:  3206
Fittest                      42.41127208048889
highest fitness' coverage:   43.92589427754992
highest fitness' collisions: 0.15146221970610305
new generation:  3207
Fittest                      42.411506707454514
highest fitness' coverage:   43.926128904515544
highest fitness' collisions: 0.15146221970610294
new generation:  3208
Fittest                      42.40866381221214
highest fitness' coverage:   43.92328600927317
highest fitness' collisions: 0.15146221970610307
new generation:  3209
Fittest                      42.417395793920015
highest fitness' coverage:   43.932017990981045
highest fitness' collisions: 0.15146221970610316
new generation:  3210
Fittest                      42.396011076560505
highest fitness' coverage:   43.910633273621535
highest fitness' collisions: 0.15146221970610307
new generation:  3211
Fittest                      42.414281304375514
highest fitness' coverage:   43.928903501436544
highest fitness' collisions: 0.15146221970610327
new generation:  3212
Fittest                      42.39952226354206
highest fitness' coverage:   43.91414446060309
highest fitness' collisions: 0.15146221970610313
new generation:  3213
Fittest                      42.42630746634795
highest fitness' coverage:   43.932531623466474
highest fitness' collisions: 0.15062241571185211
new generation:  3214
Fittest                      42.41369817001531
highest fitness' coverage:   43.91992232713383
highest fitness' collisions: 0.15062241571185217
new generation:  3215
Fittest                      42.41044978395739
highest fitness' coverage:   43.91667394107591
highest fitness' collisions: 0.1506224157118522
new generation:  3216
Fittest                      42.41641793942925
highest fitness' coverage:   43.922642096547776
highest fitness' collisions: 0.15062241571185206
new generation:  3217
Fittest                      42.42354880186561
highest fitness' coverage:   43.92977295898413
highest fitness' collisions: 0.15062241571185211
new generation:  3218
Fittest                      42.42951122569012
highest fitness' coverage:   43.935735382808645
highest fitness' collisions: 0.15062241571185223
new generation:  3219
Fittest                      42.42252912864814
highest fitness' coverage:   43.92875328576666
highest fitness' collisions: 0.15062241571185217
new generation:  3220
Fittest                      42.4166347544509
highest fitness' coverage:   43.92285891156941
highest fitness' collisions: 0.15062241571185203
new generation:  3221
Fittest                      42.43543718331588
highest fitness' coverage:   43.9416613404344
highest fitness' collisions: 0.1506224157118521
new generation:  3222
Fittest                      42.41069794494824
highest fitness' coverage:   43.91692210206676
highest fitness' collisions: 0.1506224157118521
new generation:  3223
Fittest                      42.422936131647866
highest fitness' coverage:   43.92916028876639
highest fitness' collisions: 0.1506224157118521
new generation:  3224
Fittest                      42.432046572058105
highest fitness' coverage:   43.93827072917663
highest fitness' collisions: 0.1506224157118521
new generation:  3225
Fittest                      42.410650704121984
highest fitness' coverage:   43.91687486124051
highest fitness' collisions: 0.15062241571185214
new generation:  3226
Fittest                      42.426087411973185
highest fitness' coverage:   43.93231156909171
highest fitness' collisions: 0.15062241571185223
new generation:  3227
Fittest                      42.41338830369069
highest fitness' coverage:   43.91961246080921
highest fitness' collisions: 0.15062241571185223
new generation:  3228
Fittest                      42.41341447235386
highest fitness' coverage:   43.91963862947238
highest fitness' collisions: 0.15062241571185214
new generation:  3229
Fittest                      42.41327101403499
highest fitness' coverage:   43.919495171153514
highest fitness' collisions: 0.15062241571185214
new generation:  3230
Fittest                      42.40442785167247
highest fitness' coverage:   43.910652008791
highest fitness' collisions: 0.1506224157118522
new generation:  3231
Fittest                      42.41658128955544
highest fitness' coverage:   43.92280544667396
highest fitness' collisions: 0.1506224157118521
new generation:  3232
Fittest                      42.41318723234112
highest fitness' coverage:   43.91941138945965
highest fitness' collisions: 0.15062241571185211
new generation:  3233
Fittest                      42.416822872774944
highest fitness' coverage:   43.92304702989347
highest fitness' collisions: 0.1506224157118521
new generation:  3234
Fittest                      42.40471440669961
highest fitness' coverage:   43.910938563818135
highest fitness' collisions: 0.15062241571185217
new generation:  3235
Fittest                      42.407747231437995
highest fitness' coverage:   43.91397138855652
highest fitness' collisions: 0.15062241571185225
new generation:  3236
Fittest                      42.411071891630094
highest fitness' coverage:   43.91729604874862
highest fitness' collisions: 0.15062241571185211
new generation:  3237
Fittest                      42.42625018663457
highest fitness' coverage:   43.93247434375309
highest fitness' collisions: 0.15062241571185211
new generation:  3238
Fittest                      42.44155632404508
highest fitness' coverage:   43.947780481163605
highest fitness' collisions: 0.15062241571185223
new generation:  3239
Fittest                      42.400918710087836
highest fitness' coverage:   43.90714286720636
highest fitness' collisions: 0.15062241571185217
new generation:  3240
Fittest                      42.40747045528973
highest fitness' coverage:   43.91369461240826
highest fitness' collisions: 0.1506224157118522
new generation:  3241
Fittest                      42.41071510667337
highest fitness' coverage:   43.916939263791896
highest fitness' collisions: 0.15062241571185217
new generation:  3242
Fittest                      42.41780291853642
highest fitness' coverage:   43.913456426579636
highest fitness' collisions: 0.14956535080432198
new generation:  3243
Fittest                      42.43995359723924
highest fitness' coverage:   43.93560710528246
highest fitness' collisions: 0.14956535080432204
new generation:  3244
Fittest                      42.41478385340968
highest fitness' coverage:   43.9104373614529
highest fitness' collisions: 0.149565350804322
new generation:  3245
Fittest                      42.421506399520176
highest fitness' coverage:   43.917159907563395
highest fitness' collisions: 0.14956535080432196
new generation:  3246
Fittest                      42.42108370632509
highest fitness' coverage:   43.91673721436831
highest fitness' collisions: 0.14956535080432204
new generation:  3247
Fittest                      42.43679590984857
highest fitness' coverage:   43.93244941789179
highest fitness' collisions: 0.14956535080432204
new generation:  3248
Fittest                      42.417736671340144
highest fitness' coverage:   43.91339017938336
highest fitness' collisions: 0.14956535080432198
new generation:  3249
Fittest                      42.43977370859514
highest fitness' coverage:   43.93542721663836
highest fitness' collisions: 0.14956535080432204
new generation:  3250
Fittest                      42.43657396001037
highest fitness' coverage:   43.93222746805359
highest fitness' collisions: 0.14956535080432193
new generation:  3251
Fittest                      42.44032171489592
highest fitness' coverage:   43.93597522293914
highest fitness' collisions: 0.14956535080432204
new generation:  3252
Fittest                      42.40863556951731
highest fitness' coverage:   43.90428907756053
highest fitness' collisions: 0.1495653508043219
new generation:  3253
Fittest                      42.45627680091159
highest fitness' coverage:   43.948618997739985
highest fitness' collisions: 0.14923421968283937
new generation:  3254
Fittest                      42.42379249830692
highest fitness' coverage:   43.928197682031026
highest fitness' collisions: 0.1504405183724102
new generation:  3255
Fittest                      42.439942412741665
highest fitness' coverage:   43.94434759646577
highest fitness' collisions: 0.15044051837240996
new generation:  3256
Fittest                      42.43372257229186
highest fitness' coverage:   43.938127756015966
highest fitness' collisions: 0.15044051837241004
new generation:  3257
Fittest                      42.411382150731086
highest fitness' coverage:   43.91578733445519
highest fitness' collisions: 0.1504405183724101
new generation:  3258
Fittest                      42.436015804999165
highest fitness' coverage:   43.95347676355076
highest fitness' collisions: 0.15174609585515922
new generation:  3259
Fittest                      42.420147456019706
highest fitness' coverage:   43.937608414571294
highest fitness' collisions: 0.15174609585515916
new generation:  3260
Fittest                      42.462572268760546
highest fitness' coverage:   43.96904908044764
highest fitness' collisions: 0.15064768116870908
new generation:  3261
Fittest                      42.4251555857786
highest fitness' coverage:   43.93163239746569
highest fitness' collisions: 0.15064768116870925
new generation:  3262
Fittest                      42.436995821609585
highest fitness' coverage:   43.93469758717833
highest fitness' collisions: 0.14977017655687455
new generation:  3263
Fittest                      42.42779993710161
highest fitness' coverage:   43.92550170267036
highest fitness' collisions: 0.14977017655687463
new generation:  3264
Fittest                      42.43363850085606
highest fitness' coverage:   43.93134026642481
highest fitness' collisions: 0.14977017655687472
new generation:  3265
Fittest                      42.433975662846514
highest fitness' coverage:   43.93167742841526
highest fitness' collisions: 0.1497701765568746
new generation:  3266
Fittest                      42.44317032301351
highest fitness' coverage:   43.94087208858226
highest fitness' collisions: 0.14977017655687458
new generation:  3267
Fittest                      42.43726154533582
highest fitness' coverage:   43.93417407475828
highest fitness' collisions: 0.14969125294224586
new generation:  3268
Fittest                      42.450668954663556
highest fitness' coverage:   43.947581484086015
highest fitness' collisions: 0.14969125294224592
new generation:  3269
Fittest                      42.44056126225707
highest fitness' coverage:   43.93747379167953
highest fitness' collisions: 0.14969125294224592
new generation:  3270
Fittest                      42.42520527151888
highest fitness' coverage:   43.922117800941336
highest fitness' collisions: 0.1496912529422459
new generation:  3271
Fittest                      42.449961752889365
highest fitness' coverage:   43.946874282311825
highest fitness' collisions: 0.14969125294224578
new generation:  3272
Fittest                      42.44142553774624
highest fitness' coverage:   43.9381385409372
highest fitness' collisions: 0.14967130031909617
new generation:  3273
Fittest                      42.43503670368142
highest fitness' coverage:   43.93174970687238
highest fitness' collisions: 0.14967130031909612
new generation:  3274
Fittest                      42.439024793654426
highest fitness' coverage:   43.94041514825826
highest fitness' collisions: 0.15013903546038335
new generation:  3275
Fittest                      42.44542549181206
highest fitness' coverage:   43.946815846415895
highest fitness' collisions: 0.15013903546038332
new generation:  3276
Fittest                      42.433174409546446
highest fitness' coverage:   43.93456476415028
highest fitness' collisions: 0.15013903546038337
new generation:  3277
Fittest                      42.43310681509623
highest fitness' coverage:   43.934497169700066
highest fitness' collisions: 0.15013903546038343
new generation:  3278
Fittest                      42.43961304288616
highest fitness' coverage:   43.94100339748999
highest fitness' collisions: 0.15013903546038349
new generation:  3279
Fittest                      42.42980299831263
highest fitness' coverage:   43.931193352916466
highest fitness' collisions: 0.15013903546038346
new generation:  3280
Fittest                      42.43609662824374
highest fitness' coverage:   43.937486982847574
highest fitness' collisions: 0.15013903546038349
new generation:  3281
Fittest                      42.44952798466211
highest fitness' coverage:   43.95091833926595
highest fitness' collisions: 0.15013903546038332
new generation:  3282
Fittest                      42.43891552702773
highest fitness' coverage:   43.94108852554624
highest fitness' collisions: 0.15021729985185134
new generation:  3283
Fittest                      42.4391084171068
highest fitness' coverage:   43.94128141562531
highest fitness' collisions: 0.15021729985185125
new generation:  3284
Fittest                      42.42526346874708
highest fitness' coverage:   43.93132619390357
highest fitness' collisions: 0.15060627251564923
new generation:  3285
Fittest                      42.43812517392745
highest fitness' coverage:   43.94418789908394
highest fitness' collisions: 0.15060627251564923
new generation:  3286
Fittest                      42.43815765585914
highest fitness' coverage:   43.94422038101563
highest fitness' collisions: 0.1506062725156493
new generation:  3287
Fittest                      42.43999506966061
highest fitness' coverage:   43.937970475399744
highest fitness' collisions: 0.14979754057391353
new generation:  3288
Fittest                      42.44871626345862
highest fitness' coverage:   43.946691669197754
highest fitness' collisions: 0.14979754057391356
new generation:  3289
Fittest                      42.436433595132755
highest fitness' coverage:   43.93440900087189
highest fitness' collisions: 0.14979754057391365
new generation:  3290
Fittest                      42.455757919110056
highest fitness' coverage:   43.95373332484919
highest fitness' collisions: 0.14979754057391345
new generation:  3291
Fittest                      42.43064230773543
highest fitness' coverage:   43.928617713474566
highest fitness' collisions: 0.14979754057391353
new generation:  3292
Fittest                      42.45269889354059
highest fitness' coverage:   43.950674299279726
highest fitness' collisions: 0.1497975405739135
new generation:  3293
Fittest                      42.445979756361766
highest fitness' coverage:   43.9439551621009
highest fitness' collisions: 0.1497975405739135
new generation:  3294
Fittest                      42.43188293188455
highest fitness' coverage:   43.919143144571315
highest fitness' collisions: 0.148726021268676
new generation:  3295
Fittest                      42.465845999594194
highest fitness' coverage:   43.95310621228096
highest fitness' collisions: 0.148726021268676
new generation:  3296
Fittest                      42.44422906923408
highest fitness' coverage:   43.93148928192085
highest fitness' collisions: 0.14872602126867604
new generation:  3297
Fittest                      42.456594415878165
highest fitness' coverage:   43.94385462856492
highest fitness' collisions: 0.14872602126867593
new generation:  3298
Fittest                      42.43755014866461
highest fitness' coverage:   43.92481036135137
highest fitness' collisions: 0.14872602126867598
new generation:  3299
Fittest                      42.438832656332465
highest fitness' coverage:   43.96261343381459
highest fitness' collisions: 0.15237807774821271
new generation:  3300
Fittest                      42.439123268098996
highest fitness' coverage:   43.96290404558112
highest fitness' collisions: 0.15237807774821263
new generation:  3301
Fittest                      42.4140908057606
highest fitness' coverage:   43.93787158324273
highest fitness' collisions: 0.15237807774821274
new generation:  3302
Fittest                      42.41759641027976
highest fitness' coverage:   43.94137718776189
highest fitness' collisions: 0.15237807774821277
new generation:  3303
Fittest                      42.44833879173169
highest fitness' coverage:   43.972119569213824
highest fitness' collisions: 0.1523780777482128
new generation:  3304
Fittest                      42.41755282611642
highest fitness' coverage:   43.94133360359855
highest fitness' collisions: 0.15237807774821274
new generation:  3305
Fittest                      42.40100891681118
highest fitness' coverage:   43.9160755942193
highest fitness' collisions: 0.1515066677408121
new generation:  3306
Fittest                      42.47194629198181
highest fitness' coverage:   43.95920650466857
highest fitness' collisions: 0.14872602126867598
new generation:  3307
Fittest                      42.453565716330125
highest fitness' coverage:   43.94082592901688
highest fitness' collisions: 0.14872602126867593
new generation:  3308
Fittest                      42.46172884004895
highest fitness' coverage:   43.91891642229915
highest fitness' collisions: 0.14571875822502003
new generation:  3309
Fittest                      42.45543371371082
highest fitness' coverage:   43.91262129596102
highest fitness' collisions: 0.14571875822502017
new generation:  3310
Fittest                      42.47090814316588
highest fitness' coverage:   43.92809572541608
highest fitness' collisions: 0.14571875822501998
new generation:  3311
Fittest                      42.45862492153883
highest fitness' coverage:   43.91581250378903
highest fitness' collisions: 0.14571875822501998
new generation:  3312
Fittest                      42.458644627885896
highest fitness' coverage:   43.915832210136095
highest fitness' collisions: 0.14571875822502017
new generation:  3313
Fittest                      42.44894488725537
highest fitness' coverage:   43.90613246950557
highest fitness' collisions: 0.14571875822502006
new generation:  3314
Fittest                      42.47411053648163
highest fitness' coverage:   43.93129811873183
highest fitness' collisions: 0.14571875822502003
new generation:  3315
Fittest                      42.4708866268553
highest fitness' coverage:   43.928074209105496
highest fitness' collisions: 0.14571875822502003
new generation:  3316
Fittest                      42.44033862568208
highest fitness' coverage:   43.89752620793228
highest fitness' collisions: 0.14571875822502006
new generation:  3317
Fittest                      42.452448985996774
highest fitness' coverage:   43.909636568246974
highest fitness' collisions: 0.14571875822502003
new generation:  3318
Fittest                      42.449036479870294
highest fitness' coverage:   43.906224062120494
highest fitness' collisions: 0.1457187582250201
new generation:  3319
Fittest                      42.4581217786185
highest fitness' coverage:   43.9153093608687
highest fitness' collisions: 0.14571875822502003
new generation:  3320
Fittest                      42.4587201618229
highest fitness' coverage:   43.9159077440731
highest fitness' collisions: 0.14571875822502006
new generation:  3321
Fittest                      42.45564806356073
highest fitness' coverage:   43.91283564581093
highest fitness' collisions: 0.14571875822501998
new generation:  3322
Fittest                      42.45490746480649
highest fitness' coverage:   43.91209504705669
highest fitness' collisions: 0.14571875822502
new generation:  3323
Fittest                      42.491703620026435
highest fitness' coverage:   43.94986843949759
highest fitness' collisions: 0.1458164819471157
new generation:  3324
Fittest                      42.476461930559985
highest fitness' coverage:   43.93462675003114
highest fitness' collisions: 0.14581648194711566
new generation:  3325
Fittest                      42.47298885300532
highest fitness' coverage:   43.931153672476476
highest fitness' collisions: 0.14581648194711572
new generation:  3326
Fittest                      42.45750024095961
highest fitness' coverage:   43.91566506043077
highest fitness' collisions: 0.14581648194711572
new generation:  3327
Fittest                      42.454474386755486
highest fitness' coverage:   43.91263920622664
highest fitness' collisions: 0.14581648194711563
new generation:  3328
Fittest                      42.439210694286814
highest fitness' coverage:   43.902994854225014
highest fitness' collisions: 0.14637841599382034
new generation:  3329
Fittest                      42.45827098268842
highest fitness' coverage:   43.922055142626625
highest fitness' collisions: 0.14637841599382034
new generation:  3330
Fittest                      42.44234970432356
highest fitness' coverage:   43.90613386426177
highest fitness' collisions: 0.14637841599382045
new generation:  3331
Fittest                      42.44914873431077
highest fitness' coverage:   43.912932894248975
highest fitness' collisions: 0.1463784159938205
new generation:  3332
Fittest                      42.46749189313223
highest fitness' coverage:   43.931276053070434
highest fitness' collisions: 0.14637841599382043
new generation:  3333
Fittest                      42.44678647090493
highest fitness' coverage:   43.91346186229481
highest fitness' collisions: 0.14666753913898806
new generation:  3334
Fittest                      42.46792364836
highest fitness' coverage:   43.934599039749884
highest fitness' collisions: 0.1466675391389881
new generation:  3335
Fittest                      42.46208914165709
highest fitness' coverage:   43.928764533046966
highest fitness' collisions: 0.14666753913898795
new generation:  3336
Fittest                      42.45011880085656
highest fitness' coverage:   43.921801495108426
highest fitness' collisions: 0.14716826942518657
new generation:  3337
Fittest                      42.45015366509111
highest fitness' coverage:   43.921836359342976
highest fitness' collisions: 0.14716826942518654
new generation:  3338
Fittest                      42.46947409796566
highest fitness' coverage:   43.94115679221753
highest fitness' collisions: 0.14716826942518654
new generation:  3339
Fittest                      42.447194720690355
highest fitness' coverage:   43.91887741494222
highest fitness' collisions: 0.14716826942518652
new generation:  3340
Fittest                      42.447029760481016
highest fitness' coverage:   43.91871245473288
highest fitness' collisions: 0.14716826942518654
new generation:  3341
Fittest                      42.43459781609418
highest fitness' coverage:   43.90628051034605
highest fitness' collisions: 0.1471682694251865
new generation:  3342
Fittest                      42.44406673354619
highest fitness' coverage:   43.915749427798055
highest fitness' collisions: 0.1471682694251865
new generation:  3343
Fittest                      42.43445788981912
highest fitness' coverage:   43.90614058407099
highest fitness' collisions: 0.14716826942518646
new generation:  3344
Fittest                      42.46864032293078
highest fitness' coverage:   43.924693988324826
highest fitness' collisions: 0.14560536653940437
new generation:  3345
Fittest                      42.45968499078528
highest fitness' coverage:   43.91573865617932
highest fitness' collisions: 0.1456053665394043
new generation:  3346
Fittest                      42.45663475336804
highest fitness' coverage:   43.91268841876209
highest fitness' collisions: 0.14560536653940434
new generation:  3347
Fittest                      42.46265581631906
highest fitness' coverage:   43.9187094817131
highest fitness' collisions: 0.1456053665394044
new generation:  3348
Fittest                      42.47183454805018
highest fitness' coverage:   43.92788821344423
highest fitness' collisions: 0.14560536653940434
new generation:  3349
Fittest                      42.46631043219691
highest fitness' coverage:   43.92236409759096
highest fitness' collisions: 0.14560536653940429
new generation:  3350
Fittest                      42.45389993422271
highest fitness' coverage:   43.909953599616756
highest fitness' collisions: 0.14560536653940437
new generation:  3351
Fittest                      42.44047207181158
highest fitness' coverage:   43.89652573720562
highest fitness' collisions: 0.14560536653940442
new generation:  3352
Fittest                      42.44762316381436
highest fitness' coverage:   43.90367682920841
highest fitness' collisions: 0.14560536653940437
new generation:  3353
Fittest                      42.456374138916864
highest fitness' coverage:   43.91242780431091
highest fitness' collisions: 0.14560536653940434
new generation:  3354
Fittest                      42.47510792847274
highest fitness' coverage:   43.93116159386678
highest fitness' collisions: 0.1456053665394045
new generation:  3355
Fittest                      42.46285692790909
highest fitness' coverage:   43.91891059330313
highest fitness' collisions: 0.14560536653940434
new generation:  3356
Fittest                      42.466262940796604
highest fitness' coverage:   43.922000378424634
highest fitness' collisions: 0.14557374376280277
new generation:  3357
Fittest                      42.45381379306291
highest fitness' coverage:   43.909551230690944
highest fitness' collisions: 0.1455737437628028
new generation:  3358
Fittest                      42.455425336768464
highest fitness' coverage:   43.921877967448864
highest fitness' collisions: 0.1466452630680402
new generation:  3359
Fittest                      42.46473758664819
highest fitness' coverage:   43.93119021732859
highest fitness' collisions: 0.14664526306804027
new generation:  3360
Fittest                      42.439960243958005
highest fitness' coverage:   43.906412874638406
highest fitness' collisions: 0.1466452630680403
new generation:  3361
Fittest                      42.4650767939919
highest fitness' coverage:   43.9315294246723
highest fitness' collisions: 0.14664526306804035
new generation:  3362
Fittest                      42.44658029841191
highest fitness' coverage:   43.91303292909231
highest fitness' collisions: 0.14664526306804015
new generation:  3363
Fittest                      42.443464959885944
highest fitness' coverage:   43.909917590566344
highest fitness' collisions: 0.14664526306804032
new generation:  3364
Fittest                      42.458805616246664
highest fitness' coverage:   43.925258246927065
highest fitness' collisions: 0.14664526306804035
new generation:  3365
Fittest                      42.449504529094995
highest fitness' coverage:   43.915957159775395
highest fitness' collisions: 0.14664526306804038
new generation:  3366
Fittest                      42.45458943102989
highest fitness' coverage:   43.940335325385206
highest fitness' collisions: 0.1485745894355322
new generation:  3367
Fittest                      42.427348010686565
highest fitness' coverage:   43.91309390504189
highest fitness' collisions: 0.14857458943553226
new generation:  3368
Fittest                      42.43298958439459
highest fitness' coverage:   43.918735478749916
highest fitness' collisions: 0.14857458943553228
new generation:  3369
Fittest                      42.43264982296956
highest fitness' coverage:   43.918395717324884
highest fitness' collisions: 0.14857458943553228
new generation:  3370
Fittest                      42.42052188367938
highest fitness' coverage:   43.9062677780347
highest fitness' collisions: 0.14857458943553228
new generation:  3371
Fittest                      42.429955060368286
highest fitness' coverage:   43.91570095472361
highest fitness' collisions: 0.14857458943553226
new generation:  3372
Fittest                      42.42984806688067
highest fitness' coverage:   43.915593961236
highest fitness' collisions: 0.1485745894355323
new generation:  3373
Fittest                      42.43997855921411
highest fitness' coverage:   43.921848094718705
highest fitness' collisions: 0.14818695355045935
new generation:  3374
Fittest                      42.42096462440039
highest fitness' coverage:   43.902834159904984
highest fitness' collisions: 0.1481869535504593
new generation:  3375
Fittest                      42.43699684781803
highest fitness' coverage:   43.91886638332262
highest fitness' collisions: 0.1481869535504593
new generation:  3376
Fittest                      42.42412826702945
highest fitness' coverage:   43.905997802534046
highest fitness' collisions: 0.14818695355045933
new generation:  3377
Fittest                      42.4308225904543
highest fitness' coverage:   43.91269212595889
highest fitness' collisions: 0.1481869535504593
new generation:  3378
Fittest                      42.44958824979646
highest fitness' coverage:   43.931457785301056
highest fitness' collisions: 0.1481869535504593
new generation:  3379
Fittest                      42.42136053213876
highest fitness' coverage:   43.90323006764336
highest fitness' collisions: 0.14818695355045924
new generation:  3380
Fittest                      42.434236428912975
highest fitness' coverage:   43.91610596441757
highest fitness' collisions: 0.14818695355045924
new generation:  3381
Fittest                      42.42306995830029
highest fitness' coverage:   43.89656998700678
highest fitness' collisions: 0.14735000287064864
new generation:  3382
Fittest                      42.45474878556399
highest fitness' coverage:   43.928248814270475
highest fitness' collisions: 0.14735000287064856
new generation:  3383
Fittest                      42.42954722623337
highest fitness' coverage:   43.90304725493986
highest fitness' collisions: 0.14735000287064862
new generation:  3384
Fittest                      42.45775603516271
highest fitness' coverage:   43.9312560638692
highest fitness' collisions: 0.14735000287064873
new generation:  3385
Fittest                      42.46092764893274
highest fitness' coverage:   43.93442767763923
highest fitness' collisions: 0.14735000287064864
new generation:  3386
Fittest                      42.463342742970205
highest fitness' coverage:   43.936842771676694
highest fitness' collisions: 0.14735000287064862
new generation:  3387
Fittest                      42.45159895063534
highest fitness' coverage:   43.925098979341826
highest fitness' collisions: 0.14735000287064856
new generation:  3388
Fittest                      42.463886235134964
highest fitness' coverage:   43.93738626384145
highest fitness' collisions: 0.14735000287064856
new generation:  3389
Fittest                      42.44247106472822
highest fitness' coverage:   43.915971093434706
highest fitness' collisions: 0.14735000287064864
new generation:  3390
Fittest                      42.43933904626033
highest fitness' coverage:   43.91283907496682
highest fitness' collisions: 0.1473500028706487
new generation:  3391
Fittest                      42.442008603005405
highest fitness' coverage:   43.915508631711894
highest fitness' collisions: 0.1473500028706487
new generation:  3392
Fittest                      42.43891189536722
highest fitness' coverage:   43.91241192407371
highest fitness' collisions: 0.14735000287064873
new generation:  3393
Fittest                      42.436216789984805
highest fitness' coverage:   43.909716818691294
highest fitness' collisions: 0.14735000287064862
new generation:  3394
Fittest                      42.454922890442134
highest fitness' coverage:   43.928422919148616
highest fitness' collisions: 0.14735000287064853
new generation:  3395
Fittest                      42.453357042572314
highest fitness' coverage:   43.95284158767402
highest fitness' collisions: 0.14994845451017066
new generation:  3396
Fittest                      42.41908246109776
highest fitness' coverage:   43.91856700619947
highest fitness' collisions: 0.1499484545101705
new generation:  3397
Fittest                      42.43501239175781
highest fitness' coverage:   43.93449693685951
highest fitness' collisions: 0.1499484545101705
new generation:  3398
Fittest                      42.444133735866856
highest fitness' coverage:   43.943618280968565
highest fitness' collisions: 0.1499484545101705
new generation:  3399
Fittest                      42.40719858697421
highest fitness' coverage:   43.90668313207592
highest fitness' collisions: 0.14994845451017053
new generation:  3400
Fittest                      42.41311929557366
highest fitness' coverage:   43.91260384067536
highest fitness' collisions: 0.14994845451017044
new generation:  3401
Fittest                      42.41030527081421
highest fitness' coverage:   43.90978981591592
highest fitness' collisions: 0.1499484545101706
new generation:  3402
Fittest                      42.41011930338666
highest fitness' coverage:   43.909603848488366
highest fitness' collisions: 0.14994845451017055
new generation:  3403
Fittest                      42.42543343077242
highest fitness' coverage:   43.92491797587413
highest fitness' collisions: 0.14994845451017064
new generation:  3404
Fittest                      42.425149873724
highest fitness' coverage:   43.92463441882571
highest fitness' collisions: 0.14994845451017053
new generation:  3405
Fittest                      42.41967002225213
highest fitness' coverage:   43.922125438172976
highest fitness' collisions: 0.15024554159208522
new generation:  3406
Fittest                      42.428687881043786
highest fitness' coverage:   43.931143296964635
highest fitness' collisions: 0.15024554159208522
new generation:  3407
Fittest                      42.44152294481315
highest fitness' coverage:   43.94397836073401
highest fitness' collisions: 0.15024554159208534
new generation:  3408
Fittest                      42.41033412396021
highest fitness' coverage:   43.91278953988107
highest fitness' collisions: 0.15024554159208528
new generation:  3409
Fittest                      42.41603194559877
highest fitness' coverage:   43.91848736151962
highest fitness' collisions: 0.15024554159208514
new generation:  3410
Fittest                      42.39368536020961
highest fitness' coverage:   43.896140776130466
highest fitness' collisions: 0.15024554159208536
new generation:  3411
Fittest                      42.40979251004257
highest fitness' coverage:   43.90662858549638
highest fitness' collisions: 0.14968360754538054
new generation:  3412
Fittest                      42.42493365951192
highest fitness' coverage:   43.92176973496573
highest fitness' collisions: 0.14968360754538057
new generation:  3413
Fittest                      42.450041120657986
highest fitness' coverage:   43.93451221404404
highest fitness' collisions: 0.14844710933860575
new generation:  3414
Fittest                      42.43446197227986
highest fitness' coverage:   43.918933065665925
highest fitness' collisions: 0.1484471093386059
new generation:  3415
Fittest                      42.4094269030076
highest fitness' coverage:   43.893897996393655
highest fitness' collisions: 0.14844710933860575
new generation:  3416
Fittest                      42.43751955179233
highest fitness' coverage:   43.92199064517838
highest fitness' collisions: 0.14844710933860575
new generation:  3417
Fittest                      42.45301705926295
highest fitness' coverage:   43.937488152649
highest fitness' collisions: 0.14844710933860578
new generation:  3418
Fittest                      42.42154364851247
highest fitness' coverage:   43.906014741898524
highest fitness' collisions: 0.14844710933860583
new generation:  3419
Fittest                      42.4376302009553
highest fitness' coverage:   43.92210129434135
highest fitness' collisions: 0.14844710933860586
new generation:  3420
Fittest                      42.450388421090416
highest fitness' coverage:   43.93485951447647
highest fitness' collisions: 0.14844710933860583
new generation:  3421
Fittest                      42.42272851653473
highest fitness' coverage:   43.940150041613386
highest fitness' collisions: 0.1517421525078651
new generation:  3422
Fittest                      42.41605479871611
highest fitness' coverage:   43.933476323794764
highest fitness' collisions: 0.1517421525078651
new generation:  3423
Fittest                      42.406800027727286
highest fitness' coverage:   43.92422155280594
highest fitness' collisions: 0.15174215250786524
new generation:  3424
Fittest                      42.40976974240692
highest fitness' coverage:   43.927191267485576
highest fitness' collisions: 0.15174215250786505
new generation:  3425
Fittest                      42.422411438586956
highest fitness' coverage:   43.93983296366561
highest fitness' collisions: 0.15174215250786516
new generation:  3426
Fittest                      42.438328902407406
highest fitness' coverage:   43.95575042748606
highest fitness' collisions: 0.15174215250786513
new generation:  3427
Fittest                      42.41259009120035
highest fitness' coverage:   43.92866265339641
highest fitness' collisions: 0.15160725621960586
new generation:  3428
Fittest                      42.39733323885875
highest fitness' coverage:   43.91340580105481
highest fitness' collisions: 0.15160725621960594
new generation:  3429
Fittest                      42.39994334820339
highest fitness' coverage:   43.916015910399445
highest fitness' collisions: 0.15160725621960597
new generation:  3430
Fittest                      42.4314393576802
highest fitness' coverage:   43.947511919876256
highest fitness' collisions: 0.1516072562196059
new generation:  3431
Fittest                      42.427986912724855
highest fitness' coverage:   43.94405947492091
highest fitness' collisions: 0.15160725621960588
new generation:  3432
Fittest                      42.409690222583386
highest fitness' coverage:   43.925762784779444
highest fitness' collisions: 0.15160725621960602
new generation:  3433
Fittest                      42.40370853669359
highest fitness' coverage:   43.91978109888965
highest fitness' collisions: 0.151607256219606
new generation:  3434
Fittest                      42.41276659259704
highest fitness' coverage:   43.928839154793096
highest fitness' collisions: 0.15160725621960597
new generation:  3435
Fittest                      42.391277751875656
highest fitness' coverage:   43.907350314071714
highest fitness' collisions: 0.151607256219606
new generation:  3436
Fittest                      42.42165805297718
highest fitness' coverage:   43.93773061517324
highest fitness' collisions: 0.15160725621960588
new generation:  3437
Fittest                      42.45009220877813
highest fitness' coverage:   43.96616477097419
highest fitness' collisions: 0.15160725621960597
new generation:  3438
Fittest                      42.43798278698716
highest fitness' coverage:   43.95405534918322
highest fitness' collisions: 0.15160725621960597
new generation:  3439
Fittest                      42.38154111555177
highest fitness' coverage:   43.89761367774783
highest fitness' collisions: 0.15160725621960602
new generation:  3440
Fittest                      42.40018789183832
highest fitness' coverage:   43.91626045403438
highest fitness' collisions: 0.15160725621960594
new generation:  3441
Fittest                      42.409594448781704
highest fitness' coverage:   43.92566701097776
highest fitness' collisions: 0.151607256219606
new generation:  3442
Fittest                      42.41909646582668
highest fitness' coverage:   43.935169028022734
highest fitness' collisions: 0.15160725621960594
new generation:  3443
Fittest                      42.41636340891404
highest fitness' coverage:   43.9324359711101
highest fitness' collisions: 0.15160725621960622
new generation:  3444
Fittest                      42.40377802901451
highest fitness' coverage:   43.91985059121057
highest fitness' collisions: 0.15160725621960597
new generation:  3445
Fittest                      42.39729525057111
highest fitness' coverage:   43.91336781276717
highest fitness' collisions: 0.151607256219606
new generation:  3446
Fittest                      42.409794477536444
highest fitness' coverage:   43.9258670397325
highest fitness' collisions: 0.151607256219606
new generation:  3447
Fittest                      42.400540412170024
highest fitness' coverage:   43.91661297436608
highest fitness' collisions: 0.15160725621960594
new generation:  3448
Fittest                      42.39693090454315
highest fitness' coverage:   43.913003466739205
highest fitness' collisions: 0.15160725621960597
new generation:  3449
Fittest                      42.40341076577421
highest fitness' coverage:   43.91948332797027
highest fitness' collisions: 0.15160725621960594
new generation:  3450
Fittest                      42.40334309244334
highest fitness' coverage:   43.9194156546394
highest fitness' collisions: 0.15160725621960605
new generation:  3451
Fittest                      42.40053509630224
highest fitness' coverage:   43.9166076584983
highest fitness' collisions: 0.1516072562196061
new generation:  3452
Fittest                      42.400134093230896
highest fitness' coverage:   43.916206655426954
highest fitness' collisions: 0.15160725621960597
new generation:  3453
Fittest                      42.4257085795969
highest fitness' coverage:   43.94178114179296
highest fitness' collisions: 0.15160725621960588
new generation:  3454
Fittest                      42.40638946124667
highest fitness' coverage:   43.922462023442726
highest fitness' collisions: 0.15160725621960597
new generation:  3455
Fittest                      42.390676234334535
highest fitness' coverage:   43.90674879653059
highest fitness' collisions: 0.15160725621960597
new generation:  3456
Fittest                      42.400523967386015
highest fitness' coverage:   43.91659652958207
highest fitness' collisions: 0.1516072562196059
new generation:  3457
Fittest                      42.400152612559886
highest fitness' coverage:   43.916225174755944
highest fitness' collisions: 0.15160725621960605
new generation:  3458
Fittest                      42.39788099954063
highest fitness' coverage:   43.91395356173669
highest fitness' collisions: 0.15160725621960597
new generation:  3459
Fittest                      42.39091076645248
highest fitness' coverage:   43.906983328648536
highest fitness' collisions: 0.15160725621960586
new generation:  3460
Fittest                      42.40652939453641
highest fitness' coverage:   43.92260195673247
highest fitness' collisions: 0.1516072562196059
new generation:  3461
Fittest                      42.416113269478465
highest fitness' coverage:   43.93218583167452
highest fitness' collisions: 0.1516072562196058
new generation:  3462
Fittest                      42.420992646726575
highest fitness' coverage:   43.937896972693736
highest fitness' collisions: 0.15169043259671625
new generation:  3463
Fittest                      42.41202236244715
highest fitness' coverage:   43.928926688414315
highest fitness' collisions: 0.1516904325967163
new generation:  3464
Fittest                      42.411809055050476
highest fitness' coverage:   43.92871338101764
highest fitness' collisions: 0.1516904325967162
new generation:  3465
Fittest                      42.411893303540374
highest fitness' coverage:   43.92571140685988
highest fitness' collisions: 0.15138181033195053
new generation:  3466
Fittest                      42.40683041461389
highest fitness' coverage:   43.931868702476415
highest fitness' collisions: 0.15250382878625235
new generation:  3467
Fittest                      42.39093385805957
highest fitness' coverage:   43.91597214592209
highest fitness' collisions: 0.1525038287862525
new generation:  3468
Fittest                      42.40694497853563
highest fitness' coverage:   43.93198326639815
highest fitness' collisions: 0.15250382878625243
new generation:  3469
Fittest                      42.397151407939205
highest fitness' coverage:   43.922189695801734
highest fitness' collisions: 0.15250382878625252
new generation:  3470
Fittest                      42.39463657607458
highest fitness' coverage:   43.919674863937104
highest fitness' collisions: 0.1525038287862525
new generation:  3471
Fittest                      42.41591011242414
highest fitness' coverage:   43.94094840028667
highest fitness' collisions: 0.15250382878625257
new generation:  3472
Fittest                      42.41951370639074
highest fitness' coverage:   43.944347820458795
highest fitness' collisions: 0.1524834114068058
new generation:  3473
Fittest                      42.40427675523839
highest fitness' coverage:   43.92911086930645
highest fitness' collisions: 0.15248341140680574
new generation:  3474
Fittest                      42.42876119558516
highest fitness' coverage:   43.953991587687476
highest fitness' collisions: 0.15252303921023136
new generation:  3475
Fittest                      42.39567720131897
highest fitness' coverage:   43.91623024200841
highest fitness' collisions: 0.15205530406894407
new generation:  3476
Fittest                      42.390003760597004
highest fitness' coverage:   43.91055680128645
highest fitness' collisions: 0.15205530406894402
new generation:  3477
Fittest                      42.396778466112586
highest fitness' coverage:   43.91323861752858
highest fitness' collisions: 0.1516460151415992
new generation:  3478
Fittest                      42.43104254452384
highest fitness' coverage:   43.94750269593983
highest fitness' collisions: 0.15164601514159912
new generation:  3479
Fittest                      42.390989172415416
highest fitness' coverage:   43.90675680151265
highest fitness' collisions: 0.1515767629097235
new generation:  3480
Fittest                      42.39433209402229
highest fitness' coverage:   43.91009972311952
highest fitness' collisions: 0.1515767629097235
new generation:  3481
Fittest                      42.39715890230991
highest fitness' coverage:   43.912926531407145
highest fitness' collisions: 0.15157676290972355
new generation:  3482
Fittest                      42.41590457211302
highest fitness' coverage:   43.931672201210255
highest fitness' collisions: 0.15157676290972338
new generation:  3483
Fittest                      42.39785295787372
highest fitness' coverage:   43.89458706448721
highest fitness' collisions: 0.14967341066134937
new generation:  3484
Fittest                      42.419679324053895
highest fitness' coverage:   43.91641343066739
highest fitness' collisions: 0.14967341066134932
new generation:  3485
Fittest                      42.422205590493775
highest fitness' coverage:   43.91893969710727
highest fitness' collisions: 0.14967341066134923
new generation:  3486
Fittest                      42.41657993002138
highest fitness' coverage:   43.91967497111346
highest fitness' collisions: 0.15030950410920838
new generation:  3487
Fittest                      42.42346983432317
highest fitness' coverage:   43.92656487541525
highest fitness' collisions: 0.15030950410920835
new generation:  3488
Fittest                      42.42494246074138
highest fitness' coverage:   43.91969771846033
highest fitness' collisions: 0.14947552577189477
new generation:  3489
Fittest                      42.431127929799736
highest fitness' coverage:   43.925883187518686
highest fitness' collisions: 0.14947552577189469
new generation:  3490
Fittest                      42.43427542381598
highest fitness' coverage:   43.92903068153493
highest fitness' collisions: 0.1494755257718947
new generation:  3491
Fittest                      42.433675147378935
highest fitness' coverage:   43.92843040509788
highest fitness' collisions: 0.14947552577189463
new generation:  3492
Fittest                      42.42466737136475
highest fitness' coverage:   43.9194226290837
highest fitness' collisions: 0.14947552577189469
new generation:  3493
Fittest                      42.440448146658746
highest fitness' coverage:   43.93221800898157
highest fitness' collisions: 0.14917698623228237
new generation:  3494
Fittest                      42.45754976927125
highest fitness' coverage:   43.94738920096217
highest fitness' collisions: 0.1489839431690918
new generation:  3495
Fittest                      42.428890984069376
highest fitness' coverage:   43.922212953401996
highest fitness' collisions: 0.1493321969332622
new generation:  3496
Fittest                      42.45243818460373
highest fitness' coverage:   43.92858252772006
highest fitness' collisions: 0.14761443431163287
new generation:  3497
Fittest                      42.446266728376095
highest fitness' coverage:   43.92241107149243
highest fitness' collisions: 0.14761443431163285
new generation:  3498
Fittest                      42.47161490558144
highest fitness' coverage:   43.95658098133368
highest fitness' collisions: 0.148496607575224
new generation:  3499
Fittest                      42.45646658001739
highest fitness' coverage:   43.94143265576963
highest fitness' collisions: 0.148496607575224
new generation:  3500
Fittest                      42.431920517136
highest fitness' coverage:   43.91688659288824
highest fitness' collisions: 0.1484966075752241
new generation:  3501
Fittest                      42.42236433340005
highest fitness' coverage:   43.90733040915229
highest fitness' collisions: 0.14849660757522404
new generation:  3502
Fittest                      42.431181313968544
highest fitness' coverage:   43.916147389720784
highest fitness' collisions: 0.148496607575224
new generation:  3503
Fittest                      42.43403642190441
highest fitness' coverage:   43.91900249765665
highest fitness' collisions: 0.14849660757522407
new generation:  3504
Fittest                      42.43426941290106
highest fitness' coverage:   43.9192354886533
highest fitness' collisions: 0.14849660757522395
new generation:  3505
Fittest                      42.44499064389889
highest fitness' coverage:   43.91924152659875
highest fitness' collisions: 0.1474250882699866
new generation:  3506
Fittest                      42.4418993130045
highest fitness' coverage:   43.91615019570436
highest fitness' collisions: 0.14742508826998663
new generation:  3507
Fittest                      42.45472400269
highest fitness' coverage:   43.92897488538986
highest fitness' collisions: 0.14742508826998652
new generation:  3508
Fittest                      42.44525300036024
highest fitness' coverage:   43.9195038830601
highest fitness' collisions: 0.1474250882699865
new generation:  3509
Fittest                      42.4576245646257
highest fitness' coverage:   43.93187544732556
highest fitness' collisions: 0.1474250882699865
new generation:  3510
Fittest                      42.442281781208
highest fitness' coverage:   43.935064694306504
highest fitness' collisions: 0.14927829130985043
new generation:  3511
Fittest                      42.439826350006314
highest fitness' coverage:   43.932609263104816
highest fitness' collisions: 0.1492782913098502
new generation:  3512
Fittest                      42.40175398891284
highest fitness' coverage:   43.89453690201134
highest fitness' collisions: 0.14927829130985043
new generation:  3513
Fittest                      42.434065711053435
highest fitness' coverage:   43.91580221969179
highest fitness' collisions: 0.1481736508638358
new generation:  3514
Fittest                      42.46911302486644
highest fitness' coverage:   43.950849533504794
highest fitness' collisions: 0.14817365086383577
new generation:  3515
Fittest                      42.431884799563676
highest fitness' coverage:   43.91362130820203
highest fitness' collisions: 0.14817365086383594
new generation:  3516
Fittest                      42.443430735310066
highest fitness' coverage:   43.92516724394842
highest fitness' collisions: 0.14817365086383585
new generation:  3517
Fittest                      42.43177943383689
highest fitness' coverage:   43.91351594247524
highest fitness' collisions: 0.14817365086383588
new generation:  3518
Fittest                      42.42851035384941
highest fitness' coverage:   43.9257350286769
highest fitness' collisions: 0.14972246748274834
new generation:  3519
Fittest                      42.42806310656781
highest fitness' coverage:   43.9252877813953
highest fitness' collisions: 0.14972246748274845
new generation:  3520
Fittest                      42.422255659950345
highest fitness' coverage:   43.91948033477783
highest fitness' collisions: 0.14972246748274826
new generation:  3521
Fittest                      42.4223174991087
highest fitness' coverage:   43.919542173936186
highest fitness' collisions: 0.14972246748274828
new generation:  3522
Fittest                      42.42864508519163
highest fitness' coverage:   43.92586976001912
highest fitness' collisions: 0.1497224674827483
new generation:  3523
Fittest                      42.43785744278422
highest fitness' coverage:   43.93508211761171
highest fitness' collisions: 0.14972246748274842
new generation:  3524
Fittest                      42.435113895676416
highest fitness' coverage:   43.9323385705039
highest fitness' collisions: 0.1497224674827483
new generation:  3525
Fittest                      42.44421157932001
highest fitness' coverage:   43.9414362541475
highest fitness' collisions: 0.1497224674827483
new generation:  3526
Fittest                      42.429004999926846
highest fitness' coverage:   43.92622967475433
highest fitness' collisions: 0.14972246748274828
new generation:  3527
Fittest                      42.453247154666215
highest fitness' coverage:   43.9504718294937
highest fitness' collisions: 0.1497224674827483
new generation:  3528
Fittest                      42.4214397510514
highest fitness' coverage:   43.91974311893544
highest fitness' collisions: 0.1498303367884039
new generation:  3529
Fittest                      42.43057209471063
highest fitness' coverage:   43.92887546259466
highest fitness' collisions: 0.14983033678840377
new generation:  3530
Fittest                      42.42486632998286
highest fitness' coverage:   43.91993376129761
highest fitness' collisions: 0.14950674313147427
new generation:  3531
Fittest                      42.44406696334727
highest fitness' coverage:   43.94099648179868
highest fitness' collisions: 0.1496929518451406
new generation:  3532
Fittest                      42.42260543605515
highest fitness' coverage:   43.91953495450655
highest fitness' collisions: 0.14969295184514056
new generation:  3533
Fittest                      42.44765768352041
highest fitness' coverage:   43.944587201971814
highest fitness' collisions: 0.14969295184514042
new generation:  3534
Fittest                      42.428335586097624
highest fitness' coverage:   43.92526510454903
highest fitness' collisions: 0.1496929518451405
new generation:  3535
Fittest                      42.44092863844559
highest fitness' coverage:   43.93785815689699
highest fitness' collisions: 0.14969295184514045
new generation:  3536
Fittest                      42.4257697109485
highest fitness' coverage:   43.9226992293999
highest fitness' collisions: 0.1496929518451405
new generation:  3537
Fittest                      42.439621732475864
highest fitness' coverage:   43.94186009536958
highest fitness' collisions: 0.15022383628937153
new generation:  3538
Fittest                      42.41111770052216
highest fitness' coverage:   43.913356063415875
highest fitness' collisions: 0.15022383628937147
new generation:  3539
Fittest                      42.435563107416364
highest fitness' coverage:   43.93780147031008
highest fitness' collisions: 0.1502238362893714
new generation:  3540
Fittest                      42.44010997551447
highest fitness' coverage:   43.94193146902471
highest fitness' collisions: 0.15018214935102442
new generation:  3541
Fittest                      42.437805700271845
highest fitness' coverage:   43.950818074357166
highest fitness' collisions: 0.15130123740853177
new generation:  3542
Fittest                      42.440831655550205
highest fitness' coverage:   43.95384402963552
highest fitness' collisions: 0.15130123740853155
new generation:  3543
Fittest                      42.41238022831506
highest fitness' coverage:   43.92539260240037
highest fitness' collisions: 0.15130123740853155
new generation:  3544
Fittest                      42.412488045100666
highest fitness' coverage:   43.92550041918598
highest fitness' collisions: 0.1513012374085316
new generation:  3545
Fittest                      42.410034801210244
highest fitness' coverage:   43.92304717529556
highest fitness' collisions: 0.1513012374085315
new generation:  3546
Fittest                      42.41870494680299
highest fitness' coverage:   43.9317173208883
highest fitness' collisions: 0.15130123740853163
new generation:  3547
Fittest                      42.437292253451304
highest fitness' coverage:   43.95030462753662
highest fitness' collisions: 0.15130123740853155
new generation:  3548
Fittest                      42.41750971027865
highest fitness' coverage:   43.92270369940254
highest fitness' collisions: 0.15051939891238894
new generation:  3549
Fittest                      42.42996934645355
highest fitness' coverage:   43.935163335577435
highest fitness' collisions: 0.15051939891238877
new generation:  3550
Fittest                      42.40478390318801
highest fitness' coverage:   43.9099778923119
highest fitness' collisions: 0.15051939891238877
new generation:  3551
Fittest                      42.435681795155915
highest fitness' coverage:   43.940875784279804
highest fitness' collisions: 0.15051939891238875
new generation:  3552
Fittest                      42.38706004314517
highest fitness' coverage:   43.89225403226906
highest fitness' collisions: 0.15051939891238889
new generation:  3553
Fittest                      42.405297711377784
highest fitness' coverage:   43.91049170050167
highest fitness' collisions: 0.1505193989123888
new generation:  3554
Fittest                      42.44294518706691
highest fitness' coverage:   43.956859672623395
highest fitness' collisions: 0.15139144855564865
new generation:  3555
Fittest                      42.41449373282285
highest fitness' coverage:   43.92840821837933
highest fitness' collisions: 0.15139144855564868
new generation:  3556
Fittest                      42.39948017670383
highest fitness' coverage:   43.913394662260316
highest fitness' collisions: 0.15139144855564854
new generation:  3557
Fittest                      42.42064569901421
highest fitness' coverage:   43.93456018457069
highest fitness' collisions: 0.15139144855564862
new generation:  3558
Fittest                      42.42752668187436
highest fitness' coverage:   43.941441167430845
highest fitness' collisions: 0.15139144855564857
new generation:  3559
Fittest                      42.41782749949214
highest fitness' coverage:   43.931741985048625
highest fitness' collisions: 0.1513914485556486
new generation:  3560
Fittest                      42.41777046697906
highest fitness' coverage:   43.93168495253554
highest fitness' collisions: 0.1513914485556486
new generation:  3561
Fittest                      42.39867121195805
highest fitness' coverage:   43.91338002574926
highest fitness' collisions: 0.15147088137912093
new generation:  3562
Fittest                      42.40498451653749
highest fitness' coverage:   43.9196933303287
highest fitness' collisions: 0.15147088137912104
new generation:  3563
Fittest                      42.40477403820991
highest fitness' coverage:   43.91948285200112
highest fitness' collisions: 0.15147088137912104
new generation:  3564
Fittest                      42.41356341753623
highest fitness' coverage:   43.92827223132744
highest fitness' collisions: 0.15147088137912096
new generation:  3565
Fittest                      42.414942313704714
highest fitness' coverage:   43.931593853085715
highest fitness' collisions: 0.15166515393810023
new generation:  3566
Fittest                      42.39670562564827
highest fitness' coverage:   43.913357165029275
highest fitness' collisions: 0.1516651539381004
new generation:  3567
Fittest                      42.415187648159
highest fitness' coverage:   43.93183918754
highest fitness' collisions: 0.15166515393810032
new generation:  3568
Fittest                      42.41185549970175
highest fitness' coverage:   43.92850703908275
highest fitness' collisions: 0.15166515393810037
new generation:  3569
Fittest                      42.39046579333458
highest fitness' coverage:   43.90711733271558
highest fitness' collisions: 0.15166515393810032
new generation:  3570
Fittest                      42.4083582336298
highest fitness' coverage:   43.9250097730108
highest fitness' collisions: 0.15166515393810046
new generation:  3571
Fittest                      42.41167452726181
highest fitness' coverage:   43.92832606664281
highest fitness' collisions: 0.1516651539381004
new generation:  3572
Fittest                      42.40615383093549
highest fitness' coverage:   43.92280537031649
highest fitness' collisions: 0.1516651539381003
new generation:  3573
Fittest                      42.4463749126722
highest fitness' coverage:   43.9630264520532
highest fitness' collisions: 0.15166515393810026
new generation:  3574
Fittest                      42.415151239647436
highest fitness' coverage:   43.93180277902844
highest fitness' collisions: 0.1516651539381004
new generation:  3575
Fittest                      42.399963160236425
highest fitness' coverage:   43.916614699617426
highest fitness' collisions: 0.15166515393810034
new generation:  3576
Fittest                      42.40275626824953
highest fitness' coverage:   43.919407807630535
highest fitness' collisions: 0.1516651539381004
new generation:  3577
Fittest                      42.40276781125916
highest fitness' coverage:   43.91941935064016
highest fitness' collisions: 0.1516651539381004
new generation:  3578
Fittest                      42.427759923380165
highest fitness' coverage:   43.94441146276117
highest fitness' collisions: 0.15166515393810037
new generation:  3579
Fittest                      42.418313257424344
highest fitness' coverage:   43.934964796805346
highest fitness' collisions: 0.1516651539381004
new generation:  3580
Fittest                      42.40340116433815
highest fitness' coverage:   43.92005270371915
highest fitness' collisions: 0.15166515393810046
new generation:  3581
Fittest                      42.412140479686656
highest fitness' coverage:   43.92879201906766
highest fitness' collisions: 0.1516651539381003
new generation:  3582
Fittest                      42.446526435042095
highest fitness' coverage:   44.077118603076606
highest fitness' collisions: 0.16305921680345137
new generation:  3583
Fittest                      42.461795070894645
highest fitness' coverage:   44.092387238929156
highest fitness' collisions: 0.1630592168034514
new generation:  3584
Fittest                      42.47113191602148
highest fitness' coverage:   44.10172408405599
highest fitness' collisions: 0.16305921680345134
new generation:  3585
Fittest                      42.46839672100026
highest fitness' coverage:   44.09898888903477
highest fitness' collisions: 0.1630592168034513
new generation:  3586
Fittest                      42.453202949083824
highest fitness' coverage:   44.083795117118335
highest fitness' collisions: 0.1630592168034512
new generation:  3587
Fittest                      42.45763665584114
highest fitness' coverage:   44.08596854976846
highest fitness' collisions: 0.16283318939273156
new generation:  3588
Fittest                      42.47043153417733
highest fitness' coverage:   44.09876342810465
highest fitness' collisions: 0.16283318939273164
new generation:  3589
Fittest                      42.47658369175163
highest fitness' coverage:   44.104915585678945
highest fitness' collisions: 0.16283318939273161
new generation:  3590
Fittest                      42.457273057915984
highest fitness' coverage:   44.08915308573564
highest fitness' collisions: 0.1631880027819652
new generation:  3591
Fittest                      42.45108029474464
highest fitness' coverage:   44.0829603225643
highest fitness' collisions: 0.16318800278196516
new generation:  3592
Fittest                      42.45114650668665
highest fitness' coverage:   44.0830265345063
highest fitness' collisions: 0.16318800278196527
new generation:  3593
Fittest                      42.46381996316803
highest fitness' coverage:   44.09569999098768
highest fitness' collisions: 0.16318800278196527
new generation:  3594
Fittest                      42.45461593255781
highest fitness' coverage:   44.086495960377455
highest fitness' collisions: 0.16318800278196507
new generation:  3595
Fittest                      42.45106914900178
highest fitness' coverage:   44.08294917682144
highest fitness' collisions: 0.1631880027819652
new generation:  3596
Fittest                      42.45449394024202
highest fitness' coverage:   44.086373968061665
highest fitness' collisions: 0.16318800278196513
new generation:  3597
Fittest                      42.453714972194376
highest fitness' coverage:   44.08559500001403
highest fitness' collisions: 0.1631880027819652
new generation:  3598
Fittest                      42.47354182353313
highest fitness' coverage:   44.10542185135279
highest fitness' collisions: 0.16318800278196516
new generation:  3599
Fittest                      42.45171437449625
highest fitness' coverage:   44.0835944023159
highest fitness' collisions: 0.1631880027819652
new generation:  3600
Fittest                      42.47914812620948
highest fitness' coverage:   44.111028154029135
highest fitness' collisions: 0.16318800278196524
new generation:  3601
Fittest                      42.45282319695411
highest fitness' coverage:   44.092521609735186
highest fitness' collisions: 0.1639698412781079
new generation:  3602
Fittest                      42.4588706816616
highest fitness' coverage:   44.09856909444268
highest fitness' collisions: 0.16396984127810796
new generation:  3603
Fittest                      42.45606466260815
highest fitness' coverage:   44.09576307538923
highest fitness' collisions: 0.16396984127810793
new generation:  3604
Fittest                      42.45918770371639
highest fitness' coverage:   44.09888611649747
highest fitness' collisions: 0.16396984127810776
new generation:  3605
Fittest                      42.449378204040755
highest fitness' coverage:   44.089076616821835
highest fitness' collisions: 0.16396984127810793
new generation:  3606
Fittest                      42.44671238301215
highest fitness' coverage:   44.08641079579323
highest fitness' collisions: 0.16396984127810793
new generation:  3607
Fittest                      42.43994839496306
highest fitness' coverage:   44.07964680774414
highest fitness' collisions: 0.16396984127810804
new generation:  3608
Fittest                      42.465420932439976
highest fitness' coverage:   44.105119345221055
highest fitness' collisions: 0.1639698412781078
new generation:  3609
Fittest                      42.461881603838876
highest fitness' coverage:   44.101580016619955
highest fitness' collisions: 0.16396984127810782
new generation:  3610
Fittest                      42.461666294103146
highest fitness' coverage:   44.101364706884226
highest fitness' collisions: 0.16396984127810796
new generation:  3611
Fittest                      42.462317948265145
highest fitness' coverage:   44.09240328926123
highest fitness' collisions: 0.1630085340996082
new generation:  3612
Fittest                      42.470004729159875
highest fitness' coverage:   44.09271665973537
highest fitness' collisions: 0.16227119305754956
new generation:  3613
Fittest                      42.46667153616625
highest fitness' coverage:   44.08938346674175
highest fitness' collisions: 0.16227119305754956
new generation:  3614
Fittest                      42.49187795520062
highest fitness' coverage:   44.11458988577611
highest fitness' collisions: 0.16227119305754947
new generation:  3615
Fittest                      42.457352324608166
highest fitness' coverage:   44.080064255183665
highest fitness' collisions: 0.16227119305754953
new generation:  3616
Fittest                      42.485225811344165
highest fitness' coverage:   44.10793774191966
highest fitness' collisions: 0.16227119305754975
new generation:  3617
Fittest                      42.46368838117778
highest fitness' coverage:   44.08640031175328
highest fitness' collisions: 0.16227119305754958
new generation:  3618
Fittest                      42.47798635050648
highest fitness' coverage:   44.10161706843407
highest fitness' collisions: 0.1623630717927587
new generation:  3619
Fittest                      42.468982570672736
highest fitness' coverage:   44.092613288600326
highest fitness' collisions: 0.16236307179275875
new generation:  3620
Fittest                      42.47783248211821
highest fitness' coverage:   44.1014632000458
highest fitness' collisions: 0.16236307179275883
new generation:  3621
Fittest                      42.48450266767405
highest fitness' coverage:   44.10813338560164
highest fitness' collisions: 0.1623630717927586
new generation:  3622
Fittest                      42.47877555735056
highest fitness' coverage:   44.10240627527815
highest fitness' collisions: 0.16236307179275875
new generation:  3623
Fittest                      42.453507191010296
highest fitness' coverage:   44.077137908937885
highest fitness' collisions: 0.16236307179275872
new generation:  3624
Fittest                      42.487308962594504
highest fitness' coverage:   44.110939680522094
highest fitness' collisions: 0.16236307179275883
new generation:  3625
Fittest                      42.46582017925169
highest fitness' coverage:   44.089450897179276
highest fitness' collisions: 0.16236307179275852
new generation:  3626
Fittest                      42.47198088270685
highest fitness' coverage:   44.10215380123843
highest fitness' collisions: 0.16301729185315803
new generation:  3627
Fittest                      42.45286479037694
highest fitness' coverage:   44.08303770890852
highest fitness' collisions: 0.16301729185315805
new generation:  3628
Fittest                      42.4435815557303
highest fitness' coverage:   44.09291726895479
highest fitness' collisions: 0.16493357132244924
new generation:  3629
Fittest                      42.43587060191674
highest fitness' coverage:   44.08392586622291
highest fitness' collisions: 0.16480552643061702
new generation:  3630
Fittest                      42.46336842796747
highest fitness' coverage:   44.11142369227364
highest fitness' collisions: 0.164805526430617
new generation:  3631
Fittest                      42.48183798816374
highest fitness' coverage:   44.12989325246991
highest fitness' collisions: 0.164805526430617
new generation:  3632
Fittest                      42.44815290558843
highest fitness' coverage:   44.096208169894595
highest fitness' collisions: 0.1648055264306169
new generation:  3633
Fittest                      42.44148549093083
highest fitness' coverage:   44.089540755237
highest fitness' collisions: 0.16480552643061697
new generation:  3634
Fittest                      42.457102993210555
highest fitness' coverage:   44.10515825751673
highest fitness' collisions: 0.16480552643061705
new generation:  3635
Fittest                      42.45759424786141
highest fitness' coverage:   44.10564951216758
highest fitness' collisions: 0.16480552643061694
new generation:  3636
Fittest                      42.45103554996513
highest fitness' coverage:   44.0990908142713
highest fitness' collisions: 0.16480552643061705
new generation:  3637
Fittest                      42.442001599873905
highest fitness' coverage:   44.09005686418008
highest fitness' collisions: 0.164805526430617
new generation:  3638
Fittest                      42.447613315942846
highest fitness' coverage:   44.09566858024902
highest fitness' collisions: 0.16480552643061705
new generation:  3639
Fittest                      42.45823184332941
highest fitness' coverage:   44.1056845480495
highest fitness' collisions: 0.16474527047200954
new generation:  3640
Fittest                      42.44605078127897
highest fitness' coverage:   44.111561965397605
highest fitness' collisions: 0.16655111841186357
new generation:  3641
Fittest                      42.44128123599867
highest fitness' coverage:   44.117507613169685
highest fitness' collisions: 0.16762263771710115
new generation:  3642
Fittest                      42.41396731646623
highest fitness' coverage:   44.09019369363724
highest fitness' collisions: 0.16762263771710129
new generation:  3643
Fittest                      42.42896523736589
highest fitness' coverage:   44.1051916145369
highest fitness' collisions: 0.16762263771710126
new generation:  3644
Fittest                      42.432248900531405
highest fitness' coverage:   44.10847527770242
highest fitness' collisions: 0.1676226377171013
new generation:  3645
Fittest                      42.41358330277884
highest fitness' coverage:   44.08980967994985
highest fitness' collisions: 0.16762263771710129
new generation:  3646
Fittest                      42.42682744262495
highest fitness' coverage:   44.10202343367552
highest fitness' collisions: 0.16751959910505712
new generation:  3647
Fittest                      42.411509493969625
highest fitness' coverage:   44.0867054850202
highest fitness' collisions: 0.1675195991050572
new generation:  3648
Fittest                      42.429954435292956
highest fitness' coverage:   44.10515042634353
highest fitness' collisions: 0.16751959910505718
new generation:  3649
Fittest                      42.42700904591771
highest fitness' coverage:   44.10220503696828
highest fitness' collisions: 0.16751959910505698
new generation:  3650
Fittest                      42.417551477229104
highest fitness' coverage:   44.092747468279676
highest fitness' collisions: 0.16751959910505712
new generation:  3651
Fittest                      42.420898528458814
highest fitness' coverage:   44.096094519509386
highest fitness' collisions: 0.16751959910505704
new generation:  3652
Fittest                      42.4176047541176
highest fitness' coverage:   44.09280074516817
highest fitness' collisions: 0.16751959910505715
new generation:  3653
Fittest                      42.45538542491543
highest fitness' coverage:   44.130581415966
highest fitness' collisions: 0.16751959910505698
new generation:  3654
Fittest                      42.435472263037326
highest fitness' coverage:   44.09565871799109
highest fitness' collisions: 0.1660186454953769
new generation:  3655
Fittest                      42.44266172847739
highest fitness' coverage:   44.10201641966005
highest fitness' collisions: 0.16593546911826662
new generation:  3656
Fittest                      42.43664383812007
highest fitness' coverage:   44.08963759482415
highest fitness' collisions: 0.1652993756704076
new generation:  3657
Fittest                      42.44901342586527
highest fitness' coverage:   44.102007182569345
highest fitness' collisions: 0.16529937567040756
new generation:  3658
Fittest                      42.45901939928627
highest fitness' coverage:   44.09644107426663
highest fitness' collisions: 0.16374216749803602
new generation:  3659
Fittest                      42.455012748320364
highest fitness' coverage:   44.09243442330072
highest fitness' collisions: 0.1637421674980359
new generation:  3660
Fittest                      42.473840064276686
highest fitness' coverage:   44.117194534377205
highest fitness' collisions: 0.16433544701005207
new generation:  3661
Fittest                      42.44004987156691
highest fitness' coverage:   44.08340434166743
highest fitness' collisions: 0.1643354470100522
new generation:  3662
Fittest                      42.48059695014
highest fitness' coverage:   44.123951420240516
highest fitness' collisions: 0.16433544701005204
new generation:  3663
Fittest                      42.45752111066845
highest fitness' coverage:   44.10205047832391
highest fitness' collisions: 0.16445293676554604
new generation:  3664
Fittest                      42.433897758241876
highest fitness' coverage:   44.08019923069985
highest fitness' collisions: 0.1646301472457969
new generation:  3665
Fittest                      42.448527489065214
highest fitness' coverage:   44.09926642964415
highest fitness' collisions: 0.16507389405789397
new generation:  3666
Fittest                      42.46074016082256
highest fitness' coverage:   44.1114791014015
highest fitness' collisions: 0.16507389405789402
new generation:  3667
Fittest                      42.4584086735817
highest fitness' coverage:   44.10914761416064
highest fitness' collisions: 0.16507389405789388
new generation:  3668
Fittest                      42.44893978265119
highest fitness' coverage:   44.09950494314725
highest fitness' collisions: 0.16505651604960636
new generation:  3669
Fittest                      42.448777748673365
highest fitness' coverage:   44.09934290916943
highest fitness' collisions: 0.1650565160496066
new generation:  3670
Fittest                      42.45897105860127
highest fitness' coverage:   44.11425206176369
highest fitness' collisions: 0.1655281003162424
new generation:  3671
Fittest                      42.43783201672848
highest fitness' coverage:   44.0931130198909
highest fitness' collisions: 0.1655281003162423
new generation:  3672
Fittest                      42.446851840665325
highest fitness' coverage:   44.104736923097605
highest fitness' collisions: 0.16578850824322824
new generation:  3673
Fittest                      42.4337463328796
highest fitness' coverage:   44.101799101853636
highest fitness' collisions: 0.16680527689740385
new generation:  3674
Fittest                      42.43564976109245
highest fitness' coverage:   44.105514767626936
highest fitness' collisions: 0.1669865006534484
new generation:  3675
Fittest                      42.41382374572248
highest fitness' coverage:   44.08368875225697
highest fitness' collisions: 0.16698650065344833
new generation:  3676
Fittest                      42.43815306536681
highest fitness' coverage:   44.1080180719013
highest fitness' collisions: 0.16698650065344842
new generation:  3677
Fittest                      42.442092236625
highest fitness' coverage:   44.11195724315949
highest fitness' collisions: 0.16698650065344836
new generation:  3678
Fittest                      42.4268811610199
highest fitness' coverage:   44.10512390899639
highest fitness' collisions: 0.1678242747976491
new generation:  3679
Fittest                      42.42090360438403
highest fitness' coverage:   44.09914635236052
highest fitness' collisions: 0.16782427479764908
new generation:  3680
Fittest                      42.414680866981165
highest fitness' coverage:   44.092923614957655
highest fitness' collisions: 0.16782427479764925
new generation:  3681
Fittest                      42.420198779569205
highest fitness' coverage:   44.09617736470181
highest fitness' collisions: 0.16759785851326045
new generation:  3682
Fittest                      42.41020864225079
highest fitness' coverage:   44.08618722738339
highest fitness' collisions: 0.16759785851326017
new generation:  3683
Fittest                      42.41047486605279
highest fitness' coverage:   44.08645345118539
highest fitness' collisions: 0.16759785851326028
new generation:  3684
Fittest                      42.43202439824449
highest fitness' coverage:   44.10800298337709
highest fitness' collisions: 0.16759785851326028
new generation:  3685
Fittest                      42.40742936715404
highest fitness' coverage:   44.08340795228664
highest fitness' collisions: 0.16759785851326028
new generation:  3686
Fittest                      42.42050661226887
highest fitness' coverage:   44.09648519740148
highest fitness' collisions: 0.16759785851326026
new generation:  3687
Fittest                      42.42969548986665
highest fitness' coverage:   44.10567407499926
highest fitness' collisions: 0.16759785851326026
new generation:  3688
Fittest                      42.42697749426532
highest fitness' coverage:   44.10919422006756
highest fitness' collisions: 0.16822167258022344
new generation:  3689
Fittest                      42.441472357979094
highest fitness' coverage:   44.12368908378133
highest fitness' collisions: 0.16822167258022358
new generation:  3690
Fittest                      42.41992930822634
highest fitness' coverage:   44.10214603402857
highest fitness' collisions: 0.16822167258022352
new generation:  3691
Fittest                      42.41979615473338
highest fitness' coverage:   44.10201288053562
highest fitness' collisions: 0.1682216725802234
new generation:  3692
Fittest                      42.416924656621745
highest fitness' coverage:   44.09914138242398
highest fitness' collisions: 0.16822167258022347
new generation:  3693
Fittest                      42.42020238830498
highest fitness' coverage:   44.102419114107214
highest fitness' collisions: 0.1682216725802235
new generation:  3694
Fittest                      42.422566560088896
highest fitness' coverage:   44.10478328589113
highest fitness' collisions: 0.1682216725802237
new generation:  3695
Fittest                      42.4061643464709
highest fitness' coverage:   44.034590788360546
highest fitness' collisions: 0.16284264418896424
new generation:  3696
Fittest                      42.41198961567409
highest fitness' coverage:   44.04041605756373
highest fitness' collisions: 0.16284264418896438
new generation:  3697
Fittest                      42.403279882377554
highest fitness' coverage:   44.0317063242672
highest fitness' collisions: 0.1628426441889642
new generation:  3698
Fittest                      42.39960139986989
highest fitness' coverage:   44.02802784175953
highest fitness' collisions: 0.16284264418896427
new generation:  3699
Fittest                      42.40944241277619
highest fitness' coverage:   44.03786885466583
highest fitness' collisions: 0.16284264418896427
new generation:  3700
Fittest                      42.396480732300404
highest fitness' coverage:   44.02490717419005
highest fitness' collisions: 0.16284264418896421
new generation:  3701
Fittest                      42.393116378653716
highest fitness' coverage:   44.02154282054335
highest fitness' collisions: 0.16284264418896405
new generation:  3702
Fittest                      42.412136582899066
highest fitness' coverage:   44.04056302478871
highest fitness' collisions: 0.16284264418896424
new generation:  3703
Fittest                      42.412491336083576
highest fitness' coverage:   44.04091777797322
highest fitness' collisions: 0.16284264418896427
new generation:  3704
Fittest                      42.39343013776359
highest fitness' coverage:   44.01845980188574
highest fitness' collisions: 0.16250296641221498
new generation:  3705
Fittest                      42.42172203530357
highest fitness' coverage:   44.04675169942572
highest fitness' collisions: 0.162502966412215
new generation:  3706
Fittest                      42.415931376093056
highest fitness' coverage:   44.04096104021521
highest fitness' collisions: 0.16250296641221507
new generation:  3707
Fittest                      42.41915951422739
highest fitness' coverage:   44.044189178349534
highest fitness' collisions: 0.1625029664122149
new generation:  3708
Fittest                      42.40013801845756
highest fitness' coverage:   44.02516768257971
highest fitness' collisions: 0.162502966412215
new generation:  3709
Fittest                      42.41871696136137
highest fitness' coverage:   44.04960619051518
highest fitness' collisions: 0.16308892291538082
new generation:  3710
Fittest                      42.384273073867604
highest fitness' coverage:   44.01516230302141
highest fitness' collisions: 0.16308892291538082
new generation:  3711
Fittest                      42.40949904820296
highest fitness' coverage:   44.061767898251794
highest fitness' collisions: 0.16522688500488317
new generation:  3712
Fittest                      42.38493032809919
highest fitness' coverage:   44.03719917814802
highest fitness' collisions: 0.1652268850048831
new generation:  3713
Fittest                      42.38544574723104
highest fitness' coverage:   44.043333937746915
highest fitness' collisions: 0.16578881905158782
new generation:  3714
Fittest                      42.36367398163256
highest fitness' coverage:   44.021562172148435
highest fitness' collisions: 0.16578881905158777
new generation:  3715
Fittest                      42.38611808222533
highest fitness' coverage:   44.04400627274121
highest fitness' collisions: 0.16578881905158782
new generation:  3716
Fittest                      42.36682574897175
highest fitness' coverage:   44.024713939487626
highest fitness' collisions: 0.1657888190515878
new generation:  3717
Fittest                      42.3734230765042
highest fitness' coverage:   44.03131126702008
highest fitness' collisions: 0.16578881905158785
new generation:  3718
Fittest                      42.37064427634596
highest fitness' coverage:   44.02853246686184
highest fitness' collisions: 0.1657888190515879
new generation:  3719
Fittest                      42.36186210676458
highest fitness' coverage:   44.031101971363384
highest fitness' collisions: 0.16692398645988005
new generation:  3720
Fittest                      42.38049405466287
highest fitness' coverage:   44.028354298366644
highest fitness' collisions: 0.16478602437037776
new generation:  3721
Fittest                      42.410821240385964
highest fitness' coverage:   44.033828648666216
highest fitness' collisions: 0.16230074082802495
new generation:  3722
Fittest                      42.38255747055642
highest fitness' coverage:   44.00556487883667
highest fitness' collisions: 0.1623007408280249
new generation:  3723
Fittest                      42.38566679251209
highest fitness' coverage:   44.00867420079234
highest fitness' collisions: 0.16230074082802498
new generation:  3724
Fittest                      42.395159284376504
highest fitness' coverage:   44.018166692656756
highest fitness' collisions: 0.16230074082802484
new generation:  3725
Fittest                      42.40419182288706
highest fitness' coverage:   44.02719923116731
highest fitness' collisions: 0.16230074082802493
new generation:  3726
Fittest                      42.38892118752053
highest fitness' coverage:   44.01192859580078
highest fitness' collisions: 0.16230074082802495
new generation:  3727
Fittest                      42.40067784119951
highest fitness' coverage:   44.023685249479755
highest fitness' collisions: 0.16230074082802481
new generation:  3728
Fittest                      42.410099507946214
highest fitness' coverage:   44.03619721165898
highest fitness' collisions: 0.16260977037127625
new generation:  3729
Fittest                      42.39191667162601
highest fitness' coverage:   44.018014375338765
highest fitness' collisions: 0.16260977037127625
new generation:  3730
Fittest                      42.404977409058674
highest fitness' coverage:   44.03107511277144
highest fitness' collisions: 0.1626097703712763
new generation:  3731
Fittest                      42.40105955152762
highest fitness' coverage:   44.027157255240375
highest fitness' collisions: 0.16260977037127616
new generation:  3732
Fittest                      42.38149706853591
highest fitness' coverage:   44.0059551968609
highest fitness' collisions: 0.1624458128324996
new generation:  3733
Fittest                      42.41378874542948
highest fitness' coverage:   44.05867448758225
highest fitness' collisions: 0.16448857421527763
new generation:  3734
Fittest                      42.3824786959256
highest fitness' coverage:   44.02736443807837
highest fitness' collisions: 0.16448857421527766
new generation:  3735
Fittest                      42.36368774045905
highest fitness' coverage:   44.00857348261182
highest fitness' collisions: 0.16448857421527763
new generation:  3736
Fittest                      42.37630778329119
highest fitness' coverage:   44.02119352544397
highest fitness' collisions: 0.1644885742152778
new generation:  3737
Fittest                      42.36464401763327
highest fitness' coverage:   43.990331174098024
highest fitness' collisions: 0.16256871564647546
new generation:  3738
Fittest                      42.40183569844062
highest fitness' coverage:   44.02752285490538
highest fitness' collisions: 0.16256871564647576
new generation:  3739
Fittest                      42.4326457424658
highest fitness' coverage:   44.05833289893056
highest fitness' collisions: 0.1625687156464756
new generation:  3740
Fittest                      42.39598522978597
highest fitness' coverage:   44.02167238625073
highest fitness' collisions: 0.16256871564647563
new generation:  3741
Fittest                      42.389092334562825
highest fitness' coverage:   44.01477949102758
highest fitness' collisions: 0.16256871564647576
new generation:  3742
Fittest                      42.40183836914737
highest fitness' coverage:   44.02752552561213
highest fitness' collisions: 0.16256871564647568
new generation:  3743
Fittest                      42.39246132885115
highest fitness' coverage:   44.018148485315905
highest fitness' collisions: 0.1625687156464757
new generation:  3744
Fittest                      42.40178695794717
highest fitness' coverage:   44.02747411441192
highest fitness' collisions: 0.16256871564647565
new generation:  3745
Fittest                      42.38019059964778
highest fitness' coverage:   44.00587775611254
highest fitness' collisions: 0.16256871564647563
new generation:  3746
Fittest                      42.3983939687946
highest fitness' coverage:   44.02408112525936
highest fitness' collisions: 0.16256871564647557
new generation:  3747
Fittest                      42.43441632893676
highest fitness' coverage:   44.03954694663961
highest fitness' collisions: 0.1605130617702849
new generation:  3748
Fittest                      42.41986544375238
highest fitness' coverage:   44.02467983368921
highest fitness' collisions: 0.16048143899368333
new generation:  3749
Fittest                      42.428985052731136
highest fitness' coverage:   44.03379944266797
highest fitness' collisions: 0.16048143899368308
new generation:  3750
Fittest                      42.422460539061376
highest fitness' coverage:   44.02727492899821
highest fitness' collisions: 0.1604814389936833
new generation:  3751
Fittest                      42.41279350905232
highest fitness' coverage:   44.017607898989155
highest fitness' collisions: 0.1604814389936832
new generation:  3752
Fittest                      42.426220507806214
highest fitness' coverage:   44.03103489774305
highest fitness' collisions: 0.16048143899368328
new generation:  3753
Fittest                      42.425709115446566
highest fitness' coverage:   44.0305235053834
highest fitness' collisions: 0.1604814389936833
new generation:  3754
Fittest                      42.42551892007777
highest fitness' coverage:   44.0303333100146
highest fitness' collisions: 0.160481438993683
new generation:  3755
Fittest                      42.425643538086284
highest fitness' coverage:   44.03045792802312
highest fitness' collisions: 0.16048143899368322
new generation:  3756
Fittest                      42.40729195679364
highest fitness' coverage:   44.01210634673048
highest fitness' collisions: 0.16048143899368342
new generation:  3757
Fittest                      42.41431067216491
highest fitness' coverage:   44.021372140414385
highest fitness' collisions: 0.16070614682494797
new generation:  3758
Fittest                      42.42652248837749
highest fitness' coverage:   44.03358395662698
highest fitness' collisions: 0.16070614682494824
new generation:  3759
Fittest                      42.41764462696982
highest fitness' coverage:   44.0247060952193
highest fitness' collisions: 0.1607061468249481
new generation:  3760
Fittest                      42.40769587536699
highest fitness' coverage:   44.02038075686838
highest fitness' collisions: 0.16126848815013842
new generation:  3761
Fittest                      42.40489323237014
highest fitness' coverage:   44.01757811387153
highest fitness' collisions: 0.1612684881501385
new generation:  3762
Fittest                      42.439929870982
highest fitness' coverage:   44.052614752483386
highest fitness' collisions: 0.16126848815013836
new generation:  3763
Fittest                      42.421139709826704
highest fitness' coverage:   44.033824591328084
highest fitness' collisions: 0.16126848815013833
new generation:  3764
Fittest                      42.407811614609834
highest fitness' coverage:   44.02774085571197
highest fitness' collisions: 0.1619929241102134
new generation:  3765
Fittest                      42.422919774836004
highest fitness' coverage:   44.0399325005885
highest fitness' collisions: 0.1617012725752495
new generation:  3766
Fittest                      42.41396099386511
highest fitness' coverage:   44.030973719617606
highest fitness' collisions: 0.16170127257524955
new generation:  3767
Fittest                      42.40124864505533
highest fitness' coverage:   44.01826137080783
highest fitness' collisions: 0.16170127257524947
new generation:  3768
Fittest                      42.39802189841525
highest fitness' coverage:   44.01503462416775
highest fitness' collisions: 0.1617012725752495
new generation:  3769
Fittest                      42.39506325260742
highest fitness' coverage:   44.01207597835992
highest fitness' collisions: 0.16170127257524958
new generation:  3770
Fittest                      42.41333497781002
highest fitness' coverage:   44.03034770356251
highest fitness' collisions: 0.16170127257524944
new generation:  3771
Fittest                      42.3892521020556
highest fitness' coverage:   44.006264827808096
highest fitness' collisions: 0.16170127257524958
new generation:  3772
Fittest                      42.42935068790793
highest fitness' coverage:   44.04636341366042
highest fitness' collisions: 0.16170127257524955
new generation:  3773
Fittest                      42.40423601053152
highest fitness' coverage:   44.021248736284015
highest fitness' collisions: 0.16170127257524958
new generation:  3774
Fittest                      42.39487130285229
highest fitness' coverage:   44.01188402860478
highest fitness' collisions: 0.1617012725752496
new generation:  3775
Fittest                      42.39795460922889
highest fitness' coverage:   44.014967334981385
highest fitness' collisions: 0.16170127257524955
new generation:  3776
Fittest                      42.438279985363415
highest fitness' coverage:   44.05539705864231
highest fitness' collisions: 0.16171170732789003
new generation:  3777
Fittest                      42.416530121313556
highest fitness' coverage:   44.033647194592454
highest fitness' collisions: 0.16171170732788978
new generation:  3778
Fittest                      42.39516831591201
highest fitness' coverage:   44.01228538919091
highest fitness' collisions: 0.16171170732788992
new generation:  3779
Fittest                      42.38271312660783
highest fitness' coverage:   43.99983019988673
highest fitness' collisions: 0.16171170732789
new generation:  3780
Fittest                      42.42927357173164
highest fitness' coverage:   44.04639064501054
highest fitness' collisions: 0.16171170732788978
new generation:  3781
Fittest                      42.40838673446474
highest fitness' coverage:   44.25188554864029
highest fitness' collisions: 0.18434988141755448
new generation:  3782
Fittest                      42.47563437644673
highest fitness' coverage:   44.313882948500975
highest fitness' collisions: 0.18382485720542446
new generation:  3783
Fittest                      42.47895150670617
highest fitness' coverage:   44.31720007876041
highest fitness' collisions: 0.18382485720542435
new generation:  3784
Fittest                      42.47268074857979
highest fitness' coverage:   44.31092932063403
highest fitness' collisions: 0.1838248572054244
new generation:  3785
Fittest                      42.49773497838822
highest fitness' coverage:   44.33598355044247
highest fitness' collisions: 0.18382485720542444
new generation:  3786
Fittest                      42.46624018553407
highest fitness' coverage:   44.30448875758832
highest fitness' collisions: 0.18382485720542444
new generation:  3787
Fittest                      42.48172818363611
highest fitness' coverage:   44.31997675569035
highest fitness' collisions: 0.1838248572054244
new generation:  3788
Fittest                      42.4761163505378
highest fitness' coverage:   44.31436492259205
highest fitness' collisions: 0.1838248572054245
new generation:  3789
Fittest                      42.51953476215895
highest fitness' coverage:   44.357783334213195
highest fitness' collisions: 0.1838248572054246
new generation:  3790
Fittest                      42.52437930465324
highest fitness' coverage:   44.33271628470404
highest fitness' collisions: 0.18083369800508073
new generation:  3791
Fittest                      42.51128237489593
highest fitness' coverage:   44.31961935494673
highest fitness' collisions: 0.18083369800508062
new generation:  3792
Fittest                      42.52410012375789
highest fitness' coverage:   44.32681369055679
highest fitness' collisions: 0.18027135667989033
new generation:  3793
Fittest                      42.55155669636683
highest fitness' coverage:   44.27211327063276
highest fitness' collisions: 0.17205565742659246
new generation:  3794
Fittest                      42.610679857153606
highest fitness' coverage:   44.331236431419526
highest fitness' collisions: 0.17205565742659237
new generation:  3795
Fittest                      42.57957442078284
highest fitness' coverage:   44.29950438746576
highest fitness' collisions: 0.1719929966682916
new generation:  3796
Fittest                      42.5836030809345
highest fitness' coverage:   44.31186716636085
highest fitness' collisions: 0.1728264085426345
new generation:  3797
Fittest                      42.59350630261515
highest fitness' coverage:   44.32177038804149
highest fitness' collisions: 0.17282640854263429
new generation:  3798
Fittest                      42.564638307512126
highest fitness' coverage:   44.292902392938466
highest fitness' collisions: 0.17282640854263423
new generation:  3799
Fittest                      42.59307852774439
highest fitness' coverage:   44.32134261317073
highest fitness' collisions: 0.17282640854263423
new generation:  3800
Fittest                      42.57809039294951
highest fitness' coverage:   44.30635447837586
highest fitness' collisions: 0.17282640854263434
new generation:  3801
Fittest                      42.602807494879215
highest fitness' coverage:   44.331071580305554
highest fitness' collisions: 0.17282640854263415
new generation:  3802
Fittest                      42.58411499866003
highest fitness' coverage:   44.31206285632035
highest fitness' collisions: 0.1727947857660325
new generation:  3803
Fittest                      42.5779598209142
highest fitness' coverage:   44.30590767857453
highest fitness' collisions: 0.1727947857660325
new generation:  3804
Fittest                      42.590798691237794
highest fitness' coverage:   44.31809525663312
highest fitness' collisions: 0.17272965653953246
new generation:  3805
Fittest                      42.58443107433196
highest fitness' coverage:   44.31172763972728
highest fitness' collisions: 0.1727296565395324
new generation:  3806
Fittest                      42.56995909513558
highest fitness' coverage:   44.2972556605309
highest fitness' collisions: 0.1727296565395323
new generation:  3807
Fittest                      42.56626873388525
highest fitness' coverage:   44.29356529928057
highest fitness' collisions: 0.17272965653953223
new generation:  3808
Fittest                      42.5655318587279
highest fitness' coverage:   44.29410152600729
highest fitness' collisions: 0.17285696672793874
new generation:  3809
Fittest                      42.564243304351216
highest fitness' coverage:   44.303001715918334
highest fitness' collisions: 0.17387584115671167
new generation:  3810
Fittest                      42.56119779029962
highest fitness' coverage:   44.299956201866735
highest fitness' collisions: 0.17387584115671148
new generation:  3811
Fittest                      42.57644855198648
highest fitness' coverage:   44.3152069635536
highest fitness' collisions: 0.17387584115671165
new generation:  3812
Fittest                      42.57694795433352
highest fitness' coverage:   44.31510380631456
highest fitness' collisions: 0.17381558519810397
new generation:  3813
Fittest                      42.57136715983555
highest fitness' coverage:   44.309523011816594
highest fitness' collisions: 0.17381558519810414
new generation:  3814
Fittest                      42.558621365536695
highest fitness' coverage:   44.296777217517736
highest fitness' collisions: 0.17381558519810417
new generation:  3815
Fittest                      42.57089935531155
highest fitness' coverage:   44.309055207292595
highest fitness' collisions: 0.17381558519810417
new generation:  3816
Fittest                      42.558667707437536
highest fitness' coverage:   44.29682355941858
highest fitness' collisions: 0.1738155851981041
new generation:  3817
Fittest                      42.604930410015925
highest fitness' coverage:   44.343086261996966
highest fitness' collisions: 0.17381558519810414
new generation:  3818
Fittest                      42.589541791825305
highest fitness' coverage:   44.32151850701761
highest fitness' collisions: 0.17319767151923002
new generation:  3819
Fittest                      42.575675263250496
highest fitness' coverage:   44.31261730132473
highest fitness' collisions: 0.17369420380742315
new generation:  3820
Fittest                      42.55364041469184
highest fitness' coverage:   44.290582452766074
highest fitness' collisions: 0.17369420380742334
new generation:  3821
Fittest                      42.58794457718712
highest fitness' coverage:   44.324886615261356
highest fitness' collisions: 0.17369420380742323
new generation:  3822
Fittest                      42.57509163763048
highest fitness' coverage:   44.31203367570471
highest fitness' collisions: 0.17369420380742312
new generation:  3823
Fittest                      42.5660241249843
highest fitness' coverage:   44.302966163058535
highest fitness' collisions: 0.1736942038074231
new generation:  3824
Fittest                      42.55636203192107
highest fitness' coverage:   44.2933040699953
highest fitness' collisions: 0.17369420380742326
new generation:  3825
Fittest                      42.56230302904814
highest fitness' coverage:   44.29924506712237
highest fitness' collisions: 0.1736942038074232
new generation:  3826
Fittest                      42.57461474750373
highest fitness' coverage:   44.311983365096765
highest fitness' collisions: 0.17373686175930342
new generation:  3827
Fittest                      42.601556846192366
highest fitness' coverage:   44.25474674675287
highest fitness' collisions: 0.16531899005605055
new generation:  3828
Fittest                      42.5856274473448
highest fitness' coverage:   44.238817347905304
highest fitness' collisions: 0.16531899005605055
new generation:  3829
Fittest                      42.5790742704868
highest fitness' coverage:   44.232264171047305
highest fitness' collisions: 0.16531899005605064
new generation:  3830
Fittest                      42.5827567752766
highest fitness' coverage:   44.235946675837106
highest fitness' collisions: 0.16531899005605058
new generation:  3831
Fittest                      42.58233271743282
highest fitness' coverage:   44.235522617993325
highest fitness' collisions: 0.16531899005605058
new generation:  3832
Fittest                      42.570387350867755
highest fitness' coverage:   44.22357725142826
highest fitness' collisions: 0.16531899005605064
new generation:  3833
Fittest                      42.576307021071024
highest fitness' coverage:   44.22949692163153
highest fitness' collisions: 0.16531899005605052
new generation:  3834
Fittest                      42.58001367414042
highest fitness' coverage:   44.23320357470092
highest fitness' collisions: 0.16531899005605066
new generation:  3835
Fittest                      42.582752324898024
highest fitness' coverage:   44.23594222545853
highest fitness' collisions: 0.16531899005605066
new generation:  3836
Fittest                      42.57605968806739
highest fitness' coverage:   44.21666033450995
highest fitness' collisions: 0.16406006464425635
new generation:  3837
Fittest                      42.62572969214062
highest fitness' coverage:   44.26633033858318
highest fitness' collisions: 0.1640600646442565
new generation:  3838
Fittest                      42.64229436934
highest fitness' coverage:   44.27583262626768
highest fitness' collisions: 0.16335382569276757
new generation:  3839
Fittest                      42.6296936622834
highest fitness' coverage:   44.26323191921108
highest fitness' collisions: 0.16335382569276755
new generation:  3840
Fittest                      42.624557373596616
highest fitness' coverage:   44.26035590463149
highest fitness' collisions: 0.16357985310348727
new generation:  3841
Fittest                      42.621996870650925
highest fitness' coverage:   44.25748086160155
highest fitness' collisions: 0.16354839909506286
new generation:  3842
Fittest                      42.63492194243108
highest fitness' coverage:   44.27040593338171
highest fitness' collisions: 0.16354839909506294
new generation:  3843
Fittest                      42.63669587875168
highest fitness' coverage:   44.27267392540933
highest fitness' collisions: 0.16359780466576496
new generation:  3844
Fittest                      42.641785927305335
highest fitness' coverage:   44.28545763853278
highest fitness' collisions: 0.16436717112274477
new generation:  3845
Fittest                      42.64152043767899
highest fitness' coverage:   44.28519214890644
highest fitness' collisions: 0.1643671711227448
new generation:  3846
Fittest                      42.63843794239228
highest fitness' coverage:   44.28210965361973
highest fitness' collisions: 0.16436717112274488
new generation:  3847
Fittest                      42.629392478412235
highest fitness' coverage:   44.27306418963968
highest fitness' collisions: 0.1643671711227448
new generation:  3848
Fittest                      42.62926925702678
highest fitness' coverage:   44.272940968254225
highest fitness' collisions: 0.16436717112274488
new generation:  3849
Fittest                      42.62320609763404
highest fitness' coverage:   44.26687780886149
highest fitness' collisions: 0.1643671711227448
new generation:  3850
Fittest                      42.62325990768007
highest fitness' coverage:   44.26693161890752
highest fitness' collisions: 0.1643671711227449
new generation:  3851
Fittest                      42.61046292723497
highest fitness' coverage:   44.25413463846242
highest fitness' collisions: 0.1643671711227448
new generation:  3852
Fittest                      42.63206307030298
highest fitness' coverage:   44.27573478153043
highest fitness' collisions: 0.16436717112274465
new generation:  3853
Fittest                      42.63220305112799
highest fitness' coverage:   44.275874762355436
highest fitness' collisions: 0.16436717112274482
new generation:  3854
Fittest                      42.626056442753715
highest fitness' coverage:   44.26972815398116
highest fitness' collisions: 0.16436717112274482
new generation:  3855
Fittest                      42.60725955349331
highest fitness' coverage:   44.250931264720755
highest fitness' collisions: 0.1643671711227447
new generation:  3856
Fittest                      42.63134897937748
highest fitness' coverage:   44.27241661133507
highest fitness' collisions: 0.16410676319575887
new generation:  3857
Fittest                      42.64778013901016
highest fitness' coverage:   44.28884777096775
highest fitness' collisions: 0.16410676319575893
new generation:  3858
Fittest                      42.65581326984383
highest fitness' coverage:   44.2696978426775
highest fitness' collisions: 0.16138845728336665
new generation:  3859
Fittest                      42.65614653948702
highest fitness' coverage:   44.26567529135336
highest fitness' collisions: 0.1609528751866345
new generation:  3860
Fittest                      42.63765305646478
highest fitness' coverage:   44.24718180833112
highest fitness' collisions: 0.1609528751866344
new generation:  3861
Fittest                      42.621638720572456
highest fitness' coverage:   44.2311674724388
highest fitness' collisions: 0.16095287518663445
new generation:  3862
Fittest                      42.63757637426308
highest fitness' coverage:   44.24710512612942
highest fitness' collisions: 0.16095287518663437
new generation:  3863
Fittest                      42.637674678985356
highest fitness' coverage:   44.2472034308517
highest fitness' collisions: 0.16095287518663443
new generation:  3864
Fittest                      42.65902419869513
highest fitness' coverage:   44.26855295056147
highest fitness' collisions: 0.16095287518663434
new generation:  3865
Fittest                      42.629038516282435
highest fitness' coverage:   44.23718688388418
highest fitness' collisions: 0.16081483676017405
new generation:  3866
Fittest                      42.63804899089099
highest fitness' coverage:   44.24619735849273
highest fitness' collisions: 0.16081483676017397
new generation:  3867
Fittest                      42.60727861550469
highest fitness' coverage:   44.21542698310643
highest fitness' collisions: 0.16081483676017416
new generation:  3868
Fittest                      42.63817196990579
highest fitness' coverage:   44.246320337507534
highest fitness' collisions: 0.1608148367601741
new generation:  3869
Fittest                      42.626078355759006
highest fitness' coverage:   44.23422672336075
highest fitness' collisions: 0.16081483676017427
new generation:  3870
Fittest                      42.62088078171724
highest fitness' coverage:   44.24045776394736
highest fitness' collisions: 0.16195769822301198
new generation:  3871
Fittest                      42.647970162270944
highest fitness' coverage:   44.259169403059055
highest fitness' collisions: 0.16111992407881118
new generation:  3872
Fittest                      42.63602176796896
highest fitness' coverage:   44.24722100875707
highest fitness' collisions: 0.16111992407881093
new generation:  3873
Fittest                      42.65460259724543
highest fitness' coverage:   44.26580183803354
highest fitness' collisions: 0.16111992407881123
new generation:  3874
Fittest                      42.62935416792104
highest fitness' coverage:   44.240553408709154
highest fitness' collisions: 0.16111992407881107
new generation:  3875
Fittest                      42.63308483584536
highest fitness' coverage:   44.24428407663347
highest fitness' collisions: 0.16111992407881123
new generation:  3876
Fittest                      42.66405418899885
highest fitness' coverage:   44.27431080004127
highest fitness' collisions: 0.16102566110424213
new generation:  3877
Fittest                      42.621095327970046
highest fitness' coverage:   44.23135193901247
highest fitness' collisions: 0.16102566110424207
new generation:  3878
Fittest                      42.64669472866794
highest fitness' coverage:   44.25695133971036
highest fitness' collisions: 0.16102566110424205
new generation:  3879
Fittest                      42.61168285613553
highest fitness' coverage:   44.221939467177954
highest fitness' collisions: 0.16102566110424202
new generation:  3880
Fittest                      42.64236394357969
highest fitness' coverage:   44.25262055462211
highest fitness' collisions: 0.16102566110424216
new generation:  3881
Fittest                      42.6240670143305
highest fitness' coverage:   44.23432362537292
highest fitness' collisions: 0.16102566110424213
new generation:  3882
Fittest                      42.6179216863778
highest fitness' coverage:   44.22817829742022
highest fitness' collisions: 0.16102566110424213
new generation:  3883
Fittest                      42.62706092467056
highest fitness' coverage:   44.23731753571298
highest fitness' collisions: 0.1610256611042422
new generation:  3884
Fittest                      42.658086564979726
highest fitness' coverage:   44.26834317602215
highest fitness' collisions: 0.16102566110424205
new generation:  3885
Fittest                      42.65812903926776
highest fitness' coverage:   44.26838565031019
highest fitness' collisions: 0.16102566110424207
new generation:  3886
Fittest                      42.67599391448152
highest fitness' coverage:   44.284344755731254
highest fitness' collisions: 0.16083508412497313
new generation:  3887
Fittest                      42.61943752961543
highest fitness' coverage:   44.22778837086516
highest fitness' collisions: 0.16083508412497305
new generation:  3888
Fittest                      42.622210838844104
highest fitness' coverage:   44.2315684610178
highest fitness' collisions: 0.16093576221736963
new generation:  3889
Fittest                      42.625329694955916
highest fitness' coverage:   44.234582604274806
highest fitness' collisions: 0.1609252909318893
new generation:  3890
Fittest                      42.62840733215864
highest fitness' coverage:   44.22480708633565
highest fitness' collisions: 0.1596399754177013
new generation:  3891
Fittest                      42.65349701390489
highest fitness' coverage:   44.2498967680819
highest fitness' collisions: 0.15963997541770136
new generation:  3892
Fittest                      42.647563740879015
highest fitness' coverage:   44.24396349505603
highest fitness' collisions: 0.15963997541770142
new generation:  3893
Fittest                      42.6563947057155
highest fitness' coverage:   44.25279445989251
highest fitness' collisions: 0.15963997541770142
new generation:  3894
Fittest                      42.64732994543327
highest fitness' coverage:   44.243729699610284
highest fitness' collisions: 0.15963997541770153
new generation:  3895
Fittest                      42.64805204257692
highest fitness' coverage:   44.24705889217272
highest fitness' collisions: 0.15990068495957993
new generation:  3896
Fittest                      42.64140936642129
highest fitness' coverage:   44.24041621601709
highest fitness' collisions: 0.15990068495957988
new generation:  3897
Fittest                      42.64823380665693
highest fitness' coverage:   44.24667831492754
highest fitness' collisions: 0.1598444508270608
new generation:  3898
Fittest                      42.6359932503562
highest fitness' coverage:   44.23443775862681
highest fitness' collisions: 0.15984445082706078
new generation:  3899
Fittest                      42.65424219803614
highest fitness' coverage:   44.25268670630675
highest fitness' collisions: 0.15984445082706072
new generation:  3900
Fittest                      42.65443306940105
highest fitness' coverage:   44.25287757767166
highest fitness' collisions: 0.15984445082706072
new generation:  3901
Fittest                      42.65473668884769
highest fitness' coverage:   44.2531811971183
highest fitness' collisions: 0.1598444508270608
new generation:  3902
Fittest                      42.65692033815226
highest fitness' coverage:   44.25587770780686
highest fitness' collisions: 0.15989573696545992
new generation:  3903
Fittest                      42.65435948948617
highest fitness' coverage:   44.25331685914077
highest fitness' collisions: 0.15989573696545994
new generation:  3904
Fittest                      42.65381578510487
highest fitness' coverage:   44.25277315475947
highest fitness' collisions: 0.15989573696546003
new generation:  3905
Fittest                      42.64056776136996
highest fitness' coverage:   44.246769490625304
highest fitness' collisions: 0.16062017292553488
new generation:  3906
Fittest                      42.63123758797016
highest fitness' coverage:   44.23743931722551
highest fitness' collisions: 0.1606201729255349
new generation:  3907
Fittest                      42.64729041895298
highest fitness' coverage:   44.25349214820833
highest fitness' collisions: 0.16062017292553507
new generation:  3908
Fittest                      42.634637336320935
highest fitness' coverage:   44.240461606725034
highest fitness' collisions: 0.16058242704040956
new generation:  3909
Fittest                      42.63789920600325
highest fitness' coverage:   44.24372347640734
highest fitness' collisions: 0.16058242704040948
new generation:  3910
Fittest                      42.6066346917774
highest fitness' coverage:   44.21245896218149
highest fitness' collisions: 0.16058242704040945
new generation:  3911
Fittest                      42.647303693839994
highest fitness' coverage:   44.253127964244094
highest fitness' collisions: 0.16058242704040962
new generation:  3912
Fittest                      42.646921504133445
highest fitness' coverage:   44.252745774537544
highest fitness' collisions: 0.16058242704040956
new generation:  3913
Fittest                      42.650629291238786
highest fitness' coverage:   44.25645356164288
highest fitness' collisions: 0.16058242704040943
new generation:  3914
Fittest                      42.648070763533866
highest fitness' coverage:   44.243706289650234
highest fitness' collisions: 0.15956355261163663
new generation:  3915
Fittest                      42.65417035356089
highest fitness' coverage:   44.24980587967726
highest fitness' collisions: 0.15956355261163657
new generation:  3916
Fittest                      42.654024642964096
highest fitness' coverage:   44.249660169080464
highest fitness' collisions: 0.15956355261163674
new generation:  3917
Fittest                      42.64759793911837
highest fitness' coverage:   44.2498439514569
highest fitness' collisions: 0.1602246012338531
new generation:  3918
Fittest                      42.66001909793909
highest fitness' coverage:   44.262265110277625
highest fitness' collisions: 0.16022460123385304
new generation:  3919
Fittest                      42.62930941300788
highest fitness' coverage:   44.231555425346414
highest fitness' collisions: 0.1602246012338531
new generation:  3920
Fittest                      42.644959090359826
highest fitness' coverage:   44.240792619702255
highest fitness' collisions: 0.1595833529342428
new generation:  3921
Fittest                      42.64792580964552
highest fitness' coverage:   44.24375933898795
highest fitness' collisions: 0.1595833529342429
new generation:  3922
Fittest                      42.64780601836115
highest fitness' coverage:   44.24363954770358
highest fitness' collisions: 0.1595833529342428
new generation:  3923
Fittest                      42.666599038045234
highest fitness' coverage:   44.26243256738766
highest fitness' collisions: 0.15958335293424275
new generation:  3924
Fittest                      42.634887507226765
highest fitness' coverage:   44.249917526090236
highest fitness' collisions: 0.16150300188634753
new generation:  3925
Fittest                      42.641584955367264
highest fitness' coverage:   44.25605263290555
highest fitness' collisions: 0.16144676775382863
new generation:  3926
Fittest                      42.629115511093914
highest fitness' coverage:   44.2435831886322
highest fitness' collisions: 0.16144676775382874
new generation:  3927
Fittest                      42.628982698663094
highest fitness' coverage:   44.24345037620138
highest fitness' collisions: 0.1614467677538288
new generation:  3928
Fittest                      42.635499628926055
highest fitness' coverage:   44.24996730646434
highest fitness' collisions: 0.16144676775382885
new generation:  3929
Fittest                      42.6479686438777
highest fitness' coverage:   44.26243632141598
highest fitness' collisions: 0.16144676775382857
new generation:  3930
Fittest                      42.622998156771686
highest fitness' coverage:   44.23746583430997
highest fitness' collisions: 0.16144676775382866
new generation:  3931
Fittest                      42.6414277479753
highest fitness' coverage:   44.255895425513586
highest fitness' collisions: 0.16144676775382855
new generation:  3932
Fittest                      42.616425679338406
highest fitness' coverage:   44.23089335687669
highest fitness' collisions: 0.16144676775382863
new generation:  3933
Fittest                      42.62915766856745
highest fitness' coverage:   44.24362534610574
highest fitness' collisions: 0.1614467677538287
new generation:  3934
Fittest                      42.63800034241293
highest fitness' coverage:   44.24644157334473
highest fitness' collisions: 0.16084412309318052
new generation:  3935
Fittest                      42.624287373774386
highest fitness' coverage:   44.22229085355248
highest fitness' collisions: 0.1598003479778093
new generation:  3936
Fittest                      42.64561344009195
highest fitness' coverage:   44.24361691987004
highest fitness' collisions: 0.15980034797780923
new generation:  3937
Fittest                      42.65490964727954
highest fitness' coverage:   44.25291312705763
highest fitness' collisions: 0.15980034797780926
new generation:  3938
Fittest                      42.667224145404944
highest fitness' coverage:   44.26522762518304
highest fitness' collisions: 0.15980034797780931
new generation:  3939
Fittest                      42.63341766442273
highest fitness' coverage:   44.23142114420082
highest fitness' collisions: 0.15980034797780934
new generation:  3940
Fittest                      42.63536230539948
highest fitness' coverage:   44.22774237192567
highest fitness' collisions: 0.15923800665261884
new generation:  3941
Fittest                      42.66366757111598
highest fitness' coverage:   44.25604763764217
highest fitness' collisions: 0.15923800665261909
new generation:  3942
Fittest                      42.67352208975735
highest fitness' coverage:   44.26590215628354
highest fitness' collisions: 0.159238006652619
new generation:  3943
Fittest                      42.647839826760205
highest fitness' coverage:   44.240219893286394
highest fitness' collisions: 0.1592380066526188
new generation:  3944
Fittest                      42.65095937752385
highest fitness' coverage:   44.24333944405004
highest fitness' collisions: 0.15923800665261886
new generation:  3945
Fittest                      42.67335199855399
highest fitness' coverage:   44.26573206508018
highest fitness' collisions: 0.15923800665261886
new generation:  3946
Fittest                      42.63608863346309
highest fitness' coverage:   44.22846869998928
highest fitness' collisions: 0.15923800665261897
new generation:  3947
Fittest                      42.641504557692755
highest fitness' coverage:   44.233884624218945
highest fitness' collisions: 0.15923800665261895
new generation:  3948
Fittest                      42.657280497332245
highest fitness' coverage:   44.249660563858434
highest fitness' collisions: 0.1592380066526191
new generation:  3949
Fittest                      42.62978825679732
highest fitness' coverage:   44.22216832332351
highest fitness' collisions: 0.15923800665261886
new generation:  3950
Fittest                      42.64715924440978
highest fitness' coverage:   44.24011627746493
highest fitness' collisions: 0.15929570330551499
new generation:  3951
Fittest                      42.65681018775319
highest fitness' coverage:   44.24976722080834
highest fitness' collisions: 0.15929570330551482
new generation:  3952
Fittest                      42.643522880091965
highest fitness' coverage:   44.246996022867975
highest fitness' collisions: 0.16034731427760093
new generation:  3953
Fittest                      42.631286101094574
highest fitness' coverage:   44.234759243870585
highest fitness' collisions: 0.16034731427760107
new generation:  3954
Fittest                      42.64266417594023
highest fitness' coverage:   44.246137318716244
highest fitness' collisions: 0.16034731427760102
new generation:  3955
Fittest                      42.64616677286301
highest fitness' coverage:   44.24963991563902
highest fitness' collisions: 0.160347314277601
new generation:  3956
Fittest                      42.65339232407235
highest fitness' coverage:   44.10717325876537
highest fitness' collisions: 0.14537809346930203
new generation:  3957
Fittest                      42.675533783031774
highest fitness' coverage:   44.129314717724796
highest fitness' collisions: 0.145378093469302
new generation:  3958
Fittest                      42.6848418453584
highest fitness' coverage:   44.13862278005142
highest fitness' collisions: 0.14537809346930186
new generation:  3959
Fittest                      42.66901271074352
highest fitness' coverage:   44.122793645436545
highest fitness' collisions: 0.14537809346930222
new generation:  3960
Fittest                      42.66557398588055
highest fitness' coverage:   44.11935492057357
highest fitness' collisions: 0.1453780934693021
new generation:  3961
Fittest                      42.66572691604985
highest fitness' coverage:   44.11950785074287
highest fitness' collisions: 0.14537809346930206
new generation:  3962
Fittest                      42.65040751863239
highest fitness' coverage:   44.10418845332541
highest fitness' collisions: 0.14537809346930192
new generation:  3963
Fittest                      42.66309708759229
highest fitness' coverage:   44.11687802228531
highest fitness' collisions: 0.14537809346930192
new generation:  3964
Fittest                      42.66248032822331
highest fitness' coverage:   44.11626126291633
highest fitness' collisions: 0.14537809346930214
new generation:  3965
Fittest                      42.67873784412023
highest fitness' coverage:   44.13251877881325
highest fitness' collisions: 0.1453780934693021
new generation:  3966
Fittest                      42.69356138977931
highest fitness' coverage:   44.14734232447233
highest fitness' collisions: 0.14537809346930208
new generation:  3967
Fittest                      42.66301081313777
highest fitness' coverage:   44.11679174783079
highest fitness' collisions: 0.1453780934693022
new generation:  3968
Fittest                      42.656888389685776
highest fitness' coverage:   44.1106693243788
highest fitness' collisions: 0.14537809346930208
new generation:  3969
Fittest                      42.67225015039814
highest fitness' coverage:   44.126031085091164
highest fitness' collisions: 0.14537809346930208
new generation:  3970
Fittest                      42.69010672629358
highest fitness' coverage:   44.14159679333383
highest fitness' collisions: 0.1451490067040254
new generation:  3971
Fittest                      42.65604700168785
highest fitness' coverage:   44.113777299509934
highest fitness' collisions: 0.14577302978220846
new generation:  3972
Fittest                      42.67084297717787
highest fitness' coverage:   44.12857327499995
highest fitness' collisions: 0.14577302978220838
new generation:  3973
Fittest                      42.662042645634635
highest fitness' coverage:   44.11977294345672
highest fitness' collisions: 0.14577302978220844
new generation:  3974
Fittest                      42.66192598170512
highest fitness' coverage:   44.1196562795272
highest fitness' collisions: 0.14577302978220846
new generation:  3975
Fittest                      42.64493713407761
highest fitness' coverage:   44.12020227527554
highest fitness' collisions: 0.14752651411979298
new generation:  3976
Fittest                      42.635105538486116
highest fitness' coverage:   44.110370679684046
highest fitness' collisions: 0.14752651411979295
new generation:  3977
Fittest                      42.644973806096985
highest fitness' coverage:   44.12297244638053
highest fitness' collisions: 0.14779986402835452
new generation:  3978
Fittest                      42.63211848520528
highest fitness' coverage:   44.11011712548883
highest fitness' collisions: 0.14779986402835465
new generation:  3979
Fittest                      42.63576961252196
highest fitness' coverage:   44.11376825280551
highest fitness' collisions: 0.14779986402835468
new generation:  3980
Fittest                      42.65740976541552
highest fitness' coverage:   44.13540840569907
highest fitness' collisions: 0.1477998640283545
new generation:  3981
Fittest                      42.64796627679389
highest fitness' coverage:   44.12596491707743
highest fitness' collisions: 0.14779986402835454
new generation:  3982
Fittest                      42.64172906788007
highest fitness' coverage:   44.119727708163616
highest fitness' collisions: 0.14779986402835454
new generation:  3983
Fittest                      42.63581705951032
highest fitness' coverage:   44.113389120275066
highest fitness' collisions: 0.14775720607647444
new generation:  3984
Fittest                      42.64237073015136
highest fitness' coverage:   44.119942790916106
highest fitness' collisions: 0.14775720607647452
new generation:  3985
Fittest                      42.64228054642994
highest fitness' coverage:   44.11985260719468
highest fitness' collisions: 0.14775720607647436
new generation:  3986
Fittest                      42.633194066175655
highest fitness' coverage:   44.1107661269404
highest fitness' collisions: 0.1477572060764743
new generation:  3987
Fittest                      42.64225132351673
highest fitness' coverage:   44.119823384281474
highest fitness' collisions: 0.1477572060764744
new generation:  3988
Fittest                      42.65124999823002
highest fitness' coverage:   44.128822058994764
highest fitness' collisions: 0.14775720607647444
new generation:  3989
Fittest                      42.647914865506955
highest fitness' coverage:   44.1254869262717
highest fitness' collisions: 0.14775720607647444
new generation:  3990
Fittest                      42.670042691763584
highest fitness' coverage:   44.14761475252833
highest fitness' collisions: 0.14775720607647422
new generation:  3991
Fittest                      42.63002113983322
highest fitness' coverage:   44.10708033921397
highest fitness' collisions: 0.14770591993807525
new generation:  3992
Fittest                      42.63925190825177
highest fitness' coverage:   44.11631110763253
highest fitness' collisions: 0.14770591993807528
new generation:  3993
Fittest                      42.63299908220487
highest fitness' coverage:   44.11005828158562
highest fitness' collisions: 0.1477059199380752
new generation:  3994
Fittest                      42.62333345748196
highest fitness' coverage:   44.10039265686272
highest fitness' collisions: 0.1477059199380753
new generation:  3995
Fittest                      42.64235227272633
highest fitness' coverage:   44.11941147210708
highest fitness' collisions: 0.14770591993807522
new generation:  3996
Fittest                      42.652151782277485
highest fitness' coverage:   44.12921098165824
highest fitness' collisions: 0.14770591993807522
new generation:  3997
Fittest                      42.64569846038749
highest fitness' coverage:   44.12275765976825
highest fitness' collisions: 0.1477059199380754
new generation:  3998
Fittest                      42.641009604413846
highest fitness' coverage:   44.138635968883285
highest fitness' collisions: 0.14976263644694413
new generation:  3999
Fittest                      42.61912395587539
highest fitness' coverage:   44.11675032034483
highest fitness' collisions: 0.14976263644694404
new generation:  4000
Fittest                      42.60771485567595
highest fitness' coverage:   44.097522835183966
highest fitness' collisions: 0.1489807979508014
new generation:  4001
Fittest                      42.6303999901521
highest fitness' coverage:   44.12270776692597
highest fitness' collisions: 0.1492307776773867
new generation:  4002
Fittest                      42.65216848510109
highest fitness' coverage:   44.144476261874956
highest fitness' collisions: 0.14923077767738663
new generation:  4003
Fittest                      42.61780546214057
highest fitness' coverage:   44.110113238914444
highest fitness' collisions: 0.14923077767738674
new generation:  4004
Fittest                      42.64847983400605
highest fitness' coverage:   44.148404073195366
highest fitness' collisions: 0.14999242391893175
new generation:  4005
Fittest                      42.62697680310514
highest fitness' coverage:   44.126901042294456
highest fitness' collisions: 0.14999242391893178
new generation:  4006
Fittest                      42.63901282847052
highest fitness' coverage:   44.13893706765984
highest fitness' collisions: 0.14999242391893178
new generation:  4007
Fittest                      42.63261439364831
highest fitness' coverage:   44.13253863283763
highest fitness' collisions: 0.1499924239189319
new generation:  4008
Fittest                      42.630928554452
highest fitness' coverage:   44.126165218821775
highest fitness' collisions: 0.14952366643697784
new generation:  4009
Fittest                      42.646873737755904
highest fitness' coverage:   44.14211040212568
highest fitness' collisions: 0.14952366643697784
new generation:  4010
Fittest                      42.61686906606039
highest fitness' coverage:   44.11396128273486
highest fitness' collisions: 0.14970922166744724
new generation:  4011
Fittest                      42.64534863140568
highest fitness' coverage:   44.142440848080156
highest fitness' collisions: 0.14970922166744738
new generation:  4012
Fittest                      42.62588838986178
highest fitness' coverage:   44.12298060653625
highest fitness' collisions: 0.1497092216674471
new generation:  4013
Fittest                      42.642117594188974
highest fitness' coverage:   44.13920981086345
highest fitness' collisions: 0.14970922166744732
new generation:  4014
Fittest                      42.63927954555546
highest fitness' coverage:   44.136371762229935
highest fitness' collisions: 0.14970922166744738
new generation:  4015
Fittest                      42.668959283289425
highest fitness' coverage:   44.14871164104803
highest fitness' collisions: 0.14797523577586033
new generation:  4016
Fittest                      42.6468926363417
highest fitness' coverage:   44.1266449941003
highest fitness' collisions: 0.1479752357758604
new generation:  4017
Fittest                      42.64356902056
highest fitness' coverage:   44.12332137831861
highest fitness' collisions: 0.1479752357758603
new generation:  4018
Fittest                      42.640745211158766
highest fitness' coverage:   44.12049756891737
highest fitness' collisions: 0.14797523577586041
new generation:  4019
Fittest                      42.687196833279025
highest fitness' coverage:   44.16694919103763
highest fitness' collisions: 0.14797523577586044
new generation:  4020
Fittest                      42.649493354081514
highest fitness' coverage:   44.12924571184012
highest fitness' collisions: 0.14797523577586028
new generation:  4021
Fittest                      42.665268596485795
highest fitness' coverage:   44.144821428012904
highest fitness' collisions: 0.14795528315271086
new generation:  4022
Fittest                      42.65038177028812
highest fitness' coverage:   44.12993460181523
highest fitness' collisions: 0.14795528315271056
new generation:  4023
Fittest                      42.662558415405
highest fitness' coverage:   44.14211124693211
highest fitness' collisions: 0.14795528315271061
new generation:  4024
Fittest                      42.66534228594319
highest fitness' coverage:   44.1448951174703
highest fitness' collisions: 0.14795528315271086
new generation:  4025
Fittest                      42.64098923957038
highest fitness' coverage:   44.12054207109749
highest fitness' collisions: 0.14795528315271075
new generation:  4026
Fittest                      42.644224139124674
highest fitness' coverage:   44.12377697065178
highest fitness' collisions: 0.14795528315271067
new generation:  4027
Fittest                      42.643377261218966
highest fitness' coverage:   44.122930092746074
highest fitness' collisions: 0.14795528315271073
new generation:  4028
Fittest                      42.65265110721678
highest fitness' coverage:   44.12735964122369
highest fitness' collisions: 0.1474708534006909
new generation:  4029
Fittest                      42.7001995476523
highest fitness' coverage:   44.17490808165921
highest fitness' collisions: 0.1474708534006908
new generation:  4030
Fittest                      42.66555346760826
highest fitness' coverage:   44.14026200161517
highest fitness' collisions: 0.14747085340069085
new generation:  4031
Fittest                      42.6620613300978
highest fitness' coverage:   44.13676986410471
highest fitness' collisions: 0.14747085340069083
new generation:  4032
Fittest                      42.677852037679266
highest fitness' coverage:   44.15256057168617
highest fitness' collisions: 0.14747085340069088
new generation:  4033
Fittest                      42.66336138163894
highest fitness' coverage:   44.12333560165277
highest fitness' collisions: 0.1459974220013824
new generation:  4034
Fittest                      42.701233465214244
highest fitness' coverage:   44.161207685228064
highest fitness' collisions: 0.1459974220013823
new generation:  4035
Fittest                      42.670219671455115
highest fitness' coverage:   44.130193891468934
highest fitness' collisions: 0.1459974220013822
new generation:  4036
Fittest                      42.67931427907751
highest fitness' coverage:   44.139288499091336
highest fitness' collisions: 0.14599742200138233
new generation:  4037
Fittest                      42.6975150818599
highest fitness' coverage:   44.15748930187372
highest fitness' collisions: 0.14599742200138224
new generation:  4038
Fittest                      42.65701041668208
highest fitness' coverage:   44.1169846366959
highest fitness' collisions: 0.14599742200138235
new generation:  4039
Fittest                      42.704712370279616
highest fitness' coverage:   44.164686590293435
highest fitness' collisions: 0.14599742200138227
new generation:  4040
Fittest                      42.68232473063075
highest fitness' coverage:   44.14229895064457
highest fitness' collisions: 0.14599742200138233
new generation:  4041
Fittest                      42.6599616202701
highest fitness' coverage:   44.11993584028393
highest fitness' collisions: 0.14599742200138252
new generation:  4042
Fittest                      42.69238534999258
highest fitness' coverage:   44.15455861450078
highest fitness' collisions: 0.14621732645082028
new generation:  4043
Fittest                      42.66400546713025
highest fitness' coverage:   44.126178731638454
highest fitness' collisions: 0.1462173264508203
new generation:  4044
Fittest                      42.67695440359461
highest fitness' coverage:   44.13912766810281
highest fitness' collisions: 0.14621732645082025
new generation:  4045
Fittest                      42.661507060093705
highest fitness' coverage:   44.12368032460191
highest fitness' collisions: 0.14621732645082028
new generation:  4046
Fittest                      42.674586741841615
highest fitness' coverage:   44.13676000634982
highest fitness' collisions: 0.14621732645082036
new generation:  4047
Fittest                      42.65449162329502
highest fitness' coverage:   44.116664887803225
highest fitness' collisions: 0.1462173264508203
new generation:  4048
Fittest                      42.65819883263751
highest fitness' coverage:   44.12037209714571
highest fitness' collisions: 0.14621732645082045
new generation:  4049
Fittest                      42.67759825425841
highest fitness' coverage:   44.139771518766615
highest fitness' collisions: 0.14621732645082028
new generation:  4050
Fittest                      42.68781915049846
highest fitness' coverage:   44.1487457038553
highest fitness' collisions: 0.14609265533568333
new generation:  4051
Fittest                      42.68157428123362
highest fitness' coverage:   44.14250083459046
highest fitness' collisions: 0.14609265533568339
new generation:  4052
Fittest                      42.68181725552034
highest fitness' coverage:   44.14274380887718
highest fitness' collisions: 0.14609265533568339
new generation:  4053
Fittest                      42.66904425559535
highest fitness' coverage:   44.12997080895219
highest fitness' collisions: 0.1460926553356834
new generation:  4054
Fittest                      42.708871311784605
highest fitness' coverage:   44.17040042472751
highest fitness' collisions: 0.14615291129429078
new generation:  4055
Fittest                      42.65611021105387
highest fitness' coverage:   44.117639323996784
highest fitness' collisions: 0.14615291129429092
new generation:  4056
Fittest                      42.702303704252735
highest fitness' coverage:   44.16383281719564
highest fitness' collisions: 0.14615291129429087
new generation:  4057
Fittest                      42.66644519954198
highest fitness' coverage:   44.13359365295194
highest fitness' collisions: 0.1467148453409956
new generation:  4058
Fittest                      42.67516784443861
highest fitness' coverage:   44.142316297848566
highest fitness' collisions: 0.1467148453409956
new generation:  4059
Fittest                      42.66355970837165
highest fitness' coverage:   44.13335636705945
highest fitness' collisions: 0.14697966586878
new generation:  4060
Fittest                      42.6621261792115
highest fitness' coverage:   44.130161170362534
highest fitness' collisions: 0.1468034991151036
new generation:  4061
Fittest                      42.64663428158787
highest fitness' coverage:   44.11466927273891
highest fitness' collisions: 0.1468034991151037
new generation:  4062
Fittest                      42.66790339289277
highest fitness' coverage:   44.135938384043804
highest fitness' collisions: 0.1468034991151036
new generation:  4063
Fittest                      42.67105902784793
highest fitness' coverage:   44.13909401899897
highest fitness' collisions: 0.1468034991151037
new generation:  4064
Fittest                      42.6557009618433
highest fitness' coverage:   44.12373595299434
highest fitness' collisions: 0.14680349911510376
new generation:  4065
Fittest                      42.64298678380972
highest fitness' coverage:   44.111021774960754
highest fitness' collisions: 0.14680349911510374
new generation:  4066
Fittest                      42.66191521124313
highest fitness' coverage:   44.12995020239416
highest fitness' collisions: 0.14680349911510363
new generation:  4067
Fittest                      42.64347858391428
highest fitness' coverage:   44.11151357506532
highest fitness' collisions: 0.14680349911510368
new generation:  4068
Fittest                      42.659086256707084
highest fitness' coverage:   44.14525326764479
highest fitness' collisions: 0.1486167010937708
new generation:  4069
Fittest                      42.65612578138452
highest fitness' coverage:   44.14229279232223
highest fitness' collisions: 0.14861670109377095
new generation:  4070
Fittest                      42.65315849298494
highest fitness' coverage:   44.13932550392265
highest fitness' collisions: 0.1486167010937709
new generation:  4071
Fittest                      42.64977440910371
highest fitness' coverage:   44.13594142004142
highest fitness' collisions: 0.14861670109377093
new generation:  4072
Fittest                      42.63513635128508
highest fitness' coverage:   44.12130336222278
highest fitness' collisions: 0.14861670109377087
new generation:  4073
Fittest                      42.63382388283888
highest fitness' coverage:   44.12955056422876
highest fitness' collisions: 0.1495726681389877
new generation:  4074
Fittest                      42.66584128631186
highest fitness' coverage:   44.161567967701735
highest fitness' collisions: 0.1495726681389876
new generation:  4075
Fittest                      42.63700211442604
highest fitness' coverage:   44.132728795815915
highest fitness' collisions: 0.14957266813898773
new generation:  4076
Fittest                      42.62173982982294
highest fitness' coverage:   44.11746651121282
highest fitness' collisions: 0.14957266813898745
new generation:  4077
Fittest                      42.63688172362401
highest fitness' coverage:   44.123158382381334
highest fitness' collisions: 0.14862766587573228
new generation:  4078
Fittest                      42.656236729981075
highest fitness' coverage:   44.1425133887384
highest fitness' collisions: 0.14862766587573242
new generation:  4079
Fittest                      42.637067075589236
highest fitness' coverage:   44.12334373434656
highest fitness' collisions: 0.14862766587573237
new generation:  4080
Fittest                      42.64409052461261
highest fitness' coverage:   44.130367183369934
highest fitness' collisions: 0.14862766587573242
new generation:  4081
Fittest                      42.647263291585695
highest fitness' coverage:   44.133539950343014
highest fitness' collisions: 0.1486276658757322
new generation:  4082
Fittest                      42.6410101864616
highest fitness' coverage:   44.127286845218926
highest fitness' collisions: 0.14862766587573237
new generation:  4083
Fittest                      42.63910877072495
highest fitness' coverage:   44.12352987717758
highest fitness' collisions: 0.14844211064526294
new generation:  4084
Fittest                      42.63936574745592
highest fitness' coverage:   44.12378685390855
highest fitness' collisions: 0.148442110645263
new generation:  4085
Fittest                      42.66412584306434
highest fitness' coverage:   44.14854694951697
highest fitness' collisions: 0.14844211064526308
new generation:  4086
Fittest                      42.636430446350744
highest fitness' coverage:   44.12085155280337
highest fitness' collisions: 0.14844211064526303
new generation:  4087
Fittest                      42.64817578850834
highest fitness' coverage:   44.13259689496097
highest fitness' collisions: 0.14844211064526305
new generation:  4088
Fittest                      42.64285573002926
highest fitness' coverage:   44.12727683648189
highest fitness' collisions: 0.1484421106452628
new generation:  4089
Fittest                      42.657540748047765
highest fitness' coverage:   44.141961854500394
highest fitness' collisions: 0.14844211064526291
new generation:  4090
Fittest                      42.633217619956454
highest fitness' coverage:   44.12088362375572
highest fitness' collisions: 0.14876660037992587
new generation:  4091
Fittest                      42.66672660089803
highest fitness' coverage:   44.15439260469729
highest fitness' collisions: 0.1487666003799259
new generation:  4092
Fittest                      42.64247423274262
highest fitness' coverage:   44.120671754640874
highest fitness' collisions: 0.14781975218982515
new generation:  4093
Fittest                      42.633276407962185
highest fitness' coverage:   44.11147392986044
highest fitness' collisions: 0.14781975218982515
new generation:  4094
Fittest                      42.658226591079526
highest fitness' coverage:   44.13642411297778
highest fitness' collisions: 0.1478197521898251
new generation:  4095
Fittest                      42.65133474596624
highest fitness' coverage:   44.12953226786449
highest fitness' collisions: 0.14781975218982507
new generation:  4096
Fittest                      42.65543275277
highest fitness' coverage:   44.13366479484364
highest fitness' collisions: 0.14782320420736458
new generation:  4097
Fittest                      42.65438984566743
highest fitness' coverage:   44.132621887741074
highest fitness' collisions: 0.14782320420736447
new generation:  4098
Fittest                      42.648028211564394
highest fitness' coverage:   44.12626025363804
highest fitness' collisions: 0.14782320420736444
new generation:  4099
Fittest                      42.6485110274632
highest fitness' coverage:   44.12674306953684
highest fitness' collisions: 0.14782320420736453
new generation:  4100
Fittest                      42.6547401703747
highest fitness' coverage:   44.132972212448344
highest fitness' collisions: 0.1478232042073645
new generation:  4101
Fittest                      42.632161222580535
highest fitness' coverage:   44.110393264654185
highest fitness' collisions: 0.14782320420736464
new generation:  4102
Fittest                      42.65215615635964
highest fitness' coverage:   44.13038819843329
highest fitness' collisions: 0.14782320420736464
new generation:  4103
Fittest                      42.65456513577799
highest fitness' coverage:   44.132797177851636
highest fitness' collisions: 0.14782320420736453
new generation:  4104
Fittest                      42.64538618337679
highest fitness' coverage:   44.123618225450436
highest fitness' collisions: 0.14782320420736442
new generation:  4105
Fittest                      42.6578154174436
highest fitness' coverage:   44.13604745951724
highest fitness' collisions: 0.14782320420736442
new generation:  4106
Fittest                      42.64872387611316
highest fitness' coverage:   44.1269559181868
highest fitness' collisions: 0.14782320420736458
new generation:  4107
Fittest                      42.66420266807678
highest fitness' coverage:   44.142434710150425
highest fitness' collisions: 0.1478232042073646
new generation:  4108
Fittest                      42.64355603077757
highest fitness' coverage:   44.11708605180744
highest fitness' collisions: 0.14735300210298757
new generation:  4109
Fittest                      42.64957495924976
highest fitness' coverage:   44.123104980279635
highest fitness' collisions: 0.14735300210298766
new generation:  4110
Fittest                      42.653306816641766
highest fitness' coverage:   44.12683683767164
highest fitness' collisions: 0.1473530021029876
new generation:  4111
Fittest                      42.653809975003384
highest fitness' coverage:   44.12733999603326
highest fitness' collisions: 0.14735300210298746
new generation:  4112
Fittest                      42.656398079511995
highest fitness' coverage:   44.12992810054187
highest fitness' collisions: 0.1473530021029876
new generation:  4113
Fittest                      42.65484960499859
highest fitness' coverage:   44.13909481908084
highest fitness' collisions: 0.14842452140822507
new generation:  4114
Fittest                      42.69193959431567
highest fitness' coverage:   44.17618480839792
highest fitness' collisions: 0.1484245214082251
new generation:  4115
Fittest                      42.657855498551235
highest fitness' coverage:   44.142100712633486
highest fitness' collisions: 0.14842452140822512
new generation:  4116
Fittest                      42.639346718439924
highest fitness' coverage:   44.123591932522174
highest fitness' collisions: 0.148424521408225
new generation:  4117
Fittest                      42.66084405161969
highest fitness' coverage:   44.14213070036914
highest fitness' collisions: 0.14812866487494447
new generation:  4118
Fittest                      42.64131389237869
highest fitness' coverage:   44.11412301277994
highest fitness' collisions: 0.14728091204012544
new generation:  4119
Fittest                      42.65050533268084
highest fitness' coverage:   44.12331445308209
highest fitness' collisions: 0.1472809120401254
new generation:  4120
Fittest                      42.657094808983146
highest fitness' coverage:   44.1299039293844
highest fitness' collisions: 0.14728091204012542
new generation:  4121
Fittest                      42.67934049796921
highest fitness' coverage:   44.15214961837046
highest fitness' collisions: 0.14728091204012536
new generation:  4122
Fittest                      42.66666137962158
highest fitness' coverage:   44.13947050002283
highest fitness' collisions: 0.14728091204012544
new generation:  4123
Fittest                      42.64717738293287
highest fitness' coverage:   44.114367162867076
highest fitness' collisions: 0.1467189779934207
new generation:  4124
Fittest                      42.652967823944046
highest fitness' coverage:   44.120157603878255
highest fitness' collisions: 0.14671897799342065
new generation:  4125
Fittest                      42.67827735748392
highest fitness' coverage:   44.14546713741813
highest fitness' collisions: 0.1467189779934207
new generation:  4126
Fittest                      42.681918182784095
highest fitness' coverage:   44.1491079627183
highest fitness' collisions: 0.1467189779934205
new generation:  4127
Fittest                      42.69399698504363
highest fitness' coverage:   44.16118676497784
highest fitness' collisions: 0.14671897799342057
new generation:  4128
Fittest                      42.67156903679371
highest fitness' coverage:   44.13875881672792
highest fitness' collisions: 0.14671897799342073
new generation:  4129
Fittest                      42.67844877171632
highest fitness' coverage:   44.14563855165053
highest fitness' collisions: 0.14671897799342057
new generation:  4130
Fittest                      42.66234692468204
highest fitness' coverage:   44.12953670461625
highest fitness' collisions: 0.14671897799342073
new generation:  4131
Fittest                      42.659592594075164
highest fitness' coverage:   44.12678237400937
highest fitness' collisions: 0.14671897799342062
new generation:  4132
Fittest                      42.66554951076773
highest fitness' coverage:   44.13273929070194
highest fitness' collisions: 0.14671897799342073
new generation:  4133
Fittest                      42.65987493810762
highest fitness' coverage:   44.12706471804183
highest fitness' collisions: 0.14671897799342076
new generation:  4134
Fittest                      42.67197904902556
highest fitness' coverage:   44.13916882895977
highest fitness' collisions: 0.14671897799342068
new generation:  4135
Fittest                      42.665809596311824
highest fitness' coverage:   44.13596743967447
highest fitness' collisions: 0.14701578433626425
new generation:  4136
Fittest                      42.656755995172006
highest fitness' coverage:   44.12691383853465
highest fitness' collisions: 0.14701578433626433
new generation:  4137
Fittest                      42.6570963048171
highest fitness' coverage:   44.127254148179745
highest fitness' collisions: 0.14701578433626428
new generation:  4138
Fittest                      42.659851513844586
highest fitness' coverage:   44.13000935720723
highest fitness' collisions: 0.14701578433626428
new generation:  4139
Fittest                      42.65354292312609
highest fitness' coverage:   44.12370076648873
highest fitness' collisions: 0.14701578433626433
new generation:  4140
Fittest                      42.66835761136696
highest fitness' coverage:   44.13601590580176
highest fitness' collisions: 0.1467658294434802
new generation:  4141
Fittest                      42.65878962731901
highest fitness' coverage:   44.12644792175381
highest fitness' collisions: 0.1467658294434802
new generation:  4142
Fittest                      42.65880332251578
highest fitness' coverage:   44.12646161695058
highest fitness' collisions: 0.1467658294434802
new generation:  4143
Fittest                      42.690119657625466
highest fitness' coverage:   44.15175235619952
highest fitness' collisions: 0.14616326985740577
new generation:  4144
Fittest                      42.677573882710405
highest fitness' coverage:   44.13920658128446
highest fitness' collisions: 0.14616326985740577
new generation:  4145
Fittest                      42.67442832335207
highest fitness' coverage:   44.136061021926125
highest fitness' collisions: 0.1461632698574058
new generation:  4146
Fittest                      42.683812332644024
highest fitness' coverage:   44.14544503121808
highest fitness' collisions: 0.1461632698574058
new generation:  4147
Fittest                      42.699349559851385
highest fitness' coverage:   44.16098225842544
highest fitness' collisions: 0.1461632698574058
new generation:  4148
Fittest                      42.6651653548955
highest fitness' coverage:   44.12679805346956
highest fitness' collisions: 0.14616326985740577
new generation:  4149
Fittest                      42.66218424657324
highest fitness' coverage:   44.1238169451473
highest fitness' collisions: 0.1461632698574058
new generation:  4150
Fittest                      42.66547714696621
highest fitness' coverage:   44.12710984554027
highest fitness' collisions: 0.14616326985740574
new generation:  4151
Fittest                      42.655848757422994
highest fitness' coverage:   44.11748145599705
highest fitness' collisions: 0.14616326985740577
new generation:  4152
Fittest                      42.65422052244839
highest fitness' coverage:   44.106744326619534
highest fitness' collisions: 0.14525238041711427
new generation:  4153
Fittest                      42.654659591721
highest fitness' coverage:   44.113349345910756
highest fitness' collisions: 0.14586897541897567
new generation:  4154
Fittest                      42.657790508688784
highest fitness' coverage:   44.11648026287854
highest fitness' collisions: 0.14586897541897556
new generation:  4155
Fittest                      42.645171266426075
highest fitness' coverage:   44.10386102061583
highest fitness' collisions: 0.1458689754189756
new generation:  4156
Fittest                      42.66142409113195
highest fitness' coverage:   44.128491586763715
highest fitness' collisions: 0.14670674956317653
new generation:  4157
Fittest                      42.65535417189251
highest fitness' coverage:   44.12242166752427
highest fitness' collisions: 0.14670674956317634
new generation:  4158
Fittest                      42.64865624341343
highest fitness' coverage:   44.110070331171094
highest fitness' collisions: 0.14614140877576692
new generation:  4159
Fittest                      42.65815952829101
highest fitness' coverage:   44.119573616048676
highest fitness' collisions: 0.14614140877576692
new generation:  4160
Fittest                      42.65718721607993
highest fitness' coverage:   44.116101506571745
highest fitness' collisions: 0.14589142904918156
new generation:  4161
Fittest                      42.68561408991375
highest fitness' coverage:   44.14452838040557
highest fitness' collisions: 0.14589142904918173
new generation:  4162
Fittest                      42.66685043866661
highest fitness' coverage:   44.125764729158426
highest fitness' collisions: 0.14589142904918168
new generation:  4163
Fittest                      42.64784796510738
highest fitness' coverage:   44.1067622555992
highest fitness' collisions: 0.14589142904918162
new generation:  4164
Fittest                      42.644731458060065
highest fitness' coverage:   44.103645748551884
highest fitness' collisions: 0.14589142904918165
new generation:  4165
Fittest                      42.65756418504801
highest fitness' coverage:   44.11647847553983
highest fitness' collisions: 0.1458914290491816
new generation:  4166
Fittest                      42.641756837657766
highest fitness' coverage:   44.100671128149585
highest fitness' collisions: 0.14589142904918165
new generation:  4167
Fittest                      42.67287704061121
highest fitness' coverage:   44.131791331103024
highest fitness' collisions: 0.14589142904918156
new generation:  4168
Fittest                      42.67913595090941
highest fitness' coverage:   44.13805024140123
highest fitness' collisions: 0.14589142904918162
new generation:  4169
Fittest                      42.6635963275047
highest fitness' coverage:   44.12251061799652
highest fitness' collisions: 0.14589142904918168
new generation:  4170
Fittest                      42.65153015772276
highest fitness' coverage:   44.11044444821457
highest fitness' collisions: 0.1458914290491815
new generation:  4171
Fittest                      42.676346099696765
highest fitness' coverage:   44.13526039018858
highest fitness' collisions: 0.14589142904918145
new generation:  4172
Fittest                      42.66351990007808
highest fitness' coverage:   44.1224341905699
highest fitness' collisions: 0.1458914290491816
new generation:  4173
Fittest                      42.6641164709847
highest fitness' coverage:   44.12303076147652
highest fitness' collisions: 0.14589142904918162
new generation:  4174
Fittest                      42.64766702291393
highest fitness' coverage:   44.10658131340575
highest fitness' collisions: 0.14589142904918165
new generation:  4175
Fittest                      42.65785623298849
highest fitness' coverage:   44.11677052348031
highest fitness' collisions: 0.14589142904918165
new generation:  4176
Fittest                      42.657216338365615
highest fitness' coverage:   44.12300405072678
highest fitness' collisions: 0.14657877123611632
new generation:  4177
Fittest                      42.63769226047958
highest fitness' coverage:   44.103479972840745
highest fitness' collisions: 0.1465787712361163
new generation:  4178
Fittest                      42.678468978981456
highest fitness' coverage:   44.14425669134262
highest fitness' collisions: 0.14657877123611612
new generation:  4179
Fittest                      42.68437696707684
highest fitness' coverage:   44.1599284924194
highest fitness' collisions: 0.14755515253425608
new generation:  4180
Fittest                      42.647800331686604
highest fitness' coverage:   44.123351857029164
highest fitness' collisions: 0.14755515253425588
new generation:  4181
Fittest                      42.64111747202906
highest fitness' coverage:   44.11666899737162
highest fitness' collisions: 0.14755515253425608
new generation:  4182
Fittest                      42.65666258820121
highest fitness' coverage:   44.13221411354377
highest fitness' collisions: 0.14755515253425625
new generation:  4183
Fittest                      42.63806885923227
highest fitness' coverage:   44.11362038457483
highest fitness' collisions: 0.147555152534256
new generation:  4184
Fittest                      42.67484334464126
highest fitness' coverage:   44.15039486998382
highest fitness' collisions: 0.14755515253425602
new generation:  4185
Fittest                      42.63189047104518
highest fitness' coverage:   44.10744199638774
highest fitness' collisions: 0.14755515253425616
new generation:  4186
Fittest                      42.66579123186811
highest fitness' coverage:   44.14134275721067
highest fitness' collisions: 0.1475551525342562
new generation:  4187
Fittest                      42.659497276146865
highest fitness' coverage:   44.135048801489425
highest fitness' collisions: 0.14755515253425616
new generation:  4188
Fittest                      42.61979126891515
highest fitness' coverage:   44.096691757140306
highest fitness' collisions: 0.14769004882251538
new generation:  4189
Fittest                      42.65072799005917
highest fitness' coverage:   44.12762847828432
highest fitness' collisions: 0.14769004882251535
new generation:  4190
Fittest                      42.65715275285327
highest fitness' coverage:   44.13405324107842
highest fitness' collisions: 0.1476900488225151
new generation:  4191
Fittest                      42.66070441100108
highest fitness' coverage:   44.13760489922623
highest fitness' collisions: 0.14769004882251524
new generation:  4192
Fittest                      42.66609127366087
highest fitness' coverage:   44.14299176188602
highest fitness' collisions: 0.14769004882251535
new generation:  4193
Fittest                      42.6597549703781
highest fitness' coverage:   44.13665545860326
highest fitness' collisions: 0.14769004882251527
new generation:  4194
Fittest                      42.622283621546075
highest fitness' coverage:   44.10863413240378
highest fitness' collisions: 0.14863505108577052
new generation:  4195
Fittest                      42.6355676518778
highest fitness' coverage:   44.124208205390396
highest fitness' collisions: 0.14886405535125927
new generation:  4196
Fittest                      42.6393067017344
highest fitness' coverage:   44.12794725524699
highest fitness' collisions: 0.14886405535125907
new generation:  4197
Fittest                      42.63551297910272
highest fitness' coverage:   44.123958548155336
highest fitness' collisions: 0.14884455690526166
new generation:  4198
Fittest                      42.63288864596418
highest fitness' coverage:   44.121334215016795
highest fitness' collisions: 0.14884455690526172
new generation:  4199
Fittest                      42.636026305141485
highest fitness' coverage:   44.1244718741941
highest fitness' collisions: 0.14884455690526163
new generation:  4200
Fittest                      42.621091263164594
highest fitness' coverage:   44.10953683221721
highest fitness' collisions: 0.1488445569052617
new generation:  4201
Fittest                      42.60766120360388
highest fitness' coverage:   44.0961067726565
highest fitness' collisions: 0.14884455690526155
new generation:  4202
Fittest                      42.633037172403434
highest fitness' coverage:   44.12148274145605
highest fitness' collisions: 0.1488445569052615
new generation:  4203
Fittest                      42.624303199884324
highest fitness' coverage:   44.106230160456825
highest fitness' collisions: 0.14819269605725038
new generation:  4204
Fittest                      42.62737192507205
highest fitness' coverage:   44.10929888564455
highest fitness' collisions: 0.14819269605725022
new generation:  4205
Fittest                      42.642163671457396
highest fitness' coverage:   44.124090632029905
highest fitness' collisions: 0.1481926960572505
new generation:  4206
Fittest                      42.62979026744362
highest fitness' coverage:   44.11171722801612
highest fitness' collisions: 0.14819269605725024
new generation:  4207
Fittest                      42.6548494089326
highest fitness' coverage:   44.1367763695051
highest fitness' collisions: 0.14819269605725022
new generation:  4208
Fittest                      42.646046142560145
highest fitness' coverage:   44.127973103132646
highest fitness' collisions: 0.14819269605725022
new generation:  4209
Fittest                      42.6335354034149
highest fitness' coverage:   44.115462363987405
highest fitness' collisions: 0.14819269605725033
new generation:  4210
Fittest                      42.62442964172932
highest fitness' coverage:   44.10635660230182
highest fitness' collisions: 0.1481926960572503
new generation:  4211
Fittest                      42.64559559873554
highest fitness' coverage:   44.12752255930804
highest fitness' collisions: 0.14819269605725038
new generation:  4212
Fittest                      42.65153852374326
highest fitness' coverage:   44.13359785254182
highest fitness' collisions: 0.14820593287985578
new generation:  4213
Fittest                      42.64840967446549
highest fitness' coverage:   44.13046900326405
highest fitness' collisions: 0.1482059328798559
new generation:  4214
Fittest                      42.626478788733245
highest fitness' coverage:   44.1085381175318
highest fitness' collisions: 0.1482059328798558
new generation:  4215
Fittest                      42.6534199988595
highest fitness' coverage:   44.09661765120311
highest fitness' collisions: 0.14431976523436107
new generation:  4216
Fittest                      42.668337821159824
highest fitness' coverage:   44.10001885439514
highest fitness' collisions: 0.14316810332353158
new generation:  4217
Fittest                      42.66851118249342
highest fitness' coverage:   44.10019221572873
highest fitness' collisions: 0.14316810332353178
new generation:  4218
Fittest                      42.68082924365575
highest fitness' coverage:   44.112510276891065
highest fitness' collisions: 0.14316810332353164
new generation:  4219
Fittest                      42.66208180974234
highest fitness' coverage:   44.093762842977654
highest fitness' collisions: 0.1431681033235317
new generation:  4220
Fittest                      42.66459524294251
highest fitness' coverage:   44.096276276177825
highest fitness' collisions: 0.14316810332353166
new generation:  4221
Fittest                      42.68677963146108
highest fitness' coverage:   44.11846066469639
highest fitness' collisions: 0.14316810332353158
new generation:  4222
Fittest                      42.66559314524897
highest fitness' coverage:   44.097274178484284
highest fitness' collisions: 0.1431681033235317
new generation:  4223
Fittest                      42.69654575456109
highest fitness' coverage:   44.12805300771354
highest fitness' collisions: 0.14315072531524436
new generation:  4224
Fittest                      42.68105501285525
highest fitness' coverage:   44.11256226600769
highest fitness' collisions: 0.1431507253152442
new generation:  4225
Fittest                      42.67153756132882
highest fitness' coverage:   44.103244340712756
highest fitness' collisions: 0.14317067793839383
new generation:  4226
Fittest                      42.68996055618793
highest fitness' coverage:   44.121667335571864
highest fitness' collisions: 0.14317067793839386
new generation:  4227
Fittest                      42.665372099370074
highest fitness' coverage:   44.09707887875401
highest fitness' collisions: 0.14317067793839391
new generation:  4228
Fittest                      42.71478642287483
highest fitness' coverage:   44.14649320225877
highest fitness' collisions: 0.14317067793839386
new generation:  4229
Fittest                      42.69032276260153
highest fitness' coverage:   44.12202954198547
highest fitness' collisions: 0.14317067793839383
new generation:  4230
Fittest                      42.69010624474638
highest fitness' coverage:   44.12181302413032
highest fitness' collisions: 0.14317067793839391
new generation:  4231
Fittest                      42.7023814639907
highest fitness' coverage:   44.134088243374634
highest fitness' collisions: 0.14317067793839378
new generation:  4232
Fittest                      42.66829937367405
highest fitness' coverage:   44.10000615305799
highest fitness' collisions: 0.14317067793839372
new generation:  4233
Fittest                      42.66562395634912
highest fitness' coverage:   44.09733073573306
highest fitness' collisions: 0.14317067793839386
new generation:  4234
Fittest                      42.674242917555176
highest fitness' coverage:   44.10594969693911
highest fitness' collisions: 0.14317067793839378
new generation:  4235
Fittest                      42.65932145982184
highest fitness' coverage:   44.09102823920578
highest fitness' collisions: 0.14317067793839386
new generation:  4236
Fittest                      42.680469699210825
highest fitness' coverage:   44.11217647859476
highest fitness' collisions: 0.1431706779383938
new generation:  4237
Fittest                      42.681197515153855
highest fitness' coverage:   44.11290429453779
highest fitness' collisions: 0.14317067793839378
new generation:  4238
Fittest                      42.66229265066339
highest fitness' coverage:   44.093999430047326
highest fitness' collisions: 0.14317067793839383
new generation:  4239
Fittest                      42.66826124565172
highest fitness' coverage:   44.09996802503566
highest fitness' collisions: 0.14317067793839386
new generation:  4240
Fittest                      42.68428623328476
highest fitness' coverage:   44.115993012668696
highest fitness' collisions: 0.14317067793839391
new generation:  4241
Fittest                      42.67126916436641
highest fitness' coverage:   44.102975943750344
highest fitness' collisions: 0.1431706779383939
new generation:  4242
Fittest                      42.69654291429342
highest fitness' coverage:   44.128249693677354
highest fitness' collisions: 0.14317067793839391
new generation:  4243
Fittest                      42.70897087715568
highest fitness' coverage:   44.140677656539616
highest fitness' collisions: 0.1431706779383938
new generation:  4244
Fittest                      42.69296199929616
highest fitness' coverage:   44.124668778680096
highest fitness' collisions: 0.1431706779383939
new generation:  4245
Fittest                      42.67172046738277
highest fitness' coverage:   44.10342724676671
highest fitness' collisions: 0.14317067793839386
new generation:  4246
Fittest                      42.674993631316816
highest fitness' coverage:   44.10670041070075
highest fitness' collisions: 0.14317067793839383
new generation:  4247
Fittest                      42.677284693323955
highest fitness' coverage:   44.10899147270789
highest fitness' collisions: 0.14317067793839386
new generation:  4248
Fittest                      42.693125358913804
highest fitness' coverage:   44.13108439621037
highest fitness' collisions: 0.14379590372965628
new generation:  4249
Fittest                      42.702194018330744
highest fitness' coverage:   44.14015305562731
highest fitness' collisions: 0.14379590372965637
new generation:  4250
Fittest                      42.686479656678735
highest fitness' coverage:   44.1244386939753
highest fitness' collisions: 0.14379590372965628
new generation:  4251
Fittest                      42.68382169305462
highest fitness' coverage:   44.12178073035118
highest fitness' collisions: 0.1437959037296563
new generation:  4252
Fittest                      42.68399342108275
highest fitness' coverage:   44.12195245837931
highest fitness' collisions: 0.1437959037296563
new generation:  4253
Fittest                      42.67734086624045
highest fitness' coverage:   44.115299903537014
highest fitness' collisions: 0.1437959037296564
new generation:  4254
Fittest                      42.68078702269215
highest fitness' coverage:   44.118746059988716
highest fitness' collisions: 0.14379590372965642
new generation:  4255
Fittest                      42.68387013868118
highest fitness' coverage:   44.121829175977744
highest fitness' collisions: 0.14379590372965623
new generation:  4256
Fittest                      42.68665346805226
highest fitness' coverage:   44.12461250534883
highest fitness' collisions: 0.14379590372965637
new generation:  4257
Fittest                      42.711882376055364
highest fitness' coverage:   44.14984141335193
highest fitness' collisions: 0.1437959037296563
new generation:  4258
Fittest                      42.72096820505167
highest fitness' coverage:   44.158927242348234
highest fitness' collisions: 0.14379590372965625
new generation:  4259
Fittest                      42.67758108436962
highest fitness' coverage:   44.115540121666186
highest fitness' collisions: 0.14379590372965637
new generation:  4260
Fittest                      42.69617422255818
highest fitness' coverage:   44.13413325985474
highest fitness' collisions: 0.1437959037296565
new generation:  4261
Fittest                      42.68387093841645
highest fitness' coverage:   44.12478118493968
highest fitness' collisions: 0.14409102465232282
new generation:  4262
Fittest                      42.68742697697748
highest fitness' coverage:   44.12833722350071
highest fitness' collisions: 0.1440910246523229
new generation:  4263
Fittest                      42.69976114214065
highest fitness' coverage:   44.14067138866388
highest fitness' collisions: 0.144091024652323
new generation:  4264
Fittest                      42.683751677919055
highest fitness' coverage:   44.124661924442286
highest fitness' collisions: 0.14409102465232293
new generation:  4265
Fittest                      42.6993376667213
highest fitness' coverage:   44.14024791324453
highest fitness' collisions: 0.14409102465232293
new generation:  4266
Fittest                      42.66780621805379
highest fitness' coverage:   44.106148321736896
highest fitness' collisions: 0.14383421036831026
new generation:  4267
Fittest                      42.686723345128854
highest fitness' coverage:   44.12506544881196
highest fitness' collisions: 0.1438342103683102
new generation:  4268
Fittest                      42.668046349096684
highest fitness' coverage:   44.10638845277979
highest fitness' collisions: 0.1438342103683102
new generation:  4269
Fittest                      42.673914995228685
highest fitness' coverage:   44.11225709891178
highest fitness' collisions: 0.14383421036831015
new generation:  4270
Fittest                      42.66805749974047
highest fitness' coverage:   44.10639960342357
highest fitness' collisions: 0.14383421036831018
new generation:  4271
Fittest                      42.69249914956262
highest fitness' coverage:   44.13084125324573
highest fitness' collisions: 0.1438342103683102
new generation:  4272
Fittest                      42.69597328952055
highest fitness' coverage:   44.13431539320366
highest fitness' collisions: 0.14383421036831018
new generation:  4273
Fittest                      42.69353839864946
highest fitness' coverage:   44.12169175804483
highest fitness' collisions: 0.1428153359395373
new generation:  4274
Fittest                      42.69553172823306
highest fitness' coverage:   44.124556051218384
highest fitness' collisions: 0.14290243229853292
new generation:  4275
Fittest                      42.698531483261945
highest fitness' coverage:   44.12755580624727
highest fitness' collisions: 0.14290243229853286
new generation:  4276
Fittest                      42.673873891625774
highest fitness' coverage:   44.1028982146111
highest fitness' collisions: 0.14290243229853283
new generation:  4277
Fittest                      42.701779451224645
highest fitness' coverage:   44.13080377420997
highest fitness' collisions: 0.1429024322985329
new generation:  4278
Fittest                      42.679784850738166
highest fitness' coverage:   44.11219709482494
highest fitness' collisions: 0.14324122440867756
new generation:  4279
Fittest                      42.679520110617716
highest fitness' coverage:   44.11193235470449
highest fitness' collisions: 0.1432412244086775
new generation:  4280
Fittest                      42.69372743000855
highest fitness' coverage:   44.079238937820854
highest fitness' collisions: 0.13855115078123012
new generation:  4281
Fittest                      42.73133560396857
highest fitness' coverage:   44.11684711178087
highest fitness' collisions: 0.1385511507812302
new generation:  4282
Fittest                      42.71582450153737
highest fitness' coverage:   44.10133600934967
highest fitness' collisions: 0.1385511507812303
new generation:  4283
Fittest                      42.71887172235179
highest fitness' coverage:   44.104383230164096
highest fitness' collisions: 0.13855115078123018
new generation:  4284
Fittest                      42.729627068836876
highest fitness' coverage:   44.116715229351186
highest fitness' collisions: 0.1387088160514309
new generation:  4285
Fittest                      42.71987796871462
highest fitness' coverage:   44.10696612922893
highest fitness' collisions: 0.13870881605143068
new generation:  4286
Fittest                      42.72948570336081
highest fitness' coverage:   44.11657386387512
highest fitness' collisions: 0.13870881605143087
new generation:  4287
Fittest                      42.7204152296911
highest fitness' coverage:   44.10750339020541
highest fitness' collisions: 0.1387088160514307
new generation:  4288
Fittest                      42.72683384262242
highest fitness' coverage:   44.11392200313673
highest fitness' collisions: 0.1387088160514309
new generation:  4289
Fittest                      42.73878730485426
highest fitness' coverage:   44.12587546536857
highest fitness' collisions: 0.13870881605143076
new generation:  4290
Fittest                      42.723550476984485
highest fitness' coverage:   44.110638637498795
highest fitness' collisions: 0.13870881605143087
new generation:  4291
Fittest                      42.71654390234142
highest fitness' coverage:   44.10363206285573
highest fitness' collisions: 0.13870881605143084
new generation:  4292
Fittest                      42.732124180594035
highest fitness' coverage:   44.119212341108344
highest fitness' collisions: 0.1387088160514307
new generation:  4293
Fittest                      42.710621936970014
highest fitness' coverage:   44.097710097484324
highest fitness' collisions: 0.13870881605143087
new generation:  4294
Fittest                      42.72907536759187
highest fitness' coverage:   44.11616352810618
highest fitness' collisions: 0.13870881605143082
new generation:  4295
Fittest                      42.72933189382962
highest fitness' coverage:   44.116420054343926
highest fitness' collisions: 0.13870881605143076
new generation:  4296
Fittest                      42.731880906539246
highest fitness' coverage:   44.118969067053555
highest fitness' collisions: 0.13870881605143084
new generation:  4297
Fittest                      42.70426627562387
highest fitness' coverage:   44.09135443613818
highest fitness' collisions: 0.1387088160514309
new generation:  4298
Fittest                      42.72976833622926
highest fitness' coverage:   44.11685649674357
highest fitness' collisions: 0.1387088160514309
new generation:  4299
Fittest                      42.72955374462792
highest fitness' coverage:   44.11664190514223
highest fitness' collisions: 0.1387088160514308
new generation:  4300
Fittest                      42.72898287454647
highest fitness' coverage:   44.11607103506078
highest fitness' collisions: 0.13870881605143082
new generation:  4301
Fittest                      42.70419563601074
highest fitness' coverage:   44.09128379652505
highest fitness' collisions: 0.13870881605143087
new generation:  4302
Fittest                      42.729484221290214
highest fitness' coverage:   44.116572381804524
highest fitness' collisions: 0.13870881605143087
new generation:  4303
Fittest                      42.73213692569968
highest fitness' coverage:   44.11922508621399
highest fitness' collisions: 0.1387088160514307
new generation:  4304
Fittest                      42.7165028133474
highest fitness' coverage:   44.10359097386171
highest fitness' collisions: 0.13870881605143093
new generation:  4305
Fittest                      42.71974955161293
highest fitness' coverage:   44.10683771212724
highest fitness' collisions: 0.1387088160514309
new generation:  4306
Fittest                      42.707817495503235
highest fitness' coverage:   44.094905656017545
highest fitness' collisions: 0.1387088160514308
new generation:  4307
Fittest                      42.716804806569215
highest fitness' coverage:   44.103892967083524
highest fitness' collisions: 0.13870881605143084
new generation:  4308
Fittest                      42.74172737113205
highest fitness' coverage:   44.12881553164636
highest fitness' collisions: 0.1387088160514308
new generation:  4309
Fittest                      42.735288007660365
highest fitness' coverage:   44.122376168174675
highest fitness' collisions: 0.13870881605143082
new generation:  4310
Fittest                      42.741772958851634
highest fitness' coverage:   44.12886111936594
highest fitness' collisions: 0.1387088160514309
new generation:  4311
Fittest                      42.7107818297383
highest fitness' coverage:   44.09786999025261
highest fitness' collisions: 0.13870881605143076
new generation:  4312
Fittest                      42.719648656404544
highest fitness' coverage:   44.106736816918854
highest fitness' collisions: 0.1387088160514308
new generation:  4313
Fittest                      42.69765502695246
highest fitness' coverage:   44.08474318746677
highest fitness' collisions: 0.1387088160514309
new generation:  4314
Fittest                      42.71083456080878
highest fitness' coverage:   44.09792272132309
highest fitness' collisions: 0.13870881605143093
new generation:  4315
Fittest                      42.738852295363856
highest fitness' coverage:   44.125940455878165
highest fitness' collisions: 0.13870881605143087
new generation:  4316
Fittest                      42.71374989357105
highest fitness' coverage:   44.10083805408536
highest fitness' collisions: 0.13870881605143082
new generation:  4317
Fittest                      42.71401592271053
highest fitness' coverage:   44.10110408322484
highest fitness' collisions: 0.13870881605143084
new generation:  4318
Fittest                      42.7264147294551
highest fitness' coverage:   44.11350288996941
highest fitness' collisions: 0.13870881605143084
new generation:  4319
Fittest                      42.69523678264709
highest fitness' coverage:   44.0823249431614
highest fitness' collisions: 0.13870881605143084
new generation:  4320
Fittest                      42.71811075271595
highest fitness' coverage:   44.08525553844528
highest fitness' collisions: 0.13671447857293273
new generation:  4321
Fittest                      42.74281066342248
highest fitness' coverage:   44.10995544915181
highest fitness' collisions: 0.1367144785729327
new generation:  4322
Fittest                      42.75874697149757
highest fitness' coverage:   44.1258917572269
highest fitness' collisions: 0.1367144785729329
new generation:  4323
Fittest                      42.74008441180514
highest fitness' coverage:   44.10722919753447
highest fitness' collisions: 0.13671447857293273
new generation:  4324
Fittest                      42.72727122769657
highest fitness' coverage:   44.0944160134259
highest fitness' collisions: 0.1367144785729329
new generation:  4325
Fittest                      42.75253076116419
highest fitness' coverage:   44.11967554689352
highest fitness' collisions: 0.13671447857293278
new generation:  4326
Fittest                      42.731078229431944
highest fitness' coverage:   44.098223015161274
highest fitness' collisions: 0.13671447857293273
new generation:  4327
Fittest                      42.74539994720864
highest fitness' coverage:   44.113534582442526
highest fitness' collisions: 0.1368134635233883
new generation:  4328
Fittest                      42.72903302981231
highest fitness' coverage:   44.09716766504619
highest fitness' collisions: 0.13681346352338838
new generation:  4329
Fittest                      42.72360176888392
highest fitness' coverage:   44.091736404117796
highest fitness' collisions: 0.13681346352338822
new generation:  4330
Fittest                      42.73888089884675
highest fitness' coverage:   44.10701553408064
highest fitness' collisions: 0.13681346352338838
new generation:  4331
Fittest                      42.732579769084126
highest fitness' coverage:   44.10071440431801
highest fitness' collisions: 0.13681346352338827
new generation:  4332
Fittest                      42.73399015938386
highest fitness' coverage:   44.10367544194647
highest fitness' collisions: 0.13696852825626116
new generation:  4333
Fittest                      42.74061332739514
highest fitness' coverage:   44.11665954443634
highest fitness' collisions: 0.1376046217041203
new generation:  4334
Fittest                      42.73423287121284
highest fitness' coverage:   44.11027908825404
highest fitness' collisions: 0.13760462170412027
new generation:  4335
Fittest                      42.74660404180742
highest fitness' coverage:   44.122824038931505
highest fitness' collisions: 0.13762199971240785
new generation:  4336
Fittest                      42.74020779052314
highest fitness' coverage:   44.11642778764721
highest fitness' collisions: 0.1376219997124078
new generation:  4337
Fittest                      42.72654192680894
highest fitness' coverage:   44.091860050722325
highest fitness' collisions: 0.13653181239133796
new generation:  4338
Fittest                      42.70736535190492
highest fitness' coverage:   44.0726834758183
highest fitness' collisions: 0.13653181239133796
new generation:  4339
Fittest                      42.72473036968167
highest fitness' coverage:   44.10454681027962
highest fitness' collisions: 0.13798164405979507
new generation:  4340
Fittest                      42.70597445495611
highest fitness' coverage:   44.08579089555406
highest fitness' collisions: 0.13798164405979507
new generation:  4341
Fittest                      42.721298812325124
highest fitness' coverage:   44.10111525292307
highest fitness' collisions: 0.137981644059795
new generation:  4342
Fittest                      42.6842645789478
highest fitness' coverage:   44.064081019545746
highest fitness' collisions: 0.13798164405979502
new generation:  4343
Fittest                      42.702838041360344
highest fitness' coverage:   44.08265448195829
highest fitness' collisions: 0.13798164405979507
new generation:  4344
Fittest                      42.72108182363247
highest fitness' coverage:   44.100898264230416
highest fitness' collisions: 0.13798164405979502
new generation:  4345
Fittest                      42.71494703531844
highest fitness' coverage:   44.09476347591639
highest fitness' collisions: 0.13798164405979507
new generation:  4346
Fittest                      42.705418076915976
highest fitness' coverage:   44.085234517513925
highest fitness' collisions: 0.137981644059795
new generation:  4347
Fittest                      42.70890318525749
highest fitness' coverage:   44.08871962585544
highest fitness' collisions: 0.1379816440597951
new generation:  4348
Fittest                      42.72775701648592
highest fitness' coverage:   44.107573457083866
highest fitness' collisions: 0.13798164405979504
new generation:  4349
Fittest                      42.71523768615516
highest fitness' coverage:   44.09505412675311
highest fitness' collisions: 0.13798164405979513
new generation:  4350
Fittest                      42.69678675944712
highest fitness' coverage:   44.070081780605605
highest fitness' collisions: 0.13732950211584838
new generation:  4351
Fittest                      42.71512049518078
highest fitness' coverage:   44.08841551633926
highest fitness' collisions: 0.13732950211584838
new generation:  4352
Fittest                      42.70742149124396
highest fitness' coverage:   44.09499713002703
highest fitness' collisions: 0.13875756387830687
new generation:  4353
Fittest                      42.69813307369894
highest fitness' coverage:   44.08570871248201
highest fitness' collisions: 0.1387575638783069
new generation:  4354
Fittest                      42.70114835916652
highest fitness' coverage:   44.088723997949586
highest fitness' collisions: 0.1387575638783069
new generation:  4355
Fittest                      42.70718042414132
highest fitness' coverage:   44.09475606292439
highest fitness' collisions: 0.1387575638783069
new generation:  4356
Fittest                      42.70365163244424
highest fitness' coverage:   44.08219240823539
highest fitness' collisions: 0.13785407757911508
new generation:  4357
Fittest                      42.72853292668976
highest fitness' coverage:   44.10707370248091
highest fitness' collisions: 0.13785407757911514
new generation:  4358
Fittest                      42.70668210306658
highest fitness' coverage:   44.07268434877198
highest fitness' collisions: 0.1366002245705399
new generation:  4359
Fittest                      42.70091958814106
highest fitness' coverage:   44.066921833846465
highest fitness' collisions: 0.13660022457053994
new generation:  4360
Fittest                      42.73812046728098
highest fitness' coverage:   44.10412271298638
highest fitness' collisions: 0.13660022457053994
new generation:  4361
Fittest                      42.71378477974021
highest fitness' coverage:   44.079787025445604
highest fitness' collisions: 0.1366002245705399
new generation:  4362
Fittest                      42.69842404213043
highest fitness' coverage:   44.064426287835836
highest fitness' collisions: 0.13660022457054002
new generation:  4363
Fittest                      42.7443420087205
highest fitness' coverage:   44.1103442544259
highest fitness' collisions: 0.13660022457053983
new generation:  4364
Fittest                      42.711725447458214
highest fitness' coverage:   44.113355672142525
highest fitness' collisions: 0.14016302246843126
new generation:  4365
Fittest                      42.67758752746549
highest fitness' coverage:   44.0792177521498
highest fitness' collisions: 0.1401630224684314
new generation:  4366
Fittest                      42.695920273910254
highest fitness' coverage:   44.097550498594565
highest fitness' collisions: 0.14016302246843135
new generation:  4367
Fittest                      42.68375401917492
highest fitness' coverage:   44.08538424385923
highest fitness' collisions: 0.14016302246843138
new generation:  4368
Fittest                      42.721746339256676
highest fitness' coverage:   44.34910905879705
highest fitness' collisions: 0.16273627195403725
new generation:  4369
Fittest                      42.76836965755135
highest fitness' coverage:   44.39573237709172
highest fitness' collisions: 0.16273627195403698
new generation:  4370
Fittest                      42.78018797899332
highest fitness' coverage:   44.39206253234457
highest fitness' collisions: 0.16118745533512474
new generation:  4371
Fittest                      42.81489716779451
highest fitness' coverage:   44.426771721145755
highest fitness' collisions: 0.16118745533512452
new generation:  4372
Fittest                      42.824286372689414
highest fitness' coverage:   44.436160926040664
highest fitness' collisions: 0.16118745533512463
new generation:  4373
Fittest                      42.77128419972736
highest fitness' coverage:   44.383158753078604
highest fitness' collisions: 0.1611874553351246
new generation:  4374
Fittest                      42.78987785759993
highest fitness' coverage:   44.40175241095118
highest fitness' collisions: 0.16118745533512463
new generation:  4375
Fittest                      42.799282200144276
highest fitness' coverage:   44.411156753495526
highest fitness' collisions: 0.16118745533512466
new generation:  4376
Fittest                      42.7998970193909
highest fitness' coverage:   44.41177157274215
highest fitness' collisions: 0.1611874553351246
new generation:  4377
Fittest                      42.79081136366808
highest fitness' coverage:   44.401767129667235
highest fitness' collisions: 0.16109557659991547
new generation:  4378
Fittest                      42.769465165525695
highest fitness' coverage:   44.38042093152485
highest fitness' collisions: 0.16109557659991558
new generation:  4379
Fittest                      42.82239628481541
highest fitness' coverage:   44.43335205081456
highest fitness' collisions: 0.16109557659991544
new generation:  4380
Fittest                      42.790737559738425
highest fitness' coverage:   44.401693325737575
highest fitness' collisions: 0.16109557659991539
new generation:  4381
Fittest                      42.803255822185854
highest fitness' coverage:   44.41421158818501
highest fitness' collisions: 0.16109557659991547
new generation:  4382
Fittest                      42.786892026949104
highest fitness' coverage:   44.39847875029274
highest fitness' collisions: 0.1611586723343636
new generation:  4383
Fittest                      42.79393754885657
highest fitness' coverage:   44.4055242722002
highest fitness' collisions: 0.16115867233436357
new generation:  4384
Fittest                      42.79700087589347
highest fitness' coverage:   44.4085875992371
highest fitness' collisions: 0.16115867233436373
new generation:  4385
Fittest                      42.82159426120344
highest fitness' coverage:   44.43318098454707
highest fitness' collisions: 0.1611586723343637
new generation:  4386
Fittest                      42.82110235597254
highest fitness' coverage:   44.43268907931618
highest fitness' collisions: 0.16115867233436365
new generation:  4387
Fittest                      42.77772029223348
highest fitness' coverage:   44.38930701557712
highest fitness' collisions: 0.16115867233436365
new generation:  4388
Fittest                      42.80925694407119
highest fitness' coverage:   44.414482732936236
highest fitness' collisions: 0.16052257888650454
new generation:  4389
Fittest                      42.81138631936427
highest fitness' coverage:   44.41779040518857
highest fitness' collisions: 0.16064040858243034
new generation:  4390
Fittest                      42.78946021422525
highest fitness' coverage:   44.39586430004955
highest fitness' collisions: 0.16064040858243037
new generation:  4391
Fittest                      42.83019346411544
highest fitness' coverage:   44.43659754993974
highest fitness' collisions: 0.16064040858243042
new generation:  4392
Fittest                      42.80811059855988
highest fitness' coverage:   44.41451468438418
highest fitness' collisions: 0.16064040858243034
new generation:  4393
Fittest                      42.78591991277448
highest fitness' coverage:   44.39232399859878
highest fitness' collisions: 0.1606404085824304
new generation:  4394
Fittest                      42.7827496283023
highest fitness' coverage:   44.38915371412661
highest fitness' collisions: 0.16064040858243053
new generation:  4395
Fittest                      42.780279479711325
highest fitness' coverage:   44.42054506327588
highest fitness' collisions: 0.16402655835645555
new generation:  4396
Fittest                      42.811138103013015
highest fitness' coverage:   44.45140368657757
highest fitness' collisions: 0.16402655835645563
new generation:  4397
Fittest                      42.78563113729472
highest fitness' coverage:   44.41144232315182
highest fitness' collisions: 0.16258111858570953
new generation:  4398
Fittest                      42.76979975547524
highest fitness' coverage:   44.38275778619046
highest fitness' collisions: 0.1612958030715218
new generation:  4399
Fittest                      42.78897064977247
highest fitness' coverage:   44.40192868048769
highest fitness' collisions: 0.16129580307152183
new generation:  4400
Fittest                      42.78894128229469
highest fitness' coverage:   44.401899313009906
highest fitness' collisions: 0.16129580307152191
new generation:  4401
Fittest                      42.77059371753752
highest fitness' coverage:   44.38355174825274
highest fitness' collisions: 0.16129580307152175
new generation:  4402
Fittest                      42.80189157062234
highest fitness' coverage:   44.41484960133756
highest fitness' collisions: 0.16129580307152175
new generation:  4403
Fittest                      42.89955951268239
highest fitness' coverage:   44.37649613566063
highest fitness' collisions: 0.14769366229782424
new generation:  4404
Fittest                      42.91259228022007
highest fitness' coverage:   44.38952890319831
highest fitness' collisions: 0.1476936622978243
new generation:  4405
Fittest                      42.94715704566034
highest fitness' coverage:   44.424093668638584
highest fitness' collisions: 0.14769366229782413
new generation:  4406
Fittest                      42.91918757728496
highest fitness' coverage:   44.3961242002632
highest fitness' collisions: 0.1476936622978241
new generation:  4407
Fittest                      42.92195093118028
highest fitness' coverage:   44.39888755415852
highest fitness' collisions: 0.14769366229782435
new generation:  4408
Fittest                      42.9341344416105
highest fitness' coverage:   44.41107106458875
highest fitness' collisions: 0.14769366229782424
new generation:  4409
Fittest                      42.95216026325564
highest fitness' coverage:   44.4075899041748
highest fitness' collisions: 0.14554296409191583
new generation:  4410
Fittest                      42.964886989689745
highest fitness' coverage:   44.4203166306089
highest fitness' collisions: 0.1455429640919158
new generation:  4411
Fittest                      42.954753364748015
highest fitness' coverage:   44.41390182535021
highest fitness' collisions: 0.14591484606021948
new generation:  4412
Fittest                      42.91477289673033
highest fitness' coverage:   44.37392135733252
highest fitness' collisions: 0.14591484606021957
new generation:  4413
Fittest                      42.9647079233606
highest fitness' coverage:   44.42385638396279
highest fitness' collisions: 0.14591484606021943
new generation:  4414
Fittest                      42.95174134526521
highest fitness' coverage:   44.410889805867406
highest fitness' collisions: 0.14591484606021934
new generation:  4415
Fittest                      42.964315912084594
highest fitness' coverage:   44.42346437268679
highest fitness' collisions: 0.14591484606021962
new generation:  4416
Fittest                      42.93393371741665
highest fitness' coverage:   44.39903328298682
highest fitness' collisions: 0.14650995655701693
new generation:  4417
Fittest                      42.94438738014496
highest fitness' coverage:   44.408292864494435
highest fitness' collisions: 0.14639054843494712
new generation:  4418
Fittest                      42.925793498699555
highest fitness' coverage:   44.38969898304903
highest fitness' collisions: 0.14639054843494714
new generation:  4419
Fittest                      42.94723944572551
highest fitness' coverage:   44.41114493007498
highest fitness' collisions: 0.14639054843494717
new generation:  4420
Fittest                      42.93783557422955
highest fitness' coverage:   44.40174105857902
highest fitness' collisions: 0.146390548434947
new generation:  4421
Fittest                      42.962839080507436
highest fitness' coverage:   44.426744564856904
highest fitness' collisions: 0.14639054843494692
new generation:  4422
Fittest                      42.968977733169055
highest fitness' coverage:   44.43288321751852
highest fitness' collisions: 0.14639054843494703
new generation:  4423
Fittest                      42.944134408876195
highest fitness' coverage:   44.40803989322566
highest fitness' collisions: 0.14639054843494706
new generation:  4424
Fittest                      42.93507578003217
highest fitness' coverage:   44.39898126438164
highest fitness' collisions: 0.14639054843494703
new generation:  4425
Fittest                      42.943875413343314
highest fitness' coverage:   44.40778089769279
highest fitness' collisions: 0.1463905484349472
new generation:  4426
Fittest                      42.92873100844669
highest fitness' coverage:   44.39263649279616
highest fitness' collisions: 0.14639054843494712
new generation:  4427
Fittest                      42.94087906192537
highest fitness' coverage:   44.39521127936524
highest fitness' collisions: 0.14543322174398676
new generation:  4428
Fittest                      42.93874692015141
highest fitness' coverage:   44.39307913759128
highest fitness' collisions: 0.14543322174398682
new generation:  4429
Fittest                      42.956869613287736
highest fitness' coverage:   44.411201830727606
highest fitness' collisions: 0.1454332217439867
new generation:  4430
Fittest                      42.9410449335402
highest fitness' coverage:   44.39537715098007
highest fitness' collisions: 0.14543322174398693
new generation:  4431
Fittest                      42.98508308054696
highest fitness' coverage:   44.43941529798683
highest fitness' collisions: 0.14543322174398682
new generation:  4432
Fittest                      42.947021167936654
highest fitness' coverage:   44.401353385376524
highest fitness' collisions: 0.14543322174398673
new generation:  4433
Fittest                      42.97534373829657
highest fitness' coverage:   44.42967595573644
highest fitness' collisions: 0.14543322174398682
new generation:  4434
Fittest                      42.959712783629
highest fitness' coverage:   44.41404500106887
highest fitness' collisions: 0.14543322174398682
new generation:  4435
Fittest                      42.944531439419166
highest fitness' coverage:   44.398863656859035
highest fitness' collisions: 0.14543322174398687
new generation:  4436
Fittest                      42.93801312012
highest fitness' coverage:   44.39234533755987
highest fitness' collisions: 0.14543322174398682
new generation:  4437
Fittest                      42.9664485251117
highest fitness' coverage:   44.42078074255157
highest fitness' collisions: 0.1454332217439868
new generation:  4438
Fittest                      42.969233945881776
highest fitness' coverage:   44.423566163321645
highest fitness' collisions: 0.14543322174398685
new generation:  4439
Fittest                      42.947529541926365
highest fitness' coverage:   44.401861759366234
highest fitness' collisions: 0.1454332217439869
new generation:  4440
Fittest                      42.972769535580746
highest fitness' coverage:   44.427101753020615
highest fitness' collisions: 0.1454332217439868
new generation:  4441
Fittest                      42.9443963892117
highest fitness' coverage:   44.39872860665157
highest fitness' collisions: 0.14543322174398685
new generation:  4442
Fittest                      42.9601189346598
highest fitness' coverage:   44.376703727665195
highest fitness' collisions: 0.14165847930053896
new generation:  4443
Fittest                      42.99180451955947
highest fitness' coverage:   44.408389312564864
highest fitness' collisions: 0.1416584793005391
new generation:  4444
Fittest                      42.991356853472915
highest fitness' coverage:   44.40794164647831
highest fitness' collisions: 0.14165847930053907
new generation:  4445
Fittest                      43.007047055484236
highest fitness' coverage:   44.42363184848963
highest fitness' collisions: 0.14165847930053896
new generation:  4446
Fittest                      43.0036360566847
highest fitness' coverage:   44.42022084969009
highest fitness' collisions: 0.1416584793005389
new generation:  4447
Fittest                      42.97967120043947
highest fitness' coverage:   44.396572221210874
highest fitness' collisions: 0.14169010207714072
new generation:  4448
Fittest                      42.96337513055671
highest fitness' coverage:   44.38027615132812
highest fitness' collisions: 0.14169010207714067
new generation:  4449
Fittest                      42.99417453240125
highest fitness' coverage:   44.41107555317266
highest fitness' collisions: 0.14169010207714072
new generation:  4450
Fittest                      43.00223992082604
highest fitness' coverage:   44.417161021370376
highest fitness' collisions: 0.14149211005443343
new generation:  4451
Fittest                      43.003174395665596
highest fitness' coverage:   44.41809549620993
highest fitness' collisions: 0.14149211005443352
new generation:  4452
Fittest                      42.990559966380594
highest fitness' coverage:   44.40548106692493
highest fitness' collisions: 0.1414921100544336
new generation:  4453
Fittest                      42.98712074434329
highest fitness' coverage:   44.40204184488762
highest fitness' collisions: 0.1414921100544336
new generation:  4454
Fittest                      42.965220201282975
highest fitness' coverage:   44.38014130182731
highest fitness' collisions: 0.14149211005443352
new generation:  4455
Fittest                      42.99322150867403
highest fitness' coverage:   44.408142609218366
highest fitness' collisions: 0.1414921100544334
new generation:  4456
Fittest                      42.98133216068464
highest fitness' coverage:   44.39625326122897
highest fitness' collisions: 0.14149211005443352
new generation:  4457
Fittest                      42.96846477689485
highest fitness' coverage:   44.38338587743918
highest fitness' collisions: 0.14149211005443366
new generation:  4458
Fittest                      42.99351982543305
highest fitness' coverage:   44.40844092597738
highest fitness' collisions: 0.1414921100544335
new generation:  4459
Fittest                      42.984570305890706
highest fitness' coverage:   44.39949140643504
highest fitness' collisions: 0.14149211005443363
new generation:  4460
Fittest                      43.009464083275645
highest fitness' coverage:   44.44586381289684
highest fitness' collisions: 0.14363997296211908
new generation:  4461
Fittest                      42.997375198786884
highest fitness' coverage:   44.43377492840807
highest fitness' collisions: 0.14363997296211892
new generation:  4462
Fittest                      43.003261348733666
highest fitness' coverage:   44.43966107835485
highest fitness' collisions: 0.14363997296211894
new generation:  4463
Fittest                      43.01273541317349
highest fitness' coverage:   44.44913514279468
highest fitness' collisions: 0.1436399729621191
new generation:  4464
Fittest                      42.987787742059695
highest fitness' coverage:   44.42418747168088
highest fitness' collisions: 0.14363997296211883
new generation:  4465
Fittest                      43.00369896401857
highest fitness' coverage:   44.440098693639754
highest fitness' collisions: 0.14363997296211897
new generation:  4466
Fittest                      42.99674626612127
highest fitness' coverage:   44.43314599574246
highest fitness' collisions: 0.14363997296211892
new generation:  4467
Fittest                      43.00277842635787
highest fitness' coverage:   44.43917815597906
highest fitness' collisions: 0.14363997296211892
new generation:  4468
Fittest                      42.966352490996655
highest fitness' coverage:   44.40275222061785
highest fitness' collisions: 0.14363997296211906
new generation:  4469
Fittest                      42.99392998494524
highest fitness' coverage:   44.430329714566426
highest fitness' collisions: 0.143639972962119
new generation:  4470
Fittest                      42.9970216321858
highest fitness' coverage:   44.43342136180699
highest fitness' collisions: 0.1436399729621191
new generation:  4471
Fittest                      43.00343142538429
highest fitness' coverage:   44.439831155005486
highest fitness' collisions: 0.14363997296211908
new generation:  4472
Fittest                      43.01859721187108
highest fitness' coverage:   44.454996941492276
highest fitness' collisions: 0.1436399729621191
new generation:  4473
Fittest                      42.97839279241517
highest fitness' coverage:   44.414792522036365
highest fitness' collisions: 0.14363997296211908
new generation:  4474
Fittest                      43.003332745382195
highest fitness' coverage:   44.43973247500339
highest fitness' collisions: 0.14363997296211903
new generation:  4475
Fittest                      42.99749028421674
highest fitness' coverage:   44.43389001383793
highest fitness' collisions: 0.143639972962119
new generation:  4476
Fittest                      42.98173730077506
highest fitness' coverage:   44.41813703039625
highest fitness' collisions: 0.14363997296211914
new generation:  4477
Fittest                      43.00376227937357
highest fitness' coverage:   44.44615013485139
highest fitness' collisions: 0.14423878554778274
new generation:  4478
Fittest                      43.000504692832436
highest fitness' coverage:   44.44289254831026
highest fitness' collisions: 0.14423878554778255
new generation:  4479
Fittest                      42.97544023473847
highest fitness' coverage:   44.4178280902163
highest fitness' collisions: 0.14423878554778266
new generation:  4480
Fittest                      43.00761299566803
highest fitness' coverage:   44.45218861276981
highest fitness' collisions: 0.14445756171017768
new generation:  4481
Fittest                      42.97612350576531
highest fitness' coverage:   44.420699122867084
highest fitness' collisions: 0.14445756171017762
new generation:  4482
Fittest                      43.004655389982474
highest fitness' coverage:   44.44923100708425
highest fitness' collisions: 0.14445756171017765
new generation:  4483
Fittest                      42.998237741449195
highest fitness' coverage:   44.44267846226271
highest fitness' collisions: 0.14444407208135177
new generation:  4484
Fittest                      42.99209880261799
highest fitness' coverage:   44.436539523431506
highest fitness' collisions: 0.14444407208135182
new generation:  4485
Fittest                      42.991741375299014
highest fitness' coverage:   44.424126005194665
highest fitness' collisions: 0.14323846298956525
new generation:  4486
Fittest                      42.99817963914103
highest fitness' coverage:   44.43056426903668
highest fitness' collisions: 0.14323846298956502
new generation:  4487
Fittest                      43.014253286982076
highest fitness' coverage:   44.44875736233329
highest fitness' collisions: 0.14345040753512148
new generation:  4488
Fittest                      43.00572272141335
highest fitness' coverage:   44.44584613723161
highest fitness' collisions: 0.14401234158182633
new generation:  4489
Fittest                      42.97190964765654
highest fitness' coverage:   44.4120330634748
highest fitness' collisions: 0.1440123415818262
new generation:  4490
Fittest                      43.011980570386555
highest fitness' coverage:   44.45210398620482
highest fitness' collisions: 0.14401234158182633
new generation:  4491
Fittest                      42.984083224821134
highest fitness' coverage:   44.4242066406394
highest fitness' collisions: 0.14401234158182608
new generation:  4492
Fittest                      43.01806150674703
highest fitness' coverage:   44.464210518426036
highest fitness' collisions: 0.14461490116790052
new generation:  4493
Fittest                      43.01546421362324
highest fitness' coverage:   44.461613225302244
highest fitness' collisions: 0.14461490116790038
new generation:  4494
Fittest                      42.99007215818503
highest fitness' coverage:   44.436221169864034
highest fitness' collisions: 0.14461490116790057
new generation:  4495
Fittest                      43.018429089629535
highest fitness' coverage:   44.46457810130854
highest fitness' collisions: 0.14461490116790052
new generation:  4496
Fittest                      42.99082181845739
highest fitness' coverage:   44.44546525669453
highest fitness' collisions: 0.14546434382371426
new generation:  4497
Fittest                      42.99759436568844
highest fitness' coverage:   44.452237803925584
highest fitness' collisions: 0.14546434382371437
new generation:  4498
Fittest                      43.00043069574547
highest fitness' coverage:   44.45507413398261
highest fitness' collisions: 0.14546434382371418
new generation:  4499
Fittest                      42.99418860944413
highest fitness' coverage:   44.44883204768127
highest fitness' collisions: 0.14546434382371423
new generation:  4500
Fittest                      42.9603738477277
highest fitness' coverage:   44.41501728596484
highest fitness' collisions: 0.14546434382371412
new generation:  4501
Fittest                      42.984606089146055
highest fitness' coverage:   44.4392495273832
highest fitness' collisions: 0.14546434382371423
new generation:  4502
Fittest                      42.98819806753297
highest fitness' coverage:   44.44284150577011
highest fitness' collisions: 0.14546434382371434
new generation:  4503
Fittest                      42.960226903682944
highest fitness' coverage:   44.414870341920086
highest fitness' collisions: 0.14546434382371437
new generation:  4504
Fittest                      42.98154518314708
highest fitness' coverage:   44.43618862138422
highest fitness' collisions: 0.14546434382371434
new generation:  4505
Fittest                      42.99702381151766
highest fitness' coverage:   44.4516672497548
highest fitness' collisions: 0.14546434382371434
new generation:  4506
Fittest                      42.98821306089301
highest fitness' coverage:   44.44285649913015
highest fitness' collisions: 0.1454643438237143
new generation:  4507
Fittest                      42.970311205552406
highest fitness' coverage:   44.42074868938555
highest fitness' collisions: 0.1450437483833144
new generation:  4508
Fittest                      43.01408167268278
highest fitness' coverage:   44.46451915651593
highest fitness' collisions: 0.14504374838331457
new generation:  4509
Fittest                      42.976506893685986
highest fitness' coverage:   44.42694437751913
highest fitness' collisions: 0.14504374838331446
new generation:  4510
Fittest                      42.976531655704235
highest fitness' coverage:   44.42696913953738
highest fitness' collisions: 0.14504374838331444
new generation:  4511
Fittest                      42.976770979045064
highest fitness' coverage:   44.42720846287821
highest fitness' collisions: 0.14504374838331457
new generation:  4512
Fittest                      42.997870357866304
highest fitness' coverage:   44.44830784169945
highest fitness' collisions: 0.1450437483833146
new generation:  4513
Fittest                      43.01394981168664
highest fitness' coverage:   44.464387295519785
highest fitness' collisions: 0.1450437483833145
new generation:  4514
Fittest                      42.97643514251609
highest fitness' coverage:   44.42687262634923
highest fitness' collisions: 0.1450437483833145
new generation:  4515
Fittest                      42.98360249882822
highest fitness' coverage:   44.43403998266136
highest fitness' collisions: 0.14504374838331432
new generation:  4516
Fittest                      42.98332130301524
highest fitness' coverage:   44.43375878684838
highest fitness' collisions: 0.1450437483833145
new generation:  4517
Fittest                      42.9891260861173
highest fitness' coverage:   44.439563569950444
highest fitness' collisions: 0.14504374838331438
new generation:  4518
Fittest                      42.982416346814226
highest fitness' coverage:   44.433516092890336
highest fitness' collisions: 0.14510997460761105
new generation:  4519
Fittest                      42.991693569365516
highest fitness' coverage:   44.432604571153895
highest fitness' collisions: 0.14409110017883806
new generation:  4520
Fittest                      43.00524508216987
highest fitness' coverage:   44.44596553788646
highest fitness' collisions: 0.1440720455716585
new generation:  4521
Fittest                      42.98418641959198
highest fitness' coverage:   44.42490687530856
highest fitness' collisions: 0.14407204557165834
new generation:  4522
Fittest                      42.98645752589633
highest fitness' coverage:   44.427177981612914
highest fitness' collisions: 0.14407204557165845
new generation:  4523
Fittest                      42.989437848591756
highest fitness' coverage:   44.43015830430834
highest fitness' collisions: 0.1440720455716585
new generation:  4524
Fittest                      42.99381556233545
highest fitness' coverage:   44.424064869009825
highest fitness' collisions: 0.14302493066743763
new generation:  4525
Fittest                      43.02182743921712
highest fitness' coverage:   44.45190692152625
highest fitness' collisions: 0.143007948230913
new generation:  4526
Fittest                      43.013676473680434
highest fitness' coverage:   44.44255369155494
highest fitness' collisions: 0.14288772178745104
new generation:  4527
Fittest                      43.010607139194185
highest fitness' coverage:   44.4394843570687
highest fitness' collisions: 0.14288772178745118
new generation:  4528
Fittest                      42.992115692854725
highest fitness' coverage:   44.42099291072924
highest fitness' collisions: 0.14288772178745113
new generation:  4529
Fittest                      43.02911956863836
highest fitness' coverage:   44.45799678651287
highest fitness' collisions: 0.14288772178745118
new generation:  4530
Fittest                      43.007769762492714
highest fitness' coverage:   44.43664698036722
highest fitness' collisions: 0.14288772178745113
new generation:  4531
Fittest                      43.00115670936063
highest fitness' coverage:   44.430033927235144
highest fitness' collisions: 0.1428877217874512
new generation:  4532
Fittest                      43.010224495415
highest fitness' coverage:   44.43910171328952
highest fitness' collisions: 0.14288772178745124
new generation:  4533
Fittest                      42.99663896636127
highest fitness' coverage:   44.439970581943236
highest fitness' collisions: 0.14433316155819714
new generation:  4534
Fittest                      42.968324587398214
highest fitness' coverage:   44.41165620298018
highest fitness' collisions: 0.1443331615581971
new generation:  4535
Fittest                      42.99006537131706
highest fitness' coverage:   44.43339698689903
highest fitness' collisions: 0.14433316155819714
new generation:  4536
Fittest                      42.99570009655939
highest fitness' coverage:   44.43934793990738
highest fitness' collisions: 0.14436478433479885
new generation:  4537
Fittest                      42.96956070827536
highest fitness' coverage:   44.396370131798996
highest fitness' collisions: 0.14268094235236378
new generation:  4538
Fittest                      43.009619382461906
highest fitness' coverage:   44.43642880598554
highest fitness' collisions: 0.14268094235236387
new generation:  4539
Fittest                      42.99167425522727
highest fitness' coverage:   44.4184836787509
highest fitness' collisions: 0.14268094235236395
new generation:  4540
Fittest                      42.9975828457847
highest fitness' coverage:   44.424392269308335
highest fitness' collisions: 0.14268094235236378
new generation:  4541
Fittest                      43.01339070603509
highest fitness' coverage:   44.440200129558725
highest fitness' collisions: 0.1426809423523638
new generation:  4542
Fittest                      42.99418128058691
highest fitness' coverage:   44.420990704110544
highest fitness' collisions: 0.14268094235236375
new generation:  4543
Fittest                      42.98173321633693
highest fitness' coverage:   44.40854263986056
highest fitness' collisions: 0.14268094235236387
new generation:  4544
Fittest                      43.00380596628577
highest fitness' coverage:   44.430615389809404
highest fitness' collisions: 0.1426809423523637
new generation:  4545
Fittest                      43.00324169391575
highest fitness' coverage:   44.43005111743938
highest fitness' collisions: 0.14268094235236387
new generation:  4546
Fittest                      42.985177369453396
highest fitness' coverage:   44.41198679297703
highest fitness' collisions: 0.1426809423523638
new generation:  4547
Fittest                      42.99414639232636
highest fitness' coverage:   44.42095581584999
highest fitness' collisions: 0.1426809423523638
new generation:  4548
Fittest                      42.981967940471876
highest fitness' coverage:   44.40877736399551
highest fitness' collisions: 0.14268094235236375
new generation:  4549
Fittest                      43.002885305653784
highest fitness' coverage:   44.4302972887635
highest fitness' collisions: 0.14274119831097115
new generation:  4550
Fittest                      42.9907021480881
highest fitness' coverage:   44.41811413119781
highest fitness' collisions: 0.14274119831097118
new generation:  4551
Fittest                      42.99663360392109
highest fitness' coverage:   44.424045587030804
highest fitness' collisions: 0.14274119831097115
new generation:  4552
Fittest                      42.999919805621005
highest fitness' coverage:   44.42733178873072
highest fitness' collisions: 0.14274119831097123
new generation:  4553
Fittest                      43.01213409700958
highest fitness' coverage:   44.43954608011929
highest fitness' collisions: 0.14274119831097126
new generation:  4554
Fittest                      42.98117127042325
highest fitness' coverage:   44.40858325353297
highest fitness' collisions: 0.14274119831097137
new generation:  4555
Fittest                      42.99704660668392
highest fitness' coverage:   44.42445858979363
highest fitness' collisions: 0.14274119831097126
new generation:  4556
Fittest                      43.018264548525856
highest fitness' coverage:   44.44567653163557
highest fitness' collisions: 0.14274119831097126
new generation:  4557
Fittest                      42.99740255846768
highest fitness' coverage:   44.42481454157739
highest fitness' collisions: 0.1427411983109712
new generation:  4558
Fittest                      43.01089927001602
highest fitness' coverage:   44.41774408803705
highest fitness' collisions: 0.14068448180210252
new generation:  4559
Fittest                      43.023808799767444
highest fitness' coverage:   44.430653617788465
highest fitness' collisions: 0.14068448180210233
new generation:  4560
Fittest                      43.001798797349565
highest fitness' coverage:   44.408643615370586
highest fitness' collisions: 0.14068448180210247
new generation:  4561
Fittest                      43.01812505150932
highest fitness' coverage:   44.42409890594039
highest fitness' collisions: 0.14059738544310676
new generation:  4562
Fittest                      43.02739372156222
highest fitness' coverage:   44.43336757599329
highest fitness' collisions: 0.14059738544310676
new generation:  4563
Fittest                      43.03325785552715
highest fitness' coverage:   44.439231709958214
highest fitness' collisions: 0.14059738544310693
new generation:  4564
Fittest                      43.042031476466974
highest fitness' coverage:   44.449554147516956
highest fitness' collisions: 0.1407522671049982
new generation:  4565
Fittest                      43.00714332497386
highest fitness' coverage:   44.41466599602384
highest fitness' collisions: 0.14075226710499802
new generation:  4566
Fittest                      43.01680204466206
highest fitness' coverage:   44.42432471571204
highest fitness' collisions: 0.14075226710499802
new generation:  4567
Fittest                      42.98549169528645
highest fitness' coverage:   44.39301436633643
highest fitness' collisions: 0.14075226710499805
new generation:  4568
Fittest                      43.04212464231312
highest fitness' coverage:   44.45267164374519
highest fitness' collisions: 0.14105470014320723
new generation:  4569
Fittest                      43.00130387011393
highest fitness' coverage:   44.411850871546
highest fitness' collisions: 0.14105470014320717
new generation:  4570
Fittest                      43.004045250557574
highest fitness' coverage:   44.414592251989646
highest fitness' collisions: 0.1410547001432071
new generation:  4571
Fittest                      43.022145368410136
highest fitness' coverage:   44.43153259836829
highest fitness' collisions: 0.14093872299581542
new generation:  4572
Fittest                      43.012956001511704
highest fitness' coverage:   44.42234323146986
highest fitness' collisions: 0.1409387229958153
new generation:  4573
Fittest                      42.99418803114638
highest fitness' coverage:   44.40357526110453
highest fitness' collisions: 0.14093872299581528
new generation:  4574
Fittest                      43.00107085440475
highest fitness' coverage:   44.41045808436291
highest fitness' collisions: 0.14093872299581542
new generation:  4575
Fittest                      42.98867679788238
highest fitness' coverage:   44.39806402784053
highest fitness' collisions: 0.1409387229958154
new generation:  4576
Fittest                      42.998075125876014
highest fitness' coverage:   44.40746235583417
highest fitness' collisions: 0.1409387229958153
new generation:  4577
Fittest                      42.98196044541463
highest fitness' coverage:   44.39134767537278
highest fitness' collisions: 0.14093872299581525
new generation:  4578
Fittest                      43.011204387491965
highest fitness' coverage:   44.42059161745012
highest fitness' collisions: 0.14093872299581545
new generation:  4579
Fittest                      42.9793957917612
highest fitness' coverage:   44.388783021719355
highest fitness' collisions: 0.14093872299581534
new generation:  4580
Fittest                      43.025514522872996
highest fitness' coverage:   44.43490175283115
highest fitness' collisions: 0.1409387229958154
new generation:  4581
Fittest                      42.992038923273874
highest fitness' coverage:   44.40142615323203
highest fitness' collisions: 0.14093872299581542
new generation:  4582
Fittest                      42.98812379526102
highest fitness' coverage:   44.39751102521917
highest fitness' collisions: 0.14093872299581525
new generation:  4583
Fittest                      42.98835001530381
highest fitness' coverage:   44.397737245261965
highest fitness' collisions: 0.14093872299581534
new generation:  4584
Fittest                      42.99305324387783
highest fitness' coverage:   44.40329455125184
highest fitness' collisions: 0.14102413073740105
new generation:  4585
Fittest                      42.97476691979548
highest fitness' coverage:   44.385008227169486
highest fitness' collisions: 0.14102413073740105
new generation:  4586
Fittest                      42.98049684088095
highest fitness' coverage:   44.39073814825496
highest fitness' collisions: 0.14102413073740103
new generation:  4587
Fittest                      42.989842836719994
highest fitness' coverage:   44.400084144094
highest fitness' collisions: 0.141024130737401
new generation:  4588
Fittest                      43.00012318776202
highest fitness' coverage:   44.41036449513603
highest fitness' collisions: 0.14102413073740097
new generation:  4589
Fittest                      42.99986775337223
highest fitness' coverage:   44.41010906074624
highest fitness' collisions: 0.141024130737401
new generation:  4590
Fittest                      42.98983604406454
highest fitness' coverage:   44.393911401419935
highest fitness' collisions: 0.1404075357355396
new generation:  4591
Fittest                      43.02129283183771
highest fitness' coverage:   44.42536818919311
highest fitness' collisions: 0.14040753573553946
new generation:  4592
Fittest                      42.9961340055657
highest fitness' coverage:   44.400209362921096
highest fitness' collisions: 0.1404075357355395
new generation:  4593
Fittest                      42.992823223384526
highest fitness' coverage:   44.39689858073992
highest fitness' collisions: 0.1404075357355395
new generation:  4594
Fittest                      43.006006508400375
highest fitness' coverage:   44.41008186575577
highest fitness' collisions: 0.14040753573553938
new generation:  4595
Fittest                      42.98086882990338
highest fitness' coverage:   44.384944187258775
highest fitness' collisions: 0.14040753573553952
new generation:  4596
Fittest                      43.002594775479366
highest fitness' coverage:   44.40667013283476
highest fitness' collisions: 0.14040753573553952
new generation:  4597
Fittest                      42.98681050039526
highest fitness' coverage:   44.39056962998464
highest fitness' collisions: 0.14037591295893792
new generation:  4598
Fittest                      43.015311113243115
highest fitness' coverage:   44.4190702428325
highest fitness' collisions: 0.14037591295893787
new generation:  4599
Fittest                      42.99904596482732
highest fitness' coverage:   44.40280509441669
highest fitness' collisions: 0.14037591295893775
new generation:  4600
Fittest                      42.995173919209
highest fitness' coverage:   44.40395390246421
highest fitness' collisions: 0.1408779983255208
new generation:  4601
Fittest                      42.983558079032015
highest fitness' coverage:   44.3879268289533
highest fitness' collisions: 0.14043687499212842
new generation:  4602
Fittest                      42.99016623611292
highest fitness' coverage:   44.3945349860342
highest fitness' collisions: 0.1404368749921283
new generation:  4603
Fittest                      43.02073725901332
highest fitness' coverage:   44.425106008934605
highest fitness' collisions: 0.14043687499212837
new generation:  4604
Fittest                      43.01451218136997
highest fitness' coverage:   44.418880931291255
highest fitness' collisions: 0.1404368749921282
new generation:  4605
Fittest                      42.99002378727527
highest fitness' coverage:   44.39439253719655
highest fitness' collisions: 0.1404368749921283
new generation:  4606
Fittest                      43.001717923726424
highest fitness' coverage:   44.40608667364771
highest fitness' collisions: 0.1404368749921283
new generation:  4607
Fittest                      42.980543889559186
highest fitness' coverage:   44.38491263948047
highest fitness' collisions: 0.14043687499212834
new generation:  4608
Fittest                      43.0115551264738
highest fitness' coverage:   44.415923876395084
highest fitness' collisions: 0.14043687499212817
new generation:  4609
Fittest                      42.99291828765858
highest fitness' coverage:   44.397287037579865
highest fitness' collisions: 0.14043687499212829
new generation:  4610
Fittest                      43.008189453727425
highest fitness' coverage:   44.41255820364871
highest fitness' collisions: 0.14043687499212817
new generation:  4611
Fittest                      43.011013213874726
highest fitness' coverage:   44.41538196379601
highest fitness' collisions: 0.14043687499212834
new generation:  4612
Fittest                      43.00831973935465
highest fitness' coverage:   44.41268848927593
highest fitness' collisions: 0.1404368749921281
new generation:  4613
Fittest                      42.98676563026995
highest fitness' coverage:   44.39113438019123
highest fitness' collisions: 0.14043687499212829
new generation:  4614
Fittest                      43.00526885614973
highest fitness' coverage:   44.409637606071016
highest fitness' collisions: 0.1404368749921282
new generation:  4615
Fittest                      42.99336578482683
highest fitness' coverage:   44.36517278983952
highest fitness' collisions: 0.13718070050126932
new generation:  4616
Fittest                      42.95360981773203
highest fitness' coverage:   44.331329713669554
highest fitness' collisions: 0.13777198959375225
new generation:  4617
Fittest                      42.95671163910783
highest fitness' coverage:   44.334431535045354
highest fitness' collisions: 0.13777198959375228
new generation:  4618
Fittest                      42.961074963660806
highest fitness' coverage:   44.33741447533372
highest fitness' collisions: 0.13763395116729193
new generation:  4619
Fittest                      42.96115255158396
highest fitness' coverage:   44.337492063256875
highest fitness' collisions: 0.13763395116729185
new generation:  4620
Fittest                      42.955495892964684
highest fitness' coverage:   44.34181035271638
highest fitness' collisions: 0.13863144597516977
new generation:  4621
Fittest                      42.9530211004163
highest fitness' coverage:   44.339335560167996
highest fitness' collisions: 0.1386314459751698
new generation:  4622
Fittest                      42.94050028077731
highest fitness' coverage:   44.32681474052901
highest fitness' collisions: 0.1386314459751699
new generation:  4623
Fittest                      42.9437067670685
highest fitness' coverage:   44.33002122682019
highest fitness' collisions: 0.13863144597516983
new generation:  4624
Fittest                      42.95896822449044
highest fitness' coverage:   44.34528268424214
highest fitness' collisions: 0.1386314459751699
new generation:  4625
Fittest                      42.949853964066065
highest fitness' coverage:   44.33616842381777
highest fitness' collisions: 0.13863144597517
new generation:  4626
Fittest                      42.983877500900185
highest fitness' coverage:   44.37019196065188
highest fitness' collisions: 0.13863144597516977
new generation:  4627
Fittest                      42.96633661635484
highest fitness' coverage:   44.335978603981026
highest fitness' collisions: 0.13696419876261878
new generation:  4628
Fittest                      42.97331628244395
highest fitness' coverage:   44.34295827007014
highest fitness' collisions: 0.13696419876261867
new generation:  4629
Fittest                      42.95092424095797
highest fitness' coverage:   44.320566228584156
highest fitness' collisions: 0.13696419876261887
new generation:  4630
Fittest                      42.98233251260582
highest fitness' coverage:   44.34594890437126
highest fitness' collisions: 0.13636163917654434
new generation:  4631
Fittest                      42.969015264939216
highest fitness' coverage:   44.33263165670466
highest fitness' collisions: 0.1363616391765444
new generation:  4632
Fittest                      42.99104602048693
highest fitness' coverage:   44.354662412252374
highest fitness' collisions: 0.1363616391765445
new generation:  4633
Fittest                      42.96884205336728
highest fitness' coverage:   44.33245844513273
highest fitness' collisions: 0.13636163917654445
new generation:  4634
Fittest                      42.96331863923865
highest fitness' coverage:   44.32661880323808
highest fitness' collisions: 0.13633001639994274
new generation:  4635
Fittest                      42.978371503842524
highest fitness' coverage:   44.34167166784195
highest fitness' collisions: 0.13633001639994266
new generation:  4636
Fittest                      42.97259334781801
highest fitness' coverage:   44.33589351181744
highest fitness' collisions: 0.13633001639994274
new generation:  4637
Fittest                      42.97534967425137
highest fitness' coverage:   44.338649838250795
highest fitness' collisions: 0.13633001639994263
new generation:  4638
Fittest                      42.96710842824238
highest fitness' coverage:   44.317637259712306
highest fitness' collisions: 0.13505288314699254
new generation:  4639
Fittest                      42.9732502899985
highest fitness' coverage:   44.32377912146842
highest fitness' collisions: 0.1350528831469926
new generation:  4640
Fittest                      42.95736469777456
highest fitness' coverage:   44.30789352924448
highest fitness' collisions: 0.13505288314699257
new generation:  4641
Fittest                      42.97599106253014
highest fitness' coverage:   44.326519894000064
highest fitness' collisions: 0.13505288314699262
new generation:  4642
Fittest                      42.976446171014864
highest fitness' coverage:   44.32697500248479
highest fitness' collisions: 0.1350528831469925
new generation:  4643
Fittest                      42.991748090466984
highest fitness' coverage:   44.34227692193691
highest fitness' collisions: 0.1350528831469926
new generation:  4644
Fittest                      42.9735654306365
highest fitness' coverage:   44.32409426210642
highest fitness' collisions: 0.1350528831469926
new generation:  4645
Fittest                      42.96980665739571
highest fitness' coverage:   44.32033548886563
highest fitness' collisions: 0.13505288314699254
new generation:  4646
Fittest                      42.99171402733487
highest fitness' coverage:   44.342242858804795
highest fitness' collisions: 0.13505288314699262
new generation:  4647
Fittest                      42.97941679301142
highest fitness' coverage:   44.32994562448134
highest fitness' collisions: 0.1350528831469925
new generation:  4648
Fittest                      42.99458850686186
highest fitness' coverage:   44.34512557882224
highest fitness' collisions: 0.1350537071960382
new generation:  4649
Fittest                      42.97262778528624
highest fitness' coverage:   44.323164857246624
highest fitness' collisions: 0.1350537071960381
new generation:  4650
Fittest                      42.976687450476895
highest fitness' coverage:   44.32722452243728
highest fitness' collisions: 0.13505370719603824
new generation:  4651
Fittest                      42.99312380587111
highest fitness' coverage:   44.34844717875471
highest fitness' collisions: 0.1355323372883607
new generation:  4652
Fittest                      42.974065334886895
highest fitness' coverage:   44.329388707770505
highest fitness' collisions: 0.13553233728836084
new generation:  4653
Fittest                      42.94951664113292
highest fitness' coverage:   44.30484001401653
highest fitness' collisions: 0.13553233728836084
new generation:  4654
Fittest                      42.987262430440964
highest fitness' coverage:   44.34258580332457
highest fitness' collisions: 0.13553233728836064
new generation:  4655
Fittest                      42.967873102959395
highest fitness' coverage:   44.323468119769885
highest fitness' collisions: 0.13555950168104913
new generation:  4656
Fittest                      42.98006404067056
highest fitness' coverage:   44.33565905748105
highest fitness' collisions: 0.13555950168104922
new generation:  4657
Fittest                      42.97428532721608
highest fitness' coverage:   44.32988034402657
highest fitness' collisions: 0.13555950168104922
new generation:  4658
Fittest                      42.978730755500784
highest fitness' coverage:   44.33261455637174
highest fitness' collisions: 0.13538838008709525
new generation:  4659
Fittest                      42.97883564053894
highest fitness' coverage:   44.33271944140989
highest fitness' collisions: 0.1353883800870953
new generation:  4660
Fittest                      42.97569755374748
highest fitness' coverage:   44.32958135461843
highest fitness' collisions: 0.13538838008709536
new generation:  4661
Fittest                      42.97606801800119
highest fitness' coverage:   44.329951818872146
highest fitness' collisions: 0.13538838008709528
new generation:  4662
Fittest                      42.993396051479266
highest fitness' coverage:   44.33970737451795
highest fitness' collisions: 0.13463113230386858
new generation:  4663
Fittest                      43.00204134637871
highest fitness' coverage:   44.348352669417395
highest fitness' collisions: 0.13463113230386872
new generation:  4664
Fittest                      42.99039976839198
highest fitness' coverage:   44.336711091430665
highest fitness' collisions: 0.13463113230386864
new generation:  4665
Fittest                      42.961600484511365
highest fitness' coverage:   44.30791180755005
highest fitness' collisions: 0.13463113230386864
new generation:  4666
Fittest                      42.980237729468485
highest fitness' coverage:   44.32654905250717
highest fitness' collisions: 0.1346311323038686
new generation:  4667
Fittest                      42.974787166703265
highest fitness' coverage:   44.32109848974195
highest fitness' collisions: 0.1346311323038687
new generation:  4668
Fittest                      42.9750799132721
highest fitness' coverage:   44.32139123631078
highest fitness' collisions: 0.13463113230386858
new generation:  4669
Fittest                      42.98666131186729
highest fitness' coverage:   44.33297263490597
highest fitness' collisions: 0.13463113230386867
new generation:  4670
Fittest                      42.97442309501497
highest fitness' coverage:   44.320734418053654
highest fitness' collisions: 0.13463113230386864
new generation:  4671
Fittest                      42.99026737840854
highest fitness' coverage:   44.33657870144722
highest fitness' collisions: 0.13463113230386864
new generation:  4672
Fittest                      42.992605469060905
highest fitness' coverage:   44.33891679209959
highest fitness' collisions: 0.13463113230386856
new generation:  4673
Fittest                      42.97431353534367
highest fitness' coverage:   44.32062485838235
highest fitness' collisions: 0.13463113230386856
new generation:  4674
Fittest                      42.95568511242517
highest fitness' coverage:   44.30199643546386
highest fitness' collisions: 0.13463113230386875
new generation:  4675
Fittest                      42.986825817283645
highest fitness' coverage:   44.33313714032233
highest fitness' collisions: 0.13463113230386858
new generation:  4676
Fittest                      42.959397592271344
highest fitness' coverage:   44.30570891531003
highest fitness' collisions: 0.1346311323038686
new generation:  4677
Fittest                      42.96905180718441
highest fitness' coverage:   44.31760185136166
highest fitness' collisions: 0.13485500441772538
new generation:  4678
Fittest                      42.994071469540536
highest fitness' coverage:   44.34262151371779
highest fitness' collisions: 0.1348550044177254
new generation:  4679
Fittest                      42.99400616652645
highest fitness' coverage:   44.3425562107037
highest fitness' collisions: 0.1348550044177254
new generation:  4680
Fittest                      42.95992481048259
highest fitness' coverage:   44.30847485465984
highest fitness' collisions: 0.13485500441772547
new generation:  4681
Fittest                      42.981324597761784
highest fitness' coverage:   44.329874641939035
highest fitness' collisions: 0.1348550044177253
new generation:  4682
Fittest                      42.95835530563046
highest fitness' coverage:   44.38443525582033
highest fitness' collisions: 0.14260799501898683
new generation:  4683
Fittest                      42.967387352579934
highest fitness' coverage:   44.38752766175188
highest fitness' collisions: 0.14201403091719503
new generation:  4684
Fittest                      42.98145883813998
highest fitness' coverage:   44.40294811019452
highest fitness' collisions: 0.14214892720545408
new generation:  4685
Fittest                      42.99185104113867
highest fitness' coverage:   44.40902142643424
highest fitness' collisions: 0.14171703852955686
new generation:  4686
Fittest                      42.945247935251565
highest fitness' coverage:   44.362418320547135
highest fitness' collisions: 0.1417170385295568
new generation:  4687
Fittest                      42.96744733107945
highest fitness' coverage:   44.38461771637502
highest fitness' collisions: 0.141717038529557
new generation:  4688
Fittest                      42.98837067314649
highest fitness' coverage:   44.40554105844206
highest fitness' collisions: 0.14171703852955694
new generation:  4689
Fittest                      42.96677519295883
highest fitness' coverage:   44.3839455782544
highest fitness' collisions: 0.14171703852955692
new generation:  4690
Fittest                      42.9853819707418
highest fitness' coverage:   44.40255235603737
highest fitness' collisions: 0.14171703852955683
new generation:  4691
Fittest                      42.96081191775423
highest fitness' coverage:   44.3779823030498
highest fitness' collisions: 0.14171703852955697
new generation:  4692
Fittest                      42.94891335493106
highest fitness' coverage:   44.36608374022663
highest fitness' collisions: 0.14171703852955694
new generation:  4693
Fittest                      42.96823258847737
highest fitness' coverage:   44.430457729712046
highest fitness' collisions: 0.14622251412346776
new generation:  4694
Fittest                      42.946916983902206
highest fitness' coverage:   44.40914212513688
highest fitness' collisions: 0.14622251412346776
new generation:  4695
Fittest                      42.98712728013814
highest fitness' coverage:   44.449352421372815
highest fitness' collisions: 0.1462225141234677
new generation:  4696
Fittest                      42.965320201088666
highest fitness' coverage:   44.42754534232334
highest fitness' collisions: 0.14622251412346773
new generation:  4697
Fittest                      42.96506400259365
highest fitness' coverage:   44.427289143828325
highest fitness' collisions: 0.14622251412346768
new generation:  4698
Fittest                      42.96485248361429
highest fitness' coverage:   44.427393852614976
highest fitness' collisions: 0.14625413690006928
new generation:  4699
Fittest                      42.957545872854034
highest fitness' coverage:   44.41811342696586
highest fitness' collisions: 0.1460567554111824
new generation:  4700
Fittest                      42.95410963656707
highest fitness' coverage:   44.414677190678894
highest fitness' collisions: 0.14605675541118235
new generation:  4701
Fittest                      42.94998560805621
highest fitness' coverage:   44.41218697895911
highest fitness' collisions: 0.14622013709029033
new generation:  4702
Fittest                      42.9404002449988
highest fitness' coverage:   44.4026016159017
highest fitness' collisions: 0.14622013709029041
new generation:  4703
Fittest                      42.93722493504835
highest fitness' coverage:   44.39942630595125
highest fitness' collisions: 0.14622013709029022
new generation:  4704
Fittest                      42.940560433406716
highest fitness' coverage:   44.40276180430962
highest fitness' collisions: 0.14622013709029025
new generation:  4705
Fittest                      42.96216211154268
highest fitness' coverage:   44.424363482445585
highest fitness' collisions: 0.14622013709029041
new generation:  4706
Fittest                      42.94976192177459
highest fitness' coverage:   44.41196329267749
highest fitness' collisions: 0.1462201370902903
new generation:  4707
Fittest                      42.950193673208524
highest fitness' coverage:   44.41239504411143
highest fitness' collisions: 0.1462201370902903
new generation:  4708
Fittest                      42.97175947249225
highest fitness' coverage:   44.433960843395155
highest fitness' collisions: 0.1462201370902903
new generation:  4709
Fittest                      42.943617484725294
highest fitness' coverage:   44.4058188556282
highest fitness' collisions: 0.14622013709029028
new generation:  4710
Fittest                      42.94058480439556
highest fitness' coverage:   44.43119783695911
highest fitness' collisions: 0.14906130325635414
new generation:  4711
Fittest                      42.930343341734435
highest fitness' coverage:   44.42095637429798
highest fitness' collisions: 0.14906130325635425
new generation:  4712
Fittest                      42.91811149760799
highest fitness' coverage:   44.40872453017153
highest fitness' collisions: 0.14906130325635428
new generation:  4713
Fittest                      42.91257276806645
highest fitness' coverage:   44.40318580062999
highest fitness' collisions: 0.14906130325635414
new generation:  4714
Fittest                      42.8956988983101
highest fitness' coverage:   44.38407320973508
highest fitness' collisions: 0.14883743114249748
new generation:  4715
Fittest                      42.96713971548728
highest fitness' coverage:   44.455514026912255
highest fitness' collisions: 0.14883743114249745
new generation:  4716
Fittest                      42.92064169952547
highest fitness' coverage:   44.409016010950445
highest fitness' collisions: 0.14883743114249748
new generation:  4717
Fittest                      42.9301920051068
highest fitness' coverage:   44.418566316531766
highest fitness' collisions: 0.14883743114249726
new generation:  4718
Fittest                      42.9328998543046
highest fitness' coverage:   44.42127416572958
highest fitness' collisions: 0.14883743114249745
new generation:  4719
Fittest                      42.92672617742442
highest fitness' coverage:   44.41510048884939
highest fitness' collisions: 0.1488374311424972
new generation:  4720
Fittest                      42.9300188846553
highest fitness' coverage:   44.41839319608027
highest fitness' collisions: 0.1488374311424973
new generation:  4721
Fittest                      42.933334728899425
highest fitness' coverage:   44.421509514092904
highest fitness' collisions: 0.1488174785193477
new generation:  4722
Fittest                      42.91224057764591
highest fitness' coverage:   44.40570112730964
highest fitness' collisions: 0.1493460549663731
new generation:  4723
Fittest                      42.89948562408602
highest fitness' coverage:   44.39294617374975
highest fitness' collisions: 0.14934605496637324
new generation:  4724
Fittest                      42.930028896034344
highest fitness' coverage:   44.42449147467061
highest fitness' collisions: 0.149446257863627
new generation:  4725
Fittest                      42.91436669852121
highest fitness' coverage:   44.40882927715748
highest fitness' collisions: 0.14944625786362697
new generation:  4726
Fittest                      42.942763583774095
highest fitness' coverage:   44.43722616241036
highest fitness' collisions: 0.14944625786362692
new generation:  4727
Fittest                      42.91555146007233
highest fitness' coverage:   44.40842914551614
highest fitness' collisions: 0.1492877685443808
new generation:  4728
Fittest                      42.92137153363276
highest fitness' coverage:   44.41424921907657
highest fitness' collisions: 0.1492877685443808
new generation:  4729
Fittest                      42.92223486015842
highest fitness' coverage:   44.41511254560223
highest fitness' collisions: 0.14928776854438075
new generation:  4730
Fittest                      42.91716380758556
highest fitness' coverage:   44.411696800613846
highest fitness' collisions: 0.1494532993028284
new generation:  4731
Fittest                      42.90495732570757
highest fitness' coverage:   44.39949031873586
highest fitness' collisions: 0.14945329930282839
new generation:  4732
Fittest                      42.898614322660826
highest fitness' coverage:   44.39314731568911
highest fitness' collisions: 0.14945329930282844
new generation:  4733
Fittest                      42.93392599141409
highest fitness' coverage:   44.42845898444237
highest fitness' collisions: 0.14945329930282814
new generation:  4734
Fittest                      42.94232803421413
highest fitness' coverage:   44.43686102724241
highest fitness' collisions: 0.14945329930282814
new generation:  4735
Fittest                      42.92661444542336
highest fitness' coverage:   44.42114743845165
highest fitness' collisions: 0.14945329930282844
new generation:  4736
Fittest                      42.91659061867237
highest fitness' coverage:   44.38774510452745
highest fitness' collisions: 0.14711544858550732
new generation:  4737
Fittest                      42.9612003218786
highest fitness' coverage:   44.43073534616007
highest fitness' collisions: 0.14695350242814728
new generation:  4738
Fittest                      42.93619882703326
highest fitness' coverage:   44.405733851314736
highest fitness' collisions: 0.14695350242814745
new generation:  4739
Fittest                      42.96109409784201
highest fitness' coverage:   44.430629122123484
highest fitness' collisions: 0.1469535024281474
new generation:  4740
Fittest                      42.920325851709826
highest fitness' coverage:   44.3898608759913
highest fitness' collisions: 0.14695350242814753
new generation:  4741
Fittest                      42.93649716480252
highest fitness' coverage:   44.40603218908399
highest fitness' collisions: 0.14695350242814717
new generation:  4742
Fittest                      42.93339833694414
highest fitness' coverage:   44.40882831694379
highest fitness' collisions: 0.14754299799996562
new generation:  4743
Fittest                      42.952344790277
highest fitness' coverage:   44.427774770276656
highest fitness' collisions: 0.14754299799996556
new generation:  4744
Fittest                      42.939564434282836
highest fitness' coverage:   44.41499441428249
highest fitness' collisions: 0.14754299799996562
new generation:  4745
Fittest                      42.9364755037499
highest fitness' coverage:   44.41190548374955
highest fitness' collisions: 0.14754299799996554
new generation:  4746
Fittest                      42.942495682574666
highest fitness' coverage:   44.41792566257432
highest fitness' collisions: 0.1475429979999655
new generation:  4747
Fittest                      42.95523702826639
highest fitness' coverage:   44.43066700826605
highest fitness' collisions: 0.14754299799996573
new generation:  4748
Fittest                      42.93049891411603
highest fitness' coverage:   44.40592889411568
highest fitness' collisions: 0.1475429979999656
new generation:  4749
Fittest                      42.911497319043214
highest fitness' coverage:   44.38692729904287
highest fitness' collisions: 0.1475429979999655
new generation:  4750
Fittest                      42.98006987266406
highest fitness' coverage:   44.45549985266371
highest fitness' collisions: 0.14754299799996567
new generation:  4751
Fittest                      42.939597200985794
highest fitness' coverage:   44.41502718098545
highest fitness' collisions: 0.1475429979999655
new generation:  4752
Fittest                      42.93356837140528
highest fitness' coverage:   44.40899835140493
highest fitness' collisions: 0.14754299799996562
new generation:  4753
Fittest                      42.926889973680325
highest fitness' coverage:   44.402319953679985
highest fitness' collisions: 0.14754299799996573
new generation:  4754
Fittest                      42.967370076009715
highest fitness' coverage:   44.44280005600937
highest fitness' collisions: 0.14754299799996565
new generation:  4755
Fittest                      42.95522457776461
highest fitness' coverage:   44.430654557764264
highest fitness' collisions: 0.1475429979999656
new generation:  4756
Fittest                      42.93615990680879
highest fitness' coverage:   44.41158988680845
highest fitness' collisions: 0.14754299799996576
new generation:  4757
Fittest                      42.93642896696195
highest fitness' coverage:   44.41185894696161
highest fitness' collisions: 0.1475429979999657
new generation:  4758
Fittest                      42.935873368113086
highest fitness' coverage:   44.411303348112746
highest fitness' collisions: 0.1475429979999657
new generation:  4759
Fittest                      42.940314535882294
highest fitness' coverage:   44.42117753748239
highest fitness' collisions: 0.14808630016000957
new generation:  4760
Fittest                      42.93093455373781
highest fitness' coverage:   44.39622247775
highest fitness' collisions: 0.14652879240121885
new generation:  4761
Fittest                      42.95610985261145
highest fitness' coverage:   44.421397776623635
highest fitness' collisions: 0.14652879240121883
new generation:  4762
Fittest                      42.96534709855876
highest fitness' coverage:   44.43063502257095
highest fitness' collisions: 0.14652879240121897
new generation:  4763
Fittest                      42.96817545469987
highest fitness' coverage:   44.433463378712055
highest fitness' collisions: 0.1465287924012189
new generation:  4764
Fittest                      42.9776438053349
highest fitness' coverage:   44.44293172934709
highest fitness' collisions: 0.14652879240121885
new generation:  4765
Fittest                      42.93960977484591
highest fitness' coverage:   44.43947168468645
highest fitness' collisions: 0.14998619098405397
new generation:  4766
Fittest                      42.93070832106096
highest fitness' coverage:   44.424931970695035
highest fitness' collisions: 0.14942236496340758
new generation:  4767
Fittest                      42.90834917888961
highest fitness' coverage:   44.40257282852368
highest fitness' collisions: 0.14942236496340738
new generation:  4768
Fittest                      42.92173297299183
highest fitness' coverage:   44.411760294255174
highest fitness' collisions: 0.1490027321263343
new generation:  4769
Fittest                      42.92817725834506
highest fitness' coverage:   44.41820457960841
highest fitness' collisions: 0.1490027321263345
new generation:  4770
Fittest                      42.9284255079879
highest fitness' coverage:   44.418452829251244
highest fitness' collisions: 0.14900273212633422
new generation:  4771
Fittest                      42.91100825591219
highest fitness' coverage:   44.408853962136966
highest fitness' collisions: 0.14978457062247702
new generation:  4772
Fittest                      42.91684526583393
highest fitness' coverage:   44.4146909720587
highest fitness' collisions: 0.1497845706224772
new generation:  4773
Fittest                      42.90461482392168
highest fitness' coverage:   44.402460530146456
highest fitness' collisions: 0.14978457062247708
new generation:  4774
Fittest                      42.89242249343882
highest fitness' coverage:   44.390268199663595
highest fitness' collisions: 0.1497845706224771
new generation:  4775
Fittest                      42.930770332862544
highest fitness' coverage:   44.42454223630927
highest fitness' collisions: 0.14937719034467295
new generation:  4776
Fittest                      42.92178035797115
highest fitness' coverage:   44.41555226141788
highest fitness' collisions: 0.14937719034467303
new generation:  4777
Fittest                      42.905834062873474
highest fitness' coverage:   44.3996059663202
highest fitness' collisions: 0.14937719034467303
new generation:  4778
Fittest                      42.91849979211944
highest fitness' coverage:   44.41227169556617
highest fitness' collisions: 0.14937719034467303
new generation:  4779
Fittest                      42.93024732279827
highest fitness' coverage:   44.424019226245
highest fitness' collisions: 0.149377190344673
new generation:  4780
Fittest                      42.91515385449437
highest fitness' coverage:   44.4089257579411
highest fitness' collisions: 0.14937719034467295
new generation:  4781
Fittest                      42.908518522002794
highest fitness' coverage:   44.40229042544952
highest fitness' collisions: 0.14937719034467292
new generation:  4782
Fittest                      42.949494631337615
highest fitness' coverage:   44.44326653478434
highest fitness' collisions: 0.14937719034467303
new generation:  4783
Fittest                      42.91504304307785
highest fitness' coverage:   44.40881494652458
highest fitness' collisions: 0.14937719034467298
new generation:  4784
Fittest                      42.91278319490976
highest fitness' coverage:   44.40826631429602
highest fitness' collisions: 0.14954831193862678
new generation:  4785
Fittest                      42.93464312535042
highest fitness' coverage:   44.430126244736684
highest fitness' collisions: 0.14954831193862678
new generation:  4786
Fittest                      42.931667339082836
highest fitness' coverage:   44.4271504584691
highest fitness' collisions: 0.1495483119386268
new generation:  4787
Fittest                      42.95092218218689
highest fitness' coverage:   44.44640530157316
highest fitness' collisions: 0.14954831193862678
new generation:  4788
Fittest                      42.91902094802951
highest fitness' coverage:   44.41450406741578
highest fitness' collisions: 0.1495483119386268
new generation:  4789
Fittest                      42.91266802557356
highest fitness' coverage:   44.40253180449278
highest fitness' collisions: 0.14898637789192207
new generation:  4790
Fittest                      42.92224146309961
highest fitness' coverage:   44.41210524201883
highest fitness' collisions: 0.14898637789192212
new generation:  4791
Fittest                      42.90962272260084
highest fitness' coverage:   44.39948650152006
highest fitness' collisions: 0.14898637789192198
new generation:  4792
Fittest                      42.96211305994816
highest fitness' coverage:   44.45197683886738
highest fitness' collisions: 0.148986377891922
new generation:  4793
Fittest                      42.92849348146368
highest fitness' coverage:   44.418357260382905
highest fitness' collisions: 0.14898637789192212
new generation:  4794
Fittest                      42.90376536720108
highest fitness' coverage:   44.393629146120304
highest fitness' collisions: 0.14898637789192207
new generation:  4795
Fittest                      42.934493255226016
highest fitness' coverage:   44.42435703414524
highest fitness' collisions: 0.14898637789192207
new generation:  4796
Fittest                      42.919332763329066
highest fitness' coverage:   44.40919654224829
highest fitness' collisions: 0.14898637789192204
new generation:  4797
Fittest                      42.950016804743974
highest fitness' coverage:   44.4398805836632
highest fitness' collisions: 0.1489863778919221
new generation:  4798
Fittest                      42.9371693765617
highest fitness' coverage:   44.42703315548092
highest fitness' collisions: 0.14898637789192207
new generation:  4799
Fittest                      42.93717483817916
highest fitness' coverage:   44.42703861709838
highest fitness' collisions: 0.14898637789192215
new generation:  4800
Fittest                      42.934213985107135
highest fitness' coverage:   44.42407776402636
highest fitness' collisions: 0.148986377891922
new generation:  4801
Fittest                      42.93743507446868
highest fitness' coverage:   44.4272988533879
highest fitness' collisions: 0.14898637789192212
new generation:  4802
Fittest                      42.91537335046009
highest fitness' coverage:   44.40523712937931
highest fitness' collisions: 0.14898637789192204
new generation:  4803
Fittest                      42.898892327143926
highest fitness' coverage:   44.390528727721644
highest fitness' collisions: 0.1491636400577722
new generation:  4804
Fittest                      42.92711947417279
highest fitness' coverage:   44.41875587475052
highest fitness' collisions: 0.14916364005777236
new generation:  4805
Fittest                      42.932731761771855
highest fitness' coverage:   44.42436816234958
highest fitness' collisions: 0.1491636400577724
new generation:  4806
Fittest                      42.917734559814676
highest fitness' coverage:   44.4146212025137
highest fitness' collisions: 0.14968866426990216
new generation:  4807
Fittest                      42.9165410227154
highest fitness' coverage:   44.41204728114982
highest fitness' collisions: 0.1495506258434419
new generation:  4808
Fittest                      42.923070123435515
highest fitness' coverage:   44.41857638186993
highest fitness' collisions: 0.1495506258434419
new generation:  4809
Fittest                      42.91958904571923
highest fitness' coverage:   44.415095304153645
highest fitness' collisions: 0.14955062584344198
new generation:  4810
Fittest                      42.9256858277842
highest fitness' coverage:   44.42119208621862
highest fitness' collisions: 0.14955062584344195
new generation:  4811
Fittest                      42.919644844600214
highest fitness' coverage:   44.41515110303463
highest fitness' collisions: 0.14955062584344203
new generation:  4812
Fittest                      42.92227154302386
highest fitness' coverage:   44.41777780145828
highest fitness' collisions: 0.149550625843442
new generation:  4813
Fittest                      42.91930608208507
highest fitness' coverage:   44.41481234051949
highest fitness' collisions: 0.14955062584344198
new generation:  4814
Fittest                      42.937802733225816
highest fitness' coverage:   44.43330899166023
highest fitness' collisions: 0.14955062584344195
new generation:  4815
Fittest                      42.92315125653525
highest fitness' coverage:   44.41865751496967
highest fitness' collisions: 0.14955062584344195
new generation:  4816
Fittest                      42.93199129658578
highest fitness' coverage:   44.427497555020196
highest fitness' collisions: 0.14955062584344198
new generation:  4817
Fittest                      42.89765452612829
highest fitness' coverage:   44.39316078456271
highest fitness' collisions: 0.1495506258434418
new generation:  4818
Fittest                      42.91949101721954
highest fitness' coverage:   44.41492759938756
highest fitness' collisions: 0.14954365821680152
new generation:  4819
Fittest                      42.94788491353863
highest fitness' coverage:   44.44332149570664
highest fitness' collisions: 0.1495436582168014
new generation:  4820
Fittest                      42.922779081908274
highest fitness' coverage:   44.41821566407629
highest fitness' collisions: 0.14954365821680163
new generation:  4821
Fittest                      42.94153504293789
highest fitness' coverage:   44.43697162510591
highest fitness' collisions: 0.14954365821680154
new generation:  4822
Fittest                      42.94732601261987
highest fitness' coverage:   44.44276259478789
highest fitness' collisions: 0.1495436582168016
new generation:  4823
Fittest                      42.94552243747914
highest fitness' coverage:   44.443280965167766
highest fitness' collisions: 0.14977585276886238
new generation:  4824
Fittest                      42.917072210540645
highest fitness' coverage:   44.41483073822927
highest fitness' collisions: 0.1497758527688622
new generation:  4825
Fittest                      42.929746869968625
highest fitness' coverage:   44.42750539765725
highest fitness' collisions: 0.1497758527688622
new generation:  4826
Fittest                      42.921704253507606
highest fitness' coverage:   44.420498762605725
highest fitness' collisions: 0.14987945090981183
new generation:  4827
Fittest                      42.938299504614236
highest fitness' coverage:   44.437094013712354
highest fitness' collisions: 0.14987945090981203
new generation:  4828
Fittest                      42.92924549699422
highest fitness' coverage:   44.42804000609234
highest fitness' collisions: 0.14987945090981186
new generation:  4829
Fittest                      42.95042148769029
highest fitness' coverage:   44.44921599678841
highest fitness' collisions: 0.14987945090981183
new generation:  4830
Fittest                      42.933520063681726
highest fitness' coverage:   44.42761786397801
highest fitness' collisions: 0.14940978002962804
new generation:  4831
Fittest                      42.95222098980558
highest fitness' coverage:   44.44631879010186
highest fitness' collisions: 0.1494097800296281
new generation:  4832
Fittest                      42.911494838383554
highest fitness' coverage:   44.405592638679835
highest fitness' collisions: 0.1494097800296281
new generation:  4833
Fittest                      42.939607424691765
highest fitness' coverage:   44.433705224988046
highest fitness' collisions: 0.14940978002962785
new generation:  4834
Fittest                      42.91172237117024
highest fitness' coverage:   44.40582017146652
highest fitness' collisions: 0.14940978002962776
new generation:  4835
Fittest                      42.92392548417106
highest fitness' coverage:   44.41802328446734
highest fitness' collisions: 0.14940978002962804
new generation:  4836
Fittest                      42.924180623984604
highest fitness' coverage:   44.418278424280885
highest fitness' collisions: 0.14940978002962793
new generation:  4837
Fittest                      42.91749932174133
highest fitness' coverage:   44.41159712203761
highest fitness' collisions: 0.14940978002962801
new generation:  4838
Fittest                      42.939076167840234
highest fitness' coverage:   44.42727901241833
highest fitness' collisions: 0.1488202844578098
new generation:  4839
Fittest                      42.936240500670195
highest fitness' coverage:   44.42444334524829
highest fitness' collisions: 0.14882028445780973
new generation:  4840
Fittest                      42.945370168203056
highest fitness' coverage:   44.43357301278115
highest fitness' collisions: 0.14882028445780962
new generation:  4841
Fittest                      42.91724119331402
highest fitness' coverage:   44.40544403789212
highest fitness' collisions: 0.1488202844578096
new generation:  4842
Fittest                      42.92031947178269
highest fitness' coverage:   44.40852231636079
highest fitness' collisions: 0.14882028445780973
new generation:  4843
Fittest                      42.9286148985492
highest fitness' coverage:   44.40927983891296
highest fitness' collisions: 0.14806649403637567
new generation:  4844
Fittest                      42.918186918382894
highest fitness' coverage:   44.41170501388853
highest fitness' collisions: 0.14935180955056357
new generation:  4845
Fittest                      42.921720151526465
highest fitness' coverage:   44.402385091890224
highest fitness' collisions: 0.14806649403637576
new generation:  4846
Fittest                      42.93460480468083
highest fitness' coverage:   44.41526974504459
highest fitness' collisions: 0.1480664940363757
new generation:  4847
Fittest                      42.919173339656865
highest fitness' coverage:   44.399838280020624
highest fitness' collisions: 0.1480664940363757
new generation:  4848
Fittest                      42.91880986403842
highest fitness' coverage:   44.39947480440218
highest fitness' collisions: 0.14806649403637565
new generation:  4849
Fittest                      42.94015977329849
highest fitness' coverage:   44.42082471366225
highest fitness' collisions: 0.14806649403637567
new generation:  4850
Fittest                      42.9497161859001
highest fitness' coverage:   44.43038112626385
highest fitness' collisions: 0.14806649403637553
new generation:  4851
Fittest                      42.946903514052735
highest fitness' coverage:   44.427568454416495
highest fitness' collisions: 0.14806649403637567
new generation:  4852
Fittest                      42.94345604906056
highest fitness' coverage:   44.42412098942432
highest fitness' collisions: 0.1480664940363757
new generation:  4853
Fittest                      42.946377582145864
highest fitness' coverage:   44.43723126679735
highest fitness' collisions: 0.14908536846514855
new generation:  4854
Fittest                      42.93612096721323
highest fitness' coverage:   44.3964199771199
highest fitness' collisions: 0.14602990099066734
new generation:  4855
Fittest                      42.945087467613334
highest fitness' coverage:   44.405386477520004
highest fitness' collisions: 0.14602990099066718
new generation:  4856
Fittest                      42.94520247861743
highest fitness' coverage:   44.4055014885241
highest fitness' collisions: 0.14602990099066734
new generation:  4857
Fittest                      42.97024667174258
highest fitness' coverage:   44.43054568164925
highest fitness' collisions: 0.14602990099066723
new generation:  4858
Fittest                      42.97343135099038
highest fitness' coverage:   44.43373036089705
highest fitness' collisions: 0.1460299009906673
new generation:  4859
Fittest                      42.94521900134702
highest fitness' coverage:   44.408748607943814
highest fitness' collisions: 0.14635296065967965
new generation:  4860
Fittest                      42.95094730912985
highest fitness' coverage:   44.414476915726645
highest fitness' collisions: 0.14635296065967948
new generation:  4861
Fittest                      42.951450816807686
highest fitness' coverage:   44.41498042340448
highest fitness' collisions: 0.14635296065967962
new generation:  4862
Fittest                      42.95779803987001
highest fitness' coverage:   44.42132764646681
highest fitness' collisions: 0.1463529606596794
new generation:  4863
Fittest                      42.95068149529568
highest fitness' coverage:   44.41421110189248
highest fitness' collisions: 0.1463529606596794
new generation:  4864
Fittest                      42.939528835118445
highest fitness' coverage:   44.40305844171524
highest fitness' collisions: 0.1463529606596796
new generation:  4865
Fittest                      42.9516105646114
highest fitness' coverage:   44.41514017120819
highest fitness' collisions: 0.14635296065967945
new generation:  4866
Fittest                      42.94160883500662
highest fitness' coverage:   44.40513844160341
highest fitness' collisions: 0.14635296065967957
new generation:  4867
Fittest                      42.96093342172415
highest fitness' coverage:   44.42446302832094
highest fitness' collisions: 0.1463529606596795
new generation:  4868
Fittest                      42.94791436298277
highest fitness' coverage:   44.41798617018356
highest fitness' collisions: 0.147007180720079
new generation:  4869
Fittest                      42.92933307447614
highest fitness' coverage:   44.39940488167693
highest fitness' collisions: 0.14700718072007904
new generation:  4870
Fittest                      42.96334447702316
highest fitness' coverage:   44.4336720445117
highest fitness' collisions: 0.14703275674885388
new generation:  4871
Fittest                      42.93284600083743
highest fitness' coverage:   44.40317356832597
highest fitness' collisions: 0.14703275674885385
new generation:  4872
Fittest                      42.9283713787274
highest fitness' coverage:   44.39922375367619
highest fitness' collisions: 0.147085237494879
new generation:  4873
Fittest                      42.940714733913026
highest fitness' coverage:   44.41156710886182
highest fitness' collisions: 0.14708523749487884
new generation:  4874
Fittest                      42.94109852728245
highest fitness' coverage:   44.41195090223124
highest fitness' collisions: 0.147085237494879
new generation:  4875
Fittest                      42.931928876168186
highest fitness' coverage:   44.40278125111698
highest fitness' collisions: 0.14708523749487884
new generation:  4876
Fittest                      42.953483158398754
highest fitness' coverage:   44.424335533347545
highest fitness' collisions: 0.1470852374948789
new generation:  4877
Fittest                      42.92290893059946
highest fitness' coverage:   44.39376130554825
highest fitness' collisions: 0.1470852374948789
new generation:  4878
Fittest                      42.95648688685759
highest fitness' coverage:   44.42733926180638
highest fitness' collisions: 0.14708523749487887
new generation:  4879
Fittest                      42.95674658035418
highest fitness' coverage:   44.42759895530297
highest fitness' collisions: 0.14708523749487887
new generation:  4880
Fittest                      42.9537525441096
highest fitness' coverage:   44.42460491905838
highest fitness' collisions: 0.14708523749487865
new generation:  4881
Fittest                      42.94132774178029
highest fitness' coverage:   44.41218011672908
highest fitness' collisions: 0.1470852374948789
new generation:  4882
Fittest                      42.966242193778264
highest fitness' coverage:   44.437094568727055
highest fitness' collisions: 0.14708523749487892
new generation:  4883
Fittest                      42.93170473862952
highest fitness' coverage:   44.40255711357831
highest fitness' collisions: 0.14708523749487887
new generation:  4884
Fittest                      42.960221470740855
highest fitness' coverage:   44.431073845689646
highest fitness' collisions: 0.14708523749487892
new generation:  4885
Fittest                      42.95654174810477
highest fitness' coverage:   44.42739412305356
highest fitness' collisions: 0.14708523749487878
new generation:  4886
Fittest                      42.94397116460483
highest fitness' coverage:   44.41482353955362
highest fitness' collisions: 0.14708523749487884
new generation:  4887
Fittest                      42.96587291966127
highest fitness' coverage:   44.43672529461006
highest fitness' collisions: 0.1470852374948788
new generation:  4888
Fittest                      42.94297103517415
highest fitness' coverage:   44.409173957243816
highest fitness' collisions: 0.14662029220696599
new generation:  4889
Fittest                      42.949139044533396
highest fitness' coverage:   44.41534196660306
highest fitness' collisions: 0.1466202922069662
new generation:  4890
Fittest                      42.97077098582756
highest fitness' coverage:   44.436973907897226
highest fitness' collisions: 0.14662029220696604
new generation:  4891
Fittest                      42.98626442852113
highest fitness' coverage:   44.452467350590794
highest fitness' collisions: 0.14662029220696615
new generation:  4892
Fittest                      42.974027144567806
highest fitness' coverage:   44.44023006663747
highest fitness' collisions: 0.14662029220696618
new generation:  4893
Fittest                      42.94859817646804
highest fitness' coverage:   44.4148010985377
highest fitness' collisions: 0.14662029220696604
new generation:  4894
Fittest                      42.95144632434757
highest fitness' coverage:   44.42406293864161
highest fitness' collisions: 0.147261661429404
new generation:  4895
Fittest                      42.923642362045776
highest fitness' coverage:   44.396258976339816
highest fitness' collisions: 0.1472616614294039
new generation:  4896
Fittest                      42.98570956786356
highest fitness' coverage:   44.4583261821576
highest fitness' collisions: 0.14726166142940386
new generation:  4897
Fittest                      42.93301229055859
highest fitness' coverage:   44.40562890485263
highest fitness' collisions: 0.14726166142940392
new generation:  4898
Fittest                      42.933049086955585
highest fitness' coverage:   44.405665701249625
highest fitness' collisions: 0.14726166142940403
new generation:  4899
Fittest                      42.93571009159251
highest fitness' coverage:   44.40832670588655
highest fitness' collisions: 0.1472616614294039
new generation:  4900
Fittest                      42.95470467472545
highest fitness' coverage:   44.42732128901949
highest fitness' collisions: 0.14726166142940392
new generation:  4901
Fittest                      42.939360566204485
highest fitness' coverage:   44.411977180498525
highest fitness' collisions: 0.14726166142940378
new generation:  4902
Fittest                      42.94262794700784
highest fitness' coverage:   44.41524456130188
highest fitness' collisions: 0.147261661429404
new generation:  4903
Fittest                      42.94528625710934
highest fitness' coverage:   44.41790287140338
highest fitness' collisions: 0.1472616614294039
new generation:  4904
Fittest                      42.96485330036153
highest fitness' coverage:   44.43746991465557
highest fitness' collisions: 0.14726166142940378
new generation:  4905
Fittest                      42.95785420600024
highest fitness' coverage:   44.43047082029428
highest fitness' collisions: 0.14726166142940397
new generation:  4906
Fittest                      42.960283688506216
highest fitness' coverage:   44.43404845642175
highest fitness' collisions: 0.1473764767915536
new generation:  4907
Fittest                      42.95980524515472
highest fitness' coverage:   44.43357001307025
highest fitness' collisions: 0.14737647679155355
new generation:  4908
Fittest                      42.92872968563153
highest fitness' coverage:   44.402494453547064
highest fitness' collisions: 0.1473764767915536
new generation:  4909
Fittest                      42.94135254829851
highest fitness' coverage:   44.41511731621405
highest fitness' collisions: 0.14737647679155366
new generation:  4910
Fittest                      42.93863877187794
highest fitness' coverage:   44.41240353979348
highest fitness' collisions: 0.1473764767915537
new generation:  4911
Fittest                      42.94452593822202
highest fitness' coverage:   44.418290706137554
highest fitness' collisions: 0.1473764767915534
new generation:  4912
Fittest                      42.95089041776906
highest fitness' coverage:   44.42465518568459
highest fitness' collisions: 0.14737647679155344
new generation:  4913
Fittest                      42.94126287944789
highest fitness' coverage:   44.415027647363424
highest fitness' collisions: 0.14737647679155366
new generation:  4914
Fittest                      42.96018532081126
highest fitness' coverage:   44.4339500887268
highest fitness' collisions: 0.1473764767915537
new generation:  4915
Fittest                      42.9409628785255
highest fitness' coverage:   44.41472764644103
highest fitness' collisions: 0.1473764767915536
new generation:  4916
Fittest                      42.94169420059098
highest fitness' coverage:   44.41545896850651
highest fitness' collisions: 0.1473764767915535
new generation:  4917
Fittest                      42.95724450422353
highest fitness' coverage:   44.431009272139065
highest fitness' collisions: 0.14737647679155355
new generation:  4918
Fittest                      42.95387139926722
highest fitness' coverage:   44.42763616718276
highest fitness' collisions: 0.14737647679155372
new generation:  4919
Fittest                      42.95973270077864
highest fitness' coverage:   44.43349746869417
highest fitness' collisions: 0.14737647679155352
new generation:  4920
Fittest                      42.938058833213894
highest fitness' coverage:   44.41182360112943
highest fitness' collisions: 0.14737647679155358
new generation:  4921
Fittest                      42.93277064494009
highest fitness' coverage:   44.406535412855625
highest fitness' collisions: 0.14737647679155355
new generation:  4922
Fittest                      42.96593896854093
highest fitness' coverage:   44.446423019603856
highest fitness' collisions: 0.14804840510629255
new generation:  4923
Fittest                      42.93753727210377
highest fitness' coverage:   44.41802132316669
highest fitness' collisions: 0.1480484051062925
new generation:  4924
Fittest                      42.93134916044191
highest fitness' coverage:   44.411833211504835
highest fitness' collisions: 0.14804840510629264
new generation:  4925
Fittest                      42.928668163828526
highest fitness' coverage:   44.40915221489145
highest fitness' collisions: 0.14804840510629258
new generation:  4926
Fittest                      42.93133351581333
highest fitness' coverage:   44.41181756687625
highest fitness' collisions: 0.1480484051062924
new generation:  4927
Fittest                      42.93796729196319
highest fitness' coverage:   44.41845134302611
highest fitness' collisions: 0.14804840510629258
new generation:  4928
Fittest                      42.93156850276805
highest fitness' coverage:   44.412052553830975
highest fitness' collisions: 0.1480484051062925
new generation:  4929
Fittest                      42.9317584540597
highest fitness' coverage:   44.396305253697506
highest fitness' collisions: 0.14645467996378056
new generation:  4930
Fittest                      42.944202602535775
highest fitness' coverage:   44.408749402173584
highest fitness' collisions: 0.14645467996378078
new generation:  4931
Fittest                      42.94456027794005
highest fitness' coverage:   44.40910707757786
highest fitness' collisions: 0.14645467996378056
new generation:  4932
Fittest                      42.92833458331048
highest fitness' coverage:   44.38646769072391
highest fitness' collisions: 0.1458133107413428
new generation:  4933
Fittest                      42.98183338634854
highest fitness' coverage:   44.43996649376197
highest fitness' collisions: 0.14581331074134282
new generation:  4934
Fittest                      42.93763290246724
highest fitness' coverage:   44.39576600988067
highest fitness' collisions: 0.14581331074134277
new generation:  4935
Fittest                      42.959383264957104
highest fitness' coverage:   44.417516372370535
highest fitness' collisions: 0.14581331074134285
new generation:  4936
Fittest                      42.954101772245316
highest fitness' coverage:   44.41223487965874
highest fitness' collisions: 0.14581331074134274
new generation:  4937
Fittest                      42.933403342503745
highest fitness' coverage:   44.38675014899395
highest fitness' collisions: 0.1453346806490202
new generation:  4938
Fittest                      42.95331473073736
highest fitness' coverage:   44.40551338360606
highest fitness' collisions: 0.1452198652868704
new generation:  4939
Fittest                      42.96585456963838
highest fitness' coverage:   44.41805322250708
highest fitness' collisions: 0.14521986528687034
new generation:  4940
Fittest                      42.96347487219701
highest fitness' coverage:   44.41567352506571
highest fitness' collisions: 0.1452198652868705
new generation:  4941
Fittest                      42.97177087189175
highest fitness' coverage:   44.42396952476045
highest fitness' collisions: 0.14521986528687045
new generation:  4942
Fittest                      42.98475189638226
highest fitness' coverage:   44.43040834864697
highest fitness' collisions: 0.14456564522647108
new generation:  4943
Fittest                      42.96911288783959
highest fitness' coverage:   44.41476934010431
highest fitness' collisions: 0.14456564522647108
new generation:  4944
Fittest                      42.96255237655021
highest fitness' coverage:   44.41226495759407
highest fitness' collisions: 0.14497125810438607
new generation:  4945
Fittest                      42.98408999016747
highest fitness' coverage:   44.43380257121133
highest fitness' collisions: 0.14497125810438596
new generation:  4946
Fittest                      42.98066564296882
highest fitness' coverage:   44.430378224012685
highest fitness' collisions: 0.14497125810438605
new generation:  4947
Fittest                      42.97652905783297
highest fitness' coverage:   44.42721887609779
highest fitness' collisions: 0.1450689818264817
new generation:  4948
Fittest                      42.95137710467087
highest fitness' coverage:   44.40206692293568
highest fitness' collisions: 0.14506898182648162
new generation:  4949
Fittest                      42.97049674079559
highest fitness' coverage:   44.4211865590604
highest fitness' collisions: 0.14506898182648162
new generation:  4950
Fittest                      42.95817534343758
highest fitness' coverage:   44.4088651617024
highest fitness' collisions: 0.14506898182648167
new generation:  4951
Fittest                      42.95805786975113
highest fitness' coverage:   44.40874768801594
highest fitness' collisions: 0.1450689818264816
new generation:  4952
Fittest                      42.97925359764373
highest fitness' coverage:   44.42994341590855
highest fitness' collisions: 0.14506898182648154
new generation:  4953
Fittest                      42.94540679026996
highest fitness' coverage:   44.39609660853478
highest fitness' collisions: 0.1450689818264817
new generation:  4954
Fittest                      42.961011227231225
highest fitness' coverage:   44.41170104549604
highest fitness' collisions: 0.14506898182648148
new generation:  4955
Fittest                      42.95495020953264
highest fitness' coverage:   44.40564002779746
highest fitness' collisions: 0.14506898182648167
new generation:  4956
Fittest                      42.97712323614915
highest fitness' coverage:   44.42781305441396
highest fitness' collisions: 0.14506898182648156
new generation:  4957
Fittest                      42.96766389124662
highest fitness' coverage:   44.41835370951144
highest fitness' collisions: 0.14506898182648167
new generation:  4958
Fittest                      42.97053975200409
highest fitness' coverage:   44.421229570268906
highest fitness' collisions: 0.14506898182648162
new generation:  4959
Fittest                      42.948435855308276
highest fitness' coverage:   44.39912567357309
highest fitness' collisions: 0.1450689818264816
new generation:  4960
Fittest                      42.94823527933184
highest fitness' coverage:   44.393308916555064
highest fitness' collisions: 0.14450736372232256
new generation:  4961
Fittest                      42.96406884220897
highest fitness' coverage:   44.40914247943219
highest fitness' collisions: 0.14450736372232276
new generation:  4962
Fittest                      42.950922290412166
highest fitness' coverage:   44.39599592763539
highest fitness' collisions: 0.14450736372232253
new generation:  4963
Fittest                      42.95793491554446
highest fitness' coverage:   44.40300855276769
highest fitness' collisions: 0.14450736372232265
new generation:  4964
Fittest                      42.97005312293747
highest fitness' coverage:   44.415126760160696
highest fitness' collisions: 0.1445073637223226
new generation:  4965
Fittest                      42.96027523844075
highest fitness' coverage:   44.405348875663975
highest fitness' collisions: 0.14450736372232265
new generation:  4966
Fittest                      42.97933631199305
highest fitness' coverage:   44.424409949216276
highest fitness' collisions: 0.14450736372232253
new generation:  4967
Fittest                      42.97964613449436
highest fitness' coverage:   44.424719771717584
highest fitness' collisions: 0.1445073637223225
new generation:  4968
Fittest                      42.97905727928402
highest fitness' coverage:   44.424130916507245
highest fitness' collisions: 0.14450736372232262
new generation:  4969
Fittest                      43.00103813607943
highest fitness' coverage:   44.446111773302654
highest fitness' collisions: 0.14450736372232256
new generation:  4970
Fittest                      42.98231243320203
highest fitness' coverage:   44.42738607042526
highest fitness' collisions: 0.14450736372232256
new generation:  4971
Fittest                      42.970935436511894
highest fitness' coverage:   44.43902209148777
highest fitness' collisions: 0.14680866549758795
new generation:  4972
Fittest                      42.977394115678855
highest fitness' coverage:   44.44548077065473
highest fitness' collisions: 0.146808665497588
new generation:  4973
Fittest                      42.96787510376912
highest fitness' coverage:   44.43564553097898
highest fitness' collisions: 0.14677704272098638
new generation:  4974
Fittest                      42.953410010500086
highest fitness' coverage:   44.42118043770995
highest fitness' collisions: 0.1467770427209864
new generation:  4975
Fittest                      42.94015055224386
highest fitness' coverage:   44.40792097945372
highest fitness' collisions: 0.14677704272098635
new generation:  4976
Fittest                      42.94583365875187
highest fitness' coverage:   44.42006062825208
highest fitness' collisions: 0.14742269695002094
new generation:  4977
Fittest                      42.98960640537874
highest fitness' coverage:   44.454769572730804
highest fitness' collisions: 0.14651631673520693
new generation:  4978
Fittest                      42.96133152166032
highest fitness' coverage:   44.42649468901239
highest fitness' collisions: 0.1465163167352068
new generation:  4979
Fittest                      42.939716895684974
highest fitness' coverage:   44.40488006303704
highest fitness' collisions: 0.14651631673520696
new generation:  4980
Fittest                      42.95538587795638
highest fitness' coverage:   44.42054904530845
highest fitness' collisions: 0.146516316735207
new generation:  4981
Fittest                      42.99300988351972
highest fitness' coverage:   44.45817305087179
highest fitness' collisions: 0.14651631673520704
new generation:  4982
Fittest                      42.94550163712957
highest fitness' coverage:   44.410664804481634
highest fitness' collisions: 0.14651631673520701
new generation:  4983
Fittest                      42.93960697984517
highest fitness' coverage:   44.40477014719724
highest fitness' collisions: 0.14651631673520696
new generation:  4984
Fittest                      42.94264462978656
highest fitness' coverage:   44.407807797138624
highest fitness' collisions: 0.14651631673520701
new generation:  4985
Fittest                      43.001884306758804
highest fitness' coverage:   44.46756322810839
highest fitness' collisions: 0.14656789213495824
new generation:  4986
Fittest                      42.955084848725136
highest fitness' coverage:   44.42076377007472
highest fitness' collisions: 0.14656789213495824
new generation:  4987
Fittest                      42.94137265521112
highest fitness' coverage:   44.407051576560704
highest fitness' collisions: 0.1465678921349584
new generation:  4988
Fittest                      42.96421256321997
highest fitness' coverage:   44.42989148456955
highest fitness' collisions: 0.14656789213495836
new generation:  4989
Fittest                      42.96774153394783
highest fitness' coverage:   44.433420455297416
highest fitness' collisions: 0.14656789213495844
new generation:  4990
Fittest                      42.96137437322446
highest fitness' coverage:   44.427053294574044
highest fitness' collisions: 0.1465678921349584
new generation:  4991
Fittest                      42.97644983379627
highest fitness' coverage:   44.44212875514586
highest fitness' collisions: 0.1465678921349583
new generation:  4992
Fittest                      42.95186086611449
highest fitness' coverage:   44.41753978746407
highest fitness' collisions: 0.1465678921349584
new generation:  4993
Fittest                      42.938790091182675
highest fitness' coverage:   44.40446901253226
highest fitness' collisions: 0.14656789213495852
new generation:  4994
Fittest                      42.956379321362576
highest fitness' coverage:   44.41680800059086
highest fitness' collisions: 0.1460428679228285
new generation:  4995
Fittest                      42.97233333714946
highest fitness' coverage:   44.432762016377744
highest fitness' collisions: 0.1460428679228284
new generation:  4996
Fittest                      42.96602784959328
highest fitness' coverage:   44.42645652882157
highest fitness' collisions: 0.1460428679228284
new generation:  4997
Fittest                      42.99104300713842
highest fitness' coverage:   44.45147168636671
highest fitness' collisions: 0.14604286792282845
new generation:  4998
Fittest                      42.96004874412081
highest fitness' coverage:   44.4204774233491
highest fitness' collisions: 0.14604286792282847
new generation:  4999
Fittest                      42.969203276153024
highest fitness' coverage:   44.42963195538131
highest fitness' collisions: 0.1460428679228283
new generation:  5000
Fittest                      42.98383346233059
highest fitness' coverage:   44.43602736661347
highest fitness' collisions: 0.14521939042828833
new generation:  5001
Fittest                      42.961755173529546
highest fitness' coverage:   44.41394907781243
highest fitness' collisions: 0.1452193904282884
new generation:  5002
Fittest                      42.9621352540562
highest fitness' coverage:   44.41432915833908
highest fitness' collisions: 0.14521939042828824
new generation:  5003
Fittest                      42.96853328377182
highest fitness' coverage:   44.4207271880547
highest fitness' collisions: 0.14521939042828821
new generation:  5004
Fittest                      42.97463515916288
highest fitness' coverage:   44.426829063445766
highest fitness' collisions: 0.1452193904282883
new generation:  5005
Fittest                      42.99569935106186
highest fitness' coverage:   44.45129337483216
highest fitness' collisions: 0.14555940237703024
new generation:  5006
Fittest                      42.96844703397656
highest fitness' coverage:   44.42929180768174
highest fitness' collisions: 0.14608447737051805
new generation:  5007
Fittest                      42.97237333988607
highest fitness' coverage:   44.433218113591245
highest fitness' collisions: 0.14608447737051788
new generation:  5008
Fittest                      42.99048557059736
highest fitness' coverage:   44.451330344302534
highest fitness' collisions: 0.1460844773705179
new generation:  5009
Fittest                      42.9783004620776
highest fitness' coverage:   44.432508093590485
highest fitness' collisions: 0.14542076315128877
new generation:  5010
Fittest                      42.956527706517235
highest fitness' coverage:   44.41073533803012
highest fitness' collisions: 0.1454207631512887
new generation:  5011
Fittest                      42.97836130786612
highest fitness' coverage:   44.43256893937901
highest fitness' collisions: 0.14542076315128874
new generation:  5012
Fittest                      42.98822538006022
highest fitness' coverage:   44.44243301157311
highest fitness' collisions: 0.14542076315128874
new generation:  5013
Fittest                      42.975249524287705
highest fitness' coverage:   44.442513090175844
highest fitness' collisions: 0.1467263565888136
new generation:  5014
Fittest                      42.947382652013665
highest fitness' coverage:   44.414646217901804
highest fitness' collisions: 0.1467263565888137
new generation:  5015
Fittest                      42.96261026320223
highest fitness' coverage:   44.42987382909036
highest fitness' collisions: 0.14672635658881333
new generation:  5016
Fittest                      42.955840800714675
highest fitness' coverage:   44.423104366602814
highest fitness' collisions: 0.14672635658881372
new generation:  5017
Fittest                      42.946856326999246
highest fitness' coverage:   44.414119892887385
highest fitness' collisions: 0.1467263565888136
new generation:  5018
Fittest                      42.965743838844716
highest fitness' coverage:   44.43300740473285
highest fitness' collisions: 0.14672635658881356
new generation:  5019
Fittest                      42.9534500886163
highest fitness' coverage:   44.42071365450443
highest fitness' collisions: 0.14672635658881353
new generation:  5020
Fittest                      42.92839761916608
highest fitness' coverage:   44.39566118505421
highest fitness' collisions: 0.1467263565888135
new generation:  5021
Fittest                      42.97789810423469
highest fitness' coverage:   44.44516167012282
highest fitness' collisions: 0.1467263565888135
new generation:  5022
Fittest                      42.9561949420855
highest fitness' coverage:   44.42345850797364
highest fitness' collisions: 0.14672635658881364
new generation:  5023
Fittest                      42.94738061491846
highest fitness' coverage:   44.4146441808066
highest fitness' collisions: 0.1467263565888137
new generation:  5024
Fittest                      42.96815883468406
highest fitness' coverage:   44.4354224005722
highest fitness' collisions: 0.1467263565888136
new generation:  5025
Fittest                      42.9656421105107
highest fitness' coverage:   44.43290567639884
highest fitness' collisions: 0.1467263565888137
new generation:  5026
Fittest                      42.96897256930123
highest fitness' coverage:   44.43623613518937
highest fitness' collisions: 0.14672635658881358
new generation:  5027
Fittest                      42.949852364125405
highest fitness' coverage:   44.41711593001354
highest fitness' collisions: 0.1467263565888135
new generation:  5028
Fittest                      42.94694271382619
highest fitness' coverage:   44.41420627971433
highest fitness' collisions: 0.14672635658881364
new generation:  5029
Fittest                      42.94953254348475
highest fitness' coverage:   44.41679610937288
highest fitness' collisions: 0.1467263565888135
new generation:  5030
Fittest                      42.95972521307221
highest fitness' coverage:   44.42698877896035
highest fitness' collisions: 0.14672635658881364
new generation:  5031
Fittest                      42.955396837948115
highest fitness' coverage:   44.429904763437
highest fitness' collisions: 0.14745079254888846
new generation:  5032
Fittest                      42.94474864878863
highest fitness' coverage:   44.41680646273673
highest fitness' collisions: 0.14720578139480975
new generation:  5033
Fittest                      42.9429620257445
highest fitness' coverage:   44.401963905317345
highest fitness' collisions: 0.14590018795728477
new generation:  5034
Fittest                      42.971302215254504
highest fitness' coverage:   44.43030409482735
highest fitness' collisions: 0.14590018795728482
new generation:  5035
Fittest                      42.97749275606838
highest fitness' coverage:   44.436494635641225
highest fitness' collisions: 0.14590018795728485
new generation:  5036
Fittest                      42.967183065448694
highest fitness' coverage:   44.42618494502154
highest fitness' collisions: 0.1459001879572848
new generation:  5037
Fittest                      42.96735347878622
highest fitness' coverage:   44.42635535835907
highest fitness' collisions: 0.14590018795728465
new generation:  5038
Fittest                      42.95862612833265
highest fitness' coverage:   44.41762800790549
highest fitness' collisions: 0.14590018795728488
new generation:  5039
Fittest                      42.95212025649185
highest fitness' coverage:   44.4111221360647
highest fitness' collisions: 0.1459001879572847
new generation:  5040
Fittest                      42.955155445094185
highest fitness' coverage:   44.41415732466703
highest fitness' collisions: 0.14590018795728485
new generation:  5041
Fittest                      42.97085943485638
highest fitness' coverage:   44.429861314429225
highest fitness' collisions: 0.14590018795728474
new generation:  5042
Fittest                      42.967611365872024
highest fitness' coverage:   44.42661324544487
highest fitness' collisions: 0.14590018795728474
new generation:  5043
Fittest                      42.97795768920738
highest fitness' coverage:   44.40800176399347
highest fitness' collisions: 0.14300440747860885
new generation:  5044
Fittest                      42.98980525972507
highest fitness' coverage:   44.419849334511156
highest fitness' collisions: 0.14300440747860885
new generation:  5045
Fittest                      42.99584016396425
highest fitness' coverage:   44.42588423875034
highest fitness' collisions: 0.14300440747860885
new generation:  5046
Fittest                      42.99359308306734
highest fitness' coverage:   44.42363715785343
highest fitness' collisions: 0.14300440747860887
new generation:  5047
Fittest                      43.00247947168307
highest fitness' coverage:   44.432523546469156
highest fitness' collisions: 0.1430044074786087
new generation:  5048
Fittest                      42.99641688511497
highest fitness' coverage:   44.42646095990106
highest fitness' collisions: 0.14300440747860887
new generation:  5049
Fittest                      43.01219193008935
highest fitness' coverage:   44.44223600487544
highest fitness' collisions: 0.14300440747860874
new generation:  5050
Fittest                      43.005594729193035
highest fitness' coverage:   44.435638803979124
highest fitness' collisions: 0.14300440747860876
new generation:  5051
Fittest                      43.00560243956044
highest fitness' coverage:   44.43564651434653
highest fitness' collisions: 0.14300440747860882
new generation:  5052
Fittest                      42.99359661786952
highest fitness' coverage:   44.42364069265561
highest fitness' collisions: 0.14300440747860885
new generation:  5053
Fittest                      42.998579958276686
highest fitness' coverage:   44.42644150433779
highest fitness' collisions: 0.14278615460611024
new generation:  5054
Fittest                      43.01122918219529
highest fitness' coverage:   44.43909072825639
highest fitness' collisions: 0.14278615460611033
new generation:  5055
Fittest                      43.029466350535415
highest fitness' coverage:   44.45732789659652
highest fitness' collisions: 0.14278615460611044
new generation:  5056
Fittest                      43.01086445601532
highest fitness' coverage:   44.43872600207642
highest fitness' collisions: 0.1427861546061104
new generation:  5057
Fittest                      43.032588981946994
highest fitness' coverage:   44.460450528008096
highest fitness' collisions: 0.14278615460611044
new generation:  5058
Fittest                      42.99438815263004
highest fitness' coverage:   44.43537472460417
highest fitness' collisions: 0.1440986571974138
new generation:  5059
Fittest                      42.99502360847124
highest fitness' coverage:   44.422885154532345
highest fitness' collisions: 0.1427861546061103
new generation:  5060
Fittest                      43.01376546852514
highest fitness' coverage:   44.441627014586246
highest fitness' collisions: 0.14278615460611024
new generation:  5061
Fittest                      43.00214825186462
highest fitness' coverage:   44.43000979792572
highest fitness' collisions: 0.14278615460611038
new generation:  5062
Fittest                      43.0109392877631
highest fitness' coverage:   44.4388008338242
highest fitness' collisions: 0.14278615460611022
new generation:  5063
Fittest                      42.99840786698631
highest fitness' coverage:   44.426269413047415
highest fitness' collisions: 0.14278615460611038
new generation:  5064
Fittest                      43.012736715335244
highest fitness' coverage:   44.45131345444872
highest fitness' collisions: 0.14385767391134785
new generation:  5065
Fittest                      43.021785555069
highest fitness' coverage:   44.46036229418248
highest fitness' collisions: 0.14385767391134788
new generation:  5066
Fittest                      43.02225263835193
highest fitness' coverage:   44.46082937746541
highest fitness' collisions: 0.14385767391134788
new generation:  5067
Fittest                      43.02849033098417
highest fitness' coverage:   44.46706707009765
highest fitness' collisions: 0.14385767391134782
new generation:  5068
Fittest                      42.99072860265935
highest fitness' coverage:   44.42930534177283
highest fitness' collisions: 0.14385767391134777
new generation:  5069
Fittest                      42.99700365997379
highest fitness' coverage:   44.43558039908727
highest fitness' collisions: 0.14385767391134796
new generation:  5070
Fittest                      42.98602758914299
highest fitness' coverage:   44.45772644019565
highest fitness' collisions: 0.1471698851052654
new generation:  5071
Fittest                      42.97081347545711
highest fitness' coverage:   44.442512326509764
highest fitness' collisions: 0.14716988510526524
new generation:  5072
Fittest                      42.954228225410766
highest fitness' coverage:   44.42592707646342
highest fitness' collisions: 0.1471698851052652
new generation:  5073
Fittest                      42.95157288866638
highest fitness' coverage:   44.42327173971903
highest fitness' collisions: 0.14716988510526524
new generation:  5074
Fittest                      42.970373149163436
highest fitness' coverage:   44.442072000216086
highest fitness' collisions: 0.1471698851052654
new generation:  5075
Fittest                      42.95791970607858
highest fitness' coverage:   44.42961855713123
highest fitness' collisions: 0.14716988510526524
new generation:  5076
Fittest                      42.96678434591193
highest fitness' coverage:   44.43848319696458
highest fitness' collisions: 0.14716988510526535
new generation:  5077
Fittest                      42.967999738031615
highest fitness' coverage:   44.43245422948352
highest fitness' collisions: 0.1464454491451904
new generation:  5078
Fittest                      42.96354340433799
highest fitness' coverage:   44.4295133875879
highest fitness' collisions: 0.14659699832499143
new generation:  5079
Fittest                      42.99766230214102
highest fitness' coverage:   44.463632285390936
highest fitness' collisions: 0.1465969983249914
new generation:  5080
Fittest                      42.955628947459104
highest fitness' coverage:   44.40701694770958
highest fitness' collisions: 0.14513880002504714
new generation:  5081
Fittest                      42.96827020569566
highest fitness' coverage:   44.41965820594613
highest fitness' collisions: 0.1451388000250471
new generation:  5082
Fittest                      42.96125781256856
highest fitness' coverage:   44.41264581281903
highest fitness' collisions: 0.1451388000250471
new generation:  5083
Fittest                      42.96484863175274
highest fitness' coverage:   44.416236632003205
highest fitness' collisions: 0.14513880002504706
new generation:  5084
Fittest                      43.002073964709425
highest fitness' coverage:   44.41916493256886
highest fitness' collisions: 0.14170909678594337
new generation:  5085
Fittest                      42.9991608896146
highest fitness' coverage:   44.41625185747403
highest fitness' collisions: 0.14170909678594334
new generation:  5086
Fittest                      43.024351896251794
highest fitness' coverage:   44.44144286411123
highest fitness' collisions: 0.1417090967859434
new generation:  5087
Fittest                      43.056111248007404
highest fitness' coverage:   44.478199611657885
highest fitness' collisions: 0.14220883636504794
new generation:  5088
Fittest                      43.061833180593084
highest fitness' coverage:   44.483921544243564
highest fitness' collisions: 0.14220883636504783
new generation:  5089
Fittest                      43.07165180876882
highest fitness' coverage:   44.4937401724193
highest fitness' collisions: 0.14220883636504777
new generation:  5090
Fittest                      43.081131505868136
highest fitness' coverage:   44.50321986951862
highest fitness' collisions: 0.142208836365048
new generation:  5091
Fittest                      43.080728354130976
highest fitness' coverage:   44.50281671778146
highest fitness' collisions: 0.1422088363650479
new generation:  5092
Fittest                      43.08728486294579
highest fitness' coverage:   44.509373226596274
highest fitness' collisions: 0.14220883636504789
new generation:  5093
Fittest                      43.07987604023789
highest fitness' coverage:   44.50933767187103
highest fitness' collisions: 0.1429461631633141
new generation:  5094
Fittest                      43.098375472876796
highest fitness' coverage:   44.52805588067233
highest fitness' collisions: 0.1429680407795537
new generation:  5095
Fittest                      43.089485824246715
highest fitness' coverage:   44.51916623204225
highest fitness' collisions: 0.1429680407795536
new generation:  5096
Fittest                      43.069953743194354
highest fitness' coverage:   44.49963415098989
highest fitness' collisions: 0.1429680407795537
new generation:  5097
Fittest                      43.07617589737781
highest fitness' coverage:   44.505856305173346
highest fitness' collisions: 0.1429680407795536
new generation:  5098
Fittest                      43.076367762340986
highest fitness' coverage:   44.50604817013652
highest fitness' collisions: 0.1429680407795537
new generation:  5099
Fittest                      43.107855507510074
highest fitness' coverage:   44.53753591530561
highest fitness' collisions: 0.14296804077955355
new generation:  5100
Fittest                      43.079629735336624
highest fitness' coverage:   44.50931014313216
highest fitness' collisions: 0.14296804077955377
new generation:  5101
Fittest                      43.07385523696058
highest fitness' coverage:   44.50353564475612
highest fitness' collisions: 0.14296804077955363
new generation:  5102
Fittest                      43.06060380779622
highest fitness' coverage:   44.49028421559176
highest fitness' collisions: 0.1429680407795537
new generation:  5103
Fittest                      43.08903346563202
highest fitness' coverage:   44.51871387342756
highest fitness' collisions: 0.14296804077955366
new generation:  5104
Fittest                      43.082944177581936
highest fitness' coverage:   44.51262458537747
highest fitness' collisions: 0.14296804077955366
new generation:  5105
Fittest                      43.085599571835765
highest fitness' coverage:   44.5152799796313
highest fitness' collisions: 0.14296804077955375
new generation:  5106
Fittest                      43.067793901773484
highest fitness' coverage:   44.49747430956902
highest fitness' collisions: 0.14296804077955363
new generation:  5107
Fittest                      43.052725356113775
highest fitness' coverage:   44.49404704756634
highest fitness' collisions: 0.14413216914525656
new generation:  5108
Fittest                      43.0689919122125
highest fitness' coverage:   44.512491061876744
highest fitness' collisions: 0.1443499149664242
new generation:  5109
Fittest                      43.07777965787965
highest fitness' coverage:   44.521278807543894
highest fitness' collisions: 0.1443499149664243
new generation:  5110
Fittest                      43.082204263221314
highest fitness' coverage:   44.531322753352605
highest fitness' collisions: 0.1449118490131291
new generation:  5111
Fittest                      43.0669698367026
highest fitness' coverage:   44.51608832683389
highest fitness' collisions: 0.14491184901312906
new generation:  5112
Fittest                      43.06319341835981
highest fitness' coverage:   44.5123119084911
highest fitness' collisions: 0.14491184901312903
new generation:  5113
Fittest                      43.076244938101354
highest fitness' coverage:   44.52516390200115
highest fitness' collisions: 0.14489189638997926
new generation:  5114
Fittest                      43.05120514310703
highest fitness' coverage:   44.500124107006826
highest fitness' collisions: 0.14489189638997943
new generation:  5115
Fittest                      43.04494236804779
highest fitness' coverage:   44.493861331947585
highest fitness' collisions: 0.14489189638997935
new generation:  5116
Fittest                      43.05359506723663
highest fitness' coverage:   44.53413680773811
highest fitness' collisions: 0.14805417405014776
new generation:  5117
Fittest                      43.03800875455883
highest fitness' coverage:   44.51855049506031
highest fitness' collisions: 0.14805417405014773
new generation:  5118
Fittest                      43.02516163255731
highest fitness' coverage:   44.505703373058786
highest fitness' collisions: 0.14805417405014776
new generation:  5119
Fittest                      43.01574945214121
highest fitness' coverage:   44.49629119264269
highest fitness' collisions: 0.14805417405014773
new generation:  5120
Fittest                      43.02597633627384
highest fitness' coverage:   44.50626231648757
highest fitness' collisions: 0.1480285980213727
new generation:  5121
Fittest                      43.03189032711626
highest fitness' coverage:   44.51217630732999
highest fitness' collisions: 0.14802859802137266
new generation:  5122
Fittest                      43.05072221087241
highest fitness' coverage:   44.53100819108614
highest fitness' collisions: 0.14802859802137278
new generation:  5123
Fittest                      43.035303933166134
highest fitness' coverage:   44.51558991337986
highest fitness' collisions: 0.1480285980213728
new generation:  5124
Fittest                      43.019240560239595
highest fitness' coverage:   44.499526540453324
highest fitness' collisions: 0.1480285980213728
new generation:  5125
Fittest                      43.06309993379696
highest fitness' coverage:   44.54338591401069
highest fitness' collisions: 0.1480285980213728
new generation:  5126
Fittest                      43.02846374108946
highest fitness' coverage:   44.50874972130319
highest fitness' collisions: 0.14802859802137275
new generation:  5127
Fittest                      43.013774360666844
highest fitness' coverage:   44.49406034088057
highest fitness' collisions: 0.14802859802137275
new generation:  5128
Fittest                      43.04110042690216
highest fitness' coverage:   44.52138640711589
highest fitness' collisions: 0.14802859802137283
new generation:  5129
Fittest                      43.02284693936936
highest fitness' coverage:   44.50281669181707
highest fitness' collisions: 0.1479969752447711
new generation:  5130
Fittest                      43.02703878289744
highest fitness' coverage:   44.514051198073105
highest fitness' collisions: 0.14870124151756658
new generation:  5131
Fittest                      43.04549597665976
highest fitness' coverage:   44.53250839183542
highest fitness' collisions: 0.14870124151756647
new generation:  5132
Fittest                      43.02727618946112
highest fitness' coverage:   44.51428860463678
highest fitness' collisions: 0.14870124151756653
new generation:  5133
Fittest                      43.032810885777046
highest fitness' coverage:   44.51982330095271
highest fitness' collisions: 0.14870124151756647
new generation:  5134
Fittest                      43.02065750444673
highest fitness' coverage:   44.507669919622394
highest fitness' collisions: 0.14870124151756642
new generation:  5135
Fittest                      43.023597250881664
highest fitness' coverage:   44.51060966605733
highest fitness' collisions: 0.14870124151756636
new generation:  5136
Fittest                      43.01452771544759
highest fitness' coverage:   44.501540130623255
highest fitness' collisions: 0.14870124151756658
new generation:  5137
Fittest                      43.010957617641644
highest fitness' coverage:   44.49797003281731
highest fitness' collisions: 0.1487012415175665
new generation:  5138
Fittest                      43.020504889807526
highest fitness' coverage:   44.50751730498319
highest fitness' collisions: 0.14870124151756645
new generation:  5139
Fittest                      43.011174286348215
highest fitness' coverage:   44.49818670152388
highest fitness' collisions: 0.14870124151756656
new generation:  5140
Fittest                      43.017653245231514
highest fitness' coverage:   44.50466566040718
highest fitness' collisions: 0.14870124151756656
new generation:  5141
Fittest                      43.01754438428113
highest fitness' coverage:   44.50455679945679
highest fitness' collisions: 0.14870124151756647
new generation:  5142
Fittest                      43.020810449163356
highest fitness' coverage:   44.50782286433902
highest fitness' collisions: 0.14870124151756656
new generation:  5143
Fittest                      43.00758347553533
highest fitness' coverage:   44.49459589071099
highest fitness' collisions: 0.14870124151756645
new generation:  5144
Fittest                      43.030143593299826
highest fitness' coverage:   44.51715600847549
highest fitness' collisions: 0.1487012415175665
new generation:  5145
Fittest                      43.01712522979116
highest fitness' coverage:   44.504137644966825
highest fitness' collisions: 0.1487012415175665
new generation:  5146
Fittest                      43.03274980746518
highest fitness' coverage:   44.51976222264084
highest fitness' collisions: 0.1487012415175665
new generation:  5147
Fittest                      43.03331784041025
highest fitness' coverage:   44.52033025558591
highest fitness' collisions: 0.1487012415175665
new generation:  5148
Fittest                      43.0233522443358
highest fitness' coverage:   44.51036465951146
highest fitness' collisions: 0.14870124151756653
new generation:  5149
Fittest                      43.02536006049576
highest fitness' coverage:   44.53233102818875
highest fitness' collisions: 0.1506970967692996
new generation:  5150
Fittest                      42.98471057082247
highest fitness' coverage:   44.491681538515465
highest fitness' collisions: 0.1506970967692994
new generation:  5151
Fittest                      43.01308337678301
highest fitness' coverage:   44.520054344476
highest fitness' collisions: 0.15069709676929952
new generation:  5152
Fittest                      43.00091601277719
highest fitness' coverage:   44.50788698047018
highest fitness' collisions: 0.15069709676929932
new generation:  5153
Fittest                      43.00406142971146
highest fitness' coverage:   44.511032397404456
highest fitness' collisions: 0.15069709676929946
new generation:  5154
Fittest                      43.0037176844437
highest fitness' coverage:   44.51068865213669
highest fitness' collisions: 0.15069709676929943
new generation:  5155
Fittest                      42.99458173757001
highest fitness' coverage:   44.501552705263
highest fitness' collisions: 0.15069709676929946
new generation:  5156
Fittest                      43.012503417334734
highest fitness' coverage:   44.51947438502773
highest fitness' collisions: 0.1506970967692995
new generation:  5157
Fittest                      43.02584690939751
highest fitness' coverage:   44.5328178770905
highest fitness' collisions: 0.1506970967692995
new generation:  5158
Fittest                      43.015873490646165
highest fitness' coverage:   44.52284445833916
highest fitness' collisions: 0.15069709676929946
new generation:  5159
Fittest                      43.000591105083764
highest fitness' coverage:   44.50756207277676
highest fitness' collisions: 0.1506970967692995
new generation:  5160
Fittest                      43.00345418179951
highest fitness' coverage:   44.510425149492505
highest fitness' collisions: 0.1506970967692995
new generation:  5161
Fittest                      43.001929681805606
highest fitness' coverage:   44.522842081169344
highest fitness' collisions: 0.1520912399363736
new generation:  5162
Fittest                      43.011564260566374
highest fitness' coverage:   44.53247665993011
highest fitness' collisions: 0.15209123993637366
new generation:  5163
Fittest                      42.97694497905927
highest fitness' coverage:   44.49785737842301
highest fitness' collisions: 0.15209123993637355
new generation:  5164
Fittest                      42.983667547639165
highest fitness' coverage:   44.5045799470029
highest fitness' collisions: 0.15209123993637358
new generation:  5165
Fittest                      42.9890623800991
highest fitness' coverage:   44.50997477946284
highest fitness' collisions: 0.1520912399363736
new generation:  5166
Fittest                      43.013188724320955
highest fitness' coverage:   44.548421643913684
highest fitness' collisions: 0.153523291959273
new generation:  5167
Fittest                      42.97418893752502
highest fitness' coverage:   44.513692202739406
highest fitness' collisions: 0.15395032652143856
new generation:  5168
Fittest                      42.98027720404299
highest fitness' coverage:   44.51978046925738
highest fitness' collisions: 0.15395032652143864
new generation:  5169
Fittest                      42.99818785414124
highest fitness' coverage:   44.51992968549501
highest fitness' collisions: 0.15217418313537642
new generation:  5170
Fittest                      42.99490166069626
highest fitness' coverage:   44.51664349205002
highest fitness' collisions: 0.15217418313537648
new generation:  5171
Fittest                      42.994795741222056
highest fitness' coverage:   44.51653757257582
highest fitness' collisions: 0.15217418313537662
new generation:  5172
Fittest                      42.9832244614872
highest fitness' coverage:   44.50496629284096
highest fitness' collisions: 0.15217418313537634
new generation:  5173
Fittest                      42.99142337811824
highest fitness' coverage:   44.51316520947201
highest fitness' collisions: 0.1521741831353766
new generation:  5174
Fittest                      42.97927067279603
highest fitness' coverage:   44.50101250414979
highest fitness' collisions: 0.15217418313537642
new generation:  5175
Fittest                      42.998855170884106
highest fitness' coverage:   44.50063844972054
highest fitness' collisions: 0.15017832788364363
new generation:  5176
Fittest                      43.016172110525424
highest fitness' coverage:   44.50371051629498
highest fitness' collisions: 0.14875384057695565
new generation:  5177
Fittest                      43.013711964841654
highest fitness' coverage:   44.50125037061121
highest fitness' collisions: 0.14875384057695565
new generation:  5178
Fittest                      43.020873233970136
highest fitness' coverage:   44.49822289545196
highest fitness' collisions: 0.14773496614818277
new generation:  5179
Fittest                      43.027404087397215
highest fitness' coverage:   44.50475374887905
highest fitness' collisions: 0.14773496614818277
new generation:  5180
Fittest                      43.01831868030409
highest fitness' coverage:   44.495253182145284
highest fitness' collisions: 0.14769345018411908
new generation:  5181
Fittest                      43.02405155719674
highest fitness' coverage:   44.500986059037935
highest fitness' collisions: 0.14769345018411925
new generation:  5182
Fittest                      43.02725402909696
highest fitness' coverage:   44.50418853093815
highest fitness' collisions: 0.14769345018411922
new generation:  5183
Fittest                      43.03643397130746
highest fitness' coverage:   44.51336847314865
highest fitness' collisions: 0.14769345018411925
new generation:  5184
Fittest                      43.01211517585573
highest fitness' coverage:   44.489049677696926
highest fitness' collisions: 0.14769345018411925
new generation:  5185
Fittest                      43.024412183498306
highest fitness' coverage:   44.5013466853395
highest fitness' collisions: 0.14769345018411922
new generation:  5186
Fittest                      43.05206890176157
highest fitness' coverage:   44.529003403602765
highest fitness' collisions: 0.14769345018411908
new generation:  5187
Fittest                      43.01794143266777
highest fitness' coverage:   44.49487593450896
highest fitness' collisions: 0.1476934501841191
new generation:  5188
Fittest                      43.030473617136394
highest fitness' coverage:   44.50740811897759
highest fitness' collisions: 0.14769345018411908
new generation:  5189
Fittest                      43.04915648110042
highest fitness' coverage:   44.52609098294161
highest fitness' collisions: 0.14769345018411908
new generation:  5190
Fittest                      43.031048463568666
highest fitness' coverage:   44.50798296540986
highest fitness' collisions: 0.14769345018411908
new generation:  5191
Fittest                      43.0459447734282
highest fitness' coverage:   44.52263253783607
highest fitness' collisions: 0.1476687764407873
new generation:  5192
Fittest                      43.033202489033165
highest fitness' coverage:   44.509890253441036
highest fitness' collisions: 0.1476687764407872
new generation:  5193
Fittest                      43.03685647510321
highest fitness' coverage:   44.51354423951108
highest fitness' collisions: 0.14766877644078719
new generation:  5194
Fittest                      43.03398855426096
highest fitness' coverage:   44.51067631866883
highest fitness' collisions: 0.1476687764407873
new generation:  5195
Fittest                      43.02720875339126
highest fitness' coverage:   44.50389651779913
highest fitness' collisions: 0.14766877644078732
new generation:  5196
Fittest                      43.04017016612767
highest fitness' coverage:   44.516857930535544
highest fitness' collisions: 0.14766877644078719
new generation:  5197
Fittest                      43.015505708915875
highest fitness' coverage:   44.47979063958125
highest fitness' collisions: 0.14642849306653777
new generation:  5198
Fittest                      43.058708359083894
highest fitness' coverage:   44.52299328974927
highest fitness' collisions: 0.14642849306653782
new generation:  5199
Fittest                      43.04268985098322
highest fitness' coverage:   44.5069747816486
highest fitness' collisions: 0.14642849306653782
new generation:  5200
Fittest                      43.03710113063781
highest fitness' coverage:   44.50138606130319
highest fitness' collisions: 0.14642849306653777
new generation:  5201
Fittest                      43.03924247146013
highest fitness' coverage:   44.50273816597922
highest fitness' collisions: 0.14634956945190913
new generation:  5202
Fittest                      43.052235379092075
highest fitness' coverage:   44.515731073611164
highest fitness' collisions: 0.14634956945190916
new generation:  5203
Fittest                      43.05541894850552
highest fitness' coverage:   44.51891464302461
highest fitness' collisions: 0.14634956945190927
new generation:  5204
Fittest                      43.05552842166016
highest fitness' coverage:   44.51902411617925
highest fitness' collisions: 0.14634956945190902
new generation:  5205
Fittest                      43.06183605737236
highest fitness' coverage:   44.52533175189145
highest fitness' collisions: 0.14634956945190905
new generation:  5206
Fittest                      43.040050646853885
highest fitness' coverage:   44.503546341372974
highest fitness' collisions: 0.146349569451909
new generation:  5207
Fittest                      43.06875637527066
highest fitness' coverage:   44.53122168366931
highest fitness' collisions: 0.14624653083986483
new generation:  5208
Fittest                      43.05048093712076
highest fitness' coverage:   44.51294624551941
highest fitness' collisions: 0.14624653083986505
new generation:  5209
Fittest                      43.023299569786175
highest fitness' coverage:   44.477915342941486
highest fitness' collisions: 0.1454615773155309
new generation:  5210
Fittest                      43.03668147767399
highest fitness' coverage:   44.4912972508293
highest fitness' collisions: 0.14546157731553092
new generation:  5211
Fittest                      43.04879390847428
highest fitness' coverage:   44.50340968162959
highest fitness' collisions: 0.1454615773155311
new generation:  5212
Fittest                      43.03596033230877
highest fitness' coverage:   44.49057610546408
highest fitness' collisions: 0.14546157731553094
new generation:  5213
Fittest                      43.051087005444074
highest fitness' coverage:   44.49742158275707
highest fitness' collisions: 0.14463345773129974
new generation:  5214
Fittest                      43.050776237356054
highest fitness' coverage:   44.49711081466905
highest fitness' collisions: 0.1446334577312997
new generation:  5215
Fittest                      43.066324267881356
highest fitness' coverage:   44.51265884519435
highest fitness' collisions: 0.14463345773129957
new generation:  5216
Fittest                      43.05672973782695
highest fitness' coverage:   44.503064315139945
highest fitness' collisions: 0.1446334577312996
new generation:  5217
Fittest                      43.05307728079953
highest fitness' coverage:   44.497069898091915
highest fitness' collisions: 0.1443992617292385
new generation:  5218
Fittest                      43.05591074331106
highest fitness' coverage:   44.49990336060345
highest fitness' collisions: 0.14439926172923861
new generation:  5219
Fittest                      43.062139653168536
highest fitness' coverage:   44.506132270460924
highest fitness' collisions: 0.14439926172923861
new generation:  5220
Fittest                      43.06923528017963
highest fitness' coverage:   44.51300912130962
highest fitness' collisions: 0.14437738411299894
new generation:  5221
Fittest                      43.06249469974041
highest fitness' coverage:   44.51917344869493
highest fitness' collisions: 0.14566787489545185
new generation:  5222
Fittest                      43.03410421942906
highest fitness' coverage:   44.49078296838358
highest fitness' collisions: 0.1456678748954516
new generation:  5223
Fittest                      43.042100623170406
highest fitness' coverage:   44.502819919970406
highest fitness' collisions: 0.14607192967999988
new generation:  5224
Fittest                      43.03945326862884
highest fitness' coverage:   44.50017256542884
highest fitness' collisions: 0.14607192968
new generation:  5225
Fittest                      43.033091272232085
highest fitness' coverage:   44.493810569032085
highest fitness' collisions: 0.14607192968
new generation:  5226
Fittest                      43.054934501000176
highest fitness' coverage:   44.51565379780018
highest fitness' collisions: 0.14607192968000005
new generation:  5227
Fittest                      43.05567802735754
highest fitness' coverage:   44.516287676337924
highest fitness' collisions: 0.14606096489803866
new generation:  5228
Fittest                      43.05235534320277
highest fitness' coverage:   44.51296499218316
highest fitness' collisions: 0.14606096489803852
new generation:  5229
Fittest                      43.027052354841516
highest fitness' coverage:   44.487662003821896
highest fitness' collisions: 0.14606096489803838
new generation:  5230
Fittest                      43.054541058217374
highest fitness' coverage:   44.51515070719776
highest fitness' collisions: 0.1460609648980386
new generation:  5231
Fittest                      43.04862935359719
highest fitness' coverage:   44.50923900257758
highest fitness' collisions: 0.14606096489803852
new generation:  5232
Fittest                      43.0599477854635
highest fitness' coverage:   44.51884621850435
highest fitness' collisions: 0.14588984330408478
new generation:  5233
Fittest                      43.037980075931365
highest fitness' coverage:   44.49687850897221
highest fitness' collisions: 0.14588984330408467
new generation:  5234
Fittest                      43.03469513671813
highest fitness' coverage:   44.49359356975897
highest fitness' collisions: 0.1458898433040847
new generation:  5235
Fittest                      43.067448233954345
highest fitness' coverage:   44.52223170133744
highest fitness' collisions: 0.14547834673830973
new generation:  5236
Fittest                      43.041970380973495
highest fitness' coverage:   44.4967538483566
highest fitness' collisions: 0.1454783467383099
new generation:  5237
Fittest                      43.04521369654591
highest fitness' coverage:   44.499997163929
highest fitness' collisions: 0.14547834673830964
new generation:  5238
Fittest                      43.0547437726636
highest fitness' coverage:   44.509527240046694
highest fitness' collisions: 0.1454783467383098
new generation:  5239
Fittest                      43.045406179002036
highest fitness' coverage:   44.50018964638514
highest fitness' collisions: 0.14547834673830992
new generation:  5240
Fittest                      43.02679159813647
highest fitness' coverage:   44.481575065519564
highest fitness' collisions: 0.1454783467383098
new generation:  5241
Fittest                      43.030224761574246
highest fitness' coverage:   44.48500822895735
highest fitness' collisions: 0.14547834673830984
new generation:  5242
Fittest                      43.0454100698338
highest fitness' coverage:   44.500193537216894
highest fitness' collisions: 0.1454783467383098
new generation:  5243
Fittest                      43.05520246866581
highest fitness' coverage:   44.509985936048906
highest fitness' collisions: 0.14547834673830967
new generation:  5244
Fittest                      43.05476640417589
highest fitness' coverage:   44.50954987155899
highest fitness' collisions: 0.14547834673830976
new generation:  5245
Fittest                      43.03138170179621
highest fitness' coverage:   44.481240698015355
highest fitness' collisions: 0.14498589962191494
new generation:  5246
Fittest                      43.047228668653325
highest fitness' coverage:   44.497087664872474
highest fitness' collisions: 0.14498589962191488
new generation:  5247
Fittest                      43.05667675168558
highest fitness' coverage:   44.50653574790473
highest fitness' collisions: 0.14498589962191513
new generation:  5248
Fittest                      43.03134827685697
highest fitness' coverage:   44.481207273076116
highest fitness' collisions: 0.14498589962191502
new generation:  5249
Fittest                      43.05392232230743
highest fitness' coverage:   44.50378131852658
highest fitness' collisions: 0.1449858996219149
new generation:  5250
Fittest                      43.0438121895875
highest fitness' coverage:   44.493870712038145
highest fitness' collisions: 0.14500585224506476
new generation:  5251
Fittest                      43.04652345844308
highest fitness' coverage:   44.49658198089373
highest fitness' collisions: 0.14500585224506457
new generation:  5252
Fittest                      43.02804342666582
highest fitness' coverage:   44.478101949116464
highest fitness' collisions: 0.14500585224506454
new generation:  5253
Fittest                      43.0719669472409
highest fitness' coverage:   44.52202546969155
highest fitness' collisions: 0.14500585224506476
new generation:  5254
Fittest                      43.07201289066026
highest fitness' coverage:   44.52207141311091
highest fitness' collisions: 0.14500585224506463
new generation:  5255
Fittest                      43.04370504317921
highest fitness' coverage:   44.493763565629855
highest fitness' collisions: 0.14500585224506457
new generation:  5256
Fittest                      43.06892859087183
highest fitness' coverage:   44.518987113322474
highest fitness' collisions: 0.14500585224506465
new generation:  5257
Fittest                      43.037203029314355
highest fitness' coverage:   44.487261551765
highest fitness' collisions: 0.14500585224506457
new generation:  5258
Fittest                      43.06252208760226
highest fitness' coverage:   44.51258061005291
highest fitness' collisions: 0.14500585224506446
new generation:  5259
Fittest                      43.047159875512136
highest fitness' coverage:   44.49721839796278
highest fitness' collisions: 0.14500585224506468
new generation:  5260
Fittest                      43.063040406774064
highest fitness' coverage:   44.51309892922471
highest fitness' collisions: 0.14500585224506457
new generation:  5261
Fittest                      43.061812769581266
highest fitness' coverage:   44.51187129203191
highest fitness' collisions: 0.14500585224506457
new generation:  5262
Fittest                      43.04412132546185
highest fitness' coverage:   44.4941798479125
highest fitness' collisions: 0.14500585224506465
new generation:  5263
Fittest                      43.06012188934702
highest fitness' coverage:   44.51018041179767
highest fitness' collisions: 0.1450058522450647
new generation:  5264
Fittest                      43.043343216911886
highest fitness' coverage:   44.50377965185134
highest fitness' collisions: 0.14604364349394558
new generation:  5265
Fittest                      43.04492783081351
highest fitness' coverage:   44.50002695125971
highest fitness' collisions: 0.14550991204462016
new generation:  5266
Fittest                      43.047999568469166
highest fitness' coverage:   44.503098688915365
highest fitness' collisions: 0.14550991204462016
new generation:  5267
Fittest                      43.03855841663967
highest fitness' coverage:   44.493657537085866
highest fitness' collisions: 0.14550991204462024
new generation:  5268
Fittest                      43.06722540107481
highest fitness' coverage:   44.52168793355199
highest fitness' collisions: 0.1454462532477181
new generation:  5269
Fittest                      43.05221682268514
highest fitness' coverage:   44.50667935516232
highest fitness' collisions: 0.14544625324771812
new generation:  5270
Fittest                      43.04829353933171
highest fitness' coverage:   44.50275607180889
highest fitness' collisions: 0.14544625324771815
new generation:  5271
Fittest                      43.051942900369575
highest fitness' coverage:   44.506405432846755
highest fitness' collisions: 0.14544625324771815
new generation:  5272
Fittest                      43.02369021780721
highest fitness' coverage:   44.47815275028439
highest fitness' collisions: 0.14544625324771812
new generation:  5273
Fittest                      43.06430406803942
highest fitness' coverage:   44.5187666005166
highest fitness' collisions: 0.1454462532477181
new generation:  5274
Fittest                      43.043483430125924
highest fitness' coverage:   44.49072440775478
highest fitness' collisions: 0.14472409776288575
new generation:  5275
Fittest                      43.03971178713992
highest fitness' coverage:   44.48695276476878
highest fitness' collisions: 0.14472409776288583
new generation:  5276
Fittest                      43.04979870837294
highest fitness' coverage:   44.4970396860018
highest fitness' collisions: 0.14472409776288572
new generation:  5277
Fittest                      43.03770482372365
highest fitness' coverage:   44.48494580135251
highest fitness' collisions: 0.1447240977628857
new generation:  5278
Fittest                      43.04361957930158
highest fitness' coverage:   44.490860556930436
highest fitness' collisions: 0.14472409776288567
new generation:  5279
Fittest                      43.07484273676644
highest fitness' coverage:   44.5220837143953
highest fitness' collisions: 0.14472409776288575
new generation:  5280
Fittest                      43.049651024113786
highest fitness' coverage:   44.496892001742644
highest fitness' collisions: 0.14472409776288575
new generation:  5281
Fittest                      43.0589401838319
highest fitness' coverage:   44.50618116146076
highest fitness' collisions: 0.14472409776288572
new generation:  5282
Fittest                      43.0338816946555
highest fitness' coverage:   44.48112267228436
highest fitness' collisions: 0.1447240977628858
new generation:  5283
Fittest                      43.07854865060267
highest fitness' coverage:   44.52578962823153
highest fitness' collisions: 0.14472409776288572
new generation:  5284
Fittest                      43.05485132237173
highest fitness' coverage:   44.50383010082934
highest fitness' collisions: 0.1448978778457607
new generation:  5285
Fittest                      43.06370092788521
highest fitness' coverage:   44.512679706342816
highest fitness' collisions: 0.14489787784576072
new generation:  5286
Fittest                      43.063590771320015
highest fitness' coverage:   44.51288577754364
highest fitness' collisions: 0.14492950062236237
new generation:  5287
Fittest                      43.07019610685127
highest fitness' coverage:   44.51949111307489
highest fitness' collisions: 0.14492950062236234
new generation:  5288
Fittest                      43.063583880878575
highest fitness' coverage:   44.5128788871022
highest fitness' collisions: 0.14492950062236237
new generation:  5289
Fittest                      43.03583587291934
highest fitness' coverage:   44.485130879142964
highest fitness' collisions: 0.14492950062236237
new generation:  5290
Fittest                      43.08023838266105
highest fitness' coverage:   44.53101451756196
highest fitness' collisions: 0.1450776134900905
new generation:  5291
Fittest                      43.0502444962995
highest fitness' coverage:   44.49064271871159
highest fitness' collisions: 0.14403982224120948
new generation:  5292
Fittest                      43.09099302637656
highest fitness' coverage:   44.53139124878865
highest fitness' collisions: 0.1440398222412095
new generation:  5293
Fittest                      43.090803692963725
highest fitness' coverage:   44.53120191537582
highest fitness' collisions: 0.1440398222412094
new generation:  5294
Fittest                      43.082001933550956
highest fitness' coverage:   44.52240015596305
highest fitness' collisions: 0.14403982224120943
new generation:  5295
Fittest                      43.068618489125726
highest fitness' coverage:   44.509016711537825
highest fitness' collisions: 0.1440398222412096
new generation:  5296
Fittest                      43.05393385461732
highest fitness' coverage:   44.49433207702941
highest fitness' collisions: 0.1440398222412094
new generation:  5297
Fittest                      43.056103519067335
highest fitness' coverage:   44.496501741479435
highest fitness' collisions: 0.1440398222412096
new generation:  5298
Fittest                      43.059509991210405
highest fitness' coverage:   44.4999082136225
highest fitness' collisions: 0.14403982224120956
new generation:  5299
Fittest                      43.07564204113207
highest fitness' coverage:   44.51604026354416
highest fitness' collisions: 0.14403982224120943
new generation:  5300
Fittest                      43.06553781200496
highest fitness' coverage:   44.505936034417054
highest fitness' collisions: 0.14403982224120945
new generation:  5301
Fittest                      43.0634999959027
highest fitness' coverage:   44.503898218314795
highest fitness' collisions: 0.14403982224120945
new generation:  5302
Fittest                      43.065985742255776
highest fitness' coverage:   44.50638396466787
highest fitness' collisions: 0.1440398222412094
new generation:  5303
Fittest                      43.06927631552683
highest fitness' coverage:   44.50967453793892
highest fitness' collisions: 0.14403982224120945
new generation:  5304
Fittest                      43.04725363181981
highest fitness' coverage:   44.48436578745344
highest fitness' collisions: 0.1437112155633638
new generation:  5305
Fittest                      43.08143266177222
highest fitness' coverage:   44.51854481740586
highest fitness' collisions: 0.14371121556336403
new generation:  5306
Fittest                      43.056894794832466
highest fitness' coverage:   44.49400695046611
highest fitness' collisions: 0.143711215563364
new generation:  5307
Fittest                      43.088218062397665
highest fitness' coverage:   44.52533021803131
highest fitness' collisions: 0.143711215563364
new generation:  5308
Fittest                      43.07878464203583
highest fitness' coverage:   44.51589679766947
highest fitness' collisions: 0.143711215563364
new generation:  5309
Fittest                      43.06675107625166
highest fitness' coverage:   44.50344739400857
highest fitness' collisions: 0.14366963177569045
new generation:  5310
Fittest                      43.0538980043491
highest fitness' coverage:   44.490594322106006
highest fitness' collisions: 0.14366963177569042
new generation:  5311
Fittest                      43.10379146320387
highest fitness' coverage:   44.540487780960774
highest fitness' collisions: 0.1436696317756905
new generation:  5312
Fittest                      43.07649446185649
highest fitness' coverage:   44.513190779613396
highest fitness' collisions: 0.1436696317756903
new generation:  5313
Fittest                      43.078890701310144
highest fitness' coverage:   44.51558701906705
highest fitness' collisions: 0.1436696317756906
new generation:  5314
Fittest                      43.06064224315183
highest fitness' coverage:   44.49733856090874
highest fitness' collisions: 0.14366963177569053
new generation:  5315
Fittest                      43.070020000665984
highest fitness' coverage:   44.50671631842289
highest fitness' collisions: 0.14366963177569048
new generation:  5316
Fittest                      43.066640829750675
highest fitness' coverage:   44.50333714750758
highest fitness' collisions: 0.1436696317756905
new generation:  5317
Fittest                      43.08841379992892
highest fitness' coverage:   44.52511011768583
highest fitness' collisions: 0.14366963177569056
new generation:  5318
Fittest                      43.07248759452454
highest fitness' coverage:   44.50918391228144
highest fitness' collisions: 0.14366963177569042
new generation:  5319
Fittest                      43.0663367799594
highest fitness' coverage:   44.503033097716305
highest fitness' collisions: 0.1436696317756906
new generation:  5320
Fittest                      43.08495631570954
highest fitness' coverage:   44.521652633466445
highest fitness' collisions: 0.14366963177569056
new generation:  5321
Fittest                      43.070134798999796
highest fitness' coverage:   44.5068311167567
highest fitness' collisions: 0.14366963177569048
new generation:  5322
Fittest                      43.07608339951356
highest fitness' coverage:   44.499926562128586
highest fitness' collisions: 0.1423843162615027
new generation:  5323
Fittest                      43.10431470266226
highest fitness' coverage:   44.52815786527729
highest fitness' collisions: 0.14238431626150258
new generation:  5324
Fittest                      43.08548876799151
highest fitness' coverage:   44.509331930606535
highest fitness' collisions: 0.14238431626150266
new generation:  5325
Fittest                      43.08835281427033
highest fitness' coverage:   44.51219597688536
highest fitness' collisions: 0.14238431626150272
new generation:  5326
Fittest                      43.07316136161708
highest fitness' coverage:   44.49700452423211
highest fitness' collisions: 0.14238431626150277
new generation:  5327
Fittest                      43.10686508055968
highest fitness' coverage:   44.53070824317471
highest fitness' collisions: 0.14238431626150264
new generation:  5328
Fittest                      43.10119290447545
highest fitness' coverage:   44.525036067090475
highest fitness' collisions: 0.14238431626150264
new generation:  5329
Fittest                      43.06712820748527
highest fitness' coverage:   44.4909713701003
highest fitness' collisions: 0.14238431626150272
new generation:  5330
Fittest                      43.10696225931404
highest fitness' coverage:   44.53080542192907
highest fitness' collisions: 0.1423843162615027
new generation:  5331
Fittest                      43.10477813075848
highest fitness' coverage:   44.52862129337351
highest fitness' collisions: 0.14238431626150266
new generation:  5332
Fittest                      43.06409715950895
highest fitness' coverage:   44.487940322123976
highest fitness' collisions: 0.14238431626150258
new generation:  5333
Fittest                      43.07005315412356
highest fitness' coverage:   44.49389631673859
highest fitness' collisions: 0.14238431626150266
new generation:  5334
Fittest                      43.05795066010958
highest fitness' coverage:   44.48179382272461
highest fitness' collisions: 0.14238431626150266
new generation:  5335
Fittest                      43.0949433178959
highest fitness' coverage:   44.518786480510926
highest fitness' collisions: 0.1423843162615027
new generation:  5336
Fittest                      43.10068025796223
highest fitness' coverage:   44.52452342057726
highest fitness' collisions: 0.1423843162615026
new generation:  5337
Fittest                      43.08568154083674
highest fitness' coverage:   44.50952470345177
highest fitness' collisions: 0.14238431626150255
new generation:  5338
Fittest                      43.06650439746963
highest fitness' coverage:   44.49034756008466
highest fitness' collisions: 0.14238431626150275
new generation:  5339
Fittest                      43.06688559675081
highest fitness' coverage:   44.49072875936584
highest fitness' collisions: 0.14238431626150258
new generation:  5340
Fittest                      43.0828564080701
highest fitness' coverage:   44.50669957068513
highest fitness' collisions: 0.14238431626150272
new generation:  5341
Fittest                      43.06399743095578
highest fitness' coverage:   44.500331452198736
highest fitness' collisions: 0.14363340212429596
new generation:  5342
Fittest                      43.06983550984859
highest fitness' coverage:   44.506169531091544
highest fitness' collisions: 0.14363340212429584
new generation:  5343
Fittest                      43.05391246021586
highest fitness' coverage:   44.49024648145882
highest fitness' collisions: 0.14363340212429596
new generation:  5344
Fittest                      43.079371219433085
highest fitness' coverage:   44.51570524067604
highest fitness' collisions: 0.14363340212429598
new generation:  5345
Fittest                      43.09501996883391
highest fitness' coverage:   44.531353990076866
highest fitness' collisions: 0.14363340212429598
new generation:  5346
Fittest                      43.0575949351283
highest fitness' coverage:   44.49392895637126
highest fitness' collisions: 0.14363340212429604
new generation:  5347
Fittest                      43.088717291243285
highest fitness' coverage:   44.52505131248624
highest fitness' collisions: 0.14363340212429596
new generation:  5348
Fittest                      43.07160302489686
highest fitness' coverage:   44.497221853087446
highest fitness' collisions: 0.14256188281905835
new generation:  5349
Fittest                      43.08985396853168
highest fitness' coverage:   44.52564904724655
highest fitness' collisions: 0.14357950787148743
new generation:  5350
Fittest                      43.07025619148183
highest fitness' coverage:   44.50605127019671
highest fitness' collisions: 0.14357950787148732
new generation:  5351
Fittest                      43.07082118019214
highest fitness' coverage:   44.506616258907016
highest fitness' collisions: 0.1435795078714874
new generation:  5352
Fittest                      43.06481001086739
highest fitness' coverage:   44.500605089582265
highest fitness' collisions: 0.14357950787148746
new generation:  5353
Fittest                      43.06400503270774
highest fitness' coverage:   44.499800111422616
highest fitness' collisions: 0.14357950787148738
new generation:  5354
Fittest                      43.10056712827977
highest fitness' coverage:   44.53739259311509
highest fitness' collisions: 0.14368254648353157
new generation:  5355
Fittest                      43.08573408289369
highest fitness' coverage:   44.522559547729
highest fitness' collisions: 0.14368254648353168
new generation:  5356
Fittest                      43.09445389871023
highest fitness' coverage:   44.53127936354554
highest fitness' collisions: 0.14368254648353154
new generation:  5357
Fittest                      43.06301036221675
highest fitness' coverage:   44.49983582705207
highest fitness' collisions: 0.14368254648353157
new generation:  5358
Fittest                      43.07871558317605
highest fitness' coverage:   44.515541048011364
highest fitness' collisions: 0.1436825464835316
new generation:  5359
Fittest                      43.07612112005362
highest fitness' coverage:   44.51294658488894
highest fitness' collisions: 0.14368254648353151
new generation:  5360
Fittest                      43.076187423343306
highest fitness' coverage:   44.51301288817862
highest fitness' collisions: 0.14368254648353146
new generation:  5361
Fittest                      43.07270895852317
highest fitness' coverage:   44.50953442335849
highest fitness' collisions: 0.14368254648353154
new generation:  5362
Fittest                      43.07075764196705
highest fitness' coverage:   44.502796805879136
highest fitness' collisions: 0.14320391639120886
new generation:  5363
Fittest                      43.086986172975784
highest fitness' coverage:   44.51902533688787
highest fitness' collisions: 0.14320391639120889
new generation:  5364
Fittest                      43.08955319970705
highest fitness' coverage:   44.521592363619135
highest fitness' collisions: 0.1432039163912089
new generation:  5365
Fittest                      43.07403952668445
highest fitness' coverage:   44.50607869059654
highest fitness' collisions: 0.14320391639120894
new generation:  5366
Fittest                      43.05996600783031
highest fitness' coverage:   44.51257233683109
highest fitness' collisions: 0.1452606329000777
new generation:  5367
Fittest                      43.038508467101124
highest fitness' coverage:   44.491114796101904
highest fitness' collisions: 0.1452606329000778
new generation:  5368
Fittest                      43.03854048080868
highest fitness' coverage:   44.49114680980946
highest fitness' collisions: 0.14526063290007787
new generation:  5369
Fittest                      43.047451936416245
highest fitness' coverage:   44.50005826541702
highest fitness' collisions: 0.1452606329000776
new generation:  5370
Fittest                      43.05365099453572
highest fitness' coverage:   44.5062573235365
highest fitness' collisions: 0.14526063290007776
new generation:  5371
Fittest                      43.0503687401829
highest fitness' coverage:   44.50297506918368
highest fitness' collisions: 0.14526063290007776
new generation:  5372
Fittest                      43.05025834004487
highest fitness' coverage:   44.50286466904565
highest fitness' collisions: 0.14526063290007765
new generation:  5373
Fittest                      43.03833012775298
highest fitness' coverage:   44.49093645675376
highest fitness' collisions: 0.1452606329000777
new generation:  5374
Fittest                      43.05720421317925
highest fitness' coverage:   44.515716840199055
highest fitness' collisions: 0.14585126270198046
new generation:  5375
Fittest                      43.04738968477303
highest fitness' coverage:   44.50590231179283
highest fitness' collisions: 0.14585126270198032
new generation:  5376
Fittest                      43.047745580632636
highest fitness' coverage:   44.506258207652444
highest fitness' collisions: 0.1458512627019805
new generation:  5377
Fittest                      43.03230994440957
highest fitness' coverage:   44.490822571429376
highest fitness' collisions: 0.14585126270198046
new generation:  5378
Fittest                      43.03924877359078
highest fitness' coverage:   44.50306858609647
highest fitness' collisions: 0.146381981250569
new generation:  5379
Fittest                      43.03960555158029
highest fitness' coverage:   44.50342536408598
highest fitness' collisions: 0.146381981250569
new generation:  5380
Fittest                      43.02747545541611
highest fitness' coverage:   44.49723490893972
highest fitness' collisions: 0.146975945352361
new generation:  5381
Fittest                      43.05303173810641
highest fitness' coverage:   44.521206301767776
highest fitness' collisions: 0.14681745636613666
new generation:  5382
Fittest                      43.05861662789967
highest fitness' coverage:   44.52483903683228
highest fitness' collisions: 0.1466222408932613
new generation:  5383
Fittest                      43.024741522589956
highest fitness' coverage:   44.49096393152257
highest fitness' collisions: 0.1466222408932614
new generation:  5384
Fittest                      43.02481942434387
highest fitness' coverage:   44.491297593564234
highest fitness' collisions: 0.14664781692203632
new generation:  5385
Fittest                      43.03392402063142
highest fitness' coverage:   44.500402189851776
highest fitness' collisions: 0.14664781692203624
new generation:  5386
Fittest                      43.04888248791665
highest fitness' coverage:   44.515360657137016
highest fitness' collisions: 0.1466478169220363
new generation:  5387
Fittest                      43.0237853754804
highest fitness' coverage:   44.49026354470076
highest fitness' collisions: 0.14664781692203624
new generation:  5388
Fittest                      43.05245513878363
highest fitness' coverage:   44.518933308003994
highest fitness' collisions: 0.14664781692203632
new generation:  5389
Fittest                      43.05898834497497
highest fitness' coverage:   44.52546651419534
highest fitness' collisions: 0.14664781692203632
new generation:  5390
Fittest                      43.027079625538484
highest fitness' coverage:   44.49355779475885
highest fitness' collisions: 0.1466478169220365
new generation:  5391
Fittest                      43.05184783802838
highest fitness' coverage:   44.518326007248746
highest fitness' collisions: 0.14664781692203638
new generation:  5392
Fittest                      43.04058683072596
highest fitness' coverage:   44.50706499994632
highest fitness' collisions: 0.1466478169220363
new generation:  5393
Fittest                      43.04265379685096
highest fitness' coverage:   44.50913196607133
highest fitness' collisions: 0.1466478169220363
new generation:  5394
Fittest                      43.024408935216215
highest fitness' coverage:   44.49088710443658
highest fitness' collisions: 0.14664781692203638
new generation:  5395
Fittest                      43.03702324918809
highest fitness' coverage:   44.503501418408455
highest fitness' collisions: 0.14664781692203638
new generation:  5396
Fittest                      43.05250185592252
highest fitness' coverage:   44.51898002514288
highest fitness' collisions: 0.14664781692203618
new generation:  5397
Fittest                      43.0424862549992
highest fitness' coverage:   44.50896442421956
highest fitness' collisions: 0.14664781692203632
new generation:  5398
Fittest                      43.03717875234569
highest fitness' coverage:   44.503656921566055
highest fitness' collisions: 0.1466478169220363
new generation:  5399
Fittest                      43.05843470118205
highest fitness' coverage:   44.518571239831395
highest fitness' collisions: 0.14601365386493467
new generation:  5400
Fittest                      43.07426687121336
highest fitness' coverage:   44.534403409862705
highest fitness' collisions: 0.1460136538649346
new generation:  5401
Fittest                      43.052090933474254
highest fitness' coverage:   44.51251587527391
highest fitness' collisions: 0.14604249417996598
new generation:  5402
Fittest                      43.03673245173169
highest fitness' coverage:   44.497157393531346
highest fitness' collisions: 0.14604249417996593
new generation:  5403
Fittest                      43.02995088554875
highest fitness' coverage:   44.49037582734841
highest fitness' collisions: 0.14604249417996587
new generation:  5404
Fittest                      43.03613268449007
highest fitness' coverage:   44.49655762628973
highest fitness' collisions: 0.14604249417996587
new generation:  5405
Fittest                      43.034521659670155
highest fitness' coverage:   44.50300011236139
highest fitness' collisions: 0.14684784526912378
new generation:  5406
Fittest                      43.03782126528278
highest fitness' coverage:   44.50629971797402
highest fitness' collisions: 0.14684784526912378
new generation:  5407
Fittest                      43.02886992196902
highest fitness' coverage:   44.497348374660255
highest fitness' collisions: 0.14684784526912387
new generation:  5408
Fittest                      43.04707685934542
highest fitness' coverage:   44.51555531203665
highest fitness' collisions: 0.14684784526912387
new generation:  5409
Fittest                      43.02825020822369
highest fitness' coverage:   44.496728660914926
highest fitness' collisions: 0.1468478452691239
new generation:  5410
Fittest                      43.04402304993297
highest fitness' coverage:   44.512501502624204
highest fitness' collisions: 0.14684784526912384
new generation:  5411
Fittest                      43.01891667462026
highest fitness' coverage:   44.487395127311494
highest fitness' collisions: 0.1468478452691238
new generation:  5412
Fittest                      43.02529949159498
highest fitness' coverage:   44.493777944286215
highest fitness' collisions: 0.14684784526912373
new generation:  5413
Fittest                      43.04120558589911
highest fitness' coverage:   44.50968403859034
highest fitness' collisions: 0.14684784526912367
new generation:  5414
Fittest                      43.022126797980405
highest fitness' coverage:   44.49060525067164
highest fitness' collisions: 0.14684784526912373
new generation:  5415
Fittest                      43.03089473467125
highest fitness' coverage:   44.49375384689544
highest fitness' collisions: 0.14628591122241905
new generation:  5416
Fittest                      43.06830536634078
highest fitness' coverage:   44.53116447856497
highest fitness' collisions: 0.14628591122241902
new generation:  5417
Fittest                      43.03447500327121
highest fitness' coverage:   44.497334115495406
highest fitness' collisions: 0.14628591122241916
new generation:  5418
Fittest                      43.034385613232566
highest fitness' coverage:   44.49724472545675
highest fitness' collisions: 0.14628591122241894
new generation:  5419
Fittest                      43.037839514618696
highest fitness' coverage:   44.50069862684288
highest fitness' collisions: 0.14628591122241907
new generation:  5420
Fittest                      43.04955630741057
highest fitness' coverage:   44.512415419634756
highest fitness' collisions: 0.14628591122241907
new generation:  5421
Fittest                      43.04698555410695
highest fitness' coverage:   44.50984466633114
highest fitness' collisions: 0.14628591122241902
new generation:  5422
Fittest                      43.04335070759805
highest fitness' coverage:   44.50620981982224
highest fitness' collisions: 0.14628591122241905
new generation:  5423
Fittest                      43.0316928420707
highest fitness' coverage:   44.494551954294884
highest fitness' collisions: 0.146285911222419
new generation:  5424
Fittest                      43.03706235566053
highest fitness' coverage:   44.499921467884725
highest fitness' collisions: 0.14628591122241913
new generation:  5425
Fittest                      43.012451128733254
highest fitness' coverage:   44.47531024095745
highest fitness' collisions: 0.14628591122241918
new generation:  5426
Fittest                      43.04880883090261
highest fitness' coverage:   44.51244169414179
highest fitness' collisions: 0.14636328632391804
new generation:  5427
Fittest                      43.04609148013314
highest fitness' coverage:   44.509724343372326
highest fitness' collisions: 0.1463632863239181
new generation:  5428
Fittest                      43.027773020674395
highest fitness' coverage:   44.49140588391357
highest fitness' collisions: 0.14636328632391793
new generation:  5429
Fittest                      43.06490008092486
highest fitness' coverage:   44.528532944164034
highest fitness' collisions: 0.146363286323918
new generation:  5430
Fittest                      43.01790438838766
highest fitness' coverage:   44.48153725162684
highest fitness' collisions: 0.14636328632391798
new generation:  5431
Fittest                      43.052213472364095
highest fitness' coverage:   44.51584633560327
highest fitness' collisions: 0.14636328632391798
new generation:  5432
Fittest                      43.08017140750376
highest fitness' coverage:   44.54380427074294
highest fitness' collisions: 0.14636328632391793
new generation:  5433
Fittest                      43.06477723142782
highest fitness' coverage:   44.528410094666995
highest fitness' collisions: 0.1463632863239179
new generation:  5434
Fittest                      43.04406407876339
highest fitness' coverage:   44.49964343111099
highest fitness' collisions: 0.1455579352347601
new generation:  5435
Fittest                      43.063116660508925
highest fitness' coverage:   44.51869601285652
highest fitness' collisions: 0.14555793523476013
new generation:  5436
Fittest                      43.03844353860742
highest fitness' coverage:   44.494022890955016
highest fitness' collisions: 0.14555793523475996
new generation:  5437
Fittest                      43.05659191919441
highest fitness' coverage:   44.49040885821948
highest fitness' collisions: 0.14338169390250707
new generation:  5438
Fittest                      43.08143006212023
highest fitness' coverage:   44.515247001145305
highest fitness' collisions: 0.14338169390250716
new generation:  5439
Fittest                      43.04147057922902
highest fitness' coverage:   44.47528751825409
highest fitness' collisions: 0.14338169390250705
new generation:  5440
Fittest                      43.0662596797594
highest fitness' coverage:   44.50007661878447
highest fitness' collisions: 0.14338169390250713
new generation:  5441
Fittest                      43.0790540049335
highest fitness' coverage:   44.51287094395857
highest fitness' collisions: 0.14338169390250713
new generation:  5442
Fittest                      43.05423293120835
highest fitness' coverage:   44.48804987023342
highest fitness' collisions: 0.14338169390250716
new generation:  5443
Fittest                      43.07598744762167
highest fitness' coverage:   44.50980438664674
highest fitness' collisions: 0.14338169390250707
new generation:  5444
Fittest                      43.06447888970383
highest fitness' coverage:   44.4716188481152
highest fitness' collisions: 0.14071399584113736
new generation:  5445
Fittest                      43.08360083643739
highest fitness' coverage:   44.49074079484876
highest fitness' collisions: 0.1407139958411374
new generation:  5446
Fittest                      43.08732295733187
highest fitness' coverage:   44.49446291574324
highest fitness' collisions: 0.14071399584113728
new generation:  5447
Fittest                      43.0805149977264
highest fitness' coverage:   44.48765495613777
highest fitness' collisions: 0.14071399584113733
new generation:  5448
Fittest                      43.07635561917259
highest fitness' coverage:   44.48349557758396
highest fitness' collisions: 0.14071399584113728
new generation:  5449
Fittest                      43.094691064153174
highest fitness' coverage:   44.501831022564545
highest fitness' collisions: 0.1407139958411372
new generation:  5450
Fittest                      43.092126535011964
highest fitness' coverage:   44.499266493423335
highest fitness' collisions: 0.14071399584113725
new generation:  5451
Fittest                      43.07707993086416
highest fitness' coverage:   44.48645210505072
highest fitness' collisions: 0.14093721741865586
new generation:  5452
Fittest                      43.083220373340346
highest fitness' coverage:   44.492592547526904
highest fitness' collisions: 0.1409372174186557
new generation:  5453
Fittest                      43.09276522176078
highest fitness' coverage:   44.50213739594734
highest fitness' collisions: 0.1409372174186558
new generation:  5454
Fittest                      43.10507691369348
highest fitness' coverage:   44.51444908788004
highest fitness' collisions: 0.1409372174186556
new generation:  5455
Fittest                      43.08998902568489
highest fitness' coverage:   44.49936119987145
highest fitness' collisions: 0.1409372174186559
new generation:  5456
Fittest                      43.06490335839754
highest fitness' coverage:   44.48088246706417
highest fitness' collisions: 0.14159791086666332
new generation:  5457
Fittest                      43.076356177251235
highest fitness' coverage:   44.49233528591787
highest fitness' collisions: 0.1415979108666634
new generation:  5458
Fittest                      43.07373665169557
highest fitness' coverage:   44.4897157603622
highest fitness' collisions: 0.14159791086666332
new generation:  5459
Fittest                      43.09555307885585
highest fitness' coverage:   44.511532187522484
highest fitness' collisions: 0.1415979108666632
new generation:  5460
Fittest                      43.08322570614656
highest fitness' coverage:   44.49920481481319
highest fitness' collisions: 0.14159791086666332
new generation:  5461
Fittest                      43.11128460193787
highest fitness' coverage:   44.5272637106045
highest fitness' collisions: 0.14159791086666335
new generation:  5462
Fittest                      43.08931031546818
highest fitness' coverage:   44.505289424134816
highest fitness' collisions: 0.1415979108666634
new generation:  5463
Fittest                      43.10774768182555
highest fitness' coverage:   44.523726790492184
highest fitness' collisions: 0.1415979108666633
new generation:  5464
Fittest                      43.10784107116724
highest fitness' coverage:   44.523820179833876
highest fitness' collisions: 0.14159791086666332
new generation:  5465
Fittest                      43.08585428209621
highest fitness' coverage:   44.50183339076284
highest fitness' collisions: 0.14159791086666323
new generation:  5466
Fittest                      43.107804183213794
highest fitness' coverage:   44.52378329188043
highest fitness' collisions: 0.1415979108666634
new generation:  5467
Fittest                      43.089348718878924
highest fitness' coverage:   44.50532782754556
highest fitness' collisions: 0.14159791086666346
new generation:  5468
Fittest                      43.101885938865536
highest fitness' coverage:   44.51786504753217
highest fitness' collisions: 0.1415979108666633
new generation:  5469
Fittest                      43.09310447928901
highest fitness' coverage:   44.509083587955644
highest fitness' collisions: 0.14159791086666337
new generation:  5470
Fittest                      43.08346992838978
highest fitness' coverage:   44.499449037056415
highest fitness' collisions: 0.14159791086666337
new generation:  5471
Fittest                      43.07989733520244
highest fitness' coverage:   44.49587644386907
highest fitness' collisions: 0.14159791086666326
new generation:  5472
Fittest                      43.10115100091231
highest fitness' coverage:   44.51760221333888
highest fitness' collisions: 0.14164512124265727
new generation:  5473
Fittest                      43.10110397456373
highest fitness' coverage:   44.5175551869903
highest fitness' collisions: 0.1416451212426574
new generation:  5474
Fittest                      43.09510254396036
highest fitness' coverage:   44.51155375638693
highest fitness' collisions: 0.14164512124265746
new generation:  5475
Fittest                      43.08010742173876
highest fitness' coverage:   44.49655863416533
highest fitness' collisions: 0.14164512124265743
new generation:  5476
Fittest                      43.06713464965046
highest fitness' coverage:   44.483585862077035
highest fitness' collisions: 0.14164512124265732
new generation:  5477
Fittest                      43.074185059684496
highest fitness' coverage:   44.46480273398892
highest fitness' collisions: 0.13906176743044255
new generation:  5478
Fittest                      43.11714198019101
highest fitness' coverage:   44.51847484754781
highest fitness' collisions: 0.1401332867356802
new generation:  5479
Fittest                      43.10086604947767
highest fitness' coverage:   44.50219891683447
highest fitness' collisions: 0.14013328673568018
new generation:  5480
Fittest                      43.10836885025237
highest fitness' coverage:   44.5056833468198
highest fitness' collisions: 0.139731449656743
new generation:  5481
Fittest                      43.10729673682636
highest fitness' coverage:   44.50461123339379
highest fitness' collisions: 0.13973144965674278
new generation:  5482
Fittest                      43.11131033619752
highest fitness' coverage:   44.51498576724354
highest fitness' collisions: 0.14036754310460203
new generation:  5483
Fittest                      43.10123389439696
highest fitness' coverage:   44.50490932544298
highest fitness' collisions: 0.14036754310460192
new generation:  5484
Fittest                      43.09049493411849
highest fitness' coverage:   44.498683940813955
highest fitness' collisions: 0.14081890066954625
new generation:  5485
Fittest                      43.09988479296986
highest fitness' coverage:   44.50807379966532
highest fitness' collisions: 0.14081890066954622
new generation:  5486
Fittest                      43.0967798550295
highest fitness' coverage:   44.52478304587122
highest fitness' collisions: 0.1428003190841715
new generation:  5487
Fittest                      43.115885634824075
highest fitness' coverage:   44.54388882566579
highest fitness' collisions: 0.1428003190841715
new generation:  5488
Fittest                      43.09969199045965
highest fitness' coverage:   44.52769518130136
highest fitness' collisions: 0.14280031908417165
new generation:  5489
Fittest                      43.114226350803236
highest fitness' coverage:   44.55040930590059
highest fitness' collisions: 0.1436182955097353
new generation:  5490
Fittest                      43.17811226719671
highest fitness' coverage:   44.60357611092814
highest fitness' collisions: 0.1425463843731431
new generation:  5491
Fittest                      43.19068133299326
highest fitness' coverage:   44.60302341249218
highest fitness' collisions: 0.14123420794989178
new generation:  5492
Fittest                      43.1968141242012
highest fitness' coverage:   44.60915620370012
highest fitness' collisions: 0.14123420794989192
new generation:  5493
Fittest                      43.196863844798784
highest fitness' coverage:   44.609205924297704
highest fitness' collisions: 0.14123420794989186
new generation:  5494
Fittest                      43.20038772645636
highest fitness' coverage:   44.61272980595528
highest fitness' collisions: 0.14123420794989192
new generation:  5495
Fittest                      43.19424579838777
highest fitness' coverage:   44.60658787788669
highest fitness' collisions: 0.14123420794989186
new generation:  5496
Fittest                      43.2066828790503
highest fitness' coverage:   44.61902495854922
highest fitness' collisions: 0.141234207949892
new generation:  5497
Fittest                      43.20956371183603
highest fitness' coverage:   44.621706265103455
highest fitness' collisions: 0.14121425532674226
new generation:  5498
Fittest                      43.203591796066206
highest fitness' coverage:   44.61573434933363
highest fitness' collisions: 0.14121425532674228
new generation:  5499
Fittest                      43.20315901562456
highest fitness' coverage:   44.60936192787406
highest fitness' collisions: 0.14062029122495018
new generation:  5500
Fittest                      43.19377618260059
highest fitness' coverage:   44.59997909485009
highest fitness' collisions: 0.1406202912249503
new generation:  5501
Fittest                      43.19134908235043
highest fitness' coverage:   44.60000886226799
highest fitness' collisions: 0.14086597799175665
new generation:  5502
Fittest                      43.197706483283596
highest fitness' coverage:   44.60636626320116
highest fitness' collisions: 0.1408659779917566
new generation:  5503
Fittest                      43.22862561774403
highest fitness' coverage:   44.63728539766159
highest fitness' collisions: 0.14086597799175668
new generation:  5504
Fittest                      43.19805356073768
highest fitness' coverage:   44.60671334065524
highest fitness' collisions: 0.1408659779917565
new generation:  5505
Fittest                      43.1971925250583
highest fitness' coverage:   44.60585230497586
highest fitness' collisions: 0.14086597799175668
new generation:  5506
Fittest                      43.222992341058536
highest fitness' coverage:   44.6316521209761
highest fitness' collisions: 0.14086597799175665
new generation:  5507
Fittest                      43.20693775747346
highest fitness' coverage:   44.615597537391025
highest fitness' collisions: 0.1408659779917566
new generation:  5508
Fittest                      43.219365024037195
highest fitness' coverage:   44.62802480395476
highest fitness' collisions: 0.14086597799175654
new generation:  5509
Fittest                      43.19880059311215
highest fitness' coverage:   44.63539584307788
highest fitness' collisions: 0.1436595249965728
new generation:  5510
Fittest                      43.168238185820925
highest fitness' coverage:   44.60483343578665
highest fitness' collisions: 0.14365952499657278
new generation:  5511
Fittest                      43.19632909320568
highest fitness' coverage:   44.6329243431714
highest fitness' collisions: 0.1436595249965729
new generation:  5512
Fittest                      43.18354446778921
highest fitness' coverage:   44.62078537198398
highest fitness' collisions: 0.14372409041947634
new generation:  5513
Fittest                      43.20178757524557
highest fitness' coverage:   44.639028479440334
highest fitness' collisions: 0.14372409041947637
new generation:  5514
Fittest                      43.1540112386639
highest fitness' coverage:   44.56458376227756
highest fitness' collisions: 0.1410572523613663
new generation:  5515
Fittest                      43.21273089851941
highest fitness' coverage:   44.62330342213308
highest fitness' collisions: 0.14105725236136635
new generation:  5516
Fittest                      43.18779221588645
highest fitness' coverage:   44.59836473950011
highest fitness' collisions: 0.14105725236136632
new generation:  5517
Fittest                      43.206514553256525
highest fitness' coverage:   44.61679867371988
highest fitness' collisions: 0.141028412046335
new generation:  5518
Fittest                      43.20348851102414
highest fitness' coverage:   44.61377263148749
highest fitness' collisions: 0.14102841204633498
new generation:  5519
Fittest                      43.225509090720216
highest fitness' coverage:   44.63579321118357
highest fitness' collisions: 0.141028412046335
new generation:  5520
Fittest                      43.213127073855475
highest fitness' coverage:   44.62341119431883
highest fitness' collisions: 0.141028412046335
new generation:  5521
Fittest                      43.210178575471446
highest fitness' coverage:   44.6204626959348
highest fitness' collisions: 0.14102841204633507
new generation:  5522
Fittest                      43.205395267071026
highest fitness' coverage:   44.613791460304725
highest fitness' collisions: 0.14083961932336989
new generation:  5523
Fittest                      43.22106950829004
highest fitness' coverage:   44.62946570152374
highest fitness' collisions: 0.14083961932336966
new generation:  5524
Fittest                      43.22755845468026
highest fitness' coverage:   44.63595464791396
highest fitness' collisions: 0.14083961932336964
new generation:  5525
Fittest                      43.217711240596515
highest fitness' coverage:   44.626107433830214
highest fitness' collisions: 0.1408396193233697
new generation:  5526
Fittest                      43.20227483763895
highest fitness' coverage:   44.61067103087265
highest fitness' collisions: 0.1408396193233698
new generation:  5527
Fittest                      43.21412156436543
highest fitness' coverage:   44.62061229688116
highest fitness' collisions: 0.14064907325157333
new generation:  5528
Fittest                      43.188792140651
highest fitness' coverage:   44.59528287316674
highest fitness' collisions: 0.14064907325157344
new generation:  5529
Fittest                      43.21667293024341
highest fitness' coverage:   44.62316366275915
highest fitness' collisions: 0.14064907325157333
new generation:  5530
Fittest                      43.20722051628358
highest fitness' coverage:   44.61371124879931
highest fitness' collisions: 0.14064907325157341
new generation:  5531
Fittest                      43.22045020837815
highest fitness' coverage:   44.62650637824423
highest fitness' collisions: 0.14060561698660773
new generation:  5532
Fittest                      43.201172174936666
highest fitness' coverage:   44.60722834480274
highest fitness' collisions: 0.1406056169866077
new generation:  5533
Fittest                      43.19846989508736
highest fitness' coverage:   44.60452606495343
highest fitness' collisions: 0.14060561698660773
new generation:  5534
Fittest                      43.248468465152904
highest fitness' coverage:   44.65452463501898
highest fitness' collisions: 0.14060561698660773
new generation:  5535
Fittest                      43.232932046122215
highest fitness' coverage:   44.63898821598829
highest fitness' collisions: 0.14060561698660778
new generation:  5536
Fittest                      43.223282866662295
highest fitness' coverage:   44.62933903652837
highest fitness' collisions: 0.1406056169866076
new generation:  5537
Fittest                      43.20803123160366
highest fitness' coverage:   44.61408740146974
highest fitness' collisions: 0.14060561698660773
new generation:  5538
Fittest                      43.19882312143594
highest fitness' coverage:   44.60487929130202
highest fitness' collisions: 0.14060561698660767
new generation:  5539
Fittest                      43.20811216157054
highest fitness' coverage:   44.614168331436616
highest fitness' collisions: 0.14060561698660773
new generation:  5540
Fittest                      43.211453923775366
highest fitness' coverage:   44.61751009364144
highest fitness' collisions: 0.1406056169866077
new generation:  5541
Fittest                      43.20505812424309
highest fitness' coverage:   44.611114294109164
highest fitness' collisions: 0.14060561698660778
new generation:  5542
Fittest                      43.21187055833064
highest fitness' coverage:   44.617926728196714
highest fitness' collisions: 0.14060561698660767
new generation:  5543
Fittest                      43.2208538894556
highest fitness' coverage:   44.62691005932167
highest fitness' collisions: 0.1406056169866077
new generation:  5544
Fittest                      43.194993442609416
highest fitness' coverage:   44.60104961247549
highest fitness' collisions: 0.14060561698660773
new generation:  5545
Fittest                      43.20178774580901
highest fitness' coverage:   44.60784391567508
highest fitness' collisions: 0.1406056169866077
new generation:  5546
Fittest                      43.22667488105122
highest fitness' coverage:   44.63273105091729
highest fitness' collisions: 0.14060561698660776
new generation:  5547
Fittest                      43.220203912971044
highest fitness' coverage:   44.62650451414373
highest fitness' collisions: 0.14063006011726847
new generation:  5548
Fittest                      43.210614463757445
highest fitness' coverage:   44.61691506493013
highest fitness' collisions: 0.14063006011726853
new generation:  5549
Fittest                      43.19818308227613
highest fitness' coverage:   44.60448368344882
highest fitness' collisions: 0.14063006011726856
new generation:  5550
Fittest                      43.20488257133415
highest fitness' coverage:   44.61118317250684
highest fitness' collisions: 0.14063006011726858
new generation:  5551
Fittest                      43.19222354020626
highest fitness' coverage:   44.598524141378945
highest fitness' collisions: 0.14063006011726856
new generation:  5552
Fittest                      43.21918947111796
highest fitness' coverage:   44.59708485399116
highest fitness' collisions: 0.13778953828732068
new generation:  5553
Fittest                      43.22777152175349
highest fitness' coverage:   44.61271863510977
highest fitness' collisions: 0.13849471133562838
new generation:  5554
Fittest                      43.2435280340385
highest fitness' coverage:   44.62847514739478
highest fitness' collisions: 0.1384947113356284
new generation:  5555
Fittest                      43.2340489831293
highest fitness' coverage:   44.61899609648558
highest fitness' collisions: 0.13849471133562843
new generation:  5556
Fittest                      43.22187943264229
highest fitness' coverage:   44.60682654599857
highest fitness' collisions: 0.13849471133562846
new generation:  5557
Fittest                      43.21478371423727
highest fitness' coverage:   44.599730827593554
highest fitness' collisions: 0.13849471133562843
new generation:  5558
Fittest                      43.20254973038255
highest fitness' coverage:   44.59398780144775
highest fitness' collisions: 0.13914380710652005
new generation:  5559
Fittest                      43.22087816406451
highest fitness' coverage:   44.61231623512971
highest fitness' collisions: 0.13914380710652013
new generation:  5560
Fittest                      43.21174471784753
highest fitness' coverage:   44.59968632183928
highest fitness' collisions: 0.13879416039917497
new generation:  5561
Fittest                      43.19729732022467
highest fitness' coverage:   44.60339048166558
highest fitness' collisions: 0.1406093161440909
new generation:  5562
Fittest                      43.209420914801036
highest fitness' coverage:   44.61551407624194
highest fitness' collisions: 0.1406093161440909
new generation:  5563
Fittest                      43.196212838313244
highest fitness' coverage:   44.60324523871758
highest fitness' collisions: 0.1407032400404334
new generation:  5564
Fittest                      43.164828338904904
highest fitness' coverage:   44.625308028845616
highest fitness' collisions: 0.1460479689940714
new generation:  5565
Fittest                      43.17023639365573
highest fitness' coverage:   44.63071608359644
highest fitness' collisions: 0.14604796899407144
new generation:  5566
Fittest                      43.17409172862265
highest fitness' coverage:   44.63457141856336
highest fitness' collisions: 0.14604796899407135
new generation:  5567
Fittest                      43.17686115518418
highest fitness' coverage:   44.63734084512489
highest fitness' collisions: 0.1460479689940714
new generation:  5568
Fittest                      43.18622513828852
highest fitness' coverage:   44.64670482822923
highest fitness' collisions: 0.14604796899407135
new generation:  5569
Fittest                      43.18031305959615
highest fitness' coverage:   44.640792749536864
highest fitness' collisions: 0.14604796899407135
new generation:  5570
Fittest                      43.192365161394875
highest fitness' coverage:   44.65284485133559
highest fitness' collisions: 0.14604796899407146
new generation:  5571
Fittest                      43.204884825966275
highest fitness' coverage:   44.66536451590699
highest fitness' collisions: 0.1460479689940714
new generation:  5572
Fittest                      43.170862701576525
highest fitness' coverage:   44.63134239151724
highest fitness' collisions: 0.14604796899407135
new generation:  5573
Fittest                      43.18346482445424
highest fitness' coverage:   44.64394451439495
highest fitness' collisions: 0.14604796899407135
new generation:  5574
Fittest                      43.18311287966805
highest fitness' coverage:   44.643592569608764
highest fitness' collisions: 0.1460479689940714
new generation:  5575
Fittest                      43.19555146585315
highest fitness' coverage:   44.65603115579386
highest fitness' collisions: 0.1460479689940713
new generation:  5576
Fittest                      43.19864838228688
highest fitness' coverage:   44.659128072227595
highest fitness' collisions: 0.14604796899407135
new generation:  5577
Fittest                      43.2083218710617
highest fitness' coverage:   44.66880156100241
highest fitness' collisions: 0.1460479689940713
new generation:  5578
Fittest                      43.16793917061994
highest fitness' coverage:   44.62841886056065
highest fitness' collisions: 0.14604796899407133
new generation:  5579
Fittest                      43.180301703093185
highest fitness' coverage:   44.6407813930339
highest fitness' collisions: 0.14604796899407146
new generation:  5580
Fittest                      43.17671216627115
highest fitness' coverage:   44.637191856211864
highest fitness' collisions: 0.14604796899407144
new generation:  5581
Fittest                      43.16441155880957
highest fitness' coverage:   44.62489124875028
highest fitness' collisions: 0.14604796899407146
new generation:  5582
Fittest                      43.17389092054254
highest fitness' coverage:   44.63437061048325
highest fitness' collisions: 0.1460479689940713
new generation:  5583
Fittest                      43.18360497833188
highest fitness' coverage:   44.64408466827259
highest fitness' collisions: 0.1460479689940714
new generation:  5584
Fittest                      43.167498982953965
highest fitness' coverage:   44.62797867289468
highest fitness' collisions: 0.14604796899407133
new generation:  5585
Fittest                      43.192865314155206
highest fitness' coverage:   44.65334500409592
highest fitness' collisions: 0.14604796899407138
new generation:  5586
Fittest                      43.17423518342542
highest fitness' coverage:   44.631603157029026
highest fitness' collisions: 0.14573679736036074
new generation:  5587
Fittest                      43.189139037323926
highest fitness' coverage:   44.646507010927536
highest fitness' collisions: 0.1457367973603608
new generation:  5588
Fittest                      43.1923849967332
highest fitness' coverage:   44.64068916818867
highest fitness' collisions: 0.1448304171455467
new generation:  5589
Fittest                      43.19191172153577
highest fitness' coverage:   44.640215892991236
highest fitness' collisions: 0.14483041714554676
new generation:  5590
Fittest                      43.19416078558055
highest fitness' coverage:   44.64088006384356
highest fitness' collisions: 0.14467192782630076
new generation:  5591
Fittest                      43.20008742880518
highest fitness' coverage:   44.64680670706819
highest fitness' collisions: 0.14467192782630064
new generation:  5592
Fittest                      43.195321678875786
highest fitness' coverage:   44.64059551736805
highest fitness' collisions: 0.14452738384922606
new generation:  5593
Fittest                      43.207568261999484
highest fitness' coverage:   44.652842100491746
highest fitness' collisions: 0.14452738384922617
new generation:  5594
Fittest                      43.17377414881905
highest fitness' coverage:   44.61904798731131
highest fitness' collisions: 0.14452738384922614
new generation:  5595
Fittest                      43.21110796913058
highest fitness' coverage:   44.65638180762284
highest fitness' collisions: 0.14452738384922606
new generation:  5596
Fittest                      43.20172266785256
highest fitness' coverage:   44.64699650634482
highest fitness' collisions: 0.144527383849226
new generation:  5597
Fittest                      43.20096349320781
highest fitness' coverage:   44.64623733170007
highest fitness' collisions: 0.14452738384922606
new generation:  5598
Fittest                      43.18913350677396
highest fitness' coverage:   44.634407345266226
highest fitness' collisions: 0.1445273838492262
new generation:  5599
Fittest                      43.20429923124612
highest fitness' coverage:   44.64957306973838
highest fitness' collisions: 0.144527383849226
new generation:  5600
Fittest                      43.193738681883424
highest fitness' coverage:   44.66271720217772
highest fitness' collisions: 0.14689785202942923
new generation:  5601
Fittest                      43.17820744955933
highest fitness' coverage:   44.64718596985362
highest fitness' collisions: 0.1468978520294292
new generation:  5602
Fittest                      43.19071150776856
highest fitness' coverage:   44.659690028062855
highest fitness' collisions: 0.14689785202942912
new generation:  5603
Fittest                      43.17825863056419
highest fitness' coverage:   44.64723715085848
highest fitness' collisions: 0.1468978520294291
new generation:  5604
Fittest                      43.168662045474235
highest fitness' coverage:   44.63764056576853
highest fitness' collisions: 0.14689785202942918
new generation:  5605
Fittest                      43.20618804134364
highest fitness' coverage:   44.67516656163793
highest fitness' collisions: 0.14689785202942923
new generation:  5606
Fittest                      43.16870209798929
highest fitness' coverage:   44.63768061828358
highest fitness' collisions: 0.1468978520294292
new generation:  5607
Fittest                      43.190649406778384
highest fitness' coverage:   44.65962792707268
highest fitness' collisions: 0.1468978520294292
new generation:  5608
Fittest                      43.17143830866054
highest fitness' coverage:   44.640416828954834
highest fitness' collisions: 0.1468978520294292
new generation:  5609
Fittest                      43.17523834719288
highest fitness' coverage:   44.644216867487174
highest fitness' collisions: 0.14689785202942923
new generation:  5610
Fittest                      43.169162809964696
highest fitness' coverage:   44.63814133025899
highest fitness' collisions: 0.14689785202942926
new generation:  5611
Fittest                      43.18737841355183
highest fitness' coverage:   44.656356933846126
highest fitness' collisions: 0.14689785202942918
new generation:  5612
Fittest                      43.19543000420539
highest fitness' coverage:   44.65947002233325
highest fitness' collisions: 0.14640400181278632
new generation:  5613
Fittest                      43.18939840316011
highest fitness' coverage:   44.65343842128797
highest fitness' collisions: 0.14640400181278623
new generation:  5614
Fittest                      43.179737229365585
highest fitness' coverage:   44.643777247493446
highest fitness' collisions: 0.14640400181278637
new generation:  5615
Fittest                      43.211873363382786
highest fitness' coverage:   44.67591338151065
highest fitness' collisions: 0.14640400181278618
new generation:  5616
Fittest                      43.18721463806182
highest fitness' coverage:   44.65957229390071
highest fitness' collisions: 0.14723576558388893
new generation:  5617
Fittest                      43.20939962072779
highest fitness' coverage:   44.68175727656668
highest fitness' collisions: 0.14723576558388884
new generation:  5618
Fittest                      43.150964701634685
highest fitness' coverage:   44.63762338420209
highest fitness' collisions: 0.14866586825674022
new generation:  5619
Fittest                      43.1824920411242
highest fitness' coverage:   44.6691507236916
highest fitness' collisions: 0.1486658682567402
new generation:  5620
Fittest                      43.15706709765142
highest fitness' coverage:   44.64372578021882
highest fitness' collisions: 0.14866586825674014
new generation:  5621
Fittest                      43.17015175677922
highest fitness' coverage:   44.65681043934662
highest fitness' collisions: 0.14866586825674025
new generation:  5622
Fittest                      43.18260688409208
highest fitness' coverage:   44.66926556665948
highest fitness' collisions: 0.14866586825674014
new generation:  5623
Fittest                      43.15890773508877
highest fitness' coverage:   44.647471878374134
highest fitness' collisions: 0.14885641432853658
new generation:  5624
Fittest                      43.183225466683055
highest fitness' coverage:   44.67178960996842
highest fitness' collisions: 0.14885641432853644
new generation:  5625
Fittest                      43.15564687433164
highest fitness' coverage:   44.644211017617
highest fitness' collisions: 0.1488564143285365
new generation:  5626
Fittest                      43.16170737038767
highest fitness' coverage:   44.65027151367303
highest fitness' collisions: 0.1488564143285364
new generation:  5627
Fittest                      43.193210470158164
highest fitness' coverage:   44.68177461344353
highest fitness' collisions: 0.14885641432853652
new generation:  5628
Fittest                      43.17118629837625
highest fitness' coverage:   44.659750441661615
highest fitness' collisions: 0.14885641432853644
new generation:  5629
Fittest                      43.149544040644706
highest fitness' coverage:   44.63810818393007
highest fitness' collisions: 0.1488564143285365
new generation:  5630
Fittest                      43.142819367285554
highest fitness' coverage:   44.631877566277936
highest fitness' collisions: 0.1489058198992385
new generation:  5631
Fittest                      43.16737731951993
highest fitness' coverage:   44.65643551851232
highest fitness' collisions: 0.14890581989923854
new generation:  5632
Fittest                      43.19952274981196
highest fitness' coverage:   44.681529218321266
highest fitness' collisions: 0.14820064685093076
new generation:  5633
Fittest                      43.15863301740868
highest fitness' coverage:   44.64063948591799
highest fitness' collisions: 0.14820064685093073
new generation:  5634
Fittest                      43.155771878706986
highest fitness' coverage:   44.6377783472163
highest fitness' collisions: 0.14820064685093093
new generation:  5635
Fittest                      43.162112349264255
highest fitness' coverage:   44.64411881777356
highest fitness' collisions: 0.1482006468509307
new generation:  5636
Fittest                      43.16873786380536
highest fitness' coverage:   44.65074433231467
highest fitness' collisions: 0.1482006468509309
new generation:  5637
Fittest                      43.16213742924217
highest fitness' coverage:   44.644143897751476
highest fitness' collisions: 0.14820064685093076
new generation:  5638
Fittest                      43.174882898593836
highest fitness' coverage:   44.65688936710314
highest fitness' collisions: 0.14820064685093065
new generation:  5639
Fittest                      43.18917862788653
highest fitness' coverage:   44.67148202853621
highest fitness' collisions: 0.1482303400649685
new generation:  5640
Fittest                      43.18194267652012
highest fitness' coverage:   44.65026261624643
highest fitness' collisions: 0.1468319939726307
new generation:  5641
Fittest                      43.1975016890304
highest fitness' coverage:   44.66582162875671
highest fitness' collisions: 0.14683199397263066
new generation:  5642
Fittest                      43.18820087598429
highest fitness' coverage:   44.6565208157106
highest fitness' collisions: 0.14683199397263044
new generation:  5643
Fittest                      43.19794544509957
highest fitness' coverage:   44.66626538482588
highest fitness' collisions: 0.14683199397263053
new generation:  5644
Fittest                      43.19149387340207
highest fitness' coverage:   44.65981381312837
highest fitness' collisions: 0.14683199397263058
new generation:  5645
Fittest                      43.166620875624425
highest fitness' coverage:   44.63476298740972
highest fitness' collisions: 0.1468142111785301
new generation:  5646
Fittest                      43.166523493644284
highest fitness' coverage:   44.63466560542959
highest fitness' collisions: 0.1468142111785302
new generation:  5647
Fittest                      43.203705897689794
highest fitness' coverage:   44.6718480094751
highest fitness' collisions: 0.1468142111785302
new generation:  5648
Fittest                      43.17954247130841
highest fitness' coverage:   44.647684583093714
highest fitness' collisions: 0.14681421117853022
new generation:  5649
Fittest                      43.172896247918324
highest fitness' coverage:   44.64103835970363
highest fitness' collisions: 0.14681421117853016
new generation:  5650
Fittest                      43.157055761273554
highest fitness' coverage:   44.62519787305885
highest fitness' collisions: 0.14681421117853014
new generation:  5651
Fittest                      43.182520528838296
highest fitness' coverage:   44.650662640623594
highest fitness' collisions: 0.1468142111785301
new generation:  5652
Fittest                      43.20700043411328
highest fitness' coverage:   44.67514254589859
highest fitness' collisions: 0.1468142111785302
new generation:  5653
Fittest                      43.17540139091702
highest fitness' coverage:   44.643543502702315
highest fitness' collisions: 0.14681421117853008
new generation:  5654
Fittest                      43.16388542576179
highest fitness' coverage:   44.632027537547096
highest fitness' collisions: 0.14681421117853016
new generation:  5655
Fittest                      43.189359454913195
highest fitness' coverage:   44.6411306904856
highest fitness' collisions: 0.1451771235572411
new generation:  5656
Fittest                      43.16152047606582
highest fitness' coverage:   44.613291711638226
highest fitness' collisions: 0.14517712355724105
new generation:  5657
Fittest                      43.15500355761111
highest fitness' coverage:   44.606774793183526
highest fitness' collisions: 0.1451771235572413
new generation:  5658
Fittest                      43.15812701261038
highest fitness' coverage:   44.60989824818279
highest fitness' collisions: 0.1451771235572411
new generation:  5659
Fittest                      43.16763781058418
highest fitness' coverage:   44.6194090461566
highest fitness' collisions: 0.14517712355724127
new generation:  5660
Fittest                      43.152212641237846
highest fitness' coverage:   44.603983876810254
highest fitness' collisions: 0.14517712355724108
new generation:  5661
Fittest                      43.19122883567791
highest fitness' coverage:   44.64300007125032
highest fitness' collisions: 0.1451771235572412
new generation:  5662
Fittest                      43.13143421045772
highest fitness' coverage:   44.58320544603013
highest fitness' collisions: 0.14517712355724116
new generation:  5663
Fittest                      43.14495099533748
highest fitness' coverage:   44.59672223090989
highest fitness' collisions: 0.1451771235572411
new generation:  5664
Fittest                      43.14373000805711
highest fitness' coverage:   44.59550124362953
highest fitness' collisions: 0.14517712355724127
new generation:  5665
Fittest                      43.14765536541083
highest fitness' coverage:   44.61457940651186
highest fitness' collisions: 0.1466924041101032
new generation:  5666
Fittest                      43.144338705232805
highest fitness' coverage:   44.611262746333836
highest fitness' collisions: 0.14669240411010323
new generation:  5667
Fittest                      43.12840476631086
highest fitness' coverage:   44.59532880741189
highest fitness' collisions: 0.1466924041101034
new generation:  5668
Fittest                      43.11926191301655
highest fitness' coverage:   44.58618595411758
highest fitness' collisions: 0.1466924041101033
new generation:  5669
Fittest                      43.14757828422183
highest fitness' coverage:   44.61450232532286
highest fitness' collisions: 0.1466924041101032
new generation:  5670
Fittest                      43.131862853472036
highest fitness' coverage:   44.59878689457307
highest fitness' collisions: 0.14669240411010312
new generation:  5671
Fittest                      43.14759428318379
highest fitness' coverage:   44.61451832428482
highest fitness' collisions: 0.14669240411010318
new generation:  5672
Fittest                      43.135003456213184
highest fitness' coverage:   44.601927497314215
highest fitness' collisions: 0.14669240411010329
new generation:  5673
Fittest                      43.14153598269828
highest fitness' coverage:   44.60846002379931
highest fitness' collisions: 0.14669240411010323
new generation:  5674
Fittest                      43.12925428825867
highest fitness' coverage:   44.5961783293597
highest fitness' collisions: 0.14669240411010323
new generation:  5675
Fittest                      43.154271448290274
highest fitness' coverage:   44.626447334237064
highest fitness' collisions: 0.14721758859467862
new generation:  5676
Fittest                      43.12097027241039
highest fitness' coverage:   44.59314615835718
highest fitness' collisions: 0.14721758859467868
new generation:  5677
Fittest                      43.12146679740066
highest fitness' coverage:   44.580683062017116
highest fitness' collisions: 0.14592162646164566
new generation:  5678
Fittest                      43.118550075305066
highest fitness' coverage:   44.577766339921524
highest fitness' collisions: 0.1459216264616457
new generation:  5679
Fittest                      43.10000529689714
highest fitness' coverage:   44.55922156151359
highest fitness' collisions: 0.14592162646164547
new generation:  5680
Fittest                      43.10956179200175
highest fitness' coverage:   44.568524002897114
highest fitness' collisions: 0.14589622108953643
new generation:  5681
Fittest                      43.1000207195347
highest fitness' coverage:   44.55898293043006
highest fitness' collisions: 0.14589622108953634
new generation:  5682
Fittest                      43.10371577400436
highest fitness' coverage:   44.56267798489972
highest fitness' collisions: 0.14589622108953632
new generation:  5683
Fittest                      43.087524169717234
highest fitness' coverage:   44.5464863806126
highest fitness' collisions: 0.14589622108953634
new generation:  5684
Fittest                      43.1002177367552
highest fitness' coverage:   44.55917994765056
highest fitness' collisions: 0.14589622108953637
new generation:  5685
Fittest                      43.10405956767182
highest fitness' coverage:   44.5656582920443
highest fitness' collisions: 0.1461598724372476
new generation:  5686
Fittest                      43.10365058048381
highest fitness' coverage:   44.56524930485629
highest fitness' collisions: 0.14615987243724765
new generation:  5687
Fittest                      43.13138981953522
highest fitness' coverage:   44.5929885439077
highest fitness' collisions: 0.14615987243724768
new generation:  5688
Fittest                      43.11667255501994
highest fitness' coverage:   44.57827127939242
highest fitness' collisions: 0.14615987243724762
new generation:  5689
Fittest                      43.12583073945216
highest fitness' coverage:   44.58742946382464
highest fitness' collisions: 0.14615987243724762
new generation:  5690
Fittest                      43.08224907579304
highest fitness' coverage:   44.543847800165516
highest fitness' collisions: 0.14615987243724768
new generation:  5691
Fittest                      43.10978580098087
highest fitness' coverage:   44.57138452535335
highest fitness' collisions: 0.1461598724372476
new generation:  5692
Fittest                      43.09395283836253
highest fitness' coverage:   44.55555156273501
highest fitness' collisions: 0.14615987243724762
new generation:  5693
Fittest                      43.112624830574106
highest fitness' coverage:   44.574223554946585
highest fitness' collisions: 0.1461598724372476
new generation:  5694
Fittest                      43.113424307083186
highest fitness' coverage:   44.57459829981059
highest fitness' collisions: 0.14611739927274048
new generation:  5695
Fittest                      43.116311120116706
highest fitness' coverage:   44.57748511284411
highest fitness' collisions: 0.14611739927274056
new generation:  5696
Fittest                      43.09793815893564
highest fitness' coverage:   44.559112151663044
highest fitness' collisions: 0.14611739927274045
new generation:  5697
Fittest                      43.10350364891211
highest fitness' coverage:   44.56467764163952
highest fitness' collisions: 0.14611739927274064
new generation:  5698
Fittest                      43.12627286295177
highest fitness' coverage:   44.587446855679175
highest fitness' collisions: 0.1461173992727406
new generation:  5699
Fittest                      43.10060563890379
highest fitness' coverage:   44.5617796316312
highest fitness' collisions: 0.14611739927274067
new generation:  5700
Fittest                      43.107189054388236
highest fitness' coverage:   44.56836304711564
highest fitness' collisions: 0.14611739927274053
new generation:  5701
Fittest                      43.129081387342886
highest fitness' coverage:   44.590255380070296
highest fitness' collisions: 0.1461173992727407
new generation:  5702
Fittest                      43.10410794968916
highest fitness' coverage:   44.56528194241656
highest fitness' collisions: 0.14611739927274062
new generation:  5703
Fittest                      43.116328099848715
highest fitness' coverage:   44.57750209257612
highest fitness' collisions: 0.1461173992727406
new generation:  5704
Fittest                      43.12905471507055
highest fitness' coverage:   44.59022870779796
highest fitness' collisions: 0.1461173992727407
new generation:  5705
Fittest                      43.09747473265032
highest fitness' coverage:   44.55864872537773
highest fitness' collisions: 0.14611739927274067
new generation:  5706
Fittest                      43.10961513797554
highest fitness' coverage:   44.57078913070295
highest fitness' collisions: 0.14611739927274064
new generation:  5707
Fittest                      43.092009337891625
highest fitness' coverage:   44.553183330619035
highest fitness' collisions: 0.14611739927274064
new generation:  5708
Fittest                      43.08240167142959
highest fitness' coverage:   44.54357566415699
highest fitness' collisions: 0.14611739927274056
new generation:  5709
Fittest                      43.112957528311085
highest fitness' coverage:   44.574131521038495
highest fitness' collisions: 0.1461173992727407
new generation:  5710
Fittest                      43.10103060280477
highest fitness' coverage:   44.56220459553217
highest fitness' collisions: 0.14611739927274053
new generation:  5711
Fittest                      43.135365700985034
highest fitness' coverage:   44.596539693712444
highest fitness' collisions: 0.14611739927274067
new generation:  5712
Fittest                      43.094530981219826
highest fitness' coverage:   44.556293661125885
highest fitness' collisions: 0.14617626799060593
new generation:  5713
Fittest                      43.097398120711055
highest fitness' coverage:   44.559160800617114
highest fitness' collisions: 0.1461762679906059
new generation:  5714
Fittest                      43.09388057855009
highest fitness' coverage:   44.55564325845615
highest fitness' collisions: 0.14617626799060596
new generation:  5715
Fittest                      43.12533293399225
highest fitness' coverage:   44.587095613898306
highest fitness' collisions: 0.14617626799060596
new generation:  5716
Fittest                      43.11874286944841
highest fitness' coverage:   44.58050554935447
highest fitness' collisions: 0.14617626799060593
new generation:  5717
Fittest                      43.103827067814166
highest fitness' coverage:   44.565589747720225
highest fitness' collisions: 0.14617626799060585
new generation:  5718
Fittest                      43.10035756648007
highest fitness' coverage:   44.56212024638613
highest fitness' collisions: 0.14617626799060587
new generation:  5719
Fittest                      43.106886101032075
highest fitness' coverage:   44.56864878093813
highest fitness' collisions: 0.14617626799060576
new generation:  5720
Fittest                      43.1004539217325
highest fitness' coverage:   44.56221660163856
highest fitness' collisions: 0.14617626799060593
new generation:  5721
Fittest                      43.11464616891737
highest fitness' coverage:   44.57747723311518
highest fitness' collisions: 0.1462831064197818
new generation:  5722
Fittest                      43.10253836280428
highest fitness' coverage:   44.565369427002096
highest fitness' collisions: 0.14628310641978176
new generation:  5723
Fittest                      43.099212039937285
highest fitness' coverage:   44.56204310413511
highest fitness' collisions: 0.1462831064197819
new generation:  5724
Fittest                      43.10885999608811
highest fitness' coverage:   44.57169106028592
highest fitness' collisions: 0.14628310641978176
new generation:  5725
Fittest                      43.098963225132266
highest fitness' coverage:   44.56179428933008
highest fitness' collisions: 0.14628310641978176
new generation:  5726
Fittest                      43.12147611347948
highest fitness' coverage:   44.584307177677296
highest fitness' collisions: 0.1462831064197818
new generation:  5727
Fittest                      43.11784287190721
highest fitness' coverage:   44.58067393610503
highest fitness' collisions: 0.1462831064197819
new generation:  5728
Fittest                      43.11792606190631
highest fitness' coverage:   44.580757126104125
highest fitness' collisions: 0.14628310641978173
new generation:  5729
Fittest                      43.12080276432804
highest fitness' coverage:   44.583633828525855
highest fitness' collisions: 0.1462831064197818
new generation:  5730
Fittest                      43.090092051931464
highest fitness' coverage:   44.552923116129286
highest fitness' collisions: 0.14628310641978184
new generation:  5731
Fittest                      43.09324685423861
highest fitness' coverage:   44.55607791843642
highest fitness' collisions: 0.14628310641978168
new generation:  5732
Fittest                      43.11524181117714
highest fitness' coverage:   44.57807287537496
highest fitness' collisions: 0.14628310641978173
new generation:  5733
Fittest                      43.08983691520365
highest fitness' coverage:   44.55266797940146
highest fitness' collisions: 0.1462831064197818
new generation:  5734
Fittest                      43.102459576642865
highest fitness' coverage:   44.565290640840686
highest fitness' collisions: 0.14628310641978198
new generation:  5735
Fittest                      43.11535188852753
highest fitness' coverage:   44.57818295272534
highest fitness' collisions: 0.14628310641978168
new generation:  5736
Fittest                      43.09943035619459
highest fitness' coverage:   44.5622614203924
highest fitness' collisions: 0.14628310641978173
new generation:  5737
Fittest                      43.108233048078915
highest fitness' coverage:   44.57106411227673
highest fitness' collisions: 0.14628310641978173
new generation:  5738
Fittest                      43.10533155993133
highest fitness' coverage:   44.568162624129144
highest fitness' collisions: 0.14628310641978173
new generation:  5739
Fittest                      43.130289694421506
highest fitness' coverage:   44.59312075861932
highest fitness' collisions: 0.14628310641978168
new generation:  5740
Fittest                      43.099806203102546
highest fitness' coverage:   44.56263726730036
highest fitness' collisions: 0.1462831064197818
new generation:  5741
Fittest                      43.112071671718006
highest fitness' coverage:   44.57490273591583
highest fitness' collisions: 0.14628310641978184
new generation:  5742
Fittest                      43.102265226235545
highest fitness' coverage:   44.56509629043337
highest fitness' collisions: 0.1462831064197819
new generation:  5743
Fittest                      43.10280297787471
highest fitness' coverage:   44.530926870524354
highest fitness' collisions: 0.14281238926496417
new generation:  5744
Fittest                      43.12769509428789
highest fitness' coverage:   44.55581898693753
highest fitness' collisions: 0.14281238926496417
new generation:  5745
Fittest                      43.12416283165575
highest fitness' coverage:   44.5522867243054
highest fitness' collisions: 0.14281238926496434
new generation:  5746
Fittest                      43.13540142236216
highest fitness' coverage:   44.561886552424
highest fitness' collisions: 0.1426485130061844
new generation:  5747
Fittest                      43.14199827174111
highest fitness' coverage:   44.56848340180295
highest fitness' collisions: 0.1426485130061844
new generation:  5748
Fittest                      43.169564496691805
highest fitness' coverage:   44.59604962675365
highest fitness' collisions: 0.1426485130061843
new generation:  5749
Fittest                      43.12382160300359
highest fitness' coverage:   44.55030673306543
highest fitness' collisions: 0.1426485130061845
new generation:  5750
Fittest                      43.134760447869176
highest fitness' coverage:   44.56497977890894
highest fitness' collisions: 0.14302193310397657
new generation:  5751
Fittest                      43.138258590866954
highest fitness' coverage:   44.56847792190672
highest fitness' collisions: 0.14302193310397665
new generation:  5752
Fittest                      43.10995073877178
highest fitness' coverage:   44.540170069811545
highest fitness' collisions: 0.14302193310397662
new generation:  5753
Fittest                      43.16295089965188
highest fitness' coverage:   44.59317023069165
highest fitness' collisions: 0.14302193310397654
new generation:  5754
Fittest                      43.120185298907366
highest fitness' coverage:   44.55602397041418
highest fitness' collisions: 0.1435838671506813
new generation:  5755
Fittest                      43.11821190604045
highest fitness' coverage:   44.55872792896014
highest fitness' collisions: 0.14405160229196853
new generation:  5756
Fittest                      43.13455627028841
highest fitness' coverage:   44.575072293208095
highest fitness' collisions: 0.14405160229196848
new generation:  5757
Fittest                      43.11244777052197
highest fitness' coverage:   44.552963793441656
highest fitness' collisions: 0.1440516022919685
new generation:  5758
Fittest                      43.15740225235249
highest fitness' coverage:   44.647081292162696
highest fitness' collisions: 0.14896790398102078
new generation:  5759
Fittest                      43.1542736691548
highest fitness' coverage:   44.643952708965
highest fitness' collisions: 0.14896790398102086
new generation:  5760
Fittest                      43.135925472614886
highest fitness' coverage:   44.62560451242509
highest fitness' collisions: 0.1489679039810208
new generation:  5761
Fittest                      43.148120877495764
highest fitness' coverage:   44.63779991730597
highest fitness' collisions: 0.14896790398102078
new generation:  5762
Fittest                      43.12959333253653
highest fitness' coverage:   44.619272372346735
highest fitness' collisions: 0.14896790398102075
Ran out of time after 5763 generations.
final generation
highest fitness:             43.154414259178466
highest fitness' coverage:   44.64409329898868
highest fitness' collisions: 0.14896790398102092

Left joystick: {
    "5R": [
        "K N T",
        "N S",
        "K N",
        "AO L TH",
        "",
    ],
    "3R": [
        "",
        "V",
    ],
    "3": [
        "M N",
        "IH G Z",
        "K M P",
    ],
    "8L": [
        "UW N",
        "R D",
        "S JH",
        "H N T",
        "AH N",
    ],
    "4R": [
        "",
        "IH",
        "TH",
    ],
    "2R": [
        "R P R Z",
        "S T R",
        "IH N D V",
    ],
    "7RR": [
        "F",
    ],
    "1": [
        "H",
        "AH G R",
        "R V",
        "IH K W",
        "",
    ],
    "8RR": [
        "H",
        "S S",
        "R T",
        "S R V",
        "",
        "AA",
        "IH N",
    ],
    "2LL": [
        "UW N V",
        "H",
        "B",
    ],
    "4LL": [
        "A",
        "Z",
        "R S P",
        "AH",
    ],
    "4L": [
        "W T",
        "IH N F",
        "UH R S",
        "TH R",
        "T G",
    ],
    "1L": [
        "N",
    ],
    "5": [
        "AY D",
        "",
        "R K",
        "AH B",
        "N S",
    ],
    "7R": [
        "T",
    ],
    "5LL": [
        "P L",
        "EH",
        "IH N D V",
        "H F",
        "",
        "N V",
        "T G",
    ],
    "8LL": [
        "H",
        "G R",
        "IH F",
        "",
        "H",
    ],
    "5L": [
        "AE D V",
        "IH F",
        "",
        "SH",
    ],
    "2": [
        "K L",
    ],
    "7LL": [
        "H",
        "AO S T R",
        "P",
    ],
    "1LL": [
        "K",
        "H R",
        "C",
    ],
    "2L": [
        "AO L TH",
        "M",
    ],
    "3L": [
        "R S",
        "IH M P",
        "AE",
    ],
    "2RR": [
        "C",
        "L",
        "",
        "",
        "H",
        "",
    ],
    "4": [
        "HH",
        "J",
        "AO L TH",
        "",
        "AO L TH",
    ],
    "1R": [
        "P L Y",
        "",
        "IH K S",
        "D S K",
        "",
        "",
        "R M",
    ],
    "8": [
        "EH N",
        "N T",
        "CH",
    ],
    "3LL": [
        "",
        "W",
        "H",
    ],
    "4RR": [
        "",
        "M T",
        "D S",
        "AO",
        "",
        "H",
        "A",
        "AE K S",
    ],
    "6RR": [
        "",
        "S",
    ],
    "3RR": [
        "",
        "AO S T R",
        "R",
    ],
    "6": [
        "",
        "EH JH K",
        "S K",
    ],
    "6LL": [
        "",
        "JH",
        "H N K R",
    ],
    "7": [
        "R Y",
        "N S T",
        "H",
        "H",
        "AO R G N Z",
        "AH T",
        "F R G",
    ],
    "8R": [
        "H",
        "R P R Z",
        "",
        "K N T R",
        "AO L TH",
        "H",
        "AH S P",
        "H",
        "IH N T R N",
        "H",
        "AH K R",
        "M S",
        "IH N K R",
    ],
    "7L": [
        "IH S T",
        "B T W",
        "IH N T",
        "",
        "T K N",
        "",
        "G N",
    ],
    "1RR": [
        "D",
    ],
    "6R": [
        "EH JH K",
        "G",
    ],
    "6L": [
        "P R",
    ],
    "5RR": [
        "IH F",
        "AO S T R",
        "R P R Z",
        "B T W",
        "Y",
    ],
}

Right joystick: {
    "3R": [
        "",
        "R Y",
        "R M SH N",
    ],
    "3RR": [
        "N Y TH NG",
        "F",
        "N T UW",
    ],
    "8R": [
        "",
        "JH",
        "L S OW",
    ],
    "2": [
        "S T R Y",
        "JH N L",
        "K SH N",
        "V R Y W N",
        "R S T Y",
        "R V",
        "JH K T",
    ],
    "1RR": [
        "",
        "S T",
        "",
        "L M S T",
    ],
    "7RR": [
        "H",
        "M",
        "",
    ],
    "3L": [
        "R T M N T",
        "",
        "CH",
        "N S V",
    ],
    "5": [
        "N Y TH NG",
        "L S OW",
        "L M S T",
        "T",
    ],
    "8LL": [
        "TH S",
        "M B",
        "SS",
    ],
    "2RR": [
        "T S D",
        "K T V",
        "N Y W N",
        "S T M",
        "AH",
    ],
    "5R": [
        "A",
        "",
        "R T",
        "Z D N T",
        "IH SS",
    ],
    "4R": [
        "H AH",
        "V R Y W N",
        "",
        "",
        "D",
        "",
        "C",
        "H",
    ],
    "8L": [
        "",
        "",
        "L S OW",
        "NG",
        "",
    ],
    "6RR": [
        "H N SS",
        "P",
        "N Y TH NG",
    ],
    "5L": [
        "S",
        "",
    ],
    "6": [
        "H",
        "N T",
        "K CH W L Y",
        "",
    ],
    "5LL": [
        "",
        "B L",
    ],
    "7L": [
        "",
        "R T M N T",
        "TH",
    ],
    "1L": [
        "R SS",
    ],
    "3LL": [
        "H",
        "",
        "N D",
        "R M SH N",
        "",
    ],
    "2R": [
        "A",
        "L M S T",
        "",
        "H",
        "",
        "R D",
    ],
    "5RR": [
        "N T UW",
        "",
        "M P",
        "OW",
    ],
    "4": [
        "L",
    ],
    "7R": [
        "",
        "L JH Y",
        "EY",
        "",
        "V",
        "N Y W N",
    ],
    "7LL": [
        "V R Y TH NG",
        "P SH N",
        "C",
        "R M",
        "L P M N T",
        "AH SS",
        "",
    ],
    "1": [
        "B L K",
        "Y",
        "ZH N",
        "",
        "F K",
    ],
    "6LL": [
        "T M N T",
        "J",
        "T U",
        "Z",
    ],
    "4L": [
        "H",
        "K",
        "L S OW",
    ],
    "8RR": [
        "K CH W L Y",
        "L D R N",
        "",
        "G",
        "N SH L",
    ],
    "1R": [
        "R T M N T",
        "H",
        "SH",
    ],
    "6R": [
        "N",
        "",
        "N Y TH NG",
    ],
    "4LL": [
        "N SH N",
        "",
        "H",
        "N CH",
        "L S OW",
        "",
        "B L M",
        "Y N",
    ],
    "2L": [
        "R",
        "A",
    ],
    "4RR": [
        "",
        "R N T L Y",
        "",
        "N S",
        "L P M N T",
    ],
    "7": [
        "L Y",
        "S T R N",
        "",
        "H",
    ],
    "2LL": [
        "",
        "K T",
        "N Y TH NG",
    ],
    "8": [
        "L T",
        "V R Y TH NG",
        "T K L",
        "V R Y TH NG",
    ],
    "3": [
        "",
        "SH N L",
        "H AH",
        "NG K",
        "Y SS",
    ],
    "1LL": [
        "N SS",
        "W",
    ],
    "6L": [
        "H",
        "J",
        "B",
    ],
}
