generation,fittest,upper_quartile,mean,lower_quartile,least_fit,median,coverage,collisions
0,-144.93211645175734,-246.61781979877847,-345.3112067036459,-430.3075421061285,-677.3638418454024,-321.43497272550167,13.079448784795225,15.801156523655257
1,-125.58438959312262,-143.5443011756252,-144.68099557820202,-146.179788067554,-163.0588268951137,-144.93224159365644,13.11806819139578,13.87024577845184
2,-114.68172804452257,-124.13269131424312,-126.26849664512962,-127.22703211854788,-149.4468181143353,-125.52561894616585,13.127256536554334,12.780898458107691
3,-101.43392585463242,-113.42857133432358,-115.63278625776677,-116.56498061002546,-140.49888630280583,-114.6795490675765,13.132040771212827,11.456596662584525
4,-86.52839272578248,-100.72529678102939,-102.30077254966017,-103.0578758041579,-118.06096160352422,-101.4809315828686,13.135345883390668,9.966373860917315
5,-75.05912243117729,-85.77403535472018,-87.03493934633686,-87.4229246797804,-103.41395024122241,-86.52487314608743,13.129324435663706,8.818844686684098
6,-69.46478292717973,-74.55266013823324,-75.86524373659616,-76.57843246682503,-99.0939095709289,-75.15277889371606,13.162059901194882,8.26268428283746
7,-63.861280301829595,-68.71096724642369,-70.23748539942669,-70.74805027638111,-90.40943612332391,-69.48437472492034,13.171505300351852,7.703278560218145
8,-57.693940266061034,-63.31623876761755,-64.3075419192598,-65.0235850038699,-74.78845190287738,-63.872098241021945,12.232780083952921,6.992672035001395
9,-54.42345596889647,-57.39376590628362,-58.274009169321175,-58.647606997266124,-69.11865940420994,-57.760518032735135,12.754564826910872,6.717802079580734
10,-50.620910885088186,-54.12634387870482,-54.989341697229776,-55.3491513318734,-65.7473874576835,-54.4746548168105,11.57000242737955,6.219091331246774
11,-44.057399244760965,-50.22492516743542,-50.866821099788105,-51.58942064418375,-58.75427957383297,-50.67886436768069,10.739719106526538,5.47971183512875
12,-38.865789590571396,-43.73527100003439,-44.74444613401043,-44.965875893211106,-58.48953555276844,-44.12255987784993,10.746353261965979,4.961214285253737
13,-36.083880931128036,-38.48061700568504,-39.62251313357263,-39.96493176799275,-51.70483070538225,-38.918951889186175,10.758888521896097,4.684276945302413
14,-33.40642698323561,-36.02424359939983,-36.76622819280098,-37.22278706023663,-57.251678192469434,-36.19994036823502,9.996835687571723,4.340326267080734
15,-30.46195418112201,-33.284475853447894,-33.99792211598146,-34.329523693327424,-40.95446847234047,-33.47482179691511,8.467840948940696,3.8929795130062708
16,-27.688194731778264,-30.181454284734983,-30.845547590104786,-31.230608876619623,-41.555234483690576,-30.501872011952536,8.469372858064109,3.615756758984237
17,-25.163785755949064,-27.34225428058552,-28.110829443903572,-28.294619893366473,-33.98897786957409,-27.687066564511014,7.780361153392433,3.2944146909341496
18,-23.927594449319166,-25.090845469990935,-25.680399632061285,-25.969325549854418,-31.059369509708752,-25.28706390843377,7.854493218624214,3.178208766794338
19,-22.357390979537804,-23.742892134837227,-24.42447364075592,-24.82714992501084,-29.131892143434676,-24.08839242078409,7.854330907541154,3.021172188707896
20,-20.571923952172078,-22.05363763100538,-22.5430372903469,-22.661321241491414,-28.137878037120284,-22.348566933523166,7.924266770781381,2.849619072295346
21,-18.57253451890624,-20.52675383606098,-20.992829840170195,-21.318229813736306,-24.824245561278488,-20.68304088723881,7.093783403334837,2.5666317922241078
22,-16.070134157492973,-18.453346530769384,-18.89704838442719,-18.979691779946794,-23.411483802460378,-18.620035689145126,6.122980537565453,2.2193114695058425
23,-15.200973057946673,-15.992293559796561,-16.4015458174313,-16.706768287134533,-19.218676807736763,-16.155599745589342,6.12612621935654,2.132709927730321
24,-14.203958801152476,-15.150743637009098,-15.457541849389303,-15.51651202904915,-18.51393079156222,-15.252700154239228,6.164354022961588,2.0368312824114065
25,-13.51256469068332,-14.131711515654569,-14.592654027627935,-14.618977971883707,-17.827264423409332,-14.23910091350963,6.001421740076908,1.9513986430760228
26,-12.572865412480539,-13.459218905832586,-13.953603908355706,-14.059373560496955,-17.506940541839676,-13.60471747572468,5.101726681461762,1.76745920939423
27,-11.821094726299922,-12.492717693423153,-12.85549141789198,-13.08523311137351,-15.816683770528103,-12.617894727346815,5.12779619708603,1.6948890923385953
28,-10.963751194333902,-11.70258814470191,-12.166048319816245,-12.240637663569036,-16.45888661733955,-11.878412918672353,5.130761349302649,1.609451254363655
29,-10.279751414739756,-10.931911111590416,-11.340446126268487,-11.415717164628415,-16.263835728055245,-11.047239571011906,5.155240364946923,1.543499177968668
30,-9.737412808121881,-10.213990061710483,-10.456062405163605,-10.499299705217059,-12.775442627924043,-10.287830463235995,5.1084165169692985,1.484582932509118
31,-9.183924280626657,-9.71631129464846,-10.046739060029445,-10.236273674247531,-12.545593870951691,-9.79209589659619,5.108597295129011,1.4292521575755668
32,-8.57435296571764,-9.181763569760708,-9.563116660271199,-9.800195540182045,-12.594778782114417,-9.325308858595918,5.095429609850166,1.3669782575567806
33,-7.894948450929532,-8.565453337570531,-8.878009173067841,-9.056352943352222,-11.208335398665225,-8.646759630996316,5.094991530017038,1.298993998094657
34,-7.3060745953813635,-7.871078547435897,-8.14258679225381,-8.210782148255916,-11.107061486737553,-7.964457928957269,5.024730082257112,1.2330804677638476
35,-6.357061043200057,-7.28707551298521,-7.553818098691758,-7.783514245169098,-9.810152116932734,-7.402589640701004,4.789747208231301,1.1146808251431357
36,-5.60679587833788,-6.354245502390314,-6.637670708198364,-6.84627485400008,-9.19109686215705,-6.462772533990348,4.792504835617927,1.0399300713955806
37,-5.232985607848562,-5.612757100938705,-5.995263061305907,-6.171467744201024,-9.657507785156778,-5.793405251645892,4.694770025166854,0.9927755633015415
38,-4.785274499751996,-5.218102951951843,-5.473802773907735,-5.589239354846278,-7.3554278067785805,-5.310749670872081,4.397802728801889,0.9183077228553884
39,-4.371811789159437,-4.7787979493468065,-5.131558619637017,-5.313725374368618,-8.383184197779745,-4.887006905760671,4.394657047010795,0.8766468836170231
40,-3.9609898722127737,-4.369043420898639,-4.674658205383199,-4.761691022289742,-7.113900398547777,-4.481531240149174,4.304401057012073,0.8265390929224846
41,-3.654919669696663,-3.956698782951337,-4.24120041947772,-4.422847059515695,-6.20086183347356,-4.066731485487669,4.2168898317640595,0.7871809501460723
42,-3.043866691687911,-3.646669040786203,-3.9284354901435092,-4.035529286996368,-7.012463282835878,-3.7331103441451563,4.227530694650191,0.7271397386338102
43,-2.7929339729275324,-3.047016666660383,-3.322550563503689,-3.4149962400151725,-7.877307847246476,-3.1314152563201,3.592339111838703,0.6385273084766235
44,-2.526209597761517,-2.7959302918969566,-2.971400878130165,-3.0551227039395075,-4.104048428623152,-2.879630350980848,3.4425635758994804,0.5968773173660997
45,-2.2361945258748777,-2.5231218293935345,-2.707927350740247,-2.7706989062960754,-4.351912994579211,-2.615740519208801,3.665364055817333,0.590155858169221
46,-1.9766163749710666,-2.23502646245482,-2.42092106704163,-2.521441268384472,-6.413664572577503,-2.3002975565127652,3.6651378838252855,0.5641754258796352
47,-1.7549107037256242,-1.9823010843626414,-2.20062600535535,-2.2921127214069763,-4.1460005741541455,-2.052077955601699,4.378861342939713,0.6133772046665337
48,-1.4948712291197888,-1.7553362854747663,-2.0125334126022087,-2.2194827092110874,-4.042609891234807,-1.8663725064527497,4.378635170947674,0.5873506400067463
49,-1.281445945488045,-1.4917066515814348,-1.7208491816898195,-1.85081683630332,-2.8046523521432087,-1.5686065305687662,4.356707338492987,0.5638153283981031
50,-1.0502077780441201,-1.2813880320649327,-1.5568884177483668,-1.5972377538150333,-4.543004446278031,-1.3627250127009471,4.35335059574627,0.540355837379039
51,-0.8369559615132109,-1.0471925633274175,-1.262738281999845,-1.3657651971506866,-2.862065578244442,-1.1339983067303248,4.296457804082548,0.5133413765595759
52,-0.5940332379292261,-0.8376739461229459,-1.1069441137925078,-1.1650030913569749,-3.5785530391330074,-0.8985899460805293,4.248889325547063,0.4842922563476289
53,-0.4033533735219246,-0.6032819028049801,-0.8953284983951828,-0.923287423173937,-3.6573124058916164,-0.6942795608852723,4.2518856445164905,0.4655239018038415
54,-0.18801523851583823,-0.4155983573671094,-0.6586679077866705,-0.7231397621686284,-3.1432358745118796,-0.49414564042644615,4.871119329738892,0.5059134568254731
55,0.02394319023751912,-0.2136824842016063,-0.45109195334261737,-0.5647945997681134,-2.094855287736231,-0.30837277023437837,5.569236833374683,0.5545293643137164
56,0.1518827307781967,0.0018575630316419733,-0.2102936455765973,-0.2938465581255416,-1.5750812776139025,-0.08947397803558177,5.686616290040301,0.5534733559262104
57,0.4062060931346574,0.1358954918695341,-0.11705414529203678,-0.16703630949523252,-2.6151384351573084,0.027034669461450278,5.677413342315834,0.5271207249181177
58,0.5910987842338065,0.40589988732059634,0.20564483862788088,0.0768949359093849,-1.605646646228891,0.3156228384084643,5.674417023346387,0.5083318239112581
59,0.8353609365127372,0.5907964020364931,0.32953287893129657,0.21535136531446852,-1.9155293777715023,0.49550361285655464,6.738412371639238,0.5903051435126501
60,1.2214619953546046,0.8124301502701448,0.48949403895866117,0.3407528129683213,-2.829515706165381,0.6899885192124451,7.850626570104776,0.6629164574750172
61,1.4227809168136947,1.2201157831094998,0.8461037180234383,0.693650210790846,-3.075983251289469,1.0643134165566797,7.89026540742241,0.6467484490608715
62,1.6388851194549723,1.409945072545142,0.9387920173458703,0.9219372740187266,-3.112613422061303,1.244534952043292,7.9105740177873685,0.6271688898332396
63,2.266819321407935,1.628718648962427,1.299502841287289,1.206808509559969,-1.9781587950291035,1.4578392382778214,9.288751182377666,0.7021931860969731
64,2.5850003454721016,2.2480848645711955,1.7777671374310657,1.7025989372568437,-2.6562280730980383,2.0172771743158324,10.754593677439141,0.8169593331967039
65,2.7660346079645706,2.518215957550563,1.9981965182546175,1.7006723458990063,-2.5462395119912404,2.2807580668143466,10.920856596091422,0.8154821988126851
66,2.9710719407269908,2.7448545553504466,2.333714071089942,2.1492790722561548,-3.5920539527645907,2.59695564391747,10.945844637096835,0.7974772696369844
67,3.1007010959126626,2.940606116853129,2.307418841467325,2.0638182454844785,-3.47175360009242,2.744250170735862,10.94273243762699,0.7842031341714327
68,3.5109603768453974,3.0850788385457912,2.5341382265729138,2.3498114277208906,-4.279981236140742,2.8562164753080257,10.921570709500863,0.7410610332655465
69,3.718238146271167,3.50974863299595,3.0219688035431544,2.8536643123733203,-1.0065059817478943,3.3149367737054156,10.945518832500483,0.7227280686229316
70,4.0452214211104245,3.694348082384046,2.996881596879988,2.9100818213530815,-13.085095788908953,3.547309942003836,11.437978793848412,0.7392757372737988
71,4.795899523332343,4.043023775417909,3.587111252585309,3.420423170851162,-4.748328792542512,3.8235182460988044,13.046768587423486,0.8250869064091143
72,5.5634489366986735,4.78350515505686,4.212237746513953,3.9988023117613825,-0.4163905981202678,4.586732661068628,14.558698094658254,0.8995249157959582
73,5.746685029439657,5.5435477435501,5.019650890987557,4.915849147326281,-3.5513059566196308,5.342915254645556,14.562119697996547,0.881543466855689
74,6.242306510160628,5.661184210937622,5.048197188686268,4.598509320116534,1.392533260279496,5.278364061680491,15.781361799882855,0.9539055289722228
75,6.702904958338356,6.230082374303594,5.610170084467362,5.274128480231187,-0.727192469595888,5.908478628547494,16.799104881590026,1.009619992325167
76,7.077958766604382,6.6528747875478444,5.790858732530163,5.395349805871945,-3.940988387915148,6.25972728197378,16.79083258843555,0.9712873821831166
77,7.343829567550719,7.048463489126515,6.195863123267107,5.9049571228005675,0.4506917835486668,6.664643869839713,16.797260312299667,0.9453430744748949
78,7.6975619519655805,7.3094012099991765,6.595387700570447,6.356044759208974,-1.019480093547294,6.983267307323958,16.66339304465456,0.8965831092688978
79,8.738511847358405,7.685527567020003,6.984045006033574,6.600104170135602,0.5576998169780296,7.3947610370693715,18.712263645795975,0.997375179843757
80,9.210549341043135,8.672266239778219,7.966090065241913,7.63962865765243,2.275428401256235,8.364883204698266,19.372176851486174,1.0161627510443039
81,9.719738858356742,9.185069564866858,8.518330825199197,8.206761971740308,1.7125170799600902,9.01901499360863,20.96142249152916,1.1241683633172417
82,10.19454273830389,9.666295424698214,8.60427802307004,8.191846879690972,-0.8203075400658371,9.258265582154461,22.874120682736297,1.2679577944432407
83,10.766547949159992,10.152207621631234,8.966634133722032,8.569027251146649,-5.649910212351518,9.743556857608812,23.838254671358968,1.3071706722198975
84,11.639941921809108,10.710738026261517,9.542001626116303,8.880841751845239,-0.3834021429371255,10.347524453874275,25.12638661848936,1.348644469668025
85,11.940994098423479,11.6122589600743,10.566279907280704,10.42635001035786,0.15119195693266008,11.338449023841587,25.669764536469778,1.3728770438046298
86,12.384583600448119,11.933779893870614,10.630821803256632,10.043484206101553,-4.155939540609911,11.488400011901453,27.854921521466217,1.5470337921018098
87,12.842890524808194,12.376815586728144,11.435310207889778,11.37266725034699,0.4396679089803577,12.161652306301008,27.854749325707196,1.5011858800899003
88,13.120597934692466,12.797411548481552,11.275127974711191,11.103744725023088,-10.811977971893715,12.24172981209912,27.90103119003193,1.4780433255339465
89,13.5863673945384,13.033620151549965,11.280765300171527,11.12495326863014,-2.410413396139056,12.290720781202129,28.104692501005278,1.4518325106466878
90,14.054648108199771,13.539770891174346,12.271434775738674,11.545988143494217,2.098329126058129,13.0195472868878,27.946189295506137,1.3891541187306367
91,14.80982944728337,13.999557025883123,12.795241941027326,12.578852916241308,-1.0731778288716711,13.679480266873329,29.621573347814223,1.4811743900530854
92,15.274646727467731,14.762507007464656,13.823141875942841,13.050574977875648,6.2283596080049755,14.317759249389407,29.692863093866624,1.4418216366398893
93,15.818114173911132,15.116728475538663,13.555919835954105,12.966909577590588,3.030238133677514,14.361147452919088,29.69865263557246,1.388053846166133
94,16.119272088389913,15.675570813910516,14.50249461297222,14.19988968748783,0.9513054230870779,15.263225052765023,29.72295598847507,1.360368390008516
95,16.52447286067717,16.06804998215437,14.88558463167036,14.443976836544406,5.143324518020584,15.639768941307889,29.71787954194009,1.3193406681262916
96,16.897315284555642,16.36452353474012,15.058720832696435,14.711322318305461,5.747325298596007,15.822491117122244,30.225354913591776,1.3328039629036135
97,17.131175384332526,16.79220634046326,15.326053390703715,14.926958432754786,4.416138151395657,16.33997024566611,30.208994830179527,1.3077819445847
98,17.500819064600805,17.071394999700964,15.680142456142686,15.306617662233773,4.989992726469996,16.60403974246894,30.56042089817409,1.3059601833573287
99,17.836857637524844,17.446987858034777,16.107333901187218,14.966212806768048,8.788234537491288,16.934720851690706,30.330255164475023,1.2493397526950178
100,18.47618186673276,17.797009351548937,16.672912105740984,16.351775238291197,2.8640128813965475,17.4237657557823,31.86867178548572,1.3392489918752963
101,18.7816468160404,18.378164462059164,17.12917879762823,16.708388116058735,7.471075895722361,17.862921339414086,32.49067374132403,1.3709026925283632
102,19.143130283949926,18.677917360343248,17.31100900653961,16.839417763061533,5.471739902356255,18.14983771804755,32.48190544470194,1.333877516075201
103,19.748065212480082,18.97962730765866,17.666105750676827,17.06017699645999,8.7656737070654,18.466664278190777,32.35777106590143,1.260970585342135
104,20.652643653585375,19.638182503191786,17.853247656688925,17.47578194945902,-5.4655610436373365,19.11526473369275,34.43608746279243,1.3783443809207054
105,20.954149088476406,20.554641464293326,18.861594360492784,19.004631650964683,-6.138757760118587,20.001452005382035,34.45365472270695,1.3499505634230544
106,21.252903324721522,20.817834524971957,18.870702703559353,18.272261781054382,-4.264591707220973,20.17139244496495,34.35232804024556,1.3099424715524037
107,21.516091029117625,21.182601918808835,19.418568271032274,18.769266356273263,5.3743156154637255,20.4221927716205,34.151394719443246,1.2635303690325623
108,21.710534261888682,21.394667639670462,19.737099265731782,19.449730775435114,4.772787992146025,20.383511653032635,34.367468475225216,1.2656934213336533
109,21.96732378504909,21.574909801392458,20.00293717465758,19.697430896159133,4.880876565539971,21.08772076772489,34.33022589588309,1.2362902110834
110,22.46149562670537,21.885707717704637,20.26620819841157,19.725233460835415,5.5275693459469935,21.28725560406624,34.3425890338062,1.188109340710083
111,22.649092087486125,22.28706489250958,20.766416936416665,20.179573110075314,8.59679220222758,21.95058158684115,34.464851022672875,1.1815758935186749
112,22.91986234005696,22.470353446156555,20.76043375349201,20.33728624288291,4.837416911568511,21.89249495995098,34.46088066331214,1.1541018323255179
113,23.074162552211767,22.83525207240499,21.688855821882584,21.068979582701374,11.534863794062492,22.4043162899173,34.39360609640458,1.1319443544192815
114,23.405692601841327,22.847303822500866,21.36657834799262,20.923263138098665,7.488725216970813,22.091237518709192,34.41293219035566,1.1007239588514335
115,23.9294306237304,23.284534989833723,21.409488852188368,21.51827722440954,-7.048689432404416,22.88424484981963,34.7616989407092,1.0832268316978801
116,24.044472235072305,23.766516353591136,22.273134475198134,21.85227064247254,7.870346968710393,23.271631472985007,34.76777429418546,1.0723302059113151
117,24.17817397424821,23.85576937019568,22.7312336452265,21.870474568835057,15.538882398586132,23.420522540736286,34.72616511614911,1.0547991141900903
118,24.842532677582867,24.072285105100494,22.694855683653515,22.18801163253426,7.4756006741331085,23.48096923613175,35.519699094279254,1.0677166416696386
119,25.4705454703821,24.614222874135372,23.232213852738692,22.655401304470075,11.780630706632827,24.02785404241633,35.88522060189816,1.0414675131516065
120,25.701517587036044,25.324839112576665,23.988081924577884,23.354659439484816,14.783810705880676,24.735719828745207,36.20687201652071,1.050535442948467
121,25.77891185307438,25.54959980746165,24.133022512815355,23.225933490010895,15.641335645388274,25.00544981012032,36.23990259360455,1.0460990740530167
122,25.96971611588623,25.656749419304994,24.400239295265692,23.93601585390556,13.458286693264867,24.917294130949344,36.303402913289666,1.0333686797403436
123,26.094877692608037,25.834428704834153,24.44187337350273,23.78598028023193,15.042920844811217,25.144302180064756,36.60142103545907,1.0506543342851031
124,26.310336139948774,25.929930233617945,24.56614866649502,23.884558995728437,13.257692409881574,25.43573240958118,36.60035844547181,1.0290022305523037
125,26.51036767509123,26.182055853341247,24.47921378841263,23.75153018846243,6.677453558641929,25.588039708881375,36.600332669618794,1.008996499452756
126,26.718628578308575,26.432498440707644,24.786301577059618,23.896027532067723,12.698261528028688,25.745919423365006,36.60041379877315,0.988178522046457
127,26.96279028261453,26.59530153373626,24.45355026457778,23.704444018011095,-3.16594064949318,25.782281150257397,36.61257718457152,0.9649786901956989
128,27.143176237823987,26.895753558162397,25.488672240708954,25.135238840130846,15.655856976934736,26.309970303074625,36.61865712305431,0.9475480885230326
129,27.319064426499015,27.01778331433292,25.510490098122066,25.128675683296237,12.1630787418875,26.33562470151718,36.603260373584384,0.9284195947085369
130,27.398393900539592,27.108733161524135,25.443223214772086,25.067777322454955,8.954357723984614,26.540514374632906,36.61416894835338,0.921577504781379
131,27.4577022397444,27.238117469669685,26.044795248341345,25.366187640655433,16.570501089201485,26.89988531362119,36.574211498653995,0.9116509258909595
132,27.638987178494077,27.446468777983718,26.22108208842435,25.677056373269522,19.072700763599194,26.756118218791293,36.70637344361162,0.9067386265117542
133,27.75248954230308,27.51143249014178,25.771910177007697,25.43504259567046,11.850882964505292,26.890711387280383,36.55894134278193,0.8806451800478848
134,27.917340510464907,27.6454658094707,25.991772570957394,25.226217099194475,16.80378086445795,27.073476125606383,36.702235396942804,0.8784894886477898
135,28.383844406510136,27.674496488137578,26.133183796123504,25.47511631552559,10.021264730241242,27.00692960937558,37.66971157917695,0.9285867172666814
136,28.55578939338144,28.188503995059982,26.669469536404684,25.92874216192059,16.103238939094208,27.690510302059117,37.665879744761995,0.9110090351380556
137,28.88376980975031,28.402452086555357,27.02656322599019,26.6098892723947,2.1638723758142646,27.896532782775907,37.87383713611584,0.899006732636553
138,29.030255021859663,28.7884542278089,27.054002828630434,26.446570327304244,8.058611006818584,28.034085076581984,37.90150649023488,0.8871251468375216
139,29.06758688365116,28.852365956127407,27.219297661175,26.82587756960837,-6.282481538366561,28.230592804436988,37.88825091431155,0.8820664030660387
140,29.224379897108708,28.8726550006172,27.17475472463864,26.671974620257927,14.077656354706566,28.269374353887592,37.901656963961656,0.8677277066852949
141,29.287319841193174,29.119259994587505,27.74210556112353,27.21228639767871,17.975606251932724,28.451480538287377,37.9072517347281,0.8619931893534923
142,29.3726432946422,29.054120262766705,27.445896819925345,26.391661783532705,15.843054758725863,28.30256237747148,37.88845757472434,0.8515814280082142
143,29.5602412271773,29.16008187816721,27.464376649488482,26.867273273203843,6.5552172826526025,28.49304855063992,37.84541511637582,0.8285173889198517
144,29.710142955445107,29.48133949100176,27.690576850484142,27.40891650984768,7.765914989481686,28.91563816877585,37.847602176285314,0.8137459220840207
145,29.844100744296462,29.508182035473393,28.05791312869513,27.183574358219957,17.547327812597842,28.905141638209905,37.98318177523404,0.8139081030937574
146,30.032907019565585,29.666581790595924,27.754801127810776,27.338564726152615,-20.210757709071842,28.90900072568388,37.99498615317177,0.7962079133606187
147,30.318775744941817,29.87814921286104,28.152824810011946,27.74691894845913,11.180082432681836,29.294713616988652,38.1994612924896,0.7880685547547787
148,30.44423459216521,30.015449845075604,28.009168788816034,27.754868886602672,-8.913129134631191,29.229336306895426,38.18611415346107,0.774187956129586
149,30.539049239449767,30.367125665063398,28.99308984349113,28.641026261375394,20.73316333216999,29.83416457390952,38.134391482452656,0.7595342243002887
150,30.721761880064257,30.36828361756221,28.779459821236866,27.847880994153186,20.576280370012665,29.645798842351965,38.096257012324855,0.7374495132260597
151,30.82737023779962,30.581524922279765,29.148411054576414,28.05295106851978,13.576746748890969,29.993007835744223,38.084462284704585,0.7257092046904965
152,30.923644821328573,30.737607783933914,28.989439149445065,28.516782703810605,14.922823525518012,30.003060827403722,38.06246086727494,0.7138816045946371
153,31.209046442351976,30.773800503012737,29.344909573679065,28.95168272403822,16.7359106745971,30.195625441871087,37.97441122599337,0.6765364783641393
154,31.36144393434494,31.106866370116542,29.70331918489696,29.124447167398394,20.685396086829115,30.750093215674454,37.989341551428815,0.6627897617083874
155,31.54738382836275,31.243434716226485,29.793102378023026,29.52614875596297,3.4430060346678033,30.706944074034233,38.00786865522384,0.6460484826861088
156,31.61551601194849,31.4289616212781,29.88622682152248,29.355186304902283,13.216357072149567,31.001641146118175,38.00140404496396,0.6385888033015472
157,31.751429931863505,31.50087267622495,30.010764453485546,29.672110645515595,18.726572789846152,31.04104615593052,37.99018799911358,0.6238758067250076
158,31.829923156225405,31.5088271483,30.039358359102547,29.10911383415337,15.88988648384418,31.027672747630874,38.032889753039086,0.6202966596813683
159,31.86185017544362,31.668711243413597,30.02732012936285,29.669032627602476,16.521810407540414,31.15965703900482,37.991944882754176,0.6130094707310553
160,31.9307813448897,31.70660488610544,30.241945678036565,29.552521101276163,19.02849979068187,30.98118176988058,38.64610154952641,0.6715320204636714
161,32.079647491225494,31.817183770002426,30.189793504695906,29.360239325386104,20.46515595414737,31.112688386549888,38.68782262151837,0.6608175130292876
162,32.36080540845292,31.88331984364071,30.425016185777817,29.429157905860812,17.60921972494031,31.217040004774226,39.227209374966684,0.6866403966513767
163,32.54492046593188,32.200978026493424,30.66098681912608,29.78736903223912,20.330240154157764,31.63954090745896,39.19563858512716,0.6650718119195284
164,32.618303034070806,32.418047903157245,30.939927986931067,30.04440901179504,17.821734342270055,31.794486529016844,39.19837820226899,0.6580075168198185
165,32.693368968572514,32.433180788333175,30.791208327250295,30.51406773103023,15.208270042657926,32.01751850905326,39.21112130067614,0.6517752332103626
166,32.746550766250195,32.43616769230848,30.820260659862214,29.926628521469347,18.864748223923026,31.681030851381102,39.2039366367152,0.6457385870465007
167,32.820973450791925,32.524897373049605,30.61954201011354,29.78477220392203,20.27032183061578,31.536361834159106,39.133626442256634,0.6312652991464712
168,32.928193336647254,32.740413096801326,31.075936800978386,30.24535563592456,20.50058585022054,32.229047173814905,39.132088927950385,0.6203895591303129
169,33.11634032520413,32.821355384287784,31.09492848073009,30.249022949021708,17.803842295515665,32.02083938997177,39.14456441039236,0.6028224085188236
170,33.21008259309282,32.94007017419902,31.11070450444251,30.58232718944707,1.8445711557959186,32.34996329707184,39.03034725242476,0.5820264659331941
171,33.290738868400105,33.05866335893178,31.52939382749674,31.05730350290997,21.02401501642324,32.391468329177265,39.05718142080232,0.5766442552402217
172,33.30647787201061,32.95445547486707,31.50708016776709,30.416784728266858,22.925678741637995,32.427018546232915,39.21461559512106,0.5908137723110449
173,33.45541861808582,33.12135790328006,31.60684362437271,31.390636032739472,19.499311558434933,32.576808653905005,39.22299603721078,0.5767577419124957
174,33.45349106880674,33.187132138641374,31.470772210752866,30.52612212489901,19.326419291495203,32.51527301911542,39.2210684879317,0.576757741912496
175,33.45032793245356,33.12262436306437,31.372444205143605,30.82038571772612,13.14626491285027,32.373252264847636,39.21790535157852,0.576757741912496
176,33.5339429027209,33.204401968769325,31.787160833530937,31.22894427514722,20.438314049045022,32.59627565056596,39.5502616687751,0.6016318766054201
177,33.611230564755616,33.26698905722478,31.707842883367277,31.188289710880987,21.38804068623194,32.63235104912485,39.5638278801982,0.5952597315442579
178,33.808841758851585,33.47370864051447,32.04449610581763,31.240464563373045,18.781784842639397,32.669970335818846,39.54111710675462,0.5732275347903033
179,33.95918889570069,33.57715892481778,32.2541495262498,31.485562984491104,21.337840701809963,33.03412313073384,39.22389688057896,0.5264707984878269
180,34.16952967844819,33.85258003414176,32.42518652480915,31.730643405499826,20.607218909462162,33.287016593545644,39.520984495924864,0.5351454817476672
181,34.23080414013072,34.02070293516289,32.21369089498007,31.37121961962579,12.748598744270119,33.168667865274855,39.52157110205767,0.5290766961926948
182,34.280396728713896,34.11173728581572,32.163834130198246,31.09524768068997,9.017584461025336,33.11481429507204,39.53246746391656,0.5252070735202664
183,34.295744992348766,33.99080824666865,32.351082094253194,31.5055045119352,18.86789388697005,33.22184820932408,39.48577997798373,0.5190034985634968
184,34.340247917834866,34.17864249533211,32.40598919251666,31.950736925210045,-0.07837311540158254,33.811032927160085,39.50347129715504,0.516322337932017
185,34.43631041295611,34.11028023889652,32.19147370496298,31.799093080429905,-0.17480087623994223,33.33105793959821,39.50054321974537,0.5064232806789257
186,34.45857968183138,34.28221926024675,32.77743090411084,31.938740919257604,23.59694129075562,33.71810322532821,39.46964830419156,0.5011068622360181
187,34.51545231117893,34.386433865485145,32.67773745568984,31.79998479187527,13.19417405300555,33.815651538774176,39.494898156937424,0.49794458457584945
188,34.644607032407855,34.41553663167537,31.969496689662144,32.00294553662972,0.28988144820387873,33.75111018484145,39.42284083668882,0.47782338042809686
189,34.724954076207815,34.54118228780856,32.66711332210217,32.21957695516321,-1.831702616933697,33.960600975114545,39.53718849420629,0.4812234417998475
190,34.83424325679411,34.62112617268179,32.910617606794276,32.2145605651452,20.01300410485831,33.93212784761193,39.49580957303753,0.46615663162434223
191,34.961044749178946,34.70827921959346,33.11370394482361,32.25655745912338,20.796449424206063,34.215720863186576,39.48491540068879,0.4523870651509847
192,35.035231027895314,34.79693249627814,32.88798758048247,32.73265821963822,-14.188630527634956,34.025536257354204,39.49709994953456,0.4461868921639243
193,35.09631016374246,34.835640722569444,33.0803752474371,32.44977924825133,22.00900121760443,34.13200322990215,39.52238761494532,0.4426077451202865
194,35.101467957576176,34.795060796588395,33.24369458371474,32.78692531399388,22.968739025098603,34.20004545440106,39.717665335413834,0.4616197377837656
195,35.14883884214006,34.928002583947915,33.47465077431824,32.433410925066504,25.304866420860797,34.51516847034106,39.74265723777143,0.45938183956313766
196,35.20094306782532,34.916659636816135,33.03919735071772,31.86897442032865,10.996452816264906,34.21732600606158,39.72181838163502,0.4520875313809698
197,35.23827367840072,34.99204297420606,33.203847979608355,32.49272423870858,21.85848789505608,34.26390941694553,39.568489662214255,0.4330215983813542
198,35.277510929133655,35.07869891670887,33.72597350755387,33.40405739865662,24.64335543625969,34.47254508889036,39.58811225881156,0.4310601329677906
199,35.365281168803534,35.000547944485916,33.68013814672623,32.90799407387371,26.664455755324752,34.35564049741514,39.56608396445399,0.4200802795650453
200,35.450157371046984,35.28071173166994,33.599474579462935,32.8871427918195,21.16702040533807,34.86746122923965,39.578670831510586,0.4128513460463601
201,35.57788505794042,35.332399617530335,33.70945837258731,32.919362626947105,19.156359476300313,34.819597945585485,39.57485492865676,0.39969698707163454
202,35.63904545649482,35.302185199422574,33.57290202753575,32.76015394495489,19.435641537994723,34.59674500036814,39.59443476648649,0.39553893099916737
203,35.71482267459946,35.46507873848723,33.996567273099025,33.423802420651306,23.964938753457158,34.7997657781353,39.601791085319554,0.388696841072009
204,35.70964817340657,35.479676723975565,33.94923344692398,33.24502767793621,22.469021994317053,34.77792635387126,39.59661658412666,0.3886968410720088
205,35.74549434331089,35.56382550583162,34.13039540790255,33.355257727415555,23.05336025349752,35.11177180764738,39.605063442274776,0.3859569098963891
206,35.79485601515254,35.537759115919755,33.929642212592455,33.20916135834012,19.781301963323237,34.88242187828345,39.567936630127036,0.37730806149744983
207,35.943059885304066,35.63838924123127,34.21026018468961,33.865010345224924,20.315743161677695,35.265798500196524,39.84870270912809,0.3905642823824027
208,36.06418393084024,35.66458655305727,34.02599287010255,33.02361288922511,23.315177638925267,35.02118664214617,40.01646702871738,0.39522830978771445
209,36.100631508410125,35.86336482389789,34.34258635282145,33.997838688241586,20.858111717615785,35.268210625160606,40.01648565646463,0.39158541480545067
210,36.150557456583,35.93759405973448,34.77507593524578,34.27201770088686,19.962083177906372,35.44803631947265,40.06815684754489,0.39175993909618867
211,36.17605800031049,35.95895510420265,34.54608383436169,33.8146782727931,25.35090524709362,35.51417449529143,40.07043427159818,0.3894376271287694
212,36.20809604866633,35.9785514747327,34.08856646204456,34.15796394492889,10.815927880858563,35.37346290665222,40.10038028317974,0.38922842345134145
213,36.24364312469286,35.978450540486975,34.34218054868921,33.498218914563346,22.403243921117195,35.119816325420956,40.11464431999864,0.38710011953057794
214,36.27331297831626,36.02842420221174,34.16717466468959,33.2960369441612,17.75590201069236,35.11375063569731,40.103077825841915,0.38297648475256524
215,36.34844672477239,36.12789866323746,34.514895411940124,34.136656789152056,16.826171611799726,35.48186625490699,40.14612636191919,0.37976796371467986
216,36.44930222463552,36.20723743622389,34.74511219882885,33.78997063559918,26.607327209228696,35.523156531691114,40.22055536826824,0.37712531436327235
217,36.51259093503112,36.29728544343166,34.614162248084384,33.935573712621334,3.970694107346553,35.58112122732659,40.20767363470322,0.36950826996720976
218,36.872974168220125,36.35796917986763,34.92908971929802,34.19532288254611,19.100273554648265,35.744453677070204,41.47692051946597,0.4603946351245843
219,36.90435570277367,36.74651082652752,34.82832604868319,34.35152690561564,14.834128681330025,36.10886426664441,41.5170255114005,0.461266980862683
220,37.06996251635793,36.60932238220249,35.03213681474403,34.77789958250355,20.147391114045085,36.02502950443652,41.27581371407787,0.420585119771994
221,37.1649038677182,36.9865570680508,35.23007490023745,34.438300688853516,20.69745474297769,36.31915374779925,41.27830377786901,0.4113399910150811
222,37.20521251682615,37.00694238589958,35.354210760779715,34.376276992722424,23.885110119160615,36.23665921122583,41.29683592949015,0.40916234126639994
223,37.246086455350486,37.00623844204724,35.34880409622694,34.52140224120952,18.441074283632883,36.2743368853251,41.324465876107205,0.4078379420756721
224,37.24743411150356,37.065617661954185,35.64448497562066,35.18375085469677,19.053117944770356,36.455274793875674,41.29994408933146,0.4052509977827905
225,37.32457039629997,36.9756323273036,35.348665006711116,34.45864259053657,20.32647232287885,36.4263669251219,41.29894454401449,0.3974374147714524
226,37.39843087502553,37.0932088649295,35.5535254335627,34.719799595930226,25.470034239853362,36.34133432238535,41.32522267497742,0.3926791799951885
227,37.44852986882992,37.26581257780733,35.4799725717348,34.78632038170583,17.557166085895037,36.6356365082442,41.33078669944399,0.38822568306140715
228,37.47941957877029,37.25035791403554,35.617190418740165,34.93509540987566,19.34954563095675,36.76227361351397,41.31749374300937,0.383807416423908
229,37.52249037777853,37.34254685880102,35.31943287138697,34.55611663477222,-9.483073506390276,36.620061900415855,41.33003299899352,0.3807542621214987
230,37.55068459041074,37.36097327120193,35.8249815750959,35.33205460802024,24.806734212878954,36.900164417352514,41.358227211625724,0.3807542621214987
231,37.55654403300874,37.288141782087564,35.65629197231634,34.79091078420858,26.500216129430445,36.734872417820995,41.392311251669135,0.38357672186603964
232,37.59781061923662,37.4358296222749,36.03112158540647,35.78007577059835,21.667071528708984,36.86289591455921,41.41781126806817,0.38200006488315547
233,37.615283171856746,37.34187714954856,35.78972706199842,35.32949135477431,23.551580268108232,36.8357096317926,41.39231819126509,0.3777035019408343
234,37.62748118077354,37.47591592910475,35.82179271815909,34.667836193204636,26.007943938544457,36.706754955758726,41.40451620018189,0.37770350194083474
235,37.64914449403861,37.38936191304919,35.758205701704206,35.09627974532244,24.609415021762356,36.77424042741363,41.426179513446954,0.37770350194083446
236,37.667856037451905,37.46810857339379,35.60729711106629,34.74490758337381,20.249407901909894,36.78654484687239,41.37017394589546,0.3702317908443556
237,37.72377976042396,37.46416971906023,35.955739070759044,35.47651578906294,12.474968991242097,36.773939098847976,41.42609766886751,0.37023179084435553
238,37.72037043088839,37.398671525292634,35.68085261036669,34.690690567847525,25.98498757496037,36.5544680659301,41.38137653720825,0.366100610631986
239,37.76709736459017,37.56717852526058,36.37487970824211,35.655156813444584,31.496461128108734,36.98473204566461,41.42810347091003,0.3661006106319861
240,37.762921093937756,37.638433359532996,35.48253389648656,34.53564065320425,16.289712348262725,36.95835732469254,41.411502212067084,0.36485811181293276
241,37.84048757584626,37.63553773214844,36.25881910232321,35.59822799509423,24.16659057439499,37.01591713327629,41.46108152351017,0.3620593947663908
242,37.95565949223738,37.700549552250756,35.98479471452773,35.13426859569627,20.501898636465853,37.04396788132628,41.448540951028775,0.3492881458791396
243,37.9784412558775,37.79436906397608,35.98586170923377,35.43547392797197,26.072319993148675,37.166179878275344,41.471322714668894,0.3492881458791397
244,38.01712084601125,37.71737849753191,36.13484886730198,35.30480592578343,23.902059279768373,37.15383121115969,41.482822524983774,0.3465701678972518
245,38.01180453648914,37.811932887437756,35.969084529333664,35.25427002065102,24.635172805694555,37.08877768549143,41.46786081351686,0.3456056277027719
246,38.02765948682914,37.830936542519645,36.25534423340962,35.67543383098589,28.28588634189633,37.28121570212538,41.48371576385686,0.3456056277027718
247,38.023185433346114,37.80454495256626,36.103478458578365,35.398251526247805,23.863821077909947,36.96404901802717,41.46382180824651,0.344063637490039
248,38.05133056072785,37.8728682605454,36.123265745278175,35.53416881256901,24.84556112482726,37.25429809222976,41.491966935628234,0.3440636374900387
249,38.03749323288409,37.942925303052505,36.37563236444412,35.60126485747695,26.991569752396895,37.39426502121886,41.46146756762087,0.342397433473678
250,38.06689348847344,37.87432189059712,36.23865182041299,35.751707179739675,18.778054947552565,37.35145186418063,41.529755885160746,0.34628623966873084
251,38.080076812042286,37.99822974783236,36.723255426073834,36.260510158459056,27.119877004312578,37.46811062906758,41.55579236387147,0.3475715551829185
252,38.08251353817117,37.86974445058602,36.81896657766359,36.18776445893723,33.07338167286052,37.2572860488661,41.55822909000035,0.34757155518291855
253,38.079390248415116,37.9003394095833,35.64529185117753,35.017732019256385,14.473491392901764,37.27713547257059,41.546788162533275,0.34673979141181566
254,38.11692447680525,37.77485864766048,36.166582641885505,35.549344629446956,14.025392831589631,36.86857758492979,41.54058701567066,0.3423662538865411
255,38.130117604825344,37.801420736873105,35.855492350455705,35.6897214441486,10.909523457578402,37.03166646326314,41.527859210175585,0.33977416053502446
256,38.15680432009381,37.94121342548637,36.44462481303476,35.98433088119028,23.651203411504785,37.408177725402595,41.52147770907163,0.33646733889778196
257,38.19962014744429,37.929565477584866,36.383586834461205,35.70757199695878,25.579309320029935,37.02477290196697,41.564293536422106,0.33646733889778163
258,38.22319575480016,37.987231534026755,36.225758593065,35.11778021542116,27.811814234811294,37.0365843355727,41.52462359057461,0.33014278357744514
259,38.27203142832828,37.98279447733971,36.266434339984094,35.532711040249225,19.085053269361914,37.39966573832267,41.58134143987904,0.3309310011550755
260,38.34180979773582,38.05050252890913,36.542213058195216,35.98626454454179,19.814338154152168,37.523383049040746,41.59040715846343,0.3248597360727609
261,38.40218556467281,38.04155045508978,36.45887461612216,36.34780546294775,14.822538496022126,37.597859621640936,41.651163114796745,0.32489775501239293
262,38.424941017384384,38.2212994762785,36.6614924465845,35.83636934462454,20.030907786157073,37.57125798191932,41.673918567508316,0.3248977550123932
263,38.4371068328319,38.265829145830345,36.81133014707258,36.33353013560296,22.46203202279348,37.61763252181194,41.65143867091348,0.32143318380815733
264,38.45336469798598,38.29363195316323,36.72362480142271,36.18273593712084,24.22047585414012,37.69762811632837,41.661706406122796,0.3208341708136814
265,38.47191599019726,38.31689779389745,36.751728305552184,36.04171294549225,25.14360451978873,37.58483657036811,41.680257698334074,0.32083417081368176
266,38.46347817610751,38.272667060106926,36.65350852484882,35.5349565251737,28.57963514407914,37.51280338875046,41.67181988424432,0.32083417081368154
267,38.48080763463765,38.25597860353505,36.854741753654054,36.0903024736041,29.778689337084813,37.59731456107383,41.65267151131415,0.31718638766765045
268,38.52647056827918,38.3016386575187,36.92657088610486,36.42232681267152,28.02247328001006,37.65948789971661,41.57467731330559,0.30482067450264133
269,38.608107184184526,38.32777546848059,36.759351254730646,36.08863400565208,29.345348788722383,37.56382276079008,41.77535030490287,0.31672431207183493
270,38.63281042790545,38.40644811160107,36.74766408991036,36.163386382222654,22.133274923035543,37.782078960764835,41.800053548623794,0.3167243120718346
271,38.61316147405995,38.38098490758037,36.70555668801919,35.77289480518838,25.208545629922423,37.62058194450966,41.84008130466077,0.32269198306008173
272,38.61770615816018,38.37503358644966,36.78518199867851,35.90615271823783,18.770070976179067,37.62682833435571,41.818598773512896,0.3200892615352712
273,38.76773026716693,38.47906797309683,37.076418026041566,36.74131632387115,26.642697020185818,37.952000608734124,41.83675633702962,0.306902606986269
274,38.77174175332957,38.560580535089095,37.19345110487528,36.35936582324697,28.89470237229989,38.08011948386124,41.84076782319226,0.306902606986269
275,38.77351472281256,38.61370047596705,37.402666895538225,37.00054536504107,29.889746495992274,38.11299785589844,41.831633567408275,0.30581188445957197
276,38.80011706176272,38.550053904768504,36.839245110008406,36.06185265897257,26.078315573026664,37.61744969324991,41.859616290623045,0.3059499228860323
277,38.79100494947892,38.62146202639249,37.044005571833466,36.1655049880271,22.63560406636136,37.97512955473413,41.85050417833924,0.30594992288603223
278,38.80370051426093,38.557703344190315,36.550711615578194,36.12766911419671,-14.641945649775167,37.79516662683386,41.84468654830767,0.30409860340467365
279,38.82919308055936,38.569065224943685,36.86290404251605,36.15883164056342,22.916975757149917,37.79450540340868,41.87017911460609,0.30409860340467326
280,39.035881919819076,38.62591576351681,36.858347133660544,36.01521639963522,13.433720561464753,37.88165895996093,42.07221267138566,0.30363307515665816
281,39.08430654922512,38.87015147775975,37.65868480976628,37.133478090033755,29.398938710992034,38.433073904507836,42.071146962742766,0.29868404135176474
282,39.0993795209515,38.849587888395554,37.13687075710108,36.46577276572967,24.566328370025225,38.1359775220262,42.08789483470911,0.2988515313757606
283,39.096053894978404,38.908163729805146,37.13670714492941,36.18660302536641,26.371718011980064,38.43853548543086,42.084995788254815,0.2988941893276409
284,39.08853428698655,38.85714982751082,37.14065864892727,36.617455991180734,18.574357805081448,38.03807194568388,42.07747618026296,0.2988941893276411
285,39.114305765601856,38.851814151956496,37.68280026590219,36.91836406988609,30.9987262365239,38.4219124439592,42.070777239221464,0.2956471473619606
286,39.161501836905025,38.902732286710254,37.38096894107992,36.82837710278561,25.484015585138472,38.01789513776511,42.10202280015664,0.29405209632516155
287,39.17526799710738,39.036193881577454,37.653300066339355,37.232402514744095,28.263177373575747,38.43077930114279,42.115788960359,0.29405209632516177
288,39.159207226228794,38.88474623183437,37.28471065891028,36.34223228791601,27.169132411448942,38.2466694503169,42.033736179465194,0.2874528953236399
289,39.25057843991302,38.93820443104239,37.6065507494325,36.73553480444457,26.930046470506156,38.41006231502793,42.02196428607248,0.2771385846159461
290,39.272673848285535,38.97591452456793,37.62772356607466,36.81681426234242,28.131152391672437,38.25211332886101,42.044059694445,0.27713858461594604
291,39.29015743057923,39.111635398806406,37.4587067303497,36.90649821046187,15.085063677341186,38.36047968789554,42.02210140200843,0.27319439714291993
292,39.32148927440352,39.036808559591115,37.617664532617624,36.98860289746635,28.413010187626128,38.539027349395404,42.054461617996125,0.27329723435926057
293,39.336531806519496,39.1651524570107,37.32515736366982,36.74950754768709,14.948029789868755,38.38246257097063,42.031235800253654,0.2694703993734159
294,39.33122054163128,39.11189454780765,37.49251461124719,36.449164263733074,28.38032582625156,38.408245067716365,42.02592453536544,0.26947039937341577
295,39.35165970344953,39.09737414665113,37.32197566459871,36.32096212540165,27.326549797093207,38.275363746566136,42.05585174626139,0.27041920428118615
296,39.38618177515745,39.22512736310588,37.538105175382164,37.20954004053221,5.365622581017355,38.56178157198066,42.039183480909585,0.265300170575213
297,39.429036632684976,39.15303112779802,37.42069544726921,36.72925124294833,18.219756415646753,38.313630001686654,42.0728000336122,0.26437634009272204
298,39.50000560358147,39.16548457998748,37.80890405838206,36.97713359439267,26.92162769780226,38.63588806440321,42.0483894919145,0.2548383888333031
299,39.54877212499741,39.34967763316599,37.97435298448738,37.34262073924978,24.344312320035684,38.75483126824027,42.07587404367039,0.25271019186729754
300,39.537256176765815,39.293209303684975,37.354552870420626,36.50705120239173,25.074196128047035,38.54402572403255,42.06435809543879,0.25271019186729743
301,39.56796496829727,39.241608485503086,37.78405798779571,37.1778448207175,21.655830001015755,38.72865489620531,42.061296119823496,0.24933311515262296
302,39.574342557222074,39.45025260325119,37.81974773492833,37.50364254517098,14.687348185909066,38.96055835677462,42.0676737087483,0.24933311515262294
303,39.600091017986635,39.27219213451873,37.29133037451886,36.67057291531694,16.744399314039626,38.35371477398871,42.08977866236455,0.2489687644377914
304,39.62498596022563,39.49105875204194,37.644526950493464,37.18240285166672,13.686585957247228,38.842702232344095,42.1375294039977,0.2512543443772078
305,39.64868538395204,39.418524322839424,37.60295414340881,37.3000624869382,20.546608990448284,38.77797266568487,42.15698602774607,0.25083006437940264
306,39.6582118623576,39.499551776980894,37.95839886920956,37.30424635712679,23.77028775490221,38.69742741707914,42.163261661925056,0.250504979956746
307,39.669082073177975,39.35916580503799,37.656162202321866,36.63112985252276,27.72502983247498,38.50766156525311,42.154188497960455,0.2485106424782481
308,39.67945761164324,39.38227598475393,37.868704662976214,37.129694974620364,29.973847979803644,38.77406866673326,42.24926991612765,0.25698123044844184
309,39.69213949751892,39.44781721473902,37.76797486854015,36.855903651339,20.14893546229252,38.53764979013929,42.26195180200334,0.2569812304484418
310,39.68209997696764,39.419785270052934,37.74685275194999,36.958051890406175,25.538355292383674,38.68133192836251,42.25191228145206,0.25698123044844173
311,39.67169565602588,39.482139922876456,37.06384815556942,36.61887851531671,14.824122798753827,38.704665818767054,42.2151979771828,0.2543502321156914
312,39.728301838740244,39.56757941358315,38.10451669530795,37.53054098611557,28.91502078587738,38.872326091421385,42.33823069615086,0.2609928857410617
313,39.75985607132758,39.59192175476236,38.28893150646314,37.79979790210186,27.598481207289232,39.08481672235945,42.369784928738206,0.26099288574106194
314,39.76792759726508,39.546840971319014,37.51443732275864,36.452576158480014,22.465317660576815,38.820669900945816,42.377856454675694,0.26099288574106183
315,39.770764086312454,39.573512614164855,38.04345870446013,37.210385022373295,26.08467127698983,38.93002396187354,42.36979525956327,0.2599031173250811
316,39.80525515194042,39.578924664451904,37.98368194176542,37.4243600629972,13.75513150049946,39.007658765257005,42.336690091650105,0.25314349397096825
317,39.81156642917435,39.6061693089671,37.64087767910388,36.314065459485974,19.23513482672908,38.54719499925882,42.34300136888403,0.25314349397096825
318,39.81668403191841,39.60132816840711,37.90594196806726,37.09763310883352,20.910791955328616,38.64107209735769,42.3481189716281,0.2531434939709682
319,39.818898053722286,39.62657637820519,38.263119823704564,37.499508761380376,28.508213407185657,38.99508640266573,42.319988142489336,0.2501090088767051
320,39.83518858215223,39.682918664645854,38.09620375515357,37.40246932267303,16.960184926590603,39.25476153698631,42.33627867091928,0.25010900887670506
321,39.83872817503925,39.69086934117008,37.71637326555152,36.77813776552926,23.37536916652214,38.86730376322335,42.3398182638063,0.25010900887670506
322,39.83783073576894,39.63007642591659,37.87713870652384,37.532278551113066,22.767079592109653,38.97341244066804,42.33892082453599,0.2501090088767052
323,39.826097583642365,39.7254600885608,37.75188247490225,37.21147994076131,-1.9471582247897246,39.02562857445503,42.31433451726753,0.24882369336251708
324,39.84481593900431,39.70305286338034,38.11232786754778,37.31188218304262,13.693408910167324,39.06269851245377,42.33305287262949,0.2488236933625172
325,39.83486779812814,39.642136900864536,38.268965315836944,37.2951773918035,28.8012287224077,39.11106397888747,42.34172952392516,0.2506861725797022
326,39.81998646029717,39.62163617990954,38.34804390837376,37.83913374445926,30.246197552220085,39.0163723988258,42.278592542952275,0.24586060826551015
327,39.85238832279184,39.606837005570405,38.326964869614045,37.85203479960971,26.37753768043818,39.034548435589194,42.31099440544694,0.24586060826551048
328,39.8609255150363,39.65499789754287,37.897411365719805,37.019831460446326,27.865955096865306,38.67124235837056,42.3195315976914,0.24586060826551023
329,39.85230994929794,39.71181190355718,38.044344905612256,37.82617232645605,8.139859476671674,39.09284714881687,42.31091603195304,0.24586060826551034
330,39.87877358890469,39.590167479215054,38.32644495098067,37.56636684113444,29.38240327519635,38.91127716572143,42.309898028477626,0.24311244395729315
331,39.89038079372232,39.74046495285868,38.1699720120158,37.5042531826587,27.952860572626367,39.0602960851093,42.28851815172308,0.2398137358000761
332,39.96141678648421,39.766630833801266,37.89819333087958,37.234883631633096,18.3425576449615,38.96882691443743,42.301730388239825,0.23403136017556175
333,39.96664334547145,39.80100709192094,38.0688872512085,37.14316765247127,20.301172781151816,39.179930226244764,42.306956947227064,0.23403136017556156
334,39.97299227107469,39.61876625743664,37.80170097008983,36.57367227384682,28.895203423937254,38.484593747710385,42.313305872830306,0.2340313601755618
335,39.96658065981337,39.70427826962702,37.942014194967456,37.279543457183536,13.78304607803189,38.793038584207295,42.306894261568985,0.2340313601755618
336,39.97779332694731,39.67244696413569,37.75614795112092,37.256623350247786,-12.820049140202386,38.92243753616121,42.28648415210124,0.23086908251539337
337,40.013874785259986,39.82051918539989,38.014088709435725,37.443137814320735,26.2035782924782,39.29390931619801,42.32256561041392,0.23086908251539345
338,40.01885031470729,39.73404924321412,38.141085922247946,37.5798282141116,24.891209671116485,39.03195319072098,42.319597857513976,0.23007475428066926
339,40.01532262636452,39.90235064492365,37.88360143891693,36.96995072137268,20.916295681833795,39.06055066980662,42.31607016917121,0.23007475428066923
340,40.088308526760166,39.876383892405116,38.31862349425018,38.22500980353239,28.76920565927554,39.17963820713858,42.34106526838398,0.22527567416238106
341,40.092651467900964,39.864608414731016,38.3871024524075,37.713985259846766,31.182525466134713,39.3047813016194,42.384547145127854,0.22918956772268892
342,40.09223614155062,39.653278724846864,37.96625445404419,37.34323796577703,25.682464116930458,38.765180182304874,42.38413181877751,0.2291895677226889
343,40.0821160499594,39.80568870996102,38.130997338829154,37.22534569037978,19.511293549258667,38.902903598684915,42.37401172718629,0.229189567722689
344,40.09847861814216,39.87617999560441,38.45357991204259,37.688144774912246,31.15793457524976,39.07876835594756,42.3722435858888,0.22737649677466434
345,40.10754462793864,39.87076558147524,38.84304959764076,38.40670223174085,34.09146499113753,39.36559031129613,42.38130959568528,0.22737649677466437
346,40.248884827938,39.8920550712095,38.521378076545346,37.775971659505274,29.79582178630941,39.15418498053933,42.517801148084466,0.22689163201464674
347,40.29661934155619,40.097784185854756,38.308699248419025,37.26541581720881,28.403662407003445,38.994582977670945,42.565535661702654,0.22689163201464685
348,40.30513090619802,40.078338830352905,38.60385072452423,37.815764771839994,31.511796114318326,39.45715892926912,42.57404722634449,0.22689163201464677
349,40.293708588998165,39.91373565598149,38.181054501228154,37.45805528140157,15.528638238195697,39.05490183146978,42.56262490914463,0.22689163201464668
350,40.30589995614586,40.0861941957066,38.26198110811954,38.06455664833637,-9.430358780379478,39.45911328944531,42.57340998521974,0.22675100290738856
351,40.319266137609794,39.74511249032938,38.132014690969406,37.37331109419102,25.027934655612114,39.21596921723031,42.79868171522452,0.24794155776147217
352,40.33283107313506,40.160063034735614,37.91951659852608,36.90583338757103,0.2491522907803443,39.40769620905455,42.812246650749785,0.24794155776147217
353,40.32779733815136,40.13452660101532,38.534297308836706,37.6240695861429,27.948802047301083,39.31722386088861,42.82672568283036,0.24989283446789912
354,40.31034940547696,40.05505666750705,38.48259906169266,37.226645086561334,30.582330733460342,39.06575645761385,42.792344915186014,0.2481995509709053
355,40.310762872839696,40.14314935000002,38.37123066556531,37.47480434705591,19.249051940071997,39.59774324066154,42.79275838254875,0.2481995509709053
356,40.35557611985323,40.15704298674568,38.5013711423912,38.00353112254116,26.483056350515977,39.58119265489627,42.780613188921826,0.2425037069068594
357,40.374271641251944,40.18221846420133,38.114725288648835,37.60485694201232,26.10670656510414,39.24548306845507,42.79930871032054,0.24250370690685938
358,40.37055212486555,40.144785103952024,37.99549628568464,37.32262433578698,6.31031416566087,39.023331689474915,42.79558919393414,0.24250370690685946
359,40.371734709822896,40.114065794912314,38.68995339997466,37.512970953263974,32.956647524991126,39.57873968665238,42.79677177889149,0.24250370690685932
360,40.367886317749765,40.12629857197638,38.2885007374768,37.42401971189977,16.05765921248487,39.460794205738004,42.79292338681836,0.2425037069068594
361,40.35543978606108,40.033003566997664,38.15743007982638,37.285777632375584,21.01110424207117,39.30408075724605,42.78047685512968,0.24250370690685938
362,40.43485051076674,40.170302219149164,38.249329222961734,37.78869333885243,20.789753899930105,39.44408379482981,42.764291783653526,0.23294412728867825
363,40.474868165373984,40.28406227526637,38.807257232987794,38.09259978401997,29.317651883495458,39.72510745233802,42.81527267232841,0.23404045069544274
364,40.45003390396975,39.90593392287468,38.162857111190824,37.12720054958253,26.387750342471826,39.164875779901195,42.790438410924175,0.23404045069544274
365,40.468161215637664,40.218288308421194,37.893128068117456,37.008202739939115,-8.235772936606857,39.13113225024563,42.80856572259209,0.23404045069544277
366,40.46080589715029,40.2955373758316,38.56804752652152,38.188996402596196,16.731715378609653,39.64062753954993,42.80198792536296,0.23411820282126733
367,40.45761843023275,40.184069712501596,38.70624059263114,38.07135286087504,28.022979671906807,39.44150122847025,42.79880045844542,0.2341182028212674
368,40.44697426669087,40.05793711827972,38.17803978450327,37.0062504282995,24.75380751424528,39.06790803523566,42.77077828661605,0.2323804019925179
369,40.47640151339749,40.16890547490365,38.635986858764376,37.999080486646264,30.29283531585906,39.27376784000168,42.732246363003895,0.22558448496064032
370,40.474215191328824,40.29135119708699,38.7666907698659,38.192328409734046,28.319101046570072,39.61864364147148,42.73006004093523,0.22558448496064049
371,40.486713549533405,40.22652910818921,38.25947420286974,37.02121552232177,15.997648180207541,39.438507315308925,42.73236965485208,0.2245656105318674
372,40.496231444974846,40.23727952956379,38.48878588717506,37.58642171341904,28.927436000196963,39.36657286060361,42.74188755029352,0.2245656105318674
373,40.48701595497974,40.33730434629023,38.35906935374603,38.20717742103968,23.024432132107755,39.702146350693695,42.73267206029841,0.22456561053186744
374,40.51164991274817,40.264957990553036,38.489043664537014,37.6712274570338,7.912350776416119,39.74109506706776,42.75730601806684,0.2245656105318674
375,40.48632029756427,40.238855148469234,39.035064491494616,38.55542612531536,15.633887402716834,39.69183934558856,42.73197640288294,0.2245656105318674
376,40.50614677756027,40.23228927332457,38.706955321888394,38.13948341397017,28.383566117117216,39.33635769558539,42.75180288287894,0.2245656105318676
377,40.4831122079123,40.307862368465216,38.37448799002767,37.18613828207177,27.209618272256392,39.55522747019899,42.72913984846007,0.2246027640547772
378,40.49615598210589,40.233224977018054,38.38686106118667,36.9513126162025,26.398460610190448,39.28832513639823,42.74218362265366,0.2246027640547773
379,40.491568769161894,40.29644883637836,38.62018379746573,38.02916642155979,20.656375356888375,39.643360245407465,42.735408648085716,0.22438398789238226
380,40.50210594908795,40.159285791796854,38.18059942374579,37.714084930394854,-2.5125956640117266,39.44600733672168,42.74594582801177,0.2243839878923821
381,40.49243342400216,40.278495496239536,38.4930003364187,37.63651145425176,26.88267673296084,39.47003594743924,42.73627330292598,0.22438398789238226
382,40.49430739134029,40.203806082096115,38.75015771533281,37.74937487075802,29.61664512897803,39.28464328069957,42.73212167440337,0.22378142830630793
383,40.48909280759461,40.121026347277265,38.53469489368683,37.64264614337511,25.214447322374042,39.237748120128344,42.72690709065769,0.22378142830630782
384,40.50233676146744,40.261179750777,38.43582368349189,37.376976305349494,19.70027268420133,39.39108350565935,42.73242393651847,0.22300871750510332
385,40.50002882338826,40.230994185567724,38.42451496365173,38.18258074045203,19.170149793758313,39.685391456773445,42.730115998439295,0.22300871750510334
386,40.50956561857187,40.3133665062283,38.87845814342628,38.39854456562513,23.946804073197566,39.911749853819416,42.7396527936229,0.22300871750510334
387,40.520913999366954,40.22539862358355,38.679425447493216,37.75162992243227,23.728156033488464,39.43377326722707,42.751001174417986,0.22300871750510326
388,40.50203962077351,40.300069365635345,38.5629479849364,37.422675481116656,30.928757247672714,39.361550125124026,42.73212679582454,0.22300871750510357
389,40.50807888235181,40.34558071597739,38.64037806062746,38.088665000895816,18.099819228996296,39.75242926481221,42.73028789235206,0.2222209010000248
390,40.511813365280915,40.337585319963814,38.92552327400979,38.164876715222576,27.74843420812249,39.742156103952844,42.734022375281164,0.22222090100002473
391,40.524659676711885,40.218040316122384,38.11666934001594,37.39001553641488,22.95822806813626,39.24838361910038,42.74686868671213,0.2222209010000247
392,40.51844485893911,40.10074093691804,38.654178824126845,37.787375314002375,29.842875410564083,39.42984094576232,42.74065386893936,0.22222090100002476
393,40.53081730126942,40.26355401381288,38.48074839764958,37.41674194629313,31.312375984368,39.19068941611678,42.75302631126967,0.2222209010000246
394,40.51798233341364,40.313749792671274,39.14107148902092,38.494516134287466,30.401642526545196,39.78455276517029,42.74111013076598,0.22231277973523383
395,40.51649021014901,40.36694386746261,38.910407542017005,38.11885586374829,30.745463107129304,39.63804811607183,42.73961800750135,0.22231277973523386
396,40.516329236405014,40.30426652384807,38.75836509266508,37.83464448362106,26.883482004642858,39.60749579634192,42.739457033757354,0.22231277973523378
397,40.58630179493763,40.390932537173654,38.62004320256476,37.78835490860338,27.82035918988058,39.51704066182023,42.95621765393564,0.2369915858998003
398,40.680280391616876,40.39533651033422,38.72692609852233,38.14869559142764,10.39019992066546,39.85044389145857,43.05019625061488,0.23699158589980032
399,40.69772072892789,40.341535943382034,38.77243175773216,37.47670231724882,29.238647143424817,39.54517737446854,43.00957180701407,0.2311851078086181
400,40.69207265983184,40.41320686643856,38.40998007269656,37.66089016220414,13.971507136904812,39.77991566780264,42.98994137872528,0.22978687188934407
401,40.74871957349842,40.48049507411945,38.653950382534006,37.943297048405434,11.307043714425483,39.73363213051836,43.011766585769344,0.22630470122709243
402,40.76110142661392,40.54842488868426,39.222614451849935,38.32355412109804,27.7474696457427,40.04438091140186,43.02414843888484,0.22630470122709234
403,40.75069420937511,40.49782124138805,38.59599157336382,37.7769100416185,21.694517383285117,39.77087514643469,43.00247887522349,0.22517846658483745
404,40.771888148730625,40.50144471775756,39.01880284153184,38.53240493444237,26.90032184045668,39.96991300363908,42.937038531503426,0.21651503827727994
405,40.84618966418836,40.489312716912586,38.62698859329438,38.18645713347862,23.0191926045008,39.64919208919268,43.01134004696116,0.21651503827727983
406,40.83549978497439,40.57771733715145,38.946756518833816,38.40525561612597,25.309974493465962,40.05006317415901,43.00822727082173,0.2172727485847339
407,40.842685593272755,40.40899328316439,38.454625461025486,37.20001552610618,9.063673577720266,39.535430216531054,43.02135272013801,0.21786671268652588
408,40.83519519623355,40.56748758863976,38.933333977446814,38.27970566123084,25.695694950198305,39.90487451150244,43.01163612684743,0.21764409306138768
409,40.82940464657844,40.54453615829751,38.70526141581679,38.1940062227177,17.674223228716887,39.833915607983045,43.00584557719232,0.21764409306138796
410,40.83164971661673,40.70657228741189,39.4813541465585,38.56185178657013,32.016525115588735,40.18001722695101,43.00809064723061,0.21764409306138763
411,40.82919916177552,40.626834093574445,39.28161789364532,38.50387272958322,29.26023527894051,40.135697516201375,43.0056400923894,0.21764409306138782
412,40.85085713617517,40.607150041402136,39.01522619671624,38.15338777293036,27.674743306715246,40.01666083112296,43.02729806678905,0.21764409306138766
413,40.84742780599687,40.55084200333503,38.86714636604969,37.55870844574152,31.400576394699705,39.773233655940246,43.01275176431181,0.2165323958314939
414,40.843871339976104,40.526235526738745,38.90768251056309,38.033264977106796,17.52005842705369,39.76255533579688,43.00325565727312,0.21593843172970165
415,40.86671313821442,40.630918440099116,38.68239678954051,38.102787002270674,14.342403934593936,39.90546284841295,42.94924673220176,0.20825335939873335
416,40.919679392775926,40.62512014185509,39.041648922334744,38.321887010820035,26.56901387389708,39.818251206845346,43.00221298676326,0.20825335939873338
417,40.919766525495056,40.5789222159408,38.93811331654971,38.501176746495176,8.722446956053737,39.921075550097115,43.00230011948239,0.2082533593987333
418,40.91338508916446,40.6662725330851,39.03884818412865,37.86631427093545,30.664065628609332,39.57078437838564,42.995918683151785,0.2082533593987331
419,40.911967415024996,40.60664584837533,38.86618192317076,37.710827439607996,22.577128840066855,39.930870336191276,42.99003417309082,0.20780667580658227
420,40.9397505965878,40.49529717678544,39.17653513825638,38.90023462612982,22.20088102746292,39.95070121847739,43.01781735465362,0.20780667580658232
421,40.91763761639535,40.707820198906965,39.06311701947458,38.636658125210744,12.95082236924884,40.00916900385843,42.99570437446118,0.20780667580658221
422,40.914074756206254,40.621798573749764,39.163207099105364,38.4566815812687,26.32554320638748,39.93229244987053,42.99214151427208,0.20780667580658227
423,40.936492148231146,40.79852705467703,38.837821983222796,38.66398288582908,-8.704681554749037,40.07976681249353,43.01455890629697,0.20780667580658224
424,40.930146313233585,40.70375918273424,39.15053851805588,38.530033956225516,27.912810819622912,39.808026715252566,43.00821307129941,0.20780667580658235
425,40.90498937011469,40.74923081248437,38.00145663134699,37.74030300687707,-10.272997347299508,39.7712502447947,42.983056128180515,0.20780667580658221
426,40.92713867288052,40.72229231674056,39.16693953814245,38.314099284705705,31.77098481970109,39.75976615272947,43.00520543094634,0.20780667580658208
427,40.929753749708205,40.619983330357876,39.104568551176925,38.05899344815651,28.246254385835513,39.96839261909297,43.00782050777403,0.20780667580658227
428,40.93164450726041,40.781389468602725,39.351230760660684,38.39138068363527,30.059672314636945,40.179762296197296,43.0146217473026,0.20829772400421906
429,40.94021835108776,40.60732146456867,38.83413932083784,37.675515617003754,23.20946353266206,40.04896241304897,43.029609283354326,0.20893909322665666
430,40.94064228999158,40.70035460333467,39.13569859303067,38.292163619964455,25.314866435236482,39.87291832334091,43.03003322225815,0.20893909322665677
431,40.91515938887518,40.76002150298014,39.179836603741215,38.57487855998734,25.63153922573684,40.22332175898073,43.00511555593738,0.20899561670621997
432,40.905839780485564,40.60138847341711,38.95656579951948,38.169905926361295,26.56680063824075,39.88988180900185,42.99579594754776,0.20899561670621988
433,40.915376691404404,40.613549698930655,38.91087134223609,38.10087409337985,21.390731406204626,39.960010858208264,43.0053328584666,0.20899561670621974
434,40.91835192746104,40.73903142045981,39.22816621991481,38.56590990768687,28.276547225164045,40.03249048158643,42.972814201165,0.20544622737039606
435,40.93345258783399,40.61783623776733,39.15135620052207,38.329198251983385,29.695501292220747,39.792364529704955,42.98791486153795,0.20544622737039614
436,40.93386242524373,40.58320969354938,38.586109783929125,37.313217927773806,21.381293051246015,39.91236697843375,42.98832469894769,0.2054462273703962
437,40.97097643610596,40.429980610579044,38.6143001034881,37.84764867016314,24.983328423125116,39.81751790683771,43.022418758089515,0.205144232198356
438,40.930366952330715,40.643567153986936,38.85642444492792,37.7559755334066,27.223350849898196,39.76104872666528,42.978646996654106,0.2048280044323391
439,40.94652046622983,40.6940180033779,38.94139552867881,38.19386242298639,25.95783059795491,39.90717912894685,42.994484282787205,0.2047963816557375
440,40.94669031930595,40.81131344937125,38.944574380104264,38.442389282856055,18.10782896665387,40.05023500372136,42.99465413586332,0.20479638165573733
441,40.93751335205879,40.663874305707104,38.983590960835414,38.126062209874235,21.33331903705029,39.982377039407794,42.98219968216284,0.2044686330104057
442,40.94738011622159,40.65853721677724,39.201360730279994,38.98211580585264,14.752261208791044,39.941069701276795,42.99196306807595,0.2044582951854356
443,40.94695166442914,40.61139148732881,39.17881692071259,38.399717211346356,25.068532524800506,40.108028081426774,42.9915346162835,0.20445829518543562
444,40.95009011191777,40.70786155968288,38.830076386838705,38.104293611695645,28.04148687730229,39.86749604806947,42.994673063772126,0.2044582951854358
445,40.965569660495625,40.5936449358099,38.90308779726668,38.13377478637161,28.01840434158777,39.86666320622291,43.010152612349984,0.20445829518543573
446,40.92852266983397,40.76510099756733,39.15916536662472,38.70464575677826,26.246835140070846,40.11034236424044,42.97310562168832,0.20445829518543554
447,40.94682860035251,40.54641133983228,39.115610534642606,38.04954144728462,28.012644469541407,39.98301063634793,42.99141155220687,0.2044582951854358
448,40.94732271400862,40.70536330158446,39.12245130196701,38.08543479329298,27.81490453117882,40.00640343092892,42.99190566586297,0.20445829518543546
449,40.94487650584606,40.58724235392038,39.00891157761972,38.27197527554516,23.08301929209603,39.77511407381999,42.99772343425911,0.20528469284130488
450,40.91719474876504,40.704089277305414,38.81083377764389,37.637755187413575,21.19795825024615,39.910655412476395,42.97004167717809,0.205284692841305
451,40.958901515485735,40.80793965818906,39.4022320479122,38.66963642317602,32.12367346325438,40.30720558609934,43.003744582746656,0.2044843067260917
452,40.94627369181263,40.73868616905933,39.104825311282944,38.474376005512255,28.504338648822465,39.94369278982312,42.99111675907354,0.20448430672609155
453,40.94040553801008,40.77523138643673,38.88593224367671,37.89527513309805,23.116452622347282,39.97647891805026,42.985248605271,0.2044843067260917
454,40.956274192480784,40.708075942211295,38.98077574374243,37.812838903970565,27.07416275645548,39.90215516427706,43.001117259741704,0.20448430672609175
455,40.95258913027468,40.55310757296863,39.04137761343802,37.86253388965192,31.887450096002063,39.7857830086361,42.99798173840946,0.20453926081347762
456,40.95507708179542,40.66158838718777,38.77397890406968,37.74410714920788,26.981812177867184,39.75564649003252,43.0004696899302,0.20453926081347748
457,40.95850983166931,40.703808018477915,39.053650871673355,38.39820542757836,26.498700129821813,39.922349270361465,43.00390243980409,0.20453926081347742
458,40.936592333690974,40.58982792874841,38.99372844593404,38.3359744896263,26.754625873274613,40.06726602551893,42.98198494182575,0.20453926081347756
459,40.95861207132351,40.44506191618447,38.84523598753096,37.7003990656572,31.10679713806116,39.58209602443575,42.99810039449504,0.2039488323171535
460,40.95466178369141,40.59582119194136,38.78869187360925,37.776158804998886,25.285666075667002,39.86210689631983,42.89523006806368,0.1940568284372279
461,41.05111923515753,40.808307454093224,39.13272031149026,38.20309623446048,27.258459746948006,40.02877766240461,42.99168751952981,0.19405682843722794
462,41.06062607998139,40.69443485752807,38.93171133540734,37.96432076996512,28.74829050683882,39.862206967884234,43.001194364353665,0.1940568284372279
463,41.035603465222266,40.678100763404714,38.77051898118792,38.02335656157092,24.94711698959144,39.69404742318274,42.975885417774485,0.1940281952552221
464,41.04511725929307,40.910926513003744,39.52584465554909,39.03960597881133,28.584249448132738,40.35486968677144,42.98539921184529,0.19402819525522205
465,41.04507321557428,40.88551884407921,38.847837774358865,37.53511222341273,17.62572671657045,40.098049463465145,42.985355168126496,0.19402819525522214
466,41.03305548775145,40.74473570572708,39.2537718954035,38.44840789201994,29.924982751154314,40.15999785374829,42.973337440303666,0.19402819525522222
467,41.04195489811326,40.87212117376424,39.33783769233682,38.14846134843587,29.099237446026237,40.019280787897166,42.98223685066548,0.1940281952552221
468,41.07286439337033,40.78575250905209,39.143011412177415,37.82331710560264,30.73865451227866,39.95207743544617,43.01053925050377,0.19376748571334373
469,41.061817172278694,40.67712328775719,39.27401640861568,38.650183989673074,30.00541869659972,40.14893404129043,42.970022034545174,0.1908204862266479
470,41.07419381839639,40.9186517885013,39.435761377855265,38.89066267606493,26.8104346789901,40.1335210757597,42.98239868066287,0.1908204862266478
471,41.083415797297455,40.68222927992463,39.103671985679206,38.4295845465236,19.38825053602188,39.88459956122143,42.99107111869007,0.19076553213926195
472,41.09318885786155,40.799525096408566,38.83248516697847,38.15577672321153,23.852933429848836,39.7701679988063,43.00432268468035,0.1911133826818804
473,41.07715063614534,40.867701889624016,39.118646416792686,37.98960391210855,26.940663747659098,40.08872688201478,42.994310058824894,0.19171594226795502
474,41.04054885075317,40.7972110151051,38.95205121537618,38.727608491124315,17.12482121555027,39.97996250982496,42.957708273432715,0.1917159422679549
475,41.06189856584288,40.72623052031833,39.26792980903391,38.38232971135655,30.167762541845907,40.08384979577218,42.97905798852243,0.19171594226795488
476,41.068524832991265,40.853182964653406,39.14819645043411,38.75125451087685,24.89948310995481,40.24060141305412,42.98568425567081,0.1917159422679549
477,41.10831783297379,40.83962854284122,39.358534203115525,38.53970723001836,27.25556202949186,40.332165789916495,43.025477255653335,0.1917159422679548
478,41.145567471513594,40.69701063100587,38.59367975997134,37.886955550570406,0.5907440181287882,39.784050620379446,43.06272689419314,0.19171594226795485
479,41.13026654459936,40.92676748740761,39.225453176643384,38.188052044551455,29.928584007725654,40.132835725975795,43.047425967278905,0.19171594226795496
480,41.155058954003735,40.89421523915274,38.97649641295685,37.85531163237862,24.36838052434055,40.105284737246,43.07221837668328,0.19171594226795485
481,41.13066182304777,40.94130369085368,39.19380463494956,38.60858971330055,22.993781080176753,40.079130203430886,43.05084119744772,0.1920179374399951
482,41.145425780050005,40.88650966439493,39.353425214984966,38.658143823382694,28.047591949318274,40.21986231518292,43.07490081708001,0.1929475037029999
483,41.132836247353595,40.860640998327746,38.80801037645707,38.35790635190995,16.268269540424086,40.004380667523606,43.0623112843836,0.19294750370300012
484,41.11544961442186,40.89895468021142,39.32514768149577,38.65947596910928,21.211170927512537,40.187664849683514,43.04385313214662,0.19284035177247638
485,41.12802116542146,40.829912798007285,39.337781192254255,38.67906262415019,29.420715205273666,40.13225376481489,43.05642468314622,0.19284035177247622
486,41.119003190154224,40.82648582444031,38.8814840040074,37.705741781180315,30.93058874590608,39.623000408606956,43.04138111201824,0.19223779218640183
487,41.11874299199508,40.90969583455995,39.03001309188281,38.81969645927966,-8.522251973684128,40.49928992515328,43.041120913859096,0.19223779218640194
488,41.11546928446992,40.865816082510335,39.23426227891669,38.70511609552714,25.70506862901148,40.0264941323058,43.037847206333936,0.192237792186402
489,41.116363158088696,40.63546918863443,38.653043683802814,37.65153564868585,20.173650069465275,39.70322362969739,43.053194725575075,0.19368315674863817
490,41.114187681149716,40.954403688740854,39.00906660138715,38.414944837776574,25.6292353109552,40.296956306279895,43.051019248636095,0.19368315674863812
491,41.13404831750651,40.86519279008059,39.22265532107458,38.024497960070704,32.4797258438104,40.00025384484958,43.068561804145304,0.19345134866387903
492,41.1373399830211,40.83140811490921,39.174165184388535,38.46198120291084,26.375271974201393,40.02685580204963,43.07185346965989,0.19345134866387897
493,41.100211207877976,40.80332704161056,38.80808161010601,38.02803835445087,24.9337397476008,40.02975310448822,43.03472469451677,0.19345134866387892
494,41.10982675713052,40.796396422942216,38.74594980338427,38.46482447079972,7.334049600101281,40.12071688178091,43.04434024376931,0.193451348663879
495,41.12849254387814,40.702856029407634,38.91501356364255,37.82679578663182,23.766703806579336,39.81212312163845,43.06300603051693,0.19345134866387903
496,41.14333878012732,40.932436208929545,39.63503275938833,39.00815857482041,24.144581481966053,40.49441349572385,43.077852266766115,0.19345134866387909
497,41.12562821814095,40.68908421831635,38.93542274334069,38.11898211290948,21.298267431284152,39.9993680437773,43.06616730064049,0.19405390824995306
498,41.10700353935636,40.80127110974235,38.974342336859564,38.46570452815413,16.339093098871157,40.21915355048242,43.0475426218559,0.19405390824995344
499,41.1290388547395,40.94394851917901,39.33098428715631,38.69954049216974,27.633220842958686,40.3115475581921,43.09349167915007,0.19644528244105733
500,41.09251640136526,40.680057092017094,38.9024514077354,38.07169034642614,28.281351057600126,39.89508696978828,43.05696922577583,0.1964452824410575
501,41.10494650556707,40.84050556102968,39.29086123548447,38.00406352175414,29.66337131749285,40.20757749100127,43.06939932997764,0.19644528244105733
502,41.1020380956244,40.80266244929546,39.36938623040659,38.59150248636415,28.157687989354002,40.139846407021835,43.06649092003497,0.1964452824410573
503,41.10235941190456,40.80413922772465,39.467763617567336,38.74311375131325,26.28045896112145,39.977512015269156,43.06264953732687,0.19602901254223115
504,41.09032695963582,40.96631959849116,39.493222731000074,38.69364950507308,28.288888708864505,40.424892734289685,43.05061708505813,0.19602901254223104
505,41.09932036637883,40.95134771287387,39.434755820213795,39.15362373273122,20.189533091287103,40.44928666423963,43.05961049180114,0.19602901254223107
506,41.09325885673325,40.698338660786675,38.97025559600821,38.077200120630216,26.077509007721343,39.971928359956244,43.05354898215556,0.1960290125422311
507,41.123979440753125,40.860732118012834,38.919690475608014,38.61130444605749,20.435303414347928,40.242776030830925,43.084269566175436,0.19602901254223104
508,41.103157012160985,40.67572477113551,38.55746631482602,37.69410853705508,20.429428992805576,39.65754790795819,43.063447137583296,0.1960290125422311
509,41.093044255868875,40.722236439805286,39.21692005888173,38.00803427196044,30.56232949842635,39.945682588619924,43.05333438129119,0.19602901254223112
510,41.12748104840211,40.834517214059396,38.95344954123402,38.01761595020723,28.531763528872794,40.093296559401914,43.08777117382442,0.19602901254223123
511,41.095816081813275,40.96426008629615,39.73692087071618,39.090328286150225,32.7984925600308,40.34917142099863,43.069012714460655,0.19731966326473774
512,41.12233220316038,40.86890345771267,39.164598924197335,38.403686994721426,27.919379726686977,40.12146772758149,43.097161074761225,0.19748288716008405
513,41.075849746581646,40.65820028630037,38.9338945939795,38.035780747724566,24.933169238138245,39.88766460011088,43.0533186405093,0.1977468893927659
514,41.13411746231015,40.904858778858085,39.122686710545345,38.666688922145404,26.128218706118286,40.251374150919,43.04338999223013,0.19092725299199792
515,41.15499689810234,40.92633691374438,39.28343328063336,38.79927568624205,13.90060626252885,40.233728347415415,42.99058722907406,0.18355903309717203
516,41.2020958270015,40.95353562524374,39.16009089814517,38.16960399649378,25.635874683090215,40.0959611697522,43.03768615797322,0.18355903309717217
517,41.18819096329173,40.745069616281924,39.548518926470436,38.80688103824326,25.997634948700828,40.16031708964992,43.02378129426345,0.18355903309717223
518,41.19002135597318,41.00930208601696,38.81519129646172,38.22363302360209,18.42537060811774,40.21028049047891,43.0256116869449,0.18355903309717214
519,41.20784422123541,40.91747955957428,39.28784669705405,38.22273526298314,20.44370180884824,40.09018488976315,43.04343455220713,0.18355903309717211
520,41.18295755947885,40.847282918626576,39.08982631473253,38.281581226596316,26.231680710632496,40.15724030700338,43.018231662684556,0.18352741032057052
521,41.19244156135209,41.032185093391924,39.36979046448239,38.90368446349585,15.56089768171934,40.27021784712073,43.027715664557796,0.18352741032057054
522,41.18606992179606,40.91573596324048,39.239477385198434,38.21755735413117,30.272684214236293,40.18787973588501,43.02134402500177,0.18352741032057046
523,41.21444117454438,41.01060183397086,39.23612003468725,38.048734093799894,26.901954752231774,40.361137450087014,43.04971527775009,0.1835274103205705
524,41.202095244649485,40.99466722430558,39.656356360117464,39.112752629209524,23.78623010363623,40.493467775923094,43.01874650753257,0.1816651262883088
525,41.22075582757507,40.92116096894205,38.93874964698064,38.522492276465535,12.03803825244367,40.269161351290705,43.03740709045815,0.1816651262883087
526,41.25741587048807,40.94765891317716,39.08931173686763,38.22340510915903,17.54833554161165,40.17488932781875,43.07406713337115,0.18166512628830875
527,41.220353557564046,40.958699393285386,39.34590418789769,38.302893071346,29.361294613822466,40.35267146620494,43.03700482044713,0.1816651262883087
528,41.23918313734546,41.02055993065539,39.45866146209224,39.01720758522917,16.485105674409745,40.26449572301193,43.05583440022855,0.18166512628830883
529,41.223563491037595,40.980835460804066,39.23942655154392,38.134429686707485,31.504033894680468,40.256646577777396,43.03099964261475,0.1807436151577154
530,41.25743330534141,40.951688221360904,39.22669217440941,38.42342447601281,24.249736223110638,40.23023129117085,43.06486945691856,0.18074361515771517
531,41.239251984569606,41.057833336645714,39.45016152308661,38.40496738547006,28.3953805763342,40.29783171979871,43.046633632505284,0.18073816479356783
532,41.211263303601726,40.87496300645998,39.34381791123837,38.61962092607419,24.077810534532293,40.213443932315315,43.018644951537404,0.1807381647935678
533,41.22643137566824,41.00571862757393,39.33181185449088,38.5565007821547,29.298473196970683,40.070897555643654,43.03381302360392,0.18073816479356766
534,41.22250528203304,40.922245511587825,39.17911010375061,38.565055122299185,26.776041030135367,40.07100578177234,43.03093829778172,0.18084330157486786
535,41.230475319775984,41.11093674117573,39.39270028710936,38.6316051389183,27.353156732883612,40.51178548909909,43.027943553563226,0.17974682337872455
536,41.2518535217905,40.877617315369086,39.16045056286266,38.26269207678158,29.568389186226856,39.95356671575345,43.04932175557774,0.17974682337872447
537,41.242657305131566,41.007133130435086,39.48351592718208,38.904636221598665,29.718298908535846,40.44956837912949,43.040125538918815,0.17974682337872466
538,41.214999312012914,40.843705705000104,38.58621480533935,37.713822029267114,-8.215761130070511,39.99044112316756,43.012467545800156,0.17974682337872439
539,41.23030961902829,41.071754126590285,39.27352068168279,38.651738000976074,-8.259989231976839,40.36584249604055,43.02777785281554,0.17974682337872464
540,41.242821815853524,40.933705141920576,39.43138342943122,38.680752393633654,28.02531033495029,40.38725827123076,43.03364666558305,0.17908248497295254
541,41.243299736903545,41.01828468001696,38.95798681794394,38.16729794931406,17.1503183551783,40.06454153931066,43.03412458663307,0.17908248497295248
542,41.2596786694828,40.839323183688684,38.95548778882114,37.963671659407055,23.79813256960279,39.78166579869969,43.038200831504206,0.17785221620214015
543,41.26928495173233,41.05583963009136,39.56871812601179,38.93517880943941,30.081721823903123,40.363292418419135,43.04178151789299,0.177249656616066
544,41.27504949710538,40.918974383258686,39.581472233169436,38.94939696927825,26.50573910194548,40.17126074258608,43.04754606326604,0.1772496566160659
545,41.26139220497623,40.86699968444901,39.21202161166468,38.18750185387752,22.022896942189085,40.14795136360081,42.99801396537095,0.17366217603947162
546,41.2831329217402,41.10390161703995,39.409854088833505,38.860480552077874,25.112661302193466,40.27699999676899,43.01975468213491,0.17366217603947148
547,41.27672037753271,41.04741383045229,39.29607698064962,37.998395243276576,24.811052985491862,40.447684145492474,43.013342137927424,0.17366217603947148
548,41.30778915577107,41.069344012939396,39.27376316226355,38.55495730706793,25.654075095100175,40.26625317069427,43.04441091616578,0.17366217603947148
549,41.305122120609994,40.95507254925289,39.32408148989993,38.098047715336186,33.023151241558075,39.84816158330358,43.041743881004706,0.17366217603947143
550,41.30196378095949,41.16078786615058,39.44104935695642,38.62173275178233,26.494352679317462,40.27651838924838,43.03858554135421,0.17366217603947162
551,41.30496584963127,41.11137111497477,39.67357137788329,39.26850262365893,22.227630381741978,40.51161784362397,43.041587610025985,0.17366217603947146
552,41.28604747804113,40.95597307366714,39.494363436952774,38.7577432955753,24.149923121220095,40.32011474479969,43.02266923843584,0.17366217603947148
553,41.27330678435625,41.11808830732305,39.22129821150281,38.041267526282425,25.817924830791462,40.339913233811764,43.0329940056632,0.17596872213069473
554,41.245933497683325,40.99252462385302,39.024703073616664,38.22195491150791,26.448821512059137,39.91057224319452,43.00562071899027,0.17596872213069484
555,41.25531276113861,41.07356411402701,39.218412380675076,38.49073128237062,20.441074840203886,40.077409692090605,43.01499998244556,0.17596872213069467
556,41.273534077435706,41.08162308893495,39.610478548540335,39.36166875418751,15.143174105330857,40.5940038244095,43.03322129874265,0.17596872213069467
557,41.24904271566158,40.91299571791674,39.15355891330965,38.14817899413101,31.41844573163794,40.17504788530519,43.00872993696853,0.17596872213069487
558,41.25487610725985,41.027726418731774,39.270777387173936,38.1408080461628,31.385674505614464,39.859080458147915,43.014563328566794,0.17596872213069475
559,41.28440261120491,40.91972938378374,39.31561977813687,38.255090809568344,30.98977175721253,40.01166715544355,42.998025074279106,0.17136224630741967
560,41.309233918845415,40.974864120070855,39.08497645997183,38.14225858204709,20.59119492966859,39.95276886503946,43.02285638191961,0.17136224630741967
561,41.30464756572564,41.03073327824492,39.314276880587684,38.42700336798232,19.41149158178962,40.21959055311306,43.01944677630643,0.17147992105807902
562,41.30577059373711,40.96427969868192,39.2958843191225,38.00302651453581,28.586513471757836,40.000865346880296,42.98756664345161,0.16817960497145018
563,41.29290948384898,41.01875321897537,39.18644451288159,38.254014311800546,26.728086492929236,40.031985526054484,42.97470553356348,0.16817960497145015
564,41.322956284075104,40.93510730980608,38.90333206189371,37.667083358353835,18.74455305027019,39.63350411317289,43.002318910772466,0.1679362626697365
565,41.28076161195887,41.10692242426314,38.81003396256458,37.992336752377796,16.379678300785244,40.15246420756749,42.96864684493318,0.1687885232974308
566,41.305882049868856,41.080551398596874,39.29330598244391,38.54731154928254,26.77021935885191,40.24828032191763,42.993767282843166,0.16878852329743077
567,41.28030032953986,41.05083836829407,39.406372122401706,38.94113184562025,29.199535607968354,40.388994836253026,42.96818556251417,0.16878852329743094
568,41.27376589038071,41.112352194686714,39.12993663309528,38.162466790266606,26.08402225080425,40.4891506511305,42.96260611594104,0.16888402255603313
569,41.28815557220283,41.13721904095989,39.625984391701856,39.07808832834165,30.630264556923827,40.493619573303704,42.97807240076228,0.16899168285594457
570,41.30340387474166,41.03382796132646,39.181908781035894,38.03699284188548,31.093750041916433,39.97916929349394,42.99332070330111,0.1689916828559444
571,41.28817408489261,41.06670516899465,39.1415420141181,38.1282485063557,28.62347796068675,40.08535299299042,42.97809091345206,0.16899168285594454
572,41.281827248194965,41.08696347427178,39.550964405189845,38.54101256117937,23.286792162291224,40.57220311429455,42.97174407675441,0.16899168285594443
573,41.28806096584421,41.08304998732471,39.32453503409489,38.63050222866434,27.625858531787635,40.169260265088035,42.97797779440366,0.16899168285594443
574,41.3093779690912,40.94457255196072,39.1769982008946,38.285612195628296,22.25089428246525,40.16225992083571,42.99929479765065,0.1689916828559445
575,41.31891140360066,41.06267856603779,39.7191232869854,38.748162008467055,30.01044174517195,40.54432735465749,43.008828232160106,0.16899168285594443
576,41.27820958412188,41.073780035284564,39.09536678791555,38.22165309811891,28.699925279415897,40.18711360856445,42.96812641268133,0.1689916828559445
577,41.27950314371707,40.95314415233183,39.34547734898175,38.325601253080436,30.274075776725375,40.13933466984896,42.96253645505977,0.16830333113426998
578,41.33608497249299,41.08684384185576,39.35883536278557,38.59189679677244,18.906834046272223,40.59527965943964,43.005652744207595,0.1669567771714606
579,41.31763401611573,41.07374421960696,39.408359537427614,38.25488896111458,29.197079334797788,40.39614671800258,42.98720178783034,0.16695677717146057
580,41.285965062068435,41.14400868913097,38.92368702126978,37.78669663797487,19.233731886103545,40.33558554006757,42.95416523820402,0.16682001761355877
581,41.27350382854276,40.97508586473573,39.2170523805612,38.131247471181744,30.51927173276867,40.034321838570165,42.94170400467835,0.16682001761355886
582,41.28593124579308,41.036027481700444,39.523964784487994,38.821544099188856,26.79235788189703,40.44967233747042,42.954131421928665,0.16682001761355872
583,41.30485065758292,41.05748814914083,39.30950332496655,38.417336859250995,16.454831917220723,40.43855846453977,42.97305083371851,0.1668200176135589
584,41.282695821473425,41.03706876914057,39.21675453810624,38.37035385790285,29.588668801011544,40.22511826427202,42.95089599760901,0.16682001761355877
585,41.30810344244158,41.18561094198292,39.616388337524725,38.588355409199146,30.680514442215085,40.543511993886824,42.97630361857716,0.16682001761355883
586,41.29961798723223,40.93162970995863,39.4703708991545,38.93160351220714,29.025074843754567,40.43336622708232,42.963983459601444,0.1664365472369209
587,41.28087078653613,41.05237849418806,39.61646897056083,39.2624304859735,31.281893314069816,40.409883663222956,42.94523625890534,0.1664365472369209
588,41.30531743871909,40.9118520232668,39.09623224987349,38.099838216109276,25.81927175406443,40.01226301136428,42.96968291108829,0.16643654723692083
589,41.295925986029545,40.91411720356861,39.22830501778856,38.28562244838543,27.751499531705164,40.18072688970364,42.96029145839875,0.1664365472369208
590,41.311492852433226,41.00691813786832,39.05963181228303,38.01137690640301,26.370862698044487,40.220927708559444,42.97585832480243,0.16643654723692067
591,41.295991252363045,40.95292577219267,39.25390528896906,38.23969158305408,30.772898393348918,40.3051280033779,42.96035672473225,0.16643654723692072
592,41.28985164070762,40.91394697441742,39.46045231682241,38.98976757278919,20.674836842266288,40.294165315381875,42.95421711307682,0.1664365472369208
593,41.301765580034775,40.95701296166576,39.57695671464916,39.39875819857218,16.958849769478263,40.457459913854436,42.95729574642693,0.16555301663921557
594,41.321267407395155,41.17957768977888,39.953298254698524,39.29032609462327,31.838567040585204,40.53939424164545,42.97606639313298,0.16547989857378256
595,41.299461252921276,41.033106995233105,39.115676927529634,38.22514502499595,26.303295450375423,40.118769065733844,42.9542602386591,0.1654798985737826
596,41.274472054568655,40.983812358477856,39.43003331976632,38.56757753106628,30.05575672014497,40.231411210023545,42.92927104030648,0.16547989857378262
597,41.30886544043363,41.000356901711825,39.34414910464326,38.860507835862855,12.726195190083285,40.26295440042979,42.963664426171455,0.16547989857378256
598,41.30593620793076,41.016698049620594,39.01317139575114,37.519695399169855,26.65010479656341,39.88206101657596,42.98179726530897,0.16758610573782035
599,41.32178665624434,41.105695145772636,39.32800295248654,38.10853933124003,29.681530882032234,40.23736722922746,42.99764771362255,0.16758610573782043
600,41.34044635144046,41.025531476244325,39.49093051926733,38.34737577951554,31.85317007609102,40.15662076145752,43.01630740881867,0.16758610573782037
601,41.32798824945337,41.095434316713636,39.40425164654812,38.16922946280964,31.20303711630907,40.41755822797049,43.003849306831576,0.16758610573782032
602,41.32824232870104,41.09325952286305,39.52177177107922,38.610188682520935,28.412977063733862,40.519944718889334,43.004103386079244,0.1675861057378203
603,41.34636598291053,41.156776897639375,39.309171652983046,38.52394245936226,26.02942191960896,40.28180537795567,43.022227040288726,0.16758610573782023
604,41.32130114071453,40.99873410219685,39.627551052181204,38.98083433486064,30.51883899724323,40.236604104670086,42.99716219809273,0.16758610573782026
605,41.30939234042496,41.03499253025261,39.16279194441391,37.815313531516125,25.342305775631573,40.32901741792237,42.98525339780316,0.16758610573782043
606,41.34356809869385,41.17923401889462,39.65319422112627,39.35363120882832,25.014372244287557,40.746889432018236,43.01942915607206,0.1675861057378203
607,41.3566954483871,41.0623788439494,39.187413902718774,38.27854759121773,19.06804645917036,40.1041210579447,43.025143403352295,0.1668447954965194
608,41.32604133157681,41.16291345797895,39.1130984061806,38.691900435142266,16.49916768671296,40.40898550039692,42.994489286542006,0.16684479549651948
609,41.32943842853741,41.08814749805455,39.71554206743491,38.972852513180065,31.526905937977276,40.455708200326534,42.9978863835026,0.16684479549651943
610,41.34767093727572,41.09844087176496,39.36024844367236,38.55191365454034,26.544344854820743,40.55412658554305,43.01611889224092,0.16684479549651948
611,41.335379889198755,41.14401028156087,39.74453270551245,39.13431569680293,31.457400153283416,40.53878208704025,43.0350958073764,0.1699715918177643
612,41.31937299838904,41.06788960936601,39.35237837361281,38.459186609723865,26.40882217585981,40.19157685367632,43.01908891656669,0.1699715918177645
613,41.34720636204568,41.03918744821387,39.70216293943068,38.65217232247423,29.191021996832433,40.58559961109904,43.01568854876664,0.16684821867209562
614,41.35410718071243,41.04780659123067,39.45157621182187,38.900135900955654,28.367227398490662,40.261763557753625,43.02258936743339,0.16684821867209546
615,41.34827699490473,41.095389714371095,39.48166334699372,38.191043938399254,32.390922455316776,40.26019205648297,43.01580418903966,0.1667527194134934
616,41.35496875956318,41.09105036266714,39.535367835468975,38.6272730322924,29.180634118569373,40.261719542961174,43.02249595369811,0.16675271941349332
617,41.37398239164641,41.01484928114667,39.535511189664305,38.80242746833175,29.30679409902644,40.31611579586776,43.04150958578134,0.16675271941349343
618,41.35162514513789,41.14163664190729,39.28163758302192,38.544021114058935,16.45045131333559,40.487616398578155,43.01915233927282,0.16675271941349346
619,41.36419790324413,41.11668809904752,39.13549440920008,38.65036181828984,25.37478138413777,40.273368241664016,43.031725097379066,0.1667527194134933
620,41.382667401154954,41.18179673030455,39.56401375520923,38.79328253031389,17.991931079896556,40.62831906668211,43.05019459528989,0.16675271941349332
621,41.36753565847317,41.18314292115037,39.3407551084722,38.54386065200737,28.10580599525303,40.33120940415668,43.041088448468855,0.1673552789995679
622,41.34559087913525,41.04793133584155,39.43075983312533,38.6964566105381,27.120807284334248,40.37994672180683,43.019143669130926,0.16735527899956776
623,41.342568686944595,41.1131714338328,39.08247628482405,38.12720893876889,16.896379853824104,39.85450092208948,43.01612147694028,0.1673552789995679
624,41.33346108602533,41.11342737157952,39.321328781534206,38.210939390508955,18.10429372951635,40.368733856862576,43.007013876021006,0.16735527899956776
625,41.37706067678234,40.76571753542543,38.86483523530625,38.72127518570051,7.760714905931373,40.071001471821845,43.05061346677802,0.16735527899956773
626,41.333951188638565,41.16168143317128,39.616237218895805,38.48092141105853,30.18370716674753,40.40697345223201,43.00750397863424,0.16735527899956779
627,41.30826743217133,40.992611141530716,39.35157929599782,38.4568362040172,29.461039974550985,40.13641672840982,42.981820222167,0.1673552789995677
628,41.37370337359364,41.000940119497415,39.69335671955298,39.0466024274255,28.61271276090592,40.27219306443055,43.04725616358932,0.16735527899956762
629,41.36526630212225,41.15276800622265,39.47778043103212,38.83823355390697,27.755815396355842,40.53796933582356,43.038987182804306,0.16737208806820542
630,41.41197351328833,41.2458232176956,39.504891162193864,38.538883489641705,26.958509122274307,40.66979546269391,43.085694393970385,0.16737208806820547
631,41.414037542277285,41.11739364908434,39.35954310024757,38.000640287495614,29.46948189361326,40.44830941027236,43.08775842295934,0.1673720880682055
632,41.43924018177352,41.01845885182553,39.18716627128424,38.17903351174154,29.690323317963887,39.96305496753237,43.112961062455575,0.16737208806820547
633,41.41947243476571,41.256063693762655,39.83584613170381,39.013561935616906,32.21350338212275,40.539035015959186,43.09400806749374,0.16745356327280328
634,41.44099959089743,41.078539025521074,39.55904193302032,38.98210446787639,30.128619466662713,40.40456058540161,43.11553522362546,0.16745356327280317
635,41.431816840677406,41.17131696173068,39.277079619950634,38.964748459011794,19.02790660900995,40.571332271585476,43.10635247340544,0.16745356327280322
636,41.43504609808075,41.21543576459892,39.2895651739751,38.03963996285575,27.46425743030315,40.43686998661874,43.10958173080878,0.16745356327280314
637,41.40960823492975,41.0568603510212,39.37503711455613,38.58833506373058,20.186421741014534,40.143496835226884,43.08414386765778,0.1674535632728032
638,41.42527434942275,41.231215501883064,38.97027561987757,38.31934440568108,-1.2346686526132515,40.31258769957624,43.09980998215078,0.1674535632728032
639,41.426123388452794,41.301435856357415,39.79277556176179,39.37423202493006,28.811958419892242,40.78929204354206,43.100659021180824,0.1674535632728031
640,41.40987000079345,41.057751150380355,39.40139335010496,38.559492297670644,29.673952027222693,40.35633241171469,43.08440563352148,0.16745356327280325
641,41.43843458406728,41.19856523524257,39.67196802261231,39.156432348150446,20.220750871215955,40.562764359348286,43.11297021679531,0.1674535632728031
642,41.416556601545196,41.258697945841455,39.408539379297466,38.42502420874232,28.270097732663647,40.39697189570042,43.091092234273226,0.16745356327280317
643,41.41866665520498,41.22550135657033,39.45457174580934,38.64512424356961,26.15408491453016,40.489271018140855,43.084483622150195,0.16658169669452155
644,41.42567577929178,41.1881158129628,39.53370594144789,38.5283939964446,29.0585139601121,40.61964704302967,43.09085399231182,0.1665178213020045
645,41.43180267821563,41.14137297288002,39.17407820426556,38.251033880353255,25.081389536607045,40.25628244532396,43.09698089123568,0.16651782130200457
646,41.42207854556764,41.125239291644355,39.30000336250722,38.34030789572568,26.581685051678377,40.4675345340964,43.08725675858769,0.1665178213020046
647,41.43812775342652,41.0790800774095,39.41699087182257,38.70152101090046,19.53365027204862,40.32968513604838,43.10330596644656,0.16651782130200446
648,41.41821939545485,41.11402318329228,39.65659203381375,38.688093796814506,25.548180170079682,40.532829984038315,43.08444473702294,0.16662253415680958
649,41.44373172177217,41.28761704884965,39.65934359828149,38.92596584619031,25.67480047527857,40.78745354730554,43.10995706334026,0.16662253415680958
650,41.42389175593648,41.251918466444764,39.57050348228795,39.10364978810208,27.665222684851443,40.63800699158283,43.07159971141633,0.1647707955479855
651,41.4583977617939,41.32616884862912,39.33613257773747,38.67530338433492,11.994408296404831,40.76041273741714,43.106105717273756,0.1647707955479857
652,41.449079813098884,41.22637551073706,39.68700654222081,39.03836362025476,24.46568442997047,40.3912519478197,43.096787768578736,0.16477079554798554
653,41.47099089543125,41.19620917092274,39.35977577611132,38.83773906043584,9.463843162329972,40.63576784964657,43.1186988509111,0.16477079554798554
654,41.45199441850223,41.140321210288214,39.67617564379336,38.89345708265267,29.18906749981879,40.522982477095994,43.09970237398209,0.16477079554798565
655,41.442955658631384,41.03195066690149,38.94310555192591,38.166239392410546,25.840784801210397,40.1222012588707,43.09066361411124,0.1647707955479857
656,41.43078214956212,41.293437671524494,39.71039067929904,39.01559589155257,19.077216303655582,40.815279693167724,43.07849010504197,0.16477079554798554
657,41.429963574444734,41.231796559165204,39.7243614166859,39.05732359253097,29.231741055329877,40.81870215497677,43.07767152992459,0.1647707955479854
658,41.43338864758444,41.17931094250274,39.507454654602604,38.61372220583099,25.254130206485367,40.248370828708616,43.08109660306429,0.1647707955479855
659,41.464541322481224,41.29149792794091,39.558005851287675,38.64848006062845,27.929187357274348,40.64278659027779,43.11224927796108,0.16477079554798557
660,41.442127030934806,40.992902828592705,39.267081000662,38.71864813058106,-1.2189525420490241,40.20500284137397,43.09071355550587,0.16485865245710626
661,41.45451065859977,41.25307865884241,39.68985178102284,38.88508734651882,25.770978712395724,40.46125092419503,43.10309718317083,0.1648586524571062
662,41.43496637392127,41.011132512758174,39.43534597963947,38.475914452010876,29.029739571776688,40.20645208085824,43.08429420873363,0.16493278348123644
663,41.441451688846406,41.16746360770203,39.139480212849676,37.61650899194879,23.08012509917017,40.530042048523185,43.09077952365877,0.16493278348123636
664,41.4202231196296,41.20115573756863,39.82714184051036,39.05658444651896,31.11870285471256,40.67745386295755,43.09183629994448,0.1671613180314886
665,41.42365125642241,41.157290395583395,39.024425203783174,38.38637127468148,-12.550245502918656,40.36651730179799,43.095264436737295,0.16716131803148856
666,41.414027893051006,41.207158717782434,39.464999918759816,38.80694897541024,29.54284410554548,40.46643938982507,43.08564107336589,0.16716131803148865
667,41.42684537180122,41.26345053936668,39.4459731104787,38.42304085451815,23.884652435251073,40.38006707738872,43.09845855211611,0.16716131803148865
668,41.46095416551026,41.277995533505226,39.79279580636312,38.94445777485846,30.657068013349843,40.72152474846638,43.132567345825144,0.16716131803148868
669,41.432740735625785,41.19582912041486,39.42850659182052,38.4664123192641,30.692545282100998,40.26996318666253,43.10435391594067,0.16716131803148862
670,41.462189843428156,41.211980007552484,39.70468725741727,39.086831962068544,27.416079256280835,40.629994261139686,43.0889582192297,0.1626768375801547
671,41.509308850069175,41.330712290150956,39.504914570650364,39.22348047889537,23.721854387561763,40.593703656710225,43.13607722587072,0.16267683758015491
672,41.46864905951821,41.191829186295536,39.54953217094789,39.27242127185238,17.775918977028233,40.68748124989805,43.09541743531975,0.16267683758015475
673,41.487494095083676,41.20875900262085,39.56637469054834,38.62221631614952,22.4688461907574,40.64909923296073,43.11426247088522,0.16267683758015475
674,41.47440884221174,41.12094965138509,39.78389128651118,39.162886477651504,30.571337276106966,40.56315641284081,43.101177218013284,0.16267683758015483
675,41.45884564017928,41.19847905918487,39.264589233594876,38.133923772904815,26.28353117855101,40.44387862671371,43.08561401598082,0.16267683758015475
676,41.493152580678164,41.278287379397625,39.80035673657179,39.37760280993951,25.01739265097574,40.613720263568844,43.11992095647971,0.16267683758015494
677,41.4840487987287,41.3284491831529,40.182480215196485,39.61451212421961,31.858099730025742,40.82129867022479,43.11081717453025,0.1626768375801548
678,41.48068970909609,41.28741835286082,39.6076655374506,38.66438265595356,31.187053284610407,40.70334793791561,43.104579262615886,0.16238895535197942
679,41.46508737887164,41.12403841362199,39.32254623741862,38.49395509952464,29.412275951513653,40.217842892521816,43.08897693239143,0.16238895535197928
680,41.486594908893494,41.34377876657792,39.9660294293146,39.48835853894959,28.433031846095865,40.90581887347325,43.11048446241329,0.1623889553519793
681,41.49024893557831,41.32687153714406,39.806823658886344,38.90547189598782,27.247136881795193,40.553181374849316,43.1141384890981,0.16238895535197947
682,41.48479238292047,41.14682527525258,39.37432226817614,38.144097767436016,28.268636434371246,40.529143822545926,43.1327880102135,0.16479956272930368
683,41.45961720473578,41.08179391462695,38.85199106948793,38.18401179764929,17.771163208576215,39.95228755709108,43.10761283202881,0.16479956272930363
684,41.46629489515575,41.17414008421758,39.5663214695822,38.701052319036364,23.462659068648176,40.529952586996956,43.11429052244878,0.16479956272930366
685,41.45011781577093,41.21821245223751,39.811994052577894,39.28139403632759,27.137087916692636,40.733295842343594,43.098113443063966,0.16479956272930363
686,41.45930053525931,41.22785534149511,39.86359240917205,39.31655571019333,29.418687457825587,40.82085421615334,43.107296162552345,0.16479956272930363
687,41.48422190539738,41.198043447481766,39.60389443928279,38.85503506581424,30.27938086369375,40.43784453236572,43.13221753269042,0.16479956272930357
688,41.45910281897659,41.0620951099503,38.906176374978614,38.953765076120106,-1.5313619194773906,40.53010598705859,43.107098446269625,0.1647995627293035
689,41.43331446216618,41.167883891942054,39.61563034993465,38.45419442408427,30.031026246642377,40.51299160478629,43.12008048037595,0.16867660182097655
690,41.40840381188853,41.27898293810842,40.08437389800163,39.29712351811858,34.460423734307234,40.78296551069702,43.0951698300983,0.1686766018209765
691,41.42700314626094,41.03467801759715,38.990639716603084,38.04694824076838,14.732425997936744,40.306223274613565,43.1137691644707,0.16867660182097657
692,41.40978643498733,41.24993022981528,39.263098650732694,38.75531114993104,-8.19963221454259,40.54989571291365,43.110444804039886,0.17006583690525517
693,41.38502903092247,41.14356503427045,39.645936033395834,39.19087881749992,26.15784782940457,40.47334306949814,43.08568739997502,0.17006583690525515
694,41.39444975701596,41.1485094402653,39.43782207095242,38.59956470592552,27.573558036288233,40.39733453417358,43.09510812606851,0.1700658369052551
695,41.394913580105566,41.18475976400032,39.358082698517286,38.22373990916511,24.540994853597383,40.29319227355687,43.08540110977869,0.16904875296731176
696,41.42299503251461,41.15259550650064,39.52833129853468,38.487983410921764,32.49009359666921,40.414516734915345,43.11467016974474,0.16916751372301309
697,41.427960012323275,41.33199542926258,39.394448106712844,38.46697235304709,28.820620162691213,40.458772094759965,43.127048251966414,0.16990882396431367
698,41.403006401006216,41.13707219696569,39.309610183539384,38.75743192589407,23.683957365004225,40.37879976256506,43.102094640649355,0.16990882396431387
699,41.41248655217007,41.19448972369215,39.50782131808684,38.70137305206999,19.1277044218252,40.67842796127962,43.11157479181321,0.16990882396431387
700,41.44641751181665,41.17525281722386,39.25208349548208,38.74145007262781,24.531592536581517,40.21047704056814,43.14550575145979,0.16990882396431375
701,41.39160881985181,41.153355227957796,39.536655240639384,38.832730156089994,17.36912070745847,40.56034674942543,43.090737277755835,0.1699128457904021
702,41.41721007296831,40.93478517805866,38.766256475880866,38.285133453924416,9.715105429713965,39.89114130536592,43.10892542845932,0.16917153554910133
703,41.419689531932875,41.231560990581585,39.42615483080868,38.40767649806887,31.50553676924702,40.15724369902854,43.11140488742389,0.16917153554910133
704,41.39941290724863,41.14718405159987,39.69013416781593,38.72927718447627,31.584889744998417,40.520688242847925,43.092318274257806,0.16929053670091773
705,41.427800566825546,41.17700745217886,39.5955003897397,38.60090639299174,30.109882685902747,40.355930046911055,43.07495315267937,0.1647152585853826
706,41.46029985117078,41.07032356710442,39.33620231107337,38.53234352643714,27.83523332154598,40.54290333695725,43.107452437024605,0.16471525858538266
707,41.465847406291964,41.18692886411248,39.61197012654814,38.89274965579155,26.954177292198835,40.591145439834946,43.11299999214579,0.16471525858538275
708,41.45408047302639,41.22964746688615,39.829452716505955,39.10419199939919,29.045640593585034,40.69615631328388,43.10123305888021,0.1647152585853827
709,41.45310810428102,41.03207326607132,38.88152630029104,38.15746358760273,9.774281022347601,39.912582556357144,43.100260690134846,0.16471525858538272
710,41.47620626065621,41.080779790127615,39.31293088186056,38.171591690706165,22.99654050907713,40.0464630638846,43.12335884651004,0.16471525858538263
711,41.45009083898101,41.187184303155696,39.47982256881064,38.77443748885227,23.012503480038944,40.44770124220892,43.097243424834836,0.16471525858538272
712,41.46370060256377,41.274214611769644,39.562629685996825,38.57792729413875,31.637547245679148,40.515899788100064,43.1108531884176,0.16471525858538283
713,41.45713654184007,41.21338316709002,39.48244616675507,38.310460316849664,24.26809705406037,40.39100768679958,43.103686568107825,0.16465500262677507
714,41.45911488510498,41.32329363477757,39.74365096690709,38.73723911397128,20.690551128553217,40.60835784903105,43.12246250712296,0.1663347622017977
715,41.437554149286484,41.14725195541628,39.299468570455005,38.62607064028238,26.01014769495307,40.22680165912755,43.100901771304464,0.1663347622017978
716,41.461566070559336,41.29701937074698,39.46001397663411,39.1472178946541,16.553185761479448,40.70493756877791,43.124913692577316,0.1663347622017977
717,41.449155067402735,41.202688574945476,39.60283626415741,38.830462585175596,17.372929605675328,40.58976245832767,43.112502689420715,0.16633476220179774
718,41.44206094823163,41.14092064566523,39.38475384172069,38.693053031565775,27.80607684186093,40.40194346488433,43.088620530068376,0.16465595818367493
719,41.43588348479242,41.10992140619434,39.33468695879869,38.53270478801954,-12.750547458185252,40.3208402195407,43.08244306662917,0.16465595818367507
720,41.4374694787056,41.20002607596107,39.86655790963181,39.100500750338306,28.74099190527952,40.46333633134536,43.09799300502277,0.166052352631717
721,41.443963249875445,40.92454106841928,39.450070137053665,38.29730220383977,27.45401127503928,40.1816085956131,43.104486776192616,0.16605235263171705
722,41.45270227471956,41.17683758842942,39.61878219945132,38.93296826533746,27.698257259784423,40.59513258585561,43.113225801036734,0.16605235263171703
723,41.42526351121219,41.16273296683561,39.470402502381006,38.67897771700717,16.547301490730064,40.58596546362476,43.08578703752936,0.16605235263171716
724,41.42517061578815,41.06301321389845,38.94850660049251,38.056355933487765,-2.362338154700055,40.29404531894386,43.08569414210532,0.16605235263171708
725,41.46190152234994,41.200539177343806,39.5848772806586,38.436494028198254,30.510142096709032,40.24224985819208,43.123589949578374,0.16616884272284357
726,41.43274964622483,41.02433293746958,39.12689785881389,37.99998955425936,28.049282894382408,40.179741527110934,43.09443807345326,0.16616884272284357
727,41.43972408059846,41.23169171625967,39.369969224682094,38.72660045716776,26.552179798693672,40.37120216002256,43.10141250782689,0.16616884272284355
728,41.43704155138072,41.2590738658375,39.59244642631163,38.924189208066025,29.764744253660417,40.612211564654395,43.09872997860916,0.16616884272284355
729,41.45902286440438,41.20516984353435,39.864290735388,39.257416637543365,29.637626150852938,40.5349247335485,43.09615092193657,0.16371280575321873
730,41.472720101096,41.101391170253116,39.590267449948,38.74431672530216,27.077139567998945,40.33895633009558,43.10984815862819,0.16371280575321875
731,41.46555409915441,41.11293617804501,39.46280122514173,38.60458187641096,15.288974562869306,40.31182884158041,43.125919038671015,0.16603649395166012
732,41.452869512726544,41.21941763478706,39.32576150081372,38.10381313998143,27.852145489181403,40.55241832542607,43.11323445224315,0.1660364939516603
733,41.45562801760678,41.20132739225908,39.93108245267429,39.20430515772064,31.607989226097583,40.66780105068078,43.11599295712338,0.16603649395166015
734,41.45983401121817,41.070116906721374,39.20152372178988,38.232025458619596,25.743771654583043,40.0467055460804,43.12019895073477,0.16603649395166006
735,41.418608931907485,41.19939665580215,39.64043019943217,38.53697460832069,30.78448773684696,40.39016666539421,43.07897387142409,0.16603649395166029
736,41.440904923834616,41.24063690406813,39.62909491312565,39.454291184203626,29.677737899375302,40.52569809910407,43.10126986335122,0.16603649395166015
737,41.45350785883404,41.25906894424363,39.61560821400649,38.619058590095385,26.61690155454595,40.63943571572132,43.11387279835064,0.16603649395166026
738,41.45403585000934,41.197522146441834,39.06917352528464,38.347492611553946,-7.853087965676998,40.19338111406864,43.114400789525945,0.16603649395166015
739,41.44263521738104,41.28953575672604,39.56173168703165,38.66718847286037,18.560811736624252,40.41115599375503,43.06993194052521,0.1627296723144173
740,41.47374008077403,41.20168128454971,39.67075499356827,38.752682869919155,30.70920342294142,40.29105791636201,43.1010368039182,0.16272967231441707
741,41.4597831727326,41.25543536198772,39.50202447828701,38.166053313053744,25.688579671494228,40.61025956150469,43.08550324317476,0.16257200704421665
742,41.48554580434006,41.15839956454898,39.6160530101224,39.20513137093309,8.217583333264756,40.546445475699045,43.11126587478223,0.16257200704421662
743,41.48842275058804,41.19570109495024,39.443686165997164,38.490998234002376,31.871125763804457,40.26761035613745,43.11414282103021,0.16257200704421665
744,41.490606924367704,41.07682687172748,39.66085879694422,38.63477575990923,23.902334925711507,40.52264333920269,43.120217446259815,0.16296105218921086
745,41.47221593222928,41.26638378478877,39.63510403415672,39.0525943510802,28.517079361626777,40.65364891804204,43.101826454121394,0.16296105218921092
746,41.462126093072506,41.1859767893672,39.350348924670904,39.16416395059994,5.9168206267648245,40.45041894014463,43.09173661496462,0.16296105218921095
747,41.48744402599871,41.191056059406556,39.96944159004759,39.523748470318615,29.9904054550245,40.69142832816018,43.117054547890824,0.162961052189211
748,41.458703903911896,41.22777005093786,39.88352566887309,39.162559696176054,31.767978765046855,40.45942517947461,43.207477769579114,0.17487738656672186
749,41.46900897140849,41.295361271967636,39.84850045463786,39.29608759121921,28.48882808877812,40.7595864055242,43.21778283707571,0.17487738656672194
750,41.46137863220722,41.31762966478886,39.83137332866069,39.35157196941895,25.1072004318512,40.79615938934728,43.21015249787444,0.17487738656672186
751,41.470778881611814,41.141430111454895,39.44550022032894,38.433785714973624,24.70438503299661,40.211809308261884,43.21955274727903,0.174877386566722
752,41.469241345989985,41.12363550325785,39.42166697256386,38.893134451906796,22.523386706140677,40.475529507805476,43.21412476020726,0.17448834142172764
753,41.47712508373529,41.200809135996636,39.76027002066346,39.10445222820395,28.4491430254886,40.569094077756034,43.181500306207084,0.17043752224717987
754,41.4992080531276,41.276301420609194,39.93896453067916,38.88558978426127,34.30799762889786,40.60090534282885,43.2035832755994,0.17043752224717973
755,41.50568058683034,41.205405941636904,39.730394400203096,38.853813468463805,29.010433105672416,40.54019239797105,43.21005580930213,0.17043752224717956
756,41.498123935692306,41.272148524387845,39.07468772600453,38.516700645269204,-1.2695413872183252,40.6621607144384,43.2024991581641,0.17043752224717973
757,41.504269919354606,41.3142183501819,39.57601160769089,38.990672554072326,22.18426474659999,40.65249025406011,43.17289237574533,0.16686224563907184
758,41.50106019084507,41.26553220382874,39.605601861707946,38.77213098022869,25.224477585976945,40.42181505620495,43.16968264723578,0.16686224563907157
759,41.509810278410086,41.19142569568526,39.40090089984451,38.4161348752632,28.86004399498561,40.38039587520721,43.1784327348008,0.1668622456390716
760,41.51398939842963,41.31568633659883,39.70736687056441,38.84054461994465,25.696856441541755,40.43670029330987,43.218817045120566,0.17048276466909346
761,41.52024175488446,41.27549057867327,38.8667818329025,38.185712589325504,-12.78517669066244,40.15285920260921,43.2250694015754,0.17048276466909354
762,41.52150310944811,41.218461304643554,39.56681781133354,38.54258555890203,30.22183804310826,40.366527760579366,43.22633075613905,0.17048276466909354
763,41.50827100408058,41.22416027990736,39.74893319285806,38.837785394842065,32.69423412132846,40.585700545350406,43.213098650771514,0.17048276466909357
764,41.50786153659899,41.341004602869845,39.72471672516167,38.82700513219711,29.105821241370695,40.37633131532124,43.20952690562975,0.1701665369030766
765,41.524152679904795,41.226401040599384,39.370196826876516,38.71625418738077,30.078985849393373,40.31943820000875,43.22581804893556,0.17016653690307665
766,41.51216021136858,41.1844809375678,39.49552488476247,38.50176440565319,23.078432546748857,40.61156240780588,43.213825580399345,0.17016653690307643
767,41.53085618811819,41.265790288375484,39.58127550412046,38.373814033084926,29.56862427410003,40.320106790748255,43.23252155714896,0.17016653690307662
768,41.50531411153286,41.283001917235026,39.486790029594395,38.630131108269296,30.477117034836144,40.37416391281881,43.18331308059334,0.16779989690604752
769,41.52834283639108,41.299940340238535,39.56851162122981,39.16815438944393,20.557543575649888,40.910476349764046,43.20634180545156,0.16779989690604755
770,41.51835201174146,41.193339155834664,39.3545930035612,38.717120854200594,27.066607169044303,40.36858603796958,43.19635098080194,0.1677998969060474
771,41.52398359902503,41.32407686042668,39.453556126189845,37.993678691895674,30.53593469207505,40.232844054904625,43.201982568085505,0.16779989690604735
772,41.51205164569658,41.33618750169767,39.62645819051824,38.907571939963844,28.54139090333762,40.4646461393911,43.190050614757055,0.16779989690604746
773,41.54912392586898,41.27713479047531,39.53806204474386,38.41142555023751,28.971773515280525,40.127309723100566,43.22712289492946,0.16779989690604746
774,41.54684563673853,41.33913478069445,39.18722874668624,38.74146329572385,-8.002176507666839,40.67918929984036,43.22484460579901,0.16779989690604752
775,41.54318005492451,41.34152256697889,39.987616574930904,39.416836753697105,16.597634011486484,40.836875037685346,43.22117902398499,0.1677998969060474
776,41.537786623442464,41.279974153439696,39.52257799181383,38.88706654981433,22.152155522099438,40.3698825072815,43.21459558098477,0.16768089575423092
777,41.5224024458231,41.278868083744456,39.39406240698632,38.13084559431575,27.76281749950833,40.66703444289011,43.1992114033654,0.16768089575423087
778,41.52320443762728,41.24755373636045,39.49904975591091,38.359868438809606,28.856325068382816,40.57261603732178,43.200013395169584,0.16768089575423087
779,41.53231849070044,41.30010165306826,40.075650761849886,39.29617186609415,31.2182822114744,40.81565506469828,43.20912744824275,0.16768089575423087
780,41.55524263027686,41.181089395944724,39.270759373569135,37.47524944665882,30.39788587261853,40.240397723950984,43.23123683577319,0.16759942054963303
781,41.54866994418348,41.29872663949695,39.95296199079978,39.24609075517657,30.05124954150739,40.5962568239795,43.22466414967981,0.16759942054963312
782,41.53039787061035,41.215274087831325,39.62698492600084,38.66817161935687,30.36150075846198,40.53602307124042,43.18720412467865,0.1656806254068301
783,41.55496241869236,41.182446226109,39.55952728781828,38.6784695209302,28.933010728047513,40.29751331264376,43.21176867276066,0.1656806254068302
784,41.56182605165398,41.237001347546176,39.53816492758133,38.461716547842784,28.31843494280181,40.5169029408914,43.21863230572228,0.16568062540683018
785,41.58007697055401,41.38751820946723,39.81482245792807,39.07010246171421,29.40656620252549,40.89405195823188,43.23688322462231,0.16568062540683007
786,41.54644603203645,41.27825390281859,39.57544242583799,38.49763279573046,27.144971283782073,40.3789253703319,43.20325228610475,0.16568062540683023
787,41.54262120845522,41.274749829959546,39.57448100634035,38.62379219725788,30.943419332169093,40.38470903242231,43.19942746252352,0.16568062540683018
788,41.54908741033777,41.24096031892901,39.17545338219724,38.04873445206457,21.639120258131772,40.244224819697926,43.20589366440607,0.1656806254068302
789,41.55501163567209,41.28937963978469,39.936901450670256,39.17940423625481,29.882655770879325,40.68939288872189,43.21181788974039,0.1656806254068303
790,41.53027578201495,41.39336444305319,39.73469730124372,39.20746983963792,17.821322591406854,40.73165942639393,43.18708203608325,0.16568062540683018
791,41.543092572181585,41.24365261725737,39.3667461770645,38.53646404297978,23.883061138461905,40.39667308110481,43.199898826249886,0.16568062540683018
792,41.52121754958265,41.33404518783901,39.87586489867222,39.15259425207691,28.859363034530315,40.606772830325326,43.17802380365095,0.16568062540683018
793,41.559077798601024,41.340783078931494,39.46526646154075,38.32012055420315,17.065283761805034,40.497070931392365,43.215884052669324,0.1656806254068303
794,41.536076929879044,41.222651585292866,39.49837883723601,38.497000667577566,30.052731506170137,40.541982238317146,43.192883183947345,0.16568062540683007
795,41.57694284963639,41.27871098712843,39.36949063304284,38.787484315041404,20.58801701145856,40.60727944473619,43.23374910370469,0.1656806254068302
796,41.54593824717556,41.33525427878656,39.365515466284265,37.98805656500797,24.66069860809672,40.704341571779736,43.20274450124386,0.16568062540683
797,41.55523001906571,41.36197298101971,39.93483255351847,39.348417867424615,30.536063916561737,40.789586562264844,43.21203627313401,0.16568062540683012
798,41.56289496936044,41.11296117976336,39.89243752777661,39.19993067791628,31.804501109106,40.3027410311668,43.22827586917318,0.16653808998127403
799,41.549823969782594,41.20834448076271,39.11064618332783,38.126849436990334,7.527300151964283,39.92844456022674,43.21520486959533,0.166538089981274
800,41.541776068077056,41.18684376948374,39.05994143554295,38.170230789207785,16.04920883903429,40.5303466850537,43.207156967889794,0.16653808998127398
801,41.51975669526697,41.33815827055924,39.8180185139402,39.402909617441026,30.815300092014695,40.764587821380005,43.18513759507971,0.16653808998127398
802,41.54992390350221,41.373316032678254,39.6720344221875,38.776625345042255,26.419274400738978,40.54966815394203,43.21530480331495,0.16653808998127395
803,41.546729067966986,41.14639876786084,39.266215879259896,38.48348625964825,25.667319969751862,40.072249283213466,43.212109967779725,0.16653808998127392
804,41.53197180569509,41.13481312052448,39.310289603141335,38.11455782796884,30.3127528573418,40.38392583838602,43.17894318838964,0.1646971382694543
805,41.54734491515984,41.2609551405897,39.27734038102797,38.8732438289796,-7.921906968549422,40.42073624829358,43.203046635122014,0.16557017199621724
806,41.57035007465296,41.31660511448309,39.87666295800966,39.16452104435445,27.109913629624963,40.68064758411144,43.22605179461513,0.16557017199621724
807,41.54452866367344,41.27169916232194,39.73825752674238,39.008072795053174,28.057933633502614,40.46453632522225,43.22841763199344,0.16838889683199948
808,41.59633276118325,41.31226875695376,39.58908497467665,38.617331452628434,28.65639692935439,40.42955284297719,43.280221729503246,0.16838889683199976
809,41.58158328617211,41.306232277087815,39.61100413175141,38.903798879288715,20.891855842830694,40.379601968878994,43.26547225449211,0.1683888968319997
810,41.599575778344324,41.286872077699186,39.7427311949077,39.11818712262108,17.826753085283656,40.449485876509705,43.28346474666432,0.16838889683199967
811,41.57491991657197,41.23033414718868,39.8959042776977,38.956196380446094,28.66655909273227,40.50348740836479,43.25880888489197,0.16838889683199948
812,41.612262613870044,41.31148241858711,39.42871394112933,38.63658243338442,23.495347246209377,40.5691425102187,43.29615158219004,0.1683888968319996
813,41.583746867739904,41.33552986877597,39.643926866331434,38.77985994140891,26.182132103710586,40.559880567756046,43.2676358360599,0.1683888968319995
814,41.57852683437689,41.41013152045734,39.92932940408915,39.45102313097529,26.48617081507272,40.85833249362271,43.262415802696886,0.16838889683199976
815,41.58377136186121,41.23001881837844,39.62497312835568,38.683851366345515,29.74841438577865,40.47836751217517,43.26766033018121,0.16838889683199978
816,41.611734270512976,41.352957898521936,39.635074023207146,38.5222949780545,22.76775418580862,40.60906237245907,43.295623238832974,0.16838889683199956
817,41.57228003685496,41.36516883349151,39.42703723207075,38.501053728148484,22.44598485116481,40.62905196961905,43.25616900517496,0.1683888968319997
818,41.562084069712135,41.297920642905126,39.806595917977226,39.18635499717633,27.405384763629385,40.71469338472147,43.24597303803213,0.16838889683199965
819,41.575750943823444,41.340464995699165,40.19408593749589,39.52456645677263,30.34889096863309,40.859802163817875,43.25963991214344,0.16838889683199976
820,41.55917015733918,41.35715869432457,39.6865084993912,38.73061028126495,30.630652461026997,40.77274419663274,43.24305912565918,0.16838889683199956
821,41.57748708099223,41.37174462107833,39.79593280312401,39.06302718515998,23.532950142135892,40.72862128194453,43.261376049312226,0.16838889683199962
822,41.615631595632365,41.23666977297526,39.652954875794094,39.016413317770706,19.10527499969189,40.37778183128117,43.26789778735068,0.16522661917183135
823,41.60072901386942,41.244410727195465,39.720762760402714,39.17876877156578,31.603168463115672,40.66494666575245,43.25299520558773,0.1652266191718312
824,41.62894546350402,41.270450548377184,39.291604631159785,38.009749928318946,28.764669200821317,40.22299561468841,43.28121165522233,0.16522661917183137
825,41.60053270985528,41.39820581827046,39.88829038380808,38.907840201125424,34.02146069855333,40.437998164979795,43.25279890157359,0.16522661917183137
826,41.60281473683628,41.32014549697441,39.87020261339209,39.1762444453356,27.90464199098338,40.79533312913914,43.22084833234561,0.16180335955093303
827,41.64897108765529,41.38476232989241,39.75205769037953,39.595004823402384,16.395790524885214,40.937877869088574,43.26700468316462,0.16180335955093308
828,41.63871174467697,41.32079666085515,39.96645302433801,39.110195008671404,32.5818945614778,40.604450294702076,43.2567453401863,0.16180335955093308
829,41.62631503774064,41.26218518584888,39.64030370554637,38.829260200542485,30.374558591456083,40.46972128814931,43.24434863324997,0.16180335955093297
830,41.65219163246793,41.30749204853195,39.933389660082234,39.07684547130396,30.692521164833956,40.49834860620686,43.226688977685676,0.15744973452177402
831,41.669911895768884,41.53803678975693,40.01970997082297,39.28868528073689,30.289022923459303,40.77949419629203,43.24440924098663,0.157449734521774
832,41.67010428207841,41.416250774114395,39.92870075436937,39.152045879108854,28.792302774666112,40.76929436378836,43.244601627296156,0.157449734521774
833,41.67269676220566,41.51905692797699,40.073571508346845,39.465499989166965,26.25601828777761,40.94244788034011,43.247194107423404,0.15744973452177397
834,41.68688128829058,41.34004995104548,39.7801298437791,38.56232141171479,28.867699354812974,40.45347190598611,43.26137863350832,0.15744973452177405
835,41.66383664993907,41.44368250723733,39.80615593019362,39.052108894524295,28.00004237810798,40.90787139442295,43.238333995156815,0.1574497345217742
836,41.66661589380035,41.426355933909676,39.70661940765149,39.040100926018305,20.9319739181245,40.54210168301407,43.24111323901809,0.15744973452177402
837,41.68031917524405,41.42594411525659,39.840670517470265,39.04086360418478,22.600805700101592,40.899987449870295,43.253651619550524,0.15733324443064758
838,41.699102755882876,41.39956089073406,39.44305420276366,38.956099782752744,26.94220932041522,40.69111219042974,43.27243520018935,0.15733324443064747
839,41.657893058083005,41.33527187767778,39.734830351007886,38.83350225490212,31.790576031837414,40.35725664603265,43.240084058355734,0.15821910002727257
840,41.70837253320558,41.554145483431924,39.980304765780815,39.15692523625428,24.960711738622834,40.86684189350533,43.29883977662727,0.15904672434216824
841,41.689291710775976,41.392395263590245,39.65564287411524,38.56017452897137,30.332454102520586,40.64800069613034,43.27975895419765,0.15904672434216804
842,41.71110042534929,41.436948052608905,39.58917426128774,38.90730198713035,23.418504383223024,40.436613277888355,43.30156766877097,0.1590467243421682
843,41.70498008588791,41.38284864867712,39.86466504597106,39.22049499228403,20.587646921840182,40.66719810668036,43.295447329309596,0.15904672434216816
844,41.71164142164775,41.50836532223588,39.9098801612701,39.273259896183276,25.168418786059625,40.86061123152548,43.30210866506943,0.15904672434216827
845,41.691088589233864,41.55571524660156,39.97707392480827,39.07422367950875,30.505181023427873,40.66833511052341,43.26748003410806,0.15763914448741953
846,41.725563839034685,41.53978398608603,39.593308136683156,38.75562649064667,22.35445009847402,40.81918790443661,43.30195528390888,0.15763914448741953
847,41.76418961621661,41.43355646629443,39.695868586679055,38.53134527366302,28.887313134599808,40.547873690628805,43.314906648659736,0.15507170324431271
848,41.74111659809205,41.548794199736506,40.03962311743907,39.55730252169892,27.551025078264786,40.99506013790146,43.29183363053517,0.15507170324431271
849,41.72238853475917,41.59761250842304,39.95636525221324,39.03199724958489,28.34034678351381,40.89662909992629,43.2731055672023,0.1550717032443129
850,41.74909007563312,41.44581592553485,39.86470798752488,39.12625915560857,28.32402700409527,40.712035444637706,43.29914016892452,0.15500500932913974
851,41.75412949191738,41.5131237697195,39.90268446703813,39.02904012555454,30.476731750936064,40.5736780287382,43.30417958520878,0.1550050093291397
852,41.757121025250605,41.45521224682954,39.8955109991004,38.86948842332956,30.332264068615537,40.58155948708517,43.307171118542,0.15500500932913985
853,41.74198831120525,41.56041346658808,40.0987160590472,39.43140499733888,30.697112631480906,40.99810186646968,43.292038404496644,0.15500500932913963
854,41.75630948845226,41.55388127440133,39.92487719398296,39.109751443904194,25.80629026894606,40.873154521616684,43.304539880885045,0.1548230392432788
855,41.74752425475422,41.5542825774691,39.75648913753383,38.610175353140924,22.842881786320376,40.830056442556256,43.295754647187,0.15482303924327856
856,41.76474425850847,41.59475319305411,39.979498152885064,38.67949853170246,22.291012781700722,41.050399359223114,43.31297465094126,0.15482303924327862
857,41.741445082313746,41.232247999148804,39.66371206698409,38.93629645157677,25.20676592863109,40.48993381110165,43.28967547474653,0.1548230392432787
858,41.74024024433323,41.52810347017609,39.72046206668913,38.3484415317576,29.36295955036463,40.78805222514596,43.288470636766014,0.15482303924327878
859,41.740821496266435,41.47691136756248,39.71194369526668,38.668093294614025,27.467197018473087,40.72419775781778,43.28905188869922,0.15482303924327875
860,41.746182520201245,41.49905391284999,40.10447685314867,39.47476430308888,29.461440539695975,40.95247555572966,43.23387179619559,0.1487689275994341
861,41.75929175308076,41.364685657275764,39.6090739878547,38.65765793949188,29.497722459903287,40.341835757783954,43.2469810290751,0.14876892759943425
862,41.7832444187927,41.53330814462763,39.39828089132596,39.44911931046271,-12.04044766203036,40.953956497880846,43.27093369478704,0.14876892759943397
863,41.77064422859375,41.50934123735556,40.20267212177158,39.73229293738635,32.57851289580892,40.99096353571972,43.258333504588094,0.14876892759943416
864,41.75591049349937,41.57146880147873,40.004683150814216,39.215243807754064,24.471601818644103,40.73714196823058,43.24359976949371,0.14876892759943408
865,41.78671273697758,41.28458551565556,39.473444218073034,39.26715979253345,27.319074122042302,40.316134617918095,43.27440201297192,0.14876892759943414
866,41.734428023038795,41.551413431375295,40.06380445448838,38.83488553806747,26.881127843507684,41.18479541473441,43.22211729903314,0.14876892759943414
867,41.74963073915133,41.523024001415024,40.10027650133,38.95547934385592,31.67767727277434,40.95951370479408,43.233585286937696,0.14839545477863653
868,41.79049770859084,41.4622316448864,39.82388187810849,38.64929091167885,31.075923985232187,40.59826208649521,43.27371094613591,0.1483213237545064
869,41.76561789028643,41.57301784923189,39.386228656829026,38.30619161735374,16.7403515093834,40.7420207480142,43.248831127831494,0.14832132375450643
870,41.753812307028554,41.4823341001297,39.66439767342194,39.03468975899363,28.092010944260185,40.85186619453248,43.23702554457362,0.14832132375450632
871,41.76817561758808,41.467064398839355,40.03606720738225,39.25513185445322,30.213890995961954,40.92487085876731,43.252034509362176,0.14838588917740994
872,41.760068528692386,41.37048915995862,39.91836902259898,38.926949113454235,32.17308709064727,40.475910973658294,43.243927420466484,0.1483858891774099
873,41.73815530248916,41.34507104840313,39.56558453046484,38.98640625090444,24.206575233207218,40.62793097908587,43.267520731721845,0.15293654292326822
874,41.720463720640566,41.573044062559944,39.583427798703504,39.28003766227331,-8.5815186633154,40.670313341261604,43.24982914987325,0.15293654292326828
875,41.694435022143054,41.507894173653455,39.6031164986806,39.196869014600914,8.248575013281986,40.794263297001514,43.22380045137574,0.15293654292326825
876,41.717541632609894,41.51885031140589,39.81067621088289,39.36848032920868,20.932187052238213,40.93871091157165,43.24690706184258,0.15293654292326822
877,41.71372093341595,41.45215783155475,39.695958155115065,39.11013726711871,17.97489906251973,40.88370746296323,43.24308636264863,0.15293654292326825
878,41.73272724003529,41.42444113988383,39.75544854291493,38.59816486395493,25.812800031499446,40.668582616075,43.26209266926797,0.1529365429232683
879,41.719645791910125,41.40688982439505,39.55869581821218,38.81311173422271,24.124823402949787,40.686513737396716,43.24901122114281,0.15293654292326828
880,41.72590586972184,41.514916289062704,39.935370621562804,38.9970324811523,28.8786984235921,40.96532459610391,43.233145716395974,0.15072398466741296
881,41.741319899303754,41.59695750773988,40.06497619457776,39.41403849692401,24.441223376150212,40.71569118486174,43.248559745977886,0.1507239846674129
882,41.745377787570696,41.47647477010144,39.767088145028495,38.85035079296145,24.1747488982896,40.7565735512012,43.25261763424483,0.15072398466741288
883,41.77048600568678,41.50938081039658,39.51367494073619,38.43858117950451,28.061008104740964,40.41041423806982,43.270715519995086,0.15002295143083122
884,41.73885500750894,41.48738122565922,40.00866300204153,39.47952376688352,22.004321863014844,41.08198954471085,43.239084521817254,0.1500229514308314
885,41.76111758277883,41.59236835836544,40.14491210971579,39.41253195973095,28.027673030825508,41.026220289234665,43.261347097087146,0.15002295143083133
886,41.77077371137358,41.5712723068162,39.16022667604013,38.05284758244229,15.44959671028959,40.877401332163046,43.261153830655424,0.14903801192818478
887,41.75823862616012,41.57130005548608,39.65689038080341,38.842652480288066,23.916761741925793,40.58838380321748,43.24861874544197,0.1490380119281849
888,41.767808878121706,41.56463079648143,40.064546055733594,39.50933992626166,25.832056498603585,40.79610084078959,43.25818899740356,0.14903801192818486
889,41.76520663987948,41.55088288257011,39.737233294730494,39.0324769677553,25.273398017416003,40.72732120948359,43.25558675916133,0.14903801192818497
890,41.78140824696146,41.49594545622768,39.94004034579836,39.52377953168389,24.48905486775993,40.93909025997678,43.271788366243314,0.14903801192818494
891,41.7654981459476,41.515665949018214,40.120793962169024,39.34789478872547,29.549818688868164,41.034144808712824,43.25587826522945,0.14903801192818475
892,41.76180035837872,41.561878664749436,39.70242433444637,39.36653758827089,22.21414302636187,40.82176555180908,43.252180477660566,0.14903801192818483
893,41.752500173897836,41.43495888116787,39.97300627780816,39.20819408042734,30.846845326304404,40.57743219895201,43.24288029317969,0.14903801192818494
894,41.7373147205688,41.32476608701875,39.70608207136205,39.138779956997396,23.02503584072793,40.68763475115149,43.22769483985065,0.14903801192818486
895,41.76181089781881,41.52366670273209,39.61153110766313,38.597326561443396,25.47847031930209,40.767141403002796,43.252191017100664,0.14903801192818497
896,41.750078774653645,41.54456984858086,39.87027558826083,38.93968640971983,30.160777650240412,40.91311253364379,43.2404588939355,0.14903801192818492
897,41.76366232736602,41.27129908105845,39.542333994553,38.81521176725205,25.312513152704046,40.265401790935485,43.273916470291624,0.1510254142925607
898,41.735070808900566,41.31660306541149,39.59226832460124,39.244719445973736,7.658611452339116,40.73271348400556,43.24532495182618,0.15102541429256078
899,41.7197582972642,41.48303603110759,39.43068838789341,39.390110901873214,-1.1594737759177178,40.79790265137474,43.23117734110107,0.15114190438368716
900,41.728349269702484,41.395651726511595,39.58205044542724,38.085619520265425,29.165768596844078,40.246701747041485,43.23976831353936,0.1511419043836872
901,41.72948309470857,41.50024636905573,39.60581611861803,38.98323610849663,27.44069374647478,40.862100141572476,43.240902138545444,0.15114190438368733
902,41.738030407547264,41.372376721710694,39.579541756857225,38.82196602945632,24.493195806830233,40.705195436617345,43.24944945138414,0.15114190438368727
903,41.74407205476321,41.52745434811193,40.05947188296074,39.53531150797337,30.054076390329037,40.67355898986507,43.25549109860008,0.15114190438368721
904,41.76258190827725,41.45806151732782,39.91726565634423,39.21290147230427,31.133620604438132,40.77703529978157,43.27400095211412,0.15114190438368721
905,41.74039126479303,41.496575279401256,39.68150072044177,38.682973553785466,30.966548765249794,40.52919476749406,43.251810308629906,0.1511419043836872
906,41.728235309552154,41.55235091659397,39.69018735609445,39.181998437250556,7.747288521931672,40.94607017471685,43.23965435338903,0.1511419043836873
907,41.73431236641799,41.45302812977739,39.79039817154627,39.301291538738596,24.44445566132563,40.72311833351043,43.24573141025486,0.15114190438368708
908,41.757454782298645,41.330060492891704,39.76033433051338,38.86877331141861,29.77527385914729,40.593537303654564,43.26887382613552,0.15114190438368727
909,41.74753171071688,41.47547052166901,40.01730278174589,39.00695508891441,30.60910749199305,40.87175720558257,43.25255414170222,0.15050224309853405
910,41.71662492201393,41.513950812857054,39.40673710896979,38.41340507040022,17.11138685502661,40.50174420641451,43.2273724843522,0.15107475623382766
911,41.731974454423316,41.458767413690445,39.77848738600452,38.7103147471518,29.941188684737824,40.53805076704399,43.24272201676159,0.1510747562338277
912,41.729039467202966,41.587660619461545,39.81706189135027,38.68513048479648,28.604450582209125,40.794854989127344,43.23978702954124,0.15107475623382766
913,41.74446628895423,41.577595554515845,39.814141348820066,39.16678028759668,23.707474676699743,41.0460387041816,43.2552138512925,0.15107475623382766
914,41.747492979459,41.384685581778015,39.712284636127066,39.08230287846447,29.33413465249935,40.55028281929572,43.25824054179727,0.15107475623382763
915,41.732524469744924,41.27881214788252,39.5582799423405,38.43200052329651,22.94347435605599,40.55718727360903,43.2432720320832,0.1510747562338277
916,41.73863101953808,41.544503240416596,40.01611740307261,38.9202678011629,31.112873877446205,40.90580879443886,43.24937858187636,0.1510747562338276
917,41.754462523180315,41.50743282852563,39.7506312885529,38.61050588114683,22.99232644301506,40.86606679845063,43.1968356405105,0.14423731173301843
918,41.78156574385324,41.55919601797956,39.840607224982975,38.92249631617608,27.134695333555854,40.76409804703997,43.22482569902344,0.14432599551701958
919,41.80136223463215,41.4868219609189,40.151169227308635,39.284338409080576,29.98362228585148,40.9184737232835,43.24929954121522,0.14479373065830684
920,41.804251202848306,41.54542780331538,40.26876177657194,39.608224179935064,32.06214703274292,40.82540221471926,43.25218850943137,0.14479373065830675
921,41.78848252293209,41.59587375337842,40.03242401628551,39.30308494886644,31.002471655764012,40.952726128910356,43.23641982951516,0.14479373065830675
922,41.76977331778942,41.488987811518484,39.05393879637816,38.1597186189924,-0.9095748660347809,40.85114747358104,43.21771062437249,0.14479373065830672
923,41.77974931861327,41.503631401449745,39.80227653702607,39.08795356781016,28.996978370324207,40.652908942375625,43.22768662519634,0.14479373065830686
924,41.81008361296904,41.59115078769351,39.80382777715777,39.39596810759365,16.845858131947193,40.66495747040662,43.2580209195521,0.14479373065830672
925,41.81361752766099,41.501372559956636,39.84046229816283,38.73166375262201,29.711358888636664,40.87133183852534,43.26155483424405,0.1447937306583067
926,41.89702052398579,41.45734141327478,39.633075387127704,38.434488503661775,26.377757590463194,40.49480033325238,43.191122268894816,0.1294101744909026
927,41.953260078926036,41.68424500868835,39.87803556215673,39.24726386541285,25.200845370449873,41.099485535462605,43.24897986350367,0.12957197845776386
928,41.928425028437836,41.661857650075355,39.60532894403222,38.84009510683484,23.427218067025205,40.906661433757904,43.22414481301547,0.12957197845776383
929,41.95458745161321,41.67808684100866,39.81039992432122,38.41675097954769,30.57787990116823,40.82849127990347,43.25030723619085,0.12957197845776386
930,41.92496915462392,41.6770340964148,39.72033964393002,39.3454889257909,-6.885364677028029,40.87909214678717,43.220688939201565,0.1295719784577639
931,41.928770139915315,41.58600820637404,40.14328142890599,39.24569278040656,32.96165714857918,40.80367801543003,43.22448992449295,0.1295719784577638
932,41.9284314412842,41.72906495021457,39.883507764333345,38.587264782616,29.54404343966582,40.70624352305147,43.22415122586183,0.12957197845776383
933,41.96639034799467,41.56312128748424,39.656524414920604,38.667878286645326,25.442522655409448,40.72742253140115,43.262426360338324,0.12960360123436554
934,41.96968064955744,41.75606471939533,40.18534814958377,39.825751681658126,29.693927159971206,40.87245987360367,43.265716661901095,0.12960360123436554
935,41.92835517551526,41.56849107430308,40.01128836089315,39.27536326181799,25.547903851316956,40.66212680130686,43.22439118785891,0.12960360123436554
936,41.92485529922486,41.50123894418366,39.75694175359065,38.76230697793388,24.714057344620446,40.76550086196715,43.220891311568515,0.12960360123436554
937,41.927347483372884,41.53539186578078,39.80879853491639,38.63872761922593,29.402499185666535,40.66451539846457,43.21891665979503,0.1291569176422145
938,41.96053817260742,41.65896773264453,40.138802665882,39.022982610150315,33.085571464012276,40.73605008553335,43.252107349029565,0.12915691764221457
939,41.948977053487944,41.737112273286805,39.28719482737802,38.73390985438181,-4.907723764582549,40.83474213876568,43.24054622991009,0.12915691764221457
940,41.95531086959001,41.70021022375856,40.01359487426653,39.304555239441996,31.657715273265985,40.778085698358545,43.24688004601215,0.12915691764221468
941,41.95873725680172,41.80268217642303,40.294060720261626,40.20764499414406,16.983678049994687,41.20302519554298,43.250082561110005,0.1291345304308289
942,41.9654733262455,41.773404771157935,40.27296074135321,39.586371622151795,31.836298816943767,41.04181209582504,43.25886507519051,0.1293391748945014
943,41.933965168979135,41.61810204393568,39.81499272800408,38.7857286183106,29.914129209343287,40.948372626598044,43.222290198905874,0.12883250299267376
944,41.9421393461551,41.72535361805344,39.19548585193553,38.19777524256556,-8.33568685792656,40.852852687894824,43.23046437608184,0.12883250299267368
945,41.9674155031914,41.746230148688255,40.010347962792004,38.87811180587311,29.33467932990252,40.89835787024689,43.255740533118136,0.1288325029926737
946,41.954040197609224,41.56094273100121,39.36831130387916,38.47897767560587,15.342392382142652,40.5773925850166,43.24882137424205,0.12947811766328254
947,41.91667559051377,41.69842009119585,39.92347633338646,39.28075836363276,29.61247853376934,41.0022214493467,43.21145676714659,0.12947811766328254
948,41.944891537052634,41.69078779467896,39.830244564223406,38.527054567642075,30.13675189387481,40.62904935253235,43.23967271368546,0.12947811766328263
949,41.94792526208667,41.80874045042352,40.114648562731674,39.1011814413919,27.76495316967567,41.122496067195755,43.242706438719495,0.12947811766328257
950,41.976255552191304,41.73768522407299,40.28945430693935,39.60221268678807,27.43137810717466,40.98629178591847,43.27103672882413,0.12947811766328254
951,41.93634598135932,41.76481001564719,40.02326157924224,39.16021406546443,29.385807453706008,41.098219830538156,43.23112715799214,0.12947811766328257
952,41.93607161167237,41.75647101938911,39.82336629771793,39.074929170198295,25.15275510577218,40.839767866287204,43.23085278830519,0.12947811766328254
953,41.942685333553236,41.722860183641224,40.02436499714932,39.21510529983967,18.23696808987316,40.62442492148051,43.23746651018606,0.12947811766328254
954,41.955049953932004,41.62154543476713,40.091590152834165,39.16258979643665,32.142335515385014,40.87812990301708,43.24983113056483,0.1294781176632825
955,41.93010796931821,41.565188548547965,39.91958224784395,38.89103632077886,28.725181139514874,40.869978311432064,43.22488914595103,0.12947811766328252
956,41.93980985102972,41.5716856840271,40.20714959526565,39.209047517868136,31.12868086272464,40.642845629114866,43.23430262451223,0.12944927734825126
957,41.924306314754,41.628795259285354,39.776782138466835,39.10007025621946,24.65213052031697,40.88273738348077,43.21879908823651,0.1294492773482512
958,41.93943325358419,41.81621463282048,40.360276408364406,39.69580677777782,27.528702760976255,41.09427010664531,43.2339260270667,0.12944927734825126
959,41.93221627973276,41.64314647783317,39.703362417801955,39.31099232559386,22.905415618323662,40.8660264794635,43.23138640462814,0.1299170124895384
960,41.94162676504649,41.656688385565914,40.3028213683966,39.67400253502661,30.775131081421975,41.11312383366822,43.240796889941876,0.12991701248953852
961,41.93605584888645,41.75158096394376,39.964743063531024,39.41642328678263,26.946065258252563,40.967671639752865,43.2347059702232,0.1298650121336759
962,41.93511185655683,41.51964745815208,39.737131990152534,39.2066448699286,16.48671723889447,40.61964373596397,43.233761977893586,0.12986501213367596
963,41.934850651552146,41.61759554879789,39.082034062446404,38.3797127279025,-0.9813345181433917,40.469999882029526,43.23350077288891,0.129865012133676
964,41.93472124172946,41.60331023043904,39.868345076019146,38.995474694843786,27.076320936571044,40.81536060953924,43.23136057326083,0.1296639331531364
965,41.94664880001105,41.71039007970653,40.14353364061138,39.341927239908756,30.762797127580026,40.919174159713684,43.243288131542414,0.12966393315313646
966,41.95856996320798,41.63857539279894,39.74188801583547,39.357201742792626,9.960381551501783,40.58238551220337,43.255209294739345,0.12966393315313643
967,41.91987676451328,41.55548173487444,39.77953699347023,38.7047432373015,29.61669886625637,40.63043511213051,43.22119344745752,0.13013166829442369
968,41.925635586488994,41.77657952259699,40.22045606645124,39.91474707442833,24.06534440409749,41.00231434182309,43.226952269433234,0.1301316682944237
969,41.93152255960981,41.772281485686484,39.70558145737784,39.19894487108647,18.199495447047774,40.827159733566646,43.236573970762024,0.13050514111522118
970,41.90048673316295,41.60786589825492,39.94545157032766,39.3646245041352,26.83406670203692,40.86631982356292,43.20553814431516,0.1305051411152212
971,41.94442886975908,41.571941811990094,39.74194109980215,38.75412658321264,26.91179633426569,40.92666456326431,43.24948028091129,0.13050514111522116
972,41.92863720520997,41.68963028146122,40.25555706170434,39.1074394485784,26.157223017638195,41.104637619244414,43.23368861636218,0.13050514111522124
973,41.9408841397219,41.68984101932881,39.68584663580346,38.636818781077245,22.639108337884608,41.10207329039106,43.245935550874115,0.13050514111522127
974,41.94054751484853,41.70775438657043,40.12603621761509,39.00454349683219,31.674008555271286,40.9212427129487,43.245598926000746,0.13050514111522127
975,41.93970979027215,41.677829425419716,39.68775014619671,38.7394396231474,13.96648931816269,40.58088341614011,43.239903744844646,0.13001939545725008
976,41.92694272365263,41.755254448646305,40.17295163799058,39.239902764703544,29.377157071880113,41.23918674938699,43.22713667822513,0.13001939545725008
977,41.94069531084067,41.73817832117463,39.83472371650814,39.32001291137737,-9.683634428702412,41.04381607053314,43.24275621728382,0.13020609064431554
978,41.92305106851668,41.58337805797563,39.79648778884214,38.60831244825983,27.614204369735724,40.65982309254075,43.22511197495983,0.13020609064431554
979,41.93114066580311,41.669005273674514,39.86490283563524,38.89547923621408,28.565827695297585,40.78968657513888,43.233201572246266,0.13020609064431551
980,41.91311837214005,41.55926628937809,39.62363489517361,38.667381273299895,29.223179456199052,40.15670769514314,43.21517927858321,0.1302060906443156
981,41.93862503628293,41.5329351313699,39.670298264642724,38.825406068851585,26.853262194276063,40.59601789012688,43.253240511887356,0.13146154756044293
982,41.896931177864005,41.64449605593218,40.232752484802475,39.47213545192085,32.66881268119108,41.04198087108941,43.21154665346843,0.13146154756044287
983,41.94415476682904,41.66867488139497,39.87955125572386,38.81313786850556,23.74362009941261,40.77833720996561,43.258770242433464,0.13146154756044282
984,41.919604530243085,41.59455429441344,39.559812703158876,38.52271085595789,26.18956173543116,40.86930939562452,43.23422000584751,0.13146154756044276
985,41.91621471481044,41.68112265608919,40.12535623111912,39.31831059544349,27.443872749111158,41.04305249553676,43.23083019041486,0.1314615475604428
986,41.92937733777571,41.66145508231215,39.83967859997917,39.24326138793874,19.52356115917091,41.129400786792736,43.24399281338014,0.1314615475604427
987,41.930973831783184,41.570148630615755,39.956680263551675,39.17002149010428,31.641163866318742,40.68384461937643,43.24558930738761,0.13146154756044276
988,41.8879726056876,41.60501623982642,39.66688948208821,38.95263081135373,15.285251036098948,40.80487267897743,43.20258808129203,0.13146154756044287
989,41.93795290283467,41.67754742095887,40.08154730499981,39.352356795806564,26.431457945287306,41.039120936847425,43.25256837843909,0.13146154756044282
990,41.92246800523418,41.64133805705072,40.0911982721199,39.27873215988873,28.54076531504169,41.0160159309863,43.237083480838606,0.13146154756044284
991,41.92434121163842,41.75937967035413,40.0301566605332,39.199555582216306,26.968545827219426,41.089641905579136,43.2411444488668,0.13168032372283775
992,41.914951241643564,41.73725039473585,39.90358984549133,39.04574577487067,27.89674899456238,40.80651824021787,43.23175447887194,0.13168032372283778
993,41.89425275049594,41.55385183427288,39.72597527175106,39.343405950597436,25.060540165798454,40.879603513570885,43.211055987724315,0.13168032372283786
994,41.897880538760845,41.690667365220584,40.074277596704256,39.233619028261536,29.49774508098154,41.05244317874691,43.21468377598922,0.13168032372283775
995,41.91928116625272,41.67914826971065,40.09686472134108,39.56211714473425,29.978511617280674,40.98417787313737,43.2360844034811,0.13168032372283778
996,41.9316138256805,41.746551195531254,40.14317588192976,39.31911007034861,31.356766596919755,41.03549443486356,43.24841706290888,0.13168032372283767
997,41.91549189960978,41.714702491993634,39.89149438578761,38.75121447218335,27.582910017663266,41.05251564087945,43.23229513683816,0.13168032372283778
998,41.925151772207435,41.788247712702976,40.190273314927936,39.63919575658448,19.74289473394844,41.24176677141722,43.24195500943581,0.13168032372283775
999,41.9096712366449,41.49189998372269,39.9000195586269,38.704857479765394,32.09164240117266,40.47024550004056,43.226474473873274,0.1316803237228378
1000,41.925076706646024,41.74355275468168,40.120378964102194,38.87245350136776,27.231693093956515,41.205770182407576,43.2418799438744,0.13168032372283772
1001,41.91046188289219,41.65331882827789,39.83506543341133,39.2025016676437,25.67439828216473,40.99615215629866,43.22726512012057,0.13168032372283775
1002,41.92237538212607,41.76874549470713,39.90132059546791,38.780640126526706,26.88022898661666,41.111105715587264,43.23917861935445,0.13168032372283792
1003,41.92289142048345,41.658291217601146,40.02490589274402,39.36343634074369,24.08427247328213,40.790306748606056,43.23969465771183,0.13168032372283778
1004,41.927806552711495,41.68081609444546,40.01634296550284,39.012519648688574,32.12940027328655,40.685861727066744,43.24460978993987,0.13168032372283778
1005,41.93795116803093,41.7709810399917,40.047021135475696,39.04103172969884,17.301829107889837,40.92551818498288,43.254754405259305,0.1316803237228378
1006,41.909975221064116,41.60952774356418,39.798574085330095,38.555848883551675,30.12063832917798,40.664534967474474,43.22361466812806,0.13136394470639423
1007,41.93192720378164,41.56956271528009,39.96453796087358,39.09358104437145,25.664494099463774,40.66428286337322,43.241472829215866,0.13095456254342233
1008,41.92974988687863,41.65533849544533,40.17817427025081,39.441408776685364,28.354595195270704,41.01253177516798,43.23929551231286,0.13095456254342233
1009,41.919261044328216,41.6784975547935,40.30252000250806,39.58866592611134,31.679409574888993,40.90102755398534,43.22880666976244,0.1309545625434224
1010,41.93498086898613,41.68554663488065,40.32375473323306,39.433399158726345,31.352535725719875,41.041612860363045,43.254986516949415,0.13200056479632816
1011,41.95975837828647,41.620590305116856,39.97800709876679,38.97374743021723,20.750782380598224,40.79567090093378,43.28304344077251,0.1323285062486038
1012,41.954260599211864,41.68440582981341,39.97537512779553,39.17283584241087,27.737836774887132,40.96476625113632,43.2775456616979,0.13232850624860373
1013,41.94467118960073,41.74021371782454,40.27520442498605,39.384416131688575,30.703461936835133,41.09191711060707,43.26795625208677,0.1323285062486038
1014,41.97532562369999,41.75767653808541,40.281070122167854,39.505024756208186,27.21519929845297,41.203140262187915,43.298610686186024,0.13232850624860376
1015,41.94846290951985,41.624761003635264,40.10628914983688,39.53232419153886,30.073519082330918,41.043650818223966,43.249846132492024,0.13013832229721745
1016,41.945177198485545,41.8007764116308,40.05392103255925,39.29056837197948,29.830329032680666,41.07821813328434,43.24656042145772,0.13013832229721747
1017,41.945543249100844,41.60482256954753,39.43935944184908,38.79618867658471,14.87255633804676,40.66582842757761,43.24692647207302,0.13013832229721742
1018,41.95362177201862,41.73562841241259,40.24213106705528,39.390376260628486,32.77849773922016,41.028298443242285,43.25714219023281,0.13035204182141905
1019,41.96540158383466,41.7757935640224,40.30458146222574,39.74931656428653,29.045842104204475,40.97353422064211,43.26892200204885,0.13035204182141916
1020,41.95876254738978,41.70466051997782,40.00286940395881,39.00451482749949,28.064829188950128,40.734008019766065,43.26228296560397,0.130352041821419
1021,41.94032656909794,41.66392682541552,39.74399519311718,38.45262984072182,21.135533818364358,40.843446089933835,43.24384698731213,0.13035204182141905
1022,41.96490641776314,41.70299068968856,40.22676091205266,39.33022824696298,27.384338807260136,40.82003753758028,43.26842683597733,0.1303520418214191
1023,41.97404959978034,41.5855018617196,39.96082728552062,39.10512941313092,32.419318210588266,40.37491351668837,43.28073380815896,0.13066842083786265
1024,41.93963211732829,41.56822001283465,40.161752042881844,38.99204266162052,32.43326286700606,40.838246375739274,43.24426988107019,0.1304637763741901
1025,41.95169358891264,41.69085726808357,39.955378064053654,39.07030165581682,29.9840713586819,40.87976202315429,43.2498748103642,0.12981812214515545
1026,41.974042837104435,41.62632170792086,39.86376502672154,38.68213004591461,30.435094881362275,40.68722680229868,43.27222405855599,0.1298181221451555
1027,41.958755640970594,41.60032835653263,39.87018448641345,39.33000270106634,21.241599558804964,40.76125407435492,43.25693686242215,0.12981812214515553
1028,41.97028372064504,41.66984100286603,40.19851895197939,39.41902973599538,32.312293661631074,41.03689854499844,43.2684649420966,0.12981812214515565
1029,41.951773306401044,41.669559729343646,40.02573701592706,39.06056207438894,22.66943322974455,41.061552728368454,43.2499545278526,0.12981812214515553
1030,41.95860083627639,41.690212569958355,39.98719521653152,39.46465303420014,30.786799114456258,40.83005828497253,43.256782057727946,0.1298181221451554
1031,41.96032769822107,41.763771988845505,40.24851098773328,39.35797368693003,28.56837571708337,41.23789991066373,43.25325867755133,0.12929309793302546
1032,41.96003943495256,41.609105184921304,40.05931227707644,39.12991417477854,28.969294589985836,41.01673170922771,43.25297041428282,0.1292930979330256
1033,41.96712591125504,41.59024226568214,40.138633148251984,39.18995864703675,31.94344410798927,40.97537887687044,43.2600568905853,0.12929309793302557
1034,41.94503121957728,41.637130325530144,39.92571798942383,38.79291619832138,31.504982932580134,40.60231465331982,43.244195063058555,0.1299163843481272
1035,41.94371143841643,41.720064604069435,39.91945988809698,39.464863586495845,25.656344041762665,40.99428971802685,43.2448860717031,0.13011746332866675
1036,41.96123351352299,41.621177321798655,39.850152046839995,38.51681943296607,30.968586619327525,40.43723446887811,43.262408146809655,0.1301174633286667
1037,41.95911159127786,41.71898601792009,40.10430526364411,38.90731917455182,27.296354439847548,41.15984477689,43.26028622456453,0.13011746332866675
1038,41.958918003012414,41.63849822104655,40.11196378332083,38.976712637312986,32.94830084046069,40.902884204298374,43.26009263629908,0.13011746332866667
1039,41.95317485759283,41.75878950768251,40.19130164036909,39.51600963031322,22.859729918586652,41.12896855510684,43.259206947459205,0.13060320898663785
1040,41.956491500616586,41.68480013200623,39.72135010569075,38.54866401600944,9.789937530403542,40.939477653451945,43.262523590482964,0.13060320898663785
1041,41.957260815100945,41.539717317686886,39.79591558356891,38.45290195960483,28.514454933565382,40.737733512506246,43.26329290496732,0.13060320898663785
1042,41.952091556711395,41.75006262089279,40.0150078705947,39.31816382624246,20.81443828311253,41.12068256017548,43.25360117682679,0.13015096201153975
1043,41.94961722314219,41.728706745128285,39.728266155730545,38.73581129207594,24.91110309113167,40.97980649039981,43.252906034135066,0.13032888109928728
1044,41.94561602463298,41.696131347727466,39.99077902281658,39.32245225140379,29.75113481057673,41.073534201793464,43.25342730537684,0.1307811280743853
1045,41.9614456524983,41.5813502840525,40.03155114778917,39.25660787224788,30.71713289206815,40.86185641905262,43.26925693324215,0.13078112807438522
1046,41.93360810650232,41.70667404052241,40.16419087356607,39.32737355827888,12.662943808728986,41.04721258182636,43.24141938724617,0.13078112807438522
1047,41.95538936011039,41.73894836592507,40.51240491998956,39.701880114098195,32.86235610866869,41.16895072028653,43.263200640854244,0.13078112807438524
1048,41.93063191676786,41.62064121505253,39.78488215295039,38.83037237403437,29.313356106553094,40.75685204383967,43.238443197511714,0.13078112807438524
1049,41.9298529098676,41.66100093157489,40.25141078913193,39.151377878400865,30.740339222214775,40.82158844541939,43.237664190611454,0.13078112807438527
1050,41.935861690395974,41.66808372801081,40.030043875817746,39.51788730063195,28.549102292415885,40.81597656988647,43.24367297113982,0.1307811280743852
1051,41.95915862820214,41.635716199467225,39.71382700647278,38.84602013763683,27.798029338480692,40.82877863059141,43.266969908945995,0.13078112807438527
1052,41.94407081919878,41.73872331605714,39.922262975475235,38.93864886767559,27.0937253557533,41.09808632117715,43.27847451842269,0.13344036992239158
1053,41.92540025774079,41.68031272419788,39.48157640374068,38.9382393747333,-9.017835926889092,40.67199972724572,43.25980395696471,0.1334403699223916
1054,41.91552415025938,41.634264301405786,40.13914376497074,39.58652875802052,28.90395129366761,41.003021181534265,43.26544365136398,0.13499195011045992
1055,41.87839529893596,41.635604763725226,39.78944588489291,38.83230047420515,25.226833346060232,40.816957597305105,43.228314800040565,0.13499195011045984
1056,41.89381356012533,41.678786991023095,39.869859774245924,38.70359900313101,25.957831684166386,40.717666750423234,43.24373306122993,0.13499195011045992
1057,41.89739584074478,41.70517269170977,39.42454219660592,38.49846231615207,-8.440661957140712,40.93640191075569,43.24731534184938,0.13499195011046008
1058,41.93472375248098,41.79999801078533,40.17287611937831,39.27647259902143,26.288215748761218,41.166234784542695,43.28464325358557,0.13499195011045975
1059,41.893886694692775,41.66463490234109,40.165560857266044,39.641845666774024,29.863961011400598,41.04875162937746,43.243806195797376,0.1349919501104599
1060,41.931091509155024,41.631523566496476,40.16321759153515,39.36599765710465,26.672392124920442,41.1393485836022,43.281011010259625,0.1349919501104599
1061,41.89773608918183,41.695483730824144,40.000355178457234,39.18044215422438,27.405444809307326,40.98708478900213,43.24765559028643,0.1349919501104599
1062,41.91467438427104,41.57047755391368,39.92043299084619,39.399101846574844,21.23320864265511,40.876573599272334,43.265408637421615,0.1350734253150577
1063,41.896246542265345,41.70436084319386,40.041216378059,38.91559361914937,30.633655158867974,40.92916295221407,43.24698079541592,0.13507342531505767
1064,41.88781973214437,41.58298688116514,39.78125274639699,38.95405026850189,24.513544796642144,40.845072600240236,43.23480796007451,0.13469882279301396
1065,41.90236579522438,41.60403655563134,39.54669732684868,38.69229768413331,9.772854896658423,40.94549424597872,43.24935402315452,0.13469882279301387
1066,41.903778903492295,41.66370511422811,39.832894715179116,39.05332188071556,26.45061055573282,40.69208138104227,43.250767131422435,0.1346988227930139
1067,41.895083915487774,41.709778252932125,40.04340047127212,39.20203417407692,29.964528306794957,40.960523334443025,43.23754967366693,0.13424657581791588
1068,41.925307918990434,41.67740701271707,40.383339003531106,39.643068274599806,31.99410316553392,41.107691997172225,43.24757446107283,0.13222665420823934
1069,41.90049633483252,41.59631408666171,39.74976194195779,38.86698033414599,22.283305081337996,40.87032023021979,43.22276287691491,0.1322266542082394
1070,41.93144095510153,41.69306060163121,40.02940389162979,39.02784364590811,30.78541924328519,40.850662818725326,43.253707497183925,0.1322266542082394
1071,41.93165565607156,41.70244757005828,40.06322623682261,39.51427554519055,25.028836062527752,40.997150992976685,43.266775353295834,0.13351196972242715
1072,41.89029711761129,41.488574846329975,39.46058496850463,38.65736760423116,27.94608016926496,40.45816455806312,43.22541681483556,0.13351196972242707
1073,41.893001572353285,41.64672665324458,39.83054060606434,38.9239496599878,22.771688805097384,40.6261964463569,43.122734755223675,0.1229733182870393
1074,41.946159368728686,41.76632469063718,40.2002157102012,39.41351538589155,18.981154431542244,41.23472342050995,43.17589255159908,0.12297331828703924
1075,41.94063092901965,41.66776824714178,39.978131478163434,39.546896134599194,23.352233957007567,41.08468120530065,43.17036411189004,0.12297331828703932
1076,41.97634761307499,41.7161635661491,39.95655153301987,39.383917485513976,19.645277140491572,41.065792303015165,43.19230302351427,0.12159554104392799
1077,41.95948280630416,41.72705531774401,39.91385064266068,38.74487620493032,25.510958010656573,41.00073771514557,43.17543821674344,0.12159554104392804
1078,41.95388904168392,41.658868978223516,40.049817193276084,39.034891126472864,27.896883951567656,40.66510751326781,43.13634676902256,0.11824577273386401
1079,41.972032684019304,41.681273617671174,39.89196382467474,39.20872352463728,30.307166268860335,40.76340576918119,43.15449041135795,0.11824577273386405
1080,41.993680859223716,41.71655114747439,40.041483598881506,39.30252702126748,24.287306293213984,41.06292270383901,43.17613858656236,0.11824577273386404
1081,42.03331852388763,41.74251504675183,39.75413401545158,38.42355648089871,25.28016282013204,40.99832279397605,43.215776251226266,0.11824577273386402
1082,41.97458205679821,41.75931796882327,40.03668531716175,39.28822825611572,28.314090710827948,40.841934241125756,43.15703978413685,0.11824577273386402
1083,42.009726832619364,41.65460954765917,40.178054434776115,39.485782542244685,26.915366681933364,40.77067930150112,43.192184559958,0.11824577273386401
1084,41.964763311156936,41.764014389429896,39.977352591269145,38.34084266977141,27.47347617527564,40.935653057171265,43.14722103849558,0.11824577273386405
1085,42.027170915252945,41.79359572914798,40.335288476382104,40.12121569708999,15.518966156863005,41.137334616899196,43.20962864259159,0.11824577273386405
1086,42.01586825618531,41.682259110665704,39.75152731032073,38.545548876610695,30.24476060798732,40.37476976250107,43.19768032929491,0.1181812073109606
1087,41.98471039509414,41.71092080023927,39.41894898859783,38.89853833582525,-0.8464445872561086,40.809699209996765,43.166522468203745,0.11818120731096063
1088,42.002272914309074,41.821522694884045,40.17720885151044,39.528925163231676,30.70054533307959,41.167523475400344,43.20075745954419,0.11984845452351169
1089,41.956897201531675,41.69948940778858,39.96477451714384,39.773353963772905,-0.5936100219858886,41.13000812803891,43.19388944251271,0.12369922409810392
1090,41.91791039014463,41.54911125663733,39.60362764636242,38.75247892261138,-0.9509815180509591,40.644359361712105,43.154902631125665,0.12369922409810394
1091,41.93924848915395,41.71518127585873,40.31162965949822,39.34290888795125,29.910787623296468,40.97991276121789,43.176240730134985,0.12369922409810391
1092,41.95063632334408,41.79699662251283,40.26419191762436,39.336952704332525,32.918711595364485,40.90188857811462,43.18762856432512,0.12369922409810391
1093,41.935559536622975,41.66819800377062,39.736275168245676,39.1450063654734,21.952575577648055,40.826131332278024,43.17255177760401,0.12369922409810395
1094,41.95315502158819,41.7814429313981,39.88638048706774,38.594680294010374,21.763487229579187,41.05662689766355,43.18751395620548,0.12343589346172879
1095,41.922261807307606,41.772641168198454,40.194132260801595,39.40716643381473,31.4645700303484,40.98056382520319,43.1566207419249,0.12343589346172883
1096,41.94795527543945,41.51676060550985,39.777834954062726,39.17840149892159,7.635701371033697,40.89548507605741,43.18231421005674,0.12343589346172879
1097,41.92864936055585,41.71192339194522,40.28903865917676,39.58866991394125,18.09573762111717,41.09936888738205,43.16300829517314,0.12343589346172874
1098,41.93249310487997,41.65155223913008,40.20100655592671,39.19470740283528,29.60690391928095,41.03568299957712,43.215737010509265,0.12832439056293016
1099,41.90700374033894,41.71772054695852,40.135788113508404,39.08916409366963,30.674871328251797,40.86830692810225,43.19024764596824,0.1283243905629301
1100,41.910424888087974,41.64040949827454,39.160391939064475,38.90972672738422,-12.550003929461994,40.60913822261627,43.19366879371727,0.12832439056292996
1101,41.91430593196297,41.632361667117685,40.15264388025948,39.63609983325607,24.513313773301842,40.898955154567474,43.19093841364003,0.12766324816770627
1102,41.92893587675058,41.48023678039005,39.639324065562114,38.621089725794434,28.547331499425887,40.461327247972385,43.20556835842764,0.12766324816770627
1103,41.89796477688763,41.6485102042114,39.97592851940928,38.963042607819744,31.470926957134733,40.79156971539862,43.174597258564695,0.12766324816770633
1104,41.91737985423423,41.61101769327235,40.26450004343284,39.226105555310376,32.89743023305131,40.97130211776365,43.19401233591129,0.12766324816770627
1105,41.90839279376945,41.56916171032417,39.574212002275885,38.54245958939164,27.466955564051275,40.626147979196524,43.18502527544651,0.1276632481677062
1106,41.90105628415844,41.69175185525953,39.800675106241385,39.10899661076569,24.457913102571737,40.80054726712402,43.177688765835505,0.1276632481677063
1107,41.90841200787846,41.61466799874496,39.92320516892453,38.96342671470754,26.02479857627865,40.812636678232806,43.18504448955552,0.12766324816770627
1108,41.93068088311901,41.66687008741734,39.69208071212491,38.99680811472253,-7.549646858750428,40.95322494681932,43.211393125645436,0.12807122425264234
1109,41.92809423535699,41.700057333568,39.58740804682868,39.15072615227623,-11.966554595394783,41.10541803169154,43.208806477883414,0.12807122425264236
1110,41.89659618631849,41.65674481341292,40.181417733763176,39.340299566254366,31.17640360908075,40.76709436501403,43.18333402470566,0.12867378383871667
1111,41.91805706892539,41.81120771369641,40.19558611971,39.18974683391708,28.485427890396583,41.29699459631541,43.20479490731256,0.1286737838387167
1112,41.927489935757386,41.71838578478559,40.22606651994383,39.42815578701347,32.86893205625604,41.16361514453256,43.214227774144554,0.12867378383871675
1113,41.92856586450603,41.66642083507715,40.032090267779374,39.11909521153195,31.13723194910362,40.8103425276573,43.215303702893195,0.12867378383871664
1114,41.895075451413184,41.62413795047536,40.02304222302116,39.19341603205494,30.726363512283854,40.905745260722895,43.18034321129544,0.1285267759882254
1115,41.9071546048241,41.580417296714366,39.72364432661597,38.622022713467885,27.19643904131592,40.78307331426954,43.221052741148554,0.13138981363244548
1116,41.9143539413378,41.70568210532739,39.83848764303904,39.02939043647114,30.85135892870079,40.997658790404955,43.228252077662255,0.13138981363244542
1117,41.86978189303901,41.64160262018523,39.82361910030284,39.00695995492917,28.49754983085594,40.90417999895531,43.183680029363465,0.1313898136324455
1118,41.90427049588686,41.48670000096803,39.87439524436432,39.07602580111952,20.458797978820193,40.72711460365558,43.20528613669438,0.13010156408075227
1119,41.89897898146317,41.61314266181125,39.7418038460535,39.30050402381119,22.25010614311827,40.99145327565001,43.199994622270694,0.13010156408075227
1120,41.92049918748072,41.6298477144306,40.099634237637986,39.72363394772683,23.981037437041273,41.01347941895138,43.22151482828824,0.13010156408075235
1121,41.90428782873741,41.67059039560522,40.21033494525331,39.65650826520971,29.52572445586955,41.04878775945881,43.20530346954493,0.13010156408075227
1122,41.9137514647355,41.807612413034676,40.14405356708965,39.204046834816324,30.119591667053832,41.0953341384953,43.21476710554302,0.13010156408075238
1123,41.88943998464669,41.54299732289326,39.87994132936326,38.846276365260394,32.15161405079793,40.418353172223284,43.19045562545421,0.13010156408075235
1124,41.90275104309039,41.69905966527045,39.88663701311806,38.47606869403655,27.590345438860762,40.70834756555989,43.19839636593421,0.12956453228438206
1125,41.91944902806003,41.70693407512947,40.23256796097047,39.952279371198884,21.100909376368758,41.342783980028976,43.21509435090385,0.12956453228438197
1126,41.900458162193054,41.55119585762959,39.56828710312871,38.78606485979217,28.434698441888905,40.50317718218033,43.19610348503687,0.12956453228438206
1127,41.90411896239149,41.621244444557746,40.28198715551177,39.81146792508229,28.10715458400164,41.02485255866824,43.19976428523531,0.12956453228438203
1128,41.88851012084375,41.5939445562408,39.65245607309683,38.67862407998873,19.29689008567757,40.837554154088906,43.184155443687565,0.12956453228438206
1129,41.93443714757079,41.630487555173225,40.04938959641328,39.17976378035721,30.371998173695385,40.82967507092448,43.23008247041461,0.129564532284382
1130,41.90623470485848,41.749364667611175,40.15016895419532,39.219855403947086,28.51327869886,40.94722725815909,43.201880027702295,0.12956453228438194
1131,41.91177686024621,41.632287883957304,40.23698455729254,39.2504599973995,31.466911645893276,41.093904635775026,43.21517302630111,0.13033961660548962
1132,41.94604891111673,41.71640453009197,39.988021027479846,38.910137478378445,29.65841351498305,41.119899080017916,43.24293697510832,0.12968880639915895
1133,41.89449535257587,41.66629536460851,39.80557838259674,39.06375753876183,28.26103427337451,40.84634929219233,43.183632573356384,0.12891372207805127
1134,41.88179935982201,41.60567513785145,39.230716345610574,38.49460309993126,-8.441277348031107,40.31225794199776,43.17093658060252,0.1289137220780514
1135,41.932235343340146,41.5882556808364,39.95690197204435,38.79350499171589,29.814213774179137,40.88920915617231,43.22137256412066,0.12891372207805124
1136,41.93969558838808,41.507075986846985,39.953000595638585,38.9565801970953,28.387051610516966,40.83031012267192,43.22734683150172,0.12876512431136336
1137,41.921265680751034,41.54415414796298,38.87906231765527,38.56308302576148,-9.442889765318505,40.53836495818204,43.20891692386467,0.12876512431136328
1138,41.88439732787786,41.644652682672145,40.041236429514456,39.5238921621076,26.8860232965405,40.99171509288664,43.20174073972961,0.13173434118517477
1139,41.89714568818511,41.69901367315122,40.11450473542891,39.4574342762901,30.04576394946523,40.917952120174036,43.21448910003686,0.13173434118517466
1140,41.88825001456893,41.59626911639865,39.91687371261423,39.49094372668403,26.51750051916284,40.60968679923215,43.20559342642068,0.13173434118517466
1141,41.878369287339176,41.556724467109056,39.85630017293469,38.99616169225102,29.009331527397404,40.720474588801714,43.19571269919092,0.13173434118517474
1142,41.9001143935412,41.651959546585985,40.332870957042964,39.6691846035661,30.612169856035074,40.957815268020056,43.21745780539295,0.13173434118517463
1143,41.89464312284959,41.582902418987885,39.9377404074484,39.147282632391715,20.057521520922506,40.87459225557883,43.212281655624,0.13176385327744128
1144,41.860885463230034,41.63819169543361,40.25841528906789,39.69831155473845,30.543679507340876,40.992467452870486,43.180711757628394,0.13198262943983624
1145,41.907956997115434,41.66652186024905,39.70798040713697,38.82742189589289,17.581367971565697,40.493461754194186,43.227783291513795,0.13198262943983624
1146,41.87926096943055,41.63681221471634,40.12474849058859,39.69036875197614,26.82451770796537,41.23375078093006,43.21478772319239,0.13355267537618437
1147,41.848272624312436,41.377158508186646,39.40742401797944,38.31966854782707,23.560942425068866,40.43749944509119,43.187347511966614,0.1339074887654178
1148,41.8792007183871,41.698995278649704,39.92222254284173,38.87653182025691,24.39797027622348,41.02790333193033,43.218275606041274,0.13390748876541786
1149,41.865714673091915,41.50775859295592,39.825840999855245,39.57721593468169,16.17607810991784,40.81772576657501,43.20478956074609,0.13390748876541783
1150,41.863440050423414,41.69349552196785,40.17534925295281,39.78680275441357,28.119994672187506,41.11052648489347,43.20776518019889,0.1344325129775479
1151,41.87900509492943,41.5166511322642,39.71979178976021,38.99674975326817,30.613065622298926,40.67831165181653,43.22333022470491,0.1344325129775479
1152,41.85476244045932,41.67880945165192,40.00677666018705,39.09513850467007,28.055695840045104,40.84166185954979,43.199087570234795,0.13443251297754774
1153,41.86996074749659,41.51186214941809,39.486898877255165,38.105206225090996,28.418112737147897,40.56805143106408,43.21428587727207,0.1344325129775478
1154,41.867258500494465,41.5396129637642,39.40493340340744,38.67939289619203,12.457348483718079,41.005812375732845,43.21158363026994,0.13443251297754788
1155,41.84842778776453,41.59813500207467,39.766384512477025,38.85902585551375,24.751187489212363,40.4879746967582,43.192752917540005,0.13443251297754788
1156,41.85588709511047,41.34058984434177,39.69760011102826,38.6848126163748,23.334694818127126,40.629709262774924,43.200212224885945,0.13443251297754774
1157,41.855378908881484,41.52637788503196,39.673592781517215,38.52396574159759,28.610530519889537,40.584903771488236,43.12218869120275,0.12668097823212657
1158,41.93317318188842,41.673779418538054,39.99259426840334,39.55432469620405,28.273908402054083,40.81145457997786,43.19998296420969,0.12668097823212657
1159,41.91591677157366,41.573455879978745,40.16942260453328,39.24830627136781,32.77279033643962,40.83070007933423,43.175482194294176,0.12595654227205152
1160,41.937218167546824,41.66026563442732,40.3762311791651,39.39777175742326,30.73111418528731,41.18551385302999,43.19678359026734,0.12595654227205158
1161,41.916477001057345,41.583124145213645,40.116338725789404,39.346433197271764,28.75025185192563,40.86863980728341,43.18740593801703,0.12709289369596838
1162,41.91510716110097,41.626593363189066,40.200972714863234,39.467588280230046,33.37353382488533,40.965395596997894,43.18312939178401,0.12680222306830344
1163,41.885487840383625,41.614753747545755,40.09361700242382,39.643406476557885,25.25226715569278,41.044277064277125,43.15351007106666,0.12680222306830347
1164,41.906003462316455,41.56847416961376,39.52472688388056,39.04961424169274,25.36973559103696,40.62367180735153,43.174025692999486,0.12680222306830335
1165,41.931213186069236,41.737908279431224,40.05223387503884,39.17937207303624,28.412867385685168,41.16776558159978,43.199235416752266,0.12680222306830327
1166,41.9260092620209,41.68812371080372,40.3024455081193,39.76716531122985,27.214203622505064,41.126760381699654,43.183842748416204,0.12578334863953047
1167,41.94000444232496,41.70912249523536,39.77998547102007,39.10232689809474,26.208016930483815,40.88965376351003,43.189906871963,0.1249902429638037
1168,41.945975521660934,41.74132333733757,39.80760808885062,39.12003672512939,15.1535859364935,40.8373785395509,43.195877951298975,0.12499024296380382
1169,41.93746939186532,41.73878481743107,39.72162781343637,38.82546382171272,27.68900982736549,40.82327417488374,43.18737182150336,0.12499024296380383
1170,41.92042960784674,41.696611206825764,39.776354762965816,38.45444134556448,31.25882922944459,40.74793921734582,43.192806417382435,0.1272376809535695
1171,41.88642156294087,41.560821957581034,40.03052963195913,39.2404210091002,26.743600739418834,40.939389561129865,43.15879837247656,0.12723768095356952
1172,41.8962493920666,41.58593086787406,39.572033709193384,39.03117023809625,26.08550296633121,40.77867029797815,43.16916323339866,0.12729138413320656
1173,41.90198257434311,41.76389614540694,40.21815672334116,39.62594143455405,27.46033400186107,41.22566461354009,43.146871351889985,0.12448887775468746
1174,41.935668178290925,41.70885971715626,39.99798932114002,39.4962796458095,21.21303333950305,41.19590553837561,43.1805569558378,0.12448887775468744
1175,41.92418012671541,41.745901989771056,39.648693372663836,38.78293792398542,8.23428768002428,40.965522327545806,43.17197561053894,0.12477954838235238
1176,41.949286049086425,41.73843332735919,39.997245956630934,39.495224186602805,27.804998120533615,41.16868246614342,43.19708153290995,0.12477954838235236
1177,41.930143163716636,41.70724729805863,39.55577864574748,38.761299255614276,-2.331569490534214,41.11283695184774,43.17793864754016,0.12477954838235235
1178,41.942155217428486,41.72548360821669,39.596716203796056,38.92917335845269,9.75226349145882,40.70268991594216,43.18995070125201,0.12477954838235247
1179,41.945063169537455,41.67390613458453,39.87224174138755,39.377553932819055,26.84960907966213,40.9321011250522,43.19285865336098,0.12477954838235238
1180,41.9357072416185,41.64007136112944,39.615626375070434,38.6610824945776,10.028050319404478,40.889614638973676,43.183502725442025,0.12477954838235242
1181,41.93321266676139,41.596237981582036,40.289839204479335,39.85239293155075,29.090038481116707,41.033135864719206,43.181008150584915,0.12477954838235245
1182,41.93256287836462,41.67271869442794,39.948504484752235,38.64410762550462,30.572752999949387,41.01004778882598,43.180358362188144,0.12477954838235245
1183,41.951249027673704,41.54910452717465,38.952322080700455,37.86058809381398,-0.8926030336972772,40.48034418869567,43.19904451149723,0.12477954838235246
1184,41.94181975617975,41.497661362303475,39.65176504856955,38.64786472714647,25.55683984832954,40.71695338329427,43.18358964414253,0.12417698879627806
1185,41.958260988125396,41.676519425624754,39.695482043310314,39.10651545491969,18.011582326637246,40.99274139821391,43.20003087608818,0.12417698879627805
1186,41.955236322733725,41.680805697125045,40.21835449564898,39.30660512913475,27.373279690370875,41.08921100012509,43.19700621069651,0.12417698879627798
1187,41.96697641986197,41.65036042190639,39.63441106175643,38.45908198166307,24.880231860589948,40.62653211515597,43.208746307824754,0.12417698879627805
1188,41.946764795349665,41.743964651211584,40.10126184736165,39.16455050633416,27.463222630626056,41.082792916778295,43.18669812934374,0.1239933333994073
1189,41.94346298460761,41.67527968596736,39.966212877451625,39.74302176112064,9.959356323971534,41.15731455334641,43.18339631860169,0.12399333339940727
1190,41.94233146907947,41.531978511011296,39.598654333032954,39.009347808313784,24.361834520206163,40.23801970128438,43.18007704144959,0.12377455723701238
1191,41.95743048379165,41.77532092930331,39.881116018645464,38.97141000238652,25.70435327480439,41.0293953444057,43.195500277203585,0.1238069793411938
1192,41.9301130575763,41.64638892234378,39.96160985566073,39.23136586782065,30.18694472597146,40.97591963930222,43.16785862994642,0.12377455723701238
1193,41.96765742599372,41.78069109588763,40.02146920641526,39.11143535961274,25.066446674917913,41.15497487481612,43.205402998363844,0.12377455723701232
1194,41.9427062406716,41.755977923785444,40.09690844172434,39.772276776364855,21.884104701529175,41.229298797328184,43.18065133927322,0.12379450986016205
1195,41.93679668710251,41.74889420959078,40.2666339557433,39.51044858317584,24.101990029209055,41.275754050636735,43.17474178570413,0.12379450986016194
1196,41.962248951636234,41.65273732452535,40.10170567272675,39.17637717830704,22.78433294906348,41.02328683634791,43.200194050237855,0.12379450986016195
1197,41.968361689803345,41.61116872007588,39.239716555114164,38.10879663451705,17.972463532817386,40.37403289631389,43.206306788404966,0.12379450986016194
1198,41.94938026812503,41.627834699439546,39.47274511690433,38.30354514236101,20.833710615000008,40.76459589650637,43.187325366726654,0.12379450986016206
1199,41.951894557084785,41.68590737064367,39.918012925958074,38.98083148887974,25.268146847154743,40.78784071698789,43.189839655686406,0.12379450986016201
1200,41.9460047368693,41.68238576762584,40.07334288210874,39.185526176204235,11.243967824737336,40.81302846526195,43.18394983547092,0.12379450986016205
1201,41.94978524065504,41.70590171201338,39.79525956595642,38.63844203026236,24.503266634103944,40.854010170483924,43.18773033925666,0.12379450986016202
1202,41.95816148459933,41.587828959529574,40.19879260314192,39.47991469658996,27.079921325153027,40.95720886848427,43.19610658320095,0.12379450986016202
1203,41.97127448657778,41.69195801606507,40.2576274593378,39.43101191060495,30.743647617693206,41.04364380000558,43.2092195851794,0.12379450986016202
1204,41.937182201296416,41.610094014631244,39.282930942696346,38.672736875427695,19.398344114710024,40.72519537428543,43.174313360171475,0.12371311588750616
1205,41.95286003855317,41.689546251559214,40.361424904645745,39.62349262281707,32.83828547206774,41.163708908575295,43.18999119742823,0.12371311588750619
1206,41.94425391350636,41.769427512661935,39.94092046741557,39.110732532053206,24.523691556351555,41.039568216180726,43.18138507238142,0.1237131158875062
1207,41.94339331898019,41.71569616245506,39.980711251830925,39.27329708800097,20.807158859629293,40.87123421632721,43.18052447785526,0.12371311588750626
1208,41.95575003433359,41.532072122263074,39.954095940149074,39.55246482193805,29.01764481214572,40.65078768764873,43.19288119320865,0.12371311588750619
1209,41.959463151199365,41.66167436872423,40.37234636474128,39.76588041720661,30.13795730024993,40.968747236308886,43.196594310074424,0.12371311588750616
1210,41.968569570393434,41.74264154353555,40.071078304156316,39.136787902327804,27.44170133808799,40.903173950839616,43.20215259537616,0.12335830249827258
1211,41.95763153775154,41.773862633288225,40.13175872464681,39.49094641059072,28.499268256257963,40.974277225620156,43.189840520759255,0.12322089830077139
1212,41.96182888140567,41.72270404554547,40.16166106976126,39.607391366146295,26.164156944166223,41.14759640349177,43.19403786441339,0.12322089830077135
1213,41.94901724062979,41.74334966945058,40.217909789911296,39.24953916269517,27.651378096805807,41.13084260290606,43.18122622363751,0.12322089830077144
1214,41.95772362955922,41.74681940850868,39.87736051551752,39.05600905521898,25.225740845815192,40.71384182641639,43.189932612566935,0.12322089830077138
1215,41.93844198917092,41.379577403995846,39.54103099817103,38.27963415933499,26.358358909840597,40.33644067929209,43.170650972178635,0.1232208983007713
1216,41.952475560101966,41.67336247370882,39.85748642638379,38.943842091591144,21.367915542188257,40.81348497122541,43.190710138970424,0.12382345788684572
1217,41.93995431001588,41.76991652040059,40.03342456579245,39.16991874300879,28.15546032640161,40.8997918772044,43.178188888884335,0.12382345788684573
1218,41.94813955618112,41.731900207769044,39.98784849222051,38.99619055847056,27.250759721037266,40.91427920012008,43.186374135049576,0.12382345788684566
1219,41.96288483447963,41.64426803092974,39.57416847074107,38.841311634653486,-0.8888442903418579,40.97476826539666,43.19973902908349,0.12368541946038544
1220,41.94972351206923,41.67051579990634,40.386623471196174,39.33969300909455,32.16848986962141,41.22589289100634,43.186577706673084,0.12368541946038547
1221,41.93414398575704,41.59674586680682,39.897928147027066,39.147569501305824,16.98464957958956,40.8423863260584,43.148100803367896,0.12139568176108585
1222,41.97703960044188,41.553138669561434,39.56050523696065,39.05320771715519,24.310425407289472,40.631453739570865,43.190996418052734,0.12139568176108585
1223,41.98072115235304,41.744389508143506,39.702400515954665,38.75058495461002,21.28241068370559,40.704056352224924,43.1946779699639,0.12139568176108588
1224,41.96147472617064,41.69984139138023,39.801609504843825,39.15407550181441,27.738088932751232,40.8662468061711,43.1754315437815,0.12139568176108581
1225,41.99904988615341,41.85688610176709,40.2157255763108,39.24219543071622,28.4761883187456,41.110819995057746,43.213006703764265,0.12139568176108581
1226,41.96494268177793,41.7498574119137,40.439057592038296,39.96414840131061,23.352891544894973,41.26218113965514,43.178899499388784,0.12139568176108581
1227,41.94027025712175,41.74382800481481,40.05523381018801,39.09050123338318,29.282818726541134,40.81577621554783,43.15422707473261,0.12139568176108592
1228,41.951634846888226,41.630984889002775,39.96504029762339,39.13030024156302,27.56814033391459,40.76650845806216,43.250161065567696,0.12985262186794708
1229,41.95427909241519,41.583787365387415,39.57749912856042,39.10274766822141,27.280247327411164,40.72486123776753,43.25280531109466,0.12985262186794708
1230,41.94764070806101,41.7441451844961,40.342185668785184,39.65807649192069,32.375504339261724,41.072865720076265,43.24715269747419,0.12995119894131843
1231,41.953736839888386,41.61441753586112,40.185576952721654,39.43957844619703,30.448502806489426,41.002107852890646,43.25324882930157,0.12995119894131846
1232,41.96284446330631,41.761893879514574,39.99083870073148,39.246522571414815,22.21098496245692,41.25660930327051,43.262356452719494,0.12995119894131843
1233,41.95346590205353,41.68065072522996,39.80724765999005,38.785906119749704,29.671905436361435,40.970833414318435,43.25297789146671,0.12995119894131846
1234,41.945710187157644,41.64666121602541,39.52535868170635,38.56822694807633,19.532668619462,40.41897049118977,43.24083492937616,0.12951247422185158
1235,41.932878345120585,41.54673454898203,40.03834917494987,39.09948583052113,29.69269179088635,40.85071210034607,43.228003087339104,0.12951247422185164
1236,41.95064241241299,41.70178468443382,40.26465354262688,39.446604775161454,32.19693833523391,41.10675033983897,43.24576715463151,0.12951247422185164
1237,41.95991200378435,41.61258233291588,40.1908910172886,39.47504489636144,31.081872105964322,41.1412026259609,43.25503674600287,0.1295124742218516
1238,41.969712333187466,41.829566340566934,40.01230982531424,38.81914322713096,19.0527711678407,41.26862513975263,43.264837075405985,0.12951247422185164
1239,41.94156124768685,41.70178161033005,39.51174691894803,39.30908058958485,-11.414883844662818,40.89869613151409,43.23668598990537,0.12951247422185155
1240,41.93227843712741,41.8088851406845,40.37541371924364,39.684673470069015,32.05403254935145,41.27713234393315,43.22740317934593,0.1295124742218516
1241,41.93796345161067,41.64080273019326,39.980911907150336,39.194227289092574,29.601050889153413,40.82388409611454,43.21813442766451,0.12801709760538368
1242,41.98710644482157,41.70282833828142,40.09709725828397,39.15368913149773,22.841622986335683,40.86760630335752,43.25218072092799,0.12650742761064188
1243,41.96265768708858,41.58940550001445,40.16624074613773,39.8354811476352,20.071249910637604,40.930816005844335,43.227731963195,0.12650742761064193
1244,41.99623944687791,41.498434189763735,39.83722085896659,38.72765419533545,23.314303853617798,40.841519608196975,43.248844929699175,0.12526054828212696
1245,41.96834996111094,41.79825137124238,39.699343897048145,38.84116624035213,22.899704879740515,41.12094447740876,43.220955443932205,0.125260548282127
1246,41.95712324524211,41.698942870747274,39.65300872209289,38.98737624054709,24.202191314079716,40.704514438988795,43.21144798950204,0.12543247442599298
1247,41.963033968595916,41.720778551698686,39.95758765462772,39.03433705408112,29.213622974651187,40.94600407407148,43.21735871285585,0.1254324744259929
1248,41.96363304885259,41.66212682095929,40.155213851520394,39.476895942801214,28.388671321523823,40.965445232949236,43.21795779311252,0.1254324744259928
1249,41.95692649773291,41.79303041855516,40.607838238428634,40.001758587065495,29.374159684113636,41.15358683192463,43.21125124199284,0.12543247442599292
1250,41.968947037525666,41.70205748285247,39.869744605357724,38.89091378976412,22.071038189809638,40.6272453135571,43.2232717817856,0.12543247442599298
1251,41.980393660475514,41.798716780842724,39.98702374199952,39.14433378389834,25.071419097281975,40.83082145743495,43.22719779100247,0.12468041305269527
1252,42.008529416000705,41.69879812792178,40.11290616348492,39.51324389325353,19.395470680547696,41.020582406240756,43.25533354652766,0.12468041305269513
1253,41.971027101389055,41.64628670625801,39.92513012532682,38.95538141903508,24.01674799448458,40.84739317214905,43.21783123191601,0.1246804130526952
1254,41.96151874399777,41.80392928042606,40.48944828001856,40.2018486804947,29.631853503831625,41.32348818550461,43.208322874524725,0.12468041305269521
1255,41.987131560675365,41.68514924483431,40.18611645371408,39.4771053967519,30.738207910682565,41.151445628326115,43.236754074133586,0.12496225134582174
1256,41.952809732734345,41.68021474777137,39.762612674632024,38.980614972391336,26.917842672535294,40.899718247758074,43.20243224619256,0.12496225134582166
1257,41.96836550968847,41.709113458438225,40.080129098001535,39.17489991841262,29.871707008785403,40.74200588538122,43.21798802314669,0.12496225134582167
1258,41.95282057719457,41.7530889987842,40.1266811966558,39.290469602992566,26.249747391495013,40.98388175799634,43.198177295464774,0.12453567182702009
1259,41.968669871059966,41.761276390307096,39.9294271613415,39.31153308377588,-1.0833202664657833,40.9343629746934,43.21402658933017,0.12453567182702002
1260,41.97123687753242,41.73060880165065,39.880585698035524,39.180347417542684,28.336649322225888,41.16837820459203,43.2200169472887,0.12487800697562824
1261,41.99003901589654,41.77706178347952,40.26496888101486,39.564257311135535,31.03168737105534,41.03260302507283,43.23881908565282,0.1248780069756282
1262,41.95845198109149,41.715260898065424,39.97164039369154,38.63733199179336,29.91452442424379,40.953732480688444,43.20723205084777,0.12487800697562822
1263,41.977238455439775,41.76815261582903,40.074505551603174,39.097165574506725,29.230491563248492,40.90461473464163,43.21079919202654,0.12335607365867647
1264,41.96185383981628,41.57588179824456,39.91115931343165,38.953285551984294,27.57372682676847,40.74161751896058,43.19541457640304,0.12335607365867636
1265,41.94574206404932,41.65350254156831,40.31599135634795,39.88243615981455,30.159490032495686,41.12984008888134,43.17930280063609,0.12335607365867646
1266,41.9804130909065,41.67491828905384,40.40560351127044,40.07471778379604,30.941618832925805,41.13135427610344,43.21397382749327,0.12335607365867643
1267,41.99637533087875,41.68565905066322,40.207002255507064,39.997893776278524,27.435794373435773,41.01352090853183,43.229936067465516,0.12335607365867646
1268,41.965083439482235,41.57577173262607,39.66418675672236,38.550418209772936,28.413364444181965,40.36979948602536,43.2080090020395,0.12429255625572647
1269,41.974208796312155,41.577176180546445,39.592569209241645,38.74215837769793,28.361093285064527,40.69657165949632,43.21713435886942,0.12429255625572651
1270,41.966640065060204,41.779088425592796,40.17957359467755,39.81580754260091,-0.95471096263595,41.214730599468155,43.20468806266175,0.12380479976015472
1271,41.98519396324153,41.623134271087466,40.37064087899612,39.66097470732478,30.66131580692582,41.00040700491036,43.223241960843076,0.12380479976015464
1272,41.982272315608355,41.71697236431347,39.78336718591967,39.511650411083444,-3.2794359495911323,40.90240350407295,43.2203203132099,0.12380479976015472
1273,42.00734305494805,41.6451589460937,40.02484617500745,39.86348812913265,27.107358420610616,41.02497739904461,43.2453910525496,0.12380479976015468
1274,41.973208626798595,41.631569809520435,39.70107829061632,38.469965487300676,26.906666464445813,40.729718128934906,43.21125662440014,0.12380479976015467
1275,41.975980921556044,41.57322367124482,39.96403179867799,39.56102756957607,17.247461460075005,41.00001312175644,43.21402891915759,0.12380479976015471
1276,41.98488954883995,41.75980724966515,39.98173993951248,39.31089113209414,26.89843201698413,41.11213903863445,43.2229375464415,0.1238047997601547
1277,41.9724368030727,41.731708702838766,39.9494411331001,39.032521475380705,26.187042612960248,40.880674060939256,43.21048480067425,0.12380479976015471
1278,41.97888002520797,41.734065818046375,40.12381525645113,39.201273417305636,29.34127104753157,41.2485646396223,43.21692802280952,0.12380479976015474
1279,41.9847919515176,41.73887110878675,39.99644046017334,39.47142066471695,24.22298621299189,41.155308734499094,43.22283994911915,0.12380479976015471
1280,41.968737484067,41.58390421279139,39.9368179527962,38.64811086329199,30.094344070458472,40.949202738142574,43.214306095401525,0.1245568611334524
1281,41.9557602029667,41.716837707689656,39.81667423183383,38.95328534538313,27.128465928930215,40.8170595657059,43.20132881430123,0.12455686113345248
1282,41.977637039063765,41.679435217193245,40.30781835014927,39.77795698769611,31.15537085416287,41.18366371114797,43.22320565039829,0.12455686113345239
1283,41.977397877888514,41.7878948993775,40.27982997710328,39.57386044636975,29.125004403453694,41.2800792804637,43.22296648922304,0.12455686113345243
1284,41.98817210727281,41.74577414982616,40.08546657651477,38.83400062612613,29.98954017623186,40.866301666144636,43.21706824648182,0.12288961392090132
1285,41.99114452695979,41.689315629564774,39.89724303383969,39.11356000137864,25.025238692961793,40.7436308287421,43.220040666168806,0.12288961392090136
1286,41.98838142639456,41.65995406951649,40.043761254326206,38.95115207612884,31.973491169335496,40.64173426675037,43.217277565603574,0.12288961392090136
1287,41.96868810421178,41.79121647786341,40.03131617575265,39.4414830356897,24.189371207776336,41.12143791861617,43.19758424342079,0.12288961392090132
1288,41.979362327366616,41.81146588932562,39.97760602243044,39.472554206908995,24.88996178070982,41.17387231605318,43.21109475308767,0.12317324257210563
1289,41.979409260599994,41.6890872607658,40.09808634159663,39.188866942492055,27.609918056674143,41.06916139299322,43.21109957263192,0.12316903120319313
1290,41.99497097287949,41.68197763254468,39.80665004264432,38.85016063798599,29.77576548482339,41.111597567146774,43.22666128491142,0.12316903120319314
1291,41.96670755226083,41.64889906440594,39.63844325137271,38.85906658312595,26.904365931391894,40.865190614248284,43.19839786429276,0.12316903120319328
1292,42.009890655312624,41.79088574345802,40.24472527250854,39.52828976686579,31.923039231409607,40.98262634369331,43.241580967344554,0.12316903120319321
1293,41.960811028356076,41.713906283923706,39.91575801669385,39.184337705517706,26.638048591388973,41.048947566011876,43.192501340388006,0.12316903120319316
1294,41.97580686087872,41.62539611153556,39.1690193727718,37.43059327595038,19.336618579839634,40.639798942900526,43.20749717291065,0.12316903120319318
1295,42.013250723556844,41.74191299493011,40.02563864266987,39.347917669699775,29.695630205887863,40.872802630798816,43.244941035588774,0.12316903120319324
1296,41.96639839320957,41.61497538962577,40.02097296155407,39.21175646721406,25.216754343525686,40.78210820582798,43.1980887052415,0.12316903120319328
1297,41.99149184493494,41.76806034314459,40.011816590568685,38.824423027014554,27.918412006110337,41.198306801498966,43.22318215696687,0.12316903120319316
1298,41.973025887472815,41.748426101170395,40.07716141709174,39.182056515780005,30.501396973347838,40.89597420341197,43.204716199504745,0.12316903120319318
1299,41.95750943852007,41.66739760209662,40.01400808114163,39.249303001938394,16.98803891812167,41.03242121518449,43.189199750552,0.12316903120319327
1300,41.98249314263869,41.693624434293014,39.81968902595067,39.33745372175037,-0.94978059532842,41.164034628879186,43.21418345467062,0.1231690312031931
1301,42.000982570976575,41.73159205183081,40.145741217735726,39.52375777267183,26.770494371058017,40.94911683914256,43.232672883008505,0.12316903120319311
1302,41.997990718340304,41.69802306099589,40.260564878552984,39.22807186902925,30.064892885476723,41.12431526515118,43.229681030372234,0.1231690312031932
1303,41.97877888176778,41.68406452745957,40.091531365496856,38.773921114220805,31.960441830327053,40.82983257371275,43.182823637787145,0.12040447560193605
1304,42.003437037322286,41.783575986856334,40.09704611394616,39.61640925316858,23.18714960018451,41.258108539808724,43.20748179334164,0.12040447560193605
1305,41.98798571652084,41.841376408316,40.03228828867294,39.108700455049814,31.589581305663078,40.98465728329066,43.192030472540196,0.12040447560193597
1306,41.98606831605828,41.65383626369233,39.86826271506531,39.191074640786496,30.103436594415086,40.85460112591589,43.19479042349051,0.12087221074322312
1307,42.00842067723289,41.5897519049725,40.0651501740055,39.03602943320999,29.178324306143566,40.673709122581755,43.21714278466512,0.12087221074322319
1308,42.01089214024546,41.64820060036306,40.043717231661404,39.16110536342087,30.498294911341432,40.97238758459975,43.21961424767769,0.12087221074322319
1309,42.00510893890649,41.80884837516463,40.00057095163497,39.2221971601111,28.32358387873127,41.109301197850655,43.255717960202674,0.1250609021296188
1310,42.02677807858162,41.780299210704186,39.96663201722855,39.15128127499742,23.783355480519724,40.93893757156755,43.27738709987781,0.12506090212961876
1311,42.02323996230139,41.69163072517496,40.260832827601256,39.610820389020724,25.03155521455978,41.238338784700005,43.271030600666315,0.12477906383649238
1312,42.014088974464585,41.80713439104756,39.65055853022976,38.725717438961524,24.635937049622925,40.94568782331019,43.26187961282951,0.12477906383649233
1313,42.02313504578208,41.6298369208963,40.057850788671956,39.290999595781415,29.26376531505533,40.861783678890774,43.270925684147,0.12477906383649238
1314,42.00437740403068,41.80667022366799,40.357928734633155,39.79042122412145,32.40849517610965,41.05292670304214,43.2521680423956,0.12477906383649248
1315,42.035764149107635,41.7777750614462,39.803982708375095,39.14674514782941,23.570001236662435,40.847831912582286,43.28355478747256,0.1247790638364924
1316,42.022854854061016,41.75531153043011,40.189076848652526,39.281913218536175,21.084609634398497,40.910620966069,43.27064549242594,0.12477906383649232
1317,42.042512330146735,41.76452533861468,40.27421397932139,39.74402749120963,29.84656861319781,40.96199464929713,43.251896716502436,0.12093843863556994
1318,42.04262207695556,41.744594931962524,40.096966745152365,39.101572499213916,30.25405990458235,40.95019194632667,43.25200646331126,0.12093843863556991
1319,42.03063125929062,41.709790491237044,40.42859414549049,39.78865320819171,29.008735363871985,40.96269514249082,43.26194291054832,0.12313116512577003
1320,42.06862063488448,41.80054396015443,39.88427291379544,39.06118541745982,20.69626354742594,40.92574737314606,43.29993228614218,0.12313116512576996
1321,42.05285601635822,41.80298137255287,40.202287045125665,39.025105430903395,27.112918870566386,41.104120392615606,43.28416766761592,0.12313116512576998
1322,42.024529431278744,41.496322345905206,39.27501882524176,38.47547245585184,19.60833810934249,40.56020274595621,43.27475181006908,0.12502223787903338
1323,42.04338176525588,41.58089610069717,39.67673116169915,38.74897194278037,28.483120325199557,40.87128448968085,43.29360414404621,0.12502223787903344
1324,42.02167918282932,41.7496598766394,39.68267277683786,38.910195353152076,17.02296363324343,40.91015739876629,43.27190156161965,0.12502223787903338
1325,42.01216020321578,41.75287839913123,39.962237393470744,39.596410121442766,22.817418731699064,40.804813000943,43.26238258200611,0.12502223787903335
1326,42.047314581316584,41.650654273442115,39.556226715187606,38.977865262930386,16.10070613938941,40.8077681201199,43.2783460287514,0.12310314474348172
1327,42.05298841952413,41.66793142428285,40.00168285687514,39.31918967183433,26.21016613684727,40.89942917295173,43.28401986695894,0.12310314474348176
1328,42.05289401984673,41.76526840389404,40.19506314589623,39.22321763171945,32.803117917901005,41.06664705384518,43.28392546728155,0.12310314474348177
1329,42.01921721111292,41.79509690389444,40.35027039378622,39.282796452250174,30.487923020038725,41.062229222854306,43.25024865854773,0.12310314474348175
1330,42.06214285936218,41.766525076515286,40.263811999060174,39.55884158030099,27.34931692958883,40.90555152252422,43.293174306797,0.12310314474348187
1331,42.0282899544116,41.81898003018468,40.2245250657616,39.28087438162417,28.424192419093472,41.07420403367156,43.259321401846414,0.12310314474348179
1332,42.01836530515032,41.64113522764808,40.00647263444334,39.262950621684354,25.871920609635392,40.90673414843428,43.249396752585135,0.1231031447434818
1333,42.06223270819024,41.783722531526976,40.00474665837051,39.53054657788433,28.546039046821743,40.91940356199683,43.29326415562505,0.12310314474348193
1334,42.05004592529725,41.84488189969764,40.1534512844447,40.02733659656079,-8.54987573882709,41.2970611133822,43.281077372732064,0.12310314474348186
1335,42.05407311783854,41.772859133525245,40.122758016713135,39.428479975947326,29.87883812523182,41.27227135554928,43.278756483239526,0.1224683365400985
1336,42.03843723174862,41.81654530589667,40.318272440248755,39.494778659538376,28.625511351282498,41.1404851537183,43.265804298042205,0.12273670662935902
1337,42.0544556970204,41.832979709618215,40.09590224872069,39.19470170091345,31.36319521311318,41.04535392412702,43.28182276331399,0.12273670662935898
1338,42.03250718495223,41.74354683197212,39.920754170693975,38.91635436790866,30.545630468307266,40.89973133892799,43.2659006978523,0.12333935129000709
1339,42.03898204436208,41.90048199624204,39.809526198292964,38.73839860419093,25.522270748624408,40.891592705329735,43.27237555726215,0.12333935129000705
1340,42.02944552473235,41.772469538927616,40.024633085423204,39.81474098799173,-7.492407765573638,41.37121941571426,43.262839037632425,0.1233393512900071
1341,42.069985121115366,41.80873396989834,40.39675232285471,39.7762949533207,29.99470471868277,41.165211627620515,43.30337863401544,0.12333935129000706
1342,42.03837376103042,41.81447238419076,40.208736288830174,39.48844906807517,27.064827334926875,41.0950288236868,43.27176727393049,0.12333935129000703
1343,42.032856542088716,41.75088130472074,39.88081399377263,39.039893062259736,24.236152008537236,40.901846728327975,43.26625005498879,0.12333935129000707
1344,42.04517139243085,41.821275741345964,39.977299744403815,38.8481092484699,26.317044074244947,41.095719250244564,43.278564905330924,0.12333935129000698
1345,42.01993443843734,41.690200534653485,39.46185254761617,38.8453968878529,-8.218668109819454,40.44571912765622,43.25332795133741,0.12333935129000713
1346,42.026502174775274,41.62231035939707,40.122181657438205,39.66432770220781,24.739676904342293,40.98532147464086,43.259895687675346,0.12333935129000699
1347,42.04251915671278,41.73329872596319,40.54956187446724,39.85653436928659,31.424289399545316,41.01292583513293,43.27591266961285,0.12333935129000699
1348,42.02950123739272,41.81629633799069,39.88186223698137,39.214585130155925,22.811249561628,41.17438089555865,43.262894750292794,0.12333935129000692
1349,42.026485780252656,41.743845448933016,40.04118435589832,39.168269822440855,27.5746845231408,40.75457080168579,43.25987929315273,0.12333935129000706
1350,42.02042409116907,41.796123861915135,40.12092513479929,39.54429951063884,23.60233581094196,41.203909329824114,43.25381760406914,0.12333935129000707
1351,42.04826823286166,41.78400912111791,39.965708314970406,39.259234201471486,24.689599862831557,41.16853056792016,43.28166174576173,0.12333935129000703
1352,42.04522878689626,41.80116909893841,39.377762968264236,38.858877730188645,-5.6751768487983085,40.86742691047393,43.27862229979633,0.12333935129000702
1353,42.035400611791424,41.850614483476285,40.380267882400226,39.66303561670378,24.73763450008724,41.44307009447513,43.268794124691496,0.12333935129000706
1354,42.02334499053873,41.84577886237092,40.23803376992966,39.44082033390826,28.412937943708716,41.284511876302986,43.256738503438804,0.12333935129000706
1355,42.05444757895951,41.70994091632093,39.5967596056834,39.2830401750341,-1.9057249029723664,40.9037358412297,43.28784109185958,0.12333935129000693
1356,42.060622801980315,41.66759569912322,39.8925122419015,39.15674730534874,28.81535067191912,40.97934401864495,43.29401631488039,0.12333935129000706
1357,42.0576467659609,41.744715418206034,39.60671314395766,39.03666993336453,17.021710077751255,40.81529585045779,43.29104027886097,0.12333935129000707
1358,42.05445847021151,41.72643083322582,39.6690362561018,38.574389640308326,28.163719020647562,40.988442697876586,43.28785198311158,0.12333935129000707
1359,42.05141155106279,41.87316043099871,40.41787333263872,39.74183665380745,29.524237565059494,41.31632437357172,43.284805063962864,0.12333935129000706
1360,42.05126319327257,41.84539473095358,40.024382623700504,39.51440637210808,17.13338322894645,41.158103233863834,43.28465670617264,0.12333935129000702
1361,42.04858468701637,41.718381476048776,39.847863475966804,39.37678170385058,17.104730372511405,40.9333562157932,43.281978199916445,0.12333935129000712
1362,42.05756407056451,41.829671318765776,40.02000872178702,38.95350331920962,23.237514396587358,41.289215952745856,43.29095758346458,0.12333935129000705
1363,42.04872176665369,41.76177213036619,39.930659643762844,38.97271235392769,25.44494092139437,40.79273949198619,43.27197420646663,0.1223252439812941
1364,42.05265711350956,41.9011346328401,40.33210288481509,40.02996023458362,21.40793189613285,41.2471809376931,43.2759095533225,0.12232524398129414
1365,42.03026229426359,41.84478822533764,40.16714313019016,39.43559809501047,25.384034609601482,41.251786616175096,43.25351473407653,0.12232524398129406
1366,42.061346637875126,41.931609503991275,40.047609201894524,39.88874915790795,16.828794468156616,41.25166520599943,43.284599077688064,0.12232524398129405
1367,42.05176969867123,41.82742213691551,39.99814956607872,39.11802121194957,27.05325373048476,41.11752431454086,43.27502213848417,0.1223252439812941
1368,42.04998797632244,41.87028640368841,40.02543844086128,39.038311752389184,22.852737934045038,41.285811746042306,43.27507697010409,0.12250889937816486
1369,42.040676416052236,41.87888194504121,40.131149002132815,39.455815761746855,27.337380001517452,41.1402593946668,43.26576540983388,0.12250889937816485
1370,42.05640282409934,41.87320992626766,40.386527728752235,39.825515372513465,31.403366905354076,41.303863962861335,43.28149181788098,0.12250889937816489
1371,42.0533070411962,41.732727531370365,40.27209211534544,39.68063499864095,27.2054193746045,41.307826194622834,43.278396034977845,0.12250889937816478
1372,42.053179104211736,41.71608525802657,40.00749774697449,39.18407549688698,28.110655181852096,40.744406374919485,43.27826809799338,0.12250889937816493
1373,42.0485559637075,41.66901048635714,40.04571388583663,39.44046026584214,24.219478096676873,41.152331889008536,43.28441931801735,0.12358633543098509
1374,42.019992213600375,41.83312846734868,39.87271992703776,39.21021991255147,17.255298277473806,41.33038485822704,43.256171795676245,0.12361795820758674
1375,42.03582205789401,41.8271773422466,40.168242550143994,39.24504847605481,28.06476757533642,41.17968599712489,43.27200163996988,0.12361795820758664
1376,42.036278871205376,41.70269350676662,39.711044716967244,38.56920721457706,27.379649769967582,40.95712449625492,43.272458453281246,0.12361795820758677
1377,42.03639789837767,41.86864604428549,40.15720778908655,39.430417593345204,22.84068659593273,41.44117643838009,43.27257748045354,0.12361795820758675
1378,42.029580251364756,41.82163262856528,39.45732682078651,38.28555981219016,28.091018656309508,40.430102234705295,43.26007484888334,0.12304945975185846
1379,42.025216370726355,41.625083489977634,40.16220843947133,39.791965561925764,27.566909191035208,40.909799949775575,43.25674135436538,0.12315249836390256
1380,42.05912068176909,41.77032527867833,39.894836843969664,38.58694074383594,27.182590667900325,40.90545018430257,43.290645665408114,0.12315249836390257
1381,42.065692894665595,41.71788185115839,40.025668812168846,38.923459130725654,19.61650805861319,40.92154105265711,43.29721787830462,0.12315249836390264
1382,42.042655603066116,41.83060014210426,40.11787151680109,38.99693669895872,23.25190611828458,41.23146460035052,43.272147535318965,0.12294919322528493
1383,42.03297097362193,41.65338980511804,39.85501916641108,39.37100845684931,27.338348147250112,40.661087680762165,43.27179456878575,0.1238823595163819
1384,42.05188797680161,41.667454634628506,40.035568843017245,38.970382277675824,30.83975603936087,40.618501379251384,43.29071157196543,0.12388235951638196
1385,42.05497523236507,41.726945794437576,39.794249510242054,38.65773954076617,15.236418743745123,40.83206067696597,43.29379882752888,0.12388235951638185
1386,42.03893567297261,41.77395649702053,40.294241775487095,38.95823778561402,32.928827598001845,41.036975699961125,43.27552054699787,0.12365848740252512
1387,42.045072241041524,41.78830321473671,40.03483403219923,39.34078275576623,24.292552864702916,41.18598713169246,43.28165711506677,0.12365848740252508
1388,42.029105502360856,41.70059480788637,39.76293163890669,38.90799910790584,28.435875406108938,40.82269927461512,43.265690376386104,0.12365848740252502
1389,42.04472809625988,41.887856444592,39.954267378052236,38.80861697002993,29.472800957214076,41.209426915177374,43.28131297028513,0.12365848740252507
1390,42.03037009789017,41.70615607869489,39.92563065330398,39.0489017152689,19.7320549707945,40.48452902110135,43.27851013556576,0.12481400376755888
1391,42.024011977809444,41.79303384899119,40.377010747365986,39.5715386745816,30.72505015018842,41.11317472726205,43.272152015485034,0.12481400376755884
1392,42.030259528162134,41.764974384761835,39.966831651822474,39.45620605696599,25.28498190185445,40.8390930050364,43.278399565837724,0.12481400376755884
1393,42.05500944543433,41.79689942566988,39.79664419483775,39.18066471697859,-8.267017927857182,41.21551231863292,43.30314948310992,0.12481400376755887
1394,42.01177169956249,41.67649882170936,39.87051738515788,38.809515618729485,29.92423424965886,41.00521423012427,43.269348697450525,0.1257576997888034
1395,42.008819650919484,41.80915857738317,39.70856728769777,38.982670675141115,-0.877513416562067,40.973685310095696,43.26639664880752,0.1257576997888034
1396,41.996538238256676,41.610714885292445,39.6448096466439,38.38452699072802,28.445279871642136,40.69762697771469,43.254314762376204,0.1257776524119531
1397,42.034935642938066,41.74433423966034,39.9289631603795,39.12284929056686,23.871185416197974,40.74826206957487,43.28010847761079,0.124517283467272
1398,42.00321668310565,41.787450137557926,39.903342652907135,38.97643370382903,26.373430808020103,41.21136580232555,43.24273545714672,0.12395187740410736
1399,42.010918328491506,41.74139430789211,40.031902494269715,39.01408374325246,28.721413419619125,41.17434507077107,43.245266836471615,0.1234348507980109
1400,42.03334825622087,41.75588290667632,40.310462890971095,39.62937570044623,31.230510178355495,40.94342124617977,43.26769676420098,0.12343485079801088
1401,42.01166599966881,41.80356532074786,40.3664774655851,39.90830489332387,29.72978242844254,41.19474781716318,43.241608555739184,0.1229942556070376
1402,42.026812951364846,41.74341811638028,40.04259394073852,39.09647697572461,30.285797164391994,40.628862630444445,43.25675550743522,0.12299425560703754
1403,42.048766229322716,41.75791817490966,39.89951019370699,39.4455874203331,22.920319193411927,40.99509755759378,43.27870878539309,0.12299425560703749
1404,42.023798665384405,41.792345977830855,39.90856802304551,38.4673006444124,28.228755119417983,40.91456898784964,43.25374122145478,0.12299425560703742
1405,42.03308375448569,41.85504151605648,40.23936777277896,39.70744013168694,27.915701302640706,41.31382833975494,43.263026310556064,0.12299425560703742
1406,42.02736819496542,41.76347000430932,39.766341307283774,39.04858349706653,25.056993534107992,41.07495068439708,43.27617098478525,0.12488027898198348
1407,42.020948171511904,41.67166729641953,39.575752351127875,38.684259829085825,22.93832889559492,40.674143918507255,43.26975096133174,0.12488027898198348
1408,42.00818235371108,41.81326814675733,40.15380537985178,39.33803187143084,28.433425832944287,40.854671820814474,43.25698514353091,0.12488027898198341
1409,42.02382251671133,41.83382290939544,40.46103364270622,39.92111341644971,26.471141850731943,41.077596792350334,43.27262530653116,0.12488027898198341
1410,42.012490050573355,41.76281189611414,40.08316476603151,39.20469573752187,31.48916326289642,41.14890080515998,43.256977643721505,0.12444875931481492
1411,42.00597032984315,41.79916510094053,40.30094575570151,39.689539576767196,24.78309458632719,41.01866572384723,43.24461958833963,0.12386492584964826
1412,42.01254745430989,41.73835323761502,39.82977746130286,39.45751205929691,16.541196374004187,40.99210085687867,43.24772401394269,0.12351765596327959
1413,42.0407022400443,41.85899696167272,40.32565779196488,39.49272440268001,31.59315329602106,41.123143824810455,43.275878799677095,0.12351765596327978
1414,42.02246748051566,41.80984366041134,40.38812855186856,39.60665726086487,31.0708564148398,41.28122135976233,43.257644040148456,0.12351765596327968
1415,42.00704040219849,41.833393506437794,40.47260033444092,39.6949951463247,33.26243929400452,41.23525121012972,43.23599098899331,0.12289505867948196
1416,42.047118237012796,41.702550101179526,39.65895831919048,38.64685680724085,19.04093773788546,40.502182975248246,43.27606882380761,0.1228950586794819
1417,42.0199291758004,41.85130994176956,40.20981543741028,39.29518063524052,28.86189236862761,40.95967707055647,43.24420241118235,0.12242732353819474
1418,42.02384096269615,41.70353989191089,40.405588316548844,39.86521441884455,30.79052768882428,41.19146102083327,43.2481141980781,0.12242732353819472
1419,42.03608117376058,41.822332357220084,40.023214048208224,39.384614073903876,26.855330286530783,41.21916187282987,43.29524120413513,0.1259160030374551
1420,42.04845322037263,41.8716724019448,40.01588894621994,39.15354501684058,26.30065555987718,41.25087867824871,43.29857659510469,0.1250123374732064
1421,42.039335125419946,41.8642560082221,40.1126892051315,39.6085617855812,24.561009581391488,40.9710052980885,43.28945850015201,0.1250123374732063
1422,42.07295200657875,41.833867561273664,40.36613279717071,39.721896757654086,24.953459059487496,41.171859840554134,43.323075381310815,0.1250123374732064
1423,42.05106674355548,41.72077342561836,40.023934143315316,38.96538168864321,29.712643049091106,40.95142910084519,43.30480767255028,0.12537409289948018
1424,42.05376565195547,41.659143774461725,40.01646084007726,39.22860287534431,21.165724559336272,41.1070542777458,43.307506580950275,0.12537409289948026
1425,42.031401107595656,41.74414712564648,40.13449522889626,39.082474449459546,28.9595143364817,40.926111434548595,43.282525437304145,0.12511243297084876
1426,42.04696458060028,41.69650214883618,39.7747161625791,38.2325425079414,30.88917496287572,40.53561379352456,43.29808891030877,0.1251124329708488
1427,42.06568220776734,41.83461675836855,40.194829437236116,39.59566576710208,25.869464137245608,41.30494527952504,43.31680653747583,0.12511243297084873
1428,42.05053747788653,41.928007958245274,39.83994041817403,39.60581127349101,-12.201822026408308,41.22723993514653,43.30166180759502,0.12511243297084876
1429,42.066334467899665,41.71872969541585,40.16029982772156,39.51605975465315,24.405923985772187,40.88744564020906,43.317458797608154,0.12511243297084873
1430,42.044081401034184,41.57447641676713,40.009248190821786,39.17356958167188,33.103890892154,40.85891395088785,43.29520573074267,0.12511243297084884
1431,42.06017851095806,41.91777019709359,40.059249437372316,38.940979572029036,29.68457774920036,41.0868411600267,43.31130284066655,0.1251124329708487
1432,42.05031915768856,41.84520720426921,40.42724708860449,39.88663155809293,19.2639868514838,41.31782574578813,43.30144348739705,0.12511243297084876
1433,42.04419990401004,41.85912150603234,40.48809010552952,39.84838012737068,32.53331664821569,41.0401966289595,43.29532423371853,0.12511243297084884
1434,42.039595024326815,41.7122244418904,40.140988770686505,38.93357572474797,29.63709287445426,41.06609234918817,43.28898291050503,0.12493878861782123
1435,42.036158544124774,41.602342049586454,39.81088927188549,38.610737076411205,30.932695125380476,40.61458562984692,43.285546430302986,0.12493878861782126
1436,42.067944876484894,41.855728654734364,39.979092378218155,38.82925602629312,27.544446807805553,41.08247673498818,43.317332762663106,0.12493878861782133
1437,42.06484547139965,41.842924982558245,39.707132692783226,39.136694755485145,5.090409402328852,41.0482022202542,43.31423335757786,0.12493878861782123
1438,42.05533961462612,41.7807406171408,40.17839609061961,39.440136478905195,22.092757520786353,41.073528922252805,43.30472750080433,0.12493878861782126
1439,42.04878281723763,41.7285876089057,40.05605981031471,38.90976582235082,27.54115450636054,41.135229888216486,43.29817070341584,0.1249387886178212
1440,42.06153550331793,41.76048277154441,40.00877331955964,39.150108516595836,30.542296828167487,41.05112517500093,43.31092338949614,0.12493878861782123
1441,42.074881608697574,41.6821531145949,39.950060950646666,38.90089808817065,26.608542138152483,40.98265749148771,43.30759702275027,0.1232715414052701
1442,42.095516555489375,41.764936315340236,39.76403511935008,39.232686389637294,27.278167689131706,40.785445700352795,43.326647076349616,0.12311305208602402
1443,42.08587888066412,41.608022792861945,39.48425140001418,38.075612681728515,19.246914319468104,40.5472178613333,43.31700940152436,0.12311305208602408
1444,42.06390831356951,41.67867341000501,39.669078507146445,38.38762994665736,25.72707291242355,40.89435174072243,43.295038834429754,0.12311305208602404
1445,42.073907267134075,41.71502137142471,39.91883098864463,38.999304731324635,25.27515652959281,40.92743299293156,43.305037787994316,0.12311305208602406
1446,42.0794880481194,41.76618077217168,40.1633968975632,39.422030326033976,22.987174391081737,40.98956511138822,43.31061856897964,0.12311305208602402
1447,42.07039585309724,41.87724392803863,40.06027046046312,39.33538427084389,7.972509852901474,41.17056875171704,43.30152637395748,0.12311305208602412
1448,42.1044612626006,41.784544303786554,40.16085750063599,39.40774932294235,25.243165928907526,41.14181030462264,43.33559178346084,0.12311305208602408
1449,42.07641803479121,41.835129354739955,40.24562524304063,39.648780091040464,24.97790802576599,41.11665777176198,43.30754855565145,0.12311305208602412
1450,42.08318977431039,41.78535234241259,40.08875112857655,39.57448108608262,30.015620241221313,41.01436087433513,43.31432029517063,0.1231130520860241
1451,42.063874258243196,41.79774584372287,40.31369990619661,39.33893317117165,29.397867374483305,41.12497020987391,43.29500477910344,0.12311305208602412
1452,42.070124234741556,41.834074017280244,40.12467431386439,40.07720630208307,6.880293676383708,41.234238716693426,43.301254755601796,0.12311305208602401
1453,42.07592854236811,41.72879703697246,40.15915359810372,39.56376956456101,26.194122001831317,41.074289118886234,43.30705906322835,0.12311305208602409
1454,42.067105474833895,41.81377789317945,40.091932830798484,39.37488572730939,27.548061040656286,40.88829552020054,43.298235995694135,0.12311305208602406
1455,42.060891378831926,41.886865203201886,40.483751839870564,39.897752207893525,26.095299953227517,41.379483951385055,43.292021899692166,0.12311305208602409
1456,42.08276908745313,41.87690054171941,40.11884288105664,39.08289720117528,32.46850725057246,40.99118654962561,43.31389960831337,0.1231130520860241
1457,42.08616972141148,41.78884985835237,40.07108205734077,39.0255223019212,26.095131751324256,41.00490882240718,43.31730024227172,0.1231130520860241
1458,42.07715522802028,41.77774249542546,40.19501914856738,39.41184371971397,31.4991606767573,41.092889128333624,43.297151855177304,0.12199966271570217
1459,42.08070951535777,41.7647639475647,40.15059717092624,39.05272422172184,29.88485560491271,41.15873924885206,43.30070614251479,0.12199966271570224
1460,42.05858093003305,41.86267143091822,39.97242725739201,39.96392755049448,-11.97144685726606,41.286550021364654,43.278577557190076,0.12199966271570217
1461,42.07671160460319,41.875640976254715,40.15256701065872,39.37084272543046,26.289182692458606,41.24242079616196,43.31338070388572,0.12366690992825319
1462,42.06375637433402,41.617385757942,40.02900205314805,39.13605254679061,29.16085613782025,40.80819346090787,43.30042547361655,0.12366690992825324
1463,42.0795957091143,41.8384129698818,40.222708707333794,38.992602000782306,31.70746715763595,41.01462080610533,43.31626480839683,0.12366690992825329
1464,42.060887096381364,41.824201442655216,40.28116580675628,39.107416728561915,32.428583842646546,41.152803969466895,43.297556195663894,0.12366690992825334
1465,42.07005124631897,41.7686434311974,39.538138176392856,38.98646065842294,-32.58018050720845,41.226515050641616,43.3067203456015,0.1236669099282533
1466,42.08839059745344,41.73781642678062,40.24843894245657,39.5501240668638,27.957140731161736,41.01953214259689,43.32505969673598,0.12366690992825333
1467,42.05780484752469,41.673790530224174,40.200337082100134,39.12136512668311,31.12939500662143,41.03154261589694,43.29447394680722,0.12366690992825326
1468,42.072955130205315,41.84749780699562,39.94417485353094,39.245959277957205,17.622388223330166,41.0382724937097,43.309624229487845,0.12366690992825324
1469,42.05442444835883,41.811990812006435,40.463011395364845,40.102635061456766,30.56812179898344,41.12716564327426,43.29109354764136,0.12366690992825327
1470,42.06360937144174,41.860195128404065,40.297959930610986,39.69014689918675,27.451598803304,41.15351594214644,43.30027847072427,0.12366690992825327
1471,42.088611732499686,41.88956902241693,40.423563099809314,39.53181988090003,30.708615890156167,41.10030418393474,43.325280831782216,0.12366690992825327
1472,42.091775664338215,41.66745469485148,39.836328767652,39.3443543642673,29.328675559205507,40.5675163206991,43.328444763620745,0.12366690992825322
1473,42.063541344202555,41.73030220513319,40.11607873054522,39.453026647874594,28.054689673589387,40.9150051523401,43.300210443485085,0.12366690992825327
1474,42.07903046942574,41.790595042353324,39.9200685231755,38.7007210322436,30.89431924476579,40.975019662820614,43.31569956870827,0.12366690992825323
1475,42.05153637136155,41.83186292049908,40.15462200478862,39.093534023298965,31.037707786153106,41.12394800650559,43.29750679367463,0.12459704223130749
1476,42.049389994809665,41.804953190191846,39.2879346652874,38.191635985321746,-6.415173861499312,41.03020768054395,43.30670082810922,0.12573108332995572
1477,42.06186227088441,41.83963164170333,39.83819407300587,39.009268282729735,19.495523873988574,40.93248985369499,43.31917310418397,0.12573108332995564
1478,42.037261742022906,41.71775295226933,40.25375196497137,39.57113753362677,28.61398612868089,40.93642196999735,43.29457257532246,0.12573108332995567
1479,42.07120383725323,41.754987077346385,39.87799076687331,38.50929745245431,29.706364034473616,41.01504240648353,43.328514670552785,0.1257310833299557
1480,42.04310628210616,41.78327412838691,39.87691164164175,39.326804919139164,7.957826644151389,40.952013278552215,43.300417115405715,0.12573108332995572
1481,42.078254141897666,41.80401371179293,39.94356304863681,39.51880990002294,7.988638992441366,41.15245294054381,43.316066529199645,0.12378123873019765
1482,42.08142170574989,41.958678571106276,40.11067028782728,39.334008647191986,28.36032055563024,41.202915812108444,43.31923409305187,0.12378123873019763
1483,42.07508336395883,41.743505671233706,39.6982575569215,38.91251063951077,17.693271502853868,40.8194471198145,43.31289575126081,0.12378123873019763
1484,42.09620879035279,41.883935156769034,40.295645372195345,39.1285189862276,33.460127375488234,41.01229779600611,43.3346668318838,0.12384580415310104
1485,42.052748080917716,41.68600644845103,39.636485901141064,38.88040177443095,7.980087641706206,40.77986660110557,43.29120612244873,0.12384580415310104
1486,42.08993565807227,41.790902293284944,39.89250357371557,39.09412820130498,19.802174199744353,40.72026704724685,43.32839369960328,0.12384580415310104
1487,42.0745527267588,41.79446900288568,40.42662383215415,39.64566697083926,26.44710179655886,41.049636294339635,43.313010768289814,0.12384580415310112
1488,42.079209208050344,41.88348672283119,39.778337511632344,39.26020660522454,-2.680452458473084,41.01001478068875,43.32194196475239,0.12427327567020505
1489,42.08961073071673,41.73634821404497,39.903838774458954,38.88229329834358,17.061625823469136,40.87217746193646,43.30956806913937,0.12199573384226349
1490,42.0899650502049,41.88185615785003,40.43857833066359,39.72445150637223,30.994486753960288,41.271447412550486,43.309922388627534,0.12199573384226346
1491,42.05846072557523,41.70086579412135,40.24660821482485,39.60141307875586,31.473792170257752,41.07405906515618,43.27841806399787,0.12199573384226352
1492,42.10633384107971,41.92616305329283,40.28230962058878,39.88624850327661,21.071001779518227,41.365202288054775,43.328648164795744,0.1222314323716034
1493,42.090670949377206,41.80450890567296,40.327593188768624,39.37210613760958,27.10753769407506,41.32690679233092,43.31298527309324,0.12223143237160343
1494,42.0984389389191,41.79051334094602,39.59193031246165,38.566578886226935,4.4688850042807005,40.90172197228965,43.31871879880143,0.12202798598823286
1495,42.08314397323042,41.76214300263449,39.84317918316343,38.55792009807478,31.103586200583226,40.758112727841244,43.30342383311275,0.12202798598823292
1496,42.09551597352301,41.86327484574657,40.14402963390877,39.291132591898524,25.544521112606947,41.156473145192464,43.31579583340534,0.12202798598823293
1497,42.108243430626466,41.7930560216074,40.12221600954442,39.520964646171095,26.36133783149072,41.09613705580469,43.32563205905712,0.12173886284306527
1498,42.086154091147314,41.92609255531535,40.434047376035224,39.718413937608965,27.504995109952866,41.16160370130118,43.30354271957797,0.12173886284306519
1499,42.113794163900465,41.82153604675778,40.14726737927596,39.107525443351186,31.638435798588958,40.72250246102094,43.33118279233112,0.12173886284306512
1500,42.06717376611362,41.87665517751328,40.274460760565475,39.37190930098349,29.764662273712432,41.21740570524644,43.284562394544274,0.12173886284306519
1501,42.10514529162136,41.87571976432977,39.909744302472845,38.864005245563824,19.602018043141584,40.93488097365852,43.32253392005202,0.12173886284306523
1502,42.09876777999964,41.74383304358505,39.774782344830804,39.063990085756046,26.884301050082122,40.6917589659446,43.316156408430295,0.12173886284306516
1503,42.13318152355002,41.851106126142405,40.12113061448129,39.144108010046814,27.410020393046697,40.61398132064837,43.3471632718428,0.12139817482927778
1504,42.114519311493595,41.92433067859511,40.36282196200295,39.826133177720905,17.036942666657907,41.348258489183635,43.328501059786376,0.12139817482927785
1505,42.08341375686133,41.87450941359344,39.93448557962171,39.16872862779238,10.713647087740213,41.13246449541194,43.297395505154114,0.12139817482927788
1506,42.107837877548405,41.971671492450426,40.17600830096156,39.595714841586634,30.974683696296715,41.163887553120105,43.32181962584119,0.1213981748292778
1507,42.08052454013251,41.78293299591272,39.8725942869559,38.927402644965284,16.996719528155396,40.774245106383006,43.29450628842529,0.12139817482927778
1508,42.12073884179425,41.703225390605084,39.83066619816471,38.26503303825375,31.98817023659855,40.64409742074646,43.33472059008703,0.12139817482927776
1509,42.12688136528796,41.852292567112485,40.078061206758555,39.42827488118832,30.132564164671614,40.799005818239166,43.34086311358074,0.12139817482927788
1510,42.089555488913724,41.86274462875331,39.998185447937594,39.15355762565159,17.73100453847165,41.11087874342735,43.303537237206505,0.12139817482927785
1511,42.11087698219408,41.924785020594385,40.252648102361256,39.747451450199314,27.51434127543734,40.98677453239695,43.32485873048686,0.12139817482927785
1512,42.098878414136045,41.87837478970092,39.83508067258071,39.10963362173475,25.861813699436002,40.95853234523194,43.31286016242883,0.12139817482927785
1513,42.09326876898253,41.87705164194856,40.290912071510014,39.523372755254975,29.189611552804905,41.114928248051044,43.307250517275314,0.12139817482927778
1514,42.11207420187682,41.82041182060922,40.137686624610424,39.20382269651394,30.505751614004055,40.86741881058382,43.32522929803085,0.12131550961540268
1515,42.099516686895704,41.85755584072369,40.06269747862652,39.396497712829195,23.24345545001831,41.08262742226162,43.31267178304973,0.12131550961540272
1516,42.102966024894826,41.91732781902077,40.02799977593688,38.87863661100566,20.624417469032174,41.00972639938644,43.31612112104885,0.12131550961540277
1517,42.13112191380453,41.84033868024628,39.82630657211811,38.819778359494876,19.68752406179142,41.13681048181144,43.34463182334779,0.1213509909543261
1518,42.096221218741874,41.68063493458987,40.177302489470414,39.165236574828285,28.67441140900388,40.8822506611604,43.30953160205364,0.12133103833117642
1519,42.10884142421583,41.868471104830036,40.401268077581804,39.840996099772305,23.52513533524923,41.35738996200379,43.32183557976158,0.12129941555457473
1520,42.10614323432742,41.86881333360975,40.40306801151537,39.69576526068769,30.644523229626706,41.29157201991045,43.31913738987317,0.12129941555457474
1521,42.11541096615914,41.75450474248443,40.32566538157428,39.33738562109349,24.526175063492506,41.102515376735596,43.32840512170488,0.12129941555457467
1522,42.09941708135313,41.93345639916283,40.28186772024096,39.127616479775206,30.129125467333928,41.18557978423074,43.31241123689888,0.12129941555457473
1523,42.124623615700884,41.92438187491925,40.19072422330798,39.29903037628192,28.152022113755365,41.4022297676637,43.337617771246634,0.1212994155545747
1524,42.11500446839121,41.70687674038659,40.036278379257546,39.41586160380301,27.2481327288122,40.807442809207146,43.33999463440295,0.12249901660117357
1525,42.09291625762956,41.76237611687667,40.25765220107126,39.51271240266313,25.77916021029992,41.16092896384703,43.3179064236413,0.1224990166011736
1526,42.0955039133322,41.862609422878826,40.256461126642854,39.22619570477217,31.965062512956834,41.08818606901293,43.32049407934394,0.12249901660117356
1527,42.105391799764725,41.972152498694896,40.623956621669386,40.047437331619875,33.42964766584023,41.28950738337201,43.33038196577646,0.12249901660117364
1528,42.12069977460022,41.877185317520386,40.07521123550819,38.831958843580196,32.177715554881686,41.0689823971281,43.345689940611955,0.12249901660117356
1529,42.10873751915682,41.768459514564526,40.424260073309895,39.62381603697632,33.92766890346878,41.1625774401941,43.333727685168554,0.12249901660117356
1530,42.092553950040724,41.75790330736097,40.0257640147424,38.93286364595226,28.30528916723342,40.915711081194246,43.31754411605246,0.12249901660117357
1531,42.089390524311256,41.67249607995885,40.03103140203619,39.491023778215734,27.433203217872876,40.85890030317925,43.31438069032299,0.12249901660117359
1532,42.08970246995448,41.80781385463879,39.86825073697723,38.87683310988803,28.668052786380116,41.03286877020424,43.31469263596622,0.12249901660117357
1533,42.099106329135104,41.782324483856485,40.45239063927516,39.585209125838546,33.366413401107444,41.17718155257717,43.32399178229203,0.12248854531569305
1534,42.10832460628299,41.92651043522105,39.915519600949146,39.22501383093035,24.642572181272364,41.003087476947044,43.33321005943992,0.12248854531569302
1535,42.08664294986615,41.752787868668726,40.14697090155004,38.89932215579546,30.7331513950304,40.87330438969505,43.31152840302308,0.12248854531569303
1536,42.095991043301126,41.903638889006835,40.099454715195975,39.446258691084765,26.23229211091231,41.17939841403653,43.321192724224076,0.12252016809229471
1537,42.09697172880296,41.9344453887105,40.02099974925565,39.31204929365355,18.454876017571237,40.81148807668647,43.330038083614724,0.1233066354811759
1538,42.105542392606935,41.85711413551386,39.87014745417143,38.644314653443374,27.89779367882879,40.97167721684775,43.3333606728162,0.12278182802092626
1539,42.083520043647546,41.809112292031976,40.323246333417806,39.62267475327327,25.82336939002498,41.1747357261366,43.32107842868299,0.12375583850354419
1540,42.08017182920895,41.844629759446406,39.3587965458762,38.04036553143826,11.193149992978583,40.79018656637825,43.31773021424439,0.12375583850354416
1541,42.06910871265632,41.722069583716774,40.214346007265135,39.294666664936514,30.121499855240156,41.18143340078606,43.32048511818102,0.1251376405524696
1542,42.066210857368546,41.83642603324178,40.00757442241596,39.36787167357657,23.317379399563354,41.15035943853012,43.31758726289324,0.1251376405524695
1543,42.06964972446931,41.627811593623434,40.16973238495538,39.21278237450975,30.920596378562173,40.88299513992605,43.321026129994,0.12513764055246954
1544,42.069864125863596,41.791448149167415,40.2171195372878,39.69482385709644,26.27987066204467,40.99559847020491,43.31491676859388,0.12450526427302844
1545,42.09754476579767,41.72025878504121,39.973031746833385,39.13783439313532,30.088674745275924,40.8327923517035,43.34259740852796,0.12450526427302844
1546,42.08188865528019,41.68825064649803,40.13988526707113,39.41993446695336,30.87138120265641,40.9709350038894,43.326941298010475,0.1245052642730284
1547,42.054803165197605,41.775742752681495,40.165224236081166,39.45430929560753,25.163501917480453,40.97134419932661,43.2987051999488,0.12439020347511955
1548,42.092959972285925,41.89451567709508,40.07307167853058,39.117704660278406,30.925534265680707,41.07951752482312,43.33686200703712,0.12439020347511956
1549,42.08381990290686,41.88367939620465,40.26962497690998,40.097429253343,11.09723511489684,41.315881583429785,43.327721937658055,0.12439020347511949
1550,42.09908702118088,41.8197274727379,40.045982270538474,39.278301729661315,25.719004432585887,41.02698146812618,43.34298905593207,0.1243902034751195
1551,42.10885192356597,41.85762624175645,39.89783661578725,38.399853857027885,31.3781141904943,40.87627531903182,43.352753958317166,0.12439020347511959
1552,42.0618941696702,41.88087284928253,40.44176935174329,39.63316838691784,30.93496620409973,41.38521429927801,43.30579620442139,0.12439020347511959
1553,42.081194462456224,41.9178702970372,40.370747890608826,39.49015760013062,25.06770901136661,41.21683004735077,43.32474168381819,0.1243547221361962
1554,42.09986281179652,41.921311234763756,40.04452584038191,39.095466528335436,25.798083986749347,41.01313482920091,43.343410033158484,0.12435472213619624
1555,42.06842765371316,41.71062949621002,40.20858235449374,39.305458877501906,29.168868993113158,41.0813012016138,43.31197487507512,0.12435472213619626
1556,42.08065682218634,41.6091358560689,40.20830295786417,39.11215938085243,33.03062441894974,40.862180712278786,43.324204043548306,0.1243547221361962
1557,42.065310742054116,41.912910448407445,40.33693373405956,39.78630743485273,19.339756503989193,41.08910934231466,43.30885796341608,0.12435472213619624
1558,42.06207684113229,41.77346955805487,40.10139267540858,38.90463635530305,28.528683345355127,40.99673563769003,43.30562406249425,0.12435472213619629
1559,42.09645366795407,41.730177888826326,39.627874298726105,38.97124256317993,10.2264466883937,40.94117235285589,43.34000088931604,0.12435472213619622
1560,42.09052293038729,41.938611793133234,40.37784998802995,39.870704783657416,22.618664980690763,41.19616779061319,43.362232029853494,0.12717090994662092
1561,42.08998916672734,41.900608044284944,40.407528222063306,39.790517024404835,31.564349902469203,41.26428687166215,43.36169826619355,0.12717090994662097
1562,42.06867730271143,41.86052835967203,40.40800128858816,39.4108672847935,25.558920716576036,41.26463468697944,43.34019179180451,0.1271514489093077
1563,42.071255324604465,41.9197491872858,40.31674778161576,39.30945744642751,30.281751228867268,41.12813913529207,43.342769813697544,0.12715144890930763
1564,42.08720002504456,41.915592894141746,40.326432606738955,40.07388161331272,28.186864219203805,41.352804876024976,43.35871451413764,0.12715144890930768
1565,42.037418666222706,41.67128217942892,40.08195812312751,39.10112486247901,27.34085694200325,40.98627621457135,43.308933155315785,0.1271514489093076
1566,42.071665586588736,41.86343063654597,40.608806943244026,39.88584029914183,29.830575190228636,41.33381970150093,43.343180075681815,0.12715144890930763
1567,42.05436078212539,41.789887398193855,40.128782375578744,39.290869081229964,16.869290194613445,40.9109470094791,43.327503968135204,0.12731431860098116
1568,42.07008553983106,41.92506101556396,39.671288664639896,38.752930302239875,16.615258861357617,40.883447215050495,43.34322872584087,0.12731431860098127
1569,42.08262540101342,41.78054605428539,40.19366005493033,39.24440962164546,31.862831039564142,41.01058392884073,43.355768587023235,0.12731431860098125
1570,42.07341333041044,41.876827986906406,39.80167797380038,38.53149264208257,24.935717209820176,41.00999629721238,43.34655651642025,0.1273143186009813
1571,42.06394960513839,41.972863250177625,40.46864290740282,39.67581597593495,31.310067041960746,41.357800566255605,43.3370927911482,0.12731431860098127
1572,42.085911649217635,41.69067186298893,40.396343286246804,39.42684848828967,33.87693529804275,41.01890540667675,43.35905483522745,0.12731431860098125
1573,42.073446422867335,41.921015925799416,40.11844394568104,39.20060256828304,28.718379563191608,41.16631266044878,43.34644835512268,0.12730019322553496
1574,42.0675801298962,41.80559315724328,39.83556589997769,38.835038381457764,26.191514017060726,40.81837653158425,43.34058206215155,0.127300193225535
1575,42.05359225198371,41.88242107885955,40.078254461365134,39.1192493223252,28.02499965195972,40.89781242203257,43.350140153158435,0.12965479011747236
1576,42.03156375062317,41.79480432655174,40.276295671845375,39.47878635862327,29.818694732667602,41.25342340582416,43.3281116517979,0.12965479011747236
1577,42.062849641421685,41.82236253879223,39.72475326422543,39.127984755865015,0.43215693539051614,40.986001198256574,43.35939754259641,0.12965479011747233
1578,42.05084136192671,41.73094154896835,40.06028308936871,39.48594183722967,23.90057289640725,41.161971021644604,43.34688486262686,0.1296043500700152
1579,42.054043097630206,41.86049110345059,40.2776015626484,39.88695517254696,25.49461829060967,41.26490033018631,43.35008659833036,0.12960435007001514
1580,42.041292432229305,41.7370769038168,40.22186094280674,39.23971002239671,30.43938146843852,40.889445498639574,43.322181980996184,0.12808895487668795
1581,42.06312741078593,41.81323062080682,40.107883835084635,38.78929574182629,27.038337641486667,41.13681922642782,43.34401695955281,0.1280889548766879
1582,42.053327454861794,41.798050089506376,39.592344867078396,38.752347461554706,-8.564181899032938,40.86786200452124,43.328372429857424,0.12750449749956314
1583,42.06224572790905,41.82818457161853,39.959830318789,38.84884438629983,23.679956886650956,40.828141120861474,43.33729070290468,0.12750449749956314
1584,42.08427220624569,41.775481284078744,40.08395157572633,39.1224307325391,27.920073417167536,40.91375655365267,43.35931718124132,0.12750449749956314
1585,42.07801261216345,41.6511863891291,39.889543420648465,38.25973470961748,31.428800214268023,40.68756450233454,43.35305758715908,0.1275044974995632
1586,42.062696662270966,41.75696354903419,40.14955562247267,39.261327453272905,25.962075794310742,41.085018595671244,43.337741637266596,0.1275044974995632
1587,42.0784340116706,41.869822013483656,40.03858238021878,39.371358807285915,27.24530095673491,41.20241051995141,43.35347898666623,0.12750449749956316
1588,42.06903943032813,41.88483486109472,40.30424633570337,39.4091511282908,31.429880472764427,40.85566492249469,43.34408440532376,0.1275044974995631
1589,42.09376720108528,41.825786795151785,39.98208318611524,39.42080785954811,15.80418259776734,41.02492749705954,43.36881217608091,0.12750449749956314
1590,42.05634343302597,41.76365030459698,40.04659852337385,39.52873791869028,23.692257378148717,40.88234872033566,43.3313884080216,0.12750449749956314
1591,42.08434230048843,41.73735077757226,40.189374147646774,39.45007615195573,29.952609926015903,41.09322880861063,43.35938727548406,0.1275044974995632
1592,42.072134063350745,41.78325199196302,39.78152407976005,38.8840057459687,25.391208638622345,40.74563582784013,43.347179038346376,0.1275044974995632
1593,42.05637256943963,41.79477644811715,39.82877608358174,38.927558234600994,26.772359496312387,41.082540919523325,43.33141754443526,0.1275044974995632
1594,42.08430431492055,41.78806112588515,40.32877611819079,39.73446367892638,16.805732932011527,41.16075847511863,43.35934928991618,0.12750449749956316
1595,42.06403636416535,41.8226058166405,39.651764106636584,38.7507409128216,8.000350328382922,40.67680167776704,43.34702462150822,0.12829882573428741
1596,42.073579536738414,41.83853718247376,40.28753426997805,39.74062996211349,30.50912775941476,41.18822428671763,43.356567794081286,0.12829882573428741
1597,42.060284290907205,41.880663874622826,40.23470443893428,39.59934836289912,28.062231680310774,41.33157144556799,43.346820682142415,0.12865363912352096
1598,42.035549263168676,41.58292498376841,39.884465067691245,38.905506053108866,25.314272333529438,40.681510109815505,43.322085654403885,0.128653639123521
1599,42.05738042818775,41.74501479008491,39.73216266429631,39.332195224006995,19.097349966877776,40.976059454605945,43.34391681942296,0.12865363912352099
1600,42.06728956117597,41.863903278580985,40.38953625205963,39.26531513892057,32.670801245123236,41.02880336730014,43.35027781851884,0.12829882573428744
1601,42.09191251783584,41.770418420681466,40.20733434901346,39.58538591474624,27.06914950784332,41.06828851883936,43.37490077517871,0.12829882573428744
1602,42.061178465584696,41.82439706102107,40.15401722414448,39.476947963824756,31.23972033091212,41.129815141144135,43.34416672292757,0.12829882573428736
1603,42.06389244058444,41.81699544545326,39.80733929072931,39.00734675439048,14.452918103312875,41.230231700943335,43.353190271372114,0.12892978307876765
1604,42.08299024174265,41.876194466960406,39.9994299677877,38.5315490477336,29.23830695292365,41.299881730913995,43.368531905337896,0.12855416635952457
1605,42.0581749909675,41.86028626724503,40.19601102941339,39.52149569394437,22.801938863539906,41.17454163279831,43.34371665456275,0.12855416635952455
1606,42.08035672210483,41.76698738530427,39.99382278073205,39.42048339423162,28.0314645248846,40.90195458844949,43.36589838570008,0.12855416635952457
1607,42.07709007351617,41.78548445207676,40.11674023830268,39.506798930868904,18.915278253792472,41.21147005507795,43.362631737111414,0.12855416635952455
1608,42.086433502667724,41.7026218846577,40.52096324629394,39.96593319517426,33.37972375826526,41.03298874505144,43.37197516626297,0.12855416635952452
1609,42.08074695678856,41.83280633372368,40.065291857817165,39.339387616574946,26.815987546829287,41.11704786737154,43.36614736662934,0.12854004098407826
1610,42.07723308596607,41.82793156924648,40.16936592692496,38.84700052531646,31.100450227381497,40.94104681922751,43.362633495806854,0.12854004098407829
1611,42.071332139400674,41.860148679511504,40.06514506397229,39.034579297139445,22.81919464997969,40.83640917254246,43.35673254924146,0.1285400409840783
1612,42.07724439450026,41.84025171919691,40.289628018912964,39.31380721871533,29.304838592942588,41.067106770297436,43.362644804341045,0.12854004098407826
1613,42.06145453564824,41.88673761622282,39.84161852497897,39.06829334091461,11.178099472549903,41.14275023373252,43.34685494548902,0.1285400409840783
1614,42.05161592634241,41.727828735445016,40.04920750819399,39.32758796292019,26.52786899713611,40.953815788423775,43.34766368776965,0.12960477614272445
1615,42.08219450595799,41.690516929079244,39.519186409878074,38.30766991844051,25.60483960868168,40.764855245612544,43.37824226738524,0.12960477614272436
1616,42.08904118352786,41.91193602894424,40.337782046673155,39.759847483633585,30.882726641704046,41.136357486860064,43.38508894495511,0.12960477614272448
1617,42.110383285870824,41.882572545979166,39.90053198718833,38.922305031082004,22.80461914120759,41.021676877476494,43.40643104729807,0.12960477614272448
1618,42.08913977621648,41.87270302063918,40.09791602799379,39.189722409832996,30.226484317195986,40.88149123786076,43.38518753764372,0.12960477614272445
1619,42.11591783182563,41.811500119753205,40.21336749396903,38.986776987425785,31.79350743695651,41.18503105354642,43.41581430890327,0.12998964770776464
1620,42.12234813871989,41.80356524635056,39.64380122102603,38.8337332868182,7.931607818594252,41.03518249438366,43.42224461579754,0.12998964770776456
1621,42.091761916212704,41.88052606924173,40.1427435138242,39.13153873779846,26.466108776554982,41.15472526020504,43.39165839329035,0.12998964770776467
1622,42.09657114618001,41.90948428542386,40.17320760558483,40.05748617569907,27.79172283540265,41.186598889268254,43.413063492332036,0.13164923461520223
1623,42.10382658046982,41.932707043414545,40.12257046009263,39.41274594673342,29.271709308930014,41.21112462980153,43.410130182334115,0.13063036018642926
1624,42.088340948290266,41.88192320841528,40.010852939361314,38.87202592683545,28.44750855503508,41.031444080055195,43.39464455015456,0.13063036018642935
1625,42.10630782996103,41.896759076367445,40.151401027948204,39.53850359173577,24.81973785404265,41.31275965284022,43.412611431825326,0.13063036018642932
1626,42.128419914968255,41.819652374566715,40.09680279264289,39.381855531512386,29.69619358843319,40.968486696712056,43.43472351683255,0.13063036018642932
1627,42.095171898347814,41.820010384758824,40.297226885400455,39.63966663523695,30.1489024075052,41.01296143218722,43.403312889056856,0.13081409907090452
1628,42.10387630692453,41.79696734569403,40.19601034633984,39.310384312183096,33.90791005204186,40.89946737698852,43.40652055470494,0.1302644247780408
1629,42.082000412698896,41.725890400616755,40.058302342544046,39.09596145516845,31.03196214804744,40.701516939624874,43.416437261446234,0.13344368487473376
1630,42.05006241581238,41.74795021948528,40.186597525034976,39.21887188974715,25.260896895520766,41.01844306777394,43.384499264559715,0.13344368487473382
1631,42.074888376682,41.8018130711364,40.31520979179362,38.906432675097136,31.59018360201661,41.223729218681456,43.37531982151627,0.1300431444834271
1632,42.08618285170689,41.702457241702305,39.829106843758666,39.02934697252968,28.447116029568722,40.79556384831896,43.38788158978403,0.13016987380771405
1633,42.08047033214489,41.704750772284044,40.21189917145959,39.2757678629165,29.890549804067234,40.876874800136775,43.382169070222034,0.130169873807714
1634,42.079032329735085,41.79432921861278,40.00881295791251,39.174330134126876,30.696110004556985,40.73427614960487,43.382064589244386,0.1303032259509303
1635,42.10024512709787,41.86444999930007,40.28629305529828,39.8283531590365,23.949526925207927,41.24372778555463,43.42861115253313,0.13283660254352597
1636,42.07274208691296,41.71570608419764,40.21591081446867,38.823367603225385,33.161639440961075,41.14027377686628,43.40110811234822,0.132836602543526
1637,42.08526141644217,41.86346517569648,40.379245060661226,39.62624828984003,29.99627184582115,41.15676920270567,43.39367956069994,0.13084181442577653
1638,42.088549249341,41.85356592433668,40.08240747174252,39.23180244028531,26.68468748847974,41.06240663147324,43.396967393598764,0.13084181442577653
1639,42.09269852627193,41.886083591246006,40.359598040665176,39.579813618996816,32.72442887503008,41.286224642072945,43.40080044276368,0.13081019164917476
1640,42.10447433904371,41.73999848566894,40.10703644245259,39.1663089348049,23.84665690625142,40.993178724079755,43.41257625553546,0.13081019164917485
1641,42.10735165753039,41.840876255804055,40.23774389156303,39.49155392177598,29.352577723976545,41.21026577242446,43.41545357402214,0.13081019164917496
1642,42.08636726475214,41.830491279367166,40.244517668571724,39.88767375030396,28.45522081057893,41.28950009183551,43.39446918124389,0.13081019164917493
1643,42.06736752507941,41.84568166534624,40.14224962987464,39.492606476417855,24.673271778331568,41.32358752189131,43.37546944157116,0.1308101916491749
1644,42.09189151347847,41.89285499659212,40.09657388510797,39.3554047362866,11.160639014123262,41.41193447113214,43.39999342997022,0.1308101916491749
1645,42.082155758361026,41.89911598098646,40.46545397875649,39.40208884786944,32.63696022981314,41.106276057105894,43.40676796596855,0.13246122076075234
1646,42.07858134519136,41.88023866043383,40.272638763789594,39.638895510907886,31.070735903584882,41.00806556805729,43.40319355279888,0.1324612207607524
1647,42.0915138144636,41.91160972713746,40.31559034047664,39.610661520253146,30.735871416217996,41.254907833491586,43.416126022071126,0.13246122076075234
1648,42.08804239063453,41.79366280969497,40.33436348596054,39.760728602282775,25.931326581131152,41.21041432529111,43.41265459824205,0.13246122076075229
1649,42.06976797772818,41.69573610188919,39.96774722986519,39.04840739348718,26.40825081692695,40.835479067114484,43.394380185335706,0.13246122076075234
1650,42.06141720174524,41.92035868039261,40.457324360474345,39.4899869534979,30.899982126523305,41.17483114127279,43.381305578283275,0.13198883765380298
1651,42.06793419797058,41.80889684000987,40.01834831302405,39.20406346526383,25.78279800419436,40.99587864313629,43.38782257450861,0.13198883765380304
1652,42.077748231573736,41.89798020247614,40.22467408410139,39.60898987714904,28.543418791439024,41.339797250504105,43.387447863824036,0.13096996322503013
1653,42.09110906292639,41.65012236277902,40.0410263989794,38.9749041942139,27.950106017566362,40.91212608446828,43.40080869517669,0.13096996322503007
1654,42.0907157646181,41.743081461211524,39.88035219782576,39.03686814283709,27.056891086427687,41.01321159885002,43.400415396868404,0.13096996322503007
1655,42.09410753519636,41.9434641777365,39.93646543405389,38.76368878659884,24.514685996427023,41.43229815420111,43.40380716744666,0.13096996322503018
1656,42.10544734959102,41.80407364861061,40.13760474622944,39.67563798699535,16.034478201705987,41.20800499165067,43.412801054100555,0.13073537045095357
1657,42.08271567382669,41.832019652081854,40.24681758919713,39.36237334671621,16.099003119317004,41.19298158619296,43.39105080559013,0.13083351317634404
1658,42.11863970496334,41.796376158593446,40.03537009743868,39.47654516562611,-8.29036297115367,41.25263649141364,43.42551638508349,0.13068766801201487
1659,42.09956912308211,41.83085429912244,40.063012012374685,39.67759025535932,16.843498910670565,41.15479578144971,43.40644580320226,0.1306876680120149
1660,42.097627312876256,41.84191919353423,40.382751032792264,39.70213435278292,27.395125984536072,41.16016698147716,43.40608888618887,0.13084615733126104
1661,42.088477442187084,41.81726035806274,39.95370685444315,39.133653061912305,27.766882787834348,41.030451522293994,43.3969390154997,0.13084615733126106
1662,42.09471004019545,41.95143253737778,40.23499921549318,39.35626627564337,27.830285352966364,41.333674321941814,43.403171613508064,0.1308461573312611
1663,42.1108161703793,41.755785047376285,40.0123602079538,38.8075830622157,25.58570701713209,41.0515661848825,43.419277743691914,0.13084615733126112
1664,42.08576658583665,41.628263437420465,40.110631108497344,39.32600207630755,30.847864417991353,40.77858021987723,43.394228159149264,0.130846157331261
1665,42.06423666889268,41.750334362166036,40.19652231286953,39.40981790467984,19.164500549823643,41.04037081441291,43.372698242205296,0.13084615733126104
1666,42.08258438944477,41.90864474427756,40.24427397034913,39.15448250935128,27.213097170399365,41.10741328523537,43.39104596275738,0.13084615733126095
1667,42.0928567017363,41.92499444816698,40.4927349538509,39.51409610427927,26.74955232833325,41.344727862787835,43.403506036672866,0.13106493349365603
1668,42.05972261551449,41.86723600756722,39.957686249693744,39.27799281830199,28.411307054373097,40.993344430118725,43.36911192992365,0.13093893144091606
1669,42.091224965734106,41.97483049203813,40.56839835001047,40.013762398113585,30.870654502074725,41.495589268843545,43.400614280143266,0.13093893144091603
1670,42.23335523101961,41.83426129715849,40.065676204914716,39.24820719227933,27.92896730210022,40.855682187204174,43.54634352624375,0.13129882952241453
1671,42.28594132815731,42.096908063920104,40.40409228587135,39.49768740150653,21.635945168453283,41.23346264360873,43.59892962338145,0.13129882952241448
1672,42.33254772793921,41.86489885723074,40.11191913437872,39.2228834315904,27.30931284250454,41.16275463187348,43.73470183879868,0.14021541108594698
1673,42.385953691402506,42.03208062756056,40.53732567710697,40.36293307354799,27.385022496024167,41.39881770849659,43.87204901629197,0.1486095324889464
1674,42.3393171367722,41.78616184380878,39.82881967343996,38.47373779298303,24.078929942887765,40.90579460593689,43.825412461661664,0.14860953248894643
1675,42.32995317480197,42.05792571467362,40.1724829830072,39.464322479279176,25.4259747496353,41.32814081871234,43.81604849969143,0.14860953248894646
1676,42.3580121734303,42.069203561975996,39.98213687582044,38.970333146917284,23.461945101993237,41.24645270612578,43.844107498319765,0.14860953248894648
1677,42.326502816348025,41.990832123112106,40.2734705477093,39.42309047148423,30.842631975172793,41.19146870062578,43.81259814123749,0.14860953248894648
1678,42.335495338086005,42.076549234910566,40.394412550115916,39.46541100278271,23.39353612904304,41.249709050543174,43.81929367464646,0.1483798336560452
1679,42.31969642932604,42.11646869204402,40.243119386504226,39.42502384757607,16.80642018098812,41.25402275813556,43.80349476588649,0.14837983365604515
1680,42.34755583247006,42.0013570961959,40.35798609801401,39.31360046271011,30.284155626934417,41.124943836306855,43.83135416903051,0.14837983365604526
1681,42.32004509074173,41.97709617365221,40.43160655139693,39.78690548833587,29.801741943231328,41.35520613977488,43.80384342730218,0.14837983365604518
1682,42.39251843542582,42.09989887454036,40.57217634775082,40.04448600682821,23.066079120261197,41.4570704623539,43.791345171835836,0.13988267364100163
1683,42.40402840169596,42.135443702234014,40.47265592711936,40.18269315723645,26.759950487538482,41.33887929247153,43.802855138105976,0.13988267364100168
1684,42.41069906238232,42.199894929003726,40.63223627050481,39.79049311971038,26.85007284576177,41.54988742199768,43.809525798792336,0.1398826736410017
1685,42.43591889769193,42.22193522210006,39.90019435492048,39.435060269286666,-14.46237380821345,41.24851460620208,43.83474563410194,0.1398826736410016
1686,42.42053618635883,42.243115064763224,40.832223616506305,40.10200539837613,34.576973312083496,41.60632303359367,43.819362922768846,0.13988267364100163
1687,42.432496459125026,42.29781409384873,40.37728679409266,39.62243038130012,19.69766316211605,41.69650975758536,43.812462961785585,0.13799665026605565
1688,42.430712571731306,42.248199525985534,40.16257399240899,39.22799506269959,24.06420380681121,41.45627407544225,43.812866836015814,0.13821542642845058
1689,42.440072330459884,42.27473455726108,40.82576821471529,40.09086801321483,29.71277810096595,41.70143259381753,43.822226594744386,0.1382154264284505
1690,42.47422581038009,42.22844950585841,40.54107968042569,40.074439986365384,27.60132083993763,41.51730721812155,43.8563800746646,0.13821542642845058
1691,42.436939627217036,42.05784169949894,40.01299258780755,39.286505607788584,24.08342417075428,41.35788037740305,43.819093891501545,0.1382154264284506
1692,42.437973014382294,42.149371480031604,40.4928730680305,39.39237304945502,30.597144019517664,41.3100080377626,43.796944903502435,0.13589718891201413
1693,42.47873309156199,42.20525341051463,40.74122917347493,40.27131914120963,32.5091679843515,41.6862609932892,43.83770498068213,0.1358971889120141
1694,42.57195507755369,42.20097824456562,40.40488384286509,39.68945729743406,21.424457846755207,41.27248504835559,43.93104031713383,0.13590852395801423
1695,42.603842443764094,42.31966336803055,40.0266501185833,38.95488280014534,15.419901218965059,41.50565455284398,43.96292768334423,0.13590852395801423
1696,42.61593697368272,42.38342503165211,40.72794986359065,39.604625079547546,31.368514627744126,41.6109312786144,43.97502221326286,0.1359085239580142
1697,42.59396767632037,42.323380653533164,40.72710224921525,40.237316255285606,32.24241819777469,41.46040291506051,43.95305291590051,0.13590852395801423
1698,42.619219290727244,42.3016336646748,40.5653415633137,39.66605913622242,27.609500253434824,41.39286048733498,43.97830453030738,0.13590852395801414
1699,42.59369479487374,42.25870636775896,40.13829159239147,39.473329974302956,-4.807319656924101,41.38589707739082,43.95278003445388,0.13590852395801412
1700,42.57849322570361,42.23264106542171,40.66106357839139,40.282512432015025,19.221354168000616,41.527026819896875,43.93757846528375,0.13590852395801423
1701,42.588534247746,42.31447674417,40.70284335131877,40.220510199811855,14.502445811489103,41.70685638698343,43.947619487326136,0.13590852395801417
1702,42.60326290112704,42.21912586908623,40.351644926038894,39.32604634414406,20.74016256127048,41.48697574531984,43.96234814070718,0.1359085239580142
1703,42.60311078931922,42.43184731103266,40.44831499476335,39.90303764464463,-8.93352972594306,41.7957507082629,43.962196028899356,0.1359085239580142
1704,42.606855044289446,42.33472046435622,40.6852274893726,40.09860074903529,20.00292396462836,41.77710550297224,43.965940283869585,0.13590852395801412
1705,42.59735654154597,42.38071512894849,40.49392170496258,39.51975729301951,30.407009277025793,41.55669647074537,43.98398579775666,0.138662925621069
1706,42.57960647381869,42.210780830101854,40.68008063504515,39.77878908625648,30.32692154709178,41.27875263952046,43.9344796091793,0.13548731353606072
1707,42.60499046531725,42.354775400464526,41.12920169583247,40.19697920437224,32.98574201320968,41.885068745761146,43.959863600677856,0.13548731353606083
1708,42.58902368243305,42.20488964602309,40.45080421501165,38.97853229543511,32.88355788510252,41.14707074758272,43.94389681779366,0.13548731353606075
1709,42.604789591670155,42.215206633021815,40.75111646433284,39.7807734076315,27.695343511999077,41.360907121707385,43.95966272703076,0.13548731353606072
1710,42.604762724622844,42.33729738743508,40.84782373621935,40.23178845175788,32.01789159044492,41.70843566454836,43.95963585998345,0.13548731353606072
1711,42.61677689090951,42.3827409713798,40.38377768461992,39.79641291185884,21.514071434064878,41.47851485303369,43.97165002627012,0.1354873135360608
1712,42.589196463726644,42.2943316832403,40.673085683141814,40.183566516680806,24.751548274825446,41.80568498271178,43.94406959908725,0.13548731353606083
1713,42.61983393547718,42.3723477466788,40.53064693357161,39.69365435269386,27.571788195783373,41.40609435559084,43.97470707083779,0.1354873135360608
1714,42.607293346259375,42.236520762454774,40.673627722943245,39.86535548468714,32.58521827418227,41.54660546336004,43.96216648161998,0.13548731353606075
1715,42.59401309921009,42.39784860345999,40.89779080542785,39.98679678781783,30.8843994075025,41.67245725976811,43.96555870669621,0.13715456074861185
1716,42.581293271939515,42.12281070893077,40.16359936691674,39.274644223865394,27.232238689147888,41.277691827497605,43.952838879425634,0.13715456074861182
1717,42.62227346980225,42.33418860049005,40.70364852864981,39.89703751187725,30.477492636375473,41.77246264664033,43.99381907728837,0.13715456074861182
1718,42.58488801234621,42.3047690526564,40.321318826580594,39.65016142954688,7.711329261465892,41.587940495315806,43.95643361983233,0.13715456074861182
1719,42.58768656105488,42.400811493146044,40.7189431063128,39.77320245331614,27.769268919993216,41.52400000784991,43.959232168541,0.13715456074861182
1720,42.6005866460772,42.32502312883626,40.73972832031111,40.37388870471147,12.461424871550246,41.59132314661953,43.972132253563316,0.13715456074861188
1721,42.58198913289198,42.22989443418195,40.655972614355875,39.792266318983486,26.01973032650795,41.54817151436159,43.953534740378096,0.13715456074861188
1722,42.59600416843299,42.317652670306195,40.30903301248435,39.45917417818792,19.262956926928695,41.62516432192046,43.96823644096744,0.13722322725344446
1723,42.57203307551275,42.25704931732444,40.3486676832745,40.15973686195565,8.525514360442905,41.52799989376186,43.94375754547241,0.13717244699596595
1724,42.59082054406037,42.36307715212604,40.28114185447404,39.423577708388464,-12.604841113613055,41.46473579386242,43.96254501402003,0.13717244699596595
1725,42.59711875399266,42.17996541817953,40.631592626495944,39.7894256373316,31.35430338947755,41.5532938160137,43.96884322395232,0.13717244699596587
1726,42.59484311317022,42.27461942075416,40.18176900473864,39.099202640527636,27.987380216129313,41.26952409507161,43.96251865257349,0.13676755394032727
1727,42.59448474178069,42.28336367480548,40.285399378880705,39.216074450614066,24.407629746817147,41.31679317397422,43.96216028118396,0.1367675539403274
1728,42.588460175996275,42.247950000511196,40.543881646054864,40.13099095116919,28.956937793106924,41.503332909553635,43.95613571539955,0.13676755394032739
1729,42.57279114438239,42.191112248173766,40.41291053357538,39.91565913719156,24.537304934739705,41.46530570492534,43.940466683785665,0.13676755394032736
1730,42.6258625474271,42.283743912389276,40.6956304361955,39.786635653462625,31.412883961476048,41.53501346077221,43.99353808683037,0.13676755394032744
1731,42.60393682432641,42.21973684930215,40.661646299283674,39.806560458818396,27.307460543492603,41.561307188361255,43.97161236372968,0.1367675539403274
1732,42.569981851370144,42.3615228552658,40.476698247624135,39.69749338440798,30.507056148843745,41.66213405759443,43.93765739077342,0.1367675539403274
1733,42.597644794982145,42.38873981124988,40.631430373737835,39.9541277291459,17.78476914792664,41.93934733030105,43.96532033438542,0.13676755394032733
1734,42.56028900696906,42.04853816799439,40.13218657582328,39.325398208843694,19.692087584783557,41.25075947694867,43.92796454637233,0.13676755394032733
1735,42.58518580818095,42.29482370278357,40.85109573971428,40.113407998204465,25.60412556342002,41.5226794383068,43.952861347584225,0.1367675539403275
1736,42.5842458345222,42.31152035168384,40.72325731440998,39.82823093237702,31.611823056496505,41.75746382248208,43.95257520187158,0.13683293673493818
1737,42.60977586277772,42.26233829263905,40.49486251363212,39.41716393524889,14.499388628334955,41.71399416914005,43.977935405761855,0.13681595429841348
1738,42.57222936943019,42.35153704331331,40.38780641353743,39.69810966774601,28.429224726543502,41.49164050054658,43.94038891241433,0.1368159542984135
1739,42.582341602134356,42.403676211200995,40.75111892260818,40.0258586942697,27.865626574053337,41.642899570673265,43.950501145118494,0.13681595429841353
1740,42.58097087691066,42.18032879659109,40.614882616500914,39.975922306306146,30.935394635452926,41.386735156288644,43.94689169875623,0.13659208218455676
1741,42.61496518135074,42.28353315216216,40.782332866735636,39.805421874944855,31.843124685463167,41.45383745824354,43.98088600319631,0.13659208218455673
1742,42.581089435197235,42.25045211628339,40.52001788930175,39.524407237451015,30.48697684159059,41.44445290265392,43.9470102570428,0.13659208218455662
1743,42.59665592770054,42.22738914337977,40.51017126577538,40.08541832843103,26.905028353760088,41.48325223385643,43.9625767495461,0.13659208218455665
1744,42.618099034500844,42.29872951433336,40.508686183660025,39.760530002478816,23.605701414627926,41.51990339736517,43.98401985634641,0.13659208218455665
1745,42.619710763380915,42.294603117573985,40.037987259502756,39.08078939108845,-10.129938434451297,41.2848720659949,43.98473974004088,0.13650289766599633
1746,42.594540231863405,42.328362112439684,40.02067849025852,38.67366297638082,22.690714472534474,41.461310405008774,43.95956920852337,0.1365028976659962
1747,42.60641874364198,42.28912912113233,40.51702496900997,39.908036236753915,20.207717431484742,41.67082691393105,43.971447720301946,0.1365028976659963
1748,42.58231879663996,42.24685774641814,40.749428755886996,39.99814990712967,30.623878150129578,41.510936415028254,43.947347773299924,0.13650289766599633
1749,42.61064672307109,42.44569297292524,40.708136514129144,40.20222905369722,20.20200536899542,41.8401619798834,43.968314836184625,0.13576681131135337
1750,42.60770879580063,42.29967562663165,40.92448719247083,40.160439601941334,34.00384421057308,41.51073605729028,43.965376908914166,0.1357668113113533
1751,42.60178520270371,42.25206209430121,40.466895945975494,39.77382138234315,27.7583488075978,41.500767111225606,43.95945331581724,0.13576681131135337
1752,42.59865424420177,42.12161791196441,40.70746996175424,39.89696563039577,29.95974527236707,41.44914422053179,43.9563223573153,0.13576681131135337
1753,42.57681265446646,42.16852825940125,40.45321260935906,39.69483353120145,27.457447207732297,41.37848503465132,43.93448076757999,0.13576681131135337
1754,42.60840009974808,42.25705583474094,40.53753802185554,39.440562671717316,28.91640989719719,41.52493920358176,43.96637020803366,0.1357970108285574
1755,42.581319244732065,42.32058296542868,40.91632411911183,40.28796447984338,27.64623535003042,41.74383668158921,43.94156901338141,0.13602497686493492
1756,42.58980512939409,42.40598578823967,40.81431408404815,40.151140805773096,30.04892061349685,41.69401060742401,43.956815727797355,0.13670105984032663
1757,42.58201104689324,42.31812509530673,40.61135456476857,39.84768324115653,24.75714053916699,41.52501665658281,43.950789468398696,0.13687784215054533
1758,42.59150873432436,42.355586934362904,40.63488056623043,39.46523376191056,30.596901491746078,41.652537069905094,43.96028715582981,0.13687784215054524
1759,42.58470113873818,42.27278658295583,40.477715076077224,39.715495151956766,29.90727208875895,41.44494679439465,43.953479560243636,0.1368778421505453
1760,42.58797596411526,42.33081113079949,40.62700189949916,40.14046331833206,25.725990096974492,41.582609274687655,43.96280095838358,0.1374824994268324
1761,42.591076330620766,42.36451636215529,40.39538352638882,39.39248532362933,25.056511861470387,41.42290293863065,43.96927138250813,0.13781950518873648
1762,42.57269551119919,42.14394216571761,40.16335732619276,39.52431785874496,-13.883911357397906,41.36577326788304,43.95089056308656,0.1378195051887366
1763,42.59146568042807,42.41331643156492,40.799868939647986,40.22249277456959,29.15896688370921,41.75728421224463,43.96966073231544,0.13781950518873654
1764,42.57569080827352,42.233082776635705,40.131944287995566,39.13131796416847,9.26037197457363,41.48261615974461,43.95388586016089,0.13781950518873654
1765,42.60703535679877,42.31314842799881,40.62178159865095,40.09846313437892,21.326296188574666,41.47048813833078,43.98540023305138,0.13783648762526116
1766,42.58144054296118,42.344109661528776,40.60530857374028,39.49189022383016,29.65537613720919,41.17793859999587,43.959805419213794,0.13783648762526116
1767,42.5688082445853,42.160838957595786,40.29408339788524,39.68635904297415,25.744654566820984,41.52962282845648,43.94717312083791,0.1378364876252612
1768,42.603299715029294,42.458902880083755,40.52247685207761,39.73974164288148,17.12392997337732,41.6537617232143,43.981664591281906,0.13783648762526116
1769,42.562853585582374,42.220709650936854,40.64554836457762,39.64444675382009,31.857281858104766,41.52732033799892,43.94166514542714,0.13788115598447623
1770,42.579924260551216,42.29373438626141,40.4014082187143,39.69439281187829,16.873372167864744,41.51368981904321,43.97423309881629,0.1394308838265077
1771,42.56138384676815,42.31154036404652,40.79603095278851,40.406335649372906,23.762862906410852,41.63072396827712,43.95569268503323,0.13943088382650762
1772,42.58274072883697,42.33634448637827,40.38705041085192,39.738874479997975,15.8371746971598,41.300977469183465,43.97704956710204,0.13943088382650776
1773,42.570204108174735,42.35548392198176,40.48665770755514,40.11413790240762,26.666316326886633,41.6332496684397,43.96451294643981,0.13943088382650778
1774,42.57410882811302,42.39484941516388,40.492770194082176,39.96462672492046,19.574846747123356,41.71525406272704,43.968417666378095,0.13943088382650765
1775,42.56989239061331,42.332294794007,40.62638347593914,39.741816891434766,27.41360961923122,41.33236688708768,43.9865933359577,0.14167009453443863
1776,42.5416540048822,42.30141374454973,40.56730739734249,39.450057822130745,27.39630359291371,41.631629881083704,43.958354950226585,0.14167009453443866
1777,42.54221354471447,42.39327205477928,40.514979637520156,39.66442296676601,19.57743680110191,41.706333664257535,43.96110225168281,0.14188887069683356
1778,42.54404058515082,42.09950141000127,40.34292646696965,39.35625971757712,25.412439962018823,41.418151207424856,43.94597431257766,0.14019337274268462
1779,42.577268879851495,42.35453250668931,40.67845526966777,39.901082163929324,31.866725389645918,41.61882991551481,43.97721393092218,0.13999450510706898
1780,42.558813068770455,42.292643069988166,40.49747296473869,39.710981110076006,29.969533185170434,41.339179998245584,43.95848744829559,0.13996743795251407
1781,42.58369926260437,42.40565010299668,40.96347361227245,40.40763718878642,31.131258666872913,41.77977469643762,43.98337364212951,0.13996743795251398
1782,42.577238627107455,42.20805455384355,40.397922616545266,39.478293594094524,10.868151407915569,41.45812742623192,43.97691300663259,0.13996743795251396
1783,42.558582303336784,42.25414415990132,40.56193221800431,39.41308215216865,32.07510844356938,41.31148278103085,43.95825668286192,0.1399674379525141
1784,42.64128898374972,42.222641606830244,40.18024132960772,38.967532483421756,24.736633314814043,41.370948856790235,44.02212687237996,0.13808378886302422
1785,42.630284675694156,42.39466600190934,40.65121467833671,39.88337601406065,27.14858887234978,41.640429389074015,44.00935474122221,0.13790700655280566
1786,42.640011277586545,42.47546125993163,40.90665401277599,40.09749442735022,32.51759012688962,41.65190371812113,44.0190813431146,0.1379070065528056
1787,42.630711553633624,42.30656460872545,40.38977115885723,39.55511424559832,19.78477916095885,41.46577346992069,44.00978161916168,0.13790700655280563
1788,42.632235753574484,42.36162186688482,40.491627655560436,39.66866866278334,19.46592918283347,41.72409837430139,43.98090214125541,0.13486663876809268
1789,42.61929477143751,42.26317796447837,40.45289979859012,39.67147499685378,27.640008881546052,41.384558231348706,43.96796115911844,0.1348666387680927
1790,42.66619876467757,42.378015422493846,40.65198839447807,40.34321316493284,29.653871389534455,41.694214973148135,44.014865152358496,0.13486663876809263
1791,42.62613257135759,42.34214646180157,40.914748423416384,40.277957048013924,33.25490796067288,41.48008579116164,43.97749008042641,0.13513575090688232
1792,42.641650113825946,42.260808951028906,40.68334062654487,40.053549666553145,28.91191779419486,41.489569809084784,43.99300762289477,0.13513575090688237
1793,42.654323910989945,42.27554971936164,40.57757771189364,39.70880093684892,29.864717745132477,41.504473710154315,44.00568142005877,0.13513575090688237
1794,42.6510602317264,42.40734649555637,40.71956228828062,39.880385761423035,29.018611834331207,41.61731812098832,44.002417740795224,0.13513575090688237
1795,42.65462243426361,42.37153415812461,40.43722782110614,39.383358738622775,23.63038065517527,41.67365251152086,44.005979943332434,0.13513575090688235
1796,42.639308045762306,42.41169879487954,40.66370893244438,39.85413923879488,26.02800289998337,41.4761004232909,43.971358637489516,0.13320505917272119
1797,42.65151320481345,42.398140875404856,40.86291178794687,39.962595526543794,19.24496950016117,41.83150755180813,43.98356379654066,0.13320505917272124
1798,42.6669547477674,42.317603166268356,40.62423697847179,39.843176653886,29.373915269609796,41.45148919764806,43.99900533949461,0.13320505917272124
1799,42.658244566702244,42.39734125774422,40.87082069008174,40.01943322558928,31.531429024308956,41.55304198444004,43.990295158429454,0.13320505917272119
1800,42.664285882464206,42.34714680503939,40.40935102008103,39.46007316019828,28.613669986299776,41.58545754037185,43.996336474191416,0.1332050591727212
1801,42.680545367648875,42.22791067581483,40.734287834358895,39.83508919227814,30.83133198908925,41.558105204424734,43.99317196391607,0.13126265962671954
1802,42.65892770103897,42.34669596772249,40.79712400928475,40.246498236469066,32.198862630110774,41.50517490286645,43.97155429730616,0.13126265962671957
1803,42.67503141105651,42.4985768744374,40.74193344747267,39.91532285171335,14.555038952864102,41.85559570549789,43.98089717756979,0.13058657665132758
1804,42.69036576885644,42.435457951208384,41.10420666712716,40.33590759516291,33.461935896432784,41.86306286820921,43.996231535369716,0.13058657665132756
1805,42.70268862020709,42.39984865228417,40.56889661409907,39.39301605134164,29.298765338182285,41.641257082925705,44.00855438672037,0.13058657665132756
1806,42.68766732648412,42.494850088105714,41.13870952821422,40.69405931503668,31.46683357354844,41.97394160725847,43.993533092997396,0.1305865766513275
1807,42.6686382752054,42.42008072850913,40.786341363003174,39.49899912998766,31.260404569644823,41.51815813746974,43.97450404171868,0.13058657665132758
1808,42.67487444665677,42.29359967792288,40.38583349982308,39.107351104380626,30.853382680148986,41.61107721824004,43.98074021317005,0.1305865766513275
1809,42.68413246954919,42.39369960476057,40.769346583958004,40.36634600622908,27.478211692064882,41.83635919481455,43.98999823606246,0.13058657665132742
1810,42.696705968905185,42.36018978156611,40.20027839325202,39.53495030586935,23.67805253328445,41.44324911222924,44.002571735418464,0.1305865766513276
1811,42.6811705819507,42.461977334944685,40.848544978770285,39.886726830393286,30.51385681371339,41.544856032237476,43.98703634846398,0.13058657665132753
1812,42.68089683517344,42.371713952156114,40.99699105541067,40.57484275326492,27.593215323405886,41.79506314642313,43.98676260168672,0.13058657665132758
1813,42.69040398834879,42.507148906839916,40.71526381619834,40.040542439732576,29.389511120139645,41.605868507454176,43.99626975486207,0.13058657665132756
1814,42.665925577118344,42.28789696597801,40.3377635553148,39.28658014460652,29.118807271635596,41.47267424153844,43.97179134363162,0.13058657665132758
1815,42.687485964132506,42.312834820571034,40.885339043642944,39.980843337369095,25.980901065045835,41.610833638735855,43.993351730645784,0.1305865766513276
1816,42.67186598306492,42.4611540292563,41.03612162902788,40.3315607596838,31.96862271856181,41.860747620102075,43.9777317495782,0.13058657665132767
1817,42.678991900270155,42.45008107326121,40.526148728232364,39.630650459263975,27.236274858525565,41.4816686214546,43.95783061087416,0.12788387106040033
1818,42.69757912834942,42.497271790289986,40.8509802165242,39.63617434303209,30.260554311657337,41.76111601674457,43.97641783895342,0.1278838710604002
1819,42.688327540098854,42.569460653439215,41.1737854110491,40.177148355578886,33.628530919458186,41.89330074102096,43.96716625070285,0.12788387106040025
1820,42.69726762490214,42.362692566405315,41.20962604891119,40.710384761466244,33.25952315207593,41.69790504255151,43.97610633550614,0.12788387106040025
1821,42.714501386077025,42.50787223412439,41.000742561077395,40.210477711794354,29.85441528206795,41.66125536858439,43.9831513523933,0.1268649966316274
1822,42.741957115633966,42.554592234747,40.546504793313254,39.72540343286968,23.928239334029705,41.77760505854437,44.01060708195024,0.1268649966316273
1823,42.706513410774264,42.438396036910504,40.49283149131722,39.40994792353578,19.186683599790975,41.74697030341266,43.982548457879204,0.1276035047104941
1824,42.69758834251506,42.45605772842223,40.74569427644511,40.16758115509143,2.3004675200560385,41.79765049147666,43.97362338962,0.12760350471049406
1825,42.73458004691207,42.47766288540732,40.39504318820709,39.37198602918038,16.68640682288308,41.58556417279856,44.01061509401701,0.12760350471049406
1826,42.70352753518013,42.4708126486226,41.14890774497808,40.58128785573171,29.458523806229753,41.93283159621977,43.97956258228507,0.127603504710494
1827,42.6944353254099,42.300485874066126,40.79410200280764,40.07194702477357,34.02272217683963,41.597570490077004,43.97047037251484,0.12760350471049398
1828,42.72009563542142,42.384515122315804,40.687786355321634,39.80297102110367,23.273255735185252,41.63572798083666,43.998318444150314,0.127822280872889
1829,42.726666829967726,42.34553273481053,40.713105357402135,39.79620740004021,27.210471137160074,41.54948606056707,44.00488963869662,0.12782228087288894
1830,42.68951268282145,42.37844082065181,40.68619698203146,39.68588685044071,30.393311298853853,41.65618967744743,43.96773549155034,0.12782228087288894
1831,42.70117051731808,42.286465188168506,40.58459883834027,39.70058543759776,28.55406063811879,41.64687052074366,43.979393326046974,0.127822280872889
1832,42.735923236830416,42.51489961357885,40.77648501885348,39.96510234312079,32.27542690823782,41.78262363617259,44.01414604555931,0.127822280872889
1833,42.691370831252996,42.23626160652648,40.29322425040555,39.37964699837826,29.36936800070695,41.22134393796263,43.96959363998189,0.127822280872889
1834,42.69052850251057,42.382404660594574,40.6990290176144,40.37853082936505,23.66561643799274,41.78776273017594,43.97332071506014,0.1282792212549572
1835,42.703053604211576,42.51266980932138,40.94762663610455,40.0830746423061,31.258302897645414,41.59412831715596,43.98584581676115,0.12827922125495714
1836,42.68718637298323,42.43245072542282,40.7257692491891,39.87897311447688,19.155145164528633,41.75733240560798,43.9699785855328,0.1282792212549571
1837,42.68366394038116,42.384102330519916,40.843700490616044,39.94664489507005,31.101917703564723,41.90485244511127,43.966825251276475,0.12831613108953188
1838,42.69278135874061,42.47263537828095,40.41281040477201,39.24991567738374,24.77634700115619,41.59570543126692,43.97000302861801,0.1277221669877399
1839,42.696478804685924,42.370266314963594,40.865073791972186,40.703615470123275,25.305033154584994,41.687261870320484,43.97370047456332,0.12772216698773986
1840,42.702241640555265,42.46493988740825,40.95607037171889,40.383701028446076,26.811719716245243,41.61010965851941,43.97946331043266,0.12772216698773986
1841,42.700568454573784,42.30399647013127,40.45082898148987,39.32369718996744,29.066720122600493,41.51822621220096,43.97367722707179,0.12731087724980084
1842,42.70272025829489,42.435995064791776,41.00247616908066,40.36564294395509,30.745133828378577,41.934086510349076,43.97627571438505,0.1273555456090159
1843,42.70312113299776,42.56588683941173,40.78580482159725,39.751714750617026,31.329853488360158,41.664993620096354,43.976676589087916,0.1273555456090159
1844,42.72176611918583,42.34551803136509,40.810508024008264,39.50981084523679,30.93787656101735,41.618623756878065,43.99532157527599,0.12735554560901594
1845,42.70631176129149,42.31972408203675,40.34701916898641,38.999211549674285,28.710986439937276,41.21454482899884,43.979867217381646,0.12735554560901588
1846,42.714871099885066,42.351817760045215,40.79345676875488,39.80336511194851,32.10629899441514,41.46222128275781,43.988426555975224,0.12735554560901596
1847,42.70587058000683,42.57536133093759,40.80286296730025,39.854808956966224,25.75021802211853,41.78042179560062,43.97942603609699,0.1273555456090159
1848,42.70631990957682,42.498364149539185,40.895927181605494,40.2722084412697,23.409305509306016,41.82682286360996,43.97987536566698,0.12735554560901594
1849,42.712734800574346,42.434648430519594,40.77251263710213,39.87225792930586,32.39915048392845,41.65436369624861,43.9862902566645,0.12735554560901588
1850,42.69040722477841,42.45576479977954,40.83172239302793,40.20423513346482,30.414831550823557,41.6256520091024,43.96396268086857,0.1273555456090159
1851,42.72160809997227,42.48857236644777,40.76267447496093,40.39912627469087,25.03087502262291,41.78614403798962,43.99516355606243,0.12735554560901596
1852,42.708528119315964,42.42399679396542,40.901911472582704,39.879695913448735,31.15376204710498,41.72226751668919,43.97642844527765,0.12679003259616847
1853,42.71758909347967,42.4378300678555,41.31348709047389,40.91587836221676,32.42477709360553,41.790608199313496,43.98548941944135,0.12679003259616836
1854,42.70880554493272,42.57229352586327,40.77258261837894,39.772639526969286,26.961475971100352,41.901963689575325,43.976705870894406,0.12679003259616844
1855,42.69874732061221,42.36187245323936,40.615951309925016,40.069264898025956,14.654498825846499,41.799297124590666,43.9666476465739,0.12679003259616844
1856,42.72105941132462,42.50237559894015,40.87605709673746,40.66148418334966,10.025940188020918,41.98856364716173,43.9889597372863,0.12679003259616847
1857,42.73338424342046,42.5002671677874,40.03673085697644,39.874370366304724,-4.027526852018887,41.55106173602954,44.00128456938214,0.12679003259616844
1858,42.69012740253437,42.45376871451202,40.86406578847786,39.76062016349516,27.891789245218746,41.88600827556486,43.958027728496056,0.12679003259616836
1859,42.70887918651166,42.405059939667105,40.53085675096314,39.753242891601076,8.204471936419807,41.518520742823235,43.97677951247334,0.1267900325961684
1860,42.692673393133994,42.46504400657432,40.3860508772552,39.46751338692188,-4.005346748718296,41.9327774264266,43.96057371909568,0.12679003259616833
1861,42.72786593235478,42.43488822785196,40.80547368298036,40.24411960773994,27.58073663550725,41.561490003371695,43.995766258316465,0.12679003259616844
1862,42.699130957072136,42.53385994002672,41.01331472016581,40.51805201378118,29.869104249808224,41.75610907106092,43.96703128303382,0.12679003259616847
1863,42.7121820436255,42.30102528836404,40.333889844198914,39.396791923010454,21.535476049355513,41.286014136020626,43.98008236958719,0.12679003259616836
1864,42.68684008719213,42.416016551555025,40.6819235580635,40.126266070903405,22.340167258841774,41.677478526299794,43.954740413153814,0.1267900325961684
1865,42.73022363824072,42.361002528866535,40.556174748181476,39.655923573779624,28.072559712079126,41.508750520071295,43.99812396420241,0.12679003259616842
1866,42.699863104127225,42.407341257241825,40.83865931258633,39.94084720886015,32.50449981187897,41.805798450137544,43.96370773803698,0.12638446339097545
1867,42.73174091010846,42.29877591718237,40.8362311324942,40.1793788365132,27.550364010634656,41.55724575533195,43.99513886042607,0.12633979503176035
1868,42.72222628870102,42.550683049332456,40.77553721393449,40.31635339723867,-0.14669798033622783,41.97230286201987,43.98277539001847,0.12605491013174458
1869,42.728328436306285,42.29794542659568,40.80434245602637,39.95989665047245,28.165060436790927,41.50394922763455,43.98887753762373,0.1260549101317445
1870,42.715408343153946,42.20778351715855,40.58427325630447,39.73742116514631,31.520144568321363,41.58002845188872,43.97631225786063,0.1260903914706679
1871,42.707200125465306,42.463477876931165,40.900209360355824,40.03352647061299,29.440786590784917,41.68321327418816,43.973354282293286,0.12661541568279785
1872,42.738527558653395,42.24576668766021,40.6625115421253,39.645340911447484,30.4547730934545,41.64094058384167,44.004681715481375,0.12661541568279788
1873,42.71769612265572,42.42692371613083,40.63808113224585,39.97366079815549,25.46171969666927,41.831428970570464,43.98873738053473,0.1271041257879015
1874,42.711931061798964,42.251195027584735,40.82815572537995,40.154876789484206,32.492704789888215,41.55483069860791,43.98297231967798,0.12710412578790142
1875,42.71423279347401,42.40494557117375,40.48214367501494,39.72711643242739,29.502886135176663,41.626919535711124,43.985274051353024,0.12710412578790137
1876,42.7208031088215,42.35810681896463,40.6627808649487,39.82823934604781,29.060288223120267,41.69308116106231,43.99184436670051,0.1271041257879014
1877,42.73373420130975,42.53013163925482,40.63388496804099,39.93946814188351,23.611091094258555,41.59380668759941,44.004775459188764,0.1271041257879014
1878,42.724206128423695,42.48562303621339,40.51433977613136,39.525093118517844,26.629519979361316,41.444865250118085,43.99524738630271,0.1271041257879014
1879,42.72432630360602,42.41260887781274,41.130153708723526,40.80788550957884,30.17325513621209,41.806711589572984,43.99536756148503,0.12710412578790145
1880,42.72695132497262,42.37909046374312,40.80143155554573,39.880895161729235,31.55322094536215,41.796742880514564,43.99799258285163,0.1271041257879015
1881,42.73672532350803,42.389299602604176,41.094950879603005,40.34865819574965,36.20615830997564,41.59711314207059,44.007766581387045,0.12710412578790142
1882,42.70565322197615,42.51060025958576,40.67142961019596,40.236863866070294,28.0720553528512,41.91575791310045,43.9827200757159,0.12770668537397573
1883,42.71160135726,42.39925142581604,40.883685050858226,39.63165141719261,34.0171664412354,41.5287154976054,43.98866821099976,0.12770668537397592
1884,42.71486815070911,42.44225131098402,40.71950328968859,40.42497350669163,27.0408572703071,41.766493969655286,43.99193500444886,0.1277066853739757
1885,42.696077567377685,42.41882008521807,40.43568391942877,39.54573293609459,22.964954633466142,41.71263751619297,43.973144421117446,0.12770668537397578
1886,42.72154941694378,42.380353827783885,40.71103676283716,39.77292377884416,24.735846007669792,41.674817706088106,43.99861627068354,0.12770668537397584
1887,42.708867606916435,42.488843649724046,40.760335655826054,40.14720550463581,20.427616874255428,41.73896972467708,43.985934460656196,0.12770668537397584
1888,42.718469529968544,42.15799564306858,40.62381285318877,39.819608582458535,29.95498695552955,41.45833108823467,43.9955363837083,0.12770668537397575
1889,42.70247524961599,42.40559695808704,40.78918532248242,40.25297807560523,31.60011613181009,41.67751309423871,43.979542103355755,0.1277066853739758
1890,42.69691948374404,42.48741205122278,40.94738020338381,40.2173926789724,30.931447992920567,41.707828320022,43.9739863374838,0.12770668537397575
1891,42.70562089608951,42.434421785584426,40.577302156427,39.78153749161121,-3.9881347311248945,41.54892286403346,43.98268774982927,0.12770668537397575
1892,42.693102862520014,42.51767781462786,40.87745011087915,40.308729937230936,28.423579277483604,41.92685927337865,43.970169716259775,0.12770668537397578
1893,42.71805926559127,42.458847494850566,41.17599515158887,40.36595025377646,33.06723433529445,42.08866230398927,43.99512611933103,0.12770668537397584
1894,42.70218582272297,42.52292871049208,40.86323605260569,39.63247247900632,32.77997502711814,41.68336384200947,43.97925267646273,0.12770668537397586
1895,42.697696704026896,42.29882828249171,40.64657768564506,39.926883286382875,22.907507579002473,41.7371070249065,43.97317866457419,0.12754819605472975
1896,42.70106876695836,42.438936478816366,40.78878606044591,40.22165499686383,28.03106101104912,41.73829163383854,43.97655072750565,0.12754819605472964
1897,42.700451250417075,42.314948735273724,40.71837560468545,39.91592366241297,32.83501912355734,41.33930671841765,43.97593321096437,0.12754819605472964
1898,42.69454677975201,42.2884846483619,40.71874364477767,39.40263518627599,31.517843838075247,41.37157707356106,43.970028740299306,0.1275481960547297
1899,42.7162109864908,42.426164395900386,40.71747983324781,39.83627726962616,31.18478866195928,41.58119120746328,43.991692947038096,0.12754819605472967
1900,42.70431242839238,42.38609911008322,40.70544251157867,39.845428601915,27.547222550603742,41.64600774187025,43.97979438893967,0.12754819605472972
1901,42.73495873137838,42.11869010818595,40.40070474906087,39.429320654036104,19.975220171810808,41.52202763605082,44.01044069192567,0.12754819605472967
1902,42.71946934901749,42.45900229354067,41.21773474100505,40.56891011824267,31.600941713714178,41.847730438879196,43.995267537330804,0.12757981883133135
1903,42.685368739727025,42.4430991424572,40.94544704805632,40.459638017575294,26.951733643152796,41.91467116179907,43.96116692804034,0.12757981883133135
1904,42.709735195519926,42.37972349128432,40.66079241840598,40.064927313318734,23.676549317406284,41.69042586743723,43.985533383833236,0.12757981883133135
1905,42.695182621848076,42.312066864278705,40.66404356435726,39.98720818327693,26.908030776965745,41.59230538706245,43.97316857178534,0.12779859499372626
1906,42.7048539252249,42.442593710403926,40.881551917010825,40.027281374518,31.429135633577655,41.56384020498122,43.98283987516216,0.12779859499372628
1907,42.69256616920327,42.370560974000085,40.56786375042176,39.80921094581588,30.695538475917996,41.439077329032536,43.97055211914053,0.12779859499372628
1908,42.69825919911193,42.36494867817724,40.54819635284159,39.4697665864873,25.221518886994513,41.53745708843411,43.97624514904919,0.12779859499372628
1909,42.68945850890922,42.389153314316005,40.31833973521811,39.82571455455912,25.788275718312715,41.49762009438615,43.96744445884648,0.12779859499372623
1910,42.70470729493355,42.30185753713262,40.776521221177575,40.241567541195145,29.109212411138763,41.431233598490834,43.98269324487081,0.12779859499372634
1911,42.72661086866015,42.43864767427046,40.76293948528386,40.290834592122884,23.219559832365512,41.897610392853665,44.00459681859741,0.12779859499372628
1912,42.66114670173235,42.214061413484515,40.75936313526141,39.88167156823807,32.189615053072345,41.271135643453384,43.93913265166961,0.12779859499372626
1913,42.71712392364506,42.49650906374507,41.1543118052335,40.39985446691307,31.500225135262404,41.879406128492136,43.99539620540238,0.12782722817573208
1914,42.71707440179633,42.37799370761516,40.48562650800491,39.48999088141131,29.86620037335546,41.644486129098766,43.99534668355365,0.12782722817573203
1915,42.7228048040746,42.341424206362305,40.59425800700539,39.54208536147698,27.13124973629807,41.580089907375964,44.001077085831916,0.12782722817573205
1916,42.726076334123505,42.50321217730472,40.738715597468875,39.53698823294798,28.149386227445326,41.74684874807149,44.00434861588082,0.12782722817573203
1917,42.708255121156014,42.426092777514185,40.72922287405311,40.010560758598885,30.329710832241396,41.644840932973715,43.98652740291334,0.12782722817573208
1918,42.732503611602624,42.41332297100884,40.71530306270274,38.95167880269046,32.05571471388236,41.72818626060257,44.01077589335994,0.127827228175732
1919,42.695417041990645,42.49691063651599,40.446932443078566,39.30336588247524,27.924649542548856,41.089886323025084,43.97368932374797,0.1278272281757321
1920,42.69507244251208,42.474059260131575,40.85731973777432,39.90590298311671,30.847414674724348,41.69186027629977,43.973344724269396,0.12782722817573205
1921,42.714195769458826,42.51167176659302,41.090421054585384,40.65433778239314,24.162613683981657,41.93452218736277,43.99246805121614,0.12782722817573197
1922,42.69827616277836,42.47113962219301,40.75431402539784,40.274778033906834,17.216542991370886,41.804863664630034,43.97654844453568,0.12782722817573203
1923,42.70426806903018,42.39755178061564,40.78603353371237,39.83326633287998,30.671668115983636,41.57251246481425,43.982540350787495,0.12782722817573203
1924,42.71440033268106,42.40904434864734,40.931296486528815,40.434217472605155,24.52401557065514,41.63768748318024,43.992301079209284,0.12779007465282238
1925,42.68944088206703,42.49495274686741,40.998520531310646,40.370677587912674,29.644818605149105,41.69811918299661,43.96734162859526,0.12779007465282238
1926,42.6982893129701,42.20624047592392,40.52515530674177,39.7007472984392,26.17505547548683,41.27578167746937,43.97619005949832,0.12779007465282233
1927,42.698362082223916,42.46707531316035,41.0130587764052,40.10849854350614,31.156688606610267,41.850061869497665,43.97626282875214,0.1277900746528224
1928,42.696623472564056,42.416957243651936,40.80789134984406,39.8208483316276,31.488958962896426,41.50153619241189,43.969933560849476,0.1273310088285418
1929,42.71233044415724,42.45848663547977,40.74952422128384,40.01080035547634,23.237236076790875,41.69515370754952,43.98564053244266,0.12733100882854195
1930,42.74684433134172,42.348433385764,40.71408051351716,39.64555788754795,29.222559777644626,41.666438768065994,44.02015441962714,0.12733100882854187
1931,42.71827273977078,42.40701518008767,40.82216850970347,40.123116818616644,30.074858288238396,41.7135410200146,43.9915828280562,0.12733100882854187
1932,42.69731218781515,42.50023419716982,40.57358095560692,39.74230239329427,28.93233927530102,41.68654569585381,43.97062227610057,0.12733100882854187
1933,42.708546642529036,42.48423669886608,41.12296929698991,40.52506106255257,26.609091598287073,41.796683969128104,43.97624735147553,0.12677007089464895
1934,42.714714837775425,42.64000522698166,41.212415010883255,40.14159244086775,32.74477437260043,42.025013055328756,43.98241554672192,0.12677007089464906
1935,42.717867571135756,42.36819165356562,40.69516890961811,39.77087257462708,27.07077911483389,41.263963979840725,43.98556828008225,0.126770070894649
1936,42.7148831122716,42.500929022151226,40.587199624076824,39.80998945591508,27.044591708395856,41.70146115758198,43.976558225357344,0.12616751130857465
1937,42.74295889711319,42.454320888901584,40.929057357145986,40.35028031156977,18.50449263005454,41.72779622751408,44.01065960605968,0.12677007089464898
1938,42.70585238063442,42.5579070737295,40.95639457228313,39.995986649306744,33.49192798799571,41.63101430237252,43.97355308958091,0.12677007089464895
1939,42.74040852905265,42.561279413067545,40.23229347143984,39.280804343133624,19.51921984218242,41.26508816887978,44.007822906179086,0.12674143771264326
1940,42.70258336181895,42.36734625171199,40.5226738235736,39.64144888859698,24.541494643499323,41.59542969693112,43.96999773894539,0.12674143771264323
1941,42.74609016864328,42.4958070092818,41.13756709435981,40.28921557928566,33.57920789404601,41.93744585444594,44.01350454576971,0.12674143771264323
1942,42.71544964457423,42.501900583830725,41.051071945952906,40.11574877982672,30.89604111358215,41.70412781545201,43.982864021700664,0.1267414377126433
1943,42.68686951966085,42.424407739296306,40.73469984455035,39.45711058817038,30.67851012820535,41.48210829263543,43.95428389678729,0.12674143771264326
1944,42.746341356228186,42.44846586898665,40.77976534557197,39.91269492645211,25.42296523083177,41.71744409105543,44.01375573335462,0.12674143771264326
1945,42.70908213983173,42.5714738135114,40.525500687570506,39.46703010208234,30.578823576227187,41.91256223998565,43.976496516958164,0.12674143771264326
1946,42.72793876203361,42.434439852623726,40.66133777404882,39.874982117598734,27.885445227027713,41.62398770037838,43.995353139160045,0.12674143771264326
1947,42.718493801987506,42.517414670370194,40.69729066572968,39.62374555000244,19.693034563556566,41.703882197314826,43.98590817911394,0.12674143771264332
1948,42.73684999656675,42.46714780881409,40.502556525747075,39.63725793532431,25.930515385394763,41.53723620405076,44.004264373693175,0.12674143771264315
1949,42.75876335643525,42.442919756000535,40.606926533811475,39.69971308914852,28.417903514486305,41.34230968748007,44.02617773356169,0.12674143771264323
1950,42.71512380427316,42.550318122513254,41.063046226125714,40.32696950945482,16.20947337710848,42.03610487032708,43.9825381813996,0.12674143771264326
1951,42.70193138780802,42.3712896647648,40.481022490457356,39.13448067682153,28.155463793943646,41.52364468153252,43.9671580033105,0.12652266155024827
1952,42.73632868552346,42.46410674095306,40.3890885181352,39.48294900859446,20.287092146584264,41.41129356927661,44.001555301025945,0.12652266155024836
1953,42.73561513278971,42.4214194672205,40.18421047388168,39.37767341266638,-8.329322148925272,41.61917344841828,44.00151109972952,0.1265895966939807
1954,42.71639591727408,42.45504731315621,41.06767426322402,40.30617283070767,32.3280698645027,41.94675399037358,43.982291884213886,0.12658959669398065
1955,42.76412170975819,42.594402861198866,40.75246995945587,39.381594675807534,29.898838907553944,41.920724912805696,44.02971568152596,0.12655939717677664
1956,42.72809532138322,42.354838405195224,40.84802189511021,40.15171097887355,24.88708211080656,41.395047853926,43.996302587184275,0.12682072658010507
1957,42.73071945712576,42.49210859535146,40.72432681244724,40.1891464492286,21.41602954900237,41.77086115086773,43.99892672292681,0.1268207265801049
1958,42.76534354170614,42.515137043597015,40.6167768328642,39.27869176213798,19.356868427009644,41.53597918059464,44.03355080750719,0.12682072658010496
1959,42.72775428462971,42.45025831602479,40.6914207070766,40.34861841545164,24.375252414805935,41.81163388232222,43.99596155043076,0.12682072658010507
1960,42.727745089979045,42.26026767289197,40.13165771539594,39.061504701250115,17.49021371534478,41.103967147742104,43.9959523557801,0.126820726580105
1961,42.71550727238772,42.41945946848152,40.689117406365156,40.2803440894251,30.98477801678144,41.684263913613556,43.98371453818877,0.12682072658010501
1962,42.73127163183465,42.53011559252174,41.24054152624213,40.464816780524586,34.42017366383453,41.848146460158105,43.999478897635704,0.12682072658010507
1963,42.72734939101883,42.48580357393918,40.804025294881924,40.034396439062036,28.580852194949166,41.844935337117484,43.996081464280124,0.12687320732613
1964,42.730412905255875,42.497104934222214,40.95648443420638,40.18887830830184,28.113994961377934,41.79204212607727,43.99914497851717,0.12687320732613006
1965,42.73046786328062,42.40639746457212,40.84714944963702,39.87673819802368,31.495657626974356,41.526361657922735,43.99919993654192,0.12687320732613006
1966,42.74591941831112,42.630562093795234,40.99364135676376,40.00198308954853,32.54651095733273,42.073645321819136,44.014651491572415,0.12687320732613
1967,42.72072406886857,42.47621524948195,41.10438764392348,40.49540125365042,28.192560792009278,41.76375728310804,43.98945614212987,0.12687320732612997
1968,42.71722214941087,42.59142385945013,40.85895405334815,40.200862193364834,25.560230880853034,42.03933215865305,43.97726662895479,0.12600444795439134
1969,42.76395907830701,42.43865685604491,40.58010338449562,40.09609269460457,18.35985027546761,41.5154819328727,44.024003557850925,0.12600444795439134
1970,42.72461124643022,42.280332088591415,40.569226778530975,39.70357426232972,27.41314857663403,41.480896476835674,43.99259261530694,0.12679813688767205
1971,42.739882462280036,42.46524940542476,41.06634431829553,40.75113077215011,11.741041982758993,41.97619384660402,44.00892391688897,0.12690414546089318
1972,42.72887116280442,42.404291189000844,40.80839387945923,39.93718334415496,28.96818666818143,41.73852704459189,43.98996933506611,0.12610981722616893
1973,42.73474383725242,42.39202467876077,40.931295473013925,39.9289229662174,31.947228172422648,41.74447783331721,43.99584200951411,0.12610981722616893
1974,42.75350054981339,42.56727828549131,40.94126998105462,40.06062979030159,30.366420573961182,41.866874226363706,44.01459872207508,0.12610981722616896
1975,42.735058607726806,42.444434606915735,40.52679383559948,39.11172745668516,25.044818470123356,41.69354146932904,43.996156779988496,0.12610981722616893
1976,42.74647510127365,42.44288836716702,40.769713768345184,39.42823132852656,28.1176320710995,41.59341697372909,43.99587740329171,0.12494023020180556
1977,42.740683476970815,42.4544493481675,40.955700307147005,39.783622866288724,35.886969273446965,41.528537641368274,43.99008577898887,0.12494023020180563
1978,42.74650514007371,42.404083771378765,40.92461124783949,40.17207445285501,30.452584234167695,41.62809504051564,43.99590744209176,0.12494023020180557
1979,42.7496855821908,42.35055106762495,40.458994143464075,39.688478761257215,25.06939146525897,41.555161575215706,43.999087884208855,0.12494023020180561
1980,42.73753284677545,42.46636008652239,40.67910180881975,39.836240263687536,25.649667504180254,41.4666695474952,43.986935148793506,0.1249402302018056
1981,42.777522574221116,42.50303732237656,40.80702025463999,39.95162635275782,31.500956589773075,41.40057713440313,44.02724110400519,0.1249718529784073
1982,42.758575927188765,42.37332790234195,40.55363039823186,39.90196003261821,26.442816819841656,41.606309971582284,44.00829445697284,0.1249718529784073
1983,42.747954899510496,42.41722397159855,40.750160792566334,39.694753351802525,28.915591126152542,41.63502123851458,43.99941450732637,0.12514596078158716
1984,42.757191114031016,42.45470766601632,41.00851937137296,40.20390443610974,24.28979782208717,41.75609847937112,44.00865072184689,0.12514596078158713
1985,42.738154138718336,42.33759295115372,40.86496769854463,40.12633955664266,29.96934173878238,41.615150259490775,43.98961374653421,0.12514596078158716
1986,42.75728315787335,42.47857347710381,41.23002247885221,40.92628563498559,33.7760964000242,41.83959071813927,44.00874276568923,0.12514596078158718
1987,42.76966928964671,42.465652106653295,40.78329464407402,40.11887244206218,21.847436701062904,41.63825144393151,44.02112889746258,0.12514596078158716
1988,42.73852206134212,42.47249414268722,40.758149557888984,40.18014749055641,17.512816193458896,41.67113258251793,43.98998166915799,0.12514596078158713
1989,42.72283169880489,42.3871976304487,40.93411107900026,39.90646673722328,27.475495726809527,41.78555824239672,43.97429130662076,0.12514596078158716
1990,42.740950932363546,42.33273852670528,40.634419273967914,39.92362995164979,25.237194523599463,41.589870206708724,44.00212654435611,0.1261175611992565
1991,42.75055134902637,42.55075002982377,41.24575596486773,40.48175536841437,34.676510267691285,41.928817780208064,44.01172696101893,0.12611756119925652
1992,42.73829079949348,42.364771580537635,40.84169509899328,40.3137322208365,31.970171579598727,41.80178812145546,43.99946641148604,0.12611756119925652
1993,42.72263418591127,42.501055337557936,40.80930327069666,40.18961195736294,20.161906455379334,41.66831765117567,43.98380979790383,0.1261175611992566
1994,42.74548487419887,42.35776424402374,40.849027730290544,39.6457256277908,32.822083144596895,41.48236847357002,43.998717203844194,0.1253232329645323
1995,42.77055417826704,42.487087594654994,41.03616696015226,40.013621703330564,32.565194213730216,41.803565786091895,44.015366887188954,0.12448127089219138
1996,42.74181069720856,42.398069591687616,40.64158979882375,39.75442336966285,28.103161630746563,41.555756138627835,43.98662340613047,0.12448127089219144
1997,42.7558486904656,42.371808356026094,40.59550964982865,39.886839798617835,19.81406577090209,41.674096874816485,44.02106399144618,0.12652153009805786
1998,42.752951703190874,42.50583553351449,40.839106730443,39.62252906957676,31.638954938940394,41.71294289414608,44.01816700417145,0.12652153009805792
1999,42.7442045275022,42.53643140669732,40.775249869860644,40.071043991981746,27.70883484772866,41.89218617162847,44.01504324173468,0.12708387142324815
2000,42.71269213062498,42.46321894114308,40.025533457566254,39.21730873517638,-4.039906597783968,41.54071344427173,43.98353084485746,0.12708387142324815
2001,42.740709277435606,42.43702074321521,41.03733873196824,39.89903201541425,32.707594780636505,41.83304625967703,44.01154799166809,0.12708387142324815
2002,42.71895560550074,42.45903714767513,40.90755290093034,40.27832760882397,23.96314431140882,41.87163939030475,43.98979431973322,0.1270838714232482
2003,42.72818338775581,42.4732386644655,40.508658298778435,39.33586385774055,23.34184835480499,41.54854732287921,43.999022101988295,0.1270838714232481
2004,42.70938246833734,42.44829982842397,40.92970647566024,40.1865741165554,28.638682862536076,41.70784846619659,43.98022118256982,0.12708387142324817
2005,42.72245806107555,42.50040501131173,40.39399646654205,39.82676903293073,23.243900122085527,41.72112124592387,43.99329677530803,0.12708387142324815
2006,42.72365665093165,42.581975254554564,40.73579034653218,39.728888798643396,18.160366552052103,41.86742439162586,43.992910471971676,0.12692538210400217
2007,42.73625286832063,42.47547697585721,40.9032877090854,40.34950375126426,31.734556557237244,41.676778181515104,44.00550668936065,0.126925382104002
2008,42.74241646471164,42.49420014986818,40.65371154316507,39.91341407648231,26.863128369607026,41.623820108943775,44.01167028575166,0.1269253821040021
2009,42.73645824359117,42.587188394685114,40.57807279092373,39.96697537734927,27.65972808663348,41.64744978190211,44.00571206463119,0.1269253821040021
2010,42.724005566906534,42.500856101911694,40.62871191970041,40.002469353969005,25.105569418188562,41.58360622546081,43.99325938794655,0.126925382104002
2011,42.71845619549499,42.44483560694332,40.98543847797851,40.442586386979066,28.800688688316573,41.748740108998945,44.01487227160446,0.12964160761094706
2012,42.73250433312087,42.541555532047674,40.89165246855069,40.28158923271153,22.934890489735402,41.885649691610865,44.03029445120536,0.12977901180844828
2013,42.69524099013853,42.36203553654253,40.54635224940778,39.7855624926641,24.61456349673816,41.37199762993094,43.993031108223015,0.12977901180844834
2014,42.71237083906172,42.48624903392237,40.53805765495875,39.67602189282775,24.01395495217555,41.660969633970346,44.008399775041056,0.12960289359793345
2015,42.69364829705739,42.370342234916436,40.573245679280895,39.5572311577238,24.022181344448352,41.75469727999958,43.964872236516996,0.1271223939459599
2016,42.72186354672164,42.365538986138404,40.271712738104,39.78715608464919,-9.488109552293132,41.641452499609244,43.993087486181246,0.12712239394596
2017,42.73715149895638,42.523013226673406,40.993449525398226,40.390070890748504,26.969184456728534,41.89425898118978,44.00837543841598,0.12712239394596006
2018,42.74717895041923,42.40363190062859,40.60994310064893,39.84913974347154,30.28959750913564,41.63814580927095,44.02130018693583,0.1274121236516596
2019,42.71554560400179,42.417577949673785,40.68683618040939,39.59385390990576,21.98937665911588,41.74445588788985,43.98966684051839,0.12741212365165963
2020,42.70674242016105,42.314260632231495,40.380424020882565,38.971470570627815,28.724186301075093,41.19166813586351,43.98086365667764,0.12741212365165952
2021,42.74078097617133,42.54311665890762,41.113520701971886,40.3726834624421,32.79886329224869,41.95046633244735,44.01490221268793,0.1274121236516596
2022,42.709371856050204,42.273048466680024,40.51299162655297,39.73902144505709,26.95568881758636,41.58005993007476,44.01506699522502,0.1305695139174813
2023,42.68845811022004,42.43066318861201,41.14888410929541,40.21856781744534,32.90544983640048,41.79568870970283,43.99304903923066,0.13045909290106245
2024,42.67887574737906,42.29631339265432,40.6591860198667,39.67357055109011,30.230970793422784,41.53510871805918,43.98346667638968,0.13045909290106233
2025,42.675983134924344,42.570138956711595,40.83532873365677,39.867776184314025,26.40282295259718,41.92735170179174,43.98057406393497,0.13045909290106242
2026,42.716637113027446,42.4015864588302,40.02821235532083,39.06521446501216,19.83407402569733,41.5832964751188,44.02122804203807,0.1304590929010625
2027,42.663877643270524,42.11919485105,40.55029332954414,39.517140833407254,30.9602646357112,41.30613181943529,43.96815234451513,0.1304274701244607
2028,42.66985431546658,42.28793599444015,40.79173599141382,40.02490284866175,31.261791917346436,41.508847699057185,43.97412901671119,0.1304274701244607
2029,42.682004875083535,42.41347635029523,40.71059377803517,40.10175018765985,24.34234458089019,41.82853008769847,43.986279576328144,0.13042747012446063
2030,42.679248682667726,42.42844914742005,40.46817702632567,39.30824818998159,28.46039792246409,41.35307300776137,43.983523383912335,0.13042747012446074
2031,42.69475700152724,42.42382234847436,40.09537083315493,38.84752269624724,25.002101456786377,41.536186477047195,43.99903170277185,0.13042747012446076
2032,42.67615536474468,42.43966519489596,40.7430104789664,40.10196458556802,19.349956580690023,41.747177702182015,43.98043006598929,0.13042747012446074
2033,42.687174443282274,42.32288004183221,40.932322911806885,40.09029607026346,34.93864269689729,41.501438393722,43.99931381841569,0.13121393751334193
2034,42.7119907670009,42.36671897030916,40.7738190433764,39.9245350906143,33.559107591808704,41.531684337752665,44.02413014213432,0.13121393751334195
2035,42.67482229414391,42.36976412650176,40.87350746049606,40.265609347816934,29.028797941884214,41.72628635877349,43.98696166927733,0.131213937513342
2036,42.69563525460782,42.31996120190864,40.592496220497026,39.705634314723085,29.997894026660504,41.44782688585127,44.01487917167043,0.13192439170626047
2037,42.71351885929556,42.47940208285781,40.59049271331116,40.26201195120716,22.349138940593534,41.68162687608549,44.00552301960062,0.129200416030506
2038,42.722353732174504,42.50690647057715,40.67201425362911,39.83592235442907,19.850342629829424,41.87816455184864,44.014357892479566,0.12920041603050597
2039,42.7043217466665,42.50594243697008,41.11473901577452,40.52185481534584,33.923853173171686,41.9262439114095,43.99632590697156,0.12920041603050603
2040,42.71661171494694,42.436788541811715,41.114858794864766,40.730430452006026,21.688310562220728,41.92804812686265,44.008615875252005,0.129200416030506
2041,42.719231775441656,42.482775825130766,41.081366588086226,40.388901349601504,31.965392018961285,41.93876368834995,44.008502436661104,0.12892706612194438
2042,42.71579118624168,42.41406007640025,40.89723098465902,40.36736248468695,31.647633501497488,41.812134706027464,43.99903625160038,0.12832450653587002
2043,42.712895543494646,42.47522618999011,40.72828575773277,39.64107073068021,32.435845726412474,41.7626424627392,43.996140608853345,0.12832450653587005
2044,42.72503965931422,42.38185649274455,40.53696686033126,39.356234550140385,31.58690095342824,41.48399945514919,44.00828472467292,0.12832450653586996
2045,42.75193062568192,42.19416141261517,40.715047100958834,39.96713199003747,20.804096113022283,41.28433591556523,44.0054150015756,0.12534843758936792
2046,42.76129369905137,42.574259778551664,41.127498893712406,40.565984046753385,32.68467530179647,42.010726580669754,44.01477807494505,0.12534843758936795
2047,42.74726349078372,42.25560587153,40.3955883293482,39.70909464087143,26.80905076595977,41.30056828700661,44.017880850795045,0.12706173600113202
2048,42.781363382757746,42.62058548098645,41.261304568404036,40.38430584329212,30.59834769610538,41.914156590658905,44.05198074276907,0.12706173600113202
2049,42.81805830390647,42.46072300662797,40.583752365140406,39.9640609007414,27.352870355522224,41.698532051911286,44.131957327098334,0.13138990231918646
2050,42.81804974709251,42.51838351743708,40.794432438507094,40.374765068304654,29.03670318016389,41.83242919919384,44.131948770284374,0.13138990231918643
2051,42.80833167934252,42.54604339568651,41.091455714806294,40.62919027021604,30.811148191367042,41.9318690409458,44.12223070253439,0.13138990231918635
2052,42.808538571645805,42.598895559769524,40.96554110185636,40.3481474862965,33.04256921703778,41.99378652139181,44.12243759483767,0.13138990231918643
2053,42.79909447504436,42.48337139905778,40.78013118298541,39.41697977653391,32.456294968203146,41.76578304743596,44.11299349823623,0.13138990231918646
2054,42.830404819330425,42.624443527072344,41.1080084491732,40.3947943660707,29.22680430876226,41.97008787180194,44.14430384252229,0.13138990231918643
2055,42.80562899745571,42.53234450026272,41.127781458776894,40.303707017376595,31.084522930356165,41.85070405342668,44.12224520409121,0.13166162066354967
2056,42.809249104799086,42.558488005011746,40.90192376899127,40.58674314696178,29.46625314128592,41.92564326100945,44.12586531143458,0.13166162066354953
2057,42.824937001153636,42.543665836376995,40.94091645864356,39.95466185650618,21.58122670498686,41.92790337218612,44.14155320778913,0.13166162066354953
2058,42.8120824778886,42.61267949397284,40.88588966229897,39.89486654567155,27.1358777458506,41.7927850977071,44.128698684524096,0.13166162066354956
2059,42.849380222628696,42.54540655572935,40.11122816989394,39.75124571142759,-9.630635055815418,41.90499091517063,44.16599642926419,0.13166162066354967
2060,42.82471444361913,42.56051585540152,40.75752423480574,40.074268212592905,26.559725456943625,41.82110376687514,44.14135075432797,0.13166363107088455
2061,42.81530697831856,42.537413796432105,40.44157394295689,39.46464946944387,16.70878086646836,41.83498619925423,44.131943289027404,0.1316636310708846
2062,42.79949013643128,42.42273594846448,40.72857521146783,39.78656183404967,19.961513149931882,41.719653847759005,44.116126447140125,0.13166363107088452
2063,42.81201051450916,42.47777801577528,40.205976788670654,39.22810444548048,10.450992282899044,41.68975417148336,44.128646825218006,0.1316636310708846
2064,42.78420256938555,42.48500464588469,40.54680341816609,40.34001097106852,24.062558276155826,41.718346819095686,44.10083888009439,0.13166363107088452
2065,42.79975260374264,42.52310815489111,40.48341937416106,38.91764037472764,27.921313003916616,41.56845658160858,44.116388914451484,0.1316636310708846
2066,42.79901161558223,42.31135835956984,40.64329945304578,39.35040347737229,31.314630197170793,41.5840304199414,44.112966457181216,0.13139548415989868
2067,42.82398703926413,42.64476124724476,40.65847402041236,39.64146995870645,25.11404365419014,41.9483008723377,44.13794188086312,0.13139548415989855
2068,42.817120202032896,42.549677721775375,40.97997250599968,40.26864208569638,30.498095657039215,41.82720882543836,44.12844059841578,0.13113203963828857
2069,42.81761909456317,42.58452560370456,41.20301445419521,40.64013946020019,24.519003785863433,41.95405046353018,44.11608633580418,0.12984672412410073
2070,42.842609049995104,42.54836217439842,40.77637278946336,39.98380215370816,25.822993721414864,41.722680384653316,44.14107629123611,0.12984672412410073
2071,42.82122049018524,42.62147344437398,40.88923947980395,39.874324204552494,29.359176584509562,41.95254869075167,44.11968773142625,0.12984672412410073
2072,42.833680049809395,42.57330331516295,40.62081275280052,40.00869757143522,17.271156515307126,41.967470213717895,44.1321472910504,0.12984672412410075
2073,42.82405056370251,42.35193342071247,40.87613791653307,40.205677052836165,31.295215034116275,41.58949724754706,44.12251780494351,0.12984672412410073
2074,42.83646983738708,42.60833189518585,41.06754122959359,40.78344175915769,29.337054142698157,41.9550254650873,44.134937078628084,0.12984672412410073
2075,42.821350110596434,42.53889157388197,40.58574751457916,39.89598767803457,24.65593063311655,41.93788047953424,44.11981735183744,0.12984672412410075
2076,42.84585294456778,42.62262869605737,40.78060897709711,39.58095936917606,26.46982076047485,41.8928630106716,44.14432018580879,0.12984672412410067
2077,42.83034840769774,42.45776178126798,40.480074138570096,39.740861768072556,16.793303981458724,41.522029263755044,44.12881564893875,0.1298467241241007
2078,42.84137937733614,42.60661055837247,40.91540281324806,40.69420321177964,23.52748947816778,42.07931841037268,44.15062626397704,0.13092468866409007
2079,42.82274702656177,42.545716574130324,40.190725840331105,39.80763659831676,-10.677685838274492,41.84189896159133,44.13199391320267,0.13092468866408996
2080,42.804305432173834,42.48770918260766,40.66775854711742,39.710721668422764,24.412804712077378,41.708259789764725,44.11355231881473,0.13092468866409004
2081,42.816018248251886,42.552732400971834,40.585321971694704,39.518324365681266,18.10808297202791,41.94183744470432,44.125455680964585,0.13094374327126962
2082,42.818385007909704,42.40487797186953,40.29501243312472,39.98484739866637,-10.781673993747447,41.552487742161674,44.12241989984414,0.13040348919344344
2083,42.82156695336557,42.647076321406544,41.04351328766922,40.35274208562197,29.24214183248194,41.77522030675813,44.125601845300004,0.1304034891934434
2084,42.82641421585485,42.54884562745182,40.857033123958175,39.710124023774284,32.10262730305449,41.642563864386815,44.11961168545272,0.12931974695978712
2085,42.832462300539234,42.55903515087503,40.63819583065774,40.14954207219757,22.823953558942595,41.65103038940181,44.125659770137105,0.1293197469597871
2086,42.82608814410495,42.5622385145041,40.69597713990593,39.72561472162643,31.100685374944526,41.8208418253562,44.11928561370282,0.1293197469597872
2087,42.84398374313686,42.62134342566388,40.98511255362885,40.28760678396139,19.420111947324656,41.972055806717236,44.13193313813223,0.1287949394995374
2088,42.82538039064579,42.59571382653768,40.90869603203947,40.307148222899656,28.20550518012501,41.982806570113596,44.11332978564116,0.12879493949953738
2089,42.853368461851574,42.611914785110514,40.465216090471394,40.38111446195588,-10.003761211540706,41.51659134466816,44.13970821213453,0.12863397502829527
2090,42.826642328285914,42.47451073618336,40.51493056243683,39.87203860436444,-8.767882856755982,41.657505345138404,44.12103558946045,0.12943932611745312
2091,42.86370860787872,42.54109216686505,40.60298992684933,39.97590935829169,29.38816939670032,41.80866660816925,44.158101869053255,0.12943932611745315
2092,42.82927342393986,42.48305526858074,40.246170792055224,39.73247524664306,0.7052297372233269,41.70839372147179,44.123666685114394,0.1294393261174533
2093,42.84180358660443,42.53406498389108,40.6508848390683,39.62955555660061,25.114658917579455,41.65446969076677,44.13619684777896,0.12943932611745312
2094,42.81946590207166,42.58246726894887,40.98604941413597,40.27264174747086,29.744278569005758,41.96755275768493,44.10870301276652,0.12892371106948589
2095,42.819580745547704,42.72414570400687,41.18055774128036,40.426865348170026,32.67842890795556,42.089504039816674,44.10881785624256,0.12892371106948586
2096,42.82877581761115,42.585772178177734,41.08405208831884,40.35997638399498,31.478653157949662,41.896988371711174,44.11801292830601,0.1289237110694859
2097,42.847305231175795,42.55783295693486,40.653604695277835,39.44150502650551,27.266205714943695,41.6648985087288,44.13654234187066,0.128923711069486
2098,42.828459024005696,42.61543156723411,41.18583536399169,40.55347105476683,31.75797561950389,41.869038146283884,44.11769613470056,0.12892371106948597
2099,42.831740646029424,42.6127517060889,41.10959562768048,40.009566008573735,32.477923675076084,41.771089271456674,44.12097775672428,0.12892371106948589
2100,42.837868293739646,42.651202691071916,40.99442148683142,40.42977475716992,29.69136908133912,42.032908019793155,44.12710540443451,0.12892371106948597
2101,42.853418689603195,42.65313968139329,41.251506950461184,39.9494672789302,33.12922893944146,42.03061920065201,44.14265580029805,0.12892371106948589
2102,42.82550306277011,42.5472381421422,40.6644079309873,39.85786384450142,19.778981441424474,41.9061024281246,44.11474017346497,0.128923711069486
2103,42.81328099660094,42.52536688825859,40.3817842422712,39.21331900779831,26.501808982464894,41.57430467905438,44.1025181072958,0.12892371106948594
2104,42.843946048393505,42.59251505833535,40.60085113761523,39.995408152854836,10.478604272552005,41.86224187094,44.13318315908836,0.12892371106948589
2105,42.85344369469453,42.581476483122906,40.868488885699534,40.12618622513662,31.801756981729163,41.78400686638564,44.14268080538939,0.1289237110694859
2106,42.845610448588175,42.593125391454464,40.88879404014925,40.19576790709939,25.815020089662166,42.04027691657877,44.152114625839516,0.13065041772513375
2107,42.80837024975119,42.531293350323736,40.375364066229864,39.473286791298456,24.221533053936973,41.598845819893945,44.114874427002526,0.13065041772513372
2108,42.827397794984876,42.58762576770833,40.66981779685103,39.727976249867254,26.30471715904185,41.89171221626886,44.12711365807304,0.12997158630881694
2109,42.836753925031765,42.52944937421425,40.54855785740808,39.00817816977819,26.799780509951855,41.69590921319852,44.13646978811993,0.12997158630881692
2110,42.83706110281204,42.53826614184806,40.61858598587262,39.66565038137916,25.044257091630964,41.775633641597764,44.136776965900204,0.12997158630881692
2111,42.83317383145768,42.52506885875993,40.87801189039787,40.05660524413668,31.418159311734108,41.65784281450068,44.1363660134261,0.13031921819684175
2112,42.81335922248071,42.42510722702687,40.397130697258376,39.709627413229796,-4.380104952659444,41.5212919338792,44.145984853887356,0.13326256314066431
2113,42.82619005600246,42.51687008409111,41.129229618864365,40.74778128357477,31.544239883758273,41.90223418755909,44.1588156874091,0.13326256314066437
2114,42.78053210197625,42.57828924133635,40.96140260512253,39.71277733091662,24.096321638078212,42.13502594557818,44.09589066682641,0.13153585648501645
2115,42.81178016903816,42.55266857882029,40.76783243564157,40.05120457016777,22.839557675451005,41.54031213982752,44.12713873388832,0.13153585648501648
2116,42.811657425495405,42.51883680919421,40.61673365827156,39.484080886579314,-2.2566303035864266,41.83664365655072,44.12701599034557,0.1315358564850164
2117,42.80562279245422,42.39194689370218,40.66386292280004,39.717728044532564,28.240335148189047,41.42888379629931,44.12098135730439,0.1315358564850165
2118,42.806257684881764,42.60686296078973,40.869697217264125,40.242814851237036,15.709424812718545,41.93764182183878,44.12161624973193,0.13153585648501637
2119,42.79966596307726,42.68383029987108,40.918063148036886,40.00810580813552,27.240029085881805,42.18643865755239,44.129849708778885,0.13301837457016244
2120,42.797275598420434,42.567996211962225,40.95870503520347,40.68050385385059,27.339403089514157,41.958902970809085,44.12745934412206,0.13301837457016244
2121,42.80923238602239,42.534694770489246,40.943679563699256,40.31355634763595,29.865089973333998,41.77531017097614,44.13941613172401,0.13301837457016252
2122,42.78055842060802,42.423732165985356,40.849889639917386,39.98957692835626,31.995531402127142,41.81042274326011,44.1334879578118,0.1352929537203788
2123,42.77394217544344,42.380464558242046,40.83734476712211,39.95308332568669,27.267769332539384,41.57937885150798,44.12687171264723,0.13529295372037886
2124,42.767938890571486,42.56417592504615,40.853355749480976,40.29794600885121,16.898692860014695,41.69699656449136,44.12086842777527,0.13529295372037886
2125,42.76781627156744,42.6111988901363,40.80298311664381,40.104605196976436,27.210029327738837,41.785196739688885,44.12074580877123,0.13529295372037906
2126,42.75857008406938,42.55032167096302,41.13732119845023,40.433402065809126,31.54440002276001,41.91916721889176,44.11149962127317,0.1352929537203788
2127,42.76099505542877,42.43229820021499,40.7824617900498,39.70750687252498,32.780683788412986,41.68678898986627,44.11504661108686,0.13540515556580904
2128,42.771730679248606,42.305028117173755,40.25920852359589,39.546282072371454,19.163793456325326,41.196358235770425,44.136453046618705,0.13647223673700956
2129,42.750414494213096,42.489357396539596,40.791371530994994,39.75197548045036,29.17678345737059,41.78660087098927,44.115136861583196,0.1364722367370097
2130,42.78684090330417,42.53721217387605,40.87340195079862,40.078942394078105,10.416984936101642,41.737623349726576,44.15216583026034,0.1365324926956171
2131,42.78087723360722,42.61313720409333,40.9712807814033,40.17461771210077,29.41981734983885,41.76843255039476,44.14620216056339,0.13653249269561712
2132,42.77767544551096,42.57832960187861,40.6719125920588,39.63759552404714,25.125604303218264,41.85911201572645,44.14300037246713,0.13653249269561724
2133,42.77175729194176,42.48478905652769,41.139701372721674,40.658365175094744,24.020415982337852,41.827029775992855,44.14915973343712,0.13774024414953615
2134,42.75615413351584,42.58801438104409,40.940830083988246,40.525114920587626,28.815440882119216,41.86837726736243,44.133556575011205,0.13774024414953606
2135,42.76516640409237,42.48876274896966,40.69459042214598,40.382171740496645,17.33167770148536,41.73941681851122,44.14256884558773,0.1377402441495361
2136,42.756916632846355,42.61881258497588,41.08756319331706,40.47710966836924,32.08140442532654,41.9296935348373,44.11496212536202,0.1358045492515668
2137,42.769353938495556,42.52380093729366,40.852154361658116,40.26275742178062,32.13685796033792,41.72447617587528,44.12739943101123,0.1358045492515668
2138,42.7567512114083,42.49806277782924,40.518014867418934,39.1971111492724,28.120785532509903,41.62932129822067,44.114796703923965,0.13580454925156674
2139,42.78241596069407,42.53874786413825,40.613119900965835,39.77202167966097,21.789192203977322,41.65879744633595,44.13660092197381,0.13541849612797405
2140,42.77813336064681,42.52666321093133,40.464698431221606,39.650653711238775,0.9604782747891321,41.80472413123874,44.12747273335318,0.13493393727063643
2141,42.74967701611084,42.29425775806906,40.47378022621737,39.7307632945471,23.9916213206889,41.39209512853974,44.099016388817205,0.13493393727063652
2142,42.771845636313046,42.47091216005822,40.58680150183646,39.640606468354754,26.983367526418462,41.72087178125702,44.12118500901941,0.13493393727063654
2143,42.781914754759846,42.52060567090691,40.72448477349255,40.00779178907146,19.953494208574426,41.47979117963944,44.136410277945885,0.1354495523186037
2144,42.801780439123135,42.471702196805666,41.07692225621319,40.48161904507008,28.709934815683663,41.91056602835637,44.133530170807006,0.13317497316838733
2145,42.80768823599138,42.54922763563997,40.949192868941665,40.5836481740863,24.3965979818396,42.08724353736956,44.13943796767525,0.13317497316838744
2146,42.79210728311517,42.46687852579873,40.889103079193234,40.037522964096134,27.65590300851697,41.778323011516136,44.12385701479904,0.1331749731683874
2147,42.7785570412201,42.37380993918199,40.59376170113718,39.781048917234116,18.84760660455002,41.689767770663295,44.117614774400195,0.13390577331800982
2148,42.80079109957031,42.62816795572755,41.08072531590912,40.391602740993484,24.49523578137088,42.126113635743266,44.13984883275041,0.13390577331800987
2149,42.77515330952457,42.524129222481726,40.81810718073008,40.02052224181032,29.177344387602584,41.709225918641366,44.11495235294597,0.13397990434213994
2150,42.79345328181701,42.568280518203295,41.00245852858455,40.553902872050884,31.527531013847298,42.126130052284,44.13325232523841,0.13397990434214
2151,42.80908841410807,42.58495840360181,40.9225150099925,39.77404689440234,33.62978574383599,41.56909510868821,44.14888745752947,0.1339799043421399
2152,42.79504844326417,42.39502036403253,40.34335506043933,40.000832229252154,19.854361986909097,41.53860775404681,44.12696775587687,0.1331919312612696
2153,42.76752503187196,42.33647345923133,39.653142176557196,38.86315611909857,17.149206161112488,41.46900476040076,44.09944434448466,0.13319193126126946
2154,42.789000521790015,42.63623914396025,41.126908874980124,40.34897146171402,26.026879855228913,42.13199423529957,44.12091983440271,0.13319193126126946
2155,42.78609746257589,42.57375137330511,40.7465924693962,39.86109993724157,18.749253674848894,41.8611228055307,44.1241827252072,0.13380852626313103
2156,42.77377447335772,42.36883289726666,40.91776399602285,40.21005356809024,27.9877107671708,41.643815815884004,44.11185973598903,0.13380852626313094
2157,42.782934680650996,42.5131272346343,40.47639601732841,39.76707446843584,19.93312625169094,41.685244373212285,44.12361937854165,0.13406846978906534
2158,42.77653995034507,42.662475340721805,41.15844334888351,40.19800722274176,32.26969944682442,41.865508319970004,44.1338205173101,0.1357280566965029
2159,42.77913800360713,42.470766008962514,40.891839211366865,40.61858537929266,28.48030296623982,41.73301047080105,44.13641857057216,0.13572805669650284
2160,42.776347710391455,42.6008061710297,41.00211695691265,40.00244527792463,30.641942769455667,42.046251728998485,44.133628277356486,0.13572805669650284
2161,42.782530094953884,42.46704102521286,40.902911855248114,40.35720516692912,20.166970545871955,41.831021963854965,44.139810661918915,0.1357280566965028
2162,42.754667670552955,42.42420671185729,40.44721841605345,39.95229175176365,17.762594746943,41.68972872829699,44.111948237517986,0.13572805669650292
2163,42.7790805278234,42.57904757666324,40.85414184347308,40.31078790811834,28.235876004659076,41.75857369346089,44.136361094788434,0.1357280566965028
2164,42.76630895397789,42.524683688114266,41.09836640147985,41.14138349262565,17.329693319823658,42.05096514225246,44.12734797944072,0.1361039025462833
2165,42.7604527230826,42.351558706959665,40.491380772233114,39.19771575315035,26.568565676874865,41.60811307150875,44.11503879543439,0.13545860723517877
2166,42.75445916437291,42.469042476299066,40.67781355618233,39.654148365038495,23.963789576731198,41.923039408673596,44.1090452367247,0.1354586072351788
2167,42.778799491450926,42.36248142651222,40.620644468260735,39.71616558365143,26.115129281171242,41.68198999237009,44.13338556380271,0.13545860723517877
2168,42.76997100877569,42.41211211239793,40.90025951268972,39.8918360049686,31.02866520850562,41.85856699560314,44.10838388066737,0.13384128718916774
2169,42.773233157973266,42.1963231733724,40.54232399069952,39.52738373317873,30.858338149891782,41.586273774543955,44.11164602986494,0.13384128718916782
2170,42.76684077153733,42.397186353575414,40.37991699942708,39.86113021578006,24.099842206482734,41.59105389095281,44.10525364342901,0.13384128718916777
2171,42.79205731086946,42.62177337321193,40.88269335860826,40.19720642911126,24.946495118408706,41.72707358475269,44.13047018276114,0.13384128718916785
2172,42.77264388250077,42.49520699036612,40.18963030559778,39.59629874427678,21.833898052782644,41.651917427023875,44.11105675439245,0.13384128718916782
2173,42.77339971755717,42.379247666949254,40.63824867228557,39.86835091616925,30.158077015808544,41.63110218692506,44.111812589448846,0.13384128718916774
2174,42.77120007946791,42.562290126344465,41.07913332244684,40.07333940888845,32.29260506463466,41.87050352330023,44.09913031939885,0.1327930239930945
2175,42.815860216279965,42.53383938538582,41.045102416162884,40.21462361231726,31.105270650532805,42.03891551162188,44.14245693477875,0.13265967184987817
2176,42.800598187330706,42.64011049407145,40.85247647764507,40.23451371807064,20.206923760301297,42.012568673832675,44.12719490582949,0.1326596718498782
2177,42.80388260927177,42.6462386278251,40.551985192878234,39.33591580745132,14.90317199181725,41.92543693184396,44.130124514381315,0.13262419051095475
2178,42.7775680041199,42.47788327778552,40.59814956671395,40.158155582466975,19.896121451983134,41.67344999556245,44.10242952496485,0.13248615208449452
2179,42.800937312839395,42.41057661348753,40.390487208274756,39.28834293461749,26.54493637983163,41.48126251882312,44.1273837268768,0.13264464140374077
2180,42.779212786429326,42.63009240165756,40.906931905080356,39.855962175049825,27.533643918992176,41.7759682494311,44.10565920046673,0.1326446414037407
2181,42.80365387607957,42.57087384450708,40.65305786452973,39.77298949943214,19.323552167229778,41.981564863981134,44.13010029011698,0.13264464140374063
2182,42.80075980393092,42.588439135020806,40.771607366459705,40.28032029572772,2.3287286804570115,41.82095765246512,44.12720621796833,0.13264464140374066
2183,42.79471705735527,42.53657011458319,40.654181126840975,39.51825501,26.503940182286197,41.732752603417175,44.12116347139268,0.1326446414037407
2184,42.79162931188499,42.52898685691553,40.55363442938275,39.80323250019962,21.76465188937917,41.791903362425806,44.118075725922395,0.1326446414037407
2185,42.76930249446401,42.423236647901696,40.9640831219209,40.64825816674487,28.794899675808576,41.92561995982024,44.09574890850141,0.13264464140374058
2186,42.816739588407536,42.680534471825354,40.461685468505344,39.747264102931325,0.6401836039793309,41.933053722061615,44.12073279711641,0.13039932087088774
2187,42.80094335390641,42.39640461529205,40.61705076156759,39.43621805631902,30.07602483133433,41.52381342645313,44.112032340294924,0.13110889863885108
2188,42.82569151149993,42.55224893985893,40.94054200760118,39.894131633525745,31.21130476923794,41.72052381892411,44.136780497888445,0.13110889863885108
2189,42.81898488345006,42.542107278062865,40.66491598349264,39.91364879731325,27.442261454436615,41.5679063886417,44.13007386983857,0.13110889863885108
2190,42.79744164327087,42.43352345710251,40.42309314190001,39.2638446979823,26.893994384920607,41.53912230603554,44.108530629659384,0.13110889863885117
2191,42.8072674266566,42.40724485024792,40.99620308357088,39.85353173029734,34.551241348443554,41.67348115039074,44.11835641304511,0.13110889863885108
2192,42.7980279514033,42.530040685522216,41.20153571651602,40.466990378462576,33.67998771302332,41.926116766252235,44.10831253601934,0.1310284584616043
2193,42.792210330800515,42.390436255397965,40.596067563753124,39.318018308596976,28.796629317441454,41.78218334281111,44.10249491541656,0.13102845846160419
2194,42.816919893919895,42.62447286502617,41.160250840777024,39.99908844585497,32.98359678292286,41.78318385341337,44.12720447853594,0.1310284584616042
2195,42.81416753909829,42.5700081874831,40.30991740377799,39.00680293883326,25.30680292151682,41.657554580011094,44.124452123714335,0.1310284584616042
2196,42.814859841644754,42.52654930747285,40.532014509269494,39.70077816355306,20.50823352793363,42.05995396394651,44.12733218788475,0.13124723462399915
2197,42.83685718273592,42.61968497222407,40.71994123951924,39.86540824061207,25.64708568906643,41.912796151193376,44.14932952897591,0.13124723462399918
2198,42.836863633411674,42.51885086942554,40.97686261134864,40.32143259712091,29.72572040444785,41.808558888733984,44.14933597965167,0.13124723462399912
2199,42.805379746492434,42.55533906154779,40.36923827988867,40.08608736688399,-4.38910521835038,41.86642896554802,44.11785209273243,0.1312472346239991
2200,42.833960398510804,42.5611216608399,40.85355556779241,40.211366233367634,29.177544746377624,42.05538195241082,44.1464327447508,0.13124723462399912
2201,42.805123306744754,42.4425650890668,40.84029174553403,40.496488364704845,23.953010119612195,41.80951618725079,44.11759565298475,0.1312472346239992
2202,42.81912450080323,42.41539285457003,40.355186886467386,39.3525245650457,27.11647833939633,41.442077992760794,44.13085553680192,0.13117310359986914
2203,42.819218012990405,42.51208941967899,40.35308059619479,39.313709746332194,24.505912165336934,41.507397190063436,44.130949048989095,0.13117310359986906
2204,42.81158450497044,42.57611792583912,40.67576744927518,39.32557276571047,17.478358458177105,41.76627520143913,44.124649062401296,0.13130645574308533
2205,42.80842202579083,42.54791898173361,40.978383252579334,40.2329216017883,31.094066931803564,41.85814745935268,44.09970432642504,0.1291282300634209
2206,42.821315950739375,42.39423889150212,40.6729188882838,39.89910643413758,23.824207028817295,41.424539333709475,44.11822166462549,0.12969057138861115
2207,42.83404816786955,42.54950542897431,40.82963936830793,40.16357114464947,26.06204291993026,41.78415689089065,44.13095388175566,0.12969057138861123
2208,42.8278443676335,42.583371489965735,40.8704312507998,40.163821475755114,26.45908129519329,41.67705226879627,44.124750081519615,0.12969057138861112
2209,42.83245925858095,42.55861648576493,40.7273158082531,40.161737627621136,27.854285098524763,41.830373234528835,44.13032118264947,0.12978619240685182
2210,42.84476464890354,42.48734038318118,40.994314613496314,40.157660487693136,30.860411400013916,41.62345477006674,44.14262657297206,0.1297861924068519
2211,42.82960597703451,42.642244052201605,40.99761066088633,40.229292394584064,32.225769563828564,41.8188842258683,44.12690073198005,0.12972947549455424
2212,42.85767610599837,42.566251818675724,40.59900166960625,39.40572038344624,29.091901864549442,41.679978955566625,44.15497086094391,0.12972947549455424
2213,42.81722409572582,42.45543399305716,40.76743169936263,39.90206467627746,31.594485738630564,41.391885286801134,44.11451885067136,0.12972947549455424
2214,42.85813921684053,42.60045289564631,40.69493373424085,39.35633763600642,30.161584235222715,41.7828377594832,44.155433971786074,0.12972947549455432
2215,42.83290061852103,42.484860165664706,40.93439185828635,40.327867521616355,27.498089064741908,41.84974503553686,44.13019537346658,0.12972947549455435
2216,42.83970873245722,42.474749113795355,40.6530947375665,39.33331641763175,31.571189220980852,41.5292542954187,44.13700348740276,0.1297294754945543
2217,42.8206852079774,42.628170925212025,41.01149133906241,40.03180531126192,32.176244481787506,41.9674533094974,44.11797996292294,0.12972947549455424
2218,42.8412873380083,42.66210948393451,40.790199623067075,40.13278268728637,30.342758514981668,41.97146411280087,44.11451763280983,0.12732302948015264
2219,42.81966037801794,42.414930228995566,40.90634791689061,39.92122305030288,33.33676974013389,41.6390516520473,44.09289067281947,0.12732302948015256
2220,42.84757954085291,42.5443482827255,40.768419033909744,40.47191891808872,17.576538955982883,41.79594293904811,44.12080983565444,0.12732302948015256
2221,42.84904244886807,42.65408167289567,40.678389388641946,40.471674701428746,18.588053651890405,42.098259079783986,44.123857636862056,0.12748151879939865
2222,42.83669596119825,42.590689507454314,40.51136455974573,39.9299149250494,20.229097973247356,41.75775826135012,44.11151114919224,0.1274815187993987
2223,42.84034285446126,42.34728025966914,40.636091755109746,39.84514496444619,23.20136853539216,41.30632538103837,44.09935766798259,0.1259014813521325
2224,42.85852618333631,42.67491309823774,40.873017878965264,40.43034498438276,20.44262496544779,42.030866302646736,44.117540996857635,0.1259014813521324
2225,42.88677118960659,42.62193069874626,40.88091362217645,39.90650416461371,18.740540236608975,41.86766108585391,44.14578600312792,0.12590148135213258
2226,42.87723451481822,42.68458243883839,40.91613723060905,39.95066231674592,27.228191795564737,42.191556557727296,44.13339667610987,0.125616216129165
2227,42.86460084486165,42.67119872046361,40.58393269338195,39.51233282309124,19.690958970925823,41.77580685552292,44.1207630061533,0.12561621612916501
2228,42.852728215225525,42.67385810508416,41.42817577891835,41.05620624558324,29.76787296564322,42.10970326230697,44.11142679457962,0.12586985793540933
2229,42.8429734881327,42.59517709546846,40.85218053354725,40.22518451044464,28.19836000916781,41.86972409848758,44.101672067486795,0.12586985793540933
2230,42.84583245821728,42.5547404113728,40.7754603005663,40.456126547260205,-0.9164445360685676,42.15292331559186,44.108388809865396,0.12625563516481175
2231,42.87073066831452,42.57932281352444,40.42898402556133,39.655355695829684,2.454637261669589,41.82695429125971,44.133287019962644,0.12625563516481186
2232,42.87679286256448,42.65979777184696,40.97077898036008,40.05368509968564,31.312534591724155,41.85402715510129,44.139349214212594,0.12625563516481175
2233,42.85239649550323,42.47329312658815,40.691559132958325,40.120761769140366,25.97098380183305,41.76310588272558,44.10476410286362,0.1252367607360389
2234,42.86314692043847,42.591059625055465,41.01724610016264,40.05774026998371,28.686762898713383,41.93365668425271,44.12681248694558,0.12636655665071164
2235,42.8417212742679,42.66397132699678,40.10690098630756,39.43550273818305,-4.021856706808265,42.04934775215444,44.1366277862277,0.12949065119598013
2236,42.8320747655925,42.50879250451941,40.88445871035864,40.14653986097037,20.166832855523854,41.99424755272662,44.126981277552304,0.12949065119598005
2237,42.807106948338486,42.67633160339473,40.53665404127977,39.204616530288625,27.34648860386481,41.52889580908341,44.10201346029829,0.12949065119598008
2238,42.813421515687715,42.327785659587576,40.0796012445586,39.222830676342994,-10.51574882222394,41.296983935118845,44.10832802764752,0.12949065119598002
2239,42.81928435869842,42.533672442229,40.654161923738016,39.44888947333245,25.60580056100361,41.762419016840695,44.10267106979491,0.12833867110964872
2240,42.80845028841575,42.421129000925376,40.81098158943225,39.943402577193645,33.879728055149606,41.51828220259283,44.0894035764951,0.128095328807935
2241,42.830148521351,42.51445895056681,40.93602750561797,40.042453991676176,28.68974833133727,41.805547601634714,44.11110180943035,0.12809532880793498
2242,42.83047124496905,42.58317452892357,40.888128525061695,39.895626837715966,30.590721675925963,41.95351914748734,44.1114245330484,0.1280953288079351
2243,42.84302410025068,42.48742620928042,40.934265948747175,40.27455418426895,31.894777609732472,41.58990681970833,44.12397738833003,0.1280953288079351
2244,42.84652337075127,42.440212048893706,40.798650362530246,39.5329064856931,20.940788722491583,41.95666182268705,44.12747665883062,0.12809532880793503
2245,42.833578231794014,42.40406133304829,40.491643045123716,39.5605501067495,16.052955505301107,41.624382925378924,44.11453151987337,0.12809532880793503
2246,42.8210463917406,42.59443851495747,40.992660871773055,40.21655460412965,32.40336067654476,41.86431085409315,44.101999679819954,0.12809532880793503
2247,42.81796218163708,42.671033574255844,40.99416556448488,40.01405803586405,25.368928653810034,42.00665199483267,44.09891546971643,0.12809532880793498
2248,42.85213658775253,42.545719364644455,40.7489052652295,40.34804320383089,22.439728283717127,41.944162241801905,44.133089875831885,0.12809532880793498
2249,42.817881109799295,42.61955199049042,40.83909132397261,39.96796811541821,23.407639821613728,41.684383867501126,44.09883439787865,0.1280953288079351
2250,42.830191271816275,42.5617333698795,40.42775647523747,39.51052885209867,23.99730972478938,41.615082715507214,44.11114455989563,0.12809532880793503
2251,42.82110457665721,42.52811847184785,40.542921251216114,39.691509137023544,27.647925789292913,41.43389208850451,44.102057864736565,0.12809532880793514
2252,42.84577998133765,42.51188097928619,40.77410352090906,40.150680469861356,22.141127129688776,41.845145206204165,44.126733269417,0.12809532880793514
2253,42.855542064276506,42.57715914489553,40.60548082626535,39.597410102264504,29.868777637112373,41.813746193567944,44.13649535235586,0.12809532880793512
2254,42.846228217275005,42.43745464822242,40.29442149743777,39.63870092678971,8.420121823567207,41.650427780994974,44.12718150535436,0.128095328807935
2255,42.82443127177441,42.591605314825486,40.79279911204959,40.79556399934636,12.452021233417032,42.06212029067607,44.10538455985376,0.12809532880793512
2256,42.84944031039386,42.62079404686842,41.07281150304241,40.293097989992795,29.27523849389985,41.786364346450895,44.13039359847321,0.128095328807935
2257,42.83953571893439,42.60858322331805,40.946321954981634,40.06447601311266,29.091444937605072,42.1486062890115,44.120489007013745,0.12809532880793506
2258,42.84270875932368,42.627776081967696,40.53936907351222,39.28933054088684,29.825052644758248,41.70555894287493,44.12366204740303,0.128095328807935
2259,42.82428595350716,42.499431219211104,40.282568814802936,38.96175265671795,29.237454244072815,41.57417867037485,44.10523924158651,0.128095328807935
2260,42.835979313570995,42.61658355298832,40.73228219417808,39.51202595066167,29.99845690470337,41.935605665603696,44.11693260165035,0.12809532880793503
2261,42.833426345658886,42.584450966651445,40.87086366011683,39.6451394064045,29.891143811929425,41.96979092962381,44.11437963373824,0.1280953288079351
2262,42.86502018915444,42.69300288070129,41.141675823554856,40.33040763607901,33.913206280999916,41.93502546031793,44.145973477233795,0.12809532880793498
2263,42.833026295208406,42.42217582197407,40.872079569112415,40.260051522765906,20.402365587112186,41.822160415029046,44.11397958328776,0.12809532880793498
2264,42.82756261399999,42.484364947021405,40.841223561437104,39.99957061599307,31.287353075773048,41.77628663754062,44.11424103343227,0.12866784194322864
2265,42.82102232790503,42.52303388353345,40.4860658295794,39.444544908702184,24.037048443799186,41.505954728509025,44.10207733408541,0.12810550061803835
2266,42.81787014777721,42.49557100484246,40.96782971824402,40.35002213428637,27.891301795502862,41.82436964023231,44.09892515395759,0.12810550061803824
2267,42.82074018072501,42.46872723553033,40.459557342856954,39.8023481387739,16.155975655208575,41.66897267397668,44.10179518690539,0.12810550061803833
2268,42.852249095871855,42.64163381747656,41.021426676854055,40.54132947594984,18.163893483600418,41.86098115357153,44.133304102052236,0.12810550061803816
2269,42.818046187449916,42.5547968343172,41.052079591560975,40.4180925108714,31.98534700344623,41.774908265026035,44.0991011936303,0.1281055006180383
2270,42.85233736947106,42.63107821769103,40.863814879199126,39.85518920170601,30.053885802149672,41.937365407097346,44.13339237565144,0.12810550061803824
2271,42.8239395942657,42.28285799476992,40.740759591381554,39.558389700791764,30.82508824208563,41.4869302009806,44.099042215010236,0.1275102620744534
2272,42.85186577835058,42.631079224576176,40.896255732291685,40.097205780435466,19.402384102854544,41.84486742543386,44.12696839909511,0.12751026207445343
2273,42.82684538208825,42.69182329194229,41.04461960023901,40.3574711884783,31.673534700892866,42.1377227164398,44.101948002832785,0.12751026207445337
2274,42.86750720794181,42.502775027522475,40.07517151251395,39.257885398124415,25.31100682646152,41.42110797353336,44.142609828686346,0.12751026207445343
2275,42.825360214464894,42.489285199640996,40.80892434624093,39.7634385281466,30.765933629940932,41.78688296307931,44.10816581653539,0.12828056020704973
2276,42.854289125008044,42.575709427368544,40.817872085240595,40.116990880320984,30.879673494855485,41.74349709982499,44.12686995058845,0.12725808255804028
2277,42.850949119994716,42.59569046948863,40.87519518806667,39.922401350192196,29.567394339869246,42.068908847537685,44.11427855395572,0.12633294339610027
2278,42.84517472891408,42.526847259036344,40.32365490895396,39.0683229217719,10.755977301053662,41.31624897762053,44.132938014551314,0.1287763285637233
2279,42.848689175594565,42.514523855797876,40.63136537958575,39.967544300066415,23.998901454080823,41.888459770905314,44.1364524612318,0.12877632856372342
2280,42.85130416217367,42.56156696280319,40.57404344690291,40.034027554878676,24.940489833814063,41.76090885649309,44.1390674478109,0.12877632856372326
2281,42.842326982727855,42.52097785268653,40.64133052602037,39.3790251060675,29.29528065704708,41.525118424747795,44.13009026836509,0.12877632856372326
2282,42.848312623455,42.6050870692523,40.91919499942872,39.9831608305191,28.20935341636354,41.81276065080079,44.136075909092234,0.12877632856372326
2283,42.83927619873201,42.5135224022795,40.740029373495275,40.41495350899068,23.751660927966043,41.85694400747574,44.12703948436924,0.12877632856372317
2284,42.858084723387584,42.58757017110999,40.77714998703935,39.783336400125876,32.35271524872009,41.66703435322506,44.14584800902482,0.1287763285637233
2285,42.83589545634125,42.56569357212469,40.798546567543305,40.17482872877408,27.609125441654918,41.758246974711476,44.12365874197848,0.1287763285637233
2286,42.861224494238854,42.5842509613506,41.00899145792663,40.63360855945022,23.879824588180767,41.83743264075571,44.14898777987609,0.12877632856372329
2287,42.8302400569317,42.49999734072239,40.98590609090084,40.34168684607387,28.3136670259666,41.87250336229725,44.13331772867518,0.13030776717434822
2288,42.83831927094798,42.57159956831022,40.89926097934427,39.950012115967475,28.287179739586662,41.85266450292646,44.10847410131594,0.12701548303679633
2289,42.85069593270221,42.471310637173055,40.85921482197352,40.02142119994074,31.293485090519553,41.58294540254548,44.12085076307017,0.12701548303679638
2290,42.83781996594306,42.64580281747802,41.01633646393599,40.02455674215415,29.767681770819316,41.9512676190667,44.10797479631103,0.1270154830367964
2291,42.83481283845658,42.432798972444765,40.68496572774881,39.74363089678007,18.89200813304479,41.76817816565958,44.10496766882454,0.12701548303679638
2292,42.83197275985357,42.57838250311579,41.45265862570148,40.92107216215167,32.22388055388563,42.09335181988416,44.102127590221535,0.12701548303679644
2293,42.844134975459625,42.536945111995465,40.65397851522533,39.4806057725399,29.900902322507584,41.90632932597757,44.11418509297278,0.12700501175131584
2294,42.8459593934366,42.51414056863952,40.790804904913024,40.00073140612824,20.171090218948937,41.67708860233269,44.114242419005684,0.1268283025569086
2295,42.833673335653714,42.58797011504031,41.29278220931585,40.741860064682136,29.43945221198355,42.047081373639514,44.1019563612228,0.12682830255690847
2296,42.84037696153328,42.53611248171607,40.59695824782957,39.73159577720246,20.22571382352543,41.83166877129781,44.108659987102364,0.1268283025569085
2297,42.83951118462923,42.63481902282375,41.09632945549954,40.12464391262893,29.052583220151206,42.13898029259239,44.107794210198314,0.12682830255690863
2298,42.83731210662495,42.6305937293772,40.995778339548814,39.64269505875019,28.467846324402302,41.973580353519985,44.10559513219403,0.12682830255690852
2299,42.82142437525688,42.647111682984566,40.893602342314594,40.148384546522394,21.686149872300156,41.97930872466131,44.089707400825965,0.12682830255690855
2300,42.82430197787584,42.5393862829711,40.9826616056436,40.55297396002692,30.43947350579975,41.75384234845308,44.092585003444924,0.12682830255690847
2301,42.83659833397794,42.756256671689066,40.92360496282012,40.18047800132836,25.113469838415078,41.963493828199105,44.10488135954702,0.12682830255690855
2302,42.84319800293845,42.68969201434142,41.11992322112088,40.38117044956097,27.909780845711143,41.94717368219336,44.111481028507534,0.1268283025569086
2303,42.861854920010344,42.64464479448506,40.98509297260386,40.28197100527859,26.297184037292226,42.03590241849062,44.13013794557943,0.12682830255690852
2304,42.85352928195956,42.55143092916872,40.64706201208439,40.65079384386803,13.634452473804629,42.01479496757153,44.12400006915259,0.12704707871930354
2305,42.83087669513024,42.66214383460916,40.41978139047236,39.443064058211675,23.372701532867097,41.44833837831506,44.117482092735834,0.12866053976055944
2306,42.840812640455965,42.56879923282062,40.839353152736386,40.077788880182766,31.67322889967603,41.7266235234116,44.11435841137807,0.1273545770922103
2307,42.816082887966786,42.61166724861981,41.122804408563766,40.58503414489241,29.401498518829595,41.84752807066138,44.089760484562746,0.1273677596595959
2308,42.831376464580444,42.55281383132104,40.89595878234103,40.09641600944838,30.566801136479235,41.855497980178114,44.1050540611764,0.12736775965959587
2309,42.84715908180155,42.62739691543834,40.87925610188592,40.21935736294393,26.248962564657205,41.78656317048565,44.12083667839751,0.12736775965959593
2310,42.83431248260281,42.58506182014615,40.67848781254294,39.203577127055254,31.07380143021716,41.74852424237445,44.10799007919877,0.12736775965959596
2311,42.81850635675081,42.50049438602005,40.908151102879756,39.909248450321414,32.38295551113353,41.7485954253777,44.092960200463395,0.12744538437125882
2312,42.82444245994041,42.651498470698634,41.174941993972695,40.468814623301206,32.10641771610708,41.915476099128405,44.09889630365299,0.12744538437125882
2313,42.83557486287575,42.452073977196605,40.77241418278311,39.70901543083117,31.04507217799752,41.488151179923754,44.10844381339588,0.12728689505201268
2314,42.844626188859095,42.51921647773153,40.31951565091145,39.27953635107974,27.86346378889128,41.65152344594864,44.11749513937922,0.12728689505201266
2315,42.8512213055612,42.59400858297521,40.85856653082167,40.09838037177912,29.43865666349299,41.85545523016263,44.12331400896469,0.1272092703403498
2316,42.84725061488095,42.48338938536138,40.517701518110975,38.91996063489313,27.63917739778961,41.44179030572465,44.11822129983015,0.12709706849491956
2317,42.83100949197056,42.57442231758651,41.04923350562553,40.59416463794602,30.423294173117927,41.91793332914673,44.10198017691976,0.12709706849491959
2318,42.82882856277047,42.5444178723637,40.77092132078857,40.300622125602516,13.255521897535935,41.80231679589137,44.10239868297901,0.12735701202085387
2319,42.834871893238194,42.5842874038429,40.6691246226096,39.7205997262109,25.99385151152989,41.83280189507731,44.108442013446734,0.1273570120208538
2320,42.84702844063406,42.61833638839126,40.70651266991839,40.230176731493216,-0.6326944933447152,42.11482224199869,44.13570720829302,0.12886787676589562
2321,42.84653574258678,42.54743727525839,40.72807188664733,39.436927720089,33.251617572546955,41.553813428306455,44.09855448450465,0.12520187419178744
2322,42.8687413488609,42.516805402466396,40.77007285242547,40.12880465560681,25.060008279806095,41.7544700934165,44.120760090778774,0.12520187419178744
2323,42.8776950517867,42.69862238003307,40.94555894496467,39.64382374405504,29.38971333192632,41.990241716288416,44.129713793704575,0.12520187419178755
2324,42.880906787522406,42.64148649951055,40.63238454910983,39.8664299056386,20.700441410526174,41.96426364109493,44.13292552944028,0.12520187419178752
2325,42.87782649805477,42.66913639973786,40.72534926803646,39.836836061780595,16.29111335579844,41.97631997528024,44.138601299318346,0.12607748012635728
2326,42.88191582310132,42.613696015314694,41.14994329703879,40.33690801824868,33.69329564083133,41.92189838984767,44.11106784776321,0.12291520246618895
2327,42.88579460474758,42.58786245009303,40.80966296799267,39.77961064106938,29.14841137675364,41.66034881063386,44.13389700689442,0.12481024021468384
2328,42.895968818666546,42.37796205613642,40.66424042582928,40.12376292208867,12.27328857605863,41.56977109580535,44.14945041345925,0.12534815947927055
2329,42.880719255259486,42.58875629588957,41.07089012378481,40.04983648332803,33.3202077760543,41.92629185360361,44.13420085005219,0.12534815947927055
2330,42.874263612977366,42.67839137007742,40.72006827338487,39.71316052106876,26.431996460306355,42.01218667126911,44.12774520777007,0.12534815947927053
2331,42.873669854112286,42.5117583610883,40.69946247199879,39.800245630705,24.056105992126348,42.01468880177062,44.12715144890499,0.12534815947927055
2332,42.87385621743709,42.564186294643726,40.42596735484499,39.06960523032434,28.526155693838557,41.36673170138123,44.12733781222979,0.12534815947927053
2333,42.861307753990104,42.71808855187606,41.208500416354724,40.47141209597555,31.755405509009165,42.138767634630874,44.11556559589944,0.12542578419093348
2334,42.87737242278405,42.679048457146095,40.85936580229672,39.49637856621176,31.410059407565104,41.79102883015052,44.13046656762646,0.12530941448424174
2335,42.896339769016926,42.649022572113445,41.039467021032976,40.50877995236222,13.306957717674667,42.06117451245319,44.14943391385934,0.12530941448424174
2336,42.87185955144251,42.50111835901047,40.65885928406135,40.02253211101322,26.08178867886628,41.437612394565235,44.124953696284926,0.12530941448424177
2337,42.87470992431037,42.56282836458602,40.79189098000441,39.729623343036366,26.124588118303507,41.707737636744405,44.12780406915279,0.12530941448424168
2338,42.870880810568075,42.59369015925534,40.96968684499494,39.54899464630157,28.489009648774243,41.87893366760035,44.11824982405756,0.12473690134894808
2339,42.897587398972775,42.69236523011488,41.07084895051664,40.17000377390679,19.67013215640038,42.03045467985608,44.12493864664521,0.12273512476724378
2340,42.89786541987946,42.705820418666974,40.981459027255774,40.17536639689078,20.286351823713666,42.01178990545672,44.13997505768211,0.12421096378026504
2341,42.87868825193271,42.673521366038905,41.18293014931901,40.53585136354487,31.388222119761377,41.95225902917957,44.12079788973536,0.12421096378026507
2342,42.90389976157703,42.713611188999664,40.95445736871629,40.25903782467444,27.072591525975525,42.00383770701869,44.14600939937968,0.12421096378026511
2343,42.87778197738028,42.55256564210995,41.31426326367987,40.85337638299345,28.12901249101556,42.127690276943284,44.11477165057893,0.1236989673198653
2344,42.899168933222114,42.66172630069017,40.84820868956461,39.85633171277759,31.34771892882049,41.90613850853229,44.136158606420764,0.12369896731986532
2345,42.91337601674562,42.729286651114826,41.01320533406698,40.25434083569046,28.45101115339609,41.938181329996056,44.14899164796926,0.1235615631223641
2346,42.885789679200485,42.65721868307001,40.636122620220476,39.29476348459564,28.83267417543702,41.665877394520365,44.12140531042413,0.12356156312236415
2347,42.89829880388177,42.5973613764969,40.78373516262324,39.84965570018822,29.98246034934178,41.95043884512398,44.13391443510542,0.12356156312236415
2348,42.90208135210508,42.65815501491073,40.924044539573316,39.800269523449295,29.032476373956214,41.76708089494193,44.1274902687648,0.12254089166597208
2349,42.889457926473895,42.7737650412534,40.92756857755572,39.63483511488893,28.537087230381417,42.05205940344938,44.11486684313362,0.12254089166597217
2350,42.93618256046884,42.6579660959162,40.96728410408365,40.09943095659064,17.512084128461574,41.742935785360736,44.16159147712857,0.12254089166597208
2351,42.892321316868234,42.66754075644521,40.88850561075498,40.18283447140538,20.31458828950699,41.86956014136747,44.11773023352796,0.12254089166597214
2352,42.90811555512842,42.681376537486415,40.868727456765235,39.70971204144956,28.334446728161822,41.66898769392992,44.13352447178814,0.12254089166597214
2353,42.89935173800417,42.482180111635735,40.7472346516685,39.57650322156621,32.02909887675322,41.42902823304146,44.124760654663895,0.12254089166597208
2354,42.896174330844254,42.40879166943692,40.27408637596092,39.42007866630295,15.323144897556904,41.49651036415939,44.12158324750398,0.12254089166597211
2355,42.91776940047348,42.7002620951022,40.99587302687083,40.2574060903411,18.219764227695407,41.8481823114966,44.143178317133206,0.12254089166597205
2356,42.88923857962164,42.68394946509812,40.781134176560506,40.06489053573435,19.984346512000016,41.78533704524352,44.114647496281364,0.12254089166597205
2357,42.904948342919106,42.638931490440704,40.6175509328899,40.03142041173364,20.077251023941052,41.94163053297032,44.13035725957883,0.12254089166597207
2358,42.90190261049994,42.54909908944551,40.84801532244073,39.67097920052266,26.070631176599043,41.82318177603558,44.12759785897972,0.12256952484797791
2359,42.89863285922543,42.53707787388416,40.68229594033924,39.46633695441095,29.54139219318697,41.69488377609672,44.12432810770521,0.12256952484797787
2360,42.920764036932276,42.76789246086937,40.798233031312016,39.965168941190846,27.27135693727222,42.09233665125122,44.146172953592,0.12254089166597205
2361,42.89875406648241,42.646998665089626,41.28699432617255,40.558352511884124,30.34856747923275,42.10810679587412,44.124162983142135,0.12254089166597215
2362,42.913094416044956,42.60157244191257,40.626356377755755,39.57765076930338,25.14000491252422,41.710735055651384,44.13631557108073,0.12232211550357719
2363,42.89997124665969,42.66710801810692,40.392975306800984,39.8549553692811,20.040426236437995,41.6968430295166,44.124566443670474,0.12245951970107848
2364,42.90948067084639,42.74299521906094,41.48476355712335,41.2089696660301,35.2662047150005,42.2264268813356,44.13407586785718,0.1224595197010784
2365,42.89912478072673,42.6212167111795,40.58890116554168,39.80192633615067,17.705833328706767,41.93215606464134,44.123719977737515,0.12245951970107845
2366,42.92403558092394,42.71417729411117,41.236097458852974,40.740905170755106,31.99220876348511,41.88408216851934,44.1366458583271,0.12126102774031562
2367,42.924379836801414,42.61898877972476,41.09440849045187,39.70423556783303,32.93007769029478,41.93895497095143,44.12735090527617,0.12029710684747517
2368,42.97745565307007,42.69548366928612,40.96773518520758,40.6581541596702,-3.6913741715780546,42.0621002440476,44.180426721544826,0.12029710684747523
2369,42.91830639733315,42.639763833649376,40.88924275119952,39.87672177812498,31.147185389726868,41.67579416747012,44.1212774658079,0.1202971068474752
2370,42.90838906666897,42.48209582718456,40.55119549203971,39.201576290965626,29.713763829283717,41.362028896423226,44.11136013514372,0.12029710684747524
2371,42.906085042723355,42.63385972260787,41.173305250086905,40.4955271189484,31.961359528495223,41.962552204318385,44.10905611119811,0.12029710684747522
2372,42.93409442109618,42.66279420033909,41.15807766346404,40.640920133753724,33.307909463730475,42.03540804130042,44.13706548957093,0.12029710684747519
2373,42.949741845979034,42.605335747170194,40.81239220977947,40.11070717180079,26.169933017474076,41.856891121989165,44.15271291445379,0.12029710684747519
2374,42.9210153899098,42.50576107457105,40.60370557277775,38.806790127747874,23.563964280790568,41.60074633917891,44.12398645838455,0.12029710684747527
2375,42.90557736816224,42.65521307756873,40.96839680700589,40.001497571933214,28.94162320764486,42.02939981527156,44.108548436636994,0.12029710684747523
2376,42.921920572671574,42.50880572691524,40.70167533570702,40.16914863649381,23.715964040934164,41.55638828115296,44.12489164114633,0.12029710684747527
2377,42.90875460678653,42.5545003701266,40.64137964899753,39.56633682066411,28.39544434894227,41.4098989449289,44.11172567526128,0.12029710684747527
2378,42.915378058640684,42.6480830219157,40.435750697276106,38.857309331649496,27.494822145369692,41.367738197298706,44.11834912711544,0.12029710684747529
2379,42.921284374813915,42.63797428924065,41.11463508447807,40.334728183188105,31.714464068060906,41.890948541178346,44.12393921552265,0.12026548407087347
2380,42.94013749351858,42.652005643603125,41.369672443722386,40.92366606742956,30.34063716786317,42.139280037604145,44.14279233422731,0.12026548407087355
2381,42.92190114088848,42.59956519574359,40.74033530448122,39.67967616906994,23.20822026827823,41.75160124534072,44.12455598159722,0.12026548407087355
2382,42.933891618038864,42.417072425637265,40.35215632355759,39.360399489649566,23.570172989650164,41.47295325479075,44.1365464587476,0.1202654840708736
2383,42.92830841189547,42.62595970628046,40.663840123042704,40.09239046746109,29.575753715306448,41.65952223475718,44.130963252604204,0.12026548407087355
2384,42.930835602191465,42.63522745563984,41.025091675520386,40.56875083035213,7.597140761795636,42.05116180253208,44.133490442900204,0.1202654840708736
2385,42.931971372545156,42.41985260296807,39.954838180462254,39.5082522461363,-4.49574989675979,41.508848921338675,44.12435474873549,0.11923833761903331
2386,42.95653781105129,42.73192182904063,40.790171988080345,40.16283870022728,-8.539091556475391,42.284416966408976,44.148921187241626,0.11923833761903326
2387,42.916468438918095,42.470028615815835,40.42528273734449,39.40867990304541,24.269433371632015,41.784679400483434,44.10885181510843,0.11923833761903328
2388,42.959893063490036,42.584413104976576,40.87471678263755,39.9386746052557,26.89720726828151,41.97028725299465,44.15227643968037,0.1192383376190332
2389,42.93214695574225,42.73501521054354,40.634887994328245,39.65423622403488,10.92331757535441,41.956964906213656,44.12453033193258,0.11923833761903327
2390,42.95650441609264,42.629178310376346,40.90484666586879,40.39922090441565,0.9398551109066489,41.78298582192989,44.14888779228298,0.11923833761903328
2391,42.93190892492949,42.783695979094,40.885817910506084,39.820491028076276,30.709259823399677,41.959474044009085,44.124292301119816,0.11923833761903313
2392,42.90683847802055,42.38914640622093,40.87328671124847,40.1013812250368,29.226414491953186,41.66333244600504,44.09922185421089,0.11923833761903334
2393,42.92800970077308,42.435094814890135,40.88961961368801,40.08563402519865,29.71631430752643,41.59773921906974,44.111587074095446,0.1183577373322367
2394,42.93084191271383,42.71568605495801,40.774415960168135,40.40577859252997,25.106831844073305,41.98235996843313,44.114419286036195,0.1183577373322367
2395,42.9340420176658,42.684299503634186,40.781640469791554,39.87144225154097,24.36848002312209,41.85838368307114,44.11761939098817,0.11835773733223678
2396,42.91988603290053,42.6198576495314,40.67684619390309,39.91113300961111,15.519406157166273,41.820883947734075,44.12406742869199,0.12041813957914575
2397,42.910651090027564,42.70384547888086,41.309420238160314,40.36032179072727,31.24080828514007,42.138637676332195,44.11483248581902,0.12041813957914575
2398,42.95117613186277,42.64165049519942,40.778740803905826,40.119752931528645,29.673382003187236,41.65385721283977,44.15535752765423,0.12041813957914568
2399,42.93543934435641,42.66627203192236,40.959297490098585,39.93255829370389,23.66743676301439,41.74594876994682,44.13962074014787,0.12041813957914568
2400,42.947825479928234,42.57603418936387,40.780892832357665,39.772931544981134,30.239896547704763,41.80874698308449,44.15200687571969,0.1204181395791457
2401,42.911890261485276,42.67940009663369,41.14108935737944,40.27900490286058,29.040621141787614,42.23509303614109,44.12116719629603,0.12092769348107536
2402,42.899718155097304,42.545802063308024,41.046308814990525,40.11410558800562,28.45495746621289,41.69871660693168,44.108995089908056,0.12092769348107546
2403,42.89965019428757,42.59278939367442,40.40604089915955,39.592088518258294,13.295230796875732,41.580374373271695,44.10892712909832,0.12092769348107552
2404,42.93061946328635,42.765594650808815,41.1266219307799,40.45016046150681,25.354409535942036,42.23650667063949,44.1398963980971,0.12092769348107547
2405,42.920915746686774,42.55247379759514,40.647500123461796,39.89561303800847,0.6732262948731105,41.85948683789738,44.130192681497526,0.12092769348107538
2406,42.89011547234219,42.66615580569847,41.25980621914163,40.61420952466863,27.13381326070945,41.93391571823756,44.09939240715294,0.12092769348107538
2407,42.90604222559348,42.66436431828134,40.69361062709641,40.464051175951056,-3.7731286885535056,41.85458451018049,44.11531916040423,0.12092769348107543
2408,42.90533144093712,42.51804323519403,40.51756316381163,39.52023606079712,9.753387390247575,41.731688257995756,44.11460837574787,0.12092769348107546
2409,42.927473865952834,42.58402697696385,40.92857089593658,40.09671831342044,26.218827740254106,41.66965741825052,44.136750800763586,0.12092769348107543
2410,42.90320545207913,42.66582514877062,41.08560222395089,40.37738238778522,29.29101161319442,41.812721349176755,44.11248238688988,0.12092769348107546
2411,42.9027171065181,42.59393731958793,41.09234620455659,39.97126123338354,32.95899020629972,41.93898842537561,44.11199404132885,0.12092769348107552
2412,42.915382220410464,42.58729695445014,40.70502342504279,39.844333526280245,26.527638663417786,42.0430298078422,44.12465915522122,0.12092769348107538
2413,42.92066574573943,42.737987706964645,41.09685662858716,40.31103290754164,24.23621875130705,42.15607342686609,44.13044181222081,0.12097760664813789
2414,42.90837563178024,42.64531567298437,41.00215689846693,40.0514104019006,27.189683519498033,41.87080376584202,44.11815169826162,0.12097760664813788
2415,42.94636610313542,42.58204148890436,40.74519254280809,39.41248584318981,26.569462369972797,41.60347092859497,44.148897810016045,0.12025317068806281
2416,42.89977969509221,42.678673257201766,41.108411015373854,40.00639924028155,33.34376948489559,42.00269240439523,44.11516455711472,0.12153848620225073
2417,42.90895357452833,42.6896108374404,40.92873694327451,40.13172075875381,25.287595279009757,42.015851123769174,44.124338436550836,0.12153848620225068
2418,42.90922290125076,42.66954538023321,41.219037357950775,40.2144806813913,31.156368484964567,41.98833943520161,44.12460776327327,0.12153848620225072
2419,42.89040248279581,42.583859976055415,41.02867634463425,40.58792436425809,27.757224843170462,41.84831019136797,44.10578734481831,0.1215384862022507
2420,42.899718139361894,42.739583939352926,41.066347406088255,40.301726188915026,27.81269298171875,42.03388459341524,44.115103001384405,0.1215384862022507
2421,42.88424961296123,42.48493986792546,40.63326227094533,39.561694143989854,31.80992710510874,41.264822481412224,44.09963447498374,0.1215384862022507
2422,42.92229712017196,42.66531382446717,41.20745050801049,40.621363579951485,31.41211776065496,41.839443207089495,44.17508770900082,0.12527905888288596
2423,42.92849698589365,42.598143109249676,40.87997039583194,39.75174882940111,18.971184209351946,41.80683011729651,44.18128757472251,0.12527905888288593
2424,42.925145225946935,42.63123357105697,40.809761190584005,40.34633447704665,17.66125264504114,41.978179053728965,44.17793581477579,0.1252790588828859
2425,42.92489142262873,42.593922719567864,40.63669018152052,39.552144859214614,25.90327206482351,41.65077820216301,44.17768201145759,0.1252790588828859
2426,42.94669723220055,42.453992913888314,40.87788168334816,39.99567158504471,28.77983685978628,41.854636923288766,44.19948782102941,0.12527905888288587
2427,42.89364671145147,42.58766760011343,40.76815800776698,40.05787431315701,27.919417951016335,41.84092143956664,44.146437300280326,0.12527905888288593
2428,42.91974655484339,42.56424100052037,40.620511683880586,39.72378146586388,21.88661995301976,41.81795138855873,44.168205067052064,0.12484585122086711
2429,42.909813515964814,42.492806030253966,41.02282133434112,39.87421843350502,32.36369128949724,41.89706502443113,44.158272028173485,0.12484585122086708
2430,42.94455960873166,42.66979640153493,41.002707516200324,40.623062773944866,25.153960952872655,42.26740959226633,44.19301812094033,0.12484585122086707
2431,42.91938993889012,42.618210615982804,40.8803259773747,40.14155337220585,2.4038546057823496,41.96301093148965,44.168342506805814,0.12489525679156907
2432,42.90967157944618,42.74264453516565,40.629459308099634,40.16780512181582,-4.454215707822321,42.05259063480317,44.15862414736188,0.12489525679156908
2433,42.90611922884161,42.69925926178483,41.038847580363274,40.15761066640659,28.10241432406738,41.90240359002873,44.155071796757305,0.12489525679156915
2434,42.93489778496161,42.66684261084728,41.13124773413583,40.52730975552394,30.376786957050786,41.86981365068716,44.18385035287731,0.12489525679156915
2435,42.93158465539078,42.73946567757129,41.06559826832473,40.40075573761198,23.46739363298666,41.99085705626075,44.18053722330647,0.12489525679156915
2436,42.94876237935363,42.634376028838474,41.06234626528646,40.39592123274202,24.536716684584537,42.00252652584182,44.13618300919772,0.11874206298440924
2437,42.95829070805067,42.61883594860497,41.198238565553574,40.216804888085136,31.74611572742282,42.07295354686843,44.14571133789476,0.11874206298440923
2438,42.97353404029419,42.67523874510704,40.972252896415476,39.956034266958305,31.773568258253633,41.60193724547342,44.16095467013828,0.11874206298440916
2439,42.94286609968508,42.58591298117335,40.7401996388957,39.54626860683278,28.742564907846884,41.63079219909177,44.13028672952917,0.1187420629844093
2440,42.967481777556955,42.68788046823966,41.26679918363851,40.538349379696456,30.421487200897715,42.00619960443175,44.154902407401046,0.11874206298440929
2441,42.976760369737306,42.6569388993041,40.79756541348415,40.541690793852155,27.529368383718523,41.94213921937123,44.1641809995814,0.11874206298440926
2442,42.9428534644269,42.79494992104653,41.35161922683718,40.55214964955908,32.40333421690116,42.104753242197354,44.17160798272539,0.12287545182984844
2443,42.98323473151894,42.638162551875396,40.80335050889633,39.54844892464556,27.10616219902333,41.74938202558186,44.21198924981743,0.12287545182984841
2444,42.975579111546146,42.6818556422912,41.16517592192983,40.43587494555724,31.017003941931307,41.8976163357126,44.20908077305502,0.1233501661508875
2445,42.947414633312206,42.77474948996597,41.0788214121029,40.48763495634892,20.843015094060323,41.94349948619593,44.18091629482108,0.12335016615088755
2446,42.94836442944952,42.62144941037787,40.7736702574831,39.56934174029438,32.16375923797767,41.74654732984666,44.180759057931326,0.12323946284818055
2447,42.94617466858456,42.7202476176316,40.85464517053541,39.763484345350534,27.814381959301816,41.831503207274785,44.181176392485156,0.12350017239005916
2448,42.95609416721318,42.70914022429445,41.04553053698502,39.82257492871757,31.238660062996487,41.747049055113294,44.22160804242319,0.12655138752100104
2449,42.92827789347681,42.585234857227164,41.01736812101624,39.80008429951038,32.966475115794076,41.87073358165257,44.19379176868682,0.12655138752100115
2450,42.93803959398948,42.67178679127807,40.97859367785298,40.019259676277905,28.445298285649123,41.880606892682,44.17146466518806,0.1233425071198585
2451,42.994247730252255,42.683407693119996,41.12042059440579,40.35584790203353,29.229386780940256,41.95782593562859,44.22767280145084,0.12334250711985846
2452,42.969612676429676,42.76826103886405,41.052767484193524,40.11783698944207,24.975085806398134,41.811029322909235,44.20303774762826,0.12334250711985845
2453,42.989840880735834,42.72648374105246,40.911340230230145,40.04420424250462,20.145388697287327,42.14316656835239,44.20614679621676,0.12163059154809235
2454,42.97722908356409,42.859722599325735,40.85998153950445,40.52672235543007,10.354882403400381,42.21515622925483,44.19353499904501,0.12163059154809236
2455,42.98567830287284,42.698508448761025,41.2019241632311,40.01407687550167,34.69071207418064,41.88765187454611,44.2026298725828,0.12169515697099587
2456,42.9817366825886,42.65034769031092,41.23678975026857,40.3823307148363,31.468393056975202,42.006828834839396,44.1964470374126,0.12147103548239968
2457,42.967356860290586,42.798440064818884,41.289060930259495,40.5552900449104,28.868010893280093,42.25766991583818,44.18430593625315,0.12169490759625655
2458,42.9768994819201,42.71544367130505,41.29233230853327,40.71336591252179,32.83334318682946,42.04652842204345,44.19384855788267,0.12169490759625652
2459,42.985630557425615,42.68021442322034,40.8273729518677,40.324236263904545,19.84867535341626,41.95043787581842,44.20257963338818,0.12169490759625652
2460,42.96013034688745,42.82726424765847,40.88457032302077,39.565112489172364,30.105193572513556,41.9474818069868,44.19638634019163,0.12362559933041772
2461,42.982583899698966,42.58935661222975,40.623895088340625,39.337128106855324,27.532667722626112,41.64135134455833,44.253413878831495,0.12708299791325264
2462,42.938730540423784,42.735449308237314,41.035883092496285,40.04342807100728,26.425924761040697,42.223353355664024,44.20956051955631,0.1270829979132527
2463,42.93238478530879,42.67100774148774,41.13785799063378,40.88414718691516,18.123624821136687,42.05473464740222,44.20321476444132,0.12708299791325267
2464,42.94142254974193,42.636940473705685,40.855792259147435,39.82803121820845,25.58725073273074,42.00266600542201,44.21225252887446,0.12708299791325273
2465,42.91383830666404,42.516605916464506,40.71655892102802,40.01794656129072,29.235606757680532,41.67361916417201,44.18466828579657,0.12708299791325273
2466,42.91102666064969,42.67746604074249,40.923474432547565,40.36023032909177,20.04582158548845,42.10570838882097,44.18185663978222,0.1270829979132527
2467,42.93896811921034,42.57074922037232,40.86176222858896,39.83879368710185,25.72931160665208,41.8344191812659,44.209798098342866,0.12708299791325267
2468,42.9515505156942,42.68470509267676,40.67830139890452,39.24509663863589,29.581864559437694,41.52928416036521,44.22238049482673,0.1270829979132527
2469,42.95759403075616,42.646652736624205,41.35416680767339,40.675611241141546,34.14511288379126,42.16694182793467,44.22842400988869,0.1270829979132527
2470,42.9400927135983,42.721164229239,41.17608491376238,40.30793024569271,29.334374076617607,42.05503622280719,44.21911784534683,0.12790251317485338
2471,42.92740085333402,42.74633840538615,40.65800057527012,40.062562928551095,5.398941253825178,41.71722507163558,44.206425985082554,0.12790251317485343
2472,42.92757026083013,42.64802329587395,41.25801807958756,40.62509760543307,20.40963298144088,42.044018372134516,44.20659539257866,0.12790251317485332
2473,42.9555921348686,42.68125609887613,41.06486310377647,40.48192975809203,26.79193955857424,41.910857381226165,44.234617266617136,0.12790251317485332
2474,42.938035576260745,42.586932105124724,40.484076302356925,39.74282330395427,19.04674609864498,41.81057288188653,44.2187887626597,0.1280753186398953
2475,42.91989891766056,42.568998377169834,41.070733158915324,40.43803813286717,28.85477366780637,41.97818789291249,44.200652104059515,0.12807531863989532
2476,42.935054675746,42.585387407297574,41.08521640989515,40.61812729091954,30.117405497073293,41.88799236821262,44.215807862144956,0.12807531863989519
2477,42.95983256803894,42.606803548426136,40.72781219887153,39.422539405139574,19.710573351705193,41.91976225872421,44.240585754437895,0.1280753186398953
2478,42.93589356308565,42.78677189226599,41.049592469307974,39.9417317481067,21.899102918096453,41.99879319562004,44.20379359434272,0.1267900031257074
2479,42.963539765600316,42.71444781409648,41.25608385038666,40.228722735386604,31.351198691726978,42.052202902004424,44.231439796857394,0.12679000312570748
2480,42.96064856735219,42.540306441048045,40.67274482414917,39.68683984767107,31.907045837312964,41.31781045004152,44.228548598609265,0.12679000312570746
2481,42.942860960134865,42.713120433493025,40.94197436217545,40.32211780126533,25.925875554257573,41.83918579508312,44.213106919132706,0.12702459589978413
2482,42.96442702311276,42.617582636652536,40.57591546329284,40.0670430562025,21.96597825051064,41.86901359023358,44.2346729821106,0.12702459589978407
2483,42.9520252540801,42.74416406838939,40.59907943622473,39.50642030046778,28.238025115627316,41.53094657289516,44.22227121307794,0.12702459589978415
2484,42.9334433499801,42.78065518523132,41.385266666862194,40.60742623395055,33.237744790829375,41.988745669461,44.20368930897794,0.12702459589978407
2485,42.95804275288432,42.718197870029755,41.052509625602674,40.04592478585131,33.408141212159975,41.95298532408735,44.22828871188216,0.127024595899784
2486,42.967365822966485,42.652792185341106,40.96049383330434,40.04257646946298,32.24546019276136,41.81028086917409,44.237611781964326,0.12702459589978404
2487,42.959116867187944,42.38237729426447,40.582772275294914,39.48678041306298,28.357555427497886,41.38204775168266,44.23473314414949,0.12756162769615428
2488,42.94302503569175,42.71138064222663,40.77506597033166,40.55246511984905,-16.89457894115921,42.08181124333821,44.21640259151472,0.12733775558229746
2489,42.97988957564406,42.553691828859776,40.734537326399774,39.20847707680739,20.39176717049234,41.670318571264815,44.253267131467034,0.12733775558229748
2490,43.06663651619558,42.62390001007433,40.793830870175285,39.57936783846009,28.437037504452316,41.759057569240156,44.351928784463155,0.12852922682675746
2491,43.10991728439682,42.93637223788598,40.946590039438874,40.035202690942945,28.543086369287693,42.146280277489396,44.3952095526644,0.1285292268267574
2492,43.13465520156225,42.82264467984894,41.50385200797225,40.56206204656421,35.31123616631709,42.28595084781905,44.413477888835516,0.12788226872732644
2493,43.10661550837877,42.88910869023217,41.20280138935921,40.54931247548211,29.526417406441297,42.24130458693199,44.385438195652036,0.12788226872732644
2494,43.122177273287576,42.8042362547264,41.37580224981185,40.54525015030503,32.06748989669319,42.28582516424434,44.40099996056084,0.12788226872732653
2495,43.12549658964065,42.85662575260023,41.10290995171684,40.4409161187714,31.268285164614255,41.90797647821575,44.40431927691391,0.12788226872732647
2496,43.090689430889384,42.672319829614445,40.978780074671356,40.55047876184337,23.776888618643383,41.88175892828066,44.369512118162646,0.1278822687273264
2497,43.08782302026891,42.78247917203678,40.73108585210348,39.77363873386887,30.132034470573284,41.93183849327612,44.36664570754217,0.12788226872732647
2498,43.10363842370569,42.76864980371298,40.90294505304459,40.078914755543806,28.545373262414774,41.80961897198698,44.38246111097895,0.12788226872732653
2499,43.10307189331627,42.85103749831213,41.272731979264336,40.44813280204721,31.133824030016285,42.226327518410294,44.38189458058953,0.12788226872732641
2500,43.11619982145817,42.71707727706072,40.860947701272266,40.05402319890812,23.973963179508694,41.691661355867225,44.39502250873143,0.1278822687273264
2501,43.125385054806976,42.866144063587846,40.736740894566616,39.692867234134205,19.830353603327552,41.84288063981393,44.40420774208024,0.1278822687273265
2502,43.10388658589623,42.83574842219966,41.39768779747253,40.57563983529802,32.15608306743409,42.12347623024951,44.38270927316949,0.12788226872732647
2503,43.10669183299649,42.9471861751453,41.59183121207199,41.04508904467143,29.538851511967575,42.37764099967096,44.38551452026975,0.12788226872732647
2504,43.09400792208384,42.812896109373995,41.42996091531433,41.01778303753416,25.891371691235175,42.18757725479181,44.3728306093571,0.12788226872732641
2505,43.12560174681395,42.95766300574598,41.23901496469453,40.20201804863052,24.022112805488234,42.362419607174814,44.40442443408721,0.12788226872732644
2506,43.11323066425445,42.75585111700005,40.877322484661114,40.22915958415808,19.817978198438947,41.87987366847033,44.392053351527714,0.12788226872732644
2507,43.115824391745804,42.82715119438682,41.38055851852664,40.825312862117634,32.43508352495428,41.996115845467926,44.394647079019066,0.12788226872732644
2508,43.12232366898155,42.795328953698174,41.11310926947895,40.18662148750652,28.038199746873605,41.98995498592528,44.40114635625481,0.12788226872732658
2509,43.09402048975449,42.68302668784942,40.99394718296775,39.79638233687718,24.009712893884345,42.00163583523282,44.372843177027754,0.12788226872732655
2510,43.10921544043224,42.723186655790734,40.995280000547226,40.40225891047707,25.886381371793867,41.98306697724264,44.38534831417441,0.12761328737421695
2511,43.12178863539166,42.918727978327844,40.75880832433778,40.33672394379161,19.77633993683149,42.145364720142695,44.39792150913383,0.127613287374217
2512,43.14276016159404,42.81765051864611,41.63989313422872,40.90400842097185,35.55914126457546,42.143964546571794,44.41352271737251,0.1270762555778467
2513,43.092627110721786,42.83831261463847,41.05603200474495,40.13322117663412,21.0442122027003,42.14743408985347,44.363389666500254,0.12707625557784671
2514,43.13658046522782,42.91904113956913,41.117782123804915,39.96779893596161,26.75216947670508,42.183070783954754,44.40734302100629,0.1270762555778468
2515,43.12392135737893,42.88206265457516,41.106635150529726,40.49952642078632,20.158171571565124,42.42071929331282,44.3946839131574,0.1270762555778468
2516,43.11477364313575,42.751054038316006,41.02162140281106,40.018980598731154,31.66668469915553,41.87324010780257,44.38553619891422,0.12707625557784674
2517,43.116809302088946,42.939723134462135,41.41288239473976,40.33008079973703,32.26206326671291,42.30604902796633,44.39501917760647,0.12782098755175275
2518,43.11321828575964,42.917934845102444,41.1364902770904,40.316972163027124,30.749850808829166,42.20784794175009,44.39142816127717,0.12782098755175275
2519,43.10103759921514,42.859555980917946,41.12940026424892,40.337449137693,25.286490697805604,42.10809455539413,44.379247474732665,0.12782098755175275
2520,43.10455974692459,42.83216480876257,40.986155663357884,40.20459945301613,10.629334470163592,42.10633764947154,44.38212396821309,0.12775642212884925
2521,43.104795906209056,42.89617373874605,41.417478670870814,40.99652598057297,23.805342247485953,42.35678725000611,44.38236012749755,0.12775642212884927
2522,43.11425509764216,42.913905975218796,41.03267941810664,40.02433453855907,25.170748936068993,42.174612268684186,44.39181931893065,0.1277564221288493
2523,43.10780665000356,42.80440213790542,40.63256177808956,39.97699821264101,7.488552543989549,41.795810074184956,44.385370871292054,0.12775642212884922
2524,43.1236156766847,42.893322140119004,41.083145429685814,40.531731378552706,17.59424001983552,42.11234910707016,44.40117989797319,0.1277564221288493
2525,43.11342638734196,42.884670918593905,40.85720910430734,39.972099297320284,24.309958771418305,41.97454838337697,44.38837400934414,0.12749476220021777
2526,43.1101172208821,42.76420551661103,40.61875895774117,39.74959337349864,26.39567744042235,41.61233936981424,44.38506484288428,0.12749476220021783
2527,43.10388825188484,42.61080464954753,40.95395686122125,39.95709324471594,27.451004865141233,41.68210095928772,44.37883587388702,0.1274947622002178
2528,43.098114690398866,42.750205882539206,40.43482216098311,40.30981967051803,-8.941175515152374,41.85242335018754,44.373062312401046,0.1274947622002178
2529,43.109771666420194,42.89639761622523,40.98100064936926,40.281768027100135,10.746260261063867,42.11349068745834,44.384719288422374,0.1274947622002178
2530,43.125898711465965,42.75194881989393,41.05274537744547,39.484367689041605,32.490353574098094,42.11126265283794,44.400846333468145,0.12749476220021783
2531,43.12244681391481,42.95187578178428,41.270894169782665,40.688929582533135,28.133158856150917,42.256996763144585,44.39739443591699,0.12749476220021783
2532,43.10622315802472,42.67463063406166,40.96823381657101,39.8767844860074,29.331703416715087,41.76586676510948,44.38525397389022,0.1279030815865506
2533,43.10915730816971,42.86710822215791,41.35543197720268,40.87493846453671,24.71056821424075,42.2963384901452,44.38818812403522,0.12790308158655056
2534,43.112906876110415,42.7785710842211,41.00843306554486,39.646702454005094,24.279026616791953,41.94839343588485,44.39703525093504,0.12841283748246232
2535,43.07871146431198,42.6489376620015,40.54483673325484,39.283564186890516,20.431851312026552,41.578782842486525,44.362839839136605,0.12841283748246238
2536,43.08837749538208,42.77757587037756,41.15761797400526,40.81109601117014,19.228578510689744,42.11542287371947,44.37250587020671,0.12841283748246235
2537,43.11040851034642,42.882800768314894,41.09680014995207,40.12935016566932,24.522537695611774,41.94159099799875,44.39453688517104,0.12841283748246235
2538,43.11602321911689,42.75941539128916,40.974500006415035,39.995077920291294,26.474195808608002,41.87388084606849,44.400151593941516,0.12841283748246235
2539,43.12936975498141,42.884647080888136,41.077391680854554,39.90964998498285,31.883922661157182,42.017783240362974,44.41349812980604,0.1284128374824623
2540,43.06376332963737,42.90704689216749,41.1880325458877,40.35743985077985,24.316782432925066,42.08261037311301,44.388220936890875,0.1324457607253508
2541,43.03870088774333,42.68555011381845,40.993082434631646,39.81124993049274,31.479047228534718,41.717170193701534,44.36315849499684,0.1324457607253508
2542,43.05160545231025,42.724342773862,41.13698897407725,39.851130706250636,29.51008656391683,42.0709509558012,44.37857494599527,0.13269694936850185
2543,43.03773724575757,42.78331618923824,40.67770229554824,40.50219416434586,17.073023326116335,41.93357906186104,44.372377818993584,0.1334640573236014
2544,43.04791796218467,42.72459162857085,41.00615081838352,40.48079514702018,24.173216893589913,42.0902376955017,44.382558535420685,0.13346405732360134
2545,43.049473674730244,42.72972734379893,41.17962402639479,40.71963799971573,27.095421149273875,42.15438461513656,44.394302992253984,0.13448293175237425
2546,43.02186035029731,42.784184934843765,41.46054454420471,40.6382327084501,31.958253808786914,42.11413077902168,44.36668966782105,0.13448293175237427
2547,43.033988030114784,42.78875733089559,41.14605065238405,40.53164631421992,23.84007025214143,42.0321605697095,44.378817347638524,0.1344829317523742
2548,43.03430105669599,42.67375602019706,40.89241009577018,40.1603194163092,30.61384487718918,41.7118306413979,44.38179478507388,0.1347493728377891
2549,43.02784155118458,42.69278290826327,40.68862425915547,39.76330109477444,17.55021054890519,41.8739530861624,44.375623682712785,0.13477821315282043
2550,43.01484563630028,42.66916983923341,40.317563179658855,39.72865273643815,-3.8937505448238525,41.84984820151237,44.362627767828485,0.1347782131528204
2551,43.04386529829993,42.80069422521089,41.5039447619124,40.80873835797075,31.864562285895314,42.251524347134776,44.394281012189545,0.13504157138896167
2552,43.03729111742382,42.842095095437436,41.2263142689497,40.108543784945205,30.441732073111552,42.361074978508015,44.38770683131344,0.13504157138896172
2553,43.03792184021693,42.81274973204543,41.30738950460213,40.52028233439785,31.111731877877048,42.11376662961395,44.38833755410655,0.1350415713889616
2554,43.05625020098357,42.75922745234056,40.91138680590237,40.130281542458164,20.321835985162437,41.88010748879135,44.40666591487319,0.13504157138896172
2555,43.00297072760208,42.580600424223654,40.79840767084799,40.02021476270956,23.83384568019422,41.750100988562,44.575496100785216,0.1572525373183134
2556,43.00317858252502,42.723828821080154,40.68013354636432,39.71015212958552,16.336129232706185,41.594923135374486,44.57570395570815,0.15725253731831343
2557,43.00324038667243,42.8960707850862,41.23131572828859,40.40805710117523,23.199009871652976,42.112605677886066,44.575765759855564,0.1572525373183134
2558,42.996858776560735,42.76547878641791,40.69150736984277,39.96274428861737,27.15734260206467,41.75119497874514,44.56938414974387,0.15725253731831343
2559,43.01279138519445,42.711608836689756,40.74981416526104,39.72303210115,24.200772938259476,41.88279602037096,44.58531675837758,0.15725253731831337
2560,43.01529913435662,42.646711437448594,41.33076236465104,40.690902463700034,30.528478370347116,42.078708079690806,44.58782450753975,0.1572525373183133
2561,43.01284830044476,42.81825375956734,41.243528625828,40.51871003057696,32.31738043855324,42.16794038876605,44.58519584568689,0.15723475452421304
2562,43.01227706580686,42.708843134470655,41.08220440544553,40.29179225896765,31.60262832105815,41.963924859922884,44.584631328821345,0.15723542630144843
2563,43.02149336672617,42.7322257001392,40.94610710123433,40.219385887873706,30.881744785700565,42.07688232104057,44.59384762974065,0.1572354263014484
2564,42.996943603308814,42.79681771791755,41.273611932174454,40.55771513821342,30.10775053292854,42.047615306361564,44.569297866323296,0.1572354263014484
2565,42.99350933101347,42.7108343676205,40.47893417920997,39.434235608992644,13.650746640083256,41.56879249550323,44.56586359402795,0.1572354263014484
2566,43.00609433698607,42.50560533973359,40.853000311727406,40.14071938019058,30.70980715072045,41.69402911781346,44.57844860000055,0.15723542630144838
2567,43.04733664392558,42.68843201239338,40.76109752203406,39.88645614147966,27.723569604460753,41.888344923980995,44.619690906940065,0.1572354263014484
2568,43.00222275680094,42.69314949185748,40.777074038863915,40.21201664722572,0.5356121043873969,42.02225349081661,44.60034023138545,0.159811747458451
2569,42.96550402388077,42.51365357924441,40.671637985407585,40.08016165189419,24.516189487692024,41.48608985511551,44.563621498465274,0.15981174745845086
2570,42.971091747464726,42.69039645556095,41.45479329001106,40.84052100283707,27.240752427389058,42.14371650065857,44.56920922204924,0.15981174745845095
2571,42.992048548364764,42.71276085521646,40.709161577486576,40.1452669962358,20.08969787569755,41.8131569706008,44.58222274060203,0.15901741922372664
2572,42.98559834633441,42.756346551786606,40.69541857912997,40.09442026797407,15.637556825749897,41.81641292796543,44.578389137858,0.1592790791523583
2573,42.98616704052133,42.867875339295416,41.37369689371118,40.44540151441359,33.53408477965644,42.41423982316918,44.578957832044914,0.15927907915235803
2574,42.97719975182454,42.62814170416315,40.8805457530329,40.006641154942955,28.40063311807441,41.82440986950874,44.569674315582105,0.15924745637575644
2575,42.998101272462826,42.792271029385,41.29922782356214,40.27170771719678,31.771339297919162,42.103006315915444,44.59057583622039,0.15924745637575646
2576,42.97389043216422,42.602495423032224,40.63432722759117,39.75135666538264,14.967128017154806,41.82861485551115,44.56636499592178,0.15924745637575638
2577,42.97594049022343,42.842556718076885,41.3949306559825,40.98009441055971,27.49619602552467,42.373095944871224,44.569537072435295,0.1593596582211866
2578,42.98482727677386,42.744013319951065,40.94831496695849,40.28778128004156,9.0511195552318,42.08841938181233,44.57842385898573,0.15935965822118667
2579,43.01001053306199,42.653280801576514,41.18223886257478,40.10416226286466,30.627888744971028,42.15493470809535,44.60360711527385,0.1593596582211866
2580,43.00053960224883,42.7434541980976,41.40957261912099,40.74382342111301,34.38252581055399,42.169703257419165,44.594136184460694,0.15935965822118667
2581,42.99479525192991,42.81710145242972,40.873116347902254,40.91829826701226,-8.853075477705026,42.33461708488069,44.588391834141774,0.15935965822118672
2582,42.98581642799952,42.720492121906005,41.078177813834735,40.07192861507769,20.09452122024134,41.893940358799625,44.58543860607213,0.15996221780726114
2583,42.97912571678315,42.582828749653224,40.66102999884537,39.17359198553186,24.802459894853133,41.630585189198634,44.578747894855766,0.15996221780726114
2584,42.975731380053325,42.679083131275156,40.63063165326973,39.6745426637655,27.840798522889536,41.634101073368036,44.57535355812593,0.159962217807261
2585,42.960560467447834,42.708065477339254,40.58175460807063,39.80396894287773,26.795854754799944,41.87639865242018,44.56018264552045,0.1599622178072611
2586,42.96481806036459,42.73473310188695,40.566455566525256,39.75941148381238,18.75264732339798,42.072932045672324,44.566016891139206,0.1601198830774615
2587,42.98353387817713,42.7907905242962,40.806570707789675,39.93128953141975,22.294060929668866,41.9768334088472,44.58473270895174,0.1601198830774616
2588,42.98014534170832,42.73164408635625,41.096831545013515,40.232535529271395,20.1792621513802,42.22375590072218,44.57872757319662,0.1598582231488302
2589,42.97396494216401,42.70242893339714,40.750441000632705,40.10363649606508,17.338406074159376,41.76805008485268,44.57254717365231,0.1598582231488301
2590,42.96745218988089,42.70335054653294,41.187204692722965,40.151296311475775,32.59686459010816,42.0592449507895,44.56603442136919,0.1598582231488301
2591,42.986311206532484,42.7329349110355,41.02578169241735,40.447181713025124,27.287493972518238,41.97678112107775,44.584893438020785,0.15985822314883014
2592,42.98292966944318,42.70811134215765,40.69860769083594,39.85702816432557,17.799411299815596,41.700177611520026,44.58151190093148,0.15985822314883008
2593,42.99239195128332,42.76694681171308,40.97194651802295,39.69870388598943,31.512896776653417,42.17209920065382,44.59097418277162,0.1598582231488302
2594,42.97714359698083,42.74248207201789,40.98455701122368,39.917804951868256,28.76826308930484,41.65381898030931,44.57572582846913,0.1598582231488301
2595,42.986072413611765,42.72512788113425,41.17111304748573,40.30201431723147,32.222023052333526,42.062556470402384,44.584654645100066,0.15985822314883003
2596,42.99239447460172,42.79124539475913,41.14109236331391,40.23733421079988,29.663812320942817,42.0194647702361,44.59097670609002,0.15985822314883016
2597,42.95498599227715,42.68509989563403,41.18929040900896,40.61533234319063,31.880578503436347,41.830228915973365,44.55356822376545,0.15985822314883014
2598,42.980512178783535,42.80574994727258,41.07569762319932,40.6941852984868,31.81426428350721,42.03958588037503,44.579094410271836,0.15985822314883016
2599,42.95875822559169,42.617115181279075,40.79407677992748,39.83200681174415,24.512177643942767,41.7484081732633,44.55734045707999,0.1598582231488301
2600,42.96782859968846,42.625752914182705,40.71478543896092,39.68973995846803,23.9777505401322,42.0059677140493,44.56641083117676,0.15985822314883008
2601,42.99629843342062,42.73976431299392,41.00281605321637,40.20130352538978,24.381930646841376,41.9231635046161,44.5691174533389,0.15728190199182746
2602,43.00585855233169,42.670120734804684,41.08801503899365,40.387380329988545,23.57480976364365,41.98080514640171,44.578677572249966,0.15728190199182746
2603,42.98939462576615,42.71584432170425,41.22880397931859,40.20961351183428,32.341117885989846,42.00265496394596,44.569390572920426,0.1579995947154272
2604,42.98776396569395,42.716322122831905,41.14511189567852,40.477566991505995,23.78894139134612,41.77774807207422,44.57872314691587,0.1590959181221916
2605,42.98489347261487,42.73472873798062,40.90572329193601,40.14611740416896,30.518261296782796,41.86741074565329,44.581557051518,0.1596663578903127
2606,43.003733402268466,42.73063079091442,41.158075845033025,40.06798412839564,31.727151573602377,42.07988725307773,44.60039698117159,0.15966635789031253
2607,42.97745063511305,42.853415053029615,41.18905149915836,40.67407786010777,28.011764767643307,42.02048304838297,44.57243784006349,0.159498720495044
2608,42.993068390102884,42.78077550121715,41.28883496606354,40.30783554829267,32.670532307950324,42.04180351896036,44.588055595053326,0.15949872049504396
2609,42.99320840979161,42.61917126462874,41.22142787374688,40.53572977605902,32.70910567024664,41.97740079862356,44.588195614742055,0.15949872049504404
2610,42.99303036593193,42.68934469989082,40.75444107735227,39.74221611854207,8.879664883119041,41.85390952923044,44.58801757088237,0.15949872049504388
2611,42.99299637669055,42.72076469073473,40.942149267926055,39.995870204135485,32.3105050554708,41.86020039857462,44.58798358164099,0.15949872049504404
2612,43.014632709302795,42.65518619109758,40.895514249426405,39.85039549822406,29.442599712236984,42.07376146243815,44.60961991425324,0.15949872049504407
2613,42.97770287212978,42.75746779505518,40.934119975839835,40.23327023574477,27.418227600159934,41.78272069920121,44.572690077080225,0.1594987204950439
2614,43.002350267314746,42.67452276064696,41.04894988362513,40.56828247290088,30.084348049881914,41.818836304649196,44.59733747226519,0.15949872049504388
2615,42.98589207583859,42.628281168642744,40.485065773168486,39.369703967401236,9.004863230413477,41.707778015341276,44.568964568344434,0.1583072492505839
2616,42.982371053404705,42.651402216109204,41.2036931361309,40.25367494656369,30.388330024507976,41.799326073334726,44.56899167980288,0.15866206263981744
2617,42.98108613859104,42.78761030469472,40.94398458902379,40.43794546405478,15.732888942385955,42.00859044826048,44.59879250979453,0.1617706371203489
2618,42.95963633304532,42.644356059107224,40.812168681500275,39.56473156247216,21.677826838351653,41.65344169582049,44.57734270424881,0.16177063712034878
2619,42.97475589635509,42.51810738899593,40.731100730761156,40.41364292761743,10.283259411475242,41.63997667347543,44.59271930713686,0.16179634107817656
2620,42.950090631127196,42.69533088791542,40.869577438765546,39.960643769162125,14.56007151915269,41.923717296235665,44.56805404190896,0.16179634107817648
2621,42.962385810682015,42.77585089341339,41.0716962453847,40.5160665665294,28.841026992705476,42.06402429634502,44.580349221463784,0.16179634107817664
2622,42.96432511177565,42.699722399809076,41.051713570310504,39.91251486212719,24.42837568551242,42.07124993699186,44.58955791293797,0.16252328011623157
2623,42.968564868181026,42.73964557306591,40.59875708302982,39.830282298923315,24.516727521245194,41.97992042529737,44.598742072401286,0.1630177204220259
2624,42.96873551539543,42.60953442662783,40.99845645104615,40.579436792450956,23.270080928797473,41.899154034189706,44.59891271961569,0.1630177204220258
2625,42.97870082879885,42.516294794325105,40.74685296343672,39.743597362748886,29.685927259007684,41.4483034114581,44.702293759839414,0.17235929310405673
2626,43.07844386616975,42.84737082832224,40.62930503976513,39.63457601471782,24.05674373465544,41.7374912123913,44.770785555837726,0.169234168966798
2627,43.09381967207888,42.82073610139687,41.165337293365965,39.92443761217196,33.851011835553564,41.967347990933995,44.78616136174686,0.16923416896679805
2628,43.084777350551235,42.9693778093569,40.9605012678991,40.581678656260856,0.6486600900578097,42.242570354451175,44.77711904021922,0.1692341689667981
2629,43.103220038657724,42.81680951264196,41.036786418461325,39.84443414824881,33.26680808890055,41.828474374002,44.79556172832571,0.16923416896679816
2630,43.11619887521797,42.793295992755425,41.05919812648663,40.12973071379675,28.469489551265347,42.12190040698255,44.80854056488595,0.1692341689667982
2631,43.131528197215786,42.87253655262699,40.96271628529795,39.850103398752054,25.17592748306909,42.020353335249766,44.82386988688377,0.16923416896679816
2632,43.09089004768034,42.9410405467026,41.37229080073471,40.84720743705407,21.676096468187623,42.31481027866678,44.783231737348316,0.16923416896679794
2633,43.097142271130906,42.86642197023086,40.75424064118292,40.046863858625194,9.973394071471049,41.814353387117634,44.78948396079889,0.16923416896679808
2634,43.10998210257072,42.908646012003985,41.28427234752624,40.54312989598598,31.719288112777285,42.30572081168029,44.8023237922387,0.1692341689667981
2635,43.1317280573886,42.69822685553838,41.06235987383749,40.30401756000123,30.849993648913795,41.700639890899325,44.824069747056576,0.16923416896679805
2636,43.102759556454885,42.83935301942454,40.97083699693483,40.19114833693319,20.292543364306052,42.07990068054725,44.79946640444527,0.1696706847990383
2637,43.08740904269842,42.838750971756774,40.68465779103567,39.55531561444636,24.416965337675162,41.79029594098767,44.783407108385234,0.1695998065686816
2638,43.090459626723415,42.919167475550175,41.3288551134069,40.03960492177329,34.13974812495077,42.32586934383107,44.78645769241023,0.16959980656868154
2639,43.127894897572105,42.80582410537793,41.03101799462512,40.30335964140872,25.489415015361974,42.163199845652315,44.82389296325892,0.1695998065686816
2640,43.11031009674823,42.799553963656926,41.14035142592422,40.34264473133906,24.369820546655376,42.05390552594307,44.808405802396194,0.1698095705647963
2641,43.11024562012316,42.89000490424299,41.30862213369406,40.692663715653104,32.169397802613,42.25392583199765,44.808341325771124,0.16980957056479637
2642,43.087931132132546,42.7722704774731,41.206390052167436,40.92070166649512,28.898442571080093,42.274807969236,44.78602683778051,0.1698095705647962
2643,43.12502782600712,42.91061089336347,41.30662954473798,40.520615721029905,31.31746244925006,42.32861649053464,44.82089402867139,0.16958662026642704
2644,43.09953775705997,42.915648641680356,41.24305320796036,40.427007050454826,26.85478551030198,42.0640687884463,44.78101562578226,0.16814778687222923
2645,43.103199474612055,42.83491066981525,41.33766501333542,40.98585530850017,27.149767226212298,42.349752727268026,44.784677343334344,0.16814778687222934
2646,43.080574936371626,42.77553783203757,41.383766124821356,40.540832994476425,33.95130007299056,41.98025857691605,44.7936755816956,0.1713100645323977
2647,43.071804216631314,42.652298736906054,40.664826628297654,39.98654955630069,7.839365117436948,42.16491412075335,44.78490486195529,0.17131006453239783
2648,43.0674985972903,42.71342836191085,40.964303168407255,40.00853604823561,30.918150266410855,42.26974689102761,44.79378180999984,0.17262832127095412
2649,43.048760452239954,42.80936577077332,40.59208301687972,39.66000904493231,19.987437566944667,41.987067184381914,44.77504366494949,0.172628321270954
2650,43.04575089191221,42.836761408041355,41.265008151706084,40.581015096861,29.050473477129106,42.22050776250969,44.77203410462175,0.1726283212709542
2651,43.07717933182449,42.845464743009785,41.03858195154426,40.601783687502106,-0.9128323770174305,42.14774739897729,44.80346254453403,0.17262832127095423
2652,43.044913905651335,42.70935892065834,41.19555458759155,40.514364137986675,31.948597553080187,42.14722067654476,44.771721925821126,0.1726808020169792
2653,43.056608696397625,42.69471899780969,40.47684507040304,39.89252209327779,23.80956384613034,42.02229149742984,44.80002959302911,0.17434208966314813
2654,43.03812851643093,42.673128856172994,40.90353518552186,40.29870191733518,24.356475683586062,42.0908528182906,44.781549413062415,0.1743420896631483
2655,43.05638774571056,42.75238328009926,40.76578327006314,39.30169400467678,29.818291619707185,41.80464603430045,44.79980864234204,0.17434208966314815
2656,43.03168910994974,42.726140369644426,41.04190547957331,40.859715662525154,27.535601281684166,42.0972504271932,44.77511000658122,0.17434208966314832
2657,43.04388994048677,42.77112616615763,40.92106488735232,40.25401698607797,18.222306688540584,42.014261103522344,44.787310837118255,0.17434208966314818
2658,43.056843605391165,42.695851326412786,40.870902247179444,39.707216849300856,31.933487007129628,41.72484871047759,44.80926405291513,0.17524204475239707
2659,43.02855606744067,42.635936465121354,40.92476300154729,40.4841432518054,29.174327063521773,41.92076130872599,44.780976514964635,0.17524204475239702
2660,43.020065284620706,42.628819615727075,40.818788379107964,39.995157441678096,29.226509456887555,41.87566491669749,44.77196092468443,0.17518956400637217
2661,43.04210835976866,42.82566204482744,41.1996394675078,40.12411946679882,30.07724014284647,41.941506727105036,44.794003999832384,0.17518956400637206
2662,43.05194897312967,42.829985160615216,41.30710033439093,40.497299368918874,31.341859530571362,42.25483301485029,44.793695367836314,0.1741746394706643
2663,43.042380446008806,42.679004510874556,40.83167511941626,39.883845891956234,27.6427437680624,41.87609243846664,44.78412684071545,0.17417463947066425
2664,43.05799377045291,42.62146750280654,40.90256354001983,39.588808576529146,30.816644426402704,41.498295109891316,44.79974016515955,0.17417463947066417
2665,43.05222660071266,42.741771350596416,40.554060644457415,40.2661083151724,9.04601004341201,41.834316997595636,44.7939729954193,0.1741746394706644
2666,43.03983952068173,42.82543836828897,40.88082834627252,39.59269707865847,30.358904271635858,41.981192243805936,44.76617566632951,0.17263361456477788
2667,43.049684778277836,42.78054320034843,41.16994376802756,40.269677445818395,32.55108468987274,41.97394851158957,44.76283835654005,0.1713153578262214
2668,43.0588913457944,42.84015124601696,40.972260405438035,40.259889540632074,19.709840450373513,42.0969221364021,44.772044924056615,0.17131535782622132
2669,43.06526319553451,42.73139041973453,40.61067257608234,39.24074219907445,30.583534282465727,41.573417637750104,44.77841677379673,0.1713153578262214
2670,43.09015193769824,42.814689981582454,41.09580776419534,40.64120344655721,7.774763329651165,42.497693152184326,44.80330551596045,0.17131535782622132
2671,43.0740425392717,42.88273365149457,40.747505261307545,40.255235939595586,-4.643055295710646,42.12931928774607,44.78719611753392,0.1713153578262214
2672,43.06838674021689,42.858696425744824,40.88686168459134,39.65736450957803,24.228105469297237,42.04777022923313,44.7815403184791,0.1713153578262215
2673,43.06197265228515,42.675859140408456,41.03929523672485,40.18684491400524,31.793910205185718,42.03977596673565,44.775126230547365,0.17131535782622145
2674,43.065695498980226,42.75548077979669,41.11101977382078,39.99837695577388,21.086678763978533,41.86482735256641,44.747226300640754,0.16815308016605307
2675,43.09297198414923,42.828400560183226,41.05317890140362,39.758474202808735,33.03051979334372,41.941240597207084,44.77183837495561,0.16788663908063797
2676,43.0934393563584,42.73806955854839,40.845866080737004,40.168594669826945,28.37114080440021,41.88540993680488,44.772305747164786,0.16788663908063803
2677,43.09420028278165,42.88741102907694,40.94886071108949,39.81315503255655,12.460867594371862,42.24520341533676,44.7657143052296,0.16715140224479486
2678,43.09903004520054,42.898639954164445,41.442211983564945,40.95756259291416,29.22436928707488,42.460937268410994,44.76830534650992,0.1669275301309378
2679,43.12767038897018,42.7712438978882,40.68257933831384,40.539544996766764,-9.443109870098347,41.882586600813575,44.79694569027956,0.1669275301309378
2680,43.10869678797394,42.825274229487015,41.09229818922963,40.1031805065717,28.439034395597133,41.97906471853565,44.777972089283324,0.166927530130938
2681,43.116703863461886,42.71993820270077,40.68881296445571,39.66179503154479,30.894709381687125,41.77135099600429,44.78189597090794,0.16651921074460518
2682,43.12562093472908,42.904244085265844,40.82651863436483,39.82940455304504,17.4412509016894,41.88124863983329,44.79081304217513,0.16651921074460538
2683,43.115827066906476,42.93427615181805,41.16623200925872,40.27465564916944,31.40923164098804,42.02877873813929,44.790658383280935,0.1674831316374457
2684,43.109830572603514,42.7807651894817,40.773485719970544,39.316428527982396,30.421020471549166,41.320968975485016,44.78466188897797,0.16748313163744574
2685,43.156236040988766,42.93808555674816,40.93551008405769,39.27233850732156,24.37633878163501,42.344034411281484,44.831067357363224,0.1674831316374457
2686,43.11611236348642,42.871668623819716,41.09624481711602,39.82618017150576,30.7950041364425,42.0428823069359,44.791259907626895,0.1675147544140474
2687,43.11543432833608,42.774235815985094,40.962417950292064,39.817415963594044,32.0282195372843,41.913088898635266,44.79058187247655,0.1675147544140474
2688,43.10973978212114,42.72605678001827,41.02411869521219,40.02973632548666,32.933668586633864,41.83276613396876,44.77474205956861,0.16650022774474674
2689,43.11011834444074,42.93258431520881,40.83145724987281,39.77988491308476,9.768626888475474,42.373114932375074,44.77512062188821,0.16650022774474696
2690,43.14645545722572,42.90411806181972,40.89063274172393,40.208784901831635,8.211145042017627,42.13605459884523,44.770326039092176,0.16238705818664562
2691,43.14459671030995,42.86325673173262,40.62903264989404,39.599686373181044,-1.537215387225288,41.853204514128535,44.80145641797299,0.16568597076630473
2692,43.08998775047919,42.746843184264876,41.284288046784994,40.73501897421005,32.83342272554259,42.031006617112276,44.745270805440235,0.16552830549610428
2693,43.11491380571657,42.935206210579324,41.281736999282565,40.31091015193824,27.535464497915626,42.27939690018518,44.770196860677615,0.16552830549610434
2694,43.11491525633713,42.80090110657725,41.272806978587404,40.529176262205375,19.897706725713746,42.33735545688957,44.736877291044024,0.16219620347068966
2695,43.12966754304169,42.77705574126327,40.66134530626676,40.34569317925272,8.459260793413016,41.87329222661903,44.75162957774859,0.16219620347068964
2696,43.136262485888956,42.89165580933649,41.30834056727783,40.52185303135916,32.350622299913226,42.22727191696491,44.75822452059585,0.16219620347068953
2697,43.13600944485096,42.87930679161116,41.13479051267124,40.32060924677516,26.091628110083597,41.9676306722303,44.75797147955786,0.16219620347068964
2698,43.1365986801147,42.73076778095295,41.32560150057765,40.459532497886485,33.995161850642404,41.94843591455927,44.7585607148216,0.16219620347068953
2699,43.13944599857896,42.806601229993234,41.13417743136182,40.58043079871306,25.791650590102957,41.97835590908266,44.76140803328585,0.16219620347068972
2700,43.1392013170671,42.8021437851473,41.10339467024402,40.473957214922464,23.843156936072585,42.05914325393332,44.761163351773995,0.16219620347068978
2701,43.15550255853237,42.88880388245058,41.41636062787038,40.36598062155575,32.8589418899463,42.187464022344415,44.777464593239266,0.16219620347068958
2702,43.13347787885372,42.96150687349767,41.40273208080388,40.546847744870334,31.625809730304173,42.15864573585479,44.755439913560615,0.1621962034706897
2703,43.13047978170083,42.828044372513354,41.0374185178193,40.093659830231296,32.27836555282691,41.71121434948968,44.752441816407725,0.16219620347068964
2704,43.14901605295041,42.72558402754303,40.456432956232135,39.65664251226078,9.323590589170891,41.794491963068744,44.770978087657305,0.16219620347068975
2705,43.1677342435212,42.7952358580209,41.26844395681134,40.31932410253199,33.76455721831351,42.28410007104728,44.7896962782281,0.16219620347068966
2706,43.12192573265311,42.841883874277165,41.1169644714398,40.385637966287376,29.91817080113139,42.02714957553792,44.745446527299244,0.16235207946461308
2707,43.15068664345504,42.69261331517182,41.29447239145381,40.364754840057614,33.770818887759035,41.93387954231852,44.77420743810117,0.16235207946461305
2708,43.137455497447704,42.79167047248894,41.169031098926766,40.09392296845019,26.6630537415362,42.001966952586805,44.76097629209384,0.16235207946461297
2709,43.14315670288999,42.86824244780231,41.09659674556956,40.52917645725732,28.05313962434834,42.1030135095687,44.752238154678,0.160908145178801
2710,43.124999515753004,42.743769279370426,41.00590605091627,39.95470894742767,27.493947687658967,41.99524168723454,44.73408096754101,0.16090814517880075
2711,43.1526783828046,42.840752162096756,41.14726967289102,39.992244176641485,25.144023856698727,42.21151169017078,44.76175983459261,0.16090814517880095
2712,43.115576008629866,42.91237636981878,40.6784608159982,40.06092847585311,-0.6041588412541685,41.873730677433834,44.72465746041787,0.16090814517880084
2713,43.115466067437,42.774821363984564,41.08284931037754,40.78443302059315,27.67035779318126,42.17357014079914,44.724547519225005,0.16090814517880092
2714,43.14986892556863,42.9967605577332,41.11260671691812,39.770123936047405,27.327723806089118,42.220851758796144,44.75895037735664,0.16090814517880087
2715,43.13134741099758,42.76472850992775,40.75902694000993,39.84666297567247,29.42622207522769,41.80524748638125,44.740428862785585,0.16090814517880087
2716,43.121805216889584,42.85473789629842,41.11131018863237,40.66058971449729,28.584485531625404,42.19738441437441,44.73088666867759,0.16090814517880095
2717,43.17456606413929,42.796902501727516,40.93869381912732,40.21892865107675,25.077510417098008,42.00233564081668,44.783779341601154,0.1609213277461865
2718,43.13095302039912,42.882934322704074,41.005421477203704,39.97235966585145,25.41264256083872,41.942747436953034,44.74016629786098,0.1609213277461864
2719,43.14645597554479,42.92175107503794,40.73498169215682,40.13512963048188,26.851848401132774,42.213790011957144,44.75566925300666,0.16092132774618662
2720,43.17167400391933,42.78754424615602,40.996348180930624,39.815325217664764,27.297774949596125,42.0095402305499,44.78088728138119,0.16092132774618653
2721,43.15718260296694,42.81781414740807,40.7516702786352,39.36623749774018,27.763002665736753,41.86575914016559,44.76213008524079,0.16049474822738488
2722,43.15722939880696,42.757101442333386,40.872507236097974,40.14010803654141,29.547156615221102,42.17923398778069,44.76217688108081,0.16049474822738494
2723,43.14462925189899,42.83517878208338,41.30337801310575,40.7964110996836,20.504769122405584,41.795957652411055,44.74957673417284,0.16049474822738488
2724,43.18476536136358,42.92135445861777,41.43213104111756,40.8243547140183,27.13676243394842,42.35765332483042,44.78046059709646,0.15956952357328746
2725,43.132316054681596,42.9331252742621,41.31477008942377,40.409402116912624,31.413681788204492,42.058685908056674,44.72801129041447,0.1595695235732874
2726,43.159920124242376,42.781841287795686,40.85647314612369,40.25684487918689,25.44354612375877,41.91544338009228,44.75561535997525,0.15956952357328746
2727,43.15674020381341,42.81575183773738,40.77994939674077,39.689389570399015,29.85901191767261,41.85865022677211,44.75243543954629,0.1595695235732873
2728,43.15028748065787,42.92809956677547,41.17012659643536,40.3149787016562,33.58924417551742,41.87335924423813,44.742962764670345,0.1592675284012474
2729,43.15408645263387,42.88103119852679,40.73346267354739,40.041283271968084,8.251623316126448,41.85175757422752,44.74676173664634,0.15926752840124722
2730,43.14103207238739,42.94662322011029,41.01140787680775,40.79207102468563,-4.340973138050238,42.3598535092538,44.73370735639986,0.1592675284012473
2731,43.1816949670971,42.96053287592952,40.912450779620485,39.564558894879404,24.218249740594366,42.12130316639613,44.77437025110957,0.15926752840124733
2732,43.14401512036972,42.987114443549835,41.02476719251722,40.362146163939705,25.915933372334592,42.48454533395649,44.736690404382195,0.15926752840124733
2733,43.125582048991596,42.8176163433042,40.986831151835915,40.008990696529025,21.05123941389848,42.30703336578797,44.71825733300407,0.15926752840124722
2734,43.14709704255433,42.946648663549965,41.350487215626515,40.335033535596395,24.664476220311958,42.480999264355376,44.7397723265668,0.15926752840124725
2735,43.14779886720318,42.897488475025945,41.02882177338336,40.29846695704884,29.524361569643492,41.90423019349457,44.74271287235422,0.15949140051510396
2736,43.1293855681088,42.81215436115777,41.008252790155794,40.493573323197694,24.440664755095387,42.08637302998541,44.72429957325984,0.159491400515104
2737,43.136219057199504,42.986840108802426,41.28102998382356,40.82244610136296,21.712894329889764,42.20555958765395,44.731133062350544,0.15949140051510413
2738,43.173320709275885,42.822120333089146,41.23062629677808,40.49104726230028,29.491334306098096,41.892892176784756,44.768234714426924,0.1594914005151041
2739,43.14811903331029,42.791649340248604,40.81282480193389,39.77929654738536,20.124280710188472,41.659468831561114,44.74303303846133,0.15949140051510413
2740,43.13903066341868,42.859796501063144,40.6400320888461,40.110364545016594,16.25037300693606,41.98653668217537,44.73821046375774,0.15991798003390567
2741,43.148036756327876,42.851980634122,40.92780201924737,40.411548791471965,25.41875903148073,42.02715086470418,44.747216556666935,0.15991798003390564
2742,43.14510096261278,42.80236321926388,41.065007995791824,40.332943921078964,19.23076480272591,42.14138679705256,44.74428076295184,0.15991798003390553
2743,43.14196636093227,42.91679799456016,41.50592530959957,40.925483916328695,32.284689323704484,42.25098683236858,44.741146161271324,0.1599179800339055
2744,43.1479486916812,42.964693424560096,40.992353294900845,39.76977870491528,27.405890984760333,41.879380926882845,44.74712849202026,0.15991798003390564
2745,43.1790678229134,42.88596121262371,40.756342125680874,39.5631428230313,21.353267912312752,41.654612593679225,44.77824762325246,0.15991798003390567
2746,43.16974295029287,42.841059722597734,41.159525316309306,41.00638730261373,19.760957181686376,42.286131884807595,44.76892275063193,0.1599179800339058
2747,43.153969697592665,43.018628334989806,41.23862886906567,40.77248849000052,27.998434169230226,42.180042920285956,44.75314949793172,0.15991798003390564
2748,43.174484708988714,42.91038083982711,41.29272498159481,40.41010525808938,31.997720300278264,42.37548674754008,44.781529183216584,0.16070444742278694
2749,43.139370334349586,42.67625407587598,40.952756670115555,40.062984133623985,29.765156061233697,41.97316528868414,44.744227046953505,0.16048567126039195
2750,43.13959258368188,42.89534936276961,40.794609860220596,39.80113532274822,27.44933107505964,42.08449665079111,44.7444492962858,0.16048567126039187
2751,43.14378947240602,42.909811408368775,40.94235257322017,39.891261983039556,26.013266992205367,41.99913404636959,44.737843936975146,0.15940544645691293
2752,43.156829008009346,42.98074864464799,41.185269368777895,40.24095822493699,24.328025132052453,42.22838451720479,44.75088347257847,0.15940544645691276
2753,43.18131499997962,42.928970315885046,41.15895371883604,40.11909289579837,27.147626034012266,41.99309635872753,44.775369464548746,0.15940544645691287
2754,43.17240589722305,42.83617092585173,41.160334317881116,40.12676710820518,24.220790858967025,42.34452714264255,44.76646036179218,0.15940544645691274
2755,43.16851640978622,42.882025895044556,41.307074593731045,40.39852188872038,31.033346739697897,42.297270487898984,44.76257087435535,0.15940544645691293
2756,43.162809950618026,42.94713673923837,41.53683376176853,41.19194246176776,29.45173759678279,42.34357270636025,44.75686441518715,0.1594054464569129
2757,43.162654348526594,42.786832196441594,40.39592158442977,40.29453601375387,-6.72148249697706,41.78687878862809,44.75670881309572,0.15940544645691285
2758,43.15931579690909,42.87442447406567,41.309138177232356,40.64972399119361,21.918071180609008,42.31647762738638,44.75337026147822,0.15940544645691276
2759,43.15658313219159,42.82647739631437,41.0129696956239,40.01679644563828,26.71841229631025,41.910218671300186,44.75063759676072,0.15940544645691282
2760,43.156684283282935,42.99671003230399,41.57532205340496,41.25964730087748,31.1612567205284,42.5216357651424,44.75073874785206,0.15940544645691282
2761,43.168901005885125,42.68874072940078,40.866437103125826,40.156635284059384,24.345799761628236,41.82100682546911,44.76295547045425,0.1594054464569128
2762,43.15880129351836,42.86353261035452,41.03970197107391,39.95709571428607,28.407051209517157,42.07970126089236,44.752855758087485,0.1594054464569128
2763,43.13163859098432,42.81747541123143,41.09570546018086,40.16688380208463,28.771226919031363,42.23931781983333,44.72569305555345,0.15940544645691276
2764,43.140596651115544,42.833157293438695,41.245529585749395,40.40548904672445,33.293004777872774,41.97250956691249,44.73465111568467,0.1594054464569129
2765,43.13841675565728,42.85153391947772,41.14036316337741,40.83961559239732,21.075094651647063,42.1519184732727,44.7597901279684,0.16213733723111165
2766,43.1198540000444,42.73189944477418,40.62122990249981,40.2081126758391,10.038761915584914,41.87249328667658,44.74122737235552,0.1621373372311117
2767,43.12838032996095,42.866983255686534,40.90136567829303,39.401418089055944,27.220582610103293,42.036743821165736,44.7475149811335,0.1619134651172548
2768,43.13728788120928,42.874852370427654,41.44580496564372,40.55498864557112,33.432768024625126,42.14003573182198,44.75642253238183,0.1619134651172549
2769,43.15318650247581,42.92306105253704,41.4138712189215,40.73288459437491,30.116922381665074,42.34708240599129,44.77232115364836,0.16191346511725488
2770,43.138174399351,42.94590126005352,41.46572863232882,41.10587531011217,23.550499575997247,42.415372429193766,44.75730905052355,0.1619134651172549
2771,43.13152945786547,42.82497159207284,41.266340342345416,40.41347579969167,24.639302676749075,42.070401825972986,44.75021742544587,0.16186879675803983
2772,43.12269656602038,42.8046681976584,41.40794194617736,40.62107712529136,29.949036842337616,42.296127276484725,44.74138453360078,0.1618687967580397
2773,43.12884992965093,42.80732883455781,41.245138557995006,40.47348944380358,27.09879505074742,42.17322218432456,44.74753789723133,0.16186879675803972
2774,43.1157408304364,42.852095336858696,41.10302662541674,40.0489894738149,24.94679898279507,42.03313672626836,44.7344287980168,0.1618687967580399
2775,43.110112407812615,42.859617788661794,41.19465688497892,40.097832369726916,28.761676299324257,42.11290123970444,44.728800375393014,0.16186879675803967
2776,43.163093204861404,42.85038070397056,41.41192430151127,40.60258683427118,29.910850017520104,42.05721047354105,44.781781172441804,0.16186879675803983
2777,43.138400056228384,42.87658998398666,40.828637979008356,40.05543688384092,27.2854685764611,42.03769440804138,44.757088023808784,0.16186879675803978
2778,43.1223754898474,42.90545769711253,41.49627281278752,40.712847640872226,34.19421161999718,42.266550086982235,44.74106345742779,0.16186879675803958
2779,43.14085769748852,42.72164896772217,41.221798439681685,40.37315777931169,29.862964571626634,41.9581068839823,44.75954566506892,0.16186879675803975
2780,43.12191611595919,42.84792005660079,40.83348851347915,40.294895846850935,16.205680654952246,42.086869838865276,44.74060408353959,0.1618687967580398
2781,43.13407435326191,42.859409347265526,40.93792102451879,40.16265850248484,21.82637015294341,41.7756590336398,44.76594488822787,0.16318705349659618
2782,43.106278456212834,42.91290147078396,41.260166150534836,40.8311054157939,25.275318720880144,42.10183502186567,44.7381489911788,0.1631870534965961
2783,43.14053529903001,42.85347186607258,40.880480310213855,40.017806298858325,22.714058266354485,41.93628300256976,44.76885770010364,0.16283224010736255
2784,43.13124479489745,42.772637511176335,40.75255730686172,39.514491910134836,17.73865840050442,41.99597141052456,44.75956719597107,0.16283224010736252
2785,43.1123860431389,42.84459155313388,41.12870438093523,40.567623964708986,28.397610571303158,42.05503112310544,44.74070844421252,0.16283224010736264
2786,43.12322733153507,42.933386513154325,41.102188267574725,40.26034245769515,26.966502295007963,42.11379489656261,44.743959595939934,0.1620732264404864
2787,43.132897294648416,42.7732999815333,41.01201377400204,39.862558352698755,29.297752963486282,41.956231433390386,44.75362955905328,0.16207322644048655
2788,43.12064025088054,42.91921790598251,41.408182229753514,40.50948706634569,27.91423444859927,42.40860939841073,44.741372515285406,0.16207322644048658
2789,43.160987391228964,42.92480981298557,41.15887538948914,40.109026744924826,31.475018366927152,42.02236426241397,44.78171965563383,0.1620732264404865
2790,43.13579330646481,42.89582169393232,41.21008825001955,40.319307386512094,23.919934172595788,42.18575986602963,44.75652557086968,0.1620732264404866
2791,43.11915933575285,42.73869211384217,41.42604876772973,40.87810738084727,31.61975325649708,42.168911944392576,44.7535304405938,0.16343711048409523
2792,43.11399022870445,42.86530102436842,41.37128477550513,40.5894549389903,32.27765837852695,42.05529836960311,44.750703395611666,0.16367131669072163
2793,43.1259869350357,42.976236750101364,41.22384448666194,40.228941492148834,25.209351065728935,42.14507924517238,44.76270010194291,0.16367131669072157
2794,43.13818554694303,42.81641059380256,40.91095171682276,40.22341359532841,17.48444020124176,42.113550947926974,44.77540651642503,0.16372209694820014
2795,43.12273364768405,43.01253271036907,41.52151213874176,40.733845062534,34.22986837868316,42.23971298166054,44.75995461716605,0.16372209694820022
2796,43.14273530090298,42.85053410627728,40.77323959709601,39.65917376207872,27.949510542410042,42.09345997259052,44.77836721129044,0.16356319103874584
2797,43.12409652323554,42.76748989208774,40.41185272987659,40.17335369580777,-12.78353560037693,42.161371891713245,44.759728433623,0.16356319103874584
2798,43.12050492775082,42.80677179437246,40.69503924980865,40.16066858408178,17.690664631130243,41.94448518119673,44.75613683813828,0.16356319103874606
2799,43.11844126930833,42.88176554167815,41.16833438278421,39.59693493349529,32.31318947507921,42.153557323483774,44.78667093640758,0.16682296670992566
2800,43.0771370245371,42.87273873975803,40.74976453774369,40.07765740264594,24.60566207274853,42.06511292808974,44.73698895019435,0.16598519256572494
2801,43.124172371526534,42.76207824032026,41.23523301190392,40.197860726373094,32.98760704144504,42.12116752696695,44.80222130576988,0.16780489342433474
2802,43.08901168912064,42.778607481766336,41.1480268317027,39.82650415809876,28.049809636701944,42.10364617825259,44.734289104648,0.16452774155273628
2803,43.13796697492717,42.77227296059857,41.275297445941156,40.7148635551388,28.39284701482402,41.89840366620568,44.783244390454534,0.16452774155273636
2804,43.12633553141825,42.79955178005359,41.42269579035371,40.71247362198128,27.32229047139042,42.19255507976959,44.77161294694561,0.16452774155273636
2805,43.13559756827753,42.91782804298198,41.21320526553964,40.37187917293458,28.921105728863925,42.139650105765725,44.78087498380489,0.16452774155273633
2806,43.11976990120332,42.80254705177556,40.938584632632946,39.86513626081551,31.133137871406085,41.91061608867382,44.76504731673068,0.16452774155273622
2807,43.114559359828505,42.942085771547724,41.142016019012665,40.092010671521166,28.251836255673663,42.09682688586776,44.755471617033464,0.16409122572049625
2808,43.12467607174312,42.7901988875082,40.74060821284638,39.44713493490243,18.833349627290946,41.61837886882464,44.76558832894808,0.16409122572049617
2809,43.097626586279524,42.91959443616944,41.4940005014178,40.95155263183718,32.35072546817504,42.15655691310697,44.74012373667695,0.1642497150397423
2810,43.12584820746855,42.71064497596619,40.6185914034657,39.950438030200864,20.13889887868113,41.76579378822381,44.768345357865975,0.16424971503974223
2811,43.11896623069152,42.90445635286219,41.12070173141939,40.08175774213948,29.10389288227795,41.91172755387218,44.73389673114119,0.16149305004496714
2812,43.14100161779422,42.89303176482623,40.96017273391241,40.32447534106555,27.096929977730262,42.24115883457937,44.75593211824389,0.16149305004496708
2813,43.153648777902994,42.84194906711873,41.33804890244276,40.18551010267172,28.62577351968947,42.190427765778175,44.76857927835266,0.161493050044967
2814,43.15045293999936,43.02068611339549,41.64676980182216,40.93618463778448,33.36170708969786,42.57394332366708,44.765383440449035,0.1614930500449671
2815,43.14395058656813,42.88961271671004,40.784952110427625,39.800961637589275,24.34645138015125,42.01605554133805,44.758881087017805,0.16149305004496708
2816,43.12524431515335,42.8091109032332,41.4474274503239,40.80998424751908,26.73568915182981,42.04004629445273,44.74017481560303,0.16149305004496714
2817,43.13792942470184,42.87110327435625,41.217090176462634,40.3308021558195,32.31796579885242,42.04277415832182,44.752859925151505,0.16149305004496703
2818,43.1313447610095,42.81608053995653,40.886886200504925,39.39109323746401,27.345297436328348,41.85770717985618,44.746275261459175,0.16149305004496708
2819,43.11058775163695,42.86254954429571,40.51342840426769,40.184706710027925,-5.4420001821092185,42.09964141172636,44.72474200496999,0.16141542533330422
2820,43.14480216056403,42.83876334348219,41.01059150480947,40.0357683121281,31.483183053341982,42.07711596883229,44.758956413897074,0.16141542533330433
2821,43.1387571698216,42.92604088653999,41.28472318142607,40.64472141354251,24.96611828318134,42.323394961911845,44.75291142315464,0.16141542533330422
2822,43.147889927633585,42.94668538080633,41.169103991097316,40.60178850942105,28.04098776351626,42.41708127705665,44.762044180966626,0.16141542533330427
2823,43.12575422434619,42.940019526331724,41.196296947628426,40.420354023266015,28.737863100230626,42.14423211812419,44.73990847767923,0.1614154253333043
2824,43.14147165391901,42.789335972651514,41.15377585289068,39.807623583138586,34.74828492337062,41.946605771670136,44.75562590725205,0.16141542533330408
2825,43.12617669777015,42.82264196716266,41.25673512969529,40.57478172981199,24.378933033125,42.09649391094755,44.74033095110319,0.16141542533330427
2826,43.153795813678876,42.85877748441095,40.91754049222156,40.17378040040117,18.90145368568922,42.026578466850395,44.76795006701192,0.16141542533330414
2827,43.15431495916224,42.883281106337975,41.39125785864079,40.88851592980942,29.456282663032525,42.154843267167166,44.76846921249528,0.16141542533330427
2828,43.14790875992142,42.89478249152097,41.340616650025424,40.38489917830519,32.03281015427604,42.04907906091847,44.76206301325446,0.16141542533330416
2829,43.1485007132766,42.859999125352765,40.95511017239837,40.55646726674813,20.40328559147032,42.25999067068352,44.749472399224075,0.16009716859474782
2830,43.16060149044656,42.7994469463557,40.9269886678052,39.62373179561898,29.885532144142537,41.91704967270799,44.76157317639404,0.16009716859474765
2831,43.14190529721621,42.90801474476438,40.43342238952337,39.508593026001435,10.075316355529132,41.85055225872178,44.74287698316369,0.16009716859474796
2832,43.18663221969483,42.9786086130624,41.52980054795183,40.95122805513665,29.209696724618105,42.20352062584925,44.78760390564231,0.16009716859474785
2833,43.16057068747069,42.78516524066164,41.184730291092926,40.46761009630075,28.41101041391081,42.3449757958591,44.761542373418166,0.1600971685947478
2834,43.15492275947708,42.82568648632274,41.269499003832735,40.883464583824676,17.7462446426525,42.173143620383186,44.75589444542456,0.16009716859474768
2835,43.18598011845648,42.950527879225994,41.25188463095479,40.45541892539845,31.404537039471727,42.210031753932526,44.786951804403955,0.1600971685947477
2836,43.139174939434014,42.97337227721963,40.976659395425045,40.73954091722764,-9.488944895716102,42.25637758642911,44.74014662538149,0.16009716859474785
2837,43.16430870926063,42.88513872629715,41.020283692441026,40.14000055082751,30.786484227216253,42.2028612909207,44.76528039520811,0.16009716859474762
2838,43.18581380765674,42.85779192627615,41.06680392817186,40.3014652894972,19.114114978080927,42.190783734245414,44.78678549360422,0.16009716859474768
2839,43.1699347625458,42.919593554417304,40.482404749420226,39.45706891676409,19.79565447861534,41.861022203784316,44.75270943990718,0.15827746773613768
2840,43.15134008365003,42.738907957975876,40.745108320891575,40.33832402919879,-0.5891340454344132,42.029741197960945,44.734114761011405,0.15827746773613785
2841,43.1917120932534,42.79288077091444,40.79035749769726,39.1917043976801,31.790620413072535,41.87165584780831,44.77448677061478,0.15827746773613777
2842,43.18541800013783,42.77952540824578,41.13456325689774,40.15103350145918,26.449834863725926,42.161492330255264,44.76819267749921,0.15827746773613777
2843,43.17298336307874,42.875846230168634,41.144531906911546,40.80382696330023,24.446899191120515,42.36847501526135,44.75575804044012,0.15827746773613768
2844,43.175990526571944,42.86425391985734,41.068166790575816,40.30973160202373,23.146457847064408,42.066336784943324,44.75876520393332,0.15827746773613793
2845,43.17918208157518,42.81199241865521,41.155219051553,39.91035814602783,31.303357032627083,41.95461371890606,44.761956758936556,0.1582774677361378
2846,43.16994303195693,42.99556469203215,41.336051268468616,40.65948967677178,26.557168817103676,42.43310112093193,44.75287619863756,0.15829331666806246
2847,43.184684062778196,43.04184873568713,41.41594527966136,40.281492472200206,32.68862202019543,42.41004050902467,44.77766244632876,0.15929783835505665
2848,43.17013548192101,42.808224705374414,40.68581669516995,40.03837545978475,19.85016717111966,41.729034457583374,44.724513676859004,0.1554378194937998
2849,43.206021194217,42.78748944100071,40.87383127643048,39.68802747688201,29.08265145442521,41.91251971520419,44.76198428234746,0.15559630881304584
2850,43.22499789691103,42.842005747354506,40.939832780252694,40.023842150954735,25.130230752370874,41.59648546728383,44.78096098504149,0.15559630881304598
2851,43.20915661118044,43.02199272647694,41.2653753753737,40.325617110319435,20.486634341382192,42.2867668458995,44.7651196993109,0.15559630881304592
2852,43.194679448593305,42.92501064882275,41.59014630838474,40.769882946658406,32.84820954293706,42.425559729192514,44.73397006459825,0.1539290616004949
2853,43.218134003235505,42.767700641131256,40.83641403872172,39.85778861548313,31.91892210919977,41.8231673874663,44.755839726047995,0.15377057228124869
2854,43.22207241179248,42.986974131996696,41.44090646495379,40.47816817324597,31.191354073115722,42.382738986845894,44.76495407116643,0.15428816593739464
2855,43.23788026398576,42.80144738243728,41.31514413882511,40.67427114492761,27.56470969970931,41.976811428189734,44.780761923359705,0.15428816593739456
2856,43.19484292154663,42.78401451313369,40.999138824494246,39.964438193011866,24.30668779051009,42.069248406164505,44.74359924339206,0.1548756321845431
2857,43.219231854277,42.77568572557316,41.165800033989136,40.26220823986761,29.497054687725573,42.129265203853834,44.76798817612243,0.154875632184543
2858,43.2313640955853,42.955991896182546,41.42544368533296,40.71831028504075,29.955847188849088,42.302805868862855,44.78012041743073,0.1548756321845429
2859,43.218913934633555,42.868199610545844,41.2697948201922,40.559818140332226,27.35690140227909,42.06121965348514,44.77444667155509,0.15555327369215363
2860,43.22554756680153,42.945148300639815,41.30824265871979,40.55778190506528,28.045709297917924,42.356782812262544,44.781080303723066,0.15555327369215366
2861,43.22473693876127,43.01748784695673,41.15517758901015,40.12952096578148,28.131726598529706,42.072631686821964,44.7802696756828,0.15555327369215374
2862,43.1998916178575,42.9857306591944,40.77387111142363,39.89099077081312,18.86283220529435,42.242191981423204,44.75542435477904,0.15555327369215377
2863,43.20652328761695,42.94542874711611,41.42238446019896,40.21471123415744,33.20016910571708,42.38795872324571,44.76205602453849,0.15555327369215374
2864,43.23163871783683,42.94394869754836,41.34726582234044,40.06860667465569,29.611965885732676,42.38738342955484,44.787171454758365,0.15555327369215377
2865,43.196687136804066,42.849517879023516,41.14426850070904,40.250506355008994,28.57835446290493,42.03477370682212,44.7522198737256,0.15555327369215374
2866,43.23080438320011,42.96580910293289,41.11172007359146,39.797236963240636,27.560466460335643,42.1293333634365,44.786337120121644,0.15555327369215374
2867,43.21300632616054,42.91859946617836,40.84016571734568,40.34687679284268,-15.57485331726729,42.16143155046123,44.76853906308207,0.15555327369215377
2868,43.21280323594476,42.99151275607743,41.378566938529,40.90806482676057,23.822173755993234,42.488479666442096,44.768335972866296,0.1555532736921538
2869,43.203950442403475,42.934629830649676,41.43475101200723,40.40750880073625,25.034077829866497,42.29160870494087,44.76786092076702,0.1563910478363545
2870,43.17959931786269,42.90930220678133,41.108193293026844,40.01268794016511,30.96984388684578,42.305932599063794,44.75842080896811,0.15788214911054205
2871,43.180127286893146,42.929453838675876,41.156476227952716,40.26726021141841,19.871699536658078,42.08908962823118,44.75894877799856,0.15788214911054188
2872,43.2017155895676,42.96674943744806,40.98575326016238,40.164505118607586,19.810737973256845,42.17881608354065,44.78053708067302,0.15788214911054207
2873,43.167073691687584,42.68746829778846,40.87667470209493,40.04397942455689,25.26114525130665,41.68085803357683,44.74589518279301,0.15788214911054205
2874,43.20213734835074,42.967876427877925,40.737528700780494,40.543306111838234,-14.855917824577581,42.50316199170558,44.78095883945616,0.15788214911054213
2875,43.18684230809799,42.79034006054647,40.88505287178963,39.74823195971671,26.929982327692464,42.0650508344829,44.76566379920341,0.15788214911054207
2876,43.17981928160945,42.90352748774079,41.20518419059075,40.464820767449794,25.386560215566398,41.93234540188828,44.75864077271487,0.15788214911054194
2877,43.16797603945356,43.01255492182855,41.297638373306555,40.728165401776664,13.084886915568553,42.42271759154854,44.746797530558986,0.15788214911054194
2878,43.192482653294796,42.87449966473228,41.232596435794996,40.764615565647354,21.82248389019377,42.096998015558285,44.77130414440022,0.157882149110542
2879,43.19893885268738,42.972792799395215,40.77856425272049,40.13531448223228,24.35999336791021,41.99891088822391,44.7777603437928,0.15788214911054207
2880,43.173771917395165,42.8931950699247,41.09523293908079,40.37002456060044,30.832518283034993,42.23212892052584,44.75259340850059,0.15788214911054202
2881,43.19289811827797,42.979980406176416,41.29729267679739,40.61744383308736,27.37880534307733,42.35513233480092,44.77171960938339,0.15788214911054194
2882,43.17059954243132,42.94144581717879,40.67994976964847,39.93847253106469,8.504053752418493,41.98834673985347,44.74942103353674,0.15788214911054205
2883,43.17597935821514,42.83895321289935,40.97726765779368,40.09266140618838,26.62619812471367,42.03978350751237,44.75136190203152,0.15753825438163813
2884,43.207140626281365,42.96559640539371,41.22351768205376,40.62056930291008,31.460877880839682,42.03681349899284,44.78252317009775,0.15753825438163802
2885,43.18832200597601,43.065493967208795,40.93983779965039,40.631952459784074,19.834405559140297,42.38003502565582,44.76370454979239,0.15753825438163802
2886,43.18488428278179,42.9984241512382,40.82932504741488,39.67273422804352,31.581421106929223,41.86737596334023,44.76026682659817,0.1575382543816381
2887,43.16868901477678,42.8763184160621,40.367010591241346,39.337942484580914,17.220661267123294,41.65441654197791,44.7511893342237,0.15825003194469242
2888,43.18131211450328,42.73860122789198,41.04719403890968,40.211726759193006,22.063514825639285,41.984854444615536,44.7638124339502,0.1582500319446925
2889,43.187562752121835,42.938658430655416,40.798156067218,39.79588598041764,17.718553292374434,42.04221877332557,44.77006307156876,0.15825003194469242
2890,43.18123740078091,43.0582245034555,40.586765280891974,39.80883990558695,15.899929154712122,41.916029596560236,44.757489751857904,0.15762523510769963
2891,43.19053977431711,42.95708911024566,41.051440472098854,39.94944130694648,27.026334918772925,41.942121805567915,44.766792125394105,0.15762523510769963
2892,43.20008271858016,42.832730571544396,40.993417622154965,39.97424535361401,26.90487591723111,41.93358980099691,44.77633506965716,0.15762523510769963
2893,43.2002681762274,42.795901430117844,41.301372396572994,40.37805737635883,31.736126048043275,42.178361771425564,44.77652052730439,0.15762523510769966
2894,43.17842003884551,42.7739178957501,40.767111371722756,39.92735113431331,18.98511984791838,41.901706952479444,44.754672389922504,0.15762523510769968
2895,43.18125879445326,42.993093279224745,41.38976620781466,40.690679699248605,30.71985352803016,42.13109605415399,44.75751114553025,0.15762523510769966
2896,43.18176029652272,42.800988551202245,41.13616276994369,40.45908516422713,32.248434816731105,41.92356995776987,44.75801264759971,0.15762523510769952
2897,43.212487810621276,42.85453394022554,41.10251339233586,40.02336640653471,30.535946828357858,42.00824707801593,44.764101524653626,0.15516137140323488
2898,43.20625991196873,42.95262488009236,41.39898838708032,40.89852450422786,30.913125647731192,42.21143692868009,44.75787362600108,0.15516137140323494
2899,43.19927652570653,42.91943160792019,41.508521184809084,40.77137076641646,27.071528514040505,42.26318497565336,44.75089023973888,0.1551613714032349
2900,43.187099542641306,42.866005840949946,41.29790543518961,40.68519451657458,28.615946713571528,42.17648700210154,44.738713256673655,0.15516137140323466
2901,43.227117826882555,42.856573267874474,41.17098521985584,40.22246488129957,31.6276875088686,42.17547980836986,44.75054771160226,0.1523429884719705
2902,43.25847448274156,42.90470165166519,41.13760109909095,40.326940617902046,27.727466444678566,42.25663784272946,44.7823515574725,0.15238770747309388
2903,43.24307776940549,42.93058569910034,41.15357108851499,40.52294932801485,27.02960564813588,42.03802828839846,44.76695484413643,0.15238770747309385
2904,43.22435037092722,42.97201555416666,41.08043864739476,39.44711406314857,28.380268064881918,42.01178283869108,44.74822744565816,0.15238770747309394
2905,43.21530134633393,43.06128351998384,41.24456869925738,40.48849692309335,28.535275846878324,42.264758243090164,44.73917842106487,0.1523877074730939
2906,43.283754820044706,42.84268149781171,41.09383918267896,40.00504360036978,31.578185283838884,41.89429056036806,44.807631894775646,0.1523877074730938
2907,43.23352253989209,42.78491997864538,41.18435259770409,40.4320974969153,27.82025850112847,41.75995294453523,44.75739961462303,0.15238770747309385
2908,43.23031745726634,42.97178693152034,41.18126511853058,39.91462273543709,30.91192034324269,42.1354173313876,44.75419453199728,0.15238770747309385
2909,43.233939793662294,42.91113114004793,41.073842554179116,40.488637497294036,28.14080175523409,42.23591505484826,44.757816868393235,0.15238770747309385
2910,43.24980211702158,43.09094179920545,40.8254552424074,40.10396386956187,14.850071370917526,41.982103064346944,44.773520702433274,0.1523718585411693
2911,43.223019989579974,43.01216226713172,41.11843214587485,40.44019833321336,20.282549298002493,42.05279927732671,44.738360833549656,0.15153408439696844
2912,43.24847698530649,42.93931408770049,41.500337495069104,40.74342218124259,32.97716818907344,42.380607827021294,44.76381782927617,0.15153408439696844
2913,43.245382238981534,42.89226611936866,41.387769798017004,40.669963013880746,32.10645103109806,41.885803846295616,44.760723082951216,0.15153408439696842
2914,43.24198725846876,43.00458278828302,40.36746336815257,39.43111647106785,9.60534567875061,42.045062199213135,44.75732810243844,0.15153408439696836
2915,43.263569812693326,42.83130677106745,40.82006375748974,40.19670443952929,29.48332253191549,41.861000580683864,44.77891065666301,0.15153408439696828
2916,43.23575375106987,42.96841364132144,41.10906344739593,39.77181700514937,29.900754544421943,42.111827266864125,44.75109459503956,0.15153408439696858
2917,43.2325500234318,43.04832717461066,41.47060254078409,40.66003885438155,28.472232953568525,42.469357468567864,44.74789086740148,0.15153408439696853
2918,43.254339204810364,42.91411309221261,41.38563368858198,40.60546815563871,29.59317826873961,42.2411029645611,44.769680048780046,0.15153408439696853
2919,43.23015028625718,42.86001239798073,40.9972461461688,39.744314724899205,27.47192817471445,41.76300439488685,44.74534775056062,0.1515197464303442
2920,43.2176186743615,42.78993310938149,40.69320490242365,39.852812535061176,-1.3859401613289535,41.74745788997484,44.732816138664944,0.15151974643034424
2921,43.257199961608585,42.94257890798176,40.520883713483904,40.05829883373078,2.465497440903391,41.862493487512126,44.77586479441655,0.15186648328079666
2922,43.246875118305574,43.10634815182858,41.628715226280484,40.49149080948111,33.560430668313515,42.273547993961266,44.76674200491555,0.15198668866099765
2923,43.26578982488727,42.84749895983569,40.60977103379441,39.897478628279,23.28906359047575,41.914807167137106,44.785656711497246,0.15198668866099754
2924,43.23119097199647,42.85528125270244,41.1289283764669,40.258251799223636,26.962248626576425,42.10736547605611,44.751057858606444,0.15198668866099757
2925,43.25636008267401,43.01492514295034,40.98951761666891,39.831972760473846,22.62582809764451,42.14628605868989,44.77622696928398,0.15198668866099752
2926,43.250634937246154,43.019928778954004,41.342440657472245,40.26586081427484,32.30815142632303,42.14658365203556,44.77050182385613,0.1519866886609976
2927,43.253306557837554,42.97913145019894,41.24053539235229,40.89047806409073,21.646882244123304,42.3889873633924,44.77317344444753,0.1519866886609976
2928,43.23113556852353,42.979850276933526,41.372067707535145,40.35418979962295,29.403038083632925,42.438374321211285,44.74823102840729,0.15170954598837613
2929,43.21814454680446,43.02858239683296,41.606269077182645,40.88181533852674,34.26115283844598,42.245019204454906,44.73524000668822,0.15170954598837605
2930,43.25667237486405,42.948313150798214,41.257240516126764,40.507873866410584,20.54488130392955,42.33877472845349,44.773767834747815,0.1517095459883762
2931,43.25244585170339,42.99851930535945,40.909387851674,39.768927862627685,29.221040610070723,41.92932453723278,44.769541311587155,0.151709545988376
2932,43.26236262278489,42.920388613478906,41.02892140370531,40.51574490892075,12.093407526353943,42.12188036794349,44.779458082668654,0.15170954598837613
2933,43.2314079744589,43.036001388307966,41.5199984920365,40.753363390913044,33.576101857874136,42.412211136769216,44.74850343434266,0.1517095459883761
2934,43.24070220586256,43.01621250488734,40.89501420583472,39.86603593774862,19.3967725241568,42.10294619353253,44.757797665746324,0.151709545988376
2935,43.2527001175505,43.02075393099956,41.16670506492246,39.976363581916814,31.798555109671433,42.06329374808342,44.769795577434266,0.15170954598837624
2936,43.2468520512333,43.08585529703628,41.50725705772914,40.562751230493184,34.27558706458369,42.450234903311724,44.76394751111706,0.15170954598837616
2937,43.23774992769764,42.80759047053663,40.992909095722794,40.2352950536378,31.658150749917603,41.89010557165759,44.754845387581405,0.1517095459883762
2938,43.240489291030265,43.04471580081973,41.18812955311833,40.48447619903011,24.440186371665828,42.22852442104302,44.75758475091403,0.15170954598837605
2939,43.2467087238964,42.98143541230407,41.154306943789464,40.45483752709347,17.80131875079557,42.29064136118329,44.76380418378016,0.1517095459883762
2940,43.28712513449131,43.00302650276343,41.5090496203175,40.69074924608344,32.09768456905015,42.36793044231709,44.804220594375074,0.15170954598837613
2941,43.24742822500863,42.954061686773926,41.46824603140303,40.800800939775336,33.50205909759566,42.26333372505947,44.751534088054385,0.15041058630457507
2942,43.28640038028524,43.02232664940331,41.39683319789807,40.443853742435685,17.88305045892972,42.36893118051872,44.775946166888026,0.14895457866027925
2943,43.29288482851408,42.983925789787065,41.28699055373041,40.45809265309706,12.94394949404824,42.372702247185074,44.78243061511687,0.14895457866027917
2944,43.32401050274464,42.98400789892333,40.995746654473905,39.78506720422418,28.675265596943884,42.18839577205783,44.775634424363936,0.14516239216192955
2945,43.33385102275964,42.98062923888629,41.21051540094779,40.25232087814762,22.198780041972626,42.149640499528886,44.78547494437893,0.14516239216192964
2946,43.342868390163126,43.09866847549769,40.75940595237648,40.20235962995381,-8.106672436013525,42.43208098356395,44.79449231178242,0.14516239216192967
2947,43.327045513478566,43.11336215880867,41.21316144004968,40.286051912825215,23.81502582790027,41.999535710782666,44.77866943509786,0.14516239216192972
2948,43.34706574832017,43.05915021985229,40.97665407750024,40.27318576703892,27.44541449441428,41.66363940203567,44.83707003832101,0.14900042900008378
2949,43.312850019942005,43.168060582567755,41.43150143102229,40.46029003247699,31.992788889026357,42.456491963078605,44.802854309942845,0.14900042900008373
2950,43.32519289527485,43.0050743326171,41.1740098421646,40.270543417326344,27.79591541099135,42.13312820757598,44.81519718527569,0.14900042900008376
2951,43.337288575564244,43.03255301489202,41.303210191940714,40.37243540873034,31.335397813790998,42.06142054530014,44.827292865565084,0.14900042900008378
2952,43.37498545728509,43.03521177922697,41.544891949172445,41.03942025803831,29.14437594270723,42.33674808747843,44.86498974728593,0.14900042900008378
2953,43.33414809153922,43.09218007017284,40.6842217160662,39.799898118993575,19.608184674340166,42.24537075036695,44.82415238154006,0.14900042900008373
2954,43.34028232767575,43.09410849136794,41.5100085271837,40.48762226666231,19.548321581380577,42.49550032564204,44.83028661767659,0.14900042900008376
2955,43.34959966673565,43.081385773201745,41.171033937798356,40.919454112396004,23.993940034372734,42.27120177146765,44.83960395673649,0.1490004290000838
2956,43.35275053362623,43.01493229995039,41.41175053243294,40.39648900272926,30.307021201065325,42.30920240965879,44.84275482362707,0.14900042900008384
2957,43.33742575705436,42.988388608777555,40.85952139856333,40.24688087165369,20.37881071691317,41.846225861610264,44.8274300470552,0.14900042900008384
2958,43.365615635501236,42.92209448344759,41.12807282126944,39.93243506841793,32.38537016852909,41.89341196023713,44.855619925502076,0.14900042900008384
2959,43.37453905594794,43.01733600231824,41.23765589688835,40.66029261283221,30.298846354910147,42.120864382539445,44.86704046245287,0.14925014065049264
2960,43.34925567481296,43.07816636441815,40.777235410428425,40.31271744546162,14.278322662406108,42.29385398965893,44.84175708131789,0.14925014065049255
2961,43.34300751463943,43.129661706078146,41.66560539950743,40.86370269347732,27.51990008383403,42.518419201354206,44.83550892114436,0.14925014065049266
2962,43.34435518128335,43.029430291909044,41.42461944152567,40.1847939683405,34.14768363069622,42.23113467248433,44.86341216530647,0.15190569840231247
2963,43.30103413959392,42.90916218525705,40.79587304003135,40.05086957086643,27.4012849839469,42.06730720002666,44.82009112361704,0.1519056984023124
2964,43.3446939470845,42.9383503398375,41.440432076544724,40.240993981962355,30.21195581476701,42.41340266321318,44.863750931107624,0.15190569840231244
2965,43.31603665579464,43.1529870564331,41.47351733962855,40.754487489014025,29.601819651417628,42.42785614595127,44.835093639817764,0.15190569840231238
2966,43.33547840303728,43.034274280606404,41.22301770724703,40.70024353741593,10.906128328720413,42.35776092741895,44.8545353870604,0.15190569840231252
2967,43.32602243636835,43.02515063085246,41.17356305160009,40.1934914320203,16.355234433225995,42.27587141478867,44.84507942039147,0.1519056984023125
2968,43.329032394428246,43.15906663111217,41.23804274681695,40.42833529492004,22.06027792969615,42.60633236573315,44.84808937845137,0.1519056984023125
2969,43.31994998788843,43.11770838245643,41.474398222234,41.0080428015199,12.58997756361019,42.509507547485356,44.83900697191155,0.15190569840231238
2970,43.32344475087644,43.06477892672973,41.23793779224928,40.58551004699758,23.669733429475272,42.3493721093073,44.850879476341575,0.1527434725465133
2971,43.2924955405993,42.90697847267294,41.49172644958829,40.94942151151326,14.808561020471018,42.22296785704026,44.81993026606443,0.15274347254651321
2972,43.308003471397384,42.98395721587773,40.819584200853534,39.374539934048336,27.034802476432123,41.64795984652946,44.83543819686252,0.15274347254651324
2973,43.30665028604197,43.091591945598964,41.44815413596864,40.529070417717286,31.224488068159594,42.286502672666145,44.8332753646751,0.15266250786331315
2974,43.29685387570478,43.113033719229676,41.40060180082897,40.24837129343899,30.593661205188766,42.046623261565024,44.82347895433791,0.1526625078633132
2975,43.287470456904124,43.08029614806362,41.08819512819505,40.24308944254858,29.775423729210104,42.149801522183935,44.814095535537255,0.1526625078633131
2976,43.27821570557432,43.01016355519948,40.89174761318852,40.43950972468048,8.096709780017434,42.15982905181424,44.80484078420745,0.15266250786331312
2977,43.315475978628584,43.036004195773565,41.22373683330354,39.886611974592924,27.803713821064335,42.41139929428888,44.863938136267734,0.15484621576391502
2978,43.26947986128854,43.05620440077113,41.025645552974865,40.20843508658324,10.478841368999419,42.2617870881746,44.81794201892769,0.15484621576391505
2979,43.303512811392366,43.11008623818853,41.5646508331018,41.06574094130464,30.588316005409496,42.3783738247658,44.85197496903152,0.154846215763915
2980,43.26306556500827,42.94427404260058,41.51731227424862,40.26994103830813,36.18950273392059,42.42374271616387,44.81152772264742,0.15484621576391489
2981,43.2727148828034,42.89698278666666,41.207765537026944,40.288570037037374,31.443565969468274,41.939897090206685,44.83628437437856,0.1563569491575158
2982,43.251255379231445,42.987090853399216,41.35314030627078,40.51592546028739,24.283482200987734,42.229530166402526,44.8148248708066,0.15635694915751577
2983,43.2542858694875,42.84435634265298,40.9166601234664,40.069086491070685,-7.508250009478793,42.21768078422848,44.817855361062655,0.15635694915751577
2984,43.24811080062981,43.05446028095718,41.40923919220686,40.67279656530496,27.364695148017205,42.40457580765123,44.81168029220497,0.1563569491575158
2985,43.25375366024652,42.99492801955654,41.473535026675975,40.72227466524039,31.8560959443529,42.222237011288065,44.817323151821675,0.1563569491575157
2986,43.244336192652696,42.95673111231056,41.093749709275585,40.32857686398104,31.536772337186274,42.08095124164717,44.80156905615743,0.15572328635047386
2987,43.24757542845563,42.8749279740631,40.9453594308288,39.800553450443964,30.393469654213703,41.9793981615096,44.80480829196037,0.15572328635047386
2988,43.23866493311616,43.12545815524948,41.70644709504198,41.35407571859551,29.34687049230977,42.603296406257726,44.7958977966209,0.1557232863504739
2989,43.25358018718908,42.92115210268254,41.235909362034455,40.12961697781771,19.896459687055092,42.38280452183004,44.81081305069382,0.15572328635047397
2990,43.26013452328468,43.07395798191695,40.9581523080914,41.149969242551634,-8.384412318214174,42.41544267036558,44.817367386789414,0.15572328635047394
2991,43.28538346592167,43.040100643172266,41.10769186564854,40.41004121900972,19.94520194206177,42.338584150162816,44.842616329426406,0.15572328635047394
2992,43.288474852060894,43.0342584873552,41.28178407123028,40.22677104239893,32.97708945653065,42.13154001829342,44.84570771556563,0.15572328635047392
2993,43.260681566089175,43.01339914445149,41.03926885171562,40.16162669848378,12.851626358233077,42.07492616553885,44.81791442959391,0.15572328635047392
2994,43.26098148861228,43.032440921127986,41.2761957957693,40.237622082449555,23.289720367707908,42.317659800531274,44.81770149073303,0.15567200021207472
2995,43.244719602057124,42.91560681729405,40.700069284237394,40.104170852489126,9.402017552200775,41.66069380270473,44.80805688542764,0.15633372833705134
2996,43.2280001907463,42.98286132562448,41.2522200289515,40.53780923284472,24.62338747783905,42.36686425262026,44.808655236636966,0.15806550458906676
2997,43.243717631057926,42.90788187787118,40.92645557242188,39.71072766087032,29.92116590468299,41.59413882174083,44.82437267694859,0.15806550458906685
2998,43.22710630497839,42.951730644269986,41.199296096132095,40.06530811763514,30.018328869593905,42.08703652831101,44.80888906153582,0.15817827565574297
2999,43.2576691969087,42.92204416599543,40.90114489900886,39.91029080259821,31.156896047292484,41.778449458800914,44.83945195346613,0.15817827565574297
3000,43.22384835021769,42.849318491799515,41.41991850649885,40.7462274649934,27.920788297594235,42.37956030320489,44.805631106775124,0.15817827565574302
3001,43.24676601800752,42.91451152007542,41.25208134493269,40.545894715580715,28.917572378526565,42.26631320802838,44.82723051782639,0.15804644998188724
3002,43.23384725298214,43.00476419662854,41.274259981695415,40.471680028613456,24.597952418633135,42.4206104641621,44.81431175280101,0.15804644998188738
3003,43.22507967187679,42.95184572688653,41.506538682544004,40.90663309723024,32.32708230073011,42.30995294249146,44.805544171695665,0.15804644998188735
3004,43.22796335509142,42.973107818586065,40.94976847216979,40.31887899264399,19.51895451929952,41.98790808937062,44.80842785491029,0.15804644998188733
3005,43.265316679190114,42.96644293735125,40.67695023846603,39.88052371383979,13.700608751969572,42.10325436603793,44.84578117900899,0.15804644998188716
3006,43.262482713767355,43.047622926636336,41.12518717547188,40.038998043459074,28.207160722678616,42.30804076582761,44.84294721358623,0.1580464499818874
3007,43.24997467387222,42.95500226273902,41.3306997070915,40.56753670777998,29.455811701770017,42.273728286924865,44.83043917369109,0.15804644998188724
3008,43.250217277574116,42.936204628386754,41.53008820113749,40.62114829834216,26.25388591776656,42.21671308992023,44.83068177739299,0.1580464499818873
3009,43.25002863912763,42.99179713407286,41.06989154547126,39.716724870082345,32.160911575606775,42.027027754648984,44.8304931389465,0.15804644998188724
3010,43.24055382024251,42.84996253273495,41.27328196305951,40.364966088518685,32.71209828293393,41.94150567155317,44.821018320061384,0.15804644998188738
3011,43.240777127918435,43.07486980773177,41.85917678566029,41.30501996431562,35.39010975399784,42.56425279031599,44.82124162773731,0.1580464499818872
3012,43.253303035566724,43.01811668982394,41.12986949742129,40.35969997459572,11.463555709188952,41.98413282620021,44.8337675353856,0.1580464499818873
3013,43.24379334034329,42.99478402848187,41.24849991999466,40.73681445620967,31.231985270693023,42.27672791900723,44.82425784016216,0.15804644998188738
3014,43.222243779452185,42.859926610331605,40.52396165120986,39.006205558544096,27.808621895687672,41.22544581885561,44.80270827927106,0.15804644998188724
3015,43.21283723241819,43.026495729680455,41.563897521559625,40.7795758867303,28.67349720284105,42.25217056635587,44.79330173223706,0.15804644998188724
3016,43.212716189640666,42.86703382787402,41.010006047656255,39.50781413310277,33.25960312551266,42.04286471715448,44.79318068945954,0.15804644998188727
3017,43.228195955680924,42.96317983724537,41.360503773073724,40.42933763055762,21.822287969415488,42.196392401370176,44.8086604554998,0.1580464499818872
3018,43.24662404532201,42.944749177786974,40.967933236548504,40.02084700189925,27.50182621236015,42.14282490614076,44.82708854514088,0.15804644998188727
3019,43.241898497549045,42.8813309247911,40.839466499005916,40.113499998593504,20.891964814391727,42.1171028643561,44.829339272228076,0.15874407746790323
3020,43.23487149737105,43.00445542191698,40.999029119446426,40.51690969298265,-4.811641875776701,42.28434882798824,44.822312272050084,0.15874407746790314
3021,43.25128666649066,42.82932049241433,41.04883125310147,40.215507409163,22.928908857433573,41.735980934675084,44.84430161665975,0.15930149501690904
3022,43.24813968238416,42.83378364726959,41.31319311144598,40.626687265605156,21.649832595961538,42.21333842469753,44.841154632553256,0.15930149501690902
3023,43.24058105156388,42.968905457273706,41.07633272545001,40.20294522200201,22.311398052187805,42.00019919688705,44.83542923874858,0.15948481871847056
3024,43.25147154639644,42.90339967351748,41.10983512246876,39.929213846627555,28.26484596386288,42.174926404419836,44.844513665949194,0.15930421195527578
3025,43.245325757166164,42.96409831354063,41.03813277597423,39.62949213770717,30.62237662152571,41.97540927586247,44.83836787671892,0.15930421195527586
3026,43.23254606243652,42.96099810877678,41.32954559624957,40.57299701587639,27.456530246828507,42.359980179457466,44.825588181989275,0.15930421195527583
3027,43.23930694170078,42.91573977116521,41.23654457318228,40.561873593417175,31.99608841272265,42.29207460786926,44.83234906125354,0.15930421195527567
3028,43.251029862490135,42.92279399789738,41.14875181034024,40.316402464051166,30.436868399307954,42.1149526892077,44.84407198204289,0.1593042119552757
3029,43.232662398383155,42.92624234598458,41.09311652261236,39.967039213633925,30.407550722969912,42.11565180192111,44.82570451793591,0.1593042119552757
3030,43.24144573326084,42.96376372376077,40.94931646726427,40.440706535356675,27.290221423929285,42.34749437951085,44.82213951177095,0.15806937785101066
3031,43.25767724101652,42.992990317489,40.97414514069324,40.10667689233443,17.447324743959477,42.158536454982226,44.838371019526626,0.1580693778510106
3032,43.247943433096424,42.955836958873995,40.748902433311756,39.19612289256831,25.383979987372957,41.87536574819281,44.828637211606534,0.15806937785101066
3033,43.283230325955664,42.77446330252579,41.2021752257721,40.251690317478854,31.89516054548171,42.064132382666,44.856806328835226,0.15735760028795615
3034,43.236655636280275,42.99689858208876,41.103226961384074,39.9151930390429,31.07756921879477,42.0295843651765,44.81023163915984,0.1573576002879562
3035,43.23053341520933,43.02111464757886,41.02937069440624,40.446539563071404,29.43699674270608,42.244899519784376,44.80410941808889,0.1573576002879561
3036,43.28659397417061,43.02495985640511,41.33552513804607,40.78061601097548,28.426692053258744,42.09081581714122,44.86016997705017,0.15735760028795617
3037,43.24615306061483,43.030194791257045,41.280449096636254,40.45425952455949,31.822889593302506,42.02486486555638,44.81972906349439,0.15735760028795623
3038,43.27368492976271,43.072031382421855,41.56742087031692,40.556876273746205,30.782178047976956,42.395433846713644,44.84726093264227,0.15735760028795623
3039,43.24904728034164,42.98174077341255,41.08390396327237,39.84744782871624,17.608841181817372,42.45033197230339,44.822623283221205,0.15735760028795612
3040,43.23993435735534,43.02252645255178,41.08181995021924,40.34008871660438,23.124296623521907,41.93035899830877,44.8135103602349,0.15735760028795603
3041,43.25206261506864,43.03257495328203,41.41177024789749,40.70649090795039,24.563943897206403,42.392181265287036,44.8256386179482,0.15735760028795606
3042,43.25520281822096,42.837896216930424,41.13471158651286,40.71334629768626,15.336426106250745,42.27974500905118,44.82877882110052,0.15735760028795626
3043,43.25215742347203,42.94114096786559,40.884513374848936,39.655329876094434,19.90512236423859,42.19479341132248,44.82573342635159,0.15735760028795615
3044,43.24618948157923,42.864899151951086,41.41202827674591,40.59208668228697,29.18948853061906,42.27278718878496,44.81976548445879,0.1573576002879562
3045,43.27647462564234,42.92538240624173,41.35008589640164,40.36404415624269,33.34662557219899,42.171608998404864,44.850336960341956,0.15738623346996197
3046,43.26121427614019,42.902709851098365,41.05412645071652,40.2069556845878,29.06441816440215,41.65624800955291,44.835076610839806,0.1573862334699619
3047,43.26195070825898,43.08610751386284,41.64739887328828,40.6447291170113,34.58274973776799,42.41370574453504,44.81674739067879,0.15547966824198153
3048,43.271424993243485,43.10002032536053,41.03409549359108,40.67799774843963,-12.41683716864128,42.43809225495056,44.8262216756633,0.1554796682419814
3049,43.28056549533915,42.94799684075368,40.734316321430285,40.33286866687808,18.03048943612598,42.076165593235835,44.83536217775896,0.15547966824198156
3050,43.277217341889795,42.91114533762905,41.11150282422578,39.93637016256189,25.351344071746006,42.26236864731199,44.83201402430961,0.1554796682419815
3051,43.26493048355194,42.97577588901839,41.4770840224986,40.70923241977454,26.885353681283636,42.215218489048695,44.819727165971756,0.15547966824198148
3052,43.27640644639742,42.98962229314427,41.44171911273906,40.753658032717006,18.84856742297934,42.404973292936674,44.832009859433725,0.1555603413036308
3053,43.28861771650986,42.98923254802911,41.29139705852541,40.171522309224656,29.311910141717654,42.13075806942956,44.84422112954617,0.15556034130363078
3054,43.30753104774725,43.009873400565816,41.39835144616445,40.56753205972242,27.29406059824549,42.38013196557572,44.863134460783556,0.15556034130363072
3055,43.27666369479574,42.93078309115748,40.689857254625245,39.40192346497665,24.629811151172092,42.04696693844983,44.832267107832045,0.15556034130363083
3056,43.29810507130461,43.035418692290655,41.11406586801163,40.671653417608255,16.39944581185598,42.25794992928584,44.85370848434092,0.15556034130363075
3057,43.232454602403685,42.89079032465472,41.20796413925999,40.77279044334563,19.845863569734014,42.338872675026984,44.788058015439994,0.15556034130363075
3058,43.25132191771328,43.037443378810785,41.03811545276975,40.16904394603056,23.29037199546293,42.26970967066356,44.806925330749586,0.15556034130363078
3059,43.26668362746474,43.00634431795298,41.052296746532384,39.77137895354592,30.283449892604615,42.118089450500676,44.822287040501045,0.15556034130363072
3060,43.2835440036278,43.03260801010052,41.35670028271115,40.34051061901958,28.575904585668052,42.51997006029943,44.8228919291066,0.15393479254788014
3061,43.28024164636388,42.79281147533273,41.23425433102396,40.14713726115877,31.7510555423694,41.92639965970096,44.819589571842684,0.15393479254788028
3062,43.298080295262274,43.05482650220137,41.576768981674306,40.88094399944426,22.852968054212226,42.3075397018471,44.83485495261282,0.15367746573505514
3063,43.30730528340523,43.05839161085885,41.52690687051602,40.80951083217869,31.355393544417115,42.29859960120898,44.844079940755776,0.1536774657350551
3064,43.31020730851692,42.93878170072956,40.968026799616254,40.05578781635545,24.035373997160995,42.06855124180168,44.84698196586747,0.15367746573505506
3065,43.25058208722594,42.837683114942735,41.53885167933808,40.501315412418194,34.36915357333268,42.12740672734201,44.78735674457649,0.15367746573505514
3066,43.27585649179224,43.02067605042785,41.00022017316738,39.856778684298675,16.485202571508104,41.96084095719223,44.81263114914279,0.15367746573505509
3067,43.266969082227554,43.083343731111135,41.13314974578077,40.01074905003028,26.331840196602258,41.916717461583175,44.775859132604786,0.15088900503772332
3068,43.31510431223263,43.136898728865546,41.30007760321393,40.17800128149933,22.00820541220541,42.29128374158587,44.81938085572688,0.15042765434942493
3069,43.32780814658365,43.15000713536888,41.34851647807518,40.234854283435475,33.622026829525346,42.28371042265478,44.830962671623595,0.15031545250399497
3070,43.34713106375729,42.95901206190378,41.03314892180477,40.27911156207879,28.023691798303464,41.98265769788499,44.850285588797234,0.15031545250399483
3071,43.35666854168114,42.99251850226162,41.32334207588906,40.474205141850405,32.61425336046639,41.95937515516191,44.859823066721084,0.15031545250399486
3072,43.32325118904875,43.18674603051855,41.58053724885133,40.83259380499334,33.22337524374099,42.271116441292406,44.79736387321005,0.14741126841613084
3073,43.29149438329304,42.86797652596119,40.814527265925506,39.561627602455594,28.708509494714423,41.810115392777504,44.76560706745435,0.14741126841613084
3074,43.30515281914853,43.08514637392907,41.311085365962455,40.2200961827036,27.191461877949088,42.39241892430688,44.78107157094179,0.14759187517932587
3075,43.2926027468479,43.152867216465,41.539390345392114,40.7560008795436,32.02519580486093,42.44138097073878,44.76852149864116,0.14759187517932573
3076,43.280115836239005,42.89634077729242,41.19028334580605,40.41339946731792,30.01687358873135,42.14635070831615,44.756034588032264,0.14759187517932568
3077,43.277666628682184,43.126375521832415,41.80566048370946,41.435750545979296,33.55945773035993,42.60326082184116,44.759894953920245,0.148222832523806
3078,43.29248869682878,42.968635766138846,40.882644324310256,39.69645798744448,14.736042663085605,42.241621045285434,44.77471702206684,0.14822283252380605
3079,43.283607774576005,43.018258693774534,41.252539579945584,40.154411361877784,30.356085212367734,42.32397962303223,44.76583609981407,0.14822283252380591
3080,43.28624127978218,42.975855441548546,41.348082823356705,40.416639123278266,32.39557390496318,42.28138281426521,44.76846960502024,0.14822283252380591
3081,43.28106382205074,43.051564889508995,41.551616918269175,40.93285752825372,30.380093806815818,42.29936475499336,44.76316625474762,0.148210243269688
3082,43.275083423211775,42.81626930807567,41.32589829100906,40.34838273209668,20.1695847273068,42.049718695278656,44.76874624243571,0.14936628192239365
3083,43.259270380324345,43.113832185174715,41.40231992384981,40.64151810789136,32.82521532674509,42.20600000791771,44.75293319954828,0.14936628192239373
3084,43.27533812207183,43.01187007233123,41.23466254723807,40.02402037714308,30.94859248480168,42.27312943310799,44.769000941295765,0.14936628192239365
3085,43.27536898597429,42.98304014070716,41.26329651511233,40.27205518763091,31.57751686506939,42.12204211848824,44.769031805198225,0.14936628192239368
3086,43.278753534564544,42.87822562221576,40.656498720137456,39.92114626182778,19.415759536098786,41.9390369822432,44.77241635378848,0.14936628192239376
3087,43.25286054888555,42.92531423190687,41.30444443714472,40.4737494599183,28.898855850999556,42.213391380220855,44.74681848903216,0.1493957940146604
3088,43.27188747293648,43.010993851834236,41.2853106759781,40.45279589923058,27.46565736192117,42.37042460208637,44.765845413083085,0.1493957940146605
3089,43.2712302273547,43.12746595925257,41.26514626775336,40.25468068973956,27.228906235950248,42.24730273172544,44.7651881675013,0.14939579401466024
3090,43.26543139408094,43.04516844794766,40.79443998038855,39.96981921706314,18.342200856153255,42.154251090183614,44.7622960405042,0.1496864646423254
3091,43.25942158044728,43.00918544936779,41.36308892811409,40.46254731183912,32.09315554411579,42.201249090234846,44.75924767468687,0.14998260942395894
3092,43.27222923995497,42.910281144458054,41.13666970044633,40.778000742050914,31.099788401074356,41.99863790319756,44.772055334194555,0.1499826094239589
3093,43.23773910396272,42.97034688422755,41.48028514381518,40.785065187206655,30.82178675908551,42.3363318835788,44.737565198202304,0.1499826094239589
3094,43.289823349922194,42.99800726085911,41.25765116971438,40.24161135132251,33.478250739094754,42.17229060760911,44.784924763909444,0.14951014139872484
3095,43.27411919174315,42.871454878089025,41.30057052095523,40.548858228902745,20.427728866775333,42.18284979736876,44.772271444617765,0.14981522528746155
3096,43.261267761834965,43.07799470219555,41.27509332990124,40.68841555106556,18.77817036022943,42.43231255972202,44.759420014709576,0.14981522528746136
3097,43.245700174657536,43.01715227068412,41.08939857518932,40.144904302836046,27.70478733158261,41.90344210673659,44.743852427532154,0.14981522528746152
3098,43.27054228313163,42.730609302142824,40.95781923320111,39.726964833301345,24.36815105598192,42.004798148783884,44.768694536006244,0.14981522528746147
3099,43.26415282380401,43.097097322902506,41.25407802037133,40.51997099022705,24.730979771465208,42.342297872213805,44.7532396700818,0.14890868462777837
3100,43.26112439898163,42.76778715703843,41.14987466113805,40.527807070894994,20.046193132289535,42.002136520993304,44.750211245259415,0.1489086846277784
3101,43.28333035130279,42.872577202010774,41.51294572357474,40.366727259131856,36.090797671958285,42.030650827293115,44.77241719758057,0.1489086846277784
3102,43.28321992434243,43.00947989869914,41.30652359504531,40.253374452789025,31.645569748214776,42.47788211719435,44.77230677062022,0.1489086846277784
3103,43.27094016246966,43.02651923894971,41.37424991703905,40.78162103411635,24.609016707716716,42.309534127450405,44.76002700874744,0.14890868462777843
3104,43.27054106874693,43.04747527437968,41.265547356385994,40.63397891933354,21.944960862964475,42.31035501228306,44.76293922623954,0.14923981574926112
3105,43.26722705157211,43.153365821959646,41.29873896900516,40.82719169678525,20.03410303632814,42.65241221446854,44.759625209064716,0.14923981574926085
3106,43.25754711549786,43.093715338106726,41.19082782072346,40.5760358915156,24.854332088358614,42.2035371430422,44.749945272990466,0.14923981574926093
3107,43.282912788806115,43.097547223755505,41.37837443240859,40.72427781234727,30.10801647797294,42.06617916043332,44.775310946298724,0.149239815749261
3108,43.26413906625224,42.94802881036573,41.15335043805556,40.147383481465084,22.207739877281103,42.309353094500146,44.75653722374485,0.149239815749261
3109,43.276789876035586,43.10071976484102,41.718648652912066,41.285161679711194,31.02007872229765,42.57036742272488,44.769188033528195,0.1492398157492609
3110,43.26090111863735,43.062530960675275,41.1656230099115,40.25088052253096,25.55886145053961,42.0495382517404,44.75329927612996,0.1492398157492609
3111,43.24065488338046,42.94528974132049,41.55823378300704,40.87577363697334,27.624391905425647,42.24346416417848,44.73796668388274,0.14973118005022837
3112,43.247533551432475,42.94920522211563,41.17634134259741,40.34438958181882,33.23626262171341,41.924283842602634,44.7506522621748,0.150311871074233
3113,43.2324878367802,42.87174593999831,40.620512868364465,39.38562643112798,27.026692762498744,41.9206204326154,44.73466047604066,0.15021726392604545
3114,43.25494018856331,42.89266578637258,41.26723566908453,40.375389158638384,27.444262187987956,41.98419308122726,44.75711282782376,0.15021726392604542
3115,43.24543605823679,42.87879102238257,41.05782833549533,40.369435120488596,28.64318844598687,42.328362121095964,44.74760869749724,0.15021726392604534
3116,43.267455079796946,43.05334978029856,41.20476872801641,40.542199969888415,1.0231911355387595,42.207810062646814,44.7696277190574,0.15021726392604537
3117,43.27372867952264,42.94209572239856,41.00183787417628,40.29040436386096,27.078957885115805,41.991614797673975,44.7759013187831,0.1502172639260455
3118,43.27015856609144,42.99390050612917,40.64113118232793,39.80834703663258,22.355706392361327,42.00737461294358,44.77233120535189,0.15021726392604542
3119,43.268635341999506,42.94234548532131,40.98802230898523,39.78002957092815,30.95925771478342,42.057663302749965,44.76623709936381,0.14976017573643063
3120,43.28112740678321,43.05032346522446,41.11613458337716,40.76845620373446,-12.285719805202476,42.468897518422935,44.77872916414752,0.14976017573643052
3121,43.25059580675055,42.97779679402092,41.16730757201557,40.64712918895003,18.119747001546898,42.37041082490384,44.74105757683777,0.14904617700872172
3122,43.278700072852956,43.035014565169305,41.3317465596852,40.466211740977826,24.410961576207576,42.17091845656816,44.76916184294017,0.14904617700872175
3123,43.28174932111013,42.95339535606564,41.0951256999537,39.67390691202662,31.92575855742178,42.1059444065073,44.77221109119734,0.14904617700872178
3124,43.27664578254192,43.11975114279606,41.28643790390935,41.00363570519217,-12.350673669204248,42.58013042259721,44.753991615372286,0.14773458328303637
3125,43.2701037506984,43.04390355060815,41.44510910276384,40.957090613441764,30.13607873940581,42.27747676725713,44.74744958352876,0.14773458328303637
3126,43.28905644067482,43.099139683844,41.57825472823486,40.78149066856687,23.089261974811738,42.46880834419402,44.76640227350518,0.1477345832830362
3127,43.28396721434031,42.902092956130495,41.419955885126186,40.58616814603858,33.987103371804125,42.148799297290594,44.753792433437695,0.14698252190973846
3128,43.30233997422829,42.754715267236236,41.27105436135261,40.21121002680208,20.459469752410527,42.10158944189487,44.77216519332568,0.1469825219097385
3129,43.24352007123937,42.98379775681444,41.31872811597919,40.77225085634808,29.766795721271386,42.184002599302026,44.713345290336754,0.1469825219097385
3130,43.252569397268005,42.92821127114192,41.48568288263002,40.33098948617347,33.53922189196612,42.24173537901561,44.72239461636539,0.14698252190973848
3131,43.28687410735358,43.04537431214779,41.121505076023695,40.26749192602135,27.890652721778917,42.241843999464656,44.75669932645097,0.14698252190973868
3132,43.28955155201214,43.05616079865357,41.624670845548316,40.98547177929168,27.745433484012782,42.4856141139031,44.75937677110953,0.1469825219097386
3133,43.27746085862368,42.9500949075375,41.164260521773144,39.959443356265425,31.185945978705433,42.080563484013595,44.747286077721064,0.14698252190973843
3134,43.29595382329209,42.9754898535033,41.08659384644647,40.12120037086523,25.286887452962908,42.13312870065835,44.766291903773464,0.14703380804813773
3135,43.27467687819078,42.96239329812921,41.34638409059014,40.491030736433444,32.68335079542921,41.87906516724156,44.75058467573755,0.14759077975467677
3136,43.27434508668971,43.03098908084571,41.378606225225425,40.58718091727227,15.183275112173934,42.230585134426235,44.75025288423648,0.14759077975467683
3137,43.289086708292324,43.101643666389066,41.45178166167313,40.58560456910521,30.466008519019788,42.56236569384504,44.778443398705654,0.14893566904133285
3138,43.2695915931657,43.00112956912781,41.53578115754554,40.55242739653151,32.36662333452651,42.378738186623615,44.786569906746934,0.15169783135812312
3139,43.25375280429197,43.080461803468154,41.47369958797051,40.81003709828954,24.53626668638401,42.5833687153547,44.770731117873204,0.1516978313581233
3140,43.24203079107071,42.93097552760481,41.265765066342254,40.92232758825888,22.513038718319645,42.247416709211656,44.770866116497004,0.15288353254262932
3141,43.23890804254127,42.88714067646734,40.993717182098166,40.18798601706327,24.44190095204612,42.08614213655592,44.76774336796756,0.1528835325426293
3142,43.232479134059375,43.03768199860448,41.29616373256513,40.50449221283285,23.21638980859938,41.93670207082748,44.76131445948567,0.15288353254262924
3143,43.22937345573396,42.782212258905226,41.06630998749299,40.04096789602495,29.88846890174819,41.82099176304913,44.75848653352818,0.15291130777942163
3144,43.229229119003605,42.810848322920606,41.025883109682475,39.90931619434736,27.730380484994676,41.925035890129315,44.75834219679782,0.15291130777942177
3145,43.22634082176781,42.97087385456279,41.20507737334452,40.21695088985308,32.50240903345566,42.06743266909733,44.75545389956203,0.15291130777942158
3146,43.24740873758283,42.979384504993554,41.011087599099845,40.25811410750445,27.211074907383875,41.84668972570903,44.776521815377045,0.1529113077794217
3147,43.23199622157959,42.743808510336734,40.913848271791146,39.84141039697985,24.492266669397566,41.88913044437592,44.76110929937381,0.15291130777942172
3148,43.24786825824799,43.05956704222551,41.48410708116368,40.792247440130424,28.847726134869607,42.28865910291847,44.776981336042205,0.15291130777942175
3149,43.23536078584724,42.854126241061955,40.49390554257853,39.32832933899124,24.14262132262415,41.6904211565438,44.764473863641456,0.15291130777942166
3150,43.238717019479374,43.12487730378399,41.219629377010925,40.529759052636805,22.160364512654432,42.41864651063528,44.76783009727359,0.15291130777942158
3151,43.22619189157743,43.10056097773925,41.601100172493624,40.636731278589835,34.66758778719431,42.5753785564699,44.75530496937164,0.1529113077794217
3152,43.22909279246637,42.99400286112575,41.18888598433436,40.12086839188669,23.540181483947986,42.09270859630176,44.75820587026058,0.15291130777942163
3153,43.254142190057365,42.78819415124292,41.15552105277389,40.286156145270255,28.679231713150784,41.737372238142484,44.78325526785158,0.15291130777942172
3154,43.23262816649261,43.003349919992644,41.22828118217836,40.3754532157583,29.929431511039425,41.75582170265669,44.761741244286824,0.15291130777942175
3155,43.26036575672058,42.92668336321587,41.20870385425614,39.8461784392125,34.184567295840935,42.03046959006177,44.789478834514796,0.15291130777942166
3156,43.22628593135953,43.03224042357536,41.41627884881206,40.65644412650009,27.95365562902962,42.552646054280686,44.75539900915374,0.15291130777942166
3157,43.242296189527856,42.917470268796905,40.804284534496695,40.418144917485904,-9.332965646630939,41.92108250155188,44.77140926732207,0.15291130777942163
3158,43.23421119311717,43.01213026875492,41.33173107004871,40.51210770887356,27.826418885150925,42.386809382739145,44.75820742207855,0.1523996228961379
3159,43.23413913705843,42.90590438664903,40.849388795858715,39.43015353694987,27.773256093866873,41.83553861240641,44.75813536601981,0.15239962289613798
3160,43.2409042302486,42.97769115563306,41.264068258473834,40.332460757334275,30.857697011439384,42.04000850061132,44.76490045920998,0.15239962289613793
3161,43.262429534342786,42.904369197204204,40.99479282432027,40.0265189168582,27.47762302035833,41.72706838741604,44.786425763304166,0.152399622896138
3162,43.25896197190161,42.9783722568938,41.602888887600656,40.757877178741985,31.06195907979836,42.42331183606261,44.78295820086299,0.15239962289613793
3163,43.262199025220454,42.9702977560088,41.32036576844635,40.10262741238094,30.617142044742458,41.99054584448949,44.786195254181834,0.15239962289613773
3164,43.24085645651534,42.934414683831946,41.04550595548597,40.07450098599381,32.38548773854595,41.99603493815626,44.76455756455405,0.1523701108038713
3165,43.23395273023055,43.011433974799445,41.033739359101624,40.226265049147884,21.645253257454414,42.25425715946922,44.780543402873654,0.1546590672643103
3166,43.2335901915428,42.970257728245,41.1057832887153,40.517178325516404,16.383912866441005,41.9933233244742,44.7801808641859,0.15465906726431017
3167,43.20980595231541,43.004693329023404,41.32051898494753,40.30566299802216,31.9787567791523,42.01782664281814,44.754811731766054,0.15450057794506425
3168,43.22617199402345,43.003717549406495,40.792760690963675,39.782767299413514,-7.721996978778613,42.240809914559875,44.77117777347409,0.15450057794506417
3169,43.22912874973565,43.00142383148526,41.49300726796673,40.68734309799136,33.09467042237401,42.210789067541725,44.77413452918629,0.15450057794506414
3170,43.21960695452105,42.97606130564435,41.469173157367905,40.488839725784196,30.695216619532196,42.19771179819507,44.76461273397169,0.1545005779450643
3171,43.22621758023243,42.951698379778215,41.18919713803244,40.16733129941442,27.261180913007554,42.02449206794735,44.76064191076128,0.15344243305288496
3172,43.25748821318709,42.667317866503666,40.77766622970383,39.402288173902036,15.298859710796982,41.827244836968895,44.79191254371594,0.1534424330528849
3173,43.25705893564213,42.91420385025509,41.05693419419134,40.17607098243789,31.434087929979682,42.09712067767768,44.819667095483624,0.15626081598414943
3174,43.232365101287755,42.91421740243038,40.87205964655871,39.3491329752084,32.21547371689417,41.89325620130717,44.79497326112925,0.1562608159841494
3175,43.22000018921985,42.854964117045476,40.744367828514335,40.23415020944859,23.07782770791602,42.266266841391214,44.804390605857996,0.15843904166381403
3176,43.20757062889699,42.99210243862224,40.865061041029946,39.82346088755192,16.965653048779846,42.1858233165935,44.79196104553513,0.15843904166381403
3177,43.20758589478624,42.850306991919744,41.34097558526114,39.9942253635972,33.99852785388771,41.98761963737812,44.791976311424385,0.15843904166381406
3178,43.204211350174766,42.96279679116347,40.95811231409609,40.18047226301569,22.50126503943121,42.060883758581795,44.7886017668129,0.1584390416638138
3179,43.23221813803676,42.87471808643366,41.095955816410076,40.405706301354954,24.29353000108953,42.021675525023625,44.8166085546749,0.15843904166381403
3180,43.229416808708635,42.797864406268864,40.62068003790885,39.5855530475511,21.27830024583651,41.91390859909602,44.81380722534678,0.158439041663814
3181,43.21094625535841,42.80883081112545,41.132102796712786,40.23914941258687,21.980649909902944,41.993909310793015,44.795336671996544,0.15843904166381392
3182,43.21658763804504,42.956373562196546,41.43723456607139,40.82804127955538,32.42281916094271,42.13237438294408,44.80097805468318,0.15843904166381398
3183,43.22919105746689,42.914377602401615,40.52217470720893,40.577942240513536,-3.885222057709349,42.326694007127195,44.813581474105035,0.15843904166381406
3184,43.24105489148386,42.94033677982614,41.369243756329695,40.88187770385395,26.985142566640317,42.27822418756996,44.82899344201434,0.15879385505304755
3185,43.19766346964931,42.9352764206088,41.22018386243294,40.129914286386295,24.208250402107762,41.917963249648665,44.78560202017978,0.1587938550530477
3186,43.213729652182685,42.891904567514786,41.27182024175622,40.622625949959875,31.77126588397382,42.06981606280809,44.80166820271316,0.1587938550530477
3187,43.194716515158866,42.892435609585554,40.92373085315865,40.45109693284153,24.027569238404865,41.633877757763045,44.78265506568934,0.1587938550530474
3188,43.205733034670175,42.89866331835235,40.80240076451522,39.66870545645353,24.56755841574754,42.2072472508206,44.80443135380843,0.15986983191382614
3189,43.19950958432469,42.99536326362931,41.02079126791615,40.09253845932344,30.5445123741372,41.92630514429143,44.798207903462945,0.15986983191382606
3190,43.2366876604382,42.99737424139353,41.074384688812046,40.255851278943304,23.99223846052448,42.24192105396846,44.83538597957646,0.1598698319138261
3191,43.19030750542429,42.85604303452198,41.00239340257156,40.087728704337785,26.720097315511385,42.04483023155891,44.78871201442373,0.15984045089994395
3192,43.179544379567886,42.85838984246388,40.79613461527703,40.02415755342268,-7.98951610552686,41.81891839472137,44.77928240999949,0.15997380304316033
3193,43.18269432491725,43.03444735793111,40.90426877684467,39.80494186763023,19.503783738246305,42.35651524841154,44.78243235534885,0.15997380304316025
3194,43.191077489248066,42.96073245645571,41.00566322956771,40.21628463707021,31.020765955993202,42.216343278448456,44.78556527755837,0.15944877883103034
3195,43.21945864117697,42.98645117680853,41.35872974726835,40.630572809585054,30.828371406342825,42.21080796725985,44.813946429487274,0.15944877883103042
3196,43.1880180103079,42.87312958841605,41.28492862142934,40.844059165074924,31.805682960973293,42.148620177865595,44.7825057986182,0.1594487788310303
3197,43.203812250913465,42.93044681309465,41.34069529789725,40.93893786866811,25.415693335469523,42.07055776439745,44.79830003922377,0.15944877883103006
3198,43.20982622318182,42.94672263542626,40.982648007083654,40.545723042574735,20.391920781296413,42.15632402406328,44.804314011492124,0.15944877883103023
3199,43.18175390246154,42.938396359766905,41.01555623097161,39.91655754679389,29.83705121955589,41.98541286218034,44.77624169077184,0.15944877883103034
3200,43.21584154985018,43.039182016274566,41.465494815393036,40.6521893016339,28.112222157730553,42.336180873477645,44.810329338160486,0.15944877883103029
3201,43.200634867919135,42.897260200625375,41.383735961287094,40.84427980680001,28.35708448181036,41.979237057302115,44.79512265622944,0.15944877883103023
3202,43.20073815006326,42.93628801351795,41.443850605488336,40.57547048879854,34.08468838755341,42.308906103193905,44.79522593837356,0.15944877883103023
3203,43.19447523493405,42.88428651169004,41.319772854844594,40.2797570201854,28.526989824663552,42.09063645352035,44.78896302324436,0.15944877883103015
3204,43.19434496980751,42.92272859185048,41.17529744068529,39.76056150628105,29.203860426810536,42.26414807402783,44.78883275811781,0.1594487788310303
3205,43.20445994339816,43.09425729109612,41.196388039643125,40.1424369900266,27.41533856764849,42.328546586884116,44.795122222766715,0.15906622793685501
3206,43.19872226163345,42.879406758932646,41.18961318365972,40.391205015247394,29.48600132467461,42.04272762017315,44.78568158682466,0.15869593251912056
3207,43.19462373995017,42.79749349029725,41.14762715363926,39.749035450569146,32.419127929339716,41.97223242737931,44.80970505838624,0.1615081318436077
3208,43.18546263469055,42.983757751125005,40.95336011404515,40.20868600686999,0.8874589722753257,41.91904709452665,44.80054395312663,0.16150813184360757
3209,43.20077575500742,43.04550818817271,41.339205032030456,40.367110437722104,32.36039578718136,42.246327697234165,44.815857073443496,0.16150813184360777
3210,43.166317670412866,42.791558047333034,40.871958740241745,39.94507763690095,21.720390931571316,42.08595733539249,44.78139898884894,0.16150813184360763
3211,43.197474714081515,42.68590164589076,40.92312461625905,39.61512990816634,31.76857357135437,41.814900071243315,44.81255603251759,0.16150813184360757
3212,43.179034818625354,42.924952964918454,40.917506251202106,39.50519007880656,28.513289031963964,42.05682764589244,44.79411613706143,0.16150813184360768
3213,43.15969851535536,42.93221740283218,41.34667341197776,40.59854967925252,32.3232473982373,42.37338069306486,44.774779833791435,0.16150813184360754
3214,43.170079048163686,42.6503277407741,40.48016305691558,39.5081099601314,9.169295219108363,41.55066828904233,44.78516036659976,0.16150813184360757
3215,43.171649467513156,42.82443425450249,40.796018383605386,40.00741902972732,20.14094775631997,41.97827668761803,44.78756688744783,0.16159174199346768
3216,43.20311398585933,42.974316926415234,41.305364233083644,40.63344473827357,28.232439847872673,42.51309145581119,44.81903140579401,0.1615917419934678
3217,43.20083245950424,42.89394972713414,40.85052251398444,39.44472964679423,19.892350606879234,41.907888627828406,44.784564827466205,0.15837323679619675
3218,43.219312719731356,42.83674749944447,41.118898912431256,40.28935602147014,29.714360123333208,42.209932233287205,44.80304508769332,0.1583732367961967
3219,43.237826494362125,42.88701465625705,41.38765142508151,40.529957722515114,27.88976212064648,42.38210793039269,44.821558862324096,0.1583732367961968
3220,43.19469894144025,42.93786876888791,41.49551314174358,40.77611847597393,32.39983379035411,42.13405472257749,44.77843130940222,0.15837323679619683
3221,43.20042373809849,42.829354342921704,41.09259747327403,40.35496454794754,26.73940192999965,41.97970657587385,44.78415610606046,0.1583732367961967
3222,43.188489174104376,42.88998282894954,41.20333594235076,40.39103221359778,30.647144326160394,41.89135996441958,44.77222154206634,0.1583732367961966
3223,43.2116954882841,42.71303395394921,41.05863017977598,39.805981561725915,27.431669068285387,41.72430576801018,44.8284960726185,0.16168005843343972
3224,43.17462793218653,42.737271776045496,40.672104286996586,40.00594573317273,21.988785975706474,41.69786811632609,44.797297626487186,0.16226696943006572
3225,43.18744718510678,42.83519211014017,41.066266762156495,40.294659196338294,30.432269608289957,41.78668185151699,44.80983054758738,0.1622383362480601
3226,43.1777720968522,43.041502540757904,41.29487286968016,40.23233628591952,21.642839437151526,42.25139502823606,44.80015545933281,0.16223833624806028
3227,43.19672116900235,42.98749974818392,41.28276831162282,40.432447462146946,28.618441750401555,42.2930677652822,44.81910453148295,0.16223833624806008
3228,43.1868863045,42.738028074329655,41.018117910747534,40.242061995745736,28.939336513715237,41.922369472359094,44.809269666980605,0.16223833624806014
3229,43.189585489683886,42.8573662054042,41.04749229983653,40.87800056229494,25.306432050995152,42.189834081638836,44.784866021689496,0.15952805320056074
3230,43.1835330989453,42.892628553545585,41.19613929669038,40.64211274982118,19.998399814903628,42.20682591651189,44.77881363095091,0.15952805320056102
3231,43.21425554096475,42.70158788352396,40.86679119743772,39.59698701452003,30.29284844488241,41.7056779198132,44.80953607297036,0.15952805320056088
3232,43.18693980357959,42.8254582551768,41.070363604770506,39.83496130873878,25.658757875468037,42.01479603743133,44.80344408599427,0.16165042824146778
3233,43.18370099991356,42.84152112378205,41.128510261126245,40.40386328589505,30.33827160461096,41.988933647303966,44.800205282328236,0.16165042824146758
3234,43.195706092112516,42.9322241090241,41.37007093737635,40.45804312730656,32.257783816907924,42.20006367889948,44.810157988724164,0.16144518966116445
3235,43.18287035776215,42.795733192902425,41.23923392253241,40.23346396270939,30.245966785873154,41.716159821287384,44.79732225437379,0.16144518966116442
3236,43.201382737416125,42.743004351776996,40.914643818375716,39.6548882264794,30.979845825244084,41.9445782956565,44.815834634027766,0.1614451896611643
3237,43.182559455402156,43.02659935619034,40.86406626272549,39.76856177365373,17.57378124719581,42.283223105462355,44.797011352013804,0.16144518966116447
3238,43.19180473657247,42.89007283795807,41.1145153223474,40.13661847513149,28.534472925514702,42.22443766827577,44.80625663318411,0.16144518966116442
3239,43.170382865773874,42.75889596095492,40.72105977104473,40.30960577082162,19.967781688960642,41.87872557894767,44.784834762385515,0.16144518966116442
3240,43.17621307258811,42.94733547261459,41.132290163484484,40.1362695452458,33.00685773043716,42.03038282029409,44.79066496919975,0.16144518966116433
3241,43.201311099774166,42.93182868466698,41.218125561322154,40.31004108237198,27.16285006636062,42.292150746439276,44.81576299638581,0.16144518966116436
3242,43.1892588004841,42.986858106228325,41.17674150802469,40.77406926904506,-8.500260665565477,42.152589202161074,44.80371069709574,0.1614451896611644
3243,43.18270847166623,42.84619046792537,41.08795269856926,40.21426615649879,30.961886847630765,42.01739399811902,44.79716036827788,0.16144518966116445
3244,43.1638956965851,42.91478790265848,41.36532482573396,40.43652119357745,31.947739073432423,42.08839052224607,44.77834759319675,0.16144518966116445
3245,43.18316539665494,42.975412063421025,40.7711456589189,39.57892710580772,27.17843717278271,42.254216767271444,44.79761729326658,0.1614451896611644
3246,43.17671270639546,42.819342429097325,40.83873518167797,39.76802523676928,23.170765267015845,42.00379987804219,44.791164603007104,0.16144518966116442
3247,43.17050864533243,42.92587016055442,41.12413307276856,39.78971249903403,33.01758639608841,42.067953137173056,44.78496054194408,0.16144518966116445
3248,43.20183900394699,42.974860980404046,41.53504602946533,41.027794304682125,27.222982414824944,42.38785908553247,44.793937877238584,0.15920988732915903
3249,43.208816348728966,42.87524338343749,41.35824676032773,40.68064431456661,31.718835958877087,42.150063341587284,44.800915222020556,0.15920988732915906
3250,43.202477284113414,42.88945120771636,40.8651175597689,40.271992305515276,20.356996307912418,42.0736724571556,44.794576157405004,0.1592098873291591
3251,43.23646448845205,43.05004188367352,41.61780406565527,40.851001555922146,31.093523375385672,42.3692414292257,44.82856336174364,0.15920988732915894
3252,43.199072680954075,42.936406553578706,41.13577095849117,40.17773079127317,31.19208694560067,42.08745632138154,44.791171554245665,0.15920988732915917
3253,43.20167443475168,43.02069408283787,41.07061181391623,40.225794563317976,28.480829721296175,42.29812940735047,44.79377330804327,0.1592098873291591
3254,43.20838146961432,42.87155296789357,41.14329617858527,40.239611774957304,24.531332350455607,42.226757593916034,44.80048034290591,0.15920988732915903
3255,43.20500900269861,42.98066450330881,41.35224723833553,40.79576643333313,27.309893979554428,42.26329504624046,44.7971078759902,0.1592098873291591
3256,43.19174217522002,43.00785209030783,41.456339071215844,40.85812566815916,29.302764460724063,42.29737093594905,44.77827133144622,0.1586529156226199
3257,43.201130225323716,42.75828479071322,41.19246497555117,40.47742959849188,27.934217223727007,42.03415901526112,44.787659381549915,0.15865291562261996
3258,43.214208924014955,42.98186222438856,41.4508908155653,40.696779683537315,32.19930234766083,42.175609130588825,44.80603924014182,0.15918303161268674
3259,43.211879692800416,42.96010566696084,41.30398899096365,40.453753677876975,27.175863358776816,42.27528582421425,44.80371000892728,0.1591830316126867
3260,43.20269513707276,42.928165327331826,41.13902101568176,40.33143006674742,24.271596190085116,41.95442371579035,44.794525453199626,0.15918303161268682
3261,43.22467436484498,42.92425713029139,40.885992982521195,39.95203629725102,24.695614650309132,42.26360801759739,44.816504680971846,0.15918303161268696
3262,43.21193436876695,42.97841185948245,41.74002270902178,41.09048293718185,34.68141666533816,42.34364872593276,44.803764684893814,0.159183031612687
3263,43.21158968822396,42.79273170492536,41.15510255501509,40.59045609040735,29.473708307529048,42.09753579646935,44.803420004350826,0.15918303161268688
3264,43.19942649451214,42.95389185264484,40.828264079929816,40.00768518643417,10.382100056251886,41.92391512869732,44.791256810639005,0.15918303161268696
3265,43.20590128571401,42.930289872451496,41.2088207483786,40.42263507221454,28.18067244058635,42.2470203290906,44.79381516589192,0.15879138801779105
3266,43.24020829656034,42.88145578607947,40.62744320293357,39.429426745505616,23.067687154549755,41.783033103367494,44.82812217673825,0.15879138801779102
3267,43.19678827869642,42.704628571349545,40.80001470329997,40.50943526089311,25.509505006263595,41.94643492916507,44.78470215887433,0.15879138801779122
3268,43.214573216805896,42.8784364969652,41.332541267652516,40.55732398757219,17.99929872753204,42.40596462396174,44.79092671045675,0.1576353493650854
3269,43.20195269130255,42.84857393894805,41.287872294881346,40.37719815446295,32.658638435354405,42.259032090966905,44.77830618495341,0.15763534936508541
3270,43.23336547253335,42.88548499739231,41.14354330882949,40.116182833261284,30.528521836549878,41.90105478075152,44.81284168837669,0.15794762158433423
3271,43.21225269054071,42.89955913036933,41.34575212090398,40.04469846211167,30.717966591929468,42.47697012798297,44.80367369710881,0.15914210065681073
3272,43.205965890029304,42.984385093485244,41.243561177829456,40.27514073286903,30.11591038193157,42.020743959219956,44.79738689659741,0.15914210065681073
3273,43.208541332964906,42.98350263317458,41.29389714169212,40.266364255469185,29.191479217707524,42.4155076622927,44.79996233953301,0.15914210065681048
3274,43.20298576042107,43.03934579789813,41.372052654157834,40.368042517467835,33.329394032140485,42.428090845260456,44.79440676698918,0.15914210065681064
3275,43.218236574081544,42.97227528498035,41.24017924026292,40.56539871848717,27.61895286971432,42.053939495628725,44.80965758064965,0.15914210065681056
3276,43.21178144923532,43.06470308793109,41.08726904758928,40.60005244536052,24.147853171247867,42.42818865128252,44.80320245580342,0.1591421006568106
3277,43.199694731210506,42.909115640917506,41.00757918581465,39.74173331010785,30.695752295511934,41.996362673376645,44.79111573777861,0.15914210065681061
3278,43.18723724889257,42.82308916132757,40.93403032206592,39.8774442594102,20.39436260917202,41.7825819231652,44.77865825546068,0.1591421006568106
3279,43.22825176339233,43.020889218538684,40.99065486626545,39.55594305325694,28.478529731559078,42.214510707416764,44.8338594985408,0.16056077351484677
3280,43.21195574614856,43.06430378483178,41.31969167039445,40.59779996472673,24.75379451642034,42.14435823483979,44.81756348129703,0.16056077351484666
3281,43.234196032167986,42.8987824867772,41.030486678296555,39.9990579254095,24.47626256271514,41.8265477127433,44.839803767316454,0.16056077351484663
3282,43.25032338553955,42.98295864290227,40.71901054791066,40.372728264478624,-14.927678994307456,42.13256243673866,44.85593112068802,0.1605607735148466
3283,43.23262826681,42.95801415145399,41.386001017426246,40.57936931491361,17.926052024754874,42.48708600287027,44.83982089515093,0.16071926283409274
3284,43.207670665103244,42.94941225505694,41.29236514447772,39.97562111085766,31.775126035553217,41.906537684442114,44.81486329344417,0.16071926283409263
3285,43.22028814926828,42.964650454912274,41.01866457591477,39.85650265948413,20.3427634729807,41.99090868845752,44.82748077760921,0.16071926283409294
3286,43.245487206039975,43.053359477281,41.21097871314365,40.428469101996086,23.74141452114892,42.0196044602215,44.8526798343809,0.16071926283409288
3287,43.21288214309047,42.6685827215366,40.71232034006253,40.11259741816403,24.458620400565692,41.57038795627358,44.781694403049855,0.15688122599593854
3288,43.21009573603121,42.918348983746725,41.15443883487534,40.490301603933176,20.43412590304251,42.06247980546412,44.77890799599059,0.1568812259959386
3289,43.210173461542105,42.95595408859544,41.14419885273934,39.799153780640076,30.286075835755547,42.11038980526539,44.77898572150149,0.15688122599593868
3290,43.21068352649059,43.078250185331655,41.187187540224734,40.62643773748302,17.65672506662633,42.47915682642004,44.76309724828369,0.15524137217931047
3291,43.25310866178998,43.07460358928385,40.990802800488524,40.04444114609782,16.20246882997759,42.345813123320156,44.82584543467753,0.15727367728875488
3292,43.24695205065585,42.97811099133979,41.1991826616437,40.07838732869708,31.270945414649006,42.089013362375944,44.8196888235434,0.15727367728875502
3293,43.19080809191341,42.76824192909485,40.92740735986134,40.057696862407504,19.7859873386938,41.984683468536105,44.76354486480096,0.15727367728875496
3294,43.21925366830318,42.68959923521485,41.079455659222475,39.77879404551411,31.694846887331778,42.02977713947452,44.79199044119073,0.15727367728875483
3295,43.22549376658183,42.92311498580804,41.36315596393789,40.05637691696024,33.25767503813819,42.11771697166,44.79823053946938,0.15727367728875488
3296,43.20657442050261,42.91032770671853,40.79283029167025,39.8659906443335,25.901587363513976,42.188288974370394,44.77931119339016,0.15727367728875474
3297,43.225546476080275,42.98864934528701,41.33783330194724,40.77630540416926,29.24206329542342,42.09747952044086,44.79828324896783,0.15727367728875494
3298,43.228134680795904,43.03027805583265,41.34339702636691,40.73680807719906,26.712672511843365,42.422882590975306,44.800871453683456,0.15727367728875496
3299,43.24135394645894,42.98393728585684,41.33314369132717,40.402971997148526,29.69593854428384,42.43397413270803,44.80011309220191,0.15587591457429692
3300,43.27304735033314,43.03791135416765,41.26124001997833,40.85798662508277,24.023856302089733,42.39769401999551,44.800431521350845,0.1527384171017706
3301,43.31039579624722,42.997768912249384,41.14599267849495,39.84337983846161,31.151272859413012,42.06194771725261,44.83777996726493,0.15273841710177066
3302,43.28879453319862,42.950898860419535,41.33167975952668,40.76731198782075,26.37554284242863,42.400475227706764,44.81617870421633,0.15273841710177058
3303,43.31378690484491,43.00566571119915,41.35229052275153,40.40517519061532,25.047471885716828,42.5567775657959,44.84117107586262,0.15273841710177055
3304,43.30380064576021,42.90389221589838,41.23866155824702,40.434800135675346,31.57308434252383,41.84339328551826,44.83118481677792,0.15273841710177052
3305,43.2992623073742,43.02954521164589,41.42351203377734,39.790831974004675,34.85992934351007,42.08994480951371,44.82531295695974,0.15260506495855444
3306,43.311969572068755,43.102607866604735,41.21117076564802,40.3819217001369,26.565846691906444,42.536400942170516,44.8380202216543,0.15260506495855425
3307,43.28262058311608,43.06843703303096,41.40759408096634,40.6647061703593,31.916669691135077,42.36273322794162,44.80320411425174,0.15205835311356647
3308,43.28940345646236,43.06093461184422,41.47718120846648,40.4934285820455,30.23695676555083,42.132108326203635,44.80686608151678,0.15174626250544213
3309,43.31091626056954,43.1668770547262,41.53811901204113,40.53897809658249,33.32460781805881,42.603732016987486,44.82837888562396,0.1517462625054421
3310,43.29413911380992,43.042400863023936,41.49194229372406,40.33868778097265,31.62018444953725,42.332677251878565,44.81272375731864,0.1518584643508723
3311,43.28610477495737,43.08671401045959,41.414470904372,40.43818359823902,28.28988855558658,42.522987312658444,44.809996375843546,0.1523891600886173
3312,43.311961455275785,43.02764307462991,41.08835998411109,40.16939101945448,26.880198632070236,42.18316637370382,44.81284220161287,0.15008807463370805
3313,43.30468005956152,42.97744309647913,41.16766276030273,40.352231223306,26.167687648543776,42.05659427324418,44.812739544821376,0.15080594852598547
3314,43.31354310454444,42.93915927245415,41.21067289520547,39.985235086151185,29.988550394151154,41.97077259868242,44.813056889174064,0.14995137846296192
3315,43.32758958197442,43.15853300464221,41.13216317213518,39.93400536081212,28.577253297704047,42.09702472432356,44.82529388736794,0.1497704305393519
3316,43.32126015913121,42.98343057409942,41.031258809856595,40.39698924791371,-7.2229131261977955,42.17096892829905,44.818964464524726,0.14977043053935188
3317,43.31175832591822,43.15508811982763,41.16381895877261,39.691985619738055,32.46959311037144,42.20540317123225,44.80946263131174,0.1497704305393518
3318,43.308504881757635,42.92974005878784,41.35271721833273,40.44060890258246,32.5804691854575,42.17186861437661,44.806209187151154,0.14977043053935182
3319,43.33371353093006,43.07286894347913,41.62174450599393,40.809589932390374,31.813497046084585,42.41290012856054,44.83141783632358,0.1497704305393518
3320,43.30550234303706,42.97965953584455,41.648731525610096,40.78320076445824,35.674594663754846,42.41251406229181,44.80320664843058,0.14977043053935163
3321,43.331152375782644,43.02135353781198,41.24145058628477,40.19291526941288,32.68436011052685,42.185423761444156,44.825308547283825,0.1494156171501181
3322,43.31859677553011,42.80089441886905,41.08814758394972,40.09144780014999,30.302499993431624,41.93063504273974,44.81275294703129,0.14941561715011814
3323,43.30591908553301,42.949583842650995,41.504439590157624,40.57850872787839,33.89851283274967,42.02557063977409,44.800075257034194,0.14941561715011822
3324,43.32479880670649,43.06851922416563,41.29763327478503,40.40359693275208,25.190624993351374,42.52716776386151,44.81895497820767,0.1494156171501181
3325,43.31253829318434,43.01166183284805,41.28151710835373,40.4974754154079,26.444051422912022,42.378548740731915,44.80669446468552,0.14941561715011828
3326,43.33385850292807,43.10697389316459,41.513736236013756,40.90042300140947,30.56543073173643,42.30048174336643,44.82801467442925,0.14941561715011817
3327,43.320429240827096,42.97900169134303,41.290626411954776,40.182965408570766,30.666307580073074,42.14134788170716,44.80964691016185,0.14892176693347534
3328,43.34520131007773,43.15147837567699,41.421477405528634,40.459139385240476,28.89707721906389,42.552397318684406,44.83441897941248,0.14892176693347534
3329,43.339428042604595,43.13262451028475,41.21673413687261,39.83564988712101,25.57271045134927,42.1741201083683,44.828645711939345,0.14892176693347528
3330,43.31563163028363,42.963786853571875,40.845586674990415,39.81467054999035,8.532756490933963,42.42824637804452,44.803727281164086,0.14880956508804513
3331,43.317937820017335,42.88698121558617,41.54277577787918,41.19754556687183,30.56797779528049,42.238858009558484,44.818886626039664,0.15009488060223286
3332,43.32441559778312,43.07114976054582,41.03076274128927,40.19315001560914,26.401485367793864,42.17708295745077,44.82536440380545,0.1500948806022329
3333,43.323788981010644,43.02335123757082,41.70058906540171,40.99771376807906,29.612803356693753,42.41370956707195,44.78178231440773,0.14579933333970868
3334,43.36349203524062,42.99438077402201,41.599205446031235,41.16175976076687,21.805289039382842,42.38598053046394,44.81891916655522,0.14554271313146036
3335,43.35706079462349,43.12179267468234,41.419837399140526,40.48467832472936,32.13111862040033,42.22077446633213,44.8124879259381,0.14554271313146047
3336,43.37554567663436,43.2036452026258,41.618068907643796,40.868322028371225,22.174024970422096,42.42459170485642,44.83097280794896,0.1455427131314603
3337,43.350835892906034,43.07342162994881,41.53186548541271,40.998629719801905,22.048973114110662,42.47815483873337,44.80626302422064,0.14554271313146042
3338,43.3730011545008,43.1738927789289,41.535642220948326,40.52098503498927,32.917943772158985,42.57506575166289,44.831332956014684,0.14583318015138838
3339,43.369854160389956,43.05911062982015,41.37092217953659,40.40976520214979,30.594137054377505,42.390350469621495,44.82818596190384,0.14583318015138833
3340,43.35732966345119,43.13187669799385,41.27151831677667,40.036806244203646,24.694048399250917,42.60974475849273,44.815661464965075,0.14583318015138824
3341,43.36076511160754,43.153037334740226,41.1592774998454,39.98546783407753,30.58588500142621,42.324072582518355,44.806243757979544,0.14454786463720043
3342,43.377036784258806,43.1187521158218,41.57548580373056,41.03306819315065,23.1196929320799,42.272711282495635,44.82251543063081,0.14454786463720035
3343,43.38876931270994,43.173933484014256,41.95588292607503,40.94307463112972,26.766230814702656,42.715894667276245,44.83163135979563,0.14428620470856893
3344,43.36104277985794,43.1545819605353,41.53952199365315,40.60888452510862,29.59077915278492,42.50628374078968,44.80390482694363,0.144286204708569
3345,43.379094859769864,42.91954907813589,41.15098628088743,40.334134972518925,23.437089843892164,41.99675173617645,44.821956906855554,0.14428620470856893
3346,43.38544386177107,43.115438923581095,41.51711224143753,40.6348688531893,32.49183019646643,42.43506426707883,44.82830590885676,0.144286204708569
3347,43.36651930326572,43.03883241049012,41.22303003027559,40.223497101554116,26.8239658313629,42.12954735841349,44.80938135035141,0.14428620470856884
3348,43.39774490492349,43.10895097879805,41.06871494635995,39.53937364685925,27.79377224525701,42.1210522514169,44.84060695200918,0.14428620470856893
3349,43.38846128877542,43.124562867804066,41.436392706263064,40.92428728420346,25.665507672558313,42.49103080520571,44.83132333586111,0.14428620470856884
3350,43.39511674429938,43.08806006924731,41.546373039547305,40.44178920160698,31.413300993420677,42.41292473152028,44.83720254426844,0.14420857999690617
3351,43.38612535285803,43.21637258237508,41.589794683216155,40.71264379703604,31.301311737096302,42.61274446991417,44.82821115282709,0.14420857999690603
3352,43.39896296945603,43.0094539040506,40.989819162059625,40.51238712383231,14.80739950801151,42.27241552850357,44.841048769425086,0.144208579996906
3353,43.404551802639034,42.946902723578205,41.58055475925307,40.73894306049972,32.543385477261,42.03676460384314,44.84663760260809,0.14420857999690592
3354,43.33649872335378,43.04507215500631,41.28483015573108,40.42808301673313,22.134805822050513,42.287687252849935,44.77858452332284,0.14420857999690614
3355,43.36893341199579,43.07663558897365,41.24291018260582,40.86568187213634,20.591081091221554,42.24929154010391,44.81233746870341,0.14434040567076178
3356,43.39710655973778,43.127595519337596,41.40865813677235,40.52472258653435,25.33750859551121,42.72367108190343,44.84051061644539,0.1443404056707617
3357,43.365874612836954,43.10489841645831,41.75947675112004,40.84424865098662,31.588928837325017,42.62362190924618,44.80927866954457,0.14434040567076162
3358,43.385093662890405,42.93833179232513,40.96861435667638,39.79607420185971,29.594791894180105,42.04906772950538,44.828497719598026,0.14434040567076178
3359,43.38199855216471,42.966522721626404,41.27043825609629,40.179198857127666,31.28745434869984,42.14650031451353,44.825402608872324,0.14434040567076167
3360,43.37254870187931,43.159841858933774,41.46965692960208,40.729613491179705,23.480575635640776,42.34975309967707,44.81595275858693,0.14434040567076184
3361,43.35366854495891,43.17433400976732,41.57830393202812,40.59611440370159,27.74144743147807,42.415211380993384,44.79707260166652,0.14434040567076173
3362,43.36611377001422,43.09564233787013,41.34110510423385,40.48653339789651,29.235108422874426,42.04464044064647,44.80981294764451,0.14436991776302846
3363,43.41703781979896,43.07737009235193,41.26710313759973,40.63981948780247,18.852187632907032,42.228396844589554,44.859152104236784,0.14421142844378218
3364,43.37996747912405,43.08396384325893,41.46851099044802,40.13375461999001,32.55347702243981,42.36110071992621,44.82208176356187,0.14421142844378218
3365,43.37008976632987,43.03236817909153,41.4828922095788,40.6380963840942,28.910947854735642,42.20452042791789,44.81220405076769,0.14421142844378224
3366,43.3737850841656,43.156677457004676,41.52580221878936,41.07222749954363,32.22313706864183,42.62202752736661,44.81589936860342,0.14421142844378243
3367,43.41113976443043,43.1520457574829,41.43393278329134,40.70074691826426,25.921251037456045,42.317040117579765,44.85325404886825,0.14421142844378226
3368,43.37374857097019,43.02714631432127,41.24190624535538,40.84221468840818,28.635137809180012,42.09217826493554,44.815862855408014,0.14421142844378224
3369,43.386095830047005,43.21228898838092,41.441459950514606,41.0806910035686,29.34610839426205,42.54497608251096,44.828210114484826,0.14421142844378237
3370,43.37975932123972,42.97748932895753,40.99665536996215,39.99364098542551,21.84575051033402,41.95508246782936,44.82187360567754,0.1442114284437822
3371,43.38640976007371,43.079050606741134,41.55558730076743,40.42226221012322,32.47900326300969,42.14681159021903,44.82852404451153,0.14421142844378218
3372,43.388814985798184,42.95246289545415,41.29916780987156,40.09945495304986,31.32326941460951,42.040482721049784,44.830929270236005,0.14421142844378224
3373,43.382800106013995,43.10806292314035,41.294096671054845,40.10846730527925,30.086540894793558,42.474714215981926,44.824914390451816,0.14421142844378224
3374,43.382909205726904,42.91331100505998,41.06000547120531,40.32996912939608,18.227090897515676,42.23824334120346,44.825023490164725,0.1442114284437823
3375,43.400996359459306,42.91190419492603,41.21266334149567,40.38898939061789,20.757103585050753,42.163579435960855,44.840480345985505,0.1439483986526197
3376,43.36348762757997,43.12828091449388,41.513914496259325,40.74241571133521,30.336885867116365,42.15305043014105,44.80297161410617,0.14394839865261966
3377,43.379245454956774,43.139090070693285,41.40170222990751,40.29237531895543,31.533064617117848,42.155843822632335,44.81872944148297,0.1439483986526198
3378,43.37344771741874,43.257881195958284,41.69935503412275,40.62241704187096,31.02010059888392,42.766582837862614,44.81293170394494,0.14394839865261969
3379,43.36701841374362,43.08269935348073,41.61756666375661,40.75521623651445,32.281627700417665,42.382946499842845,44.80650240026982,0.14394839865261966
3380,43.38253500722147,43.11617052635358,40.86099170845828,40.23763248450346,-0.3975440742141316,41.99227448750911,44.82201899374767,0.14394839865261966
3381,43.38864734325203,43.02452936076063,40.98898269844784,39.81903743219984,27.75732056295918,42.05807516474456,44.82813132977823,0.14394839865261966
3382,43.37962887080416,43.149107743622395,41.370324924027145,40.07880418318362,29.366471349542632,42.38091943208462,44.81911285733036,0.14394839865261985
3383,43.3931647381675,43.089858814569084,41.31526546788676,40.464878998200064,31.84954515031903,42.092237119104084,44.83133046795514,0.14381657297876402
3384,43.38347068617326,43.004976842347,41.50930359785952,40.54297798582497,35.265254560109796,42.01838645954025,44.8216364159609,0.14381657297876405
3385,43.387289815276276,43.12821469385523,41.16442760668852,40.53091507954606,25.50087316904436,42.48734016248666,44.82545554506392,0.14381657297876416
3386,43.364874010369086,42.97099391576654,40.52642411712717,39.74345875190885,11.711277481936065,41.721155893864804,44.80303974015673,0.14381657297876413
3387,43.38061094420598,43.123531056511126,41.44806205193454,40.679557781280906,32.176382777755705,42.19490607203977,44.818776673993625,0.14381657297876413
3388,43.36821943819978,43.104349337110314,41.31071895345831,40.447860257033376,24.63460320162378,42.07640753820057,44.80638516798742,0.14381657297876407
3389,43.39329291182255,43.15192844269949,41.45140211987197,40.42835233675255,30.177399516945744,42.619271094197984,44.83145864161019,0.14381657297876396
3390,43.380682708329154,42.9498382369081,40.69502643030477,39.59670085918975,29.350324746623656,41.75639948605412,44.818848438116795,0.1438165729787641
3391,43.3838779262281,43.136725572389466,41.38205967981244,39.964047276859034,31.856478214809044,42.32141831792934,44.822043656015744,0.14381657297876405
3392,43.35274085547532,42.94698613267575,41.02542947116884,39.93646734738383,31.313200910342132,42.17771006419197,44.79090658526296,0.14381657297876405
3393,43.38403344008112,43.149168541905865,41.208344231023425,40.67216863535546,23.78780463703459,42.33262286060234,44.82219916986876,0.14381657297876402
3394,43.36509110147125,43.0425923285016,41.558963241195144,40.65563259712277,34.428020894967425,42.08654419979956,44.80325683125889,0.143816572978764
3395,43.39063459226965,43.16191683481222,41.4273453096905,40.817256743203096,30.270983482594882,42.608738893275984,44.83444135248825,0.14438067602185964
3396,43.40011123723687,43.18319330834066,41.60809588912091,41.304221616022915,25.1777802911661,42.439231025467976,44.84391799745547,0.1443806760218597
3397,43.38478043465427,43.210208251811615,41.72768674086697,40.66137695338289,35.66132702920562,42.43138159268422,44.82858719487286,0.14438067602185956
3398,43.37626657786641,43.12995956296961,41.4156630405401,40.5230861557493,26.690505758169643,42.32721598066021,44.82474147904604,0.14484749011796283
3399,43.37337118490581,43.03850705787816,41.25271281035494,40.18208527333583,30.104821161932335,42.05456664140837,44.821846086085436,0.14484749011796272
3400,43.37675739291692,43.19730475837299,41.37650787318691,40.68024543905579,30.301954928339086,42.289005684098385,44.82523229409655,0.14484749011796283
3401,43.38913508931809,43.018997683590854,41.16895468463445,39.88975574345846,29.11594778604369,42.38776773624013,44.83760999049772,0.1448474901179628
3402,43.35189262056454,43.23390950353902,41.62861655780102,40.99933705114455,28.723211072668768,42.79020484775438,44.8281876635141,0.14762950429495605
3403,43.37053912767543,43.07082894218692,41.29133630593416,40.74165183916504,28.282072708994846,42.44959785275398,44.846834170624994,0.14762950429495625
3404,43.367339446648955,43.069612261965894,40.95722430358255,40.43519712731447,23.042065592896837,42.40544068207744,44.843634489598514,0.147629504294956
3405,43.339687516915475,43.18560490497251,41.323926129767955,40.40030248746288,26.71935106096354,42.087203150198974,44.815982559865034,0.1476295042949561
3406,43.37380393246272,43.080325663492324,41.02086072331336,40.36238096310522,12.978075407285086,42.44664677199731,44.85009897541228,0.14762950429495614
3407,43.3244128314759,43.062954097442756,41.429538509556515,40.80347400760208,30.473381252872787,42.64456314603102,44.800707874425456,0.1476295042949561
3408,43.34590415398088,43.076004561369,41.2806134433512,40.23229465558034,31.06881703284956,41.95482112559846,44.82219919693044,0.147629504294956
3409,43.33970180139009,43.0783989062378,41.292646426583815,40.13468448945305,31.510735541450753,42.408415471461296,44.81599684433965,0.1476295042949559
3410,43.347490658022075,43.02855755656775,41.136372656052686,40.150661509428126,30.648132453497375,42.18019719842581,44.821734159296916,0.14742435012748434
3411,43.36378589815067,42.96520736706155,40.65525202050486,39.52043112267408,24.073533980652194,42.17417516787293,44.83802939942551,0.14742435012748423
3412,43.33857025978476,43.1667629472411,41.60764973686767,40.60797385063533,33.024582775209865,42.35143702437158,44.8128137610596,0.1474243501274843
3413,43.34776745547575,43.037214447878995,40.945592397944765,40.47714220964293,9.47019405040922,41.78604943786833,44.82201095675059,0.1474243501274844
3414,43.380966378508674,43.194378392232316,41.62569815333557,40.962835651306634,32.00948106640588,42.621025669998204,44.82214166341109,0.1441175284902413
3415,43.377596545914805,43.01901787193409,41.22997414094836,40.32035202031248,28.81180358510675,42.031964986442375,44.81877183081722,0.14411752849024126
3416,43.4113489015199,42.99036787194503,41.25196358403039,39.71736363282854,31.85910950892373,42.314855326013074,44.85281258957263,0.14414636880527262
3417,43.37401621076791,43.10287024133702,41.29287460724721,39.912624372575365,32.07518254641087,42.14807052972661,44.81547989882064,0.14414636880527254
3418,43.3773420532915,43.14878549448239,41.51441429909976,40.42643518159571,24.114974835700462,42.580969807025355,44.837073927587994,0.14597318742964957
3419,43.355442299235264,43.12658037889349,40.87102664946531,39.50366343181261,22.629508912498142,42.283797841832175,44.818541381766494,0.14630990825312312
3420,43.345621207041695,43.00992766820797,41.5103003613585,40.493106433845234,32.18558017011772,42.39851288102876,44.82507278237018,0.14794515753284843
3421,43.32976844990879,43.062220429733586,41.53358949582637,40.3818517840733,24.86834699038928,42.432478433577984,44.80922002523727,0.14794515753284854
3422,43.323496790683414,43.08906087810882,41.58357138614175,41.01743621492274,28.243902374211263,42.61850611674063,44.8029483660119,0.14794515753284848
3423,43.33635524709634,42.964631311734685,41.0914518568807,39.74171242981093,29.62789525625556,42.04398983892745,44.815806822424825,0.14794515753284848
3424,43.34219777601312,43.22841749357687,41.31427016753297,40.479398229377715,29.669676853048124,42.359037092327114,44.821649351341605,0.14794515753284845
3425,43.33137339183279,43.051674424841934,41.391892581649124,40.7325985801125,19.149563481297925,42.18766842266761,44.809395194082065,0.14780218022492747
3426,43.33242165914783,42.980102447126384,41.25771545556098,40.64429031542175,25.631372925011682,42.211940882470415,44.80380576730443,0.1471384108156597
3427,43.34226818929039,43.23899413512309,41.688852438483174,40.8285356867147,25.711202136074558,42.41792321416024,44.813652297446986,0.14713841081565968
3428,43.36071738978098,43.11088106369667,41.032355635889225,40.443121848884104,25.908678898723487,42.11074073425075,44.83210149793758,0.14713841081565973
3429,43.34475886298289,42.94692766377254,41.471691235702544,40.9050966704039,29.54956552687529,42.20790056590911,44.81614297113949,0.1471384108156598
3430,43.326304086540446,43.12730417258589,41.044157011232464,40.27100301837457,27.655914825112383,42.462821114472604,44.797688194697045,0.14713841081565968
3431,43.360937095182514,42.98096457129454,41.28944149371243,40.80867295442637,28.68706720765463,42.19838182901309,44.83232120333911,0.14713841081565973
3432,43.36058988605844,43.07888313500367,41.28235380575788,40.0777964810509,27.618324512705144,42.233133583100866,44.83197399421504,0.1471384108156598
3433,43.33578819596668,43.12680973378007,41.33472531379571,40.40881997762807,28.919027954704845,42.22843283438081,44.80717230412328,0.14713841081565981
3434,43.33333580637797,43.150680413328764,41.38966663586149,40.30684044912091,31.926255685851597,42.43331929369084,44.81034280948667,0.14770070031087
3435,43.339294222152624,43.052169917452346,41.32974606814951,40.22518076439858,31.189217222069633,42.47078098672772,44.81630122526132,0.1477007003108698
3436,43.33004636961708,42.95042541962486,40.958081431849806,39.65058920144084,31.91149075495474,41.83387357318869,44.807053372725775,0.1477007003108699
3437,43.334461810527884,43.097871464901644,41.32706435587809,40.1674322892151,33.076097731316295,41.91316277686427,44.810178055175086,0.1475716244647204
3438,43.339688137862865,43.10271307730111,40.97921322781496,40.16098345554033,-4.048581208935836,42.397845486621875,44.809907334909724,0.14702191970468612
3439,43.34313669115748,43.0847965330864,41.61082790390523,41.408378562633615,27.485873821635966,42.58763215872669,44.81335588820434,0.1470219197046862
3440,43.327292203414466,43.04818309358317,40.964553596358805,39.8845616979518,28.960155010516075,41.87707640145757,44.79751140046133,0.14702191970468634
3441,43.35872380245825,43.09000379491154,41.50243207537238,40.81013804998212,29.868476473596242,42.411279917430974,44.83525257294991,0.1476528770491665
3442,43.33017868368466,43.07914783577992,41.067200639131,39.738785373534654,22.914760358762848,42.293440689899825,44.80670745417632,0.14765287704916638
3443,43.33092252852435,43.10874384441814,41.584766102842075,40.56506908407762,31.811406425735843,42.37290008352479,44.80745129901601,0.14765287704916644
3444,43.352288536067796,43.135895907487765,41.68103369626386,40.928104729614056,32.92758264692254,42.48378250939956,44.83520985323342,0.14829213171656241
3445,43.324331997351976,43.03807035338574,41.012527063716234,40.16725622044911,-15.01777581430457,42.38945641595886,44.8072533145176,0.14829213171656253
3446,43.34912367624298,43.079876917654836,40.99888815751071,40.35622497969648,20.80497380691289,42.2852859445175,44.825735419963806,0.1476611743720824
3447,43.36800029681463,43.0759601095923,41.31512507831933,40.6330582992335,30.1145978471458,42.318649660789774,44.84461204053545,0.14766117437208226
3448,43.33020115007159,43.000896767678704,41.01469466666961,40.31208676063379,5.905739246478156,41.96133294199379,44.79175115945665,0.14615500093850636
3449,43.37980574147293,43.119976397058345,40.82869842465608,40.03609821396372,16.537137947753067,42.08458160974011,44.84135575085799,0.1461550009385063
3450,43.34222282607243,42.990578472779156,41.430868830687295,40.58444242461951,34.223513041216535,42.016181858155264,44.803772835457494,0.1461550009385064
3451,43.34017651523044,42.96556795382192,41.27611564580536,40.90373159253679,25.92569094404609,42.26087483425354,44.80143812146519,0.14612616062347505
3452,43.37032845005453,43.005271820192114,41.04337877800833,40.189029242410655,7.763927483128846,42.319699213535365,44.83159005628928,0.14612616062347508
3453,43.3414033230917,42.97085820205629,40.67688639346596,40.602830595341565,-13.767386765021456,42.03021264250532,44.80424982251891,0.1462846499427212
3454,43.34713803956858,43.045930527769016,41.013234072442216,40.10991887577129,22.856498393931986,42.19544541591574,44.80968941807312,0.14625513785045452
3455,43.34766589522927,42.961217259177,41.306429945746714,40.37525795298568,27.695278754905576,42.21023719796431,44.81021727373381,0.1462551378504546
3456,43.32737043468301,43.01252138664338,41.35987664761378,40.80608263099037,22.19370370073951,42.10593051361096,44.80090829812892,0.1473537863445902
3457,43.35160646233632,43.04633237741241,41.32219534140802,40.39369259976045,28.565873113319245,42.117156460838785,44.81816805092206,0.14665615885857428
3458,43.32680438165536,43.04409425014556,41.365329910783544,40.463850132898656,30.175892842083723,42.210253207996274,44.7933659702411,0.1466561588585744
3459,43.340077243779504,43.16117682755213,41.576643010814664,40.88541953552044,28.094788700048994,42.438475953899754,44.81189449145355,0.14718172476740482
3460,43.33979135603892,42.92621012597141,41.3476362172171,40.617912124122704,30.31691027828384,42.273414890299264,44.81160860371297,0.1471817247674049
3461,43.347866764998315,43.108933419536164,41.556761691847896,40.78782210491607,31.221479637171736,42.39718241795128,44.774554308839704,0.1426687543841389
3462,43.35418850358202,43.13911731686718,41.05248318509506,39.932175821654695,21.139404000984804,42.64431976442293,44.78087604742341,0.142668754384139
3463,43.344853357390605,43.07290636196647,41.37794291379129,40.168545867410835,33.417872175632155,42.168270460716926,44.771540901231994,0.14266875438413895
3464,43.3688089808296,43.19120875596218,41.25732061819491,40.33021062334233,23.50740012570995,42.50214402715366,44.802943844410045,0.14341348635804502
3465,43.34698127036952,43.08409102911106,41.17675708479526,40.23478527982367,21.934241992724512,42.288807211806194,44.781116133949965,0.14341348635804482
3466,43.36570056037099,43.123525804886356,41.96909286322241,41.450267318450514,31.944313658031422,42.64121042327206,44.79983542395144,0.14341348635804504
3467,43.34408555188164,43.07272516880829,41.336505275874806,40.30634233247496,26.638239040129314,42.27552645387708,44.77822041546209,0.1434134863580448
3468,43.359378279635365,43.21277261743002,41.35533237076177,40.04660774694816,32.14900305730904,42.52715631347526,44.79351314321582,0.14341348635804504
3469,43.34050352873391,43.10947176081142,41.46945531254457,40.678362043898005,27.956731668922504,42.4946245947509,44.77463839231436,0.1434134863580449
3470,43.31628988572136,43.1558590049049,41.09315588135562,40.951118266825915,10.736662047579458,42.45614283419448,44.75042474930181,0.14341348635804493
3471,43.33140050852444,43.07537543605797,41.26294020039468,39.9546245985372,33.73463782680921,42.28771230765237,44.765535372104885,0.143413486358045
3472,43.35275422756299,43.20142824125209,41.535831201852666,40.797189719577375,11.39887679292039,42.553944750710485,44.786889091143436,0.14341348635804488
3473,43.349672808452375,43.09714650526778,41.43393331195686,40.66025602768843,29.088822524853057,42.29177342095275,44.78380767203282,0.14341348635804493
3474,43.344059927585306,43.17487280837283,41.18246906768484,40.03844916391202,26.24896385536207,42.4208463094872,44.77819479116575,0.14341348635804496
3475,43.34418677793811,43.22738318621056,41.93182457381739,41.12570965676278,36.91934039644465,42.56827745628496,44.77832164151856,0.14341348635804488
3476,43.36255421849214,43.164461670497694,41.161422862808756,40.512561219596506,23.747912480027964,42.19423955914523,44.79668908207259,0.14341348635804488
3477,43.34301868263624,43.05037200443127,41.38342219507721,40.376826197027036,30.492788392207068,42.26958082791819,44.75954909577659,0.14165304131403528
3478,43.37415311393071,43.14294614513662,41.28320132417513,40.80134008492765,18.252757818590467,42.43112517216619,44.79335965145862,0.1419206537527914
3479,43.370926232959,43.12839473618341,41.29945942281404,39.99359693517311,28.27451648708812,42.404736196889694,44.79013277048691,0.14192065375279145
3480,43.377378280282834,43.11927299823725,41.311035945056716,40.601149024177,27.484007673119937,42.3419329919615,44.796584817810746,0.14192065375279148
3481,43.34983686528709,43.17825242484473,41.46244939166984,40.693256439786964,22.21317259589826,42.74643980842666,44.771498111730686,0.14216612464436004
3482,43.365589995047365,43.05995636474646,41.43130105048924,40.458352370558735,31.847926016888238,42.319146463187494,44.787251241490964,0.14216612464435988
3483,43.35970863327495,43.01024739913954,41.53641566365146,40.85206144819687,29.661562478254343,42.34595057189314,44.78136987971855,0.1421661246443599
3484,43.35890907454935,43.20579429106027,41.575735206825,40.71900277807154,30.80174245698642,42.287397336438154,44.78057032099295,0.1421661246443599
3485,43.37569136012205,43.123255019978515,41.287988093707526,40.143804308169265,29.765852918495618,42.0846327545697,44.79315948469276,0.14174681245707077
3486,43.38685155889182,43.09903746968716,41.51637430744457,40.79092371027248,30.56757185686527,42.35328947149979,44.80949562002399,0.14226440611321678
3487,43.3750810909865,43.11566274612357,41.20594376897921,40.2137924278402,29.37021087588736,42.060835647223875,44.79977159675539,0.14246905057688913
3488,43.3659288258452,43.147425545769885,41.4117990534113,40.12962354470454,33.69472504420669,42.46777502265455,44.790619331614096,0.1424690505768892
3489,43.34069173225303,43.079876234124704,41.411728992121326,40.78316425298569,25.678431161106356,42.488849077398896,44.76538223802192,0.1424690505768891
3490,43.38448787568172,43.02731424490464,41.02223356004639,39.91337726711704,6.987366336375295,42.25142167491565,44.809178381450614,0.14246905057688916
3491,43.35615074060344,43.05085847882493,40.92892652725299,40.19833336048314,10.764810757079545,42.19711384184281,44.78084124637233,0.14246905057688905
3492,43.34427416809641,43.10047961426046,41.393370813763326,40.22646168615229,32.32825297818388,42.54111853349933,44.768964673865305,0.1424690505768891
3493,43.38124238918578,43.16890708384172,41.6030561407077,40.98707236263457,28.952365753696945,42.35212659210835,44.80593289495467,0.14246905057688916
3494,43.36291000046954,42.9622124701789,41.19264636917897,40.88276987929375,25.423356213756797,42.07640901712896,44.787600506238434,0.14246905057688913
3495,43.36251952209625,43.03496492972707,41.395916944047926,40.73074565021836,24.709197295160678,42.29922070482995,44.78721002786514,0.14246905057688916
3496,43.35296692744053,43.2500729454826,41.50722139772237,40.81533992508331,26.802620311475728,42.46230858001813,44.775202724293734,0.14222357968532062
3497,43.35880456853825,43.078555608278556,41.10817044251361,40.31658285264945,27.836080539372297,42.29039058817255,44.781040365391455,0.14222357968532068
3498,43.38636503568914,43.1763610968151,41.635881416749235,40.529446175763,31.253612121796998,42.53365045082364,44.80302192027375,0.1416656884584613
3499,43.396816578118724,43.18335932853978,41.360380975821506,40.77737178920139,-6.102941164454542,42.56680759363915,44.813983222424035,0.14171666443053133
3500,43.37526896285163,43.171384434174705,41.390656235540014,40.640224303954184,24.717225691357104,42.368986865889696,44.79243560715694,0.14171666443053135
3501,43.3781902135925,43.12178580731445,41.16650937406747,40.28267843887915,27.964289236719274,42.23975176737616,44.79535685789781,0.14171666443053133
3502,43.381641689877796,43.079368706133366,41.750780344006884,40.96387507846063,25.888644090086395,42.517765195325,44.79880833418311,0.14171666443053124
3503,43.37708701440899,43.0745318971237,41.21157718262801,40.61278206570653,31.232381973030034,42.319898279515044,44.792104850337566,0.14150178359285734
3504,43.352730714040476,43.11234071915411,41.34686898149214,40.53760419710456,31.136271432082907,42.243475962953866,44.75489539482717,0.14021646807866958
3505,43.38688951358428,43.20648097047127,41.61642016270469,40.639060310062554,31.752071718758017,42.6038639356299,44.789054194370976,0.1402164680786695
3506,43.38979384743238,43.1872379248477,41.92680848197547,41.29990386038277,34.531580424376834,42.424597483224204,44.79195852821908,0.14021646807866944
3507,43.38098138338094,43.100828783987026,41.49983901412952,40.395065137302076,30.412334712327116,42.49473306357462,44.78314606416764,0.14021646807866947
3508,43.396024620772344,43.11523087074972,40.782221818579714,40.124234348970816,-3.9646987565687795,42.165817528501464,44.79818930155904,0.1402164680786694
3509,43.390161255363694,42.87283901989604,40.764458973935234,40.39616559224783,7.349723892568122,42.0502365863885,44.79232593615039,0.14021646807866944
3510,43.393684685983985,43.120599395330835,41.05853746248955,39.98320701607128,27.37389378759939,42.396886517406806,44.79584936677068,0.14021646807866955
3511,43.37733849212799,43.01355581973247,41.04459470414414,39.95272208966525,31.560410194908354,41.84701663765971,44.77049114122875,0.1393152649100765
3512,43.40590743244279,43.02654333995534,40.71887830341659,40.33216502960816,-8.410335695167419,42.19672093552464,44.80782998871973,0.14019225562769438
3513,43.39081678427393,42.95513657945362,40.7732413808188,39.96849748244797,22.170627860899174,41.83939724835627,44.792739340550874,0.14019225562769438
3514,43.39658121654923,43.18503361668495,41.43677491462094,40.620568773536085,29.84501809815702,42.58316833011747,44.79850377282617,0.14019225562769455
3515,43.39353051266332,43.094588830772125,41.33757965296584,40.55255687018653,31.76029052521194,42.31690702226767,44.79545306894026,0.14019225562769458
3516,43.39635205769635,42.94782207077952,41.13058694423313,39.98709089168521,28.12603189209889,41.79841051995149,44.79827461397329,0.14019225562769444
3517,43.38735886506943,43.07341395954187,41.39302325870068,40.384828251073166,29.83287955510845,42.1520689429931,44.789281421346374,0.14019225562769452
3518,43.38692578066925,43.14264119832838,41.14551240399217,40.674623222747975,28.9661660798849,42.42186251713477,44.788848336946195,0.14019225562769458
3519,43.3872606429889,43.23167204945408,41.3254509258539,39.95137550953501,31.81276811260925,41.986761116573746,44.78918319926584,0.14019225562769444
3520,43.39059667516466,43.186562017788084,41.73108132022983,40.90251112355557,32.41112703375177,42.56368986324331,44.7925192314416,0.14019225562769458
3521,43.39685075608861,43.164730298663464,41.13786172384365,40.45449549369476,26.97964326233933,42.30025354845539,44.798773312365554,0.14019225562769463
3522,43.36942306112475,43.15421197766292,41.46845722431401,40.58990477677737,32.40956392315022,42.47157650088809,44.776886512497356,0.14074634513726084
3523,43.375416053554275,43.1069356543827,41.452898341094,40.37768808262293,31.891886141938343,42.144371624599756,44.78287950492688,0.14074634513726078
3524,43.378645952868425,43.198833300357,41.7226733867359,41.078742951228676,30.422921869087503,42.75728303671606,44.78610940424103,0.14074634513726078
3525,43.375307691322945,42.95611726895056,40.94976014383637,39.785211054245885,13.952356982724037,42.3611645690205,44.78277114269555,0.14074634513726086
3526,43.3943004164416,43.080983716858526,41.09123222758522,40.3749346320843,23.688525303442574,42.486146059424655,44.80176386781421,0.14074634513726084
3527,43.378373755363384,43.10041443230138,41.23601894507171,40.20187175309638,30.679952135326698,42.09667767757031,44.78583720673599,0.1407463451372608
3528,43.403626549632435,43.16878688544005,41.52949881734997,40.775912773632,24.918391559238554,42.39568174745418,44.81109000100504,0.1407463451372609
3529,43.3848776544811,43.141242843627914,41.28845430414134,40.18663871672195,29.526418978059475,42.284892998147185,44.79234110585371,0.14074634513726078
3530,43.38118847239283,43.089214380859616,41.390638880907304,40.84254512841681,28.40952429009184,42.30695524827014,44.780009846428115,0.1398821374035287
3531,43.37380415702763,43.02243679711295,41.56347343449157,40.619310641313454,31.807300938088403,42.403109783829144,44.763855623886734,0.13900514668591088
3532,43.398429713292586,43.19166658106817,41.544011975230745,40.430368525580676,31.613775004760218,42.61720011868739,44.788812979977955,0.13903832666853658
3533,43.42065481720294,43.24829525559547,41.650524033854694,40.41973454868575,33.822998589406225,42.63968186966618,44.81084753781651,0.13901927206135703
3534,43.43857828347369,43.27591762930972,41.194840880178546,40.868033423298954,7.039074076840137,42.57005253005944,44.794348706389904,0.13557704229162124
3535,43.423220410327765,43.08582112318566,41.469067055010335,40.04387033226704,30.00797716455453,42.42435684281187,44.77899083324398,0.13557704229162137
3536,43.40740036406995,43.01937788746846,41.66544279376358,40.58050738499656,32.20253919485104,42.42170670062764,44.76317078698616,0.13557704229162118
3537,43.42263967961792,43.02222728892939,41.47051239567682,40.353929350919884,32.23359223659713,42.287155235993396,44.77866714211241,0.13560274624944896
3538,43.41322528689499,43.20719354376092,41.52056042726598,40.19840184281778,34.509258700889355,42.3795487812229,44.76925274938948,0.13560274624944904
3539,43.41116589283833,43.127413751796986,41.429590849597446,40.3059715888969,18.228116844038222,42.49216764297661,44.76672556442325,0.13555596715849144
3540,43.4230407418808,42.8620699662691,41.168104562123496,40.35373376164114,31.608879953076976,42.065629658493776,44.77860041346571,0.13555596715849144
3541,43.40768637512538,43.27022017730854,41.41331771914313,40.30311329333684,28.9767231761657,42.45462906864377,44.76324604671029,0.13555596715849139
3542,43.42634579843663,43.14852375425805,41.233463450526926,39.85161681726159,29.87894694278468,42.32328384489162,44.78190547002154,0.13555596715849152
3543,43.401066577610095,43.097515502211124,41.54638725864245,41.016019498246735,31.006309200639677,42.30305299117018,44.75662624919501,0.13555596715849139
3544,43.416782051291214,43.226920544566795,41.610810532516815,40.734779531889025,29.674972848567833,42.67641314326775,44.77234172287613,0.13555596715849144
3545,43.46688386798755,42.945388776655896,40.72874639400591,40.11267997380512,19.636294642833263,41.84957354906129,44.815954863483014,0.13490709954954694
3546,43.41926004150573,43.23654896843057,41.13780843970449,40.715131545912435,11.486151096340848,42.394961509311,44.76950595745306,0.13502459159473318
3547,43.4281124804362,43.13508432235423,41.05372546578186,40.512780821999925,13.935138092267454,42.16688583906435,44.77835839638353,0.1350245915947333
3548,43.44408543567625,42.94688336180581,41.04016878487005,40.28412497848033,24.790780122675603,41.890689672316725,44.79433135162358,0.13502459159473323
3549,43.437835199741336,43.198141980793075,41.418321806902114,40.514370810696015,31.048183542446484,42.77333083327903,44.78808111568867,0.13502459159473326
3550,43.43158965810961,43.131518331554716,41.29895458791135,40.49153430733401,23.623564685865897,42.294954444283505,44.78183557405694,0.1350245915947333
3551,43.414208799105666,43.03876025371679,41.36576108826147,40.52274451344181,29.98945626583785,42.16497578934353,44.75965895333334,0.13454501542276792
3552,43.435780483236286,43.18462238809526,41.508876276718816,41.14051739928996,20.36563251327265,42.544569732036585,44.78123063746396,0.13454501542276803
3553,43.41465224858205,43.111453251181274,41.13049152117856,39.65743872021658,31.64758564518695,41.9873479615193,44.76010240280973,0.13454501542276795
3554,43.44259920727525,43.14031273719633,41.06780254126115,40.00758830081483,24.947403820549457,42.16190418748924,44.78804936150293,0.13454501542276798
3555,43.42991225214125,43.12316777239701,41.15642404462042,40.076193803113476,29.440525563601188,42.32736620844906,44.77536240636893,0.1345450154227679
3556,43.42710734205874,43.05480051129421,40.85751091896881,40.04230048105259,10.546264777226696,42.189498969785134,44.77255749628642,0.134545015422768
3557,43.47395654560562,43.19496921032928,41.02678165389281,39.92936034589452,26.940654389733318,42.45933784911897,44.81926544607884,0.13453089004732172
3558,43.43366716429097,43.19982609426668,41.41245258873013,40.86809661785056,31.640641062204047,42.56175226321699,44.77897606476419,0.13453089004732166
3559,43.456055125630236,43.143461782684106,41.354221875220894,40.74527153142979,24.56447026595394,42.36354908192888,44.79757857484827,0.13415234492180406
3560,43.43738323634743,43.06588942275108,41.166462489716196,40.20926683615228,28.981592474350578,42.05112819636351,44.778906685565474,0.1341523449218041
3561,43.41256511606075,43.13151664510732,41.006031232176106,39.90520836398006,24.086189711396788,42.222882170740164,44.75408856527879,0.1341523449218041
3562,43.44036590696806,43.18907396817421,41.27557605759757,40.17186026015826,24.43579614158374,42.52549334163936,44.781889356186106,0.13415234492180414
3563,43.465159234681146,43.329357374155556,41.776249803803324,40.78058369853687,28.3927285376184,42.75411184143412,44.80668268389918,0.13415234492180408
3564,43.440543255305656,43.170716875636266,41.284339152239376,40.55050102048697,-12.255869970090288,42.46296936068523,44.78206670452369,0.13415234492180408
3565,43.4497327944203,43.21269442966351,41.32934766366276,39.821093217315045,32.28974580738587,42.38948205915288,44.79125624363834,0.1341523449218041
3566,43.42779754794584,42.999655585280124,41.17510848617312,39.72041053591835,30.53765078407706,42.20008258632848,44.76932099716389,0.13415234492180414
3567,43.421655555779246,43.048481863978864,41.2308409702038,40.046859549994025,26.63740340591182,42.12790853570617,44.76317900499729,0.13415234492180422
3568,43.42362402077012,43.23361406849792,41.51535285258436,40.98694682731987,27.8328891550332,42.55449001124594,44.772337779554526,0.1348713758784405
3569,43.43887285724935,43.2492413668023,41.559026826101515,40.47052685838338,32.26351229073124,42.58314479158864,44.78758661603376,0.13487137587844056
3570,43.426710381445815,43.16497423806335,41.25595827484603,40.38763763837228,28.49456435921658,42.54151888047981,44.77542414023022,0.13487137587844053
3571,43.43893397619496,43.011663228528676,40.834893085655686,39.55503029511613,20.527559815241812,41.99712530282719,44.787647734979366,0.13487137587844064
3572,43.464857301691566,43.18432360287905,41.31305981067022,40.72876221749954,19.56383801793946,42.56375130179407,44.806830503371,0.13419732016794336
3573,43.43066445026183,43.181677890349135,41.50039817858796,40.05066864277376,33.1032161336866,42.49930368996533,44.77263765194127,0.13419732016794353
3574,43.433284416413336,43.19999066579323,41.04685773492093,40.3427907502051,20.671463664604346,42.33458921217601,44.77525761809277,0.13419732016794345
3575,43.467860292604925,43.03974413349938,41.1815913854776,40.04402484523847,25.370695861876584,42.19179902920787,44.812757539441776,0.13448972468368484
3576,43.4208710630693,43.04741777680357,41.543607343984824,40.789446476195806,29.165873799468347,42.508600263486464,44.76576830990614,0.1344897246836847
3577,43.43419598791035,43.0782233162049,40.648749877863665,39.53498363334227,17.978252051209036,42.21764089481323,44.779093234747194,0.13448972468368467
3578,43.44650636380452,43.086267072640425,40.970189181670335,40.2097631267204,-14.041141832540617,42.07510183089878,44.79140361064137,0.13448972468368478
3579,43.42444776034441,43.18851492255964,40.788596361005354,40.18338230615949,6.593127557051332,42.02935680378476,44.76934500718126,0.13448972468368478
3580,43.44333037230212,43.23244979446176,41.591313753515344,40.71716406022533,32.40666866684839,42.380156046669484,44.788227619138965,0.1344897246836847
3581,43.43357843361438,43.234237279223784,41.45230879920632,40.58803149326449,27.246286977289795,42.52899447791059,44.77847568045122,0.1344897246836847
3582,43.40579971399644,43.17712394984396,41.44742384068191,40.18156512678827,34.63485269547649,42.20879883698875,44.75627587310188,0.13504761591054398
3583,43.43126309013252,43.03609398976936,40.501148222087615,40.05719370981145,11.50046200694549,41.837464541300974,44.78173924923796,0.13504761591054398
3584,43.437274794379114,43.14881511697782,41.5789674066238,40.7294278684267,26.59032586531108,42.38058360037097,44.787750953484554,0.135047615910544
3585,43.43436003958569,43.118729780495,41.40104680166413,40.56836325508277,28.077797123172658,42.13902439463866,44.78483619869113,0.13504761591054404
3586,43.44418354982918,43.20262208022111,41.34443616907158,40.63456112896175,24.759305263703023,42.2906700111974,44.794343481168596,0.13501599313394227
3587,43.43194736144003,43.01682899829676,41.31324072659171,40.515240507959476,32.67296208811553,42.253766499911606,44.77864789900119,0.13467005375611618
3588,43.41281981238073,43.140051673864285,41.24320447887415,40.63878974989898,28.93651987864768,42.4460996067896,44.759520349941894,0.1346700537561162
3589,43.418388154868865,43.22287720054056,41.160589488772914,40.738092615745344,11.648938528689023,42.44981739480525,44.76279148170819,0.13444033268393238
3590,43.41520973914552,43.1645903071718,41.64695294888668,41.02471117923275,15.520235950166363,42.4878563840805,44.75961306598484,0.13444033268393227
3591,43.446481805233766,43.2308602524835,41.40021363353966,40.24809098213116,28.902969963303782,42.61451538917421,44.79762568917806,0.13511438839442938
3592,43.41521519785454,43.173413164134224,41.50085185807024,40.526580372964986,34.01196540641111,42.203153569661666,44.76635908179884,0.13511438839442944
3593,43.41235909369378,43.08399136884008,41.299091412646504,40.814068778055415,25.75555663294996,42.27691354177486,44.763502977638076,0.1351143883944294
3594,43.412136811027885,43.11650206915475,40.919236320374864,40.395538711474146,16.56241952306934,42.49984516570834,44.76328069497218,0.13511438839442938
3595,43.39349917820633,43.13992390325405,41.599747623372664,40.96440121752708,32.05337732415348,42.488466455010645,44.74464306215063,0.1351143883944294
3596,43.42148103452788,43.28616778545245,41.72222968023581,41.368321744128515,28.555145252993455,42.8082512728318,44.775195314254944,0.13537142797270627
3597,43.39720129230788,43.1799693650823,41.42409285660013,40.764664737591346,17.38669252166758,42.53979386694613,44.75091557203494,0.13537142797270632
3598,43.42162094850987,43.22300415676198,41.17039539909664,40.51402782429172,25.920219522467324,42.53884178309967,44.77533522823693,0.13537142797270624
3599,43.40352725956255,43.153339561191714,41.38459299588364,40.60639188124474,11.675655030240684,42.44150653290957,44.757241539289616,0.13537142797270632
3600,43.42780736120054,43.200490557051886,41.42697261413745,40.37409841527184,30.939973551789777,42.13513265695822,44.78152164092761,0.13537142797270635
3601,43.422064839316,43.10532812113198,41.253289005467366,40.09961670190819,28.17760399027085,42.34627537353259,44.775779119043065,0.1353714279727064
3602,43.41548683246922,43.083776897044544,41.42006839260743,40.31956599645025,32.69684591976127,42.535783584278846,44.769201112196285,0.1353714279727063
3603,43.42778640225367,43.24591635120784,41.36347535560609,40.623170794426045,27.527011438396578,42.5390061347761,44.78150068198074,0.13537142797270627
3604,43.43740970664261,43.016343043782825,40.803787977425976,40.25923995814099,17.995852964582387,42.2428428765859,44.791123986369676,0.13537142797270635
3605,43.42162878453224,43.079356827280876,41.294247069590526,40.34492511898733,27.67588634759207,42.27148408527183,44.7753430642593,0.13537142797270632
3606,43.40721763604504,43.09052434808269,41.21424211112463,40.066084891714006,25.949870706854277,42.10547997638946,44.85631615383783,0.14490985177927906
3607,43.357314908438184,43.214410796440255,41.54882549691179,40.79961498645756,28.930885019015527,42.391857790986535,44.806413426230975,0.14490985177927912
3608,43.35134682724668,42.88131733888183,41.43824711659252,40.47754858999353,30.679891255361976,41.907123690971076,44.80044534503947,0.1449098517792792
3609,43.354231248319714,43.11653227751607,41.229567568804164,40.2610602545536,29.66610246290707,42.09098327146934,44.803329766112505,0.14490985177927918
3610,43.36090843683755,43.18955371535458,41.22677796543486,40.50474372004583,24.66385579381673,42.34597614511742,44.81000695463034,0.14490985177927912
3611,43.36667973391685,42.98588352175556,41.287221100812815,40.50144312795152,26.153465648262802,41.89303356027096,44.81577825170964,0.14490985177927912
3612,43.38522236940715,43.1454628939811,40.993711557302504,39.9170214421955,30.545217038978194,41.96953063112794,44.834320887199944,0.14490985177927918
3613,43.37281896672035,43.12392651078687,41.604551499608704,40.57937216514901,31.373770596893234,42.496352355910005,44.82191748451314,0.144909851779279
3614,43.3731813334418,42.935226504523804,41.27099977314591,40.68723334661311,29.366091204677566,42.27126861383267,44.82227985123459,0.14490985177927906
3615,43.35708600206872,43.16636047050438,41.6594728570038,41.11226072372353,29.79683446751373,42.74709176397566,44.80618451986151,0.1449098517792791
3616,43.38585460147086,43.06651284485453,41.28659551831404,40.00926088911736,29.48655982048153,42.11879969176867,44.83495311926365,0.144909851779279
3617,43.37591925086205,42.95999004333261,40.81964565733381,40.36267241206658,-6.600625466356213,42.29168510232592,44.82501776865484,0.14490985177927912
3618,43.372916278112015,42.99332683478016,41.27637542145242,40.3583191918306,22.888329352543874,42.31161966975291,44.822014795904806,0.14490985177927904
3619,43.37583300862265,43.16576948017991,41.21365949706952,40.1137924286752,29.096500037922105,42.29450670332311,44.82493152641544,0.14490985177927912
3620,43.37614313899367,43.02178584420121,41.00496567356096,40.3284195351436,21.71434313437507,42.223156121039565,44.82524165678646,0.14490985177927915
3621,43.35740231760812,42.99252634458582,40.988014787512604,40.44240694924649,16.63395511214106,42.154427831778975,44.80650083540091,0.14490985177927918
3622,43.35741674343289,43.10587562691333,41.264706274272186,40.341571237525756,20.52913504821513,42.40852119470776,44.806515261225684,0.14490985177927918
3623,43.36348062908621,43.08890541508951,40.95062095872495,39.60729778022983,18.089062973602015,42.195064698005076,44.812579146879,0.14490985177927912
3624,43.37034906607593,43.009434799653306,41.32725666337623,40.4054478631669,28.538144843500618,42.09497404510658,44.81917543020425,0.14488263641283164
3625,43.37291195425243,43.13147726645425,41.25327318472171,40.17615716988881,28.92941069592414,42.456276564349324,44.821738318380746,0.14488263641283172
3626,43.38252689090831,43.090190637622754,40.85449259480042,40.24913060203008,22.04623246840308,41.905183513511034,44.831353255036625,0.1448826364128317
3627,43.36096672726818,42.992813248007884,41.14202690760005,39.71334618659868,32.221685163569994,42.09154138354831,44.80979309139649,0.14488263641283156
3628,43.37028706085576,43.15800181428883,41.578189254564215,40.84369681090854,28.520275973114067,42.65582315042491,44.819113424984074,0.14488263641283175
3629,43.37073191356931,43.01231977416816,41.60988246283697,40.72507332599619,31.204788841901646,42.29454533983416,44.8094172046105,0.1438685291041186
3630,43.40547764568806,43.18142872780976,41.430972249936424,41.08792483419976,30.77075420934226,42.210055459921094,44.84416293672925,0.14386852910411874
3631,43.36034878348773,43.12805972671065,41.43883830463255,40.3930903809887,32.47893152522536,42.32481066970179,44.797171987392254,0.14368232039045256
3632,43.36965575898188,42.81986197168739,40.68755893766783,40.245730023950706,23.914887258266592,41.99882423837055,44.8064789628864,0.1436823203904524
3633,43.36316405218051,43.08664579455077,41.645653138949605,41.0428579127427,32.513956585469884,42.45618266415676,44.79998725608503,0.14368232039045248
3634,43.36630275581942,43.27631964138124,41.45362309803457,40.185255890704404,25.699088319366545,42.647707993536926,44.80312595972394,0.1436823203904525
3635,43.37214467430633,43.076869962049756,41.842748846643204,41.18421658918415,29.476774730303955,42.42237384677301,44.80896787821085,0.14368232039045234
3636,43.37234560623169,42.96794386787062,41.26917092317834,39.87302482076166,30.272411507689974,42.13390350269199,44.809168810136214,0.1436823203904526
3637,43.354316202499284,42.86992173514833,40.92156735151838,39.67116561190615,25.38236258774208,41.924274041636856,44.80497972427837,0.14506635217790823
3638,43.361243972314895,43.11967781340464,41.180370555557225,39.55523887298694,31.798916805629233,42.29317365456251,44.81190749409398,0.1450663521779083
3639,43.342216862144134,43.08682323677671,40.968638761199614,40.16528235407513,23.125949563123672,42.1891008468198,44.79288038392322,0.14506635217790817
3640,43.35770562039331,43.14367108306502,41.183008383633684,40.091283148566056,28.886577115970567,42.1964092108023,44.808369142172396,0.14506635217790823
3641,43.35749638156611,42.91797602525985,40.65985997711396,39.45915287549265,28.675644948971982,41.654628484869065,44.811615103423165,0.14541187218570586
3642,43.38537261994034,43.1798713037264,41.89580937612955,41.19958827210955,32.8009163669775,42.55791803338252,44.8394913417974,0.1454118721857057
3643,43.37281804961584,43.07703401517403,41.29910795132664,40.00380223326418,31.50606086759379,42.37440078435954,44.826936771472894,0.14541187218570584
3644,43.3727750970183,43.17794128405549,41.583978742339156,40.67549824609697,34.32349106322197,42.418071527912346,44.826893818875355,0.14541187218570573
3645,43.35418031161338,43.163073905495416,41.53385465461643,40.807480590526886,30.085536866333328,42.309977348454694,44.80829903347044,0.1454118721857057
3646,43.354598290316105,43.20871932934541,41.965961179356306,41.23698206705185,33.50465054962131,42.5359036947433,44.80871701217316,0.1454118721857058
3647,43.36687235395247,43.097014200571046,40.860253502029785,39.8667099658343,20.485687394604916,42.380116162312106,44.82973511039377,0.14628627564412985
3648,43.36752132835683,42.95971755775538,41.25107972196172,40.64698930019407,18.15990824983215,42.128413397704314,44.830384084798126,0.14628627564413
3649,43.34284324094428,42.961359439150385,41.11227119313798,40.17834812516254,26.89405464652119,42.208513272506636,44.80570599738558,0.1462862756441299
3650,43.366814002811694,43.15994216387914,41.16336249641436,40.847754253975516,-3.728928356861907,42.35576156092256,44.83374974920437,0.14669357463926752
3651,43.38552751009584,43.12473547027973,41.24683616277158,40.196320078323936,29.88781376038401,42.339932593344884,44.85246325648851,0.14669357463926747
3652,43.356537616244616,43.154879141998364,41.30905424807264,40.18222597833028,30.088418472716853,42.37090671270248,44.82395199272961,0.1467414376484999
3653,43.32864416114389,43.161077312524576,41.19524047494372,40.03824418989589,26.380469209009163,42.435605172905035,44.79605853762889,0.1467414376484997
3654,43.39120219434036,43.219036037466395,41.719027420592624,40.93704315182513,31.340794407550113,42.506732023587226,44.858616570825355,0.1467414376484997
3655,43.34720092267369,43.04848501793139,40.96811889011669,40.051696699087486,22.183264872057446,42.14400033763708,44.81461529915869,0.1467414376484998
3656,43.37275065007598,43.09610087810401,41.265731144246686,40.49986243215883,32.46781891488986,42.08582057069578,44.840165026560975,0.1467414376484999
3657,43.367562194142764,43.08495701542388,40.720922589282395,39.83071633653809,23.182173494070085,41.64734289280548,44.8277287771202,0.14601665829774352
3658,43.351437796397825,43.121718306030104,41.100543940137484,40.79760975751399,11.423742026973741,42.492416846953176,44.81160437937526,0.14601665829774346
3659,43.35480746940037,43.1930242708294,41.59783906962851,40.82197326390277,32.32599583058425,42.45559270298,44.814974052377806,0.14601665829774346
3660,43.409271639862204,42.95777522799104,41.213024343915265,40.22491018523876,28.13269352688432,42.19733014554109,44.867879462900405,0.14586078230382013
3661,43.36917829923354,43.147073783751644,41.63956676532635,40.98260352072473,18.145818489627214,42.69853806613975,44.82778612227174,0.14586078230382016
3662,43.34823928941379,43.18134582438143,41.895963392360095,41.11547825796582,32.24874555958881,42.636450021077096,44.80566033057914,0.14574210411653454
3663,43.36395849121394,43.06860405607948,41.47922286629596,40.37760657790398,21.737426851633153,42.1021027388509,44.82137953237929,0.14574210411653454
3664,43.37921328383664,42.988350894076916,41.28414255103407,40.418720303425445,31.437154199881892,42.41024871015841,44.83663432500199,0.14574210411653454
3665,43.35147203689549,43.07260376685065,41.51863015885137,40.70155699501844,34.25142116575218,42.468002889747915,44.808893078060834,0.1457421041165346
3666,43.351780221209125,42.94323630352812,40.89329135579413,40.18511937307206,22.131950109661748,42.12230909652858,44.80231302729073,0.14505328060816017
3667,43.36123327328634,43.22309210942936,41.72129323627717,41.052239432276814,33.35582953084857,42.579839782592146,44.81176607936794,0.14505328060816014
3668,43.35492319852935,43.22235167012931,41.58623665689378,40.8492572517788,22.168649409138684,42.82285479828584,44.80545600461095,0.14505328060816025
3669,43.364654628290864,43.18588715602029,40.69402653175483,39.92429095417945,5.503031279277877,42.21229554423199,44.81518743437247,0.14505328060816025
3670,43.36715001525008,43.041980247569086,41.151700470594406,40.375019416093465,11.40495433985938,42.34379468159201,44.81768282133169,0.1450532806081602
3671,43.428704030459606,43.11289803993425,41.627908870399025,41.07349823478928,32.03601580300333,42.4030342997231,44.78385259847548,0.13551485680158737
3672,43.43459788646359,43.1462145917662,41.64196924009426,40.86348664680009,21.690570167331614,42.360952229581045,44.78974645447946,0.1355148568015874
3673,43.410179501760375,43.186963505596964,41.67364512683996,40.59331526223582,33.01773243806585,42.59839563751993,44.76532806977625,0.13551485680158745
3674,43.43796939896885,43.28551037598858,41.66800240281744,40.9884639334673,31.74967605651065,42.658109818658446,44.793117966984724,0.13551485680158726
3675,43.41295059737593,43.070029088597664,41.48053114609926,40.533432671482906,31.91128097289924,42.15145677071973,44.7680991653918,0.13551485680158734
3676,43.43202234908558,43.12689283582894,41.310409429930864,40.19662990632711,30.742299137936996,42.096511066608144,44.78717091710145,0.13551485680158737
3677,43.41923984351117,43.047205663594426,41.08162956245891,40.05973384582911,23.993809739814456,42.37793281862851,44.7683628156663,0.13491229721551298
3678,43.43740468707844,43.14994410919794,41.4755105680633,40.969668486996085,32.14209482375639,42.3357309623665,44.78652765923357,0.13491229721551312
3679,43.41608733670266,43.14018965565537,41.056276539896785,40.18508234159511,20.698835819707366,42.419348133507405,44.76521030885779,0.13491229721551304
3680,43.46557363447,43.03390564100902,41.304314472424934,40.55311993824297,22.844627691561648,42.108326470523636,44.81469660662513,0.13491229721551298
3681,43.432389228424654,43.21349314628572,40.50686168114785,39.90956271139868,-3.6697786325482866,42.18917174602725,44.78151220057978,0.13491229721551296
3682,43.40684152722498,43.225503821370815,41.1331550583267,40.04537414670284,27.75334738301835,42.220568055094915,44.755964499380106,0.13491229721551304
3683,43.4316398686151,43.04053084483827,41.45099773741449,40.71222556183003,26.856264870234817,42.51696378547647,44.78076284077023,0.13491229721551293
3684,43.43208416844268,43.17518333702037,41.33454528894104,40.45644200881698,29.773027148658368,42.47682501437456,44.78120714059781,0.13491229721551293
3685,43.43797953863061,43.14257205079116,41.45136221138634,40.610163215611195,27.664832440646475,42.484656243199055,44.787102510785736,0.13491229721551307
3686,43.39812209947134,43.03512225999912,40.81811674522331,39.44212700576447,25.973179300391966,41.677135412514374,44.771690194231816,0.13735680947604811
3687,43.421385553649365,42.896540436358244,41.118194704790476,39.778477727910705,34.48307448333134,41.68527444978956,44.78468218389144,0.13632966302420765
3688,43.39306895534009,43.12456939575322,41.481774362461934,40.315859784837436,26.59507949761253,42.35579760008611,44.75636558558217,0.13632966302420768
3689,43.38669766196006,42.86714161767394,41.31037553659193,40.02353332324355,33.111928771693876,41.782317142704585,44.76013536528927,0.13734377033292064
3690,43.389115536192634,43.08430667628942,41.2646317932766,40.06221690989301,30.65196306110581,41.83992364277057,44.76255323952184,0.13734377033292064
3691,43.39864048405515,43.06951631882826,41.6530248099496,41.47115743070619,23.192622379264396,42.478775756777324,44.77207818738436,0.1373437703329208
3692,43.39915777560748,43.13284039934836,40.864037821821206,40.34920509851361,18.276124438481993,41.868938204208575,44.77211684884436,0.13729590732368846
3693,43.39069947360825,43.06370065367473,41.424409560418866,40.49371106054126,20.611553060854156,42.409479222182554,44.7537169999895,0.13630175263812525
3694,43.40300585217998,43.282847844703824,41.441670908046035,40.15737668524298,28.373528859203518,42.51381637834379,44.76602337856123,0.1363017526381252
3695,43.40630289394682,43.23377126793757,41.48700434036776,40.7038120686265,30.738124191128776,42.39307632541457,44.76932042032807,0.13630175263812513
3696,43.393440130143844,43.00125559380936,40.66119964199303,39.26963111388445,31.883159268063004,41.63453436149329,44.75645765652509,0.13630175263812516
3697,43.38922867180174,43.105573915541065,41.17844419365034,40.56832305947947,28.49240460566535,42.203525324381616,44.763012878860856,0.13737842070591139
3698,43.392570476898435,42.983479568977174,41.215150131424885,40.453598690419916,31.693724295078013,42.198033673259204,44.76635468395755,0.1373784207059114
3699,43.37676627527037,42.905390751539755,41.41427653723209,40.553366857317926,33.93070096435286,42.16479173825197,44.75055048232949,0.13737842070591139
3700,43.410270401047605,42.99701917265508,41.206405798830616,40.60008268036725,32.56619703944696,42.049479955820885,44.775495988420225,0.1365225587372619
3701,43.39777446972237,43.07495529076933,41.090937952397546,40.06825413373809,23.188752750806565,41.86844854607922,44.76300005709499,0.13652255873726188
3702,43.42258183187991,43.07847796366447,40.731055575690306,39.93697485515143,20.694563240751606,41.92025468635748,44.78780741925253,0.13652255873726185
3703,43.40388023976307,43.2019077172851,41.29263131667028,40.57199717290874,7.1161430986889656,42.45942535493302,44.76910582713569,0.136522558737262
3704,43.38190681355496,43.03015981355854,41.09256331494267,40.51188674416389,16.521789820778732,41.983469715280776,44.74713240092758,0.1365225587372619
3705,43.40700313185433,43.064116791123524,41.486313686501,40.801174669884745,29.678239280299145,42.36156349373694,44.77222871922695,0.13652255873726188
3706,43.375875968762664,42.967577280237606,41.624232698439926,40.93772278356343,31.37244099308519,42.31514763936231,44.741101556135284,0.13652255873726188
3707,43.38514218338033,43.16112255475338,41.24377425722639,40.31985485597726,29.90674580028101,42.546370024698945,44.75036777075295,0.13652255873726196
3708,43.36650448992829,42.89866642475133,40.89338822000965,39.22274527549511,32.12508868027874,41.65838540124247,44.73173007730091,0.1365225587372618
3709,43.4222750081072,43.26919733334248,41.46686698957588,40.426719865272815,13.258435232510909,42.705866257347346,44.78750059547982,0.1365225587372619
3710,43.37308669527413,42.97136621625076,41.511653196121195,40.87458991662058,31.329980127124777,42.54663913592671,44.73831228264675,0.13652255873726196
3711,43.42557973508856,42.965521922939686,41.1808842232895,40.39350386740243,19.234303275347187,42.32807450383518,44.79080532246118,0.13652255873726193
3712,43.4276186458508,43.20931976013019,41.1124104462437,40.54169774416372,-4.061359876474718,42.48118222776425,44.794402993162656,0.13667843473118535
3713,43.39308511081065,43.15581926591038,41.289280825946,40.497178488292604,21.95192600379397,42.4417371582844,44.75986945812251,0.13667843473118532
3714,43.4117314231816,43.10408235879891,41.168464645899036,39.99145435891316,22.645382594246623,42.205128726006436,44.813055470919366,0.14013240477377678
3715,43.390097855015966,43.198950925465084,41.229137329656666,40.46229287325739,28.765724550768397,42.308768509077545,44.79826218694096,0.140816433192499
3716,43.41476615598836,43.09234396855277,40.944808617941604,39.74877042050687,11.251253098091539,42.06725963983368,44.822930487913354,0.14081643319249906
3717,43.398961753153344,43.07684085172837,41.246158658642926,40.663667536282055,20.94687434690103,42.41450165784019,44.80712608507834,0.1408164331924991
3718,43.38347246263293,43.171586560386814,41.48139099815541,40.61462241950853,22.716775615836852,42.50584122622237,44.79163679455792,0.14081643319249895
3719,43.40268112349166,43.187781336226706,41.598180233187826,40.978638918175136,28.212091418714486,42.510176101281886,44.810845455416654,0.14081643319249906
3720,43.422459515398984,43.04111308093152,41.00606004329097,40.83366655439207,17.519259370797137,42.36825450429889,44.83515266931118,0.14126931539121962
3721,43.40337505168965,43.02872043352891,40.70066190316554,39.87316808564129,19.276328620588295,42.00839794921861,44.816068205601844,0.14126931539121956
3722,43.397356361686555,43.163505094906284,41.127503886913125,40.16582528291007,24.099010665753642,42.31068375469293,44.81004951559875,0.14126931539121965
3723,43.388142363538165,43.027489598168316,41.541169956628906,40.90758277045471,33.70303157574021,42.29390426063827,44.80083551745036,0.14126931539121956
3724,43.4072958993746,43.23011276261518,41.318213965485064,39.67036261468245,27.478798030408456,42.3800331318607,44.8199890532868,0.14126931539121962
3725,43.39469029699241,43.15601807560535,41.39397240265952,40.946870356007345,24.8402019684336,42.5329722291174,44.8073834509046,0.1412693153912197
3726,43.397664258088334,43.131486784130985,41.41231857400486,40.04496795453794,31.459073301730342,42.41022563996482,44.81035741200053,0.14126931539121962
3727,43.40836608363022,43.13806490730457,41.01816590496315,40.179599142142656,22.910283319279003,42.06518802962512,44.822797038371164,0.14144309547409456
3728,43.397047293509225,43.04114839996163,41.49448086120628,41.00319330544693,26.590152790346547,42.290454859781704,44.834124234179754,0.14370769406705297
3729,43.39975446243958,42.960182688792514,41.00218115148348,40.562899753994195,6.939647283485883,42.16139647642213,44.83683140311011,0.14370769406705286
3730,43.40108436471653,43.14274949475276,41.47999081119726,40.67496182235516,22.336043093127383,42.39783251529923,44.84068160869208,0.14395972439755478
3731,43.38441655813627,43.235726549899525,41.411442721220936,41.01523888470527,26.39690995391679,42.475919367164394,44.82476248087601,0.144034592273974
3732,43.39370098447066,43.055338035700366,41.278584132641214,40.70514176372911,11.034178704079594,42.369039046984,44.8340469072104,0.14403459227397403
3733,43.39643750784601,43.05832082270856,41.04129913433521,39.76179840197766,24.658836659520937,42.119189405269694,44.83678343058575,0.144034592273974
3734,43.40308549323459,43.158466703968344,41.493840137084334,40.44021767772858,28.486393830098866,42.47892527763395,44.84343141597433,0.14403459227397397
3735,43.37496423591105,43.117805335247496,41.060902398701636,39.65703999495945,28.139733055926328,41.90430598909744,44.81531015865079,0.14403459227397397
3736,43.397165182776206,43.14513444350699,41.730585695512865,40.67130222112987,34.0873687559151,42.29174436694373,44.837511105515944,0.14403459227397403
3737,43.39383932239726,42.98839866895632,41.538047338632246,40.570820841156234,26.878626000003507,42.38047537316864,44.834185245137,0.1440345922739739
3738,43.38098516051107,43.192141705460934,41.24368994631571,39.97269457606673,22.191294307316078,42.655794471901686,44.821331083250804,0.14403459227397408
3739,43.37813918545631,43.04952070628457,41.22135910782734,40.887776227817994,-4.2982067576142455,42.449035647815094,44.81848510819605,0.14403459227397403
3740,43.36274636833099,43.072019087478274,41.331866419962765,40.23195698612528,28.040260956389467,42.47309832194663,44.803092291070726,0.14403459227397394
3741,43.394041845736126,42.87391134913375,41.18737426291931,40.18542187992468,29.55025400513273,41.80690394779171,44.834387768475864,0.1440345922739738
3742,43.40426905644249,43.09419372813486,40.970492329282926,39.553252064517096,22.50023267663934,42.522231239719204,44.84673869137284,0.14424696349303573
3743,43.37557644558821,43.057896952248946,41.37411325569433,40.689091668682856,25.821522874646398,42.254168153078965,44.81804608051857,0.1442469634930358
3744,43.38177529068537,43.14622944430359,41.49086125312185,40.770845734692,30.00247192260531,42.32813216225687,44.82424492561572,0.14424696349303573
3745,43.36972738146011,43.05314352881055,41.42122245556895,40.97717738950188,28.09786681820561,42.313013706533,44.81219701639046,0.1442469634930357
3746,43.36631100479637,43.176675481301885,41.50357962343603,40.819974069314696,32.335770209758905,42.582034089648126,44.80878063972673,0.14424696349303565
3747,43.38854881796963,43.18823286751267,41.231472349691934,40.023756660288164,12.25423512513985,42.37266067398218,44.83101845289998,0.14424696349303573
3748,43.366767752830754,42.92168370132537,41.0083113817323,39.912942124337995,28.858062660905627,41.906321430981,44.80923738776111,0.14424696349303578
3749,43.40108627137182,43.213823736034946,41.76733289883556,40.80786681402925,30.66729717161144,42.76219981402565,44.84355590630217,0.14424696349303576
3750,43.379040696112625,43.0471122786342,40.99565992894962,39.96121342355974,12.714979743047117,41.943026531643504,44.82151033104298,0.14424696349303576
3751,43.39678330586988,43.12514512442398,41.28783536756511,40.260969728105756,31.05449587954621,42.22988363345694,44.83038406387551,0.14336007580056329
3752,43.40980266515062,43.060400307082666,41.11349284605483,39.516523946584556,29.991814239014012,42.29381082200268,44.84340342315625,0.1433600758005634
3753,43.3685513161297,42.86573530088464,40.80782297742159,39.913905098754626,24.072851448983638,42.00341327646061,44.80215207413533,0.14336007580056326
3754,43.40459053560474,43.100341444638275,41.63759448087968,40.78105988825465,25.839119313741858,42.38288966394296,44.84651667528597,0.14419261396812294
3755,43.38743378299116,43.06030761558956,41.17168207521836,40.61143578750497,21.356370295998452,42.370601184777954,44.830562187107006,0.1443128404115848
3756,43.388226033448994,43.16375728321599,41.14070260239527,40.23223650574501,24.501463513810048,42.04599192282985,44.830633945009524,0.14424079115605326
3757,43.38852474366413,43.20393858936642,41.60603204706461,40.55826969310086,32.00964430964618,42.54456439973658,44.83093265522466,0.14424079115605326
3758,43.38852495350856,43.18409655026412,41.61983403530342,41.15725955512849,31.56300486036382,42.433071920803684,44.83093286506909,0.14424079115605318
3759,43.369710485559374,42.90981520079666,40.81863128901758,40.16725611226183,15.361887868527837,41.96726152278144,44.8121183971199,0.14424079115605323
3760,43.369272689104264,43.218560994781384,41.38868512502814,40.33778087158195,30.889503917756343,42.203064470356445,44.81168060066479,0.14424079115605315
3761,43.38550406126753,43.19188437074947,41.287524988801515,40.09006712187363,31.840214190975946,42.23584190267445,44.82791197282806,0.14424079115605323
3762,43.38559591939086,43.0586138468367,40.81928235495156,39.94526265360682,20.183914276705572,42.12024850215872,44.828003830951396,0.14424079115605334
3763,43.388085747999355,43.21643795075918,41.23985165894518,40.64194686090787,7.155781892255405,42.37427714592523,44.830493659559885,0.1442407911560532
3764,43.38820877551547,43.197701800229645,41.60839049218017,40.81251650844135,26.931515859016265,42.44511835473352,44.830616687076,0.14424079115605323
3765,43.40693571858162,43.19170497038846,41.66081242225316,40.6435339663705,30.860560554702886,42.505375918479416,44.84934363014215,0.14424079115605326
3766,43.35592083282627,43.01725168939151,40.45373372769272,39.2116088350461,-3.9702739558620195,42.03950111961285,44.79572164896802,0.14398008161417478
3767,43.37710516852259,43.201138080633925,41.696697956847444,41.343750205159566,26.952161160136868,42.664675426001224,44.81690598466434,0.14398008161417464
3768,43.37120436981169,43.04194015048733,41.36362061728076,40.19683888059611,23.20145016315969,42.42676513461883,44.81100518595344,0.14398008161417475
3769,43.39616739930451,43.131614046442685,40.94618402166123,39.73810790338499,30.050213847974504,42.02766735613132,44.83596821544626,0.14398008161417475
3770,43.35894529931764,43.08977354858542,40.855951454140474,39.61728470926914,25.946399042801026,42.206613916380654,44.79874611545939,0.1439800816141747
3771,43.36171302082082,43.114297168742674,41.12219304380157,40.37811869715867,18.153203091423563,42.61367541646918,44.80151383696257,0.14398008161417467
3772,43.39284334039702,43.14980562960033,41.47838752076683,41.05176916905327,21.808974901932764,42.54468406947907,44.817363031780815,0.14245196913837896
3773,43.40796513310089,43.1867839282951,41.27862189538999,40.97358417112752,17.380321609531876,42.51289019541204,44.83248482448468,0.14245196913837893
3774,43.414034642109954,43.01607105355446,41.3253571345694,40.305580845882275,24.294687667695207,42.33863044134273,44.83326856902349,0.1419233926913535
3775,43.40440787269729,43.04814620604429,41.3786165821497,40.800571157180165,32.35877643847188,42.44894040440019,44.823641799610826,0.14192339269135348
3776,43.386151908471206,43.075065129475156,41.093347814226235,40.183033942382416,22.180819236041,42.1510309918412,44.80778466830376,0.14216327598325548
3777,43.39842463048676,43.19869312925113,41.38050238586531,40.1864558694194,31.39975950786122,42.41938008027492,44.82005739031931,0.14216327598325554
3778,43.37970873276924,43.132577514422984,41.40953594784628,40.607946580550696,26.922252801233874,42.24593758442306,44.80134149260179,0.14216327598325554
3779,43.4175605513067,43.27556638986809,41.64244627520884,40.80820402767169,31.341074430040962,42.65198414911842,44.839193311139255,0.14216327598325548
3780,43.40477150783587,43.14045605390464,41.12743452417157,40.14478847051662,23.977795821785215,42.34021042684825,44.82348022251101,0.14187087146751431
3781,43.376357501571455,43.12061084930725,41.180810376870916,40.517753974899065,20.64924742606741,42.22172131183746,44.795066216246596,0.14187087146751431
3782,43.41084411817622,43.109968376852365,41.48627766989664,40.79992292730187,33.076592180780025,42.414459522822355,44.82955283285136,0.14187087146751423
3783,43.40205446231458,42.98662235814976,41.154977915043716,39.83813484792021,26.094225103659547,41.99490751973292,44.82076317698972,0.14187087146751431
3784,43.376216877798846,43.134024428092125,41.81010509891579,41.1498254192347,33.32829506288572,42.54521546824289,44.79492559247399,0.1418708714675143
3785,43.398450264654706,43.12994676417808,41.21077977854794,40.170411657614245,30.408340242256727,42.24863662743704,44.81715897932985,0.14187087146751423
3786,43.40783747824927,43.14820587777722,41.68275655872814,40.981783639283016,34.10085225921341,42.319473318517176,44.83257178878516,0.14247343105358862
3787,43.43295358924764,42.922568661420044,40.95622730902082,40.174467137832096,22.327402846488933,42.01413235311725,44.85768789978353,0.14247343105358862
3788,43.38009435592913,43.046426639337376,41.01563531260072,40.03184357867437,6.144264117484667,42.269330408802944,44.81744813518276,0.14373537792536273
3789,43.37371690535149,43.138765708448766,41.24445352504608,40.13303520321956,31.06139417220153,42.25510801663526,44.81107068460512,0.14373537792536284
3790,43.39696890051081,43.10117209526252,41.05372861553068,39.94005176449421,31.44465180681621,42.093880098240156,44.835411282982584,0.14384423824717787
3791,43.382293398635824,43.08907943067551,41.33544043079205,40.20122481903098,17.98365754728867,42.23814976143433,44.8207357811076,0.14384423824717782
3792,43.37229890379834,43.15651550679394,41.454384064553174,40.81241461999941,33.650392402615076,42.19493703941855,44.810741286270115,0.1438442382471778
3793,43.36604810628265,42.95800860807129,41.169743201785444,40.567424333928614,16.3358836009981,42.049843939939805,44.804490488754425,0.14384423824717782
3794,43.369893447574626,42.95762849847978,41.00127491638852,39.99282493036919,27.704602608151017,41.99293272874457,44.795453334529476,0.14255598869548472
3795,43.369860137553026,43.02205858066156,40.947608872359446,40.22704692700457,18.06460959981891,42.27789893336107,44.826500533759166,0.1456640396206143
3796,43.3603786888105,43.06363818629325,40.94313631696259,40.00066795800581,21.34399465210388,42.1638422632687,44.81701908501664,0.1456640396206142
3797,43.36386159486584,43.00336823111526,41.1709396138406,40.66355466629199,24.901467871355862,42.059657284315584,44.82050199107198,0.14566403962061414
3798,43.33560222202985,43.11128203212533,41.484698451831555,40.906370246946054,28.294575251398456,42.28937079147157,44.79224261823599,0.14566403962061414
3799,43.37012513649064,43.006605178022944,41.308732540038314,40.500919563766956,16.633629669915518,41.9885350809308,44.82676553269678,0.14566403962061408
3800,43.366924647943584,43.130104400315155,41.23484880499161,40.81929506521834,-0.4168230020881012,42.405862407131266,44.823565044149724,0.1456640396206143
3801,43.360425803600684,43.14318992980397,41.619019561356374,41.079666692193584,22.26149055020706,42.627939010753295,44.817066199806824,0.14566403962061425
3802,43.36676153679361,43.029870139986976,41.566366583758864,40.684357549661925,35.495632785231564,42.20616844625402,44.82340193299975,0.1456640396206143
3803,43.357097257910944,42.889187920732866,40.758222333846874,39.462315886297176,29.556729980531212,42.25533044031438,44.813737654117084,0.1456640396206142
3804,43.370053369934496,43.14491717868912,41.58233147220018,41.234038634305776,21.024524211235384,42.32521819955474,44.826693766140636,0.14566403962061425
3805,43.36376589117711,43.062739360004706,41.398187998448606,40.38428520142298,30.269469917577666,42.41085355617908,44.82040628738325,0.1456640396206142
3806,43.35693093966645,43.05183682777822,40.82813012901813,39.626942677872705,29.141364504974412,41.825748003533235,44.81357133587259,0.1456640396206142
3807,43.351167512424816,43.12272911737649,41.266782823556056,40.4450707241688,25.860258909513945,41.98980636831379,44.807807908630956,0.14566403962061425
3808,43.35126333691535,43.06204346463015,40.945686155750806,40.163309986514676,-4.054637552224634,41.95984997360955,44.80790373312149,0.14566403962061425
3809,43.3821974347852,43.09294593703322,41.21013711910329,40.369997661515804,26.879765504000407,42.20761227210902,44.83883783099134,0.14566403962061422
3810,43.33584528148933,42.99798967226928,41.289890422142285,40.47565486569922,28.168767928365767,42.23480761054208,44.79248567769547,0.1456640396206142
3811,43.34791754128302,43.154052256042945,41.40531405732096,40.51785695312239,30.077454457493914,42.45712735612411,44.836180714090844,0.14882631728078252
3812,43.332450860189724,42.924971116368674,41.02039467239775,39.8119607285327,20.000900083898514,42.00872467531778,44.82653005014792,0.14940791899581976
3813,43.32909543416315,43.00828486996538,41.06167055589444,40.15822037011582,28.8850212383116,42.08155467439761,44.82317462412135,0.1494079189958197
3814,43.34470171967383,43.13112689863772,41.44205726812195,40.186237184957534,29.164859127235452,42.31311016238629,44.83878090963203,0.1494079189958199
3815,43.329639346281354,42.97758143817611,40.77326669503688,39.81578757657624,15.681983782594678,42.324381693534846,44.823718536239554,0.14940791899581984
3816,43.33876017366467,43.117217852620556,41.34436435126781,40.415229866377956,24.820318581710872,42.414858436834336,44.83283936362287,0.1494079189958198
3817,43.32320532643592,43.03466437538217,41.503011287384034,41.10512306328916,24.680328445687415,42.51063503389845,44.81728451639412,0.14940791899581984
3818,43.31383945285403,43.05844732442379,41.416377891939106,40.715762017403385,30.50202306741703,42.339328681778255,44.80791864281223,0.14940791899581987
3819,43.31043509724778,43.042650164229045,41.374713932999526,40.68855197742033,15.317186142226511,42.165568628812515,44.80451428720598,0.14940791899581984
3820,43.34469145483815,43.06401506460026,40.87202928562594,39.52817767558296,20.85436982642161,42.28830860880397,44.83877064479635,0.1494079189958198
3821,43.35090462410969,43.0195220113984,41.52865321818673,40.704829442799664,35.68834629556521,42.085186584463486,44.83940490179929,0.14885002776896056
3822,43.337357168076345,43.0185415709255,40.9437443897005,39.835002897386424,28.283181710557123,42.277644077128514,44.82974424910765,0.1492387081031302
3823,43.328281734070224,43.04468577692092,41.07743940325706,40.27572975906845,20.533420689462112,42.24224245138643,44.82066881510153,0.1492387081031302
3824,43.327132512871515,43.05373818830491,41.542653378220514,41.07402468888712,20.593345998591477,42.50279474133126,44.8169992905978,0.14898667777262825
3825,43.34994101733745,43.066390731818124,41.318569928473416,40.01116747460837,31.92251609969331,42.55419133410345,44.83936111147158,0.14894200941341318
3826,43.34933918357424,43.0736936428356,41.597399194509855,40.86999160734549,31.131097764833292,42.45138828614603,44.83875927770837,0.14894200941341315
3827,43.340344702362785,43.05090018973395,41.38709636748398,40.51508488472476,30.83195928487573,42.3224089503317,44.82976479649692,0.14894200941341315
3828,43.321380011350314,43.054147538980466,41.575175999117306,40.9562100481619,30.263604107480646,42.58700769334956,44.81080010548445,0.1489420094134132
3829,43.34656514782846,43.0801073073433,41.30485659856441,40.34027648895237,27.17858087961072,42.507163094568085,44.83598524196259,0.1489420094134132
3830,43.321696495827005,42.99856246196988,41.01647403573158,39.576585071403144,32.178883411817225,41.8689651172992,44.81111658996114,0.1489420094134133
3831,43.33371513703492,43.05024387143647,41.120829481831095,40.51632458600363,6.651632588584398,42.16333304804465,44.823135231169054,0.1489420094134132
3832,43.34922084228159,42.89278743673111,41.56429272708495,40.806801515359886,29.681747962167428,42.37575479679708,44.83864093641572,0.14894200941341312
3833,43.32169998284919,42.84707407422282,41.084626297737,39.98742161351616,28.84255512247585,41.730758927240814,44.81112007698332,0.14894200941341326
3834,43.31557825783586,43.04143341443284,41.0749499927464,40.99727490175493,-5.644626443189864,42.340143375935334,44.80499835196999,0.14894200941341315
3835,43.32105338568932,42.97512184815382,41.49766192810893,41.16095594850232,28.33103041535281,42.56447038613321,44.81047347982345,0.1489420094134133
3836,43.33796788572854,43.01586783598855,41.21518947646637,40.49091314249948,30.090247395559636,42.26975329511083,44.82738797986267,0.14894200941341323
3837,43.34731568733547,43.072528237971966,41.70749931853373,41.184270888953634,28.22571421497754,42.548173576795435,44.8367357814696,0.1489420094134132
3838,43.33792169957621,43.01732190492455,41.244076590544836,39.991004754268886,33.12257604179885,41.830134586233825,44.827341793710346,0.14894200941341323
3839,43.344241373248046,43.13016427031242,41.29129186018117,40.47798757052975,26.329605649627883,42.31203203033116,44.83366146738218,0.14894200941341318
3840,43.33172214201427,43.054489582069394,40.93361817772055,40.67889789906434,6.756243483568262,41.891962812003186,44.821142236148404,0.14894200941341323
3841,43.36307711085263,43.02720755358955,41.19442896917522,40.35918011871374,25.271021046436374,42.09862947926776,44.85249720498676,0.14894200941341318
3842,43.33483052967035,43.02061323244374,40.935471350014325,40.416001241828326,-10.47703918282621,42.34429316253974,44.82425062380448,0.14894200941341315
3843,43.33165834684252,43.075318665763646,41.256169593670535,40.75742604164812,30.975657817515916,42.33188527524423,44.82107844097665,0.14894200941341323
3844,43.359621576938885,43.10402956312282,40.83693974823036,39.21664051032105,29.415884105796295,41.857950797294926,44.84904167107302,0.14894200941341318
3845,43.3258524210816,43.03270971270411,41.444723920287416,40.62240907905443,14.615228989748463,42.39269801587339,44.83947365780997,0.15136212367283666
3846,43.31309286931455,43.121223761296704,41.24404663964202,40.22412352573674,27.973419851389085,42.43434309396058,44.82671410604292,0.15136212367283672
3847,43.324789620458546,42.969258926165615,40.74568582763914,39.61604332367109,26.215693216228452,42.06430042210881,44.83273818242318,0.15079485619646327
3848,43.35103918532202,43.1883469290125,41.35490758250355,40.45742015980696,29.9354927126803,42.60476639913365,44.851574644873644,0.15005354595516227
3849,43.323348374315046,43.07609612082252,40.87523492190719,39.57448679738254,28.204477013859595,42.11306110674248,44.82650043315299,0.15031520588379385
3850,43.31459267789048,43.14711641077806,41.46120467472651,40.72438339879286,29.894357707216145,42.40701096544048,44.817744736728415,0.15031520588379368
3851,43.317342838683516,43.05680141072925,40.83732996931258,39.97872283840727,16.98498942121569,42.154957297262975,44.820494897521456,0.1503152058837937
3852,43.30373285292669,42.81531989632934,40.524440632378905,39.9195199200999,20.41166306069831,41.89453605544193,44.80775453482572,0.15040216818990293
3853,43.34148695433187,42.992651722975765,40.54309218600332,39.884010921962684,-14.793012008409711,41.98289311539208,44.8455086362309,0.15040216818990298
3854,43.34766524545459,43.01845342575976,40.81958944133559,39.5998905549869,28.8329705687462,41.80846831129843,44.851686927353626,0.15040216818990315
3855,43.33242911994537,43.138703420227145,41.40248026317002,40.34219338322538,30.504483284907483,42.181039320399876,44.8364508018444,0.15040216818990307
3856,43.344717135021114,43.135964294820674,41.26179756263035,40.588515168612986,-21.3219309409356,42.39981272210051,44.84873881692015,0.15040216818990312
3857,43.34123609702844,43.14970946431799,41.34769108177692,40.11360848297988,32.82512551986622,42.1725792100751,44.845257778927476,0.150402168189903
3858,43.35834161287542,42.987121802754245,41.1803303884895,39.739179130360455,30.704140123856245,41.95654141848,44.85782400270681,0.14994823898313933
3859,43.34234442659378,43.112779634742004,41.49630619491249,40.61917636637192,11.204228484301723,42.55666018441144,44.83931492999366,0.14969705033998823
3860,43.348430100639874,43.19761682361315,41.600761869548634,41.0853144461025,32.18331824848549,42.38007771200638,44.84540060403976,0.14969705033998837
3861,43.36695939017667,43.07473994269447,41.26926347165509,40.73676779220337,23.555636273503623,42.21325496446546,44.863929893576554,0.14969705033998837
3862,43.329754135167214,43.06090144040266,41.1783422734033,40.53500142920121,15.324268096368645,42.42034753076271,44.8267246385671,0.1496970503399883
3863,43.341910953372064,43.162701662180034,41.35460912036697,40.58400614819988,28.41874661258327,42.26863787450867,44.83888145677195,0.14969705033998834
3864,43.348622181202586,43.15173350645171,41.19824624727901,41.035758523438375,10.686376045900708,42.387324878781115,44.84559268460247,0.14969705033998834
3865,43.34539206693196,43.15749576122541,41.30390095772316,40.535439942886214,29.15151944208022,42.40258489718473,44.842362570331844,0.14969705033998842
3866,43.33347701845727,42.96641904533744,40.60905469463154,39.63019652452393,-0.5940338404891037,42.023887947796595,44.83044752185716,0.1496970503399884
3867,43.348246926404876,42.99953445097927,41.25629310266157,40.47675336494507,19.235029458413322,42.275291015623495,44.84521742980476,0.14969705033998837
3868,43.33596284536296,43.04916012873253,41.647128186196944,40.64917229040092,31.802146714497532,42.38562523807685,44.838958944623585,0.15029960992606264
3869,43.3177306201245,43.08109644055887,41.02499101933632,40.283511957494646,21.937740185878152,42.408125140677015,44.82072671938513,0.15029960992606273
3870,43.335962781180065,42.87080848936592,40.992032015279456,39.82250103388665,25.883828220634832,41.98110852778437,44.854994556803,0.15190317756229327
3871,43.32921453803353,43.17577019015631,41.36263194016257,41.092117614859816,-12.718077838252775,42.726963874906545,44.81716580440517,0.14879512663716377
3872,43.357367554954074,43.03423208310353,41.17607155906701,40.21544530767151,27.54291759798474,42.00764516985215,44.84531882132571,0.14879512663716385
3873,43.36368655871868,43.177864269782845,41.533876083133826,40.678965470839465,31.9331122071004,42.68279435028592,44.85163782509032,0.1487951266371639
3874,43.36675452618392,43.094617695181945,40.988261414419235,39.89031629648383,28.344567811475198,41.94682166321583,44.854705792555556,0.1487951266371638
3875,43.3540818713226,43.09597475602477,41.27175020053655,40.52170365550748,25.331956889870533,42.15224561875033,44.84203313769424,0.1487951266371637
3876,43.33887584015691,43.053337710465385,41.57159919105439,40.65262234742173,33.98868052615725,42.132693574932865,44.82342872701192,0.14845528868550117
3877,43.36109041019633,43.0721924553278,41.41277892974483,39.98951389793503,29.992475566348126,42.46439986081231,44.845643297051346,0.14845528868550126
3878,43.357277959397386,43.135877143323505,41.30923614177093,40.63021821819597,25.42419034567186,42.55335420512715,44.8418308462524,0.14845528868550123
3879,43.3386508370998,43.08606775497903,41.115427607880534,40.17196698556789,15.343757787424867,42.447162193697686,44.82320372395481,0.14845528868550129
3880,43.36079556691363,43.04482359891014,41.29106189145748,40.50334695690019,23.346191396559465,42.52293775688519,44.84534845376864,0.14845528868550134
3881,43.34222906609894,43.001763566627936,41.173245542999204,40.5461384254594,-6.799731819671123,41.87111107311384,44.82678195295395,0.14845528868550129
3882,43.364216408881454,43.08591356097439,41.159925707164646,40.20731180862148,21.722596564766153,42.20535008072155,44.84804092642983,0.1483824517548381
3883,43.361246654783706,43.12149595825256,41.353222738529155,40.546194512022765,32.9636323653227,42.19209713564793,44.84507117233209,0.14838245175483833
3884,43.36139622472503,43.04310236290812,41.39912502960661,40.59814771838836,29.214826876822123,42.37359679096615,44.845220742273405,0.14838245175483813
3885,43.34259946405624,43.093311150032235,41.451652844110946,40.31560651741389,24.824463828763218,42.531591087279,44.82642398160463,0.14838245175483825
3886,43.36491968517801,43.183887499230885,41.34372227114162,40.42473861944038,22.571965986128287,42.586883271844314,44.848744202726394,0.14838245175483822
3887,43.343186329725434,43.13030309205326,41.16904474043913,40.059065919559366,27.699127532909856,42.19043186120473,44.82701084727382,0.14838245175483822
3888,43.37739574864133,43.06478545318078,41.33302707723403,40.505560848729374,32.35542517322035,41.98966033015808,44.86122026618971,0.14838245175483825
3889,43.33713453478132,43.13565239979165,41.12959295340738,40.07532918706668,25.40539273538312,42.26198795410089,44.82081779857524,0.14836832637939196
3890,43.37414753222244,43.13664468853865,41.16559416590756,40.52995212922045,20.45826195799294,42.35961664602505,44.85783079601636,0.14836832637939198
3891,43.3471798479661,42.933478322834006,41.25128069654063,40.24223889313522,22.04988903794596,42.11705756669163,44.82426381586652,0.14770839679004222
3892,43.37847241431737,43.000818859918354,41.37041592182984,40.27858234788542,32.16773303595132,42.23533745957779,44.8555563822178,0.14770839679004238
3893,43.347007206655206,42.86637069334808,41.32700899125625,40.56414336715798,28.873712601441078,42.22792065028213,44.82409117455563,0.14770839679004238
3894,43.35654660728673,42.9066600180704,40.30953634735869,39.298721376311164,-9.260307919315544,41.60674170857023,44.83363057518716,0.14770839679004233
3895,43.36548813135194,43.02796293120338,40.89473593901282,39.35975965551781,21.991611563479744,42.023298329775685,44.84257209925236,0.14770839679004225
3896,43.33502807108948,43.10186926534045,41.363194729574225,40.26138012647198,33.31422823441229,42.22163863010019,44.81211203898991,0.14770839679004233
3897,43.3441482835702,43.12988912712482,41.22585588605396,40.12039970203965,31.353115362994657,42.245043565960636,44.821232251470626,0.14770839679004236
3898,43.35935615992159,43.06792419051551,41.38962835276571,40.71448347315936,27.431090654724386,42.265285218934494,44.83644012782201,0.14770839679004227
3899,43.38430652275417,43.16006304916008,40.87980992836149,39.504751561782626,23.47563278191661,42.259100602532996,44.8613904906546,0.14770839679004236
3900,43.3594207623152,43.0910094703923,40.8921092693452,39.82514353415067,28.466835990476163,42.08132379890474,44.83650473021562,0.1477083967900423
3901,43.35620481204275,42.97572692356399,41.04643962719545,40.0086350991407,23.868097078282187,42.160251204380074,44.83328877994317,0.14770839679004233
3902,43.369444497482554,43.17533134304307,41.374945794488724,40.40622548630334,30.048527811767123,42.40899614028126,44.846528465382974,0.1477083967900423
3903,43.37218231143599,43.202413910528726,41.395625895949465,40.289884662181315,32.54275673960428,42.5126510261851,44.84926627933641,0.1477083967900423
3904,43.357229511174914,42.990539148606594,41.14439760238556,40.37403267723297,25.576328689845433,41.94360641427346,44.86469330306099,0.15074637918860767
3905,43.33886341109527,43.02822590177551,40.83433827329177,39.89701465259205,-10.317398077753808,42.34759002959891,44.84632720298134,0.1507463791886077
3906,43.326089864505064,43.04224887590429,41.36996764559341,41.18295665763486,23.905989106677957,42.5613299823229,44.833553656391146,0.15074637918860787
3907,43.31069722939087,43.150789096223356,40.860805283599106,39.903013284728985,-10.366753630875962,42.320878653015434,44.81816102127694,0.15074637918860764
3908,43.35464412673525,43.23877597454885,41.160787863888636,40.42959892341822,28.63011094186231,42.28597060341701,44.86210791862133,0.15074637918860773
3909,43.33840887392079,42.87842581563685,40.91251925667106,39.8897988476368,20.728548565483386,42.393535508976946,44.84897590155214,0.15105670276313457
3910,43.34828476665503,43.15898986625863,41.49927259103696,40.6881681097602,26.97146083522226,42.32161890585752,44.85885179428637,0.15105670276313457
3911,43.29196824635013,43.00889573168308,41.1414809041007,39.98032565144519,20.474178541651337,42.21202979469507,44.802535273981476,0.15105670276313454
3912,43.33869490807587,43.138931325476086,41.29196988809666,39.83154659761306,32.00666185482319,42.168621088180274,44.84926193570722,0.15105670276313465
3913,43.30820357460016,42.93240287212118,40.921266343354404,39.49529178195799,28.703595529809547,41.76790518402964,44.817523891080135,0.1509320316479978
3914,43.314972448346666,43.093175159509904,41.59825065743894,40.463554681958,31.720868760441903,42.56356949614571,44.824292764826644,0.15093203164799765
3915,43.346125420637854,43.05622974841101,40.96558900056419,40.051202303373174,23.155159359216505,42.26720315275351,44.85544573711783,0.15093203164799776
3916,43.32733719952479,43.067990875489755,41.447262190089305,40.64096657906066,17.8208122320384,42.368890761833505,44.83665751600477,0.15093203164799784
3917,43.33061143705432,43.055021717218274,41.05742785026137,40.06350918873301,24.438502559697856,42.44572031443262,44.8399317535343,0.15093203164799773
3918,43.336907545320834,42.957641664623765,40.960466382469285,40.38487660529219,25.68172415061761,42.26578208505134,44.84622786180081,0.1509320316479977
3919,43.32433800350533,42.99597792627354,41.3185004896448,40.85357774827848,31.065302843471223,42.36054382807499,44.82449422160504,0.15001562180997116
3920,43.34349559911568,43.048415863640834,41.5504674452982,40.48516696820914,32.770620899953556,42.45945345287073,44.84345229098389,0.14999566918682153
3921,43.34293879913366,43.19029998429632,41.62807214978253,40.77552300382633,29.950219242286686,42.66343567488798,44.842895491001876,0.1499956691868215
3922,43.336708244586255,43.1618412322498,40.93844196894028,39.577859329859834,17.13649170901038,42.166801311011255,44.83666493645447,0.14999566918682147
3923,43.33379879628412,42.749009570979645,41.05457748269983,39.87961138377569,30.108458220836052,42.086609258056676,44.833755488152335,0.14999566918682153
3924,43.32768902910421,43.07446279196903,41.42516276013736,40.74041362622097,32.55318611849403,42.50186757614954,44.824542485227155,0.14968534561229463
3925,43.3372092486429,42.962460942916465,41.479430756123314,40.846199333236406,23.133195544290007,42.51389763057692,44.83086696540205,0.149365771675915
3926,43.33693575506727,43.0148228458052,41.10978064680258,40.12099786353292,30.151863234049458,42.1518491302828,44.830593471826425,0.14936577167591508
3927,43.33048993254304,43.00567696357496,40.88723918258851,40.171461943788024,-10.28393267975133,42.14704411493473,44.82414764930219,0.1493657716759151
3928,43.324364397089155,43.04589468974686,41.45522103669818,40.491914920526504,32.5414072104733,42.219856181531426,44.81802211384831,0.1493657716759152
3929,43.33381094451741,43.01360080902844,41.015679444550265,40.41270592713523,0.9506852516253446,42.14540491775353,44.82434213653816,0.14905311920207456
3930,43.3526750762433,43.074016207652065,41.38647390506959,40.45131031194973,31.396560415334456,42.44223423741734,44.84320626826405,0.14905311920207454
3931,43.33368912317138,43.176883729576375,40.99285030577672,39.81898016867801,22.00697166231081,42.221881494235994,44.82422031519213,0.14905311920207442
3932,43.33959121763621,43.027151963572194,40.843127905012395,39.92982245782768,20.251010151052938,41.810952601573774,44.83012240965696,0.14905311920207454
3933,43.33227204188651,42.99413305913892,41.469210557285756,40.56078141172722,34.456257680377384,42.24577441732798,44.824049945058626,0.14917779031721135
3934,43.33306682192456,43.12600408500915,41.48552312070651,40.66430994058644,26.226246796312743,42.38984940620067,44.827032486720626,0.14939656647960634
3935,43.33949572288343,43.10497648381869,41.08475723844993,40.2303710783734,26.686002780178008,42.19851600042091,44.83346138767949,0.14939656647960636
3936,43.3175843975396,43.14270732043289,41.64725655348109,40.630609767271665,20.441558606205533,42.40110122715613,44.81155006233566,0.14939656647960634
3937,43.34893308570003,42.99781997006647,41.392128365294994,39.9729345071006,33.78640431104579,42.16177370725862,44.8428987504961,0.1493965664796063
3938,43.34546708064161,43.002430595817835,40.310305666495395,39.51006747478516,-13.033506786510507,42.04999576809421,44.839432745437676,0.1493965664796064
3939,43.3522922315415,42.96545685427936,40.775512047875814,39.96007657253021,0.7560263097513058,41.92623598998097,44.84625789633756,0.14939656647960656
3940,43.36466844359994,43.07623147518623,41.198227049723045,41.19411735049231,-0.532868044934844,42.59894051018406,44.858634108396004,0.14939656647960622
3941,43.3352626006384,42.99743162853631,41.28332881148676,40.585096074865525,18.499439063951904,42.16762296995469,44.82716073025398,0.14918981296155762
3942,43.34797330531312,43.04397899416146,41.35719806924629,40.408264303764504,29.618228135592844,42.25684527715576,44.839871434928696,0.14918981296155756
3943,43.359287584842484,43.13171811891739,41.39809719767448,40.67483115005275,18.009348876497633,42.560614626960984,44.84597633888253,0.14866887540400428
3944,43.365445480325505,42.98395650223877,41.128506819290884,39.7829059046641,31.400314959080234,42.09282626893773,44.85213423436555,0.14866887540400422
3945,43.36279980723062,42.99271594264655,41.34842542240383,40.16685074527669,24.484180937591947,42.4248929370499,44.877509511968114,0.1514709704737493
3946,43.29719363121316,42.995656573618625,41.339176085995824,40.44215722470012,22.22856055320679,42.045358836043036,44.81190333595065,0.1514709704737494
3947,43.30299464734992,42.91728875297268,40.73595440901034,39.62383714062394,8.81781169815195,42.0370009164283,44.81843253998558,0.15154378926356613
3948,43.330032673020504,43.06286203201649,40.84938818318675,40.09353091130396,17.985907664049307,42.13083170132494,44.845470565656164,0.15154378926356618
3949,43.317216200768634,43.0817512239694,41.284387015644725,40.59848078940706,26.654082589460977,42.31306929540021,44.830220670387156,0.1513004469618525
3950,43.3466048165083,43.03724154135151,41.31065576611229,40.76464552455142,10.039932635351796,42.32982776221849,44.85818726692793,0.15115824504196312
3951,43.322380078611765,43.04017821326576,40.92076798685628,39.834721982478655,25.801440852396315,42.066896153881146,44.833962529031396,0.15115824504196293
3952,43.3369948698045,43.0893239516651,41.39422904766876,40.394536478552595,32.20690574411321,42.16519613207633,44.84628645257136,0.15092915827668638
3953,43.31833288121949,42.91749726982376,41.43533373539503,40.188192846736825,31.73291005709666,42.118499606180904,44.82762446398635,0.15092915827668618
3954,43.342974396121086,43.10339783270921,41.60893730770156,40.9217989739272,32.678447547000886,42.42543962297859,44.85226597888795,0.15092915827668638
3955,43.33397156694632,43.13945121336029,41.322802664817694,40.47915078491619,30.662528062442878,42.38499792049343,44.84326314971318,0.15092915827668615
3956,43.330689446015064,43.058846396345,40.76990516839328,40.26761322255172,-1.7539438698931207,42.21706358300487,44.83998102878193,0.15092915827668626
3957,43.324393743476904,42.89942026998326,41.01396260934684,40.15853758638044,26.30355314516838,41.98944026282464,44.83368532624377,0.15092915827668626
3958,43.33003826243511,43.11638907479687,41.69703234589487,41.086791311434446,27.664064223973213,42.34692340212902,44.83932984520197,0.1509291582766864
3959,43.32405323559369,43.02093633977538,41.376024656610866,40.70758536972067,31.668336388915208,42.078622499081575,44.83334481836055,0.15092915827668632
3960,43.33382137808981,42.88848983798215,40.995670272989116,39.58265093621514,31.546321995074038,41.9537132464975,44.84311296085667,0.15092915827668624
3961,43.32098208727317,43.031194128224215,41.17878061685401,40.2564261991906,24.865173085794773,42.3065689478306,44.830273670040036,0.15092915827668626
3962,43.30606095290012,42.957695206813455,41.05314966175819,40.1372995518757,20.40040886826736,42.31512781811584,44.81161780745901,0.15055568545588874
3963,43.338012760199035,43.0461894908605,41.15364011520805,39.774310518592166,24.5088761727173,42.29784743616184,44.81461180997116,0.14765990497721274
3964,43.35116143718759,43.09814060207377,41.289116129918,40.13307827896081,27.135491198346344,42.33328869342864,44.82776048695972,0.14765990497721276
3965,43.34144777521756,43.18710279287615,41.5207382963867,40.95578685649389,28.11080080958131,42.549032453764326,44.818046824989686,0.14765990497721265
3966,43.34728121272722,43.19939063548162,41.26383943441039,40.22308450664463,22.00503781343878,42.30344548245421,44.833726214663805,0.14864450019365893
3967,43.350147377473036,43.099016014617135,41.07769913186951,40.481542345767664,17.90933296880945,42.43026019609141,44.83659237940962,0.14864450019365893
3968,43.35650714277125,43.130518957701035,41.3548350516362,40.45935545537993,21.63724421886139,42.311178918129244,44.84295214470784,0.1486445001936589
3969,43.34105432431395,43.09554964416125,41.32719486863266,40.19875795927856,26.7000554134985,42.30479685871096,44.82749932625054,0.14864450019365907
3970,43.356404416994025,43.0281917142136,40.387020068255296,39.492309762563984,-12.676271142227478,42.10821818405758,44.84284941893061,0.14864450019365877
3971,43.337877254145624,43.194751715439644,42.02127862642118,41.630035168900456,32.92178460999149,42.55793285895376,44.82432225608221,0.14864450019365893
3972,43.34994907076502,43.01504422937014,41.33030971057794,40.62777116141218,25.21133353394336,42.23791371788057,44.83639407270161,0.14864450019365877
3973,43.350724749316555,43.0807234175693,41.48287548726267,40.39593212094096,34.175357905811325,42.2901871733074,44.83716975125314,0.14864450019365888
3974,43.34108201640155,43.11936021274603,41.0523758837762,39.986360350404304,24.071582596599526,42.22726880207971,44.82752701833814,0.14864450019365902
3975,43.337586246283024,43.00888485080377,41.26772898252773,40.28473621677243,28.092399470330065,42.36046555807425,44.82403124821961,0.14864450019365885
3976,43.356644070009196,43.149523622766914,41.48629014907591,40.38677547997426,30.95907038061774,42.512254452282434,44.84308907194578,0.14864450019365896
3977,43.37521624448057,42.96292020280451,41.31701189048096,40.248613046418534,23.686857033958077,42.333035901570284,44.86166124641716,0.14864450019365902
3978,43.37703060655081,43.1803969750754,41.33606925768116,40.1327377928825,30.349713444608984,42.44782833985893,44.83340821315323,0.1456377606602413
3979,43.3682381986596,43.1831151953954,41.59786285773243,40.815220101765455,31.892255429829717,42.27767635753612,44.82461580526201,0.1456377606602414
3980,43.37425551789569,43.09731176931488,41.081905969218326,40.552880740465106,19.21096032237334,42.15309317599485,44.83063312449811,0.14563776066024128
3981,43.38042964557333,43.16948109018533,41.22078852516966,40.3294790348052,14.152671513428086,42.19315675797844,44.836807252175745,0.14563776066024137
3982,43.41136361808481,43.20578946980156,41.68371420125995,40.766474303055695,34.68604257774475,42.4097256903128,44.86774122468723,0.1456377606602413
3983,43.36211013997765,43.1517687459283,41.47564238312233,40.429235064669726,31.106648405780785,42.31172144181296,44.81848774658007,0.14563776066024142
3984,43.37958135891198,43.240389456011876,41.32564288823934,40.549331602060036,31.424025100172607,42.06801943616005,44.82248838938761,0.14429070304756272
3985,43.404685161611106,43.166329033124946,41.810281513239225,41.085331416817795,29.52669243124455,42.51477249051182,44.84759219208673,0.1442907030475626
3986,43.43489301721797,43.1667221844596,41.116523897080796,40.12608131173207,-10.832037875280903,42.40969659202909,44.87550918004083,0.14406161628228575
3987,43.40970483684666,43.2225821364625,41.738849055768796,41.016568447938326,31.304448089664355,42.36393223023224,44.85032099966951,0.1440616162822859
3988,43.38818883146112,43.06155420705817,41.05807267898625,40.04981726318171,30.931018540697725,42.09912536603292,44.82880499428398,0.14406161628228578
3989,43.39317951602878,43.23384856896113,41.40514896608068,40.440162771913364,26.75392777981327,42.26365714613448,44.81579389232714,0.14226143762983634
3990,43.37473894608665,43.048483184289594,41.403268229686056,40.63011501347659,31.12292714727016,42.44661133768491,44.797353322385014,0.1422614376298364
3991,43.356000087641476,43.03308460387064,41.31514073154068,40.4873606348432,28.95702417705227,42.24065309230249,44.77861446393984,0.14226143762983637
3992,43.37804219903198,43.188238215132614,40.94019680066493,40.60621008145082,-4.864208920453727,42.33123692135038,44.80065657533034,0.14226143762983628
3993,43.38062941935995,43.13180800198372,41.499640361466085,40.33213520522821,32.82376102822427,42.38947939984423,44.80324379565831,0.14226143762983626
3994,43.38346066845251,43.190150671090926,41.54747282872761,41.11815156111661,28.40255938472149,42.59077164633726,44.80607504475087,0.14226143762983628
3995,43.39333982655371,43.03769357139032,40.69887949498963,40.029400523466734,-10.277705029758394,42.44227490950425,44.81595420285207,0.14226143762983628
3996,43.38076531338102,43.176878211003526,41.484740637906675,40.55995663854697,30.565574857374074,42.5905643462534,44.80337968967938,0.14226143762983637
3997,43.38124542239355,43.02163437827378,41.08160274281153,39.827980436365806,30.47226923410931,42.120064660225985,44.80385979869191,0.14226143762983617
3998,43.38069853787441,42.997628199997266,41.360106960399904,40.03876350183614,29.66546381230565,42.12337365659107,44.80331291417277,0.1422614376298364
3999,43.37744772157272,42.957575306873466,41.19739183990003,40.34443726327424,16.535121915469706,42.30878291180895,44.800062097871084,0.14226143762983637
4000,43.36545267816379,43.06186562137668,41.13816101308228,40.524184815457716,0.9226569400322404,42.26874065306434,44.78794682801869,0.1422494149854901
4001,43.3900390370543,43.161761849225,41.38820722693695,40.76850725226498,15.778118352930719,42.51912815601553,44.8125331869092,0.14224941498549012
4002,43.390250457793876,42.975284917796095,41.37736293587576,40.626729227823624,25.85486165356362,42.24141495648422,44.812744607648774,0.14224941498549018
4003,43.383530375162465,43.17943751314007,41.16807284491557,40.239518021173346,22.433502001854254,42.43776979951531,44.79999892915662,0.1416468553994158
4004,43.37777823559273,43.063680924683034,41.13344862942453,39.93800173221419,30.238572981647927,42.07959645523617,44.794246789586886,0.14164685539941566
4005,43.386908180732625,43.19218914355041,41.65452804472753,40.707034030517825,30.435358389921362,42.571271732412164,44.80337673472678,0.14164685539941566
4006,43.39014588188233,43.22959394888225,41.83895092117537,41.256915186759755,29.107859725314384,42.74518653378935,44.80661443587649,0.14164685539941566
4007,43.37766408465837,43.07816700767786,41.319091018398,40.80710603616985,28.174311784158927,42.292106513128225,44.79413263865253,0.14164685539941566
4008,43.38022350753023,43.20446869752536,41.27191111998373,40.72110626871542,26.497638763666497,42.43328737629609,44.79669206152439,0.14164685539941574
4009,43.358829310101044,43.146047506176245,40.83598169583489,39.6773290944283,23.244893845788663,42.008608134502225,44.7752978640952,0.14164685539941568
4010,43.368370667169685,42.94537486882478,41.01046566509714,40.38269420591235,23.13405692672748,41.92821672825948,44.78483922116384,0.14164685539941557
4011,43.37784959267408,43.08777771561214,41.145053417753594,40.437999273461344,18.339606621137854,42.09027333391849,44.79431814666824,0.1416468553994157
4012,43.38052587529095,43.17032873561219,41.32888875614908,40.8059360914321,1.2604067524487377,42.594122405222905,44.79699442928511,0.14164685539941577
4013,43.38802968299608,43.01132986845992,41.40961387688618,40.42026608650055,28.477712660746466,42.33574193972301,44.80325152583887,0.14152218428427893
4014,43.381951325781024,43.23667171037331,41.68917891253258,40.76620173721494,31.997303669798903,42.36410807402145,44.797173168623814,0.14152218428427893
4015,43.38586748334409,43.1373976115714,41.28548918030567,40.36319110459319,28.293775298649475,42.01420636939734,44.81594147015438,0.14300739868102877
4016,43.3795905431925,43.123451007886864,41.41055733731169,40.700887040287704,22.05336395333906,42.39403950211387,44.809664530002784,0.14300739868102877
4017,43.36398281784052,43.12051410171335,40.587954383027785,39.749717091334055,26.777018021169496,42.139185682136244,44.79405680465081,0.14300739868102869
4018,43.35074826753964,43.13406472200197,41.27299170143888,40.36015993397211,24.586093376126556,42.50631090959933,44.7971138328424,0.14463655653027552
4019,43.34495739217339,43.155069657233724,41.53067294684738,40.75364853733658,33.88957221846164,42.421974454925135,44.79132295747615,0.1446365565302756
4020,43.33984233738453,43.06731957521187,41.127185377726306,40.00672594398826,30.999568119029593,42.005282750862236,44.78779004787789,0.1447947710493362
4021,43.35004326316073,42.99001823553082,41.31098247908388,40.3159285208625,34.32492321342043,41.78535196535174,44.79799097365409,0.14479477104933605
4022,43.34322652102375,43.07593336252207,41.24786543055366,40.359496879601934,0.7390847696404421,42.51374313529962,44.79117423151711,0.1447947710493361
4023,43.35865010483275,43.07312149443877,41.635183184166266,40.76093947405825,28.01070153581273,42.40340059523095,44.80659781532611,0.14479477104933614
4024,43.35245194638356,43.12915909331421,41.451868577492306,40.58844526775737,28.1165635790406,42.560141910780146,44.80039965687692,0.14479477104933614
4025,43.32974591094432,43.03960222790483,41.27735699637675,40.35579361572752,30.625772834483165,42.31390693043394,44.78462835844673,0.14548824475024114
4026,43.355015219383986,42.945674007149115,41.492385943815776,40.584928872573805,32.45563979115421,42.29048669882224,44.8098976668864,0.14548824475024122
4027,43.31681362168408,42.89395080215317,41.25415256465807,40.20489749770973,30.569121851316673,42.2875394830437,44.77169606918649,0.14548824475024122
4028,43.32966661610597,43.187348781612535,41.320013589405136,39.95208161119417,22.222392917372414,42.51629042237765,44.78454906360838,0.14548824475024116
4029,43.33284844186718,42.937022910794155,40.997425659034064,39.92275023384539,25.315967614145876,42.11902910076163,44.78773088936959,0.1454882447502411
4030,43.34557786970565,43.145558951759654,41.63710552980133,40.4636103089318,33.82343865865259,42.538545144515794,44.80046031720806,0.1454882447502412
4031,43.33938511402256,43.07041640072032,40.9942194622589,39.93445886019041,16.74426611004989,42.296918354865426,44.794267561524975,0.14548824475024114
4032,43.35506943346642,42.901238947539,40.95302328349716,39.97782364339787,25.748018510849498,41.984979122420015,44.80995188096883,0.14548824475024116
4033,43.34801686299038,43.10549269972277,41.174434834338356,40.47726102238486,30.35064128648034,42.286014270011584,44.80289931049279,0.14548824475024108
4034,43.33663851362089,42.947265891786664,40.994433175550036,39.774079039454755,27.101866932028877,42.14550719944126,44.791520961123304,0.14548824475024122
4035,43.3387762183821,43.106091083829924,41.025070061398495,40.00909227472079,15.944947262310606,42.370989134589124,44.782052221894006,0.14432760035119013
4036,43.36271562069268,43.10006423571735,40.700845981199365,39.813337658999906,8.193894496035696,42.0781393952321,44.81308527874435,0.1450369658051669
4037,43.34700237692882,43.16579217812084,41.204706218058426,40.1440818728405,27.072122441859953,42.52999940608804,44.797481682800104,0.14504793058712834
4038,43.32190747165794,43.10552921036605,41.31442246410882,40.699365293696935,32.40536101616405,42.3467359133692,44.77238677752922,0.14504793058712845
4039,43.373401883320916,43.07699912142483,41.06658769458207,40.34759722622707,1.1734773288741138,42.46970475403045,44.819124302642976,0.14457224193220564
4040,43.34911083610405,43.12733319702765,41.41893781865307,40.419075113900064,33.93541819833728,42.06339272473238,44.80033127321949,0.14512204371154389
4041,43.36442082729225,43.093322666205445,41.491412592253404,40.8908424492288,33.753182637185084,42.411317302438505,44.81564126440769,0.14512204371154386
4042,43.38017227688805,43.104474290429465,41.45418482916963,40.30598701844803,29.58071607136128,42.27297349465266,44.831392714003485,0.14512204371154394
4043,43.336640480911996,42.86579462087062,40.61222598342191,39.642826333057435,17.914436276966615,42.05799007107595,44.787860918027434,0.14512204371154397
4044,43.35876620910513,43.11310556865138,41.37699736082241,40.4525809023691,30.60635222439514,42.30932201919852,44.809986646220565,0.14512204371154402
4045,43.3241649778172,42.95129856393756,41.00461078699747,39.86657503423995,30.40843872084757,41.78420753748814,44.775385414932636,0.14512204371154397
4046,43.37428146634243,42.93823451494154,41.464629766304405,40.8597022154824,30.369195322166973,42.295053167718464,44.82550190345787,0.1451220437115439
4047,43.36464760766859,43.055113981337065,41.230134995596664,40.764692550132814,24.01832583097755,42.38129220142571,44.815868044784025,0.14512204371154394
4048,43.34905250704989,43.22975447566389,41.09017719293075,40.27694344465648,21.874332118330926,42.287439091067725,44.80534285124808,0.14562903441981864
4049,43.33320845927784,43.000467838206774,41.17719812170284,40.13574691248832,28.854553198628324,42.03744583888947,44.78949880347603,0.1456290344198186
4050,43.34711227503509,43.05207868520701,41.20443464333056,40.5783762437388,28.340559077183404,42.21775383177223,44.81729646881583,0.1470184193780747
4051,43.344081125344445,43.04960772939327,41.328371814392405,40.48122999666775,15.340111820023328,42.240231019337585,44.81426531912519,0.14701841937807475
4052,43.343851094258696,43.0097561335375,41.2175277872678,40.41582008878879,27.474872165306028,42.215042752744786,44.81403528803944,0.14701841937807472
4053,43.31025250238783,43.05208803435444,41.500855157369735,40.610872287326046,28.695874990511598,42.55257939225281,44.78043669616858,0.14701841937807478
4054,43.3569509826851,43.06647597740604,41.3940976768949,40.510576276349475,32.213906285357716,42.34848533814763,44.827135176465845,0.14701841937807483
4055,43.32868535250672,42.96460881850972,41.04784749194729,40.127853719661466,24.658555770354468,42.198326222486685,44.79886954628746,0.14701841937807486
4056,43.324047208130786,43.13064504615188,41.857538042871575,41.16273050097391,30.578406713108073,42.58068629936959,44.79248007819748,0.14684328700666893
4057,43.32787457860925,43.04282917474891,41.272319924688894,40.142364000014865,32.37808444782141,42.285244059320775,44.79630744867593,0.14684328700666885
4058,43.34292114777533,43.12457056660027,41.350933017132995,39.97402871368385,32.2415756619524,42.19750469769014,44.81135401784202,0.146843287006669
4059,43.32845294514925,42.9852216563142,41.4049037418651,40.17980153752335,31.82199742921702,42.10971416052246,44.78864923209566,0.14601962869464083
4060,43.33813210423209,42.98294656334879,41.15789242121129,40.552563384503934,14.302991619951513,42.21521300370479,44.798328391178494,0.14601962869464089
4061,43.34390198776782,43.17286184388352,41.72180466773592,40.90905457271798,32.12277335406727,42.72851510639788,44.81062300932987,0.14667210215620502
4062,43.34716716316027,43.10741703331474,41.143794847920226,40.24491674417059,24.853682113231045,42.50481009724285,44.81388818472232,0.14667210215620516
4063,43.340485799032145,43.09112596500523,41.26322666181697,39.94434758931607,32.857750806209424,42.208665144308554,44.807206820594196,0.1466721021562051
4064,43.325520723601855,43.09313732124976,41.67957007856425,41.08692154167154,33.23425847293825,42.46262396693277,44.792241745163906,0.1466721021562049
4065,43.349983291609526,43.09196689237214,40.67974811528674,39.823828449186514,16.461068491152957,42.11796004322814,44.81670431317158,0.14667210215620505
4066,43.359277976050386,43.10856952009137,41.38192540549553,40.3810325455231,25.62418047870518,42.531577701328985,44.82599899761244,0.14667210215620508
4067,43.33178769339296,42.99853229090764,40.993042704524434,39.894714926918034,28.893227433390226,41.80421800000036,44.79850871495501,0.1466721021562051
4068,43.309806364137536,42.976085668891024,41.25382230311168,40.268462887651246,30.73008148433954,42.386839318957016,44.77652738569959,0.14667210215620516
4069,43.34376071623273,43.18719655741258,41.20856563391707,40.64336522119087,26.03123271614968,42.394079659973094,44.81048173779478,0.146672102156205
4070,43.34998501746376,43.05608775950578,41.33442364826037,40.441757361412186,26.848792494353756,42.318668093506716,44.81670603902581,0.1466721021562051
4071,43.315577491538754,42.94953993539363,41.38094718557533,40.83703445529167,26.769982099787253,42.39784761042979,44.782298513100805,0.1466721021562051
4072,43.3405916812305,42.712721285503264,40.61993822746177,39.19433022035943,29.90861760255683,41.744080514346635,44.81333829865329,0.1472746617422794
4073,43.31280218445382,43.01746245259378,41.065626683514814,40.003412587740264,28.3701144239389,42.37687926707132,44.785548801876615,0.14727466174227938
4074,43.346906614586345,43.07197569471211,41.1539921147627,41.007371135080284,0.6554620191700238,42.42359689655713,44.81965323200914,0.14727466174227932
4075,43.3345531088545,43.04409224840221,41.25495916277141,40.22917309957976,31.742906708955807,42.346614270711555,44.80729972627729,0.14727466174227935
4076,43.31003559543801,43.03484897701086,41.08880326035367,40.89405902912185,10.171990077386354,42.04777889509806,44.7827822128608,0.14727466174227932
4077,43.347236721251306,42.95060257992071,41.130977551862095,40.02219222621121,31.26517132436079,42.09515541252457,44.8199833386741,0.14727466174227932
4078,43.34676229918042,43.15657279472339,41.6158071225599,40.84378736178543,30.660478299904447,42.561083270848826,44.81950891660321,0.14727466174227952
4079,43.33779696245155,42.98201387458703,40.995210299989864,40.12364398197482,20.325601932089086,42.19872481351604,44.81054357987434,0.14727466174227943
4080,43.3375721818387,42.89533865720758,40.85878736221557,40.30056347661971,17.867282328922002,42.01890565817135,44.810318799261495,0.14727466174227943
4081,43.325528322521755,42.89986810319375,41.215879195718465,40.412001021352864,19.80746199513079,42.078537787865585,44.79827493994455,0.14727466174227938
4082,43.31616907570034,42.96091544098001,41.375785128799016,40.55538613623125,30.23438828762408,42.330647126845605,44.78891569312313,0.14727466174227932
4083,43.3500503558838,43.07121765421159,41.35511875526442,40.61908725864214,28.831925805968847,42.371366595730706,44.822796973306595,0.14727466174227946
4084,43.3711619760017,43.08397716583256,41.15455934320131,39.99763912494948,23.498818221507577,42.48279193810662,44.828954827259814,0.14577928512581137
4085,43.35248519393338,43.00005390974912,41.10942583772639,40.276005107468066,22.04810909205093,42.22104889521587,44.810278045191495,0.14577928512581137
4086,43.334200033906576,43.172661107011784,41.7314484504097,40.88711404162056,33.67376686087411,42.45861366953338,44.79199288516469,0.1457792851258115
4087,43.34367295058899,43.12841219332631,41.36633844400873,40.38768981361145,25.39094003441049,42.41100461895607,44.791324728759975,0.1447651778170985
4088,43.3470538336786,43.02207900775204,41.430566671314466,40.713719600392025,29.637491463848995,42.31858709848804,44.79470561184959,0.14476517781709855
4089,43.36267352753084,43.0585194694453,41.409659179666505,40.64585833782966,27.074985571960458,42.3821220502271,44.810325305701824,0.14476517781709863
4090,43.375508121911,43.03788591008249,41.067516241304126,39.93821190401045,18.35605321875508,42.19789573069116,44.82315990008198,0.14476517781709855
4091,43.33793088670674,43.16391801002809,41.48123640050728,40.61680832536121,30.650266237049628,42.62753099674495,44.78558266487772,0.14476517781709858
4092,43.36636181616996,43.032159773339785,41.39756824397866,40.63744369194579,32.46610443231775,42.006443890927386,44.81401359434095,0.14476517781709852
4093,43.33848541165892,43.09076463475305,41.29373420729029,40.899368783002,22.092132230379633,42.31561104348805,44.78572184246378,0.14472364308048574
4094,43.36022451872502,43.247918358053575,41.32074477386899,40.2662777693751,24.908087313126167,42.5248286210563,44.807460949529876,0.14472364308048563
4095,43.35115786536445,43.06330101985627,41.215087668989625,40.565813356685894,3.5215115437893942,42.534818616896544,44.798394296169306,0.14472364308048566
4096,43.347257386160514,42.954101194049336,40.994421506005345,40.20485418174729,22.039774749169823,41.983853531155816,44.785319082672025,0.14380616965115103
4097,43.34441738191457,43.05054861665136,41.503789902282676,40.21620540280212,33.20340225444838,42.40222722386457,44.78247907842608,0.14380616965115092
4098,43.360444510289625,42.986770513877275,41.52389103366337,40.463170423218116,30.517171534461802,42.453277547434716,44.79821108587847,0.14377665755888436
4099,43.365905329899,43.03149883932444,41.2237227364562,40.47109519294342,26.368825912736906,42.047911315413295,44.80398813325386,0.1438082803354861
4100,43.3630757976318,43.17182133808501,41.141899059582485,40.4882708350313,25.252391545127995,41.68210336585428,44.80115860098666,0.143808280335486
4101,43.34766781708077,43.04200645467636,40.926244788133694,40.12297173550393,27.574529446081904,41.831667391640934,44.78575062043563,0.14380828033548598
4102,43.36954524522578,43.23504737552067,41.139011556592486,40.30023660282433,25.445803499404207,42.263155433246354,44.80762804858064,0.14380828033548587
4103,43.37868245544981,43.09789917002922,40.99046105174175,40.08328442609035,1.227970365166712,42.303495666674145,44.81676525880467,0.14380828033548596
4104,43.3445759535107,43.11135150869495,41.48696515651694,40.68477860248225,23.732727397884265,42.37897308890594,44.78265875686556,0.1438082803354859
4105,43.365875519580904,43.08121035837083,41.39442201064084,40.728436589332404,6.888317033987292,42.48151077666748,44.80395832293576,0.14380828033548593
4106,43.37413157338654,43.13075682669259,41.61869370939084,40.958326008185914,25.517169012079002,42.52303699862567,44.81386699968621,0.14397354262996717
4107,43.37385846269469,43.183241334846294,41.720788408839695,40.864611508861984,32.604602191205714,42.49576202276269,44.81359388899436,0.1439735426299671
4108,43.3768728962319,43.09328402914688,41.35134069790581,40.4580870187246,18.02549560757188,42.34121419778896,44.81660832253157,0.14397354262996712
4109,43.3460903531539,43.076010653573185,41.36913373277975,40.398665897522214,32.38680674784842,42.278306996788814,44.78582577945357,0.14397354262996714
4110,43.357973898995986,43.0250935461,41.40968290856461,40.33154661279979,26.524773563597826,42.246067848037995,44.797709325295656,0.143973542629967
4111,43.34880850607637,42.926836819113504,41.37041035820017,40.183278668183284,29.556917828501707,42.389570905112784,44.78854393237604,0.14397354262996703
4112,43.358166612341435,43.21659637807729,41.25222901248218,40.807009389727966,28.45997680395088,42.3185062407799,44.797902038641105,0.14397354262996714
4113,43.37067499134081,43.16986485302821,41.23283993492687,39.998985454186226,30.881325190467024,42.147283286033385,44.81041041764048,0.14397354262996723
4114,43.364457012858225,42.997830986592845,41.24027231375226,40.66256793865609,0.5778291004145331,42.27441710319148,44.804192439157895,0.14397354262996728
4115,43.35843205496116,43.03549870602212,41.25477105983916,40.61659584353917,28.135748542636566,42.23343841945389,44.79816748126083,0.14397354262996714
4116,43.3678513843149,43.1842495834168,41.3524618509744,40.204231600854875,33.53217745770855,42.14874926112176,44.80758681061457,0.14397354262996706
4117,43.36182629087027,43.12666108470149,41.57254993183579,41.215620045619985,29.717452686460987,42.49854471104426,44.80156171716994,0.1439735426299672
4118,43.34885989074835,43.19234862080762,41.689998210166785,40.42997458739996,31.521858427141673,42.38112098118265,44.78859531704802,0.14397354262996723
4119,43.37764914937952,43.07705375924407,41.51588086680404,40.67208616739825,33.02572251690002,42.311567139839624,44.81358541363698,0.14359362642574572
4120,43.343645815247385,43.196573668400525,41.61052538975301,40.743102184150516,33.11930099409812,42.42174896735095,44.77958207950484,0.14359362642574555
4121,43.3563319587903,43.14741339155552,41.55499214588739,40.99481331639271,31.85565135058346,42.55272533197645,44.792268223047756,0.14359362642574555
4122,43.38456445746531,43.01495712053907,41.505683235884014,40.893066789741,30.52226597950467,42.58717066360761,44.820500721722766,0.14359362642574566
4123,43.390412896826824,43.04722248271186,41.54032132722603,40.55675365727966,31.709390414198353,42.57162026476813,44.82634916108428,0.14359362642574566
4124,43.378762373176166,43.02187817926453,41.452185887887495,40.426530960478935,31.834417519858697,42.29089708497405,44.8143824096676,0.1435620036491439
4125,43.36862179966559,43.06706831845449,41.34724242071231,40.29337447400785,30.266986565983387,42.458622728593,44.80424183615703,0.14356200364914393
4126,43.35377011250056,43.11302619053154,41.65873425462638,40.8331170482764,31.810052061748905,42.60810751732559,44.789390148992005,0.14356200364914395
4127,43.33791904953455,43.06429558363313,41.668485101989255,41.037426973677306,33.28648398736772,42.40602726373879,44.773539086025984,0.14356200364914387
4128,43.36914682032865,43.18211235114816,41.53109530073663,41.01065357960197,24.10774646473073,42.535156781356775,44.804766856820095,0.14356200364914393
4129,43.3659570389176,43.11780358075125,41.54110773567897,40.63946125352766,26.54505074328044,42.38588359869087,44.80157707540904,0.14356200364914393
4130,43.338031557457185,43.075928816787105,41.520677867998906,40.63307828761538,30.152064166453336,42.28223930220583,44.77365159394862,0.1435620036491439
4131,43.35028909252832,43.05726097813631,41.33448788357435,40.32900734388397,17.49112738852199,42.48285970270469,44.78590912901976,0.14356200364914384
4132,43.35942140623426,43.175088882584305,41.4734814098029,41.01551439073047,26.878126607036155,42.57489983065861,44.7950414427257,0.14356200364914387
4133,43.356538343740134,43.091015142877225,41.24501491440555,39.6701162361434,31.942400162804674,42.25488451796501,44.79042057940283,0.143388223566269
4134,43.33373326012025,42.97970040757977,40.90577476356552,40.3990877798082,20.0915675142968,41.9614445379417,44.7674533147732,0.1433720054652954
4135,43.340174619217215,43.0870869675872,41.552293234830344,40.69665170843946,31.630999744320615,42.49073800650862,44.77389467387017,0.1433720054652953
4136,43.3618970979337,43.08469288551945,41.7485878748166,41.06212245766995,31.895987709982766,42.61677565645533,44.79561715258665,0.14337200546529538
4137,43.35536155850247,43.044282638856615,41.02865042738428,39.93186677161348,17.54770431070932,42.07508599507321,44.789081613155425,0.14337200546529544
4138,43.368200149558206,43.109024787773244,41.4810874816639,40.598916107927124,22.34329219603024,42.33318469056009,44.80192020421116,0.1433720054652954
4139,43.35215492203935,43.18204073174395,41.362751290373694,40.71391502609976,30.899862311635058,42.33654799851223,44.7858749766923,0.14337200546529535
4140,43.36194067589472,43.036192292645836,41.450576649794876,40.391026194403345,32.95815501657104,42.44767326861167,44.795660730547674,0.1433720054652954
4141,43.35861401293868,43.1706813388449,41.36550564692991,40.47598819229597,27.29251881216757,42.31228560417476,44.79233406759163,0.1433720054652953
4142,43.339939132975346,43.10899181581468,41.31048214737833,40.33863929832415,29.672272020227158,42.17697545438381,44.7736591876283,0.14337200546529535
4143,43.355562837734404,42.96779263531534,41.31713825030069,40.70531037662935,30.3325356163303,42.171555359003094,44.789282892387355,0.1433720054652954
4144,43.3653514260113,43.03061907926447,41.33065430733046,40.537828546769575,27.286269271621563,42.168778388254054,44.79907148066426,0.14337200546529552
4145,43.36658622769808,42.958861341290294,41.06372640223162,40.912481771218516,20.366205739268583,42.48174155344732,44.801891175543496,0.1435304947845415
4146,43.363498729972605,43.218540132802005,41.56814455581284,40.92553033762094,30.97297281960652,42.496807697890674,44.79880367781802,0.14353049478454144
4147,43.366256983476816,43.03096279399001,41.29572566925689,39.798435563457,25.49064649917803,42.36371243913567,44.80156193132223,0.14353049478454144
4148,43.35704656327918,43.244399302800254,41.531544900810935,40.334095265495925,30.87267416306225,42.56843870354768,44.79235151112459,0.14353049478454144
4149,43.3480504547024,43.05995679470936,41.857095664205815,41.01101815652976,36.93159730717792,42.346793136837775,44.78335540254782,0.14353049478454158
4150,43.39444937009599,43.178695650508736,41.603783346987306,40.577142896692344,31.208349312664357,42.58279281381714,44.82975431794141,0.1435304947845414
4151,43.4011528828915,42.97043991994757,41.58170498704775,40.58791192167963,28.98680045818212,42.32550953080094,44.83645783073692,0.14353049478454138
4152,43.34742881063859,43.033116084800874,41.21406723505129,40.071554364813174,24.03001662278788,42.17882172715919,44.78273375848401,0.14353049478454147
4153,43.37116788724354,43.07907373709527,41.70414824705138,40.9585269805846,33.87610732983815,42.39387957466673,44.81116040990849,0.14399925226649535
4154,43.3519181780579,43.23658268882149,41.67689015852945,41.05358359825564,29.626310999579292,42.60548158625572,44.79216774030113,0.14402495622432315
4155,43.37067087449272,43.18903752797141,41.194786560594494,40.181463786313074,9.097482144558114,42.51630274568804,44.81092043673595,0.14402495622432296
4156,43.35199636336837,43.08572335264784,40.84097977490065,39.560862972768206,19.802144271605783,42.01017419729827,44.7922459256116,0.1440249562243231
4157,43.349080453047954,43.10289831165246,41.10576408600193,39.934786115634566,25.426866200842415,42.23198202766192,44.789330015291185,0.14402495622432307
4158,43.37703517849866,43.084894979856664,41.435609633426616,40.33413491042837,26.469169713324806,42.31479203078142,44.81728474074189,0.14402495622432307
4159,43.32263642906644,43.03030632311907,41.247706772200615,40.01266822714003,28.169566582303727,42.224164504465946,44.76460617492674,0.14419697458602967
4160,43.356958932513244,43.08460342036934,41.69471547797986,41.23271427520529,28.224676767458572,42.282727706754,44.79892867837354,0.14419697458602967
4161,43.341060014520416,43.05669622034973,41.56219054831527,40.978030542516954,28.486487755354194,42.3427660639463,44.783029760380714,0.14419697458602967
4162,43.344213932868534,43.20846921729031,41.748019515362856,40.63776855500447,35.53408844664196,42.53826237719382,44.78618367872883,0.1441969745860296
4163,43.36955355629869,42.92618393578981,41.28379229427683,40.4043439133539,30.639127829817852,41.814358631693935,44.80809612661167,0.14385425703129817
4164,43.3293285630425,43.06675572919119,41.521234269932854,40.86076290104498,21.584666507023908,42.57271372778531,44.767871133355484,0.14385425703129828
4165,43.34775311158071,43.015150670932485,41.06840645644985,40.245507392586525,27.179182300681582,42.03753113255151,44.78629568189369,0.14385425703129828
4166,43.375472375170666,42.96627332294727,41.196710711715,40.23394297790399,33.3573483101961,41.88788153519893,44.81401494548365,0.14385425703129823
4167,43.369383514212416,43.13734677442499,41.75228238085796,40.76465355555537,31.768491517805824,42.62498053071373,44.811052609263804,0.14416690950513877
4168,43.36014305753705,43.04128672306149,41.16932487464969,40.61599446892473,-0.5174956276058609,42.14193037237406,44.80181215258844,0.14416690950513866
4169,43.37571162055585,43.20476816746479,41.407110545145215,41.1660590233538,21.728309515829277,42.5748754777311,44.817380715607236,0.1441669095051388
4170,43.34461303304172,43.11529043448519,41.05571507508567,39.60776720879345,32.913327287623034,42.273062070817204,44.786282128093106,0.14416690950513883
4171,43.36997788020583,43.01207132677607,41.00459558113963,40.41426761879188,28.076465976397202,42.4117937977628,44.81164697525722,0.1441669095051387
4172,43.36619848314259,43.085658000140384,40.69623440746011,39.38807083664391,25.034696098081906,42.31721290147419,44.80786757819398,0.1441669095051388
4173,43.353484813100906,43.02728144982834,40.97397741718118,40.048902196193005,-2.3866858483282485,41.94605678462708,44.795153908152294,0.14416690950513877
4174,43.34862617247673,43.15827417769509,41.482160071507025,40.57265948873668,28.950000095926153,42.511704882545544,44.801606627859115,0.14529804553823847
4175,43.3023145363158,42.945884473277836,40.92225153524106,40.43655139010163,-12.721432713155117,42.12628887027701,44.755294991698186,0.14529804553823847
4176,43.358129582812055,43.121810195713046,41.37772836393527,40.41575043509483,32.211140392593904,42.49069571640798,44.811110038194435,0.14529804553823839
4177,43.34887306318196,42.97457835532949,41.13764808974787,40.50877188550571,23.958782185670024,42.30467729775367,44.80185351856435,0.14529804553823852
4178,43.323929523743374,43.00738257741543,41.30491471797452,40.3346258590747,32.23825746654326,41.9569431006418,44.77690997912576,0.14529804553823847
4179,43.33351227039786,43.00772966063275,41.36730083848285,40.45493852548802,28.373176146456636,42.43894570671645,44.78649272578024,0.14529804553823839
4180,43.3520954407304,43.16531578879265,41.367429386513436,40.64620503234668,23.99463603061801,42.53492616623137,44.80507589611279,0.14529804553823847
4181,43.34156119137537,42.92960892929984,41.24925651683883,40.2144364646041,29.836221180141646,41.988583167261496,44.77981689753826,0.14382557061628903
4182,43.35127749764454,43.18810106082781,40.945542761895,39.84868795038823,8.655664999917619,42.2700005182524,44.78953320380743,0.14382557061628898
4183,43.369833667170184,43.12823603207071,41.49056508739558,40.80915497175395,32.08230787063272,42.3647040366414,44.808089373333075,0.14382557061628895
4184,43.36691263819667,43.096521071623144,41.0468571691325,39.53624389030804,29.078354441268335,42.171226998549386,44.805168344359565,0.14382557061628895
4185,43.391777180342636,43.09155588974065,41.65674294826772,40.863184966370554,26.450461540318788,42.54770725291234,44.83003288650553,0.14382557061628895
4186,43.36938182558514,43.081621324426166,41.3584654097178,41.16396712400476,20.462594419740537,42.34092278789342,44.8080068933078,0.14386250677226622
4187,43.3599828333676,43.093733329255855,41.577590405523715,40.84381813621402,33.37622406938084,42.27819077367214,44.798607901090264,0.14386250677226628
4188,43.344132651439445,43.05062453544255,40.933017437559776,40.10503718001479,26.458254212105874,41.96970356617901,44.782757719162106,0.14386250677226614
4189,43.332095211548314,42.97054779351356,41.363977982457364,40.45552725947142,27.70939191841632,42.30643985773693,44.77538055336839,0.1443285341820079
4190,43.36678128333813,43.164083291515325,41.421237966046725,41.32993615367863,24.82407437821322,42.38324190354453,44.81006662515821,0.14432853418200794
4191,43.350972869262854,43.080454419136444,41.29690876865855,40.55679600686456,30.60418280626839,42.44955817678383,44.79425821108293,0.14432853418200786
4192,43.34186579442578,43.05612205745001,41.39640702379249,40.1493130727852,31.20854686308047,42.000447163913265,44.78515113624586,0.144328534182008
4193,43.362274469248675,43.22731380606361,41.62696372950608,41.00643215459831,31.071800929785432,42.64595733590261,44.83862802744118,0.14763535581925083
4194,43.324272997814035,43.13220164095448,40.67305784436088,40.265839571885316,0.45838643187238404,42.42693528521461,44.80062655600654,0.14763535581925086
4195,43.34044020742634,42.93967827844085,40.833078196082006,40.152322524750915,16.645521364544646,41.85068931447546,44.81679376561885,0.14763535581925083
4196,43.339674522695866,43.06341624827347,41.24155829560017,40.24832052459724,23.40915194979464,42.072001837558545,44.81602808088837,0.1476353558192508
4197,43.3241199663392,43.07252754688221,41.06872117311829,39.875551798697735,24.634446297200945,42.452916230937156,44.800473524531704,0.14763535581925094
4198,43.35816895433664,43.05536677419933,41.35920482164944,40.640138504587455,23.59735987011198,42.237927172183106,44.83452251252915,0.14763535581925077
4199,43.33435089802503,43.10610562891493,41.53728395632146,40.61334326109879,28.919741000205683,42.47715232989526,44.810704456217536,0.1476353558192509
4200,43.32414780865118,43.13358543716689,41.31611365257738,40.568913959302435,28.87615553558601,42.15320020448954,44.80050136684369,0.14763535581925089
4201,43.34612332779747,43.023139189152914,41.32456559617774,40.1847771332727,30.62932989248894,42.38187166740088,44.82247688598998,0.14763535581925097
4202,43.34578138489411,43.02023994890692,41.54265624973286,40.5747000408154,32.47872214212265,42.32024496924092,44.82213494308662,0.14763535581925089
4203,43.31787579076069,43.12949841459236,41.705440521544766,40.72486241888524,35.12911153907125,42.509394959132344,44.794229348953195,0.14763535581925086
4204,43.30193169309352,42.98199716699612,40.91993885383578,40.20766619124993,20.46501738686159,42.20969187575455,44.80987624539076,0.15079445522972393
4205,43.30250926951612,43.19023880870322,41.734397758312014,40.766795323212556,33.54043234324865,42.70989028128394,44.81045382181336,0.15079445522972398
4206,43.3133398385873,43.09630084053436,41.37683061662153,40.50454331311837,31.519863137868033,42.502698166893566,44.81343530741503,0.15000954688277285
4207,43.31914141588217,43.145332945648775,41.72653975948279,41.15636368897019,29.524385848988857,42.43914524442967,44.8192368847099,0.15000954688277277
4208,43.303264057044686,43.09116927921677,41.409908240516266,40.261857652790354,31.589179584188106,42.38789930622928,44.80346423872722,0.15002001816825342
4209,43.31656648861764,42.8902403787108,41.319591979535666,40.358539378323385,31.65078985488553,41.991742614287716,44.816766670300176,0.15002001816825342
4210,43.312718624803374,43.08838870426796,41.49913927387322,40.52963529681232,30.06285230102523,42.55524405227718,44.81291880648591,0.15002001816825344
4211,43.30362835242124,43.02776404122964,41.65746914584076,40.80675832369879,30.775061778440367,42.314387835306896,44.80382853410377,0.1500200181682533
4212,43.30678622388675,42.996838549512994,40.80836247570719,39.9933305422216,-0.6398586968980027,41.93276967884668,44.80698640556928,0.1500200181682533
4213,43.32832854309979,43.07302036279785,41.48273962705107,40.29910385325427,31.654580228457164,42.399281071754075,44.82852872478232,0.15002001816825325
4214,43.29991611122978,42.796574403122634,40.78314061988152,39.88742918417984,27.46291916686689,42.02138801304514,44.800116292912314,0.15002001816825342
4215,43.32866904803152,43.04486670220747,41.31193398692039,40.426381736552614,29.126621910799038,42.40606966122682,44.82886922971406,0.15002001816825342
4216,43.29158463107955,43.074227964941905,41.23820803467079,40.06110561168907,30.24881746162576,42.10749937448338,44.79178481276209,0.15002001816825342
4217,43.297178672338866,42.9451650826734,40.791950052137494,40.04731317232528,-0.5414380085459953,42.15152402240628,44.7973788540214,0.15002001816825344
4218,43.31927337943506,43.10676788784763,40.97825598386031,39.70683389969001,26.132884378529646,42.25424939955056,44.81947356111759,0.15002001816825333
4219,43.306573600340506,42.91931654995959,41.034555752243996,40.05004278805963,28.939755484624147,41.890316841231936,44.80677378202304,0.15002001816825342
4220,43.30047214034716,42.93247491410983,41.327884053324695,40.286591914593195,27.205259327759354,42.07879165365469,44.80067232202969,0.15002001816825328
4221,43.3262057866501,43.026109659942406,41.18818942150518,40.041782717661036,29.968555673696574,42.25182498740803,44.794814974227904,0.14686091875778046
4222,43.33520234554307,43.155465322443625,41.111554993390975,39.70705451173184,33.00792872166055,42.214725373491746,44.80381153312087,0.14686091875778037
4223,43.344683708552935,43.07242687046757,41.13244084509491,39.73910322245149,27.5575932245397,42.17200320097451,44.80726730027,0.1462583591717061
4224,43.34475887515444,43.08216685911255,41.240739058848256,40.77782410433222,17.999895734267568,42.4048979981975,44.813368062732245,0.14686091875778032
4225,43.35389186119265,43.09267031990713,40.94859850210329,39.9176443557183,27.971383122955462,41.94694382159328,44.822501048770455,0.14686091875778054
4226,43.354149125775876,43.02480661823463,41.14784379115956,40.061090008088996,25.30300299803959,42.39036351279567,44.82275831335368,0.14686091875778046
4227,43.34782725499724,43.15836134539463,41.401733540456966,41.14883596078067,27.58137916573251,42.52806627009525,44.819163826060056,0.1471336571062812
4228,43.34483322670101,43.05061504079634,40.956075892641614,40.124127494958564,19.09776899500105,42.43909280894384,44.81616979776383,0.14713365710628123
4229,43.33221915692053,42.824130910632924,40.89106485760555,39.988541410826514,27.2140756751377,42.012512134421755,44.803555727983344,0.14713365710628115
4230,43.35089339560233,43.15808426748127,41.28355760045555,40.30183301892655,16.833906248085924,42.37827368326592,44.82222996666514,0.14713365710628112
4231,43.34215647849853,42.95807398331916,41.02528686586717,40.148586624650164,31.765750758602707,41.795893221865455,44.813493049561345,0.14713365710628132
4232,43.34559238028963,43.06608168575555,41.192144844429265,40.220564278989116,28.282713503034927,42.139110333868274,44.816671911774165,0.14710795314845349
4233,43.336081443454155,43.00545396770416,41.24017750869457,40.55835616942527,21.787200205963316,41.98844266076179,44.80716097493869,0.14710795314845354
4234,43.326518646820716,43.10185406655729,41.39962014818402,40.822177635430116,21.968195936055096,42.390933318895236,44.79759817830525,0.14710795314845354
4235,43.341816003186835,42.92884094785983,41.296077142460085,40.470679839084866,29.15218906303459,42.02442850811552,44.81289553467137,0.1471079531484535
4236,43.336186193552585,42.92344975386919,41.36419090160814,41.05653886680426,0.6420631053173835,42.160797740315715,44.80726572503712,0.14710795314845357
4237,43.32672637196375,43.121660885957375,41.368177760829944,40.29458343982858,30.070613903412273,42.34440946198984,44.797805903448285,0.14710795314845343
4238,43.34164873052421,42.933376721547205,40.55693471531039,39.51068672046464,26.45858371730428,41.9325138764961,44.81646299021672,0.147481425969251
4239,43.338389377484454,43.06632299377559,41.15468277390174,40.262382268396955,28.78267798286846,42.1403954262964,44.81320363717696,0.1474814259692511
4240,43.34165858435351,43.15942385348136,41.6980121187052,40.74769877021258,28.770163552013734,42.539617805511696,44.81647284404602,0.14748142596925093
4241,43.33198006405014,42.954015952224644,40.85631826107255,39.740913751934315,30.840476006688746,41.94537873366616,44.80679432374266,0.14748142596925112
4242,43.326296038629295,42.85713302419794,41.41234819295988,40.532480579516736,33.79801015223396,41.94404152672891,44.8011102983218,0.1474814259692511
4243,43.35992637914803,43.02333828054237,41.05423074955749,40.052627956109674,20.43429676986047,42.213971207527294,44.834740638840536,0.1474814259692511
4244,43.325421790842526,43.0520013016862,41.28333487353295,40.74353401184218,26.304059325015547,42.176492850670186,44.79461671006799,0.14691949192254639
4245,43.347060613290736,43.12837772387879,41.079874631341994,40.44528109909334,20.674425947960515,42.280065445799835,44.8162555325162,0.14691949192254639
4246,43.356335253885234,43.02477539089525,41.326009114050024,40.37778236911615,30.210207949405966,42.04783846859729,44.8255301731107,0.14691949192254639
4247,43.32519254848855,43.05286031555718,41.00148170511608,39.99660962993051,7.9001348351198715,42.37568363326648,44.79438746771402,0.14691949192254636
4248,43.34051426696281,43.04121546897748,41.368886838512005,40.543838134039824,19.31659007981971,42.0876807502326,44.80970918618828,0.14691949192254644
4249,43.32485734400419,42.97090958898757,41.02093153928762,40.078778021848436,17.469074011729603,42.16891798504585,44.79133528916793,0.1466477945163743
4250,43.306597018376976,43.03223202827081,41.47359869800686,40.494775604767,24.375543533900608,42.490840029289856,44.76034244308967,0.145374542471269
4251,43.35924472139915,43.140514789283955,41.488935752535795,40.541423203128446,32.340009012949096,42.4806605869496,44.81299014611184,0.14537454247126894
4252,43.36154371442267,43.072957096238426,41.27991401428828,40.24044839664231,29.08420767956673,42.19954558989805,44.81057002384615,0.1449026309423475
4253,43.38316615606273,43.03437998063358,41.3521859587207,40.68317991400578,27.709376512425433,42.33806858568414,44.8321924654862,0.14490263094234748
4254,43.382960308613086,43.039364679658256,40.82969420557906,40.21786769727318,25.593976992593866,42.178344435025394,44.83198661803656,0.14490263094234748
4255,43.351844570251465,42.99200284483393,41.05267584516283,40.739200885414704,1.2032551184649947,42.11303105019282,44.80087087967494,0.14490263094234754
4256,43.36118015108149,43.192232308684815,40.92847628493516,40.0540574129497,26.808187904619434,42.247743927959306,44.80689514929014,0.14457149982086484
4257,43.370648761496355,43.13353567183615,41.10976403351129,40.21648123602742,28.15944323651656,41.93272656688693,44.816363759705006,0.14457149982086492
4258,43.35782747364248,43.108031846714624,40.90074439338427,39.90053368097849,22.039112774806856,41.752704235553004,44.80354247185113,0.144571499820865
4259,43.347708970986524,42.99893736598623,41.37809346144298,40.6331135430934,28.588028598464486,42.22483293893933,44.822201382690494,0.14744924117039673
4260,43.341500583762716,43.16973177751305,41.20326175009772,40.95929003878311,9.830894464880728,42.706073475763986,44.81599299546669,0.1474492411703967
4261,43.33540454684507,43.09828559549776,41.21097392288705,40.36734378370806,24.599104343211742,42.59288719849195,44.80989695854903,0.14744924117039662
4262,43.36066472960667,43.07278836954936,41.523115854982656,40.957335763959996,31.72548734839563,42.51813009677513,44.83515714131064,0.14744924117039676
4263,43.33155148435191,43.206967893451164,41.65566441198173,40.74469733678769,30.18590427205464,42.533243233625726,44.809984220386056,0.14784327360341426
4264,43.328110663666045,43.086030144959764,41.44840146222633,40.295806020811256,31.446938735338026,42.356213520893206,44.8069754657365,0.14788648020704576
4265,43.30004026061827,43.02550962109366,41.33685837733735,40.40491892393354,31.614021001307883,42.162681396771205,44.77890506268872,0.14788648020704576
4266,43.3557576904365,43.00457747032095,41.0866361284517,39.746980589960216,26.589925754394464,42.394542753893965,44.806555451046016,0.14507977606095174
4267,43.3595499679495,43.0047371531864,41.64133587189081,40.6449767512153,33.435162289023424,42.36712401032585,44.810347728559016,0.14507977606095168
4268,43.35591339827517,43.046439058544934,41.11645989995974,40.968666130139766,-10.565638565056823,42.303249005344426,44.80671115888469,0.1450797760609517
4269,43.370931693710574,43.039674534392795,41.374351236813666,40.4480172202116,31.42555774883886,42.176405642232154,44.82231835232132,0.14513866586107463
4270,43.38335919091038,43.04497831932107,41.53844883266452,40.79753829264584,30.088832390247525,42.396604201843004,44.83474584952113,0.14513866586107468
4271,43.34725645153339,43.03858871896291,41.297865452555946,40.496683247146116,21.69066602603155,42.24887257562321,44.80647426844267,0.1459217816909281
4272,43.35234271947676,42.94424481330466,41.58469619526152,40.971365337113625,28.960455448404915,42.162645052882816,44.80984035276897,0.14574976332922146
4273,43.348914790628484,43.09378265920105,41.35108309894012,40.34729556735726,30.443268663770375,42.29864912604276,44.800386828059956,0.1451472037431471
4274,43.34291026697082,43.16020083097368,40.82679723586253,40.62121086788516,1.1966824413014407,42.24162731851801,44.79438230440229,0.14514720374314713
4275,43.340899079477474,42.933259723351256,40.82062626262913,40.11168977852958,26.328206705625988,41.9714804865351,44.79412655566773,0.14532274761902556
4276,43.357214414286,43.04204008841387,41.351704452662354,40.47509821985189,29.451796940144156,42.387951798289066,44.810441890476255,0.14532274761902547
4277,43.33457451096751,43.017798828016645,41.17283792789464,40.56325842190484,10.21754403434236,42.28709868148363,44.78811821492378,0.14535437039562707
4278,43.34714364230145,43.026245394322615,41.6659289257089,40.82882389149154,20.130930940632062,42.40799267692317,44.80068734625772,0.14535437039562712
4279,43.34421204686257,43.185563527998355,41.26355103793766,40.429098669125935,30.66523518505722,42.02402690023091,44.80026763725036,0.14560555903877817
4280,43.37547014660005,43.09892483698038,41.4980616240181,40.92435384362397,29.730827777956513,42.53430837870657,44.83152573698783,0.14560555903877806
4281,43.34164506190209,43.13107944743834,41.42816756222872,40.80553642121272,31.527034745440975,42.48661789558409,44.797700652289876,0.1456055590387782
4282,43.32867173938103,42.953475923657535,41.267609787141865,40.426330079923616,31.576701288822072,42.25932202461868,44.78472732976881,0.1456055590387782
4283,43.350603175064634,42.863875789906515,40.85171365275527,40.303392565055304,0.40037722074231397,42.07497910728041,44.80665876545242,0.14560555903877814
4284,43.33860294080076,43.091502427356474,41.624601251926315,40.8610848370388,32.54560053376693,42.52283588064142,44.794658531188546,0.1456055590387781
4285,43.35732964539895,42.97302106045622,40.74877114833812,40.17630025324186,1.1608582858660768,42.06477564240801,44.81309011486406,0.1455760469465114
4286,43.35337258738843,42.959412652029705,40.85816189439886,39.85951816806939,28.049694708307246,41.895093114362496,44.8096606349209,0.14562880475324755
4287,43.331531849387275,43.07997024787863,40.79045828958352,40.43753274269278,1.1640221372441175,42.27860078924546,44.78781989691975,0.1456288047532477
4288,43.369228031701766,43.0604922480289,41.28109478841378,40.82606341845618,24.50258769089422,42.16300228027045,44.82551607923424,0.1456288047532477
4289,43.347386714022136,43.114987164624345,40.93949437794666,40.062953919455026,21.97208376730918,42.130338151376634,44.803570048699804,0.14561833346776712
4290,43.33509678018323,43.01589547378062,41.14670752732675,40.674592421368274,24.511424382987208,42.3631475820287,44.791280114860896,0.14561833346776698
4291,43.344311053733655,43.16620856972355,41.283179563824106,40.45575304425135,26.733437211802595,42.11865347828421,44.80049438841132,0.14561833346776695
4292,43.36596986467494,43.036057508927996,41.20381368257818,40.18667508228458,31.8220792535668,42.09738465884495,44.822153199352606,0.14561833346776712
4293,43.35662976529841,43.102911484322775,41.078815365485084,40.037298294437605,29.204471316026115,42.20492896179255,44.81281309997608,0.14561833346776717
4294,43.33175481747903,42.90839464948289,41.04095205683337,40.69721766214173,19.085459330620118,42.05721796165573,44.7879381521567,0.1456183334677671
4295,43.33497792333211,42.99501619534086,41.24802995697496,40.37766049341084,28.42604803100995,42.25997090205422,44.79116125800978,0.14561833346776695
4296,43.34458770159573,42.93666091806011,41.200019844350535,39.945852903689946,30.225782070246208,42.073071615093724,44.8007710362734,0.14561833346776717
4297,43.33533839997042,43.030292164162404,41.21060085731438,39.886463901700985,30.55537356956215,42.019792111350775,44.791521734648086,0.14561833346776698
4298,43.354099033672234,43.118288780757574,41.08159525748187,40.46962899221439,1.1729861560336587,42.40906009082738,44.81028236834991,0.14561833346776717
4299,43.34162580135825,43.144423243469376,41.502386205515535,40.67582146896792,30.75477282355715,42.405808985387566,44.797809136035916,0.14561833346776712
4300,43.34159006949041,43.18498139750415,41.575030493734,40.73409226843345,30.884148267612964,42.36238210802205,44.797773404168076,0.145618333467767
4301,43.33163701350697,43.03836737375318,41.374012001296165,40.61562450568264,27.815434446708412,42.434304863901396,44.787820348184646,0.14561833346776717
4302,43.36949943422624,42.96482828065079,40.741621851825556,40.26273548577819,-12.8649202905792,42.17087825537146,44.82568276890391,0.1456183334677671
4303,43.319542428866676,43.03463550327275,41.41362092415748,40.31306922811595,27.319224377027528,42.34828548399996,44.775725763544344,0.145618333467767
4304,43.33828566877634,43.21956437995391,41.410093792584405,40.19298255012793,27.23117143291589,42.386550698275784,44.794469003454005,0.14561833346776706
4305,43.34780759796715,43.174746258470414,41.131292891930194,40.367811755978096,17.969243302583543,42.33366127593945,44.803990932644815,0.14561833346776706
4306,43.33178414542591,42.80762456905778,41.12119332603644,40.24213013378079,30.222004514708672,42.05913272953889,44.787967480103575,0.1456183334677671
4307,43.325878429017735,42.95463006545189,40.92145928910301,39.90129836419057,27.227026939881384,41.93843377799729,44.78181579393496,0.14559373649172255
4308,43.351111584653744,43.065653217360065,41.050186588971556,40.183476999602455,22.229344846245656,42.532812775375675,44.80704894957097,0.14559373649172275
4309,43.33241005845823,43.05293300252258,41.51032681048609,41.010216901430866,31.461938291732242,42.360328680557714,44.788347423375455,0.1455937364917227
4310,43.33517149289393,43.027751466436406,41.34482680385359,40.78727069368446,24.78845833056118,42.324523990939625,44.797869687565075,0.1462698194671146
4311,43.360138072163934,43.090304438253426,40.87085278720695,40.032984330040286,17.77638986628407,42.21334438105887,44.82845560730213,0.1468317535138194
4312,43.351518190714984,43.020776478570156,41.177064698225436,40.02747610132366,25.848226747933793,42.25143939568319,44.819835725853174,0.14683175351381925
4313,43.33901785070198,43.044423098118784,41.30788781772339,40.477461294489615,29.796244214776706,42.38899154077069,44.800574556086254,0.1461556705384273
4314,43.35742963654529,42.98525379605881,41.323504977480574,40.28717820052141,29.286606872037662,42.177649926551,44.818986341929566,0.14615567053842743
4315,43.32954796694304,43.022685992384844,41.160854510849724,40.13875345837891,31.516027726922488,42.1605810521547,44.791104672327315,0.14615567053842735
4316,43.32904189071344,43.064247885561265,41.536799191255355,41.00791561039999,26.815786278582745,42.46549306924851,44.785101283282096,0.14560593925686519
4317,43.33260500610134,43.06392346834731,40.849514961207184,40.37131747151639,20.359963771310465,41.94639765230114,44.79423411573538,0.14616291096340417
4318,43.34533743665696,43.106412813649456,40.9629035683942,40.37466369751215,26.774600550234716,42.2202103664093,44.80696654629101,0.1461629109634043
4319,43.34199314976523,42.960941506288435,40.67354143078371,39.93910693849739,15.227957720447165,41.415189894902,44.80400244879559,0.14620092990303618
4320,43.33586747250199,42.98842428297583,40.28520555107592,39.17992015958443,17.992151568712977,41.33347830881024,44.79787677153235,0.14620092990303618
4321,43.32296529033382,43.08374206546137,41.394821740305304,41.12664371523918,30.148758089732162,42.321524344303924,44.78497458936418,0.14620092990303618
4322,43.350684759954724,43.16136267173278,41.42032980932005,40.69704318427567,27.482018355586607,42.6813989824786,44.81269405898509,0.14620092990303626
4323,43.36476515019194,43.113849032696855,41.32460418140293,40.58213312135601,27.358556773492847,42.38610464203906,44.82565251542201,0.14608873652300647
4324,43.33637781580521,42.986236055212444,41.29745180059977,40.6746341096855,27.375028070525076,42.216461469101034,44.79726518103527,0.14608873652300658
4325,43.34924444724079,43.02131604728255,41.20819124688411,40.03874187257087,19.05004380034343,42.266256639960204,44.81013181247086,0.14608873652300663
4326,43.3157855417631,43.16542524430907,41.02859531449386,40.34536739042917,28.812810776868382,42.22021492143497,44.78493688355186,0.1469151341788759
4327,43.330620231151975,43.02341811705116,40.95744130931289,40.064310457867585,8.183151618404167,42.00339595730523,44.800919726562235,0.14702994954102566
4328,43.33033690860963,42.98227802924297,41.167720210445545,39.93707683379842,24.161782180085023,42.131758570529,44.80063640401989,0.14702994954102577
4329,43.30185768158772,43.086139720487964,40.75822669851154,40.302580283021754,20.34625985254585,42.204548797380184,44.77215717699798,0.14702994954102563
4330,43.31290171615799,43.02851132514959,41.214652920156496,40.76525165599317,25.74606152170965,42.250902385760554,44.769817270405554,0.14569155542475667
4331,43.32217623588528,43.03872112364604,41.18902749319078,40.36015433553131,15.387103601766071,42.32176172137308,44.779091790132846,0.14569155542475654
4332,43.34645183788466,42.994547703308655,41.38463457408117,40.31708782463159,33.30271453818508,42.282282383836296,44.80353721649747,0.1457085378612813
4333,43.35631910793005,43.03630604540471,41.320011082133654,40.367815490719565,24.665456445055643,42.28894743395336,44.81340448654286,0.14570853786128127
4334,43.337037798161205,43.10301616174161,41.53699389746762,40.68702266093112,32.188487174115735,42.31610724564439,44.794123176774015,0.1457085378612813
4335,43.365483483651,42.94838046804689,41.240946339164495,40.32861052981862,28.059094103186794,41.86656813528269,44.82256886226381,0.14570853786128124
4336,43.323360573731726,42.97795499359965,41.04382521394472,40.39459093388724,26.898120590257488,42.18421364260283,44.80863713329456,0.14852765595628342
4337,43.34243881895182,43.17126182490115,40.92386336428259,40.44933429827235,-3.9961145769906423,42.40082781368072,44.827715378514654,0.14852765595628348
4338,43.35472063467335,43.18764289999482,41.343576432512286,40.384345913785495,17.12261994446743,42.609675332172344,44.83999719423618,0.14852765595628345
4339,43.37618031985819,43.09227229673809,41.541789769778035,40.84005326753358,29.82050245256469,42.51464498757388,44.86145687942103,0.14852765595628337
4340,43.37089706013973,43.13383304653497,41.36054622149915,40.57499125106893,18.616636440213263,42.650146773801964,44.839756761061146,0.14688597009214124
4341,43.38404392833864,43.2130481465399,41.88664384719,41.26396941738061,31.21593654690061,42.756562661576965,44.84687803339931,0.14628341050606672
4342,43.39894576108108,43.08144574606446,41.11128017445862,39.86242569743799,25.298572518391556,42.25642355632305,44.861779866141745,0.14628341050606686
4343,43.40219092773442,43.11155976659643,41.53086845808444,40.882095282019016,26.889421965282004,42.32165695640256,44.86502503279508,0.14628341050606677
4344,43.392756009347615,43.04198666971517,41.40418323352083,40.786521909989844,31.360816899886554,42.1056665043516,44.85559011440828,0.14628341050606672
4345,43.37476509382366,43.12488402382007,41.17231772426992,40.12202945955824,20.494313167393848,42.16391137052659,44.83759919888433,0.14628341050606683
4346,43.38052049724854,43.16202777406543,41.56976417240074,40.78657427586113,24.621148004927704,42.60264710387996,44.83732900644846,0.14568085091999255
4347,43.41453317611726,43.01252067449755,41.3034993270308,40.43218263244101,30.231993836089096,42.007538483296784,44.871341685317184,0.14568085091999233
4348,43.3702055269803,43.125217497495726,41.6883299813137,41.32368716347179,18.027142574339887,42.64343971418947,44.818528897198064,0.14483233702177606
4349,43.390928474566124,43.15028306111429,41.28140849045728,40.50066027513546,24.585068621239117,42.54889933140274,44.845079966022546,0.14541514914564233
4350,43.40281617457979,43.10336809896196,41.474200625619616,40.71309788682187,23.88188210227395,42.17679941148773,44.85696766603621,0.14541514914564233
4351,43.415420184081256,43.227267795379554,41.65676872475062,40.64845046983982,25.503726953318342,42.619759768834385,44.86957167553768,0.14541514914564221
4352,43.41548741897454,43.07234844803456,41.1928067437472,40.23770752389843,29.628906698758097,41.83362898764851,44.869638910430965,0.14541514914564233
4353,43.397307527032815,42.91260695618613,41.12818819597092,40.18324595212687,22.16544865685775,42.01567050132335,44.85708243174114,0.14597749047083267
4354,43.409106081606424,43.08303876324472,41.434290707691034,40.71373214340563,30.934983752027374,42.41896649019168,44.88529955527534,0.14761934736689172
4355,43.37820313623515,43.151789131038974,41.73143893598875,41.19911001490331,29.897163798372983,42.39487378780864,44.854396609904065,0.1476193473668917
4356,43.3717265110192,43.103728069514155,41.546106985693065,40.97139813835673,28.370864978611923,42.51644971622774,44.84791998468811,0.14761934736689175
4357,43.35608921808395,43.14887826061484,41.82275595115635,41.058338057793165,34.255645651198094,42.44727579982957,44.832282691752866,0.14761934736689172
4358,43.39023568359213,43.04219947263746,41.448328925290696,40.1038822742869,33.18138115501445,42.37925980033481,44.866429157261045,0.1476193473668917
4359,43.36912441687587,43.18130861373644,41.62478461994733,40.33443536120967,34.23433815224248,42.600718632505064,44.845317890544784,0.1476193473668917
4360,43.38748437002188,43.235048480882085,41.57729913932419,40.75358531054332,29.731766650261534,42.480849502032356,44.8636778436908,0.14761934736689186
4361,43.40859817296461,43.05447368964128,41.48974841112101,40.68105640513876,32.10596077897483,42.19721580639255,44.88479164663352,0.14761934736689167
4362,43.41546887937591,43.2155964027631,41.5366398012331,40.73784730225686,31.078093285782785,42.28110780104397,44.89166235304482,0.1476193473668917
4363,43.39982272060442,43.26369045258822,41.69991621616785,40.90678062242357,32.322389377580336,42.6774095833245,44.87601619427334,0.1476193473668918
4364,43.387305155409656,43.14255889058125,41.431295930572944,40.204241994782066,29.487452114241325,42.5385989077015,44.86349862907857,0.1476193473668917
4365,43.37180605845015,43.17952730760002,41.07242314505229,40.05714573854231,13.248284264517679,42.44853212667374,44.84799953211907,0.14761934736689178
4366,43.399834394048845,43.115009694716726,41.360038328958986,40.67032653768473,29.40632346738873,42.40346334812497,44.87602786771776,0.14761934736689175
4367,43.39691611172427,43.17054428751902,41.36856308825559,40.45543885917379,20.927545424596993,42.1713312428248,44.87310958539319,0.1476193473668917
4368,43.402266268486294,43.16353480417245,41.51400083602146,40.83475356192637,18.01630044106441,42.58082505143092,44.8826234965768,0.14803572280905067
4369,43.3794862993978,43.176156897910715,41.38029140710041,41.15984744634735,28.187634570157893,42.60508273293637,44.85984352748831,0.1480357228090508
4370,43.3862496156105,43.15142732602478,41.51529986497671,40.40140329037677,31.62646376586375,42.567364737254096,44.86660684370101,0.14803572280905067
4371,43.37071454402092,42.99882278572353,41.26963044955205,40.80342741046762,22.899757508867598,42.294026087245484,44.851071772111425,0.14803572280905078
4372,43.35837703460133,42.96365583597068,41.20847619402615,40.53063138910555,16.506021164479336,42.214670022852076,44.83873426269184,0.14803572280905072
4373,43.373375272941324,43.15733032750526,41.80012946277894,40.89476496312115,35.20706751636093,42.40335801878924,44.85526955324755,0.14818942803062293
4374,43.38220810419237,43.06578216509633,41.22723865304252,41.16196428111393,0.6628604600639889,42.36646076354998,44.8641023844986,0.1481894280306228
4375,43.36960520757424,43.07472608429468,40.906492954944135,40.238532936515355,0.765308853823548,42.477312423730275,44.85149948788047,0.14818942803062288
4376,43.381869238600665,43.10534797668717,41.65570806799702,40.87830711264806,30.901227030142927,42.45718976845998,44.86376351890689,0.14818942803062285
4377,43.40539986556696,43.06880018073494,41.065057065678396,40.51749389061295,17.743913200266768,42.07558746052785,44.87947576091177,0.1474075895344801
4378,43.42440489144957,43.150008809957015,41.4365963407386,41.30808646425948,16.465686735687928,42.40487849331904,44.89848078679437,0.1474075895344802
4379,43.37433440932415,43.09718420842975,41.23188580958711,40.55006453929917,25.623888348231198,42.079218084711556,44.848553684335194,0.14742192750110436
4380,43.392937627394765,43.13927904213951,41.3012523975427,40.80784352181782,24.623106538182984,42.346064762595184,44.835534125804124,0.144259649840936
4381,43.42156111294418,43.17491096613363,41.7266151782578,41.19865246725922,21.975601559926034,42.47046184988746,44.86415761135354,0.14425964984093614
4382,43.4441875385524,43.15293498090495,41.55812320095468,40.35232832229363,25.95861460338518,42.39497207519895,44.89194921235229,0.14477616737998855
4383,43.419018032175536,42.981877277561246,41.408340453221136,40.55117654889845,28.715549305333447,42.47571761499392,44.87371501507748,0.14546969829019432
4384,43.42169554096117,43.168442106112316,41.298839249764924,40.695637577578665,27.069366734498285,42.33127952706137,44.87639252386311,0.1454696982901943
4385,43.434364174355196,43.182848341126345,41.59619373286359,40.715822438410605,29.73913049812242,42.39196746180755,44.88906115725714,0.1454696982901942
4386,43.418905977728826,43.07247359992082,41.60984711476551,40.49433865412492,33.082908071771165,42.36710442659191,44.87360296063077,0.14546969829019432
4387,43.42223208850885,43.170676915605185,41.544513891615665,40.26975835549668,30.69418605173547,42.168441303737254,44.87692907141079,0.14546969829019424
4388,43.41885410232116,43.21251562589319,41.192229968958074,40.10234922135993,31.20556293940877,42.26377793867478,44.873551085223106,0.14546969829019432
4389,43.44407572930201,43.16042165564402,41.445539226396754,40.606283868198894,31.227346087294503,42.298937888764634,44.898667945677964,0.14545922163759556
4390,43.431511959691285,43.17067859859363,41.52589325026964,41.05483021485042,31.319570454463673,42.23500440794638,44.89212977192798,0.14606178122366992
4391,43.42193297197181,43.23828582104011,41.65625781130163,41.134267404895255,28.905610437919865,42.48212734245021,44.88255078420851,0.14606178122366997
4392,43.438544736446445,43.16095000248245,41.303935511136196,40.28569023293762,30.090303152170875,42.3014224820044,44.90154082289435,0.14629960864479033
4393,43.42595408394277,43.15718036422002,41.606114130945585,40.74379521524641,27.656701528455077,42.55808491247136,44.88895017039067,0.14629960864479039
4394,43.41356454976474,43.21608687433618,41.325424982993425,40.924347312741574,-3.6921125772264176,42.4145770093363,44.876560636212645,0.14629960864479047
4395,43.432843093206394,43.20740410224899,41.23094337127638,40.09910337668893,27.313652345854507,42.34155517744415,44.895839179654295,0.1462996086447904
4396,43.41965892329313,43.041280887456324,41.219077514246116,40.530396727045215,29.04678437384847,42.20431338542778,44.88265500974103,0.14629960864479039
4397,43.425936524627396,43.09912914936677,41.24876434569081,40.1827917880864,27.18173996579184,42.09243140552444,44.8889326110753,0.14629960864479047
4398,43.42864789148985,43.15660589986938,41.44675130864184,40.69658009227498,29.392185377493995,42.15157305540761,44.891643977937754,0.1462996086447905
4399,43.42440456633774,43.16685174407382,41.12587344548526,39.92404718210858,30.298251762042284,42.29941516587935,44.922374010623734,0.14979694442859895
4400,43.405603842409874,43.12629673714574,41.66756197962289,41.22049296187399,31.12059780493403,42.62930838366269,44.90357328669587,0.14979694442859912
4401,43.41512712939431,43.17634646577879,41.4900002612915,40.17172786486971,23.001240230061082,42.49033381359335,44.9130965736803,0.14979694442859895
4402,43.393629777917404,43.07916186673547,41.422977895656686,40.89902716168176,24.657987768516914,42.44926638429084,44.891599222203396,0.14979694442859912
4403,43.382871492636376,43.00408965989399,40.840762575528814,40.13227664952191,-6.025588479697689,42.00704665404533,44.875770333647644,0.14928988410112673
4404,43.400139076441505,43.20263079861688,41.13551900425613,40.22307595784475,-0.9873111794959257,42.50370418647451,44.89154325196675,0.1491404175525249
4405,43.43085177132114,43.24542667355785,41.507823437508485,40.31992416133629,30.039602872531272,42.29912718684627,44.922255946846384,0.14914041755252494
4406,43.412358470257296,43.17519473445681,41.63181088677088,40.61275765998169,30.466794243185795,42.56193790196303,44.90376264578254,0.14914041755252488
4407,43.40920068908445,43.26739768349418,41.879069875344044,41.413642405046964,28.170630753280914,42.63180021835502,44.9006048646097,0.14914041755252488
4408,43.41330654619246,43.18388754814474,41.69428337856748,40.983390467588535,25.64311961241383,42.395446631164646,44.90629561491017,0.14929890687177108
4409,43.4043352386048,43.09431322881905,41.19454830698288,40.14866179402447,32.353091681761796,42.32817162892007,44.89732430732251,0.14929890687177103
4410,43.39544416368428,43.15590073588345,41.36738707182649,40.352513457806936,28.264049654054965,42.35321972945607,44.88496586389747,0.14895217002131864
4411,43.41678804978859,42.966972853889565,41.21920573268645,40.40276798334066,27.89658154101585,42.230581205597275,44.906309750001775,0.1489521700213185
4412,43.39843137565625,43.146444800537765,41.475660333581466,40.58152055354414,29.866385459938183,42.376944812375285,44.88795307586943,0.1489521700213184
4413,43.385883827289376,43.037120692923885,41.032160415178794,40.068837455413785,24.810585437515073,41.88343596552916,44.875405527502565,0.14895217002131855
4414,43.38922873699547,43.119286180704115,41.204035665809826,40.634396746547516,8.57726945069195,42.32974070088682,44.87875043720865,0.14895217002131844
4415,43.41921325813443,43.170757952108474,41.335917431147635,40.10159011676625,23.31254090105673,42.409158818139375,44.90956672211871,0.14903534639842872
4416,43.42880771072642,43.234003910163935,40.87163376782343,40.069800035172314,22.79391956367508,42.4350513384399,44.9191611747107,0.14903534639842878
4417,43.41611724074041,42.96231626333873,40.82250881715302,39.57366470266204,26.093416319845325,41.830460842736116,44.906470704724704,0.14903534639842883
4418,43.42293216261284,43.08859573374369,41.27411750908992,40.34161207090341,18.05315759917619,42.26000330887585,44.91328562659713,0.14903534639842886
4419,43.40380099141577,43.045717763578146,41.06063301285266,40.40298143756545,0.6897682410653942,42.212361810577136,44.894154455400056,0.14903534639842878
4420,43.403854635120034,43.19977557389534,41.55877788156635,40.75956153731808,32.13339771802014,42.19250497518712,44.89420809910432,0.14903534639842872
4421,43.407123412822145,43.13135492041665,41.21923527923169,39.77442566584871,28.985074838154613,42.313774805405814,44.89747687680643,0.14903534639842866
4422,43.40076807808855,42.94099583543562,40.82792067088801,39.215139653259946,28.203068915514088,42.032738208849,44.89112154207283,0.1490353463984288
4423,43.40107365957186,43.16626743995227,41.374893994817654,40.24333012694608,29.467121983496774,42.11522841642165,44.90161753422543,0.15005438746535735
4424,43.35686247268159,43.116185952379276,41.295462835066225,40.76511002384739,16.491011393891796,42.15850205016038,44.857406347335164,0.15005438746535732
4425,43.37755628996578,43.16414115905369,41.4059411554496,40.27328225624732,25.83230056222629,42.39785275843967,44.8830146145459,0.1505458324580115
4426,43.367838049455905,43.14098940436878,41.403606245437906,40.32417045418694,27.711397886735032,42.11087485071545,44.87329637403602,0.1505458324580115
4427,43.42415396155005,43.07854774554198,41.37076165316972,40.29761049888265,27.449535625623454,42.0426245272637,44.92961228613016,0.1505458324580114
4428,43.361397246771986,43.13579384353428,41.2323266917617,39.780392631252376,32.25368783882974,41.89114571544196,44.866855571352104,0.1505458324580115
4429,43.374468667074304,43.04331025267039,41.13903578383781,40.16314818421245,23.964429418241682,42.284773333623626,44.87992699165442,0.15054583245801162
4430,43.36772951140161,42.94877322574331,41.257092873752185,40.86942338298564,22.02530138047241,42.30126208081629,44.873187835981724,0.15054583245801145
4431,43.39896508394113,43.078650442870405,40.98278007106103,40.47616333823791,-11.905599302351561,42.3237621687428,44.90442340852124,0.15054583245801129
4432,43.41107176963864,43.2127561477014,41.058265115990885,40.21552754674497,10.533744106011476,42.48850962632018,44.91653009421875,0.1505458324580114
4433,43.38940891970357,43.04598476702351,41.079548791106276,40.36150161712328,26.708135262880955,42.0267362651751,44.89486724428368,0.15054583245801145
4434,43.38985913213792,43.15499026309312,41.21672763234627,40.330616120475796,29.44310370601346,42.15352751313851,44.89531745671804,0.15054583245801156
4435,43.3863349865772,43.09881017072493,41.10553859870411,40.3769009775985,11.119377686651731,42.26992092706617,44.89179331115731,0.15054583245801145
4436,43.384785638663665,43.09679749059514,41.331992689333056,40.77198942461755,8.450258241993765,42.413955018770395,44.89240786024185,0.1507622221578187
4437,43.39350005629462,43.00926150100619,41.1200760067955,40.1808743843418,22.469827762174653,42.17744729792747,44.90112227787281,0.1507622221578186
4438,43.39048466152904,43.05822590414787,41.03238916207383,40.00968231177896,23.57082412050501,42.0909703959906,44.898106883107225,0.1507622221578187
4439,43.40516254831351,42.977924423528734,41.44432126184292,40.78229794271336,24.59897663566145,42.069687053116695,44.913906788346004,0.1508744240032489
4440,43.405345687641315,42.995484744150374,41.063539111273286,40.48932899731126,-10.215813581366575,41.7429466870676,44.9140899276738,0.15087442400324874
4441,43.37686467980688,43.16972544950276,41.403963659486315,40.68065067914657,21.682546166831397,42.33365462828313,44.88560891983937,0.1508744240032489
4442,43.36452042515156,42.91781205191076,40.43447693155511,39.37150551995078,13.35215932563504,41.662147767533895,44.87326466518405,0.1508744240032489
4443,43.37109502373735,43.13593868835656,41.54754299033652,40.76418995881334,30.16017243278562,42.46558335342307,44.87983926376983,0.1508744240032488
4444,43.3926076575907,43.13120336477935,41.298465693523625,40.20511140151407,31.75627571291734,42.33128895876524,44.901351897623194,0.15087442400324888
4445,43.38700999066633,43.02412139365319,40.99342118680423,40.264735035101275,17.964538173754498,41.96488489505274,44.88724564069066,0.15002356500243272
4446,43.38708620092862,43.26373578796474,41.58313200457444,41.189897019676486,29.71962637188438,42.61886432398499,44.88732185095295,0.15002356500243258
4447,43.40241428237363,43.11843634257711,41.13893614537937,40.38764307033716,20.436812304007553,42.29644793644469,44.902649932397956,0.15002356500243272
4448,43.390315564517024,43.18381650091903,41.27583936977272,40.613750795385364,20.243982107053988,42.11004408286115,44.890551214541354,0.1500235650024327
4449,43.411449909938646,43.04231770058305,40.70354392738536,39.52199665370692,27.556136395186932,41.726822641955884,44.908982573106506,0.14975326631678604
4450,43.389678585080276,43.0142051967777,41.55701502747924,40.86954823246415,30.628518184917205,42.139590045393895,44.887211248248136,0.14975326631678598
4451,43.39924564825902,43.13478049656413,41.32601716213749,40.37570599788906,26.99735047800845,42.49178022507736,44.89677831142688,0.149753266316786
4452,43.402135360186634,42.87054186081762,41.10048642037311,40.08014432719546,27.66715008434624,42.26161931695718,44.899668023354494,0.14975326631678604
4453,43.39893237851687,43.147773206258684,41.41058072595875,40.34816281125232,23.929520824695864,42.20435804669493,44.89646504168473,0.14975326631678593
4454,43.39045182096046,43.03898488773589,41.27680236893884,40.31584670543729,27.596300549558144,42.1643077660673,44.88798448412832,0.1497532663167859
4455,43.415308168544904,43.12672589523757,41.11061553067865,40.31030507376232,22.042497445090262,41.99118984309931,44.90634148859376,0.14910333200488587
4456,43.393021192188144,43.03870696807781,41.36736519243364,40.559000863296966,26.260894239546428,42.37229902598111,44.884054512237,0.14910333200488574
4457,43.405630764383496,42.93495175302735,41.07120334321354,40.12744302515006,6.807725397004525,42.21065686882819,44.89666408443235,0.14910333200488585
4458,43.3937172507167,43.20980913942356,41.6926720593319,41.04708977613439,23.708009024333457,42.549656856547344,44.884750570765554,0.14910333200488576
4459,43.37784512145388,43.04423058613182,41.1283629458932,40.31239037628134,29.654498502830656,42.07506489469935,44.86870861713749,0.14908634956836128
4460,43.38384105809797,43.14797518533196,41.34952785215657,40.33823963642354,23.802420427923916,42.524854093288795,44.874704553781584,0.14908634956836125
4461,43.402295522968366,43.19164343866412,41.379931752729746,40.40009102662687,31.605618875560918,42.17074453048484,44.89315901865198,0.149086349568361
4462,43.37761311914286,43.11923211447784,41.472653558015836,40.53301149979524,23.062186862178443,42.516106438006986,44.89050233411385,0.15128892149709916
4463,43.38220828512526,43.048134094441345,41.059987941186606,39.8742419885472,28.77408160012368,42.07109520777803,44.890340613547025,0.1508132328421764
4464,43.375937278350605,43.151104165744094,41.500655659762536,41.09354285615732,32.72034041701262,42.611676132042604,44.88406960677237,0.15081323284217638
4465,43.369682446518176,43.094143556055876,41.42736593791439,40.42097142605605,31.074758578466465,42.461931245125896,44.87781477493994,0.1508132328421764
4466,43.37593404996976,43.14457608176076,41.43033978751221,41.16618281510073,24.10577521108846,42.318802045138774,44.88406637839152,0.15081323284217643
4467,43.38863902241709,43.19409447483783,41.46033811334125,40.97672370096312,28.546627713127478,42.476550765839086,44.896771350838854,0.15081323284217663
4468,43.39131945905176,43.14507077661762,41.199468233365806,39.838931136735894,27.51000557918246,42.35094661844793,44.899451787473524,0.1508132328421765
4469,43.360344170741016,43.002409777960345,41.230134911579086,40.18333998595598,30.667099224368066,42.116587202691306,44.86847649916278,0.1508132328421765
4470,43.40097096322199,43.09745391278892,41.00708105690726,39.950985300239786,11.097078254304208,42.41033955959426,44.90910329164375,0.15081323284217651
4471,43.36962981722323,43.191521486164284,41.30632724041016,40.97108835963729,21.596406620238128,42.48509217428052,44.87776214564499,0.15081323284217646
4472,43.37938872893903,43.12615842758163,41.27115996760873,40.052851858766985,31.306149252475784,42.469059721501765,44.88752105736079,0.15081323284217643
4473,43.38823476953991,42.988391914926375,41.30851276889666,40.563922554952086,24.771259098385922,42.52222364847363,44.89636709796168,0.15081323284217626
4474,43.3541320323212,43.0933680710419,41.37643452419944,40.494754052522,27.625023491553044,42.30674823316522,44.86226436074297,0.15081323284217646
4475,43.393964630350446,43.07424918248216,41.24784464167004,40.429316520922974,29.419297364290525,42.30762038042602,44.89953075668973,0.15055661263392836
4476,43.35357741002456,42.96326001575352,40.67289343388138,39.62510213218099,-5.995012417500838,42.11967757106713,44.859143536363845,0.15055661263392822
4477,43.3852697385267,43.12091168407272,41.67176910922526,40.81107756564325,32.006803778537815,42.40900165138915,44.896861460726726,0.15115917222000258
4478,43.384642247889246,43.13512847438949,41.227399446463316,40.49077195743662,21.046713797797658,42.29460844545894,44.89623397008928,0.15115917222000275
4479,43.372570783674625,42.99257507020685,41.0933544799241,40.14336161676771,29.528964740549362,41.97417413118802,44.88416250587465,0.15115917222000266
4480,43.363051835251206,43.11895529702496,41.96662859026098,41.63578895919039,28.8206105893362,42.55165559909027,44.87514531511229,0.15120934798610872
4481,43.37214639157577,43.16094170192752,41.341014866606905,40.37643547443737,31.047440407289063,42.15975348008959,44.884239871436854,0.1512093479861087
4482,43.37514585265923,43.088967124621114,40.962305633264826,40.073872352383354,26.769443740180566,42.232079578178414,44.887239332520316,0.1512093479861087
4483,43.37840211653845,43.02153888480573,41.18388924525858,40.18868489044547,27.20049657795446,42.12853876167458,44.89049559639954,0.15120934798610874
4484,43.382100675885404,42.969064725538104,41.11597922682452,40.03750625906472,29.10034546918931,42.164431845383184,44.89419415574649,0.15120934798610872
4485,43.39135201416462,43.15399216995733,41.384767528164474,40.48291861533923,27.36702926738689,42.21787944614438,44.9034454940257,0.1512093479861087
4486,43.35005182145868,43.033107892156245,41.61435584544284,40.805579278916504,32.695979320980555,42.26450161005987,44.862145301319764,0.15120934798610858
4487,43.38698951955418,43.00883009570285,41.40611321675896,40.580861375458795,32.60745462662088,42.163779958320546,44.898627785921384,0.151163826636721
4488,43.40890915555414,43.16553424160937,41.32069950839014,40.833694270028204,-4.76845444846559,42.38466779707615,44.920547421921356,0.15116382663672118
4489,43.39032628232705,43.052770494693995,41.08384269062433,40.60448205260936,20.374403039615903,42.30492851615816,44.90196454869427,0.15116382663672107
4490,43.381211894040405,43.10603513127206,41.67431587379191,40.80189257449041,32.29214228988445,42.32253305318072,44.89285016040762,0.1511638266367211
4491,43.40886754997975,43.10880105818062,40.893137932306324,39.38097864027758,26.29836794066239,42.1660815907549,44.921975894851876,0.1513108344872124
4492,43.399723634769764,43.24630332561177,41.44223691452774,40.37165650053417,31.55536449246375,42.2945858449652,44.91283197964189,0.15131083448721253
4493,43.41199233848686,43.17471436650443,41.446081922581456,40.67959406988267,24.83099026953522,42.47848278276696,44.925100683358984,0.1513108344872125
4494,43.39965336187381,42.76732960454555,40.936229729345854,39.9130003055821,14.905061097927181,42.115004877654954,44.91276170674593,0.1513108344872124
4495,43.374517288127606,43.111625162838536,41.288623872407825,40.75920943248174,0.796926041379102,42.00308849803582,44.88762563299973,0.1513108344872122
4496,43.362345724044296,42.92345288147261,41.28169895542153,40.58474903404893,31.480335241223337,42.08950554770462,44.87545406891642,0.15131083448721222
4497,43.377515509146974,43.117382360122384,41.19855688692268,40.005236933176676,24.802759678636107,42.1045087843943,44.8906238540191,0.1513108344872123
4498,43.372254127041735,43.12700196787882,41.629217885022356,41.25673402457703,22.31117866680474,42.636819083556134,44.86905105488379,0.14967969278420573
4499,43.42857950389041,43.11397224732515,41.46165150246774,40.87952262611876,30.297399961625757,42.3939790545198,44.92537643173247,0.14967969278420581
4500,43.41382171732936,43.202200959204504,41.173685029498635,40.471281337604545,15.142473810267909,42.33398992141173,44.909867828718696,0.14960461113893317
4501,43.39443067633853,43.07596201871174,41.24432327435665,39.58616791379064,32.50506600828348,42.159998717963504,44.89047678772786,0.14960461113893314
4502,43.4137398590406,43.30579812149113,41.81464168850648,41.15249333040287,33.04767032889314,42.601932707559655,44.90978597042993,0.14960461113893314
4503,43.39787244113886,43.1530231087097,41.46627219578444,40.04930075727017,33.03394226417336,42.421163388944294,44.89391855252819,0.1496046111389332
4504,43.42952945446932,43.312281052474674,41.7351033453822,41.3145419342157,24.567239334173124,42.72556016923166,44.92557556585865,0.14960461113893303
4505,43.42911632323201,43.12438271843853,41.223495218462176,40.2876546857253,26.477013019463936,42.23161209913876,44.92516243462134,0.14960461113893322
4506,43.39708097993503,43.032060549439706,41.19412660513247,40.02453679068347,31.159995915450242,42.18048925650049,44.89257662389061,0.1495495643955578
4507,43.40044959906392,43.12694198811654,41.34440410353665,40.5298468785668,27.470265897397987,42.28273832782854,44.8959452430195,0.1495495643955576
4508,43.41310722497053,43.06387192659242,41.3823044111589,40.43981033607258,27.59548890126133,42.366106493788536,44.90860286892611,0.1495495643955577
4509,43.40654848268294,43.11074544093145,41.05339815819517,40.13054839614487,19.32556326152463,42.265249439213925,44.90204412663852,0.1495495643955579
4510,43.4129812123338,43.18781272914142,41.499917338664496,40.823612768368186,27.696931480111463,42.23155837432043,44.908476856289376,0.14954956439555764
4511,43.42846230927798,43.108220562536864,41.44155372873503,40.446798901600275,31.947933525596362,42.30499796549172,44.92395795323356,0.14954956439555772
4512,43.406549837144254,43.148441061847315,41.15972114148883,40.3124818814943,24.819808254220828,42.309518213189136,44.89892659151574,0.14923767543714833
4513,43.42236122761813,43.15461225297,41.64358004345165,40.95730181660024,30.825855680205024,42.358274594881905,44.91473798198962,0.14923767543714836
4514,43.43159591868678,43.15910368161319,41.670042482759584,41.09895436646071,25.851094030245484,42.379657816606965,44.923972673058266,0.14923767543714822
4515,43.40971562572381,43.14967898167989,41.395751359308264,40.49637911787965,31.5570189803282,42.13485082604754,44.9020923800953,0.1492376754371485
4516,43.45335557685924,43.08363588953111,41.02475066343401,39.93800816028789,25.511110414919827,42.03276609570615,44.94573233123072,0.14923767543714844
4517,43.4438897954967,43.18895830309291,41.33019383279406,40.74061909055671,29.575913176721528,42.578771434994955,44.936266549868186,0.14923767543714833
4518,43.41572403032964,43.20570236516143,41.68946365726862,41.037381569700656,31.759421732038106,42.44502789461933,44.908100784701126,0.14923767543714836
4519,43.42236728268467,43.060001682270766,41.514587189177895,40.297473283312115,34.51784225473496,42.11016415977606,44.91474403705615,0.14923767543714814
4520,43.41570674885831,43.01900099088072,40.966153801101164,40.327554779393616,21.21148900794329,41.97884645961726,44.9080835032298,0.14923767543714836
4521,43.4126085208517,43.16881900743739,41.22834848688249,40.05562777244354,20.494209748106535,42.19947133094135,44.90498527522318,0.14923767543714825
4522,43.40436756233237,42.81176155833169,41.22310616873467,40.41829836173628,30.65314235030634,41.91389517296828,44.90523154794616,0.15008639856137904
4523,43.43553754425241,43.052702716559914,41.29250186050466,40.28036488529645,27.553233997197626,42.28036626943882,44.9364015298662,0.15008639856137912
4524,43.42961368018327,43.13902306200413,41.25536617476465,40.27888751511797,31.072848662379016,42.25801895632825,44.93047766579706,0.15008639856137918
4525,43.40459684435273,43.24144096616435,41.18949734353942,40.76491227004236,0.7662347855930562,42.17547448465397,44.90546082996652,0.15008639856137912
4526,43.376580851149996,42.90363083579591,40.978491719511815,39.744305686033044,28.71110548450398,41.716828547138334,44.89882445765881,0.15222436065088132
4527,43.41437753781313,43.12017865753016,41.50086736849209,40.81927534463732,28.003424220291922,42.512987153226554,44.94264674018269,0.15282692023695568
4528,43.40240976274257,43.04600585389313,41.67870055302672,40.66135973366989,34.3595710333491,42.32336138476022,44.93067896511213,0.1528269202369556
4529,43.38204569368199,43.161538423009176,41.79095141455581,41.164565701316754,30.664490555266912,42.64341526321006,44.90182766480923,0.15197819711272478
4530,43.39452469013363,43.05423567965034,41.3535577701217,40.35966812336406,30.64722952043304,42.2367170856509,44.917774029765404,0.15232493396317762
4531,43.39834997583375,43.060815195648075,40.921675926079274,40.255730705314186,0.2512352627570493,42.18540026219948,44.89869912257937,0.15003491467456231
4532,43.420472585766554,43.153554629710655,41.455006062005815,40.57750758189635,31.824648600064798,42.18413576834685,44.92082173251218,0.15003491467456248
4533,43.411454108726886,43.2686883628669,41.62155599175481,40.8625504594768,31.662680517417066,42.39510840194205,44.911803255472506,0.15003491467456237
4534,43.442190182373146,43.00785848367677,41.26021357320197,40.2272579414129,32.58476820626343,42.091198979225304,44.94253932911877,0.1500349146745624
4535,43.442613670964256,43.179856792194464,41.40453587779293,40.46511190958814,29.211215370865922,42.417701275850945,44.94296281770988,0.15003491467456245
4536,43.428396042986165,43.295183788851006,41.39333997659458,40.770897199051575,23.83648662080348,42.87388229179389,44.92367458645707,0.1495278543470902
4537,43.4295085111185,43.056813050140164,41.33741828839463,40.26155335281476,29.761558779767896,42.16655875273352,44.92383206200338,0.14943235508848807
4538,43.425556862550984,43.266321704450995,41.572239655121074,40.73554567469922,31.16008897223039,42.381795044073684,44.91790223480496,0.1492345372253976
4539,43.40989105414866,43.168531732689914,41.292322358085414,40.71532629522159,22.05816131911481,42.39028403165405,44.90223642640263,0.1492345372253975
4540,43.43504057199972,43.215689824132475,41.37336532266576,40.01657503769444,30.440883539995227,42.40484431194301,44.92738594425369,0.14923453722539753
4541,43.43506105287334,43.05552663182662,41.180882492687466,40.5271371183206,24.83075619264749,42.159755307048286,44.92740642512731,0.14923453722539748
4542,43.41600825016169,43.139163238068754,41.34224597098209,41.0391847495146,25.41514610443836,42.24728839884871,44.91437921827641,0.14983709681147195
4543,43.44108525551681,42.93751615618517,41.23280684072902,40.1156983048239,31.692696139677004,41.95753165398283,44.93945622363153,0.1498370968114718
4544,43.422290809378204,42.96587830801454,41.26833986924599,40.572017670797116,0.7380978404220286,42.04861339346584,44.920661777492924,0.1498370968114719
4545,43.43526577293852,43.0979805503193,41.40494905826715,40.183071440108606,33.41787491891054,42.31059346036652,44.93363674105324,0.1498370968114721
4546,43.415750967450926,43.095418801650844,41.1551219492342,40.24213667261324,24.858162160658523,42.165891949673394,44.914121935565646,0.14983709681147184
4547,43.43178935582758,43.1238624260693,41.376236383440066,40.790382548719094,27.644259782217556,42.35135534959686,44.9301603239423,0.14983709681147192
4548,43.447099890218006,43.08273647339268,41.25313540851083,40.19128604579384,29.227173138066373,41.93458759250441,44.945470858332726,0.14983709681147186
4549,43.42558629907364,43.195704109951045,41.72279388703738,41.176902921214065,29.657532025607388,42.53783123993553,44.923957267188364,0.14983709681147198
4550,43.453732428881864,43.055627520212326,41.1063574530191,40.35093106228649,23.023298421932466,42.15739336328478,44.952103396996584,0.14983709681147186
4551,43.435476833236976,43.12445550537033,41.53545985632779,40.85133901793704,24.61787552750377,42.35889572615939,44.933847801351696,0.14983709681147192
4552,43.418982993238025,43.069713523852144,41.549470793016816,40.77463962394937,32.73856619185591,42.260425240731244,44.917353961352745,0.14983709681147192
4553,43.422617113240634,43.17607623595837,41.474933317341346,40.16212098138872,24.618451991109687,42.59786053934303,44.920988081355354,0.14983709681147195
4554,43.42277493106401,43.13765922597418,41.48665389490209,40.08078089822365,34.14645212659499,42.13220355172764,44.92114589917873,0.14983709681147184
4555,43.425898714923214,42.9391173656635,41.20095911205434,40.573838886183474,31.053789191741348,42.12915748831989,44.924269683037934,0.14983709681147186
4556,43.403753454773145,43.11613798369055,41.04309170803362,40.73977187277202,-9.006585797727894,42.442702271008855,44.902124422887866,0.14983709681147198
4557,43.42442820291565,43.158185818889216,41.352236264661336,40.621616487387094,30.701414375944637,42.5052098856347,44.93989090554027,0.15154627026246167
4558,43.41634279993976,43.14110276345531,41.47680306501153,40.66433819892092,29.81202035346001,42.438023552238604,44.930220609371915,0.15138778094321545
4559,43.40094219845741,43.01699472982125,41.46320225645213,40.550065188947,34.480999004340305,42.20022363389759,44.91482000788956,0.1513877809432155
4560,43.42884717892227,43.18255210623677,41.652186860727674,40.89919536985947,29.372656572136613,42.557904647333444,44.94272498835442,0.15138778094321553
4561,43.410535329958805,43.079693322848755,41.604722703865114,40.88945441586237,29.528594233752813,42.50610163363444,44.924413139390964,0.1513877809432156
4562,43.39129966837636,43.1037139561474,41.01802627749238,39.94757703902135,28.980727523260818,41.763948898274435,44.905177477808515,0.1513877809432156
4563,43.39425762257506,43.01688265276679,41.06063797857703,40.48929428457682,21.505922549614702,42.15903239095928,44.908135432007214,0.1513877809432154
4564,43.39650557902147,43.21505272724972,41.246059716887764,40.08916985639347,26.625891328308015,42.33744297271848,44.90340711359347,0.1506901534571996
4565,43.396837215696856,43.019621768351406,41.322002506883685,40.63202741686337,24.670051376195296,42.272598058408704,44.90373875026885,0.1506901534571996
4566,43.384671299151,43.12363910981369,41.61323573720931,40.62410806464711,26.812473907042047,42.49049013947606,44.88811343994474,0.15034421407937357
4567,43.42176262468013,43.10883932822284,41.28557314738008,40.43458866096932,25.91726749788005,42.06149501364358,44.919179169613116,0.14974165449329924
4568,43.39730697615059,43.117329858091935,41.40222194401592,40.42221710697853,29.4306909944588,42.03512843461738,44.891256152579054,0.1493949176428468
4569,43.41002234070057,43.18362054710745,41.74680645501453,41.18775286883695,22.564672247895906,42.68508830959427,44.90397151712904,0.14939491764284657
4570,43.407669293917444,43.14298696907084,41.464601199291494,40.186362602682756,33.53272468630705,42.53161674503136,44.90333340087297,0.14956641069555224
4571,43.39538337735421,43.18750878299891,41.33747770713622,40.35012762256933,27.743978652587877,42.39851491954937,44.89104748430973,0.1495664106955521
4572,43.42337176371821,43.15088113445964,41.56739412940298,40.44246816494774,29.941080692937827,42.401686081738575,44.91903587067373,0.14956641069555215
4573,43.42988309353412,43.170982528819955,41.76179378762,41.36876417187748,31.296737267594334,42.67170475970463,44.925547200489646,0.14956641069555215
4574,43.41374169646738,43.08969656317518,41.22142612166437,40.30775149476426,25.375469003841822,42.32742748993145,44.90346616240498,0.1489724465937602
4575,43.417713139767756,43.10831208154529,41.49879883701834,40.49030807881054,33.66556522952398,42.42367170532381,44.907437605705354,0.14897244659376008
4576,43.46403848935592,43.18314651448954,41.42159737596274,40.25676175085578,31.71147365208487,42.453300074900795,44.95376295529352,0.1489724465937602
4577,43.42918582551272,43.11727955497078,41.68242331030724,41.21054530074953,30.597318117080608,42.365231714683006,44.91891029145032,0.14897244659376013
4578,43.42598269320294,43.264046750197274,41.70377120744727,40.88298187864122,30.547896378408332,42.51138159936558,44.91570715914054,0.14897244659376013
4579,43.41941499728857,43.1993382369444,41.48214404045093,39.68143084101115,33.512295630858986,42.50520215415905,44.91248939579987,0.14930743985113004
4580,43.418925579816765,43.058359436631406,41.33553985619733,40.53869872438047,32.48573586874693,42.09119826312021,44.91286960138916,0.14939440215723945
4581,43.40955616511309,43.16346417357064,41.306422307562734,40.15702900570987,31.538064239498397,42.16448235461313,44.90350018668548,0.14939440215723923
4582,43.38163941058692,42.9824164045121,41.35752271548128,40.49691098347594,30.262261168881935,42.13385192640235,44.87558343215932,0.14939440215723943
4583,43.39963865921926,43.06042133798058,41.161824863114326,40.07066254263177,19.58501008820663,42.25315106169448,44.89005732507671,0.14904186658574559
4584,43.39027251478288,43.176872181799695,41.83175243387881,41.24126250162139,32.77234034799743,42.586189252170904,44.88069118064033,0.14904186658574536
4585,43.40004234906365,43.176710071322354,41.53955856571579,40.77115869904324,33.02126292941812,42.2292659235754,44.89046101492111,0.14904186658574556
4586,43.38732488776226,43.08280906010878,41.532034667408105,40.05654045119212,32.72084817990865,42.4364280123265,44.877743553619716,0.14904186658574556
4587,43.405996229561715,43.22185599270479,41.43592438044974,40.65828522286909,27.35611142622729,42.54948327277867,44.89641489541917,0.14904186658574556
4588,43.397512990296164,43.054693813776,41.53923247897805,40.84907527433753,29.616311177538133,42.35565416476737,44.914930725605515,0.15174177353093526
4589,43.37233923291835,43.0054692855747,40.70133387539013,39.80964841829831,20.97956542953284,41.89163251611026,44.89578256408845,0.15234433311700965
4590,43.40067571915022,43.10036731522275,41.282784397820826,39.94163981878687,25.582883610588922,42.26390497673232,44.92411905032032,0.15234433311700965
4591,43.354531726549276,43.12056107623493,41.142481191451125,40.364438870466174,23.111751400068215,42.29926702767202,44.90268570129018,0.1548153974740904
4592,43.3482654930933,42.91976383814094,41.44227160628674,40.88615361062045,30.895327826216878,42.32336833153886,44.89641946783421,0.15481539747409032
4593,43.32472191950298,42.94729332648871,41.35263250869356,40.258907123440125,28.70756510828526,42.10746550259098,44.87154237281172,0.15468204533087404
4594,43.35246750917363,43.13438445049395,41.244615251084824,40.51036481249606,26.33215253833582,42.315926579123044,44.89928796248237,0.1546820453308741
4595,43.352670430788805,43.15648035129801,41.59389129738346,40.881396657163485,28.582799307631397,42.62961970433586,44.899490884097546,0.1546820453308741
4596,43.356041728335654,42.923221301978856,40.86801155504425,39.53514734514221,20.861745819482486,42.15168320451184,44.902862181644394,0.15468204533087412
4597,43.34334588632096,43.076991857478795,41.05540223735143,39.952868925381004,25.789674902544846,42.25274716044614,44.8901663396297,0.1546820453308741
4598,43.358664741770454,43.09565364056211,41.18938821752044,40.25309177381742,24.559687431760313,42.16648504986926,44.905485195079194,0.154682045330874
4599,43.36192936670578,43.02262606603163,40.92553800731356,40.45073875210791,4.686561380198889,42.260329626970936,44.90874982001452,0.15468204533087412
4600,43.36517230071145,42.95883441815263,40.74430342387478,40.15698989299861,20.249437138514708,42.064766704993325,44.91199275402019,0.15468204533087415
4601,43.35535542802371,43.1108047584379,41.4393202288855,40.34386384505544,32.98489090630686,42.08454880941187,44.902366427404246,0.15470109993805367
4602,43.34604647962331,42.93278181431569,40.690358207524824,39.93865820468058,-10.29043789241679,41.95082252204666,44.8932159683231,0.15471694886997847
4603,43.33640765150558,43.11180743654044,41.638810765068634,40.79567210539113,27.53002120055532,42.49494668977691,44.88357714020536,0.1547169488699783
4604,43.348426040603954,43.18259959960373,41.67094242573798,41.57121355806012,24.322593285501625,42.59932505002926,44.896514316655825,0.15480882760518735
4605,43.33488275961402,43.121635418311705,40.50575389291486,39.879997466260505,-17.131422922978807,42.24506728890606,44.85597196621399,0.1521089206599977
4606,43.35308066955976,43.08846435788275,41.563890866350064,40.76809677989551,32.45390671019479,42.40212334564151,44.87416987615973,0.15210892065999768
4607,43.38320122137085,43.14214061720631,41.51694106381256,41.00195397319299,21.44168525903506,42.733435904306006,44.90566446994583,0.15224632485749898
4608,43.36100865410596,43.059890916071076,41.07782344497579,40.13954925529022,27.55461972163378,42.03792703888868,44.88683911091568,0.15258304568097245
4609,43.36072622332065,43.19347055198301,41.3430134991057,40.04119685973233,20.373023566017913,42.51827875793239,44.88655668013037,0.1525830456809725
4610,43.370705786606074,43.13939723448887,41.172798626534075,40.45037899780019,19.608657028471484,42.16998915297745,44.896536243415795,0.15258304568097242
4611,43.35494099108095,42.95679132255959,40.98346199702884,39.71853670111313,26.97335660594571,41.82279231875499,44.879301369385765,0.15243603783048124
4612,43.358282753100696,43.136138482255205,41.04385455235958,40.24954150175254,23.102020601809162,42.60504844334867,44.85082980873203,0.14925470556313322
4613,43.39624090440858,43.049732545615626,41.0636250162052,40.127546986066264,23.56933542447142,42.04841864525434,44.88878796003991,0.14925470556313317
4614,43.393926473015426,43.15066347619428,41.334773374401024,40.66382305543084,20.590890658097845,42.41454539504977,44.88909012793307,0.14951636549176467
4615,43.39344832445726,43.175717846553944,41.23358454710876,39.7730967997022,30.944462963402323,42.1940291215272,44.88861197937491,0.14951636549176453
4616,43.37453164663768,43.238180319626004,41.60320959364058,40.843891324509755,24.59452851619123,42.474077463095966,44.869695301555325,0.14951636549176475
4617,43.38458373154278,43.07445129687183,41.58679666367587,40.87007709878503,30.31746236244493,42.48386387125582,44.87974738646043,0.14951636549176475
4618,43.37192571496776,43.19760653999973,41.42778069239617,40.42224038729405,31.416688302392963,42.400974759460084,44.867089369885406,0.14951636549176459
4619,43.35342024078729,43.090402860631016,41.06149633476841,40.21919931131716,26.31515101184356,42.34101289845348,44.848583895704934,0.1495163654917646
4620,43.40883288224366,43.15063803717786,41.59266394426258,40.630422001683925,30.363246701102206,42.62191483121781,44.903996537161305,0.14951636549176459
4621,43.39676178844941,43.21421570238743,41.33741843801845,39.468930752008546,32.11418441385106,42.306185697105164,44.89192544336706,0.14951636549176478
4622,43.40550155031284,43.118703291544406,41.46691747204335,40.336566964178346,34.146714311281144,42.14756607722232,44.90066520523049,0.1495163654917646
4623,43.38934357946939,43.137710903560844,41.37346718099404,40.018559951441084,32.777113471433836,42.13123583698813,44.95314502492721,0.15638014454578178
4624,43.407707201297676,43.154699761783384,41.64205898821314,41.169956935063944,31.593278617276383,42.31793863167308,44.971508646755495,0.1563801445457817
4625,43.401720475650045,43.15280164875077,41.54922958251927,40.35573268031048,29.820003463366394,42.380619668293036,44.965521921107865,0.1563801445457818
4626,43.40526005655437,43.1462695842349,41.00255268328989,39.54820672972608,8.483755483446053,42.246717427545036,44.96906150201219,0.1563801445457818
4627,43.38895787061059,43.16751977454914,40.76074503470889,39.55821207988927,-2.0472506049550105,41.872742600134025,44.95275931606841,0.15638014454578175
4628,43.404861386743036,42.896629391798356,41.202247454811676,40.748385591896636,24.75190646661876,41.90856357780103,44.968662832200856,0.15638014454578175
4629,43.379497965413755,43.06717911502402,41.383940881916615,40.56979339674105,29.41379652349144,42.03609468695295,44.943299410871575,0.15638014454578184
4630,43.40475210935777,43.10781054842735,41.40754160516397,40.690514250160064,24.120386912538894,42.28883457580183,44.96855355481559,0.15638014454578178
4631,43.414194183359804,43.07099071228547,41.060490400890444,40.07603948593143,24.1297174390852,42.12710709593199,44.977995628817624,0.15638014454578167
4632,43.37658318864169,43.036351289020196,41.08309764174588,40.00088403123906,28.597997030102924,41.917623282130506,44.94038463409951,0.1563801445457817
4633,43.37649129097393,43.111776355376186,41.12751852068575,40.46224997776475,18.0081257849297,42.30780056784154,44.94029273643175,0.15638014454578175
4634,43.40324632306626,43.24184198711162,41.29614481553052,40.43441538682312,6.2716981061848855,42.33428332458138,44.97482409034617,0.15715777672799053
4635,43.384384134758825,43.228473880583245,41.56678831248979,40.66151492179967,29.834860701951406,42.57280892895668,44.95596190203873,0.15715777672799058
4636,43.40307561671965,43.10175909996615,41.410734002227876,40.29686968385206,33.444389551811,42.266211824934175,44.97465338399955,0.1571577767279906
4637,43.40946982892931,43.06871941401838,41.67731695870074,40.97195536557055,32.94803514096633,42.34245771856545,44.981047596209216,0.1571577767279905
4638,43.369111475345775,42.964677451533994,41.24028856758951,40.78515331688099,27.700006930116988,42.08591284061883,44.94068924262568,0.15715777672799058
4639,43.42519280547428,43.17156724309794,41.415726084185565,40.814153299583566,20.471040235101057,42.2747568031416,44.99677057275419,0.15715777672799044
4640,43.38783142809737,43.20473666860307,41.25709790661679,40.995596514681495,27.750250066841232,42.36129110871684,44.959409195377276,0.1571577767279906
4641,43.39395434433847,43.129257423049225,41.27068053281835,40.09576253367507,27.743021739738793,42.20700141486223,44.96553211161837,0.1571577767279905
4642,43.38801676837419,42.95893149533476,41.42139455402637,40.57746994045088,32.566930518989224,42.2451249264756,44.9595945356541,0.15715777672799058
4643,43.38406736899601,43.15006405361293,41.099242555255,40.057846035622035,30.22942603000957,42.21554785804183,44.95564513627591,0.15715777672799064
4644,43.3878378251253,43.12772581411833,41.20891299636122,40.18207732186188,30.224921665129713,42.143393618493306,44.95941559240521,0.1571577767279905
4645,43.39028021446049,43.12641626168549,41.546811595001095,40.7006988516502,31.402376451984615,42.55201313379943,44.961857981740394,0.1571577767279906
4646,43.38845191418405,43.022291211678954,40.97534882101149,40.019851680179386,28.542488160381303,42.261993224894105,44.95920093021433,0.1570749016030276
4647,43.422940500503096,43.11693890665488,41.72112327116572,40.64992792550061,36.80240557121057,42.480828129383596,44.99368951653337,0.15707490160302778
4648,43.394482816997304,43.176160602046465,41.12208132291287,40.02074602926866,21.897286062135695,42.22142986979601,44.96523183302758,0.1570749016030277
4649,43.40074251366933,43.01752865981797,41.4761595635938,40.431674840733415,32.750174899477514,41.99545250087012,44.971491529699605,0.15707490160302764
4650,43.407540586543035,43.14091351017446,41.31440633443269,40.334419934072564,29.523815563988386,42.30834443897722,44.97828960257331,0.15707490160302762
4651,43.39722845638257,43.0134171236401,40.9658577595212,39.973886088109595,29.139770272444466,41.692148337688856,44.96797747241285,0.1570749016030277
4652,43.39777957398414,43.10414962035544,41.322991957424534,40.47627806469248,23.856643226329677,42.36333457051451,44.968528590014415,0.15707490160302756
4653,43.40385033643155,43.092647648180936,41.339626519203335,40.164960389615764,24.856595483997282,42.47475645772924,44.97459935246183,0.15707490160302773
4654,43.388479588108275,43.024510525562846,41.46724212370848,40.686116787033306,30.2227210239791,42.23285870857876,44.95922860413855,0.15707490160302764
