Job ID:        10001672
Array task:    17
CPUs:          64
Rayon threads: 64
Hello, world!
Initial population: Some(
    KeyboardLayout {
        left_chord_genes: [
            (
                "P",
                "1R",
            ),
            (
                "B K",
                "7",
            ),
            (
                "IH M P",
                "8LL",
            ),
            (
                "D",
                "6",
            ),
            (
                "R Y L",
                "8LL",
            ),
            (
                "F L",
                "3L",
            ),
            (
                "F R",
                "6RR",
            ),
            (
                "D M",
                "3R",
            ),
            (
                "L",
                "8R",
            ),
            (
                "HH",
                "5",
            ),
            (
                "D",
                "7",
            ),
            (
                "B",
                "4",
            ),
            (
                "AH S",
                "4",
            ),
            (
                "S W",
                "8LL",
            ),
            (
                "S T R",
                "1",
            ),
            (
                "CH",
                "1L",
            ),
            (
                "K",
                "8LL",
            ),
            (
                "R V",
                "1L",
            ),
            (
                "AH B",
                "8RR",
            ),
            (
                "F",
                "6LL",
            ),
            (
                "R L",
                "8LL",
            ),
            (
                "R K",
                "3L",
            ),
            (
                "M T",
                "3",
            ),
            (
                "IH M",
                "7RR",
            ),
            (
                "P R",
                "5RR",
            ),
            (
                "AH T",
                "5LL",
            ),
            (
                "AO L R",
                "8L",
            ),
            (
                "AH P R",
                "5",
            ),
            (
                "K",
                "6L",
            ),
            (
                "W TH",
                "8RR",
            ),
            (
                "AH L",
                "7",
            ),
            (
                "D V",
                "4L",
            ),
            (
                "T R",
                "8RR",
            ),
            (
                "UW N",
                "7",
            ),
            (
                "G",
                "2",
            ),
            (
                "B T W",
                "3L",
            ),
            (
                "T D",
                "1L",
            ),
            (
                "L",
                "1R",
            ),
            (
                "B F",
                "6RR",
            ),
            (
                "P R V",
                "3RR",
            ),
            (
                "K L",
                "6",
            ),
            (
                "IH N K L",
                "2LL",
            ),
            (
                "AH N D R S T",
                "7RR",
            ),
            (
                "K L",
                "6L",
            ),
            (
                "D M",
                "1LL",
            ),
            (
                "AH L",
                "6L",
            ),
            (
                "P L",
                "3L",
            ),
            (
                "R S P",
                "3RR",
            ),
            (
                "V",
                "1L",
            ),
            (
                "M",
                "7LL",
            ),
            (
                "SH",
                "4RR",
            ),
            (
                "AH L",
                "7R",
            ),
            (
                "N",
                "2",
            ),
            (
                "HH",
                "8",
            ),
            (
                "AH B",
                "3LL",
            ),
            (
                "CH",
                "1R",
            ),
            (
                "R Y P",
                "4RR",
            ),
            (
                "R P R Z",
                "6LL",
            ),
            (
                "AH N",
                "2LL",
            ),
            (
                "K M",
                "1LL",
            ),
            (
                "",
                "3R",
            ),
            (
                "K L",
                "1LL",
            ),
            (
                "K R Y",
                "5L",
            ),
            (
                "F",
                "7LL",
            ),
            (
                "F R",
                "1R",
            ),
            (
                "G",
                "8L",
            ),
            (
                "W",
                "4R",
            ),
            (
                "T",
                "7R",
            ),
            (
                "P R D",
                "6R",
            ),
            (
                "P L",
                "3L",
            ),
            (
                "CH",
                "3RR",
            ),
            (
                "AH K",
                "5RR",
            ),
            (
                "G",
                "7",
            ),
            (
                "TH R",
                "4",
            ),
            (
                "M",
                "6",
            ),
            (
                "K N S",
                "5RR",
            ),
            (
                "G R",
                "8LL",
            ),
            (
                "S P",
                "6R",
            ),
            (
                "IH K S P",
                "4L",
            ),
            (
                "M S",
                "4R",
            ),
            (
                "D R",
                "3R",
            ),
            (
                "S S",
                "5RR",
            ),
            (
                "S T",
                "1LL",
            ),
            (
                "IH L",
                "6RR",
            ),
            (
                "AE D V",
                "7LL",
            ),
            (
                "K N T",
                "5R",
            ),
            (
                "K N T R",
                "1L",
            ),
            (
                "P R M",
                "3L",
            ),
            (
                "S K",
                "7RR",
            ),
            (
                "AH P",
                "4L",
            ),
            (
                "L",
                "4LL",
            ),
            (
                "H",
                "6RR",
            ),
            (
                "D M",
                "6",
            ),
            (
                "CH",
                "5",
            ),
            (
                "P R F",
                "8RR",
            ),
            (
                "Y",
                "5RR",
            ),
            (
                "K R",
                "5R",
            ),
            (
                "JH",
                "5",
            ),
            (
                "AH M",
                "2L",
            ),
            (
                "B Y",
                "4RR",
            ),
        ],
        right_chord_genes: [
            (
                "R Y",
                "5L",
            ),
            (
                "P T",
                "1R",
            ),
            (
                "L",
                "5R",
            ),
            (
                "V R Y TH NG",
                "7L",
            ),
            (
                "V R Y W N",
                "2RR",
            ),
            (
                "Z N",
                "4",
            ),
            (
                "R L Y",
                "1L",
            ),
            (
                "R",
                "6",
            ),
            (
                "V L",
                "7R",
            ),
            (
                "K Y",
                "5R",
            ),
            (
                "L D",
                "6RR",
            ),
            (
                "SH N",
                "5RR",
            ),
            (
                "K NG",
                "3L",
            ),
            (
                "N T UW",
                "5LL",
            ),
            (
                "M B R SS",
                "5LL",
            ),
            (
                "L D",
                "5",
            ),
            (
                "T",
                "5LL",
            ),
            (
                "B L SH D",
                "8",
            ),
            (
                "V N",
                "6LL",
            ),
            (
                "JH N",
                "1R",
            ),
            (
                "V N",
                "8LL",
            ),
            (
                "M",
                "1RR",
            ),
            (
                "P L",
                "8",
            ),
            (
                "R S T",
                "2",
            ),
            (
                "S D",
                "1L",
            ),
            (
                "P L",
                "8L",
            ),
            (
                "L N",
                "8LL",
            ),
            (
                "P",
                "3R",
            ),
            (
                "Y",
                "2",
            ),
            (
                "R Y",
                "2RR",
            ),
            (
                "S D",
                "3LL",
            ),
            (
                "TH",
                "5LL",
            ),
            (
                "S",
                "6LL",
            ),
            (
                "CH AH SS",
                "8L",
            ),
            (
                "R K D",
                "8",
            ),
            (
                "R T",
                "2",
            ),
            (
                "N S",
                "1RR",
            ),
            (
                "R T Y",
                "4",
            ),
            (
                "TH R",
                "2R",
            ),
            (
                "R T NG",
                "5",
            ),
            (
                "V",
                "8R",
            ),
            (
                "P R",
                "4RR",
            ),
            (
                "R",
                "1R",
            ),
            (
                "K",
                "8R",
            ),
            (
                "M SS",
                "8R",
            ),
            (
                "R D",
                "4LL",
            ),
            (
                "R SS",
                "5",
            ),
            (
                "N JH R",
                "6LL",
            ),
            (
                "T SH",
                "6LL",
            ),
            (
                "R S N",
                "6LL",
            ),
            (
                "R Y D",
                "6RR",
            ),
            (
                "",
                "4LL",
            ),
            (
                "R Y D",
                "4LL",
            ),
            (
                "S T R",
                "8",
            ),
            (
                "T NG",
                "2LL",
            ),
            (
                "D Y",
                "5",
            ),
            (
                "M P L",
                "5L",
            ),
            (
                "P N",
                "5L",
            ),
            (
                "L",
                "7R",
            ),
            (
                "R D R",
                "4R",
            ),
            (
                "R T NG",
                "6LL",
            ),
            (
                "F",
                "4",
            ),
            (
                "Z D N T",
                "3L",
            ),
            (
                "N Y",
                "3RR",
            ),
            (
                "T R",
                "8R",
            ),
            (
                "TH R",
                "4",
            ),
            (
                "M N",
                "3",
            ),
            (
                "N D",
                "7LL",
            ),
            (
                "S AH SS",
                "1",
            ),
            (
                "D",
                "2",
            ),
            (
                "N L Y",
                "7L",
            ),
            (
                "ZH",
                "1L",
            ),
            (
                "M",
                "5LL",
            ),
            (
                "R K",
                "4R",
            ),
            (
                "S T",
                "8R",
            ),
            (
                "K R",
                "5L",
            ),
            (
                "F",
                "1L",
            ),
            (
                "TH R",
                "5",
            ),
            (
                "S K",
                "6R",
            ),
            (
                "R D SS",
                "6",
            ),
            (
                "L SS",
                "7RR",
            ),
            (
                "",
                "2L",
            ),
            (
                "L V D",
                "4LL",
            ),
            (
                "S",
                "2",
            ),
            (
                "Z",
                "6L",
            ),
            (
                "S N",
                "3",
            ),
            (
                "TH R SS",
                "7LL",
            ),
            (
                "R L",
                "7RR",
            ),
            (
                "L",
                "6LL",
            ),
            (
                "N NG",
                "5L",
            ),
            (
                "N L Y",
                "3R",
            ),
            (
                "N L Y",
                "8R",
            ),
            (
                "N L Y",
                "1R",
            ),
            (
                "N Y",
                "6",
            ),
            (
                "P L",
                "8LL",
            ),
            (
                "V",
                "6R",
            ),
            (
                "S",
                "1",
            ),
            (
                "B",
                "4L",
            ),
            (
                "R Y N S",
                "1L",
            ),
            (
                "K T",
                "2L",
            ),
        ],
    },
)
new generation:  0
Fittest                      -158.3142784294218
highest fitness' coverage:   16.484797755130685
highest fitness' collisions: 17.479907618455247
new generation:  1
Fittest                      -143.95552090597954
highest fitness' coverage:   15.502097336785795
highest fitness' collisions: 15.945761824276534
new generation:  2
Fittest                      -120.34181792164942
highest fitness' coverage:   15.46846733406168
highest fitness' collisions: 13.58102852557111
new generation:  3
Fittest                      -104.72219772439993
highest fitness' coverage:   15.6113011469683
highest fitness' collisions: 12.033349887136824
new generation:  4
Fittest                      -89.79717212104977
highest fitness' coverage:   15.652718666152373
highest fitness' collisions: 10.544989078720214
new generation:  5
Fittest                      -79.75281676220956
highest fitness' coverage:   13.789020956860412
highest fitness' collisions: 9.354183771906998
new generation:  6
Fittest                      -72.0648062651374
highest fitness' coverage:   11.537515754297223
highest fitness' collisions: 8.360232201943463
new generation:  7
Fittest                      -63.999540423261095
highest fitness' coverage:   10.833676911828743
highest fitness' collisions: 7.483321733508984
new generation:  8
Fittest                      -57.48675557567854
highest fitness' coverage:   10.408936630398603
highest fitness' collisions: 6.7895692206077145
new generation:  9
Fittest                      -52.11867347815169
highest fitness' coverage:   10.321792343070282
highest fitness' collisions: 6.2440465821221975
new generation:  10
Fittest                      -48.6321289514338
highest fitness' coverage:   10.349579120460039
highest fitness' collisions: 5.898170807189383
new generation:  11
Fittest                      -45.50935484415722
highest fitness' coverage:   9.707792666269688
highest fitness' collisions: 5.521714751042691
new generation:  12
Fittest                      -41.79974781577871
highest fitness' coverage:   9.737468454112294
highest fitness' collisions: 5.153721626989101
new generation:  13
Fittest                      -38.41915142572442
highest fitness' coverage:   9.731508827638871
highest fitness' collisions: 4.815066025336329
new generation:  14
Fittest                      -35.49189883581791
highest fitness' coverage:   9.688516465499488
highest fitness' collisions: 4.5180415301317405
new generation:  15
Fittest                      -32.30341860982358
highest fitness' coverage:   9.836824643421089
highest fitness' collisions: 4.214024325324467
new generation:  16
Fittest                      -29.6761968770279
highest fitness' coverage:   9.890110066775266
highest fitness' collisions: 3.956630694380316
new generation:  17
Fittest                      -27.959998397194838
highest fitness' coverage:   9.273472045928472
highest fitness' collisions: 3.7233470443123307
new generation:  18
Fittest                      -26.622105573993885
highest fitness' coverage:   8.723571397562964
highest fitness' collisions: 3.5345676971556848
new generation:  19
Fittest                      -24.536143954538517
highest fitness' coverage:   8.071018992626797
highest fitness' collisions: 3.260716294716531
new generation:  20
Fittest                      -23.14556453283018
highest fitness' coverage:   8.073966904321843
highest fitness' collisions: 3.121953143715202
new generation:  21
Fittest                      -20.87423968200134
highest fitness' coverage:   8.061683076599863
highest fitness' collisions: 2.89359227586012
new generation:  22
Fittest                      -19.10789763231032
highest fitness' coverage:   8.049442586871903
highest fitness' collisions: 2.715734021918222
new generation:  23
Fittest                      -18.193563264097236
highest fitness' coverage:   7.436214096449943
highest fitness' collisions: 2.5629777360547177
new generation:  24
Fittest                      -17.11023248158823
highest fitness' coverage:   7.177213839736442
highest fitness' collisions: 2.4287446321324673
new generation:  25
Fittest                      -15.54499069368994
highest fitness' coverage:   6.8149512050065075
highest fitness' collisions: 2.2359941898696447
new generation:  26
Fittest                      -13.93375571164437
highest fitness' coverage:   6.6772934195008915
highest fitness' collisions: 2.061104913114526
new generation:  27
Fittest                      -12.933720778433957
highest fitness' coverage:   6.487041258352173
highest fitness' collisions: 1.942076203678613
new generation:  28
Fittest                      -12.01108684546902
highest fitness' coverage:   6.496227932817786
highest fitness' collisions: 1.8507314778286803
new generation:  29
Fittest                      -11.075129957926048
highest fitness' coverage:   6.2829229873492904
highest fitness' collisions: 1.735805294527534
new generation:  30
Fittest                      -10.038673785028735
highest fitness' coverage:   5.312031277808548
highest fitness' collisions: 1.5350705062837282
new generation:  31
Fittest                      -9.391708094930635
highest fitness' coverage:   5.311830715686065
highest fitness' collisions: 1.4703538810616699
new generation:  32
Fittest                      -8.743617602120604
highest fitness' coverage:   5.202383828198495
highest fitness' collisions: 1.39460014303191
new generation:  33
Fittest                      -7.8432884978661646
highest fitness' coverage:   5.2085257668280365
highest fitness' collisions: 1.3051814264694201
new generation:  34
Fittest                      -6.968273077142643
highest fitness' coverage:   5.196214831716177
highest fitness' collisions: 1.216448790885882
new generation:  35
Fittest                      -6.565723024583324
highest fitness' coverage:   5.223793495675574
highest fitness' collisions: 1.1789516520258898
new generation:  36
Fittest                      -6.0939334702049
highest fitness' coverage:   5.223837241611792
highest fitness' collisions: 1.1317770711816693
new generation:  37
Fittest                      -5.64273290915332
highest fitness' coverage:   4.480884876381403
highest fitness' collisions: 1.0123617785534722
new generation:  38
Fittest                      -5.303645458341401
highest fitness' coverage:   4.523706308429104
highest fitness' collisions: 0.9827351766770506
new generation:  39
Fittest                      -5.027655499019912
highest fitness' coverage:   4.520615145567771
highest fitness' collisions: 0.9548270644587683
new generation:  40
Fittest                      -4.612686563802505
highest fitness' coverage:   4.229926073381661
highest fitness' collisions: 0.8842612637184165
new generation:  41
Fittest                      -4.227488643526843
highest fitness' coverage:   4.268344962717463
highest fitness' collisions: 0.8495833606244305
new generation:  42
Fittest                      -3.935182314990908
highest fitness' coverage:   5.224026751401019
highest fitness' collisions: 0.9159209066391927
new generation:  43
Fittest                      -3.611635737501431
highest fitness' coverage:   5.224634943630671
highest fitness' collisions: 0.8836270681132102
new generation:  44
Fittest                      -3.2497533351787258
highest fitness' coverage:   5.236568965502716
highest fitness' collisions: 0.8486322300681443
new generation:  45
Fittest                      -2.917671167495631
highest fitness' coverage:   5.236992791124339
highest fitness' collisions: 0.8154663958619971
new generation:  46
Fittest                      -2.635583163205375
highest fitness' coverage:   5.200827363652887
highest fitness' collisions: 0.7836410526858262
new generation:  47
Fittest                      -2.2230369357677437
highest fitness' coverage:   5.2224967194511445
highest fitness' collisions: 0.7445533655218888
new generation:  48
Fittest                      -1.9028113425261814
highest fitness' coverage:   5.226471518336127
highest fitness' collisions: 0.7129282860862308
new generation:  49
Fittest                      -1.6181500227457555
highest fitness' coverage:   5.213590284374048
highest fitness' collisions: 0.6831740307119804
new generation:  50
Fittest                      -1.4715335071674014
highest fitness' coverage:   5.92931851636718
highest fitness' collisions: 0.7400852023534582
new generation:  51
Fittest                      -1.2453816752238707
highest fitness' coverage:   5.944701402254
highest fitness' collisions: 0.7190083077477871
new generation:  52
Fittest                      -0.7878839444381214
highest fitness' coverage:   5.974062747149205
highest fitness' collisions: 0.6761946691587326
new generation:  53
Fittest                      -0.5238620392149276
highest fitness' coverage:   5.967985559300197
highest fitness' collisions: 0.6491847598515125
new generation:  54
Fittest                      -0.25120064746001436
highest fitness' coverage:   6.029148668567443
highest fitness' collisions: 0.6280349316027458
new generation:  55
Fittest                      0.05316538544103988
highest fitness' coverage:   7.402949544559204
highest fitness' collisions: 0.7349784159118165
new generation:  56
Fittest                      0.3940799782682909
highest fitness' coverage:   8.137639621286466
highest fitness' collisions: 0.7743559643018175
new generation:  57
Fittest                      0.569001145677456
highest fitness' coverage:   8.134439340434275
highest fitness' collisions: 0.756543819475682
new generation:  58
Fittest                      0.9058425896651938
highest fitness' coverage:   8.14696953442128
highest fitness' collisions: 0.7241126944756086
new generation:  59
Fittest                      1.1062305208173768
highest fitness' coverage:   8.143552496898085
highest fitness' collisions: 0.7037321976080708
new generation:  60
Fittest                      1.6578648600247687
highest fitness' coverage:   9.088344249520366
highest fitness' collisions: 0.7430479389495598
new generation:  61
Fittest                      1.9579510154890674
highest fitness' coverage:   9.113943457312713
highest fitness' collisions: 0.7155992441823645
new generation:  62
Fittest                      2.271083496382243
highest fitness' coverage:   9.315733642807999
highest fitness' collisions: 0.7044650146425756
new generation:  63
Fittest                      2.803611331516782
highest fitness' coverage:   11.039784448319871
highest fitness' collisions: 0.8236173116803088
new generation:  64
Fittest                      3.3966237964905783
highest fitness' coverage:   11.020789734540346
highest fitness' collisions: 0.7624165938049767
new generation:  65
Fittest                      3.6925321745682567
highest fitness' coverage:   12.075707578785421
highest fitness' collisions: 0.8383175404217164
new generation:  66
Fittest                      4.640746757072627
highest fitness' coverage:   15.119820099961629
highest fitness' collisions: 1.0479073342889003
new generation:  67
Fittest                      5.059972779151222
highest fitness' coverage:   16.04637716812745
highest fitness' collisions: 1.0986404388976228
new generation:  68
Fittest                      5.246981095405744
highest fitness' coverage:   16.170037262177587
highest fitness' collisions: 1.0923056166771843
new generation:  69
Fittest                      5.685848021363324
highest fitness' coverage:   16.110223806477673
highest fitness' collisions: 1.042437578511435
new generation:  70
Fittest                      6.743482221053544
highest fitness' coverage:   18.384104864760893
highest fitness' collisions: 1.164062264370735
new generation:  71
Fittest                      7.010555359806238
highest fitness' coverage:   18.855902837240407
highest fitness' collisions: 1.184534747743417
new generation:  72
Fittest                      7.746000362943102
highest fitness' coverage:   21.287193432494007
highest fitness' collisions: 1.3541193069550905
new generation:  73
Fittest                      8.145193706471437
highest fitness' coverage:   21.79411957995099
highest fitness' collisions: 1.3648925873479554
new generation:  74
Fittest                      8.510179294380018
highest fitness' coverage:   23.3998353342019
highest fitness' collisions: 1.4889656039821881
new generation:  75
Fittest                      9.285551215653083
highest fitness' coverage:   25.56383499831082
highest fitness' collisions: 1.6278283782657739
new generation:  76
Fittest                      9.578129129744429
highest fitness' coverage:   26.403047193759317
highest fitness' collisions: 1.6824918064014889
new generation:  77
Fittest                      10.016016281694714
highest fitness' coverage:   26.415888309632102
highest fitness' collisions: 1.6399872027937388
new generation:  78
Fittest                      10.451646132362056
highest fitness' coverage:   26.41565279840055
highest fitness' collisions: 1.5964006666038495
new generation:  79
Fittest                      10.912741215719425
highest fitness' coverage:   26.93694757301595
highest fitness' collisions: 1.6024206357296524
new generation:  80
Fittest                      11.219298619978439
highest fitness' coverage:   27.60101824937111
highest fitness' collisions: 1.6381719629392668
new generation:  81
Fittest                      11.604251886395398
highest fitness' coverage:   27.19449210206188
highest fitness' collisions: 1.5590240215666482
new generation:  82
Fittest                      12.095622115809405
highest fitness' coverage:   27.097580353982245
highest fitness' collisions: 1.500195823817284
new generation:  83
Fittest                      12.445401814482079
highest fitness' coverage:   27.441446201133118
highest fitness' collisions: 1.499604438665104
new generation:  84
Fittest                      12.817904167877217
highest fitness' coverage:   27.44750656756017
highest fitness' collisions: 1.4629602399682953
new generation:  85
Fittest                      13.189811654041563
highest fitness' coverage:   27.364448428162436
highest fitness' collisions: 1.4174636774120875
new generation:  86
Fittest                      13.736160427671694
highest fitness' coverage:   27.32190277313031
highest fitness' collisions: 1.3585742345458618
new generation:  87
Fittest                      14.186993516459182
highest fitness' coverage:   28.92615215804676
highest fitness' collisions: 1.473915864158758
new generation:  88
Fittest                      14.411502675086084
highest fitness' coverage:   30.450974917225825
highest fitness' collisions: 1.603947224213974
new generation:  89
Fittest                      14.703500035873997
highest fitness' coverage:   30.671821381334407
highest fitness' collisions: 1.596832134546041
new generation:  90
Fittest                      15.303007035673893
highest fitness' coverage:   31.49034935960239
highest fitness' collisions: 1.6187342323928497
new generation:  91
Fittest                      15.969021387641448
highest fitness' coverage:   31.48227063433956
highest fitness' collisions: 1.5513249246698113
new generation:  92
Fittest                      16.270171489709483
highest fitness' coverage:   31.33819015555487
highest fitness' collisions: 1.5068018665845386
new generation:  93
Fittest                      16.69415202053818
highest fitness' coverage:   31.885474990923083
highest fitness' collisions: 1.5191322970384902
new generation:  94
Fittest                      17.40264654526046
highest fitness' coverage:   32.88679763807509
highest fitness' collisions: 1.5484151092814626
new generation:  95
Fittest                      17.864780002869693
highest fitness' coverage:   32.967014811013065
highest fitness' collisions: 1.5102234808143373
new generation:  96
Fittest                      18.224406412083365
highest fitness' coverage:   32.92337908413608
highest fitness' collisions: 1.4698972672052715
new generation:  97
Fittest                      18.591319115307623
highest fitness' coverage:   33.22171380373576
highest fitness' collisions: 1.4630394688428137
new generation:  98
Fittest                      18.760634373518457
highest fitness' coverage:   33.2088024378374
highest fitness' collisions: 1.444816806431894
new generation:  99
Fittest                      18.922193314930382
highest fitness' coverage:   33.193627224883066
highest fitness' collisions: 1.4271433909952682
new generation:  100
Fittest                      19.125540153811496
highest fitness' coverage:   33.20641381662312
highest fitness' collisions: 1.4080873662811624
new generation:  101
Fittest                      19.32362190803052
highest fitness' coverage:   33.20923943590501
highest fitness' collisions: 1.388561752787449
new generation:  102
Fittest                      19.61444824940972
highest fitness' coverage:   33.21134463300313
highest fitness' collisions: 1.3596896383593409
new generation:  103
Fittest                      19.835672462443956
highest fitness' coverage:   33.36422999482593
highest fitness' collisions: 1.3528557532381977
new generation:  104
Fittest                      20.106840129455943
highest fitness' coverage:   33.363559186899515
highest fitness' collisions: 1.3256719057443571
new generation:  105
Fittest                      20.396517663759216
highest fitness' coverage:   33.29406424029986
highest fitness' collisions: 1.2897546576540644
new generation:  106
Fittest                      20.69399759977295
highest fitness' coverage:   33.24121432764279
highest fitness' collisions: 1.2547216727869839
new generation:  107
Fittest                      20.93995871699377
highest fitness' coverage:   33.126747475835636
highest fitness' collisions: 1.2186788758841864
new generation:  108
Fittest                      21.218671529752246
highest fitness' coverage:   33.11429417936843
highest fitness' collisions: 1.1895622649616182
new generation:  109
Fittest                      21.353931438002668
highest fitness' coverage:   33.40273770067313
highest fitness' collisions: 1.2048806262670462
new generation:  110
Fittest                      21.662263899847503
highest fitness' coverage:   33.43240335272466
highest fitness' collisions: 1.1770139452877162
new generation:  111
Fittest                      22.17122296616876
highest fitness' coverage:   33.59342486479245
highest fitness' collisions: 1.1422201898623694
new generation:  112
Fittest                      22.277939438890478
highest fitness' coverage:   33.56860051615108
highest fitness' collisions: 1.1290661077260602
new generation:  113
Fittest                      22.41024840321441
highest fitness' coverage:   33.64060182048423
highest fitness' collisions: 1.1230353417269818
new generation:  114
Fittest                      23.263452205678778
highest fitness' coverage:   35.41336803328424
highest fitness' collisions: 1.2149915827605464
new generation:  115
Fittest                      23.540746201957298
highest fitness' coverage:   35.38806728926654
highest fitness' collisions: 1.184732108730924
new generation:  116
Fittest                      23.755837873472416
highest fitness' coverage:   35.529601935968344
highest fitness' collisions: 1.177376406249593
new generation:  117
Fittest                      23.871486727615256
highest fitness' coverage:   35.48643196932155
highest fitness' collisions: 1.1614945241706294
new generation:  118
Fittest                      24.09619335236102
highest fitness' coverage:   35.508365663319275
highest fitness' collisions: 1.1412172310958253
new generation:  119
Fittest                      24.444735012839992
highest fitness' coverage:   36.41369521521434
highest fitness' collisions: 1.1968960202374348
new generation:  120
Fittest                      25.10899684158544
highest fitness' coverage:   36.83712669973986
highest fitness' collisions: 1.1728129858154421
new generation:  121
Fittest                      25.41253957420072
highest fitness' coverage:   36.89334327101009
highest fitness' collisions: 1.1480803696809365
new generation:  122
Fittest                      25.492369204040216
highest fitness' coverage:   36.86373227097782
highest fitness' collisions: 1.1371363066937603
new generation:  123
Fittest                      25.906561174656524
highest fitness' coverage:   36.820001694772
highest fitness' collisions: 1.0913440520115478
new generation:  124
Fittest                      26.081629419690543
highest fitness' coverage:   36.81656225523648
highest fitness' collisions: 1.0734932835545932
new generation:  125
Fittest                      26.249354774308177
highest fitness' coverage:   36.866273916111915
highest fitness' collisions: 1.0616919141803738
new generation:  126
Fittest                      26.370107331870813
highest fitness' coverage:   36.854321614655916
highest fitness' collisions: 1.0484214282785105
new generation:  127
Fittest                      26.604806392104265
highest fitness' coverage:   37.032094514706976
highest fitness' collisions: 1.042728812260271
new generation:  128
Fittest                      26.771968711437655
highest fitness' coverage:   36.982628075247035
highest fitness' collisions: 1.021065936380938
new generation:  129
Fittest                      27.098167511198817
highest fitness' coverage:   36.96052750683434
highest fitness' collisions: 0.9862359995635525
new generation:  130
Fittest                      27.785646591628335
highest fitness' coverage:   38.1113434164767
highest fitness' collisions: 1.0325696824848365
new generation:  131
Fittest                      28.106516505679185
highest fitness' coverage:   38.145174970498054
highest fitness' collisions: 1.003865846481887
new generation:  132
Fittest                      28.23149863516512
highest fitness' coverage:   38.14499744798123
highest fitness' collisions: 0.9913498812816113
new generation:  133
Fittest                      28.39286884357329
highest fitness' coverage:   38.01802985021048
highest fitness' collisions: 0.9625161006637193
new generation:  134
Fittest                      28.547606700224563
highest fitness' coverage:   37.99339350963134
highest fitness' collisions: 0.9445786809406775
new generation:  135
Fittest                      28.66706220238322
highest fitness' coverage:   37.91658278156058
highest fitness' collisions: 0.9249520579177355
new generation:  136
Fittest                      28.94757225898997
highest fitness' coverage:   37.88343704009207
highest fitness' collisions: 0.8935864781102096
new generation:  137
Fittest                      29.12416421624745
highest fitness' coverage:   38.064210834100706
highest fitness' collisions: 0.8940046617853254
new generation:  138
Fittest                      29.227309519928
highest fitness' coverage:   38.07085433225072
highest fitness' collisions: 0.884354481232272
new generation:  139
Fittest                      29.541140886334894
highest fitness' coverage:   38.465976844648296
highest fitness' collisions: 0.8924835958313401
new generation:  140
Fittest                      29.678437260925385
highest fitness' coverage:   38.383574047670685
highest fitness' collisions: 0.8705136786745299
new generation:  141
Fittest                      29.977393975909557
highest fitness' coverage:   38.357730332349156
highest fitness' collisions: 0.8380336356439602
new generation:  142
Fittest                      30.14366345304434
highest fitness' coverage:   38.37397277166454
highest fitness' collisions: 0.8230309318620198
new generation:  143
Fittest                      30.306813076514658
highest fitness' coverage:   38.38939594902848
highest fitness' collisions: 0.8082582872513827
new generation:  144
Fittest                      30.39190143301147
highest fitness' coverage:   38.371065308591405
highest fitness' collisions: 0.7979163875579933
new generation:  145
Fittest                      30.47657863124669
highest fitness' coverage:   38.417854697973205
highest fitness' collisions: 0.7941276066726517
new generation:  146
Fittest                      30.721253959036694
highest fitness' coverage:   38.66969330781078
highest fitness' collisions: 0.7948439348774088
new generation:  147
Fittest                      30.772876611472647
highest fitness' coverage:   38.67803858694875
highest fitness' collisions: 0.7905161975476106
new generation:  148
Fittest                      30.91430325657154
highest fitness' coverage:   38.69440163709702
highest fitness' collisions: 0.7780098380525484
new generation:  149
Fittest                      30.97933839100806
highest fitness' coverage:   38.716918984561524
highest fitness' collisions: 0.7737580593553463
new generation:  150
Fittest                      31.104840599774384
highest fitness' coverage:   38.72403621142671
highest fitness' collisions: 0.7619195611652323
new generation:  151
Fittest                      31.26507360032209
highest fitness' coverage:   38.764250533453115
highest fitness' collisions: 0.7499176933131027
new generation:  152
Fittest                      31.29520246006097
highest fitness' coverage:   38.70320939818026
highest fitness' collisions: 0.7408006938119293
new generation:  153
Fittest                      31.42801178183843
highest fitness' coverage:   38.67550840523823
highest fitness' collisions: 0.7247496623399803
new generation:  154
Fittest                      31.648780241672142
highest fitness' coverage:   38.68563385648188
highest fitness' collisions: 0.7036853614809738
new generation:  155
Fittest                      31.7685697498639
highest fitness' coverage:   38.71724562399746
highest fitness' collisions: 0.6948675874133557
new generation:  156
Fittest                      31.845481603313708
highest fitness' coverage:   38.63870366001452
highest fitness' collisions: 0.6793222056700812
new generation:  157
Fittest                      32.060537911100944
highest fitness' coverage:   38.87567232867882
highest fitness' collisions: 0.6815134417577876
new generation:  158
Fittest                      32.144166868594866
highest fitness' coverage:   38.62599627090438
highest fitness' collisions: 0.6481829402309518
new generation:  159
Fittest                      32.323789526870925
highest fitness' coverage:   38.62788785965261
highest fitness' collisions: 0.6304098332781688
new generation:  160
Fittest                      32.40624625492682
highest fitness' coverage:   38.63952723540636
highest fitness' collisions: 0.6233280980479544
new generation:  161
Fittest                      32.452221385880996
highest fitness' coverage:   38.44749526146345
highest fitness' collisions: 0.5995273875582454
new generation:  162
Fittest                      32.53047370404977
highest fitness' coverage:   38.42662891325265
highest fitness' collisions: 0.5896155209202883
new generation:  163
Fittest                      32.73219652536013
highest fitness' coverage:   38.40915880699256
highest fitness' collisions: 0.5676962281632429
new generation:  164
Fittest                      32.864228006086904
highest fitness' coverage:   38.42527864563213
highest fitness' collisions: 0.5561050639545226
new generation:  165
Fittest                      33.02610774073108
highest fitness' coverage:   38.563960516120815
highest fitness' collisions: 0.5537852775389736
new generation:  166
Fittest                      33.171620635958064
highest fitness' coverage:   38.58712033471457
highest fitness' collisions: 0.5415499698756503
new generation:  167
Fittest                      33.26738691687338
highest fitness' coverage:   38.55947993595024
highest fitness' collisions: 0.5292093019076869
new generation:  168
Fittest                      33.566209321123154
highest fitness' coverage:   38.95701649128226
highest fitness' collisions: 0.539080717015911
new generation:  169
Fittest                      33.645233777071795
highest fitness' coverage:   38.964555212658695
highest fitness' collisions: 0.5319321435586903
new generation:  170
Fittest                      33.73950934531153
highest fitness' coverage:   38.93669232353874
highest fitness' collisions: 0.5197182978227207
new generation:  171
Fittest                      33.81728213323797
highest fitness' coverage:   38.95213241871589
highest fitness' collisions: 0.5134850285477922
new generation:  172
Fittest                      33.92529646972207
highest fitness' coverage:   38.952734694429346
highest fitness' collisions: 0.5027438224707275
new generation:  173
Fittest                      34.000252120543564
highest fitness' coverage:   38.912844638169446
highest fitness' collisions: 0.4912592517625882
new generation:  174
Fittest                      34.17230316418976
highest fitness' coverage:   39.185244775121646
highest fitness' collisions: 0.5012941610931884
new generation:  175
Fittest                      34.27106441928137
highest fitness' coverage:   39.34960580903454
highest fitness' collisions: 0.5078541389753173
new generation:  176
Fittest                      34.43169755506978
highest fitness' coverage:   39.377185722222066
highest fitness' collisions: 0.4945488167152282
new generation:  177
Fittest                      34.459653845548395
highest fitness' coverage:   39.41070781699447
highest fitness' collisions: 0.49510539714460733
new generation:  178
Fittest                      34.52555033914388
highest fitness' coverage:   39.36748266845971
highest fitness' collisions: 0.48419323293158345
new generation:  179
Fittest                      34.58162277481557
highest fitness' coverage:   39.41717347519175
highest fitness' collisions: 0.4835550700376179
new generation:  180
Fittest                      34.73512268651943
highest fitness' coverage:   39.65020667005649
highest fitness' collisions: 0.49150839835370613
new generation:  181
Fittest                      35.277987487088616
highest fitness' coverage:   40.41666735882973
highest fitness' collisions: 0.5138679871741113
new generation:  182
Fittest                      35.30943593131206
highest fitness' coverage:   40.394580665574416
highest fitness' collisions: 0.5085144734262355
new generation:  183
Fittest                      35.35837532768326
highest fitness' coverage:   40.4103795748051
highest fitness' collisions: 0.5052004247121834
new generation:  184
Fittest                      35.392564432943125
highest fitness' coverage:   40.39720295791498
highest fitness' collisions: 0.5004638524971855
new generation:  185
Fittest                      35.436188181468204
highest fitness' coverage:   40.42636072690434
highest fitness' collisions: 0.49901725454361356
new generation:  186
Fittest                      35.585050453344465
highest fitness' coverage:   40.39755543012001
highest fitness' collisions: 0.4812504976775544
new generation:  187
Fittest                      35.75512357784825
highest fitness' coverage:   40.38140621958982
highest fitness' collisions: 0.4626282641741571
new generation:  188
Fittest                      35.86020354645769
highest fitness' coverage:   40.3750099405352
highest fitness' collisions: 0.4514806394077509
new generation:  189
Fittest                      35.89779915855464
highest fitness' coverage:   40.41260555263215
highest fitness' collisions: 0.45148063940775124
new generation:  190
Fittest                      35.9114786064753
highest fitness' coverage:   40.402627162829525
highest fitness' collisions: 0.44911485563542236
new generation:  191
Fittest                      35.94010013607651
highest fitness' coverage:   40.371639026195226
highest fitness' collisions: 0.44315388901187175
new generation:  192
Fittest                      35.97789808112596
highest fitness' coverage:   40.409436971244666
highest fitness' collisions: 0.4431538890118712
new generation:  193
Fittest                      36.05053290005259
highest fitness' coverage:   40.270126631179124
highest fitness' collisions: 0.42195937311265386
new generation:  194
Fittest                      36.14328026642324
highest fitness' coverage:   40.30781283577561
highest fitness' collisions: 0.41645325693523677
new generation:  195
Fittest                      36.263325132625724
highest fitness' coverage:   40.28742063782453
highest fitness' collisions: 0.40240955051988075
new generation:  196
Fittest                      36.4464779866161
highest fitness' coverage:   40.28947327297435
highest fitness' collisions: 0.3842995286358249
new generation:  197
Fittest                      36.55246851657986
highest fitness' coverage:   40.27027761105262
highest fitness' collisions: 0.3717809094472763
new generation:  198
Fittest                      36.60274958320042
highest fitness' coverage:   40.28249785684111
highest fitness' collisions: 0.36797482736406933
new generation:  199
Fittest                      36.66597038155511
highest fitness' coverage:   40.208813830743864
highest fitness' collisions: 0.35428434491887506
new generation:  200
Fittest                      36.708097942210784
highest fitness' coverage:   40.23951814394623
highest fitness' collisions: 0.3531420201735447
new generation:  201
Fittest                      36.75223989724757
highest fitness' coverage:   40.28021015242395
highest fitness' collisions: 0.3527970255176376
new generation:  202
Fittest                      36.81973451779249
highest fitness' coverage:   40.31112974843081
highest fitness' collisions: 0.3491395230638321
new generation:  203
Fittest                      36.91939619337329
highest fitness' coverage:   40.336135219956475
highest fitness' collisions: 0.341673902658319
new generation:  204
Fittest                      36.90923438733108
highest fitness' coverage:   40.32597341391427
highest fitness' collisions: 0.3416739026583186
new generation:  205
Fittest                      36.951348129550965
highest fitness' coverage:   40.33198969662197
highest fitness' collisions: 0.3380641567071003
new generation:  206
Fittest                      36.948971848028805
highest fitness' coverage:   40.329613415099814
highest fitness' collisions: 0.33806415670710066
new generation:  207
Fittest                      36.997788135973394
highest fitness' coverage:   40.280955940722706
highest fitness' collisions: 0.32831678047493085
new generation:  208
Fittest                      37.01953023664667
highest fitness' coverage:   40.30269804139598
highest fitness' collisions: 0.32831678047493074
new generation:  209
Fittest                      37.05163146251377
highest fitness' coverage:   40.3145345578813
highest fitness' collisions: 0.3262903095367532
new generation:  210
Fittest                      37.048844391386275
highest fitness' coverage:   40.3117474867538
highest fitness' collisions: 0.326290309536753
new generation:  211
Fittest                      37.0516975646309
highest fitness' coverage:   40.31460065999843
highest fitness' collisions: 0.32629030953675325
new generation:  212
Fittest                      37.06840611270485
highest fitness' coverage:   40.24190476594327
highest fitness' collisions: 0.3173498653238417
new generation:  213
Fittest                      37.09716299531828
highest fitness' coverage:   40.26730323408475
highest fitness' collisions: 0.31701402387664745
new generation:  214
Fittest                      37.115484800490044
highest fitness' coverage:   40.285625039256516
highest fitness' collisions: 0.31701402387664707
new generation:  215
Fittest                      37.120707715178895
highest fitness' coverage:   40.22495234939316
highest fitness' collisions: 0.3104244634214266
new generation:  216
Fittest                      37.164811281011325
highest fitness' coverage:   40.25997553074543
highest fitness' collisions: 0.30951642497341075
new generation:  217
Fittest                      37.187516016187374
highest fitness' coverage:   40.27842085592381
highest fitness' collisions: 0.3090904839736436
new generation:  218
Fittest                      37.17055124378652
highest fitness' coverage:   40.230339424673915
highest fitness' collisions: 0.3059788180887398
new generation:  219
Fittest                      37.21111496496838
highest fitness' coverage:   40.270903145855776
highest fitness' collisions: 0.30597881808873956
new generation:  220
Fittest                      37.18110320165086
highest fitness' coverage:   40.225102268019505
highest fitness' collisions: 0.30439990663686434
new generation:  221
Fittest                      37.2124837731893
highest fitness' coverage:   40.25648283955795
highest fitness' collisions: 0.30439990663686467
new generation:  222
Fittest                      37.4889452015171
highest fitness' coverage:   40.534324652150346
highest fitness' collisions: 0.3045379450633248
new generation:  223
Fittest                      37.526866135940416
highest fitness' coverage:   40.56621999071292
highest fitness' collisions: 0.30393538547725046
new generation:  224
Fittest                      37.53197381137533
highest fitness' coverage:   40.57132766614784
highest fitness' collisions: 0.3039353854772504
new generation:  225
Fittest                      37.546717538419436
highest fitness' coverage:   40.55566738033026
highest fitness' collisions: 0.3008949841910826
new generation:  226
Fittest                      37.60397209876841
highest fitness' coverage:   40.596326071604864
highest fitness' collisions: 0.2992353972836452
new generation:  227
Fittest                      37.60948020157126
highest fitness' coverage:   40.58349873948261
highest fitness' collisions: 0.29740185379113504
new generation:  228
Fittest                      37.599772197800235
highest fitness' coverage:   40.57496563326652
highest fitness' collisions: 0.2975193435466285
new generation:  229
Fittest                      37.66546405121896
highest fitness' coverage:   40.542833169814564
highest fitness' collisions: 0.2877369118595606
new generation:  230
Fittest                      37.70555158496455
highest fitness' coverage:   40.53367772140596
highest fitness' collisions: 0.28281261364414034
new generation:  231
Fittest                      37.745664596178194
highest fitness' coverage:   40.5737907326196
highest fitness' collisions: 0.28281261364414034
new generation:  232
Fittest                      37.74456827623267
highest fitness' coverage:   40.55804099873076
highest fitness' collisions: 0.2813472722498094
new generation:  233
Fittest                      37.74788826722477
highest fitness' coverage:   40.56136098972287
highest fitness' collisions: 0.28134727224980965
new generation:  234
Fittest                      37.76690777482196
highest fitness' coverage:   40.5612059177971
highest fitness' collisions: 0.2794298142975148
new generation:  235
Fittest                      37.806209947008945
highest fitness' coverage:   40.707005963017934
highest fitness' collisions: 0.29007960160089913
new generation:  236
Fittest                      37.802741584448796
highest fitness' coverage:   40.703537600457786
highest fitness' collisions: 0.2900796016008989
new generation:  237
Fittest                      37.82819572458215
highest fitness' coverage:   40.694882726968316
highest fitness' collisions: 0.2866687002386164
new generation:  238
Fittest                      37.834469820627966
highest fitness' coverage:   40.70115682301413
highest fitness' collisions: 0.2866687002386167
new generation:  239
Fittest                      37.859450408210215
highest fitness' coverage:   40.69072491357653
highest fitness' collisions: 0.2831274505366318
new generation:  240
Fittest                      37.86515637172932
highest fitness' coverage:   40.68206874260348
highest fitness' collisions: 0.28169123708741545
new generation:  241
Fittest                      37.924796844350645
highest fitness' coverage:   40.69491587209315
highest fitness' collisions: 0.2770119027742505
new generation:  242
Fittest                      37.96494681620328
highest fitness' coverage:   40.73506584394578
highest fitness' collisions: 0.2770119027742505
new generation:  243
Fittest                      37.95492516352124
highest fitness' coverage:   40.72504419126374
highest fitness' collisions: 0.2770119027742503
new generation:  244
Fittest                      37.95935505813443
highest fitness' coverage:   40.682354948854304
highest fitness' collisions: 0.2722999890719873
new generation:  245
Fittest                      37.983356646434295
highest fitness' coverage:   40.70635653715417
highest fitness' collisions: 0.27229998907198744
new generation:  246
Fittest                      38.02073226050502
highest fitness' coverage:   40.6980978593435
highest fitness' collisions: 0.26773655988384804
new generation:  247
Fittest                      38.05510713178326
highest fitness' coverage:   40.73247273062174
highest fitness' collisions: 0.26773655988384804
new generation:  248
Fittest                      38.06033142695823
highest fitness' coverage:   40.67640058622592
highest fitness' collisions: 0.26160691592676905
new generation:  249
Fittest                      38.13033106495822
highest fitness' coverage:   41.124546113719525
highest fitness' collisions: 0.29942150487613073
new generation:  250
Fittest                      38.16345205059042
highest fitness' coverage:   41.10583371765669
highest fitness' collisions: 0.2942381667066267
new generation:  251
Fittest                      38.18506368504082
highest fitness' coverage:   41.14009481108024
highest fitness' collisions: 0.2955031126039419
new generation:  252
Fittest                      38.18766402710949
highest fitness' coverage:   41.14608546377383
highest fitness' collisions: 0.2958421436664336
new generation:  253
Fittest                      38.17482734327423
highest fitness' coverage:   41.13324877993857
highest fitness' collisions: 0.29584214366643374
new generation:  254
Fittest                      38.16985154622409
highest fitness' coverage:   41.128272982888426
highest fitness' collisions: 0.29584214366643374
new generation:  255
Fittest                      38.222431092589524
highest fitness' coverage:   41.07986084476334
highest fitness' collisions: 0.2857429752173813
new generation:  256
Fittest                      38.22691844139194
highest fitness' coverage:   41.113510115690794
highest fitness' collisions: 0.28865916742988573
new generation:  257
Fittest                      38.23524734412481
highest fitness' coverage:   41.10874247562618
highest fitness' collisions: 0.287349513150137
new generation:  258
Fittest                      38.27668246821695
highest fitness' coverage:   41.15017759971831
highest fitness' collisions: 0.28734951315013674
new generation:  259
Fittest                      38.29960901725805
highest fitness' coverage:   41.173104148759414
highest fitness' collisions: 0.2873495131501367
new generation:  260
Fittest                      38.30931477520547
highest fitness' coverage:   41.17941265092861
highest fitness' collisions: 0.28700978757231393
new generation:  261
Fittest                      38.35638409280321
highest fitness' coverage:   41.132317168161215
highest fitness' collisions: 0.2775933075358005
new generation:  262
Fittest                      38.44324039553944
highest fitness' coverage:   41.18340424228021
highest fitness' collisions: 0.2740163846740771
new generation:  263
Fittest                      38.46135490648392
highest fitness' coverage:   41.20151875322469
highest fitness' collisions: 0.2740163846740771
new generation:  264
Fittest                      38.47704807086196
highest fitness' coverage:   41.12825340902185
highest fitness' collisions: 0.2651205338159887
new generation:  265
Fittest                      38.551479345770375
highest fitness' coverage:   41.17193490257994
highest fitness' collisions: 0.2620455556809568
new generation:  266
Fittest                      38.57621088469451
highest fitness' coverage:   41.15508965335565
highest fitness' collisions: 0.25788787686611436
new generation:  267
Fittest                      38.60211975208493
highest fitness' coverage:   41.18099852074607
highest fitness' collisions: 0.2578878768661143
new generation:  268
Fittest                      38.64808849467871
highest fitness' coverage:   41.19946733618961
highest fitness' collisions: 0.25513788415109023
new generation:  269
Fittest                      38.65463924443654
highest fitness' coverage:   41.20012964939388
highest fitness' collisions: 0.25454904049573435
new generation:  270
Fittest                      38.67048391599202
highest fitness' coverage:   41.21597432094937
highest fitness' collisions: 0.25454904049573457
new generation:  271
Fittest                      38.6604543939885
highest fitness' coverage:   41.20594479894585
highest fitness' collisions: 0.2545490404957347
new generation:  272
Fittest                      38.673488625259616
highest fitness' coverage:   41.218979030216964
highest fitness' collisions: 0.25454904049573457
new generation:  273
Fittest                      38.676590116880995
highest fitness' coverage:   41.1207580485084
highest fitness' collisions: 0.24441679316274043
new generation:  274
Fittest                      38.71515377717696
highest fitness' coverage:   41.167998270745834
highest fitness' collisions: 0.24528444935688778
new generation:  275
Fittest                      38.794153269899724
highest fitness' coverage:   41.076608871590416
highest fitness' collisions: 0.22824556016906933
new generation:  276
Fittest                      38.81912825903232
highest fitness' coverage:   41.10158386072301
highest fitness' collisions: 0.22824556016906933
new generation:  277
Fittest                      38.80569497454846
highest fitness' coverage:   41.09627338992135
highest fitness' collisions: 0.22905784153728886
new generation:  278
Fittest                      38.797103574843284
highest fitness' coverage:   40.9950747047298
highest fitness' collisions: 0.21979711298865168
new generation:  279
Fittest                      38.84140648523927
highest fitness' coverage:   41.03937761512579
highest fitness' collisions: 0.21979711298865168
new generation:  280
Fittest                      38.85281656605954
highest fitness' coverage:   41.04199028723579
highest fitness' collisions: 0.2189173721176256
new generation:  281
Fittest                      38.85240037080051
highest fitness' coverage:   41.04157409197676
highest fitness' collisions: 0.21891737211762563
new generation:  282
Fittest                      38.859556334005724
highest fitness' coverage:   41.048730055181984
highest fitness' collisions: 0.21891737211762574
new generation:  283
Fittest                      38.888783488630345
highest fitness' coverage:   40.86247416254321
highest fitness' collisions: 0.19736906739128612
new generation:  284
Fittest                      38.91837328230332
highest fitness' coverage:   40.86541535878891
highest fitness' collisions: 0.1947042076485587
new generation:  285
Fittest                      38.911493228373885
highest fitness' coverage:   40.85853530485947
highest fitness' collisions: 0.19470420764855867
new generation:  286
Fittest                      38.95131928679135
highest fitness' coverage:   40.85446390717407
highest fitness' collisions: 0.19031446203827201
new generation:  287
Fittest                      38.980253175934656
highest fitness' coverage:   40.883397796317375
highest fitness' collisions: 0.190314462038272
new generation:  288
Fittest                      39.01651498324966
highest fitness' coverage:   40.91032425655037
highest fitness' collisions: 0.18938092733007098
new generation:  289
Fittest                      39.023925632329416
highest fitness' coverage:   40.88806007556331
highest fitness' collisions: 0.18641344432338933
new generation:  290
Fittest                      39.06164808411985
highest fitness' coverage:   40.925782527353746
highest fitness' collisions: 0.18641344432338938
new generation:  291
Fittest                      39.06729285983388
highest fitness' coverage:   40.93142730306777
highest fitness' collisions: 0.1864134443233894
new generation:  292
Fittest                      39.08264708625854
highest fitness' coverage:   41.06066843127
highest fitness' collisions: 0.19780213450114614
new generation:  293
Fittest                      39.079485012145675
highest fitness' coverage:   41.05718276350021
highest fitness' collisions: 0.19776977513545319
new generation:  294
Fittest                      39.09730710405991
highest fitness' coverage:   41.07500485541444
highest fitness' collisions: 0.1977697751354531
new generation:  295
Fittest                      39.09564701422471
highest fitness' coverage:   41.07334476557924
highest fitness' collisions: 0.19776977513545324
new generation:  296
Fittest                      39.094400289453475
highest fitness' coverage:   41.051122303332754
highest fitness' collisions: 0.19567220138792762
new generation:  297
Fittest                      39.11896064741133
highest fitness' coverage:   41.06898381519644
highest fitness' collisions: 0.19500231677851104
new generation:  298
Fittest                      39.10977711174136
highest fitness' coverage:   41.05980027952647
highest fitness' collisions: 0.19500231677851107
new generation:  299
Fittest                      39.150363066752206
highest fitness' coverage:   40.946589933441146
highest fitness' collisions: 0.17962268666889367
new generation:  300
Fittest                      39.14406079234593
highest fitness' coverage:   40.940287659034865
highest fitness' collisions: 0.1796226866688936
new generation:  301
Fittest                      39.153575152817496
highest fitness' coverage:   40.94980201950643
highest fitness' collisions: 0.17962268666889356
new generation:  302
Fittest                      39.1886726420222
highest fitness' coverage:   41.25371450972043
highest fitness' collisions: 0.2065041867698236
new generation:  303
Fittest                      39.17987747591738
highest fitness' coverage:   41.244919343615614
highest fitness' collisions: 0.2065041867698235
new generation:  304
Fittest                      39.19536704218053
highest fitness' coverage:   41.26040890987876
highest fitness' collisions: 0.20650418676982354
new generation:  305
Fittest                      39.176803342692565
highest fitness' coverage:   41.2418452103908
highest fitness' collisions: 0.20650418676982352
new generation:  306
Fittest                      39.24186244988575
highest fitness' coverage:   41.27959156569919
highest fitness' collisions: 0.20377291158134428
new generation:  307
Fittest                      39.21375616019942
highest fitness' coverage:   41.25148527601286
highest fitness' collisions: 0.20377291158134442
new generation:  308
Fittest                      39.240054308575324
highest fitness' coverage:   41.282226139110996
highest fitness' collisions: 0.2042171830535673
new generation:  309
Fittest                      39.24065923858317
highest fitness' coverage:   41.3027722918243
highest fitness' collisions: 0.20621130532411286
new generation:  310
Fittest                      39.28101662748905
highest fitness' coverage:   41.34312968073018
highest fitness' collisions: 0.2062113053241128
new generation:  311
Fittest                      39.271448853522955
highest fitness' coverage:   41.30900034360787
highest fitness' collisions: 0.20375514900849173
new generation:  312
Fittest                      39.30930595499068
highest fitness' coverage:   41.34685744507559
highest fitness' collisions: 0.20375514900849176
new generation:  313
Fittest                      39.30102607542393
highest fitness' coverage:   41.343520124409274
highest fitness' collisions: 0.20424940489853474
new generation:  314
Fittest                      39.27926803133713
highest fitness' coverage:   41.32176208032248
highest fitness' collisions: 0.20424940489853477
new generation:  315
Fittest                      39.28195053058118
highest fitness' coverage:   41.324444579566524
highest fitness' collisions: 0.2042494048985348
new generation:  316
Fittest                      39.34314036887243
highest fitness' coverage:   41.24062213710949
highest fitness' collisions: 0.18974817682370562
new generation:  317
Fittest                      39.375693453492275
highest fitness' coverage:   41.27317522172933
highest fitness' collisions: 0.18974817682370557
new generation:  318
Fittest                      39.41625131564641
highest fitness' coverage:   41.251225632746774
highest fitness' collisions: 0.18349743171003594
new generation:  319
Fittest                      39.428130987756525
highest fitness' coverage:   41.263105304856886
highest fitness' collisions: 0.18349743171003594
new generation:  320
Fittest                      39.47793523749786
highest fitness' coverage:   41.47878650187359
highest fitness' collisions: 0.2000851264375735
new generation:  321
Fittest                      39.54026757513956
highest fitness' coverage:   41.53522686363591
highest fitness' collisions: 0.19949592884963566
new generation:  322
Fittest                      39.52430918232061
highest fitness' coverage:   41.512206081302075
highest fitness' collisions: 0.19878968989814658
new generation:  323
Fittest                      39.527783466798404
highest fitness' coverage:   41.51568036577987
highest fitness' collisions: 0.19878968989814652
new generation:  324
Fittest                      39.52751508847066
highest fitness' coverage:   41.52143758331287
highest fitness' collisions: 0.19939224948422118
new generation:  325
Fittest                      39.53804330513699
highest fitness' coverage:   41.5319657999792
highest fitness' collisions: 0.19939224948422113
new generation:  326
Fittest                      39.54647592014704
highest fitness' coverage:   41.54039841498925
highest fitness' collisions: 0.19939224948422096
new generation:  327
Fittest                      39.524548405267296
highest fitness' coverage:   41.518470900109506
highest fitness' collisions: 0.19939224948422116
new generation:  328
Fittest                      39.520813213647095
highest fitness' coverage:   41.52767948770417
highest fitness' collisions: 0.20068662740570767
new generation:  329
Fittest                      39.51823474478499
highest fitness' coverage:   41.51948280325913
highest fitness' collisions: 0.20012480584741377
new generation:  330
Fittest                      39.53979762268229
highest fitness' coverage:   41.54104568115643
highest fitness' collisions: 0.20012480584741374
new generation:  331
Fittest                      39.55858611384002
highest fitness' coverage:   41.55983417231416
highest fitness' collisions: 0.2001248058474137
new generation:  332
Fittest                      39.54313738278586
highest fitness' coverage:   41.54438544126
highest fitness' collisions: 0.20012480584741363
new generation:  333
Fittest                      39.5334756051206
highest fitness' coverage:   41.53472366359474
highest fitness' collisions: 0.20012480584741368
new generation:  334
Fittest                      39.54522799718266
highest fitness' coverage:   41.49570783904034
highest fitness' collisions: 0.19504798418576827
new generation:  335
Fittest                      39.618098254812644
highest fitness' coverage:   41.54796867584755
highest fitness' collisions: 0.19298704210349085
new generation:  336
Fittest                      39.60227673805958
highest fitness' coverage:   41.52544186582742
highest fitness' collisions: 0.19231651277678394
new generation:  337
Fittest                      39.67333352763611
highest fitness' coverage:   41.53007301844733
highest fitness' collisions: 0.18567394908112198
new generation:  338
Fittest                      39.68219109674458
highest fitness' coverage:   41.538930587555804
highest fitness' collisions: 0.1856739490811219
new generation:  339
Fittest                      39.67560248132386
highest fitness' coverage:   41.53234197213507
highest fitness' collisions: 0.18567394908112175
new generation:  340
Fittest                      39.68003967242995
highest fitness' coverage:   41.51387626787724
highest fitness' collisions: 0.18338365954472877
new generation:  341
Fittest                      39.69781518109587
highest fitness' coverage:   41.53165177654316
highest fitness' collisions: 0.183383659544729
new generation:  342
Fittest                      39.71595324057927
highest fitness' coverage:   41.59682288531814
highest fitness' collisions: 0.1880869644738871
new generation:  343
Fittest                      39.74486478833677
highest fitness' coverage:   41.631459564428575
highest fitness' collisions: 0.18865947760918061
new generation:  344
Fittest                      39.74704780306188
highest fitness' coverage:   41.58468095691632
highest fitness' collisions: 0.18376331538544405
new generation:  345
Fittest                      39.78259446510219
highest fitness' coverage:   41.618500332040064
highest fitness' collisions: 0.18359058669378686
new generation:  346
Fittest                      39.772809615893124
highest fitness' coverage:   41.608715482830995
highest fitness' collisions: 0.18359058669378686
new generation:  347
Fittest                      39.817678372836234
highest fitness' coverage:   41.64890688836123
highest fitness' collisions: 0.1831228515524997
new generation:  348
Fittest                      39.8079192868887
highest fitness' coverage:   41.63974970811204
highest fitness' collisions: 0.1831830421223346
new generation:  349
Fittest                      39.791828761663346
highest fitness' coverage:   41.62365918288669
highest fitness' collisions: 0.18318304212233472
new generation:  350
Fittest                      39.79193605970148
highest fitness' coverage:   41.61804134957189
highest fitness' collisions: 0.18261052898704094
new generation:  351
Fittest                      39.79269341698854
highest fitness' coverage:   41.618798706858946
highest fitness' collisions: 0.18261052898704083
new generation:  352
Fittest                      39.792964222986
highest fitness' coverage:   41.61906951285641
highest fitness' collisions: 0.18261052898704094
new generation:  353
Fittest                      39.798010976720505
highest fitness' coverage:   41.62411626659092
highest fitness' collisions: 0.18261052898704103
new generation:  354
Fittest                      39.79991353107662
highest fitness' coverage:   41.614676571876565
highest fitness' collisions: 0.1814763040799945
new generation:  355
Fittest                      39.804665456767424
highest fitness' coverage:   41.574057758449634
highest fitness' collisions: 0.17693923016822113
new generation:  356
Fittest                      39.898498941713015
highest fitness' coverage:   41.61861205202757
highest fitness' collisions: 0.17201131103145564
new generation:  357
Fittest                      39.89845969128279
highest fitness' coverage:   41.618572801597345
highest fitness' collisions: 0.1720113110314557
new generation:  358
Fittest                      39.90806035356552
highest fitness' coverage:   41.63179836353815
highest fitness' collisions: 0.1723738009972632
new generation:  359
Fittest                      39.89292298847742
highest fitness' coverage:   41.61854238669388
highest fitness' collisions: 0.17256193982164622
new generation:  360
Fittest                      39.909016124984355
highest fitness' coverage:   41.62237709748635
highest fitness' collisions: 0.17133609725019922
new generation:  361
Fittest                      39.892910248019454
highest fitness' coverage:   41.57163194352874
highest fitness' collisions: 0.16787216955092898
new generation:  362
Fittest                      39.94159201330657
highest fitness' coverage:   41.62532558115213
highest fitness' collisions: 0.16837335678455628
new generation:  363
Fittest                      39.96672171669269
highest fitness' coverage:   41.65045528453825
highest fitness' collisions: 0.16837335678455628
new generation:  364
Fittest                      39.944144041430356
highest fitness' coverage:   41.62787760927592
highest fitness' collisions: 0.1683733567845563
new generation:  365
Fittest                      39.95674853080885
highest fitness' coverage:   41.626236579699224
highest fitness' collisions: 0.16694880488903718
new generation:  366
Fittest                      39.968937309762936
highest fitness' coverage:   41.63842535865331
highest fitness' collisions: 0.16694880488903716
new generation:  367
Fittest                      39.95922550338853
highest fitness' coverage:   41.6287135522789
highest fitness' collisions: 0.1669488048890372
new generation:  368
Fittest                      39.993949141186135
highest fitness' coverage:   41.66343719007651
highest fitness' collisions: 0.16694880488903727
new generation:  369
Fittest                      39.96922452916676
highest fitness' coverage:   41.63871257805713
highest fitness' collisions: 0.16694880488903727
new generation:  370
Fittest                      39.98626082907773
highest fitness' coverage:   41.60970489099247
highest fitness' collisions: 0.162344406191474
new generation:  371
Fittest                      40.00477768371708
highest fitness' coverage:   41.62822174563182
highest fitness' collisions: 0.16234440619147408
new generation:  372
Fittest                      40.01636721806083
highest fitness' coverage:   41.63761173918794
highest fitness' collisions: 0.16212445211271112
new generation:  373
Fittest                      40.0143332047136
highest fitness' coverage:   41.63557772584071
highest fitness' collisions: 0.16212445211271112
new generation:  374
Fittest                      40.04011929213571
highest fitness' coverage:   41.62350106656519
highest fitness' collisions: 0.15833817744294829
new generation:  375
Fittest                      40.13084021057678
highest fitness' coverage:   41.71422198500626
highest fitness' collisions: 0.15833817744294837
new generation:  376
Fittest                      40.176994603430714
highest fitness' coverage:   41.76103139053587
highest fitness' collisions: 0.15840367871051525
new generation:  377
Fittest                      40.187981181671226
highest fitness' coverage:   41.776695320189255
highest fitness' collisions: 0.15887141385180256
new generation:  378
Fittest                      40.19096453370552
highest fitness' coverage:   41.77967867222354
highest fitness' collisions: 0.15887141385180242
new generation:  379
Fittest                      40.16144303118625
highest fitness' coverage:   41.725012152332816
highest fitness' collisions: 0.15635691211465624
new generation:  380
Fittest                      40.209960639122905
highest fitness' coverage:   41.77352976026947
highest fitness' collisions: 0.1563569121146563
new generation:  381
Fittest                      40.190799111269506
highest fitness' coverage:   41.72304469735197
highest fitness' collisions: 0.1532245586082469
new generation:  382
Fittest                      40.21050894293624
highest fitness' coverage:   41.742754529018704
highest fitness' collisions: 0.1532245586082469
new generation:  383
Fittest                      40.220292046669705
highest fitness' coverage:   41.75253763275217
highest fitness' collisions: 0.15322455860824685
new generation:  384
Fittest                      40.22528463338904
highest fitness' coverage:   41.757530219471505
highest fitness' collisions: 0.15322455860824682
new generation:  385
Fittest                      40.20734895985479
highest fitness' coverage:   41.73959454593726
highest fitness' collisions: 0.15322455860824677
new generation:  386
Fittest                      40.201196472003396
highest fitness' coverage:   41.73344205808586
highest fitness' collisions: 0.15322455860824682
new generation:  387
Fittest                      40.217809866267835
highest fitness' coverage:   41.74963858296683
highest fitness' collisions: 0.1531828716698998
new generation:  388
Fittest                      40.213296969046716
highest fitness' coverage:   41.74512568574571
highest fitness' collisions: 0.15318287166989983
new generation:  389
Fittest                      40.216832655056635
highest fitness' coverage:   41.74866137175563
highest fitness' collisions: 0.15318287166989975
new generation:  390
Fittest                      40.21431166996884
highest fitness' coverage:   41.74585692882671
highest fitness' collisions: 0.15315452588578696
new generation:  391
Fittest                      40.208661918978144
highest fitness' coverage:   41.72497520677518
highest fitness' collisions: 0.1516313287797036
new generation:  392
Fittest                      40.22407583678145
highest fitness' coverage:   41.72371665245298
highest fitness' collisions: 0.14996408156715232
new generation:  393
Fittest                      40.237943800671985
highest fitness' coverage:   41.742066983296404
highest fitness' collisions: 0.150412318262442
new generation:  394
Fittest                      40.23228461203243
highest fitness' coverage:   41.74639240332616
highest fitness' collisions: 0.15141077912937317
new generation:  395
Fittest                      40.22283906765991
highest fitness' coverage:   41.736946858953644
highest fitness' collisions: 0.1514107791293732
new generation:  396
Fittest                      40.25513023721098
highest fitness' coverage:   41.7996018796946
highest fitness' collisions: 0.15444716424836222
new generation:  397
Fittest                      40.45061928560749
highest fitness' coverage:   42.02116711493644
highest fitness' collisions: 0.15705478293289502
new generation:  398
Fittest                      40.46089227816966
highest fitness' coverage:   42.03144010749861
highest fitness' collisions: 0.15705478293289504
new generation:  399
Fittest                      40.47022523357687
highest fitness' coverage:   42.04077306290582
highest fitness' collisions: 0.15705478293289493
new generation:  400
Fittest                      40.46085481200495
highest fitness' coverage:   41.99977986473222
highest fitness' collisions: 0.15389250527272672
new generation:  401
Fittest                      40.51046204426755
highest fitness' coverage:   42.04938709699481
highest fitness' collisions: 0.15389250527272655
new generation:  402
Fittest                      40.519316592762046
highest fitness' coverage:   42.042992363072536
highest fitness' collisions: 0.15236757703104914
new generation:  403
Fittest                      40.522350401824546
highest fitness' coverage:   42.046026172135036
highest fitness' collisions: 0.1523675770310492
new generation:  404
Fittest                      40.502386998782065
highest fitness' coverage:   42.031562906708224
highest fitness' collisions: 0.1529175907926159
new generation:  405
Fittest                      40.54485021315691
highest fitness' coverage:   42.07402612108307
highest fitness' collisions: 0.15291759079261585
new generation:  406
Fittest                      40.51722159543473
highest fitness' coverage:   42.04638616831489
highest fitness' collisions: 0.152916457288016
new generation:  407
Fittest                      40.52894417711281
highest fitness' coverage:   42.058108749992975
highest fitness' collisions: 0.15291645728801592
new generation:  408
Fittest                      40.52702835906886
highest fitness' coverage:   42.05619293194902
highest fitness' collisions: 0.15291645728801595
new generation:  409
Fittest                      40.52386048171445
highest fitness' coverage:   42.059050650455355
highest fitness' collisions: 0.15351901687409023
new generation:  410
Fittest                      40.66289058348319
highest fitness' coverage:   42.20183967589183
highest fitness' collisions: 0.15389490924086435
new generation:  411
Fittest                      40.73226634336381
highest fitness' coverage:   42.282465424789784
highest fitness' collisions: 0.15501990814259714
new generation:  412
Fittest                      40.81371839561038
highest fitness' coverage:   42.36391747703635
highest fitness' collisions: 0.15501990814259708
new generation:  413
Fittest                      40.79907420450104
highest fitness' coverage:   42.340895544485
highest fitness' collisions: 0.15418213399839634
new generation:  414
Fittest                      40.81247381021973
highest fitness' coverage:   42.37528345066396
highest fitness' collisions: 0.15628096404442288
new generation:  415
Fittest                      40.78144826057931
highest fitness' coverage:   42.34425790102354
highest fitness' collisions: 0.1562809640444229
new generation:  416
Fittest                      40.79791969999576
highest fitness' coverage:   42.36072934043999
highest fitness' collisions: 0.15628096404442293
new generation:  417
Fittest                      40.785158395378026
highest fitness' coverage:   42.34715631309659
highest fitness' collisions: 0.1561997917718561
new generation:  418
Fittest                      40.78791321914548
highest fitness' coverage:   42.349911136864044
highest fitness' collisions: 0.15619979177185608
new generation:  419
Fittest                      40.79236282762509
highest fitness' coverage:   42.354360745343655
highest fitness' collisions: 0.1561997917718561
new generation:  420
Fittest                      40.79495334209776
highest fitness' coverage:   42.35004460383371
highest fitness' collisions: 0.15550912617359436
new generation:  421
Fittest                      40.785290332509206
highest fitness' coverage:   42.34038159424515
highest fitness' collisions: 0.1555091261735944
new generation:  422
Fittest                      40.79467202615767
highest fitness' coverage:   42.349763287893616
highest fitness' collisions: 0.1555091261735944
new generation:  423
Fittest                      40.807819394016
highest fitness' coverage:   42.362910655751946
highest fitness' collisions: 0.15550912617359436
new generation:  424
Fittest                      40.927384251697276
highest fitness' coverage:   42.31892775647365
highest fitness' collisions: 0.139154350477637
new generation:  425
Fittest                      40.95294422767389
highest fitness' coverage:   42.35021286380319
highest fitness' collisions: 0.1397268636129305
new generation:  426
Fittest                      40.9747201263474
highest fitness' coverage:   42.3756571228125
highest fitness' collisions: 0.1400936996465102
new generation:  427
Fittest                      40.950367035747405
highest fitness' coverage:   42.36056340192501
highest fitness' collisions: 0.14101963661776049
new generation:  428
Fittest                      40.95008404806809
highest fitness' coverage:   42.340973496904084
highest fitness' collisions: 0.13908894488359927
new generation:  429
Fittest                      40.96888564033972
highest fitness' coverage:   42.35977508917571
highest fitness' collisions: 0.13908894488359927
new generation:  430
Fittest                      40.979016924763876
highest fitness' coverage:   42.36990637359987
highest fitness' collisions: 0.13908894488359938
new generation:  431
Fittest                      40.95340335165634
highest fitness' coverage:   42.34429280049233
highest fitness' collisions: 0.13908894488359932
new generation:  432
Fittest                      40.968890956885204
highest fitness' coverage:   42.359780405721196
highest fitness' collisions: 0.1390889448835993
new generation:  433
Fittest                      40.96316510462997
highest fitness' coverage:   42.354054553465964
highest fitness' collisions: 0.13908894488359938
new generation:  434
Fittest                      40.971558937379015
highest fitness' coverage:   42.36244838621501
highest fitness' collisions: 0.13908894488359932
new generation:  435
Fittest                      40.963053150360345
highest fitness' coverage:   42.35394259919634
highest fitness' collisions: 0.13908894488359932
new generation:  436
Fittest                      40.9750296476743
highest fitness' coverage:   42.36591909651029
highest fitness' collisions: 0.13908894488359927
new generation:  437
Fittest                      40.95643074920967
highest fitness' coverage:   42.34706315846739
highest fitness' collisions: 0.13906324092577166
new generation:  438
Fittest                      40.95009818755938
highest fitness' coverage:   42.340730596817096
highest fitness' collisions: 0.13906324092577158
new generation:  439
Fittest                      40.96889446049472
highest fitness' coverage:   42.35952686975243
highest fitness' collisions: 0.13906324092577155
new generation:  440
Fittest                      40.946482333796574
highest fitness' coverage:   42.33711474305429
highest fitness' collisions: 0.13906324092577163
new generation:  441
Fittest                      40.97542955970785
highest fitness' coverage:   42.36606196896557
highest fitness' collisions: 0.13906324092577163
new generation:  442
Fittest                      40.984119412765885
highest fitness' coverage:   42.368726226162856
highest fitness' collisions: 0.13846068133969724
new generation:  443
Fittest                      41.0197291616749
highest fitness' coverage:   42.40732745156494
highest fitness' collisions: 0.13875982898900335
new generation:  444
Fittest                      41.09147110452247
highest fitness' coverage:   42.476670561493485
highest fitness' collisions: 0.13851994569710138
new generation:  445
Fittest                      41.085134288510176
highest fitness' coverage:   42.40996398832327
highest fitness' collisions: 0.1324829699813093
new generation:  446
Fittest                      41.150196395389756
highest fitness' coverage:   42.48748950520105
highest fitness' collisions: 0.1337293109811289
new generation:  447
Fittest                      41.15602492938913
highest fitness' coverage:   42.472244016599525
highest fitness' collisions: 0.1316219087210394
new generation:  448
Fittest                      41.170986835469115
highest fitness' coverage:   42.48720592267951
highest fitness' collisions: 0.13162190872103938
new generation:  449
Fittest                      41.17764367759732
highest fitness' coverage:   42.49386276480771
highest fitness' collisions: 0.13162190872103935
new generation:  450
Fittest                      41.17215177916142
highest fitness' coverage:   42.48837086637181
highest fitness' collisions: 0.1316219087210395
new generation:  451
Fittest                      41.17852059989636
highest fitness' coverage:   42.49473968710675
highest fitness' collisions: 0.1316219087210394
new generation:  452
Fittest                      41.18035219179722
highest fitness' coverage:   42.49657127900761
highest fitness' collisions: 0.13162190872103938
new generation:  453
Fittest                      41.28361183390005
highest fitness' coverage:   42.615476177501144
highest fitness' collisions: 0.13318643436010927
new generation:  454
Fittest                      41.31768233307081
highest fitness' coverage:   42.6495466766719
highest fitness' collisions: 0.13318643436010935
new generation:  455
Fittest                      41.298104930773974
highest fitness' coverage:   42.62527583657852
highest fitness' collisions: 0.13271709058045422
new generation:  456
Fittest                      41.31913639658552
highest fitness' coverage:   42.64630730239006
highest fitness' collisions: 0.13271709058045417
new generation:  457
Fittest                      41.3068361994087
highest fitness' coverage:   42.63400710521324
highest fitness' collisions: 0.13271709058045422
new generation:  458
Fittest                      41.31918675270054
highest fitness' coverage:   42.64635765850508
highest fitness' collisions: 0.13271709058045428
new generation:  459
Fittest                      41.3207393055782
highest fitness' coverage:   42.64636172226865
highest fitness' collisions: 0.13256224166904537
new generation:  460
Fittest                      41.33533205766
highest fitness' coverage:   42.66617536286323
highest fitness' collisions: 0.13308433052032345
new generation:  461
Fittest                      41.308607977056255
highest fitness' coverage:   42.65648986820559
highest fitness' collisions: 0.13478818911493312
new generation:  462
Fittest                      41.311244034051654
highest fitness' coverage:   42.65912592520098
highest fitness' collisions: 0.1347881891149331
new generation:  463
Fittest                      41.31595979372515
highest fitness' coverage:   42.663841684874484
highest fitness' collisions: 0.1347881891149332
new generation:  464
Fittest                      41.327521116691365
highest fitness' coverage:   42.6754030078407
highest fitness' collisions: 0.13478818911493315
new generation:  465
Fittest                      41.3229377835776
highest fitness' coverage:   42.641622372189914
highest fitness' collisions: 0.13186845886123172
new generation:  466
Fittest                      41.32820817701345
highest fitness' coverage:   42.646892765625765
highest fitness' collisions: 0.1318684588612317
new generation:  467
Fittest                      41.36082344805209
highest fitness' coverage:   42.684185388077275
highest fitness' collisions: 0.13233619400251892
new generation:  468
Fittest                      41.3399218502942
highest fitness' coverage:   42.66328379031939
highest fitness' collisions: 0.13233619400251895
new generation:  469
Fittest                      41.321120238455364
highest fitness' coverage:   42.66564440799863
highest fitness' collisions: 0.13445241695432608
new generation:  470
Fittest                      41.31385646560094
highest fitness' coverage:   42.647024443249826
highest fitness' collisions: 0.13331679776488856
new generation:  471
Fittest                      41.35166303414148
highest fitness' coverage:   42.684831011790365
highest fitness' collisions: 0.13331679776488858
new generation:  472
Fittest                      41.32704506351171
highest fitness' coverage:   42.660213041160596
highest fitness' collisions: 0.1333167977648885
new generation:  473
Fittest                      41.34218563251617
highest fitness' coverage:   42.675353610165054
highest fitness' collisions: 0.13331679776488853
new generation:  474
Fittest                      41.34838782419945
highest fitness' coverage:   42.68155580184833
highest fitness' collisions: 0.1333167977648885
new generation:  475
Fittest                      41.33208174134268
highest fitness' coverage:   42.678755292633426
highest fitness' collisions: 0.13466735512907485
new generation:  476
Fittest                      41.32862768443891
highest fitness' coverage:   42.63109094205785
highest fitness' collisions: 0.13024632576189393
new generation:  477
Fittest                      41.36126245249546
highest fitness' coverage:   42.6637257101144
highest fitness' collisions: 0.13024632576189393
new generation:  478
Fittest                      41.357867162513045
highest fitness' coverage:   42.660330420131984
highest fitness' collisions: 0.1302463257618939
new generation:  479
Fittest                      41.34817255052026
highest fitness' coverage:   42.6506358081392
highest fitness' collisions: 0.130246325761894
new generation:  480
Fittest                      41.34911123669593
highest fitness' coverage:   42.65090768754566
highest fitness' collisions: 0.1301796450849726
new generation:  481
Fittest                      41.36449027550275
highest fitness' coverage:   42.659715052542424
highest fitness' collisions: 0.12952247770396677
new generation:  482
Fittest                      41.364217422522444
highest fitness' coverage:   42.65944219956211
highest fitness' collisions: 0.1295224777039667
new generation:  483
Fittest                      41.37703151463754
highest fitness' coverage:   42.67225629167721
highest fitness' collisions: 0.12952247770396674
new generation:  484
Fittest                      41.40505345104655
highest fitness' coverage:   42.70027822808621
highest fitness' collisions: 0.12952247770396672
new generation:  485
Fittest                      41.34902736414264
highest fitness' coverage:   42.64425214118231
highest fitness' collisions: 0.12952247770396672
new generation:  486
Fittest                      41.36531431950438
highest fitness' coverage:   42.66053909654405
highest fitness' collisions: 0.1295224777039668
new generation:  487
Fittest                      41.3773292827251
highest fitness' coverage:   42.672554059764764
highest fitness' collisions: 0.12952247770396672
new generation:  488
Fittest                      41.36719603439653
highest fitness' coverage:   42.6624208114362
highest fitness' collisions: 0.1295224777039668
new generation:  489
Fittest                      41.37645917117788
highest fitness' coverage:   42.67168394821754
highest fitness' collisions: 0.12952247770396663
new generation:  490
Fittest                      41.35804944462487
highest fitness' coverage:   42.65327422166453
highest fitness' collisions: 0.1295224777039667
new generation:  491
Fittest                      41.380708761757376
highest fitness' coverage:   42.67593353879704
highest fitness' collisions: 0.1295224777039667
new generation:  492
Fittest                      41.35784145948827
highest fitness' coverage:   42.65306623652794
highest fitness' collisions: 0.12952247770396683
new generation:  493
Fittest                      41.37479977083284
highest fitness' coverage:   42.6700245478725
highest fitness' collisions: 0.1295224777039667
new generation:  494
Fittest                      41.370379120471775
highest fitness' coverage:   42.665603897511446
highest fitness' collisions: 0.1295224777039668
new generation:  495
Fittest                      41.35842972392372
highest fitness' coverage:   42.64635695008184
highest fitness' collisions: 0.1287927226158118
new generation:  496
Fittest                      41.43083886613891
highest fitness' coverage:   42.71876609229703
highest fitness' collisions: 0.1287927226158118
new generation:  497
Fittest                      41.37194974697688
highest fitness' coverage:   42.6651272152563
highest fitness' collisions: 0.1293177468279419
new generation:  498
Fittest                      41.38508816405683
highest fitness' coverage:   42.67826563233625
highest fitness' collisions: 0.12931774682794184
new generation:  499
Fittest                      41.36735690036681
highest fitness' coverage:   42.65549449523061
highest fitness' collisions: 0.1288137594863806
new generation:  500
Fittest                      41.37772304254715
highest fitness' coverage:   42.66586063741096
highest fitness' collisions: 0.12881375948638057
new generation:  501
Fittest                      41.3770048617416
highest fitness' coverage:   42.6651424566054
highest fitness' collisions: 0.12881375948638057
new generation:  502
Fittest                      41.401961701332645
highest fitness' coverage:   42.69009929619645
highest fitness' collisions: 0.12881375948638057
new generation:  503
Fittest                      41.405181332270466
highest fitness' coverage:   42.69331892713427
highest fitness' collisions: 0.12881375948638063
new generation:  504
Fittest                      41.41443492803307
highest fitness' coverage:   42.70257252289687
highest fitness' collisions: 0.12881375948638063
new generation:  505
Fittest                      41.38394058430638
highest fitness' coverage:   42.672078179170185
highest fitness' collisions: 0.12881375948638069
new generation:  506
Fittest                      41.383563145600526
highest fitness' coverage:   42.67170074046433
highest fitness' collisions: 0.12881375948638063
new generation:  507
Fittest                      41.392183079356684
highest fitness' coverage:   42.6864866242391
highest fitness' collisions: 0.12943035448824203
new generation:  508
Fittest                      41.39317494947002
highest fitness' coverage:   42.68747849435244
highest fitness' collisions: 0.1294303544882421
new generation:  509
Fittest                      41.37138888295402
highest fitness' coverage:   42.66569242783645
highest fitness' collisions: 0.12943035448824214
new generation:  510
Fittest                      41.39009106315657
highest fitness' coverage:   42.684394608038986
highest fitness' collisions: 0.12943035448824206
new generation:  511
Fittest                      41.38066048518467
highest fitness' coverage:   42.67496403006709
highest fitness' collisions: 0.12943035448824206
new generation:  512
Fittest                      41.389598232483294
highest fitness' coverage:   42.68390177736571
highest fitness' collisions: 0.12943035448824206
new generation:  513
Fittest                      41.39448926574024
highest fitness' coverage:   42.67938364203502
highest fitness' collisions: 0.12848943762947768
new generation:  514
Fittest                      41.39257069104508
highest fitness' coverage:   42.67746506733986
highest fitness' collisions: 0.1284894376294777
new generation:  515
Fittest                      41.42949754695532
highest fitness' coverage:   42.7143919232501
highest fitness' collisions: 0.12848943762947768
new generation:  516
Fittest                      41.39243180895755
highest fitness' coverage:   42.68335178111307
highest fitness' collisions: 0.12909199721555206
new generation:  517
Fittest                      41.38311647477438
highest fitness' coverage:   42.674036446929904
highest fitness' collisions: 0.12909199721555215
new generation:  518
Fittest                      41.39533701342625
highest fitness' coverage:   42.686098496262524
highest fitness' collisions: 0.1290761482836275
new generation:  519
Fittest                      41.381662539831055
highest fitness' coverage:   42.677599959228786
highest fitness' collisions: 0.12959374193977333
new generation:  520
Fittest                      41.42276558332534
highest fitness' coverage:   42.64478222986099
highest fitness' collisions: 0.12220166465356576
new generation:  521
Fittest                      41.44812213555284
highest fitness' coverage:   42.661033938896246
highest fitness' collisions: 0.12129118033434054
new generation:  522
Fittest                      41.46619654881104
highest fitness' coverage:   42.67902633380313
highest fitness' collisions: 0.12128297849920909
new generation:  523
Fittest                      41.461437623492685
highest fitness' coverage:   42.66758859708217
highest fitness' collisions: 0.1206150973589485
new generation:  524
Fittest                      41.463357869880916
highest fitness' coverage:   42.6695088434704
highest fitness' collisions: 0.12061509735894849
new generation:  525
Fittest                      41.48935798436738
highest fitness' coverage:   42.90284753707157
highest fitness' collisions: 0.1413489552704191
new generation:  526
Fittest                      41.496283963423636
highest fitness' coverage:   42.90977351612783
highest fitness' collisions: 0.1413489552704191
new generation:  527
Fittest                      41.55181436177576
highest fitness' coverage:   42.96771418248595
highest fitness' collisions: 0.14158998207101867
new generation:  528
Fittest                      41.53926949164174
highest fitness' coverage:   42.94944418099899
highest fitness' collisions: 0.14101746893572506
new generation:  529
Fittest                      41.54047206685804
highest fitness' coverage:   42.967875559752564
highest fitness' collisions: 0.14274034928945264
new generation:  530
Fittest                      41.538247859674
highest fitness' coverage:   42.96565135256853
highest fitness' collisions: 0.14274034928945264
new generation:  531
Fittest                      41.535238579734816
highest fitness' coverage:   42.96264207262934
highest fitness' collisions: 0.14274034928945264
new generation:  532
Fittest                      41.53123076951675
highest fitness' coverage:   42.95863426241128
highest fitness' collisions: 0.14274034928945264
new generation:  533
Fittest                      41.53483224060543
highest fitness' coverage:   42.96223573349996
highest fitness' collisions: 0.14274034928945264
new generation:  534
Fittest                      41.52302341762318
highest fitness' coverage:   42.95288161943339
highest fitness' collisions: 0.14298582018102124
new generation:  535
Fittest                      41.54432879067109
highest fitness' coverage:   42.990026405316456
highest fitness' collisions: 0.14456976146453657
new generation:  536
Fittest                      41.52925570747468
highest fitness' coverage:   42.981560256600126
highest fitness' collisions: 0.14523045491254413
new generation:  537
Fittest                      41.51034835858246
highest fitness' coverage:   42.959676753775526
highest fitness' collisions: 0.14493283951930658
new generation:  538
Fittest                      41.518215332207916
highest fitness' coverage:   42.96203743949908
highest fitness' collisions: 0.144382210729116
new generation:  539
Fittest                      41.50353703639591
highest fitness' coverage:   42.94735914368707
highest fitness' collisions: 0.14438221072911606
new generation:  540
Fittest                      41.511534798037324
highest fitness' coverage:   42.955356905328486
highest fitness' collisions: 0.14438221072911597
new generation:  541
Fittest                      41.4994684552825
highest fitness' coverage:   42.943290562573665
highest fitness' collisions: 0.14438221072911608
new generation:  542
Fittest                      41.51447644102818
highest fitness' coverage:   42.96232892327887
highest fitness' collisions: 0.14478524822506883
new generation:  543
Fittest                      41.531791869310766
highest fitness' coverage:   42.97415401014361
highest fitness' collisions: 0.14423621408328385
new generation:  544
Fittest                      41.51950112599312
highest fitness' coverage:   42.961863266825965
highest fitness' collisions: 0.14423621408328394
new generation:  545
Fittest                      41.52835086014127
highest fitness' coverage:   42.96261114065239
highest fitness' collisions: 0.14342602805111204
new generation:  546
Fittest                      41.51295208025209
highest fitness' coverage:   42.937204265554776
highest fitness' collisions: 0.1424252185302681
new generation:  547
Fittest                      41.541052747255776
highest fitness' coverage:   42.96530493255845
highest fitness' collisions: 0.14242521853026807
new generation:  548
Fittest                      41.54416531561259
highest fitness' coverage:   42.968417500915265
highest fitness' collisions: 0.14242521853026802
new generation:  549
Fittest                      41.55039779553162
highest fitness' coverage:   42.971019200286605
highest fitness' collisions: 0.14206214047549795
new generation:  550
Fittest                      41.5197392141706
highest fitness' coverage:   42.94036061892558
highest fitness' collisions: 0.14206214047549792
new generation:  551
Fittest                      41.53452748621311
highest fitness' coverage:   42.95514889096809
highest fitness' collisions: 0.14206214047549787
new generation:  552
Fittest                      41.53294065013568
highest fitness' coverage:   42.95273239278485
highest fitness' collisions: 0.14197917426491738
new generation:  553
Fittest                      41.52372273683032
highest fitness' coverage:   42.9435144794795
highest fitness' collisions: 0.1419791742649172
new generation:  554
Fittest                      41.54962776950692
highest fitness' coverage:   42.969419512156094
highest fitness' collisions: 0.14197917426491719
new generation:  555
Fittest                      41.54520140282256
highest fitness' coverage:   42.96499314547174
highest fitness' collisions: 0.1419791742649173
new generation:  556
Fittest                      41.551479273629056
highest fitness' coverage:   42.97127101627823
highest fitness' collisions: 0.14197917426491724
new generation:  557
Fittest                      41.52403461019535
highest fitness' coverage:   42.943826352844525
highest fitness' collisions: 0.14197917426491727
new generation:  558
Fittest                      41.50890622770093
highest fitness' coverage:   42.92869797035011
highest fitness' collisions: 0.1419791742649172
new generation:  559
Fittest                      41.55556744277366
highest fitness' coverage:   42.97535918542283
highest fitness' collisions: 0.14197917426491732
new generation:  560
Fittest                      41.52399996746959
highest fitness' coverage:   42.94379171011877
highest fitness' collisions: 0.1419791742649172
new generation:  561
Fittest                      41.523320854782035
highest fitness' coverage:   42.94311259743121
highest fitness' collisions: 0.14197917426491724
new generation:  562
Fittest                      41.55577502755794
highest fitness' coverage:   42.95015711494448
highest fitness' collisions: 0.139438208738654
new generation:  563
Fittest                      41.56159504831107
highest fitness' coverage:   42.95597713569761
highest fitness' collisions: 0.1394382087386541
new generation:  564
Fittest                      41.586169941307595
highest fitness' coverage:   42.980552028694134
highest fitness' collisions: 0.13943820873865412
new generation:  565
Fittest                      41.56423612546753
highest fitness' coverage:   42.95861821285407
highest fitness' collisions: 0.13943820873865406
new generation:  566
Fittest                      41.56628444322516
highest fitness' coverage:   42.98039021774733
highest fitness' collisions: 0.14141057745221694
new generation:  567
Fittest                      41.553178955620496
highest fitness' coverage:   42.95531188621811
highest fitness' collisions: 0.14021329305976168
new generation:  568
Fittest                      41.55442373719371
highest fitness' coverage:   42.96312834160138
highest fitness' collisions: 0.14087046044076748
new generation:  569
Fittest                      41.55047199682389
highest fitness' coverage:   42.95917660123156
highest fitness' collisions: 0.14087046044076745
new generation:  570
Fittest                      41.53108406713141
highest fitness' coverage:   42.940612561927
highest fitness' collisions: 0.14095284947955872
new generation:  571
Fittest                      41.54761423018399
highest fitness' coverage:   42.9527451041177
highest fitness' collisions: 0.14051308739337162
new generation:  572
Fittest                      41.56485155455965
highest fitness' coverage:   42.99041328013662
highest fitness' collisions: 0.14255617255769656
new generation:  573
Fittest                      41.53888609887132
highest fitness' coverage:   42.930181787970675
highest fitness' collisions: 0.13912956890993516
new generation:  574
Fittest                      41.57356188413097
highest fitness' coverage:   42.96485757323032
highest fitness' collisions: 0.13912956890993528
new generation:  575
Fittest                      41.57473389479562
highest fitness' coverage:   42.96602958389497
highest fitness' collisions: 0.13912956890993525
new generation:  576
Fittest                      41.5693883065123
highest fitness' coverage:   42.97139918866403
highest fitness' collisions: 0.14020108821517283
new generation:  577
Fittest                      41.56288132098927
highest fitness' coverage:   42.964892203141
highest fitness' collisions: 0.14020108821517271
new generation:  578
Fittest                      41.56538291397998
highest fitness' coverage:   42.9616436231413
highest fitness' collisions: 0.1396260709161318
new generation:  579
Fittest                      41.55841013365916
highest fitness' coverage:   42.95221613390479
highest fitness' collisions: 0.13938060002456332
new generation:  580
Fittest                      41.58451093526819
highest fitness' coverage:   42.978316935513824
highest fitness' collisions: 0.13938060002456332
new generation:  581
Fittest                      41.59094161630848
highest fitness' coverage:   42.98474761655411
highest fitness' collisions: 0.13938060002456337
new generation:  582
Fittest                      41.578383763739545
highest fitness' coverage:   42.97218976398518
highest fitness' collisions: 0.13938060002456334
new generation:  583
Fittest                      41.544183069081974
highest fitness' coverage:   42.93798906932761
highest fitness' collisions: 0.13938060002456334
new generation:  584
Fittest                      41.581281676810384
highest fitness' coverage:   42.97508767705602
highest fitness' collisions: 0.13938060002456332
new generation:  585
Fittest                      41.58233524795593
highest fitness' coverage:   42.97104457161504
highest fitness' collisions: 0.13887093236591042
new generation:  586
Fittest                      41.56717956507114
highest fitness' coverage:   42.95588888873025
highest fitness' collisions: 0.13887093236591042
new generation:  587
Fittest                      41.574177273452854
highest fitness' coverage:   42.96288659711196
highest fitness' collisions: 0.13887093236591053
new generation:  588
Fittest                      41.588103325429586
highest fitness' coverage:   42.981326407857615
highest fitness' collisions: 0.13932230824280273
new generation:  589
Fittest                      41.63525133364549
highest fitness' coverage:   43.03062719780824
highest fitness' collisions: 0.13953758641627517
new generation:  590
Fittest                      41.64689508364267
highest fitness' coverage:   43.04227094780542
highest fitness' collisions: 0.13953758641627523
new generation:  591
Fittest                      41.626597493192705
highest fitness' coverage:   43.01736018160985
highest fitness' collisions: 0.13907626884171484
new generation:  592
Fittest                      41.65577834259511
highest fitness' coverage:   43.04654103101226
highest fitness' collisions: 0.13907626884171484
new generation:  593
Fittest                      41.63711275856568
highest fitness' coverage:   43.027875446982826
highest fitness' collisions: 0.1390762688417149
new generation:  594
Fittest                      41.62974664467038
highest fitness' coverage:   42.99696499782182
highest fitness' collisions: 0.13672183531514406
new generation:  595
Fittest                      41.6931104661574
highest fitness' coverage:   43.01211017363278
highest fitness' collisions: 0.1318999707475381
new generation:  596
Fittest                      41.710708986613206
highest fitness' coverage:   43.046634199471995
highest fitness' collisions: 0.13359252128587898
new generation:  597
Fittest                      41.71439769901848
highest fitness' coverage:   43.05032291187727
highest fitness' collisions: 0.13359252128587903
new generation:  598
Fittest                      41.711411076026295
highest fitness' coverage:   43.047298709096985
highest fitness' collisions: 0.1335887633070693
new generation:  599
Fittest                      41.716969542501005
highest fitness' coverage:   43.052857175571695
highest fitness' collisions: 0.1335887633070693
new generation:  600
Fittest                      41.71743954042624
highest fitness' coverage:   43.05332717349693
highest fitness' collisions: 0.1335887633070692
new generation:  601
Fittest                      41.719518728387264
highest fitness' coverage:   43.055406361457955
highest fitness' collisions: 0.13358876330706929
new generation:  602
Fittest                      41.7039731366763
highest fitness' coverage:   43.03986076974699
highest fitness' collisions: 0.13358876330706934
new generation:  603
Fittest                      41.71766589974484
highest fitness' coverage:   43.05355353281553
highest fitness' collisions: 0.13358876330706926
new generation:  604
Fittest                      41.70228620155962
highest fitness' coverage:   43.04965501317535
highest fitness' collisions: 0.13473688116157248
new generation:  605
Fittest                      41.68625890934439
highest fitness' coverage:   43.03362772096011
highest fitness' collisions: 0.13473688116157234
new generation:  606
Fittest                      41.708952610164566
highest fitness' coverage:   43.052208524400896
highest fitness' collisions: 0.13432559142363332
new generation:  607
Fittest                      41.73110707598893
highest fitness' coverage:   43.07436299022527
highest fitness' collisions: 0.13432559142363337
new generation:  608
Fittest                      41.70591949657652
highest fitness' coverage:   43.05218040782764
highest fitness' collisions: 0.1346260911251122
new generation:  609
Fittest                      41.691933721619215
highest fitness' coverage:   43.05045894435686
highest fitness' collisions: 0.13585252227376457
new generation:  610
Fittest                      41.7191262069528
highest fitness' coverage:   43.07765142969045
highest fitness' collisions: 0.1358525222737648
new generation:  611
Fittest                      41.704298220283036
highest fitness' coverage:   43.05919266247298
highest fitness' collisions: 0.13548944421899445
new generation:  612
Fittest                      41.69226118193578
highest fitness' coverage:   43.037631743019
highest fitness' collisions: 0.13453705610832237
new generation:  613
Fittest                      41.70795479880542
highest fitness' coverage:   43.019698028678015
highest fitness' collisions: 0.13117432298725995
new generation:  614
Fittest                      41.7326180779887
highest fitness' coverage:   43.044361307861294
highest fitness' collisions: 0.13117432298725976
new generation:  615
Fittest                      41.720737662536685
highest fitness' coverage:   43.03248089240928
highest fitness' collisions: 0.13117432298725992
new generation:  616
Fittest                      41.72930494636167
highest fitness' coverage:   43.04104817623427
highest fitness' collisions: 0.1311743229872598
new generation:  617
Fittest                      41.75345139965098
highest fitness' coverage:   43.065194629523575
highest fitness' collisions: 0.13117432298725984
new generation:  618
Fittest                      41.75786207214197
highest fitness' coverage:   43.069605302014565
highest fitness' collisions: 0.13117432298725992
new generation:  619
Fittest                      41.729375535510414
highest fitness' coverage:   43.04111876538301
highest fitness' collisions: 0.1311743229872598
new generation:  620
Fittest                      41.719616827963435
highest fitness' coverage:   43.03136005783603
highest fitness' collisions: 0.13117432298725984
new generation:  621
Fittest                      41.716736894573835
highest fitness' coverage:   43.02848012444643
highest fitness' collisions: 0.13117432298725984
new generation:  622
Fittest                      41.7170922717908
highest fitness' coverage:   43.028835501663394
highest fitness' collisions: 0.13117432298725984
new generation:  623
Fittest                      41.70823304255003
highest fitness' coverage:   43.02600186828337
highest fitness' collisions: 0.1317768825733343
new generation:  624
Fittest                      41.7227274300416
highest fitness' coverage:   43.04049625577495
highest fitness' collisions: 0.13177688257333428
new generation:  625
Fittest                      41.71989903755468
highest fitness' coverage:   43.03766786328803
highest fitness' collisions: 0.1317768825733343
new generation:  626
Fittest                      41.74721906878407
highest fitness' coverage:   43.06498789451741
highest fitness' collisions: 0.13177688257333414
new generation:  627
Fittest                      41.71167481604934
highest fitness' coverage:   43.029443641782684
highest fitness' collisions: 0.13177688257333425
new generation:  628
Fittest                      41.72017096515454
highest fitness' coverage:   43.037939790887876
highest fitness' collisions: 0.13177688257333423
new generation:  629
Fittest                      41.726502156824
highest fitness' coverage:   43.044270982557336
highest fitness' collisions: 0.13177688257333417
new generation:  630
Fittest                      41.72327261695401
highest fitness' coverage:   43.04104144268735
highest fitness' collisions: 0.13177688257333417
new generation:  631
Fittest                      41.729342356400146
highest fitness' coverage:   43.047111182133484
highest fitness' collisions: 0.13177688257333417
new generation:  632
Fittest                      41.71645208500241
highest fitness' coverage:   43.03422091073575
highest fitness' collisions: 0.13177688257333417
new generation:  633
Fittest                      41.71956370492736
highest fitness' coverage:   43.0373325306607
highest fitness' collisions: 0.1317768825733342
new generation:  634
Fittest                      41.720061440215304
highest fitness' coverage:   43.03783026594865
highest fitness' collisions: 0.13177688257333425
new generation:  635
Fittest                      41.71929733795835
highest fitness' coverage:   43.0370661636917
highest fitness' collisions: 0.1317768825733343
new generation:  636
Fittest                      41.74461799714151
highest fitness' coverage:   43.06238682287485
highest fitness' collisions: 0.13177688257333411
new generation:  637
Fittest                      41.70422069772585
highest fitness' coverage:   43.028920879948714
highest fitness' collisions: 0.13247001822228632
new generation:  638
Fittest                      41.695003581548264
highest fitness' coverage:   43.019703763771126
highest fitness' collisions: 0.1324700182222864
new generation:  639
Fittest                      41.706713582302484
highest fitness' coverage:   43.03141376452535
highest fitness' collisions: 0.1324700182222865
new generation:  640
Fittest                      41.69145183359544
highest fitness' coverage:   43.0161520158183
highest fitness' collisions: 0.13247001822228646
new generation:  641
Fittest                      41.72653651136344
highest fitness' coverage:   43.0505934111574
highest fitness' collisions: 0.13240568997939586
new generation:  642
Fittest                      41.724244299316425
highest fitness' coverage:   43.079601637828986
highest fitness' collisions: 0.13553573385125614
new generation:  643
Fittest                      41.74224100249613
highest fitness' coverage:   43.12540480573005
highest fitness' collisions: 0.1383163803233923
new generation:  644
Fittest                      41.722938128987494
highest fitness' coverage:   43.10610193222142
highest fitness' collisions: 0.13831638032339238
new generation:  645
Fittest                      41.70173664623936
highest fitness' coverage:   43.08490044947329
highest fitness' collisions: 0.13831638032339238
new generation:  646
Fittest                      41.73629443221623
highest fitness' coverage:   43.10634780311745
highest fitness' collisions: 0.13700533709012175
new generation:  647
Fittest                      41.71464212038111
highest fitness' coverage:   43.084695491282325
highest fitness' collisions: 0.1370053370901219
new generation:  648
Fittest                      41.730054555784
highest fitness' coverage:   43.10010792668522
highest fitness' collisions: 0.13700533709012172
new generation:  649
Fittest                      41.71720903663466
highest fitness' coverage:   43.087262407535874
highest fitness' collisions: 0.1370053370901218
new generation:  650
Fittest                      41.72946783508144
highest fitness' coverage:   43.093901865515605
highest fitness' collisions: 0.13644340304341715
new generation:  651
Fittest                      41.7421414786139
highest fitness' coverage:   43.10657550904808
highest fitness' collisions: 0.13644340304341718
new generation:  652
Fittest                      41.73437261215744
highest fitness' coverage:   43.094129291178746
highest fitness' collisions: 0.13597566790212992
new generation:  653
Fittest                      41.74452622156493
highest fitness' coverage:   43.104282900586234
highest fitness' collisions: 0.1359756679021299
new generation:  654
Fittest                      41.738314322524076
highest fitness' coverage:   43.09807100154538
highest fitness' collisions: 0.13597566790212992
new generation:  655
Fittest                      41.71896259644633
highest fitness' coverage:   43.078719275467634
highest fitness' collisions: 0.13597566790212987
new generation:  656
Fittest                      41.74660955997249
highest fitness' coverage:   43.07855977427243
highest fitness' collisions: 0.1331950214299937
new generation:  657
Fittest                      41.75243651997667
highest fitness' coverage:   43.094047243066505
highest fitness' collisions: 0.13416107230898364
new generation:  658
Fittest                      41.77827762731556
highest fitness' coverage:   43.104015540016384
highest fitness' collisions: 0.13257379127008218
new generation:  659
Fittest                      41.7560603725637
highest fitness' coverage:   43.081798285264526
highest fitness' collisions: 0.13257379127008215
new generation:  660
Fittest                      41.7816499156213
highest fitness' coverage:   43.107387828322125
highest fitness' collisions: 0.13257379127008215
new generation:  661
Fittest                      41.750075893302295
highest fitness' coverage:   43.07581380600312
highest fitness' collisions: 0.1325737912700821
new generation:  662
Fittest                      41.7793163428236
highest fitness' coverage:   43.12516385941406
highest fitness' collisions: 0.13458475165904607
new generation:  663
Fittest                      41.75132803633487
highest fitness' coverage:   43.09717555292533
highest fitness' collisions: 0.13458475165904613
new generation:  664
Fittest                      41.72310500428221
highest fitness' coverage:   43.06895252087267
highest fitness' collisions: 0.1345847516590461
new generation:  665
Fittest                      41.7497924140946
highest fitness' coverage:   43.103780663803064
highest fitness' collisions: 0.13539882497084663
new generation:  666
Fittest                      41.77203778458745
highest fitness' coverage:   43.11994514773247
highest fitness' collisions: 0.13479073631450275
new generation:  667
Fittest                      41.74241265595852
highest fitness' coverage:   43.090320019103544
highest fitness' collisions: 0.13479073631450283
new generation:  668
Fittest                      41.747556192994516
highest fitness' coverage:   43.09546355613954
highest fitness' collisions: 0.13479073631450283
new generation:  669
Fittest                      41.74799089291529
highest fitness' coverage:   43.095898256060316
highest fitness' collisions: 0.13479073631450278
new generation:  670
Fittest                      41.73738622152436
highest fitness' coverage:   43.08265913945329
highest fitness' collisions: 0.13452729179289272
new generation:  671
Fittest                      41.746558051692276
highest fitness' coverage:   43.091830969621206
highest fitness' collisions: 0.13452729179289274
new generation:  672
Fittest                      41.749664489424624
highest fitness' coverage:   43.09493740735355
highest fitness' collisions: 0.13452729179289266
new generation:  673
Fittest                      41.75926724576655
highest fitness' coverage:   43.10454016369548
highest fitness' collisions: 0.13452729179289277
new generation:  674
Fittest                      41.72478596334409
highest fitness' coverage:   43.07005888127301
highest fitness' collisions: 0.1345272917928927
new generation:  675
Fittest                      41.76993305173173
highest fitness' coverage:   43.105545460870765
highest fitness' collisions: 0.1335612409139029
new generation:  676
Fittest                      41.757727050939984
highest fitness' coverage:   43.1413130966019
highest fitness' collisions: 0.13835860456619115
new generation:  677
Fittest                      41.74625776088295
highest fitness' coverage:   43.134521157957735
highest fitness' collisions: 0.1388263397074785
new generation:  678
Fittest                      41.74461848542939
highest fitness' coverage:   43.13288188250418
highest fitness' collisions: 0.13882633970747854
new generation:  679
Fittest                      41.73438143012737
highest fitness' coverage:   43.12264482720216
highest fitness' collisions: 0.13882633970747843
new generation:  680
Fittest                      41.72249677110727
highest fitness' coverage:   43.110760168182054
highest fitness' collisions: 0.1388263397074785
new generation:  681
Fittest                      41.73665347836728
highest fitness' coverage:   43.12491687544207
highest fitness' collisions: 0.13882633970747846
new generation:  682
Fittest                      41.7465520367073
highest fitness' coverage:   43.13481543378209
highest fitness' collisions: 0.1388263397074785
new generation:  683
Fittest                      41.755851169829995
highest fitness' coverage:   43.14411456690478
highest fitness' collisions: 0.13882633970747843
new generation:  684
Fittest                      41.7390270724931
highest fitness' coverage:   43.12293903713242
highest fitness' collisions: 0.13839119646393203
new generation:  685
Fittest                      41.75172614876225
highest fitness' coverage:   43.13563811340157
highest fitness' collisions: 0.13839119646393197
new generation:  686
Fittest                      41.73692192926553
highest fitness' coverage:   43.11694752282552
highest fitness' collisions: 0.1380025593559992
new generation:  687
Fittest                      41.7559405773836
highest fitness' coverage:   43.13596617094359
highest fitness' collisions: 0.13800255935599925
new generation:  688
Fittest                      41.739047912618396
highest fitness' coverage:   43.11382326405709
highest fitness' collisions: 0.13747753514386937
new generation:  689
Fittest                      41.75718397605179
highest fitness' coverage:   43.131959327490485
highest fitness' collisions: 0.1374775351438693
new generation:  690
Fittest                      41.78806191816333
highest fitness' coverage:   43.16283726960202
highest fitness' collisions: 0.13747753514386946
new generation:  691
Fittest                      41.781547715806035
highest fitness' coverage:   43.15632306724473
highest fitness' collisions: 0.1374775351438693
new generation:  692
Fittest                      41.76011856813898
highest fitness' coverage:   43.204165068641785
highest fitness' collisions: 0.14440465005028041
new generation:  693
Fittest                      41.74739050046609
highest fitness' coverage:   43.166112621058964
highest fitness' collisions: 0.14187221205928738
new generation:  694
Fittest                      41.767631458814165
highest fitness' coverage:   43.18635357940704
highest fitness' collisions: 0.14187221205928738
new generation:  695
Fittest                      41.7783149743734
highest fitness' coverage:   43.19703709496628
highest fitness' collisions: 0.1418722120592872
new generation:  696
Fittest                      41.7712159934164
highest fitness' coverage:   43.18993811400927
highest fitness' collisions: 0.14187221205928738
new generation:  697
Fittest                      41.7653327729683
highest fitness' coverage:   43.184054893561175
highest fitness' collisions: 0.1418722120592874
new generation:  698
Fittest                      41.79268553505274
highest fitness' coverage:   43.211407655645615
highest fitness' collisions: 0.14187221205928735
new generation:  699
Fittest                      41.76870775836891
highest fitness' coverage:   43.1842579815616
highest fitness' collisions: 0.14155502231926892
new generation:  700
Fittest                      41.782188529523594
highest fitness' coverage:   43.190751544577154
highest fitness' collisions: 0.14085630150535627
new generation:  701
Fittest                      41.782159612765426
highest fitness' coverage:   43.19072262781899
highest fitness' collisions: 0.14085630150535627
new generation:  702
Fittest                      41.804264291108005
highest fitness' coverage:   43.21282730616157
highest fitness' collisions: 0.1408563015053563
new generation:  703
Fittest                      41.80717278269363
highest fitness' coverage:   43.215735797747186
highest fitness' collisions: 0.14085630150535622
new generation:  704
Fittest                      41.78784182568954
highest fitness' coverage:   43.18664267933582
highest fitness' collisions: 0.13988008536462757
new generation:  705
Fittest                      41.81908093952183
highest fitness' coverage:   43.21788179316811
highest fitness' collisions: 0.13988008536462765
new generation:  706
Fittest                      41.78749563515495
highest fitness' coverage:   43.186296488801226
highest fitness' collisions: 0.13988008536462762
new generation:  707
Fittest                      41.787097115171605
highest fitness' coverage:   43.18589796881788
highest fitness' collisions: 0.13988008536462762
new generation:  708
Fittest                      41.79695792562673
highest fitness' coverage:   43.19575877927301
highest fitness' collisions: 0.13988008536462773
new generation:  709
Fittest                      41.794956107807714
highest fitness' coverage:   43.19375696145399
highest fitness' collisions: 0.1398800853646276
new generation:  710
Fittest                      41.769380213946604
highest fitness' coverage:   43.168181067592876
highest fitness' collisions: 0.13988008536462748
new generation:  711
Fittest                      41.79771352403537
highest fitness' coverage:   43.19651437768165
highest fitness' collisions: 0.1398800853646277
new generation:  712
Fittest                      41.7814176555764
highest fitness' coverage:   43.18021850922268
highest fitness' collisions: 0.1398800853646277
new generation:  713
Fittest                      41.79035719662468
highest fitness' coverage:   43.18998771237676
highest fitness' collisions: 0.13996305157520822
new generation:  714
Fittest                      41.783983041285694
highest fitness' coverage:   43.18361355703778
highest fitness' collisions: 0.1399630515752083
new generation:  715
Fittest                      41.79687712312055
highest fitness' coverage:   43.14616018665585
highest fitness' collisions: 0.1349283063535294
new generation:  716
Fittest                      41.8373948929633
highest fitness' coverage:   43.18878351876426
highest fitness' collisions: 0.13513886258009608
new generation:  717
Fittest                      41.85327190511407
highest fitness' coverage:   43.20466053091503
highest fitness' collisions: 0.1351388625800961
new generation:  718
Fittest                      41.84145870499285
highest fitness' coverage:   43.19284733079382
highest fitness' collisions: 0.13513886258009616
new generation:  719
Fittest                      41.86036668854675
highest fitness' coverage:   43.208276808921525
highest fitness' collisions: 0.13479101203747768
new generation:  720
Fittest                      41.8406306626575
highest fitness' coverage:   43.18281565167934
highest fitness' collisions: 0.13421849890218396
new generation:  721
Fittest                      41.85668189519139
highest fitness' coverage:   43.19886688421323
highest fitness' collisions: 0.1342184989021839
new generation:  722
Fittest                      41.85833401887477
highest fitness' coverage:   43.19613005963405
highest fitness' collisions: 0.13377960407592804
new generation:  723
Fittest                      41.85581585437217
highest fitness' coverage:   43.19624634034755
highest fitness' collisions: 0.1340430485975381
new generation:  724
Fittest                      41.85828566802488
highest fitness' coverage:   43.18645184251373
highest fitness' collisions: 0.13281661744888595
new generation:  725
Fittest                      41.87616210127563
highest fitness' coverage:   43.20432827576449
highest fitness' collisions: 0.13281661744888593
new generation:  726
Fittest                      41.898113444856214
highest fitness' coverage:   43.51303239601648
highest fitness' collisions: 0.16149189511602627
new generation:  727
Fittest                      41.8976956956415
highest fitness' coverage:   43.512614646801765
highest fitness' collisions: 0.16149189511602627
new generation:  728
Fittest                      41.924424650525324
highest fitness' coverage:   43.537802823099
highest fitness' collisions: 0.1613378172573676
new generation:  729
Fittest                      41.908055958217986
highest fitness' coverage:   43.509540315863056
highest fitness' collisions: 0.16014843576450713
new generation:  730
Fittest                      41.9235697549481
highest fitness' coverage:   43.52505411259317
highest fitness' collisions: 0.1601484357645072
new generation:  731
Fittest                      41.920010871016636
highest fitness' coverage:   43.521495228661706
highest fitness' collisions: 0.16014843576450735
new generation:  732
Fittest                      41.89379398806817
highest fitness' coverage:   43.49745157488092
highest fitness' collisions: 0.16036575868127528
new generation:  733
Fittest                      41.93637119421842
highest fitness' coverage:   43.54002878103117
highest fitness' collisions: 0.16036575868127526
new generation:  734
Fittest                      41.93471983432982
highest fitness' coverage:   43.53096431872956
highest fitness' collisions: 0.15962444843997425
new generation:  735
Fittest                      41.96091688014731
highest fitness' coverage:   43.55716136454705
highest fitness' collisions: 0.15962444843997428
new generation:  736
Fittest                      41.94463699084173
highest fitness' coverage:   43.54088147524147
highest fitness' collisions: 0.1596244484399743
new generation:  737
Fittest                      41.94786411281923
highest fitness' coverage:   43.54960431023184
highest fitness' collisions: 0.16017401974126116
new generation:  738
Fittest                      41.93281203072198
highest fitness' coverage:   43.534552228134594
highest fitness' collisions: 0.16017401974126108
new generation:  739
Fittest                      41.93857439050196
highest fitness' coverage:   43.54031458791457
highest fitness' collisions: 0.16017401974126114
new generation:  740
Fittest                      41.934786099552525
highest fitness' coverage:   43.537849889619416
highest fitness' collisions: 0.1603063790066889
new generation:  741
Fittest                      41.93565329963696
highest fitness' coverage:   43.528372648789336
highest fitness' collisions: 0.15927193491523742
new generation:  742
Fittest                      41.95385351767715
highest fitness' coverage:   43.54657286682953
highest fitness' collisions: 0.1592719349152375
new generation:  743
Fittest                      41.93549491721428
highest fitness' coverage:   43.52821426636665
highest fitness' collisions: 0.1592719349152375
new generation:  744
Fittest                      41.954715990834906
highest fitness' coverage:   43.54743533998728
highest fitness' collisions: 0.15927193491523753
new generation:  745
Fittest                      41.94783907516976
highest fitness' coverage:   43.549891158350164
highest fitness' collisions: 0.16020520831804044
new generation:  746
Fittest                      41.964141935541114
highest fitness' coverage:   43.56619401872152
highest fitness' collisions: 0.1602052083180405
new generation:  747
Fittest                      41.94463577939131
highest fitness' coverage:   43.546687862571716
highest fitness' collisions: 0.16020520831804053
new generation:  748
Fittest                      41.926364570764456
highest fitness' coverage:   43.52841665394486
highest fitness' collisions: 0.1602052083180405
new generation:  749
Fittest                      41.95397657906177
highest fitness' coverage:   43.55602866224217
highest fitness' collisions: 0.1602052083180406
new generation:  750
Fittest                      41.954527581986774
highest fitness' coverage:   43.55657966516718
highest fitness' collisions: 0.16020520831804066
new generation:  751
Fittest                      41.93518380298411
highest fitness' coverage:   43.53723588616452
highest fitness' collisions: 0.1602052083180405
new generation:  752
Fittest                      41.93296832195469
highest fitness' coverage:   43.53502040513509
highest fitness' collisions: 0.16020520831804042
new generation:  753
Fittest                      41.9596282826688
highest fitness' coverage:   43.561680365849206
highest fitness' collisions: 0.1602052083180405
new generation:  754
Fittest                      41.95093077064808
highest fitness' coverage:   43.55298285382848
highest fitness' collisions: 0.16020520831804055
new generation:  755
Fittest                      41.95676476584104
highest fitness' coverage:   43.55881684902144
highest fitness' collisions: 0.16020520831804055
new generation:  756
Fittest                      41.945389933436786
highest fitness' coverage:   43.54744201661719
highest fitness' collisions: 0.1602052083180405
new generation:  757
Fittest                      41.960380652040016
highest fitness' coverage:   43.56243273522042
highest fitness' collisions: 0.1602052083180405
new generation:  758
Fittest                      41.92889175585665
highest fitness' coverage:   43.53094383903705
highest fitness' collisions: 0.16020520831804053
new generation:  759
Fittest                      41.923769146135214
highest fitness' coverage:   43.527370347749766
highest fitness' collisions: 0.16036012016145518
new generation:  760
Fittest                      41.94712266517376
highest fitness' coverage:   43.55072386678831
highest fitness' collisions: 0.16036012016145507
new generation:  761
Fittest                      41.958067759481196
highest fitness' coverage:   43.52551787904479
highest fitness' collisions: 0.15674501195635954
new generation:  762
Fittest                      41.99054222665508
highest fitness' coverage:   43.53399280965118
highest fitness' collisions: 0.15434505829961007
new generation:  763
Fittest                      41.975303814696424
highest fitness' coverage:   43.51846599454221
highest fitness' collisions: 0.15431621798457873
new generation:  764
Fittest                      41.998336050115945
highest fitness' coverage:   43.54149822996173
highest fitness' collisions: 0.15431621798457873
new generation:  765
Fittest                      41.99417708085354
highest fitness' coverage:   43.537339260699326
highest fitness' collisions: 0.1543162179845787
new generation:  766
Fittest                      41.97594283435941
highest fitness' coverage:   43.519105014205195
highest fitness' collisions: 0.15431621798457884
new generation:  767
Fittest                      41.98207654089638
highest fitness' coverage:   43.525238720742166
highest fitness' collisions: 0.15431621798457879
new generation:  768
Fittest                      42.02513485527454
highest fitness' coverage:   43.56337084243211
highest fitness' collisions: 0.153823598715757
new generation:  769
Fittest                      41.99692177362163
highest fitness' coverage:   43.5351577607792
highest fitness' collisions: 0.15382359871575688
new generation:  770
Fittest                      41.99183154506835
highest fitness' coverage:   43.54306943746098
highest fitness' collisions: 0.15512378923926254
new generation:  771
Fittest                      41.986433177815734
highest fitness' coverage:   43.537671070208354
highest fitness' collisions: 0.1551237892392624
new generation:  772
Fittest                      41.9833269677024
highest fitness' coverage:   43.534564860095024
highest fitness' collisions: 0.1551237892392624
new generation:  773
Fittest                      41.99499851059673
highest fitness' coverage:   43.54623640298936
highest fitness' collisions: 0.15512378923926246
new generation:  774
Fittest                      41.961994893157446
highest fitness' coverage:   43.51589719640422
highest fitness' collisions: 0.1553902303246774
new generation:  775
Fittest                      41.968715416097304
highest fitness' coverage:   43.522617719344076
highest fitness' collisions: 0.15539023032467755
new generation:  776
Fittest                      41.970771364722665
highest fitness' coverage:   43.52467366796944
highest fitness' collisions: 0.15539023032467736
new generation:  777
Fittest                      41.96890832463222
highest fitness' coverage:   43.52281062787899
highest fitness' collisions: 0.15539023032467741
new generation:  778
Fittest                      41.955308671923504
highest fitness' coverage:   43.50893555229994
highest fitness' collisions: 0.15536268803764375
new generation:  779
Fittest                      41.98181160855441
highest fitness' coverage:   43.530975525115856
highest fitness' collisions: 0.15491639165614504
new generation:  780
Fittest                      41.98458675550402
highest fitness' coverage:   43.53375067206547
highest fitness' collisions: 0.15491639165614524
new generation:  781
Fittest                      41.9813986214209
highest fitness' coverage:   43.53056253798235
highest fitness' collisions: 0.15491639165614504
new generation:  782
Fittest                      41.98816798980581
highest fitness' coverage:   43.53733190636726
highest fitness' collisions: 0.154916391656145
new generation:  783
Fittest                      41.9944466936326
highest fitness' coverage:   43.54361061019405
highest fitness' collisions: 0.1549163916561451
new generation:  784
Fittest                      42.006749281569455
highest fitness' coverage:   43.55591319813091
highest fitness' collisions: 0.15491639165614524
new generation:  785
Fittest                      41.99709709573514
highest fitness' coverage:   43.5462610122966
highest fitness' collisions: 0.15491639165614518
new generation:  786
Fittest                      41.972034677577305
highest fitness' coverage:   43.52119859413876
highest fitness' collisions: 0.1549163916561451
new generation:  787
Fittest                      41.98567841657395
highest fitness' coverage:   43.542362524441266
highest fitness' collisions: 0.15566841078673227
new generation:  788
Fittest                      42.00442951307522
highest fitness' coverage:   43.56111362094255
highest fitness' collisions: 0.1556684107867323
new generation:  789
Fittest                      41.967894283575106
highest fitness' coverage:   43.52457839144243
highest fitness' collisions: 0.1556684107867325
new generation:  790
Fittest                      41.99840168584998
highest fitness' coverage:   43.5550857937173
highest fitness' collisions: 0.15566841078673238
new generation:  791
Fittest                      41.980185917595115
highest fitness' coverage:   43.53687002546244
highest fitness' collisions: 0.15566841078673238
new generation:  792
Fittest                      41.97711685111756
highest fitness' coverage:   43.533800958984884
highest fitness' collisions: 0.15566841078673238
new generation:  793
Fittest                      41.97420976419184
highest fitness' coverage:   43.53089387205917
highest fitness' collisions: 0.1556684107867324
new generation:  794
Fittest                      41.97713630738565
highest fitness' coverage:   43.533820415252976
highest fitness' collisions: 0.15566841078673258
new generation:  795
Fittest                      41.99875599015697
highest fitness' coverage:   43.5554400980243
highest fitness' collisions: 0.15566841078673235
new generation:  796
Fittest                      41.98183478031296
highest fitness' coverage:   43.53943767553237
highest fitness' collisions: 0.15576028952194135
new generation:  797
Fittest                      42.00746775858438
highest fitness' coverage:   43.5650706538038
highest fitness' collisions: 0.1557602895219415
new generation:  798
Fittest                      41.985690484674755
highest fitness' coverage:   43.54329337989417
highest fitness' collisions: 0.1557602895219416
new generation:  799
Fittest                      41.98541498416001
highest fitness' coverage:   43.54922094656794
highest fitness' collisions: 0.15638059624079337
new generation:  800
Fittest                      41.97632888506192
highest fitness' coverage:   43.54013484746985
highest fitness' collisions: 0.1563805962407934
new generation:  801
Fittest                      41.96012204526154
highest fitness' coverage:   43.523928007669475
highest fitness' collisions: 0.15638059624079334
new generation:  802
Fittest                      41.97188786511327
highest fitness' coverage:   43.5356938275212
highest fitness' collisions: 0.1563805962407934
new generation:  803
Fittest                      41.97320240776632
highest fitness' coverage:   43.534609537255236
highest fitness' collisions: 0.1561407129488914
new generation:  804
Fittest                      41.979027555998975
highest fitness' coverage:   43.54043468548789
highest fitness' collisions: 0.15614071294889134
new generation:  805
Fittest                      42.00309871174074
highest fitness' coverage:   43.56450584122965
highest fitness' collisions: 0.1561407129488915
new generation:  806
Fittest                      41.99147158516218
highest fitness' coverage:   43.552878714651094
highest fitness' collisions: 0.15614071294889142
new generation:  807
Fittest                      41.969394368078895
highest fitness' coverage:   43.53080149756781
highest fitness' collisions: 0.15614071294889142
new generation:  808
Fittest                      41.978676080570665
highest fitness' coverage:   43.54008321005958
highest fitness' collisions: 0.15614071294889156
new generation:  809
Fittest                      42.01295094930268
highest fitness' coverage:   43.57435807879159
highest fitness' collisions: 0.15614071294889142
new generation:  810
Fittest                      41.995122751182336
highest fitness' coverage:   43.55652988067125
highest fitness' collisions: 0.15614071294889142
new generation:  811
Fittest                      41.97367651219403
highest fitness' coverage:   43.52754415839603
highest fitness' collisions: 0.15538676462020007
new generation:  812
Fittest                      41.98890745943835
highest fitness' coverage:   43.54277510564035
highest fitness' collisions: 0.1553867646202002
new generation:  813
Fittest                      41.99391371135824
highest fitness' coverage:   43.55285915287571
highest fitness' collisions: 0.15589454415174703
new generation:  814
Fittest                      41.98698343031343
highest fitness' coverage:   43.53147447412344
highest fitness' collisions: 0.15444910438100104
new generation:  815
Fittest                      41.98453096063121
highest fitness' coverage:   43.52394420912575
highest fitness' collisions: 0.15394132484945422
new generation:  816
Fittest                      41.99486753468975
highest fitness' coverage:   43.53428078318429
highest fitness' collisions: 0.1539413248494542
new generation:  817
Fittest                      41.982752089167235
highest fitness' coverage:   43.522165337661775
highest fitness' collisions: 0.15394132484945416
new generation:  818
Fittest                      42.01352261729549
highest fitness' coverage:   43.55293586579004
highest fitness' collisions: 0.1539413248494544
new generation:  819
Fittest                      42.003448195971124
highest fitness' coverage:   43.542861444465665
highest fitness' collisions: 0.1539413248494542
new generation:  820
Fittest                      41.995966831472806
highest fitness' coverage:   43.52725928772314
highest fitness' collisions: 0.15312924562503372
new generation:  821
Fittest                      42.03058955066967
highest fitness' coverage:   43.56188200692
highest fitness' collisions: 0.15312924562503374
new generation:  822
Fittest                      42.023930891797484
highest fitness' coverage:   43.55285910132416
highest fitness' collisions: 0.15289282095266735
new generation:  823
Fittest                      42.01945704234136
highest fitness' coverage:   43.52402667139516
highest fitness' collisions: 0.15045696290538046
new generation:  824
Fittest                      42.03809146305249
highest fitness' coverage:   43.54266109210629
highest fitness' collisions: 0.1504569629053804
new generation:  825
Fittest                      42.0476412407553
highest fitness' coverage:   43.552867678370376
highest fitness' collisions: 0.15052264376150787
new generation:  826
Fittest                      42.03477757408442
highest fitness' coverage:   43.5400040116995
highest fitness' collisions: 0.15052264376150787
new generation:  827
Fittest                      42.050510688276304
highest fitness' coverage:   43.55573712589138
highest fitness' collisions: 0.15052264376150795
new generation:  828
Fittest                      42.060356044715505
highest fitness' coverage:   43.56558248233058
highest fitness' collisions: 0.1505226437615079
new generation:  829
Fittest                      42.054442992066946
highest fitness' coverage:   43.559669429682025
highest fitness' collisions: 0.15052264376150795
new generation:  830
Fittest                      42.03948621636362
highest fitness' coverage:   43.5447126539787
highest fitness' collisions: 0.15052264376150784
new generation:  831
Fittest                      42.047559086455514
highest fitness' coverage:   43.55278552407059
highest fitness' collisions: 0.1505226437615079
new generation:  832
Fittest                      42.0452661129861
highest fitness' coverage:   43.55049255060118
highest fitness' collisions: 0.15052264376150792
new generation:  833
Fittest                      42.05823424748912
highest fitness' coverage:   43.56847255744047
highest fitness' collisions: 0.1510238309951353
new generation:  834
Fittest                      42.04901042347914
highest fitness' coverage:   43.559248733430486
highest fitness' collisions: 0.15102383099513506
new generation:  835
Fittest                      42.03636954929277
highest fitness' coverage:   43.55263345510487
highest fitness' collisions: 0.15162639058120952
new generation:  836
Fittest                      42.037554419802106
highest fitness' coverage:   43.5538183256142
highest fitness' collisions: 0.15162639058120944
new generation:  837
Fittest                      42.03063882121343
highest fitness' coverage:   43.546902727025525
highest fitness' collisions: 0.1516263905812094
new generation:  838
Fittest                      42.050549029648955
highest fitness' coverage:   43.560609868272536
highest fitness' collisions: 0.15100608386235773
new generation:  839
Fittest                      42.04088102427824
highest fitness' coverage:   43.550941862901816
highest fitness' collisions: 0.1510060838623575
new generation:  840
Fittest                      42.03982122403765
highest fitness' coverage:   43.549882062661226
highest fitness' collisions: 0.15100608386235764
new generation:  841
Fittest                      42.08032905851176
highest fitness' coverage:   43.59038989713533
highest fitness' collisions: 0.15100608386235762
new generation:  842
Fittest                      42.05339098286956
highest fitness' coverage:   43.56345182149313
highest fitness' collisions: 0.15100608386235762
new generation:  843
Fittest                      42.034761534148245
highest fitness' coverage:   43.54421981318575
highest fitness' collisions: 0.15094582790375022
new generation:  844
Fittest                      42.051256202633205
highest fitness' coverage:   43.560389618480144
highest fitness' collisions: 0.15091334158469377
new generation:  845
Fittest                      42.0656165814739
highest fitness' coverage:   43.574749997320836
highest fitness' collisions: 0.15091334158469377
new generation:  846
Fittest                      42.05020255655718
highest fitness' coverage:   43.55933597240412
highest fitness' collisions: 0.15091334158469388
new generation:  847
Fittest                      42.065432206502166
highest fitness' coverage:   43.580782235657175
highest fitness' collisions: 0.15153500291550115
new generation:  848
Fittest                      42.03728168484272
highest fitness' coverage:   43.552631713997734
highest fitness' collisions: 0.15153500291550134
new generation:  849
Fittest                      42.048208369169075
highest fitness' coverage:   43.566358961979155
highest fitness' collisions: 0.15181505928100775
new generation:  850
Fittest                      42.02650740444318
highest fitness' coverage:   43.54465799725326
highest fitness' collisions: 0.1518150592810079
new generation:  851
Fittest                      42.051895151092964
highest fitness' coverage:   43.55933055085067
highest fitness' collisions: 0.15074353997577009
new generation:  852
Fittest                      42.05991339419391
highest fitness' coverage:   43.503015860391194
highest fitness' collisions: 0.14431024661972788
new generation:  853
Fittest                      42.104936802483884
highest fitness' coverage:   43.53518611353928
highest fitness' collisions: 0.14302493110554007
new generation:  854
Fittest                      42.1236675824803
highest fitness' coverage:   43.5539168935357
highest fitness' collisions: 0.14302493110554007
new generation:  855
Fittest                      42.129838395852836
highest fitness' coverage:   43.560087706908234
highest fitness' collisions: 0.14302493110553996
new generation:  856
Fittest                      42.1278398435595
highest fitness' coverage:   43.55999632331662
highest fitness' collisions: 0.14321564797571187
new generation:  857
Fittest                      42.1178391362376
highest fitness' coverage:   43.54999561599472
highest fitness' collisions: 0.14321564797571185
new generation:  858
Fittest                      42.099993389180405
highest fitness' coverage:   43.53214986893752
highest fitness' collisions: 0.14321564797571187
new generation:  859
Fittest                      42.118027915646856
highest fitness' coverage:   43.550184395403974
highest fitness' collisions: 0.14321564797571185
new generation:  860
Fittest                      42.12692186771371
highest fitness' coverage:   43.55907834747083
highest fitness' collisions: 0.14321564797571187
new generation:  861
Fittest                      42.136783898779264
highest fitness' coverage:   43.56894037853638
highest fitness' collisions: 0.14321564797571193
new generation:  862
Fittest                      42.13713930741175
highest fitness' coverage:   43.56929578716887
highest fitness' collisions: 0.14321564797571187
new generation:  863
Fittest                      42.13214876747732
highest fitness' coverage:   43.565750687005185
highest fitness' collisions: 0.14336019195278643
new generation:  864
Fittest                      42.14747186936597
highest fitness' coverage:   43.56553856058821
highest fitness' collisions: 0.14180666912222398
new generation:  865
Fittest                      42.1348594444902
highest fitness' coverage:   43.55292613571244
highest fitness' collisions: 0.1418066691222239
new generation:  866
Fittest                      42.144110651795636
highest fitness' coverage:   43.56217734301787
highest fitness' collisions: 0.14180666912222384
new generation:  867
Fittest                      42.147416196192545
highest fitness' coverage:   43.56548288741478
highest fitness' collisions: 0.14180666912222392
new generation:  868
Fittest                      42.142076505738096
highest fitness' coverage:   43.56014319696033
highest fitness' collisions: 0.1418066691222239
new generation:  869
Fittest                      42.12867259038058
highest fitness' coverage:   43.54673928160282
highest fitness' collisions: 0.14180666912222395
new generation:  870
Fittest                      42.13322151536777
highest fitness' coverage:   43.52245666790449
highest fitness' collisions: 0.13892351525367205
new generation:  871
Fittest                      42.14228246568491
highest fitness' coverage:   43.53151761822163
highest fitness' collisions: 0.13892351525367203
new generation:  872
Fittest                      42.158578068087586
highest fitness' coverage:   43.547813220624306
highest fitness' collisions: 0.13892351525367197
new generation:  873
Fittest                      42.188289344755745
highest fitness' coverage:   43.57781685835047
highest fitness' collisions: 0.13895275135947227
new generation:  874
Fittest                      42.1698251780491
highest fitness' coverage:   43.559352691643824
highest fitness' collisions: 0.13895275135947224
new generation:  875
Fittest                      42.17490673468487
highest fitness' coverage:   43.56443424827959
highest fitness' collisions: 0.1389527513594723
new generation:  876
Fittest                      42.16329560648781
highest fitness' coverage:   43.55282312008253
highest fitness' collisions: 0.13895275135947233
new generation:  877
Fittest                      42.154298433998406
highest fitness' coverage:   43.54382594759313
highest fitness' collisions: 0.1389527513594723
new generation:  878
Fittest                      42.16581626968657
highest fitness' coverage:   43.555343783281295
highest fitness' collisions: 0.13895275135947238
new generation:  879
Fittest                      42.18464926654444
highest fitness' coverage:   43.57417678013916
highest fitness' collisions: 0.13895275135947233
new generation:  880
Fittest                      42.17264435044678
highest fitness' coverage:   43.5621718640415
highest fitness' collisions: 0.13895275135947224
new generation:  881
Fittest                      42.18409232990996
highest fitness' coverage:   43.57361984350468
highest fitness' collisions: 0.13895275135947222
new generation:  882
Fittest                      42.156544055020525
highest fitness' coverage:   43.54061802952103
highest fitness' collisions: 0.13840739745005004
new generation:  883
Fittest                      42.185917112087076
highest fitness' coverage:   43.58156502079417
highest fitness' collisions: 0.13956479087070983
new generation:  884
Fittest                      42.207033813220946
highest fitness' coverage:   43.60268172192804
highest fitness' collisions: 0.1395647908707099
new generation:  885
Fittest                      42.17314000892729
highest fitness' coverage:   43.56878791763439
highest fitness' collisions: 0.13956479087070997
new generation:  886
Fittest                      42.18202948484704
highest fitness' coverage:   43.57767739355414
highest fitness' collisions: 0.13956479087070991
new generation:  887
Fittest                      42.18423594890921
highest fitness' coverage:   43.590599050668686
highest fitness' collisions: 0.14063631017594752
new generation:  888
Fittest                      42.17281265839143
highest fitness' coverage:   43.58154000687457
highest fitness' collisions: 0.14087273484831384
new generation:  889
Fittest                      42.176063061661246
highest fitness' coverage:   43.584790410144386
highest fitness' collisions: 0.14087273484831378
new generation:  890
Fittest                      42.16945140677199
highest fitness' coverage:   43.57215315939438
highest fitness' collisions: 0.14027017526223948
new generation:  891
Fittest                      42.18870446226768
highest fitness' coverage:   43.59140621489007
highest fitness' collisions: 0.14027017526223942
new generation:  892
Fittest                      42.1687803605879
highest fitness' coverage:   43.594082708906484
highest fitness' collisions: 0.14253023483185837
new generation:  893
Fittest                      42.20736282798447
highest fitness' coverage:   43.59361967684176
highest fitness' collisions: 0.13862568488572957
new generation:  894
Fittest                      42.18926519611295
highest fitness' coverage:   43.584602429450406
highest fitness' collisions: 0.13953372333374545
new generation:  895
Fittest                      42.17972431949695
highest fitness' coverage:   43.575061552834406
highest fitness' collisions: 0.13953372333374547
new generation:  896
Fittest                      42.19923854686826
highest fitness' coverage:   43.590621513010156
highest fitness' collisions: 0.13913829661419
new generation:  897
Fittest                      42.18715168918763
highest fitness' coverage:   43.57853465532953
highest fitness' collisions: 0.13913829661418986
new generation:  898
Fittest                      42.20211253296437
highest fitness' coverage:   43.59924989847964
highest fitness' collisions: 0.1397137365515271
new generation:  899
Fittest                      42.191208905245915
highest fitness' coverage:   43.588346270761186
highest fitness' collisions: 0.13971373655152705
new generation:  900
Fittest                      42.20214247484369
highest fitness' coverage:   43.57734246263928
highest fitness' collisions: 0.13751999877955898
new generation:  901
Fittest                      42.1748934170364
highest fitness' coverage:   43.55009340483199
highest fitness' collisions: 0.13751999877955906
new generation:  902
Fittest                      42.2179625237955
highest fitness' coverage:   43.639835189353576
highest fitness' collisions: 0.14218726655580768
new generation:  903
Fittest                      42.25985786686681
highest fitness' coverage:   43.681730532424886
highest fitness' collisions: 0.14218726655580768
new generation:  904
Fittest                      42.250555680820774
highest fitness' coverage:   43.674013239571316
highest fitness' collisions: 0.1423457558750539
new generation:  905
Fittest                      42.2873714019744
highest fitness' coverage:   43.75063075381058
highest fitness' collisions: 0.14632593518361883
new generation:  906
Fittest                      42.260868236854776
highest fitness' coverage:   43.72180023767845
highest fitness' collisions: 0.14609320008236779
new generation:  907
Fittest                      42.27725756793714
highest fitness' coverage:   43.66886823309276
highest fitness' collisions: 0.13916106651556195
new generation:  908
Fittest                      42.31674946893585
highest fitness' coverage:   43.70836013409147
highest fitness' collisions: 0.13916106651556198
new generation:  909
Fittest                      42.34163010491223
highest fitness' coverage:   43.733240770067844
highest fitness' collisions: 0.13916106651556198
new generation:  910
Fittest                      42.327109851434855
highest fitness' coverage:   43.71872051659047
highest fitness' collisions: 0.13916106651556204
new generation:  911
Fittest                      42.33548950468613
highest fitness' coverage:   43.72134577046838
highest fitness' collisions: 0.13858562657822487
new generation:  912
Fittest                      42.34108959161061
highest fitness' coverage:   43.72694585739286
highest fitness' collisions: 0.13858562657822487
new generation:  913
Fittest                      42.34132419983837
highest fitness' coverage:   43.72718046562061
highest fitness' collisions: 0.1385856265782248
new generation:  914
Fittest                      42.35116047961279
highest fitness' coverage:   43.73701674539504
highest fitness' collisions: 0.13858562657822487
new generation:  915
Fittest                      42.32597369895981
highest fitness' coverage:   43.71182996474206
highest fitness' collisions: 0.13858562657822485
new generation:  916
Fittest                      42.32634926271464
highest fitness' coverage:   43.71202355841103
highest fitness' collisions: 0.1385674295696387
new generation:  917
Fittest                      42.341729151468435
highest fitness' coverage:   43.727403447164825
highest fitness' collisions: 0.13856742956963877
new generation:  918
Fittest                      42.32576399543123
highest fitness' coverage:   43.71143829112762
highest fitness' collisions: 0.1385674295696387
new generation:  919
Fittest                      42.31734342536504
highest fitness' coverage:   43.70301772106143
highest fitness' collisions: 0.1385674295696388
new generation:  920
Fittest                      42.31117844342948
highest fitness' coverage:   43.705622646302054
highest fitness' collisions: 0.1394444202872568
new generation:  921
Fittest                      42.32431357798871
highest fitness' coverage:   43.71875778086128
highest fitness' collisions: 0.13944442028725676
new generation:  922
Fittest                      42.30432372887995
highest fitness' coverage:   43.69876793175252
highest fitness' collisions: 0.13944442028725668
new generation:  923
Fittest                      42.335428600210655
highest fitness' coverage:   43.729872803083225
highest fitness' collisions: 0.13944442028725673
new generation:  924
Fittest                      42.332477116851244
highest fitness' coverage:   43.726921319723814
highest fitness' collisions: 0.13944442028725682
new generation:  925
Fittest                      42.319429061218294
highest fitness' coverage:   43.685422384889364
highest fitness' collisions: 0.13659933236710683
new generation:  926
Fittest                      42.35363030686005
highest fitness' coverage:   43.71962363053112
highest fitness' collisions: 0.13659933236710683
new generation:  927
Fittest                      42.33496428757746
highest fitness' coverage:   43.70095761124853
highest fitness' collisions: 0.13659933236710672
new generation:  928
Fittest                      42.3329673725646
highest fitness' coverage:   43.69896069623567
highest fitness' collisions: 0.13659933236710675
new generation:  929
Fittest                      42.331787651304616
highest fitness' coverage:   43.69778097497568
highest fitness' collisions: 0.1365993323671066
new generation:  930
Fittest                      42.323488734698905
highest fitness' coverage:   43.689482058369975
highest fitness' collisions: 0.13659933236710667
new generation:  931
Fittest                      42.33464764012408
highest fitness' coverage:   43.70064096379515
highest fitness' collisions: 0.1365993323671067
new generation:  932
Fittest                      42.338590804558216
highest fitness' coverage:   43.70458412822928
highest fitness' collisions: 0.13659933236710656
new generation:  933
Fittest                      42.3258777216646
highest fitness' coverage:   43.69187104533567
highest fitness' collisions: 0.13659933236710678
new generation:  934
Fittest                      42.35657027699226
highest fitness' coverage:   43.72256360066333
highest fitness' collisions: 0.13659933236710675
new generation:  935
Fittest                      42.34430917879952
highest fitness' coverage:   43.71030250247059
highest fitness' collisions: 0.13659933236710678
new generation:  936
Fittest                      42.341054195174436
highest fitness' coverage:   43.707047518845506
highest fitness' collisions: 0.13659933236710678
new generation:  937
Fittest                      42.3408906749235
highest fitness' coverage:   43.70688399859457
highest fitness' collisions: 0.1365993323671067
new generation:  938
Fittest                      42.363557666055684
highest fitness' coverage:   43.729550989726754
highest fitness' collisions: 0.1365993323671067
new generation:  939
Fittest                      42.34786245537032
highest fitness' coverage:   43.71385577904139
highest fitness' collisions: 0.13659933236710675
new generation:  940
Fittest                      42.32942331649974
highest fitness' coverage:   43.69541664017081
highest fitness' collisions: 0.1365993323671068
new generation:  941
Fittest                      42.34433526985664
highest fitness' coverage:   43.71032859352771
highest fitness' collisions: 0.13659933236710675
new generation:  942
Fittest                      42.33141666132794
highest fitness' coverage:   43.69740998499901
highest fitness' collisions: 0.13659933236710678
new generation:  943
Fittest                      42.32924767158903
highest fitness' coverage:   43.6952409952601
highest fitness' collisions: 0.13659933236710678
new generation:  944
Fittest                      42.3417633357062
highest fitness' coverage:   43.70775665937727
highest fitness' collisions: 0.13659933236710678
new generation:  945
Fittest                      42.3389714244553
highest fitness' coverage:   43.70496474812637
highest fitness' collisions: 0.13659933236710675
new generation:  946
Fittest                      42.34743171822466
highest fitness' coverage:   43.71342504189573
highest fitness' collisions: 0.13659933236710675
new generation:  947
Fittest                      42.348143099181826
highest fitness' coverage:   43.71413642285289
highest fitness' collisions: 0.13659933236710664
new generation:  948
Fittest                      42.33242767350224
highest fitness' coverage:   43.69842099717331
highest fitness' collisions: 0.13659933236710667
new generation:  949
Fittest                      42.34970288547507
highest fitness' coverage:   43.720161030795666
highest fitness' collisions: 0.13704581453205963
new generation:  950
Fittest                      42.31593667818717
highest fitness' coverage:   43.68639482350777
highest fitness' collisions: 0.13704581453205947
new generation:  951
Fittest                      42.334025018634314
highest fitness' coverage:   43.70448316395491
highest fitness' collisions: 0.13704581453205947
new generation:  952
Fittest                      42.343296268756674
highest fitness' coverage:   43.71375441407727
highest fitness' collisions: 0.1370458145320596
new generation:  953
Fittest                      42.337277335529656
highest fitness' coverage:   43.70773548085025
highest fitness' collisions: 0.13704581453205963
new generation:  954
Fittest                      42.33943372724512
highest fitness' coverage:   43.70989187256572
highest fitness' collisions: 0.13704581453205958
new generation:  955
Fittest                      42.34304069607382
highest fitness' coverage:   43.753676333203764
highest fitness' collisions: 0.14106356371299442
new generation:  956
Fittest                      42.32485939555705
highest fitness' coverage:   43.73549503268699
highest fitness' collisions: 0.14106356371299436
new generation:  957
Fittest                      42.32392065863109
highest fitness' coverage:   43.73535062399576
highest fitness' collisions: 0.14114299653646686
new generation:  958
Fittest                      42.327486803896
highest fitness' coverage:   43.73891676926067
highest fitness' collisions: 0.1411429965364668
new generation:  959
Fittest                      42.320036178278336
highest fitness' coverage:   43.731466143643004
highest fitness' collisions: 0.14114299653646692
new generation:  960
Fittest                      42.3362135880839
highest fitness' coverage:   43.74737235696119
highest fitness' collisions: 0.14111587688772956
new generation:  961
Fittest                      42.338216230287024
highest fitness' coverage:   43.70529076221857
highest fitness' collisions: 0.1367074531931545
new generation:  962
Fittest                      42.318917589427876
highest fitness' coverage:   43.68599212135942
highest fitness' collisions: 0.13670745319315428
new generation:  963
Fittest                      42.353014212482414
highest fitness' coverage:   43.72008874441396
highest fitness' collisions: 0.1367074531931544
new generation:  964
Fittest                      42.35349740336464
highest fitness' coverage:   43.720571935296185
highest fitness' collisions: 0.13670745319315444
new generation:  965
Fittest                      42.32498891955569
highest fitness' coverage:   43.692063451487236
highest fitness' collisions: 0.13670745319315444
new generation:  966
Fittest                      42.334460226242626
highest fitness' coverage:   43.70153475817417
highest fitness' collisions: 0.13670745319315436
new generation:  967
Fittest                      42.3283052161266
highest fitness' coverage:   43.695379748058144
highest fitness' collisions: 0.1367074531931543
new generation:  968
Fittest                      42.31595299325658
highest fitness' coverage:   43.68302752518812
highest fitness' collisions: 0.13670745319315436
new generation:  969
Fittest                      42.32572907107155
highest fitness' coverage:   43.69280360300309
highest fitness' collisions: 0.13670745319315442
new generation:  970
Fittest                      42.30643934057762
highest fitness' coverage:   43.67351387250916
highest fitness' collisions: 0.13670745319315455
new generation:  971
Fittest                      42.306267397476056
highest fitness' coverage:   43.6733419294076
highest fitness' collisions: 0.13670745319315436
new generation:  972
Fittest                      42.30940544735876
highest fitness' coverage:   43.676479979290306
highest fitness' collisions: 0.13670745319315447
new generation:  973
Fittest                      42.33168155934461
highest fitness' coverage:   43.69875609127615
highest fitness' collisions: 0.13670745319315442
new generation:  974
Fittest                      42.323312117987854
highest fitness' coverage:   43.69221654811174
highest fitness' collisions: 0.13689044301238817
new generation:  975
Fittest                      42.34236602784146
highest fitness' coverage:   43.71127045796534
highest fitness' collisions: 0.1368904430123881
new generation:  976
Fittest                      42.345240039914614
highest fitness' coverage:   43.7141444700385
highest fitness' collisions: 0.1368904430123881
new generation:  977
Fittest                      42.34524320194692
highest fitness' coverage:   43.714147632070805
highest fitness' collisions: 0.13689044301238823
new generation:  978
Fittest                      42.317261869948986
highest fitness' coverage:   43.68616630007287
highest fitness' collisions: 0.13689044301238815
new generation:  979
Fittest                      42.32970389823482
highest fitness' coverage:   43.6986083283587
highest fitness' collisions: 0.13689044301238823
new generation:  980
Fittest                      42.351474222944475
highest fitness' coverage:   43.72037865306836
highest fitness' collisions: 0.1368904430123882
new generation:  981
Fittest                      42.34640477027674
highest fitness' coverage:   43.708435778531275
highest fitness' collisions: 0.1362031008254536
new generation:  982
Fittest                      42.33509499869924
highest fitness' coverage:   43.71379847907929
highest fitness' collisions: 0.13787034803800466
new generation:  983
Fittest                      42.338596869439904
highest fitness' coverage:   43.71730034981995
highest fitness' collisions: 0.13787034803800452
new generation:  984
Fittest                      42.33540218272025
highest fitness' coverage:   43.710866348255486
highest fitness' collisions: 0.1375464165535236
new generation:  985
Fittest                      42.34798454426458
highest fitness' coverage:   43.72344870979981
highest fitness' collisions: 0.13754641655352356
new generation:  986
Fittest                      42.31349943284876
highest fitness' coverage:   43.68896359838399
highest fitness' collisions: 0.13754641655352356
new generation:  987
Fittest                      42.33863381388098
highest fitness' coverage:   43.714097979416216
highest fitness' collisions: 0.1375464165535236
new generation:  988
Fittest                      42.33243811728015
highest fitness' coverage:   43.70790228281538
highest fitness' collisions: 0.13754641655352345
new generation:  989
Fittest                      42.35094646072345
highest fitness' coverage:   43.726410626258684
highest fitness' collisions: 0.1375464165535236
new generation:  990
Fittest                      42.34166591080351
highest fitness' coverage:   43.71713007633875
highest fitness' collisions: 0.13754641655352345
new generation:  991
Fittest                      42.33834931394804
highest fitness' coverage:   43.707447248223126
highest fitness' collisions: 0.13690979342750906
new generation:  992
Fittest                      42.341224541584296
highest fitness' coverage:   43.710322475859385
highest fitness' collisions: 0.1369097934275091
new generation:  993
Fittest                      42.35366717831925
highest fitness' coverage:   43.72276511259434
highest fitness' collisions: 0.1369097934275091
new generation:  994
Fittest                      42.33786211970946
highest fitness' coverage:   43.70696005398455
highest fitness' collisions: 0.13690979342750917
new generation:  995
Fittest                      42.338152812648154
highest fitness' coverage:   43.70725074692325
highest fitness' collisions: 0.1369097934275093
new generation:  996
Fittest                      42.35368370247527
highest fitness' coverage:   43.72278163675036
highest fitness' collisions: 0.13690979342750914
new generation:  997
Fittest                      42.347322404067576
highest fitness' coverage:   43.718758964511736
highest fitness' collisions: 0.13714365604441583
new generation:  998
Fittest                      42.350396806374015
highest fitness' coverage:   43.721833366818174
highest fitness' collisions: 0.13714365604441578
new generation:  999
Fittest                      42.368802509949745
highest fitness' coverage:   43.740239070393905
highest fitness' collisions: 0.1371436560444158
new generation:  1000
Fittest                      42.35939935717241
highest fitness' coverage:   43.73083591761657
highest fitness' collisions: 0.13714365604441583
new generation:  1001
Fittest                      42.39355852806239
highest fitness' coverage:   43.76499508850655
highest fitness' collisions: 0.13714365604441583
new generation:  1002
Fittest                      42.35363028796151
highest fitness' coverage:   43.72506684840567
highest fitness' collisions: 0.1371436560444158
new generation:  1003
Fittest                      42.37446283767752
highest fitness' coverage:   43.740916023300144
highest fitness' collisions: 0.13664531856226234
new generation:  1004
Fittest                      42.42373643318513
highest fitness' coverage:   43.79018961880775
highest fitness' collisions: 0.13664531856226234
new generation:  1005
Fittest                      42.41667387839933
highest fitness' coverage:   43.77192755239675
highest fitness' collisions: 0.13552536739974183
new generation:  1006
Fittest                      42.447421342378206
highest fitness' coverage:   43.80267501637562
highest fitness' collisions: 0.1355253673997419
new generation:  1007
Fittest                      42.42591546796105
highest fitness' coverage:   43.781169141958465
highest fitness' collisions: 0.13552536739974194
new generation:  1008
Fittest                      42.404264693165224
highest fitness' coverage:   43.75951836716264
highest fitness' collisions: 0.13552536739974197
new generation:  1009
Fittest                      42.42626301428847
highest fitness' coverage:   43.78151668828589
highest fitness' collisions: 0.13552536739974194
new generation:  1010
Fittest                      42.41990583284949
highest fitness' coverage:   43.775159506846904
highest fitness' collisions: 0.13552536739974205
new generation:  1011
Fittest                      42.42299717934196
highest fitness' coverage:   43.77840934265863
highest fitness' collisions: 0.13554121633166646
new generation:  1012
Fittest                      42.43410443212528
highest fitness' coverage:   43.795089089778756
highest fitness' collisions: 0.13609846576534737
new generation:  1013
Fittest                      42.42140648446774
highest fitness' coverage:   43.78239114212121
highest fitness' collisions: 0.13609846576534737
new generation:  1014
Fittest                      42.460477760963826
highest fitness' coverage:   43.810747225564924
highest fitness' collisions: 0.1350269464601098
new generation:  1015
Fittest                      42.44136958460862
highest fitness' coverage:   43.79163904920972
highest fitness' collisions: 0.13502694646010982
new generation:  1016
Fittest                      42.45083354400821
highest fitness' coverage:   43.80110300860931
highest fitness' collisions: 0.1350269464601098
new generation:  1017
Fittest                      42.45334458090594
highest fitness' coverage:   43.79799470503999
highest fitness' collisions: 0.1344650124134051
new generation:  1018
Fittest                      42.438207472061194
highest fitness' coverage:   43.78285759619524
highest fitness' collisions: 0.134465012413405
new generation:  1019
Fittest                      42.462198503388144
highest fitness' coverage:   43.807164855288214
highest fitness' collisions: 0.13449663519000687
new generation:  1020
Fittest                      42.47464993132835
highest fitness' coverage:   43.81961628322842
highest fitness' collisions: 0.1344966351900067
new generation:  1021
Fittest                      42.47068742370906
highest fitness' coverage:   43.83758743030185
highest fitness' collisions: 0.13669000065927964
new generation:  1022
Fittest                      42.484963256805464
highest fitness' coverage:   43.846356975496356
highest fitness' collisions: 0.13613937186908898
new generation:  1023
Fittest                      42.49845628312663
highest fitness' coverage:   43.84966125752979
highest fitness' collisions: 0.13512049744031607
new generation:  1024
Fittest                      42.47414032391891
highest fitness' coverage:   43.82534529832207
highest fitness' collisions: 0.135120497440316
new generation:  1025
Fittest                      42.48020764967637
highest fitness' coverage:   43.83141262407953
highest fitness' collisions: 0.13512049744031615
new generation:  1026
Fittest                      42.45555724592269
highest fitness' coverage:   43.80658439238485
highest fitness' collisions: 0.13510271464621576
new generation:  1027
Fittest                      42.47696900537118
highest fitness' coverage:   43.82799615183334
highest fitness' collisions: 0.13510271464621562
new generation:  1028
Fittest                      42.48792894365411
highest fitness' coverage:   43.840346733377515
highest fitness' collisions: 0.13524177897234033
new generation:  1029
Fittest                      42.47626344924797
highest fitness' coverage:   43.82788691073665
highest fitness' collisions: 0.135162346148868
new generation:  1030
Fittest                      42.48157160810448
highest fitness' coverage:   43.8224654012018
highest fitness' collisions: 0.13408937930973153
new generation:  1031
Fittest                      42.50827623351441
highest fitness' coverage:   43.84227696848914
highest fitness' collisions: 0.133400073497473
new generation:  1032
Fittest                      42.49623928301537
highest fitness' coverage:   43.8302400179901
highest fitness' collisions: 0.13340007349747285
new generation:  1033
Fittest                      42.50566931648544
highest fitness' coverage:   43.83967005146017
highest fitness' collisions: 0.13340007349747274
new generation:  1034
Fittest                      42.509847383536155
highest fitness' coverage:   43.83365937422315
highest fitness' collisions: 0.13238119906869994
new generation:  1035
Fittest                      42.53000136565687
highest fitness' coverage:   43.85526367676915
highest fitness' collisions: 0.1325262311112273
new generation:  1036
Fittest                      42.516786964332034
highest fitness' coverage:   43.83327936826813
highest fitness' collisions: 0.13164924039360934
new generation:  1037
Fittest                      42.51155521903133
highest fitness' coverage:   43.826872725412485
highest fitness' collisions: 0.13153175063811534
new generation:  1038
Fittest                      42.53066904248339
highest fitness' coverage:   43.845986548864545
highest fitness' collisions: 0.13153175063811545
new generation:  1039
Fittest                      42.520875016943634
highest fitness' coverage:   43.83619252332479
highest fitness' collisions: 0.1315317506381153
new generation:  1040
Fittest                      42.51762929177938
highest fitness' coverage:   43.832946798160535
highest fitness' collisions: 0.1315317506381153
new generation:  1041
Fittest                      42.522876276362545
highest fitness' coverage:   43.84890897579608
highest fitness' collisions: 0.132603269943353
new generation:  1042
Fittest                      42.53358009023001
highest fitness' coverage:   43.84266140278366
highest fitness' collisions: 0.13090813125536543
new generation:  1043
Fittest                      42.53707113918612
highest fitness' coverage:   43.83329929659789
highest fitness' collisions: 0.12962281574117754
new generation:  1044
Fittest                      42.549819676503674
highest fitness' coverage:   43.84604783391545
highest fitness' collisions: 0.12962281574117754
new generation:  1045
Fittest                      42.53991210093817
highest fitness' coverage:   43.83614025834994
highest fitness' collisions: 0.1296228157411776
new generation:  1046
Fittest                      42.53419091280547
highest fitness' coverage:   43.83644466607799
highest fitness' collisions: 0.13022537532725192
new generation:  1047
Fittest                      42.52060925694373
highest fitness' coverage:   43.821417570445504
highest fitness' collisions: 0.1300808313501773
new generation:  1048
Fittest                      42.536383443563004
highest fitness' coverage:   43.83719175706478
highest fitness' collisions: 0.13008083135017728
new generation:  1049
Fittest                      42.53931571337578
highest fitness' coverage:   43.840124026877554
highest fitness' collisions: 0.13008083135017728
new generation:  1050
Fittest                      42.54242326136442
highest fitness' coverage:   43.843231574866195
highest fitness' collisions: 0.13008083135017737
new generation:  1051
Fittest                      42.53597184079668
highest fitness' coverage:   43.83678015429845
highest fitness' collisions: 0.1300808313501773
new generation:  1052
Fittest                      42.57703240572117
highest fitness' coverage:   43.877840719222945
highest fitness' collisions: 0.13008083135017737
new generation:  1053
Fittest                      42.54527231576782
highest fitness' coverage:   43.84608062926959
highest fitness' collisions: 0.13008083135017737
new generation:  1054
Fittest                      42.533303271047
highest fitness' coverage:   43.83411158454877
highest fitness' collisions: 0.13008083135017734
new generation:  1055
Fittest                      42.54134590410335
highest fitness' coverage:   43.83690397548383
highest fitness' collisions: 0.1295558071380474
new generation:  1056
Fittest                      42.5568054181184
highest fitness' coverage:   43.85236348949888
highest fitness' collisions: 0.12955580713804732
new generation:  1057
Fittest                      42.54130056550831
highest fitness' coverage:   43.836858636888785
highest fitness' collisions: 0.12955580713804737
new generation:  1058
Fittest                      42.54452617786113
highest fitness' coverage:   43.84065321792685
highest fitness' collisions: 0.12961270400657188
new generation:  1059
Fittest                      42.54135763757629
highest fitness' coverage:   43.83748467764201
highest fitness' collisions: 0.1296127040065718
new generation:  1060
Fittest                      42.546708125110975
highest fitness' coverage:   43.842835165176695
highest fitness' collisions: 0.1296127040065718
new generation:  1061
Fittest                      42.53612326155192
highest fitness' coverage:   43.833372320071945
highest fitness' collisions: 0.129724905852002
new generation:  1062
Fittest                      42.54270336274258
highest fitness' coverage:   43.8399524212626
highest fitness' collisions: 0.12972490585200205
new generation:  1063
Fittest                      42.56424945128422
highest fitness' coverage:   43.86149850980424
highest fitness' collisions: 0.1297249058520021
new generation:  1064
Fittest                      42.54579900731017
highest fitness' coverage:   43.843048065830196
highest fitness' collisions: 0.12972490585200214
new generation:  1065
Fittest                      42.536708429177125
highest fitness' coverage:   43.83395748769715
highest fitness' collisions: 0.129724905852002
new generation:  1066
Fittest                      42.5580494278897
highest fitness' coverage:   43.85529848640972
highest fitness' collisions: 0.12972490585200203
new generation:  1067
Fittest                      42.554957309355935
highest fitness' coverage:   43.85280892746203
highest fitness' collisions: 0.12978516181060942
new generation:  1068
Fittest                      42.53181786768438
highest fitness' coverage:   43.82129174434847
highest fitness' collisions: 0.12894738766640862
new generation:  1069
Fittest                      42.54226007045296
highest fitness' coverage:   43.837353287584094
highest fitness' collisions: 0.1295093217131134
new generation:  1070
Fittest                      42.532769635851004
highest fitness' coverage:   43.827862852982136
highest fitness' collisions: 0.12950932171311333
new generation:  1071
Fittest                      42.55447975623676
highest fitness' coverage:   43.84957297336789
highest fitness' collisions: 0.12950932171311336
new generation:  1072
Fittest                      42.53894569029618
highest fitness' coverage:   43.83403890742731
highest fitness' collisions: 0.12950932171311338
new generation:  1073
Fittest                      42.576381624240646
highest fitness' coverage:   43.87147484137178
highest fitness' collisions: 0.12950932171311338
new generation:  1074
Fittest                      42.563980709433956
highest fitness' coverage:   43.85907392656509
highest fitness' collisions: 0.12950932171311338
new generation:  1075
Fittest                      42.5664173518864
highest fitness' coverage:   43.86151056901753
highest fitness' collisions: 0.12950932171311333
new generation:  1076
Fittest                      42.54526080090695
highest fitness' coverage:   43.840354018038084
highest fitness' collisions: 0.12950932171311333
new generation:  1077
Fittest                      42.54267790494278
highest fitness' coverage:   43.8335053268859
highest fitness' collisions: 0.1290827421943118
new generation:  1078
Fittest                      42.55912747387886
highest fitness' coverage:   43.848370002629515
highest fitness' collisions: 0.12892425287506568
new generation:  1079
Fittest                      42.56080428484703
highest fitness' coverage:   43.83933162054531
highest fitness' collisions: 0.12785273356982804
new generation:  1080
Fittest                      42.54806314519103
highest fitness' coverage:   43.82659048088931
highest fitness' collisions: 0.12785273356982801
new generation:  1081
Fittest                      42.55162772613288
highest fitness' coverage:   43.83015506183116
highest fitness' collisions: 0.12785273356982804
new generation:  1082
Fittest                      42.5542598305968
highest fitness' coverage:   43.83278716629508
highest fitness' collisions: 0.12785273356982813
new generation:  1083
Fittest                      42.560477169519224
highest fitness' coverage:   43.8390045052175
highest fitness' collisions: 0.12785273356982804
new generation:  1084
Fittest                      42.55792316153346
highest fitness' coverage:   43.83645049723174
highest fitness' collisions: 0.12785273356982807
new generation:  1085
Fittest                      42.53287491401988
highest fitness' coverage:   43.81140224971816
highest fitness' collisions: 0.12785273356982804
new generation:  1086
Fittest                      42.55750646591435
highest fitness' coverage:   43.83603380161263
highest fitness' collisions: 0.1278527335698281
new generation:  1087
Fittest                      42.55787757413752
highest fitness' coverage:   43.8364049098358
highest fitness' collisions: 0.12785273356982807
new generation:  1088
Fittest                      42.56702875821958
highest fitness' coverage:   43.84555609391786
highest fitness' collisions: 0.12785273356982813
new generation:  1089
Fittest                      42.54470188410569
highest fitness' coverage:   43.82718750831348
highest fitness' collisions: 0.1282485624207789
new generation:  1090
Fittest                      42.55357675467814
highest fitness' coverage:   43.83606237888593
highest fitness' collisions: 0.12824856242077892
new generation:  1091
Fittest                      42.54699775145707
highest fitness' coverage:   43.845767462589045
highest fitness' collisions: 0.1298769711131976
new generation:  1092
Fittest                      42.54657145218622
highest fitness' coverage:   43.845341163318196
highest fitness' collisions: 0.12987697111319757
new generation:  1093
Fittest                      42.548500367727016
highest fitness' coverage:   43.848250871045856
highest fitness' collisions: 0.12997505033188428
new generation:  1094
Fittest                      42.54516035359511
highest fitness' coverage:   43.851981025024855
highest fitness' collisions: 0.1306820671429749
new generation:  1095
Fittest                      42.53864588680873
highest fitness' coverage:   43.84546655823848
highest fitness' collisions: 0.13068206714297484
new generation:  1096
Fittest                      42.52024869745641
highest fitness' coverage:   43.82706936888616
highest fitness' collisions: 0.1306820671429749
new generation:  1097
Fittest                      42.52922057862165
highest fitness' coverage:   43.836041250051395
highest fitness' collisions: 0.1306820671429749
new generation:  1098
Fittest                      42.51395969294572
highest fitness' coverage:   43.820780364375466
highest fitness' collisions: 0.1306820671429748
new generation:  1099
Fittest                      42.532244725307386
highest fitness' coverage:   43.83906539673713
highest fitness' collisions: 0.1306820671429749
new generation:  1100
Fittest                      42.52628746505953
highest fitness' coverage:   43.83310813648928
highest fitness' collisions: 0.13068206714297492
new generation:  1101
Fittest                      42.53475750557952
highest fitness' coverage:   43.835823777635895
highest fitness' collisions: 0.13010662720563773
new generation:  1102
Fittest                      42.529062765427355
highest fitness' coverage:   43.83012903748373
highest fitness' collisions: 0.13010662720563776
new generation:  1103
Fittest                      42.535340100225724
highest fitness' coverage:   43.8364063722821
highest fitness' collisions: 0.13010662720563762
new generation:  1104
Fittest                      42.54957118868875
highest fitness' coverage:   43.861557207679226
highest fitness' collisions: 0.13119860189904714
new generation:  1105
Fittest                      42.5353543427005
highest fitness' coverage:   43.851985876707396
highest fitness' collisions: 0.13166315340068943
new generation:  1106
Fittest                      42.52883488613669
highest fitness' coverage:   43.84546642014359
highest fitness' collisions: 0.13166315340068954
new generation:  1107
Fittest                      42.5198244622772
highest fitness' coverage:   43.836455996284094
highest fitness' collisions: 0.13166315340068951
new generation:  1108
Fittest                      42.51325474677849
highest fitness' coverage:   43.82988628078539
highest fitness' collisions: 0.1316631534006894
new generation:  1109
Fittest                      42.521705504269306
highest fitness' coverage:   43.82476465413556
highest fitness' collisions: 0.13030591498662586
new generation:  1110
Fittest                      42.51229980211409
highest fitness' coverage:   43.803030001570086
highest fitness' collisions: 0.12907301994559953
new generation:  1111
Fittest                      42.543433775360306
highest fitness' coverage:   43.8341639748163
highest fitness' collisions: 0.1290730199455996
new generation:  1112
Fittest                      42.50042837752008
highest fitness' coverage:   43.79115857697607
highest fitness' collisions: 0.1290730199455996
new generation:  1113
Fittest                      42.51230176435561
highest fitness' coverage:   43.803031963811605
highest fitness' collisions: 0.12907301994559955
new generation:  1114
Fittest                      42.534080740022354
highest fitness' coverage:   43.82481093947835
highest fitness' collisions: 0.1290730199455996
new generation:  1115
Fittest                      42.52516321225569
highest fitness' coverage:   43.815893411711684
highest fitness' collisions: 0.12907301994559958
new generation:  1116
Fittest                      42.54354411099338
highest fitness' coverage:   43.83427431044937
highest fitness' collisions: 0.12907301994559964
new generation:  1117
Fittest                      42.52631644580181
highest fitness' coverage:   43.81856020650624
highest fitness' collisions: 0.1292243760704433
new generation:  1118
Fittest                      42.52159869452064
highest fitness' coverage:   43.812720436770775
highest fitness' collisions: 0.12911217422501312
new generation:  1119
Fittest                      42.533786244233006
highest fitness' coverage:   43.82490798648313
highest fitness' collisions: 0.12911217422501298
new generation:  1120
Fittest                      42.53362214684334
highest fitness' coverage:   43.824743889093476
highest fitness' collisions: 0.12911217422501306
new generation:  1121
Fittest                      42.53333744730136
highest fitness' coverage:   43.8244591895515
highest fitness' collisions: 0.1291121742250131
new generation:  1122
Fittest                      42.51373338251966
highest fitness' coverage:   43.809641425693016
highest fitness' collisions: 0.1295908043173357
new generation:  1123
Fittest                      42.54174488384549
highest fitness' coverage:   43.837652927018844
highest fitness' collisions: 0.12959080431733577
new generation:  1124
Fittest                      42.5198841172984
highest fitness' coverage:   43.81579216047176
highest fitness' collisions: 0.12959080431733572
new generation:  1125
Fittest                      42.53185683258127
highest fitness' coverage:   43.827764875754625
highest fitness' collisions: 0.12959080431733566
new generation:  1126
Fittest                      42.513541613500465
highest fitness' coverage:   43.80944965667382
highest fitness' collisions: 0.12959080431733572
new generation:  1127
Fittest                      42.49780025185145
highest fitness' coverage:   43.79370829502481
highest fitness' collisions: 0.12959080431733566
new generation:  1128
Fittest                      42.54673220396174
highest fitness' coverage:   43.842285433745865
highest fitness' collisions: 0.12955532297841232
new generation:  1129
Fittest                      42.528607464574456
highest fitness' coverage:   43.82416069435858
highest fitness' collisions: 0.12955532297841232
new generation:  1130
Fittest                      42.54492716189823
highest fitness' coverage:   43.839561604330264
highest fitness' collisions: 0.12946344424320316
new generation:  1131
Fittest                      42.501939163488125
highest fitness' coverage:   43.8025992017809
highest fitness' collisions: 0.13006600382927758
new generation:  1132
Fittest                      42.53076720935159
highest fitness' coverage:   43.829913686395926
highest fitness' collisions: 0.12991464770443392
new generation:  1133
Fittest                      42.50606020661851
highest fitness' coverage:   43.805206683662846
highest fitness' collisions: 0.129914647704434
new generation:  1134
Fittest                      42.503699204190156
highest fitness' coverage:   43.802845681234494
highest fitness' collisions: 0.1299146477044339
new generation:  1135
Fittest                      42.540447328112755
highest fitness' coverage:   43.839593805157094
highest fitness' collisions: 0.12991464770443392
new generation:  1136
Fittest                      42.52581531287733
highest fitness' coverage:   43.82423755730639
highest fitness' collisions: 0.1298422244429062
new generation:  1137
Fittest                      42.51615588593409
highest fitness' coverage:   43.81457813036315
highest fitness' collisions: 0.12984222444290636
new generation:  1138
Fittest                      42.53821392472789
highest fitness' coverage:   43.836636169156954
highest fitness' collisions: 0.12984222444290633
new generation:  1139
Fittest                      42.53784941507002
highest fitness' coverage:   43.808795264933075
highest fitness' collisions: 0.1270945849863053
new generation:  1140
Fittest                      42.549896765550116
highest fitness' coverage:   43.82084261541317
highest fitness' collisions: 0.12709458498630533
new generation:  1141
Fittest                      42.540340905696844
highest fitness' coverage:   43.8112867555599
highest fitness' collisions: 0.12709458498630527
new generation:  1142
Fittest                      42.56566627039336
highest fitness' coverage:   43.83661212025641
highest fitness' collisions: 0.12709458498630524
new generation:  1143
Fittest                      42.549908970919915
highest fitness' coverage:   43.82085482078297
highest fitness' collisions: 0.12709458498630527
new generation:  1144
Fittest                      42.55033639358165
highest fitness' coverage:   43.821282243444706
highest fitness' collisions: 0.1270945849863053
new generation:  1145
Fittest                      42.54378807140911
highest fitness' coverage:   43.814733921272165
highest fitness' collisions: 0.1270945849863052
new generation:  1146
Fittest                      42.53985954533007
highest fitness' coverage:   43.81080539519312
highest fitness' collisions: 0.12709458498630527
new generation:  1147
Fittest                      42.54373925461245
highest fitness' coverage:   43.8146851044755
highest fitness' collisions: 0.12709458498630527
new generation:  1148
Fittest                      42.52838201099784
highest fitness' coverage:   43.79932786086089
highest fitness' collisions: 0.1270945849863053
new generation:  1149
Fittest                      42.5654935819276
highest fitness' coverage:   43.83643943179065
highest fitness' collisions: 0.12709458498630521
new generation:  1150
Fittest                      42.55310932793898
highest fitness' coverage:   43.82405517780203
highest fitness' collisions: 0.1270945849863052
new generation:  1151
Fittest                      42.5594390767863
highest fitness' coverage:   43.83038492664935
highest fitness' collisions: 0.12709458498630527
new generation:  1152
Fittest                      42.52586111900932
highest fitness' coverage:   43.80256136824575
highest fitness' collisions: 0.12767002492364246
new generation:  1153
Fittest                      42.54699189435738
highest fitness' coverage:   43.82369214359381
highest fitness' collisions: 0.12767002492364243
new generation:  1154
Fittest                      42.54989509498305
highest fitness' coverage:   43.83918746279924
highest fitness' collisions: 0.1289292367816186
new generation:  1155
Fittest                      42.53460886861592
highest fitness' coverage:   43.82390123643211
highest fitness' collisions: 0.12892923678161858
new generation:  1156
Fittest                      42.543735608053524
highest fitness' coverage:   43.83302797586971
highest fitness' collisions: 0.1289292367816186
new generation:  1157
Fittest                      42.549759690188026
highest fitness' coverage:   43.839052058004214
highest fitness' collisions: 0.12892923678161852
new generation:  1158
Fittest                      42.56493181791097
highest fitness' coverage:   43.854224185727155
highest fitness' collisions: 0.12892923678161858
new generation:  1159
Fittest                      42.549487161080414
highest fitness' coverage:   43.8387795288966
highest fitness' collisions: 0.12892923678161858
new generation:  1160
Fittest                      42.53082316104281
highest fitness' coverage:   43.820115528859
highest fitness' collisions: 0.12892923678161858
new generation:  1161
Fittest                      42.53839413439198
highest fitness' coverage:   43.83588830543024
highest fitness' collisions: 0.12974941710382606
new generation:  1162
Fittest                      42.544880726649836
highest fitness' coverage:   43.842374897688096
highest fitness' collisions: 0.12974941710382612
new generation:  1163
Fittest                      42.54438815308227
highest fitness' coverage:   43.841882324120526
highest fitness' collisions: 0.1297494171038261
new generation:  1164
Fittest                      42.53206116647433
highest fitness' coverage:   43.82955533751259
highest fitness' collisions: 0.12974941710382612
new generation:  1165
Fittest                      42.54789020301386
highest fitness' coverage:   43.84538437405212
highest fitness' collisions: 0.12974941710382612
new generation:  1166
Fittest                      42.53575691508105
highest fitness' coverage:   43.83325108611931
highest fitness' collisions: 0.12974941710382604
new generation:  1167
Fittest                      42.55703006376032
highest fitness' coverage:   43.85452423479858
highest fitness' collisions: 0.1297494171038261
new generation:  1168
Fittest                      42.550521317748526
highest fitness' coverage:   43.848015488786785
highest fitness' collisions: 0.12974941710382606
new generation:  1169
Fittest                      42.544721181209226
highest fitness' coverage:   43.842215352247486
highest fitness' collisions: 0.12974941710382612
new generation:  1170
Fittest                      42.538873509403025
highest fitness' coverage:   43.836092257570954
highest fitness' collisions: 0.1297218748167928
new generation:  1171
Fittest                      42.56691243861464
highest fitness' coverage:   43.864131186782565
highest fitness' collisions: 0.12972187481679276
new generation:  1172
Fittest                      42.53236927438789
highest fitness' coverage:   43.82958802255582
highest fitness' collisions: 0.12972187481679273
new generation:  1173
Fittest                      42.530465145739605
highest fitness' coverage:   43.823269128213404
highest fitness' collisions: 0.12928039824737975
new generation:  1174
Fittest                      42.52429426525071
highest fitness' coverage:   43.81107265186376
highest fitness' collisions: 0.12867783866130536
new generation:  1175
Fittest                      42.53677869415435
highest fitness' coverage:   43.8235570807674
highest fitness' collisions: 0.12867783866130544
new generation:  1176
Fittest                      42.55488431409276
highest fitness' coverage:   43.85798897498621
highest fitness' collisions: 0.13031046608934502
new generation:  1177
Fittest                      42.54647719892339
highest fitness' coverage:   43.842279268504505
highest fitness' collisions: 0.12958020695811126
new generation:  1178
Fittest                      42.52465781737928
highest fitness' coverage:   43.82045988696039
highest fitness' collisions: 0.12958020695811134
new generation:  1179
Fittest                      42.54343912990696
highest fitness' coverage:   43.83321560362732
highest fitness' collisions: 0.1289776473720369
new generation:  1180
Fittest                      42.54658572136044
highest fitness' coverage:   43.8363621950808
highest fitness' collisions: 0.12897764737203685
new generation:  1181
Fittest                      42.5559323314242
highest fitness' coverage:   43.85322804669397
highest fitness' collisions: 0.12972957152697712
new generation:  1182
Fittest                      42.560064171028586
highest fitness' coverage:   43.857359886298354
highest fitness' collisions: 0.12972957152697723
new generation:  1183
Fittest                      42.56243580933436
highest fitness' coverage:   43.85973152460413
highest fitness' collisions: 0.12972957152697717
new generation:  1184
Fittest                      42.55354744485159
highest fitness' coverage:   43.85084316012136
highest fitness' collisions: 0.12972957152697723
new generation:  1185
Fittest                      42.56647025832619
highest fitness' coverage:   43.86376597359597
highest fitness' collisions: 0.12972957152697723
new generation:  1186
Fittest                      42.53139989442821
highest fitness' coverage:   43.82869560969799
highest fitness' collisions: 0.12972957152697726
new generation:  1187
Fittest                      42.53823283447375
highest fitness' coverage:   43.83552854974352
highest fitness' collisions: 0.12972957152697714
new generation:  1188
Fittest                      42.52878158192725
highest fitness' coverage:   43.82607729719702
highest fitness' collisions: 0.12972957152697723
new generation:  1189
Fittest                      42.547205640423144
highest fitness' coverage:   43.84450135569291
highest fitness' collisions: 0.12972957152697714
new generation:  1190
Fittest                      42.55685597310556
highest fitness' coverage:   43.84396294408761
highest fitness' collisions: 0.1287106970982043
new generation:  1191
Fittest                      42.560766225648756
highest fitness' coverage:   43.8478731966308
highest fitness' collisions: 0.1287106970982043
new generation:  1192
Fittest                      42.5508684644192
highest fitness' coverage:   43.83797543540125
highest fitness' collisions: 0.12871069709820435
new generation:  1193
Fittest                      42.55750641474448
highest fitness' coverage:   43.84496775779127
highest fitness' collisions: 0.1287461343046788
new generation:  1194
Fittest                      42.538313967796306
highest fitness' coverage:   43.82577531084309
highest fitness' collisions: 0.12874613430467885
new generation:  1195
Fittest                      42.57556920488509
highest fitness' coverage:   43.86303054793188
highest fitness' collisions: 0.1287461343046787
new generation:  1196
Fittest                      42.54007953500108
highest fitness' coverage:   43.83170957188257
highest fitness' collisions: 0.12916300368814917
new generation:  1197
Fittest                      42.54386028097934
highest fitness' coverage:   43.83549031786083
highest fitness' collisions: 0.1291630036881491
new generation:  1198
Fittest                      42.549228582604925
highest fitness' coverage:   43.84113404235675
highest fitness' collisions: 0.1291905459751825
new generation:  1199
Fittest                      42.546425726408415
highest fitness' coverage:   43.83833118616024
highest fitness' collisions: 0.1291905459751825
new generation:  1200
Fittest                      42.549653607256815
highest fitness' coverage:   43.84155906700864
highest fitness' collisions: 0.12919054597518254
new generation:  1201
Fittest                      42.53873131314243
highest fitness' coverage:   43.83241801939988
highest fitness' collisions: 0.12936867062574534
new generation:  1202
Fittest                      42.540926415468675
highest fitness' coverage:   43.835389368842755
highest fitness' collisions: 0.1294462953374081
new generation:  1203
Fittest                      42.543993415729716
highest fitness' coverage:   43.838456369103795
highest fitness' collisions: 0.12944629533740812
new generation:  1204
Fittest                      42.53798719135118
highest fitness' coverage:   43.83245014472526
highest fitness' collisions: 0.1294462953374081
new generation:  1205
Fittest                      42.54072536696255
highest fitness' coverage:   43.838006703267894
highest fitness' collisions: 0.1297281336305346
new generation:  1206
Fittest                      42.55327829247323
highest fitness' coverage:   43.850559628778576
highest fitness' collisions: 0.12972813363053465
new generation:  1207
Fittest                      42.55667781107036
highest fitness' coverage:   43.853959147375704
highest fitness' collisions: 0.12972813363053456
new generation:  1208
Fittest                      42.54415734281417
highest fitness' coverage:   43.84143867911951
highest fitness' collisions: 0.12972813363053456
new generation:  1209
Fittest                      42.559236091621074
highest fitness' coverage:   43.85651742792642
highest fitness' collisions: 0.12972813363053445
new generation:  1210
Fittest                      42.55380666763865
highest fitness' coverage:   43.851088003944
highest fitness' collisions: 0.1297281336305346
new generation:  1211
Fittest                      42.55990920773029
highest fitness' coverage:   43.85719054403564
highest fitness' collisions: 0.12972813363053448
new generation:  1212
Fittest                      42.52238303202772
highest fitness' coverage:   43.819664368333065
highest fitness' collisions: 0.12972813363053456
new generation:  1213
Fittest                      42.54435558492174
highest fitness' coverage:   43.84475142973263
highest fitness' collisions: 0.13003958448108913
new generation:  1214
Fittest                      42.55337182195846
highest fitness' coverage:   43.85376766676935
highest fitness' collisions: 0.1300395844810891
new generation:  1215
Fittest                      42.541064842009774
highest fitness' coverage:   43.84146068682067
highest fitness' collisions: 0.1300395844810892
new generation:  1216
Fittest                      42.54055087931506
highest fitness' coverage:   43.840946724125956
highest fitness' collisions: 0.13003958448108915
new generation:  1217
Fittest                      42.532945473362744
highest fitness' coverage:   43.847617411349894
highest fitness' collisions: 0.13146719379871488
new generation:  1218
Fittest                      42.51398890507201
highest fitness' coverage:   43.82866084305916
highest fitness' collisions: 0.13146719379871488
new generation:  1219
Fittest                      42.52653192831301
highest fitness' coverage:   43.84120386630016
highest fitness' collisions: 0.13146719379871488
new generation:  1220
Fittest                      42.53565851159873
highest fitness' coverage:   43.85033044958588
highest fitness' collisions: 0.13146719379871497
new generation:  1221
Fittest                      42.53599114580867
highest fitness' coverage:   43.85066308379582
highest fitness' collisions: 0.131467193798715
new generation:  1222
Fittest                      42.52647605352537
highest fitness' coverage:   43.84114799151252
highest fitness' collisions: 0.1314671937987149
new generation:  1223
Fittest                      42.542125055599485
highest fitness' coverage:   43.856796993586634
highest fitness' collisions: 0.1314671937987149
new generation:  1224
Fittest                      42.523379994312315
highest fitness' coverage:   43.838051932299464
highest fitness' collisions: 0.1314671937987149
new generation:  1225
Fittest                      42.526301576245395
highest fitness' coverage:   43.840973514232545
highest fitness' collisions: 0.13146719379871488
new generation:  1226
Fittest                      42.5234016980143
highest fitness' coverage:   43.83807363600145
highest fitness' collisions: 0.13146719379871488
new generation:  1227
Fittest                      42.52976967143281
highest fitness' coverage:   43.84444160941996
highest fitness' collisions: 0.13146719379871497
new generation:  1228
Fittest                      42.53276401641903
highest fitness' coverage:   43.84743595440618
highest fitness' collisions: 0.13146719379871494
new generation:  1229
Fittest                      42.51736467255608
highest fitness' coverage:   43.83203661054323
highest fitness' collisions: 0.13146719379871497
new generation:  1230
Fittest                      42.532844048001984
highest fitness' coverage:   43.84751598598913
highest fitness' collisions: 0.1314671937987149
new generation:  1231
Fittest                      42.52408207325385
highest fitness' coverage:   43.838754011241
highest fitness' collisions: 0.1314671937987149
new generation:  1232
Fittest                      42.50163009164296
highest fitness' coverage:   43.81630202963011
highest fitness' collisions: 0.13146719379871488
new generation:  1233
Fittest                      42.52633423736312
highest fitness' coverage:   43.84100617535027
highest fitness' collisions: 0.13146719379871497
new generation:  1234
Fittest                      42.52954644750217
highest fitness' coverage:   43.84421838548932
highest fitness' collisions: 0.13146719379871488
new generation:  1235
Fittest                      42.51916210415263
highest fitness' coverage:   43.84163379547603
highest fitness' collisions: 0.1322471691323402
new generation:  1236
Fittest                      42.52237517142805
highest fitness' coverage:   43.84484686275145
highest fitness' collisions: 0.1322471691323401
new generation:  1237
Fittest                      42.52169054510191
highest fitness' coverage:   43.84416223642531
highest fitness' collisions: 0.1322471691323402
new generation:  1238
Fittest                      42.546684760406045
highest fitness' coverage:   43.869156451729445
highest fitness' collisions: 0.13224716913234014
new generation:  1239
Fittest                      42.51592929414842
highest fitness' coverage:   43.83840098547182
highest fitness' collisions: 0.13224716913234014
new generation:  1240
Fittest                      42.49407810150637
highest fitness' coverage:   43.81654979282977
highest fitness' collisions: 0.13224716913234014
new generation:  1241
Fittest                      42.512389991281104
highest fitness' coverage:   43.834861682604505
highest fitness' collisions: 0.13224716913234016
new generation:  1242
Fittest                      42.547225069555935
highest fitness' coverage:   43.869696760879336
highest fitness' collisions: 0.13224716913234016
new generation:  1243
Fittest                      42.512964693005294
highest fitness' coverage:   43.835436384328695
highest fitness' collisions: 0.1322471691323401
new generation:  1244
Fittest                      42.52814108288545
highest fitness' coverage:   43.85694679997241
highest fitness' collisions: 0.1328805717086965
new generation:  1245
Fittest                      42.506498455636326
highest fitness' coverage:   43.83530417272329
highest fitness' collisions: 0.1328805717086965
new generation:  1246
Fittest                      42.5344962639891
highest fitness' coverage:   43.87868426299722
highest fitness' collisions: 0.13441879990081199
new generation:  1247
Fittest                      42.48461138109262
highest fitness' coverage:   43.82879938010074
highest fitness' collisions: 0.13441879990081215
new generation:  1248
Fittest                      42.497377066191994
highest fitness' coverage:   43.841565065200115
highest fitness' collisions: 0.134418799900812
new generation:  1249
Fittest                      42.49060631470855
highest fitness' coverage:   43.83479431371667
highest fitness' collisions: 0.13441879990081207
new generation:  1250
Fittest                      42.488029079393314
highest fitness' coverage:   43.832217078401435
highest fitness' collisions: 0.1344187999008121
new generation:  1251
Fittest                      42.47894718501633
highest fitness' coverage:   43.8317375964787
highest fitness' collisions: 0.135279041146237
new generation:  1252
Fittest                      42.50124626389902
highest fitness' coverage:   43.822413898759706
highest fitness' collisions: 0.1321167634860686
new generation:  1253
Fittest                      42.495453655331126
highest fitness' coverage:   43.81662129019181
highest fitness' collisions: 0.13211676348606857
new generation:  1254
Fittest                      42.5080541012251
highest fitness' coverage:   43.829221736085785
highest fitness' collisions: 0.13211676348606857
new generation:  1255
Fittest                      42.523596094939464
highest fitness' coverage:   43.84476372980015
highest fitness' collisions: 0.1321167634860685
new generation:  1256
Fittest                      42.53898413848514
highest fitness' coverage:   43.86015177334583
highest fitness' collisions: 0.13211676348606857
new generation:  1257
Fittest                      42.52631213373896
highest fitness' coverage:   43.84747976859965
highest fitness' collisions: 0.1321167634860686
new generation:  1258
Fittest                      42.52660530761042
highest fitness' coverage:   43.8477729424711
highest fitness' collisions: 0.1321167634860686
new generation:  1259
Fittest                      42.51143082921767
highest fitness' coverage:   43.84097620552037
highest fitness' collisions: 0.13295453763026935
new generation:  1260
Fittest                      42.508722165192395
highest fitness' coverage:   43.83826754149509
highest fitness' collisions: 0.1329545376302694
new generation:  1261
Fittest                      42.53384541120871
highest fitness' coverage:   43.863390787511406
highest fitness' collisions: 0.1329545376302694
new generation:  1262
Fittest                      42.51431536974053
highest fitness' coverage:   43.84386074604323
highest fitness' collisions: 0.1329545376302694
new generation:  1263
Fittest                      42.48949311322689
highest fitness' coverage:   43.819193371191474
highest fitness' collisions: 0.1329700257964585
new generation:  1264
Fittest                      42.51167202276068
highest fitness' coverage:   43.84137228072526
highest fitness' collisions: 0.13297002579645853
new generation:  1265
Fittest                      42.53765340624664
highest fitness' coverage:   43.86002028894452
highest fitness' collisions: 0.13223668826978802
new generation:  1266
Fittest                      42.50340095937618
highest fitness' coverage:   43.8383230057244
highest fitness' collisions: 0.1334922046348218
new generation:  1267
Fittest                      42.509958914104445
highest fitness' coverage:   43.84187596343787
highest fitness' collisions: 0.13319170493334284
new generation:  1268
Fittest                      42.518646569143364
highest fitness' coverage:   43.85056361847679
highest fitness' collisions: 0.13319170493334292
new generation:  1269
Fittest                      42.50931824356616
highest fitness' coverage:   43.84123529289959
highest fitness' collisions: 0.1331917049333429
new generation:  1270
Fittest                      42.509053617145376
highest fitness' coverage:   43.8409706664788
highest fitness' collisions: 0.1331917049333429
new generation:  1271
Fittest                      42.51232496615111
highest fitness' coverage:   43.84424201548454
highest fitness' collisions: 0.13319170493334284
new generation:  1272
Fittest                      42.51275019206954
highest fitness' coverage:   43.844667241402966
highest fitness' collisions: 0.1331917049333429
new generation:  1273
Fittest                      42.51823116409573
highest fitness' coverage:   43.8358721202529
highest fitness' collisions: 0.1317640956157171
new generation:  1274
Fittest                      42.532964171436625
highest fitness' coverage:   43.84143669569489
highest fitness' collisions: 0.13084725242582615
new generation:  1275
Fittest                      42.55137892249818
highest fitness' coverage:   43.859851446756444
highest fitness' collisions: 0.13084725242582612
new generation:  1276
Fittest                      42.54536806964819
highest fitness' coverage:   43.853840593906455
highest fitness' collisions: 0.1308472524258261
new generation:  1277
Fittest                      42.53071363312435
highest fitness' coverage:   43.844686294998276
highest fitness' collisions: 0.13139726618739292
new generation:  1278
Fittest                      42.53964717332621
highest fitness' coverage:   43.853619835200135
highest fitness' collisions: 0.1313972661873929
new generation:  1279
Fittest                      42.533196006250265
highest fitness' coverage:   43.84716866812419
highest fitness' collisions: 0.13139726618739286
new generation:  1280
Fittest                      42.521140788433115
highest fitness' coverage:   43.8412868717386
highest fitness' collisions: 0.13201460833054882
new generation:  1281
Fittest                      42.52122700890481
highest fitness' coverage:   43.8413730922103
highest fitness' collisions: 0.13201460833054876
new generation:  1282
Fittest                      42.51515349676915
highest fitness' coverage:   43.83529958007464
highest fitness' collisions: 0.13201460833054882
new generation:  1283
Fittest                      42.53685776320543
highest fitness' coverage:   43.84444868286058
highest fitness' collisions: 0.13075909196551497
new generation:  1284
Fittest                      42.5206804412082
highest fitness' coverage:   43.82827136086335
highest fitness' collisions: 0.1307590919655151
new generation:  1285
Fittest                      42.53120595488192
highest fitness' coverage:   43.83879687453707
highest fitness' collisions: 0.13075909196551505
new generation:  1286
Fittest                      42.53371177944384
highest fitness' coverage:   43.84130269909899
highest fitness' collisions: 0.1307590919655149
new generation:  1287
Fittest                      42.533910008177536
highest fitness' coverage:   43.84150092783268
highest fitness' collisions: 0.13075909196551505
new generation:  1288
Fittest                      42.53653460588692
highest fitness' coverage:   43.84412552554207
highest fitness' collisions: 0.130759091965515
new generation:  1289
Fittest                      42.55531073138466
highest fitness' coverage:   43.862901651039806
highest fitness' collisions: 0.13075909196551494
new generation:  1290
Fittest                      42.56175774778008
highest fitness' coverage:   43.86608914445912
highest fitness' collisions: 0.13043313966790376
new generation:  1291
Fittest                      42.51484676163744
highest fitness' coverage:   43.81917815831648
highest fitness' collisions: 0.13043313966790365
new generation:  1292
Fittest                      42.53982763503284
highest fitness' coverage:   43.84415903171188
highest fitness' collisions: 0.1304331396679037
new generation:  1293
Fittest                      42.543326735525525
highest fitness' coverage:   43.847658132204565
highest fitness' collisions: 0.13043313966790362
new generation:  1294
Fittest                      42.542584277058594
highest fitness' coverage:   43.846915673737634
highest fitness' collisions: 0.13043313966790365
new generation:  1295
Fittest                      42.543356663683156
highest fitness' coverage:   43.847688060362195
highest fitness' collisions: 0.1304331396679038
new generation:  1296
Fittest                      42.53091497693929
highest fitness' coverage:   43.83524637361833
highest fitness' collisions: 0.13043313966790362
new generation:  1297
Fittest                      42.51860338539583
highest fitness' coverage:   43.82293478207487
highest fitness' collisions: 0.13043313966790376
new generation:  1298
Fittest                      42.525143977719374
highest fitness' coverage:   43.82553659642214
highest fitness' collisions: 0.13003926187027673
new generation:  1299
Fittest                      42.54286382080241
highest fitness' coverage:   43.83487869806317
highest fitness' collisions: 0.12920148772607604
new generation:  1300
Fittest                      42.55258555371
highest fitness' coverage:   43.844600430970765
highest fitness' collisions: 0.12920148772607595
new generation:  1301
Fittest                      42.574051330405204
highest fitness' coverage:   43.866066207665966
highest fitness' collisions: 0.12920148772607584
new generation:  1302
Fittest                      42.54656778031143
highest fitness' coverage:   43.83858265757219
highest fitness' collisions: 0.12920148772607593
new generation:  1303
Fittest                      42.57112011235455
highest fitness' coverage:   43.86313498961531
highest fitness' collisions: 0.12920148772607593
new generation:  1304
Fittest                      42.549467767919246
highest fitness' coverage:   43.84148264518001
highest fitness' collisions: 0.1292014877260759
new generation:  1305
Fittest                      42.55830786117023
highest fitness' coverage:   43.85032273843099
highest fitness' collisions: 0.12920148772607598
new generation:  1306
Fittest                      42.55844231894152
highest fitness' coverage:   43.850457196202285
highest fitness' collisions: 0.12920148772607595
new generation:  1307
Fittest                      42.54941485993814
highest fitness' coverage:   43.8414297371989
highest fitness' collisions: 0.129201487726076
new generation:  1308
Fittest                      42.54582077756277
highest fitness' coverage:   43.83783565482353
highest fitness' collisions: 0.12920148772607606
new generation:  1309
Fittest                      42.562492440098126
highest fitness' coverage:   43.853794667044696
highest fitness' collisions: 0.12913022269465665
new generation:  1310
Fittest                      42.559467185160166
highest fitness' coverage:   43.850769412106736
highest fitness' collisions: 0.1291302226946567
new generation:  1311
Fittest                      42.54341669394778
highest fitness' coverage:   43.83471892089435
highest fitness' collisions: 0.12913022269465668
new generation:  1312
Fittest                      42.53754840407649
highest fitness' coverage:   43.82885063102306
highest fitness' collisions: 0.12913022269465663
new generation:  1313
Fittest                      42.550334655739164
highest fitness' coverage:   43.841636882685734
highest fitness' collisions: 0.12913022269465668
new generation:  1314
Fittest                      42.551158533533574
highest fitness' coverage:   43.8410257019522
highest fitness' collisions: 0.1289867168418625
new generation:  1315
Fittest                      42.551962165517665
highest fitness' coverage:   43.84182933393629
highest fitness' collisions: 0.12898671684186258
new generation:  1316
Fittest                      42.55401563363065
highest fitness' coverage:   43.84388280204927
highest fitness' collisions: 0.12898671684186255
new generation:  1317
Fittest                      42.567316058859504
highest fitness' coverage:   43.85718322727813
highest fitness' collisions: 0.12898671684186258
new generation:  1318
Fittest                      42.555093263371205
highest fitness' coverage:   43.83051169208786
highest fitness' collisions: 0.12754184287166587
new generation:  1319
Fittest                      42.56103699826831
highest fitness' coverage:   43.83645542698496
highest fitness' collisions: 0.1275418428716658
new generation:  1320
Fittest                      42.55158039876384
highest fitness' coverage:   43.8269988274805
highest fitness' collisions: 0.1275418428716659
new generation:  1321
Fittest                      42.5674882646229
highest fitness' coverage:   43.84290669333956
highest fitness' collisions: 0.12754184287166584
new generation:  1322
Fittest                      42.552045054986024
highest fitness' coverage:   43.82746348370268
highest fitness' collisions: 0.12754184287166587
new generation:  1323
Fittest                      42.55031873254685
highest fitness' coverage:   43.82732205445597
highest fitness' collisions: 0.127700332190912
new generation:  1324
Fittest                      42.55156260032744
highest fitness' coverage:   43.86224220151171
highest fitness' collisions: 0.13106796011842684
new generation:  1325
Fittest                      42.561028997492976
highest fitness' coverage:   43.871708598677245
highest fitness' collisions: 0.13106796011842692
new generation:  1326
Fittest                      42.554664890650045
highest fitness' coverage:   43.865344491834314
highest fitness' collisions: 0.13106796011842695
new generation:  1327
Fittest                      42.57360900021295
highest fitness' coverage:   43.884288601397216
highest fitness' collisions: 0.13106796011842686
new generation:  1328
Fittest                      42.55017408667307
highest fitness' coverage:   43.88720866074683
highest fitness' collisions: 0.13370345740737596
new generation:  1329
Fittest                      42.531229359712746
highest fitness' coverage:   43.86826393378651
highest fitness' collisions: 0.13370345740737605
new generation:  1330
Fittest                      42.54427643294973
highest fitness' coverage:   43.88131100702349
highest fitness' collisions: 0.13370345740737613
new generation:  1331
Fittest                      42.51562990331467
highest fitness' coverage:   43.85266447738843
highest fitness' collisions: 0.133703457407376
new generation:  1332
Fittest                      42.53140844095189
highest fitness' coverage:   43.868443015025655
highest fitness' collisions: 0.13370345740737602
new generation:  1333
Fittest                      42.510022584892475
highest fitness' coverage:   43.874877300736166
highest fitness' collisions: 0.13648547158436913
new generation:  1334
Fittest                      42.48458122496609
highest fitness' coverage:   43.849435940809784
highest fitness' collisions: 0.1364854715843692
new generation:  1335
Fittest                      42.50346825258697
highest fitness' coverage:   43.86832296843066
highest fitness' collisions: 0.1364854715843693
new generation:  1336
Fittest                      42.50025497319792
highest fitness' coverage:   43.86510968904161
highest fitness' collisions: 0.1364854715843692
new generation:  1337
Fittest                      42.51004470138586
highest fitness' coverage:   43.87489941722955
highest fitness' collisions: 0.13648547158436916
new generation:  1338
Fittest                      42.503224269259114
highest fitness' coverage:   43.868078985102805
highest fitness' collisions: 0.13648547158436927
new generation:  1339
Fittest                      42.4946178113894
highest fitness' coverage:   43.859472527233095
highest fitness' collisions: 0.13648547158436927
new generation:  1340
Fittest                      42.50656886947413
highest fitness' coverage:   43.87142358531782
highest fitness' collisions: 0.13648547158436916
new generation:  1341
Fittest                      42.49792020049555
highest fitness' coverage:   43.87115265778125
highest fitness' collisions: 0.13732324572857008
new generation:  1342
Fittest                      42.47871752766256
highest fitness' coverage:   43.862138729235994
highest fitness' collisions: 0.13834212015734307
new generation:  1343
Fittest                      42.468678063281665
highest fitness' coverage:   43.837381010831294
highest fitness' collisions: 0.1368702947549627
new generation:  1344
Fittest                      42.50589054760569
highest fitness' coverage:   43.87459349515532
highest fitness' collisions: 0.13687029475496265
new generation:  1345
Fittest                      42.48100715488133
highest fitness' coverage:   43.84971010243096
highest fitness' collisions: 0.13687029475496273
new generation:  1346
Fittest                      42.49015280776364
highest fitness' coverage:   43.85885575531327
highest fitness' collisions: 0.13687029475496262
new generation:  1347
Fittest                      42.506109951687854
highest fitness' coverage:   43.87481289923748
highest fitness' collisions: 0.13687029475496262
new generation:  1348
Fittest                      42.484403642585974
highest fitness' coverage:   43.8531065901356
highest fitness' collisions: 0.13687029475496268
new generation:  1349
Fittest                      42.50442768868558
highest fitness' coverage:   43.86518735388797
highest fitness' collisions: 0.13607596652023846
new generation:  1350
Fittest                      42.49847244455135
highest fitness' coverage:   43.85923210975374
highest fitness' collisions: 0.1360759665202384
new generation:  1351
Fittest                      42.523135110727985
highest fitness' coverage:   43.883894775930365
highest fitness' collisions: 0.13607596652023835
new generation:  1352
Fittest                      42.50034637837072
highest fitness' coverage:   43.868465612716506
highest fitness' collisions: 0.1368119234345787
new generation:  1353
Fittest                      42.505999344022634
highest fitness' coverage:   43.87411857836842
highest fitness' collisions: 0.13681192343457868
new generation:  1354
Fittest                      42.49160467712344
highest fitness' coverage:   43.859723911469224
highest fitness' collisions: 0.1368119234345786
new generation:  1355
Fittest                      42.500109471457904
highest fitness' coverage:   43.868228705803695
highest fitness' collisions: 0.13681192343457876
new generation:  1356
Fittest                      42.515804368775584
highest fitness' coverage:   43.88392360312137
highest fitness' collisions: 0.13681192343457857
new generation:  1357
Fittest                      42.51638503990854
highest fitness' coverage:   43.884504274254326
highest fitness' collisions: 0.13681192343457874
new generation:  1358
Fittest                      42.49099482774132
highest fitness' coverage:   43.8591140620871
highest fitness' collisions: 0.13681192343457868
new generation:  1359
Fittest                      42.48798303768244
highest fitness' coverage:   43.85610227202823
highest fitness' collisions: 0.1368119234345788
new generation:  1360
Fittest                      42.48787780540955
highest fitness' coverage:   43.855997039755344
highest fitness' collisions: 0.13681192343457874
new generation:  1361
Fittest                      42.479882299155
highest fitness' coverage:   43.847726110630454
highest fitness' collisions: 0.13678438114754538
new generation:  1362
Fittest                      42.47889984756661
highest fitness' coverage:   43.84674365904206
highest fitness' collisions: 0.13678438114754532
new generation:  1363
Fittest                      42.49799446503812
highest fitness' coverage:   43.86583827651357
highest fitness' collisions: 0.13678438114754532
new generation:  1364
Fittest                      42.48569701412246
highest fitness' coverage:   43.85354082559791
highest fitness' collisions: 0.1367843811475453
new generation:  1365
Fittest                      42.50683189336213
highest fitness' coverage:   43.875125720918724
highest fitness' collisions: 0.13682938275565912
new generation:  1366
Fittest                      42.46653095123988
highest fitness' coverage:   43.81493492525459
highest fitness' collisions: 0.13484039740147116
new generation:  1367
Fittest                      42.46891462457267
highest fitness' coverage:   43.81731859858738
highest fitness' collisions: 0.1348403974014711
new generation:  1368
Fittest                      42.46940848819946
highest fitness' coverage:   43.81781246221417
highest fitness' collisions: 0.13484039740147116
new generation:  1369
Fittest                      42.49375232006262
highest fitness' coverage:   43.842156294077334
highest fitness' collisions: 0.13484039740147122
new generation:  1370
Fittest                      42.447281331257564
highest fitness' coverage:   43.79568530527227
highest fitness' collisions: 0.13484039740147113
new generation:  1371
Fittest                      42.48182162455569
highest fitness' coverage:   43.8302255985704
highest fitness' collisions: 0.13484039740147116
new generation:  1372
Fittest                      42.46607924203584
highest fitness' coverage:   43.81448321605055
highest fitness' collisions: 0.13484039740147108
new generation:  1373
Fittest                      42.46904637397291
highest fitness' coverage:   43.81745034798762
highest fitness' collisions: 0.1348403974014711
new generation:  1374
Fittest                      42.4781374527347
highest fitness' coverage:   43.826541426749415
highest fitness' collisions: 0.13484039740147125
new generation:  1375
Fittest                      42.456241208320016
highest fitness' coverage:   43.804645182334724
highest fitness' collisions: 0.13484039740147116
new generation:  1376
Fittest                      42.459913609504696
highest fitness' coverage:   43.808317583519404
highest fitness' collisions: 0.1348403974014711
new generation:  1377
Fittest                      42.460293479453895
highest fitness' coverage:   43.80760714979098
highest fitness' collisions: 0.13473136703370878
new generation:  1378
Fittest                      42.46651084512109
highest fitness' coverage:   43.81382451545818
highest fitness' collisions: 0.1347313670337088
new generation:  1379
Fittest                      42.500544748259955
highest fitness' coverage:   43.82003827682711
highest fitness' collisions: 0.13194935285671566
new generation:  1380
Fittest                      42.50451050967127
highest fitness' coverage:   43.82400403823843
highest fitness' collisions: 0.1319493528567155
new generation:  1381
Fittest                      42.49466256572562
highest fitness' coverage:   43.81415609429278
highest fitness' collisions: 0.13194935285671566
new generation:  1382
Fittest                      42.500982190189475
highest fitness' coverage:   43.82047571875663
highest fitness' collisions: 0.1319493528567156
new generation:  1383
Fittest                      42.485584144494105
highest fitness' coverage:   43.80507767306126
highest fitness' collisions: 0.13194935285671552
new generation:  1384
Fittest                      42.52609228847162
highest fitness' coverage:   43.845585817038774
highest fitness' collisions: 0.13194935285671572
new generation:  1385
Fittest                      42.50745370317272
highest fitness' coverage:   43.82694723173988
highest fitness' collisions: 0.13194935285671563
new generation:  1386
Fittest                      42.49430768097335
highest fitness' coverage:   43.81380120954051
highest fitness' collisions: 0.13194935285671547
new generation:  1387
Fittest                      42.485767820877506
highest fitness' coverage:   43.80526134944466
highest fitness' collisions: 0.13194935285671558
new generation:  1388
Fittest                      42.47896059990956
highest fitness' coverage:   43.79845412847672
highest fitness' collisions: 0.13194935285671558
new generation:  1389
Fittest                      42.48536274059484
highest fitness' coverage:   43.810881865022736
highest fitness' collisions: 0.13255191244278997
new generation:  1390
Fittest                      42.5009308721216
highest fitness' coverage:   43.8264499965495
highest fitness' collisions: 0.13255191244278988
new generation:  1391
Fittest                      42.48280702984554
highest fitness' coverage:   43.80832615427344
highest fitness' collisions: 0.1325519124427899
new generation:  1392
Fittest                      42.50737889998004
highest fitness' coverage:   43.83892362026868
highest fitness' collisions: 0.1331544720288643
new generation:  1393
Fittest                      42.48447359753694
highest fitness' coverage:   43.79210932225852
highest fitness' collisions: 0.13076357247215795
new generation:  1394
Fittest                      42.52211070960717
highest fitness' coverage:   43.82974643432875
highest fitness' collisions: 0.13076357247215792
new generation:  1395
Fittest                      42.503026103968516
highest fitness' coverage:   43.810661828690094
highest fitness' collisions: 0.13076357247215795
new generation:  1396
Fittest                      42.500166315268416
highest fitness' coverage:   43.807802039989994
highest fitness' collisions: 0.13076357247215808
new generation:  1397
Fittest                      42.515706712113186
highest fitness' coverage:   43.823342436834764
highest fitness' collisions: 0.13076357247215792
new generation:  1398
Fittest                      42.53407438653003
highest fitness' coverage:   43.84171011125161
highest fitness' collisions: 0.13076357247215795
new generation:  1399
Fittest                      42.49077371084974
highest fitness' coverage:   43.797951866814756
highest fitness' collisions: 0.13071781559650172
new generation:  1400
Fittest                      42.48434377221939
highest fitness' coverage:   43.79152192818441
highest fitness' collisions: 0.1307178155965016
new generation:  1401
Fittest                      42.494757012344934
highest fitness' coverage:   43.80193516830995
highest fitness' collisions: 0.13071781559650159
new generation:  1402
Fittest                      42.50365107684797
highest fitness' coverage:   43.80480363695224
highest fitness' collisions: 0.13011525601042725
new generation:  1403
Fittest                      42.497455748066535
highest fitness' coverage:   43.798608308170806
highest fitness' collisions: 0.13011525601042734
new generation:  1404
Fittest                      42.527990191041624
highest fitness' coverage:   43.829142751145895
highest fitness' collisions: 0.13011525601042725
new generation:  1405
Fittest                      42.49724314039889
highest fitness' coverage:   43.798395700503164
highest fitness' collisions: 0.13011525601042734
new generation:  1406
Fittest                      42.512614222458055
highest fitness' coverage:   43.813766782562325
highest fitness' collisions: 0.13011525601042725
new generation:  1407
Fittest                      42.50890410028325
highest fitness' coverage:   43.810056660387524
highest fitness' collisions: 0.13011525601042717
new generation:  1408
Fittest                      42.49716203676113
highest fitness' coverage:   43.7983145968654
highest fitness' collisions: 0.1301152560104272
new generation:  1409
Fittest                      42.52148307700268
highest fitness' coverage:   43.81661004124621
highest fitness' collisions: 0.12951269642435298
new generation:  1410
Fittest                      42.52217961551231
highest fitness' coverage:   43.81730657975584
highest fitness' collisions: 0.1295126964243529
new generation:  1411
Fittest                      42.51233979247943
highest fitness' coverage:   43.80746675672296
highest fitness' collisions: 0.12951269642435298
new generation:  1412
Fittest                      42.53119295012841
highest fitness' coverage:   43.826319914371936
highest fitness' collisions: 0.12951269642435287
new generation:  1413
Fittest                      42.55712728633167
highest fitness' coverage:   43.8522542505752
highest fitness' collisions: 0.1295126964243529
new generation:  1414
Fittest                      42.522763411937504
highest fitness' coverage:   43.81789037618103
highest fitness' collisions: 0.12951269642435292
new generation:  1415
Fittest                      42.54719584552679
highest fitness' coverage:   43.842322809770316
highest fitness' collisions: 0.12951269642435284
new generation:  1416
Fittest                      42.535603459887675
highest fitness' coverage:   43.830730424131204
highest fitness' collisions: 0.12951269642435292
new generation:  1417
Fittest                      42.54252844751388
highest fitness' coverage:   43.83714255037342
highest fitness' collisions: 0.1294614102859538
new generation:  1418
Fittest                      42.54483129430124
highest fitness' coverage:   43.83944539716078
highest fitness' collisions: 0.12946141028595376
new generation:  1419
Fittest                      42.548340549262946
highest fitness' coverage:   43.842954652122486
highest fitness' collisions: 0.12946141028595384
new generation:  1420
Fittest                      42.5414544491323
highest fitness' coverage:   43.83606855199184
highest fitness' collisions: 0.1294614102859538
new generation:  1421
Fittest                      42.538790522384446
highest fitness' coverage:   43.833404625243986
highest fitness' collisions: 0.12946141028595373
new generation:  1422
Fittest                      42.54543686835769
highest fitness' coverage:   43.84005097121723
highest fitness' collisions: 0.1294614102859538
new generation:  1423
Fittest                      42.554267768257844
highest fitness' coverage:   43.848881871117385
highest fitness' collisions: 0.1294614102859538
new generation:  1424
Fittest                      42.539944124560684
highest fitness' coverage:   43.83913928424638
highest fitness' collisions: 0.1299195159685692
new generation:  1425
Fittest                      42.54993138954951
highest fitness' coverage:   43.84912654923521
highest fitness' collisions: 0.12991951596856915
new generation:  1426
Fittest                      42.53115980250424
highest fitness' coverage:   43.830354962189936
highest fitness' collisions: 0.12991951596856918
new generation:  1427
Fittest                      42.55285117036845
highest fitness' coverage:   43.85204633005414
highest fitness' collisions: 0.12991951596856907
new generation:  1428
Fittest                      42.528196586089294
highest fitness' coverage:   43.82739174577498
highest fitness' collisions: 0.12991951596856907
new generation:  1429
Fittest                      42.51567131184437
highest fitness' coverage:   43.81486647153006
highest fitness' collisions: 0.1299195159685691
new generation:  1430
Fittest                      42.528290015510905
highest fitness' coverage:   43.82748517519659
highest fitness' collisions: 0.12991951596856913
new generation:  1431
Fittest                      42.525211853407534
highest fitness' coverage:   43.82440701309322
highest fitness' collisions: 0.1299195159685691
new generation:  1432
Fittest                      42.537220869335435
highest fitness' coverage:   43.83030521068263
highest fitness' collisions: 0.1293084341347196
new generation:  1433
Fittest                      42.521859038931865
highest fitness' coverage:   43.81494338027906
highest fitness' collisions: 0.1293084341347196
new generation:  1434
Fittest                      42.53446891622011
highest fitness' coverage:   43.82755325756731
highest fitness' collisions: 0.12930843413471965
new generation:  1435
Fittest                      42.531144136680425
highest fitness' coverage:   43.82422847802762
highest fitness' collisions: 0.12930843413471957
new generation:  1436
Fittest                      42.534026156286316
highest fitness' coverage:   43.82711049763351
highest fitness' collisions: 0.12930843413471957
new generation:  1437
Fittest                      42.52519467739327
highest fitness' coverage:   43.81827901874047
highest fitness' collisions: 0.12930843413471965
new generation:  1438
Fittest                      42.55920669140163
highest fitness' coverage:   43.85229103274882
highest fitness' collisions: 0.12930843413471968
new generation:  1439
Fittest                      42.57144735501335
highest fitness' coverage:   43.864531696360544
highest fitness' collisions: 0.12930843413471962
new generation:  1440
Fittest                      42.528049524843254
highest fitness' coverage:   43.82113386619045
highest fitness' collisions: 0.12930843413471968
new generation:  1441
Fittest                      42.53813617474057
highest fitness' coverage:   43.829967231934575
highest fitness' collisions: 0.12918310571940014
new generation:  1442
Fittest                      42.53257476005399
highest fitness' coverage:   43.82440581724799
highest fitness' collisions: 0.12918310571940017
new generation:  1443
Fittest                      42.562650808054144
highest fitness' coverage:   43.84898384745476
highest fitness' collisions: 0.12863330394006198
new generation:  1444
Fittest                      42.55076760353551
highest fitness' coverage:   43.83710064293613
highest fitness' collisions: 0.12863330394006195
new generation:  1445
Fittest                      42.531675791386505
highest fitness' coverage:   43.81800883078712
highest fitness' collisions: 0.12863330394006192
new generation:  1446
Fittest                      42.556561115816784
highest fitness' coverage:   43.8428941552174
highest fitness' collisions: 0.128633303940062
new generation:  1447
Fittest                      42.55655076087169
highest fitness' coverage:   43.842883800272304
highest fitness' collisions: 0.12863330394006192
new generation:  1448
Fittest                      42.54655021834637
highest fitness' coverage:   43.832883257746985
highest fitness' collisions: 0.12863330394006206
new generation:  1449
Fittest                      42.54146656767124
highest fitness' coverage:   43.80896311617696
highest fitness' collisions: 0.1267496548505721
new generation:  1450
Fittest                      42.54783887902371
highest fitness' coverage:   43.81533542752943
highest fitness' collisions: 0.12674965485057227
new generation:  1451
Fittest                      42.53830673280922
highest fitness' coverage:   43.80574585834863
highest fitness' collisions: 0.1267439125539415
new generation:  1452
Fittest                      42.577650685937456
highest fitness' coverage:   43.839839569355576
highest fitness' collisions: 0.12621888834181158
new generation:  1453
Fittest                      42.55953162082193
highest fitness' coverage:   43.82172050424004
highest fitness' collisions: 0.12621888834181152
new generation:  1454
Fittest                      42.58088460489233
highest fitness' coverage:   43.84307348831045
highest fitness' collisions: 0.12621888834181155
new generation:  1455
Fittest                      42.590756788698535
highest fitness' coverage:   43.84914377815345
highest fitness' collisions: 0.12583869894549107
new generation:  1456
Fittest                      42.55925799963112
highest fitness' coverage:   43.817644989086034
highest fitness' collisions: 0.12583869894549093
new generation:  1457
Fittest                      42.58454122814271
highest fitness' coverage:   43.842928217597624
highest fitness' collisions: 0.12583869894549107
new generation:  1458
Fittest                      42.551994022090376
highest fitness' coverage:   43.75673880065101
highest fitness' collisions: 0.12047447785606318
new generation:  1459
Fittest                      42.59537259478547
highest fitness' coverage:   43.800117373346104
highest fitness' collisions: 0.12047447785606315
new generation:  1460
Fittest                      42.58014241049556
highest fitness' coverage:   43.78488718905619
highest fitness' collisions: 0.12047447785606318
new generation:  1461
Fittest                      42.582998106039916
highest fitness' coverage:   43.78774288460055
highest fitness' collisions: 0.12047447785606313
new generation:  1462
Fittest                      42.57693517411653
highest fitness' coverage:   43.78167995267716
highest fitness' collisions: 0.12047447785606319
new generation:  1463
Fittest                      42.57362445619862
highest fitness' coverage:   43.77836923475925
highest fitness' collisions: 0.1204744778560632
new generation:  1464
Fittest                      42.57064014217059
highest fitness' coverage:   43.77538492073122
highest fitness' collisions: 0.12047447785606312
new generation:  1465
Fittest                      42.60485577992335
highest fitness' coverage:   43.81562615434472
highest fitness' collisions: 0.12107703744213745
new generation:  1466
Fittest                      42.564423963601755
highest fitness' coverage:   43.775194338023134
highest fitness' collisions: 0.12107703744213758
new generation:  1467
Fittest                      42.59261379006398
highest fitness' coverage:   43.80338416448535
highest fitness' collisions: 0.12107703744213753
new generation:  1468
Fittest                      42.568020500004884
highest fitness' coverage:   43.77879087442626
highest fitness' collisions: 0.12107703744213744
new generation:  1469
Fittest                      42.57417452639141
highest fitness' coverage:   43.78494490081278
highest fitness' collisions: 0.12107703744213749
new generation:  1470
Fittest                      42.564537269171225
highest fitness' coverage:   43.7753076435926
highest fitness' collisions: 0.12107703744213748
new generation:  1471
Fittest                      42.582961353255385
highest fitness' coverage:   43.79373172767676
highest fitness' collisions: 0.1210770374421375
new generation:  1472
Fittest                      42.55836868291809
highest fitness' coverage:   43.769139057339466
highest fitness' collisions: 0.12107703744213748
new generation:  1473
Fittest                      42.567267631590596
highest fitness' coverage:   43.77803800601197
highest fitness' collisions: 0.1210770374421375
new generation:  1474
Fittest                      42.57888059329076
highest fitness' coverage:   43.78218203031727
highest fitness' collisions: 0.12033014370265117
new generation:  1475
Fittest                      42.59127147938833
highest fitness' coverage:   43.79457291641484
highest fitness' collisions: 0.1203301437026512
new generation:  1476
Fittest                      42.582032541011976
highest fitness' coverage:   43.78533397803849
highest fitness' collisions: 0.12033014370265126
new generation:  1477
Fittest                      42.57919911912152
highest fitness' coverage:   43.78250055614803
highest fitness' collisions: 0.12033014370265119
new generation:  1478
Fittest                      42.56353266800306
highest fitness' coverage:   43.766834105029574
highest fitness' collisions: 0.12033014370265117
new generation:  1479
Fittest                      42.575138098005866
highest fitness' coverage:   43.779351545871734
highest fitness' collisions: 0.12042134478658684
new generation:  1480
Fittest                      42.56274162606151
highest fitness' coverage:   43.76695507392738
highest fitness' collisions: 0.12042134478658678
new generation:  1481
Fittest                      42.58124294118671
highest fitness' coverage:   43.78545638905258
highest fitness' collisions: 0.12042134478658681
new generation:  1482
Fittest                      42.599732905866325
highest fitness' coverage:   43.803946353732194
highest fitness' collisions: 0.12042134478658682
new generation:  1483
Fittest                      42.56894055725705
highest fitness' coverage:   43.773271494878415
highest fitness' collisions: 0.12043309376213619
new generation:  1484
Fittest                      42.57933799341826
highest fitness' coverage:   43.78891917316092
highest fitness' collisions: 0.1209581179742661
new generation:  1485
Fittest                      42.570835213707326
highest fitness' coverage:   43.77950438261063
highest fitness' collisions: 0.12086691689033055
new generation:  1486
Fittest                      42.5688014652474
highest fitness' coverage:   43.7857346107094
highest fitness' collisions: 0.12169331454619982
new generation:  1487
Fittest                      42.56872396549354
highest fitness' coverage:   43.78565711095554
highest fitness' collisions: 0.12169331454619987
new generation:  1488
Fittest                      42.556058098484684
highest fitness' coverage:   43.772991243946684
highest fitness' collisions: 0.12169331454619992
new generation:  1489
Fittest                      42.57187291741803
highest fitness' coverage:   43.79147047373417
highest fitness' collisions: 0.12195975563161482
new generation:  1490
Fittest                      42.569066082598205
highest fitness' coverage:   43.78854614915886
highest fitness' collisions: 0.12194800665606549
new generation:  1491
Fittest                      42.572187326097506
highest fitness' coverage:   43.79166739265816
highest fitness' collisions: 0.1219480066560654
new generation:  1492
Fittest                      42.56295180838762
highest fitness' coverage:   43.78243187494828
highest fitness' collisions: 0.12194800665606544
new generation:  1493
Fittest                      42.55728607879323
highest fitness' coverage:   43.76675242862994
highest fitness' collisions: 0.1209466349836708
new generation:  1494
Fittest                      42.566924145116566
highest fitness' coverage:   43.776390494953276
highest fitness' collisions: 0.12094663498367089
new generation:  1495
Fittest                      42.59106316853333
highest fitness' coverage:   43.80052951837004
highest fitness' collisions: 0.12094663498367081
new generation:  1496
Fittest                      42.5951551022135
highest fitness' coverage:   43.80462145205021
highest fitness' collisions: 0.12094663498367092
new generation:  1497
Fittest                      42.572631529760244
highest fitness' coverage:   43.782097879596954
highest fitness' collisions: 0.12094663498367082
new generation:  1498
Fittest                      42.555717762988635
highest fitness' coverage:   43.77961304543981
highest fitness' collisions: 0.1223895282451172
new generation:  1499
Fittest                      42.55194847624129
highest fitness' coverage:   43.77584375869247
highest fitness' collisions: 0.12238952824511729
new generation:  1500
Fittest                      42.5739897253955
highest fitness' coverage:   43.79788500784667
highest fitness' collisions: 0.12238952824511727
new generation:  1501
Fittest                      42.53968842764594
highest fitness' coverage:   43.763583710097116
highest fitness' collisions: 0.12238952824511733
new generation:  1502
Fittest                      42.558758866004574
highest fitness' coverage:   43.78845788618272
highest fitness' collisions: 0.12296990201781474
new generation:  1503
Fittest                      42.55865545909011
highest fitness' coverage:   43.78867070703428
highest fitness' collisions: 0.12300152479441655
new generation:  1504
Fittest                      42.561780785685315
highest fitness' coverage:   43.79179603362948
highest fitness' collisions: 0.12300152479441637
new generation:  1505
Fittest                      42.561708311639215
highest fitness' coverage:   43.79172355958338
highest fitness' collisions: 0.12300152479441646
new generation:  1506
Fittest                      42.530476881866235
highest fitness' coverage:   43.7604921298104
highest fitness' collisions: 0.12300152479441646
new generation:  1507
Fittest                      42.55953276101812
highest fitness' coverage:   43.78888731551427
highest fitness' collisions: 0.1229354554496157
new generation:  1508
Fittest                      42.54341127241758
highest fitness' coverage:   43.772765826913734
highest fitness' collisions: 0.12293545544961572
new generation:  1509
Fittest                      42.56846145863401
highest fitness' coverage:   43.797816013130166
highest fitness' collisions: 0.12293545544961573
new generation:  1510
Fittest                      42.55958906013888
highest fitness' coverage:   43.78894361463504
highest fitness' collisions: 0.12293545544961572
new generation:  1511
Fittest                      42.55669988098993
highest fitness' coverage:   43.77573389103388
highest fitness' collisions: 0.12190340100439508
new generation:  1512
Fittest                      42.57271604680974
highest fitness' coverage:   43.79175005685369
highest fitness' collisions: 0.12190340100439506
new generation:  1513
Fittest                      42.56021786498251
highest fitness' coverage:   43.77925187502646
highest fitness' collisions: 0.12190340100439503
new generation:  1514
Fittest                      42.56318411616208
highest fitness' coverage:   43.782218126206025
highest fitness' collisions: 0.121903401004395
new generation:  1515
Fittest                      42.55744303491904
highest fitness' coverage:   43.77647704496299
highest fitness' collisions: 0.12190340100439503
new generation:  1516
Fittest                      42.550150092095286
highest fitness' coverage:   43.77565368313355
highest fitness' collisions: 0.12255035910382596
new generation:  1517
Fittest                      42.547428924296476
highest fitness' coverage:   43.77293251533474
highest fitness' collisions: 0.12255035910382595
new generation:  1518
Fittest                      42.556615458280895
highest fitness' coverage:   43.78211904931916
highest fitness' collisions: 0.12255035910382595
new generation:  1519
Fittest                      42.55742211711193
highest fitness' coverage:   43.782925708150195
highest fitness' collisions: 0.12255035910382606
new generation:  1520
Fittest                      42.54154217327814
highest fitness' coverage:   43.7670457643164
highest fitness' collisions: 0.122550359103826
new generation:  1521
Fittest                      42.547460990573505
highest fitness' coverage:   43.77296458161177
highest fitness' collisions: 0.12255035910382599
new generation:  1522
Fittest                      42.556827450089195
highest fitness' coverage:   43.782331041127456
highest fitness' collisions: 0.12255035910382599
new generation:  1523
Fittest                      42.55365873813864
highest fitness' coverage:   43.7791623291769
highest fitness' collisions: 0.12255035910382603
new generation:  1524
Fittest                      42.538707730364706
highest fitness' coverage:   43.76421132140297
highest fitness' collisions: 0.12255035910382604
new generation:  1525
Fittest                      42.562090176081064
highest fitness' coverage:   43.78850577795868
highest fitness' collisions: 0.12264156018776158
new generation:  1526
Fittest                      42.549768910687305
highest fitness' coverage:   43.776184512564924
highest fitness' collisions: 0.1226415601877616
new generation:  1527
Fittest                      42.580299482517695
highest fitness' coverage:   43.80723989185556
highest fitness' collisions: 0.12269404093378655
new generation:  1528
Fittest                      42.55233123029989
highest fitness' coverage:   43.779271639637756
highest fitness' collisions: 0.12269404093378658
new generation:  1529
Fittest                      42.56097651040112
highest fitness' coverage:   43.77926433301185
highest fitness' collisions: 0.12182878226107326
new generation:  1530
Fittest                      42.551551427376964
highest fitness' coverage:   43.7698392499877
highest fitness' collisions: 0.12182878226107331
new generation:  1531
Fittest                      42.55774075502091
highest fitness' coverage:   43.77602857763164
highest fitness' collisions: 0.12182878226107333
new generation:  1532
Fittest                      42.560839535137774
highest fitness' coverage:   43.77912735774851
highest fitness' collisions: 0.12182878226107323
new generation:  1533
Fittest                      42.57306168329184
highest fitness' coverage:   43.79134950590257
highest fitness' collisions: 0.12182878226107334
new generation:  1534
Fittest                      42.59347932069126
highest fitness' coverage:   43.817167566668815
highest fitness' collisions: 0.12236882459775582
new generation:  1535
Fittest                      42.558509863556004
highest fitness' coverage:   43.78219810953356
highest fitness' collisions: 0.12236882459775578
new generation:  1536
Fittest                      42.56853572108772
highest fitness' coverage:   43.792223967065276
highest fitness' collisions: 0.12236882459775579
new generation:  1537
Fittest                      42.57415570413839
highest fitness' coverage:   43.79784395011595
highest fitness' collisions: 0.12236882459775583
new generation:  1538
Fittest                      42.56838330516712
highest fitness' coverage:   43.79207155114467
highest fitness' collisions: 0.12236882459775585
new generation:  1539
Fittest                      42.571817730031235
highest fitness' coverage:   43.79550597600879
highest fitness' collisions: 0.12236882459775586
new generation:  1540
Fittest                      42.565492374406624
highest fitness' coverage:   43.78918062038418
highest fitness' collisions: 0.12236882459775582
new generation:  1541
Fittest                      42.57806052045838
highest fitness' coverage:   43.801748766435935
highest fitness' collisions: 0.12236882459775579
new generation:  1542
Fittest                      42.56542498924293
highest fitness' coverage:   43.78911323522048
highest fitness' collisions: 0.12236882459775589
new generation:  1543
Fittest                      42.575022830451914
highest fitness' coverage:   43.80473667229022
highest fitness' collisions: 0.12297138418383015
new generation:  1544
Fittest                      42.56963778878987
highest fitness' coverage:   43.798439619788816
highest fitness' collisions: 0.12288018309989451
new generation:  1545
Fittest                      42.569330896151804
highest fitness' coverage:   43.79210713129001
highest fitness' collisions: 0.12227762351382022
new generation:  1546
Fittest                      42.575418365814315
highest fitness' coverage:   43.79819460095252
highest fitness' collisions: 0.1222776235138202
new generation:  1547
Fittest                      42.60065929264058
highest fitness' coverage:   43.82343552777878
highest fitness' collisions: 0.12227762351382016
new generation:  1548
Fittest                      42.60080936988011
highest fitness' coverage:   43.82358560501831
highest fitness' collisions: 0.1222776235138202
new generation:  1549
Fittest                      42.57554484935519
highest fitness' coverage:   43.7981662028315
highest fitness' collisions: 0.12226213534763107
new generation:  1550
Fittest                      42.57536087808682
highest fitness' coverage:   43.79798223156313
highest fitness' collisions: 0.12226213534763108
new generation:  1551
Fittest                      42.57905055789161
highest fitness' coverage:   43.801671911367926
highest fitness' collisions: 0.12226213534763106
new generation:  1552
Fittest                      42.56967543892466
highest fitness' coverage:   43.792296792400975
highest fitness' collisions: 0.12226213534763117
new generation:  1553
Fittest                      42.56997761845321
highest fitness' coverage:   43.79259897192952
highest fitness' collisions: 0.12226213534763108
new generation:  1554
Fittest                      42.57231358851659
highest fitness' coverage:   43.794934941992906
highest fitness' collisions: 0.122262135347631
new generation:  1555
Fittest                      42.56628902440567
highest fitness' coverage:   43.78891037788198
highest fitness' collisions: 0.12226213534763113
new generation:  1556
Fittest                      42.58209751626894
highest fitness' coverage:   43.80471886974525
highest fitness' collisions: 0.1222621353476311
new generation:  1557
Fittest                      42.5882990426405
highest fitness' coverage:   43.81092039611681
highest fitness' collisions: 0.12226213534763108
new generation:  1558
Fittest                      42.59481151804439
highest fitness' coverage:   43.8174328715207
highest fitness' collisions: 0.12226213534763106
new generation:  1559
Fittest                      42.566700524942235
highest fitness' coverage:   43.78932187841855
highest fitness' collisions: 0.12226213534763113
new generation:  1560
Fittest                      42.597971569116744
highest fitness' coverage:   43.82027669482704
highest fitness' collisions: 0.12223051257102947
new generation:  1561
Fittest                      42.61041950456652
highest fitness' coverage:   43.832724630276815
highest fitness' collisions: 0.12223051257102942
new generation:  1562
Fittest                      42.59048849000896
highest fitness' coverage:   43.804672823475045
highest fitness' collisions: 0.12141843334660887
new generation:  1563
Fittest                      42.61181507910791
highest fitness' coverage:   43.81997381671326
highest fitness' collisions: 0.12081587376053453
new generation:  1564
Fittest                      42.59632968477287
highest fitness' coverage:   43.80448842237821
highest fitness' collisions: 0.12081587376053446
new generation:  1565
Fittest                      42.58397718678499
highest fitness' coverage:   43.79213592439034
highest fitness' collisions: 0.12081587376053451
new generation:  1566
Fittest                      42.57268190506387
highest fitness' coverage:   43.77934562479698
highest fitness' collisions: 0.12066637197331115
new generation:  1567
Fittest                      42.59759837798766
highest fitness' coverage:   43.80538411617507
highest fitness' collisions: 0.12077857381874137
new generation:  1568
Fittest                      42.59053887082675
highest fitness' coverage:   43.79832460901416
highest fitness' collisions: 0.12077857381874134
new generation:  1569
Fittest                      42.581448154574616
highest fitness' coverage:   43.78923389276203
highest fitness' collisions: 0.12077857381874137
new generation:  1570
Fittest                      42.5806717194746
highest fitness' coverage:   43.78295732004635
highest fitness' collisions: 0.12022856005717455
new generation:  1571
Fittest                      42.60862313658563
highest fitness' coverage:   43.810908737157376
highest fitness' collisions: 0.12022856005717465
new generation:  1572
Fittest                      42.59295492515012
highest fitness' coverage:   43.795240525721866
highest fitness' collisions: 0.12022856005717457
new generation:  1573
Fittest                      42.593230808448546
highest fitness' coverage:   43.795516409020294
highest fitness' collisions: 0.12022856005717465
new generation:  1574
Fittest                      42.596374916270605
highest fitness' coverage:   43.798660516842354
highest fitness' collisions: 0.12022856005717467
new generation:  1575
Fittest                      42.59302906653847
highest fitness' coverage:   43.79531466711022
highest fitness' collisions: 0.12022856005717458
new generation:  1576
Fittest                      42.608169618479444
highest fitness' coverage:   43.81045521905119
highest fitness' collisions: 0.12022856005717467
new generation:  1577
Fittest                      42.57419572257204
highest fitness' coverage:   43.77648132314379
highest fitness' collisions: 0.12022856005717462
new generation:  1578
Fittest                      42.586361972150655
highest fitness' coverage:   43.788647572722404
highest fitness' collisions: 0.12022856005717458
new generation:  1579
Fittest                      42.60272136499622
highest fitness' coverage:   43.80500696556797
highest fitness' collisions: 0.12022856005717462
new generation:  1580
Fittest                      42.62155341386125
highest fitness' coverage:   43.921580195538944
highest fitness' collisions: 0.13000267816776948
new generation:  1581
Fittest                      42.64983024990045
highest fitness' coverage:   43.94985703157814
highest fitness' collisions: 0.13000267816776953
new generation:  1582
Fittest                      42.68395058013794
highest fitness' coverage:   43.92193983315588
highest fitness' collisions: 0.12379892530179436
new generation:  1583
Fittest                      42.74757073716432
highest fitness' coverage:   43.98399210871492
highest fitness' collisions: 0.12364213715506076
new generation:  1584
Fittest                      42.70486297287358
highest fitness' coverage:   43.95878434594735
highest fitness' collisions: 0.12539213730737714
new generation:  1585
Fittest                      42.69295206892792
highest fitness' coverage:   43.946873442001696
highest fitness' collisions: 0.12539213730737725
new generation:  1586
Fittest                      42.69902826714007
highest fitness' coverage:   43.952949640213845
highest fitness' collisions: 0.12539213730737728
new generation:  1587
Fittest                      42.70270443176211
highest fitness' coverage:   43.95662580483588
highest fitness' collisions: 0.12539213730737722
new generation:  1588
Fittest                      42.702107630048545
highest fitness' coverage:   43.95602900312232
highest fitness' collisions: 0.12539213730737728
new generation:  1589
Fittest                      42.71479181144806
highest fitness' coverage:   43.96871318452183
highest fitness' collisions: 0.12539213730737722
new generation:  1590
Fittest                      42.71762669556504
highest fitness' coverage:   43.97154806863881
highest fitness' collisions: 0.12539213730737714
new generation:  1591
Fittest                      42.707982278393175
highest fitness' coverage:   43.955878055606206
highest fitness' collisions: 0.1247895777213029
new generation:  1592
Fittest                      42.71081260479249
highest fitness' coverage:   43.95870838200552
highest fitness' collisions: 0.12478957772130285
new generation:  1593
Fittest                      42.68992881632413
highest fitness' coverage:   43.93782459353716
highest fitness' collisions: 0.12478957772130285
new generation:  1594
Fittest                      42.69611431381962
highest fitness' coverage:   43.94401009103265
highest fitness' collisions: 0.1247895777213029
new generation:  1595
Fittest                      42.70475150955485
highest fitness' coverage:   43.952647286767885
highest fitness' collisions: 0.12478957772130282
new generation:  1596
Fittest                      42.69857640310269
highest fitness' coverage:   43.94647218031572
highest fitness' collisions: 0.12478957772130288
new generation:  1597
Fittest                      42.69244948989168
highest fitness' coverage:   43.94034526710471
highest fitness' collisions: 0.12478957772130286
new generation:  1598
Fittest                      42.736040432543845
highest fitness' coverage:   43.94350280970605
highest fitness' collisions: 0.12074623771622028
new generation:  1599
Fittest                      42.73621126739824
highest fitness' coverage:   43.94367364456044
highest fitness' collisions: 0.12074623771622028
new generation:  1600
Fittest                      42.76433243582798
highest fitness' coverage:   43.97179481299018
highest fitness' collisions: 0.12074623771622026
new generation:  1601
Fittest                      42.74541236562969
highest fitness' coverage:   43.95287474279189
highest fitness' collisions: 0.1207462377162203
new generation:  1602
Fittest                      42.72046420680718
highest fitness' coverage:   43.92792658396938
highest fitness' collisions: 0.12074623771622024
new generation:  1603
Fittest                      42.738972837540054
highest fitness' coverage:   43.946435214702255
highest fitness' collisions: 0.12074623771622023
new generation:  1604
Fittest                      42.748042201895885
highest fitness' coverage:   43.955504579058086
highest fitness' collisions: 0.12074623771622031
new generation:  1605
Fittest                      42.72666151601209
highest fitness' coverage:   43.934123893174295
highest fitness' collisions: 0.12074623771622019
new generation:  1606
Fittest                      42.74879810010154
highest fitness' coverage:   43.95626047726374
highest fitness' collisions: 0.1207462377162202
new generation:  1607
Fittest                      42.76108080588862
highest fitness' coverage:   43.96854318305082
highest fitness' collisions: 0.12074623771622019
new generation:  1608
Fittest                      42.7609997821966
highest fitness' coverage:   43.9684621593588
highest fitness' collisions: 0.12074623771622027
new generation:  1609
Fittest                      42.75791417571621
highest fitness' coverage:   43.96537655287841
highest fitness' collisions: 0.12074623771622031
new generation:  1610
Fittest                      42.76087471005838
highest fitness' coverage:   43.96833708722058
highest fitness' collisions: 0.1207462377162202
new generation:  1611
Fittest                      42.73266075763059
highest fitness' coverage:   43.94012313479279
highest fitness' collisions: 0.1207462377162203
new generation:  1612
Fittest                      42.74744180755275
highest fitness' coverage:   43.977784495930905
highest fitness' collisions: 0.12303426883781571
new generation:  1613
Fittest                      42.7506047460278
highest fitness' coverage:   43.980947434405955
highest fitness' collisions: 0.12303426883781571
new generation:  1614
Fittest                      42.72845284767555
highest fitness' coverage:   43.95879553605371
highest fitness' collisions: 0.12303426883781572
new generation:  1615
Fittest                      42.74471263784998
highest fitness' coverage:   43.97505532622814
highest fitness' collisions: 0.12303426883781567
new generation:  1616
Fittest                      42.7259837835807
highest fitness' coverage:   43.95033360953324
highest fitness' collisions: 0.12243498259525336
new generation:  1617
Fittest                      42.72209869964964
highest fitness' coverage:   43.94644852560218
highest fitness' collisions: 0.12243498259525347
new generation:  1618
Fittest                      42.73908295824591
highest fitness' coverage:   43.93417298364068
highest fitness' collisions: 0.1195090025394772
new generation:  1619
Fittest                      42.78568762708423
highest fitness' coverage:   43.980777652479006
highest fitness' collisions: 0.1195090025394773
new generation:  1620
Fittest                      42.7664053271708
highest fitness' coverage:   43.977624428950676
highest fitness' collisions: 0.12112191017798721
new generation:  1621
Fittest                      42.76644252535209
highest fitness' coverage:   43.977661627131965
highest fitness' collisions: 0.12112191017798721
new generation:  1622
Fittest                      42.73810826982323
highest fitness' coverage:   43.949327371603104
highest fitness' collisions: 0.12112191017798722
new generation:  1623
Fittest                      42.7414389424331
highest fitness' coverage:   43.952658044212974
highest fitness' collisions: 0.12112191017798729
new generation:  1624
Fittest                      42.75057111941562
highest fitness' coverage:   43.96179022119549
highest fitness' collisions: 0.12112191017798728
new generation:  1625
Fittest                      42.735544070663956
highest fitness' coverage:   43.94676317244383
highest fitness' collisions: 0.1211219101779872
new generation:  1626
Fittest                      42.73572298825666
highest fitness' coverage:   43.946942090036536
highest fitness' collisions: 0.12112191017798724
new generation:  1627
Fittest                      42.78248534450906
highest fitness' coverage:   43.99370444628894
highest fitness' collisions: 0.12112191017798722
new generation:  1628
Fittest                      42.73248344044569
highest fitness' coverage:   43.943702542225566
highest fitness' collisions: 0.12112191017798724
new generation:  1629
Fittest                      42.73297079598851
highest fitness' coverage:   43.94366509030813
highest fitness' collisions: 0.12106942943196228
new generation:  1630
Fittest                      42.7701880285455
highest fitness' coverage:   43.98088232286512
highest fitness' collisions: 0.12106942943196228
new generation:  1631
Fittest                      42.7418508589935
highest fitness' coverage:   43.952545153313125
highest fitness' collisions: 0.12106942943196228
new generation:  1632
Fittest                      42.75758541146498
highest fitness' coverage:   43.9682797057846
highest fitness' collisions: 0.12106942943196221
new generation:  1633
Fittest                      42.73616530037769
highest fitness' coverage:   43.946859594697315
highest fitness' collisions: 0.12106942943196226
new generation:  1634
Fittest                      42.748380805426926
highest fitness' coverage:   43.95907509974655
highest fitness' collisions: 0.12106942943196226
new generation:  1635
Fittest                      42.73577037413088
highest fitness' coverage:   43.9464646684505
highest fitness' collisions: 0.12106942943196226
new generation:  1636
Fittest                      42.73790491329648
highest fitness' coverage:   43.94637325376508
highest fitness' collisions: 0.12084683404685997
new generation:  1637
Fittest                      42.74317867941705
highest fitness' coverage:   43.952743498081794
highest fitness' collisions: 0.12095648186647431
new generation:  1638
Fittest                      42.74328000678786
highest fitness' coverage:   43.95284482545261
highest fitness' collisions: 0.1209564818664744
new generation:  1639
Fittest                      42.746836981128794
highest fitness' coverage:   43.949416377488255
highest fitness' collisions: 0.12025793963594586
new generation:  1640
Fittest                      42.753209123681835
highest fitness' coverage:   43.955788520041295
highest fitness' collisions: 0.12025793963594586
new generation:  1641
Fittest                      42.737690477073556
highest fitness' coverage:   43.94026987343302
highest fitness' collisions: 0.12025793963594585
new generation:  1642
Fittest                      42.756139137698106
highest fitness' coverage:   43.95871853405757
highest fitness' collisions: 0.12025793963594583
new generation:  1643
Fittest                      42.747055813258385
highest fitness' coverage:   43.949635209617846
highest fitness' collisions: 0.12025793963594585
new generation:  1644
Fittest                      42.750400494587524
highest fitness' coverage:   43.952979890946985
highest fitness' collisions: 0.12025793963594594
new generation:  1645
Fittest                      42.73717842394292
highest fitness' coverage:   43.9400740480684
highest fitness' collisions: 0.12028956241254758
new generation:  1646
Fittest                      42.77517280999127
highest fitness' coverage:   43.97806843411674
highest fitness' collisions: 0.12028956241254754
new generation:  1647
Fittest                      42.753025588204096
highest fitness' coverage:   43.95592121232957
highest fitness' collisions: 0.12028956241254754
new generation:  1648
Fittest                      42.750041787376524
highest fitness' coverage:   43.952937411502
highest fitness' collisions: 0.1202895624125476
new generation:  1649
Fittest                      42.73762164585699
highest fitness' coverage:   43.940517269982465
highest fitness' collisions: 0.12028956241254746
new generation:  1650
Fittest                      42.74658149928646
highest fitness' coverage:   43.94947712341193
highest fitness' collisions: 0.12028956241254743
new generation:  1651
Fittest                      42.75027997184903
highest fitness' coverage:   43.95317559597451
highest fitness' collisions: 0.12028956241254746
new generation:  1652
Fittest                      42.77956715687143
highest fitness' coverage:   43.99514306654867
highest fitness' collisions: 0.12155759096772407
new generation:  1653
Fittest                      42.820128592585775
highest fitness' coverage:   44.033485861514066
highest fitness' collisions: 0.1213357268928294
new generation:  1654
Fittest                      42.82354085566718
highest fitness' coverage:   44.036898124595474
highest fitness' collisions: 0.12133572689282947
new generation:  1655
Fittest                      42.83613856063649
highest fitness' coverage:   44.04949582956478
highest fitness' collisions: 0.12133572689282948
new generation:  1656
Fittest                      42.81069656477112
highest fitness' coverage:   44.02405383369941
highest fitness' collisions: 0.12133572689282943
new generation:  1657
Fittest                      42.841660222476065
highest fitness' coverage:   44.05501749140436
highest fitness' collisions: 0.12133572689282936
new generation:  1658
Fittest                      42.8416509345399
highest fitness' coverage:   44.05500820346819
highest fitness' collisions: 0.12133572689282945
new generation:  1659
Fittest                      42.81403558683406
highest fitness' coverage:   44.02739285576235
highest fitness' collisions: 0.12133572689282947
new generation:  1660
Fittest                      42.84194264260204
highest fitness' coverage:   44.055299911530334
highest fitness' collisions: 0.12133572689282941
new generation:  1661
Fittest                      42.83263988543928
highest fitness' coverage:   44.049160944532005
highest fitness' collisions: 0.12165210590927307
new generation:  1662
Fittest                      42.81708246485957
highest fitness' coverage:   44.033603523952294
highest fitness' collisions: 0.12165210590927301
new generation:  1663
Fittest                      42.826256294933486
highest fitness' coverage:   44.042777354026214
highest fitness' collisions: 0.1216521059092731
new generation:  1664
Fittest                      42.828944992753236
highest fitness' coverage:   44.04546605184596
highest fitness' collisions: 0.12165210590927307
new generation:  1665
Fittest                      42.81979880729881
highest fitness' coverage:   44.036319866391544
highest fitness' collisions: 0.12165210590927311
new generation:  1666
Fittest                      42.83256852303834
highest fitness' coverage:   44.04908958213107
highest fitness' collisions: 0.12165210590927304
new generation:  1667
Fittest                      42.832740842953335
highest fitness' coverage:   44.04926190204606
highest fitness' collisions: 0.121652105909273
new generation:  1668
Fittest                      42.804916236501874
highest fitness' coverage:   44.02143729559461
highest fitness' collisions: 0.12165210590927311
new generation:  1669
Fittest                      42.829263471811835
highest fitness' coverage:   44.04578453090456
highest fitness' collisions: 0.12165210590927306
new generation:  1670
Fittest                      42.83571016941478
highest fitness' coverage:   44.05223122850751
highest fitness' collisions: 0.12165210590927303
new generation:  1671
Fittest                      42.810749529694824
highest fitness' coverage:   44.02727058878755
highest fitness' collisions: 0.12165210590927303
new generation:  1672
Fittest                      42.82970559256106
highest fitness' coverage:   44.04622665165379
highest fitness' collisions: 0.12165210590927297
new generation:  1673
Fittest                      42.82641533125137
highest fitness' coverage:   44.042936390344096
highest fitness' collisions: 0.12165210590927307
new generation:  1674
Fittest                      42.80163584030125
highest fitness' coverage:   44.01815689939398
highest fitness' collisions: 0.12165210590927307
new generation:  1675
Fittest                      42.81120665300191
highest fitness' coverage:   44.02772771209464
highest fitness' collisions: 0.12165210590927304
new generation:  1676
Fittest                      42.80151793350874
highest fitness' coverage:   44.01803899260147
highest fitness' collisions: 0.12165210590927306
new generation:  1677
Fittest                      42.82317762003389
highest fitness' coverage:   44.039698679126616
highest fitness' collisions: 0.12165210590927306
new generation:  1678
Fittest                      42.833168559522875
highest fitness' coverage:   44.0496896186156
highest fitness' collisions: 0.12165210590927306
new generation:  1679
Fittest                      42.82144474059711
highest fitness' coverage:   44.02441468224002
highest fitness' collisions: 0.12029699416429107
new generation:  1680
Fittest                      42.85002802410057
highest fitness' coverage:   44.05236479431486
highest fitness' collisions: 0.12023367702142948
new generation:  1681
Fittest                      42.824988244159364
highest fitness' coverage:   44.02732501437366
highest fitness' collisions: 0.12023367702142944
new generation:  1682
Fittest                      42.8406291563344
highest fitness' coverage:   44.042965926548696
highest fitness' collisions: 0.12023367702142942
new generation:  1683
Fittest                      42.83685425642801
highest fitness' coverage:   44.03919102664231
highest fitness' collisions: 0.12023367702142942
new generation:  1684
Fittest                      42.843419869931004
highest fitness' coverage:   44.0457566401453
highest fitness' collisions: 0.12023367702142942
new generation:  1685
Fittest                      42.846762066118195
highest fitness' coverage:   44.04909883633249
highest fitness' collisions: 0.12023367702142945
new generation:  1686
Fittest                      42.834798013995055
highest fitness' coverage:   44.03669231439839
highest fitness' collisions: 0.12018943004033329
new generation:  1687
Fittest                      42.850450594844006
highest fitness' coverage:   44.05234489524734
highest fitness' collisions: 0.12018943004033325
new generation:  1688
Fittest                      42.826730391750054
highest fitness' coverage:   44.033872766755884
highest fitness' collisions: 0.12071423750058306
new generation:  1689
Fittest                      42.85113719597527
highest fitness' coverage:   44.0582795709811
highest fitness' collisions: 0.12071423750058306
new generation:  1690
Fittest                      42.82684730789856
highest fitness' coverage:   44.03398968290439
highest fitness' collisions: 0.12071423750058305
new generation:  1691
Fittest                      42.823228659143886
highest fitness' coverage:   44.03037103414972
highest fitness' collisions: 0.12071423750058306
new generation:  1692
Fittest                      42.860336546648384
highest fitness' coverage:   44.067478921654214
highest fitness' collisions: 0.12071423750058309
new generation:  1693
Fittest                      42.83270593679616
highest fitness' coverage:   44.03984831180199
highest fitness' collisions: 0.12071423750058302
new generation:  1694
Fittest                      42.83899742744586
highest fitness' coverage:   44.04613980245169
highest fitness' collisions: 0.12071423750058301
new generation:  1695
Fittest                      42.86247590050611
highest fitness' coverage:   44.06752897938109
highest fitness' collisions: 0.12050530788749755
new generation:  1696
Fittest                      42.86547083479639
highest fitness' coverage:   44.07654950953211
highest fitness' collisions: 0.121107867473572
new generation:  1697
Fittest                      42.853676557513936
highest fitness' coverage:   44.06475523224965
highest fitness' collisions: 0.12110786747357198
new generation:  1698
Fittest                      42.83769398556672
highest fitness' coverage:   44.04877266030244
highest fitness' collisions: 0.121107867473572
new generation:  1699
Fittest                      42.844041460388645
highest fitness' coverage:   44.05512013512436
highest fitness' collisions: 0.12110786747357197
new generation:  1700
Fittest                      42.82611792224223
highest fitness' coverage:   44.03719659697796
highest fitness' collisions: 0.12110786747357202
new generation:  1701
Fittest                      42.84145021257477
highest fitness' coverage:   44.052528887310494
highest fitness' collisions: 0.12110786747357205
new generation:  1702
Fittest                      42.83234757293087
highest fitness' coverage:   44.04342624766659
highest fitness' collisions: 0.1211078674735719
new generation:  1703
Fittest                      42.81014925002711
highest fitness' coverage:   44.021227924762826
highest fitness' collisions: 0.12110786747357195
new generation:  1704
Fittest                      42.82266197164395
highest fitness' coverage:   44.03374064637967
highest fitness' collisions: 0.12110786747357204
new generation:  1705
Fittest                      42.82888827596791
highest fitness' coverage:   44.03996695070363
highest fitness' collisions: 0.12110786747357194
new generation:  1706
Fittest                      42.82556626745148
highest fitness' coverage:   44.036644942187195
highest fitness' collisions: 0.12110786747357197
new generation:  1707
Fittest                      42.841172262472
highest fitness' coverage:   44.058276533068465
highest fitness' collisions: 0.12171042705964637
new generation:  1708
Fittest                      42.83182293461797
highest fitness' coverage:   44.04892720521443
highest fitness' collisions: 0.12171042705964641
new generation:  1709
Fittest                      42.81352122935069
highest fitness' coverage:   44.030625499947156
highest fitness' collisions: 0.12171042705964637
new generation:  1710
Fittest                      42.81301607880858
highest fitness' coverage:   44.030120349405045
highest fitness' collisions: 0.12171042705964635
new generation:  1711
Fittest                      42.82232977576256
highest fitness' coverage:   44.03943404635903
highest fitness' collisions: 0.12171042705964633
new generation:  1712
Fittest                      42.8177784474634
highest fitness' coverage:   44.03376069960556
highest fitness' collisions: 0.12159822521421618
new generation:  1713
Fittest                      42.82375023507859
highest fitness' coverage:   44.03941625945474
highest fitness' collisions: 0.12156660243761445
new generation:  1714
Fittest                      42.83308085253019
highest fitness' coverage:   44.04874687690633
highest fitness' collisions: 0.12156660243761444
new generation:  1715
Fittest                      42.833496675103916
highest fitness' coverage:   44.049162699480064
highest fitness' collisions: 0.12156660243761454
new generation:  1716
Fittest                      42.82110052830408
highest fitness' coverage:   44.03676655268022
highest fitness' collisions: 0.12156660243761439
new generation:  1717
Fittest                      42.80216487301023
highest fitness' coverage:   44.017830897386375
highest fitness' collisions: 0.1215666024376145
new generation:  1718
Fittest                      42.793027853601835
highest fitness' coverage:   44.00869387797798
highest fitness' collisions: 0.12156660243761452
new generation:  1719
Fittest                      42.830331761915545
highest fitness' coverage:   44.045980774566566
highest fitness' collisions: 0.12156490126510196
new generation:  1720
Fittest                      42.83068406096318
highest fitness' coverage:   44.0463330736142
highest fitness' collisions: 0.12156490126510201
new generation:  1721
Fittest                      42.84293261512492
highest fitness' coverage:   44.05858162777594
highest fitness' collisions: 0.12156490126510192
new generation:  1722
Fittest                      42.84913683197178
highest fitness' coverage:   44.0647858446228
highest fitness' collisions: 0.12156490126510196
new generation:  1723
Fittest                      42.82408962900148
highest fitness' coverage:   44.0397386416525
highest fitness' collisions: 0.12156490126510192
new generation:  1724
Fittest                      42.82107938867064
highest fitness' coverage:   44.03672840132166
highest fitness' collisions: 0.12156490126510193
new generation:  1725
Fittest                      42.827314169818294
highest fitness' coverage:   44.036746646461246
highest fitness' collisions: 0.12094324766429491
new generation:  1726
Fittest                      42.820878475445724
highest fitness' coverage:   44.03650222087148
highest fitness' collisions: 0.12156237454257592
new generation:  1727
Fittest                      42.80807950188159
highest fitness' coverage:   44.02370324730735
highest fitness' collisions: 0.12156237454257585
new generation:  1728
Fittest                      42.84005098031407
highest fitness' coverage:   44.05567472573983
highest fitness' collisions: 0.12156237454257589
new generation:  1729
Fittest                      42.80579574782315
highest fitness' coverage:   44.02141949324891
highest fitness' collisions: 0.12156237454257587
new generation:  1730
Fittest                      42.82754556668816
highest fitness' coverage:   44.04316931211392
highest fitness' collisions: 0.12156237454257587
new generation:  1731
Fittest                      42.81776355923098
highest fitness' coverage:   44.03338730465674
highest fitness' collisions: 0.12156237454257593
new generation:  1732
Fittest                      42.815033851696946
highest fitness' coverage:   44.030657597122705
highest fitness' collisions: 0.12156237454257593
new generation:  1733
Fittest                      42.82388460708102
highest fitness' coverage:   44.03348275664604
highest fitness' collisions: 0.12095981495650152
new generation:  1734
Fittest                      42.8708301730196
highest fitness' coverage:   44.080428322584616
highest fitness' collisions: 0.12095981495650153
new generation:  1735
Fittest                      42.83348318704915
highest fitness' coverage:   44.043081336614165
highest fitness' collisions: 0.12095981495650146
new generation:  1736
Fittest                      42.82934497673516
highest fitness' coverage:   44.04894433411445
highest fitness' collisions: 0.1219599357379292
new generation:  1737
Fittest                      42.82954985373084
highest fitness' coverage:   44.049149211110134
highest fitness' collisions: 0.1219599357379292
new generation:  1738
Fittest                      42.832449019153415
highest fitness' coverage:   44.05204837653271
highest fitness' collisions: 0.12195993573792928
new generation:  1739
Fittest                      42.81101653807054
highest fitness' coverage:   44.030615895449834
highest fitness' collisions: 0.1219599357379292
new generation:  1740
Fittest                      42.830680733526606
highest fitness' coverage:   44.018657314304214
highest fitness' collisions: 0.11879765807776088
new generation:  1741
Fittest                      42.82650599676276
highest fitness' coverage:   44.027335732682246
highest fitness' collisions: 0.12008297359194874
new generation:  1742
Fittest                      42.826642784060475
highest fitness' coverage:   44.02747251997996
highest fitness' collisions: 0.12008297359194861
new generation:  1743
Fittest                      42.84835590181854
highest fitness' coverage:   44.04918563773803
highest fitness' collisions: 0.12008297359194874
new generation:  1744
Fittest                      42.829441645543056
highest fitness' coverage:   44.03027138146254
highest fitness' collisions: 0.12008297359194867
new generation:  1745
Fittest                      42.84539446794205
highest fitness' coverage:   44.046224203861534
highest fitness' collisions: 0.12008297359194867
new generation:  1746
Fittest                      42.839621507380244
highest fitness' coverage:   44.04045124329973
highest fitness' collisions: 0.12008297359194862
new generation:  1747
Fittest                      42.82628098958289
highest fitness' coverage:   44.027110725502375
highest fitness' collisions: 0.12008297359194868
new generation:  1748
Fittest                      42.819774932660074
highest fitness' coverage:   44.02060466857956
highest fitness' collisions: 0.12008297359194872
new generation:  1749
Fittest                      42.82284760811401
highest fitness' coverage:   44.023677344033494
highest fitness' collisions: 0.12008297359194861
new generation:  1750
Fittest                      42.819847149621346
highest fitness' coverage:   44.02067688554083
highest fitness' collisions: 0.12008297359194872
new generation:  1751
Fittest                      42.816457625308146
highest fitness' coverage:   44.01728736122763
highest fitness' collisions: 0.1200829735919487
new generation:  1752
Fittest                      42.81979691437832
highest fitness' coverage:   44.02062665029781
highest fitness' collisions: 0.12008297359194868
new generation:  1753
Fittest                      42.83261180326549
highest fitness' coverage:   44.03344153918498
highest fitness' collisions: 0.12008297359194864
new generation:  1754
Fittest                      42.813254076566764
highest fitness' coverage:   44.01408381248625
highest fitness' collisions: 0.1200829735919486
new generation:  1755
Fittest                      42.822680504601635
highest fitness' coverage:   44.02351024052112
highest fitness' collisions: 0.12008297359194874
new generation:  1756
Fittest                      42.80421776346581
highest fitness' coverage:   44.00504749938529
highest fitness' collisions: 0.12008297359194875
new generation:  1757
Fittest                      42.81603164009318
highest fitness' coverage:   44.017893830909514
highest fitness' collisions: 0.1201862190816332
new generation:  1758
Fittest                      42.80315593994213
highest fitness' coverage:   44.00501813075846
highest fitness' collisions: 0.12018621908163313
new generation:  1759
Fittest                      42.79362830751708
highest fitness' coverage:   43.99549049833342
highest fitness' collisions: 0.12018621908163318
new generation:  1760
Fittest                      42.82192922425824
highest fitness' coverage:   44.02379141507457
highest fitness' collisions: 0.12018621908163313
new generation:  1761
Fittest                      42.84377260343343
highest fitness' coverage:   44.04563479424976
highest fitness' collisions: 0.12018621908163307
new generation:  1762
Fittest                      42.80750595901282
highest fitness' coverage:   44.00853848772335
highest fitness' collisions: 0.12010325287105246
new generation:  1763
Fittest                      42.829068444143914
highest fitness' coverage:   44.03010097285444
highest fitness' collisions: 0.12010325287105242
new generation:  1764
Fittest                      42.80420631770981
highest fitness' coverage:   44.00523884642034
highest fitness' collisions: 0.12010325287105242
new generation:  1765
Fittest                      42.82866738070645
highest fitness' coverage:   44.029699909416976
highest fitness' collisions: 0.12010325287105245
new generation:  1766
Fittest                      42.82513701244321
highest fitness' coverage:   44.02624183146812
highest fitness' collisions: 0.12011048190249111
new generation:  1767
Fittest                      42.82546166010631
highest fitness' coverage:   44.026566479131226
highest fitness' collisions: 0.12011048190249121
new generation:  1768
Fittest                      42.8136685953845
highest fitness' coverage:   44.01477341440941
highest fitness' collisions: 0.12011048190249118
new generation:  1769
Fittest                      42.83219955639573
highest fitness' coverage:   44.03330437542064
highest fitness' collisions: 0.12011048190249117
new generation:  1770
Fittest                      42.835415601281895
highest fitness' coverage:   44.03652042030681
highest fitness' collisions: 0.12011048190249107
new generation:  1771
Fittest                      42.82268902134295
highest fitness' coverage:   44.023793840367865
highest fitness' collisions: 0.12011048190249113
new generation:  1772
Fittest                      42.81318050962713
highest fitness' coverage:   44.01428532865204
highest fitness' collisions: 0.12011048190249117
new generation:  1773
Fittest                      42.797386014933274
highest fitness' coverage:   43.998490833958186
highest fitness' collisions: 0.12011048190249107
new generation:  1774
Fittest                      42.80690108202593
highest fitness' coverage:   44.00800590105084
highest fitness' collisions: 0.12011048190249116
new generation:  1775
Fittest                      42.8195477259496
highest fitness' coverage:   44.02065254497451
highest fitness' collisions: 0.12011048190249118
new generation:  1776
Fittest                      42.81753233894012
highest fitness' coverage:   44.02675795020924
highest fitness' collisions: 0.12092256112691173
new generation:  1777
Fittest                      42.8047270643783
highest fitness' coverage:   44.01395267564742
highest fitness' collisions: 0.12092256112691176
new generation:  1778
Fittest                      42.823574135518896
highest fitness' coverage:   44.032799746788015
highest fitness' collisions: 0.12092256112691166
new generation:  1779
Fittest                      42.823603665066095
highest fitness' coverage:   44.032829276335214
highest fitness' collisions: 0.12092256112691163
new generation:  1780
Fittest                      42.834150577317686
highest fitness' coverage:   44.039132561443516
highest fitness' collisions: 0.12049819841258301
new generation:  1781
Fittest                      42.815445698913706
highest fitness' coverage:   44.020427683039536
highest fitness' collisions: 0.12049819841258295
new generation:  1782
Fittest                      42.80611897873934
highest fitness' coverage:   44.01110096286517
highest fitness' collisions: 0.12049819841258304
new generation:  1783
Fittest                      42.81869650211176
highest fitness' coverage:   44.02367848623759
highest fitness' collisions: 0.12049819841258295
new generation:  1784
Fittest                      42.815630754553446
highest fitness' coverage:   44.020612738679276
highest fitness' collisions: 0.12049819841258302
new generation:  1785
Fittest                      42.82776119711861
highest fitness' coverage:   44.03274318124444
highest fitness' collisions: 0.12049819841258294
new generation:  1786
Fittest                      42.812131747940235
highest fitness' coverage:   44.017113732066065
highest fitness' collisions: 0.12049819841258297
new generation:  1787
Fittest                      42.81912113351497
highest fitness' coverage:   44.02582659677514
highest fitness' collisions: 0.1206705463260171
new generation:  1788
Fittest                      42.78482350281967
highest fitness' coverage:   43.99152896607984
highest fitness' collisions: 0.12067054632601718
new generation:  1789
Fittest                      42.82081893331663
highest fitness' coverage:   44.02897141134457
highest fitness' collisions: 0.120815247802794
new generation:  1790
Fittest                      42.798753617860186
highest fitness' coverage:   44.00074014586951
highest fitness' collisions: 0.12019865280093249
new generation:  1791
Fittest                      42.80171207797778
highest fitness' coverage:   44.00442283860238
highest fitness' collisions: 0.1202710760624601
new generation:  1792
Fittest                      42.7873324630159
highest fitness' coverage:   43.990872885746306
highest fitness' collisions: 0.12035404227304085
new generation:  1793
Fittest                      42.807308122065756
highest fitness' coverage:   44.01001888269035
highest fitness' collisions: 0.12027107606246004
new generation:  1794
Fittest                      42.79499600830236
highest fitness' coverage:   43.99770676892696
highest fitness' collisions: 0.12027107606246006
new generation:  1795
Fittest                      42.78840116508285
highest fitness' coverage:   43.99111192570746
highest fitness' collisions: 0.12027107606246014
new generation:  1796
Fittest                      42.80106939711133
highest fitness' coverage:   44.00378015773593
highest fitness' collisions: 0.12027107606246014
new generation:  1797
Fittest                      42.79755746942381
highest fitness' coverage:   44.000268230048405
highest fitness' collisions: 0.12027107606246008
new generation:  1798
Fittest                      42.80440370740864
highest fitness' coverage:   44.00711446803324
highest fitness' collisions: 0.12027107606246008
new generation:  1799
Fittest                      42.800826750242756
highest fitness' coverage:   44.00353751086736
highest fitness' collisions: 0.12027107606246015
new generation:  1800
Fittest                      42.800647455491756
highest fitness' coverage:   44.003358216116354
highest fitness' collisions: 0.12027107606246007
new generation:  1801
Fittest                      42.791843464549856
highest fitness' coverage:   43.994554225174454
highest fitness' collisions: 0.12027107606246006
new generation:  1802
Fittest                      42.78823669508925
highest fitness' coverage:   43.99094745571385
highest fitness' collisions: 0.12027107606246006
new generation:  1803
Fittest                      42.78537838381988
highest fitness' coverage:   43.98808914444448
highest fitness' collisions: 0.12027107606246001
new generation:  1804
Fittest                      42.78820596885202
highest fitness' coverage:   43.990916729476616
highest fitness' collisions: 0.12027107606246008
new generation:  1805
Fittest                      42.79153387109039
highest fitness' coverage:   43.994244631714984
highest fitness' collisions: 0.12027107606246011
new generation:  1806
Fittest                      42.791346018639146
highest fitness' coverage:   43.994056779263744
highest fitness' collisions: 0.12027107606246003
new generation:  1807
Fittest                      42.77621083321585
highest fitness' coverage:   43.978921593840454
highest fitness' collisions: 0.12027107606246017
new generation:  1808
Fittest                      42.78746028453767
highest fitness' coverage:   44.04262249826325
highest fitness' collisions: 0.1255162213725575
new generation:  1809
Fittest                      42.822059647930175
highest fitness' coverage:   44.07722186165575
highest fitness' collisions: 0.12551622137255744
new generation:  1810
Fittest                      42.83412679292795
highest fitness' coverage:   44.08928900665352
highest fitness' collisions: 0.12551622137255744
new generation:  1811
Fittest                      42.83139051617989
highest fitness' coverage:   44.08655272990546
highest fitness' collisions: 0.12551622137255744
new generation:  1812
Fittest                      42.82834321984964
highest fitness' coverage:   44.08350543357522
highest fitness' collisions: 0.1255162213725574
new generation:  1813
Fittest                      42.84984875123567
highest fitness' coverage:   44.105010964961245
highest fitness' collisions: 0.1255162213725574
new generation:  1814
Fittest                      42.849765444679704
highest fitness' coverage:   44.10492765840528
highest fitness' collisions: 0.1255162213725575
new generation:  1815
Fittest                      42.84063010295675
highest fitness' coverage:   44.09579231668233
highest fitness' collisions: 0.1255162213725575
new generation:  1816
Fittest                      42.826250973917794
highest fitness' coverage:   44.08619948856659
highest fitness' collisions: 0.12599485146488015
new generation:  1817
Fittest                      42.85789451862872
highest fitness' coverage:   44.117843033277516
highest fitness' collisions: 0.1259948514648801
new generation:  1818
Fittest                      42.8360962162625
highest fitness' coverage:   44.096044730911295
highest fitness' collisions: 0.12599485146488004
new generation:  1819
Fittest                      42.82993592421174
highest fitness' coverage:   44.08988443886054
highest fitness' collisions: 0.12599485146488007
new generation:  1820
Fittest                      42.83288203095809
highest fitness' coverage:   44.092830545606894
highest fitness' collisions: 0.12599485146488015
new generation:  1821
Fittest                      42.817254020454364
highest fitness' coverage:   44.07720253510316
highest fitness' collisions: 0.12599485146488007
new generation:  1822
Fittest                      42.85520088244445
highest fitness' coverage:   44.11514939709325
highest fitness' collisions: 0.12599485146488004
new generation:  1823
Fittest                      42.84221104750438
highest fitness' coverage:   44.102159562153176
highest fitness' collisions: 0.12599485146488
new generation:  1824
Fittest                      42.835861491530096
highest fitness' coverage:   44.095810006178894
highest fitness' collisions: 0.12599485146488004
new generation:  1825
Fittest                      42.84834856975584
highest fitness' coverage:   44.10829708440464
highest fitness' collisions: 0.1259948514648801
new generation:  1826
Fittest                      42.81224132386802
highest fitness' coverage:   44.0705152539307
highest fitness' collisions: 0.12582739300626794
new generation:  1827
Fittest                      42.812902350131125
highest fitness' coverage:   44.071176280193804
highest fitness' collisions: 0.1258273930062681
new generation:  1828
Fittest                      42.82854028011011
highest fitness' coverage:   44.08681421017279
highest fitness' collisions: 0.125827393006268
new generation:  1829
Fittest                      42.83483414964668
highest fitness' coverage:   44.09310807970936
highest fitness' collisions: 0.12582739300626802
new generation:  1830
Fittest                      42.823858793116834
highest fitness' coverage:   44.09611590896756
highest fitness' collisions: 0.12722571158507276
new generation:  1831
Fittest                      42.80204635436772
highest fitness' coverage:   44.074303470218446
highest fitness' collisions: 0.12722571158507281
new generation:  1832
Fittest                      42.823307105462014
highest fitness' coverage:   44.09556422131274
highest fitness' collisions: 0.12722571158507268
new generation:  1833
Fittest                      42.81202673081401
highest fitness' coverage:   44.08428384666474
highest fitness' collisions: 0.1272257115850728
new generation:  1834
Fittest                      42.8425603645214
highest fitness' coverage:   44.114817480372125
highest fitness' collisions: 0.12722571158507268
new generation:  1835
Fittest                      42.82022115036156
highest fitness' coverage:   44.101638796646995
highest fitness' collisions: 0.12814176462854324
new generation:  1836
Fittest                      42.823690250073874
highest fitness' coverage:   44.10510789635931
highest fitness' collisions: 0.12814176462854324
new generation:  1837
Fittest                      42.81461366995153
highest fitness' coverage:   44.095608530315985
highest fitness' collisions: 0.12809948603644597
new generation:  1838
Fittest                      42.79184637518079
highest fitness' coverage:   44.07806202331928
highest fitness' collisions: 0.12862156481384973
new generation:  1839
Fittest                      42.83290756754868
highest fitness' coverage:   44.119123215687175
highest fitness' collisions: 0.1286215648138496
new generation:  1840
Fittest                      42.800902711297766
highest fitness' coverage:   44.08789588069451
highest fitness' collisions: 0.12869931693967415
new generation:  1841
Fittest                      42.835146164222735
highest fitness' coverage:   44.12213933361948
highest fitness' collisions: 0.12869931693967426
new generation:  1842
Fittest                      42.82906696138428
highest fitness' coverage:   44.11606013078102
highest fitness' collisions: 0.1286993169396743
new generation:  1843
Fittest                      42.831311534340635
highest fitness' coverage:   44.111811226902645
highest fitness' collisions: 0.12804996925620096
new generation:  1844
Fittest                      42.81981335673822
highest fitness' coverage:   44.11543745194367
highest fitness' collisions: 0.12956240952054457
new generation:  1845
Fittest                      42.81393747927513
highest fitness' coverage:   44.10956157448058
highest fitness' collisions: 0.12956240952054443
new generation:  1846
Fittest                      42.8047148893769
highest fitness' coverage:   44.10956737679787
highest fitness' collisions: 0.13048524874209677
new generation:  1847
Fittest                      42.785915212206085
highest fitness' coverage:   44.09076769962705
highest fitness' collisions: 0.13048524874209666
new generation:  1848
Fittest                      42.79839727364317
highest fitness' coverage:   44.103249761064134
highest fitness' collisions: 0.13048524874209677
new generation:  1849
Fittest                      42.775372430603575
highest fitness' coverage:   44.0662417322365
highest fitness' collisions: 0.1290869301632921
new generation:  1850
Fittest                      42.82192140564623
highest fitness' coverage:   44.112790707279146
highest fitness' collisions: 0.12908693016329198
new generation:  1851
Fittest                      42.81923813546682
highest fitness' coverage:   44.10616865912347
highest fitness' collisions: 0.12869305236566508
new generation:  1852
Fittest                      42.820084094250824
highest fitness' coverage:   44.107014617907474
highest fitness' collisions: 0.1286930523656651
new generation:  1853
Fittest                      42.806932044039634
highest fitness' coverage:   44.093862567696284
highest fitness' collisions: 0.12869305236566514
new generation:  1854
Fittest                      42.79354191240374
highest fitness' coverage:   44.08441121403666
highest fitness' collisions: 0.12908693016329215
new generation:  1855
Fittest                      42.821434983421675
highest fitness' coverage:   44.1123042850546
highest fitness' collisions: 0.12908693016329215
new generation:  1856
Fittest                      42.8153907690767
highest fitness' coverage:   44.106260070709624
highest fitness' collisions: 0.1290869301632921
new generation:  1857
Fittest                      42.81092394063191
highest fitness' coverage:   44.11264042240789
highest fitness' collisions: 0.1301716481775983
new generation:  1858
Fittest                      42.816095870910374
highest fitness' coverage:   44.09671849383745
highest fitness' collisions: 0.12806226229270745
new generation:  1859
Fittest                      42.807073042839626
highest fitness' coverage:   44.09158498361863
highest fitness' collisions: 0.12845119407790032
new generation:  1860
Fittest                      42.88793731990114
highest fitness' coverage:   44.172449260680146
highest fitness' collisions: 0.12845119407790018
new generation:  1861
Fittest                      42.835197426382216
highest fitness' coverage:   44.11970936716122
highest fitness' collisions: 0.12845119407790023
new generation:  1862
Fittest                      42.84733031015045
highest fitness' coverage:   44.13184225092945
highest fitness' collisions: 0.12845119407790018
new generation:  1863
Fittest                      42.86018739099517
highest fitness' coverage:   44.14469933177418
highest fitness' collisions: 0.12845119407790023
new generation:  1864
Fittest                      42.844766178203194
highest fitness' coverage:   44.12927811898219
highest fitness' collisions: 0.12845119407790012
new generation:  1865
Fittest                      42.856777076417046
highest fitness' coverage:   44.14128901719605
highest fitness' collisions: 0.12845119407790018
new generation:  1866
Fittest                      42.839939895820685
highest fitness' coverage:   44.12628896484544
highest fitness' collisions: 0.12863490690247592
new generation:  1867
Fittest                      42.83904108649261
highest fitness' coverage:   44.125390155517366
highest fitness' collisions: 0.12863490690247595
new generation:  1868
Fittest                      42.83286903381901
highest fitness' coverage:   44.11921810284377
highest fitness' collisions: 0.12863490690247598
new generation:  1869
Fittest                      42.83958321468408
highest fitness' coverage:   44.12593228370884
highest fitness' collisions: 0.12863490690247598
new generation:  1870
Fittest                      42.84285542677103
highest fitness' coverage:   44.12920449579579
highest fitness' collisions: 0.1286349069024759
new generation:  1871
Fittest                      42.83891532044727
highest fitness' coverage:   44.12526438947203
highest fitness' collisions: 0.12863490690247598
new generation:  1872
Fittest                      42.83904046567715
highest fitness' coverage:   44.12538953470191
highest fitness' collisions: 0.12863490690247598
new generation:  1873
Fittest                      42.827089816308344
highest fitness' coverage:   44.1134388853331
highest fitness' collisions: 0.1286349069024759
new generation:  1874
Fittest                      42.836001449574795
highest fitness' coverage:   44.12235051859955
highest fitness' collisions: 0.12863490690247592
new generation:  1875
Fittest                      42.85855251452204
highest fitness' coverage:   44.1449015835468
highest fitness' collisions: 0.12863490690247592
new generation:  1876
Fittest                      42.854530582907955
highest fitness' coverage:   44.13485405607197
highest fitness' collisions: 0.1280323473164016
new generation:  1877
Fittest                      42.85163899023342
highest fitness' coverage:   44.131962463397436
highest fitness' collisions: 0.12803234731640167
new generation:  1878
Fittest                      42.850298695861646
highest fitness' coverage:   44.09109992053606
highest fitness' collisions: 0.1240801224674416
new generation:  1879
Fittest                      42.825421913667014
highest fitness' coverage:   44.06622313834143
highest fitness' collisions: 0.12408012246744167
new generation:  1880
Fittest                      42.85611307948134
highest fitness' coverage:   44.09691430415575
highest fitness' collisions: 0.12408012246744157
new generation:  1881
Fittest                      42.861848868826065
highest fitness' coverage:   44.10265009350048
highest fitness' collisions: 0.12408012246744168
new generation:  1882
Fittest                      42.86293568468424
highest fitness' coverage:   44.10373690935865
highest fitness' collisions: 0.12408012246744167
new generation:  1883
Fittest                      42.86296570864454
highest fitness' coverage:   44.10376693331895
highest fitness' collisions: 0.12408012246744166
new generation:  1884
Fittest                      42.84408741199087
highest fitness' coverage:   44.08488863666528
highest fitness' collisions: 0.12408012246744159
new generation:  1885
Fittest                      42.83747397964229
highest fitness' coverage:   44.078275204316704
highest fitness' collisions: 0.12408012246744166
new generation:  1886
Fittest                      42.85629177536873
highest fitness' coverage:   44.097093000043145
highest fitness' collisions: 0.12408012246744166
new generation:  1887
Fittest                      42.86791848379975
highest fitness' coverage:   44.115964068074916
highest fitness' collisions: 0.12480455842751663
new generation:  1888
Fittest                      42.84415990476435
highest fitness' coverage:   44.09130599145799
highest fitness' collisions: 0.12471460866936371
new generation:  1889
Fittest                      42.856040494307805
highest fitness' coverage:   44.10318658100144
highest fitness' collisions: 0.12471460866936357
new generation:  1890
Fittest                      42.85285493425613
highest fitness' coverage:   44.10000102094976
highest fitness' collisions: 0.12471460866936357
new generation:  1891
Fittest                      42.85616711677905
highest fitness' coverage:   44.10331320347268
highest fitness' collisions: 0.12471460866936353
new generation:  1892
Fittest                      42.84328953647692
highest fitness' coverage:   44.09043562317055
highest fitness' collisions: 0.12471460866936358
new generation:  1893
Fittest                      42.85148652200668
highest fitness' coverage:   44.09426745037791
highest fitness' collisions: 0.12427809283712345
new generation:  1894
Fittest                      42.858944396342885
highest fitness' coverage:   44.090882148680535
highest fitness' collisions: 0.12319377523376489
new generation:  1895
Fittest                      42.82468689661168
highest fitness' coverage:   44.05662464894933
highest fitness' collisions: 0.12319377523376492
new generation:  1896
Fittest                      42.84630195972504
highest fitness' coverage:   44.07823971206269
highest fitness' collisions: 0.12319377523376486
new generation:  1897
Fittest                      42.85563559139518
highest fitness' coverage:   44.08757334373283
highest fitness' collisions: 0.12319377523376489
new generation:  1898
Fittest                      42.85662168152315
highest fitness' coverage:   44.07810035938115
highest fitness' collisions: 0.12214786778579992
new generation:  1899
Fittest                      42.86935601806327
highest fitness' coverage:   44.090834695921274
highest fitness' collisions: 0.12214786778579984
new generation:  1900
Fittest                      42.893934104372164
highest fitness' coverage:   44.11541278223016
highest fitness' collisions: 0.12214786778579985
new generation:  1901
Fittest                      42.86713718284359
highest fitness' coverage:   44.08137150110084
highest fitness' collisions: 0.12142343182572489
new generation:  1902
Fittest                      42.86085384226869
highest fitness' coverage:   44.07508816052594
highest fitness' collisions: 0.1214234318257248
new generation:  1903
Fittest                      42.87343178976648
highest fitness' coverage:   44.087666108023726
highest fitness' collisions: 0.12142343182572485
new generation:  1904
Fittest                      42.869941810395915
highest fitness' coverage:   44.08417612865316
highest fitness' collisions: 0.12142343182572488
new generation:  1905
Fittest                      42.861391788855684
highest fitness' coverage:   44.07562610711293
highest fitness' collisions: 0.12142343182572479
new generation:  1906
Fittest                      42.87638939789436
highest fitness' coverage:   44.090623716151605
highest fitness' collisions: 0.12142343182572488
new generation:  1907
Fittest                      42.85817757887593
highest fitness' coverage:   44.07241189713318
highest fitness' collisions: 0.12142343182572493
new generation:  1908
Fittest                      42.85810796604821
highest fitness' coverage:   44.072342284305456
highest fitness' collisions: 0.12142343182572486
new generation:  1909
Fittest                      42.86381770697367
highest fitness' coverage:   44.07805202523092
highest fitness' collisions: 0.12142343182572495
new generation:  1910
Fittest                      42.852489080325505
highest fitness' coverage:   44.078555154751726
highest fitness' collisions: 0.12260660744262207
new generation:  1911
Fittest                      42.86558563901041
highest fitness' coverage:   44.09165171343663
highest fitness' collisions: 0.12260660744262215
new generation:  1912
Fittest                      42.85530874922217
highest fitness' coverage:   44.08137482364839
highest fitness' collisions: 0.12260660744262211
new generation:  1913
Fittest                      42.88781413886167
highest fitness' coverage:   44.10989753336083
highest fitness' collisions: 0.12220833944991596
new generation:  1914
Fittest                      42.856079765844584
highest fitness' coverage:   44.07816316034374
highest fitness' collisions: 0.12220833944991588
new generation:  1915
Fittest                      42.872191209553186
highest fitness' coverage:   44.094274604052345
highest fitness' collisions: 0.12220833944991596
new generation:  1916
Fittest                      42.86298193132747
highest fitness' coverage:   44.085065325826626
highest fitness' collisions: 0.12220833944991595
new generation:  1917
Fittest                      42.85949462721248
highest fitness' coverage:   44.081578021711636
highest fitness' collisions: 0.12220833944991591
new generation:  1918
Fittest                      42.852828818222406
highest fitness' coverage:   44.074912212721564
highest fitness' collisions: 0.12220833944991591
new generation:  1919
Fittest                      42.862712495409795
highest fitness' coverage:   44.08335045013821
highest fitness' collisions: 0.12206379547284142
new generation:  1920
Fittest                      42.868258674903416
highest fitness' coverage:   44.08744961486406
highest fitness' collisions: 0.12191909399606464
new generation:  1921
Fittest                      42.86086200941716
highest fitness' coverage:   44.08005294937781
highest fitness' collisions: 0.12191909399606461
new generation:  1922
Fittest                      42.88178860495101
highest fitness' coverage:   44.1023358872984
highest fitness' collisions: 0.12205472823473867
new generation:  1923
Fittest                      42.86958588596519
highest fitness' coverage:   44.09013316831258
highest fitness' collisions: 0.12205472823473866
new generation:  1924
Fittest                      42.853311972392575
highest fitness' coverage:   44.073859254739965
highest fitness' collisions: 0.12205472823473869
new generation:  1925
Fittest                      42.84434071797705
highest fitness' coverage:   44.06488800032444
highest fitness' collisions: 0.12205472823473873
new generation:  1926
Fittest                      42.857159881983414
highest fitness' coverage:   44.0777071643308
highest fitness' collisions: 0.12205472823473863
new generation:  1927
Fittest                      42.86939720257616
highest fitness' coverage:   44.08994448492355
highest fitness' collisions: 0.12205472823473869
new generation:  1928
Fittest                      42.875692379474884
highest fitness' coverage:   44.096239661822274
highest fitness' collisions: 0.12205472823473863
new generation:  1929
Fittest                      42.84744291378682
highest fitness' coverage:   44.06799019613421
highest fitness' collisions: 0.1220547282347387
new generation:  1930
Fittest                      42.86455945325814
highest fitness' coverage:   44.08684453643428
highest fitness' collisions: 0.12222850831761364
new generation:  1931
Fittest                      42.87715737152813
highest fitness' coverage:   44.09944245470427
highest fitness' collisions: 0.12222850831761359
new generation:  1932
Fittest                      42.85760110374852
highest fitness' coverage:   44.07722177607051
highest fitness' collisions: 0.12196206723219866
new generation:  1933
Fittest                      42.871224468541584
highest fitness' coverage:   44.09084514086357
highest fitness' collisions: 0.12196206723219863
new generation:  1934
Fittest                      42.86152118216726
highest fitness' coverage:   44.081141854489246
highest fitness' collisions: 0.12196206723219871
new generation:  1935
Fittest                      42.88056797698154
highest fitness' coverage:   44.100188649303526
highest fitness' collisions: 0.12196206723219864
new generation:  1936
Fittest                      42.855362405333956
highest fitness' coverage:   44.08426101499273
highest fitness' collisions: 0.12288986096587734
new generation:  1937
Fittest                      42.84649784723878
highest fitness' coverage:   44.07539645689755
highest fitness' collisions: 0.12288986096587724
new generation:  1938
Fittest                      42.85422753409102
highest fitness' coverage:   44.08408113633581
highest fitness' collisions: 0.1229853602244795
new generation:  1939
Fittest                      42.85463575161341
highest fitness' coverage:   44.0844893538582
highest fitness' collisions: 0.12298536022447946
new generation:  1940
Fittest                      42.86091062694932
highest fitness' coverage:   44.090764229194114
highest fitness' collisions: 0.12298536022447935
new generation:  1941
Fittest                      42.8759053123445
highest fitness' coverage:   44.1065885766951
highest fitness' collisions: 0.12306832643506017
new generation:  1942
Fittest                      42.856782988267256
highest fitness' coverage:   44.08746625261786
highest fitness' collisions: 0.12306832643506002
new generation:  1943
Fittest                      42.866336059053076
highest fitness' coverage:   44.09701932340368
highest fitness' collisions: 0.12306832643506009
new generation:  1944
Fittest                      42.8665823768098
highest fitness' coverage:   44.097265641160405
highest fitness' collisions: 0.12306832643506008
new generation:  1945
Fittest                      42.882078562193
highest fitness' coverage:   44.112761826543604
highest fitness' collisions: 0.12306832643506008
new generation:  1946
Fittest                      42.85783360155299
highest fitness' coverage:   44.08902024033854
highest fitness' collisions: 0.12311866387855516
new generation:  1947
Fittest                      42.84188309457362
highest fitness' coverage:   44.07306973335917
highest fitness' collisions: 0.12311866387855515
new generation:  1948
Fittest                      42.85769849727637
highest fitness' coverage:   44.09136498187697
highest fitness' collisions: 0.12336664846006065
new generation:  1949
Fittest                      42.86959729727473
highest fitness' coverage:   44.103263781875334
highest fitness' collisions: 0.12336664846006071
new generation:  1950
Fittest                      42.85441839350639
highest fitness' coverage:   44.088084878107
highest fitness' collisions: 0.1233666484600607
new generation:  1951
Fittest                      42.844992075851565
highest fitness' coverage:   44.07865856045217
highest fitness' collisions: 0.12336664846006064
new generation:  1952
Fittest                      42.84219977324868
highest fitness' coverage:   44.075866257849285
highest fitness' collisions: 0.12336664846006078
new generation:  1953
Fittest                      42.83250880130454
highest fitness' coverage:   44.066175285905146
highest fitness' collisions: 0.12336664846006068
new generation:  1954
Fittest                      42.85769373871866
highest fitness' coverage:   44.09136022331926
highest fitness' collisions: 0.12336664846006078
new generation:  1955
Fittest                      42.85111297479327
highest fitness' coverage:   44.08477945939387
highest fitness' collisions: 0.12336664846006068
new generation:  1956
Fittest                      42.84837014383578
highest fitness' coverage:   44.07601103257564
highest fitness' collisions: 0.12276408887398635
new generation:  1957
Fittest                      42.858192440278806
highest fitness' coverage:   44.08583332901867
highest fitness' collisions: 0.12276408887398638
new generation:  1958
Fittest                      42.86714094163465
highest fitness' coverage:   44.094781830374515
highest fitness' collisions: 0.12276408887398638
new generation:  1959
Fittest                      42.87565648274242
highest fitness' coverage:   44.103297371482284
highest fitness' collisions: 0.1227640888739863
new generation:  1960
Fittest                      42.878923443215974
highest fitness' coverage:   44.10656433195584
highest fitness' collisions: 0.12276408887398639
new generation:  1961
Fittest                      42.87918787807587
highest fitness' coverage:   44.10682876681573
highest fitness' collisions: 0.12276408887398639
new generation:  1962
Fittest                      42.88726287073071
highest fitness' coverage:   44.11316595864182
highest fitness' collisions: 0.12259030879111135
new generation:  1963
Fittest                      42.874663874330736
highest fitness' coverage:   44.10056696224185
highest fitness' collisions: 0.12259030879111144
new generation:  1964
Fittest                      42.88456237696766
highest fitness' coverage:   44.11046546487877
highest fitness' collisions: 0.12259030879111142
new generation:  1965
Fittest                      42.883724092280175
highest fitness' coverage:   44.10979700455653
highest fitness' collisions: 0.122607291227636
new generation:  1966
Fittest                      42.85870520417149
highest fitness' coverage:   44.08477811644785
highest fitness' collisions: 0.12260729122763604
new generation:  1967
Fittest                      42.86841407606672
highest fitness' coverage:   44.09448698834308
highest fitness' collisions: 0.12260729122763607
new generation:  1968
Fittest                      42.856169142774135
highest fitness' coverage:   44.08224205505049
highest fitness' collisions: 0.12260729122763603
new generation:  1969
Fittest                      42.85286048387818
highest fitness' coverage:   44.07893339615454
highest fitness' collisions: 0.12260729122763597
new generation:  1970
Fittest                      42.86385459733232
highest fitness' coverage:   44.0825743848137
highest fitness' collisions: 0.12187197874813797
new generation:  1971
Fittest                      42.87928955186406
highest fitness' coverage:   44.09430214627022
highest fitness' collisions: 0.12150125944061639
new generation:  1972
Fittest                      42.87329441892755
highest fitness' coverage:   44.08830701333371
highest fitness' collisions: 0.12150125944061645
new generation:  1973
Fittest                      42.892167847303206
highest fitness' coverage:   44.10718044170937
highest fitness' collisions: 0.12150125944061636
new generation:  1974
Fittest                      42.89799319810069
highest fitness' coverage:   44.113005792506854
highest fitness' collisions: 0.12150125944061639
new generation:  1975
Fittest                      42.882707864612094
highest fitness' coverage:   44.097720459018255
highest fitness' collisions: 0.12150125944061639
new generation:  1976
Fittest                      42.882618558573924
highest fitness' coverage:   44.097631152980085
highest fitness' collisions: 0.12150125944061639
new generation:  1977
Fittest                      42.86080038760141
highest fitness' coverage:   44.07581298200757
highest fitness' collisions: 0.1215012594406164
new generation:  1978
Fittest                      42.86374000472683
highest fitness' coverage:   44.07875259913299
highest fitness' collisions: 0.12150125944061639
new generation:  1979
Fittest                      42.87605857769739
highest fitness' coverage:   44.091071172103554
highest fitness' collisions: 0.12150125944061636
new generation:  1980
Fittest                      42.89479553448226
highest fitness' coverage:   44.109808128888425
highest fitness' collisions: 0.12150125944061639
new generation:  1981
Fittest                      42.85785542320708
highest fitness' coverage:   44.07286801761324
highest fitness' collisions: 0.12150125944061638
new generation:  1982
Fittest                      42.88102162566385
highest fitness' coverage:   44.097383182952605
highest fitness' collisions: 0.1216361557288756
new generation:  1983
Fittest                      42.86278419118862
highest fitness' coverage:   44.07914574847737
highest fitness' collisions: 0.12163615572887553
new generation:  1984
Fittest                      42.87178699798646
highest fitness' coverage:   44.08814855527522
highest fitness' collisions: 0.12163615572887558
new generation:  1985
Fittest                      42.90299281760278
highest fitness' coverage:   44.119354374891536
highest fitness' collisions: 0.12163615572887555
new generation:  1986
Fittest                      42.8784114103154
highest fitness' coverage:   44.09477296760416
highest fitness' collisions: 0.12163615572887551
new generation:  1987
Fittest                      42.87538930449495
highest fitness' coverage:   44.09175086178371
highest fitness' collisions: 0.12163615572887558
new generation:  1988
Fittest                      42.84736736416959
highest fitness' coverage:   44.06372892145835
highest fitness' collisions: 0.12163615572887562
new generation:  1989
Fittest                      42.86878040378232
highest fitness' coverage:   44.08514196107107
highest fitness' collisions: 0.12163615572887558
new generation:  1990
Fittest                      42.89319863041925
highest fitness' coverage:   44.109560187708006
highest fitness' collisions: 0.12163615572887557
new generation:  1991
Fittest                      42.890074168389184
highest fitness' coverage:   44.10643572567794
highest fitness' collisions: 0.12163615572887557
new generation:  1992
Fittest                      42.878179180832625
highest fitness' coverage:   44.09454073812138
highest fitness' collisions: 0.12163615572887555
new generation:  1993
Fittest                      42.8595259530601
highest fitness' coverage:   44.075887510348856
highest fitness' collisions: 0.12163615572887558
new generation:  1994
Fittest                      42.890369853317914
highest fitness' coverage:   44.10673141060667
highest fitness' collisions: 0.1216361557288756
new generation:  1995
Fittest                      42.871708752471974
highest fitness' coverage:   44.08807030976073
highest fitness' collisions: 0.12163615572887547
new generation:  1996
Fittest                      42.884100992854684
highest fitness' coverage:   44.09752894370154
highest fitness' collisions: 0.12134279508468547
new generation:  1997
Fittest                      42.86209511787778
highest fitness' coverage:   44.075523068724635
highest fitness' collisions: 0.1213427950846856
new generation:  1998
Fittest                      42.899432357212994
highest fitness' coverage:   44.11286030805985
highest fitness' collisions: 0.1213427950846856
new generation:  1999
Fittest                      42.887025248430945
highest fitness' coverage:   44.1004531992778
highest fitness' collisions: 0.12134279508468551
new generation:  2000
Fittest                      42.884131079663725
highest fitness' coverage:   44.09755903051058
highest fitness' collisions: 0.1213427950846855
new generation:  2001
Fittest                      42.90101995231939
highest fitness' coverage:   44.139084809809546
highest fitness' collisions: 0.12380648574901602
new generation:  2002
Fittest                      42.921942976152486
highest fitness' coverage:   44.160007833642645
highest fitness' collisions: 0.12380648574901604
new generation:  2003
Fittest                      42.93205904597514
highest fitness' coverage:   44.176149499326044
highest fitness' collisions: 0.12440904533509042
new generation:  2004
Fittest                      42.91650184122819
highest fitness' coverage:   44.16059229457909
highest fitness' collisions: 0.12440904533509028
new generation:  2005
Fittest                      42.89487436894803
highest fitness' coverage:   44.13896482229893
highest fitness' collisions: 0.12440904533509031
new generation:  2006
Fittest                      42.9096563297569
highest fitness' coverage:   44.153746783107806
highest fitness' collisions: 0.12440904533509037
new generation:  2007
Fittest                      42.9190767827034
highest fitness' coverage:   44.163167236054306
highest fitness' collisions: 0.12440904533509035
new generation:  2008
Fittest                      42.910022371180055
highest fitness' coverage:   44.15411282453096
highest fitness' collisions: 0.1244090453350904
new generation:  2009
Fittest                      42.893742034335226
highest fitness' coverage:   44.13783248768613
highest fitness' collisions: 0.12440904533509037
new generation:  2010
Fittest                      42.91985703582327
highest fitness' coverage:   44.16394748917417
highest fitness' collisions: 0.12440904533509028
new generation:  2011
Fittest                      42.92549968250418
highest fitness' coverage:   44.16959013585509
highest fitness' collisions: 0.12440904533509037
new generation:  2012
Fittest                      42.916179531206765
highest fitness' coverage:   44.16026998455767
highest fitness' collisions: 0.12440904533509041
new generation:  2013
Fittest                      42.90973871937513
highest fitness' coverage:   44.153829172726034
highest fitness' collisions: 0.12440904533509038
new generation:  2014
Fittest                      42.91660417980327
highest fitness' coverage:   44.16069463315418
highest fitness' collisions: 0.12440904533509034
new generation:  2015
Fittest                      42.9221375953392
highest fitness' coverage:   44.1662280486901
highest fitness' collisions: 0.12440904533509031
new generation:  2016
Fittest                      42.93473166352038
highest fitness' coverage:   44.17882211687129
highest fitness' collisions: 0.12440904533509035
new generation:  2017
Fittest                      42.924972241730146
highest fitness' coverage:   44.169062695081045
highest fitness' collisions: 0.12440904533509026
new generation:  2018
Fittest                      42.90675394027845
highest fitness' coverage:   44.15084439362935
highest fitness' collisions: 0.12440904533509024
new generation:  2019
Fittest                      42.91618395651607
highest fitness' coverage:   44.16027440986698
highest fitness' collisions: 0.1244090453350904
new generation:  2020
Fittest                      42.91594052270343
highest fitness' coverage:   44.16003097605433
highest fitness' collisions: 0.12440904533509031
new generation:  2021
Fittest                      42.894147436632686
highest fitness' coverage:   44.138237889983586
highest fitness' collisions: 0.12440904533509028
new generation:  2022
Fittest                      42.928494290550645
highest fitness' coverage:   44.1602066410473
highest fitness' collisions: 0.1231712350496658
new generation:  2023
Fittest                      42.90438723378015
highest fitness' coverage:   44.1323545813512
highest fitness' collisions: 0.12279673475710519
new generation:  2024
Fittest                      42.91697480169533
highest fitness' coverage:   44.144942149266384
highest fitness' collisions: 0.12279673475710516
new generation:  2025
Fittest                      42.92117245997703
highest fitness' coverage:   44.138424614495705
highest fitness' collisions: 0.12172521545186758
new generation:  2026
Fittest                      42.93350773153482
highest fitness' coverage:   44.15075988605349
highest fitness' collisions: 0.12172521545186746
new generation:  2027
Fittest                      42.930491170400984
highest fitness' coverage:   44.14774332491966
highest fitness' collisions: 0.1217252154518675
new generation:  2028
Fittest                      42.945857893154724
highest fitness' coverage:   44.1631100476734
highest fitness' collisions: 0.12172521545186746
new generation:  2029
Fittest                      42.937199268577956
highest fitness' coverage:   44.15716479084641
highest fitness' collisions: 0.12199655222684509
new generation:  2030
Fittest                      42.937092042266606
highest fitness' coverage:   44.15705756453506
highest fitness' collisions: 0.1219965522268451
new generation:  2031
Fittest                      42.928054911429925
highest fitness' coverage:   44.14802043369838
highest fitness' collisions: 0.12199655222684505
new generation:  2032
Fittest                      42.93755919711172
highest fitness' coverage:   44.15752471938017
highest fitness' collisions: 0.12199655222684515
new generation:  2033
Fittest                      42.93430557765426
highest fitness' coverage:   44.15427109992271
highest fitness' collisions: 0.1219965522268452
new generation:  2034
Fittest                      42.93100506269889
highest fitness' coverage:   44.15097058496734
highest fitness' collisions: 0.12199655222684509
new generation:  2035
Fittest                      42.94353458240444
highest fitness' coverage:   44.16350010467289
highest fitness' collisions: 0.1219965522268451
new generation:  2036
Fittest                      42.94192283885016
highest fitness' coverage:   44.144561862693095
highest fitness' collisions: 0.12026390238429308
new generation:  2037
Fittest                      42.93310858236724
highest fitness' coverage:   44.13574760621017
highest fitness' collisions: 0.12026390238429303
new generation:  2038
Fittest                      42.957533917872375
highest fitness' coverage:   44.16017294171531
highest fitness' collisions: 0.12026390238429316
new generation:  2039
Fittest                      42.97052729330896
highest fitness' coverage:   44.17316631715189
highest fitness' collisions: 0.12026390238429308
new generation:  2040
Fittest                      42.93269054490068
highest fitness' coverage:   44.135329568743614
highest fitness' collisions: 0.12026390238429316
new generation:  2041
Fittest                      42.9701338332195
highest fitness' coverage:   44.172772857062434
highest fitness' collisions: 0.12026390238429317
new generation:  2042
Fittest                      42.95770470330461
highest fitness' coverage:   44.16034372714754
highest fitness' collisions: 0.12026390238429313
new generation:  2043
Fittest                      42.95299243172709
highest fitness' coverage:   44.166346648622394
highest fitness' collisions: 0.12133542168953063
new generation:  2044
Fittest                      42.94691768554194
highest fitness' coverage:   44.160271902437245
highest fitness' collisions: 0.12133542168953067
new generation:  2045
Fittest                      42.9345976674471
highest fitness' coverage:   44.147951884342405
highest fitness' collisions: 0.12133542168953074
new generation:  2046
Fittest                      42.93485046705048
highest fitness' coverage:   44.148204683945785
highest fitness' collisions: 0.12133542168953068
new generation:  2047
Fittest                      42.937630211349656
highest fitness' coverage:   44.15098442824496
highest fitness' collisions: 0.12133542168953067
new generation:  2048
Fittest                      42.93075084417588
highest fitness' coverage:   44.14410506107119
highest fitness' collisions: 0.12133542168953067
new generation:  2049
Fittest                      42.937622350980206
highest fitness' coverage:   44.15097656787551
highest fitness' collisions: 0.1213354216895306
new generation:  2050
Fittest                      42.94662165755347
highest fitness' coverage:   44.159975874448776
highest fitness' collisions: 0.12133542168953065
new generation:  2051
Fittest                      42.948819570909755
highest fitness' coverage:   44.15423050545782
highest fitness' collisions: 0.12054109345480651
new generation:  2052
Fittest                      42.93925284251803
highest fitness' coverage:   44.14466377706609
highest fitness' collisions: 0.12054109345480644
new generation:  2053
Fittest                      42.95805144041891
highest fitness' coverage:   44.163462374966976
highest fitness' collisions: 0.12054109345480638
new generation:  2054
Fittest                      42.954281501130595
highest fitness' coverage:   44.15969243567866
highest fitness' collisions: 0.12054109345480636
new generation:  2055
Fittest                      42.95173317883715
highest fitness' coverage:   44.157144113385215
highest fitness' collisions: 0.1205410934548064
new generation:  2056
Fittest                      42.97318979315109
highest fitness' coverage:   44.178600727699155
highest fitness' collisions: 0.12054109345480647
new generation:  2057
Fittest                      42.96765949133797
highest fitness' coverage:   44.17307042588603
highest fitness' collisions: 0.1205410934548065
new generation:  2058
Fittest                      42.94541095762456
highest fitness' coverage:   44.15082189217262
highest fitness' collisions: 0.12054109345480636
new generation:  2059
Fittest                      42.93625401444243
highest fitness' coverage:   44.141664948990496
highest fitness' collisions: 0.12054109345480642
new generation:  2060
Fittest                      42.94565434965813
highest fitness' coverage:   44.15106528420619
highest fitness' collisions: 0.12054109345480642
new generation:  2061
Fittest                      42.93338027237825
highest fitness' coverage:   44.138791206926314
highest fitness' collisions: 0.12054109345480651
new generation:  2062
Fittest                      42.94901666788263
highest fitness' coverage:   44.154427602430694
highest fitness' collisions: 0.12054109345480646
new generation:  2063
Fittest                      42.95754677997463
highest fitness' coverage:   44.16295771452269
highest fitness' collisions: 0.1205410934548064
new generation:  2064
Fittest                      42.96059631909802
highest fitness' coverage:   44.166007253646086
highest fitness' collisions: 0.12054109345480644
new generation:  2065
Fittest                      42.926653425359184
highest fitness' coverage:   44.13206435990725
highest fitness' collisions: 0.12054109345480644
new generation:  2066
Fittest                      42.960690166137546
highest fitness' coverage:   44.16610110068561
highest fitness' collisions: 0.12054109345480643
new generation:  2067
Fittest                      42.951672770310445
highest fitness' coverage:   44.15708370485851
highest fitness' collisions: 0.12054109345480642
new generation:  2068
Fittest                      42.945411565652094
highest fitness' coverage:   44.15082250020016
highest fitness' collisions: 0.12054109345480639
new generation:  2069
Fittest                      42.954920254454045
highest fitness' coverage:   44.16033118900211
highest fitness' collisions: 0.12054109345480638
new generation:  2070
Fittest                      42.95487492746734
highest fitness' coverage:   44.1602858620154
highest fitness' collisions: 0.12054109345480644
new generation:  2071
Fittest                      42.9392253489251
highest fitness' coverage:   44.14817502631705
highest fitness' collisions: 0.12089496773919482
new generation:  2072
Fittest                      42.95419991940235
highest fitness' coverage:   44.1631495967943
highest fitness' collisions: 0.12089496773919466
new generation:  2073
Fittest                      42.923124522436886
highest fitness' coverage:   44.132074199828836
highest fitness' collisions: 0.12089496773919473
new generation:  2074
Fittest                      42.94808301957082
highest fitness' coverage:   44.157032696962766
highest fitness' collisions: 0.1208949677391947
new generation:  2075
Fittest                      42.951223305926334
highest fitness' coverage:   44.15414738745754
highest fitness' collisions: 0.12029240815312056
new generation:  2076
Fittest                      42.942234656036554
highest fitness' coverage:   44.14515873756776
highest fitness' collisions: 0.12029240815312045
new generation:  2077
Fittest                      42.95407078390251
highest fitness' coverage:   44.154330454579565
highest fitness' collisions: 0.12002596706770553
new generation:  2078
Fittest                      42.96952635159768
highest fitness' coverage:   44.169786022274735
highest fitness' collisions: 0.12002596706770559
new generation:  2079
Fittest                      42.941356750383726
highest fitness' coverage:   44.14161642106078
highest fitness' collisions: 0.12002596706770559
new generation:  2080
Fittest                      42.95738822002884
highest fitness' coverage:   44.157647890705896
highest fitness' collisions: 0.12002596706770549
new generation:  2081
Fittest                      42.94798600241195
highest fitness' coverage:   44.14824567308901
highest fitness' collisions: 0.12002596706770549
new generation:  2082
Fittest                      42.9632417406325
highest fitness' coverage:   44.163501411309554
highest fitness' collisions: 0.12002596706770555
new generation:  2083
Fittest                      42.95104679682194
highest fitness' coverage:   44.151306467499
highest fitness' collisions: 0.12002596706770548
new generation:  2084
Fittest                      42.94838004377769
highest fitness' coverage:   44.162821219847906
highest fitness' collisions: 0.12144411760702162
new generation:  2085
Fittest                      42.92427512310646
highest fitness' coverage:   44.13871629917668
highest fitness' collisions: 0.12144411760702176
new generation:  2086
Fittest                      42.942762922536645
highest fitness' coverage:   44.15720409860686
highest fitness' collisions: 0.12144411760702174
new generation:  2087
Fittest                      42.927212283995395
highest fitness' coverage:   44.14165346006561
highest fitness' collisions: 0.12144411760702171
new generation:  2088
Fittest                      42.94267268439153
highest fitness' coverage:   44.15711386046175
highest fitness' collisions: 0.12144411760702174
new generation:  2089
Fittest                      42.949098087732224
highest fitness' coverage:   44.16389407719167
highest fitness' collisions: 0.12147959894594496
new generation:  2090
Fittest                      42.96177530571243
highest fitness' coverage:   44.17657129517188
highest fitness' collisions: 0.12147959894594507
new generation:  2091
Fittest                      42.96501096108794
highest fitness' coverage:   44.17980695054739
highest fitness' collisions: 0.121479598945945
new generation:  2092
Fittest                      42.936644267918666
highest fitness' coverage:   44.15144025737812
highest fitness' collisions: 0.12147959894594502
new generation:  2093
Fittest                      42.94340055350022
highest fitness' coverage:   44.164818060008365
highest fitness' collisions: 0.12214175065081433
new generation:  2094
Fittest                      42.93027618755873
highest fitness' coverage:   44.15169369406688
highest fitness' collisions: 0.12214175065081437
new generation:  2095
Fittest                      42.94262558599381
highest fitness' coverage:   44.164043092501956
highest fitness' collisions: 0.12214175065081447
new generation:  2096
Fittest                      42.946209697267
highest fitness' coverage:   44.17346393109411
highest fitness' collisions: 0.12272542338271118
new generation:  2097
Fittest                      42.924105178384835
highest fitness' coverage:   44.151359412211946
highest fitness' collisions: 0.12272542338271113
new generation:  2098
Fittest                      42.91880591509805
highest fitness' coverage:   44.14606014892516
highest fitness' collisions: 0.12272542338271124
new generation:  2099
Fittest                      42.95524651435001
highest fitness' coverage:   44.18250074817712
highest fitness' collisions: 0.12272542338271127
new generation:  2100
Fittest                      42.95204017859919
highest fitness' coverage:   44.1792944124263
highest fitness' collisions: 0.12272542338271127
new generation:  2101
Fittest                      42.94694538995602
highest fitness' coverage:   44.16093972035192
highest fitness' collisions: 0.12139943303958953
new generation:  2102
Fittest                      42.96291401765279
highest fitness' coverage:   44.17690834804869
highest fitness' collisions: 0.12139943303958958
new generation:  2103
Fittest                      42.9441290398826
highest fitness' coverage:   44.15812337027849
highest fitness' collisions: 0.12139943303958951
new generation:  2104
Fittest                      42.931703199810826
highest fitness' coverage:   44.145697530206725
highest fitness' collisions: 0.12139943303958958
new generation:  2105
Fittest                      42.93506195184449
highest fitness' coverage:   44.15509618568119
highest fitness' collisions: 0.12200342338366994
new generation:  2106
Fittest                      42.92955726544529
highest fitness' coverage:   44.14959149928199
highest fitness' collisions: 0.12200342338366993
new generation:  2107
Fittest                      42.947264367202834
highest fitness' coverage:   44.16729860103953
highest fitness' collisions: 0.12200342338367001
new generation:  2108
Fittest                      42.92906288821549
highest fitness' coverage:   44.14909712205219
highest fitness' collisions: 0.12200342338366993
new generation:  2109
Fittest                      42.95639850833722
highest fitness' coverage:   44.17643274217392
highest fitness' collisions: 0.12200342338366993
new generation:  2110
Fittest                      42.9443520945618
highest fitness' coverage:   44.1643863283985
highest fitness' collisions: 0.12200342338366998
new generation:  2111
Fittest                      42.956583588160115
highest fitness' coverage:   44.176617821996814
highest fitness' collisions: 0.1220034233836699
new generation:  2112
Fittest                      42.938156090454115
highest fitness' coverage:   44.158190324290814
highest fitness' collisions: 0.12200342338366998
new generation:  2113
Fittest                      42.94081074060062
highest fitness' coverage:   44.16084497443732
highest fitness' collisions: 0.12200342338366993
new generation:  2114
Fittest                      42.93517314691467
highest fitness' coverage:   44.15520738075137
highest fitness' collisions: 0.12200342338367
new generation:  2115
Fittest                      42.9471332752041
highest fitness' coverage:   44.1671675090408
highest fitness' collisions: 0.12200342338366992
new generation:  2116
Fittest                      42.93099662426781
highest fitness' coverage:   44.14541151763746
highest fitness' collisions: 0.12144148933696533
new generation:  2117
Fittest                      42.948496171198165
highest fitness' coverage:   44.173786204716265
highest fitness' collisions: 0.12252900335181026
new generation:  2118
Fittest                      42.8924392096566
highest fitness' coverage:   44.11772924317471
highest fitness' collisions: 0.12252900335181033
new generation:  2119
Fittest                      42.92031493229426
highest fitness' coverage:   44.14560496581236
highest fitness' collisions: 0.1225290033518103
new generation:  2120
Fittest                      42.92026715659473
highest fitness' coverage:   44.14555719011283
highest fitness' collisions: 0.1225290033518103
new generation:  2121
Fittest                      42.933121972287736
highest fitness' coverage:   44.164031346272886
highest fitness' collisions: 0.12309093739851505
new generation:  2122
Fittest                      42.911900613352714
highest fitness' coverage:   44.14280998733786
highest fitness' collisions: 0.12309093739851497
new generation:  2123
Fittest                      42.95187526904382
highest fitness' coverage:   44.18278464302897
highest fitness' collisions: 0.12309093739851501
new generation:  2124
Fittest                      42.94808325773269
highest fitness' coverage:   44.193761893303844
highest fitness' collisions: 0.12456786355711547
new generation:  2125
Fittest                      42.942263206122696
highest fitness' coverage:   44.18794184169385
highest fitness' collisions: 0.12456786355711544
new generation:  2126
Fittest                      42.96231796554839
highest fitness' coverage:   44.19712146097109
highest fitness' collisions: 0.12348034954227037
new generation:  2127
Fittest                      42.93138253475276
highest fitness' coverage:   44.16618603017546
highest fitness' collisions: 0.12348034954227033
new generation:  2128
Fittest                      42.949905853334144
highest fitness' coverage:   44.18470934875685
highest fitness' collisions: 0.12348034954227036
new generation:  2129
Fittest                      42.947234822443036
highest fitness' coverage:   44.18203831786574
highest fitness' collisions: 0.12348034954227051
new generation:  2130
Fittest                      42.95007081294287
highest fitness' coverage:   44.18487430836557
highest fitness' collisions: 0.1234803495422704
new generation:  2131
Fittest                      42.93441347328322
highest fitness' coverage:   44.16591810915394
highest fitness' collisions: 0.12315046358707225
new generation:  2132
Fittest                      42.9656229025668
highest fitness' coverage:   44.17576262934679
highest fitness' collisions: 0.12101397267799899
new generation:  2133
Fittest                      42.956627825022224
highest fitness' coverage:   44.16676755180222
highest fitness' collisions: 0.12101397267799904
new generation:  2134
Fittest                      42.94423873823182
highest fitness' coverage:   44.15437846501181
highest fitness' collisions: 0.121013972677999
new generation:  2135
Fittest                      42.95026906172718
highest fitness' coverage:   44.16040878850717
highest fitness' collisions: 0.12101397267799903
new generation:  2136
Fittest                      42.98216461805828
highest fitness' coverage:   44.19755241944077
highest fitness' collisions: 0.12153878013824876
new generation:  2137
Fittest                      42.96388892557563
highest fitness' coverage:   44.17927672695812
highest fitness' collisions: 0.12153878013824877
new generation:  2138
Fittest                      42.941656154313335
highest fitness' coverage:   44.157043955695826
highest fitness' collisions: 0.12153878013824884
new generation:  2139
Fittest                      42.948372997268436
highest fitness' coverage:   44.16947646617198
highest fitness' collisions: 0.12211034689035448
new generation:  2140
Fittest                      42.91120197421095
highest fitness' coverage:   44.14143824846474
highest fitness' collisions: 0.12302362742537937
new generation:  2141
Fittest                      42.93003442356524
highest fitness' coverage:   44.16027069781903
highest fitness' collisions: 0.12302362742537926
new generation:  2142
Fittest                      42.951891514096154
highest fitness' coverage:   44.182127788349945
highest fitness' collisions: 0.12302362742537923
new generation:  2143
Fittest                      42.94109110964638
highest fitness' coverage:   44.172983782012814
highest fitness' collisions: 0.12318926723664336
new generation:  2144
Fittest                      42.943440944149636
highest fitness' coverage:   44.17533361651607
highest fitness' collisions: 0.12318926723664342
new generation:  2145
Fittest                      42.91584446973247
highest fitness' coverage:   44.147737142098904
highest fitness' collisions: 0.1231892672366434
new generation:  2146
Fittest                      42.93471664357321
highest fitness' coverage:   44.162940955603844
highest fitness' collisions: 0.12282243120306369
new generation:  2147
Fittest                      42.943858224792166
highest fitness' coverage:   44.1720825368228
highest fitness' collisions: 0.12282243120306367
new generation:  2148
Fittest                      42.9347217566208
highest fitness' coverage:   44.162946068651436
highest fitness' collisions: 0.12282243120306369
new generation:  2149
Fittest                      42.94095060208779
highest fitness' coverage:   44.16917491411842
highest fitness' collisions: 0.12282243120306365
new generation:  2150
Fittest                      42.95349996035235
highest fitness' coverage:   44.18172427238299
highest fitness' collisions: 0.12282243120306374
new generation:  2151
Fittest                      42.93193652318704
highest fitness' coverage:   44.160160835217674
highest fitness' collisions: 0.12282243120306365
new generation:  2152
Fittest                      42.940876636375286
highest fitness' coverage:   44.16910094840592
highest fitness' collisions: 0.12282243120306367
new generation:  2153
Fittest                      42.91921120579032
highest fitness' coverage:   44.14743551782096
highest fitness' collisions: 0.12282243120306376
new generation:  2154
Fittest                      42.919058124381614
highest fitness' coverage:   44.14728243641225
highest fitness' collisions: 0.12282243120306367
new generation:  2155
Fittest                      42.953318471576885
highest fitness' coverage:   44.18154278360752
highest fitness' collisions: 0.12282243120306365
new generation:  2156
Fittest                      42.94091920253478
highest fitness' coverage:   44.16914351456541
highest fitness' collisions: 0.12282243120306365
new generation:  2157
Fittest                      42.91614187259667
highest fitness' coverage:   44.1443661846273
highest fitness' collisions: 0.12282243120306365
new generation:  2158
Fittest                      42.946890258144485
highest fitness' coverage:   44.17511457017512
highest fitness' collisions: 0.12282243120306362
new generation:  2159
Fittest                      42.9348089993527
highest fitness' coverage:   44.16303331138333
highest fitness' collisions: 0.12282243120306363
new generation:  2160
Fittest                      42.93133287111503
highest fitness' coverage:   44.159557183145665
highest fitness' collisions: 0.12282243120306369
new generation:  2161
Fittest                      42.938133809108386
highest fitness' coverage:   44.16635812113903
highest fitness' collisions: 0.1228224312030637
new generation:  2162
Fittest                      42.934175301848235
highest fitness' coverage:   44.162399613878875
highest fitness' collisions: 0.1228224312030637
new generation:  2163
Fittest                      42.93171967808158
highest fitness' coverage:   44.15994399011222
highest fitness' collisions: 0.1228224312030637
new generation:  2164
Fittest                      42.91604970810197
highest fitness' coverage:   44.14427402013261
highest fitness' collisions: 0.12282243120306374
new generation:  2165
Fittest                      42.94773437786848
highest fitness' coverage:   44.16576994561139
highest fitness' collisions: 0.12180355677429072
new generation:  2166
Fittest                      42.94448388994397
highest fitness' coverage:   44.16251945768688
highest fitness' collisions: 0.12180355677429071
new generation:  2167
Fittest                      42.95353393086267
highest fitness' coverage:   44.17156949860558
highest fitness' collisions: 0.12180355677429078
new generation:  2168
Fittest                      42.94173279537431
highest fitness' coverage:   44.159768363117216
highest fitness' collisions: 0.12180355677429076
new generation:  2169
Fittest                      42.94820713883212
highest fitness' coverage:   44.16624270657503
highest fitness' collisions: 0.12180355677429071
new generation:  2170
Fittest                      42.941329651892296
highest fitness' coverage:   44.159365219635205
highest fitness' collisions: 0.12180355677429065
new generation:  2171
Fittest                      42.94463966901755
highest fitness' coverage:   44.16267523676046
highest fitness' collisions: 0.12180355677429079
new generation:  2172
Fittest                      42.944373139775344
highest fitness' coverage:   44.16240870751825
highest fitness' collisions: 0.12180355677429071
new generation:  2173
Fittest                      42.93157068167064
highest fitness' coverage:   44.18122902601523
highest fitness' collisions: 0.12496583443445912
new generation:  2174
Fittest                      42.92276810760318
highest fitness' coverage:   44.17242645194777
highest fitness' collisions: 0.12496583443445909
new generation:  2175
Fittest                      42.92553458874681
highest fitness' coverage:   44.175192933091395
highest fitness' collisions: 0.12496583443445909
new generation:  2176
Fittest                      42.89744197536368
highest fitness' coverage:   44.147100319708265
highest fitness' collisions: 0.12496583443445909
new generation:  2177
Fittest                      42.89796040223464
highest fitness' coverage:   44.150429753070284
highest fitness' collisions: 0.12524693508356488
new generation:  2178
Fittest                      42.919516757855824
highest fitness' coverage:   44.17198610869147
highest fitness' collisions: 0.12524693508356485
new generation:  2179
Fittest                      42.916506073956846
highest fitness' coverage:   44.16897542479249
highest fitness' collisions: 0.1252469350835649
new generation:  2180
Fittest                      42.922363103241715
highest fitness' coverage:   44.18416499708533
highest fitness' collisions: 0.12618018938436182
new generation:  2181
Fittest                      42.90731386989681
highest fitness' coverage:   44.16911576374043
highest fitness' collisions: 0.12618018938436187
new generation:  2182
Fittest                      42.91597717590369
highest fitness' coverage:   44.17808106491935
highest fitness' collisions: 0.12621038890156575
new generation:  2183
Fittest                      42.90671055795551
highest fitness' coverage:   44.16881444697117
highest fitness' collisions: 0.12621038890156586
new generation:  2184
Fittest                      42.90897268013298
highest fitness' coverage:   44.17185409040689
highest fitness' collisions: 0.12628814102739042
new generation:  2185
Fittest                      42.906097907255784
highest fitness' coverage:   44.16897931752969
highest fitness' collisions: 0.12628814102739042
new generation:  2186
Fittest                      42.905855692896104
highest fitness' coverage:   44.16873710317001
highest fitness' collisions: 0.12628814102739033
new generation:  2187
Fittest                      42.92127882087021
highest fitness' coverage:   44.18416023114411
highest fitness' collisions: 0.12628814102739047
new generation:  2188
Fittest                      42.92099274019591
highest fitness' coverage:   44.18387415046982
highest fitness' collisions: 0.12628814102739036
new generation:  2189
Fittest                      42.890274149852765
highest fitness' coverage:   44.14712996426592
highest fitness' collisions: 0.12568558144131603
new generation:  2190
Fittest                      42.89643683689367
highest fitness' coverage:   44.153292651306835
highest fitness' collisions: 0.1256855814413161
new generation:  2191
Fittest                      42.9314020477848
highest fitness' coverage:   44.15663508559628
highest fitness' collisions: 0.12252330378114765
new generation:  2192
Fittest                      42.931016741730886
highest fitness' coverage:   44.156249779542364
highest fitness' collisions: 0.1225233037811477
new generation:  2193
Fittest                      42.937218491330604
highest fitness' coverage:   44.16245152914208
highest fitness' collisions: 0.12252330378114769
new generation:  2194
Fittest                      42.92864421837231
highest fitness' coverage:   44.15387725618379
highest fitness' collisions: 0.12252330378114772
new generation:  2195
Fittest                      42.94369560778835
highest fitness' coverage:   44.16892864559983
highest fitness' collisions: 0.12252330378114766
new generation:  2196
Fittest                      42.949816254360655
highest fitness' coverage:   44.17504929217213
highest fitness' collisions: 0.1225233037811477
new generation:  2197
Fittest                      42.95609818065349
highest fitness' coverage:   44.18133121846497
highest fitness' collisions: 0.12252330378114762
new generation:  2198
Fittest                      42.951947316804514
highest fitness' coverage:   44.14508808846966
highest fitness' collisions: 0.1193140771665146
new generation:  2199
Fittest                      42.97050363468695
highest fitness' coverage:   44.16364440635209
highest fitness' collisions: 0.11931407716651456
new generation:  2200
Fittest                      42.966792330718334
highest fitness' coverage:   44.158153911506005
highest fitness' collisions: 0.11913615807876718
new generation:  2201
Fittest                      42.94168138351239
highest fitness' coverage:   44.13304296430006
highest fitness' collisions: 0.11913615807876717
new generation:  2202
Fittest                      42.94758533911786
highest fitness' coverage:   44.13894691990553
highest fitness' collisions: 0.1191361580787671
new generation:  2203
Fittest                      42.953499290006626
highest fitness' coverage:   44.1448608707943
highest fitness' collisions: 0.11913615807876712
new generation:  2204
Fittest                      42.96265707621185
highest fitness' coverage:   44.15401865699952
highest fitness' collisions: 0.1191361580787671
new generation:  2205
Fittest                      42.93136175965859
highest fitness' coverage:   44.11735302248256
highest fitness' collisions: 0.11859912628239683
new generation:  2206
Fittest                      42.934474160345175
highest fitness' coverage:   44.12046542316914
highest fitness' collisions: 0.11859912628239686
new generation:  2207
Fittest                      42.95918795678011
highest fitness' coverage:   44.14517921960408
highest fitness' collisions: 0.11859912628239683
new generation:  2208
Fittest                      42.953445454977235
highest fitness' coverage:   44.1394367178012
highest fitness' collisions: 0.11859912628239688
new generation:  2209
Fittest                      42.96234723278663
highest fitness' coverage:   44.148338495610595
highest fitness' collisions: 0.11859912628239679
new generation:  2210
Fittest                      42.98104423189919
highest fitness' coverage:   44.16703549472316
highest fitness' collisions: 0.11859912628239681
new generation:  2211
Fittest                      42.949873885515466
highest fitness' coverage:   44.135865148339434
highest fitness' collisions: 0.11859912628239687
new generation:  2212
Fittest                      42.96877610848262
highest fitness' coverage:   44.15476737130659
highest fitness' collisions: 0.1185991262823969
new generation:  2213
Fittest                      42.94464556847337
highest fitness' coverage:   44.135923972188465
highest fitness' collisions: 0.11912784037150946
new generation:  2214
Fittest                      42.93522674027209
highest fitness' coverage:   44.12650514398719
highest fitness' collisions: 0.11912784037150961
new generation:  2215
Fittest                      42.96617869541492
highest fitness' coverage:   44.15745709913001
highest fitness' collisions: 0.11912784037150954
new generation:  2216
Fittest                      42.960326257105166
highest fitness' coverage:   44.15160466082026
highest fitness' collisions: 0.11912784037150949
new generation:  2217
Fittest                      42.94812273006926
highest fitness' coverage:   44.139401133784354
highest fitness' collisions: 0.11912784037150953
new generation:  2218
Fittest                      42.96915668500597
highest fitness' coverage:   44.160435088721066
highest fitness' collisions: 0.1191278403715096
new generation:  2219
Fittest                      42.96952208514463
highest fitness' coverage:   44.16080048885973
highest fitness' collisions: 0.11912784037150954
new generation:  2220
Fittest                      42.957184179763374
highest fitness' coverage:   44.14846258347847
highest fitness' collisions: 0.11912784037150943
new generation:  2221
Fittest                      42.95399895914677
highest fitness' coverage:   44.14527736286187
highest fitness' collisions: 0.11912784037150963
new generation:  2222
Fittest                      42.96001638039231
highest fitness' coverage:   44.15129478410741
highest fitness' collisions: 0.1191278403715095
new generation:  2223
Fittest                      42.94492468764627
highest fitness' coverage:   44.13620309136137
highest fitness' collisions: 0.11912784037150956
new generation:  2224
Fittest                      42.91080748971597
highest fitness' coverage:   44.10208589343107
highest fitness' collisions: 0.11912784037150943
new generation:  2225
Fittest                      42.951454871798326
highest fitness' coverage:   44.14273327551342
highest fitness' collisions: 0.11912784037150947
new generation:  2226
Fittest                      42.96319209719563
highest fitness' coverage:   44.154470500910726
highest fitness' collisions: 0.1191278403715094
new generation:  2227
Fittest                      42.959884237791556
highest fitness' coverage:   44.15116264150665
highest fitness' collisions: 0.11912784037150946
new generation:  2228
Fittest                      42.94746959019538
highest fitness' coverage:   44.13874799391048
highest fitness' collisions: 0.11912784037150954
new generation:  2229
Fittest                      42.957047778183146
highest fitness' coverage:   44.14832618189824
highest fitness' collisions: 0.11912784037150946
new generation:  2230
Fittest                      42.97005906065129
highest fitness' coverage:   44.16133746436638
highest fitness' collisions: 0.11912784037150947
new generation:  2231
Fittest                      42.94461090571628
highest fitness' coverage:   44.13588930943138
highest fitness' collisions: 0.11912784037150953
new generation:  2232
Fittest                      42.950013863648095
highest fitness' coverage:   44.13567292689614
highest fitness' collisions: 0.11856590632480475
new generation:  2233
Fittest                      42.95976811258925
highest fitness' coverage:   44.1454271758373
highest fitness' collisions: 0.11856590632480477
new generation:  2234
Fittest                      42.95663496609255
highest fitness' coverage:   44.1422940293406
highest fitness' collisions: 0.11856590632480472
new generation:  2235
Fittest                      42.959725401165244
highest fitness' coverage:   44.14538446441329
highest fitness' collisions: 0.11856590632480474
new generation:  2236
Fittest                      42.96582223104048
highest fitness' coverage:   44.15148129428852
highest fitness' collisions: 0.11856590632480482
new generation:  2237
Fittest                      42.9594818523122
highest fitness' coverage:   44.14514091556025
highest fitness' collisions: 0.11856590632480474
new generation:  2238
Fittest                      42.96306051432498
highest fitness' coverage:   44.148719577573026
highest fitness' collisions: 0.11856590632480475
new generation:  2239
Fittest                      42.9689334771556
highest fitness' coverage:   44.1606181362644
highest fitness' collisions: 0.11916846591087911
new generation:  2240
Fittest                      42.944428745948244
highest fitness' coverage:   44.13611340505704
highest fitness' collisions: 0.11916846591087918
new generation:  2241
Fittest                      42.97250378482248
highest fitness' coverage:   44.16418844393127
highest fitness' collisions: 0.11916846591087912
new generation:  2242
Fittest                      42.93630851576107
highest fitness' coverage:   44.129772365747336
highest fitness' collisions: 0.11934638499862663
new generation:  2243
Fittest                      42.948601149092084
highest fitness' coverage:   44.17005739220695
highest fitness' collisions: 0.12214562431148619
new generation:  2244
Fittest                      42.92168448058757
highest fitness' coverage:   44.130287568560554
highest fitness' collisions: 0.12086030879729832
new generation:  2245
Fittest                      42.93041285014022
highest fitness' coverage:   44.139015938113204
highest fitness' collisions: 0.12086030879729844
new generation:  2246
Fittest                      42.95168799505162
highest fitness' coverage:   44.1521702907804
highest fitness' collisions: 0.12004822957287789
new generation:  2247
Fittest                      42.91763234333734
highest fitness' coverage:   44.12414023492686
highest fitness' collisions: 0.12065078915895223
new generation:  2248
Fittest                      42.929566763307236
highest fitness' coverage:   44.13607465489676
highest fitness' collisions: 0.12065078915895223
new generation:  2249
Fittest                      42.936015375481865
highest fitness' coverage:   44.14252326707139
highest fitness' collisions: 0.1206507891589523
new generation:  2250
Fittest                      42.948163375897806
highest fitness' coverage:   44.15467126748733
highest fitness' collisions: 0.12065078915895217
new generation:  2251
Fittest                      42.92131586470189
highest fitness' coverage:   44.14227815399887
highest fitness' collisions: 0.1220962289296982
new generation:  2252
Fittest                      42.948921149926335
highest fitness' coverage:   44.16988343922332
highest fitness' collisions: 0.12209622892969822
new generation:  2253
Fittest                      42.94308803784217
highest fitness' coverage:   44.16405032713916
highest fitness' collisions: 0.12209622892969825
new generation:  2254
Fittest                      42.92102817329365
highest fitness' coverage:   44.141990462590634
highest fitness' collisions: 0.12209622892969825
new generation:  2255
Fittest                      42.917904447528684
highest fitness' coverage:   44.13886673682567
highest fitness' collisions: 0.1220962289296982
new generation:  2256
Fittest                      42.93058531687921
highest fitness' coverage:   44.151547606176194
highest fitness' collisions: 0.12209622892969815
new generation:  2257
Fittest                      42.925658011709466
highest fitness' coverage:   44.14520704273094
highest fitness' collisions: 0.1219549031021473
new generation:  2258
Fittest                      42.90116703691742
highest fitness' coverage:   44.12071606793889
highest fitness' collisions: 0.12195490310214728
new generation:  2259
Fittest                      42.9041698532104
highest fitness' coverage:   44.12371888423187
highest fitness' collisions: 0.12195490310214738
new generation:  2260
Fittest                      42.915950203849434
highest fitness' coverage:   44.135499234870906
highest fitness' collisions: 0.12195490310214734
new generation:  2261
Fittest                      42.9254589472589
highest fitness' coverage:   44.145007978280375
highest fitness' collisions: 0.12195490310214738
new generation:  2262
Fittest                      42.922966307833484
highest fitness' coverage:   44.142515338854956
highest fitness' collisions: 0.12195490310214742
new generation:  2263
Fittest                      42.93195844191042
highest fitness' coverage:   44.15150747293189
highest fitness' collisions: 0.1219549031021474
new generation:  2264
Fittest                      42.92190388208893
highest fitness' coverage:   44.12699851540294
highest fitness' collisions: 0.1205094633314014
new generation:  2265
Fittest                      42.96822789371446
highest fitness' coverage:   44.173322527028475
highest fitness' collisions: 0.12050946333140139
new generation:  2266
Fittest                      42.936901227080874
highest fitness' coverage:   44.141995860394886
highest fitness' collisions: 0.12050946333140146
new generation:  2267
Fittest                      42.932398098324946
highest fitness' coverage:   44.1454360139862
highest fitness' collisions: 0.12130379156612567
new generation:  2268
Fittest                      42.92153892247936
highest fitness' coverage:   44.13548884897997
highest fitness' collisions: 0.12139499265006129
new generation:  2269
Fittest                      42.95295399533831
highest fitness' coverage:   44.16690392183892
highest fitness' collisions: 0.12139499265006135
new generation:  2270
Fittest                      42.91941308439022
highest fitness' coverage:   44.13270620232956
highest fitness' collisions: 0.12132931179393391
new generation:  2271
Fittest                      42.95054142538929
highest fitness' coverage:   44.15450200032066
highest fitness' collisions: 0.12039605749313696
new generation:  2272
Fittest                      42.96042875176172
highest fitness' coverage:   44.164118130205715
highest fitness' collisions: 0.12036893784439973
new generation:  2273
Fittest                      42.93935662389495
highest fitness' coverage:   44.17036491008094
highest fitness' collisions: 0.12310082861859865
new generation:  2274
Fittest                      42.91448329401455
highest fitness' coverage:   44.14549158020054
highest fitness' collisions: 0.12310082861859865
new generation:  2275
Fittest                      42.901617931443674
highest fitness' coverage:   44.132626217629664
highest fitness' collisions: 0.12310082861859867
new generation:  2276
Fittest                      42.90505790214405
highest fitness' coverage:   44.13606618833004
highest fitness' collisions: 0.12310082861859865
new generation:  2277
Fittest                      42.89064670265533
highest fitness' coverage:   44.12633234025419
highest fitness' collisions: 0.12356856375988581
new generation:  2278
Fittest                      42.92182178354296
highest fitness' coverage:   44.173332314313214
highest fitness' collisions: 0.12515105307702568
new generation:  2279
Fittest                      42.921832160739804
highest fitness' coverage:   44.17936828737081
highest fitness' collisions: 0.12575361266310014
new generation:  2280
Fittest                      42.92552167711726
highest fitness' coverage:   44.17703220788752
highest fitness' collisions: 0.12515105307702581
new generation:  2281
Fittest                      42.92785045965131
highest fitness' coverage:   44.179360990421564
highest fitness' collisions: 0.1251510530770257
new generation:  2282
Fittest                      42.949834204443235
highest fitness' coverage:   44.195508007894524
highest fitness' collisions: 0.12456738034512893
new generation:  2283
Fittest                      42.935204942842404
highest fitness' coverage:   44.18010122503545
highest fitness' collisions: 0.12448962821930448
new generation:  2284
Fittest                      42.941707789336526
highest fitness' coverage:   44.18660407152957
highest fitness' collisions: 0.12448962821930434
new generation:  2285
Fittest                      42.93488888784617
highest fitness' coverage:   44.17978517003922
highest fitness' collisions: 0.12448962821930434
new generation:  2286
Fittest                      42.92835586169365
highest fitness' coverage:   44.17346107349978
highest fitness' collisions: 0.12451052118061286
new generation:  2287
Fittest                      42.9253410413261
highest fitness' coverage:   44.170446253132226
highest fitness' collisions: 0.12451052118061283
new generation:  2288
Fittest                      42.91915350637963
highest fitness' coverage:   44.164258718185756
highest fitness' collisions: 0.12451052118061287
new generation:  2289
Fittest                      42.93902749285473
highest fitness' coverage:   44.199086470825534
highest fitness' collisions: 0.1260058977970808
new generation:  2290
Fittest                      42.90016204610716
highest fitness' coverage:   44.16738291729651
highest fitness' collisions: 0.12672208711893457
new generation:  2291
Fittest                      42.931521022499766
highest fitness' coverage:   44.19874189368911
highest fitness' collisions: 0.1267220871189347
new generation:  2292
Fittest                      42.90610245746415
highest fitness' coverage:   44.173323328653495
highest fitness' collisions: 0.1267220871189345
new generation:  2293
Fittest                      42.90022926118731
highest fitness' coverage:   44.16745013237666
highest fitness' collisions: 0.1267220871189346
new generation:  2294
Fittest                      42.911355203875665
highest fitness' coverage:   44.18294123338741
highest fitness' collisions: 0.12715860295117473
new generation:  2295
Fittest                      42.916771049536976
highest fitness' coverage:   44.21380462084649
highest fitness' collisions: 0.12970335713095124
new generation:  2296
Fittest                      42.91599577022593
highest fitness' coverage:   44.217354787850695
highest fitness' collisions: 0.130135901762476
new generation:  2297
Fittest                      42.915633869863356
highest fitness' coverage:   44.21699288748812
highest fitness' collisions: 0.13013590176247594
new generation:  2298
Fittest                      42.90588179257573
highest fitness' coverage:   44.201486410827115
highest fitness' collisions: 0.12956046182513872
new generation:  2299
Fittest                      42.888801086557464
highest fitness' coverage:   44.18623894182447
highest fitness' collisions: 0.12974378552670054
new generation:  2300
Fittest                      42.90181511130595
highest fitness' coverage:   44.20487230704
highest fitness' collisions: 0.1303057195734052
new generation:  2301
Fittest                      42.90490660104375
highest fitness' coverage:   44.2079637967778
highest fitness' collisions: 0.13030571957340517
new generation:  2302
Fittest                      42.895514572048675
highest fitness' coverage:   44.198571767782724
highest fitness' collisions: 0.13030571957340514
new generation:  2303
Fittest                      42.90180365491547
highest fitness' coverage:   44.20486085064952
highest fitness' collisions: 0.1303057195734052
new generation:  2304
Fittest                      42.87975720332594
highest fitness' coverage:   44.182814399059986
highest fitness' collisions: 0.1303057195734052
new generation:  2305
Fittest                      42.90479754310583
highest fitness' coverage:   44.207854738839885
highest fitness' collisions: 0.13030571957340525
new generation:  2306
Fittest                      42.91730622445857
highest fitness' coverage:   44.220363420192626
highest fitness' collisions: 0.1303057195734052
new generation:  2307
Fittest                      42.90118021996786
highest fitness' coverage:   44.20423741570191
highest fitness' collisions: 0.13030571957340514
new generation:  2308
Fittest                      42.902179196973606
highest fitness' coverage:   44.205236392707654
highest fitness' collisions: 0.13030571957340517
new generation:  2309
Fittest                      42.89542477761103
highest fitness' coverage:   44.19848197334508
highest fitness' collisions: 0.1303057195734052
new generation:  2310
Fittest                      42.87958381589548
highest fitness' coverage:   44.182995825018764
highest fitness' collisions: 0.13034120091232865
new generation:  2311
Fittest                      42.90472787999565
highest fitness' coverage:   44.20813988911893
highest fitness' collisions: 0.13034120091232854
new generation:  2312
Fittest                      42.90548208601776
highest fitness' coverage:   44.19870535085332
highest fitness' collisions: 0.12932232648355563
new generation:  2313
Fittest                      42.928166085101566
highest fitness' coverage:   44.204991516185274
highest fitness' collisions: 0.12768254310837057
new generation:  2314
Fittest                      42.946376946209014
highest fitness' coverage:   44.22320237729272
highest fitness' collisions: 0.12768254310837046
new generation:  2315
Fittest                      42.921655140468935
highest fitness' coverage:   44.19848057155264
highest fitness' collisions: 0.12768254310837068
new generation:  2316
Fittest                      42.92488949681963
highest fitness' coverage:   44.20171492790334
highest fitness' collisions: 0.12768254310837052
new generation:  2317
Fittest                      42.921802677622395
highest fitness' coverage:   44.1986281087061
highest fitness' collisions: 0.12768254310837043
new generation:  2318
Fittest                      42.927965932939706
highest fitness' coverage:   44.204791364023414
highest fitness' collisions: 0.12768254310837054
new generation:  2319
Fittest                      42.925892390130485
highest fitness' coverage:   44.17642929959264
highest fitness' collisions: 0.12505369094621568
new generation:  2320
Fittest                      42.929137243701334
highest fitness' coverage:   44.16413279783164
highest fitness' collisions: 0.12349955541303108
new generation:  2321
Fittest                      42.96051017132456
highest fitness' coverage:   44.19550572545487
highest fitness' collisions: 0.1234995554130311
new generation:  2322
Fittest                      42.93927300825116
highest fitness' coverage:   44.17426856238148
highest fitness' collisions: 0.12349955541303113
new generation:  2323
Fittest                      42.94509829259391
highest fitness' coverage:   44.18009384672422
highest fitness' collisions: 0.12349955541303104
new generation:  2324
Fittest                      42.988324123519796
highest fitness' coverage:   44.2233196776501
highest fitness' collisions: 0.12349955541303104
new generation:  2325
Fittest                      42.96085562963526
highest fitness' coverage:   44.195851183765576
highest fitness' collisions: 0.12349955541303113
new generation:  2326
Fittest                      42.966489828300034
highest fitness' coverage:   44.20148538243035
highest fitness' collisions: 0.12349955541303116
new generation:  2327
Fittest                      42.97268671418337
highest fitness' coverage:   44.20768226831368
highest fitness' collisions: 0.12349955541303125
new generation:  2328
Fittest                      42.97940021491464
highest fitness' coverage:   44.21439576904495
highest fitness' collisions: 0.12349955541303104
new generation:  2329
Fittest                      42.966312595168944
highest fitness' coverage:   44.20130814929926
highest fitness' collisions: 0.12349955541303109
new generation:  2330
Fittest                      42.95766197895973
highest fitness' coverage:   44.192302719700805
highest fitness' collisions: 0.12346407407410775
new generation:  2331
Fittest                      42.954403666048144
highest fitness' coverage:   44.18904440678922
highest fitness' collisions: 0.12346407407410788
new generation:  2332
Fittest                      42.96041894422085
highest fitness' coverage:   44.195059684961926
highest fitness' collisions: 0.1234640740741078
new generation:  2333
Fittest                      42.994602262217214
highest fitness' coverage:   44.20465025371122
highest fitness' collisions: 0.12100479914940084
new generation:  2334
Fittest                      42.99169923335887
highest fitness' coverage:   44.20174722485288
highest fitness' collisions: 0.12100479914940081
new generation:  2335
Fittest                      42.98193447541974
highest fitness' coverage:   44.19198246691375
highest fitness' collisions: 0.12100479914940086
new generation:  2336
Fittest                      43.00857763973547
highest fitness' coverage:   44.21426047290708
highest fitness' collisions: 0.1205682833171606
new generation:  2337
Fittest                      43.0049218359987
highest fitness' coverage:   44.21060466917031
highest fitness' collisions: 0.12056828331716064
new generation:  2338
Fittest                      43.000856507595834
highest fitness' coverage:   44.183365833951804
highest fitness' collisions: 0.11825093263559705
new generation:  2339
Fittest                      43.02557032035634
highest fitness' coverage:   44.20807964671231
highest fitness' collisions: 0.11825093263559701
new generation:  2340
Fittest                      43.01837801232022
highest fitness' coverage:   44.21023743970004
highest fitness' collisions: 0.11918594273798173
new generation:  2341
Fittest                      42.990743599906104
highest fitness' coverage:   44.18260302728592
highest fitness' collisions: 0.11918594273798173
new generation:  2342
Fittest                      42.996637608828834
highest fitness' coverage:   44.18849703620865
highest fitness' collisions: 0.11918594273798169
new generation:  2343
Fittest                      42.990305628795056
highest fitness' coverage:   44.182165056174874
highest fitness' collisions: 0.1191859427379818
new generation:  2344
Fittest                      43.012183750664796
highest fitness' coverage:   44.204043178044614
highest fitness' collisions: 0.11918594273798169
new generation:  2345
Fittest                      43.01546496953465
highest fitness' coverage:   44.207324396914466
highest fitness' collisions: 0.11918594273798176
new generation:  2346
Fittest                      43.02803817853431
highest fitness' coverage:   44.21989760591413
highest fitness' collisions: 0.11918594273798165
new generation:  2347
Fittest                      43.000150968325386
highest fitness' coverage:   44.219942450566684
highest fitness' collisions: 0.12197914822412967
new generation:  2348
Fittest                      42.97221613426886
highest fitness' coverage:   44.19200761651016
highest fitness' collisions: 0.12197914822412977
new generation:  2349
Fittest                      42.98666271103183
highest fitness' coverage:   44.23807696987482
highest fitness' collisions: 0.1251414258842982
new generation:  2350
Fittest                      42.95625787363132
highest fitness' coverage:   44.20767213247431
highest fitness' collisions: 0.1251414258842982
new generation:  2351
Fittest                      42.95235428719292
highest fitness' coverage:   44.203768546035896
highest fitness' collisions: 0.12514142588429805
new generation:  2352
Fittest                      42.94029743693133
highest fitness' coverage:   44.19171169577431
highest fitness' collisions: 0.1251414258842981
new generation:  2353
Fittest                      42.9559985137818
highest fitness' coverage:   44.20741277262478
highest fitness' collisions: 0.12514142588429808
new generation:  2354
Fittest                      42.95886021732237
highest fitness' coverage:   44.21027447616535
highest fitness' collisions: 0.12514142588429814
new generation:  2355
Fittest                      42.949701729959955
highest fitness' coverage:   44.20111598880293
highest fitness' collisions: 0.12514142588429808
new generation:  2356
Fittest                      42.96221455540169
highest fitness' coverage:   44.213628814244665
highest fitness' collisions: 0.12514142588429814
new generation:  2357
Fittest                      42.946339238720945
highest fitness' coverage:   44.19775349756392
highest fitness' collisions: 0.1251414258842981
new generation:  2358
Fittest                      42.94059359670129
highest fitness' coverage:   44.19200785554427
highest fitness' collisions: 0.12514142588429814
new generation:  2359
Fittest                      42.98205068665541
highest fitness' coverage:   44.2334649454984
highest fitness' collisions: 0.12514142588429814
new generation:  2360
Fittest                      42.963727851951546
highest fitness' coverage:   44.215142110794524
highest fitness' collisions: 0.125141425884298
new generation:  2361
Fittest                      42.989417314340656
highest fitness' coverage:   44.23961764683872
highest fitness' collisions: 0.12502003324980604
new generation:  2362
Fittest                      43.01604525897375
highest fitness' coverage:   44.198728328904295
highest fitness' collisions: 0.11826830699305499
new generation:  2363
Fittest                      43.032539304958185
highest fitness' coverage:   44.254419594444684
highest fitness' collisions: 0.12218802894865025
new generation:  2364
Fittest                      42.9858957605751
highest fitness' coverage:   44.2077760500616
highest fitness' collisions: 0.12218802894865016
new generation:  2365
Fittest                      42.988927309097605
highest fitness' coverage:   44.210807598584104
highest fitness' collisions: 0.12218802894865026
new generation:  2366
Fittest                      43.00365920193359
highest fitness' coverage:   44.224627480580736
highest fitness' collisions: 0.12209682786471467
new generation:  2367
Fittest                      42.99717273492127
highest fitness' coverage:   44.21814101356842
highest fitness' collisions: 0.12209682786471457
new generation:  2368
Fittest                      43.00705213434663
highest fitness' coverage:   44.22802041299378
highest fitness' collisions: 0.12209682786471476
new generation:  2369
Fittest                      43.016049770630254
highest fitness' coverage:   44.2370180492774
highest fitness' collisions: 0.12209682786471462
new generation:  2370
Fittest                      43.0297372430584
highest fitness' coverage:   44.246028170292675
highest fitness' collisions: 0.12162909272342737
new generation:  2371
Fittest                      43.02334917038157
highest fitness' coverage:   44.23964009761585
highest fitness' collisions: 0.12162909272342733
new generation:  2372
Fittest                      43.0047209838871
highest fitness' coverage:   44.25552774609728
highest fitness' collisions: 0.12508067622101804
new generation:  2373
Fittest                      42.967424336829346
highest fitness' coverage:   44.21823109903953
highest fitness' collisions: 0.12508067622101812
new generation:  2374
Fittest                      42.97619434587178
highest fitness' coverage:   44.227001108081964
highest fitness' collisions: 0.12508067622101812
new generation:  2375
Fittest                      42.98686829044127
highest fitness' coverage:   44.190534550748254
highest fitness' collisions: 0.12036662603069848
new generation:  2376
Fittest                      43.036403896736246
highest fitness' coverage:   44.240070157043235
highest fitness' collisions: 0.12036662603069857
new generation:  2377
Fittest                      43.02109724846946
highest fitness' coverage:   44.22476350877645
highest fitness' collisions: 0.12036662603069852
new generation:  2378
Fittest                      43.02427551965088
highest fitness' coverage:   44.22794177995787
highest fitness' collisions: 0.12036662603069863
new generation:  2379
Fittest                      43.04142537058614
highest fitness' coverage:   44.20606475381867
highest fitness' collisions: 0.11646393832325296
new generation:  2380
Fittest                      43.06980065252488
highest fitness' coverage:   44.23444003575741
highest fitness' collisions: 0.11646393832325287
new generation:  2381
Fittest                      43.084488198134935
highest fitness' coverage:   44.24912758136746
highest fitness' collisions: 0.11646393832325284
new generation:  2382
Fittest                      43.05382191265434
highest fitness' coverage:   44.21846129588687
highest fitness' collisions: 0.11646393832325289
new generation:  2383
Fittest                      43.050428999414976
highest fitness' coverage:   44.2150683826475
highest fitness' collisions: 0.11646393832325279
new generation:  2384
Fittest                      43.05062452764851
highest fitness' coverage:   44.215263910881035
highest fitness' collisions: 0.11646393832325283
new generation:  2385
Fittest                      43.075397137234894
highest fitness' coverage:   44.24003652046742
highest fitness' collisions: 0.11646393832325282
new generation:  2386
Fittest                      43.08133123255972
highest fitness' coverage:   44.245970615792245
highest fitness' collisions: 0.11646393832325275
new generation:  2387
Fittest                      43.05681769983651
highest fitness' coverage:   44.22145708306903
highest fitness' collisions: 0.11646393832325283
new generation:  2388
Fittest                      43.06246179903192
highest fitness' coverage:   44.22710118226445
highest fitness' collisions: 0.1164639383232528
new generation:  2389
Fittest                      43.059705441070946
highest fitness' coverage:   44.22434482430347
highest fitness' collisions: 0.11646393832325289
new generation:  2390
Fittest                      43.056892090403984
highest fitness' coverage:   44.22153147363651
highest fitness' collisions: 0.11646393832325282
new generation:  2391
Fittest                      43.06852862744422
highest fitness' coverage:   44.22791993607425
highest fitness' collisions: 0.1159391308630031
new generation:  2392
Fittest                      43.074475125455976
highest fitness' coverage:   44.233866434086
highest fitness' collisions: 0.1159391308630031
new generation:  2393
Fittest                      43.07785935367168
highest fitness' coverage:   44.237250662301705
highest fitness' collisions: 0.115939130863003
new generation:  2394
Fittest                      43.08348524369502
highest fitness' coverage:   44.24287655232505
highest fitness' collisions: 0.1159391308630031
new generation:  2395
Fittest                      43.08015089165848
highest fitness' coverage:   44.20913335003174
highest fitness' collisions: 0.11289824583732685
new generation:  2396
Fittest                      43.10812464451937
highest fitness' coverage:   44.23710710289264
highest fitness' collisions: 0.11289824583732683
new generation:  2397
Fittest                      43.113890365388244
highest fitness' coverage:   44.24287282376151
highest fitness' collisions: 0.11289824583732684
new generation:  2398
Fittest                      43.095505404132126
highest fitness' coverage:   44.22448786250539
highest fitness' collisions: 0.11289824583732683
new generation:  2399
Fittest                      43.08346048801454
highest fitness' coverage:   44.21846854224855
highest fitness' collisions: 0.11350080542340117
new generation:  2400
Fittest                      43.08617258915192
highest fitness' coverage:   44.221180643385935
highest fitness' collisions: 0.11350080542340117
new generation:  2401
Fittest                      43.08923226043138
highest fitness' coverage:   44.224240314665394
highest fitness' collisions: 0.11350080542340121
new generation:  2402
Fittest                      43.10856503084075
highest fitness' coverage:   44.243573085074765
highest fitness' collisions: 0.11350080542340117
new generation:  2403
Fittest                      43.111037088550226
highest fitness' coverage:   44.24604514278424
highest fitness' collisions: 0.11350080542340112
new generation:  2404
Fittest                      43.11145150328813
highest fitness' coverage:   44.246459557522144
highest fitness' collisions: 0.11350080542340119
new generation:  2405
Fittest                      43.108171760723565
highest fitness' coverage:   44.24317981495758
highest fitness' collisions: 0.11350080542340106
new generation:  2406
Fittest                      43.09634209868248
highest fitness' coverage:   44.23714515649253
highest fitness' collisions: 0.11408030578100546
new generation:  2407
Fittest                      43.085103430001865
highest fitness' coverage:   44.24994423013947
highest fitness' collisions: 0.11648408001376011
new generation:  2408
Fittest                      43.10511071899651
highest fitness' coverage:   44.26995151913411
highest fitness' collisions: 0.1164840800137602
new generation:  2409
Fittest                      43.12002596984067
highest fitness' coverage:   44.28486676997827
highest fitness' collisions: 0.11648408001376018
new generation:  2410
Fittest                      43.09792272482403
highest fitness' coverage:   44.262763524961635
highest fitness' collisions: 0.11648408001376023
new generation:  2411
Fittest                      43.09851205261331
highest fitness' coverage:   44.26335285275091
highest fitness' collisions: 0.1164840800137601
new generation:  2412
Fittest                      43.103475300096434
highest fitness' coverage:   44.23452870352939
highest fitness' collisions: 0.11310534034329614
new generation:  2413
Fittest                      43.14736921848552
highest fitness' coverage:   44.27842262191849
highest fitness' collisions: 0.11310534034329617
new generation:  2414
Fittest                      43.150761839715024
highest fitness' coverage:   44.28181524314799
highest fitness' collisions: 0.11310534034329615
new generation:  2415
Fittest                      43.125420623192014
highest fitness' coverage:   44.25647402662498
highest fitness' collisions: 0.11310534034329615
new generation:  2416
Fittest                      43.134905602488665
highest fitness' coverage:   44.26595900592162
highest fitness' collisions: 0.11310534034329607
new generation:  2417
Fittest                      43.15415752128194
highest fitness' coverage:   44.2852109247149
highest fitness' collisions: 0.11310534034329617
new generation:  2418
Fittest                      43.1387406925403
highest fitness' coverage:   44.26602461423992
highest fitness' collisions: 0.11272839216996125
new generation:  2419
Fittest                      43.141845044841375
highest fitness' coverage:   44.26912896654099
highest fitness' collisions: 0.11272839216996111
new generation:  2420
Fittest                      43.13882293243743
highest fitness' coverage:   44.26610685413704
highest fitness' collisions: 0.11272839216996113
new generation:  2421
Fittest                      43.13906338597479
highest fitness' coverage:   44.2663473076744
highest fitness' collisions: 0.11272839216996118
new generation:  2422
Fittest                      43.182477046040155
highest fitness' coverage:   44.30976096773976
highest fitness' collisions: 0.11272839216996108
new generation:  2423
Fittest                      43.155574614621855
highest fitness' coverage:   44.29743287219415
highest fitness' collisions: 0.11418582575722958
new generation:  2424
Fittest                      43.12084818692117
highest fitness' coverage:   44.26249751488038
highest fitness' collisions: 0.11416493279592098
new generation:  2425
Fittest                      43.10416186957782
highest fitness' coverage:   44.231772178817444
highest fitness' collisions: 0.11276103092396211
new generation:  2426
Fittest                      43.13835884858852
highest fitness' coverage:   44.26596915782814
highest fitness' collisions: 0.11276103092396207
new generation:  2427
Fittest                      43.144366053835924
highest fitness' coverage:   44.271976363075545
highest fitness' collisions: 0.1127610309239621
new generation:  2428
Fittest                      43.14135996548071
highest fitness' coverage:   44.26897027472033
highest fitness' collisions: 0.11276103092396206
new generation:  2429
Fittest                      43.13476003561515
highest fitness' coverage:   44.26237034485477
highest fitness' collisions: 0.11276103092396211
new generation:  2430
Fittest                      43.131466560130136
highest fitness' coverage:   44.25907686936976
highest fitness' collisions: 0.11276103092396206
new generation:  2431
Fittest                      43.12064570910474
highest fitness' coverage:   44.246907055461776
highest fitness' collisions: 0.112626134635703
new generation:  2432
Fittest                      43.129871693162215
highest fitness' coverage:   44.25613303951925
highest fitness' collisions: 0.11262613463570297
new generation:  2433
Fittest                      43.12077768794818
highest fitness' coverage:   44.25306463016595
highest fitness' collisions: 0.11322869422177737
new generation:  2434
Fittest                      43.11170864113303
highest fitness' coverage:   44.2439955833508
highest fitness' collisions: 0.11322869422177727
new generation:  2435
Fittest                      43.130885490006094
highest fitness' coverage:   44.26317243222387
highest fitness' collisions: 0.1132286942217773
new generation:  2436
Fittest                      43.13268435376309
highest fitness' coverage:   44.264971295980864
highest fitness' collisions: 0.11322869422177728
new generation:  2437
Fittest                      43.108339958161196
highest fitness' coverage:   44.24062690037897
highest fitness' collisions: 0.11322869422177735
new generation:  2438
Fittest                      43.132851211535424
highest fitness' coverage:   44.2651381537532
highest fitness' collisions: 0.11322869422177721
new generation:  2439
Fittest                      43.12698266117397
highest fitness' coverage:   44.25926960339174
highest fitness' collisions: 0.1132286942217774
new generation:  2440
Fittest                      43.12364184155392
highest fitness' coverage:   44.255928783771694
highest fitness' collisions: 0.11322869422177731
new generation:  2441
Fittest                      43.118831954631446
highest fitness' coverage:   44.25020688600986
highest fitness' collisions: 0.11313749313784167
new generation:  2442
Fittest                      43.14319050652665
highest fitness' coverage:   44.27456543790507
highest fitness' collisions: 0.11313749313784176
new generation:  2443
Fittest                      43.112240996397915
highest fitness' coverage:   44.24361592777633
highest fitness' collisions: 0.11313749313784165
new generation:  2444
Fittest                      43.106698722792004
highest fitness' coverage:   44.23807365417042
highest fitness' collisions: 0.1131374931378416
new generation:  2445
Fittest                      43.11223838687737
highest fitness' coverage:   44.23758772239505
highest fitness' collisions: 0.11253493355176734
new generation:  2446
Fittest                      43.13714992585191
highest fitness' coverage:   44.290293002156474
highest fitness' collisions: 0.1153143076304565
new generation:  2447
Fittest                      43.1341559332282
highest fitness' coverage:   44.28729900953277
highest fitness' collisions: 0.11531430763045651
new generation:  2448
Fittest                      43.08756981250187
highest fitness' coverage:   44.240712888806435
highest fitness' collisions: 0.11531430763045648
new generation:  2449
Fittest                      43.093976488673185
highest fitness' coverage:   44.24711956497775
highest fitness' collisions: 0.11531430763045647
new generation:  2450
Fittest                      43.08441616320911
highest fitness' coverage:   44.23755923951368
highest fitness' collisions: 0.11531430763045655
new generation:  2451
Fittest                      43.12038058694386
highest fitness' coverage:   44.26540287100422
highest fitness' collisions: 0.11450222840603587
new generation:  2452
Fittest                      43.10840672615608
highest fitness' coverage:   44.25342901021644
highest fitness' collisions: 0.11450222840603601
new generation:  2453
Fittest                      43.09261520425388
highest fitness' coverage:   44.23763748831424
highest fitness' collisions: 0.11450222840603594
new generation:  2454
Fittest                      43.11886377231766
highest fitness' coverage:   44.26598125276148
highest fitness' collisions: 0.11471174804438211
new generation:  2455
Fittest                      43.08470119468984
highest fitness' coverage:   44.23181867513366
highest fitness' collisions: 0.1147117480443821
new generation:  2456
Fittest                      43.102289349878404
highest fitness' coverage:   44.23497945970396
highest fitness' collisions: 0.11326901098255544
new generation:  2457
Fittest                      43.10872288139037
highest fitness' coverage:   44.24666106581842
highest fitness' collisions: 0.11379381844280508
new generation:  2458
Fittest                      43.11252346244928
highest fitness' coverage:   44.25046164687733
highest fitness' collisions: 0.11379381844280508
new generation:  2459
Fittest                      43.12097740877
highest fitness' coverage:   44.24843808398206
highest fitness' collisions: 0.11274606752120585
new generation:  2460
Fittest                      43.127261958336874
highest fitness' coverage:   44.25472263354893
highest fitness' collisions: 0.11274606752120586
new generation:  2461
Fittest                      43.139672734630295
highest fitness' coverage:   44.26713340984235
highest fitness' collisions: 0.1127460675212059
new generation:  2462
Fittest                      43.11512365425751
highest fitness' coverage:   44.242584329469565
highest fitness' collisions: 0.1127460675212059
new generation:  2463
Fittest                      43.113090631649825
highest fitness' coverage:   44.245228658274755
highest fitness' collisions: 0.1132138026624931
new generation:  2464
Fittest                      43.137781064905916
highest fitness' coverage:   44.269919091530845
highest fitness' collisions: 0.1132138026624931
new generation:  2465
Fittest                      43.13934601317228
highest fitness' coverage:   44.227049697534
highest fitness' collisions: 0.10877036843617202
new generation:  2466
Fittest                      43.160629868833446
highest fitness' coverage:   44.24833355319517
highest fitness' collisions: 0.10877036843617204
new generation:  2467
Fittest                      43.16090960423626
highest fitness' coverage:   44.24861328859798
highest fitness' collisions: 0.10877036843617206
new generation:  2468
Fittest                      43.1950798631278
highest fitness' coverage:   44.28278354748952
highest fitness' collisions: 0.10877036843617204
new generation:  2469
Fittest                      43.16392564624842
highest fitness' coverage:   44.25162933061014
highest fitness' collisions: 0.10877036843617195
new generation:  2470
Fittest                      43.16763314236495
highest fitness' coverage:   44.24857912315239
highest fitness' collisions: 0.1080945980787442
new generation:  2471
Fittest                      43.15185121888445
highest fitness' coverage:   44.23279719967189
highest fitness' collisions: 0.10809459807874422
new generation:  2472
Fittest                      43.161599856340835
highest fitness' coverage:   44.242545837128276
highest fitness' collisions: 0.10809459807874422
new generation:  2473
Fittest                      43.142613414461394
highest fitness' coverage:   44.223559395248834
highest fitness' collisions: 0.1080945980787442
new generation:  2474
Fittest                      43.17083770534886
highest fitness' coverage:   44.2517836861363
highest fitness' collisions: 0.1080945980787443
new generation:  2475
Fittest                      43.17678417823968
highest fitness' coverage:   44.25773015902712
highest fitness' collisions: 0.10809459807874422
new generation:  2476
Fittest                      43.15747384221716
highest fitness' coverage:   44.2384198230046
highest fitness' collisions: 0.1080945980787443
new generation:  2477
Fittest                      43.16747687906221
highest fitness' coverage:   44.24842285984965
highest fitness' collisions: 0.10809459807874428
new generation:  2478
Fittest                      43.13663649975469
highest fitness' coverage:   44.21758248054213
highest fitness' collisions: 0.10809459807874436
new generation:  2479
Fittest                      43.16148729152414
highest fitness' coverage:   44.24243327231158
highest fitness' collisions: 0.10809459807874423
new generation:  2480
Fittest                      43.194748093772986
highest fitness' coverage:   44.27943110363208
highest fitness' collisions: 0.10846830098590912
new generation:  2481
Fittest                      43.18074688847898
highest fitness' coverage:   44.26447368815566
highest fitness' collisions: 0.10837267996766842
new generation:  2482
Fittest                      43.19608134875707
highest fitness' coverage:   44.27980814843375
highest fitness' collisions: 0.10837267996766833
new generation:  2483
Fittest                      43.19911166884763
highest fitness' coverage:   44.28283846852431
highest fitness' collisions: 0.10837267996766843
new generation:  2484
Fittest                      43.19436589742617
highest fitness' coverage:   44.25427745108502
highest fitness' collisions: 0.10599115536588495
new generation:  2485
Fittest                      43.21378523606163
highest fitness' coverage:   44.27369678972048
highest fitness' collisions: 0.10599115536588495
new generation:  2486
Fittest                      43.20986859346903
highest fitness' coverage:   44.26978014712788
highest fitness' collisions: 0.10599115536588499
new generation:  2487
Fittest                      43.235504960205496
highest fitness' coverage:   44.29557500318359
highest fitness' collisions: 0.10600700429780957
new generation:  2488
Fittest                      43.22868297254041
highest fitness' coverage:   44.28875301551851
highest fitness' collisions: 0.10600700429780958
new generation:  2489
Fittest                      43.241424862692874
highest fitness' coverage:   44.30149490567097
highest fitness' collisions: 0.10600700429780956
new generation:  2490
Fittest                      43.21352026823284
highest fitness' coverage:   44.27359031121094
highest fitness' collisions: 0.10600700429780954
new generation:  2491
Fittest                      43.219560172488166
highest fitness' coverage:   44.27963021546626
highest fitness' collisions: 0.10600700429780953
new generation:  2492
Fittest                      43.20146695814984
highest fitness' coverage:   44.2513925712105
highest fitness' collisions: 0.10499256130606652
new generation:  2493
Fittest                      43.213925396188685
highest fitness' coverage:   44.263717102324414
highest fitness' collisions: 0.10497917061357266
new generation:  2494
Fittest                      43.211270521798035
highest fitness' coverage:   44.26106222793376
highest fitness' collisions: 0.10497917061357265
new generation:  2495
Fittest                      43.21151663829614
highest fitness' coverage:   44.26130834443187
highest fitness' collisions: 0.10497917061357256
new generation:  2496
Fittest                      43.2176818076585
highest fitness' coverage:   44.26747351379423
highest fitness' collisions: 0.10497917061357269
new generation:  2497
Fittest                      43.199234180945176
highest fitness' coverage:   44.249025887080904
highest fitness' collisions: 0.10497917061357268
new generation:  2498
Fittest                      43.21613268244906
highest fitness' coverage:   44.24511724294736
highest fitness' collisions: 0.10289845604983033
new generation:  2499
Fittest                      43.23245023818221
highest fitness' coverage:   44.26143479868051
highest fitness' collisions: 0.10289845604983024
new generation:  2500
Fittest                      43.24816056673878
highest fitness' coverage:   44.277145127237084
highest fitness' collisions: 0.10289845604983029
new generation:  2501
Fittest                      43.22868407341727
highest fitness' coverage:   44.25766863391557
highest fitness' collisions: 0.1028984560498303
new generation:  2502
Fittest                      43.241504220963236
highest fitness' coverage:   44.27048878146154
highest fitness' collisions: 0.10289845604983022
new generation:  2503
Fittest                      43.2384153587353
highest fitness' coverage:   44.267399919233604
highest fitness' collisions: 0.10289845604983024
new generation:  2504
Fittest                      43.250745664989815
highest fitness' coverage:   44.279730225488116
highest fitness' collisions: 0.10289845604983021
new generation:  2505
Fittest                      43.22892095088382
highest fitness' coverage:   44.25790551138212
highest fitness' collisions: 0.10289845604983024
new generation:  2506
Fittest                      43.219445161740886
highest fitness' coverage:   44.24842972223919
highest fitness' collisions: 0.10289845604983035
new generation:  2507
Fittest                      43.25127909050708
highest fitness' coverage:   44.280263651005384
highest fitness' collisions: 0.10289845604983024
new generation:  2508
Fittest                      43.24169704821907
highest fitness' coverage:   44.270681608717375
highest fitness' collisions: 0.10289845604983018
new generation:  2509
Fittest                      43.25407414316111
highest fitness' coverage:   44.283058703659414
highest fitness' collisions: 0.10289845604983022
new generation:  2510
Fittest                      43.22573220681592
highest fitness' coverage:   44.25471676731422
highest fitness' collisions: 0.10289845604983021
new generation:  2511
Fittest                      43.21035455506722
highest fitness' coverage:   44.23933911556552
highest fitness' collisions: 0.10289845604983024
new generation:  2512
Fittest                      43.217717610337324
highest fitness' coverage:   44.250759938402204
highest fitness' collisions: 0.10330423280648816
new generation:  2513
Fittest                      43.23147921523207
highest fitness' coverage:   44.26338691511814
highest fitness' collisions: 0.10319076998860717
new generation:  2514
Fittest                      43.22799036286526
highest fitness' coverage:   44.25989806275133
highest fitness' collisions: 0.10319076998860714
new generation:  2515
Fittest                      43.2283745657107
highest fitness' coverage:   44.26028226559677
highest fitness' collisions: 0.10319076998860724
new generation:  2516
Fittest                      43.22767983655963
highest fitness' coverage:   44.259859690110176
highest fitness' collisions: 0.10321798535505465
new generation:  2517
Fittest                      43.19663648747852
highest fitness' coverage:   44.228817681557935
highest fitness' collisions: 0.10321811940794101
new generation:  2518
Fittest                      43.23445804231117
highest fitness' coverage:   44.266639236390574
highest fitness' collisions: 0.10321811940794087
new generation:  2519
Fittest                      43.227973880047884
highest fitness' coverage:   44.25999658480805
highest fitness' collisions: 0.10320227047601642
new generation:  2520
Fittest                      43.2432955089964
highest fitness' coverage:   44.27531821375656
highest fitness' collisions: 0.10320227047601636
new generation:  2521
Fittest                      43.212667378105046
highest fitness' coverage:   44.24469008286521
highest fitness' collisions: 0.10320227047601635
new generation:  2522
Fittest                      43.222050424682635
highest fitness' coverage:   44.2540731294428
highest fitness' collisions: 0.10320227047601634
new generation:  2523
Fittest                      43.23132271674946
highest fitness' coverage:   44.26905003432999
highest fitness' collisions: 0.10377273175805315
new generation:  2524
Fittest                      43.25893668719438
highest fitness' coverage:   44.29666400477491
highest fitness' collisions: 0.10377273175805311
new generation:  2525
Fittest                      43.23715362292492
highest fitness' coverage:   44.28091836028578
highest fitness' collisions: 0.10437647373608597
new generation:  2526
Fittest                      43.24609270230432
highest fitness' coverage:   44.28985743966518
highest fitness' collisions: 0.10437647373608588
new generation:  2527
Fittest                      43.221656525276956
highest fitness' coverage:   44.265421262637815
highest fitness' collisions: 0.10437647373608602
new generation:  2528
Fittest                      43.240286934745704
highest fitness' coverage:   44.284051672106564
highest fitness' collisions: 0.104376473736086
new generation:  2529
Fittest                      43.2356355929413
highest fitness' coverage:   44.27468121501295
highest fitness' collisions: 0.10390456220716454
new generation:  2530
Fittest                      43.267470903515914
highest fitness' coverage:   44.30651652558756
highest fitness' collisions: 0.10390456220716447
new generation:  2531
Fittest                      43.23532737435305
highest fitness' coverage:   44.274372996424695
highest fitness' collisions: 0.10390456220716451
new generation:  2532
Fittest                      43.25195102902129
highest fitness' coverage:   44.29099665109294
highest fitness' collisions: 0.10390456220716451
new generation:  2533
Fittest                      43.25454884915434
highest fitness' coverage:   44.29359447122599
highest fitness' collisions: 0.10390456220716454
new generation:  2534
Fittest                      43.235880198650804
highest fitness' coverage:   44.27492582072245
highest fitness' collisions: 0.10390456220716444
new generation:  2535
Fittest                      43.257529294755834
highest fitness' coverage:   44.29657491682748
highest fitness' collisions: 0.10390456220716457
new generation:  2536
Fittest                      43.25183768427536
highest fitness' coverage:   44.29670154474183
highest fitness' collisions: 0.1044863860466469
new generation:  2537
Fittest                      43.269612049285215
highest fitness' coverage:   44.32483075954504
highest fitness' collisions: 0.10552187102598232
new generation:  2538
Fittest                      43.23201333204679
highest fitness' coverage:   44.28723204230661
highest fitness' collisions: 0.10552187102598223
new generation:  2539
Fittest                      43.2112451415577
highest fitness' coverage:   44.28117050924249
highest fitness' collisions: 0.10699253676847949
new generation:  2540
Fittest                      43.2174686551347
highest fitness' coverage:   44.2873940228195
highest fitness' collisions: 0.10699253676847946
new generation:  2541
Fittest                      43.223452079702106
highest fitness' coverage:   44.2933774473869
highest fitness' collisions: 0.10699253676847939
new generation:  2542
Fittest                      43.192862924118
highest fitness' coverage:   44.2627882918028
highest fitness' collisions: 0.10699253676847942
new generation:  2543
Fittest                      43.22675138157106
highest fitness' coverage:   44.29667674925586
highest fitness' collisions: 0.10699253676847953
new generation:  2544
Fittest                      43.23611346165255
highest fitness' coverage:   44.306038829337346
highest fitness' collisions: 0.10699253676847946
new generation:  2545
Fittest                      43.217673975895714
highest fitness' coverage:   44.28759934358051
highest fitness' collisions: 0.10699253676847956
new generation:  2546
Fittest                      43.21751482924253
highest fitness' coverage:   44.28744019692733
highest fitness' collisions: 0.10699253676847949
new generation:  2547
Fittest                      43.214372807307285
highest fitness' coverage:   44.28429817499208
highest fitness' collisions: 0.10699253676847953
new generation:  2548
Fittest                      43.2082207007979
highest fitness' coverage:   44.2781460684827
highest fitness' collisions: 0.10699253676847946
new generation:  2549
Fittest                      43.22338052859593
highest fitness' coverage:   44.29330589628073
highest fitness' collisions: 0.10699253676847945
new generation:  2550
Fittest                      43.2138947119668
highest fitness' coverage:   44.2838200796516
highest fitness' collisions: 0.10699253676847947
new generation:  2551
Fittest                      43.22380108478255
highest fitness' coverage:   44.29372645246735
highest fitness' collisions: 0.10699253676847949
new generation:  2552
Fittest                      43.238962174985005
highest fitness' coverage:   44.3088875426698
highest fitness' collisions: 0.10699253676847947
new generation:  2553
Fittest                      43.23166677027191
highest fitness' coverage:   44.30328866906158
highest fitness' collisions: 0.10716218987896718
new generation:  2554
Fittest                      43.228720030702895
highest fitness' coverage:   44.30034192949257
highest fitness' collisions: 0.10716218987896721
new generation:  2555
Fittest                      43.231083529008686
highest fitness' coverage:   44.30270542779836
highest fitness' collisions: 0.10716218987896726
new generation:  2556
Fittest                      43.21045603863325
highest fitness' coverage:   44.29712100944101
highest fitness' collisions: 0.10866649708077576
new generation:  2557
Fittest                      43.20603627568018
highest fitness' coverage:   44.29270124648794
highest fitness' collisions: 0.10866649708077586
new generation:  2558
Fittest                      43.20995632220775
highest fitness' coverage:   44.29662129301551
highest fitness' collisions: 0.10866649708077587
new generation:  2559
Fittest                      43.213355838081895
highest fitness' coverage:   44.300020808889656
highest fitness' collisions: 0.10866649708077579
new generation:  2560
Fittest                      43.18875743203891
highest fitness' coverage:   44.27542240284667
highest fitness' collisions: 0.10866649708077575
new generation:  2561
Fittest                      43.19475955580077
highest fitness' coverage:   44.28142452660853
highest fitness' collisions: 0.10866649708077582
new generation:  2562
Fittest                      43.19122219812804
highest fitness' coverage:   44.2778871689358
highest fitness' collisions: 0.10866649708077582
new generation:  2563
Fittest                      43.187952456989926
highest fitness' coverage:   44.274617427797686
highest fitness' collisions: 0.10866649708077585
new generation:  2564
Fittest                      43.20668196210085
highest fitness' coverage:   44.29334693290861
highest fitness' collisions: 0.1086664970807757
new generation:  2565
Fittest                      43.19466629259855
highest fitness' coverage:   44.28133126340631
highest fitness' collisions: 0.1086664970807758
new generation:  2566
Fittest                      43.21380773180647
highest fitness' coverage:   44.312394781184764
highest fitness' collisions: 0.10985870493782952
new generation:  2567
Fittest                      43.18857675548044
highest fitness' coverage:   44.287163804858736
highest fitness' collisions: 0.10985870493782945
new generation:  2568
Fittest                      43.18874679043959
highest fitness' coverage:   44.28733383981788
highest fitness' collisions: 0.10985870493782941
new generation:  2569
Fittest                      43.20742339360546
highest fitness' coverage:   44.306010442983755
highest fitness' collisions: 0.10985870493782944
new generation:  2570
Fittest                      43.188585981523836
highest fitness' coverage:   44.28717303090213
highest fitness' collisions: 0.10985870493782944
new generation:  2571
Fittest                      43.179248125993105
highest fitness' coverage:   44.2778351753714
highest fitness' collisions: 0.10985870493782939
new generation:  2572
Fittest                      43.18908076124801
highest fitness' coverage:   44.2876678106263
highest fitness' collisions: 0.10985870493782936
new generation:  2573
Fittest                      43.18267359487954
highest fitness' coverage:   44.281260644257834
highest fitness' collisions: 0.10985870493782937
new generation:  2574
Fittest                      43.1935454812499
highest fitness' coverage:   44.29637615777148
highest fitness' collisions: 0.11028306765215815
new generation:  2575
Fittest                      43.19270414451806
highest fitness' coverage:   44.28082816361467
highest fitness' collisions: 0.1088124019096611
new generation:  2576
Fittest                      43.192509153743565
highest fitness' coverage:   44.27469899522501
highest fitness' collisions: 0.10821898414814422
new generation:  2577
Fittest                      43.21150949578213
highest fitness' coverage:   44.293699337263575
highest fitness' collisions: 0.10821898414814415
new generation:  2578
Fittest                      43.21742859376713
highest fitness' coverage:   44.299618435248576
highest fitness' collisions: 0.1082189841481442
new generation:  2579
Fittest                      43.201964397738216
highest fitness' coverage:   44.28415423921966
highest fitness' collisions: 0.10821898414814417
new generation:  2580
Fittest                      43.208346046563435
highest fitness' coverage:   44.29053588804488
highest fitness' collisions: 0.10821898414814417
new generation:  2581
Fittest                      43.229766270403815
highest fitness' coverage:   44.31195611188526
highest fitness' collisions: 0.10821898414814422
new generation:  2582
Fittest                      43.189770365779516
highest fitness' coverage:   44.27196020726096
highest fitness' collisions: 0.10821898414814415
new generation:  2583
Fittest                      43.198862867167456
highest fitness' coverage:   44.2810527086489
highest fitness' collisions: 0.10821898414814421
new generation:  2584
Fittest                      43.200268144482486
highest fitness' coverage:   44.28404287915639
highest fitness' collisions: 0.10837747346739025
new generation:  2585
Fittest                      43.203602587661756
highest fitness' coverage:   44.28737732233566
highest fitness' collisions: 0.10837747346739031
new generation:  2586
Fittest                      43.19708948233652
highest fitness' coverage:   44.280864217010425
highest fitness' collisions: 0.10837747346739021
new generation:  2587
Fittest                      43.2070354198577
highest fitness' coverage:   44.2908101545316
highest fitness' collisions: 0.10837747346739024
new generation:  2588
Fittest                      43.19710189009317
highest fitness' coverage:   44.280876624767075
highest fitness' collisions: 0.10837747346739021
new generation:  2589
Fittest                      43.20445156821439
highest fitness' coverage:   44.2684031521898
highest fitness' collisions: 0.1063951583975407
new generation:  2590
Fittest                      43.24679483965137
highest fitness' coverage:   44.3098839574338
highest fitness' collisions: 0.10630891177824288
new generation:  2591
Fittest                      43.23648984319144
highest fitness' coverage:   44.29957896097387
highest fitness' collisions: 0.10630891177824277
new generation:  2592
Fittest                      43.22229866880005
highest fitness' coverage:   44.28455812447667
highest fitness' collisions: 0.1062259455676621
new generation:  2593
Fittest                      43.23743379839043
highest fitness' coverage:   44.29969325406705
highest fitness' collisions: 0.10622594556766218
new generation:  2594
Fittest                      43.23128299061296
highest fitness' coverage:   44.293542446289585
highest fitness' collisions: 0.10622594556766213
new generation:  2595
Fittest                      43.23755910700856
highest fitness' coverage:   44.29981856268518
highest fitness' collisions: 0.1062259455676622
new generation:  2596
Fittest                      43.21544499024348
highest fitness' coverage:   44.27770444592011
highest fitness' collisions: 0.10622594556766217
new generation:  2597
Fittest                      43.23436989090426
highest fitness' coverage:   44.296629346580886
highest fitness' collisions: 0.10622594556766211
new generation:  2598
Fittest                      43.22204188988261
highest fitness' coverage:   44.284301345559236
highest fitness' collisions: 0.10622594556766216
new generation:  2599
Fittest                      43.237898596295146
highest fitness' coverage:   44.30015805197177
highest fitness' collisions: 0.10622594556766214
new generation:  2600
Fittest                      43.21257868647399
highest fitness' coverage:   44.26852856870581
highest fitness' collisions: 0.10559498822318197
new generation:  2601
Fittest                      43.2225060352959
highest fitness' coverage:   44.27845591752772
highest fitness' collisions: 0.105594988223182
new generation:  2602
Fittest                      43.23777840466873
highest fitness' coverage:   44.29372828690055
highest fitness' collisions: 0.10559498822318197
new generation:  2603
Fittest                      43.22830738661595
highest fitness' coverage:   44.284257268847774
highest fitness' collisions: 0.10559498822318196
new generation:  2604
Fittest                      43.23125284685776
highest fitness' coverage:   44.28720272908958
highest fitness' collisions: 0.10559498822318195
new generation:  2605
Fittest                      43.23360225265942
highest fitness' coverage:   44.28430406028875
highest fitness' collisions: 0.10507018076293213
new generation:  2606
Fittest                      43.23684784196316
highest fitness' coverage:   44.287549649592485
highest fitness' collisions: 0.10507018076293215
new generation:  2607
Fittest                      43.25205859014257
highest fitness' coverage:   44.30276039777189
highest fitness' collisions: 0.1050701807629322
new generation:  2608
Fittest                      43.25242751856555
highest fitness' coverage:   44.30312932619487
highest fitness' collisions: 0.10507018076293212
new generation:  2609
Fittest                      43.24611424736054
highest fitness' coverage:   44.29681605498986
highest fitness' collisions: 0.10507018076293224
new generation:  2610
Fittest                      43.249319871188106
highest fitness' coverage:   44.30002167881743
highest fitness' collisions: 0.1050701807629322
new generation:  2611
Fittest                      43.2366051907034
highest fitness' coverage:   44.287306998332724
highest fitness' collisions: 0.10507018076293227
new generation:  2612
Fittest                      43.248836530234655
highest fitness' coverage:   44.29953833786398
highest fitness' collisions: 0.10507018076293215
new generation:  2613
Fittest                      43.21475027139875
highest fitness' coverage:   44.26545207902807
highest fitness' collisions: 0.10507018076293213
new generation:  2614
Fittest                      43.25433177361538
highest fitness' coverage:   44.30586324335051
highest fitness' collisions: 0.10515314697351286
new generation:  2615
Fittest                      43.238918163881635
highest fitness' coverage:   44.29044963361677
highest fitness' collisions: 0.10515314697351279
new generation:  2616
Fittest                      43.24202119601689
highest fitness' coverage:   44.293552665752024
highest fitness' collisions: 0.10515314697351287
new generation:  2617
Fittest                      43.226503588045
highest fitness' coverage:   44.27803505778013
highest fitness' collisions: 0.10515314697351288
new generation:  2618
Fittest                      43.21947745089084
highest fitness' coverage:   44.274774764659355
highest fitness' collisions: 0.10552973137685144
new generation:  2619
Fittest                      43.23807899757319
highest fitness' coverage:   44.2933763113417
highest fitness' collisions: 0.10552973137685134
new generation:  2620
Fittest                      43.23846687660535
highest fitness' coverage:   44.293764190373864
highest fitness' collisions: 0.10552973137685152
new generation:  2621
Fittest                      43.22612656629683
highest fitness' coverage:   44.28142388006534
highest fitness' collisions: 0.1055297313768515
new generation:  2622
Fittest                      43.2198709965775
highest fitness' coverage:   44.27516831034601
highest fitness' collisions: 0.10552973137685151
new generation:  2623
Fittest                      43.21970893854853
highest fitness' coverage:   44.27500625231704
highest fitness' collisions: 0.10552973137685152
new generation:  2624
Fittest                      43.242823845406086
highest fitness' coverage:   44.29709077305416
highest fitness' collisions: 0.10542669276480726
new generation:  2625
Fittest                      43.23617759104901
highest fitness' coverage:   44.29044451869708
highest fitness' collisions: 0.10542669276480725
new generation:  2626
Fittest                      43.21454573428914
highest fitness' coverage:   44.26881266193721
highest fitness' collisions: 0.10542669276480728
new generation:  2627
Fittest                      43.239065781931
highest fitness' coverage:   44.29333270957907
highest fitness' collisions: 0.10542669276480734
new generation:  2628
Fittest                      43.22390937930083
highest fitness' coverage:   44.2781763069489
highest fitness' collisions: 0.10542669276480732
new generation:  2629
Fittest                      43.239592218482066
highest fitness' coverage:   44.29385914613014
highest fitness' collisions: 0.10542669276480734
new generation:  2630
Fittest                      43.21723813499356
highest fitness' coverage:   44.27150506264163
highest fitness' collisions: 0.10542669276480726
new generation:  2631
Fittest                      43.21388254845881
highest fitness' coverage:   44.268149476106885
highest fitness' collisions: 0.10542669276480728
new generation:  2632
Fittest                      43.22101632730015
highest fitness' coverage:   44.27528325494822
highest fitness' collisions: 0.10542669276480739
new generation:  2633
Fittest                      43.24622758696543
highest fitness' coverage:   44.29030577032577
highest fitness' collisions: 0.10440781833603438
new generation:  2634
Fittest                      43.2400994288772
highest fitness' coverage:   44.28417761223754
highest fitness' collisions: 0.10440781833603437
new generation:  2635
Fittest                      43.22166326467818
highest fitness' coverage:   44.26574144803852
highest fitness' collisions: 0.10440781833603437
new generation:  2636
Fittest                      43.243273688997945
highest fitness' coverage:   44.287351872358286
highest fitness' collisions: 0.10440781833603437
new generation:  2637
Fittest                      43.240232216581134
highest fitness' coverage:   44.284310399941475
highest fitness' collisions: 0.10440781833603441
new generation:  2638
Fittest                      43.222678206212926
highest fitness' coverage:   44.26588542598331
highest fitness' collisions: 0.10432072197703879
new generation:  2639
Fittest                      43.25336078775846
highest fitness' coverage:   44.29986686708083
highest fitness' collisions: 0.10465060793223703
new generation:  2640
Fittest                      43.2155946907711
highest fitness' coverage:   44.26210077009347
highest fitness' collisions: 0.10465060793223695
new generation:  2641
Fittest                      43.234468431167414
highest fitness' coverage:   44.280974510489784
highest fitness' collisions: 0.1046506079322369
new generation:  2642
Fittest                      43.24978574672271
highest fitness' coverage:   44.29629182604508
highest fitness' collisions: 0.10465060793223699
new generation:  2643
Fittest                      43.23185457742449
highest fitness' coverage:   44.27836065674686
highest fitness' collisions: 0.10465060793223693
new generation:  2644
Fittest                      43.23790811727067
highest fitness' coverage:   44.28441419659304
highest fitness' collisions: 0.10465060793223703
new generation:  2645
Fittest                      43.238253118113725
highest fitness' coverage:   44.284759197436095
highest fitness' collisions: 0.10465060793223697
new generation:  2646
Fittest                      43.24949860910181
highest fitness' coverage:   44.296148068090424
highest fitness' collisions: 0.10466494589886131
new generation:  2647
Fittest                      43.233988707037035
highest fitness' coverage:   44.280638166025646
highest fitness' collisions: 0.10466494589886127
new generation:  2648
Fittest                      43.26574157465125
highest fitness' coverage:   44.31239103363986
highest fitness' collisions: 0.10466494589886131
new generation:  2649
Fittest                      43.23769158475273
highest fitness' coverage:   44.28434104374134
highest fitness' collisions: 0.10466494589886124
new generation:  2650
Fittest                      43.231271054258656
highest fitness' coverage:   44.27792051324727
highest fitness' collisions: 0.1046649458988613
new generation:  2651
Fittest                      43.2282596432561
highest fitness' coverage:   44.27490910224471
highest fitness' collisions: 0.10466494589886127
new generation:  2652
Fittest                      43.2564114594269
highest fitness' coverage:   44.30908651427626
highest fitness' collisions: 0.10526750548493566
new generation:  2653
Fittest                      43.22844341829813
highest fitness' coverage:   44.28111847314748
highest fitness' collisions: 0.10526750548493556
new generation:  2654
Fittest                      43.221941766431996
highest fitness' coverage:   44.27461682128135
highest fitness' collisions: 0.10526750548493556
new generation:  2655
Fittest                      43.23726566383938
highest fitness' coverage:   44.28994071868874
highest fitness' collisions: 0.10526750548493562
new generation:  2656
Fittest                      43.22522339632259
highest fitness' coverage:   44.27789845117195
highest fitness' collisions: 0.10526750548493564
new generation:  2657
Fittest                      43.237727474995424
highest fitness' coverage:   44.29040252984478
highest fitness' collisions: 0.10526750548493569
new generation:  2658
Fittest                      43.22232645474205
highest fitness' coverage:   44.275001509591405
highest fitness' collisions: 0.10526750548493556
new generation:  2659
Fittest                      43.22228921910659
highest fitness' coverage:   44.274964273955945
highest fitness' collisions: 0.10526750548493556
new generation:  2660
Fittest                      43.2502155599364
highest fitness' coverage:   44.30289061478576
highest fitness' collisions: 0.10526750548493564
new generation:  2661
Fittest                      43.228592734759374
highest fitness' coverage:   44.28126778960873
highest fitness' collisions: 0.1052675054849356
new generation:  2662
Fittest                      43.22568940265697
highest fitness' coverage:   44.27836445750632
highest fitness' collisions: 0.10526750548493558
new generation:  2663
Fittest                      43.22587285268462
highest fitness' coverage:   44.27854790753397
highest fitness' collisions: 0.10526750548493555
new generation:  2664
Fittest                      43.243543867873804
highest fitness' coverage:   44.29621892272316
highest fitness' collisions: 0.10526750548493564
new generation:  2665
Fittest                      43.23463038980986
highest fitness' coverage:   44.28730544465921
highest fitness' collisions: 0.10526750548493556
new generation:  2666
Fittest                      43.21594285651791
highest fitness' coverage:   44.26861791136727
highest fitness' collisions: 0.10526750548493564
new generation:  2667
Fittest                      43.21608151052415
highest fitness' coverage:   44.2687565653735
highest fitness' collisions: 0.10526750548493558
new generation:  2668
Fittest                      43.22882477672677
highest fitness' coverage:   44.28149983157613
highest fitness' collisions: 0.10526750548493563
new generation:  2669
Fittest                      43.253047498583584
highest fitness' coverage:   44.30572255343294
highest fitness' collisions: 0.10526750548493573
new generation:  2670
Fittest                      43.253056726843326
highest fitness' coverage:   44.305731781692685
highest fitness' collisions: 0.10526750548493559
new generation:  2671
Fittest                      43.23502302660619
highest fitness' coverage:   44.287698081455545
highest fitness' collisions: 0.10526750548493558
new generation:  2672
Fittest                      43.26546617621695
highest fitness' coverage:   44.318141231066306
highest fitness' collisions: 0.10526750548493559
new generation:  2673
Fittest                      43.23478646577303
highest fitness' coverage:   44.28746152062239
highest fitness' collisions: 0.10526750548493569
new generation:  2674
Fittest                      43.24418818892014
highest fitness' coverage:   44.2968632437695
highest fitness' collisions: 0.10526750548493566
new generation:  2675
Fittest                      43.234686805788705
highest fitness' coverage:   44.287361860638065
highest fitness' collisions: 0.10526750548493569
new generation:  2676
Fittest                      43.208129181822734
highest fitness' coverage:   44.259282887167956
highest fitness' collisions: 0.10511537053452216
new generation:  2677
Fittest                      43.235846901982605
highest fitness' coverage:   44.287000607327826
highest fitness' collisions: 0.10511537053452208
new generation:  2678
Fittest                      43.22070590789944
highest fitness' coverage:   44.271859613244665
highest fitness' collisions: 0.10511537053452215
new generation:  2679
Fittest                      43.24222397345199
highest fitness' coverage:   44.29337767879721
highest fitness' collisions: 0.10511537053452215
new generation:  2680
Fittest                      43.22360460330107
highest fitness' coverage:   44.27209389779214
highest fitness' collisions: 0.10484892944910723
new generation:  2681
Fittest                      43.25434192481395
highest fitness' coverage:   44.30283121930502
highest fitness' collisions: 0.10484892944910719
new generation:  2682
Fittest                      43.22700845931155
highest fitness' coverage:   44.26900744985796
highest fitness' collisions: 0.10419989905464125
new generation:  2683
Fittest                      43.23634246393314
highest fitness' coverage:   44.27834145447955
highest fitness' collisions: 0.10419989905464135
new generation:  2684
Fittest                      43.25739764468183
highest fitness' coverage:   44.29939663522824
highest fitness' collisions: 0.10419989905464128
new generation:  2685
Fittest                      43.24867986153763
highest fitness' coverage:   44.29067885208404
highest fitness' collisions: 0.10419989905464118
new generation:  2686
Fittest                      43.22326005281136
highest fitness' coverage:   44.26525904335777
highest fitness' collisions: 0.10419989905464133
new generation:  2687
Fittest                      43.23311795091068
highest fitness' coverage:   44.27511694145709
highest fitness' collisions: 0.1041998990546412
new generation:  2688
Fittest                      43.25448319609794
highest fitness' coverage:   44.29648218664435
highest fitness' collisions: 0.10419989905464125
new generation:  2689
Fittest                      43.232940743915535
highest fitness' coverage:   44.274939734461945
highest fitness' collisions: 0.1041998990546412
new generation:  2690
Fittest                      43.21759008803306
highest fitness' coverage:   44.259589078579474
highest fitness' collisions: 0.10419989905464128
new generation:  2691
Fittest                      43.26747851564814
highest fitness' coverage:   44.309477506194554
highest fitness' collisions: 0.10419989905464126
new generation:  2692
Fittest                      43.23947308173475
highest fitness' coverage:   44.28147207228116
highest fitness' collisions: 0.10419989905464123
new generation:  2693
Fittest                      43.25821810820373
highest fitness' coverage:   44.30021709875014
highest fitness' collisions: 0.10419989905464117
new generation:  2694
Fittest                      43.226942004809004
highest fitness' coverage:   44.268940995355415
highest fitness' collisions: 0.10419989905464128
new generation:  2695
Fittest                      43.24498938398523
highest fitness' coverage:   44.28698837453164
highest fitness' collisions: 0.10419989905464125
new generation:  2696
Fittest                      43.21106892998661
highest fitness' coverage:   44.25306792053302
highest fitness' collisions: 0.10419989905464129
new generation:  2697
Fittest                      43.27696641796404
highest fitness' coverage:   44.31896540851045
highest fitness' collisions: 0.10419989905464128
new generation:  2698
Fittest                      43.23258537118455
highest fitness' coverage:   44.27532567197226
highest fitness' collisions: 0.10427403007877137
new generation:  2699
Fittest                      43.247575037266714
highest fitness' coverage:   44.29031533805443
highest fitness' collisions: 0.10427403007877142
new generation:  2700
Fittest                      43.24403079128185
highest fitness' coverage:   44.286771092069564
highest fitness' collisions: 0.10427403007877131
new generation:  2701
Fittest                      43.244750869002466
highest fitness' coverage:   44.28749116979018
highest fitness' collisions: 0.10427403007877131
new generation:  2702
Fittest                      43.231730645951544
highest fitness' coverage:   44.27447094673926
highest fitness' collisions: 0.10427403007877141
new generation:  2703
Fittest                      43.216907619362495
highest fitness' coverage:   44.25964792015021
highest fitness' collisions: 0.10427403007877128
new generation:  2704
Fittest                      43.24496112035319
highest fitness' coverage:   44.2877014211409
highest fitness' collisions: 0.10427403007877135
new generation:  2705
Fittest                      43.235145129903344
highest fitness' coverage:   44.2839110265518
highest fitness' collisions: 0.10487658966484568
new generation:  2706
Fittest                      43.22965901621096
highest fitness' coverage:   44.278424912859414
highest fitness' collisions: 0.10487658966484573
new generation:  2707
Fittest                      43.23872588372418
highest fitness' coverage:   44.28749178037263
highest fitness' collisions: 0.10487658966484566
new generation:  2708
Fittest                      43.22016788531051
highest fitness' coverage:   44.268933781958964
highest fitness' collisions: 0.10487658966484564
new generation:  2709
Fittest                      43.23516938920918
highest fitness' coverage:   44.28393528585764
highest fitness' collisions: 0.10487658966484578
new generation:  2710
Fittest                      43.22306468318171
highest fitness' coverage:   44.271830579830166
highest fitness' collisions: 0.1048765896648457
new generation:  2711
Fittest                      43.219946189641504
highest fitness' coverage:   44.26871208628996
highest fitness' collisions: 0.10487658966484568
new generation:  2712
Fittest                      43.2227102249116
highest fitness' coverage:   44.271476121560056
highest fitness' collisions: 0.10487658966484571
new generation:  2713
Fittest                      43.25145144354468
highest fitness' coverage:   44.300217340193136
highest fitness' collisions: 0.10487658966484564
new generation:  2714
Fittest                      43.23507985198797
highest fitness' coverage:   44.28465857915259
highest fitness' collisions: 0.10495787271646205
new generation:  2715
Fittest                      43.2283247707211
highest fitness' coverage:   44.27187790202498
highest fitness' collisions: 0.1043553131303878
new generation:  2716
Fittest                      43.225265096966645
highest fitness' coverage:   44.268818228270526
highest fitness' collisions: 0.10435531313038784
new generation:  2717
Fittest                      43.24834697790484
highest fitness' coverage:   44.29625766836407
highest fitness' collisions: 0.10479106904592332
new generation:  2718
Fittest                      43.226358031594366
highest fitness' coverage:   44.2742687220536
highest fitness' collisions: 0.1047910690459234
new generation:  2719
Fittest                      43.23485378570549
highest fitness' coverage:   44.29295322045245
highest fitness' collisions: 0.1058099434746962
new generation:  2720
Fittest                      43.23181157278333
highest fitness' coverage:   44.28991100753029
highest fitness' collisions: 0.10580994347469627
new generation:  2721
Fittest                      43.21307544325482
highest fitness' coverage:   44.27117487800179
highest fitness' collisions: 0.10580994347469615
new generation:  2722
Fittest                      43.229385528613484
highest fitness' coverage:   44.28748496336045
highest fitness' collisions: 0.10580994347469622
new generation:  2723
Fittest                      43.223086113898496
highest fitness' coverage:   44.28118554864546
highest fitness' collisions: 0.10580994347469626
new generation:  2724
Fittest                      43.25101305719847
highest fitness' coverage:   44.309112491945434
highest fitness' collisions: 0.10580994347469616
new generation:  2725
Fittest                      43.21331033769453
highest fitness' coverage:   44.271409772441494
highest fitness' collisions: 0.1058099434746962
new generation:  2726
Fittest                      43.231854360086864
highest fitness' coverage:   44.28392819897308
highest fitness' collisions: 0.10520738388862182
new generation:  2727
Fittest                      43.24176739825254
highest fitness' coverage:   44.29384123713876
highest fitness' collisions: 0.10520738388862182
new generation:  2728
Fittest                      43.23210562449861
highest fitness' coverage:   44.284179463384824
highest fitness' collisions: 0.10520738388862187
new generation:  2729
Fittest                      43.23992573566726
highest fitness' coverage:   44.287371028451524
highest fitness' collisions: 0.10474452927842622
new generation:  2730
Fittest                      43.22673177308086
highest fitness' coverage:   44.27417706586512
highest fitness' collisions: 0.10474452927842615
new generation:  2731
Fittest                      43.24928686446001
highest fitness' coverage:   44.29673215724427
highest fitness' collisions: 0.10474452927842623
new generation:  2732
Fittest                      43.25541353700822
highest fitness' coverage:   44.30285882979248
highest fitness' collisions: 0.1047445292784262
new generation:  2733
Fittest                      43.25203741734956
highest fitness' coverage:   44.29948271013382
highest fitness' collisions: 0.10474452927842615
new generation:  2734
Fittest                      43.2430336550168
highest fitness' coverage:   44.29047894780106
highest fitness' collisions: 0.10474452927842615
new generation:  2735
Fittest                      43.22850910492212
highest fitness' coverage:   44.27499940512036
highest fitness' collisions: 0.10464903001982404
new generation:  2736
Fittest                      43.250154046306065
highest fitness' coverage:   44.29664434650431
highest fitness' collisions: 0.10464903001982402
new generation:  2737
Fittest                      43.24325765920635
highest fitness' coverage:   44.289747959404586
highest fitness' collisions: 0.10464903001982397
new generation:  2738
Fittest                      43.21640202808243
highest fitness' coverage:   44.262892328280664
highest fitness' collisions: 0.10464903001982395
new generation:  2739
Fittest                      43.21862141710459
highest fitness' coverage:   44.26511171730284
highest fitness' collisions: 0.10464903001982405
new generation:  2740
Fittest                      43.23450047965097
highest fitness' coverage:   44.28099077984921
highest fitness' collisions: 0.10464903001982406
new generation:  2741
Fittest                      43.22858644441052
highest fitness' coverage:   44.27507674460876
highest fitness' collisions: 0.10464903001982405
new generation:  2742
Fittest                      43.234892124993735
highest fitness' coverage:   44.28138242519197
highest fitness' collisions: 0.10464903001982394
new generation:  2743
Fittest                      43.23143813441703
highest fitness' coverage:   44.27792843461527
highest fitness' collisions: 0.10464903001982401
new generation:  2744
Fittest                      43.23113238953451
highest fitness' coverage:   44.27762268973275
highest fitness' collisions: 0.10464903001982408
new generation:  2745
Fittest                      43.215668969100335
highest fitness' coverage:   44.26215926929858
highest fitness' collisions: 0.10464903001982402
new generation:  2746
Fittest                      43.228347498104576
highest fitness' coverage:   44.27483779830281
highest fitness' collisions: 0.10464903001982398
new generation:  2747
Fittest                      43.22774617213864
highest fitness' coverage:   44.27423647233688
highest fitness' collisions: 0.10464903001982404
new generation:  2748
Fittest                      43.2316154631834
highest fitness' coverage:   44.27810576338164
highest fitness' collisions: 0.10464903001982398
new generation:  2749
Fittest                      43.23483936267609
highest fitness' coverage:   44.28132966287433
highest fitness' collisions: 0.10464903001982397
new generation:  2750
Fittest                      43.225333501232306
highest fitness' coverage:   44.27182380143055
highest fitness' collisions: 0.10464903001982402
new generation:  2751
Fittest                      43.23805337148087
highest fitness' coverage:   44.283802361437814
highest fitness' collisions: 0.10457489899569387
new generation:  2752
Fittest                      43.20673132110848
highest fitness' coverage:   44.268252128984145
highest fitness' collisions: 0.10615208078756694
new generation:  2753
Fittest                      43.21366294241007
highest fitness' coverage:   44.275183750285734
highest fitness' collisions: 0.10615208078756683
new generation:  2754
Fittest                      43.241172945950126
highest fitness' coverage:   44.30269375382579
highest fitness' collisions: 0.10615208078756683
new generation:  2755
Fittest                      43.22602831003285
highest fitness' coverage:   44.28754911790852
highest fitness' collisions: 0.10615208078756684
new generation:  2756
Fittest                      43.23514903921743
highest fitness' coverage:   44.2966698470931
highest fitness' collisions: 0.10615208078756688
new generation:  2757
Fittest                      43.22909647507552
highest fitness' coverage:   44.29061728295119
highest fitness' collisions: 0.10615208078756692
new generation:  2758
Fittest                      43.21916237159085
highest fitness' coverage:   44.280683179466514
highest fitness' collisions: 0.10615208078756687
new generation:  2759
Fittest                      43.22859272231712
highest fitness' coverage:   44.290113530192784
highest fitness' collisions: 0.10615208078756688
new generation:  2760
Fittest                      43.21335027307777
highest fitness' coverage:   44.27487108095344
highest fitness' collisions: 0.10615208078756677
new generation:  2761
Fittest                      43.22959980526229
highest fitness' coverage:   44.291120613137956
highest fitness' collisions: 0.10615208078756685
new generation:  2762
Fittest                      43.2138075538567
highest fitness' coverage:   44.27532836173236
highest fitness' collisions: 0.1061520807875668
new generation:  2763
Fittest                      43.23585658537939
highest fitness' coverage:   44.297377393255054
highest fitness' collisions: 0.10615208078756692
new generation:  2764
Fittest                      43.239344847472424
highest fitness' coverage:   44.30086565534809
highest fitness' collisions: 0.10615208078756688
new generation:  2765
Fittest                      43.24184305190674
highest fitness' coverage:   44.30336385978241
highest fitness' collisions: 0.10615208078756687
new generation:  2766
Fittest                      43.22631972301409
highest fitness' coverage:   44.28784053088976
highest fitness' collisions: 0.10615208078756684
new generation:  2767
Fittest                      43.24178852117573
highest fitness' coverage:   44.3033667520177
highest fitness' collisions: 0.10615782308419741
new generation:  2768
Fittest                      43.22037972308034
highest fitness' coverage:   44.281957953922316
highest fitness' collisions: 0.10615782308419744
new generation:  2769
Fittest                      43.22142768306632
highest fitness' coverage:   44.284554730527205
highest fitness' collisions: 0.10631270474608871
new generation:  2770
Fittest                      43.23742315625153
highest fitness' coverage:   44.30055020371242
highest fitness' collisions: 0.10631270474608878
new generation:  2771
Fittest                      43.23720887701003
highest fitness' coverage:   44.30033592447092
highest fitness' collisions: 0.10631270474608875
new generation:  2772
Fittest                      43.20901707859522
highest fitness' coverage:   44.272144126056105
highest fitness' collisions: 0.10631270474608868
new generation:  2773
Fittest                      43.22790472749679
highest fitness' coverage:   44.29103177495768
highest fitness' collisions: 0.10631270474608867
new generation:  2774
Fittest                      43.21669069465714
highest fitness' coverage:   44.27826892549911
highest fitness' collisions: 0.10615782308419748
new generation:  2775
Fittest                      43.2196909117484
highest fitness' coverage:   44.281269142590375
highest fitness' collisions: 0.10615782308419745
new generation:  2776
Fittest                      43.21103077503185
highest fitness' coverage:   44.278634601734566
highest fitness' collisions: 0.1067603826702718
new generation:  2777
Fittest                      43.229104643751455
highest fitness' coverage:   44.29670847045417
highest fitness' collisions: 0.10676038267027177
new generation:  2778
Fittest                      43.23299005685204
highest fitness' coverage:   44.300593883554754
highest fitness' collisions: 0.10676038267027181
new generation:  2779
Fittest                      43.22683538044258
highest fitness' coverage:   44.2944392071453
highest fitness' collisions: 0.10676038267027188
new generation:  2780
Fittest                      43.23247895308006
highest fitness' coverage:   44.30008277978278
highest fitness' collisions: 0.10676038267027177
new generation:  2781
Fittest                      43.235790736784224
highest fitness' coverage:   44.30339456348694
highest fitness' collisions: 0.10676038267027183
new generation:  2782
Fittest                      43.227191227798535
highest fitness' coverage:   44.29479505450125
highest fitness' collisions: 0.10676038267027183
new generation:  2783
Fittest                      43.198753654763664
highest fitness' coverage:   44.26635748146638
highest fitness' collisions: 0.10676038267027185
new generation:  2784
Fittest                      43.220440234146686
highest fitness' coverage:   44.2880440608494
highest fitness' collisions: 0.10676038267027181
new generation:  2785
Fittest                      43.21100557185409
highest fitness' coverage:   44.2786093985568
highest fitness' collisions: 0.10676038267027187
new generation:  2786
Fittest                      43.23555415803928
highest fitness' coverage:   44.30315798474199
highest fitness' collisions: 0.10676038267027176
new generation:  2787
Fittest                      43.21144287247392
highest fitness' coverage:   44.27904669917663
highest fitness' collisions: 0.1067603826702718
new generation:  2788
Fittest                      43.217585757578235
highest fitness' coverage:   44.28518958428095
highest fitness' collisions: 0.10676038267027181
new generation:  2789
Fittest                      43.20187806238056
highest fitness' coverage:   44.26948188908327
highest fitness' collisions: 0.10676038267027178
new generation:  2790
Fittest                      43.219725442547805
highest fitness' coverage:   44.29895839511438
highest fitness' collisions: 0.10792329525665757
new generation:  2791
Fittest                      43.19833061316009
highest fitness' coverage:   44.277563565726666
highest fitness' collisions: 0.10792329525665745
new generation:  2792
Fittest                      43.22344626958974
highest fitness' coverage:   44.30267922215632
highest fitness' collisions: 0.10792329525665749
new generation:  2793
Fittest                      43.2239641591592
highest fitness' coverage:   44.292063218022555
highest fitness' collisions: 0.10680990588633552
new generation:  2794
Fittest                      43.22704523267525
highest fitness' coverage:   44.295144291538605
highest fitness' collisions: 0.10680990588633553
new generation:  2795
Fittest                      43.24880959453777
highest fitness' coverage:   44.31690865340112
highest fitness' collisions: 0.1068099058863356
new generation:  2796
Fittest                      43.230077392101485
highest fitness' coverage:   44.29817645096484
highest fitness' collisions: 0.10680990588633554
new generation:  2797
Fittest                      43.23873075172666
highest fitness' coverage:   44.30682981059002
highest fitness' collisions: 0.10680990588633564
new generation:  2798
Fittest                      43.24870291352008
highest fitness' coverage:   44.31680197238343
highest fitness' collisions: 0.10680990588633563
new generation:  2799
Fittest                      43.22991262679304
highest fitness' coverage:   44.29801168565639
highest fitness' collisions: 0.10680990588633556
new generation:  2800
Fittest                      43.236309683931744
highest fitness' coverage:   44.3044087427951
highest fitness' collisions: 0.1068099058863356
new generation:  2801
Fittest                      43.208275666082585
highest fitness' coverage:   44.27637472494594
highest fitness' collisions: 0.10680990588633557
new generation:  2802
Fittest                      43.22044677006416
highest fitness' coverage:   44.28854582892751
highest fitness' collisions: 0.10680990588633552
new generation:  2803
Fittest                      43.20439952618853
highest fitness' coverage:   44.27345357763791
highest fitness' collisions: 0.10690540514493777
new generation:  2804
Fittest                      43.23045547449544
highest fitness' coverage:   44.297924632752355
highest fitness' collisions: 0.10674691582569161
new generation:  2805
Fittest                      43.21180835396958
highest fitness' coverage:   44.273281221727665
highest fitness' collisions: 0.10614728677580854
new generation:  2806
Fittest                      43.23982351012658
highest fitness' coverage:   44.30129637788466
highest fitness' collisions: 0.10614728677580851
new generation:  2807
Fittest                      43.2463311057538
highest fitness' coverage:   44.30780397351188
highest fitness' collisions: 0.10614728677580848
new generation:  2808
Fittest                      43.248268200857524
highest fitness' coverage:   44.30064599583528
highest fitness' collisions: 0.10523777949777553
new generation:  2809
Fittest                      43.23949021343405
highest fitness' coverage:   44.29186800841181
highest fitness' collisions: 0.10523777949777552
new generation:  2810
Fittest                      43.21135560529242
highest fitness' coverage:   44.263733400270176
highest fitness' collisions: 0.1052377794977756
new generation:  2811
Fittest                      43.242359542415855
highest fitness' coverage:   44.29473733739361
highest fitness' collisions: 0.10523777949777557
new generation:  2812
Fittest                      43.24963155016391
highest fitness' coverage:   44.29776571799838
highest fitness' collisions: 0.10481341678344688
new generation:  2813
Fittest                      43.2464406870115
highest fitness' coverage:   44.29457485484597
highest fitness' collisions: 0.10481341678344691
new generation:  2814
Fittest                      43.246781861696846
highest fitness' coverage:   44.294916029531315
highest fitness' collisions: 0.10481341678344679
new generation:  2815
Fittest                      43.26259726062447
highest fitness' coverage:   44.310731428458936
highest fitness' collisions: 0.10481341678344687
new generation:  2816
Fittest                      43.26678131272272
highest fitness' coverage:   44.3196345958464
highest fitness' collisions: 0.10528532831236835
new generation:  2817
Fittest                      43.21433223616999
highest fitness' coverage:   44.25875844254271
highest fitness' collisions: 0.10444262063727164
new generation:  2818
Fittest                      43.254445551687766
highest fitness' coverage:   44.30182331916126
highest fitness' collisions: 0.10473777674734916
new generation:  2819
Fittest                      43.25159733636355
highest fitness' coverage:   44.298975103837044
highest fitness' collisions: 0.10473777674734917
new generation:  2820
Fittest                      43.241666096428986
highest fitness' coverage:   44.270735627921304
highest fitness' collisions: 0.10290695314923191
new generation:  2821
Fittest                      43.25728622268425
highest fitness' coverage:   44.28635575417657
highest fitness' collisions: 0.10290695314923184
new generation:  2822
Fittest                      43.26351955442797
highest fitness' coverage:   44.29258908592029
highest fitness' collisions: 0.10290695314923193
new generation:  2823
Fittest                      43.25825587504041
highest fitness' coverage:   44.28556373899597
highest fitness' collisions: 0.10273078639555563
new generation:  2824
Fittest                      43.2621541397892
highest fitness' coverage:   44.28946200374476
highest fitness' collisions: 0.10273078639555562
new generation:  2825
Fittest                      43.23697440771067
highest fitness' coverage:   44.264282271666225
highest fitness' collisions: 0.10273078639555572
new generation:  2826
Fittest                      43.28014310114115
highest fitness' coverage:   44.307450965096706
highest fitness' collisions: 0.10273078639555565
new generation:  2827
Fittest                      43.26271069606461
highest fitness' coverage:   44.29480843722976
highest fitness' collisions: 0.10320977411651533
new generation:  2828
Fittest                      43.2565652594162
highest fitness' coverage:   44.28866300058135
highest fitness' collisions: 0.10320977411651532
new generation:  2829
Fittest                      43.25643554599517
highest fitness' coverage:   44.28853328716032
highest fitness' collisions: 0.1032097741165153
new generation:  2830
Fittest                      43.25578521963646
highest fitness' coverage:   44.28788296080161
highest fitness' collisions: 0.10320977411651536
new generation:  2831
Fittest                      43.25044711687162
highest fitness' coverage:   44.28254485803677
highest fitness' collisions: 0.10320977411651527
new generation:  2832
Fittest                      43.250130595882155
highest fitness' coverage:   44.28222833704731
highest fitness' collisions: 0.10320977411651533
new generation:  2833
Fittest                      43.25684847663338
highest fitness' coverage:   44.28894621779853
highest fitness' collisions: 0.10320977411651529
new generation:  2834
Fittest                      43.25947614955786
highest fitness' coverage:   44.291573890723015
highest fitness' collisions: 0.1032097741165153
new generation:  2835
Fittest                      43.24244486628824
highest fitness' coverage:   44.247302201530786
highest fitness' collisions: 0.10048573352425487
new generation:  2836
Fittest                      43.254824623377715
highest fitness' coverage:   44.25968195862026
highest fitness' collisions: 0.1004857335242548
new generation:  2837
Fittest                      43.237775222721375
highest fitness' coverage:   44.24398152084652
highest fitness' collisions: 0.10062062981251407
new generation:  2838
Fittest                      43.23453302335497
highest fitness' coverage:   44.240739321480106
highest fitness' collisions: 0.10062062981251395
new generation:  2839
Fittest                      43.28793336585231
highest fitness' coverage:   44.29413966397745
highest fitness' collisions: 0.10062062981251393
new generation:  2840
Fittest                      43.23289929254807
highest fitness' coverage:   44.241927817347175
highest fitness' collisions: 0.10090285247991083
new generation:  2841
Fittest                      43.24897423707259
highest fitness' coverage:   44.258002761871694
highest fitness' collisions: 0.10090285247991088
new generation:  2842
Fittest                      43.2395568393342
highest fitness' coverage:   44.248585364133305
highest fitness' collisions: 0.10090285247991083
new generation:  2843
Fittest                      43.25504519502639
highest fitness' coverage:   44.2640737198255
highest fitness' collisions: 0.1009028524799108
new generation:  2844
Fittest                      43.24254827720458
highest fitness' coverage:   44.25157680200368
highest fitness' collisions: 0.1009028524799109
new generation:  2845
Fittest                      43.23050650744913
highest fitness' coverage:   44.239535032248234
highest fitness' collisions: 0.1009028524799109
new generation:  2846
Fittest                      43.23895779817501
highest fitness' coverage:   44.247986322974114
highest fitness' collisions: 0.10090285247991085
new generation:  2847
Fittest                      43.22848085809924
highest fitness' coverage:   44.260793080947394
highest fitness' collisions: 0.1032312222848154
new generation:  2848
Fittest                      43.22220641870769
highest fitness' coverage:   44.25451864155585
highest fitness' collisions: 0.10323122228481535
new generation:  2849
Fittest                      43.23822968861918
highest fitness' coverage:   44.27054191146733
highest fitness' collisions: 0.1032312222848153
new generation:  2850
Fittest                      43.234714111963385
highest fitness' coverage:   44.26702633481154
highest fitness' collisions: 0.10323122228481534
new generation:  2851
Fittest                      43.24103427538328
highest fitness' coverage:   44.27334649823143
highest fitness' collisions: 0.1032312222848153
new generation:  2852
Fittest                      43.23478098019559
highest fitness' coverage:   44.26709320304374
highest fitness' collisions: 0.10323122228481527
new generation:  2853
Fittest                      43.244232270922694
highest fitness' coverage:   44.27654449377085
highest fitness' collisions: 0.10323122228481532
new generation:  2854
Fittest                      43.250517983606876
highest fitness' coverage:   44.28283020645503
highest fitness' collisions: 0.10323122228481528
new generation:  2855
Fittest                      43.228882688261876
highest fitness' coverage:   44.26119491111003
highest fitness' collisions: 0.10323122228481527
new generation:  2856
Fittest                      43.22587289305906
highest fitness' coverage:   44.251685772788214
highest fitness' collisions: 0.10258128797291503
new generation:  2857
Fittest                      43.22260088672907
highest fitness' coverage:   44.24841376645822
highest fitness' collisions: 0.10258128797291508
new generation:  2858
Fittest                      43.234666314393294
highest fitness' coverage:   44.260479194122446
highest fitness' collisions: 0.10258128797291508
new generation:  2859
Fittest                      43.20995814777466
highest fitness' coverage:   44.23577102750381
highest fitness' collisions: 0.10258128797291509
new generation:  2860
Fittest                      43.23191113929906
highest fitness' coverage:   44.25772401902821
highest fitness' collisions: 0.10258128797291509
new generation:  2861
Fittest                      43.21840536029271
highest fitness' coverage:   44.247955914949046
highest fitness' collisions: 0.10295505546563363
new generation:  2862
Fittest                      43.243715127522286
highest fitness' coverage:   44.273265682178625
highest fitness' collisions: 0.10295505546563373
new generation:  2863
Fittest                      43.2572055217296
highest fitness' coverage:   44.282872734095115
highest fitness' collisions: 0.10256672123655108
new generation:  2864
Fittest                      43.24781186142986
highest fitness' coverage:   44.27347907379537
highest fitness' collisions: 0.10256672123655111
new generation:  2865
Fittest                      43.24120370371932
highest fitness' coverage:   44.266870916084834
highest fitness' collisions: 0.10256672123655108
new generation:  2866
Fittest                      43.22588708713395
highest fitness' coverage:   44.24552870363872
highest fitness' collisions: 0.10196416165047685
new generation:  2867
Fittest                      43.222803284579626
highest fitness' coverage:   44.2424449010844
highest fitness' collisions: 0.10196416165047681
new generation:  2868
Fittest                      43.253570814086814
highest fitness' coverage:   44.273212430591585
highest fitness' collisions: 0.10196416165047677
new generation:  2869
Fittest                      43.25043086148228
highest fitness' coverage:   44.27007247798704
highest fitness' collisions: 0.10196416165047668
new generation:  2870
Fittest                      43.234551331805505
highest fitness' coverage:   44.251061562891906
highest fitness' collisions: 0.10165102310863994
new generation:  2871
Fittest                      43.2288141899838
highest fitness' coverage:   44.2453244210702
highest fitness' collisions: 0.10165102310863992
new generation:  2872
Fittest                      43.23984974323598
highest fitness' coverage:   44.245782619224265
highest fitness' collisions: 0.10059328759882852
new generation:  2873
Fittest                      43.24963427788633
highest fitness' coverage:   44.255567153874615
highest fitness' collisions: 0.10059328759882853
new generation:  2874
Fittest                      43.25571968208088
highest fitness' coverage:   44.261652558069166
highest fitness' collisions: 0.1005932875988285
new generation:  2875
Fittest                      43.23682683503053
highest fitness' coverage:   44.24275971101881
highest fitness' collisions: 0.10059328759882859
new generation:  2876
Fittest                      43.26190252502348
highest fitness' coverage:   44.267835401011766
highest fitness' collisions: 0.10059328759882852
new generation:  2877
Fittest                      43.25249148967718
highest fitness' coverage:   44.25842436566547
highest fitness' collisions: 0.10059328759882853
new generation:  2878
Fittest                      43.246538794713345
highest fitness' coverage:   44.25247167070163
highest fitness' collisions: 0.1005932875988285
new generation:  2879
Fittest                      43.26135136313255
highest fitness' coverage:   44.35646826868255
highest fitness' collisions: 0.10951169055499992
new generation:  2880
Fittest                      43.301629850617935
highest fitness' coverage:   44.396746756167936
highest fitness' collisions: 0.10951169055499996
new generation:  2881
Fittest                      43.28418980419389
highest fitness' coverage:   44.37772181655143
highest fitness' collisions: 0.10935320123575384
new generation:  2882
Fittest                      43.287350037757065
highest fitness' coverage:   44.3808820501146
highest fitness' collisions: 0.1093532012357538
new generation:  2883
Fittest                      43.29367328462715
highest fitness' coverage:   44.38720529698469
highest fitness' collisions: 0.1093532012357539
new generation:  2884
Fittest                      43.28412785891505
highest fitness' coverage:   44.377659871272584
highest fitness' collisions: 0.10935320123575384
new generation:  2885
Fittest                      43.30618662230616
highest fitness' coverage:   44.39971863466369
highest fitness' collisions: 0.10935320123575387
new generation:  2886
Fittest                      43.30618759675509
highest fitness' coverage:   44.39971960911262
highest fitness' collisions: 0.1093532012357538
new generation:  2887
Fittest                      43.29996374531813
highest fitness' coverage:   44.39349575767567
highest fitness' collisions: 0.10935320123575391
new generation:  2888
Fittest                      43.302404336253346
highest fitness' coverage:   44.39593634861088
highest fitness' collisions: 0.10935320123575384
new generation:  2889
Fittest                      43.30839204568999
highest fitness' coverage:   44.40192405804753
highest fitness' collisions: 0.10935320123575377
new generation:  2890
Fittest                      43.30217890512157
highest fitness' coverage:   44.39571091747911
highest fitness' collisions: 0.10935320123575386
new generation:  2891
Fittest                      43.28672174473644
highest fitness' coverage:   44.380253757093975
highest fitness' collisions: 0.10935320123575383
new generation:  2892
Fittest                      43.31176846273508
highest fitness' coverage:   44.405300475092616
highest fitness' collisions: 0.10935320123575383
new generation:  2893
Fittest                      43.28090966091674
highest fitness' coverage:   44.38503363657448
highest fitness' collisions: 0.11041239756577334
new generation:  2894
Fittest                      43.304539731667056
highest fitness' coverage:   44.401110319703655
highest fitness' collisions: 0.10965705880365989
new generation:  2895
Fittest                      43.32028851261149
highest fitness' coverage:   44.41685910064809
highest fitness' collisions: 0.10965705880365999
new generation:  2896
Fittest                      43.320220979895694
highest fitness' coverage:   44.41679156793229
highest fitness' collisions: 0.10965705880365995
new generation:  2897
Fittest                      43.30119375711534
highest fitness' coverage:   44.39776434515194
highest fitness' collisions: 0.10965705880366
new generation:  2898
Fittest                      43.31864431435962
highest fitness' coverage:   44.41351837129134
highest fitness' collisions: 0.10948740569317215
new generation:  2899
Fittest                      43.29062362033532
highest fitness' coverage:   44.39074575186954
highest fitness' collisions: 0.11001221315342194
new generation:  2900
Fittest                      43.288924828989614
highest fitness' coverage:   44.418445473718215
highest fitness' collisions: 0.1129520644728601
new generation:  2901
Fittest                      43.273391670455986
highest fitness' coverage:   44.40291231518459
highest fitness' collisions: 0.11295206447286006
new generation:  2902
Fittest                      43.270175684186434
highest fitness' coverage:   44.399696328915034
highest fitness' collisions: 0.11295206447286014
new generation:  2903
Fittest                      43.26690495436563
highest fitness' coverage:   44.39997373298657
highest fitness' collisions: 0.1133068778620938
new generation:  2904
Fittest                      43.26690183371395
highest fitness' coverage:   44.39997061233489
highest fitness' collisions: 0.1133068778620937
new generation:  2905
Fittest                      43.245433503438164
highest fitness' coverage:   44.3785022820591
highest fitness' collisions: 0.11330687786209372
new generation:  2906
Fittest                      43.270003507068935
highest fitness' coverage:   44.40307228568987
highest fitness' collisions: 0.11330687786209365
new generation:  2907
Fittest                      43.26430855940939
highest fitness' coverage:   44.39737733803033
highest fitness' collisions: 0.11330687786209366
new generation:  2908
Fittest                      43.26578098494504
highest fitness' coverage:   44.3690797151425
highest fitness' collisions: 0.11032987301974576
new generation:  2909
Fittest                      43.3181642168151
highest fitness' coverage:   44.42146294701256
highest fitness' collisions: 0.11032987301974577
new generation:  2910
Fittest                      43.31484728797944
highest fitness' coverage:   44.4181460181769
highest fitness' collisions: 0.11032987301974574
new generation:  2911
Fittest                      43.280929203766846
highest fitness' coverage:   44.384227933964304
highest fitness' collisions: 0.11032987301974577
new generation:  2912
Fittest                      43.30007712370793
highest fitness' coverage:   44.40337585390539
highest fitness' collisions: 0.11032987301974567
new generation:  2913
Fittest                      43.277157302115164
highest fitness' coverage:   44.407439490610855
highest fitness' collisions: 0.11302821884956935
new generation:  2914
Fittest                      43.29363833956842
highest fitness' coverage:   44.42904049266811
highest fitness' collisions: 0.11354021530996908
new generation:  2915
Fittest                      43.29036626137692
highest fitness' coverage:   44.42576841447661
highest fitness' collisions: 0.11354021530996906
new generation:  2916
Fittest                      43.30907516556433
highest fitness' coverage:   44.44447731866402
highest fitness' collisions: 0.11354021530996913
new generation:  2917
Fittest                      43.299924715974925
highest fitness' coverage:   44.435326869074615
highest fitness' collisions: 0.11354021530996901
new generation:  2918
Fittest                      43.29382990358584
highest fitness' coverage:   44.42923205668553
highest fitness' collisions: 0.11354021530996909
new generation:  2919
Fittest                      43.29967911845023
highest fitness' coverage:   44.43508127154992
highest fitness' collisions: 0.11354021530996912
new generation:  2920
Fittest                      43.290300392987746
highest fitness' coverage:   44.425702546087436
highest fitness' collisions: 0.1135402153099691
new generation:  2921
Fittest                      43.31470100681492
highest fitness' coverage:   44.45010315991461
highest fitness' collisions: 0.11354021530996915
new generation:  2922
Fittest                      43.29171899241028
highest fitness' coverage:   44.426009413782694
highest fitness' collisions: 0.11342904213724102
new generation:  2923
Fittest                      43.29786613067231
highest fitness' coverage:   44.43215655204472
highest fitness' collisions: 0.11342904213724088
new generation:  2924
Fittest                      43.30734317266768
highest fitness' coverage:   44.441633594040084
highest fitness' collisions: 0.11342904213724085
new generation:  2925
Fittest                      43.29797813653628
highest fitness' coverage:   44.43226855790869
highest fitness' collisions: 0.11342904213724092
new generation:  2926
Fittest                      43.28817012917325
highest fitness' coverage:   44.42246055054566
highest fitness' collisions: 0.1134290421372409
new generation:  2927
Fittest                      43.30083464099957
highest fitness' coverage:   44.43512506237198
highest fitness' collisions: 0.11342904213724089
new generation:  2928
Fittest                      43.300877361774035
highest fitness' coverage:   44.43516778314645
highest fitness' collisions: 0.11342904213724093
new generation:  2929
Fittest                      43.30060895133218
highest fitness' coverage:   44.43489937270459
highest fitness' collisions: 0.11342904213724092
new generation:  2930
Fittest                      43.30699613584984
highest fitness' coverage:   44.441286557222256
highest fitness' collisions: 0.1134290421372409
new generation:  2931
Fittest                      43.29808545874445
highest fitness' coverage:   44.43237588011686
highest fitness' collisions: 0.1134290421372409
new generation:  2932
Fittest                      43.30713323859027
highest fitness' coverage:   44.44400570226707
highest fitness' collisions: 0.11368724636768
new generation:  2933
Fittest                      43.29821465325464
highest fitness' coverage:   44.43508711693144
highest fitness' collisions: 0.11368724636768004
new generation:  2934
Fittest                      43.30469197504321
highest fitness' coverage:   44.441564438720015
highest fitness' collisions: 0.11368724636768003
new generation:  2935
Fittest                      43.304336837178255
highest fitness' coverage:   44.441722162239046
highest fitness' collisions: 0.11373853250607918
new generation:  2936
Fittest                      43.322599996891135
highest fitness' coverage:   44.459985321951926
highest fitness' collisions: 0.11373853250607918
new generation:  2937
Fittest                      43.333033757629416
highest fitness' coverage:   44.460230338402475
highest fitness' collisions: 0.11271965807730623
new generation:  2938
Fittest                      43.32323810192226
highest fitness' coverage:   44.45043468269532
highest fitness' collisions: 0.11271965807730619
new generation:  2939
Fittest                      43.34349898436532
highest fitness' coverage:   44.43846534600105
highest fitness' collisions: 0.10949663616357312
new generation:  2940
Fittest                      43.31457554665449
highest fitness' coverage:   44.40954190829022
highest fitness' collisions: 0.1094966361635731
new generation:  2941
Fittest                      43.33717167338672
highest fitness' coverage:   44.432138035022454
highest fitness' collisions: 0.10949663616357305
new generation:  2942
Fittest                      43.34954747432059
highest fitness' coverage:   44.44451383595632
highest fitness' collisions: 0.10949663616357314
new generation:  2943
Fittest                      43.337603346384434
highest fitness' coverage:   44.43256970802017
highest fitness' collisions: 0.10949663616357312
new generation:  2944
Fittest                      43.33057996826372
highest fitness' coverage:   44.42554632989945
highest fitness' collisions: 0.10949663616357301
new generation:  2945
Fittest                      43.330985948209715
highest fitness' coverage:   44.42595230984545
highest fitness' collisions: 0.10949663616357305
new generation:  2946
Fittest                      43.32497658958555
highest fitness' coverage:   44.41994295122129
highest fitness' collisions: 0.10949663616357312
new generation:  2947
Fittest                      43.32790332143103
highest fitness' coverage:   44.42286968306676
highest fitness' collisions: 0.10949663616357296
new generation:  2948
Fittest                      43.35573673924212
highest fitness' coverage:   44.45070310087785
highest fitness' collisions: 0.10949663616357305
new generation:  2949
Fittest                      43.31840459721905
highest fitness' coverage:   44.413370958854784
highest fitness' collisions: 0.10949663616357311
new generation:  2950
Fittest                      43.340721569585774
highest fitness' coverage:   44.43568793122151
highest fitness' collisions: 0.10949663616357311
new generation:  2951
Fittest                      43.34349786937787
highest fitness' coverage:   44.4384642310136
highest fitness' collisions: 0.10949663616357307
new generation:  2952
Fittest                      43.34060153684129
highest fitness' coverage:   44.435567898477025
highest fitness' collisions: 0.10949663616357314
new generation:  2953
Fittest                      43.32449231534725
highest fitness' coverage:   44.419458676982984
highest fitness' collisions: 0.1094966361635731
new generation:  2954
Fittest                      43.32782416711443
highest fitness' coverage:   44.42279052875016
highest fitness' collisions: 0.10949663616357311
new generation:  2955
Fittest                      43.33673075071181
highest fitness' coverage:   44.43169711234754
highest fitness' collisions: 0.1094966361635731
new generation:  2956
Fittest                      43.32494240156804
highest fitness' coverage:   44.419908763203765
highest fitness' collisions: 0.10949663616357301
new generation:  2957
Fittest                      43.33394981453841
highest fitness' coverage:   44.42891617617414
highest fitness' collisions: 0.10949663616357316
new generation:  2958
Fittest                      43.343449152072125
highest fitness' coverage:   44.43841551370786
highest fitness' collisions: 0.10949663616357308
new generation:  2959
Fittest                      43.34046209268384
highest fitness' coverage:   44.43542845431957
highest fitness' collisions: 0.10949663616357304
new generation:  2960
Fittest                      43.36236837719231
highest fitness' coverage:   44.45421634398335
highest fitness' collisions: 0.10918479667910386
new generation:  2961
Fittest                      43.371034197911015
highest fitness' coverage:   44.46288216470205
highest fitness' collisions: 0.10918479667910379
new generation:  2962
Fittest                      43.346078703653454
highest fitness' coverage:   44.43792667044449
highest fitness' collisions: 0.10918479667910388
new generation:  2963
Fittest                      43.377424724728634
highest fitness' coverage:   44.46927269151967
highest fitness' collisions: 0.10918479667910386
new generation:  2964
Fittest                      43.324708872978334
highest fitness' coverage:   44.41655683976937
highest fitness' collisions: 0.10918479667910387
new generation:  2965
Fittest                      43.31848217253078
highest fitness' coverage:   44.410330139321815
highest fitness' collisions: 0.1091847966791039
new generation:  2966
Fittest                      43.344957741684745
highest fitness' coverage:   44.43484246777591
highest fitness' collisions: 0.10898847260911643
new generation:  2967
Fittest                      43.351207183744705
highest fitness' coverage:   44.44109190983587
highest fitness' collisions: 0.10898847260911634
new generation:  2968
Fittest                      43.385695336157525
highest fitness' coverage:   44.47558006224869
highest fitness' collisions: 0.10898847260911637
new generation:  2969
Fittest                      43.329508958871315
highest fitness' coverage:   44.41939368496248
highest fitness' collisions: 0.10898847260911643
new generation:  2970
Fittest                      43.34179431919327
highest fitness' coverage:   44.43167904528443
highest fitness' collisions: 0.10898847260911636
new generation:  2971
Fittest                      43.33877307019271
highest fitness' coverage:   44.42865779628387
highest fitness' collisions: 0.10898847260911641
new generation:  2972
Fittest                      43.34837844603102
highest fitness' coverage:   44.438263172122184
highest fitness' collisions: 0.10898847260911645
new generation:  2973
Fittest                      43.36431507937262
highest fitness' coverage:   44.45419980546379
highest fitness' collisions: 0.10898847260911637
new generation:  2974
Fittest                      43.342146580531214
highest fitness' coverage:   44.43203130662238
highest fitness' collisions: 0.1089884726091165
new generation:  2975
Fittest                      43.34487578958138
highest fitness' coverage:   44.434760515672544
highest fitness' collisions: 0.1089884726091164
new generation:  2976
Fittest                      43.326284513568005
highest fitness' coverage:   44.41616923965917
highest fitness' collisions: 0.10898847260911639
new generation:  2977
Fittest                      43.35788379554537
highest fitness' coverage:   44.44776852163653
highest fitness' collisions: 0.10898847260911641
new generation:  2978
Fittest                      43.33896762269405
highest fitness' coverage:   44.42885234878521
highest fitness' collisions: 0.10898847260911641
new generation:  2979
Fittest                      43.36716221508027
highest fitness' coverage:   44.457046941171434
highest fitness' collisions: 0.10898847260911655
new generation:  2980
Fittest                      43.33580146318222
highest fitness' coverage:   44.425686189273385
highest fitness' collisions: 0.10898847260911636
new generation:  2981
Fittest                      43.35772320959684
highest fitness' coverage:   44.45402162791238
highest fitness' collisions: 0.10962984183155423
new generation:  2982
Fittest                      43.313405190354075
highest fitness' coverage:   44.46691653324489
highest fitness' collisions: 0.11535113428908185
new generation:  2983
Fittest                      43.29796989791585
highest fitness' coverage:   44.451481240806665
highest fitness' collisions: 0.11535113428908177
new generation:  2984
Fittest                      43.30723116784563
highest fitness' coverage:   44.460742510736445
highest fitness' collisions: 0.1153511342890818
new generation:  2985
Fittest                      43.2944746329436
highest fitness' coverage:   44.44798597583441
highest fitness' collisions: 0.11535113428908181
new generation:  2986
Fittest                      43.29106728031586
highest fitness' coverage:   44.444578623206674
highest fitness' collisions: 0.11535113428908185
new generation:  2987
Fittest                      43.31291696505929
highest fitness' coverage:   44.4664283079501
highest fitness' collisions: 0.11535113428908184
new generation:  2988
Fittest                      43.281971276774875
highest fitness' coverage:   44.43548261966569
highest fitness' collisions: 0.11535113428908186
new generation:  2989
Fittest                      43.27877778913789
highest fitness' coverage:   44.43228913202871
highest fitness' collisions: 0.1153511342890818
new generation:  2990
Fittest                      43.300949948351104
highest fitness' coverage:   44.45446129124192
highest fitness' collisions: 0.11535113428908188
new generation:  2991
Fittest                      43.30131166782135
highest fitness' coverage:   44.45482301071217
highest fitness' collisions: 0.11535113428908175
new generation:  2992
Fittest                      43.28499796312942
highest fitness' coverage:   44.43850930602024
highest fitness' collisions: 0.1153511342890819
new generation:  2993
Fittest                      43.3083371236106
highest fitness' coverage:   44.48247125784529
highest fitness' collisions: 0.11741341342346899
new generation:  2994
Fittest                      43.255219406931566
highest fitness' coverage:   44.42935354116626
highest fitness' collisions: 0.11741341342346893
new generation:  2995
Fittest                      43.263122159280535
highest fitness' coverage:   44.445602016461606
highest fitness' collisions: 0.11824798571810702
new generation:  2996
Fittest                      43.28715207022975
highest fitness' coverage:   44.46963192741082
highest fitness' collisions: 0.11824798571810709
new generation:  2997
Fittest                      43.284144940342046
highest fitness' coverage:   44.46662479752312
highest fitness' collisions: 0.11824798571810707
new generation:  2998
Fittest                      43.26262229181894
highest fitness' coverage:   44.445102149000014
highest fitness' collisions: 0.11824798571810713
new generation:  2999
Fittest                      43.28324944167099
highest fitness' coverage:   44.442170791093
highest fitness' collisions: 0.11589213494220063
new generation:  3000
Fittest                      43.288400907888864
highest fitness' coverage:   44.44519722488505
highest fitness' collisions: 0.11567963169961845
new generation:  3001
Fittest                      43.289144003520306
highest fitness' coverage:   44.445582152985764
highest fitness' collisions: 0.11564381494654599
new generation:  3002
Fittest                      43.3013232712633
highest fitness' coverage:   44.45776142072876
highest fitness' collisions: 0.11564381494654617
new generation:  3003
Fittest                      43.29793908589325
highest fitness' coverage:   44.454377235358706
highest fitness' collisions: 0.1156438149465461
new generation:  3004
Fittest                      43.28582976345226
highest fitness' coverage:   44.44226791291772
highest fitness' collisions: 0.11564381494654612
new generation:  3005
Fittest                      43.28664844210686
highest fitness' coverage:   44.44884099094569
highest fitness' collisions: 0.11621925488388332
new generation:  3006
Fittest                      43.29241943839116
highest fitness' coverage:   44.45461198722999
highest fitness' collisions: 0.1162192548838833
new generation:  3007
Fittest                      43.29817423111127
highest fitness' coverage:   44.4603667799501
highest fitness' collisions: 0.11621925488388331
new generation:  3008
Fittest                      43.277275732405315
highest fitness' coverage:   44.439468281244146
highest fitness' collisions: 0.11621925488388327
new generation:  3009
Fittest                      43.298601866955266
highest fitness' coverage:   44.473124797474554
highest fitness' collisions: 0.11745229305192906
new generation:  3010
Fittest                      43.276330797628496
highest fitness' coverage:   44.43463442188868
highest fitness' collisions: 0.11583036242601846
new generation:  3011
Fittest                      43.313202809348944
highest fitness' coverage:   44.47150643360913
highest fitness' collisions: 0.11583036242601848
new generation:  3012
Fittest                      43.307591928066984
highest fitness' coverage:   44.46589555232717
highest fitness' collisions: 0.11583036242601845
new generation:  3013
Fittest                      43.29490643586844
highest fitness' coverage:   44.453210060128626
highest fitness' collisions: 0.11583036242601844
new generation:  3014
Fittest                      43.30146527101162
highest fitness' coverage:   44.45976889527181
highest fitness' collisions: 0.11583036242601832
new generation:  3015
Fittest                      43.29500651328495
highest fitness' coverage:   44.45331013754514
highest fitness' collisions: 0.11583036242601848
new generation:  3016
Fittest                      43.30114934207473
highest fitness' coverage:   44.459452966334915
highest fitness' collisions: 0.11583036242601838
new generation:  3017
Fittest                      43.28201969261253
highest fitness' coverage:   44.440323316872714
highest fitness' collisions: 0.11583036242601845
new generation:  3018
Fittest                      43.27346680471624
highest fitness' coverage:   44.43177042897643
highest fitness' collisions: 0.11583036242601841
new generation:  3019
Fittest                      43.291702450286095
highest fitness' coverage:   44.45000607454628
highest fitness' collisions: 0.1158303624260184
new generation:  3020
Fittest                      43.33245674199715
highest fitness' coverage:   44.490760366257334
highest fitness' collisions: 0.1158303624260184
new generation:  3021
Fittest                      43.27310035982411
highest fitness' coverage:   44.4314039840843
highest fitness' collisions: 0.11583036242601842
new generation:  3022
Fittest                      43.29137504310273
highest fitness' coverage:   44.44967866736292
highest fitness' collisions: 0.11583036242601846
new generation:  3023
Fittest                      43.28131488059819
highest fitness' coverage:   44.45929772579905
highest fitness' collisions: 0.11779828452008555
new generation:  3024
Fittest                      43.28800418013614
highest fitness' coverage:   44.48939737540005
highest fitness' collisions: 0.12013931952639079
new generation:  3025
Fittest                      43.28156670287033
highest fitness' coverage:   44.48295989813423
highest fitness' collisions: 0.12013931952639073
new generation:  3026
Fittest                      43.27214075401412
highest fitness' coverage:   44.47353394927803
highest fitness' collisions: 0.12013931952639086
new generation:  3027
Fittest                      43.266262272498466
highest fitness' coverage:   44.46765546776238
highest fitness' collisions: 0.12013931952639076
new generation:  3028
Fittest                      43.269538150389344
highest fitness' coverage:   44.470931345653256
highest fitness' collisions: 0.12013931952639081
new generation:  3029
Fittest                      43.273374035722746
highest fitness' coverage:   44.48052163036002
highest fitness' collisions: 0.12071475946372795
new generation:  3030
Fittest                      43.27605952872436
highest fitness' coverage:   44.48320712336164
highest fitness' collisions: 0.12071475946372791
new generation:  3031
Fittest                      43.28163511297119
highest fitness' coverage:   44.488782707608465
highest fitness' collisions: 0.12071475946372802
new generation:  3032
Fittest                      43.28944560764558
highest fitness' coverage:   44.47691398134219
highest fitness' collisions: 0.11874683736966082
new generation:  3033
Fittest                      43.27393964158385
highest fitness' coverage:   44.46140801528046
highest fitness' collisions: 0.11874683736966081
new generation:  3034
Fittest                      43.3079397316898
highest fitness' coverage:   44.49540810538641
highest fitness' collisions: 0.11874683736966075
new generation:  3035
Fittest                      43.29279622300763
highest fitness' coverage:   44.48026459670424
highest fitness' collisions: 0.11874683736966078
new generation:  3036
Fittest                      43.28029197072333
highest fitness' coverage:   44.46776034441994
highest fitness' collisions: 0.11874683736966082
new generation:  3037
Fittest                      43.28626561194559
highest fitness' coverage:   44.4737339856422
highest fitness' collisions: 0.11874683736966085
new generation:  3038
Fittest                      43.25849426949762
highest fitness' coverage:   44.45198823905497
highest fitness' collisions: 0.11934939695573518
new generation:  3039
Fittest                      43.29212702780142
highest fitness' coverage:   44.48562099735877
highest fitness' collisions: 0.1193493969557352
new generation:  3040
Fittest                      43.27333053062879
highest fitness' coverage:   44.46682450018614
highest fitness' collisions: 0.11934939695573511
new generation:  3041
Fittest                      43.2587933216739
highest fitness' coverage:   44.45228729123125
highest fitness' collisions: 0.11934939695573515
new generation:  3042
Fittest                      43.28330139673647
highest fitness' coverage:   44.47679536629382
highest fitness' collisions: 0.11934939695573521
new generation:  3043
Fittest                      43.29655658931421
highest fitness' coverage:   44.482927104364535
highest fitness' collisions: 0.11863705150503251
new generation:  3044
Fittest                      43.3151571685663
highest fitness' coverage:   44.50152768361663
highest fitness' collisions: 0.11863705150503245
new generation:  3045
Fittest                      43.321658873766054
highest fitness' coverage:   44.502003792955634
highest fitness' collisions: 0.1180344919189582
new generation:  3046
Fittest                      43.29937502064655
highest fitness' coverage:   44.47971993983613
highest fitness' collisions: 0.11803449191895812
new generation:  3047
Fittest                      43.28435540660151
highest fitness' coverage:   44.46470032579109
highest fitness' collisions: 0.11803449191895812
new generation:  3048
Fittest                      43.29916462309601
highest fitness' coverage:   44.47950954228559
highest fitness' collisions: 0.11803449191895814
new generation:  3049
Fittest                      43.333337593650256
highest fitness' coverage:   44.513682512839836
highest fitness' collisions: 0.11803449191895805
new generation:  3050
Fittest                      43.29908046311061
highest fitness' coverage:   44.47969657878757
highest fitness' collisions: 0.11806161156769526
new generation:  3051
Fittest                      43.2839313088256
highest fitness' coverage:   44.464547424502555
highest fitness' collisions: 0.11806161156769529
new generation:  3052
Fittest                      43.30817123470009
highest fitness' coverage:   44.486634568642316
highest fitness' collisions: 0.11784633339422286
new generation:  3053
Fittest                      43.317076276252315
highest fitness' coverage:   44.49553961019454
highest fitness' collisions: 0.1178463333942229
new generation:  3054
Fittest                      43.29169485179354
highest fitness' coverage:   44.47015818573577
highest fitness' collisions: 0.11784633339422293
new generation:  3055
Fittest                      43.267253228828736
highest fitness' coverage:   44.44571656277096
highest fitness' collisions: 0.11784633339422292
new generation:  3056
Fittest                      43.30389591446358
highest fitness' coverage:   44.4798812071451
highest fitness' collisions: 0.11759852926815144
new generation:  3057
Fittest                      43.313249887060046
highest fitness' coverage:   44.48923517974156
highest fitness' collisions: 0.11759852926815154
new generation:  3058
Fittest                      43.29234178267057
highest fitness' coverage:   44.47339614116237
highest fitness' collisions: 0.11810543584918007
new generation:  3059
Fittest                      43.32016009619162
highest fitness' coverage:   44.50121445468342
highest fitness' collisions: 0.11810543584918014
new generation:  3060
Fittest                      43.286831704147346
highest fitness' coverage:   44.467886062639145
highest fitness' collisions: 0.11810543584918007
new generation:  3061
Fittest                      43.301873637064915
highest fitness' coverage:   44.482927995556715
highest fitness' collisions: 0.11810543584918015
new generation:  3062
Fittest                      43.29910700647385
highest fitness' coverage:   44.480161364965646
highest fitness' collisions: 0.11810543584918003
new generation:  3063
Fittest                      43.280047408563554
highest fitness' coverage:   44.461101767055354
highest fitness' collisions: 0.11810543584918017
new generation:  3064
Fittest                      43.274048256290556
highest fitness' coverage:   44.455102614782355
highest fitness' collisions: 0.11810543584918004
new generation:  3065
Fittest                      43.29895074570907
highest fitness' coverage:   44.48000510420087
highest fitness' collisions: 0.11810543584918
new generation:  3066
Fittest                      43.29894809308065
highest fitness' coverage:   44.480002451572446
highest fitness' collisions: 0.11810543584918004
new generation:  3067
Fittest                      43.27694980231165
highest fitness' coverage:   44.45800416080345
highest fitness' collisions: 0.11810543584918015
new generation:  3068
Fittest                      43.30485274154146
highest fitness' coverage:   44.48590710003326
highest fitness' collisions: 0.11810543584918005
new generation:  3069
Fittest                      43.29886651676139
highest fitness' coverage:   44.47389527939245
highest fitness' collisions: 0.11750287626310571
new generation:  3070
Fittest                      43.30144071745603
highest fitness' coverage:   44.47646948008709
highest fitness' collisions: 0.11750287626310572
new generation:  3071
Fittest                      43.28707098345158
highest fitness' coverage:   44.46133339253032
highest fitness' collisions: 0.11742624090787399
new generation:  3072
Fittest                      43.29451406330903
highest fitness' coverage:   44.47051427321652
highest fitness' collisions: 0.11760002099074894
new generation:  3073
Fittest                      43.29124297065778
highest fitness' coverage:   44.46724318056526
highest fitness' collisions: 0.11760002099074884
new generation:  3074
Fittest                      43.30662923955988
highest fitness' coverage:   44.48262944946737
highest fitness' collisions: 0.11760002099074884
new generation:  3075
Fittest                      43.31268653186821
highest fitness' coverage:   44.4886867417757
highest fitness' collisions: 0.1176000209907489
new generation:  3076
Fittest                      43.29774249931451
highest fitness' coverage:   44.473742709221995
highest fitness' collisions: 0.1176000209907489
new generation:  3077
Fittest                      43.28512146553493
highest fitness' coverage:   44.46112167544242
highest fitness' collisions: 0.1176000209907489
new generation:  3078
Fittest                      43.297566996943274
highest fitness' coverage:   44.47356720685076
highest fitness' collisions: 0.11760002099074884
new generation:  3079
Fittest                      43.31011315265753
highest fitness' coverage:   44.486113362565014
highest fitness' collisions: 0.11760002099074884
new generation:  3080
Fittest                      43.30988836602251
highest fitness' coverage:   44.48588857593
highest fitness' collisions: 0.11760002099074884
new generation:  3081
Fittest                      43.30992663445091
highest fitness' coverage:   44.485926844358396
highest fitness' collisions: 0.11760002099074882
new generation:  3082
Fittest                      43.306226145927965
highest fitness' coverage:   44.48222635583545
highest fitness' collisions: 0.11760002099074886
new generation:  3083
Fittest                      43.30062906445933
highest fitness' coverage:   44.476629274366815
highest fitness' collisions: 0.11760002099074876
new generation:  3084
Fittest                      43.29456212356944
highest fitness' coverage:   44.47056233347693
highest fitness' collisions: 0.11760002099074886
new generation:  3085
Fittest                      43.2947952917927
highest fitness' coverage:   44.47079550170019
highest fitness' collisions: 0.11760002099074887
new generation:  3086
Fittest                      43.2726056605836
highest fitness' coverage:   44.448605870491086
highest fitness' collisions: 0.11760002099074879
new generation:  3087
Fittest                      43.281574606329464
highest fitness' coverage:   44.45182041686358
highest fitness' collisions: 0.11702458105341175
new generation:  3088
Fittest                      43.29681312932349
highest fitness' coverage:   44.46705893985761
highest fitness' collisions: 0.11702458105341168
new generation:  3089
Fittest                      43.29410469187517
highest fitness' coverage:   44.46435050240929
highest fitness' collisions: 0.11702458105341172
new generation:  3090
Fittest                      43.293968379862356
highest fitness' coverage:   44.464214190396476
highest fitness' collisions: 0.11702458105341171
new generation:  3091
Fittest                      43.29411874356411
highest fitness' coverage:   44.46436455409823
highest fitness' collisions: 0.11702458105341171
new generation:  3092
Fittest                      43.30369578121612
highest fitness' coverage:   44.46408925133049
highest fitness' collisions: 0.11603934701143727
new generation:  3093
Fittest                      43.299956235218254
highest fitness' coverage:   44.460349705332625
highest fitness' collisions: 0.11603934701143727
new generation:  3094
Fittest                      43.31148976065402
highest fitness' coverage:   44.473232193650986
highest fitness' collisions: 0.11617424329969647
new generation:  3095
Fittest                      43.29638239217396
highest fitness' coverage:   44.4486524465267
highest fitness' collisions: 0.1152270054352744
new generation:  3096
Fittest                      43.29293583227773
highest fitness' coverage:   44.445205886630475
highest fitness' collisions: 0.11522700543527449
new generation:  3097
Fittest                      43.33331159591767
highest fitness' coverage:   44.48558165027042
highest fitness' collisions: 0.11522700543527443
new generation:  3098
Fittest                      43.312146322496694
highest fitness' coverage:   44.46441637684944
highest fitness' collisions: 0.11522700543527445
new generation:  3099
Fittest                      43.3090922767846
highest fitness' coverage:   44.46136233113734
highest fitness' collisions: 0.11522700543527442
new generation:  3100
Fittest                      43.31207949559852
highest fitness' coverage:   44.464349549951265
highest fitness' collisions: 0.11522700543527449
new generation:  3101
Fittest                      43.33652443235929
highest fitness' coverage:   44.48879448671204
highest fitness' collisions: 0.11522700543527443
new generation:  3102
Fittest                      43.3123593066647
highest fitness' coverage:   44.46462936101745
highest fitness' collisions: 0.11522700543527442
new generation:  3103
Fittest                      43.29624719013135
highest fitness' coverage:   44.448517244484094
highest fitness' collisions: 0.11522700543527438
new generation:  3104
Fittest                      43.30255759250859
highest fitness' coverage:   44.45482764686134
highest fitness' collisions: 0.11522700543527445
new generation:  3105
Fittest                      43.311735816123615
highest fitness' coverage:   44.46400587047636
highest fitness' collisions: 0.11522700543527449
new generation:  3106
Fittest                      43.314632830147715
highest fitness' coverage:   44.46690288450046
highest fitness' collisions: 0.11522700543527452
new generation:  3107
Fittest                      43.33351731130862
highest fitness' coverage:   44.485787365661366
highest fitness' collisions: 0.11522700543527446
new generation:  3108
Fittest                      43.340456718480674
highest fitness' coverage:   44.426021749291984
highest fitness' collisions: 0.10855650308113127
new generation:  3109
Fittest                      43.34977652513737
highest fitness' coverage:   44.43534155594868
highest fitness' collisions: 0.10855650308113132
new generation:  3110
Fittest                      43.3561782333594
highest fitness' coverage:   44.44174326417071
highest fitness' collisions: 0.10855650308113134
new generation:  3111
Fittest                      43.34392211149115
highest fitness' coverage:   44.42948714230246
highest fitness' collisions: 0.10855650308113135
new generation:  3112
Fittest                      43.3474211848451
highest fitness' coverage:   44.441480254581116
highest fitness' collisions: 0.1094059069736015
new generation:  3113
Fittest                      43.3380055779924
highest fitness' coverage:   44.43206464772841
highest fitness' collisions: 0.10940590697360147
new generation:  3114
Fittest                      43.316414692339514
highest fitness' coverage:   44.410473762075526
highest fitness' collisions: 0.10940590697360149
new generation:  3115
Fittest                      43.3572990869734
highest fitness' coverage:   44.45135815670941
highest fitness' collisions: 0.1094059069736015
new generation:  3116
Fittest                      43.35090188361841
highest fitness' coverage:   44.444960953354425
highest fitness' collisions: 0.10940590697360152
new generation:  3117
Fittest                      43.33814236729848
highest fitness' coverage:   44.43220143703449
highest fitness' collisions: 0.10940590697360156
new generation:  3118
Fittest                      43.323058521220226
highest fitness' coverage:   44.41711759095624
highest fitness' collisions: 0.10940590697360154
new generation:  3119
Fittest                      43.34163529227755
highest fitness' coverage:   44.435694362013564
highest fitness' collisions: 0.10940590697360152
new generation:  3120
Fittest                      43.33185205532866
highest fitness' coverage:   44.42591112506467
highest fitness' collisions: 0.10940590697360146
new generation:  3121
Fittest                      43.334953769637494
highest fitness' coverage:   44.429012839373506
highest fitness' collisions: 0.10940590697360147
new generation:  3122
Fittest                      43.335000814033286
highest fitness' coverage:   44.4290598837693
highest fitness' collisions: 0.10940590697360153
new generation:  3123
Fittest                      43.34169208323423
highest fitness' coverage:   44.43575115297024
highest fitness' collisions: 0.10940590697360139
new generation:  3124
Fittest                      43.3244345434993
highest fitness' coverage:   44.435341658938825
highest fitness' collisions: 0.11109071154395231
new generation:  3125
Fittest                      43.32120580225952
highest fitness' coverage:   44.432112917699044
highest fitness' collisions: 0.11109071154395232
new generation:  3126
Fittest                      43.334258308010476
highest fitness' coverage:   44.43875173122562
highest fitness' collisions: 0.1104493423215144
new generation:  3127
Fittest                      43.29621484380784
highest fitness' coverage:   44.400708267022985
highest fitness' collisions: 0.1104493423215145
new generation:  3128
Fittest                      43.30912882614036
highest fitness' coverage:   44.413622249355505
highest fitness' collisions: 0.11044934232151449
new generation:  3129
Fittest                      43.346669000817165
highest fitness' coverage:   44.45116242403231
highest fitness' collisions: 0.11044934232151445
new generation:  3130
Fittest                      43.31215527677491
highest fitness' coverage:   44.416648699990056
highest fitness' collisions: 0.11044934232151454
new generation:  3131
Fittest                      43.33409965283233
highest fitness' coverage:   44.438593076047475
highest fitness' collisions: 0.11044934232151452
new generation:  3132
Fittest                      43.30883076751261
highest fitness' coverage:   44.41332419072776
highest fitness' collisions: 0.11044934232151452
new generation:  3133
Fittest                      43.30298468166789
highest fitness' coverage:   44.40747810488303
highest fitness' collisions: 0.11044934232151454
new generation:  3134
Fittest                      43.31399938566246
highest fitness' coverage:   44.4170570032209
highest fitness' collisions: 0.1103057617558436
new generation:  3135
Fittest                      43.31008314236937
highest fitness' coverage:   44.413140759927806
highest fitness' collisions: 0.11030576175584361
new generation:  3136
Fittest                      43.35720052021184
highest fitness' coverage:   44.460258137770275
highest fitness' collisions: 0.11030576175584364
new generation:  3137
Fittest                      43.31996925999797
highest fitness' coverage:   44.4230268775564
highest fitness' collisions: 0.11030576175584354
new generation:  3138
Fittest                      43.32249768390978
highest fitness' coverage:   44.425555301468215
highest fitness' collisions: 0.11030576175584364
new generation:  3139
Fittest                      43.32682383780411
highest fitness' coverage:   44.42312062560863
highest fitness' collisions: 0.10962967878045161
new generation:  3140
Fittest                      43.320487893574324
highest fitness' coverage:   44.416784681378836
highest fitness' collisions: 0.10962967878045156
new generation:  3141
Fittest                      43.329666850450195
highest fitness' coverage:   44.425963638254714
highest fitness' collisions: 0.10962967878045161
new generation:  3142
Fittest                      43.34517937677836
highest fitness' coverage:   44.44147616458288
highest fitness' collisions: 0.10962967878045166
new generation:  3143
Fittest                      43.34379621113863
highest fitness' coverage:   44.435137226741304
highest fitness' collisions: 0.10913410156026719
new generation:  3144
Fittest                      43.341041217354665
highest fitness' coverage:   44.43238223295734
highest fitness' collisions: 0.10913410156026726
new generation:  3145
Fittest                      43.37195556879534
highest fitness' coverage:   44.42028391304262
highest fitness' collisions: 0.10483283442472738
new generation:  3146
Fittest                      43.37111214788759
highest fitness' coverage:   44.41944049213486
highest fitness' collisions: 0.10483283442472745
new generation:  3147
Fittest                      43.386731379877375
highest fitness' coverage:   44.43505972412465
highest fitness' collisions: 0.10483283442472745
new generation:  3148
Fittest                      43.38676088517716
highest fitness' coverage:   44.435089229424435
highest fitness' collisions: 0.10483283442472742
new generation:  3149
Fittest                      43.38769260373878
highest fitness' coverage:   44.43602094798605
highest fitness' collisions: 0.10483283442472743
new generation:  3150
Fittest                      43.37986751506139
highest fitness' coverage:   44.41958961853854
highest fitness' collisions: 0.10397221034771427
new generation:  3151
Fittest                      43.420911313425584
highest fitness' coverage:   44.469371797752984
highest fitness' collisions: 0.1048460484327397
new generation:  3152
Fittest                      43.37685078473826
highest fitness' coverage:   44.42531126906566
highest fitness' collisions: 0.10484604843273977
new generation:  3153
Fittest                      43.405924411702394
highest fitness' coverage:   44.460410491890535
highest fitness' collisions: 0.10544860801881406
new generation:  3154
Fittest                      43.37446860409816
highest fitness' coverage:   44.419722357020355
highest fitness' collisions: 0.10452537529221899
new generation:  3155
Fittest                      43.40313236273368
highest fitness' coverage:   44.44838611565587
highest fitness' collisions: 0.10452537529221903
new generation:  3156
Fittest                      43.384035704217084
highest fitness' coverage:   44.42928945713928
highest fitness' collisions: 0.10452537529221895
new generation:  3157
Fittest                      43.39391881712637
highest fitness' coverage:   44.43382868135086
highest fitness' collisions: 0.10399098642244912
new generation:  3158
Fittest                      43.387291190650714
highest fitness' coverage:   44.427201054875205
highest fitness' collisions: 0.10399098642244921
new generation:  3159
Fittest                      43.390256937004494
highest fitness' coverage:   44.430166801228985
highest fitness' collisions: 0.1039909864224492
new generation:  3160
Fittest                      43.35925754495426
highest fitness' coverage:   44.39916740917875
highest fitness' collisions: 0.10399098642244924
new generation:  3161
Fittest                      43.36247977405344
highest fitness' coverage:   44.40238963827793
highest fitness' collisions: 0.10399098642244925
new generation:  3162
Fittest                      43.367542645131486
highest fitness' coverage:   44.40635603115984
highest fitness' collisions: 0.10388133860283495
new generation:  3163
Fittest                      43.39201849313485
highest fitness' coverage:   44.4308318791632
highest fitness' collisions: 0.10388133860283487
new generation:  3164
Fittest                      43.37942281245713
highest fitness' coverage:   44.41823619848548
highest fitness' collisions: 0.10388133860283487
new generation:  3165
Fittest                      43.36090807598299
highest fitness' coverage:   44.399721462011335
highest fitness' collisions: 0.10388133860283483
new generation:  3166
Fittest                      43.37062041602662
highest fitness' coverage:   44.40943380205497
highest fitness' collisions: 0.10388133860283487
new generation:  3167
Fittest                      43.3644609721583
highest fitness' coverage:   44.40327435818665
highest fitness' collisions: 0.1038813386028349
new generation:  3168
Fittest                      43.386013464917546
highest fitness' coverage:   44.42452485577385
highest fitness' collisions: 0.10385113908563083
new generation:  3169
Fittest                      43.36702330032791
highest fitness' coverage:   44.399509095323474
highest fitness' collisions: 0.10324857949955649
new generation:  3170
Fittest                      43.37361085662012
highest fitness' coverage:   44.43391679338561
highest fitness' collisions: 0.10603059367654973
new generation:  3171
Fittest                      43.351803001322445
highest fitness' coverage:   44.41210893808794
highest fitness' collisions: 0.10603059367654978
new generation:  3172
Fittest                      43.33922018463551
highest fitness' coverage:   44.399526121401
highest fitness' collisions: 0.10603059367654967
new generation:  3173
Fittest                      43.35823754494801
highest fitness' coverage:   44.42163377714602
highest fitness' collisions: 0.10633962321980114
new generation:  3174
Fittest                      43.34844923872899
highest fitness' coverage:   44.411845470927
highest fitness' collisions: 0.10633962321980098
new generation:  3175
Fittest                      43.3427789104906
highest fitness' coverage:   44.40617514268861
highest fitness' collisions: 0.10633962321980107
new generation:  3176
Fittest                      43.3391105649837
highest fitness' coverage:   44.40250679718171
highest fitness' collisions: 0.10633962321980103
new generation:  3177
Fittest                      43.37033192235261
highest fitness' coverage:   44.43372815455062
highest fitness' collisions: 0.10633962321980105
new generation:  3178
Fittest                      43.346032091516555
highest fitness' coverage:   44.409428323714565
highest fitness' collisions: 0.106339623219801
new generation:  3179
Fittest                      43.35188200428247
highest fitness' coverage:   44.41527823648048
highest fitness' collisions: 0.10633962321980113
new generation:  3180
Fittest                      43.33974841411829
highest fitness' coverage:   44.4031446463163
highest fitness' collisions: 0.10633962321980106
new generation:  3181
Fittest                      43.34908721606867
highest fitness' coverage:   44.41248344826668
highest fitness' collisions: 0.10633962321980103
new generation:  3182
Fittest                      43.37365929937117
highest fitness' coverage:   44.43705553156918
highest fitness' collisions: 0.10633962321980098
new generation:  3183
Fittest                      43.35483164430126
highest fitness' coverage:   44.418227876499266
highest fitness' collisions: 0.10633962321980105
new generation:  3184
Fittest                      43.38606589029855
highest fitness' coverage:   44.44946212249656
highest fitness' collisions: 0.10633962321980105
new generation:  3185
Fittest                      43.35522564386735
highest fitness' coverage:   44.41862187606536
highest fitness' collisions: 0.10633962321980102
new generation:  3186
Fittest                      43.342660353985515
highest fitness' coverage:   44.406056586183524
highest fitness' collisions: 0.10633962321980107
new generation:  3187
Fittest                      43.336595270954916
highest fitness' coverage:   44.399991503152926
highest fitness' collisions: 0.10633962321980103
new generation:  3188
Fittest                      43.37062979203547
highest fitness' coverage:   44.43402602423348
highest fitness' collisions: 0.10633962321980105
new generation:  3189
Fittest                      43.351211115948146
highest fitness' coverage:   44.414607348146156
highest fitness' collisions: 0.10633962321980109
new generation:  3190
Fittest                      43.341277925738034
highest fitness' coverage:   44.40467415793604
highest fitness' collisions: 0.10633962321980103
new generation:  3191
Fittest                      43.348405284020856
highest fitness' coverage:   44.411801516218866
highest fitness' collisions: 0.10633962321980107
new generation:  3192
Fittest                      43.34112707236792
highest fitness' coverage:   44.40452330456593
highest fitness' collisions: 0.10633962321980099
new generation:  3193
Fittest                      43.323474764438075
highest fitness' coverage:   44.392896592496825
highest fitness' collisions: 0.1069421828058754
new generation:  3194
Fittest                      43.320108045320325
highest fitness' coverage:   44.389529873379075
highest fitness' collisions: 0.10694218280587542
new generation:  3195
Fittest                      43.354443089646495
highest fitness' coverage:   44.423864917705245
highest fitness' collisions: 0.1069421828058754
new generation:  3196
Fittest                      43.34758562726204
highest fitness' coverage:   44.4170074553208
highest fitness' collisions: 0.10694218280587549
new generation:  3197
Fittest                      43.33554491475866
highest fitness' coverage:   44.404966742817415
highest fitness' collisions: 0.10694218280587543
new generation:  3198
Fittest                      43.357027063839425
highest fitness' coverage:   44.420423296037434
highest fitness' collisions: 0.10633962321980109
new generation:  3199
Fittest                      43.35361781921214
highest fitness' coverage:   44.41701405141015
highest fitness' collisions: 0.10633962321980113
new generation:  3200
Fittest                      43.35083465415817
highest fitness' coverage:   44.41423088635618
highest fitness' collisions: 0.10633962321980113
new generation:  3201
Fittest                      43.3235047918266
highest fitness' coverage:   44.38690102402461
highest fitness' collisions: 0.10633962321980112
new generation:  3202
Fittest                      43.321982434077135
highest fitness' coverage:   44.417871442710236
highest fitness' collisions: 0.10958890086331038
new generation:  3203
Fittest                      43.32132834955269
highest fitness' coverage:   44.41721735818579
highest fitness' collisions: 0.1095889008633104
new generation:  3204
Fittest                      43.3350625302228
highest fitness' coverage:   44.47238987129264
highest fitness' collisions: 0.11373273410698403
new generation:  3205
Fittest                      43.34496372729526
highest fitness' coverage:   44.4822910683651
highest fitness' collisions: 0.11373273410698401
new generation:  3206
Fittest                      43.338510941462886
highest fitness' coverage:   44.47583828253273
highest fitness' collisions: 0.11373273410698401
new generation:  3207
Fittest                      43.32941458101474
highest fitness' coverage:   44.46674192208458
highest fitness' collisions: 0.11373273410698403
new generation:  3208
Fittest                      43.331509565701
highest fitness' coverage:   44.46883690677084
highest fitness' collisions: 0.11373273410698405
new generation:  3209
Fittest                      43.3262215773116
highest fitness' coverage:   44.46354891838144
highest fitness' collisions: 0.11373273410698397
new generation:  3210
Fittest                      43.332527545143236
highest fitness' coverage:   44.46985488621308
highest fitness' collisions: 0.11373273410698402
new generation:  3211
Fittest                      43.33848379780088
highest fitness' coverage:   44.475811138870725
highest fitness' collisions: 0.11373273410698409
new generation:  3212
Fittest                      43.384991324506565
highest fitness' coverage:   44.5067698950817
highest fitness' collisions: 0.11217785705751415
new generation:  3213
Fittest                      43.35665371744024
highest fitness' coverage:   44.478432288015384
highest fitness' collisions: 0.11217785705751426
new generation:  3214
Fittest                      43.338747275525535
highest fitness' coverage:   44.46052584610068
highest fitness' collisions: 0.11217785705751426
new generation:  3215
Fittest                      43.345278635147395
highest fitness' coverage:   44.46705720572253
highest fitness' collisions: 0.11217785705751417
new generation:  3216
Fittest                      43.3390656962206
highest fitness' coverage:   44.46324309971476
highest fitness' collisions: 0.11241774034941619
new generation:  3217
Fittest                      43.36917662250058
highest fitness' coverage:   44.49200506311215
highest fitness' collisions: 0.11228284406115695
new generation:  3218
Fittest                      43.36834811538244
highest fitness' coverage:   44.49117655599401
highest fitness' collisions: 0.11228284406115688
new generation:  3219
Fittest                      43.36165865552843
highest fitness' coverage:   44.47610935469799
highest fitness' collisions: 0.1114450699169562
new generation:  3220
Fittest                      43.37046761758006
highest fitness' coverage:   44.48491831674962
highest fitness' collisions: 0.11144506991695617
new generation:  3221
Fittest                      43.343020312278874
highest fitness' coverage:   44.45747101144843
highest fitness' collisions: 0.11144506991695613
new generation:  3222
Fittest                      43.34858925209699
highest fitness' coverage:   44.46303995126655
highest fitness' collisions: 0.11144506991695621
new generation:  3223
Fittest                      43.37688091194076
highest fitness' coverage:   44.49133161111032
highest fitness' collisions: 0.11144506991695616
new generation:  3224
Fittest                      43.36540109624077
highest fitness' coverage:   44.479851795410326
highest fitness' collisions: 0.11144506991695612
new generation:  3225
Fittest                      43.35495457261447
highest fitness' coverage:   44.46940527178403
highest fitness' collisions: 0.11144506991695616
new generation:  3226
Fittest                      43.37826901538321
highest fitness' coverage:   44.463118866684866
highest fitness' collisions: 0.10848498513016575
new generation:  3227
Fittest                      43.38812594099176
highest fitness' coverage:   44.47297579229342
highest fitness' collisions: 0.10848498513016566
new generation:  3228
Fittest                      43.39096951781059
highest fitness' coverage:   44.475819369112244
highest fitness' collisions: 0.10848498513016565
new generation:  3229
Fittest                      43.38494500808978
highest fitness' coverage:   44.469794859391435
highest fitness' collisions: 0.10848498513016565
new generation:  3230
Fittest                      43.388175827835695
highest fitness' coverage:   44.47302567913735
highest fitness' collisions: 0.10848498513016565
new generation:  3231
Fittest                      43.387921773720684
highest fitness' coverage:   44.47277162502234
highest fitness' collisions: 0.10848498513016566
new generation:  3232
Fittest                      43.3845681404964
highest fitness' coverage:   44.46941799179805
highest fitness' collisions: 0.10848498513016575
new generation:  3233
Fittest                      43.38167176814018
highest fitness' coverage:   44.466521619441835
highest fitness' collisions: 0.10848498513016573
new generation:  3234
Fittest                      43.39624927173702
highest fitness' coverage:   44.481970086628635
highest fitness' collisions: 0.10857208148916131
new generation:  3235
Fittest                      43.387163504309
highest fitness' coverage:   44.47288431920062
highest fitness' collisions: 0.10857208148916131
new generation:  3236
Fittest                      43.38719803303658
highest fitness' coverage:   44.4729188479282
highest fitness' collisions: 0.10857208148916132
new generation:  3237
Fittest                      43.38391391241051
highest fitness' coverage:   44.46963472730213
highest fitness' collisions: 0.1085720814891613
new generation:  3238
Fittest                      43.36871140750334
highest fitness' coverage:   44.46280996383696
highest fitness' collisions: 0.10940985563336214
new generation:  3239
Fittest                      43.37849490946682
highest fitness' coverage:   44.47259346580044
highest fitness' collisions: 0.1094098556333621
new generation:  3240
Fittest                      43.39053464658103
highest fitness' coverage:   44.48463320291465
highest fitness' collisions: 0.10940985563336218
new generation:  3241
Fittest                      43.37560949463612
highest fitness' coverage:   44.46970805096974
highest fitness' collisions: 0.1094098556333622
new generation:  3242
Fittest                      43.40654826487488
highest fitness' coverage:   44.5006468212085
highest fitness' collisions: 0.10940985563336214
new generation:  3243
Fittest                      43.36021500607458
highest fitness' coverage:   44.4543135624082
highest fitness' collisions: 0.10940985563336218
new generation:  3244
Fittest                      43.38751491930039
highest fitness' coverage:   44.48161347563401
highest fitness' collisions: 0.10940985563336215
new generation:  3245
Fittest                      43.41154967492687
highest fitness' coverage:   44.513437037784485
highest fitness' collisions: 0.11018873628576195
new generation:  3246
Fittest                      43.355539691512966
highest fitness' coverage:   44.457427054370584
highest fitness' collisions: 0.11018873628576185
new generation:  3247
Fittest                      43.39040477278836
highest fitness' coverage:   44.492292135645975
highest fitness' collisions: 0.11018873628576183
new generation:  3248
Fittest                      43.394319930694174
highest fitness' coverage:   44.49462240035933
highest fitness' collisions: 0.11003024696651584
new generation:  3249
Fittest                      43.37912984533341
highest fitness' coverage:   44.494713439756524
highest fitness' collisions: 0.11155835944231168
new generation:  3250
Fittest                      43.34523578394078
highest fitness' coverage:   44.460819378363894
highest fitness' collisions: 0.11155835944231159
new generation:  3251
Fittest                      43.34307763122042
highest fitness' coverage:   44.46744080355552
highest fitness' collisions: 0.1124363172335104
new generation:  3252
Fittest                      43.37129341723478
highest fitness' coverage:   44.49565658956988
highest fitness' collisions: 0.11243631723351045
new generation:  3253
Fittest                      43.361282011003745
highest fitness' coverage:   44.485645183338846
highest fitness' collisions: 0.11243631723351044
new generation:  3254
Fittest                      43.35521486635053
highest fitness' coverage:   44.47957803868563
highest fitness' collisions: 0.11243631723351043
new generation:  3255
Fittest                      43.352441584213636
highest fitness' coverage:   44.47680475654874
highest fitness' collisions: 0.1124363172335104
new generation:  3256
Fittest                      43.36464624654608
highest fitness' coverage:   44.48900941888118
highest fitness' collisions: 0.11243631723351047
new generation:  3257
Fittest                      43.3619379410985
highest fitness' coverage:   44.486301113433605
highest fitness' collisions: 0.11243631723351044
new generation:  3258
Fittest                      43.368312096306994
highest fitness' coverage:   44.492675268642095
highest fitness' collisions: 0.11243631723351041
new generation:  3259
Fittest                      43.36169300648088
highest fitness' coverage:   44.48605617881598
highest fitness' collisions: 0.11243631723351039
new generation:  3260
Fittest                      43.35819300811023
highest fitness' coverage:   44.48255618044533
highest fitness' collisions: 0.11243631723351044
new generation:  3261
Fittest                      43.355371269924994
highest fitness' coverage:   44.479734442260096
highest fitness' collisions: 0.11243631723351037
new generation:  3262
Fittest                      43.343133363195456
highest fitness' coverage:   44.46749653553056
highest fitness' collisions: 0.11243631723351048
new generation:  3263
Fittest                      43.34287832619165
highest fitness' coverage:   44.467241498526754
highest fitness' collisions: 0.11243631723351039
new generation:  3264
Fittest                      43.34609718020683
highest fitness' coverage:   44.470460352541934
highest fitness' collisions: 0.11243631723351041
new generation:  3265
Fittest                      43.35239199877451
highest fitness' coverage:   44.47675517110961
highest fitness' collisions: 0.11243631723351041
new generation:  3266
Fittest                      43.342408210333424
highest fitness' coverage:   44.45803300181827
highest fitness' collisions: 0.11156247914848492
new generation:  3267
Fittest                      43.35796981737006
highest fitness' coverage:   44.47359460885491
highest fitness' collisions: 0.11156247914848491
new generation:  3268
Fittest                      43.34014381792384
highest fitness' coverage:   44.49513708535904
highest fitness' collisions: 0.11549932674352044
new generation:  3269
Fittest                      43.30567748678759
highest fitness' coverage:   44.46067075422279
highest fitness' collisions: 0.11549932674352045
new generation:  3270
Fittest                      43.33441392579829
highest fitness' coverage:   44.48940719323349
highest fitness' collisions: 0.11549932674352048
new generation:  3271
Fittest                      43.32473201000152
highest fitness' coverage:   44.47972527743672
highest fitness' collisions: 0.11549932674352051
new generation:  3272
Fittest                      43.312159236502495
highest fitness' coverage:   44.4671525039377
highest fitness' collisions: 0.11549932674352048
new generation:  3273
Fittest                      43.31418128894886
highest fitness' coverage:   44.48635016599726
highest fitness' collisions: 0.11721688770483989
new generation:  3274
Fittest                      43.301945595686405
highest fitness' coverage:   44.474114472734804
highest fitness' collisions: 0.1172168877048399
new generation:  3275
Fittest                      43.310834411717295
highest fitness' coverage:   44.483003288765694
highest fitness' collisions: 0.11721688770483998
new generation:  3276
Fittest                      43.32841744211744
highest fitness' coverage:   44.45986551579952
highest fitness' collisions: 0.11314480736820802
new generation:  3277
Fittest                      43.3383319120277
highest fitness' coverage:   44.47580558157052
highest fitness' collisions: 0.11374736695428232
new generation:  3278
Fittest                      43.3494043372891
highest fitness' coverage:   44.485293113639464
highest fitness' collisions: 0.11358887763503621
new generation:  3279
Fittest                      43.349281368191406
highest fitness' coverage:   44.48517014454177
highest fitness' collisions: 0.11358887763503626
new generation:  3280
Fittest                      43.30876287710368
highest fitness' coverage:   44.44156135802153
highest fitness' collisions: 0.11327984809178486
new generation:  3281
Fittest                      43.355306783139106
highest fitness' coverage:   44.488105264056955
highest fitness' collisions: 0.11327984809178485
new generation:  3282
Fittest                      43.33974730084164
highest fitness' coverage:   44.472545781759486
highest fitness' collisions: 0.11327984809178485
new generation:  3283
Fittest                      43.33989418757708
highest fitness' coverage:   44.47269266849493
highest fitness' collisions: 0.11327984809178487
new generation:  3284
Fittest                      43.326920492043364
highest fitness' coverage:   44.45971897296121
highest fitness' collisions: 0.11327984809178492
new generation:  3285
Fittest                      43.33965075773728
highest fitness' coverage:   44.47270933557104
highest fitness' collisions: 0.11330585778337547
new generation:  3286
Fittest                      43.346119619459884
highest fitness' coverage:   44.47917819729364
highest fitness' collisions: 0.11330585778337544
new generation:  3287
Fittest                      43.33341445443129
highest fitness' coverage:   44.46647303226505
highest fitness' collisions: 0.11330585778337549
new generation:  3288
Fittest                      43.32671616845894
highest fitness' coverage:   44.45977474629269
highest fitness' collisions: 0.11330585778337539
new generation:  3289
Fittest                      43.33645684372601
highest fitness' coverage:   44.46951542155977
highest fitness' collisions: 0.1133058577833755
new generation:  3290
Fittest                      43.33948510502064
highest fitness' coverage:   44.4725436828544
highest fitness' collisions: 0.11330585778337547
new generation:  3291
Fittest                      43.32044999924487
highest fitness' coverage:   44.45350857707862
highest fitness' collisions: 0.1133058577833754
new generation:  3292
Fittest                      43.311515672585685
highest fitness' coverage:   44.44457425041944
highest fitness' collisions: 0.11330585778337554
new generation:  3293
Fittest                      43.34242911014
highest fitness' coverage:   44.47308885505474
highest fitness' collisions: 0.11306597449147356
new generation:  3294
Fittest                      43.34837422773947
highest fitness' coverage:   44.47903397265421
highest fitness' collisions: 0.11306597449147346
new generation:  3295
Fittest                      43.34172044884036
highest fitness' coverage:   44.4723801937551
highest fitness' collisions: 0.11306597449147358
new generation:  3296
Fittest                      43.34881462468385
highest fitness' coverage:   44.47906000278452
highest fitness' collisions: 0.11302453781006719
new generation:  3297
Fittest                      43.32986930277361
highest fitness' coverage:   44.460114680874284
highest fitness' collisions: 0.11302453781006729
new generation:  3298
Fittest                      43.33934860669102
highest fitness' coverage:   44.46959398479169
highest fitness' collisions: 0.1130245378100673
new generation:  3299
Fittest                      43.314190308152206
highest fitness' coverage:   44.44443568625288
highest fitness' collisions: 0.11302453781006722
new generation:  3300
Fittest                      43.32617404677009
highest fitness' coverage:   44.44324055915825
highest fitness' collisions: 0.11170665123881529
new generation:  3301
Fittest                      43.347648229680544
highest fitness' coverage:   44.4647147420687
highest fitness' collisions: 0.11170665123881535
new generation:  3302
Fittest                      43.36625033893078
highest fitness' coverage:   44.46803572656098
highest fitness' collisions: 0.1101785387630194
new generation:  3303
Fittest                      43.355921568250366
highest fitness' coverage:   44.45770695588056
highest fitness' collisions: 0.11017853876301945
new generation:  3304
Fittest                      43.376972694014846
highest fitness' coverage:   44.44940540954585
highest fitness' collisions: 0.10724327155309986
new generation:  3305
Fittest                      43.4047153271477
highest fitness' coverage:   44.4771480426787
highest fitness' collisions: 0.10724327155309983
new generation:  3306
Fittest                      43.395286717163415
highest fitness' coverage:   44.467719432694416
highest fitness' collisions: 0.10724327155309983
new generation:  3307
Fittest                      43.380030989120336
highest fitness' coverage:   44.452463704651336
highest fitness' collisions: 0.10724327155309983
new generation:  3308
Fittest                      43.38611720936087
highest fitness' coverage:   44.45854992489187
highest fitness' collisions: 0.10724327155309982
new generation:  3309
Fittest                      43.385532604281664
highest fitness' coverage:   44.457965319812665
highest fitness' collisions: 0.10724327155309979
new generation:  3310
Fittest                      43.37970627023219
highest fitness' coverage:   44.45213898576319
highest fitness' collisions: 0.1072432715530998
new generation:  3311
Fittest                      43.39508862624266
highest fitness' coverage:   44.46752134177366
highest fitness' collisions: 0.10724327155309979
new generation:  3312
Fittest                      43.38890778292707
highest fitness' coverage:   44.46134049845807
highest fitness' collisions: 0.10724327155309987
new generation:  3313
Fittest                      43.385721736657494
highest fitness' coverage:   44.458154452188495
highest fitness' collisions: 0.10724327155309986
new generation:  3314
Fittest                      43.41990814401212
highest fitness' coverage:   44.49234085954312
highest fitness' collisions: 0.10724327155309973
new generation:  3315
Fittest                      43.38180597541729
highest fitness' coverage:   44.44629540860105
highest fitness' collisions: 0.10644894331837558
new generation:  3316
Fittest                      43.382106672047925
highest fitness' coverage:   44.46130276265665
highest fitness' collisions: 0.10791960906087267
new generation:  3317
Fittest                      43.366449342613464
highest fitness' coverage:   44.44564543322219
highest fitness' collisions: 0.10791960906087274
new generation:  3318
Fittest                      43.384574707241406
highest fitness' coverage:   44.49244201335104
highest fitness' collisions: 0.11078673061096352
new generation:  3319
Fittest                      43.35573938443459
highest fitness' coverage:   44.44890003311926
highest fitness' collisions: 0.10931606486846636
new generation:  3320
Fittest                      43.38696684592696
highest fitness' coverage:   44.48012749461163
highest fitness' collisions: 0.10931606486846637
new generation:  3321
Fittest                      43.36238096280692
highest fitness' coverage:   44.45482491779978
highest fitness' collisions: 0.10924439549928651
new generation:  3322
Fittest                      43.36909787689464
highest fitness' coverage:   44.46154183188751
highest fitness' collisions: 0.10924439549928641
new generation:  3323
Fittest                      43.359562286382285
highest fitness' coverage:   44.45200624137515
highest fitness' collisions: 0.10924439549928644
new generation:  3324
Fittest                      43.35669673025191
highest fitness' coverage:   44.44914068524478
highest fitness' collisions: 0.10924439549928638
new generation:  3325
Fittest                      43.38743894792894
highest fitness' coverage:   44.47988290292181
highest fitness' collisions: 0.10924439549928644
new generation:  3326
Fittest                      43.38147046911872
highest fitness' coverage:   44.473914424111584
highest fitness' collisions: 0.10924439549928647
new generation:  3327
Fittest                      43.37817125559404
highest fitness' coverage:   44.47061521058691
highest fitness' collisions: 0.10924439549928637
new generation:  3328
Fittest                      43.35312841294936
highest fitness' coverage:   44.445572367942226
highest fitness' collisions: 0.10924439549928643
new generation:  3329
Fittest                      43.38451884395447
highest fitness' coverage:   44.47696279894733
highest fitness' collisions: 0.10924439549928644
new generation:  3330
Fittest                      43.38504080848771
highest fitness' coverage:   44.477484763480575
highest fitness' collisions: 0.10924439549928648
new generation:  3331
Fittest                      43.36948459842054
highest fitness' coverage:   44.46192855341341
highest fitness' collisions: 0.10924439549928645
new generation:  3332
Fittest                      43.377601579724846
highest fitness' coverage:   44.464019938856964
highest fitness' collisions: 0.10864183591321211
new generation:  3333
Fittest                      43.368369731570304
highest fitness' coverage:   44.45478809070242
highest fitness' collisions: 0.10864183591321211
new generation:  3334
Fittest                      43.372332398072096
highest fitness' coverage:   44.458750757204214
highest fitness' collisions: 0.10864183591321204
new generation:  3335
Fittest                      43.381453582796425
highest fitness' coverage:   44.46787194192854
highest fitness' collisions: 0.10864183591321204
new generation:  3336
Fittest                      43.36929033717148
highest fitness' coverage:   44.464124931852204
highest fitness' collisions: 0.10948345946807238
new generation:  3337
Fittest                      43.35687034262873
highest fitness' coverage:   44.45170493730946
highest fitness' collisions: 0.10948345946807235
new generation:  3338
Fittest                      43.40967595083817
highest fitness' coverage:   44.48631353693279
highest fitness' collisions: 0.1076637586094623
new generation:  3339
Fittest                      43.36309738309015
highest fitness' coverage:   44.43973496918478
highest fitness' collisions: 0.10766375860946235
new generation:  3340
Fittest                      43.41881777065815
highest fitness' coverage:   44.49545535675277
highest fitness' collisions: 0.10766375860946234
new generation:  3341
Fittest                      43.41886243056328
highest fitness' coverage:   44.49550001665791
highest fitness' collisions: 0.10766375860946242
new generation:  3342
Fittest                      43.387846425510006
highest fitness' coverage:   44.46448401160463
highest fitness' collisions: 0.10766375860946237
new generation:  3343
Fittest                      43.40630620903666
highest fitness' coverage:   44.482943795131284
highest fitness' collisions: 0.10766375860946242
new generation:  3344
Fittest                      43.394076461678424
highest fitness' coverage:   44.47071404777305
highest fitness' collisions: 0.10766375860946233
new generation:  3345
Fittest                      43.403193875411745
highest fitness' coverage:   44.47983146150637
highest fitness' collisions: 0.10766375860946242
new generation:  3346
Fittest                      43.387079206305756
highest fitness' coverage:   44.467264926292714
highest fitness' collisions: 0.10801857199869593
new generation:  3347
Fittest                      43.38367491470205
highest fitness' coverage:   44.463860634689006
highest fitness' collisions: 0.10801857199869598
new generation:  3348
Fittest                      43.3595366643614
highest fitness' coverage:   44.43972238434836
highest fitness' collisions: 0.10801857199869597
new generation:  3349
Fittest                      43.409157374304996
highest fitness' coverage:   44.489343094291954
highest fitness' collisions: 0.10801857199869601
new generation:  3350
Fittest                      43.377914555416716
highest fitness' coverage:   44.45810027540367
highest fitness' collisions: 0.10801857199869593
new generation:  3351
Fittest                      43.35339851365173
highest fitness' coverage:   44.43358423363869
highest fitness' collisions: 0.10801857199869598
new generation:  3352
Fittest                      43.38130165557007
highest fitness' coverage:   44.46148737555703
highest fitness' collisions: 0.10801857199869587
new generation:  3353
Fittest                      43.378314404104366
highest fitness' coverage:   44.45850012409132
highest fitness' collisions: 0.10801857199869594
new generation:  3354
Fittest                      43.38413340384503
highest fitness' coverage:   44.464319123831984
highest fitness' collisions: 0.10801857199869594
new generation:  3355
Fittest                      43.39376904468407
highest fitness' coverage:   44.47395476467103
highest fitness' collisions: 0.10801857199869594
new generation:  3356
Fittest                      43.39026687594489
highest fitness' coverage:   44.470452595931846
highest fitness' collisions: 0.10801857199869598
new generation:  3357
Fittest                      43.384395274640674
highest fitness' coverage:   44.46458099462763
highest fitness' collisions: 0.10801857199869595
new generation:  3358
Fittest                      43.381402737406226
highest fitness' coverage:   44.461588457393184
highest fitness' collisions: 0.1080185719986959
new generation:  3359
Fittest                      43.38393755468593
highest fitness' coverage:   44.464123274672886
highest fitness' collisions: 0.1080185719986959
new generation:  3360
Fittest                      43.37164928847479
highest fitness' coverage:   44.45211043133209
highest fitness' collisions: 0.10804611428572941
new generation:  3361
Fittest                      43.39035870702445
highest fitness' coverage:   44.47081984988174
highest fitness' collisions: 0.10804611428572936
new generation:  3362
Fittest                      43.402920979418376
highest fitness' coverage:   44.48338212227567
highest fitness' collisions: 0.10804611428572934
new generation:  3363
Fittest                      43.38090645705215
highest fitness' coverage:   44.461367599909444
highest fitness' collisions: 0.10804611428572937
new generation:  3364
Fittest                      43.41497295391374
highest fitness' coverage:   44.495434096771035
highest fitness' collisions: 0.10804611428572936
new generation:  3365
Fittest                      43.40357146456677
highest fitness' coverage:   44.45513283567998
highest fitness' collisions: 0.10515613711132138
new generation:  3366
Fittest                      43.39453243315378
highest fitness' coverage:   44.446093804266994
highest fitness' collisions: 0.1051561371113214
new generation:  3367
Fittest                      43.44418857349532
highest fitness' coverage:   44.495749944608534
highest fitness' collisions: 0.10515613711132137
new generation:  3368
Fittest                      43.44081460362127
highest fitness' coverage:   44.492375974734486
highest fitness' collisions: 0.10515613711132137
new generation:  3369
Fittest                      43.41600602207952
highest fitness' coverage:   44.46756739319274
highest fitness' collisions: 0.10515613711132131
new generation:  3370
Fittest                      43.44442111149951
highest fitness' coverage:   44.495982482612725
highest fitness' collisions: 0.10515613711132137
new generation:  3371
Fittest                      43.40072737528011
highest fitness' coverage:   44.45228874639333
highest fitness' collisions: 0.10515613711132132
new generation:  3372
Fittest                      43.40076625715464
highest fitness' coverage:   44.45232762826786
highest fitness' collisions: 0.10515613711132146
new generation:  3373
Fittest                      43.40319827469335
highest fitness' coverage:   44.45475964580657
highest fitness' collisions: 0.10515613711132138
new generation:  3374
Fittest                      43.41941339744435
highest fitness' coverage:   44.47097476855757
highest fitness' collisions: 0.10515613711132135
new generation:  3375
Fittest                      43.385104408292804
highest fitness' coverage:   44.43666577940602
highest fitness' collisions: 0.10515613711132135
new generation:  3376
Fittest                      43.403563210739414
highest fitness' coverage:   44.45512458185263
highest fitness' collisions: 0.10515613711132138
new generation:  3377
Fittest                      43.3823901689137
highest fitness' coverage:   44.43682209014982
highest fitness' collisions: 0.10544319212361192
new generation:  3378
Fittest                      43.37600894604261
highest fitness' coverage:   44.43044086727873
highest fitness' collisions: 0.10544319212361197
new generation:  3379
Fittest                      43.39452401139585
highest fitness' coverage:   44.448955932631975
highest fitness' collisions: 0.10544319212361199
new generation:  3380
Fittest                      43.422561373526584
highest fitness' coverage:   44.4769932947627
highest fitness' collisions: 0.1054431921236119
new generation:  3381
Fittest                      43.403950804354466
highest fitness' coverage:   44.45838272559058
highest fitness' collisions: 0.10544319212361195
new generation:  3382
Fittest                      43.422686884696034
highest fitness' coverage:   44.47711880593215
highest fitness' collisions: 0.10544319212361189
new generation:  3383
Fittest                      43.42539367945949
highest fitness' coverage:   44.479825600695605
highest fitness' collisions: 0.10544319212361192
new generation:  3384
Fittest                      43.412970395712485
highest fitness' coverage:   44.4674023169486
highest fitness' collisions: 0.10544319212361192
new generation:  3385
Fittest                      43.4071451396401
highest fitness' coverage:   44.461577060876216
highest fitness' collisions: 0.10544319212361183
new generation:  3386
Fittest                      43.404053255933846
highest fitness' coverage:   44.45848517716997
highest fitness' collisions: 0.10544319212361199
new generation:  3387
Fittest                      43.376065255657146
highest fitness' coverage:   44.43066700125851
highest fitness' collisions: 0.1054601745601366
new generation:  3388
Fittest                      43.40686776671325
highest fitness' coverage:   44.461469512314615
highest fitness' collisions: 0.10546017456013651
new generation:  3389
Fittest                      43.41602142136518
highest fitness' coverage:   44.47062316696655
highest fitness' collisions: 0.10546017456013665
new generation:  3390
Fittest                      43.425464270592116
highest fitness' coverage:   44.48006601619348
highest fitness' collisions: 0.10546017456013648
new generation:  3391
Fittest                      43.412814184797384
highest fitness' coverage:   44.46741593039875
highest fitness' collisions: 0.10546017456013651
new generation:  3392
Fittest                      43.40019687703736
highest fitness' coverage:   44.45479862263873
highest fitness' collisions: 0.10546017456013661
new generation:  3393
Fittest                      43.41604277942752
highest fitness' coverage:   44.47064452502889
highest fitness' collisions: 0.10546017456013654
new generation:  3394
Fittest                      43.39188130006014
highest fitness' coverage:   44.45522142651176
highest fitness' collisions: 0.10633401264516204
new generation:  3395
Fittest                      43.404013241873976
highest fitness' coverage:   44.4673533683256
highest fitness' collisions: 0.1063340126451621
new generation:  3396
Fittest                      43.382250635559465
highest fitness' coverage:   44.445590762011086
highest fitness' collisions: 0.10633401264516203
new generation:  3397
Fittest                      43.42897058359091
highest fitness' coverage:   44.49231071004253
highest fitness' collisions: 0.106334012645162
new generation:  3398
Fittest                      43.37936893358049
highest fitness' coverage:   44.44270906003211
highest fitness' collisions: 0.10633401264516204
new generation:  3399
Fittest                      43.401115026806174
highest fitness' coverage:   44.464455153257795
highest fitness' collisions: 0.10633401264516205
new generation:  3400
Fittest                      43.40428777400259
highest fitness' coverage:   44.46762790045421
highest fitness' collisions: 0.10633401264516198
new generation:  3401
Fittest                      43.41976010506058
highest fitness' coverage:   44.4831002315122
highest fitness' collisions: 0.10633401264516203
new generation:  3402
Fittest                      43.40078126851561
highest fitness' coverage:   44.46412139496723
highest fitness' collisions: 0.10633401264516201
new generation:  3403
Fittest                      43.40090756711156
highest fitness' coverage:   44.46424769356318
highest fitness' collisions: 0.10633401264516201
new generation:  3404
Fittest                      43.40350829496723
highest fitness' coverage:   44.51302200599698
highest fitness' collisions: 0.11095137110297484
new generation:  3405
Fittest                      43.38850670414071
highest fitness' coverage:   44.49802041517046
highest fitness' collisions: 0.1109513711029748
new generation:  3406
Fittest                      43.38804329012678
highest fitness' coverage:   44.49755700115653
highest fitness' collisions: 0.11095137110297483
new generation:  3407
Fittest                      43.40100219828824
highest fitness' coverage:   44.51051590931799
highest fitness' collisions: 0.11095137110297483
new generation:  3408
Fittest                      43.38819507044327
highest fitness' coverage:   44.497708781473015
highest fitness' collisions: 0.11095137110297483
new generation:  3409
Fittest                      43.3916584595411
highest fitness' coverage:   44.50117217057085
highest fitness' collisions: 0.11095137110297476
new generation:  3410
Fittest                      43.3849883669909
highest fitness' coverage:   44.49450207802065
highest fitness' collisions: 0.11095137110297473
new generation:  3411
Fittest                      43.3787693572677
highest fitness' coverage:   44.48828306829745
highest fitness' collisions: 0.11095137110297477
new generation:  3412
Fittest                      43.401318737600135
highest fitness' coverage:   44.510832448629884
highest fitness' collisions: 0.1109513711029748
new generation:  3413
Fittest                      43.39787565066816
highest fitness' coverage:   44.50738936169791
highest fitness' collisions: 0.11095137110297476
new generation:  3414
Fittest                      43.381619180402524
highest fitness' coverage:   44.4923695050274
highest fitness' collisions: 0.11107503246248705
new generation:  3415
Fittest                      43.38789800411356
highest fitness' coverage:   44.49864832873843
highest fitness' collisions: 0.11107503246248708
new generation:  3416
Fittest                      43.36968712479456
highest fitness' coverage:   44.480437449419426
highest fitness' collisions: 0.11107503246248702
new generation:  3417
Fittest                      43.40340544138134
highest fitness' coverage:   44.514155766006205
highest fitness' collisions: 0.11107503246248698
new generation:  3418
Fittest                      43.38478678578534
highest fitness' coverage:   44.49553711041021
highest fitness' collisions: 0.11107503246248704
new generation:  3419
Fittest                      43.38718764471604
highest fitness' coverage:   44.517244886682526
highest fitness' collisions: 0.1130057241966481
new generation:  3420
Fittest                      43.37440141821811
highest fitness' coverage:   44.504458660184596
highest fitness' collisions: 0.11300572419664806
new generation:  3421
Fittest                      43.36849043682414
highest fitness' coverage:   44.49854767879062
highest fitness' collisions: 0.11300572419664812
new generation:  3422
Fittest                      43.375316809262316
highest fitness' coverage:   44.5053740512288
highest fitness' collisions: 0.11300572419664816
new generation:  3423
Fittest                      43.381119952440265
highest fitness' coverage:   44.51117719440675
highest fitness' collisions: 0.11300572419664816
new generation:  3424
Fittest                      43.36850787811603
highest fitness' coverage:   44.49856512008251
highest fitness' collisions: 0.11300572419664812
new generation:  3425
Fittest                      43.37477647924808
highest fitness' coverage:   44.50483372121456
highest fitness' collisions: 0.11300572419664813
new generation:  3426
Fittest                      43.37112647777336
highest fitness' coverage:   44.50118371973984
highest fitness' collisions: 0.11300572419664813
new generation:  3427
Fittest                      43.40301216342597
highest fitness' coverage:   44.53306940539245
highest fitness' collisions: 0.11300572419664817
new generation:  3428
Fittest                      43.36540886871262
highest fitness' coverage:   44.495466110679104
highest fitness' collisions: 0.11300572419664817
new generation:  3429
Fittest                      43.393247100076
highest fitness' coverage:   44.523304342042486
highest fitness' collisions: 0.1130057241966481
new generation:  3430
Fittest                      43.37915851848192
highest fitness' coverage:   44.48686273712835
highest fitness' collisions: 0.11077042186464282
new generation:  3431
Fittest                      43.381719959425006
highest fitness' coverage:   44.48942417807143
highest fitness' collisions: 0.11077042186464282
new generation:  3432
Fittest                      43.40960923185334
highest fitness' coverage:   44.51731345049976
highest fitness' collisions: 0.11077042186464273
new generation:  3433
Fittest                      43.391093658712
highest fitness' coverage:   44.49879787735843
highest fitness' collisions: 0.11077042186464275
new generation:  3434
Fittest                      43.396763714430215
highest fitness' coverage:   44.50446793307664
highest fitness' collisions: 0.11077042186464281
new generation:  3435
Fittest                      43.391001666812954
highest fitness' coverage:   44.49870588545938
highest fitness' collisions: 0.1107704218646427
new generation:  3436
Fittest                      43.397196809862784
highest fitness' coverage:   44.50490102850921
highest fitness' collisions: 0.11077042186464277
new generation:  3437
Fittest                      43.42844576057105
highest fitness' coverage:   44.53614997921748
highest fitness' collisions: 0.11077042186464278
new generation:  3438
Fittest                      43.381329652634314
highest fitness' coverage:   44.48903387128074
highest fitness' collisions: 0.11077042186464281
new generation:  3439
Fittest                      43.3784818556656
highest fitness' coverage:   44.48618607431202
highest fitness' collisions: 0.11077042186464271
new generation:  3440
Fittest                      43.39097725366937
highest fitness' coverage:   44.498681472315795
highest fitness' collisions: 0.11077042186464284
new generation:  3441
Fittest                      43.38469591157714
highest fitness' coverage:   44.492400130223565
highest fitness' collisions: 0.11077042186464282
new generation:  3442
Fittest                      43.385054513458726
highest fitness' coverage:   44.49275873210515
highest fitness' collisions: 0.1107704218646428
new generation:  3443
Fittest                      43.39098266112815
highest fitness' coverage:   44.498686879774574
highest fitness' collisions: 0.11077042186464278
new generation:  3444
Fittest                      43.39995481590325
highest fitness' coverage:   44.507659034549675
highest fitness' collisions: 0.11077042186464277
new generation:  3445
Fittest                      43.37408373938264
highest fitness' coverage:   44.48903231762982
highest fitness' collisions: 0.11149485782471777
new generation:  3446
Fittest                      43.40229100119237
highest fitness' coverage:   44.51723957943955
highest fitness' collisions: 0.11149485782471777
new generation:  3447
Fittest                      43.38328564496007
highest fitness' coverage:   44.49823422320725
highest fitness' collisions: 0.1114948578247178
new generation:  3448
Fittest                      43.387065337869586
highest fitness' coverage:   44.502013916116766
highest fitness' collisions: 0.11149485782471777
new generation:  3449
Fittest                      43.383658512811266
highest fitness' coverage:   44.498607091058446
highest fitness' collisions: 0.11149485782471776
new generation:  3450
Fittest                      43.392006890261946
highest fitness' coverage:   44.51430087968903
highest fitness' collisions: 0.11222939894270839
new generation:  3451
Fittest                      43.38871334755588
highest fitness' coverage:   44.51100733698296
highest fitness' collisions: 0.11222939894270842
new generation:  3452
Fittest                      43.39192337134099
highest fitness' coverage:   44.51421736076807
highest fitness' collisions: 0.11222939894270839
new generation:  3453
Fittest                      43.37632418816829
highest fitness' coverage:   44.49534219736751
highest fitness' collisions: 0.11190180091992223
new generation:  3454
Fittest                      43.39546740609268
highest fitness' coverage:   44.5144854152919
highest fitness' collisions: 0.11190180091992225
new generation:  3455
Fittest                      43.38839801409912
highest fitness' coverage:   44.50741602329834
highest fitness' collisions: 0.11190180091992225
new generation:  3456
Fittest                      43.388966727765364
highest fitness' coverage:   44.50798473696459
highest fitness' collisions: 0.11190180091992216
new generation:  3457
Fittest                      43.376267707842025
highest fitness' coverage:   44.49528571704125
highest fitness' collisions: 0.11190180091992223
new generation:  3458
Fittest                      43.3778740414627
highest fitness' coverage:   44.50172413223375
highest fitness' collisions: 0.11238500907710469
new generation:  3459
Fittest                      43.40289029715266
highest fitness' coverage:   44.5267403879237
highest fitness' collisions: 0.11238500907710462
new generation:  3460
Fittest                      43.39315773101654
highest fitness' coverage:   44.52986097692946
highest fitness' collisions: 0.1136703245912925
new generation:  3461
Fittest                      43.33998474153291
highest fitness' coverage:   44.476687987445835
highest fitness' collisions: 0.11367032459129242
new generation:  3462
Fittest                      43.3496168589556
highest fitness' coverage:   44.486320104868526
highest fitness' collisions: 0.1136703245912924
new generation:  3463
Fittest                      43.37483471808713
highest fitness' coverage:   44.511537964000055
highest fitness' collisions: 0.11367032459129245
new generation:  3464
Fittest                      43.36262931758411
highest fitness' coverage:   44.504582805618334
highest fitness' collisions: 0.11419534880342248
new generation:  3465
Fittest                      43.35636163558935
highest fitness' coverage:   44.49831512362358
highest fitness' collisions: 0.11419534880342244
new generation:  3466
Fittest                      43.38853302616973
highest fitness' coverage:   44.51117959686235
highest fitness' collisions: 0.11226465706926139
new generation:  3467
Fittest                      43.38469701701426
highest fitness' coverage:   44.501717177900325
highest fitness' collisions: 0.11170201608860646
new generation:  3468
Fittest                      43.385769292744634
highest fitness' coverage:   44.498517908701956
highest fitness' collisions: 0.11127486159573195
new generation:  3469
Fittest                      43.38674811155089
highest fitness' coverage:   44.4950298915867
highest fitness' collisions: 0.11082817800358101
new generation:  3470
Fittest                      43.362225793340166
highest fitness' coverage:   44.470507573375976
highest fitness' collisions: 0.11082817800358098
new generation:  3471
Fittest                      43.38368290238144
highest fitness' coverage:   44.49196468241725
highest fitness' collisions: 0.11082817800358104
new generation:  3472
Fittest                      43.40601120227121
highest fitness' coverage:   44.51429298230702
highest fitness' collisions: 0.11082817800358097
new generation:  3473
Fittest                      43.377673493943085
highest fitness' coverage:   44.485955273978895
highest fitness' collisions: 0.11082817800358102
new generation:  3474
Fittest                      43.38999552172002
highest fitness' coverage:   44.49827730175583
highest fitness' collisions: 0.11082817800358097
new generation:  3475
Fittest                      43.40271146919586
highest fitness' coverage:   44.51099324923167
highest fitness' collisions: 0.11082817800358093
new generation:  3476
Fittest                      43.374833949010174
highest fitness' coverage:   44.483115729045984
highest fitness' collisions: 0.11082817800358094
new generation:  3477
Fittest                      43.396602823687786
highest fitness' coverage:   44.504884603723596
highest fitness' collisions: 0.11082817800358095
new generation:  3478
Fittest                      43.40262586397843
highest fitness' coverage:   44.51090764401424
highest fitness' collisions: 0.110828178003581
new generation:  3479
Fittest                      43.381163377933376
highest fitness' coverage:   44.489445157969186
highest fitness' collisions: 0.11082817800358105
new generation:  3480
Fittest                      43.42159935202588
highest fitness' coverage:   44.52988113206169
highest fitness' collisions: 0.110828178003581
new generation:  3481
Fittest                      43.4119353376124
highest fitness' coverage:   44.52021711764821
highest fitness' collisions: 0.11082817800358104
new generation:  3482
Fittest                      43.40299437715077
highest fitness' coverage:   44.51127615718658
highest fitness' collisions: 0.11082817800358097
new generation:  3483
Fittest                      43.39657326834339
highest fitness' coverage:   44.5048550483792
highest fitness' collisions: 0.11082817800358101
new generation:  3484
Fittest                      43.386930363368705
highest fitness' coverage:   44.495212143404515
highest fitness' collisions: 0.11082817800358101
new generation:  3485
Fittest                      43.399623232922984
highest fitness' coverage:   44.507905012958794
highest fitness' collisions: 0.11082817800358102
new generation:  3486
Fittest                      43.39605597847329
highest fitness' coverage:   44.5043377585091
highest fitness' collisions: 0.11082817800358097
new generation:  3487
Fittest                      43.41193564096368
highest fitness' coverage:   44.52021742099949
highest fitness' collisions: 0.11082817800358095
new generation:  3488
Fittest                      43.41213684378689
highest fitness' coverage:   44.5204186238227
highest fitness' collisions: 0.11082817800358094
new generation:  3489
Fittest                      43.41533352201426
highest fitness' coverage:   44.52361530205007
highest fitness' collisions: 0.11082817800358102
new generation:  3490
Fittest                      43.41176071907814
highest fitness' coverage:   44.52004249911395
highest fitness' collisions: 0.11082817800358098
new generation:  3491
Fittest                      43.40291294793877
highest fitness' coverage:   44.5170514966532
highest fitness' collisions: 0.11141385487144276
new generation:  3492
Fittest                      43.431020218961436
highest fitness' coverage:   44.545158767675865
highest fitness' collisions: 0.11141385487144272
new generation:  3493
Fittest                      43.378021735219626
highest fitness' coverage:   44.492160283934055
highest fitness' collisions: 0.1114138548714427
new generation:  3494
Fittest                      43.39668958005156
highest fitness' coverage:   44.510828128765986
highest fitness' collisions: 0.11141385487144272
new generation:  3495
Fittest                      43.40290260625827
highest fitness' coverage:   44.5170411549727
highest fitness' collisions: 0.11141385487144273
new generation:  3496
Fittest                      43.39065495103202
highest fitness' coverage:   44.50479349974645
highest fitness' collisions: 0.11141385487144276
new generation:  3497
Fittest                      43.40910730965128
highest fitness' coverage:   44.52324585836571
highest fitness' collisions: 0.11141385487144272
new generation:  3498
Fittest                      43.381888582107344
highest fitness' coverage:   44.4957549771573
highest fitness' collisions: 0.11138663950499533
new generation:  3499
Fittest                      43.38399912148994
highest fitness' coverage:   44.49892825761518
highest fitness' collisions: 0.11149291361252363
new generation:  3500
Fittest                      43.38995845420296
highest fitness' coverage:   44.504887590328195
highest fitness' collisions: 0.1114929136125236
new generation:  3501
Fittest                      43.371200897318836
highest fitness' coverage:   44.48613003344407
highest fitness' collisions: 0.11149291361252366
new generation:  3502
Fittest                      43.395633047278984
highest fitness' coverage:   44.51056218340422
highest fitness' collisions: 0.11149291361252363
new generation:  3503
Fittest                      43.38659329054517
highest fitness' coverage:   44.501522426670405
highest fitness' collisions: 0.1114929136125237
new generation:  3504
Fittest                      43.38399232258506
highest fitness' coverage:   44.49892145871029
highest fitness' collisions: 0.11149291361252364
new generation:  3505
Fittest                      43.35278276960179
highest fitness' coverage:   44.46771190572702
highest fitness' collisions: 0.11149291361252366
new generation:  3506
Fittest                      43.365225399744936
highest fitness' coverage:   44.48015453587017
highest fitness' collisions: 0.11149291361252361
new generation:  3507
Fittest                      43.40288709006618
highest fitness' coverage:   44.517816226191414
highest fitness' collisions: 0.11149291361252359
new generation:  3508
Fittest                      43.3928290458307
highest fitness' coverage:   44.507758181955936
highest fitness' collisions: 0.11149291361252359
new generation:  3509
Fittest                      43.37089181273165
highest fitness' coverage:   44.48565112449164
highest fitness' collisions: 0.11147593117599901
new generation:  3510
Fittest                      43.38046594730643
highest fitness' coverage:   44.49522525906642
highest fitness' collisions: 0.11147593117599895
new generation:  3511
Fittest                      43.39867888422483
highest fitness' coverage:   44.51343819598482
highest fitness' collisions: 0.11147593117599897
new generation:  3512
Fittest                      43.39569363293914
highest fitness' coverage:   44.51045294469913
highest fitness' collisions: 0.11147593117599898
new generation:  3513
Fittest                      43.36751710174227
highest fitness' coverage:   44.48227641350226
highest fitness' collisions: 0.11147593117599895
new generation:  3514
Fittest                      43.39848207569276
highest fitness' coverage:   44.51324138745275
highest fitness' collisions: 0.111475931175999
new generation:  3515
Fittest                      43.36128862774532
highest fitness' coverage:   44.47604793950531
highest fitness' collisions: 0.11147593117599906
new generation:  3516
Fittest                      43.3863449630378
highest fitness' coverage:   44.50110427479779
highest fitness' collisions: 0.11147593117599898
new generation:  3517
Fittest                      43.3923106055363
highest fitness' coverage:   44.50706991729629
highest fitness' collisions: 0.11147593117599895
new generation:  3518
Fittest                      43.411001227716035
highest fitness' coverage:   44.525760539476025
highest fitness' collisions: 0.11147593117599901
new generation:  3519
Fittest                      43.37059959318176
highest fitness' coverage:   44.48535890494175
highest fitness' collisions: 0.11147593117599901
new generation:  3520
Fittest                      43.37047280324426
highest fitness' coverage:   44.48523211500425
highest fitness' collisions: 0.11147593117599898
new generation:  3521
Fittest                      43.38001852738888
highest fitness' coverage:   44.49477783914887
highest fitness' collisions: 0.111475931175999
new generation:  3522
Fittest                      43.370457448616115
highest fitness' coverage:   44.485216760376105
highest fitness' collisions: 0.11147593117599902
new generation:  3523
Fittest                      43.36691574964727
highest fitness' coverage:   44.48167506140726
highest fitness' collisions: 0.11147593117599901
new generation:  3524
Fittest                      43.37066950632218
highest fitness' coverage:   44.48542881808217
highest fitness' collisions: 0.11147593117599902
new generation:  3525
Fittest                      43.371053008585086
highest fitness' coverage:   44.485812320345076
highest fitness' collisions: 0.11147593117599898
new generation:  3526
Fittest                      43.37367646654869
highest fitness' coverage:   44.48843577830868
highest fitness' collisions: 0.11147593117599898
new generation:  3527
Fittest                      43.36161677026918
highest fitness' coverage:   44.47637608202917
highest fitness' collisions: 0.11147593117599898
new generation:  3528
Fittest                      43.37080433110501
highest fitness' coverage:   44.485563642865
highest fitness' collisions: 0.11147593117599894
new generation:  3529
Fittest                      43.36163459433563
highest fitness' coverage:   44.476393906095616
highest fitness' collisions: 0.11147593117599904
new generation:  3530
Fittest                      43.37691261849991
highest fitness' coverage:   44.4916719302599
highest fitness' collisions: 0.11147593117599898
new generation:  3531
Fittest                      43.37349246183976
highest fitness' coverage:   44.48825177359975
highest fitness' collisions: 0.11147593117599898
new generation:  3532
Fittest                      43.38932644674284
highest fitness' coverage:   44.50408575850283
highest fitness' collisions: 0.111475931175999
new generation:  3533
Fittest                      43.38340284800538
highest fitness' coverage:   44.49816215976537
highest fitness' collisions: 0.11147593117599894
new generation:  3534
Fittest                      43.36474558626327
highest fitness' coverage:   44.47950489802326
highest fitness' collisions: 0.111475931175999
new generation:  3535
Fittest                      43.36463766574036
highest fitness' coverage:   44.47939697750035
highest fitness' collisions: 0.11147593117599894
new generation:  3536
Fittest                      43.38322209888381
highest fitness' coverage:   44.4979814106438
highest fitness' collisions: 0.111475931175999
new generation:  3537
Fittest                      43.367738398551275
highest fitness' coverage:   44.482497710311264
highest fitness' collisions: 0.11147593117599897
new generation:  3538
Fittest                      43.36723934221784
highest fitness' coverage:   44.48199865397783
highest fitness' collisions: 0.11147593117599902
new generation:  3539
Fittest                      43.40192865690296
highest fitness' coverage:   44.51668796866295
highest fitness' collisions: 0.11147593117599908
new generation:  3540
Fittest                      43.38661010728162
highest fitness' coverage:   44.50136941904161
highest fitness' collisions: 0.11147593117599898
new generation:  3541
Fittest                      43.36804557313134
highest fitness' coverage:   44.48280488489133
highest fitness' collisions: 0.111475931175999
new generation:  3542
Fittest                      43.363511741250655
highest fitness' coverage:   44.48873012749029
highest fitness' collisions: 0.11252183862396398
new generation:  3543
Fittest                      43.36348035105618
highest fitness' coverage:   44.48869873729582
highest fitness' collisions: 0.11252183862396396
new generation:  3544
Fittest                      43.38267350662726
highest fitness' coverage:   44.51049898828569
highest fitness' collisions: 0.11278254816584249
new generation:  3545
Fittest                      43.347835483858574
highest fitness' coverage:   44.475660965517
highest fitness' collisions: 0.11278254816584246
new generation:  3546
Fittest                      43.36067242191941
highest fitness' coverage:   44.48849790357784
highest fitness' collisions: 0.11278254816584254
new generation:  3547
Fittest                      43.36718868177973
highest fitness' coverage:   44.484874410323116
highest fitness' collisions: 0.11176857285433867
new generation:  3548
Fittest                      43.39549547402144
highest fitness' coverage:   44.51318120256482
highest fitness' collisions: 0.11176857285433864
new generation:  3549
Fittest                      43.370820852172756
highest fitness' coverage:   44.48850658071614
highest fitness' collisions: 0.11176857285433864
new generation:  3550
Fittest                      43.36735903679878
highest fitness' coverage:   44.48504476534217
highest fitness' collisions: 0.11176857285433862
new generation:  3551
Fittest                      43.37712531460778
highest fitness' coverage:   44.49481104315117
highest fitness' collisions: 0.11176857285433853
new generation:  3552
Fittest                      43.377265023939906
highest fitness' coverage:   44.49495075248329
highest fitness' collisions: 0.11176857285433854
new generation:  3553
Fittest                      43.35845919714238
highest fitness' coverage:   44.476144925685766
highest fitness' collisions: 0.11176857285433857
new generation:  3554
Fittest                      43.37379445814173
highest fitness' coverage:   44.491480186685116
highest fitness' collisions: 0.11176857285433865
new generation:  3555
Fittest                      43.39817366233192
highest fitness' coverage:   44.51673035446526
highest fitness' collisions: 0.11185566921333417
new generation:  3556
Fittest                      43.38262490411723
highest fitness' coverage:   44.50118159625057
highest fitness' collisions: 0.11185566921333413
new generation:  3557
Fittest                      43.36715134531707
highest fitness' coverage:   44.48570803745041
highest fitness' collisions: 0.11185566921333419
new generation:  3558
Fittest                      43.370136421186906
highest fitness' coverage:   44.488693113320245
highest fitness' collisions: 0.11185566921333413
new generation:  3559
Fittest                      43.37292381090555
highest fitness' coverage:   44.491480503038886
highest fitness' collisions: 0.11185566921333424
new generation:  3560
Fittest                      43.37313358361283
highest fitness' coverage:   44.491690275746166
highest fitness' collisions: 0.11185566921333423
new generation:  3561
Fittest                      43.36518030062362
highest fitness' coverage:   44.513337840624864
highest fitness' collisions: 0.11481575400012459
new generation:  3562
Fittest                      43.33689033844397
highest fitness' coverage:   44.485047878445215
highest fitness' collisions: 0.11481575400012461
new generation:  3563
Fittest                      43.34345354668192
highest fitness' coverage:   44.49161108668317
highest fitness' collisions: 0.1148157540001247
new generation:  3564
Fittest                      43.33468594483886
highest fitness' coverage:   44.4828434848401
highest fitness' collisions: 0.1148157540001246
new generation:  3565
Fittest                      43.34331116161741
highest fitness' coverage:   44.49146870161865
highest fitness' collisions: 0.11481575400012461
new generation:  3566
Fittest                      43.362031601993536
highest fitness' coverage:   44.51018914199478
highest fitness' collisions: 0.11481575400012461
new generation:  3567
Fittest                      43.33448468898215
highest fitness' coverage:   44.482642228983394
highest fitness' collisions: 0.11481575400012461
new generation:  3568
Fittest                      43.35359103681055
highest fitness' coverage:   44.50087761322184
highest fitness' collisions: 0.11472865764112909
new generation:  3569
Fittest                      43.331707399705806
highest fitness' coverage:   44.478993976117096
highest fitness' collisions: 0.11472865764112905
new generation:  3570
Fittest                      43.35076817492508
highest fitness' coverage:   44.49805475133637
highest fitness' collisions: 0.11472865764112902
new generation:  3571
Fittest                      43.35992197786816
highest fitness' coverage:   44.50720855427945
highest fitness' collisions: 0.11472865764112904
new generation:  3572
Fittest                      43.35087605259462
highest fitness' coverage:   44.49801593055794
highest fitness' collisions: 0.11471398779633162
new generation:  3573
Fittest                      43.341344880315646
highest fitness' coverage:   44.48848475827896
highest fitness' collisions: 0.11471398779633156
new generation:  3574
Fittest                      43.33506975466098
highest fitness' coverage:   44.4822096326243
highest fitness' collisions: 0.11471398779633167
new generation:  3575
Fittest                      43.34531070747124
highest fitness' coverage:   44.494587780676575
highest fitness' collisions: 0.11492770732053315
new generation:  3576
Fittest                      43.37044274314322
highest fitness' coverage:   44.519719816348555
highest fitness' collisions: 0.11492770732053322
new generation:  3577
Fittest                      43.34583507531673
highest fitness' coverage:   44.49511214852206
highest fitness' collisions: 0.11492770732053317
new generation:  3578
Fittest                      43.37024039373428
highest fitness' coverage:   44.51951746693961
highest fitness' collisions: 0.1149277073205332
new generation:  3579
Fittest                      43.3333414202497
highest fitness' coverage:   44.482618493455035
highest fitness' collisions: 0.1149277073205332
new generation:  3580
Fittest                      43.33966472344692
highest fitness' coverage:   44.488941796652256
highest fitness' collisions: 0.11492770732053326
new generation:  3581
Fittest                      43.3678976133654
highest fitness' coverage:   44.51717468657073
highest fitness' collisions: 0.11492770732053316
new generation:  3582
Fittest                      43.34283689426198
highest fitness' coverage:   44.49211396746731
highest fitness' collisions: 0.11492770732053316
new generation:  3583
Fittest                      43.33659664173546
highest fitness' coverage:   44.485873714940794
highest fitness' collisions: 0.11492770732053323
new generation:  3584
Fittest                      43.37361776239054
highest fitness' coverage:   44.52289483559587
highest fitness' collisions: 0.11492770732053326
new generation:  3585
Fittest                      43.36120766672625
highest fitness' coverage:   44.510484739931584
highest fitness' collisions: 0.1149277073205332
new generation:  3586
Fittest                      43.37096457591874
highest fitness' coverage:   44.520241649124074
highest fitness' collisions: 0.1149277073205332
new generation:  3587
Fittest                      43.389097507826335
highest fitness' coverage:   44.53837458103167
highest fitness' collisions: 0.11492770732053316
new generation:  3588
Fittest                      43.3306375199404
highest fitness' coverage:   44.479914593145736
highest fitness' collisions: 0.11492770732053315
new generation:  3589
Fittest                      43.34246965398626
highest fitness' coverage:   44.49174672719159
highest fitness' collisions: 0.11492770732053317
new generation:  3590
Fittest                      43.340071676955006
highest fitness' coverage:   44.48934875016034
highest fitness' collisions: 0.11492770732053322
new generation:  3591
Fittest                      43.34281653189149
highest fitness' coverage:   44.49209360509683
highest fitness' collisions: 0.11492770732053317
new generation:  3592
Fittest                      43.358236058615404
highest fitness' coverage:   44.50751313182074
highest fitness' collisions: 0.11492770732053322
new generation:  3593
Fittest                      43.369179986582175
highest fitness' coverage:   44.517083017812496
highest fitness' collisions: 0.1147903031230319
new generation:  3594
Fittest                      43.36261168750061
highest fitness' coverage:   44.51051471873093
highest fitness' collisions: 0.11479030312303196
new generation:  3595
Fittest                      43.362546124532756
highest fitness' coverage:   44.51044915576308
highest fitness' collisions: 0.11479030312303189
new generation:  3596
Fittest                      43.37546946773299
highest fitness' coverage:   44.52337249896331
highest fitness' collisions: 0.11479030312303191
new generation:  3597
Fittest                      43.35338303791581
highest fitness' coverage:   44.51413922428801
highest fitness' collisions: 0.11607561863721974
new generation:  3598
Fittest                      43.34390326275268
highest fitness' coverage:   44.50465944912488
highest fitness' collisions: 0.11607561863721982
new generation:  3599
Fittest                      43.334407225735916
highest fitness' coverage:   44.49516341210811
highest fitness' collisions: 0.1160756186372198
new generation:  3600
Fittest                      43.34060094202809
highest fitness' coverage:   44.50135712840029
highest fitness' collisions: 0.1160756186372198
new generation:  3601
Fittest                      43.34684057596655
highest fitness' coverage:   44.50759676233875
highest fitness' collisions: 0.11607561863721974
new generation:  3602
Fittest                      43.33443239543616
highest fitness' coverage:   44.513534512893976
highest fitness' collisions: 0.11791021174578165
new generation:  3603
Fittest                      43.32841698428704
highest fitness' coverage:   44.507519101744855
highest fitness' collisions: 0.11791021174578172
new generation:  3604
Fittest                      43.32835009874737
highest fitness' coverage:   44.50745221620519
highest fitness' collisions: 0.11791021174578159
new generation:  3605
Fittest                      43.316280671118804
highest fitness' coverage:   44.49538278857662
highest fitness' collisions: 0.1179102117457817
new generation:  3606
Fittest                      43.31588958384698
highest fitness' coverage:   44.4949917013048
highest fitness' collisions: 0.1179102117457816
new generation:  3607
Fittest                      43.325219579910005
highest fitness' coverage:   44.50432169736782
highest fitness' collisions: 0.11791021174578165
new generation:  3608
Fittest                      43.359218047543216
highest fitness' coverage:   44.53832016500103
highest fitness' collisions: 0.11791021174578163
new generation:  3609
Fittest                      43.31586562566648
highest fitness' coverage:   44.4949677431243
highest fitness' collisions: 0.11791021174578167
new generation:  3610
Fittest                      43.32069851116935
highest fitness' coverage:   44.48834032737823
highest fitness' collisions: 0.11676418162088821
new generation:  3611
Fittest                      43.33365699861235
highest fitness' coverage:   44.50129881482123
highest fitness' collisions: 0.11676418162088824
new generation:  3612
Fittest                      43.342997910218635
highest fitness' coverage:   44.51063972642752
highest fitness' collisions: 0.11676418162088827
new generation:  3613
Fittest                      43.33347846626987
highest fitness' coverage:   44.50112028247875
highest fitness' collisions: 0.11676418162088822
new generation:  3614
Fittest                      43.33060581452197
highest fitness' coverage:   44.49824763073085
highest fitness' collisions: 0.11676418162088827
new generation:  3615
Fittest                      43.32417246167784
highest fitness' coverage:   44.491814277886725
highest fitness' collisions: 0.11676418162088824
new generation:  3616
Fittest                      43.342815343707365
highest fitness' coverage:   44.51045715991625
highest fitness' collisions: 0.11676418162088824
new generation:  3617
Fittest                      43.32753660130986
highest fitness' coverage:   44.495178417518744
highest fitness' collisions: 0.11676418162088828
new generation:  3618
Fittest                      43.32428831641276
highest fitness' coverage:   44.49193013262165
highest fitness' collisions: 0.11676418162088818
new generation:  3619
Fittest                      43.34616796147119
highest fitness' coverage:   44.51380977768007
highest fitness' collisions: 0.11676418162088828
new generation:  3620
Fittest                      43.34602506323418
highest fitness' coverage:   44.513666879443065
highest fitness' collisions: 0.1167641816208883
new generation:  3621
Fittest                      43.31639750841795
highest fitness' coverage:   44.4977427496617
highest fitness' collisions: 0.11813452412437495
new generation:  3622
Fittest                      43.31066873251477
highest fitness' coverage:   44.49201397375852
highest fitness' collisions: 0.11813452412437499
new generation:  3623
Fittest                      43.3173158342045
highest fitness' coverage:   44.49866107544825
highest fitness' collisions: 0.11813452412437486
new generation:  3624
Fittest                      43.32026512672823
highest fitness' coverage:   44.50161036797198
highest fitness' collisions: 0.11813452412437493
new generation:  3625
Fittest                      43.319807658472314
highest fitness' coverage:   44.50115289971606
highest fitness' collisions: 0.11813452412437496
new generation:  3626
Fittest                      43.307159530265835
highest fitness' coverage:   44.48850477150958
highest fitness' collisions: 0.11813452412437501
new generation:  3627
Fittest                      43.329805927388165
highest fitness' coverage:   44.51115116863191
highest fitness' collisions: 0.11813452412437497
new generation:  3628
Fittest                      43.31651482020554
highest fitness' coverage:   44.49786006144929
highest fitness' collisions: 0.11813452412437486
new generation:  3629
Fittest                      43.32887308791106
highest fitness' coverage:   44.52105168636597
highest fitness' collisions: 0.11921785984549121
new generation:  3630
Fittest                      43.335126319211625
highest fitness' coverage:   44.527304917666534
highest fitness' collisions: 0.11921785984549123
new generation:  3631
Fittest                      43.32011681047194
highest fitness' coverage:   44.512295408926846
highest fitness' collisions: 0.11921785984549119
new generation:  3632
Fittest                      43.32307648293914
highest fitness' coverage:   44.51525508139406
highest fitness' collisions: 0.11921785984549124
new generation:  3633
Fittest                      43.33184967755486
highest fitness' coverage:   44.524028276009766
highest fitness' collisions: 0.11921785984549126
new generation:  3634
Fittest                      43.326314415610724
highest fitness' coverage:   44.51849301406563
highest fitness' collisions: 0.11921785984549121
new generation:  3635
Fittest                      43.31099345911081
highest fitness' coverage:   44.50317205756572
highest fitness' collisions: 0.11921785984549123
new generation:  3636
Fittest                      43.32933155331579
highest fitness' coverage:   44.5215101517707
highest fitness' collisions: 0.11921785984549123
new generation:  3637
Fittest                      43.32916819382052
highest fitness' coverage:   44.52134679227544
highest fitness' collisions: 0.11921785984549126
new generation:  3638
Fittest                      43.32910186630504
highest fitness' coverage:   44.52128046475995
highest fitness' collisions: 0.11921785984549124
new generation:  3639
Fittest                      43.322893136079124
highest fitness' coverage:   44.51507173453404
highest fitness' collisions: 0.11921785984549127
new generation:  3640
Fittest                      43.306820047093495
highest fitness' coverage:   44.49899864554841
highest fitness' collisions: 0.11921785984549124
new generation:  3641
Fittest                      43.32946920187447
highest fitness' coverage:   44.52164780032938
highest fitness' collisions: 0.11921785984549128
new generation:  3642
Fittest                      43.35398549236639
highest fitness' coverage:   44.5461640908213
highest fitness' collisions: 0.11921785984549123
new generation:  3643
Fittest                      43.307569498873406
highest fitness' coverage:   44.499748097328315
highest fitness' collisions: 0.11921785984549123
new generation:  3644
Fittest                      43.335587071010494
highest fitness' coverage:   44.5277656694654
highest fitness' collisions: 0.11921785984549121
new generation:  3645
Fittest                      43.31325980512909
highest fitness' coverage:   44.50543840358401
highest fitness' collisions: 0.11921785984549135
new generation:  3646
Fittest                      43.32285052994076
highest fitness' coverage:   44.51502912839567
highest fitness' collisions: 0.11921785984549119
new generation:  3647
Fittest                      43.32637910524282
highest fitness' coverage:   44.51855770369774
highest fitness' collisions: 0.11921785984549126
new generation:  3648
Fittest                      43.32588799454959
highest fitness' coverage:   44.5180665930045
highest fitness' collisions: 0.11921785984549123
new generation:  3649
Fittest                      43.34481810589741
highest fitness' coverage:   44.53699670435232
highest fitness' collisions: 0.11921785984549119
new generation:  3650
Fittest                      43.32631444794427
highest fitness' coverage:   44.485593420385705
highest fitness' collisions: 0.11592789724414379
new generation:  3651
Fittest                      43.37321830787176
highest fitness' coverage:   44.5324972803132
highest fitness' collisions: 0.1159278972441439
new generation:  3652
Fittest                      43.38594655406026
highest fitness' coverage:   44.55379786316425
highest fitness' collisions: 0.11678513091039863
new generation:  3653
Fittest                      43.39514157061781
highest fitness' coverage:   44.5629928797218
highest fitness' collisions: 0.1167851309103987
new generation:  3654
Fittest                      43.389380473012366
highest fitness' coverage:   44.557231782116354
highest fitness' collisions: 0.11678513091039874
new generation:  3655
Fittest                      43.42647485189594
highest fitness' coverage:   44.59432616099993
highest fitness' collisions: 0.1167851309103986
new generation:  3656
Fittest                      43.40121692119639
highest fitness' coverage:   44.569068230300374
highest fitness' collisions: 0.11678513091039872
new generation:  3657
Fittest                      43.41122432007817
highest fitness' coverage:   44.576077324223924
highest fitness' collisions: 0.11648530041457535
new generation:  3658
Fittest                      43.388508551531075
highest fitness' coverage:   44.55336155567683
highest fitness' collisions: 0.11648530041457535
new generation:  3659
Fittest                      43.409284376650156
highest fitness' coverage:   44.5694182655067
highest fitness' collisions: 0.11601338888565392
new generation:  3660
Fittest                      43.40904127369941
highest fitness' coverage:   44.56917516255595
highest fitness' collisions: 0.11601338888565393
new generation:  3661
Fittest                      43.40969832818655
highest fitness' coverage:   44.56983221704309
highest fitness' collisions: 0.116013388885654
new generation:  3662
Fittest                      43.39091229963721
highest fitness' coverage:   44.55104618849375
highest fitness' collisions: 0.11601338888565389
new generation:  3663
Fittest                      43.42194095870304
highest fitness' coverage:   44.58207484755958
highest fitness' collisions: 0.1160133888856539
new generation:  3664
Fittest                      43.38737501657442
highest fitness' coverage:   44.54750890543096
highest fitness' collisions: 0.11601338888565399
new generation:  3665
Fittest                      43.41077529435176
highest fitness' coverage:   44.52180328644118
highest fitness' collisions: 0.11110279920894175
new generation:  3666
Fittest                      43.423141483622864
highest fitness' coverage:   44.53416947571228
highest fitness' collisions: 0.11110279920894171
new generation:  3667
Fittest                      43.43237886366061
highest fitness' coverage:   44.54943245161077
highest fitness' collisions: 0.11170535879501606
new generation:  3668
Fittest                      43.417281636290504
highest fitness' coverage:   44.534335224240664
highest fitness' collisions: 0.11170535879501609
new generation:  3669
Fittest                      43.41104488643564
highest fitness' coverage:   44.5280984743858
highest fitness' collisions: 0.11170535879501614
new generation:  3670
Fittest                      43.40178698268695
highest fitness' coverage:   44.51884057063711
highest fitness' collisions: 0.11170535879501615
new generation:  3671
Fittest                      43.40147657604512
highest fitness' coverage:   44.51853016399528
highest fitness' collisions: 0.11170535879501614
new generation:  3672
Fittest                      43.40500713457558
highest fitness' coverage:   44.52206072252574
highest fitness' collisions: 0.11170535879501609
new generation:  3673
Fittest                      43.38489069389008
highest fitness' coverage:   44.4936371811642
highest fitness' collisions: 0.11087464872741279
new generation:  3674
Fittest                      43.419338660353944
highest fitness' coverage:   44.52808514762807
highest fitness' collisions: 0.11087464872741284
new generation:  3675
Fittest                      43.44369466307364
highest fitness' coverage:   44.55244115034777
highest fitness' collisions: 0.11087464872741283
new generation:  3676
Fittest                      43.39738033802849
highest fitness' coverage:   44.506126825302616
highest fitness' collisions: 0.11087464872741283
new generation:  3677
Fittest                      43.412726839586945
highest fitness' coverage:   44.52147332686107
highest fitness' collisions: 0.11087464872741284
new generation:  3678
Fittest                      43.419153913414235
highest fitness' coverage:   44.52790040068836
highest fitness' collisions: 0.11087464872741279
new generation:  3679
Fittest                      43.41927411589275
highest fitness' coverage:   44.52802060316687
highest fitness' collisions: 0.11087464872741287
new generation:  3680
Fittest                      43.40991129062619
highest fitness' coverage:   44.518657777900316
highest fitness' collisions: 0.1108746487274128
new generation:  3681
Fittest                      43.38845795498166
highest fitness' coverage:   44.497204442255786
highest fitness' collisions: 0.11087464872741287
new generation:  3682
Fittest                      43.40639278863973
highest fitness' coverage:   44.51513927591385
highest fitness' collisions: 0.11087464872741283
new generation:  3683
Fittest                      43.39399962155526
highest fitness' coverage:   44.502746108829385
highest fitness' collisions: 0.11087464872741283
new generation:  3684
Fittest                      43.42852349059005
highest fitness' coverage:   44.53726997786418
highest fitness' collisions: 0.11087464872741286
new generation:  3685
Fittest                      43.40978494036199
highest fitness' coverage:   44.51853142763611
highest fitness' collisions: 0.11087464872741286
new generation:  3686
Fittest                      43.409803497453346
highest fitness' coverage:   44.51854998472747
highest fitness' collisions: 0.11087464872741283
new generation:  3687
Fittest                      43.39441184684185
highest fitness' coverage:   44.50315833411598
highest fitness' collisions: 0.11087464872741289
new generation:  3688
Fittest                      43.41026311279029
highest fitness' coverage:   44.519009600064415
highest fitness' collisions: 0.11087464872741283
new generation:  3689
Fittest                      43.403460812932025
highest fitness' coverage:   44.51220730020615
highest fitness' collisions: 0.11087464872741282
new generation:  3690
Fittest                      43.41013458943059
highest fitness' coverage:   44.51888107670472
highest fitness' collisions: 0.1108746487274129
new generation:  3691
Fittest                      43.41934591401477
highest fitness' coverage:   44.528092401288895
highest fitness' collisions: 0.11087464872741286
new generation:  3692
Fittest                      43.41015086226918
highest fitness' coverage:   44.5188973495433
highest fitness' collisions: 0.11087464872741286
new generation:  3693
Fittest                      43.412904005741495
highest fitness' coverage:   44.52165049301562
highest fitness' collisions: 0.1108746487274128
new generation:  3694
Fittest                      43.391140545187035
highest fitness' coverage:   44.49988703246117
highest fitness' collisions: 0.11087464872741289
new generation:  3695
Fittest                      43.397770753007464
highest fitness' coverage:   44.50651724028159
highest fitness' collisions: 0.1108746487274128
new generation:  3696
Fittest                      43.39117714873044
highest fitness' coverage:   44.49992363600457
highest fitness' collisions: 0.11087464872741283
new generation:  3697
Fittest                      43.4286410225715
highest fitness' coverage:   44.53738750984562
highest fitness' collisions: 0.11087464872741283
new generation:  3698
Fittest                      43.39453451024399
highest fitness' coverage:   44.50328099751812
highest fitness' collisions: 0.11087464872741284
new generation:  3699
Fittest                      43.41576409062335
highest fitness' coverage:   44.52451057789748
highest fitness' collisions: 0.1108746487274129
new generation:  3700
Fittest                      43.4317238209778
highest fitness' coverage:   44.540470308251926
highest fitness' collisions: 0.11087464872741279
new generation:  3701
Fittest                      43.4347740415822
highest fitness' coverage:   44.54352052885633
highest fitness' collisions: 0.11087464872741283
new generation:  3702
Fittest                      43.416073392670874
highest fitness' coverage:   44.52481987994501
highest fitness' collisions: 0.11087464872741289
new generation:  3703
Fittest                      43.412841593464165
highest fitness' coverage:   44.52158808073829
highest fitness' collisions: 0.11087464872741283
new generation:  3704
Fittest                      43.40370966826821
highest fitness' coverage:   44.51245615554234
highest fitness' collisions: 0.11087464872741282
new generation:  3705
Fittest                      43.38479992055661
highest fitness' coverage:   44.49354640783074
highest fitness' collisions: 0.11087464872741289
new generation:  3706
Fittest                      43.40406271442174
highest fitness' coverage:   44.512809201695866
highest fitness' collisions: 0.11087464872741275
new generation:  3707
Fittest                      43.40063953539638
highest fitness' coverage:   44.509386022670505
highest fitness' collisions: 0.11087464872741273
new generation:  3708
Fittest                      43.42220527941126
highest fitness' coverage:   44.530951766685384
highest fitness' collisions: 0.11087464872741283
new generation:  3709
Fittest                      43.4320157247179
highest fitness' coverage:   44.540762211992025
highest fitness' collisions: 0.11087464872741275
new generation:  3710
Fittest                      43.41550387970322
highest fitness' coverage:   44.52425036697735
highest fitness' collisions: 0.11087464872741283
new generation:  3711
Fittest                      43.422391961632094
highest fitness' coverage:   44.53113844890622
highest fitness' collisions: 0.1108746487274128
new generation:  3712
Fittest                      43.39088927463535
highest fitness' coverage:   44.499635761909474
highest fitness' collisions: 0.11087464872741276
new generation:  3713
Fittest                      43.41894642140045
highest fitness' coverage:   44.527692908674574
highest fitness' collisions: 0.11087464872741283
new generation:  3714
Fittest                      43.41870809866083
highest fitness' coverage:   44.527454585934954
highest fitness' collisions: 0.11087464872741287
new generation:  3715
Fittest                      43.41304946183621
highest fitness' coverage:   44.521795949110334
highest fitness' collisions: 0.11087464872741284
new generation:  3716
Fittest                      43.417721698915656
highest fitness' coverage:   44.51834739394558
highest fitness' collisions: 0.11006256950299231
new generation:  3717
Fittest                      43.42075832233883
highest fitness' coverage:   44.52138401736875
highest fitness' collisions: 0.11006256950299237
new generation:  3718
Fittest                      43.42075241889837
highest fitness' coverage:   44.52137811392829
highest fitness' collisions: 0.11006256950299231
new generation:  3719
Fittest                      43.40544470449752
highest fitness' coverage:   44.506070399527445
highest fitness' collisions: 0.1100625695029923
new generation:  3720
Fittest                      43.42087596276364
highest fitness' coverage:   44.521501657793564
highest fitness' collisions: 0.1100625695029924
new generation:  3721
Fittest                      43.43350085900974
highest fitness' coverage:   44.53412655403966
highest fitness' collisions: 0.11006256950299226
new generation:  3722
Fittest                      43.40217302281506
highest fitness' coverage:   44.50279871784499
highest fitness' collisions: 0.11006256950299234
new generation:  3723
Fittest                      43.43070244800021
highest fitness' coverage:   44.53132814303014
highest fitness' collisions: 0.11006256950299237
new generation:  3724
Fittest                      43.420832773099626
highest fitness' coverage:   44.52145846812955
highest fitness' collisions: 0.11006256950299234
new generation:  3725
Fittest                      43.41661886315892
highest fitness' coverage:   44.51871680716102
highest fitness' collisions: 0.11020979440021032
new generation:  3726
Fittest                      43.40706277692281
highest fitness' coverage:   44.50916072092491
highest fitness' collisions: 0.1102097944002103
new generation:  3727
Fittest                      43.40784571167047
highest fitness' coverage:   44.50994365567257
highest fitness' collisions: 0.11020979440021027
new generation:  3728
Fittest                      43.42289218632274
highest fitness' coverage:   44.524990130324845
highest fitness' collisions: 0.11020979440021028
new generation:  3729
Fittest                      43.41622453015027
highest fitness' coverage:   44.51832247415237
highest fitness' collisions: 0.11020979440021027
new generation:  3730
Fittest                      43.40758133318518
highest fitness' coverage:   44.50967927718728
highest fitness' collisions: 0.11020979440021025
new generation:  3731
Fittest                      43.432048352400415
highest fitness' coverage:   44.53414629640252
highest fitness' collisions: 0.11020979440021032
new generation:  3732
Fittest                      43.42559422366041
highest fitness' coverage:   44.527692167662515
highest fitness' collisions: 0.11020979440021027
new generation:  3733
Fittest                      43.401380251600514
highest fitness' coverage:   44.50347819560262
highest fitness' collisions: 0.11020979440021025
new generation:  3734
Fittest                      43.416254306088994
highest fitness' coverage:   44.5183522500911
highest fitness' collisions: 0.11020979440021025
new generation:  3735
Fittest                      43.40727682335394
highest fitness' coverage:   44.50937476735604
highest fitness' collisions: 0.11020979440021028
new generation:  3736
Fittest                      43.43170149494798
highest fitness' coverage:   44.53379943895008
highest fitness' collisions: 0.11020979440021027
new generation:  3737
Fittest                      43.38893431843887
highest fitness' coverage:   44.491032262440974
highest fitness' collisions: 0.11020979440021024
new generation:  3738
Fittest                      43.42551493971482
highest fitness' coverage:   44.52761288371693
highest fitness' collisions: 0.11020979440021025
new generation:  3739
Fittest                      43.42586849251613
highest fitness' coverage:   44.527966436518234
highest fitness' collisions: 0.11020979440021034
new generation:  3740
Fittest                      43.426046857117264
highest fitness' coverage:   44.52814480111937
highest fitness' collisions: 0.11020979440021032
new generation:  3741
Fittest                      43.42925408301076
highest fitness' coverage:   44.531352027012865
highest fitness' collisions: 0.11020979440021023
new generation:  3742
Fittest                      43.4084141970005
highest fitness' coverage:   44.52139898998103
highest fitness' collisions: 0.11129847929805291
new generation:  3743
Fittest                      43.43353245686506
highest fitness' coverage:   44.546517249845586
highest fitness' collisions: 0.11129847929805299
new generation:  3744
Fittest                      43.39019776162489
highest fitness' coverage:   44.50318255460542
highest fitness' collisions: 0.11129847929805302
new generation:  3745
Fittest                      43.405628399485266
highest fitness' coverage:   44.51861319246579
highest fitness' collisions: 0.11129847929805294
new generation:  3746
Fittest                      43.41820676364216
highest fitness' coverage:   44.53119155662269
highest fitness' collisions: 0.11129847929805298
new generation:  3747
Fittest                      43.39995600947238
highest fitness' coverage:   44.51294080245291
highest fitness' collisions: 0.11129847929805298
new generation:  3748
Fittest                      43.411281028491985
highest fitness' coverage:   44.52426582147251
highest fitness' collisions: 0.11129847929805299
new generation:  3749
Fittest                      43.39948881992588
highest fitness' coverage:   44.512473612906405
highest fitness' collisions: 0.11129847929805294
new generation:  3750
Fittest                      43.42102497443295
highest fitness' coverage:   44.53400976741348
highest fitness' collisions: 0.11129847929805298
new generation:  3751
Fittest                      43.41783127706477
highest fitness' coverage:   44.5308160700453
highest fitness' collisions: 0.11129847929805296
new generation:  3752
Fittest                      43.377127235298865
highest fitness' coverage:   44.49011202827939
highest fitness' collisions: 0.11129847929805295
new generation:  3753
Fittest                      43.40728884397023
highest fitness' coverage:   44.47900927067638
highest fitness' collisions: 0.10717204267061534
new generation:  3754
Fittest                      43.41148550574438
highest fitness' coverage:   44.48200366801591
highest fitness' collisions: 0.10705181622715364
new generation:  3755
Fittest                      43.40752884207069
highest fitness' coverage:   44.49832383153744
highest fitness' collisions: 0.10907949894667493
new generation:  3756
Fittest                      43.41669855605886
highest fitness' coverage:   44.50749354552561
highest fitness' collisions: 0.10907949894667503
new generation:  3757
Fittest                      43.402460052426015
highest fitness' coverage:   44.50404717324017
highest fitness' collisions: 0.11015871208141496
new generation:  3758
Fittest                      43.40283745068813
highest fitness' coverage:   44.504424571502284
highest fitness' collisions: 0.11015871208141496
new generation:  3759
Fittest                      43.38380421360507
highest fitness' coverage:   44.48539133441922
highest fitness' collisions: 0.11015871208141492
new generation:  3760
Fittest                      43.37477466711986
highest fitness' coverage:   44.47636178793401
highest fitness' collisions: 0.11015871208141494
new generation:  3761
Fittest                      43.365412449006705
highest fitness' coverage:   44.46699956982086
highest fitness' collisions: 0.11015871208141503
new generation:  3762
Fittest                      43.37758302754182
highest fitness' coverage:   44.47314455249522
highest fitness' collisions: 0.10955615249534062
new generation:  3763
Fittest                      43.374251965116194
highest fitness' coverage:   44.4698134900696
highest fitness' collisions: 0.10955615249534052
new generation:  3764
Fittest                      43.38026326717669
highest fitness' coverage:   44.47582479213009
highest fitness' collisions: 0.10955615249534063
new generation:  3765
Fittest                      43.37740121856605
highest fitness' coverage:   44.47296274351945
highest fitness' collisions: 0.10955615249534065
new generation:  3766
Fittest                      43.40504705886328
highest fitness' coverage:   44.500608583816685
highest fitness' collisions: 0.10955615249534058
new generation:  3767
Fittest                      43.374040058020405
highest fitness' coverage:   44.46960158297381
highest fitness' collisions: 0.10955615249534059
new generation:  3768
Fittest                      43.3774873073849
highest fitness' coverage:   44.4730488323383
highest fitness' collisions: 0.10955615249534063
new generation:  3769
Fittest                      43.39108140448765
highest fitness' coverage:   44.476183854961405
highest fitness' collisions: 0.10851024504737564
new generation:  3770
Fittest                      43.40301416436458
highest fitness' coverage:   44.48811661483833
highest fitness' collisions: 0.1085102450473756
new generation:  3771
Fittest                      43.399841551663755
highest fitness' coverage:   44.48494400213751
highest fitness' collisions: 0.10851024504737555
new generation:  3772
Fittest                      43.38836540639447
highest fitness' coverage:   44.473467856868226
highest fitness' collisions: 0.10851024504737554
new generation:  3773
Fittest                      43.4001369062387
highest fitness' coverage:   44.485239356712455
highest fitness' collisions: 0.10851024504737558
new generation:  3774
Fittest                      43.39865862124397
highest fitness' coverage:   44.46348424452251
highest fitness' collisions: 0.10648256232785432
new generation:  3775
Fittest                      43.40474287875835
highest fitness' coverage:   44.46956850203689
highest fitness' collisions: 0.10648256232785432
new generation:  3776
Fittest                      43.42040569402257
highest fitness' coverage:   44.485231317301114
highest fitness' collisions: 0.10648256232785432
new generation:  3777
Fittest                      43.41105523344713
highest fitness' coverage:   44.475880856725674
highest fitness' collisions: 0.10648256232785429
new generation:  3778
Fittest                      43.43622198917255
highest fitness' coverage:   44.501047612451096
highest fitness' collisions: 0.10648256232785425
new generation:  3779
Fittest                      43.41118371403359
highest fitness' coverage:   44.476009337312135
highest fitness' collisions: 0.10648256232785429
new generation:  3780
Fittest                      43.40509415428885
highest fitness' coverage:   44.46991977756739
highest fitness' collisions: 0.10648256232785422
new generation:  3781
Fittest                      43.41114098225839
highest fitness' coverage:   44.47596660553693
highest fitness' collisions: 0.10648256232785423
new generation:  3782
Fittest                      43.42043479423771
highest fitness' coverage:   44.48526041751625
highest fitness' collisions: 0.1064825623278542
new generation:  3783
Fittest                      43.43296269996274
highest fitness' coverage:   44.49778832324128
highest fitness' collisions: 0.10648256232785422
new generation:  3784
Fittest                      43.3983607612255
highest fitness' coverage:   44.46318638450404
highest fitness' collisions: 0.1064825623278544
new generation:  3785
Fittest                      43.41132380371101
highest fitness' coverage:   44.47614942698955
highest fitness' collisions: 0.1064825623278543
new generation:  3786
Fittest                      43.41840839747624
highest fitness' coverage:   44.49194033540496
highest fitness' collisions: 0.10735319379287228
new generation:  3787
Fittest                      43.4118242288876
highest fitness' coverage:   44.485356166816324
highest fitness' collisions: 0.10735319379287227
new generation:  3788
Fittest                      43.402693540528176
highest fitness' coverage:   44.4762254784569
highest fitness' collisions: 0.10735319379287227
new generation:  3789
Fittest                      43.3834123557863
highest fitness' coverage:   44.45694429371502
highest fitness' collisions: 0.10735319379287227
new generation:  3790
Fittest                      43.43856710891047
highest fitness' coverage:   44.500801604582925
highest fitness' collisions: 0.10622344956724578
new generation:  3791
Fittest                      43.42607168185059
highest fitness' coverage:   44.48830617752304
highest fitness' collisions: 0.10622344956724583
new generation:  3792
Fittest                      43.42660869787365
highest fitness' coverage:   44.4888431935461
highest fitness' collisions: 0.10622344956724578
new generation:  3793
Fittest                      43.398278261791845
highest fitness' coverage:   44.4605127574643
highest fitness' collisions: 0.10622344956724582
new generation:  3794
Fittest                      43.42928126538075
highest fitness' coverage:   44.49151576105321
highest fitness' collisions: 0.10622344956724586
new generation:  3795
Fittest                      43.42913174213219
highest fitness' coverage:   44.49136623780465
highest fitness' collisions: 0.1062234495672458
new generation:  3796
Fittest                      43.4104470267285
highest fitness' coverage:   44.472681522400954
highest fitness' collisions: 0.10622344956724589
new generation:  3797
Fittest                      43.396556224033
highest fitness' coverage:   44.46691151194966
highest fitness' collisions: 0.10703552879166627
new generation:  3798
Fittest                      43.40545469310136
highest fitness' coverage:   44.486054503335595
highest fitness' collisions: 0.10805998102342318
new generation:  3799
Fittest                      43.40128957515536
highest fitness' coverage:   44.48188938538959
highest fitness' collisions: 0.10805998102342315
new generation:  3800
Fittest                      43.41575643139943
highest fitness' coverage:   44.468101882560276
highest fitness' collisions: 0.10523454511608477
new generation:  3801
Fittest                      43.41599454597564
highest fitness' coverage:   44.46833999713649
highest fitness' collisions: 0.10523454511608481
new generation:  3802
Fittest                      43.44461428243646
highest fitness' coverage:   44.50341627588765
highest fitness' collisions: 0.10588019934511936
new generation:  3803
Fittest                      43.426874115678814
highest fitness' coverage:   44.487936383237205
highest fitness' collisions: 0.10610622675583907
new generation:  3804
Fittest                      43.395586019018644
highest fitness' coverage:   44.456648286577035
highest fitness' collisions: 0.10610622675583913
new generation:  3805
Fittest                      43.42071439828309
highest fitness' coverage:   44.48177666584148
highest fitness' collisions: 0.10610622675583907
new generation:  3806
Fittest                      43.383465553878295
highest fitness' coverage:   44.44452782143669
highest fitness' collisions: 0.10610622675583914
new generation:  3807
Fittest                      43.40614739062724
highest fitness' coverage:   44.46566053975148
highest fitness' collisions: 0.10595131491242439
new generation:  3808
Fittest                      43.42549492523984
highest fitness' coverage:   44.48500807436408
highest fitness' collisions: 0.10595131491242443
new generation:  3809
Fittest                      43.39731065219682
highest fitness' coverage:   44.456823801321065
highest fitness' collisions: 0.10595131491242446
new generation:  3810
Fittest                      43.40650649903759
highest fitness' coverage:   44.46601964816183
highest fitness' collisions: 0.1059513149124244
new generation:  3811
Fittest                      43.40977731637362
highest fitness' coverage:   44.46929046549786
highest fitness' collisions: 0.10595131491242443
new generation:  3812
Fittest                      43.40363646655685
highest fitness' coverage:   44.46314961568109
highest fitness' collisions: 0.10595131491242443
new generation:  3813
Fittest                      43.4035122350816
highest fitness' coverage:   44.46302538420584
highest fitness' collisions: 0.10595131491242449
new generation:  3814
Fittest                      43.42061416075335
highest fitness' coverage:   44.485335046506265
highest fitness' collisions: 0.10647208857529147
new generation:  3815
Fittest                      43.416877073022036
highest fitness' coverage:   44.48159795877495
highest fitness' collisions: 0.10647208857529154
new generation:  3816
Fittest                      43.42333709817037
highest fitness' coverage:   44.488057983923284
highest fitness' collisions: 0.10647208857529154
new generation:  3817
Fittest                      43.416823908505705
highest fitness' coverage:   44.48154479425862
highest fitness' collisions: 0.10647208857529153
new generation:  3818
Fittest                      43.42338625850341
highest fitness' coverage:   44.488107144256325
highest fitness' collisions: 0.10647208857529152
new generation:  3819
Fittest                      43.42943986673852
highest fitness' coverage:   44.49416075249143
highest fitness' collisions: 0.10647208857529149
new generation:  3820
Fittest                      43.432992475864935
highest fitness' coverage:   44.49771336161785
highest fitness' collisions: 0.10647208857529145
new generation:  3821
Fittest                      43.43284762672743
highest fitness' coverage:   44.49756851248034
highest fitness' collisions: 0.10647208857529153
new generation:  3822
Fittest                      43.42624353775067
highest fitness' coverage:   44.490964423503584
highest fitness' collisions: 0.10647208857529149
new generation:  3823
Fittest                      43.43559155403912
highest fitness' coverage:   44.50031243979203
highest fitness' collisions: 0.10647208857529145
new generation:  3824
Fittest                      43.4332739711914
highest fitness' coverage:   44.49799485694431
highest fitness' collisions: 0.10647208857529147
new generation:  3825
Fittest                      43.42936605855504
highest fitness' coverage:   44.49408694430795
highest fitness' collisions: 0.10647208857529152
new generation:  3826
Fittest                      43.426579875741645
highest fitness' coverage:   44.49130076149456
highest fitness' collisions: 0.1064720885752915
new generation:  3827
Fittest                      43.42629733469324
highest fitness' coverage:   44.49101822044615
highest fitness' collisions: 0.10647208857529145
new generation:  3828
Fittest                      43.40808574806413
highest fitness' coverage:   44.472806633817044
highest fitness' collisions: 0.10647208857529153
new generation:  3829
Fittest                      43.423574956802966
highest fitness' coverage:   44.48829584255588
highest fitness' collisions: 0.10647208857529153
new generation:  3830
Fittest                      43.42937079417066
highest fitness' coverage:   44.49409167992357
highest fitness' collisions: 0.1064720885752915
new generation:  3831
Fittest                      43.41085489579148
highest fitness' coverage:   44.47557578154439
highest fitness' collisions: 0.10647208857529152
new generation:  3832
Fittest                      43.4355336906988
highest fitness' coverage:   44.50025457645171
highest fitness' collisions: 0.10647208857529152
new generation:  3833
Fittest                      43.42327694091683
highest fitness' coverage:   44.48799782666974
highest fitness' collisions: 0.10647208857529154
new generation:  3834
Fittest                      43.423488306539184
highest fitness' coverage:   44.488209192292096
highest fitness' collisions: 0.10647208857529147
new generation:  3835
Fittest                      43.432525954730394
highest fitness' coverage:   44.49724684048331
highest fitness' collisions: 0.1064720885752915
new generation:  3836
Fittest                      43.43551906813981
highest fitness' coverage:   44.50333024932524
highest fitness' collisions: 0.10678111811854292
new generation:  3837
Fittest                      43.41023587659994
highest fitness' coverage:   44.47804705778537
highest fitness' collisions: 0.10678111811854284
new generation:  3838
Fittest                      43.42626487444192
highest fitness' coverage:   44.494076055627346
highest fitness' collisions: 0.10678111811854281
new generation:  3839
Fittest                      43.42944459580617
highest fitness' coverage:   44.497255776991594
highest fitness' collisions: 0.10678111811854289
new generation:  3840
Fittest                      43.42019678346362
highest fitness' coverage:   44.48800796464905
highest fitness' collisions: 0.10678111811854282
new generation:  3841
Fittest                      43.44223558892012
highest fitness' coverage:   44.510046770105546
highest fitness' collisions: 0.1067811181185428
new generation:  3842
Fittest                      43.40139498996114
highest fitness' coverage:   44.46920617114657
highest fitness' collisions: 0.10678111811854281
new generation:  3843
Fittest                      43.41727498720814
highest fitness' coverage:   44.485086168393565
highest fitness' collisions: 0.10678111811854285
new generation:  3844
Fittest                      43.40458284813157
highest fitness' coverage:   44.472394029316995
highest fitness' collisions: 0.10678111811854284
new generation:  3845
Fittest                      43.41103558760526
highest fitness' coverage:   44.47884676879069
highest fitness' collisions: 0.10678111811854288
new generation:  3846
Fittest                      43.445424126197445
highest fitness' coverage:   44.51323530738287
highest fitness' collisions: 0.10678111811854282
new generation:  3847
Fittest                      43.4233806804716
highest fitness' coverage:   44.49119186165703
highest fitness' collisions: 0.10678111811854284
new generation:  3848
Fittest                      43.4247906296372
highest fitness' coverage:   44.49126473225795
highest fitness' collisions: 0.10664741026207535
new generation:  3849
Fittest                      43.42158766567155
highest fitness' coverage:   44.488061768292305
highest fitness' collisions: 0.10664741026207528
new generation:  3850
Fittest                      43.43491396316331
highest fitness' coverage:   44.50688820339973
highest fitness' collisions: 0.10719742402364207
new generation:  3851
Fittest                      43.41630574785407
highest fitness' coverage:   44.48827998809049
highest fitness' collisions: 0.10719742402364207
new generation:  3852
Fittest                      43.41899084691101
highest fitness' coverage:   44.49096508714743
highest fitness' collisions: 0.10719742402364209
new generation:  3853
Fittest                      43.39722130005973
highest fitness' coverage:   44.469195540296155
highest fitness' collisions: 0.10719742402364209
new generation:  3854
Fittest                      43.43801412001353
highest fitness' coverage:   44.50998836024995
highest fitness' collisions: 0.10719742402364205
new generation:  3855
Fittest                      43.412708509513564
highest fitness' coverage:   44.484682749749986
highest fitness' collisions: 0.10719742402364199
new generation:  3856
Fittest                      43.41947930928318
highest fitness' coverage:   44.491453549519605
highest fitness' collisions: 0.10719742402364199
new generation:  3857
Fittest                      43.42237782046401
highest fitness' coverage:   44.49435206070043
highest fitness' collisions: 0.10719742402364202
new generation:  3858
Fittest                      43.43442009275444
highest fitness' coverage:   44.506394332990865
highest fitness' collisions: 0.10719742402364206
new generation:  3859
Fittest                      43.39143297519223
highest fitness' coverage:   44.46340721542865
highest fitness' collisions: 0.10719742402364206
new generation:  3860
Fittest                      43.412845832482404
highest fitness' coverage:   44.484820072718826
highest fitness' collisions: 0.10719742402364209
new generation:  3861
Fittest                      43.41905067876032
highest fitness' coverage:   44.49102491899674
highest fitness' collisions: 0.10719742402364206
new generation:  3862
Fittest                      43.42224359705124
highest fitness' coverage:   44.494217837287664
highest fitness' collisions: 0.10719742402364198
new generation:  3863
Fittest                      43.424150097406425
highest fitness' coverage:   44.497673456076996
highest fitness' collisions: 0.10735233586705668
new generation:  3864
Fittest                      43.39686071722569
highest fitness' coverage:   44.48168535065241
highest fitness' collisions: 0.10848246334267173
new generation:  3865
Fittest                      43.42769266259702
highest fitness' coverage:   44.51912423050381
highest fitness' collisions: 0.10914315679067932
new generation:  3866
Fittest                      43.396964521979854
highest fitness' coverage:   44.48839608988665
highest fitness' collisions: 0.10914315679067924
new generation:  3867
Fittest                      43.39652043339855
highest fitness' coverage:   44.487952001305345
highest fitness' collisions: 0.10914315679067921
new generation:  3868
Fittest                      43.38125776993109
highest fitness' coverage:   44.472689337837885
highest fitness' collisions: 0.10914315679067928
new generation:  3869
Fittest                      43.40592520479103
highest fitness' coverage:   44.49735677269783
highest fitness' collisions: 0.10914315679067925
new generation:  3870
Fittest                      43.40885129864228
highest fitness' coverage:   44.50028286654908
highest fitness' collisions: 0.1091431567906793
new generation:  3871
Fittest                      43.39955869994142
highest fitness' coverage:   44.49099026784822
highest fitness' collisions: 0.1091431567906793
new generation:  3872
Fittest                      43.40341722978145
highest fitness' coverage:   44.49484879768824
highest fitness' collisions: 0.1091431567906793
new generation:  3873
Fittest                      43.39013191496829
highest fitness' coverage:   44.48156348287509
highest fitness' collisions: 0.10914315679067932
new generation:  3874
Fittest                      43.41577474402231
highest fitness' coverage:   44.5072063119291
highest fitness' collisions: 0.10914315679067925
new generation:  3875
Fittest                      43.40650940497276
highest fitness' coverage:   44.497940972879555
highest fitness' collisions: 0.10914315679067933
new generation:  3876
Fittest                      43.38752147943692
highest fitness' coverage:   44.47917691945757
highest fitness' collisions: 0.10916554400206495
new generation:  3877
Fittest                      43.3749502006861
highest fitness' coverage:   44.46660564070675
highest fitness' collisions: 0.10916554400206507
new generation:  3878
Fittest                      43.38687203941231
highest fitness' coverage:   44.47852747943296
highest fitness' collisions: 0.10916554400206488
new generation:  3879
Fittest                      43.38088457462101
highest fitness' coverage:   44.47254001464166
highest fitness' collisions: 0.10916554400206502
new generation:  3880
Fittest                      43.393250612850224
highest fitness' coverage:   44.484906052870876
highest fitness' collisions: 0.10916554400206495
new generation:  3881
Fittest                      43.399588197172704
highest fitness' coverage:   44.49124363719336
highest fitness' collisions: 0.10916554400206499
new generation:  3882
Fittest                      43.39660698986163
highest fitness' coverage:   44.48826242988228
highest fitness' collisions: 0.10916554400206502
new generation:  3883
Fittest                      43.40242296388034
highest fitness' coverage:   44.49407840390099
highest fitness' collisions: 0.10916554400206498
new generation:  3884
Fittest                      43.374832548145775
highest fitness' coverage:   44.46648798816643
highest fitness' collisions: 0.10916554400206499
new generation:  3885
Fittest                      43.41142735616
highest fitness' coverage:   44.49758265856498
highest fitness' collisions: 0.1086155302404982
new generation:  3886
Fittest                      43.40837762089978
highest fitness' coverage:   44.49453292330476
highest fitness' collisions: 0.10861553024049815
new generation:  3887
Fittest                      43.39817495900193
highest fitness' coverage:   44.48433026140691
highest fitness' collisions: 0.10861553024049823
new generation:  3888
Fittest                      43.408152276301855
highest fitness' coverage:   44.49430757870684
highest fitness' collisions: 0.1086155302404982
new generation:  3889
Fittest                      43.40507820309591
highest fitness' coverage:   44.491233505500894
highest fitness' collisions: 0.10861553024049823
new generation:  3890
Fittest                      43.436344688922915
highest fitness' coverage:   44.5224999913279
highest fitness' collisions: 0.10861553024049822
new generation:  3891
Fittest                      43.379990896006476
highest fitness' coverage:   44.46614619841146
highest fitness' collisions: 0.10861553024049825
new generation:  3892
Fittest                      43.38896628380391
highest fitness' coverage:   44.47260969977739
highest fitness' collisions: 0.10836434159734729
new generation:  3893
Fittest                      43.4037637446219
highest fitness' coverage:   44.48740716059537
highest fitness' collisions: 0.1083643415973472
new generation:  3894
Fittest                      43.407560467914465
highest fitness' coverage:   44.49120388388794
highest fitness' collisions: 0.1083643415973473
new generation:  3895
Fittest                      43.40416060681908
highest fitness' coverage:   44.48780402279255
highest fitness' collisions: 0.10836434159734724
new generation:  3896
Fittest                      43.39199996742549
highest fitness' coverage:   44.47564338339896
highest fitness' collisions: 0.1083643415973473
new generation:  3897
Fittest                      43.422994676979016
highest fitness' coverage:   44.506638092952485
highest fitness' collisions: 0.10836434159734722
new generation:  3898
Fittest                      43.42287399582722
highest fitness' coverage:   44.50651741180069
highest fitness' collisions: 0.10836434159734722
new generation:  3899
Fittest                      43.385467171810575
highest fitness' coverage:   44.46911058778405
highest fitness' collisions: 0.10836434159734729
new generation:  3900
Fittest                      43.41673613698
highest fitness' coverage:   44.50037955295347
highest fitness' collisions: 0.10836434159734719
new generation:  3901
Fittest                      43.40726989272666
highest fitness' coverage:   44.49091330870013
highest fitness' collisions: 0.10836434159734729
new generation:  3902
Fittest                      43.40460633771647
highest fitness' coverage:   44.48824975368994
highest fitness' collisions: 0.10836434159734729
new generation:  3903
Fittest                      43.40776739700159
highest fitness' coverage:   44.49141081297506
highest fitness' collisions: 0.10836434159734723
new generation:  3904
Fittest                      43.38601661150493
highest fitness' coverage:   44.4696600274784
highest fitness' collisions: 0.10836434159734727
new generation:  3905
Fittest                      43.39528641107471
highest fitness' coverage:   44.47892982704818
highest fitness' collisions: 0.10836434159734723
new generation:  3906
Fittest                      43.395949437177016
highest fitness' coverage:   44.4752831566125
highest fitness' collisions: 0.10793337194354809
new generation:  3907
Fittest                      43.41654702750451
highest fitness' coverage:   44.48793746459275
highest fitness' collisions: 0.10713904370882384
new generation:  3908
Fittest                      43.404425562085855
highest fitness' coverage:   44.475815999174095
highest fitness' collisions: 0.10713904370882385
new generation:  3909
Fittest                      43.42911641922168
highest fitness' coverage:   44.50050685630992
highest fitness' collisions: 0.10713904370882381
new generation:  3910
Fittest                      43.42616080504823
highest fitness' coverage:   44.49755124213647
highest fitness' collisions: 0.10713904370882374
new generation:  3911
Fittest                      43.41621377133709
highest fitness' coverage:   44.48760420842533
highest fitness' collisions: 0.10713904370882378
new generation:  3912
Fittest                      43.43197851254005
highest fitness' coverage:   44.50336894962829
highest fitness' collisions: 0.10713904370882388
new generation:  3913
Fittest                      43.44148890698764
highest fitness' coverage:   44.51287934407588
highest fitness' collisions: 0.10713904370882378
new generation:  3914
Fittest                      43.401652177263294
highest fitness' coverage:   44.473042614351534
highest fitness' collisions: 0.10713904370882388
new generation:  3915
Fittest                      43.41329840092649
highest fitness' coverage:   44.48468883801473
highest fitness' collisions: 0.10713904370882386
new generation:  3916
Fittest                      43.40727047017208
highest fitness' coverage:   44.47866090726032
highest fitness' collisions: 0.10713904370882377
new generation:  3917
Fittest                      43.40401882485436
highest fitness' coverage:   44.4754092619426
highest fitness' collisions: 0.10713904370882381
new generation:  3918
Fittest                      43.40756065760533
highest fitness' coverage:   44.47895109469357
highest fitness' collisions: 0.10713904370882375
new generation:  3919
Fittest                      43.42297196528836
highest fitness' coverage:   44.4943624023766
highest fitness' collisions: 0.10713904370882382
new generation:  3920
Fittest                      43.410354511524865
highest fitness' coverage:   44.481734872708195
highest fitness' collisions: 0.10713803611833317
new generation:  3921
Fittest                      43.39802516619837
highest fitness' coverage:   44.4694055273817
highest fitness' collisions: 0.10713803611833313
new generation:  3922
Fittest                      43.42522244166914
highest fitness' coverage:   44.48780132536218
highest fitness' collisions: 0.10625788836930353
new generation:  3923
Fittest                      43.43476416883586
highest fitness' coverage:   44.4973430525289
highest fitness' collisions: 0.1062578883693035
new generation:  3924
Fittest                      43.414560089458526
highest fitness' coverage:   44.478746447472155
highest fitness' collisions: 0.10641863580136283
new generation:  3925
Fittest                      43.44250868393313
highest fitness' coverage:   44.50380381049508
highest fitness' collisions: 0.10612951265619507
new generation:  3926
Fittest                      43.43611755603278
highest fitness' coverage:   44.49741268259473
highest fitness' collisions: 0.10612951265619504
new generation:  3927
Fittest                      43.42973861911815
highest fitness' coverage:   44.4910337456801
highest fitness' collisions: 0.10612951265619511
new generation:  3928
Fittest                      43.41438867475987
highest fitness' coverage:   44.47568380132182
highest fitness' collisions: 0.10612951265619504
new generation:  3929
Fittest                      43.429921042223675
highest fitness' coverage:   44.49121616878563
highest fitness' collisions: 0.10612951265619505
new generation:  3930
Fittest                      43.41439760950594
highest fitness' coverage:   44.47569273606789
highest fitness' collisions: 0.10612951265619501
new generation:  3931
Fittest                      43.404900050652074
highest fitness' coverage:   44.466195177214026
highest fitness' collisions: 0.10612951265619505
new generation:  3932
Fittest                      43.436354649798986
highest fitness' coverage:   44.49764977636094
highest fitness' collisions: 0.1061295126561951
new generation:  3933
Fittest                      43.4451564840209
highest fitness' coverage:   44.50645161058285
highest fitness' collisions: 0.10612951265619502
new generation:  3934
Fittest                      43.41107742333658
highest fitness' coverage:   44.47237254989853
highest fitness' collisions: 0.10612951265619507
new generation:  3935
Fittest                      43.43079464407881
highest fitness' coverage:   44.494248812619674
highest fitness' collisions: 0.10634541685408627
new generation:  3936
Fittest                      43.43150391278919
highest fitness' coverage:   44.48835114684998
highest fitness' collisions: 0.10568472340607873
new generation:  3937
Fittest                      43.430734947031134
highest fitness' coverage:   44.48758218109192
highest fitness' collisions: 0.10568472340607873
new generation:  3938
Fittest                      43.447130869994815
highest fitness' coverage:   44.503978104055605
highest fitness' collisions: 0.10568472340607865
new generation:  3939
Fittest                      43.42097522120429
highest fitness' coverage:   44.47532265799922
highest fitness' collisions: 0.10543474367949339
new generation:  3940
Fittest                      43.41811779203482
highest fitness' coverage:   44.472465228829755
highest fitness' collisions: 0.1054347436794934
new generation:  3941
Fittest                      43.43323218697519
highest fitness' coverage:   44.487579623770124
highest fitness' collisions: 0.10543474367949347
new generation:  3942
Fittest                      43.43351254704086
highest fitness' coverage:   44.4878599838358
highest fitness' collisions: 0.1054347436794933
new generation:  3943
Fittest                      43.433694688410135
highest fitness' coverage:   44.48804212520507
highest fitness' collisions: 0.10543474367949335
new generation:  3944
Fittest                      43.44306791320669
highest fitness' coverage:   44.497415350001624
highest fitness' collisions: 0.1054347436794934
new generation:  3945
Fittest                      43.433538766314115
highest fitness' coverage:   44.48788620310905
highest fitness' collisions: 0.10543474367949339
new generation:  3946
Fittest                      43.437140246223585
highest fitness' coverage:   44.49148768301852
highest fitness' collisions: 0.1054347436794934
new generation:  3947
Fittest                      43.436599430180685
highest fitness' coverage:   44.49094686697562
highest fitness' collisions: 0.10543474367949332
new generation:  3948
Fittest                      43.43032255870033
highest fitness' coverage:   44.48466999549527
highest fitness' collisions: 0.1054347436794934
new generation:  3949
Fittest                      43.43357744936439
highest fitness' coverage:   44.48792488615933
highest fitness' collisions: 0.1054347436794934
new generation:  3950
Fittest                      43.410342785803884
highest fitness' coverage:   44.46627511579128
highest fitness' collisions: 0.10559323299873952
new generation:  3951
Fittest                      43.45102600976315
highest fitness' coverage:   44.50695833975054
highest fitness' collisions: 0.1055932329987394
new generation:  3952
Fittest                      43.429317054091605
highest fitness' coverage:   44.485249384079
highest fitness' collisions: 0.1055932329987395
new generation:  3953
Fittest                      43.45381011831692
highest fitness' coverage:   44.509742448304316
highest fitness' collisions: 0.10559323299873942
new generation:  3954
Fittest                      43.42896743684192
highest fitness' coverage:   44.484899766829315
highest fitness' collisions: 0.10559323299873949
new generation:  3955
Fittest                      43.44427114638174
highest fitness' coverage:   44.50020347636913
highest fitness' collisions: 0.1055932329987395
new generation:  3956
Fittest                      43.431639607836
highest fitness' coverage:   44.48757193782339
highest fitness' collisions: 0.1055932329987394
new generation:  3957
Fittest                      43.44158164100796
highest fitness' coverage:   44.49751397099535
highest fitness' collisions: 0.10559323299873946
new generation:  3958
Fittest                      43.42211349926048
highest fitness' coverage:   44.47538141839373
highest fitness' collisions: 0.10532679191332457
new generation:  3959
Fittest                      43.437579462893034
highest fitness' coverage:   44.49084738202628
highest fitness' collisions: 0.10532679191332452
new generation:  3960
Fittest                      43.41559227470651
highest fitness' coverage:   44.46886019383976
highest fitness' collisions: 0.10532679191332453
new generation:  3961
Fittest                      43.42152327977747
highest fitness' coverage:   44.47593980480387
highest fitness' collisions: 0.1054416525026401
new generation:  3962
Fittest                      43.43308041009354
highest fitness' coverage:   44.487496935119935
highest fitness' collisions: 0.10544165250264008
new generation:  3963
Fittest                      43.424414313659526
highest fitness' coverage:   44.47883083868592
highest fitness' collisions: 0.10544165250263995
new generation:  3964
Fittest                      43.44017478859965
highest fitness' coverage:   44.50043023834742
highest fitness' collisions: 0.1060255449747774
new generation:  3965
Fittest                      43.41497034039955
highest fitness' coverage:   44.47522579014732
highest fitness' collisions: 0.10602554497477738
new generation:  3966
Fittest                      43.42365707495023
highest fitness' coverage:   44.483912524698
highest fitness' collisions: 0.1060255449747773
new generation:  3967
Fittest                      43.42763419167182
highest fitness' coverage:   44.48788964141959
highest fitness' collisions: 0.10602554497477738
new generation:  3968
Fittest                      43.40197582515949
highest fitness' coverage:   44.46223127490726
highest fitness' collisions: 0.10602554497477745
new generation:  3969
Fittest                      43.40502990864972
highest fitness' coverage:   44.465285358397495
highest fitness' collisions: 0.10602554497477737
new generation:  3970
Fittest                      43.411429754550255
highest fitness' coverage:   44.471685204298026
highest fitness' collisions: 0.10602554497477737
new generation:  3971
Fittest                      43.42042892486322
highest fitness' coverage:   44.48068437461099
highest fitness' collisions: 0.1060255449747774
new generation:  3972
Fittest                      43.44259044711477
highest fitness' coverage:   44.50284589686254
highest fitness' collisions: 0.1060255449747773
new generation:  3973
Fittest                      43.45155631689837
highest fitness' coverage:   44.51181176664614
highest fitness' collisions: 0.10602554497477733
new generation:  3974
Fittest                      43.45527793900624
highest fitness' coverage:   44.51553338875401
highest fitness' collisions: 0.10602554497477747
new generation:  3975
Fittest                      43.445930842067874
highest fitness' coverage:   44.506186291815645
highest fitness' collisions: 0.1060255449747774
new generation:  3976
Fittest                      43.41502481976078
highest fitness' coverage:   44.47528026950855
highest fitness' collisions: 0.10602554497477736
new generation:  3977
Fittest                      43.41795488276044
highest fitness' coverage:   44.47821033250821
highest fitness' collisions: 0.10602554497477748
new generation:  3978
Fittest                      43.4114565143878
highest fitness' coverage:   44.47171196413557
highest fitness' collisions: 0.10602554497477731
new generation:  3979
Fittest                      43.40117178332122
highest fitness' coverage:   44.490782537994804
highest fitness' collisions: 0.10896107546735828
new generation:  3980
Fittest                      43.39470498161708
highest fitness' coverage:   44.48431573629067
highest fitness' collisions: 0.1089610754673583
new generation:  3981
Fittest                      43.39168738280995
highest fitness' coverage:   44.481298137483535
highest fitness' collisions: 0.10896107546735835
new generation:  3982
Fittest                      43.38201704500526
highest fitness' coverage:   44.47162779967884
highest fitness' collisions: 0.10896107546735825
new generation:  3983
Fittest                      43.39738664991226
highest fitness' coverage:   44.48699740458584
highest fitness' collisions: 0.10896107546735838
new generation:  3984
Fittest                      43.419747956035536
highest fitness' coverage:   44.509358710709115
highest fitness' collisions: 0.10896107546735828
new generation:  3985
Fittest                      43.38520545711001
highest fitness' coverage:   44.4748162117836
highest fitness' collisions: 0.10896107546735834
new generation:  3986
Fittest                      43.39769010174007
highest fitness' coverage:   44.487300856413654
highest fitness' collisions: 0.1089610754673584
new generation:  3987
Fittest                      43.394782715931996
highest fitness' coverage:   44.48439347060558
highest fitness' collisions: 0.10896107546735838
new generation:  3988
Fittest                      43.41342947183243
highest fitness' coverage:   44.49990922728135
highest fitness' collisions: 0.10864797554489172
new generation:  3989
Fittest                      43.39760247991723
highest fitness' coverage:   44.490107831226894
highest fitness' collisions: 0.10925053513096614
new generation:  3990
Fittest                      43.3914869814718
highest fitness' coverage:   44.48399233278146
highest fitness' collisions: 0.10925053513096612
new generation:  3991
Fittest                      43.39481755488401
highest fitness' coverage:   44.48732290619367
highest fitness' collisions: 0.10925053513096608
new generation:  3992
Fittest                      43.38549884298901
highest fitness' coverage:   44.47800419429867
highest fitness' collisions: 0.10925053513096607
new generation:  3993
Fittest                      43.385270009439196
highest fitness' coverage:   44.47777536074886
highest fitness' collisions: 0.10925053513096615
new generation:  3994
Fittest                      43.40756314582585
highest fitness' coverage:   44.50006849713551
highest fitness' collisions: 0.1092505351309661
new generation:  3995
Fittest                      43.39463830293861
highest fitness' coverage:   44.48714365424827
highest fitness' collisions: 0.10925053513096622
new generation:  3996
Fittest                      43.38564587554085
highest fitness' coverage:   44.478151226850514
highest fitness' collisions: 0.10925053513096615
new generation:  3997
Fittest                      43.388347626233006
highest fitness' coverage:   44.48085297754267
highest fitness' collisions: 0.1092505351309662
new generation:  3998
Fittest                      43.40432388563512
highest fitness' coverage:   44.496829236944784
highest fitness' collisions: 0.10925053513096607
new generation:  3999
Fittest                      43.37606486094453
highest fitness' coverage:   44.46857021225419
highest fitness' collisions: 0.10925053513096612
new generation:  4000
Fittest                      43.39211885318881
highest fitness' coverage:   44.48462420449847
highest fitness' collisions: 0.10925053513096614
new generation:  4001
Fittest                      43.394810390431246
highest fitness' coverage:   44.48731574174091
highest fitness' collisions: 0.10925053513096605
new generation:  4002
Fittest                      43.413851848306216
highest fitness' coverage:   44.477835910661355
highest fitness' collisions: 0.10639840623551414
new generation:  4003
Fittest                      43.420701117385555
highest fitness' coverage:   44.484685179740694
highest fitness' collisions: 0.10639840623551418
new generation:  4004
Fittest                      43.404727084698905
highest fitness' coverage:   44.468711147054044
highest fitness' collisions: 0.10639840623551414
new generation:  4005
Fittest                      43.42043968532988
highest fitness' coverage:   44.48442374768502
highest fitness' collisions: 0.10639840623551412
new generation:  4006
Fittest                      43.43846370975445
highest fitness' coverage:   44.50244777210959
highest fitness' collisions: 0.10639840623551419
new generation:  4007
Fittest                      43.43920805335813
highest fitness' coverage:   44.50319211571327
highest fitness' collisions: 0.1063984062355142
new generation:  4008
Fittest                      43.423639737428346
highest fitness' coverage:   44.487623799783485
highest fitness' collisions: 0.10639840623551412
new generation:  4009
Fittest                      43.40452260522396
highest fitness' coverage:   44.4685066675791
highest fitness' collisions: 0.10639840623551414
new generation:  4010
Fittest                      43.41420898853468
highest fitness' coverage:   44.47819305088982
highest fitness' collisions: 0.10639840623551408
new generation:  4011
Fittest                      43.41997238512852
highest fitness' coverage:   44.483956447483656
highest fitness' collisions: 0.10639840623551418
new generation:  4012
Fittest                      43.43253721379251
highest fitness' coverage:   44.49652127614765
highest fitness' collisions: 0.10639840623551416
new generation:  4013
Fittest                      43.42051009752777
highest fitness' coverage:   44.48449415988291
highest fitness' collisions: 0.10639840623551407
new generation:  4014
Fittest                      43.421854646477605
highest fitness' coverage:   44.49720281110769
highest fitness' collisions: 0.10753481646300869
new generation:  4015
Fittest                      43.41196955581902
highest fitness' coverage:   44.487317720449106
highest fitness' collisions: 0.10753481646300876
new generation:  4016
Fittest                      43.420920425844216
highest fitness' coverage:   44.4962685904743
highest fitness' collisions: 0.1075348164630087
new generation:  4017
Fittest                      43.398642519746055
highest fitness' coverage:   44.48521086891916
highest fitness' collisions: 0.10865683491731067
new generation:  4018
Fittest                      43.41220988103334
highest fitness' coverage:   44.497415187192466
highest fitness' collisions: 0.1085205306159123
new generation:  4019
Fittest                      43.41537296204038
highest fitness' coverage:   44.500578268199504
highest fitness' collisions: 0.10852053061591221
new generation:  4020
Fittest                      43.39675916954406
highest fitness' coverage:   44.48196447570319
highest fitness' collisions: 0.1085205306159123
new generation:  4021
Fittest                      43.43116200723342
highest fitness' coverage:   44.51636731339254
highest fitness' collisions: 0.10852053061591234
new generation:  4022
Fittest                      43.39998144328301
highest fitness' coverage:   44.485186749442136
highest fitness' collisions: 0.10852053061591228
new generation:  4023
Fittest                      43.41841296576082
highest fitness' coverage:   44.50361827191995
highest fitness' collisions: 0.10852053061591221
new generation:  4024
Fittest                      43.431084192507285
highest fitness' coverage:   44.51628949866641
highest fitness' collisions: 0.1085205306159122
new generation:  4025
Fittest                      43.402957451900534
highest fitness' coverage:   44.48816275805966
highest fitness' collisions: 0.10852053061591227
new generation:  4026
Fittest                      43.39042441393306
highest fitness' coverage:   44.475629720092186
highest fitness' collisions: 0.10852053061591223
new generation:  4027
Fittest                      43.43392953878365
highest fitness' coverage:   44.519134844942776
highest fitness' collisions: 0.1085205306159123
new generation:  4028
Fittest                      43.424747470174516
highest fitness' coverage:   44.50995277633364
highest fitness' collisions: 0.10852053061591219
new generation:  4029
Fittest                      43.406059801980795
highest fitness' coverage:   44.49126510813992
highest fitness' collisions: 0.10852053061591226
new generation:  4030
Fittest                      43.402978516322946
highest fitness' coverage:   44.48818382248207
highest fitness' collisions: 0.10852053061591237
new generation:  4031
Fittest                      43.390455180160245
highest fitness' coverage:   44.47566048631937
highest fitness' collisions: 0.10852053061591224
new generation:  4032
Fittest                      43.4308471309778
highest fitness' coverage:   44.51605243713693
highest fitness' collisions: 0.10852053061591231
new generation:  4033
Fittest                      43.43899356643139
highest fitness' coverage:   44.522392804958564
highest fitness' collisions: 0.10833992385271735
new generation:  4034
Fittest                      43.40801688922706
highest fitness' coverage:   44.491416127754235
highest fitness' collisions: 0.10833992385271723
new generation:  4035
Fittest                      43.41775869957596
highest fitness' coverage:   44.501157938103134
highest fitness' collisions: 0.1083399238527173
new generation:  4036
Fittest                      43.39833756037041
highest fitness' coverage:   44.48173679889758
highest fitness' collisions: 0.1083399238527173
new generation:  4037
Fittest                      43.42089885636517
highest fitness' coverage:   44.50429809489234
highest fitness' collisions: 0.10833992385271729
new generation:  4038
Fittest                      43.37619444586572
highest fitness' coverage:   44.460463684226305
highest fitness' collisions: 0.10842692383605812
new generation:  4039
Fittest                      43.40409874141563
highest fitness' coverage:   44.488367979776214
highest fitness' collisions: 0.10842692383605813
new generation:  4040
Fittest                      43.40611734120585
highest fitness' coverage:   44.49136298509257
highest fitness' collisions: 0.1085245643886725
new generation:  4041
Fittest                      43.41162418553557
highest fitness' coverage:   44.4976994915281
highest fitness' collisions: 0.10860753059925311
new generation:  4042
Fittest                      43.39270025886701
highest fitness' coverage:   44.47877556485954
highest fitness' collisions: 0.10860753059925311
new generation:  4043
Fittest                      43.40543994946882
highest fitness' coverage:   44.49151525546135
highest fitness' collisions: 0.10860753059925313
new generation:  4044
Fittest                      43.39239962387575
highest fitness' coverage:   44.47847492986828
highest fitness' collisions: 0.1086075305992532
new generation:  4045
Fittest                      43.39887346871822
highest fitness' coverage:   44.48494877471075
highest fitness' collisions: 0.10860753059925313
new generation:  4046
Fittest                      43.399081256991785
highest fitness' coverage:   44.485156562984315
highest fitness' collisions: 0.10860753059925314
new generation:  4047
Fittest                      43.39538932324419
highest fitness' coverage:   44.48146462923672
highest fitness' collisions: 0.10860753059925306
new generation:  4048
Fittest                      43.40553534676636
highest fitness' coverage:   44.49161065275889
highest fitness' collisions: 0.10860753059925318
new generation:  4049
Fittest                      43.41192627564237
highest fitness' coverage:   44.4980015816349
highest fitness' collisions: 0.10860753059925309
new generation:  4050
Fittest                      43.41801860151079
highest fitness' coverage:   44.50409390750332
highest fitness' collisions: 0.10860753059925311
new generation:  4051
Fittest                      43.38971643067619
highest fitness' coverage:   44.47579173666872
highest fitness' collisions: 0.10860753059925315
new generation:  4052
Fittest                      43.40892040671392
highest fitness' coverage:   44.49499571270645
highest fitness' collisions: 0.10860753059925317
new generation:  4053
Fittest                      43.395793048450976
highest fitness' coverage:   44.481868354443506
highest fitness' collisions: 0.10860753059925309
new generation:  4054
Fittest                      43.396445585314794
highest fitness' coverage:   44.482520891307324
highest fitness' collisions: 0.10860753059925321
new generation:  4055
Fittest                      43.411477478930614
highest fitness' coverage:   44.497552784923144
highest fitness' collisions: 0.10860753059925309
new generation:  4056
Fittest                      43.39000825437938
highest fitness' coverage:   44.48509771150057
highest fitness' collisions: 0.1095089457121193
new generation:  4057
Fittest                      43.380588505103134
highest fitness' coverage:   44.475677962224324
highest fitness' collisions: 0.10950894571211935
new generation:  4058
Fittest                      43.36841029947654
highest fitness' coverage:   44.46349975659773
highest fitness' collisions: 0.10950894571211921
new generation:  4059
Fittest                      43.40240094305321
highest fitness' coverage:   44.49761062661786
highest fitness' collisions: 0.10952096835646546
new generation:  4060
Fittest                      43.39302135382725
highest fitness' coverage:   44.488231037391905
highest fitness' collisions: 0.1095209683564655
new generation:  4061
Fittest                      43.39321555767461
highest fitness' coverage:   44.48842524123926
highest fitness' collisions: 0.10952096835646544
new generation:  4062
Fittest                      43.407462008230134
highest fitness' coverage:   44.51286043608252
highest fitness' collisions: 0.11053984278523833
new generation:  4063
Fittest                      43.37766116144371
highest fitness' coverage:   44.48507778237954
highest fitness' collisions: 0.11074166209358284
new generation:  4064
Fittest                      43.374960941226625
highest fitness' coverage:   44.482377562162455
highest fitness' collisions: 0.11074166209358291
new generation:  4065
Fittest                      43.36869317901785
highest fitness' coverage:   44.47610979995368
highest fitness' collisions: 0.11074166209358283
new generation:  4066
Fittest                      43.368986224400246
highest fitness' coverage:   44.476402845336075
highest fitness' collisions: 0.1107416620935829
new generation:  4067
Fittest                      43.36213427471497
highest fitness' coverage:   44.4695508956508
highest fitness' collisions: 0.1107416620935828
new generation:  4068
Fittest                      43.36170478850152
highest fitness' coverage:   44.47552804044923
highest fitness' collisions: 0.11138232519477098
new generation:  4069
Fittest                      43.374584496173085
highest fitness' coverage:   44.48840774812079
highest fitness' collisions: 0.11138232519477105
new generation:  4070
Fittest                      43.38054889827014
highest fitness' coverage:   44.494372150217856
highest fitness' collisions: 0.11138232519477112
new generation:  4071
Fittest                      43.39005176965298
highest fitness' coverage:   44.503875021600685
highest fitness' collisions: 0.11138232519477102
new generation:  4072
Fittest                      43.38395787957092
highest fitness' coverage:   44.49778113151863
highest fitness' collisions: 0.11138232519477101
new generation:  4073
Fittest                      43.375469336557956
highest fitness' coverage:   44.48810580663281
highest fitness' collisions: 0.1112636470074855
new generation:  4074
Fittest                      43.36584217022373
highest fitness' coverage:   44.47847864029858
highest fitness' collisions: 0.1112636470074855
new generation:  4075
Fittest                      43.381118124685095
highest fitness' coverage:   44.494258451177075
highest fitness' collisions: 0.11131403264919766
new generation:  4076
Fittest                      43.381433870279125
highest fitness' coverage:   44.4945741967711
highest fitness' collisions: 0.11131403264919758
new generation:  4077
Fittest                      43.37358003267032
highest fitness' coverage:   44.47900850396729
highest fitness' collisions: 0.11054284712969732
new generation:  4078
Fittest                      43.39184289932537
highest fitness' coverage:   44.49727137062234
highest fitness' collisions: 0.11054284712969734
new generation:  4079
Fittest                      43.37632135685914
highest fitness' coverage:   44.48174982815611
highest fitness' collisions: 0.11054284712969734
new generation:  4080
Fittest                      43.36721054100974
highest fitness' coverage:   44.472639012306715
highest fitness' collisions: 0.11054284712969725
new generation:  4081
Fittest                      43.37725191955601
highest fitness' coverage:   44.482680390852984
highest fitness' collisions: 0.11054284712969734
new generation:  4082
Fittest                      43.37678796902246
highest fitness' coverage:   44.482216440319434
highest fitness' collisions: 0.11054284712969739
new generation:  4083
Fittest                      43.37497983598957
highest fitness' coverage:   44.465953909579085
highest fitness' collisions: 0.10909740735895145
new generation:  4084
Fittest                      43.37833580426245
highest fitness' coverage:   44.46930987785196
highest fitness' collisions: 0.10909740735895133
new generation:  4085
Fittest                      43.37527821991988
highest fitness' coverage:   44.46625229350939
highest fitness' collisions: 0.10909740735895142
new generation:  4086
Fittest                      43.40698112314167
highest fitness' coverage:   44.49795519673118
highest fitness' collisions: 0.10909740735895139
new generation:  4087
Fittest                      43.40665456813634
highest fitness' coverage:   44.49762864172585
highest fitness' collisions: 0.10909740735895143
new generation:  4088
Fittest                      43.378737883397704
highest fitness' coverage:   44.46971195698722
highest fitness' collisions: 0.10909740735895146
new generation:  4089
Fittest                      43.37640829361213
highest fitness' coverage:   44.45616218265862
highest fitness' collisions: 0.1079753889046494
new generation:  4090
Fittest                      43.39678366094411
highest fitness' coverage:   44.49294930751726
highest fitness' collisions: 0.10961656465731484
new generation:  4091
Fittest                      43.38426488016147
highest fitness' coverage:   44.480430526734615
highest fitness' collisions: 0.10961656465731484
new generation:  4092
Fittest                      43.39323500798556
highest fitness' coverage:   44.49311600684968
highest fitness' collisions: 0.10998809988641206
new generation:  4093
Fittest                      43.405329883750355
highest fitness' coverage:   44.50521088261448
highest fitness' collisions: 0.10998809988641206
new generation:  4094
Fittest                      43.40283380523613
highest fitness' coverage:   44.50271480410025
highest fitness' collisions: 0.10998809988641207
new generation:  4095
Fittest                      43.3935126475864
highest fitness' coverage:   44.49339364645052
highest fitness' collisions: 0.10998809988641202
new generation:  4096
Fittest                      43.38640100913653
highest fitness' coverage:   44.48628200800065
highest fitness' collisions: 0.10998809988641203
new generation:  4097
Fittest                      43.390328079767855
highest fitness' coverage:   44.49020907863197
highest fitness' collisions: 0.10998809988641192
new generation:  4098
Fittest                      43.389826831395744
highest fitness' coverage:   44.48970783025987
highest fitness' collisions: 0.10998809988641205
new generation:  4099
Fittest                      43.39609822804729
highest fitness' coverage:   44.495979226911416
highest fitness' collisions: 0.10998809988641207
new generation:  4100
Fittest                      43.39651463079357
highest fitness' coverage:   44.49639562965769
highest fitness' collisions: 0.10998809988641202
new generation:  4101
Fittest                      43.36805947945149
highest fitness' coverage:   44.46794047831561
highest fitness' collisions: 0.10998809988641207
new generation:  4102
Fittest                      43.411572707401156
highest fitness' coverage:   44.51145370626528
highest fitness' collisions: 0.109988099886412
new generation:  4103
Fittest                      43.38013753741619
highest fitness' coverage:   44.48001853628031
highest fitness' collisions: 0.10998809988641199
new generation:  4104
Fittest                      43.390276659189915
highest fitness' coverage:   44.48644230576306
highest fitness' collisions: 0.10961656465731485
new generation:  4105
Fittest                      43.40928947738066
highest fitness' coverage:   44.50545512395381
highest fitness' collisions: 0.10961656465731473
new generation:  4106
Fittest                      43.39819271242786
highest fitness' coverage:   44.505480999803396
highest fitness' collisions: 0.11072882873755416
new generation:  4107
Fittest                      43.384223319206626
highest fitness' coverage:   44.511877620548255
highest fitness' collisions: 0.11276543013416254
new generation:  4108
Fittest                      43.386906715506974
highest fitness' coverage:   44.514561016848596
highest fitness' collisions: 0.11276543013416246
new generation:  4109
Fittest                      43.34390400801987
highest fitness' coverage:   44.4715583093615
highest fitness' collisions: 0.11276543013416254
new generation:  4110
Fittest                      43.35263936462732
highest fitness' coverage:   44.48029366596895
highest fitness' collisions: 0.11276543013416258
new generation:  4111
Fittest                      43.346586796411835
highest fitness' coverage:   44.474241097753456
highest fitness' collisions: 0.11276543013416242
new generation:  4112
Fittest                      43.360319051915326
highest fitness' coverage:   44.467607339290865
highest fitness' collisions: 0.11072882873755419
new generation:  4113
Fittest                      43.397401962968495
highest fitness' coverage:   44.504690250344034
highest fitness' collisions: 0.11072882873755419
new generation:  4114
Fittest                      43.39157478616788
highest fitness' coverage:   44.49886307354342
highest fitness' collisions: 0.11072882873755416
new generation:  4115
Fittest                      43.384908115070125
highest fitness' coverage:   44.492196402445664
highest fitness' collisions: 0.1107288287375542
new generation:  4116
Fittest                      43.397357358778336
highest fitness' coverage:   44.504645646153875
highest fitness' collisions: 0.11072882873755412
new generation:  4117
Fittest                      43.372745053258114
highest fitness' coverage:   44.48003334063365
highest fitness' collisions: 0.1107288287375542
new generation:  4118
Fittest                      43.38191159959042
highest fitness' coverage:   44.489199886965956
highest fitness' collisions: 0.1107288287375542
new generation:  4119
Fittest                      43.378663197437
highest fitness' coverage:   44.48595148481254
highest fitness' collisions: 0.11072882873755414
new generation:  4120
Fittest                      43.37290013374948
highest fitness' coverage:   44.48018842112502
highest fitness' collisions: 0.11072882873755414
new generation:  4121
Fittest                      43.38168295398761
highest fitness' coverage:   44.488971241363146
highest fitness' collisions: 0.1107288287375541
new generation:  4122
Fittest                      43.372696692777176
highest fitness' coverage:   44.479984980152715
highest fitness' collisions: 0.11072882873755414
new generation:  4123
Fittest                      43.3853020587151
highest fitness' coverage:   44.49259034609064
highest fitness' collisions: 0.1107288287375542
new generation:  4124
Fittest                      43.37706183611969
highest fitness' coverage:   44.4890274749081
highest fitness' collisions: 0.11119656387884136
new generation:  4125
Fittest                      43.38020928012956
highest fitness' coverage:   44.492174918917975
highest fitness' collisions: 0.1111965638788414
new generation:  4126
Fittest                      43.396054916153716
highest fitness' coverage:   44.50802055494213
highest fitness' collisions: 0.1111965638788414
new generation:  4127
Fittest                      43.3961080025687
highest fitness' coverage:   44.508073641357115
highest fitness' collisions: 0.11119656387884137
new generation:  4128
Fittest                      43.367811644348926
highest fitness' coverage:   44.47977728313734
highest fitness' collisions: 0.11119656387884135
new generation:  4129
Fittest                      43.3616418947624
highest fitness' coverage:   44.47360753355081
highest fitness' collisions: 0.11119656387884139
new generation:  4130
Fittest                      43.381645324032654
highest fitness' coverage:   44.4923359620096
highest fitness' collisions: 0.11106906379769468
new generation:  4131
Fittest                      43.37525897431044
highest fitness' coverage:   44.485949612287385
highest fitness' collisions: 0.11106906379769464
new generation:  4132
Fittest                      43.37532092795034
highest fitness' coverage:   44.486011565927285
highest fitness' collisions: 0.11106906379769461
new generation:  4133
Fittest                      43.36927946191109
highest fitness' coverage:   44.479970099888035
highest fitness' collisions: 0.1110690637976946
new generation:  4134
Fittest                      43.37512788885562
highest fitness' coverage:   44.48581852683257
highest fitness' collisions: 0.11106906379769467
new generation:  4135
Fittest                      43.387670395040594
highest fitness' coverage:   44.49836103301754
highest fitness' collisions: 0.11106906379769464
new generation:  4136
Fittest                      43.381499140331954
highest fitness' coverage:   44.4921897783089
highest fitness' collisions: 0.11106906379769467
new generation:  4137
Fittest                      43.37516131311226
highest fitness' coverage:   44.488975955017345
highest fitness' collisions: 0.11138146419050897
new generation:  4138
Fittest                      43.359740738865106
highest fitness' coverage:   44.47355538077019
highest fitness' collisions: 0.11138146419050893
new generation:  4139
Fittest                      43.378745608039644
highest fitness' coverage:   44.49256024994473
highest fitness' collisions: 0.111381464190509
new generation:  4140
Fittest                      43.38205265694333
highest fitness' coverage:   44.49586729884842
highest fitness' collisions: 0.11138146419050893
new generation:  4141
Fittest                      43.38506968893035
highest fitness' coverage:   44.49888433083544
highest fitness' collisions: 0.111381464190509
new generation:  4142
Fittest                      43.37527255983163
highest fitness' coverage:   44.48908720173672
highest fitness' collisions: 0.11138146419050905
new generation:  4143
Fittest                      43.38120084608074
highest fitness' coverage:   44.495015487985825
highest fitness' collisions: 0.11138146419050894
new generation:  4144
Fittest                      43.37872023585322
highest fitness' coverage:   44.49253487775832
highest fitness' collisions: 0.11138146419050904
new generation:  4145
Fittest                      43.381768649998946
highest fitness' coverage:   44.49558329190403
highest fitness' collisions: 0.11138146419050893
new generation:  4146
Fittest                      43.3750839657613
highest fitness' coverage:   44.488898607666385
highest fitness' collisions: 0.11138146419050886
new generation:  4147
Fittest                      43.36468146758878
highest fitness' coverage:   44.47118886387603
highest fitness' collisions: 0.11065073962872454
new generation:  4148
Fittest                      43.38890466900994
highest fitness' coverage:   44.49541206529719
highest fitness' collisions: 0.11065073962872456
new generation:  4149
Fittest                      43.38558461070616
highest fitness' coverage:   44.49209200699341
highest fitness' collisions: 0.11065073962872464
new generation:  4150
Fittest                      43.37987518997872
highest fitness' coverage:   44.48638258626597
highest fitness' collisions: 0.11065073962872454
new generation:  4151
Fittest                      43.37991134630768
highest fitness' coverage:   44.48641874259493
highest fitness' collisions: 0.11065073962872454
new generation:  4152
Fittest                      43.3787669615951
highest fitness' coverage:   44.48275230838178
highest fitness' collisions: 0.11039853467866802
new generation:  4153
Fittest                      43.379118659154834
highest fitness' coverage:   44.48310400594151
highest fitness' collisions: 0.11039853467866792
new generation:  4154
Fittest                      43.41332417191803
highest fitness' coverage:   44.51730951870471
highest fitness' collisions: 0.11039853467866793
new generation:  4155
Fittest                      43.39181468295856
highest fitness' coverage:   44.49580002974524
highest fitness' collisions: 0.11039853467866799
new generation:  4156
Fittest                      43.3912285087625
highest fitness' coverage:   44.498756979307096
highest fitness' collisions: 0.11075284705445969
new generation:  4157
Fittest                      43.38815004354137
highest fitness' coverage:   44.49567851408597
highest fitness' collisions: 0.11075284705445972
new generation:  4158
Fittest                      43.396929239226914
highest fitness' coverage:   44.504457709771515
highest fitness' collisions: 0.11075284705445981
new generation:  4159
Fittest                      43.38748874016208
highest fitness' coverage:   44.49501721070668
highest fitness' collisions: 0.1107528470544598
new generation:  4160
Fittest                      43.39419342218975
highest fitness' coverage:   44.50172189273435
highest fitness' collisions: 0.1107528470544598
new generation:  4161
Fittest                      43.38804449434379
highest fitness' coverage:   44.49557296488839
highest fitness' collisions: 0.11075284705445976
new generation:  4162
Fittest                      43.381287428969216
highest fitness' coverage:   44.48881589951381
highest fitness' collisions: 0.1107528470544597
new generation:  4163
Fittest                      43.38165024568169
highest fitness' coverage:   44.48917871622629
highest fitness' collisions: 0.11075284705445977
new generation:  4164
Fittest                      43.35677649950708
highest fitness' coverage:   44.46430497005168
highest fitness' collisions: 0.11075284705445973
new generation:  4165
Fittest                      43.36620703548551
highest fitness' coverage:   44.47373550603011
highest fitness' collisions: 0.11075284705445979
new generation:  4166
Fittest                      43.38518933936695
highest fitness' coverage:   44.492717809911554
highest fitness' collisions: 0.11075284705445981
new generation:  4167
Fittest                      43.41153123066487
highest fitness' coverage:   44.52040866409206
highest fitness' collisions: 0.11088774334271885
new generation:  4168
Fittest                      43.386501357868234
highest fitness' coverage:   44.49537879129542
highest fitness' collisions: 0.11088774334271885
new generation:  4169
Fittest                      43.3736146233093
highest fitness' coverage:   44.49304506877913
highest fitness' collisions: 0.11194304454698298
new generation:  4170
Fittest                      43.39471883386553
highest fitness' coverage:   44.50224130984233
highest fitness' collisions: 0.11075224759767993
new generation:  4171
Fittest                      43.37602904702613
highest fitness' coverage:   44.48355152300293
highest fitness' collisions: 0.1107522475976799
new generation:  4172
Fittest                      43.38835211533186
highest fitness' coverage:   44.49587459130866
highest fitness' collisions: 0.11075224759767993
new generation:  4173
Fittest                      43.407217031724095
highest fitness' coverage:   44.514739507700895
highest fitness' collisions: 0.11075224759767989
new generation:  4174
Fittest                      43.38197321587793
highest fitness' coverage:   44.48949569185473
highest fitness' collisions: 0.11075224759767992
new generation:  4175
Fittest                      43.37919783121159
highest fitness' coverage:   44.48672030718839
highest fitness' collisions: 0.1107522475976799
new generation:  4176
Fittest                      43.39139474873952
highest fitness' coverage:   44.49891722471632
highest fitness' collisions: 0.11075224759767989
new generation:  4177
Fittest                      43.38889882989389
highest fitness' coverage:   44.49642130587069
highest fitness' collisions: 0.11075224759767988
new generation:  4178
Fittest                      43.39162209671357
highest fitness' coverage:   44.49914457269037
highest fitness' collisions: 0.11075224759767992
new generation:  4179
Fittest                      43.39532540757762
highest fitness' coverage:   44.50284788355442
highest fitness' collisions: 0.11075224759767989
new generation:  4180
Fittest                      43.39453363925065
highest fitness' coverage:   44.502056115227454
highest fitness' collisions: 0.1107522475976799
new generation:  4181
Fittest                      43.40386351447305
highest fitness' coverage:   44.51138599044985
highest fitness' collisions: 0.11075224759767986
new generation:  4182
Fittest                      43.407313772126116
highest fitness' coverage:   44.51483624810292
highest fitness' collisions: 0.11075224759767986
new generation:  4183
Fittest                      43.37903783826663
highest fitness' coverage:   44.486560314243434
highest fitness' collisions: 0.11075224759767992
new generation:  4184
Fittest                      43.41085547816179
highest fitness' coverage:   44.50552479899671
highest fitness' collisions: 0.109466932083492
new generation:  4185
Fittest                      43.42313914550091
highest fitness' coverage:   44.51780846633583
highest fitness' collisions: 0.10946693208349205
new generation:  4186
Fittest                      43.42618718765757
highest fitness' coverage:   44.52085650849249
highest fitness' collisions: 0.10946693208349215
new generation:  4187
Fittest                      43.38892739747145
highest fitness' coverage:   44.483596718306366
highest fitness' collisions: 0.10946693208349202
new generation:  4188
Fittest                      43.39524025259223
highest fitness' coverage:   44.4896857013133
highest fitness' collisions: 0.1094445448721065
new generation:  4189
Fittest                      43.39843360967
highest fitness' coverage:   44.49287905839107
highest fitness' collisions: 0.10944454487210643
new generation:  4190
Fittest                      43.43272615585889
highest fitness' coverage:   44.52717160457995
highest fitness' collisions: 0.10944454487210642
new generation:  4191
Fittest                      43.406764692684746
highest fitness' coverage:   44.51139888569354
highest fitness' collisions: 0.11046341930087929
new generation:  4192
Fittest                      43.391666412349196
highest fitness' coverage:   44.49630060535799
highest fitness' collisions: 0.11046341930087931
new generation:  4193
Fittest                      43.384571698953174
highest fitness' coverage:   44.489205891961966
highest fitness' collisions: 0.11046341930087925
new generation:  4194
Fittest                      43.4076213277902
highest fitness' coverage:   44.514505939698694
highest fitness' collisions: 0.11068846119084878
new generation:  4195
Fittest                      43.40803687292289
highest fitness' coverage:   44.51492148483138
highest fitness' collisions: 0.1106884611908489
new generation:  4196
Fittest                      43.39855509224433
highest fitness' coverage:   44.50543970415282
highest fitness' collisions: 0.11068846119084891
new generation:  4197
Fittest                      43.42186329423282
highest fitness' coverage:   44.52407055472844
highest fitness' collisions: 0.11022072604956157
new generation:  4198
Fittest                      43.39802842754834
highest fitness' coverage:   44.50191399946697
highest fitness' collisions: 0.11038855719186351
new generation:  4199
Fittest                      43.399530287901406
highest fitness' coverage:   44.523692687015256
highest fitness' collisions: 0.11241623991138486
new generation:  4200
Fittest                      43.39401911434701
highest fitness' coverage:   44.51818151346086
highest fitness' collisions: 0.11241623991138482
new generation:  4201
Fittest                      43.365801316854785
highest fitness' coverage:   44.489963715968635
highest fitness' collisions: 0.11241623991138476
new generation:  4202
Fittest                      43.377993960496134
highest fitness' coverage:   44.502156359609984
highest fitness' collisions: 0.11241623991138473
new generation:  4203
Fittest                      43.371785951795665
highest fitness' coverage:   44.495948350909515
highest fitness' collisions: 0.11241623991138475
new generation:  4204
Fittest                      43.3846152232166
highest fitness' coverage:   44.50877762233045
highest fitness' collisions: 0.11241623991138483
new generation:  4205
Fittest                      43.40923377649902
highest fitness' coverage:   44.53339617561287
highest fitness' collisions: 0.11241623991138482
new generation:  4206
Fittest                      43.377871229267534
highest fitness' coverage:   44.50203362838138
highest fitness' collisions: 0.11241623991138475
new generation:  4207
Fittest                      43.39090830074729
highest fitness' coverage:   44.51507069986114
highest fitness' collisions: 0.11241623991138482
new generation:  4208
Fittest                      43.374793924609044
highest fitness' coverage:   44.498956323722894
highest fitness' collisions: 0.1124162399113848
new generation:  4209
Fittest                      43.39981367758994
highest fitness' coverage:   44.52397607670379
highest fitness' collisions: 0.1124162399113847
new generation:  4210
Fittest                      43.38946844525626
highest fitness' coverage:   44.523819588657844
highest fitness' collisions: 0.11343511434015775
new generation:  4211
Fittest                      43.352572034457765
highest fitness' coverage:   44.48692317785934
highest fitness' collisions: 0.1134351143401576
new generation:  4212
Fittest                      43.36930638720062
highest fitness' coverage:   44.501878339724726
highest fitness' collisions: 0.11325719525241017
new generation:  4213
Fittest                      43.37586360132365
highest fitness' coverage:   44.508435553847754
highest fitness' collisions: 0.11325719525241024
new generation:  4214
Fittest                      43.369322304628824
highest fitness' coverage:   44.50189425715293
highest fitness' collisions: 0.11325719525241024
new generation:  4215
Fittest                      43.397660620150134
highest fitness' coverage:   44.53023257267424
highest fitness' collisions: 0.11325719525241021
new generation:  4216
Fittest                      43.34818281639536
highest fitness' coverage:   44.48075476891946
highest fitness' collisions: 0.11325719525241025
new generation:  4217
Fittest                      43.381868652966396
highest fitness' coverage:   44.5144406054905
highest fitness' collisions: 0.1132571952524102
new generation:  4218
Fittest                      43.416472507098895
highest fitness' coverage:   44.549044459623
highest fitness' collisions: 0.11325719525241026
new generation:  4219
Fittest                      43.3880025741118
highest fitness' coverage:   44.520574526635905
highest fitness' collisions: 0.1132571952524102
new generation:  4220
Fittest                      43.3759404034439
highest fitness' coverage:   44.508512355968
highest fitness' collisions: 0.1132571952524102
new generation:  4221
Fittest                      43.379214438756435
highest fitness' coverage:   44.51178639128054
highest fitness' collisions: 0.11325719525241017
new generation:  4222
Fittest                      43.360465613935986
highest fitness' coverage:   44.49303756646009
highest fitness' collisions: 0.11325719525241018
new generation:  4223
Fittest                      43.37260107831233
highest fitness' coverage:   44.50517303083643
highest fitness' collisions: 0.11325719525241029
new generation:  4224
Fittest                      43.3851973593881
highest fitness' coverage:   44.517769311912204
highest fitness' collisions: 0.11325719525241029
new generation:  4225
Fittest                      43.37295664221779
highest fitness' coverage:   44.50552859474189
highest fitness' collisions: 0.1132571952524102
new generation:  4226
Fittest                      43.3787121898349
highest fitness' coverage:   44.511284142359
highest fitness' collisions: 0.11325719525241022
new generation:  4227
Fittest                      43.366487932552545
highest fitness' coverage:   44.49905988507665
highest fitness' collisions: 0.11325719525241026
new generation:  4228
Fittest                      43.37865209366401
highest fitness' coverage:   44.51122404618811
highest fitness' collisions: 0.11325719525241025
new generation:  4229
Fittest                      43.36019154074611
highest fitness' coverage:   44.49276349327021
highest fitness' collisions: 0.1132571952524102
new generation:  4230
Fittest                      43.3640282277335
highest fitness' coverage:   44.4966001802576
highest fitness' collisions: 0.11325719525241017
new generation:  4231
Fittest                      43.38199881899445
highest fitness' coverage:   44.51457077151855
highest fitness' collisions: 0.11325719525241015
new generation:  4232
Fittest                      43.37102031933098
highest fitness' coverage:   44.49340352756735
highest fitness' collisions: 0.1122383208236373
new generation:  4233
Fittest                      43.38592295216863
highest fitness' coverage:   44.508306160405
highest fitness' collisions: 0.11223832082363729
new generation:  4234
Fittest                      43.407839462903084
highest fitness' coverage:   44.530222671139455
highest fitness' collisions: 0.11223832082363729
new generation:  4235
Fittest                      43.401529117900495
highest fitness' coverage:   44.523912326136866
highest fitness' collisions: 0.11223832082363729
new generation:  4236
Fittest                      43.373605941479134
highest fitness' coverage:   44.495989149715506
highest fitness' collisions: 0.11223832082363726
new generation:  4237
Fittest                      43.38939795427579
highest fitness' coverage:   44.511781162512165
highest fitness' collisions: 0.11223832082363729
new generation:  4238
Fittest                      43.38329461463905
highest fitness' coverage:   44.49920124501992
highest fitness' collisions: 0.11159066303808732
new generation:  4239
Fittest                      43.36464790444238
highest fitness' coverage:   44.48055453482325
highest fitness' collisions: 0.11159066303808726
new generation:  4240
Fittest                      43.392184321437966
highest fitness' coverage:   44.50809095181884
highest fitness' collisions: 0.11159066303808735
new generation:  4241
Fittest                      43.38305003447888
highest fitness' coverage:   44.53949195084277
highest fitness' collisions: 0.11564419163638949
new generation:  4242
Fittest                      43.35883076500447
highest fitness' coverage:   44.51543117068761
highest fitness' collisions: 0.1156600405683141
new generation:  4243
Fittest                      43.373876030695655
highest fitness' coverage:   44.5304764363788
highest fitness' collisions: 0.11566004056831412
new generation:  4244
Fittest                      43.37382746656255
highest fitness' coverage:   44.530427872245696
highest fitness' collisions: 0.11566004056831415
new generation:  4245
Fittest                      43.349543690652695
highest fitness' coverage:   44.50614409633584
highest fitness' collisions: 0.11566004056831404
new generation:  4246
Fittest                      43.38296278350625
highest fitness' coverage:   44.539563189189394
highest fitness' collisions: 0.11566004056831398
new generation:  4247
Fittest                      43.382073630643525
highest fitness' coverage:   44.51839720913145
highest fitness' collisions: 0.11363235784879278
new generation:  4248
Fittest                      43.38846052163233
highest fitness' coverage:   44.52478410012026
highest fitness' collisions: 0.11363235784879268
new generation:  4249
Fittest                      43.38947404741975
highest fitness' coverage:   44.527618896437225
highest fitness' collisions: 0.11381448490174709
new generation:  4250
Fittest                      43.386066339358166
highest fitness' coverage:   44.52421118837564
highest fitness' collisions: 0.11381448490174707
new generation:  4251
Fittest                      43.40446522903024
highest fitness' coverage:   44.54261007804771
highest fitness' collisions: 0.11381448490174713
new generation:  4252
Fittest                      43.39560220136834
highest fitness' coverage:   44.53374705038581
highest fitness' collisions: 0.11381448490174703
new generation:  4253
Fittest                      43.37070107488952
highest fitness' coverage:   44.50884592390699
highest fitness' collisions: 0.11381448490174711
new generation:  4254
Fittest                      43.36437810383619
highest fitness' coverage:   44.50252295285366
highest fitness' collisions: 0.11381448490174706
new generation:  4255
Fittest                      43.367425907242314
highest fitness' coverage:   44.505570756259786
highest fitness' collisions: 0.11381448490174711
new generation:  4256
Fittest                      43.37773221280288
highest fitness' coverage:   44.517656252697826
highest fitness' collisions: 0.11399240398949458
new generation:  4257
Fittest                      43.38759349129104
highest fitness' coverage:   44.527517531185985
highest fitness' collisions: 0.11399240398949455
new generation:  4258
Fittest                      43.38754710629366
highest fitness' coverage:   44.5274711461886
highest fitness' collisions: 0.11399240398949449
new generation:  4259
Fittest                      43.365820400657846
highest fitness' coverage:   44.50574444055279
highest fitness' collisions: 0.11399240398949458
new generation:  4260
Fittest                      43.375348290614674
highest fitness' coverage:   44.51527233050962
highest fitness' collisions: 0.1139924039894945
new generation:  4261
Fittest                      43.36267630658292
highest fitness' coverage:   44.50260034647786
highest fitness' collisions: 0.11399240398949452
new generation:  4262
Fittest                      43.375316976936645
highest fitness' coverage:   44.51524101683159
highest fitness' collisions: 0.1139924039894945
new generation:  4263
Fittest                      43.39993951073322
highest fitness' coverage:   44.53986355062816
highest fitness' collisions: 0.1139924039894945
new generation:  4264
Fittest                      43.384546177095444
highest fitness' coverage:   44.52447021699039
highest fitness' collisions: 0.11399240398949448
new generation:  4265
Fittest                      43.37832510373529
highest fitness' coverage:   44.518249143630236
highest fitness' collisions: 0.11399240398949448
new generation:  4266
Fittest                      43.38092095632224
highest fitness' coverage:   44.520844996217185
highest fitness' collisions: 0.11399240398949452
new generation:  4267
Fittest                      43.384148263210264
highest fitness' coverage:   44.52407230310521
highest fitness' collisions: 0.11399240398949453
new generation:  4268
Fittest                      43.38726556815964
highest fitness' coverage:   44.527189608054584
highest fitness' collisions: 0.1139924039894946
new generation:  4269
Fittest                      43.400425031421115
highest fitness' coverage:   44.54034907131606
highest fitness' collisions: 0.1139924039894945
new generation:  4270
Fittest                      43.378474142416614
highest fitness' coverage:   44.51839818231156
highest fitness' collisions: 0.11399240398949452
new generation:  4271
Fittest                      43.39082134061774
highest fitness' coverage:   44.530745380512684
highest fitness' collisions: 0.11399240398949458
new generation:  4272
Fittest                      43.37521897947604
highest fitness' coverage:   44.51514301937098
highest fitness' collisions: 0.11399240398949456
new generation:  4273
Fittest                      43.39358182190802
highest fitness' coverage:   44.533505861802965
highest fitness' collisions: 0.11399240398949452
new generation:  4274
Fittest                      43.37507643192286
highest fitness' coverage:   44.5150004718178
highest fitness' collisions: 0.11399240398949456
new generation:  4275
Fittest                      43.36002289283112
highest fitness' coverage:   44.49994693272606
highest fitness' collisions: 0.11399240398949449
new generation:  4276
Fittest                      43.37780841642941
highest fitness' coverage:   44.51773245632435
highest fitness' collisions: 0.11399240398949455
new generation:  4277
Fittest                      43.38461915433944
highest fitness' coverage:   44.52454319423438
highest fitness' collisions: 0.11399240398949458
new generation:  4278
Fittest                      43.38452192186761
highest fitness' coverage:   44.52444596176255
highest fitness' collisions: 0.1139924039894945
new generation:  4279
Fittest                      43.39395459296451
highest fitness' coverage:   44.533878632859455
highest fitness' collisions: 0.11399240398949456
new generation:  4280
Fittest                      43.37618909716551
highest fitness' coverage:   44.51476417417786
highest fitness' collisions: 0.11385750770123539
new generation:  4281
Fittest                      43.38303114977758
highest fitness' coverage:   44.521606226789935
highest fitness' collisions: 0.11385750770123539
new generation:  4282
Fittest                      43.38553251399315
highest fitness' coverage:   44.5241075910055
highest fitness' collisions: 0.11385750770123536
new generation:  4283
Fittest                      43.39520463828886
highest fitness' coverage:   44.533779715301215
highest fitness' collisions: 0.11385750770123539
new generation:  4284
Fittest                      43.363811917411795
highest fitness' coverage:   44.50238699442415
highest fitness' collisions: 0.11385750770123539
new generation:  4285
Fittest                      43.392092107551306
highest fitness' coverage:   44.53066718456366
highest fitness' collisions: 0.11385750770123546
new generation:  4286
Fittest                      43.379787408557306
highest fitness' coverage:   44.51836248556966
highest fitness' collisions: 0.11385750770123537
new generation:  4287
Fittest                      43.37612092392153
highest fitness' coverage:   44.51469600093389
highest fitness' collisions: 0.11385750770123537
new generation:  4288
Fittest                      43.397995488629434
highest fitness' coverage:   44.53657056564179
highest fitness' collisions: 0.11385750770123536
new generation:  4289
Fittest                      43.389250443460845
highest fitness' coverage:   44.5278255204732
highest fitness' collisions: 0.11385750770123534
new generation:  4290
Fittest                      43.36402460503503
highest fitness' coverage:   44.50259968204738
highest fitness' collisions: 0.1138575077012354
new generation:  4291
Fittest                      43.383233120967134
highest fitness' coverage:   44.52180819797949
highest fitness' collisions: 0.11385750770123534
new generation:  4292
Fittest                      43.36716784176128
highest fitness' coverage:   44.505742918773635
highest fitness' collisions: 0.11385750770123534
new generation:  4293
Fittest                      43.382599729017066
highest fitness' coverage:   44.521016316710174
highest fitness' collisions: 0.11384165876931071
new generation:  4294
Fittest                      43.379471147841514
highest fitness' coverage:   44.50897522615328
highest fitness' collisions: 0.11295040783117703
new generation:  4295
Fittest                      43.391174038564216
highest fitness' coverage:   44.520678116875985
highest fitness' collisions: 0.11295040783117699
new generation:  4296
Fittest                      43.40449073082998
highest fitness' coverage:   44.533994809141745
highest fitness' collisions: 0.11295040783117699
new generation:  4297
Fittest                      43.42010200389643
highest fitness' coverage:   44.5496060822082
highest fitness' collisions: 0.11295040783117705
new generation:  4298
Fittest                      43.38278902442958
highest fitness' coverage:   44.512293102741346
highest fitness' collisions: 0.11295040783117699
new generation:  4299
Fittest                      43.385576222553915
highest fitness' coverage:   44.51496007442222
highest fitness' collisions: 0.11293838518683078
new generation:  4300
Fittest                      43.3892983448556
highest fitness' coverage:   44.51868219672391
highest fitness' collisions: 0.11293838518683084
new generation:  4301
Fittest                      43.39770107798622
highest fitness' coverage:   44.521656083530125
highest fitness' collisions: 0.11239550055439068
new generation:  4302
Fittest                      43.41671329419347
highest fitness' coverage:   44.540668299737376
highest fitness' collisions: 0.11239550055439074
new generation:  4303
Fittest                      43.38873190403013
highest fitness' coverage:   44.512686909574036
highest fitness' collisions: 0.11239550055439067
new generation:  4304
Fittest                      43.40382490348404
highest fitness' coverage:   44.52777990902795
highest fitness' collisions: 0.11239550055439065
new generation:  4305
Fittest                      43.397529947284134
highest fitness' coverage:   44.52148495282804
highest fitness' collisions: 0.1123955005543906
new generation:  4306
Fittest                      43.41043867603914
highest fitness' coverage:   44.53439368158305
highest fitness' collisions: 0.11239550055439058
new generation:  4307
Fittest                      43.40746621212991
highest fitness' coverage:   44.53142121767382
highest fitness' collisions: 0.11239550055439064
new generation:  4308
Fittest                      43.385276146797274
highest fitness' coverage:   44.50923115234118
highest fitness' collisions: 0.1123955005543906
new generation:  4309
Fittest                      43.416946662098
highest fitness' coverage:   44.540901667641904
highest fitness' collisions: 0.11239550055439071
new generation:  4310
Fittest                      43.394755213276895
highest fitness' coverage:   44.5187102188208
highest fitness' collisions: 0.11239550055439071
new generation:  4311
Fittest                      43.388715064763375
highest fitness' coverage:   44.51267007030728
highest fitness' collisions: 0.11239550055439061
new generation:  4312
Fittest                      43.38876332267001
highest fitness' coverage:   44.512718328213914
highest fitness' collisions: 0.1123955005543906
new generation:  4313
Fittest                      43.40132067656484
highest fitness' coverage:   44.52527568210875
highest fitness' collisions: 0.11239550055439063
new generation:  4314
Fittest                      43.39774437367781
highest fitness' coverage:   44.521699379221715
highest fitness' collisions: 0.11239550055439061
new generation:  4315
Fittest                      43.39192101147744
highest fitness' coverage:   44.51587601702135
highest fitness' collisions: 0.1123955005543906
new generation:  4316
Fittest                      43.38846130214887
highest fitness' coverage:   44.512416307692774
highest fitness' collisions: 0.1123955005543907
new generation:  4317
Fittest                      43.41335823662558
highest fitness' coverage:   44.53731324216948
highest fitness' collisions: 0.11239550055439061
new generation:  4318
Fittest                      43.38329302913737
highest fitness' coverage:   44.62111768192216
highest fitness' collisions: 0.1237824652784789
new generation:  4319
Fittest                      43.38612139107201
highest fitness' coverage:   44.6239460438568
highest fitness' collisions: 0.12378246527847897
new generation:  4320
Fittest                      43.36408807844038
highest fitness' coverage:   44.60191273122517
highest fitness' collisions: 0.12378246527847896
new generation:  4321
Fittest                      43.41395984025045
highest fitness' coverage:   44.65178449303524
highest fitness' collisions: 0.12378246527847885
new generation:  4322
Fittest                      43.410774682960685
highest fitness' coverage:   44.63626526535904
highest fitness' collisions: 0.12254905823983607
new generation:  4323
Fittest                      43.379093768882086
highest fitness' coverage:   44.604584351280444
highest fitness' collisions: 0.12254905823983614
new generation:  4324
Fittest                      43.39494895089264
highest fitness' coverage:   44.620439533291
highest fitness' collisions: 0.12254905823983613
new generation:  4325
Fittest                      43.41067728393152
highest fitness' coverage:   44.63616786632988
highest fitness' collisions: 0.12254905823983614
new generation:  4326
Fittest                      43.398442701228525
highest fitness' coverage:   44.62393328362689
highest fitness' collisions: 0.12254905823983617
new generation:  4327
Fittest                      43.39625129904216
highest fitness' coverage:   44.623603968577186
highest fitness' collisions: 0.12273526695350244
new generation:  4328
Fittest                      43.40215418094443
highest fitness' coverage:   44.62950685047945
highest fitness' collisions: 0.12273526695350243
new generation:  4329
Fittest                      43.39354071363368
highest fitness' coverage:   44.620893383168706
highest fitness' collisions: 0.1227352669535025
new generation:  4330
Fittest                      43.4118009137586
highest fitness' coverage:   44.63915358329362
highest fitness' collisions: 0.12273526695350252
new generation:  4331
Fittest                      43.37781088866352
highest fitness' coverage:   44.60516355819854
highest fitness' collisions: 0.12273526695350243
new generation:  4332
Fittest                      43.388726416615874
highest fitness' coverage:   44.614471611830304
highest fitness' collisions: 0.12257451952144309
new generation:  4333
Fittest                      43.40098264940207
highest fitness' coverage:   44.576236655539
highest fitness' collisions: 0.11752540061369329
new generation:  4334
Fittest                      43.40723189022286
highest fitness' coverage:   44.58248589635979
highest fitness' collisions: 0.11752540061369328
new generation:  4335
Fittest                      43.41345406372168
highest fitness' coverage:   44.58870806985861
highest fitness' collisions: 0.11752540061369332
new generation:  4336
Fittest                      43.3791217416642
highest fitness' coverage:   44.55437574780113
highest fitness' collisions: 0.11752540061369333
new generation:  4337
Fittest                      43.404518816975425
highest fitness' coverage:   44.57977282311236
highest fitness' collisions: 0.11752540061369325
new generation:  4338
Fittest                      43.410133760628106
highest fitness' coverage:   44.58538776676504
highest fitness' collisions: 0.11752540061369335
new generation:  4339
Fittest                      43.42318866512322
highest fitness' coverage:   44.59844267126015
highest fitness' collisions: 0.11752540061369328
new generation:  4340
Fittest                      43.44737950271673
highest fitness' coverage:   44.62263350885366
highest fitness' collisions: 0.11752540061369325
new generation:  4341
Fittest                      43.43802065558869
highest fitness' coverage:   44.61327466172562
highest fitness' collisions: 0.11752540061369325
new generation:  4342
Fittest                      43.42808793766927
highest fitness' coverage:   44.60510361134296
highest fitness' collisions: 0.11770156736736963
new generation:  4343
Fittest                      43.40008017800722
highest fitness' coverage:   44.577095851680916
highest fitness' collisions: 0.11770156736736968
new generation:  4344
Fittest                      43.40628982928088
highest fitness' coverage:   44.58330550295457
highest fitness' collisions: 0.1177015673673696
new generation:  4345
Fittest                      43.415685203214686
highest fitness' coverage:   44.59270087688838
highest fitness' collisions: 0.11770156736736961
new generation:  4346
Fittest                      43.43122752937987
highest fitness' coverage:   44.60824320305356
highest fitness' collisions: 0.11770156736736961
new generation:  4347
Fittest                      43.411723218475025
highest fitness' coverage:   44.62354269395358
highest fitness' collisions: 0.12118194754785587
new generation:  4348
Fittest                      43.39357961783323
highest fitness' coverage:   44.60539909331179
highest fitness' collisions: 0.12118194754785584
new generation:  4349
Fittest                      43.39277016370815
highest fitness' coverage:   44.604589639186706
highest fitness' collisions: 0.12118194754785593
new generation:  4350
Fittest                      43.40273127597058
highest fitness' coverage:   44.61455075144914
highest fitness' collisions: 0.12118194754785581
new generation:  4351
Fittest                      43.39298611170539
highest fitness' coverage:   44.60480558718395
highest fitness' collisions: 0.1211819475478559
new generation:  4352
Fittest                      43.39343838740924
highest fitness' coverage:   44.6052578628878
highest fitness' collisions: 0.12118194754785577
new generation:  4353
Fittest                      43.386867363693305
highest fitness' coverage:   44.59868683917186
highest fitness' collisions: 0.12118194754785581
new generation:  4354
Fittest                      43.38888873091719
highest fitness' coverage:   44.5927649240485
highest fitness' collisions: 0.12038761931313156
new generation:  4355
Fittest                      43.40732533675551
highest fitness' coverage:   44.61120152988683
highest fitness' collisions: 0.12038761931313156
new generation:  4356
Fittest                      43.39523388738488
highest fitness' coverage:   44.5991100805162
highest fitness' collisions: 0.12038761931313155
new generation:  4357
Fittest                      43.39190150082229
highest fitness' coverage:   44.59577769395361
highest fitness' collisions: 0.12038761931313151
new generation:  4358
Fittest                      43.41702138946532
highest fitness' coverage:   44.62089758259663
highest fitness' collisions: 0.12038761931313156
new generation:  4359
Fittest                      43.398263836792104
highest fitness' coverage:   44.60214002992342
highest fitness' collisions: 0.12038761931313151
new generation:  4360
Fittest                      43.4144241274999
highest fitness' coverage:   44.640067642465404
highest fitness' collisions: 0.12256435149655057
new generation:  4361
Fittest                      43.39894743419708
highest fitness' coverage:   44.62459094916259
highest fitness' collisions: 0.12256435149655058
new generation:  4362
Fittest                      43.42085962242487
highest fitness' coverage:   44.646503137390376
highest fitness' collisions: 0.12256435149655058
new generation:  4363
Fittest                      43.389627414802845
highest fitness' coverage:   44.61527092976835
highest fitness' collisions: 0.12256435149655054
new generation:  4364
Fittest                      43.40828163290331
highest fitness' coverage:   44.633925147868815
highest fitness' collisions: 0.1225643514965506
new generation:  4365
Fittest                      43.38362798243983
highest fitness' coverage:   44.60927149740534
highest fitness' collisions: 0.12256435149655052
new generation:  4366
Fittest                      43.414968486449446
highest fitness' coverage:   44.64061200141495
highest fitness' collisions: 0.12256435149655054
new generation:  4367
Fittest                      43.43030318717774
highest fitness' coverage:   44.65594670214325
highest fitness' collisions: 0.12256435149655052
new generation:  4368
Fittest                      43.417701103091986
highest fitness' coverage:   44.64334461805749
highest fitness' collisions: 0.12256435149655062
new generation:  4369
Fittest                      43.39608971424159
highest fitness' coverage:   44.621733229207095
highest fitness' collisions: 0.12256435149655065
new generation:  4370
Fittest                      43.389769444238986
highest fitness' coverage:   44.61541295920449
highest fitness' collisions: 0.1225643514965506
new generation:  4371
Fittest                      43.40516365690963
highest fitness' coverage:   44.630807171875134
highest fitness' collisions: 0.12256435149655055
new generation:  4372
Fittest                      43.42861343793903
highest fitness' coverage:   44.6217947422099
highest fitness' collisions: 0.11931813042708705
new generation:  4373
Fittest                      43.422404426216055
highest fitness' coverage:   44.61558573048693
highest fitness' collisions: 0.11931813042708707
new generation:  4374
Fittest                      43.425105254410894
highest fitness' coverage:   44.61828655868177
highest fitness' collisions: 0.11931813042708705
new generation:  4375
Fittest                      43.432997269308586
highest fitness' coverage:   44.64401569976136
highest fitness' collisions: 0.12110184304527735
new generation:  4376
Fittest                      43.448122998050565
highest fitness' coverage:   44.65914142850334
highest fitness' collisions: 0.12110184304527735
new generation:  4377
Fittest                      43.40155411319014
highest fitness' coverage:   44.615662839075426
highest fitness' collisions: 0.1214108725885287
new generation:  4378
Fittest                      43.39860081453904
highest fitness' coverage:   44.612709540424326
highest fitness' collisions: 0.12141087258852873
new generation:  4379
Fittest                      43.416822464375606
highest fitness' coverage:   44.630931190260895
highest fitness' collisions: 0.12141087258852881
new generation:  4380
Fittest                      43.4044294953033
highest fitness' coverage:   44.612081678898235
highest fitness' collisions: 0.1207652183594941
new generation:  4381
Fittest                      43.451542179542976
highest fitness' coverage:   44.659194363137914
highest fitness' collisions: 0.1207652183594941
new generation:  4382
Fittest                      43.43870190697298
highest fitness' coverage:   44.64635409056792
highest fitness' collisions: 0.12076521835949405
new generation:  4383
Fittest                      43.41084609160603
highest fitness' coverage:   44.61849827520097
highest fitness' collisions: 0.12076521835949401
new generation:  4384
Fittest                      43.435551905738144
highest fitness' coverage:   44.64320408933308
highest fitness' collisions: 0.12076521835949404
new generation:  4385
Fittest                      43.41411395826464
highest fitness' coverage:   44.62176614185958
highest fitness' collisions: 0.12076521835949407
new generation:  4386
Fittest                      43.43356939341639
highest fitness' coverage:   44.640785061179095
highest fitness' collisions: 0.12072156677627
new generation:  4387
Fittest                      43.423066094938925
highest fitness' coverage:   44.6339353083703
highest fitness' collisions: 0.121086921343137
new generation:  4388
Fittest                      43.4263719139469
highest fitness' coverage:   44.637241127378275
highest fitness' collisions: 0.12108692134313703
new generation:  4389
Fittest                      43.426431618672936
highest fitness' coverage:   44.63730083210431
highest fitness' collisions: 0.12108692134313705
new generation:  4390
Fittest                      43.41440898930484
highest fitness' coverage:   44.628049777610336
highest fitness' collisions: 0.12136407883054982
new generation:  4391
Fittest                      43.420275395991034
highest fitness' coverage:   44.63391618429653
highest fitness' collisions: 0.12136407883054975
new generation:  4392
Fittest                      43.41699402722766
highest fitness' coverage:   44.630634815533156
highest fitness' collisions: 0.12136407883054987
new generation:  4393
Fittest                      43.40786484663798
highest fitness' coverage:   44.621505634943475
highest fitness' collisions: 0.12136407883054985
new generation:  4394
Fittest                      43.398427493305434
highest fitness' coverage:   44.61206828161093
highest fitness' collisions: 0.1213640788305498
new generation:  4395
Fittest                      43.38650855586002
highest fitness' coverage:   44.600149344165516
highest fitness' collisions: 0.12136407883054978
new generation:  4396
Fittest                      43.40195729762402
highest fitness' coverage:   44.61559808592952
highest fitness' collisions: 0.12136407883054974
new generation:  4397
Fittest                      43.409874949182225
highest fitness' coverage:   44.60791646149251
highest fitness' collisions: 0.11980415123102839
new generation:  4398
Fittest                      43.428263480860196
highest fitness' coverage:   44.62630499317048
highest fitness' collisions: 0.11980415123102824
new generation:  4399
Fittest                      43.43772163950643
highest fitness' coverage:   44.63576315181671
highest fitness' collisions: 0.11980415123102825
new generation:  4400
Fittest                      43.45081624348349
highest fitness' coverage:   44.64885775579377
highest fitness' collisions: 0.11980415123102825
new generation:  4401
Fittest                      43.43514816675571
highest fitness' coverage:   44.63318967906599
highest fitness' collisions: 0.11980415123102828
new generation:  4402
Fittest                      43.41614472536071
highest fitness' coverage:   44.61418623767099
highest fitness' collisions: 0.11980415123102837
new generation:  4403
Fittest                      43.44422782062497
highest fitness' coverage:   44.64226933293525
highest fitness' collisions: 0.1198041512310284
new generation:  4404
Fittest                      43.44777241103306
highest fitness' coverage:   44.64581392334334
highest fitness' collisions: 0.11980415123102835
new generation:  4405
Fittest                      43.43473311919313
highest fitness' coverage:   44.632774631503416
highest fitness' collisions: 0.11980415123102836
new generation:  4406
Fittest                      43.41620680217638
highest fitness' coverage:   44.614248314486666
highest fitness' collisions: 0.11980415123102822
new generation:  4407
Fittest                      43.408966055674796
highest fitness' coverage:   44.60840433315461
highest fitness' collisions: 0.11994382774798139
new generation:  4408
Fittest                      43.408756549840376
highest fitness' coverage:   44.60819482732019
highest fitness' collisions: 0.11994382774798133
new generation:  4409
Fittest                      43.45185274784668
highest fitness' coverage:   44.648374509976854
highest fitness' collisions: 0.11965217621301746
new generation:  4410
Fittest                      43.438704019449204
highest fitness' coverage:   44.62710498933517
highest fitness' collisions: 0.11884009698859699
new generation:  4411
Fittest                      43.44106774530181
highest fitness' coverage:   44.62946871518778
highest fitness' collisions: 0.11884009698859696
new generation:  4412
Fittest                      43.444835475062284
highest fitness' coverage:   44.63323644494825
highest fitness' collisions: 0.11884009698859697
new generation:  4413
Fittest                      43.447691803269656
highest fitness' coverage:   44.636092773155625
highest fitness' collisions: 0.118840096988597
new generation:  4414
Fittest                      43.44120858770885
highest fitness' coverage:   44.617624194898525
highest fitness' collisions: 0.11764156071896774
new generation:  4415
Fittest                      43.45965829204596
highest fitness' coverage:   44.63607389923563
highest fitness' collisions: 0.11764156071896784
new generation:  4416
Fittest                      43.45650131265714
highest fitness' coverage:   44.632916919846814
highest fitness' collisions: 0.11764156071896772
new generation:  4417
Fittest                      43.4617572715025
highest fitness' coverage:   44.62979513725017
highest fitness' collisions: 0.11680378657476694
new generation:  4418
Fittest                      43.445925333655154
highest fitness' coverage:   44.613963199402825
highest fitness' collisions: 0.1168037865747669
new generation:  4419
Fittest                      43.464931483056226
highest fitness' coverage:   44.6329693488039
highest fitness' collisions: 0.116803786574767
new generation:  4420
Fittest                      43.45852067510118
highest fitness' coverage:   44.62655854084885
highest fitness' collisions: 0.11680378657476692
new generation:  4421
Fittest                      43.47160941379623
highest fitness' coverage:   44.6396472795439
highest fitness' collisions: 0.11680378657476694
new generation:  4422
Fittest                      43.447161381940894
highest fitness' coverage:   44.60990606887144
highest fitness' collisions: 0.11627446869305463
new generation:  4423
Fittest                      43.44400968289287
highest fitness' coverage:   44.60675436982341
highest fitness' collisions: 0.11627446869305447
new generation:  4424
Fittest                      43.45340112244904
highest fitness' coverage:   44.61614580937958
highest fitness' collisions: 0.11627446869305455
new generation:  4425
Fittest                      43.44889993275626
highest fitness' coverage:   44.6129935825694
highest fitness' collisions: 0.11640936498131371
new generation:  4426
Fittest                      43.43663659422783
highest fitness' coverage:   44.60073024404097
highest fitness' collisions: 0.11640936498131368
new generation:  4427
Fittest                      43.440011554642666
highest fitness' coverage:   44.604105204455806
highest fitness' collisions: 0.11640936498131373
new generation:  4428
Fittest                      43.45844713872198
highest fitness' coverage:   44.62254078853512
highest fitness' collisions: 0.11640936498131371
new generation:  4429
Fittest                      43.45814228314413
highest fitness' coverage:   44.62223593295727
highest fitness' collisions: 0.11640936498131374
new generation:  4430
Fittest                      43.4211918169311
highest fitness' coverage:   44.58528546674424
highest fitness' collisions: 0.11640936498131367
new generation:  4431
Fittest                      43.43582193999249
highest fitness' coverage:   44.60047169455895
highest fitness' collisions: 0.11646497545664548
new generation:  4432
Fittest                      43.451531339972014
highest fitness' coverage:   44.61618109453847
highest fitness' collisions: 0.11646497545664558
new generation:  4433
Fittest                      43.45748231587057
highest fitness' coverage:   44.622132070437026
highest fitness' collisions: 0.11646497545664558
new generation:  4434
Fittest                      43.44461288492086
highest fitness' coverage:   44.60926263948731
highest fitness' collisions: 0.11646497545664548
new generation:  4435
Fittest                      43.46082405346075
highest fitness' coverage:   44.6254738080272
highest fitness' collisions: 0.1164649754566455
new generation:  4436
Fittest                      43.46089480758543
highest fitness' coverage:   44.62554456215189
highest fitness' collisions: 0.11646497545664557
new generation:  4437
Fittest                      43.451605968321005
highest fitness' coverage:   44.61625572288746
highest fitness' collisions: 0.11646497545664546
new generation:  4438
Fittest                      43.442231712744224
highest fitness' coverage:   44.60688146731068
highest fitness' collisions: 0.1164649754566456
new generation:  4439
Fittest                      43.449048431748
highest fitness' coverage:   44.61369818631445
highest fitness' collisions: 0.1164649754566455
new generation:  4440
Fittest                      43.46403142267343
highest fitness' coverage:   44.62868117723988
highest fitness' collisions: 0.11646497545664553
new generation:  4441
Fittest                      43.45497977945913
highest fitness' coverage:   44.619629534025584
highest fitness' collisions: 0.11646497545664544
new generation:  4442
Fittest                      43.43923616256277
highest fitness' coverage:   44.603885917129226
highest fitness' collisions: 0.1164649754566455
new generation:  4443
Fittest                      43.45771796281641
highest fitness' coverage:   44.622367717382865
highest fitness' collisions: 0.11646497545664548
new generation:  4444
Fittest                      43.44798319183306
highest fitness' coverage:   44.612632946399515
highest fitness' collisions: 0.11646497545664548
new generation:  4445
Fittest                      43.432745301793545
highest fitness' coverage:   44.59739505636
highest fitness' collisions: 0.1164649754566456
new generation:  4446
Fittest                      43.45768502292161
highest fitness' coverage:   44.622334777488064
highest fitness' collisions: 0.1164649754566455
new generation:  4447
Fittest                      43.47285169920757
highest fitness' coverage:   44.63750145377402
highest fitness' collisions: 0.11646497545664565
new generation:  4448
Fittest                      43.45447041394118
highest fitness' coverage:   44.619120168507635
highest fitness' collisions: 0.11646497545664551
new generation:  4449
Fittest                      43.44849111665282
highest fitness' coverage:   44.61314087121927
highest fitness' collisions: 0.11646497545664557
new generation:  4450
Fittest                      43.43890485208217
highest fitness' coverage:   44.60355460664862
highest fitness' collisions: 0.11646497545664554
new generation:  4451
Fittest                      43.43562316436622
highest fitness' coverage:   44.600272918932674
highest fitness' collisions: 0.11646497545664557
new generation:  4452
Fittest                      43.45792491906655
highest fitness' coverage:   44.622574673633004
highest fitness' collisions: 0.11646497545664561
new generation:  4453
Fittest                      43.45182671696023
highest fitness' coverage:   44.61647647152668
highest fitness' collisions: 0.11646497545664557
new generation:  4454
Fittest                      43.417112096232366
highest fitness' coverage:   44.58176185079882
highest fitness' collisions: 0.11646497545664569
new generation:  4455
Fittest                      43.44203945635174
highest fitness' coverage:   44.6066892109182
highest fitness' collisions: 0.11646497545664554
new generation:  4456
Fittest                      43.44875613171283
highest fitness' coverage:   44.61340588627928
highest fitness' collisions: 0.11646497545664553
new generation:  4457
Fittest                      43.45778874558477
highest fitness' coverage:   44.622438500151226
highest fitness' collisions: 0.11646497545664557
new generation:  4458
Fittest                      43.44526792001034
highest fitness' coverage:   44.60991767457679
highest fitness' collisions: 0.11646497545664551
new generation:  4459
Fittest                      43.43612989709898
highest fitness' coverage:   44.600779651665434
highest fitness' collisions: 0.11646497545664551
new generation:  4460
Fittest                      43.45149097054759
highest fitness' coverage:   44.61614072511404
highest fitness' collisions: 0.1164649754566455
new generation:  4461
Fittest                      43.433067749230815
highest fitness' coverage:   44.59771750379727
highest fitness' collisions: 0.11646497545664548
new generation:  4462
Fittest                      43.45766336548213
highest fitness' coverage:   44.62510972149589
highest fitness' collisions: 0.11674463560137655
new generation:  4463
Fittest                      43.439080474007696
highest fitness' coverage:   44.61015761056916
highest fitness' collisions: 0.11710771365614667
new generation:  4464
Fittest                      43.47636009218674
highest fitness' coverage:   44.6474372287482
highest fitness' collisions: 0.11710771365614664
new generation:  4465
Fittest                      43.45168494478113
highest fitness' coverage:   44.62276208134259
highest fitness' collisions: 0.11710771365614663
new generation:  4466
Fittest                      43.451702375004196
highest fitness' coverage:   44.62277951156566
highest fitness' collisions: 0.11710771365614665
new generation:  4467
Fittest                      43.45132147505389
highest fitness' coverage:   44.62239861161535
highest fitness' collisions: 0.1171077136561467
new generation:  4468
Fittest                      43.45800860207471
highest fitness' coverage:   44.62908573863618
highest fitness' collisions: 0.11710771365614664
new generation:  4469
Fittest                      43.43554423295642
highest fitness' coverage:   44.60662136951788
highest fitness' collisions: 0.1171077136561466
new generation:  4470
Fittest                      43.44210387376342
highest fitness' coverage:   44.61300723024201
highest fitness' collisions: 0.11709033564785917
new generation:  4471
Fittest                      43.44881379413097
highest fitness' coverage:   44.61971715060956
highest fitness' collisions: 0.11709033564785912
new generation:  4472
Fittest                      43.44524149595642
highest fitness' coverage:   44.616144852435006
highest fitness' collisions: 0.11709033564785923
new generation:  4473
Fittest                      43.45162668482877
highest fitness' coverage:   44.62253004130736
highest fitness' collisions: 0.11709033564785923
new generation:  4474
Fittest                      43.43653175561459
highest fitness' coverage:   44.60743511209318
highest fitness' collisions: 0.11709033564785917
new generation:  4475
Fittest                      43.41156759315692
highest fitness' coverage:   44.58247094963551
highest fitness' collisions: 0.11709033564785919
new generation:  4476
Fittest                      43.44187536898509
highest fitness' coverage:   44.61277872546368
highest fitness' collisions: 0.11709033564785919
new generation:  4477
Fittest                      43.42721815024754
highest fitness' coverage:   44.59812150672613
highest fitness' collisions: 0.11709033564785909
new generation:  4478
Fittest                      43.43009853626433
highest fitness' coverage:   44.60068566497691
highest fitness' collisions: 0.11705871287125746
new generation:  4479
Fittest                      43.442378874712524
highest fitness' coverage:   44.6129660034251
highest fitness' collisions: 0.11705871287125758
new generation:  4480
Fittest                      43.47385197955987
highest fitness' coverage:   44.644439108272444
highest fitness' collisions: 0.11705871287125749
new generation:  4481
Fittest                      43.47016287338295
highest fitness' coverage:   44.64075000209552
highest fitness' collisions: 0.11705871287125756
new generation:  4482
Fittest                      43.408718001660155
highest fitness' coverage:   44.59235290998561
highest fitness' collisions: 0.11836349083254491
new generation:  4483
Fittest                      43.44579513088147
highest fitness' coverage:   44.62943003920692
highest fitness' collisions: 0.1183634908325449
new generation:  4484
Fittest                      43.43306445250867
highest fitness' coverage:   44.61669936083412
highest fitness' collisions: 0.11836349083254487
new generation:  4485
Fittest                      43.4331611975054
highest fitness' coverage:   44.61679610583085
highest fitness' collisions: 0.118363490832545
new generation:  4486
Fittest                      43.43363433439518
highest fitness' coverage:   44.61726924272063
highest fitness' collisions: 0.11836349083254487
new generation:  4487
Fittest                      43.42828620243582
highest fitness' coverage:   44.62305500446449
highest fitness' collisions: 0.11947688020286679
new generation:  4488
Fittest                      43.41568158532394
highest fitness' coverage:   44.61045038735261
highest fitness' collisions: 0.11947688020286674
new generation:  4489
Fittest                      43.43107848661417
highest fitness' coverage:   44.62584728864284
highest fitness' collisions: 0.11947688020286673
new generation:  4490
Fittest                      43.42207210677761
highest fitness' coverage:   44.61684090880628
highest fitness' collisions: 0.11947688020286676
new generation:  4491
Fittest                      43.4128153993153
highest fitness' coverage:   44.60758420134397
highest fitness' collisions: 0.11947688020286681
new generation:  4492
Fittest                      43.437887829766126
highest fitness' coverage:   44.632656631794795
highest fitness' collisions: 0.11947688020286669
new generation:  4493
Fittest                      43.40758106332149
highest fitness' coverage:   44.59239086920188
highest fitness' collisions: 0.11848098058803885
new generation:  4494
Fittest                      43.43524438023266
highest fitness' coverage:   44.62005418611305
highest fitness' collisions: 0.11848098058803878
new generation:  4495
Fittest                      43.43486627871816
highest fitness' coverage:   44.61967608459855
highest fitness' collisions: 0.1184809805880389
new generation:  4496
Fittest                      43.42027212192484
highest fitness' coverage:   44.60508192780523
highest fitness' collisions: 0.11848098058803887
new generation:  4497
Fittest                      43.42324146780995
highest fitness' coverage:   44.60805127369034
highest fitness' collisions: 0.11848098058803892
new generation:  4498
Fittest                      43.44178419752028
highest fitness' coverage:   44.62659400340067
highest fitness' collisions: 0.11848098058803891
new generation:  4499
Fittest                      43.416822175381256
highest fitness' coverage:   44.60163198126165
highest fitness' collisions: 0.11848098058803892
new generation:  4500
Fittest                      43.447499815967184
highest fitness' coverage:   44.632309621847575
highest fitness' collisions: 0.11848098058803887
new generation:  4501
Fittest                      43.43221855105837
highest fitness' coverage:   44.61702835693876
highest fitness' collisions: 0.11848098058803887
new generation:  4502
Fittest                      43.431700776658815
highest fitness' coverage:   44.616510582539206
highest fitness' collisions: 0.11848098058803891
new generation:  4503
Fittest                      43.42265050060896
highest fitness' coverage:   44.60746030648935
highest fitness' collisions: 0.11848098058803888
new generation:  4504
Fittest                      43.41669532961703
highest fitness' coverage:   44.60150513549742
highest fitness' collisions: 0.11848098058803878
new generation:  4505
Fittest                      43.432121500023776
highest fitness' coverage:   44.61693130590417
highest fitness' collisions: 0.11848098058803883
new generation:  4506
Fittest                      43.4414811615499
highest fitness' coverage:   44.62629096743029
highest fitness' collisions: 0.11848098058803885
new generation:  4507
Fittest                      43.432097573544375
highest fitness' coverage:   44.61690737942477
highest fitness' collisions: 0.11848098058803883
new generation:  4508
Fittest                      43.41670060075078
highest fitness' coverage:   44.60151040663117
highest fitness' collisions: 0.11848098058803892
new generation:  4509
Fittest                      43.426246380768454
highest fitness' coverage:   44.611056186648845
highest fitness' collisions: 0.11848098058803885
new generation:  4510
Fittest                      43.43212511457338
highest fitness' coverage:   44.61693492045377
highest fitness' collisions: 0.11848098058803883
new generation:  4511
Fittest                      43.44739947646906
highest fitness' coverage:   44.63220928234945
highest fitness' collisions: 0.11848098058803884
new generation:  4512
Fittest                      43.41968540250798
highest fitness' coverage:   44.60453278817646
highest fitness' collisions: 0.11848473856684852
new generation:  4513
Fittest                      43.444307450445194
highest fitness' coverage:   44.62915483611368
highest fitness' collisions: 0.11848473856684856
new generation:  4514
Fittest                      43.45042292505643
highest fitness' coverage:   44.63527031072491
highest fitness' collisions: 0.11848473856684859
new generation:  4515
Fittest                      43.42916206410248
highest fitness' coverage:   44.60480478891781
highest fitness' collisions: 0.11756427248153298
new generation:  4516
Fittest                      43.46025765156654
highest fitness' coverage:   44.635900376381876
highest fitness' collisions: 0.11756427248153309
new generation:  4517
Fittest                      43.43538751231507
highest fitness' coverage:   44.6110302371304
highest fitness' collisions: 0.11756427248153309
new generation:  4518
Fittest                      43.44112739012105
highest fitness' coverage:   44.61677011493639
highest fitness' collisions: 0.11756427248153305
new generation:  4519
Fittest                      43.425197208163354
highest fitness' coverage:   44.60083993297869
highest fitness' collisions: 0.11756427248153307
new generation:  4520
Fittest                      43.43164228228583
highest fitness' coverage:   44.60728500710116
highest fitness' collisions: 0.11756427248153302
new generation:  4521
Fittest                      43.43145138469547
highest fitness' coverage:   44.607094109510804
highest fitness' collisions: 0.11756427248153312
new generation:  4522
Fittest                      43.44155187409012
highest fitness' coverage:   44.617194598905456
highest fitness' collisions: 0.11756427248153309
new generation:  4523
Fittest                      43.425818893966074
highest fitness' coverage:   44.60146161878141
highest fitness' collisions: 0.11756427248153306
new generation:  4524
Fittest                      43.43211503278049
highest fitness' coverage:   44.60775775759582
highest fitness' collisions: 0.11756427248153313
new generation:  4525
Fittest                      43.42253146048008
highest fitness' coverage:   44.59817418529541
highest fitness' collisions: 0.11756427248153309
new generation:  4526
Fittest                      43.45711172628003
highest fitness' coverage:   44.632754451095366
highest fitness' collisions: 0.11756427248153314
new generation:  4527
Fittest                      43.44124887484773
highest fitness' coverage:   44.61689159966306
highest fitness' collisions: 0.11756427248153306
new generation:  4528
Fittest                      43.42599209029447
highest fitness' coverage:   44.601634815109804
highest fitness' collisions: 0.1175642724815331
new generation:  4529
Fittest                      43.45996800844915
highest fitness' coverage:   44.635610733264485
highest fitness' collisions: 0.11756427248153307
new generation:  4530
Fittest                      43.444307156116956
highest fitness' coverage:   44.61994988093229
highest fitness' collisions: 0.11756427248153305
new generation:  4531
Fittest                      43.44446557829441
highest fitness' coverage:   44.620108303109745
highest fitness' collisions: 0.11756427248153314
new generation:  4532
Fittest                      43.447554568176265
highest fitness' coverage:   44.6231972929916
highest fitness' collisions: 0.11756427248153312
new generation:  4533
Fittest                      43.43822440436935
highest fitness' coverage:   44.61386712918468
highest fitness' collisions: 0.11756427248153302
new generation:  4534
Fittest                      43.43850527851688
highest fitness' coverage:   44.626055214268874
highest fitness' collisions: 0.11875499357519985
new generation:  4535
Fittest                      43.435025092243656
highest fitness' coverage:   44.62257502799565
highest fitness' collisions: 0.11875499357519989
new generation:  4536
Fittest                      43.454305897994274
highest fitness' coverage:   44.64185583374627
highest fitness' collisions: 0.11875499357519986
new generation:  4537
Fittest                      43.42326717736096
highest fitness' coverage:   44.61081711311296
highest fitness' collisions: 0.11875499357519985
new generation:  4538
Fittest                      43.432290065922174
highest fitness' coverage:   44.61984000167418
highest fitness' collisions: 0.11875499357519997
new generation:  4539
Fittest                      43.432716797769004
highest fitness' coverage:   44.604691162248535
highest fitness' collisions: 0.11719743644795334
new generation:  4540
Fittest                      43.43012672886179
highest fitness' coverage:   44.6071855468318
highest fitness' collisions: 0.11770588179700169
new generation:  4541
Fittest                      43.43326138717238
highest fitness' coverage:   44.61032020514239
highest fitness' collisions: 0.11770588179700164
new generation:  4542
Fittest                      43.44927890521329
highest fitness' coverage:   44.61380816169836
highest fitness' collisions: 0.11645292564850682
new generation:  4543
Fittest                      43.46500345519869
highest fitness' coverage:   44.62953271168376
highest fitness' collisions: 0.11645292564850666
new generation:  4544
Fittest                      43.44251121565257
highest fitness' coverage:   44.61014348144489
highest fitness' collisions: 0.11676322657923154
new generation:  4545
Fittest                      43.4457533748348
highest fitness' coverage:   44.613385640627115
highest fitness' collisions: 0.11676322657923154
new generation:  4546
Fittest                      43.430520690491825
highest fitness' coverage:   44.59815295628414
highest fitness' collisions: 0.11676322657923151
new generation:  4547
Fittest                      43.46195621926841
highest fitness' coverage:   44.62933144548245
highest fitness' collisions: 0.1167375226214039
new generation:  4548
Fittest                      43.44278571273302
highest fitness' coverage:   44.61016093894706
highest fitness' collisions: 0.11673752262140383
new generation:  4549
Fittest                      43.439713331067516
highest fitness' coverage:   44.60708855728156
highest fitness' collisions: 0.11673752262140388
new generation:  4550
Fittest                      43.45252672780823
highest fitness' coverage:   44.61990195402227
highest fitness' collisions: 0.11673752262140387
new generation:  4551
Fittest                      43.45243683825897
highest fitness' coverage:   44.61981206447301
highest fitness' collisions: 0.11673752262140384
new generation:  4552
Fittest                      43.4371865843562
highest fitness' coverage:   44.60456181057024
highest fitness' collisions: 0.11673752262140387
new generation:  4553
Fittest                      43.44957450736204
highest fitness' coverage:   44.61694973357608
highest fitness' collisions: 0.1167375226214038
new generation:  4554
Fittest                      43.46624105860701
highest fitness' coverage:   44.622382873640746
highest fitness' collisions: 0.11561418150337369
new generation:  4555
Fittest                      43.45374395976786
highest fitness' coverage:   44.6098857748016
highest fitness' collisions: 0.11561418150337364
new generation:  4556
Fittest                      43.44753528067426
highest fitness' coverage:   44.603677095707994
highest fitness' collisions: 0.11561418150337371
new generation:  4557
Fittest                      43.45679937037326
highest fitness' coverage:   44.612941185406996
highest fitness' collisions: 0.11561418150337359
new generation:  4558
Fittest                      43.457034929203594
highest fitness' coverage:   44.61317674423733
highest fitness' collisions: 0.11561418150337376
new generation:  4559
Fittest                      43.468919465703415
highest fitness' coverage:   44.62506128073715
highest fitness' collisions: 0.11561418150337376
new generation:  4560
Fittest                      43.44259141798002
highest fitness' coverage:   44.601548414007134
highest fitness' collisions: 0.11589569960271183
new generation:  4561
Fittest                      43.44266810933854
highest fitness' coverage:   44.601625105365656
highest fitness' collisions: 0.11589569960271183
new generation:  4562
Fittest                      43.4425604162266
highest fitness' coverage:   44.60151741225371
highest fitness' collisions: 0.11589569960271182
new generation:  4563
Fittest                      43.458205139655746
highest fitness' coverage:   44.61716213568287
highest fitness' collisions: 0.11589569960271186
new generation:  4564
Fittest                      43.45442749131912
highest fitness' coverage:   44.62064868347505
highest fitness' collisions: 0.11662211921559323
new generation:  4565
Fittest                      43.459791346280404
highest fitness' coverage:   44.626012538436335
highest fitness' collisions: 0.11662211921559337
new generation:  4566
Fittest                      43.42893852171492
highest fitness' coverage:   44.59515971387085
highest fitness' collisions: 0.11662211921559329
new generation:  4567
Fittest                      43.435582796673785
highest fitness' coverage:   44.60129112744573
highest fitness' collisions: 0.11657083307719415
new generation:  4568
Fittest                      43.4169099207439
highest fitness' coverage:   44.58261825151584
highest fitness' collisions: 0.11657083307719408
new generation:  4569
Fittest                      43.444945706946896
highest fitness' coverage:   44.61065403771884
highest fitness' collisions: 0.11657083307719415
new generation:  4570
Fittest                      43.442126154779544
highest fitness' coverage:   44.607834485551486
highest fitness' collisions: 0.11657083307719412
new generation:  4571
Fittest                      43.43863010357312
highest fitness' coverage:   44.60433843434506
highest fitness' collisions: 0.11657083307719424
new generation:  4572
Fittest                      43.4245392805041
highest fitness' coverage:   44.60498256108222
highest fitness' collisions: 0.11804432805781155
new generation:  4573
Fittest                      43.427020238256006
highest fitness' coverage:   44.60746351883412
highest fitness' collisions: 0.11804432805781165
new generation:  4574
Fittest                      43.46016955178692
highest fitness' coverage:   44.641961795247624
highest fitness' collisions: 0.11817922434607066
new generation:  4575
Fittest                      43.43210020397764
highest fitness' coverage:   44.613892447438346
highest fitness' collisions: 0.11817922434607081
new generation:  4576
Fittest                      43.41712299007062
highest fitness' coverage:   44.59891523353132
highest fitness' collisions: 0.11817922434607067
new generation:  4577
Fittest                      43.435449707981014
highest fitness' coverage:   44.61724195144172
highest fitness' collisions: 0.11817922434607067
new generation:  4578
Fittest                      43.42922365559848
highest fitness' coverage:   44.61101589905918
highest fitness' collisions: 0.11817922434607074
new generation:  4579
Fittest                      43.44132013622127
highest fitness' coverage:   44.62311237968198
highest fitness' collisions: 0.1181792243460708
new generation:  4580
Fittest                      43.42768366572056
highest fitness' coverage:   44.610648733062675
highest fitness' collisions: 0.11829650673421153
new generation:  4581
Fittest                      43.427719331203505
highest fitness' coverage:   44.61068439854562
highest fitness' collisions: 0.11829650673421152
new generation:  4582
Fittest                      43.43159790540417
highest fitness' coverage:   44.62910678334161
highest fitness' collisions: 0.1197508877937447
new generation:  4583
Fittest                      43.39781129419162
highest fitness' coverage:   44.595320172129064
highest fitness' collisions: 0.11975088779374476
new generation:  4584
Fittest                      43.43177846400254
highest fitness' coverage:   44.629287341939985
highest fitness' collisions: 0.11975088779374474
new generation:  4585
Fittest                      43.39807207271192
highest fitness' coverage:   44.595580950649364
highest fitness' collisions: 0.11975088779374471
new generation:  4586
Fittest                      43.40434382524895
highest fitness' coverage:   44.6018527031864
highest fitness' collisions: 0.11975088779374485
new generation:  4587
Fittest                      43.41937807075608
highest fitness' coverage:   44.61688694869353
highest fitness' collisions: 0.11975088779374482
new generation:  4588
Fittest                      43.41601975029305
highest fitness' coverage:   44.6135286282305
highest fitness' collisions: 0.11975088779374468
new generation:  4589
Fittest                      43.41607171533986
highest fitness' coverage:   44.61346036683385
highest fitness' collisions: 0.11973886514939847
new generation:  4590
Fittest                      43.42864990104708
highest fitness' coverage:   44.62603855254107
highest fitness' collisions: 0.11973886514939854
new generation:  4591
Fittest                      43.39771083683538
highest fitness' coverage:   44.59509948832937
highest fitness' collisions: 0.11973886514939855
new generation:  4592
Fittest                      43.41328325644877
highest fitness' coverage:   44.61067190794276
highest fitness' collisions: 0.1197388651493986
new generation:  4593
Fittest                      43.43463166292293
highest fitness' coverage:   44.63202031441692
highest fitness' collisions: 0.11973886514939852
new generation:  4594
Fittest                      43.40698007990518
highest fitness' coverage:   44.60436873139917
highest fitness' collisions: 0.11973886514939855
new generation:  4595
Fittest                      43.388138050084116
highest fitness' coverage:   44.585526701578104
highest fitness' collisions: 0.11973886514939854
new generation:  4596
Fittest                      43.40393360819474
highest fitness' coverage:   44.60132225968873
highest fitness' collisions: 0.11973886514939855
new generation:  4597
Fittest                      43.410073424154525
highest fitness' coverage:   44.60746207564851
highest fitness' collisions: 0.11973886514939855
new generation:  4598
Fittest                      43.393351132186396
highest fitness' coverage:   44.61963519590687
highest fitness' collisions: 0.12262840637204783
new generation:  4599
Fittest                      43.38756250524384
highest fitness' coverage:   44.61384656896432
highest fitness' collisions: 0.12262840637204794
new generation:  4600
Fittest                      43.37213711932874
highest fitness' coverage:   44.59842118304922
highest fitness' collisions: 0.12262840637204783
new generation:  4601
Fittest                      43.390546018815584
highest fitness' coverage:   44.61683008253606
highest fitness' collisions: 0.12262840637204801
new generation:  4602
Fittest                      43.37798369231817
highest fitness' coverage:   44.604267756038645
highest fitness' collisions: 0.12262840637204794
new generation:  4603
Fittest                      43.387351205638424
highest fitness' coverage:   44.6136352693589
highest fitness' collisions: 0.12262840637204792
new generation:  4604
Fittest                      43.3809718984614
highest fitness' coverage:   44.607255962181874
highest fitness' collisions: 0.12262840637204798
new generation:  4605
Fittest                      43.37771029031753
highest fitness' coverage:   44.60399435403801
highest fitness' collisions: 0.122628406372048
new generation:  4606
Fittest                      43.39332816677335
highest fitness' coverage:   44.61961223049383
highest fitness' collisions: 0.12262840637204794
new generation:  4607
Fittest                      43.36862542861932
highest fitness' coverage:   44.594909492339795
highest fitness' collisions: 0.12262840637204793
new generation:  4608
Fittest                      43.34732843256635
highest fitness' coverage:   44.58918806755929
highest fitness' collisions: 0.12418596349929449
new generation:  4609
Fittest                      43.352906708835015
highest fitness' coverage:   44.563956715778446
highest fitness' collisions: 0.12110500069434332
new generation:  4610
Fittest                      43.37674576774768
highest fitness' coverage:   44.58873620231545
highest fitness' collisions: 0.12119904345677708
new generation:  4611
Fittest                      43.36491977739253
highest fitness' coverage:   44.5769102119603
highest fitness' collisions: 0.12119904345677718
new generation:  4612
Fittest                      43.39326136613572
highest fitness' coverage:   44.60525180070349
highest fitness' collisions: 0.12119904345677708
new generation:  4613
Fittest                      43.36281177215079
highest fitness' coverage:   44.5577563688844
highest fitness' collisions: 0.11949445967336048
new generation:  4614
Fittest                      43.397333377123715
highest fitness' coverage:   44.59227797385732
highest fitness' collisions: 0.11949445967336035
new generation:  4615
Fittest                      43.39456698116444
highest fitness' coverage:   44.589511577898044
highest fitness' collisions: 0.11949445967336042
new generation:  4616
Fittest                      43.40344992333145
highest fitness' coverage:   44.59839452006506
highest fitness' collisions: 0.11949445967336032
new generation:  4617
Fittest                      43.387578727455896
highest fitness' coverage:   44.5825233241895
highest fitness' collisions: 0.1194944596733604
new generation:  4618
Fittest                      43.37905006682326
highest fitness' coverage:   44.57399466355687
highest fitness' collisions: 0.11949445967336039
new generation:  4619
Fittest                      43.37593636774961
highest fitness' coverage:   44.570880964483216
highest fitness' collisions: 0.11949445967336035
new generation:  4620
Fittest                      43.40025697597346
highest fitness' coverage:   44.59520157270707
highest fitness' collisions: 0.11949445967336042
new generation:  4621
Fittest                      43.375761734597766
highest fitness' coverage:   44.57070633133137
highest fitness' collisions: 0.11949445967336045
new generation:  4622
Fittest                      43.3971244570018
highest fitness' coverage:   44.59206905373541
highest fitness' collisions: 0.11949445967336042
new generation:  4623
Fittest                      43.41288610756813
highest fitness' coverage:   44.60783070430173
highest fitness' collisions: 0.11949445967336039
new generation:  4624
Fittest                      43.39768354072433
highest fitness' coverage:   44.592628137457936
highest fitness' collisions: 0.1194944596733604
new generation:  4625
Fittest                      43.415981772277156
highest fitness' coverage:   44.61092636901076
highest fitness' collisions: 0.11949445967336035
new generation:  4626
Fittest                      43.386478274615705
highest fitness' coverage:   44.586100222762184
highest fitness' collisions: 0.11996219481464761
new generation:  4627
Fittest                      43.394678339510335
highest fitness' coverage:   44.59818929824116
highest fitness' collisions: 0.12035109587308228
new generation:  4628
Fittest                      43.37274762267294
highest fitness' coverage:   44.57625858140376
highest fitness' collisions: 0.1203510958730823
new generation:  4629
Fittest                      43.389012478129196
highest fitness' coverage:   44.59252343686002
highest fitness' collisions: 0.12035109587308221
new generation:  4630
Fittest                      43.37180216580692
highest fitness' coverage:   44.60147043057748
highest fitness' collisions: 0.12296682647705617
new generation:  4631
Fittest                      43.36597277788155
highest fitness' coverage:   44.59564104265211
highest fitness' collisions: 0.12296682647705608
new generation:  4632
Fittest                      43.34394931692335
highest fitness' coverage:   44.57361758169391
highest fitness' collisions: 0.12296682647705606
new generation:  4633
Fittest                      43.357937896535844
highest fitness' coverage:   44.59832135435878
highest fitness' collisions: 0.12403834578229374
new generation:  4634
Fittest                      43.37674001081698
highest fitness' coverage:   44.61712346863992
highest fitness' collisions: 0.12403834578229363
new generation:  4635
Fittest                      43.339623620632054
highest fitness' coverage:   44.58000707845499
highest fitness' collisions: 0.12403834578229375
new generation:  4636
Fittest                      43.336517754128806
highest fitness' coverage:   44.57690121195174
highest fitness' collisions: 0.12403834578229374
new generation:  4637
Fittest                      43.364450614586154
highest fitness' coverage:   44.60483407240909
highest fitness' collisions: 0.1240383457822938
new generation:  4638
Fittest                      43.331122209357765
highest fitness' coverage:   44.6016704733143
highest fitness' collisions: 0.1270548263956534
new generation:  4639
Fittest                      43.32556783289005
highest fitness' coverage:   44.58601942276811
highest fitness' collisions: 0.12604515898780558
new generation:  4640
Fittest                      43.331562170570585
highest fitness' coverage:   44.592013760448644
highest fitness' collisions: 0.1260451589878056
new generation:  4641
Fittest                      43.30436206684139
highest fitness' coverage:   44.56481365671945
highest fitness' collisions: 0.12604515898780566
new generation:  4642
Fittest                      43.30712801414771
highest fitness' coverage:   44.56757960402577
highest fitness' collisions: 0.12604515898780563
new generation:  4643
Fittest                      43.33813097633658
highest fitness' coverage:   44.59858256621463
highest fitness' collisions: 0.12604515898780552
new generation:  4644
Fittest                      43.34061593513104
highest fitness' coverage:   44.6010675250091
highest fitness' collisions: 0.12604515898780566
new generation:  4645
Fittest                      43.324295961490996
highest fitness' coverage:   44.564541741383735
highest fitness' collisions: 0.1240245779892736
new generation:  4646
Fittest                      43.32724318316369
highest fitness' coverage:   44.56748896305643
highest fitness' collisions: 0.12402457798927373
new generation:  4647
Fittest                      43.345936402647304
highest fitness' coverage:   44.58618218254004
highest fitness' collisions: 0.12402457798927372
new generation:  4648
Fittest                      43.355734275695085
highest fitness' coverage:   44.595313986500486
highest fitness' collisions: 0.1239579710805404
new generation:  4649
Fittest                      43.344371481811805
highest fitness' coverage:   44.58640590153289
highest fitness' collisions: 0.12420344197210903
new generation:  4650
Fittest                      43.32579659299703
highest fitness' coverage:   44.582905281378
highest fitness' collisions: 0.12571086883809665
new generation:  4651
Fittest                      43.33786497120082
highest fitness' coverage:   44.59497365958179
highest fitness' collisions: 0.12571086883809665
new generation:  4652
Fittest                      43.31669944737325
highest fitness' coverage:   44.57380813575422
highest fitness' collisions: 0.1257108688380966
new generation:  4653
Fittest                      43.32894751276934
highest fitness' coverage:   44.586056201150306
highest fitness' collisions: 0.12571086883809657
new generation:  4654
Fittest                      43.33484893833175
highest fitness' coverage:   44.59195762671272
highest fitness' collisions: 0.12571086883809665
new generation:  4655
Fittest                      43.30588564575257
highest fitness' coverage:   44.58011348985119
highest fitness' collisions: 0.12742278440986282
new generation:  4656
Fittest                      43.3246103573928
highest fitness' coverage:   44.598838201491425
highest fitness' collisions: 0.1274227844098629
new generation:  4657
Fittest                      43.30521949182516
highest fitness' coverage:   44.57944733592379
highest fitness' collisions: 0.12742278440986282
new generation:  4658
Fittest                      43.30528398947427
highest fitness' coverage:   44.579511833572894
highest fitness' collisions: 0.12742278440986277
new generation:  4659
Fittest                      43.30205010397824
highest fitness' coverage:   44.57050993569308
highest fitness' collisions: 0.12684598317148438
new generation:  4660
Fittest                      43.3208062995156
highest fitness' coverage:   44.589266131230445
highest fitness' collisions: 0.12684598317148446
new generation:  4661
Fittest                      43.30795278518124
highest fitness' coverage:   44.576412616896086
highest fitness' collisions: 0.12684598317148443
new generation:  4662
Fittest                      43.3144848215016
highest fitness' coverage:   44.582944653216444
highest fitness' collisions: 0.12684598317148443
new generation:  4663
Fittest                      43.31174386868491
highest fitness' coverage:   44.58020370039975
highest fitness' collisions: 0.12684598317148454
new generation:  4664
Fittest                      43.325150091569334
highest fitness' coverage:   44.61045796898769
highest fitness' collisions: 0.12853078774183527
new generation:  4665
Fittest                      43.32825587409142
highest fitness' coverage:   44.613754297581565
highest fitness' collisions: 0.1285498423490149
new generation:  4666
Fittest                      43.32518191955272
highest fitness' coverage:   44.608050075050976
highest fitness' collisions: 0.1282868155498254
new generation:  4667
Fittest                      43.30972014486965
highest fitness' coverage:   44.59258830036791
highest fitness' collisions: 0.12828681554982538
new generation:  4668
Fittest                      43.31483102665107
highest fitness' coverage:   44.592417537413915
highest fitness' collisions: 0.12775865107628467
new generation:  4669
Fittest                      43.292339349012046
highest fitness' coverage:   44.5708573321574
highest fitness' collisions: 0.1278517983145353
new generation:  4670
Fittest                      43.317367552881834
highest fitness' coverage:   44.59588553602719
highest fitness' collisions: 0.1278517983145353
new generation:  4671
Fittest                      43.304127090589894
highest fitness' coverage:   44.58264507373525
highest fitness' collisions: 0.12785179831453528
new generation:  4672
Fittest                      43.30466242784183
highest fitness' coverage:   44.58318041098719
highest fitness' collisions: 0.12785179831453528
new generation:  4673
Fittest                      43.28939157943912
highest fitness' coverage:   44.567909562584475
highest fitness' collisions: 0.12785179831453528
new generation:  4674
Fittest                      43.32952688804447
highest fitness' coverage:   44.608044871189826
highest fitness' collisions: 0.12785179831453525
new generation:  4675
Fittest                      43.304241898898766
highest fitness' coverage:   44.58275988204412
highest fitness' collisions: 0.12785179831453525
new generation:  4676
Fittest                      43.31096263397008
highest fitness' coverage:   44.58948061711543
highest fitness' collisions: 0.12785179831453522
new generation:  4677
Fittest                      43.30756441983567
highest fitness' coverage:   44.58608240298103
highest fitness' collisions: 0.12785179831453528
new generation:  4678
Fittest                      43.310771923667936
highest fitness' coverage:   44.589289906813285
highest fitness' collisions: 0.12785179831453522
new generation:  4679
Fittest                      43.2868127772684
highest fitness' coverage:   44.573501388006044
highest fitness' collisions: 0.12866886107376405
new generation:  4680
Fittest                      43.29347437114383
highest fitness' coverage:   44.58016298188147
highest fitness' collisions: 0.12866886107376405
new generation:  4681
Fittest                      43.30268510544792
highest fitness' coverage:   44.58937371618556
highest fitness' collisions: 0.12866886107376396
new generation:  4682
Fittest                      43.30289920740598
highest fitness' coverage:   44.58958781814362
highest fitness' collisions: 0.12866886107376396
new generation:  4683
Fittest                      43.29925413250499
highest fitness' coverage:   44.58594274324263
highest fitness' collisions: 0.12866886107376402
new generation:  4684
Fittest                      43.293806254808835
highest fitness' coverage:   44.580048181954325
highest fitness' collisions: 0.12862419271454892
new generation:  4685
Fittest                      43.31249628030047
highest fitness' coverage:   44.59873820744596
highest fitness' collisions: 0.12862419271454886
new generation:  4686
Fittest                      43.31966275414629
highest fitness' coverage:   44.5795829391158
highest fitness' collisions: 0.12599201849695085
new generation:  4687
Fittest                      43.30736067763717
highest fitness' coverage:   44.56728086260668
highest fitness' collisions: 0.12599201849695077
new generation:  4688
Fittest                      43.332512176549855
highest fitness' coverage:   44.592432361519364
highest fitness' collisions: 0.1259920184969508
new generation:  4689
Fittest                      43.32898562036939
highest fitness' coverage:   44.5889058053389
highest fitness' collisions: 0.12599201849695077
new generation:  4690
Fittest                      43.316542994196816
highest fitness' coverage:   44.576463179166325
highest fitness' collisions: 0.12599201849695077
new generation:  4691
Fittest                      43.31087280606333
highest fitness' coverage:   44.57079299103284
highest fitness' collisions: 0.12599201849695074
new generation:  4692
Fittest                      43.3103734411786
highest fitness' coverage:   44.57029362614811
highest fitness' collisions: 0.12599201849695074
new generation:  4693
Fittest                      43.30120200983743
highest fitness' coverage:   44.56112219480694
highest fitness' collisions: 0.12599201849695077
new generation:  4694
Fittest                      43.31924633760153
highest fitness' coverage:   44.579915919188664
highest fitness' collisions: 0.12606695815871385
new generation:  4695
Fittest                      43.32108995018734
highest fitness' coverage:   44.60513766301945
highest fitness' collisions: 0.1284047712832106
new generation:  4696
Fittest                      43.333219836599376
highest fitness' coverage:   44.61726754943148
highest fitness' collisions: 0.12840477128321068
new generation:  4697
Fittest                      43.299683808784714
highest fitness' coverage:   44.57649600970375
highest fitness' collisions: 0.1276812200919041
new generation:  4698
Fittest                      43.337259363662355
highest fitness' coverage:   44.614071564581394
highest fitness' collisions: 0.12768122009190425
new generation:  4699
Fittest                      43.337025096867045
highest fitness' coverage:   44.613837297786084
highest fitness' collisions: 0.12768122009190416
new generation:  4700
Fittest                      43.3348709073454
highest fitness' coverage:   44.6306687921986
highest fitness' collisions: 0.12957978848531992
new generation:  4701
Fittest                      43.34329250435436
highest fitness' coverage:   44.64333954176163
highest fitness' collisions: 0.130004703740727
new generation:  4702
Fittest                      43.31819534649237
highest fitness' coverage:   44.618242383899634
highest fitness' collisions: 0.13000470374072706
new generation:  4703
Fittest                      43.33727013068941
highest fitness' coverage:   44.63731716809668
highest fitness' collisions: 0.130004703740727
new generation:  4704
Fittest                      43.34651275226702
highest fitness' coverage:   44.646559789674285
highest fitness' collisions: 0.13000470374072712
new generation:  4705
Fittest                      43.32439106523505
highest fitness' coverage:   44.624438102642316
highest fitness' collisions: 0.130004703740727
new generation:  4706
Fittest                      43.344312838964605
highest fitness' coverage:   44.618624329193665
highest fitness' collisions: 0.1274311490229063
new generation:  4707
Fittest                      43.37499195529831
highest fitness' coverage:   44.64944932930352
highest fitness' collisions: 0.12744573740052126
new generation:  4708
Fittest                      43.38472361330574
highest fitness' coverage:   44.65918098731095
highest fitness' collisions: 0.1274457374005212
new generation:  4709
Fittest                      43.362736228923424
highest fitness' coverage:   44.63719360292863
highest fitness' collisions: 0.12744573740052115
new generation:  4710
Fittest                      43.36267808295158
highest fitness' coverage:   44.63713545695679
highest fitness' collisions: 0.12744573740052115
new generation:  4711
Fittest                      43.33516294001473
highest fitness' coverage:   44.60962031401994
highest fitness' collisions: 0.12744573740052112
new generation:  4712
Fittest                      43.35725117795118
highest fitness' coverage:   44.62425377292813
highest fitness' collisions: 0.12670025949769517
new generation:  4713
Fittest                      43.35468943959605
highest fitness' coverage:   44.621692034573
highest fitness' collisions: 0.12670025949769503
new generation:  4714
Fittest                      43.36465332065272
highest fitness' coverage:   44.63165591562967
highest fitness' collisions: 0.12670025949769503
new generation:  4715
Fittest                      43.35494743862458
highest fitness' coverage:   44.62195003360153
highest fitness' collisions: 0.1267002594976951
new generation:  4716
Fittest                      43.36701212994218
highest fitness' coverage:   44.63401472491913
highest fitness' collisions: 0.12670025949769526
new generation:  4717
Fittest                      43.37359938666652
highest fitness' coverage:   44.64060198164347
highest fitness' collisions: 0.1267002594976952
new generation:  4718
Fittest                      43.36123981468094
highest fitness' coverage:   44.628242409657894
highest fitness' collisions: 0.1267002594976952
new generation:  4719
Fittest                      43.367262387367404
highest fitness' coverage:   44.634264982344355
highest fitness' collisions: 0.12670025949769512
new generation:  4720
Fittest                      43.38905008272409
highest fitness' coverage:   44.65605267770104
highest fitness' collisions: 0.12670025949769506
new generation:  4721
Fittest                      43.373048924731656
highest fitness' coverage:   44.64005151970861
highest fitness' collisions: 0.12670025949769514
new generation:  4722
Fittest                      43.35166744059625
highest fitness' coverage:   44.6186700355732
highest fitness' collisions: 0.12670025949769514
new generation:  4723
Fittest                      43.367212234427306
highest fitness' coverage:   44.63421482940426
highest fitness' collisions: 0.12670025949769506
new generation:  4724
Fittest                      43.36112213467131
highest fitness' coverage:   44.62812472964826
highest fitness' collisions: 0.12670025949769517
new generation:  4725
Fittest                      43.376614323757515
highest fitness' coverage:   44.643616918734466
highest fitness' collisions: 0.12670025949769514
new generation:  4726
Fittest                      43.34886741694972
highest fitness' coverage:   44.615870011926674
highest fitness' collisions: 0.12670025949769514
new generation:  4727
Fittest                      43.37344822014073
highest fitness' coverage:   44.64647641097842
highest fitness' collisions: 0.1273028190837694
new generation:  4728
Fittest                      43.38629768869705
highest fitness' coverage:   44.65932587953474
highest fitness' collisions: 0.12730281908376953
new generation:  4729
Fittest                      43.3458162211158
highest fitness' coverage:   44.61884441195349
highest fitness' collisions: 0.12730281908376956
new generation:  4730
Fittest                      43.36106380632947
highest fitness' coverage:   44.63409199716716
highest fitness' collisions: 0.1273028190837695
new generation:  4731
Fittest                      43.36384333693966
highest fitness' coverage:   44.66668330153332
highest fitness' collisions: 0.1302839964593657
new generation:  4732
Fittest                      43.32345880649773
highest fitness' coverage:   44.623080004657766
highest fitness' collisions: 0.12996211981600295
new generation:  4733
Fittest                      43.33873991343599
highest fitness' coverage:   44.639192875367115
highest fitness' collisions: 0.13004529619311314
new generation:  4734
Fittest                      43.31656908363801
highest fitness' coverage:   44.617022045569136
highest fitness' collisions: 0.13004529619311317
new generation:  4735
Fittest                      43.33212718784638
highest fitness' coverage:   44.63258014977751
highest fitness' collisions: 0.13004529619311314
new generation:  4736
Fittest                      43.350115023560235
highest fitness' coverage:   44.65056798549137
highest fitness' collisions: 0.13004529619311325
new generation:  4737
Fittest                      43.33204917151429
highest fitness' coverage:   44.63250213344542
highest fitness' collisions: 0.13004529619311317
new generation:  4738
Fittest                      43.33154795126006
highest fitness' coverage:   44.63200091319119
highest fitness' collisions: 0.13004529619311317
new generation:  4739
Fittest                      43.328668095524606
highest fitness' coverage:   44.629121057455734
highest fitness' collisions: 0.1300452961931131
new generation:  4740
Fittest                      43.350985484419034
highest fitness' coverage:   44.65143844635016
highest fitness' collisions: 0.13004529619311314
new generation:  4741
Fittest                      43.32861554268399
highest fitness' coverage:   44.62906850461513
highest fitness' collisions: 0.1300452961931132
new generation:  4742
Fittest                      43.3540337195982
highest fitness' coverage:   44.65448668152933
highest fitness' collisions: 0.13004529619311317
new generation:  4743
Fittest                      43.331635556458544
highest fitness' coverage:   44.65402791562464
highest fitness' collisions: 0.1322392359166095
new generation:  4744
Fittest                      43.300913030786674
highest fitness' coverage:   44.62330538995277
highest fitness' collisions: 0.13223923591660947
new generation:  4745
Fittest                      43.319298328497624
highest fitness' coverage:   44.64169068766372
highest fitness' collisions: 0.13223923591660944
new generation:  4746
Fittest                      43.294348910332204
highest fitness' coverage:   44.6167412694983
highest fitness' collisions: 0.13223923591660944
new generation:  4747
Fittest                      43.309396179250136
highest fitness' coverage:   44.61359152983013
highest fitness' collisions: 0.13041953505799952
new generation:  4748
Fittest                      43.34362583545896
highest fitness' coverage:   44.64219777278705
highest fitness' collisions: 0.12985719373280916
new generation:  4749
Fittest                      43.33091409603153
highest fitness' coverage:   44.62948603335962
highest fitness' collisions: 0.12985719373280916
new generation:  4750
Fittest                      43.327419048323506
highest fitness' coverage:   44.6259909856516
highest fitness' collisions: 0.12985719373280905
new generation:  4751
Fittest                      43.33690280644086
highest fitness' coverage:   44.63547474376895
highest fitness' collisions: 0.12985719373280918
new generation:  4752
Fittest                      43.339566395154094
highest fitness' coverage:   44.638138332482185
highest fitness' collisions: 0.12985719373280916
new generation:  4753
Fittest                      43.36065359312968
highest fitness' coverage:   44.64809163675456
highest fitness' collisions: 0.12874380436248728
new generation:  4754
Fittest                      43.38549485478031
highest fitness' coverage:   44.672932898405186
highest fitness' collisions: 0.12874380436248728
new generation:  4755
Fittest                      43.384220707925294
highest fitness' coverage:   44.67257753890226
highest fitness' collisions: 0.12883568309769639
new generation:  4756
Fittest                      43.347524349121585
highest fitness' coverage:   44.63588118009855
highest fitness' collisions: 0.1288356830976964
new generation:  4757
Fittest                      43.34105412574832
highest fitness' coverage:   44.62941095672529
highest fitness' collisions: 0.12883568309769636
new generation:  4758
Fittest                      43.35942197513558
highest fitness' coverage:   44.64777880611255
highest fitness' collisions: 0.12883568309769636
new generation:  4759
Fittest                      43.344070865440365
highest fitness' coverage:   44.63242769641733
highest fitness' collisions: 0.12883568309769636
new generation:  4760
Fittest                      43.33518026763361
highest fitness' coverage:   44.623537098610576
highest fitness' collisions: 0.12883568309769639
new generation:  4761
Fittest                      43.350414940729685
highest fitness' coverage:   44.63877177170665
highest fitness' collisions: 0.12883568309769639
new generation:  4762
Fittest                      43.331201288144236
highest fitness' coverage:   44.6195581191212
highest fitness' collisions: 0.12883568309769652
new generation:  4763
Fittest                      43.368578024539225
highest fitness' coverage:   44.65693485551619
highest fitness' collisions: 0.12883568309769644
new generation:  4764
Fittest                      43.37239039183405
highest fitness' coverage:   44.66074722281102
highest fitness' collisions: 0.12883568309769636
new generation:  4765
Fittest                      43.32238019848426
highest fitness' coverage:   44.61073702946123
highest fitness' collisions: 0.12883568309769647
new generation:  4766
Fittest                      43.3538102219849
highest fitness' coverage:   44.64216705296187
highest fitness' collisions: 0.12883568309769644
new generation:  4767
Fittest                      43.32554307360691
highest fitness' coverage:   44.613899904583874
highest fitness' collisions: 0.1288356830976965
new generation:  4768
Fittest                      43.3528609174041
highest fitness' coverage:   44.64121774838107
highest fitness' collisions: 0.12883568309769633
new generation:  4769
Fittest                      43.3478712198118
highest fitness' coverage:   44.63887131340112
highest fitness' collisions: 0.12910000935893187
new generation:  4770
Fittest                      43.349151632959824
highest fitness' coverage:   44.65065908832192
highest fitness' collisions: 0.13015074553620984
new generation:  4771
Fittest                      43.354861326023254
highest fitness' coverage:   44.65636878138535
highest fitness' collisions: 0.1301507455362099
new generation:  4772
Fittest                      43.37828219193856
highest fitness' coverage:   44.67861474974572
highest fitness' collisions: 0.1300332557807159
new generation:  4773
Fittest                      43.36874224020036
highest fitness' coverage:   44.66907479800752
highest fitness' collisions: 0.1300332557807158
new generation:  4774
Fittest                      43.37780209477814
highest fitness' coverage:   44.6781346525853
highest fitness' collisions: 0.13003325578071598
new generation:  4775
Fittest                      43.368509187218976
highest fitness' coverage:   44.668841745026135
highest fitness' collisions: 0.1300332557807158
new generation:  4776
Fittest                      43.339167035361314
highest fitness' coverage:   44.64067449072341
highest fitness' collisions: 0.13015074553620995
new generation:  4777
Fittest                      43.35160345235393
highest fitness' coverage:   44.65311090771603
highest fitness' collisions: 0.13015074553620987
new generation:  4778
Fittest                      43.35507248179161
highest fitness' coverage:   44.65657993715371
highest fitness' collisions: 0.13015074553620984
new generation:  4779
Fittest                      43.36440878420893
highest fitness' coverage:   44.66591623957103
highest fitness' collisions: 0.13015074553620984
new generation:  4780
Fittest                      43.35376087717433
highest fitness' coverage:   44.66251993382165
highest fitness' collisions: 0.13087590566473167
new generation:  4781
Fittest                      43.33840253902082
highest fitness' coverage:   44.641135999807396
highest fitness' collisions: 0.13027334607865754
new generation:  4782
Fittest                      43.36010517024246
highest fitness' coverage:   44.66283863102904
highest fitness' collisions: 0.1302733460786574
new generation:  4783
Fittest                      43.354201420334654
highest fitness' coverage:   44.65693488112123
highest fitness' collisions: 0.13027334607865743
new generation:  4784
Fittest                      43.32902720619906
highest fitness' coverage:   44.631760666985635
highest fitness' collisions: 0.1302733460786574
new generation:  4785
Fittest                      43.341475099858116
highest fitness' coverage:   44.64420856064469
highest fitness' collisions: 0.13027334607865743
new generation:  4786
Fittest                      43.33201063194083
highest fitness' coverage:   44.63474409272741
highest fitness' collisions: 0.13027334607865745
new generation:  4787
Fittest                      43.319349342661674
highest fitness' coverage:   44.62208280344825
highest fitness' collisions: 0.1302733460786574
new generation:  4788
Fittest                      43.36643279880589
highest fitness' coverage:   44.669166259592465
highest fitness' collisions: 0.13027334607865748
new generation:  4789
Fittest                      43.34745233849164
highest fitness' coverage:   44.65018579927822
highest fitness' collisions: 0.13027334607865737
new generation:  4790
Fittest                      43.35687255440067
highest fitness' coverage:   44.659606015187244
highest fitness' collisions: 0.13027334607865734
new generation:  4791
Fittest                      43.353953137373765
highest fitness' coverage:   44.65668659816034
highest fitness' collisions: 0.13027334607865748
new generation:  4792
Fittest                      43.33835487417904
highest fitness' coverage:   44.641088334965616
highest fitness' collisions: 0.13027334607865748
new generation:  4793
Fittest                      43.34467251128949
highest fitness' coverage:   44.647405972076065
highest fitness' collisions: 0.1302733460786574
new generation:  4794
Fittest                      43.34721607348449
highest fitness' coverage:   44.649949534271066
highest fitness' collisions: 0.13027334607865743
new generation:  4795
Fittest                      43.3468814174245
highest fitness' coverage:   44.671967901531126
highest fitness' collisions: 0.13250864841066282
new generation:  4796
Fittest                      43.34453846969628
highest fitness' coverage:   44.64366455197285
highest fitness' collisions: 0.12991260822765668
new generation:  4797
Fittest                      43.369656658819366
highest fitness' coverage:   44.66878274109593
highest fitness' collisions: 0.1299126082276567
new generation:  4798
Fittest                      43.36105318712921
highest fitness' coverage:   44.66017926940577
highest fitness' collisions: 0.12991260822765677
new generation:  4799
Fittest                      43.3611825153071
highest fitness' coverage:   44.675489656328146
highest fitness' collisions: 0.13143071410210463
new generation:  4800
Fittest                      43.32928033237979
highest fitness' coverage:   44.666111577946324
highest fitness' collisions: 0.1336831245566537
new generation:  4801
Fittest                      43.310321935082804
highest fitness' coverage:   44.64715318064934
highest fitness' collisions: 0.13368312455665354
new generation:  4802
Fittest                      43.31058579533283
highest fitness' coverage:   44.64741704089936
highest fitness' collisions: 0.13368312455665354
new generation:  4803
Fittest                      43.30994068344587
highest fitness' coverage:   44.64677192901241
highest fitness' collisions: 0.13368312455665357
new generation:  4804
Fittest                      43.34158903486082
highest fitness' coverage:   44.67842028042735
highest fitness' collisions: 0.13368312455665365
new generation:  4805
Fittest                      43.3355188806195
highest fitness' coverage:   44.67235012618604
highest fitness' collisions: 0.13368312455665365
new generation:  4806
Fittest                      43.316534617082546
highest fitness' coverage:   44.65336586264908
highest fitness' collisions: 0.13368312455665357
new generation:  4807
Fittest                      43.31391370092336
highest fitness' coverage:   44.650744946489894
highest fitness' collisions: 0.1336831245566536
new generation:  4808
Fittest                      43.29425428742446
highest fitness' coverage:   44.64246538549697
highest fitness' collisions: 0.13482110980725132
new generation:  4809
Fittest                      43.32506760264878
highest fitness' coverage:   44.67327870072129
highest fitness' collisions: 0.1348211098072513
new generation:  4810
Fittest                      43.31251736940612
highest fitness' coverage:   44.660728467478634
highest fitness' collisions: 0.13482110980725123
new generation:  4811
Fittest                      43.31275846206645
highest fitness' coverage:   44.66096956013896
highest fitness' collisions: 0.13482110980725123
new generation:  4812
Fittest                      43.30627536586486
highest fitness' coverage:   44.654486463937374
highest fitness' collisions: 0.13482110980725118
new generation:  4813
Fittest                      43.32155239576665
highest fitness' coverage:   44.66976349383916
highest fitness' collisions: 0.13482110980725126
new generation:  4814
Fittest                      43.331708580920655
highest fitness' coverage:   44.679919678993166
highest fitness' collisions: 0.1348211098072512
new generation:  4815
Fittest                      43.33816695534804
highest fitness' coverage:   44.686378053420555
highest fitness' collisions: 0.13482110980725126
new generation:  4816
Fittest                      43.319146077100285
highest fitness' coverage:   44.667357175172796
highest fitness' collisions: 0.13482110980725134
new generation:  4817
Fittest                      43.30982228176463
highest fitness' coverage:   44.65803337983714
highest fitness' collisions: 0.13482110980725123
new generation:  4818
Fittest                      43.32855635949617
highest fitness' coverage:   44.67676745756868
highest fitness' collisions: 0.13482110980725126
new generation:  4819
Fittest                      43.32181590595491
highest fitness' coverage:   44.67002700402742
highest fitness' collisions: 0.1348211098072513
new generation:  4820
Fittest                      43.3064698599382
highest fitness' coverage:   44.65468095801071
highest fitness' collisions: 0.13482110980725126
new generation:  4821
Fittest                      43.29756643593241
highest fitness' coverage:   44.64577753400492
highest fitness' collisions: 0.1348211098072512
new generation:  4822
Fittest                      43.325036518061346
highest fitness' coverage:   44.67324761613386
highest fitness' collisions: 0.1348211098072512
new generation:  4823
Fittest                      43.31287895021534
highest fitness' coverage:   44.66109004828785
highest fitness' collisions: 0.1348211098072513
new generation:  4824
Fittest                      43.34684738457697
highest fitness' coverage:   44.66706059880942
highest fitness' collisions: 0.13202132142324519
new generation:  4825
Fittest                      43.33453128898573
highest fitness' coverage:   44.65474450321818
highest fitness' collisions: 0.1320213214232451
new generation:  4826
Fittest                      43.3408216888379
highest fitness' coverage:   44.66103490307035
highest fitness' collisions: 0.13202132142324507
new generation:  4827
Fittest                      43.33175054680155
highest fitness' coverage:   44.651963761034004
highest fitness' collisions: 0.13202132142324516
new generation:  4828
Fittest                      43.34344203268899
highest fitness' coverage:   44.66417139712217
highest fitness' collisions: 0.1320729364433174
new generation:  4829
Fittest                      43.33945886020428
highest fitness' coverage:   44.645547884560386
highest fitness' collisions: 0.13060890243561074
new generation:  4830
Fittest                      43.33913228202245
highest fitness' coverage:   44.64522130637855
highest fitness' collisions: 0.13060890243561082
new generation:  4831
Fittest                      43.357779482094124
highest fitness' coverage:   44.66386850645023
highest fitness' collisions: 0.1306089024356108
new generation:  4832
Fittest                      43.344575796597795
highest fitness' coverage:   44.65157683179326
highest fitness' collisions: 0.13070010351954636
new generation:  4833
Fittest                      43.34775093746362
highest fitness' coverage:   44.654751972659085
highest fitness' collisions: 0.1307001035195464
new generation:  4834
Fittest                      43.375971690846335
highest fitness' coverage:   44.6829727260418
highest fitness' collisions: 0.13070010351954628
new generation:  4835
Fittest                      43.35414332117457
highest fitness' coverage:   44.66114435637003
highest fitness' collisions: 0.1307001035195463
new generation:  4836
Fittest                      43.34473168114638
highest fitness' coverage:   44.65173271634184
highest fitness' collisions: 0.1307001035195463
new generation:  4837
Fittest                      43.33885958871763
highest fitness' coverage:   44.645860623913094
highest fitness' collisions: 0.13070010351954633
new generation:  4838
Fittest                      43.33552454693279
highest fitness' coverage:   44.64252558212825
highest fitness' collisions: 0.1307001035195463
new generation:  4839
Fittest                      43.33926941217804
highest fitness' coverage:   44.68313643688316
highest fitness' collisions: 0.13438670247051224
new generation:  4840
Fittest                      43.33941487098756
highest fitness' coverage:   44.64554494259307
highest fitness' collisions: 0.1306130071605508
new generation:  4841
Fittest                      43.3428796169955
highest fitness' coverage:   44.64900968860101
highest fitness' collisions: 0.13061300716055063
new generation:  4842
Fittest                      43.364211875139446
highest fitness' coverage:   44.670341946744955
highest fitness' collisions: 0.1306130071605508
new generation:  4843
Fittest                      43.35498968826054
highest fitness' coverage:   44.66111975986605
highest fitness' collisions: 0.13061300716055074
new generation:  4844
Fittest                      43.33332631700014
highest fitness' coverage:   44.63945638860565
highest fitness' collisions: 0.13061300716055071
new generation:  4845
Fittest                      43.37014693874543
highest fitness' coverage:   44.67627701035094
highest fitness' collisions: 0.13061300716055066
new generation:  4846
Fittest                      43.36399311264602
highest fitness' coverage:   44.67012318425153
highest fitness' collisions: 0.13061300716055071
new generation:  4847
Fittest                      43.35845472475114
highest fitness' coverage:   44.66458479635665
highest fitness' collisions: 0.13061300716055074
new generation:  4848
Fittest                      43.351604234811816
highest fitness' coverage:   44.657734306417325
highest fitness' collisions: 0.13061300716055074
new generation:  4849
Fittest                      43.36068505173152
highest fitness' coverage:   44.67040826246527
highest fitness' collisions: 0.13097232107337475
new generation:  4850
Fittest                      43.34209322569418
highest fitness' coverage:   44.65181643642793
highest fitness' collisions: 0.13097232107337475
new generation:  4851
Fittest                      43.34292088007085
highest fitness' coverage:   44.65161370468415
highest fitness' collisions: 0.13086928246133048
new generation:  4852
Fittest                      43.3342705191141
highest fitness' coverage:   44.66701309612846
highest fitness' collisions: 0.13327425770143578
new generation:  4853
Fittest                      43.32223299076459
highest fitness' coverage:   44.65497556777895
highest fitness' collisions: 0.13327425770143583
new generation:  4854
Fittest                      43.334276903808274
highest fitness' coverage:   44.66701948082263
highest fitness' collisions: 0.1332742577014358
new generation:  4855
Fittest                      43.32561455063261
highest fitness' coverage:   44.658357127646966
highest fitness' collisions: 0.13327425770143583
new generation:  4856
Fittest                      43.33428041800235
highest fitness' coverage:   44.66702299501671
highest fitness' collisions: 0.1332742577014358
new generation:  4857
Fittest                      43.325429468213045
highest fitness' coverage:   44.6581720452274
highest fitness' collisions: 0.1332742577014358
new generation:  4858
Fittest                      43.331895565521634
highest fitness' coverage:   44.66463814253599
highest fitness' collisions: 0.13327425770143578
new generation:  4859
Fittest                      43.30611098316739
highest fitness' coverage:   44.636398851266065
highest fitness' collisions: 0.13302878680986738
new generation:  4860
Fittest                      43.331811444928924
highest fitness' coverage:   44.66119294587513
highest fitness' collisions: 0.1329381500946206
new generation:  4861
Fittest                      43.34949896743809
highest fitness' coverage:   44.685645632939405
highest fitness' collisions: 0.13361466655013182
new generation:  4862
Fittest                      43.324917402655934
highest fitness' coverage:   44.66106406815725
highest fitness' collisions: 0.1336146665501319
new generation:  4863
Fittest                      43.30907754694841
highest fitness' coverage:   44.645224212449726
highest fitness' collisions: 0.1336146665501318
new generation:  4864
Fittest                      43.30651440254935
highest fitness' coverage:   44.642661068050664
highest fitness' collisions: 0.13361466655013188
new generation:  4865
Fittest                      43.343640033399296
highest fitness' coverage:   44.679786698900614
highest fitness' collisions: 0.1336146665501318
new generation:  4866
Fittest                      43.34319890477771
highest fitness' coverage:   44.67986610993671
highest fitness' collisions: 0.13366672051590042
new generation:  4867
Fittest                      43.32052999746003
highest fitness' coverage:   44.651570500487075
highest fitness' collisions: 0.1331040503027048
new generation:  4868
Fittest                      43.33364654577216
highest fitness' coverage:   44.69539781456154
highest fitness' collisions: 0.1361751268789375
new generation:  4869
Fittest                      43.30509029176855
highest fitness' coverage:   44.67064794838084
highest fitness' collisions: 0.13655576566122918
new generation:  4870
Fittest                      43.27361187418288
highest fitness' coverage:   44.63916953079518
highest fitness' collisions: 0.13655576566122926
new generation:  4871
Fittest                      43.30782399993556
highest fitness' coverage:   44.67338165654785
highest fitness' collisions: 0.1365557656612293
new generation:  4872
Fittest                      43.29203743962671
highest fitness' coverage:   44.65759509623901
highest fitness' collisions: 0.13655576566122923
new generation:  4873
Fittest                      43.28628433421191
highest fitness' coverage:   44.6518419908242
highest fitness' collisions: 0.13655576566122923
new generation:  4874
Fittest                      43.30169534951409
highest fitness' coverage:   44.66725300612639
highest fitness' collisions: 0.13655576566122937
new generation:  4875
Fittest                      43.298479273101016
highest fitness' coverage:   44.66403692971331
highest fitness' collisions: 0.13655576566122932
new generation:  4876
Fittest                      43.29874706015197
highest fitness' coverage:   44.664304716764256
highest fitness' collisions: 0.13655576566122915
new generation:  4877
Fittest                      43.28658999843086
highest fitness' coverage:   44.648166117145486
highest fitness' collisions: 0.13615761187146266
new generation:  4878
Fittest                      43.31428748011195
highest fitness' coverage:   44.67586359882658
highest fitness' collisions: 0.13615761187146275
new generation:  4879
Fittest                      43.32449504727454
highest fitness' coverage:   44.65444838938748
highest fitness' collisions: 0.13299533421129434
new generation:  4880
Fittest                      43.328435000621994
highest fitness' coverage:   44.657469555382846
highest fitness' collisions: 0.13290345547608526
new generation:  4881
Fittest                      43.362597300202076
highest fitness' coverage:   44.69163185496293
highest fitness' collisions: 0.13290345547608529
new generation:  4882
Fittest                      43.33031856322185
highest fitness' coverage:   44.66706497317771
highest fitness' collisions: 0.13367464099558557
new generation:  4883
Fittest                      43.31477668294464
highest fitness' coverage:   44.6515230929005
highest fitness' collisions: 0.13367464099558551
new generation:  4884
Fittest                      43.33017861701924
highest fitness' coverage:   44.6669250269751
highest fitness' collisions: 0.1336746409955855
new generation:  4885
Fittest                      43.342371080975134
highest fitness' coverage:   44.67911749093099
highest fitness' collisions: 0.13367464099558551
new generation:  4886
Fittest                      43.30829674710487
highest fitness' coverage:   44.64504315706073
highest fitness' collisions: 0.1336746409955856
new generation:  4887
Fittest                      43.30849634680082
highest fitness' coverage:   44.64524275675668
highest fitness' collisions: 0.13367464099558551
new generation:  4888
Fittest                      43.33959218898479
highest fitness' coverage:   44.676338598940646
highest fitness' collisions: 0.1336746409955855
new generation:  4889
Fittest                      43.3188749691858
highest fitness' coverage:   44.63248471836641
highest fitness' collisions: 0.13136097491806148
new generation:  4890
Fittest                      43.358210728691404
highest fitness' coverage:   44.68522265699796
highest fitness' collisions: 0.13270119283065548
new generation:  4891
Fittest                      43.30555619043389
highest fitness' coverage:   44.632568118740444
highest fitness' collisions: 0.1327011928306555
new generation:  4892
Fittest                      43.33321093789879
highest fitness' coverage:   44.660222866205345
highest fitness' collisions: 0.13270119283065546
new generation:  4893
Fittest                      43.323821172200866
highest fitness' coverage:   44.666828680793564
highest fitness' collisions: 0.13430075085927015
new generation:  4894
Fittest                      43.33669121874569
highest fitness' coverage:   44.67969872733839
highest fitness' collisions: 0.13430075085926999
new generation:  4895
Fittest                      43.32171289185728
highest fitness' coverage:   44.66472040044998
highest fitness' collisions: 0.13430075085927012
new generation:  4896
Fittest                      43.3214462537058
highest fitness' coverage:   44.6644537622985
highest fitness' collisions: 0.13430075085927015
new generation:  4897
Fittest                      43.31202362750093
highest fitness' coverage:   44.655031136093626
highest fitness' collisions: 0.13430075085927018
new generation:  4898
Fittest                      43.31295103030179
highest fitness' coverage:   44.65595853889449
highest fitness' collisions: 0.13430075085927012
new generation:  4899
Fittest                      43.32445795372937
highest fitness' coverage:   44.66746546232207
highest fitness' collisions: 0.1343007508592701
new generation:  4900
Fittest                      43.32445072978615
highest fitness' coverage:   44.66745823837885
highest fitness' collisions: 0.13430075085927015
new generation:  4901
Fittest                      43.3279052975308
highest fitness' coverage:   44.670912806123496
highest fitness' collisions: 0.13430075085927015
new generation:  4902
Fittest                      43.331032818245276
highest fitness' coverage:   44.67404032683798
highest fitness' collisions: 0.1343007508592703
new generation:  4903
Fittest                      43.32487660254831
highest fitness' coverage:   44.66788411114101
highest fitness' collisions: 0.13430075085927015
new generation:  4904
Fittest                      43.3216006118086
highest fitness' coverage:   44.6646081204013
highest fitness' collisions: 0.13430075085927004
new generation:  4905
Fittest                      43.32486555517452
highest fitness' coverage:   44.66787306376722
highest fitness' collisions: 0.13430075085927018
new generation:  4906
Fittest                      43.324570965109345
highest fitness' coverage:   44.667578473702044
highest fitness' collisions: 0.13430075085927015
new generation:  4907
Fittest                      43.33117103915194
highest fitness' coverage:   44.67417854774464
highest fitness' collisions: 0.13430075085927018
new generation:  4908
Fittest                      43.33980542344751
highest fitness' coverage:   44.68281293204021
highest fitness' collisions: 0.13430075085927015
new generation:  4909
Fittest                      43.31194782429624
highest fitness' coverage:   44.65495533288894
highest fitness' collisions: 0.13430075085927023
new generation:  4910
Fittest                      43.32421051662616
highest fitness' coverage:   44.66721802521886
highest fitness' collisions: 0.13430075085927012
new generation:  4911
Fittest                      43.31467396430681
highest fitness' coverage:   44.65827031655487
highest fitness' collisions: 0.13435963522480562
new generation:  4912
Fittest                      43.339504611028005
highest fitness' coverage:   44.67114955779506
highest fitness' collisions: 0.1331644946767059
new generation:  4913
Fittest                      43.342625637483664
highest fitness' coverage:   44.67427058425073
highest fitness' collisions: 0.13316449467670605
new generation:  4914
Fittest                      43.35517706432264
highest fitness' coverage:   44.65243151493495
highest fitness' collisions: 0.12972544506123176
new generation:  4915
Fittest                      43.37409322410823
highest fitness' coverage:   44.67134767472055
highest fitness' collisions: 0.12972544506123182
new generation:  4916
Fittest                      43.37114484921934
highest fitness' coverage:   44.66516870314154
highest fitness' collisions: 0.1294023853922195
new generation:  4917
Fittest                      43.37712300902558
highest fitness' coverage:   44.67114686294778
highest fitness' collisions: 0.12940238539221952
new generation:  4918
Fittest                      43.40219043905864
highest fitness' coverage:   44.69621429298084
highest fitness' collisions: 0.12940238539221963
new generation:  4919
Fittest                      43.37758839036661
highest fitness' coverage:   44.67161224428881
highest fitness' collisions: 0.1294023853922196
new generation:  4920
Fittest                      43.38198942688183
highest fitness' coverage:   44.68667128774573
highest fitness' collisions: 0.1304681860863898
new generation:  4921
Fittest                      43.36952901096308
highest fitness' coverage:   44.67421087182698
highest fitness' collisions: 0.13046818608638983
new generation:  4922
Fittest                      43.38221171696396
highest fitness' coverage:   44.68715061740613
highest fitness' collisions: 0.1304938900442175
new generation:  4923
Fittest                      43.36040139139864
highest fitness' coverage:   44.66534029184081
highest fitness' collisions: 0.13049389004421752
new generation:  4924
Fittest                      43.394660210582494
highest fitness' coverage:   44.69959911102467
highest fitness' collisions: 0.13049389004421752
new generation:  4925
Fittest                      43.3885713969138
highest fitness' coverage:   44.699286207842135
highest fitness' collisions: 0.13107148109283376
new generation:  4926
Fittest                      43.36669667126094
highest fitness' coverage:   44.67741148218928
highest fitness' collisions: 0.1310714810928338
new generation:  4927
Fittest                      43.35758106219682
highest fitness' coverage:   44.66829587312516
highest fitness' collisions: 0.13107148109283373
new generation:  4928
Fittest                      43.36381330046595
highest fitness' coverage:   44.67452811139429
highest fitness' collisions: 0.13107148109283367
new generation:  4929
Fittest                      43.383783006792115
highest fitness' coverage:   44.69362819465936
highest fitness' collisions: 0.13098451878672443
new generation:  4930
Fittest                      43.36745927214395
highest fitness' coverage:   44.67730446001119
highest fitness' collisions: 0.13098451878672449
new generation:  4931
Fittest                      43.36747717579358
highest fitness' coverage:   44.67732236366083
highest fitness' collisions: 0.1309845187867245
new generation:  4932
Fittest                      43.371087562765226
highest fitness' coverage:   44.68429236155858
highest fitness' collisions: 0.1313204798793354
new generation:  4933
Fittest                      43.348127595940284
highest fitness' coverage:   44.661332394733634
highest fitness' collisions: 0.13132047987933518
new generation:  4934
Fittest                      43.370408033277094
highest fitness' coverage:   44.683612832070445
highest fitness' collisions: 0.1313204798793353
new generation:  4935
Fittest                      43.345602052341825
highest fitness' coverage:   44.665263393425526
highest fitness' collisions: 0.1319661341083699
new generation:  4936
Fittest                      43.3386203191975
highest fitness' coverage:   44.65859788804722
highest fitness' collisions: 0.13199775688497165
new generation:  4937
Fittest                      43.34514004874477
highest fitness' coverage:   44.66511761759448
highest fitness' collisions: 0.13199775688497173
new generation:  4938
Fittest                      43.35349787326115
highest fitness' coverage:   44.66198658014175
highest fitness' collisions: 0.13084887068806028
new generation:  4939
Fittest                      43.37529672686167
highest fitness' coverage:   44.68378543374227
highest fitness' collisions: 0.1308488706880601
new generation:  4940
Fittest                      43.368220030058296
highest fitness' coverage:   44.68034125407385
highest fitness' collisions: 0.13121212240155553
new generation:  4941
Fittest                      43.35015262155833
highest fitness' coverage:   44.662273845573885
highest fitness' collisions: 0.1312121224015555
new generation:  4942
Fittest                      43.35269706465761
highest fitness' coverage:   44.66481828867317
highest fitness' collisions: 0.13121212240155533
new generation:  4943
Fittest                      43.353229895770035
highest fitness' coverage:   44.66535111978559
highest fitness' collisions: 0.13121212240155553
new generation:  4944
Fittest                      43.362097705142105
highest fitness' coverage:   44.67421892915766
highest fitness' collisions: 0.13121212240155553
new generation:  4945
Fittest                      43.3689110301747
highest fitness' coverage:   44.68103225419026
highest fitness' collisions: 0.1312121224015554
new generation:  4946
Fittest                      43.35575805896308
highest fitness' coverage:   44.66787928297864
highest fitness' collisions: 0.13121212240155553
new generation:  4947
Fittest                      43.35902799083717
highest fitness' coverage:   44.671149214852726
highest fitness' collisions: 0.13121212240155555
new generation:  4948
Fittest                      43.35926631766073
highest fitness' coverage:   44.67138754167629
highest fitness' collisions: 0.13121212240155547
new generation:  4949
Fittest                      43.353335899283884
highest fitness' coverage:   44.66545712329944
highest fitness' collisions: 0.13121212240155544
new generation:  4950
Fittest                      43.35909746279716
highest fitness' coverage:   44.671218686812715
highest fitness' collisions: 0.13121212240155547
new generation:  4951
Fittest                      43.362452502236266
highest fitness' coverage:   44.67457372625182
highest fitness' collisions: 0.13121212240155544
new generation:  4952
Fittest                      43.362354372968326
highest fitness' coverage:   44.67447559698388
highest fitness' collisions: 0.13121212240155541
new generation:  4953
Fittest                      43.35957022773849
highest fitness' coverage:   44.67169145175404
highest fitness' collisions: 0.13121212240155544
new generation:  4954
Fittest                      43.38120072404105
highest fitness' coverage:   44.69332194805661
highest fitness' collisions: 0.13121212240155536
new generation:  4955
Fittest                      43.370000909236545
highest fitness' coverage:   44.68370702644456
highest fitness' collisions: 0.13137061172080156
new generation:  4956
Fittest                      43.37966430274368
highest fitness' coverage:   44.69337041995169
highest fitness' collisions: 0.13137061172080158
new generation:  4957
Fittest                      43.35792351667627
highest fitness' coverage:   44.67162963388429
highest fitness' collisions: 0.13137061172080147
new generation:  4958
Fittest                      43.360959060148154
highest fitness' coverage:   44.67466517735617
highest fitness' collisions: 0.13137061172080156
new generation:  4959
Fittest                      43.35829819996901
highest fitness' coverage:   44.66783562334233
highest fitness' collisions: 0.1309537423373312
new generation:  4960
Fittest                      43.34919244277374
highest fitness' coverage:   44.658729866147056
highest fitness' collisions: 0.13095374233733134
new generation:  4961
Fittest                      43.35105622532051
highest fitness' coverage:   44.65881951532505
highest fitness' collisions: 0.13077632900045397
new generation:  4962
Fittest                      43.403598814968575
highest fitness' coverage:   44.71136210497311
highest fitness' collisions: 0.13077632900045394
new generation:  4963
Fittest                      43.37605830325143
highest fitness' coverage:   44.68382159325597
highest fitness' collisions: 0.1307763290004539
new generation:  4964
Fittest                      43.36199195003204
highest fitness' coverage:   44.66817034684412
highest fitness' collisions: 0.13061783968120783
new generation:  4965
Fittest                      43.34306364479439
highest fitness' coverage:   44.64924204160647
highest fitness' collisions: 0.13061783968120783
new generation:  4966
Fittest                      43.36221996788861
highest fitness' coverage:   44.66839836470069
highest fitness' collisions: 0.13061783968120771
new generation:  4967
Fittest                      43.41223733617277
highest fitness' coverage:   44.71841573298485
highest fitness' collisions: 0.13061783968120777
new generation:  4968
Fittest                      43.37471065173194
highest fitness' coverage:   44.68088904854402
highest fitness' collisions: 0.13061783968120777
new generation:  4969
Fittest                      43.35274305949496
highest fitness' coverage:   44.65892145630704
highest fitness' collisions: 0.13061783968120777
new generation:  4970
Fittest                      43.38416356050556
highest fitness' coverage:   44.69034195731764
highest fitness' collisions: 0.13061783968120783
new generation:  4971
Fittest                      43.37148302800425
highest fitness' coverage:   44.67766142481633
highest fitness' collisions: 0.1306178396812078
new generation:  4972
Fittest                      43.3828606232509
highest fitness' coverage:   44.671201893881076
highest fitness' collisions: 0.1288341270630175
new generation:  4973
Fittest                      43.38634426360764
highest fitness' coverage:   44.67468553423782
highest fitness' collisions: 0.12883412706301753
new generation:  4974
Fittest                      43.40118886601615
highest fitness' coverage:   44.689530136646326
highest fitness' collisions: 0.12883412706301742
new generation:  4975
Fittest                      43.3764609132282
highest fitness' coverage:   44.66480218385838
highest fitness' collisions: 0.12883412706301745
new generation:  4976
Fittest                      43.39239639315389
highest fitness' coverage:   44.680737663784065
highest fitness' collisions: 0.12883412706301756
new generation:  4977
Fittest                      43.3860926326938
highest fitness' coverage:   44.67443390332398
highest fitness' collisions: 0.12883412706301747
new generation:  4978
Fittest                      43.38186332796112
highest fitness' coverage:   44.65857655283413
highest fitness' collisions: 0.1276713224873009
new generation:  4979
Fittest                      43.38209536133651
highest fitness' coverage:   44.65880858620952
highest fitness' collisions: 0.12767132248730084
new generation:  4980
Fittest                      43.387787591824726
highest fitness' coverage:   44.66816917703353
highest fitness' collisions: 0.1280381585208806
new generation:  4981
Fittest                      43.40225865652824
highest fitness' coverage:   44.67477752952555
highest fitness' collisions: 0.12725188729973125
new generation:  4982
Fittest                      43.40823920386697
highest fitness' coverage:   44.68075807686429
highest fitness' collisions: 0.12725188729973136
new generation:  4983
Fittest                      43.389597637679174
highest fitness' coverage:   44.66211651067649
highest fitness' collisions: 0.12725188729973133
new generation:  4984
Fittest                      43.408692241893824
highest fitness' coverage:   44.681211114891134
highest fitness' collisions: 0.12725188729973128
new generation:  4985
Fittest                      43.395653422819315
highest fitness' coverage:   44.668172295816625
highest fitness' collisions: 0.12725188729973125
new generation:  4986
Fittest                      43.40757368159804
highest fitness' coverage:   44.674473214128305
highest fitness' collisions: 0.12668995325302662
new generation:  4987
Fittest                      43.410456468599534
highest fitness' coverage:   44.6775555273613
highest fitness' collisions: 0.1267099058761763
new generation:  4988
Fittest                      43.43485183668626
highest fitness' coverage:   44.70195089544803
highest fitness' collisions: 0.12670990587617623
new generation:  4989
Fittest                      43.42613355955828
highest fitness' coverage:   44.69323261832004
highest fitness' collisions: 0.12670990587617617
new generation:  4990
Fittest                      43.401405249946315
highest fitness' coverage:   44.66850430870808
highest fitness' collisions: 0.12670990587617623
new generation:  4991
Fittest                      43.41948876008978
highest fitness' coverage:   44.68658781885154
highest fitness' collisions: 0.12670990587617623
new generation:  4992
Fittest                      43.409243398260166
highest fitness' coverage:   44.67472064692457
highest fitness' collisions: 0.12654772486644023
new generation:  4993
Fittest                      43.42402429194067
highest fitness' coverage:   44.68950154060507
highest fitness' collisions: 0.12654772486644025
new generation:  4994
Fittest                      43.40863090956855
highest fitness' coverage:   44.674108158232954
highest fitness' collisions: 0.12654772486644034
new generation:  4995
Fittest                      43.38541896446902
highest fitness' coverage:   44.655573564546295
highest fitness' collisions: 0.12701546000772754
new generation:  4996
Fittest                      43.42616965651211
highest fitness' coverage:   44.678127248003285
highest fitness' collisions: 0.1251957591491176
new generation:  4997
Fittest                      43.416343631101974
highest fitness' coverage:   44.66830122259315
highest fitness' collisions: 0.12519575914911765
new generation:  4998
Fittest                      43.40415283781378
highest fitness' coverage:   44.65611042930496
highest fitness' collisions: 0.12519575914911746
new generation:  4999
Fittest                      43.42864451636395
highest fitness' coverage:   44.68060210785513
highest fitness' collisions: 0.12519575914911754
new generation:  5000
Fittest                      43.42180479238182
highest fitness' coverage:   44.673762383873
highest fitness' collisions: 0.1251957591491176
new generation:  5001
Fittest                      43.40713708026449
highest fitness' coverage:   44.65909467175567
highest fitness' collisions: 0.1251957591491176
new generation:  5002
Fittest                      43.4103522046623
highest fitness' coverage:   44.66230979615348
highest fitness' collisions: 0.1251957591491175
new generation:  5003
Fittest                      43.444007940340846
highest fitness' coverage:   44.69596553183202
highest fitness' collisions: 0.12519575914911762
new generation:  5004
Fittest                      43.44172978670025
highest fitness' coverage:   44.69368737819143
highest fitness' collisions: 0.12519575914911749
new generation:  5005
Fittest                      43.41611854116858
highest fitness' coverage:   44.668076132659756
highest fitness' collisions: 0.1251957591491176
new generation:  5006
Fittest                      43.43954994734296
highest fitness' coverage:   44.686830187421265
highest fitness' collisions: 0.12472802400783037
new generation:  5007
Fittest                      43.430352154104604
highest fitness' coverage:   44.67763239418291
highest fitness' collisions: 0.12472802400783042
new generation:  5008
Fittest                      43.45509315274677
highest fitness' coverage:   44.70237339282507
highest fitness' collisions: 0.12472802400783034
new generation:  5009
Fittest                      43.44886632281617
highest fitness' coverage:   44.69614656289448
highest fitness' collisions: 0.1247280240078303
new generation:  5010
Fittest                      43.43337402943365
highest fitness' coverage:   44.680654269511955
highest fitness' collisions: 0.12472802400783031
new generation:  5011
Fittest                      43.424189593729494
highest fitness' coverage:   44.6714698338078
highest fitness' collisions: 0.12472802400783031
new generation:  5012
Fittest                      43.414872706338066
highest fitness' coverage:   44.66215294641637
highest fitness' collisions: 0.12472802400783031
new generation:  5013
Fittest                      43.436450614709855
highest fitness' coverage:   44.68373085478816
highest fitness' collisions: 0.12472802400783035
new generation:  5014
Fittest                      43.40835452392311
highest fitness' coverage:   44.65563476400141
highest fitness' collisions: 0.1247280240078304
new generation:  5015
Fittest                      43.42734290583629
highest fitness' coverage:   44.674623145914595
highest fitness' collisions: 0.12472802400783026
new generation:  5016
Fittest                      43.417750241308674
highest fitness' coverage:   44.66503048138698
highest fitness' collisions: 0.12472802400783038
new generation:  5017
Fittest                      43.44561615589879
highest fitness' coverage:   44.692896395977094
highest fitness' collisions: 0.12472802400783033
new generation:  5018
Fittest                      43.43626492491272
highest fitness' coverage:   44.683545164991024
highest fitness' collisions: 0.12472802400783038
new generation:  5019
Fittest                      43.43863623859011
highest fitness' coverage:   44.71386163021144
highest fitness' collisions: 0.12752253916213335
new generation:  5020
Fittest                      43.432428586242914
highest fitness' coverage:   44.70765397786425
highest fitness' collisions: 0.1275225391621332
new generation:  5021
Fittest                      43.42629092005571
highest fitness' coverage:   44.70151631167705
highest fitness' collisions: 0.12752253916213324
new generation:  5022
Fittest                      43.441453193836246
highest fitness' coverage:   44.71667858545758
highest fitness' collisions: 0.12752253916213316
new generation:  5023
Fittest                      43.44457917454713
highest fitness' coverage:   44.720407125754534
highest fitness' collisions: 0.1275827951207406
new generation:  5024
Fittest                      43.43825644209114
highest fitness' coverage:   44.71408439329854
highest fitness' collisions: 0.12758279512074056
new generation:  5025
Fittest                      43.422162610326026
highest fitness' coverage:   44.69799056153343
highest fitness' collisions: 0.1275827951207407
new generation:  5026
Fittest                      43.43141699034757
highest fitness' coverage:   44.707244941554976
highest fitness' collisions: 0.12758279512074058
new generation:  5027
Fittest                      43.44103873910489
highest fitness' coverage:   44.716866690312294
highest fitness' collisions: 0.12758279512074064
new generation:  5028
Fittest                      43.450742205848414
highest fitness' coverage:   44.72657015705582
highest fitness' collisions: 0.12758279512074064
new generation:  5029
Fittest                      43.42217553079107
highest fitness' coverage:   44.69800348199848
highest fitness' collisions: 0.12758279512074064
new generation:  5030
Fittest                      43.431767663250845
highest fitness' coverage:   44.70759561445825
highest fitness' collisions: 0.12758279512074056
new generation:  5031
Fittest                      43.42593679614692
highest fitness' coverage:   44.701764747354325
highest fitness' collisions: 0.1275827951207406
new generation:  5032
Fittest                      43.43162831534335
highest fitness' coverage:   44.70745626655076
highest fitness' collisions: 0.1275827951207406
new generation:  5033
Fittest                      43.444697837351725
highest fitness' coverage:   44.72052578855913
highest fitness' collisions: 0.12758279512074053
new generation:  5034
Fittest                      43.422274540261874
highest fitness' coverage:   44.70460183458828
highest fitness' collisions: 0.1282327294326409
new generation:  5035
Fittest                      43.43250441185209
highest fitness' coverage:   44.71391291882641
highest fitness' collisions: 0.1281408506974318
new generation:  5036
Fittest                      43.42623805491093
highest fitness' coverage:   44.70764656188525
highest fitness' collisions: 0.12814085069743186
new generation:  5037
Fittest                      43.42565966654633
highest fitness' coverage:   44.707068173520646
highest fitness' collisions: 0.12814085069743184
new generation:  5038
Fittest                      43.422878046409295
highest fitness' coverage:   44.71074309567396
highest fitness' collisions: 0.12878650492646634
new generation:  5039
Fittest                      43.43225361885104
highest fitness' coverage:   44.72011866811571
highest fitness' collisions: 0.1287865049264664
new generation:  5040
Fittest                      43.401081544893486
highest fitness' coverage:   44.68894659415815
highest fitness' collisions: 0.1287865049264664
new generation:  5041
Fittest                      43.44342498455112
highest fitness' coverage:   44.726612682402916
highest fitness' collisions: 0.12831876978517914
new generation:  5042
Fittest                      43.460999070126334
highest fitness' coverage:   44.742491889669665
highest fitness' collisions: 0.12814928195433276
new generation:  5043
Fittest                      43.429000830230294
highest fitness' coverage:   44.710493649773625
highest fitness' collisions: 0.1281492819543329
new generation:  5044
Fittest                      43.42652337692282
highest fitness' coverage:   44.708016196466154
highest fitness' collisions: 0.12814928195433284
new generation:  5045
Fittest                      43.425896649446095
highest fitness' coverage:   44.707389468989426
highest fitness' collisions: 0.1281492819543328
new generation:  5046
Fittest                      43.40444334361317
highest fitness' coverage:   44.6859361631565
highest fitness' collisions: 0.12814928195433287
new generation:  5047
Fittest                      43.41200107556287
highest fitness' coverage:   44.6923718766519
highest fitness' collisions: 0.1280370801089027
new generation:  5048
Fittest                      43.43643823396985
highest fitness' coverage:   44.71680903505888
highest fitness' collisions: 0.12803708010890263
new generation:  5049
Fittest                      43.42912517452443
highest fitness' coverage:   44.701560248304595
highest fitness' collisions: 0.1272435073780168
new generation:  5050
Fittest                      43.41662537972586
highest fitness' coverage:   44.68906045350602
highest fitness' collisions: 0.12724350737801676
new generation:  5051
Fittest                      43.446550932056965
highest fitness' coverage:   44.74793801600501
highest fitness' collisions: 0.13013870839480443
new generation:  5052
Fittest                      43.424352986428566
highest fitness' coverage:   44.72574007037661
highest fitness' collisions: 0.13013870839480451
new generation:  5053
Fittest                      43.40995960919827
highest fitness' coverage:   44.71108965356804
highest fitness' collisions: 0.13011300443697676
new generation:  5054
Fittest                      43.396908449587954
highest fitness' coverage:   44.698038493957725
highest fitness' collisions: 0.13011300443697676
new generation:  5055
Fittest                      43.42809741589069
highest fitness' coverage:   44.72922746026046
highest fitness' collisions: 0.1301130044369768
new generation:  5056
Fittest                      43.40320045751981
highest fitness' coverage:   44.70433050188958
highest fitness' collisions: 0.13011300443697674
new generation:  5057
Fittest                      43.397287636447615
highest fitness' coverage:   44.698417680817386
highest fitness' collisions: 0.13011300443697676
new generation:  5058
Fittest                      43.39732198887162
highest fitness' coverage:   44.69845203324139
highest fitness' collisions: 0.1301130044369768
new generation:  5059
Fittest                      43.440580758504574
highest fitness' coverage:   44.741710802874344
highest fitness' collisions: 0.13011300443697676
new generation:  5060
Fittest                      43.419426251271716
highest fitness' coverage:   44.72055629564149
highest fitness' collisions: 0.13011300443697674
new generation:  5061
Fittest                      43.40351051503781
highest fitness' coverage:   44.70464055940758
highest fitness' collisions: 0.13011300443697676
new generation:  5062
Fittest                      43.40949130645561
highest fitness' coverage:   44.71062135082537
highest fitness' collisions: 0.13011300443697668
new generation:  5063
Fittest                      43.40027819357411
highest fitness' coverage:   44.70140823794388
highest fitness' collisions: 0.13011300443697682
new generation:  5064
Fittest                      43.40039186166302
highest fitness' coverage:   44.70152190603279
highest fitness' collisions: 0.1301130044369768
new generation:  5065
Fittest                      43.403052988657436
highest fitness' coverage:   44.704183033027206
highest fitness' collisions: 0.1301130044369768
new generation:  5066
Fittest                      43.41573158569304
highest fitness' coverage:   44.71686163006281
highest fitness' collisions: 0.13011300443697674
new generation:  5067
Fittest                      43.41269725010982
highest fitness' coverage:   44.71382729447959
highest fitness' collisions: 0.13011300443697682
new generation:  5068
Fittest                      43.42164116134494
highest fitness' coverage:   44.73544234892911
highest fitness' collisions: 0.1313801187584174
new generation:  5069
Fittest                      43.38347711126976
highest fitness' coverage:   44.69483233144862
highest fitness' collisions: 0.1311355220178858
new generation:  5070
Fittest                      43.40544331233298
highest fitness' coverage:   44.71679853251184
highest fitness' collisions: 0.13113552201788573
new generation:  5071
Fittest                      43.413310136903085
highest fitness' coverage:   44.72934270849481
highest fitness' collisions: 0.13160325715917298
new generation:  5072
Fittest                      43.39141660855641
highest fitness' coverage:   44.707449180148146
highest fitness' collisions: 0.13160325715917304
new generation:  5073
Fittest                      43.40376971648332
highest fitness' coverage:   44.719802288075044
highest fitness' collisions: 0.13160325715917298
new generation:  5074
Fittest                      43.400796407672765
highest fitness' coverage:   44.71682897926449
highest fitness' collisions: 0.13160325715917287
new generation:  5075
Fittest                      43.391141933210434
highest fitness' coverage:   44.70717450480216
highest fitness' collisions: 0.13160325715917293
new generation:  5076
Fittest                      43.41621520316515
highest fitness' coverage:   44.73224777475688
highest fitness' collisions: 0.13160325715917295
new generation:  5077
Fittest                      43.40690285962909
highest fitness' coverage:   44.72293543122082
highest fitness' collisions: 0.1316032571591729
new generation:  5078
Fittest                      43.377275500109555
highest fitness' coverage:   44.707366365409605
highest fitness' collisions: 0.133009086530005
new generation:  5079
Fittest                      43.387385269522724
highest fitness' coverage:   44.716899328522146
highest fitness' collisions: 0.13295140589994248
new generation:  5080
Fittest                      43.39411105342927
highest fitness' coverage:   44.72362511242869
highest fitness' collisions: 0.13295140589994245
new generation:  5081
Fittest                      43.380279542503466
highest fitness' coverage:   44.71217160585782
highest fitness' collisions: 0.13318920633543507
new generation:  5082
Fittest                      43.386378875309646
highest fitness' coverage:   44.71858716643001
highest fitness' collisions: 0.13322082911203684
new generation:  5083
Fittest                      43.40083964899718
highest fitness' coverage:   44.72467019867554
highest fitness' collisions: 0.13238305496783598
new generation:  5084
Fittest                      43.41672790103862
highest fitness' coverage:   44.74055845071698
highest fitness' collisions: 0.13238305496783598
new generation:  5085
Fittest                      43.395096415428135
highest fitness' coverage:   44.7189269651065
highest fitness' collisions: 0.13238305496783595
new generation:  5086
Fittest                      43.39234215566461
highest fitness' coverage:   44.71617270534297
highest fitness' collisions: 0.13238305496783598
new generation:  5087
Fittest                      43.39198686474237
highest fitness' coverage:   44.715817414420734
highest fitness' collisions: 0.132383054967836
new generation:  5088
Fittest                      43.39201105679567
highest fitness' coverage:   44.71584160647403
highest fitness' collisions: 0.13238305496783595
new generation:  5089
Fittest                      43.37348518851731
highest fitness' coverage:   44.69731573819566
highest fitness' collisions: 0.13238305496783587
new generation:  5090
Fittest                      43.39436716413356
highest fitness' coverage:   44.718710575195914
highest fitness' collisions: 0.1324343411062351
new generation:  5091
Fittest                      43.40081153877697
highest fitness' coverage:   44.725471177605336
highest fitness' collisions: 0.1324659638828367
new generation:  5092
Fittest                      43.390297514801354
highest fitness' coverage:   44.71495715362972
highest fitness' collisions: 0.13246596388283674
new generation:  5093
Fittest                      43.39523137984945
highest fitness' coverage:   44.728268760119825
highest fitness' collisions: 0.13330373802703765
new generation:  5094
Fittest                      43.38238364184201
highest fitness' coverage:   44.71542102211239
highest fitness' collisions: 0.13330373802703757
new generation:  5095
Fittest                      43.375878006464696
highest fitness' coverage:   44.706285118743175
highest fitness' collisions: 0.13304071122784808
new generation:  5096
Fittest                      43.385321575962315
highest fitness' coverage:   44.715728688240794
highest fitness' collisions: 0.1330407112278481
new generation:  5097
Fittest                      43.37072294779712
highest fitness' coverage:   44.70028717989093
highest fitness' collisions: 0.13295642320938095
new generation:  5098
Fittest                      43.40449403248607
highest fitness' coverage:   44.73457112596387
highest fitness' collisions: 0.13300770934778008
new generation:  5099
Fittest                      43.387146790058345
highest fitness' coverage:   44.71269444296209
highest fitness' collisions: 0.13255476529037458
new generation:  5100
Fittest                      43.393600045252334
highest fitness' coverage:   44.71914769815608
highest fitness' collisions: 0.13255476529037455
new generation:  5101
Fittest                      43.38997455664323
highest fitness' coverage:   44.715522209546975
highest fitness' collisions: 0.13255476529037463
new generation:  5102
Fittest                      43.387897488509076
highest fitness' coverage:   44.68182236481114
highest fitness' collisions: 0.1293924876302062
new generation:  5103
Fittest                      43.433626727418265
highest fitness' coverage:   44.6816757795703
highest fitness' collisions: 0.1248049052152034
new generation:  5104
Fittest                      43.46057161103998
highest fitness' coverage:   44.725038237851194
highest fitness' collisions: 0.1264466626811214
new generation:  5105
Fittest                      43.42944723441528
highest fitness' coverage:   44.69462942009839
highest fitness' collisions: 0.12651821856831091
new generation:  5106
Fittest                      43.43871168043905
highest fitness' coverage:   44.70389386612216
highest fitness' collisions: 0.12651821856831102
new generation:  5107
Fittest                      43.41724927715971
highest fitness' coverage:   44.68243146284282
highest fitness' collisions: 0.12651821856831094
new generation:  5108
Fittest                      43.432773058996
highest fitness' coverage:   44.69795524467911
highest fitness' collisions: 0.126518218568311
new generation:  5109
Fittest                      43.41338777015903
highest fitness' coverage:   44.70082073604698
highest fitness' collisions: 0.12874329658879485
new generation:  5110
Fittest                      43.39213303513854
highest fitness' coverage:   44.679566001026494
highest fitness' collisions: 0.12874329658879496
new generation:  5111
Fittest                      43.407461561798584
highest fitness' coverage:   44.694894527686536
highest fitness' collisions: 0.12874329658879488
new generation:  5112
Fittest                      43.41040901707363
highest fitness' coverage:   44.69784198296158
highest fitness' collisions: 0.12874329658879483
new generation:  5113
Fittest                      43.41695207876129
highest fitness' coverage:   44.70438504464924
highest fitness' collisions: 0.12874329658879496
new generation:  5114
Fittest                      43.40148807060634
highest fitness' coverage:   44.68892103649429
highest fitness' collisions: 0.1287432965887949
new generation:  5115
Fittest                      43.38253048007782
highest fitness' coverage:   44.66996344596577
highest fitness' collisions: 0.12874329658879488
new generation:  5116
Fittest                      43.39151964050361
highest fitness' coverage:   44.67930741978079
highest fitness' collisions: 0.12877877792771825
new generation:  5117
Fittest                      43.41024726607868
highest fitness' coverage:   44.69803504535586
highest fitness' collisions: 0.12877877792771833
new generation:  5118
Fittest                      43.40110457824843
highest fitness' coverage:   44.68889235752561
highest fitness' collisions: 0.1287787779277182
new generation:  5119
Fittest                      43.38841952614404
highest fitness' coverage:   44.67620730542122
highest fitness' collisions: 0.12877877792771822
new generation:  5120
Fittest                      43.38154127957186
highest fitness' coverage:   44.669329058849044
highest fitness' collisions: 0.12877877792771822
new generation:  5121
Fittest                      43.42934881236335
highest fitness' coverage:   44.71713659164053
highest fitness' collisions: 0.12877877792771822
new generation:  5122
Fittest                      43.39426693032955
highest fitness' coverage:   44.68205470960673
highest fitness' collisions: 0.1287787779277182
new generation:  5123
Fittest                      43.43792977325605
highest fitness' coverage:   44.72571755253323
highest fitness' collisions: 0.1287787779277183
new generation:  5124
Fittest                      43.38512379839856
highest fitness' coverage:   44.67291157767574
highest fitness' collisions: 0.12877877792771825
new generation:  5125
Fittest                      43.391188912070014
highest fitness' coverage:   44.678976691347195
highest fitness' collisions: 0.1287787779277182
new generation:  5126
Fittest                      43.40724841747154
highest fitness' coverage:   44.695036196748724
highest fitness' collisions: 0.12877877792771827
new generation:  5127
Fittest                      43.397674393859646
highest fitness' coverage:   44.68546217313683
highest fitness' collisions: 0.12877877792771822
new generation:  5128
Fittest                      43.39612128905291
highest fitness' coverage:   44.68858641974296
highest fitness' collisions: 0.12924651306900545
new generation:  5129
Fittest                      43.41497512114961
highest fitness' coverage:   44.707440251839664
highest fitness' collisions: 0.12924651306900545
new generation:  5130
Fittest                      43.38393197652715
highest fitness' coverage:   44.676397107217205
highest fitness' collisions: 0.12924651306900553
new generation:  5131
Fittest                      43.39597636554116
highest fitness' coverage:   44.68844149623121
highest fitness' collisions: 0.1292465130690055
new generation:  5132
Fittest                      43.38996458698995
highest fitness' coverage:   44.682230191448504
highest fitness' collisions: 0.1292265604458558
new generation:  5133
Fittest                      43.39939709062123
highest fitness' coverage:   44.691662695079785
highest fitness' collisions: 0.12922656044585584
new generation:  5134
Fittest                      43.41483306235669
highest fitness' coverage:   44.70709866681525
highest fitness' collisions: 0.12922656044585573
new generation:  5135
Fittest                      43.39612811729931
highest fitness' coverage:   44.68839372175787
highest fitness' collisions: 0.12922656044585576
new generation:  5136
Fittest                      43.38346158091925
highest fitness' coverage:   44.67572718537781
highest fitness' collisions: 0.1292265604458558
new generation:  5137
Fittest                      43.38996961570112
highest fitness' coverage:   44.682235220159676
highest fitness' collisions: 0.12922656044585576
new generation:  5138
Fittest                      43.40291125139985
highest fitness' coverage:   44.695176855858406
highest fitness' collisions: 0.12922656044585568
new generation:  5139
Fittest                      43.39310526503596
highest fitness' coverage:   44.68537086949452
highest fitness' collisions: 0.1292265604458559
new generation:  5140
Fittest                      43.41643408469126
highest fitness' coverage:   44.67110210951331
highest fitness' collisions: 0.1254668024822051
new generation:  5141
Fittest                      43.423160658023804
highest fitness' coverage:   44.677828682845856
highest fitness' collisions: 0.12546680248220507
new generation:  5142
Fittest                      43.44495605385571
highest fitness' coverage:   44.699624078677765
highest fitness' collisions: 0.1254668024822051
new generation:  5143
Fittest                      43.42350058701371
highest fitness' coverage:   44.678168611835765
highest fitness' collisions: 0.12546680248220507
new generation:  5144
Fittest                      43.41317116415741
highest fitness' coverage:   44.67441632635998
highest fitness' collisions: 0.1261245162202567
new generation:  5145
Fittest                      43.42593910657243
highest fitness' coverage:   44.687184268775
highest fitness' collisions: 0.1261245162202567
new generation:  5146
Fittest                      43.42585743037907
highest fitness' coverage:   44.68710259258164
highest fitness' collisions: 0.12612451622025667
new generation:  5147
Fittest                      43.427345069246314
highest fitness' coverage:   44.69326758286175
highest fitness' collisions: 0.12659225136154378
new generation:  5148
Fittest                      43.42415222293816
highest fitness' coverage:   44.6900747365536
highest fitness' collisions: 0.1265922513615439
new generation:  5149
Fittest                      43.4174475109013
highest fitness' coverage:   44.683370024516734
highest fitness' collisions: 0.12659225136154387
new generation:  5150
Fittest                      43.43642855994611
highest fitness' coverage:   44.702351073561545
highest fitness' collisions: 0.12659225136154392
new generation:  5151
Fittest                      43.42383881125412
highest fitness' coverage:   44.68976132486956
highest fitness' collisions: 0.12659225136154378
new generation:  5152
Fittest                      43.43676605811316
highest fitness' coverage:   44.702688571728594
highest fitness' collisions: 0.12659225136154384
new generation:  5153
Fittest                      43.41629696177227
highest fitness' coverage:   44.66188399315567
highest fitness' collisions: 0.1245587031383399
new generation:  5154
Fittest                      43.45904354205689
highest fitness' coverage:   44.70545479062097
highest fitness' collisions: 0.12464112485640831
new generation:  5155
Fittest                      43.44044456155778
highest fitness' coverage:   44.686960384972735
highest fitness' collisions: 0.12465158234149525
new generation:  5156
Fittest                      43.443662741851085
highest fitness' coverage:   44.69017856526604
highest fitness' collisions: 0.1246515823414953
new generation:  5157
Fittest                      43.46621524360032
highest fitness' coverage:   44.70508123087757
highest fitness' collisions: 0.12388659872772505
new generation:  5158
Fittest                      43.42532721410486
highest fitness' coverage:   44.66419320138211
highest fitness' collisions: 0.12388659872772505
new generation:  5159
Fittest                      43.45662800932057
highest fitness' coverage:   44.69549399659782
highest fitness' collisions: 0.12388659872772503
new generation:  5160
Fittest                      43.43223303212158
highest fitness' coverage:   44.67109901939883
highest fitness' collisions: 0.12388659872772499
new generation:  5161
Fittest                      43.47511986978831
highest fitness' coverage:   44.71398585706556
highest fitness' collisions: 0.12388659872772503
new generation:  5162
Fittest                      43.44495872167974
highest fitness' coverage:   44.68350848119098
highest fitness' collisions: 0.12385497595112334
new generation:  5163
Fittest                      43.457030898545504
highest fitness' coverage:   44.69558065805674
highest fitness' collisions: 0.12385497595112337
new generation:  5164
Fittest                      43.447634735432004
highest fitness' coverage:   44.68618449494324
highest fitness' collisions: 0.12385497595112333
new generation:  5165
Fittest                      43.46059479385197
highest fitness' coverage:   44.6991445533632
highest fitness' collisions: 0.12385497595112334
new generation:  5166
Fittest                      43.46028327712638
highest fitness' coverage:   44.69883303663761
highest fitness' collisions: 0.1238549759511233
new generation:  5167
Fittest                      43.43829659585094
highest fitness' coverage:   44.67684635536218
highest fitness' collisions: 0.12385497595112335
new generation:  5168
Fittest                      43.46053735660836
highest fitness' coverage:   44.69908711611959
highest fitness' collisions: 0.12385497595112331
new generation:  5169
Fittest                      43.46323489043164
highest fitness' coverage:   44.70178464994288
highest fitness' collisions: 0.12385497595112337
new generation:  5170
Fittest                      43.42572084184247
highest fitness' coverage:   44.66427060135371
highest fitness' collisions: 0.1238549759511234
new generation:  5171
Fittest                      43.43679580929048
highest fitness' coverage:   44.67351088889872
highest fitness' collisions: 0.12367150796082405
new generation:  5172
Fittest                      43.4430455754654
highest fitness' coverage:   44.679760655073636
highest fitness' collisions: 0.12367150796082406
new generation:  5173
Fittest                      43.442516298766634
highest fitness' coverage:   44.67432253525347
highest fitness' collisions: 0.1231806236486833
new generation:  5174
Fittest                      43.45939031747987
highest fitness' coverage:   44.68651920255383
highest fitness' collisions: 0.12271288850739612
new generation:  5175
Fittest                      43.45624342203035
highest fitness' coverage:   44.68307718618164
highest fitness' collisions: 0.12268337641512943
new generation:  5176
Fittest                      43.462733091895515
highest fitness' coverage:   44.68956685604681
highest fitness' collisions: 0.12268337641512946
new generation:  5177
Fittest                      43.453732777936764
highest fitness' coverage:   44.68056654208806
highest fitness' collisions: 0.12268337641512937
new generation:  5178
Fittest                      43.43433335839634
highest fitness' coverage:   44.661483350313645
highest fitness' collisions: 0.12271499919173105
new generation:  5179
Fittest                      43.46230181667257
highest fitness' coverage:   44.68945180858988
highest fitness' collisions: 0.12271499919173104
new generation:  5180
Fittest                      43.4530291122293
highest fitness' coverage:   44.68017910414661
highest fitness' collisions: 0.12271499919173111
new generation:  5181
Fittest                      43.46853057643318
highest fitness' coverage:   44.69568056835049
highest fitness' collisions: 0.12271499919173111
new generation:  5182
Fittest                      43.44715920331095
highest fitness' coverage:   44.67077355716756
highest fitness' collisions: 0.12236143538566006
new generation:  5183
Fittest                      43.47687054572615
highest fitness' coverage:   44.70501434015681
highest fitness' collisions: 0.12281437944306572
new generation:  5184
Fittest                      43.42386929983661
highest fitness' coverage:   44.65201309426727
highest fitness' collisions: 0.12281437944306572
new generation:  5185
Fittest                      43.452358222276054
highest fitness' coverage:   44.67404547441637
highest fitness' collisions: 0.122168725214031
new generation:  5186
Fittest                      43.461785643156574
highest fitness' coverage:   44.68347289529689
highest fitness' collisions: 0.12216872521403097
new generation:  5187
Fittest                      43.44909973456324
highest fitness' coverage:   44.670786986703554
highest fitness' collisions: 0.12216872521403101
new generation:  5188
Fittest                      43.4645891146466
highest fitness' coverage:   44.68627636678691
highest fitness' collisions: 0.12216872521403106
new generation:  5189
Fittest                      43.4648348125718
highest fitness' coverage:   44.686522064712115
highest fitness' collisions: 0.122168725214031
new generation:  5190
Fittest                      43.46432073457122
highest fitness' coverage:   44.68600798671153
highest fitness' collisions: 0.12216872521403101
new generation:  5191
Fittest                      43.436482491346865
highest fitness' coverage:   44.65816974348718
highest fitness' collisions: 0.1221687252140311
new generation:  5192
Fittest                      43.44918228733261
highest fitness' coverage:   44.67086953947292
highest fitness' collisions: 0.12216872521403095
new generation:  5193
Fittest                      43.44899405981109
highest fitness' coverage:   44.670681311951405
highest fitness' collisions: 0.12216872521403105
new generation:  5194
Fittest                      43.44649358225924
highest fitness' coverage:   44.66818083439955
highest fitness' collisions: 0.12216872521403103
new generation:  5195
Fittest                      43.43618183112926
highest fitness' coverage:   44.70179454757938
highest fitness' collisions: 0.1265612716450118
new generation:  5196
Fittest                      43.41884004549546
highest fitness' coverage:   44.68376698142746
highest fitness' collisions: 0.12649269359320042
new generation:  5197
Fittest                      43.41182886235422
highest fitness' coverage:   44.67675579828622
highest fitness' collisions: 0.1264926935932004
new generation:  5198
Fittest                      43.40318042165496
highest fitness' coverage:   44.66160801446796
highest fitness' collisions: 0.12584275928130015
new generation:  5199
Fittest                      43.41565795457732
highest fitness' coverage:   44.661641546722336
highest fitness' collisions: 0.12459835921450194
new generation:  5200
Fittest                      43.46060323900977
highest fitness' coverage:   44.71757114219189
highest fitness' collisions: 0.12569679031821218
new generation:  5201
Fittest                      43.42666298353829
highest fitness' coverage:   44.666648450195794
highest fitness' collisions: 0.12399854666575039
new generation:  5202
Fittest                      43.42358363861172
highest fitness' coverage:   44.66356910526922
highest fitness' collisions: 0.1239985466657504
new generation:  5203
Fittest                      43.41703218082551
highest fitness' coverage:   44.65701764748301
highest fitness' collisions: 0.1239985466657504
new generation:  5204
Fittest                      43.448191515110864
highest fitness' coverage:   44.688176981768365
highest fitness' collisions: 0.12399854666575033
new generation:  5205
Fittest                      43.413720260340725
highest fitness' coverage:   44.65370572699823
highest fitness' collisions: 0.12399854666575046
new generation:  5206
Fittest                      43.42973821972703
highest fitness' coverage:   44.66972368638453
highest fitness' collisions: 0.12399854666575034
new generation:  5207
Fittest                      43.483365878595095
highest fitness' coverage:   44.67942588094279
highest fitness' collisions: 0.11960600023476961
new generation:  5208
Fittest                      43.48262065816454
highest fitness' coverage:   44.678680660512235
highest fitness' collisions: 0.1196060002347696
new generation:  5209
Fittest                      43.49824905589557
highest fitness' coverage:   44.69430905824326
highest fitness' collisions: 0.11960600023476957
new generation:  5210
Fittest                      43.48920431933741
highest fitness' coverage:   44.6852643216851
highest fitness' collisions: 0.11960600023476956
new generation:  5211
Fittest                      43.504110661879096
highest fitness' coverage:   44.70017066422679
highest fitness' collisions: 0.11960600023476964
new generation:  5212
Fittest                      43.465524636766325
highest fitness' coverage:   44.66660014368849
highest fitness' collisions: 0.12010755069221651
new generation:  5213
Fittest                      43.47135295888098
highest fitness' coverage:   44.672428465803144
highest fitness' collisions: 0.12010755069221657
new generation:  5214
Fittest                      43.456226972058204
highest fitness' coverage:   44.65730247898037
highest fitness' collisions: 0.1201075506922165
new generation:  5215
Fittest                      43.477157991865084
highest fitness' coverage:   44.678631605957804
highest fitness' collisions: 0.12014736140927189
new generation:  5216
Fittest                      43.50552322941542
highest fitness' coverage:   44.706996843508136
highest fitness' collisions: 0.12014736140927192
new generation:  5217
Fittest                      43.50283496194229
highest fitness' coverage:   44.70430857603501
highest fitness' collisions: 0.12014736140927187
new generation:  5218
Fittest                      43.49287643274982
highest fitness' coverage:   44.69435004684254
highest fitness' collisions: 0.12014736140927186
new generation:  5219
Fittest                      43.484021439646824
highest fitness' coverage:   44.685495053739544
highest fitness' collisions: 0.12014736140927187
new generation:  5220
Fittest                      43.48696759482054
highest fitness' coverage:   44.68844120891326
highest fitness' collisions: 0.12014736140927186
new generation:  5221
Fittest                      43.47452042281631
highest fitness' coverage:   44.67599403690903
highest fitness' collisions: 0.12014736140927194
new generation:  5222
Fittest                      43.49330942512774
highest fitness' coverage:   44.69478303922046
highest fitness' collisions: 0.12014736140927186
new generation:  5223
Fittest                      43.49931071600717
highest fitness' coverage:   44.70078433009989
highest fitness' collisions: 0.12014736140927189
new generation:  5224
Fittest                      43.505342353418676
highest fitness' coverage:   44.706815967511396
highest fitness' collisions: 0.12014736140927189
new generation:  5225
Fittest                      43.47159819887779
highest fitness' coverage:   44.67307181297051
highest fitness' collisions: 0.1201473614092718
new generation:  5226
Fittest                      43.503002533214186
highest fitness' coverage:   44.704476147306906
highest fitness' collisions: 0.12014736140927186
new generation:  5227
Fittest                      43.51537661113837
highest fitness' coverage:   44.71685022523109
highest fitness' collisions: 0.12014736140927185
new generation:  5228
Fittest                      43.468476483063135
highest fitness' coverage:   44.669950097155855
highest fitness' collisions: 0.12014736140927185
new generation:  5229
Fittest                      43.49283661943472
highest fitness' coverage:   44.69431023352744
highest fitness' collisions: 0.12014736140927186
new generation:  5230
Fittest                      43.48349709665736
highest fitness' coverage:   44.68497071075008
highest fitness' collisions: 0.12014736140927185
new generation:  5231
Fittest                      43.486945881024816
highest fitness' coverage:   44.688419495117536
highest fitness' collisions: 0.12014736140927187
new generation:  5232
Fittest                      43.49329791971921
highest fitness' coverage:   44.69477153381193
highest fitness' collisions: 0.12014736140927183
new generation:  5233
Fittest                      43.49923188839318
highest fitness' coverage:   44.7007055024859
highest fitness' collisions: 0.12014736140927178
new generation:  5234
Fittest                      43.506177095252376
highest fitness' coverage:   44.707650709345096
highest fitness' collisions: 0.12014736140927189
new generation:  5235
Fittest                      43.49026811530324
highest fitness' coverage:   44.691425501629936
highest fitness' collisions: 0.12011573863267012
new generation:  5236
Fittest                      43.49077354295213
highest fitness' coverage:   44.691930929278826
highest fitness' collisions: 0.12011573863267021
new generation:  5237
Fittest                      43.50274940037217
highest fitness' coverage:   44.703906786698866
highest fitness' collisions: 0.1201157386326702
new generation:  5238
Fittest                      43.50284036970206
highest fitness' coverage:   44.703997756028755
highest fitness' collisions: 0.12011573863267014
new generation:  5239
Fittest                      43.48360945532768
highest fitness' coverage:   44.68476684165438
highest fitness' collisions: 0.12011573863267017
new generation:  5240
Fittest                      43.49034553221276
highest fitness' coverage:   44.691502918539456
highest fitness' collisions: 0.1201157386326701
new generation:  5241
Fittest                      43.50570159348967
highest fitness' coverage:   44.70685897981637
highest fitness' collisions: 0.1201157386326702
new generation:  5242
Fittest                      43.498065209298765
highest fitness' coverage:   44.6945452442126
highest fitness' collisions: 0.11964800349138302
new generation:  5243
Fittest                      43.507493361093275
highest fitness' coverage:   44.70397339600711
highest fitness' collisions: 0.11964800349138305
new generation:  5244
Fittest                      43.48565581280553
highest fitness' coverage:   44.682135847719366
highest fitness' collisions: 0.11964800349138295
new generation:  5245
Fittest                      43.49482551579823
highest fitness' coverage:   44.691305550712066
highest fitness' collisions: 0.11964800349138302
new generation:  5246
Fittest                      43.49797385063276
highest fitness' coverage:   44.694453885546594
highest fitness' collisions: 0.11964800349138305
new generation:  5247
Fittest                      43.50851876436596
highest fitness' coverage:   44.7134318604464
highest fitness' collisions: 0.12049130960804402
new generation:  5248
Fittest                      43.483362898859426
highest fitness' coverage:   44.688275994939865
highest fitness' collisions: 0.12049130960804412
new generation:  5249
Fittest                      43.49587546555175
highest fitness' coverage:   44.70078856163219
highest fitness' collisions: 0.12049130960804413
new generation:  5250
Fittest                      43.505419960926666
highest fitness' coverage:   44.710333057007105
highest fitness' collisions: 0.12049130960804412
new generation:  5251
Fittest                      43.502227918550936
highest fitness' coverage:   44.707141014631375
highest fitness' collisions: 0.12049130960804409
new generation:  5252
Fittest                      43.49571859230068
highest fitness' coverage:   44.707088230671474
highest fitness' collisions: 0.12113696383707877
new generation:  5253
Fittest                      43.49503553289883
highest fitness' coverage:   44.71692053177148
highest fitness' collisions: 0.12218849988726438
new generation:  5254
Fittest                      43.469651966116686
highest fitness' coverage:   44.70753254527548
highest fitness' collisions: 0.12378805791587895
new generation:  5255
Fittest                      43.44190059445789
highest fitness' coverage:   44.67978117361668
highest fitness' collisions: 0.12378805791587892
new generation:  5256
Fittest                      43.479461867114054
highest fitness' coverage:   44.70134686598669
highest fitness' collisions: 0.1221884998872642
new generation:  5257
Fittest                      43.47925568695808
highest fitness' coverage:   44.70114068583073
highest fitness' collisions: 0.1221884998872643
new generation:  5258
Fittest                      43.45750072738787
highest fitness' coverage:   44.679385726260506
highest fitness' collisions: 0.12218849988726421
new generation:  5259
Fittest                      43.475825666277515
highest fitness' coverage:   44.69771066515016
highest fitness' collisions: 0.12218849988726427
new generation:  5260
Fittest                      43.46060733899243
highest fitness' coverage:   44.68249233786508
highest fitness' collisions: 0.12218849988726428
new generation:  5261
Fittest                      43.454544656091976
highest fitness' coverage:   44.67642965496462
highest fitness' collisions: 0.12218849988726432
new generation:  5262
Fittest                      43.45455986527861
highest fitness' coverage:   44.67644486415125
highest fitness' collisions: 0.12218849988726421
new generation:  5263
Fittest                      43.488758946234526
highest fitness' coverage:   44.71064394510717
highest fitness' collisions: 0.12218849988726435
new generation:  5264
Fittest                      43.46989002190341
highest fitness' coverage:   44.691775020776056
highest fitness' collisions: 0.12218849988726431
new generation:  5265
Fittest                      43.4791219560852
highest fitness' coverage:   44.70100695495785
highest fitness' collisions: 0.12218849988726428
new generation:  5266
Fittest                      43.44819334791816
highest fitness' coverage:   44.67007834679081
highest fitness' collisions: 0.12218849988726438
new generation:  5267
Fittest                      43.49509167390483
highest fitness' coverage:   44.71697667277747
highest fitness' collisions: 0.12218849988726424
new generation:  5268
Fittest                      43.46068721365318
highest fitness' coverage:   44.68257221252583
highest fitness' collisions: 0.12218849988726434
new generation:  5269
Fittest                      43.467510719363695
highest fitness' coverage:   44.68939571823634
highest fitness' collisions: 0.12218849988726432
new generation:  5270
Fittest                      43.4801184079424
highest fitness' coverage:   44.701687179049024
highest fitness' collisions: 0.12215687711066264
new generation:  5271
Fittest                      43.45732306819894
highest fitness' coverage:   44.68235920781009
highest fitness' collisions: 0.12250361396111516
new generation:  5272
Fittest                      43.453040562866235
highest fitness' coverage:   44.67942566535998
highest fitness' collisions: 0.12263851024937433
new generation:  5273
Fittest                      43.469210400919486
highest fitness' coverage:   44.69559550341323
highest fitness' collisions: 0.12263851024937425
new generation:  5274
Fittest                      43.46915229434774
highest fitness' coverage:   44.69553739684148
highest fitness' collisions: 0.12263851024937433
new generation:  5275
Fittest                      43.47230584847473
highest fitness' coverage:   44.698690950968476
highest fitness' collisions: 0.12263851024937425
new generation:  5276
Fittest                      43.46547593682461
highest fitness' coverage:   44.691861039318354
highest fitness' collisions: 0.12263851024937428
new generation:  5277
Fittest                      43.43878198862454
highest fitness' coverage:   44.66381812823569
highest fitness' collisions: 0.12250361396111517
new generation:  5278
Fittest                      43.47027428450134
highest fitness' coverage:   44.69531042411249
highest fitness' collisions: 0.12250361396111514
new generation:  5279
Fittest                      43.47015693141422
highest fitness' coverage:   44.69519307102537
highest fitness' collisions: 0.12250361396111512
new generation:  5280
Fittest                      43.46732562525567
highest fitness' coverage:   44.69236176486682
highest fitness' collisions: 0.12250361396111512
new generation:  5281
Fittest                      43.47156807326637
highest fitness' coverage:   44.69192686146465
highest fitness' collisions: 0.122035878819828
new generation:  5282
Fittest                      43.45286370454684
highest fitness' coverage:   44.673222492745126
highest fitness' collisions: 0.12203587881982794
new generation:  5283
Fittest                      43.46883277768627
highest fitness' coverage:   44.685914743451825
highest fitness' collisions: 0.12170819657655503
new generation:  5284
Fittest                      43.46569094459761
highest fitness' coverage:   44.68277291036316
highest fitness' collisions: 0.12170819657655499
new generation:  5285
Fittest                      43.474552381739336
highest fitness' coverage:   44.69163434750489
highest fitness' collisions: 0.12170819657655507
new generation:  5286
Fittest                      43.47499339316779
highest fitness' coverage:   44.692075358933344
highest fitness' collisions: 0.12170819657655509
new generation:  5287
Fittest                      43.46564827606595
highest fitness' coverage:   44.6827302418315
highest fitness' collisions: 0.12170819657655506
new generation:  5288
Fittest                      43.46245959293195
highest fitness' coverage:   44.6795415586975
highest fitness' collisions: 0.121708196576555
new generation:  5289
Fittest                      43.47751715379445
highest fitness' coverage:   44.69459911956
highest fitness' collisions: 0.12170819657655511
new generation:  5290
Fittest                      43.52282678826542
highest fitness' coverage:   44.713813978007934
highest fitness' collisions: 0.11909871897425112
new generation:  5291
Fittest                      43.497642870887645
highest fitness' coverage:   44.68863006063015
highest fitness' collisions: 0.11909871897425112
new generation:  5292
Fittest                      43.519317485485026
highest fitness' coverage:   44.71030467522754
highest fitness' collisions: 0.11909871897425117
new generation:  5293
Fittest                      43.49183860891449
highest fitness' coverage:   44.682825798657
highest fitness' collisions: 0.11909871897425103
new generation:  5294
Fittest                      43.51263142307115
highest fitness' coverage:   44.70778730664836
highest fitness' collisions: 0.11951558835772148
new generation:  5295
Fittest                      43.4784791509129
highest fitness' coverage:   44.67363503449011
highest fitness' collisions: 0.11951558835772148
new generation:  5296
Fittest                      43.48151951561605
highest fitness' coverage:   44.676675399193265
highest fitness' collisions: 0.11951558835772146
new generation:  5297
Fittest                      43.50272512547876
highest fitness' coverage:   44.697881009055976
highest fitness' collisions: 0.11951558835772154
new generation:  5298
Fittest                      43.49023336437128
highest fitness' coverage:   44.68538924794849
highest fitness' collisions: 0.1195155883577215
new generation:  5299
Fittest                      43.49965457959691
highest fitness' coverage:   44.69481046317412
highest fitness' collisions: 0.11951558835772147
new generation:  5300
Fittest                      43.496640073312996
highest fitness' coverage:   44.69179595689021
highest fitness' collisions: 0.11951558835772147
new generation:  5301
Fittest                      43.49673601487869
highest fitness' coverage:   44.69189189845591
highest fitness' collisions: 0.11951558835772148
new generation:  5302
Fittest                      43.4996922419668
highest fitness' coverage:   44.69484812554401
highest fitness' collisions: 0.1195155883577215
new generation:  5303
Fittest                      43.46552237782723
highest fitness' coverage:   44.66067826140444
highest fitness' collisions: 0.11951558835772153
new generation:  5304
Fittest                      43.500248054801155
highest fitness' coverage:   44.69804045185548
highest fitness' collisions: 0.11977923970543282
new generation:  5305
Fittest                      43.491290793620436
highest fitness' coverage:   44.689083190674765
highest fitness' collisions: 0.11977923970543274
new generation:  5306
Fittest                      43.488072560253876
highest fitness' coverage:   44.685864957308205
highest fitness' collisions: 0.11977923970543279
new generation:  5307
Fittest                      43.49730445070863
highest fitness' coverage:   44.69509684776296
highest fitness' collisions: 0.1197792397054328
new generation:  5308
Fittest                      43.485078306753685
highest fitness' coverage:   44.682870703808014
highest fitness' collisions: 0.11977923970543272
new generation:  5309
Fittest                      43.493964461945176
highest fitness' coverage:   44.691756858999504
highest fitness' collisions: 0.11977923970543275
new generation:  5310
Fittest                      43.49415112146744
highest fitness' coverage:   44.676203689877106
highest fitness' collisions: 0.11820525684096653
new generation:  5311
Fittest                      43.500247275801726
highest fitness' coverage:   44.68229984421139
highest fitness' collisions: 0.11820525684096651
new generation:  5312
Fittest                      43.52215782605988
highest fitness' coverage:   44.70421039446955
highest fitness' collisions: 0.11820525684096651
new generation:  5313
Fittest                      43.51928467738866
highest fitness' coverage:   44.70133724579833
highest fitness' collisions: 0.11820525684096658
new generation:  5314
Fittest                      43.5012518524524
highest fitness' coverage:   44.683304420862065
highest fitness' collisions: 0.11820525684096647
new generation:  5315
Fittest                      43.51811967037189
highest fitness' coverage:   44.70484959019443
highest fitness' collisions: 0.11867299198225373
new generation:  5316
Fittest                      43.47670592830872
highest fitness' coverage:   44.66313906268324
highest fitness' collisions: 0.11864331343745271
new generation:  5317
Fittest                      43.44941654951884
highest fitness' coverage:   44.63584968389336
highest fitness' collisions: 0.11864331343745273
new generation:  5318
Fittest                      43.473517305656905
highest fitness' coverage:   44.65995044003143
highest fitness' collisions: 0.11864331343745256
new generation:  5319
Fittest                      43.47046082649441
highest fitness' coverage:   44.656893960868935
highest fitness' collisions: 0.11864331343745266
new generation:  5320
Fittest                      43.48054442295341
highest fitness' coverage:   44.67585427497221
highest fitness' collisions: 0.11953098520188012
new generation:  5321
Fittest                      43.48026936490743
highest fitness' coverage:   44.67557921692623
highest fitness' collisions: 0.11953098520188024
new generation:  5322
Fittest                      43.45890831061203
highest fitness' coverage:   44.65421816263083
highest fitness' collisions: 0.11953098520188016
new generation:  5323
Fittest                      43.47453810296005
highest fitness' coverage:   44.67587355083959
highest fitness' collisions: 0.12013354478795449
new generation:  5324
Fittest                      43.45029668330152
highest fitness' coverage:   44.65163213118106
highest fitness' collisions: 0.12013354478795443
new generation:  5325
Fittest                      43.45616982770417
highest fitness' coverage:   44.657505275583716
highest fitness' collisions: 0.12013354478795445
new generation:  5326
Fittest                      43.47424919915052
highest fitness' coverage:   44.675584647030064
highest fitness' collisions: 0.12013354478795452
new generation:  5327
Fittest                      43.46227946180627
highest fitness' coverage:   44.66361490968581
highest fitness' collisions: 0.12013354478795446
new generation:  5328
Fittest                      43.440430109535036
highest fitness' coverage:   44.64176555741458
highest fitness' collisions: 0.12013354478795446
new generation:  5329
Fittest                      43.45314069993722
highest fitness' coverage:   44.654476147816766
highest fitness' collisions: 0.12013354478795447
new generation:  5330
Fittest                      43.45162984282896
highest fitness' coverage:   44.6443905510972
highest fitness' collisions: 0.11927607082682438
new generation:  5331
Fittest                      43.47708830276619
highest fitness' coverage:   44.66984901103444
highest fitness' collisions: 0.11927607082682425
new generation:  5332
Fittest                      43.46403318571669
highest fitness' coverage:   44.65679389398493
highest fitness' collisions: 0.11927607082682438
new generation:  5333
Fittest                      43.47196889911461
highest fitness' coverage:   44.67196536121452
highest fitness' collisions: 0.11999964620999089
new generation:  5334
Fittest                      43.47085852528318
highest fitness' coverage:   44.67085498738309
highest fitness' collisions: 0.119999646209991
new generation:  5335
Fittest                      43.50190299735661
highest fitness' coverage:   44.699375254115125
highest fitness' collisions: 0.11974722567585196
new generation:  5336
Fittest                      43.49592685529962
highest fitness' coverage:   44.69339911205814
highest fitness' collisions: 0.11974722567585183
new generation:  5337
Fittest                      43.50558360458015
highest fitness' coverage:   44.70305586133867
highest fitness' collisions: 0.11974722567585183
new generation:  5338
Fittest                      43.51328426238954
highest fitness' coverage:   44.69409064128374
highest fitness' collisions: 0.1180806378894203
new generation:  5339
Fittest                      43.5008718938866
highest fitness' coverage:   44.6816782727808
highest fitness' collisions: 0.11808063788942028
new generation:  5340
Fittest                      43.537591864471864
highest fitness' coverage:   44.71839824336607
highest fitness' collisions: 0.1180806378894203
new generation:  5341
Fittest                      43.494385819612354
highest fitness' coverage:   44.67519219850656
highest fitness' collisions: 0.11808063788942028
new generation:  5342
Fittest                      43.503349708377726
highest fitness' coverage:   44.68415608727193
highest fitness' collisions: 0.11808063788942032
new generation:  5343
Fittest                      43.50674967197197
highest fitness' coverage:   44.68755605086617
highest fitness' collisions: 0.11808063788942023
new generation:  5344
Fittest                      43.52840259779154
highest fitness' coverage:   44.69722361398945
highest fitness' collisions: 0.11688210161979104
new generation:  5345
Fittest                      43.54508879590757
highest fitness' coverage:   44.71256084922289
highest fitness' collisions: 0.11674720533153193
new generation:  5346
Fittest                      43.53936332515202
highest fitness' coverage:   44.70683537846734
highest fitness' collisions: 0.11674720533153193
new generation:  5347
Fittest                      43.50369151190254
highest fitness' coverage:   44.66860842824754
highest fitness' collisions: 0.11649169163449977
new generation:  5348
Fittest                      43.516648444471755
highest fitness' coverage:   44.681565360816755
highest fitness' collisions: 0.11649169163449986
new generation:  5349
Fittest                      43.511241760855135
highest fitness' coverage:   44.676158677200135
highest fitness' collisions: 0.11649169163449981
new generation:  5350
Fittest                      43.522961677590345
highest fitness' coverage:   44.687878593935345
highest fitness' collisions: 0.11649169163449974
new generation:  5351
Fittest                      43.519647030249224
highest fitness' coverage:   44.684563946594224
highest fitness' collisions: 0.1164916916344997
new generation:  5352
Fittest                      43.55158682492322
highest fitness' coverage:   44.71650374126822
highest fitness' collisions: 0.11649169163449971
new generation:  5353
Fittest                      43.52910576746613
highest fitness' coverage:   44.69402268381113
highest fitness' collisions: 0.11649169163449981
new generation:  5354
Fittest                      43.510945653052445
highest fitness' coverage:   44.675862569397445
highest fitness' collisions: 0.11649169163449978
new generation:  5355
Fittest                      43.532666535611405
highest fitness' coverage:   44.697583451956405
highest fitness' collisions: 0.11649169163449975
new generation:  5356
Fittest                      43.51379290186421
highest fitness' coverage:   44.67870981820921
highest fitness' collisions: 0.11649169163449978
new generation:  5357
Fittest                      43.557956495265366
highest fitness' coverage:   44.722873411610365
highest fitness' collisions: 0.11649169163449984
new generation:  5358
Fittest                      43.51406938638516
highest fitness' coverage:   44.67898630273016
highest fitness' collisions: 0.1164916916344998
new generation:  5359
Fittest                      43.52456081436796
highest fitness' coverage:   44.684800379300086
highest fitness' collisions: 0.11602395649321258
new generation:  5360
Fittest                      43.521267176313685
highest fitness' coverage:   44.68150674124581
highest fitness' collisions: 0.11602395649321263
new generation:  5361
Fittest                      43.54061328468502
highest fitness' coverage:   44.70085284961715
highest fitness' collisions: 0.11602395649321254
new generation:  5362
Fittest                      43.5280383735841
highest fitness' coverage:   44.68827793851623
highest fitness' collisions: 0.11602395649321254
new generation:  5363
Fittest                      43.5280274255708
highest fitness' coverage:   44.688266990502925
highest fitness' collisions: 0.11602395649321262
new generation:  5364
Fittest                      43.53086208263668
highest fitness' coverage:   44.69110164756881
highest fitness' collisions: 0.11602395649321261
new generation:  5365
Fittest                      43.51217267555151
highest fitness' coverage:   44.67241224048364
highest fitness' collisions: 0.1160239564932126
new generation:  5366
Fittest                      43.5561174330574
highest fitness' coverage:   44.71635699798953
highest fitness' collisions: 0.11602395649321257
new generation:  5367
Fittest                      43.549564564523436
highest fitness' coverage:   44.70980412945556
highest fitness' collisions: 0.11602395649321257
new generation:  5368
Fittest                      43.549972122936396
highest fitness' coverage:   44.71021168786852
highest fitness' collisions: 0.11602395649321258
new generation:  5369
Fittest                      43.536108372790544
highest fitness' coverage:   44.69406986882258
highest fitness' collisions: 0.11579614960320353
new generation:  5370
Fittest                      43.53650739778534
highest fitness' coverage:   44.69446889381738
highest fitness' collisions: 0.11579614960320352
new generation:  5371
Fittest                      43.53939471885895
highest fitness' coverage:   44.69735621489099
highest fitness' collisions: 0.11579614960320349
new generation:  5372
Fittest                      43.52734570840682
highest fitness' coverage:   44.68530720443886
highest fitness' collisions: 0.11579614960320349
new generation:  5373
Fittest                      43.539533286282236
highest fitness' coverage:   44.69749478231427
highest fitness' collisions: 0.11579614960320342
new generation:  5374
Fittest                      43.55204985129552
highest fitness' coverage:   44.71001134732756
highest fitness' collisions: 0.11579614960320353
new generation:  5375
Fittest                      43.53310138228602
highest fitness' coverage:   44.69106287831806
highest fitness' collisions: 0.11579614960320354
new generation:  5376
Fittest                      43.5492120425311
highest fitness' coverage:   44.70717353856314
highest fitness' collisions: 0.11579614960320349
new generation:  5377
Fittest                      43.54870840720935
highest fitness' coverage:   44.706669903241384
highest fitness' collisions: 0.11579614960320352
new generation:  5378
Fittest                      43.54255466045592
highest fitness' coverage:   44.70051615648796
highest fitness' collisions: 0.11579614960320356
new generation:  5379
Fittest                      43.528157654834985
highest fitness' coverage:   44.68851246662342
highest fitness' collisions: 0.11603548117884396
new generation:  5380
Fittest                      43.55296363506754
highest fitness' coverage:   44.71331844685598
highest fitness' collisions: 0.11603548117884398
new generation:  5381
Fittest                      43.55294666827074
highest fitness' coverage:   44.71330148005918
highest fitness' collisions: 0.11603548117884405
new generation:  5382
Fittest                      43.5147553367393
highest fitness' coverage:   44.675110148527736
highest fitness' collisions: 0.11603548117884403
new generation:  5383
Fittest                      43.5495206982734
highest fitness' coverage:   44.70987551006184
highest fitness' collisions: 0.1160354811788441
new generation:  5384
Fittest                      43.530317555899536
highest fitness' coverage:   44.690672367687974
highest fitness' collisions: 0.11603548117884402
new generation:  5385
Fittest                      43.51221602864017
highest fitness' coverage:   44.67257084042861
highest fitness' collisions: 0.11603548117884416
new generation:  5386
Fittest                      43.558533997288336
highest fitness' coverage:   44.71286321321603
highest fitness' collisions: 0.11543292159276972
new generation:  5387
Fittest                      43.55873125033066
highest fitness' coverage:   44.713060466258355
highest fitness' collisions: 0.1154329215927697
new generation:  5388
Fittest                      43.55879051298532
highest fitness' coverage:   44.713119728913014
highest fitness' collisions: 0.11543292159276972
new generation:  5389
Fittest                      43.54277997966187
highest fitness' coverage:   44.69710919558957
highest fitness' collisions: 0.11543292159276967
new generation:  5390
Fittest                      43.52787799381746
highest fitness' coverage:   44.68220720974516
highest fitness' collisions: 0.11543292159276974
new generation:  5391
Fittest                      43.54349583160294
highest fitness' coverage:   44.697825047530635
highest fitness' collisions: 0.11543292159276965
new generation:  5392
Fittest                      43.571052009565626
highest fitness' coverage:   44.72538122549332
highest fitness' collisions: 0.11543292159276973
new generation:  5393
Fittest                      43.550309827229746
highest fitness' coverage:   44.70077556606682
highest fitness' collisions: 0.11504657388370687
new generation:  5394
Fittest                      43.51927586839574
highest fitness' coverage:   44.66974160723281
highest fitness' collisions: 0.11504657388370677
new generation:  5395
Fittest                      43.5441400017974
highest fitness' coverage:   44.69460574063447
highest fitness' collisions: 0.11504657388370676
new generation:  5396
Fittest                      43.549824910000304
highest fitness' coverage:   44.700290648837374
highest fitness' collisions: 0.11504657388370686
new generation:  5397
Fittest                      43.54709523846367
highest fitness' coverage:   44.69756097730074
highest fitness' collisions: 0.11504657388370684
new generation:  5398
Fittest                      43.55015271766389
highest fitness' coverage:   44.70061845650096
highest fitness' collisions: 0.1150465738837068
new generation:  5399
Fittest                      43.56430347292455
highest fitness' coverage:   44.71632170599488
highest fitness' collisions: 0.11520182330703259
new generation:  5400
Fittest                      43.545230535628896
highest fitness' coverage:   44.69724876869922
highest fitness' collisions: 0.11520182330703255
new generation:  5401
Fittest                      43.55204666532068
highest fitness' coverage:   44.70710873958206
highest fitness' collisions: 0.11550620742613806
new generation:  5402
Fittest                      43.54203548913936
highest fitness' coverage:   44.69709756340074
highest fitness' collisions: 0.11550620742613801
new generation:  5403
Fittest                      43.548727550615325
highest fitness' coverage:   44.703789624876705
highest fitness' collisions: 0.11550620742613808
new generation:  5404
Fittest                      43.533314440665976
highest fitness' coverage:   44.688376514927356
highest fitness' collisions: 0.11550620742613803
new generation:  5405
Fittest                      43.54586311510277
highest fitness' coverage:   44.70092518936415
highest fitness' collisions: 0.11550620742613808
new generation:  5406
Fittest                      43.53644366113233
highest fitness' coverage:   44.69150573539371
highest fitness' collisions: 0.11550620742613806
new generation:  5407
Fittest                      43.540425348090075
highest fitness' coverage:   44.68457667338809
highest fitness' collisions: 0.11441513252980082
new generation:  5408
Fittest                      43.53426473673228
highest fitness' coverage:   44.678416062030294
highest fitness' collisions: 0.11441513252980083
new generation:  5409
Fittest                      43.53428353448609
highest fitness' coverage:   44.678434859784105
highest fitness' collisions: 0.1144151325298008
new generation:  5410
Fittest                      43.5722237291461
highest fitness' coverage:   44.716375054444114
highest fitness' collisions: 0.1144151325298009
new generation:  5411
Fittest                      43.55789802998321
highest fitness' coverage:   44.71026067402936
highest fitness' collisions: 0.1152362644046149
new generation:  5412
Fittest                      43.53626397700028
highest fitness' coverage:   44.68862662104643
highest fitness' collisions: 0.11523626440461494
new generation:  5413
Fittest                      43.544814910582026
highest fitness' coverage:   44.697177554628176
highest fitness' collisions: 0.11523626440461493
new generation:  5414
Fittest                      43.52349557579148
highest fitness' coverage:   44.66609440685623
highest fitness' collisions: 0.11425988310647513
new generation:  5415
Fittest                      43.563941779258414
highest fitness' coverage:   44.70654061032317
highest fitness' collisions: 0.1142598831064751
new generation:  5416
Fittest                      43.54589027241032
highest fitness' coverage:   44.68848910347507
highest fitness' collisions: 0.1142598831064751
new generation:  5417
Fittest                      43.557969203216885
highest fitness' coverage:   44.70056803428164
highest fitness' collisions: 0.11425988310647511
new generation:  5418
Fittest                      43.54893865815546
highest fitness' coverage:   44.69153748922021
highest fitness' collisions: 0.11425988310647509
new generation:  5419
Fittest                      43.545715197380176
highest fitness' coverage:   44.68831402844493
highest fitness' collisions: 0.11425988310647511
new generation:  5420
Fittest                      43.55152940637257
highest fitness' coverage:   44.694128237437326
highest fitness' collisions: 0.11425988310647517
new generation:  5421
Fittest                      43.56363787299267
highest fitness' coverage:   44.706236704057424
highest fitness' collisions: 0.11425988310647514
new generation:  5422
Fittest                      43.567305434645206
highest fitness' coverage:   44.70990426570996
highest fitness' collisions: 0.1142598831064752
new generation:  5423
Fittest                      43.54657242317164
highest fitness' coverage:   44.69441932883889
highest fitness' collisions: 0.11478469056672491
new generation:  5424
Fittest                      43.537606147109706
highest fitness' coverage:   44.68545305277696
highest fitness' collisions: 0.11478469056672498
new generation:  5425
Fittest                      43.54024457879462
highest fitness' coverage:   44.68809148446187
highest fitness' collisions: 0.11478469056672488
new generation:  5426
Fittest                      43.52463974697996
highest fitness' coverage:   44.67248665264721
highest fitness' collisions: 0.11478469056672487
new generation:  5427
Fittest                      43.566645198277044
highest fitness' coverage:   44.70950572298817
highest fitness' collisions: 0.11428605247111259
new generation:  5428
Fittest                      43.55209762252963
highest fitness' coverage:   44.70649101276756
highest fitness' collisions: 0.11543933902379312
new generation:  5429
Fittest                      43.524449377222496
highest fitness' coverage:   44.67884276746043
highest fitness' collisions: 0.11543933902379316
new generation:  5430
Fittest                      43.55554155765189
highest fitness' coverage:   44.70993494788982
highest fitness' collisions: 0.11543933902379312
new generation:  5431
Fittest                      43.53053746716569
highest fitness' coverage:   44.68493085740363
highest fitness' collisions: 0.11543933902379319
new generation:  5432
Fittest                      43.56172155397411
highest fitness' coverage:   44.716114944212045
highest fitness' collisions: 0.11543933902379315
new generation:  5433
Fittest                      43.54920129299149
highest fitness' coverage:   44.70650463358898
highest fitness' collisions: 0.11573033405974861
new generation:  5434
Fittest                      43.53217131941195
highest fitness' coverage:   44.672801328272335
highest fitness' collisions: 0.11406300088603856
new generation:  5435
Fittest                      43.53853061089516
highest fitness' coverage:   44.67916061975554
highest fitness' collisions: 0.11406300088603855
new generation:  5436
Fittest                      43.535290978753736
highest fitness' coverage:   44.67592098761412
highest fitness' collisions: 0.1140630008860385
new generation:  5437
Fittest                      43.54116226971072
highest fitness' coverage:   44.6817922785711
highest fitness' collisions: 0.1140630008860385
new generation:  5438
Fittest                      43.53169510143084
highest fitness' coverage:   44.672325110291226
highest fitness' collisions: 0.1140630008860385
new generation:  5439
Fittest                      43.572621110421814
highest fitness' coverage:   44.7132511192822
highest fitness' collisions: 0.11406300088603845
new generation:  5440
Fittest                      43.564875686192956
highest fitness' coverage:   44.71331321528874
highest fitness' collisions: 0.11484375290957849
new generation:  5441
Fittest                      43.53695899349735
highest fitness' coverage:   44.68798865851235
highest fitness' collisions: 0.11510296650150013
new generation:  5442
Fittest                      43.540363207150364
highest fitness' coverage:   44.691392872165366
highest fitness' collisions: 0.11510296650150018
new generation:  5443
Fittest                      43.54012044395
highest fitness' coverage:   44.691150108965005
highest fitness' collisions: 0.11510296650150022
new generation:  5444
Fittest                      43.52463551946388
highest fitness' coverage:   44.67566518447888
highest fitness' collisions: 0.11510296650150019
new generation:  5445
Fittest                      43.55561378718894
highest fitness' coverage:   44.70664345220394
highest fitness' collisions: 0.11510296650150016
new generation:  5446
Fittest                      43.5278403863661
highest fitness' coverage:   44.678870051381104
highest fitness' collisions: 0.11510296650150022
new generation:  5447
Fittest                      43.558586305373915
highest fitness' coverage:   44.70961597038892
highest fitness' collisions: 0.11510296650150018
new generation:  5448
Fittest                      43.54989152196169
highest fitness' coverage:   44.70092118697669
highest fitness' collisions: 0.11510296650150018
new generation:  5449
Fittest                      43.52493365788709
highest fitness' coverage:   44.67596332290209
highest fitness' collisions: 0.11510296650150015
new generation:  5450
Fittest                      43.5342448063582
highest fitness' coverage:   44.685274471373205
highest fitness' collisions: 0.11510296650150013
new generation:  5451
Fittest                      43.553503236013526
highest fitness' coverage:   44.70681096992862
highest fitness' collisions: 0.1153307733915092
new generation:  5452
Fittest                      43.547365283694944
highest fitness' coverage:   44.700673017610036
highest fitness' collisions: 0.1153307733915093
new generation:  5453
Fittest                      43.53427186502939
highest fitness' coverage:   44.688357120202724
highest fitness' collisions: 0.11540852551733385
new generation:  5454
Fittest                      43.533980209337614
highest fitness' coverage:   44.68806546451095
highest fitness' collisions: 0.11540852551733384
new generation:  5455
Fittest                      43.51863264537436
highest fitness' coverage:   44.672717900547696
highest fitness' collisions: 0.11540852551733384
new generation:  5456
Fittest                      43.5497138955009
highest fitness' coverage:   44.703799150674236
highest fitness' collisions: 0.11540852551733387
new generation:  5457
Fittest                      43.537044075363845
highest fitness' coverage:   44.69112933053718
highest fitness' collisions: 0.11540852551733385
new generation:  5458
Fittest                      43.534378656088876
highest fitness' coverage:   44.68846391126221
highest fitness' collisions: 0.11540852551733378
new generation:  5459
Fittest                      43.51614139487069
highest fitness' coverage:   44.685174443337814
highest fitness' collisions: 0.11690330484671256
new generation:  5460
Fittest                      43.550426019591136
highest fitness' coverage:   44.7099566695144
highest fitness' collisions: 0.11595306499232624
new generation:  5461
Fittest                      43.5345004765521
highest fitness' coverage:   44.69403112647536
highest fitness' collisions: 0.11595306499232622
new generation:  5462
Fittest                      43.51923964844438
highest fitness' coverage:   44.678770298367645
highest fitness' collisions: 0.11595306499232623
new generation:  5463
Fittest                      43.538540481134724
highest fitness' coverage:   44.69428040202478
highest fitness' collisions: 0.1155739920890055
new generation:  5464
Fittest                      43.5219439856424
highest fitness' coverage:   44.68526968228275
highest fitness' collisions: 0.11633256966403467
new generation:  5465
Fittest                      43.536995741635984
highest fitness' coverage:   44.70032143827633
highest fitness' collisions: 0.1163325696640347
new generation:  5466
Fittest                      43.52803433035734
highest fitness' coverage:   44.69136002699769
highest fitness' collisions: 0.11633256966403471
new generation:  5467
Fittest                      43.52841690636621
highest fitness' coverage:   44.69174260300656
highest fitness' collisions: 0.11633256966403467
new generation:  5468
Fittest                      43.549336334913455
highest fitness' coverage:   44.712662031553805
highest fitness' collisions: 0.11633256966403463
new generation:  5469
Fittest                      43.52797189808385
highest fitness' coverage:   44.6912975947242
highest fitness' collisions: 0.11633256966403474
new generation:  5470
Fittest                      43.53679344999599
highest fitness' coverage:   44.70011914663634
highest fitness' collisions: 0.11633256966403471
new generation:  5471
Fittest                      43.524098818162365
highest fitness' coverage:   44.687424514802714
highest fitness' collisions: 0.11633256966403464
new generation:  5472
Fittest                      43.54297126379431
highest fitness' coverage:   44.706296960434656
highest fitness' collisions: 0.11633256966403464
new generation:  5473
Fittest                      43.5303745270462
highest fitness' coverage:   44.69370022368655
highest fitness' collisions: 0.11633256966403469
new generation:  5474
Fittest                      43.53372499877159
highest fitness' coverage:   44.69705069541194
highest fitness' collisions: 0.11633256966403464
new generation:  5475
Fittest                      43.53316873793966
highest fitness' coverage:   44.69649443458001
highest fitness' collisions: 0.11633256966403469
new generation:  5476
Fittest                      43.51774376747375
highest fitness' coverage:   44.6810694641141
highest fitness' collisions: 0.11633256966403466
new generation:  5477
Fittest                      43.5198827838221
highest fitness' coverage:   44.69088344095426
highest fitness' collisions: 0.11710006571321596
new generation:  5478
Fittest                      43.50753085887957
highest fitness' coverage:   44.67853151601173
highest fitness' collisions: 0.11710006571321595
new generation:  5479
Fittest                      43.519096348936685
highest fitness' coverage:   44.68542064370473
highest fitness' collisions: 0.11663242947680441
new generation:  5480
Fittest                      43.52236866465812
highest fitness' coverage:   44.68869295942616
highest fitness' collisions: 0.11663242947680438
new generation:  5481
Fittest                      43.49724568486684
highest fitness' coverage:   44.663569979634886
highest fitness' collisions: 0.11663242947680444
new generation:  5482
Fittest                      43.50350162199711
highest fitness' coverage:   44.669825916765156
highest fitness' collisions: 0.1166324294768044
new generation:  5483
Fittest                      43.51593652813107
highest fitness' coverage:   44.68226082289912
highest fitness' collisions: 0.11663242947680445
new generation:  5484
Fittest                      43.51384241737139
highest fitness' coverage:   44.696680102726724
highest fitness' collisions: 0.11828376853553284
new generation:  5485
Fittest                      43.491737823229684
highest fitness' coverage:   44.674575508585015
highest fitness' collisions: 0.11828376853553292
new generation:  5486
Fittest                      43.50725006440243
highest fitness' coverage:   44.69008774975776
highest fitness' collisions: 0.1182837685355329
new generation:  5487
Fittest                      43.50053743536668
highest fitness' coverage:   44.680981804965604
highest fitness' collisions: 0.11804443695989236
new generation:  5488
Fittest                      43.5036016547324
highest fitness' coverage:   44.68404602433132
highest fitness' collisions: 0.11804443695989235
new generation:  5489
Fittest                      43.4905489653036
highest fitness' coverage:   44.69685481751586
highest fitness' collisions: 0.12063058522122626
new generation:  5490
Fittest                      43.496717498620065
highest fitness' coverage:   44.703023350832325
highest fitness' collisions: 0.1206305852212263
new generation:  5491
Fittest                      43.49312710198544
highest fitness' coverage:   44.699432954197704
highest fitness' collisions: 0.12063058522122619
new generation:  5492
Fittest                      43.48380838457211
highest fitness' coverage:   44.69011423678437
highest fitness' collisions: 0.12063058522122633
new generation:  5493
Fittest                      43.496471148620344
highest fitness' coverage:   44.702777000832604
highest fitness' collisions: 0.12063058522122617
new generation:  5494
Fittest                      43.470604936886126
highest fitness' coverage:   44.68052426056802
highest fitness' collisions: 0.1209919323681894
new generation:  5495
Fittest                      43.49596247259669
highest fitness' coverage:   44.69979678921733
highest fitness' collisions: 0.12038343166206454
new generation:  5496
Fittest                      43.469813244392405
highest fitness' coverage:   44.67500950917451
highest fitness' collisions: 0.12051962647821056
new generation:  5497
Fittest                      43.485041334450095
highest fitness' coverage:   44.6902375992322
highest fitness' collisions: 0.1205196264782105
new generation:  5498
Fittest                      43.50982202426767
highest fitness' coverage:   44.71501828904977
highest fitness' collisions: 0.12051962647821056
new generation:  5499
Fittest                      43.50100684433523
highest fitness' coverage:   44.70620310911733
highest fitness' collisions: 0.12051962647821048
new generation:  5500
Fittest                      43.497397242461815
highest fitness' coverage:   44.70259350724392
highest fitness' collisions: 0.12051962647821055
new generation:  5501
Fittest                      43.47493570137487
highest fitness' coverage:   44.71175474275866
highest fitness' collisions: 0.12368190413837896
new generation:  5502
Fittest                      43.47213868669109
highest fitness' coverage:   44.70895772807488
highest fitness' collisions: 0.12368190413837901
new generation:  5503
Fittest                      43.46550941196411
highest fitness' coverage:   44.7023284533479
highest fitness' collisions: 0.12368190413837891
new generation:  5504
Fittest                      43.44172968965626
highest fitness' coverage:   44.68991236603442
highest fitness' collisions: 0.12481826763781584
new generation:  5505
Fittest                      43.444626320765856
highest fitness' coverage:   44.69280899714401
highest fitness' collisions: 0.1248182676378158
new generation:  5506
Fittest                      43.44788790820499
highest fitness' coverage:   44.69607058458315
highest fitness' collisions: 0.12481826763781573
new generation:  5507
Fittest                      43.397531808304166
highest fitness' coverage:   44.64571448468232
highest fitness' collisions: 0.1248182676378158
new generation:  5508
Fittest                      43.42644558481788
highest fitness' coverage:   44.68320300080734
highest fitness' collisions: 0.1256757415989459
new generation:  5509
Fittest                      43.42299075358986
highest fitness' coverage:   44.67974816957932
highest fitness' collisions: 0.1256757415989459
new generation:  5510
Fittest                      43.43293877910224
highest fitness' coverage:   44.689298087921145
highest fitness' collisions: 0.12563593088189068
new generation:  5511
Fittest                      43.44244443899938
highest fitness' coverage:   44.69880374781829
highest fitness' collisions: 0.12563593088189057
new generation:  5512
Fittest                      43.41498641968758
highest fitness' coverage:   44.67735484211026
highest fitness' collisions: 0.12623684224226828
new generation:  5513
Fittest                      43.41561133707919
highest fitness' coverage:   44.65211827688854
highest fitness' collisions: 0.12365069398093445
new generation:  5514
Fittest                      43.41919697722992
highest fitness' coverage:   44.65570391703927
highest fitness' collisions: 0.12365069398093442
new generation:  5515
Fittest                      43.47743170985398
highest fitness' coverage:   44.67694555509794
highest fitness' collisions: 0.11995138452439587
new generation:  5516
Fittest                      43.465467173399055
highest fitness' coverage:   44.66498101864301
highest fitness' collisions: 0.11995138452439578
new generation:  5517
Fittest                      43.46466823384738
highest fitness' coverage:   44.66418207909133
highest fitness' collisions: 0.11995138452439584
new generation:  5518
Fittest                      43.49678738741256
highest fitness' coverage:   44.696301232656516
highest fitness' collisions: 0.11995138452439577
new generation:  5519
Fittest                      43.48672940233319
highest fitness' coverage:   44.686243247577146
highest fitness' collisions: 0.11995138452439581
new generation:  5520
Fittest                      43.486392357874166
highest fitness' coverage:   44.68590620311812
highest fitness' collisions: 0.11995138452439581
new generation:  5521
Fittest                      43.46208807585429
highest fitness' coverage:   44.661601921098246
highest fitness' collisions: 0.11995138452439576
new generation:  5522
Fittest                      43.496470978324055
highest fitness' coverage:   44.69598482356801
highest fitness' collisions: 0.11995138452439576
new generation:  5523
Fittest                      43.486810549850205
highest fitness' coverage:   44.68632439509416
highest fitness' collisions: 0.1199513845243958
new generation:  5524
Fittest                      43.49901579387728
highest fitness' coverage:   44.69852963912123
highest fitness' collisions: 0.11995138452439574
new generation:  5525
Fittest                      43.49660589857619
highest fitness' coverage:   44.69611974382015
highest fitness' collisions: 0.11995138452439578
new generation:  5526
Fittest                      43.4837489505573
highest fitness' coverage:   44.683262795801255
highest fitness' collisions: 0.11995138452439585
new generation:  5527
Fittest                      43.51827029464303
highest fitness' coverage:   44.71778413988699
highest fitness' collisions: 0.11995138452439577
new generation:  5528
Fittest                      43.48095551390174
highest fitness' coverage:   44.6804693591457
highest fitness' collisions: 0.11995138452439577
new generation:  5529
Fittest                      43.48371249323667
highest fitness' coverage:   44.68322633848063
highest fitness' collisions: 0.11995138452439581
new generation:  5530
Fittest                      43.473218975193575
highest fitness' coverage:   44.686380706719426
highest fitness' collisions: 0.12131617315258476
new generation:  5531
Fittest                      43.46082551402546
highest fitness' coverage:   44.67398724555131
highest fitness' collisions: 0.12131617315258479
new generation:  5532
Fittest                      43.46682048680427
highest fitness' coverage:   44.67998221833012
highest fitness' collisions: 0.12131617315258487
new generation:  5533
Fittest                      43.472984174219775
highest fitness' coverage:   44.686145905745626
highest fitness' collisions: 0.12131617315258479
new generation:  5534
Fittest                      43.43547374110796
highest fitness' coverage:   44.64863547263381
highest fitness' collisions: 0.12131617315258476
new generation:  5535
Fittest                      43.47646755792204
highest fitness' coverage:   44.68962928944789
highest fitness' collisions: 0.12131617315258479
new generation:  5536
Fittest                      43.467131723796996
highest fitness' coverage:   44.68029345532285
highest fitness' collisions: 0.1213161731525848
new generation:  5537
Fittest                      43.46986059442144
highest fitness' coverage:   44.68302232594729
highest fitness' collisions: 0.12131617315258483
new generation:  5538
Fittest                      43.479420893669015
highest fitness' coverage:   44.692582625194866
highest fitness' collisions: 0.12131617315258475
new generation:  5539
Fittest                      43.47031184539475
highest fitness' coverage:   44.6834735769206
highest fitness' collisions: 0.1213161731525848
new generation:  5540
Fittest                      43.442143056506836
highest fitness' coverage:   44.65530478803269
highest fitness' collisions: 0.12131617315258479
new generation:  5541
Fittest                      43.454516113616485
highest fitness' coverage:   44.667677845142336
highest fitness' collisions: 0.12131617315258482
new generation:  5542
Fittest                      43.45211960407581
highest fitness' coverage:   44.66528133560166
highest fitness' collisions: 0.12131617315258479
new generation:  5543
Fittest                      43.454586381062356
highest fitness' coverage:   44.66774811258821
highest fitness' collisions: 0.1213161731525848
new generation:  5544
Fittest                      43.4734505352961
highest fitness' coverage:   44.68661226682195
highest fitness' collisions: 0.1213161731525848
new generation:  5545
Fittest                      43.46309260475237
highest fitness' coverage:   44.67391294372377
highest fitness' collisions: 0.12108203389714023
new generation:  5546
Fittest                      43.48115634719914
highest fitness' coverage:   44.65375287377078
highest fitness' collisions: 0.11725965265716372
new generation:  5547
Fittest                      43.50290825687669
highest fitness' coverage:   44.675504783448325
highest fitness' collisions: 0.11725965265716373
new generation:  5548
Fittest                      43.49294459758322
highest fitness' coverage:   44.665541124154856
highest fitness' collisions: 0.11725965265716382
new generation:  5549
Fittest                      43.50302116844854
highest fitness' coverage:   44.67561769502018
highest fitness' collisions: 0.11725965265716376
new generation:  5550
Fittest                      43.4844835457519
highest fitness' coverage:   44.65708007232354
highest fitness' collisions: 0.11725965265716376
new generation:  5551
Fittest                      43.50552867269713
highest fitness' coverage:   44.67842719444081
highest fitness' collisions: 0.11728985217436771
new generation:  5552
Fittest                      43.47777469936849
highest fitness' coverage:   44.650673221112164
highest fitness' collisions: 0.11728985217436773
new generation:  5553
Fittest                      43.496240990890826
highest fitness' coverage:   44.6691395126345
highest fitness' collisions: 0.1172898521743678
new generation:  5554
Fittest                      43.484131093127935
highest fitness' coverage:   44.65702961487161
highest fitness' collisions: 0.11728985217436783
new generation:  5555
Fittest                      43.480354108684494
highest fitness' coverage:   44.65325263042817
highest fitness' collisions: 0.11728985217436773
new generation:  5556
Fittest                      43.507400664517746
highest fitness' coverage:   44.67811142463747
highest fitness' collisions: 0.11707107601197282
new generation:  5557
Fittest                      43.51751568334664
highest fitness' coverage:   44.68822644346636
highest fitness' collisions: 0.11707107601197282
new generation:  5558
Fittest                      43.51733651175614
highest fitness' coverage:   44.68804727187587
highest fitness' collisions: 0.11707107601197284
new generation:  5559
Fittest                      43.495410841848354
highest fitness' coverage:   44.66612160196808
highest fitness' collisions: 0.11707107601197278
new generation:  5560
Fittest                      43.48599178662928
highest fitness' coverage:   44.65067695088826
highest fitness' collisions: 0.1164685164258984
new generation:  5561
Fittest                      43.50060131524899
highest fitness' coverage:   44.6813101356819
highest fitness' collisions: 0.11807088204329032
new generation:  5562
Fittest                      43.49768694640167
highest fitness' coverage:   44.678395766834576
highest fitness' collisions: 0.11807088204329019
new generation:  5563
Fittest                      43.52785622857445
highest fitness' coverage:   44.694082332504564
highest fitness' collisions: 0.11662261039301168
new generation:  5564
Fittest                      43.51025113531386
highest fitness' coverage:   44.659804767118466
highest fitness' collisions: 0.1149553631804606
new generation:  5565
Fittest                      43.51754139389399
highest fitness' coverage:   44.67864970369991
highest fitness' collisions: 0.11611083098059183
new generation:  5566
Fittest                      43.49575938394852
highest fitness' coverage:   44.656867693754435
highest fitness' collisions: 0.11611083098059186
new generation:  5567
Fittest                      43.51151649301799
highest fitness' coverage:   44.67262480282391
highest fitness' collisions: 0.11611083098059177
new generation:  5568
Fittest                      43.520574709462636
highest fitness' coverage:   44.681683019268554
highest fitness' collisions: 0.11611083098059176
new generation:  5569
Fittest                      43.50810690744393
highest fitness' coverage:   44.66921521724985
highest fitness' collisions: 0.11611083098059179
new generation:  5570
Fittest                      43.513649204754444
highest fitness' coverage:   44.65680509667238
highest fitness' collisions: 0.1143155891917935
new generation:  5571
Fittest                      43.550970931849285
highest fitness' coverage:   44.69412682376722
highest fitness' collisions: 0.1143155891917935
new generation:  5572
Fittest                      43.50430094811209
highest fitness' coverage:   44.65397544851014
highest fitness' collisions: 0.11496745003980487
new generation:  5573
Fittest                      43.5014655562696
highest fitness' coverage:   44.64716266219929
highest fitness' collisions: 0.11456971059296917
new generation:  5574
Fittest                      43.514710417942474
highest fitness' coverage:   44.660407523872166
highest fitness' collisions: 0.11456971059296914
new generation:  5575
Fittest                      43.54217376038917
highest fitness' coverage:   44.68787086631886
highest fitness' collisions: 0.11456971059296918
new generation:  5576
Fittest                      43.54237827704974
highest fitness' coverage:   44.688075382979434
highest fitness' collisions: 0.11456971059296911
new generation:  5577
Fittest                      43.50177304147275
highest fitness' coverage:   44.647470147402444
highest fitness' collisions: 0.11456971059296917
new generation:  5578
Fittest                      43.517365693187806
highest fitness' coverage:   44.6630627991175
highest fitness' collisions: 0.11456971059296912
new generation:  5579
Fittest                      43.535971547717274
highest fitness' coverage:   44.681668653646966
highest fitness' collisions: 0.11456971059296911
new generation:  5580
Fittest                      43.52352520455766
highest fitness' coverage:   44.66922231048735
highest fitness' collisions: 0.11456971059296911
new generation:  5581
Fittest                      43.5243813599148
highest fitness' coverage:   44.678456207286494
highest fitness' collisions: 0.11540748473716993
new generation:  5582
Fittest                      43.51494070382196
highest fitness' coverage:   44.66901555119366
highest fitness' collisions: 0.11540748473716993
new generation:  5583
Fittest                      43.51557706921231
highest fitness' coverage:   44.669651916584016
highest fitness' collisions: 0.11540748473717002
new generation:  5584
Fittest                      43.52167264642334
highest fitness' coverage:   44.675747493795036
highest fitness' collisions: 0.11540748473716994
new generation:  5585
Fittest                      43.52764163633223
highest fitness' coverage:   44.682032711469944
highest fitness' collisions: 0.11543910751377164
new generation:  5586
Fittest                      43.529863337607864
highest fitness' coverage:   44.68506602566536
highest fitness' collisions: 0.11552026880574943
new generation:  5587
Fittest                      43.52630150386368
highest fitness' coverage:   44.68150419192117
highest fitness' collisions: 0.11552026880574942
new generation:  5588
Fittest                      43.50775247690673
highest fitness' coverage:   44.662955164964224
highest fitness' collisions: 0.11552026880574953
new generation:  5589
Fittest                      43.523171657314045
highest fitness' coverage:   44.67837434537154
highest fitness' collisions: 0.11552026880574946
new generation:  5590
Fittest                      43.52314144101829
highest fitness' coverage:   44.67834412907578
highest fitness' collisions: 0.11552026880574949
new generation:  5591
Fittest                      43.526110204035604
highest fitness' coverage:   44.681312892093096
highest fitness' collisions: 0.11552026880574955
new generation:  5592
Fittest                      43.50756990539978
highest fitness' coverage:   44.68722600102077
highest fitness' collisions: 0.1179656095620991
new generation:  5593
Fittest                      43.51080311004941
highest fitness' coverage:   44.6904592056704
highest fitness' collisions: 0.11796560956209906
new generation:  5594
Fittest                      43.51015236279362
highest fitness' coverage:   44.68980845841461
highest fitness' collisions: 0.11796560956209912
new generation:  5595
Fittest                      43.51368055513936
highest fitness' coverage:   44.693456877203815
highest fitness' collisions: 0.11797763220644529
new generation:  5596
Fittest                      43.518119759390984
highest fitness' coverage:   44.69102265958609
highest fitness' collisions: 0.11729029001951057
new generation:  5597
Fittest                      43.51818997101555
highest fitness' coverage:   44.69109287121066
highest fitness' collisions: 0.11729029001951057
new generation:  5598
Fittest                      43.52096879763857
highest fitness' coverage:   44.69387169783367
highest fitness' collisions: 0.11729029001951055
new generation:  5599
Fittest                      43.52410445025872
highest fitness' coverage:   44.69700735045382
highest fitness' collisions: 0.11729029001951057
new generation:  5600
Fittest                      43.53047503038636
highest fitness' coverage:   44.7030828096588
highest fitness' collisions: 0.1172607779272439
new generation:  5601
Fittest                      43.53374683628607
highest fitness' coverage:   44.70635461555851
highest fitness' collisions: 0.11726077792724396
new generation:  5602
Fittest                      43.52731957993811
highest fitness' coverage:   44.69992735921055
highest fitness' collisions: 0.1172607779272439
new generation:  5603
Fittest                      43.518776141988575
highest fitness' coverage:   44.687416068607064
highest fitness' collisions: 0.11686399266184899
new generation:  5604
Fittest                      43.54342275050392
highest fitness' coverage:   44.71206267712241
highest fitness' collisions: 0.11686399266184896
new generation:  5605
Fittest                      43.53146944693625
highest fitness' coverage:   44.694043559470494
highest fitness' collisions: 0.11625741125342454
new generation:  5606
Fittest                      43.54998357474643
highest fitness' coverage:   44.71255768728067
highest fitness' collisions: 0.11625741125342451
new generation:  5607
Fittest                      43.52852922456025
highest fitness' coverage:   44.691103337094496
highest fitness' collisions: 0.11625741125342438
new generation:  5608
Fittest                      43.5719465986569
highest fitness' coverage:   44.734520711191145
highest fitness' collisions: 0.11625741125342448
new generation:  5609
Fittest                      43.53111009275872
highest fitness' coverage:   44.69368420529297
highest fitness' collisions: 0.11625741125342454
new generation:  5610
Fittest                      43.55279671798016
highest fitness' coverage:   44.7153708305144
highest fitness' collisions: 0.11625741125342448
new generation:  5611
Fittest                      43.54032823078089
highest fitness' coverage:   44.70290234331513
highest fitness' collisions: 0.1162574112534245
new generation:  5612
Fittest                      43.52501514868093
highest fitness' coverage:   44.68758926121517
highest fitness' collisions: 0.11625741125342443
new generation:  5613
Fittest                      43.53449364095162
highest fitness' coverage:   44.69726727971736
highest fitness' collisions: 0.11627736387657427
new generation:  5614
Fittest                      43.52480934373652
highest fitness' coverage:   44.68758298250226
highest fitness' collisions: 0.11627736387657414
new generation:  5615
Fittest                      43.55562907741442
highest fitness' coverage:   44.718402716180165
highest fitness' collisions: 0.11627736387657413
new generation:  5616
Fittest                      43.521029360001286
highest fitness' coverage:   44.70002878730039
highest fitness' collisions: 0.11789994272991021
new generation:  5617
Fittest                      43.50593483985507
highest fitness' coverage:   44.684934267154176
highest fitness' collisions: 0.11789994272991018
new generation:  5618
Fittest                      43.53401686292292
highest fitness' coverage:   44.712846245011114
highest fitness' collisions: 0.11788293820881984
new generation:  5619
Fittest                      43.52125592742168
highest fitness' coverage:   44.70008530950987
highest fitness' collisions: 0.11788293820881982
new generation:  5620
Fittest                      43.52389587905864
highest fitness' coverage:   44.70272526114684
highest fitness' collisions: 0.1178829382088198
new generation:  5621
Fittest                      43.56637148655869
highest fitness' coverage:   44.73132141707101
highest fitness' collisions: 0.11649499305123226
new generation:  5622
Fittest                      43.550546345406076
highest fitness' coverage:   44.7154962759184
highest fitness' collisions: 0.11649499305123222
new generation:  5623
Fittest                      43.54907276615003
highest fitness' coverage:   44.69735022453685
highest fitness' collisions: 0.1148277458386812
new generation:  5624
Fittest                      43.52392166540633
highest fitness' coverage:   44.67219912379314
highest fitness' collisions: 0.11482774583868119
new generation:  5625
Fittest                      43.56693608411023
highest fitness' coverage:   44.71521354249705
highest fitness' collisions: 0.1148277458386812
new generation:  5626
Fittest                      43.548897799153096
highest fitness' coverage:   44.69717525753991
highest fitness' collisions: 0.11482774583868122
new generation:  5627
Fittest                      43.56084751930059
highest fitness' coverage:   44.7091249776874
highest fitness' collisions: 0.11482774583868129
new generation:  5628
Fittest                      43.561483736938904
highest fitness' coverage:   44.70976119532572
highest fitness' collisions: 0.11482774583868122
new generation:  5629
Fittest                      43.561166400268306
highest fitness' coverage:   44.70944385865512
highest fitness' collisions: 0.1148277458386812
new generation:  5630
Fittest                      43.56071094586968
highest fitness' coverage:   44.708988404256495
highest fitness' collisions: 0.11482774583868116
new generation:  5631
Fittest                      43.545516979620736
highest fitness' coverage:   44.693794438007544
highest fitness' collisions: 0.1148277458386811
new generation:  5632
Fittest                      43.539097735927356
highest fitness' coverage:   44.68737519431417
highest fitness' collisions: 0.11482774583868116
new generation:  5633
Fittest                      43.57955538883249
highest fitness' coverage:   44.727832847219304
highest fitness' collisions: 0.11482774583868124
new generation:  5634
Fittest                      43.57067963143095
highest fitness' coverage:   44.71895708981776
highest fitness' collisions: 0.11482774583868119
new generation:  5635
Fittest                      43.57682634689954
highest fitness' coverage:   44.72510380528635
highest fitness' collisions: 0.11482774583868116
new generation:  5636
Fittest                      43.53917764291097
highest fitness' coverage:   44.687455101297786
highest fitness' collisions: 0.11482774583868119
new generation:  5637
Fittest                      43.53951827418805
highest fitness' coverage:   44.68779573257486
highest fitness' collisions: 0.11482774583868123
new generation:  5638
Fittest                      43.56363472462324
highest fitness' coverage:   44.71248737538734
highest fitness' collisions: 0.11488526507640999
new generation:  5639
Fittest                      43.55716721705171
highest fitness' coverage:   44.70601986781581
highest fitness' collisions: 0.11488526507641003
new generation:  5640
Fittest                      43.55140660921681
highest fitness' coverage:   44.70025925998091
highest fitness' collisions: 0.11488526507641
new generation:  5641
Fittest                      43.53263080814043
highest fitness' coverage:   44.68148345890453
highest fitness' collisions: 0.11488526507640998
new generation:  5642
Fittest                      43.55745022017088
highest fitness' coverage:   44.70630287093498
highest fitness' collisions: 0.11488526507641002
new generation:  5643
Fittest                      43.560460279762665
highest fitness' coverage:   44.715538903364745
highest fitness' collisions: 0.11550786236020773
new generation:  5644
Fittest                      43.58256347488176
highest fitness' coverage:   44.73764209848384
highest fitness' collisions: 0.1155078623602078
new generation:  5645
Fittest                      43.55114669541357
highest fitness' coverage:   44.70622531901565
highest fitness' collisions: 0.11550786236020776
new generation:  5646
Fittest                      43.55681786951119
highest fitness' coverage:   44.71254778537827
highest fitness' collisions: 0.11557299158670802
new generation:  5647
Fittest                      43.53502433093101
highest fitness' coverage:   44.690754246798086
highest fitness' collisions: 0.11557299158670793
new generation:  5648
Fittest                      43.538379669839784
highest fitness' coverage:   44.69410958570686
highest fitness' collisions: 0.11557299158670802
new generation:  5649
Fittest                      43.52904953473964
highest fitness' coverage:   44.68477945060672
highest fitness' collisions: 0.11557299158670797
new generation:  5650
Fittest                      43.54885810368308
highest fitness' coverage:   44.70303890111602
highest fitness' collisions: 0.11541807974329335
new generation:  5651
Fittest                      43.54935559590445
highest fitness' coverage:   44.70353639333739
highest fitness' collisions: 0.11541807974329327
new generation:  5652
Fittest                      43.542848546493666
highest fitness' coverage:   44.6970293439266
highest fitness' collisions: 0.11541807974329332
new generation:  5653
Fittest                      43.544804469312496
highest fitness' coverage:   44.70010728519973
highest fitness' collisions: 0.11553028158872351
new generation:  5654
Fittest                      43.54829519480776
highest fitness' coverage:   44.70359801069499
highest fitness' collisions: 0.1155302815887235
new generation:  5655
Fittest                      43.541671170944184
highest fitness' coverage:   44.696973986831416
highest fitness' collisions: 0.11553028158872355
new generation:  5656
Fittest                      43.541502068151665
highest fitness' coverage:   44.6968048840389
highest fitness' collisions: 0.11553028158872357
new generation:  5657
Fittest                      43.5681691827979
highest fitness' coverage:   44.72502111711928
highest fitness' collisions: 0.11568519343213822
new generation:  5658
Fittest                      43.53058086673715
highest fitness' coverage:   44.68743280105853
highest fitness' collisions: 0.1156851934321382
new generation:  5659
Fittest                      43.5368490775778
highest fitness' coverage:   44.69370101189918
highest fitness' collisions: 0.11568519343213822
new generation:  5660
Fittest                      43.54619883080957
highest fitness' coverage:   44.70305076513095
highest fitness' collisions: 0.11568519343213822
new generation:  5661
Fittest                      43.53742730880384
highest fitness' coverage:   44.69427924312522
highest fitness' collisions: 0.1156851934321382
new generation:  5662
Fittest                      43.558411237529306
highest fitness' coverage:   44.71526317185069
highest fitness' collisions: 0.11568519343213816
new generation:  5663
Fittest                      43.57098378862462
highest fitness' coverage:   44.727835722946004
highest fitness' collisions: 0.11568519343213822
new generation:  5664
Fittest                      43.55001454679318
highest fitness' coverage:   44.70686648111456
highest fitness' collisions: 0.11568519343213823
new generation:  5665
Fittest                      43.550756420533524
highest fitness' coverage:   44.7064863364006
highest fitness' collisions: 0.11557299158670789
new generation:  5666
Fittest                      43.5472222996239
highest fitness' coverage:   44.702097209001586
highest fitness' collisions: 0.11548749093776871
new generation:  5667
Fittest                      43.55099285263273
highest fitness' coverage:   44.70494897465833
highest fitness' collisions: 0.11539561220255962
new generation:  5668
Fittest                      43.54476830122692
highest fitness' coverage:   44.698724423252514
highest fitness' collisions: 0.11539561220255963
new generation:  5669
Fittest                      43.5198005314167
highest fitness' coverage:   44.6737566534423
highest fitness' collisions: 0.11539561220255969
new generation:  5670
Fittest                      43.55426229091836
highest fitness' coverage:   44.70821841294396
highest fitness' collisions: 0.11539561220255964
new generation:  5671
Fittest                      43.551102519210176
highest fitness' coverage:   44.70505864123577
highest fitness' collisions: 0.1153956122025597
new generation:  5672
Fittest                      43.53109302060862
highest fitness' coverage:   44.67974195714833
highest fitness' collisions: 0.114864893653971
new generation:  5673
Fittest                      43.572288053125135
highest fitness' coverage:   44.72062796012159
highest fitness' collisions: 0.11483399069964584
new generation:  5674
Fittest                      43.54412178956407
highest fitness' coverage:   44.692461696560535
highest fitness' collisions: 0.11483399069964588
new generation:  5675
Fittest                      43.546839257384136
highest fitness' coverage:   44.69517916438059
highest fitness' collisions: 0.11483399069964575
new generation:  5676
Fittest                      43.56296647605545
highest fitness' coverage:   44.71130638305191
highest fitness' collisions: 0.11483399069964585
new generation:  5677
Fittest                      43.55910864452373
highest fitness' coverage:   44.69887381190889
highest fitness' collisions: 0.11397651673851569
new generation:  5678
Fittest                      43.5742010643764
highest fitness' coverage:   44.71396623176156
highest fitness' collisions: 0.11397651673851567
new generation:  5679
Fittest                      43.533723056785504
highest fitness' coverage:   44.67348822417066
highest fitness' collisions: 0.11397651673851564
new generation:  5680
Fittest                      43.525042010607756
highest fitness' coverage:   44.66480717799291
highest fitness' collisions: 0.11397651673851568
new generation:  5681
Fittest                      43.548965771607726
highest fitness' coverage:   44.70171386736711
highest fitness' collisions: 0.11527480957593846
new generation:  5682
Fittest                      43.55813421892638
highest fitness' coverage:   44.71088231468576
highest fitness' collisions: 0.11527480957593851
new generation:  5683
Fittest                      43.530409296942146
highest fitness' coverage:   44.68981973996872
highest fitness' collisions: 0.1159410443026575
new generation:  5684
Fittest                      43.54589226223137
highest fitness' coverage:   44.70530270525794
highest fitness' collisions: 0.11594104430265749
new generation:  5685
Fittest                      43.551783497463724
highest fitness' coverage:   44.7111939404903
highest fitness' collisions: 0.11594104430265749
new generation:  5686
Fittest                      43.53328559374074
highest fitness' coverage:   44.692696036767316
highest fitness' collisions: 0.11594104430265745
new generation:  5687
Fittest                      43.53079898364076
highest fitness' coverage:   44.69020942666733
highest fitness' collisions: 0.11594104430265743
new generation:  5688
Fittest                      43.52395168646555
highest fitness' coverage:   44.683362129492124
highest fitness' collisions: 0.11594104430265752
new generation:  5689
Fittest                      43.54879976540867
highest fitness' coverage:   44.70821020843524
highest fitness' collisions: 0.1159410443026575
new generation:  5690
Fittest                      43.53978169668838
highest fitness' coverage:   44.698992613483455
highest fitness' collisions: 0.11592109167950788
new generation:  5691
Fittest                      43.530501543343384
highest fitness' coverage:   44.68971246013846
highest fitness' collisions: 0.11592109167950779
new generation:  5692
Fittest                      43.56459208148103
highest fitness' coverage:   44.723802998276106
highest fitness' collisions: 0.1159210916795078
new generation:  5693
Fittest                      43.4962332084586
highest fitness' coverage:   44.65544412525367
highest fitness' collisions: 0.11592109167950779
new generation:  5694
Fittest                      43.523952600982284
highest fitness' coverage:   44.68316351777736
highest fitness' collisions: 0.1159210916795078
new generation:  5695
Fittest                      43.5302529965171
highest fitness' coverage:   44.689463913312174
highest fitness' collisions: 0.11592109167950782
new generation:  5696
Fittest                      43.545251540676524
highest fitness' coverage:   44.7044624574716
highest fitness' collisions: 0.11592109167950784
new generation:  5697
Fittest                      43.545683612043476
highest fitness' coverage:   44.70489452883855
highest fitness' collisions: 0.1159210916795078
new generation:  5698
Fittest                      43.505460994605215
highest fitness' coverage:   44.66467191140029
highest fitness' collisions: 0.11592109167950786
new generation:  5699
Fittest                      43.54252790273249
highest fitness' coverage:   44.70173881952757
highest fitness' collisions: 0.11592109167950788
new generation:  5700
Fittest                      43.52129109450355
highest fitness' coverage:   44.68050201129863
highest fitness' collisions: 0.11592109167950786
new generation:  5701
Fittest                      43.52737603610838
highest fitness' coverage:   44.686586952903454
highest fitness' collisions: 0.11592109167950784
new generation:  5702
Fittest                      43.518056541033744
highest fitness' coverage:   44.67726745782882
highest fitness' collisions: 0.11592109167950783
new generation:  5703
Fittest                      43.56144393012393
highest fitness' coverage:   44.720654846919004
highest fitness' collisions: 0.11592109167950783
new generation:  5704
Fittest                      43.54547706613232
highest fitness' coverage:   44.704687982927396
highest fitness' collisions: 0.11592109167950779
new generation:  5705
Fittest                      43.535651884603055
highest fitness' coverage:   44.70480983343614
highest fitness' collisions: 0.11691579488330814
new generation:  5706
Fittest                      43.53881079506387
highest fitness' coverage:   44.70796874389695
highest fitness' collisions: 0.11691579488330812
new generation:  5707
Fittest                      43.53585687201353
highest fitness' coverage:   44.705014820846614
highest fitness' collisions: 0.11691579488330811
new generation:  5708
Fittest                      43.548382367820714
highest fitness' coverage:   44.717540316653796
highest fitness' collisions: 0.1169157948833081
new generation:  5709
Fittest                      43.536025046157185
highest fitness' coverage:   44.70518299499027
highest fitness' collisions: 0.1169157948833081
new generation:  5710
Fittest                      43.54618074992384
highest fitness' coverage:   44.72083883637259
highest fitness' collisions: 0.11746580864487483
new generation:  5711
Fittest                      43.54626911357502
highest fitness' coverage:   44.72092720002377
highest fitness' collisions: 0.11746580864487485
new generation:  5712
Fittest                      43.53993565241056
highest fitness' coverage:   44.714593738859314
highest fitness' collisions: 0.11746580864487491
new generation:  5713
Fittest                      43.52479269703977
highest fitness' coverage:   44.69945078348852
highest fitness' collisions: 0.11746580864487485
new generation:  5714
Fittest                      43.552050610916325
highest fitness' coverage:   44.726708697365076
highest fitness' collisions: 0.11746580864487488
new generation:  5715
Fittest                      43.52446851614098
highest fitness' coverage:   44.69912660258973
highest fitness' collisions: 0.11746580864487488
new generation:  5716
Fittest                      43.54602861165745
highest fitness' coverage:   44.7206866981062
highest fitness' collisions: 0.11746580864487481
new generation:  5717
Fittest                      43.542718753961275
highest fitness' coverage:   44.717376840410026
highest fitness' collisions: 0.11746580864487488
new generation:  5718
Fittest                      43.517226104991074
highest fitness' coverage:   44.70207293572755
highest fitness' collisions: 0.11848468307364775
new generation:  5719
Fittest                      43.526521772587614
highest fitness' coverage:   44.69577497411117
highest fitness' collisions: 0.11692532015235509
new generation:  5720
Fittest                      43.51981167080531
highest fitness' coverage:   44.68941968571809
highest fitness' collisions: 0.1169608014912785
new generation:  5721
Fittest                      43.56053297998927
highest fitness' coverage:   44.73014099490205
highest fitness' collisions: 0.11696080149127852
new generation:  5722
Fittest                      43.565037651399905
highest fitness' coverage:   44.73286738690265
highest fitness' collisions: 0.11678297355027452
new generation:  5723
Fittest                      43.543361284544005
highest fitness' coverage:   44.71119102004675
highest fitness' collisions: 0.11678297355027453
new generation:  5724
Fittest                      43.52521146017553
highest fitness' coverage:   44.69304119567827
highest fitness' collisions: 0.11678297355027452
new generation:  5725
Fittest                      43.55318297448319
highest fitness' coverage:   44.72101270998594
highest fitness' collisions: 0.11678297355027462
new generation:  5726
Fittest                      43.546880748706734
highest fitness' coverage:   44.714710484209476
highest fitness' collisions: 0.11678297355027456
new generation:  5727
Fittest                      43.55637503772522
highest fitness' coverage:   44.7236843300555
highest fitness' collisions: 0.1167309292330283
new generation:  5728
Fittest                      43.53133691960982
highest fitness' coverage:   44.6986462119401
highest fitness' collisions: 0.1167309292330283
new generation:  5729
Fittest                      43.534696734674284
highest fitness' coverage:   44.702006027004565
highest fitness' collisions: 0.1167309292330283
new generation:  5730
Fittest                      43.54730151602545
highest fitness' coverage:   44.71461080835573
highest fitness' collisions: 0.11673092923302825
new generation:  5731
Fittest                      43.5471583538445
highest fitness' coverage:   44.71446764617478
highest fitness' collisions: 0.11673092923302829
new generation:  5732
Fittest                      43.55027255173684
highest fitness' coverage:   44.71758184406712
highest fitness' collisions: 0.1167309292330283
new generation:  5733
Fittest                      43.567125676535994
highest fitness' coverage:   44.72424622457855
highest fitness' collisions: 0.11571205480425537
new generation:  5734
Fittest                      43.55407944132024
highest fitness' coverage:   44.71142386147665
highest fitness' collisions: 0.11573444201564105
new generation:  5735
Fittest                      43.54164851573142
highest fitness' coverage:   44.69899293588783
highest fitness' collisions: 0.11573444201564108
new generation:  5736
Fittest                      43.550489999878785
highest fitness' coverage:   44.7078344200352
highest fitness' collisions: 0.11573444201564115
new generation:  5737
Fittest                      43.54484025855179
highest fitness' coverage:   44.7021846787082
highest fitness' collisions: 0.11573444201564108
new generation:  5738
Fittest                      43.55415404710925
highest fitness' coverage:   44.71149846726566
highest fitness' collisions: 0.11573444201564102
new generation:  5739
Fittest                      43.54474257343266
highest fitness' coverage:   44.70208699358907
highest fitness' collisions: 0.11573444201564102
new generation:  5740
Fittest                      43.52489337259462
highest fitness' coverage:   44.65949130754214
highest fitness' collisions: 0.1134597934947518
new generation:  5741
Fittest                      43.541146275590414
highest fitness' coverage:   44.6753893971487
highest fitness' collisions: 0.11342431215582843
new generation:  5742
Fittest                      43.55043003144393
highest fitness' coverage:   44.684673153002215
highest fitness' collisions: 0.11342431215582845
new generation:  5743
Fittest                      43.55695430342761
highest fitness' coverage:   44.691197424985894
highest fitness' collisions: 0.1134243121558285
new generation:  5744
Fittest                      43.55055087903695
highest fitness' coverage:   44.68479400059523
highest fitness' collisions: 0.11342431215582846
new generation:  5745
Fittest                      43.59053899968684
highest fitness' coverage:   44.71837879808816
highest fitness' collisions: 0.11278397984013158
new generation:  5746
Fittest                      43.55654127649157
highest fitness' coverage:   44.68438107489289
highest fitness' collisions: 0.11278397984013154
new generation:  5747
Fittest                      43.559777647170364
highest fitness' coverage:   44.68761744557168
highest fitness' collisions: 0.11278397984013158
new generation:  5748
Fittest                      43.565790460505404
highest fitness' coverage:   44.69363025890672
highest fitness' collisions: 0.11278397984013158
new generation:  5749
Fittest                      43.556560350841806
highest fitness' coverage:   44.684400149243125
highest fitness' collisions: 0.11278397984013165
new generation:  5750
Fittest                      43.55037650808587
highest fitness' coverage:   44.67821630648719
highest fitness' collisions: 0.11278397984013153
new generation:  5751
Fittest                      43.55676530483255
highest fitness' coverage:   44.68460510323387
highest fitness' collisions: 0.11278397984013157
new generation:  5752
Fittest                      43.5564689729203
highest fitness' coverage:   44.68430877132162
highest fitness' collisions: 0.11278397984013155
new generation:  5753
Fittest                      43.55322660140562
highest fitness' coverage:   44.68106639980694
highest fitness' collisions: 0.11278397984013158
new generation:  5754
Fittest                      43.56594713990841
highest fitness' coverage:   44.69378693830973
highest fitness' collisions: 0.11278397984013158
new generation:  5755
Fittest                      43.550154698291585
highest fitness' coverage:   44.677994496692904
highest fitness' collisions: 0.1127839798401316
new generation:  5756
Fittest                      43.56000627821512
highest fitness' coverage:   44.68784607661644
highest fitness' collisions: 0.11278397984013151
new generation:  5757
Fittest                      43.55940090673451
highest fitness' coverage:   44.68724070513583
highest fitness' collisions: 0.11278397984013157
new generation:  5758
Fittest                      43.55709247437365
highest fitness' coverage:   44.68719928138346
highest fitness' collisions: 0.1130106807009811
new generation:  5759
Fittest                      43.572565832874695
highest fitness' coverage:   44.702672639884504
highest fitness' collisions: 0.11301068070098114
new generation:  5760
Fittest                      43.56992934954909
highest fitness' coverage:   44.7000361565589
highest fitness' collisions: 0.11301068070098116
Ran out of time after 5761 generations.
final generation
highest fitness:             43.569415329696454
highest fitness' coverage:   44.699522136706264
highest fitness' collisions: 0.1130106807009812

Left joystick: {
    "4LL": [
        "L W",
        "IH N D",
    ],
    "2L": [
        "F",
        "H",
    ],
    "3R": [
        "AO S T R",
        "IH N K R",
        "F R",
    ],
    "5R": [
        "H",
        "AH B",
        "AH D",
    ],
    "7L": [
        "S S",
        "K W",
        "T G",
        "R S P",
    ],
    "1RR": [
        "R",
    ],
    "6R": [
        "S",
        "AO",
    ],
    "4": [
        "IH G Z",
        "R P R Z",
        "B T W",
        "K M",
    ],
    "6RR": [
        "T",
    ],
    "5LL": [
        "K N",
        "IH K S T",
        "IH M",
        "H",
    ],
    "4RR": [
        "G",
        "",
    ],
    "4L": [
        "L",
    ],
    "3L": [
        "HH",
    ],
    "3LL": [
        "H J",
        "JH",
    ],
    "8L": [
        "N",
    ],
    "7RR": [
        "R Y",
        "IH N T R N",
        "AO S T R",
        "M N",
    ],
    "8R": [
        "D",
    ],
    "7LL": [
        "P R D",
        "",
        "AH N D R S T",
        "Y",
    ],
    "1LL": [
        "T R",
    ],
    "3RR": [
        "IH N",
        "UW",
        "Z",
    ],
    "7R": [
        "D S",
        "",
        "AE K S",
        "G N",
        "B K",
        "H G",
    ],
    "5RR": [
        "AA P R",
        "B R",
    ],
    "8RR": [
        "IH",
        "AH N T",
        "P L",
    ],
    "1": [
        "UH R S",
        "AH N",
        "K N T R",
        "K S",
    ],
    "2R": [
        "TH",
        "HH M S",
        "",
    ],
    "2": [
        "A",
        "N S",
        "P L Y",
        "IH K S",
        "IH F",
        "AO R G N Z",
    ],
    "1R": [
        "AO S T R",
        "K R",
    ],
    "5": [
        "N T",
        "CH",
    ],
    "8": [
        "S T",
        "AE D V",
    ],
    "6": [
        "P",
        "H",
        "H",
    ],
    "7": [
        "B",
    ],
    "4R": [
        "K",
        "UW N V",
    ],
    "2RR": [
        "P R",
        "H",
    ],
    "6LL": [
        "M",
    ],
    "8LL": [
        "I",
        "W",
    ],
    "1L": [
        "H",
        "G R",
    ],
    "5L": [
        "S T R",
        "AH S P",
        "H K S",
        "AH",
    ],
    "6L": [
        "SH",
    ],
    "3": [
        "H",
        "K L",
        "K S P",
        "AY D",
    ],
    "2LL": [
        "V",
        "A",
    ],
}

Right joystick: {
    "1": [
        "V R Y W N",
        "N T UW",
        "R Y",
    ],
    "5RR": [
        "H",
        "R Y N S",
        "F",
    ],
    "7LL": [
        "L Y",
        "",
    ],
    "6R": [
        "K",
    ],
    "1LL": [
        "SH",
    ],
    "2R": [
        "D",
        "",
        "",
    ],
    "3": [
        "N Y TH NG",
        "R SS",
        "D Y O",
        "V R Y TH NG",
        "K CH W L Y",
    ],
    "8L": [
        "P",
    ],
    "2RR": [
        "V R Y TH NG",
        "N Y TH NG",
        "O",
        "B",
        "L T Y SS",
    ],
    "4R": [
        "T K L",
        "L S OW",
        "R D",
    ],
    "4LL": [
        "L SS",
    ],
    "7RR": [
        "",
        "L",
        "",
        "",
    ],
    "3RR": [
        "N SS",
        "M B",
        "J",
    ],
    "3L": [
        "L T",
        "Y N",
    ],
    "8RR": [
        "JH",
    ],
    "4": [
        "L D",
        "",
    ],
    "1L": [
        "R S T Y",
        "A",
        "K T",
    ],
    "1RR": [
        "N S",
        "R T M N T",
        "",
    ],
    "3R": [
        "Z",
    ],
    "5": [
        "C",
        "TH",
        "",
        "P SH N",
        "N SH L",
        "L P M N T",
    ],
    "7R": [
        "N T",
    ],
    "6RR": [
        "H K",
        "M",
        "",
    ],
    "5L": [
        "",
        "N D",
    ],
    "7": [
        "V",
        "L JH Y",
    ],
    "2L": [
        "SS",
    ],
    "2LL": [
        "N",
    ],
    "8": [
        "R M",
        "M N T",
        "",
    ],
    "4L": [
        "V R Y TH NG",
        "R T",
        "UW",
        "Z D N T",
    ],
    "7L": [
        "S T",
    ],
    "5R": [
        "",
        "",
        "S",
    ],
    "6": [
        "N SH N",
        "S CH N",
        "N Y TH NG",
        "Y",
        "M P N Y",
    ],
    "6L": [
        "AH SS",
        "R N",
    ],
    "8LL": [
        "L M S T",
        "NG",
    ],
    "3LL": [
        "B L",
    ],
    "5LL": [
        "R",
    ],
    "4RR": [
        "V R Y TH NG",
        "T",
        "",
    ],
    "1R": [
        "G",
        "",
    ],
    "8R": [
        "OW",
        "K SH N",
        "ZH",
    ],
    "6LL": [
        "CH",
    ],
    "2": [
        "SH N L",
        "L S OW",
        "M P L",
        "G S T",
        "K CH R",
        "AH",
    ],
}
